rank,ad_rank,molecule_chembl_id,pref_name,smiles,PS,in_ad,max_train_sim,p_ABL1,p_c-KIT,p_PDGFRB
1,1.0,CHEMBL2105708,PONATINIB HYDROCHLORIDE,Cc1ccc(C(=O)Nc2ccc(CN3CCN(C)CC3)c(C(F)(F)F)c2)cc1C#Cc1cnc2cccnn12.Cl,0.9967,True,0.933,0.9997,0.9987,0.9916
2,2.0,CHEMBL1171837,PONATINIB,Cc1ccc(C(=O)Nc2ccc(CN3CCN(C)CC3)c(C(F)(F)F)c2)cc1C#Cc1cnc2cccnn12,0.9965,True,0.946,0.9996,0.9987,0.9912
3,3.0,CHEMBL2105737,SONIDEGIB,Cc1c(C(=O)Nc2ccc(N3C[C@@H](C)O[C@@H](C)C3)nc2)cccc1-c1ccc(OC(F)(F)F)cc1,0.9949,True,0.472,0.9997,0.9935,0.9914
4,4.0,CHEMBL3137317,SONIDEGIB PHOSPHATE,Cc1c(C(=O)Nc2ccc(N3C[C@@H](C)O[C@@H](C)C3)nc2)cccc1-c1ccc(OC(F)(F)F)cc1.O=P(O)(O)O.O=P(O)(O)O,0.9904,True,0.453,0.9995,0.9924,0.9794
5,5.0,CHEMBL4297220,ASCIMINIB HYDROCHLORIDE,Cl.O=C(Nc1ccc(OC(F)(F)Cl)cc1)c1cnc(N2CC[C@@H](O)C2)c(-c2cc[nH]n2)c1,0.9861,True,0.75,1.0,0.9932,0.9655
6,6.0,CHEMBL4208229,ASCIMINIB,O=C(Nc1ccc(OC(F)(F)Cl)cc1)c1cnc(N2CC[C@@H](O)C2)c(-c2cc[nH]n2)c1,0.9847,True,0.761,1.0,0.9922,0.9622
7,,CHEMBL38827,LUMEFANTRINE,CCCCN(CCCC)CC(O)c1cc(Cl)cc2c1-c1ccc(Cl)cc1/C2=C/c1ccc(Cl)cc1,0.9717,False,0.29,0.9892,0.9447,0.9816
8,,CHEMBL311498,CIANIDANOL,Oc1cc(O)c2c(c1)O[C@H](c1ccc(O)c(O)c1)[C@@H](O)C2,0.9694,False,0.233,0.9713,0.9575,0.9795
9,7.0,CHEMBL3545110,RIBOCICLIB,CN(C)C(=O)c1cc2cnc(Nc3ccc(N4CCNCC4)cn3)nc2n1C1CCCC1,0.9673,True,0.427,0.9433,0.9887,0.9703
10,8.0,CHEMBL3786343,OLMUTINIB,C=CC(=O)Nc1cccc(Oc2nc(Nc3ccc(N4CCN(C)CC4)cc3)nc3ccsc23)c1,0.958,True,0.363,0.9778,0.9697,0.9274
11,,CHEMBL1773,CAPECITABINE,CCCCCOC(=O)Nc1nc(=O)n([C@@H]2O[C@H](C)[C@@H](O)[C@H]2O)cc1F,0.9579,False,0.241,0.9261,0.9758,0.9726
12,9.0,CHEMBL3707266,RIBOCICLIB SUCCINATE,CN(C)C(=O)c1cc2cnc(Nc3ccc(N4CCNCC4)cn3)nc2n1C1CCCC1.O=C(O)CCC(=O)O,0.9512,True,0.398,0.8876,0.9811,0.9882
13,10.0,CHEMBL1201733,PAZOPANIB HYDROCHLORIDE,Cc1ccc(Nc2nccc(N(C)c3ccc4c(C)n(C)nc4c3)n2)cc1S(N)(=O)=O.Cl,0.944,True,0.683,0.9859,0.9269,0.9204
14,11.0,CHEMBL477772,PAZOPANIB,Cc1ccc(Nc2nccc(N(C)c3ccc4c(C)n(C)nc4c3)n2)cc1S(N)(=O)=O,0.9425,True,0.694,0.9855,0.9253,0.918
15,,CHEMBL3301610,ABEMACICLIB,CCN1CCN(Cc2ccc(Nc3ncc(F)c(-c4cc(F)c5nc(C)n(C(C)C)c5c4)n3)nc2)CC1,0.9416,False,0.281,0.9996,0.9888,0.8446
16,12.0,CHEMBL1292,CLOFAZIMINE,CC(C)/N=c1\cc2n(-c3ccc(Cl)cc3)c3ccccc3nc-2cc1Nc1ccc(Cl)cc1,0.9313,True,0.328,0.9812,0.8358,0.985
17,13.0,CHEMBL502835,NINTEDANIB,COC(=O)c1ccc2c(c1)NC(=O)/C2=C(\Nc1ccc(N(C)C(=O)CN2CCN(C)CC2)cc1)c1ccccc1,0.9244,True,0.794,0.8281,0.954,0.9998
18,14.0,CHEMBL4435170,DEUCRAVACITINIB,[2H]C([2H])([2H])NC(=O)c1nnc(NC(=O)C2CC2)cc1Nc1cccc(-c2ncn(C)n2)c1OC,0.9229,True,0.325,0.9206,0.9676,0.8823
19,15.0,CHEMBL1946170,REGORAFENIB,CNC(=O)c1cc(Oc2ccc(NC(=O)Nc3ccc(Cl)c(C(F)(F)F)c3)c(F)c2)ccn1,0.9116,True,0.579,0.7833,0.9881,0.9787
20,16.0,CHEMBL1336,SORAFENIB,CNC(=O)c1cc(Oc2ccc(NC(=O)Nc3ccc(Cl)c(C(F)(F)F)c3)cc2)ccn1,0.9107,True,0.676,0.7999,0.9785,0.965
21,17.0,CHEMBL46740,BAZEDOXIFENE,Cc1c(-c2ccc(O)cc2)n(Cc2ccc(OCCN3CCCCCC3)cc2)c2ccc(O)cc12,0.9014,True,0.39,0.7906,0.9267,0.9996
22,,CHEMBL291657,CRINECERFONT,C#CCN(c1nc(-c2cc(C)c(OC)cc2Cl)c(C)s1)[C@@H](CC1CC1)c1ccc(C)c(F)c1,0.901,False,0.237,0.9894,0.9625,0.7682
23,18.0,CHEMBL1852688,INFIGRATINIB,CCN1CCN(c2ccc(Nc3cc(N(C)C(=O)Nc4c(Cl)c(OC)cc(OC)c4Cl)ncn3)cc2)CC1,0.9008,True,0.372,0.995,0.9449,0.7773
24,19.0,CHEMBL4650272,TRILACICLIB DIHYDROCHLORIDE,CN1CCN(c2ccc(Nc3ncc4cc5n(c4n3)C3(CCCCC3)CNC5=O)nc2)CC1.Cl.Cl,0.8989,True,0.393,0.8513,0.9983,0.8547
25,20.0,CHEMBL187709,TRIPARANOL,CCN(CC)CCOc1ccc(C(O)(Cc2ccc(Cl)cc2)c2ccc(C)cc2)cc1,0.898,True,0.333,0.8355,0.8851,0.9791
26,21.0,CHEMBL1289601,LENVATINIB,COc1cc2nccc(Oc3ccc(NC(=O)NC4CC4)c(Cl)c3)c2cc1C(N)=O,0.8951,True,0.627,0.8585,0.9003,0.9279
27,,CHEMBL1713,CHLORPROMAZINE HYDROCHLORIDE,CN(C)CCCN1c2ccccc2Sc2ccc(Cl)cc21.Cl,0.8944,False,0.254,0.9089,0.8009,0.983
28,22.0,CHEMBL3545311,BRIGATINIB,COc1cc(N2CCC(N3CCN(C)CC3)CC2)ccc1Nc1ncc(Cl)c(Nc2ccccc2P(C)(C)=O)n1,0.8933,True,0.547,0.9388,0.7998,0.9493
29,23.0,CHEMBL3989871,AVACOPAN,Cc1ccc(NC(=O)[C@H]2CCCN(C(=O)c3c(C)cccc3F)[C@H]2c2ccc(NC3CCCC3)cc2)cc1C(F)(F)F,0.8914,True,0.314,0.8208,0.8704,0.9914
30,,CHEMBL3989766,ORITAVANCIN DIPHOSPHATE,CN[C@H](CC(C)C)C(=O)N[C@H]1C(=O)N[C@@H](CC(N)=O)C(=O)N[C@H]2C(=O)N[C@H]3C(=O)N[C@H](C(=O)N[C@H](C(=O)O)c4cc(O)cc(O)c4-c4cc3ccc4O)[C@H](O[C@H]3C[C@](C)(N)[C@@H](O)[C@H](C)O3)c3ccc(c(Cl)c3)Oc3cc2cc(c3O[C@@H]2O[C@H](CO)[C@@H](O)[C@H](O)[C@H]2O[C@H]2C[C@](C)(NCc3ccc(-c4ccc(Cl)cc4)cc3)[C@@H](O)[C@H](C)O2)Oc2ccc(cc2Cl)[C@H]1O.O=P(O)(O)O.O=P(O)(O)O,0.8871,False,0.164,0.8949,0.7882,0.9898
31,24.0,CHEMBL1200485,SORAFENIB TOSYLATE,CNC(=O)c1cc(Oc2ccc(NC(=O)Nc3ccc(Cl)c(C(F)(F)F)c3)cc2)ccn1.Cc1ccc(S(=O)(=O)O)cc1,0.8858,True,0.595,0.7165,0.9814,0.9886
32,25.0,CHEMBL1729,CISAPRIDE,COc1cc(N)c(Cl)cc1C(=O)NC1CCN(CCCOc2ccc(F)cc2)CC1OC,0.8852,True,0.304,0.7914,0.992,0.8835
33,,CHEMBL71,CHLORPROMAZINE,CN(C)CCCN1c2ccccc2Sc2ccc(Cl)cc21,0.8852,False,0.258,0.9025,0.7814,0.9836
34,,CHEMBL6067995,BEROTRALSTAT HYDROCHLORIDE,Cl.Cl.N#Cc1cccc([C@@H](NCC2CC2)c2ccc(F)c(NC(=O)c3cc(C(F)(F)F)nn3-c3cccc(CN)c3)c2)c1,0.8843,False,0.248,0.9209,0.9701,0.774
35,26.0,CHEMBL2005186,BELUMOSUDIL,CC(C)NC(=O)COc1cccc(-c2nc(Nc3ccc4[nH]ncc4c3)c3ccccc3n2)c1,0.8759,True,0.301,0.8445,0.8691,0.9157
36,,CHEMBL506247,TANNIC ACID,O=C(OC[C@H]1O[C@@H](OC(=O)c2cc(O)c(O)c(OC(=O)c3cc(O)c(O)c(O)c3)c2)[C@H](OC(=O)c2cc(O)c(O)c(OC(=O)c3cc(O)c(O)c(O)c3)c2)[C@@H](OC(=O)c2cc(O)c(O)c(OC(=O)c3cc(O)c(O)c(O)c3)c2)[C@@H]1OC(=O)c1cc(O)c(O)c(OC(=O)c2cc(O)c(O)c(O)c2)c1)c1cc(O)c(O)c(OC(=O)c2cc(O)c(O)c(O)c2)c1,0.8754,False,0.19,0.9925,0.992,0.6815
37,,CHEMBL5189739,BEROTRALSTAT,N#Cc1cccc([C@@H](NCC2CC2)c2ccc(F)c(NC(=O)c3cc(C(F)(F)F)nn3-c3cccc(CN)c3)c2)c1,0.8746,False,0.25,0.9082,0.9666,0.762
38,27.0,CHEMBL2105709,QUIZARTINIB DIHYDROCHLORIDE,CC(C)(C)c1cc(NC(=O)Nc2ccc(-c3cn4c(n3)sc3cc(OCCN5CCOCC5)ccc34)cc2)no1.Cl.Cl,0.8682,True,0.61,0.7896,0.8832,0.9384
39,,CHEMBL1637,GEMCITABINE HYDROCHLORIDE,Cl.Nc1ccn([C@@H]2O[C@H](CO)[C@@H](O)C2(F)F)c(=O)n1,0.8673,False,0.294,0.8502,0.9433,0.8134
40,28.0,CHEMBL477,ADENOSINE,Nc1ncnc2c1ncn2[C@@H]1O[C@H](CO)[C@@H](O)[C@H]1O,0.8672,True,0.449,0.8803,0.8443,0.8773
41,,CHEMBL434,ISOPROTERENOL,CC(C)NCC(O)c1ccc(O)c(O)c1,0.8651,False,0.255,0.7807,0.9738,0.8517
42,,CHEMBL1201082,FLUOXETINE HYDROCHLORIDE,CNCCC(Oc1ccc(C(F)(F)F)cc1)c1ccccc1.Cl,0.8637,False,0.23,0.9539,0.6919,0.976
43,29.0,CHEMBL1200788,CISAPRIDE MONOHYDRATE,COc1cc(N)c(Cl)cc1C(=O)NC1CCN(CCCOc2ccc(F)cc2)CC1OC.O,0.8624,True,0.301,0.7579,0.9901,0.8548
44,,CHEMBL888,GEMCITABINE,Nc1ccn([C@@H]2O[C@H](CO)[C@@H](O)C2(F)F)c(=O)n1,0.8558,False,0.299,0.8209,0.9373,0.8146
45,30.0,CHEMBL3894860,TRILACICLIB,CN1CCN(c2ccc(Nc3ncc4cc5n(c4n3)C3(CCCCC3)CNC5=O)nc2)CC1,0.8554,True,0.398,0.7583,0.9976,0.8273
46,,CHEMBL36506,NOVOBIOCIN,CO[C@@H]1[C@@H](OC(N)=O)[C@@H](O)[C@H](Oc2ccc3c(O)c(NC(=O)c4ccc(O)c(CC=C(C)C)c4)c(=O)oc3c2C)OC1(C)C,0.8539,False,0.25,0.8959,0.9603,0.7237
47,,CHEMBL1201038,ACRISORCIN,CCCCCCc1ccc(O)cc1O.Nc1c2ccccc2nc2ccccc12,0.8499,False,0.25,0.8516,0.9564,0.7538
48,,CHEMBL1711,ISOPROTERENOL HYDROCHLORIDE,CC(C)NCC(O)c1ccc(O)c(O)c1.Cl,0.8469,False,0.25,0.8143,0.9727,0.7668
49,31.0,CHEMBL576982,QUIZARTINIB,CC(C)(C)c1cc(NC(=O)Nc2ccc(-c3cn4c(n3)sc3cc(OCCN5CCOCC5)ccc34)cc2)no1,0.8459,True,0.617,0.7587,0.868,0.919
50,,CHEMBL3039504,NINTEDANIB ESYLATE,CCS(=O)(=O)O.COC(=O)c1ccc2c(c1)NC(=O)/C2=C(\Nc1ccc(N(C)C(=O)CN2CCN(C)CC2)cc1)c1ccccc1,0.844,False,0.73,0.6197,0.9703,0.9997
51,,CHEMBL2364608,DORAVIRINE,Cn1c(Cn2ccc(C(F)(F)F)c(Oc3cc(Cl)cc(C#N)c3)c2=O)n[nH]c1=O,0.8432,False,0.231,0.7814,0.8844,0.8673
52,32.0,CHEMBL1090,VIDARABINE,Nc1ncnc2c1ncn2[C@@H]1O[C@H](CO)[C@@H](O)[C@@H]1O,0.8366,True,0.449,0.8771,0.7571,0.8818
53,,CHEMBL1200710,CLOMIPRAMINE HYDROCHLORIDE,CN(C)CCCN1c2ccccc2CCc2ccc(Cl)cc21.Cl,0.8363,False,0.262,0.7451,0.7972,0.9846
54,,CHEMBL41,FLUOXETINE,CNCCC(Oc1ccc(C(F)(F)F)cc1)c1ccccc1,0.8355,False,0.233,0.9521,0.6267,0.9774
55,33.0,CHEMBL3989973,PEXIDARTINIB HYDROCHLORIDE,Cl.FC(F)(F)c1ccc(CNc2ccc(Cc3c[nH]c4ncc(Cl)cc34)cn2)cn1,0.8338,True,0.772,0.9469,0.9722,0.6298
56,34.0,CHEMBL1834657,INFIGRATINIB PHOSPHATE,CCN1CCN(c2ccc(Nc3cc(N(C)C(=O)Nc4c(Cl)c(OC)cc(OC)c4Cl)ncn3)cc2)CC1.O=P(O)(O)O,0.8295,True,0.356,0.9921,0.9651,0.596
57,,CHEMBL1770248,ERTUGLIFLOZIN,CCOc1ccc(Cc2cc([C@]34OC[C@](CO)(O3)[C@@H](O)[C@H](O)[C@H]4O)ccc2Cl)cc1,0.8244,False,0.257,0.5715,0.9885,0.9918
58,35.0,CHEMBL4303214,FRUQUINTINIB,CNC(=O)c1c(C)oc2cc(Oc3ncnc4cc(OC)c(OC)cc34)ccc12,0.8216,True,0.493,0.7487,0.8564,0.8649
59,,CHEMBL1688530,ORITAVANCIN,CN[C@H](CC(C)C)C(=O)N[C@H]1C(=O)N[C@@H](CC(N)=O)C(=O)N[C@H]2C(=O)N[C@H]3C(=O)N[C@H](C(=O)N[C@H](C(=O)O)c4cc(O)cc(O)c4-c4cc3ccc4O)[C@H](O[C@H]3C[C@](C)(N)[C@@H](O)[C@H](C)O3)c3ccc(c(Cl)c3)Oc3cc2cc(c3O[C@@H]2O[C@H](CO)[C@@H](O)[C@H](O)[C@H]2O[C@H]2C[C@](C)(NCc3ccc(-c4ccc(Cl)cc4)cc3)[C@@H](O)[C@H](C)O2)Oc2ccc(cc2Cl)[C@H]1O,0.8175,False,0.168,0.7915,0.6961,0.9915
60,,CHEMBL415,CLOMIPRAMINE,CN(C)CCCN1c2ccccc2CCc2ccc(Cl)cc21,0.8146,False,0.266,0.7096,0.7743,0.9838
61,36.0,CHEMBL3813873,PEXIDARTINIB,FC(F)(F)c1ccc(CNc2ccc(Cc3c[nH]c4ncc(Cl)cc34)cn2)cn1,0.8119,True,0.786,0.9312,0.9669,0.5944
62,37.0,CHEMBL4216467,RIPRETINIB,CCn1c(=O)c(-c2cc(NC(=O)Nc3ccccc3)c(F)cc2Br)cc2cnc(NC)cc21,0.8097,True,0.373,0.644,0.8725,0.9449
63,,CHEMBL1201102,TRIFLUPROMAZINE HYDROCHLORIDE,CN(C)CCCN1c2ccccc2Sc2ccc(C(F)(F)F)cc21.Cl,0.8057,False,0.262,0.8253,0.6443,0.9837
64,38.0,CHEMBL2105704,LENVATINIB MESYLATE,COc1cc2nccc(Oc3ccc(NC(=O)NC4CC4)c(Cl)c3)c2cc1C(N)=O.CS(=O)(=O)O,0.8052,True,0.595,0.6077,0.9093,0.9447
65,,CHEMBL3183453,NOVOBIOCIN SODIUM,CO[C@@H]1[C@@H](OC(N)=O)[C@@H](O)[C@H](Oc2ccc3c([O-])c(NC(=O)c4ccc(O)c(CC=C(C)C)c4)c(=O)oc3c2C)OC1(C)C.[Na+],0.8032,False,0.242,0.8448,0.9579,0.6402
66,39.0,CHEMBL4113131,ENSARTINIB,C[C@@H]1CN(C(=O)c2ccc(NC(=O)c3cc(O[C@H](C)c4c(Cl)ccc(F)c4Cl)c(N)nn3)cc2)C[C@H](C)N1,0.8032,True,0.337,0.7725,0.8336,0.8046
67,,CHEMBL1237070,MICAFUNGIN SODIUM,CCCCCOc1ccc(-c2cc(-c3ccc(C(=O)N[C@H]4C[C@@H](O)[C@@H](O)NC(=O)[C@@H]5[C@@H](O)[C@@H](C)CN5C(=O)[C@H]([C@H](O)CC(N)=O)NC(=O)[C@H]([C@H](O)[C@@H](O)c5ccc(O)c(OS(=O)(=O)[O-])c5)NC(=O)[C@@H]5C[C@@H](O)CN5C(=O)[C@H]([C@@H](C)O)NC4=O)cc3)no2)cc1.[Na+],0.7971,False,0.184,0.5701,0.9163,0.9695
68,,CHEMBL1201213,ISOETHARINE,CCC(NC(C)C)C(O)c1ccc(O)c(O)c1,0.7955,False,0.24,0.9923,0.9836,0.5158
69,,CHEMBL1382,TOLTERODINE,Cc1ccc(O)c([C@H](CCN(C(C)C)C(C)C)c2ccccc2)c1,0.794,False,0.226,0.7099,0.7615,0.9259
70,,CHEMBL3989928,REZAFUNGIN ACETATE,CC(=O)[O-].CCCCCOc1ccc(-c2ccc(-c3ccc(C(=O)N[C@H]4C[C@@H](O)[C@@H](OCC[N+](C)(C)C)NC(=O)[C@@H]5[C@@H](O)[C@@H](C)CN5C(=O)[C@H]([C@@H](C)O)NC(=O)[C@H]([C@H](O)[C@@H](O)c5ccc(O)cc5)NC(=O)[C@@H]5C[C@@H](O)CN5C(=O)[C@H]([C@@H](C)O)NC4=O)cc3)cc2)cc1,0.793,False,0.191,0.5988,0.8432,0.9875
71,,CHEMBL1200672,CEFPIRAMIDE SODIUM,Cc1cc(O)c(C(=O)N[C@@H](C(=O)N[C@@H]2C(=O)N3C(C(=O)[O-])=C(CSc4nnnn4C)CS[C@H]23)c2ccc(O)cc2)cn1.[Na+],0.7903,False,0.205,0.6441,0.99,0.7742
72,40.0,CHEMBL941,IMATINIB,Cc1ccc(NC(=O)c2ccc(CN3CCN(C)CC3)cc2)cc1Nc1nccc(-c2cccnc2)n1,0.7832,True,0.843,0.6077,0.9134,0.8655
73,,CHEMBL1257051,TEDIZOLID,Cn1nnc(-c2ccc(-c3ccc(N4C[C@H](CO)OC4=O)cc3F)cn2)n1,0.7781,False,0.269,0.7151,0.8865,0.7432
74,,CHEMBL443605,HEXYLRESORCINOL,CCCCCCc1ccc(O)cc1O,0.7733,False,0.238,0.4886,0.9765,0.9693
75,,CHEMBL570,TRIFLUPROMAZINE,CN(C)CCCN1c2ccccc2Sc2ccc(C(F)(F)F)cc21,0.7695,False,0.266,0.7932,0.5839,0.9838
76,,CHEMBL3137320,TALAZOPARIB,Cn1ncnc1[C@H]1c2n[nH]c(=O)c3cc(F)cc(c23)N[C@@H]1c1ccc(F)cc1,0.768,False,0.221,0.498,0.9692,0.9384
77,,CHEMBL4802249,LENACAPAVIR SODIUM,CC(C)(C#Cc1ccc(-c2ccc(Cl)c3c([N-]S(C)(=O)=O)nn(CC(F)(F)F)c23)c([C@H](Cc2cc(F)cc(F)c2)NC(=O)Cn2nc(C(F)(F)F)c3c2C(F)(F)[C@@H]2C[C@H]32)n1)S(C)(=O)=O.[Na+],0.7642,False,0.201,0.6645,0.6872,0.9774
78,,CHEMBL5314378,CASPOFUNGIN ACETATE,CC(=O)O.CC(=O)O.CC[C@H](C)C[C@H](C)CCCCCCCCC(=O)N[C@H]1C[C@@H](O)[C@@H](NCCN)NC(=O)[C@@H]2[C@@H](O)CCN2C(=O)[C@H]([C@H](O)CCN)NC(=O)[C@H]([C@H](O)[C@@H](O)c2ccc(O)cc2)NC(=O)[C@@H]2C[C@@H](O)CN2C(=O)[C@H]([C@@H](C)O)NC1=O,0.7633,False,0.172,0.5066,0.8792,0.9985
79,,CHEMBL1201204,CEFPIRAMIDE,Cc1cc(O)c(C(=O)N[C@@H](C(=O)N[C@@H]2C(=O)N3C(C(=O)O)=C(CSc4nnnn4C)CS[C@H]23)c2ccc(O)cc2)cn1,0.763,False,0.213,0.5875,0.9892,0.7642
80,,CHEMBL4250860,DANICOPAN,CC(=O)c1nn(CC(=O)N2C[C@H](F)C[C@H]2C(=O)Nc2cccc(Br)n2)c2ccc(-c3cnc(C)nc3)cc12,0.7592,False,0.295,0.916,0.8424,0.5671
81,,CHEMBL457547,MICAFUNGIN,CCCCCOc1ccc(-c2cc(-c3ccc(C(=O)N[C@H]4C[C@@H](O)[C@@H](O)NC(=O)[C@@H]5[C@@H](O)[C@@H](C)CN5C(=O)[C@H]([C@H](O)CC(N)=O)NC(=O)[C@H]([C@H](O)[C@@H](O)c5ccc(O)c(OS(=O)(=O)O)c5)NC(=O)[C@@H]5C[C@@H](O)CN5C(=O)[C@H]([C@@H](C)O)NC4=O)cc3)no2)cc1,0.7573,False,0.184,0.4923,0.9116,0.9678
82,41.0,CHEMBL2105756,TIVOZANIB HYDROCHLORIDE,COc1cc2nccc(Oc3ccc(NC(=O)Nc4cc(C)on4)c(Cl)c3)c2cc1OC.Cl.O,0.7551,True,0.574,0.4486,0.9879,0.9713
83,,CHEMBL1200920,ISOETHARINE HYDROCHLORIDE,CCC(NC(C)C)C(O)c1ccc(O)c(O)c1.Cl,0.7549,False,0.235,0.9903,0.9827,0.4421
84,42.0,CHEMBL1657,TAZAROTENE,CCOC(=O)c1ccc(C#Cc2ccc3c(c2)C(C)(C)CCS3)nc1,0.7537,True,0.329,0.7993,0.8735,0.6133
85,,CHEMBL2360580,BUCLIZINE HYDROCHLORIDE,CC(C)(C)c1ccc(CN2CCN(C(c3ccccc3)c3ccc(Cl)cc3)CC2)cc1.Cl.Cl,0.7533,False,0.283,0.683,0.6401,0.9777
86,,CHEMBL1615374,VILAZODONE HYDROCHLORIDE,Cl.N#Cc1ccc2[nH]cc(CCCCN3CCN(c4ccc5oc(C(N)=O)cc5c4)CC3)c2c1,0.7527,False,0.269,0.6787,0.8961,0.7012
87,,CHEMBL1200339,PHENYLEPHRINE HYDROCHLORIDE,CNC[C@H](O)c1cccc(O)c1.Cl,0.7491,False,0.279,0.4953,0.8763,0.9687
88,,CHEMBL264241,ANIDULAFUNGIN,CCCCCOc1ccc(-c2ccc(-c3ccc(C(=O)N[C@H]4C[C@@H](O)[C@@H](O)NC(=O)[C@@H]5[C@@H](O)[C@@H](C)CN5C(=O)[C@H]([C@@H](C)O)NC(=O)[C@H]([C@H](O)[C@@H](O)c5ccc(O)cc5)NC(=O)[C@@H]5C[C@@H](O)CN5C(=O)[C@H]([C@@H](C)O)NC4=O)cc3)cc2)cc1,0.7479,False,0.198,0.5072,0.8573,0.9622
89,43.0,CHEMBL3889654,LAROTRECTINIB,O=C(Nc1cnn2ccc(N3CCC[C@@H]3c3cc(F)ccc3F)nc12)N1CC[C@H](O)C1,0.7399,True,0.304,0.772,0.7189,0.73
90,,CHEMBL1183349,ISAVUCONAZONIUM,CNCC(=O)OCc1cccnc1N(C)C(=O)OC(C)[n+]1cnn(C[C@](O)(c2cc(F)ccc2F)[C@@H](C)c2nc(-c3ccc(C#N)cc3)cs2)c1,0.7379,False,0.206,0.9535,0.4527,0.9306
91,,CHEMBL2218896,NABILONE,CCCCCCC(C)(C)c1cc(O)c2c(c1)OC(C)(C)C1CCC(=O)CC21,0.7286,False,0.19,0.5102,0.7709,0.9833
92,44.0,CHEMBL1201740,NILOTINIB HYDROCHLORIDE MONOHYDRATE,Cc1cn(-c2cc(NC(=O)c3ccc(C)c(Nc4nccc(-c5cccnc5)n4)c3)cc(C(F)(F)F)c2)cn1.Cl.O,0.7284,True,0.805,0.9989,0.784,0.4935
93,,CHEMBL4594438,LENACAPAVIR,CC(C)(C#Cc1ccc(-c2ccc(Cl)c3c(NS(C)(=O)=O)nn(CC(F)(F)F)c23)c([C@H](Cc2cc(F)cc(F)c2)NC(=O)Cn2nc(C(F)(F)F)c3c2C(F)(F)[C@@H]2C[C@H]32)n1)S(C)(=O)=O,0.7282,False,0.222,0.6229,0.6326,0.98
94,45.0,CHEMBL2106615,BAZEDOXIFENE ACETATE,CC(=O)O.Cc1c(-c2ccc(O)cc2)n(Cc2ccc(OCCN3CCCCCC3)cc2)c2ccc(O)cc12,0.7265,True,0.368,0.4308,0.8909,0.9992
95,,CHEMBL679,EPINEPHRINE,CNC[C@H](O)c1ccc(O)c(O)c1,0.7245,False,0.267,0.4941,0.9693,0.7939
96,46.0,CHEMBL1983268,ENTRECTINIB,CN1CCN(c2ccc(C(=O)Nc3n[nH]c4ccc(Cc5cc(F)cc(F)c5)cc34)c(NC3CCOCC3)c2)CC1,0.7242,True,0.438,0.7203,0.6438,0.8191
97,47.0,CHEMBL4596392,CRAVACITINIB,CNC(=O)c1nnc(NC(=O)C2CC2)cc1Nc1cccc(-c2ncn(C)n2)c1OC,0.7235,True,0.338,0.8329,0.7219,0.6299
98,,CHEMBL2105741,TRAMETINIB DIMETHYL SULFOXIDE,CC(=O)Nc1cccc(-n2c(=O)n(C3CC3)c(=O)c3c(Nc4ccc(I)cc4F)n(C)c(=O)c(C)c32)c1.C[S+](C)[O-],0.723,False,0.255,0.6552,0.5819,0.9914
99,48.0,CHEMBL1289494,TIVOZANIB,COc1cc2nccc(Oc3ccc(NC(=O)Nc4cc(C)on4)c(Cl)c3)c2cc1OC,0.7221,True,0.591,0.3917,0.9878,0.9732
100,49.0,CHEMBL317052,REGADENOSON ANHYDROUS,CNC(=O)c1cnn(-c2nc(N)c3ncn([C@@H]4O[C@H](CO)[C@@H](O)[C@H]4O)c3n2)c1,0.7218,True,0.317,0.5533,0.7983,0.8515
101,50.0,CHEMBL231884,DIOSMIN,COc1ccc(-c2cc(=O)c3c(O)cc(O[C@@H]4O[C@H](CO[C@@H]5O[C@@H](C)[C@H](O)[C@@H](O)[C@H]5O)[C@@H](O)[C@H](O)[C@H]4O)cc3o2)cc1O,0.7162,True,0.345,0.9362,0.428,0.9167
102,,CHEMBL776,METAPROTERENOL,CC(C)NCC(O)c1cc(O)cc(O)c1,0.713,False,0.242,0.5223,0.7569,0.9169
103,,CHEMBL3137333,ISAVUCONAZONIUM SULFATE,CNCC(=O)OCc1cccnc1N(C)C(=O)OC(C)[n+]1cnn(C[C@](O)(c2cc(F)ccc2F)[C@@H](C)c2nc(-c3ccc(C#N)cc3)cs2)c1.O=S(=O)([O-])O,0.7126,False,0.197,0.9165,0.4611,0.8563
104,51.0,CHEMBL960,LEFLUNOMIDE,Cc1oncc1C(=O)Nc1ccc(C(F)(F)F)cc1,0.7125,True,0.491,0.3953,0.9371,0.9763
105,52.0,CHEMBL255863,NILOTINIB,Cc1cn(-c2cc(NC(=O)c3ccc(C)c(Nc4nccc(-c5cccnc5)n4)c3)cc(C(F)(F)F)c2)cn1,0.7098,True,0.827,0.9989,0.7593,0.4714
106,,CHEMBL1201271,BUCLIZINE,CC(C)(C)c1ccc(CN2CCN(C(c3ccccc3)c3ccc(Cl)cc3)CC2)cc1,0.7093,False,0.288,0.6325,0.5757,0.9801
107,53.0,CHEMBL535,SUNITINIB,CCN(CC)CCNC(=O)c1c(C)[nH]c(/C=C2\C(=O)Nc3ccc(F)cc32)c1C,0.7082,True,0.836,0.4271,0.859,0.9683
108,54.0,CHEMBL803,CYTARABINE,Nc1ccn([C@@H]2O[C@H](CO)[C@@H](O)[C@@H]2O)c(=O)n1,0.7047,True,0.333,0.5538,0.7068,0.8941
109,55.0,CHEMBL1200334,MORICIZINE HYDROCHLORIDE,CCOC(=O)Nc1ccc2c(c1)N(C(=O)CCN1CCOCC1)c1ccccc1S2.Cl,0.7037,True,0.338,0.4043,0.9116,0.9454
110,56.0,CHEMBL3989695,REGADENOSON,CNC(=O)c1cnn(-c2nc(N)c3ncn([C@@H]4O[C@H](CO)[C@@H](O)[C@H]4O)c3n2)c1.O,0.7014,True,0.314,0.533,0.7887,0.8208
111,,CHEMBL439849,VILAZODONE,N#Cc1ccc2[nH]cc(CCCCN3CCN(c4ccc5oc(C(N)=O)cc5c4)CC3)c2c1,0.6999,False,0.272,0.5972,0.8734,0.6573
112,,CHEMBL3137318,TALAZOPARIB TOSYLATE,Cc1ccc(S(=O)(=O)O)cc1.Cn1ncnc1[C@H]1c2n[nH]c(=O)c3cc(F)cc(c23)N[C@@H]1c1ccc(F)cc1,0.6979,False,0.25,0.3723,0.9718,0.9395
113,,CHEMBL3989945,REZAFUNGIN,CCCCCOc1ccc(-c2ccc(-c3ccc(C(=O)N[C@H]4C[C@@H](O)[C@@H](OCC[N+](C)(C)C)NC(=O)[C@@H]5[C@@H](O)[C@@H](C)CN5C(=O)[C@H]([C@@H](C)O)NC(=O)[C@H]([C@H](O)[C@@H](O)c5ccc(O)cc5)NC(=O)[C@@H]5C[C@@H](O)CN5C(=O)[C@H]([C@@H](C)O)NC4=O)cc3)cc2)cc1,0.6889,False,0.195,0.5029,0.6708,0.9692
114,57.0,CHEMBL3545367,LEMBOREXANT,Cc1ncc(OC[C@@]2(c3cccc(F)c3)C[C@H]2C(=O)Nc2ccc(F)cn2)c(C)n1,0.6887,True,0.372,0.8448,0.9976,0.3877
115,58.0,CHEMBL1075,MORICIZINE,CCOC(=O)Nc1ccc2c(c1)N(C(=O)CCN1CCOCC1)c1ccccc1S2,0.6882,True,0.33,0.3818,0.9065,0.9417
116,,CHEMBL3348923,TOVORAFENIB,C[C@@H](NC(=O)c1ncnc(N)c1Cl)c1ncc(C(=O)Nc2cc(C(F)(F)F)c(Cl)cn2)s1,0.6862,False,0.297,0.9753,0.8543,0.3878
117,,CHEMBL1200472,QUAZEPAM,Fc1ccccc1C1=NCC(=S)N(CC(F)(F)F)c2ccc(Cl)cc21,0.6806,False,0.272,0.7784,0.76,0.5329
118,,CHEMBL111,RIMONABANT,Cc1c(C(=O)NN2CCCCC2)nn(-c2ccc(Cl)cc2Cl)c1-c1ccc(Cl)cc1,0.6737,False,0.27,0.991,0.7376,0.4182
119,,CHEMBL2110731,TOFOGLIFLOZIN ANHYDROUS,CCc1ccc(Cc2ccc3c(c2)[C@]2(OC3)O[C@H](CO)[C@@H](O)[C@H](O)[C@H]2O)cc1,0.6699,False,0.194,0.3054,0.9899,0.9944
120,,CHEMBL2110774,CHLORPHENOXAMINE,CN(C)CCOC(C)(c1ccccc1)c1ccc(Cl)cc1,0.6687,False,0.263,0.4514,0.6662,0.9946
121,59.0,CHEMBL5416410,DASATINIB,Cc1nc(Nc2ncc(C(=O)Nc3c(C)cccc3Cl)s2)cc(N2CCN(CCO)CC2)n1.O,0.6588,True,0.859,0.9994,0.9944,0.2877
122,,CHEMBL5314380,PASIREOTIDE DIASPARTATE,NCCCC[C@@H]1NC(=O)[C@@H](Cc2c[nH]c3ccccc23)NC(=O)[C@H](c2ccccc2)NC(=O)[C@@H]2C[C@@H](OC(=O)NCCN)CN2C(=O)[C@H](Cc2ccccc2)NC(=O)[C@H](Cc2ccc(OCc3ccccc3)cc2)NC1=O.N[C@@H](CC(=O)O)C(=O)O.N[C@@H](CC(=O)O)C(=O)O,0.6582,False,0.217,0.3241,0.889,0.9898
123,60.0,CHEMBL1421,DASATINIB ANHYDROUS,Cc1nc(Nc2ncc(C(=O)Nc3c(C)cccc3Cl)s2)cc(N2CCN(CCO)CC2)n1,0.6569,True,0.871,0.9995,0.9949,0.285
124,61.0,CHEMBL4204794,AVAPRITINIB,Cn1cc(-c2cc3c(N4CCN(c5ncc([C@@](C)(N)c6ccc(F)cc6)cn5)CC4)ncnn3c2)cn1,0.6561,True,0.5,0.9907,0.9662,0.295
125,,CHEMBL1201319,METARAMINOL,C[C@H](N)[C@H](O)c1cccc(O)c1,0.6552,False,0.3,0.3867,0.8619,0.844
126,62.0,CHEMBL345524,ANTRAFENINE,O=C(OCCN1CCN(c2cccc(C(F)(F)F)c2)CC1)c1ccccc1Nc1ccnc2cc(C(F)(F)F)ccc12,0.6549,True,0.422,0.828,0.3734,0.9086
127,63.0,CHEMBL1567,SUNITINIB MALATE,CCN(CC)CCNC(=O)c1c(C)[nH]c(/C=C2\C(=O)Nc3ccc(F)cc32)c1C.O=C(O)C[C@H](O)C(=O)O,0.6543,True,0.712,0.3356,0.8419,0.9913
128,64.0,CHEMBL2107831,LUSUTROMBOPAG,CCCCCCO[C@@H](C)c1cccc(-c2csc(NC(=O)c3cc(Cl)c(/C=C(\C)C(=O)O)c(Cl)c3)n2)c1OC,0.6517,True,0.303,0.7576,0.7632,0.4787
129,,CHEMBL2104537,AMOPROXAN,COc1cc(C(=O)OC(COCCC(C)C)CN2CCOCC2)cc(OC)c1OC,0.6493,False,0.28,0.4335,0.6397,0.9871
130,,CHEMBL2105980,CHLORPHENOXAMINE HYDROCHLORIDE,CN(C)CCOC(C)(c1ccccc1)c1ccc(Cl)cc1.Cl,0.648,False,0.278,0.439,0.6248,0.9922
131,,CHEMBL3039514,ELBASVIR,COC(=O)N[C@H](C(=O)N1CCC[C@H]1c1nc(-c2ccc3c(c2)O[C@@H](c2ccccc2)n2c-3cc3cc(-c4c[nH]c([C@@H]5CCCN5C(=O)[C@@H](NC(=O)OC)C(C)C)n4)ccc32)c[nH]1)C(C)C,0.6463,False,0.221,0.7288,0.815,0.4544
132,,CHEMBL1201184,LANREOTIDE ACETATE,CC(=O)O.CC(C)[C@@H]1NC(=O)[C@H](CCCCN)NC(=O)[C@@H](Cc2c[nH]c3ccccc23)NC(=O)[C@H](Cc2ccc(O)cc2)NC(=O)[C@@H](NC(=O)[C@H](N)Cc2ccc3ccccc3c2)CSSC[C@@H](C(=O)N[C@H](C(N)=O)[C@@H](C)O)NC1=O,0.6444,False,0.198,0.3721,0.7248,0.9921
133,,CHEMBL1329455,MOLSIDOMINE,CCOC(=O)[N-]c1c[n+](N2CCOCC2)no1,0.6426,False,0.232,0.412,0.901,0.7149
134,65.0,CHEMBL1623,MECLIZINE,Cc1cccc(CN2CCN(C(c3ccccc3)c3ccc(Cl)cc3)CC2)c1,0.6425,True,0.305,0.4131,0.6449,0.9954
135,,CHEMBL3989919,FOSNETUPITANT CHLORIDE HYDROCHLORIDE,Cc1ccccc1-c1cc(N2CC[N+](C)(COP(=O)(O)O)CC2)ncc1N(C)C(=O)C(C)(C)c1cc(C(F)(F)F)cc(C(F)(F)F)c1.Cl.[Cl-],0.6424,False,0.25,0.555,0.4828,0.9893
136,,CHEMBL1215,PHENYLEPHRINE,CNC[C@H](O)c1cccc(O)c1,0.6376,False,0.286,0.2987,0.8799,0.9862
137,,CHEMBL2303621,DACLATASVIR DIHYDROCHLORIDE,COC(=O)N[C@H](C(=O)N1CCC[C@H]1c1ncc(-c2ccc(-c3ccc(-c4cnc([C@@H]5CCCN5C(=O)[C@@H](NC(=O)OC)C(C)C)[nH]4)cc3)cc2)[nH]1)C(C)C.Cl.Cl,0.6311,False,0.242,0.5006,0.5559,0.903
138,,CHEMBL577736,TYROTHRICIN,CC(C)C[C@@H]1NC(=O)[C@H](CCCN)NC(=O)[C@H](C(C)C)NC(=O)[C@H](Cc2ccc(O)cc2)N[C@@H](CCC(=O)O)C(=O)N[C@@H](CC(N)=O)C(=O)[C@@H](Cc2ccccc2)NC(=O)[C@H](Cc2ccccc2)NC(=O)[C@@H]2CCCN2C(=O)[C@@H](Cc2ccccc2)NC1=O,0.6301,False,0.21,0.3115,0.8646,0.9288
139,,CHEMBL908,CHLORPROTHIXENE,CN(C)CC/C=C1/c2ccccc2Sc2ccc(Cl)cc21,0.6235,False,0.235,0.7816,0.6252,0.496
140,,CHEMBL3989917,FOSNETUPITANT,Cc1ccccc1-c1cc(N2CC[N+](C)(COP(=O)([O-])O)CC2)ncc1N(C)C(=O)C(C)(C)c1cc(C(F)(F)F)cc(C(F)(F)F)c1,0.6223,False,0.257,0.5489,0.4456,0.9853
141,,CHEMBL2023898,DACLATASVIR,COC(=O)N[C@H](C(=O)N1CCC[C@H]1c1ncc(-c2ccc(-c3ccc(-c4cnc([C@@H]5CCCN5C(=O)[C@@H](NC(=O)OC)C(C)C)[nH]4)cc3)cc2)[nH]1)C(C)C,0.6197,False,0.244,0.4848,0.5397,0.9097
142,,CHEMBL2159122,ELUXADOLINE,COc1ccc(CN(C(=O)[C@@H](N)Cc2c(C)cc(C(N)=O)cc2C)[C@@H](C)c2ncc(-c3ccccc3)[nH]2)cc1C(=O)O,0.6132,False,0.283,0.6588,0.4203,0.8327
143,,CHEMBL354541,LOMITAPIDE,O=C(NC1CCN(CCCCC2(C(=O)NCC(F)(F)F)c3ccccc3-c3ccccc32)CC1)c1ccccc1-c1ccc(C(F)(F)F)cc1,0.6117,False,0.294,0.6811,0.3828,0.878
144,,CHEMBL1200480,OCTREOTIDE ACETATE,CC(=O)O.C[C@@H](O)[C@@H]1NC(=O)[C@H](CCCCN)NC(=O)[C@@H](Cc2c[nH]c3ccccc23)NC(=O)[C@H](Cc2ccccc2)NC(=O)[C@@H](NC(=O)[C@H](N)Cc2ccccc2)CSSC[C@@H](C(=O)N[C@H](CO)[C@@H](C)O)NC1=O,0.6094,False,0.202,0.4548,0.4995,0.9963
145,,CHEMBL2105759,BARICITINIB,CCS(=O)(=O)N1CC(CC#N)(n2cc(-c3ncnc4[nH]ccc34)cn2)C1,0.609,False,0.276,0.3872,0.7301,0.7989
146,66.0,CHEMBL4297592,AMENAMEVIR,Cc1cccc(C)c1N(CC(=O)Nc1ccc(-c2ncon2)cc1)C(=O)C1CCS(=O)(=O)CC1,0.6054,True,0.3,0.2551,0.8732,0.996
147,,CHEMBL2105669,TEDIZOLID PHOSPHATE,Cn1nnc(-c2ccc(-c3ccc(N4C[C@H](COP(=O)(O)O)OC4=O)cc3F)cn2)n1,0.6016,False,0.26,0.4336,0.735,0.6832
148,,CHEMBL1183717,ALMITRINE,C=CCNc1nc(NCC=C)nc(N2CCN(C(c3ccc(F)cc3)c3ccc(F)cc3)CC2)n1,0.6015,False,0.244,0.2937,0.7824,0.9471
149,,CHEMBL141,LAMIVUDINE,Nc1ccn([C@@H]2CS[C@H](CO)O2)c(=O)n1,0.6002,False,0.365,0.4123,0.6267,0.8368
150,67.0,CHEMBL3137312,DASABUVIR,COc1c(-c2ccc3cc(NS(C)(=O)=O)ccc3c2)cc(-n2ccc(=O)[nH]c2=O)cc1C(C)(C)C,0.5983,True,0.306,0.8739,0.5181,0.4729
151,,CHEMBL1800159,RELUGOLIX,CONC(=O)Nc1ccc(-c2sc3c(c2CN(C)C)c(=O)n(-c2ccc(OC)nn2)c(=O)n3Cc2c(F)cccc2F)cc1,0.5979,False,0.281,0.2561,0.9091,0.9179
152,,CHEMBL3707310,LOTILANER,Cc1cc(C2=NO[C@@](c3cc(Cl)c(Cl)c(Cl)c3)(C(F)(F)F)C2)sc1C(=O)NCC(=O)NCC(F)(F)F,0.5972,False,0.226,0.5286,0.431,0.9348
153,,CHEMBL3544973,CEFTAROLINE FOSAMIL ACETATE,CC(=O)O.CCO/N=C(\C(=O)N[C@@H]1C(=O)N2C(C(=O)[O-])=C(Sc3nc(-c4cc[n+](C)cc4)cs3)CS[C@H]12)c1nsc(NP(=O)(O)O)n1.O,0.5951,False,0.204,0.3926,0.8666,0.6194
154,,CHEMBL1615350,CLOMACRAN,CN(C)CCCC1c2ccccc2Nc2ccc(Cl)cc21,0.5948,False,0.299,0.8201,0.257,0.9984
155,,CHEMBL3989960,SELADELPAR LYSINE,CCO[C@H](COc1ccc(C(F)(F)F)cc1)CSc1ccc(OCC(=O)O)c(C)c1.NCCCC[C@H](N)C(=O)O.O.O,0.5944,False,0.277,0.2469,0.8674,0.9805
156,68.0,CHEMBL1483,ALBENDAZOLE,CCCSc1ccc2[nH]c(NC(=O)OC)nc2c1,0.5941,True,0.431,0.2834,0.8415,0.8791
157,69.0,CHEMBL1086440,TRICLABENDAZOLE,CSc1nc2cc(Cl)c(Oc3cccc(Cl)c3Cl)cc2[nH]1,0.5932,True,0.333,0.9889,0.4765,0.4429
158,,CHEMBL1617,RIFAXIMIN,CO[C@H]1/C=C/O[C@@]2(C)Oc3c(C)c(O)c4c(O)c(c5c(nc6cc(C)ccn65)c4c3C2=O)NC(=O)/C(C)=C\C=C\[C@H](C)[C@H](O)[C@@H](C)[C@@H](O)[C@@H](C)[C@H](OC(C)=O)[C@@H]1C,0.5875,False,0.193,0.4486,0.91,0.4968
159,,CHEMBL376488,BEDAQUILINE,COc1nc2ccc(Br)cc2cc1[C@@H](c1ccccc1)[C@@](O)(CCN(C)C)c1cccc2ccccc12,0.5865,False,0.25,0.6309,0.3306,0.967
160,,CHEMBL2104136,CLOMACRAN PHOSPHATE,CN(C)CCCC1c2ccccc2Nc2ccc(Cl)cc21.O=P(O)(O)O,0.5843,False,0.277,0.4563,0.4733,0.9233
161,,CHEMBL5314382,PASIREOTIDE PAMOATE,NCCCC[C@@H]1NC(=O)[C@@H](Cc2c[nH]c3ccccc23)NC(=O)[C@H](c2ccccc2)NC(=O)[C@@H]2C[C@@H](OC(=O)NCCN)CN2C(=O)[C@H](Cc2ccccc2)NC(=O)[C@H](Cc2ccc(OCc3ccccc3)cc2)NC1=O.O=C(O)c1cc2ccccc2c(Cc2c(O)c(C(=O)O)cc3ccccc23)c1O,0.5803,False,0.224,0.3964,0.5005,0.985
162,,CHEMBL4594383,PAFOLACIANINE SODIUM,CC1(C)C(/C=C/C2=C(Oc3ccc(C[C@H](NC(=O)c4ccc(NCc5cnc6nc(N)[nH]c(=O)c6n5)cc4)C(=O)[O-])cc3)/C(=C/C=C3\N(CCCCS(=O)(=O)[O-])c4ccc(S(=O)(=O)[O-])cc4C3(C)C)CCC2)=[N+](CCCCS(=O)(=O)[O-])c2ccc(S(=O)(=O)[O-])cc21.[Na+].[Na+].[Na+].[Na+],0.5777,False,0.271,0.4452,0.8298,0.5218
163,70.0,CHEMBL3948730,UMBRALISIB,CC(C)Oc1ccc(-c2nn([C@@H](C)c3oc4ccc(F)cc4c(=O)c3-c3cccc(F)c3)c3ncnc(N)c23)cc1F,0.5718,True,0.438,0.3057,0.7634,0.8012
164,,CHEMBL4297412,PAFOLACIANINE,CC1(C)C(/C=C/C2=C(Oc3ccc(C[C@H](NC(=O)c4ccc(NCc5cnc6nc(N)[nH]c(=O)c6n5)cc4)C(=O)[O-])cc3)/C(=C/C=C3\N(CCCCS(=O)(=O)[O-])c4ccc(S(=O)(=O)[O-])cc4C3(C)C)CCC2)=[N+](CCCCS(=O)(=O)[O-])c2ccc(S(=O)(=O)[O-])cc21.[H+].[H+].[H+].[H+],0.5677,False,0.271,0.429,0.8253,0.5167
165,,CHEMBL6068328,ELTROMBOPAG CHOLINE,CC1=NN(c2ccc(C)c(C)c2)C(=O)/C1=N\Nc1cccc(-c2cccc(C(=O)[O-])c2)c1O.C[N+](C)(C)CCO,0.5663,False,0.229,0.5928,0.525,0.5837
166,,CHEMBL2105700,BEDAQUILINE FUMARATE,COc1nc2ccc(Br)cc2cc1[C@@H](c1ccccc1)[C@@](O)(CCN(C)C)c1cccc2ccccc12.O=C(O)/C=C/C(=O)O,0.5662,False,0.239,0.487,0.4236,0.8797
167,,CHEMBL1173055,RUCAPARIB,CNCc1ccc(-c2[nH]c3cc(F)cc4c3c2CCNC4=O)cc1,0.5642,False,0.295,0.3335,0.7258,0.7421
168,71.0,CHEMBL2103883,AVATROMBOPAG,O=C(Nc1nc(-c2cc(Cl)cs2)c(N2CCN(C3CCCCC3)CC2)s1)c1cnc(N2CCC(C(=O)O)CC2)c(Cl)c1,0.5632,True,0.3,0.5844,0.3931,0.7775
169,,CHEMBL4297211,CEFIDEROCOL SULFATE TOSYLATE,CC(C)(O/N=C(\C(=O)N[C@@H]1C(=O)N2C(C(=O)O)=C(C[N+]3(CCNC(=O)c4ccc(O)c(O)c4Cl)CCCC3)CS[C@H]12)c1csc(N)n1)C(=O)O.CC(C)(O/N=C(\C(=O)N[C@@H]1C(=O)N2C(C(=O)O)=C(C[N+]3(CCNC(=O)c4ccc(O)c(O)c4Cl)CCCC3)CS[C@H]12)c1csc(N)n1)C(=O)O.CC(C)(O/N=C(\C(=O)N[C@@H]1C(=O)N2C(C(=O)O)=C(C[N+]3(CCNC(=O)c4ccc(O)c(O)c4Cl)CCCC3)CS[C@H]12)c1csc(N)n1)C(=O)O.Cc1ccc(S(=O)(=O)O)cc1.Cc1ccc(S(=O)(=O)O)cc1.Cc1ccc(S(=O)(=O)O)cc1.Cc1ccc(S(=O)(=O)[O-])cc1.O.O=S(=O)([O-])[O-],0.5598,False,0.193,0.2436,0.8029,0.8969
170,72.0,CHEMBL3186993,HYDROXYZINE HYDROCHLORIDE,Cl.Cl.OCCOCCN1CCN(C(c2ccccc2)c2ccc(Cl)cc2)CC1,0.5567,True,0.312,0.2823,0.6159,0.9921
171,,CHEMBL1200967,BROMODIPHENHYDRAMINE HYDROCHLORIDE,CN(C)CCOC(c1ccccc1)c1ccc(Br)cc1.Cl,0.5494,False,0.283,0.7905,0.3383,0.6201
172,73.0,CHEMBL3989868,TUCATINIB,Cc1cc(Nc2ncnc3ccc(NC4=NC(C)(C)CO4)cc23)ccc1Oc1ccn2ncnc2c1,0.5479,True,0.379,0.8447,0.8659,0.2248
173,,CHEMBL539697,DABIGATRAN ETEXILATE,CCCCCCOC(=O)NC(=N)c1ccc(NCc2nc3cc(C(=O)N(CCC(=O)OCC)c4ccccn4)ccc3n2C)cc1,0.5463,False,0.255,0.2384,0.7054,0.9695
174,,CHEMBL2103802,DAPAGLIFLOZIN PROPANEDIOL,CCOc1ccc(Cc2cc([C@@H]3O[C@H](CO)[C@@H](O)[C@H](O)[C@H]3O)ccc2Cl)cc1.C[C@H](O)CO.O,0.5433,False,0.284,0.4007,0.407,0.9832
175,,CHEMBL1200854,FLUPHENAZINE DECANOATE,CCCCCCCCCC(=O)OCCN1CCN(CCCN2c3ccccc3Sc3ccc(C(F)(F)F)cc32)CC1,0.5433,False,0.26,0.3937,0.4089,0.9964
176,,CHEMBL502097,MIPOMERSEN SODIUM,COCCO[C@@H]1[C@H](SP(=O)([O-])OC[C@H]2O[C@@H](n3cc(C)c(=O)[nH]c3=O)[C@H](OCCOC)[C@@H]2SP(=O)([O-])OC[C@H]2O[C@@H](n3cc(C)c(N)nc3=O)[C@H](OCCOC)[C@@H]2SP(=O)([O-])OC[C@H]2O[C@@H](n3cnc4c(N)ncnc43)C[C@@H]2SP(=O)([O-])OC[C@H]2O[C@@H](n3cnc4c(=O)[nH]c(N)nc43)C[C@@H]2SP(=O)([O-])OC[C@H]2O[C@@H](n3cc(C)c(=O)[nH]c3=O)C[C@@H]2SP(=O)([O-])OC[C@H]2O[C@@H](n3cc(C)c(N)nc3=O)C[C@@H]2SP(=O)([O-])OC[C@H]2O[C@@H](n3cc(C)c(=O)[nH]c3=O)C[C@@H]2SP(=O)([O-])OC[C@H]2O[C@@H](n3cnc4c(=O)[nH]c(N)nc43)C[C@@H]2SP(=O)([O-])OC[C@H]2O[C@@H](n3cc(C)c(N)nc3=O)C[C@@H]2SP(=O)([O-])OC[C@H]2O[C@@H](n3cc(C)c(=O)[nH]c3=O)C[C@@H]2SP(=O)([O-])OC[C@H]2O[C@@H](n3cc(C)c(=O)[nH]c3=O)C[C@@H]2SP(=O)([O-])OC[C@H]2O[C@@H](n3cc(C)c(N)nc3=O)C[C@@H]2SP(=O)([O-])OC[C@H]2O[C@@H](n3cnc4c(=O)[nH]c(N)nc43)[C@H](OCCOC)[C@@H]2SP(=O)([O-])OC[C@@H]2O[C@H](n3cc(C)c(N)nc3=O)[C@@H](OCCOC)[C@H]2SP(=O)([O-])OC[C@@H]2O[C@H](n3cnc4c(N)ncnc43)[C@@H](OCCOC)[C@H]2SP(=O)([O-])OC[C@@H]2O[C@H](n3cc(C)c(N)nc3=O)[C@@H](OCCOC)[C@H]2SP(=O)([O-])OC[C@@H]2O[C@H](n3cc(C)c(N)nc3=O)[C@@H](OCCOC)[C@H]2O)[C@@H](COP(=O)([O-])S[C@H]2[C@@H](OCCOC)[C@H](n3cc(C)c(N)nc3=O)O[C@@H]2COP(=O)([O-])S[C@H]2[C@@H](OCCOC)[C@H](n3cnc4c(=O)[nH]c(N)nc43)O[C@@H]2CO)O[C@H]1n1cc(C)c(N)nc1=O.[Na+].[Na+].[Na+].[Na+].[Na+].[Na+].[Na+].[Na+].[Na+].[Na+].[Na+].[Na+].[Na+].[Na+].[Na+].[Na+].[Na+].[Na+].[Na+],0.5401,False,0.275,0.2635,0.6846,0.8735
177,,CHEMBL1201245,BROMODIPHENHYDRAMINE,CN(C)CCOC(c1ccccc1)c1ccc(Br)cc1,0.5377,False,0.268,0.8199,0.2861,0.6626
178,,CHEMBL2107495,TEMAFLOXACIN HYDROCHLORIDE,CC1CN(c2cc3c(cc2F)c(=O)c(C(=O)O)cn3-c2ccc(F)cc2F)CCN1.Cl,0.5377,False,0.256,0.8248,0.7181,0.2625
179,,CHEMBL4650273,SETMELANOTIDE ACETATE,CC(=O)N[C@@H](CCCNC(=N)N)C(=O)N[C@H]1CSSC[C@@H](C(N)=O)NC(=O)[C@H](Cc2c[nH]c3ccccc23)NC(=O)[C@H](CCCNC(=N)N)NC(=O)[C@@H](Cc2ccccc2)NC(=O)[C@H](Cc2c[nH]cn2)NC(=O)[C@@H](C)NC1=O.CC(=O)O.CC(=O)O,0.5362,False,0.224,0.3269,0.4736,0.9959
180,,CHEMBL3989555,MECLIZINE HYDROCHLORIDE,Cc1cccc(CN2CCN(C(c3ccccc3)c3ccc(Cl)cc3)CC2)c1.Cl.Cl.O,0.5309,False,0.295,0.2426,0.6313,0.9774
181,,CHEMBL3989939,LAROTRECTINIB SULFATE,O=C(Nc1cnn2ccc(N3CCC[C@@H]3c3cc(F)ccc3F)nc12)N1CC[C@H](O)C1.O=S(=O)(O)O,0.5273,False,0.292,0.4643,0.6878,0.459
182,,CHEMBL3039526,LASMIDITAN SUCCINATE,CN1CCC(C(=O)c2cccc(NC(=O)c3c(F)cc(F)cc3F)n2)CC1.CN1CCC(C(=O)c2cccc(NC(=O)c3c(F)cc(F)cc3F)n2)CC1.O=C(O)CCC(=O)O,0.5246,False,0.351,0.5665,0.6737,0.3783
183,,CHEMBL4297528,RISDIPLAM,Cc1cn2nc(-c3cc(=O)n4cc(N5CCNC6(CC6)C5)ccc4n3)cc(C)c2n1,0.5201,False,0.247,0.1455,0.969,0.998
184,,CHEMBL277100,TEMAFLOXACIN,CC1CN(c2cc3c(cc2F)c(=O)c(C(=O)O)cn3-c2ccc(F)cc2F)CCN1,0.5173,False,0.258,0.7897,0.6828,0.2568
185,,CHEMBL1098285,DISTIGMINE BROMIDE,CN(CCCCCCN(C)C(=O)Oc1ccc[n+](C)c1)C(=O)Oc1ccc[n+](C)c1.[Br-].[Br-],0.5171,False,0.254,0.1563,0.9529,0.9282
186,74.0,CHEMBL2219411,MOMELOTINIB DIHYDROCHLORIDE,Cl.Cl.N#CCNC(=O)c1ccc(-c2ccnc(Nc3ccc(N4CCOCC4)cc3)n2)cc1,0.5167,True,0.556,0.4156,0.6382,0.5201
187,,CHEMBL2105662,LOMITAPIDE MESYLATE,CS(=O)(=O)O.O=C(NC1CCN(CCCCC2(C(=O)NCC(F)(F)F)c3ccccc3-c3ccccc32)CC1)c1ccccc1-c1ccc(C(F)(F)F)cc1,0.5155,False,0.292,0.4064,0.4315,0.7811
188,,CHEMBL2219536,MIPOMERSEN,COCCO[C@@H]1[C@H](SP(=O)(O)OC[C@H]2O[C@@H](n3cc(C)c(=O)[nH]c3=O)[C@H](OCCOC)[C@@H]2SP(=O)(O)OC[C@H]2O[C@@H](n3cc(C)c(N)nc3=O)[C@H](OCCOC)[C@@H]2SP(=O)(O)OC[C@H]2O[C@@H](n3cnc4c(N)ncnc43)C[C@@H]2SP(=O)(O)OC[C@H]2O[C@@H](n3cnc4c(=O)[nH]c(N)nc43)C[C@@H]2SP(=O)(O)OC[C@H]2O[C@@H](n3cc(C)c(=O)[nH]c3=O)C[C@@H]2SP(=O)(O)OC[C@H]2O[C@@H](n3cc(C)c(N)nc3=O)C[C@@H]2SP(=O)(O)OC[C@H]2O[C@@H](n3cc(C)c(=O)[nH]c3=O)C[C@@H]2SP(=O)(O)OC[C@H]2O[C@@H](n3cnc4c(=O)[nH]c(N)nc43)C[C@@H]2SP(=O)(O)OC[C@H]2O[C@@H](n3cc(C)c(N)nc3=O)C[C@@H]2SP(=O)(O)OC[C@H]2O[C@@H](n3cc(C)c(=O)[nH]c3=O)C[C@@H]2SP(=O)(O)OC[C@H]2O[C@@H](n3cc(C)c(=O)[nH]c3=O)C[C@@H]2SP(=O)(O)OC[C@H]2O[C@@H](n3cc(C)c(N)nc3=O)C[C@@H]2SP(=O)(O)OC[C@H]2O[C@@H](n3cnc4c(=O)[nH]c(N)nc43)[C@H](OCCOC)[C@@H]2SP(=O)(O)OC[C@@H]2O[C@H](n3cc(C)c(N)nc3=O)[C@@H](OCCOC)[C@H]2SP(=O)(O)OC[C@@H]2O[C@H](n3cnc4c(N)ncnc43)[C@@H](OCCOC)[C@H]2SP(=O)(O)OC[C@@H]2O[C@H](n3cc(C)c(N)nc3=O)[C@@H](OCCOC)[C@H]2SP(=O)(O)OC[C@@H]2O[C@H](n3cc(C)c(N)nc3=O)[C@@H](OCCOC)[C@H]2O)[C@@H](COP(=O)(O)S[C@H]2[C@@H](OCCOC)[C@H](n3cc(C)c(N)nc3=O)O[C@@H]2COP(=O)(O)S[C@H]2[C@@H](OCCOC)[C@H](n3cnc4c(=O)[nH]c(N)nc43)O[C@@H]2CO)O[C@H]1n1cc(C)c(N)nc1=O,0.5151,False,0.27,0.2432,0.6474,0.8679
189,,CHEMBL813,EPROSARTAN,CCCCc1ncc(/C=C(\Cc2cccs2)C(=O)O)n1Cc1ccc(C(=O)O)cc1,0.5129,False,0.26,0.4453,0.4152,0.7295
190,,CHEMBL501122,CEFTAROLINE FOSAMIL,CCO/N=C(\C(=O)N[C@@H]1C(=O)N2C(C(=O)[O-])=C(Sc3nc(-c4cc[n+](C)cc4)cs3)CS[C@H]12)c1nsc(NP(=O)(O)O)n1,0.5112,False,0.2,0.3095,0.831,0.5194
191,,CHEMBL3989958,IVOSIDENIB,N#Cc1ccnc(N2C(=O)CC[C@H]2C(=O)N(c2cncc(F)c2)[C@H](C(=O)NC2CC(F)(F)C2)c2ccccc2Cl)c1,0.5106,False,0.25,0.333,0.8498,0.4703
192,75.0,CHEMBL3353410,OSIMERTINIB,C=CC(=O)Nc1cc(Nc2nccc(-c3cn(C)c4ccccc34)n2)c(OC)cc1N(C)CCN(C)C,0.5085,True,0.378,0.6745,0.216,0.9025
193,76.0,CHEMBL6068336,MOMELOTINIB DIHYDROCHLORIDE MONOHYDRATE,Cl.Cl.N#CCNC(=O)c1ccc(-c2ccnc(Nc3ccc(N4CCOCC4)cc3)n2)cc1.O,0.5084,True,0.556,0.4084,0.6331,0.5083
194,,CHEMBL1200328,DULOXETINE HYDROCHLORIDE,CNCC[C@H](Oc1cccc2ccccc12)c1cccs1.Cl,0.5084,False,0.221,0.9717,0.153,0.8838
195,,CHEMBL1201134,LUBIPROSTONE,CCCCC(F)(F)[C@@]1(O)CC[C@H]2[C@@H](CC(=O)[C@@H]2CCCCCCC(=O)O)O1,0.508,False,0.215,0.1987,0.6661,0.9906
196,,CHEMBL518520,RALTEGRAVIR POTASSIUM,Cc1nnc(C(=O)NC(C)(C)c2nc(C(=O)NCc3ccc(F)cc3)c([O-])c(=O)n2C)o1.[K+],0.5073,False,0.273,0.6937,0.8529,0.2206
197,,CHEMBL1200690,LYPRESSIN,NCCCC[C@H](NC(=O)[C@@H]1CCCN1C(=O)[C@@H]1CSSC[C@H](N)C(=O)N[C@@H](Cc2ccc(O)cc2)C(=O)N[C@@H](Cc2ccccc2)C(=O)N[C@@H](CCC(N)=O)C(=O)N[C@@H](CC(N)=O)C(=O)N1)C(=O)NCC(N)=O,0.5061,False,0.212,0.2354,0.5569,0.9889
198,,CHEMBL2018096,IPRAGLIFLOZIN,OC[C@H]1O[C@@H](c2ccc(F)c(Cc3cc4ccccc4s3)c2)[C@H](O)[C@@H](O)[C@@H]1O,0.5058,False,0.23,0.7917,0.1671,0.9783
199,,CHEMBL3989691,ELTROMBOPAG OLAMINE,CC1=NN(c2ccc(C)c(C)c2)C(=O)/C1=N\Nc1cccc(-c2cccc(C(=O)O)c2)c1O.NCCO.NCCO,0.503,False,0.261,0.5016,0.7594,0.3342
200,,CHEMBL1200597,ETIDOCAINE HYDROCHLORIDE,CCCN(CC)C(CC)C(=O)Nc1c(C)cccc1C.Cl,0.5015,False,0.295,0.8452,0.3099,0.4816
201,77.0,CHEMBL1801800,METABROMSALAN,O=C(Nc1ccccc1)c1cc(Br)cc(Br)c1O,0.4998,True,0.347,0.9802,0.5124,0.2485
202,78.0,CHEMBL896,HYDROXYZINE,OCCOCCN1CCN(C(c2ccccc2)c2ccc(Cl)cc2)CC1,0.4996,True,0.316,0.2171,0.5786,0.9929
203,,CHEMBL4065616,REMDESIVIR,CCC(CC)COC(=O)[C@H](C)N[P@](=O)(OC[C@H]1O[C@@](C#N)(c2ccc3c(N)ncnn23)[C@H](O)[C@@H]1O)Oc1ccccc1,0.4995,False,0.217,0.2104,0.6948,0.8524
204,,CHEMBL2103875,TRAMETINIB,CC(=O)Nc1cccc(-n2c(=O)n(C3CC3)c(=O)c3c(Nc4ccc(I)cc4F)n(C)c(=O)c(C)c32)c1,0.4983,False,0.269,0.4087,0.3144,0.9632
205,,CHEMBL2374220,LEDIPASVIR,COC(=O)N[C@H](C(=O)N1CC2(CC2)C[C@H]1c1nc(-c2ccc3c(c2)C(F)(F)c2cc(-c4ccc5[nH]c([C@@H]6[C@H]7CC[C@H](C7)N6C(=O)[C@@H](NC(=O)OC)C(C)C)nc5c4)ccc2-3)c[nH]1)C(C)C,0.4963,False,0.22,0.3055,0.4099,0.976
206,,CHEMBL1615369,DABIGATRAN ETEXILATE MESYLATE,CCCCCCOC(=O)NC(=N)c1ccc(NCc2nc3cc(C(=O)N(CCC(=O)OCC)c4ccccn4)ccc3n2C)cc1.CS(=O)(=O)O,0.4932,False,0.257,0.1615,0.7939,0.9356
207,79.0,CHEMBL3990047,OZENOXACIN,CNc1ncc(-c2ccc3c(=O)c(C(=O)O)cn(C4CC4)c3c2C)cc1C,0.4902,True,0.312,0.6204,0.2879,0.6595
208,,CHEMBL1200494,GUANFACINE HYDROCHLORIDE,Cl.N=C(N)NC(=O)Cc1c(Cl)cccc1Cl,0.4898,False,0.276,0.6699,0.7494,0.2341
209,,CHEMBL5315050,ATOSIBAN ACETATE,CC(=O)O.CCOc1ccc(C[C@H]2NC(=O)CCSSC[C@@H](C(=O)N3CCC[C@H]3C(=O)N[C@@H](CCCN)C(=O)NCC(N)=O)NC(=O)[C@H](CC(N)=O)NC(=O)[C@H]([C@@H](C)O)NC(=O)[C@H]([C@@H](C)CC)NC2=O)cc1,0.4886,False,0.199,0.1521,0.7746,0.99
210,,CHEMBL1200951,FLUPHENAZINE ENANTHATE,CCCCCCC(=O)OCCN1CCN(CCCN2c3ccccc3Sc3ccc(C(F)(F)F)cc32)CC1,0.4872,False,0.26,0.3288,0.3533,0.9957
211,,CHEMBL1200965,BACAMPICILLIN HYDROCHLORIDE,CCOC(=O)OC(C)OC(=O)[C@@H]1N2C(=O)[C@@H](NC(=O)[C@H](N)c3ccccc3)[C@H]2SC1(C)C.Cl,0.4849,False,0.222,0.2291,0.9332,0.5334
212,,CHEMBL254316,RALTEGRAVIR,Cc1nnc(C(=O)NC(C)(C)c2nc(C(=O)NCc3ccc(F)cc3)c(O)c(=O)n2C)o1,0.4843,False,0.278,0.6917,0.8344,0.1968
213,,CHEMBL1702,ATOMOXETINE HYDROCHLORIDE,CNCC[C@@H](Oc1ccccc1C)c1ccccc1.Cl,0.4843,False,0.214,0.42,0.2951,0.9165
214,,CHEMBL1200703,CHLORDIAZEPOXIDE HYDROCHLORIDE,CNC1=Nc2ccc(Cl)cc2C(c2ccccc2)=[N+]([O-])C1.Cl,0.4838,False,0.25,0.8911,0.8507,0.1494
215,,CHEMBL1201108,CONIVAPTAN HYDROCHLORIDE,Cc1nc2c([nH]1)-c1ccccc1N(C(=O)c1ccc(NC(=O)c3ccccc3-c3ccccc3)cc1)CC2.Cl,0.4833,False,0.299,0.2786,0.4712,0.8597
216,,CHEMBL1255739,METHAPYRILENE HYDROCHLORIDE,CN(C)CCN(Cc1cccs1)c1ccccn1.Cl,0.4831,False,0.242,0.849,0.1501,0.8846
217,,CHEMBL59,DOPAMINE,NCCc1ccc(O)c(O)c1,0.4817,False,0.368,0.2032,0.9754,0.5639
218,80.0,CHEMBL1755,CONIVAPTAN,Cc1nc2c([nH]1)-c1ccccc1N(C(=O)c1ccc(NC(=O)c3ccccc3-c3ccccc3)cc1)CC2,0.4799,True,0.303,0.2751,0.4671,0.8602
219,,CHEMBL5315119,UPADACITINIB HEMIHYDRATE,CC[C@@H]1CN(C(=O)NCC(F)(F)F)C[C@@H]1c1cnc2cnc3[nH]ccc3n12.CC[C@@H]1CN(C(=O)NCC(F)(F)F)C[C@@H]1c1cnc2cnc3[nH]ccc3n12.O,0.4796,False,0.247,0.3509,0.3378,0.9306
220,81.0,CHEMBL291338,"3,3',4',5-TETRACHLOROSALICYLANILIDE",O=C(Nc1ccc(Cl)c(Cl)c1)c1cc(Cl)cc(Cl)c1O,0.4787,True,0.309,0.9903,0.7793,0.1421
221,82.0,CHEMBL1464,WARFARIN,CC(=O)CC(c1ccccc1)c1c(O)c2ccccc2oc1=O,0.4783,True,0.333,0.5644,0.2564,0.7562
222,,CHEMBL3544985,DASABUVIR SODIUM MONOHYDRATE,COc1c(-c2ccc3cc(NS(C)(=O)=O)ccc3c2)cc(-n2ccc(=O)[n-]c2=O)cc1C(C)(C)C.O.[Na+],0.4782,False,0.284,0.6717,0.4155,0.3918
223,,CHEMBL451,CHLORDIAZEPOXIDE,CNC1=Nc2ccc(Cl)cc2C(c2ccccc2)=[N+]([O-])C1,0.4782,False,0.254,0.8855,0.8396,0.1471
224,,CHEMBL4297185,DAROLUTAMIDE,CC(O)c1cc(C(=O)N[C@@H](C)Cn2ccc(-c3ccc(C#N)c(Cl)c3)n2)n[nH]1,0.4759,False,0.242,0.7481,0.7412,0.1943
225,83.0,CHEMBL4650319,MOBOCERTINIB,C=CC(=O)Nc1cc(Nc2ncc(C(=O)OC(C)C)c(-c3cn(C)c4ccccc34)n2)c(OC)cc1N(C)CCN(C)C,0.4747,True,0.306,0.4242,0.2587,0.9744
226,,CHEMBL1175,DULOXETINE,CNCC[C@H](Oc1cccc2ccccc12)c1cccs1,0.4745,False,0.224,0.9781,0.12,0.9098
227,,CHEMBL218650,DELAMANID,C[C@]1(COc2ccc(N3CCC(Oc4ccc(OC(F)(F)F)cc4)CC3)cc2)Cn2cc([N+](=O)[O-])nc2O1,0.4742,False,0.273,0.4718,0.2777,0.8141
228,,CHEMBL1201197,ALATROFLOXACIN,C[C@H](N)C(=O)N[C@@H](C)C(=O)N[C@H]1[C@@H]2CN(c3nc4c(cc3F)c(=O)c(C(=O)O)cn4-c3ccc(F)cc3F)C[C@@H]21,0.4739,False,0.277,0.3318,0.5593,0.5735
229,,CHEMBL668,PROTRIPTYLINE,CNCCCC1c2ccccc2C=Cc2ccccc21,0.4738,False,0.19,0.4938,0.2287,0.9419
230,,CHEMBL2105695,TELOTRISTAT ETHYL,CCOC(=O)[C@@H](N)Cc1ccc(-c2cc(O[C@H](c3ccc(Cl)cc3-n3ccc(C)n3)C(F)(F)F)nc(N)n2)cc1,0.4733,False,0.24,0.4479,0.649,0.3648
231,,CHEMBL395429,OXYTOCIN,CC[C@H](C)[C@@H]1NC(=O)[C@H](Cc2ccc(O)cc2)NC(=O)[C@@H](N)CSSC[C@@H](C(=O)N2CCC[C@H]2C(=O)N[C@@H](CC(C)C)C(=O)NCC(N)=O)NC(=O)[C@H](CC(N)=O)NC(=O)[C@H](CCC(N)=O)NC1=O,0.4728,False,0.191,0.1719,0.6183,0.9943
232,,CHEMBL3622821,UPADACITINIB,CC[C@@H]1CN(C(=O)NCC(F)(F)F)C[C@@H]1c1cnc2cnc3[nH]ccc3n12,0.4694,False,0.25,0.3372,0.3296,0.9305
233,,CHEMBL1789941,RUXOLITINIB,N#CC[C@H](C1CCCC1)n1cc(-c2ncnc3[nH]ccc23)cn1,0.4693,False,0.295,0.6837,0.1718,0.8798
234,,CHEMBL677,LEVONORDEFRIN,C[C@H](N)[C@H](O)c1ccc(O)c(O)c1,0.4678,False,0.279,0.3495,0.9506,0.3082
235,,CHEMBL862,GUANFACINE,N=C(N)NC(=O)Cc1c(Cl)cccc1Cl,0.4669,False,0.281,0.6283,0.7112,0.2278
236,84.0,CHEMBL1078178,MOMELOTINIB,N#CCNC(=O)c1ccc(-c2ccnc(Nc3ccc(N4CCOCC4)cc3)n2)cc1,0.4667,True,0.563,0.3593,0.5885,0.4807
237,85.0,CHEMBL3545185,SELINEXOR,O=C(/C=C\n1cnc(-c2cc(C(F)(F)F)cc(C(F)(F)F)c2)n1)NNc1cnccn1,0.4643,True,0.308,0.6295,0.4345,0.366
238,,CHEMBL1750,CLOFARABINE,Nc1nc(Cl)nc2c1ncn2[C@@H]1O[C@H](CO)[C@@H](O)[C@@H]1F,0.4642,False,0.28,0.9222,0.4636,0.2339
239,86.0,CHEMBL580,LORAZEPAM,O=C1Nc2ccc(Cl)cc2C(c2ccccc2Cl)=NC1O,0.4636,True,0.339,0.4069,0.4765,0.514
240,,CHEMBL4802239,MOBOCERTINIB SUCCINATE,C=CC(=O)Nc1cc(Nc2ncc(C(=O)OC(C)C)c(-c3cn(C)c4ccccc34)n2)c(OC)cc1N(C)CCN(C)C.O=C(O)CCC(=O)O,0.4623,False,0.293,0.361,0.2805,0.976
241,,CHEMBL1630575,CASPOFUNGIN,CC[C@H](C)C[C@H](C)CCCCCCCCC(=O)N[C@H]1C[C@@H](O)[C@@H](NCCN)NC(=O)[C@@H]2[C@@H](O)CCN2C(=O)[C@H]([C@H](O)CCN)NC(=O)[C@H]([C@H](O)[C@@H](O)c2ccc(O)cc2)NC(=O)[C@@H]2C[C@@H](O)CN2C(=O)[C@H]([C@@H](C)O)NC1=O,0.4618,False,0.176,0.1658,0.6014,0.9881
242,,CHEMBL1200332,PROTRIPTYLINE HYDROCHLORIDE,CNCCCC1c2ccccc2C=Cc2ccccc21.Cl,0.46,False,0.186,0.4352,0.2439,0.9169
243,,CHEMBL1201022,PHENAZOPYRIDINE HYDROCHLORIDE,Cl.Nc1ccc(/N=N/c2ccccc2)c(N)n1,0.4594,False,0.267,0.2935,0.9027,0.3659
244,,CHEMBL1583,BACAMPICILLIN,CCOC(=O)OC(C)OC(=O)[C@@H]1N2C(=O)[C@@H](NC(=O)[C@H](N)c3ccccc3)[C@H]2SC1(C)C,0.4577,False,0.222,0.198,0.9254,0.5233
245,87.0,CHEMBL429910,DAPAGLIFLOZIN,CCOc1ccc(Cc2cc([C@@H]3O[C@H](CO)[C@@H](O)[C@H](O)[C@H]3O)ccc2Cl)cc1,0.4566,True,0.307,0.4021,0.2411,0.9818
246,,CHEMBL970,HALAZEPAM,O=C1CN=C(c2ccccc2)c2cc(Cl)ccc2N1CC(F)(F)F,0.4565,False,0.262,0.4249,0.5026,0.4455
247,,CHEMBL1437,NOREPINEPHRINE,NC[C@H](O)c1ccc(O)c(O)c1,0.4558,False,0.286,0.3225,0.9691,0.3029
248,88.0,CHEMBL492,ETIDOCAINE,CCCN(CC)C(CC)C(=O)Nc1c(C)cccc1C,0.4552,True,0.3,0.8363,0.2133,0.5288
249,89.0,CHEMBL1723,ALFUZOSIN HYDROCHLORIDE,COc1cc2nc(N(C)CCCNC(=O)C3CCCO3)nc(N)c2cc1OC.Cl,0.4528,True,0.322,0.4557,0.7442,0.2738
250,90.0,CHEMBL79,LIDOCAINE,CCN(CC)CC(=O)Nc1c(C)cccc1C,0.4504,True,0.392,0.124,0.7617,0.9672
251,,CHEMBL5315054,ERTUGLIFLOZIN PIDOLATE,CCOc1ccc(Cc2cc([C@]34OC[C@](CO)(O3)[C@@H](O)[C@H](O)[C@H]4O)ccc2Cl)cc1.O=C1CC[C@@H](C(=O)O)N1,0.4504,False,0.264,0.1355,0.9697,0.6955
252,91.0,CHEMBL3545068,COPANLISIB HYDROCHLORIDE,COc1c(OCCCN2CCOCC2)ccc2c1N=C(NC(=O)c1cnc(N)nc1)N1CCN=C21.Cl.Cl,0.4499,True,0.359,0.7339,0.9653,0.1285
253,,CHEMBL2135460,TERLIPRESSIN,NCCCC[C@H](NC(=O)[C@@H]1CCCN1C(=O)[C@@H]1CSSC[C@H](NC(=O)CNC(=O)CNC(=O)CN)C(=O)N[C@@H](Cc2ccc(O)cc2)C(=O)N[C@@H](Cc2ccccc2)C(=O)N[C@@H](CCC(N)=O)C(=O)N[C@@H](CC(N)=O)C(=O)N1)C(=O)NCC(N)=O,0.4493,False,0.199,0.1455,0.6335,0.9837
254,,CHEMBL2105638,DELAFLOXACIN MEGLUMINE,CNC[C@H](O)[C@@H](O)[C@H](O)[C@H](O)CO.Nc1nc(-n2cc(C(=O)O)c(=O)c3cc(F)c(N4CC(O)C4)c(Cl)c32)c(F)cc1F,0.4462,False,0.223,0.5079,0.5275,0.3315
255,,CHEMBL373742,VASOPRESSIN,N=C(N)NCCC[C@H](NC(=O)[C@@H]1CCCN1C(=O)[C@@H]1CSSC[C@H](N)C(=O)N[C@@H](Cc2ccc(O)cc2)C(=O)N[C@@H](Cc2ccccc2)C(=O)N[C@@H](CCC(N)=O)C(=O)N[C@@H](CC(N)=O)C(=O)N1)C(=O)NCC(N)=O,0.4448,False,0.216,0.1857,0.4806,0.9864
256,92.0,CHEMBL3989724,FLURAZEPAM HYDROCHLORIDE,CCN(CC)CCN1C(=O)CN=C(c2ccccc2F)c2cc(Cl)ccc21.Cl.Cl,0.4442,True,0.321,0.215,0.4754,0.8578
257,,CHEMBL1242,PHENAZOPYRIDINE,Nc1ccc(/N=N/c2ccccc2)c(N)n1,0.4441,False,0.273,0.2382,0.8989,0.4091
258,93.0,CHEMBL24944,TRIBROMSALAN,O=C(Nc1ccc(Br)cc1)c1cc(Br)cc(Br)c1O,0.4429,True,0.306,0.9736,0.3588,0.2487
259,94.0,CHEMBL1200406,DIMENHYDRINATE,CN(C)CCOC(c1ccccc1)c1ccccc1.Cn1c(=O)c2[nH]c(Cl)nc2n(C)c1=O,0.4408,True,0.305,0.5798,0.7057,0.2093
260,,CHEMBL2105758,AVATROMBOPAG MALEATE,O=C(Nc1nc(-c2cc(Cl)cs2)c(N2CCN(C3CCCCC3)CC2)s1)c1cnc(N2CCC(C(=O)O)CC2)c(Cl)c1.O=C(O)/C=C\C(=O)O,0.4403,False,0.288,0.5281,0.7796,0.2073
261,,CHEMBL2105711,TOFOGLIFLOZIN,CCc1ccc(Cc2ccc3c(c2)[C@]2(OC3)O[C@H](CO)[C@@H](O)[C@H](O)[C@H]2O)cc1.O,0.4397,False,0.191,0.0891,0.9774,0.9763
262,,CHEMBL189171,ACEMETACIN,COc1ccc2c(c1)c(CC(=O)OCC(=O)O)c(C)n2C(=O)c1ccc(Cl)cc1,0.4395,False,0.273,0.1608,0.6904,0.7648
263,,CHEMBL6068339,IRBESARTAN HYDROCHLORIDE,CCCCC1=NC2(CCCC2)C(=O)N1Cc1ccc(-c2ccccc2-c2nnn[nH]2)cc1.Cl,0.4379,False,0.221,0.1527,0.874,0.6292
264,,CHEMBL1411979,METHAPYRILENE,CN(C)CCN(Cc1cccs1)c1ccccn1,0.4365,False,0.246,0.8545,0.1066,0.9127
265,,CHEMBL1795071,RUXOLITINIB PHOSPHATE,N#CC[C@H](C1CCCC1)n1cc(-c2ncnc3[nH]ccc23)cn1.O=P(O)(O)O,0.4361,False,0.277,0.6418,0.2866,0.451
266,95.0,CHEMBL709,ALFUZOSIN,COc1cc2nc(N(C)CCCNC(=O)C3CCCO3)nc(N)c2cc1OC,0.4358,True,0.326,0.4274,0.7217,0.2683
267,,CHEMBL641,ATOMOXETINE,CNCC[C@@H](Oc1ccccc1C)c1ccccc1,0.4342,False,0.217,0.4137,0.2129,0.9293
268,,CHEMBL2028987,DEGARELIX ACETATE,CC(=O)N[C@H](Cc1ccc2ccccc2c1)C(=O)N[C@H](Cc1ccc(Cl)cc1)C(=O)N[C@H](Cc1cccnc1)C(=O)N[C@@H](CO)C(=O)N[C@@H](Cc1ccc(NC(=O)[C@@H]2CC(=O)NC(=O)N2)cc1)C(=O)N[C@H](Cc1ccc(NC(N)=O)cc1)C(=O)N[C@@H](CC(C)C)C(=O)N[C@@H](CCCCNC(C)C)C(=O)N1CCC[C@H]1C(=O)N[C@H](C)C(N)=O.CC(=O)O,0.4324,False,0.226,0.0855,0.9526,0.9922
269,96.0,CHEMBL1200409,LIDOCAINE HYDROCHLORIDE,CCN(CC)CC(=O)Nc1c(C)cccc1C.Cl.O,0.4322,True,0.377,0.1111,0.753,0.9651
270,,CHEMBL3039507,SOTAGLIFLOZIN,CCOc1ccc(Cc2cc([C@@H]3O[C@H](SC)[C@@H](O)[C@H](O)[C@H]3O)ccc2Cl)cc1,0.4309,False,0.254,0.4362,0.1907,0.9617
271,97.0,CHEMBL3218576,COPANLISIB,COc1c(OCCCN2CCOCC2)ccc2c1N=C(NC(=O)c1cnc(N)nc1)N1CCN=C21,0.4307,True,0.363,0.6852,0.958,0.1217
272,,CHEMBL1719,OLOPATADINE HYDROCHLORIDE,CN(C)CC/C=C1/c2ccccc2COc2ccc(CC(=O)O)cc21.Cl,0.4299,False,0.269,0.2979,0.5366,0.4972
273,,CHEMBL1760,TERBUTALINE,CC(C)(C)NCC(O)c1cc(O)cc(O)c1,0.4291,False,0.235,0.3072,0.3897,0.6601
274,,CHEMBL1557,DOPAMINE HYDROCHLORIDE,Cl.NCCc1ccc(O)c(O)c1,0.4271,False,0.359,0.2879,0.9665,0.2801
275,,CHEMBL3833353,PRAMLINTIDE ACETATE,CC(=O)O.CC[C@H](C)[C@H](NC(=O)[C@@H]1CCCN1C(=O)CNC(=O)[C@H](Cc1ccccc1)NC(=O)[C@H](CC(N)=O)NC(=O)[C@H](CC(N)=O)NC(=O)[C@H](CO)NC(=O)[C@H](CO)NC(=O)[C@H](Cc1c[nH]cn1)NC(=O)[C@@H](NC(=O)[C@H](CC(C)C)NC(=O)[C@H](Cc1ccccc1)NC(=O)[C@H](CC(N)=O)NC(=O)[C@H](C)NC(=O)[C@H](CC(C)C)NC(=O)[C@H](CCCNC(=N)N)NC(=O)[C@H](CCC(N)=O)NC(=O)[C@@H](NC(=O)[C@H](C)NC(=O)[C@@H]1CSSC[C@H](NC(=O)[C@@H](N)CCCCN)C(=O)N[C@@H](CC(N)=O)C(=O)N[C@@H]([C@@H](C)O)C(=O)N[C@@H](C)C(=O)N[C@@H]([C@@H](C)O)C(=O)N1)[C@@H](C)O)C(C)C)C(=O)N[C@@H](CC(C)C)C(=O)N1CCC[C@H]1C(=O)N1CCC[C@H]1C(=O)N[C@H](C(=O)N[C@@H](CC(N)=O)C(=O)N[C@H](C(=O)NCC(=O)N[C@@H](CO)C(=O)N[C@@H](CC(N)=O)C(=O)N[C@H](C(=O)N[C@@H](Cc1ccc(O)cc1)C(N)=O)[C@@H](C)O)C(C)C)[C@@H](C)O,0.4263,False,0.204,0.1001,0.7743,0.9991
276,,CHEMBL1201287,DEXBROMPHENIRAMINE,CN(C)CC[C@@H](c1ccc(Br)cc1)c1ccccn1,0.425,False,0.262,0.9485,0.1546,0.5237
277,98.0,CHEMBL86,METOCLOPRAMIDE,CCN(CC)CCNC(=O)c1cc(Cl)c(N)cc1OC,0.423,True,0.324,0.3274,0.8755,0.264
278,,CHEMBL1513,IRBESARTAN,CCCCC1=NC2(CCCC2)C(=O)N1Cc1ccc(-c2ccccc2-c2nnn[nH]2)cc1,0.4228,False,0.224,0.1394,0.8608,0.6297
279,,CHEMBL1200554,TRIPTORELIN PAMOATE,CC(C)C[C@H](NC(=O)[C@@H](Cc1c[nH]c2ccccc12)NC(=O)[C@H](Cc1ccc(O)cc1)NC(=O)[C@H](CO)NC(=O)[C@H](Cc1c[nH]c2ccccc12)NC(=O)[C@H](Cc1c[nH]cn1)NC(=O)[C@@H]1CCC(=O)N1)C(=O)N[C@@H](CCCNC(=N)N)C(=O)N1CCC[C@H]1C(=O)NCC(N)=O.O=C(O)c1cc2ccccc2c(Cc2c(O)c(C(=O)O)cc3ccccc23)c1O,0.4218,False,0.209,0.1564,0.4808,0.9985
280,,CHEMBL2010601,IVACAFTOR,CC(C)(C)c1cc(C(C)(C)C)c(NC(=O)c2c[nH]c3ccccc3c2=O)cc1O,0.4199,False,0.299,0.3464,0.3354,0.6373
281,,CHEMBL1200987,EPROSARTAN MESYLATE,CCCCc1ncc(/C=C(\Cc2cccs2)C(=O)O)n1Cc1ccc(C(=O)O)cc1.CS(=O)(=O)O,0.4194,False,0.273,0.3331,0.382,0.5799
282,,CHEMBL1189432,OLOPATADINE,CN(C)CC/C=C1/c2ccccc2COc2ccc(CC(=O)O)cc21,0.4189,False,0.254,0.2893,0.5216,0.4872
283,,CHEMBL451930,PLITIDEPSIN,CC[C@H](C)[C@H]1NC(=O)[C@@H](NC(=O)[C@@H](CC(C)C)N(C)C(=O)[C@@H]2CCCN2C(=O)C(C)=O)[C@@H](C)OC(=O)[C@H](Cc2ccc(OC)cc2)N(C)C(=O)[C@@H]2CCCN2C(=O)[C@H](CC(C)C)NC(=O)[C@@H](C)C(=O)[C@H](C(C)C)OC(=O)C[C@@H]1O,0.4179,False,0.199,0.113,0.7141,0.9048
284,,CHEMBL5315049,SITAGLIPTIN FUMARATE,N[C@@H](CC(=O)N1CCn2c(nnc2C(F)(F)F)C1)Cc1cc(F)c(F)cc1F.O=C(O)/C=C\C(=O)O,0.4173,False,0.196,0.4308,0.5362,0.3147
285,99.0,CHEMBL1963681,AVANAFIL,COc1ccc(CNc2nc(N3CCC[C@H]3CO)ncc2C(=O)NCc2ncccn2)cc1Cl,0.4172,True,0.343,0.2988,0.7911,0.3072
286,,CHEMBL2105680,RIFAMYCIN SODIUM,CO[C@H]1/C=C/O[C@@]2(C)Oc3c(C)c([O-])c4c(O)c(cc(O)c4c3C2=O)NC(=O)/C(C)=C\C=C\[C@H](C)[C@H](O)[C@@H](C)[C@@H](O)[C@@H](C)[C@H](OC(C)=O)[C@@H]1C.[Na+],0.4172,False,0.188,0.1959,0.4505,0.823
287,100.0,CHEMBL968,FLURAZEPAM,CCN(CC)CCN1C(=O)CN=C(c2ccccc2F)c2cc(Cl)ccc21,0.4169,True,0.325,0.1919,0.4454,0.8479
288,,CHEMBL437765,RIFAMYCIN,CO[C@H]1/C=C/O[C@@]2(C)Oc3c(C)c(O)c4c(O)c(cc(O)c4c3C2=O)NC(=O)/C(C)=C\C=C\[C@H](C)[C@H](O)[C@@H](C)[C@@H](O)[C@@H](C)[C@H](OC(C)=O)[C@@H]1C,0.4139,False,0.186,0.1876,0.4377,0.8632
289,,CHEMBL864,CARBINOXAMINE,CN(C)CCOC(c1ccc(Cl)cc1)c1ccccn1,0.4135,False,0.258,0.1823,0.4551,0.8519
290,,CHEMBL1201353,DEXCHLORPHENIRAMINE,CN(C)CC[C@@H](c1ccc(Cl)cc1)c1ccccn1,0.4128,False,0.262,0.262,0.3635,0.7385
291,101.0,CHEMBL42,CLOZAPINE,CN1CCN(C2=Nc3cc(Cl)ccc3Nc3ccccc32)CC1,0.4118,True,0.319,0.3919,0.1792,0.9945
292,,CHEMBL3833368,RUCAPARIB CAMSYLATE,CC1(C)[C@@H]2CC[C@@]1(CS(=O)(=O)O)C(=O)C2.CNCc1ccc(-c2[nH]c3cc(F)cc4c3c2CCNC4=O)cc1,0.4115,False,0.235,0.1087,0.9688,0.6616
293,102.0,CHEMBL601719,CRIZOTINIB,C[C@@H](Oc1cc(-c2cnn(C3CCNCC3)c2)cnc1N)c1c(Cl)ccc(F)c1Cl,0.4102,True,0.361,0.9987,0.3412,0.2026
294,,CHEMBL1208155,ELAGOLIX,COc1cccc(-c2c(C)n(Cc3c(F)cccc3C(F)(F)F)c(=O)n(C[C@H](NCCCC(=O)O)c3ccccc3)c2=O)c1F,0.4089,False,0.233,0.4455,0.156,0.9834
295,103.0,CHEMBL4582651,PRALSETINIB,CO[C@]1(C(=O)N[C@@H](C)c2ccc(-n3cc(F)cn3)nc2)CC[C@H](c2nc(C)cc(Nc3cc(C)[nH]n3)n2)CC1,0.4088,True,0.311,0.1213,0.6141,0.917
296,,CHEMBL1480987,CYCLANDELATE,CC1CC(OC(=O)C(O)c2ccccc2)CC(C)(C)C1,0.4083,False,0.238,0.5817,0.2414,0.4848
297,,CHEMBL3349607,PASIREOTIDE,NCCCC[C@@H]1NC(=O)[C@@H](Cc2c[nH]c3ccccc23)NC(=O)[C@H](c2ccccc2)NC(=O)[C@@H]2C[C@@H](OC(=O)NCCN)CN2C(=O)[C@H](Cc2ccccc2)NC(=O)[C@H](Cc2ccc(OCc3ccccc3)cc2)NC1=O,0.4078,False,0.231,0.1,0.7203,0.9416
298,,CHEMBL713,ENTECAVIR ANHYDROUS,C=C1[C@H](CO)[C@@H](O)C[C@@H]1n1cnc2c(=O)[nH]c(N)nc21,0.4032,False,0.218,0.1133,0.6851,0.8441
299,,CHEMBL387675,DAPTOMYCIN,CCCCCCCCCC(=O)N[C@@H](Cc1c[nH]c2ccccc12)C(=O)N[C@@H](CC(N)=O)C(=O)N[C@@H](CC(=O)O)C(=O)N[C@@H]1C(=O)NCC(=O)N[C@@H](CCCN)C(=O)N[C@@H](CC(=O)O)C(=O)N[C@H](C)C(=O)N[C@@H](CC(=O)O)C(=O)NCC(=O)N[C@H](CO)C(=O)N[C@@H]([C@H](C)CC(=O)O)C(=O)N[C@@H](CC(=O)c2ccccc2N)C(=O)O[C@@H]1C,0.4025,False,0.195,0.1371,0.4771,0.9974
300,,CHEMBL5314362,ENTECAVIR,C=C1[C@H](CO)[C@@H](O)C[C@@H]1n1cnc2c(=O)[nH]c(N)nc21.O,0.4025,False,0.215,0.1165,0.6811,0.8216
301,,CHEMBL1764,LEVOMEPROMAZINE,COc1ccc2c(c1)N(C[C@H](C)CN(C)C)c1ccccc1S2,0.3988,False,0.254,0.3292,0.1934,0.996
302,,CHEMBL344159,TOLVAPTAN,Cc1ccccc1C(=O)Nc1ccc(C(=O)N2CCCC(O)c3cc(Cl)ccc32)c(C)c1,0.3975,False,0.299,0.1632,0.8463,0.4549
303,,CHEMBL3545123,PIBRENTASVIR,COC(=O)N[C@H](C(=O)N1CCC[C@H]1c1nc2cc([C@H]3CC[C@H](c4cc5nc([C@@H]6CCCN6C(=O)[C@@H](NC(=O)OC)[C@@H](C)OC)[nH]c5cc4F)N3c3cc(F)c(N4CCC(c5ccc(F)cc5)CC4)c(F)c3)c(F)cc2[nH]1)[C@@H](C)OC,0.3973,False,0.259,0.2452,0.2895,0.8835
304,,CHEMBL3545062,VELPATASVIR,COC[C@H]1C[C@@H](c2nc(-c3ccc4c(c3)COc3cc5c(ccc6nc([C@@H]7CC[C@H](C)N7C(=O)[C@@H](NC(=O)OC)C(C)C)[nH]c65)cc3-4)c[nH]2)N(C(=O)[C@H](NC(=O)OC)c2ccccc2)C1,0.3972,False,0.2,0.435,0.1484,0.9709
305,,CHEMBL1201777,TAPENTADOL HYDROCHLORIDE,CC[C@@H](c1cccc(O)c1)[C@@H](C)CN(C)C.Cl,0.3962,False,0.25,0.2232,0.3836,0.7263
306,105.0,CHEMBL231068,FLIBANSERIN,O=c1[nH]c2ccccc2n1CCN1CCN(c2cccc(C(F)(F)F)c2)CC1,0.394,True,0.384,0.4632,0.1608,0.8212
307,104.0,CHEMBL189963,PALBOCICLIB,CC(=O)c1c(C)c2cnc(Nc3ccc(N4CCNCC4)cn3)nc2n(C2CCCC2)c1=O,0.394,True,0.4,0.07,0.8999,0.9712
308,,CHEMBL91397,RUPATADINE,Cc1cncc(CN2CCC(=C3c4ccc(Cl)cc4CCc4cccnc43)CC2)c1,0.3937,False,0.267,0.1093,0.5651,0.9876
309,,CHEMBL1201185,LANREOTIDE,CC(C)[C@@H]1NC(=O)[C@H](CCCCN)NC(=O)[C@@H](Cc2c[nH]c3ccccc23)NC(=O)[C@H](Cc2ccc(O)cc2)NC(=O)[C@@H](NC(=O)[C@H](N)Cc2ccc3ccccc3c2)CSSC[C@@H](C(=O)N[C@H](C(N)=O)[C@@H](C)O)NC1=O,0.3934,False,0.202,0.1343,0.4721,0.9603
310,,CHEMBL1199307,DISTIGMINE,CN(CCCCCCN(C)C(=O)Oc1ccc[n+](C)c1)C(=O)Oc1ccc[n+](C)c1,0.3934,False,0.259,0.0717,0.9738,0.8715
311,,CHEMBL1201155,LOXAPINE SUCCINATE,CN1CCN(C2=Nc3ccccc3Oc3ccc(Cl)cc32)CC1.O=C(O)CCC(=O)O,0.3926,False,0.288,0.1098,0.7103,0.7759
312,106.0,CHEMBL1200772,WARFARIN POTASSIUM,CC(=O)CC(c1ccccc1)c1c([O-])c2ccccc2oc1=O.[K+],0.3916,True,0.317,0.4905,0.305,0.4016
313,,CHEMBL811,BROMPHENIRAMINE,CN(C)CCC(c1ccc(Br)cc1)c1ccccn1,0.3906,False,0.262,0.8604,0.1593,0.4346
314,107.0,CHEMBL593,DELAVIRDINE,CC(C)Nc1cccnc1N1CCN(C(=O)c2cc3cc(NS(C)(=O)=O)ccc3[nH]2)CC1,0.3892,True,0.34,0.2376,0.4757,0.5216
315,,CHEMBL1200556,DESMOPRESSIN ACETATE,CC(=O)O.N=C(N)NCCC[C@@H](NC(=O)[C@@H]1CCCN1C(=O)[C@@H]1CSSCCC(=O)N[C@@H](Cc2ccc(O)cc2)C(=O)N[C@@H](Cc2ccccc2)C(=O)N[C@@H](CCC(N)=O)C(=O)N[C@@H](CC(N)=O)C(=O)N1)C(=O)NCC(N)=O,0.3876,False,0.211,0.1094,0.5582,0.9532
316,,CHEMBL1929396,ANAGLIPTIN,Cc1cc2ncc(C(=O)NCC(C)(C)NCC(=O)N3CCC[C@H]3C#N)cn2n1,0.3875,False,0.261,0.0829,0.8451,0.8299
317,,CHEMBL225071,RALTITREXED,Cc1nc(=O)c2cc(CN(C)c3ccc(C(=O)N[C@@H](CCC(=O)O)C(=O)O)s3)ccc2[nH]1,0.387,False,0.289,0.0875,0.7551,0.8771
318,,CHEMBL502182,ELAGOLIX SODIUM,COc1cccc(-c2c(C)n(Cc3c(F)cccc3C(F)(F)F)c(=O)n(C[C@H](NCCCC(=O)[O-])c3ccccc3)c2=O)c1F.[Na+],0.3856,False,0.227,0.3784,0.1557,0.9727
319,,CHEMBL1200868,PHENYL AMINOSALICYLATE,Nc1ccc(C(=O)Oc2ccccc2)c(O)c1,0.3849,False,0.283,0.2504,0.9483,0.2401
320,,CHEMBL1262,OXICONAZOLE,Clc1ccc(CO/N=C(\Cn2ccnc2)c2ccc(Cl)cc2Cl)c(Cl)c1,0.3847,False,0.261,0.5983,0.7261,0.131
321,,CHEMBL1118,DESVENLAFAXINE,CN(C)CC(c1ccc(O)cc1)C1(O)CCCCC1,0.3836,False,0.205,0.1041,0.5473,0.9912
322,,CHEMBL3545432,IXAZOMIB CITRATE,CC(C)C[C@H](NC(=O)CNC(=O)c1cc(Cl)ccc1Cl)B1OC(=O)C(CC(=O)O)(CC(=O)O)O1,0.3806,False,0.235,0.2535,0.8221,0.2645
323,,CHEMBL853,ZALCITABINE,Nc1ccn([C@H]2CC[C@@H](CO)O2)c(=O)n1,0.38,False,0.585,0.0845,0.7765,0.8357
324,,CHEMBL4297603,DEUTIVACAFTOR,[2H]C([2H])([2H])C(c1cc(C(C)(C)C)c(NC(=O)c2c[nH]c3ccccc3c2=O)cc1O)(C([2H])([2H])[2H])C([2H])([2H])[2H],0.3792,False,0.282,0.3152,0.1756,0.9853
325,,CHEMBL1619,CLADRIBINE,Nc1nc(Cl)nc2c1ncn2[C@H]1C[C@H](O)[C@@H](CO)O1,0.3786,False,0.235,0.8832,0.2679,0.2294
326,108.0,CHEMBL1200879,WARFARIN SODIUM,CC(=O)CC(c1ccccc1)c1c([O-])c2ccccc2oc1=O.[Na+],0.3785,True,0.317,0.4885,0.2855,0.3888
327,,CHEMBL505,CHLORPHENIRAMINE,CN(C)CCC(c1ccc(Cl)cc1)c1ccccn1,0.3763,False,0.262,0.1768,0.4027,0.7482
328,109.0,CHEMBL9225,HEXESTROL,CC[C@H](c1ccc(O)cc1)[C@@H](CC)c1ccc(O)cc1,0.375,True,0.333,0.306,0.4123,0.4178
329,,CHEMBL480,LANSOPRAZOLE,Cc1c(OCC(F)(F)F)ccnc1C[S+]([O-])c1nc2ccccc2[nH]1,0.3743,False,0.258,0.9056,0.6126,0.0946
330,,CHEMBL1237080,GRANISETRON HYDROCHLORIDE,CN1C2CCCC1CC(NC(=O)c1nn(C)c3ccccc13)C2.Cl,0.374,False,0.267,0.0986,0.784,0.6766
331,110.0,CHEMBL929,DELAVIRDINE MESYLATE,CC(C)Nc1cccnc1N1CCN(C(=O)c2cc3cc(NS(C)(=O)=O)ccc3[nH]2)CC1.CS(=O)(=O)O,0.3736,True,0.337,0.217,0.4781,0.5027
332,,CHEMBL3301624,SETMELANOTIDE,CC(=O)N[C@@H](CCCNC(=N)N)C(=O)N[C@H]1CSSC[C@@H](C(N)=O)NC(=O)[C@H](Cc2c[nH]c3ccccc23)NC(=O)[C@H](CCCNC(=N)N)NC(=O)[C@@H](Cc2ccccc2)NC(=O)[C@H](Cc2c[nH]cn2)NC(=O)[C@@H](C)NC1=O,0.3733,False,0.226,0.1982,0.265,0.9904
333,,CHEMBL3348963,TELOTRISTAT ETIPRATE,CCOC(=O)[C@@H](N)Cc1ccc(-c2cc(O[C@H](c3ccc(Cl)cc3-n3ccc(C)n3)C(F)(F)F)nc(N)n2)cc1.O=C(O)CNC(=O)c1ccccc1,0.3732,False,0.22,0.2308,0.5883,0.3828
334,111.0,CHEMBL21333,PRANLUKAST,O=C(Nc1cccc2c(=O)cc(-c3nnn[nH]3)oc12)c1ccc(OCCCCc2ccccc2)cc1,0.3728,True,0.344,0.113,0.5212,0.8793
335,,CHEMBL382301,ATOSIBAN,CCOc1ccc(C[C@H]2NC(=O)CCSSC[C@@H](C(=O)N3CCC[C@H]3C(=O)N[C@@H](CCCN)C(=O)NCC(N)=O)NC(=O)[C@H](CC(N)=O)NC(=O)[C@H]([C@@H](C)O)NC(=O)[C@H]([C@@H](C)CC)NC2=O)cc1,0.3727,False,0.194,0.0821,0.6434,0.9806
336,112.0,CHEMBL1200396,BUPIVACAINE HYDROCHLORIDE,CCCCN1CCCCC1C(=O)Nc1c(C)cccc1C.Cl,0.3722,True,0.312,0.4857,0.2991,0.355
337,,CHEMBL415606,DEGARELIX,CC(=O)N[C@H](Cc1ccc2ccccc2c1)C(=O)N[C@H](Cc1ccc(Cl)cc1)C(=O)N[C@H](Cc1cccnc1)C(=O)N[C@@H](CO)C(=O)N[C@@H](Cc1ccc(NC(=O)[C@@H]2CC(=O)NC(=O)N2)cc1)C(=O)N[C@H](Cc1ccc(NC(N)=O)cc1)C(=O)N[C@@H](CC(C)C)C(=O)N[C@@H](CCCCNC(C)C)C(=O)N1CCC[C@H]1C(=O)N[C@H](C)C(N)=O,0.3711,False,0.229,0.055,0.9422,0.9861
338,,CHEMBL1201251,ARBUTAMINE,Oc1ccc(CCCCNC[C@H](O)c2ccc(O)c(O)c2)cc1,0.3705,False,0.259,0.0673,0.8771,0.8617
339,113.0,CHEMBL2396661,ALPELISIB,Cc1nc(NC(=O)N2CCC[C@H]2C(N)=O)sc1-c1ccnc(C(C)(C)C(F)(F)F)c1,0.37,True,0.325,0.783,0.1068,0.6055
340,,CHEMBL3301650,DALBAVANCIN HYDROCHLORIDE,CN[C@H]1C(=O)N[C@@H]2Cc3ccc(cc3)Oc3cc4cc(c3O[C@@H]3O[C@H](C(=O)O)[C@@H](O)[C@H](O)[C@H]3NC(=O)CCCCCCCCC(C)C)Oc3ccc(cc3Cl)[C@@H](O)[C@@H]3NC(=O)[C@H](NC(=O)[C@@H]4NC(=O)[C@@H](NC2=O)c2cc(cc(O)c2Cl)Oc2cc1ccc2O)c1ccc(O)c(c1)-c1c(O[C@H]2O[C@H](CO)[C@@H](O)[C@H](O)[C@@H]2O)cc(O)cc1[C@@H](C(=O)NCCCN(C)C)NC3=O.Cl,0.3688,False,0.186,0.3136,0.1608,0.995
341,114.0,CHEMBL3039520,LASMIDITAN,CN1CCC(C(=O)c2cccc(NC(=O)c3c(F)cc(F)cc3F)n2)CC1,0.3686,True,0.38,0.419,0.6217,0.1922
342,,CHEMBL397420,ACENOCOUMAROL,CC(=O)CC(c1ccc([N+](=O)[O-])cc1)c1c(O)c2ccccc2oc1=O,0.3668,False,0.288,0.3738,0.2904,0.4546
343,,CHEMBL70246,ACEFYLLINE,Cn1c(=O)c2c(ncn2CC(=O)O)n(C)c1=O,0.3666,False,0.262,0.3358,0.2731,0.537
344,,CHEMBL1200385,ARBUTAMINE HYDROCHLORIDE,Cl.Oc1ccc(CCCCNC[C@H](O)c2ccc(O)c(O)c2)cc1,0.3658,False,0.255,0.0751,0.8584,0.7595
345,,CHEMBL3301669,DALBAVANCIN,CN[C@H]1C(=O)N[C@@H]2Cc3ccc(cc3)Oc3cc4cc(c3O[C@@H]3O[C@H](C(=O)O)[C@@H](O)[C@H](O)[C@H]3NC(=O)CCCCCCCCC(C)C)Oc3ccc(cc3Cl)[C@@H](O)[C@@H]3NC(=O)[C@H](NC(=O)[C@@H]4NC(=O)[C@@H](NC2=O)c2cc(cc(O)c2Cl)Oc2cc1ccc2O)c1ccc(O)c(c1)-c1c(O[C@H]2O[C@H](CO)[C@@H](O)[C@H](O)[C@@H]2O)cc(O)cc1[C@@H](C(=O)NCCCN(C)C)NC3=O,0.3623,False,0.187,0.3065,0.1559,0.995
346,115.0,CHEMBL452,CLONAZEPAM,O=C1CN=C(c2ccccc2Cl)c2cc([N+](=O)[O-])ccc2N1,0.3617,True,0.383,0.4926,0.5078,0.1891
347,116.0,CHEMBL1200749,LEVOBUPIVACAINE HYDROCHLORIDE,CCCCN1CCCC[C@H]1C(=O)Nc1c(C)cccc1C.Cl,0.3609,True,0.312,0.6044,0.2082,0.3735
348,117.0,CHEMBL230158,SELADELPAR,CCO[C@H](COc1ccc(C(F)(F)F)cc1)CSc1ccc(OCC(=O)O)c(C)c1,0.3607,True,0.329,0.0814,0.7203,0.8003
349,,CHEMBL1685,DEZOCINE,C[C@@]12CCCCC[C@@H](Cc3ccc(O)cc31)[C@@H]2N,0.3585,False,0.209,0.0621,0.7855,0.9451
350,118.0,CHEMBL568,OXAZEPAM,O=C1Nc2ccc(Cl)cc2C(c2ccccc2)=NC1O,0.3583,True,0.345,0.2949,0.4556,0.3422
351,,CHEMBL1413,CICLOPIROX,Cc1cc(C2CCCCC2)n(O)c(=O)c1,0.358,False,0.25,0.3618,0.1876,0.6763
352,,CHEMBL2106660,ACEFYLLINE PIPERAZINE,C1CNCCN1.Cn1c(=O)c2c(ncn2CC(=O)O)n(C)c1=O.Cn1c(=O)c2c(ncn2CC(=O)O)n(C)c1=O,0.3572,False,0.239,0.2543,0.2715,0.6602
353,,CHEMBL1709,SERTRALINE HYDROCHLORIDE,CN[C@H]1CC[C@@H](c2ccc(Cl)c(Cl)c2)c2ccccc21.Cl,0.3565,False,0.233,0.8576,0.0725,0.7286
354,,CHEMBL1200961,BROMPHENIRAMINE MALEATE,CN(C)CCC(c1ccc(Br)cc1)c1ccccn1.O=C(O)/C=C\C(=O)O,0.354,False,0.286,0.4821,0.269,0.342
355,,CHEMBL2221250,CAPREOMYCIN,C[C@@H]1NC(=O)[C@@H](N)CNC(=O)[C@H](C2CCNC(=N)N2)NC(=O)/C(=C/NC(N)=O)NC(=O)[C@H](CNC(=O)CC(N)CCCN)NC1=O.N=C1NCCC([C@@H]2NC(=O)/C(=C/NC(N)=O)NC(=O)[C@H](CNC(=O)CC(N)CCCN)NC(=O)[C@H](CO)NC(=O)[C@@H](N)CNC2=O)N1,0.3539,False,0.162,0.1006,0.4604,0.9571
356,,CHEMBL2103758,PRAMLINTIDE,CC[C@H](C)[C@H](NC(=O)[C@@H]1CCCN1C(=O)CNC(=O)[C@H](Cc1ccccc1)NC(=O)[C@H](CC(N)=O)NC(=O)[C@H](CC(N)=O)NC(=O)[C@H](CO)NC(=O)[C@H](CO)NC(=O)[C@H](Cc1c[nH]cn1)NC(=O)[C@@H](NC(=O)[C@H](CC(C)C)NC(=O)[C@H](Cc1ccccc1)NC(=O)[C@H](CC(N)=O)NC(=O)[C@H](C)NC(=O)[C@H](CC(C)C)NC(=O)[C@H](CCCNC(=N)N)NC(=O)[C@H](CCC(N)=O)NC(=O)[C@@H](NC(=O)[C@H](C)NC(=O)[C@@H]1CSSC[C@H](NC(=O)[C@@H](N)CCCCN)C(=O)N[C@@H](CC(N)=O)C(=O)N[C@@H]([C@@H](C)O)C(=O)N[C@@H](C)C(=O)N[C@@H]([C@@H](C)O)C(=O)N1)[C@@H](C)O)C(C)C)C(=O)N[C@@H](CC(C)C)C(=O)N1CCC[C@H]1C(=O)N1CCC[C@H]1C(=O)N[C@H](C(=O)N[C@@H](CC(N)=O)C(=O)N[C@H](C(=O)NCC(=O)N[C@@H](CO)C(=O)N[C@@H](CC(N)=O)C(=O)N[C@H](C(=O)N[C@@H](Cc1ccc(O)cc1)C(N)=O)[C@@H](C)O)C(C)C)[C@@H](C)O,0.3533,False,0.2,0.0669,0.6602,0.9983
357,,CHEMBL1448187,FLUPHENAZINE HYDROCHLORIDE,Cl.Cl.OCCN1CCN(CCCN2c3ccccc3Sc3ccc(C(F)(F)F)cc32)CC1,0.3528,False,0.253,0.2092,0.2128,0.9862
358,,CHEMBL3989921,NERATINIB MALEATE,CCOc1cc2ncc(C#N)c(Nc3ccc(OCc4ccccn4)c(Cl)c3)c2cc1NC(=O)/C=C/CN(C)C.O=C(O)/C=C\C(=O)O,0.3519,False,0.716,0.7327,0.5034,0.1182
359,,CHEMBL2105682,EDOXABAN TOSYLATE,CN1CCc2nc(C(=O)N[C@@H]3C[C@@H](C(=O)N(C)C)CC[C@@H]3NC(=O)C(=O)Nc3ccc(Cl)cn3)sc2C1.Cc1ccc(S(=O)(=O)O)cc1,0.3515,False,0.257,0.1001,0.6444,0.6732
360,,CHEMBL628,PENTOXIFYLLINE,CC(=O)CCCCn1c(=O)c2c(ncn2C)n(C)c1=O,0.3514,False,0.243,0.6234,0.1265,0.5502
361,119.0,CHEMBL685,MEBENDAZOLE,COC(=O)Nc1nc2cc(C(=O)c3ccccc3)ccc2[nH]1,0.3511,True,0.547,0.1175,0.5951,0.6189
362,,CHEMBL582,ISOPROPYL ALCOHOL,CC(C)O,0.3509,False,0.102,0.535,0.1193,0.6767
363,,CHEMBL646,TRIAZOLAM,Cc1nnc2n1-c1ccc(Cl)cc1C(c1ccccc1Cl)=NC2,0.3509,False,0.247,0.2341,0.2155,0.8569
364,,CHEMBL454446,CEFDITOREN PIVOXIL,CO/N=C(\C(=O)N[C@@H]1C(=O)N2C(C(=O)OCOC(=O)C(C)(C)C)=C(/C=C\c3scnc3C)CS[C@H]12)c1csc(N)n1,0.3499,False,0.178,0.3216,0.8917,0.1493
365,120.0,CHEMBL2105717,CABOZANTINIB,COc1cc2nccc(Oc3ccc(NC(=O)C4(C(=O)Nc5ccc(F)cc5)CC4)cc3)c2cc1OC,0.3493,True,0.618,0.3292,0.9636,0.1344
366,,CHEMBL2028852,ICATIBANT ACETATE,CC(=O)O.N=C(N)NCCC[C@@H](N)C(=O)N[C@@H](CCCNC(=N)N)C(=O)N1CCC[C@H]1C(=O)N1C[C@H](O)C[C@H]1C(=O)NCC(=O)N[C@@H](Cc1cccs1)C(=O)N[C@@H](CO)C(=O)N1Cc2ccccc2C[C@@H]1C(=O)N1[C@H](C(=O)N[C@@H](CCCNC(=N)N)C(=O)O)C[C@@H]2CCCC[C@@H]21,0.3486,False,0.189,0.0804,0.5305,0.9924
367,,CHEMBL1200759,ANAGRELIDE HYDROCHLORIDE,Cl.O=C1CN2Cc3c(ccc(Cl)c3Cl)N=C2N1,0.3485,False,0.194,0.8978,0.0601,0.784
368,121.0,CHEMBL3545376,ERDAFITINIB,COc1cc(OC)cc(N(CCNC(C)C)c2ccc3ncc(-c4cnn(C)c4)nc3c2)c1,0.3484,True,0.318,0.2696,0.1572,0.9977
369,,CHEMBL1200558,BACITRACIN,CC[C@H](C)[C@H](N)C1=N[C@H](C(=O)N[C@@H](CC(C)C)C(=O)N[C@H](CCC(=O)O)C(=O)N[C@H](C(=O)N[C@H]2CCCCNC(=O)[C@H](CC(N)=O)NC(=O)[C@@H](CC(=O)O)NC(=O)[C@H](Cc3cnc[nH]3)NC(=O)[C@@H](Cc3ccccc3)NC(=O)[C@H]([C@@H](C)CC)NC(=O)[C@@H](CCCN)NC2=O)[C@@H](C)CC)CS1,0.3481,False,0.246,0.083,0.5259,0.9663
370,,CHEMBL1200638,DEXBROMPHENIRAMINE MALEATE,CN(C)CC[C@@H](c1ccc(Br)cc1)c1ccccn1.O=C(O)/C=C\C(=O)O,0.348,False,0.286,0.5587,0.2351,0.3208
371,122.0,CHEMBL1200940,METOCLOPRAMIDE HYDROCHLORIDE,CCN(CC)CCNC(=O)c1cc(Cl)c(N)cc1OC.Cl.O,0.3465,True,0.316,0.3328,0.8667,0.1442
372,,CHEMBL1419,SIBUTRAMINE,CC(C)CC(N(C)C)C1(c2ccc(Cl)cc2)CCC1,0.3464,False,0.219,0.0487,0.8705,0.9805
373,,CHEMBL4297533,BREMELANOTIDE ACETATE,CC(=O)O.CCCC[C@H](NC(C)=O)C(=O)N[C@H]1CC(=O)NCCCC[C@@H](C(=O)O)NC(=O)[C@H](Cc2c[nH]c3ccccc23)NC(=O)[C@H](CCCNC(=N)N)NC(=O)[C@@H](Cc2ccccc2)NC(=O)[C@H](Cc2c[nH]cn2)NC1=O,0.3461,False,0.225,0.1096,0.3851,0.9818
374,,CHEMBL404849,SULOCTIDIL,CCCCCCCCNC(C)C(O)c1ccc(SC(C)C)cc1,0.3458,False,0.246,0.3358,0.2075,0.5937
375,,CHEMBL222559,TIPRANAVIR,CCC[C@@]1(CCc2ccccc2)CC(O)=C([C@H](CC)c2cccc(NS(=O)(=O)c3ccc(C(F)(F)F)cn3)c2)C(=O)O1,0.3457,False,0.277,0.1322,0.3203,0.9753
376,,CHEMBL2035187,PACRITINIB,C1=N/C2=N/c3ccc(OCCN4CCCC4)c(c3)COC/C=C/COCc3cccc(c3)C(=C1)N2,0.3444,False,0.27,0.1557,0.3465,0.7574
377,123.0,CHEMBL1098,BUPIVACAINE,CCCCN1CCCCC1C(=O)Nc1c(C)cccc1C,0.3444,True,0.317,0.4717,0.2015,0.4298
378,,CHEMBL2104391,INSULIN DETEMIR,CCCCCCCCCCCCCC(=O)NCCCC[C@H](NC(=O)[C@@H]1CCCN1C(=O)[C@@H](NC(=O)[C@H](Cc1ccc(O)cc1)NC(=O)[C@H](Cc1ccccc1)NC(=O)[C@H](Cc1ccccc1)NC(=O)CNC(=O)[C@H](CCCNC(=N)N)NC(=O)[C@H](CCC(=O)O)NC(=O)CNC(=O)[C@@H]1CSSC[C@@H](C(=O)N[C@@H](CC(N)=O)C(=O)O)NC(=O)[C@H](Cc2ccc(O)cc2)NC(=O)[C@H](CC(N)=O)NC(=O)[C@H](CCC(=O)O)NC(=O)[C@H](CC(C)C)NC(=O)[C@H](CCC(N)=O)NC(=O)[C@H](Cc2ccc(O)cc2)NC(=O)[C@H](CC(C)C)NC(=O)[C@H](CO)NC(=O)[C@@H]2CSSC[C@H](NC(=O)[C@H](CCC(N)=O)NC(=O)[C@H](CCC(=O)O)NC(=O)[C@@H](NC(=O)[C@@H](NC(=O)CN)[C@@H](C)CC)C(C)C)C(=O)N[C@@H](CSSC[C@H](NC(=O)[C@H](CC(C)C)NC(=O)[C@H](Cc3c[nH]cn3)NC(=O)[C@H](CCC(N)=O)NC(=O)[C@H](CC(N)=O)NC(=O)[C@@H](NC(=O)[C@@H](N)Cc3ccccc3)C(C)C)C(=O)NCC(=O)N[C@@H](CO)C(=O)N[C@@H](Cc3c[nH]cn3)C(=O)N[C@@H](CC(C)C)C(=O)N[C@@H](C(C)C)C(=O)N[C@@H](CCC(=O)O)C(=O)N[C@@H](C)C(=O)N[C@@H](CC(C)C)C(=O)N[C@@H](Cc3ccc(O)cc3)C(=O)N[C@@H](CC(C)C)C(=O)N[C@@H](C(C)C)C(=O)N1)C(=O)N[C@@H]([C@@H](C)O)C(=O)N[C@@H](CO)C(=O)N[C@@H]([C@@H](C)CC)C(=O)N2)[C@@H](C)O)C(=O)O,0.3432,False,0.206,0.0694,0.5843,0.9966
379,,CHEMBL1276308,MIFEPRISTONE,CC#C[C@]1(O)CC[C@H]2[C@@H]3CCC4=CC(=O)CCC4=C3[C@@H](c3ccc(N(C)C)cc3)C[C@@]21C,0.3431,False,0.189,0.0574,0.8858,0.794
380,,CHEMBL4173394,BRILLIANT BLUE G,CCOc1ccc(Nc2ccc(/C(=C3/C=C/C(=[N+](/CC)Cc4cccc(S(=O)(=O)[O-])c4)C=C3C)c3ccc(N(CC)Cc4cccc(S(=O)(=O)[O-])c4)cc3C)cc2)cc1.[Na+],0.3431,False,0.217,0.0692,0.6873,0.849
381,124.0,CHEMBL3545063,OSIMERTINIB MESYLATE,C=CC(=O)Nc1cc(Nc2nccc(-c3cn(C)c4ccccc34)n2)c(OC)cc1N(C)CCN(C)C.CS(=O)(=O)O,0.343,True,0.363,0.452,0.1613,0.5537
382,,CHEMBL1201168,ISOCARBOXAZID,Cc1cc(C(=O)NNCc2ccccc2)no1,0.3425,False,0.288,0.0437,0.9426,0.9748
383,,CHEMBL17157,TERFENADINE,CC(C)(C)c1ccc(C(O)CCCN2CCC(C(O)(c3ccccc3)c3ccccc3)CC2)cc1,0.3396,False,0.29,0.1278,0.3136,0.9773
384,,CHEMBL772,RESERPINE,COC(=O)[C@H]1[C@H]2C[C@@H]3c4[nH]c5cc(OC)ccc5c4CCN3C[C@H]2C[C@@H](OC(=O)c2cc(OC)c(OC)c(OC)c2)[C@@H]1OC,0.3394,False,0.232,0.1069,0.4131,0.8847
385,,CHEMBL2218913,CAPREOMYCIN SULFATE,C[C@@H]1NC(=O)[C@@H](N)CNC(=O)[C@H](C2CCNC(=N)N2)NC(=O)/C(=C/NC(N)=O)NC(=O)[C@H](CNC(=O)CC(N)CCCN)NC1=O.N=C1NCCC([C@@H]2NC(=O)/C(=C/NC(N)=O)NC(=O)[C@H](CNC(=O)CC(N)CCCN)NC(=O)[C@H](CO)NC(=O)[C@@H](N)CNC2=O)N1.O=S(=O)(O)O.O=S(=O)(O)O,0.3388,False,0.157,0.0813,0.5656,0.8454
386,,CHEMBL2111100,MIFAMURTIDE ACID,CCCCCCCCCCCCCCCC(=O)OC[C@H](COP(=O)(O)OCCNC(=O)[C@H](C)NC(=O)CC[C@@H](NC(=O)[C@H](C)NC(=O)[C@@H](C)O[C@H]1[C@H](O)[C@@H](CO)OC(O)[C@@H]1NC(C)=O)C(N)=O)OC(=O)CCCCCCCCCCCCCCC,0.3385,False,0.208,0.1144,0.3393,0.9996
387,,CHEMBL1213250,CEFTOLOZANE SULFATE,Cn1c(N)c(NC(=O)NCCN)c[n+]1CC1=C(C(=O)O)N2C(=O)[C@@H](NC(=O)/C(=N\OC(C)(C)C(=O)[O-])c3nsc(N)n3)[C@H]2SC1.O=S(=O)(O)O,0.3379,False,0.22,0.1264,0.3455,0.8836
388,,CHEMBL1096146,PONESIMOD,CCC/N=C1\S/C(=C\c2ccc(OC[C@H](O)CO)c(Cl)c2)C(=O)N1c1ccccc1C,0.3371,False,0.258,0.1978,0.339,0.5715
389,125.0,CHEMBL146095,GLAFENINE,O=C(OCC(O)CO)c1ccccc1Nc1ccnc2cc(Cl)ccc12,0.3368,True,0.333,0.2478,0.3312,0.4657
390,,CHEMBL3707330,ROLAPITANT HYDROCHLORIDE,C[C@@H](OC[C@@]1(c2ccccc2)CC[C@]2(CCC(=O)N2)CN1)c1cc(C(F)(F)F)cc(C(F)(F)F)c1.Cl.O,0.3337,False,0.2,0.1883,0.2031,0.9718
391,,CHEMBL405,AMPHETAMINE,CC(N)Cc1ccccc1,0.3337,False,0.271,0.1777,0.2268,0.922
392,,CHEMBL1201776,TAPENTADOL,CC[C@@H](c1cccc(O)c1)[C@@H](C)CN(C)C,0.3334,False,0.255,0.153,0.3268,0.7414
393,,CHEMBL625,THIABENDAZOLE,c1ccc2[nH]c(-c3cscn3)nc2c1,0.3333,False,0.419,0.9878,0.0401,0.9339
394,,CHEMBL4594273,ELACESTRANT HYDROCHLORIDE,CCNCCc1ccc(CN(CC)c2cc(OC)ccc2[C@@H]2CCc3cc(O)ccc3C2)cc1.Cl.Cl,0.3332,False,0.225,0.1223,0.3113,0.9714
395,,CHEMBL1103,FURAZOLIDONE,O=C1OCCN1/N=C/c1ccc([N+](=O)[O-])o1,0.3326,False,0.186,0.2854,0.3298,0.3908
396,126.0,CHEMBL277062,BROMAZEPAM,O=C1CN=C(c2ccccn2)c2cc(Br)ccc2N1,0.3326,True,0.323,0.7598,0.063,0.7686
397,,CHEMBL602,CYSTEAMINE,NCCS,0.332,False,0.1,0.3204,0.1583,0.7213
398,127.0,CHEMBL4297534,GLASDEGIB MALEATE,CN1CC[C@@H](NC(=O)Nc2ccc(C#N)cc2)C[C@@H]1c1nc2ccccc2[nH]1.O=C(O)/C=C\C(=O)O,0.3314,True,0.312,0.0886,0.4187,0.9813
399,,CHEMBL2107354,MIFAMURTIDE,CCCCCCCCCCCCCCCC(=O)OC[C@H](COP(=O)([O-])OCCNC(=O)[C@H](C)NC(=O)CC[C@@H](NC(=O)[C@H](C)NC(=O)[C@@H](C)O[C@H]1[C@H](O)[C@@H](CO)OC(O)[C@@H]1NC(C)=O)C(N)=O)OC(=O)CCCCCCCCCCCCCCC.O.[Na+],0.3314,False,0.195,0.1178,0.3091,0.9996
400,128.0,CHEMBL15023,TRIFLUPERIDOL,O=C(CCCN1CCC(O)(c2cccc(C(F)(F)F)c2)CC1)c1ccc(F)cc1,0.331,True,0.314,0.1286,0.3369,0.8371
401,,CHEMBL1358,FULVESTRANT,C[C@]12CC[C@@H]3c4ccc(O)cc4C[C@@H](CCCCCCCCC[S+]([O-])CCCC(F)(F)C(F)(F)F)[C@H]3[C@@H]1CC[C@@H]2O,0.3289,False,0.158,0.1926,0.185,0.9981
402,,CHEMBL2103868,CABOZANTINIB S-MALATE,COc1cc2nccc(Oc3ccc(NC(=O)C4(C(=O)Nc5ccc(F)cc5)CC4)cc3)c2cc1OC.O=C(O)C[C@H](O)C(=O)O,0.3281,False,0.552,0.2237,0.9611,0.1643
403,,CHEMBL4594260,TAZEMETOSTAT HYDROBROMIDE,Br.CCN(c1cc(-c2ccc(CN3CCOCC3)cc2)cc(C(=O)NCc2c(C)cc(C)[nH]c2=O)c1C)C1CCOCC1,0.3279,False,0.272,0.3086,0.1143,0.9992
404,129.0,CHEMBL1289926,AXITINIB,CNC(=O)c1ccccc1Sc1ccc2c(/C=C/c3ccccn3)n[nH]c2c1,0.3254,True,0.323,0.5312,0.3407,0.1905
405,,CHEMBL3544914,TEZACAFTOR,CC(C)(CO)c1cc2cc(NC(=O)C3(c4ccc5c(c4)OC(F)(F)O5)CC3)c(F)cc2n1C[C@@H](O)CO,0.3253,False,0.265,0.0777,0.5365,0.8252
406,,CHEMBL3301668,CARBETOCIN,CC[C@H](C)[C@@H]1NC(=O)[C@H](Cc2ccc(OC)cc2)NC(=O)CCCSC[C@@H](C(=O)N2CCC[C@H]2C(=O)N[C@@H](CC(C)C)C(=O)NCC(N)=O)NC(=O)[C@H](CC(N)=O)NC(=O)[C@H](CCC(N)=O)NC1=O,0.3252,False,0.2,0.0557,0.6272,0.9851
407,,CHEMBL588,FENOLDOPAM,Oc1ccc(C2CNCCc3c2cc(O)c(O)c3Cl)cc1,0.3244,False,0.219,0.257,0.2236,0.594
408,130.0,CHEMBL1201193,LEVOBUPIVACAINE,CCCCN1CCCC[C@H]1C(=O)Nc1c(C)cccc1C,0.323,True,0.317,0.5743,0.1347,0.4353
409,131.0,CHEMBL1257040,TRIFLUOPERAZINE HYDROCHLORIDE,CN1CCN(CCCN2c3ccccc3Sc3ccc(C(F)(F)F)cc32)CC1.Cl.Cl,0.3228,True,0.303,0.202,0.1684,0.9887
410,,CHEMBL3414621,TAZEMETOSTAT,CCN(c1cc(-c2ccc(CN3CCOCC3)cc2)cc(C(=O)NCc2c(C)cc(C)[nH]c2=O)c1C)C1CCOCC1,0.3222,False,0.275,0.297,0.1127,0.9992
411,,CHEMBL1200936,PENICILLIN G PROCAINE,CC1(C)S[C@@H]2[C@H](NC(=O)Cc3ccccc3)C(=O)N2[C@H]1C(=O)O.CCN(CC)CCOC(=O)c1ccc(N)cc1.O,0.3219,False,0.248,0.0484,0.7184,0.959
412,,CHEMBL1599768,PYRANTEL PAMOATE,CN1CCCN=C1/C=C/c1cccs1.O=C(O)c1cc2ccccc2c(Cc2c(O)c(C(=O)O)cc3ccccc23)c1O,0.3213,False,0.229,0.2668,0.3902,0.3186
413,132.0,CHEMBL1401,NITAZOXANIDE,CC(=O)Oc1ccccc1C(=O)Nc1ncc([N+](=O)[O-])s1,0.3208,True,0.343,0.3574,0.8538,0.1082
414,,CHEMBL809,SERTRALINE,CN[C@H]1CC[C@@H](c2ccc(Cl)c(Cl)c2)c2ccccc21,0.3207,False,0.237,0.8503,0.0495,0.7828
415,,CHEMBL4297509,ELACESTRANT,CCNCCc1ccc(CN(CC)c2cc(OC)ccc2[C@@H]2CCc3cc(O)ccc3C2)cc1,0.3191,False,0.228,0.1119,0.2996,0.9697
416,,CHEMBL1200628,VANCOMYCIN HYDROCHLORIDE,CN[C@H](CC(C)C)C(=O)N[C@H]1C(=O)N[C@@H](CC(N)=O)C(=O)N[C@H]2C(=O)N[C@H]3C(=O)N[C@H](C(=O)N[C@H](C(=O)O)c4cc(O)cc(O)c4-c4cc3ccc4O)[C@H](O)c3ccc(c(Cl)c3)Oc3cc2cc(c3O[C@@H]2O[C@H](CO)[C@@H](O)[C@H](O)[C@H]2O[C@H]2C[C@](C)(N)[C@H](O)[C@H](C)O2)Oc2ccc(cc2Cl)[C@H]1O.Cl,0.3187,False,0.179,0.3077,0.1058,0.9943
417,,CHEMBL3833340,AZTREONAM LYSINE,C[C@H]1[C@H](NC(=O)/C(=N\OC(C)(C)C(=O)O)c2csc(N)n2)C(=O)N1S(=O)(=O)O.NCCCC[C@H](N)C(=O)O,0.3187,False,0.223,0.0445,0.8233,0.8839
418,,CHEMBL1201068,PROPIOMAZINE HYDROCHLORIDE,CCC(=O)c1ccc2c(c1)N(CC(C)N(C)C)c1ccccc1S2.Cl,0.318,False,0.265,0.0937,0.3562,0.9629
419,133.0,CHEMBL1364551,MINAPRINE HYDROCHLORIDE,Cc1cc(-c2ccccc2)nnc1NCCN1CCOCC1.Cl.Cl,0.3179,True,0.333,0.0874,0.4244,0.8664
420,134.0,CHEMBL512351,BETRIXABAN,COc1ccc(NC(=O)c2ccc(C(=N)N(C)C)cc2)c(C(=O)Nc2ccc(Cl)cn2)c1,0.3174,True,0.373,0.0503,0.8265,0.7688
421,,CHEMBL19393,LEVAMFETAMINE,C[C@@H](N)Cc1ccccc1,0.3174,False,0.271,0.1595,0.2121,0.9449
422,135.0,CHEMBL1487,ATORVASTATIN,CC(C)c1c(C(=O)Nc2ccccc2)c(-c2ccccc2)c(-c2ccc(F)cc2)n1CC[C@@H](O)C[C@@H](O)CC(=O)O,0.3162,True,0.303,0.0844,0.3861,0.9703
423,,CHEMBL2048028,LIFITEGRAST,CS(=O)(=O)c1cccc(C[C@H](NC(=O)c2c(Cl)cc3c(c2Cl)CCN(C(=O)c2ccc4ccoc4c2)C3)C(=O)O)c1,0.3159,False,0.241,0.2321,0.1657,0.8193
424,,CHEMBL393220,ATORVASTATIN CALCIUM,CC(C)c1c(C(=O)Nc2ccccc2)c(-c2ccccc2)c(-c2ccc(F)cc2)n1CC[C@@H](O)C[C@@H](O)CC(=O)[O-].CC(C)c1c(C(=O)Nc2ccccc2)c(-c2ccccc2)c(-c2ccc(F)cc2)n1CC[C@@H](O)C[C@@H](O)CC(=O)[O-].[Ca+2],0.3146,False,0.293,0.0747,0.4484,0.9293
425,,CHEMBL289469,GRANISETRON,CN1C2CCCC1CC(NC(=O)c1nn(C)c3ccccc13)C2,0.3141,False,0.27,0.065,0.7398,0.6443
426,,CHEMBL64391,ITRACONAZOLE,CCC(C)n1ncn(-c2ccc(N3CCN(c4ccc(OCC5COC(Cn6cncn6)(c6ccc(Cl)cc6Cl)O5)cc4)CC3)cc2)c1=O,0.3138,False,0.231,0.0685,0.6772,0.6662
427,,CHEMBL4301898,BRILLIANT BLUE G FREE ACID,CCOc1ccc(Nc2ccc(/C(=C3/C=C/C(=[N+](/CC)Cc4cccc(S(=O)(=O)[O-])c4)C=C3C)c3ccc(N(CC)Cc4cccc(S(=O)(=O)O)c4)cc3C)cc2)cc1,0.3132,False,0.211,0.0521,0.6999,0.8432
428,,CHEMBL1200851,HOMATROPINE METHYLBROMIDE,C[N+]1(C)[C@@H]2CC[C@H]1C[C@@H](OC(=O)C(O)c1ccccc1)C2.[Br-],0.3127,False,0.262,0.3118,0.1153,0.8505
429,,CHEMBL262777,VANCOMYCIN,CN[C@H](CC(C)C)C(=O)N[C@H]1C(=O)N[C@@H](CC(N)=O)C(=O)N[C@H]2C(=O)N[C@H]3C(=O)N[C@H](C(=O)N[C@H](C(=O)O)c4cc(O)cc(O)c4-c4cc3ccc4O)[C@H](O)c3ccc(c(Cl)c3)Oc3cc2cc(c3O[C@@H]2O[C@H](CO)[C@@H](O)[C@H](O)[C@H]2O[C@H]2C[C@](C)(N)[C@H](O)[C@H](C)O2)Oc2ccc(cc2Cl)[C@H]1O,0.3107,False,0.18,0.2978,0.1013,0.9943
430,,CHEMBL1680,OCTREOTIDE,C[C@@H](O)[C@@H]1NC(=O)[C@H](CCCCN)NC(=O)[C@@H](Cc2c[nH]c3ccccc23)NC(=O)[C@H](Cc2ccccc2)NC(=O)[C@@H](NC(=O)[C@H](N)Cc2ccccc2)CSSC[C@@H](C(=O)N[C@H](CO)[C@@H](C)O)NC1=O,0.3105,False,0.203,0.1539,0.197,0.9879
431,,CHEMBL814,FLUVOXAMINE,COCCCC/C(=N\OCCN)c1ccc(C(F)(F)F)cc1,0.3101,False,0.265,0.2007,0.1786,0.8319
432,,CHEMBL4298150,SIPONIMOD FUMARIC ACID,CCc1cc(/C(C)=N/OCc2ccc(C3CCCCC3)c(C(F)(F)F)c2)ccc1CN1CC(C(=O)O)C1.CCc1cc(/C(C)=N/OCc2ccc(C3CCCCC3)c(C(F)(F)F)c2)ccc1CN1CC(C(=O)O)C1.O=C(O)/C=C/C(=O)O,0.3096,False,0.31,0.0779,0.5542,0.6878
433,,CHEMBL1200701,DICLOXACILLIN SODIUM,Cc1onc(-c2c(Cl)cccc2Cl)c1C(=O)N[C@@H]1C(=O)N2[C@@H]1SC(C)(C)[C@@H]2C(=O)[O-].O.[Na+],0.3091,False,0.235,0.2313,0.7504,0.1702
434,,CHEMBL5095505,AMPHETAMINE/DEXTROAMPHETAMINE,CC(N)Cc1ccccc1.C[C@H](N)Cc1ccccc1.C[C@H](N)Cc1ccccc1,0.309,False,0.271,0.1443,0.2124,0.9627
435,,CHEMBL1263,SALMETEROL,OCc1cc(C(O)CNCCCCCCOCCCCc2ccccc2)ccc1O,0.3083,False,0.222,0.0515,0.625,0.9115
436,,CHEMBL1200901,HALOFANTRINE HYDROCHLORIDE,CCCCN(CCCC)CCC(O)c1cc2c(Cl)cc(Cl)cc2c2cc(C(F)(F)F)ccc12.Cl,0.3074,False,0.244,0.7297,0.1399,0.2845
437,,CHEMBL1201356,METHYLERGONOVINE,CC[C@@H](CO)NC(=O)[C@@H]1C=C2c3cccc4[nH]cc(c34)C[C@H]2N(C)C1,0.3067,False,0.236,0.1137,0.2593,0.9787
438,,CHEMBL1314751,PROCHLORPERAZINE MALEATE,CN1CCN(CCCN2c3ccccc3Sc3ccc(Cl)cc32)CC1.O=C(O)/C=C\C(=O)O.O=C(O)/C=C\C(=O)O,0.3064,False,0.297,0.0902,0.4682,0.6807
439,,CHEMBL1628385,PROCAINE BENZYLPENICILLIN,CC1(C)S[C@@H]2[C@H](NC(=O)Cc3ccccc3)C(=O)N2[C@H]1C(=O)O.CCN(CC)CCOC(=O)c1ccc(N)cc1,0.3058,False,0.25,0.0422,0.7048,0.962
440,,CHEMBL1269025,EDOXABAN,CN1CCc2nc(C(=O)N[C@@H]3C[C@@H](C(=O)N(C)C)CC[C@@H]3NC(=O)C(=O)Nc3ccc(Cl)cn3)sc2C1,0.3054,False,0.275,0.0646,0.5715,0.771
441,,CHEMBL1201210,PROPIOMAZINE,CCC(=O)c1ccc2c(c1)N(CC(C)N(C)C)c1ccccc1S2,0.3049,False,0.25,0.0893,0.3291,0.964
442,136.0,CHEMBL1200612,DIBUCAINE HYDROCHLORIDE,CCCCOc1cc(C(=O)NCCN(CC)CC)c2ccccc2n1.Cl,0.3042,True,0.341,0.2191,0.1672,0.7685
443,137.0,CHEMBL21869,DIBROMSALAN,O=C(Nc1ccc(Br)cc1)c1cc(Br)ccc1O,0.3037,True,0.34,0.9222,0.5013,0.0606
444,,CHEMBL495,ALPROSTADIL,CCCCC[C@H](O)/C=C/[C@H]1[C@H](O)CC(=O)[C@@H]1CCCCCCC(=O)O,0.3035,False,0.233,0.0796,0.3923,0.8952
445,,CHEMBL1201863,DEXLANSOPRAZOLE,Cc1c(OCC(F)(F)F)ccnc1C[S@@+]([O-])c1nc2ccccc2[nH]1,0.3019,False,0.258,0.8503,0.571,0.0567
446,,CHEMBL1201295,BITOLTEROL,Cc1ccc(C(=O)Oc2ccc(C(O)CNC(C)(C)C)cc2OC(=O)c2ccc(C)cc2)cc1,0.3016,False,0.258,0.1538,0.3611,0.4939
447,,CHEMBL3989697,RIBOFLAVIN 5'-PHOSPHATE SODIUM,Cc1cc2nc3c(=O)[nH]c(=O)nc-3n(C[C@H](O)[C@H](O)[C@H](O)COP(=O)([O-])O)c2cc1C.O.O.[Na+],0.3004,False,0.198,0.262,0.1507,0.6869
448,,CHEMBL1201288,DANTROLENE,O=C1CN(/N=C/c2ccc(-c3ccc([N+](=O)[O-])cc3)o2)C(=O)N1,0.3,False,0.235,0.3897,0.3969,0.1745
449,138.0,CHEMBL2103870,LUMACAFTOR,Cc1ccc(NC(=O)C2(c3ccc4c(c3)OC(F)(F)O4)CC2)nc1-c1cccc(C(=O)O)c1,0.2989,True,0.3,0.0755,0.902,0.3923
450,,CHEMBL1429,DESMOPRESSIN,N=C(N)NCCC[C@@H](NC(=O)[C@@H]1CCCN1C(=O)[C@@H]1CSSCCC(=O)N[C@@H](Cc2ccc(O)cc2)C(=O)N[C@@H](Cc2ccccc2)C(=O)N[C@@H](CCC(N)=O)C(=O)N[C@@H](CC(N)=O)C(=O)N1)C(=O)NCC(N)=O,0.2974,False,0.208,0.0714,0.4007,0.919
451,,CHEMBL3989974,CEFIDEROCOL,CC(C)(O/N=C(\C(=O)N[C@@H]1C(=O)N2C(C(=O)[O-])=C(C[N+]3(CCNC(=O)c4ccc(O)c(O)c4Cl)CCCC3)CS[C@H]12)c1csc(N)n1)C(=O)O,0.2974,False,0.176,0.0607,0.5789,0.7478
452,,CHEMBL4297526,REMIMAZOLAM,COC(=O)CC[C@@H]1N=C(c2ccccn2)c2cc(Br)ccc2-n2c(C)cnc21,0.2971,False,0.259,0.1401,0.2742,0.6824
453,,CHEMBL1201060,LOXAPINE HYDROCHLORIDE,CN1CCN(C2=Nc3ccccc3Oc3ccc(Cl)cc32)CC1.Cl,0.2969,False,0.274,0.0907,0.6337,0.4554
454,,CHEMBL2205807,ABAMETAPIR,Cc1ccc(-c2ccc(C)cn2)nc1,0.2963,False,0.286,0.4025,0.5165,0.1251
455,,CHEMBL1107,HALOFANTRINE,CCCCN(CCCC)CCC(O)c1cc2c(Cl)cc(Cl)cc2c2cc(C(F)(F)F)ccc12,0.2963,False,0.247,0.7154,0.1334,0.2727
456,,CHEMBL760,ANAGRELIDE,O=C1CN2Cc3c(ccc(Cl)c3Cl)N=C2N1,0.2962,False,0.197,0.8675,0.0372,0.8054
457,,CHEMBL893,DICLOXACILLIN,Cc1onc(-c2c(Cl)cccc2Cl)c1C(=O)N[C@@H]1C(=O)N2[C@@H]1SC(C)(C)[C@@H]2C(=O)O,0.2961,False,0.244,0.2156,0.7037,0.1711
458,,CHEMBL3544974,ASENAPINE MALEATE,CN1CC2c3ccccc3Oc3ccc(Cl)cc3C2C1.O=C(O)/C=C\C(=O)O,0.296,False,0.235,0.0931,0.6616,0.4206
459,139.0,CHEMBL1086,DIBUCAINE,CCCCOc1cc(C(=O)NCCN(CC)CC)c2ccccc2n1,0.2956,True,0.345,0.2108,0.1558,0.7865
460,,CHEMBL1568276,NAFCILLIN SODIUM,CCOc1ccc2ccccc2c1C(=O)N[C@@H]1C(=O)N2[C@@H]1SC(C)(C)[C@@H]2C(=O)[O-].O.[Na+],0.2952,False,0.256,0.1111,0.5323,0.4347
461,,CHEMBL3039508,NALDEMEDINE TOSYLATE,CC(C)(NC(=O)C1=C(O)[C@@H]2Oc3c(O)ccc4c3[C@@]23CCN(CC2CC2)[C@H](C4)[C@]3(O)C1)c1nc(-c2ccccc2)no1.Cc1ccc(S(=O)(=O)O)cc1,0.295,False,0.238,0.0389,0.982,0.6711
462,,CHEMBL5315122,BORTEZOMIB D-MANNITOL,CC(C)C[C@H](NC(=O)[C@H](Cc1ccccc1)NC(=O)c1cnccn1)B1O[C@H]([C@H](O)CO)[C@@H]([C@H](O)CO)O1,0.2949,False,0.25,0.1163,0.2276,0.9689
463,,CHEMBL3989869,UMBRALISIB TOSYLATE,CC(C)Oc1ccc(-c2nn([C@@H](C)c3oc4ccc(F)cc4c(=O)c3-c3cccc(F)c3)c3ncnc(N)c23)cc1F.Cc1ccc(S(=O)(=O)O)cc1,0.2923,False,0.396,0.0853,0.6644,0.4405
464,140.0,CHEMBL2095212,MIRABEGRON,Nc1nc(CC(=O)Nc2ccc(CCNC[C@H](O)c3ccccc3)cc2)cs1,0.2922,True,0.321,0.0348,0.8721,0.8214
465,,CHEMBL612,DEXTROAMPHETAMINE,C[C@H](N)Cc1ccccc1,0.2922,False,0.271,0.1307,0.1987,0.9608
466,,CHEMBL1200893,PROTOKYLOL HYDROCHLORIDE,CC(Cc1ccc2c(c1)OCO2)NCC(O)c1ccc(O)c(O)c1.Cl,0.2921,False,0.272,0.3319,0.127,0.5911
467,141.0,CHEMBL32800,FENOTEROL,CC(Cc1ccc(O)cc1)NCC(O)c1cc(O)cc(O)c1,0.2904,True,0.324,0.0441,0.6077,0.9146
468,,CHEMBL285674,ESTAZOLAM,Clc1ccc2c(c1)C(c1ccccc1)=NCc1nncn1-2,0.2904,False,0.266,0.2046,0.1784,0.6714
469,,CHEMBL46058,ETHYL CHLORIDE,CCCl,0.2903,False,0.12,0.1469,0.5263,0.3167
470,142.0,CHEMBL206253,NETUPITANT,Cc1ccccc1-c1cc(N2CCN(C)CC2)ncc1N(C)C(=O)C(C)(C)c1cc(C(F)(F)F)cc(C(F)(F)F)c1,0.2901,True,0.307,0.1162,0.2713,0.7741
471,143.0,CHEMBL4066936,VERICIGUAT,COC(=O)Nc1c(N)nc(-c2nn(Cc3ccccc3F)c3ncc(F)cc23)nc1N,0.2898,True,0.303,0.6086,0.441,0.0907
472,,CHEMBL3187365,ASENAPINE,CN1CC2c3ccccc3Oc3ccc(Cl)cc3C2C1,0.2893,False,0.217,0.0973,0.2595,0.959
473,,CHEMBL1397,POSACONAZOLE,CC[C@@H]([C@H](C)O)n1ncn(-c2ccc(N3CCN(c4ccc(OC[C@@H]5CO[C@@](Cn6cncn6)(c6ccc(F)cc6F)C5)cc4)CC3)cc2)c1=O,0.2885,False,0.24,0.0627,0.4422,0.8653
474,,CHEMBL21536,XANOMELINE,CCCCCCOc1nsnc1C1=CCCN(C)C1,0.2884,False,0.186,0.0819,0.3431,0.8539
475,,CHEMBL2105637,DELAFLOXACIN,Nc1nc(-n2cc(C(=O)O)c(=O)c3cc(F)c(N4CC(O)C4)c(Cl)c32)c(F)cc1F,0.2881,False,0.253,0.4148,0.6001,0.096
476,144.0,CHEMBL3701238,FUTIBATINIB,C=CC(=O)N1CC[C@H](n2nc(C#Cc3cc(OC)cc(OC)c3)c3c(N)ncnc32)C1,0.2876,True,0.405,0.1244,0.7212,0.2652
477,,CHEMBL223228,EFAVIRENZ,O=C1Nc2ccc(Cl)cc2[C@@](C#CC2CC2)(C(F)(F)F)O1,0.2875,False,0.246,0.0428,0.6233,0.8898
478,,CHEMBL1200560,GUANABENZ ACETATE,CC(=O)O.N=C(N)N/N=C/c1c(Cl)cccc1Cl,0.2865,False,0.231,0.2654,0.6469,0.137
479,,CHEMBL661,ALPRAZOLAM,Cc1nnc2n1-c1ccc(Cl)cc1C(c1ccccc1)=NC2,0.2865,False,0.254,0.185,0.171,0.7438
480,145.0,CHEMBL2043437,GLASDEGIB,CN1CC[C@@H](NC(=O)Nc2ccc(C#N)cc2)C[C@@H]1c1nc2ccccc2[nH]1,0.2858,True,0.338,0.1086,0.215,0.999
481,,CHEMBL2096639,BACITRACIN ZINC,CC[C@H](C)[C@H](N)C1=N[C@H](C(=O)N[C@@H](CC(C)C)C(=O)N[C@H](CCC(=O)[O-])C(=O)N[C@H](C(=O)N[C@H]2CCCCNC(=O)[C@H](CC(N)=O)NC(=O)[C@@H](CC(=O)[O-])NC(=O)[C@H](Cc3cnc[nH]3)NC(=O)[C@@H](Cc3ccccc3)NC(=O)[C@H]([C@@H](C)CC)NC(=O)[C@@H](CCCN)NC2=O)[C@@H](C)CC)CS1.[Zn+2],0.2851,False,0.216,0.0488,0.5224,0.9091
482,,CHEMBL1200469,PROMAZINE HYDROCHLORIDE,CN(C)CCCN1c2ccccc2Sc2ccccc21.Cl,0.285,False,0.283,0.1593,0.1483,0.9797
483,,CHEMBL461101,ELTROMBOPAG,CC1=NN(c2ccc(C)c(C)c2)C(=O)/C1=N\Nc1cccc(-c2cccc(C(=O)O)c2)c1O,0.2843,False,0.282,0.3036,0.6073,0.1246
484,,CHEMBL1201734,BENDAMUSTINE HYDROCHLORIDE,Cl.Cn1c(CCCC(=O)O)nc2cc(N(CCCl)CCCl)ccc21,0.283,False,0.284,0.4265,0.0589,0.9023
485,146.0,CHEMBL400599,BENFLUOREX,CC(Cc1cccc(C(F)(F)F)c1)NCCOC(=O)c1ccccc1,0.2828,True,0.324,0.2454,0.1924,0.4789
486,,CHEMBL2103872,CEFTOLOZANE,Cn1c(N)c(NC(=O)NCCN)c[n+]1CC1=C(C(=O)O)N2C(=O)[C@@H](NC(=O)/C(=N\OC(C)(C)C(=O)[O-])c3nsc(N)n3)[C@H]2SC1,0.2822,False,0.223,0.0905,0.2811,0.8834
487,,CHEMBL2103867,PLECANATIDE,CC(C)C[C@H](NC(=O)[C@@H]1CSSC[C@@H]2NC(=O)[C@H](CC(C)C)NC(=O)[C@H](CCC(=O)O)NC(=O)[C@@H](NC(=O)[C@H](CCC(=O)O)NC(=O)[C@H](CC(=O)O)NC(=O)[C@@H](N)CC(N)=O)CSSC[C@H](NC(=O)[C@H](C)NC(=O)[C@H](C(C)C)NC(=O)[C@H](CC(N)=O)NC(=O)[C@H](C(C)C)NC2=O)C(=O)N[C@@H]([C@@H](C)O)C(=O)NCC(=O)N1)C(=O)O,0.2822,False,0.19,0.0692,0.3256,0.9967
488,,CHEMBL1443,NAFCILLIN,CCOc1ccc2ccccc2c1C(=O)N[C@@H]1C(=O)N2[C@@H]1SC(C)(C)[C@@H]2C(=O)O,0.2819,False,0.264,0.1032,0.4918,0.4415
489,,CHEMBL802,MINOXIDIL,Nc1cc(N2CCCCC2)nc(N)[n+]1[O-],0.2818,False,0.228,0.5888,0.3125,0.1216
490,,CHEMBL4594288,LEVAMLODIPINE MALEATE,CCOC(=O)C1=C(COCCN)NC(C)=C(C(=O)OC)[C@@H]1c1ccccc1Cl.O=C(O)/C=C\C(=O)O,0.2818,False,0.244,0.0836,0.4132,0.6472
491,147.0,CHEMBL1200776,CINACALCET HYDROCHLORIDE,C[C@@H](NCCCc1cccc(C(F)(F)F)c1)c1cccc2ccccc12.Cl,0.2815,True,0.31,0.381,0.177,0.3307
492,,CHEMBL726,FLUPHENAZINE,OCCN1CCN(CCCN2c3ccccc3Sc3ccc(C(F)(F)F)cc32)CC1,0.2795,False,0.255,0.1484,0.1492,0.9864
493,,CHEMBL3707331,ROLAPITANT,C[C@@H](OC[C@@]1(c2ccccc2)CC[C@]2(CCC(=O)N2)CN1)c1cc(C(F)(F)F)cc(C(F)(F)F)c1,0.2782,False,0.204,0.1419,0.1563,0.9715
494,,CHEMBL1200930,RABEPRAZOLE SODIUM,COCCCOc1ccnc(C[S+]([O-])c2nc3ccccc3[n-]2)c1C.[Na+],0.2779,False,0.21,0.8855,0.0432,0.5616
495,,CHEMBL1541,CEFIXIME,C=CC1=C(C(=O)O)N2C(=O)[C@@H](NC(=O)/C(=N\OCC(=O)O)c3csc(N)n3)[C@H]2SC1,0.2779,False,0.183,0.1029,0.9064,0.2303
496,,CHEMBL1201201,METHAMPHETAMINE,CN[C@@H](C)Cc1ccccc1,0.2779,False,0.245,0.109,0.2055,0.9579
497,,CHEMBL558,MEXILETINE,Cc1cccc(C)c1OCC(C)N,0.2774,False,0.244,0.7725,0.1765,0.1565
498,,CHEMBL1201174,SITAGLIPTIN PHOSPHATE,N[C@@H](CC(=O)N1CCn2c(nnc2C(F)(F)F)C1)Cc1cc(F)c(F)cc1F.O.O=P(O)(O)O,0.2755,False,0.208,0.1158,0.3224,0.5601
499,,CHEMBL1201273,PROTOKYLOL,CC(Cc1ccc2c(c1)OCO2)NCC(O)c1ccc(O)c(O)c1,0.2743,False,0.275,0.3068,0.1164,0.5778
500,,CHEMBL1200515,DESERPIDINE,COC(=O)[C@H]1[C@H]2C[C@@H]3c4[nH]c5ccccc5c4CCN3C[C@H]2C[C@@H](OC(=O)c2cc(OC)c(OC)c(OC)c2)[C@@H]1OC,0.2737,False,0.278,0.1029,0.2592,0.7693
501,,CHEMBL2105755,NALDEMEDINE,CC(C)(NC(=O)C1=C(O)[C@@H]2Oc3c(O)ccc4c3[C@@]23CCN(CC2CC2)[C@H](C4)[C@]3(O)C1)c1nc(-c2ccccc2)no1,0.2734,False,0.25,0.035,0.9624,0.6058
502,,CHEMBL3989516,FOSTAMATINIB DISODIUM,COc1cc(Nc2ncc(F)c(Nc3ccc4c(n3)N(COP(=O)([O-])[O-])C(=O)C(C)(C)O4)n2)cc(OC)c1OC.O.O.O.O.O.O.[Na+].[Na+],0.2734,False,0.293,0.1572,0.8263,0.1574
503,,CHEMBL3707393,OSILODROSTAT PHOSPHATE,N#Cc1ccc([C@H]2CCc3cncn32)c(F)c1.O=P(O)(O)O,0.2725,False,0.273,0.1523,0.3857,0.3444
504,,CHEMBL6068334,SITAGLIPTIN HYDROCHLORIDE MONOHYDRATE,Cl.N[C@@H](CC(=O)N1CCn2c(nnc2C(F)(F)F)C1)Cc1cc(F)c(F)cc1F.O,0.2722,False,0.203,0.1196,0.2711,0.6218
505,,CHEMBL1198857,VILANTEROL,OCc1cc([C@@H](O)CNCCCCCCOCCOCc2c(Cl)cccc2Cl)ccc1O,0.2706,False,0.203,0.6337,0.4032,0.0775
506,148.0,CHEMBL3707348,ACALABRUTINIB,CC#CC(=O)N1CCC[C@H]1c1nc(-c2ccc(C(=O)Nc3ccccn3)cc2)c2c(N)nccn12,0.2698,True,0.37,0.1466,0.669,0.2003
507,,CHEMBL1201138,LEUCOVORIN CALCIUM,Nc1nc(=O)c2c([nH]1)NCC(CNc1ccc(C(=O)N[C@@H](CCC(=O)[O-])C(=O)[O-])cc1)N2C=O.[Ca+2],0.2696,False,0.265,0.035,0.5967,0.9382
508,,CHEMBL487253,BENDAMUSTINE,Cn1c(CCCC(=O)O)nc2cc(N(CCCl)CCCl)ccc21,0.2694,False,0.288,0.4214,0.0518,0.8947
509,,CHEMBL1201016,CEFPODOXIME PROXETIL,COCC1=C(C(=O)OC(C)OC(=O)OC(C)C)N2C(=O)[C@@H](NC(=O)/C(=N\OC)c3csc(N)n3)[C@H]2SC1,0.2693,False,0.171,0.0599,0.9318,0.3495
510,,CHEMBL1200821,PROPYLIODONE,CCCOC(=O)Cn1cc(I)c(=O)c(I)c1,0.2692,False,0.231,0.7628,0.0416,0.614
511,,CHEMBL3989767,CALCITONIN SALMON,CC(C)C[C@H](NC(=O)[C@H](CCCCN)NC(=O)CNC(=O)[C@H](CC(C)C)NC(=O)[C@@H](NC(=O)[C@@H]1CSSC[C@H](N)C(=O)N[C@@H](CO)C(=O)N[C@@H](CC(N)=O)C(=O)N[C@@H](CC(C)C)C(=O)N[C@@H](CO)C(=O)N[C@@H]([C@@H](C)O)C(=O)N1)C(C)C)C(=O)N[C@@H](CO)C(=O)N[C@@H](CCC(N)=O)C(=O)N[C@@H](CCC(=O)O)C(=O)N[C@@H](CC(C)C)C(=O)N[C@@H](Cc1c[nH]cn1)C(=O)N[C@@H](CCCCN)C(=O)N[C@@H](CC(C)C)C(=O)N[C@@H](CCC(N)=O)C(=O)N[C@H](C(=O)N[C@@H](Cc1ccc(O)cc1)C(=O)N1CCC[C@H]1C(=O)N[C@@H](CCCNC(=N)N)C(=O)N[C@H](C(=O)N[C@@H](CC(N)=O)C(=O)N[C@H](C(=O)NCC(=O)N[C@@H](CO)C(=O)NCC(=O)N[C@H](C(=O)N1CCC[C@H]1C(N)=O)[C@@H](C)O)[C@@H](C)O)[C@@H](C)O)[C@@H](C)O,0.2691,False,0.213,0.0313,0.6241,0.9976
512,,CHEMBL637,VENLAFAXINE,COc1ccc(C(CN(C)C)C2(O)CCCCC2)cc1,0.2688,False,0.256,0.0312,0.6341,0.9832
513,,CHEMBL1200606,MEXILETINE HYDROCHLORIDE,Cc1cccc(C)c1OCC(C)N.Cl,0.2684,False,0.239,0.7545,0.2151,0.1191
514,149.0,CHEMBL2403238,CABOTEGRAVIR,C[C@H]1CO[C@@H]2Cn3cc(C(=O)NCc4ccc(F)cc4F)c(=O)c(O)c3C(=O)N12,0.2671,True,0.333,0.0441,0.7291,0.5931
515,,CHEMBL900,ORPHENADRINE,Cc1ccccc1C(OCCN(C)C)c1ccccc1,0.267,False,0.263,0.1659,0.168,0.6823
516,,CHEMBL928,DANTROLENE SODIUM,O=C1CN(/N=C/c2ccc(-c3ccc([N+](=O)[O-])cc3)o2)C(=O)[N-]1.[Na+],0.2669,False,0.221,0.3212,0.395,0.1499
517,,CHEMBL1679,LEUCOVORIN,Nc1nc(=O)c2c([nH]1)NCC(CNc1ccc(C(=O)N[C@@H](CCC(=O)O)C(=O)O)cc1)N2C=O,0.2663,False,0.264,0.0347,0.5591,0.9747
518,,CHEMBL1201023,ORPHENADRINE HYDROCHLORIDE,Cc1ccccc1C(OCCN(C)C)c1ccccc1.Cl,0.2653,False,0.278,0.1485,0.2004,0.6279
519,,CHEMBL3099695,OSILODROSTAT,N#Cc1ccc([C@H]2CCc3cncn32)c(F)c1,0.2641,False,0.259,0.148,0.3596,0.3464
520,,CHEMBL3127326,OMBITASVIR,COC(=O)N[C@H](C(=O)N1CCC[C@H]1C(=O)Nc1ccc([C@@H]2CC[C@@H](c3ccc(NC(=O)[C@@H]4CCCN4C(=O)[C@@H](NC(=O)OC)C(C)C)cc3)N2c2ccc(C(C)(C)C)cc2)cc1)C(C)C,0.2639,False,0.273,0.0579,0.6668,0.4763
521,,CHEMBL2105743,OLODATEROL HYDROCHLORIDE,COc1ccc(CC(C)(C)NC[C@H](O)c2cc(O)cc3c2OCC(=O)N3)cc1.Cl,0.2636,False,0.25,0.1191,0.1549,0.9932
522,,CHEMBL831,LOXAPINE,CN1CCN(C2=Nc3ccccc3Oc3ccc(Cl)cc32)CC1,0.2633,False,0.278,0.0704,0.5871,0.4419
523,,CHEMBL203321,BRINCIDOFOVIR,CCCCCCCCCCCCCCCCOCCCOP(=O)(O)CO[C@H](CO)Cn1ccc(N)nc1=O,0.263,False,0.189,0.0242,0.7587,0.9908
524,,CHEMBL374478,RIFAMPIN,CO[C@H]1/C=C/O[C@@]2(C)Oc3c(C)c(O)c4c(O)c(c(/C=N/N5CCN(C)CC5)c(O)c4c3C2=O)NC(=O)/C(C)=C\C=C\[C@H](C)[C@H](O)[C@@H](C)[C@@H](O)[C@@H](C)[C@H](OC(C)=O)[C@@H]1C,0.2627,False,0.194,0.0932,0.6185,0.3145
525,,CHEMBL3085436,VIOMYCIN,NCCC[C@H](N)CC(=O)N[C@H]1CNC(=O)[C@H]([C@H]2C[C@H](O)NC(N)=N2)NC(=O)/C(=C/NC(N)=O)NC(=O)[C@H](CO)NC(=O)[C@H](CO)NC1=O,0.2627,False,0.172,0.0622,0.3065,0.9516
526,,CHEMBL1534,RIBOFLAVIN,Cc1cc2nc3c(=O)[nH]c(=O)nc-3n(C[C@H](O)[C@H](O)[C@H](O)CO)c2cc1C,0.2603,False,0.229,0.2113,0.105,0.795
527,,CHEMBL572,NITROFURANTOIN,O=C1CN(/N=C/c2ccc([N+](=O)[O-])o2)C(=O)N1,0.2602,False,0.2,0.2447,0.4889,0.1472
528,,CHEMBL6067656,CEFTRIAXONE SODIUM,CO/N=C(\C(=O)N[C@@H]1C(=O)N2C(C(=O)[O-])=C(CSc3nc(=O)c([O-])nn3C)CS[C@H]12)c1csc(N)n1.CO/N=C(\C(=O)N[C@@H]1C(=O)N2C(C(=O)[O-])=C(CSc3nc(=O)c([O-])nn3C)CS[C@H]12)c1csc(N)n1.O.O.O.O.O.O.O.[Na+].[Na+].[Na+].[Na+],0.2598,False,0.165,0.1446,0.65,0.1865
529,,CHEMBL4298128,ELEXACAFTOR,Cc1nn(C)cc1S(=O)(=O)NC(=O)c1ccc(-n2ccc(OCC(C)(C)C(F)(F)F)n2)nc1N1C[C@@H](C)CC1(C)C,0.2578,False,0.235,0.0802,0.3632,0.588
530,,CHEMBL1200467,HYDROXYZINE PAMOATE,O=C(O)c1cc2ccccc2c(Cc2c(O)c(C(=O)O)cc3ccccc23)c1O.OCCOCCN1CCN(C(c2ccccc2)c2ccc(Cl)cc2)CC1,0.2577,False,0.274,0.1168,0.1501,0.9759
531,150.0,CHEMBL328190,LASOFOXIFENE,Oc1ccc2c(c1)CC[C@H](c1ccccc1)[C@@H]2c1ccc(OCCN2CCCC2)cc1,0.2569,True,0.358,0.0479,0.3614,0.9805
532,151.0,CHEMBL1229211,DOLUTEGRAVIR,C[C@@H]1CCO[C@H]2Cn3cc(C(=O)NCc4ccc(F)cc4F)c(=O)c(O)c3C(=O)N12,0.2569,True,0.341,0.0426,0.7112,0.5602
533,,CHEMBL211456,EPHEDRINE,CN[C@@H](C)[C@H](O)c1ccccc1,0.2568,False,0.25,0.0891,0.2106,0.9027
534,,CHEMBL1201728,DESVENLAFAXINE SUCCINATE,CN(C)CC(c1ccc(O)cc1)C1(O)CCCCC1.O=C(O)CCC(=O)O,0.2566,False,0.25,0.0271,0.634,0.9838
535,152.0,CHEMBL2336071,SIPONIMOD,CCc1cc(/C(C)=N/OCc2ccc(C3CCCCC3)c(C(F)(F)F)c2)ccc1CN1CC(C(=O)O)C1,0.256,True,0.329,0.0478,0.4091,0.8575
536,153.0,CHEMBL2106638,LOFEPRAMINE HYDROCHLORIDE,CN(CCCN1c2ccccc2CCc2ccccc21)CC(=O)c1ccc(Cl)cc1.Cl,0.2555,True,0.302,0.0519,0.3369,0.9543
537,,CHEMBL545,ALCOHOL,CCO,0.2545,False,0.125,0.4588,0.2113,0.17
538,,CHEMBL1201758,BEPOTASTINE,O=C(O)CCCN1CCC(O[C@@H](c2ccc(Cl)cc2)c2ccccn2)CC1,0.2543,False,0.294,0.0602,0.3468,0.7881
539,,CHEMBL3989510,PENTAZOCINE HYDROCHLORIDE,CC(C)=CCN1CCC2(C)c3cc(O)ccc3CC1C2C.Cl,0.2537,False,0.189,0.0179,0.9702,0.9424
540,154.0,CHEMBL1017,TELMISARTAN,CCCc1nc2c(C)cc(-c3nc4ccccc4n3C)cc2n1Cc1ccc(-c2ccccc2C(=O)O)cc1,0.2536,True,0.311,0.9666,0.0185,0.9121
541,,CHEMBL237500,LINAGLIPTIN,CC#CCn1c(N2CCC[C@@H](N)C2)nc2c1c(=O)n(Cc1nc(C)c3ccccc3n1)c(=O)n2C,0.2532,False,0.256,0.0468,0.3623,0.9585
542,155.0,CHEMBL420762,MOZAVAPTAN,Cc1ccccc1C(=O)Nc1ccc(C(=O)N2CCCC(N(C)C)c3ccccc32)cc1,0.253,True,0.309,0.1183,0.4992,0.2743
543,156.0,CHEMBL1201284,CINACALCET,C[C@@H](NCCCc1cccc(C(F)(F)F)c1)c1cccc2ccccc12,0.2528,True,0.314,0.3623,0.1447,0.3083
544,,CHEMBL1201313,CHLOPHEDIANOL,CN(C)CCC(O)(c1ccccc1)c1ccccc1Cl,0.2525,False,0.259,0.353,0.0847,0.5383
545,,CHEMBL1201794,RIBOFLAVIN 5'-PHOSPHATE,Cc1cc2nc3c(=O)[nH]c(=O)nc-3n(C[C@H](O)[C@H](O)[C@H](O)COP(=O)(O)O)c2cc1C,0.2523,False,0.208,0.1948,0.1212,0.6802
546,,CHEMBL564,PROMAZINE,CN(C)CCCN1c2ccccc2Sc2ccccc21,0.2521,False,0.278,0.1623,0.1001,0.9865
547,,CHEMBL1259059,SOFOSBUVIR,CC(C)OC(=O)[C@H](C)N[P@](=O)(OC[C@H]1O[C@@H](n2ccc(=O)[nH]c2=O)[C@](C)(F)[C@@H]1O)Oc1ccccc1,0.2511,False,0.211,0.2177,0.1817,0.4
548,,CHEMBL325041,BORTEZOMIB,CC(C)C[C@H](NC(=O)[C@H](Cc1ccccc1)NC(=O)c1cnccn1)B(O)O,0.2511,False,0.268,0.0453,0.4074,0.8579
549,,CHEMBL1200969,DUTASTERIDE,C[C@]12C=CC(=O)N[C@@H]1CC[C@@H]1[C@@H]2CC[C@]2(C)[C@@H](C(=O)Nc3cc(C(F)(F)F)ccc3C(F)(F)F)CC[C@@H]12,0.251,False,0.258,0.3572,0.0445,0.9948
550,,CHEMBL1200340,OSELTAMIVIR PHOSPHATE,CCOC(=O)C1=C[C@@H](OC(CC)CC)[C@H](NC(C)=O)[C@@H](N)C1.O=P(O)(O)O,0.2497,False,0.254,0.0398,0.6809,0.575
551,,CHEMBL19490,ZOMEPIRAC,Cc1cc(CC(=O)O)n(C)c1C(=O)c1ccc(Cl)cc1,0.2495,False,0.25,0.0896,0.4202,0.4125
552,,CHEMBL1201000,NITROFURANTOIN SODIUM,O=C1CN(/N=C/c2ccc([N+](=O)[O-])o2)C(=O)[N-]1.[Na+],0.2492,False,0.18,0.2481,0.4614,0.1351
553,,CHEMBL1201303,PYRVINIUM,Cc1cc(/C=C/c2ccc3cc(N(C)C)ccc3[n+]2C)c(C)n1-c1ccccc1,0.2492,False,0.246,0.5903,0.2272,0.1155
554,,CHEMBL1201127,DARUNAVIR ETHANOLATE,CC(C)CN(C[C@@H](O)[C@H](Cc1ccccc1)NC(=O)O[C@H]1CO[C@H]2OCC[C@H]21)S(=O)(=O)c1ccc(N)cc1.CCO,0.2489,False,0.202,0.0425,0.3652,0.994
555,157.0,CHEMBL1200397,BUTENAFINE HYDROCHLORIDE,CN(Cc1ccc(C(C)(C)C)cc1)Cc1cccc2ccccc12.Cl,0.2479,True,0.31,0.1008,0.1525,0.9906
556,,CHEMBL1200972,CHLOPHEDIANOL HYDROCHLORIDE,CN(C)CCC(O)(c1ccccc1)c1ccccc1Cl.Cl,0.2478,False,0.278,0.3115,0.1158,0.4219
557,,CHEMBL4303232,CEFOTIAM HYDROCHLORIDE,CN(C)CCn1nnnc1SCC1=C(C(=O)O)N2C(=O)[C@@H](NC(=O)Cc3csc(N)n3)[C@H]2SC1.Cl.Cl,0.2475,False,0.183,0.0351,0.6024,0.7171
558,,CHEMBL1200810,DOXERCALCIFEROL,C=C1/C(=C\C=C2/CCC[C@]3(C)[C@@H]([C@H](C)/C=C/[C@H](C)C(C)C)CC[C@@H]23)C[C@@H](O)C[C@@H]1O,0.2472,False,0.143,0.0449,0.3666,0.9174
559,158.0,CHEMBL990,BUTENAFINE,CN(Cc1ccc(C(C)(C)C)cc1)Cc1cccc2ccccc12,0.2459,True,0.316,0.1111,0.1349,0.9915
560,,CHEMBL1409,FLUVOXAMINE MALEATE,COCCCC/C(=N\OCCN)c1ccc(C(F)(F)F)cc1.O=C(O)/C=C\C(=O)O,0.2458,False,0.27,0.0942,0.1796,0.8785
561,,CHEMBL2105760,BREXPIPRAZOLE,O=c1ccc2ccc(OCCCCN3CCN(c4cccc5sccc45)CC3)cc2[nH]1,0.2458,False,0.283,0.0595,0.2862,0.8713
562,,CHEMBL2105754,TRELAGLIPTIN SUCCINATE,Cn1c(=O)cc(N2CCC[C@@H](N)C2)n(Cc2cc(F)ccc2C#N)c1=O.O=C(O)CCC(=O)O,0.2455,False,0.26,0.0699,0.2196,0.9637
563,,CHEMBL3989478,THIETHYLPERAZINE MALEATE,CCSc1ccc2c(c1)N(CCCN1CCN(C)CC1)c1ccccc1S2.O=C(O)/C=C\C(=O)O.O=C(O)/C=C\C(=O)O,0.2451,False,0.282,0.062,0.291,0.816
564,,CHEMBL493982,VORAPAXAR,CCOC(=O)N[C@@H]1CC[C@@H]2[C@@H](C1)C[C@H]1C(=O)O[C@H](C)[C@H]1[C@H]2/C=C/c1ccc(-c2cccc(F)c2)cn1,0.2451,False,0.272,0.0424,0.4227,0.8212
565,,CHEMBL6068478,LAZERTINIB MESYLATE,C=CC(=O)Nc1cc(Nc2nccc(-n3cc(CN(C)C)c(-c4ccccc4)n3)n2)c(OC)cc1N1CCOCC1.CS(=O)(=O)O.O,0.245,False,0.333,0.2087,0.0873,0.8071
566,,CHEMBL1417019,MITOXANTRONE HYDROCHLORIDE,Cl.Cl.O=C1c2c(O)ccc(O)c2C(=O)c2c(NCCNCCO)ccc(NCCNCCO)c21,0.2449,False,0.276,0.0804,0.4257,0.4293
567,159.0,CHEMBL278819,MINAPRINE,Cc1cc(-c2ccccc2)nnc1NCCN1CCOCC1,0.2446,True,0.338,0.0528,0.3221,0.8606
568,,CHEMBL605846,OLODATEROL,COc1ccc(CC(C)(C)NC[C@H](O)c2cc(O)cc3c2OCC(=O)N3)cc1,0.2443,False,0.253,0.1043,0.1409,0.9923
569,160.0,CHEMBL422,TRIFLUOPERAZINE,CN1CCN(CCCN2c3ccccc3Sc3ccc(C(F)(F)F)cc32)CC1,0.2439,True,0.307,0.1339,0.1096,0.9886
570,,CHEMBL535650,MEFLOQUINE HYDROCHLORIDE,Cl.OC(c1cc(C(F)(F)F)nc2c(C(F)(F)F)cccc12)C1CCCCN1,0.2433,False,0.247,0.104,0.23,0.602
571,,CHEMBL2028850,ICATIBANT,N=C(N)NCCC[C@@H](N)C(=O)N[C@@H](CCCNC(=N)N)C(=O)N1CCC[C@H]1C(=O)N1C[C@H](O)C[C@H]1C(=O)NCC(=O)N[C@@H](Cc1cccs1)C(=O)N[C@@H](CO)C(=O)N1Cc2ccccc2C[C@@H]1C(=O)N1[C@H](C(=O)N[C@@H](CCCNC(=N)N)C(=O)O)C[C@@H]2CCCC[C@@H]21,0.2431,False,0.185,0.0404,0.3621,0.9816
572,,CHEMBL2107387,VORTIOXETINE HYDROBROMIDE,Br.Cc1ccc(Sc2ccccc2N2CCNCC2)c(C)c1,0.2431,False,0.271,0.122,0.1609,0.7317
573,,CHEMBL1200986,HALOPERIDOL DECANOATE,CCCCCCCCCC(=O)OC1(c2ccc(Cl)cc2)CCN(CCCC(=O)c2ccc(F)cc2)CC1,0.2426,False,0.267,0.0168,0.8697,0.9767
574,,CHEMBL1219,RABEPRAZOLE,COCCCOc1ccnc(C[S+]([O-])c2nc3ccccc3[nH]2)c1C,0.2425,False,0.259,0.9437,0.0164,0.9203
575,161.0,CHEMBL1201112,NELARABINE,COc1nc(N)nc2c1ncn2[C@@H]1O[C@H](CO)[C@@H](O)[C@@H]1O,0.2423,True,0.326,0.7715,0.2039,0.0905
576,162.0,CHEMBL1769,PROPOXYCAINE HYDROCHLORIDE,CCCOc1cc(N)ccc1C(=O)OCCN(CC)CC.Cl,0.242,True,0.308,0.0338,0.5533,0.7579
577,,CHEMBL3391662,PARITAPREVIR,Cc1cnc(C(=O)N[C@H]2CCCCC/C=C\[C@@H]3C[C@@]3(C(=O)NS(=O)(=O)C3CC3)NC(=O)[C@@H]3C[C@@H](Oc4nc5ccccc5c5ccccc45)CN3C2=O)cn1,0.2406,False,0.22,0.0302,0.5688,0.8106
578,163.0,CHEMBL3137330,CABOTEGRAVIR SODIUM,C[C@H]1CO[C@@H]2Cn3cc(C(=O)NCc4ccc(F)cc4F)c(=O)c([O-])c3C(=O)N12.[Na+],0.2405,True,0.326,0.0392,0.7591,0.4676
579,,CHEMBL3301675,LINACLOTIDE,C[C@@H]1NC(=O)[C@@H]2CCCN2C(=O)[C@H](CC(N)=O)NC(=O)[C@@H]2CSSC[C@H](N)C(=O)N[C@H]3CSSC[C@H](NC1=O)C(=O)N[C@@H]([C@@H](C)O)C(=O)NCC(=O)N[C@H](C(=O)N[C@@H](Cc1ccc(O)cc1)C(=O)O)CSSC[C@H](NC(=O)[C@H](Cc1ccc(O)cc1)NC(=O)[C@H](CCC(=O)O)NC3=O)C(=O)N2,0.2405,False,0.219,0.0331,0.4254,0.9876
580,,CHEMBL562,GRISEOFULVIN,COC1=CC(=O)C[C@@H](C)[C@]12Oc1c(Cl)c(OC)cc(OC)c1C2=O,0.239,False,0.227,0.1116,0.968,0.1264
581,,CHEMBL87708,LOFEPRAMINE,CN(CCCN1c2ccccc2CCc2ccccc21)CC(=O)c1ccc(Cl)cc1,0.2384,False,0.286,0.0478,0.3015,0.9406
582,,CHEMBL2360079,ACETOPHENAZINE MALEATE,CC(=O)c1ccc2c(c1)N(CCCN1CCN(CCO)CC1)c1ccccc1S2.O=C(O)/C=C\C(=O)O.O=C(O)/C=C\C(=O)O,0.2375,False,0.289,0.0482,0.3283,0.8466
583,,CHEMBL1945778,IOFLUPANE,COC(=O)[C@H]1[C@@H](c2ccc(I)cc2)C[C@@H]2CC[C@H]1N2CCCF,0.2372,False,0.212,0.0751,0.1945,0.9137
584,,CHEMBL3989517,IOFLUPANE I 123,COC(=O)[C@H]1[C@@H](c2ccc([123I])cc2)C[C@@H]2CC[C@H]1N2CCCF,0.2372,False,0.2,0.0751,0.1945,0.9137
585,,CHEMBL1200482,CEFOPERAZONE SODIUM,CCN1CCN(C(=O)N[C@@H](C(=O)N[C@@H]2C(=O)N3C(C(=O)[O-])=C(CSc4nnnn4C)CS[C@H]23)c2ccc(O)cc2)C(=O)C1=O.[Na+],0.2371,False,0.18,0.055,0.6985,0.3474
586,,CHEMBL3989823,VIOMYCIN SULFATE,NCCC[C@H](N)CC(=O)N[C@H]1CNC(=O)[C@H]([C@H]2C[C@H](O)NC(N)=N2)NC(=O)/C(=C/NC(N)=O)NC(=O)[C@H](CO)NC(=O)[C@H](CO)NC1=O.O=S(=O)(O)O,0.237,False,0.171,0.0428,0.3761,0.8268
587,,CHEMBL1200984,AMLODIPINE MALEATE,CCOC(=O)C1=C(COCCN)NC(C)=C(C(=O)OC)C1c1ccccc1Cl.O=C(O)/C=C\C(=O)O,0.237,False,0.244,0.0472,0.4623,0.6108
588,,CHEMBL1256842,NOMIFENSINE MALEATE,CN1Cc2c(N)cccc2C(c2ccccc2)C1.O=C(O)/C=C\C(=O)O,0.2366,False,0.233,0.0764,0.2945,0.5882
589,164.0,CHEMBL4594293,ACALABRUTINIB MALEATE,CC#CC(=O)N1CCC[C@H]1c1nc(-c2ccc(C(=O)Nc3ccccn3)cc2)c2c(N)nccn12.O=C(O)/C=C\C(=O)O,0.236,True,0.347,0.1175,0.5633,0.1988
590,,CHEMBL1200357,MOXALACTAM DISODIUM,CO[C@@]1(NC(=O)C(C(=O)[O-])c2ccc(O)cc2)C(=O)N2C(C(=O)[O-])=C(CSc3nnnn3C)CO[C@@H]21.[Na+].[Na+],0.2352,False,0.208,0.061,0.9405,0.2268
591,,CHEMBL1201782,FOSAPREPITANT DIMEGLUMINE,CNC[C@H](O)[C@@H](O)[C@H](O)[C@H](O)CO.CNC[C@H](O)[C@@H](O)[C@H](O)[C@H](O)CO.C[C@@H](O[C@H]1OCCN(Cc2nn(P(=O)(O)O)c(=O)[nH]2)[C@H]1c1ccc(F)cc1)c1cc(C(F)(F)F)cc(C(F)(F)F)c1,0.2343,False,0.208,0.0931,0.1579,0.8754
592,,CHEMBL1094966,PIRBUTEROL,CC(C)(C)NCC(O)c1ccc(O)c(CO)n1,0.234,False,0.221,0.0741,0.3471,0.498
593,,CHEMBL597,PHENTOLAMINE,Cc1ccc(N(CC2=NCCN2)c2cccc(O)c2)cc1,0.2337,False,0.235,0.1171,0.3447,0.3161
594,165.0,CHEMBL1091250,INDIGOTINDISULFONATE,O=C1/C(=C2\Nc3ccc(S(=O)(=O)O)cc3C2=O)Nc2ccc(S(=O)(=O)O)cc21,0.2334,True,0.304,0.1152,0.1935,0.5704
595,166.0,CHEMBL2103830,FOSTAMATINIB,COc1cc(Nc2ncc(F)c(Nc3ccc4c(n3)N(COP(=O)(O)O)C(=O)C(C)(C)O4)n2)cc(OC)c1OC,0.2328,True,0.309,0.0862,0.7738,0.1893
596,167.0,CHEMBL313972,MASOPROCOL,C[C@H](Cc1ccc(O)c(O)c1)[C@@H](C)Cc1ccc(O)c(O)c1,0.2327,True,0.472,0.0284,0.685,0.6485
597,,CHEMBL100116,PENTAZOCINE,CC(C)=CCN1CCC2(C)c3cc(O)ccc3CC1C2C,0.2323,False,0.191,0.0136,0.9722,0.9451
598,,CHEMBL1660,RIFAPENTINE,CO[C@H]1/C=C/O[C@@]2(C)Oc3c(C)c(O)c4c(O)c(c(/C=N/N5CCN(C6CCCC6)CC5)c(O)c4c3C2=O)NC(=O)/C(C)=C\C=C\[C@H](C)[C@H](O)[C@@H](C)[C@@H](O)[C@@H](C)[C@H](OC(C)=O)[C@@H]1C,0.2317,False,0.173,0.0742,0.5836,0.2871
599,,CHEMBL1200948,TRIMIPRAMINE MALEATE,CC(CN(C)C)CN1c2ccccc2CCc2ccccc21.O=C(O)/C=C\C(=O)O,0.2315,False,0.269,0.048,0.3324,0.7779
600,,CHEMBL1618,CEFAMANDOLE NAFATE,Cn1nnnc1SCC1=C(C(=O)[O-])N2C(=O)[C@@H](NC(=O)[C@H](OC=O)c3ccccc3)[C@H]2SC1.[Na+],0.2312,False,0.221,0.0805,0.8402,0.1827
601,,CHEMBL1082407,ENZALUTAMIDE,CNC(=O)c1ccc(N2C(=S)N(c3ccc(C#N)c(C(F)(F)F)c3)C(=O)C2(C)C)cc1F,0.2307,False,0.22,0.0283,0.7511,0.5782
602,168.0,CHEMBL1213165,DOLUTEGRAVIR SODIUM,C[C@@H]1CCO[C@H]2Cn3cc(C(=O)NCc4ccc(F)cc4F)c(=O)c([O-])c3C(=O)N12.[Na+],0.2295,True,0.333,0.0376,0.7471,0.4307
603,,CHEMBL1492500,DOTHIEPIN,CN(C)CC/C=C1\c2ccccc2CSc2ccccc21,0.2292,False,0.208,0.2567,0.2707,0.1733
604,,CHEMBL2146102,EPHEDRINE HYDROCHLORIDE,CN[C@@H](C)[C@H](O)c1ccccc1.Cl,0.2287,False,0.25,0.0695,0.2272,0.757
605,,CHEMBL567,PERPHENAZINE,OCCN1CCN(CCCN2c3ccccc3Sc3ccc(Cl)cc32)CC1,0.2281,False,0.233,0.0726,0.1676,0.9749
606,,CHEMBL1908841,LEVOLEUCOVORIN,Nc1nc(=O)c2c([nH]1)NC[C@H](CNc1ccc(C(=O)N[C@@H](CCC(=O)O)C(=O)O)cc1)N2C=O,0.2281,False,0.264,0.0286,0.4347,0.9527
607,,CHEMBL4594214,ZICONOTIDE,CSCC[C@@H]1NC(=O)[C@H](CC(C)C)NC(=O)[C@H](CCCNC(=N)N)NC(=O)[C@H](CO)NC(=O)[C@@H]2CSSC[C@@H]3NC(=O)[C@H](CO)NC(=O)CNC(=O)[C@H]([C@@H](C)O)NC(=O)[C@H](CSSC[C@H](N)C(=O)N[C@@H](CCCCN)C(=O)NCC(=O)N[C@@H](CCCCN)C(=O)NCC(=O)N[C@@H](C)C(=O)N[C@@H](CCCCN)C(=O)N2)NC(=O)[C@H](CSSC[C@@H](C(N)=O)NC(=O)[C@H](CCCCN)NC(=O)CNC(=O)[C@H](CO)NC(=O)[C@H](CCCNC(=N)N)NC3=O)NC(=O)[C@H](CC(=O)O)NC(=O)[C@H](Cc2ccc(O)cc2)NC1=O,0.2279,False,0.258,0.0497,0.2409,0.9879
608,169.0,CHEMBL4558324,LAZERTINIB,C=CC(=O)Nc1cc(Nc2nccc(-n3cc(CN(C)C)c(-c4ccccc4)n3)n2)c(OC)cc1N1CCOCC1,0.2276,True,0.348,0.2127,0.0588,0.9435
609,,CHEMBL1422,SITAGLIPTIN,N[C@@H](CC(=O)N1CCn2c(nnc2C(F)(F)F)C1)Cc1cc(F)c(F)cc1F,0.2274,False,0.208,0.0959,0.2138,0.5736
610,170.0,CHEMBL24828,VANDETANIB,COc1cc2/c(=N/c3ccc(Br)cc3F)nc[nH]c2cc1OCC1CCN(C)CC1,0.2274,True,0.391,0.3219,0.2582,0.1415
611,,CHEMBL2070241,BREMELANOTIDE,CCCC[C@H](NC(C)=O)C(=O)N[C@H]1CC(=O)NCCCC[C@@H](C(=O)O)NC(=O)[C@H](Cc2c[nH]c3ccccc23)NC(=O)[C@H](CCCNC(=N)N)NC(=O)[C@@H](Cc2ccccc2)NC(=O)[C@H](Cc2c[nH]cn2)NC1=O,0.227,False,0.226,0.0577,0.212,0.9573
612,,CHEMBL14060,PHENOL,Oc1ccccc1,0.227,False,0.35,0.1123,0.3069,0.3395
613,,CHEMBL507674,CEFOPERAZONE,CCN1CCN(C(=O)N[C@@H](C(=O)N[C@@H]2C(=O)N3C(C(=O)O)=C(CSc4nnnn4C)CS[C@H]23)c2ccc(O)cc2)C(=O)C1=O,0.2269,False,0.183,0.0505,0.6878,0.3363
614,,CHEMBL1546,HYDROXYAMPHETAMINE,CC(N)Cc1ccc(O)cc1,0.2268,False,0.276,0.0156,0.8397,0.8938
615,,CHEMBL1908361,LEVOLEUCOVORIN CALCIUM,Nc1nc(=O)c2c([nH]1)NC[C@H](CNc1ccc(C(=O)N[C@@H](CCC(=O)[O-])C(=O)[O-])cc1)N2C=O.[Ca+2],0.2267,False,0.265,0.0278,0.4724,0.8873
616,,CHEMBL548,DINOPROSTONE,CCCCC[C@H](O)/C=C/[C@H]1[C@H](O)CC(=O)[C@@H]1C/C=C\CCCC(=O)O,0.2262,False,0.214,0.0469,0.3207,0.7705
617,,CHEMBL3188993,QUETIAPINE FUMARATE,O=C(O)/C=C/C(=O)O.OCCOCCN1CCN(C2=Nc3ccccc3Sc3ccccc32)CC1.OCCOCCN1CCN(C2=Nc3ccccc3Sc3ccccc32)CC1,0.2255,False,0.314,0.0522,0.2724,0.8072
618,,CHEMBL1201046,CEFORANIDE,NCc1ccccc1CC(=O)N[C@@H]1C(=O)N2C(C(=O)O)=C(CSc3nnnn3CC(=O)O)CS[C@H]12,0.2252,False,0.219,0.0441,0.7755,0.3343
619,,CHEMBL1089,PHENELZINE,NNCCc1ccccc1,0.2247,False,0.26,0.0615,0.2091,0.8824
620,,CHEMBL2107124,PROTHIPENDYL HYDROCHLORIDE,CN(C)CCCN1c2ccccc2Sc2cccnc21.Cl,0.2236,False,0.274,0.0993,0.1165,0.9665
621,,CHEMBL20883,TEGAFUR,O=c1[nH]c(=O)n(C2CCCO2)cc1F,0.2233,False,0.207,0.1189,0.1868,0.5015
622,,CHEMBL1200388,CLOXACILLIN SODIUM,Cc1onc(-c2ccccc2Cl)c1C(=O)N[C@@H]1C(=O)N2[C@@H]1SC(C)(C)[C@@H]2C(=O)[O-].O.[Na+],0.2232,False,0.247,0.1305,0.7044,0.1211
623,,CHEMBL2104415,MOXIDECTIN,CO/N=C1\C[C@]2(C[C@@H]3C[C@@H](C/C=C(\C)C[C@@H](C)/C=C/C=C4\CO[C@@H]5[C@H](O)C(C)=C[C@@H](C(=O)O3)[C@]45O)O2)O[C@H](/C(C)=C/C(C)C)[C@H]1C,0.2227,False,0.181,0.0159,0.7557,0.917
624,,CHEMBL1201748,CABAZITAXEL,CO[C@H]1C(=O)[C@]2(C)[C@@H](OC)C[C@H]3OC[C@@]3(OC(C)=O)[C@H]2[C@H](OC(=O)c2ccccc2)[C@]2(O)C[C@H](OC(=O)[C@H](O)[C@@H](NC(=O)OC(C)(C)C)c3ccccc3)C(C)=C1C2(C)C,0.2226,False,0.252,0.0276,0.8299,0.4807
625,,CHEMBL58,MITOXANTRONE,O=C1c2c(O)ccc(O)c2C(=O)c2c(NCCNCCO)ccc(NCCNCCO)c21,0.2222,False,0.281,0.0702,0.3554,0.4396
626,,CHEMBL1200855,TICARCILLIN DISODIUM,CC1(C)S[C@@H]2[C@H](NC(=O)[C@H](C(=O)[O-])c3ccsc3)C(=O)N2[C@H]1C(=O)[O-].[Na+].[Na+],0.2221,False,0.217,0.0485,0.277,0.8159
627,,CHEMBL1200843,METHYLERGONOVINE MALEATE,CC[C@@H](CO)NC(=O)[C@@H]1C=C2c3cccc4[nH]cc(c34)C[C@H]2N(C)C1.O=C(O)/C=C\C(=O)O,0.2221,False,0.221,0.0437,0.2761,0.9089
628,,CHEMBL1711280,DOTHIEPIN HYDROCHLORIDE,CN(C)CC/C=C1\c2ccccc2CSc2ccccc21.Cl,0.2212,False,0.217,0.2336,0.2692,0.1721
629,,CHEMBL4298153,NIROGACESTAT HYDROBROMIDE,Br.Br.CCC[C@H](N[C@H]1CCc2cc(F)cc(F)c2C1)C(=O)Nc1cn(C(C)(C)CNCC(C)(C)C)cn1,0.2205,False,0.227,0.7808,0.1599,0.0859
630,,CHEMBL1200523,CEFAZOLIN SODIUM,Cc1nnc(SCC2=C(C(=O)[O-])N3C(=O)[C@@H](NC(=O)Cn4cnnn4)[C@H]3SC2)s1.[Na+],0.2204,False,0.213,0.0527,0.6518,0.3118
631,,CHEMBL3989830,SIBUTRAMINE HYDROCHLORIDE,CC(C)CC(N(C)C)C1(c2ccc(Cl)cc2)CCC1.Cl.O,0.2194,False,0.212,0.0152,0.7868,0.8819
632,,CHEMBL1767408,DIQUAFOSOL TETRASODIUM,O=c1ccn([C@@H]2O[C@H](COP(=O)([O-])OP(=O)([O-])OP(=O)([O-])OP(=O)([O-])OC[C@H]3O[C@@H](n4ccc(=O)[nH]c4=O)[C@H](O)[C@@H]3O)[C@@H](O)[C@H]2O)c(=O)[nH]1.[Na+].[Na+].[Na+].[Na+],0.2189,False,0.247,0.155,0.1116,0.6061
633,,CHEMBL1779710,EVOGLIPTIN,CC(C)(C)OC[C@@H]1C(=O)NCCN1C(=O)C[C@H](N)Cc1cc(F)c(F)cc1F,0.2185,False,0.238,0.0905,0.2655,0.4346
634,,CHEMBL1256137,CYSTEAMINE HYDROCHLORIDE,Cl.NCCS,0.2182,False,0.118,0.3539,0.1401,0.2094
635,171.0,CHEMBL1697760,MUZOLIMINE,CC(c1ccc(Cl)c(Cl)c1)N1N=C(N)CC1=O,0.2182,True,0.333,0.7621,0.0238,0.5719
636,,CHEMBL1200941,THIAMINE HYDROCHLORIDE,Cc1ncc(C[n+]2csc(CCO)c2C)c(N)n1.Cl.[Cl-],0.2181,False,0.228,0.7926,0.4587,0.0285
637,,CHEMBL4594248,CALCITONIN HUMAN,CC[C@H](C)[C@H](NC(=O)[C@H](C)NC(=O)[C@@H](NC(=O)[C@H](CCC(N)=O)NC(=O)[C@@H]1CCCN1C(=O)[C@H](Cc1ccccc1)NC(=O)[C@@H](NC(=O)[C@H](Cc1c[nH]cn1)NC(=O)[C@H](Cc1ccccc1)NC(=O)[C@H](CCCCN)NC(=O)[C@H](CC(N)=O)NC(=O)[C@H](Cc1ccccc1)NC(=O)[C@H](CC(=O)O)NC(=O)[C@H](CCC(N)=O)NC(=O)[C@@H](NC(=O)[C@H](Cc1ccc(O)cc1)NC(=O)[C@@H](NC(=O)CNC(=O)[C@H](CC(C)C)NC(=O)[C@H](CCSC)NC(=O)[C@@H]1CSSC[C@H](N)C(=O)NCC(=O)N[C@@H](CC(N)=O)C(=O)N[C@@H](CC(C)C)C(=O)N[C@@H](CO)C(=O)N[C@@H]([C@@H](C)O)C(=O)N1)[C@@H](C)O)[C@@H](C)O)[C@@H](C)O)[C@@H](C)O)C(=O)NCC(=O)N[C@H](C(=O)NCC(=O)N[C@@H](C)C(=O)N1CCC[C@H]1C(N)=O)C(C)C,0.2179,False,0.227,0.0189,0.5523,0.9907
638,172.0,CHEMBL1200370,BENZOYL PEROXIDE,O=C(OOC(=O)c1ccccc1)c1ccccc1,0.2166,True,0.341,0.0472,0.8679,0.2481
639,,CHEMBL500576,TEMOPORFIN,Oc1cccc(-c2c3nc(c(-c4cccc(O)c4)c4ccc([nH]4)c(-c4cccc(O)c4)c4nc(c(-c5cccc(O)c5)c5ccc2[nH]5)CC4)C=C3)c1,0.2165,False,0.288,0.1291,0.0796,0.9875
640,,CHEMBL3301612,ENCORAFENIB,COC(=O)N[C@@H](C)CNc1nccc(-c2cn(C(C)C)nc2-c2cc(Cl)cc(NS(C)(=O)=O)c2F)n1,0.2163,False,0.284,0.1565,0.1957,0.3303
641,,CHEMBL340978,BENOXAPROFEN,CC(C(=O)O)c1ccc2oc(-c3ccc(Cl)cc3)nc2c1,0.2161,False,0.281,0.0742,0.4153,0.3277
642,,CHEMBL2104993,VORTIOXETINE,Cc1ccc(Sc2ccccc2N2CCNCC2)c(C)c1,0.2152,False,0.275,0.0988,0.1471,0.6856
643,,CHEMBL1316,CARPROFEN,CC(C(=O)O)c1ccc2c(c1)[nH]c1ccc(Cl)cc12,0.2151,False,0.298,0.2415,0.4206,0.0979
644,173.0,CHEMBL1195,PROPOXYCAINE,CCCOc1cc(N)ccc1C(=O)OCCN(CC)CC,0.2149,True,0.312,0.025,0.5319,0.7465
645,,CHEMBL1255800,FIDAXOMICIN,CCc1c(Cl)c(O)c(Cl)c(O)c1C(=O)O[C@H]1[C@H](O)[C@H](OC)[C@H](OC/C2=C\C=C\C[C@H](O)/C(C)=C/[C@H](CC)[C@@H](O[C@@H]3OC(C)(C)[C@@H](OC(=O)C(C)C)[C@H](O)[C@@H]3O)/C(C)=C/C(C)=C/C[C@@H]([C@@H](C)O)OC2=O)O[C@@H]1C,0.2149,False,0.154,0.0909,0.2708,0.403
646,,CHEMBL28218,BROMPERIDOL,O=C(CCCN1CCC(O)(c2ccc(Br)cc2)CC1)c1ccc(F)cc1,0.2146,False,0.297,0.0766,0.2402,0.5369
647,,CHEMBL1697841,ISOMETHEPTENE,CNC(C)CCC=C(C)C,0.2143,False,0.138,0.0902,0.1145,0.9517
648,174.0,CHEMBL4559134,SELPERCATINIB,COc1ccc(CN2C3CC2CN(c2ccc(-c4cc(OCC(C)(C)O)cn5ncc(C#N)c45)cn2)C3)cn1,0.2141,True,0.314,0.1095,0.5527,0.1621
649,,CHEMBL1082,AMOXICILLIN,CC1(C)S[C@@H]2[C@H](NC(=O)[C@H](N)c3ccc(O)cc3)C(=O)N2[C@H]1C(=O)O,0.214,False,0.222,0.0293,0.7079,0.4719
650,,CHEMBL1200822,FLECAINIDE ACETATE,CC(=O)O.O=C(NCC1CCCCN1)c1cc(OCC(F)(F)F)ccc1OCC(F)(F)F,0.2139,False,0.26,0.1082,0.3645,0.2479
651,175.0,CHEMBL926,DOBUTAMINE,CC(CCc1ccc(O)cc1)NCCc1ccc(O)c(O)c1,0.2139,True,0.3,0.0204,0.7644,0.6272
652,,CHEMBL1296,CEFOTIAM,CN(C)CCn1nnnc1SCC1=C(C(=O)O)N2C(=O)[C@@H](NC(=O)Cc3csc(N)n3)[C@H]2SC1,0.213,False,0.184,0.026,0.5339,0.6974
653,176.0,CHEMBL4650226,ACORAMIDIS HYDROCHLORIDE,Cc1n[nH]c(C)c1CCCOc1cc(C(=O)O)ccc1F.Cl,0.2122,True,0.307,0.3086,0.1568,0.1974
654,,CHEMBL1201235,METHYLHOMATROPINE,C[N+]1(C)[C@@H]2CC[C@H]1C[C@@H](OC(=O)C(O)c1ccccc1)C2,0.2121,False,0.267,0.1828,0.0789,0.6615
655,,CHEMBL161,CEFTRIAXONE,CO/N=C(\C(=O)N[C@@H]1C(=O)N2C(C(=O)O)=C(CSc3nc(=O)c(O)nn3C)CS[C@H]12)c1csc(N)n1,0.2119,False,0.171,0.1,0.5845,0.1628
656,,CHEMBL3989509,PENTAZOCINE LACTATE,CC(C)=CCN1CCC2(C)c3cc(O)ccc3CC1C2C.CC(O)C(=O)O,0.2109,False,0.19,0.0109,0.9801,0.8782
657,,CHEMBL1590,PSEUDOEPHEDRINE,CN[C@@H](C)[C@@H](O)c1ccccc1,0.2106,False,0.25,0.077,0.1701,0.7131
658,,CHEMBL1398126,AMILORIDE HYDROCHLORIDE,Cl.N=C(N)NC(=O)c1nc(Cl)c(N)nc1N.O.O,0.2105,False,0.176,0.1428,0.47,0.139
659,,CHEMBL267894,AMOBARBITAL,CCC1(CCC(C)C)C(=O)NC(=O)NC1=O,0.2105,False,0.16,0.024,0.8949,0.4347
660,,CHEMBL891,CLOXACILLIN,Cc1onc(-c2ccccc2Cl)c1C(=O)N[C@@H]1C(=O)N2[C@@H]1SC(C)(C)[C@@H]2C(=O)O,0.2104,False,0.256,0.117,0.6471,0.123
661,,CHEMBL4594287,ENSIFENTRINE,COc1cc2c(cc1OC)-c1c/c(=N\c3c(C)cc(C)cc3C)n(CCNC(N)=O)c(=O)n1CC2,0.2103,False,0.245,0.2073,0.0449,0.9985
662,,CHEMBL1200768,CEFTAZIDIME SODIUM,CC(C)(O/N=C(\C(=O)N[C@@H]1C(=O)N2C(C(=O)[O-])=C(C[n+]3ccccc3)CS[C@H]12)c1csc(N)n1)C(=O)[O-].[Na+],0.2102,False,0.179,0.1229,0.8112,0.0932
663,,CHEMBL1588,THIAMINE,Cc1ncc(C[n+]2csc(CCO)c2C)c(N)n1.[Cl-],0.21,False,0.231,0.7709,0.4199,0.0286
664,,CHEMBL1201066,VENLAFAXINE HYDROCHLORIDE,COc1ccc(C(CN(C)C)C2(O)CCCCC2)cc1.Cl,0.21,False,0.25,0.0194,0.4953,0.9662
665,,CHEMBL1146,CEFAMANDOLE,Cn1nnnc1SCC1=C(C(=O)O)N2C(=O)[C@@H](NC(=O)[C@H](O)c3ccccc3)[C@H]2SC1,0.2098,False,0.229,0.067,0.8169,0.1686
666,,CHEMBL1201218,CEFAMANDOLE NAFATE FREE BASE,Cn1nnnc1SCC1=C(C(=O)O)N2C(=O)[C@@H](NC(=O)[C@H](OC=O)c3ccccc3)[C@H]2SC1,0.2097,False,0.228,0.0643,0.817,0.1756
667,,CHEMBL1200338,PINACIDIL,CC(N/C(=N\C#N)Nc1ccncc1)C(C)(C)C.O,0.2094,False,0.242,0.0138,0.8623,0.7722
668,,CHEMBL1770916,NIROGACESTAT,CCC[C@H](N[C@H]1CCc2cc(F)cc(F)c2C1)C(=O)Nc1cn(C(C)(C)CNCC(C)(C)C)cn1,0.2092,False,0.229,0.7706,0.149,0.0798
669,,CHEMBL1200799,TRAVOPROST,CC(C)OC(=O)CCC/C=C\C[C@@H]1[C@@H](/C=C/[C@@H](O)COc2cccc(C(F)(F)F)c2)[C@H](O)C[C@@H]1O,0.2091,False,0.25,0.1661,0.0846,0.6508
670,,CHEMBL1489,AZACITIDINE,Nc1ncn([C@@H]2O[C@H](CO)[C@@H](O)[C@H]2O)c(=O)n1,0.2088,False,0.291,0.1827,0.2627,0.1897
671,177.0,CHEMBL3940890,ACORAMIDIS,Cc1n[nH]c(C)c1CCCOc1cc(C(=O)O)ccc1F,0.2087,True,0.311,0.2998,0.1552,0.1954
672,,CHEMBL1200511,GONADORELIN ACETATE,CC(=O)O.CC(C)C[C@H](NC(=O)CNC(=O)[C@H](Cc1ccc(O)cc1)NC(=O)[C@H](CO)NC(=O)[C@H](Cc1c[nH]c2ccccc12)NC(=O)[C@H](Cc1cnc[nH]1)NC(=O)[C@@H]1CCC(=O)N1)C(=O)N[C@@H](CCCNC(=N)N)C(=O)N1CCC[C@H]1C(=O)NCC(N)=O,0.2084,False,0.228,0.0111,0.8205,0.9927
673,,CHEMBL4297147,HALOPERIDOL LACTATE,CC(O)C(=O)O.O=C(CCCN1CCC(O)(c2ccc(Cl)cc2)CC1)c1ccc(F)cc1,0.2082,False,0.282,0.0114,0.8173,0.9711
674,,CHEMBL416956,MEFLOQUINE,OC(c1cc(C(F)(F)F)nc2c(C(F)(F)F)cccc12)C1CCCCN1,0.2076,False,0.25,0.0837,0.1776,0.6024
675,,CHEMBL1467,ALLOPURINOL,Oc1ncnc2[nH]ncc12,0.2073,False,0.25,0.1396,0.281,0.2272
676,,CHEMBL1668,RESCINNAMINE,COC(=O)[C@H]1[C@H]2C[C@@H]3c4[nH]c5cc(OC)ccc5c4CCN3C[C@H]2C[C@@H](OC(=O)/C=C/c2cc(OC)c(OC)c(OC)c2)[C@@H]1OC,0.2071,False,0.235,0.0358,0.4322,0.5733
677,,CHEMBL829,METHYLPROMAZINE,CC(CN(C)C)CN1c2ccccc2Sc2ccccc21,0.2065,False,0.226,0.125,0.0715,0.9846
678,,CHEMBL1200671,NAFARELIN ACETATE,CC(=O)O.CC(C)C[C@H](NC(=O)[C@@H](Cc1cccc2ccccc12)NC(=O)[C@H](Cc1ccc(O)cc1)NC(=O)[C@H](CO)NC(=O)[C@H](Cc1c[nH]c2ccccc12)NC(=O)[C@H](Cc1cnc[nH]1)NC(=O)[C@@H]1CCC(=O)N1)C(=O)N[C@@H](CCCNC(=N)N)C(=O)N1CCC[C@H]1C(=O)NCC(N)=O,0.2063,False,0.203,0.0111,0.7998,0.9916
679,,CHEMBL1449,TICARCILLIN,CC1(C)S[C@@H]2[C@H](NC(=O)[C@H](C(=O)O)c3ccsc3)C(=O)N2[C@H]1C(=O)O,0.2056,False,0.207,0.0393,0.2804,0.7901
680,,CHEMBL2105345,PROPANIDID,CCCOC(=O)Cc1ccc(OCC(=O)N(CC)CC)c(OC)c1,0.2051,False,0.299,0.0122,0.7616,0.9258
681,,CHEMBL44354,CEFTAZIDIME,CC(C)(O/N=C(\C(=O)N[C@@H]1C(=O)N2C(C(=O)[O-])=C(C[n+]3ccccc3)CS[C@H]12)c1csc(N)n1)C(=O)O,0.2049,False,0.164,0.1164,0.8122,0.091
682,,CHEMBL2107360,PALIPERIDONE PALMITATE,CCCCCCCCCCCCCCCC(=O)OC1CCCn2c1nc(C)c(CCN1CCC(c3noc4cc(F)ccc34)CC1)c2=O,0.2048,False,0.234,0.0454,0.2036,0.9303
683,,CHEMBL1200501,GOSERELIN ACETATE,CC(=O)O.CC(C)C[C@H](NC(=O)[C@@H](COC(C)(C)C)NC(=O)[C@H](Cc1ccc(O)cc1)NC(=O)[C@H](CO)NC(=O)[C@H](Cc1c[nH]c2ccccc12)NC(=O)[C@H](Cc1cnc[nH]1)NC(=O)[C@@H]1CCC(=O)N1)C(=O)N[C@@H](CCCNC(=N)N)C(=O)N1CCC[C@H]1C(=O)NNC(N)=O,0.2042,False,0.209,0.0111,0.7795,0.9827
684,,CHEMBL1084172,VILANTEROL TRIFENATATE,O=C(O)C(c1ccccc1)(c1ccccc1)c1ccccc1.OCc1cc([C@@H](O)CNCCCCCCOCCOCc2c(Cl)cccc2Cl)ccc1O,0.204,False,0.206,0.0629,0.3298,0.4092
685,,CHEMBL1097279,CANGRELOR TETRASODIUM,CSCCNc1nc(SCCC(F)(F)F)nc2c1ncn2[C@@H]1O[C@H](COP(=O)([O-])OP(=O)([O-])C(Cl)(Cl)P(=O)([O-])[O-])[C@@H](O)[C@H]1O.[Na+].[Na+].[Na+].[Na+],0.2036,False,0.248,0.0283,0.3181,0.9382
686,,CHEMBL1692,IMIPRAMINE HYDROCHLORIDE,CN(C)CCCN1c2ccccc2CCc2ccccc21.Cl,0.2031,False,0.283,0.0731,0.1196,0.9582
687,,CHEMBL1201005,CEFONICID SODIUM,O=C([O-])C1=C(CSc2nnnn2CS(=O)(=O)[O-])CS[C@@H]2[C@H](NC(=O)[C@H](O)c3ccccc3)C(=O)N12.[Na+].[Na+],0.2027,False,0.196,0.0651,0.5582,0.2292
688,,CHEMBL5315121,TECOVIRIMAT MONOHYDRATE,O.O=C(NN1C(=O)[C@@H]2[C@@H]3C=C[C@@H]([C@H]4C[C@@H]34)[C@@H]2C1=O)c1ccc(C(F)(F)F)cc1,0.2021,False,0.284,0.0313,0.3718,0.7098
689,,CHEMBL3183193,CEFMENOXIME HYDROCHLORIDE,CO/N=C(\C(=O)N[C@@H]1C(=O)N2C(C(=O)O)=C(CSc3nnnn3C)CS[C@H]12)c1csc(N)n1.CO/N=C(\C(=O)N[C@@H]1C(=O)N2C(C(=O)O)=C(CSc3nnnn3C)CS[C@H]12)c1csc(N)n1.Cl,0.2018,False,0.193,0.0622,0.6056,0.2181
690,178.0,CHEMBL407,FLUMAZENIL,CCOC(=O)c1ncn2c1CN(C)C(=O)c1cc(F)ccc1-2,0.2006,True,0.338,0.0906,0.4529,0.1966
691,,CHEMBL420,GUANABENZ,N=C(N)N/N=C/c1c(Cl)cccc1Cl,0.2004,False,0.217,0.2411,0.5347,0.0624
692,,CHEMBL4802130,BELUMOSUDIL MESYLATE,CC(C)NC(=O)COc1cccc(-c2nc(Nc3ccc4[nH]ncc4c3)c3ccccc3n2)c1.CS(=O)(=O)O,0.2003,False,0.287,0.1009,0.3849,0.2069
693,,CHEMBL2105458,THENALIDINE,CN1CCC(N(Cc2cccs2)c2ccccc2)CC1,0.2,False,0.263,0.5574,0.0155,0.9256
694,,CHEMBL1201224,CEFMENOXIME,CO/N=C(\C(=O)N[C@@H]1C(=O)N2C(C(=O)O)=C(CSc3nnnn3C)CS[C@H]12)c1csc(N)n1,0.1997,False,0.194,0.0595,0.6005,0.223
695,,CHEMBL3989403,ZOMEPIRAC SODIUM,Cc1cc(CC(=O)[O-])n(C)c1C(=O)c1ccc(Cl)cc1.O.O.[Na+],0.1997,False,0.24,0.0939,0.4119,0.2061
696,179.0,CHEMBL2105023,INDIGOTINDISULFONATE SODIUM,O=C1/C(=C2\Nc3ccc(S(=O)(=O)[O-])cc3C2=O)Nc2ccc(S(=O)(=O)[O-])cc21.[Na+].[Na+],0.1996,True,0.304,0.0985,0.161,0.5017
697,,CHEMBL1208646,THEOPHYLLINE GLYCINATE,Cn1c(=O)c2[nH]cnc2n(C)c1=O.NCC(=O)O,0.1995,False,0.254,0.2683,0.2208,0.1339
698,,CHEMBL1547,THIAMINE ION,Cc1ncc(C[n+]2csc(CCO)c2C)c(N)n1,0.1993,False,0.234,0.7976,0.3871,0.0257
699,,CHEMBL1200750,PROMETHAZINE HYDROCHLORIDE,CC(CN1c2ccccc2Sc2ccccc21)N(C)C.Cl,0.1989,False,0.213,0.0915,0.0906,0.948
700,,CHEMBL3311228,OTESECONAZOLE,O[C@@](Cn1cnnn1)(c1ccc(F)cc1F)C(F)(F)c1ccc(-c2ccc(OCC(F)(F)F)cc2)cn1,0.1987,False,0.242,0.0813,0.2197,0.4388
701,,CHEMBL1174,EPTIFIBATIDE,N=C(N)NCCCC[C@@H]1NC(=O)CCSSC[C@@H](C(N)=O)NC(=O)[C@@H]2CCCN2C(=O)[C@H](Cc2c[nH]c3ccccc23)NC(=O)[C@H](CC(=O)O)NC(=O)CNC1=O,0.1983,False,0.279,0.0335,0.2661,0.8733
702,180.0,CHEMBL1179047,CHLOROPROCAINE,CCN(CC)CCOC(=O)c1ccc(N)cc1Cl,0.1983,True,0.324,0.2829,0.4916,0.0561
703,,CHEMBL1200514,DEMECARIUM BROMIDE,CN(CCCCCCCCCCN(C)C(=O)Oc1cccc([N+](C)(C)C)c1)C(=O)Oc1cccc([N+](C)(C)C)c1.[Br-].[Br-],0.1978,False,0.274,0.1154,0.3689,0.1819
704,181.0,CHEMBL657,DIPHENHYDRAMINE,CN(C)CCOC(c1ccccc1)c1ccccc1,0.1966,True,0.3,0.0665,0.1226,0.9329
705,,CHEMBL54349,ALPIDEM,CCCN(CCC)C(=O)Cc1c(-c2ccc(Cl)cc2)nc2ccc(Cl)cn12,0.1966,False,0.267,0.1134,0.0684,0.9789
706,182.0,CHEMBL180022,NERATINIB,CCOc1cc2ncc(C#N)c(Nc3ccc(OCc4ccccn4)c(Cl)c3)c2cc1NC(=O)/C=C/CN(C)C,0.1964,True,0.75,0.7834,0.2986,0.0324
707,,CHEMBL12,DIAZEPAM,CN1C(=O)CN=C(c2ccccc2)c2cc(Cl)ccc21,0.1963,False,0.267,0.1121,0.3063,0.2201
708,,CHEMBL107,COLCHICINE,COc1cc2c(c(OC)c1OC)-c1ccc(OC)c(=O)cc1[C@@H](NC(C)=O)CC2,0.1957,False,0.26,0.0562,0.1385,0.9628
709,183.0,CHEMBL1642,IMATINIB MESYLATE,CS(=O)(=O)O.Cc1ccc(NC(=O)c2ccc(CN3CCN(C)CC3)cc2)cc1Nc1nccc(-c2cccnc2)n1,0.1953,True,0.797,0.0325,0.7946,0.2885
710,,CHEMBL1323,DARUNAVIR,CC(C)CN(C[C@@H](O)[C@H](Cc1ccccc1)NC(=O)O[C@H]1CO[C@H]2OCC[C@H]21)S(=O)(=O)c1ccc(N)cc1,0.1952,False,0.198,0.0256,0.2935,0.9881
711,,CHEMBL1435,CEFAZOLIN,Cc1nnc(SCC2=C(C(=O)O)N3C(=O)[C@@H](NC(=O)Cn4cnnn4)[C@H]3SC2)s1,0.195,False,0.218,0.0403,0.5999,0.3064
712,,CHEMBL1257073,TECOVIRIMAT,O=C(NN1C(=O)[C@@H]2[C@@H]3C=C[C@@H]([C@H]4C[C@@H]34)[C@@H]2C1=O)c1ccc(C(F)(F)F)cc1,0.195,False,0.288,0.0294,0.3466,0.726
713,,CHEMBL1319362,HOMATROPINE HYDROBROMIDE,Br.CN1[C@@H]2CC[C@H]1C[C@@H](OC(=O)C(O)c1ccccc1)C2,0.1946,False,0.246,0.147,0.0576,0.8709
714,,CHEMBL1159,PINACIDIL ANHYDROUS,CC(N/C(=N\C#N)Nc1ccncc1)C(C)(C)C,0.1939,False,0.242,0.0107,0.8655,0.7867
715,,CHEMBL2111030,PROTHIPENDYL,CN(C)CCCN1c2ccccc2Sc2cccnc21,0.1938,False,0.279,0.0918,0.0813,0.9744
716,,CHEMBL428647,PACLITAXEL,CC(=O)O[C@H]1C(=O)[C@@]2(C)[C@H]([C@H](OC(=O)c3ccccc3)[C@]3(O)C[C@H](OC(=O)[C@H](O)[C@@H](NC(=O)c4ccccc4)c4ccccc4)C(C)=C1C3(C)C)[C@]1(OC(C)=O)CO[C@@H]1C[C@@H]2O,0.1934,False,0.198,0.0254,0.7998,0.3562
717,,CHEMBL1201198,PEMIROLAST,Cc1cccn2c(=O)c(-c3nnn[nH]3)cnc12,0.1933,False,0.268,0.046,0.3628,0.4329
718,,CHEMBL969,PRAZEPAM,O=C1CN=C(c2ccccc2)c2cc(Cl)ccc2N1CC1CC1,0.1931,False,0.247,0.0543,0.1741,0.7617
719,184.0,CHEMBL944,CHLOROPROCAINE HYDROCHLORIDE,CCN(CC)CCOC(=O)c1ccc(N)cc1Cl.Cl,0.193,True,0.319,0.2828,0.4909,0.0518
720,,CHEMBL1200819,ARTICAINE HYDROCHLORIDE,CCCNC(C)C(=O)Nc1c(C)csc1C(=O)OC.Cl,0.1928,False,0.226,0.1118,0.0865,0.7414
721,,CHEMBL1696,DESIPRAMINE HYDROCHLORIDE,CNCCCN1c2ccccc2CCc2ccccc21.Cl,0.1928,False,0.206,0.0556,0.1385,0.9301
722,185.0,CHEMBL1620,DIPHENHYDRAMINE HYDROCHLORIDE,CN(C)CCOC(c1ccccc1)c1ccccc1.Cl,0.1922,True,0.319,0.0568,0.1381,0.9046
723,186.0,CHEMBL193240,ROFLUMILAST,O=C(Nc1c(Cl)cncc1Cl)c1ccc(OC(F)F)c(OCC2CC2)c1,0.1919,True,0.329,0.7598,0.2478,0.0376
724,,CHEMBL74632,MOXALACTAM,CO[C@@]1(NC(=O)C(C(=O)O)c2ccc(O)cc2)C(=O)N2C(C(=O)O)=C(CSc3nnnn3C)CO[C@@H]21,0.1918,False,0.212,0.0347,0.9239,0.2203
725,,CHEMBL1200952,METHAMPHETAMINE HYDROCHLORIDE,CN[C@@H](C)Cc1ccccc1.Cl,0.1915,False,0.24,0.0785,0.1235,0.725
726,,CHEMBL3545252,DOCETAXEL,CC(=O)O[C@@]12CO[C@@H]1C[C@H](O)[C@@]1(C)C(=O)[C@H](O)C3=C(C)[C@@H](OC(=O)[C@H](O)[C@@H](NC(=O)OC(C)(C)C)c4ccccc4)C[C@@](O)([C@@H](OC(=O)c4ccccc4)[C@H]21)C3(C)C.O.O.O,0.1914,False,0.235,0.0234,0.7979,0.3753
727,,CHEMBL991,STAVUDINE,Cc1cn([C@H]2C=C[C@@H](CO)O2)c(=O)[nH]c1=O,0.1914,False,0.214,0.0817,0.088,0.9764
728,,CHEMBL1200705,HYDROXYAMPHETAMINE HYDROBROMIDE,Br.CC(N)Cc1ccc(O)cc1,0.1908,False,0.267,0.0145,0.5759,0.8298
729,,CHEMBL3707246,OZANIMOD HYDROCHLORIDE,CC(C)Oc1ccc(-c2nc(-c3cccc4c3CC[C@@H]4NCCO)no2)cc1C#N.Cl,0.1905,False,0.289,0.1062,0.4386,0.1483
730,187.0,CHEMBL1655,TOREMIFENE,CN(C)CCOc1ccc(/C(=C(/CCCl)c2ccccc2)c2ccccc2)cc1,0.1895,True,0.423,0.0094,0.7323,0.9917
731,,CHEMBL1201019,CEFTIZOXIME SODIUM,CO/N=C(\C(=O)N[C@@H]1C(=O)N2C(C(=O)[O-])=CCS[C@H]12)c1csc(N)n1.[Na+],0.1893,False,0.177,0.0773,0.6043,0.1451
732,188.0,CHEMBL1021,NEPAFENAC,NC(=O)Cc1cccc(C(=O)c2ccccc2)c1N,0.1892,True,0.306,0.1594,0.3019,0.1407
733,,CHEMBL692,GLYCERIN,OCC(O)CO,0.1892,False,0.195,0.0576,0.129,0.9115
734,189.0,CHEMBL13376,CLOMETACIN,COc1ccc2c(C(=O)c3ccc(Cl)cc3)c(C)n(CC(=O)O)c2c1,0.1887,True,0.328,0.0873,0.3822,0.2015
735,,CHEMBL2107806,TALAPORFIN SODIUM,C=Cc1c(C)c2cc3nc(c(CC(=O)N[C@@H](CC(=O)[O-])C(=O)[O-])c4[nH]c(cc5nc(cc1[nH]2)C(C)=C5CC)c(C)c4C(=O)[O-])[C@@H](CCC(=O)[O-])[C@@H]3C.[Na+].[Na+].[Na+].[Na+],0.1886,False,0.173,0.3909,0.0172,0.9995
736,,CHEMBL1471,APREPITANT,C[C@@H](O[C@H]1OCCN(Cc2n[nH]c(=O)[nH]2)[C@H]1c1ccc(F)cc1)c1cc(C(F)(F)F)cc(C(F)(F)F)c1,0.1881,False,0.243,0.0817,0.0896,0.9084
737,,CHEMBL3286830,LORLATINIB,C[C@H]1Oc2cc(cnc2N)-c2c(nn(C)c2C#N)CN(C)C(=O)c2ccc(F)cc21,0.1875,False,0.247,0.1433,0.0588,0.7823
738,,CHEMBL1601,CEFONICID,O=C(O)C1=C(CSc2nnnn2CS(=O)(=O)O)CS[C@@H]2[C@H](NC(=O)[C@H](O)c3ccccc3)C(=O)N12,0.1873,False,0.214,0.0535,0.4619,0.266
739,,CHEMBL945,AMILORIDE,N=C(N)NC(=O)c1nc(Cl)c(N)nc1N,0.1851,False,0.18,0.1086,0.3969,0.1473
740,190.0,CHEMBL1213251,CLOBENZOREX,CC(Cc1ccccc1)NCc1ccccc1Cl,0.1851,True,0.323,0.0467,0.1693,0.8026
741,,CHEMBL1093,ARTICAINE,CCCNC(C)C(=O)Nc1c(C)csc1C(=O)OC,0.185,False,0.23,0.1086,0.0775,0.7528
742,191.0,CHEMBL15770,SULINDAC,CC1=C(CC(=O)O)c2cc(F)ccc2/C1=C\c1ccc([S+](C)[O-])cc1,0.1848,True,0.339,0.1004,0.4986,0.1262
743,,CHEMBL1200974,CARBINOXAMINE MALEATE,CN(C)CCOC(c1ccc(Cl)cc1)c1ccccn1.O=C(O)/C=C\C(=O)O,0.1848,False,0.277,0.017,0.5818,0.6365
744,,CHEMBL728,PROCHLORPERAZINE,CN1CCN(CCCN2c3ccccc3Sc3ccc(Cl)cc32)CC1,0.1847,False,0.282,0.0523,0.1232,0.977
745,,CHEMBL4298138,REPOTRECTINIB,C[C@H]1CNC(=O)c2cnn3ccc(nc23)N[C@H](C)c2cc(F)ccc2O1,0.1842,False,0.216,0.0956,0.1793,0.3646
746,,CHEMBL3707247,OZANIMOD,CC(C)Oc1ccc(-c2nc(-c3cccc4c3CC[C@@H]4NCCO)no2)cc1C#N,0.1838,False,0.292,0.0946,0.4101,0.16
747,192.0,CHEMBL1511957,PIPERIDOLATE HYDROCHLORIDE,CCN1CCCC(OC(=O)C(c2ccccc2)c2ccccc2)C1.Cl,0.1837,True,0.305,0.0774,0.1532,0.5226
748,,CHEMBL528,CEFTIZOXIME,CO/N=C(\C(=O)N[C@@H]1C(=O)N2C(C(=O)O)=CCS[C@H]12)c1csc(N)n1,0.1835,False,0.181,0.0722,0.5937,0.1441
749,,CHEMBL2358147,CARPHENAZINE MALEATE,CCC(=O)c1ccc2c(c1)N(CCCN1CCN(CCO)CC1)c1ccccc1S2.O=C(O)/C=C\C(=O)O.O=C(O)/C=C\C(=O)O,0.1832,False,0.272,0.0233,0.3169,0.8324
750,,CHEMBL418995,AMINEPTINE,O=C(O)CCCCCCNC1c2ccccc2CCc2ccccc21,0.1832,False,0.29,0.0263,0.26,0.8974
751,,CHEMBL1231574,LEVOMEFOLIC ACID,CN1c2c([nH]c(N)nc2=O)NC[C@@H]1CNc1ccc(C(=O)N[C@@H](CCC(=O)O)C(=O)O)cc1,0.1829,False,0.27,0.0191,0.3394,0.9445
752,,CHEMBL11,IMIPRAMINE,CN(C)CCCN1c2ccccc2CCc2ccccc21,0.1827,False,0.278,0.0723,0.0872,0.9685
753,,CHEMBL6,INDOMETHACIN,COc1ccc2c(c1)c(CC(=O)O)c(C)n2C(=O)c1ccc(Cl)cc1,0.1822,False,0.297,0.0808,0.3958,0.189
754,193.0,CHEMBL1873475,IBRUTINIB,C=CC(=O)N1CCC[C@@H](n2nc(-c3ccc(Oc4ccccc4)cc3)c3c(N)ncnc32)C1,0.1817,True,0.667,0.0619,0.3359,0.2888
755,,CHEMBL3182343,PIVAMPICILLIN,CC(C)(C)C(=O)OCOC(=O)[C@@H]1N2C(=O)[C@@H](NC(=O)[C@H](N)c3ccccc3)[C@H]2SC1(C)C,0.1808,False,0.2,0.0343,0.6907,0.2497
756,194.0,CHEMBL1889140,ROPIVACAINE HYDROCHLORIDE,CCCN1CCCC[C@H]1C(=O)Nc1c(C)cccc1C.Cl,0.1805,True,0.302,0.3336,0.1158,0.1522
757,,CHEMBL1201050,PEMIROLAST POTASSIUM,Cc1cccn2c(=O)c(-c3nnn[n-]3)cnc12.[K+],0.1804,False,0.241,0.0833,0.2194,0.3211
758,,CHEMBL1200692,OLMESARTAN MEDOXOMIL,CCCc1nc(C(C)(C)O)c(C(=O)OCc2oc(=O)oc2C)n1Cc1ccc(-c2ccccc2-c2nnn[nH]2)cc1,0.1799,False,0.23,0.1608,0.2085,0.1736
759,,CHEMBL1200418,DOBUTAMINE HYDROCHLORIDE,CC(CCc1ccc(O)cc1)NCCc1ccc(O)c(O)c1.Cl,0.1795,False,0.294,0.0235,0.6953,0.3536
760,,CHEMBL1083659,SUVOREXANT,Cc1ccc(-n2nccn2)c(C(=O)N2CCN(c3nc4cc(Cl)ccc4o3)CC[C@H]2C)c1,0.1781,False,0.257,0.0572,0.3058,0.3227
761,,CHEMBL1201774,SAPROPTERIN,C[C@H](O)[C@H](O)[C@H]1CNc2nc(N)[nH]c(=O)c2N1,0.1779,False,0.183,0.1106,0.0721,0.7055
762,,CHEMBL1908377,PYRVINIUM PAMOATE,Cc1cc(/C=C/c2ccc3cc(N(C)C)ccc3[n+]2C)c(C)n1-c1ccccc1.Cc1cc(/C=C/c2ccc3cc(N(C)C)ccc3[n+]2C)c(C)n1-c1ccccc1.O=C([O-])c1cc2ccccc2c(Cc2c(O)c(C(=O)[O-])cc3ccccc23)c1O,0.1773,False,0.207,0.1266,0.315,0.1398
763,195.0,CHEMBL2105748,PRUCALOPRIDE SUCCINATE,COCCCN1CCC(NC(=O)c2cc(Cl)c(N)c3c2OCC3)CC1.O=C(O)CCC(=O)O,0.1772,True,0.323,0.0576,0.0997,0.9697
764,,CHEMBL1200836,OXICONAZOLE NITRATE,Clc1ccc(CO/N=C(\Cn2ccnc2)c2ccc(Cl)cc2Cl)c(Cl)c1.O=[N+]([O-])O,0.1767,False,0.244,0.1751,0.67,0.047
765,,CHEMBL388590,BENZBROMARONE,CCc1oc2ccccc2c1C(=O)c1cc(Br)c(O)c(Br)c1,0.1765,False,0.283,0.1993,0.0886,0.3112
766,,CHEMBL2106076,CEFPIROME SULFATE,CO/N=C(\C(=O)N[C@@H]1C(=O)N2C(C(=O)[O-])=C(C[n+]3cccc4c3CCC4)CS[C@H]12)c1csc(N)n1.O=S(=O)(O)O,0.1764,False,0.171,0.0789,0.5071,0.1373
767,,CHEMBL428,TROVAFLOXACIN,N[C@@H]1[C@H]2CN(c3nc4c(cc3F)c(=O)c(C(=O)O)cn4-c3ccc(F)cc3F)C[C@@H]12,0.1764,False,0.261,0.1215,0.2845,0.1586
768,,CHEMBL643,PROMETHAZINE,CC(CN1c2ccccc2Sc2ccccc21)N(C)C,0.1763,False,0.208,0.0967,0.0587,0.9655
769,196.0,CHEMBL1200464,PROPARACAINE HYDROCHLORIDE,CCCOc1ccc(C(=O)OCCN(CC)CC)cc1N.Cl,0.1762,True,0.325,0.0085,0.7832,0.8206
770,197.0,CHEMBL1200586,PRILOCAINE HYDROCHLORIDE,CCCNC(C)C(=O)Nc1ccccc1C.Cl,0.176,True,0.317,0.0098,0.6788,0.8161
771,,CHEMBL1200516,GONADORELIN HYDROCHLORIDE,CC(C)C[C@H](NC(=O)CNC(=O)[C@H](Cc1ccc(O)cc1)NC(=O)[C@H](CO)NC(=O)[C@H](Cc1c[nH]c2ccccc12)NC(=O)[C@H](Cc1cnc[nH]1)NC(=O)[C@@H]1CCC(=O)N1)C(=O)N[C@@H](CCCNC(=N)N)C(=O)N1CCC[C@H]1C(=O)NCC(N)=O.Cl,0.1759,False,0.231,0.0077,0.7182,0.9848
772,,CHEMBL1615371,LEVOMEFOLATE CALCIUM,CN1c2c([nH]c(N)nc2=O)NC[C@@H]1CNc1ccc(C(=O)N[C@@H](CCC(=O)[O-])C(=O)[O-])cc1.[Ca+2],0.1759,False,0.271,0.018,0.3565,0.8499
773,,CHEMBL3989567,OXACILLIN SODIUM,Cc1onc(-c2ccccc2)c1C(=O)N[C@@H]1C(=O)N2[C@@H]1SC(C)(C)[C@@H]2C(=O)[O-].O.[Na+],0.1757,False,0.25,0.0816,0.6305,0.1054
774,198.0,CHEMBL316561,PROGLUMIDE,CCCN(CCC)C(=O)C(CCC(=O)O)NC(=O)c1ccccc1,0.1756,True,0.316,0.0102,0.5776,0.9203
775,199.0,CHEMBL85231,MEDIFOXAMINE,CN(C)CC(Oc1ccccc1)Oc1ccccc1,0.1752,True,0.308,0.0452,0.1192,0.9996
776,,CHEMBL1200933,HEXAFLUORENIUM BROMIDE,C[N+](C)(CCCCCC[N+](C)(C)C1c2ccccc2-c2ccccc21)C1c2ccccc2-c2ccccc21.[Br-].[Br-],0.1749,False,0.18,0.1415,0.0419,0.9017
777,,CHEMBL72,DESIPRAMINE,CNCCCN1c2ccccc2CCc2ccccc21,0.1745,False,0.209,0.0572,0.098,0.9479
778,,CHEMBL1010,CEFOTAXIME SODIUM,CO/N=C(\C(=O)N[C@@H]1C(=O)N2C(C(=O)[O-])=C(COC(C)=O)CS[C@H]12)c1csc(N)n1.[Na+],0.1744,False,0.183,0.0525,0.6655,0.1519
779,,CHEMBL1200985,CEFTIBUTEN DIHYDRATE,Nc1nc(/C(=C/CC(=O)O)C(=O)N[C@@H]2C(=O)N3C(C(=O)O)=CCS[C@H]23)cs1.O.O,0.174,False,0.171,0.0541,0.4608,0.2114
780,200.0,CHEMBL1201266,LODOXAMIDE,N#Cc1cc(NC(=O)C(=O)O)c(Cl)c(NC(=O)C(=O)O)c1,0.1736,True,0.312,0.1049,0.6282,0.0793
781,,CHEMBL1200724,PSEUDOEPHEDRINE HYDROCHLORIDE,CN[C@@H](C)[C@@H](O)c1ccccc1.Cl,0.1735,False,0.25,0.0582,0.1897,0.4725
782,,CHEMBL810,TEMOZOLOMIDE,Cn1nnc2c(C(N)=O)ncn2c1=O,0.1726,False,0.235,0.0181,0.5621,0.5047
783,,CHEMBL1477,CERIVASTATIN,COCc1c(C(C)C)nc(C(C)C)c(/C=C/[C@@H](O)C[C@@H](O)CC(=O)O)c1-c1ccc(F)cc1,0.172,False,0.233,0.0193,0.2714,0.9697
784,,CHEMBL1200938,METHYSERGIDE MALEATE,CC[C@@H](CO)NC(=O)[C@@H]1C=C2c3cccc4c3c(cn4C)C[C@H]2N(C)C1.O=C(O)/C=C\C(=O)O,0.1716,False,0.237,0.0338,0.1616,0.9259
785,,CHEMBL2134724,IPRATROPIUM BROMIDE,CC(C)[N+]1(C)[C@@H]2CC[C@H]1C[C@@H](OC(=O)C(CO)c1ccccc1)C2.O.[Br-],0.1713,False,0.254,0.0625,0.1059,0.7602
786,,CHEMBL857,BIOTIN,O=C(O)CCCC[C@@H]1SC[C@@H]2NC(=O)N[C@@H]21,0.1709,False,0.37,0.0685,0.0826,0.8809
787,,CHEMBL1909286,PHENOXYPROPAZINE,CC(COc1ccccc1)NN,0.1708,False,0.263,0.0327,0.1559,0.9774
788,201.0,CHEMBL83,TAMOXIFEN,CC/C(=C(\c1ccccc1)c1ccc(OCCN(C)C)cc1)c1ccccc1,0.1708,True,0.42,0.0098,0.5229,0.9734
789,,CHEMBL3187723,BINIMETINIB,Cn1cnc2c(F)c(Nc3ccc(Br)cc3F)c(C(=O)NOCCO)cc21,0.1699,False,0.261,0.98,0.7247,0.0069
790,,CHEMBL1201787,LAPYRIUM CHLORIDE,CCCCCCCCCCCC(=O)OCCNC(=O)C[n+]1ccccc1.[Cl-],0.1692,False,0.247,0.0072,0.6799,0.9923
791,,CHEMBL1007,GONADORELIN,CC(C)C[C@H](NC(=O)CNC(=O)[C@H](Cc1ccc(O)cc1)NC(=O)[C@H](CO)NC(=O)[C@H](Cc1c[nH]c2ccccc12)NC(=O)[C@H](Cc1cnc[nH]1)NC(=O)[C@@H]1CCC(=O)N1)C(=O)N[C@@H](CCCNC(=N)N)C(=O)N1CCC[C@H]1C(=O)NCC(N)=O,0.1691,False,0.233,0.0069,0.7109,0.9839
792,,CHEMBL1201309,NAFARELIN,CC(C)C[C@H](NC(=O)[C@@H](Cc1cccc2ccccc12)NC(=O)[C@H](Cc1ccc(O)cc1)NC(=O)[C@H](CO)NC(=O)[C@H](Cc1c[nH]c2ccccc12)NC(=O)[C@H](Cc1cnc[nH]1)NC(=O)[C@@H]1CCC(=O)N1)C(=O)N[C@@H](CCCNC(=N)N)C(=O)N1CCC[C@H]1C(=O)NCC(N)=O,0.1684,False,0.207,0.0071,0.6855,0.9817
793,,CHEMBL1200563,CERIVASTATIN SODIUM,COCc1c(C(C)C)nc(C(C)C)c(/C=C/[C@@H](O)C[C@@H](O)CC(=O)[O-])c1-c1ccc(F)cc1.[Na+],0.1683,False,0.228,0.018,0.2856,0.9282
794,,CHEMBL819,OXACILLIN,Cc1onc(-c2ccccc2)c1C(=O)N[C@@H]1C(=O)N2[C@@H]1SC(C)(C)[C@@H]2C(=O)O,0.1682,False,0.262,0.0765,0.5664,0.1097
795,,CHEMBL2107067,TESTOSTERONE UNDECANOATE,CCCCCCCCCCC(=O)O[C@H]1CC[C@H]2[C@@H]3CCC4=CC(=O)CC[C@]4(C)[C@H]3CC[C@]12C,0.167,False,0.2,0.0128,0.3655,0.992
796,,CHEMBL92401,IPRONIAZID,CC(C)NNC(=O)c1ccncc1,0.1665,False,0.315,0.0565,0.2523,0.3233
797,,CHEMBL2103855,TELOTRISTAT,Cc1ccn(-c2cc(Cl)ccc2[C@@H](Oc2cc(-c3ccc(C[C@H](N)C(=O)O)cc3)nc(N)n2)C(F)(F)F)n1,0.1662,False,0.226,0.0544,0.2773,0.3043
798,202.0,CHEMBL2338329,ROXADUSTAT,Cc1nc(C(=O)NCC(=O)O)c(O)c2ccc(Oc3ccccc3)cc12,0.1659,True,0.328,0.2448,0.8214,0.0227
799,,CHEMBL1808388,BEXAGLIFLOZIN,OC[C@H]1O[C@@H](c2ccc(Cl)c(Cc3ccc(OCCOC4CC4)cc3)c2)[C@H](O)[C@@H](O)[C@@H]1O,0.1653,False,0.274,0.0573,0.0807,0.9767
800,,CHEMBL1200322,ESCITALOPRAM OXALATE,CN(C)CCC[C@@]1(c2ccc(F)cc2)OCc2cc(C#N)ccc21.O=C(O)C(=O)O,0.1652,False,0.23,0.0182,0.3133,0.7902
801,,CHEMBL2048484,CANAGLIFLOZIN ANHYDROUS,Cc1ccc([C@@H]2O[C@H](CO)[C@@H](O)[C@H](O)[C@H]2O)cc1Cc1ccc(-c2ccc(F)cc2)s1,0.1648,False,0.235,0.1026,0.0698,0.6243
802,,CHEMBL2106198,BUSERELIN ACETATE,CC(=O)O.CCNC(=O)[C@@H]1CCCN1C(=O)[C@H](CCCNC(=N)N)NC(=O)[C@H](CC(C)C)NC(=O)[C@@H](COC(C)(C)C)NC(=O)[C@H](Cc1ccc(O)cc1)NC(=O)[C@H](CO)NC(=O)[C@H](Cc1c[nH]c2ccccc12)NC(=O)[C@H](Cc1cnc[nH]1)NC(=O)[C@@H]1CCC(=O)N1,0.1647,False,0.208,0.0059,0.7637,0.9883
803,,CHEMBL4297101,CEFTOBIPROLE MEDOCARIL SODIUM,Cc1oc(=O)oc1COC(=O)N1CC[C@@H](N2CC/C(=C\C3=C(C(=O)[O-])N4C(=O)[C@@H](NC(=O)/C(=N/O)c5nsc(N)n5)[C@H]4SC3)C2=O)C1.[Na+],0.164,False,0.186,0.0524,0.5554,0.1515
804,203.0,CHEMBL1200497,CYCLIZINE LACTATE,CC(O)C(=O)O.CN1CCN(C(c2ccccc2)c2ccccc2)CC1,0.1638,True,0.322,0.0133,0.3737,0.8854
805,,CHEMBL1200805,DILTIAZEM MALATE,COc1ccc([C@@H]2Sc3ccccc3N(CCN(C)C)C(=O)[C@@H]2OC(C)=O)cc1.O=C(O)CC(O)C(=O)O,0.1638,False,0.235,0.009,0.5373,0.9103
806,,CHEMBL65794,CEFPIROME,CO/N=C(\C(=O)N[C@@H]1C(=O)N2C(C(=O)[O-])=C(C[n+]3cccc4c3CCC4)CS[C@H]12)c1csc(N)n1,0.1637,False,0.175,0.0644,0.4236,0.1607
807,,CHEMBL2106439,PIPOTIAZINE PALMITATE,CCCCCCCCCCCCCCCC(=O)OCCC1CCN(CCCN2c3ccccc3Sc3ccc(S(=O)(=O)N(C)C)cc32)CC1,0.1633,False,0.265,0.0302,0.1664,0.8649
808,,CHEMBL515408,MARIBAVIR,CC(C)Nc1nc2cc(Cl)c(Cl)cc2n1[C@H]1O[C@@H](CO)[C@H](O)[C@@H]1O,0.1631,False,0.284,0.6738,0.0075,0.8618
809,,CHEMBL2103844,PIXANTRONE DIMALEATE,NCCNc1ccc(NCCN)c2c1C(=O)c1ccncc1C2=O.O=C(O)/C=C\C(=O)O.O=C(O)/C=C\C(=O)O,0.1629,False,0.239,0.0698,0.23,0.2692
810,,CHEMBL1199324,FOSAPREPITANT,C[C@@H](O[C@H]1OCCN(Cc2nn(P(=O)(O)O)c(=O)[nH]2)[C@H]1c1ccc(F)cc1)c1cc(C(F)(F)F)cc(C(F)(F)F)c1,0.1628,False,0.221,0.0785,0.0666,0.8256
811,,CHEMBL32479,BROTIZOLAM,Cc1nnc2n1-c1sc(Br)cc1C(c1ccccc1Cl)=NC2,0.1628,False,0.25,0.0596,0.0903,0.8016
812,,CHEMBL1730,CEFOTAXIME,CO/N=C(\C(=O)N[C@@H]1C(=O)N2C(C(=O)O)=C(COC(C)=O)CS[C@H]12)c1csc(N)n1,0.1628,False,0.176,0.0472,0.6473,0.1414
813,204.0,CHEMBL162036,BENORILATE,CC(=O)Nc1ccc(OC(=O)c2ccccc2OC(C)=O)cc1,0.1624,True,0.323,0.0192,0.7444,0.2994
814,,CHEMBL221326,DIQUAFOSOL,O=c1ccn([C@@H]2O[C@H](COP(=O)(O)OP(=O)(O)OP(=O)(O)OP(=O)(O)OC[C@H]3O[C@@H](n4ccc(=O)[nH]c4=O)[C@H](O)[C@@H]3O)[C@@H](O)[C@H]2O)c(=O)[nH]1,0.1623,False,0.253,0.1156,0.0774,0.4778
815,,CHEMBL1536,ERGOCALCIFEROL,C=C1CC[C@H](O)C/C1=C/C=C1\CCC[C@]2(C)[C@@H]([C@H](C)/C=C/[C@H](C)C(C)C)CC[C@@H]12,0.1623,False,0.159,0.0086,0.5053,0.9873
816,,CHEMBL1605,CEFTIBUTEN,Nc1nc(/C(=C/CC(=O)O)C(=O)N[C@@H]2C(=O)N3C(C(=O)O)=CCS[C@H]23)cs1,0.1623,False,0.173,0.0467,0.4335,0.2113
817,,CHEMBL2107386,VORAPAXAR SULFATE,CCOC(=O)N[C@@H]1CC[C@@H]2[C@@H](C1)C[C@H]1C(=O)O[C@H](C)[C@H]1[C@H]2/C=C/c1ccc(-c2cccc(F)c2)cn1.O=S(=O)(O)O,0.1622,False,0.26,0.0232,0.3665,0.501
818,,CHEMBL1089641,TRYPAN BLUE FREE ACID,Cc1cc(-c2ccc(/N=N/c3c(S(=O)(=O)O)cc4cc(S(=O)(=O)O)cc(N)c4c3O)c(C)c2)ccc1/N=N/c1c(S(=O)(=O)O)cc2cc(S(=O)(=O)O)cc(N)c2c1O,0.1616,False,0.212,0.132,0.2915,0.1097
819,,CHEMBL334966,CANGRELOR,CSCCNc1nc(SCCC(F)(F)F)nc2c1ncn2[C@@H]1O[C@H](COP(=O)(O)OP(=O)(O)C(Cl)(Cl)P(=O)(O)O)[C@@H](O)[C@H]1O,0.1615,False,0.242,0.0254,0.1821,0.9095
820,205.0,CHEMBL1653,PHENIRAMINE MALEATE,CN(C)CCC(c1ccccc1)c1ccccn1.O=C(O)/C=C\C(=O)O,0.1614,True,0.31,0.0312,0.3356,0.4011
821,,CHEMBL5314375,CIDOFOVIR,Nc1ccn(C[C@@H](CO)OCP(=O)(O)O)c(=O)n1.O.O,0.1608,False,0.189,0.0199,0.586,0.3575
822,,CHEMBL3989859,TOCOPHEROL ACETATE,CC(=O)Oc1c(C)c(C)c2c(c1C)CCC(C)(CCC[C@H](C)CCC[C@H](C)CCCC(C)C)O2,0.1605,False,0.158,0.0246,0.1733,0.9723
823,,CHEMBL609,TRIENTINE,NCCNCCNCCN,0.1604,False,0.137,0.2647,0.0374,0.4175
824,,CHEMBL1200498,ALATROFLOXACIN MESYLATE,CS(=O)(=O)O.C[C@H](N)C(=O)N[C@@H](C)C(=O)N[C@H]1[C@@H]2CN(c3nc4c(cc3F)c(=O)c(C(=O)O)cn4-c3ccc(F)cc3F)C[C@@H]21,0.1602,False,0.267,0.0498,0.2869,0.2878
825,,CHEMBL1474889,CLOBUTINOL,CC(CN(C)C)C(C)(O)Cc1ccc(Cl)cc1,0.1601,False,0.208,0.1515,0.1656,0.1634
826,,CHEMBL995,LOSARTAN POTASSIUM,CCCCc1nc(Cl)c(CO)n1Cc1ccc(-c2ccccc2-c2nnn[n-]2)cc1.[K+],0.1592,False,0.235,0.2168,0.0468,0.3974
827,,CHEMBL715,OLANZAPINE,Cc1cc2c(s1)Nc1ccccc1N=C2N1CCN(C)CC1,0.1584,False,0.264,0.0563,0.077,0.916
828,,CHEMBL2111186,TALAPORFIN,C=Cc1c(C)c2cc3nc(c(CC(=O)N[C@@H](CC(=O)O)C(=O)O)c4[nH]c(cc5nc(cc1[nH]2)C(C)=C5CC)c(C)c4C(=O)O)[C@@H](CCC(=O)O)[C@@H]3C,0.1583,False,0.188,0.2932,0.0135,0.9997
829,,CHEMBL2359670,THIETHYLPERAZINE MALATE,CCSc1ccc2c(c1)N(CCCN1CCN(C)CC1)c1ccccc1S2.O=C(O)CC(O)C(=O)O.O=C(O)CC(O)C(=O)O,0.1582,False,0.268,0.0181,0.2469,0.8883
830,,CHEMBL2105395,OSPEMIFENE,OCCOc1ccc(/C(=C(/CCCl)c2ccccc2)c2ccccc2)cc1,0.1582,False,0.298,0.0056,0.7212,0.9835
831,,CHEMBL1004,DOXYLAMINE,CN(C)CCOC(C)(c1ccccc1)c1ccccn1,0.1582,False,0.298,0.0518,0.0822,0.9315
832,,CHEMBL94454,MIZOLASTINE,CN(c1nccc(=O)[nH]1)C1CCN(c2nc3ccccc3n2Cc2ccc(F)cc2)CC1,0.1578,False,0.293,0.0786,0.0559,0.8942
833,,CHEMBL3989845,IMIPRAMINE PAMOATE,CN(C)CCCN1c2ccccc2CCc2ccccc21.CN(C)CCCN1c2ccccc2CCc2ccccc21.O=C(O)c1cc2ccccc2c(Cc2c(O)c(C(=O)O)cc3ccccc23)c1O,0.1572,False,0.25,0.0973,0.0409,0.9766
834,206.0,CHEMBL1077896,ROPIVACAINE,CCCN1CCCC[C@H]1C(=O)Nc1c(C)cccc1C,0.157,True,0.306,0.2972,0.0706,0.1844
835,,CHEMBL3989725,LODOXAMIDE TROMETHAMINE,N#Cc1cc(NC(=O)C(=O)O)c(Cl)c(NC(=O)C(=O)O)c1.NC(CO)(CO)CO.NC(CO)(CO)CO,0.1567,False,0.263,0.2165,0.3483,0.051
836,,CHEMBL1652606,CEFTOBIPROLE MEDOCARIL FREE ACID,Cc1oc(=O)oc1COC(=O)N1CC[C@@H](N2CC/C(=C\C3=C(C(=O)O)N4C(=O)[C@@H](NC(=O)/C(=N/O)c5nsc(N)n5)[C@H]4SC3)C2=O)C1,0.1566,False,0.189,0.0481,0.5318,0.1503
837,,CHEMBL1185568,DITHIAZANINE,CCN1C(=CC=CC=Cc2sc3ccccc3[n+]2CC)Sc2ccccc21,0.1561,False,0.164,0.0756,0.2169,0.2318
838,,CHEMBL1633,KETOTIFEN FUMARATE,CN1CCC(=C2c3ccccc3CC(=O)c3sccc32)CC1.O=C(O)/C=C/C(=O)O,0.1561,False,0.244,0.0329,0.2786,0.4154
839,207.0,CHEMBL806,FLUTAMIDE,CC(C)C(=O)Nc1ccc([N+](=O)[O-])c(C(F)(F)F)c1,0.1561,True,0.353,0.04,0.3413,0.2789
840,208.0,CHEMBL2107011,OXYPERTINE,COc1cc2[nH]c(C)c(CCN3CCN(c4ccccc4)CC3)c2cc1OC,0.1559,True,0.333,0.0908,0.0439,0.95
841,,CHEMBL4802135,NIRMATRELVIR,CC(C)(C)[C@H](NC(=O)C(F)(F)F)C(=O)N1C[C@H]2[C@@H]([C@H]1C(=O)N[C@H](C#N)C[C@@H]1CCNC1=O)C2(C)C,0.1557,False,0.175,0.0092,0.5381,0.7613
842,,CHEMBL1193,PHENIRAMINE,CN(C)CCC(c1ccccc1)c1ccccn1,0.1554,False,0.283,0.0966,0.0691,0.5619
843,,CHEMBL1640,TRYPAN BLUE,Cc1cc(-c2ccc(/N=N/c3c(S(=O)(=O)[O-])cc4cc(S(=O)(=O)[O-])cc(N)c4c3O)c(C)c2)ccc1/N=N/c1c(S(=O)(=O)[O-])cc2cc(S(=O)(=O)[O-])cc(N)c2c1O.[Na+].[Na+].[Na+].[Na+],0.1553,False,0.222,0.1284,0.2814,0.1036
844,,CHEMBL1200470,ESOMEPRAZOLE SODIUM,COc1ccc2[n-]c([S@@+]([O-])Cc3ncc(C)c(OC)c3C)nc2c1.[Na+],0.1553,False,0.297,0.7501,0.0053,0.9346
845,,CHEMBL1241951,LETERMOVIR,COc1cccc(N2CCN(C3=Nc4c(F)cccc4[C@H](CC(=O)O)N3c3cc(C(F)(F)F)ccc3OC)CC2)c1,0.1553,False,0.296,0.0212,0.6973,0.2537
846,,CHEMBL37744,ZIMELDINE,CN(C)C/C=C(/c1ccc(Br)cc1)c1cccnc1,0.1548,False,0.299,0.3562,0.0901,0.1155
847,,CHEMBL1201349,HEXAFLUORENIUM,C[N+](C)(CCCCCC[N+](C)(C)C1c2ccccc2-c2ccccc21)C1c2ccccc2-c2ccccc21,0.1547,False,0.182,0.1891,0.0247,0.7909
848,,CHEMBL215303,GARENOXACIN,C[C@H]1NCc2cc(-c3ccc4c(=O)c(C(=O)O)cn(C5CC5)c4c3OC(F)F)ccc21,0.1544,False,0.239,0.1136,0.0401,0.8089
849,,CHEMBL3989515,PENICILLIN G BENZATHINE,CC1(C)S[C@@H]2[C@H](NC(=O)Cc3ccccc3)C(=O)N2[C@H]1C(=O)O.CC1(C)S[C@@H]2[C@H](NC(=O)Cc3ccccc3)C(=O)N2[C@H]1C(=O)O.O.O.O.O.c1ccc(CNCCNCc2ccccc2)cc1,0.1542,False,0.246,0.0111,0.4344,0.7616
850,,CHEMBL1201334,TRIPTORELIN,CC(C)C[C@H](NC(=O)[C@@H](Cc1c[nH]c2ccccc12)NC(=O)[C@H](Cc1ccc(O)cc1)NC(=O)[C@H](CO)NC(=O)[C@H](Cc1c[nH]c2ccccc12)NC(=O)[C@H](Cc1c[nH]cn1)NC(=O)[C@@H]1CCC(=O)N1)C(=O)N[C@@H](CCCNC(=N)N)C(=O)N1CCC[C@H]1C(=O)NCC(N)=O,0.1539,False,0.225,0.0052,0.718,0.985
851,210.0,CHEMBL1196,PROPARACAINE,CCCOc1ccc(C(=O)OCCN(CC)CC)cc1N,0.1538,True,0.329,0.0054,0.7894,0.8565
852,209.0,CHEMBL1272,REPAGLINIDE,CCOc1cc(CC(=O)N[C@@H](CC(C)C)c2ccccc2N2CCCCC2)ccc1C(=O)O,0.1538,True,0.302,0.0101,0.3689,0.9735
853,,CHEMBL1200870,TIMOLOL MALEATE,CC(C)(C)NC[C@H](O)COc1nsnc1N1CCOCC1.O=C(O)/C=C\C(=O)O,0.1535,False,0.263,0.0153,0.2551,0.9276
854,,CHEMBL92,DOCETAXEL ANHYDROUS,CC(=O)O[C@@]12CO[C@@H]1C[C@H](O)[C@@]1(C)C(=O)[C@H](O)C3=C(C)[C@@H](OC(=O)[C@H](O)[C@@H](NC(=O)OC(C)(C)C)c4ccccc4)C[C@@](O)([C@@H](OC(=O)c4ccccc4)[C@H]21)C3(C)C,0.1532,False,0.237,0.0141,0.7533,0.3396
855,,CHEMBL3989932,ANGIOTENSIN II ACETATE,CC(=O)O.CC[C@H](C)[C@H](NC(=O)[C@H](Cc1ccc(O)cc1)NC(=O)[C@@H](NC(=O)[C@H](CCCNC(=N)N)NC(=O)[C@@H](N)CC(=O)O)C(C)C)C(=O)N[C@@H](Cc1cnc[nH]1)C(=O)N1CCC[C@H]1C(=O)N[C@@H](Cc1ccccc1)C(=O)O,0.153,False,0.345,0.0043,0.848,0.9905
856,,CHEMBL4535757,SOTORASIB,C=CC(=O)N1CCN(c2nc(=O)n(-c3c(C)ccnc3C(C)C)c3nc(-c4c(O)cccc4F)c(F)cc23)[C@@H](C)C1,0.1524,False,0.252,0.1177,0.6426,0.0468
857,,CHEMBL1534525,MIBEFRADIL DIHYDROCHLORIDE,COCC(=O)O[C@]1(CCN(C)CCCc2nc3ccccc3[nH]2)CCc2cc(F)ccc2[C@@H]1C(C)C.Cl.Cl,0.152,False,0.25,0.0348,0.13,0.7765
858,211.0,CHEMBL1623992,PIPERIDOLATE,CCN1CCCC(OC(=O)C(c2ccccc2)c2ccccc2)C1,0.1518,True,0.31,0.0629,0.0976,0.5692
859,212.0,CHEMBL716,QUETIAPINE,OCCOCCN1CCN(C2=Nc3ccccc3Sc3ccccc32)CC1,0.1518,True,0.329,0.0438,0.082,0.9736
860,,CHEMBL1601669,ALFACALCIDOL,C=C1/C(=C\C=C2/CCC[C@]3(C)[C@@H]([C@H](C)CCCC(C)C)CC[C@@H]23)C[C@@H](O)C[C@@H]1O,0.1515,False,0.143,0.0183,0.2138,0.8911
861,213.0,CHEMBL473417,VISMODEGIB,CS(=O)(=O)c1ccc(C(=O)Nc2ccc(Cl)c(-c3ccccn3)c2)c(Cl)c1,0.1515,True,0.338,0.2852,0.1778,0.0686
862,,CHEMBL3544908,AZATADINE MALEATE,CN1CCC(=C2c3ccccc3CCc3cccnc32)CC1.O=C(O)/C=C\C(=O)O.O=C(O)/C=C\C(=O)O,0.1513,False,0.25,0.0333,0.2523,0.412
863,214.0,CHEMBL752,ADENOSINE PHOSPHATE,Nc1ncnc2c1ncn2[C@@H]1O[C@H](COP(=O)(O)O)[C@@H](O)[C@H]1O,0.1512,True,0.476,0.0517,0.4276,0.1563
864,,CHEMBL644,TRIMIPRAMINE,CC(CN(C)C)CN1c2ccccc2CCc2ccccc21,0.1506,False,0.226,0.0605,0.0585,0.9663
865,,CHEMBL702,PIPERACILLIN,CCN1CCN(C(=O)N[C@@H](C(=O)N[C@@H]2C(=O)N3[C@@H]2SC(C)(C)[C@@H]3C(=O)O)c2ccccc2)C(=O)C1=O,0.1505,False,0.232,0.0245,0.3387,0.4112
866,,CHEMBL2146140,ESOMEPRAZOLE STRONTIUM,COc1ccc2[n-]c([S@@+]([O-])Cc3ncc(C)c(OC)c3C)nc2c1.COc1ccc2[n-]c([S@@+]([O-])Cc3ncc(C)c(OC)c3C)nc2c1.O.O.O.O.[Sr+2],0.1505,False,0.292,0.6398,0.0057,0.928
867,,CHEMBL3707248,VALBENAZINE TOSYLATE,COc1cc2c(cc1OC)[C@H]1C[C@@H](OC(=O)[C@@H](N)C(C)C)[C@H](CC(C)C)CN1CC2.Cc1ccc(S(=O)(=O)O)cc1.Cc1ccc(S(=O)(=O)O)cc1,0.1497,False,0.253,0.0349,0.0963,0.9991
868,,CHEMBL484785,CRISABOROLE,N#Cc1ccc(Oc2ccc3c(c2)COB3O)cc1,0.1496,False,0.231,0.1303,0.0261,0.9859
869,,CHEMBL1194,PRILOCAINE,CCCNC(C)C(=O)Nc1ccccc1C,0.149,False,0.322,0.0056,0.6827,0.8642
870,,CHEMBL1446813,BETAHISTINE HYDROCHLORIDE,CNCCc1ccccn1.Cl.Cl,0.1489,False,0.293,0.0549,0.2129,0.2828
871,,CHEMBL3989694,OLANZAPINE PAMOATE,Cc1cc2c(s1)Nc1ccccc1N=C2N1CCN(C)CC1.O.O=C(O)c1cc2ccccc2c(Cc2c(O)c(C(=O)O)cc3ccccc23)c1O,0.1487,False,0.245,0.0934,0.0358,0.9855
872,215.0,CHEMBL1887891,DEXFENFLURAMINE HYDROCHLORIDE,CCN[C@@H](C)Cc1cccc(C(F)(F)F)c1.Cl,0.1486,True,0.323,0.0987,0.1523,0.2182
873,,CHEMBL1113,AMOXAPINE,Clc1ccc2c(c1)C(N1CCNCC1)=Nc1ccccc1O2,0.1486,False,0.266,0.0399,0.4801,0.1714
874,216.0,CHEMBL2106217,FENFLURAMINE HYDROCHLORIDE,CCNC(C)Cc1cccc(C(F)(F)F)c1.Cl,0.1485,True,0.323,0.1079,0.1709,0.1777
875,,CHEMBL191,LOSARTAN,CCCCc1nc(Cl)c(CO)n1Cc1ccc(-c2ccccc2-c2nnn[nH]2)cc1,0.1483,False,0.238,0.1843,0.0454,0.39
876,,CHEMBL1200670,SARALASIN ACETATE,CC(=O)O.CNCC(=O)N[C@@H](CCCNC(=N)N)C(=O)N[C@H](C(=O)N[C@@H](Cc1ccc(O)cc1)C(=O)N[C@H](C(=O)N[C@@H](Cc1cnc[nH]1)C(=O)N1CCC[C@H]1C(=O)N[C@@H](C)C(=O)O)C(C)C)C(C)C.O,0.1482,False,0.274,0.0041,0.7915,0.9964
877,,CHEMBL1697,DILTIAZEM HYDROCHLORIDE,COc1ccc([C@@H]2Sc3ccccc3N(CCN(C)C)C(=O)[C@@H]2OC(C)=O)cc1.Cl,0.1481,False,0.268,0.0119,0.4889,0.5604
878,,CHEMBL119423,TISOPURINE,Sc1ncnc2[nH]ncc12,0.1474,False,0.255,0.1477,0.3106,0.0698
879,,CHEMBL1200820,PIPERACILLIN SODIUM,CCN1CCN(C(=O)N[C@@H](C(=O)N[C@@H]2C(=O)N3[C@@H]2SC(C)(C)[C@@H]3C(=O)[O-])c2ccccc2)C(=O)C1=O.[Na+],0.1471,False,0.238,0.0232,0.3565,0.3851
880,,CHEMBL4297610,OLUTASIDENIB,C[C@H](Nc1ccc(C#N)n(C)c1=O)c1cc2cc(Cl)ccc2[nH]c1=O,0.147,False,0.259,0.081,0.5868,0.0668
881,,CHEMBL1567328,OMEPRAZOLE MAGNESIUM,COc1ccc2[n-]c([S+]([O-])Cc3ncc(C)c(OC)c3C)nc2c1.COc1ccc2[n-]c([S+]([O-])Cc3ncc(C)c(OC)c3C)nc2c1.[Mg+2],0.1468,False,0.297,0.8511,0.0038,0.9743
882,,CHEMBL1908360,EVEROLIMUS,CO[C@H]1C[C@@H]2CC[C@@H](C)[C@@](O)(O2)C(=O)C(=O)N2CCCC[C@H]2C(=O)O[C@H]([C@H](C)C[C@@H]2CC[C@@H](OCCO)[C@H](OC)C2)CC(=O)[C@H](C)/C=C(\C)[C@@H](O)[C@@H](OC)C(=O)[C@H](C)C[C@H](C)/C=C/C=C/C=C/1C,0.1466,False,0.148,0.0079,0.4051,0.9845
883,,CHEMBL1139,EPOPROSTENOL,CCCCC[C@H](O)/C=C/[C@@H]1[C@H]2C/C(=C/CCCC(=O)O)O[C@H]2C[C@H]1O,0.1457,False,0.192,0.0115,0.285,0.9415
884,,CHEMBL3545363,GLECAPREVIR,CC(C)(C)[C@@H]1NC(=O)O[C@@H]2CCC[C@H]2OC/C=C/C(F)(F)c2nc3ccccc3nc2O[C@@H]2C[C@@H](C(=O)N[C@]3(C(=O)NS(=O)(=O)C4(C)CC4)C[C@H]3C(F)F)N(C2)C1=O,0.1456,False,0.167,0.0561,0.0897,0.6132
885,,CHEMBL4650216,DARIDOREXANT HYDROCHLORIDE,COc1ccc(-n2nccn2)c(C(=O)N2CCC[C@@]2(C)c2nc3c(C)c(Cl)ccc3[nH]2)c1.Cl,0.1455,False,0.28,0.0883,0.677,0.0515
886,,CHEMBL5315120,ODEVIXIBAT SESQUIHYDRATE,CCCCC1(CCCC)CN(c2ccccc2)c2cc(SC)c(OCC(=O)N[C@@H](C(=O)N[C@@H](CC)C(=O)O)c3ccc(O)cc3)cc2S(=O)(=O)N1.CCCCC1(CCCC)CN(c2ccccc2)c2cc(SC)c(OCC(=O)N[C@@H](C(=O)N[C@@H](CC)C(=O)O)c3ccc(O)cc3)cc2S(=O)(=O)N1.O.O.O,0.1454,False,0.215,0.015,0.272,0.7517
887,,CHEMBL23,DILTIAZEM,COc1ccc([C@@H]2Sc3ccccc3N(CCN(C)C)C(=O)[C@@H]2OC(C)=O)cc1,0.1451,False,0.254,0.0113,0.4797,0.5627
888,,CHEMBL1237135,MAPROTILINE HYDROCHLORIDE,CNCCCC12CCC(c3ccccc31)c1ccccc12.Cl,0.1449,False,0.184,0.005,0.6947,0.8758
889,,CHEMBL706,CETYL ALCOHOL,CCCCCCCCCCCCCCCCO,0.1449,False,0.196,0.4356,0.027,0.2585
890,,CHEMBL398435,TICAGRELOR,CCCSc1nc(N[C@@H]2C[C@H]2c2ccc(F)c(F)c2)c2nnn([C@@H]3C[C@H](OCCO)[C@@H](O)[C@H]3O)c2n1,0.1448,False,0.243,0.3181,0.1393,0.0685
891,,CHEMBL514800,APREMILAST,CCOc1cc([C@@H](CS(C)(=O)=O)N2C(=O)c3cccc(NC(C)=O)c3C2=O)ccc1OC,0.1448,False,0.279,0.0201,0.1806,0.8355
892,,CHEMBL1616046,HYPOCHLOROUS ACID,OCl,0.1445,False,0.065,0.0353,0.6387,0.1336
893,,CHEMBL152,CIDOFOVIR ANHYDROUS,Nc1ccn(C[C@@H](CO)OCP(=O)(O)O)c(=O)n1,0.1445,False,0.192,0.0116,0.6085,0.4282
894,,CHEMBL3989866,BICTEGRAVIR,O=C(NCc1c(F)cc(F)cc1F)c1cn2c(c(O)c1=O)C(=O)N1[C@H]3CC[C@H](C3)O[C@@H]1C2,0.1443,False,0.223,0.0111,0.4364,0.6227
895,,CHEMBL1414320,SUXIBUZONE,CCCCC1(COC(=O)CCC(=O)O)C(=O)N(c2ccccc2)N(c2ccccc2)C1=O,0.1443,False,0.279,0.0038,0.9026,0.8802
896,,CHEMBL1200970,ETHOPROPAZINE HYDROCHLORIDE,CCN(CC)C(C)CN1c2ccccc2Sc2ccccc21.Cl,0.1437,False,0.207,0.0385,0.0796,0.9681
897,,CHEMBL1200947,METIPRANOLOL HYDROCHLORIDE,CC(=O)Oc1c(C)cc(OCC(O)CNC(C)C)c(C)c1C.Cl,0.1433,False,0.221,0.136,0.0219,0.9867
898,217.0,CHEMBL603,ZAFIRLUKAST,COc1cc(C(=O)NS(=O)(=O)c2ccccc2C)ccc1Cc1cn(C)c2ccc(NC(=O)OC3CCCC3)cc12,0.1431,True,0.327,0.0203,0.4174,0.3459
899,,CHEMBL1481,GLIMEPIRIDE,CCC1=C(C)CN(C(=O)NCCc2ccc(S(=O)(=O)NC(=O)N[C@H]3CC[C@H](C)CC3)cc2)C1=O,0.1426,False,0.217,0.0053,0.5727,0.9606
900,,CHEMBL16476,PRONETALOL,CC(C)NCC(O)c1ccc2ccccc2c1,0.1424,False,0.258,0.0099,0.305,0.953
901,,CHEMBL273575,NOMIFENSINE,CN1Cc2c(N)cccc2C(c2ccccc2)C1,0.1423,False,0.25,0.1805,0.0162,0.9883
902,,CHEMBL1201247,GOSERELIN,CC(C)C[C@H](NC(=O)[C@@H](COC(C)(C)C)NC(=O)[C@H](Cc1ccc(O)cc1)NC(=O)[C@H](CO)NC(=O)[C@H](Cc1c[nH]c2ccccc12)NC(=O)[C@H](Cc1cnc[nH]1)NC(=O)[C@@H]1CCC(=O)N1)C(=O)N[C@@H](CCCNC(=N)N)C(=O)N1CCC[C@H]1C(=O)NNC(N)=O,0.1422,False,0.212,0.0048,0.6467,0.9337
903,218.0,CHEMBL1200392,DOXYLAMINE SUCCINATE,CN(C)CCOC(C)(c1ccccc1)c1ccccn1.O=C(O)CCC(=O)O,0.1417,True,0.328,0.0185,0.1655,0.9301
904,,CHEMBL515914,AZARIBINE,CC(=O)OC[C@H]1O[C@@H](n2ncc(=O)[nH]c2=O)[C@H](OC(C)=O)[C@@H]1OC(C)=O,0.1414,False,0.207,0.0127,0.346,0.6408
905,,CHEMBL1200775,LEUPROLIDE ACETATE,CC(=O)O.CCNC(=O)[C@@H]1CCCN1C(=O)[C@H](CCCNC(=N)N)NC(=O)[C@H](CC(C)C)NC(=O)[C@@H](CC(C)C)NC(=O)[C@H](Cc1ccc(O)cc1)NC(=O)[C@H](CO)NC(=O)[C@H](Cc1c[nH]c2ccccc12)NC(=O)[C@H](Cc1c[nH]cn1)NC(=O)[C@@H]1CCC(=O)N1,0.1414,False,0.222,0.0034,0.8298,0.992
906,,CHEMBL885,EMTRICITABINE,Nc1nc(=O)n([C@@H]2CS[C@H](CO)O2)cc1F,0.1413,False,0.275,0.2193,0.1681,0.0765
907,,CHEMBL2106643,MYCOPHENOLATE SODIUM,COc1c(C)c2c(c(O)c1C/C=C(\C)CCC(=O)[O-])C(=O)OC2.[Na+],0.141,False,0.207,0.0212,0.1336,0.9903
908,219.0,CHEMBL1444,LETROZOLE,N#Cc1ccc(C(c2ccc(C#N)cc2)n2cncn2)cc1,0.1407,True,0.311,0.058,0.5568,0.0863
909,220.0,CHEMBL1200440,MEPIVACAINE HYDROCHLORIDE,Cc1cccc(C)c1NC(=O)C1CCCCN1C.Cl,0.1403,True,0.3,0.1825,0.0906,0.1671
910,221.0,CHEMBL13209,NITRAZEPAM,O=C1CN=C(c2ccccc2)c2cc([N+](=O)[O-])ccc2N1,0.14,True,0.404,0.1698,0.3089,0.0523
911,,CHEMBL1201182,TEMSIROLIMUS,CO[C@H]1C[C@@H]2CC[C@@H](C)[C@@](O)(O2)C(=O)C(=O)N2CCCC[C@H]2C(=O)O[C@H]([C@H](C)C[C@@H]2CC[C@@H](OC(=O)C(C)(CO)CO)[C@H](OC)C2)CC(=O)[C@H](C)/C=C(\C)[C@@H](O)[C@@H](OC)C(=O)[C@H](C)C[C@H](C)/C=C/C=C/C=C/1C,0.1398,False,0.146,0.0074,0.3788,0.9797
912,,CHEMBL36,PYRIMETHAMINE,CCc1nc(N)nc(N)c1-c1ccc(Cl)cc1,0.1395,False,0.296,0.1984,0.3624,0.0378
913,,CHEMBL1201786,LAPYRIUM,CCCCCCCCCCCC(=O)OCCNC(=O)C[n+]1ccccc1,0.1394,False,0.233,0.0038,0.714,0.9951
914,,CHEMBL2364607,COBIMETINIB FUMARATE,O=C(O)/C=C/C(=O)O.O=C(c1ccc(F)c(F)c1Nc1ccc(I)cc1F)N1CC(O)([C@@H]2CCCCN2)C1.O=C(c1ccc(F)c(F)c1Nc1ccc(I)cc1F)N1CC(O)([C@@H]2CCCCN2)C1,0.1393,False,0.312,0.3506,0.0434,0.1775
915,,CHEMBL3989559,PANTOPRAZOLE SODIUM,COc1ccnc(C[S+]([O-])c2nc3cc(OC(F)F)ccc3[n-]2)c1OC.O.[Na+],0.1391,False,0.271,0.3053,0.4874,0.0181
916,,CHEMBL1622,FOLIC ACID,Nc1nc(=O)c2nc(CNc3ccc(C(=O)N[C@@H](CCC(=O)O)C(=O)O)cc3)cnc2[nH]1,0.1386,False,0.27,0.0134,0.2998,0.663
917,,CHEMBL2105720,LESINURAD,O=C(O)CSc1nnc(Br)n1-c1ccc(C2CC2)c2ccccc12,0.1384,False,0.291,0.134,0.068,0.2908
918,,CHEMBL2355333,ZIMELDINE HYDROCHLORIDE,CN(C)C/C=C(/c1ccc(Br)cc1)c1cccnc1.Cl.Cl.O,0.1382,False,0.29,0.2394,0.1086,0.1015
919,,CHEMBL4297590,DARIDOREXANT,COc1ccc(-n2nccn2)c(C(=O)N2CCC[C@@]2(C)c2nc3c(C)c(Cl)ccc3[nH]2)c1,0.1381,False,0.283,0.0794,0.6546,0.0507
920,,CHEMBL1200453,DOCOSANOL,CCCCCCCCCCCCCCCCCCCCCCO,0.138,False,0.196,0.4065,0.0246,0.2625
921,,CHEMBL584,NELFINAVIR,Cc1c(O)cccc1C(=O)N[C@@H](CSc1ccccc1)[C@H](O)CN1C[C@H]2CCCC[C@H]2C[C@H]1C(=O)NC(C)(C)C,0.1377,False,0.214,0.0205,0.1275,0.998
922,,CHEMBL2220442,FLUVASTATIN,CC(C)n1c(/C=C/C(O)CC(O)CC(=O)O)c(-c2ccc(F)cc2)c2ccccc21,0.1376,False,0.25,0.0117,0.238,0.9362
923,,CHEMBL488,AMINOGLUTETHIMIDE,CCC1(c2ccc(N)cc2)CCC(=O)NC1=O,0.1376,False,0.207,0.0278,0.7381,0.1271
924,,CHEMBL2356023,DIHYDROTACHYSTEROL,CC(C)[C@@H](C)/C=C/[C@@H](C)[C@H]1CC[C@H]2/C(=C/C=C3\C[C@@H](O)CC[C@@H]3C)CCC[C@]12C,0.1375,False,0.179,0.0085,0.3117,0.9812
925,,CHEMBL2110816,BUTRIPTYLINE,CC(CC1c2ccccc2CCc2ccccc21)CN(C)C,0.1375,False,0.208,0.0469,0.0581,0.9557
926,,CHEMBL24441,BETAHISTINE,CNCCc1ccccn1,0.1373,False,0.298,0.038,0.1707,0.3991
927,,CHEMBL521686,OLAPARIB,O=C(c1cc(Cc2n[nH]c(=O)c3ccccc23)ccc1F)N1CCN(C(=O)C2CC2)CC1,0.137,False,0.289,0.0745,0.1684,0.205
928,,CHEMBL1201752,IXABEPILONE,C/C(=C\c1csc(C)n1)[C@@H]1C[C@@H]2O[C@]2(C)CCC[C@H](C)[C@H](O)[C@@H](C)C(=O)C(C)(C)[C@@H](O)CC(=O)N1,0.1367,False,0.171,0.0194,0.742,0.1777
929,,CHEMBL1252,ABARELIX,CC(=O)N[C@H](Cc1ccc2ccccc2c1)C(=O)N[C@H](Cc1ccc(Cl)cc1)C(=O)N[C@H](Cc1cccnc1)C(=O)N[C@@H](CO)C(=O)N(C)[C@@H](Cc1ccc(O)cc1)C(=O)N[C@H](CC(N)=O)C(=O)N[C@@H](CC(C)C)C(=O)N[C@@H](CCCCNC(C)C)C(=O)N1CCC[C@H]1C(=O)N[C@H](C)C(N)=O,0.1367,False,0.248,0.003,0.8494,0.9986
930,,CHEMBL2368861,BUPRENORPHINE HYDROCHLORIDE,CO[C@@]12CC[C@@]3(C[C@@H]1[C@](C)(O)C(C)(C)C)[C@H]1Cc4ccc(O)c5c4[C@@]3(CCN1CC1CC1)[C@H]2O5.Cl,0.1366,False,0.168,0.0028,0.9946,0.9045
931,,CHEMBL121663,DEQUALINIUM CHLORIDE,Cc1cc(N)c2ccccc2[n+]1CCCCCCCCCC[n+]1c(C)cc(N)c2ccccc21.[Cl-].[Cl-],0.1365,False,0.224,0.0596,0.2545,0.1675
932,,CHEMBL4297588,ODEVIXIBAT,CCCCC1(CCCC)CN(c2ccccc2)c2cc(SC)c(OCC(=O)N[C@@H](C(=O)N[C@@H](CC)C(=O)O)c3ccc(O)cc3)cc2S(=O)(=O)N1,0.1363,False,0.217,0.0131,0.2623,0.7357
933,,CHEMBL3301680,TELAVANCIN HYDROCHLORIDE,CCCCCCCCCCNCCN[C@@]1(C)C[C@H](O[C@H]2[C@H](Oc3c4cc5cc3Oc3ccc(cc3Cl)[C@@H](O)[C@@H](NC(=O)[C@@H](CC(C)C)NC)C(=O)N[C@@H](CC(N)=O)C(=O)N[C@H]5C(=O)N[C@H]3C(=O)N[C@H](C(=O)N[C@H](C(=O)O)c5cc(O)c(CNCP(=O)(O)O)c(O)c5-c5cc3ccc5O)[C@H](O)c3ccc(c(Cl)c3)O4)O[C@H](CO)[C@@H](O)[C@@H]2O)O[C@@H](C)[C@H]1O.Cl,0.1358,False,0.157,0.4168,0.006,0.9999
934,,CHEMBL1508,ESCITALOPRAM,CN(C)CCC[C@@]1(c2ccc(F)cc2)OCc2cc(C#N)ccc21,0.1351,False,0.209,0.0105,0.2761,0.8472
935,,CHEMBL1111,AMBRISENTAN,COC(c1ccccc1)(c1ccccc1)[C@H](Oc1nc(C)cc(C)n1)C(=O)O,0.135,False,0.267,0.0142,0.5574,0.3107
936,,CHEMBL1650443,TRELAGLIPTIN,Cn1c(=O)cc(N2CCC[C@@H](N)C2)n(Cc2cc(F)ccc2C#N)c1=O,0.1349,False,0.253,0.027,0.102,0.8923
937,,CHEMBL175247,ORLISTAT,CCCCCCCCCCC[C@@H](C[C@@H]1OC(=O)[C@H]1CCCCCC)OC(=O)[C@H](CC(C)C)NC=O,0.1348,False,0.181,0.0056,0.4368,0.9986
938,,CHEMBL1200649,QUINUPRISTIN,CC[C@H]1NC(=O)[C@@H](NC(=O)c2ncccc2O)[C@@H](C)OC(=O)[C@H](c2ccccc2)NC(=O)[C@@H]2CC(=O)[C@H](CS[C@@H]3CN4CCC3CC4)CN2C(=O)[C@H](Cc2ccc(N(C)C)cc2)N(C)C(=O)[C@@H]2CCCN2C1=O,0.1343,False,0.194,0.0132,0.2667,0.6886
939,,CHEMBL3301603,GILTERITINIB FUMARATE,CCc1nc(C(N)=O)c(Nc2ccc(N3CCC(N4CCN(C)CC4)CC3)c(OC)c2)nc1NC1CCOCC1.CCc1nc(C(N)=O)c(Nc2ccc(N3CCC(N4CCN(C)CC4)CC3)c(OC)c2)nc1NC1CCOCC1.O=C(O)/C=C/C(=O)O,0.1341,False,0.339,0.024,0.2117,0.4747
940,222.0,CHEMBL98,VORINOSTAT,O=C(CCCCCCC(=O)Nc1ccccc1)NO,0.1341,True,0.418,0.0032,0.7808,0.9776
941,223.0,CHEMBL2096631,CLORAZEPATE DIPOTASSIUM,O=C([O-])C1N=C(c2ccccc2)c2cc(Cl)ccc2NC1=O.[K+].[K+].[OH-],0.134,True,0.311,0.0673,0.3116,0.1148
942,,CHEMBL1455,ALTRETAMINE,CN(C)c1nc(N(C)C)nc(N(C)C)n1,0.1337,False,0.238,0.2833,0.1514,0.0557
943,,CHEMBL2105611,TACALCITOL,C=C1/C(=C\C=C2/CCC[C@]3(C)[C@@H]([C@H](C)CC[C@@H](O)C(C)C)CC[C@@H]23)C[C@@H](O)C[C@@H]1O,0.1336,False,0.129,0.0151,0.176,0.895
944,224.0,CHEMBL2107726,ARIMOCLOMOL,[O-][n+]1cccc(/C(Cl)=N/OC[C@H](O)CN2CCCCC2)c1,0.1332,True,0.371,0.0102,0.5046,0.4583
945,,CHEMBL5314379,VOCLOSPORIN,C=C/C=C/C[C@@H](C)[C@@H](O)[C@H]1C(=O)N[C@@H](CC)C(=O)N(C)CC(=O)N(C)[C@@H](CC(C)C)C(=O)N[C@@H](C(C)C)C(=O)N(C)[C@@H](CC(C)C)C(=O)N[C@@H](C)C(=O)N[C@H](C)C(=O)N(C)[C@@H](CC(C)C)C(=O)N(C)[C@@H](CC(C)C)C(=O)N(C)[C@@H](C(C)C)C(=O)N1C,0.1332,False,0.13,0.0094,0.3931,0.6424
946,,CHEMBL1354199,METHSCOPOLAMINE BROMIDE,C[N+]1(C)[C@@H]2C[C@@H](OC(=O)[C@H](CO)c3ccccc3)C[C@H]1[C@@H]1O[C@@H]12.[Br-],0.1329,False,0.239,0.014,0.2045,0.8176
947,,CHEMBL3833301,BARBEXACLONE,CCC1(c2ccccc2)C(=O)NC(=O)NC1=O.CNC(C)CC1CCCCC1,0.1325,False,0.214,0.0087,0.3402,0.7843
948,225.0,CHEMBL2042122,FLUTEMETAMOL F 18,CNc1ccc(-c2nc3ccc(O)cc3s2)cc1[18F],0.1324,True,0.373,0.3921,0.3869,0.0153
949,,CHEMBL1621,PALIPERIDONE,Cc1nc2n(c(=O)c1CCN1CCC(c3noc4cc(F)ccc34)CC1)CCCC2O,0.1324,False,0.242,0.0336,0.0935,0.7389
950,226.0,CHEMBL579205,FLUTEMETAMOL,CNc1ccc(-c2nc3ccc(O)cc3s2)cc1F,0.1324,True,0.373,0.3921,0.3869,0.0153
951,228.0,CHEMBL1558,PRAZOSIN HYDROCHLORIDE,COc1cc2nc(N3CCN(C(=O)c4ccco4)CC3)nc(N)c2cc1OC.Cl,0.1323,True,0.448,0.0896,0.2154,0.12
952,227.0,CHEMBL3707313,TRIFAROTENE,CC(C)(C)c1cc(-c2cc(-c3ccc(C(=O)O)cc3)ccc2OCCO)ccc1N1CCCC1,0.1323,True,0.31,0.0439,0.2695,0.1957
953,,CHEMBL3183409,APALUTAMIDE,CNC(=O)c1ccc(N2C(=S)N(c3cnc(C#N)c(C(F)(F)F)c3)C(=O)C23CCC3)cc1F,0.1323,False,0.255,0.005,0.9656,0.478
954,,CHEMBL3989867,BICTEGRAVIR SODIUM,O=C(NCc1c(F)cc(F)cc1F)c1cn2c(c([O-])c1=O)C(=O)N1[C@H]3CC[C@H](C3)O[C@@H]1C2.[Na+],0.1322,False,0.219,0.0102,0.4822,0.4719
955,,CHEMBL1752,DYPHYLLINE,Cn1c(=O)c2c(ncn2CC(O)CO)n(C)c1=O,0.1322,False,0.274,0.2743,0.0103,0.8153
956,,CHEMBL507870,TELAVANCIN,CCCCCCCCCCNCCN[C@@]1(C)C[C@H](O[C@H]2[C@H](Oc3c4cc5cc3Oc3ccc(cc3Cl)[C@@H](O)[C@@H](NC(=O)[C@@H](CC(C)C)NC)C(=O)N[C@@H](CC(N)=O)C(=O)N[C@H]5C(=O)N[C@H]3C(=O)N[C@H](C(=O)N[C@H](C(=O)O)c5cc(O)c(CNCP(=O)(O)O)c(O)c5-c5cc3ccc5O)[C@H](O)c3ccc(c(Cl)c3)O4)O[C@H](CO)[C@@H](O)[C@@H]2O)O[C@@H](C)[C@H]1O,0.1322,False,0.158,0.4018,0.0058,0.9999
957,,CHEMBL3181832,METHICILLIN SODIUM,COc1cccc(OC)c1C(=O)N[C@@H]1C(=O)N2[C@@H]1SC(C)(C)[C@@H]2C(=O)[O-].O.[Na+],0.1321,False,0.244,0.0347,0.2557,0.26
958,,CHEMBL1015,EVANS BLUE FREE ACID,Cc1cc(-c2ccc(/N=N/c3ccc4c(S(=O)(=O)O)cc(S(=O)(=O)O)c(N)c4c3O)c(C)c2)ccc1/N=N/c1ccc2c(S(=O)(=O)O)cc(S(=O)(=O)O)c(N)c2c1O,0.132,False,0.215,0.1127,0.3477,0.0586
959,,CHEMBL1291,METIPRANOLOL,CC(=O)Oc1c(C)cc(OCC(O)CNC(C)C)c(C)c1C,0.1319,False,0.224,0.1256,0.0186,0.9846
960,,CHEMBL363295,TERODILINE,CC(CC(c1ccccc1)c1ccccc1)NC(C)(C)C,0.1317,False,0.209,0.0926,0.0359,0.6878
961,,CHEMBL4299851,PIFLUFOLASTAT,O=C(O)CC[C@H](NC(=O)N[C@@H](CCCCNC(=O)c1ccc(F)nc1)C(=O)O)C(=O)O,0.1316,False,0.278,0.0068,0.5737,0.5825
962,,CHEMBL4297334,PIFLUFOLASTAT F18,O=C(O)CC[C@H](NC(=O)N[C@@H](CCCCNC(=O)c1ccc([18F])nc1)C(=O)O)C(=O)O,0.1316,False,0.278,0.0068,0.5737,0.5825
963,,CHEMBL2219418,NALOXEGOL,C=CCN1CC[C@]23c4c5ccc(O)c4O[C@H]2[C@@H](OCCOCCOCCOCCOCCOCCOCCOC)CC[C@@]3(O)[C@H]1C5,0.1316,False,0.186,0.0025,0.9906,0.9258
964,,CHEMBL3561076,TRIMETAZIDINE DIHYDROCHLORIDE,COc1ccc(CN2CCNCC2)c(OC)c1OC.Cl.Cl,0.1314,False,0.27,0.0911,0.0295,0.8453
965,,CHEMBL45816,MIBEFRADIL,COCC(=O)O[C@]1(CCN(C)CCCc2nc3ccccc3[nH]2)CCc2cc(F)ccc2[C@@H]1C(C)C,0.1307,False,0.253,0.0272,0.11,0.7475
966,,CHEMBL1661,LACTITOL,OC[C@@H](O)[C@@H](O[C@@H]1O[C@H](CO)[C@H](O)[C@H](O)[C@H]1O)[C@H](O)[C@@H](O)CO,0.1307,False,0.222,0.0885,0.0253,0.996
967,,CHEMBL2107430,FLUTRIMAZOLE,Fc1ccc(C(c2ccccc2)(c2ccccc2F)n2ccnc2)cc1,0.1304,False,0.208,0.0502,0.1292,0.3416
968,,CHEMBL444633,RIFABUTIN,CO[C@H]1/C=C/O[C@@]2(C)Oc3c(C)c(O)c4c(c3C2=O)C2=NC3(CCN(CC(C)C)CC3)NC2=C(NC(=O)/C(C)=C\C=C\[C@H](C)[C@H](O)[C@@H](C)[C@@H](O)[C@@H](C)[C@H](OC(C)=O)[C@@H]1C)C4=O,0.1303,False,0.173,0.006,0.7635,0.4798
969,,CHEMBL1229,OSELTAMIVIR,CCOC(=O)C1=C[C@@H](OC(CC)CC)[C@H](NC(C)=O)[C@@H](N)C1,0.1303,False,0.269,0.0063,0.3721,0.9424
970,,CHEMBL1303,ROTIGOTINE,CCCN(CCc1cccs1)[C@H]1CCc2c(O)cccc2C1,0.1299,False,0.205,0.2107,0.0111,0.9345
971,,CHEMBL2106794,NAFTAZONE,NC(=O)N/N=C1\C=Cc2ccccc2C1=O,0.1298,False,0.242,0.0767,0.5422,0.0526
972,,CHEMBL1201002,CARTEOLOL HYDROCHLORIDE,CC(C)(C)NCC(O)COc1cccc2c1CCC(=O)N2.Cl,0.1298,False,0.263,0.0623,0.036,0.9754
973,,CHEMBL1712842,MEPAZINE ACETATE,CC(=O)O.CN1CCCC(CN2c3ccccc3Sc3ccccc32)C1,0.1295,False,0.275,0.0108,0.2024,0.9938
974,,CHEMBL160,CYCLOSPORINE,C/C=C/C[C@@H](C)[C@@H](O)[C@H]1C(=O)N[C@@H](CC)C(=O)N(C)CC(=O)N(C)[C@@H](CC(C)C)C(=O)N[C@@H](C(C)C)C(=O)N(C)[C@@H](CC(C)C)C(=O)N[C@@H](C)C(=O)N[C@H](C)C(=O)N(C)[C@@H](CC(C)C)C(=O)N(C)[C@@H](CC(C)C)C(=O)N(C)[C@@H](C(C)C)C(=O)N1C,0.1294,False,0.133,0.0082,0.3397,0.7742
975,,CHEMBL2106122,EMEPRONIUM BROMIDE,CC[N+](C)(C)C(C)CC(c1ccccc1)c1ccccc1.[Br-],0.1294,False,0.246,0.0452,0.0566,0.8468
976,,CHEMBL788,IDOXURIDINE,O=c1[nH]c(=O)n([C@H]2C[C@H](O)[C@@H](CO)O2)cc1I,0.1289,False,0.211,0.2407,0.0172,0.5175
977,229.0,CHEMBL2146883,COBIMETINIB,O=C(c1ccc(F)c(F)c1Nc1ccc(I)cc1F)N1CC(O)([C@@H]2CCCCN2)C1,0.1288,True,0.303,0.3063,0.0165,0.4216
978,,CHEMBL1659,CHLORPHENIRAMINE MALEATE,CN(C)CCC(c1ccc(Cl)cc1)c1ccccn1.O=C(O)/C=C\C(=O)O,0.1288,False,0.286,0.0098,0.4898,0.445
979,,CHEMBL191083,METHYLENE BLUE CATION,CN(C)c1ccc2nc3ccc(=[N+](C)C)cc-3sc2c1,0.1286,False,0.273,0.2515,0.517,0.0164
980,,CHEMBL1628234,DOXEPIN HYDROCHLORIDE,CN(C)CCC=C1c2ccccc2COc2ccccc21.Cl,0.1283,False,0.22,0.0853,0.0559,0.4429
981,,CHEMBL1554,DACTINOMYCIN,Cc1c2oc3c(C)ccc(C(=O)N[C@@H]4C(=O)N[C@H](C(C)C)C(=O)N5CCC[C@H]5C(=O)N(C)CC(=O)N(C)[C@@H](C(C)C)C(=O)O[C@@H]4C)c3nc-2c(C(=O)N[C@@H]2C(=O)N[C@H](C(C)C)C(=O)N3CCC[C@H]3C(=O)N(C)CC(=O)N(C)[C@@H](C(C)C)C(=O)O[C@@H]2C)c(N)c1=O,0.1278,False,0.198,0.0252,0.7443,0.1116
982,,CHEMBL1201281,CHLORAMPHENICOL SUCCINIC ACID,O=C(O)CCC(=O)OC[C@@H](NC(=O)C(Cl)Cl)[C@H](O)c1ccc([N+](=O)[O-])cc1,0.1278,False,0.238,0.0194,0.1779,0.6054
983,230.0,CHEMBL1466,DICUMAROL,O=c1oc2ccccc2c(O)c1Cc1c(O)c2ccccc2oc1=O,0.1277,True,0.347,0.1872,0.0159,0.6999
984,231.0,CHEMBL608533,MIDOSTAURIN,CO[C@@H]1[C@H](N(C)C(=O)c2ccccc2)C[C@H]2O[C@]1(C)n1c3ccccc3c3c4c(c5c6ccccc6n2c5c31)C(=O)NC4,0.1277,True,0.762,0.0294,0.2882,0.2458
985,,CHEMBL3989410,INDOMETHACIN SODIUM,COc1ccc2c(c1)c(CC(=O)[O-])c(C)n2C(=O)c1ccc(Cl)cc1.O.O.O.[Na+],0.1276,False,0.284,0.0783,0.3352,0.0791
986,,CHEMBL1628227,DOXEPIN,CN(C)CCC=C1c2ccccc2COc2ccccc21,0.1274,False,0.207,0.0836,0.0514,0.4805
987,232.0,CHEMBL1213252,CLORAZEPIC ACID,O=C(O)C1N=C(c2ccccc2)c2cc(Cl)ccc2NC1=O,0.1262,True,0.333,0.065,0.2936,0.1052
988,,CHEMBL12713,SERTINDOLE,O=C1NCCN1CCN1CCC(c2cn(-c3ccc(F)cc3)c3ccc(Cl)cc23)CC1,0.1262,False,0.25,0.0419,0.2547,0.1881
989,,CHEMBL1560089,XANTHINOL NIACINATE,CN(CCO)CC(O)Cn1cnc2c1c(=O)n(C)c(=O)n2C.O=C(O)c1cccnc1,0.1262,False,0.258,0.0197,0.104,0.982
990,,CHEMBL5314366,ESOMEPRAZOLE MAGNESIUM,COc1ccc2[nH]c([S@@+]([O-])Cc3ncc(C)c(OC)c3C)nc2c1.COc1ccc2[nH]c([S@@+]([O-])Cc3ncc(C)c(OC)c3C)nc2c1.O.O.O.[Mg+2],0.126,False,0.29,0.7475,0.0027,0.9756
991,233.0,CHEMBL14376,ILOPERIDONE,COc1cc(C(C)=O)ccc1OCCCN1CCC(c2noc3cc(F)ccc23)CC1,0.126,True,0.386,0.036,0.201,0.2766
992,234.0,CHEMBL2,PRAZOSIN,COc1cc2nc(N3CCN(C(=O)c4ccco4)CC3)nc(N)c2cc1OC,0.1257,True,0.455,0.0836,0.199,0.1193
993,,CHEMBL652,FLECAINIDE,O=C(NCC1CCCCN1)c1cc(OCC(F)(F)F)ccc1OCC(F)(F)F,0.1255,False,0.257,0.0869,0.2487,0.0915
994,,CHEMBL1650818,AMDINOCILLIN PIVOXIL,CC(C)(C)C(=O)OCOC(=O)[C@@H]1N2C(=O)[C@@H](/N=C/N3CCCCCC3)[C@H]2SC1(C)C,0.1252,False,0.192,0.0129,0.3683,0.414
995,,CHEMBL1200760,BALSALAZIDE DISODIUM,O=C([O-])CCNC(=O)c1ccc(/N=N/c2ccc(O)c(C(=O)[O-])c2)cc1.[Na+].[Na+],0.1251,False,0.235,0.0059,0.7517,0.4388
996,,CHEMBL333826,DEQUALINIUM,Cc1cc(N)c2ccccc2[n+]1CCCCCCCCCC[n+]1c(C)cc(N)c2ccccc21,0.1248,False,0.228,0.0501,0.2261,0.1716
997,,CHEMBL575,METHICILLIN,COc1cccc(OC)c1C(=O)N[C@@H]1C(=O)N2[C@@H]1SC(C)(C)[C@@H]2C(=O)O,0.1247,False,0.253,0.0336,0.2243,0.2574
998,,CHEMBL248702,DEXFENFLURAMINE,CCN[C@@H](C)Cc1cccc(C(F)(F)F)c1,0.1246,False,0.328,0.0799,0.11,0.22
999,235.0,CHEMBL2103739,EMEDASTINE DIFUMARATE,CCOCCn1c(N2CCCN(C)CC2)nc2ccccc21.O=C(O)/C=C/C(=O)O.O=C(O)/C=C/C(=O)O,0.1245,True,0.324,0.0208,0.133,0.696
1000,,CHEMBL5095420,TRIENTINE TETRAHYDROCHLORIDE,Cl.Cl.Cl.Cl.NCCNCCNCCN,0.1244,False,0.135,0.3324,0.0493,0.1175
1001,,CHEMBL87493,FENFLURAMINE,CCNC(C)Cc1cccc(C(F)(F)F)c1,0.1241,False,0.328,0.0878,0.1242,0.1754
1002,,CHEMBL1672,CEFPODOXIME,COCC1=C(C(=O)O)N2C(=O)[C@@H](NC(=O)/C(=N\OC)c3csc(N)n3)[C@H]2SC1,0.1241,False,0.185,0.0233,0.7256,0.113
1003,,CHEMBL511142,BUPRENORPHINE,CO[C@@]12CC[C@@]3(C[C@@H]1[C@](C)(O)C(C)(C)C)[C@H]1Cc4ccc(O)c5c4[C@@]3(CCN1CC1CC1)[C@H]2O5,0.124,False,0.17,0.0021,0.9936,0.9
1004,,CHEMBL21731,MAPROTILINE,CNCCCC12CCC(c3ccccc31)c1ccccc12,0.1239,False,0.187,0.0033,0.6321,0.9062
1005,,CHEMBL3301598,FOSTEMSAVIR TROMETHAMINE,COc1cnc(-n2cnc(C)n2)c2c1c(C(=O)C(=O)N1CCN(C(=O)c3ccccc3)CC1)cn2COP(=O)(O)O.NC(CO)(CO)CO,0.1238,False,0.316,0.0551,0.0888,0.3877
1006,,CHEMBL1014,CANDESARTAN CILEXETIL,CCOc1nc2cccc(C(=O)OC(C)OC(=O)OC3CCCCC3)c2n1Cc1ccc(-c2ccccc2-c2nn[nH]n2)cc1,0.1235,False,0.26,0.0271,0.1259,0.5512
1007,,CHEMBL1200927,DEXCHLORPHENIRAMINE MALEATE,CN(C)CC[C@@H](c1ccc(Cl)cc1)c1ccccn1.O=C(O)/C=C\C(=O)O,0.1234,False,0.286,0.0119,0.415,0.3808
1008,,CHEMBL1206,ETHOPROPAZINE,CCN(CC)C(C)CN1c2ccccc2Sc2ccccc21,0.1232,False,0.211,0.0365,0.0526,0.9752
1009,,CHEMBL1129,TRIFLURIDINE,O=c1[nH]c(=O)n([C@H]2C[C@H](O)[C@@H](CO)O2)cc1C(F)(F)F,0.1231,False,0.213,0.29,0.0065,0.9972
1010,,CHEMBL1618018,HOMATROPINE,CN1[C@@H]2CC[C@H]1C[C@@H](OC(=O)C(O)c1ccccc1)C2,0.123,False,0.25,0.065,0.0405,0.708
1011,,CHEMBL1201759,BEPOTASTINE BESYLATE,O=C(O)CCCN1CCC(O[C@@H](c2ccc(Cl)cc2)c2ccccn2)CC1.O=S(=O)(O)c1ccccc1,0.123,False,0.267,0.0199,0.2442,0.3836
1012,236.0,CHEMBL2095206,BOSUTINIB MONOHYDRATE,COc1cc(Nc2c(C#N)cnc3cc(OCCCN4CCN(C)CC4)c(OC)cc23)c(Cl)cc1Cl.O,0.1222,True,0.875,0.9852,0.4141,0.0045
1013,237.0,CHEMBL6067998,LASOFOXIFENE TARTRATE,O=C(O)C(O)C(O)C(=O)O.Oc1ccc2c(c1)CC[C@H](c1ccccc1)[C@@H]2c1ccc(OCCN2CCCC2)cc1,0.122,True,0.338,0.0112,0.3732,0.4336
1014,,CHEMBL5095056,BENZGALANTAMINE,COc1ccc2c3c1O[C@H]1C[C@@H](OC(=O)c4ccccc4)C=C[C@@]31CCN(C)C2,0.1217,False,0.253,0.0088,0.3529,0.5823
1015,,CHEMBL537,HYDROQUINONE,Oc1ccc(O)cc1,0.1216,False,0.5,0.0168,0.4846,0.2208
1016,,CHEMBL1201320,ESOMEPRAZOLE,COc1ccc2[nH]c([S@@+]([O-])Cc3ncc(C)c(OC)c3C)nc2c1,0.1215,False,0.299,0.8798,0.0021,0.9781
1017,,CHEMBL3989920,PITAVASTATIN SODIUM,O=C([O-])C[C@H](O)C[C@H](O)/C=C/c1c(C2CC2)nc2ccccc2c1-c1ccc(F)cc1.[Na+],0.1211,False,0.262,0.0107,0.1917,0.8635
1018,,CHEMBL539770,TERODILINE HYDROCHLORIDE,CC(CC(c1ccccc1)c1ccccc1)NC(C)(C)C.Cl,0.1207,False,0.205,0.0787,0.0357,0.6259
1019,238.0,CHEMBL2219425,ARIPIPRAZOLE LAUROXIL,CCCCCCCCCCCC(=O)OCN1C(=O)CCc2ccc(OCCCCN3CCN(c4cccc(Cl)c4Cl)CC3)cc21,0.1207,True,0.304,0.0231,0.0882,0.8654
1020,,CHEMBL1095930,CEFUROXIME AXETIL,CO/N=C(\C(=O)N[C@@H]1C(=O)N2C(C(=O)OC(C)OC(C)=O)=C(COC(N)=O)CS[C@H]12)c1ccco1,0.1204,False,0.255,0.0169,0.6397,0.1618
1021,239.0,CHEMBL1087,MEPIVACAINE,Cc1cccc(C)c1NC(=O)C1CCCCN1C,0.1202,True,0.305,0.1552,0.0535,0.2092
1022,,CHEMBL3183451,GARENOXACIN MESYLATE,CS(=O)(=O)O.C[C@H]1NCc2cc(-c3ccc4c(=O)c(C(=O)O)cn(C5CC5)c4c3OC(F)F)ccc21.O,0.12,False,0.237,0.0749,0.0492,0.469
1023,,CHEMBL1200509,HISTRELIN ACETATE,CC(=O)O.CCNC(=O)[C@@H]1CCCN1C(=O)[C@H](CCCNC(=N)N)NC(=O)[C@H](CC(C)C)NC(=O)[C@@H](Cc1cn(Cc2ccccc2)cn1)NC(=O)[C@H](Cc1ccc(O)cc1)NC(=O)[C@H](CO)NC(=O)[C@H](Cc1c[nH]c2ccccc12)NC(=O)[C@H](Cc1cnc[nH]1)NC(=O)[C@@H]1CCC(=O)N1,0.1199,False,0.209,0.0047,0.3948,0.9268
1024,240.0,CHEMBL1448,NICLOSAMIDE,O=C(Nc1ccc([N+](=O)[O-])cc1Cl)c1cc(Cl)ccc1O,0.1198,True,0.328,0.1241,0.7975,0.0174
1025,,CHEMBL1201118,CEFMETAZOLE SODIUM,CO[C@@]1(NC(=O)CSCC#N)C(=O)N2C(C(=O)[O-])=C(CSc3nnnn3C)CS[C@@H]21.[Na+],0.1196,False,0.179,0.006,0.7022,0.4054
1026,241.0,CHEMBL12610,BENZYDAMINE,CN(C)CCCOc1nn(Cc2ccccc2)c2ccccc12,0.1192,True,0.386,0.0647,0.0265,0.9884
1027,,CHEMBL1594,PANTOTHENIC ACID,CC(C)(CO)[C@@H](O)C(=O)NCCC(=O)O,0.119,False,0.191,0.0202,0.2342,0.3564
1028,242.0,CHEMBL3301607,FILGOTINIB,O=C(Nc1nc2cccc(-c3ccc(CN4CCS(=O)(=O)CC4)cc3)n2n1)C1CC1,0.1187,True,0.356,0.139,0.1024,0.1174
1029,,CHEMBL2364635,TAFENOQUINE SUCCINATE,COc1cc(C)c2c(Oc3cccc(C(F)(F)F)c3)c(OC)cc(NC(C)CCCN)c2n1.O=C(O)CCC(=O)O,0.1187,False,0.273,0.0591,0.0767,0.3689
1030,,CHEMBL1200781,CITALOPRAM HYDROBROMIDE,Br.CN(C)CCCC1(c2ccc(F)cc2)OCc2cc(C#N)ccc21,0.1186,False,0.207,0.006,0.3547,0.7836
1031,,CHEMBL839,CARTEOLOL,CC(C)(C)NCC(O)COc1cccc2c1CCC(=O)N2,0.1186,False,0.267,0.0556,0.0309,0.9725
1032,243.0,CHEMBL2096642,INAMRINONE LACTATE,CC(O)C(=O)O.Nc1cc(-c2ccncc2)c[nH]c1=O,0.1185,True,0.436,0.0227,0.3627,0.2023
1033,,CHEMBL1200979,DEXPANTHENOL,CC(C)(CO)[C@@H](O)C(=O)NCCCO,0.1185,False,0.231,0.1662,0.106,0.0944
1034,,CHEMBL2110824,BUSERELIN,CCNC(=O)[C@@H]1CCCN1C(=O)[C@H](CCCNC(=N)N)NC(=O)[C@H](CC(C)C)NC(=O)[C@@H](COC(C)(C)C)NC(=O)[C@H](Cc1ccc(O)cc1)NC(=O)[C@H](CO)NC(=O)[C@H](Cc1c[nH]c2ccccc12)NC(=O)[C@H](Cc1cnc[nH]1)NC(=O)[C@@H]1CCC(=O)N1,0.1184,False,0.21,0.0031,0.5548,0.9542
1035,244.0,CHEMBL3707320,ALECTINIB HYDROCHLORIDE,CCc1cc2c(cc1N1CCC(N3CCOCC3)CC1)C(C)(C)c1[nH]c3cc(C#N)ccc3c1C2=O.Cl,0.1184,True,0.792,0.0234,0.5399,0.1312
1036,,CHEMBL421701,DITHIAZANINE IODIDE,CCN1/C(=C/C=C/C=C/c2sc3ccccc3[n+]2CC)Sc2ccccc21.[I-],0.1182,False,0.162,0.1859,0.1544,0.0575
1037,,CHEMBL1201129,DECITABINE,Nc1ncn([C@H]2C[C@H](O)[C@@H](CO)O2)c(=O)n1,0.1181,False,0.284,0.0753,0.096,0.2278
1038,,CHEMBL720,BENZYL ALCOHOL,OCc1ccccc1,0.118,False,0.317,0.0211,0.2271,0.343
1039,,CHEMBL3989923,PITAVASTATIN MAGNESIUM,O=C([O-])C[C@H](O)C[C@H](O)/C=C/c1c(C2CC2)nc2ccccc2c1-c1ccc(F)cc1.O=C([O-])C[C@H](O)C[C@H](O)/C=C/c1c(C2CC2)nc2ccccc2c1-c1ccc(F)cc1.[Mg+2],0.118,False,0.262,0.01,0.1902,0.8648
1040,245.0,CHEMBL288441,BOSUTINIB,COc1cc(Nc2c(C#N)cnc3cc(OCCCN4CCN(C)CC4)c(OC)cc23)c(Cl)cc1Cl,0.1173,True,0.875,0.9876,0.4196,0.0039
1041,,CHEMBL413,SIROLIMUS,CO[C@H]1C[C@@H]2CC[C@@H](C)[C@@](O)(O2)C(=O)C(=O)N2CCCC[C@H]2C(=O)O[C@H]([C@H](C)C[C@@H]2CC[C@@H](O)[C@H](OC)C2)CC(=O)[C@H](C)/C=C(\C)[C@@H](O)[C@@H](OC)C(=O)[C@H](C)C[C@H](C)/C=C/C=C/C=C/1C,0.1172,False,0.155,0.0052,0.3149,0.9794
1042,,CHEMBL104,CLOTRIMAZOLE,Clc1ccccc1C(c1ccccc1)(c1ccccc1)n1ccnc1,0.117,False,0.289,0.0608,0.0831,0.3165
1043,,CHEMBL2106939,POLIHEXANIDE,CCCCCCNC(=N)NC(=N)N,0.1169,False,0.237,0.0021,0.7796,0.9692
1044,,CHEMBL524,METHOXAMINE,COc1ccc(OC)c(C(O)C(C)N)c1,0.1169,False,0.3,0.0541,0.0809,0.3656
1045,,CHEMBL6068431,BENZGALANTAMINE GLUCONATE,COc1ccc2c3c1O[C@H]1C[C@@H](OC(=O)c4ccccc4)C=C[C@@]31CCN(C)C2.O=C(O)C(O)C(O)C(O)C(O)CO,0.1165,False,0.24,0.0077,0.7455,0.2742
1046,,CHEMBL1201735,BUPROPION HYDROBROMIDE,Br.CC(NC(C)(C)C)C(=O)c1cccc(Cl)c1,0.1162,False,0.29,0.0871,0.2158,0.0834
1047,,CHEMBL2110962,MEFENOREX,CC(Cc1ccccc1)NCCCCl,0.1162,False,0.241,0.0233,0.0762,0.8839
1048,,CHEMBL1200712,EVANS BLUE,Cc1cc(-c2ccc(/N=N/c3ccc4c(S(=O)(=O)[O-])cc(S(=O)(=O)[O-])c(N)c4c3O)c(C)c2)ccc1/N=N/c1ccc2c(S(=O)(=O)[O-])cc(S(=O)(=O)[O-])c(N)c2c1O.[Na+].[Na+].[Na+].[Na+],0.116,False,0.221,0.1132,0.3202,0.0431
1049,246.0,CHEMBL1528134,BENZYDAMINE HYDROCHLORIDE,CN(C)CCCOc1nn(Cc2ccccc2)c2ccccc12.Cl,0.1157,True,0.379,0.0592,0.0266,0.9843
1050,,CHEMBL1503,OMEPRAZOLE,COc1ccc2[nH]c([S+]([O-])Cc3ncc(C)c(OC)c3C)nc2c1,0.1153,False,0.299,0.9267,0.0017,0.9907
1051,,CHEMBL1237061,PITAVASTATIN CALCIUM,O=C([O-])C[C@H](O)C[C@H](O)/C=C/c1c(C2CC2)nc2ccccc2c1-c1ccc(F)cc1.O=C([O-])C[C@H](O)C[C@H](O)/C=C/c1c(C2CC2)nc2ccccc2c1-c1ccc(F)cc1.[Ca+2],0.1151,False,0.262,0.0091,0.1919,0.8742
1052,,CHEMBL866,MYCOPHENOLIC ACID,COc1c(C)c2c(c(O)c1C/C=C(\C)CCC(=O)O)C(=O)OC2,0.115,False,0.239,0.0137,0.1115,0.9958
1053,,CHEMBL39736,BUFORMIN,CCCCNC(=N)NC(=N)N,0.1145,False,0.211,0.0019,0.8166,0.9687
1054,247.0,CHEMBL707,DOXAZOSIN,COc1cc2nc(N3CCN(C(=O)C4COc5ccccc5O4)CC3)nc(N)c2cc1OC,0.1145,True,0.388,0.0307,0.2474,0.1975
1055,,CHEMBL1626,CLEMASTINE,CN1CCC[C@@H]1CCO[C@](C)(c1ccccc1)c1ccc(Cl)cc1,0.1144,False,0.26,0.0115,0.133,0.9814
1056,,CHEMBL1537,AZLOCILLIN,CC1(C)S[C@@H]2[C@H](NC(=O)[C@H](NC(=O)N3CCNC3=O)c3ccccc3)C(=O)N2[C@H]1C(=O)O,0.1143,False,0.202,0.0167,0.2796,0.3201
1057,248.0,CHEMBL1200446,TRIPELENNAMINE HYDROCHLORIDE,CN(C)CCN(Cc1ccccc1)c1ccccn1.Cl,0.1143,True,0.333,0.0297,0.0596,0.8444
1058,,CHEMBL1614701,SELUMETINIB,Cn1cnc2c(F)c(Nc3ccc(Br)cc3Cl)c(C(=O)NOCCO)cc21,0.1139,False,0.253,0.9954,0.6739,0.0022
1059,,CHEMBL606260,CARBENICILLIN DISODIUM,CC1(C)S[C@@H]2[C@H](NC(=O)C(C(=O)[O-])c3ccccc3)C(=O)N2[C@H]1C(=O)[O-].[Na+].[Na+],0.1135,False,0.198,0.0394,0.3726,0.0996
1060,,CHEMBL534,KETOTIFEN,CN1CCC(=C2c3ccccc3CC(=O)c3sccc32)CC1,0.1135,False,0.254,0.0242,0.0726,0.8321
1061,,CHEMBL1201103,METHOXAMINE HYDROCHLORIDE,COc1ccc(OC)c(C(O)C(C)N)c1.Cl,0.1135,False,0.293,0.053,0.097,0.2849
1062,,CHEMBL549,CITALOPRAM,CN(C)CCCC1(c2ccc(F)cc2)OCc2cc(C#N)ccc21,0.1134,False,0.209,0.0056,0.338,0.769
1063,,CHEMBL4297213,AFAMELANOTIDE ACETATE,CC(=O)O.CCCC[C@H](NC(=O)[C@H](CO)NC(=O)[C@H](Cc1ccc(O)cc1)NC(=O)[C@H](CO)NC(C)=O)C(=O)N[C@@H](CCC(=O)O)C(=O)N[C@@H](Cc1c[nH]cn1)C(=O)N[C@H](Cc1ccccc1)C(=O)N[C@@H](CCCNC(=N)N)C(=O)N[C@@H](Cc1c[nH]c2ccccc12)C(=O)NCC(=O)N[C@@H](CCCCN)C(=O)N1CCC[C@H]1C(=O)N[C@H](C(N)=O)C(C)C,0.1133,False,0.271,0.0018,0.8274,0.997
1064,249.0,CHEMBL849,TRICLOSAN,Oc1cc(Cl)ccc1Oc1ccc(Cl)cc1Cl,0.1133,True,0.302,0.842,0.614,0.0028
1065,250.0,CHEMBL1524273,PHTHALYLSULFATHIAZOLE,O=C(O)c1ccccc1C(=O)Nc1ccc(S(=O)(=O)Nc2nccs2)cc1,0.113,True,0.373,0.0879,0.2913,0.0564
1066,,CHEMBL1716,CYPROHEPTADINE HYDROCHLORIDE,CN1CCC(=C2c3ccccc3C=Cc3ccccc32)CC1.Cl,0.1129,False,0.219,0.0508,0.0445,0.6373
1067,,CHEMBL1201041,AZLOCILLIN SODIUM,CC1(C)S[C@@H]2[C@H](NC(=O)[C@H](NC(=O)N3CCNC3=O)c3ccccc3)C(=O)N2[C@H]1C(=O)[O-].[Na+],0.1125,False,0.208,0.016,0.2877,0.3087
1068,251.0,CHEMBL1738797,ALECTINIB,CCc1cc2c(cc1N1CCC(N3CCOCC3)CC1)C(C)(C)c1[nH]c3cc(C#N)ccc3c1C2=O,0.1125,True,0.803,0.0211,0.5264,0.1278
1069,,CHEMBL4594300,FOSDENOPTERIN HYDROBROMIDE,Br.Nc1nc(=O)c2c([nH]1)N[C@@H]1O[C@@H]3COP(=O)(O)O[C@@H]3C(O)(O)[C@@H]1N2.O.O,0.1118,False,0.147,0.0084,0.2021,0.8278
1070,,CHEMBL932,DIPYRIDAMOLE,OCCN(CCO)c1nc(N2CCCCC2)c2nc(N(CCO)CCO)nc(N3CCCCC3)c2n1,0.1117,False,0.225,0.0193,0.123,0.5861
1071,,CHEMBL938,SARALASIN,CNCC(=O)N[C@@H](CCCNC(=N)N)C(=O)N[C@H](C(=O)N[C@@H](Cc1ccc(O)cc1)C(=O)N[C@H](C(=O)N[C@@H](Cc1cnc[nH]1)C(=O)N1CCC[C@H]1C(=O)N[C@@H](C)C(=O)O)C(C)C)C(C)C,0.1114,False,0.27,0.0019,0.7183,0.9905
1072,,CHEMBL1201061,LEVALBUTEROL HYDROCHLORIDE,CC(C)(C)NC[C@H](O)c1ccc(O)c(CO)c1.Cl,0.1114,False,0.212,0.0052,0.3214,0.836
1073,,CHEMBL1088,MESORIDAZINE,CN1CCCCC1CCN1c2ccccc2Sc2ccc([S+](C)[O-])cc21,0.1108,False,0.188,0.1033,0.0133,0.9935
1074,,CHEMBL1200402,AMLODIPINE BESYLATE,CCOC(=O)C1=C(COCCN)NC(C)=C(C(=O)OC)C1c1ccccc1Cl.O=S(=O)(O)c1ccccc1,0.1107,False,0.238,0.0108,0.29,0.434
1075,,CHEMBL3989885,TRIMEPRAZINE TARTRATE,CC(CN(C)C)CN1c2ccccc2Sc2ccccc21.CC(CN(C)C)CN1c2ccccc2Sc2ccccc21.O=C(O)C(O)C(O)C(=O)O,0.1104,False,0.269,0.0178,0.2314,0.3277
1076,252.0,CHEMBL1200654,BENOXINATE HYDROCHLORIDE,CCCCOc1cc(C(=O)OCCN(CC)CC)ccc1N.Cl,0.1104,True,0.304,0.0033,0.6052,0.6743
1077,,CHEMBL2105684,SELUMETINIB SULFATE,Cn1cnc2c(F)c(Nc3ccc(Br)cc3Cl)c(C(=O)NOCCO)cc21.O=S(=O)(O)O,0.1099,False,0.242,0.8818,0.5673,0.0027
1078,,CHEMBL5314373,"CEFPROZIL, (E)-",C/C=C/C1=C(C(=O)O)N2C(=O)[C@@H](NC(=O)[C@H](N)c3ccc(O)cc3)[C@H]2SC1.O,0.1097,False,0.204,0.0108,0.7526,0.1619
1079,,CHEMBL408403,ANGIOTENSIN II,CC[C@H](C)[C@H](NC(=O)[C@H](Cc1ccc(O)cc1)NC(=O)[C@@H](NC(=O)[C@H](CCCNC(=N)N)NC(=O)[C@@H](N)CC(=O)O)C(C)C)C(=O)N[C@@H](Cc1cnc[nH]1)C(=O)N1CCC[C@H]1C(=O)N[C@@H](Cc1ccccc1)C(=O)O,0.1096,False,0.339,0.0018,0.7484,0.9662
1080,,CHEMBL276568,"CEFPROZIL ANHYDROUS, (E)-",C/C=C/C1=C(C(=O)O)N2C(=O)[C@@H](NC(=O)[C@H](N)c3ccc(O)cc3)[C@H]2SC1,0.1095,False,0.206,0.0099,0.7377,0.1803
1081,,CHEMBL2111097,LEVAMLODIPINE,CCOC(=O)C1=C(COCCN)NC(C)=C(C(=O)OC)[C@@H]1c1ccccc1Cl,0.1093,False,0.25,0.0104,0.234,0.5395
1082,,CHEMBL1200737,COLFOSCERIL PALMITATE,CCCCCCCCCCCCCCCC(=O)OC[C@H](COP(=O)([O-])OCC[N+](C)(C)C)OC(=O)CCCCCCCCCCCCCCC,0.1091,False,0.194,0.0088,0.1484,0.9938
1083,,CHEMBL2218894,FLUVASTATIN SODIUM,CC(C)n1c(/C=C/C(O)CC(O)CC(=O)[O-])c(-c2ccc(F)cc2)c2ccccc21.[Na+],0.1089,False,0.229,0.0095,0.1877,0.7246
1084,,CHEMBL1628233,FLUORESCEIN SODIUM,O=C([O-])c1ccccc1-c1c2ccc(=O)cc-2oc2cc([O-])ccc12.[Na+].[Na+],0.1087,False,0.208,0.1496,0.2219,0.0386
1085,,CHEMBL1163,ATAZANAVIR,COC(=O)N[C@H](C(=O)N[C@@H](Cc1ccccc1)[C@@H](O)CN(Cc1ccc(-c2ccccn2)cc1)NC(=O)[C@@H](NC(=O)OC)C(C)(C)C)C(C)(C)C,0.1085,False,0.277,0.0154,0.0833,0.9938
1086,,CHEMBL927,CEFDINIR,C=CC1=C(C(=O)O)N2C(=O)[C@@H](NC(=O)/C(=N\O)c3csc(N)n3)[C@H]2SC1,0.1085,False,0.182,0.0177,0.6109,0.1182
1087,,CHEMBL606,MISOPROSTOL,CCCCC(C)(O)C/C=C/[C@H]1[C@H](O)CC(=O)[C@@H]1CCCCCCC(=O)OC,0.1083,False,0.195,0.0704,0.0828,0.2179
1088,,CHEMBL1172,DESLORATADINE,Clc1ccc2c(c1)CCc1cccnc1C2=C1CCNCC1,0.1081,False,0.217,0.0232,0.0954,0.5704
1089,,CHEMBL1644,CEFADROXIL,CC1=C(C(=O)O)N2C(=O)[C@@H](NC(=O)[C@H](N)c3ccc(O)cc3)[C@H]2SC1,0.108,False,0.217,0.0057,0.7331,0.3013
1090,,CHEMBL1201346,BALSALAZIDE,O=C(O)CCNC(=O)c1ccc(/N=N/c2ccc(O)c(C(=O)O)c2)cc1,0.1079,False,0.254,0.0018,0.8661,0.8222
1091,,CHEMBL2105527,TETRAZEPAM,CN1C(=O)CN=C(C2=CCCCC2)c2cc(Cl)ccc21,0.1078,False,0.256,0.0161,0.2118,0.3675
1092,253.0,CHEMBL1241,TRIPELENNAMINE,CN(C)CCN(Cc1ccccc1)c1ccccn1,0.1076,True,0.314,0.0301,0.0471,0.8795
1093,254.0,CHEMBL3646221,VADADUSTAT,O=C(O)CNC(=O)c1ncc(-c2cccc(Cl)c2)cc1O,0.1073,True,0.351,0.0814,0.4781,0.0317
1094,,CHEMBL1096885,VALRUBICIN,CCCCC(=O)OCC(=O)[C@]1(O)Cc2c(O)c3c(c(O)c2[C@@H](O[C@H]2C[C@H](NC(=O)C(F)(F)F)[C@H](O)[C@H](C)O2)C1)C(=O)c1c(OC)cccc1C3=O,0.1072,False,0.185,0.0139,0.0949,0.9316
1095,,CHEMBL1240,PROPANTHELINE BROMIDE,CC(C)[N+](C)(CCOC(=O)C1c2ccccc2Oc2ccccc21)C(C)C.[Br-],0.1069,False,0.212,0.0221,0.0839,0.6575
1096,,CHEMBL1201199,LEUPROLIDE,CCNC(=O)[C@@H]1CCCN1C(=O)[C@H](CCCNC(=N)N)NC(=O)[C@H](CC(C)C)NC(=O)[C@@H](CC(C)C)NC(=O)[C@H](Cc1ccc(O)cc1)NC(=O)[C@H](CO)NC(=O)[C@H](Cc1c[nH]c2ccccc12)NC(=O)[C@H](Cc1c[nH]cn1)NC(=O)[C@@H]1CCC(=O)N1,0.1068,False,0.227,0.0019,0.6727,0.9719
1097,,CHEMBL4594301,REMIMAZOLAM BESYLATE,COC(=O)CC[C@@H]1N=C(c2ccccn2)c2cc(Br)ccc2-n2c(C)cnc21.O=S(=O)(O)c1ccccc1,0.1064,False,0.247,0.0394,0.1492,0.2046
1098,,CHEMBL5315123,DIFELIKEFALIN ACETATE,CC(=O)O.CC(C)C[C@@H](NC(=O)[C@@H](Cc1ccccc1)NC(=O)[C@H](N)Cc1ccccc1)C(=O)N[C@H](CCCCN)C(=O)N1CCC(N)(C(=O)O)CC1,0.1062,False,0.265,0.0022,0.5408,0.9973
1099,,CHEMBL1646,INDOCYANINE GREEN,CC1(C)C(/C=C/C=C/C=C/C=C2\N(CCCCS(=O)(=O)[O-])c3ccc4ccccc4c3C2(C)C)=[N+](CCCCS(=O)(=O)[O-])c2ccc3ccccc3c21.[Na+],0.1062,False,0.301,0.096,0.1073,0.1163
1100,,CHEMBL2110805,EMEPRONIUM,CC[N+](C)(C)C(C)CC(c1ccccc1)c1ccccc1,0.1058,False,0.25,0.0503,0.036,0.6548
1101,,CHEMBL430,GEMIFLOXACIN,CO/N=C1\CN(c2nc3c(cc2F)c(=O)c(C(=O)O)cn3C2CC2)CC1CN,0.1054,False,0.245,0.0365,0.2357,0.1362
1102,255.0,CHEMBL259571,TAPINAROF,CC(C)c1c(O)cc(/C=C/c2ccccc2)cc1O,0.1053,True,0.375,0.1381,0.1384,0.061
1103,,CHEMBL1201013,OLSALAZINE SODIUM,O=C([O-])c1cc(/N=N/c2ccc(O)c(C(=O)[O-])c2)ccc1O.[Na+].[Na+],0.1051,False,0.262,0.0427,0.6261,0.0434
1104,256.0,CHEMBL1200387,AMPHETAMINE ADIPATE,CC(N)Cc1ccccc1.O=C(O)CCCCC(=O)O,0.105,True,0.306,0.0028,0.4685,0.8939
1105,,CHEMBL1626223,PYRANTEL,CN1CCCN=C1/C=C/c1cccs1,0.1049,False,0.233,0.0634,0.3654,0.0497
1106,,CHEMBL338975,PHYSOSTIGMINE SALICYLATE,CNC(=O)Oc1ccc2c(c1)[C@]1(C)CCN(C)[C@@H]1N2C.O=C(O)c1ccccc1O,0.1047,False,0.247,0.0119,0.8752,0.1098
1107,257.0,CHEMBL2355051,CLOMIPHENE,CCN(CC)CCOc1ccc(C(=C(Cl)c2ccccc2)c2ccccc2)cc1,0.1047,True,0.369,0.0713,0.116,0.1388
1108,,CHEMBL28333,MEDAZEPAM,CN1CCN=C(c2ccccc2)c2cc(Cl)ccc21,0.1046,False,0.262,0.0658,0.1747,0.0996
1109,258.0,CHEMBL1201124,KETOROLAC TROMETHAMINE,NC(CO)(CO)CO.O=C(c1ccccc1)c1ccc2n1CCC2C(=O)O,0.1045,True,0.319,0.0269,0.0973,0.4365
1110,,CHEMBL1200962,CEFEPIME HYDROCHLORIDE,CO/N=C(\C(=O)N[C@@H]1C(=O)N2C(C(=O)O)=C(C[N+]3(C)CCCC3)CS[C@H]12)c1csc(N)n1.Cl.O.[Cl-],0.1045,False,0.167,0.0049,0.4012,0.5851
1111,,CHEMBL227875,PRETOMANID,O=[N+]([O-])c1cn2c(n1)OC[C@@H](OCc1ccc(OC(F)(F)F)cc1)C2,0.1043,False,0.281,0.0518,0.0441,0.4963
1112,,CHEMBL1522,ESZOPICLONE,CN1CCN(C(=O)O[C@H]2c3nccnc3C(=O)N2c2ccc(Cl)cn2)CC1,0.1042,False,0.276,0.0075,0.5393,0.2802
1113,,CHEMBL2146124,CEFUROXIME SODIUM,CO/N=C(\C(=O)N[C@@H]1C(=O)N2C(C(=O)[O-])=C(COC(N)=O)CS[C@H]12)c1ccco1.[Na+],0.1042,False,0.291,0.0224,0.5832,0.0867
1114,,CHEMBL1202,CIPROFLOXACIN HYDROCHLORIDE,Cl.O=C(O)c1cn(C2CC2)c2cc(N3CCNCC3)c(F)cc2c1=O,0.1039,False,0.265,0.039,0.0485,0.5928
1115,,CHEMBL1475,TRIOXSALEN,Cc1cc2cc3c(C)cc(=O)oc3c(C)c2o1,0.1039,False,0.2,0.9988,0.3168,0.0035
1116,,CHEMBL1621597,IPRATROPIUM,CC(C)[N+]1(C)[C@@H]2CC[C@H]1C[C@@H](OC(=O)C(CO)c1ccccc1)C2,0.1038,False,0.262,0.0325,0.0622,0.5534
1117,259.0,CHEMBL141305,CYCLOFENIL,CC(=O)Oc1ccc(C(=C2CCCCC2)c2ccc(OC(C)=O)cc2)cc1,0.1038,True,0.3,0.0063,0.5994,0.2966
1118,260.0,CHEMBL1200561,DOXAZOSIN MESYLATE,COc1cc2nc(N3CCN(C(=O)C4COc5ccccc5O4)CC3)nc(N)c2cc1OC.CS(=O)(=O)O,0.1035,True,0.365,0.0287,0.2741,0.1411
1119,261.0,CHEMBL1200,BENOXINATE,CCCCOc1cc(C(=O)OCCN(CC)CC)ccc1N,0.1034,True,0.308,0.0023,0.6421,0.7484
1120,,CHEMBL83063,RITODRINE,CC(NCCc1ccc(O)cc1)C(O)c1ccc(O)cc1,0.1034,False,0.222,0.016,0.2954,0.234
1121,,CHEMBL1201195,CEFMETAZOLE,CO[C@@]1(NC(=O)CSCC#N)C(=O)N2C(C(=O)O)=C(CSc3nnnn3C)CS[C@@H]21,0.1034,False,0.183,0.0042,0.6587,0.4
1122,,CHEMBL1201229,DEMECARIUM,CN(CCCCCCCCCCN(C)C(=O)Oc1cccc([N+](C)(C)C)c1)C(=O)Oc1cccc([N+](C)(C)C)c1,0.1032,False,0.279,0.0666,0.3674,0.045
1123,,CHEMBL1632,CEPHALOTHIN SODIUM,CC(=O)OCC1=C(C(=O)[O-])N2C(=O)[C@@H](NC(=O)Cc3cccs3)[C@H]2SC1.[Na+],0.1031,False,0.261,0.0047,0.4216,0.5539
1124,,CHEMBL1201180,DICLOFENAC EPOLAMINE,O=C(O)Cc1ccccc1Nc1c(Cl)cccc1Cl.OCCN1CCCC1,0.1031,False,0.292,0.2887,0.4094,0.0093
1125,,CHEMBL1337,NITISINONE,O=C1CCCC(=O)C1C(=O)c1ccc(C(F)(F)F)cc1[N+](=O)[O-],0.1029,False,0.292,0.0459,0.0696,0.3407
1126,,CHEMBL3187985,APOMORPHINE HYDROCHLORIDE,CN1CCc2cccc3c2[C@H]1Cc1ccc(O)c(O)c1-3.CN1CCc2cccc3c2[C@H]1Cc1ccc(O)c(O)c1-3.Cl.Cl.O,0.1028,False,0.224,0.0388,0.0538,0.5202
1127,,CHEMBL1057,FLUORESCEIN,O=C1OC2(c3ccc(O)cc3Oc3cc(O)ccc32)c2ccccc21,0.1027,False,0.291,0.0057,0.7926,0.2391
1128,,CHEMBL1502,PANTOPRAZOLE,COc1ccnc(C[S+]([O-])c2nc3cc(OC(F)F)ccc3[nH]2)c1OC,0.1022,False,0.274,0.246,0.3549,0.0122
1129,,CHEMBL917,FLOXURIDINE,O=c1[nH]c(=O)n([C@H]2C[C@H](O)[C@@H](CO)O2)cc1F,0.1021,False,0.211,0.0343,0.0385,0.8041
1130,,CHEMBL269644,ACETANILIDE,CC(=O)Nc1ccccc1,0.102,False,0.386,0.0047,0.4128,0.5433
1131,,CHEMBL1201753,PITAVASTATIN,O=C(O)C[C@H](O)C[C@H](O)/C=C/c1c(C2CC2)nc2ccccc2c1-c1ccc(F)cc1,0.1018,False,0.261,0.0078,0.1459,0.9248
1132,,CHEMBL3608680,FEZOLINETANT,Cc1nsc(-c2nnc3n2CCN(C(=O)c2ccc(F)cc2)[C@@H]3C)n1,0.1016,False,0.268,0.0205,0.1392,0.3669
1133,,CHEMBL1651990,FENTICONAZOLE,Clc1ccc(C(Cn2ccnc2)OCc2ccc(Sc3ccccc3)cc2)c(Cl)c1,0.1016,False,0.292,0.4536,0.1337,0.0173
1134,262.0,CHEMBL1079742,ERLOTINIB HYDROCHLORIDE,C#Cc1cccc(Nc2ncnc3cc(OCCOC)c(OCCOC)cc23)c1.Cl,0.1013,True,0.526,0.8682,0.2341,0.0051
1135,,CHEMBL1200832,TERBINAFINE HYDROCHLORIDE,CN(C/C=C/C#CC(C)(C)C)Cc1cccc2ccccc12.Cl,0.1007,False,0.224,0.0206,0.0734,0.6755
1136,,CHEMBL1319139,BROMHEXINE HYDROCHLORIDE,CN(Cc1cc(Br)cc(Br)c1N)C1CCCCC1.Cl,0.1006,False,0.253,0.4485,0.0245,0.0926
1137,,CHEMBL227529,ALOGLIPTIN BENZOATE,Cn1c(=O)cc(N2CCC[C@@H](N)C2)n(Cc2ccccc2C#N)c1=O.O=C(O)c1ccccc1,0.1005,False,0.259,0.0215,0.0577,0.8201
1138,263.0,CHEMBL942,BISACODYL,CC(=O)Oc1ccc(C(c2ccc(OC(C)=O)cc2)c2ccccn2)cc1,0.1003,True,0.327,0.04,0.7934,0.0318
1139,,CHEMBL5315118,ILOPROST TROMETHAMINE,CC#CCC(C)[C@H](O)/C=C/[C@@H]1[C@H]2C/C(=C/CCCC(=O)O)C[C@H]2C[C@H]1O.NC(CO)(CO)CO,0.1002,False,0.157,0.0053,0.1998,0.9503
1140,,CHEMBL308954,ETRAVIRINE,Cc1cc(C#N)cc(C)c1Oc1nc(Nc2ccc(C#N)cc2)nc(N)c1Br,0.1001,False,0.297,0.043,0.6076,0.0384
1141,,CHEMBL53292,ISOXICAM,Cc1cc(NC(=O)C2=C(O)c3ccccc3S(=O)(=O)N2C)no1,0.0999,False,0.284,0.0015,0.7337,0.9103
1142,,CHEMBL822,TERBINAFINE,CN(C/C=C/C#CC(C)(C)C)Cc1cccc2ccccc12,0.0999,False,0.227,0.0207,0.0701,0.6871
1143,,CHEMBL1584,PIPERACETAZINE,CC(=O)c1ccc2c(c1)N(CCCN1CCC(CCO)CC1)c1ccccc1S2,0.0995,False,0.295,0.0128,0.078,0.9903
1144,,CHEMBL1477274,MEPTAZINOL HYDROCHLORIDE,CCC1(c2cccc(O)c2)CCCCN(C)C1.Cl,0.0995,False,0.244,0.0031,0.3328,0.9442
1145,,CHEMBL516,CYPROHEPTADINE,CN1CCC(=C2c3ccccc3C=Cc3ccccc32)CC1,0.0994,False,0.222,0.0437,0.0355,0.6346
1146,264.0,CHEMBL553,ERLOTINIB,C#Cc1cccc(Nc2ncnc3cc(OCCOC)c(OCCOC)cc23)c1,0.0994,True,0.536,0.8507,0.2183,0.0053
1147,,CHEMBL24072,PRENYLAMINE,CC(Cc1ccccc1)NCCC(c1ccccc1)c1ccccc1,0.0991,False,0.234,0.0282,0.0443,0.7773
1148,,CHEMBL70046,SORIVUDINE,O=c1[nH]c(=O)n([C@@H]2O[C@H](CO)[C@@H](O)[C@@H]2O)cc1/C=C/Br,0.0991,False,0.211,0.0498,0.0759,0.2576
1149,,CHEMBL251940,PERICIAZINE,N#Cc1ccc2c(c1)N(CCCN1CCC(O)CC1)c1ccccc1S2,0.0991,False,0.275,0.0073,0.1936,0.6847
1150,,CHEMBL2103795,AZILSARTAN KAMEDOXOMIL,CCOc1nc2cccc(C(=O)OCc3oc(=O)oc3C)c2n1Cc1ccc(-c2ccccc2-c2noc(=O)[n-]2)cc1.[K+],0.0989,False,0.276,0.0883,0.0935,0.1173
1151,265.0,CHEMBL511,PYRILAMINE,COc1ccc(CN(CCN(C)C)c2ccccn2)cc1,0.0988,True,0.304,0.0144,0.0948,0.7059
1152,,CHEMBL8,CIPROFLOXACIN,O=C(O)c1cn(C2CC2)c2cc(N3CCNCC3)c(F)cc2c1=O,0.0988,False,0.268,0.036,0.0442,0.6048
1153,,CHEMBL1977579,STREPTOZOCIN,CN(N=O)C(=O)N[C@@H](C=O)[C@@H](O)[C@H](O)[C@H](O)CO,0.0986,False,0.155,0.0016,0.6707,0.9028
1154,,CHEMBL5314588,PERFLUOROHEXYLOCTANE,CCCCCCCCC(F)(F)C(F)(F)C(F)(F)C(F)(F)C(F)(F)C(F)(F)F,0.0983,False,0.143,0.0094,0.1075,0.9391
1155,,CHEMBL1200632,CLINDAMYCIN PALMITATE HYDROCHLORIDE,CCCCCCCCCCCCCCCC(=O)O[C@@H]1[C@@H](O)[C@@H](O)[C@@H]([C@H](NC(=O)[C@@H]2C[C@@H](CCC)CN2C)[C@H](C)Cl)O[C@@H]1SC.Cl,0.098,False,0.179,0.0436,0.022,0.9806
1156,,CHEMBL1232,ERTAPENEM SODIUM,C[C@@H](O)[C@H]1C(=O)N2C(C(=O)[O-])=C(S[C@@H]3CN[C@H](C(=O)Nc4cccc(C(=O)O)c4)C3)[C@H](C)[C@H]12.[Na+],0.098,False,0.237,0.0025,0.4824,0.7915
1157,,CHEMBL1201304,INDOCYANINE GREEN ACID FORM,CC1(C)C(/C=C/C=C/C=C/C=C2\N(CCCCS(=O)(=O)O)c3ccc4ccccc4c3C2(C)C)=[N+](CCCCS(=O)(=O)[O-])c2ccc3ccccc3c21,0.0977,False,0.336,0.0907,0.1,0.1028
1158,,CHEMBL414357,EXENATIDE,CC[C@H](C)[C@H](NC(=O)[C@H](Cc1ccccc1)NC(=O)[C@H](CC(C)C)NC(=O)[C@H](CCCNC(=N)N)NC(=O)[C@@H](NC(=O)[C@H](C)NC(=O)[C@H](CCC(=O)O)NC(=O)[C@H](CCC(=O)O)NC(=O)[C@H](CCC(=O)O)NC(=O)[C@H](CCSC)NC(=O)[C@H](CCC(N)=O)NC(=O)[C@H](CCCCN)NC(=O)[C@H](CO)NC(=O)[C@H](CC(C)C)NC(=O)[C@H](CC(=O)O)NC(=O)[C@H](CO)NC(=O)[C@@H](NC(=O)[C@H](Cc1ccccc1)NC(=O)[C@@H](NC(=O)CNC(=O)[C@H](CCC(=O)O)NC(=O)CNC(=O)[C@@H](N)Cc1cnc[nH]1)[C@@H](C)O)[C@@H](C)O)C(C)C)C(=O)N[C@@H](CCC(=O)O)C(=O)N[C@@H](Cc1c[nH]c2ccccc12)C(=O)N[C@@H](CC(C)C)C(=O)N[C@@H](CCCCN)C(=O)N[C@@H](CC(N)=O)C(=O)NCC(=O)NCC(=O)N1CCC[C@H]1C(=O)N[C@@H](CO)C(=O)N[C@@H](CO)C(=O)NCC(=O)N[C@@H](C)C(=O)N1CCC[C@H]1C(=O)N1CCC[C@H]1C(=O)N1CCC[C@H]1C(=O)N[C@@H](CO)C(N)=O,0.0975,False,0.237,0.0013,0.7158,0.9926
1159,,CHEMBL1237065,TRAMADOL HYDROCHLORIDE,COc1cccc(C2(O)CCCCC2CN(C)C)c1.Cl,0.0975,False,0.271,0.0031,0.325,0.9241
1160,,CHEMBL1200555,IOTROLAN,CN(C(=O)CC(=O)N(C)c1c(I)c(C(=O)NC(CO)C(O)CO)c(I)c(C(=O)NC(CO)C(O)CO)c1I)c1c(I)c(C(=O)NC(CO)C(O)CO)c(I)c(C(=O)NC(CO)C(O)CO)c1I,0.0975,False,0.164,0.3791,0.0097,0.2529
1161,,CHEMBL229128,MEPHENESIN,Cc1ccccc1OCC(O)CO,0.0974,False,0.367,0.0099,0.0954,0.9732
1162,,CHEMBL1200444,PIRBUTEROL ACETATE,CC(=O)O.CC(C)(C)NCC(O)c1ccc(O)c(CO)n1,0.0973,False,0.239,0.0049,0.3904,0.4783
1163,266.0,CHEMBL25202,TAMIBAROTENE,CC1(C)CCC(C)(C)c2cc(NC(=O)c3ccc(C(=O)O)cc3)ccc21,0.0972,True,0.323,0.0056,0.723,0.226
1164,,CHEMBL2336050,XANOMELINE TARTRATE,CCCCCCOc1nsnc1C1=CCCN(C)C1.O=C(O)C(O)C(O)C(=O)O,0.0969,False,0.208,0.0347,0.7224,0.0363
1165,,CHEMBL629,AMITRIPTYLINE,CN(C)CCC=C1c2ccccc2CCc2ccccc21,0.0967,False,0.231,0.0797,0.0828,0.1371
1166,,CHEMBL2338675,FOSDENOPTERIN,Nc1nc(=O)c2c([nH]1)N[C@@H]1O[C@@H]3COP(=O)(O)O[C@@H]3C(O)(O)[C@@H]1N2,0.0964,False,0.151,0.0063,0.1715,0.825
1167,,CHEMBL1200988,METHANTHELINE BROMIDE,CC[N+](C)(CC)CCOC(=O)C1c2ccccc2Oc2ccccc21.[Br-],0.0963,False,0.234,0.0151,0.0712,0.8337
1168,,CHEMBL3989777,TRIENTINE HYDROCHLORIDE,Cl.Cl.NCCNCCNCCN,0.0962,False,0.135,0.2775,0.0339,0.0948
1169,267.0,CHEMBL1200782,DEXTROAMPHETAMINE ADIPATE,C[C@H](N)Cc1ccccc1.O=C(O)CCCCC(=O)O,0.0962,True,0.306,0.0022,0.4396,0.9064
1170,268.0,CHEMBL712,ANISINDIONE,COc1ccc(C2C(=O)c3ccccc3C2=O)cc1,0.0959,True,0.395,0.0379,0.1248,0.1863
1171,,CHEMBL1201775,SAPROPTERIN DIHYDROCHLORIDE,C[C@H](O)[C@H](O)[C@H]1CNc2[nH]c(N)nc(=O)c2N1.Cl.Cl,0.0959,False,0.18,0.0633,0.0247,0.5657
1172,,CHEMBL1436,CEFUROXIME,CO/N=C(\C(=O)N[C@@H]1C(=O)N2C(C(=O)O)=C(COC(N)=O)CS[C@H]12)c1ccco1,0.0959,False,0.282,0.0199,0.5603,0.0794
1173,,CHEMBL135400,ZOPICLONE,CN1CCN(C(=O)OC2c3nccnc3C(=O)N2c2ccc(Cl)cn2)CC1,0.0956,False,0.276,0.0056,0.5698,0.2755
1174,,CHEMBL2107834,RIOCIGUAT,COC(=O)N(C)c1c(N)nc(-c2nn(Cc3ccccc3F)c3ncccc23)nc1N,0.0956,False,0.261,0.0318,0.0734,0.3741
1175,,CHEMBL1200734,FOSAMPRENAVIR CALCIUM,CC(C)CN(C[C@@H](OP(=O)([O-])[O-])[C@H](Cc1ccccc1)NC(=O)O[C@H]1CCOC1)S(=O)(=O)c1ccc(N)cc1.[Ca+2],0.0954,False,0.204,0.011,0.2068,0.3804
1176,269.0,CHEMBL1402684,OXYPHENISATIN ACETATE,CC(=O)Oc1ccc(C2(c3ccc(OC(C)=O)cc3)C(=O)Nc3ccccc32)cc1,0.0953,True,0.34,0.0058,0.6664,0.2242
1177,,CHEMBL316157,CEPHALORIDINE,O=C(Cc1cccs1)N[C@@H]1C(=O)N2C(C(=O)[O-])=C(C[n+]3ccccc3)CS[C@H]12,0.0953,False,0.25,0.0091,0.2708,0.351
1178,,CHEMBL3989820,ZOLPIDEM TARTRATE,Cc1ccc(-c2nc3ccc(C)cn3c2CC(=O)N(C)C)cc1.Cc1ccc(-c2nc3ccc(C)cn3c2CC(=O)N(C)C)cc1.O=C(O)C(O)C(O)C(=O)O,0.095,False,0.244,0.0319,0.0701,0.3841
1179,,CHEMBL1200946,NANDROLONE DECANOATE,CCCCCCCCCC(=O)O[C@H]1CC[C@H]2[C@@H]3CCC4=CC(=O)CC[C@@H]4[C@H]3CC[C@]12C,0.095,False,0.2,0.0092,0.0942,0.9863
1180,270.0,CHEMBL1474963,BENZARONE,CCc1oc2ccccc2c1C(=O)c1ccc(O)cc1,0.0949,True,0.31,0.086,0.3678,0.027
1181,,CHEMBL2105712,AFATINIB DIMALEATE,CN(C)C/C=C/C(=O)Nc1cc2c(Nc3ccc(F)c(Cl)c3)ncnc2cc1O[C@H]1CCOC1.O=C(O)/C=C\C(=O)O.O=C(O)/C=C\C(=O)O,0.0948,False,0.656,0.515,0.1151,0.0144
1182,,CHEMBL4594262,AMLODIPINE BENZOATE,CCOC(=O)C1=C(COCCN)NC(C)=C(C(=O)OC)C1c1ccccc1Cl.O=C(O)c1ccccc1,0.0947,False,0.276,0.0067,0.3636,0.3485
1183,,CHEMBL53,APOMORPHINE,CN1CCc2cccc3c2[C@H]1Cc1ccc(O)c(O)c1-3,0.0947,False,0.231,0.0373,0.0392,0.5799
1184,,CHEMBL255044,FLUPIRTINE,CCOC(=O)Nc1ccc(NCc2ccc(F)cc2)nc1N,0.0944,False,0.288,0.0009,0.9816,0.9603
1185,,CHEMBL13280,FLUNITRAZEPAM,CN1C(=O)CN=C(c2ccccc2F)c2cc([N+](=O)[O-])ccc21,0.0943,False,0.295,0.0383,0.1498,0.1462
1186,,CHEMBL1714574,TERCONAZOLE,CC(C)N1CCN(c2ccc(OCC3COC(Cn4cncn4)(c4ccc(Cl)cc4Cl)O3)cc2)CC1,0.0941,False,0.245,0.0071,0.3601,0.3278
1187,,CHEMBL617,CEPHALOTHIN,CC(=O)OCC1=C(C(=O)O)N2C(=O)[C@@H](NC(=O)Cc3cccs3)[C@H]2SC1,0.094,False,0.267,0.0037,0.4186,0.5369
1188,,CHEMBL550755,FORODESINE HYDROCHLORIDE,Cl.O=c1[nH]cnc2c([C@@H]3N[C@H](CO)[C@@H](O)[C@H]3O)c[nH]c12,0.0937,False,0.268,0.0291,0.0389,0.7267
1189,,CHEMBL106258,AMINOREX,NC1=NCC(c2ccccc2)O1,0.0937,False,0.333,0.0581,0.0152,0.9333
1190,271.0,CHEMBL973,TERIFLUNOMIDE,C/C(O)=C(\C#N)C(=O)Nc1ccc(C(F)(F)F)cc1,0.0936,True,0.468,0.0032,0.3252,0.7792
1191,,CHEMBL1322884,PHENOTHRIN,CC(C)=CC1C(C(=O)OCc2cccc(Oc3ccccc3)c2)C1(C)C,0.0934,False,0.288,0.0035,0.8664,0.2659
1192,,CHEMBL523299,UMECLIDINIUM BROMIDE,OC(c1ccccc1)(c1ccccc1)C12CC[N+](CCOCc3ccccc3)(CC1)CC2.[Br-],0.0934,False,0.233,0.0014,0.5935,0.9965
1193,,CHEMBL94,PHYSOSTIGMINE,CNC(=O)Oc1ccc2c(c1)[C@]1(C)CCN(C)[C@@H]1N2C,0.0933,False,0.253,0.0035,0.8451,0.275
1194,,CHEMBL1607273,CETIRIZINE HYDROCHLORIDE,Cl.Cl.O=C(O)COCCN1CCN(C(c2ccccc2)c2ccc(Cl)cc2)CC1,0.0932,False,0.277,0.0092,0.5704,0.1536
1195,,CHEMBL1187833,UMECLIDINIUM,OC(c1ccccc1)(c1ccccc1)C12CC[N+](CCOCc3ccccc3)(CC1)CC2,0.0932,False,0.235,0.0014,0.5719,0.9922
1196,,CHEMBL1200964,AMITRIPTYLINE HYDROCHLORIDE,CN(C)CCC=C1c2ccccc2CCc2ccccc21.Cl,0.0929,False,0.245,0.0764,0.0851,0.1233
1197,272.0,CHEMBL6068400,GIVINOSTAT HYDROCHLORIDE,CCN(CC)Cc1ccc2cc(COC(=O)Nc3ccc(C(=O)NO)cc3)ccc2c1.Cl.O,0.0929,True,0.338,0.0008,0.9756,0.9933
1198,,CHEMBL1200817,LEVOMETHADYL ACETATE HYDROCHLORIDE,CC[C@H](OC(C)=O)C(C[C@H](C)N(C)C)(c1ccccc1)c1ccccc1.Cl,0.0929,False,0.269,0.0107,0.1601,0.4687
1199,,CHEMBL953,ENTACAPONE,CCN(CC)C(=O)/C(C#N)=C/c1cc(O)c(O)c([N+](=O)[O-])c1,0.0928,False,0.291,0.0839,0.7217,0.0132
1200,,CHEMBL1237132,CLEVIDIPINE,CCCC(=O)OCOC(=O)C1=C(C)NC(C)=C(C(=O)OC)C1c1cccc(Cl)c1Cl,0.0927,False,0.278,0.012,0.215,0.3094
1201,,CHEMBL1042,CHOLECALCIFEROL,C=C1CC[C@H](O)C/C1=C/C=C1\CCC[C@]2(C)[C@@H]([C@H](C)CCCC(C)C)CC[C@@H]12,0.0926,False,0.133,0.0023,0.3532,0.9742
1202,,CHEMBL158,AZTREONAM,C[C@H]1[C@H](NC(=O)/C(=N\OC(C)(C)C(=O)O)c2csc(N)n2)C(=O)N1S(=O)(=O)O,0.0925,False,0.188,0.0138,0.3644,0.157
1203,273.0,CHEMBL608,PROBUCOL,CC(C)(Sc1cc(C(C)(C)C)c(O)c(C(C)(C)C)c1)Sc1cc(C(C)(C)C)c(O)c(C(C)(C)C)c1,0.0923,True,0.4,0.6699,0.01,0.1175
1204,,CHEMBL1624126,XANTHINOL,CN(CCO)CC(O)Cn1cnc2c1c(=O)n(C)c(=O)n2C,0.0923,False,0.226,0.0339,0.0235,0.9882
1205,,CHEMBL2219414,ERAVACYCLINE DIHYDROCHLORIDE,CN(C)[C@@H]1C(O)=C(C(N)=O)C(=O)[C@@]2(O)C(O)=C3C(=O)c4c(O)c(NC(=O)CN5CCCC5)cc(F)c4C[C@H]3C[C@@H]12.Cl.Cl,0.0921,False,0.225,0.0021,0.3882,0.9742
1206,,CHEMBL464,ETRETINATE,CCOC(=O)/C=C(C)/C=C/C=C(C)/C=C/c1c(C)cc(OC)c(C)c1C,0.092,False,0.246,0.0528,0.0194,0.7588
1207,,CHEMBL781,MAZINDOL,OC1(c2ccc(Cl)cc2)c2ccccc2C2=NCCN21,0.092,False,0.242,0.0043,0.4417,0.4117
1208,,CHEMBL3989933,ETRASIMOD ARGININE,N=C(N)NCCC[C@@H](N)C(=O)O.O=C(O)C[C@H]1CCc2c1[nH]c1ccc(OCc3ccc(C4CCCC4)c(C(F)(F)F)c3)cc21,0.0918,False,0.236,0.0226,0.0348,0.9813
1209,,CHEMBL1214,CARBENICILLIN,CC1(C)S[C@@H]2[C@H](NC(=O)C(C(=O)O)c3ccccc3)C(=O)N2[C@H]1C(=O)O,0.0915,False,0.205,0.0274,0.3147,0.0888
1210,,CHEMBL980,GUAIFENESIN,COc1ccccc1OCC(O)CO,0.0915,False,0.387,0.0159,0.0508,0.9467
1211,,CHEMBL1201234,MEPHENTERMINE,CNC(C)(C)Cc1ccccc1,0.0915,False,0.265,0.0376,0.0427,0.4772
1212,,CHEMBL1002,LEVOSALBUTAMOL,CC(C)(C)NC[C@H](O)c1ccc(O)c(CO)c1,0.0915,False,0.215,0.0026,0.3351,0.8716
1213,,CHEMBL441738,AFAMELANOTIDE,CCCC[C@H](NC(=O)[C@H](CO)NC(=O)[C@H](Cc1ccc(O)cc1)NC(=O)[C@H](CO)NC(C)=O)C(=O)N[C@@H](CCC(=O)O)C(=O)N[C@@H](Cc1c[nH]cn1)C(=O)N[C@H](Cc1ccccc1)C(=O)N[C@@H](CCCNC(=N)N)C(=O)N[C@@H](Cc1c[nH]c2ccccc12)C(=O)NCC(=O)N[C@@H](CCCCN)C(=O)N1CCC[C@H]1C(=O)N[C@H](C(N)=O)C(C)C,0.0913,False,0.273,0.001,0.7505,0.9919
1214,,CHEMBL1675,VITAMIN A PALMITATE,CCCCCCCCCCCCCCCC(=O)OC/C=C(C)/C=C/C=C(C)/C=C/C1=C(C)CCCC1(C)C,0.0911,False,0.218,0.0061,0.1437,0.868
1215,,CHEMBL345714,ACIPIMOX,Cc1cnc(C(=O)O)c[n+]1[O-],0.0911,False,0.259,0.0141,0.7982,0.0671
1216,,CHEMBL714,ALBUTEROL,CC(C)(C)NCC(O)c1ccc(O)c(CO)c1,0.091,False,0.215,0.0106,0.1637,0.4334
1217,,CHEMBL3707372,VOXILAPREVIR,CC[C@@H]1[C@@H]2CN(C(=O)[C@H](C(C)(C)C)NC(=O)O[C@@H]3C[C@H]3CCCCC(F)(F)c3nc4ccc(OC)cc4nc3O2)[C@@H]1C(=O)N[C@]1(C(=O)NS(=O)(=O)C2(C)CC2)C[C@H]1C(C)C,0.0909,False,0.195,0.005,0.2149,0.6963
1218,,CHEMBL203266,TRIMETAZIDINE,COc1ccc(CN2CCNCC2)c(OC)c1OC,0.0909,False,0.275,0.0494,0.0186,0.8165
1219,,CHEMBL252556,IDEBENONE,COC1=C(OC)C(=O)C(CCCCCCCCCCO)=C(C)C1=O,0.0908,False,0.207,0.0057,0.2376,0.5579
1220,,CHEMBL425,OLSALAZINE,O=C(O)c1cc(/N=N/c2ccc(O)c(C(=O)O)c2)ccc1O,0.0907,False,0.261,0.0172,0.7504,0.0578
1221,,CHEMBL998,LORATADINE,CCOC(=O)N1CCC(=C2c3ccc(Cl)cc3CCc3cccnc32)CC1,0.0907,False,0.292,0.0154,0.2092,0.2325
1222,,CHEMBL219916,DOMPERIDONE,O=c1[nH]c2ccccc2n1CCCN1CCC(n2c(=O)[nH]c3cc(Cl)ccc32)CC1,0.0906,False,0.293,0.0271,0.152,0.1809
1223,,CHEMBL12856,INAMRINONE,Nc1cc(-c2ccncc2)c[nH]c1=O,0.0906,False,0.438,0.0731,0.2712,0.0375
1224,274.0,CHEMBL1404,RANOLAZINE,COc1ccccc1OCC(O)CN1CCN(CC(=O)Nc2c(C)cccc2C)CC1,0.0904,True,0.414,0.0059,0.1294,0.9683
1225,275.0,CHEMBL4594250,NETARSUDIL,Cc1ccc(C(=O)OCc2ccc([C@@H](CN)C(=O)Nc3ccc4cnccc4c3)cc2)c(C)c1,0.0904,True,0.31,0.007,0.6014,0.1758
1226,,CHEMBL1221,SULCONAZOLE,Clc1ccc(CSC(Cn2ccnc2)c2ccc(Cl)cc2Cl)cc1,0.0902,False,0.273,0.6509,0.0287,0.0392
1227,276.0,CHEMBL951,IOPHENDYLATE,CCOC(=O)CCCCCCCCC(C)c1ccc(I)cc1,0.0898,True,0.305,0.8549,0.0147,0.0578
1228,,CHEMBL1201784,HEXAMINOLEVULINATE,CCCCCCOC(=O)CCC(=O)CN,0.0897,False,0.211,0.0052,0.1918,0.7213
1229,,CHEMBL592,LEVORPHANOL,CN1CC[C@]23CCCC[C@H]2[C@H]1Cc1ccc(O)cc13,0.0896,False,0.207,0.0017,0.6044,0.7102
1230,,CHEMBL1200991,CARBENICILLIN INDANYL SODIUM,CC1(C)S[C@@H]2[C@H](NC(=O)C(C(=O)Oc3ccc4c(c3)CCC4)c3ccccc3)C(=O)N2[C@H]1C(=O)[O-].[Na+],0.0895,False,0.233,0.0159,0.2572,0.1754
1231,,CHEMBL376897,METHSCOPOLAMINE,C[N+]1(C)[C@@H]2C[C@@H](OC(=O)[C@H](CO)c3ccccc3)C[C@H]1[C@@H]1O[C@@H]12,0.0894,False,0.242,0.0068,0.1779,0.5954
1232,,CHEMBL221959,TOFACITINIB,C[C@@H]1CCN(C(=O)CC#N)C[C@@H]1N(C)c1ncnc2[nH]ccc12,0.0893,False,0.265,0.0076,0.1812,0.514
1233,,CHEMBL1200937,DALFOPRISTIN,CCN(CC)CCS(=O)(=O)[C@@H]1CCN2C(=O)c3coc(n3)CC(=O)C[C@H](O)/C=C(C)/C=C/CNC(=O)/C=C/[C@@H](C)[C@@H](C(C)C)OC(=O)[C@@H]12,0.0892,False,0.176,0.0131,0.2293,0.2372
1234,,CHEMBL2103784,COSYNTROPIN,CSCC[C@H](NC(=O)[C@H](CO)NC(=O)[C@H](Cc1ccc(O)cc1)NC(=O)[C@@H](N)CO)C(=O)N[C@@H](CCC(=O)O)C(=O)N[C@@H](Cc1c[nH]cn1)C(=O)N[C@@H](Cc1ccccc1)C(=O)N[C@@H](CCCNC(=N)N)C(=O)N[C@@H](Cc1c[nH]c2ccccc12)C(=O)NCC(=O)N[C@@H](CCCCN)C(=O)N1CCC[C@H]1C(=O)N[C@H](C(=O)NCC(=O)N[C@@H](CCCCN)C(=O)N[C@@H](CCCCN)C(=O)N[C@@H](CCCNC(=N)N)C(=O)N[C@@H](CCCNC(=N)N)C(=O)N1CCC[C@H]1C(=O)N[C@H](C(=O)N[C@@H](CCCCN)C(=O)N[C@H](C(=O)N[C@@H](Cc1ccc(O)cc1)C(=O)N1CCC[C@H]1C(=O)O)C(C)C)C(C)C)C(C)C,0.0891,False,0.232,0.001,0.6927,0.992
1235,,CHEMBL361497,ARTESUNATE,C[C@H]1[C@H](OC(=O)CCC(=O)O)O[C@@H]2O[C@@]3(C)CC[C@H]4[C@H](C)CC[C@@H]1[C@@]24OO3,0.089,False,0.141,0.001,0.7879,0.9148
1236,,CHEMBL595,PIOGLITAZONE,CCc1ccc(CCOc2ccc(CC3SC(=O)NC3=O)cc2)nc1,0.0887,False,0.24,0.0051,0.6248,0.2177
1237,,CHEMBL1514,LEVOMETHADYL ACETATE,CC[C@H](OC(C)=O)C(C[C@H](C)N(C)C)(c1ccccc1)c1ccccc1,0.0886,False,0.25,0.0097,0.144,0.4987
1238,277.0,CHEMBL1909072,PIPAMAZINE,NC(=O)C1CCN(CCCN2c3ccccc3Sc3ccc(Cl)cc32)CC1,0.0885,True,0.308,0.0082,0.1021,0.8293
1239,,CHEMBL1428,NIMODIPINE,COCCOC(=O)C1=C(C)NC(C)=C(C(=O)OC(C)C)C1c1cccc([N+](=O)[O-])c1,0.0885,False,0.25,0.0061,0.3456,0.3268
1240,,CHEMBL436,TOLRESTAT,COc1ccc2c(C(=S)N(C)CC(=O)O)cccc2c1C(F)(F)F,0.088,False,0.244,0.0666,0.0463,0.2209
1241,,CHEMBL376140,TIGECYCLINE,CN(C)c1cc(NC(=O)CNC(C)(C)C)c(O)c2c1C[C@H]1C[C@H]3[C@H](N(C)C)C(O)=C(C(N)=O)C(=O)[C@@]3(O)C(O)=C1C2=O,0.0879,False,0.185,0.0042,0.1628,0.9914
1242,278.0,CHEMBL1200798,TRAZODONE HYDROCHLORIDE,Cl.O=c1n(CCCN2CCN(c3cccc(Cl)c3)CC2)nc2ccccn12,0.0879,True,0.356,0.0145,0.095,0.4938
1243,,CHEMBL493,BROMOCRIPTINE,CC(C)C[C@H]1C(=O)N2CCC[C@H]2[C@]2(O)O[C@](NC(=O)[C@@H]3C=C4c5cccc6[nH]c(Br)c(c56)C[C@H]4N(C)C3)(C(C)C)C(=O)N12,0.0878,False,0.214,0.0041,0.4606,0.3607
1244,279.0,CHEMBL1671,PROPRANOLOL HYDROCHLORIDE,CC(C)NCC(O)COc1cccc2ccccc12.Cl,0.0878,True,0.303,0.0136,0.0498,0.996
1245,,CHEMBL542541,HYDRALAZINE HYDROCHLORIDE,Cl.NNc1nncc2ccccc12,0.0878,False,0.304,0.1095,0.1602,0.0386
1246,,CHEMBL4298139,SERDEXMETHYLPHENIDATE CHLORIDE,COC(=O)[C@H](c1ccccc1)[C@H]1CCCCN1C(=O)OC[n+]1cccc(C(=O)N[C@@H](CO)C(=O)O)c1.[Cl-],0.0875,False,0.252,0.004,0.5257,0.3223
1247,,CHEMBL1128,EDROPHONIUM CHLORIDE,CC[N+](C)(C)c1cccc(O)c1.[Cl-],0.0874,False,0.3,0.1374,0.4721,0.0103
1248,,CHEMBL174,AMPICILLIN,CC1(C)S[C@@H]2[C@H](NC(=O)[C@H](N)c3ccccc3)C(=O)N2[C@H]1C(=O)O,0.0874,False,0.205,0.014,0.3393,0.1404
1249,,CHEMBL144673,HEXETIDINE,CCCCC(CC)CN1CN(CC(CC)CCCC)CC(C)(N)C1,0.0872,False,0.162,0.0171,0.039,0.9948
1250,,CHEMBL967,TEMAZEPAM,CN1C(=O)C(O)N=C(c2ccccc2)c2cc(Cl)ccc21,0.0872,False,0.273,0.0356,0.1719,0.1083
1251,,CHEMBL3137309,VENETOCLAX,CC1(C)CCC(CN2CCN(c3ccc(C(=O)NS(=O)(=O)c4ccc(NCC5CCOCC5)c([N+](=O)[O-])c4)c(Oc4cnc5[nH]ccc5c4)c3)CC2)=C(c2ccc(Cl)cc2)C1,0.0871,False,0.248,0.0258,0.1133,0.2263
1252,280.0,CHEMBL2106155,ENCAINIDE HYDROCHLORIDE,COc1ccc(C(=O)Nc2ccccc2CCC2CCCCN2C)cc1.Cl,0.087,True,0.309,0.0023,0.5081,0.5662
1253,,CHEMBL127516,BUTAMBEN,CCCCOC(=O)c1ccc(N)cc1,0.0868,False,0.305,0.0012,0.7094,0.7659
1254,,CHEMBL1200758,AMPICILLIN SODIUM,CC1(C)S[C@@H]2[C@H](NC(=O)[C@H](N)c3ccccc3)C(=O)N2[C@H]1C(=O)[O-].[Na+],0.0867,False,0.202,0.0132,0.3785,0.1306
1255,,CHEMBL578767,FLUMEXADOL,FC(F)(F)c1cccc(C2CNCCO2)c1,0.0866,False,0.246,0.0176,0.0487,0.7582
1256,,CHEMBL1190,DECAMETHONIUM,C[N+](C)(C)CCCCCCCCCC[N+](C)(C)C,0.0864,False,0.083,0.0664,0.0212,0.4585
1257,281.0,CHEMBL1200977,MILRINONE LACTATE,CC(O)C(=O)O.Cc1[nH]c(=O)c(C#N)cc1-c1ccncc1,0.0862,True,0.309,0.0914,0.6044,0.0116
1258,,CHEMBL1200510,ERYTHROMYCIN STEARATE,CCCCCCCCCCCCCCCCCC(=O)O.CC[C@H]1OC(=O)[C@H](C)[C@@H](O[C@H]2C[C@@](C)(OC)[C@@H](O)[C@H](C)O2)[C@H](C)[C@@H](O[C@@H]2O[C@H](C)C[C@H](N(C)C)[C@H]2O)[C@](C)(O)C[C@@H](C)C(=O)[C@H](C)[C@@H](O)[C@]1(C)O,0.0862,False,0.162,0.0034,0.189,0.9887
1259,,CHEMBL76370,TEGASEROD,CCCCCNC(=N)N/N=C/c1c[nH]c2ccc(OC)cc12,0.0861,False,0.26,0.0007,0.923,0.9857
1260,,CHEMBL408,TROGLITAZONE,Cc1c(C)c2c(c(C)c1O)CCC(C)(COc1ccc(CC3SC(=O)NC3=O)cc1)O2,0.0858,False,0.2,0.0138,0.0489,0.9352
1261,,CHEMBL1200916,THIORIDAZINE HYDROCHLORIDE,CSc1ccc2c(c1)N(CCC1CCCCN1C)c1ccccc1S2.Cl,0.0854,False,0.231,0.0237,0.0264,0.994
1262,,CHEMBL298470,TAFENOQUINE,COc1cc(C)c2c(Oc3cccc(C(F)(F)F)c3)c(OC)cc(NC(C)CCCN)c2n1,0.0853,False,0.255,0.0885,0.0563,0.1246
1263,,CHEMBL1359,ERTAPENEM,C[C@@H](O)[C@H]1C(=O)N2C(C(=O)O)=C(S[C@@H]3CN[C@H](C(=O)Nc4cccc(C(=O)O)c4)C3)[C@H](C)[C@H]12,0.0849,False,0.247,0.0019,0.4414,0.7458
1264,,CHEMBL2364968,ERGOLOID,CC(C)C[C@H]1C(=O)N2CCC[C@H]2[C@]2(O)O[C@](NC(=O)[C@@H]3C[C@@H]4c5cccc6[nH]cc(c56)C[C@H]4N(C)C3)(C(C)C)C(=O)N12.CC(C)[C@@]1(NC(=O)[C@@H]2C[C@@H]3c4cccc5[nH]cc(c45)C[C@H]3N(C)C2)O[C@@]2(O)[C@@H]3CCCN3C(=O)[C@H](Cc3ccccc3)N2C1=O.CC(C)[C@H]1C(=O)N2CCC[C@H]2[C@]2(O)O[C@](NC(=O)[C@@H]3C[C@@H]4c5cccc6[nH]cc(c56)C[C@H]4N(C)C3)(C(C)C)C(=O)N12.CCC(C)[C@H]1C(=O)N2CCC[C@H]2[C@]2(O)O[C@](NC(=O)[C@@H]3C[C@@H]4c5cccc6[nH]cc(c56)C[C@H]4N(C)C3)(C(C)C)C(=O)N12,0.0848,False,0.193,0.0015,0.6119,0.6795
1265,,CHEMBL1200773,TOCAINIDE HYDROCHLORIDE,Cc1cccc(C)c1NC(=O)C(C)N.Cl,0.0845,False,0.327,0.1699,0.409,0.0087
1266,,CHEMBL669,CYCLOBENZAPRINE,CN(C)CCC=C1c2ccccc2C=Cc2ccccc21,0.0843,False,0.235,0.229,0.0578,0.0452
1267,282.0,CHEMBL3989562,TERAZOSIN HYDROCHLORIDE,COc1cc2nc(N3CCN(C(=O)C4CCCO4)CC3)nc(N)c2cc1OC.Cl.O.O,0.0842,True,0.392,0.0277,0.2861,0.0755
1268,,CHEMBL186,CEFEPIME,CO/N=C(\C(=O)N[C@@H]1C(=O)N2C(C(=O)[O-])=C(C[N+]3(C)CCCC3)CS[C@H]12)c1csc(N)n1,0.0842,False,0.168,0.0034,0.3237,0.5352
1269,,CHEMBL1762,TOCAINIDE,Cc1cccc(C)c1NC(=O)C(C)N,0.0842,False,0.333,0.1699,0.3746,0.0094
1270,,CHEMBL406,INDAPAMIDE,CC1Cc2ccccc2N1NC(=O)c1ccc(Cl)c(S(N)(=O)=O)c1,0.0841,False,0.299,0.1587,0.0746,0.0503
1271,283.0,CHEMBL305660,EBASTINE,CC(C)(C)c1ccc(C(=O)CCCN2CCC(OC(c3ccccc3)c3ccccc3)CC2)cc1,0.0839,True,0.375,0.0216,0.0811,0.3384
1272,,CHEMBL1201020,DISOPYRAMIDE PHOSPHATE,CC(C)N(CCC(C(N)=O)(c1ccccc1)c1ccccn1)C(C)C.O=P(O)(O)O,0.0838,False,0.239,0.018,0.1224,0.2669
1273,,CHEMBL1200896,DINOPROST TROMETHAMINE,CCCCC[C@H](O)/C=C/[C@@H]1[C@@H](C/C=C\CCCC(=O)O)[C@@H](O)C[C@H]1O.NC(CO)(CO)CO,0.0838,False,0.172,0.0047,0.1554,0.8066
1274,,CHEMBL1201289,CLINDAMYCIN PALMITATE,CCCCCCCCCCCCCCCC(=O)O[C@@H]1[C@@H](O)[C@@H](O)[C@@H]([C@H](NC(=O)[C@@H]2C[C@@H](CCC)CN2C)[C@H](C)Cl)O[C@@H]1SC,0.0838,False,0.181,0.0358,0.0168,0.9805
1275,,CHEMBL1528839,PHENFORMIN HYDROCHLORIDE,Cl.N=C(N)NC(=N)NCCc1ccccc1,0.0838,False,0.274,0.0015,0.5359,0.7551
1276,,CHEMBL1574,PHENTERMINE,CC(C)(N)Cc1ccccc1,0.0836,False,0.227,0.1165,0.0358,0.1402
1277,,CHEMBL911,ZOLPIDEM,Cc1ccc(-c2nc3ccc(C)cn3c2CC(=O)N(C)C)cc1,0.0833,False,0.266,0.0265,0.0232,0.9413
1278,,CHEMBL6068333,CLOPIDOGREL BESILATE,COC(=O)[C@H](c1ccccc1Cl)N1CCc2sccc2C1.O=S(=O)(O)c1ccccc1,0.0833,False,0.238,0.0688,0.0095,0.8798
1279,,CHEMBL1201052,MESORIDAZINE BESYLATE,CN1CCCCC1CCN1c2ccccc2Sc2ccc([S+](C)[O-])cc21.O=S(=O)(O)c1ccccc1,0.0832,False,0.253,0.023,0.0323,0.7758
1280,,CHEMBL3233142,LUMATEPERONE TOSYLATE,CN1CCN2c3c(cccc31)[C@@H]1CN(CCCC(=O)c3ccc(F)cc3)CC[C@@H]12.Cc1ccc(S(=O)(=O)O)cc1,0.0831,False,0.264,0.0041,0.3299,0.4234
1281,,CHEMBL489411,AMOROLFINE,CCC(C)(C)c1ccc(CC(C)CN2C[C@@H](C)O[C@@H](C)C2)cc1,0.0829,False,0.207,0.0164,0.0382,0.9068
1282,,CHEMBL1180725,PROPANTHELINE,CC(C)[N+](C)(CCOC(=O)C1c2ccccc2Oc2ccccc21)C(C)C,0.0827,False,0.215,0.0158,0.0623,0.5765
1283,,CHEMBL1201785,HEXAMINOLEVULINATE HYDROCHLORIDE,CCCCCCOC(=O)CCC(=O)CN.Cl,0.0827,False,0.207,0.0091,0.1344,0.4638
1284,,CHEMBL1200437,QUINIDINE GLUCONATE,C=C[C@H]1CN2CC[C@H]1C[C@@H]2[C@@H](O)c1ccnc2ccc(OC)cc12.O=C(O)[C@H](O)[C@@H](O)[C@H](O)[C@H](O)CO,0.0824,False,0.284,0.0098,0.1267,0.4525
1285,,CHEMBL1200530,CEFOXITIN SODIUM,CO[C@@]1(NC(=O)Cc2cccs2)C(=O)N2C(C(=O)[O-])=C(COC(N)=O)CS[C@@H]21.[Na+],0.0823,False,0.22,0.0023,0.7205,0.3304
1286,,CHEMBL1201147,OCTOCRYLENE,CCCCC(CC)COC(=O)C(C#N)=C(c1ccccc1)c1ccccc1,0.082,False,0.242,0.0229,0.1068,0.2252
1287,,CHEMBL4301162,SERDEXMETHYLPHENIDATE,COC(=O)[C@H](c1ccccc1)[C@H]1CCCCN1C(=O)OC[n+]1cccc(C(=O)N[C@@H](CO)C(=O)O)c1,0.0818,False,0.255,0.0035,0.5163,0.3057
1288,,CHEMBL1200377,AMPHETAMINE ASPARTATE,CC(N)Cc1ccccc1.NC(CC(=O)O)C(=O)O,0.0818,False,0.276,0.0017,0.5186,0.6277
1289,,CHEMBL2181927,FINERENONE,CCOc1ncc(C)c2c1[C@H](c1ccc(C#N)cc1OC)C(C(N)=O)=C(C)N2,0.0816,False,0.28,0.0044,0.7904,0.156
1290,,CHEMBL1909288,TRIACETYLDIPHENOLISATIN,CC(=O)Oc1ccc(C2(c3ccc(OC(C)=O)cc3)C(=O)N(C(C)=O)c3ccccc32)cc1,0.0815,False,0.298,0.0021,0.5714,0.4576
1291,,CHEMBL499,TIMOLOL,CC(C)(C)NC[C@H](O)COc1nsnc1N1CCOCC1,0.0815,False,0.275,0.0122,0.0448,0.9882
1292,284.0,CHEMBL1201222,LISDEXAMFETAMINE,C[C@@H](Cc1ccccc1)NC(=O)[C@@H](N)CCCCN,0.0813,True,0.302,0.0027,0.2087,0.9566
1293,,CHEMBL3544986,PERINDOPRIL ARGININE,CCC[C@H](N[C@@H](C)C(=O)N1[C@H](C(=O)O)C[C@@H]2CCCC[C@@H]21)C(=O)OCC.N=C(N)NCCC[C@H](N)C(=O)O,0.0813,False,0.222,0.0017,0.3351,0.9484
1294,,CHEMBL494,ILOPROST,CC#CCC(C)[C@H](O)/C=C/[C@@H]1[C@H]2C/C(=C/CCCC(=O)O)C[C@H]2C[C@H]1O,0.0813,False,0.169,0.004,0.1502,0.8917
1295,,CHEMBL1008,BEPRIDIL,CC(C)COCC(CN(Cc1ccccc1)c1ccccc1)N1CCCC1,0.0813,False,0.24,0.0131,0.0415,0.988
1296,,CHEMBL1596,CARBENICILLIN INDANYL,CC1(C)S[C@@H]2[C@H](NC(=O)C(C(=O)Oc3ccc4c(c3)CCC4)c3ccccc3)C(=O)N2[C@H]1C(=O)O,0.0813,False,0.241,0.0144,0.232,0.1607
1297,,CHEMBL1065,METHYSERGIDE,CC[C@@H](CO)NC(=O)[C@@H]1C=C2c3cccc4c3c(cn4C)C[C@H]2N(C)C1,0.0812,False,0.239,0.0122,0.0444,0.9902
1298,,CHEMBL1000,CETIRIZINE,O=C(O)COCCN1CCN(C(c2ccccc2)c2ccc(Cl)cc2)CC1,0.0812,False,0.262,0.0067,0.5313,0.1503
1299,,CHEMBL1201264,METHANTHELINE,CC[N+](C)(CC)CCOC(=O)C1c2ccccc2Oc2ccccc21,0.0812,False,0.238,0.0111,0.0608,0.7945
1300,,CHEMBL6437,MIANSERIN,CN1CCN2c3ccccc3Cc3ccccc3C2C1,0.0812,False,0.222,0.0123,0.0463,0.9393
1301,,CHEMBL3317857,VABORBACTAM,O=C(O)C[C@@H]1CC[C@H](NC(=O)Cc2cccs2)B(O)O1,0.081,False,0.244,0.0076,0.3097,0.2254
1302,,CHEMBL3989944,DIROXIMEL FUMARATE,COC(=O)/C=C/C(=O)OCCN1C(=O)CCC1=O,0.081,False,0.206,0.021,0.4894,0.0518
1303,,CHEMBL538943,VINORELBINE TARTRATE,CCC1=C[C@@H]2CN(C1)Cc1c([nH]c3ccccc13)[C@@](C(=O)OC)(c1cc3c(cc1OC)N(C)[C@H]1[C@@](O)(C(=O)OC)[C@H](OC(C)=O)[C@]4(CC)C=CCN5CC[C@]31[C@@H]54)C2.O=C(O)C(O)C(O)C(=O)O.O=C(O)C(O)C(O)C(=O)O,0.0807,False,0.189,0.0009,0.9608,0.6381
1304,,CHEMBL44884,ETHAMBUTOL,CC[C@@H](CO)NCCN[C@@H](CC)CO,0.0806,False,0.154,0.026,0.0253,0.7962
1305,,CHEMBL218291,FORODESINE,O=c1[nH]cnc2c([C@@H]3N[C@H](CO)[C@@H](O)[C@H]3O)c[nH]c12,0.0806,False,0.273,0.0254,0.0285,0.7228
1306,,CHEMBL54,HALOPERIDOL,O=C(CCCN1CCC(O)(c2ccc(Cl)cc2)CC1)c1ccc(F)cc1,0.0805,False,0.297,0.0045,0.2926,0.3964
1307,,CHEMBL1951095,ERAVACYCLINE,CN(C)[C@@H]1C(O)=C(C(N)=O)C(=O)[C@@]2(O)C(O)=C3C(=O)c4c(O)c(NC(=O)CN5CCCC5)cc(F)c4C[C@H]3C[C@@H]12,0.0804,False,0.227,0.0016,0.3363,0.9706
1308,,CHEMBL734,ACETOHYDROXAMIC ACID,CC(=O)NO,0.0804,False,0.222,0.0014,0.5068,0.7373
1309,285.0,CHEMBL178803,BLONANSERIN,CCN1CCN(c2cc(-c3ccc(F)cc3)c3c(n2)CCCCCC3)CC1,0.0803,True,0.32,0.0372,0.014,0.9946
1310,,CHEMBL1200569,CAFFEINE CITRATE,Cn1c(=O)c2c(ncn2C)n(C)c1=O.O=C(O)CC(O)(CC(=O)O)C(=O)O,0.08,False,0.238,0.1042,0.1784,0.0275
1311,286.0,CHEMBL1073,GLIPIZIDE,Cc1cnc(C(=O)NCCc2ccc(S(=O)(=O)NC(=O)NC3CCCCC3)cc2)cn1,0.0798,True,0.308,0.0011,0.6417,0.6886
1312,,CHEMBL1138,EZETIMIBE,O=C1[C@H](CC[C@H](O)c2ccc(F)cc2)[C@@H](c2ccc(O)cc2)N1c1ccc(F)cc1,0.0798,False,0.213,0.0031,0.5097,0.3212
1313,,CHEMBL846,CALCITRIOL,C=C1/C(=C\C=C2/CCC[C@]3(C)[C@@H]([C@H](C)CCCC(C)(C)O)CC[C@@H]23)C[C@@H](O)C[C@@H]1O,0.0797,False,0.125,0.0113,0.0664,0.6743
1314,287.0,CHEMBL621,TRAZODONE,O=c1n(CCCN2CCN(c3cccc(Cl)c3)CC2)nc2ccccn12,0.0797,True,0.361,0.0137,0.0809,0.4577
1315,288.0,CHEMBL1628504,RILPIVIRINE HYDROCHLORIDE,Cc1cc(/C=C/C#N)cc(C)c1Nc1ccnc(Nc2ccc(C#N)cc2)n1.Cl,0.0797,True,0.329,0.0727,0.433,0.0161
1316,,CHEMBL3182320,TROXERUTIN,C[C@@H]1O[C@@H](OC[C@H]2O[C@@H](Oc3c(-c4ccc(OCCO)c(OCCO)c4)oc4cc(OCCO)cc(O)c4c3=O)[C@H](O)[C@@H](O)[C@@H]2O)[C@H](O)[C@H](O)[C@H]1O,0.0796,False,0.25,0.0249,0.0767,0.2643
1317,,CHEMBL1664,FOSAMPRENAVIR,CC(C)CN(C[C@@H](OP(=O)(O)O)[C@H](Cc1ccccc1)NC(=O)O[C@H]1CCOC1)S(=O)(=O)c1ccc(N)cc1,0.0796,False,0.213,0.0073,0.199,0.3467
1318,,CHEMBL1200379,APRACLONIDINE HYDROCHLORIDE,Cl.Nc1cc(Cl)c(N=C2NCCN2)c(Cl)c1,0.0794,False,0.183,0.1732,0.0433,0.0666
1319,,CHEMBL253376,BROMHEXINE,CN(Cc1cc(Br)cc(Br)c1N)C1CCCCC1,0.0793,False,0.256,0.3531,0.0152,0.0927
1320,,CHEMBL2105566,FENPROPOREX,CC(Cc1ccccc1)NCCC#N,0.0793,False,0.226,0.0068,0.099,0.7394
1321,,CHEMBL354077,AMIFAMPRIDINE,Nc1ccncc1N,0.0791,False,0.282,0.0457,0.674,0.0161
1322,289.0,CHEMBL3301594,FOSTEMSAVIR,COc1cnc(-n2cnc(C)n2)c2c1c(C(=O)C(=O)N1CCN(C(=O)c3ccccc3)CC1)cn2COP(=O)(O)O,0.0789,True,0.302,0.0776,0.1277,0.0495
1323,,CHEMBL730,NITROGLYCERIN,O=[N+]([O-])OCC(CO[N+](=O)[O-])O[N+](=O)[O-],0.0789,False,0.161,0.0118,0.417,0.1001
1324,,CHEMBL1200729,CHLORAMPHENICOL SODIUM SUCCINATE,O=C([O-])CCC(=O)OC[C@@H](NC(=O)C(Cl)Cl)[C@H](O)c1ccc([N+](=O)[O-])cc1.[Na+],0.0788,False,0.25,0.0126,0.1381,0.2819
1325,,CHEMBL2028661,AZILSARTAN MEDOXOMIL,CCOc1nc2cccc(C(=O)OCc3oc(=O)oc3C)c2n1Cc1ccc(-c2ccccc2-c2noc(=O)[nH]2)cc1,0.0787,False,0.279,0.0785,0.0891,0.0696
1326,,CHEMBL1201328,CARPHENAZINE,CCC(=O)c1ccc2c(c1)N(CCCN1CCN(CCO)CC1)c1ccccc1S2,0.0787,False,0.287,0.0068,0.0746,0.9642
1327,,CHEMBL1046,AMINOCAPROIC ACID,NCCCCCC(=O)O,0.0787,False,0.324,0.0024,0.2405,0.845
1328,,CHEMBL1237105,CARBOPROST TROMETHAMINE,CCCCC[C@](C)(O)/C=C/[C@@H]1[C@@H](C/C=C\CCCC(=O)O)[C@@H](O)C[C@H]1O.NC(CO)(CO)CO,0.0787,False,0.169,0.0048,0.1352,0.7542
1329,,CHEMBL1201731,NEBIVOLOL HYDROCHLORIDE,Cl.OC(CNCC(O)C1CCc2cc(F)ccc2O1)C1CCc2cc(F)ccc2O1,0.0786,False,0.224,0.0373,0.0144,0.9075
1330,,CHEMBL419213,LISINOPRIL,NCCCC[C@H](N[C@@H](CCc1ccccc1)C(=O)O)C(=O)N1CCC[C@H]1C(=O)O.O.O,0.0785,False,0.257,0.002,0.2888,0.8403
1331,,CHEMBL918,PHENACEMIDE,NC(=O)NC(=O)Cc1ccccc1,0.0783,False,0.405,0.0008,0.946,0.6696
1332,,CHEMBL9,NORFLOXACIN,CCn1cc(C(=O)O)c(=O)c2cc(F)c(N3CCNCC3)cc21,0.0783,False,0.253,0.024,0.0687,0.2914
1333,,CHEMBL2364617,MACIMORELIN ACETATE,CC(=O)O.CC(C)(N)C(=O)N[C@H](Cc1c[nH]c2ccccc12)C(=O)N[C@H](Cc1c[nH]c2ccccc12)NC=O,0.0783,False,0.286,0.0009,0.5567,0.9583
1334,,CHEMBL3187246,METHAPYRILENE FUMARATE,CN(C)CCN(Cc1cccs1)c1ccccn1.CN(C)CCN(Cc1cccs1)c1ccccn1.O=C(O)/C=C/C(=O)O.O=C(O)/C=C/C(=O)O.O=C(O)/C=C/C(=O)O,0.0782,False,0.269,0.068,0.106,0.0664
1335,290.0,CHEMBL1874750,CINEPAZIDE,COc1cc(/C=C/C(=O)N2CCN(CC(=O)N3CCCC3)CC2)cc(OC)c1OC,0.0781,True,0.352,0.0191,0.3908,0.0636
1336,291.0,CHEMBL70972,SERATRODAST,CC1=C(C)C(=O)C(C(CCCCCC(=O)O)c2ccccc2)=C(C)C1=O,0.0781,True,0.306,0.0034,0.189,0.7418
1337,,CHEMBL1237044,TRAMADOL,COc1cccc(C2(O)CCCCC2CN(C)C)c1,0.0781,False,0.275,0.002,0.2508,0.9303
1338,,CHEMBL70418,CLOBAZAM,CN1C(=O)CC(=O)N(c2ccccc2)c2cc(Cl)ccc21,0.078,False,0.298,0.0284,0.4579,0.0365
1339,292.0,CHEMBL1201256,TRIMETHOBENZAMIDE,COc1cc(C(=O)NCc2ccc(OCCN(C)C)cc2)cc(OC)c1OC,0.0779,True,0.38,0.0058,0.2432,0.3351
1340,,CHEMBL1449676,ORNIDAZOLE,Cc1ncc([N+](=O)[O-])n1CC(O)CCl,0.0778,False,0.239,0.0082,0.0602,0.9498
1341,,CHEMBL2105629,VINFLUNINE DITARTRATE,CC[C@]12C=CCN3CC[C@@]4(c5cc([C@@]6(C(=O)OC)C[C@@H]7C[C@@H](C(C)(F)F)CN(Cc8c6[nH]c6ccccc86)C7)c(OC)cc5N(C)[C@H]4[C@@](O)(C(=O)OC)[C@@H]1OC(C)=O)[C@@H]32.O=C(O)C(O)C(O)C(=O)O.O=C(O)C(O)C(O)C(=O)O,0.0778,False,0.216,0.0007,0.9491,0.6683
1342,293.0,CHEMBL27,PROPRANOLOL,CC(C)NCC(O)COc1cccc2ccccc12,0.0778,True,0.308,0.0109,0.0435,0.9964
1343,,CHEMBL1223,PENICILLIN G POTASSIUM,CC1(C)S[C@@H]2[C@H](NC(=O)Cc3ccccc3)C(=O)N2[C@H]1C(=O)[O-].[K+],0.0776,False,0.266,0.0043,0.2653,0.4138
1344,,CHEMBL550495,METHYLENE BLUE,CN(C)c1ccc2nc3ccc(=[N+](C)C)cc-3sc2c1.O.O.O.[Cl-],0.0776,False,0.263,0.1202,0.4143,0.0094
1345,,CHEMBL1104,EDROPHONIUM,CC[N+](C)(C)c1cccc(O)c1,0.0776,False,0.308,0.1068,0.425,0.0103
1346,,CHEMBL2364638,UBROGEPANT,C[C@@H]1[C@H](c2ccccc2)C[C@H](NC(=O)c2cnc3c(c2)C[C@@]2(C3)C(=O)Nc3ncccc32)C(=O)N1CC(F)(F)F,0.0775,False,0.263,0.0248,0.019,0.9873
1347,,CHEMBL4802223,LEUPROLIDE MESYLATE,CCNC(=O)[C@@H]1CCCN1C(=O)[C@H](CCCNC(=N)N)NC(=O)[C@H](CC(C)C)NC(=O)[C@@H](CC(C)C)NC(=O)[C@H](Cc1ccc(O)cc1)NC(=O)[C@H](CO)NC(=O)[C@H](Cc1c[nH]c2ccccc12)NC(=O)[C@H](Cc1cnc[nH]1)NC(=O)[C@@H]1CCC(=O)N1.CS(=O)(=O)O,0.0774,False,0.219,0.0009,0.613,0.8193
1348,,CHEMBL3140361,ETHAMBUTOL HYDROCHLORIDE,CC[C@@H](CO)NCCN[C@@H](CC)CO.Cl.Cl,0.0773,False,0.152,0.0425,0.0227,0.4774
1349,,CHEMBL6966,VERAPAMIL,COc1ccc(CCN(C)CCCC(C#N)(c2ccc(OC)c(OC)c2)C(C)C)cc1OC,0.0773,False,0.259,0.0102,0.0864,0.5219
1350,,CHEMBL14370,REBOXETINE,CCOc1ccccc1OC(c1ccccc1)C1CNCCO1,0.0772,False,0.286,0.0154,0.0379,0.7866
1351,294.0,CHEMBL1228,OXYPHENBUTAZONE ANHYDROUS,CCCCC1C(=O)N(c2ccccc2)N(c2ccc(O)cc2)C1=O,0.0771,True,0.302,0.0034,0.5761,0.2367
1352,295.0,CHEMBL1726,NISOLDIPINE,COC(=O)C1=C(C)NC(C)=C(C(=O)OCC(C)C)C1c1ccccc1[N+](=O)[O-],0.0771,True,0.317,0.0054,0.2381,0.3588
1353,,CHEMBL1200963,BIMATOPROST,CCNC(=O)CCC/C=C\C[C@@H]1[C@@H](/C=C/[C@@H](O)CCc2ccccc2)[C@H](O)C[C@@H]1O,0.0769,False,0.243,0.0166,0.0426,0.643
1354,,CHEMBL360328,LORCASERIN,C[C@H]1CNCCc2ccc(Cl)cc21,0.0768,False,0.241,0.0613,0.0117,0.6312
1355,,CHEMBL1280,VERAPAMIL HYDROCHLORIDE,COc1ccc(CCN(C)CCCC(C#N)(c2ccc(OC)c(OC)c2)C(C)C)cc1OC.Cl,0.0768,False,0.256,0.0112,0.0829,0.4895
1356,,CHEMBL2095211,LORCASERIN HYDROCHLORIDE,C[C@H]1CNCCc2ccc(Cl)cc21.Cl,0.0766,False,0.237,0.0535,0.0136,0.6203
1357,,CHEMBL314437,MEPTAZINOL,CCC1(c2cccc(O)c2)CCCCN(C)C1,0.0765,False,0.247,0.0018,0.2662,0.937
1358,,CHEMBL1367605,RITODRINE HYDROCHLORIDE,CC(NCCc1ccc(O)cc1)C(O)c1ccc(O)cc1.Cl,0.0765,False,0.219,0.0101,0.247,0.1801
1359,296.0,CHEMBL175691,RILPIVIRINE,Cc1cc(/C=C/C#N)cc(C)c1Nc1ccnc(Nc2ccc(C#N)cc2)n1,0.0763,True,0.333,0.0686,0.4206,0.0154
1360,,CHEMBL443052,TAVABOROLE,OB1OCc2cc(F)ccc21,0.0763,False,0.2,0.0691,0.0066,0.9735
1361,,CHEMBL114,SAQUINAVIR,CC(C)(C)NC(=O)[C@@H]1C[C@@H]2CCCC[C@@H]2CN1C[C@@H](O)[C@H](Cc1ccccc1)NC(=O)[C@H](CC(N)=O)NC(=O)c1ccc2ccccc2n1,0.0761,False,0.25,0.0045,0.098,0.9889
1362,297.0,CHEMBL3833319,REVEFENACIN,CN(CCN1CCC(OC(=O)Nc2ccccc2-c2ccccc2)CC1)C(=O)c1ccc(CN2CCC(C(N)=O)CC2)cc1,0.076,True,0.329,0.0019,0.4846,0.4748
1363,,CHEMBL22097,LORMETAZEPAM,CN1C(=O)C(O)N=C(c2ccccc2Cl)c2cc(Cl)ccc21,0.076,False,0.268,0.0235,0.204,0.0916
1364,,CHEMBL1511,ESTRADIOL VALERATE,CCCCC(=O)O[C@H]1CC[C@H]2[C@@H]3CCc4cc(O)ccc4[C@H]3CC[C@]12C,0.0759,False,0.236,0.0023,0.1925,0.995
1365,,CHEMBL1550,PHYTONADIONE,CC1=C(C/C=C(\C)CCC[C@H](C)CCC[C@H](C)CCCC(C)C)C(=O)c2ccccc2C1=O,0.0758,False,0.212,0.0192,0.0478,0.4734
1366,,CHEMBL1134,DECAMETHONIUM BROMIDE,C[N+](C)(C)CCCCCCCCCC[N+](C)(C)C.[Br-].[Br-],0.0755,False,0.082,0.0493,0.0175,0.4965
1367,,CHEMBL2105689,LULICONAZOLE,N#C/C(=C1/SC[C@@H](c2ccc(Cl)cc2Cl)S1)n1ccnc1,0.0754,False,0.224,0.1134,0.0855,0.0442
1368,,CHEMBL2107381,URIDINE TRIACETATE,CC(=O)OC[C@H]1O[C@@H](n2ccc(=O)[nH]c2=O)[C@H](OC(C)=O)[C@@H]1OC(C)=O,0.0753,False,0.206,0.0049,0.3154,0.2746
1369,299.0,CHEMBL1200887,TRIMETHOBENZAMIDE HYDROCHLORIDE,COc1cc(C(=O)NCc2ccc(OCCN(C)C)cc2)cc(OC)c1OC.Cl,0.0753,True,0.375,0.0064,0.2274,0.2958
1370,298.0,CHEMBL4298149,ARIMOCLOMOL CITRATE,O=C(O)CC(O)(CC(=O)O)C(=O)O.[O-][n+]1cccc(/C(Cl)=N/OC[C@H](O)CN2CCCCC2)c1,0.0753,True,0.307,0.0099,0.3039,0.1422
1371,300.0,CHEMBL1085,ACETOPHENAZINE,CC(=O)c1ccc2c(c1)N(CCCN1CCN(CCO)CC1)c1ccccc1S2,0.0752,True,0.31,0.0083,0.0524,0.9736
1372,,CHEMBL1201255,HISTRELIN,CCNC(=O)[C@@H]1CCCN1C(=O)[C@H](CCCNC(=N)N)NC(=O)[C@H](CC(C)C)NC(=O)[C@@H](Cc1cn(Cc2ccccc2)cn1)NC(=O)[C@H](Cc1ccc(O)cc1)NC(=O)[C@H](CO)NC(=O)[C@H](Cc1c[nH]c2ccccc12)NC(=O)[C@H](Cc1cnc[nH]1)NC(=O)[C@@H]1CCC(=O)N1,0.0752,False,0.212,0.0022,0.2446,0.7822
1373,,CHEMBL1491,AMLODIPINE,CCOC(=O)C1=C(COCCN)NC(C)=C(C(=O)OC)C1c1ccccc1Cl,0.0752,False,0.25,0.0038,0.257,0.4393
1374,301.0,CHEMBL1200522,AVOBENZONE,COc1ccc(C(=O)CC(=O)c2ccc(C(C)(C)C)cc2)cc1,0.0751,True,0.455,0.0032,0.6456,0.2039
1375,,CHEMBL1201765,FESOTERODINE FUMARATE,CC(C)C(=O)Oc1ccc(CO)cc1[C@H](CCN(C(C)C)C(C)C)c1ccccc1.O=C(O)/C=C/C(=O)O,0.0751,False,0.243,0.0431,0.109,0.0901
1376,,CHEMBL74,CROMOLYN SODIUM,O=C([O-])c1cc(=O)c2c(OCC(O)COc3cccc4oc(C(=O)[O-])cc(=O)c34)cccc2o1.[Na+].[Na+],0.0751,False,0.27,0.0299,0.064,0.2215
1377,,CHEMBL4458276,ENMETAZOBACTAM,Cn1cc[n+](C[C@@]2(C)[C@H](C(=O)[O-])N3C(=O)C[C@H]3S2(=O)=O)n1,0.0748,False,0.19,0.0023,0.2219,0.8286
1378,,CHEMBL1697737,CLOTIAZEPAM,CCc1cc2c(s1)N(C)C(=O)CN=C2c1ccccc1Cl,0.0748,False,0.295,0.0153,0.0855,0.3201
1379,,CHEMBL1201057,CILASTATIN SODIUM,CC1(C)C[C@@H]1C(=O)N/C(=C\CCCCSC[C@H](N)C(=O)O)C(=O)[O-].[Na+],0.0746,False,0.192,0.003,0.2685,0.5099
1380,,CHEMBL1648,ISRADIPINE,COC(=O)C1=C(C)NC(C)=C(C(=O)OC(C)C)C1c1cccc2nonc12,0.0743,False,0.258,0.0029,0.2995,0.4647
1381,,CHEMBL122,ROFECOXIB,CS(=O)(=O)c1ccc(C2=C(c3ccccc3)C(=O)OC2)cc1,0.0742,False,0.211,0.0562,0.0577,0.1258
1382,,CHEMBL29,PENICILLIN G,CC1(C)S[C@@H]2[C@H](NC(=O)Cc3ccccc3)C(=O)N2[C@H]1C(=O)O,0.0741,False,0.279,0.0044,0.2384,0.3854
1383,302.0,CHEMBL115,INDINAVIR ANHYDROUS,CC(C)(C)NC(=O)[C@@H]1CN(Cc2cccnc2)CCN1C[C@@H](O)C[C@@H](Cc1ccccc1)C(=O)N[C@H]1c2ccccc2C[C@H]1O,0.0739,True,0.302,0.0237,0.0192,0.8874
1384,,CHEMBL61006,PHENYLPROPANOLAMINE,CC(N)C(O)c1ccccc1,0.0738,False,0.25,0.0627,0.1716,0.0373
1385,303.0,CHEMBL4071161,TIRABRUTINIB,CC#CC(=O)N1CC[C@@H](n2c(=O)n(-c3ccc(Oc4ccccc4)cc3)c3c(N)ncnc32)C1,0.0738,True,0.344,0.0188,0.3492,0.0611
1386,,CHEMBL1200636,CYCLOBENZAPRINE HYDROCHLORIDE,CN(C)CCC=C1c2ccccc2C=Cc2ccccc21.Cl,0.0735,False,0.25,0.1815,0.0617,0.0355
1387,,CHEMBL1200971,CEPHALOGLYCIN,CC(=O)OCC1=C(C(=O)O)N2C(=O)[C@@H](NC(=O)[C@H](N)c3ccccc3)[C@H]2SC1,0.0733,False,0.204,0.0041,0.6246,0.1556
1388,304.0,CHEMBL315838,ENCAINIDE,COc1ccc(C(=O)Nc2ccccc2CCC2CCCCN2C)cc1,0.0733,True,0.308,0.0017,0.4666,0.5046
1389,,CHEMBL1200570,MEGLUMINE,CNC[C@H](O)[C@@H](O)[C@H](O)[C@H](O)CO,0.073,False,0.155,0.002,0.2007,0.9643
1390,,CHEMBL1126,PENICILLIN G SODIUM,CC1(C)S[C@@H]2[C@H](NC(=O)Cc3ccccc3)C(=O)N2[C@H]1C(=O)[O-].[Na+],0.0729,False,0.266,0.0045,0.2394,0.3628
1391,,CHEMBL530,AMDINOCILLIN,CC1(C)S[C@@H]2[C@H](/N=C/N3CCCCCC3)C(=O)N2[C@H]1C(=O)O,0.0729,False,0.227,0.0068,0.225,0.2512
1392,305.0,CHEMBL1571863,ISOCONAZOLE,Clc1ccc(C(Cn2ccnc2)OCc2c(Cl)cccc2Cl)c(Cl)c1,0.0727,True,0.303,0.3545,0.0108,0.0999
1393,,CHEMBL1201749,DIFLUPREDNATE,CCCC(=O)O[C@]1(C(=O)COC(C)=O)CC[C@H]2[C@@H]3C[C@H](F)C4=CC(=O)C=C[C@]4(C)[C@@]3(F)[C@@H](O)C[C@@]21C,0.0727,False,0.18,0.0008,0.4974,0.9606
1394,306.0,CHEMBL1200761,CHLOROTRIANISENE,COc1ccc(C(Cl)=C(c2ccc(OC)cc2)c2ccc(OC)cc2)cc1,0.0726,True,0.367,0.0405,0.3287,0.0288
1395,,CHEMBL689,MANNITOL,OC[C@@H](O)[C@@H](O)[C@H](O)[C@H](O)CO,0.0725,False,0.133,0.002,0.2124,0.8853
1396,,CHEMBL65375,TIPIRACIL HYDROCHLORIDE,Cl.N=C1CCCN1Cc1[nH]c(=O)[nH]c(=O)c1Cl,0.0724,False,0.169,0.1103,0.0139,0.2479
1397,307.0,CHEMBL611,TERAZOSIN,COc1cc2nc(N3CCN(C(=O)C4CCCO4)CC3)nc(N)c2cc1OC,0.0723,True,0.403,0.0224,0.2412,0.07
1398,,CHEMBL1200527,ATRACURIUM BESYLATE,COc1ccc(CC2c3cc(OC)c(OC)cc3CC[N+]2(C)CCC(=O)OCCCCCOC(=O)CC[N+]2(C)CCc3cc(OC)c(OC)cc3C2Cc2ccc(OC)c(OC)c2)cc1OC.O=S(=O)([O-])c1ccccc1.O=S(=O)([O-])c1ccccc1,0.0723,False,0.225,0.0101,0.0378,0.9913
1399,,CHEMBL723,CARVEDILOL,COc1ccccc1OCCNCC(O)COc1cccc2[nH]c3ccccc3c12,0.0723,False,0.289,0.0172,0.024,0.9174
1400,,CHEMBL1742424,CELIPROLOL HYDROCHLORIDE,CCN(CC)C(=O)Nc1ccc(OCC(O)CNC(C)(C)C)c(C(C)=O)c1.Cl,0.0721,False,0.258,0.0025,0.1863,0.8139
1401,308.0,CHEMBL1201063,PROPAFENONE HYDROCHLORIDE,CCCNCC(O)COc1ccccc1C(=O)CCc1ccccc1.Cl,0.0721,True,0.329,0.0033,0.1148,0.9819
1402,309.0,CHEMBL110,BENZNIDAZOLE,O=C(Cn1ccnc1[N+](=O)[O-])NCc1ccccc1,0.072,True,0.302,0.0936,0.1419,0.0281
1403,,CHEMBL232201,BENZIODARONE,CCc1oc2ccccc2c1C(=O)c1cc(I)c(O)c(I)c1,0.072,False,0.288,0.1003,0.0103,0.3626
1404,,CHEMBL1715,PIOGLITAZONE HYDROCHLORIDE,CCc1ccc(CCOc2ccc(CC3SC(=O)NC3=O)cc2)nc1.Cl,0.0717,False,0.237,0.0042,0.5748,0.1518
1405,,CHEMBL1670,MITOTANE,Clc1ccc(C(c2ccccc2Cl)C(Cl)Cl)cc1,0.0715,False,0.238,0.3303,0.0597,0.0185
1406,,CHEMBL1717,TICLOPIDINE HYDROCHLORIDE,Cl.Clc1ccccc1CN1CCc2sccc2C1,0.0713,False,0.25,0.4542,0.0008,0.9998
1407,,CHEMBL1237,LISINOPRIL ANHYDROUS,NCCCC[C@H](N[C@@H](CCc1ccccc1)C(=O)O)C(=O)N1CCC[C@H]1C(=O)O,0.0712,False,0.261,0.0014,0.2961,0.8471
1408,,CHEMBL1185,ZOLMITRIPTAN,CN(C)CCc1c[nH]c2ccc(C[C@H]3COC(=O)N3)cc12,0.0708,False,0.253,0.0075,0.0663,0.7157
1409,,CHEMBL1200335,TESTOSTERONE ENANTHATE,CCCCCCC(=O)O[C@H]1CC[C@H]2[C@@H]3CCC4=CC(=O)CC[C@]4(C)[C@H]3CC[C@]12C,0.0707,False,0.2,0.0022,0.1624,0.9862
1410,310.0,CHEMBL1213492,GIVINOSTAT,CCN(CC)Cc1ccc2cc(COC(=O)Nc3ccc(C(=O)NO)cc3)ccc2c1,0.0706,True,0.346,0.0004,0.9809,0.9959
1411,,CHEMBL501849,SIMEPREVIR,COc1ccc2c(O[C@@H]3C[C@H]4C(=O)N[C@]5(C(=O)NS(=O)(=O)C6CC6)C[C@H]5/C=C\CCCCN(C)C(=O)[C@@H]4C3)cc(-c3nc(C(C)C)cs3)nc2c1C,0.0705,False,0.207,0.0056,0.1654,0.3817
1412,,CHEMBL3137358,SIMEPREVIR SODIUM,COc1ccc2c(O[C@@H]3C[C@H]4C(=O)N[C@]5(C(=O)[N-]S(=O)(=O)C6CC6)C[C@H]5/C=C\CCCCN(C)C(=O)[C@@H]4C3)cc(-c3nc(C(C)C)cs3)nc2c1C.[Na+],0.0704,False,0.199,0.0044,0.206,0.3885
1413,,CHEMBL4594217,CANAGLIFLOZIN,Cc1ccc([C@@H]2O[C@H](CO)[C@@H](O)[C@H](O)[C@H]2O)cc1Cc1ccc(-c2ccc(F)cc2)s1.O,0.0703,False,0.233,0.0259,0.0386,0.347
1414,,CHEMBL996,CEFOXITIN,CO[C@@]1(NC(=O)Cc2cccs2)C(=O)N2C(C(=O)O)=C(COC(N)=O)CS[C@@H]21,0.0701,False,0.224,0.0016,0.6712,0.3132
1415,311.0,CHEMBL5314600,TIRABRUTINIB HYDROCHLORIDE,CC#CC(=O)N1CC[C@@H](n2c(=O)n(-c3ccc(Oc4ccccc4)cc3)c3c(N)ncnc32)C1.Cl,0.07,True,0.341,0.018,0.3415,0.0557
1416,,CHEMBL1201190,LEVOCETIRIZINE DIHYDROCHLORIDE,Cl.Cl.O=C(O)COCCN1CCN([C@H](c2ccccc2)c2ccc(Cl)cc2)CC1,0.07,False,0.277,0.0094,0.4016,0.0907
1417,,CHEMBL2103735,CETRORELIX ACETATE,CC(=O)N[C@H](Cc1ccc2ccccc2c1)C(=O)N[C@H](Cc1ccc(Cl)cc1)C(=O)N[C@H](Cc1cccnc1)C(=O)N[C@@H](CO)C(=O)N[C@@H](Cc1ccc(O)cc1)C(=O)N[C@H](CCCNC(N)=O)C(=O)N[C@@H](CC(C)C)C(=O)N[C@@H](CCCNC(=N)N)C(=O)N1CCC[C@H]1C(=O)N[C@H](C)C(N)=O.CC(=O)O,0.07,False,0.234,0.0004,0.8416,0.9969
1418,,CHEMBL276832,HYDRALAZINE,NNc1nncc2ccccc12,0.0699,False,0.309,0.0727,0.1131,0.0416
1419,,CHEMBL2308885,CLOBETASONE BUTYRATE,CCCC(=O)O[C@]1(C(=O)CCl)[C@H](C)C[C@@H]2[C@@H]3CCC4=CC(=O)C=C[C@]4(C)[C@]3(F)C(=O)C[C@@]21C,0.0699,False,0.207,0.0011,0.403,0.7682
1420,,CHEMBL503565,VINBARBITAL,CC/C=C(\C)C1(CC)C(=O)NC(=O)NC1=O,0.0698,False,0.183,0.0041,0.4004,0.2071
1421,312.0,CHEMBL1324,TOLCAPONE,Cc1ccc(C(=O)c2cc(O)c(O)c([N+](=O)[O-])c2)cc1,0.0698,True,0.302,0.0855,0.1535,0.0259
1422,,CHEMBL962,EPOPROSTENOL SODIUM,CCCCC[C@H](O)/C=C/[C@@H]1[C@H]2C/C(=C/CCCC(=O)[O-])O[C@H]2C[C@H]1O.[Na+],0.0697,False,0.171,0.0036,0.1504,0.6329
1423,,CHEMBL476,DACARBAZINE,CN(C)/N=N/c1[nH]cnc1C(N)=O,0.0693,False,0.216,0.0501,0.3968,0.0167
1424,,CHEMBL815,DINOPROST,CCCCC[C@H](O)/C=C/[C@@H]1[C@@H](C/C=C\CCCC(=O)O)[C@@H](O)C[C@H]1O,0.0693,False,0.188,0.0053,0.0988,0.6391
1425,,CHEMBL3137310,BENZHYDROCODONE HYDROCHLORIDE,COc1ccc2c3c1O[C@H]1C(OC(=O)c4ccccc4)=CC[C@@H]4[C@@H](C2)N(C)CC[C@@]341.Cl,0.0691,False,0.24,0.0039,0.9368,0.0907
1426,,CHEMBL163,RITONAVIR,CC(C)c1nc(CN(C)C(=O)N[C@H](C(=O)N[C@@H](Cc2ccccc2)C[C@H](O)[C@H](Cc2ccccc2)NC(=O)OCc2cncs2)C(C)C)cs1,0.0691,False,0.22,0.0033,0.1049,0.9638
1427,,CHEMBL1256696,CARBETAPENTANE CITRATE,CCN(CC)CCOCCOC(=O)C1(c2ccccc2)CCCC1.O=C(O)CC(O)(CC(=O)O)C(=O)O,0.069,False,0.239,0.0041,0.2165,0.3717
1428,313.0,CHEMBL245807,OXYPHENISATINE,O=C1Nc2ccccc2C1(c1ccc(O)cc1)c1ccc(O)cc1,0.0688,True,0.405,0.0025,0.5756,0.223
1429,,CHEMBL434394,NEBIVOLOL,OC(CNCC(O)C1CCc2cc(F)ccc2O1)C1CCc2cc(F)ccc2O1,0.0688,False,0.227,0.0302,0.012,0.8985
1430,315.0,CHEMBL1200543,ANILERIDINE PHOSPHATE,CCOC(=O)C1(c2ccccc2)CCN(CCc2ccc(N)cc2)CC1.O=P(O)(O)O,0.0687,True,0.303,0.0028,0.5411,0.2118
1431,314.0,CHEMBL142635,NAFTOPIDIL,COc1ccccc1N1CCN(CC(O)COc2cccc3ccccc23)CC1,0.0687,True,0.667,0.0149,0.0218,0.9957
1432,316.0,CHEMBL2106915,METHOPHOLINE,COc1cc2c(cc1OC)C(CCc1ccc(Cl)cc1)N(C)CC2,0.0686,True,0.301,0.0096,0.0337,0.9986
1433,317.0,CHEMBL631,PROPAFENONE,CCCNCC(O)COc1ccccc1C(=O)CCc1ccccc1,0.0686,True,0.333,0.0032,0.1042,0.9833
1434,,CHEMBL116,AMPRENAVIR,CC(C)CN(C[C@@H](O)[C@H](Cc1ccccc1)NC(=O)O[C@H]1CCOC1)S(=O)(=O)c1ccc(N)cc1,0.0686,False,0.219,0.0018,0.2351,0.7676
1435,,CHEMBL1201764,FESOTERODINE,CC(C)C(=O)Oc1ccc(CO)cc1[C@H](CCN(C(C)C)C(C)C)c1ccccc1,0.0684,False,0.261,0.0248,0.0389,0.3312
1436,,CHEMBL6068327,ACETYLCYSTEINE LYSINE,CC(=O)N[C@@H](CS)C(=O)O.NCCCC[C@H](N)C(=O)O,0.0684,False,0.274,0.0005,0.6323,0.9769
1437,,CHEMBL1200491,EPINASTINE HYDROCHLORIDE,Cl.NC1=NCC2c3ccccc3Cc3ccccc3N12,0.0682,False,0.22,0.0045,0.15,0.47
1438,,CHEMBL2107830,EMPAGLIFLOZIN,OC[C@H]1O[C@@H](c2ccc(Cl)c(Cc3ccc(O[C@H]4CCOC4)cc3)c2)[C@H](O)[C@@H](O)[C@@H]1O,0.0682,False,0.284,0.0312,0.0102,0.9928
1439,,CHEMBL479,THIORIDAZINE,CSc1ccc2c(c1)N(CCC1CCCCN1C)c1ccccc1S2,0.0682,False,0.234,0.0199,0.016,0.9956
1440,,CHEMBL1201154,PROCHLORPERAZINE EDISYLATE,CN1CCN(CCCN2c3ccccc3Sc3ccc(Cl)cc32)CC1.O=S(=O)(O)CCS(=O)(=O)O,0.068,False,0.284,0.0084,0.0773,0.4856
1441,,CHEMBL376359,ALOGLIPTIN,Cn1c(=O)cc(N2CCC[C@@H](N)C2)n(Cc2ccccc2C#N)c1=O,0.0678,False,0.244,0.0133,0.0252,0.9297
1442,,CHEMBL467058,LANINAMIVIR OCTANOATE,CCCCCCCC(=O)OC[C@@H](O)[C@@H](OC)[C@@H]1OC(C(=O)O)=C[C@H](NC(=N)N)[C@H]1NC(C)=O,0.0678,False,0.187,0.0026,0.1251,0.9506
1443,,CHEMBL91,MICONAZOLE,Clc1ccc(COC(Cn2ccnc2)c2ccc(Cl)cc2Cl)c(Cl)c1,0.0678,False,0.292,0.3337,0.0275,0.034
1444,,CHEMBL27810,CELIPROLOL,CCN(CC)C(=O)Nc1ccc(OCC(O)CNC(C)(C)C)c(C(C)=O)c1,0.0678,False,0.261,0.0022,0.1799,0.7981
1445,,CHEMBL1102,GLUTETHIMIDE,CCC1(c2ccccc2)CCC(=O)NC1=O,0.0677,False,0.241,0.0089,0.3802,0.0912
1446,,CHEMBL1201043,CEPHAPIRIN SODIUM,CC(=O)OCC1=C(C(=O)[O-])N2C(=O)[C@@H](NC(=O)CSc3ccncc3)[C@H]2SC1.[Na+],0.0677,False,0.186,0.0025,0.367,0.3347
1447,,CHEMBL1201087,CABERGOLINE,C=CCN1C[C@H](C(=O)N(CCCN(C)C)C(=O)NCC)C[C@@H]2c3cccc4[nH]cc(c34)C[C@H]21,0.0675,False,0.202,0.0035,0.1957,0.4526
1448,,CHEMBL260538,ULIPRISTAL ACETATE,CC(=O)O[C@]1(C(C)=O)CC[C@H]2[C@@H]3CCC4=CC(=O)CCC4=C3[C@@H](c3ccc(N(C)C)cc3)C[C@@]21C,0.0675,False,0.185,0.0011,0.705,0.3845
1449,,CHEMBL773,GLYCINE,NCC(=O)O,0.0674,False,0.188,0.0011,0.4236,0.654
1450,,CHEMBL4297165,CHLOROQUINE HYDROCHLORIDE,CCN(CC)CCCC(C)Nc1ccnc2cc(Cl)ccc12.Cl.Cl,0.0672,False,0.288,0.0382,0.1388,0.0571
1451,,CHEMBL3989676,OXYPHENBUTAZONE,CCCCC1C(=O)N(c2ccccc2)N(c2ccc(O)cc2)C1=O.O,0.0668,False,0.297,0.003,0.5283,0.1895
1452,,CHEMBL1201747,ALCAFTADINE,CN1CCC(=C2c3ccccc3CCn3c(C=O)cnc32)CC1,0.0667,False,0.246,0.0055,0.073,0.7437
1453,,CHEMBL5314377,GANIRELIX ACETATE,CC(=O)O.CC(=O)O.CC/N=C(\NCC)NCCCC[C@H](NC(=O)[C@H](CC(C)C)NC(=O)[C@@H](CCCCN/C(=N/CC)NCC)NC(=O)[C@H](Cc1ccc(O)cc1)NC(=O)[C@H](CO)NC(=O)[C@@H](Cc1cccnc1)NC(=O)[C@@H](Cc1ccc(Cl)cc1)NC(=O)[C@@H](Cc1ccc2ccccc2c1)NC(C)=O)C(=O)N1CCC[C@H]1C(=O)N[C@H](C)C(N)=O,0.0662,False,0.234,0.0003,0.8751,0.9991
1454,,CHEMBL2448612,ERGOTAMINE TARTRATE,CN1C[C@H](C(=O)N[C@]2(C)O[C@@]3(O)[C@@H]4CCCN4C(=O)[C@H](Cc4ccccc4)N3C2=O)C=C2c3cccc4[nH]cc(c34)C[C@H]21.CN1C[C@H](C(=O)N[C@]2(C)O[C@@]3(O)[C@@H]4CCCN4C(=O)[C@H](Cc4ccccc4)N3C2=O)C=C2c3cccc4[nH]cc(c34)C[C@H]21.O=C(O)C(O)C(O)C(=O)O,0.0662,False,0.217,0.0047,0.6389,0.0965
1455,,CHEMBL24778,SILODOSIN,C[C@H](Cc1cc2c(c(C(N)=O)c1)N(CCCO)CC2)NCCOc1ccccc1OCC(F)(F)F,0.0661,False,0.252,0.0191,0.0178,0.8522
1456,,CHEMBL270190,ALVIMOPAN,C[C@H]1CN(C[C@H](Cc2ccccc2)C(=O)NCC(=O)O)CC[C@@]1(C)c1cccc(O)c1,0.066,False,0.242,0.0012,0.3159,0.7867
1457,,CHEMBL1728,LOMEFLOXACIN HYDROCHLORIDE,CCn1cc(C(=O)O)c(=O)c2cc(F)c(N3CCNC(C)C3)c(F)c21.Cl,0.0659,False,0.221,0.0086,0.0521,0.6387
1458,,CHEMBL1200728,GUANIDINE HYDROCHLORIDE,Cl.N=C(N)N,0.0659,False,0.114,0.0021,0.2335,0.5857
1459,,CHEMBL3989908,ENASIDENIB,CC(C)(O)CNc1nc(Nc2ccnc(C(F)(F)F)c2)nc(-c2cccc(C(F)(F)F)n2)n1,0.0659,False,0.293,0.0138,0.1936,0.1072
1460,318.0,CHEMBL259972,MOFEZOLAC,COc1ccc(-c2noc(CC(=O)O)c2-c2ccc(OC)cc2)cc1,0.0658,True,0.328,0.0275,0.1023,0.1012
1461,,CHEMBL3989514,IRINOTECAN HYDROCHLORIDE,CCc1c2c(nc3ccc(OC(=O)N4CCC(N5CCCCC5)CC4)cc13)-c1cc3c(c(=O)n1C2)COC(=O)[C@]3(O)CC.Cl.O.O.O,0.0656,False,0.259,0.013,0.0221,0.9786
1462,,CHEMBL1200411,ROPINIROLE HYDROCHLORIDE,CCCN(CCC)CCc1cccc2c1CC(=O)N2.Cl,0.0655,False,0.279,0.1506,0.0019,0.9984
1463,,CHEMBL1200904,SELEGILINE HYDROCHLORIDE,C#CCN(C)[C@H](C)Cc1ccccc1.Cl,0.0653,False,0.25,0.005,0.0638,0.8639
1464,,CHEMBL1682,SORBITOL,OC[C@@H](O)[C@@H](O)[C@H](O)[C@@H](O)CO,0.0653,False,0.133,0.0018,0.1698,0.9219
1465,,CHEMBL647,APRACLONIDINE,Nc1cc(Cl)c(N=C2NCCN2)c(Cl)c1,0.0653,False,0.186,0.1271,0.0315,0.0693
1466,,CHEMBL1200438,TIOCONAZOLE,Clc1ccc(C(Cn2ccnc2)OCc2ccsc2Cl)c(Cl)c1,0.0652,False,0.268,0.3303,0.0045,0.1851
1467,,CHEMBL1496,ROSUVASTATIN,CC(C)c1nc(N(C)S(C)(=O)=O)nc(-c2ccc(F)cc2)c1/C=C/[C@@H](O)C[C@@H](O)CC(=O)O,0.0652,False,0.212,0.0238,0.0842,0.138
1468,319.0,CHEMBL1460,DIDANOSINE,O=c1[nH]cnc2c1ncn2[C@H]1CC[C@@H](CO)O1,0.0652,True,0.375,0.0086,0.0415,0.7732
1469,,CHEMBL826,ENOXACIN,CCn1cc(C(=O)O)c(=O)c2cc(F)c(N3CCNCC3)nc21,0.0651,False,0.293,0.0167,0.1253,0.1319
1470,,CHEMBL1236821,XYLOSE,O=C[C@H](O)[C@@H](O)[C@H](O)CO,0.0651,False,0.138,0.0006,0.5203,0.8876
1471,,CHEMBL1237122,CARBOPROST,CCCCC[C@](C)(O)/C=C/[C@@H]1[C@@H](C/C=C\CCCC(=O)O)[C@@H](O)C[C@H]1O,0.0651,False,0.188,0.0057,0.0864,0.5539
1472,,CHEMBL235668,TIPIRACIL,N=C1CCCN1Cc1[nH]c(=O)[nH]c(=O)c1Cl,0.0651,False,0.171,0.1035,0.0084,0.3156
1473,,CHEMBL1200686,PIMECROLIMUS,CC[C@@H]1/C=C(\C)C[C@H](C)C[C@H](OC)[C@H]2O[C@@](O)(C(=O)C(=O)N3CCCC[C@H]3C(=O)O[C@H](/C(C)=C/[C@@H]3CC[C@H](Cl)[C@H](OC)C3)[C@H](C)[C@@H](O)CC1=O)[C@H](C)C[C@@H]2OC,0.0649,False,0.17,0.0015,0.1981,0.9383
1474,,CHEMBL1450,ATOVAQUONE,O=C1C(O)=C([C@H]2CC[C@H](c3ccc(Cl)cc3)CC2)C(=O)c2ccccc21,0.0646,False,0.259,0.0131,0.0772,0.2666
1475,,CHEMBL1200803,SOLIFENACIN SUCCINATE,O=C(O)CCC(=O)O.O=C(O[C@H]1CN2CCC1CC2)N1CCc2ccccc2[C@@H]1c1ccccc1,0.0643,False,0.229,0.0023,0.1438,0.8099
1476,,CHEMBL170988,PHENFORMIN,N=C(N)NC(=N)NCCc1ccccc1,0.0643,False,0.279,0.0006,0.5542,0.7858
1477,,CHEMBL3137326,DEUTETRABENAZINE,[2H]C([2H])([2H])Oc1cc2c(cc1OC([2H])([2H])[2H])C1CC(=O)C(CC(C)C)CN1CC2,0.0641,False,0.21,0.005,0.0528,0.9884
1478,,CHEMBL40,PHENOBARBITAL,CCC1(c2ccccc2)C(=O)NC(=O)NC1=O,0.064,False,0.268,0.0068,0.3287,0.1175
1479,,CHEMBL85,RISPERIDONE,Cc1nc2n(c(=O)c1CCN1CCC(c3noc4cc(F)ccc34)CC1)CCCC2,0.0639,False,0.237,0.0195,0.0268,0.4995
1480,320.0,CHEMBL3301622,GILTERITINIB,CCc1nc(C(N)=O)c(Nc2ccc(N3CCC(N4CCN(C)CC4)CC3)c(OC)c2)nc1NC1CCOCC1,0.0638,True,0.356,0.0043,0.0705,0.8467
1481,,CHEMBL766,CILASTATIN,CC1(C)C[C@@H]1C(=O)N/C(=C\CCCCSC[C@H](N)C(=O)O)C(=O)O,0.0637,False,0.2,0.0014,0.2934,0.6124
1482,321.0,CHEMBL1201006,PYRILAMINE MALEATE,COc1ccc(CN(CCN(C)C)c2ccccn2)cc1.O=C(O)/C=C\C(=O)O,0.0637,True,0.344,0.0024,0.2263,0.4817
1483,,CHEMBL1201177,LEVOBUNOLOL HYDROCHLORIDE,CC(C)(C)NC[C@H](O)COc1cccc2c1CCCC2=O.Cl,0.0637,False,0.25,0.006,0.0459,0.9376
1484,,CHEMBL1201018,CEFACLOR,N[C@@H](C(=O)N[C@@H]1C(=O)N2C(C(=O)O)=C(Cl)CS[C@H]12)c1ccccc1.O,0.0636,False,0.208,0.0075,0.3546,0.0961
1485,322.0,CHEMBL4298167,FILGOTINIB MALEATE,O=C(Nc1nc2cccc(-c3ccc(CN4CCS(=O)(=O)CC4)cc3)n2n1)C1CC1.O=C(O)/C=C\C(=O)O,0.0634,True,0.333,0.0914,0.0576,0.0484
1486,,CHEMBL1200883,THONZONIUM BROMIDE,CCCCCCCCCCCCCCCC[N+](C)(C)CCN(Cc1ccc(OC)cc1)c1ncccn1.[Br-],0.0634,False,0.283,0.0082,0.0344,0.9093
1487,,CHEMBL1388,MONOBENZONE,Oc1ccc(OCc2ccccc2)cc1,0.0633,False,0.487,0.0057,0.2952,0.1499
1488,,CHEMBL2103929,LYMECYCLINE,CN(C)[C@@H]1C(O)=C(C(=O)NCNCCCC[C@H](N)C(=O)O)C(=O)[C@@]2(O)C(O)=C3C(=O)c4c(O)cccc4[C@@](C)(O)[C@H]3C[C@@H]12,0.0633,False,0.258,0.0007,0.4961,0.7439
1489,,CHEMBL972,SELEGILINE,C#CCN(C)[C@H](C)Cc1ccccc1,0.0633,False,0.231,0.0038,0.0749,0.8995
1490,,CHEMBL24924,FLUINDIONE,O=C1c2ccccc2C(=O)C1c1ccc(F)cc1,0.0632,False,0.282,0.0257,0.0714,0.1378
1491,,CHEMBL1201308,IOFETAMINE,CC(C)NC(C)Cc1ccc(I)cc1,0.0632,False,0.204,0.7012,0.0084,0.0429
1492,,CHEMBL269732,TACROLIMUS ANHYDROUS,C=CC[C@@H]1/C=C(\C)C[C@H](C)C[C@H](OC)[C@H]2O[C@@](O)(C(=O)C(=O)N3CCCC[C@H]3C(=O)O[C@H](/C(C)=C/[C@@H]3CC[C@@H](O)[C@H](OC)C3)[C@H](C)[C@@H](O)CC1=O)[C@H](C)C[C@@H]2OC,0.0631,False,0.162,0.0016,0.2134,0.7152
1493,,CHEMBL1731,MEZLOCILLIN,CC1(C)S[C@@H]2[C@H](NC(=O)[C@H](NC(=O)N3CCN(S(C)(=O)=O)C3=O)c3ccccc3)C(=O)N2[C@H]1C(=O)O,0.0629,False,0.21,0.0073,0.2262,0.1506
1494,,CHEMBL1342,OXYBATE,O=C(O)CCCO,0.0628,False,0.312,0.0011,0.2652,0.8348
1495,,CHEMBL1452696,FEPRAZONE,CC(C)=CCC1C(=O)N(c2ccccc2)N(c2ccccc2)C1=O,0.0628,False,0.255,0.0019,0.3075,0.4233
1496,,CHEMBL500,PINDOLOL,CC(C)NCC(O)COc1cccc2[nH]ccc12,0.0628,False,0.289,0.0039,0.0633,0.993
1497,,CHEMBL680,CEFACLOR ANHYDROUS,N[C@@H](C(=O)N[C@@H]1C(=O)N2C(C(=O)O)=C(Cl)CS[C@H]12)c1ccccc1,0.0627,False,0.211,0.0072,0.3125,0.1092
1498,,CHEMBL1274,NILUTAMIDE,CC1(C)NC(=O)N(c2ccc([N+](=O)[O-])c(C(F)(F)F)c2)C1=O,0.0626,False,0.234,0.0094,0.0536,0.4853
1499,,CHEMBL15870,INDOPROFEN,CC(C(=O)O)c1ccc(N2Cc3ccccc3C2=O)cc1,0.0625,False,0.263,0.0169,0.2458,0.0589
1500,,CHEMBL4297585,TRIHEPTANOIN,CCCCCCC(=O)OCC(COC(=O)CCCCCC)OC(=O)CCCCCC,0.0625,False,0.259,0.0006,0.3897,0.9998
1501,,CHEMBL442,ERGOTAMINE,CN1C[C@H](C(=O)N[C@]2(C)O[C@@]3(O)[C@@H]4CCCN4C(=O)[C@H](Cc4ccccc4)N3C2=O)C=C2c3cccc4[nH]cc(c34)C[C@H]21,0.0624,False,0.228,0.0054,0.3316,0.1359
1502,,CHEMBL43452,POMALIDOMIDE,Nc1cccc2c1C(=O)N(C1CCC(=O)NC1=O)C2=O,0.0624,False,0.26,0.0054,0.2858,0.1584
1503,,CHEMBL1200622,PARICALCITOL,C[C@H](/C=C/[C@H](C)C(C)(C)O)[C@H]1CC[C@H]2/C(=C/C=C3C[C@@H](O)C[C@H](O)C3)CCC[C@]12C,0.0623,False,0.125,0.0029,0.095,0.878
1504,,CHEMBL833,TICLOPIDINE,Clc1ccccc1CN1CCc2sccc2C1,0.062,False,0.254,0.4259,0.0006,0.9998
1505,,CHEMBL3668014,LINZAGOLIX,COc1cc(F)c(-n2c(=O)[nH]c3csc(C(=O)O)c3c2=O)cc1OCc1c(OC)ccc(F)c1F,0.0619,False,0.25,0.0694,0.0206,0.166
1506,,CHEMBL561,LOMEFLOXACIN,CCn1cc(C(=O)O)c(=O)c2cc(F)c(N3CCNC(C)C3)c(F)c21,0.0618,False,0.223,0.0078,0.0477,0.6337
1507,,CHEMBL3306803,LUMATEPERONE,CN1CCN2c3c(cccc31)[C@@H]1CN(CCCC(=O)c3ccc(F)cc3)CC[C@@H]12,0.0618,False,0.284,0.0014,0.2279,0.7305
1508,323.0,CHEMBL1083993,AMIODARONE HYDROCHLORIDE,CCCCc1oc2ccccc2c1C(=O)c1cc(I)c(OCCN(CC)CC)c(I)c1.Cl,0.0616,True,0.367,0.1051,0.0173,0.1287
1509,,CHEMBL374731,TELBIVUDINE,Cc1cn([C@@H]2C[C@@H](O)[C@H](CO)O2)c(=O)[nH]c1=O,0.0615,False,0.229,0.0149,0.0164,0.9508
1510,,CHEMBL1740513,ISAXONINE,CC(C)Nc1ncccn1,0.0615,False,0.234,0.0882,0.0734,0.0359
1511,324.0,CHEMBL10878,AGOMELATINE,COc1ccc2cccc(CCNC(C)=O)c2c1,0.0615,True,0.358,0.0023,0.1777,0.577
1512,,CHEMBL2103846,ULIPRISTAL,CC(=O)[C@@]1(O)CC[C@H]2[C@@H]3CCC4=CC(=O)CCC4=C3[C@@H](c3ccc(N(C)C)cc3)C[C@@]21C,0.0613,False,0.193,0.0011,0.7092,0.2848
1513,,CHEMBL1200541,AMBENONIUM CHLORIDE,CC[N+](CC)(CCNC(=O)C(=O)NCC[N+](CC)(CC)Cc1ccccc1Cl)Cc1ccccc1Cl.[Cl-].[Cl-],0.0612,False,0.295,0.0101,0.0518,0.4393
1514,,CHEMBL3358920,ETRASIMOD,O=C(O)C[C@H]1CCc2c1[nH]c1ccc(OCc3ccc(C4CCCC4)c(C(F)(F)F)c3)cc21,0.0612,False,0.282,0.0196,0.0127,0.9214
1515,,CHEMBL1071,OXAPROZIN,O=C(O)CCc1nc(-c2ccccc2)c(-c2ccccc2)o1,0.0612,False,0.258,0.0383,0.0592,0.1009
1516,,CHEMBL1445,FLUOXYMESTERONE,C[C@]1(O)CC[C@H]2[C@@H]3CCC4=CC(=O)CC[C@]4(C)[C@@]3(F)[C@@H](O)C[C@@]21C,0.0611,False,0.175,0.0012,0.2296,0.8129
1517,,CHEMBL1200912,PHENTERMINE HYDROCHLORIDE,CC(C)(N)Cc1ccccc1.Cl,0.0609,False,0.244,0.105,0.0301,0.0715
1518,,CHEMBL3989887,TACROLIMUS,C=CC[C@@H]1/C=C(\C)C[C@H](C)C[C@H](OC)[C@H]2O[C@@](O)(C(=O)C(=O)N3CCCC[C@H]3C(=O)O[C@H](/C(C)=C/[C@@H]3CC[C@@H](O)[C@H](OC)C3)[C@H](C)[C@@H](O)CC1=O)[C@H](C)C[C@@H]2OC.O,0.0609,False,0.161,0.0016,0.208,0.6827
1519,,CHEMBL1703,METFORMIN HYDROCHLORIDE,CN(C)C(=N)NC(=N)N.Cl,0.0609,False,0.159,0.0037,0.4186,0.1463
1520,325.0,CHEMBL2111101,PIMAVANSERIN,CC(C)COc1ccc(CNC(=O)N(Cc2ccc(F)cc2)C2CCN(C)CC2)cc1,0.0607,True,0.319,0.0015,0.3565,0.4119
1521,,CHEMBL16,PHENYTOIN,O=C1NC(=O)C(c2ccccc2)(c2ccccc2)N1,0.0607,False,0.27,0.0076,0.2415,0.1212
1522,,CHEMBL1201314,VALGANCICLOVIR,CC(C)[C@H](N)C(=O)OCC(CO)OCn1cnc2c(=O)[nH]c(N)nc21,0.0607,False,0.202,0.0608,0.0445,0.0827
1523,,CHEMBL2095208,COBICISTAT,CC(C)c1nc(CN(C)C(=O)N[C@@H](CCN2CCOCC2)C(=O)N[C@H](CC[C@H](Cc2ccccc2)NC(=O)OCc2cncs2)Cc2ccccc2)cs1,0.0606,False,0.292,0.0028,0.1019,0.7801
1524,,CHEMBL428880,CROMOLYN,O=C(O)c1cc(=O)c2c(OCC(O)COc3cccc4oc(C(=O)O)cc(=O)c34)cccc2o1,0.0606,False,0.296,0.0214,0.0634,0.1642
1525,,CHEMBL3137321,BENZHYDROCODONE,COc1ccc2c3c1O[C@H]1C(OC(=O)c4ccccc4)=CC[C@@H]4[C@@H](C2)N(C)CC[C@@]341,0.0605,False,0.243,0.0028,0.923,0.0859
1526,326.0,CHEMBL1200420,MIDAZOLAM HYDROCHLORIDE,Cc1ncc2n1-c1ccc(Cl)cc1C(c1ccccc1F)=NC2.Cl,0.0603,True,0.338,0.1008,0.0022,0.9995
1527,,CHEMBL94394,BUFEXAMAC,CCCCOc1ccc(CC(=O)NO)cc1,0.0603,False,0.318,0.0002,0.9847,0.999
1528,,CHEMBL170,QUININE,C=C[C@H]1CN2CC[C@H]1C[C@H]2[C@H](O)c1ccnc2ccc(OC)cc12,0.0602,False,0.294,0.0077,0.0326,0.8742
1529,,CHEMBL448,PENTOBARBITAL,CCCC(C)C1(CC)C(=O)NC(=O)NC1=O,0.0601,False,0.16,0.0029,0.7519,0.0999
1530,,CHEMBL1200678,ATAZANAVIR SULFATE,COC(=O)N[C@H](C(=O)N[C@@H](Cc1ccccc1)[C@@H](O)CN(Cc1ccc(-c2ccccn2)cc1)NC(=O)[C@@H](NC(=O)OC)C(C)(C)C)C(C)(C)C.O=S(=O)(O)O,0.06,False,0.264,0.0031,0.0759,0.915
1531,327.0,CHEMBL3304486,DIFEMERINE,CN(C)CC(C)(C)OC(=O)C(O)(c1ccccc1)c1ccccc1,0.06,True,0.311,0.0397,0.0309,0.1756
1532,,CHEMBL1020,TOLMETIN,Cc1ccc(C(=O)c2ccc(CC(=O)O)n2C)cc1,0.06,False,0.238,0.0231,0.3974,0.0236
1533,,CHEMBL855,TRIPROLIDINE,Cc1ccc(/C(=C\CN2CCCC2)c2ccccn2)cc1,0.0599,False,0.274,0.0185,0.1319,0.088
1534,,CHEMBL1473,FLUTICASONE PROPIONATE,CCC(=O)O[C@]1(C(=O)SCF)[C@H](C)C[C@H]2[C@@H]3C[C@H](F)C4=CC(=O)C=C[C@]4(C)[C@@]3(F)[C@@H](O)C[C@@]21C,0.0598,False,0.174,0.0007,0.3441,0.856
1535,,CHEMBL1497,BETAMETHASONE VALERATE,CCCCC(=O)O[C@]1(C(=O)CO)[C@@H](C)C[C@H]2[C@@H]3CCC4=CC(=O)C=C[C@]4(C)[C@@]3(F)[C@@H](O)C[C@@]21C,0.0598,False,0.22,0.0005,0.5983,0.7937
1536,,CHEMBL1106,EPINASTINE,NC1=NCC2c3ccccc3Cc3ccccc3N12,0.0598,False,0.224,0.0037,0.1119,0.5226
1537,,CHEMBL445,NORTRIPTYLINE,CNCCC=C1c2ccccc2CCc2ccccc21,0.0598,False,0.222,0.0635,0.1129,0.0298
1538,,CHEMBL290960,NIFURTIMOX,CC1CS(=O)(=O)CCN1/N=C/c1ccc([N+](=O)[O-])o1,0.0597,False,0.175,0.0522,0.1007,0.0405
1539,,CHEMBL1200559,LACTIC ACID,CC(O)C(=O)O,0.0596,False,0.159,0.0011,0.5495,0.3389
1540,,CHEMBL1200490,CETRORELIX,CC(=O)N[C@H](Cc1ccc2ccccc2c1)C(=O)N[C@H](Cc1ccc(Cl)cc1)C(=O)N[C@H](Cc1cccnc1)C(=O)N[C@@H](CO)C(=O)N[C@@H](Cc1ccc(O)cc1)C(=O)N[C@H](CCCNC(N)=O)C(=O)N[C@@H](CC(C)C)C(=O)N[C@@H](CCCNC(=N)N)C(=O)N1CCC[C@H]1C(=O)N[C@H](C)C(N)=O,0.0596,False,0.231,0.0003,0.7961,0.9949
1541,328.0,CHEMBL41355,EZOGABINE,CCOC(=O)Nc1ccc(NCc2ccc(F)cc2)cc1N,0.0595,True,0.316,0.0002,0.9809,0.968
1542,329.0,CHEMBL640,PROCAINAMIDE,CCN(CC)CCNC(=O)c1ccc(N)cc1,0.0595,True,0.391,0.0005,0.5843,0.7508
1543,,CHEMBL129,ZIDOVUDINE,Cc1cn([C@H]2C[C@H](N=[N+]=[N-])[C@@H](CO)O2)c(=O)[nH]c1=O,0.0594,False,0.224,0.0074,0.119,0.238
1544,,CHEMBL1697708,MEZLOCILLIN SODIUM,CC1(C)S[C@@H]2[C@H](NC(=O)[C@H](NC(=O)N3CCN(S(C)(=O)=O)C3=O)c3ccccc3)C(=O)N2[C@H]1C(=O)[O-].[Na+],0.0594,False,0.216,0.0062,0.2344,0.1433
1545,,CHEMBL1200425,PARGYLINE HYDROCHLORIDE,C#CCN(C)Cc1ccccc1.Cl,0.0594,False,0.271,0.0028,0.0788,0.9648
1546,,CHEMBL744,RILUZOLE,Nc1nc2ccc(OC(F)(F)F)cc2s1,0.0593,False,0.317,0.118,0.0973,0.0182
1547,,CHEMBL590,MENADIONE,CC1=CC(=O)c2ccccc2C1=O,0.0593,False,0.273,0.0702,0.1323,0.0225
1548,,CHEMBL404108,LUMIRACOXIB,Cc1ccc(Nc2c(F)cccc2Cl)c(CC(=O)O)c1,0.0593,False,0.284,0.1287,0.5741,0.0028
1549,,CHEMBL1431,METFORMIN,CN(C)C(=N)NC(=N)N,0.0593,False,0.162,0.0015,0.4465,0.3065
1550,330.0,CHEMBL3989937,CAPMATINIB HYDROCHLORIDE,CNC(=O)c1ccc(-c2cnc3ncc(Cc4ccc5ncccc5c4)n3n2)cc1F.Cl.Cl.O,0.0592,True,0.323,0.0532,0.066,0.0592
1551,,CHEMBL1599,CEPHAPIRIN,CC(=O)OCC1=C(C(=O)O)N2C(=O)[C@@H](NC(=O)CSc3ccncc3)[C@H]2SC1,0.0592,False,0.19,0.0019,0.3381,0.3212
1552,,CHEMBL556,DEFEROXAMINE,CC(=O)N(O)CCCCCNC(=O)CCC(=O)N(O)CCCCCNC(=O)CCC(=O)N(O)CCCCCN,0.0591,False,0.222,0.0007,0.3723,0.8536
1553,,CHEMBL1201191,LEVOCETIRIZINE,O=C(O)COCCN1CCN([C@H](c2ccccc2)c2ccc(Cl)cc2)CC1,0.059,False,0.262,0.0071,0.3576,0.0806
1554,,CHEMBL290106,BITHIONOL,Oc1c(Cl)cc(Cl)cc1Sc1cc(Cl)cc(Cl)c1O,0.0588,False,0.196,0.6822,0.0047,0.0639
1555,,CHEMBL3545309,LEFAMULIN ACETATE,C=C[C@]1(C)C[C@@H](OC(=O)CS[C@@H]2CC[C@@H](N)C[C@H]2O)[C@]2(C)[C@H](C)CC[C@]3(CCC(=O)[C@H]32)[C@@H](C)[C@@H]1O.CC(=O)O,0.0587,False,0.149,0.0008,0.2513,0.9774
1556,,CHEMBL1201237,LEVOBUNOLOL,CC(C)(C)NC[C@H](O)COc1cccc2c1CCCC2=O,0.0585,False,0.254,0.0053,0.0408,0.9214
1557,,CHEMBL1200877,FLUMETHASONE PIVALATE,C[C@@H]1C[C@H]2[C@@H]3C[C@H](F)C4=CC(=O)C=C[C@]4(C)[C@@]3(F)[C@@H](O)C[C@]2(C)[C@@]1(O)C(=O)COC(=O)C(C)(C)C,0.0584,False,0.167,0.0008,0.301,0.8115
1558,,CHEMBL1983350,STIRIPENTOL,CC(C)(C)C(O)/C=C/c1ccc2c(c1)OCO2,0.0579,False,0.246,0.0766,0.0308,0.0826
1559,,CHEMBL1238,AZELAIC ACID,O=C(O)CCCCCCCC(=O)O,0.0578,False,0.379,0.001,0.2387,0.8114
1560,,CHEMBL3989909,LENIOLISIB PHOSPHATE,CCC(=O)N1CC[C@H](Nc2ncnc3c2CN(c2cnc(OC)c(C(F)(F)F)c2)CC3)C1.O=P(O)(O)O,0.0578,False,0.269,0.0131,0.0148,0.9988
1561,332.0,CHEMBL605,PROCAINAMIDE HYDROCHLORIDE,CCN(CC)CCNC(=O)c1ccc(N)cc1.Cl,0.0577,True,0.386,0.0006,0.4977,0.5993
1562,,CHEMBL2103854,OMADACYCLINE TOSYLATE,CN(C)c1cc(CNCC(C)(C)C)c(O)c2c1C[C@H]1C[C@H]3[C@H](N(C)C)C(O)=C(C(N)=O)C(=O)[C@@]3(O)C(O)=C1C2=O.Cc1ccc(S(=O)(=O)O)cc1,0.0577,False,0.207,0.0009,0.2462,0.8738
1563,331.0,CHEMBL655,MIDAZOLAM,Cc1ncc2n1-c1ccc(Cl)cc1C(c1ccccc1F)=NC2,0.0577,True,0.342,0.0955,0.002,0.9995
1564,,CHEMBL3545985,BENZPHETAMINE,C[C@@H](Cc1ccccc1)N(C)Cc1ccccc1,0.0576,False,0.25,0.0032,0.0626,0.9606
1565,,CHEMBL1516474,TEGASEROD MALEATE,CCCCCNC(=N)N/N=C/c1c[nH]c2ccc(OC)cc12.O=C(O)/C=C\C(=O)O,0.0575,False,0.272,0.0002,0.7986,0.9572
1566,,CHEMBL2311030,ERGOLOID MESYLATES,CC(C)C[C@H]1C(=O)N2CCC[C@H]2[C@]2(O)O[C@](NC(=O)[C@@H]3C[C@@H]4c5cccc6[nH]cc(c56)C[C@H]4N(C)C3)(C(C)C)C(=O)N12.CC(C)[C@@]1(NC(=O)[C@@H]2C[C@@H]3c4cccc5[nH]cc(c45)C[C@H]3N(C)C2)O[C@@]2(O)[C@@H]3CCCN3C(=O)[C@H](Cc3ccccc3)N2C1=O.CC(C)[C@H]1C(=O)N2CCC[C@H]2[C@]2(O)O[C@](NC(=O)[C@@H]3C[C@@H]4c5cccc6[nH]cc(c56)C[C@H]4N(C)C3)(C(C)C)C(=O)N12.CCC(C)[C@H]1C(=O)N2CCC[C@H]2[C@]2(O)O[C@](NC(=O)[C@@H]3C[C@@H]4c5cccc6[nH]cc(c56)C[C@H]4N(C)C3)(C(C)C)C(=O)N12.CS(=O)(=O)O.CS(=O)(=O)O.CS(=O)(=O)O.CS(=O)(=O)O,0.0574,False,0.188,0.0006,0.6325,0.4979
1567,,CHEMBL1200326,NICARDIPINE HYDROCHLORIDE,COC(=O)C1=C(C)NC(C)=C(C(=O)OCCN(C)Cc2ccccc2)C1c1cccc([N+](=O)[O-])c1.Cl,0.0574,False,0.281,0.004,0.0931,0.503
1568,,CHEMBL1372,OXIGLUTATIONE,N[C@@H](CCC(=O)N[C@@H](CSSC[C@H](NC(=O)CC[C@H](N)C(=O)O)C(=O)NCC(=O)O)C(=O)NCC(=O)O)C(=O)O,0.0571,False,0.217,0.0008,0.3496,0.6911
1569,,CHEMBL1083385,CLOPIDOGREL BISULFATE,COC(=O)[C@H](c1ccccc1Cl)N1CCc2sccc2C1.O=S(=O)(O)O,0.0571,False,0.25,0.044,0.0045,0.9389
1570,,CHEMBL76,CHLOROQUINE,CCN(CC)CCCC(C)Nc1ccnc2cc(Cl)ccc12,0.0571,False,0.292,0.0302,0.1236,0.0498
1571,,CHEMBL33986,BUTORPHANOL,Oc1ccc2c(c1)[C@@]13CCCC[C@@]1(O)[C@@H](C2)N(CC1CCC1)CC3,0.0568,False,0.225,0.0002,0.9447,0.9828
1572,,CHEMBL1201156,NORTRIPTYLINE HYDROCHLORIDE,CNCCC=C1c2ccccc2CCc2ccccc21.Cl,0.0568,False,0.233,0.06,0.1176,0.026
1573,,CHEMBL1294,QUINIDINE,C=C[C@H]1CN2CC[C@H]1C[C@@H]2[C@@H](O)c1ccnc2ccc(OC)cc12,0.0566,False,0.294,0.007,0.0305,0.8516
1574,,CHEMBL1205,NELFINAVIR MESYLATE,CS(=O)(=O)O.Cc1c(O)cccc1C(=O)N[C@@H](CSc1ccccc1)[C@H](O)CN1C[C@H]2CCCC[C@H]2C[C@H]1C(=O)NC(C)(C)C,0.0565,False,0.213,0.0017,0.1153,0.9311
1575,,CHEMBL1200503,BROMOCRIPTINE MESYLATE,CC(C)C[C@H]1C(=O)N2CCC[C@H]2[C@]2(O)O[C@](NC(=O)[C@@H]3C=C4c5cccc6[nH]c(Br)c(c56)C[C@H]4N(C)C3)(C(C)C)C(=O)N12.CS(=O)(=O)O,0.0562,False,0.207,0.0014,0.4707,0.263
1576,,CHEMBL3546271,FLORTAUCIPIR,Fc1ccc(-c2ccc3c(c2)[nH]c2ccncc23)cn1,0.0561,False,0.291,0.0749,0.1173,0.0201
1577,,CHEMBL3545253,FLORTAUCIPIR F 18,[18F]c1ccc(-c2ccc3c(c2)[nH]c2ccncc23)cn1,0.0561,False,0.291,0.0749,0.1173,0.0201
1578,,CHEMBL3544906,BENZPHETAMINE HYDROCHLORIDE,C[C@@H](Cc1ccccc1)N(C)Cc1ccccc1.Cl,0.056,False,0.271,0.003,0.0631,0.9359
1579,,CHEMBL1200955,MYCOPHENOLATE MOFETIL HYDROCHLORIDE,COc1c(C)c2c(c(O)c1C/C=C(\C)CCC(=O)OCCN1CCOCC1)C(=O)OC2.Cl,0.0559,False,0.256,0.0049,0.0359,0.9904
1580,,CHEMBL1788403,BIOALLETHRIN,C=CCC1=C(C)C(OC(=O)[C@@H]2[C@@H](C=C(C)C)C2(C)C)CC1=O,0.0556,False,0.155,0.0017,0.2382,0.4344
1581,333.0,CHEMBL633,AMIODARONE,CCCCc1oc2ccccc2c1C(=O)c1cc(I)c(OCCN(CC)CC)c(I)c1,0.0555,True,0.372,0.0992,0.0145,0.1193
1582,334.0,CHEMBL1480,FELODIPINE,CCOC(=O)C1=C(C)NC(C)=C(C(=O)OC)C1c1cccc(Cl)c1Cl,0.0554,True,0.308,0.0104,0.0984,0.1664
1583,,CHEMBL1308,FOMEPIZOLE,Cc1cn[nH]c1,0.0553,False,0.217,0.0295,0.2551,0.0225
1584,,CHEMBL468,THALIDOMIDE,O=C1CCC(N2C(=O)c3ccccc3C2=O)C(=O)N1,0.0553,False,0.255,0.0085,0.1721,0.1155
1585,,CHEMBL673,PARGYLINE,C#CCN(C)Cc1ccccc1,0.0553,False,0.25,0.0018,0.094,0.9748
1586,,CHEMBL1744447,ROSUVASTATIN CALCIUM,CC(C)c1nc(N(C)S(C)(=O)=O)nc(-c2ccc(F)cc2)c1/C=C/[C@@H](O)C[C@@H](O)CC(=O)[O-].CC(C)c1nc(N(C)S(C)(=O)=O)nc(-c2ccc(F)cc2)c1/C=C/[C@@H](O)C[C@@H](O)CC(=O)[O-].[Ca+2],0.0553,False,0.22,0.0195,0.0874,0.0994
1587,,CHEMBL3989556,REMOXIPRIDE HYDROCHLORIDE,CCN1CCC[C@H]1CNC(=O)c1c(OC)ccc(Br)c1OC.Cl.O,0.0552,False,0.265,0.0277,0.0257,0.2365
1588,,CHEMBL2105749,SAMIDORPHAN L-MALATE,NC(=O)c1ccc2c(c1O)[C@]13CCN(CC4CC4)[C@H](C2)[C@]1(O)CCC(=O)C3.O=C(O)C[C@H](O)C(=O)O,0.0551,False,0.202,0.0006,0.6109,0.4666
1589,335.0,CHEMBL1148,TORSEMIDE,Cc1cccc(Nc2ccncc2S(=O)(=O)NC(=O)NC(C)C)c1,0.055,True,0.361,0.0833,0.0763,0.0262
1590,,CHEMBL3182733,PRAMIPEXOLE DIHYDROCHLORIDE,CCCN[C@H]1CCc2nc(N)sc2C1.Cl.Cl.O,0.055,False,0.174,0.0724,0.0037,0.6226
1591,,CHEMBL317094,IMIDAPRIL,CCOC(=O)[C@H](CCc1ccccc1)N[C@@H](C)C(=O)N1C(=O)N(C)C[C@H]1C(=O)O,0.055,False,0.295,0.0015,0.2484,0.4482
1592,,CHEMBL1251,GANIRELIX,CC/N=C(\NCC)NCCCC[C@H](NC(=O)[C@H](CC(C)C)NC(=O)[C@@H](CCCCN/C(=N/CC)NCC)NC(=O)[C@H](Cc1ccc(O)cc1)NC(=O)[C@H](CO)NC(=O)[C@@H](Cc1cccnc1)NC(=O)[C@@H](Cc1ccc(Cl)cc1)NC(=O)[C@@H](Cc1ccc2ccccc2c1)NC(C)=O)C(=O)N1CCC[C@H]1C(=O)N[C@H](C)C(N)=O,0.0548,False,0.23,0.0002,0.8362,0.9984
1593,336.0,CHEMBL4650485,PIRTOBRUTINIB,COc1ccc(F)cc1C(=O)NCc1ccc(-c2nn([C@@H](C)C(F)(F)F)c(N)c2C(N)=O)cc1,0.0548,True,0.362,0.0215,0.1544,0.0495
1594,,CHEMBL1484,NICARDIPINE,COC(=O)C1=C(C)NC(C)=C(C(=O)OCCN(C)Cc2ccccc2)C1c1cccc([N+](=O)[O-])c1,0.0547,False,0.284,0.0038,0.0863,0.5009
1595,337.0,CHEMBL1200841,PROCAINE HYDROCHLORIDE,CCN(CC)CCOC(=O)c1ccc(N)cc1.Cl,0.0547,True,0.303,0.001,0.4029,0.4262
1596,,CHEMBL3989915,DIFELIKEFALIN,CC(C)C[C@@H](NC(=O)[C@@H](Cc1ccccc1)NC(=O)[C@H](N)Cc1ccccc1)C(=O)N[C@H](CCCCN)C(=O)N1CCC(N)(C(=O)O)CC1,0.0546,False,0.268,0.0008,0.2114,0.979
1597,338.0,CHEMBL3188267,CAPMATINIB,CNC(=O)c1ccc(-c2cnc3ncc(Cc4ccc5ncccc5c4)n3n2)cc1F,0.0545,True,0.33,0.0472,0.0556,0.0617
1598,,CHEMBL261772,MECLOCYCLINE SULFOSALICYLATE,C=C1c2c(Cl)ccc(O)c2C(=O)C2=C(O)[C@]3(O)C(=O)C(C(N)=O)=C(O)[C@@H](N(C)C)[C@@H]3[C@@H](O)[C@H]12.O=C(O)c1cc(S(=O)(=O)O)ccc1O,0.0543,False,0.237,0.0018,0.4471,0.2014
1599,339.0,CHEMBL569,PROCAINE,CCN(CC)CCOC(=O)c1ccc(N)cc1,0.0543,True,0.308,0.0007,0.4301,0.5066
1600,340.0,CHEMBL1652,AMBENONIUM,CC[N+](CC)(CCNC(=O)C(=O)NCC[N+](CC)(CC)Cc1ccccc1Cl)Cc1ccccc1Cl,0.0541,True,0.3,0.0084,0.0463,0.4073
1601,,CHEMBL4298171,LINZAGOLIX CHOLINE,COc1cc(F)c(-n2c(=O)[nH]c3csc(C(=O)[O-])c3c2=O)cc1OCc1c(OC)ccc(F)c1F.C[N+](C)(C)CCO,0.054,False,0.242,0.1314,0.0286,0.042
1602,,CHEMBL231813,TELAPREVIR,CCC[C@H](NC(=O)[C@@H]1[C@H]2CCC[C@H]2CN1C(=O)[C@@H](NC(=O)[C@@H](NC(=O)c1cnccn1)C1CCCCC1)C(C)(C)C)C(=O)C(=O)NC1CC1,0.0539,False,0.234,0.0046,0.0781,0.4328
1603,,CHEMBL1200360,IOFETAMINE HYDROCHLORIDE I 123,CC(C)NC(C)Cc1ccc([123I])cc1.Cl,0.0538,False,0.2,0.6008,0.0089,0.0293
1604,,CHEMBL2103743,TOFACITINIB CITRATE,C[C@@H]1CCN(C(=O)CC#N)C[C@@H]1N(C)c1ncnc2[nH]ccc12.O=C(O)CC(O)(CC(=O)O)C(=O)O,0.0537,False,0.245,0.011,0.1354,0.1036
1605,341.0,CHEMBL1116,RALOXIFENE HYDROCHLORIDE,Cl.O=C(c1ccc(OCCN2CCCCC2)cc1)c1c(-c2ccc(O)cc2)sc2cc(O)ccc12,0.0537,True,0.394,0.006,0.2302,0.1124
1606,,CHEMBL544665,FINGOLIMOD HYDROCHLORIDE,CCCCCCCCc1ccc(CCC(N)(CO)CO)cc1.Cl,0.0536,False,0.246,0.0008,0.1952,0.9716
1607,,CHEMBL1518,PROPYLTHIOURACIL,CCCc1cc(=O)[nH]c(=S)[nH]1,0.0535,False,0.19,0.026,0.2368,0.0249
1608,,CHEMBL1200366,CEPHALEXIN HYDROCHLORIDE,CC1=C(C(=O)O)N2C(=O)[C@@H](NC(=O)[C@H](N)c3ccccc3)[C@H]2SC1.Cl.O,0.0534,False,0.208,0.0037,0.5384,0.0766
1609,,CHEMBL1200695,PHENYLPROPANOLAMINE HYDROCHLORIDE,CC(N)C(O)c1ccccc1.Cl,0.0534,False,0.245,0.0419,0.1967,0.0185
1610,,CHEMBL1631694,FEXINIDAZOLE,CSc1ccc(OCc2ncc([N+](=O)[O-])n2C)cc1,0.0534,False,0.246,0.0227,0.0664,0.1008
1611,,CHEMBL787,MONTELUKAST,CC(C)(O)c1ccccc1CC[C@@H](SCC1(CC(=O)O)CC1)c1cccc(/C=C/c2ccc3ccc(Cl)cc3n2)c1,0.0533,False,0.208,0.0096,0.094,0.1685
1612,342.0,CHEMBL1200492,NEFAZODONE HYDROCHLORIDE,CCc1nn(CCCN2CCN(c3cccc(Cl)c3)CC2)c(=O)n1CCOc1ccccc1.Cl,0.0533,True,0.346,0.0087,0.021,0.8329
1613,,CHEMBL1469,PHENYLBUTANOIC ACID,O=C(O)CCCc1ccccc1,0.0532,False,0.326,0.0012,0.1914,0.6464
1614,,CHEMBL1069,VALSARTAN,CCCCC(=O)N(Cc1ccc(-c2ccccc2-c2nnn[nH]2)cc1)[C@H](C(=O)O)C(C)C,0.053,False,0.247,0.0458,0.0733,0.0444
1615,,CHEMBL462394,METRIZAMIDE,CC(=O)Nc1c(I)c(C(=O)N[C@H]2C(O)O[C@H](CO)[C@@H](O)[C@@H]2O)c(I)c(N(C)C(C)=O)c1I,0.053,False,0.168,0.0247,0.0094,0.6416
1616,,CHEMBL920,CHOLINE,C[N+](C)(C)CCO,0.053,False,0.138,0.0248,0.0252,0.2378
1617,343.0,CHEMBL3301670,DIFEMERINE HYDROCHLORIDE,CN(C)CC(C)(C)OC(=O)C(O)(c1ccccc1)c1ccccc1.Cl,0.0528,True,0.333,0.0341,0.0316,0.1367
1618,,CHEMBL481,IRINOTECAN,CCc1c2c(nc3ccc(OC(=O)N4CCC(N5CCCCC5)CC4)cc13)-c1cc3c(c(=O)n1C2)COC(=O)[C@]3(O)CC,0.0527,False,0.264,0.0087,0.0171,0.9807
1619,,CHEMBL3991065,ATOGEPANT,C[C@@H]1[C@H](c2c(F)ccc(F)c2F)C[C@H](NC(=O)c2cnc3c(c2)C[C@@]2(C3)C(=O)Nc3ncccc32)C(=O)N1CC(F)(F)F,0.0526,False,0.254,0.0232,0.0063,0.9924
1620,,CHEMBL434200,TERTATOLOL,CC(C)(C)NCC(O)COc1cccc2c1SCCC2,0.0525,False,0.246,0.0135,0.0113,0.9494
1621,,CHEMBL1040,CALCIFEDIOL ANHYDROUS,C=C1CC[C@H](O)C/C1=C/C=C1\CCC[C@]2(C)[C@@H]([C@H](C)CCCC(C)(C)O)CC[C@@H]12,0.0525,False,0.128,0.0023,0.0827,0.7747
1622,,CHEMBL651,METHADONE,CCC(=O)C(CC(C)N(C)C)(c1ccccc1)c1ccccc1,0.0525,False,0.283,0.0074,0.082,0.2371
1623,344.0,CHEMBL1738990,LEVOPROPOXYPHENE,CCC(=O)O[C@@](Cc1ccccc1)(c1ccccc1)[C@@H](C)CN(C)C,0.0524,True,0.318,0.0132,0.0378,0.2895
1624,,CHEMBL476960,VOGLIBOSE,OCC(CO)N[C@H]1C[C@](O)(CO)[C@@H](O)[C@H](O)[C@H]1O,0.0523,False,0.18,0.0299,0.0048,0.9954
1625,,CHEMBL1201340,DIPHEMANIL,C[N+]1(C)CCC(=C(c2ccccc2)c2ccccc2)CC1,0.0522,False,0.244,0.0155,0.0214,0.4299
1626,,CHEMBL2104594,CALCIUM GLUBIONATE,O.O=C([O-])[C@H](O)[C@@H](O)[C@H](O)[C@H](O)CO.O=C([O-])[C@H](O)[C@@H](O)[C@H](O[C@@H]1O[C@H](CO)[C@H](O)[C@H](O)[C@H]1O)[C@H](O)CO.[Ca+2],0.0521,False,0.207,0.0128,0.087,0.1267
1627,,CHEMBL1254682,LEVALLORPHAN,C=CCN1CC[C@]23CCCC[C@H]2[C@H]1Cc1ccc(O)cc13,0.0521,False,0.206,0.0005,0.5543,0.5273
1628,,CHEMBL1568057,METAPROTERENOL SULFATE,CC(C)NCC(O)c1cc(O)cc(O)c1.CC(C)NCC(O)c1cc(O)cc(O)c1.O=S(=O)(O)O,0.052,False,0.225,0.0065,0.2777,0.0781
1629,,CHEMBL1201059,PROGUANIL HYDROCHLORIDE,CC(C)NC(=N)NC(=N)Nc1ccc(Cl)cc1.Cl,0.0516,False,0.293,1e-04,0.9953,0.9994
1630,,CHEMBL1089318,OPICAPONE,Cc1c(Cl)c(C)[n+]([O-])c(Cl)c1-c1noc(-c2cc(O)c(O)c([N+](=O)[O-])c2)n1,0.0516,False,0.219,0.0734,0.1488,0.0126
1631,,CHEMBL2219740,CALCIUM GLUBIONATE ANHYDROUS,O=C([O-])[C@H](O)[C@@H](O)[C@H](O)[C@H](O)CO.O=C([O-])[C@H](O)[C@@H](O)[C@H](O[C@@H]1O[C@H](CO)[C@H](O)[C@H](O)[C@H]1O)[C@H](O)CO.[Ca+2],0.0515,False,0.209,0.0132,0.0857,0.1207
1632,,CHEMBL1201322,THONZONIUM,CCCCCCCCCCCCCCCC[N+](C)(C)CCN(Cc1ccc(OC)cc1)c1ncccn1,0.0515,False,0.279,0.0057,0.0277,0.8593
1633,,CHEMBL1200426,METHIXENE HYDROCHLORIDE,CN1CCCC(CC2c3ccccc3Sc3ccccc32)C1.Cl.O,0.0514,False,0.273,0.0124,0.011,0.9982
1634,,CHEMBL1694,BENAZEPRIL HYDROCHLORIDE,CCOC(=O)[C@H](CCc1ccccc1)N[C@H]1CCc2ccccc2N(CC(=O)O)C1=O.Cl,0.0512,False,0.28,0.0036,0.2214,0.1695
1635,,CHEMBL22242,REMOXIPRIDE,CCN1CCC[C@H]1CNC(=O)c1c(OC)ccc(Br)c1OC,0.0512,False,0.272,0.0267,0.0176,0.2869
1636,,CHEMBL184,ACYCLOVIR,Nc1nc2c(ncn2COCCO)c(=O)[nH]1,0.0512,False,0.221,0.1936,0.0385,0.018
1637,,CHEMBL1456,MYCOPHENOLATE MOFETIL,COc1c(C)c2c(c(O)c1C/C=C(\C)CCC(=O)OCCN1CCOCC1)C(=O)OC2,0.0511,False,0.25,0.0043,0.0313,0.99
1638,,CHEMBL1739,METOCURINE IODIDE,COc1ccc2cc1Oc1cc3c(cc1OC)CC[N+](C)(C)[C@H]3Cc1ccc(cc1)Oc1c(OC)c(OC)cc3c1[C@@H](C2)[N+](C)(C)CC3.[I-].[I-],0.051,False,0.203,0.0416,0.0032,0.9997
1639,345.0,CHEMBL1200461,MIDODRINE HYDROCHLORIDE,COc1ccc(OC)c(C(O)CNC(=O)CN)c1.Cl,0.0508,True,0.318,0.0123,0.0311,0.3432
1640,,CHEMBL1564,DIPHENYLPYRALINE HYDROCHLORIDE,CN1CCC(OC(c2ccccc2)c2ccccc2)CC1.Cl,0.0507,False,0.294,0.0066,0.0275,0.717
1641,,CHEMBL746,NEDOCROMIL,CCCc1c2oc(C(=O)O)cc(=O)c2cc2c(=O)cc(C(=O)O)n(CC)c12,0.0506,False,0.195,0.0535,0.1927,0.0126
1642,,CHEMBL284348,DALFAMPRIDINE,Nc1ccncc1,0.0505,False,0.289,0.0329,0.0581,0.0673
1643,,CHEMBL589,ROPINIROLE,CCCN(CCC)CCc1cccc2c1CC(=O)N2,0.0503,False,0.284,0.1154,0.0011,0.9986
1644,,CHEMBL521606,NADOLOL,CC(C)(C)NCC(O)COc1cccc2c1CC(O)C(O)C2,0.0503,False,0.243,0.0129,0.0099,0.9942
1645,346.0,CHEMBL81,RALOXIFENE,O=C(c1ccc(OCCN2CCCCC2)cc1)c1c(-c2ccc(O)cc2)sc2cc(O)ccc12,0.05,True,0.379,0.0055,0.2131,0.1058
1646,,CHEMBL126,LINEZOLID,CC(=O)NC[C@H]1CN(c2ccc(N3CCOCC3)c(F)c2)C(=O)O1,0.0498,False,0.272,0.0026,0.0873,0.5541
1647,,CHEMBL1200578,THEOPHYLLINE SODIUM GLYCINATE,Cn1c(=O)c2[nH]cnc2n(C)c1=O.NCC(=O)[O-].[Na+],0.0498,False,0.24,0.1101,0.175,0.0064
1648,,CHEMBL1697686,CLOFOREX,CCOC(=O)NC(C)(C)Cc1ccc(Cl)cc1,0.0498,False,0.27,0.0029,0.32,0.1344
1649,347.0,CHEMBL256907,MARAVIROC,Cc1nnc(C(C)C)n1[C@H]1C[C@H]2CC[C@@H](C1)N2CC[C@H](NC(=O)C1CCC(F)(F)CC1)c1ccccc1,0.0498,True,0.304,0.002,0.1122,0.5402
1650,,CHEMBL1200544,CEPHALEXIN,CC1=C(C(=O)O)N2C(=O)[C@@H](NC(=O)[C@H](N)c3ccccc3)[C@H]2SC1.O,0.0498,False,0.207,0.0032,0.4939,0.0782
1651,348.0,CHEMBL623,NEFAZODONE,CCc1nn(CCCN2CCN(c3cccc(Cl)c3)CC2)c(=O)n1CCOc1ccccc1,0.0496,True,0.35,0.0077,0.019,0.8291
1652,,CHEMBL1200434,OXTRIPHYLLINE,C[N+](C)(C)CCO.Cn1c(=O)c2[n-]cnc2n(C)c1=O,0.0496,False,0.25,0.1479,0.0343,0.0241
1653,,CHEMBL277535,BIFONAZOLE,c1ccc(-c2ccc(C(c3ccccc3)n3ccnc3)cc2)cc1,0.0495,False,0.246,0.1402,0.1217,0.0071
1654,,CHEMBL1200813,ACEBUTOLOL HYDROCHLORIDE,CCCC(=O)Nc1ccc(OCC(O)CNC(C)C)c(C(C)=O)c1.Cl,0.0494,False,0.268,0.0006,0.237,0.9071
1655,,CHEMBL454,BUTALBITAL,C=CCC1(CC(C)C)C(=O)NC(=O)NC1=O,0.0494,False,0.173,0.0027,0.338,0.1334
1656,,CHEMBL1378,THIETHYLPERAZINE,CCSc1ccc2c(c1)N(CCCN1CCN(C)CC1)c1ccccc1S2,0.0493,False,0.278,0.0115,0.0104,0.995
1657,,CHEMBL1334078,SODIUM HYPOCHLORITE,[Na+].[O-]Cl,0.049,False,0.043,0.026,0.3453,0.0131
1658,,CHEMBL569713,SCOPOLAMINE,CN1[C@@H]2C[C@@H](OC(=O)[C@H](CO)c3ccccc3)C[C@H]1[C@@H]1O[C@@H]12,0.0489,False,0.266,0.0018,0.0972,0.6848
1659,,CHEMBL838,BENAZEPRIL,CCOC(=O)[C@H](CCc1ccccc1)N[C@H]1CCc2ccccc2N(CC(=O)O)C1=O,0.0489,False,0.268,0.0034,0.2087,0.1668
1660,,CHEMBL1200610,LORACARBEF,N[C@@H](C(=O)N[C@@H]1C(=O)N2C(C(=O)O)=C(Cl)CC[C@H]12)c1ccccc1.O,0.0489,False,0.203,0.004,0.3408,0.0858
1661,,CHEMBL1727,CEPHALEXIN ANHYDROUS,CC1=C(C(=O)O)N2C(=O)[C@@H](NC(=O)[C@H](N)c3ccccc3)[C@H]2SC1,0.0489,False,0.209,0.003,0.4425,0.0892
1662,349.0,CHEMBL7568,QUINACRINE,CCN(CC)CCCC(C)Nc1c2ccc(Cl)cc2nc2ccc(OC)cc12,0.0485,True,0.308,0.031,0.0693,0.0533
1663,,CHEMBL46917,CARBARIL,CNC(=O)Oc1cccc2ccccc12,0.0484,False,0.306,0.0171,0.4185,0.0159
1664,,CHEMBL1200347,ISOPROPAMIDE IODIDE,CC(C)[N+](C)(CCC(C(N)=O)(c1ccccc1)c1ccccc1)C(C)C.[I-],0.0483,False,0.22,0.0085,0.0401,0.3298
1665,,CHEMBL3544909,CALCIFEDIOL,C=C1CC[C@H](O)C/C1=C/C=C1\CCC[C@]2(C)[C@@H]([C@H](C)CCCC(C)(C)O)CC[C@@H]12.O,0.0483,False,0.132,0.0021,0.0797,0.6805
1666,351.0,CHEMBL1201347,ANILERIDINE,CCOC(=O)C1(c2ccccc2)CCN(CCc2ccc(N)cc2)CC1,0.0483,True,0.319,0.0005,0.474,0.5078
1667,352.0,CHEMBL1213351,PROPOXYPHENE,CCC(=O)O[C@](Cc1ccccc1)(c1ccccc1)[C@H](C)CN(C)C,0.0483,True,0.318,0.0127,0.0283,0.3136
1668,350.0,CHEMBL557555,CIPROFIBRATE,CC(C)(Oc1ccc(C2CC2(Cl)Cl)cc1)C(=O)O,0.0483,True,0.304,0.0231,0.0511,0.0955
1669,353.0,CHEMBL1237104,PROPOXYPHENE HYDROCHLORIDE,CCC(=O)O[C@](Cc1ccccc1)(c1ccccc1)[C@H](C)CN(C)C.Cl,0.0482,True,0.333,0.0127,0.0319,0.277
1670,,CHEMBL1200745,OXPRENOLOL HYDROCHLORIDE,C=CCOc1ccccc1OCC(O)CNC(C)C.Cl,0.0481,False,0.288,0.0013,0.0869,0.989
1671,354.0,CHEMBL1201212,MIDODRINE,COc1ccc(OC)c(C(O)CNC(=O)CN)c1,0.0481,True,0.323,0.0116,0.0279,0.3463
1672,,CHEMBL1698,BUPROPION HYDROCHLORIDE,CC(NC(C)(C)C)C(=O)c1cccc(Cl)c1.Cl,0.048,False,0.29,0.032,0.156,0.0222
1673,,CHEMBL2105941,AMOBARBITAL SODIUM,CCC1(CCC(C)C)C(=O)N=C([O-])NC1=O.[Na+],0.0479,False,0.157,0.001,0.4369,0.2512
1674,,CHEMBL1068,OXCARBAZEPINE,NC(=O)N1c2ccccc2CC(=O)c2ccccc21,0.0479,False,0.26,0.0192,0.0567,0.1014
1675,,CHEMBL1013,LORACARBEF ANHYDROUS,N[C@@H](C(=O)N[C@@H]1C(=O)N2C(C(=O)O)=C(Cl)CC[C@H]12)c1ccccc1,0.0479,False,0.206,0.0038,0.2988,0.0972
1676,,CHEMBL894,BUPROPION,CC(NC(C)(C)C)C(=O)c1cccc(Cl)c1,0.0478,False,0.294,0.0301,0.1603,0.0226
1677,,CHEMBL591,ETHCHLORVYNOL,C#CC(O)(/C=C/Cl)CC,0.0478,False,0.13,0.0117,0.6073,0.0154
1678,,CHEMBL821,GUANIDINE,N=C(N)N,0.0478,False,0.116,0.0006,0.261,0.7568
1679,,CHEMBL4297088,CHLORHEXIDINE GLUCONATE,N=C(NCCCCCCNC(=N)NC(=N)Nc1ccc(Cl)cc1)NC(=N)Nc1ccc(Cl)cc1.O=C(O)[C@H](O)[C@@H](O)[C@H](O)[C@H](O)CO.O=C(O)[C@H](O)[C@@H](O)[C@H](O)[C@H](O)CO,0.0478,False,0.253,1e-04,0.9774,0.9968
1680,,CHEMBL2063090,GRAZOPREVIR ANHYDROUS,C=C[C@@H]1C[C@]1(NC(=O)[C@@H]1C[C@@H]2CN1C(=O)[C@H](C(C)(C)C)NC(=O)O[C@@H]1C[C@H]1CCCCCc1nc3ccc(OC)cc3nc1O2)C(=O)NS(=O)(=O)C1CC1,0.0477,False,0.204,0.0049,0.0299,0.7385
1681,355.0,CHEMBL1108,DROPERIDOL,O=C(CCCN1CC=C(n2c(=O)[nH]c3ccccc32)CC1)c1ccc(F)cc1,0.0477,True,0.345,0.0076,0.1709,0.0835
1682,,CHEMBL1200852,PENICILLIN V POTASSIUM,CC1(C)S[C@@H]2[C@H](NC(=O)COc3ccccc3)C(=O)N2[C@H]1C(=O)[O-].[K+],0.0476,False,0.256,0.0029,0.2562,0.1448
1683,356.0,CHEMBL1200825,METHADONE HYDROCHLORIDE,CCC(=O)C(CC(C)N(C)C)(c1ccccc1)c1ccccc1.Cl,0.0475,True,0.304,0.0068,0.083,0.1903
1684,,CHEMBL2105233,PROXIBARBAL,C=CCC1(CC(C)O)C(=O)NC(=O)NC1=O,0.0474,False,0.175,0.0025,0.3337,0.1275
1685,,CHEMBL1131,ACITRETIN,COc1cc(C)c(/C=C/C(C)=C/C=C/C(C)=C/C(=O)O)c(C)c1C,0.0473,False,0.242,0.0134,0.0226,0.3511
1686,,CHEMBL1446650,MEBEVERINE HYDROCHLORIDE,CCN(CCCCOC(=O)c1ccc(OC)c(OC)c1)C(C)Cc1ccc(OC)cc1.Cl,0.0473,False,0.292,0.0014,0.2884,0.2658
1687,,CHEMBL4084119,LIRAGLUTIDE,CCCCCCCCCCCCCCCC(=O)N[C@@H](CCC(=O)NCCCC[C@H](NC(=O)[C@H](C)NC(=O)[C@H](C)NC(=O)[C@H](CCC(N)=O)NC(=O)CNC(=O)[C@H](CCC(=O)O)NC(=O)[C@H](CC(C)C)NC(=O)[C@H](Cc1ccc(O)cc1)NC(=O)[C@H](CO)NC(=O)[C@H](CO)NC(=O)[C@@H](NC(=O)[C@H](CC(=O)O)NC(=O)[C@H](CO)NC(=O)[C@@H](NC(=O)[C@H](Cc1ccccc1)NC(=O)[C@@H](NC(=O)CNC(=O)[C@H](CCC(=O)O)NC(=O)[C@H](C)NC(=O)[C@@H](N)Cc1cnc[nH]1)[C@@H](C)O)[C@@H](C)O)C(C)C)C(=O)N[C@@H](CCC(=O)O)C(=O)N[C@@H](Cc1ccccc1)C(=O)N[C@H](C(=O)N[C@@H](C)C(=O)N[C@@H](Cc1c[nH]c2ccccc12)C(=O)N[C@@H](CC(C)C)C(=O)N[C@H](C(=O)N[C@@H](CCCNC(=N)N)C(=O)NCC(=O)N[C@@H](CCCNC(=N)N)C(=O)NCC(=O)O)C(C)C)[C@@H](C)CC)C(=O)O,0.0472,False,0.304,0.0002,0.6003,0.9686
1688,357.0,CHEMBL3142541,BUTAMBEN PICRATE,CCCCOC(=O)c1ccc(N)cc1.CCCCOC(=O)c1ccc(N)cc1.O=[N+]([O-])c1cc([N+](=O)[O-])c(O)c([N+](=O)[O-])c1,0.0472,True,0.312,0.0403,0.1451,0.018
1689,358.0,CHEMBL63857,PHENOLPHTHALEIN,O=C1OC(c2ccc(O)cc2)(c2ccc(O)cc2)c2ccccc21,0.0471,True,0.372,0.0027,0.2023,0.1923
1690,,CHEMBL3989529,ETHANOLAMINE OLEATE,CCCCCCCC/C=C\CCCCCCCC(=O)O.NCCO,0.0471,False,0.267,0.0007,0.2004,0.7917
1691,,CHEMBL544,MEQUINOL,COc1ccc(O)cc1,0.047,False,0.583,0.0008,0.5072,0.2482
1692,,CHEMBL36715,PIRACETAM,NC(=O)CN1CCCC1=O,0.047,False,0.257,0.0035,0.271,0.11
1693,,CHEMBL2178422,RIMEGEPANT,N[C@@H]1c2cccnc2[C@H](OC(=O)N2CCC(n3c(=O)[nH]c4ncccc43)CC2)CC[C@H]1c1cccc(F)c1F,0.047,False,0.211,0.0181,0.012,0.4774
1694,,CHEMBL282121,MEBEVERINE,CCN(CCCCOC(=O)c1ccc(OC)c(OC)c1)C(C)Cc1ccc(OC)cc1,0.0468,False,0.296,0.001,0.3175,0.3199
1695,,CHEMBL1201232,ISOPROPAMIDE,CC(C)[N+](C)(CCC(C(N)=O)(c1ccccc1)c1ccccc1)C(C)C,0.0468,False,0.224,0.0067,0.043,0.3551
1696,,CHEMBL2104356,KETAZOLAM,CC1=CC(=O)N2CC(=O)N(C)c3ccc(Cl)cc3C2(c2ccccc2)O1,0.0467,False,0.213,0.0023,0.6723,0.0662
1697,,CHEMBL638,VORICONAZOLE,C[C@@H](c1ncncc1F)[C@](O)(Cn1cncn1)c1ccc(F)cc1F,0.0465,False,0.261,0.099,0.1005,0.0101
1698,,CHEMBL1200405,BITOLTEROL MESYLATE,CS(=O)(=O)O.Cc1ccc(C(=O)Oc2ccc(C(O)CNC(C)(C)C)cc2OC(=O)c2ccc(C)cc2)cc1,0.0465,False,0.243,0.017,0.1591,0.0371
1699,359.0,CHEMBL1535,HYDROXYCHLOROQUINE,CCN(CCO)CCCC(C)Nc1ccnc2cc(Cl)ccc12,0.0463,True,0.329,0.0212,0.0888,0.0527
1700,360.0,CHEMBL681,ETOMIDATE,CCOC(=O)c1cncn1[C@H](C)c1ccccc1,0.0462,True,0.357,0.0337,0.3568,0.0082
1701,,CHEMBL642,ACEBUTOLOL,CCCC(=O)Nc1ccc(OCC(O)CNC(C)C)c(C(C)=O)c1,0.0462,False,0.272,0.0005,0.2286,0.8973
1702,361.0,CHEMBL2104287,DIBENZEPIN HYDROCHLORIDE,CN(C)CCN1C(=O)c2ccccc2N(C)c2ccccc21.Cl,0.0462,True,0.388,0.0147,0.0336,0.1993
1703,362.0,CHEMBL1423,PIMOZIDE,O=c1[nH]c2ccccc2n1C1CCN(CCCC(c2ccc(F)cc2)c2ccc(F)cc2)CC1,0.0461,True,0.321,0.0063,0.12,0.1296
1704,,CHEMBL465,DRONABINOL,CCCCCc1cc(O)c2c(c1)OC(C)(C)[C@@H]1CCC(C)=C[C@@H]21,0.0461,False,0.186,0.0044,0.0229,0.9655
1705,,CHEMBL1200771,TRIDIHEXETHYL CHLORIDE,CC[N+](CC)(CC)CCC(O)(c1ccccc1)C1CCCCC1.[Cl-],0.046,False,0.241,0.0032,0.0312,0.9646
1706,,CHEMBL1200975,CLOCORTOLONE PIVALATE,C[C@@H]1C[C@H]2[C@@H]3C[C@H](F)C4=CC(=O)C=C[C@]4(C)[C@@]3(Cl)[C@@H](O)C[C@]2(C)[C@H]1C(=O)COC(=O)C(C)(C)C,0.046,False,0.171,0.0012,0.0903,0.9272
1707,,CHEMBL43064,CINNARIZINE,C(=C/c1ccccc1)\CN1CCN(C(c2ccccc2)c2ccccc2)CC1,0.046,False,0.261,0.0085,0.0819,0.1398
1708,,CHEMBL1407915,NEFOPAM HYDROCHLORIDE,CN1CCOC(c2ccccc2)c2ccccc2C1.Cl,0.046,False,0.225,0.0109,0.0092,0.9727
1709,,CHEMBL1200341,INDECAINIDE HYDROCHLORIDE,CC(C)NCCCC1(C(N)=O)c2ccccc2-c2ccccc21.Cl,0.0459,False,0.286,0.004,0.0641,0.3811
1710,363.0,CHEMBL1201047,ANILERIDINE HYDROCHLORIDE,CCOC(=O)C1(c2ccccc2)CCN(CCc2ccc(N)cc2)CC1.Cl,0.0459,True,0.333,0.0005,0.4543,0.4314
1711,,CHEMBL2105740,SITAXENTAN SODIUM,Cc1cc2c(cc1CC(=O)c1sccc1S(=O)(=O)[N-]c1onc(C)c1Cl)OCO2.[Na+],0.0459,False,0.217,0.0556,0.0023,0.7514
1712,,CHEMBL1492,DIPHENYLPYRALINE,CN1CCC(OC(c2ccccc2)c2ccccc2)CC1,0.0458,False,0.299,0.0074,0.017,0.7689
1713,,CHEMBL1200630,CYSTEINE HYDROCHLORIDE,Cl.N[C@@H](CS)C(=O)O,0.0457,False,0.271,0.0011,0.177,0.473
1714,364.0,CHEMBL3936761,ZANUBRUTINIB,C=CC(=O)N1CCC([C@@H]2CCNc3c(C(N)=O)c(-c4ccc(Oc5ccccc5)cc4)nn32)CC1,0.0457,True,0.384,0.01,0.1323,0.0719
1715,,CHEMBL1259,METOCURINE,COc1ccc2cc1Oc1cc3c(cc1OC)CC[N+](C)(C)[C@H]3Cc1ccc(cc1)Oc1c(OC)c(OC)cc3c1[C@@H](C2)[N+](C)(C)CC3,0.0456,False,0.205,0.0332,0.0028,0.9997
1716,365.0,CHEMBL2024517,CARIPRAZINE HYDROCHLORIDE,CN(C)C(=O)N[C@H]1CC[C@H](CCN2CCN(c3cccc(Cl)c3Cl)CC2)CC1.Cl,0.0456,True,0.325,0.0064,0.0158,0.9366
1717,367.0,CHEMBL1678,DONEPEZIL HYDROCHLORIDE,COc1cc2c(cc1OC)C(=O)C(CC1CCN(Cc3ccccc3)CC1)C2.Cl,0.0454,True,0.355,0.0034,0.0288,0.9656
1718,366.0,CHEMBL1200368,BENTIROMIDE,O=C(O)c1ccc(NC(=O)[C@H](Cc2ccc(O)cc2)NC(=O)c2ccccc2)cc1,0.0454,True,0.307,1e-04,0.7776,0.881
1719,,CHEMBL314854,FINGOLIMOD,CCCCCCCCc1ccc(CCC(N)(CO)CO)cc1,0.0453,False,0.25,0.0006,0.1731,0.9767
1720,368.0,CHEMBL1096882,FLUDARABINE PHOSPHATE,Nc1nc(F)nc2c1ncn2[C@@H]1O[C@H](COP(=O)(O)O)[C@@H](O)[C@@H]1O,0.0452,True,0.363,0.0854,0.0496,0.0218
1721,,CHEMBL1684,BENDROFLUMETHIAZIDE,NS(=O)(=O)c1cc2c(cc1C(F)(F)F)NC(Cc1ccccc1)NS2(=O)=O,0.0451,False,0.256,0.02,0.0083,0.5541
1722,,CHEMBL887,RASAGILINE,C#CCN[C@@H]1CCc2ccccc21,0.045,False,0.208,0.0133,0.0119,0.581
1723,,CHEMBL3301627,TENAPANOR HYDROCHLORIDE,CN1Cc2c(Cl)cc(Cl)cc2[C@H](c2cccc(S(=O)(=O)NCCOCCOCCNC(=O)NCCCCNC(=O)NCCOCCOCCNS(=O)(=O)c3cccc([C@@H]4CN(C)Cc5c(Cl)cc(Cl)cc54)c3)c2)C1.Cl.Cl,0.045,False,0.254,0.035,0.0079,0.3291
1724,,CHEMBL3545183,ETELCALCETIDE HYDROCHLORIDE,CC(=O)N[C@H](CSSC[C@H](N)C(=O)O)C(=O)N[C@H](C)C(=O)N[C@H](CCCNC(=N)N)C(=O)N[C@H](CCCNC(=N)N)C(=O)N[C@H](CCCNC(=N)N)C(=O)N[C@H](C)C(=O)N[C@H](CCCNC(=N)N)C(N)=O.Cl,0.0449,False,0.244,0.0004,0.2951,0.8669
1725,,CHEMBL6067972,VARENICLINE TARTRATE,O=C(O)[C@H](O)[C@@H](O)C(=O)O.c1cnc2cc3c(cc2n1)[C@@H]1CNC[C@H]3C1,0.0448,False,0.21,0.0195,0.0052,0.8759
1726,369.0,CHEMBL1442422,DIBENZEPIN,CN(C)CCN1C(=O)c2ccccc2N(C)c2ccccc21,0.0446,True,0.396,0.014,0.0298,0.2126
1727,370.0,CHEMBL101,PHENYLBUTAZONE,CCCCC1C(=O)N(c2ccccc2)N(c2ccccc2)C1=O,0.0445,True,0.306,0.0014,0.3077,0.2005
1728,371.0,CHEMBL1201067,BIPERIDEN LACTATE,CC(O)C(=O)O.OC(CCN1CCCCC1)(c1ccccc1)C1CC2C=CC1C2,0.0445,True,0.309,0.0005,0.2181,0.883
1729,,CHEMBL915,NEDOCROMIL SODIUM,CCCc1c2oc(C(=O)[O-])cc(=O)c2cc2c(=O)cc(C(=O)[O-])n(CC)c12.[Na+].[Na+],0.0445,False,0.193,0.0508,0.175,0.0099
1730,372.0,CHEMBL711,PHENINDIONE,O=C1c2ccccc2C(=O)C1c1ccccc1,0.0445,True,0.351,0.0212,0.0286,0.1455
1731,,CHEMBL469,KETOROLAC,O=C(c1ccccc1)c1ccc2n1CCC2C(=O)O,0.0444,False,0.281,0.0502,0.1494,0.0116
1732,,CHEMBL197084,TROFINETIDE,C[C@@]1(C(=O)N[C@@H](CCC(=O)O)C(=O)O)CCCN1C(=O)CN,0.0443,False,0.263,0.0003,0.3594,0.8496
1733,,CHEMBL225072,PEMETREXED,Nc1nc2[nH]cc(CCc3ccc(C(=O)N[C@@H](CCC(=O)O)C(=O)O)cc3)c2c(=O)[nH]1,0.0443,False,0.282,0.0043,0.1687,0.1197
1734,373.0,CHEMBL188921,BUFLOMEDIL,COc1cc(OC)c(C(=O)CCCN2CCCC2)c(OC)c1,0.0442,True,0.333,0.0039,0.0228,0.9642
1735,,CHEMBL2105675,TAFAMIDIS MEGLUMINE,CNC[C@H](O)[C@@H](O)[C@H](O)[C@H](O)CO.O=C(O)c1ccc2nc(-c3cc(Cl)cc(Cl)c3)oc2c1,0.0442,False,0.278,0.0326,0.0611,0.0433
1736,,CHEMBL4297503,BALOXAVIR MARBOXIL,COC(=O)OCOc1c2n(ccc1=O)N([C@@H]1c3ccccc3SCc3c1ccc(F)c3F)[C@@H]1COCCN1C2=O,0.0442,False,0.195,0.0043,0.1591,0.1273
1737,,CHEMBL919,FOSPHENYTOIN SODIUM,O=C1NC(c2ccccc2)(c2ccccc2)C(=O)N1COP(=O)([O-])[O-].[Na+].[Na+],0.0441,False,0.211,0.0031,0.226,0.1215
1738,,CHEMBL1237099,DOXACURIUM CHLORIDE,COc1cc(CC2c3c(cc(OC)c(OC)c3OC)CC[N+]2(C)CCCOC(=O)CCC(=O)OCCC[N+]2(C)CCc3cc(OC)c(OC)c(OC)c3C2Cc2cc(OC)c(OC)c(OC)c2)cc(OC)c1OC.[Cl-].[Cl-],0.044,False,0.239,0.0012,0.0754,0.9812
1739,,CHEMBL2364629,RIMEGEPANT SULFATE,N[C@@H]1c2cccnc2[C@H](OC(=O)N2CCC(n3c(=O)[nH]c4ncccc43)CC2)CC[C@H]1c1cccc(F)c1F.N[C@@H]1c2cccnc2[C@H](OC(=O)N2CCC(n3c(=O)[nH]c4ncccc43)CC2)CC[C@H]1c1cccc(F)c1F.O.O.O.O=S(=O)(O)O,0.044,False,0.207,0.0165,0.0193,0.2674
1740,,CHEMBL1963683,TAFLUPROST,CC(C)OC(=O)CCC/C=C\C[C@@H]1[C@@H](/C=C/C(F)(F)COc2ccccc2)[C@H](O)C[C@@H]1O,0.044,False,0.215,0.0094,0.0636,0.1421
1741,374.0,CHEMBL58323,LACOSAMIDE,COC[C@@H](NC(C)=O)C(=O)NCc1ccccc1,0.0439,True,0.311,0.0003,0.3493,0.9461
1742,,CHEMBL546,OXPRENOLOL,C=CCOc1ccccc1OCC(O)CNC(C)C,0.0437,False,0.293,0.001,0.0843,0.9892
1743,375.0,CHEMBL231779,APIXABAN,COc1ccc(-n2nc(C(N)=O)c3c2C(=O)N(c2ccc(N4CCCCC4=O)cc2)CC3)cc1,0.0437,True,0.314,0.0068,0.139,0.0891
1744,,CHEMBL1200382,BEPRIDIL HYDROCHLORIDE,CC(C)COCC(CN(Cc1ccccc1)c1ccccc1)N1CCCC1.Cl.O,0.0437,False,0.239,0.0027,0.0355,0.8791
1745,,CHEMBL1201242,INDECAINIDE,CC(C)NCCCC1(C(N)=O)c2ccccc2-c2ccccc21,0.0436,False,0.27,0.0038,0.0542,0.3986
1746,,CHEMBL1214124,PERAMPANEL,N#Cc1ccccc1-c1cc(-c2ccccn2)cn(-c2ccccc2)c1=O,0.0434,False,0.29,0.0689,0.1294,0.0092
1747,,CHEMBL1200681,MONTELUKAST SODIUM,CC(C)(O)c1ccccc1CC[C@@H](SCC1(CC(=O)[O-])CC1)c1cccc(/C=C/c2ccc3ccc(Cl)cc3n2)c1.[Na+],0.0433,False,0.216,0.008,0.0855,0.1188
1748,,CHEMBL1909283,MEBANAZINE,CC(NN)c1ccccc1,0.0432,False,0.264,0.0268,0.2049,0.0147
1749,,CHEMBL5095401,IPTACOPAN HYDROCHLORIDE,CCO[C@H]1CCN(Cc2c(OC)cc(C)c3[nH]ccc23)[C@H](c2ccc(C(=O)O)cc2)C1.Cl.O,0.0432,False,0.253,0.004,0.032,0.6365
1750,,CHEMBL1096,AMLEXANOX,CC(C)c1ccc2oc3nc(N)c(C(=O)O)cc3c(=O)c2c1,0.0431,False,0.237,0.0263,0.3301,0.0092
1751,,CHEMBL5095039,GALLIUM GA 68 GOZETOTIDE,O=C([O-])CN(CCN(CC(=O)[O-])Cc1cc(CCC(=O)NCCCCCC(=O)NCCCC[C@H](NC(=O)N[C@@H](CCC(=O)O)C(=O)O)C(=O)O)ccc1[O-])Cc1cc(CCC(=O)O)ccc1[O-].[68Ga+3].[OH3+],0.043,False,0.263,0.0002,0.5543,0.9343
1752,,CHEMBL3304485,TENAPANOR,CN1Cc2c(Cl)cc(Cl)cc2[C@H](c2cccc(S(=O)(=O)NCCOCCOCCNC(=O)NCCCCNC(=O)NCCOCCOCCNS(=O)(=O)c3cccc([C@@H]4CN(C)Cc5c(Cl)cc(Cl)cc54)c3)c2)C1,0.043,False,0.256,0.0335,0.0074,0.3221
1753,,CHEMBL880,FAMCICLOVIR,CC(=O)OCC(CCn1cnc2cnc(N)nc21)COC(C)=O,0.0428,False,0.261,0.0415,0.0187,0.101
1754,,CHEMBL1732,DIHYDROERGOTAMINE,CN1C[C@H](C(=O)N[C@]2(C)O[C@@]3(O)[C@@H]4CCCN4C(=O)[C@H](Cc4ccccc4)N3C2=O)C[C@@H]2c3cccc4[nH]cc(c34)C[C@H]21,0.0428,False,0.221,0.0007,0.2747,0.4065
1755,,CHEMBL539,ACETIC ACID,CC(=O)O,0.0427,False,0.188,0.0007,0.2338,0.4564
1756,,CHEMBL1200908,HALOBETASOL PROPIONATE,CCC(=O)O[C@]1(C(=O)CCl)[C@@H](C)C[C@H]2[C@@H]3C[C@H](F)C4=CC(=O)C=C[C@]4(C)[C@@]3(F)[C@@H](O)C[C@@]21C,0.0427,False,0.167,0.0004,0.2673,0.7968
1757,,CHEMBL130,CHLORAMPHENICOL,O=C(N[C@H](CO)[C@H](O)c1ccc([N+](=O)[O-])cc1)C(Cl)Cl,0.0426,False,0.273,0.011,0.091,0.0772
1758,376.0,CHEMBL46,ONDANSETRON,Cc1nccn1CC1CCc2c(c3ccccc3n2C)C1=O,0.0426,True,0.304,0.0067,0.1172,0.0983
1759,,CHEMBL1201354,TRIDIHEXETHYL,CC[N+](CC)(CC)CCC(O)(c1ccccc1)C1CCCCC1,0.0426,False,0.246,0.003,0.0265,0.9687
1760,377.0,CHEMBL1200473,CYCLOPENTOLATE HYDROCHLORIDE,CN(C)CCOC(=O)C(c1ccccc1)C1(O)CCCC1.Cl,0.0426,True,0.316,0.0021,0.0546,0.6649
1761,378.0,CHEMBL502,DONEPEZIL,COc1cc2c(cc1OC)C(=O)C(CC1CCN(Cc3ccccc3)CC1)C2,0.0426,True,0.361,0.0029,0.0277,0.9664
1762,,CHEMBL3186492,ONDANSETRON HYDROCHLORIDE,Cc1nccn1CC1CCc2c(c3ccccc3n2C)C1=O.Cl.O.O,0.0426,False,0.296,0.0077,0.1383,0.073
1763,379.0,CHEMBL45,MELATONIN,COc1ccc2[nH]cc(CCNC(C)=O)c2c1,0.0425,True,0.36,0.0008,0.1965,0.488
1764,,CHEMBL1697856,BUCETIN,CCOc1ccc(NC(=O)CC(C)O)cc1,0.0425,False,0.34,1e-04,0.9148,0.994
1765,,CHEMBL3545184,ETELCALCETIDE,CC(=O)N[C@H](CSSC[C@H](N)C(=O)O)C(=O)N[C@H](C)C(=O)N[C@H](CCCNC(=N)N)C(=O)N[C@H](CCCNC(=N)N)C(=O)N[C@H](CCCNC(=N)N)C(=O)N[C@H](C)C(=O)N[C@H](CCCNC(=N)N)C(N)=O,0.0423,False,0.247,0.0003,0.2917,0.8597
1766,380.0,CHEMBL1529,DIPHENIDOL HYDROCHLORIDE,Cl.OC(CCCN1CCCCC1)(c1ccccc1)c1ccccc1,0.0422,True,0.365,0.0043,0.0187,0.9244
1767,,CHEMBL447,SECOBARBITAL,C=CCC1(C(C)CCC)C(=O)NC(=O)NC1=O,0.042,False,0.164,0.0013,0.4591,0.1206
1768,381.0,CHEMBL431770,ISTRADEFYLLINE,CCn1c(=O)c2c(nc(/C=C/c3ccc(OC)c(OC)c3)n2C)n(CC)c1=O,0.0418,True,0.31,0.018,0.4043,0.0101
1769,382.0,CHEMBL626,NAFTIFINE,CN(C/C=C/c1ccccc1)Cc1cccc2ccccc12,0.0417,True,0.304,0.0029,0.06,0.4165
1770,383.0,CHEMBL648,CYCLIZINE,CN1CCN(C(c2ccccc2)c2ccccc2)CC1,0.0416,True,0.346,0.0041,0.0195,0.8981
1771,,CHEMBL1201260,BETHANIDINE,C/N=C(\NC)NCc1ccccc1,0.0415,False,0.308,0.0007,0.1395,0.7294
1772,384.0,CHEMBL1200875,FLAVOXATE HYDROCHLORIDE,Cc1c(-c2ccccc2)oc2c(C(=O)OCCN3CCCCC3)cccc2c1=O.Cl,0.0415,True,0.31,0.0112,0.0435,0.146
1773,,CHEMBL1360,ATRACURIUM,COc1ccc(CC2c3cc(OC)c(OC)cc3CC[N+]2(C)CCC(=O)OCCCCCOC(=O)CC[N+]2(C)CCc3cc(OC)c(OC)cc3C2Cc2ccc(OC)c(OC)c2)cc1OC,0.0414,False,0.24,0.0088,0.0081,1.0
1774,385.0,CHEMBL936,DIPHENIDOL,OC(CCCN1CCCCC1)(c1ccccc1)c1ccccc1,0.0414,True,0.346,0.0048,0.0155,0.9459
1775,386.0,CHEMBL1357648,AMODIAQUINE HYDROCHLORIDE,CCN(CC)Cc1cc(Nc2ccnc3cc(Cl)ccc23)ccc1O.Cl.Cl.O.O,0.0413,True,0.333,0.0144,0.1007,0.0487
1776,,CHEMBL1200621,GEMIFLOXACIN MESYLATE,CO/N=C1\CN(c2nc3c(cc2F)c(=O)c(C(=O)O)cn3C2CC2)CC1CN.CS(=O)(=O)O,0.0412,False,0.233,0.0156,0.1528,0.0295
1777,387.0,CHEMBL1531864,PIRENZEPINE HYDROCHLORIDE,CN1CCN(CC(=O)N2c3ccccc3C(=O)Nc3cccnc32)CC1.Cl.Cl,0.0412,True,0.39,0.0051,0.0194,0.7101
1778,388.0,CHEMBL1625,OXYBENZONE,COc1ccc(C(=O)c2ccccc2)c(O)c1,0.0411,True,0.391,0.0613,0.1181,0.0096
1779,,CHEMBL4594395,POTASSIUM OXYBATE,O=C([O-])CCCO.[K+],0.041,False,0.233,0.0025,0.2082,0.1331
1780,,CHEMBL363392,MARALIXIBAT,CCCCC1(CCCC)CS(=O)(=O)c2ccc(N(C)C)cc2[C@@H](c2ccc(OCc3ccc(C[N+]45CCN(CC4)CC5)cc3)cc2)[C@H]1O,0.041,False,0.247,0.001,0.156,0.4376
1781,,CHEMBL1200659,ENALAPRIL MALEATE,CCOC(=O)[C@H](CCc1ccccc1)N[C@@H](C)C(=O)N1CCC[C@H]1C(=O)O.O=C(O)/C=C\C(=O)O,0.0409,False,0.28,0.0014,0.2492,0.1905
1782,,CHEMBL1096562,METHYL AMINOLEVULINATE,COC(=O)CCC(=O)CN,0.0408,False,0.217,0.0005,0.2969,0.4213
1783,,CHEMBL441,THIOPENTAL,CCCC(C)C1(CC)C(=O)NC(=S)NC1=O,0.0408,False,0.158,0.0015,0.5728,0.0793
1784,,CHEMBL1200493,NAFTIFINE HYDROCHLORIDE,CN(C/C=C/c1ccccc1)Cc1cccc2ccccc12.Cl,0.0407,False,0.298,0.0028,0.0634,0.3858
1785,,CHEMBL2107815,TREPROSTINIL DIOLAMINE,CCCCC[C@H](O)CC[C@@H]1[C@H]2Cc3cccc(OCC(=O)O)c3C[C@H]2C[C@H]1O.OCCNCCO,0.0407,False,0.211,0.0043,0.0394,0.3922
1786,,CHEMBL1908315,GEMEPROST,CCCCC(C)(C)[C@H](O)/C=C/[C@H]1[C@H](O)CC(=O)[C@@H]1CCCC/C=C/C(=O)OC,0.0406,False,0.179,0.0232,0.0538,0.0537
1787,,CHEMBL1026,FENOLDOPAM MESYLATE,CS(=O)(=O)O.Oc1ccc(C2CNCCc3c2cc(O)c(O)c3Cl)cc1,0.0406,False,0.233,0.015,0.0693,0.0644
1788,389.0,CHEMBL4297216,FEDRATINIB HYDROCHLORIDE,Cc1cnc(Nc2ccc(OCCN3CCCC3)cc2)nc1Nc1cccc(S(=O)(=O)NC(C)(C)C)c1.Cl.Cl.O,0.0405,True,0.463,0.0032,0.2531,0.0824
1789,,CHEMBL615,PENICILLIN V,CC1(C)S[C@@H]2[C@H](NC(=O)COc3ccccc3)C(=O)N2[C@H]1C(=O)O,0.0404,False,0.266,0.0027,0.1993,0.1227
1790,,CHEMBL1237123,DOXACURIUM,COc1cc(CC2c3c(cc(OC)c(OC)c3OC)CC[N+]2(C)CCCOC(=O)CCC(=O)OCCC[N+]2(C)CCc3cc(OC)c(OC)c(OC)c3C2Cc2cc(OC)c(OC)c(OC)c2)cc(OC)c1OC,0.0403,False,0.227,0.001,0.0673,0.9787
1791,,CHEMBL1201342,METHIXENE,CN1CCCC(CC2c3ccccc3Sc3ccccc32)C1,0.0401,False,0.28,0.0116,0.0056,0.999
1792,,CHEMBL832,SULFINPYRAZONE,O=C1C(CC[S+]([O-])c2ccccc2)C(=O)N(c2ccccc2)N1c1ccccc1,0.0399,False,0.239,0.0043,0.0984,0.15
1793,390.0,CHEMBL1018,DIENESTROL,C/C=C(C(=C/C)/c1ccc(O)cc1)\c1ccc(O)cc1,0.0398,True,0.357,0.0004,0.5266,0.3229
1794,,CHEMBL449,BUTABARBITAL,CCC(C)C1(CC)C(=O)NC(=O)NC1=O,0.0397,False,0.167,0.0018,0.6513,0.0521
1795,,CHEMBL5315053,PEMETREXED MONOHYDRATE,Nc1nc2[nH]cc(CCc3ccc(C(=O)N[C@@H](CCC(=O)O)C(=O)O)cc3)c2c(=O)[nH]1.O,0.0397,False,0.279,0.0048,0.1438,0.0909
1796,,CHEMBL1200795,CLEMASTINE FUMARATE,CN1CCC[C@@H]1CCO[C@](C)(c1ccccc1)c1ccc(Cl)cc1.O=C(O)/C=C/C(=O)O,0.0396,False,0.265,0.0013,0.141,0.337
1797,,CHEMBL1201338,CYCLOPENTOLATE,CN(C)CCOC(=O)C(c1ccccc1)C1(O)CCCC1,0.0395,False,0.298,0.002,0.0437,0.689
1798,,CHEMBL17879,MARALIXIBAT CHLORIDE,CCCCC1(CCCC)CS(=O)(=O)c2ccc(N(C)C)cc2[C@@H](c2ccc(OCc3ccc(C[N+]45CCN(CC4)CC5)cc3)cc2)[C@H]1O.[Cl-],0.0394,False,0.245,0.0009,0.1656,0.3999
1799,391.0,CHEMBL571546,TIRBANIBULIN,O=C(Cc1ccc(-c2ccc(OCCN3CCOCC3)cc2)cn1)NCc1ccccc1,0.0393,True,0.433,0.0024,0.113,0.2273
1800,392.0,CHEMBL1287853,FEDRATINIB,Cc1cnc(Nc2ccc(OCCN3CCCC3)cc2)nc1Nc1cccc(S(=O)(=O)NC(C)(C)C)c1,0.0393,True,0.475,0.0028,0.2531,0.0862
1801,,CHEMBL4594448,IPTACOPAN,CCO[C@H]1CCN(Cc2c(OC)cc(C)c3[nH]ccc23)[C@H](c2ccc(C(=O)O)cc2)C1,0.0393,False,0.258,0.0033,0.0291,0.6375
1802,,CHEMBL459265,HEXAMETHYL PARAROSANILINE,CN(C)c1ccc(C(=C2C=CC(=[N+](C)C)C=C2)c2ccc(N(C)C)cc2)cc1,0.0392,False,0.25,0.1022,0.2405,0.0025
1803,,CHEMBL729,LOPINAVIR,Cc1cccc(C)c1OCC(=O)N[C@@H](Cc1ccccc1)[C@@H](O)C[C@H](Cc1ccccc1)NC(=O)[C@H](C(C)C)N1CCCNC1=O,0.0388,False,0.21,0.0012,0.0488,0.9901
1804,,CHEMBL282724,SITAXENTAN,Cc1cc2c(cc1CC(=O)c1sccc1S(=O)(=O)Nc1onc(C)c1Cl)OCO2,0.0388,False,0.221,0.0615,0.0011,0.8379
1805,,CHEMBL1200779,TROVAFLOXACIN MESYLATE,CS(=O)(=O)O.N[C@@H]1[C@H]2CN(c3nc4c(cc3F)c(=O)c(C(=O)O)cn4-c3ccc(F)cc3F)C[C@@H]12,0.0388,False,0.263,0.0175,0.0997,0.0335
1806,,CHEMBL315795,CLOMETHIAZOLE,Cc1ncsc1CCCl,0.0388,False,0.17,0.0106,0.007,0.7967
1807,393.0,CHEMBL1282,IMIQUIMOD,CC(C)Cn1cnc2c(N)nc3ccccc3c21,0.0388,True,0.3,0.058,0.0168,0.06
1808,,CHEMBL2096635,UREA C 14,N[14C](N)=O,0.0387,False,0.088,0.0006,0.2193,0.4136
1809,,CHEMBL5,NALIDIXIC ACID,CCn1cc(C(=O)O)c(=O)c2ccc(C)nc21,0.0387,False,0.232,0.016,0.3009,0.0121
1810,,CHEMBL2095207,CHOLINE C-11,C[N+](C)([11CH3])CCO.[Cl-],0.0387,False,0.133,0.0319,0.0213,0.0854
1811,,CHEMBL985,UREA,NC(N)=O,0.0387,False,0.152,0.0006,0.2193,0.4136
1812,,CHEMBL1079604,METAXALONE,Cc1cc(C)cc(OCC2CNC(=O)O2)c1,0.0387,False,0.219,0.0019,0.032,0.9383
1813,,CHEMBL2096648,UREA C 13,N[13C](N)=O,0.0387,False,0.152,0.0006,0.2193,0.4136
1814,,CHEMBL812,PYRIDOSTIGMINE BROMIDE,CN(C)C(=O)Oc1ccc[n+](C)c1.[Br-],0.0386,False,0.222,0.0117,0.5988,0.0082
1815,,CHEMBL1372950,NICERGOLINE,CO[C@]12C[C@@H](COC(=O)c3cncc(Br)c3)CN(C)[C@@H]1Cc1cn(C)c3cccc2c13,0.0386,False,0.244,0.0077,0.0075,0.9934
1816,,CHEMBL3137301,SACUBITRIL,CCOC(=O)[C@H](C)C[C@@H](Cc1ccc(-c2ccccc2)cc1)NC(=O)CCC(=O)O,0.0386,False,0.297,1e-04,0.4886,0.9964
1817,394.0,CHEMBL1200809,AZELASTINE HYDROCHLORIDE,CN1CCCC(n2nc(Cc3ccc(Cl)cc3)c3ccccc3c2=O)CC1.Cl,0.0384,True,0.312,0.0042,0.0187,0.7177
1818,,CHEMBL6068338,CLOPIDOGREL HYDROCHLORIDE,COC(=O)[C@H](c1ccccc1Cl)N1CCc2sccc2C1.Cl,0.0383,False,0.26,0.0405,0.0014,0.9901
1819,,CHEMBL6068337,LENALIDOMIDE HYDROCHLORIDE MONOHYDRATE,Cl.Nc1cccc2c1CN(C1CCC(=O)NC1=O)C2=O.O,0.0383,False,0.215,0.0038,0.2656,0.056
1820,,CHEMBL690,PRAVASTATIN SODIUM,CC[C@H](C)C(=O)O[C@H]1C[C@H](O)C=C2C=C[C@H](C)[C@H](CC[C@@H](O)C[C@@H](O)CC(=O)[O-])[C@H]21.[Na+],0.0382,False,0.156,0.001,0.0718,0.8112
1821,395.0,CHEMBL939,GEFITINIB,COc1cc2ncnc(Nc3ccc(F)c(Cl)c3)c2cc1OCCCN1CCOCC1,0.0381,True,0.561,0.9762,0.3336,0.0002
1822,,CHEMBL3989768,LEVORPHANOL TARTRATE,CN1CC[C@]23CCCC[C@H]2[C@H]1Cc1ccc(O)cc13.O.O.O=C(O)C(O)C(O)C(=O)O,0.0381,False,0.211,0.0012,0.7324,0.0618
1823,,CHEMBL3989821,TUBOCURARINE CHLORIDE,COc1cc2c3cc1Oc1cc(ccc1O)C[C@@H]1c4c(cc(OC)c(O)c4Oc4ccc(cc4)C[C@@H]3N(C)CC2)CC[N+]1(C)C.Cl.O.O.O.O.O.[Cl-],0.038,False,0.195,0.058,0.0009,0.9998
1824,,CHEMBL1377,PROGUANIL,CC(C)NC(=N)NC(=N)Nc1ccc(Cl)cc1,0.0378,False,0.298,1e-04,0.9968,0.9997
1825,,CHEMBL444,BARBITAL,CCC1(CC)C(=O)NC(=O)NC1=O,0.0378,False,0.19,0.0017,0.414,0.0788
1826,,CHEMBL790,CHLORHEXIDINE,N=C(NCCCCCCNC(=N)NC(=N)Nc1ccc(Cl)cc1)NC(=N)Nc1ccc(Cl)cc1,0.0377,False,0.273,1e-04,0.9968,0.9997
1827,396.0,CHEMBL2028019,CARIPRAZINE,CN(C)C(=O)N[C@H]1CC[C@H](CCN2CCN(c3cccc(Cl)c3Cl)CC2)CC1,0.0377,True,0.329,0.0052,0.011,0.9409
1828,,CHEMBL2219416,NALOXEGOL OXALATE,C=CCN1CC[C@]23c4c5ccc(O)c4O[C@H]2[C@@H](OCCOCCOCCOCCOCCOCCOCCOC)CC[C@@]3(O)[C@H]1C5.O=C(O)C(=O)O,0.0377,False,0.21,0.0002,0.9608,0.3528
1829,,CHEMBL4594393,CALCIUM OXYBATE,O=C([O-])CCCO.O=C([O-])CCCO.[Ca+2],0.0377,False,0.233,0.0021,0.1953,0.1326
1830,,CHEMBL719,MUPIROCIN,C/C(=C\C(=O)OCCCCCCCCC(=O)O)C[C@@H]1OC[C@H](C[C@@H]2O[C@H]2[C@@H](C)[C@H](C)O)[C@@H](O)[C@H]1O,0.0376,False,0.178,0.0025,0.0225,0.9377
1831,,CHEMBL1200755,CERULETIDE DIETHYLAMINE,CCNCC.CSCC[C@H](NC(=O)[C@H](Cc1c[nH]c2ccccc12)NC(=O)CNC(=O)[C@@H](NC(=O)[C@H](Cc1ccc(OS(=O)(=O)O)cc1)NC(=O)[C@H](CC(=O)O)NC(=O)[C@H](CCC(N)=O)NC(=O)[C@@H]1CCC(=O)N1)[C@@H](C)O)C(=O)N[C@@H](CC(=O)O)C(=O)N[C@@H](Cc1ccccc1)C(N)=O,0.0375,False,0.277,1e-04,0.6484,0.7821
1832,397.0,CHEMBL682,AMODIAQUINE,CCN(CC)Cc1cc(Nc2ccnc3cc(Cl)ccc23)ccc1O,0.0375,True,0.342,0.01,0.0982,0.054
1833,,CHEMBL1059,PREGABALIN,CC(C)C[C@H](CN)CC(=O)O,0.0375,False,0.163,0.0003,0.222,0.7241
1834,,CHEMBL282042,SAQUINAVIR MESYLATE,CC(C)(C)NC(=O)[C@@H]1C[C@@H]2CCCC[C@@H]2CN1C[C@@H](O)[C@H](Cc1ccccc1)NC(=O)[C@H](CC(N)=O)NC(=O)c1ccc2ccccc2n1.CS(=O)(=O)O,0.0374,False,0.246,0.0005,0.1283,0.8766
1835,,CHEMBL465026,NEFOPAM,CN1CCOC(c2ccccc2)c2ccccc2C1,0.0374,False,0.228,0.0096,0.0056,0.9786
1836,,CHEMBL3188034,TRIPROLIDINE HYDROCHLORIDE,Cc1ccc(/C(=C\CN2CCCC2)c2ccccn2)cc1.Cl.O,0.0373,False,0.286,0.0108,0.1207,0.0396
1837,398.0,CHEMBL1200675,TOREMIFENE CITRATE,CN(C)CCOc1ccc(/C(=C(/CCCl)c2ccccc2)c2ccccc2)cc1.O=C(O)CC(O)(CC(=O)O)C(=O)O,0.0373,True,0.387,0.0007,0.3402,0.2217
1838,399.0,CHEMBL193,NIFEDIPINE,COC(=O)C1=C(C)NC(C)=C(C(=O)OC)C1c1ccccc1[N+](=O)[O-],0.0371,True,0.352,0.0039,0.1054,0.1256
1839,,CHEMBL5723563,ELIGLUSTAT TARTRATE,CCCCCCCC(=O)N[C@H](CN1CCCC1)[C@H](O)c1ccc2c(c1)OCCO2.CCCCCCCC(=O)N[C@H](CN1CCCC1)[C@H](O)c1ccc2c(c1)OCCO2.O=C(O)[C@H](O)[C@@H](O)C(=O)O,0.0371,False,0.25,0.0027,0.0214,0.8787
1840,,CHEMBL4650215,INAVOLISIB,C[C@H](Nc1ccc2c(c1)OCCn1cc(N3C(=O)OC[C@H]3C(F)F)nc1-2)C(N)=O,0.037,False,0.229,0.0024,0.0219,0.9689
1841,,CHEMBL1295,BUTOCONAZOLE,Clc1ccc(CCC(Cn2ccnc2)Sc2c(Cl)cccc2Cl)cc1,0.037,False,0.288,0.0957,0.0133,0.0398
1842,,CHEMBL46516,FLUSPIRILENE,O=C1NCN(c2ccccc2)C12CCN(CCCC(c1ccc(F)cc1)c1ccc(F)cc1)CC2,0.0365,False,0.282,0.0003,0.858,0.1654
1843,,CHEMBL490665,NALFURAFINE HYDROCHLORIDE,CN(C(=O)/C=C/c1ccoc1)[C@@H]1CC[C@@]2(O)[C@H]3Cc4ccc(O)c5c4[C@@]2(CCN3CC2CC2)[C@H]1O5.Cl,0.0364,False,0.17,1e-04,0.8195,0.6749
1844,,CHEMBL797,PHENSUXIMIDE,CN1C(=O)CC(c2ccccc2)C1=O,0.0364,False,0.25,0.0035,0.1141,0.1208
1845,401.0,CHEMBL1200478,DYCLONINE HYDROCHLORIDE,CCCCOc1ccc(C(=O)CCN2CCCCC2)cc1.Cl,0.0364,True,0.66,0.0002,0.3344,0.6554
1846,,CHEMBL1201265,METHYLPREDNISOLONE HEMISUCCINATE,C[C@H]1C[C@@H]2[C@H]([C@@H](O)C[C@@]3(C)[C@H]2CC[C@]3(O)C(=O)COC(=O)CCC(=O)O)[C@@]2(C)C=CC(=O)C=C12,0.0364,False,0.187,0.0002,0.2666,0.9064
1847,400.0,CHEMBL1493,FLAVOXATE,Cc1c(-c2ccccc2)oc2c(C(=O)OCCN3CCCCC3)cccc2c1=O,0.0364,True,0.308,0.0098,0.0378,0.1297
1848,,CHEMBL1525,PERMETHRIN,CC1(C)C(C=C(Cl)Cl)C1C(=O)OCc1cccc(Oc2ccccc2)c1,0.0364,False,0.288,0.0039,0.6054,0.0203
1849,,CHEMBL188952,PIRPROFEN,CC(C(=O)O)c1ccc(N2CC=CC2)c(Cl)c1,0.0363,False,0.269,0.0101,0.0333,0.1423
1850,,CHEMBL878,METOLAZONE,Cc1ccccc1N1C(=O)c2cc(S(N)(=O)=O)c(Cl)cc2NC1C,0.0361,False,0.247,0.0086,0.0183,0.2996
1851,,CHEMBL2107826,VIBEGRON,O=C(Nc1ccc(C[C@@H]2CC[C@H]([C@H](O)c3ccccc3)N2)cc1)[C@@H]1CCc2nccc(=O)n21,0.036,False,0.245,0.0021,0.0606,0.3648
1852,,CHEMBL6068343,CLOPIDOGREL HYDROBROMIDE,Br.COC(=O)[C@H](c1ccccc1Cl)N1CCc2sccc2C1,0.0358,False,0.26,0.0444,0.001,0.9934
1853,,CHEMBL56021,LEVACETYLLEUCINE,CC(=O)N[C@@H](CC(C)C)C(=O)O,0.0358,False,0.288,0.0002,0.3429,0.8502
1854,402.0,CHEMBL4594292,TEPOTINIB HYDROCHLORIDE,CN1CCC(COc2cnc(-c3cccc(Cn4nc(-c5cccc(C#N)c5)ccc4=O)c3)nc2)CC1.Cl.O,0.0356,True,0.32,0.009,0.1053,0.048
1855,,CHEMBL1770,LEVAMISOLE HYDROCHLORIDE,Cl.c1ccc([C@H]2CN3CCSC3=N2)cc1,0.0355,False,0.207,0.0017,0.1089,0.2359
1856,,CHEMBL1256391,PIRFENIDONE,Cc1ccc(=O)n(-c2ccccc2)c1,0.0355,False,0.395,0.0029,0.5422,0.0289
1857,,CHEMBL1200330,PILOCARPINE HYDROCHLORIDE,CC[C@@H]1C(=O)OC[C@@H]1Cc1cncn1C.Cl,0.0354,False,0.184,0.001,0.0491,0.9202
1858,,CHEMBL504,DIMETHYL SULFOXIDE,C[S+](C)[O-],0.0353,False,0.122,1e-04,0.9616,0.9003
1859,,CHEMBL1611,PHENYTOIN SODIUM,O=C1N=C([O-])NC1(c1ccccc1)c1ccccc1.[Na+],0.0353,False,0.238,0.0033,0.0958,0.1413
1860,,CHEMBL1200500,BECLOMETHASONE DIPROPIONATE,CCC(=O)OCC(=O)[C@@]1(OC(=O)CC)[C@@H](C)C[C@H]2[C@@H]3CCC4=CC(=O)C=C[C@]4(C)[C@@]3(Cl)[C@@H](O)C[C@@]21C,0.0351,False,0.179,0.0002,0.3882,0.4898
1861,,CHEMBL843,ROSIGLITAZONE MALEATE,CN(CCOc1ccc(CC2SC(=O)NC2=O)cc1)c1ccccn1.O=C(O)/C=C\C(=O)O,0.0351,False,0.292,0.0114,0.1756,0.0216
1862,,CHEMBL112,ACETAMINOPHEN,CC(=O)Nc1ccc(O)cc1,0.035,False,0.348,1e-04,0.4745,0.6194
1863,,CHEMBL1200582,AMINOLEVULINIC ACID HYDROCHLORIDE,Cl.NCC(=O)CCC(=O)O,0.035,False,0.216,0.0006,0.1556,0.4886
1864,,CHEMBL2107383,VERNAKALANT HYDROCHLORIDE,COc1ccc(CCO[C@@H]2CCCC[C@H]2N2CC[C@@H](O)C2)cc1OC.Cl,0.0349,False,0.274,0.0009,0.0545,0.9117
1865,,CHEMBL2364633,SARECYCLINE HYDROCHLORIDE,CON(C)Cc1ccc(O)c2c1C[C@H]1C[C@H]3[C@H](N(C)C)C(O)=C(C(N)=O)C(=O)[C@@]3(O)C(O)=C1C2=O.Cl,0.0349,False,0.188,0.0005,0.1812,0.4597
1866,,CHEMBL1373,MODAFINIL,NC(=O)C[S+]([O-])C(c1ccccc1)c1ccccc1,0.0349,False,0.233,0.0382,0.0377,0.0296
1867,,CHEMBL501867,VINCRISTINE SULFATE,CC[C@]1(O)C[C@H]2CN(CCc3c([nH]c4ccccc34)[C@@](C(=O)OC)(c3cc4c(cc3OC)N(C=O)[C@H]3[C@@](O)(C(=O)OC)[C@H](OC(C)=O)[C@]5(CC)C=CCN6CC[C@]43[C@@H]65)C2)C1.O=S(=O)(O)O,0.0349,False,0.233,1e-04,0.8212,0.7858
1868,,CHEMBL1530428,DEXAMETHASONE ACETATE,CC(=O)OCC(=O)[C@@]1(O)[C@H](C)C[C@H]2[C@@H]3CCC4=CC(=O)C=C[C@]4(C)[C@@]3(F)[C@@H](O)C[C@@]21C,0.0348,False,0.171,0.0002,0.4225,0.4327
1869,,CHEMBL1201093,METHYL AMINOLEVULINATE HYDROCHLORIDE,COC(=O)CCC(=O)CN.Cl,0.0348,False,0.213,0.0011,0.1836,0.2109
1870,,CHEMBL946,AZATADINE,CN1CCC(=C2c3ccccc3CCc3cccnc32)CC1,0.0347,False,0.266,0.0031,0.0163,0.8292
1871,,CHEMBL4594382,DEURUXOLITINIB PHOSPHATE,O=P(O)(O)O.[2H]C1([2H])C([C@@H](CC#N)n2cc(-c3ncnc4[nH]ccc34)cn2)C([2H])([2H])C([2H])([2H])C1([2H])[2H],0.0346,False,0.258,0.0006,0.0661,0.9803
1872,,CHEMBL2105745,GLYCEROL PHENYLBUTYRATE,O=C(CCCc1ccccc1)OCC(COC(=O)CCCc1ccccc1)OC(=O)CCCc1ccccc1,0.0346,False,0.273,0.0003,0.125,0.9942
1873,403.0,CHEMBL1070,NABUMETONE,COc1ccc2cc(CCC(C)=O)ccc2c1,0.0345,True,0.405,0.0002,0.2777,0.741
1874,,CHEMBL799,CILOSTAZOL,O=C1CCc2cc(OCCCCc3nnnn3C3CCCCC3)ccc2N1,0.0344,False,0.237,0.0119,0.0056,0.6153
1875,,CHEMBL198362,RIVAROXABAN,O=C(NC[C@H]1CN(c2ccc(N3CCOCC3=O)cc2)C(=O)O1)c1ccc(Cl)s1,0.0344,False,0.242,0.0129,0.009,0.3492
1876,404.0,CHEMBL139,DICLOFENAC,O=C(O)Cc1ccccc1Nc1c(Cl)cccc1Cl,0.0344,True,0.308,0.0679,0.3252,0.0018
1877,,CHEMBL462605,PITOLISANT,Clc1ccc(CCCOCCCN2CCCCC2)cc1,0.0343,False,0.295,0.0004,0.1329,0.6912
1878,,CHEMBL1201081,METHYLPREDNISOLONE SODIUM SUCCINATE,C[C@H]1C[C@@H]2[C@H]([C@@H](O)C[C@@]3(C)[C@H]2CC[C@]3(O)C(=O)COC(=O)CCC(=O)[O-])[C@@]2(C)C=CC(=O)C=C12.[Na+],0.0343,False,0.183,0.0002,0.3108,0.6943
1879,,CHEMBL1201336,FOSPHENYTOIN,O=C1NC(c2ccccc2)(c2ccccc2)C(=O)N1COP(=O)(O)O,0.0342,False,0.211,0.0019,0.1744,0.12
1880,,CHEMBL1095,ETHOTOIN,CCN1C(=O)NC(c2ccccc2)C1=O,0.0342,False,0.255,0.0021,0.1766,0.1082
1881,,CHEMBL1200596,CHLOROXINE,Oc1c(Cl)cc(Cl)c2cccnc12,0.0342,False,0.46,0.1618,0.0069,0.036
1882,,CHEMBL1144,PRAVASTATIN,CC[C@H](C)C(=O)O[C@H]1C[C@H](O)C=C2C=C[C@H](C)[C@H](CC[C@@H](O)C[C@@H](O)CC(=O)O)[C@H]21,0.0341,False,0.162,0.0008,0.0566,0.9203
1883,,CHEMBL808,ECONAZOLE,Clc1ccc(COC(Cn2ccnc2)c2ccc(Cl)cc2Cl)cc1,0.0339,False,0.292,0.2292,0.0419,0.0041
1884,,CHEMBL1200545,DIFLORASONE DIACETATE,CC(=O)OCC(=O)[C@@]1(OC(C)=O)[C@@H](C)C[C@H]2[C@@H]3C[C@H](F)C4=CC(=O)C=C[C@]4(C)[C@@]3(F)[C@@H](O)C[C@@]21C,0.0339,False,0.168,0.0002,0.2614,0.6574
1885,,CHEMBL3184791,STREPTOMYCIN SULFATE,CN[C@@H]1[C@H](O[C@H]2[C@H](O[C@H]3[C@H](O)[C@@H](O)[C@H](N=C(N)N)[C@@H](O)[C@@H]3N=C(N)N)O[C@@H](C)[C@]2(O)C=O)O[C@@H](CO)[C@H](O)[C@H]1O.CN[C@@H]1[C@H](O[C@H]2[C@H](O[C@H]3[C@H](O)[C@@H](O)[C@H](N=C(N)N)[C@@H](O)[C@@H]3N=C(N)N)O[C@@H](C)[C@]2(O)C=O)O[C@@H](CO)[C@H](O)[C@H]1O.O=S(=O)(O)O.O=S(=O)(O)O.O=S(=O)(O)O,0.0338,False,0.182,0.0013,0.0553,0.5433
1886,405.0,CHEMBL1201217,DYCLONINE,CCCCOc1ccc(C(=O)CCN2CCCCC2)cc1,0.0337,True,0.638,0.0002,0.343,0.7114
1887,,CHEMBL607400,BRIVARACETAM,CCC[C@@H]1CC(=O)N([C@@H](CC)C(N)=O)C1,0.0337,False,0.19,0.0008,0.1036,0.4621
1888,,CHEMBL1200384,BETAMETHASONE DIPROPIONATE,CCC(=O)OCC(=O)[C@@]1(OC(=O)CC)[C@@H](C)C[C@H]2[C@@H]3CCC4=CC(=O)C=C[C@]4(C)[C@@]3(F)[C@@H](O)C[C@@]21C,0.0337,False,0.165,0.0002,0.4924,0.4534
1889,406.0,CHEMBL56564,TROPISETRON,CN1[C@@H]2CC[C@H]1C[C@@H](OC(=O)c1c[nH]c3ccccc13)C2,0.0337,True,0.305,0.0078,0.0229,0.2138
1890,,CHEMBL218394,BOCEPREVIR,CC(C)(C)NC(=O)N[C@H](C(=O)N1C[C@H]2[C@@H]([C@H]1C(=O)NC(CC1CCC1)C(=O)C(N)=O)C2(C)C)C(C)(C)C,0.0336,False,0.168,0.0008,0.1664,0.286
1891,,CHEMBL339427,TUBOCURARINE,COc1cc2c3cc1Oc1cc(ccc1O)C[C@@H]1c4c(cc(OC)c(O)c4Oc4ccc(cc4)C[C@@H]3N(C)CC2)CC[N+]1(C)C,0.0336,False,0.202,0.0542,0.0007,0.9998
1892,,CHEMBL1771,CLOPIDOGREL,COC(=O)[C@H](c1ccccc1Cl)N1CCc2sccc2C1,0.0336,False,0.263,0.0415,0.0009,0.9935
1893,,CHEMBL301265,PRAMIPEXOLE,CCCN[C@H]1CCc2nc(N)sc2C1,0.0335,False,0.179,0.0436,0.0017,0.5064
1894,,CHEMBL6068395,REVUMENIB CITRATE,CCN(C(=O)c1cc(F)ccc1Oc1cncnc1N1CC2(CCN(C[C@H]3CC[C@H](NS(=O)(=O)CC)CC3)CC2)C1)C(C)C.O.O=C(O)CC(O)(CC(=O)O)C(=O)O,0.0335,False,0.244,0.0004,0.2814,0.3403
1895,,CHEMBL1200532,METHDILAZINE HYDROCHLORIDE,CN1CCC(CN2c3ccccc3Sc3ccccc32)C1.Cl,0.0334,False,0.258,0.0029,0.013,0.9938
1896,,CHEMBL1908307,FLOSEQUINAN,Cn1cc([S+](C)[O-])c(=O)c2ccc(F)cc21,0.0333,False,0.225,0.0372,0.1564,0.0064
1897,,CHEMBL1200449,TRIAMCINOLONE DIACETATE,CC(=O)OCC(=O)[C@@]1(O)[C@H](OC(C)=O)C[C@H]2[C@@H]3CCC4=CC(=O)C=C[C@]4(C)[C@@]3(F)[C@@H](O)C[C@@]21C,0.0332,False,0.168,0.0003,0.4721,0.2935
1898,,CHEMBL201960,PYROVALERONE,CCCC(C(=O)c1ccc(C)cc1)N1CCCC1,0.0332,False,0.254,0.0018,0.2108,0.0955
1899,407.0,CHEMBL639,AZELASTINE,CN1CCCC(n2nc(Cc3ccc(Cl)cc3)c3ccccc3c2=O)CC1,0.0332,True,0.316,0.0035,0.0158,0.6673
1900,,CHEMBL298734,LONAFARNIB,NC(=O)N1CCC(CC(=O)N2CCC([C@H]3c4ncc(Br)cc4CCc4cc(Cl)cc(Br)c43)CC2)CC1,0.0332,False,0.22,0.0086,0.0059,0.7232
1901,408.0,CHEMBL1465,PHENPROCOUMON,CCC(c1ccccc1)c1c(O)c2ccccc2oc1=O,0.0331,True,0.352,0.0377,0.1294,0.0075
1902,,CHEMBL654,MIRTAZAPINE,CN1CCN2c3ncccc3Cc3ccccc3C2C1,0.0331,False,0.269,0.0036,0.0104,0.9737
1903,,CHEMBL856,PRIMIDONE,CCC1(c2ccccc2)C(=O)NCNC1=O,0.033,False,0.256,0.0015,0.0847,0.29
1904,,CHEMBL1200756,PYRIDOXINE HYDROCHLORIDE,Cc1ncc(CO)c(CO)c1O.Cl,0.033,False,0.217,0.9661,0.0,0.7513
1905,,CHEMBL2104987,TEDUGLUTIDE,CC[C@H](C)[C@H](NC(=O)[C@H](Cc1ccccc1)NC(=O)[C@H](CC(=O)O)NC(=O)[C@H](CCCNC(=N)N)NC(=O)[C@H](C)NC(=O)[C@H](C)NC(=O)[C@H](CC(C)C)NC(=O)[C@H](CC(N)=O)NC(=O)[C@H](CC(=O)O)NC(=O)[C@H](CC(C)C)NC(=O)[C@@H](NC(=O)[C@@H](NC(=O)[C@H](CC(N)=O)NC(=O)[C@H](CCSC)NC(=O)[C@H](CCC(=O)O)NC(=O)[C@H](CC(=O)O)NC(=O)[C@H](CO)NC(=O)[C@H](Cc1ccccc1)NC(=O)[C@H](CO)NC(=O)CNC(=O)[C@H](CC(=O)O)NC(=O)CNC(=O)[C@@H](N)Cc1c[nH]cn1)[C@@H](C)O)[C@@H](C)CC)C(=O)N[C@@H](CC(N)=O)C(=O)N[C@@H](Cc1c[nH]c2ccccc12)C(=O)N[C@@H](CC(C)C)C(=O)N[C@H](C(=O)N[C@@H](CCC(N)=O)C(=O)N[C@H](C(=O)N[C@@H](CCCCN)C(=O)N[C@H](C(=O)N[C@H](C(=O)N[C@@H](CC(=O)O)C(=O)O)[C@@H](C)O)[C@@H](C)CC)[C@@H](C)O)[C@@H](C)CC,0.033,False,0.287,1e-04,0.5793,0.9557
1906,,CHEMBL2359966,QUININE SULFATE,C=C[C@H]1CN2CC[C@H]1C[C@H]2[C@H](O)c1ccnc2ccc(OC)cc12.C=C[C@H]1CN2CC[C@H]1C[C@H]2[C@H](O)c1ccnc2ccc(OC)cc12.O.O.O=S(=O)(O)O,0.033,False,0.287,0.0034,0.039,0.2746
1907,409.0,CHEMBL53418,DANTHRON,O=C1c2cccc(O)c2C(=O)c2c(O)cccc21,0.0329,True,0.325,0.0254,0.0277,0.0506
1908,,CHEMBL1454,LEVAMISOLE,c1ccc([C@H]2CN3CCSC3=N2)cc1,0.0327,False,0.211,0.0015,0.0758,0.2998
1909,,CHEMBL748,PRALIDOXIME CHLORIDE,C[n+]1ccccc1/C=N/O.[Cl-],0.0327,False,0.2,0.0064,0.4562,0.012
1910,,CHEMBL1200517,DIHYDROERGOTAMINE MESYLATE,CN1C[C@H](C(=O)N[C@]2(C)O[C@@]3(O)[C@@H]4CCCN4C(=O)[C@H](Cc4ccccc4)N3C2=O)C[C@@H]2c3cccc4[nH]cc(c34)C[C@H]21.CS(=O)(=O)O,0.0327,False,0.214,0.0005,0.2918,0.2433
1911,,CHEMBL2021430,DEXAMETHASONE SODIUM PHOSPHATE,C[C@@H]1C[C@H]2[C@@H]3CCC4=CC(=O)C=C[C@]4(C)[C@@]3(F)[C@@H](O)C[C@]2(C)[C@@]1(O)C(=O)COP(=O)([O-])[O-].[Na+].[Na+],0.0326,False,0.167,0.0011,0.2224,0.1381
1912,,CHEMBL299400,BUTORPHANOL TARTRATE,O=C(O)C(O)C(O)C(=O)O.Oc1ccc2c(c1)[C@@]13CCCC[C@@]1(O)[C@@H](C2)N(CC1CCC1)CC3,0.0326,False,0.202,1e-04,0.8937,0.3965
1913,,CHEMBL1200747,AMMONIUM LACTATE,CC(O)C(=O)O.N,0.0325,False,0.156,0.0022,0.3445,0.0451
1914,,CHEMBL1177,PEMOLINE,NC1=NC(=O)C(c2ccccc2)O1,0.0325,False,0.357,0.0151,0.0476,0.0479
1915,,CHEMBL1201773,PRASUGREL HYDROCHLORIDE,CC(=O)Oc1cc2c(s1)CCN(C(C(=O)C1CC1)c1ccccc1F)C2.Cl,0.0324,False,0.256,0.0059,0.0173,0.3316
1916,,CHEMBL645,BISOPROLOL,CC(C)NCC(O)COc1ccc(COCCOC(C)C)cc1,0.0324,False,0.256,0.0002,0.1873,0.9973
1917,,CHEMBL57,NEVIRAPINE,Cc1ccnc2c1NC(=O)c1cccnc1N2C1CC1,0.0324,False,0.288,0.0032,0.0803,0.1304
1918,,CHEMBL3545368,PANOBINOSTAT LACTATE,CC(O)C(=O)O.Cc1[nH]c2ccccc2c1CCNCc1ccc(/C=C/C(=O)NO)cc1,0.0324,False,0.244,0.0019,0.1765,0.1035
1919,,CHEMBL3547132,FLUORODOPA,N[C@@H](Cc1cc(O)c(O)cc1F)C(=O)O,0.0323,False,0.229,0.0035,0.1855,0.0519
1920,,CHEMBL1604,CEPHRADINE,CC1=C(C(=O)O)N2C(=O)[C@@H](NC(=O)[C@H](N)C3=CCC=CC3)[C@H]2SC1,0.0323,False,0.173,0.0011,0.183,0.1733
1921,,CHEMBL3400972,FLUORODOPA F 18,N[C@@H](Cc1cc(O)c(O)cc1[18F])C(=O)O,0.0323,False,0.229,0.0035,0.1855,0.0519
1922,,CHEMBL267495,NALFURAFINE,CN(C(=O)/C=C/c1ccoc1)[C@@H]1CC[C@@]2(O)[C@H]3Cc4ccc(O)c5c4[C@@]2(CCN3CC2CC2)[C@H]1O5,0.0322,False,0.172,1e-04,0.7868,0.6451
1923,410.0,CHEMBL1301,HYDROXYSTILBAMIDINE,N=C(N)c1ccc(/C=C/c2ccc(C(=N)N)cc2O)cc1,0.0322,True,0.333,0.0002,0.6545,0.2631
1924,,CHEMBL1788386,TETRAMETHRIN,CC(C)=CC1C(C(=O)OCN2C(=O)C3=C(CCCC3)C2=O)C1(C)C,0.032,False,0.192,0.0004,0.1646,0.5497
1925,,CHEMBL3989406,ENALAPRILAT,C[C@H](N[C@@H](CCc1ccccc1)C(=O)O)C(=O)N1CCC[C@H]1C(=O)O.O.O,0.032,False,0.277,0.0009,0.1254,0.294
1926,,CHEMBL1290,PENBUTOLOL,CC(C)(C)NC[C@H](O)COc1ccccc1C1CCCC1,0.0319,False,0.268,0.0017,0.0188,0.9953
1927,,CHEMBL848,LENALIDOMIDE,Nc1cccc2c1CN(C1CCC(=O)NC1=O)C2=O,0.0319,False,0.221,0.0027,0.1782,0.0667
1928,,CHEMBL343448,ROMIDEPSIN,C/C=C1\NC(=O)[C@H]2CSSCC/C=C/[C@H](CC(=O)N[C@H](C(C)C)C(=O)N2)OC(=O)[C@H](C(C)C)NC1=O,0.0317,False,0.14,0.0121,0.1168,0.0226
1929,,CHEMBL64894,GENTIAN VIOLET,CN(C)c1ccc(C(=C2C=CC(=[N+](C)C)C=C2)c2ccc(N(C)C)cc2)cc1.[Cl-],0.0317,False,0.268,0.0848,0.2219,0.0017
1930,,CHEMBL1410,NONOXYNOL 9,CCCCCCCCCc1ccc(OCCOCCOCCOCCOCCOCCOCCOCCOCCO)cc1,0.0314,False,0.246,0.0015,0.0402,0.5036
1931,,CHEMBL863,CYSTEINE,N[C@@H](CS)C(=O)O,0.0313,False,0.25,0.0003,0.1666,0.5419
1932,,CHEMBL1321,PROCARBAZINE,CNNCc1ccc(C(=O)NC(C)C)cc1,0.0313,False,0.29,1e-04,0.6247,0.5865
1933,,CHEMBL7863,APROBARBITAL,C=CCC1(C(C)C)C(=O)NC(=O)NC1=O,0.0313,False,0.18,0.0016,0.2334,0.0823
1934,,CHEMBL1200410,PROCARBAZINE HYDROCHLORIDE,CNNCc1ccc(C(=O)NC(C)C)cc1.Cl,0.0312,False,0.286,0.0002,0.4924,0.3762
1935,,CHEMBL1200885,ALOSETRON HYDROCHLORIDE,Cc1[nH]cnc1CN1CCc2c(c3ccccc3n2C)C1=O.Cl,0.0312,False,0.292,0.0036,0.1429,0.0587
1936,,CHEMBL986,RETINOL,CC1=C(/C=C/C(C)=C/C=C/C(C)=C/CO)C(C)(C)CCC1,0.0312,False,0.129,0.0013,0.033,0.6999
1937,,CHEMBL1200531,ALFENTANIL HYDROCHLORIDE,CCC(=O)N(c1ccccc1)C1(COC)CCN(CCn2nnn(CC)c2=O)CC1.Cl,0.0312,False,0.253,0.0002,0.2644,0.5583
1938,,CHEMBL450449,TRABECTEDIN,COc1cc2c(cc1O)CCN[C@]21CS[C@@H]2c3c(OC(C)=O)c(C)c4c(c3[C@H](COC1=O)N1[C@@H]2[C@H]2c3c(cc(C)c(OC)c3O)C[C@@H]([C@@H]1O)N2C)OCO4,0.0312,False,0.171,0.0003,0.115,0.8875
1939,,CHEMBL2105842,CORTIVAZOL,CC(=O)OCC(=O)[C@@]1(O)[C@H](C)C[C@H]2[C@@H]3C=C(C)C4=Cc5c(cnn5-c5ccccc5)C[C@]4(C)[C@H]3[C@@H](O)C[C@@]21C,0.0311,False,0.204,0.0005,0.0696,0.9115
1940,,CHEMBL73234,CARBETAPENTANE,CCN(CC)CCOCCOC(=O)C1(c2ccccc2)CCCC1,0.0311,False,0.267,0.0008,0.1063,0.3739
1941,,CHEMBL1201269,CHLORPHENTERMINE,CC(C)(N)Cc1ccc(Cl)cc1,0.0311,False,0.261,0.0221,0.0584,0.0234
1942,,CHEMBL2364632,SARECYCLINE,CON(C)Cc1ccc(O)c2c1C[C@H]1C[C@H]3[C@H](N(C)C)C(O)=C(C(N)=O)C(=O)[C@@]3(O)C(O)=C1C2=O,0.0311,False,0.19,0.0004,0.1547,0.4507
1943,411.0,CHEMBL411,DIETHYLSTILBESTROL,CC/C(=C(/CC)c1ccc(O)cc1)c1ccc(O)cc1,0.031,True,0.393,1e-04,0.4907,0.4473
1944,,CHEMBL3261331,RESMETIROM,CC(C)c1cc(Oc2c(Cl)cc(-n3nc(C#N)c(=O)[nH]c3=O)cc2Cl)n[nH]c1=O,0.031,False,0.224,0.025,0.0736,0.0163
1945,,CHEMBL329522,EXIFONE,O=C(c1cc(O)c(O)c(O)c1)c1ccc(O)c(O)c1O,0.031,False,0.225,0.0625,0.2366,0.002
1946,,CHEMBL3181841,RAMOSETRON HYDROCHLORIDE,Cl.Cn1cc(C(=O)[C@@H]2CCc3[nH]cnc3C2)c2ccccc21,0.031,False,0.26,0.0133,0.0402,0.056
1947,,CHEMBL278623,MACIMORELIN,CC(C)(N)C(=O)N[C@H](Cc1c[nH]c2ccccc12)C(=O)N[C@H](Cc1c[nH]c2ccccc12)NC=O,0.0309,False,0.296,0.0003,0.1928,0.6104
1948,,CHEMBL4164059,PITOLISANT HYDROCHLORIDE,Cl.Clc1ccc(CCCOCCCN2CCCCC2)cc1,0.0308,False,0.298,0.0005,0.0973,0.5633
1949,,CHEMBL1200393,GREPAFLOXACIN HYDROCHLORIDE,Cc1c(F)c(N2CCNC(C)C2)cc2c1c(=O)c(C(=O)O)cn2C1CC1.Cl,0.0307,False,0.229,0.0037,0.0106,0.7321
1950,,CHEMBL1286,LEVETIRACETAM,CC[C@@H](C(N)=O)N1CCCC1=O,0.0307,False,0.192,0.0036,0.1671,0.0473
1951,,CHEMBL496,HEXACHLOROPHENE,Oc1c(Cl)cc(Cl)c(Cl)c1Cc1c(O)c(Cl)cc(Cl)c1Cl,0.0307,False,0.175,0.3599,0.0003,0.3007
1952,,CHEMBL1643,RIBAVIRIN,NC(=O)c1ncn([C@@H]2O[C@H](CO)[C@@H](O)[C@H]2O)n1,0.0307,False,0.238,0.0039,0.0219,0.3381
1953,,CHEMBL1200641,CISATRACURIUM BESYLATE,COc1ccc(C[C@@H]2c3cc(OC)c(OC)cc3CC[N@+]2(C)CCC(=O)OCCCCCOC(=O)CC[N@@+]2(C)CCc3cc(OC)c(OC)cc3[C@H]2Cc2ccc(OC)c(OC)c2)cc1OC.O=S(=O)([O-])c1ccccc1.O=S(=O)([O-])c1ccccc1,0.0307,False,0.225,0.005,0.0059,0.986
1954,,CHEMBL1110,ALOSETRON,Cc1[nH]cnc1CN1CCc2c(c3ccccc3n2C)C1=O,0.0306,False,0.297,0.0034,0.1299,0.0649
1955,,CHEMBL517712,ATROPINE,CN1[C@@H]2CC[C@H]1C[C@@H](OC(=O)C(CO)c1ccccc1)C2,0.0306,False,0.276,0.0047,0.0089,0.6831
1956,,CHEMBL2110725,VINFLUNINE,CC[C@]12C=CCN3CC[C@@]4(c5cc([C@@]6(C(=O)OC)C[C@@H]7C[C@@H](C(C)(F)F)CN(Cc8c6[nH]c6ccccc86)C7)c(OC)cc5N(C)[C@H]4[C@@](O)(C(=O)OC)[C@@H]1OC(C)=O)[C@@H]32,0.0305,False,0.226,1e-04,0.8165,0.5849
1957,412.0,CHEMBL9967,PIRENZEPINE,CN1CCN(CC(=O)N2c3ccccc3C(=O)Nc3cccnc32)CC1,0.0304,True,0.395,0.0032,0.0121,0.7124
1958,413.0,CHEMBL1173655,AFATINIB,CN(C)C/C=C/C(=O)Nc1cc2c(Nc3ccc(F)c(Cl)c3)ncnc2cc1O[C@H]1CCOC1,0.0304,True,0.685,0.4443,0.0332,0.0019
1959,,CHEMBL577,ENALAPRILAT ANHYDROUS,C[C@H](N[C@@H](CCc1ccccc1)C(=O)O)C(=O)N1CCC[C@H]1C(=O)O,0.0304,False,0.281,0.0007,0.1318,0.3137
1960,,CHEMBL522038,XIMELAGATRAN,CCOC(=O)CN[C@@H](C(=O)N1CC[C@H]1C(=O)NCc1ccc(/C(N)=N\O)cc1)C1CCCCC1,0.0304,False,0.255,0.0004,0.4437,0.1438
1961,414.0,CHEMBL1592,QUINAPRIL,CCOC(=O)[C@H](CCc1ccccc1)N[C@@H](C)C(=O)N1Cc2ccccc2C[C@H]1C(=O)O,0.0302,True,0.33,0.0028,0.067,0.1482
1962,,CHEMBL1614,DESLANOSIDE,C[C@H]1O[C@@H](O[C@H]2CC[C@@]3(C)[C@H](CC[C@@H]4[C@@H]3C[C@@H](O)[C@]3(C)[C@@H](C5=CC(=O)OC5)CC[C@]43O)C2)C[C@H](O)[C@@H]1O[C@H]1C[C@H](O)[C@H](O[C@H]2C[C@H](O)[C@H](O[C@@H]3O[C@H](CO)[C@@H](O)[C@H](O)[C@H]3O)[C@@H](C)O2)[C@@H](C)O1,0.0302,False,0.198,0.0027,0.0103,0.9974
1963,,CHEMBL1200342,PARAMETHASONE ACETATE,CC(=O)OCC(=O)[C@@]1(O)[C@H](C)C[C@H]2[C@@H]3C[C@H](F)C4=CC(=O)C=C[C@]4(C)[C@H]3[C@@H](O)C[C@@]21C,0.0302,False,0.16,0.0003,0.0992,0.9066
1964,,CHEMBL2104793,PYROVALERONE HYDROCHLORIDE,CCCC(C(=O)c1ccc(C)cc1)N1CCCC1.Cl,0.0301,False,0.254,0.0021,0.1924,0.0687
1965,,CHEMBL1200471,PYRITHIONE ZINC,[O-][n+]1ccccc1[S-].[O-][n+]1ccccc1[S-].[Zn+2],0.0301,False,0.171,0.0416,0.116,0.0056
1966,415.0,CHEMBL1201011,QUINAPRIL HYDROCHLORIDE,CCOC(=O)[C@H](CCc1ccccc1)N[C@@H](C)C(=O)N1Cc2ccccc2C[C@H]1C(=O)O.Cl,0.0301,True,0.326,0.0027,0.0767,0.1329
1967,,CHEMBL167731,PIXANTRONE,NCCNc1ccc(NCCN)c2c1C(=O)c1ccncc1C2=O,0.03,False,0.23,0.0151,0.0441,0.0405
1968,,CHEMBL372795,STREPTOMYCIN,CN[C@@H]1[C@H](O[C@H]2[C@H](O[C@H]3[C@H](O)[C@@H](O)[C@H](N=C(N)N)[C@@H](O)[C@@H]3N=C(N)N)O[C@@H](C)[C@]2(O)C=O)O[C@@H](CO)[C@H](O)[C@H]1O,0.03,False,0.189,0.0009,0.0342,0.8571
1969,,CHEMBL4,OFLOXACIN,CC1COc2c(N3CCN(C)CC3)c(F)cc3c(=O)c(C(=O)O)cn1c23,0.03,False,0.256,0.0027,0.0596,0.1678
1970,,CHEMBL5315124,LEVOFLOXACIN,C[C@H]1COc2c(N3CCN(C)CC3)c(F)cc3c(=O)c(C(=O)O)cn1c23.C[C@H]1COc2c(N3CCN(C)CC3)c(F)cc3c(=O)c(C(=O)O)cn1c23.O,0.03,False,0.253,0.0027,0.0424,0.2319
1971,,CHEMBL1676,FLUTICASONE FUROATE,C[C@@H]1C[C@H]2[C@@H]3C[C@H](F)C4=CC(=O)C=C[C@]4(C)[C@@]3(F)[C@@H](O)C[C@]2(C)[C@@]1(OC(=O)c1ccco1)C(=O)SCF,0.03,False,0.208,0.0005,0.0942,0.5803
1972,416.0,CHEMBL3185958,CLOMIPHENE CITRATE,CCN(CC)CCOc1ccc(C(=C(Cl)c2ccccc2)c2ccccc2)cc1.O=C(O)CC(O)(CC(=O)O)C(=O)O,0.03,True,0.347,0.0201,0.0731,0.0184
1973,,CHEMBL1788132,LOFEXIDINE HYDROCHLORIDE,CC(Oc1c(Cl)cccc1Cl)C1=NCCN1.Cl,0.0299,False,0.242,0.0189,0.0046,0.3061
1974,,CHEMBL1200661,UNOPROSTONE ISOPROPYL,CCCCCCCC(=O)CC[C@@H]1[C@@H](C/C=C\CCCC(=O)OC(C)C)[C@@H](O)C[C@H]1O,0.0299,False,0.179,0.0031,0.0187,0.4553
1975,,CHEMBL159226,MOXISYLYTE,CC(=O)Oc1cc(C(C)C)c(OCCN(C)C)cc1C,0.0299,False,0.29,0.0426,0.0718,0.0088
1976,418.0,CHEMBL192,SILDENAFIL,CCCc1nn(C)c2c(=O)[nH]c(-c3cc(S(=O)(=O)N4CCN(C)CC4)ccc3OCC)nc12,0.0298,True,0.653,0.0234,0.0177,0.0635
1977,,CHEMBL3707183,QUINIDINE SULFATE,C=C[C@H]1CN2CC[C@H]1C[C@@H]2[C@@H](O)c1ccnc2ccc(OC)cc12.C=C[C@H]1CN2CC[C@H]1C[C@@H]2[C@@H](O)c1ccnc2ccc(OC)cc12.O.O.O=S(=O)(O)O,0.0298,False,0.287,0.0032,0.0349,0.2391
1978,,CHEMBL551466,ACLIDINIUM BROMIDE,O=C(O[C@H]1C[N+]2(CCCOc3ccccc3)CCC1CC2)C(O)(c1cccs1)c1cccs1.[Br-],0.0298,False,0.218,0.0018,0.0188,0.7964
1979,419.0,CHEMBL296419,ASTEMIZOLE,COc1ccc(CCN2CCC(Nc3nc4ccccc4n3Cc3ccc(F)cc3)CC2)cc1,0.0298,True,0.351,0.0061,0.0065,0.665
1980,417.0,CHEMBL1229517,VEMURAFENIB,CCCS(=O)(=O)Nc1ccc(F)c(C(=O)c2c[nH]c3ncc(-c4ccc(Cl)cc4)cc23)c1F,0.0298,True,0.43,0.1322,0.0305,0.0065
1981,,CHEMBL2104910,SULFADICRAMIDE,CC(C)=CC(=O)NS(=O)(=O)c1ccc(N)cc1,0.0297,False,0.23,0.0047,0.1362,0.0412
1982,,CHEMBL1201780,CARGLUMIC ACID,NC(=O)N[C@@H](CCC(=O)O)C(=O)O,0.0297,False,0.305,1e-04,0.3615,0.815
1983,,CHEMBL4594350,ADAGRASIB,C=C(F)C(=O)N1CCN(c2nc(OC[C@@H]3CCCN3C)nc3c2CCN(c2cccc4cccc(Cl)c24)C3)C[C@@H]1CC#N,0.0296,False,0.25,0.0018,0.018,0.804
1984,,CHEMBL149972,PHENOBARBITAL SODIUM,CCC1(c2ccccc2)C(=O)N=C([O-])NC1=O.[Na+],0.0296,False,0.231,0.0013,0.1252,0.1552
1985,,CHEMBL1201772,PRASUGREL,CC(=O)Oc1cc2c(s1)CCN(C(C(=O)C1CC1)c1ccccc1F)C2,0.0294,False,0.259,0.0052,0.0148,0.3296
1986,,CHEMBL1643895,RAMOSETRON,Cn1cc(C(=O)[C@@H]2CCc3[nH]cnc3C2)c2ccccc21,0.0293,False,0.263,0.0122,0.0364,0.0565
1987,,CHEMBL90555,VINCRISTINE,CC[C@]1(O)C[C@H]2CN(CCc3c([nH]c4ccccc34)[C@@](C(=O)OC)(c3cc4c(cc3OC)N(C=O)[C@H]3[C@@](O)(C(=O)OC)[C@H](OC(C)=O)[C@]5(CC)C=CCN6CC[C@]43[C@@H]65)C2)C1,0.0293,False,0.238,0.0,0.7811,0.8807
1988,,CHEMBL517,DISOPYRAMIDE,CC(C)N(CCC(C(N)=O)(c1ccccc1)c1ccccn1)C(C)C,0.0293,False,0.254,0.0041,0.0248,0.2448
1989,,CHEMBL550,PILOCARPINE,CC[C@@H]1C(=O)OC[C@@H]1Cc1cncn1C,0.0292,False,0.186,0.0007,0.0404,0.9039
1990,,CHEMBL1532,QUINETHAZONE,CCC1NC(=O)c2cc(S(N)(=O)=O)c(Cl)cc2N1,0.0292,False,0.215,0.0153,0.0018,0.9299
1991,,CHEMBL4594394,MAGNESIUM OXYBATE,O=C([O-])CCCO.O=C([O-])CCCO.[Mg+2],0.0291,False,0.233,0.0026,0.1547,0.0622
1992,,CHEMBL3707290,SOMAPACITAN,C=C(CCCCCCCCCCCCCCCc1nnn[nH]1)NS(=O)(=O)CCCC(=O)NCCOCCOCC(=O)N[C@@H](CCC(=O)N[C@@H](CCC(=O)NCCOCCOCC(=O)N[C@@H](CCCCNC(=O)CSC[C@H](N)C(=O)O)C(N)=O)C(=O)O)C(=O)O,0.029,False,0.183,0.0002,0.335,0.4062
1993,,CHEMBL4650827,REVUMENIB,CCN(C(=O)c1cc(F)ccc1Oc1cncnc1N1CC2(CCN(C[C@H]3CC[C@H](NS(=O)(=O)CC)CC3)CC2)C1)C(C)C,0.029,False,0.259,0.0003,0.2299,0.4024
1994,,CHEMBL31,GATIFLOXACIN,COc1c(N2CCNC(C)C2)c(F)cc2c(=O)c(C(=O)O)cn(C3CC3)c12,0.0289,False,0.227,0.0037,0.0954,0.0672
1995,,CHEMBL1200463,OXAPROZIN POTASSIUM,O=C([O-])CCc1nc(-c2ccccc2)c(-c2ccccc2)o1.[K+],0.0289,False,0.246,0.0204,0.0626,0.019
1996,,CHEMBL30219,METHOHEXITAL SODIUM,C=CCC1(C(C)C#CCC)C(=O)N=C([O-])N(C)C1=O.[Na+],0.0289,False,0.154,0.0002,0.4134,0.3399
1997,,CHEMBL601,AMINOLEVULINIC ACID,NCC(=O)CCC(=O)O,0.0288,False,0.222,0.0002,0.2104,0.7127
1998,,CHEMBL1200538,BETAMETHASONE ACETATE,CC(=O)OCC(=O)[C@@]1(O)[C@@H](C)C[C@H]2[C@@H]3CCC4=CC(=O)C=C[C@]4(C)[C@@]3(F)[C@@H](O)C[C@@]21C,0.0288,False,0.171,0.0002,0.4146,0.3375
1999,,CHEMBL594,EMEDASTINE,CCOCCn1c(N2CCCN(C)CC2)nc2ccccc21,0.0287,False,0.29,0.0049,0.0048,0.9985
2000,,CHEMBL7413,METHOHEXITAL,C=CCC1(C(C)C#CCC)C(=O)NC(=O)N(C)C1=O,0.0287,False,0.161,1e-04,0.5791,0.3818
2001,,CHEMBL1201203,BENZTROPINE,CN1[C@@H]2CC[C@H]1C[C@@H](OC(c1ccccc1)c1ccccc1)C2,0.0286,False,0.241,0.0038,0.0066,0.9432
2002,,CHEMBL19299,LOXOPROFEN,CC(C(=O)O)c1ccc(CC2CCCC2=O)cc1,0.0286,False,0.242,0.0026,0.2559,0.0345
2003,,CHEMBL553025,VINORELBINE,CCC1=C[C@@H]2CN(C1)Cc1c([nH]c3ccccc13)[C@@](C(=O)OC)(c1cc3c(cc1OC)N(C)[C@H]1[C@@](O)(C(=O)OC)[C@H](OC(C)=O)[C@]4(CC)C=CCN5CC[C@]31[C@@H]54)C2,0.0286,False,0.197,1e-04,0.8354,0.5521
2004,,CHEMBL869,NITROFURAZONE,NC(=O)N/N=C/c1ccc([N+](=O)[O-])o1,0.0286,False,0.213,0.0156,0.118,0.0127
2005,,CHEMBL3989843,TRANYLCYPROMINE,N[C@@H]1C[C@H]1c1ccccc1.N[C@H]1C[C@@H]1c1ccccc1,0.0286,False,0.256,0.011,0.0026,0.83
2006,,CHEMBL1201729,DRONEDARONE HYDROCHLORIDE,CCCCc1oc2ccc(NS(C)(=O)=O)cc2c1C(=O)c1ccc(OCCCN(CCCC)CCCC)cc1.Cl,0.0285,False,0.287,0.0057,0.0587,0.0686
2007,,CHEMBL1230314,ESTETROL ANHYDROUS,C[C@]12CC[C@@H]3c4ccc(O)cc4CC[C@H]3[C@@H]1[C@@H](O)[C@@H](O)[C@@H]2O,0.0285,False,0.215,0.0013,0.0182,0.9875
2008,,CHEMBL2111112,VERNAKALANT,COc1ccc(CCO[C@@H]2CCCC[C@H]2N2CC[C@@H](O)C2)cc1OC,0.0285,False,0.278,0.0006,0.0413,0.8902
2009,,CHEMBL1766,DESOXIMETASONE,C[C@@H]1C[C@H]2[C@@H]3CCC4=CC(=O)C=C[C@]4(C)[C@@]3(F)[C@@H](O)C[C@]2(C)[C@H]1C(=O)CO,0.0285,False,0.178,0.0002,0.2072,0.7223
2010,,CHEMBL1533310,HISTAMINE DIHYDROCHLORIDE,Cl.Cl.NCCc1c[nH]cn1,0.0284,False,0.17,0.0137,0.1256,0.0133
2011,,CHEMBL33,LEVOFLOXACIN ANHYDROUS,C[C@H]1COc2c(N3CCN(C)CC3)c(F)cc3c(=O)c(C(=O)O)cn1c23,0.0284,False,0.256,0.0025,0.0407,0.228
2012,,CHEMBL182,GANCICLOVIR,Nc1nc2c(ncn2COC(CO)CO)c(=O)[nH]1,0.0284,False,0.197,0.1046,0.0153,0.0144
2013,,CHEMBL1681,IODOHIPPURATE,O=C(O)CNC(=O)c1ccccc1I,0.0283,False,0.288,0.0164,0.0242,0.057
2014,,CHEMBL583,GREPAFLOXACIN,Cc1c(F)c(N2CCNC(C)C2)cc2c1c(=O)c(C(=O)O)cn2C1CC1,0.0283,False,0.231,0.0033,0.0096,0.732
2015,420.0,CHEMBL2325741,CAPIVASERTIB,NC1(C(=O)N[C@@H](CCO)c2ccc(Cl)cc2)CCN(c2nc[nH]c3nccc2-3)CC1,0.0283,True,0.378,0.003,0.0622,0.1232
2016,,CHEMBL1200715,HEXYLCAINE HYDROCHLORIDE,CC(CNC1CCCCC1)OC(=O)c1ccccc1.Cl,0.0283,False,0.28,0.0004,0.109,0.5503
2017,,CHEMBL54976,TRYPTOPHAN,N[C@@H](Cc1c[nH]c2ccccc12)C(=O)O,0.0281,False,0.365,0.001,0.1517,0.149
2018,,CHEMBL1200613,TOLMETIN SODIUM,Cc1ccc(C(=O)c2ccc(CC(=O)[O-])n2C)cc1.[Na+],0.0281,False,0.23,0.018,0.2967,0.0042
2019,,CHEMBL17860,LOFEXIDINE,CC(Oc1c(Cl)cccc1Cl)C1=NCCN1,0.0281,False,0.246,0.0203,0.0025,0.4383
2020,,CHEMBL1364,PYRIDOXINE,Cc1ncc(CO)c(CO)c1O,0.028,False,0.22,0.9733,0.0,0.7483
2021,,CHEMBL378544,VINBLASTINE SULFATE,CC[C@]1(O)C[C@@H]2CN(CCc3c([nH]c4ccccc34)[C@@](C(=O)OC)(c3cc4c(cc3OC)N(C)[C@H]3[C@@](O)(C(=O)OC)[C@H](OC(C)=O)[C@]5(CC)C=CCN6CC[C@]43[C@@H]65)C2)C1.O=S(=O)(O)O,0.028,False,0.226,0.0,0.7839,0.7727
2022,,CHEMBL1231,OXYBUTYNIN,CCN(CC)CC#CCOC(=O)C(O)(c1ccccc1)C1CCCCC1,0.028,False,0.246,0.0009,0.0857,0.2799
2023,,CHEMBL109,VALPROIC ACID,CCCC(CCC)C(=O)O,0.028,False,0.182,0.0013,0.0993,0.1654
2024,,CHEMBL1425,MERCAPTOPURINE ANHYDROUS,Sc1ncnc2nc[nH]c12,0.0279,False,0.205,0.0278,0.0654,0.0119
2025,,CHEMBL1200507,IODIXANOL,CC(=O)N(CC(O)CN(C(C)=O)c1c(I)c(C(=O)NCC(O)CO)c(I)c(C(=O)NCC(O)CO)c1I)c1c(I)c(C(=O)NCC(O)CO)c(I)c(C(=O)NCC(O)CO)c1I,0.0279,False,0.284,0.027,0.0032,0.248
2026,421.0,CHEMBL117287,PRUCALOPRIDE,COCCCN1CCC(NC(=O)c2cc(Cl)c(N)c3c2OCC3)CC1,0.0278,True,0.326,0.0077,0.0028,0.9898
2027,,CHEMBL1200802,TALBUTAL,C=CCC1(C(C)CC)C(=O)NC(=O)NC1=O,0.0278,False,0.171,0.0009,0.3535,0.0646
2028,,CHEMBL1200391,TROMETHAMINE,NC(CO)(CO)CO,0.0277,False,0.148,0.0006,0.0399,0.8695
2029,,CHEMBL6068329,PEMETREXED DIPOTASSIUM,Nc1nc2[nH]cc(CCc3ccc(C(=O)N[C@@H](CCC(=O)[O-])C(=O)[O-])cc3)c2c(=O)[nH]1.[K+].[K+],0.0277,False,0.233,0.0038,0.133,0.0425
2030,,CHEMBL184412,DRONEDARONE,CCCCc1oc2ccc(NS(C)(=O)=O)cc2c1C(=O)c1ccc(OCCCN(CCCC)CCCC)cc1,0.0277,False,0.291,0.0056,0.0571,0.0666
2031,,CHEMBL1133,OXYBUTYNIN CHLORIDE,CCN(CC)CC#CCOC(=O)C(O)(c1ccccc1)C1CCCCC1.Cl,0.0277,False,0.242,0.0009,0.0905,0.253
2032,,CHEMBL937,DIETHYLCARBAMAZINE CITRATE,CCN(CC)C(=O)N1CCN(C)CC1.O=C(O)CC(O)(CC(=O)O)C(=O)O,0.0276,False,0.224,0.0021,0.1213,0.0811
2033,,CHEMBL2368925,DOLASETRON,O=C(O[C@@H]1C[C@@H]2C[C@H]3C[C@H](C1)N2CC3=O)c1c[nH]c2ccccc12,0.0276,False,0.266,0.0047,0.0214,0.2084
2034,,CHEMBL1166,ARGATROBAN,CC1CNc2c(cccc2S(=O)(=O)N[C@@H](CCCNC(=N)N)C(=O)N2CC[C@@H](C)C[C@@H]2C(=O)O)C1,0.0276,False,0.205,0.0031,0.0279,0.2424
2035,,CHEMBL44618,CHLOROFORM,ClC(Cl)Cl,0.0274,False,0.07,0.0571,0.0054,0.0672
2036,,CHEMBL2062276,LEVALLORPHAN TARTRATE,C=CCN1CC[C@]23CCCC[C@H]2[C@H]1Cc1ccc(O)cc13.O=C(O)C(O)C(O)C(=O)O,0.0274,False,0.213,0.0004,0.6121,0.0813
2037,,CHEMBL2348780,VAMOROLONE,C[C@@H]1C[C@H]2[C@@H]3CCC4=CC(=O)C=C[C@]4(C)C3=CC[C@]2(C)[C@@]1(O)C(=O)CO,0.0273,False,0.174,0.0003,0.2392,0.2669
2038,,CHEMBL498847,SECNIDAZOLE,Cc1ncc([N+](=O)[O-])n1CC(C)O,0.0273,False,0.236,0.0383,0.0462,0.0115
2039,,CHEMBL1200959,METHDILAZINE,CN1CCC(CN2c3ccccc3Sc3ccccc32)C1,0.0273,False,0.262,0.0026,0.008,0.9953
2040,,CHEMBL266349,MELAGATRAN,N=C(N)c1ccc(CNC(=O)[C@@H]2CCN2C(=O)[C@H](NCC(=O)O)C2CCCCC2)cc1,0.0273,False,0.281,0.0002,0.4115,0.2748
2041,,CHEMBL196,ASCORBIC ACID,O=C1O[C@H]([C@@H](O)CO)C(O)=C1O,0.0273,False,0.161,0.0031,0.0261,0.2546
2042,,CHEMBL440,THIAMYLAL,C=CCC1(C(C)CCC)C(=O)NC(=S)NC1=O,0.0272,False,0.165,0.0008,0.2976,0.0879
2043,,CHEMBL1003,CLAVULANATE POTASSIUM,O=C([O-])[C@H]1/C(=C/CO)O[C@@H]2CC(=O)N21.[K+],0.0272,False,0.171,0.0021,0.2051,0.0481
2044,,CHEMBL13,METOPROLOL,COCCc1ccc(OCC(O)CNC(C)C)cc1,0.0272,False,0.286,1e-04,0.2166,0.9968
2045,,CHEMBL1200682,SODIUM OXYBATE,O=C([O-])CCCO.[Na+],0.0272,False,0.233,0.0028,0.1489,0.0487
2046,,CHEMBL634,ALFENTANIL,CCC(=O)N(c1ccccc1)C1(COC)CCN(CCn2nnn(CC)c2=O)CC1,0.0271,False,0.241,0.0002,0.2359,0.5279
2047,,CHEMBL1705,CLONIDINE HYDROCHLORIDE,Cl.Clc1cccc(Cl)c1NC1=NCCN1,0.0271,False,0.245,0.0398,0.0009,0.5731
2048,,CHEMBL1200762,BETAMETHASONE SODIUM PHOSPHATE,C[C@H]1C[C@H]2[C@@H]3CCC4=CC(=O)C=C[C@]4(C)[C@@]3(F)[C@@H](O)C[C@]2(C)[C@@]1(O)C(=O)COP(=O)([O-])[O-].[Na+].[Na+],0.0271,False,0.167,0.0009,0.2211,0.1041
2049,,CHEMBL1908370,FINAFLOXACIN,N#Cc1c(N2C[C@@H]3NCCO[C@H]3C2)c(F)cc2c(=O)c(C(=O)O)cn(C3CC3)c12,0.027,False,0.186,0.0028,0.0665,0.1075
2050,,CHEMBL1722209,TOLTERODINE TARTRATE,Cc1ccc(O)c([C@H](CCN(C(C)C)C(C)C)c2ccccc2)c1.O=C(O)C(O)C(O)C(=O)O,0.027,False,0.235,0.0142,0.3624,0.0038
2051,,CHEMBL1200666,CALCIPOTRIENE,C=C1/C(=C\C=C2/CCC[C@]3(C)[C@@H]([C@H](C)/C=C/[C@@H](O)C4CC4)CC[C@@H]23)C[C@@H](O)C[C@@H]1O,0.0269,False,0.126,0.0022,0.0741,0.1185
2052,,CHEMBL1501,FLUOCINONIDE,CC(=O)OCC(=O)[C@@]12OC(C)(C)O[C@@H]1C[C@H]1[C@@H]3C[C@H](F)C4=CC(=O)C=C[C@]4(C)[C@@]3(F)[C@@H](O)C[C@@]12C,0.0269,False,0.164,1e-04,0.4319,0.7368
2053,,CHEMBL1201098,CEFOTETAN DISODIUM,CO[C@@]1(NC(=O)C2SC(=C(C(N)=O)C(=O)[O-])S2)C(=O)N2C(C(=O)[O-])=C(CSc3nnnn3C)CS[C@@H]21.[Na+].[Na+],0.0269,False,0.174,0.0002,0.27,0.3234
2054,422.0,CHEMBL297302,BENPERIDOL,O=C(CCCN1CCC(n2c(=O)[nH]c3ccccc32)CC1)c1ccc(F)cc1,0.0268,True,0.316,0.0047,0.1161,0.0354
2055,,CHEMBL290916,EDARAVONE,CC1=NN(c2ccccc2)C(=O)C1,0.0268,False,0.31,0.0148,0.0233,0.0556
2056,,CHEMBL5095051,VENLAFAXINE BESYLATE,COc1ccc(C(CN(C)C)C2(O)CCCCC2)cc1.O=S(=O)(O)c1ccccc1,0.0267,False,0.26,0.0025,0.079,0.0981
2057,,CHEMBL307261,ARTENIMOL,C[C@H]1[C@@H](O)O[C@@H]2O[C@@]3(C)CC[C@H]4[C@H](C)CC[C@@H]1[C@@]24OO3,0.0267,False,0.122,1e-04,0.2683,0.9501
2058,,CHEMBL1200949,BETAZOLE HYDROCHLORIDE,Cl.NCCc1cc[nH]n1,0.0265,False,0.193,0.013,0.115,0.0125
2059,,CHEMBL525610,TERIPARATIDE,CC[C@H](C)[C@H](NC(=O)[C@H](CCC(=O)O)NC(=O)[C@H](CO)NC(=O)[C@@H](NC(=O)[C@@H](N)CO)C(C)C)C(=O)N[C@@H](CCC(N)=O)C(=O)N[C@@H](CC(C)C)C(=O)N[C@@H](CCSC)C(=O)N[C@@H](Cc1cnc[nH]1)C(=O)N[C@@H](CC(N)=O)C(=O)N[C@@H](CC(C)C)C(=O)NCC(=O)N[C@@H](CCCCN)C(=O)N[C@@H](Cc1cnc[nH]1)C(=O)N[C@@H](CC(C)C)C(=O)N[C@@H](CC(N)=O)C(=O)N[C@@H](CO)C(=O)N[C@@H](CCSC)C(=O)N[C@@H](CCC(=O)O)C(=O)N[C@@H](CCCNC(=N)N)C(=O)N[C@H](C(=O)N[C@@H](CCC(=O)O)C(=O)N[C@@H](Cc1c[nH]c2ccccc12)C(=O)N[C@@H](CC(C)C)C(=O)N[C@@H](CCCNC(=N)N)C(=O)N[C@@H](CCCCN)C(=O)N[C@@H](CCCCN)C(=O)N[C@@H](CC(C)C)C(=O)N[C@@H](CCC(N)=O)C(=O)N[C@@H](CC(=O)O)C(=O)N[C@H](C(=O)N[C@@H](Cc1cnc[nH]1)C(=O)N[C@@H](CC(N)=O)C(=O)N[C@@H](Cc1ccccc1)C(=O)O)C(C)C)C(C)C,0.0264,False,0.307,1e-04,0.3659,0.9039
2060,423.0,CHEMBL6995,PRACTOLOL,CC(=O)Nc1ccc(OCC(O)CNC(C)C)cc1,0.0264,True,0.322,0.0,0.5194,0.9927
2061,,CHEMBL1201141,IBUPROFEN LYSINE,CC(C)Cc1ccc(C(C)C(=O)O)cc1.NCCCC[C@H](N)C(=O)O,0.0263,False,0.297,0.0005,0.1867,0.2107
2062,,CHEMBL2105735,ASUNAPREVIR,C=C[C@@H]1C[C@]1(NC(=O)[C@@H]1C[C@@H](Oc2ncc(OC)c3ccc(Cl)cc23)CN1C(=O)[C@@H](NC(=O)OC(C)(C)C)C(C)(C)C)C(=O)NS(=O)(=O)C1CC1,0.0263,False,0.25,0.0079,0.0383,0.0604
2063,,CHEMBL539423,SPARSENTAN,CCCCC1=NC2(CCCC2)C(=O)N1Cc1ccc(-c2ccccc2S(=O)(=O)Nc2noc(C)c2C)c(COCC)c1,0.0263,False,0.215,0.0002,0.2338,0.3891
2064,,CHEMBL1201761,BESIFLOXACIN HYDROCHLORIDE,Cl.N[C@@H]1CCCCN(c2c(F)cc3c(=O)c(C(=O)O)cn(C4CC4)c3c2Cl)C1,0.0262,False,0.24,0.0033,0.0239,0.2271
2065,,CHEMBL3989861,DESVENLAFAXINE FUMARATE,CN(C)CC(c1ccc(O)cc1)C1(O)CCCCC1.O.O=C(O)/C=C/C(=O)O,0.0262,False,0.229,0.001,0.1975,0.0881
2066,,CHEMBL1695,TIAGABINE HYDROCHLORIDE,Cc1ccsc1C(=CCCN1CCC[C@@H](C(=O)O)C1)c1sccc1C.Cl,0.0261,False,0.262,0.0023,0.0082,0.9638
2067,,CHEMBL34259,METHOTREXATE,CN(Cc1cnc2nc(N)nc(N)c2n1)c1ccc(C(=O)N[C@@H](CCC(=O)O)C(=O)O)cc1,0.0261,False,0.273,0.0545,0.0249,0.0131
2068,,CHEMBL738,THIOPENTAL SODIUM,CCCC(C)C1(CC)C(=O)[N-]C(=S)NC1=O.[Na+],0.026,False,0.138,0.0004,0.4642,0.0913
2069,,CHEMBL395110,MEPAZINE,CN1CCCC(CN2c3ccccc3Sc3ccccc32)C1,0.026,False,0.28,0.0022,0.0081,0.9944
2070,,CHEMBL531,PERGOLIDE,CCCN1C[C@H](CSC)C[C@@H]2c3cccc4[nH]cc(c34)C[C@H]21,0.026,False,0.189,0.0008,0.0231,0.9926
2071,,CHEMBL777,CLAVULANIC ACID,O=C(O)[C@H]1/C(=C/CO)O[C@@H]2CC(=O)N21,0.0259,False,0.194,0.0021,0.1719,0.0475
2072,,CHEMBL1159650,CLOBETASOL PROPIONATE,CCC(=O)O[C@]1(C(=O)CCl)[C@@H](C)C[C@H]2[C@@H]3CCC4=CC(=O)C=C[C@]4(C)[C@@]3(F)[C@@H](O)C[C@@]21C,0.0259,False,0.181,0.0002,0.2752,0.3222
2073,,CHEMBL1201167,CARVEDILOL PHOSPHATE,COc1ccccc1OCCNCC(O)COc1cccc2[nH]c3ccccc3c12.O=P(O)(O)O,0.0258,False,0.277,0.0135,0.0257,0.0495
2074,,CHEMBL1055,CHLORTHALIDONE,NS(=O)(=O)c1cc(C2(O)NC(=O)c3ccccc32)ccc1Cl,0.0258,False,0.262,0.0209,0.0212,0.0387
2075,,CHEMBL2105275,PROPYLHEXEDRINE,CNC(C)CC1CCCCC1,0.0257,False,0.204,0.0006,0.0298,0.9655
2076,,CHEMBL1200477,ALLOPURINOL SODIUM,O=c1[n-]cnc2[nH]ncc12.[Na+],0.0257,False,0.237,0.0171,0.1844,0.0054
2077,,CHEMBL45029,MEPHOBARBITAL,CCC1(c2ccccc2)C(=O)NC(=O)N(C)C1=O,0.0255,False,0.264,0.0004,0.1935,0.2005
2078,,CHEMBL421,SULFASALAZINE,O=C(O)c1cc(/N=N/c2ccc(S(=O)(=O)Nc3ccccn3)cc2)ccc1O,0.0255,False,0.28,0.0083,0.2658,0.0075
2079,424.0,CHEMBL2105719,DACOMITINIB,COc1cc2ncnc(Nc3ccc(F)c(Cl)c3)c2cc1NC(=O)/C=C/CN1CCCCC1.O,0.0255,True,0.554,0.2545,0.0544,0.0012
2080,,CHEMBL1200483,PHENMETRAZINE HYDROCHLORIDE,CC1NCCOC1c1ccccc1.Cl,0.0254,False,0.261,0.0015,0.0167,0.638
2081,,CHEMBL1447476,BITHIONOLATE SODIUM,[Na+].[Na+].[O-]c1c(Cl)cc(Cl)cc1Sc1cc(Cl)cc(Cl)c1[O-],0.0254,False,0.192,0.1463,0.0025,0.0452
2082,,CHEMBL3990276,TALC ANHYDROUS,O=[Mg].O=[Mg].O=[Mg].O=[Si]=O.O=[Si]=O.O=[Si]=O.O=[Si]=O,0.0254,False,0.061,0.0045,0.6256,0.0059
2083,,CHEMBL1194325,ACLIDINIUM,O=C(O[C@H]1C[N+]2(CCCOc3ccccc3)CCC1CC2)C(O)(c1cccs1)c1cccs1,0.0253,False,0.221,0.0016,0.0137,0.7352
2084,,CHEMBL16073,PHENACETIN,CCOc1ccc(NC(C)=O)cc1,0.0253,False,0.383,0.0,0.5075,0.8346
2085,,CHEMBL3989962,PEMETREXED TROMETHAMINE,NC(CO)(CO)CO.NC(CO)(CO)CO.Nc1nc(=O)c2c(CCc3ccc(C(=O)N[C@@H](CCC(=O)O)C(=O)O)cc3)c[nH]c2[nH]1.O.O,0.0253,False,0.261,0.0027,0.0921,0.0652
2086,,CHEMBL2106441,NOXYTIOLIN,CNC(=S)NCO,0.0252,False,0.139,0.0009,0.3119,0.0607
2087,,CHEMBL525076,ENFUVIRTIDE,CC[C@H](C)[C@H](NC(=O)[C@H](CC(C)C)NC(=O)[C@H](CO)NC(=O)[C@H](Cc1cnc[nH]1)NC(=O)[C@@H](NC(=O)[C@H](CC(C)C)NC(=O)[C@H](CO)NC(=O)[C@@H](NC(=O)[C@H](Cc1ccc(O)cc1)NC(C)=O)[C@@H](C)O)[C@@H](C)CC)C(=O)N[C@@H](CCC(=O)O)C(=O)N[C@@H](CCC(=O)O)C(=O)N[C@@H](CO)C(=O)N[C@@H](CCC(N)=O)C(=O)N[C@@H](CC(N)=O)C(=O)N[C@@H](CCC(N)=O)C(=O)N[C@@H](CCC(N)=O)C(=O)N[C@@H](CCC(=O)O)C(=O)N[C@@H](CCCCN)C(=O)N[C@@H](CC(N)=O)C(=O)N[C@@H](CCC(=O)O)C(=O)N[C@@H](CCC(N)=O)C(=O)N[C@@H](CCC(=O)O)C(=O)N[C@@H](CC(C)C)C(=O)N[C@@H](CC(C)C)C(=O)N[C@@H](CCC(=O)O)C(=O)N[C@@H](CC(C)C)C(=O)N[C@@H](CC(=O)O)C(=O)N[C@@H](CCCCN)C(=O)N[C@@H](Cc1c[nH]c2ccccc12)C(=O)N[C@@H](C)C(=O)N[C@@H](CO)C(=O)N[C@@H](CC(C)C)C(=O)N[C@@H](Cc1c[nH]c2ccccc12)C(=O)N[C@@H](CC(N)=O)C(=O)N[C@@H](Cc1c[nH]c2ccccc12)C(=O)N[C@@H](Cc1ccccc1)C(N)=O,0.0251,False,0.361,0.0,0.4427,0.9093
2088,,CHEMBL106,FLUCONAZOLE,OC(Cn1cncn1)(Cn1cncn1)c1ccc(F)cc1F,0.0251,False,0.259,0.0302,0.0317,0.0165
2089,,CHEMBL1029,MIGLUSTAT,CCCCN1C[C@H](O)[C@@H](O)[C@H](O)[C@H]1CO,0.0251,False,0.185,0.0194,0.0008,0.9942
2090,425.0,CHEMBL254857,FIPEXIDE,O=C(COc1ccc(Cl)cc1)N1CCN(Cc2ccc3c(c2)OCO3)CC1,0.025,True,0.344,0.0036,0.0044,0.974
2091,,CHEMBL52440,DEXTROMETHORPHAN,COc1ccc2c(c1)[C@]13CCCC[C@@H]1[C@H](C2)N(C)CC3,0.0249,False,0.254,0.0004,0.0416,0.985
2092,,CHEMBL468837,HEPTABARBITAL,CCC1(C2=CCCCCC2)C(=O)NC(=O)NC1=O,0.0249,False,0.175,0.0002,0.5206,0.1849
2093,,CHEMBL1034,DICLOFENAC SODIUM,O=C([O-])Cc1ccccc1Nc1c(Cl)cccc1Cl.[Na+],0.0248,False,0.262,0.0551,0.3559,0.0008
2094,,CHEMBL1735,INDINAVIR SULFATE,CC(C)(C)NC(=O)[C@@H]1CN(Cc2cccnc2)CCN1C[C@@H](O)C[C@@H](Cc1ccccc1)C(=O)N[C@H]1c2ccccc2C[C@H]1O.O=S(=O)(O)O,0.0248,False,0.291,0.0043,0.0188,0.1914
2095,,CHEMBL89598,VIGABATRIN,C=CC(N)CCC(=O)O,0.0248,False,0.195,1e-04,0.1907,0.8506
2096,426.0,CHEMBL3989519,DOXAPRAM HYDROCHLORIDE,CCN1CC(CCN2CCOCC2)C(c2ccccc2)(c2ccccc2)C1=O.Cl.O,0.0248,True,0.318,0.0002,0.2643,0.3787
2097,,CHEMBL566534,ARTEMETHER,CO[C@H]1O[C@@H]2O[C@@]3(C)CC[C@H]4[C@H](C)CC[C@@H]([C@H]1C)[C@@]24OO3,0.0248,False,0.118,0.0,0.5426,0.9268
2098,427.0,CHEMBL698,TETRACAINE,CCCCNc1ccc(C(=O)OCCN(C)C)cc1,0.0247,True,0.317,0.0002,0.2336,0.2595
2099,,CHEMBL2021422,FOSPROPOFOL DISODIUM,CC(C)c1cccc(C(C)C)c1OCOP(=O)([O-])[O-].[Na+].[Na+],0.0247,False,0.207,0.0098,0.0047,0.3242
2100,,CHEMBL1515,METHIMAZOLE,Cn1ccnc1S,0.0247,False,0.18,0.0454,0.4691,0.0007
2101,,CHEMBL1200595,CHLORPHENTERMINE HYDROCHLORIDE,CC(C)(N)Cc1ccc(Cl)cc1.Cl,0.0246,False,0.255,0.0227,0.0443,0.0148
2102,,CHEMBL4297516,LURBINECTEDIN,COc1ccc2[nH]c3c(c2c1)CCN[C@]31CS[C@@H]2c3c(OC(C)=O)c(C)c4c(c3[C@H](COC1=O)N1[C@@H]2[C@H]2c3c(cc(C)c(OC)c3O)C[C@@H]([C@@H]1O)N2C)OCO4,0.0245,False,0.228,0.0003,0.0567,0.954
2103,,CHEMBL474579,CEFOTETAN,CO[C@@]1(NC(=O)C2SC(=C(C(N)=O)C(=O)O)S2)C(=O)N2C(C(=O)O)=C(CSc3nnnn3C)CS[C@@H]21,0.0244,False,0.189,0.0002,0.2427,0.322
2104,,CHEMBL2103772,RACECADOTRIL,CC(=O)SCC(Cc1ccccc1)C(=O)NCC(=O)OCc1ccccc1,0.0244,False,0.299,0.0003,0.1237,0.3948
2105,428.0,CHEMBL4297403,MELPHALAN FLUFENAMIDE HYDROCHLORIDE,CCOC(=O)[C@H](Cc1ccc(F)cc1)NC(=O)[C@@H](N)Cc1ccc(N(CCCl)CCCl)cc1.Cl,0.0244,True,0.333,1e-04,0.4255,0.6015
2106,,CHEMBL1201864,DIENOGEST,C[C@]12CCC3=C4CCC(=O)C=C4CC[C@H]3[C@@H]1CC[C@@]2(O)CC#N,0.0244,False,0.176,0.0003,0.1948,0.2369
2107,,CHEMBL3237547,CEDAZURIDINE,O=C1N[C@H](O)CCN1[C@@H]1O[C@H](CO)[C@@H](O)C1(F)F,0.0243,False,0.183,0.0007,0.0402,0.5288
2108,429.0,CHEMBL914,FEXOFENADINE,CC(C)(C(=O)O)c1ccc(C(O)CCCN2CCC(C(O)(c3ccccc3)c3ccccc3)CC2)cc1,0.0243,True,0.312,0.0008,0.068,0.2726
2109,,CHEMBL1201132,NALBUPHINE HYDROCHLORIDE,Cl.Oc1ccc2c3c1O[C@H]1[C@@H](O)CC[C@@]4(O)[C@@H](C2)N(CC2CCC2)CC[C@]314,0.0243,False,0.218,0.0,0.8061,0.7764
2110,,CHEMBL1500276,OXELADIN,CCN(CC)CCOCCOC(=O)C(CC)(CC)c1ccccc1,0.0243,False,0.278,0.0031,0.0468,0.0981
2111,,CHEMBL134,CLONIDINE,Clc1cccc(Cl)c1NC1=NCCN1,0.0242,False,0.25,0.0429,0.0005,0.7221
2112,,CHEMBL1200413,TETRAHYDROZOLINE HYDROCHLORIDE,Cl.c1ccc2c(c1)CCCC2C1=NCCN1,0.0242,False,0.207,0.0013,0.0233,0.4813
2113,,CHEMBL515606,CILAZAPRIL,CCOC(=O)[C@H](CCc1ccccc1)N[C@H]1CCCN2CCC[C@@H](C(=O)O)N2C1=O,0.0242,False,0.288,0.0003,0.2637,0.1763
2114,,CHEMBL1200664,POTASSIUM LACTATE,CC(O)C(=O)[O-].[K+],0.0242,False,0.146,0.0019,0.3769,0.0197
2115,,CHEMBL2360464,PEMETREXED DISODIUM,Nc1nc2[nH]cc(CCc3ccc(C(=O)N[C@@H](CCC(=O)[O-])C(=O)[O-])cc3)c2c(=O)[nH]1.[Na+].[Na+],0.0242,False,0.233,0.0037,0.1174,0.0323
2116,,CHEMBL1200386,PREDNICARBATE,CCOC(=O)O[C@]1(C(=O)COC(=O)CC)CC[C@H]2[C@@H]3CCC4=CC(=O)C=C[C@]4(C)[C@H]3[C@@H](O)C[C@@]21C,0.0242,False,0.184,1e-04,0.1807,0.5997
2117,430.0,CHEMBL1255654,TETRACAINE HYDROCHLORIDE,CCCCNc1ccc(C(=O)OCCN(C)C)cc1.Cl,0.0242,True,0.311,0.0003,0.2026,0.2036
2118,,CHEMBL1023,BEXAROTENE,C=C(c1ccc(C(=O)O)cc1)c1cc2c(cc1C)C(C)(C)CCC2(C)C,0.0241,False,0.276,0.0043,0.165,0.0196
2119,,CHEMBL3989543,VINDESINE SULFATE,CC[C@]1(O)C[C@@H]2CN(CCc3c([nH]c4ccccc34)[C@@](C(=O)OC)(c3cc4c(cc3OC)N(C)[C@H]3[C@@](O)(C(N)=O)[C@H](O)[C@]5(CC)C=CCN6CC[C@]43[C@@H]65)C2)C1.O=S(=O)(O)O,0.0241,False,0.226,0.0,0.6871,0.7317
2120,431.0,CHEMBL3402762,TEPOTINIB,CN1CCC(COc2cnc(-c3cccc(Cn4nc(-c5cccc(C#N)c5)ccc4=O)c3)nc2)CC1,0.0241,True,0.323,0.0064,0.0734,0.0296
2121,,CHEMBL3578202,GOZETOTIDE,O=C(O)CCc1ccc(O)c(CN(CCN(CC(=O)O)Cc2cc(CCC(=O)NCCCCCC(=O)NCCCC[C@H](NC(=O)N[C@@H](CCC(=O)O)C(=O)O)C(=O)O)ccc2O)CC(=O)O)c1,0.0241,False,0.278,0.0,0.6403,0.9857
2122,,CHEMBL841,LOPERAMIDE,CN(C)C(=O)C(CCN1CCC(O)(c2ccc(Cl)cc2)CC1)(c1ccccc1)c1ccccc1,0.024,False,0.258,0.0008,0.0812,0.2099
2123,432.0,CHEMBL2110732,DACOMITINIB ANHYDROUS,COc1cc2ncnc(Nc3ccc(F)c(Cl)c3)c2cc1NC(=O)/C=C/CN1CCCCC1,0.024,True,0.56,0.2453,0.049,0.0012
2124,,CHEMBL1027,TIAGABINE,Cc1ccsc1C(=CCCN1CCC[C@@H](C(=O)O)C1)c1sccc1C,0.024,False,0.265,0.0022,0.0064,0.9686
2125,,CHEMBL5315117,ZANAMIVIR HYDRATE,CC(=O)N[C@H]1[C@H]([C@H](O)[C@H](O)CO)OC(C(=O)O)=C[C@@H]1NC(=N)N.O,0.024,False,0.171,0.0017,0.0384,0.2176
2126,,CHEMBL1197,HEXYLCAINE,CC(CNC1CCCCC1)OC(=O)c1ccccc1,0.024,False,0.279,0.0002,0.0935,0.6108
2127,,CHEMBL1371,CHLORZOXAZONE,O=c1[nH]c2cc(Cl)ccc2o1,0.024,False,0.286,0.0059,0.3321,0.007
2128,,CHEMBL64,ISONIAZID,NNC(=O)c1ccncc1,0.0239,False,0.37,0.0213,0.2395,0.0027
2129,,CHEMBL3833311,DEXTROMORAMIDE TARTRATE,C[C@@H](CC(C(=O)N1CCCC1)(c1ccccc1)c1ccccc1)N1CCOCC1.O=C(O)C(O)C(O)C(=O)O,0.0238,False,0.257,0.0017,0.1415,0.0578
2130,,CHEMBL1200804,DICLOFENAC POTASSIUM,O=C([O-])Cc1ccccc1Nc1c(Cl)cccc1Cl.[K+],0.0238,False,0.262,0.0533,0.3827,0.0007
2131,,CHEMBL1200837,LEVOBETAXOLOL HYDROCHLORIDE,CC(C)NC[C@H](O)COc1ccc(CCOCC2CC2)cc1.Cl,0.0237,False,0.284,1e-04,0.1969,0.9984
2132,,CHEMBL1201323,BETAZOLE,NCCc1cc[nH]n1,0.0237,False,0.196,0.0101,0.089,0.0147
2133,,CHEMBL1201115,ESMOLOL HYDROCHLORIDE,COC(=O)CCc1ccc(OCC(O)CNC(C)C)cc1.Cl,0.0237,False,0.281,0.0,0.2919,0.9821
2134,,CHEMBL2362410,LANDIOLOL HYDROCHLORIDE,CC1(C)OC[C@@H](COC(=O)CCc2ccc(OC[C@@H](O)CNCCNC(=O)N3CCOCC3)cc2)O1.Cl,0.0236,False,0.258,0.0005,0.0342,0.8223
2135,433.0,CHEMBL1201171,PRAMOXINE HYDROCHLORIDE,CCCCOc1ccc(OCCCN2CCOCC2)cc1.Cl,0.0236,True,0.49,0.0014,0.0318,0.2906
2136,,CHEMBL6068335,PEMETREXED DISODIUM HEMIPENTAHYDRATE,Nc1nc2[nH]cc(CCc3ccc(C(=O)N[C@@H](CCC(=O)[O-])C(=O)[O-])cc3)c2c(=O)[nH]1.Nc1nc2[nH]cc(CCc3ccc(C(=O)N[C@@H](CCC(=O)[O-])C(=O)[O-])cc3)c2c(=O)[nH]1.O.O.O.O.O.[Na+].[Na+].[Na+].[Na+],0.0236,False,0.23,0.0044,0.1073,0.0275
2137,434.0,CHEMBL267744,TICRYNAFEN,O=C(O)COc1ccc(C(=O)c2cccs2)c(Cl)c1Cl,0.0235,True,0.306,0.0164,0.117,0.0067
2138,,CHEMBL1256987,FUSIDATE SODIUM,CC(=O)O[C@H]1C[C@@]2(C)[C@@H](C[C@@H](O)[C@H]3[C@@]4(C)CC[C@@H](O)[C@@H](C)[C@@H]4CC[C@@]32C)/C1=C(\CCC=C(C)C)C(=O)[O-].[Na+],0.0234,False,0.139,1e-04,0.2545,0.5412
2139,,CHEMBL19236,MOXONIDINE,COc1nc(C)nc(Cl)c1NC1=NCCN1,0.0234,False,0.224,0.0999,0.0273,0.0047
2140,,CHEMBL1863513,INGENOL MEBUTATE,C/C=C(/C)C(=O)O[C@H]1C(C)=C[C@]23C(=O)[C@@H](C=C(CO)[C@@H](O)[C@]12O)[C@H]1[C@@H](C[C@H]3C)C1(C)C,0.0234,False,0.151,1e-04,0.377,0.3123
2141,,CHEMBL1707,LOPERAMIDE HYDROCHLORIDE,CN(C)C(=O)C(CCN1CCC(O)(c2ccc(Cl)cc2)CC1)(c1ccccc1)c1ccccc1.Cl,0.0233,False,0.255,0.0008,0.0824,0.1915
2142,,CHEMBL1200343,PERINDOPRIL ERBUMINE,CC(C)(C)N.CCC[C@H](N[C@@H](C)C(=O)N1[C@H](C(=O)O)C[C@@H]2CCCC[C@@H]21)C(=O)OCC,0.0233,False,0.207,0.0014,0.0375,0.2434
2143,,CHEMBL6068340,PRASUGREL BESYLATE,CC(=O)Oc1cc2c(s1)CCN(C(C(=O)C1CC1)c1ccccc1F)C2.O=S(=O)(O)c1ccccc1,0.0233,False,0.236,0.0067,0.0264,0.0717
2144,,CHEMBL268164,CYCLOBARBITAL,CCC1(C2=CCCCC2)C(=O)NC(=O)NC1=O,0.0233,False,0.177,0.0002,0.4886,0.1731
2145,435.0,CHEMBL1200787,PHENOXYBENZAMINE HYDROCHLORIDE,CC(COc1ccccc1)N(CCCl)Cc1ccccc1.Cl,0.0233,True,0.315,0.0004,0.0355,0.9836
2146,,CHEMBL1009,LEVODOPA,N[C@@H](Cc1ccc(O)c(O)c1)C(=O)O,0.0232,False,0.415,0.0004,0.3544,0.0959
2147,,CHEMBL1201192,ARMODAFINIL,NC(=O)C[S@@+]([O-])C(c1ccccc1)c1ccccc1,0.0232,False,0.233,0.0307,0.039,0.0104
2148,,CHEMBL2030434,FLUDEOXYGLUCOSE F 18,OC[C@H]1OC(O)[C@H]([18F])[C@@H](O)[C@@H]1O,0.0232,False,0.173,0.0799,0.0002,0.9993
2149,,CHEMBL2068864,FLUDEOXYGLUCOSE,OC[C@H]1OC(O)[C@H](F)[C@@H](O)[C@@H]1O,0.0232,False,0.173,0.0799,0.0002,0.9993
2150,,CHEMBL930,GLUTAMINE,NC(=O)CC[C@H](N)C(=O)O,0.0232,False,0.26,1e-04,0.1313,0.6587
2151,,CHEMBL3989715,MUPIROCIN CALCIUM,C/C(=C\C(=O)OCCCCCCCCC(=O)[O-])C[C@@H]1OC[C@H](C[C@@H]2O[C@H]2[C@@H](C)[C@H](C)O)[C@@H](O)[C@H]1O.C/C(=C\C(=O)OCCCCCCCCC(=O)[O-])C[C@@H]1OC[C@H](C[C@@H]2O[C@H]2[C@@H](C)[C@H](C)O)[C@@H](O)[C@H]1O.O.O.[Ca+2],0.0232,False,0.136,0.0013,0.0152,0.6527
2152,436.0,CHEMBL1200618,FEXOFENADINE HYDROCHLORIDE,CC(C)(C(=O)O)c1ccc(C(O)CCCN2CCC(C(O)(c3ccccc3)c3ccccc3)CC2)cc1.Cl,0.0231,True,0.308,0.0007,0.071,0.2354
2153,,CHEMBL4650220,ZAVEGEPANT HYDROCHLORIDE,Cc1cc(C[C@@H](NC(=O)N2CCC(c3cc4ccccc4[nH]c3=O)CC2)C(=O)N2CCN(C3CCN(C)CC3)CC2)cc2cn[nH]c12.Cl,0.0231,False,0.292,0.0009,0.0206,0.6457
2154,,CHEMBL1204165,DILEVALOL HYDROCHLORIDE,C[C@H](CCc1ccccc1)NC[C@H](O)c1ccc(O)c(C(N)=O)c1.Cl,0.0231,False,0.274,0.0005,0.1335,0.2005
2155,,CHEMBL1201760,BESIFLOXACIN,N[C@@H]1CCCCN(c2c(F)cc3c(=O)c(C(=O)O)cn(C4CC4)c3c2Cl)C1,0.023,False,0.242,0.0029,0.0203,0.2072
2156,,CHEMBL1237119,TREPROSTINIL,CCCCC[C@H](O)CC[C@@H]1[C@H]2Cc3cccc(OCC(=O)O)c3C[C@H]2C[C@H]1O,0.023,False,0.211,0.0019,0.0206,0.3056
2157,,CHEMBL1200989,ALCLOMETASONE DIPROPIONATE,CCC(=O)OCC(=O)[C@@]1(OC(=O)CC)[C@H](C)C[C@H]2[C@H]3[C@H]([C@@H](O)C[C@@]21C)[C@@]1(C)C=CC(=O)C=C1C[C@H]3Cl,0.023,False,0.16,1e-04,0.1887,0.577
2158,,CHEMBL2364609,ESKETAMINE HYDROCHLORIDE,CN[C@]1(c2ccccc2Cl)CCCCC1=O.Cl,0.0229,False,0.237,0.0023,0.0506,0.1022
2159,,CHEMBL159,VINBLASTINE,CC[C@]1(O)C[C@@H]2CN(CCc3c([nH]c4ccccc34)[C@@](C(=O)OC)(c3cc4c(cc3OC)N(C)[C@H]3[C@@](O)(C(=O)OC)[C@H](OC(C)=O)[C@]5(CC)C=CCN6CC[C@]43[C@@H]65)C2)C1,0.0229,False,0.232,0.0,0.7326,0.8812
2160,,CHEMBL3989522,EDETATE CALCIUM DISODIUM MONOHYDRATE,O.O=C([O-])CN(CCN(CC(=O)[O-])CC(=O)[O-])CC(=O)[O-].[Ca+2].[Na+].[Na+],0.0229,False,0.154,1e-04,0.4353,0.442
2161,437.0,CHEMBL1201080,TRIMETHOPRIM HYDROCHLORIDE,COc1cc(Cc2cnc(N)nc2N)cc(OC)c1OC.Cl,0.0229,True,0.592,0.1926,0.0639,0.001
2162,,CHEMBL1222250,DEXTROSE,OC[C@H]1OC(O)[C@H](O)[C@@H](O)[C@@H]1O,0.0227,False,0.2,0.0678,0.0002,0.9988
2163,,CHEMBL861,MEPHENYTOIN,CCC1(c2ccccc2)NC(=O)N(C)C1=O,0.0226,False,0.269,0.0003,0.2742,0.1279
2164,,CHEMBL697,METHSUXIMIDE,CN1C(=O)CC(C)(c2ccccc2)C1=O,0.0226,False,0.245,0.0006,0.196,0.0947
2165,,CHEMBL977,HYDROCORTISONE HEMISUCCINATE ANHYDROUS,C[C@]12CCC(=O)C=C1CC[C@@H]1[C@@H]2[C@@H](O)C[C@@]2(C)[C@H]1CC[C@]2(O)C(=O)COC(=O)CCC(=O)O,0.0225,False,0.179,1e-04,0.1155,0.6746
2166,,CHEMBL1136,TELITHROMYCIN,CC[C@H]1OC(=O)[C@H](C)C(=O)[C@H](C)[C@@H](O[C@@H]2O[C@H](C)C[C@H](N(C)C)[C@H]2O)[C@](C)(OC)C[C@@H](C)C(=O)[C@H](C)[C@H]2N(CCCCn3cnc(-c4cccnc4)c3)C(=O)O[C@]12C,0.0224,False,0.201,0.0002,0.0834,0.7418
2167,,CHEMBL1689772,OMADACYCLINE,CN(C)c1cc(CNCC(C)(C)C)c(O)c2c1C[C@H]1C[C@H]3[C@H](N(C)C)C(O)=C(C(N)=O)C(=O)[C@@]3(O)C(O)=C1C2=O,0.0224,False,0.208,0.0002,0.0636,0.8577
2168,,CHEMBL222813,ZANAMIVIR,CC(=O)N[C@H]1[C@H]([C@H](O)[C@H](O)CO)OC(C(=O)O)=C[C@@H]1NC(=N)N,0.0223,False,0.173,0.0014,0.0369,0.2163
2169,438.0,CHEMBL1198,PRAMOXINE,CCCCOc1ccc(OCCCN2CCOCC2)cc1,0.0223,True,0.5,0.0013,0.0296,0.2904
2170,,CHEMBL591665,SODIUM ASCORBATE,O=C1O[C@H]([C@@H](O)CO)C([O-])=C1O.[Na+],0.0223,False,0.154,0.0029,0.0351,0.1112
2171,,CHEMBL1200381,ARGININE HYDROCHLORIDE,Cl.N=C(N)NCCC[C@H](N)C(=O)O,0.0223,False,0.365,0.0005,0.0761,0.2957
2172,,CHEMBL1200928,ZINC ACETATE ANHYDROUS,CC(=O)[O-].CC(=O)[O-].[Zn+2],0.0223,False,0.156,0.0015,0.1289,0.0587
2173,,CHEMBL90,HISTAMINE,NCCc1c[nH]cn1,0.0223,False,0.173,0.0093,0.0908,0.0131
2174,,CHEMBL1200869,METRONIDAZOLE HYDROCHLORIDE,Cc1ncc([N+](=O)[O-])n1CCO.Cl,0.0223,False,0.241,0.0448,0.0415,0.0059
2175,,CHEMBL498,CHLORPROPAMIDE,CCCNC(=O)NS(=O)(=O)c1ccc(Cl)cc1,0.0222,False,0.288,0.0041,0.1337,0.0197
2176,,CHEMBL395091,ESKETAMINE,CN[C@]1(c2ccccc2Cl)CCCCC1=O,0.0222,False,0.241,0.0023,0.0374,0.1284
2177,,CHEMBL1328,PENTAGASTRIN,CSCC[C@H](NC(=O)[C@H](Cc1c[nH]c2ccccc12)NC(=O)CCNC(=O)OC(C)(C)C)C(=O)N[C@@H](CC(=O)O)C(=O)N[C@@H](Cc1ccccc1)C(N)=O,0.0222,False,0.257,1e-04,0.2135,0.5416
2178,,CHEMBL701,BACLOFEN,NCC(CC(=O)O)c1ccc(Cl)cc1,0.0222,False,0.237,0.0004,0.3107,0.092
2179,,CHEMBL1201302,DEXAMETHASONE PHOSPHORIC ACID,C[C@@H]1C[C@H]2[C@@H]3CCC4=CC(=O)C=C[C@]4(C)[C@@]3(F)[C@@H](O)C[C@]2(C)[C@@]1(O)C(=O)COP(=O)(O)O,0.0221,False,0.168,0.0005,0.1862,0.1237
2180,,CHEMBL2397415,ZAVEGEPANT,Cc1cc(C[C@@H](NC(=O)N2CCC(c3cc4ccccc4[nH]c3=O)CC2)C(=O)N2CCN(C3CCN(C)CC3)CC2)cc2cn[nH]c12,0.0221,False,0.295,0.0009,0.0196,0.6431
2181,,CHEMBL24,ATENOLOL,CC(C)NCC(O)COc1ccc(CC(N)=O)cc1,0.0221,False,0.295,0.0,0.4419,0.989
2182,,CHEMBL1200714,CHLORMEZANONE,CN1C(=O)CCS(=O)(=O)C1c1ccc(Cl)cc1,0.022,False,0.268,0.0008,0.218,0.0599
2183,439.0,CHEMBL1201117,METHOCARBAMOL,COc1ccccc1OCC(O)COC(N)=O,0.022,True,0.351,0.0002,0.0772,0.5964
2184,,CHEMBL1363,ARFORMOTEROL,COc1ccc(C[C@@H](C)NC[C@H](O)c2ccc(O)c(NC=O)c2)cc1,0.022,False,0.242,0.0,0.5859,0.8122
2185,,CHEMBL3989521,ISOPROTERENOL SULFATE,CC(C)NCC(O)c1ccc(O)c(O)c1.CC(C)NCC(O)c1ccc(O)c(O)c1.O.O.O=S(=O)(O)O,0.022,False,0.25,0.0016,0.4757,0.0137
2186,,CHEMBL423,BETAXOLOL,CC(C)NCC(O)COc1ccc(CCOCC2CC2)cc1,0.0219,False,0.288,1e-04,0.1297,0.997
2187,,CHEMBL4594246,SULOPENEM ETZADROXIL,CCC(CC)C(=O)OCOC(=O)C1=C(S[C@H]2CC[S+]([O-])C2)S[C@@H]2[C@@H]([C@@H](C)O)C(=O)N12,0.0219,False,0.156,0.0002,0.0753,0.628
2188,440.0,CHEMBL783,NATEGLINIDE,CC(C)[C@H]1CC[C@H](C(=O)N[C@H](Cc2ccccc2)C(=O)O)CC1,0.0219,True,0.339,0.0002,0.2531,0.2319
2189,,CHEMBL2361370,PENBUTOLOL SULFATE,CC(C)(C)NC[C@H](O)COc1ccccc1C1CCCC1.CC(C)(C)NC[C@H](O)COc1ccccc1C1CCCC1.O=S(=O)(O)O,0.0218,False,0.25,0.0004,0.0336,0.7102
2190,441.0,CHEMBL1112,ARIPIPRAZOLE,O=C1CCc2ccc(OCCCCN3CCN(c4cccc(Cl)c4Cl)CC3)cc2N1,0.0218,True,0.329,0.0287,0.0004,0.9996
2191,,CHEMBL488093,PYRITINOL,Cc1ncc(CSSCc2cnc(C)c(O)c2CO)c(CO)c1O,0.0217,False,0.206,0.8699,0.0,0.9991
2192,,CHEMBL1742466,LANDIOLOL,CC1(C)OC[C@@H](COC(=O)CCc2ccc(OC[C@@H](O)CNCCNC(=O)N3CCOCC3)cc2)O1,0.0217,False,0.26,0.0005,0.0288,0.7814
2193,,CHEMBL1200474,DEMECLOCYCLINE HYDROCHLORIDE,CN(C)[C@@H]1C(O)=C(C(N)=O)C(=O)[C@@]2(O)C(O)=C3C(=O)c4c(O)ccc(Cl)c4[C@@H](O)[C@H]3C[C@@H]12.Cl,0.0217,False,0.205,0.0003,0.1975,0.1556
2194,,CHEMBL1233,CARISOPRODOL,CCCC(C)(COC(N)=O)COC(=O)NC(C)C,0.0217,False,0.162,1e-04,0.2413,0.4677
2195,442.0,CHEMBL1201120,REMIFENTANIL HYDROCHLORIDE,CCC(=O)N(c1ccccc1)C1(C(=O)OC)CCN(CCC(=O)OC)CC1.Cl,0.0217,True,0.311,1e-04,0.317,0.2213
2196,,CHEMBL768,ESMOLOL,COC(=O)CCc1ccc(OCC(O)CNC(C)C)cc1,0.0217,False,0.286,0.0,0.3974,0.9916
2197,,CHEMBL27193,DILEVALOL,C[C@H](CCc1ccccc1)NC[C@H](O)c1ccc(O)c(C(N)=O)c1,0.0216,False,0.271,0.0004,0.1327,0.198
2198,,CHEMBL529437,COCAINE HYDROCHLORIDE,COC(=O)[C@H]1[C@@H](OC(=O)c2ccccc2)C[C@@H]2CC[C@H]1N2C.Cl,0.0215,False,0.262,0.0013,0.1067,0.0709
2199,,CHEMBL2107519,CHLORNAPHAZINE,ClCCN(CCCl)c1ccc2ccccc2c1,0.0215,False,0.261,0.0014,0.03,0.2367
2200,,CHEMBL1201274,LEVOBETAXOLOL,CC(C)NC[C@H](O)COc1ccc(CCOCC2CC2)cc1,0.0215,False,0.288,0.0,0.238,0.9992
2201,,CHEMBL1051,LATANOPROST,CC(C)OC(=O)CCC/C=C\C[C@@H]1[C@@H](CC[C@@H](O)CCc2ccccc2)[C@H](O)C[C@@H]1O,0.0214,False,0.23,0.0017,0.012,0.4655
2202,,CHEMBL1184,ACETYLCHOLINE CHLORIDE,CC(=O)OCC[N+](C)(C)C.[Cl-],0.0214,False,0.159,0.0013,0.04,0.1846
2203,,CHEMBL1005,REMIFENTANIL,CCC(=O)N(c1ccccc1)C1(C(=O)OC)CCN(CCC(=O)OC)CC1,0.0213,False,0.297,1e-04,0.2939,0.2332
2204,,CHEMBL1200932,IOPAMIDOL,C[C@H](O)C(=O)Nc1c(I)c(C(=O)NC(CO)CO)c(I)c(C(=O)NC(CO)CO)c1I,0.0213,False,0.185,0.0231,0.0033,0.1265
2205,,CHEMBL585,TRIAMTERENE,Nc1nc(N)c2nc(-c3ccccc3)c(N)nc2n1,0.0213,False,0.289,0.1052,0.0124,0.0074
2206,,CHEMBL177,AMIKACIN,NCC[C@H](O)C(=O)N[C@@H]1C[C@H](N)[C@@H](O[C@H]2O[C@H](CN)[C@@H](O)[C@H](O)[C@H]2O)[C@H](O)[C@H]1O[C@H]1O[C@H](CO)[C@@H](O)[C@H](N)[C@H]1O,0.0213,False,0.192,0.002,0.0048,0.9954
2207,,CHEMBL1201065,THIAMYLAL SODIUM,C=CCC1(C(C)CCC)C(=O)[N-]C(=S)NC1=O.[Na+],0.0213,False,0.143,0.0004,0.2616,0.1013
2208,,CHEMBL1200375,EDETATE CALCIUM DISODIUM ANHYDROUS,O=C([O-])CN(CCN(CC(=O)[O-])CC(=O)[O-])CC(=O)[O-].[Ca+2].[Na+].[Na+],0.0213,False,0.158,0.0,0.4591,0.4294
2209,,CHEMBL296306,LACTULOSE,OC[C@H]1O[C@@H](O[C@@H]2[C@@H](CO)O[C@](O)(CO)[C@H]2O)[C@H](O)[C@@H](O)[C@H]1O,0.0212,False,0.232,0.0118,0.0008,0.9942
2210,,CHEMBL1751,DIGOXIN,C[C@H]1O[C@@H](O[C@H]2[C@@H](O)C[C@H](O[C@H]3[C@@H](O)C[C@H](O[C@H]4CC[C@@]5(C)[C@H](CC[C@@H]6[C@@H]5C[C@@H](O)[C@]5(C)[C@@H](C7=CC(=O)OC7)CC[C@]65O)C4)O[C@@H]3C)O[C@@H]2C)C[C@H](O)[C@@H]1O,0.0211,False,0.147,0.0011,0.0087,0.995
2211,443.0,CHEMBL249856,ENOXIMONE,CSc1ccc(C(=O)c2[nH]c(=O)[nH]c2C)cc1,0.0211,True,0.372,0.0125,0.2651,0.0028
2212,,CHEMBL667,ACETYLCHOLINE,CC(=O)OCC[N+](C)(C)C,0.021,False,0.163,0.0005,0.0527,0.3347
2213,,CHEMBL1593906,LEVOPROPOXYPHENE NAPSYLATE,CCC(=O)O[C@@](Cc1ccccc1)(c1ccccc1)[C@@H](C)CN(C)C.O=S(=O)(O)c1ccc2ccccc2c1,0.021,False,0.276,0.0217,0.0234,0.0183
2214,,CHEMBL137,METRONIDAZOLE,Cc1ncc([N+](=O)[O-])n1CCO,0.021,False,0.245,0.0426,0.0379,0.0058
2215,,CHEMBL561157,TREPROSTINIL SODIUM,CCCCC[C@H](O)CC[C@@H]1[C@H]2Cc3cccc(OCC(=O)[O-])c3C[C@H]2C[C@H]1O.[Na+],0.021,False,0.19,0.003,0.0253,0.1234
2216,,CHEMBL989,FLUOCINOLONE ACETONIDE,CC1(C)O[C@@H]2C[C@H]3[C@@H]4C[C@H](F)C5=CC(=O)C=C[C@]5(C)[C@@]4(F)[C@@H](O)C[C@]3(C)[C@]2(C(=O)CO)O1,0.021,False,0.167,1e-04,0.1655,0.5732
2217,,CHEMBL1200329,TIZANIDINE HYDROCHLORIDE,Cl.Clc1ccc2nsnc2c1NC1=NCCN1,0.0209,False,0.225,0.0468,0.0183,0.0107
2218,444.0,CHEMBL1754,DOXAPRAM,CCN1CC(CCN2CCOCC2)C(c2ccccc2)(c2ccccc2)C1=O,0.0209,True,0.308,1e-04,0.2093,0.4152
2219,,CHEMBL1201208,PHENMETRAZINE,CC1NCCOC1c1ccccc1,0.0209,False,0.267,0.0012,0.0107,0.7009
2220,,CHEMBL365795,TIAPROFENIC ACID,CC(C(=O)O)c1ccc(C(=O)c2ccccc2)s1,0.0209,False,0.286,0.0266,0.2017,0.0017
2221,,CHEMBL1410743,PARALDEHYDE,CC1OC(C)OC(C)O1,0.0208,False,0.082,0.003,0.0031,0.9535
2222,,CHEMBL2062264,PHENYLEPHRINE BITARTRATE,CNC[C@H](O)c1cccc(O)c1.O=C(O)C(O)C(O)C(=O)O,0.0208,False,0.273,0.0061,0.3263,0.0045
2223,,CHEMBL3707306,STRONTIUM RANELATE,N#Cc1c(N(CC(=O)[O-])CC(=O)[O-])sc(C(=O)[O-])c1CC(=O)[O-].[Sr+2].[Sr+2],0.0207,False,0.173,0.0089,0.1048,0.0094
2224,,CHEMBL1691,BETAXOLOL HYDROCHLORIDE,CC(C)NCC(O)COc1ccc(CCOCC2CC2)cc1.Cl,0.0207,False,0.284,1e-04,0.0926,0.9923
2225,445.0,CHEMBL4297522,PEMIGATINIB,CCN1C(=O)N(c2c(F)c(OC)cc(OC)c2F)Cc2cnc3[nH]c(CN4CCOCC4)cc3c21,0.0207,True,0.306,0.0016,0.006,0.9317
2226,,CHEMBL3989740,DOXYCYCLINE HYCLATE,CCO.C[C@H]1c2cccc(O)c2C(=O)C2=C(O)[C@]3(O)C(=O)C(C(N)=O)=C(O)[C@@H](N(C)C)[C@@H]3[C@@H](O)[C@@H]21.C[C@H]1c2cccc(O)c2C(=O)C2=C(O)[C@]3(O)C(=O)C(C(N)=O)=C(O)[C@@H](N(C)C)[C@@H]3[C@@H](O)[C@@H]21.Cl.Cl.O,0.0207,False,0.256,0.0002,0.202,0.2424
2227,,CHEMBL1200424,PENTETATE ZINC TRISODIUM,O=C([O-])CN(CCN(CC(=O)[O-])CC(=O)[O-])CCN(CC(=O)[O-])CC(=O)[O-].[Na+].[Na+].[Na+].[Zn+2],0.0206,False,0.154,0.0,0.3632,0.531
2228,446.0,CHEMBL4303060,MELPHALAN FLUFENAMIDE,CCOC(=O)[C@H](Cc1ccc(F)cc1)NC(=O)[C@@H](N)Cc1ccc(N(CCCl)CCCl)cc1,0.0206,True,0.337,0.0,0.425,0.6016
2229,,CHEMBL1356238,PYRITHIONE,[O-][n+]1ccccc1S,0.0206,False,0.17,0.031,0.12,0.0024
2230,,CHEMBL1200400,AZATHIOPRINE SODIUM,Cn1cnc([N+](=O)[O-])c1Sc1ncnc2nc[n-]c12.[Na+],0.0205,False,0.19,0.0182,0.0735,0.0064
2231,,CHEMBL1737,SILDENAFIL CITRATE,CCCc1nn(C)c2c(=O)[nH]c(-c3cc(S(=O)(=O)N4CCN(C)CC4)ccc3OCC)nc12.O=C(O)CC(O)(CC(=O)O)C(=O)O,0.0205,False,0.553,0.0086,0.0273,0.0365
2232,,CHEMBL1488,URACIL MUSTARD,Oc1ncc(N(CCCl)CCCl)c(O)n1,0.0205,False,0.219,0.0839,0.0107,0.0096
2233,,CHEMBL1293,BETA CAROTENE,CC1=C(/C=C/C(C)=C/C=C/C(C)=C/C=C/C=C(C)/C=C/C=C(C)/C=C/C2=C(C)CCCC2(C)C)C(C)(C)CCC1,0.0205,False,0.122,0.0007,0.024,0.4872
2234,,CHEMBL1628502,GABAPENTIN ENACARBIL,CC(OC(=O)NCC1(CC(=O)O)CCCCC1)OC(=O)C(C)C,0.0205,False,0.162,1e-04,0.1543,0.6157
2235,,CHEMBL2107333,DIMETHYL FUMARATE,COC(=O)/C=C/C(=O)OC,0.0204,False,0.171,0.0023,0.5696,0.0064
2236,,CHEMBL1789842,INDACATEROL MALEATE,CCc1cc2c(cc1CC)CC(NC[C@H](O)c1ccc(O)c3[nH]c(=O)ccc13)C2.O=C(O)/C=C\C(=O)O,0.0203,False,0.204,0.0015,0.0197,0.285
2237,,CHEMBL518924,MAVORIXAFOR,NCCCCN(Cc1nc2ccccc2[nH]1)[C@H]1CCCc2cccnc21,0.0203,False,0.275,0.0035,0.0024,0.9931
2238,,CHEMBL753,PHENOXYBENZAMINE,CC(COc1ccccc1)N(CCCl)Cc1ccccc1,0.0203,False,0.296,0.0003,0.0289,0.9856
2239,,CHEMBL3989507,EDETATE DISODIUM,O.O.O=C([O-])CN(CCN(CC(=O)[O-])CC(=O)O)CC(=O)O.[Na+].[Na+],0.0203,False,0.171,0.0,0.3748,0.466
2240,447.0,CHEMBL22,TRIMETHOPRIM,COc1cc(Cc2cnc(N)nc2N)cc(OC)c1OC,0.0202,True,0.604,0.166,0.0526,0.0009
2241,,CHEMBL984,MIVACURIUM CHLORIDE,COc1cc2c(cc1OC)[C@@H](Cc1cc(OC)c(OC)c(OC)c1)[N+](C)(CCCOC(=O)CC/C=C/CCC(=O)OCCC[N+]1(C)CCc3cc(OC)c(OC)cc3[C@H]1Cc1cc(OC)c(OC)c(OC)c1)CC2.[Cl-].[Cl-],0.0202,False,0.228,0.0013,0.0067,0.956
2242,,CHEMBL493287,GLUCOSAMINE,N[C@H]1C(O)O[C@H](CO)[C@@H](O)[C@@H]1O,0.0201,False,0.173,0.0399,0.0002,0.9975
2243,,CHEMBL4298168,IBREXAFUNGERP CITRATE,CC(C)[C@@H](C)[C@@]1(C)CC[C@]2(C)[C@H]3CC[C@@H]4[C@@]5(COC[C@@]4(C)[C@@H](OC[C@](C)(N)C(C)(C)C)[C@H](n4ncnc4-c4ccncc4)C5)C3=CC[C@@]2(C)[C@@H]1C(=O)O.O=C(O)CC(O)(CC(=O)O)C(=O)O,0.0201,False,0.183,1e-04,0.3418,0.1689
2244,,CHEMBL3643413,LENIOLISIB,CCC(=O)N1CC[C@H](Nc2ncnc3c2CN(c2cnc(OC)c(C(F)(F)F)c2)CC3)C1,0.02,False,0.267,0.0031,0.0026,0.9998
2245,,CHEMBL370805,COCAINE,COC(=O)[C@H]1[C@@H](OC(=O)c2ccccc2)C[C@@H]2CC[C@H]1N2C,0.02,False,0.266,0.0011,0.0966,0.0719
2246,,CHEMBL1266,TETRAHYDROZOLINE,c1ccc2c(c1)CCCC2C1=NCCN1,0.0199,False,0.211,0.001,0.0152,0.512
2247,,CHEMBL1200903,SECOBARBITAL SODIUM,C=CCC1(C(C)CCC)C(=O)[N-]C(=O)NC1=O.[Na+],0.0199,False,0.148,0.0003,0.2713,0.0916
2248,,CHEMBL1707007,GLUCOSAMINE HYDROCHLORIDE,Cl.N[C@H]1C(O)O[C@H](CO)[C@@H](O)[C@@H]1O,0.0198,False,0.171,0.0191,0.0004,0.993
2249,,CHEMBL1585,PIPOBROMAN,O=C(CCBr)N1CCN(C(=O)CCBr)CC1,0.0198,False,0.241,0.0033,0.011,0.2155
2250,,CHEMBL1200906,OXYPHENONIUM BROMIDE,CC[N+](C)(CC)CCOC(=O)C(O)(c1ccccc1)C1CCCCC1.[Br-],0.0197,False,0.25,0.0006,0.0269,0.513
2251,,CHEMBL1512,FLUNISOLIDE,CC1(C)O[C@@H]2C[C@H]3[C@@H]4C[C@H](F)C5=CC(=O)C=C[C@]5(C)[C@H]4[C@@H](O)C[C@]3(C)[C@]2(C(=O)CO)O1,0.0197,False,0.167,1e-04,0.1001,0.7138
2252,448.0,CHEMBL1257015,PICOTAMIDE,COc1ccc(C(=O)NCc2cccnc2)cc1C(=O)NCc1cccnc1,0.0196,True,0.415,0.0078,0.1523,0.0064
2253,449.0,CHEMBL3183184,OCTINOXATE,CCCCC(CC)COC(=O)C=Cc1ccc(OC)cc1,0.0195,True,0.37,0.0,0.3705,0.5169
2254,,CHEMBL1714,KETAMINE HYDROCHLORIDE,CNC1(c2ccccc2Cl)CCCCC1=O.Cl,0.0195,False,0.237,0.0008,0.1186,0.0764
2255,,CHEMBL1256786,FORMOTEROL,COc1ccc(CC(C)NCC(O)c2ccc(O)c(NC=O)c2)cc1,0.0195,False,0.242,1e-04,0.3778,0.3432
2256,,CHEMBL578,ENALAPRIL,CCOC(=O)[C@H](CCc1ccccc1)N[C@@H](C)C(=O)N1CCC[C@H]1C(=O)O,0.0194,False,0.299,0.0006,0.1038,0.1083
2257,,CHEMBL1615439,PHENDIMETRAZINE,C[C@H]1[C@H](c2ccccc2)OCCN1C,0.0194,False,0.234,0.0012,0.0072,0.852
2258,,CHEMBL1200395,ORPHENADRINE CITRATE,Cc1ccccc1C(OCCN(C)C)c1ccccc1.O=C(O)CC(O)(CC(=O)O)C(=O)O,0.0194,False,0.266,0.008,0.1157,0.0079
2259,,CHEMBL895,NALBUPHINE,Oc1ccc2c3c1O[C@H]1[C@@H](O)CC[C@@]4(O)[C@@H](C2)N(CC2CCC2)CC[C@]314,0.0193,False,0.221,0.0,0.7192,0.7728
2260,450.0,CHEMBL2105497,ZIPEPROL,COC(CN1CCN(CC(O)C(OC)c2ccccc2)CC1)c1ccccc1,0.0193,True,0.305,0.0017,0.0054,0.7955
2261,,CHEMBL1725,IOPROMIDE,COCC(=O)Nc1c(I)c(C(=O)NCC(O)CO)c(I)c(C(=O)N(C)CC(O)CO)c1I,0.0193,False,0.276,0.0157,0.0026,0.176
2262,,CHEMBL185,FLUOROURACIL,O=c1[nH]cc(F)c(=O)[nH]1,0.0192,False,0.208,0.0046,0.3187,0.0048
2263,,CHEMBL1742423,BILASTINE,CCOCCn1c(C2CCN(CCc3ccc(C(C)(C)C(=O)O)cc3)CC2)nc2ccccc21,0.0192,False,0.289,0.0008,0.0137,0.6579
2264,,CHEMBL1591,DEMECLOCYCLINE,CN(C)[C@@H]1C(O)=C(C(N)=O)C(=O)[C@@]2(O)C(O)=C3C(=O)c4c(O)ccc(Cl)c4[C@@H](O)[C@H]3C[C@@H]12,0.0192,False,0.207,0.0003,0.1672,0.1593
2265,,CHEMBL1182833,MIVACURIUM,COc1cc2c(cc1OC)[C@@H](Cc1cc(OC)c(OC)c(OC)c1)[N+](C)(CCCOC(=O)CC/C=C/CCC(=O)OCCC[N+]1(C)CCc3cc(OC)c(OC)cc3[C@H]1Cc1cc(OC)c(OC)c(OC)c1)CC2,0.0191,False,0.23,0.0012,0.0061,0.9523
2266,,CHEMBL971,PENTOBARBITAL SODIUM,CCCC(C)C1(CC)C(=O)N=C([O-])NC1=O.[Na+],0.0191,False,0.146,0.0003,0.3135,0.0853
2267,,CHEMBL1950576,DIHYDROSTREPTOMYCIN,CN[C@@H]1[C@H](O[C@H]2[C@H](O[C@H]3[C@H](O)[C@@H](O)[C@H](NC(=N)N)[C@@H](O)[C@@H]3NC(=N)N)O[C@@H](C)[C@]2(O)CO)O[C@@H](CO)[C@H](O)[C@H]1O,0.019,False,0.176,0.0006,0.0121,0.9523
2268,,CHEMBL1201064,FLUOROMETHOLONE ACETATE,CC(=O)O[C@]1(C(C)=O)CC[C@H]2[C@@H]3C[C@H](C)C4=CC(=O)C=C[C@]4(C)[C@@]3(F)[C@@H](O)C[C@@]21C,0.019,False,0.202,1e-04,0.2508,0.3167
2269,,CHEMBL3989728,MENADIOL SODIUM DIPHOSPHATE,Cc1cc(OP(=O)([O-])[O-])c2ccccc2c1OP(=O)([O-])[O-].O.O.O.O.O.O.[Na+].[Na+].[Na+].[Na+],0.019,False,0.222,0.0209,0.0249,0.0132
2270,,CHEMBL2111107,SUGAMMADEX,O=C(O)CCSC[C@H]1O[C@@H]2O[C@H]3[C@H](O)[C@@H](O)[C@@H](O[C@H]4[C@H](O)[C@@H](O)[C@@H](O[C@H]5[C@H](O)[C@@H](O)[C@@H](O[C@H]6[C@H](O)[C@@H](O)[C@@H](O[C@H]7[C@H](O)[C@@H](O)[C@@H](O[C@H]8[C@H](O)[C@@H](O)[C@@H](O[C@H]9[C@H](O)C(O)[C@@H](O[C@H]1[C@H](O)[C@H]2O)O[C@@H]9CSCCC(=O)O)O[C@@H]8CSCCC(=O)O)O[C@@H]7CSCCC(=O)O)O[C@@H]6CSCCC(=O)O)O[C@@H]5CSCCC(=O)O)O[C@@H]4CSCCC(=O)O)O[C@@H]3CSCCC(=O)O,0.019,False,0.157,0.0002,0.0329,0.9175
2271,,CHEMBL6068423,ESTETROL,C[C@]12CC[C@@H]3c4ccc(O)cc4CC[C@H]3[C@@H]1[C@@H](O)[C@@H](O)[C@@H]2O.O,0.0189,False,0.212,0.0005,0.0129,0.9577
2272,,CHEMBL1200878,TRIAMCINOLONE HEXACETONIDE,CC(C)(C)CC(=O)OCC(=O)[C@@]12OC(C)(C)O[C@@H]1C[C@H]1[C@@H]3CCC4=CC(=O)C=C[C@]4(C)[C@@]3(F)[C@@H](O)C[C@@]12C,0.0189,False,0.161,1e-04,0.2878,0.2826
2273,,CHEMBL622,ETODOLAC,CCc1cccc2c3c([nH]c12)C(CC)(CC(=O)O)OCC3,0.0188,False,0.263,0.0006,0.1784,0.0587
2274,,CHEMBL1201891,DEFLAZACORT,CC(=O)OCC(=O)[C@@]12N=C(C)O[C@@H]1C[C@H]1[C@@H]3CCC4=CC(=O)C=C[C@]4(C)[C@H]3[C@@H](O)C[C@@]12C,0.0188,False,0.174,0.0,0.4709,0.3879
2275,,CHEMBL3545060,ERYTHROMYCIN GLUCEPTATE,CC[C@H]1OC(=O)[C@H](C)[C@@H](O[C@H]2C[C@@](C)(OC)[C@@H](O)[C@H](C)O2)[C@H](C)[C@@H](O[C@@H]2O[C@H](C)C[C@H](N(C)C)[C@H]2O)[C@](C)(O)C[C@@H](C)C(=O)[C@H](C)[C@@H](O)[C@]1(C)O.O=C(O)[C@H](O)[C@H](O)[C@@H](O)[C@H](O)[C@H](O)CO,0.0188,False,0.156,0.0004,0.0522,0.2942
2276,,CHEMBL600,ACETYLCYSTEINE,CC(=O)N[C@@H](CS)C(=O)O,0.0187,False,0.271,1e-04,0.2897,0.3929
2277,,CHEMBL1201207,BETAMETHASONE PHOSPHORIC ACID,C[C@H]1C[C@H]2[C@@H]3CCC4=CC(=O)C=C[C@]4(C)[C@@]3(F)[C@@H](O)C[C@]2(C)[C@@]1(O)C(=O)COP(=O)(O)O,0.0187,False,0.168,0.0004,0.1858,0.0949
2278,,CHEMBL1200412,NANDROLONE PHENPROPIONATE,C[C@]12CC[C@H]3[C@@H](CCC4=CC(=O)CC[C@@H]43)[C@@H]1CC[C@@H]2OC(=O)CCc1ccccc1,0.0186,False,0.227,0.0012,0.0189,0.282
2279,,CHEMBL5314649,RITLECITINIB TOSYLATE,C=CC(=O)N1C[C@H](Nc2ncnc3[nH]ccc23)CC[C@@H]1C.Cc1ccc(S(=O)(=O)O)cc1,0.0186,False,0.259,0.0011,0.048,0.125
2280,,CHEMBL1079,TIZANIDINE,Clc1ccc2nsnc2c1NC1=NCCN1,0.0186,False,0.228,0.0386,0.014,0.0118
2281,,CHEMBL1200791,OXYMETAZOLINE HYDROCHLORIDE,Cc1cc(C(C)(C)C)c(O)c(C)c1CC1=NCCN1.Cl,0.0185,False,0.264,0.0186,0.0004,0.9266
2282,,CHEMBL1200635,HYDROCORTAMATE HYDROCHLORIDE,CCN(CC)CC(=O)OCC(=O)[C@@]1(O)CC[C@H]2[C@@H]3CCC4=CC(=O)CC[C@]4(C)[C@H]3[C@@H](O)C[C@@]21C.Cl,0.0185,False,0.174,1e-04,0.0882,0.7878
2283,,CHEMBL46286,OMACETAXINE MEPESUCCINATE,COC(=O)C[C@](O)(CCCC(C)(C)O)C(=O)O[C@@H]1C(OC)=C[C@]23CCCN2CCc2cc4c(cc2[C@H]13)OCO4,0.0185,False,0.204,0.0021,0.0031,0.9995
2284,,CHEMBL1200735,MOXIFLOXACIN HYDROCHLORIDE,COc1c(N2C[C@@H]3CCCN[C@@H]3C2)c(F)cc2c(=O)c(C(=O)O)cn(C3CC3)c12.Cl,0.0185,False,0.216,0.0009,0.0421,0.1682
2285,,CHEMBL1201746,PRALATREXATE,C#CCC(Cc1cnc2nc(N)nc(N)c2n1)c1ccc(C(=O)N[C@@H](CCC(=O)O)C(=O)O)cc1,0.0184,False,0.25,0.0325,0.0193,0.01
2286,,CHEMBL374975,FUSIDIC ACID,CC(=O)O[C@H]1C[C@@]2(C)[C@@H](C[C@@H](O)[C@H]3[C@@]4(C)CC[C@@H](O)[C@@H](C)[C@@H]4CC[C@@]32C)/C1=C(\CCC=C(C)C)C(=O)O,0.0183,False,0.141,1e-04,0.2175,0.5394
2287,,CHEMBL238071,VINDESINE,CC[C@]1(O)C[C@@H]2CN(CCc3c([nH]c4ccccc34)[C@@](C(=O)OC)(c3cc4c(cc3OC)N(C)[C@H]3[C@@](O)(C(N)=O)[C@H](O)[C@]5(CC)C=CCN6CC[C@]43[C@@H]65)C2)C1,0.0183,False,0.232,0.0,0.5954,0.8324
2288,,CHEMBL1200848,HYDROXYPROGESTERONE CAPROATE,CCCCCC(=O)O[C@]1(C(C)=O)CC[C@H]2[C@@H]3CCC4=CC(=O)CC[C@]4(C)[C@H]3CC[C@@]21C,0.0182,False,0.213,0.0002,0.0697,0.5671
2289,,CHEMBL1200562,HYDROCORTISONE VALERATE,CCCCC(=O)O[C@]1(C(=O)CO)CC[C@H]2[C@@H]3CCC4=CC(=O)CC[C@]4(C)[C@H]3[C@@H](O)C[C@@]21C,0.0182,False,0.2,1e-04,0.0893,0.5391
2290,,CHEMBL1364144,METHYLPREDNISOLONE ACETATE,CC(=O)OCC(=O)[C@@]1(O)CC[C@H]2[C@@H]3C[C@H](C)C4=CC(=O)C=C[C@]4(C)[C@H]3[C@@H](O)C[C@@]21C,0.0182,False,0.196,1e-04,0.1334,0.557
2291,,CHEMBL1201163,SUFENTANIL CITRATE,CCC(=O)N(c1ccccc1)C1(COC)CCN(CCc2cccs2)CC1.O=C(O)CC(O)(CC(=O)O)C(=O)O,0.0182,False,0.229,0.0006,0.1294,0.0845
2292,,CHEMBL850,SPARFLOXACIN,C[C@@H]1CN(c2c(F)c(N)c3c(=O)c(C(=O)O)cn(C4CC4)c3c2F)C[C@H](C)N1,0.0181,False,0.217,0.0015,0.0223,0.1811
2293,,CHEMBL4585668,BELZUTIFAN,CS(=O)(=O)c1ccc(Oc2cc(F)cc(C#N)c2)c2c1[C@H](O)[C@H](F)[C@@H]2F,0.0181,False,0.232,0.0018,0.0592,0.0576
2294,,CHEMBL4297065,SPINOSAD,CC[C@H]1CCC[C@H](O[C@H]2CC[C@H](N(C)C)[C@@H](C)O2)[C@@H](C)C(=O)C2=C[C@@H]3[C@@H](C=C(C)[C@@H]4C[C@@H](O[C@@H]5O[C@@H](C)[C@H](OC)[C@@H](OC)[C@H]5OC)C[C@@H]34)[C@@H]2CC(=O)O1.CC[C@H]1CCC[C@H](O[C@H]2CC[C@H](N(C)C)[C@@H](C)O2)[C@@H](C)C(=O)C2=C[C@H]3[C@@H]4C[C@H](O[C@@H]5O[C@@H](C)[C@H](OC)[C@@H](OC)[C@H]5OC)C[C@H]4C=C[C@H]3C2CC(=O)O1,0.018,False,0.132,0.0004,0.0482,0.3366
2295,,CHEMBL1200542,DESOXYCORTICOSTERONE ACETATE,CC(=O)OCC(=O)[C@H]1CC[C@H]2[C@@H]3CCC4=CC(=O)CC[C@]4(C)[C@H]3CC[C@]12C,0.0179,False,0.172,1e-04,0.0725,0.645
2296,,CHEMBL4297064,MILNACIPRAN HYDROCHLORIDE,CCN(CC)C(=O)C1(c2ccccc2)CC1CN.Cl,0.0179,False,0.286,1e-04,0.7152,0.067
2297,,CHEMBL742,KETAMINE,CNC1(c2ccccc2Cl)CCCCC1=O,0.0178,False,0.241,0.0007,0.0888,0.0899
2298,,CHEMBL18116,TOLOXATONE,Cc1cccc(N2CC(CO)OC2=O)c1,0.0178,False,0.3,0.0006,0.1069,0.0823
2299,,CHEMBL2218877,ERYTHROMYCIN ESTOLATE,CCC(=O)O[C@H]1[C@H](O[C@@H]2[C@@H](C)[C@H](O[C@H]3C[C@@](C)(OC)[C@@H](O)[C@H](C)O3)[C@@H](C)C(=O)O[C@H](CC)[C@@](C)(O)[C@H](O)[C@@H](C)C(=O)[C@H](C)C[C@@]2(C)O)O[C@H](C)C[C@@H]1N(C)C.CCCCCCCCCCCCOS(=O)(=O)O,0.0178,False,0.15,0.0003,0.0358,0.4695
2300,,CHEMBL1201355,CERULETIDE,CSCC[C@H](NC(=O)[C@H](Cc1c[nH]c2ccccc12)NC(=O)CNC(=O)[C@@H](NC(=O)[C@H](Cc1ccc(OS(=O)(=O)O)cc1)NC(=O)[C@H](CC(=O)O)NC(=O)[C@H](CCC(N)=O)NC(=O)[C@@H]1CCC(=O)N1)[C@@H](C)O)C(=O)N[C@@H](CC(=O)O)C(=O)N[C@@H](Cc1ccccc1)C(N)=O,0.0178,False,0.278,0.0,0.4117,0.318
2301,,CHEMBL1627367,FLUOROESTRADIOL,C[C@]12CC[C@@H]3c4ccc(O)cc4CC[C@H]3[C@@H]1C[C@@H](F)[C@@H]2O,0.0177,False,0.213,0.0008,0.0071,0.9769
2302,,CHEMBL1451,TRIAMCINOLONE,C[C@]12C=CC(=O)C=C1CC[C@H]1[C@@H]3C[C@@H](O)[C@](O)(C(=O)CO)[C@@]3(C)C[C@H](O)[C@@]12F,0.0177,False,0.18,1e-04,0.2202,0.2217
2303,,CHEMBL4594261,FLUOROESTRADIOL F-18,C[C@]12CC[C@@H]3c4ccc(O)cc4CC[C@H]3[C@@H]1C[C@@H]([18F])[C@@H]2O,0.0177,False,0.213,0.0008,0.0071,0.9769
2304,451.0,CHEMBL1201294,DIPHENOXYLATE,CCOC(=O)C1(c2ccccc2)CCN(CCC(C#N)(c2ccccc2)c2ccccc2)CC1,0.0177,True,0.307,0.0005,0.0753,0.1486
2305,,CHEMBL1200454,VALGANCICLOVIR HYDROCHLORIDE,CC(C)[C@H](N)C(=O)OCC(CO)OCn1cnc2c(=O)nc(N)[nH]c21.Cl,0.0177,False,0.188,0.0351,0.015,0.0105
2306,,CHEMBL1200475,DAUNORUBICIN CITRATE,COc1cccc2c1C(=O)c1c(O)c3c(c(O)c1C2=O)C[C@@](O)(C(C)=O)C[C@@H]3O[C@H]1C[C@H](N)[C@H](O)[C@H](C)O1.O=C(O)CC(O)(CC(=O)O)C(=O)O,0.0177,False,0.212,0.0014,0.0272,0.145
2307,452.0,CHEMBL1200665,DIPHENOXYLATE HYDROCHLORIDE,CCOC(=O)C1(c2ccccc2)CCN(CCC(C#N)(c2ccccc2)c2ccccc2)CC1.Cl,0.0176,True,0.32,0.0005,0.0789,0.1342
2308,,CHEMBL2356097,METOPROLOL SUCCINATE,COCCc1ccc(OCC(O)CNC(C)C)cc1.COCCc1ccc(OCC(O)CNC(C)C)cc1.O=C(O)CCC(=O)O,0.0176,False,0.294,0.0,0.3693,0.9872
2309,,CHEMBL1201745,CHOLINE FENOFIBRATE,CC(C)(Oc1ccc(C(=O)c2ccc(Cl)cc2)cc1)C(=O)[O-].C[N+](C)(C)CCO,0.0176,False,0.275,0.0249,0.0387,0.0056
2310,,CHEMBL1201058,POTASSIUM ACETATE,CC(=O)[O-].[K+],0.0175,False,0.156,0.0014,0.144,0.0265
2311,,CHEMBL4208954,AMIKACIN SULFATE,NCC[C@H](O)C(=O)N[C@@H]1C[C@H](N)[C@@H](O[C@H]2O[C@H](CN)[C@@H](O)[C@H](O)[C@H]2O)[C@H](O)[C@H]1O[C@H]1O[C@H](CO)[C@@H](O)[C@H](N)[C@H]1O.O=S(=O)(O)O.O=S(=O)(O)O,0.0175,False,0.185,0.0008,0.0105,0.6399
2312,,CHEMBL135,ESTRADIOL,C[C@]12CC[C@@H]3c4ccc(O)cc4CC[C@H]3[C@@H]1CC[C@@H]2O,0.0174,False,0.2,0.0007,0.0079,0.9811
2313,,CHEMBL1201010,FLUDROCORTISONE ACETATE,CC(=O)OCC(=O)[C@@]1(O)CC[C@H]2[C@@H]3CCC4=CC(=O)CC[C@]4(C)[C@@]3(F)[C@@H](O)C[C@@]21C,0.0174,False,0.165,1e-04,0.3176,0.1968
2314,,CHEMBL1152,PREDNISOLONE ACETATE,CC(=O)OCC(=O)[C@@]1(O)CC[C@H]2[C@@H]3CCC4=CC(=O)C=C[C@]4(C)[C@H]3[C@@H](O)C[C@@]21C,0.0174,False,0.188,1e-04,0.13,0.444
2315,,CHEMBL513,CARMUSTINE,O=NN(CCCl)C(=O)NCCCl,0.0174,False,0.16,1e-04,0.2921,0.2003
2316,,CHEMBL1237054,PLICAMYCIN,CO[C@H](C(=O)[C@@H](O)[C@@H](C)O)[C@@H]1Cc2cc3cc(O[C@H]4C[C@@H](O[C@@H]5C[C@@H](O)[C@H](O)[C@@H](C)O5)[C@H](O)[C@@H](C)O4)c(C)c(O)c3c(O)c2C(=O)[C@H]1O[C@H]1C[C@@H](O[C@@H]2C[C@@H](O)[C@@H](O[C@@H]3C[C@](C)(O)[C@H](O)[C@@H](C)O3)[C@@H](C)O2)[C@H](O)[C@@H](C)O1,0.0174,False,0.169,0.0081,0.0007,0.9996
2317,453.0,CHEMBL51,KETANSERIN,O=C(c1ccc(F)cc1)C1CCN(CCn2c(=O)[nH]c3ccccc3c2=O)CC1,0.0172,True,0.303,0.0073,0.0528,0.0133
2318,,CHEMBL1208,CINOXACIN,CCn1nc(C(=O)O)c(=O)c2cc3c(cc21)OCO3,0.0172,False,0.257,0.0891,1e-04,0.9936
2319,,CHEMBL1115,PYRIDOSTIGMINE,CN(C)C(=O)Oc1ccc[n+](C)c1,0.0172,False,0.226,0.0027,0.6201,0.0031
2320,,CHEMBL1200881,MINOCYCLINE HYDROCHLORIDE,CN(C)c1ccc(O)c2c1C[C@H]1C[C@H]3[C@H](N(C)C)C(O)=C(C(N)=O)C(=O)[C@@]3(O)C(O)=C1C2=O.Cl,0.0172,False,0.205,1e-04,0.3168,0.142
2321,,CHEMBL32,MOXIFLOXACIN,COc1c(N2C[C@@H]3CCCN[C@@H]3C2)c(F)cc2c(=O)c(C(=O)O)cn(C3CC3)c12,0.017,False,0.218,0.0008,0.0379,0.1592
2322,,CHEMBL3707243,GLYCOPYRRONIUM TOSYLATE,C[N+]1(C)CCC(OC(=O)C(O)(c2ccccc2)C2CCCC2)C1.Cc1ccc(S(=O)(=O)[O-])cc1.O,0.017,False,0.233,0.0008,0.03,0.1976
2323,,CHEMBL1082607,SALMETEROL XINAFOATE,O=C(O)c1ccc2ccccc2c1O.OCc1cc(C(O)CNCCCCCCOCCCCc2ccccc2)ccc1O,0.017,False,0.213,0.0073,0.0744,0.0091
2324,,CHEMBL1200696,POTASSIUM PERCHLORATE,[K+].[O-][Cl+3]([O-])([O-])[O-],0.017,False,0.067,0.0092,0.0032,0.1674
2325,,CHEMBL529888,GLIBORNURIDE,Cc1ccc(S(=O)(=O)NC(=O)N[C@H]2[C@H]3CC[C@@](C)([C@H]2O)C3(C)C)cc1,0.0169,False,0.256,0.0008,0.1415,0.041
2326,,CHEMBL472,GLYBURIDE,COc1ccc(Cl)cc1C(=O)NCCc1ccc(S(=O)(=O)NC(=O)NC2CCCCC2)cc1,0.0169,False,0.289,0.001,0.2013,0.0243
2327,454.0,CHEMBL405110,METHYLENE BLUE ANHYDROUS,CN(C)c1ccc2nc3ccc(N(C)C)cc3[s+]c2c1.[Cl-],0.0169,True,0.311,0.1593,0.1736,0.0002
2328,,CHEMBL1724,MEPENZOLATE BROMIDE,C[N+]1(C)CCCC(OC(=O)C(O)(c2ccccc2)c2ccccc2)C1.[Br-],0.0169,False,0.22,0.001,0.0108,0.4561
2329,,CHEMBL1218,RAMELTEON,CCC(=O)NCC[C@@H]1CCc2ccc3c(c21)CCO3,0.0168,False,0.218,0.0013,0.004,0.9395
2330,455.0,CHEMBL786,TAMOXIFEN CITRATE,CC/C(=C(\c1ccccc1)c1ccc(OCCN(C)C)cc1)c1ccccc1.O=C(O)CC(O)(CC(=O)O)C(=O)O,0.0167,True,0.383,0.0006,0.156,0.0539
2331,,CHEMBL384467,DEXAMETHASONE,C[C@@H]1C[C@H]2[C@@H]3CCC4=CC(=O)C=C[C@]4(C)[C@@]3(F)[C@@H](O)C[C@]2(C)[C@@]1(O)C(=O)CO,0.0167,False,0.176,1e-04,0.2275,0.2017
2332,,CHEMBL87992,ESLICARBAZEPINE ACETATE,CC(=O)O[C@H]1Cc2ccccc2N(C(N)=O)c2ccccc21,0.0167,False,0.232,0.002,0.04,0.0584
2333,,CHEMBL2062163,PHENDIMETRAZINE TARTRATE,C[C@H]1[C@H](c2ccccc2)OCCN1C.O=C(O)C(O)C(O)C(=O)O,0.0167,False,0.241,0.0027,0.1785,0.0095
2334,,CHEMBL193482,ESTRIOL,C[C@]12CC[C@@H]3c4ccc(O)cc4CC[C@H]3[C@@H]1C[C@@H](O)[C@@H]2O,0.0166,False,0.209,0.0007,0.0069,0.9775
2335,,CHEMBL515,CHLORAMBUCIL,O=C(O)CCCc1ccc(N(CCCl)CCCl)cc1,0.0166,False,0.29,0.0,0.2255,0.7199
2336,,CHEMBL1200945,PENTETATE CALCIUM TRISODIUM,O=C([O-])CN(CCN(CC(=O)[O-])CC(=O)[O-])CCN(CC(=O)[O-])CC(=O)[O-].[Ca+2].[Na+].[Na+].[Na+],0.0166,False,0.154,0.0,0.3775,0.4336
2337,,CHEMBL259209,MILNACIPRAN,CCN(CC)C(=O)C1(c2ccccc2)CC1CN,0.0166,False,0.268,1e-04,0.6916,0.0772
2338,456.0,CHEMBL2106483,VILOXAZINE HYDROCHLORIDE,CCOc1ccccc1OCC1CNCCO1.Cl,0.0166,True,0.397,0.002,0.0047,0.4835
2339,,CHEMBL765,GUANETHIDINE,N=C(N)NCCN1CCCCCCC1,0.0165,False,0.27,0.0002,0.0298,0.933
2340,,CHEMBL1749,EDETATE DISODIUM ANHYDROUS,O=C([O-])CN(CCN(CC(=O)[O-])CC(=O)O)CC(=O)O.[Na+].[Na+],0.0165,False,0.175,0.0,0.3931,0.4533
2341,,CHEMBL2105904,BARBITAL SODIUM,CCC1(CC)C(=O)[N-]C(=O)NC1=O.[Na+],0.0165,False,0.167,0.0003,0.233,0.0685
2342,,CHEMBL1077,BROMFENAC,Nc1c(CC(=O)O)cccc1C(=O)c1ccc(Br)cc1,0.0164,False,0.278,0.0281,0.0969,0.0016
2343,,CHEMBL1200982,BUTABARBITAL SODIUM,CCC(C)C1(CC)C(=O)[N-]C(=O)NC1=O.[Na+],0.0164,False,0.154,0.0003,0.3658,0.0478
2344,,CHEMBL3989402,PERAMIVIR,CCC(CC)[C@H](NC(C)=O)[C@@H]1[C@H](O)[C@@H](C(=O)O)C[C@H]1NC(=N)N.O.O.O,0.0163,False,0.172,0.0011,0.0061,0.6609
2345,,CHEMBL547,ISOTRETINOIN,CC1=C(/C=C/C(C)=C/C=C/C(C)=C\C(=O)O)C(C)(C)CCC1,0.0163,False,0.151,1e-04,0.0491,0.6405
2346,,CHEMBL1194666,DIETHYLPROPION,CCN(CC)C(C)C(=O)c1ccccc1,0.0162,False,0.359,0.0082,0.1647,0.0032
2347,,CHEMBL1200800,CALCIUM ACETATE,CC(=O)[O-].CC(=O)[O-].[Ca+2],0.0162,False,0.156,0.0011,0.1309,0.0297
2348,457.0,CHEMBL566752,FLORBETABEN F18,CNc1ccc(/C=C/c2ccc(OCCOCCOCC[18F])cc2)cc1,0.0161,True,0.302,0.0,0.3714,0.2921
2349,,CHEMBL2110588,ELIGLUSTAT,CCCCCCCC(=O)N[C@H](CN1CCCC1)[C@H](O)c1ccc2c(c1)OCCO2,0.0161,False,0.264,0.0011,0.0038,0.9995
2350,458.0,CHEMBL1908906,FLORBETABEN,CNc1ccc(/C=C/c2ccc(OCCOCCOCCF)cc2)cc1,0.0161,True,0.302,0.0,0.3714,0.2921
2351,,CHEMBL2146063,CHLORTETRACYCLINE HYDROCHLORIDE,CN(C)[C@@H]1C(O)=C(C(N)=O)C(=O)[C@@]2(O)C(O)=C3C(=O)c4c(O)ccc(Cl)c4[C@@](C)(O)[C@H]3C[C@@H]12.Cl,0.016,False,0.218,0.0002,0.1784,0.1488
2352,,CHEMBL1357,SODIUM LACTATE,CC(O)C(=O)[O-].[Na+],0.016,False,0.146,0.0024,0.2834,0.006
2353,459.0,CHEMBL1078261,PROPIVERINE,CCCOC(C(=O)OC1CCN(C)CC1)(c1ccccc1)c1ccccc1,0.0159,True,0.328,0.0004,0.033,0.2816
2354,,CHEMBL1200764,METHACHOLINE CHLORIDE,CC(=O)OC(C)C[N+](C)(C)C.[Cl-],0.0159,False,0.169,0.0013,0.0425,0.0707
2355,,CHEMBL1037,GUANADREL,N=C(N)NCC1COC2(CCCCC2)O1,0.0159,False,0.148,0.0,0.1532,0.9676
2356,,CHEMBL1201089,DIPHENHYDRAMINE CITRATE,CN(C)CCOC(c1ccccc1)c1ccccc1.O=C(O)CC(O)(CC(=O)O)C(=O)O,0.0159,False,0.298,0.0048,0.0668,0.0126
2357,,CHEMBL1200707,BENZQUINAMIDE HYDROCHLORIDE,CCN(CC)C(=O)C1CN2CCc3cc(OC)c(OC)cc3C2CC1OC(C)=O.Cl,0.0157,False,0.265,0.0005,0.008,0.9823
2358,,CHEMBL490,PAROXETINE,Fc1ccc([C@@H]2CCNC[C@H]2COc2ccc3c(c2)OCO3)cc1,0.0157,False,0.271,0.0052,0.0008,0.9563
2359,,CHEMBL1169,AMINOSALICYLIC ACID,Nc1ccc(C(=O)O)c(O)c1,0.0156,False,0.314,0.0037,0.4784,0.0021
2360,,CHEMBL1380,ABACAVIR,Nc1nc(NC2CC2)c2ncn([C@H]3C=C[C@@H](CO)C3)c2n1,0.0156,False,0.231,0.0296,0.0053,0.0238
2361,,CHEMBL1200506,ERYTHROMYCIN LACTOBIONATE,CC[C@H]1OC(=O)[C@H](C)[C@@H](O[C@H]2C[C@@](C)(OC)[C@@H](O)[C@H](C)O2)[C@H](C)[C@@H](O[C@@H]2O[C@H](C)C[C@H](N(C)C)[C@H]2O)[C@](C)(O)C[C@@H](C)C(=O)[C@H](C)[C@@H](O)[C@]1(C)O.O=C(O)[C@H](O)[C@@H](O)[C@H](O[C@@H]1O[C@H](CO)[C@H](O)[C@H](O)[C@H]1O)[C@H](O)CO,0.0155,False,0.159,0.0003,0.0426,0.2959
2362,460.0,CHEMBL2103837,TAFAMIDIS,O=C(O)c1ccc2nc(-c3cc(Cl)cc(Cl)c3)oc2c1,0.0155,True,0.314,0.0102,0.0342,0.0108
2363,,CHEMBL1201248,CISATRACURIUM,COc1ccc(C[C@@H]2c3cc(OC)c(OC)cc3CC[N@+]2(C)CCC(=O)OCCCCCOC(=O)CC[N@@+]2(C)CCc3cc(OC)c(OC)cc3[C@H]2Cc2ccc(OC)c(OC)c2)cc1OC,0.0155,False,0.24,0.0038,0.001,0.9999
2364,,CHEMBL6067650,PAROXETINE HYDROCHLORIDE,Cl.Cl.Fc1ccc([C@@H]2CCNC[C@H]2COc2ccc3c(c2)OCO3)cc1.Fc1ccc([C@@H]2CCNC[C@H]2COc2ccc3c(c2)OCO3)cc1.O,0.0155,False,0.264,0.0046,0.0008,0.9454
2365,,CHEMBL1200572,MAGNESIUM OXIDE,O=[Mg],0.0154,False,0.05,0.0047,0.1971,0.0039
2366,,CHEMBL1201263,HYDROCORTAMATE,CCN(CC)CC(=O)OCC(=O)[C@@]1(O)CC[C@H]2[C@@H]3CCC4=CC(=O)CC[C@]4(C)[C@H]3[C@@H](O)C[C@@]21C,0.0154,False,0.176,1e-04,0.0702,0.7683
2367,461.0,CHEMBL1201,THIOTHIXENE,CN1CCN(CC/C=C2/c3ccccc3Sc3ccc(S(=O)(=O)N(C)C)cc32)CC1,0.0153,True,0.32,0.032,0.0167,0.0067
2368,,CHEMBL6068332,TENOFOVIR DISOPROXIL MALEATE,CC(C)OC(=O)OCOP(=O)(CO[C@H](C)Cn1cnc2c(N)ncnc21)OCOC(=O)OC(C)C.O=C(O)/C=C\C(=O)O,0.0153,False,0.274,0.0166,0.0514,0.0042
2369,,CHEMBL1201071,TETRACYCLINE PHOSPHATE COMPLEX,CN(C)[C@@H]1C(O)=C(C(N)=O)C(=O)[C@@]2(O)C(O)=C3C(=O)c4c(O)cccc4[C@@](C)(O)[C@H]3C[C@@H]12.O=P(O)(O)O,0.0153,False,0.231,1e-04,0.2383,0.1276
2370,,CHEMBL1256958,EPINEPHRINE BITARTRATE,CNC[C@H](O)c1ccc(O)c(O)c1.O=C(O)C(O)C(O)C(=O)O,0.0153,False,0.245,0.0043,0.4514,0.0019
2371,,CHEMBL142438,NITROGEN,N#N,0.0152,False,0.033,0.0012,0.1144,0.0248
2372,,CHEMBL1200694,SEVOFLURANE,FCOC(C(F)(F)F)C(F)(F)F,0.0152,False,0.115,0.004,0.0095,0.0933
2373,,CHEMBL70,MORPHINE,CN1CC[C@]23c4c5ccc(O)c4O[C@H]2[C@@H](O)C=C[C@H]3[C@H]1C5,0.0151,False,0.197,0.0,0.188,0.566
2374,462.0,CHEMBL3989824,THIOTHIXENE HYDROCHLORIDE,CN1CCN(CC/C=C2/c3ccccc3Sc3ccc(S(=O)(=O)N(C)C)cc32)CC1.Cl.Cl.O.O,0.0151,True,0.312,0.0293,0.0196,0.006
2375,,CHEMBL1200688,ERYTHROMYCIN ETHYLSUCCINATE,CCOC(=O)CCC(=O)O[C@H]1[C@H](O[C@@H]2[C@@H](C)[C@H](O[C@H]3C[C@@](C)(OC)[C@@H](O)[C@H](C)O3)[C@@H](C)C(=O)O[C@H](CC)[C@@](C)(O)[C@H](O)[C@@H](C)C(=O)[C@H](C)C[C@@]2(C)O)O[C@H](C)C[C@@H]1N(C)C,0.0151,False,0.155,0.0002,0.0246,0.5835
2376,,CHEMBL1200534,MOEXIPRIL HYDROCHLORIDE,CCOC(=O)[C@H](CCc1ccccc1)N[C@@H](C)C(=O)N1Cc2cc(OC)c(OC)cc2C[C@H]1C(=O)O.Cl,0.0151,False,0.278,0.0031,0.0011,0.9994
2377,,CHEMBL1256818,DEXTROMETHORPHAN HYDROBROMIDE,Br.COc1ccc2c(c1)[C@]13CCCC[C@@H]1[C@H](C2)N(C)CC3.O,0.0151,False,0.25,0.0002,0.0195,0.9562
2378,,CHEMBL1200600,FLUOROMETHOLONE,CC(=O)[C@@]1(O)CC[C@H]2[C@@H]3C[C@H](C)C4=CC(=O)C=C[C@]4(C)[C@@]3(F)[C@@H](O)C[C@@]21C,0.0151,False,0.198,1e-04,0.2076,0.2785
2379,,CHEMBL762,OXYMETAZOLINE,Cc1cc(C(C)(C)C)c(O)c(C)c1CC1=NCCN1,0.0151,False,0.269,0.0185,0.0002,0.9571
2380,,CHEMBL1434,MINOCYCLINE,CN(C)c1ccc(O)c2c1C[C@H]1C[C@H]3[C@H](N(C)C)C(O)=C(C(N)=O)C(=O)[C@@]3(O)C(O)=C1C2=O,0.015,False,0.208,1e-04,0.2774,0.1409
2381,,CHEMBL1200831,SPIRAPRIL HYDROCHLORIDE,CCOC(=O)[C@H](CCc1ccccc1)N[C@@H](C)C(=O)N1CC2(C[C@H]1C(=O)O)SCCS2.Cl,0.015,False,0.271,0.0003,0.0434,0.2959
2382,,CHEMBL3545059,ALISKIREN FUMARATE,COCCCOc1cc(C[C@@H](C[C@H](N)[C@@H](O)C[C@H](C(=O)NCC(C)(C)C(N)=O)C(C)C)C(C)C)ccc1OC.COCCCOc1cc(C[C@@H](C[C@H](N)[C@@H](O)C[C@H](C(=O)NCC(C)(C)C(N)=O)C(C)C)C(C)C)ccc1OC.O=C(O)/C=C/C(=O)O,0.015,False,0.233,1e-04,0.0677,0.4147
2383,,CHEMBL1224,ACRIVASTINE,Cc1ccc(/C(=C\CN2CCCC2)c2cccc(/C=C/C(=O)O)n2)cc1,0.0149,False,0.257,0.0035,0.0992,0.0096
2384,463.0,CHEMBL2104941,INDORAMIN HYDROCHLORIDE,Cl.O=C(NC1CCN(CCc2c[nH]c3ccccc23)CC1)c1ccccc1,0.0149,True,0.373,0.0006,0.0426,0.1249
2385,,CHEMBL1200495,HYDROCORTISONE SODIUM SUCCINATE,C[C@]12CCC(=O)C=C1CC[C@@H]1[C@@H]2[C@@H](O)C[C@@]2(C)[C@H]1CC[C@]2(O)C(=O)COC(=O)CCC(=O)[O-].[Na+],0.0149,False,0.175,1e-04,0.1276,0.2613
2386,,CHEMBL2146123,METHACYCLINE HYDROCHLORIDE,C=C1c2cccc(O)c2C(=O)C2=C(O)[C@]3(O)C(=O)C(C(N)=O)=C(O)[C@@H](N(C)C)[C@@H]3[C@@H](O)[C@H]12.Cl,0.0149,False,0.257,0.0003,0.0654,0.1694
2387,,CHEMBL1593719,PHENICARBAZIDE,NC(=O)NNc1ccccc1,0.0148,False,0.311,0.0009,0.2519,0.0148
2388,,CHEMBL1201250,BENZQUINAMIDE,CCN(CC)C(=O)C1CN2CCc3cc(OC)c(OC)cc3C2CC1OC(C)=O,0.0148,False,0.268,0.0004,0.0077,0.9826
2389,464.0,CHEMBL306700,VILOXAZINE,CCOc1ccccc1OCC1CNCCO1,0.0148,True,0.403,0.0017,0.0032,0.5882
2390,,CHEMBL672,FENOFIBRATE,CC(C)OC(=O)C(C)(C)Oc1ccc(C(=O)c2ccc(Cl)cc2)cc1,0.0147,False,0.281,0.0226,0.0869,0.0016
2391,,CHEMBL3544988,DAPRODUSTAT,O=C(O)CNC(=O)C1C(=O)N(C2CCCCC2)C(=O)N(C2CCCCC2)C1=O,0.0147,False,0.211,1e-04,0.2555,0.2403
2392,,CHEMBL564085,TROLEANDOMYCIN,CO[C@H]1C[C@H](O[C@H]2[C@H](C)[C@@H](O[C@@H]3O[C@H](C)C[C@H](N(C)C)[C@H]3OC(C)=O)[C@@H](C)C[C@@]3(CO3)C(=O)[C@H](C)[C@@H](OC(C)=O)[C@@H](C)[C@@H](C)OC(=O)[C@@H]2C)O[C@@H](C)[C@@H]1OC(C)=O,0.0147,False,0.148,0.0,0.1602,0.6262
2393,,CHEMBL695,TRIMETHADIONE,CN1C(=O)OC(C)(C)C1=O,0.0147,False,0.156,0.0003,0.03,0.3478
2394,,CHEMBL1201051,CIMETIDINE HYDROCHLORIDE,CN/C(=N\CCSCc1nc[nH]c1C)NC#N.Cl,0.0146,False,0.177,0.0004,0.2027,0.0351
2395,,CHEMBL3244648,METHOTREXATE SODIUM,CN(Cc1cnc2nc(N)nc(N)c2n1)c1ccc(C(=O)N[C@@H](CCC(=O)[O-])C(=O)[O-])cc1.[Na+].[Na+],0.0145,False,0.232,0.0349,0.0187,0.0047
2396,465.0,CHEMBL1256841,NIALAMIDE,O=C(CCNNC(=O)c1ccncc1)NCc1ccccc1,0.0145,True,0.322,0.0033,0.0384,0.024
2397,,CHEMBL108545,METHYL SALICYLATE,COC(=O)c1ccccc1O,0.0145,False,0.425,0.0134,0.1422,0.0016
2398,,CHEMBL1693,DIETHYLPROPION HYDROCHLORIDE,CCN(CC)C(C)C(=O)c1ccccc1.Cl,0.0145,False,0.385,0.0077,0.1499,0.0026
2399,,CHEMBL99946,LEVOMILNACIPRAN,CCN(CC)C(=O)[C@@]1(c2ccccc2)C[C@H]1CN,0.0145,False,0.268,0.0002,0.3586,0.0513
2400,,CHEMBL416,METHOXSALEN,COc1c2occc2cc2ccc(=O)oc12,0.0145,False,0.26,0.0131,0.0514,0.0045
2401,,CHEMBL4085457,RITLECITINIB,C=CC(=O)N1C[C@H](Nc2ncnc3[nH]ccc23)CC[C@@H]1C,0.0144,False,0.278,0.0004,0.015,0.5445
2402,,CHEMBL905,RIZATRIPTAN,CN(C)CCc1c[nH]c2ccc(Cn3cncn3)cc12,0.0144,False,0.27,0.0024,0.0376,0.0328
2403,,CHEMBL2105732,LEVOMILNACIPRAN HYDROCHLORIDE,CCN(CC)C(=O)[C@@]1(c2ccccc2)C[C@H]1CN.Cl,0.0144,False,0.286,0.0002,0.3711,0.0408
2404,,CHEMBL2106556,CYCLOBARBITAL CALCIUM,CCC1(C2=CCCCC2)C(=O)[N-]C(=O)NC1=O.CCC1(C2=CCCCC2)C(=O)[N-]C(=O)NC1=O.[Ca+2],0.0144,False,0.165,0.0,0.4252,0.222
2405,,CHEMBL2107374,SUGAMMADEX SODIUM,O=C([O-])CCSC[C@H]1O[C@@H]2O[C@H]3[C@H](O)[C@@H](O)[C@@H](O[C@H]4[C@H](O)[C@@H](O)[C@@H](O[C@H]5[C@H](O)[C@@H](O)[C@@H](O[C@H]6[C@H](O)[C@@H](O)[C@@H](O[C@H]7[C@H](O)[C@@H](O)[C@@H](O[C@H]8[C@H](O)[C@@H](O)[C@@H](O[C@H]9[C@H](O)C(O)[C@@H](O[C@H]1[C@H](O)[C@H]2O)O[C@@H]9CSCCC(=O)[O-])O[C@@H]8CSCCC(=O)[O-])O[C@@H]7CSCCC(=O)[O-])O[C@@H]6CSCCC(=O)[O-])O[C@@H]5CSCCC(=O)[O-])O[C@@H]4CSCCC(=O)[O-])O[C@@H]3CSCCC(=O)[O-].[Na+].[Na+].[Na+].[Na+].[Na+].[Na+].[Na+].[Na+],0.0144,False,0.123,0.0002,0.0328,0.5922
2406,,CHEMBL15677,FENCLOFENAC,O=C(O)Cc1ccccc1Oc1ccc(Cl)cc1Cl,0.0144,False,0.279,0.0203,0.2213,0.0007
2407,,CHEMBL1472989,BISOPROLOL FUMARATE,CC(C)NCC(O)COc1ccc(COCCOC(C)C)cc1.CC(C)NCC(O)COc1ccc(COCCOC(C)C)cc1.O=C(O)/C=C/C(=O)O,0.0144,False,0.277,0.0,0.3536,0.9279
2408,,CHEMBL1200973,ESTRADIOL CYPIONATE,C[C@]12CC[C@@H]3c4ccc(O)cc4CC[C@H]3[C@@H]1CC[C@@H]2OC(=O)CCC1CCCC1,0.0144,False,0.224,0.0003,0.0126,0.8512
2409,,CHEMBL5095048,AMPHETAMINE ASPARTATE/DEXTROAMPHETAMINE SULFATE,CC(N)Cc1ccccc1.C[C@H](N)Cc1ccccc1.C[C@H](N)Cc1ccccc1.NC(CC(=O)O)C(=O)O.O=S(=O)(O)O,0.0143,False,0.274,0.0006,0.1611,0.0281
2410,,CHEMBL1201286,OXYPHENONIUM,CC[N+](C)(CC)CCOC(=O)C(O)(c1ccccc1)C1CCCCC1,0.0142,False,0.254,0.0004,0.0217,0.3664
2411,,CHEMBL126224,IPRINDOLE,CN(C)CCCn1c2c(c3ccccc31)CCCCCC2,0.0142,False,0.262,0.0018,0.0017,0.9525
2412,,CHEMBL6067642,CODEINE PHOSPHATE,COc1ccc2c3c1O[C@H]1[C@@H](O)C=C[C@H]4[C@@H](C2)N(C)CC[C@@]341.COc1ccc2c3c1O[C@H]1[C@@H](O)C=C[C@H]4[C@@H](C2)N(C)CC[C@@]341.O.O=P(O)(O)O.O=P(O)(O)O,0.0142,False,0.2,0.0,0.6467,0.0998
2413,,CHEMBL452231,TENIPOSIDE,COc1cc([C@@H]2c3cc4c(cc3[C@@H](O[C@@H]3O[C@@H]5CO[C@@H](c6cccs6)O[C@H]5[C@H](O)[C@H]3O)[C@H]3COC(=O)[C@H]23)OCO4)cc(OC)c1O,0.0142,False,0.204,0.0031,0.0009,0.9953
2414,,CHEMBL503,LOVASTATIN,CC[C@H](C)C(=O)O[C@H]1C[C@@H](C)C=C2C=C[C@H](C)[C@H](CC[C@@H]3C[C@@H](O)CC(=O)O3)[C@H]21,0.0141,False,0.191,0.0003,0.0092,0.8946
2415,,CHEMBL1341,METHOXYFLURANE,COC(F)(F)C(Cl)Cl,0.0141,False,0.127,0.1287,0.0015,0.0144
2416,,CHEMBL1200953,HYDROCORTISONE PROBUTATE,CCCC(=O)O[C@]1(C(=O)COC(=O)CC)CC[C@H]2[C@@H]3CCC4=CC(=O)CC[C@]4(C)[C@H]3[C@@H](O)C[C@@]21C,0.0141,False,0.186,1e-04,0.0709,0.3967
2417,,CHEMBL1165,MOEXIPRIL,CCOC(=O)[C@H](CCc1ccccc1)N[C@@H](C)C(=O)N1Cc2cc(OC)c(OC)cc2C[C@H]1C(=O)O,0.0141,False,0.281,0.0029,0.001,0.9994
2418,,CHEMBL1200345,SODIUM SUCCINATE,O=C([O-])CCC(=O)O.[Na+],0.0141,False,0.229,0.0005,0.0633,0.0881
2419,,CHEMBL779,TADALAFIL,CN1CC(=O)N2[C@H](c3ccc4c(c3)OCO4)c3[nH]c4ccccc4c3C[C@@H]2C1=O,0.014,False,0.221,0.0005,0.0054,0.9253
2420,,CHEMBL1314,TIOPRONIN,CC(S)C(=O)NCC(=O)O,0.014,False,0.172,0.0002,0.2021,0.0622
2421,,CHEMBL431,SPIRAPRIL,CCOC(=O)[C@H](CCc1ccccc1)N[C@@H](C)C(=O)N1CC2(C[C@H]1C(=O)O)SCCS2,0.014,False,0.274,0.0002,0.0369,0.3014
2422,,CHEMBL1200376,BETAMETHASONE BENZOATE,C[C@H]1C[C@H]2[C@@H]3CCC4=CC(=O)C=C[C@]4(C)[C@@]3(F)[C@@H](O)C[C@]2(C)[C@@]1(OC(=O)c1ccccc1)C(=O)CO,0.0139,False,0.204,0.0002,0.2431,0.0637
2423,,CHEMBL71752,VINPOCETINE,CCOC(=O)C1=C[C@]2(CC)CCCN3CCc4c(n1c1ccccc41)[C@@H]32,0.0139,False,0.274,0.0002,0.075,0.1794
2424,,CHEMBL978,METHACHOLINE,CC(=O)OC(C)C[N+](C)(C)C,0.0139,False,0.172,0.0006,0.0449,0.1075
2425,,CHEMBL1201766,FOSPROPOFOL,CC(C)c1cccc(C(C)C)c1OCOP(=O)(O)O,0.0139,False,0.228,0.0065,0.0022,0.1875
2426,,CHEMBL632,BETAMETHASONE,C[C@H]1C[C@H]2[C@@H]3CCC4=CC(=O)C=C[C@]4(C)[C@@]3(F)[C@@H](O)C[C@]2(C)[C@@]1(O)C(=O)CO,0.0138,False,0.176,1e-04,0.2251,0.1551
2427,,CHEMBL2040682,CICLESONIDE,CC(C)C(=O)OCC(=O)[C@@]12O[C@H](C3CCCCC3)O[C@@H]1C[C@H]1[C@@H]3CCC4=CC(=O)C=C[C@]4(C)[C@H]3[C@@H](O)C[C@@]12C,0.0138,False,0.164,0.0,0.5111,0.7154
2428,,CHEMBL3707377,SEGESTERONE ACETATE,C=C1C[C@H]2[C@@H]3CCC4=CC(=O)CC[C@@H]4[C@H]3CC[C@]2(C)[C@@]1(OC(C)=O)C(C)=O,0.0138,False,0.163,1e-04,0.0893,0.2373
2429,,CHEMBL450,METHARBITAL,CCC1(CC)C(=O)NC(=O)N(C)C1=O,0.0137,False,0.18,1e-04,0.2858,0.1522
2430,,CHEMBL1555,GALANTAMINE HYDROBROMIDE,Br.COc1ccc2c3c1O[C@H]1C[C@@H](O)C=C[C@@]31CCN(C)C2,0.0137,False,0.205,1e-04,0.0266,0.8817
2431,,CHEMBL189,MILRINONE,Cc1[nH]c(=O)c(C#N)cc1-c1ccncc1,0.0137,False,0.327,0.0235,0.3647,0.0003
2432,466.0,CHEMBL1706,NAPHAZOLINE HYDROCHLORIDE,Cl.c1ccc2c(CC3=NCCN3)cccc2c1,0.0137,True,0.333,0.0054,0.01,0.0471
2433,,CHEMBL404520,CHLORTETRACYCLINE,CN(C)[C@@H]1C(O)=C(C(N)=O)C(=O)[C@@]2(O)C(O)=C3C(=O)c4c(O)ccc(Cl)c4[C@@](C)(O)[C@H]3C[C@@H]12,0.0137,False,0.221,1e-04,0.1455,0.1501
2434,467.0,CHEMBL75435,DEXKETOPROFEN,C[C@H](C(=O)O)c1cccc(C(=O)c2ccccc2)c1,0.0137,True,0.356,0.0127,0.194,0.001
2435,,CHEMBL467,HYDROXYUREA,NC(=O)NO,0.0136,False,0.15,0.0004,0.2277,0.0258
2436,,CHEMBL1200374,EXEMESTANE,C=C1C[C@@H]2[C@H](CC[C@]3(C)C(=O)CC[C@@H]23)[C@@]2(C)C=CC(=O)C=C12,0.0136,False,0.157,1e-04,0.1399,0.1563
2437,,CHEMBL1200880,DIPHEMANIL METHYLSULFATE,COS(=O)(=O)[O-].C[N+]1(C)CCC(=C(c2ccccc2)c2ccccc2)CC1,0.0136,False,0.225,0.0042,0.018,0.0336
2438,,CHEMBL1199080,BRETYLIUM,CC[N+](C)(C)Cc1ccccc1Br,0.0136,False,0.25,0.0476,0.0063,0.0084
2439,,CHEMBL2448613,PIMAVANSERIN TARTRATE,CC(C)COc1ccc(CNC(=O)N(Cc2ccc(F)cc2)C2CCN(C)CC2)cc1.CC(C)COc1ccc(CNC(=O)N(Cc2ccc(F)cc2)C2CCN(C)CC2)cc1.O=C(O)C(O)C(O)C(=O)O,0.0136,False,0.295,0.0003,0.2233,0.0364
2440,,CHEMBL1742471,EBROTIDINE,NC(N)=Nc1nc(CSCCN/C=N/S(=O)(=O)c2ccc(Br)cc2)cs1,0.0135,False,0.212,0.0064,0.0268,0.0143
2441,,CHEMBL2138684,FROVATRIPTAN SUCCINATE,CN[C@@H]1CCc2[nH]c3ccc(C(N)=O)cc3c2C1.O.O=C(O)CCC(=O)O,0.0135,False,0.259,0.0012,0.0025,0.7844
2442,468.0,CHEMBL119,TRIMETREXATE,COc1cc(NCc2ccc3nc(N)nc(N)c3c2C)cc(OC)c1OC,0.0135,True,0.328,0.0757,0.0601,0.0005
2443,,CHEMBL249837,METHACYCLINE,C=C1c2cccc(O)c2C(=O)C2=C(O)[C@]3(O)C(=O)C(C(N)=O)=C(O)[C@@H](N(C)C)[C@@H]3[C@@H](O)[C@H]12,0.0135,False,0.26,0.0003,0.0557,0.1676
2444,,CHEMBL1200829,GLUCONOLACTONE,O=C1O[C@H](CO)[C@@H](O)[C@H](O)[C@H]1O,0.0135,False,0.187,0.0074,0.0003,0.9864
2445,,CHEMBL1200584,AMINOSALICYLATE POTASSIUM,Nc1ccc(C(=O)[O-])c(O)c1.[K+],0.0135,False,0.232,0.0056,0.3475,0.0013
2446,,CHEMBL1578,ANISOTROPINE METHYLBROMIDE,CCCC(CCC)C(=O)O[C@H]1C[C@H]2CC[C@@H](C1)[N+]2(C)C.[Br-],0.0135,False,0.19,0.0002,0.0113,0.8735
2447,,CHEMBL1689,TOLAZOLINE HYDROCHLORIDE,Cl.c1ccc(CC2=NCCN2)cc1,0.0134,False,0.25,0.0023,0.0157,0.0652
2448,,CHEMBL3989949,CENOBAMATE,NC(=O)O[C@@H](Cn1ncnn1)c1ccccc1Cl,0.0134,False,0.247,0.0106,0.1271,0.0018
2449,,CHEMBL58510,CHLOROQUINE PHOSPHATE,CCN(CC)CCCC(C)Nc1ccnc2cc(Cl)ccc12.O=P(O)(O)O.O=P(O)(O)O,0.0133,False,0.286,0.01,0.0774,0.003
2450,,CHEMBL1201014,PREDNISOLONE SODIUM PHOSPHATE,C[C@]12C=CC(=O)C=C1CC[C@@H]1[C@@H]2[C@@H](O)C[C@@]2(C)[C@H]1CC[C@]2(O)C(=O)COP(=O)([O-])[O-].[Na+].[Na+],0.0132,False,0.183,0.0005,0.0409,0.1094
2451,,CHEMBL3707223,SOFPIRONIUM BROMIDE,CCOC(=O)C[N+]1(C)CC[C@@H](OC(=O)[C@](O)(c2ccccc2)C2CCCC2)C1.[Br-],0.0131,False,0.232,0.0002,0.0181,0.7923
2452,,CHEMBL117785,TETRABENAZINE,COc1cc2c(cc1OC)C1CC(=O)C(CC(C)C)CN1CC2,0.0131,False,0.25,0.0013,0.0017,0.9998
2453,,CHEMBL1201148,MEPREDNISONE,C[C@H]1C[C@H]2[C@@H]3CCC4=CC(=O)C=C[C@]4(C)[C@H]3C(=O)C[C@]2(C)[C@@]1(O)C(=O)CO,0.0131,False,0.167,1e-04,0.1449,0.1953
2454,,CHEMBL1200599,DIFENOXIN HYDROCHLORIDE,Cl.N#CC(CCN1CCC(C(=O)O)(c2ccccc2)CC1)(c1ccccc1)c1ccccc1,0.013,False,0.281,0.0004,0.0396,0.1261
2455,,CHEMBL2311071,VINYL CHLORIDE,C=CCl,0.013,False,0.109,0.0037,0.3502,0.0017
2456,,CHEMBL1201321,DIFENOXIN,N#CC(CCN1CCC(C(=O)O)(c2ccccc2)CC1)(c1ccccc1)c1ccccc1,0.013,False,0.266,0.0004,0.0339,0.1534
2457,,CHEMBL3989551,LINCOMYCIN HYDROCHLORIDE,CCC[C@@H]1C[C@@H](C(=O)N[C@@H]([C@H]2O[C@H](SC)[C@H](O)[C@@H](O)[C@H]2O)[C@@H](C)O)N(C)C1.Cl.O,0.013,False,0.163,0.0018,0.0014,0.8924
2458,,CHEMBL1200699,DOXYCYCLINE,C[C@H]1c2cccc(O)c2C(=O)C2=C(O)[C@]3(O)C(=O)C(C(N)=O)=C(O)[C@@H](N(C)C)[C@@H]3[C@@H](O)[C@@H]21.O,0.013,False,0.274,1e-04,0.1269,0.1548
2459,469.0,CHEMBL506,PRIMAQUINE,COc1cc(NC(C)CCCN)c2ncccc2c1,0.013,True,0.308,0.0042,0.0068,0.0768
2460,,CHEMBL1204187,GEPIRONE HYDROCHLORIDE,CC1(C)CC(=O)N(CCCCN2CCN(c3ncccn3)CC2)C(=O)C1.Cl,0.0129,False,0.26,0.0006,0.0129,0.293
2461,,CHEMBL4297378,DURLOBACTAM SODIUM,CC1=C[C@@H]2CN(C(=O)N2OS(=O)(=O)[O-])[C@@H]1C(N)=O.[Na+],0.0129,False,0.189,0.0003,0.0925,0.0707
2462,,CHEMBL3833401,ALUMINUM CHLORIDE ANHYDROUS,Cl[Al](Cl)Cl,0.0129,False,0.048,0.0165,0.002,0.0645
2463,,CHEMBL1697744,ERDOSTEINE,O=C(O)CSCC(=O)NC1CCSC1=O,0.0129,False,0.2,0.0002,0.4476,0.02
2464,,CHEMBL1201109,DESONIDE,CC1(C)O[C@@H]2C[C@H]3[C@@H]4CCC5=CC(=O)C=C[C@]5(C)[C@H]4[C@@H](O)C[C@]3(C)[C@]2(C(=O)CO)O1,0.0129,False,0.162,1e-04,0.1227,0.2412
2465,,CHEMBL658,SUFENTANIL,CCC(=O)N(c1ccccc1)C1(COC)CCN(CCc2cccs2)CC1,0.0128,False,0.253,0.0002,0.0461,0.2351
2466,471.0,CHEMBL1520,VARDENAFIL,CCCc1nc(C)c2c(=O)nc(-c3cc(S(=O)(=O)N4CCN(CC)CC4)ccc3OCC)[nH]n12,0.0128,True,0.429,0.044,0.004,0.0119
2467,470.0,CHEMBL782,TOLBUTAMIDE,CCCCNC(=O)NS(=O)(=O)c1ccc(C)cc1,0.0128,True,0.339,0.0063,0.0564,0.0059
2468,,CHEMBL30,CIMETIDINE,CN/C(=N\CCSCc1nc[nH]c1C)NC#N,0.0127,False,0.179,0.0003,0.1932,0.032
2469,472.0,CHEMBL599,MELOXICAM,Cc1cnc(NC(=O)C2=C(O)c3ccccc3S(=O)(=O)N2C)s1,0.0127,True,0.321,0.0026,0.0438,0.0184
2470,473.0,CHEMBL1701,MEPERIDINE HYDROCHLORIDE,CCOC(=O)C1(c2ccccc2)CCN(C)CC1.Cl,0.0127,True,0.328,0.0002,0.074,0.1394
2471,,CHEMBL2364574,DOXYCYCLINE CALCIUM,C[C@H]1c2cccc([O-])c2C(=O)C2=C(O)[C@]3(O)C(=O)C(C(N)=O)=C(O)[C@@H](N(C)C)[C@@H]3[C@@H](O)[C@@H]21.C[C@H]1c2cccc([O-])c2C(=O)C2=C(O)[C@]3(O)C(=O)C(C(N)=O)=C(O)[C@@H](N(C)C)[C@@H]3[C@@H](O)[C@@H]21.[Ca+2],0.0127,False,0.234,1e-04,0.1186,0.1631
2472,,CHEMBL4594251,NETARSUDIL DIMESYLATE,CS(=O)(=O)O.CS(=O)(=O)O.Cc1ccc(C(=O)OCc2ccc([C@@H](CN)C(=O)Nc3ccc4cnccc4c3)cc2)c(C)c1,0.0127,False,0.297,0.0008,0.3972,0.0069
2473,,CHEMBL251634,FLUOCORTOLONE,C[C@@H]1C[C@H]2[C@@H]3C[C@H](F)C4=CC(=O)C=C[C@]4(C)[C@H]3[C@@H](O)C[C@]2(C)[C@H]1C(=O)CO,0.0127,False,0.18,1e-04,0.0191,0.9814
2474,,CHEMBL2146146,ATROPINE SULFATE,CN1[C@@H]2CC[C@H]1C[C@@H](OC(=O)C(CO)c1ccccc1)C2.O=S(=O)(O)O,0.0127,False,0.262,0.002,0.0313,0.0324
2475,,CHEMBL2103877,EFINACONAZOLE,C=C1CCN([C@H](C)[C@](O)(Cn2cncn2)c2ccc(F)cc2F)CC1,0.0126,False,0.255,0.0137,0.0167,0.0087
2476,,CHEMBL3989566,METOPROLOL FUMARATE,COCCc1ccc(OCC(O)CNC(C)C)cc1.COCCc1ccc(OCC(O)CNC(C)C)cc1.O=C(O)/C=C/C(=O)O,0.0126,False,0.29,0.0,0.3791,0.9143
2477,,CHEMBL1149,LEVOCARNITINE,C[N+](C)(C)C[C@H](O)CC(=O)[O-],0.0126,False,0.164,0.0002,0.0995,0.1035
2478,,CHEMBL1722,METHYLPHENIDATE HYDROCHLORIDE,COC(=O)C(c1ccccc1)C1CCCCN1.Cl,0.0126,False,0.244,0.0011,0.05,0.0374
2479,,CHEMBL1581,PERINDOPRIL,CCC[C@H](N[C@@H](C)C(=O)N1[C@H](C(=O)O)C[C@@H]2CCCC[C@@H]21)C(=O)OCC,0.0126,False,0.22,0.0002,0.0582,0.1821
2480,474.0,CHEMBL2106829,METHAQUALONE HYDROCHLORIDE,Cc1ccccc1-n1c(C)nc2ccccc2c1=O.Cl,0.0125,True,0.425,0.0189,0.0725,0.0014
2481,,CHEMBL818,IOBENGUANE,N=C(N)NCc1cccc(I)c1,0.0125,False,0.267,0.0106,0.0059,0.0316
2482,,CHEMBL1615779,IOBENGUANE I 131,N=C(N)NCc1cccc([131I])c1,0.0125,False,0.288,0.0106,0.0059,0.0316
2483,,CHEMBL3989716,PROPOXYPHENE NAPSYLATE,CCC(=O)O[C@](Cc1ccccc1)(c1ccccc1)[C@H](C)CN(C)C.O.O=S(=O)(O)c1ccc2ccccc2c1,0.0125,False,0.273,0.0139,0.0142,0.0099
2484,,CHEMBL2106195,DEXMEDETOMIDINE HYDROCHLORIDE,Cc1cccc([C@H](C)c2c[nH]cn2)c1C.Cl,0.0125,False,0.234,0.3439,0.0215,0.0003
2485,,CHEMBL1200790,METHYPRYLON,CCC1(CC)C(=O)NCC(C)C1=O,0.0125,False,0.164,1e-04,0.2225,0.1102
2486,,CHEMBL3833382,PRAJMALIUM,CCC[N+]12[C@H](O)[C@@H](CC)[C@@H]3C[C@H]1[C@@H]1N(C)c4ccccc4[C@]14C[C@H]2[C@@H]3[C@H]4O,0.0125,False,0.183,0.0,0.2492,0.9268
2487,,CHEMBL1909298,PINAVERIUM BROMIDE,COc1cc(Br)c(C[N+]2(CCOCCC3CCC4CC3C4(C)C)CCOCC2)cc1OC.[Br-],0.0125,False,0.2,0.0003,0.0079,0.8167
2488,,CHEMBL1201015,ALUMINUM ACETATE,CC(=O)[O-].CC(=O)[O-].CC(=O)[O-].[Al+3],0.0124,False,0.156,0.0011,0.0924,0.0192
2489,,CHEMBL1200833,DIPIVEFRIN HYDROCHLORIDE,CNCC(O)c1ccc(OC(=O)C(C)(C)C)c(OC(=O)C(C)(C)C)c1.Cl,0.0123,False,0.232,0.0168,0.013,0.0084
2490,,CHEMBL3545181,TIOTROPIUM BROMIDE,C[N+]1(C)[C@@H]2C[C@@H](OC(=O)C(O)(c3cccs3)c3cccs3)C[C@H]1[C@@H]1O[C@@H]12.O.[Br-],0.0123,False,0.208,0.0002,0.0227,0.3699
2491,,CHEMBL2443262,OLICERIDINE,COc1ccsc1CNCC[C@@]1(c2ccccn2)CCOC2(CCCC2)C1,0.0123,False,0.24,0.0005,0.0037,0.9415
2492,,CHEMBL190461,CANNABIDIOL,C=C(C)[C@@H]1CCC(C)=C[C@H]1c1c(O)cc(CCCCC)cc1O,0.0123,False,0.203,0.0017,0.0037,0.2918
2493,,CHEMBL1201001,MECHLORETHAMINE HYDROCHLORIDE,CN(CCCl)CCCl.Cl,0.0123,False,0.143,1e-04,0.0176,0.83
2494,,CHEMBL1089221,BENDAZAC,O=C(O)COc1nn(Cc2ccccc2)c2ccccc12,0.0122,False,0.28,0.01,0.0219,0.0083
2495,,CHEMBL1433,DOXYCYCLINE ANHYDROUS,C[C@H]1c2cccc(O)c2C(=O)C2=C(O)[C@]3(O)C(=O)C(C(N)=O)=C(O)[C@@H](N(C)C)[C@@H]3[C@@H](O)[C@@H]21,0.0122,False,0.278,1e-04,0.1111,0.1566
2496,,CHEMBL1161,MOMETASONE FUROATE,C[C@@H]1C[C@H]2[C@@H]3CCC4=CC(=O)C=C[C@]4(C)[C@@]3(Cl)[C@@H](O)C[C@]2(C)[C@@]1(OC(=O)c1ccco1)C(=O)CCl,0.0122,False,0.209,0.0003,0.0436,0.1283
2497,,CHEMBL3545057,ACETYLDIGITOXIN,CC(=O)O[C@H]1C[C@H](O[C@H]2[C@@H](O)C[C@H](O[C@H]3[C@@H](O)C[C@H](O[C@H]4CC[C@@]5(C)[C@H](CC[C@@H]6[C@@H]5CC[C@]5(C)[C@@H](C7=CC(=O)OC7)CC[C@]65O)C4)O[C@@H]3C)O[C@@H]2C)O[C@H](C)[C@H]1O,0.0122,False,0.162,1e-04,0.0159,0.9717
2498,,CHEMBL778,DEXMEDETOMIDINE,Cc1cccc([C@H](C)c2c[nH]cn2)c1C,0.0121,False,0.239,0.3896,0.0112,0.0004
2499,,CHEMBL1504,TRIAMCINOLONE ACETONIDE,CC1(C)O[C@@H]2C[C@H]3[C@@H]4CCC5=CC(=O)C=C[C@]5(C)[C@@]4(F)[C@@H](O)C[C@]3(C)[C@]2(C(=O)CO)O1,0.0121,False,0.167,1e-04,0.1978,0.1396
2500,,CHEMBL1476022,NOMEGESTROL ACETATE,CC(=O)O[C@]1(C(C)=O)CC[C@H]2[C@@H]3C=C(C)C4=CC(=O)CC[C@@H]4[C@H]3CC[C@@]21C,0.0121,False,0.189,1e-04,0.0766,0.2005
2501,,CHEMBL1650559,PLAZOMICIN,CN[C@@H]1[C@@H](O)[C@@H](O[C@@H]2[C@@H](O)[C@H](O[C@H]3OC(CNCCO)=CC[C@H]3N)[C@@H](N)C[C@H]2NC(=O)[C@@H](O)CCN)OC[C@]1(C)O,0.0121,False,0.157,0.0007,0.0028,0.9769
2502,475.0,CHEMBL607,MEPERIDINE,CCOC(=O)C1(c2ccccc2)CCN(C)CC1,0.012,True,0.312,0.0002,0.0642,0.1506
2503,,CHEMBL1597,DIMERCAPROL,OCC(S)CS,0.012,False,0.128,0.0,0.0523,0.9679
2504,,CHEMBL1200909,PREDNISOLONE TEBUTATE,CC(C)(C)CC(=O)OCC(=O)[C@@]1(O)CC[C@H]2[C@@H]3CCC4=CC(=O)C=C[C@]4(C)[C@H]3[C@@H](O)C[C@@]21C,0.012,False,0.179,0.0002,0.0348,0.229
2505,,CHEMBL2105827,"GLYCEROL, IODINATED",CC(I)C1OCC(CO)O1,0.0119,False,0.18,0.0876,0.0009,0.0213
2506,476.0,CHEMBL1297,FENOPROFEN,CC(C(=O)O)c1cccc(Oc2ccccc2)c1,0.0119,True,0.353,0.0057,0.4293,0.0007
2507,,CHEMBL1200614,IOVERSOL,O=C(NCC(O)CO)c1c(I)c(C(=O)NCC(O)CO)c(I)c(N(CCO)C(=O)CO)c1I,0.0119,False,0.261,0.0224,0.0014,0.0553
2508,,CHEMBL3989756,TALC,O.O=[Mg].O=[Mg].O=[Mg].O=[Si]=O.O=[Si]=O.O=[Si]=O.O=[Si]=O,0.0119,False,0.061,0.0028,0.4412,0.0014
2509,,CHEMBL1201262,DIPIVEFRIN,CNCC(O)c1ccc(OC(=O)C(C)(C)C)c(OC(=O)C(C)(C)C)c1,0.0119,False,0.235,0.0162,0.0125,0.0083
2510,,CHEMBL796,METHYLPHENIDATE,COC(=O)C(c1ccccc1)C1CCCCN1,0.0118,False,0.247,0.001,0.044,0.0388
2511,,CHEMBL254219,DIGITOXIN,C[C@H]1O[C@@H](O[C@H]2[C@@H](O)C[C@H](O[C@H]3[C@@H](O)C[C@H](O[C@H]4CC[C@@]5(C)[C@H](CC[C@@H]6[C@@H]5CC[C@]5(C)[C@@H](C7=CC(=O)OC7)CC[C@]65O)C4)O[C@@H]3C)O[C@@H]2C)C[C@H](O)[C@@H]1O,0.0118,False,0.147,0.0004,0.0039,0.9934
2512,,CHEMBL1200550,ANTAZOLINE PHOSPHATE,O=P(O)(O)O.c1ccc(CN(CC2=NCCN2)c2ccccc2)cc1,0.0118,False,0.241,0.0052,0.0749,0.0043
2513,,CHEMBL704,MESALAMINE,Nc1ccc(O)c(C(=O)O)c1,0.0117,False,0.267,0.002,0.5499,0.0015
2514,477.0,CHEMBL282052,METHAQUALONE,Cc1ccccc1-n1c(C)nc2ccccc2c1=O,0.0117,True,0.436,0.0184,0.0674,0.0013
2515,,CHEMBL956,SUPROFEN,CC(C(=O)O)c1ccc(C(=O)c2cccs2)cc1,0.0117,False,0.286,0.0096,0.2641,0.0006
2516,,CHEMBL1200865,LOTEPREDNOL ETABONATE,CCOC(=O)O[C@]1(C(=O)OCCl)CC[C@H]2[C@@H]3CCC4=CC(=O)C=C[C@]4(C)[C@H]3[C@@H](O)C[C@@]21C,0.0117,False,0.178,1e-04,0.1027,0.2026
2517,,CHEMBL4297517,MAVACAMTEN,CC(C)n1c(=O)cc(N[C@@H](C)c2ccccc2)[nH]c1=O,0.0117,False,0.273,0.0055,0.0362,0.0081
2518,,CHEMBL1200863,MELPHALAN HYDROCHLORIDE,Cl.N[C@@H](Cc1ccc(N(CCCl)CCCl)cc1)C(=O)O,0.0117,False,0.25,0.0,0.1901,0.2988
2519,,CHEMBL1650,CORTISONE ACETATE,CC(=O)OCC(=O)[C@@]1(O)CC[C@H]2[C@@H]3CCC4=CC(=O)CC[C@]4(C)[C@H]3C(=O)C[C@@]21C,0.0117,False,0.167,1e-04,0.1421,0.1431
2520,,CHEMBL3184986,ZINC ACETATE,CC(=O)[O-].CC(=O)[O-].O.O.[Zn+2],0.0116,False,0.154,0.0016,0.0843,0.0112
2521,478.0,CHEMBL279516,INDORAMIN,O=C(NC1CCN(CCc2c[nH]c3ccccc23)CC1)c1ccccc1,0.0116,True,0.378,0.0005,0.0326,0.093
2522,,CHEMBL1239,BENZYL BENZOATE,O=C(OCc1ccccc1)c1ccccc1,0.0116,False,0.372,0.003,0.15,0.0034
2523,,CHEMBL2107175,RANELIC ACID,N#Cc1c(N(CC(=O)O)CC(=O)O)sc(C(=O)O)c1CC(=O)O,0.0115,False,0.191,0.0037,0.0589,0.007
2524,,CHEMBL524004,MEPENZOLATE,C[N+]1(C)CCCC(OC(=O)C(O)(c2ccccc2)c2ccccc2)C1,0.0114,False,0.224,0.0009,0.0062,0.2742
2525,,CHEMBL157101,KETOCONAZOLE,CC(=O)N1CCN(c2ccc(OCC3COC(Cn4ccnc4)(c4ccc(Cl)cc4Cl)O3)cc2)CC1,0.0114,False,0.274,0.0005,0.0732,0.044
2526,,CHEMBL139367,PERAMIVIR ANHYDROUS,CCC(CC)[C@H](NC(C)=O)[C@@H]1[C@H](O)[C@@H](C(=O)O)C[C@H]1NC(=N)N,0.0114,False,0.174,0.0005,0.0047,0.6032
2527,479.0,CHEMBL396778,SAFINAMIDE,C[C@H](NCc1ccc(OCc2cccc(F)c2)cc1)C(N)=O,0.0114,True,0.343,0.0003,0.0773,0.0738
2528,,CHEMBL635,PREDNISONE,C[C@]12C=CC(=O)C=C1CC[C@@H]1[C@@H]2C(=O)C[C@@]2(C)[C@H]1CC[C@]2(O)C(=O)CO,0.0114,False,0.177,1e-04,0.1178,0.1741
2529,,CHEMBL451887,CARFILZOMIB,CC(C)C[C@H](NC(=O)[C@H](CCc1ccccc1)NC(=O)CN1CCOCC1)C(=O)N[C@@H](Cc1ccccc1)C(=O)N[C@@H](CC(C)C)C(=O)[C@@]1(C)CO1,0.0113,False,0.3,0.0,0.0517,0.6535
2530,,CHEMBL1201012,FLURANDRENOLIDE,CC1(C)O[C@@H]2C[C@H]3[C@@H]4C[C@H](F)C5=CC(=O)CC[C@]5(C)[C@H]4[C@@H](O)C[C@]3(C)[C@]2(C(=O)CO)O1,0.0113,False,0.17,0.0,0.0508,0.6684
2531,,CHEMBL1639,ALISKIREN,COCCCOc1cc(C[C@@H](C[C@H](N)[C@@H](O)C[C@H](C(=O)NCC(C)(C)C(N)=O)C(C)C)C(C)C)ccc1OC,0.0112,False,0.247,1e-04,0.0276,0.5146
2532,,CHEMBL2105613,DIVALPROEX SODIUM,CCCC(CCC)C(=O)O.CCCC(CCC)C(=O)[O-].[Na+],0.0112,False,0.16,0.0016,0.0531,0.0161
2533,,CHEMBL1200323,LABETALOL HYDROCHLORIDE,CC(CCc1ccccc1)NCC(O)c1ccc(O)c(C(N)=O)c1.Cl,0.0111,False,0.274,0.0012,0.0864,0.0136
2534,,CHEMBL3301611,AMIFAMPRIDINE PHOSPHATE,Nc1ccncc1N.O=P(O)(O)O,0.0111,False,0.244,0.0035,0.5285,0.0007
2535,,CHEMBL1201770,METHYLNALTREXONE BROMIDE,C[N+]1(CC2CC2)CC[C@]23c4c5ccc(O)c4O[C@H]2C(=O)CC[C@@]3(O)[C@H]1C5.[Br-],0.0111,False,0.228,0.0,0.2825,0.7973
2536,,CHEMBL2364639,VALBENAZINE,COc1cc2c(cc1OC)[C@H]1C[C@@H](OC(=O)[C@@H](N)C(C)C)[C@H](CC(C)C)CN1CC2,0.0111,False,0.259,0.0018,0.0008,1.0
2537,480.0,CHEMBL1909289,XENAZOIC ACID,CCOC(Nc1ccc(C(=O)O)cc1)C(=O)c1ccc(-c2ccccc2)cc1,0.0111,True,0.339,0.0025,0.165,0.0033
2538,,CHEMBL4303525,OMAVELOXOLONE,CC1(C)CC[C@]2(NC(=O)C(C)(F)F)CC[C@]3(C)[C@H](C(=O)C=C4[C@@]5(C)C=C(C#N)C(=O)C(C)(C)[C@@H]5CC[C@]43C)[C@@H]2C1,0.011,False,0.18,0.0,0.1268,0.8416
2539,,CHEMBL18442,PLERIXAFOR,c1cc(CN2CCCNCCNCCCNCC2)ccc1CN1CCCNCCNCCCNCC1,0.011,False,0.271,0.0009,0.0057,0.263
2540,,CHEMBL1200358,SODIUM PHENYLACETATE,O=C([O-])Cc1ccccc1.[Na+],0.011,False,0.35,0.0033,0.2835,0.0014
2541,,CHEMBL684,DIETHYLCARBAMAZINE,CCN(CC)C(=O)N1CCN(C)CC1,0.011,False,0.268,0.0002,0.05,0.1696
2542,,CHEMBL3301605,RELEBACTAM,O.O=C(NC1CCNCC1)[C@@H]1CC[C@@H]2CN1C(=O)N2OS(=O)(=O)O,0.0109,False,0.188,1e-04,0.0678,0.131
2543,,CHEMBL1200691,MAGNESIUM ACETATE,CC(=O)[O-].CC(=O)[O-].[Mg+2],0.0109,False,0.156,0.0011,0.0832,0.0147
2544,,CHEMBL1315867,TERBUTALINE SULFATE,CC(C)(C)NCC(O)c1cc(O)cc(O)c1.CC(C)(C)NCC(O)c1cc(O)cc(O)c1.O=S(=O)(O)O,0.0109,False,0.22,0.0016,0.0503,0.0162
2545,,CHEMBL284092,GEPIRONE,CC1(C)CC(=O)N(CCCCN2CCN(c3ncccn3)CC2)C(=O)C1,0.0109,False,0.264,0.0005,0.0092,0.2813
2546,481.0,CHEMBL1092,TRIHEXYPHENIDYL HYDROCHLORIDE,Cl.OC(CCN1CCCCC1)(c1ccccc1)C1CCCCC1,0.0108,True,0.364,0.0002,0.0079,0.7749
2547,,CHEMBL1200468,MALATHION,CCOC(=O)CC(SP(=S)(OC)OC)C(=O)OCC,0.0108,False,0.22,0.0471,0.0066,0.004
2548,,CHEMBL429,LABETALOL,CC(CCc1ccccc1)NCC(O)c1ccc(O)c(C(N)=O)c1,0.0108,False,0.271,0.001,0.0867,0.0142
2549,,CHEMBL26,SULPIRIDE,CCN1CCCC1CNC(=O)c1cc(S(N)(=O)=O)ccc1OC,0.0108,False,0.291,0.0057,0.0182,0.0123
2550,,CHEMBL508102,CARBIMAZOLE,CCOC(=O)n1ccn(C)c1=S,0.0108,False,0.25,0.0027,0.3346,0.0014
2551,,CHEMBL761,NAPHAZOLINE,c1ccc2c(CC3=NCCN3)cccc2c1,0.0107,False,0.339,0.0043,0.0063,0.0444
2552,,CHEMBL4298137,DURLOBACTAM,CC1=C[C@@H]2CN(C(=O)N2OS(=O)(=O)O)[C@@H]1C(N)=O,0.0107,False,0.192,0.0003,0.0777,0.0617
2553,,CHEMBL4297212,SOLRIAMFETOL HYDROCHLORIDE,Cl.NC(=O)OC[C@H](N)Cc1ccccc1,0.0107,False,0.3,1e-04,0.0797,0.2115
2554,,CHEMBL1447,LINCOMYCIN,CCC[C@@H]1C[C@@H](C(=O)N[C@@H]([C@H]2O[C@H](SC)[C@H](O)[C@@H](O)[C@H]2O)[C@@H](C)O)N(C)C1,0.0107,False,0.167,0.0017,0.0008,0.9292
2555,,CHEMBL2110372,RANITIDINE HYDROCHLORIDE,CNC(=C[N+](=O)[O-])NCCSCc1ccc(CN(C)C)o1.Cl,0.0107,False,0.202,0.0009,0.0807,0.0174
2556,,CHEMBL3989833,ZIPRASIDONE MESYLATE,CS(=O)(=O)O.O.O.O.O=C1Cc2cc(CCN3CCN(c4nsc5ccccc45)CC3)c(Cl)cc2N1,0.0107,False,0.267,0.0051,0.0002,0.9958
2557,,CHEMBL636,RIVASTIGMINE,CCN(C)C(=O)Oc1cccc([C@H](C)N(C)C)c1,0.0106,False,0.279,0.0062,0.52,0.0004
2558,,CHEMBL43708,IMIPENEM,C[C@@H](O)[C@H]1C(=O)N2C(C(=O)O)=C(SCCNC=N)C[C@H]12.O,0.0106,False,0.169,1e-04,0.114,0.172
2559,482.0,CHEMBL1200828,CYCRIMINE HYDROCHLORIDE,Cl.OC(CCN1CCCCC1)(c1ccccc1)C1CCCC1,0.0105,True,0.364,0.0002,0.0076,0.7718
2560,,CHEMBL3833388,PRAJMALIUM BITARTRATE,CCC[N+]12[C@H](O)[C@@H](CC)[C@@H]3C[C@H]1[C@@H]1N(C)c4ccccc4[C@]14C[C@H]2[C@@H]3[C@H]4O.O=C([O-])C(O)C(O)C(=O)O,0.0105,False,0.19,0.0,0.51,0.1187
2561,,CHEMBL2355839,ISOMETHEPTENE MUCATE,CNC(C)CCC=C(C)C.CNC(C)CCC=C(C)C.O=C(O)[C@@H](O)[C@H](O)[C@H](O)[C@@H](O)C(=O)O,0.0104,False,0.172,0.0004,0.1543,0.0179
2562,,CHEMBL5315056,NALOXONE HYDROCHLORIDE DIHYDRATE,C=CCN1CC[C@]23c4c5ccc(O)c4O[C@H]2C(=O)CC[C@@]3(O)[C@H]1C5.Cl.O.O,0.0104,False,0.212,0.0,0.7105,0.0634
2563,,CHEMBL4297223,MITAPIVAT SULFATE,O.O.O.O=C(c1ccc(NS(=O)(=O)c2cccc3cccnc23)cc1)N1CCN(CC2CC2)CC1.O=C(c1ccc(NS(=O)(=O)c2cccc3cccnc23)cc1)N1CCN(CC2CC2)CC1.O=S(=O)(O)O,0.0104,False,0.307,0.0026,0.0356,0.0121
2564,,CHEMBL3989844,DEXTROAMPHETAMINE SACCHARATE,C[C@H](N)Cc1ccccc1.O=C(O)[C@@H](O)[C@@H](O)[C@H](O)[C@@H](O)C(=O)O,0.0104,False,0.255,0.0007,0.2024,0.0082
2565,,CHEMBL703,SUXAMETHONIUM,C[N+](C)(C)CCOC(=O)CCC(=O)OCC[N+](C)(C)C,0.0103,False,0.2,0.0006,0.0209,0.0845
2566,,CHEMBL2103744,MORPHINE SULFATE,CN1CC[C@]23c4c5ccc(O)c4O[C@H]2[C@@H](O)C=C[C@H]3[C@H]1C5.CN1CC[C@]23c4c5ccc(O)c4O[C@H]2[C@@H](O)C=C[C@H]3[C@H]1C5.O.O.O.O.O.O=S(=O)(O)O,0.0103,False,0.192,0.0,0.2406,0.1599
2567,,CHEMBL770,TOLAZOLINE,c1ccc(CC2=NCCN2)cc1,0.0103,False,0.255,0.0018,0.009,0.0677
2568,,CHEMBL1607480,OXYTETRACYCLINE HYDROCHLORIDE,CN(C)[C@@H]1C(O)=C(C(N)=O)C(=O)[C@@]2(O)C(O)=C3C(=O)c4c(O)cccc4[C@@](C)(O)[C@H]3[C@H](O)[C@@H]12.Cl,0.0103,False,0.257,1e-04,0.1183,0.1541
2569,,CHEMBL276520,INDALPINE,c1ccc2c(CCC3CCNCC3)c[nH]c2c1,0.0102,False,0.292,0.0004,0.0122,0.2118
2570,,CHEMBL499915,CARBENOXOLONE,CC1(C)[C@@H](OC(=O)CCC(=O)O)CC[C@]2(C)[C@H]3C(=O)C=C4[C@@H]5C[C@@](C)(C(=O)O)CC[C@]5(C)CC[C@@]4(C)[C@]3(C)CC[C@@H]12,0.0102,False,0.181,0.0,0.1555,0.8267
2571,,CHEMBL979,MEPROBAMATE,CCCC(C)(COC(N)=O)COC(N)=O,0.0102,False,0.159,0.0,0.0957,0.2342
2572,,CHEMBL817,TOLAZAMIDE,Cc1ccc(S(=O)(=O)NC(=O)NN2CCCCCC2)cc1,0.0102,False,0.274,0.0009,0.0794,0.0143
2573,483.0,CHEMBL118,CELECOXIB,Cc1ccc(-c2cc(C(F)(F)F)nn2-c2ccc(S(N)(=O)=O)cc2)cc1,0.0102,True,0.306,0.0052,0.0112,0.0184
2574,484.0,CHEMBL1761,PROCYCLIDINE HYDROCHLORIDE,Cl.OC(CCN1CCCC1)(c1ccccc1)C1CCCCC1,0.0102,True,0.364,0.0002,0.0074,0.7666
2575,,CHEMBL3989677,HYDROCODONE BITARTRATE,COc1ccc2c3c1O[C@H]1C(=O)CC[C@H]4[C@@H](C2)N(C)CC[C@]314.O.O.O=C(O)C(O)C(O)C(=O)O,0.0102,False,0.21,1e-04,0.8445,0.0231
2576,,CHEMBL3,NICOTINE,CN1CCC[C@H]1c1cccnc1,0.0101,False,0.276,0.001,0.0016,0.6836
2577,,CHEMBL904,DEXMETHYLPHENIDATE HYDROCHLORIDE,COC(=O)[C@H](c1ccccc1)[C@H]1CCCCN1.Cl,0.0101,False,0.244,0.0008,0.0342,0.0368
2578,,CHEMBL127,MEROPENEM,C[C@@H](O)[C@H]1C(=O)N2C(C(=O)O)=C(S[C@@H]3CN[C@H](C(=O)N(C)C)C3)[C@H](C)[C@H]12,0.0101,False,0.167,0.0,0.0466,0.5473
2579,,CHEMBL267936,MECAMYLAMINE,CNC1(C)C2CCC(C2)C1(C)C,0.01,False,0.157,0.0,0.3328,0.4928
2580,,CHEMBL659,GALANTAMINE,COc1ccc2c3c1O[C@H]1C[C@@H](O)C=C[C@@]31CCN(C)C2,0.01,False,0.208,1e-04,0.0297,0.6244
2581,,CHEMBL25105,HEXAMIDINE,N=C(N)c1ccc(OCCCCCCOc2ccc(C(=N)N)cc2)cc1,0.01,False,0.269,1e-04,0.2186,0.0827
2582,,CHEMBL1237082,MECAMYLAMINE HYDROCHLORIDE,CNC1(C)C2CCC(C2)C1(C)C.Cl,0.01,False,0.155,0.0,0.3084,0.3967
2583,,CHEMBL3112741,RELEBACTAM ANHYDROUS,O=C(NC1CCNCC1)[C@@H]1CC[C@@H]2CN1C(=O)N2OS(=O)(=O)O,0.01,False,0.19,1e-04,0.0583,0.1277
2584,,CHEMBL3833389,DEXTROMORAMIDE,C[C@@H](CC(C(=O)N1CCCC1)(c1ccccc1)c1ccccc1)N1CCOCC1,0.0099,False,0.277,0.0004,0.0232,0.1009
2585,,CHEMBL2106732,NOSCAPINE HYDROCHLORIDE,COc1ccc2c(c1OC)C(=O)O[C@@H]2[C@H]1c2c(cc3c(c2OC)OCO3)CCN1C.Cl,0.0099,False,0.253,0.0004,0.0024,0.9433
2586,,CHEMBL485,CODEINE,COc1ccc2c3c1O[C@H]1[C@@H](O)C=C[C@H]4[C@@H](C2)N(C)CC[C@@]341,0.0099,False,0.198,0.0,0.3995,0.4831
2587,,CHEMBL1697768,SODIUM PICOSULFATE,O=S(=O)([O-])Oc1ccc(C(c2ccc(OS(=O)(=O)[O-])cc2)c2ccccn2)cc1.[Na+].[Na+],0.0099,False,0.209,0.0067,0.1737,0.0008
2588,,CHEMBL1200774,FLUPREDNISOLONE,C[C@]12C=CC(=O)C=C1[C@@H](F)C[C@@H]1[C@@H]2[C@@H](O)C[C@@]2(C)[C@H]1CC[C@]2(O)C(=O)CO,0.0099,False,0.18,1e-04,0.0256,0.6647
2589,,CHEMBL1658,RETAPAMULIN,C=C[C@]1(C)C[C@@H](OC(=O)CS[C@@H]2C[C@H]3CC[C@@H](C2)N3C)[C@]2(C)[C@H](C)CC[C@]3(CCC(=O)[C@H]32)[C@@H](C)[C@@H]1O,0.0098,False,0.153,1e-04,0.0273,0.5254
2590,,CHEMBL1746,SODIUM PHENYLBUTYRATE,O=C([O-])CCCc1ccccc1.[Na+],0.0098,False,0.304,0.0012,0.0464,0.0164
2591,,CHEMBL3291398,LEFAMULIN,C=C[C@]1(C)C[C@@H](OC(=O)CS[C@@H]2CC[C@@H](N)C[C@H]2O)[C@]2(C)[C@H](C)CC[C@]3(CCC(=O)[C@H]32)[C@@H](C)[C@@H]1O,0.0098,False,0.147,1e-04,0.0288,0.5589
2592,485.0,CHEMBL294199,CAPSAICIN,COc1cc(CNC(=O)CCCC/C=C/C(C)C)ccc1O,0.0098,True,0.305,1e-04,0.1219,0.082
2593,,CHEMBL295698,LEVOKETOCONAZOLE,CC(=O)N1CCN(c2ccc(OC[C@@H]3CO[C@@](Cn4ccnc4)(c4ccc(Cl)cc4Cl)O3)cc2)CC1,0.0098,False,0.274,0.0006,0.0382,0.0438
2594,,CHEMBL3707224,SOFPIRONIUM,CCOC(=O)C[N+]1(C)CC[C@@H](OC(=O)[C@](O)(c2ccccc2)C2CCCC2)C1,0.0098,False,0.235,1e-04,0.0145,0.6656
2595,,CHEMBL727,THIOGUANINE,Nc1nc2[nH]cnc2c(=S)[nH]1,0.0098,False,0.255,0.0059,0.0613,0.0026
2596,,CHEMBL148,IMIPENEM ANHYDROUS,C[C@@H](O)[C@H]1C(=O)N2C(C(=O)O)=C(SCCNC=N)C[C@H]12,0.0098,False,0.171,1e-04,0.1002,0.1802
2597,,CHEMBL6466,COUMARIN,O=c1ccc2ccccc2o1,0.0097,False,0.255,0.0211,0.0502,0.0009
2598,,CHEMBL1900528,TIOTROPIUM,C[N+]1(C)[C@@H]2C[C@@H](OC(=O)C(O)(c3cccs3)c3cccs3)C[C@H]1[C@@H]1O[C@@H]12,0.0097,False,0.214,0.0002,0.0137,0.3316
2599,,CHEMBL983,SUCCINYLCHOLINE CHLORIDE,C[N+](C)(C)CCOC(=O)CCC(=O)OCC[N+](C)(C)C.[Cl-].[Cl-],0.0097,False,0.196,0.0011,0.0168,0.0512
2600,,CHEMBL454950,TETRACYCLINE HYDROCHLORIDE,CN(C)[C@@H]1C(O)=C(C(N)=O)C(=O)[C@@]2(O)C(O)=C3C(=O)c4c(O)cccc4[C@@](C)(O)[C@H]3C[C@@H]12.Cl,0.0097,False,0.24,1e-04,0.116,0.136
2601,,CHEMBL2107817,AVIBACTAM SODIUM,NC(=O)[C@@H]1CC[C@@H]2CN1C(=O)N2OS(=O)(=O)[O-].[Na+],0.0097,False,0.183,0.0002,0.0622,0.0768
2602,,CHEMBL403,SULBACTAM,CC1(C)[C@H](C(=O)O)N2C(=O)C[C@H]2S1(=O)=O,0.0097,False,0.179,0.0007,0.0099,0.1423
2603,,CHEMBL3188576,DIHYDROSTREPTOMYCIN SULFATE,CN[C@@H]1[C@H](O[C@H]2[C@H](O[C@H]3[C@H](O)[C@@H](O)[C@H](NC(=N)N)[C@@H](O)[C@@H]3NC(=N)N)O[C@@H](C)[C@]2(O)CO)O[C@@H](CO)[C@H](O)[C@H]1O.CN[C@@H]1[C@H](O[C@H]2[C@H](O[C@H]3[C@H](O)[C@@H](O)[C@H](NC(=N)N)[C@@H](O)[C@@H]3NC(=N)N)O[C@@H](C)[C@]2(O)CO)O[C@@H](CO)[C@H](O)[C@H]1O.O=S(=O)(O)O.O=S(=O)(O)O.O=S(=O)(O)O,0.0097,False,0.179,0.0002,0.0145,0.3437
2604,,CHEMBL852,MELPHALAN,N[C@@H](Cc1ccc(N(CCCl)CCCl)cc1)C(=O)O,0.0096,False,0.253,0.0,0.1961,0.3225
2605,,CHEMBL2096646,AMINOSALICYLATE SODIUM,Nc1ccc(C(=O)[O-])c(O)c1.O.O.[Na+],0.0096,False,0.228,0.0044,0.2718,0.0007
2606,,CHEMBL710,FINASTERIDE,CC(C)(C)NC(=O)[C@H]1CC[C@H]2[C@@H]3CC[C@H]4NC(=O)C=C[C@]4(C)[C@H]3CC[C@]12C,0.0096,False,0.2,0.0005,0.0103,0.1605
2607,,CHEMBL2107703,FENTICONAZOLE NITRATE,Clc1ccc(C(Cn2ccnc2)OCc2ccc(Sc3ccccc3)cc2)c(Cl)c1.O=[N+]([O-])O,0.0096,False,0.278,0.0211,0.092,0.0005
2608,,CHEMBL1790041,RANITIDINE,CNC(=C[N+](=O)[O-])NCCSCc1ccc(CN(C)C)o1,0.0096,False,0.205,0.0006,0.0702,0.0192
2609,,CHEMBL1683,HYDROCORTISONE BUTYRATE,CCCC(=O)O[C@]1(C(=O)CO)CC[C@H]2[C@@H]3CCC4=CC(=O)CC[C@]4(C)[C@H]3[C@@H](O)C[C@@]21C,0.0095,False,0.173,1e-04,0.0492,0.3032
2610,,CHEMBL1607,TOPOTECAN HYDROCHLORIDE,CC[C@@]1(O)C(=O)OCc2c1cc1n(c2=O)Cc2cc3c(CN(C)C)c(O)ccc3nc2-1.Cl,0.0095,False,0.19,0.004,0.0002,0.9997
2611,,CHEMBL1595,DIHYDROCODEINE,COc1ccc2c3c1O[C@H]1[C@@H](O)CC[C@H]4[C@@H](C2)N(C)CC[C@@]341,0.0095,False,0.213,0.0,0.3887,0.5687
2612,,CHEMBL1200853,DYDROGESTERONE,CC(=O)[C@H]1CC[C@H]2[C@@H]3C=CC4=CC(=O)CC[C@@]4(C)[C@@H]3CC[C@]12C,0.0095,False,0.175,1e-04,0.0306,0.5545
2613,,CHEMBL1201348,MENADIOL DIPHOSPHORIC ACID,Cc1cc(OP(=O)(O)O)c2ccccc2c1OP(=O)(O)O,0.0095,False,0.233,0.012,0.0178,0.004
2614,,CHEMBL1909324,PINAVERIUM,COc1cc(Br)c(C[N+]2(CCOCCC3CCC4CC3C4(C)C)CCOCC2)cc1OC,0.0095,False,0.188,0.0002,0.0067,0.6482
2615,,CHEMBL1201329,TRIMETHAPHAN,O=C1N(Cc2ccccc2)C2C[S+]3CCCC3C2N1Cc1ccccc1,0.0095,False,0.281,0.0,0.1548,0.2
2616,,CHEMBL902,FAMOTIDINE,NC(N)=Nc1nc(CSCC/C(N)=N/S(N)(=O)=O)cs1,0.0094,False,0.154,0.0035,0.0183,0.0127
2617,,CHEMBL1200935,DARIFENACIN HYDROBROMIDE,Br.NC(=O)C(c1ccccc1)(c1ccccc1)[C@@H]1CCN(CCc2ccc3c(c2)CCO3)C1,0.0094,False,0.271,0.0003,0.0054,0.5062
2618,,CHEMBL359744,DOXORUBICIN HYDROCHLORIDE,COc1cccc2c1C(=O)c1c(O)c3c(c(O)c1C2=O)C[C@@](O)(C(=O)CO)C[C@@H]3O[C@H]1C[C@H](N)[C@H](O)[C@H](C)O1.Cl,0.0094,False,0.214,0.0003,0.0115,0.2084
2619,,CHEMBL1100,PARAMETHADIONE,CCC1(C)OC(=O)N(C)C1=O,0.0094,False,0.176,1e-04,0.0581,0.1735
2620,,CHEMBL1571,TESTOLACTONE,C[C@]12C=CC(=O)C=C1CC[C@@H]1[C@@H]2CC[C@]2(C)OC(=O)CC[C@@H]12,0.0094,False,0.144,1e-04,0.0203,0.4892
2621,,CHEMBL3181947,BROMFENAC SODIUM,Nc1c(CC(=O)[O-])cccc1C(=O)c1ccc(Br)cc1.Nc1c(CC(=O)[O-])cccc1C(=O)c1ccc(Br)cc1.O.O.O.[Na+].[Na+],0.0094,False,0.263,0.0169,0.0833,0.0006
2622,488.0,CHEMBL1490,TRIHEXYPHENIDYL,OC(CCN1CCCCC1)(c1ccccc1)C1CCCCC1,0.0093,True,0.345,0.0002,0.0052,0.7976
2623,,CHEMBL705,ALITRETINOIN,CC1=C(/C=C/C(C)=C\C=C\C(C)=C\C(=O)O)C(C)(C)CCC1,0.0093,False,0.151,1e-04,0.0493,0.2645
2624,487.0,CHEMBL2403108,CERITINIB,Cc1cc(Nc2ncc(Cl)c(Nc3ccccc3S(=O)(=O)C(C)C)n2)c(OC(C)C)cc1C1CCNCC1,0.0093,True,0.593,0.009,0.0027,0.0329
2625,486.0,CHEMBL1374379,BENZONATATE,CCCCNc1ccc(C(=O)OCCOCCOCCOCCOCCOCCOCCOCCOCCOC)cc1,0.0093,True,0.311,1e-04,0.0572,0.0954
2626,,CHEMBL1200656,NATAMYCIN,C[C@@H]1C/C=C/C=C/C=C/C=C/[C@H](O[C@@H]2O[C@H](C)[C@@H](O)[C@H](N)[C@@H]2O)C[C@@H]2O[C@](O)(C[C@@H](O)C[C@H]3O[C@@H]3/C=C/C(=O)O1)C[C@H](O)[C@H]2C(=O)O,0.0093,False,0.212,0.0012,0.0387,0.0174
2627,,CHEMBL3989568,OXYTETRACYCLINE CALCIUM,CN(C)[C@@H]1C([O-])=C(C(N)=O)C(=O)[C@@]2(O)C(O)=C3C(=O)c4c(O)cccc4[C@@](C)(O)[C@H]3[C@H](O)[C@@H]12.CN(C)[C@@H]1C([O-])=C(C(N)=O)C(=O)[C@@]2(O)C(O)=C3C(=O)c4c(O)cccc4[C@@](C)(O)[C@H]3[C@H](O)[C@@H]12.[Ca+2],0.0093,False,0.234,0.0,0.126,0.1328
2628,,CHEMBL1201325,HEXOCYCLIUM,C[N+]1(C)CCN(CC(O)(c2ccccc2)C2CCCCC2)CC1,0.0093,False,0.276,0.0002,0.0053,0.9164
2629,,CHEMBL2104445,TRITOQUALINE,CCOc1c(N)c2c(c(OCC)c1OCC)C(C1c3c(cc4c(c3OC)OCO4)CCN1C)OC2=O,0.0093,False,0.216,1e-04,0.0102,0.9171
2630,,CHEMBL2147777,TENELIGLIPTIN,Cc1cc(N2CCN([C@@H]3CN[C@H](C(=O)N4CCSC4)C3)CC2)n(-c2ccccc2)n1,0.0093,False,0.228,0.0003,0.038,0.0746
2631,,CHEMBL1200981,EPIRUBICIN HYDROCHLORIDE,COc1cccc2c1C(=O)c1c(O)c3c(c(O)c1C2=O)C[C@@](O)(C(=O)CO)C[C@@H]3O[C@H]1C[C@H](N)[C@@H](O)[C@H](C)O1.Cl,0.0093,False,0.214,0.0003,0.012,0.1941
2632,,CHEMBL1200873,PHENTOLAMINE MESYLATE,CS(=O)(=O)O.Cc1ccc(N(CC2=NCCN2)c2cccc(O)c2)cc1,0.0092,False,0.242,0.0029,0.0765,0.0035
2633,,CHEMBL1275,PERGOLIDE MESYLATE,CCCN1C[C@H](CSC)C[C@@H]2c3cccc4[nH]cc(c34)C[C@H]21.CS(=O)(=O)O,0.0092,False,0.212,1e-04,0.0289,0.1866
2634,,CHEMBL152684,BECLOBRATE,CCOC(=O)C(C)(CC)Oc1ccc(Cc2ccc(Cl)cc2)cc1,0.0092,False,0.292,0.0041,0.1226,0.0015
2635,,CHEMBL1697751,ISAXONINE PHOSPHATE,CC(C)Nc1ncccn1.O=P(O)(O)O,0.0092,False,0.28,0.0107,0.1228,0.0006
2636,,CHEMBL1201110,VALACYCLOVIR HYDROCHLORIDE,CC(C)[C@H](N)C(=O)OCCOCn1cnc2c(=O)nc(N)[nH]c21.Cl,0.0092,False,0.195,0.091,0.0141,0.0006
2637,,CHEMBL463,AMINOHIPPURIC ACID,Nc1ccc(C(=O)NCC(=O)O)cc1,0.0092,False,0.281,0.0,0.326,0.0653
2638,489.0,CHEMBL1201035,BIPERIDEN HYDROCHLORIDE,Cl.OC(CCN1CCCCC1)(c1ccccc1)C1CC2C=CC1C2,0.0092,True,0.328,1e-04,0.0152,0.6644
2639,,CHEMBL3989931,ENASIDENIB MESYLATE,CC(C)(O)CNc1nc(Nc2ccnc(C(F)(F)F)c2)nc(-c2cccc(C(F)(F)F)n2)n1.CS(=O)(=O)O,0.0092,False,0.286,0.0014,0.016,0.0348
2640,,CHEMBL4279047,VORASIDENIB,C[C@@H](Nc1nc(N[C@H](C)C(F)(F)F)nc(-c2cccc(Cl)n2)n1)C(F)(F)F,0.0091,False,0.279,0.0115,0.0299,0.0022
2641,,CHEMBL1200944,SULBACTAM SODIUM,CC1(C)[C@H](C(=O)[O-])N2C(=O)C[C@H]2S1(=O)=O.[Na+],0.0091,False,0.169,0.0006,0.0102,0.1228
2642,,CHEMBL364713,NOSCAPINE,COc1ccc2c(c1OC)C(=O)O[C@@H]2[C@H]1c2c(cc3c(c2OC)OCO3)CCN1C,0.0091,False,0.256,0.0004,0.0021,0.9446
2643,490.0,CHEMBL1265,ADAPALENE,COc1ccc(-c2ccc3cc(C(=O)O)ccc3c2)cc1C12CC3CC(CC(C3)C1)C2,0.0091,True,0.353,0.0,0.1545,0.1359
2644,,CHEMBL4101807,VOXELOTOR,CC(C)n1nccc1-c1ncccc1COc1cccc(O)c1C=O,0.009,False,0.257,0.0065,0.0249,0.0045
2645,,CHEMBL1200588,CLINDAMYCIN HYDROCHLORIDE,CCC[C@@H]1C[C@@H](C(=O)N[C@@H]([C@H]2O[C@H](SC)[C@H](O)[C@@H](O)[C@H]2O)[C@H](C)Cl)N(C)C1.Cl,0.009,False,0.167,0.0011,0.0008,0.8521
2646,491.0,CHEMBL346235,DIAMTHAZOLE DIHYDROCHLORIDE,CCN(CC)CCOc1ccc2nc(N(C)C)sc2c1.Cl.Cl,0.009,True,0.329,0.0991,0.0186,0.0004
2647,,CHEMBL7728,HEXOBARBITAL,CN1C(=O)NC(=O)C(C)(C2=CCCCC2)C1=O,0.009,False,0.192,0.0,0.1437,0.3082
2648,,CHEMBL1517,OXYTETRACYCLINE,CN(C)[C@@H]1C(O)=C(C(N)=O)C(=O)[C@@]2(O)C(O)=C3C(=O)c4c(O)cccc4[C@@](C)(O)[C@H]3[C@H](O)[C@@H]12,0.009,False,0.26,0.0,0.0978,0.149
2649,492.0,CHEMBL1519,TRANDOLAPRIL,CCOC(=O)[C@H](CCc1ccccc1)N[C@@H](C)C(=O)N1[C@H](C(=O)O)C[C@H]2CCCC[C@@H]21,0.009,True,0.312,0.0002,0.0585,0.0792
2650,,CHEMBL1200934,NORGESTIMATE,C#C[C@]1(OC(C)=O)CC[C@H]2[C@@H]3CCC4=C/C(=N/O)CC[C@@H]4[C@H]3CC[C@@]21CC,0.009,False,0.173,1e-04,0.0561,0.0981
2651,493.0,CHEMBL1201227,CYCRIMINE,OC(CCN1CCCCC1)(c1ccccc1)C1CCCC1,0.0089,True,0.345,0.0002,0.0049,0.7935
2652,,CHEMBL1349,VALACYCLOVIR,CC(C)[C@H](N)C(=O)OCCOCn1cnc2c(=O)nc(N)[nH]c21,0.0089,False,0.198,0.0847,0.0126,0.0006
2653,,CHEMBL1200617,RIMEXOLONE,CCC(=O)[C@@]1(C)[C@H](C)C[C@H]2[C@@H]3CCC4=CC(=O)C=C[C@]4(C)[C@H]3[C@@H](O)C[C@@]21C,0.0089,False,0.172,0.0,0.0496,0.563
2654,,CHEMBL341812,IBUFENAC,CC(C)Cc1ccc(CC(=O)O)cc1,0.0089,False,0.333,0.0,0.2973,0.1107
2655,,CHEMBL1718,NALOXONE HYDROCHLORIDE,C=CCN1CC[C@]23c4c5ccc(O)c4O[C@H]2C(=O)CC[C@@]3(O)[C@H]1C5.Cl,0.0089,False,0.215,0.0,0.6475,0.0659
2656,,CHEMBL2103827,DROXIDOPA,N[C@H](C(=O)O)[C@H](O)c1ccc(O)c(O)c1,0.0089,False,0.262,0.0012,0.4086,0.0015
2657,,CHEMBL84,TOPOTECAN,CC[C@@]1(O)C(=O)OCc2c1cc1n(c2=O)Cc2cc3c(CN(C)C)c(O)ccc3nc2-1,0.0088,False,0.192,0.0037,0.0002,0.9997
2658,,CHEMBL1354,SODIUM ACETATE,CC(=O)[O-].[Na+],0.0088,False,0.156,0.0011,0.0712,0.0089
2659,494.0,CHEMBL2103736,FENOPROFEN CALCIUM,CC(C(=O)[O-])c1cccc(Oc2ccccc2)c1.CC(C(=O)[O-])c1cccc(Oc2ccccc2)c1.O.O.[Ca+2],0.0088,True,0.327,0.0052,0.3525,0.0004
2660,,CHEMBL1580,PENTOSTATIN,OC[C@H]1O[C@@H](n2cnc3c2N=CNC[C@H]3O)C[C@@H]1O,0.0088,False,0.182,0.0005,0.0013,0.9772
2661,,CHEMBL53463,DOXORUBICIN,COc1cccc2c1C(=O)c1c(O)c3c(c(O)c1C2=O)C[C@@](O)(C(=O)CO)C[C@@H]3O[C@H]1C[C@H](N)[C@H](O)[C@H](C)O1,0.0088,False,0.216,0.0003,0.0101,0.2158
2662,,CHEMBL1200922,MEBUTAMATE,CCC(C)C(C)(COC(N)=O)COC(N)=O,0.0088,False,0.172,0.0002,0.0697,0.0536
2663,,CHEMBL3137327,OMEGA-3-CARBOXYLIC ACIDS,CC/C=C\C/C=C\C/C=C\C/C=C\C/C=C\C/C=C\CCC(=O)O.CC/C=C\C/C=C\C/C=C\C/C=C\C/C=C\CCCC(=O)O.CC/C=C\C/C=C\C/C=C\C/C=C\C/C=C\CCCCC(=O)O.CC/C=C\C/C=C\C/C=C\C/C=C\C/C=C\CCCCCC(=O)O.CC/C=C\C/C=C\C/C=C\C/C=C\CCCCCCC(=O)O.CC/C=C\C/C=C\C/C=C\CCCCCCCC(=O)O.CCCCC/C=C\C/C=C\C/C=C\C/C=C\C/C=C\CCC(=O)O.CCCCC/C=C\C/C=C\C/C=C\CCCCC(=O)O.CCCCC/C=C\C/C=C\CCCCCCCC(=O)O,0.0087,False,0.25,0.0,0.052,0.6025
2664,,CHEMBL1186579,METHYLNALTREXONE,C[N+]1(CC2CC2)CC[C@]23c4c5ccc(O)c4O[C@H]2C(=O)CC[C@@]3(O)[C@H]1C5,0.0087,False,0.231,0.0,0.2795,0.609
2665,,CHEMBL2107214,IOMEPROL,CN(C(=O)CO)c1c(I)c(C(=O)NCC(O)CO)c(I)c(C(=O)NCC(O)CO)c1I,0.0087,False,0.288,0.0315,0.0006,0.0347
2666,,CHEMBL1563,DAUNORUBICIN HYDROCHLORIDE,COc1cccc2c1C(=O)c1c(O)c3c(c(O)c1C2=O)C[C@@](O)(C(C)=O)C[C@@H]3O[C@H]1C[C@H](N)[C@H](O)[C@H](C)O1.Cl,0.0087,False,0.22,0.0003,0.0104,0.195
2667,,CHEMBL1734,SOLIFENACIN,O=C(O[C@H]1CN2CCC1CC2)N1CCc2ccccc2[C@@H]1c1ccccc1,0.0087,False,0.243,0.0002,0.0163,0.1769
2668,495.0,CHEMBL1200874,TOLBUTAMIDE SODIUM,CCCCNC(=O)[N-]S(=O)(=O)c1ccc(C)cc1.[Na+],0.0087,True,0.306,0.0032,0.0679,0.0031
2669,,CHEMBL827,DEXMETHYLPHENIDATE,COC(=O)[C@H](c1ccccc1)[C@H]1CCCCN1,0.0087,False,0.247,0.0007,0.0285,0.0336
2670,,CHEMBL417,EPIRUBICIN,COc1cccc2c1C(=O)c1c(O)c3c(c(O)c1C2=O)C[C@@](O)(C(=O)CO)C[C@@H]3O[C@H]1C[C@H](N)[C@@H](O)[C@H](C)O1,0.0086,False,0.216,0.0003,0.0105,0.2006
2671,,CHEMBL1170,TESTOSTERONE PROPIONATE,CCC(=O)O[C@H]1CC[C@H]2[C@@H]3CCC4=CC(=O)CC[C@]4(C)[C@H]3CC[C@]12C,0.0086,False,0.192,0.0,0.0239,0.9006
2672,,CHEMBL1305,ANTAZOLINE,c1ccc(CN(CC2=NCCN2)c2ccccc2)cc1,0.0086,False,0.221,0.0009,0.0042,0.1708
2673,496.0,CHEMBL86715,PROCYCLIDINE,OC(CCN1CCCC1)(c1ccccc1)C1CCCCC1,0.0086,True,0.345,0.0002,0.0048,0.7884
2674,,CHEMBL427,MECHLORETHAMINE,CN(CCCl)CCCl,0.0086,False,0.121,1e-04,0.0137,0.8488
2675,,CHEMBL589586,MONOMETHYL FUMARATE,COC(=O)/C=C/C(=O)O,0.0086,False,0.182,0.0004,0.4083,0.0037
2676,,CHEMBL1951071,ARFORMOTEROL TARTRATE,COc1ccc(C[C@@H](C)NC[C@H](O)c2ccc(O)c(NC=O)c2)cc1.O=C(O)C(O)C(O)C(=O)O,0.0086,False,0.239,1e-04,0.1749,0.0476
2677,,CHEMBL55,PENTAMIDINE,N=C(N)c1ccc(OCCCCCOc2ccc(C(=N)N)cc2)cc1,0.0085,False,0.269,1e-04,0.1923,0.0628
2678,,CHEMBL4297513,IBREXAFUNGERP,CC(C)[C@@H](C)[C@@]1(C)CC[C@]2(C)[C@H]3CC[C@@H]4[C@@]5(COC[C@@]4(C)[C@@H](OC[C@](C)(N)C(C)(C)C)[C@H](n4ncnc4-c4ccncc4)C5)C3=CC[C@@]2(C)[C@@H]1C(=O)O,0.0085,False,0.195,0.0,0.1334,0.1352
2679,,CHEMBL113,CAFFEINE,Cn1c(=O)c2c(ncn2C)n(C)c1=O,0.0085,False,0.262,0.9087,0.0023,0.0003
2680,,CHEMBL1094,FELBAMATE,NC(=O)OCC(COC(N)=O)c1ccccc1,0.0085,False,0.269,0.0009,0.1005,0.007
2681,,CHEMBL1256400,XYLOMETAZOLINE HYDROCHLORIDE,Cc1cc(C(C)(C)C)cc(C)c1CC1=NCCN1.Cl,0.0085,False,0.22,0.0044,0.002,0.0727
2682,,CHEMBL1440,TETRACYCLINE,CN(C)[C@@H]1C(O)=C(C(N)=O)C(=O)[C@@]2(O)C(O)=C3C(=O)c4c(O)cccc4[C@@](C)(O)[C@H]3C[C@@H]12,0.0084,False,0.243,0.0,0.0966,0.1323
2683,,CHEMBL1201149,NALTREXONE HYDROCHLORIDE,Cl.O=C1CC[C@@]2(O)[C@H]3Cc4ccc(O)c5c4[C@@]2(CCN3CC2CC2)[C@H]1O5,0.0084,False,0.218,0.0,0.5425,0.4011
2684,,CHEMBL3989826,OXYCODONE TEREPHTHALATE,COc1ccc2c3c1O[C@H]1C(=O)CC[C@@]4(O)[C@@H](C2)N(C)CC[C@]314.COc1ccc2c3c1O[C@H]1C(=O)CC[C@@]4(O)[C@@H](C2)N(C)CC[C@]314.O=C(O)c1ccc(C(=O)O)cc1,0.0084,False,0.244,0.0,0.8752,0.0384
2685,,CHEMBL1200580,SULFOXONE SODIUM,O=S([O-])CNc1ccc(S(=O)(=O)c2ccc(NCS(=O)[O-])cc2)cc1.[Na+].[Na+],0.0083,False,0.22,0.0003,0.2737,0.0069
2686,,CHEMBL691,ETHINYL ESTRADIOL,C#C[C@]1(O)CC[C@H]2[C@@H]3CCc4cc(O)ccc4[C@H]3CC[C@@]21C,0.0083,False,0.222,1e-04,0.0199,0.2944
2687,,CHEMBL1561,MIGLITOL,OCCN1C[C@H](O)[C@@H](O)[C@H](O)[C@H]1CO,0.0083,False,0.16,0.0023,0.0003,0.9877
2688,,CHEMBL56337,EPALRESTAT,CC(/C=C1\SC(=S)N(CC(=O)O)C1=O)=C\c1ccccc1,0.0083,False,0.23,0.0006,0.026,0.0373
2689,497.0,CHEMBL1200769,TRIPELENNAMINE CITRATE,CN(C)CCN(Cc1ccccc1)c1ccccn1.O=C(O)CC(O)(CC(=O)O)C(=O)O,0.0083,True,0.311,0.0028,0.0296,0.0068
2690,,CHEMBL1418176,METHANDROSTENOLONE,C[C@]12C=CC(=O)C=C1CC[C@@H]1[C@@H]2CC[C@@]2(C)[C@H]1CC[C@]2(C)O,0.0083,False,0.161,0.0,0.0231,0.5317
2691,,CHEMBL4297620,SOLRIAMFETOL,NC(=O)OC[C@H](N)Cc1ccccc1,0.0083,False,0.28,0.0,0.0724,0.2224
2692,,CHEMBL3183075,NIZATIDINE,CNC(=C[N+](=O)[O-])NCCSCc1csc(CN(C)C)n1,0.0082,False,0.187,0.0035,0.0175,0.0091
2693,,CHEMBL4303454,DORIPENEM MONOHYDRATE,C[C@@H](O)[C@H]1C(=O)N2C(C(=O)O)=C(S[C@@H]3CN[C@H](CNS(N)(=O)=O)C3)[C@H](C)[C@H]12.O,0.0082,False,0.17,0.0,0.0412,0.392
2694,,CHEMBL650,METHYLPREDNISOLONE,C[C@H]1C[C@@H]2[C@H]([C@@H](O)C[C@@]3(C)[C@H]2CC[C@]3(O)C(=O)CO)[C@@]2(C)C=CC(=O)C=C12,0.0082,False,0.194,0.0,0.0768,0.2154
2695,,CHEMBL2364623,PLAZOMICIN SULFATE,CN[C@@H]1[C@@H](O)[C@@H](O[C@@H]2[C@@H](O)[C@H](O[C@H]3OC(CNCCO)=CC[C@H]3N)[C@@H](N)C[C@H]2NC(=O)[C@@H](O)CCN)OC[C@]1(C)O.O=S(=O)(O)O,0.0082,False,0.153,0.0003,0.006,0.315
2696,,CHEMBL1346,DARIFENACIN,NC(=O)C(c1ccccc1)(c1ccccc1)[C@@H]1CCN(CCc2ccc3c(c2)CCO3)C1,0.0082,False,0.275,0.0002,0.0046,0.4835
2697,498.0,CHEMBL688,FENTANYL CITRATE,CCC(=O)N(c1ccccc1)C1CCN(CCc2ccccc2)CC1.O=C(O)CC(O)(CC(=O)O)C(=O)O,0.0082,True,0.344,0.0005,0.0323,0.0324
2698,,CHEMBL1186610,ANISOTROPINE,CCCC(CCC)C(=O)O[C@H]1C[C@H]2CC[C@@H](C1)[N+]2(C)C,0.0082,False,0.194,1e-04,0.0091,0.6102
2699,,CHEMBL1201139,MEGESTROL ACETATE,CC(=O)O[C@]1(C(C)=O)CC[C@H]2[C@@H]3C=C(C)C4=CC(=O)CC[C@]4(C)[C@H]3CC[C@@]21C,0.0082,False,0.181,0.0,0.0698,0.175
2700,,CHEMBL1200732,AMCINONIDE,CC(=O)OCC(=O)[C@@]12OC3(CCCC3)O[C@@H]1C[C@H]1[C@@H]3CCC4=CC(=O)C=C[C@]4(C)[C@@]3(F)[C@@H](O)C[C@@]12C,0.0081,False,0.17,0.0,0.5452,0.2051
2701,,CHEMBL2096633,MAGNESIUM TRISILICATE,O=[Si]([O-])O[Si]([O-])([O-])O[Si](=O)[O-].[Mg+2].[Mg+2],0.0081,False,0.102,0.0055,0.0068,0.0144
2702,,CHEMBL1200794,OXYMORPHONE HYDROCHLORIDE,CN1CC[C@]23c4c5ccc(O)c4O[C@H]2C(=O)CC[C@@]3(O)[C@H]1C5.Cl,0.0081,False,0.233,0.0,0.6048,0.0519
2703,,CHEMBL178,DAUNORUBICIN,COc1cccc2c1C(=O)c1c(O)c3c(c(O)c1C2=O)C[C@@](O)(C(C)=O)C[C@@H]3O[C@H]1C[C@H](N)[C@H](O)[C@H](C)O1,0.0081,False,0.222,0.0003,0.0093,0.1972
2704,,CHEMBL1201054,SELENOMETHIONINE SE 75,C[75Se]CC[C@H](N)C(=O)O,0.0081,False,0.25,0.0045,0.0149,0.0079
2705,,CHEMBL6622,ISOSORBIDE DINITRATE,O=[N+]([O-])O[C@H]1CO[C@H]2[C@@H]1OC[C@H]2O[N+](=O)[O-],0.0081,False,0.13,0.0002,0.0054,0.3917
2706,,CHEMBL5315055,NALMEFENE HYDROCHLORIDE DIHYDRATE,C=C1CC[C@@]2(O)[C@H]3Cc4ccc(O)c5c4[C@@]2(CCN3CC2CC2)[C@H]1O5.Cl.O.O,0.0081,False,0.19,0.0,0.5389,0.387
2707,,CHEMBL113178,SELENOMETHIONINE,C[Se]CC[C@H](N)C(=O)O,0.0081,False,0.25,0.0045,0.0149,0.0079
2708,,CHEMBL1689063,AVIBACTAM,NC(=O)[C@@H]1CC[C@@H]2CN1C(=O)N2OS(=O)(=O)O,0.0081,False,0.186,1e-04,0.0543,0.0683
2709,,CHEMBL456,ETHACRYNIC ACID,C=C(CC)C(=O)c1ccc(OCC(=O)O)c(Cl)c1Cl,0.0081,False,0.274,0.0061,0.0446,0.002
2710,499.0,CHEMBL1101,BIPERIDEN,OC(CCN1CCCCC1)(c1ccccc1)C1CC2C=CC1C2,0.008,True,0.311,1e-04,0.0114,0.6774
2711,,CHEMBL1420,PRALIDOXIME,C[n+]1ccccc1C=NO,0.008,False,0.205,0.0048,0.1787,0.0006
2712,,CHEMBL312448,XYLOMETAZOLINE,Cc1cc(C(C)(C)C)cc(C)c1CC1=NCCN1,0.008,False,0.224,0.0037,0.0013,0.1062
2713,,CHEMBL1091,HYDROCORTISONE ACETATE,CC(=O)OCC(=O)[C@@]1(O)CC[C@H]2[C@@H]3CCC4=CC(=O)CC[C@]4(C)[C@H]3[C@@H](O)C[C@@]21C,0.008,False,0.167,0.0,0.0625,0.1885
2714,,CHEMBL1200439,IODOHIPPURATE SODIUM I 123,O=C([O-])CNC(=O)c1ccccc1[123I].[Na+],0.0079,False,0.255,0.0072,0.0104,0.0066
2715,,CHEMBL1200763,IODOHIPPURATE SODIUM I 131,O=C([O-])CNC(=O)c1ccccc1[131I].[Na+],0.0079,False,0.255,0.0072,0.0104,0.0066
2716,,CHEMBL925,TYROSINE,N[C@@H](Cc1ccc(O)cc1)C(=O)O,0.0079,False,0.324,0.0,0.1348,0.1871
2717,,CHEMBL2062266,DIHYDROCODEINE BITARTRATE,COc1ccc2c3c1O[C@H]1[C@@H](O)CC[C@H]4[C@@H](C2)N(C)CC[C@@]341.O=C(O)C(O)C(O)C(=O)O,0.0078,False,0.219,0.0,0.7937,0.0228
2718,500.0,CHEMBL4299940,MITAPIVAT,O=C(c1ccc(NS(=O)(=O)c2cccc3cccnc23)cc1)N1CCN(CC2CC2)CC1,0.0078,True,0.319,0.0022,0.0198,0.0108
2719,,CHEMBL80,NALOXONE,C=CCN1CC[C@]23c4c5ccc(O)c4O[C@H]2C(=O)CC[C@@]3(O)[C@H]1C5,0.0078,False,0.218,0.0,0.5842,0.0658
2720,,CHEMBL2103822,TASIMELTEON,CCC(=O)NC[C@@H]1C[C@H]1c1cccc2c1CCO2,0.0078,False,0.227,0.0004,0.0014,0.9625
2721,,CHEMBL70927,DEFERIPRONE,Cc1c(O)c(=O)ccn1C,0.0078,False,0.261,0.0516,0.2436,0.0
2722,,CHEMBL1201231,PREDNISOLONE PHOSPHORIC ACID,C[C@]12C=CC(=O)C=C1CC[C@@H]1[C@@H]2[C@@H](O)C[C@@]2(C)[C@H]1CC[C@]2(O)C(=O)COP(=O)(O)O,0.0078,False,0.184,0.0002,0.0308,0.0793
2723,,CHEMBL1201153,ISOETHARINE MESYLATE,CCC(NC(C)C)C(O)c1ccc(O)c(O)c1.CS(=O)(=O)O,0.0078,False,0.231,0.0006,0.2363,0.0036
2724,501.0,CHEMBL1168,RAMIPRIL,CCOC(=O)[C@H](CCc1ccccc1)N[C@@H](C)C(=O)N1[C@H](C(=O)O)C[C@@H]2CCC[C@@H]21,0.0078,True,0.312,0.0002,0.0418,0.0677
2725,502.0,CHEMBL1094636,NIRAPARIB,NC(=O)c1cccc2cn(-c3ccc([C@@H]4CCCNC4)cc3)nc12,0.0077,True,0.311,0.0038,0.0285,0.0043
2726,,CHEMBL1370,BUDESONIDE,CCCC1O[C@@H]2C[C@H]3[C@@H]4CCC5=CC(=O)C=C[C@]5(C)[C@H]4[C@@H](O)C[C@]3(C)[C@]2(C(=O)CO)O1,0.0077,False,0.155,0.0,0.153,0.2763
2727,,CHEMBL2105224,PHOLCODINE,CN1CC[C@]23c4c5ccc(OCCN6CCOCC6)c4O[C@H]2[C@@H](O)C=C[C@H]3[C@H]1C5,0.0077,False,0.262,0.0,0.0972,0.8234
2728,,CHEMBL433,VALPROATE SODIUM,CCCC(CCC)C(=O)[O-].[Na+],0.0076,False,0.149,0.0017,0.0501,0.0052
2729,,CHEMBL1899801,PERFLENAPENT,FC(F)(F)C(F)(F)C(F)(F)C(F)(F)C(F)(F)F,0.0076,False,0.07,0.0002,0.0024,0.7962
2730,,CHEMBL1200607,PERFLEXANE,FC(F)(F)C(F)(F)C(F)(F)C(F)(F)C(F)(F)C(F)(F)F,0.0076,False,0.07,1e-04,0.0039,0.8477
2731,,CHEMBL4297666,OMIDENEPAG ISOPROPYL,CC(C)OC(=O)CNc1cccc(CN(Cc2ccc(-n3cccn3)cc2)S(=O)(=O)c2cccnc2)n1,0.0076,False,0.26,0.0142,0.0142,0.0021
2732,,CHEMBL1201233,METHYLDOPATE,CCOC(=O)[C@@](C)(N)Cc1ccc(O)c(O)c1,0.0076,False,0.275,0.0005,0.2529,0.0037
2733,,CHEMBL1412,PIPERAZINE,C1CNCCN1,0.0076,False,0.106,0.0023,0.0068,0.0284
2734,,CHEMBL1200432,METHYLDOPATE HYDROCHLORIDE,CCOC(=O)[C@@](C)(N)Cc1ccc(O)c(O)c1.Cl,0.0076,False,0.269,0.0006,0.2572,0.0028
2735,,CHEMBL3989571,SPECTINOMYCIN HYDROCHLORIDE,CN[C@@H]1[C@H](O)[C@H](NC)[C@H]2O[C@@]3(O)C(=O)C[C@@H](C)O[C@H]3O[C@@H]2[C@H]1O.Cl.Cl.O.O.O.O.O,0.0075,False,0.179,0.0,0.0215,0.5758
2736,,CHEMBL1405,ESTRONE,C[C@]12CC[C@@H]3c4ccc(O)cc4CC[C@H]3[C@@H]1CCC2=O,0.0075,False,0.235,1e-04,0.0205,0.2893
2737,,CHEMBL696,ETHOSUXIMIDE,CCC1(C)CC(=O)NC1=O,0.0075,False,0.174,0.0007,0.029,0.0204
2738,,CHEMBL416146,ETORICOXIB,Cc1ccc(-c2ncc(Cl)cc2-c2ccc(S(C)(=O)=O)cc2)cn1,0.0074,False,0.274,0.0011,0.1009,0.0036
2739,,CHEMBL315985,ESLICARBAZEPINE,NC(=O)N1c2ccccc2C[C@H](O)c2ccccc21,0.0074,False,0.255,0.0024,0.0076,0.0218
2740,,CHEMBL1201121,HETACILLIN POTASSIUM,CC1(C)S[C@@H]2[C@H](N3C(=O)[C@@H](c4ccccc4)NC3(C)C)C(=O)N2[C@H]1C(=O)[O-].[K+],0.0074,False,0.235,0.0,0.0843,0.1042
2741,,CHEMBL2062262,METARAMINOL BITARTRATE,C[C@H](N)[C@H](O)c1cccc(O)c1.O=C(O)C(O)C(O)C(=O)O,0.0074,False,0.259,0.0036,0.2308,0.0005
2742,,CHEMBL1905872,DOCUSATE SODIUM,CCCCC(CC)COC(=O)CC(C(=O)OCC(CC)CCCC)S(=O)(=O)[O-].[Na+],0.0074,False,0.152,0.0011,0.0322,0.0108
2743,,CHEMBL1753,CLINDAMYCIN,CCC[C@@H]1C[C@@H](C(=O)N[C@@H]([C@H]2O[C@H](SC)[C@H](O)[C@@H](O)[C@H]2O)[C@H](C)Cl)N(C)C1,0.0074,False,0.168,0.001,0.0005,0.8833
2744,503.0,CHEMBL1201178,LISDEXAMFETAMINE DIMESYLATE,CS(=O)(=O)O.CS(=O)(=O)O.C[C@@H](Cc1ccccc1)NC(=O)[C@@H](N)CCCCN,0.0074,True,0.303,0.0002,0.0812,0.0229
2745,,CHEMBL1200706,ALUMINUM HYDROXIDE,O[Al](O)O,0.0074,False,0.111,0.0016,0.0858,0.0029
2746,,CHEMBL526,PROPOFOL,CC(C)c1cccc(C(C)C)c1O,0.0073,False,0.341,0.3625,0.002,0.0005
2747,,CHEMBL4297091,CODEINE SULFATE,COc1ccc2c3c1O[C@H]1[C@@H](O)C=C[C@H]4[C@@H](C2)N(C)CC[C@@]341.COc1ccc2c3c1O[C@H]1[C@@H](O)C=C[C@H]4[C@@H](C2)N(C)CC[C@@]341.O.O.O.O=S(=O)(O)O,0.0073,False,0.198,0.0,0.5196,0.0979
2748,505.0,CHEMBL1184360,DIAMTHAZOLE,CCN(CC)CCOc1ccc2nc(N(C)C)sc2c1,0.0073,True,0.333,0.0763,0.0148,0.0003
2749,,CHEMBL491571,DORIPENEM,C[C@@H](O)[C@H]1C(=O)N2C(C(=O)O)=C(S[C@@H]3CN[C@H](CNS(N)(=O)=O)C3)[C@H](C)[C@H]12,0.0073,False,0.171,0.0,0.0357,0.3794
2750,,CHEMBL3989693,LEVALBUTEROL TARTRATE,CC(C)(C)NC[C@H](O)c1ccc(O)c(CO)c1.CC(C)(C)NC[C@H](O)c1ccc(O)c(CO)c1.O=C(O)C(O)C(O)C(=O)O,0.0073,False,0.226,0.0005,0.0863,0.0097
2751,,CHEMBL256087,MENTHOL,CC1CCC(C(C)C)C(O)C1,0.0073,False,0.167,0.0003,0.0021,0.6993
2752,,CHEMBL1741134,PICOSULFURIC ACID,O=S(=O)(O)Oc1ccc(C(c2ccc(OS(=O)(=O)O)cc2)c2ccccn2)cc1,0.0073,False,0.231,0.0048,0.1216,0.0007
2753,506.0,CHEMBL446,SULFAMETHAZINE,Cc1cc(C)nc(NS(=O)(=O)c2ccc(N)cc2)n1,0.0073,True,0.417,0.0003,0.0827,0.0165
2754,,CHEMBL1201101,TESTOSTERONE CYPIONATE,C[C@]12CC[C@H]3[C@@H](CCC4=CC(=O)CC[C@@]43C)[C@@H]1CC[C@@H]2OC(=O)CCC1CCCC1,0.0073,False,0.211,0.0,0.014,0.7316
2755,504.0,CHEMBL1201159,FENTANYL HYDROCHLORIDE,CCC(=O)N(c1ccccc1)C1CCN(CCc2ccccc2)CC1.Cl,0.0073,True,0.4,0.0002,0.016,0.1321
2756,,CHEMBL3039598,FOSINOPRIL,CCC(=O)O[C@@H](O[P@](=O)(CCCCc1ccccc1)CC(=O)N1C[C@H](C2CCCCC2)C[C@H]1C(=O)O)C(C)C,0.0072,False,0.232,0.0008,0.0104,0.0421
2757,,CHEMBL110691,CHLORMADINONE ACETATE,CC(=O)O[C@]1(C(C)=O)CC[C@H]2[C@@H]3C=C(Cl)C4=CC(=O)CC[C@]4(C)[C@H]3CC[C@@]21C,0.0072,False,0.178,1e-04,0.0448,0.1609
2758,,CHEMBL1200604,TROPICAMIDE,CCN(Cc1ccncc1)C(=O)C(CO)c1ccccc1,0.0072,False,0.258,0.0024,0.0213,0.0075
2759,,CHEMBL1370561,AMINOPHYLLINE,Cn1c(=O)c2[nH]cnc2n(C)c1=O.Cn1c(=O)c2[nH]cnc2n(C)c1=O.NCCN,0.0072,False,0.246,0.3672,0.015,1e-04
2760,507.0,CHEMBL596,FENTANYL,CCC(=O)N(c1ccccc1)C1CCN(CCc2ccccc2)CC1,0.0072,True,0.407,0.0002,0.0137,0.1552
2761,,CHEMBL1237055,HYDROMORPHONE HYDROCHLORIDE,CN1CC[C@]23c4c5ccc(O)c4O[C@H]2C(=O)CC[C@H]3[C@H]1C5.Cl,0.0071,False,0.216,0.0,0.2062,0.0821
2762,,CHEMBL2111286,RANITIDINE BISMUTH CITRATE,CNC(=C[N+](=O)[O-])NCCSCc1ccc(CN(C)C)o1.O=C([O-])CC(O)(CC(=O)[O-])C(=O)[O-].[Bi+3],0.0071,False,0.189,0.0015,0.0366,0.0064
2763,,CHEMBL1697717,CARBENOXOLONE SODIUM,CC1(C)[C@@H](OC(=O)CCC(=O)[O-])CC[C@]2(C)[C@H]3C(=O)C=C4[C@@H]5C[C@@](C)(C(=O)[O-])CC[C@]5(C)CC[C@@]4(C)[C@]3(C)CC[C@@H]12.[Na+].[Na+],0.0071,False,0.148,0.0,0.1291,0.3702
2764,,CHEMBL247951,PEMAFIBRATE,CC[C@@H](Oc1cccc(CN(CCCOc2ccc(OC)cc2)c2nc3ccccc3o2)c1)C(=O)O,0.0071,False,0.279,0.0009,0.0179,0.0237
2765,,CHEMBL1200891,OXYPHENCYCLIMINE HYDROCHLORIDE,CN1CCCN=C1COC(=O)C(O)(c1ccccc1)C1CCCCC1.Cl,0.007,False,0.29,0.0002,0.0083,0.2176
2766,,CHEMBL404271,ACARBOSE,C[C@H]1O[C@H](O[C@H]2[C@H](O)[C@@H](O)[C@@H](O[C@H]3[C@H](O)[C@@H](O)C(O)O[C@@H]3CO)O[C@@H]2CO)[C@H](O)[C@@H](O)[C@@H]1N[C@H]1C=C(CO)[C@@H](O)[C@H](O)[C@H]1O,0.007,False,0.206,0.0035,1e-04,0.9986
2767,,CHEMBL1200950,CLIDINIUM BROMIDE,C[N+]12CCC(CC1)C(OC(=O)C(O)(c1ccccc1)c1ccccc1)C2.[Br-],0.007,False,0.215,1e-04,0.0061,0.6537
2768,,CHEMBL1441,ETHIONAMIDE,CCc1cc(C(N)=S)ccn1,0.007,False,0.266,0.0012,0.4511,0.0006
2769,,CHEMBL94081,ALCLOFENAC,C=CCOc1ccc(CC(=O)O)cc1Cl,0.007,False,0.304,0.0015,0.0618,0.0036
2770,,CHEMBL19019,NALTREXONE,O=C1CC[C@@]2(O)[C@H]3Cc4ccc(O)c5c4[C@@]2(CCN3CC2CC2)[C@H]1O5,0.007,False,0.221,0.0,0.4686,0.3868
2771,,CHEMBL780,PENTETIC ACID,O=C(O)CN(CCN(CC(=O)O)CC(=O)O)CCN(CC(=O)O)CC(=O)O,0.0069,False,0.2,0.0,0.2986,0.7425
2772,,CHEMBL963,OXYMORPHONE,CN1CC[C@]23c4c5ccc(O)c4O[C@H]2C(=O)CC[C@@]3(O)[C@H]1C5,0.0069,False,0.236,0.0,0.5176,0.0533
2773,,CHEMBL1200721,ESTRAMUSTINE PHOSPHATE SODIUM,C[C@]12CC[C@@H]3c4ccc(OC(=O)N(CCCl)CCCl)cc4CC[C@H]3[C@@H]1CC[C@@H]2OP(=O)([O-])[O-].[Na+].[Na+],0.0069,False,0.223,0.0005,0.0007,0.9447
2774,,CHEMBL514,LOMUSTINE,O=NN(CCCl)C(=O)NC1CCCCC1,0.0069,False,0.228,0.0,0.1119,0.1383
2775,,CHEMBL1477036,DOCUSATE,CCCCC(CC)COC(=O)CC(C(=O)OCC(CC)CCCC)S(=O)(=O)O,0.0069,False,0.154,0.0011,0.0285,0.0101
2776,,CHEMBL1200645,ETOPOSIDE PHOSPHATE,COc1cc([C@@H]2c3cc4c(cc3[C@@H](O[C@@H]3O[C@@H]5CO[C@@H](C)O[C@H]5[C@H](O)[C@H]3O)[C@H]3COC(=O)[C@H]23)OCO4)cc(OC)c1OP(=O)(O)O,0.0069,False,0.204,0.0012,0.0003,0.9968
2777,508.0,CHEMBL1998966,PIFOXIME,C/C(=N\O)c1ccc(OCC(=O)N2CCCCC2)cc1,0.0069,True,0.351,0.0003,0.1222,0.01
2778,,CHEMBL3184512,CLINDAMYCIN PHOSPHATE,CCC[C@@H]1C[C@@H](C(=O)N[C@@H]([C@H]2O[C@H](SC)[C@H](OP(=O)(O)O)[C@@H](O)[C@H]2O)[C@H](C)Cl)N(C)C1,0.0068,False,0.196,0.001,0.0008,0.4129
2779,509.0,CHEMBL1201196,SERTACONAZOLE,Clc1ccc(C(Cn2ccnc2)OCc2csc3c(Cl)cccc23)c(Cl)c1,0.0068,True,0.315,0.0137,0.0016,0.0147
2780,,CHEMBL2105722,NOMEGESTROL,CC(=O)[C@@]1(O)CC[C@H]2[C@@H]3C=C(C)C4=CC(=O)CC[C@@H]4[C@H]3CC[C@@]21C,0.0068,False,0.188,1e-04,0.0232,0.2256
2781,,CHEMBL1234,DEFEROXAMINE MESYLATE,CC(=O)N(O)CCCCCNC(=O)CCC(=O)N(O)CCCCCNC(=O)CCC(=O)N(O)CCCCCN.CS(=O)(=O)O,0.0068,False,0.213,1e-04,0.1313,0.0287
2782,510.0,CHEMBL121,ROSIGLITAZONE,CN(CCOc1ccc(CC2SC(=O)NC2=O)cc1)c1ccccn1,0.0067,True,0.305,0.0017,0.0218,0.008
2783,,CHEMBL1200331,FOSFOMYCIN TROMETHAMINE,C[C@@H]1O[C@@H]1P(=O)(O)O.NC(CO)(CO)CO,0.0067,False,0.15,0.0022,0.0044,0.0309
2784,,CHEMBL1201152,NALMEFENE HYDROCHLORIDE,C=C1CC[C@@]2(O)[C@H]3Cc4ccc(O)c5c4[C@@]2(CCN3CC2CC2)[C@H]1O5.Cl,0.0067,False,0.192,0.0,0.4522,0.3838
2785,,CHEMBL3039596,FOSINOPRIL SODIUM,CCC(=O)O[C@@H](O[P@](=O)(CCCCc1ccccc1)CC(=O)N1C[C@H](C2CCCCC2)C[C@H]1C(=O)[O-])C(C)C.[Na+],0.0067,False,0.224,0.0007,0.0109,0.0388
2786,511.0,CHEMBL571,KETOPROFEN,CC(C(=O)O)c1cccc(C(=O)c2ccccc2)c1,0.0067,True,0.356,0.0096,0.182,0.0002
2787,,CHEMBL1201027,GLYCOPYRRONIUM BROMIDE,C[N+]1(C)CCC(OC(=O)C(O)(c2ccccc2)C2CCCC2)C1.[Br-],0.0066,False,0.222,1e-04,0.0103,0.351
2788,,CHEMBL1200976,IDARUBICIN HYDROCHLORIDE,CC(=O)[C@]1(O)Cc2c(O)c3c(c(O)c2[C@@H](O[C@H]2C[C@H](N)[C@H](O)[C@H](C)O2)C1)C(=O)c1ccccc1C3=O.Cl,0.0066,False,0.215,0.0004,0.0068,0.0991
2789,,CHEMBL1495,OXYPHENCYCLIMINE,CN1CCCN=C1COC(=O)C(O)(c1ccccc1)C1CCCCC1,0.0066,False,0.275,0.0002,0.0065,0.2595
2790,,CHEMBL1200968,HYDROCORTISONE SODIUM PHOSPHATE,C[C@]12CCC(=O)C=C1CC[C@@H]1[C@@H]2[C@@H](O)C[C@@]2(C)[C@H]1CC[C@]2(O)C(=O)COP(=O)([O-])[O-].[Na+].[Na+],0.0066,False,0.164,0.0003,0.0123,0.0908
2791,,CHEMBL1334033,PERHEXILINE MALEATE,C1CCC(C(CC2CCCCN2)C2CCCCC2)CC1.O=C(O)/C=C\C(=O)O,0.0066,False,0.239,0.0,0.0409,0.2219
2792,,CHEMBL3989798,FORMOTEROL FUMARATE,COc1ccc(CC(C)NCC(O)c2ccc(O)c(NC=O)c2)cc1.COc1ccc(CC(C)NCC(O)c2ccc(O)c(NC=O)c2)cc1.O.O.O=C(O)/C=C/C(=O)O,0.0065,False,0.236,0.0,0.1757,0.0395
2793,,CHEMBL1201116,HETACILLIN,CC1(C)S[C@@H]2[C@H](N3C(=O)[C@@H](c4ccccc4)NC3(C)C)C(=O)N2[C@H]1C(=O)O,0.0065,False,0.228,0.0,0.0631,0.1033
2794,,CHEMBL426084,SAMIDORPHAN,NC(=O)c1ccc2c(c1O)[C@]13CCN(CC4CC4)[C@H](C2)[C@]1(O)CCC(=O)C3,0.0065,False,0.229,0.0,0.0436,0.3268
2795,,CHEMBL1200356,CYCLACILLIN,CC1(C)S[C@@H]2[C@H](NC(=O)C3(N)CCCCC3)C(=O)N2[C@H]1C(=O)O,0.0065,False,0.181,1e-04,0.0342,0.1152
2796,,CHEMBL1200479,DICYCLOMINE HYDROCHLORIDE,CCN(CC)CCOC(=O)C1(C2CCCCC2)CCCCC1.Cl,0.0065,False,0.212,0.0,0.0927,0.2445
2797,,CHEMBL4105630,ZURANOLONE,C[C@@]1(O)CC[C@H]2[C@H](CC[C@@H]3[C@@H]2CC[C@]2(C)[C@@H](C(=O)Cn4cc(C#N)cn4)CC[C@@H]32)C1,0.0065,False,0.222,0.0019,0.016,0.0091
2798,,CHEMBL1399,ANASTROZOLE,CC(C)(C#N)c1cc(Cn2cncn2)cc(C(C)(C)C#N)c1,0.0064,False,0.256,0.0147,0.0052,0.0035
2799,,CHEMBL3989850,ECAMSULE,CC1(C)C2CCC1(CS(=O)(=O)O)C(=O)C2=Cc1ccc(C=C2C(=O)C3(CS(=O)(=O)O)CCC2C3(C)C)cc1,0.0064,False,0.207,0.0,0.2508,0.0566
2800,,CHEMBL1243,SULFABENZAMIDE,Nc1ccc(S(=O)(=O)NC(=O)c2ccccc2)cc1,0.0064,False,0.291,0.0055,0.0434,0.0011
2801,,CHEMBL1531,ETONOGESTREL,C#C[C@]1(O)CC[C@H]2[C@@H]3CCC4=CC(=O)CC[C@@H]4[C@H]3C(=C)C[C@@]21CC,0.0064,False,0.167,1e-04,0.0096,0.3269
2802,,CHEMBL1677,TACRINE HYDROCHLORIDE,Cl.Nc1c2c(nc3ccccc13)CCCC2,0.0064,False,0.293,0.0025,1e-04,0.9998
2803,,CHEMBL3989829,NETILMICIN SULFATE,CCN[C@@H]1C[C@H](N)[C@@H](O[C@H]2OC(CN)=CC[C@H]2N)[C@H](O)[C@H]1O[C@H]1OC[C@](C)(O)[C@H](NC)[C@H]1O.CCN[C@@H]1C[C@H](N)[C@@H](O[C@H]2OC(CN)=CC[C@H]2N)[C@H](O)[C@H]1O[C@H]1OC[C@](C)(O)[C@H](NC)[C@H]1O.O=S(=O)(O)O.O=S(=O)(O)O.O=S(=O)(O)O.O=S(=O)(O)O.O=S(=O)(O)O,0.0063,False,0.144,0.0004,0.0029,0.2322
2804,,CHEMBL2220427,ERYTHROMYCIN PROPIONATE,CCC(=O)O[C@H]1[C@H](O[C@@H]2[C@@H](C)[C@H](O[C@H]3C[C@@](C)(OC)[C@@H](O)[C@H](C)O3)[C@@H](C)C(=O)O[C@H](CC)[C@@](C)(O)[C@H](O)[C@@H](C)C(=O)[C@H](C)C[C@@]2(C)O)O[C@H](C)C[C@@H]1N(C)C,0.0062,False,0.159,1e-04,0.0062,0.514
2805,,CHEMBL1095097,EPLERENONE,COC(=O)[C@@H]1CC2=CC(=O)CC[C@]2(C)[C@@]23O[C@@H]2C[C@@]2(C)[C@@H](CC[C@@]24CCC(=O)O4)[C@H]13,0.0062,False,0.178,0.0,0.9404,0.1393
2806,,CHEMBL1117,IDARUBICIN,CC(=O)[C@]1(O)Cc2c(O)c3c(c(O)c2[C@@H](O[C@H]2C[C@H](N)[C@H](O)[C@H](C)O2)C1)C(=O)c1ccccc1C3=O,0.0062,False,0.218,0.0004,0.0057,0.105
2807,,CHEMBL1200890,OXYCODONE HYDROCHLORIDE,COc1ccc2c3c1O[C@H]1C(=O)CC[C@@]4(O)[C@@H](C2)N(C)CC[C@]314.Cl,0.0062,False,0.22,0.0,0.7957,0.0697
2808,,CHEMBL1200733,DESFLURANE,FC(F)OC(F)C(F)(F)F,0.0061,False,0.113,0.0015,0.0207,0.0075
2809,,CHEMBL2106825,MEDROGESTONE,CC(=O)[C@@]1(C)CC[C@H]2[C@@H]3C=C(C)C4=CC(=O)CC[C@]4(C)[C@H]3CC[C@@]21C,0.0061,False,0.165,0.0,0.0296,0.3545
2810,,CHEMBL1542,AZATHIOPRINE,Cn1cnc([N+](=O)[O-])c1Sc1ncnc2[nH]cnc12,0.0061,False,0.27,0.0053,0.0321,0.0013
2811,,CHEMBL1472,PROTIRELIN,NC(=O)[C@@H]1CCCN1C(=O)[C@H](Cc1c[nH]cn1)NC(=O)[C@@H]1CCC(=O)N1,0.0061,False,0.206,0.0006,0.0124,0.0327
2812,,CHEMBL1201092,RIVASTIGMINE TARTRATE,CCN(C)C(=O)Oc1cccc([C@H](C)N(C)C)c1.O=C(O)[C@H](O)[C@@H](O)C(=O)O,0.0061,False,0.262,0.0031,0.4125,0.0002
2813,,CHEMBL1200993,GALLAMINE TRIETHIODIDE,CC[N+](CC)(CC)CCOc1cccc(OCC[N+](CC)(CC)CC)c1OCC[N+](CC)(CC)CC.[I-].[I-].[I-],0.0061,False,0.234,0.0017,0.0027,0.0479
2814,512.0,CHEMBL1909285,NITREFAZOLE,Cc1nc([N+](=O)[O-])cn1-c1ccc([N+](=O)[O-])cc1,0.006,True,0.432,0.0048,0.0343,0.0013
2815,513.0,CHEMBL349803,PIRETANIDE,NS(=O)(=O)c1cc(C(=O)O)cc(N2CCCC2)c1Oc1ccccc1,0.006,True,0.301,0.0029,0.0235,0.0032
2816,,CHEMBL1201275,ISOSULFAN BLUE INNER SALT,CCN(CC)c1ccc(C(=C2C=CC(=[N+](CC)CC)C=C2)c2cc(S(=O)(=O)[O-])ccc2S(=O)(=O)O)cc1,0.006,False,0.235,0.0075,0.0525,0.0006
2817,514.0,CHEMBL527,PIROXICAM,CN1C(C(=O)Nc2ccccn2)=C(O)c2ccccc2S1(=O)=O,0.006,True,0.313,0.0014,0.0141,0.0108
2818,,CHEMBL6068341,TENOFOVIR DISOPROXIL PHOSPHATE,CC(C)OC(=O)OCOP(=O)(CO[C@H](C)Cn1cnc2c(N)ncnc21)OCOC(=O)OC(C)C.O=P(O)(O)O,0.006,False,0.278,0.0077,0.0244,0.0011
2819,,CHEMBL1200398,BUTOCONAZOLE NITRATE,Clc1ccc(CCC(Cn2ccnc2)Sc2c(Cl)cccc2Cl)cc1.O=[N+]([O-])O,0.0059,False,0.274,0.0064,0.0304,0.0011
2820,,CHEMBL295124,BERBERINE,COc1ccc2cc3[n+](cc2c1OC)CCc1cc2c(cc1-3)OCO2,0.0059,False,0.292,0.2082,0.0,0.9999
2821,515.0,CHEMBL154,NAPROXEN,COc1ccc2cc([C@H](C)C(=O)O)ccc2c1,0.0059,True,0.415,0.0005,0.1374,0.003
2822,,CHEMBL4594379,FOSLEVODOPA,N[C@@H](Cc1ccc(OP(=O)(O)O)c(O)c1)C(=O)O,0.0059,False,0.292,0.0027,0.0557,0.0014
2823,,CHEMBL2368924,DOLASETRON MESYLATE,CS(=O)(=O)O.O.O=C(O[C@@H]1C[C@@H]2C[C@H]3C[C@H](C1)N2CC3=O)c1c[nH]c2ccccc12,0.0059,False,0.262,0.0012,0.0263,0.0065
2824,,CHEMBL1123,DICYCLOMINE,CCN(CC)CCOC(=O)C1(C2CCCCC2)CCCCC1,0.0059,False,0.214,0.0,0.0806,0.2656
2825,,CHEMBL1375743,ZIPRASIDONE HYDROCHLORIDE,Cl.O.O=C1Cc2cc(CCN3CCN(c4nsc5ccccc45)CC3)c(Cl)cc2N1,0.0058,False,0.245,0.0042,0.0,0.9999
2826,,CHEMBL61,PODOFILOX,COc1cc([C@@H]2c3cc4c(cc3[C@H](O)[C@H]3COC(=O)[C@H]23)OCO4)cc(OC)c1OC,0.0058,False,0.253,0.001,0.0002,0.9984
2827,,CHEMBL44657,ETOPOSIDE,COc1cc([C@@H]2c3cc4c(cc3[C@@H](O[C@@H]3O[C@@H]5CO[C@@H](C)O[C@H]5[C@H](O)[C@H]3O)[C@H]3COC(=O)[C@H]23)OCO4)cc(OC)c1O,0.0058,False,0.212,0.0007,0.0003,0.9969
2828,,CHEMBL1200845,HALCINONIDE,CC1(C)O[C@@H]2C[C@H]3[C@@H]4CCC5=CC(=O)CC[C@]5(C)[C@@]4(F)[C@@H](O)C[C@]3(C)[C@]2(C(=O)CCl)O1,0.0058,False,0.159,0.0,0.0761,0.0705
2829,516.0,CHEMBL485696,SULFISOMIDINE,Cc1cc(NS(=O)(=O)c2ccc(N)cc2)nc(C)n1,0.0058,True,0.313,1e-04,0.0993,0.0141
2830,,CHEMBL426559,LAROPIPRANT,CS(=O)(=O)c1cc(F)cc2c3c(n(Cc4ccc(Cl)cc4)c12)[C@@H](CC(=O)O)CC3,0.0058,False,0.238,0.0014,0.0316,0.0046
2831,,CHEMBL3039502,DUVELISIB,C[C@H](Nc1ncnc2nc[nH]c12)c1cc2cccc(Cl)c2c(=O)n1-c1ccccc1,0.0057,False,0.262,0.0028,0.0114,0.0057
2832,,CHEMBL398707,HYDROMORPHONE,CN1CC[C@]23c4c5ccc(O)c4O[C@H]2C(=O)CC[C@H]3[C@H]1C5,0.0057,False,0.219,0.0,0.1458,0.0871
2833,,CHEMBL1538,TENOFOVIR DISOPROXIL,CC(C)OC(=O)OCOP(=O)(CO[C@H](C)Cn1cnc2c(N)ncnc21)OCOC(=O)OC(C)C,0.0057,False,0.286,0.0054,0.0169,0.002
2834,,CHEMBL1463,FLUCYTOSINE,Nc1nc(=O)[nH]cc1F,0.0057,False,0.22,0.0046,0.0379,0.0011
2835,,CHEMBL3989858,MAGNESIUM ACETATE TETRAHYDRATE,CC(=O)[O-].CC(=O)[O-].O.O.O.O.[Mg+2],0.0057,False,0.154,0.001,0.0582,0.0033
2836,,CHEMBL1200859,ISOSULFAN BLUE,CCN(CC)c1ccc(C(=C2C=CC(=[N+](CC)CC)C=C2)c2cc(S(=O)(=O)[O-])ccc2S(=O)(=O)[O-])cc1.[Na+],0.0057,False,0.239,0.0073,0.0515,0.0005
2837,,CHEMBL2218861,QUINAGOLIDE,CCCN1CC(NS(=O)(=O)N(CC)CC)CC2Cc3c(O)cccc3CC21,0.0057,False,0.224,0.0006,0.0018,0.182
2838,,CHEMBL483254,PANOBINOSTAT,Cc1[nH]c2ccccc2c1CCNCc1ccc(/C=C/C(=O)NO)cc1,0.0057,False,0.267,0.001,0.0528,0.0034
2839,,CHEMBL982,NALMEFENE,C=C1CC[C@@]2(O)[C@H]3Cc4ccc(O)c5c4[C@@]2(CCN3CC2CC2)[C@H]1O5,0.0056,False,0.195,0.0,0.3833,0.3656
2840,,CHEMBL131,PREDNISOLONE,C[C@]12C=CC(=O)C=C1CC[C@@H]1[C@@H]2[C@@H](O)C[C@@]2(C)[C@H]1CC[C@]2(O)C(=O)CO,0.0056,False,0.186,0.0,0.0378,0.1417
2841,517.0,CHEMBL256997,ATALUREN,O=C(O)c1cccc(-c2noc(-c3ccccc3F)n2)c1,0.0056,True,0.328,0.004,0.0182,0.0024
2842,,CHEMBL607710,CHLORPHENESIN CARBAMATE,NC(=O)OCC(O)COc1ccc(Cl)cc1,0.0056,False,0.268,0.0,0.1586,0.3506
2843,,CHEMBL981,FENOFIBRIC ACID,CC(C)(Oc1ccc(C(=O)c2ccc(Cl)cc2)cc1)C(=O)O,0.0055,False,0.283,0.0084,0.044,0.0005
2844,,CHEMBL2107797,NORGESTREL,C#CC1(O)CC[C@H]2[C@@H]3CCC4=CC(=O)CC[C@@H]4[C@H]3CC[C@@]21CC,0.0055,False,0.178,0.0,0.0085,0.5601
2845,,CHEMBL976,PRAZIQUANTEL,O=C(C1CCCCC1)N1CC(=O)N2CCc3ccccc3C2C1,0.0055,False,0.273,1e-04,0.0442,0.0555
2846,,CHEMBL5315125,DUVELISIB MONOHYDRATE,C[C@H](Nc1ncnc2nc[nH]c12)c1cc2cccc(Cl)c2c(=O)n1-c1ccccc1.O,0.0054,False,0.259,0.0027,0.0119,0.0049
2847,,CHEMBL462547,URETHANE,CCOC(N)=O,0.0054,False,0.233,0.0003,0.1536,0.0038
2848,,CHEMBL1200807,NORELGESTROMIN,C#C[C@]1(O)CC[C@H]2[C@@H]3CCC4=C/C(=N/O)CC[C@@H]4[C@H]3CC[C@@]21CC,0.0054,False,0.158,1e-04,0.0214,0.0712
2849,,CHEMBL1095777,INDACATEROL,CCc1cc2c(cc1CC)CC(NC[C@H](O)c1ccc(O)c3[nH]c(=O)ccc13)C2,0.0053,False,0.22,0.0003,0.0004,0.9782
2850,518.0,CHEMBL1201032,RIZATRIPTAN BENZOATE,CN(C)CCc1c[nH]c2ccc(Cn3cncn3)cc12.O=C(O)c1ccccc1,0.0053,True,0.315,0.0011,0.0373,0.0036
2851,,CHEMBL1200778,DEXRAZOXANE HYDROCHLORIDE,C[C@@H](CN1CC(=O)NC(=O)C1)N1CC(=O)NC(=O)C1.Cl,0.0053,False,0.17,0.0008,0.0008,0.239
2852,,CHEMBL95,TACRINE,Nc1c2c(nc3ccccc13)CCCC2,0.0053,False,0.298,0.002,1e-04,0.9998
2853,,CHEMBL38,TRETINOIN,CC1=C(/C=C/C(C)=C/C=C/C(C)=C/C(=O)O)C(C)(C)CCC1,0.0053,False,0.151,1e-04,0.0211,0.0773
2854,,CHEMBL1200487,ETHACRYNATE SODIUM,C=C(CC)C(=O)c1ccc(OCC(=O)[O-])c(Cl)c1Cl.[Na+],0.0052,False,0.266,0.0042,0.0375,0.0009
2855,,CHEMBL656,OXYCODONE,COc1ccc2c3c1O[C@H]1C(=O)CC[C@@]4(O)[C@@H](C2)N(C)CC[C@]314,0.0052,False,0.222,0.0,0.7364,0.0694
2856,,CHEMBL1201125,IOTHALAMATE MEGLUMINE,CNC(=O)c1c(I)c(NC(C)=O)c(I)c(C(=O)O)c1I.CNC[C@H](O)[C@@H](O)[C@H](O)[C@H](O)CO,0.0052,False,0.178,0.002,0.001,0.0724
2857,,CHEMBL2218878,TRIMETREXATE GLUCURONATE,COc1cc(NCc2ccc3nc(N)nc(N)c3c2C)cc(OC)c1OC.O=C(O)[C@H]1O[C@H](O)[C@H](O)[C@@H](O)[C@@H]1O,0.0052,False,0.274,0.0123,0.0353,0.0003
2858,,CHEMBL1256,ISOFLURANE,FC(F)OC(Cl)C(F)(F)F,0.0052,False,0.125,0.0015,0.0128,0.0075
2859,,CHEMBL1200430,ESTRADIOL ACETATE,CC(=O)Oc1ccc2c(c1)CC[C@@H]1[C@@H]2CC[C@]2(C)[C@@H](O)CC[C@@H]12,0.0052,False,0.258,1e-04,0.0028,0.5354
2860,,CHEMBL1683590,ERIBULIN,C=C1C[C@@H]2CC[C@@]34C[C@H]5O[C@H]6[C@@H](O3)[C@H]3O[C@H](CC[C@@H]3O[C@H]6[C@H]5O4)CC(=O)C[C@@H]3[C@@H](OC)[C@@H](C[C@H](O)CN)O[C@H]3C[C@H]3O[C@@H](CC[C@@H]1O2)C[C@@H](C)C3=C,0.0051,False,0.128,0.0,0.043,0.6224
2861,,CHEMBL6067988,RASAGILINE TARTRATE,C#CCN[C@@H]1CCc2ccccc21.C#CCN[C@@H]1CCc2ccccc21.O=C(O)[C@H](O)[C@@H](O)C(=O)O,0.0051,False,0.246,0.003,0.0797,0.0006
2862,,CHEMBL2105762,OMARIGLIPTIN,CS(=O)(=O)n1cc2c(n1)CN([C@H]1CO[C@H](c3cc(F)ccc3F)[C@@H](N)C1)C2,0.0051,False,0.21,0.0008,0.0002,0.9132
2863,,CHEMBL361812,RAMATROBAN,O=C(O)CCn1c2c(c3ccccc31)C[C@H](NS(=O)(=O)c1ccc(F)cc1)CC2,0.005,False,0.242,0.0015,0.0027,0.0315
2864,,CHEMBL5095049,PACRITINIB CITRATE,C1=C/COCc2cc(ccc2OCCN2CCCC2)Nc2nccc(n2)-c2cccc(c2)COC/1.O=C(O)CC(O)(CC(=O)O)C(=O)O,0.005,False,0.301,0.0068,0.0069,0.0027
2865,,CHEMBL1615372,LURASIDONE HYDROCHLORIDE,Cl.O=C1[C@@H]2[C@H]3CC[C@H](C3)[C@@H]2C(=O)N1C[C@@H]1CCCC[C@H]1CN1CCN(c2nsc3ccccc23)CC1,0.005,False,0.227,0.0,0.0082,0.3545
2866,,CHEMBL1201236,CARBIDOPA ANHYDROUS,C[C@@](Cc1ccc(O)c(O)c1)(NN)C(=O)O,0.005,False,0.286,0.0007,0.2127,0.0008
2867,,CHEMBL427216,GLICLAZIDE,Cc1ccc(S(=O)(=O)NC(=O)NN2CC3CCCC3C2)cc1,0.0049,False,0.26,0.0004,0.0254,0.0109
2868,,CHEMBL443,SULFAMETHOXAZOLE,Cc1cc(NS(=O)(=O)c2ccc(N)cc2)no1,0.0049,False,0.269,0.0002,0.0599,0.0123
2869,,CHEMBL620,CLIDINIUM,C[N+]12CCC(CC1)C(OC(=O)C(O)(c1ccccc1)c1ccccc1)C2,0.0049,False,0.219,1e-04,0.0037,0.431
2870,,CHEMBL1457,HYDROCODONE,COc1ccc2c3c1O[C@H]1C(=O)CC[C@H]4[C@@H](C2)N(C)CC[C@]314,0.0048,False,0.21,0.0,0.4683,0.07
2871,,CHEMBL61593,CYCLOTHIAZIDE,NS(=O)(=O)c1cc2c(cc1Cl)NC(C1CC3C=CC1C3)NS2(=O)=O,0.0048,False,0.151,0.0004,0.0011,0.2498
2872,,CHEMBL2216870,IDELALISIB,CC[C@H](Nc1ncnc2[nH]cnc12)c1nc2cccc(F)c2c(=O)n1-c1ccccc1,0.0047,False,0.245,0.002,0.0085,0.0061
2873,,CHEMBL708,ZIPRASIDONE,O=C1Cc2cc(CCN3CCN(c4nsc5ccccc45)CC3)c(Cl)cc2N1,0.0047,False,0.25,0.0033,0.0,0.9999
2874,,CHEMBL3655081,ABROCITINIB,CCCS(=O)(=O)N[C@H]1C[C@@H](N(C)c2ncnc3[nH]ccc23)C1,0.0046,False,0.244,0.0013,0.0071,0.0106
2875,,CHEMBL105,MITOMYCIN,CO[C@@]12[C@H](COC(N)=O)C3=C(C(=O)C(C)=C(N)C3=O)N1C[C@@H]1N[C@@H]12,0.0046,False,0.183,0.0,0.4158,0.119
2876,,CHEMBL1200348,SULCONAZOLE NITRATE,Clc1ccc(CSC(Cn2ccnc2)c2ccc(Cl)cc2Cl)cc1.O=[N+]([O-])O,0.0046,False,0.282,0.009,0.0237,0.0005
2877,,CHEMBL1200866,PERFLUBRON,FC(F)(F)C(F)(F)C(F)(F)C(F)(F)C(F)(F)C(F)(F)C(F)(F)C(F)(F)Br,0.0046,False,0.098,1e-04,0.0018,0.8857
2878,,CHEMBL2062335,METOPROLOL TARTRATE,COCCc1ccc(OCC(O)CNC(C)C)cc1.COCCc1ccc(OCC(O)CNC(C)C)cc1.O=C(O)C(O)C(O)C(=O)O,0.0046,False,0.294,0.0,0.0498,0.1174
2879,,CHEMBL1560,CAPTOPRIL,C[C@H](CS)C(=O)N1CCC[C@H]1C(=O)O,0.0046,False,0.218,0.0002,0.0172,0.0356
2880,,CHEMBL1756,ESTRAMUSTINE PHOSPHATE,C[C@]12CC[C@@H]3c4ccc(OC(=O)N(CCCl)CCCl)cc4CC[C@H]3[C@@H]1CC[C@@H]2OP(=O)(O)O,0.0046,False,0.225,0.0002,0.0005,0.8947
2881,,CHEMBL413965,FELBINAC,O=C(O)Cc1ccc(-c2ccccc2)cc1,0.0046,False,0.302,0.0002,0.0673,0.0058
2882,,CHEMBL455186,TREOSULFAN,CS(=O)(=O)OC[C@H](O)[C@@H](O)COS(C)(=O)=O,0.0046,False,0.154,0.0,0.0456,0.0672
2883,,CHEMBL515387,GOSOGLIPTIN,O=C([C@@H]1C[C@H](N2CCN(c3ncccn3)CC2)CN1)N1CCC(F)(F)C1,0.0045,False,0.247,0.0002,0.0033,0.1466
2884,,CHEMBL1200508,IOXAGLATE MEGLUMINE,CNC(=O)c1c(I)c(C(=O)NCC(=O)Nc2c(I)c(C(=O)O)c(I)c(C(=O)NCCO)c2I)c(I)c(N(C)C(C)=O)c1I.CNC[C@H](O)[C@@H](O)[C@H](O)[C@H](O)CO,0.0045,False,0.176,0.0048,0.0005,0.0352
2885,,CHEMBL1201754,RUFINAMIDE,NC(=O)c1cn(Cc2c(F)cccc2F)nn1,0.0045,False,0.265,0.0165,0.014,0.0004
2886,,CHEMBL2109882,TRISILICATE,O=[Si](O)O[Si](O)(O)O[Si](=O)O,0.0045,False,0.116,0.0065,0.0031,0.0046
2887,,CHEMBL3590187,CLASCOTERONE,CCC(=O)O[C@]1(C(=O)CO)CC[C@H]2[C@@H]3CCC4=CC(=O)CC[C@]4(C)[C@H]3CC[C@@]21C,0.0045,False,0.197,0.0,0.0337,0.0997
2888,,CHEMBL1908919,FLORBETAPIR,CNc1ccc(/C=C/c2ccc(OCCOCCOCCF)nc2)cc1,0.0044,False,0.263,1e-04,0.0609,0.0192
2889,,CHEMBL1200436,OXANDROLONE,C[C@]12COC(=O)C[C@@H]1CC[C@@H]1[C@@H]2CC[C@@]2(C)[C@H]1CC[C@]2(C)O,0.0044,False,0.145,0.0002,0.0009,0.4927
2890,,CHEMBL1774461,FLORBETAPIR F 18,CNc1ccc(/C=C/c2ccc(OCCOCCOCC[18F])nc2)cc1,0.0044,False,0.263,1e-04,0.0609,0.0192
2891,,CHEMBL3184143,GUANADREL SULFATE,N=C(N)NCC1COC2(CCCCC2)O1.N=C(N)NCC1COC2(CCCCC2)O1.O=S(=O)(O)O,0.0044,False,0.152,0.0,0.0578,0.1858
2892,,CHEMBL93,ZILEUTON,CC(c1cc2ccccc2s1)N(O)C(N)=O,0.0044,False,0.31,0.003,0.0062,0.0047
2893,,CHEMBL1395,METHYLTESTOSTERONE,C[C@]12CCC(=O)C=C1CC[C@@H]1[C@@H]2CC[C@@]2(C)[C@H]1CC[C@]2(C)O,0.0044,False,0.173,0.0,0.0038,0.4783
2894,519.0,CHEMBL86304,MOCLOBEMIDE,O=C(NCCN1CCOCC1)c1ccc(Cl)cc1,0.0044,True,0.476,0.0003,0.0471,0.0056
2895,,CHEMBL2104095,CHOLINE SALICYLATE,C[N+](C)(C)CCO.O=C([O-])c1ccccc1O,0.0044,False,0.244,0.0052,0.0088,0.0018
2896,,CHEMBL1237021,LURASIDONE,O=C1[C@@H]2[C@H]3CC[C@H](C3)[C@@H]2C(=O)N1C[C@@H]1CCCC[C@H]1CN1CCN(c2nsc3ccccc23)CC1,0.0043,False,0.23,0.0,0.0064,0.3462
2897,,CHEMBL1201075,IOXILAN,CC(=O)N(CC(O)CO)c1c(I)c(C(=O)NCCO)c(I)c(C(=O)NCC(O)CO)c1I,0.0043,False,0.264,0.0092,0.0003,0.0248
2898,,CHEMBL2364612,LATANOPROSTENE BUNOD,O=C(CCC/C=C\C[C@@H]1[C@@H](CC[C@@H](O)CCc2ccccc2)[C@H](O)C[C@@H]1O)OCCCCO[N+](=O)[O-],0.0043,False,0.207,0.0011,0.0068,0.0106
2899,,CHEMBL1393,SPIRONOLACTONE,CC(=O)S[C@@H]1CC2=CC(=O)CC[C@]2(C)[C@H]2CC[C@@]3(C)[C@@H](CC[C@@]34CCC(=O)O4)[C@H]12,0.0043,False,0.159,0.0,0.0515,0.2243
2900,,CHEMBL1345,GUANETHIDINE MONOSULFATE,N=C(N)NCCN1CCCCCCC1.O=S(=O)(O)O,0.0042,False,0.269,1e-04,0.0183,0.0466
2901,520.0,CHEMBL1200748,CARBIDOPA,C[C@@](Cc1ccc(O)c(O)c1)(NN)C(=O)O.O,0.0042,True,0.306,0.0008,0.188,0.0005
2902,,CHEMBL1908359,SODIUM MONOFLUOROPHOSPHATE,O=P([O-])([O-])F.[Na+].[Na+],0.0041,False,0.088,0.0022,0.0162,0.002
2903,,CHEMBL3833335,CHLORAL BETAINE,C[N+](C)(C)CC(=O)[O-].OC(O)C(Cl)(Cl)Cl,0.0041,False,0.14,0.0012,0.0042,0.0141
2904,,CHEMBL43128,PRIMAQUINE PHOSPHATE,COc1cc(NC(C)CCCN)c2ncccc2c1.O=P(O)(O)O.O=P(O)(O)O,0.0041,False,0.276,0.0065,0.025,0.0004
2905,,CHEMBL284906,NICORANDIL,O=C(NCCO[N+](=O)[O-])c1cccnc1,0.0041,False,0.354,0.0025,0.0217,0.0013
2906,,CHEMBL1463345,CANRENONE,C[C@]12CCC(=O)C=C1C=C[C@@H]1[C@@H]2CC[C@@]2(C)[C@H]1CC[C@@]21CCC(=O)O1,0.0041,False,0.162,0.0,0.0404,0.1601
2907,,CHEMBL1439,TAZOBACTAM SODIUM,C[C@]1(Cn2ccnn2)[C@H](C(=O)[O-])N2C(=O)C[C@H]2S1(=O)=O.[Na+],0.0041,False,0.202,0.0007,0.0023,0.0423
2908,,CHEMBL243712,AMISULPRIDE,CCN1CCCC1CNC(=O)c1cc(S(=O)(=O)CC)c(N)cc1OC,0.004,False,0.272,0.0022,0.01,0.0029
2909,,CHEMBL1257,ENFLURANE,FC(F)OC(F)(F)C(F)Cl,0.004,False,0.145,0.001,0.0079,0.0085
2910,,CHEMBL1572,NETILMICIN,CCN[C@@H]1C[C@H](N)[C@@H](O[C@H]2OC(CN)=CC[C@H]2N)[C@H](O)[C@H]1O[C@H]1OC[C@](C)(O)[C@H](NC)[C@H]1O,0.004,False,0.139,0.0003,0.0003,0.9751
2911,,CHEMBL1486,TENOFOVIR DISOPROXIL FUMARATE,CC(C)OC(=O)OCOP(=O)(CO[C@H](C)Cn1cnc2c(N)ncnc21)OCOC(=O)OC(C)C.O=C(O)/C=C/C(=O)O,0.004,False,0.274,0.0062,0.0178,0.0006
2912,,CHEMBL177367,SILVER NITRATE,O=[N+]([O-])[O-].[Ag+],0.004,False,0.2,0.0009,0.0391,0.0018
2913,522.0,CHEMBL43,AMSACRINE,COc1cc(NS(C)(=O)=O)ccc1Nc1c2ccccc2nc2ccccc12,0.004,True,0.339,0.0056,0.0027,0.0042
2914,521.0,CHEMBL319144,MINODRONIC ACID,O=P(O)(O)C(O)(Cc1cnc2ccccn12)P(=O)(O)O,0.004,True,0.339,0.0068,0.0015,0.0064
2915,,CHEMBL1318287,PENTOLINIUM TARTRATE,C[N+]1(CCCCC[N+]2(C)CCCC2)CCCC1.O=C([O-])[C@H](O)[C@@H](O)C(=O)O.O=C([O-])[C@H](O)[C@@H](O)C(=O)O,0.004,False,0.16,0.0003,0.0797,0.0024
2916,,CHEMBL1434513,NOREPINEPHRINE BITARTRATE,NC[C@H](O)c1ccc(O)c(O)c1.O.O=C(O)C(O)C(O)C(=O)O,0.004,False,0.265,0.0016,0.354,1e-04
2917,,CHEMBL576127,FENSPIRIDE,O=C1NCC2(CCN(CCc3ccccc3)CC2)O1,0.004,False,0.279,0.0,0.0336,0.0638
2918,,CHEMBL2023895,HYDROXYSTILBAMIDINE ISETHIONATE,N=C(N)c1ccc(/C=C/c2ccc(C(=N)N)cc2O)cc1.O=S(=O)(O)CCO.O=S(=O)(O)CCO,0.0039,False,0.283,0.0003,0.0957,0.0021
2919,,CHEMBL532,ERYTHROMYCIN,CC[C@H]1OC(=O)[C@H](C)[C@@H](O[C@H]2C[C@@](C)(OC)[C@@H](O)[C@H](C)O2)[C@H](C)[C@@H](O[C@@H]2O[C@H](C)C[C@H](N(C)C)[C@H]2O)[C@](C)(O)C[C@@H](C)C(=O)[C@H](C)[C@@H](O)[C@]1(C)O,0.0039,False,0.159,1e-04,0.0021,0.5282
2920,,CHEMBL1200419,MOLINDONE HYDROCHLORIDE,CCc1c(C)[nH]c2c1C(=O)C(CN1CCOCC1)CC2.Cl,0.0039,False,0.272,1e-04,0.0007,0.9432
2921,,CHEMBL1064,SIMVASTATIN,CCC(C)(C)C(=O)O[C@H]1C[C@@H](C)C=C2C=C[C@H](C)[C@H](CC[C@@H]3C[C@@H](O)CC(=O)O3)[C@H]21,0.0039,False,0.193,1e-04,0.0025,0.3631
2922,,CHEMBL1384,KANAMYCIN,NC[C@H]1O[C@H](O[C@H]2[C@H](O)[C@@H](O[C@H]3O[C@H](CO)[C@@H](O)[C@H](N)[C@H]3O)[C@H](N)C[C@@H]2N)[C@H](O)[C@@H](O)[C@@H]1O,0.0039,False,0.205,0.0008,1e-04,0.9983
2923,,CHEMBL1593558,DEBRISOQUIN SULFATE,N=C(N)N1CCc2ccccc2C1.N=C(N)N1CCc2ccccc2C1.O=S(=O)(O)O,0.0039,False,0.259,0.0025,0.0051,0.0044
2924,,CHEMBL1311,ISOSORBIDE MONONITRATE,O=[N+]([O-])O[C@@H]1CO[C@H]2[C@@H]1OC[C@@H]2O,0.0039,False,0.159,1e-04,0.0009,0.4954
2925,523.0,CHEMBL550348,DEFERASIROX,O=C(O)c1ccc(-n2nc(-c3ccccc3O)nc2-c2ccccc2O)cc1,0.0039,True,0.367,0.0039,0.0157,0.0009
2926,,CHEMBL5314934,VANZACAFTOR,CC1(C)C[C@@H]2CCCNc3cccc(n3)S(=O)(=O)NC(=O)c3ccc(-n4ccc(OCCC5C6(CC6)C56CC6)n4)nc3N1C2,0.0039,False,0.208,0.0,0.5524,0.1105
2927,524.0,CHEMBL108,CARBAMAZEPINE,NC(=O)N1c2ccccc2C=Cc2ccccc21,0.0038,True,0.31,0.003,0.0105,0.0018
2928,,CHEMBL1389,LEVONORGESTREL,C#C[C@]1(O)CC[C@H]2[C@@H]3CCC4=CC(=O)CC[C@@H]4[C@H]3CC[C@@]21CC,0.0038,False,0.178,0.0,0.0024,0.4514
2929,,CHEMBL1200585,OXYMETHOLONE,C[C@]12C/C(=C/O)C(=O)C[C@@H]1CC[C@@H]1[C@@H]2CC[C@@]2(C)[C@H]1CC[C@]2(C)O,0.0038,False,0.153,0.0,0.0087,0.1267
2930,,CHEMBL1559,MICONAZOLE NITRATE,Clc1ccc(COC(Cn2ccnc2)c2ccc(Cl)cc2Cl)c(Cl)c1.O=[N+]([O-])O,0.0038,False,0.278,0.0068,0.066,1e-04
2931,,CHEMBL168815,CEVIMELINE,CC1OC2(CS1)CN1CCC2CC1,0.0038,False,0.138,0.0,0.0348,0.9252
2932,,CHEMBL3989511,IOBENGUANE SULFATE I 131,N=C(N)NCc1cccc([131I])c1.N=C(N)NCc1cccc([131I])c1.O=S(=O)(O)O,0.0038,False,0.286,0.0015,0.0038,0.0096
2933,,CHEMBL1200399,BUSPIRONE HYDROCHLORIDE,Cl.O=C1CC2(CCCC2)CC(=O)N1CCCCN1CCN(c2ncccn2)CC1,0.0038,False,0.253,0.0,0.006,0.4183
2934,,CHEMBL271227,ABIRATERONE ACETATE,CC(=O)O[C@H]1CC[C@@]2(C)C(=CC[C@@H]3[C@@H]2CC[C@]2(C)C(c4cccnc4)=CC[C@@H]32)C1,0.0038,False,0.284,0.0,0.0104,0.2483
2935,,CHEMBL3989523,IOBENGUANE SULFATE I 123,N=C(N)NCc1cccc([123I])c1.N=C(N)NCc1cccc([123I])c1.O=S(=O)(O)O,0.0038,False,0.266,0.0015,0.0038,0.0096
2936,,CHEMBL1200455,IOHEXOL,CC(=O)N(CC(O)CO)c1c(I)c(C(=O)NCC(O)CO)c(I)c(C(=O)NCC(O)CO)c1I,0.0038,False,0.284,0.0067,0.0003,0.0242
2937,,CHEMBL1237072,DIRITHROMYCIN,CC[C@H]1OC(=O)[C@H](C)[C@@H](O[C@H]2C[C@@](C)(OC)[C@@H](O)[C@H](C)O2)[C@H](C)[C@@H](O[C@@H]2O[C@H](C)C[C@H](N(C)C)[C@H]2O)[C@](C)(O)C[C@@H](C)[C@@H]2N[C@@H](COCCOC)O[C@H]([C@H]2C)[C@]1(C)O,0.0038,False,0.15,0.0,0.0023,0.7562
2938,,CHEMBL1201335,GLYCOPYRRONIUM,C[N+]1(C)CCC(OC(=O)C(O)(c2ccccc2)C2CCCC2)C1,0.0038,False,0.226,1e-04,0.0058,0.1575
2939,,CHEMBL1165342,VINCAMINE,CC[C@]12CCCN3CCc4c(n(c5ccccc45)[C@@](O)(C(=O)OC)C1)[C@@H]32,0.0037,False,0.226,0.0,0.0137,0.1335
2940,,CHEMBL409,BICALUTAMIDE,CC(O)(CS(=O)(=O)c1ccc(F)cc1)C(=O)Nc1ccc(C#N)c(C(F)(F)F)c1,0.0037,False,0.282,0.0018,0.0034,0.0082
2941,,CHEMBL386630,TESTOSTERONE,C[C@]12CC[C@H]3[C@@H](CCC4=CC(=O)CC[C@@]43C)[C@@H]1CC[C@@H]2O,0.0037,False,0.176,0.0,0.0024,0.9199
2942,,CHEMBL1741,CLARITHROMYCIN,CC[C@H]1OC(=O)[C@H](C)[C@@H](O[C@H]2C[C@@](C)(OC)[C@@H](O)[C@H](C)O2)[C@H](C)[C@@H](O[C@@H]2O[C@H](C)C[C@H](N(C)C)[C@H]2O)[C@](C)(OC)C[C@@H](C)C(=O)[C@H](C)[C@@H](O)[C@]1(C)O,0.0037,False,0.161,0.0,0.0019,0.5774
2943,,CHEMBL1201146,NORETHINDRONE ACETATE,C#C[C@]1(OC(C)=O)CC[C@H]2[C@@H]3CCC4=CC(=O)CC[C@@H]4[C@H]3CC[C@@]21C,0.0037,False,0.176,1e-04,0.0119,0.0809
2944,,CHEMBL1479,DANAZOL,C#C[C@]1(O)CC[C@H]2[C@@H]3CCC4=Cc5oncc5C[C@]4(C)[C@H]3CC[C@@]21C,0.0036,False,0.169,0.0,0.0053,0.8022
2945,,CHEMBL566315,OBETICHOLIC ACID,CC[C@H]1[C@@H](O)[C@@H]2[C@H](CC[C@]3(C)[C@@H]([C@H](C)CCC(=O)O)CC[C@@H]23)[C@@]2(C)CC[C@@H](O)C[C@@H]12,0.0036,False,0.181,0.0,0.0065,0.9388
2946,,CHEMBL1220,TINIDAZOLE,CCS(=O)(=O)CCn1c([N+](=O)[O-])cnc1C,0.0036,False,0.226,0.0047,0.0046,0.0021
2947,,CHEMBL175,DEXIBUPROFEN,CC(C)Cc1ccc([C@H](C)C(=O)O)cc1,0.0035,False,0.32,1e-04,0.0825,0.009
2948,,CHEMBL1589,ACETOHEXAMIDE,CC(=O)c1ccc(S(=O)(=O)NC(=O)NC2CCCCC2)cc1,0.0035,False,0.297,0.0003,0.0526,0.0028
2949,,CHEMBL844,BRIMONIDINE,Brc1c(NC2=NCCN2)ccc2nccnc12,0.0035,False,0.188,0.0055,0.0002,0.0479
2950,,CHEMBL1200644,FONDAPARINUX SODIUM,CO[C@H]1O[C@H](COS(=O)(=O)[O-])[C@@H](O[C@@H]2O[C@@H](C(=O)[O-])[C@@H](O[C@H]3O[C@H](COS(=O)(=O)[O-])[C@@H](O[C@@H]4O[C@H](C(=O)[O-])[C@@H](O[C@H]5O[C@H](COS(=O)(=O)[O-])[C@@H](O)[C@H](O)[C@H]5NS(=O)(=O)[O-])[C@H](O)[C@H]4O)[C@H](OS(=O)(=O)[O-])[C@H]3NS(=O)(=O)[O-])[C@H](O)[C@H]2OS(=O)(=O)[O-])[C@H](O)[C@H]1NS(=O)(=O)[O-].[Na+].[Na+].[Na+].[Na+].[Na+].[Na+].[Na+].[Na+].[Na+].[Na+],0.0035,False,0.16,0.0003,0.0011,0.1535
2951,,CHEMBL3707395,ELAFIBRANOR,CSc1ccc(C(=O)/C=C/c2cc(C)c(OC(C)(C)C(=O)O)c(C)c2)cc1,0.0035,False,0.222,0.001,0.0697,0.0006
2952,,CHEMBL1200751,MERCAPTOPURINE,O.S=c1[nH]cnc2nc[nH]c12,0.0035,False,0.186,0.0032,0.0175,0.0008
2953,,CHEMBL435298,ESFLURBIPROFEN,C[C@H](C(=O)O)c1ccc(-c2ccccc2)c(F)c1,0.0034,False,0.266,0.0058,0.0361,0.0002
2954,,CHEMBL404,TAZOBACTAM,C[C@]1(Cn2ccnn2)[C@H](C(=O)O)N2C(=O)C[C@H]2S1(=O)=O,0.0034,False,0.207,0.0007,0.0017,0.0348
2955,,CHEMBL5095050,FINGOLIMOD LAURYL SULFATE,CCCCCCCCCCCCOS(=O)(=O)O.CCCCCCCCc1ccc(CCC(N)(CO)CO)cc1,0.0034,False,0.228,0.0,0.0601,0.0572
2956,,CHEMBL1121,SINCALIDE,CSCC[C@H](NC(=O)[C@H](Cc1ccc(OS(=O)(=O)O)cc1)NC(=O)[C@@H](N)CC(=O)O)C(=O)NCC(=O)N[C@@H](Cc1c[nH]c2ccccc12)C(=O)N[C@@H](CCSC)C(=O)N[C@@H](CC(=O)O)C(=O)N[C@@H](Cc1ccccc1)C(N)=O,0.0034,False,0.264,0.0,0.1884,0.0858
2957,,CHEMBL25,ASPIRIN,CC(=O)Oc1ccccc1C(=O)O,0.0034,False,0.375,0.0017,0.0563,0.0004
2958,,CHEMBL2105648,PALOVAROTENE,CC1(C)CCC(C)(C)c2cc(Cn3cccn3)c(/C=C/c3ccc(C(=O)O)cc3)cc21,0.0034,False,0.269,0.0009,0.03,0.0014
2959,,CHEMBL1663,PERFLUTREN,FC(F)(F)C(F)(F)C(F)(F)F,0.0034,False,0.087,0.0017,1e-04,0.2034
2960,,CHEMBL370143,PAROMOMYCIN,NC[C@@H]1O[C@H](O[C@H]2[C@@H](O)[C@H](O[C@@H]3[C@@H](O)[C@H](N)C[C@H](N)[C@H]3O[C@H]3O[C@H](CO)[C@@H](O)[C@H](O)[C@H]3N)O[C@@H]2CO)[C@H](N)[C@@H](O)[C@@H]1O,0.0034,False,0.172,0.0004,1e-04,0.9984
2961,,CHEMBL1235452,SULFUR,S1SSSSSSS1,0.0034,False,0.039,0.0228,0.0003,0.0064
2962,,CHEMBL4594231,IODOXAMATE MEGLUMINE,CNC[C@H](O)[C@@H](O)[C@H](O)[C@H](O)CO.CNC[C@H](O)[C@@H](O)[C@H](O)[C@H](O)CO.O=C(CCOCCOCCOCCOCCC(=O)Nc1c(I)cc(I)c(C(=O)O)c1I)Nc1c(I)cc(I)c(C(=O)O)c1I,0.0033,False,0.19,0.0025,0.0005,0.0304
2963,,CHEMBL1788385,TILBROQUINOL,Cc1cc(Br)c(O)c2ncccc12,0.0033,False,0.333,0.0061,0.0082,0.0007
2964,,CHEMBL1200609,PAROXETINE MESYLATE,CS(=O)(=O)O.Fc1ccc([C@@H]2CCNC[C@H]2COc2ccc3c(c2)OCO3)cc1,0.0033,False,0.275,0.001,0.0006,0.0616
2965,,CHEMBL267345,AMPHOTERICIN B,C[C@@H]1[C@H](O)[C@@H](C)/C=C/C=C/C=C/C=C/C=C/C=C/C=C/[C@H](O[C@@H]2O[C@H](C)[C@@H](O)[C@H](N)[C@@H]2O)C[C@@H]2O[C@](O)(C[C@@H](O)C[C@@H](O)[C@H](O)CC[C@@H](O)C[C@@H](O)CC(=O)O[C@H]1C)C[C@H](O)[C@H]2C(=O)O,0.0033,False,0.169,0.0002,0.0108,0.0184
2966,,CHEMBL1200789,TRICLOFOS SODIUM,O=P([O-])(O)OCC(Cl)(Cl)Cl.[Na+],0.0033,False,0.122,0.0019,0.0051,0.0038
2967,,CHEMBL223448,BROXYQUINOLINE,Oc1c(Br)cc(Br)c2cccnc12,0.0033,False,0.327,0.0057,0.0023,0.0028
2968,,CHEMBL71595,HYDROGEN PEROXIDE,OO,0.0033,False,0.074,0.0009,0.0474,0.0009
2969,,CHEMBL4303288,ABACAVIR SULFATE,Nc1nc(NC2CC2)c2ncn([C@H]3C=C[C@@H](CO)C3)c2n1.Nc1nc(NC2CC2)c2ncn([C@H]3C=C[C@@H](CO)C3)c2n1.O=S(=O)(O)O,0.0033,False,0.232,0.0041,0.0037,0.0023
2970,,CHEMBL1237102,LEVOCABASTINE HYDROCHLORIDE,C[C@@H]1CN([C@H]2CC[C@](C#N)(c3ccc(F)cc3)CC2)CC[C@]1(C(=O)O)c1ccccc1.Cl,0.0033,False,0.278,1e-04,0.0152,0.0176
2971,,CHEMBL1641,HYDROCORTISONE PHOSPHORIC ACID,C[C@]12CCC(=O)C=C1CC[C@@H]1[C@@H]2[C@@H](O)C[C@@]2(C)[C@H]1CC[C@]2(O)C(=O)COP(=O)(O)O,0.0033,False,0.165,1e-04,0.0075,0.0593
2972,,CHEMBL460,MOLINDONE,CCc1c(C)[nH]c2c1C(=O)C(CN1CCOCC1)CC2,0.0033,False,0.275,1e-04,0.0005,0.9489
2973,,CHEMBL1271,PENTOLINIUM,C[N+]1(CCCCC[N+]2(C)CCCC2)CCCC1,0.0032,False,0.1,0.0,0.0019,0.8981
2974,,CHEMBL1615438,LEVOCABASTINE,C[C@@H]1CN([C@H]2CC[C@](C#N)(c3ccc(F)cc3)CC2)CC[C@]1(C(=O)O)c1ccccc1,0.0032,False,0.281,1e-04,0.0141,0.0195
2975,,CHEMBL2364637,TENOFOVIR ALAFENAMIDE FUMARATE,CC(C)OC(=O)[C@H](C)N[P@](=O)(CO[C@H](C)Cn1cnc2c(N)ncnc21)Oc1ccccc1.CC(C)OC(=O)[C@H](C)N[P@](=O)(CO[C@H](C)Cn1cnc2c(N)ncnc21)Oc1ccccc1.O=C(O)/C=C/C(=O)O,0.0032,False,0.276,0.0059,0.01,0.0006
2976,,CHEMBL1237066,CALCIUM GLUCEPTATE,O=C([O-])C(O)[C@H](O)[C@@H](O)[C@H](O)[C@H](O)CO.O=C([O-])C(O)[C@H](O)[C@@H](O)[C@H](O)[C@H](O)CO.[Ca+2],0.0031,False,0.135,0.0002,0.0359,0.0035
2977,,CHEMBL205596,CHOLIC ACID,C[C@H](CCC(=O)O)[C@H]1CC[C@H]2[C@@H]3[C@H](O)C[C@@H]4C[C@H](O)CC[C@]4(C)[C@H]3C[C@H](O)[C@]12C,0.0031,False,0.179,0.0,0.0016,0.7841
2978,,CHEMBL1201056,SULFACYTINE,CCn1ccc(NS(=O)(=O)c2ccc(N)cc2)nc1=O,0.0031,False,0.264,0.0012,0.0388,0.0006
2979,,CHEMBL1738,DEXRAZOXANE,C[C@@H](CN1CC(=O)NC(=O)C1)N1CC(=O)NC(=O)C1,0.0031,False,0.173,0.0004,0.0003,0.2384
2980,,CHEMBL360055,GALLAMINE,CC[N+](CC)(CC)CCOc1cccc(OCC[N+](CC)(CC)CC)c1OCC[N+](CC)(CC)CC,0.003,False,0.239,0.0009,0.0017,0.0167
2981,,CHEMBL169901,DEBRISOQUIN,N=C(N)N1CCc2ccccc2C1,0.003,False,0.259,0.0013,0.0014,0.0144
2982,,CHEMBL1720,PALONOSETRON HYDROCHLORIDE,Cl.O=C1c2cccc3c2[C@H](CCC3)CN1[C@@H]1CN2CCC1CC2,0.003,False,0.2,0.0,0.011,0.0737
2983,,CHEMBL1570,SULFOXONE,O=S(O)CNc1ccc(S(=O)(=O)c2ccc(NCS(=O)O)cc2)cc1,0.003,False,0.22,0.0002,0.0978,0.0014
2984,,CHEMBL406393,DEOXYCHOLIC ACID,C[C@H](CCC(=O)O)[C@H]1CC[C@H]2[C@@H]3CC[C@@H]4C[C@H](O)CC[C@]4(C)[C@H]3C[C@H](O)[C@]12C,0.003,False,0.181,0.0,0.0019,0.8194
2985,525.0,CHEMBL1690,HYDROXYCHLOROQUINE SULFATE,CCN(CCO)CCCC(C)Nc1ccnc2cc(Cl)ccc12.O=S(=O)(O)O,0.003,True,0.326,0.0012,0.0259,0.0009
2986,,CHEMBL1200577,CYSTEAMINE BITARTRATE,NCCS.O=C(O)[C@H](O)[C@@H](O)C(=O)O,0.003,False,0.179,0.0003,0.2144,0.0004
2987,,CHEMBL1200907,TRILOSTANE,C[C@]12CC[C@H]3[C@@H](CC[C@@]45O[C@@H]4C(O)=C(C#N)C[C@]35C)[C@@H]1CC[C@@H]2O,0.003,False,0.14,0.0,0.0561,0.4936
2988,,CHEMBL1200459,"POTASSIUM PHOSPHATE, DIBASIC",O=P([O-])([O-])O.[K+].[K+],0.003,False,0.103,0.0015,0.0443,0.0004
2989,,CHEMBL461522,METAMIZOLE,Cc1c(N(C)CS(=O)(=O)O)c(=O)n(-c2ccccc2)n1C,0.003,False,0.283,0.0032,0.0067,0.0013
2990,,CHEMBL1523964,EPHEDRINE SULFATE,CN[C@@H](C)[C@H](O)c1ccccc1.CN[C@@H](C)[C@H](O)c1ccccc1.O=S(=O)(O)O,0.003,False,0.25,0.0011,0.0508,0.0005
2991,,CHEMBL1164729,FEBUXOSTAT,Cc1nc(-c2ccc(OCC(C)C)c(C#N)c2)sc1C(=O)O,0.003,False,0.268,0.0079,0.0196,0.0002
2992,,CHEMBL2068884,SODIUM GLUCONATE,O=C([O-])[C@H]1O[C@H](O)[C@H](O)[C@@H](O)[C@@H]1O.[Na+],0.003,False,0.114,0.0007,0.0004,0.0884
2993,,CHEMBL1167,SPECTINOMYCIN,CN[C@@H]1[C@H](O)[C@H](NC)[C@H]2O[C@@]3(O)C(=O)C[C@@H](C)O[C@H]3O[C@@H]2[C@H]1O,0.003,False,0.184,0.0,0.0076,0.5607
2994,,CHEMBL125,MILTEFOSINE,CCCCCCCCCCCCCCCCOP(=O)([O-])OCC[N+](C)(C)C,0.0029,False,0.176,0.0022,0.0043,0.0027
2995,,CHEMBL256105,MONENSIN,CC[C@@]1([C@@H]2O[C@@H]([C@H]3O[C@@](O)(CO)[C@H](C)C[C@@H]3C)C[C@@H]2C)CC[C@H]([C@]2(C)CC[C@]3(C[C@H](O)[C@@H](C)[C@@H]([C@@H](C)[C@@H](OC)[C@H](C)C(=O)O)O3)O2)O1,0.0029,False,0.13,0.0,0.022,0.4817
2996,,CHEMBL2107355,MIGALASTAT HYDROCHLORIDE,Cl.OC[C@H]1NC[C@H](O)[C@@H](O)[C@H]1O,0.0029,False,0.12,0.0003,1e-04,0.8019
2997,,CHEMBL190,THEOPHYLLINE ANHYDROUS,Cn1c(=O)c2[nH]cnc2n(C)c1=O,0.0029,False,0.256,0.2009,0.0089,0.0
2998,,CHEMBL1683544,ERIBULIN MESYLATE,C=C1C[C@@H]2CC[C@@]34C[C@H]5O[C@H]6[C@@H](O3)[C@H]3O[C@H](CC[C@@H]3O[C@H]6[C@H]5O4)CC(=O)C[C@@H]3[C@@H](OC)[C@@H](C[C@H](O)CN)O[C@H]3C[C@H]3O[C@@H](CC[C@@H]1O2)C[C@@H](C)C3=C.CS(=O)(=O)O,0.0029,False,0.127,0.0,0.0507,0.1041
2999,,CHEMBL19,METHAZOLAMIDE,CC(=O)/N=c1/sc(S(N)(=O)=O)nn1C,0.0029,False,0.246,0.0018,0.0059,0.0023
3000,,CHEMBL3989803,DIPYRONE,Cc1c(N(C)CS(=O)(=O)[O-])c(=O)n(-c2ccccc2)n1C.O.[Na+],0.0029,False,0.254,0.0029,0.0081,0.0011
3001,,CHEMBL49,BUSPIRONE,O=C1CC2(CCCC2)CC(=O)N1CCCCN1CCN(c2ncccn2)CC1,0.0029,False,0.257,0.0,0.0037,0.373
3002,,CHEMBL3989806,IODIPAMIDE MEGLUMINE,CNC[C@H](O)[C@@H](O)[C@H](O)[C@H](O)CO.CNC[C@H](O)[C@@H](O)[C@H](O)[C@H](O)CO.O=C(CCCCC(=O)Nc1c(I)cc(I)c(C(=O)O)c1I)Nc1c(I)cc(I)c(C(=O)O)c1I,0.0029,False,0.236,0.002,0.0004,0.0325
3003,,CHEMBL1200627,PROPIOLACTONE,O=C1CCO1,0.0029,False,0.188,0.0003,1e-04,0.8263
3004,,CHEMBL521,IBUPROFEN,CC(C)Cc1ccc(C(C)C(=O)O)cc1,0.0028,False,0.32,0.0003,0.0528,0.0014
3005,,CHEMBL2106119,CALCIUM GLUCONATE,O=C([O-])[C@H](O)[C@@H](O)[C@H](O)[C@H](O)CO.O=C([O-])[C@H](O)[C@@H](O)[C@H](O)[C@H](O)CO.[Ca+2],0.0028,False,0.137,0.0002,0.0436,0.0023
3006,,CHEMBL529,AZITHROMYCIN,CC[C@H]1OC(=O)[C@H](C)[C@@H](O[C@H]2C[C@@](C)(OC)[C@@H](O)[C@H](C)O2)[C@H](C)[C@@H](O[C@@H]2O[C@H](C)C[C@H](N(C)C)[C@H]2O)[C@](C)(O)C[C@@H](C)CN(C)[C@H](C)[C@@H](O)[C@]1(C)O,0.0027,False,0.162,0.0,0.0012,0.5889
3007,,CHEMBL741,LAMOTRIGINE,Nc1nnc(-c2cccc(Cl)c2Cl)c(N)n1,0.0027,False,0.348,0.0074,0.0051,0.0005
3008,,CHEMBL1387,NORETHYNODREL,C#C[C@]1(O)CC[C@H]2[C@@H]3CCC4=C(CCC(=O)C4)[C@H]3CC[C@@]21C,0.0027,False,0.155,0.0,0.0033,0.2208
3009,,CHEMBL254328,ABIRATERONE,C[C@]12CC[C@H](O)CC1=CC[C@@H]1[C@@H]2CC[C@]2(C)C(c3cccnc3)=CC[C@@H]12,0.0027,False,0.275,0.0,0.0017,0.628
3010,,CHEMBL717,MEDROXYPROGESTERONE ACETATE,CC(=O)O[C@]1(C(C)=O)CC[C@H]2[C@@H]3C[C@H](C)C4=CC(=O)CC[C@]4(C)[C@H]3CC[C@@]21C,0.0027,False,0.194,0.0,0.0154,0.0758
3011,,CHEMBL204656,ELVITEGRAVIR,COc1cc2c(cc1Cc1cccc(Cl)c1F)c(=O)c(C(=O)O)cn2[C@H](CO)C(C)C,0.0027,False,0.256,0.0042,0.0005,0.0091
3012,,CHEMBL238804,SELEXIPAG,CC(C)N(CCCCOCC(=O)NS(C)(=O)=O)c1cnc(-c2ccccc2)c(-c2ccccc2)n1,0.0027,False,0.241,0.0024,0.0069,0.0012
3013,,CHEMBL1200592,DESOXYCORTICOSTERONE PIVALATE,CC(C)(C)C(=O)OCC(=O)[C@H]1CC[C@H]2[C@@H]3CCC4=CC(=O)CC[C@]4(C)[C@H]3CC[C@]12C,0.0026,False,0.18,0.0,0.0042,0.1434
3014,,CHEMBL48449,CANTHARIDIN,C[C@@]12C(=O)OC(=O)[C@]1(C)[C@H]1CC[C@@H]2O1,0.0026,False,0.148,0.0,0.0959,0.1905
3015,,CHEMBL28318,PROPYPHENAZONE,Cc1c(C(C)C)c(=O)n(-c2ccccc2)n1C,0.0026,False,0.288,0.0055,0.0176,0.0002
3016,,CHEMBL1189679,PALONOSETRON,O=C1c2cccc3c2[C@H](CCC3)CN1[C@@H]1CN2CCC1CC2,0.0026,False,0.203,0.0,0.0082,0.0766
3017,,CHEMBL3989520,HISTAMINE PHOSPHATE,NCCc1c[nH]cn1.O=P(O)(O)O.O=P(O)(O)O,0.0026,False,0.169,0.0014,0.0527,0.0002
3018,,CHEMBL1201039,BENZTHIAZIDE,NS(=O)(=O)c1cc2c(cc1Cl)N=C(CSCc1ccccc1)NS2(=O)=O,0.0026,False,0.254,0.0058,0.0011,0.0027
3019,,CHEMBL1549,HYDROCORTISONE CYPIONATE,C[C@]12CCC(=O)C=C1CC[C@@H]1[C@@H]2[C@@H](O)C[C@@]2(C)[C@H]1CC[C@]2(O)C(=O)COC(=O)CCC1CCCC1,0.0025,False,0.186,0.0,0.0097,0.182
3020,,CHEMBL1234579,NITROUS OXIDE,[N-]=[N+]=O,0.0025,False,0.053,0.001,0.0239,0.0007
3021,,CHEMBL3989750,GLUCOSAMINE SULFATE,N[C@H]1C(O)O[C@H](CO)[C@@H](O)[C@@H]1O.N[C@H]1C(O)O[C@H](CO)[C@@H](O)[C@@H]1O.O=S(=O)(O)O,0.0025,False,0.177,0.0003,0.0005,0.1032
3022,,CHEMBL1888176,TROSPIUM,O=C(O[C@H]1C[C@H]2CC[C@@H](C1)[N+]21CCCC1)C(O)(c1ccccc1)c1ccccc1,0.0025,False,0.2,0.0,0.0067,0.0866
3023,,CHEMBL1644029,POTASSIUM NITRATE,O=[N+]([O-])[O-].[K+],0.0025,False,0.2,0.0005,0.0313,0.001
3024,,CHEMBL2355456,IBUTILIDE FUMARATE,CCCCCCCN(CC)CCCC(O)c1ccc(NS(C)(=O)=O)cc1.CCCCCCCN(CC)CCCC(O)c1ccc(NS(C)(=O)=O)cc1.O=C(O)/C=C/C(=O)O,0.0025,False,0.227,0.0002,0.0566,0.0016
3025,,CHEMBL1200839,DIATRIZOATE MEGLUMINE,CC(=O)Nc1c(I)c(NC(C)=O)c(I)c(C(=O)O)c1I.CNC[C@H](O)[C@@H](O)[C@H](O)[C@H](O)CO,0.0025,False,0.186,0.0012,0.0004,0.0315
3026,,CHEMBL1355736,THEOPHYLLINE,Cn1c(=O)c2nc[nH]c2n(C)c1=O.O,0.0024,False,0.25,0.1081,0.0099,0.0
3027,,CHEMBL15891,LINDANE,Cl[C@H]1[C@H](Cl)[C@@H](Cl)[C@@H](Cl)[C@H](Cl)[C@H]1Cl,0.0024,False,0.071,0.0109,0.0,0.0401
3028,,CHEMBL3084748,TROSPIUM CHLORIDE,O=C(O[C@H]1C[C@H]2CC[C@@H](C1)[N+]21CCCC1)C(O)(c1ccccc1)c1ccccc1.[Cl-],0.0024,False,0.197,0.0,0.0091,0.0627
3029,,CHEMBL1521,ZALEPLON,CCN(C(C)=O)c1cccc(-c2ccnc3c(C#N)cnn23)c1,0.0024,False,0.281,0.002,0.0223,0.0003
3030,,CHEMBL1201317,TRICLOFOS,O=P(O)(O)OCC(Cl)(Cl)Cl,0.0024,False,0.129,0.0012,0.0032,0.0034
3031,,CHEMBL1162,NORETHINDRONE,C#C[C@]1(O)CC[C@H]2[C@@H]3CCC4=CC(=O)CC[C@@H]4[C@H]3CC[C@@]21C,0.0024,False,0.174,0.0,0.0021,0.1639
3032,,CHEMBL1201202,FONDAPARINUX,CO[C@H]1O[C@H](COS(=O)(=O)O)[C@@H](O[C@@H]2O[C@@H](C(=O)O)[C@@H](O[C@H]3O[C@H](COS(=O)(=O)O)[C@@H](O[C@@H]4O[C@H](C(=O)O)[C@@H](O[C@H]5O[C@H](COS(=O)(=O)O)[C@@H](O)[C@H](O)[C@H]5NS(=O)(=O)O)[C@H](O)[C@H]4O)[C@H](OS(=O)(=O)O)[C@H]3NS(=O)(=O)O)[C@H](O)[C@H]2OS(=O)(=O)O)[C@H](O)[C@H]1NS(=O)(=O)O,0.0024,False,0.161,0.0002,0.0006,0.127
3033,,CHEMBL1200980,ESTROPIPATE,C1CNCCN1.C[C@]12CC[C@@H]3c4ccc(OS(=O)(=O)O)cc4CC[C@H]3[C@@H]1CCC2=O,0.0024,False,0.205,1e-04,0.0003,0.7136
3034,,CHEMBL1200624,ETHYNODIOL DIACETATE,C#C[C@]1(OC(C)=O)CC[C@H]2[C@@H]3CCC4=C[C@@H](OC(C)=O)CC[C@@H]4[C@H]3CC[C@@]21C,0.0024,False,0.167,0.0,0.01,0.0805
3035,,CHEMBL1201173,MEDRYSONE,CC(=O)[C@H]1CC[C@H]2[C@@H]3C[C@H](C)C4=CC(=O)CC[C@]4(C)[C@H]3[C@@H](O)C[C@]12C,0.0024,False,0.181,0.0,0.0028,0.628
3036,,CHEMBL1551,URSODIOL,C[C@H](CCC(=O)O)[C@H]1CC[C@H]2[C@@H]3[C@@H](O)C[C@@H]4C[C@H](O)CC[C@]4(C)[C@H]3CC[C@]12C,0.0024,False,0.187,0.0,0.0015,0.7385
3037,,CHEMBL2107825,TENOFOVIR ALAFENAMIDE,CC(C)OC(=O)[C@H](C)N[P@](=O)(CO[C@H](C)Cn1cnc2c(N)ncnc21)Oc1ccccc1,0.0024,False,0.293,0.003,0.0046,0.001
3038,,CHEMBL3989855,PSEUDOEPHEDRINE SULFATE,CN[C@@H](C)[C@@H](O)c1ccccc1.CN[C@@H](C)[C@@H](O)c1ccccc1.O=S(=O)(O)O,0.0024,False,0.25,0.0012,0.0461,0.0002
3039,,CHEMBL1006,AMIFOSTINE,NCCCNCCSP(=O)(O)O,0.0023,False,0.188,0.0041,0.0038,0.0007
3040,,CHEMBL455917,CHLORAL HYDRATE,OC(O)C(Cl)(Cl)Cl,0.0023,False,0.092,0.0078,0.0002,0.0099
3041,,CHEMBL240597,CHENODIOL,C[C@H](CCC(=O)O)[C@H]1CC[C@H]2[C@@H]3[C@H](O)C[C@@H]4C[C@H](O)CC[C@]4(C)[C@H]3CC[C@]12C,0.0023,False,0.187,0.0,0.0012,0.6834
3042,,CHEMBL1201049,ECONAZOLE NITRATE,Clc1ccc(COC(Cn2ccnc2)c2ccc(Cl)cc2Cl)cc1.O=[N+]([O-])O,0.0023,False,0.278,0.0034,0.0224,1e-04
3043,,CHEMBL5314365,MONENSIN SODIUM,CC[C@@]1([C@H]2O[C@H]([C@H]3O[C@@](O)(CO)[C@H](C)C[C@@H]3C)C[C@H]2C)CC[C@H]([C@@]2(C)CC[C@]3(C[C@H](O)[C@@H](C)[C@@H]([C@H](C)[C@H](OC)[C@@H](C)C(=O)[O-])O3)O2)O1.[Na+],0.0023,False,0.126,0.0,0.0268,0.3436
3044,,CHEMBL1201044,DAPIPRAZOLE HYDROCHLORIDE,Cc1ccccc1N1CCN(CCc2nnc3n2CCCC3)CC1.Cl,0.0023,False,0.28,1e-04,1e-04,0.9946
3045,,CHEMBL3989922,NIRAPARIB TOSYLATE MONOHYDRATE,Cc1ccc(S(=O)(=O)O)cc1.NC(=O)c1cccc2cn(-c3ccc([C@@H]4CCCNC4)cc3)nc12.O,0.0022,False,0.253,0.002,0.0115,0.0004
3046,,CHEMBL1200353,MEGLUMINE METRIZOATE,CC(=O)Nc1c(I)c(C(=O)O)c(I)c(N(C)C(C)=O)c1I.CNC[C@H](O)[C@@H](O)[C@H](O)[C@H](O)CO,0.0022,False,0.165,0.0018,0.0003,0.0212
3047,,CHEMBL3989698,TRANYLCYPROMINE SULFATE,N[C@@H]1C[C@H]1c1ccccc1.N[C@H]1C[C@@H]1c1ccccc1.O=S(=O)(O)O,0.0022,False,0.25,0.0006,0.0047,0.004
3048,,CHEMBL1909282,FENCLOZIC ACID,O=C(O)Cc1csc(-c2ccc(Cl)cc2)n1,0.0022,False,0.383,0.0016,0.0121,0.0006
3049,,CHEMBL565,CLOFIBRATE,CCOC(=O)C(C)(C)Oc1ccc(Cl)cc1,0.0022,False,0.276,0.0022,0.0244,0.0002
3050,,CHEMBL389621,HYDROCORTISONE,C[C@]12CCC(=O)C=C1CC[C@@H]1[C@@H]2[C@@H](O)C[C@@]2(C)[C@H]1CC[C@]2(O)C(=O)CO,0.0022,False,0.167,0.0,0.0079,0.1141
3051,,CHEMBL14,CARBACHOL,C[N+](C)(C)CCOC(N)=O.[Cl-],0.0022,False,0.148,0.0004,0.0094,0.0028
3052,,CHEMBL3544971,DEXTROAMPHETAMINE SULFATE,C[C@H](N)Cc1ccccc1.C[C@H](N)Cc1ccccc1.O=S(=O)(O)O,0.0022,False,0.264,0.0007,0.0246,0.0006
3053,,CHEMBL1201151,MESTRANOL,C#C[C@]1(O)CC[C@H]2[C@@H]3CCc4cc(OC)ccc4[C@H]3CC[C@@]21C,0.0022,False,0.292,0.0,0.0004,0.902
3054,,CHEMBL16080,TRICHLOROETHANE,CC(Cl)(Cl)Cl,0.0021,False,0.104,0.005,0.0002,0.0073
3055,,CHEMBL2218917,CEVIMELINE HYDROCHLORIDE,CC1OC2(CS1)CN1CCC2CC1.Cl.O,0.0021,False,0.134,0.0,0.0166,0.5633
3056,,CHEMBL965,CARBAMOYLCHOLINE,C[N+](C)(C)CCOC(N)=O,0.0021,False,0.148,0.0002,0.0096,0.0047
3057,,CHEMBL1201131,PIPERONYL BUTOXIDE,CCCCOCCOCCOCc1cc2c(cc1CCC)OCO2,0.0021,False,0.196,0.009,0.0,0.9999
3058,,CHEMBL1245,TRIMETHAPHAN CAMSYLATE,CC1(C)C2CCC1(CS(=O)(=O)[O-])C(=O)C2.O=C1N(Cc2ccccc2)C2C[S+]3CCCC3C2N1Cc1ccccc1,0.0021,False,0.213,0.0,0.0621,0.0217
3059,,CHEMBL2145077,IVABRADINE HYDROCHLORIDE,COc1cc2c(cc1OC)CC(=O)N(CCCN(C)C[C@H]1Cc3cc(OC)c(OC)cc31)CC2.Cl,0.0021,False,0.229,0.0005,0.0,1.0
3060,,CHEMBL1562610,MECLOFENAMATE SODIUM,Cc1ccc(Cl)c(Nc2ccccc2C(=O)[O-])c1Cl.O.[Na+],0.0021,False,0.283,0.0131,0.0076,1e-04
3061,526.0,CHEMBL1200806,NAPROXEN SODIUM,COc1ccc2cc([C@H](C)C(=O)[O-])ccc2c1.[Na+],0.0021,True,0.395,0.0006,0.0696,0.0002
3062,,CHEMBL2107560,"SODIUM PHOSPHATE, DIBASIC",O.O.O=P([O-])([O-])O.[Na+].[Na+],0.002,False,0.105,0.0012,0.0253,0.0003
3063,,CHEMBL563,FLURBIPROFEN,CC(C(=O)O)c1ccc(-c2ccccc2)c(F)c1,0.002,False,0.266,0.0047,0.039,0.0
3064,,CHEMBL110458,MIGALASTAT,OC[C@H]1NC[C@H](O)[C@@H](O)[C@H]1O,0.002,False,0.122,0.0002,0.0,0.878
3065,,CHEMBL1200521,ALMOTRIPTAN MALATE,CN(C)CCc1c[nH]c2ccc(CS(=O)(=O)N3CCCC3)cc12.O=C(O)CC(O)C(=O)O,0.002,False,0.263,0.0003,0.0149,0.0023
3066,,CHEMBL2107525,SODIUM PHOSPHATE P 32,O=[32P]([O-])([O-])O.[Na+].[Na+],0.002,False,0.103,0.0011,0.0238,0.0003
3067,,CHEMBL501,AMPHETAMINE SULFATE,CC(N)Cc1ccccc1.O=S(=O)(O)O,0.002,False,0.264,0.001,0.0288,0.0003
3068,,CHEMBL471737,IVABRADINE,COc1cc2c(cc1OC)CC(=O)N(CCCN(C)C[C@H]1Cc3cc(OC)c(OC)cc31)CC2,0.002,False,0.232,0.0004,0.0,1.0
3069,,CHEMBL1060,"SODIUM PHOSPHATE, DIBASIC, ANHYDROUS",O=P([O-])([O-])O.[Na+].[Na+],0.002,False,0.103,0.0011,0.0238,0.0003
3070,,CHEMBL11662,OZAGREL,O=C(O)/C=C/c1ccc(Cn2ccnc2)cc1,0.002,False,0.262,1e-04,0.0546,0.0017
3071,,CHEMBL1234886,OXYGEN,O=O,0.002,False,0.045,0.0006,0.0181,0.0007
3072,,CHEMBL847,OXAMNIQUINE,CC(C)NCC1CCc2cc(CO)c([N+](=O)[O-])cc2N1,0.0019,False,0.266,0.0002,0.0,0.9954
3073,,CHEMBL2103774,TIBOLONE,C#C[C@]1(O)CC[C@H]2[C@@H]3[C@H](C)CC4=C(CCC(=O)C4)[C@H]3CC[C@@]21C,0.0019,False,0.16,0.0,0.0019,0.2051
3074,527.0,CHEMBL2095209,ICOSAPENT ETHYL,CC/C=C\C/C=C\C/C=C\C/C=C\C/C=C\CCCC(=O)OCC,0.0019,True,0.302,0.0,0.0139,0.0977
3075,,CHEMBL1540,PENCICLOVIR,Nc1nc(O)c2ncn(CCC(CO)CO)c2n1,0.0019,False,0.215,0.0292,0.0009,0.0003
3076,,CHEMBL1201216,DAPIPRAZOLE,Cc1ccccc1N1CCN(CCc2nnc3n2CCCC3)CC1,0.0019,False,0.284,1e-04,1e-04,0.9941
3077,,CHEMBL1201172,IODAMIDE MEGLUMINE,CC(=O)NCc1c(I)c(NC(C)=O)c(I)c(C(=O)O)c1I.CNC[C@H](O)[C@@H](O)[C@H](O)[C@H](O)CO,0.0019,False,0.195,0.0016,0.0003,0.0131
3078,,CHEMBL103,PROGESTERONE,CC(=O)[C@H]1CC[C@H]2[C@@H]3CCC4=CC(=O)CC[C@]4(C)[C@H]3CC[C@]12C,0.0019,False,0.169,0.0,0.0026,0.411
3079,,CHEMBL1201048,DROMOSTANOLONE PROPIONATE,CCC(=O)O[C@H]1CC[C@H]2[C@@H]3CC[C@H]4CC(=O)[C@H](C)C[C@]4(C)[C@H]3CC[C@]12C,0.0019,False,0.178,0.0,0.0017,0.6801
3080,,CHEMBL1509,DROSPIRENONE,C[C@]12CCC(=O)C=C1[C@@H]1C[C@@H]1[C@H]1[C@@H]3[C@@H]4C[C@@H]4[C@@]4(CCC(=O)O4)[C@@]3(C)CC[C@@H]12,0.0019,False,0.149,0.0,0.0255,0.2765
3081,,CHEMBL1747,TOBRAMYCIN,NC[C@H]1O[C@H](O[C@H]2[C@H](O)[C@@H](O[C@H]3O[C@H](CO)[C@@H](O)[C@H](N)[C@H]3O)[C@H](N)C[C@@H]2N)[C@H](N)C[C@@H]1O,0.0019,False,0.161,0.0002,0.0,0.996
3082,,CHEMBL494753,ESTRONE SULFURIC ACID,C[C@]12CC[C@@H]3c4ccc(OS(=O)(=O)O)cc4CC[C@H]3[C@@H]1CCC2=O,0.0019,False,0.221,1e-04,0.0002,0.7894
3083,,CHEMBL457,GEMFIBROZIL,Cc1ccc(C)c(OCCCC(C)(C)C(=O)O)c1,0.0019,False,0.266,1e-04,0.0377,0.0015
3084,,CHEMBL1200365,AMINOHIPPURATE SODIUM,Nc1ccc(C(=O)NCC(=O)[O-])cc1.[Na+],0.0018,False,0.271,1e-04,0.0772,0.001
3085,528.0,CHEMBL1700,SOTALOL HYDROCHLORIDE,CC(C)NCC(O)c1ccc(NS(C)(=O)=O)cc1.Cl,0.0018,True,0.305,1e-04,0.0393,0.0018
3086,,CHEMBL771,CYCLOSERINE,N[C@@H]1CONC1=O,0.0018,False,0.163,0.004,0.0,0.9943
3087,529.0,CHEMBL348000,CINCHOPHEN,O=C(O)c1cc(-c2ccccc2)nc2ccccc12,0.0018,True,0.341,0.0037,0.0185,1e-04
3088,,CHEMBL1200549,RAPACURONIUM BROMIDE,C=CC[N+]1([C@H]2C[C@H]3[C@@H]4CC[C@H]5C[C@H](OC(C)=O)[C@@H](N6CCCCC6)C[C@]5(C)[C@H]4CC[C@]3(C)[C@H]2OC(=O)CC)CCCCC1.[Br-],0.0018,False,0.148,0.0,0.0092,0.6162
3089,530.0,CHEMBL471,SOTALOL,CC(C)NCC(O)c1ccc(NS(C)(=O)=O)cc1,0.0018,True,0.31,1e-04,0.038,0.0019
3090,,CHEMBL1587,POLYTHIAZIDE,CN1C(CSCC(F)(F)F)Nc2cc(Cl)c(S(N)(=O)=O)cc2S1(=O)=O,0.0018,False,0.2,0.0007,0.0013,0.0064
3091,,CHEMBL1768,BETHANECHOL CHLORIDE,CC(C[N+](C)(C)C)OC(N)=O.[Cl-],0.0018,False,0.161,0.0005,0.012,0.0011
3092,,CHEMBL3137329,PEFICITINIB HYDROBROMIDE,Br.NC(=O)c1cnc2[nH]ccc2c1N[C@@H]1[C@@H]2CC3C[C@H]1C[C@@](O)(C3)C2,0.0018,False,0.28,0.0,0.0009,0.3837
3093,,CHEMBL1201104,METHENAMINE HIPPURATE,C1N2CN3CN1CN(C2)C3.O=C(O)CNC(=O)c1ccccc1,0.0018,False,0.299,0.0,0.0162,0.0285
3094,,CHEMBL1200925,"POTASSIUM PHOSPHATE, MONOBASIC",O=P([O-])(O)O.[K+],0.0017,False,0.103,0.0007,0.0398,0.0002
3095,,CHEMBL1356,SODIUM BENZOATE,O=C([O-])c1ccccc1.[Na+],0.0017,False,0.333,0.0022,0.0389,1e-04
3096,,CHEMBL1201345,TETRADECYL SULFURIC ACID,CCCCC(CC)CCC(CC(C)C)OS(=O)(=O)O,0.0017,False,0.159,0.0002,0.0077,0.0037
3097,531.0,CHEMBL509,MECLOFENAMIC ACID,Cc1ccc(Cl)c(Nc2ccccc2C(=O)O)c1Cl,0.0017,True,0.396,0.0099,0.0078,1e-04
3098,532.0,CHEMBL1200321,SULFISOXAZOLE DIOLAMINE,Cc1noc(NS(=O)(=O)c2ccc(N)cc2)c1C.OCCNCCO,0.0017,True,0.309,0.0007,0.0108,0.0007
3099,,CHEMBL1200689,NITRIC OXIDE,[N]=O,0.0017,False,0.067,0.0005,0.0148,0.0007
3100,533.0,CHEMBL1201150,SUMATRIPTAN SUCCINATE,CNS(=O)(=O)Cc1ccc2[nH]cc(CCN(C)C)c2c1.O=C(O)CCC(=O)O,0.0017,True,0.31,0.0002,0.0126,0.0024
3101,,CHEMBL1200389,BRIMONIDINE TARTRATE,Brc1c(NC2=NCCN2)ccc2nccnc12.O=C(O)[C@H](O)[C@@H](O)C(=O)O,0.0016,False,0.203,0.0016,0.0182,1e-04
3102,,CHEMBL95889,BETAINE,C[N+](C)(C)CC(=O)O,0.0016,False,0.2,0.0005,0.0077,0.0011
3103,,CHEMBL754,FOSCARNET SODIUM,O=C([O-])P(=O)([O-])[O-].[Na+].[Na+].[Na+],0.0016,False,0.102,0.0004,0.0092,0.0011
3104,,CHEMBL3989754,FLURBIPROFEN SODIUM,CC(C(=O)[O-])c1ccc(-c2ccccc2)c(F)c1.O.O.[Na+],0.0016,False,0.25,0.0037,0.0356,0.0
3105,,CHEMBL957,BOSENTAN,COc1ccccc1Oc1c(NS(=O)(=O)c2ccc(C(C)(C)C)cc2)nc(-c2ncccn2)nc1OCCO,0.0016,False,0.267,0.0009,0.0051,0.001
3106,,CHEMBL898,DIFLUNISAL,O=C(O)c1cc(-c2ccc(F)cc2F)ccc1O,0.0016,False,0.293,0.0015,0.0094,0.0003
3107,,CHEMBL1330792,ACETARSONE,CC(=O)Nc1cc([As](=O)(O)O)ccc1O,0.0016,False,0.275,0.0007,0.0018,0.0031
3108,,CHEMBL1200354,SODIUM TETRADECYL SULFATE,CCCCC(CC)CCC(CC(C)C)OS(=O)(=O)[O-].[Na+],0.0016,False,0.144,0.0002,0.0068,0.0024
3109,,CHEMBL1626570,HEXOCYCLIUM METHYLSULFATE,COS(=O)(=O)[O-].C[N+]1(C)CCN(CC(O)(c2ccccc2)C2CCCCC2)CC1,0.0016,False,0.258,0.0,0.0055,0.0197
3110,,CHEMBL1201352,RAPACURONIUM,C=CC[N+]1([C@H]2C[C@H]3[C@@H]4CC[C@H]5C[C@H](OC(C)=O)[C@@H](N6CCCCC6)C[C@]5(C)[C@H]4CC[C@]3(C)[C@H]2OC(=O)CC)CCCCC1,0.0016,False,0.15,0.0,0.009,0.4495
3111,,CHEMBL4802240,FOSCARBIDOPA,C[C@@](Cc1ccc(OP(=O)(O)O)c(O)c1)(NN)C(=O)O,0.0016,False,0.262,0.002,0.0234,1e-04
3112,,CHEMBL1200814,ACETAZOLAMIDE SODIUM,CC(=O)Nc1nnc(S([NH-])(=O)=O)s1.[Na+],0.0016,False,0.312,0.0007,0.0015,0.0038
3113,,CHEMBL1544,LIOTHYRONINE,N[C@@H](Cc1cc(I)c(Oc2ccc(O)c(I)c2)c(I)c1)C(=O)O,0.0016,False,0.228,0.001,0.0008,0.005
3114,,CHEMBL1200722,PIPECURONIUM BROMIDE,CC(=O)O[C@H]1C[C@@H]2CC[C@@H]3[C@H](CC[C@@]4(C)[C@H]3C[C@H](N3CC[N+](C)(C)CC3)[C@@H]4OC(C)=O)[C@@]2(C)C[C@@H]1N1CC[N+](C)(C)CC1.[Br-].[Br-],0.0015,False,0.153,0.0,0.0052,0.4898
3115,,CHEMBL288470,AMINOPYRINE,Cc1c(N(C)C)c(=O)n(-c2ccccc2)n1C,0.0015,False,0.283,0.0023,0.0135,1e-04
3116,534.0,CHEMBL1200725,SERTACONAZOLE NITRATE,Clc1ccc(C(Cn2ccnc2)OCc2csc3c(Cl)cccc23)c(Cl)c1.O=[N+]([O-])O,0.0015,True,0.3,0.002,0.0265,1e-04
3117,535.0,CHEMBL686,MEFENAMIC ACID,Cc1cccc(Nc2ccccc2C(=O)O)c1C,0.0015,True,0.353,0.0022,0.1356,0.0
3118,,CHEMBL1482,BETHANECHOL,CC(C[N+](C)(C)C)OC(N)=O,0.0015,False,0.164,0.0002,0.011,0.0015
3119,,CHEMBL497,CLIOQUINOL,Oc1c(I)cc(Cl)c2cccnc12,0.0015,False,0.434,0.0037,0.001,0.001
3120,,CHEMBL75880,PERHEXILINE,C1CCC(C(CC2CCCCN2)C2CCCCC2)CC1,0.0015,False,0.21,0.0,0.0006,0.4664
3121,,CHEMBL2079793,PENCICLOVIR SODIUM,Nc1nc([O-])c2ncn(CCC(CO)CO)c2n1.[Na+],0.0015,False,0.195,0.0205,0.0007,0.0002
3122,,CHEMBL1441059,ALBUTEROL SULFATE,CC(C)(C)NCC(O)c1ccc(O)c(CO)c1.CC(C)(C)NCC(O)c1ccc(O)c(CO)c1.O=S(=O)(O)O,0.0015,False,0.217,1e-04,0.0232,0.0014
3123,,CHEMBL424,SALICYLIC ACID,O=C(O)c1ccccc1O,0.0014,False,0.371,0.0012,0.0397,1e-04
3124,,CHEMBL2105131,MEFRUSIDE,CN(CC1(C)CCCO1)S(=O)(=O)c1ccc(Cl)c(S(N)(=O)=O)c1,0.0014,False,0.247,0.0046,0.0002,0.0029
3125,,CHEMBL2105581,VERALIPRIDE,C=CCN1CCCC1CNC(=O)c1cc(S(N)(=O)=O)cc(OC)c1OC,0.0014,False,0.244,0.0009,0.0065,0.0005
3126,,CHEMBL1200539,CALCIUM CARBONATE,O=C([O-])[O-].[Ca+2],0.0014,False,0.12,0.0002,0.035,0.0004
3127,,CHEMBL1279,FROVATRIPTAN,CN[C@@H]1CCc2[nH]c3ccc(C(N)=O)cc3c2C1,0.0014,False,0.268,1e-04,1e-04,0.5271
3128,,CHEMBL19449,IBUDILAST,CC(C)C(=O)c1c(C(C)C)nn2ccccc12,0.0014,False,0.255,0.0072,0.018,0.0
3129,,CHEMBL3989564,TOBRAMYCIN SULFATE,NC[C@H]1O[C@H](O[C@H]2[C@H](O)[C@@H](O[C@H]3O[C@H](CO)[C@@H](O)[C@H](N)[C@H]3O)[C@H](N)C[C@@H]2N)[C@H](N)C[C@@H]1O.NC[C@H]1O[C@H](O[C@H]2[C@H](O)[C@@H](O[C@H]3O[C@H](CO)[C@@H](O)[C@H](N)[C@H]3O)[C@H](N)C[C@@H]2N)[C@H](N)C[C@@H]1O.O=S(=O)(O)O.O=S(=O)(O)O.O=S(=O)(O)O.O=S(=O)(O)O.O=S(=O)(O)O,0.0014,False,0.165,0.0,0.0005,0.1471
3130,,CHEMBL1200711,OMEGA-3-ACID ETHYL ESTERS,CC/C=C\C/C=C\C/C=C\C/C=C\C/C=C\C/C=C\CCC(=O)OCC.CC/C=C\C/C=C\C/C=C\C/C=C\C/C=C\CCCC(=O)OCC,0.0014,False,0.291,0.0,0.0118,0.0762
3131,,CHEMBL1289,HALOPROGIN,Clc1cc(Cl)c(OCC#CI)cc1Cl,0.0014,False,0.214,0.0047,0.0006,0.0009
3132,536.0,CHEMBL408513,BELINOSTAT,O=C(/C=C/c1cccc(S(=O)(=O)Nc2ccccc2)c1)NO,0.0013,True,0.324,0.0009,0.0154,0.0002
3133,,CHEMBL1368,"SODIUM PHOSPHATE, MONOBASIC",O=P([O-])(O)O.[Na+],0.0013,False,0.103,0.0005,0.0263,0.0002
3134,,CHEMBL20,ACETAZOLAMIDE,CC(=O)Nc1nnc(S(N)(=O)=O)s1,0.0013,False,0.319,0.0006,0.001,0.0034
3135,,CHEMBL1763,HYDROFLUMETHIAZIDE,NS(=O)(=O)c1cc2c(cc1C(F)(F)F)NCNS2(=O)=O,0.0013,False,0.179,0.0002,0.0002,0.0614
3136,,CHEMBL459,METHYLDOPA,C[C@](N)(Cc1ccc(O)c(O)c1)C(=O)O,0.0013,False,0.304,0.0003,0.038,0.0002
3137,,CHEMBL1200743,IOXAGLATE SODIUM,CNC(=O)c1c(I)c(C(=O)NCC(=O)Nc2c(I)c(C(=O)[O-])c(I)c(C(=O)NCCO)c2I)c(I)c(N(C)C(C)=O)c1I.[Na+],0.0013,False,0.198,0.0086,1e-04,0.0036
3138,,CHEMBL1533,DESOGESTREL,C#C[C@]1(O)CC[C@H]2[C@@H]3CCC4=CCCC[C@@H]4[C@H]3C(=C)C[C@@]21CC,0.0013,False,0.155,0.0,0.0022,0.1704
3139,,CHEMBL2105897,BARIUM SULFATE,O=S(=O)([O-])[O-].[Ba+2],0.0013,False,0.109,0.0007,0.0207,0.0002
3140,,CHEMBL836,TAMSULOSIN,CCOc1ccccc1OCCN[C@H](C)Cc1ccc(OC)c(S(N)(=O)=O)c1,0.0013,False,0.259,0.0009,0.0027,0.0008
3141,537.0,CHEMBL1339,VARDENAFIL HYDROCHLORIDE,CCCc1nc(C)c2c(O)nc(-c3cc(S(=O)(=O)N4CCN(CC)CC4)ccc3OCC)nn12.Cl,0.0013,True,0.476,0.0004,0.0029,0.0021
3142,,CHEMBL1200383,BENZTROPINE MESYLATE,CN1[C@@H]2CC[C@H]1C[C@@H](OC(c1ccccc1)c1ccccc1)C2.CS(=O)(=O)O,0.0012,False,0.241,1e-04,0.0035,0.0047
3143,,CHEMBL1514715,ETHAMSYLATE,CCNCC.O=S(=O)(O)c1cc(O)ccc1O,0.0012,False,0.273,0.0006,0.0094,0.0003
3144,,CHEMBL221722,FAVIPIRAVIR,NC(=O)c1nc(F)cnc1O,0.0012,False,0.222,0.0006,0.0019,0.0014
3145,,CHEMBL437,SULFATHIAZOLE,Nc1ccc(S(=O)(=O)Nc2nccs2)cc1,0.0012,False,0.254,0.0019,0.0033,0.0003
3146,,CHEMBL1200929,ZINC SULFATE,O=S(=O)([O-])[O-].[Zn+2],0.0012,False,0.093,0.0006,0.0196,1e-04
3147,,CHEMBL278020,NEOSTIGMINE,CN(C)C(=O)Oc1cccc([N+](C)(C)C)c1,0.0012,False,0.286,0.0016,0.059,0.0
3148,,CHEMBL1200895,PHENELZINE SULFATE,NNCCc1ccccc1.O=S(=O)(O)O,0.0012,False,0.271,0.0005,0.022,0.0002
3149,,CHEMBL1201291,IOXAGLIC ACID,CNC(=O)c1c(I)c(C(=O)NCC(=O)Nc2c(I)c(C(=O)O)c(I)c(C(=O)NCCO)c2I)c(I)c(N(C)C(C)=O)c1I,0.0012,False,0.202,0.0088,1e-04,0.0031
3150,,CHEMBL258918,MESTEROLONE,C[C@H]1CC(=O)C[C@@H]2CC[C@H]3[C@@H]4CC[C@H](O)[C@@]4(C)CC[C@@H]3[C@]21C,0.0012,False,0.159,0.0,0.0003,0.5742
3151,539.0,CHEMBL1201165,QUINESTROL,C#C[C@]1(O)CC[C@H]2[C@@H]3CCc4cc(OC5CCCC5)ccc4[C@H]3CC[C@@]21C,0.0011,True,0.314,0.0,1e-04,0.9745
3152,,CHEMBL2107253,SULFADIMETHOXINE SODIUM,COc1cc([N-]S(=O)(=O)c2ccc(N)cc2)nc(OC)n1.[Na+],0.0011,False,0.241,1e-04,0.005,0.0025
3153,,CHEMBL1446,KANAMYCIN SULFATE,NC[C@H]1O[C@H](O[C@H]2[C@H](O)[C@@H](O[C@H]3O[C@H](CO)[C@@H](O)[C@H](N)[C@H]3O)[C@H](N)C[C@@H]2N)[C@H](O)[C@@H](O)[C@@H]1O.O=S(=O)(O)O,0.0011,False,0.207,0.0,0.0003,0.244
3154,,CHEMBL1454910,NITROXOLINE,O=[N+]([O-])c1ccc(O)c2ncccc12,0.0011,False,0.348,0.0012,0.0064,0.0002
3155,,CHEMBL1140,NIACINAMIDE,NC(=O)c1cccnc1,0.0011,False,0.341,0.001,0.0232,1e-04
3156,,CHEMBL931,HALOTHANE,FC(F)(F)C(Cl)Br,0.0011,False,0.103,0.0037,0.0,0.0099
3157,,CHEMBL1200601,NARATRIPTAN HYDROCHLORIDE,CNS(=O)(=O)CCc1ccc2[nH]cc(C3CCN(C)CC3)c2c1.Cl,0.0011,False,0.266,1e-04,0.0256,0.0005
3158,,CHEMBL4594278,GEFAPIXANT CITRATE,COc1cc(C(C)C)c(Oc2cnc(N)nc2N)cc1S(N)(=O)=O.O=C(O)CC(O)(CC(=O)O)C(=O)O,0.0011,False,0.286,0.0006,0.0051,0.0004
3159,538.0,CHEMBL3989408,IBUPROFEN SODIUM,CC(C)Cc1ccc(C(C)C(=O)[O-])cc1.O.O.[Na+],0.0011,True,0.308,0.0004,0.0245,1e-04
3160,,CHEMBL62193,SULFADIMETHOXINE,COc1cc(NS(=O)(=O)c2ccc(N)cc2)nc(OC)n1,0.0011,False,0.25,0.0002,0.0038,0.0017
3161,,CHEMBL3184799,MEPHENTERMINE SULFATE,CNC(C)(C)Cc1ccccc1.CNC(C)(C)Cc1ccccc1.O=S(=O)(O)O,0.0011,False,0.241,0.0008,0.0063,0.0002
3162,,CHEMBL1201119,LIOTHYRONINE SODIUM,N[C@@H](Cc1cc(I)c(Oc2ccc(O)c(I)c2)c(I)c1)C(=O)[O-].[Na+],0.0011,False,0.232,0.0006,0.0006,0.003
3163,,CHEMBL1200660,ISOSORBIDE,O[C@@H]1CO[C@H]2[C@@H]1OC[C@@H]2O,0.0011,False,0.135,1e-04,0.0,0.9955
3164,,CHEMBL1200850,GANCICLOVIR SODIUM,Nc1nc([O-])c2ncn(COC(CO)CO)c2n1.[Na+],0.0011,False,0.191,0.0251,0.0005,1e-04
3165,,CHEMBL93268,SODIUM NITRITE,O=N[O-].[Na+],0.001,False,0.071,0.0003,0.0145,0.0002
3166,,CHEMBL1076903,VARENICLINE,c1cnc2cc3c(cc2n1)[C@@H]1CNC[C@H]3C1,0.001,False,0.208,0.0004,0.0,0.9999
3167,,CHEMBL2021424,POTASSIUM SULFATE,O=S(=O)([O-])[O-].[K+].[K+],0.001,False,0.093,0.0005,0.0256,1e-04
3168,,CHEMBL1161681,NITROUS ACID,O=NO,0.001,False,0.085,0.0002,0.0149,0.0003
3169,,CHEMBL1278,NARATRIPTAN,CNS(=O)(=O)CCc1ccc2[nH]cc(C3CCN(C)CC3)c2c1,0.001,False,0.256,1e-04,0.0238,0.0004
3170,,CHEMBL1200914,TAMSULOSIN HYDROCHLORIDE,CCOc1ccccc1OCCN[C@H](C)Cc1ccc(OC)c(S(N)(=O)=O)c1.Cl,0.001,False,0.256,0.0007,0.0028,0.0006
3171,,CHEMBL50588,EMETINE,CC[C@H]1CN2CCc3cc(OC)c(OC)cc3[C@@H]2C[C@@H]1C[C@H]1NCCc2cc(OC)c(OC)cc21,0.001,False,0.217,1e-04,0.0,1.0
3172,540.0,CHEMBL1201003,ELETRIPTAN HYDROBROMIDE,Br.CN1CCC[C@@H]1Cc1c[nH]c2ccc(CCS(=O)(=O)c3ccccc3)cc12,0.001,True,0.326,0.0003,0.0047,0.0006
3173,541.0,CHEMBL934,METYRAPONE,CC(C)(C(=O)c1cccnc1)c1cccnc1,0.001,True,0.333,0.0014,0.0123,1e-04
3174,,CHEMBL1200380,ACYCLOVIR SODIUM,Nc1nc([O-])c2ncn(COCCO)c2n1.[Na+],0.001,False,0.194,0.0145,0.0006,1e-04
3175,,CHEMBL3545313,BEMPEDOIC ACID,CC(C)(CCCCCC(O)CCCCCC(C)(C)C(=O)O)C(=O)O,0.001,False,0.156,0.0003,0.0039,0.0011
3176,,CHEMBL2106975,POTASSIUM BICARBONATE,O=C([O-])O.[K+],0.001,False,0.129,1e-04,0.0424,0.0002
3177,,CHEMBL3137308,PEFICITINIB,NC(=O)c1cnc2[nH]ccc2c1N[C@@H]1[C@@H]2CC3C[C@H]1C[C@@](O)(C3)C2,0.001,False,0.284,0.0,0.0006,0.211
3178,,CHEMBL1200629,VECURONIUM BROMIDE,CC(=O)O[C@H]1C[C@@H]2CC[C@@H]3[C@H](CC[C@@]4(C)[C@H]3C[C@H]([N+]3(C)CCCCC3)[C@@H]4OC(C)=O)[C@@]2(C)C[C@@H]1N1CCCCC1.[Br-],0.0009,False,0.144,0.0,0.0026,0.295
3179,,CHEMBL1201206,PIPECURONIUM,CC(=O)O[C@H]1C[C@@H]2CC[C@@H]3[C@H](CC[C@@]4(C)[C@H]3C[C@H](N3CC[N+](C)(C)CC3)[C@@H]4OC(C)=O)[C@@]2(C)C[C@@H]1N1CC[N+](C)(C)CC1,0.0009,False,0.155,0.0,0.0036,0.2193
3180,,CHEMBL533,IBUTILIDE,CCCCCCCN(CC)CCCC(O)c1ccc(NS(C)(=O)=O)cc1,0.0009,False,0.25,1e-04,0.0177,0.0007
3181,,CHEMBL1200367,ECHOTHIOPHATE IODIDE,CCOP(=O)(OCC)SCC[N+](C)(C)C.[I-],0.0009,False,0.139,0.002,0.0011,0.0004
3182,542.0,CHEMBL3716057,GEFAPIXANT,COc1cc(C(C)C)c(Oc2cnc(N)nc2N)cc1S(N)(=O)=O,0.0009,True,0.323,0.0005,0.0036,0.0004
3183,,CHEMBL1539,SULFADOXINE,COc1ncnc(NS(=O)(=O)c2ccc(N)cc2)c1OC,0.0009,False,0.291,1e-04,0.0077,0.0007
3184,,CHEMBL1200736,MAGNESIUM CARBONATE,O=C([O-])[O-].[Mg+2],0.0009,False,0.12,0.0002,0.0214,0.0002
3185,,CHEMBL1072,BUMETANIDE,CCCCNc1cc(C(=O)O)cc(S(N)(=O)=O)c1Oc1ccccc1,0.0009,False,0.284,0.0016,0.0037,1e-04
3186,,CHEMBL830,EFLORNITHINE,NCCCC(N)(C(=O)O)C(F)F,0.0009,False,0.147,0.0011,0.0041,0.0002
3187,,CHEMBL1200598,DIETHYLSTILBESTROL DIPHOSPHATE,CC/C(=C(/CC)c1ccc(OP(=O)(O)O)cc1)c1ccc(OP(=O)(O)O)cc1,0.0009,False,0.297,0.0003,0.0135,0.0002
3188,,CHEMBL2206196,PAROMOMYCIN SULFATE,NC[C@@H]1O[C@H](O[C@H]2[C@@H](O)[C@H](O[C@@H]3[C@@H](O)[C@H](N)C[C@H](N)[C@H]3O[C@H]3O[C@H](CO)[C@@H](O)[C@H](O)[C@H]3N)O[C@@H]2CO)[C@H](N)[C@@H](O)[C@@H]1O.O=S(=O)(O)O,0.0009,False,0.175,0.0,0.0002,0.2615
3189,,CHEMBL220492,TOPIRAMATE,CC1(C)O[C@@H]2[C@@H](CO[C@@]3(COS(N)(=O)=O)OC(C)(C)O[C@@H]23)O1,0.0009,False,0.117,0.0,0.0182,0.0107
3190,,CHEMBL2009089,SELENIOUS ACID,O=[Se](O)O,0.0008,False,0.083,0.001,0.0008,0.0005
3191,,CHEMBL186314,SODIUM CARBONATE,O=C([O-])[O-].[Na+].[Na+],0.0008,False,0.12,0.0002,0.0212,1e-04
3192,,CHEMBL750,ZONISAMIDE,NS(=O)(=O)Cc1noc2ccccc12,0.0008,False,0.267,0.0008,0.0008,0.0008
3193,,CHEMBL535396,RIMANTADINE HYDROCHLORIDE,CC(N)C12CC3CC(CC(C3)C1)C2.Cl,0.0008,False,0.131,0.0,0.0008,0.6351
3194,,CHEMBL453,SULFISOXAZOLE,Cc1noc(NS(=O)(=O)c2ccc(N)cc2)c1C,0.0008,False,0.25,0.0003,0.0081,0.0003
3195,,CHEMBL997,IBANDRONIC ACID,CCCCCN(C)CCC(O)(P(=O)(O)O)P(=O)(O)O,0.0008,False,0.229,0.0075,0.0002,0.0004
3196,,CHEMBL3989461,ROSE BENGAL SODIUM I 131,O=C([O-])c1c(Cl)c(Cl)c(Cl)c(Cl)c1-c1c2cc([131I])c(=O)c(I)c-2oc2c(I)c([O-])c([131I])cc12.[Na+].[Na+],0.0008,False,0.192,1e-04,0.0002,0.0325
3197,,CHEMBL959,RIMANTADINE,CC(N)C12CC3CC(CC(C3)C1)C2,0.0008,False,0.133,0.0,0.0006,0.7606
3198,,CHEMBL1200770,IOCETAMIC ACID,CC(=O)N(CC(C)C(=O)O)c1c(I)cc(I)c(N)c1I,0.0008,False,0.188,0.001,1e-04,0.0075
3199,,CHEMBL1200757,PANCURONIUM BROMIDE,CC(=O)O[C@H]1C[C@@H]2CC[C@@H]3[C@H](CC[C@@]4(C)[C@H]3C[C@H]([N+]3(C)CCCCC3)[C@@H]4OC(C)=O)[C@@]2(C)C[C@@H]1[N+]1(C)CCCCC1.[Br-].[Br-],0.0008,False,0.133,0.0,0.0021,0.2633
3200,,CHEMBL964,DISULFIRAM,CCN(CC)C(=S)SSC(=S)N(CC)CC,0.0008,False,0.162,0.0024,0.0035,1e-04
3201,,CHEMBL1908847,SPARTEINE,C1CCN2C[C@@H]3C[C@@H](CN4CCCC[C@@H]34)[C@H]2C1,0.0007,False,0.154,0.0,0.0003,0.8825
3202,,CHEMBL1187,PHOSPHORIC ACID,O=P(O)(O)O,0.0007,False,0.103,0.0002,0.0227,1e-04
3203,,CHEMBL2107799,FLURPIRIDAZ F 18,CC(C)(C)n1ncc(OCc2ccc(COCC[18F])cc2)c(Cl)c1=O,0.0007,False,0.247,0.0009,0.0019,0.0002
3204,,CHEMBL3989569,IBANDRONATE SODIUM,CCCCCN(C)CCC(O)(P(=O)([O-])O)P(=O)(O)O.O.[Na+],0.0007,False,0.211,0.0046,0.0002,0.0003
3205,543.0,CHEMBL56367,NIMESULIDE,CS(=O)(=O)Nc1ccc([N+](=O)[O-])cc1Oc1ccccc1,0.0007,True,0.333,0.0008,0.0029,1e-04
3206,,CHEMBL2064032,VONOPRAZAN FUMARATE,CNCc1cc(-c2ccccc2F)n(S(=O)(=O)c2cccnc2)c1.O=C(O)/C=C/C(=O)O,0.0007,False,0.256,0.0012,0.0031,1e-04
3207,,CHEMBL494622,FLURPIRIDAZ,CC(C)(C)n1ncc(OCc2ccc(COCCF)cc2)c(Cl)c1=O,0.0007,False,0.247,0.0009,0.0019,0.0002
3208,,CHEMBL1201161,MAFENIDE ACETATE,CC(=O)O.NCc1ccc(S(N)(=O)=O)cc1,0.0007,False,0.296,0.0,0.0126,0.0022
3209,,CHEMBL18,ETHOXZOLAMIDE,CCOc1ccc2nc(S(N)(=O)=O)sc2c1,0.0007,False,0.333,0.0019,0.0006,0.0003
3210,,CHEMBL2110367,TRIMETHOPRIM SULFATE,COc1cc(Cc2cnc(N)nc2N)cc(OC)c1OC.COc1cc(Cc2cnc(N)nc2N)cc(OC)c1OC.O=S(=O)(O)O,0.0007,False,0.537,0.0026,0.0072,0.0
3211,,CHEMBL233406,SODIUM SULFATE ANHYDROUS,O=S(=O)([O-])[O-].[Na+].[Na+],0.0007,False,0.093,0.0003,0.0141,1e-04
3212,,CHEMBL940,GABAPENTIN,NCC1(CC(=O)O)CCCCC1,0.0007,False,0.149,0.0,0.0049,0.009
3213,,CHEMBL1201037,EFLORNITHINE HYDROCHLORIDE,Cl.NCCCC(N)(C(=O)O)C(F)F.O,0.0007,False,0.156,0.0008,0.005,1e-04
3214,,CHEMBL3833350,MAGALDRATE,O.O=S(=O)([O-])[O-].O=S(=O)([O-])[O-].[Al+3].[Al+3].[Al+3].[Al+3].[Al+3].[Mg+2].[Mg+2].[Mg+2].[Mg+2].[Mg+2].[Mg+2].[Mg+2].[Mg+2].[Mg+2].[Mg+2].[OH-].[OH-].[OH-].[OH-].[OH-].[OH-].[OH-].[OH-].[OH-].[OH-].[OH-].[OH-].[OH-].[OH-].[OH-].[OH-].[OH-].[OH-].[OH-].[OH-].[OH-].[OH-].[OH-].[OH-].[OH-].[OH-].[OH-].[OH-].[OH-].[OH-].[OH-],0.0007,False,0.087,0.0005,0.0225,0.0
3215,,CHEMBL1200862,METYROSINE,C[C@](N)(Cc1ccc(O)cc1)C(=O)O,0.0007,False,0.306,0.0002,0.0073,0.0002
3216,,CHEMBL2021423,MAGNESIUM SULFATE ANHYDROUS,O=S(=O)([O-])[O-].[Mg+2],0.0007,False,0.093,0.0003,0.0138,1e-04
3217,,CHEMBL2096650,SODIUM THIOSULFATE,O.O.O.O.O.O=S([O-])([O-])=S.[Na+].[Na+],0.0007,False,0.087,0.0004,0.0063,1e-04
3218,,CHEMBL3833408,MAGALDRATE ANHYDROUS,O=S(=O)([O-])[O-].O=S(=O)([O-])[O-].[Al+3].[Al+3].[Al+3].[Al+3].[Al+3].[Mg+2].[Mg+2].[Mg+2].[Mg+2].[Mg+2].[Mg+2].[Mg+2].[Mg+2].[Mg+2].[Mg+2].[OH-].[OH-].[OH-].[OH-].[OH-].[OH-].[OH-].[OH-].[OH-].[OH-].[OH-].[OH-].[OH-].[OH-].[OH-].[OH-].[OH-].[OH-].[OH-].[OH-].[OH-].[OH-].[OH-].[OH-].[OH-].[OH-].[OH-].[OH-].[OH-].[OH-].[OH-],0.0007,False,0.089,0.0005,0.0225,0.0
3219,,CHEMBL181,DIAZOXIDE,CC1=Nc2ccc(Cl)cc2S(=O)(=O)N1,0.0007,False,0.224,1e-04,0.0031,0.0008
3220,,CHEMBL573,NIACIN,O=C(O)c1cccnc1,0.0007,False,0.442,0.0007,0.019,0.0
3221,544.0,CHEMBL1109,SULFAPHENAZOLE,Nc1ccc(S(=O)(=O)Nc2ccnn2-c2ccccc2)cc1,0.0007,True,0.333,0.0016,0.0019,1e-04
3222,,CHEMBL1200623,ETHYLESTRENOL,CC[C@]1(O)CC[C@H]2[C@@H]3CCC4=CCCC[C@@H]4[C@H]3CC[C@@]21C,0.0007,False,0.147,0.0,0.0002,0.7348
3223,,CHEMBL2107239,IOXITALAMIC ACID,CC(=O)Nc1c(I)c(C(=O)O)c(I)c(C(=O)NCCO)c1I,0.0007,False,0.247,0.0018,0.0,0.0033
3224,,CHEMBL2068724,ACAMPROSATE CALCIUM,CC(=O)NCCCS(=O)(=O)[O-].CC(=O)NCCCS(=O)(=O)[O-].[Ca+2],0.0006,False,0.172,0.0,0.0055,0.0009
3225,,CHEMBL1201142,RASAGILINE MESYLATE,C#CCN[C@@H]1CCc2ccccc21.CS(=O)(=O)O,0.0006,False,0.222,0.0003,0.0023,0.0003
3226,,CHEMBL1201341,ECHOTHIOPHATE,CCOP(=O)(OCC)SCC[N+](C)(C)C,0.0006,False,0.141,0.0011,0.0008,0.0003
3227,,CHEMBL1200458,POTASSIUM CITRATE ANHYDROUS,O=C([O-])CC(O)(CC(=O)[O-])C(=O)[O-].[K+].[K+].[K+],0.0006,False,0.154,0.0003,0.0082,1e-04
3228,,CHEMBL2103873,MACITENTAN,CCCNS(=O)(=O)Nc1ncnc(OCCOc2ncc(Br)cn2)c1-c1ccc(Br)cc1,0.0006,False,0.247,0.0009,0.0014,0.0002
3229,,CHEMBL1208422,ROSE BENGAL FREE ACID,O=C(O)c1c(Cl)c(Cl)c(Cl)c(Cl)c1-c1c2cc(I)c(=O)c(I)c-2oc2c(I)c(O)c(I)cc12,0.0006,False,0.216,1e-04,1e-04,0.0183
3230,,CHEMBL1201293,ACAMPROSATE,CC(=O)NCCCS(=O)(=O)O,0.0006,False,0.19,0.0,0.0056,0.0015
3231,,CHEMBL1201261,TYROPANOIC ACID,CCCC(=O)Nc1c(I)cc(I)c(CC(CC)C(=O)O)c1I,0.0006,False,0.218,0.0178,0.0,0.0003
3232,,CHEMBL1353,SODIUM BICARBONATE,O=C([O-])O.[Na+],0.0006,False,0.129,1e-04,0.0208,1e-04
3233,,CHEMBL1201219,VECURONIUM,CC(=O)O[C@H]1C[C@@H]2CC[C@@H]3[C@H](CC[C@@]4(C)[C@H]3C[C@H]([N+]3(C)CCCCC3)[C@@H]4OC(C)=O)[C@@]2(C)C[C@@H]1N1CCCCC1,0.0006,False,0.146,0.0,0.0021,0.1029
3234,,CHEMBL3989857,MAGNESIUM SULFATE,O.O.O.O.O.O.O.O=S(=O)([O-])[O-].[Mg+2],0.0006,False,0.091,0.0004,0.0181,0.0
3235,,CHEMBL3989856,SODIUM SULFATE,O.O.O.O.O.O.O.O.O.O.O=S(=O)([O-])[O-].[Na+].[Na+],0.0006,False,0.091,0.0004,0.0187,0.0
3236,,CHEMBL614,PYRAZINAMIDE,NC(=O)c1cnccn1,0.0006,False,0.26,0.0004,0.0093,1e-04
3237,,CHEMBL559,DEXTROTHYROXINE,N[C@H](Cc1cc(I)c(Oc2cc(I)c(O)c(I)c2)c(I)c1)C(=O)O,0.0005,False,0.241,0.0003,1e-04,0.0051
3238,,CHEMBL1200826,LITHIUM CARBONATE,O=C([O-])[O-].[Li+].[Li+],0.0005,False,0.12,1e-04,0.0151,1e-04
3239,,CHEMBL1200680,SELENIUM SULFIDE,S=[Se]=S,0.0005,False,0.031,0.0002,0.0019,0.0003
3240,,CHEMBL185073,PANCURONIUM,CC(=O)O[C@H]1C[C@@H]2CC[C@@H]3[C@H](CC[C@@]4(C)[C@H]3C[C@H]([N+]3(C)CCCCC3)[C@@H]4OC(C)=O)[C@@]2(C)C[C@@H]1[N+]1(C)CCCCC1,0.0005,False,0.134,0.0,0.0014,0.0766
3241,,CHEMBL1908348,SPARTEINE SULFATE,C1CCN2C[C@@H]3C[C@@H](CN4CCCC[C@@H]34)[C@H]2C1.O.O.O.O.O.O=S(=O)(O)O,0.0005,False,0.177,0.0,0.0019,0.0092
3242,,CHEMBL1201743,SAXAGLIPTIN HYDROCHLORIDE,Cl.N#C[C@@H]1C[C@@H]2C[C@@H]2N1C(=O)[C@@H](N)C12CC3CC(CC(O)(C3)C1)C2,0.0005,False,0.143,0.0,0.0015,0.067
3243,,CHEMBL142703,VILDAGLIPTIN,N#C[C@@H]1CCCN1C(=O)CNC12CC3CC(CC(O)(C3)C1)C2,0.0005,False,0.194,0.0,0.002,0.0592
3244,,CHEMBL1236315,TARTARIC ACID,O=C(O)[C@H](O)[C@@H](O)C(=O)O,0.0005,False,0.125,1e-04,0.0411,0.0
3245,,CHEMBL2104489,ANAGESTONE ACETATE,CC(=O)O[C@]1(C(C)=O)CCC2[C@@H]3C[C@H](C)C4=CCCC[C@]4(C)[C@H]3CC[C@@]21C,0.0005,False,0.181,0.0,0.004,0.0331
3246,,CHEMBL877,TRANEXAMIC ACID,NC[C@H]1CC[C@H](C(=O)O)CC1,0.0005,False,0.208,0.0,0.0066,0.0049
3247,,CHEMBL2079587,STANOZOLOL,C[C@]12Cc3c[nH]nc3C[C@@H]1CC[C@@H]1[C@@H]2CC[C@@]2(C)[C@H]1CC[C@]2(C)O,0.0005,False,0.182,0.0,0.0,0.996
3248,,CHEMBL3833351,HYDROTALCITE,O.O.O.O.O=C([O-])[O-].[Al+3].[Al+3].[Mg+2].[Mg+2].[Mg+2].[Mg+2].[Mg+2].[Mg+2].[OH-].[OH-].[OH-].[OH-].[OH-].[OH-].[OH-].[OH-].[OH-].[OH-].[OH-].[OH-].[OH-].[OH-].[OH-].[OH-],0.0005,False,0.108,0.0003,0.0312,0.0
3249,,CHEMBL3833409,HYDROTALCITE ANHYDROUS,O=C([O-])[O-].[Al+3].[Al+3].[Mg+2].[Mg+2].[Mg+2].[Mg+2].[Mg+2].[Mg+2].[OH-].[OH-].[OH-].[OH-].[OH-].[OH-].[OH-].[OH-].[OH-].[OH-].[OH-].[OH-].[OH-].[OH-].[OH-].[OH-],0.0005,False,0.111,0.0003,0.0308,0.0
3250,,CHEMBL1201243,IPODATE,CN(C)/C=N/c1c(I)cc(I)c(CCC(=O)O)c1I,0.0005,False,0.246,0.0042,0.0,0.0011
3251,,CHEMBL3989822,POTASSIUM CITRATE,O.O=C([O-])CC(O)(CC(=O)[O-])C(=O)[O-].[K+].[K+].[K+],0.0005,False,0.151,0.0003,0.0078,1e-04
3252,545.0,CHEMBL48582,SAFINAMIDE MESYLATE,CS(=O)(=O)O.C[C@H](NCc1ccc(OCc2cccc(F)c2)cc1)C(N)=O,0.0005,True,0.324,0.0,0.0172,0.002
3253,,CHEMBL2110636,BUNAMIODYL,CCCC(=O)Nc1c(I)cc(I)c(/C=C(\CC)C(=O)O)c1I,0.0004,False,0.215,0.0017,0.0,0.0007
3254,,CHEMBL385517,SAXAGLIPTIN ANHYDROUS,N#C[C@@H]1C[C@@H]2C[C@@H]2N1C(=O)[C@@H](N)C12CC3CC(CC(O)(C3)C1)C2,0.0004,False,0.145,0.0,0.0013,0.0676
3255,,CHEMBL3989480,MAGNESIUM CITRATE,O=C([O-])CC(O)(CC(=O)[O-])C(=O)[O-].O=C([O-])CC(O)(CC(=O)[O-])C(=O)[O-].[Mg+2].[Mg+2].[Mg+2],0.0004,False,0.154,0.0002,0.0057,1e-04
3256,,CHEMBL1095292,BRETYLIUM TOSYLATE,CC[N+](C)(C)Cc1ccccc1Br.Cc1ccc(S(=O)(=O)[O-])cc1,0.0004,False,0.221,0.0004,0.0015,1e-04
3257,,CHEMBL1505,ALMOTRIPTAN,CN(C)CCc1c[nH]c2ccc(CS(=O)(=O)N3CCCC3)cc12,0.0004,False,0.259,0.0002,0.001,0.0002
3258,,CHEMBL1200648,ROCURONIUM BROMIDE,C=CC[N+]1([C@H]2C[C@H]3[C@@H]4CC[C@H]5C[C@H](O)[C@@H](N6CCOCC6)C[C@]5(C)[C@H]4CC[C@]3(C)[C@H]2OC(C)=O)CCCC1.[Br-],0.0004,False,0.154,0.0,0.0006,0.1499
3259,,CHEMBL1200899,TYROPANOATE SODIUM,CCCC(=O)Nc1c(I)cc(I)c(CC(CC)C(=O)[O-])c1I.[Na+],0.0004,False,0.21,0.0098,1e-04,0.0002
3260,,CHEMBL328560,SULTHIAME,NS(=O)(=O)c1ccc(N2CCCCS2(=O)=O)cc1,0.0004,False,0.246,0.0002,0.0008,0.0005
3261,,CHEMBL3545058,DEXTROTHYROXINE SODIUM,N[C@H](Cc1cc(I)c(Oc2cc(I)c(O)c(I)c2)c(I)c1)C(=O)[O-].O.[Na+],0.0004,False,0.207,0.0002,1e-04,0.0037
3262,,CHEMBL1624,LEVOTHYROXINE,N[C@@H](Cc1cc(I)c(Oc2cc(I)c(O)c(I)c2)c(I)c1)C(=O)O,0.0004,False,0.241,0.0004,1e-04,0.0037
3263,,CHEMBL1054,TRICHLORMETHIAZIDE,NS(=O)(=O)c1cc2c(cc1Cl)NC(C(Cl)Cl)NS2(=O)=O,0.0004,False,0.169,0.0005,0.0,0.0059
3264,,CHEMBL1576,ETHINAMATE,C#CC1(OC(N)=O)CCCCC1,0.0004,False,0.161,0.0,0.0041,0.0012
3265,,CHEMBL1201244,ROCURONIUM,C=CC[N+]1([C@H]2C[C@H]3[C@@H]4CC[C@H]5C[C@H](O)[C@@H](N6CCOCC6)C[C@]5(C)[C@H]4CC[C@]3(C)[C@H]2OC(C)=O)CCCC1,0.0004,False,0.146,0.0,0.0005,0.0925
3266,,CHEMBL2103741,LEVOTHYROXINE SODIUM,N[C@@H](Cc1cc(I)c(Oc2cc(I)c(O)c(I)c2)c(I)c1)C(=O)[O-].O.[Na+],0.0004,False,0.207,0.0002,1e-04,0.0027
3267,547.0,CHEMBL1200359,SULFAMETER,COc1cnc(NS(=O)(=O)c2ccc(N)cc2)nc1,0.0004,True,0.314,1e-04,0.0072,0.0002
3268,,CHEMBL1569,AMANTADINE HYDROCHLORIDE,Cl.NC12CC3CC(CC(C3)C1)C2,0.0004,False,0.107,0.0,1e-04,0.425
3269,,CHEMBL2103738,LITHIUM CITRATE,O.O.O.O.O=C([O-])CC(O)(CC(=O)[O-])C(=O)[O-].[Li+].[Li+].[Li+],0.0004,False,0.151,0.0002,0.0064,0.0
3270,,CHEMBL2105248,POTASSIUM BITARTRATE,O=C([O-])[C@H](O)[C@@H](O)C(=O)O.[K+],0.0004,False,0.117,1e-04,0.0422,0.0
3271,,CHEMBL90593,PRASTERONE,C[C@]12CC[C@H](O)CC1=CC[C@@H]1[C@@H]2CC[C@]2(C)C(=O)CC[C@@H]12,0.0004,False,0.208,0.0,0.0004,0.2154
3272,,CHEMBL1355,SODIUM CITRATE,O=C([O-])CC(O)(CC(=O)[O-])C(=O)[O-].[Na+].[Na+].[Na+],0.0004,False,0.154,0.0002,0.0057,1e-04
3273,,CHEMBL1201170,LITHIUM CITRATE ANHYDROUS,O=C([O-])CC(O)(CC(=O)[O-])C(=O)[O-].[Li+].[Li+].[Li+],0.0004,False,0.154,0.0002,0.0056,0.0
3274,546.0,CHEMBL438,SULFAMERAZINE,Cc1ccnc(NS(=O)(=O)c2ccc(N)cc2)n1,0.0004,True,0.467,1e-04,0.0059,0.0002
3275,,CHEMBL1261,CITRIC ACID,O=C(O)CC(O)(CC(=O)O)C(=O)O,0.0004,False,0.162,1e-04,0.0053,1e-04
3276,,CHEMBL220491,BRINZOLAMIDE,CCN[C@H]1CN(CCCOC)S(=O)(=O)c2sc(S(N)(=O)=O)cc21,0.0003,False,0.198,1e-04,0.0005,0.0004
3277,,CHEMBL2106318,IOTHALAMATE SODIUM I 125,CNC(=O)c1c(I)c(NC(C)=O)c([125I])c(C(=O)[O-])c1[125I].[Na+],0.0003,False,0.188,0.0002,0.0,0.0024
3278,,CHEMBL1201300,IOTHALAMIC ACID,CNC(=O)c1c(I)c(NC(C)=O)c(I)c(C(=O)O)c1I,0.0003,False,0.224,0.0002,0.0,0.0021
3279,548.0,CHEMBL897,PROBENECID,CCCN(CCC)S(=O)(=O)c1ccc(C(=O)O)cc1,0.0003,True,0.38,0.0002,0.0021,0.0
3280,,CHEMBL211471,NEOSTIGMINE METHYLSULFATE,CN(C)C(=O)Oc1cccc([N+](C)(C)C)c1.COS(=O)(=O)[O-],0.0003,False,0.27,0.0002,0.0114,0.0
3281,549.0,CHEMBL1510,ELETRIPTAN,CN1CCC[C@@H]1Cc1c[nH]c2ccc(CCS(=O)(=O)c3ccccc3)cc12,0.0003,True,0.329,1e-04,0.0018,1e-04
3282,,CHEMBL660,AMANTADINE,NC12CC3CC(CC(C3)C1)C2,0.0003,False,0.108,0.0,1e-04,0.5359
3283,,CHEMBL3990694,PIPERAZINE CITRATE ANHYDROUS,C1CNCCN1.C1CNCCN1.C1CNCCN1.O=C(O)CC(O)(CC(=O)O)C(=O)O.O=C(O)CC(O)(CC(=O)O)C(=O)O,0.0003,False,0.186,1e-04,0.0033,1e-04
3284,,CHEMBL700,SULFAPYRIDINE,Nc1ccc(S(=O)(=O)Nc2ccccn2)cc1,0.0003,False,0.297,0.0003,0.0014,1e-04
3285,,CHEMBL1206690,PARECOXIB,CCC(=O)NS(=O)(=O)c1ccc(-c2c(-c3ccccc3)noc2C)cc1,0.0003,False,0.278,0.0004,0.0014,0.0
3286,,CHEMBL296913,PARECOXIB SODIUM,CCC(=O)[N-]S(=O)(=O)c1ccc(-c2c(-c3ccccc3)noc2C)cc1.[Na+],0.0003,False,0.257,0.0005,0.0023,0.0
3287,,CHEMBL3989678,PIPERAZINE CITRATE,C1CNCCN1.C1CNCCN1.C1CNCCN1.O.O=C(O)CC(O)(CC(=O)O)C(=O)O.O=C(O)CC(O)(CC(=O)O)C(=O)O,0.0003,False,0.183,1e-04,0.0032,1e-04
3288,,CHEMBL2165326,APROCITENTAN,NS(=O)(=O)Nc1ncnc(OCCOc2ncc(Br)cn2)c1-c1ccc(Br)cc1,0.0003,False,0.268,0.0003,0.0008,1e-04
3289,,CHEMBL2110368,BETHANIDINE SULFATE,C/N=C(\NC)NCc1ccccc1.C/N=C(\NC)NCc1ccccc1.O=S(=O)(O)O,0.0003,False,0.295,0.0,0.0031,0.0003
3290,,CHEMBL361506,PENTAMIDINE ISETHIONATE,N=C(N)c1ccc(OCCCCCOc2ccc(C(=N)N)cc2)cc1.O=S(=O)(O)CCO.O=S(=O)(O)CCO,0.0003,False,0.281,0.0,0.0092,1e-04
3291,,CHEMBL1200448,TILUDRONATE DISODIUM,O=P([O-])(O)C(Sc1ccc(Cl)cc1)P(=O)([O-])O.[Na+].[Na+],0.0003,False,0.232,0.0004,0.0004,1e-04
3292,,CHEMBL1097620,IOTHALAMATE SODIUM,CNC(=O)c1c(I)c(NC(C)=O)c(I)c(C(=O)[O-])c1I.[Na+],0.0003,False,0.196,0.0002,0.0,0.0024
3293,,CHEMBL2107431,LYNESTRENOL,C#C[C@]1(O)CC[C@H]2[C@@H]3CCC4=CCCC[C@@H]4[C@H]3CC[C@@]21C,0.0003,False,0.169,0.0,0.0002,0.0784
3294,,CHEMBL1043,DAPSONE,Nc1ccc(S(=O)(=O)c2ccc(N)cc2)cc1,0.0003,False,0.232,0.0,0.0058,1e-04
3295,,CHEMBL1757,FOSFOMYCIN,C[C@@H]1O[C@@H]1P(=O)(O)O,0.0003,False,0.13,0.0003,1e-04,0.0014
3296,,CHEMBL1515611,BROMISOVALUM,CC(C)C(Br)C(=O)NC(N)=O,0.0003,False,0.154,0.0002,0.0017,1e-04
3297,,CHEMBL1024,IFOSFAMIDE,O=P1(NCCCl)OCCCN1CCCl,0.0003,False,0.145,0.0,1e-04,0.0178
3298,550.0,CHEMBL865,VALDECOXIB,Cc1onc(-c2ccccc2)c1-c1ccc(S(N)(=O)=O)cc1,0.0003,True,0.333,0.0005,0.0015,0.0
3299,,CHEMBL2107260,SULFAMERAZINE SODIUM,Cc1ccnc([N-]S(=O)(=O)c2ccc(N)cc2)n1.[Na+],0.0003,False,0.254,1e-04,0.0036,1e-04
3300,,CHEMBL666,FOSCARNET,O=C(O)P(=O)(O)O,0.0003,False,0.154,1e-04,0.004,1e-04
3301,,CHEMBL289480,RILMENIDINE,C1COC(NC(C2CC2)C2CC2)=N1,0.0003,False,0.143,0.0,0.0,0.8794
3302,,CHEMBL1200350,IODIPAMIDE SODIUM,O=C(CCCCC(=O)Nc1c(I)cc(I)c(C(=O)[O-])c1I)Nc1c(I)cc(I)c(C(=O)[O-])c1I.[Na+].[Na+],0.0002,False,0.271,0.0005,0.0,0.0009
3303,,CHEMBL1699,MEMANTINE HYDROCHLORIDE,CC12CC3CC(C)(C1)CC(N)(C3)C2.Cl,0.0002,False,0.117,0.0,1e-04,0.1219
3304,,CHEMBL2068725,IPODATE CALCIUM,CN(C)/C=N/c1c(I)cc(I)c(CCC(=O)[O-])c1I.CN(C)/C=N/c1c(I)cc(I)c(CCC(=O)[O-])c1I.[Ca+2],0.0002,False,0.184,0.0015,0.0,0.0004
3305,,CHEMBL1191,SULFAMETHIZOLE,Cc1nnc(NS(=O)(=O)c2ccc(N)cc2)s1,0.0002,False,0.254,1e-04,0.0004,1e-04
3306,,CHEMBL1350,TILUDRONIC ACID,O=P(O)(O)C(Sc1ccc(Cl)cc1)P(=O)(O)O,0.0002,False,0.245,0.0004,0.0003,1e-04
3307,,CHEMBL1615487,IODOXAMIC ACID,O=C(CCOCCOCCOCCOCCC(=O)Nc1c(I)cc(I)c(C(=O)O)c1I)Nc1c(I)cc(I)c(C(=O)O)c1I,0.0002,False,0.21,0.0006,0.0,0.0013
3308,,CHEMBL338802,SULFAGUANIDINE,N=C(N)NS(=O)(=O)c1ccc(N)cc1,0.0002,False,0.344,0.0,0.0031,1e-04
3309,551.0,CHEMBL916,TIROFIBAN,CCCCS(=O)(=O)N[C@@H](Cc1ccc(OCCCCC2CCNCC2)cc1)C(=O)O,0.0002,True,0.337,0.0,0.0096,0.0002
3310,,CHEMBL1654,RISEDRONATE SODIUM,O=P([O-])(O)C(O)(Cc1cccnc1)P(=O)(O)O.[Na+],0.0002,False,0.239,0.0004,1e-04,1e-04
3311,,CHEMBL975,MESNA,O=S(=O)([O-])CCS.[Na+],0.0002,False,0.122,1e-04,0.0024,1e-04
3312,,CHEMBL207538,BREXANOLONE,CC(=O)[C@H]1CC[C@H]2[C@@H]3CC[C@H]4C[C@H](O)CC[C@]4(C)[C@H]3CC[C@]12C,0.0002,False,0.152,0.0,1e-04,0.1606
3313,,CHEMBL268869,SULFAMETHOXYPYRIDAZINE,COc1ccc(NS(=O)(=O)c2ccc(N)cc2)nn1,0.0002,False,0.257,1e-04,0.0015,1e-04
3314,,CHEMBL2079130,VONOPRAZAN,CNCc1cc(-c2ccccc2F)n(S(=O)(=O)c2cccnc2)c1,0.0002,False,0.25,1e-04,0.0003,1e-04
3315,,CHEMBL17,DICHLORPHENAMIDE,NS(=O)(=O)c1cc(Cl)c(Cl)c(S(N)(=O)=O)c1,0.0002,False,0.23,0.0005,0.0,0.0003
3316,,CHEMBL1430,PENICILLAMINE,CC(C)(S)[C@@H](N)C(=O)O,0.0002,False,0.148,0.0003,0.0014,0.0
3317,,CHEMBL807,MEMANTINE,CC12CC3CC(C)(C1)CC(N)(C3)C2,0.0002,False,0.119,0.0,1e-04,0.1757
3318,,CHEMBL1568698,GANAXOLONE,CC(=O)[C@H]1CC[C@H]2[C@@H]3CC[C@H]4C[C@](C)(O)CC[C@]4(C)[C@H]3CC[C@]12C,0.0002,False,0.149,0.0,1e-04,0.0512
3319,,CHEMBL455,SULFACETAMIDE,CC(=O)NS(=O)(=O)c1ccc(N)cc1,0.0002,False,0.242,0.0,0.0033,1e-04
3320,,CHEMBL254468,FLUCICLOVINE F18,N[C@]1(C(=O)O)C[C@@H]([18F])C1,0.0002,False,0.167,0.0,1e-04,0.0119
3321,,CHEMBL1577,METHYCLOTHIAZIDE,CN1C(CCl)Nc2cc(Cl)c(S(N)(=O)=O)cc2S1(=O)=O,0.0002,False,0.208,0.0002,0.0,0.002
3322,,CHEMBL128,SUMATRIPTAN,CNS(=O)(=O)Cc1ccc2[nH]cc(CCN(C)C)c2c1,0.0002,False,0.288,1e-04,0.0018,0.0
3323,552.0,CHEMBL3189072,TIROFIBAN HYDROCHLORIDE,CCCCS(=O)(=O)N[C@@H](Cc1ccc(OCCCCC2CCNCC2)cc1)C(=O)O.Cl.O,0.0002,True,0.33,0.0,0.0093,1e-04
3324,553.0,CHEMBL554,LAPATINIB,CS(=O)(=O)CCNCc1ccc(-c2ccc3ncnc(Nc4ccc(OCc5cccc(F)c5)c(Cl)c4)c3c2)o1,0.0002,True,0.765,0.0005,0.0007,0.0
3325,,CHEMBL1025,ISOFLUROPHATE,CC(C)OP(=O)(F)OC(C)C,0.0002,False,0.133,0.0005,0.0017,0.0
3326,,CHEMBL1200796,CYCLOPHOSPHAMIDE,O.O=P1(N(CCCl)CCCl)NCCCO1,0.0002,False,0.115,0.0,0.0,0.0095
3327,,CHEMBL1201033,IPODATE SODIUM,CN(C)/C=N/c1c(I)cc(I)c(CCC(=O)[O-])c1I.[Na+],0.0002,False,0.184,0.001,0.0,0.0005
3328,,CHEMBL1208642,THIOSULFURIC ACID,O=S(O)(O)=S,0.0002,False,0.091,1e-04,0.0021,1e-04
3329,,CHEMBL1908917,FLUCICLOVINE,N[C@]1(C(=O)O)C[C@@H](F)C1,0.0002,False,0.167,0.0,1e-04,0.0119
3330,,CHEMBL1200423,METRIZOATE SODIUM,CC(=O)Nc1c(I)c(C(=O)[O-])c(I)c(N(C)C(C)=O)c1I.[Na+],0.0002,False,0.186,0.0005,0.0,0.0005
3331,,CHEMBL1201270,METHENAMINE,C1N2CN3CN1CN(C2)C3,0.0002,False,0.082,0.0,0.0,0.4302
3332,,CHEMBL1865134,DIBUNIC ACID,CC(C)(C)c1ccc2c(S(=O)(=O)O)c(C(C)(C)C)ccc2c1,0.0002,False,0.25,0.0003,0.0014,0.0
3333,,CHEMBL21,SULFANILAMIDE,Nc1ccc(S(N)(=O)=O)cc1,0.0002,False,0.318,1e-04,0.0021,0.0
3334,,CHEMBL88,CYCLOPHOSPHAMIDE ANHYDROUS,O=P1(N(CCCl)CCCl)NCCCO1,0.0002,False,0.112,0.0,0.0,0.0089
3335,,CHEMBL1796998,SULFUR HEXAFLUORIDE,FS(F)(F)(F)(F)F,0.0002,False,0.054,0.0031,0.0,0.0039
3336,,CHEMBL1201045,ACETRIZOATE SODIUM,CC(=O)Nc1c(I)cc(I)c(C(=O)[O-])c1I.O.[Na+],1e-04,False,0.241,1e-04,0.0,0.0005
3337,,CHEMBL1201042,ETIDRONATE DISODIUM,CC(O)(P(=O)([O-])O)P(=O)([O-])O.[Na+].[Na+],1e-04,False,0.13,0.0004,0.0,0.0003
3338,,CHEMBL2105420,TAUROLIDINE,O=S1(=O)CCN(CN2CCS(=O)(=O)NC2)CN1,1e-04,False,0.145,0.0,0.0,0.0012
3339,,CHEMBL675,ALENDRONATE SODIUM,NCCCC(O)(P(=O)([O-])O)P(=O)(O)O.[Na+],1e-04,False,0.134,0.001,1e-04,0.0
3340,,CHEMBL5483015,ARSENIC TRIOXIDE,O=[As][As+](=O)[O-],1e-04,False,0.1,0.0011,0.0,0.0003
3341,,CHEMBL1201162,DORZOLAMIDE HYDROCHLORIDE,CCN[C@H]1C[C@H](C)S(=O)(=O)c2sc(S(N)(=O)=O)cc21.Cl,1e-04,False,0.169,0.0003,1e-04,1e-04
3342,,CHEMBL2105729,DABRAFENIB MESYLATE,CC(C)(C)c1nc(-c2cccc(NS(=O)(=O)c3c(F)cccc3F)c2F)c(-c2ccnc(N)n2)s1.CS(=O)(=O)O,1e-04,False,0.25,1e-04,0.0002,0.0
3343,,CHEMBL1201179,LAPATINIB DITOSYLATE,CS(=O)(=O)CCNCc1ccc(-c2ccc3ncnc(Nc4ccc(OCc5cccc(F)c5)c(Cl)c4)c3c2)o1.Cc1ccc(S(=O)(=O)O)cc1.Cc1ccc(S(=O)(=O)O)cc1.O,1e-04,False,0.67,0.0003,0.0007,0.0
3344,,CHEMBL924,ZOLEDRONIC ACID ANHYDROUS,O=P(O)(O)C(O)(Cn1ccnc1)P(=O)(O)O,1e-04,False,0.255,0.0002,0.0,0.0
3345,,CHEMBL671,THIOTEPA,S=P(N1CC1)(N1CC1)N1CC1,1e-04,False,0.095,0.0,0.0,0.0073
3346,,CHEMBL923,RISEDRONIC ACID,O=P(O)(O)C(O)(Cc1cccnc1)P(=O)(O)O,1e-04,False,0.259,0.0003,1e-04,1e-04
3347,,CHEMBL1201073,SUCCIMER,O=C(O)[C@@H](S)[C@@H](S)C(=O)O,1e-04,False,0.122,1e-04,0.004,0.0
3348,,CHEMBL922,ADEFOVIR DIPIVOXIL,CC(C)(C)C(=O)OCOP(=O)(COCCn1cnc2c(N)ncnc21)OCOC(=O)C(C)(C)C,1e-04,False,0.264,0.0002,0.0005,0.0
3349,,CHEMBL139877,SULFACARBAMIDE,NC(=O)NS(=O)(=O)c1ccc(N)cc1,1e-04,False,0.246,0.0,0.0024,0.0
3350,,CHEMBL1200910,SULFISOXAZOLE ACETYL,CC(=O)N(c1onc(C)c1C)S(=O)(=O)c1ccc(N)cc1,1e-04,False,0.229,0.0,0.0019,0.0
3351,,CHEMBL834,PAMIDRONIC ACID,NCCC(O)(P(=O)(O)O)P(=O)(O)O,1e-04,False,0.138,0.001,0.0,0.0
3352,,CHEMBL842,CHLOROTHIAZIDE,NS(=O)(=O)c1cc2c(cc1Cl)N=CNS2(=O)=O,1e-04,False,0.188,1e-04,0.0,1e-04
3353,,CHEMBL1232131,DOBESILIC ACID,O=S(=O)(O)c1cc(O)ccc1O,1e-04,False,0.29,1e-04,0.0012,0.0
3354,,CHEMBL272427,TAURURSODIOL,C[C@H](CCC(=O)NCCS(=O)(=O)O)[C@H]1CC[C@H]2[C@@H]3[C@@H](O)C[C@@H]4C[C@H](O)CC[C@]4(C)[C@H]3CC[C@]12C,1e-04,False,0.155,0.0,0.0002,0.0056
3355,554.0,CHEMBL439,SULFADIAZINE,Nc1ccc(S(=O)(=O)Nc2ncccn2)cc1,1e-04,True,0.379,1e-04,0.0004,0.0
3356,,CHEMBL2107554,SODIUM DIBUNATE,CC(C)(C)c1ccc2c(S(=O)(=O)[O-])c(C(C)(C)C)ccc2c1.[Na+],1e-04,False,0.224,0.0002,0.0011,0.0
3357,,CHEMBL1200351,SULFADIAZINE SODIUM,Nc1ccc(S(=O)(=O)[N-]c2ncccn2)cc1.[Na+],1e-04,False,0.222,1e-04,0.0004,0.0
3358,555.0,CHEMBL473,DOFETILIDE,CN(CCOc1ccc(NS(C)(=O)=O)cc1)CCc1ccc(NS(C)(=O)=O)cc1,1e-04,True,0.323,0.0,0.0026,1e-04
3359,,CHEMBL4303669,ZOLEDRONIC ACID,O.O=P(O)(O)C(O)(Cn1ccnc1)P(=O)(O)O,1e-04,False,0.25,0.0002,0.0,0.0
3360,,CHEMBL820,BUSULFAN,CS(=O)(=O)OCCCCOS(C)(=O)=O,1e-04,False,0.132,1e-04,0.0011,1e-04
3361,,CHEMBL1165268,IODIPAMIDE,O=C(CCCCC(=O)Nc1c(I)cc(I)c(C(=O)O)c1I)Nc1c(I)cc(I)c(C(=O)O)c1I,1e-04,False,0.281,0.0005,0.0,0.0007
3362,,CHEMBL1382627,"SULFADIAZINE, SILVER",Nc1ccc(S(=O)(=O)[N-]c2ncccn2)cc1.[Ag+],1e-04,False,0.222,1e-04,0.0006,0.0
3363,,CHEMBL1723241,SULFACETAMIDE SODIUM,CC(=O)[N-]S(=O)(=O)c1ccc(N)cc1.O.[Na+],1e-04,False,0.214,0.0,0.0014,0.0
3364,,CHEMBL1525826,SULFALENE,COc1nccnc1NS(=O)(=O)c1ccc(N)cc1,1e-04,False,0.259,1e-04,0.0005,0.0
3365,,CHEMBL1736,METRIZOIC ACID,CC(=O)Nc1c(I)c(C(=O)O)c(I)c(N(C)C(C)=O)c1I,1e-04,False,0.194,0.0005,0.0,0.0004
3366,,CHEMBL218490,DORZOLAMIDE,CCN[C@H]1C[C@H](C)S(=O)(=O)c2sc(S(N)(=O)=O)cc21,1e-04,False,0.171,0.0002,0.0,0.0
3367,,CHEMBL435,HYDROCHLOROTHIAZIDE,NS(=O)(=O)c1cc2c(cc1Cl)NCNS2(=O)=O,1e-04,False,0.178,1e-04,0.0,0.0008
3368,,CHEMBL3989401,PAMIDRONATE DISODIUM,NCCC(O)(P(=O)([O-])O)P(=O)([O-])O.O.O.O.O.O.[Na+].[Na+],1e-04,False,0.143,0.0006,1e-04,0.0
3369,,CHEMBL2028663,DABRAFENIB,CC(C)(C)c1nc(-c2cccc(NS(=O)(=O)c3c(F)cccc3F)c2F)c(-c2ccnc(N)n2)s1,1e-04,False,0.244,1e-04,0.0002,0.0
3370,,CHEMBL1201220,DIATRIZOIC ACID,CC(=O)Nc1c(I)c(NC(C)=O)c(I)c(C(=O)O)c1I,1e-04,False,0.229,1e-04,0.0,0.0006
3371,,CHEMBL1201239,IODAMIDE,CC(=O)NCc1c(I)c(NC(C)=O)c(I)c(C(=O)O)c1I,1e-04,False,0.236,1e-04,0.0,0.0003
3372,,CHEMBL2068723,CALCIUM METRIZOATE,CC(=O)Nc1c(I)c(C(=O)[O-])c(I)c(N(C)C(C)=O)c1I.CC(=O)Nc1c(I)c(C(=O)[O-])c(I)c(N(C)C(C)=O)c1I.[Ca+2],1e-04,False,0.186,0.0006,0.0,0.0005
3373,,CHEMBL871,ETIDRONIC ACID,CC(O)(P(=O)(O)O)P(=O)(O)O,1e-04,False,0.132,0.0008,0.0,1e-04
3374,,CHEMBL2364738,METRIZOATE MAGNESIUM,CC(=O)Nc1c(I)c(C(=O)[O-])c(I)c(N(C)C(C)=O)c1I.CC(=O)Nc1c(I)c(C(=O)[O-])c(I)c(N(C)C(C)=O)c1I.[Mg+2],1e-04,False,0.186,0.0005,0.0,0.0005
3375,,CHEMBL2106907,METHIODAL SODIUM,O=S(=O)([O-])CI.[Na+],1e-04,False,0.106,0.0002,0.0,1e-04
3376,,CHEMBL870,ALENDRONIC ACID,NCCCC(O)(P(=O)(O)O)P(=O)(O)O,1e-04,False,0.145,0.0017,0.0,0.0
3377,,CHEMBL867,IOPANOIC ACID,CCC(Cc1c(I)cc(I)c(N)c1I)C(=O)O,1e-04,False,0.177,0.0015,0.0,1e-04
3378,,CHEMBL2110978,METHIODAL,O=S(=O)(O)CI,1e-04,False,0.114,0.0005,0.0,1e-04
3379,,CHEMBL1200616,CHLOROTHIAZIDE SODIUM,NS(=O)(=O)c1cc2c(cc1Cl)N=C[N-]S2(=O)=O.[Na+],1e-04,False,0.192,0.0,1e-04,1e-04
3380,,CHEMBL1200581,DIATRIZOATE SODIUM,CC(=O)Nc1c(I)c(NC(C)=O)c(I)c(C(=O)[O-])c1I.[Na+],1e-04,False,0.22,1e-04,0.0,0.0007
3381,,CHEMBL1098319,2-MERCAPTOETHANESULFONIC ACID,O=S(=O)(O)CCS,1e-04,False,0.13,0.0,0.0019,1e-04
3382,,CHEMBL2107816,RADIUM RA 223 DICHLORIDE,Cl[223Ra]Cl,0.0,False,0.05,0.0,0.0,0.0
3383,,CHEMBL35,FUROSEMIDE,NS(=O)(=O)c1cc(C(=O)O)c(NCc2ccco2)cc1Cl,0.0,False,0.273,1e-04,0.0002,0.0
3384,,CHEMBL1201327,ACETRIZOIC ACID,CC(=O)Nc1c(I)cc(I)c(C(=O)O)c1I,0.0,False,0.255,1e-04,0.0,0.0003
3385,,CHEMBL419,MAFENIDE,NCc1ccc(S(N)(=O)=O)cc1,0.0,False,0.28,0.0,0.0013,0.0
3386,,CHEMBL2111187,RADIUM DICHLORIDE,Cl[Ra]Cl,0.0,False,0.061,0.0,0.0,0.0
