skel,smi,chembl,pAct_exact,pAct_any,pred
RHFBMILGABCZCY,CNC(=O)c1cc(C(=O)Nc2ccc(OC(F)(F)Cl)cc2)cc2nc3n(c12)[C@H](C)COC3,,9.431798275933005,9.431798275933005,0.73379976
JKZZCHSVFXZBAI,Nc1n[nH]c2cccc(C#Cc3cccc(NC(=O)c4ccc(N5CCOCC5)c(C(F)(F)F)c4)c3)c12,,7.490608155562652,7.490608155562652,0.8412402
LKPYVIHIXNNVJX,Cc1ccc(NC(=O)c2ccc(CN3CCN(C)CC3)cc2)cc1Nc1nccc(-c2cncc(-c3cccnc3)c2)n1,,6.634512015109101,6.634512015109101,0.9690067
ZJWPYYIRORJZPQ,CC(=O)Nc1ccc(-c2ccc(NCC(=O)Nc3ccc(CN4CCNCC4)c(C(F)(F)F)c3)cc2)cn1,CHEMBL3804921,6.337653043069112,6.337653043069112,0.95884454
KYRATOJAAZCVAH,O=C(c1cccc(-c2cc(Nc3ccc(OC(F)(F)F)cc3)ncn2)c1)N1CCOCC1,CHEMBL1257539,,,0.38647693
QQDDFQKWZHOVDY,OCCn1ncc2c(Nc3ccc(OC(F)(F)F)cc3)ncnc21,CHEMBL1258010,,,0.9973169
MJUOSFZKBYWVCP,Cc1ccc(NC(=O)c2ccc(CN3CCN(C)CC3)cc2)cc1Nc1nccc(-c2cncc(-c3nc(C(N)=O)co3)c2)n1,,6.600326278518962,6.600326278518962,0.93015814
FDKRVDGCRVDZMG,CS(=O)(=O)N1CCN(c2nc(Cl)ncc2Br)CC1,CHEMBL3926043,6.5934598195660445,6.5934598195660445,0.0006774292
ITBOQKWIUSIIGU,Nc1n[nH]c2cccc(C#Cc3cccc(C(=O)Nc4ccc(Cl)c(C(F)(F)F)c4)c3)c12,,6.2205857375914935,6.2205857375914935,0.99288166
YWLKWPWPNARODM,CCCn1ncc2c(Nc3ccc(OC(F)(F)F)cc3)ncnc21,CHEMBL1258130,,,0.9990062
XDUWBIQBEKNHAB,C[C@@H]1COCc2nc3cc(C(=O)Nc4ccc(OC(F)(F)Cl)cc4)cc(N4CCCC4)c3n21,,6.55129368009492,6.55129368009492,0.905277
MRCMFAWPPPUHNS,CN(C)c1ccc(C(=O)NCCNC(=O)c2ccc(-c3ccc4c(N)n[nH]c4c3)cc2)cc1,,5.999891453513884,5.999891453513884,0.94621354
ZJOODAFPLSLHSN,CCN(CC)C(=O)c1cncc(-c2cccc(C(=O)N[C@@H](C)C(=O)Nc3ccc(Cl)c(C(F)(F)F)c3)c2)c1,,5.301526527217448,5.301526527217448,0.9956884
BHEMWXASQSITGI,FC(F)(F)Oc1ccc(Nc2cc(-c3ccc4[nH]ccc4c3)ncn2)cc1,CHEMBL1258007,,,0.87519187
VOMAEUOOABASDO,Cc1c(F)cc2[nH]ncc2c1-c1ccc2nc(N)c(C(=O)[C@@H]3C[C@@H]3F)n2c1,,6.522878745280337,6.522878745280337,0.8887533
SAXPEWWZWJCVAP,CCn1ncc2c(Nc3ccc(OC(F)(F)F)cc3)ncnc21,CHEMBL1258011,,,0.99976176
MTBMJKLNIULINY,CC1(C)Cc2nc3sc4c(=O)nc[nH]c4c3cc2CS1,,,6.51949002705804,0.0011106351
BSVDGQDTPDLQCS,Nc1n[nH]c2cccc(C#Cc3cccc(NC(=O)c4cccc(C(F)(F)F)c4)c3)c12,,4.548957741009798,4.548957741009798,0.87088734
KQRLIWILHIFHRX,CC(=O)Nc1nc(-c2ccc(Cl)c(Cl)c2)cs1,,6.05014664115822,6.05014664115822,0.0168473
XQLXHIGCGPBKTR,O=C(Nc1ccc(Oc2ncnc3nc[nH]c23)c(F)c1)c1cccn(-c2cccc(F)c2)c1=O,CHEMBL2348263,5.988168040901103,5.988168040901103,0.35159624
CDRNAUYQMWZXOE,O=S(=O)(c1ccc(-c2ccccc2)cc1)N1CCN(c2nc(N3CCOCC3)ncc2Br)CC1,CHEMBL3907528,6.494850021680094,6.494850021680094,0.003935297
ROQCTOMAERRHLK,OCc1cc2c(Nc3ccc(OC(F)(F)F)cc3)ncnc2s1,CHEMBL1257310,,,0.63262
KDEGUYUJEUYQJV,Nc1cccc(-c2cc(Nc3ccc(OC(F)(F)F)cc3)ncn2)c1,CHEMBL1257191,,,0.9822665
FFHGFIPSLLZCLF,Cc1cn(-c2cc(NC(=O)c3ccc(C)c(Nc4nccc(-c5ccccc5)n4)c3)cc(C(F)(F)F)c2)cn1,,6.476253533188435,6.476253533188435,0.9988524
IYYNPUHFNMCJEM,CNC(=O)c1cccc(-c2cc(Nc3ccc(OC(F)(F)F)cc3)ncn2)c1,CHEMBL1257538,,,0.86143786
RHDUQQAIJZXKOT,NC(=O)Cn1ncc2c(Nc3ccc(OC(F)(F)F)cc3)ncnc21,CHEMBL1258244,,,0.9365925
VRLVMMQZIBLEME,CC(C)Cn1cc(-c2cc(Nc3ccc(OC(F)(F)F)cc3)ncn2)cn1,CHEMBL1257658,,,0.9999192
CRNIURWEBLRATC,O=C(Nc1ccc(Oc2ncnc3[nH]ccc23)cc1)Nc1cccc(C(F)(F)F)c1,,6.42712839779952,5.864079196731751,0.2705953
LVEAXOBLYYBYKV,FC(F)(F)Oc1ccc(Nc2ncnc3c2ccn3CCN2CCOCC2)cc1,CHEMBL1257783,,,0.92266357
OGWDTZBATVFCOT,Cc1ccc(C(=O)NCCNC(=O)c2ccc(-c3ccc4c(N)n[nH]c4c3)cc2)cc1,,5.893373973901802,5.893373973901802,0.6412917
CWILIZPMLKHDKP,COC(=O)NC(C(=O)N1CCN(c2nc(Cl)ncc2Br)CC1)C(C)C,CHEMBL3939233,6.414539270491499,6.414539270491499,0.084222645
FKCRUIWBTDNJFG,CCN1CCN(Cc2ccc(NC(=O)COc3ccc(-c4ccc(NC(C)=O)nc4)cc3)cc2C(F)(F)F)CC1,CHEMBL3805865,6.589243235797613,6.589243235797613,0.9746371
PWFWZBRXWTUXTL,CS(=O)(=O)c1cccc(-c2cc(Nc3ccc(OC(F)(F)F)cc3)ncn2)c1,CHEMBL1257190,,,0.3541277
MPIBCTUFGUTVSG,Cc1nc(Nc2ncc(C(=O)NC3CN4CCC3CC4)s2)cc(N2CCN(CCO)CC2)n1,,6.407823242604133,6.407823242604133,0.9946017
SEXVGHCKBMFFSZ,Cc1ccc(NC(=O)c2ccc(CN3CCN(C)CC3)cc2)cc1Nc1nccc(-c2cncc(N3CCCC3)c2)n1,,6.400116927926312,6.400116927926312,0.9481161
NEVWISPIZUUKHD,FC(F)(F)Oc1ccc(Nc2cc(-c3cnn(Cc4cccnc4)c3)ncn2)cc1,CHEMBL1257897,,,0.9992355
HCPAYDMQUBMGRZ,FC(F)(F)Oc1ccc(Nc2ncnc3c2cnn3Cc2ccccc2)cc1,CHEMBL1258245,,,0.99352056
BPHIFPPYTIJFSP,FC(F)(F)Oc1ccc(Nc2ncnc3c2cnn3C2CCCCC2)cc1,CHEMBL1258131,,,0.9932637
UGGTXZIJVQPZJC,Cc1coc(-c2cncc(-c3ccnc(Nc4cc(NC(=O)c5ccc(CN6CCN(C)CC6)cc5)ccc4C)n3)c2)n1,,6.393618634889395,6.393618634889395,0.9611086
JCSDWWOAIWNEQV,O=C(c1cc2c(Nc3ccc(OC(F)(F)F)cc3)ncnc2s1)N1CCNCC1,CHEMBL1257540,,,0.10040708
DRNRCLNUHIQXOJ,CCc1ccc(C(=O)Nc2cc(CN3CCN(C)CC3)cc(C(F)(F)F)c2)cc1C#Cc1ccc2ccnn2c1,,6.382999658879101,6.382999658879101,0.37484562
QXCNFNHXEAQNBV,O=C(NCCN1CCOCC1)c1cccc(-c2cc(Nc3ccc(OC(F)(F)F)cc3)ncn2)c1,CHEMBL1257424,,,0.97503734
ZYJKIIOWFQYSQR,O=S(=O)(c1ccc2ccccc2c1)N1CCN(c2nc(N3CCOCC3)ncc2Br)CC1,CHEMBL3938136,6.356547323513812,6.356547323513812,0.0008614488
MTQFLGAYNKVAPI,Cc1cc(C#Cc2cnc3cnccn23)cc(C(=O)Nc2cc(CN3CCN(C)CC3)cc(C(F)(F)F)c2)c1,,6.347753658996677,6.347753658996677,0.7389176
VXPRMSHSUFWMNM,Nc1n[nH]c2cccc(-c3ccc(C(=O)NCCNC(=O)c4cccc(C(F)(F)F)c4)cc3)c12,CHEMBL3634541,5.2982552855353315,5.2982552855353315,0.63145983
QTSVCLAUIGSDSU,FC(F)(F)Oc1ccc(Nc2cc(-c3ccncc3)ncn2)cc1,CHEMBL1258924,,,0.79581773
HTSIYFREJKWDOA,NC(=O)c1ccc(-c2cc(Nc3ccc(OC(F)(F)F)cc3)ncn2)cc1,CHEMBL1258808,,,0.4715818
XLVMADINVYYTKE,NC(=O)CCn1ccc2c(Nc3ccc(OC(F)(F)F)cc3)ncnc21,CHEMBL1258009,,,0.83288544
BZSOOFCPERGONN,CC(=O)Nc1ccc(-c2cccc(C(=O)N[C@H]3CN[C@@H](C(=O)Nc4ccc(Cl)c(C(F)(F)F)c4)C3)c2)cn1,,5.459522695616385,5.459522695616385,0.9995671
ZTVVCFPBVBLXET,Cc1c(F)cncc1-c1cc2cnc(NC(=O)[C@@H]3C[C@@H]3F)cc2n(C)c1=O,,9.098271442175793,8.920818753952375,0.99999964
JKQXKGYDLDAZCA,O=C(Nc1ccc(OC(F)(F)Cl)cc1)C1C=C(C2C=NC=NC2)c2c(nc3n2C[C@@H](O)CC3)C1,,9.42021640338319,9.42021640338319,0.4253992
ZXJIBJCAWIVZKM,Cn1c(CCO)nc2cc(C(=O)Nc3ccc(OC(F)(F)Cl)cc3)cc(-c3cncnc3)c21,,9.42021640338319,9.42021640338319,0.99992347
SSGOKYCQIAQZAV,Cc1ccc(C(=O)NC2=CC(C3CC3)C(CN3CCN(CCO)CC3)C=C2)cc1C#Cc1cnc2cccnn12,,9.406713932979542,9.406713932979542,0.97011626
UVZNRMKUEHJMJX,N#CCC(=O)Nc1nc(-c2ccc(Cl)c(Cl)c2)cs1,,6.100068272012446,6.100068272012446,0.38564935
BQQYXPHRXIZMDM,Cc1ccc(NC(=O)c2ccc(CN3CCNCC3)cc2)cc1Nc1nccc(-c2cccnc2)n1,CHEMBL2386594,5.807432546663454,5.807432546663454,0.68904287
NUMDANVMMRMHHS,Cc1ccc(C(=O)NCCNC(=O)c2ccc(-c3cccc4[nH]nc(N)c34)cc2)cc1,,5.785253056635629,5.785253056635629,0.06261465
DMELXOVEWUBBNG,C[C@H](NC(=O)c1ccc(-c2ccc(NC(=O)C(C)(C)C)nc2)cc1)C(=O)Nc1ccc(Cl)c(C(F)(F)F)c1,,6.831470136839737,6.831470136839737,0.98407364
ZLPLPSSLKIOLRR,Cc1noc(C)c1S(=O)(=O)N1CCN(c2nc(Cl)ncc2Br)CC1,CHEMBL3957729,6.251811972993799,6.251811972993799,0.00047260392
GYTPDENASJFHSZ,Nc1n[nH]c2cccc(C#Cc3cccc(C(=O)Nc4cc(CN5CCOCC5)cc(C(F)(F)F)c4)c3)c12,,5.921845085136557,5.921845085136557,0.534345
ZUUQJJCUTUBKKD,CN1CCN(c2ccc(Nc3nc(Nc4ccc(F)c(F)c4)c4ncn(CC5CC5)c4n3)cc2F)CC1,,6.236572006437063,6.236572006437063,0.27138975
UKTICNMOUVEYRR,CCN1CCN(Cc2ccc(NC(=O)Cc3ccc(Oc4ccnc(NC)c4)cc3)cc2C(F)(F)F)CC1,CHEMBL3804952,6.236572006437063,6.236572006437063,0.98751175
VFKWROLEOAAKOY,NS(=O)(=O)c1cccc(-c2cc(Nc3ccc(OC(F)(F)F)cc3)ncn2)c1,CHEMBL1258923,,,0.35810658
NOASFNUCHAXHFR,CC(=O)Nc1ccc(-c2cccc(C(=O)N[C@@H](C)C(=O)Nc3ccc(Cl)c(C(F)(F)F)c3)c2)cn1,,5.31740581593645,5.31740581593645,0.9921306
GHOABOFWXUXZRJ,Cc1ccc(NC(=O)c2ccc(CN3CCCN(C)CC3)cc2)cc1-n1cc(-c2cnc3ccnn3c2)cn1,,6.20690839982342,6.20690839982342,0.9999504
FETUXFYRXMNJON,N#CCC(=O)Nc1nc(-c2ccc(Cl)c(Cl)c2)c[nH]1,,5.999970687101047,5.999970687101047,0.41135097
XTAVRPBOWLIGCW,Nc1n[nH]c2cccc(C#Cc3cccc(NC(=O)c4cc(N5CCOCC5)cc(C(F)(F)F)c4)c3)c12,,5.755507603010118,5.755507603010118,0.4504143
RSMXWAAHBXSACS,O=S(=O)(c1ccc(-c2ccccc2)cc1)N1CCN(c2nc(Cl)ncc2Br)CC1,CHEMBL3956666,6.1938200260161125,6.1938200260161125,0.013592926
CCAIGJJHLPYVQD,C[C@H](NC(=O)c1cccc(-c2cncc(C(=O)NCCN(C)C)c2)c1)C(=O)Nc1ccc(Cl)c(C(F)(F)F)c1,,5.905901491720622,5.905901491720622,0.9957748
LHXWTIIFWARQLP,Clc1ccc(C(Cl)Cn2ncc3c(NCc4ccncc4)ncnc32)cc1,CHEMBL1775046,5.214588480237395,5.214588480237395,0.8081733
SPUAKYCGPJOVBW,Nc1n[nH]c2cccc(C#Cc3cccc(NC(=O)c4cc(C(F)(F)F)cc(C(F)(F)F)c4)c3)c12,,6.175874166083451,5.437422085209735,0.88413745
CVUFCAQRTGIGTF,FC(F)(F)Oc1ccc(Nc2ncnc3c2cnn3CC2CCOC2)cc1,CHEMBL1258475,,,0.99466276
NDIUYMHNCUTVGE,CC(C)(C)Nc1c(Nc2ccnc(Nc3ccc(-c4ccncc4)cc3)n2)c(=O)c1=O,CHEMBL2205426,,6.154901959985743,0.65598834
AZTMYWWWILJAKW,N#Cc1ncc2nc1OCCCCOc1cc(NCc3cncs3)c(Cl)cc1NC(=O)N2,CHEMBL248757,,6.151195298948196,0.030150354
DGFBDHCOFRXYQX,FC(F)(F)Oc1ccc(Nc2cc(NCCN3CCOCC3)ncn2)cc1,CHEMBL1241934,,,0.9378059
QZMKFYYJKDNZTG,COCCCNC(=O)CCn1ccc2c(Nc3ccc(OC(F)(F)F)cc3)ncnc21,CHEMBL1257900,,,0.9083369
FQRASLPAVXFUEP,COc1ccc(C(=O)Nc2ccc(C)c(-n3cc(-c4cnc5ccnn5c4)cn3)c2)cc1,,6.115204636051019,6.115204636051019,0.99978155
OYONTEXKYJZFHA,Cc1[nH]c(/C=C2\C(=O)Nc3ccc(S(=O)(=O)Cc4c(Cl)cccc4Cl)cc32)c(C)c1C(=O)N1CCC[C@@H]1CN1CCCC1,CHEMBL450786,5.5376020021010435,5.247560770294892,0.084157996
YVLLRTOXLOIJHL,C[C@H](NC(=O)c1ccc(-c2ccc(N)nc2)cc1)C(=O)Nc1ccc(Cl)c(C(F)(F)F)c1,,5.618934668911675,5.618934668911675,0.9853709
FTVLLEIAEUNRNB,CC(=O)Nc1nc(-c2ccc(Cl)c(F)c2)cs1,,5.800108815988357,5.800108815988357,0.006176747
YLDFAQJJCPSUTK,Cn1cnnc1SCC(=O)Nc1nc(-c2ccc(Cl)c(Cl)c2)cs1,,6.100179497572904,6.100179497572904,0.9329004
DFVAHUXIKJKRTM,O=C(NC1=NN(c2ccc(Cl)c(Cl)c2)CC1)c1cccnn1,,5.700084217625395,5.700084217625395,0.9877104
PIGRLCPKGBFTPO,Cc1ccc(NC(=O)c2ccc(C(F)(F)F)cc2)cc1-n1cc(-c2cnc3ccnn3c2)cn1,,6.094743951251549,6.094743951251549,0.9999293
LERATUINYXNVCF,Cc1c(-c2cc(Nc3ccc(OC(F)(F)F)cc3)ncn2)cnn1-c1ccccc1,CHEMBL1257779,,,0.9995709
ULSOOODMFMCIIK,Cc1cn(-c2cc(NC(=O)c3cccc(C#Cc4cccc5[nH]nc(N)c45)c3)cc(C(F)(F)F)c2)cn1,,6.834549720166033,6.834549720166033,0.994651
AUHKMKATZQLPOZ,Cc1ccc(NC(=O)c2ccc(/N=N/N(C)CCCl)cc2)cc1Nc1nccc(-c2cccnc2)n1,CHEMBL113534,5.415290640699418,5.415290640699418,0.20282903
HGALDAPNHYJZAJ,CC(C)n1nc(-c2cnc3ccccc3c2)c2c(N)ncnc21,CHEMBL1242754CHEMBL2069959,5.7827155479829,5.7827155479829,0.98556364
UJIAQDJKSXQLIT,Nc1nc(N)c2nc(-c3cccc(O)c3)c(-c3cccc(O)c3)nc2n1,,5.275724130399211,5.0,0.1906734
JMCVXZQETOMXJG,O=C(c1c(F)cccc1F)N1CCN(c2nc(N3CCOCC3)ncc2Br)CC1,CHEMBL3972893,6.050609993355087,6.050609993355087,0.005771
ZXJCTVGWBHRFOZ,CCNC(=O)c1cc2c(Nc3ccc(OC(F)(F)F)cc3)ncnc2s1,CHEMBL1257426,,,0.71755725
NXSJMRCTGYTSTK,CO[C@@H]1[C@H](NCCOCCOCCOCCNC(=O)CCC2=[N+]3C(=Cc4c(C)cc(C)n4[B-]3(F)F)C=C2)C[C@H]2O[C@]1(C)n1c3ccccc3c3c4c(c5c6ccccc6n2c5c31)C(=O)NC4,,6.037157318798758,6.037157318798758,0.33093795
QLLJCRLOGWPOEU,FC(F)(F)c1ccc(Nc2cc(NCCN3CCOCC3)ncn2)cc1,CHEMBL1258473,,,0.09903496
FXTQTTLOLCCIDC,Cc1c(NCCN2CCOCC2)ncnc1Nc1ccc(OC(F)(F)F)cc1,CHEMBL1258583,,,0.95216566
RUDJLSWOUHMLOU,CCc1ccc(C(=O)Nc2cccc(CN3CCN(C)CC3)c2)cc1-c1cccc(-c2cnc3cnccn23)c1,,6.004803708402821,6.004803708402821,0.52242583
HKMTYQNMRIBAHX,C=CC(=O)Nc1ccc(-n2nc3c(=O)[nH]nc(N)c3c2-c2oc3ccc(C)cc3c2C)cc1,,,6.0,0.17532764
VOFXEDHWXBZACG,COc1c(C#Cc2cnc3cnccn23)cccc1C(=O)Nc1cc(CN2CCN(C)CC2)cc(C(F)(F)F)c1,,,6.0,0.5463663
QTQAWLPCGQOSGP,COC1=C2C[C@@H](C)C[C@H](OC)[C@H](O)[C@@H](C)/C=C(\C)[C@H](OC(N)=O)[C@@H](OC)/C=C\C=C(/C)C(=O)NC(=CC1=O)C2=O,,5.650514997831991,5.650514997831991,0.021057636
BLTNVYOBZUELAP,CCc1cc2c(cc1N1CCN(CC3(O)CCOCC3)CC1)C(C)(C)c1[nH]c3cc(C#N)ccc3c1C2=O,CHEMBL3958173,,6.0,0.016095087
ZEKIJJKMJBIZDL,CC(NC(=O)c1ccc2[nH]nc(-c3ccncc3)c2c1)c1cccc(Cl)c1,CHEMBL3798631,,6.0,0.27381986
XLMFBNMLEHYJGT,O=C(Cc1cccc(OCCCN2CCNCC2)c1)Nc1nc(-c2ccncc2)cs1,,,6.0,0.6135866
RFDMZDKRTPKABF,Cc1c(C#Cc2cnc3cnc(-c4ccc(N)cc4)cn23)cccc1C(=O)Nc1cc(CN2CCN(C)CC2)cc(C(C)(C)C)c1,,,6.0,0.9773332
IDTNHVSQAQYIPW,Cc1cc(-c2n[nH]c3ccc(C(=O)NC(C)c4c(Cl)cncc4Cl)cc23)ccn1,CHEMBL3798257,,6.0,0.9793946
NKNFGGLXRJRSQO,CC(C)c1c(C#Cc2cnc3cnccn23)cccc1C(=O)Nc1cc(CN2CCN(C)CC2)cc(C(F)(F)F)c1,,,6.0,0.73011696
ZBQSEEXDFXQFJR,O=C1C[C@H](n2cnc3cc(C(=O)Nc4ccc(OC(F)(F)Cl)cc4)cc(C4C=NC=NC4)c32)CN1,,9.397940008672037,9.397940008672037,0.9977431
AYUNIORJHRXIBJ,C=CCNC1=C2C[C@@H](C)C[C@H](OC)[C@H](O)[C@@H](C)/C=C(\C)[C@H](OC(N)=O)[C@@H](OC)/C=C\C=C(/C)C(=O)NC(=CC1=O)C2=O,,5.650514997831991,5.650514997831991,0.018981477
ZBSQPLKGTYVAIB,Cc1c(C#Cc2cnc3cnc(-c4ccc(N)cc4)cn23)cccc1C(=O)Nc1cc(CN2CCN(C)CC2)cc(C(F)(F)F)c1,,,6.0,0.9929843
NLFFJXBANCVTJV,Cc1c(C#Cc2cnc3cnc(-c4ccccc4)cn23)cccc1C(=O)Nc1cc(CN2CCN(C)CC2)cc(C(F)(F)F)c1,,,6.0,0.9947305
ZNNDCLZKVULOKL,Cc1c(C#Cc2cnc3cnc(-c4ccc(N)cc4)cn23)cccc1C(=O)Nc1cc(CN2CCN(C)CC2)cc(-c2ccccc2)c1,,,6.0,0.9870165
LTTJGQBDGMNWHJ,COc1cc(C2CN(C(=O)c3cc(COC[C@@H](O)CO)ccn3)C2)ccc1OCc1ccc(C2CC2)cc1,,,6.0,0.0041411454
SHDGEOLPEYTGCG,Cc1n[nH]c2ccc(-c3cc(N[C@@H](CO)c4ccccc4)cnc3Cl)cc12,,,6.0,0.88564706
FERXSPCVEYOEDT,C[C@@H](Sc1cc(-c2cnn(C3CCNCC3)c2)cnc1N)c1c(Cl)ccc(F)c1Cl,CHEMBL2442124,,6.0,0.99336326
LRSSMJXTQUVHEA,COc1cc(Nc2nc(NCc3cccc(NC(=O)CCl)c3)n3ccnc3c2C(N)=O)cc(OC)c1,,,6.0,0.33365133
NKTVKMCHRMDFHV,Cc1ccc(-c2nn(CCN3CCN(CCN(C)C)CC3)c3ncnc(N)c23)cc1,,,6.0,0.0033703248
RSWVUHGRSKMXFQ,Cc1ccc(-c2nn(CCN3CCN(C)CC3)c3ncnc(N)c23)cc1,,,6.0,0.0018977273
GXIHBWCRCZNSHX,C=CC(=O)NCc1ccc(-n2nc3c(=O)[nH]nc(N)c3c2-c2oc3ccc(C)cc3c2C)cc1,,,6.0,0.108881004
NJKRMPNUGZAMJN,CN(C)C1CCN(CCn2nc(-c3ccc(CC(=O)OC(C)(C)C)cc3)c3c(N)ncnc32)CC1,CHEMBL3823620,5.530177984021837,6.0,0.020150412
ZWWAORYYDRNKPA,Cc1ccc(NC(=O)c2ccc(CN3CCN(C)CC3)cc2)cc1Nc1nccc(-c2cncc(-c3cnns3)c2)n1,,,6.0,0.98629993
FPTFYJNFMAFZBH,Cc1ccc(NC(=O)[C@@H]2C[C@H]2CN2CCN(C)CC2)cc1Nc1nccc(-c2cccnc2)n1,,,6.0,0.57130605
IBCGPVVKHZXWNX,COc1cc(-c2nn(CCN3CCC(N(C)C)CC3)c3ncnc(N)c23)ccc1Cc1ncc(C)o1,,,6.0,0.37732586
DSUHCRCPYFLDMP,Cc1ccc(NC(=O)[C@H]2C[C@@H](CN3CCN(C)CC3)C2)cc1Nc1nccc(-c2cccnc2)n1,,,6.0,0.35939845
ISJXWEABDMMEQE,Cc1ccc(NC(=O)CCCCCN2CCN(C)CC2)cc1Nc1nccc(-c2cccnc2)n1,,,6.0,0.63346046
ABGKHMXASJJJCG,Cc1ccc(NC(=O)C23CC(CN4CCN(C)CC4)(C2)C3)cc1Nc1nccc(-c2cccnc2)n1,,,6.0,0.0040875785
ARNAAOGNMLSYSH,Cc1ccc(NC(=O)CCCCN2CCN(C)CC2)cc1Nc1nccc(-c2cccnc2)n1,,,6.0,0.54972595
KZRDVFBPXXGSPD,COc1cc(-c2nn(CCN3CCC(N(C)C)CC3)c3ncnc(N)c23)ccc1NC(=O)NC(C)(C)C,CHEMBL3823711,5.025028005701931,5.512514002850965,0.11408272
CPJLXVQIKQTRAU,Cc1ccc(NC(=O)[C@H]2CC[C@H](CN3CCN(C)CC3)CC2)cc1Nc1nccc(-c2cccnc2)n1,,,6.0,0.13685891
CYDVCCLKFOWUEI,Cc1ccc(NC(=O)[C@@H]2CC[C@H](CN3CCN(C)CC3)C2)cc1Nc1nccc(-c2cccnc2)n1,,,6.0,0.17116311
SGYSISXICWCMSQ,NCc1c(F)cccc1-c1ccc2nc(NC(=O)[C@@H]3C[C@@H]3F)cn2c1,,,6.0,0.9998684
ILKDWZKZLIHMFM,CC(C)(C)n1nc(-c2ccc3ccccc3c2)c2c(N)ncnc21,CHEMBL2069957CHEMBL1231371,5.221848749616356,5.221848749616356,0.8346975
BCOHQASHBXYJGT,Cc1ccc(C(=O)Nc2cc(-c3cnn(C)c3)cc(C(F)(F)F)c2)cc1Nc1cccc(-c2cccnc2)c1,,,6.0,0.9967168
OHNNRNYUHNGDNO,N#Cc1ccc(N2CC[C@@H](Nc3c(C(N)=O)cnc4[nH]ccc34)[C@@H](F)C2)nc1,CHEMBL3593777,,6.0,0.022389509
GZICZDHGJFSMNA,Cc1ccc(C(=O)Nc2cc(-c3c(C)noc3C)cc(C(F)(F)F)c2)cc1Nc1cccc(-c2cccnc2)c1,,,6.0,0.7227822
ZZYFAKLENYISHR,Cc1cn(-c2cc(C#Cc3ccc(C)c(Nc4cc(-c5cccnc5)ccn4)c3)cc(C(F)(F)F)c2)cn1,,,6.0,0.9795442
OZOKZDVHRZAGBG,Cc1ccc(C#Cc2cc(-c3cnn(C)c3)cc(C(F)(F)F)c2)cc1NC(=O)c1cnc2[nH]ccc2c1,,,6.0,0.99820995
VLMKCNWONIOSJW,Cc1ccc(C#Cc2cc(-c3cnn(C)c3)cc(C(F)(F)F)c2)cc1Nc1cc(-c2cccnc2)ccn1,,,6.0,0.98484695
RYRJMKWBLGRMAT,Cc1cn(-c2cc(NC(=O)c3ccc(C)c(C#Cc4cnc(N5CCCC5)nc4)c3)cc(C(F)(F)F)c2)cn1,CHEMBL3605780,,6.0,0.99786806
PVPJMPRHPVKUSA,Cc1ccc(C(=O)Nc2cc(-c3c(C)noc3C)cc(C(F)(F)F)c2)cc1Nc1cc(-c2cccnc2)ccn1,,,6.0,0.7415938
MVEPUIKRHLGIQP,CNCc1c(F)cccc1-c1ccc2nc(NC(=O)[C@@H]3C[C@@H]3F)cn2c1,,,6.0,0.9997701
DNKREGROOBCZDV,CC(C)NCc1c(F)cccc1-c1ccc2nc(NC(=O)[C@@H]3C[C@@H]3F)cn2c1,,,6.0,0.99990463
RZHGUQDMTOEBKK,CN(C)Cc1c(F)cccc1-c1ccc2nc(NC(=O)[C@@H]3C[C@@H]3F)cn2c1,,,6.0,0.99952126
UUDFCSFWOWQYIU,Cc1ccc(C(=O)Nc2cc(-c3cnn(C)c3)cc(C(F)(F)F)c2)cc1Nc1cc(-c2cnc3ccccc3c2)ccn1,,,6.0,0.99708956
UOZVHXDIRMGAFL,Cc1cn(-c2cc(NC(=O)c3ccc(C)c(Nc4cc(-c5cnc6ccccc6c5)ccn4)c3)cc(C(F)(F)F)c2)cn1,,,6.0,0.9958954
YFPYQMFBXQUNHH,Cn1cc(-c2cnc(Nc3cccc(Cn4nc(-c5cnn(C)c5)ccc4=O)c3)nc2)cn1,CHEMBL3759079,,6.0,0.96365523
TXHCXRCHSIVMSN,CC(C)n1cc(C(=O)Nc2ccc(Oc3ccnc(NC(=O)C4CC4)c3)c(F)c2)c(=O)n(-c2ccc(F)cc2)c1=O,,,6.0,0.17978035
QDAZJEMOLDXXHE,N#CCC(=O)Nc1nc(-c2ccc(Cl)c(Cl)c2)ns1,,5.7500190672019045,5.7500190672019045,0.34007388
WMIAPCITBFHJBA,Cc1ccc(C(=O)Nc2cc(F)cc(-c3cnn(C)c3)c2)cc1Nc1cc(-c2cccnc2)ccn1,,,6.0,0.5838061
WFHMWBUUXCZBDM,Cc1ccc(C(=O)Nc2cc(-c3cnn(C)c3)cc(C3CC3)c2)cc1Nc1cc(-c2cccnc2)ccn1,,,6.0,0.5093949
LVDGTWYHGXQRAR,COc1ccc(-c2cc(F)cc(NC(=O)c3ccc(C)c(Nc4cc(-c5cccnc5)ccn4)c3)c2)cc1,,,6.0,0.17586708
XSZFOXMZLHBTKW,Cc1ccc(C(=O)Nc2ccc(-c3cnn(C)c3)c(C(F)(F)F)c2)cc1Nc1cc(-c2cccnc2)ccn1,,,6.0,0.8878338
FKADLGPKPHHCOZ,Cc1cn(-c2ccc(NC(=O)c3ccc(C)c(Nc4cc(-c5cccnc5)ccn4)c3)cc2C(F)(F)F)cn1,,,6.0,0.8746025
XSULWBOSFQDHJI,Cc1cn(-c2cc(NC(=O)c3ccc(C)c(Nc4cc(-c5ccc(F)nc5)ccn4)c3)cc(C(F)(F)F)c2)cn1,,,6.0,0.9921285
YUNIOIXEAMKSKU,COc1ccc(-c2cc(NC(=O)c3ccc(C)c(Nc4cc(-c5ccc(OC)nc5)ccn4)c3)cc(C(F)(F)F)c2)cc1,,,6.0,0.8612263
GJRYEJIIPXFMIG,COc1ccc(-c2ccnc(Nc3cc(C(=O)Nc4cc(-n5cnc(C)c5)cc(C(F)(F)F)c4)ccc3C)c2)cn1,,,6.0,0.99744785
RKNHIXKKSWPAQH,CC(NC(=O)c1ccc(C2CC2)c(-c2ccc3nc(Nc4cnn(C5CC5)c4)ncc3c2)c1)c1cccc(C(F)(F)F)c1,,,6.0,0.9034558
XIQQPHOWVZOQQP,CNC(=O)c1cccc2cc(Oc3ccnc(NC(=O)c4ccc(N5CCN(C)CC5)cc4)c3)ccc12,,,6.0,0.13365105
PTVZYXIUVSBOGP,CC(NC(=O)c1cccc(C(F)(F)F)c1)c1ccc(C2CC2)c(-c2ccc3nc(Nc4cnn(C5CC5)c4)ncc3c2)c1,,,6.0,0.88784564
YRXJPNNOYXAWGZ,CCc1ccc(C(C)NC(=O)c2cccc(C(F)(F)F)c2)cc1-c1ccc2nc(Nc3cnn(C)c3)ncc2c1,,,6.0,0.99893564
ZQSZVECJMJELSV,Cc1ccc(CCCCN2C(=O)N[C@H](Cc3c[nH]c4c(Cl)cccc34)C2=O)cc1C#Cc1cnc2cccnn12,,,6.0,0.48210573
ZMYXCQOKPQVAIY,C=CC(=O)N1CC[C@H](n2cc(-c3cc4cc(C)cc(OC)c4s3)c3c(N)ncnc32)C1,,,6.0,0.06736692
PZONUQMAOPGZCA,CCC(NC(=O)c1ccc(C2CC2)c(-c2ccc3nc(Nc4cnn(C5CC5)c4)ncc3c2)c1)c1cccc(C(F)(F)F)c1,,,6.0,0.9155608
UQVAOELSLJXOMB,C[C@@H]1CCN(C(=O)CC#N)C[C@@H]1n1ccc2cnc3[nH]ccc3c21,,,6.0,0.016789733
PFZVRMSUBHGEID,C[C@@H]1CCN(C(=O)CC#N)C[C@@H]1n1ccc2cnc3[nH]cc(C#N)c3c21,,,6.0,0.029316403
NWCVGFXDQDGLSM,Cc1c(C#Cc2cnc3cnc(-c4ccncc4)cn23)cccc1C(=O)Nc1cc(CN2CCN(C)CC2)cc(C(F)(F)F)c1,,,6.0,0.9942808
QHQMDSZRYFYEDL,Cc1ccc(C#Cc2cnc3cnccn23)cc1C(=O)Nc1cc(CN2CCN(C)CC2)cc(C(F)(F)F)c1,,,6.0,0.7908712
KBLPHMRCKHFBJB,C[C@@H]1C[C@H]2CN1CCn1[nH]c3c(cccc3c1=O)-c1nc3c(cccc3[nH]c1=O)O2,CHEMBL215803,,6.0,0.0018281605
KDFREDAEEQQCFD,Cc1c(C#Cc2cnc3cnc(-c4ccc(N)cc4)cn23)cccc1C(=O)Nc1cc(CN2CCN(C)CC2)cc(C(C)C)c1,,,6.0,0.9766009
WHPGNGKXSZTMOD,Cc1cc(CN2CCN(C)CC2)cc(NC(=O)c2cccc(C#Cc3cnc4cnc(-c5ccc(N)cc5)cn34)c2C)c1,,,6.0,0.99090755
GLRHZMRFCNDDIZ,CCc1cc(CN2CCN(C)CC2)cc(NC(=O)c2cccc(C#Cc3cnc4cnc(-c5ccc(N)cc5)cn34)c2C)c1,,,6.0,0.9817822
KSVGVUZJQAEMMJ,CCc1c(C#Cc2cnc3cnccn23)cccc1C(=O)Nc1cc(CN2CCN(C)CC2)cc(C(F)(F)F)c1,,,6.0,0.7711954
BDVGHJLTQZVVPA,CC(C)S(=O)(=O)c1ccccc1Nc1nc(Nc2cccc(NC(=O)CN)c2)ncc1Cl,CHEMBL3357439,,6.0,0.026353855
YBOZIGGANROIBK,CCCc1c(C#Cc2cnc3cnccn23)cccc1C(=O)Nc1cc(CN2CCN(C)CC2)cc(C(F)(F)F)c1,,,6.0,0.68790454
XRPCAAGDYPEUIE,CN1CCN(Cc2cc(NC(=O)c3cccc(C#Cc4cnc5cnccn45)c3Cl)cc(C(F)(F)F)c2)CC1,,,6.0,0.743373
QESFWVGTAWQADH,Cc1c(C#Cc2cnc3cnccn23)cccc1C(=O)Nc1cc(CN2CCN(C)CC2)cc(C(F)(F)F)c1,,,6.0,0.9115983
BGPKIRZIIRONDF,CNc1nccc(-c2cc(C(N)=O)c(-c3cc(Cl)ccc3C)[nH]2)n1,,5.995678626217358,5.995678626217358,0.9994649
PEGUNCMCAMMUQF,Cc1c(C(=O)NCCN2CCOCC2)oc2ccc(Br)cc12,,5.989276134608227,5.989276134608227,0.16080454
OVTSFQUFYKJILE,COc1cccc(-c2cn(C3CCN(CCO)CC3)c3ncnc(N)c23)c1,CHEMBL169200,5.987162775294828,5.987162775294828,0.84005386
RIDOCYIHPUSNKT,O=C(COc1cc(O)c2c(=O)cc(-c3ccccc3)oc2c1)Nc1cccc(Br)c1,CHEMBL2408502,5.982966660701219,5.982966660701219,0.49600992
FABAZRUETFVIAC,CS(=O)(=O)Nc1ccc(-c2ccc3c(c2)C(=O)Nc2cc(OC(F)(F)F)ccc2N3)cc1,,5.979224511806442,5.979224511806442,0.1685317
YUOFEULCLXLTEL,O=C1Nc2cc(OC(F)(F)F)ccc2Oc2ccc(-c3ccc(CN4CCOCC4)s3)cc21,,5.979224511806442,5.979224511806442,0.18511665
CRNMRKUVIVTISX,Cc1ccc(NC(=O)c2ccc(N=NN(C)CO)cc2)cc1Nc1nccc(-c2cccnc2)n1,CHEMBL230286,5.975925012692573,5.975925012692573,0.36204296
JSXXDWHFXXQDDJ,CSc1nc(Nc2cccc(Br)c2)c2cnn(CC(C)c3ccccc3)c2n1,CHEMBL1836680,5.97061622231479,5.97061622231479,0.8239221
GVDYJBFFYVHNPA,Cc1ccc(C(F)(F)F)cc1COc1ccc2cc(-c3nn(C(C)C)c4ncnc(N)c34)ccc2c1,,5.9694002780340485,5.9694002780340485,0.1507349
XASOHFCUIQARJT,COc1cc(-c2cnc3cc(OCCN4CCOCC4)ccn23)cc2c1C(=O)N(CC(F)(F)F)CC2,,5.960585880823863,5.960585880823863,0.40804294
NZNWQGUJOLVDKY,CSc1cccc(C(=O)Nc2ccc(C)c(Nc3nccc(-c4cccnc4)n3)c2)c1,CHEMBL1923082,5.958607314841775,5.958607314841775,0.6966116
MYHOUKHXSVKHBA,CC(C)NCc1ccc(Nc2cc(-c3ccc(-c4ccc(O)cc4O)cc3)n[nH]2)cc1,CHEMBL398606,5.958607314841775,5.958607314841775,0.43551984
IVXPIHCWBHLFEM,NC(=O)c1cc(-c2ccnc(N)n2)[nH]c1-c1cc(OC(F)(F)F)ccc1Cl,,5.958607314841775,5.958607314841775,0.9895942
RTPCKRIWAHHMNW,Clc1ccc(CNc2ncnc3c2cnn3CC(Cl)c2ccc(Br)cc2)cc1Cl,CHEMBL2397808,5.958607314841775,5.958607314841775,0.9975043
YSPCRHYYNGWCFO,COc1cc(N(C(C)=O)c2c(C#N)cnc3cc(OCCCN4CCCCC4)c(OC)cc23)c(Cl)cc1Cl,,5.958607314841775,5.958607314841775,0.8359227
PIUKQSMOYIMGDG,COc1ccc(C(=O)Nc2ccc(OCCN3CCCCC3)cc2)cc1Nc1nccc(-c2cccnc2)n1,CHEMBL2375975,5.954677021213342,5.954677021213342,0.61982346
LLEOOSLUHRQCHZ,C[C@H](/C=C\C(F)(F)F)Oc1cc(-c2cc(-c3cc(CN(C)C)cs3)cnc2N)ccc1C(N)=O,CHEMBL2042135,5.954677021213342,5.954677021213342,0.5858446
PMKFHRVILXSTGE,CN1CCN(c2ccc(C(=O)Nc3cccc(C#Cc4cccc5[nH]nc(N)c45)c3)cc2C(F)(F)F)CC1,,6.385902515018325,6.385902515018325,0.993701
LZUARXIUSHWAEA,Cc1ccc(NC(=O)c2cn(CCNS(=O)(=O)c3ccc(F)cc3C)nn2)cc1Nc1nccc(-c2cccnc2)n1,,5.950781977329818,5.950781977329818,0.10535133
PXYRSVLRSRKBJF,Cc1nc(NCCN2CCOCC2)cc(Nc2ccc(OC(F)(F)F)cc2)n1,CHEMBL1258584,,,0.9760181
LQGLAHQQQCWHMB,CC(C)(C)c1ccc(S(=O)(=O)N2CCN(c3nc(N4CCOCC4)ncc3Br)CC2)cc1,CHEMBL3953140,5.939302159646388,5.939302159646388,0.00034153883
FOJGRLUYLZGTIX,CC(C)COc1ccc2cc(-c3nn(C(C)C)c4ncnc(N)c34)ccc2c1,CHEMBL2070057,5.938170692705301,5.938170692705301,0.3648863
KUUXVOYNXWNWMP,Cc1c(F)cncc1-c1cnc2nc(NC(=O)C3CC3)sc2c1,,5.93704216591549,5.93704216591549,0.9995443
DUPLFQNVORQYIK,CC(C)(C)c1ccc(C(=O)N2CCN(C(=O)c3ccc(-c4ccccn4)cc3)CC2)cc1,CHEMBL3613489,5.93704216591549,5.93704216591549,0.12814303
GVKBXQCBZYQLPF,O=C1Nc2cc(OC(F)(F)F)ccc2Oc2ccc(-c3cccc(-c4ccn[nH]4)c3)cc21,,5.929223537156565,5.929223537156565,0.09865978
AZLPWMNKWZQGER,O=C1Nc2cc(OC(F)(F)F)ccc2Oc2ccc(-c3cnc4ccnn4c3)cc21,,5.929223537156565,5.929223537156565,0.04172415
APVUXQWBLJPBDC,O=C1Nc2cc(OC(F)(F)F)ccc2Oc2ccc(-c3ccc4[nH]ncc4c3)cc21,,5.929223537156565,5.929223537156565,0.081971645
LIDKCGAEWPHGIG,CCn1cc2c(Nc3ccc(OC(F)(F)F)cc3)ncnc2n1,CHEMBL1258696,,,0.74561006
VKMLXLHRFKTEPP,C[C@@H](NC(=O)CCCCCC(=O)Nc1cccc(Nc2nccc(Nc3cc(C4CC4)[nH]n3)n2)c1)c1ccco1,CHEMBL3617740,5.920818753952375,5.920818753952375,0.93814886
UJBJWYNPUOLFIZ,CCCNC(=O)c1ccc(Nc2nc(NCC(F)(F)F)c3cc[nH]c3n2)cc1,CHEMBL2006765,5.920818753952375,5.920818753952375,0.0639212
AUOSKLDNVNGKRR,COc1cc(Nc2ccnc3ccc(Br)cc23)cc(OC)c1OC,,5.920818753952375,5.920818753952375,0.043559168
ZWUHAYMICLJFRN,CC[C@H](C)[C@H](NC(=O)[C@H](CCC(=O)O)NC(=O)[C@H](CCC(=O)O)NC(=O)[C@H](Cc1ccc(C(F)(F)P(=O)(O)O)cc1)NC(C)=O)C(=O)N[C@@H](CCC(=O)O)C(=O)O,CHEMBL294420,5.602407705158788,5.602407705158788,0.0041297437
LVVKADMQGHJKID,CC(=O)N[C@@H](Cc1ccc(C(F)(F)P(=O)(O)O)cc1)C(=O)N[C@@H](CCC(=O)O)C(=O)N[C@@H](CCC1CCCCC1)C(N)=O,CHEMBL294692,5.887345359137068,5.887345359137068,0.0035569712
IMBPFCCEWUQKON,Clc1ccc(C(Cl)Cn2ncc3c(NCc4ccccn4)ncnc32)cc1,CHEMBL1775045,5.920818753952375,5.920818753952375,0.9046869
QFADNOVKNDFOQL,CCCCNc1nc(SC)nc2c1cnn2CC(Cl)c1ccccc1,CHEMBL40798,5.920818753952375,5.920818753952375,0.995758
FKNLUDCMGXLVRV,CC(Oc1ccc2cc(-c3nn(C(C)C)c4ncnc(N)c34)ccc2c1)c1ccccc1,,5.910094888560602,5.910094888560602,0.22730598
HRCITRRSKGUPIX,Cc1nc(-c2cc(Nc3ccc(OC(F)(F)F)cc3)ncn2)cs1,CHEMBL1258128,,,0.9826147
DSWQEAACFYNCFH,O=C(COc1cc(O)c2c(=O)cc(-c3ccccc3)oc2c1)Nc1cc(Br)ccn1,CHEMBL2408495,5.910094888560602,5.910094888560602,0.63361406
VMDSEGVHBGMEJV,FC(F)(F)c1ccc(Nc2cc(-c3ccncc3)ncn2)cn1,CHEMBL1257192,,,0.033448104
AOUJYKTVAHPJSB,CC(=O)N[C@@H](C)C(=O)NC1=NN(c2ccc(Cl)c(Cl)c2)CC1,,5.849972501669184,5.849972501669184,0.98802364
JDMACDSDZWBSHO,COc1ccc(CSc2nnc(NC(=O)c3ccccc3Cl)s2)cc1,,5.8996294548824375,5.8996294548824375,0.9926087
LJILKVWBNWUJMO,ClC(Cn1ncc2c(NCc3cccc(Br)c3)ncnc21)c1ccc(Br)cc1,CHEMBL2397814,5.898252926053634,5.898252926053634,0.98724246
YHMLMIWKVKHAPH,CC(C)n1nc(-c2ccc3cc(OCc4cc(F)cc(Cl)c4)ccc3c2)c2c(N)ncnc21,,5.8972233851165585,5.8972233851165585,0.36835942
HRLKAZKFNKBLJC,FC(F)(F)c1ccc(Nc2cc(-c3ccncc3)ncn2)cc1,CHEMBL1258927,,,0.12877405
IVPXLYURCHEJMH,O=C1Nc2cc(OC(F)(F)F)ccc2Oc2ccc(-c3cccc(OCCO)n3)cc21,,5.892790030352131,5.892790030352131,0.06800378
ILWOIMOKLTUADE,CCCCn1c(-c2ccc(F)cc2C)cn2c3c(=O)[nH]c(=O)n(C)c3nc12,CHEMBL2333595,5.892111974817201,5.892111974817201,0.7981535
VKLJXWNPKZRZMV,N#Cc1ccc(C(=O)Nc2cccc(Nc3nccc(-c4cccnc4)n3)c2)cc1,CHEMBL58580,5.888070392334685,5.888070392334685,0.23672238
SLBMNZPBYUAWPO,O=C(Nc1nnc(CCc2ccccc2)s1)c1ccccc1I,CHEMBL207986,5.886056647693163,5.886056647693163,0.75529647
KHJDQKZFRSJLLK,Cc1cn(-c2cc(Cl)cc(NC(=O)c3ccc(C)c(Nc4nc(-c5cccnc5)cs4)c3)c2)cn1,CHEMBL1760373,5.886056647693163,5.886056647693163,0.8598973
BORBQIBMVCBFML,FC(F)(F)Oc1ccc(Nc2ncnc3n[nH]cc23)cc1,CHEMBL1258694,,,0.5732926
QYAVEZQWLBMXAD,ClC(Cn1ncc2c(NCc3ccccc3)ncnc21)c1ccc(Br)cc1,CHEMBL2397803,5.883392256011752,5.883392256011752,0.9750484
NFYDBBVZKANMEX,Cc1cc(Nc2ncc(C)c(N3CC4CCC(C3)N4CC#N)n2)sn1,,5.881404634776238,5.881404634776238,0.015192088
BCXYVVILJPQKQT,OCCn1cc2c(Nc3ccc(OC(F)(F)F)cc3)ncnc2n1,CHEMBL1258695,,,0.5441177
SDTRCSUGRYAYDP,C=CC(=O)N(c1ccc(Cl)cc1Cl)c1c(C#N)cnc2cc(OC)c(OC)cc12,,5.876148359032914,5.876148359032914,0.8207536
OKFAZZUSWJWRJN,CN1CCC(Nc2ccc(C(=O)Nc3cc(-c4ccc5c(c4)OCO5)n[nH]3)cc2)CC1,,5.872895201635193,5.872895201635193,0.36900902
WQHXIMCGFHBRFN,O=C(c1cc2c(Nc3ccc(OC(F)(F)F)cc3)ncnc2s1)N1CCN(N2CCCC2)CC1,CHEMBL1257541,,,0.14024322
NLUXZSOVIDDONO,Nc1n[nH]c2cccc(-c3ccc(C(=O)NCCNC(=O)c4ccc(F)cc4)cc3)c12,,5.141933611245996,5.141933611245996,0.05041239
WRJUIWPLARWCGQ,Cc1c2ccc(Nc3ccnc(Nc4ccc(S(N)(=O)=O)cc4)n3)cc2nn1C,,5.8696662315049934,5.8696662315049934,0.8014867
NEQDGTDAHJJBSO,Cc1ccc(N(C)C(=O)c2cccc(C(F)(F)F)c2)cc1Nc1nccc(-c2cccnc2)n1,,5.865822892423234,5.583426444043607,0.20581482
ZXPUKEPQYKBOHH,Cc1cn(-c2cc(NC(=O)c3ccc4c(c3)C[C@H](N(C)c3cncnc3)C4)cc(C(F)(F)F)c2)cn1,,5.86359655186601,5.86359655186601,0.62986076
IJJBQXDUBAQHKQ,Cc1ccc(NC(=O)c2ccc(CN3CCN(CCF)CC3)cc2)cc1Nc1nccc(-c2cccnc2)n1,CHEMBL3098616,5.860750782428393,5.860750782428393,0.6156411
BRGBOWSGAPUBAY,CN(CCc1ccccc1)C(=O)c1ccc(NC(=O)Cc2ccc(NC(=O)C3CCN(C(=O)C4CCCC4)CC3)cc2)cc1,,5.860750782428393,5.860750782428393,0.0034786223
KWSSMBHDMXPYIA,CCNC(=O)Nc1nc2cc(-c3cccnc3)ccc2[nH]1,,5.857923538926715,5.857923538926715,0.7233308
XZWVDSXWDSIELQ,CSc1nc(N2CCCC2)c2cnn(CC(Br)c3ccccc3)c2n1,CHEMBL507594,5.853871964321762,5.853871964321762,0.5568906
YZMSNPZCAJEYHF,COc1cccc(-c2cn(C3CCNC3)c3ncnc(N)c23)c1,CHEMBL169519,5.853871964321762,5.853871964321762,0.7286343
OVSRLXBMVMWIKH,COc1ccc2nc(NC(=O)CCc3nc(C4=CCN(C)CC4)no3)sc2c1,,5.8523236757589014,5.8523236757589014,0.88983464
WDXINODUFAPVKM,CC(C)n1nc(C#Cc2cccc(F)c2)c2c(N)ncnc21,,5.83720112356999,5.83720112356999,0.89745635
GXIBVDBBEJEVPC,Fc1cccc(Nc2ncnc3c2cnn3CC(Cl)c2ccccc2)c1,CHEMBL2397800,5.841637507904751,5.841637507904751,0.9793336
ABIOEYXBRUITSN,Cc1cn(-c2cc(C(=O)Nc3cccc(C#Cc4cccc5[nH]nc(N)c45)c3)cc(C(F)(F)F)c2)cn1,,6.832773124424534,6.832773124424534,0.99824786
MEVIRVZMVJSOHO,O=C(c1cc(Cl)c(Cl)c(Cl)n1)N1CCN(c2nc(Cl)ncc2Br)CC1,CHEMBL3954069,5.841637507904751,5.841637507904751,0.014397403
LMOZLVRHOZSGAO,O=C(c1ccc(-c2cc(Nc3ccc(F)cc3)ncn2)cc1)N1CCN(C(=O)c2cccc(C(F)(F)F)c2)CC1,,5.841637507904751,5.841637507904751,0.15648916
UXTOZLJAEISZOJ,Cc1ccc(NC(=O)c2cccc(C(F)(F)F)c2)cc1C(=O)c1cc2c(Nc3ccc(OC(F)(F)F)cc3)ncnc2s1,CHEMBL1256107,,,0.95700926
PVSZILJUJHCSJB,CCOC(=O)CCCCC(=O)c1[nH]c(=O)[nH]c1CSc1nc(-c2ccccc2)c(C#N)c(=O)[nH]1,,5.838332587562264,5.838332587562264,0.76132363
VPATYCSPMLXMIW,C[C@H](NC(=O)c1cccc(-c2cncc(C(=O)NC3CC3)c2)c1)C(=O)Nc1ccc(Cl)c(C(F)(F)F)c1,,5.470942691078809,5.470942691078809,0.9998658
RAZQMHOATYACAV,CCNC(=O)Nc1nc2ccc(-c3ccccc3Oc3ccccc3)cc2[nH]1,,5.830031826003108,5.830031826003108,0.9619392
SCLMNCGKQRDXNW,Nc1n[nH]c2cccc(C#Cc3cccc(C(=O)Nc4cc(C(F)(F)F)cc(C(F)(F)F)c4)c3)c12,,6.280112670193564,6.280112670193564,0.74798346
XYFFLZBVVHJTSP,O=C1Nc2cc(OC(F)(F)F)ccc2Sc2ccc(-c3ccnc(N4CCOCC4)c3)cc21,,5.82915179635669,5.82915179635669,0.087207906
GDGRRDMNAXWFDD,Nc1c2c(=O)[nH]c(-c3ccccc3)cc2nn1-c1ccccc1,CHEMBL1813790,5.823908740944319,5.823908740944319,0.12304574
WCXVZXSLSCQTGU,CCOc1cc(Nc2c(C#N)cnc3cc(OCC4CCN(C)CC4)c(OC)cc23)c(Cl)cc1Cl,,5.823908740944319,5.823908740944319,0.9816212
VXQQMISKEQNIMY,CCOCCNc1nc(SC)nc2c1cnn2CC(Cl)c1ccccc1,CHEMBL291273,5.823908740944319,5.823908740944319,0.9905537
HSXXEDHFRWHJOH,Nc1n[nH]c2cccc(-c3ccc(C(=O)N4CCN(C(=O)c5ccc(Br)cc5)CC4)cc3)c12,,5.485714373653732,5.485714373653732,0.25023904
CGQHLWDWBCMNQL,O=[N+]([O-])c1ccc(S(=O)(=O)Nc2ccc(O)c(Sc3nnc[nH]3)c2)cc1,CHEMBL2436727,5.823908740944319,5.823908740944319,0.0006603902
YHOADCPKDIDCGW,Cc1cc(NC(=O)COc2cc(O)c3c(=O)cc(-c4ccccc4)oc3c2)ncc1Br,CHEMBL2408496,5.815308569182402,5.815308569182402,0.58864176
OGYAOIRZEOKQGD,COc1ccc(S(=O)(=O)Nc2cc(Sc3ncnc4nc[nH]c34)c(O)c3ccccc23)cc1OC,CHEMBL3113284,5.815308569182402,5.815308569182402,0.0011933094
CUZYXYIPRMNGRR,O=C(Cc1ccc(NC(=O)C2CCN(C(=O)C3CCCC3)CC2)cc1)Nc1ccc(C(=O)N2CCOCC2)cc1,,5.813608784304507,5.813608784304507,0.011531693
JEANNGHDTAWDLE,O=C1Nc2cc(OC(F)(F)F)ccc2Oc2ccc(-c3ccnc(OCCO)c3)cc21,,5.809668301829708,5.809668301829708,0.045270298
ZZHVSXAXUYZGQM,N#CCC(=O)Nc1ccn(-c2ccc(Cl)c(Cl)c2)n1,,5.699975549190536,5.699975549190536,0.40761083
CCXHNQKXOCPCFZ,N#CCC(=O)Nc1csc(-c2ccc(Cl)c(Cl)c2)n1,,6.349800094164333,6.349800094164333,0.40641809
LXWRBNVDMIBRQV,Cn1ccc2cc(-c3nn(C(C)(C)C)c4ncnc(N)c34)ccc21,CHEMBL2069951,5.798876102792621,5.798876102792621,0.8838832
MJOCJDMQRCJQJF,CCOc1ccc2cc(-c3nn(C(C)C)c4ncnc(N)c34)ccc2c1,CHEMBL2070048CHEMBL1785021,5.769551078621726,5.769551078621726,0.3214772
QPFJPSMUHTYLAF,CC[C@H](NC(=O)[C@H](Cc1ccc(C(F)(F)P(=O)(O)O)cc1)NC(C)=O)C(=O)N(C)CCCC1CCCCC1,CHEMBL298813,5.596910013008056,5.596910013008056,0.03520062
JKEOLUJTQXIYQJ,Fc1ccc(C(Cl)Cn2ncc3c(NCc4ccncc4)ncnc32)cc1,CHEMBL1775047,5.795880017344075,5.795880017344075,0.80563736
GJNWPXMEFQRJIZ,Nc1n[nH]c2cccc(C#Cc3cccc(C(=O)Nc4ccc(CN5CCOCC5)c(C(F)(F)F)c4)c3)c12,,6.252245175948295,6.252245175948295,0.99832076
BXKGOZLXSUGMSZ,Cc1ccc(C(=O)Nc2ccc(CN3CCN(C)CC3)c(C(F)(F)F)c2)cc1-n1cc(-c2cnc(N3CCCCC3)nc2)nn1,CHEMBL2177640,5.78807891569149,5.78807891569149,0.9997899
QEWJRTUCCOIWLO,CN1CCN(Cc2cc(NC(=O)c3cccc(C#Cc4cccc5[nH]nc(N)c45)c3)cc(C(F)(F)F)c2)CC1,,6.515303693665602,6.515303693665602,0.4711852
UBQQBKZGACTEJP,Cc1cccc(-c2nn(C(C)(C)C)c3ncnc(N)c23)c1,CHEMBL2069941,5.786216700664696,5.786216700664696,0.9463034
CFHDEGOBPJUESQ,O=C(Nc1ncc(-c2ccc(F)cc2)s1)c1cccs1,CHEMBL476514,5.783570169123749,5.783570169123749,0.6451071
GNFYFIBMOWINMR,FC(F)(F)Oc1ccc(Nc2cc(-n3ccnc3)ncn2)cc1,CHEMBL1258581,,,0.90312034
RUFIBBKFWQVWBE,O=C1Nc2cc(OCCC(F)(F)F)ccc2Oc2ccc(-c3ccnc(N4CCOCC4)c3)cc21,,5.779107750780481,5.779107750780481,0.2232512
SFRZEEVUXFQLJG,CNC[C@@H]1CC1C(=O)Nc1nc2ccc(-c3cncc(F)c3C)cc2s1,,5.778846678045295,5.778846678045295,0.99926
CQUGUAYZDBOGML,N#CC12CCCCC1CC1CCCCC1(C#N)N2Cc1cccnc1,,5.774949303861951,5.774949303861951,1.2325262e-06
KKXDIDTZXUDGDY,CCCCOc1ccc2cc(-c3nn(C(C)C)c4ncnc(N)c34)ccc2c1,CHEMBL2070060,5.774690718274137,5.774690718274137,0.43087327
PDPAWCAMOVBKSG,Cc1ccc(S(=O)(=O)N2CCN(c3nc(N4CCOCC4)ncc3Br)CC2)c(C)c1,CHEMBL3944423,5.772113295386326,5.772113295386326,0.00044524047
CDYRTKATRGHFFA,FC(F)(F)Oc1ccc(Nc2ncnc3nn(Cc4cccnc4)cc23)cc1,CHEMBL1257194,,,0.71177447
XYDDYEATSKZMBM,CC(=O)N[C@@H](Cc1ccc(C(F)(F)P(=O)(O)O)cc1)C(=O)N[C@@H](CCC(=O)O)C(=O)N(C)CCCC1CCCCC1,CHEMBL58478,5.723665891943903,5.723665891943903,0.016397586
DNZYOZKYEXTOPJ,O=C(NO)c1ccc(-c2ccc3ncnc(Nc4ccc(OCc5cccc(F)c5)c(Cl)c4)c3c2)s1,CHEMBL1630118,5.769551078621726,5.769551078621726,0.15366104
LHCIBQLPMCBTDW,CC(=O)N1CCN(c2ccc(Nc3nccc(-c4sc(C(C)C)nc4-c4cccc(NS(=O)(=O)c5cccc(Cl)c5)c4)n3)cn2)CC1,,6.395913736666439,6.395913736666439,0.028248474
RYTHFKJTOHUIJB,Cc1ccc(C)c(COc2ccc3cc(-c4nn(C(C)C)c5ncnc(N)c45)ccc3c2)c1,,5.769295686387431,5.769295686387431,0.07906316
HVYNAGNDGYDQLT,CN1C(=O)/C(=C/c2ccc(/C=C/C(=O)NCc3ccncc3)s2)Oc2ccccc21,CHEMBL461777,5.7544873321858505,5.7544873321858505,0.016368309
PYEQRYTVMCYLNY,CC(C)n1nc(-c2ccc3cc(OCc4ccc(CC(F)(F)F)c(Cl)c4)ccc3c2)c2c(N)ncnc21,,5.74521031260279,5.74521031260279,0.7372884
HARWPDFZIKWEJT,FC(F)(F)Oc1ccc(Nc2cc(N3CCOCC3)ncn2)cc1,CHEMBL1258472,,,0.95142645
YAOFOVYWIFNOKW,COc1cc2ncc(C#N)c(N[C@@H]3C[C@H]3c3ccccc3)c2cc1OCCCN1CCOCC1,CHEMBL248221,5.7447274948966935,5.7447274948966935,0.4596304
OWLHVXVPQWFVKL,COc1cc2ncc(C#N)c(N[C@@H]3C[C@H]3c3ccccc3)c2cc1OCCCc1cccnc1,CHEMBL248222,5.7447274948966935,5.7447274948966935,0.7368589
FOSUHZNVGWOSJD,CC[C@H](C)[C@H](NC(=O)[C@@H]1CCCN1C(=O)[C@@H](NC(=O)[C@H](CCC(=O)O)NC(=O)[C@H](CCC(=O)O)NC(=O)[C@H](Cc1ccc(C(F)(F)P(=O)(O)O)cc1)NC(=O)[C@H](CCC(N)=O)NC(=O)[C@@H]1CCCN1C(=O)[C@@H](N)CCC(=O)O)[C@@H](C)CC)C(=O)N[C@@H](Cc1ccc(O)cc1)C(=O)N[C@@H](CC(C)C)C(=O)O,CHEMBL413629,5.3071968632008435,5.3071968632008435,0.072296426
CMBWCUKJTFCGST,FC(F)(F)c1cc(CNc2ncnc3c2cnn3CC(Cl)c2ccc(Br)cc2)cc(C(F)(F)F)c1,CHEMBL2397816,5.7423214251308154,5.7423214251308154,0.9773218
XGAYALCZXPVWQM,CCc1ccc(C(=O)Nc2cccc(C(F)(F)F)c2)cc1-c1cccc(-c2cnc3cnccn23)c1C,,5.741602195904491,5.741602195904491,0.9903196
XUNKRLKCJXEWLI,Cc1cccc(Nc2nccc(-c3cccnc3)n2)c1,CHEMBL327907,5.739928612014925,5.739928612014925,0.8056205
ISYYQVFVJNYTJG,CN(C)c1cccc(C(=O)N2CCN(C(=O)c3ccc(-c4nccs4)cc3)CC2)c1,CHEMBL3613512,5.735890843694191,5.735890843694191,0.08101336
JWESOKVATHOIMI,CCOC(=O)CCCCC(=O)c1[nH]c(=O)[nH]c1Cn1cnc2ccccc21,,5.73118809626022,5.73118809626022,0.80611336
LKSDTUSIVJELJD,CSc1nc(NCc2ccc(F)cc2)c2cnn(CC(C)c3ccccc3)c2n1,CHEMBL1836676,5.730487055782084,5.730487055782084,0.7813834
CESPGAJIWKLGLW,COc1ccc(Cl)cc1NC(=O)CN(C)C(=O)c1cc(-c2ccncc2)nc2ccccc12,,5.729787145103757,5.729787145103757,0.49030462
OZJLXRDUICUHCV,O=C1Nc2cc(OC(F)(F)F)ccc2Oc2ccc(-c3cccc(S(=O)(=O)NCCO)c3)cc21,,5.729321163855293,5.729321163855293,0.297596
FAORGFDQMGBNGY,O=C1Nc2cc(OC(F)(F)F)ccc2Oc2ccc(-c3cccc(C(=O)N4CCOCC4)c3)cc21,,5.729321163855293,5.729321163855293,0.09771135
YGYUQWPIGXPMHO,Cc1cccc(NC(=O)COc2cc(O)c3c(=O)cc(-c4ccccc4)oc3c2)c1,CHEMBL2408499,5.72584215073632,5.72584215073632,0.41543046
WYBHFUAXFSOQRU,CC(=O)Nc1ccc(NC(=O)C2CCN(C(=O)c3cccs3)CC2)cc1,,5.721475035262983,5.721475035262983,0.04085459
XZSDNYHHWDDDFV,CN1C(=O)/C(=C/c2ccc(/C=C/C(=O)NCc3cccnc3)s2)Oc2ccccc21,CHEMBL461776,5.721246399047171,5.721246399047171,0.01981832
YLZAAULRAWXXOU,CC(C)n1nc(C#Cc2cccc(Cl)c2)c2c(N)ncnc21,,5.644941317444092,5.644941317444092,0.9132409
ZUNCPEIOPMEIGV,COc1cc(Nc2ccnc3ccc(C(F)(F)F)cc23)cc(OC)c1OC,,5.721246399047171,5.721246399047171,0.14892645
MKMYAVUUMSCFQQ,CC(=O)NC[C@H]1CC[C@H](c2nc(-c3cc4ccccc4[nH]3)c3c(N)nccn32)CC1,CHEMBL1762110,5.707743928643524,5.707743928643524,0.6830567
ZUOPGMKNZDWSIV,O=C(c1cc2c(Nc3ccc(OC(F)(F)F)cc3)ncnc2s1)N1CCC(O)CC1,CHEMBL1257660,,,0.25466388
FIPQMCTTXHWSOH,C=CC(=O)Nc1cccc(CNc2nc(Nc3cnn(CCN4CCN(C(=O)CC5C6CC7C[C@H](C6)C[C@H]5C7)CC4)c3)ncc2Cl)c1,,5.704872914747809,5.704872914747809,0.29548725
YIDKYUQDACHIEO,Cc1ccc(S(=O)(=O)N2CCN(c3nc(N4CCOCC4)ncc3Br)CC2)cc1,CHEMBL3916487,5.703334809738469,5.703334809738469,0.00020787337
DODHQWBMDCYHFB,Nc1n[nH]c2cc(-c3ccc(C(=O)N4CCN(C(=O)c5ccc(Cl)c(C(F)(F)F)c5)CC4)cc3)ccc12,,5.487209857281861,5.487209857281861,0.9560262
VTGGCGPTZWQYQY,O=C(NC1=NN(c2ccc(Cl)c(Cl)c2)CC1)c1ccccn1,,5.700057099977233,5.700057099977233,0.9862536
VZCGBSAPBTXWAE,N#CCC(=O)Nc1nsc(-c2ccc(Cl)c(Cl)c2)n1,,5.650018732456037,5.650018732456037,0.36969087
CRLRIZCQVMRUTK,NC1=NN(c2ccc(Cl)c(Cl)c2)CC1,,5.450013870366549,5.450013870366549,0.9360375
OWQSKFMEYPTYKI,CCCCNc1ncnc2c1cnn2CC(Cl)c1ccccc1,CHEMBL472822,5.700057099977233,5.700057099977233,0.97541785
OKUPZBPYLVKVSU,O=C(Cc1cccc(OCCCC2CCNCC2)c1)Nc1nc(-c2c[nH]c3ncccc23)cs1,,,5.698970004336019,0.6671791
INSHNCACNSMLHJ,Cn1c(=O)c(-c2ccccc2)cc2cnc(NCc3cccc(N)c3)nc21,CHEMBL1223410,5.698970004336019,5.698970004336019,0.9971373
JYHRBJVBNRDAJX,COc1cc(SC)ccc1C(=O)Nc1nnc(CCc2ccccc2)s1,CHEMBL376993,5.698970004336019,5.698970004336019,0.97356695
SKOACKXMXIKVRJ,CN[C@@H](C)C(=O)N[C@H](C(=O)N1CCC[C@H]1c1nc(C(=O)c2cccc(OCCOCCOCCNC(=O)c3cccc(-c4cc(Nc5ccc(OC(F)(F)F)cc5)ncn4)c3)c2)cs1)C1CCCCC1,,5.698970004336019,5.698970004336019,0.9836174
GBEDCQRPBAKDLI,COC(=O)[C@@H]1CC1C(=O)Nc1nc2cc(-c3c(C)cccc3F)ccc2s1,,,5.698970004336019,0.931767
OKMWXOYIGNTKPN,Cc1ccncc1-c1cnc2nc(NC(=O)[C@@H]3C[C@@H]3F)sc2c1,,,5.698970004336019,0.9956137
ULXBTLOSJVGHQI,CNC[C@@H]1CC1C(=O)Nc1nc2ccc(-c3c(C)cccc3F)cc2s1,,,5.698970004336019,0.9989411
HIUHVDROHDSKTC,CS(=O)(=O)Nc1cccc(CC(=O)Nc2nc(-c3c[nH]c4ncccc34)cs2)c1,,,5.698970004336019,0.1835828
JUQVAWWMBJNFJU,Cc1ccc2[nH]ccc2c1-c1ccc2sc(NC(=O)[C@@H]3C[C@@H]3F)nc2c1,,,5.698970004336019,0.99861956
OTSDQTWQPMUEAB,Fc1ccc(CNc2ncnc3c2cnn3CC(Cl)c2ccccc2)cc1,CHEMBL272169,5.698970004336019,5.698970004336019,0.9046989
JLIZHCYTSUGKKN,Cc1ccc(NCc2ccc(C(=O)Nc3ccccc3N)cc2)cc1Nc1nccc(-c2cccnc2)n1,CHEMBL475796,5.698970004336019,5.698970004336019,0.18949234
ZRJOTDSPDGPCOQ,Cc1cccc(F)c1-c1ccc2sc(NC(=O)C3C[C@H]3CO)nc2c1,,,5.698970004336019,0.999385
STKJKBQWLGIHNC,Cc1cc(C(C)O)ncc1-c1ccc2sc(NC(=O)[C@@H]3C[C@@H]3F)nc2c1,,,5.698970004336019,0.9998242
OYVVMOFKYNALOR,Cc1ccncc1-c1ccc2nc(N)sc2c1,,,5.698970004336019,0.09230959
LKGCEJQMQTVIKR,Cc1cn(-c2cc(NC(=O)c3ccc(C)c(Nc4nc(-c5cccnc5)cs4)c3)cc(C34CC5CC(CC(C5)C3)C4)c2)cn1,CHEMBL1760372,,5.698970004336019,0.99784255
CLHQUJFCSXEMJN,Cc1cccc(F)c1-c1ccc2sc(NC(=O)C3CC3)nc2c1,,,5.698970004336019,0.99898416
KLEHUALCEWOJLQ,Cc1cc(CO)ncc1-c1ccc2sc(NC(=O)[C@@H]3C[C@@H]3F)nc2c1,,,5.698970004336019,0.9994574
XNUAOUHILDQJGY,Cc1ccc2c(ccn2COCC[Si](C)(C)C)c1-c1ccc2sc(NC(=O)[C@@H]3C[C@@H]3F)nc2c1,,,5.698970004336019,0.9341486
AELQZQMFJFSGIS,CC(=O)c1cc(C)c(-c2ccc3sc(NC(=O)[C@@H]4C[C@@H]4F)nc3c2)cn1,,,5.698970004336019,0.995843
ORYLVNDCQQTSPS,Cc1cc(CO[Si](C(C)C)(C(C)C)C(C)C)ncc1-c1ccc2sc(NC(=O)[C@@H]3C[C@@H]3F)nc2c1,,,5.698970004336019,0.9999585
IEIIUWGPESOFOG,O=C(Nc1ccc(OC(F)(F)Cl)cc1)c1cc(-c2cncnc2)c2c(c1)nc(C(F)F)n2C1CC1,,9.387216143280265,9.387216143280265,0.99999404
XJAUQRMMRNHEPC,O=C(Nc1ccc(OC(F)(F)Cl)cc1)C1C=C(C2CC=CN=N2)c2c(nc3n2[C@H](CO)CCO3)C1,,9.387216143280265,9.387216143280265,0.9310709
CGSZHEPJBCJZLG,Cc1[nH]c2ncnc(Nc3ccccc3)c2c1C,CHEMBL75049,5.698970004336019,5.698970004336019,0.087322146
SBOWFSJAIITCRO,CS(=O)(=O)c1nc(NCc2ccccc2)c2cnn(CC(Cl)c3ccccc3)c2n1,CHEMBL1775043,5.698970004336019,5.698970004336019,0.095636204
FOJLYJKJKFJDBT,Cc1ccc2c(ccn2COCCCS(C)(C)C)c1-c1ccc2sc(NC(=O)C3C[C@@H]3F)nc2n1,,,5.698970004336019,0.63045734
KDLULSFANKIHOD,CC(=O)c1cc(C)c(-c2ccc3sc(NC(=O)C4C[C@@H]4F)nc3n2)cn1,,,5.698970004336019,0.97282445
HKLDAVUUZQSJEX,Cc1ccncc1-c1cnc2nc(NC(=O)OC(C)(C)C)sc2c1,,,5.698970004336019,0.73308563
NLZUZMDQCFLSME,CC(C)c1nc(-c2cnc3ccccc3c2)c2c(N)nccn12,,5.696803942579511,5.696803942579511,0.9411758
PIAOPVOJTUSVEB,Cc1cc(Nc2ncc(C)c(N3CC4CCCC(C3)N4CC#N)n2)sn1,,5.692932049338702,5.692932049338702,0.017948719
BIGVVCWRCKTFAN,COc1ccc(NC(=O)CN(C)C(=O)Cc2ccc(S(=O)(=O)N3CCOCC3)s2)cc1,,5.692076296388119,5.692076296388119,0.0077562337
ZNCNGTHIJNBYED,Nc1n[nH]c2cccc(-c3ccc(C(=O)N4CCN(C(=O)c5ccc(Cl)c(C(F)(F)F)c5)CC4)cc3)c12,,5.327089730173342,5.327089730173342,0.4384062
QQKXUJRZSRZBRR,CC(=O)NCc1ccc(-c2ccc3c(c2)C(=O)Nc2cc(OC(F)(F)F)ccc2O3)s1,,5.679230771661313,5.679230771661313,0.07505476
DRIJFUAWMVHGOZ,Fc1ccc(C(Cl)Cn2ncc3c(NCc4ccccn4)ncnc32)cc1,CHEMBL1773092,5.6777807052660805,5.6777807052660805,0.899475
XCTXVINXIUDVJB,Nc1n[nH]c2cc(-c3ccc(C(=O)NCCNC(=O)c4ccc(Br)cc4)cc3)ccc12,,5.61870572741014,5.61870572741014,0.9645675
NMPCYEQKAHXJKR,O=C(COc1cc(O)c2c(=O)cc(-c3ccccc3)oc2c1)Nc1ncccc1F,CHEMBL2408498,5.663540266151471,5.663540266151471,0.4114094
OLOGECLSWUOJTL,Cc1cc(NS(=O)(=O)c2ccc(Nc3nccc(Nc4ccc5c(C)n(C)nc5c4)n3)cc2)no1,,5.661543506395395,5.661543506395395,0.21401422
JFALAINVINKKTI,C=CCn1c2ccccc2c2nnc(SCc3[nH]c(=O)[nH]c3C(=O)CCCCC(=O)OCC)nc21,,5.660151216962363,5.660151216962363,0.7150612
DPLINHZLXGDQFX,FC(F)(F)Oc1ccc(Nc2ncnc3nn(C4CCCCC4)cc23)cc1,CHEMBL1258813,,,0.7881221
ATRMIGVAAPIRJO,Nc1ncnc2c1c(-c1ccccc1)cn2C(CO)Cc1ccc(O)cc1,CHEMBL170438,5.657577319177793,5.657577319177793,0.008682756
WNZMTWAJENZPDM,CCOC(=O)N1CCC(n2cnc(-c3ccc(F)cc3)c2-c2ccnc(N)n2)CC1,CHEMBL95931,5.1338031200885155,5.1338031200885155,0.05660968
MHEGABTUKQXPHG,CCN(CC(=O)Nc1ccc(NC(C)=O)cc1)C(=O)c1ccccc1SCc1c(C)noc1C,,5.654038458186859,5.654038458186859,0.010948439
CNFBVUCODRZQOP,CCc1ccc(C(=O)Nc2cccc(C(F)(F)F)c2)cc1-c1cccc(-c2cnc3cnccn23)c1,,5.653647025549361,5.653647025549361,0.98826283
QZGAWXSHTXJXDY,O=S(=O)(c1cc(C(F)(F)F)cc(C(F)(F)F)c1)N1CCN(c2nc(Cl)ncc2Br)CC1,CHEMBL3948007,5.647817481888637,5.647817481888637,0.0017283272
OKFQCGQMFZAGPH,Nc1n[nH]c2cccc(C#Cc3cccc(C(=O)Nc4cccc(C(F)(F)F)c4)c3)c12,,6.16183613305934,6.16183613305934,0.87065357
MJLGATKKRYTQPD,COc1cc2ncnc(Nc3ccc(F)c(Cl)c3)c2cc1NC(=O)/C(F)=C/CN(C)C,CHEMBL3357634,5.645507399410564,5.645507399410564,0.7923765
GBSKQQCFEIYDJF,C=CC(=O)Nc1cccc(CNc2nc(Nc3ccc(N4CCN(CCCNC(=O)CC5[C@H]6C[C@H]7C[C@H](C6)C[C@H]5C7)CC4)cc3)ncc2Cl)c1,,5.645315446045271,5.645315446045271,0.15452518
DFRXMARDQMAMKN,O=C(COc1cc(O)c2c(=O)cc(-c3ccccc3)oc2c1)NCc1ccccc1,CHEMBL2408505,5.6439741428068775,5.6439741428068775,0.10804379
XGSZJYQCCGRXPI,C=CC(=O)Nc1cccc(CNc2nc(Nc3cnn(C4CCN(CCNC(=O)CC5[C@H]6C[C@H]7C[C@H](C6)C[C@H]5C7)CC4)c3)ncc2Cl)c1,,5.643018599006869,5.643018599006869,0.6027894
BVYLNQRZZUYRSA,C[C@H](NC(=O)c1ccc(-c2cncc(C(=O)NCCN(C)C)c2)cc1)C(=O)Nc1ccc(Cl)c(C(F)(F)F)c1,,5.410603581779923,5.410603581779923,0.98810273
DWLLEPMMIHDKET,O=C(c1cc(Cl)ccc1Cl)N1CCN(c2nc(Cl)ncc2Br)CC1,CHEMBL3919127,5.642065152999546,5.642065152999546,0.12714608
FCNOOCZWZIUGIT,Cc1[nH]c2ncnc(Nc3cccc(Br)c3)c2c1C,CHEMBL74722,5.638272163982407,5.638272163982407,0.2571458
ABXZOXDTHTTZJW,Oc1ccc(C[C@H]2NCCc3cc(O)c(O)cc32)cc1O,CHEMBL156383,5.632644078973981,5.632644078973981,0.25532722
KUKLFDNMJFSFJI,Nc1n[nH]c2cc(-c3ccc(C(=O)N4CCN(C(=O)c5ccc(F)cc5)CC4)cc3)ccc12,,5.348142845673145,5.348142845673145,0.2581588
GTBROFBSVMMXSK,O=C(NCCO)c1cccc(-c2ccc3c(c2)C(=O)Nc2cc(OC(F)(F)F)ccc2N3)c1,,5.629116983222394,5.629116983222394,0.022877568
SJKCAVNLLOXGJL,Nc1ncnc2c1c(-c1ccc(Cl)cc1)nn2-c1cccc(-c2cnnn2CCCCCC(=O)NO)c1,CHEMBL2408778,5.628932137728264,5.628932137728264,0.09174316
LTZAOEYIDIFFHJ,CC(C)Oc1ccc2cc(-c3nn(C(C)C)c4ncnc(N)c34)ccc2c1,CHEMBL2070052,5.627087997029894,5.627087997029894,0.31534863
NVMRBEYXROKPDP,Cc1cccc(C(=O)N2CCN(C(=O)c3ccc(-c4cccc5[nH]nc(N)c45)cc3)CC2)c1,CHEMBL3634534,5.6252516539898965,4.812625826994948,0.17474318
MXUQGHVBDMUJLL,CCOC(=O)CCCCC(=O)c1[nH]c(=O)[nH]c1CSc1nc(C)cc(C)n1,,5.622329560665677,5.622329560665677,0.91853285
MVJIDURGJSOZKO,COc1cccc(-c2cn(C3CCN(C(=O)OC(C)(C)C)C3)c3ncnc(N)c23)c1,CHEMBL168656,5.619788758288394,5.619788758288394,0.23072639
OQXRMEANXAJBPJ,CN(C)CCNC(=O)c1cncc(-c2cccc(C(=O)N[C@H]3CN[C@@H](C(=O)Nc4ccc(Cl)c(C(F)(F)F)c4)C3)c2)c1,,5.140261848067238,5.140261848067238,0.9998091
IMYGEMTZBOEKDJ,Cc1ccc(NC(=O)c2ccc(CN3CCOCC3)cc2)cc1-n1cc(-c2cnc3ccnn3c2)cn1,,5.613322716039162,5.613322716039162,0.9999349
AIAPDAKQHMWDTA,Nc1n[nH]c2cc(-c3ccc(C(=O)NCCNC(=O)c4ccc(F)cc4)cc3)ccc12,,4.912041246744954,4.912041246744954,0.16453496
SZGOYOKWQLHWEZ,N#Cc1ccccc1Sc1ccccc1C(=O)NCC(c1ccco1)N1CCCC1,,5.6048484084954575,5.6048484084954575,0.09151559
WIDQODAFPZNYOD,Cc1ccc(CS/C(=C/c2ccc(F)c([N+](=O)[O-])c2)C(=O)c2ccc(C(=O)O)cc2)cc1,CHEMBL1241592,5.6020599913279625,5.6020599913279625,0.026749646
TYWMAXNQKIULMQ,O=C(O)c1ccc(C(=O)/C(=C\c2ccc(Br)c([N+](=O)[O-])c2)SCc2ccc(Cl)cc2Cl)cc1,CHEMBL1241591,5.6020599913279625,5.6020599913279625,0.117439665
JOTZIFWMMIGBPN,O=C(O)c1ccc(C(=O)/C(=C\c2ccc(Cl)c([N+](=O)[O-])c2)SCc2ccc(F)cc2)cc1,CHEMBL1242669,5.6020599913279625,5.6020599913279625,0.03392427
BIXQXDFSCQWEKU,CN1CCN(CCNC(=O)c2ccc(C(=O)/C(=C\c3ccc(F)c([N+](=O)[O-])c3)SCc3ccc(Br)cc3)cc2)CC1,CHEMBL1242298,5.6020599913279625,5.6020599913279625,0.08727703
MHHJKZQNGSFYGJ,O=C(O)c1ccc(C(=O)/C(=C\c2ccc(F)c([N+](=O)[O-])c2)SCc2ccc(F)cc2)cc1,CHEMBL1242670,5.6020599913279625,5.6020599913279625,0.019081404
WMFFHUYJLJSDEU,O=C1NN(c2ccc(I)cc2)C(=O)C1=Cc1cc2c(cc1Br)OCO2,CHEMBL379308,5.6020599913279625,5.6020599913279625,0.018356556
APLHMQZSNGPRLM,O=C(O)c1ccc(C(=O)/C(=C\c2ccc(F)c([N+](=O)[O-])c2)SCc2ccccc2)cc1,CHEMBL1240546,5.6020599913279625,5.6020599913279625,0.05079094
PZZYZQBAFCHSTF,O=C(O)c1ccc(C(=O)/C(=C\c2ccc(F)c([N+](=O)[O-])c2)SCc2ccc(Cl)cc2Cl)cc1,CHEMBL1241499,5.6020599913279625,5.6020599913279625,0.05346179
HUKZDWYGTQBINW,O=C(O)c1ccc(C(=O)/C(=C\c2ccc(Cl)c([N+](=O)[O-])c2)SCc2ccc(Cl)cc2Cl)cc1,CHEMBL1241498,5.6020599913279625,5.6020599913279625,0.059445348
QMOGFTXYFWPGAL,O=C(O)c1ccc(C(=O)/C(=C\c2ccc(F)c([N+](=O)[O-])c2)SCc2ccc(Cl)cc2)cc1,CHEMBL1242483,5.6020599913279625,5.6020599913279625,0.015267894
QMKWMIGOOJHGFS,O=C(O)c1ccc(C(=O)/C(=C\c2ccc(Br)c([N+](=O)[O-])c2)SCc2ccc(Cl)cc2)cc1,CHEMBL1242580,5.6020599913279625,5.6020599913279625,0.023785843
MUMWSXHTWWVJHP,O=C(/C(=C\c1ccc(F)c([N+](=O)[O-])c1)SCc1ccc(F)cc1)c1ccc(F)cc1,CHEMBL1242760,5.6020599913279625,5.6020599913279625,0.029250229
MEFXUBVFUNBNFN,Fc1ccc(CNc2ncnc3c2cnn3CC(Cl)c2ccc(Br)cc2)cc1,CHEMBL2397809,5.5968794788241825,5.5968794788241825,0.9532392
OHAKLBJQRKYWCS,CN(C)c1ccc(C(=O)N2CCN(C(=O)c3ccc(-c4ccc5c(N)n[nH]c5c4)cc3)CC2)cc1,,5.400339118360446,5.400339118360446,0.38619393
HFDZNLJXCHTHEK,O=C(c1ccc(Cl)cc1[N+](=O)[O-])N1CCN(c2nc(Cl)ncc2Br)CC1,CHEMBL3928027,5.58838029403677,5.58838029403677,0.026084078
YHGHRCHNMUXINV,COc1ccc(Nc2cc(-c3ccc(C(=O)NCCNC(=O)c4cccc(C(F)(F)F)c4)cc3)ncn2)cc1,CHEMBL3618119,5.586700235918748,5.586700235918748,0.03837114
XSKZXGROFJZYER,Cc1ccc(NC(=O)c2ccc(/C=C/C(=O)NO)s2)cc1Nc1ncc(-c2cccnc2)s1,CHEMBL493315,5.585026652029182,5.585026652029182,0.019348487
CDMGBJANTYXAIV,CS(=O)c1ccc(-c2nc(-c3ccncc3)c(-c3ccc(F)cc3)[nH]2)cc1,CHEMBL10,5.496981022501341,5.0,0.007644369
XMAKHZMIVIYHOB,Cn1c(=O)c2c(nc(-n3ccnc3)n2Cc2ccc(Cl)cc2Cl)n(C)c1=O,,5.581532979053399,5.581532979053399,0.012412324
QFWQFGHLASXOTF,COc1ccc(-c2ccc3c(c2)C(=O)Nc2cc(OC(F)(F)F)ccc2O3)cc1O,,5.579219380451435,5.579219380451435,0.29468378
QGDWDHOQOMHQSO,CC(C)(C)C(=O)Nc1ccc(-c2ccc(C(=O)N[C@H]3CN[C@@H](C(=O)Nc4ccc(Cl)c(C(F)(F)F)c4)C3)cc2)cn1,,4.938586794436806,4.938586794436806,0.99883276
VYUARQKFDMSVOU,O=C(c1c(F)cccc1F)N1CCN(c2nc(Cl)ncc2Br)CC1,CHEMBL3937023,5.576754126063192,5.576754126063192,0.014095167
UYFVVRGISWEBNS,Cc1ccc(NC(=O)c2ccc(/C=C/C(=O)NO)cc2)cc1Nc1ncc(-c2cccnc2)s1,CHEMBL493358,5.568636235841013,5.568636235841013,0.00911514
RQUNCFCQZMOTHV,O=S1(=O)NCCCNc2nc(ncc2-c2ccc(Cl)c(Cl)c2)Nc2cccc1c2,,,,0.00038582794
LDXAGTHPWDVZFU,CC(C)(C)c1cc(NC(=O)Nc2cccc(Cl)c2Cl)n(-c2cccc(N)c2)n1,CHEMBL64040,5.568636235841013,5.568636235841013,0.9594854
DTJKZYSIXVMACR,COc1cccc(C#Cc2nn(C(C)C)c3ncnc(N)c23)c1,,5.560739102249396,5.560739102249396,0.8488296
SUBNLERWESOYMX,O=C(/C=C/c1ccc(-c2ccc3ncnc(Nc4ccc(OCc5cccc(F)c5)c(Cl)c4)c3c2)s1)NO,CHEMBL1630108,5.568636235841013,5.568636235841013,0.009455488
OINCRSHJNMRVSX,Cc1ccc(NC(=O)c2ccc(/C=C/C(=O)NO)cc2)cc1Nc1nc(-c2cccnc2)cs1,CHEMBL1080580,5.568636235841013,5.568636235841013,0.02320224
NYXOLBZORIYRCC,Fc1ccc(F)c(CNc2ncnc3c2cnn3CC(Cl)c2ccc(Br)cc2)c1,CHEMBL2397810,5.565590792412499,5.565590792412499,0.99264526
PWRYWKZVSPUKQR,Cc1nc(N=NCc2ccc(O)cc2O)cc(N2CCOCC2)n1,,,5.565431095965801,0.17778142
KERDTKSTDUIRIO,COc1ccc(C(=O)Nc2ccncc2)cc1Nc1nccc(-c2cccnc2)n1,CHEMBL2375898,5.559878396812196,5.559878396812196,0.65915537
JRNJNYBQQYBCLE,COc1ccc(F)c(F)c1C(=O)c1cnc(NC2CCN(S(C)(=O)=O)CC2)nc1N,,5.552841968657781,5.0,0.0014487194
AATOPLAJLQECRD,Nc1ncnc2c1c(-c1ccc(O)cc1)cn2C1CCNC1,CHEMBL354033,5.552841968657781,5.552841968657781,0.82203794
VRRCMNOMRRSFHO,COc1ccc(C2c3c(nc[nH]c3=O)Oc3nc[nH]c(=O)c32)cc1,,5.542572307053516,5.542572307053516,0.02132526
PLXMEYFSSFOKSR,CNCCOc1ccc(-c2sc3nc(-c4cccs4)nc(NN4C(=O)C=C(C)C4=O)c3c2C)cc1,CHEMBL3966536,5.541060138109674,5.541060138109674,0.1952106
PLIVFNIUGLLCEK,C#Cc1cccc(Nc2ncnc3cc(OC)c(OCCCCCCC(=O)NO)cc23)c1,CHEMBL598797,5.539102157243452,5.539102157243452,0.8272944
DLNQPUNIZRZGQD,CC[C@H](C)[C@H](NC(=O)[C@@H]1CCCN1C(=O)[C@@H](NC(=O)[C@H](CCC(=O)O)NC(=O)[C@H](CCC(=O)O)NC(=O)[C@H](Cc1ccc(OP(=O)(O)O)cc1)NC(=O)[C@H](CCC(N)=O)NC(=O)[C@@H]1CCCN1C(=O)[C@@H](N)CCC(=O)O)[C@@H](C)CC)C(=O)N[C@@H](Cc1ccc(O)cc1)C(=O)N[C@@H](CC(C)C)C(=O)O,CHEMBL414123,5.180755371522681,5.180755371522681,0.0015384064
OZWPBBYNOKRDFB,Nc1ccccc1NC(=O)/C=C/c1cccc(-c2ccc3ncnc(Nc4ccc(OCc5cccc(F)c5)c(Cl)c4)c3c2)c1,CHEMBL1630114,5.5376020021010435,5.5376020021010435,0.0053193807
VGDHKSZMBFILEX,NC(=O)c1cccc(Nc2cc(Nc3ccc(OC(F)(F)F)cc3)ncn2)c1,CHEMBL1258691,,,0.7721979
PCSORZRKLIMNAC,COc1ccc(-c2nn(C(C)(C)C)c3ncnc(N)c23)cc1C,CHEMBL2069944,5.531209737900389,5.531209737900389,0.960284
QNFFSPKLHPKNOX,N#CCCn1cc(-c2ccc3c(c2)C(=O)Nc2cc(OC(F)(F)F)ccc2O3)cn1,,5.529148675473882,5.529148675473882,0.032626614
YJSQZFXBJMKVHM,CC(C)(O)Cn1cc(-c2ccc3c(c2)C(=O)Nc2cc(OC(F)(F)F)ccc2O3)cn1,,5.529148675473882,5.529148675473882,0.15186895
SWXHXBQROFJLND,Cc1ccc(C(=O)Nc2cccc(C#Cc3cccc4[nH]nc(N)c34)c2)cc1C(F)(F)F,,6.25583747482114,6.25583747482114,0.9501194
QWJZZOQDBRKPPB,CCCCN1C(=O)N(C)C2NC(=O)NC21,,5.5233132570543555,5.5233132570543555,0.00013116868
WNZGPMKWLNIIEW,Cc1ccc(Cl)cc1-c1[nH]c(-c2ccnc(N)n2)cc1C(=O)NC1CCN(C)CC1,,,5.522878745280337,0.99999356
ITJCKQTXCLGXHE,CCCCCCCOc1ccc(CC[C@](C)(N)CO)cc1,,,5.522878745280337,0.0010419601
FRNGTWDSALHYQF,ClC(Cn1ncc2c(NCc3ccc(Br)cc3)ncnc21)c1ccc(Br)cc1,CHEMBL2397812,5.522878745280337,5.522878745280337,0.9817461
NKTCWCPLTZQABU,CNCCNC(=O)c1cc(-c2ccnc(N)n2)[nH]c1-c1cc(Cl)ccc1C,,,5.522878745280337,0.9999354
KONPIFGGWNMOKY,CCOc1ccc2cc(-c3nn(CC4CCN(C)CC4)c4ncnc(N)c34)ccc2c1,CHEMBL2070081,5.337242168318426,5.522878745280337,0.0024778908
PRTPANUTPYMUDM,C=CC(=O)NCc1coc(-c2c(N)ncnc2Nc2ccc(OCc3ccccn3)c(Cl)c2)n1,CHEMBL2035810,,5.522878745280337,0.035023496
SMOCLDXHZDBGAZ,C=CC(=O)Nc1cccc(CNc2nc(Nc3ccc(N4CCN(CCCNC(=O)CC5[C@H]6C[C@H]7C[C@H](C6)C[C@H]5C7)CC4)cc3OC)ncc2Cl)c1,,5.517126416391246,5.517126416391246,0.21597365
MOMYBDKTKLWNMV,NC(=O)c1cc(-c2ccnc(N)n2)[nH]c1-c1cc(C(F)(F)F)ccc1C(F)(F)F,,5.512861624522814,5.512861624522814,0.61968994
ZAECRZKMCOYFJV,NC(N)=NCCC[C@@H]1NC(=O)[C@H](Cc2c[nH]c3ccccc23)NC(=O)[C@H](CCCN=C(N)N)NC(=O)[C@H](Cc2c[nH]c3ccccc23)NC(=O)[C@H](CCCN=C(N)N)NC(=O)[C@H](Cc2c[nH]c3ccccc23)NC(=O)[C@H](CCCN=C(N)N)NC(=O)[C@H](Cc2c[nH]c3ccccc23)NC(=O)[C@H](CCCN=C(N)N)NC(=O)[C@H](Cc2c[nH]c3ccccc23)NC1=O,CHEMBL2382016,5.508638306165727,5.508638306165727,0.5121048
ORUZGPZBQHLJFK,Cc1ccc(NC(=O)c2ccc(CN(C)CCCl)cc2)cc1Nc1nccc(-c2cccnc2)n1,CHEMBL231633,5.507239610973162,5.507239610973162,0.13473119
KAKHSXDCTSKUFU,N#CCC(=O)Nc1cc(-c2ccc(Cl)c(Cl)c2)cs1,,5.450022978409856,5.450022978409856,0.36396426
PRAFFLMXUBGHGX,CN1CCC(NC(=O)c2cnc(NCc3cc(Cl)ccc3Cl)nc2NC2CCCC2)CC1,CHEMBL2312646,5.498940737782249,5.498940737782249,0.0025747812
RIGIGAFKKVBACY,O=NC1CCc2cc(-c3cn(CCO)nc3-c3ccncc3)ccc21,CHEMBL525191,5.494850021680094,5.0,0.06589773
BRMZSYVDBJDZBU,CCCn1c2ccccc2c2nnc(SCc3[nH]c(=O)[nH]c3C(=O)CCCCC(=O)OCC)nc21,,5.490931954982838,5.490931954982838,0.86513805
ORPQIIBRTHFLKC,CC(C)[C@H](NC(=O)[C@@H]1CCCN1C(=O)[C@H](CCC(=O)O)NC(=O)[C@@H](N)CO)C(=O)N[C@@H](Cc1ccc(OP(=O)(O)O)cc1)C(=O)N[C@@H](CCC(=O)O)C(=O)N[C@H](C(=O)N[C@H](C(=O)N[C@@H](CCC(=O)O)C(=O)O)[C@@H](C)O)[C@@H](C)O,,5.485452247339714,5.485452247339714,0.0022026089
JPGJCCYGDDUOEQ,Cc1cccc(NC(=O)COc2cc(O)c3c(=O)cc(-c4ccccc4)oc3c2)n1,CHEMBL2408507,5.481486060122113,5.481486060122113,0.45661652
BKASYHVUNYISDE,CC(=O)c1csc(-c2ccc3c(c2)C(=O)Nc2cc(OC(F)(F)F)ccc2O3)c1,,5.479254528480518,5.479254528480518,0.024401246
DOMDIHZBLZGSRN,O=C1Nc2cc(OC(F)(F)F)ccc2Oc2ccc(-c3ccnc(N4CCNCC4)c3)cc21,,5.479254528480518,5.479254528480518,0.092748374
SOLUFTUAJPZLAS,O=C1Nc2cc(OC(F)(F)F)ccc2Oc2ccc(-c3cccc(B(O)O)c3)cc21,,5.479254528480518,5.479254528480518,0.08144974
ZEQRUGWYEVMBJE,CC[C@H](C)[C@H](NC(=O)[C@@H]1CCCN1C(=O)[C@H](CO)NC(=O)[C@@H](N)CO)C(=O)N[C@@H](Cc1ccc(OP(=O)(O)O)cc1)C(=O)N[C@@H](CCC(=O)O)C(=O)N[C@@H](CC(=O)O)C(=O)N[C@@H](C)C(=O)N[C@@H](C)C(=O)O,,5.47755576649368,5.47755576649368,0.0018860212
ANFPGPMXSKWREJ,C[C@H](NC(=O)c1cccc(-c2ccc(NS(C)(=O)=O)nc2)c1)C(=O)Nc1ccc(Cl)c(C(F)(F)F)c1,,4.682310710739918,4.682310710739918,0.9791174
PDDYRPIWPJYVCR,Clc1ccc(Cl)c(CNc2ncnc3c2cnn3CC(Cl)c2ccc(Br)cc2)c1,CHEMBL2397807,5.475993554442628,5.475993554442628,0.9882814
CZOUTEDNZRYTGU,Nc1ncnc2c1c(-c1ccccc1)cn2-c1ccccc1CO,CHEMBL429057,5.468521082957745,5.468521082957745,0.49793112
GDQXJQSQYMMKRA,CC(C)(C)n1nc(Cc2cccc3ccccc23)c2c(N)ncnc21,CHEMBL573578CHEMBL2069955,5.113509274827518,5.113509274827518,0.1788012
BCZUAADEACICHN,Cn1cc(-c2ccc3nnc(Sc4ccc5ncccc5c4)n3n2)cn1,,5.468521082957745,5.0,0.9300112
LZYVRKCGRKKISI,CCOC(=O)CCCCC(=O)c1[nH]c(=O)[nH]c1CSc1nnc2c3ccccc3n(C(C)C)c2n1,,5.461175011062096,5.461175011062096,0.9260715
PQPWYXDCTKSNHG,O=C(Nc1ncc(Cc2ccc(Cl)cc2Cl)s1)c1cccs1,CHEMBL476303,5.459170185888921,5.459170185888921,0.9934655
OPRMTHPWLRWOPL,Cc1cc(Nc2ncc(C)c(N3CC(CC#N)(N4CCCC4)C3)n2)sn1,,5.4470885497834916,5.4470885497834916,0.005235977
DXOYCYZZJKPEAW,CCc1ccc(C(=O)Nc2cccc(C(F)(F)F)c2)cc1-c1cc(OC)cc(-c2cnc3cnccn23)c1,,5.432268037451931,5.432268037451931,0.99972254
GIWXRKISGPTVIE,Cc1ccc(C(=O)N2CCN(C(=O)c3ccc(-c4ccc5c(N)n[nH]c5c4)cc3)CC2)cc1,,4.960463670573408,4.960463670573408,0.3295959
JBOXXVXBHZWJPW,O=C1Nc2cc(OC(F)(F)F)ccc2Oc2ccc(-c3ccncc3)cc21,,5.429223631205252,5.429223631205252,0.08815832
ABEPMRCYYVXRII,O=C1Nc2cc(OC(F)(F)F)ccc2Oc2ccc(-c3ccc(CN4CCNCC4)s3)cc21,,5.429223631205252,5.429223631205252,0.25357535
AECBYJXTYNGOCS,CCN(CC)C(=O)c1cncc(-c2cccc(C(=O)N[C@H]3CN[C@@H](C(=O)Nc4ccc(Cl)c(C(F)(F)F)c4)C3)c2)c1,,4.897923044706484,4.897923044706484,0.99964464
XUUFFPIEAZAIQW,C[C@H](NC(=O)c1ccc(-c2ccc(NS(C)(=O)=O)nc2)cc1)C(=O)Nc1ccc(Cl)c(C(F)(F)F)c1,,5.212917784524241,5.212917784524241,0.91997814
SQUMGCBLKYHKTJ,Cc1cn(-c2cc(NC(=O)c3cccc(Nc4nc(-c5cccnc5)cs4)c3)cc(C(F)(F)F)c2)cn1,CHEMBL1760374,5.422508200162775,5.422508200162775,0.9982299
OXQTXNVWTNDAQF,N#Cc1ccc(-c2cnc3ccc(NCc4ccccc4)nn23)cc1,CHEMBL3582427,5.42021640338319,5.42021640338319,0.0009980567
XQSYZRLTPFPORF,CCc1nnc(NC(=O)CCc2nc(C3=CCN(C)CC3)no2)s1,,5.419075024324381,5.419075024324381,0.6304254
JFNUZJIZKKZGML,COc1ccc2oc(C(=O)NCC(c3ccco3)N(C)C)c(C)c2c1,,5.417368560510363,5.417368560510363,0.28219992
LZDLAOSZVOKASQ,CCN1CCN(Cc2ccc(NC(=O)Cc3ccc(Oc4ccncc4)cc3)cc2C(F)(F)F)CC1,CHEMBL3805114,5.411168274405793,5.411168274405793,0.98625237
NXSBYCJFGXRRHJ,CN(CCc1ccccc1)C(=O)c1ccc(NC(=O)Cc2ccc(NC(=O)C3CCN(C(=O)c4ccccc4)CC3)cc2)cc1,,5.408267761048164,5.408267761048164,0.007207665
PJLIGIDYAMBFQH,CC(OC(=O)c1ccccc1NCCO)C(=O)Nc1ccnn1C(C)C,,5.400662867007511,5.400662867007511,0.39974055
DGXWTUANDHNVEV,CC(=O)N[C@@H](Cc1ccc(OP(=O)(O)O)cc1)C(=O)N[C@@H](CCC(=O)O)C(=O)N(C)CCCC1CCCCC1,CHEMBL13462,5.096910013008056,5.096910013008056,0.00028478634
QAMUWRFOZKONDU,Cc1nc(Nc2ncc(C(=O)Nc3c(Cl)ccnc3C)s2)cc(N2CCN(CCO)CC2)n1,,7.110924374808178,7.110924374808178,0.99965966
KVZSUHAUFQKYMR,CCCCCCNc1ccc(Cl)c(Br)c1,,5.3979400086720375,5.3979400086720375,0.93090373
LIPBUDUJYLHQGE,O=C(CS(=O)(=O)c1ccc(Cl)cc1)NN=Cc1cc(C(=O)O)c(Nc2ccc(I)cc2F)c(F)c1F,CHEMBL481969,5.3979400086720375,5.3979400086720375,0.11635922
ATBAETXFFCOZOY,NC1=NC(=O)C(=C2CCNC(=O)c3[nH]c(Br)cc32)N1,,5.3979400086720375,5.3979400086720375,0.050771818
SYDZQFBYAXVHLX,CC12CCC(=O)N1C(C(=O)Nc1nnc(SCc3ccccc3F)s1)CS2,,5.389126999619949,5.389126999619949,0.77827394
DRONEGLCUJHAAQ,COc1ccc(C(=O)Nc2cccc(C(F)(F)F)c2)cc1Nc1nccc(-c2cccnc2)n1,CHEMBL2375890,5.384576047114056,5.384576047114056,0.8893835
ZLMOFTDQPUCLRN,Cc1cccc2[nH]c(-c3nc(C(C)(C)C)n4ccnc(N)c34)cc12,,5.3810110796350665,5.3810110796350665,0.68886757
MOXZUADWANUAFS,CS(=O)(=O)Nc1cccc(-c2ccc3c(c2)CNc2cc(OC(F)(F)F)ccc2O3)c1,,5.379239510005794,5.379239510005794,0.065974645
FDNSNCRCIGQXEP,Nc1cc(-c2ccc3c(c2)C(=O)Nc2cc(OC(F)(F)F)ccc2O3)ccn1,,5.379239510005794,5.379239510005794,0.1824625
MDFLPBJIVHTGAZ,NS(=O)(=O)c1cccc(-c2ccc3c(c2)C(=O)Nc2cc(OC(F)(F)F)ccc2O3)c1,,5.379239510005794,5.379239510005794,0.22128098
YCSSTZUSMVEPLY,CC[C@]12c3[nH]c4ccc(OC)cc4c3CCN1C(=O)C(CC(=O)NCC13CC4CC(CC(C4)C1)C3)C[C@@H]2C(=O)N1CCN(C(=O)c2ccco2)CC1,,5.377268034835281,5.377268034835281,5.717189e-05
DNUYXQOCPGQTOJ,CN(C)CCNC(=O)c1cncc(-c2ccc(C(=O)N[C@H]3CN[C@@H](C(=O)Nc4ccc(Cl)c(C(F)(F)F)c4)C3)cc2)c1,,5.014633679469924,5.014633679469924,0.999027
AYDZFCTWPHMERG,CN(C)c1ccc(C(=O)N2CCN(C(=O)c3ccc(-c4cccc5[nH]nc(N)c45)cc3)CC2)cc1,,4.716877444620145,4.716877444620145,0.1025536
OJNWQMCXVOMOKJ,O=C(COc1cc(O)c2c(=O)cc(-c3ccccc3)oc2c1)NCCN1CCOCC1,CHEMBL2408506,5.3655227298392685,5.3655227298392685,0.12430178
IJQMRHBSIUVLAT,Cc1cccc(NC(=O)COc2cc(O)c3c(=O)cc(-c4cc(F)ccc4F)oc3c2)n1,CHEMBL2408508,5.3655227298392685,5.3655227298392685,0.5931603
VVJRFAWDTMHSLA,NC(=O)Cn1cc2c(Nc3ccc(OC(F)(F)F)cc3)ncnc2n1,CHEMBL1258928,,,0.5022657
HICMTJPLOPENMK,C[C@H](NC(=O)c1cccc(-c2ccc(N)nc2)c1)C(=O)Nc1ccc(Cl)c(C(F)(F)F)c1,,4.708913754365715,4.708913754365715,0.99588364
IWFQALWXNDBTPE,COc1ccc(Nc2cc(-c3ccc(C(=O)NCCNC(=O)c4ccc(F)c(F)c4)cc3)ncn2)cc1,CHEMBL3618127,5.356547323513812,5.356547323513812,0.008821998
INECKCAGMBSWRT,Cc1c(F)cncc1-c1cc2cnc(NC(=O)C3CC3)cc2n(C)c1=O,,7.2856087442515225,9.214670164989233,0.9999994
OPRIDHBLYKKFCM,FC(F)(F)Oc1ccc(Nc2cc(NCCCN3CCOCC3)ncn2)cc1,CHEMBL1258471,,,0.9409492
DJEZIBONJIOBIS,C[C@H](NC(=O)c1cccc(-c2ccc(NC(=O)C(C)(C)C)nc2)c1)C(=O)Nc1ccc(Cl)c(C(F)(F)F)c1,,4.480746189900663,4.480746189900663,0.9951787
DWLVUAOJOFAURW,Nc1ccccc1NC(=O)c1ccc(-c2ccc3ncnc(Nc4ccc(OCc5cccc(F)c5)c(Cl)c4)c3c2)o1,CHEMBL1630111,5.346787486224656,5.346787486224656,0.19085002
OWGUHYJAQKOTEZ,CN1CCN(Cc2cc(NC(=O)c3ccc4c(c3)CN(c3cnc5ccccc5c3)CC4)cc(C(F)(F)F)c2)CC1,,5.346787486224656,5.346787486224656,0.019772438
ZJQUMHITCXEISP,O=S(=O)(c1ccc(F)cc1)N1CCN(c2nc(N3CCOCC3)ncc2Br)CC1,CHEMBL3946930,5.3448615651886175,5.3448615651886175,0.00021830012
GEWUPJKPGVHQTR,CC(C)(C)C(=O)Nc1ccc(-c2cccc(C(=O)N[C@H]3CN[C@@H](C(=O)Nc4ccc(Cl)c(C(F)(F)F)c4)C3)c2)cn1,,4.583299859552458,4.583299859552458,0.9997873
WUDIJJCBLDDHBD,O=C1Nc2cc(OC(F)(F)F)ccc2Oc2ccc(-c3cnn(C4COC4)c3)cc21,,5.329197715739056,5.329197715739056,0.07619524
KTJCMCBSYXFPMI,CN1CCN(c2cc(-c3ccc4c(c3)C(=O)Nc3cc(OC(F)(F)F)ccc3O4)ccn2)CC1,,5.329197715739056,5.329197715739056,0.4273885
UCHNQEQKODENSH,O=C1Nc2cc(OC(F)(F)F)ccc2Nc2ccc(-c3cccc(C(=O)N4CCNCC4)c3)cc21,,5.329197715739056,5.329197715739056,0.06234452
XLWBYBHVAIJINB,CC(C)(CO)n1cc(-c2ccc3c(c2)C(=O)Nc2cc(OC(F)(F)F)ccc2O3)cn1,,5.329197715739056,5.329197715739056,0.110973574
OHWUPSZMHRLUMQ,COc1cc(-c2nn(CCN3CCN(C)CC3)c3ncnc(N)c23)ccc1NC(=O)OC(C)(C)C,CHEMBL3823451,5.328827157284917,5.328827157284917,0.12720966
QRGISIMVAZWDHL,O=C1CCC(N2Cc3c(SCCCCCCN4CCN(C5CCN(c6ncc(C(=O)Nc7ccc(OC(F)(F)Cl)cc7)cc6-c6ccn[nH]6)CC5)CC4)cccc3C2=O)C(=O)N1,,5.324221658325915,5.324221658325915,0.9994623
MOSKATHMXWSZTQ,CCc1cc(Nc2nccc(-c3c(-c4ccc(OC)c(C(=O)Nc5c(F)cccc5F)c4)nc4ccccn34)n2)c(OC)cc1N1CCC(N2CCN(S(C)(=O)=O)CC2)CC1,CHEMBL466397,5.323397830417981,5.323397830417981,0.33625686
NUUVDLXJSUQIGF,COc1cccc(CNc2ncnc3c2cnn3CC(Cl)c2ccc(Br)cc2)c1,CHEMBL2397815,5.323306390375134,5.323306390375134,0.99170834
ZUEZJFKUYRXIFH,CCCCSCc1[nH]c(=O)[nH]c1C(=O)CCCCC(=O)OCC,,5.322758154053346,5.322758154053346,0.86366403
CSXUIGRDFNAIAL,Cn1ccc2cc(-c3nc(C(C)(C)C)n4ccnc(N)c34)ccc21,,5.319664486585437,5.319664486585437,0.014419933
FVIKFBIXNDQJFF,CCCNc1nc(SC)nc2c1cnn2CC(Cl)c1ccccc1,CHEMBL312214,5.318758762624412,5.318758762624412,0.9948266
LXDGODGPGGAZSS,COc1ccc2cc(-c3nn(C(C)(C)C)c4ncnc(N)c34)ccc2c1,CHEMBL2070046,5.313274378925458,5.313274378925458,0.7156378
OEPYYTCOZCQKGP,Nc1ccc(C(=O)Nc2cccc(Nc3nccc(-c4cccnc4)n3)c2)cc1,CHEMBL113302,5.16035384128749,5.16035384128749,0.4352703
QAQXTNHOYJTPGB,O=C(/C=C/c1ccc(-c2ccc3ncnc(Nc4ccc(OCc5cccc(F)c5)c(Cl)c4)c3c2)cc1)NO,CHEMBL1630110,5.309803919971486,5.309803919971486,0.005337539
IBUAKKIEDFKTKJ,Nc1ccccc1NC(=O)/C=C/c1ccc(-c2ccc3ncnc(Nc4ccc(OCc5cccc(F)c5)c(Cl)c4)c3c2)o1,CHEMBL1630113,5.309803919971486,5.309803919971486,0.012066915
MYZLOAXXVDGNMQ,CC(=O)N[C@@H](Cc1ccc(OP(=O)(O)O)cc1)C(=O)N[C@@H](CCC(=O)O)C(=O)N[C@@H](CCC1CCCCC1)C(N)=O,CHEMBL293803,5.232352939978615,5.232352939978615,0.0001321561
NREXZVOJRVRMAI,Nc1ccccc1NC(=O)/C=C/c1ccc(-c2ccc3ncnc(Nc4ccc(OCc5cccc(F)c5)c(Cl)c4)c3c2)cc1,CHEMBL1630115,5.309803919971486,5.309803919971486,0.004157154
OBXCVSNLDISGTK,Fc1cccc(CNc2ncnc3c2cnn3CCc2ccccc2)c1,CHEMBL1836681,5.308034897232639,5.308034897232639,0.63237244
BWCCBKUPFRNBAM,C[C@H](NC(=O)c1cc(-c2cnn(C3CCOCC3)c2)cnc1N)c1c(Cl)ccc(F)c1Cl,CHEMBL2071457,5.30189945437661,5.30189945437661,0.9914057
FBCDEUVWKYLRJV,C[C@H](NC(=O)c1ccc(-c2cncc(C(=O)NC3CC3)c2)cc1)C(=O)Nc1ccc(Cl)c(C(F)(F)F)c1,,5.164848307998772,5.164848307998772,0.998533
KULCILVQAXSMEP,CCc1ccc(C(=O)Nc2ccc(C(F)(F)F)cc2)cc1-c1cccc(-c2cnc3cnccn23)c1,,5.301725423325633,5.301725423325633,0.9881787
GCEFTTIUEIKKPW,Cc1ccc(N2NC(=O)C(=Cc3ccc(-c4ccc(C)c(Cl)c4)o3)C2=O)cc1C,CHEMBL206575,5.301029995663981,5.301029995663981,0.24791451
QHDVYRNIALOKHH,Cc1ccc(Cl)cc1Nc1nccc(-c2cccnc2)n1,,,5.301029995663981,0.3488813
WXZFHBYLFDGWMH,O=[N+]([O-])c1ccc(Oc2ncnc3[nH]ccc23)cc1,,,5.301029995663981,0.021373305
ABCPZYVVQDYZBQ,O=C(Nc1ccc(N2CCOCC2)cc1)c1cc2cnc3[nH]ccc3c2s1,,,5.301029995663981,0.4596719
NKDPDQIKOPDRTB,O=C(Cc1cccc(C(F)(F)F)c1)Nc1ccc(Oc2ncnc3[nH]ccc23)cc1,,,5.301029995663981,0.50058275
JCCCWWPUJQITMY,Cc1cc(N(C)C(=O)c2cccc(C(F)(F)F)c2)ccc1NC(=O)c1cc2cnc3[nH]ccc3c2s1,,,5.301029995663981,0.65273744
SCKQRMLJVAOJJT,Cc1cc(NC(=O)c2cccc(C(F)(F)F)c2)ccc1NC(=O)c1cc2cnc3[nH]ccc3c2s1,,6.812479279163537,6.056754637413759,0.8912562
CMUVKIXSPPYCBV,Cc1ccc(N(C)C(=O)c2cccc(C(F)(F)F)c2)cc1N1Cc2cnc(N)nc2N(C)C1=O,,,5.301029995663981,0.12373748
WKENBZRMFRFVRD,CCCCCCN(CCCCCC)C(=O)[C@@H](C)NC(=O)[C@@H](NC(=O)[C@H](Cc1ccc(OP(=O)(O)O)cc1)NC(C)=O)C(C)C,CHEMBL421929;CHEMBL137706,5.261439372640169,5.261439372640169,0.0038121573
SEZNYMUPQATMFM,NCCNC(=O)c1ccc(S(=O)(=O)Oc2ccc(/C=C/[N+](=O)[O-])cc2)cc1,CHEMBL309075,5.301029995663981,5.301029995663981,0.0004728585
NVBQMVSXZLXEBB,NC(=O)c1cccc(Oc2cc(Nc3ccc(OC(F)(F)F)cc3)ncn2)c1,CHEMBL1258582,,,0.45239764
BKOYUSKBPMSUBK,CNc1nc(C)c(-c2nc(Nc3cccc(N4CCCNCC4)c3)ncc2C#N)s1,CHEMBL2312185,,5.301029995663981,0.2848536
VYFIDSAYCONWQP,Cc1ccc(NC(=O)N2CCN(C)CC2)cc1Nc1nccc(-c2cccnc2)n1,CHEMBL185834,5.299988937677887,5.299988937677887,0.9214828
LBBWEMZHJDSYTR,O=C(c1ccc(-c2cccs2)cc1)N1CCN(C(=O)c2cccc(F)c2)CC1,CHEMBL3613504,5.296708621881339,5.296708621881339,0.1992534
JMOGGVIWCLTQHU,Cc1c(C(=O)NCC(c2ccco2)N(C)C)oc2c(Cl)cccc12,,5.295334814545471,5.295334814545471,0.29153225
HPWXXIQQCNGKLV,CCOC(=O)N1CCC(NC(=O)CCc2nc(C3=CCN(C)CC3)no2)CC1,,5.292004253577071,5.292004253577071,0.0007585743
RKTLCRIAGOMGHI,CCc1ccc(C(=O)Nc2ccccc2)cc1-c1cccc(-c2cnc3cnccn23)c1,,5.29073003902417,5.29073003902417,0.57739115
NGPGNZOMBBGPNW,COc1ccc(CCNc2cc(=O)[nH]c(N)n2)cc1,,5.288024145648245,5.288024145648245,0.00020566591
QSGGLLCPVRJDDE,OC1CCN(c2cc(-c3cnc4ccc(N5CCC[C@@H]5c5cccc(F)c5)nn34)ccn2)CC1,CHEMBL3582442,5.2839966563652006,5.2839966563652006,0.13276954
JXSFGZPUWDXKPG,Nc1n[nH]c2cccc(C#Cc3cccc(NC(=O)c4cc(F)cc(C(F)(F)F)c4)c3)c12,,6.02091881527932,6.02091881527932,0.91138726
JUZVLELTCCUPPD,Cc1ccc(NC(=O)c2ccc(C(=O)Nc3ccccc3N)cc2)cc1Nc1ncc(-c2cccnc2)cn1,CHEMBL475820,5.275724130399211,5.275724130399211,0.044692423
HRIQVCCRXNQUAH,O=C(/C=C/c1cccc(-c2ccc3ncnc(Nc4ccc(OCc5cccc(F)c5)c(Cl)c4)c3c2)c1)NO,CHEMBL1630109,5.275724130399211,5.275724130399211,0.00584947
WLNKURYLSFZCLZ,CC(Nc1nc(-c2cccc(N(C)C)c2)cnc1N)c1ccccc1,,5.275724130399211,5.275724130399211,0.3559131
AHLNGYPZYMUEFB,Cc1cccc(Nc2ncnc3[nH]c(C)c(C)c23)c1,CHEMBL307026,5.275724130399211,5.275724130399211,0.48911878
SHBSRUXQJVPEKZ,Cc1ccc(N(C)C(=O)OC(C)(C)C)c(F)c1-c1cnc2nc(NC(=O)C3C[C@@H]3F)sc2c1,,5.274823698580863,5.274823698580863,0.9479991
ONJJLZDBTFTLIM,Cc1ccc(N(C)C(=O)OC(C)(C)C)c(F)c1-c1ccc2nc(NC(=O)[C@@H]3C[C@@H]3F)sc2c1,,5.274823698580863,5.274823698580863,0.9946201
TWNCKQAEKATYMQ,CCc1ccc(C(=O)Nc2cccc(C(F)(F)F)c2)cc1-c1cc(F)cc(-c2cnc3cnccn23)c1,,5.272052290455203,5.272052290455203,0.99401194
HATRFZDDHZBDNG,COCCN=NNc1cccc(Nc2cc(-c3cccnc3)ncn2)c1,CHEMBL2376499,5.270025714300444,5.270025714300444,0.13484824
PIRGZTMWOUNBGL,COc1cc2ncc(C#N)c(Nc3ccc(Br)cc3Br)c2cc1OC,,5.265200170411153,5.265200170411153,0.9671572
MQULVMDBNSSIMR,COc1ccc(-c2nn(CC3CCNCC3)c3ncnc(N)c23)cc1C,CHEMBL2030558CHEMBL2069945,5.2231535913047,5.2231535913047,0.00715784
RCKUTXYPADMBLF,CCc1ccc(C(=O)Nc2cc(-n3cnc(C)c3)cc(C(F)(F)F)c2)cc1Nc1nc(-c2cccnc2)cs1,CHEMBL1760375,5.258848401148215,5.258848401148215,0.9986999
DQMWXSDKRCVCRI,O=C(Cc1ccc(NC(=O)C2CCN(C(=O)C3CCCCC3)CC2)cc1)Nc1ccc(C(=O)N2CCOCC2)cc1,,5.258848401148215,5.258848401148215,0.010983005
NOOJZWMVYKXTHJ,COC(=O)Nc1csc2c1NC(=O)CCCC2,,5.256411849840096,5.256411849840096,0.028817318
MVVWNXKODNGJOT,COC(=O)c1cc2c(Nc3ccc(OC(F)(F)F)cc3)ncnc2s1,CHEMBL1257309,,,0.6890606
UNWYGJWQCPQFQS,CN(Cc1ccccc1)C(=O)c1ccc(S(=O)(=O)Nc2ccccc2)cc1,CHEMBL3355482,5.251811972993799,5.251811972993799,0.009444432
HTLGYDDHGAGGEE,CCc1ccc(C(=O)Nc2cccc(C(F)(F)F)c2)cc1-c1cc(C#N)cc(-c2cnc3cnccn23)c1,,5.2489519651798116,5.2489519651798116,0.9984164
KBIDIMZFSLGVMV,Cc1ccc(NC(=O)c2cccc(C(F)(F)F)c2)cc1/C=C/n1cnc2c(Nc3ccc(P(C)(C)=O)cc3)ncnc21,CHEMBL554084,5.2441251443275085,5.2441251443275085,0.89994764
UWHHTYMMCWPLTA,CN(C)c1ccc(C(=O)NCCNC(=O)c2ccc(-c3cccc4[nH]nc(N)c34)cc2)cc1,,4.677598594623468,4.677598594623468,0.10749627
MUSOBRSVNPAEKU,CCOC(=O)CCCCC(=O)c1[nH]c(=O)[nH]c1C[n+]1ccc(C)cc1,,5.239050048589102,5.239050048589102,0.8524697
QJUVQZGMQMNGNZ,Cc1ccncc1-c1ccc2nc(NC(=O)c3ccccc3)sc2c1,,5.238523220455298,5.238523220455298,0.9382092
IRJUOLZMONEIKV,C[C@@H]1COC2NC=NC=C2c2cc(C(=O)Nc3ccc(OC(F)(F)Cl)cc3)cc3nc(C(F)F)n1c23,,9.366531544420413,9.366531544420413,0.9995023
IFVGNYDOUDEVPK,Cc1nc(Nc2ncc(C(=O)Nc3c(C)cccc3Cl)s2)cc(N2CCN(C(=O)OCC(C)C)CC2)n1,,9.356547323513812,9.356547323513812,0.9784016
YCCMDKLTSKSVRQ,Cc1nc(Nc2ncc(C(=O)Nc3c(C)cccc3Cl)s2)cc(N2CCN(C(=O)CCOCCOCCOCCOCCOCCOCCOCCOCCOCCOCCOCCOCCNC(=O)C3CCN(c4ncc(C(=O)Nc5ccc(OC(F)(F)Cl)cc5)cc4-c4ccn[nH]4)CC3)CC2)n1,,,,0.99887496
RMVSGWFTFSXFIS,Cc1nn(C)c2nnc(Nc3ccc(S(=O)(=O)N4CCNCC4)cc3)nc12,CHEMBL3237850,5.236572006437063,5.236572006437063,0.00036393513
KGEIWNCNCCZYPE,Cc1ccc(C(=O)N2CCN(C(=O)c3ccc(-c4cccc5[nH]nc(N)c45)cc3)CC2)cc1,,4.490408402132516,4.490408402132516,0.14634547
KXCSZOHSWMSVBA,O=C1Nc2cc(C(F)(F)F)ccc2Oc2ccc(-c3ccnc(N4CCOCC4)c3)cc21,,5.229221603830852,5.229221603830852,0.09299855
QZCILLNIARLUIC,CCOc1ccc(S(=O)(=O)N2CCCNCC2)cc1-c1nnc2c(n1)c(C)nn2C,CHEMBL3261392,5.229147988357856,5.229147988357856,0.00022910922
CJUMHULYGOVTNU,Cc1nn(C)c2nnc(Nc3ccc(S(=O)(=O)N4CCCNCC4)cc3)nc12,CHEMBL3237852,5.229147988357856,5.229147988357856,0.00043384315
YTEAKYDIQLKHMB,COc1ccc(-c2ccccc2-c2cc(OC)cc(OC)c2)cc1,CHEMBL379687,5.221848749616356,5.221848749616356,0.021161994
YPSSCICDVDOEAI,COC(=O)c1ccc(Cl)cc1N,,5.221848749616356,5.221848749616356,0.009642573
NVVASLWKXTZLJN,Nc1ccccc1NC(=O)c1ccc(-c2ccc3ncnc(Nc4ccc(OCc5cccc(F)c5)c(Cl)c4)c3c2)s1,CHEMBL1630112,5.221848749616356,5.221848749616356,0.15264273
DADWEVVVYODCCE,CN1CCN(Cc2cc(Cl)cc(C(=O)Nc3ccc(Cl)c(Cl)c3)c2O)CC1,,5.221848749616356,5.221848749616356,0.98581725
LMEHLYMBFPXQPB,CN(Cc1c(F)cccc1Cl)C(=O)CNC(=O)c1ccc2c(c1)OCO2,,5.218891164270533,5.218891164270533,0.06686007
YZOZEZFNWLULHX,Cn1cc(-c2cnc3ccc(NC(=O)NC(C)(C)C)nc3c2)cn1,CHEMBL3318027,5.218244625347531,5.218244625347531,0.3378501
FPITYFUREIBHFN,O=C(c1ccc(-c2cc(Nc3cccc(F)c3)ncn2)cc1)N1CCN(C(=O)c2ccccc2Cl)CC1,,5.217527375833714,5.217527375833714,0.09981973
XNBIQVTWZIVWTO,COc1ccc(Nc2cc(-c3ccc(C(=O)NCCNC(=O)c4c(F)cccc4Cl)cc3)ncn2)cc1,CHEMBL3618128,5.207608310501746,5.207608310501746,0.046005204
YIPPHGKJWRCYPT,Nc1n[nH]c2cc(-c3ccc(C(=O)N4CCN(C(=O)c5ccc(Br)cc5)CC4)cc3)ccc12,,4.849124836602812,4.849124836602812,0.5211196
MZPILEJBIWMIFA,CC(C)(C)c1nc(-c2cnc3ccccc3c2)c2c(N)nccn12,,5.197226274708024,5.197226274708024,0.8319038
KYQAMWKZYANUDF,COc1c(F)ccc(-c2cnc3nc2NCCCNS(=O)(=O)c2cccc(c2)N3)c1F,,,,0.00048998697
SAYVSSKWXCLDOG,Cc1oc2nc(SCCCC(=O)NCCO)nc(N)c2c1C,,5.189565844077327,5.189565844077327,0.66103137
LEWXUAJBYVYJAK,CS(=O)(=O)Nc1ccc(-c2cccc(C(=O)N[C@H]3CN[C@@H](C(=O)Nc4ccc(Cl)c(C(F)(F)F)c4)C3)c2)cn1,,4.98999181884542,4.98999181884542,0.99552685
YHDRIMGFOUQKSB,O=C(Cc1ccc(NC(=O)C2CCN(C(=O)c3ccccc3)CC2)cc1)Nc1ccc(C(=O)N2CCOCC2)cc1,,5.1882239783970965,5.1882239783970965,0.024577307
QLPWFQPHRAFDGC,Cc1cnc(Nc2cnn(C)c2)nc1N1CC2CCCC(C1)N2CCC#N,,5.1842230797016375,5.1842230797016375,0.1726126
TZLKOUAVANOBNI,O=C(NCCN1CCOCC1)c1cccc(-c2ccc3c(c2)C(=O)Nc2cc(OC(F)(F)F)ccc2N3)c1,,5.179207618911796,5.179207618911796,0.048788223
WGKUHYGTLLDVOY,COc1ccc(CC(=O)Oc2ccc(C)cc2Br)cc1OC,,5.163232952605795,5.163232952605795,0.6019638
IXUWOLFYEANLOF,CSc1ccccc1OCc1cc(C(=O)N2CCNC(=O)C2)no1,,5.162348442153608,5.162348442153608,0.015506945
LVIKHBLLLLIECW,Cn1ccc2c(Nc3ccc(OC(F)(F)F)cc3)ncnc21,CHEMBL1257782,,,0.937382
SJUUMHUCSXKYHI,CCC(C)(C)n1nnnc1C(c1cccnc1)N1CCCc2ccccc21,,5.161213855053405,5.161213855053405,0.036557306
WYZOMYWEQQWFAG,Nc1ccccc1NC(=O)CCc1ccc(-c2ccc3ncnc(Nc4ccc(OCc5cccc(F)c5)c(Cl)c4)c3c2)cc1,CHEMBL1630116,5.161150909262744,5.161150909262744,0.016387269
ZXMGQAIKNOIWHC,c1nc(N2CCC3(CCCNC3)CC2)c2[nH]cnc2n1,CHEMBL2420911,5.154901959985743,5.154901959985743,0.0002559171
DCXUDJFLTXEABV,CSc1nc(NCCc2ccccc2)c2cnn(CC(Cl)c3ccccc3)c2n1,CHEMBL289125,5.136677139879544,5.136677139879544,0.97775686
VOBIRZKGKBEAMM,Cc1ccc(NC(=O)c2ccc(CN3CCN(CCO)CC3)cc2)cc1Nc1nccc(-c2cccnc2)n1,CHEMBL3098615,5.149782758201611,5.149782758201611,0.6983613
JOLSWPYDQLCFEP,FC(F)(F)Oc1ccc(Nc2ncnc3c2cnn3Cc2cccnc2)cc1,CHEMBL1258361,,,0.9799203
SHPLGWYLKVEYNP,Nc1ncnc2c1c(-c1ccc(Cl)cc1)nn2CC1CCNCC1,,5.135133085671474,5.135133085671474,0.005091391
PHSBLNQTZKZQLY,CC(C)COc1ccc2cc(-c3nn(CC4CCNCC4)c4ncnc(N)c34)ccc2c1,CHEMBL2070059,5.134303940083929,5.134303940083929,0.0051978137
ZLWUDSOXAFPRNO,CCN(CC)C(=O)c1cncc(-c2ccc(C(=O)N[C@H]3CN[C@@H](C(=O)Nc4ccc(Cl)c(C(F)(F)F)c4)C3)cc2)c1,,4.823447913023175,4.823447913023175,0.9970065
GEKQCUATSTXXMJ,CS(=O)(=O)Nc1cccc(-c2ccc3c(c2)Oc2ccc(OC(F)(F)F)cc2NC3=O)c1,,5.129186576084402,5.129186576084402,0.1366228
SQKBBDOFPPNVCL,CN1CCC(NC(=O)c2cnc(Nc3cc(Cl)cc(Cl)c3)nc2NC2CCC(N(C)C)CC2)CC1,CHEMBL2312649,5.118615343229427,5.118615343229427,0.32105285
PRASIGARSOSUQT,COc1ccc2cc(-c3n[nH]c4cccnc34)[nH]c2c1,CHEMBL1288582,5.114638779968488,5.114638779968488,0.9581485
QIGGJMQSVPHSJB,O=C(/C=C/c1ccc(-c2ccc3ncnc(Nc4ccc(OCc5cccc(F)c5)c(Cl)c4)c3c2)o1)NO,CHEMBL1630107,5.113509274827518,5.113509274827518,0.012377254
RBGLFHSKAZJIFH,CCc1ccc(C(=O)Nc2cc(CN3CCN(C)CC3)cc(C(F)(F)F)c2)cc1C#Cc1ccoc1,,5.113509274827518,5.113509274827518,0.4111834
XNLVVTGACFLHMS,Nc1ccccc1NC(=O)c1ccc(C(=O)Nc2cccc(Nc3ncc(-c4cccnc4)cn3)c2)cc1,CHEMBL473826,5.107905397309519,5.107905397309519,0.0778014
VLEQHZKBZRDDGS,CN1CCN(c2ccc(-c3cc4c(c(N)nn4C)c(=O)[nH]3)cc2)CC1,CHEMBL1813625,5.107905397309519,5.107905397309519,0.48888502
JGEBLDKNWBUGRZ,CN(C[C@@H]1COCCO1)S(=O)(=O)Nc1ccc2ccc3ncc(-c4cnn(C)c4)cc3c(=O)c2c1,CHEMBL1802916,5.107905397309519,5.107905397309519,0.79210895
UGEUNXISLGGFQR,COc1cccc(CSc2nnc(CSc3nc4nc(C)cc(C)n4n3)s2)c1,,5.107794054024227,5.107794054024227,0.8958944
DYODAPJHYDHRIR,CCOC(=O)N1CCN(C(=O)Nc2ccc(NC(=O)N3CCN(C(=O)OCC)CC3)cc2)CC1,,5.107293362194334,5.107293362194334,0.0124106165
GOKRPYKIPRDTFC,CC(C)COc1ccc2cc(-c3nn(CC4CCN(C)CC4)c4ncnc(N)c34)ccc2c1,,5.1054070520770445,5.1054070520770445,0.0033227212
QFGDRGRJMYSRIW,CC(C)n1nc(Cc2cccc3ccccc23)c2c(N)ncnc21,CHEMBL2069954CHEMBL1231370,5.102372908709558,5.102372908709558,0.05447229
KZZSOJLRLIMWLV,CC(=O)Nc1nc(-c2cccc(Cl)c2)cs1,,5.100015437450609,4.700006520154178,0.01637903
RIMRVERSFDYITK,Cc1cn(-c2cc(NC(=O)c3ccc(C)c(Nc4nccc(-c5ccccc5)n4)c3)cc(N3CCNCC3)c2)cn1,,5.0996328713435295,5.0996328713435295,0.85895306
FSWBGVBPIRUITJ,C=CC(=O)Nc1cccc(CNc2nc(Nc3ccc(N4CCN(CCNC(=O)CC5[C@H]6CC7C[C@H](C6)C[C@H]5C7)CC4)cc3OC)ncc2Cl)c1,,5.099414413350038,5.099414413350038,0.18344507
PXCDKWAUSFFTCC,COc1cccc(-c2nc3sccn3c2-c2ccnc(NCCCNS(=O)(=O)c3cccc(F)c3)n2)c1,,5.09799710864927,5.09799710864927,0.0006527907
VWIJWYTVLATTPJ,COc1cc(/C=C/c2cccc(OC)c2O)cc(OC)c1,CHEMBL207244,5.096910013008056,5.096910013008056,0.050126787
UGGGRFWZAHTXBI,Oc1ccc(-c2ccccc2-c2cc(O)cc(O)c2)cc1,CHEMBL208098,5.096910013008056,5.096910013008056,0.08514787
BJNUCAZGXXFVAJ,CCOc1ccc2cc(-c3nn(C(C)(C)C)c4ncnc(N)c34)ccc2c1,CHEMBL2070049,5.094743951251549,5.094743951251549,0.61661077
ARVAAZQSMXDPTI,COc1ccc(S(=O)(=O)N2CCCCCC2)cc1C(=O)Nc1ccc(C(=O)N(C)C)cc1,,5.093234110459272,5.093234110459272,0.017188795
YUUPJXDJURKYFQ,COc1cc(-c2cnc3nc2NCCCNS(=O)(=O)c2cccc(c2)N3)c(F)cc1Cl,,,,0.00085594837
RILOFFQNUDZMEB,Cc1cc(Nc2ncc(C)c(N3CC(CC#N)(N4CCCCC4)C3)n2)sn1,,5.074069402131529,5.074069402131529,0.0053879037
GCCKIESUDGMENQ,COc1ccc(Nc2cc(-c3ccc(C(=O)NCCNC(=O)c4cccc(OC)c4)cc3)ncn2)cc1,CHEMBL3618120,5.069050968832477,5.069050968832477,0.0019943719
OBKUJVHSKFHNGQ,Cc1ccccc1C(=O)N1CCN(C(=O)c2ccc(-c3cccc4[nH]nc(N)c34)cc2)CC1,CHEMBL3634537,5.0675262353228465,4.533763117661423,0.13085406
GPNNPQVERGYRNV,COCCN=NNc1cccc(Nc2nccc(-c3cccnc3)n2)c1,CHEMBL326925,5.0655015487564325,5.0655015487564325,0.41725633
XPSAGIQSESMIJK,CCn1cnc2c(-c3ccc(F)c(-c4cc5c(cc4OC)C(=O)N(C)C5)c3)cnnc21,,5.060480747381382,5.060480747381382,0.20464285
RBECBLWYAJVRTM,COC(=O)CCSCc1cn2cc(Cl)ccc2n1,,5.054088483180727,5.054088483180727,0.023091147
PPWZJWBTTSZJNT,Cc1ccc(NC(=O)c2ccc(C(=O)NO)cc2)cc1Nc1ncc(-c2cccnc2)s1,CHEMBL521652,5.050609993355087,5.050609993355087,0.030515268
NUZXYWIRCCEMEG,Cc1ccc(NC(=O)NCCN2CCCC2)cc1Nc1nccc(-c2cccnc2)n1,CHEMBL363926,5.0499760934766735,5.0499760934766735,0.6797284
ZVHXEGRGZMBSBS,COc1ccc(Nc2cc(-c3ccc(C(=O)N4CCN(C(=O)c5ccccc5F)CC4)cc3)ncn2)cc1,CHEMBL3618129,5.047691990337875,5.047691990337875,0.059619855
RFJYZLZQHATKLM,Nc1ccc(-c2ccc(C(=O)N[C@H]3CN[C@@H](C(=O)Nc4ccc(Cl)c(C(F)(F)F)c4)C3)cc2)cn1,,4.943969103071689,4.943969103071689,0.9994186
HIRRHXZKTMZOHN,Cc1ccc(NCc2ccc(/C=C/C(=O)NO)cc2)cc1Nc1nccc(-c2cccnc2)n1,CHEMBL514351,5.036212172654444,5.036212172654444,0.0061875638
DLDDUEIHEHVJRK,COc1ccc(Nc2cc(-c3ccc(C(=O)NCCNC(=O)c4ccccc4Cl)cc3)ncn2)cc1,CHEMBL3618125,5.0343280287798935,5.0343280287798935,0.012680754
KXAYALPFYVNKDH,COc1ccc(Nc2cc(-c3ccc(C(=O)NCCNC(=O)c4cccc(N(C)C)c4)cc3)ncn2)cc1,CHEMBL3618123,5.0338582672609675,5.0338582672609675,0.0067852577
GFODQGDFKIOSQZ,CN(C)CCn1cc(-c2ccc3c(c2)C(=O)Nc2cc(OC(F)(F)F)ccc2O3)cn1,,5.029188389127482,5.029188389127482,0.029644389
OYDPQZMBRPAVGS,O=C(NCCO)c1cccc(-c2ccc3c(c2)C(=O)Nc2cc(OC(F)(F)F)ccc2O3)c1,,5.029188389127482,5.029188389127482,0.05222262
RWSTYYNGVJOFIM,CN(C(=O)c1ccc(NC(=O)Cc2ccc(NC(=O)C3CCN(C(=O)C4CC4)CC3)cc2)cc1)C1CC1,,5.027195677663422,5.027195677663422,0.005959617
OUAJTRYFPSGFTC,Cc1ccncc1-c1ccc2sc(NC(=O)C3CC3)nc2n1,,5.022276394711152,5.022276394711152,0.98105687
PRENEBUBGHBROD,Cc1ccncc1-c1cnc2nc(NC(=O)C3CC3)sc2c1,,5.022276394711152,5.022276394711152,0.983245
QSOAMPBHXPSPJY,COc1ccc(Cn2ccc3c(Nc4ccc(OC(F)(F)F)cc4)ncnc32)cc1,CHEMBL1257899,,,0.9890788
FHENBXDMOZPSDR,CCc1ccc(C(=O)Nc2cc(CN3CCN(C)CC3)cc(C(F)(F)F)c2)cc1C#Cc1cnc(N(C)C)nc1,,5.013228265733755,5.013228265733755,0.60378903
PJKOGVIETUPXRU,C(=C\n1ncc2c(NCCc3ccccc3)ncnc21)\c1ccccc1,CHEMBL203493,5.010995384301463,5.010995384301463,0.020270338
INFVULGQYLHMBR,CCOc1ccc(CCNC(=O)CN2C(=O)c3cccnc3Oc3ccc(C)cc32)cc1OCC,,5.008021209005416,5.008021209005416,0.006611934
ZDXCHNZCVKMKQZ,COc1cccc(-c2nc3sccn3c2-c2ccnc(NCCNS(=O)(=O)c3ccc(C(F)(F)F)cc3)n2)c1,,5.006563769502388,5.006563769502388,0.004287182
ARDFJNKJVAVUOF,Cc1ccc(NC(=O)c2cccc(C(F)(F)F)c2)cc1/C=C/n1cnc2c(Nc3ccncc3)ncnc21,CHEMBL551229,5.00436480540245,5.00436480540245,0.1964577
AXRCEOKUDYDWLF,Cn1cc(C2=C(c3cn(C4CCN(Cc5ccccn5)CC4)c4ccccc34)C(=O)NC2=O)c2ccccc21,CHEMBL300138,,5.0,0.0077987835
GFMMXOIFOQCCGU,O=C(NOCC1CC1)c1ccc(F)c(F)c1Nc1ccc(I)cc1Cl,CHEMBL105442,,5.0,0.9503417
LHNIIDJUOCFXAP,CS(=O)(=O)N1CCN(Cc2cc3nc(-c4cccc5[nH]ncc45)nc(N4CCOCC4)c3s2)CC1,,,5.0,0.0046566394
BPNUQXPIQBZCMR,Cc1n[nH]c2ccc(-c3cncc(OC[C@@H](N)Cc4ccccc4)c3)cc12,,,5.0,0.16815104
KGPGFQWBCSZGEL,CCn1c(-c2nonc2N)nc2c(C#CC(C)(C)O)ncc(OC[C@H]3CCCNC3)c21,,,5.0,0.21561459
ZNOLRTPMNMPLHY,COc1c(Cl)cc2c([nH]c3cnccc32)c1NC(=O)c1cccnc1C,CHEMBL608154,,5.0,0.8925541
QEMQWMRZJAAQSZ,CSc1ccccc1Nc1nc(N2CCN(C3CCNCC3)CC2)nc2c(NCC3CC3)ncnc12,CHEMBL2063926,,5.0,0.17142452
PSPFQEBFYXJZEV,Cc1ccc2nc(NCCN)c3ncc(C)n3c2c1,CHEMBL471496,,5.0,0.10644621
ZHJGWYRLJUCMRT,C[C@@H](Oc1cc(-n2cnc3ccc(CN4CCN(C)CC4)cc32)sc1C(N)=O)c1ccccc1C(F)(F)F,CHEMBL1908394,,5.0,0.54249215
OUSFTKFNBAZUKL,CC(C)(C)c1cnc(CSc2cnc(NC(=O)C3CCNCC3)s2)o1,CHEMBL296468,,5.0,0.7994949
DYUBORNYBMVZLP,FC(F)(F)Oc1ccc(-c2cc(NCCN3CCOCC3)ncn2)cc1,CHEMBL1258360,,,0.5865741
KDTIQBYCIJNNED,FC(F)(F)Oc1ccc(CNc2cc(NCCN3CCOCC3)ncn2)cc1,CHEMBL1258474,,,0.75378007
IXGHJTLQLKRUGM,CN(c1ccc(OC(F)(F)F)cc1)c1cc(NCCN2CCOCC2)ncn1,CHEMBL1258129,,,0.8687763
PJIDZEGNBCZIDM,COc1ccc(Nc2cc(NCCN3CCOCC3)ncn2)cc1,CHEMBL1258242,,,0.0019153858
HTIFKAYTFQZTDB,FC(F)(F)Oc1cccc(Nc2cc(NCCN3CCOCC3)ncn2)c1,CHEMBL1258243,,,0.16441257
YYEVWDURHZYYSH,FC(F)(F)Oc1ccc(Oc2cc(NCCN3CCOCC3)ncn2)cc1,CHEMBL1258359,,,0.9670564
SQNJWSYADODDSY,FC(F)(F)Oc1ccc(Nc2ccc(NCCN3CCOCC3)nn2)cc1,CHEMBL1258811,,,0.969738
GXGOXRMMPIGEOG,CN(c1ccc(OC(F)(F)F)cc1)c1cc(-c2ccncc2)ncn1,CHEMBL1258925,,,0.80689514
URTJFJPQBRPSLR,Fc1ccc(Nc2cc(-c3ccncc3)ncn2)cc1,CHEMBL1256106,,,0.043958932
ZTEWHRJEZOESRE,COc1ccc(Nc2cc(-c3ccncc3)ncn2)cc1,CHEMBL1258926,,,0.018180199
CQOVNCXAFUPUQW,FC(F)(F)Oc1ccc(Nc2nccc(NCCN3CCOCC3)n2)cc1,CHEMBL1258692,,,0.9454514
DOHAAWAGXKVTIX,FC(F)(F)Oc1ccc(Nc2ccnc(NCCN3CCOCC3)n2)cc1,CHEMBL1258693,,,0.94588816
MYPZAIOFOUSETC,FC(F)(F)Oc1ccc(Nc2cncc(NCCN3CCOCC3)n2)cc1,CHEMBL1258810,,,0.9718426
SFCLWZBOEVLSTH,O=C(O)c1cc2c(Nc3ccc(OC(F)(F)F)cc3)ncnc2s1,CHEMBL1257311,,,0.09391342
PEZCUUGXYBPXDQ,O=C(NCCO)c1cc2c(Nc3ccc(OC(F)(F)F)cc3)ncnc2s1,CHEMBL1257425,,,0.77210116
KRPXBTFHUNVBRX,FC(F)(F)Oc1ccc(Nc2ncnc(NCCN3CCOCC3)n2)cc1,CHEMBL1257193,,,0.9476064
JIHDZQXFAZNODD,FC(F)(F)Oc1ccc(Nc2ncnc3[nH]ccc23)cc1,CHEMBL1257781,,,0.701424
QHKYPYXTTXKZST,Oc1ccc(-c2nc(-c3ccncc3)c(-c3ccc(F)cc3)[nH]2)cc1,,,5.0,0.034454215
TUVCWJQQGGETHL,Oc1cccc(-c2nc(N3CCOCC3)c3oc4ncccc4c3n2)c1,CHEMBL538346,,5.0,0.33645484
HZTYDQRUAWIZRE,CNC(=O)c1c(F)cccc1Nc1nc(Nc2cc3c(cc2OC)CCN3C(=O)CN(C)C)nc2[nH]ccc12,,,5.0,0.5258215
DYIRSNMPIZZNBK,CS(=O)(=O)c1ccc(-c2cnc(NCc3ccco3)n3cnnc23)cc1,,,5.0,0.00016869279
BPLPIBNWDLPUKP,Cc1cc(Br)c(CNc2ncc(C(=O)NCCCN3CCOC3=O)c(NC3CCCC3)n2)cc1Br,,,5.0,0.011721268
AYRUNBYNKCLGFI,CCN(Cc1ccc(Cl)cc1)c1ncc(C(=O)NCCCN2CCCC2=O)c(NC2CCCC2)n1,,,5.0,0.0020229917
RUAVAAXWRAUNAC,O=C(NCCCN1CCCC1=O)c1cnc(NCc2ccc(Cl)cc2Cl)nc1NC1CCCC1,,,5.0,0.0041408134
QHKXMFBRQDFRSF,Cc1cc(Br)c(CNc2ncc(C(=O)NCCCN3CCOC3=O)c(NC3CCCCC3)n2)cc1Br,,,5.0,0.01095906
FHYUGAJXYORMHI,NC(=O)c1ccc(-c2nc(-c3ccccn3)c(-c3ccc4c(c3)OCO4)[nH]2)cc1,CHEMBL440084,,5.0,0.03011234
MCHVJFBHJMRGMC,FC(F)(F)Oc1ccc(Nc2ncnc3nn(Cc4ccccc4)cc23)cc1,CHEMBL1258929,,,0.9083664
ZDUCPWLDHOWNPE,NC(=O)c1ccccc1-c1cc(Nc2ccc(OC(F)(F)F)cc2)ncn1,CHEMBL1258809,,,0.78348064
YPEBEBBSFDWQHW,Cc1ccc(NC(=O)c2ccc(F)cc2)cc1-n1cc(-c2cnc3ccnn3c2)cn1,,,5.0,0.99960405
PALTUSLCLFDFQQ,Cn1nccc1-c1ccc(C(=O)N[C@@H]2CNCC[C@H]2c2ccc(F)c(F)c2)c(F)c1,,,5.0,0.91052
OEIRBDCRIGNXFE,Cc1cn(-c2cc(NC(=O)c3ccc(C)c(Nc4nccc(-c5ccc(F)cc5)n4)c3)cc(N3CCOCC3)c2)cn1,,,5.0,0.70571697
FNKRKFBRFHMPBO,Cc1cc(-c2cc(NC(=O)c3ccc(C)c(Nc4nccc(-c5ccc(F)cc5)n4)c3)cc(N3CCN(C)CC3)c2)on1,,,5.0,0.9759911
PTVPYBZKLVYENB,Cc1ccc(C(=O)Nc2cccc(N3CCN(C)CC3)c2)cc1Nc1nccc(-c2ccc(F)cc2)n1,,,5.0,0.9750277
FSWBQPGSMBLQBY,Cc1cn(-c2cc(CN3CCC[C@H](N)C3)cc(NC(=O)c3ccc(C)c(Nc4nccc(-c5ccc(F)cc5)n4)c3)c2)cn1,,,5.0,0.8930924
LEKWCJUCBLAVCO,Cc1cn(-c2cc(CN3CCCC[C@H]3C(=O)O)cc(NC(=O)c3ccc(C)c(Nc4nccc(-c5ccc(F)cc5)n4)c3)c2)cn1,,,5.0,0.6733495
RLBSTAFRIPOFEZ,Cc1cn(-c2cc(CN3CCCC[C@H]3C(N)=O)cc(NC(=O)c3ccc(C)c(Nc4nccc(-c5ccc(F)cc5)n4)c3)c2)cn1,,,5.0,0.68737483
FPILCJQVCVIRHQ,Cc1cn(-c2cc(CN3CCN(C)CC3)cc(NC(=O)c3ccc(C)c(Nc4nccc(-c5ccccc5)n4)c3)c2)cn1,,,5.0,0.94367063
AUJYRPYGXGKVAW,Cc1cn(-c2cc(/C=C/C(=O)O)cc(NC(=O)c3ccc(C)c(Nc4nccc(-c5ccccc5)n4)c3)c2)cn1,,,5.0,0.4319401
WAMCWDPKWNPMHS,Cc1cn(-c2cc(CCC(=O)O)cc(NC(=O)c3ccc(C)c(Nc4nccc(-c5ccccc5)n4)c3)c2)cn1,,,5.0,0.5884912
YITOZDQLAMEHRT,Cc1cn(-c2cc(CCS(N)(=O)=O)cc(NC(=O)c3ccc(C)c(Nc4nccc(-c5ccccc5)n4)c3)c2)cn1,,,5.0,0.33713007
AVCCKFHOOJRTCR,Cc1cn(-c2cc(NC(=O)c3ccc(C)c(Nc4nccc(-c5ccccc5)n4)c3)cc(N3CCN(C)CC3)c2)cn1,,,5.0,0.98047674
SUNSLACFIOGRFF,Cc1cn(-c2cc(CN3CCC[C@H](N)C3)cc(NC(=O)c3ccc(C)c(Oc4ccccc4)c3)c2)cn1,,,5.0,0.22036143
SQLOTYNZUHXWAS,Cc1cn(-c2cc(NC(=O)c3ccc(C)c(C(=O)c4cccc(C#N)c4)c3)cc(N3CCN(C)CC3)c2)cn1,,,5.0,0.71868443
AFTCBZMZKYOMRS,Cc1cn(-c2cc(NC(=O)c3ccc(C)c(Oc4cccc5ccncc45)c3)cc(N3CCN(C)CC3)c2)cn1,,,5.0,0.739983
TYKXIBLBQNRTJM,Cc1cn(-c2cc(NC(=O)c3ccc(C)c(Oc4ccccc4)c3)cc(N3CCN(C)CC3)c2)cn1,,,5.0,0.7703207
GFKHNUHEUMXRLU,Cc1ccc(C(=O)Nc2cc(N3CCN(C)CC3)cc(-n3cnc(C)c3)c2)cc1,,,5.0,0.5940447
ZPPJQUHJUSSFKP,Cc1cn(-c2cc(NC(=O)c3ccc(C)c(Oc4ccccc4)c3)cc(C(F)(F)F)c2)cn1,,,5.0,0.9969085
AKFZSHPZKXBMCK,CS(=O)(=O)Nc1ccc(-c2cn([C@@H]3CN[C@H](C(=O)Nc4ccc(Cl)c(C(F)(F)F)c4)C3)nn2)cn1,,9.309803919971486,9.309803919971486,0.8448074
OTKXMYZOSPIKMY,Cc1nc(Nc2ncc(C(=O)Nc3c(C)cccc3Cl)s2)cc(C2CCN(C(=O)OC(C)C)C2)n1,,9.30189945437661,9.30189945437661,0.9832824
CMYHZFCJPORPHY,CSc1nc(N)cc(Oc2ccc(-c3nnc(Nc4cccc(C(F)(F)F)c4)[nH]3)cc2)n1,,,5.0,0.126505
WLFWTWXIVBODGW,CC(C)c1ccc(C(=O)Nc2cccc(C(F)(F)F)c2)cc1-c1cccc(-c2cnc3cnccn23)c1,,,5.0,0.9926363
VNBCHEAYTLHULV,CCc1ccc(C(=O)Nc2cccc(C(F)(F)F)c2)cc1-c1cc(Cl)cc(-c2cnc3cnccn23)c1,,,5.0,0.99238235
VUDSGFQUWCVFNM,CN1CCN(Cc2cc(Cl)cc(C(=O)Nc3ccc(OC(F)(F)F)cc3)c2O)CC1,,5.0,5.0,0.9987336
LLDMEDJNOJVTEE,CC(C)C(=O)Nc1ccc(-c2ccc(NCC(=O)Nc3ccc(CN4CCNCC4)c(C(F)(F)F)c3)cc2)cn1,CHEMBL3804972,,5.0,0.9870896
WRWSZPDJAJPFBH,CCN1CCN(Cc2ccc(NC(=O)C(C)Oc3ccc(-c4cccnc4)cc3)cc2C(F)(F)F)CC1,CHEMBL3806022,,5.0,0.9879832
ANUKWIYBPKFKPT,O=C(COc1ccc(-c2cccnc2)cc1)Nc1ccc(CN2CCNCC2)c(C(F)(F)F)c1,CHEMBL3805029,,5.0,0.97923523
NLJFXMLHZRMOLA,CCN1CCN(Cc2ccc(NC(=O)COc3ccc(-c4ccc(C(=O)NC)nc4)cc3)cc2C(F)(F)F)CC1,CHEMBL3806302,,5.0,0.98694915
SCDSODVRFBVFCJ,CCC1CCN(Cc2ccc(NC(=O)COc3ccc(-c4cccnc4)cc3)cc2C(F)(F)F)CC1,CHEMBL3804941,,5.0,0.98709977
AUPYVVPKMKSJTA,CCN1CCN(Cc2ccc(NC(=O)COc3ccc(-c4ccncc4)cc3)cc2C(F)(F)F)CC1,CHEMBL3806141,,5.0,0.97751564
GCWHNLMIBHEEER,CCN1CCN(Cc2ccc(NC(=O)COc3ccc(-c4cccnc4)cc3)cc2C2CC2)CC1,CHEMBL3806240,,5.0,0.47191563
XXWRAKBOXUAFCG,CCN1CCC(Cc2ccc(NC(=O)COc3ccc(-c4cccnc4)cc3)cc2C(F)(F)F)CC1,CHEMBL3805647,,5.0,0.9444699
WFFMZNUFMBCFFK,CCN1CCN(Cc2ccc(NC(=O)COc3ccc(-c4ccccn4)cc3)cc2C(F)(F)F)CC1,CHEMBL3805624,,5.0,0.99147695
VCUTUPKVQSSUTM,CCN1CCN(Cc2ccc(CC(=O)Nc3ccc(Oc4cc(NC)ncn4)cc3)cc2C(F)(F)F)CC1,CHEMBL3805094,,5.0,0.9936639
RXTNVGURVJDDNQ,CCN1CCN(Cc2ccc(NC(=O)Cc3ccc(Oc4cc(NC)ncn4)cc3)cc2C(F)(F)F)CC1,CHEMBL3805074,,5.0,0.99474865
RNUMWVIZGKULGV,Nc1ccc(-c2cccc(C(=O)N[C@H]3CN[C@@H](C(=O)Nc4ccc(Cl)c(C(F)(F)F)c4)C3)c2)cn1,,4.4544840167453605,4.4544840167453605,0.99989355
BRNXSZHLDOTWHB,CC(=O)Nc1ccc(-c2ccc(C(=O)N[C@H]3CN[C@@H](C(=O)Nc4ccc(Cl)c(C(F)(F)F)c4)C3)cc2)cn1,,4.674474782759512,4.674474782759512,0.99819046
RJPMIRYHUNJIGK,O=C(NC1CC1)c1cncc(-c2cccc(C(=O)N[C@H]3CN[C@@H](C(=O)Nc4ccc(Cl)c(C(F)(F)F)c4)C3)c2)c1,,4.685417571396343,4.685417571396343,0.99979573
IJPRJUMZLLNSAM,O=C(c1cc(I)ccc1Cl)N1CCN(c2nc(Cl)ncc2Br)CC1,CHEMBL3912332,4.790484985457369,4.790484985457369,0.13890903
PDGGJEIANSHNLJ,COc1cc(-c2cnc3nc2NCCCNS(=O)(=O)c2cc(ccc2O)N3)ccc1F,,,,0.0011624519
XUPMIRUCAJZIKE,Nc1n[nH]c2cccc(-c3ccc(C(=O)N4CCN(C(=O)c5ccc(F)cc5)CC4)cc3)c12,,4.718080592169702,4.718080592169702,0.1210674
QTPYAODLDLIYCI,CCN1CCN(c2cc(Nc3ncc(C(=O)Nc4ccc(F)cc4N)s3)nc(C)n2)CC1,,4.749579997691106,4.749579997691106,0.9985727
FOYDGOBFRZQHEU,CCN1CCN(c2cc(Nc3ncc(C(=O)Nc4ccc(F)cc4N)s3)ncn2)CC1,,6.2471537462939,6.2471537462939,0.9979522
LKWOWGJITRMUOK,C(=C/n1ncc2c(N3CCCCCC3)ncnc21)\c1ccccc1,CHEMBL3823628,4.698970004336019,4.698970004336019,0.096563056
WJTJZDOMFKCYEA,CCNC(=O)[C@H](CCC1CCCCC1)NC(=O)c1ccc(CNC(=O)c2cnn(-c3ccccc3)c2N)cc1,,6.886056647693163,4.698970004336019,0.0021480722
JFLHOEAKUBGSFZ,Nc1n[nH]c2cccc(-c3ccc(C(=O)NCCNC(=O)c4ccc(Cl)c(C(F)(F)F)c4)cc3)c12,,5.828788659588897,5.828788659588897,0.92522776
JYPKCBCKWWHGLN,CCN1CCN(c2cc(Nc3ncc(C(=O)Nc4ccccc4N)s3)nc(C)n2)CC1,,4.673664139071248,4.673664139071248,0.9969946
BMFUIUDLVMJYGT,CCN1CCN(c2cc(Nc3ncc(C(=O)Nc4ccccc4N)s3)ncn2)CC1,,6.175722422168665,6.175722422168665,0.9941718
JYSOTWILHTUWTB,CC(=O)Nc1ccc(-c2ccc(C(=O)N[C@@H](C)C(=O)Nc3ccc(Cl)c(C(F)(F)F)c3)cc2)cn1,,5.673876829498338,5.673876829498338,0.96723026
QKCXROWMDRAVTL,CC(C)n1cnc2cc(C(=O)Nc3ccc(OC(F)(F)Cl)cc3)c(F)c(-c3cncnc3)c21,,9.301029995663981,9.301029995663981,0.99883455
QPDPAWXTOAVKLC,COc1cc(-c2cnc3nc2NCCCNS(=O)(=O)c2cccc(c2)N3)ccc1F,,,,0.0010676561
VCZDFACOFNRTMG,CNc1ncc2cc(-c3cc(F)ccc3F)c(=O)n(CCCCN)c2n1,,4.55129368009492,4.55129368009492,0.92287207
WCTZZCYHCHVQHR,COc1cc(-c2cnc3nc2NCCCNS(=O)(=O)c2cccc(c2)N3)c(F)cc1F,,,,0.0014362452
GFJXEPLYKXJYHL,Nc1n[nH]c2cccc(-c3ccc(C(=O)NCCNC(=O)c4ccc(Br)cc4)cc3)c12,,4.261591979427135,4.261591979427135,0.17148712
FCDUXQUQGSKWMD,COCCOc1ccc2cc1S(=O)(=O)NCCCNc1nc(ncc1-c1ccc(F)c(OC)c1)N2,,,,0.0014293696
MKVWYGFIMREUPS,CS(=O)(=O)Nc1ccc(-c2ccc(C(=O)N[C@H]3CN[C@@H](C(=O)Nc4ccc(Cl)c(C(F)(F)F)c4)C3)cc2)cn1,,5.628323524295222,5.628323524295222,0.98024577
AATSPYFUWUVIKH,O=C(NC1CC1)c1cncc(-c2ccc(C(=O)N[C@H]3CN[C@@H](C(=O)Nc4ccc(Cl)c(C(F)(F)F)c4)C3)cc2)c1,,4.310889534609782,4.310889534609782,0.99571425
KYNFSNWMELNTIW,NC(=O)C1CCN(c2ccc(C(F)(F)F)cn2)CC1,,4.366531544420414,4.366531544420414,0.04275389
DGSMEFWSLXFLQA,O=C(Nc1ccccc1Cl)c1cnc2ccc(C3CCNCC3)cn12,CHEMBL1077739,,,0.13266596
QIWLXXNQCCUNRP,C(=C/n1ncc2c(NC3CCCCC3)ncnc21)\c1ccccc1,CHEMBL3824215,4.301029995663981,4.301029995663981,0.000715999
KRAYLQVJPUMBPE,COc1cc(-c2cnc3nc2NCCCNS(=O)(=O)c2cccc(c2)N3)ccc1Br,,,,0.00081179553
ULCIVHLQFMURQB,COc1cc(-c2cnc3nc2NCCCNS(=O)(=O)c2cc(ccc2OC)N3)ccc1F,,,,0.001116463
QUBPQLLMMSZSGD,CC(C)N1CCN(C(=O)c2ccc(NC(=O)Nc3ccc(-c4nc(C5CCOCC5)nc(N5C6CCC5COC6)n4)cc3)cc2)CC1,CHEMBL1091356,,4.301029995663981,0.07442143
QXQAMYSUXHQLHV,Cc1ccc(S(=O)(=O)N2CCN(c3nc(Cl)ncc3Br)CC2)cc1,CHEMBL3891205,4.236572006437063,4.236572006437063,0.0008890599
LWGSLBQDPISOIG,CCN(CC)C(=O)c1cncc(-c2ccc(C(=O)N[C@@H](C)C(=O)Nc3ccc(Cl)c(C(F)(F)F)c3)cc2)c1,,6.090699028348045,6.090699028348045,0.9794892
MHCUTNBMFHQMDH,C[C@@H](O)[C@H](NC(=O)[C@H](CC(=O)O)NC(=O)[C@H](CC(=O)O)NC(=O)[C@@H](N)CCC(=O)O)C(=O)N[C@@H](Cc1ccc(OP(=O)(O)O)cc1)C(=O)N[C@@H](CC(=O)O)C(=O)NCC(=O)N[C@@H](Cc1ccc(O)cc1)C(=O)N[C@@H](CCC(=O)O)C(=O)O,,,4.208169052325164,9.295356e-05
OUEGYTPVBXUIBM,O=S(=O)(c1ccc(F)cc1)N1CCN(c2nc(Cl)ncc2Br)CC1,CHEMBL3910366,3.9136401693252516,3.9136401693252516,0.0007764683
ATLXDJYCMFODFL,O=S(=O)(c1cc(Cl)sc1Cl)N1CCN(c2nc(N3CCOCC3)ncc2Br)CC1,CHEMBL3958973,,3.3010299956639813,0.0004021228
KBIZAQZMSIWUKM,N#Cc1ccc(S(=O)(=O)N2CCN(c3nc(N4CCOCC4)ncc3Br)CC2)cc1,CHEMBL3925472,,3.3010299956639813,0.0001718017
OAAOAJVXZHNUNX,CCCS(=O)(=O)N1CCN(c2nc(Cl)ncc2Br)CC1,CHEMBL3985349,,3.3010299956639813,0.0017428651
RASGUUGERRDSQO,O=C(c1ccc(Cl)cc1[N+](=O)[O-])N1CCN(c2nc(N3CCOCC3)ncc2Br)CC1,CHEMBL3963388,,3.3010299956639813,0.02308555
TYIMZENBQDQKMQ,Cc1noc(C)c1S(=O)(=O)N1CCN(c2nc(N3CCOCC3)ncc2Br)CC1,CHEMBL3904773,,3.3010299956639813,0.00017487835
GENXPOJAWLVHDN,O=S(=O)(C1CC1)N1CCN(c2nc(Cl)ncc2Br)CC1,CHEMBL3967349,,3.3010299956639813,0.0003231751
BPQBMWJXOIQOCG,Cc1nc(Nc2ncc(C(=O)Nc3c(C)cccc3Cl)s2)cc(C2CCN(C(=O)Oc3ccccc3)C2)n1,,9.301029995663981,9.301029995663981,0.9714418
CZQBQJCSWBDMKJ,O=C(Nc1ccc(OC(F)(F)Cl)cc1)c1cc(-c2[nH]ncc2F)c2c(c1)ncn2C1CC1,,9.292429823902063,9.292429823902063,0.99998677
YNNLHGZKHWLMGW,O=C(Nc1ccc(OC(F)(F)Cl)cc1)c1cc(-c2ccn[nH]2)c2c(c1)nc1n2CCCC1,,9.267606240177031,9.267606240177031,0.98898673
MELJDSYZXXIAAZ,C[C@@H]1COc2nc3c(n21)C(C1CC=CN=N1)=CC(C(=O)Nc1ccc(OC(F)(F)Cl)cc1)C3,,9.2518119729938,9.2518119729938,0.96396714
BUIOQEKTHIJDML,CC(C)(CO)n1cnc2cc(C(=O)Nc3ccc(OC(F)(F)Cl)cc3)cc(-c3cncnc3)c21,,9.236572006437063,9.236572006437063,0.9999962
WXLDRYNTEQUKFN,O=C(Nc1nc2ccc(-c3cn([C@@H]4CN[C@H](C(=O)Nc5ccc(Cl)cc5Cl)C4)nn3)nc2s1)C1CC1,,9.221848749616356,9.221848749616356,0.19827293
UWUGFYUYZJDSCI,C[C@@H]1COc2nc3c(n21)C(c1ccn[nH]1)=CC(C(=O)Nc1ccc(OC(F)(F)Cl)cc1)C3,,9.221848749616356,9.221848749616356,0.98397887
QTYVZNNBMDNHJL,Cc1nc(Nc2ncc(C(=O)Nc3c(C)cccc3Cl)s2)cc(C2CCN(C(=O)OCC(C)C)C2)n1,,9.220403508742175,9.220403508742175,0.9829883
CAWFLWKFZFPVQV,Cc1nc(Nc2ncc(C(=O)Nc3c(C)cccc3Cl)s2)cc(N2CCN(C(=O)OCc3ccccc3)CC2)n1,,9.209714835966759,9.209714835966759,0.94179314
VIRQQONVEODMEV,O=C(Nc1ccc(OC(F)(F)Cl)cc1)c1cc(-c2cncnc2)c2c(c1)nc1n2CCS(=O)(=O)C1,,9.207608310501746,9.207608310501746,0.9761295
LZZKQSXFVVXKEA,O=C(Nc1ccc(OC(F)(F)Cl)cc1)C1C=C(c2ccn[nH]2)c2c(nc3n2CCC[C@H]3O)C1,,9.200659450546418,9.200659450546418,0.95967287
IMYBCFRJEMSIGW,O=C(CC1CC1)Cn1cnc2cc(C(=O)Nc3ccc(OC(F)(F)Cl)cc3)cc(-c3cncnc3)c21,,9.193820026016112,9.193820026016112,0.999793
ZNHNDPPZXABNOW,O=C(Cn1cnc2cc(C(=O)Nc3ccc(OC(F)(F)Cl)cc3)cc(-c3cncnc3)c21)NC1CC1,,9.193820026016112,9.193820026016112,0.9997193
JQABGSQQBRCJQL,COCCN1CCN(CC2C=CC(NC(=O)c3ccc(C)c(C#Cc4cnc5cccnn45)c3)=CC2C2CC2)CC1,,9.191789027075778,9.191789027075778,0.9767322
GLDPZJFGBQDPFI,O=C(Nc1ccc(OC(F)(F)Cl)cc1)C1C=C(c2ccn[nH]2)c2c(nc3n2C[C@H](O)CO3)C1,,9.187086643357144,9.187086643357144,0.9841814
ZGJPEVGMGPUSJY,O=C(Nc1ccc(-c2cn([C@@H]3CN[C@H](C(=O)Nc4ccc(Cl)c(C(F)(F)F)c4)C3)nn2)cn1)C1CC1,,9.187086643357144,9.187086643357144,0.92943037
XTFQLAOUVSZDDX,CCCCOC(=O)N1CCC(c2cc(Nc3ncc(C(=O)Nc4c(C)cccc4Cl)s3)nc(C)n2)C1,,9.17979854051436,9.17979854051436,0.9733331
DYGAAAGPEQGAEB,O=C(Nc1ccc(OC(F)(F)Cl)cc1)c1cc(-c2cccnn2)c2c(c1)nc1n2CCC[C@H]1O,,9.173925197299173,9.173925197299173,0.99987185
GWFAEIJUZOMSID,C[C@H]1CCCn2c1nc1c2C(C2CC=CN=N2)=CC(C(=O)Nc2ccc(OC(F)(F)Cl)cc2)C1,,9.173925197299173,9.173925197299173,0.8961988
DFMJWYNOKUEPJT,Cc1nc2[nH]ccc2cc1-c1ccn2nc(NC(=O)[C@@H]3C[C@@H]3F)cc2c1,,9.154901959985743,9.154901959985743,0.9999218
SWVWXQFAJXFRCG,O=C(Nc1cc2cc(-c3cnc4[nH]ccc4c3)ccn2n1)[C@@H]1C[C@@H]1F,,9.148741651280925,9.148741651280925,0.99952006
YAEGWTZQTKUCKB,CC(C)n1cnc2cc(C(=O)Nc3ccc(OC(F)(F)Cl)cc3)cc(-n3cnnc3)c21,,9.142667503568731,9.142667503568731,0.9999975
WLEOSYVIWACBBF,O=C(Nc1ccc(OC(F)(F)Cl)cc1)C1C=C(c2ccn[nH]2)c2c(nc3n2[C@H](CO)COC3)C1,,9.130768280269024,9.130768280269024,0.24729978
HRMLHFUVAWDKQP,Cc1nc(Nc2ncc(C(=O)Nc3cc(NC(=O)c4cccc(C(F)(F)F)c4)ccc3C)s2)cc(N2CCN(C(=O)CCC3=[N+]4C(=Cc5c(C)cc(C)n5[B-]4(F)F)C=C3)CC2)n1,,9.1249387366083,9.1249387366083,0.9500159
ITAWYPWFFGKDPW,Cc1nc(Nc2ncc(C(=O)Nc3c(C)cccc3Cl)s2)cc(N2CCN(C(=O)CCOCCOCCOCCOCCOCCOCCOCCOCCOCCOCCNC(=O)C3CCN(c4ncc(C(=O)Nc5ccc(OC(F)(F)Cl)cc5)cc4-c4ccn[nH]4)CC3)CC2)n1,,,,0.9988839
SAYPRYYFORNPCK,O=C(Nc1n[nH]c2cc(-c3cn([C@@H]4CN[C@H](C(=O)Nc5ccc(Cl)cc5Cl)C4)nn3)ccc12)C1CC1,,9.080921907623926,9.080921907623926,0.82920504
MRQBVRISEHOMOX,O=C(Nc1ccc(OC(F)(F)Cl)cc1)c1cc(-c2cncnc2)c2c(c1)ncn2CC1(O)CC1,,9.065501548756432,9.065501548756432,0.99999213
HJVDQPRJANOXIX,O=C1Nc2cc(Br)ccc2/C1=C1/Nc2ccccc2/C1=N\OCCN1CCNCC1,CHEMBL3216659CHEMBL522503,8.543676446890842,8.543676446890842,0.8967522
ZQOBVMHBVWNVBG,Cc1ccc(C(=O)NNC(=O)c2c(C)cccc2Cl)cc1C#Cc1cnc2ccccc2c1,,9.045757490560675,9.045757490560675,0.710825
SXDCKPADJGQJHO,COCCn1cc(Nc2nccn3c(C#Cc4cc(NC(=O)c5ccnc(C(F)(F)F)c5)ccc4C)cnc23)cn1,,8.36633198751818,8.36633198751818,0.9828703
NFTNUHHJWIJBRN,Cc1nc(Nc2ncc(C(=O)Nc3c(C)cccc3Cl)s2)cc(N2CCN(C(=O)OCCN(C)C)CC2)n1,,9.978810700930062,9.978810700930062,0.9365618
RZHUMJSINYZTBK,CC(C)(C)OC(=O)N1C[C@@H](n2cc(-c3ccc(N)nc3)nn2)C[C@H]1C(=O)Nc1ccc(Cl)c(C(F)(F)F)c1,,9.0268721464003,9.0268721464003,0.9698855
RZOMPFGUSZPJBC,Cc1nc(Nc2ncc(C(=O)Nc3c(C)cccc3Cl)s2)cc(C2CCN(C(=O)OCc3ccccc3)C2)n1,,9.017728766960431,9.017728766960431,0.96036285
BNRXMSGHPVYSDK,CCn1nc(C#Cc2cc(C(=O)Nc3ccc(CN4CCN(C)CC4)c(C(F)(F)F)c3)ccc2C)c2c(N)ncnc21,CHEMBL3426225,,9.0,0.99959654
WIWZZDWJKVPHCT,C[C@@H]1COCc2nc3c(n21)C(c1cc(O)ccn1)=CC(C(=O)Nc1ccc(OC(F)(F)Cl)cc1)C3,,8.954677021213342,8.954677021213342,0.7214114
AWJZZXXWVQWGDE,O=C(Nc1cc2cc(-c3cc4cc[nH]c4nc3Cl)ccn2n1)[C@@H]1C[C@@H]1F,,8.920818753952375,8.920818753952375,0.99979645
DUPWHXBITIZIKZ,Cc1cn(-c2cc(NC(=O)c3ccc(C)c(Nc4nccc(-c5cnccn5)n4)c3)cc(C(F)(F)F)c2)cn1,,8.920818753952375,8.920818753952375,0.99693465
LIEUQFMVFKJKHX,Cn1cc(NC(=O)c2cc(C(=O)c3c(Cl)ccc(Cl)c3F)c[nH]2)cn1,,8.920818753952375,8.920818753952375,0.55261034
KAOLEVWLFXERDQ,C[C@]1(O)CCc2nc3cc(C(=O)Nc4ccc(OC(F)(F)Cl)cc4)cc(-c4ccn[nH]4)c3n2C1,,8.886056647693163,8.886056647693163,0.9891951
NHCXDULQCCCWLO,CCS(=O)(=O)N1CCC(Nc2cc(Nc3ncc(C(=O)Nc4c(C)cccc4Cl)s3)nc(C)n2)C1,,8.87942606879415,8.87942606879415,0.69718826
LDGJWNZFGYFENB,O=C(Nc1n[nH]c2cc(-c3cn([C@@H]4CN[C@H](C(=O)Nc5ccc(Cl)c(C(F)(F)F)c5)C4)nn3)ccc12)C1CC1,,8.823908740944319,8.823908740944319,0.9972928
WDCAIDURBBQFBC,Cc1ccc(NC(=O)c2cc(C(C)(C)C)on2)cc1C#Cc1cnc2c(Nc3cnn(C)c3)nccn12,,7.99148333035061,7.99148333035061,0.9174081
BCGSHQSXJFPEKN,Cc1c(-c2ccn3nc(NC(=O)[C@@H]4C[C@@H]4F)cc3c2)cnc2[nH]cc(Cl)c12,,8.769551078621726,8.769551078621726,0.9999751
DHJTUJFNFPVBIW,CC(C)C(=O)NC(=S)N(Cc1ccccc1)Cc1ccccc1,,8.7594507517174,8.7594507517174,0.06423229
OVJNAMCAMRZYJR,Cc1nc2c(-c3ccn[nH]3)cc(C(=O)Nc3ccc(OC(F)(F)Cl)cc3)cc2n1C,,8.7594507517174,8.7594507517174,0.99999917
GWJVXYZDNRXACJ,Cc1nc(Nc2ncc(C(=O)Nc3cccc(NC(=O)c4cccc(C(F)(F)F)c4)c3)s2)cc(N2CCN(CCO)CC2)n1,,8.701152407037243,8.701152407037243,0.9889848
BDHJKYLJPYEWOX,Cc1ccc(NC(=O)c2ccnc(C(F)(F)F)c2)cc1C#Cc1cnc2c(Nc3cnn(C)c3)nccn12,,8.142102750998246,8.142102750998246,0.96689135
MNBNPSZPKJMKII,O=C(NC1CC1)c1cncc(-c2cn([C@@H]3CN[C@H](C(=O)Nc4ccc(Cl)c(C(F)(F)F)c4)C3)nn2)c1,,8.721246399047171,8.721246399047171,0.98625803
ANEBQUSWQAQFQB,Cc1nc(Nc2ncc(C(=O)Nc3cc(NC(=O)c4cccc(C(F)(F)F)c4)ccc3C)s2)cc(N2CCN(CCO)CC2)n1,,8.618286003218532,8.618286003218532,0.9918208
CLZXHZGRQVXWTJ,Cc1nc(Nc2ncc(C(=O)Nc3c(C)cccc3Cl)s2)cc(N2CCN(C(=O)CCC3=[N+]4C(=Cc5c(C)cc(C)n5[B-]4(F)F)C=C3)CC2)n1,,9.823908740944319,9.823908740944319,0.9845285
QCFZDYFUWADUJV,COC(=O)N1CCN(c2cc(Nc3ncc(C(=O)Nc4c(C)cccc4Cl)s3)nc(C)n2)CC1,,9.818156412055227,9.818156412055227,0.8754921
YUSUSZLMJZVSFY,CC(C)n1cnc2cc(C(=O)Nc3ccc(OC(F)(F)Cl)cc3)cc(-n3ccnc3)c21,,9.795880017344075,9.795880017344075,0.99997914
QAHANVZHNDZWSM,CCOC(=O)N1CCN(c2cc(Nc3ncc(C(=O)Nc4c(C)cccc4Cl)s3)nc(C)n2)CC1,,9.756961951313706,9.756961951313706,0.894133
VQQKESJQSNYQOP,C=CC(=O)N1CCN(c2cc(Nc3ncc(C(=O)Nc4c(C)cccc4Cl)s3)nc(C)n2)CC1,,9.749579997691106,9.749579997691106,0.89516276
UPXFBKXBRDBIKU,Cc1nc(Nc2ncc(C(=O)Nc3c(C)cccc3Cl)s2)cc(N2CCN(C(=O)OCCN3CCOCC3)CC2)n1,,9.747146969020108,9.747146969020108,0.9329903
YXCVYRQZUTUYKZ,C/C=C/C(=O)N1CCN(c2cc(Nc3ncc(C(=O)Nc4c(C)cccc4Cl)s3)nc(C)n2)CC1,,9.718966632752272,9.718966632752272,0.8502842
UGRGTNDQCIYUDE,C=CCOC(=O)N1CCC(c2cc(Nc3ncc(C(=O)Nc4c(C)cccc4Cl)s3)nc(C)n2)C1,,9.703334809738468,9.703334809738468,0.93816215
CPUMMWVRFYEEPF,Cc1ccc(C(=O)Nc2ccc(CN3CCN(C)CC3)c(C(F)(F)F)c2)cc1C#Cc1cnc2[nH]ccc2n1,,8.67366413907125,8.67366413907125,0.99952245
UKFPBOHLGQBEBH,Cc1ccc(NC(=O)c2ccnc(C(F)(F)F)c2)cc1C#Cc1cnc2c(Nc3cnn(C)c3)ccnn12,,8.649751981665837,8.649751981665837,0.9552029
FDABGBAPBXQKIV,CNc1nc2cc(C#Cc3cc(C(=O)Nc4ccc(CN5CCN(C)CC5)c(C(F)(F)F)c4)ccc3C)ccn2n1,,8.642065152999546,8.642065152999546,0.9995302
YIUOPZRKRRRSTC,Cc1c(-c2ccn3nc(NC(=O)[C@@H]4C[C@@H]4F)cc3c2)cnc2[nH]ccc12,,8.508638306165727,8.508638306165727,0.9999852
CIKRVGZNQZNXMQ,Cc1c[nH]c2ncc(-c3ccn4nc(NC(=O)[C@@H]5C[C@@H]5F)cc4c3)cc12,,8.602059991327963,8.602059991327963,0.9999701
TWDJVIDAYJLYKW,COCCn1cc(Nc2nccn3c(C#Cc4cc(NC(=O)c5cccc(C(F)(F)F)c5)ccc4C)cnc23)cn1,,8.391277769448672,8.391277769448672,0.975339
JRURCDBDWOYHMU,N#Cc1cccc(Nc2ncc3cc(-c4c(Cl)cccc4Cl)c(=O)oc3n2)c1,,7.977808526463232,7.977808526463232,0.9793522
YOUVLLMMGKHXPM,COCCn1cc(Nc2nccn3c(C#Cc4cc(NC(=O)c5cc(C(C)(C)C)on5)ccc4C)cnc23)cn1,,8.568636235841012,8.568636235841012,0.959194
FHUDMNMPUCFLRX,Cc1c(-c2ccn3nc(NC(=O)[C@@H]4C[C@@H]4F)cc3c2)cnc2[nH]cc(F)c12,,8.537602002101044,8.537602002101044,0.9999323
JLQPVUJUCFSACM,Nc1ccc(-c2cn([C@@H]3CN[C@H](C(=O)Nc4ccc(Cl)c(C(F)(F)F)c4)C3)nn2)cn1,,8.508638306165727,8.508638306165727,0.97885793
OMFCHJDSVYLXIE,C[C@H]1[C@@H](CO)Oc2nc3cc(C(=O)Nc4ccc(OC(F)(F)Cl)cc4)cc(-c4ccn[nH]4)c3n21,,8.498940737782249,8.498940737782249,0.9999913
YZMSPABNYFHEHD,CC(=O)Nc1n[nH]c2cc(-c3cn([C@@H]4CN[C@H](C(=O)Nc5ccc(Cl)cc5Cl)C4)nn3)ccc12,,8.494850021680094,8.494850021680094,0.88562995
SCVOABYBOHRDLK,O=C(Nc1cc2cc(-c3cnc4[nH]cc(Cl)c4c3)ccn2n1)[C@@H]1C[C@@H]1F,,8.494850021680094,8.494850021680094,0.9997004
SXIDXVGGABQPIG,Cc1ccc(C(=O)Nc2ccc(CN3CCN(C)CC3)c(C(F)(F)F)c2)cc1C#Cc1cnc2c(Nc3cnn(C)c3)ccnn12,,8.429005610390107,8.429005610390107,0.99835014
QTVCDMUYWFDBGF,Cc1ccc(NC(=O)c2ccc(CN3CCN(C)CC3)c(C(F)(F)F)c2)cc1C#Cc1cnc2c(Nc3cnn(C)c3)nccn12,,8.470498661961074,8.470498661961074,0.99904746
CBMGZXHASOIHSW,CC(=O)Nc1ccc(-c2cn([C@@H]3CN[C@H](C(=O)Nc4ccc(Cl)c(C(F)(F)F)c4)C3)nn2)cn1,,8.455931955649724,8.455931955649724,0.9516513
VAALVSOKWZKXRF,Cc1ccc(C(=O)Nc2ccc(CN3CCN(C(=O)CCOCCOCCOCCOCCOCCOCCOCCOCCOCCOCCOCCOCCOCCOCCOCCOCCOCCOCCOCCOCCOCCOCCOCCOCCNC(=O)C4CCN(c5ncc(C(=O)Nc6ccc(OC(F)(F)Cl)cc6)cc5-c5ccn[nH]5)CC4)CC3)c(C(F)(F)F)c2)cc1C#Cc1cnc2cccnn12,,,,0.9999721
WZIXOSLCIKUWAH,O=C(Nc1cc2cc(-c3cnc4[nH]c(Cl)cc4c3)ccn2n1)[C@@H]1C[C@@H]1F,,8.443697499232712,8.443697499232712,0.999785
JCNSIZBVFFVTJE,CCCCOC(=O)N1CCN(c2cc(Nc3ncc(C(=O)Nc4c(C)cccc4Cl)s3)nc(C)n2)CC1,,9.69680394257951,9.69680394257951,0.9597344
OWEGQACAHYGLOT,C=CC(=O)N1CCC(Nc2cc(Nc3ncc(C(=O)Nc4c(C)cccc4Cl)s3)nc(C)n2)C1,,9.688246138944246,9.688246138944246,0.98348767
SYZNYVDAHCWNHN,O=C(Nc1cc2cc(-c3cnc4[nH]cc(F)c4c3)ccn2n1)[C@@H]1C[C@@H]1F,,8.443697499232712,8.443697499232712,0.99957246
IUCMEDMSUCVZQN,Cc1ccc(NC(=O)c2cccc(C(F)(F)F)c2)cc1C#Cc1cnc2c(Nc3cnn(C)c3)nccn12,,8.225587331699465,8.225587331699465,0.95357037
UVHMCYBDLLCIAP,Cc1cc2cc(-c3ccn4nc(NC(=O)[C@@H]5C[C@@H]5F)cc4c3)cnc2[nH]1,,8.397940008672037,8.397940008672037,0.99994767
MTEGKTVACNLOJX,Cc1ccc(NC(=O)c2cccc(C(F)(F)F)c2)cc1C#Cc1cnc2c(Nc3cnn(C)c3)ccnn12,,7.81071384471597,7.81071384471597,0.9518866
PHWCXTHGBBBBRV,C[C@@H]1COCc2nc3cc(C(=O)Nc4ccc(OC(F)(F)Cl)cc4)cc(N4CC(O)C4)c3n21,,8.3767507096021,8.3767507096021,0.9921409
ZCWRJICNHZNBPI,O=C(Nc1cc2cc(-c3cnc4[nH]cc(Cl)c4c3Cl)ccn2n1)[C@@H]1C[C@@H]1F,,8.366531544420413,8.366531544420413,0.999912
YTOXAXYCYYWBRD,CC(=O)Nc1nc2ccc(-c3cn([C@@H]4CN[C@H](C(=O)Nc5ccc(Cl)cc5Cl)C4)nn3)nc2s1,,8.318758762624412,8.318758762624412,0.44817317
RKGOHOXKHIGYOL,Cc1ccc(C(=O)Nc2cccc(C(F)(F)F)c2)cc1C#Cc1cnc2c(Nc3cnn(C)c3)ccnn12,,8.104273981379734,8.104273981379734,0.9346552
HALLMSFSGWWZGX,Cc1cn(-c2cc(C(=O)Nc3ccc(C)c(C#Cc4cnc5c(Nc6cnn(C)c6)nccn45)c3)cc(C(F)(F)F)c2)cn1,,8.21061337046067,8.21061337046067,0.9998604
GMRGPROGLVTTBZ,Cc1ccc(C(=O)Nc2ccc(CN3CCN(C)CC3)c(C(F)(F)F)c2)cc1C#Cc1nc(C(C)C)n2ccnc(N)c12,,,8.301029995663981,0.99975973
VCUSIMGPDKHBQQ,CCn1cc(C#Cc2cc(C(=O)Nc3ccc(CN4CCN(C)CC4)c(C(F)(F)F)c3)ccc2C)c2c(N)ncnc21,,,8.301029995663981,0.9977799
IVQQGZRJCZWGPF,CCn1cc(C#Cc2cc(C(=O)Nc3cccc(C(F)(F)F)c3)ccc2C)c2c(N)ncnc21,,,8.301029995663981,0.7771177
CRLGQNCMMSYJDL,Cc1ccc(C(=O)Nc2ccc(CN3CCN(C)CC3)c(C(F)(F)F)c2)cc1C#Cc1nc(C)n2ccnc(N)c12,,,8.301029995663981,0.9996916
VETCWTAKWPRXGM,CCn1cc(C#Cc2cccc(C(=O)Nc3cccc(C(F)(F)F)c3)c2)c2c(N)ncnc21,,,8.301029995663981,0.7032495
KBHKQJGLCNBEQD,CCn1cc(C#Cc2cc(C(=O)Nc3ccc(CN(C)C)c(C(F)(F)F)c3)ccc2C)c2c(N)ncnc21,,,8.301029995663981,0.90498936
NVJKADDNEVLCQL,CCn1cc(C#Cc2cc(C(=O)Nc3cccc(C(F)(F)F)n3)ccc2C)c2c(N)ncnc21,,7.560667306169737,7.930848650916859,0.79357123
LBQIFCMCSHHVFZ,CCc1nc(C#Cc2cc(C(=O)Nc3ccc(CN4CCN(C)CC4)c(C(F)(F)F)c3)ccc2C)c2c(N)nccn12,,,8.301029995663981,0.99969876
BGQDHRQGPWNNRV,CCn1cc(C#Cc2cc(NC(=O)c3cc(-n4cnc(C)c4)cc(C(F)(F)F)c3)ccc2C)c2c(N)ncnc21,,7.560667306169737,7.930848650916859,0.99972934
XSOXPLMEUJTPMW,Cc1ccc(C(=O)Nc2ccc(CN3CCN(C)CC3)c(C(F)(F)F)c2)cc1C#Cc1cn([C@H]2CC[C@H](O)CC2)c2ncnc(N)c12,,,8.301029995663981,0.98818177
XHDWSOXTWYFKAF,CCn1cc(C#Cc2cc(NC(=O)c3ccc(CN4CCN(C)CC4)c(C(F)(F)F)c3)ccc2C)c2c(N)ncnc21,,,8.301029995663981,0.9974813
RHAAPMNNYLTUMP,Cc1ccc(NC(=O)c2ccc(CN3CCN(C)CC3)c(C(F)(F)F)c2)cc1C#Cc1cn(C)c2ncnc(N)c12,,,8.301029995663981,0.9994473
SYTHKOZFKVWCFO,Cc1ccc(NC(=O)c2cccc(C(F)(F)F)c2)cc1Nc1nccc(-c2cccnc2)n1,,7.559593203859604,7.559593203859604,0.88421494
XWFPYAMSCRHQFU,Cc1ccc(NC(=O)c2ccc(CN3CCN(C)CC3)c(C(F)(F)F)c2)cc1C#Cc1cn([C@H]2CC[C@H](O)CC2)c2ncnc(N)c12,,,8.301029995663981,0.98701304
ZIYKGRXBKMXPIF,Cc1ccc(C(=O)Nc2cccc(C(F)(F)F)c2)cc1C#Cc1cn([C@H]2CC[C@H](O)CC2)c2ncnc(N)c12,,7.560667306169737,7.930848650916859,0.931489
PZVWYWLYIMTXHB,Cc1ccc(C(=O)Nc2ccc(C)c(C(F)(F)F)c2)cc1C#Cc1cn([C@H]2CC[C@H](O)CC2)c2ncnc(N)c12,,7.560667306169737,7.930848650916859,0.9861216
ZFACQIIDMQLLPO,Cc1ccc(C(=O)Nc2cccc(C(F)(F)F)c2)cc1C#Cc1cn(C)c2ncnc(N)c12,,,8.301029995663981,0.9172539
MJKPHXLUINVOFS,Cc1cn(-c2cc(NC(=O)c3ccc(C)c(C#Cc4cn(C)c5ncnc(N)c45)c3)cc(C(F)(F)F)c2)cn1,,7.560667306169737,7.930848650916859,0.99969196
JBMBNRRDIVXXLR,Cc1ccc(C(=O)Nc2ccc(CN3CCN(C)CC3)c(C(F)(F)F)c2)cc1C#Cc1cn(C)c2ncnc(N)c12,,,8.301029995663981,0.99958104
HQDWFEUKAIUUKI,CCn1cc(C#Cc2cc(NC(=O)c3cccc(C(F)(F)F)c3)ccc2C)c2c(N)ncnc21,,,8.301029995663981,0.8176612
GFBWOZUFYHGVSX,Cc1ccc(C(=O)Nc2ccc(CN3CCN(C)CC3)c(C(F)(F)F)c2)cc1C#Cc1cn(C(C)C)c2ncnc(N)c12,,,8.301029995663981,0.99929726
GUEFRZZGCQAGLR,O=C(Nc1n[nH]c2cc(-c3cn([C@@H]4CN[C@H](C(=O)Nc5ccc(Br)cc5)C4)nn3)ccc12)C1CC1,,8.259637310505756,8.259637310505756,0.9800292
IYBWNNPPGPAZNB,CC(O)c1cccc(Nc2ncc3cc(-c4c(Cl)cccc4Cl)c(=O)n(C)c3n2)c1,,8.240348575382285,8.240348575382285,0.99923575
ONYASORTFKFDEA,CC(=O)Nc1n[nH]c2cc(-c3cn([C@@H]4CN[C@H](C(=O)Nc5ccc(Br)cc5)C4)nn3)ccc12,,8.229147988357855,8.229147988357855,0.9174842
HTQFCQUXHWQFLM,Cc1ccc(C(=O)Nc2ccc(CN3CCN(C)CC3)c(C(F)(F)F)c2)cc1C#Cc1cn(C)c(-c2ncc(C(F)(F)F)[nH]2)n1,,8.190440285364732,8.190440285364732,0.9998072
MYMBTVRXCNFFNP,Cc1ccc(C(=O)Nc2cccc(C(F)(F)F)c2)cc1C#Cc1cnc2c(Nc3cnn(C)c3)nccn12,,8.086428490457127,8.086428490457127,0.93924546
RUWIDGWSQITTJB,Cc1ccc(C(=O)Nc2ccc(CN3CCN(C)CC3)c(C(F)(F)F)c2)cc1C#Cc1ccc(-c2ncc[nH]2)nc1,,8.166852888087215,8.166852888087215,0.99964535
FVYMRGNWPDZIDO,CC(C)(C)OC(=O)N1C[C@@H](n2cc(-c3ccc4nc(N)sc4n3)nn2)C[C@H]1C(=O)Nc1ccc(Br)cc1,,8.161150909262744,8.161150909262744,0.4922672
JJFYUQKAJYRNHL,CC(=O)Nc1nc2ccc(-c3cn([C@@H]4CN[C@H](C(=O)Nc5ccc(Br)cc5)C4)nn3)nc2s1,,8.154901959985743,8.154901959985743,0.4360914
DMWAXJBYXJFYAH,O=C(Nc1cc2cc(-c3cnc4[nH]cc(F)c4c3Cl)ccn2n1)[C@@H]1C[C@@H]1F,,8.142667503568731,8.142667503568731,0.99959797
PELIWNRKLAFPFO,O=C(Nc1cc2cc(-c3cnc4[nH]ccc4c3Cl)ccn2n1)[C@@H]1C[C@@H]1F,,7.881781757291835,7.881781757291835,0.9998281
BDDFTQKLPQWOLD,COC(=O)N1CCC(c2cc(Nc3ncc(C(=O)Nc4c(C)cccc4Cl)s3)nc(C)n2)C1,,9.63264407897398,9.63264407897398,0.9060258
CJXZIWDVXAJFBP,C=CCOC(=O)N1CCN(c2cc(Nc3ncc(C(=O)Nc4c(C)cccc4Cl)s3)nc(C)n2)CC1,,9.628932137728263,9.628932137728263,0.9174798
KUTDZECNFUUAHC,Cc1nc(Nc2ncc(C(=O)Nc3c(C)cccc3Cl)s2)cc(N2CCN(C(=O)OC(C)C)CC2)n1,,9.61798295742513,9.61798295742513,0.97712576
VDVSFLZBRCBQIQ,CCC(=O)N1CCC(Nc2cc(Nc3ncc(C(=O)Nc4c(C)cccc4Cl)s3)nc(C)n2)C1,,9.614393726401687,9.614393726401687,0.9389919
RRDDKVJWDOIIFN,Cc1nc(Nc2ncc(C(=O)Nc3c(C)cccc3Cl)s2)cc(N2CCN(C(=O)OCCCl)CC2)n1,,9.605548319173783,9.605548319173783,0.94673085
DAAOYHIERMVREX,CCOC(=O)N1CCC(c2cc(Nc3ncc(C(=O)Nc4c(C)cccc4Cl)s3)nc(C)n2)C1,,9.603800652904264,9.603800652904264,0.92046994
CHYCQBZNTKXHMV,Cc1nc(Nc2ncc(C(=O)Nc3c(C)cccc3Cl)s2)cc(N2CCN(C(=O)Oc3ccccc3)CC2)n1,,9.557520230935552,9.557520230935552,0.9663912
REKRJPDVODUIMJ,Cc1ccc(NC(=O)c2cccc(C(F)(F)F)c2)cc1-n1cc(-c2cnc3cccnn23)cn1,,8.070581074285707,8.070581074285707,0.9999871
RCMBBRKIGQGXGS,Nc1n[nH]c2cc(-c3cn([C@@H]4CN[C@H](C(=O)Nc5ccc(Cl)cc5Cl)C4)nn3)ccc12,,8.065501548756432,8.065501548756432,0.95068276
RVVOZOVEPBDKNY,CCN1CCN(c2cc(NC(=O)[C@@H]3C[C@H](n4cc(-c5ccc6c(N)n[nH]c6c5)nn4)CN3)ccc2Cl)CC1,,8.060480747381382,8.060480747381382,0.9942286
RGDCBCQGGRTXNW,COc1c(-c2ccn3nc(NC(=O)[C@@H]4C[C@@H]4F)cc3c2)cnc2[nH]ccc12,,8.045757490560675,8.045757490560675,0.9994784
GUMRJVUMMIRKCX,CC(O)c1cccc(Nc2ncc3cc(-c4cc(N(C)C(=O)c5cccc(C(F)(F)F)c5)ccc4Cl)c(=O)n(C)c3n2)c1,,7.432288957717818,7.432288957717818,0.9957639
HJALCEUIPSPHHD,O=C(Nc1cc2cc(-c3cnc4[nH]ccc4c3Cl)ccn2n1)C1CC1,,8.036212172654444,8.036212172654444,0.999297
QDXRELOFIZDHGS,C=CC(=O)Nc1ccc(-c2cn([C@@H]3CN[C@H](C(=O)Nc4ccc(Cl)c(C(F)(F)F)c4)C3)nn2)cn1,,8.031517051446064,8.031517051446064,0.9456779
RIXBMLAVFFOVIP,Nc1nc2ccc(-c3cn([C@@H]4CN[C@H](C(=O)Nc5ccc(Cl)cc5Cl)C4)nn3)nc2s1,,8.022276394711152,8.022276394711152,0.45903322
NVCUYRFEXYPHRM,Cc1ccc(NC(=O)c2ccc(C)c(C(F)(F)F)c2)cc1C#Cc1cnc2c(Nc3cnn(C)c3)ccnn12,,7.588936891179273,7.588936891179273,0.9871745
ZMPZJDLCPZNNPR,Cc1ccc(C(=O)NC2=CC(Cl)C(CN3CCc4cn[nH]c4C3)C=C2)cc1C#Cc1cnc2cccnn12,,8.003050751504619,7.762964748392478,0.89688057
LSZPYGOJWJOOGU,Cc1ccc2[nH]ccc2c1-c1ccc2nc(NC(=O)[C@@H]3C[C@@H]3F)cn2c1,,,8.0,0.9999813
LHVHGXVPJPMLFB,O=C(Nc1nc2ccc(-c3cn([C@@H]4CN[C@H](C(=O)Nc5ccc(Br)cc5)C4)nn3)nc2s1)C1CC1,,8.0,8.0,0.37816703
YBHIWQAKTBCLQT,Cc1ccc(C(=O)NC2=CC(Cl)C(CN3CC4C=NNC4C3)C=C2)cc1C#Cc1cnc2cccnn12,,7.97469413473523,7.97469413473523,0.9353503
TZFMORRPRSFMTB,Cc1csc(-c2ccc3nc(NC(=O)[C@@H]4C[C@@H]4F)sc3c2)c1,,7.958607314841775,7.958607314841775,0.9958171
AZCFXTPLBWULJY,CC(C)(C)OC(=O)N1C[C@@H](n2cc(-c3ccc4nc(N)sc4n3)nn2)C[C@H]1C(=O)Nc1ccc(Cl)c(C(F)(F)F)c1,,7.958607314841775,7.958607314841775,0.76644486
YFYPWCVYZUWOGM,O=C(Nc1cc2cc(-c3cnc4[nH]ccc4c3F)ccn2n1)[C@@H]1C[C@@H]1F,,7.950781977329818,7.950781977329818,0.9996574
CQCOXFUOMTWNCR,CSc1c(-c2ccn3nc(NC(=O)[C@@H]4C[C@@H]4F)cc3c2)cnc2[nH]ccc12,,7.913640169325252,7.913640169325252,0.99869776
MJZHYLCYHDBDFA,CCc1c(-c2ccn3nc(NC(=O)[C@@H]4C[C@@H]4F)cc3c2)cnc2[nH]ccc12,,7.910094888560602,7.910094888560602,0.9999387
AWIQZKGARNWZPQ,O=C(Nc1cc2cc(-c3cnc4[nH]ccc4c3C3CC3)ccn2n1)[C@@H]1C[C@@H]1F,,7.886056647693163,7.886056647693163,0.9982346
SVYYVGZMWJYFIE,Cc1ccc(C(=O)Nc2ccc(CN3CCN(C(=O)CCCc4cn(CCOCCOCCOCCNc5cccc6c5C(=O)N(C5CCC(=O)NC5=O)C6=O)nn4)CC3)c(C(F)(F)F)c2)cc1C#Cc1cnc2cccnn12,,7.886056647693163,7.886056647693163,0.986935
PERILMWGRKJGPY,Cc1ccncc1-c1cc2sc(NC(=O)[C@@H]3C[C@@H]3F)nc2cc1F,,7.853871964321762,7.853871964321762,0.9886846
QUFCHHSHOLSVOT,Cc1nc(Nc2ncc(C(=O)Nc3ccc(Oc4ccccc4)cc3)s2)cc(N2CCN(CCO)CC2)n1,,7.853871964321762,7.853871964321762,0.996566
BLOQVLVYNHGRHT,CCN(CC)C(=O)c1cncc(-c2cn([C@@H]3CN[C@H](C(=O)Nc4ccc(Cl)c(C(F)(F)F)c4)C3)nn2)c1,,7.853871964321762,7.853871964321762,0.9605542
WHTLLTQCEBVRBM,O=S(=O)(c1ccc(C(F)(F)F)cc1)N1CCN(c2nc(Cl)ncc2Br)CC1,CHEMBL3919290,7.823908740944319,7.823908740944319,0.0022214348
DDRLQMSTWJRCMI,CC(C)(C)OC(=O)N1C[C@@H](n2cc(-c3ccc4nc(N)sc4n3)nn2)C[C@H]1C(=O)Nc1ccc(Cl)cc1Cl,,7.823908740944319,7.823908740944319,0.45539308
VPZGFKSLFAEGRG,Nc1n[nH]c2cc(-c3cn([C@@H]4CN[C@H](C(=O)Nc5ccc(Cl)c(C(F)(F)F)c5)C4)nn3)ccc12,,7.823908740944319,7.823908740944319,0.9992489
QPEWSVDGDKWHMX,Nc1nc2ccc(-c3cn([C@@H]4CN[C@H](C(=O)Nc5ccc(Cl)c(C(F)(F)F)c5)C4)nn3)nc2s1,,7.795880017344075,7.795880017344075,0.9131926
LTQIPTSOJUTHQH,Cc1nc(Nc2ncc(C(=O)Nc3c(C)cccc3Cl)s2)cc(NC2CCN(S(C)(=O)=O)C2)n1,,9.53313237964589,9.53313237964589,0.61611784
PRASXMNGJTZZQL,Cc1ccc(C(=O)NC2=CC(Cl)C(CN3CCN(CCO)CC3)C=C2)cc1C#Cc1cnc2cccnn12,,9.527243550682787,9.527243550682787,0.9436687
NQRWHNMIXKRPES,CC(C)(C)OC(=O)N1C[C@@H](n2cc(-c3ccc4nc(N)sc4n3)nn2)C[C@H]1C(=O)Nc1ccc(F)c(F)c1,,7.769551078621726,7.769551078621726,0.4052775
KODAMADJHOKWQH,O=C(c1ccc(F)cc1)N1CCN(c2nc(Cl)ncc2Br)CC1,CHEMBL3901729,7.721246399047171,7.721246399047171,0.038744286
UPZUOJCELONEIR,O=S(=O)(c1ccc(C(F)(F)F)cc1)N1CCN(c2nc(N3CCOCC3)ncc2Br)CC1,CHEMBL3935473,7.721246399047171,7.721246399047171,0.0008496471
YJQOQJNKFYBZOV,CCc1ccc(C(=O)Nc2ccc(C)c(-n3cc(-c4cnc5cccnn45)cn3)c2)cc1,,7.721246399047171,7.721246399047171,0.9999312
QMWCOMCAODPOMZ,O=C(c1ccc(C(F)(F)F)cc1)N1CCN(c2nc(Cl)ncc2Br)CC1,CHEMBL3955641,7.721246399047171,7.721246399047171,0.05243975
VYYZTVIOEAEGBO,CC(O)c1cccc(Nc2ncc3cc(-c4cc(NC(=O)c5cccc(C(F)(F)F)c5)ccc4Cl)c(=O)n(C)c3n2)c1,,7.636587512304662,7.636587512304662,0.99977964
FAXUBOMVBMGLNX,N#Cc1c(-c2ccn3nc(NC(=O)[C@@H]4C[C@@H]4F)cc3c2)cnc2[nH]ccc12,,7.694648630553377,7.694648630553377,0.99619293
CMNMWFLTLJATDD,O=[N+]([O-])c1cc(C(F)(F)F)ccc1S(=O)(=O)N1CCN(c2nc(N3CCOCC3)ncc2Br)CC1,CHEMBL3929105,7.686132779630847,7.686132779630847,0.00069689343
AZTXEXSCWBYKOB,Cc1ccc(NC(=O)c2cccc(Cl)c2)cc1-n1cc(-c2cnc3cccnn23)cn1,,7.657577319177793,7.657577319177793,0.999912
OHHSWQIUXWNAGL,CC(C)(C)OC(=O)N1C[C@@H](n2cc(-c3ccc4c(N)n[nH]c4c3)nn2)C[C@H]1C(=O)Nc1ccc(Cl)c(C(F)(F)F)c1,,7.657577319177793,7.657577319177793,0.99626416
GMWKFPAOOZLAQE,O=[N+]([O-])c1cc(C(F)(F)F)ccc1S(=O)(=O)N1CCN(c2nc(Cl)ncc2Br)CC1,CHEMBL3953682,7.645891560852599,7.645891560852599,0.0009154838
XPWYQHDVNYIXSF,CC(=O)Nc1nc2ccc(-c3cn([C@@H]4CN[C@H](C(=O)Nc5ccc(Cl)c(C(F)(F)F)c5)C4)nn3)nc2s1,,7.638272163982407,7.638272163982407,0.87386686
MLSMCXWBTQUJBM,O=C(c1ccc(F)cc1)N1CCN(c2nc(N3CCOCC3)ncc2Br)CC1,CHEMBL3902150,7.619788758288394,7.619788758288394,0.02476694
HDRIAIRCCIBMRR,O=C(c1ccc(C(F)(F)F)cc1)N1CCN(c2nc(N3CCOCC3)ncc2Br)CC1,CHEMBL3973189,7.619788758288394,7.619788758288394,0.051195115
TYVQJCSBHJOJCN,O=C(Nc1nc2ccc(-c3cn([C@@H]4CN[C@H](C(=O)Nc5ccc(Cl)c(C(F)(F)F)c5)C4)nn3)nc2s1)C1CC1,,7.6020599913279625,7.6020599913279625,0.84428144
XESOUPPNAWVWAG,Cc1ccc(NC(=O)c2ccc(CN3CCN(C)CC3)cc2)cc1-n1cc(-c2cnc3cccnn23)cn1,,7.585026652029182,7.585026652029182,0.9999826
ZFTWKPRQHPMJAA,Nc1nc2ccc(-c3cn([C@@H]4CN[C@H](C(=O)Nc5ccc(Br)cc5)C4)nn3)nc2s1,,7.568636235841013,7.568636235841013,0.44402334
WMYFOUZFYXBFOE,Cc1ccc(NC(=O)c2ccc(C)c(C(F)(F)F)c2)cc1C#Cc1cn(C2CCCC2)c2ncnc(N)c12,,7.3428030213890185,7.3428030213890185,0.99898714
JSUHFOGRCHWCMK,CCn1cc(C#Cc2cc(C(=O)Nc3cc(-n4cnc(C)c4)cc(C(F)(F)F)c3)ccc2C)c2c(N)ncnc21,,7.560667306169737,7.560667306169737,0.9987312
FJCLDRUNSFNTDV,Cc1cn(-c2cc(NC(=O)c3ccc(C)c(C#Cc4cn(C(C)C)c5ncnc(N)c45)c3)cc(C(F)(F)F)c2)cn1,,7.560667306169737,7.560667306169737,0.9994844
LURVKGWNEOXUGO,Cc1ccc(C(=O)Nc2cccc(C(F)(F)F)c2)cc1C#Cc1cn(C(C)C)c2ncnc(N)c12,,7.560667306169737,7.560667306169737,0.8884675
MSRVDJGBVIHUIX,CCc1nc(C#Cc2cc(C(=O)Nc3cccc(C(F)(F)F)c3)ccc2C)c2c(N)nccn12,,7.3428030213890185,7.3428030213890185,0.93749535
RJEOZKIUSOFSDC,CC(=O)Nc1n[nH]c2cc(-c3cn([C@@H]4CN[C@H](C(=O)Nc5ccc(Cl)c(C(F)(F)F)c5)C4)nn3)ccc12,,7.552841968657781,7.552841968657781,0.99695385
OIMJFVHFGBCRHO,CN(C)CCNC(=O)c1cncc(-c2cn([C@@H]3CN[C@H](C(=O)Nc4ccc(Cl)c(C(F)(F)F)c4)C3)nn2)c1,,7.5376020021010435,7.5376020021010435,0.98720944
OWSMSMNEFKFQBZ,Cc1ccc(NC(=O)c2ccc(CN3CCN(C)CC3)cc2)cc1Nc1nccc(-c2cncc(-c3cc(C(=O)N(C)C)n[nH]3)c2)n1,,7.536107011014093,7.536107011014093,0.9946296
QFKVEVOGGCTCKS,O=C(Nc1nc2ccc(-c3cn([C@@H]4CN[C@H](C(=O)Nc5ccc(F)c(F)c5)C4)nn3)nc2s1)C1CC1,,7.522878745280337,7.522878745280337,0.45200068
WRSQALMYGAXWHY,Cc1ccc(C(=O)Nc2ccc(CN3Cc4ccc(O)cc4C3)c(Cl)c2)cc1C#Cc1cnc2cccnn12,,,7.522878745280337,0.99946564
OJOMKFBUCUYZRW,Cc1cc(-c2cncc(-c3ccnc(Nc4cc(NC(=O)c5ccc(CN6CCN(C)CC6)cc5)ccc4C)n3)c2)on1,,7.519993057042849,7.519993057042849,0.96878976
OHNVZXYTRWSSOT,Cc1ccc(NC(=O)Nc2ccc(Cl)c(C(F)(F)F)c2)cc1C#Cc1cnc2c(Nc3cnn(C)c3)nccn12,,7.493494967595128,7.493494967595128,0.96707815
DUJMHEBMAPADNS,CN1CCN(Cc2cc(NC(=O)c3cccc(C#Cc4cnc5cnccn45)c3)cc(C(F)(F)F)c2)CC1,,7.481486060122112,7.481486060122112,0.5108083
YMHOIAKNPORUIV,Cc1cc(-c2cncc(-c3ccnc(Nc4cc(NC(=O)c5ccc(CN6CCN(C)CC6)cc5)ccc4C)n3)c2)[nH]n1,,7.211254100081387,7.211254100081387,0.98606133
RHWUJWQTWHXYPV,Cc1ccc(NC(=O)c2ccc(CN3CCN(C)CC3)cc2)cc1Nc1nccc(-c2cncc(-c3cn[nH]c3)c2)n1,,7.429457060118103,7.429457060118103,0.96456426
WOCVZZABLJJCQQ,CC(C)n1cnc2cc(C(=O)Nc3ccc(OC(F)(F)Cl)cc3)cc(C3CSC=N3)c21,,9.508638306165727,9.508638306165727,0.9975763
CIQDEABWTSYZQB,O=C(Nc1ccc(OC(F)(F)Cl)cc1)c1cc(-c2ccn[nH]2)c2c(c1)nc1n2[C@H](CF)COC1,,9.494850021680094,9.494850021680094,0.9773613
YNYJXKOBWFTYSQ,Cc1nc(Nc2ncc(C(=O)Nc3ccc(Oc4ccccc4)cc3C)s2)cc(N2CCN(CCO)CC2)n1,,9.494850021680094,9.494850021680094,0.9987344
HPHCSGXKMGGGEX,Cc1ccc(C(=O)Nc2ccc(CN3CCN(C)CC3)c(C(F)(F)F)c2)cc1C#Cc1ccn2nc(N(C)C)nc2c1,,7.404503778174426,7.404503778174426,0.9994578
HXPKYBPDEWUZKU,Cc1ccc(NC(=O)c2ccc(CN3CCN(C)CC3)cc2)cc1Nc1nccc(-c2cncc(-c3cnn(C)c3)c2)n1,,7.3979400086720375,7.3979400086720375,0.98626304
QXLGSVJYRNECIT,Cc1ccc(NC(=O)c2ccc(CN3CCN(C)CC3)cc2)cc1Nc1nccc(-c2cncc(-c3[nH]ncc3C)c2)n1,,7.392544976785332,7.392544976785332,0.99774987
PPMFZQWMHKWFPZ,CC(C)(C)C(=O)Nc1ccc(-c2cn([C@@H]3CN[C@H](C(=O)Nc4ccc(Cl)c(C(F)(F)F)c4)C3)nn2)cn1,,7.376750709602099,7.376750709602099,0.9622821
FZXLZZAXHCHSEG,Nc1n[nH]c2cc(-c3ccc(C(=O)NCCNC(=O)c4ccc(Cl)c(C(F)(F)F)c4)cc3)ccc12,,7.068041311521069,7.068041311521069,0.9996573
HBROJOMCQONOAW,Nc1n[nH]c2cc(-c3cn([C@@H]4CN[C@H](C(=O)Nc5ccc(Br)cc5)C4)nn3)ccc12,,7.356547323513812,7.356547323513812,0.9836506
JXXVUIBYJYNDBA,Cc1ccc(NC(=O)c2ccc(CN3CCN(C)CC3)cc2)cc1Nc1nccc(-c2cncc(-c3ccn[nH]3)c2)n1,,7.3448615651886175,7.3448615651886175,0.9600941
LEPJLENCQXRNFB,CC(C)(C)OC(=O)N1C[C@@H](n2cc(-c3ccc4c(N)n[nH]c4c3)nn2)C[C@H]1C(=O)Nc1ccc(Br)cc1,,7.301029995663981,7.301029995663981,0.9883206
ORTYQHFTTCRJIP,Nc1c(-c2ccn3nc(NC(=O)[C@@H]4C[C@@H]4F)cc3c2)cnc2[nH]ccc12,,7.266000713461613,7.266000713461613,0.99996305
DAOBQQOAWJAJMF,Cc1ccc(C(=O)Nc2ccc(CN3CCN(C)CC3)c(C(F)(F)F)c2)cc1C#Cc1ccc(-c2ncc(C(F)(F)F)[nH]2)nc1,,7.2373214362725635,7.2373214362725635,0.99982125
JZCWLJDSIRUGIN,CNCc1ccc(-c2cc(-c3nc(-c4ccc(S(=O)(=O)C(C)C)cc4)cnc3N)on2)cc1,,7.229147988357855,7.229147988357855,0.006273067
HVFUJLVTNVRIEV,O=C(Nc1ccc(Cl)c(C(F)(F)F)c1)[C@@H]1C[C@H](n2cc(-c3cncc(C(=O)N4CCOCC4)c3)nn2)CN1,,7.221848749616356,7.221848749616356,0.6284281
SYMMGQMCJOZALT,CC(C)(C)OC(=O)N1C[C@@H](n2cc(-c3ccc4c(N)n[nH]c4c3)nn2)C[C@H]1C(=O)Nc1ccc(Cl)cc1Cl,,7.214670164989233,7.214670164989233,0.9653988
OSZVHJYNXBUVAH,COc1cc2nccc(Oc3c(F)cc(NC(=O)NC4CC4)c(Cl)c3F)c2cc1C(N)=O,,7.167491087293763,7.167491087293763,0.9868852
IDMLCHSTWFWJHX,Cc1ccc(NC(=O)c2ccc(C(F)(F)F)cc2)cc1-n1cc(-c2cnc3cccnn23)cn1,,7.130768280269024,7.130768280269024,0.99996495
GKLDJIUKRHJMHG,Cc1ccc(NC(=O)c2ccc(F)cc2)cc1-n1cc(-c2cnc3cccnn23)cn1,,7.0915149811213505,7.0915149811213505,0.9998398
GKCHNAUERABPIP,Cc1ccc(NC(=O)Nc2ccc(Cl)c(C(F)(F)F)c2)cc1C#Cc1cnc2c(Nc3cnn(C)c3)ccnn12,,7.081445469449727,7.081445469449727,0.965309
LCYSSHSIKSARGO,C=CC(=O)N1CCCC[C@H]1n1nc(-c2ccc(Oc3ccccc3)cc2)c2c(N)ncnc21,,7.064996848546345,7.064996848546345,0.06562732
RGUQJUZAJQPBOS,CNC(=O)c1cc(-c2cncc(-c3ccnc(Nc4cc(NC(=O)c5ccc(CN6CCN(C)CC6)cc5)ccc4C)n3)c2)[nH]n1,,7.040481623027001,7.040481623027001,0.99634856
VYPGLYMWNDRFGZ,COc1cc2nccc(Nc3cc(OC)c(OC)c(OC)c3)c2cc1OC,,6.902881625638085,6.902881625638085,0.3085325
SSIBXEVTMOEUFN,CC(C)n1cnc2cc(C(=O)Nc3ccc(OC(F)(F)Cl)cc3)cc(-c3[nH]ncc3F)c21,,9.468521082957745,9.468521082957745,0.9999901
QGLVSYZUEILELT,Cc1ccc(NC(=O)c2ccc(CN3CCN(C)CC3)cc2)cc1Nc1nccc(-c2cncc(-c3ccccn3)c2)n1,,7.020907099361674,7.020907099361674,0.96170604
HZMXKJYWILACJU,Cc1c(-c2ccc3nc(N)c(C(=O)[C@@H]4C[C@@H]4F)n3c2)cnc2[nH]ccc12,,,7.0,0.085053094
RHUQBTBARIAHAA,Nc1nc2ccc(-c3ccnc4[nH]ccc34)cn2c1C(=O)[C@@H]1C[C@@H]1F,,,7.0,0.14442983
VZSOVTDSOYVYSF,COc1cccc(-c2cncc(-c3ccnc(Nc4cc(NC(=O)c5ccc(CN6CCN(C)CC6)cc5)ccc4C)n3)c2)c1,,7.0,7.0,0.9753669
FCCJIRJUDAWXRO,O=C(CNc1ccc(-c2ccc(NC(=O)C3CC3)nc2)cc1)Nc1ccc(CN2CCNCC2)c(C(F)(F)F)c1,CHEMBL3805330,6.83889035263304,6.83889035263304,0.96578205
QIMDSSSUNNRUNC,Cc1c(-c2ccc3nc(N)c(C(=O)[C@@H]4C[C@@H]4F)n3c2)ccc2[nH]ccc12,,,7.0,0.06578214
KYCQURCJDVWJOA,Cc1c(F)cccc1-c1ccc2nc(N)c(C(=O)[C@@H]3C[C@@H]3F)n2c1,,,7.0,0.14619435
QTLFPXLGBULKFI,Nc1nc2ccc(-c3c[nH]c4ccccc34)cn2c1C(=O)[C@@H]1C[C@@H]1F,,,7.0,0.094426215
VLXQNXAMUXAVGD,Nc1nc2ccc(-c3ccc4[nH]ccc4c3)cn2c1C(=O)[C@@H]1C[C@@H]1F,,,7.0,0.01910903
BAWZESLJEVSFRN,C[C@@H](Oc1ccc2[nH]nc(-c3nc4cc(N5CCN(C)CC5)ccc4[nH]3)c2c1)c1c(Cl)cncc1Cl,CHEMBL3827178,,7.0,0.9995474
QNYNULCQERBVSI,Nc1nc2ccc(-c3cc(F)cc4[nH]ccc34)cn2c1C(=O)[C@@H]1C[C@@H]1F,,,7.0,0.3295217
ALTUGCQUDQMJSY,Nc1nc2ccc(-c3cccc4[nH]ccc34)cn2c1C(=O)[C@@H]1C[C@@H]1F,,,7.0,0.056161508
IHVILBXERNRBLM,Cc1c(F)cc2[nH]ccc2c1-c1ccc2nc(N)c(C(=O)[C@@H]3C[C@@H]3F)n2c1,,,7.0,0.49658424
HYPPWDWGZRSMTQ,Cc1ccc(NC(=O)c2ccc(CN3CCN(C)CC3)cc2)cc1Nc1nccc(-c2cncc(-c3cc(C(N)=O)n[nH]3)c2)n1,,6.991399828238082,6.991399828238082,0.99448794
RUPINSRFDWKDBS,COc1ccc(-c2cncc(-c3ccnc(Nc4cc(NC(=O)c5ccc(CN6CCN(C)CC6)cc5)ccc4C)n3)c2)cc1,,6.97061622231479,6.97061622231479,0.6837713
VITWTRRNFRBXSR,Cc1ccc(NC(=O)c2ccc(CN3CCOCC3)cc2)cc1-n1cc(-c2cnc3cccnn23)cn1,,6.962573502059376,6.962573502059376,0.99997175
VIHCLUIQGPQVJO,Cc1ccc(NC(=O)c2ccc(CN3CCN(C)CC3)cc2)cc1Nc1nccc(-c2cncc(-c3cn[nH]c3C)c2)n1,,6.928117992693875,6.928117992693875,0.9976909
ZSQPHGUWLPMJKW,NS(=O)(=O)c1ccc(-c2cc(Nc3ccc(OC(F)(F)F)cc3)ncn2)cc1,CHEMBL1257307,,,0.21573111
DDQYAVSQXTUITB,Nc1nc2ccc(-c3cn([C@@H]4CN[C@H](C(=O)Nc5ccc(F)c(F)c5)C4)nn3)nc2s1,,6.889410289700751,6.889410289700751,0.54839826
VRCBGBBYFHLJRE,C=CC(=O)N1CCC(n2nc(C#Cc3cc(C(=O)Nc4ccc(CN5CCN(C)CC5)c(C(F)(F)F)c4)ccc3C)c3c(N)ncnc32)CC1,CHEMBL3426233,6.876148359032914,6.876148359032914,0.99603635
WHXMNERCRMKGIM,FC(F)(F)Oc1ccc(Nc2cc(-c3cccc4[nH]ccc34)ncn2)cc1,CHEMBL1257898,,,0.8795091
WLUSXUZDBARSRE,CCCCc1cc(NC(=O)c2ccc(C)c(Nc3nccc(-c4ccccc4)n3)c2)cc(-n2cnc(C)c2)c1,,6.847711655616943,6.847711655616943,0.8502073
IMJXOERPCNYXHG,Cc1nn(C)c(C)c1-c1cc(Nc2ccc(OC(F)(F)F)cc2)ncn1,CHEMBL1257780,,,0.9987305
BHKGNMVZQVTRGG,CC(C)c1c(-c2ccn3nc(NC(=O)[C@@H]4C[C@@H]4F)cc3c2)cnc2[nH]ccc12,,6.798602875679548,6.798602875679548,0.99996054
JZILHTVAQVRMBM,CCCn1cc2c(Nc3ccc(OC(F)(F)F)cc3)ncnc2n1,CHEMBL1258812,,,0.7163556
RWJIYVMIMXSSGS,CC(C)(C)n1ncc2c(Nc3ccc(OC(F)(F)F)cc3)ncnc21,CHEMBL1258476,,,0.96673846
YXNPLIXPGORILO,Cc1ccc(NC(=O)c2ccc(CN3CCN(C)CC3)cc2)cc1Nc1nccc(-c2cncc(C3=NN=C(C(=O)C4N=CC=N4)C3)c2)n1,,6.790484985457369,6.790484985457369,0.9670564
RPRCCKYNDFQWHV,Cc1ccc(NC(=O)c2ccc(CN3CCN(C)CC3)cc2)cc1Nc1nccc(-c2cncc(-n3cccn3)c2)n1,,6.790484985457369,6.790484985457369,0.9656068
WJAXVXBCECPBCW,Cc1cccc(-c2cncc(-c3ccnc(Nc4cc(NC(=O)c5ccc(CN6CCN(C)CC6)cc5)ccc4C)n3)c2)c1,,6.777283528852417,6.777283528852417,0.97755265
ROHKFCDNADXUJY,FC(F)(F)Oc1ccc(Nc2cc(-c3ccnc4[nH]ccc34)ncn2)cc1,CHEMBL1258008,,,0.8699246
KSKHYUVIRUJNSQ,Cc1ccc(NC(=O)c2ccc(CN3CCN(C)CC3)cc2)cc1Nc1nccc(-c2cncc(-c3ccccc3)c2)n1,,6.7594507517174005,6.7594507517174005,0.8662016
PJGPXHUOFQXHSM,Cc1ccc(-c2cncc(-c3ccnc(Nc4cc(NC(=O)c5ccc(CN6CCN(C)CC6)cc5)ccc4C)n3)c2)cc1,,6.73754891026957,6.73754891026957,0.7129204
NMGPNPSPONCMOZ,Cc1ccc(NC(=O)c2ccc(CN3CCN(C)CC3)cc2)cc1Nc1nccc(-c2cncc(-c3ncco3)c2)n1,,6.714442690992226,6.714442690992226,0.9879865
XGRIDNQIXZILPG,Cc1ccc(NC(=O)c2ccc(CN3CCN(C)CC3)cc2)cc1Nc1nccc(-c2cncc(-c3ccncc3)c2)n1,,6.698970004336019,6.698970004336019,0.86940104
OOTFJNZUPSBENC,CC(=O)Nc1nc2ccc(-c3cn([C@@H]4CN[C@H](C(=O)Nc5ccc(F)c(F)c5)C4)nn3)nc2s1,,6.694648630553377,6.694648630553377,0.52381265
MAEVHSVRMUAWLW,O=S(=O)(C1CC1)N1CCN(c2nc(N3CCOCC3)ncc2Br)CC1,CHEMBL3898504,6.657577319177793,6.657577319177793,6.747207e-05
CSGQVNMSRKWUSH,COc1cccc(Nc2ncnn3ccc(CN4CC[C@@H](N)[C@H](O)C4)c23)c1,,,6.647817481888637,0.00173759
