skel,smi,chembl,pAct_exact,pAct_any,pred
RGBKABGVUUCMBQ,Cc1ncc(NC(=O)CN2CC(C)(C)C2)cc1NC(=O)c1cnn2cc(-c3ccoc3)sc12,,9.328788659588897,9.328788659588897,0.989916
UEWCYTKIZNGSEP,Cc1ncc(NC(=O)CNC2CCC2)cc1NC(=O)c1cnn2cc(-c3cnn4c3CCC4)sc12,,9.5,9.5,0.9994211
GLCKKHCMYRKBQX,Cc1ncc(NC(=O)CN2CC(C)(C)C2)cc1NC(=O)c1cnn2cc(-c3c[nH]c4ccccc34)sc12,,9.548455006504028,9.548455006504028,0.9963785
FUNHWGQJWNNAKW,Cc1ncc(NC(=O)CN2CC(C)(C)C2)cc1NC(=O)c1cnn2cc(-c3ccsc3)sc12,,9.460409376976187,9.460409376976187,0.9954899
OBJABMIKFUBKEP,Cc1ncc(C(=O)NCCN2CCC3(CCC3)C2)cc1NC(=O)c1cnn2cc(-c3cnn(C)c3)sc12,,8.853871964321762,9.426935982160881,0.9985207
LFJQYBXGSVUKEN,COc1ncccc1-c1cn2ncc(C(=O)Nc3cc(NC(=O)CN4CCC5(CC5)C4)cnc3C)c2s1,,9.577450979992872,9.577450979992872,0.99692625
ABJXMAOIVKNAJF,CCOc1ncccc1-c1cn2ncc(C(=O)Nc3cc(NC(=O)CN4CC(C)(C)C4)cnc3C)c2s1,,9.522878745280337,9.522878745280337,0.98899883
VIMCMIZLXXFJPC,Cc1ncc(NC(=O)CN2CC(C)(C)C2)cc1NC(=O)c1cnn2cc(-c3cccc4c3cnn4C)sc12,,9.5,9.5,0.9962888
XPNRMPCWWVTXNY,Cc1ncc(NC(=O)CN2CC(C)(C)C2)cc1NC(=O)c1cnn2cc(-c3cc[nH]c3)sc12,,9.443028323846582,9.443028323846582,0.98655164
HPRLWOCORQWHFM,Cc1ncc(NC(=O)CCN2CCCC2(C)C)cc1NC(=O)c1cnn2cc(-c3cccc4c3cnn4C)sc12,,9.577450979992872,9.577450979992872,0.9800876
WQALFYABUKYCQH,C[C@H]1CCCN1CCNC(=O)c1ccc(F)c(Nc2nn(C)c3nc(Nc4cnn(C)c4)ncc23)c1,,9.369964306007462,9.369964306007462,0.8380567
YLJZOBNEUWEAJW,Cn1cc(Nc2ncc3c(Nc4cc(C(=O)NCCN5CCC6(CC6)C5)ccc4F)nn(C)c3n2)cn1,,9.372363747448347,9.372363747448347,0.98905075
BQYMDIYQFKJRAY,Cc1ncc(C(=O)CCCN2CCCC[C@H]2C)cc1Nc1nn(C)c2nc(Nc3cnn(C)c3)ncc12,,9.257139286759209,9.257139286759209,0.9025644
BQQFXOAVNVCWPO,CC[C@H]1COCCN1CC(=O)Nc1cnc(C)c(NC(=O)c2cnn3cc(-c4cnn(C)c4)sc23)c1,,8.919315998882514,8.919315998882514,0.9910108
DQFNSJRUKZRIRI,Cc1ncc(C(=O)NCCN2CCC3(CC3)C2)cc1NC(=O)c1cnn2cc(-c3ccccn3)sc12,,9.027758663924915,9.027758663924915,0.9864644
GZFWYRWGUBETFM,Cc1ncc(NC(=O)CN2CCC[C@@H]2C)cc1NC(=O)c1cnn2cc(-c3cnn4c3CCC4)sc12,,9.247425010840047,9.247425010840047,0.99979395
NEAGNZKIOLSNRA,Cc1ncc(NC(=O)CN2CCCCCC2)cc1NC(=O)c1cnn2cc(-c3cnn4c3OCCC4)sc12,,9.18837535480105,9.18837535480105,0.9997615
WJGMPTMQVNQSEL,Cc1ncc(C(=O)NCCN2CCCC23CCC3)cc1NC(=O)c1cnn2cc(-c3cnn4c3CCC4)sc12,,9.397940008672037,9.397940008672037,0.9986791
OMFQLGPPPLXKCT,COc1ncccc1-c1cn2ncc(C(=O)Nc3cc(NC(=O)CN4CC(C)(C)C4)cnc3C)c2s1,,9.27642098432889,9.27642098432889,0.9890127
POLLGVJDVRTBGE,COc1ncccc1-c1cn2ncc(C(=O)Nc3cc(C(=O)NCCN4CCC[C@H]4C)cnc3C)c2s1,,9.27642098432889,9.27642098432889,0.9666413
HDIBWUZZUZKOGL,Cc1ncc(NC(=O)CN2CC(C)(C)C2)cc1NC(=O)c1cnn2cc(-c3ccnc(N4CCOCC4)c3)sc12,,9.1419983281826,9.1419983281826,0.9963335
ULZASKRNYIPNCH,COc1ncccc1-c1cn2ncc(C(=O)Nc3cc(NC(=O)OCC(C)N4CCCC4)cnc3C)c2s1,,9.210108201691595,9.210108201691595,0.96862644
LRLKXWJSVMDUPC,COc1ncccc1-c1cn2ncc(C(=O)Nc3cc(NC(=O)OCCN4CCCC4(C)C)cnc3C)c2s1,,9.1419983281826,9.1419983281826,0.9582502
RJEIJQWGUZKFFJ,Cc1ncc(NC(=O)CN2CCCC2(C)C)cc1Nc1nn(C)c2nc(Nc3cnn(C)c3)ncc12,,9.221848749616356,9.221848749616356,0.94107383
UHKVKUBDTDSLLN,Cc1ncc(NC(=O)CN2CCC3(CC3)C2)cc1NC(=O)c1cnn2cc(-c3cnn4c3COCC4)sc12,,9.234260541478871,9.234260541478871,0.99999356
SYVQGBFGTZNAMW,Cc1ncc(NC(=O)CN2CC(C)(C)C2)cc1NC(=O)c1cnn2cc(-c3cn(C)nc3C)sc12,,9.221848749616356,9.221848749616356,0.9979095
YWHRAYXQOPNLOU,Cc1ncc(NC(=O)OC[C@@H]2CCCN2C)cc1NC(=O)c1cnn2cc(-c3cccc4c3cnn4C)sc12,,9.1419983281826,9.1419983281826,0.99055976
GTMZZTZAWOWRIA,COc1ncccc1-c1cn2ncc(C(=O)Nc3cc(C(=O)NCCN4CC(C)(C)C4)cnc3C)c2s1,,9.261439372640169,9.261439372640169,0.9776985
WVDXRPSACAMOHV,Cc1ncc(NC(=O)CNC2CCCC2)cc1NC(=O)c1cnn2cc(-c3cnn4c3OCCC4)sc12,,9.198970004336019,9.198970004336019,0.9992817
DWWGMJKYTUHGHI,Cc1ncc(NC(=O)CNC2CCCC2)cc1NC(=O)c1cnn2cc(-c3cnn4c3CCC4)sc12,,9.328788659588897,9.328788659588897,0.9994167
NHNSGXJOLDUAPG,COc1ncccc1-c1cn2ncc(C(=O)Nc3cc(NC(=O)OC[C@@H]4CCCN4C)cnc3C)c2s1,,9.221848749616356,9.221848749616356,0.9698986
WRVJJQONQSKWPP,Cn1cc(Nc2ncc3c(Nc4cc(C(=O)NCCN5CCC(F)(F)CC5)ccc4F)nn(C)c3n2)cn1,,9.374789998845554,9.374789998845554,0.7787701
QIXNMKOBZPRMGF,Cn1cc(Nc2ncc3c(Nc4cc(C(=O)NCCN5CCCC5(C)C)ccc4F)nn(C)c3n2)cn1,,9.292513326014591,9.292513326014591,0.93177986
HZBJLBLQXNBGNC,Cc1ncc(NC(=O)CN2CCC23CCC3)cc1NC(=O)c1cnn2cc(-c3ccnc(N4CCOCC4)c3)sc12,,9.27642098432889,9.27642098432889,0.93117034
ATRXMCMKLRXLJE,Cc1ncc(NC(=O)C2CN(C(C)C)C2)cc1NC(=O)c1cnn2cc(-c3cn(C)nc3C)sc12,,9.032750774378215,9.032750774378215,0.98642796
WVWKBCPJHILINI,Cc1ncc(C(=O)NCCN2CC(C)(C)C2)cc1NC(=O)c1cnn2cc(-c3cnn4c3CCC4)sc12,,9.247425010840047,9.247425010840047,0.9990269
NYRKSPZLEAZTPG,Cc1ncc(C(=O)NCCN2CC3CCC2CC3)cc1NC(=O)c1cnn2cc(-c3cnn(C4CC4)c3)sc12,,9.168621084159213,9.168621084159213,0.999323
LTKWGRWKEQSWBK,CC[C@H]1CN(CC(=O)Nc2cnc(C)c(NC(=O)c3cnn4cc(-c5cccnc5OC)sc34)c2)CCO1,,9.292513326014591,9.292513326014591,0.9931058
URVPFWYMTNHEMU,Cc1ncc(NC(=O)CN2C[C@H](C)O[C@@H](C)C2)cc1NC(=O)c1cnn2cc(-c3cnn(C4CC4)c3)sc12,,8.748786440007784,8.748786440007784,0.99990153
QYLKTRIWQBILAN,Cc1cc(C(=O)NCCN2CC3COCC3C2)sc1Nc1nn(C)c2nc(Nc3cnn(C)c3)ncc12,,8.603034996613658,8.603034996613658,0.8022426
JNUDOFLVZPRGCN,Cc1ncc(C(=O)NCCN(C)C2CCOCC2)cc1Nc1nn(C)c2nc(Nc3cncnc3)ncc12,,8.602512127974434,8.602512127974434,0.5921123
FQFULLGWBLSUOS,Cc1cc(C(=O)NCCN2CCC[C@@H]2C)sc1Nc1nn(C)c2nc(Nc3cnn(C)c3)ncc12,,8.60015745454545,8.60015745454545,0.34063333
YUNDHHVOWSGWSM,Cc1ncc(C(=O)NCCN2CCC(F)(F)CC2)cc1Nc1nn(C)c2nc(Nc3cncnc3)ncc12,,8.834286351739628,8.834286351739628,0.7710054
MYSFHXDBVUVQBN,Cc1ncc(C(=O)NCCN2CCCC[C@@H]2C)cc1Nc1nn(C)c2nc(Nc3cncnc3)ncc12,,8.721607608846487,8.721607608846487,0.7975448
NKFDHXHOXXURFC,CC(=O)Nc1cncc(Nc2ncc3c(Nc4cc(C(=O)NCCN5CCCC5(C)C)cnc4C)nn(C)c3n2)c1,,8.704802026407993,8.704802026407993,0.8132536
JFUIGPDLBYXUOO,Cc1ncc(C(=O)NCCN2CCC[C@@H]2C)cc1Nc1nn(C)c2nc(Nc3cncnc3)ncc12,,8.667491087293763,8.667491087293763,0.8059535
YGVVOAWQFRGJKG,Cc1ncc(C(=O)NCCN2CCCC2(C)C)cc1Nc1nn(C)c2nc(Nc3ccc(=O)[nH]c3)ncc12,,8.747696614679022,8.747696614679022,0.9954703
YQOUEMDQSFXZLK,Cc1ncc(C(=O)NCCN2C[C@H](C)O[C@@H](C)C2)cc1Nc1nn(C)c2nc(Nc3cnn(C)c3)ncc12,,8.768950809432422,8.768950809432422,0.96938276
IYWXIGYKAPFSSU,Cc1ncc(NC(=O)CN2CC(C)(C)C2)cc1NC(=O)c1cnn2cc(-c3cnn(CC#N)c3)sc12,,8.554789490599543,8.554789490599543,0.9950837
GNBWSJPDFWHXCJ,Cc1ncc(C(=O)NCCN2CCC3(CC3)C2)cc1NC(=O)c1cnn2cc(-c3cccnc3)sc12,,8.410224104417406,8.410224104417406,0.99210244
LGDPANUYHKAVDR,Cc1ncc(NC(=O)CN2CCCCC23COC3)cc1NC(=O)c1cnn2cc(-c3cnn(C)c3)sc12,,8.667679012221937,8.667679012221937,0.9769344
NPHIIGNDTXJEBR,Cc1ncc(C(=O)NCCN2CCCC2)cc1NC(=O)c1cnn2cc(-c3cnn(CCC(O)CO)c3)sc12,,8.468709007885918,8.468709007885918,0.9798707
LNFGUYPPLUOFLB,COC1CN(CC(=O)Nc2cnc(C)c(NC(=O)c3cnn4cc(-c5cn(C)nc5C)sc34)c2)C1,,8.430217866912075,8.430217866912075,0.9994087
FABUASFIDHUSGJ,COCCn1cc(-c2cn3ncc(C(=O)Nc4cc(NC(=O)CCN5CCCC5C(C)C)cnc4C)c3s2)cn1,,8.556754637413759,8.556754637413759,0.9808498
AYBOWQCHKIUJGU,COCCn1cc(-c2cn3ncc(C(=O)Nc4cc(NC(=O)CCC5CCCN5C)cnc4C)c3s2)cn1,,8.485105264584073,8.485105264584073,0.9777654
CDSFTGGEFPPKHT,Cc1ncc(NC(=O)CN2CCC3(CCCO3)C2)cc1NC(=O)c1cnn2cc(-c3cnn(C)c3)sc12,,8.699513552156626,8.699513552156626,0.99638426
DWSBWZAHIIUXQW,CC[C@@H]1CN(CC(=O)Nc2cnc(C)c(NC(=O)c3cnn4cc(-c5cnn(C)c5)sc34)c2)CCO1,,8.869964306007462,8.869964306007462,0.9965681
LVHQUCXSKAHNDL,Cc1ncc(NC(=O)CN2CCCC23COC3)cc1NC(=O)c1cnn2cc(-c3cnn(C)c3)sc12,,8.620544053801012,8.620544053801012,0.96514434
INUFMTIQMSTBNB,Cc1ncc(C(=O)NCCN2CCCC23CC3)cc1NC(=O)c1cnn2cc(-c3cnn(C)c3)sc12,,8.547102059816066,8.547102059816066,0.978629
AYESLGCUUOASTJ,COc1cc(-c2cn3ncc(C(=O)Nc4cc(NC(=O)CN5CC(C)(C)C5)cnc4C)c3s2)c(OC)nn1,,8.723665891943902,8.723665891943902,0.99347574
WKIHYYXBZMKSFS,Cc1ncc(NC(=O)CN2CCCC3(COC3)C2)cc1NC(=O)c1cnn2cc(-c3cnn(C)c3)sc12,,8.7508447231052,8.7508447231052,0.9986076
LXIXBBJMAPJISB,Cc1ncc(NC(=O)CN2CC(C)(C)C2)cc1NC(=O)c1cnn2cc(-c3cnn(C)c3)sc12,,8.610201754371086,8.610201754371086,0.9929096
URKQWHXBODKCSG,Cc1ncc(NC(=O)CN2CCc3ccncc3C2)cc1NC(=O)c1cnn2cc(-c3cnn(C)c3)sc12,,9.020479303839453,9.020479303839453,0.9970356
AXHBQJJVWDLQNV,Cc1ncc(NC(=O)CCC2CCCN2C)cc1NC(=O)c1cnn2cc(-c3cnn(C)c3)sc12,,8.48940535046503,8.48940535046503,0.97497386
NFVDUSPFWXFFRV,Cc1ncc(NC(=O)CN2CCCC2(C)C)cc1NC(=O)c1cnn2cc(-c3cccn(CCF)c3=O)sc12,,8.597930283832325,8.597930283832325,0.9896367
DIGMVRXRNXIXQT,Cc1ncc(NC(=O)C[C@@H]2CCCN2C(C)C)cc1NC(=O)c1cnn2cc(-c3cccnc3O)sc12,,8.482285130907727,8.482285130907727,0.9654066
NRCVSLAROLRIGS,Cc1ncc(NC(=O)CN2CCC3(CCOC3)C2)cc1NC(=O)c1cnn2cc(-c3cnn(C)c3)sc12,,8.765826334793921,8.765826334793921,0.99801457
XXFMSLHZMYJYPW,Cc1ncc(C(=O)NCCN2CCCC2(C)C)cc1Nc1nn(C)c2nc(Nc3cncnc3)ncc12,,8.77642098432889,8.77642098432889,0.9019926
NWNLRKWTLBJDDN,Cc1ncc(NC(=O)CN2CCC3(CC3)C2)cc1NC(=O)c1cnn2cc(-c3cnn(CCO)c3)sc12,,8.70726963524575,8.70726963524575,0.99864656
ZAEYCTQNZFQPAI,Cc1ncc(NC(=O)CN(C)C2CCOCC2)cc1NC(=O)c1cnn2cc(-c3cnn(C(F)F)c3)sc12,,8.512284095745368,8.512284095745368,0.98366505
CYBUZDCTGGLXFS,Cc1ncc(NC(=O)CN(C)C2CCOCC2)cc1NC(=O)c1cnn2cc(-c3cnn(C(C)C#N)c3)sc12,,8.610201754371086,8.610201754371086,0.9959928
OKIATBOMPSKGLM,Cc1ncc(NC(=O)CN2CC(C)(C)C2)cc1NC(=O)c1cnn2cc(-c3c(C)nn(C4COC4)c3C)sc12,,8.661196523639752,8.661196523639752,0.9996413
PLPFRGXXOGRVHJ,Cc1ncc(NC(=O)CN2CCCC[C@H]2C)cc1NC(=O)c1cnn2cc(-c3cnn(CCO)c3)sc12,,8.400534065033895,8.400534065033895,0.9969848
SZDXNUNXOIPCCY,COCCn1cc(-c2cn3ncc(C(=O)Nc4cc(C(=O)NCCN5CC(C)(C)C5)cnc4C)c3s2)cn1,,8.505943579865825,8.505943579865825,0.9926785
XWWKLSRTSZABAV,COCCn1cc(Nc2ncc3c(Nc4cc(C(=O)NCCN5CCCC5(C)C)cnc4C)nn(C)c3n2)cn1,,8.748649912344717,8.748649912344717,0.71214586
JMGCDJNFHYFXDK,Nc1nccc(COc2cc(Cl)c3nc(N[C@@H]4CCCC[C@H]4O)sc3c2)c1Cl,,5.385735712641295,4.9543072289608165,0.27900088
GQRSPKROPVSPLH,Cc1ncc(C(=O)NCCC2CCCCC2)cc1Nc1nn(C)c2nc(Nc3ccc(CC(=O)O)cc3)ncc12,,8.869487583003801,8.869487583003801,0.88932955
YVKDKYFODCSEDI,Cc1ncc(C(=O)NCCC2CCCCC2)cc1Nc1nn(C)c2nc(Nc3ccnc(N4CCN(CCO)CC4)c3)ncc12,,8.761222333900509,8.761222333900509,0.9798085
PFBDKESSUYVZCR,Cc1ncc(C(=O)NCCC2CCCCC2)cc1Nc1nn(C)c2nc(Nc3ccc(N4CCNCC4)nc3)ncc12,,8.752922702990778,8.752922702990778,0.9895788
QFXMHVRSFMYVSQ,COC(=O)C1(c2cccc(Nc3ncc4c(Nc5cc(C(=O)NCCN6CCCC6(C)C)cnc5C)nn(C)c4n3)c2)CC1,,8.644729776033351,8.644729776033351,0.8585815
OTFQYGQOSGENME,Cc1ncc(NC(=O)CN2CC(C)(C)C2)cc1NC(=O)c1cnn2cc(-c3c(C)noc3C)sc12,,8.505275091166654,8.505275091166654,0.98324734
KIEXYZWDHFLBMF,Cc1ncc(NC(=O)CN2CC(C)(C)C2)cc1NC(=O)c1cnn2cc(-c3cnn(C(F)F)c3)sc12,,8.42943195493963,8.42943195493963,0.9833294
DXPVDTBCSZZBDD,Cc1ncc(NC(=O)CN2CCC[C@H]2C)cc1NC(=O)c1cnn2cc(-c3cnn(C)c3)sc12,,8.488785814407256,8.488785814407256,0.99364215
UTCHJYQARYGRJA,COc1ccncc1-c1cn2ncc(C(=O)Nc3cc(NC(=O)CN4C[C@H](C)O[C@@H](C)C4)cnc3C)c2s1,,8.703356966489771,8.703356966489771,0.998611
VZPGVYDGSQFULC,COCC1CCCN1CC(=O)Nc1cnc(C)c(NC(=O)c2cnn3cc(-c4cnn(C)c4)sc23)c1,,8.529741757533717,8.529741757533717,0.9910471
ZORDRICYIVWNFN,CC(=O)Nc1cncc(-c2cn3ncc(C(=O)Nc4cc(C(=O)NCCN5CC6CCC5CC6)cnc4C)c3s2)c1,,8.6290304611354,8.6290304611354,0.99364483
WMUYSSAWMXVTMX,COCCn1nc(C)c(-c2cn3ncc(C(=O)Nc4cc(NC(=O)CCN5CCC6(CC6)C5)cnc4C)c3s2)c1C,,8.581205780882243,8.581205780882243,0.9992465
KPHOGEZTEFHQSE,Cc1ncc(NC(=O)CN2C[C@@H](CO)OC(C)(C)C2)cc1NC(=O)c1cnn2cc(-c3cnn(C)c3)sc12,,8.674360993000928,8.674360993000928,0.99735045
VFXWNZQBFPRPSG,Cc1ncc(NC(=O)CN2C[C@@H](CO)O[C@@H](C)C2)cc1NC(=O)c1cnn2cc(-c3cnn(C)c3)sc12,,8.544154920623068,8.544154920623068,0.9983078
HYYYRPYLIGSMOA,COc1ncccc1-c1cn2ncc(C(=O)Nc3cc(NC(=O)CN4CCC4)cnc3C)c2s1,,8.376258869661473,8.376258869661473,0.98847115
KRTBTLKKBRBPRX,Cc1ncc(NC(=O)CN2CCc3scnc3C2)cc1NC(=O)c1cnn2cc(-c3cnn(C)c3)sc12,,8.503502450784328,8.503502450784328,0.99974436
RUUMKXMDWPJGCL,COCCn1cc(-c2cn3ncc(C(=O)Nc4cc(NC(=O)C[C@@H]5CCCN5C(C)C)cnc4C)c3s2)cn1,,8.445042068488103,8.445042068488103,0.9926918
BCUASRIPECYWTD,COCCn1cc(-c2cn3ncc(C(=O)Nc4cc(NC(=O)CN5CC[C@@H](C)C5)cnc4C)c3s2)cn1,,8.544154920623068,8.544154920623068,0.99739504
MJCFUEDFMCIISD,Cc1ncc(C(=O)NCCN2CCCC2(C)C)cc1Nc1nn(C)c2nc(Nc3cncc(C(N)=O)c3)ncc12,,8.638683038733094,8.638683038733094,0.6948066
BWOKDCFOTRDRPS,COCCn1cc(-c2cn3ncc(C(=O)Nc4cc(NC(=O)CN5CCC[C@@H]5C)cnc4C)c3s2)cn1,,8.557319389984244,8.557319389984244,0.9963492
BWQQDZGOWFFYHY,Cc1ncc(NC(=O)CN2C[C@H](C)O[C@@H](C)C2)cc1NC(=O)c1cnn2cc(-c3cnn(C)c3)sc12,,9.309894379144197,9.309894379144197,0.99824846
USVFCVANPWHBJS,Cc1ncc(NC(=O)CN2CCOCC2(C)C)cc1NC(=O)c1cnn2cc(-c3cnn(C)c3)sc12,,8.594212497064703,8.594212497064703,0.9795583
QZGORIASNWLHDX,COC(=O)C(C)(C)c1cccc(Nc2ncc3c(Nc4cc(C(=O)NCCN5CCCC5(C)C)cnc4C)nn(C)c3n2)c1,,8.700659450546418,8.700659450546418,0.9323654
UHZGSGRLSICTSJ,Cc1cc(C(=O)NCCN2CCCOCC2)sc1Nc1nn(C)c2nc(Nc3cnn(C)c3)ncc12,,8.499068268653739,8.499068268653739,0.120281845
KEMGWYRPIVFLCE,Cn1nc(Nc2cc(C(=O)NCCN3CCCC3(C)C)ccc2F)c2cnc(Nc3cncnc3)nc21,,8.55311911897103,8.55311911897103,0.65397096
VGVKYBHOVCCQFA,Cc1ncc(C(=O)NCCN2C[C@H](C)O[C@@H](C)C2)cc1Nc1nn(C)c2nc(Nc3cncnc3)ncc12,,8.548237967764369,8.548237967764369,0.8907396
NJLPZNCMJGAVRO,Cc1ncc(C(=O)NCCN2[C@H](C)CCC[C@@H]2C)cc1Nc1nn(C)c2nc(Nc3cncnc3)ncc12,,8.560595533820397,8.560595533820397,0.80229825
PEVPDXLANKUEOV,Cc1ncc(C(=O)NCCN2CC(C)(C)C2)cc1NC(=O)c1cnn2cc(-c3cccnc3)sc12,,8.2669370647909,8.2669370647909,0.97806156
QMUFZCWXOBIBBD,Cc1ncc(NC(=O)CN2CCOCC23CC3)cc1NC(=O)c1cnn2cc(-c3cnn(C)c3)sc12,,8.414136773173384,8.414136773173384,0.9455524
IOEABLZYKYXGTJ,Cc1ncc(NC(=O)CN2CCC[C@@H]2C)cc1NC(=O)c1cnn2cc(-c3cnn(CCO)c3)sc12,,8.504165496310026,8.504165496310026,0.9970958
LJOZJMHGVDZIEU,Cc1ncc(NC(=O)CN2CC(C)(C)C2)cc1NC(=O)c1cnn2cc(-c3cnn(CC(N)=O)c3)sc12,,8.454518461702135,8.454518461702135,0.98925155
HXOXPTCDFQUNAC,COCCn1cc(-c2cn3ncc(C(=O)Nc4cc(NC(=O)CCN5CC(C)(C)C5)cnc4C)c3s2)cn1,,8.290932250787383,8.290932250787383,0.9734318
DBLFGYMXMKKOFH,COCCN(CCNC(=O)c1cnc(C)c(NC(=O)c2cnn3cc(-c4cnn(C)c4)sc23)c1)CCOC,,8.391653200415123,8.391653200415123,0.98482496
KEIISEMCEBDAFV,Cc1ncc(NC(=O)CN2Cc3ncsc3C2)cc1NC(=O)c1cnn2cc(-c3cnn(C)c3)sc12,,8.548183741957882,8.548183741957882,0.99980503
JPSWGGSQCYQOTK,CCc1ncccc1-c1cn2ncc(C(=O)Nc3cc(NC(=O)CN4CC(C)(C)C4)cnc3C)c2s1,,8.390469833775569,8.390469833775569,0.9984456
GSZFEVQHOLXFAM,CCN(CC)CCCCNc1ncc2cc(-c3c(Cl)cccc3Cl)c(N)nc2n1,,,,0.007132054
ZGAIQKMSOMVUIS,CN(C)CCCNc1ncc2cc(-c3c(Cl)cccc3Cl)c(N)nc2n1,,,,0.009027755
OYWFWQBUOPFTNQ,CN(C)CCCN(C)c1ncc2cc(-c3c(Cl)cccc3Cl)c(N)nc2n1,,,,0.0143206315
NIWMAVIWPDWZBX,CN(C)CC(C)(C)CNc1ncc2cc(-c3c(Cl)cccc3Cl)c(N)nc2n1,,,,0.027962763
QWSXYDHQEJLBGK,Nc1nc2nc(NCCCN3CCOCC3)ncc2cc1-c1c(Cl)cccc1Cl,,,,0.0075733266
WSSJKHLJMUNFKY,CC1CCCCN1CCCNc1ncc2cc(-c3c(Cl)cccc3Cl)c(N)nc2n1,,,,0.023156442
WLWCBZRYDSFGTG,CCN(CC)CCNc1ncc2cc(-c3c(Cl)cccc3Cl)c(N)nc2n1,,,,0.008895584
UKNJCSLSBCLQMO,CN1CCN(CCCCNc2ncc3cc(-c4c(Cl)cccc4Cl)c(N)nc3n2)CC1,,,,0.028097712
FWYMISSETOHXDI,Cc1ncc(C(=O)NCCN2CCCC2)cc1NC(=O)c1cnn2cc(-c3cn(C)nc3C(F)(F)F)sc12,,8.358688943560969,8.358688943560969,0.9866894
ZWXWMDDASILELT,Cc1ncc(NC(=O)CN2CCOCC23CCC3)cc1NC(=O)c1cnn2cc(-c3cnn(C)c3)sc12,,8.644941317444092,8.644941317444092,0.9526015
DNBYEEDTWQIFAQ,Cc1ncc(NC(=O)CN(C)C2CCOCC2)cc1NC(=O)c1cnn2cc(-c3cnn(CS(C)(=O)=O)c3)sc12,,8.619788758288394,8.619788758288394,0.997072
UBSHEAPAWFDYJM,Cc1ncc(C(=O)NCCN2CCCC2(C)C)cc1NC(=O)c1cnn2cc(-c3cnn(CCC(O)CO)c3)sc12,,8.5972495709208,8.5972495709208,0.99550015
LRNJDSRLFXASRX,CC[C@@H]1CN(CCNC(=O)c2cnc(C)c(Nc3nn(C)c4nc(Nc5ccnc(N6CCC(CCO)CC6)c5)ncc34)c2)CCO1,,8.597181616847031,8.597181616847031,0.9685458
WOLQJMWYUJKKAP,Cc1ncc(C(=O)NCCN2CCCC23CC3)cc1Nc1nn(C)c2nc(Nc3cncnc3)ncc12,,8.632520119363777,8.632520119363777,0.9638603
FKMBDFMQICDHAE,Cc1ccc(-c2cn3ncc(C(=O)Nc4cc(C(=O)NCCN5CCCC5(C)C)cnc4C)c3s2)cn1,,8.926935982160881,8.926935982160881,0.989389
WRLNQXYTNCTHQG,Cc1ncc(C(=O)NCCN2CCCC23COC3)cc1NC(=O)c1cnn2cc(-c3c(C)nn(C)c3C)sc12,,8.580575454631372,8.580575454631372,0.9954587
GEXMSWHQNDVGMW,Cc1ncc(NC(=O)CN2C[C@H](C)O[C@@H](C)C2)cc1NC(=O)c1cnn2cc(-c3ccc[nH]c3=O)sc12,,8.49783931310868,8.49783931310868,0.9952436
UWSFTVYJZIOBDI,Cc1ncc(NC(=O)CN2CC3CC(C2)O3)cc1NC(=O)c1cnn2cc(-c3cnn(C)c3)sc12,,8.254319153082864,8.254319153082864,0.9979024
GPBJHOBBGWSJJL,Cc1ncc(NC(=O)CN2CCOC(C)(C)C2)cc1NC(=O)c1cnn2cc(-c3cnn(C)c3)sc12,,8.622062572163754,8.622062572163754,0.9961201
BXDDMURNJAXWDS,Cc1ncc(C(=O)NCCN2CC(C)(C)C2)cc1NC(=O)c1cnn2cc(-c3ccncc3)sc12,,8.202251889087213,8.202251889087213,0.9768325
DEXLTAUZLJPLCP,COc1ncccc1-c1cn2ncc(C(=O)Nc3cc(NC(=O)CN4CCCC5(CC5)C4)cnc3C)c2s1,,9.34948500216801,9.34948500216801,0.9973532
CQCGEEBBQHYINQ,Cc1ncc(NC(=O)CN2CCc3cccnc3C2)cc1NC(=O)c1cnn2cc(-c3cnn(C)c3)sc12,,8.368774455134785,8.368774455134785,0.9968516
BBWSJTGOHGIPGB,Cc1ncc(NC(=O)CN2CCc3ncsc3C2)cc1NC(=O)c1cnn2cc(-c3cnn(C)c3)sc12,,8.451544993495972,8.451544993495972,0.9996171
DZBKDTXCXLTVPO,COCCn1nc(C)c(-c2cn3ncc(C(=O)Nc4cc(NC(=O)CCN5CC6CCC(C5)O6)cnc4C)c3s2)c1C,,8.943028323846582,8.943028323846582,0.9986218
FCRJVOAQQHUOBX,Cc1ncc(NC(=O)CN2CCOC[C@@H]2C)cc1NC(=O)c1cnn2cc(-c3cnn(C)c3)sc12,,8.426935982160881,8.426935982160881,0.9922306
OFGQSTDRHAHRIV,CNC(=O)c1cc(-c2cn3ncc(C(=O)Nc4cc(NC(=O)CN5CC(C)(C)C5)cnc4C)c3s2)ccn1,,8.334793113325404,8.334793113325404,0.9954281
ZHEXXVKYXJHEJL,Cc1ncc(NC(=O)CN2CCc3c(cnn3C)C2)cc1NC(=O)c1cnn2cc(-c3cnn(C)c3)sc12,,8.483288122256525,8.483288122256525,0.99999166
MBIFIHFPAPQRON,COCC1CN(CC(=O)Nc2cnc(C)c(NC(=O)c3cnn4cc(-c5cnn(C)c5)sc34)c2)CC(C)(C)O1,,8.55395269865476,8.55395269865476,0.99701154
LBWYJTKSHSASAO,Cc1ncc(C(=O)NCCN(C(C)C)C(C)C)cc1Nc1nn(C)c2nc(Nc3cncnc3)ncc12,,8.500021715809904,8.500021715809904,0.65662736
ZTOOTJYDWMYTQK,Cc1cc(C(=O)NCCN2CCCC2(C)C)sc1Nc1nn(C)c2nc(Nc3cncnc3)ncc12,,8.12399114989049,8.12399114989049,0.5915333
YNQDRHUKLUHHMG,Cc1ncc(C(=O)NCCN2Cc3ncsc3C2)cc1NC(=O)c1cnn2cc(-c3cnn(C)c3)sc12,,8.19875296559636,8.19875296559636,0.9995509
WIFCYRQYOOBJKX,Cc1ncc(NC(=O)CN2C[C@@H](C)O[C@H](C)C2)cc1NC(=O)c1cnn2cc(-c3cnn(CCS(C)(=O)=O)c3)sc12,,8.49740974374811,8.49740974374811,0.99804795
BDIQZXBXALJAKM,COc1ncccc1-c1cn2ncc(C(=O)Nc3cc(NC(=O)CN4CCCC4(C)C)cnc3C)c2s1,,9.328788659588897,9.328788659588897,0.97050416
QVXSYTBDMGHBIY,COc1cnccc1-c1cn2ncc(C(=O)Nc3cc(NC(=O)CN4CC(C)(C)C4)cnc3C)c2s1,,9.328788659588897,9.328788659588897,0.99220556
RQKKUFGQPYDJDM,Cc1ncc(NC(=O)OC2CN(C(C)(C)C)C2)cc1NC(=O)c1cnn2cc(-c3cnn(C)c3)sc12,,8.116347841273363,8.116347841273363,0.9955959
NZQONNWVPUVRNB,COC1CCN(CCNC(=O)c2cc(C)c(Nc3nn(C)c4nc(Nc5cnn(C)c5)ncc34)s2)CC1,,8.163794042584684,8.163794042584684,0.2341059
PJDLLJOHWLYFAV,Cc1ncc(NC(=O)CN(C)C2CCOCC2)cc1NC(=O)c1cnn2cc(-c3cnn(CC(N)=O)c3)sc12,,8.41369853439507,8.41369853439507,0.9789073
KGMANYVVIAECFN,COc1cccc(-c2cn3ncc(C(=O)Nc4cc(NC(=O)CN5CC(C)(C)C5)cnc4C)c3s2)n1,,9.309894379144197,9.309894379144197,0.9841218
UYZACLJQKVIWHG,Cc1ncc(C(=O)NCCN2CCCCC23CC3)cc1Nc1nn(C)c2nc(Nc3cnn(C)c3)ncc12,,9.221848749616356,9.221848749616356,0.9918256
WMDLJSSFQZCSJM,Cc1ncc(NC(=O)CC23CCCN2CCC3)cc1NC(=O)c1cnn2cc(-c3cnn(C)c3)sc12,,8.067033665903407,8.067033665903407,0.95006907
LKQGOYHLBIOWGV,Cc1ncc(NC(=O)CN2CCC[C@@H]2C)cc1Nc1nn(C)c2nc(Nc3ccnn3C)ncc12,,8.426316446103106,8.426316446103106,0.9800174
HLCMIKFSWBSDBP,Cc1ncc(C(=O)NCCN2CCCC2(C)C)cc1Nc1nn(C)c2nc(Nc3cncc(CC(=O)O)c3)ncc12,,8.48636597876669,8.48636597876669,0.5880512
HOSZDHBRGDDQSK,Cc1ncc(C(=O)NCCN2CCCC2(C)C)cc1Nc1nn(C)c2nc(Nc3cnn(C)n3)ncc12,,8.399848408509207,8.399848408509207,0.9554811
HIJUWVIGIYIKQV,Cc1ncc(C(=O)NCCN2CCCC2(C)C)cc1Nc1nn(C)c2cc(Nc3cnn(C)c3)ncc12,,8.105675458699816,8.105675458699816,0.92022496
CAPGMXZGUSAAJM,Cc1ncc(C(=O)NCCN2C3CCC2CC3)cc1Nc1nn(C)c2nc(Nc3cnn(C)c3)ncc12,,9.235541649861172,9.235541649861172,0.9783487
UDJIKHRZMGWXFN,Cc1ncc(C(=O)NCCN2CC3CCC2C3)cc1NC(=O)c1cnn2cc(-c3cn(C)nc3C)sc12,,9.20446769648675,9.20446769648675,0.99808395
XBQXPGAJLFCGEX,Cc1ncc(NC(=O)CN2C[C@H](C)O[C@@H](C)C2)cc1NC(=O)c1cnn2cc(-c3c(C)n[nH]c3C)sc12,,8.520479303839453,8.520479303839453,0.9999789
MIKAKGSGYHFPRE,Cc1ncc(C(=O)NCCN2CCCC2(C)C)cc1NC(=O)c1cnn2cc(-c3cnn(Cc4cc(O)no4)c3)sc12,,8.368418767518891,8.368418767518891,0.12312669
CTGDYGPKSWQJSS,Cc1ncc(NC(=O)CN2CC(C)(C)C2)cc1NC(=O)c1cnn2cc(-c3cnn4c3CCC4)sc12,,9.292513326014591,9.292513326014591,0.9995503
PGKFCSMFWKNMHC,COCCn1cc(-c2cn3ncc(C(=O)Nc4cc(NC(=O)C5CCN(C(C)C)C5)cnc4C)c3s2)cn1,,8.065472190649047,8.065472190649047,0.9436894
YAAZEFGDUFLAIG,COc1ncccc1-c1cn2ncc(C(=O)Nc3cc(C(=O)NCCN4CCCC4(C)C)cnc3C)c2s1,,9.292513326014591,9.292513326014591,0.96736044
TWLBDWHYUDBFEH,Cc1ncc(NC(=O)CCCN2CCC[C@@H]2C)cc1NC(=O)c1cnn2cc(-c3cnn(C)c3)sc12,,8.029990922496168,8.029990922496168,0.92793995
OCGPJGTVYJKDSW,Cc1ncc(NC(=O)CN2CCCCC23CC3)cc1NC(=O)c1cnn2cc(-c3cnn(CCO)c3)sc12,,8.511366893786352,8.511366893786352,0.9843789
WAENWAZSKMRMSS,COCCn1cc(Nc2ncc3c(Nc4cc(NC(=O)CN5CCC(C)(C)C5)cnc4C)nn(C)c3n2)cn1,,9.227346441767088,9.227346441767088,0.89199936
QCZCPAMYZHJGQE,Cc1ncc(C(=O)NCCN2CCCC2(C)C)cc1NC(=O)c1cnn2cc(-c3cccnc3)sc12,,8.430375391214197,8.430375391214197,0.96172404
CJZSRVBDXZIDOQ,COC/C=C/c1cn2ncc(C(=O)Nc3cc(C(=O)NCCN4CCCC4(C)C)cnc3C)c2s1,,8.303651523370167,8.303651523370167,0.9428974
ONGVHIUOTBENML,COc1ncccc1-c1cn2ncc(C(=O)Nc3cc(NC(=O)CN4CC5(CCOCC5)C4)cnc3C)c2s1,,9.292513326014591,9.292513326014591,0.99654156
MDLAUFYMUGBPKI,Cc1ncc(NC(=O)CN2C3CCC2COC3)cc1NC(=O)c1cnn2cc(-c3cnn(C)c3)sc12,,8.410799329233122,8.410799329233122,0.970689
PDTMKBBCGVDZQI,Cc1ncc(NC(=O)NCCN2CCCC2(C)C)cc1Nc1nn(C)c2nc(Nc3cncnc3)ncc12,,8.299644681613383,8.299644681613383,0.87873876
DQQGAQJVAPQEHM,COc1ncccc1-c1cn2ncc(C(=O)Nc3cc(NC(=O)CN4CCOCC45CCC5)cnc3C)c2s1,,9.18837535480105,9.18837535480105,0.92934126
DTOFZCQCJJOBBB,Cc1ncc(C(=O)NCCN2CCCC2(C)C)cc1NC(=O)c1cnn2cc(-c3cn(C)nc3CO)sc12,,8.40232697082579,8.40232697082579,0.998005
ZBBKNOSFGCDTJD,Cc1ncc(NC(=O)CN2Cc3cccnc3C2)cc1NC(=O)c1cnn2cc(-c3cnn(C)c3)sc12,,8.31428134129795,8.31428134129795,0.99881065
HWFRRXCOOXUTQA,Cc1ncc(NC(=O)CN2CC(C)(C)C2)cc1Nc1nn(C)c2nc(Nc3cnn(C)c3)ncc12,,8.787559181684466,8.787559181684466,0.97458637
AXWHBDYAZLVNIU,Cc1ncc(C(=O)NCCN2CC3CCC2CC3)cc1NC(=O)c1cnn2cc(-c3ccnc(N4CCOCC4)c3)sc12,,9.27642098432889,9.27642098432889,0.99015486
DHGYAUQWRJIHEW,Cc1ncc(NC(=O)OCCN2CCCC2)cc1NC(=O)c1cnn2cc(-c3cnn(C)c3)sc12,,8.02148384182653,8.02148384182653,0.9832424
IPQDMPGSNSJPJO,Cc1ncc(NC(=O)CN2CCC2)cc1NC(=O)c1cnn2cc(-c3cnn4c3OCCC4)sc12,,8.157397932764493,8.157397932764493,0.9997476
NFXVOHDIFOXMJM,Cc1cc(C(=O)NCCN2CCCC23CCCC3)sc1NC(=O)c1cnn2cc(-c3cnn(C)c3)sc12,,7.889162501464615,7.889162501464615,0.93163836
GLKAVHJLHWUQAO,Cc1ncc(NC(=O)CN2CCC23CCC3)cc1NC(=O)c1cnn2cc(-c3cnn4c3COCC4)sc12,,9.27642098432889,9.27642098432889,0.9998816
DUMMZJHKVPFXPS,Cc1ncc(NC(=O)CN2CC(C)(C)C2)cc1NC(=O)c1cnn2cc(-c3ccc(CO)s3)sc12,,9.27642098432889,9.27642098432889,0.9894051
LWSWXYYQPHXLBZ,Cc1ncc(NC(=O)CN2CCCOCC2)cc1NC(=O)c1cnn2cc(-c3cnn(C)c3)sc12,,8.284157327656994,8.284157327656994,0.9938101
MESYSHFGDQPDKZ,COc1ncccc1-c1cn2ncc(C(=O)Nc3cc(NC(=O)CN4CCC5(CCOC5)C4)cnc3C)c2s1,,9.27642098432889,9.27642098432889,0.99716103
VFWAILCYJCPYCR,Cc1ncc(NC(=O)CN2CCc3cnccc3C2)cc1NC(=O)c1cnn2cc(-c3cnn(C)c3)sc12,,8.304179648253806,8.304179648253806,0.9967013
JHRSVBUKJWIJST,Cc1ncc(C(=O)NC2CN(C(C)(C)C)C2)cc1NC(=O)c1cnn2cc(-c3cnn(C)c3)sc12,,8.048237967764369,8.048237967764369,0.9949114
GFMQXHVIINIKAR,Cc1ncc(NC(=O)OCCN2CC3CCC2C3)cc1NC(=O)c1cnn2cc(-c3cnn(C)c3)sc12,,7.988827061865059,7.988827061865059,0.9922065
CTRKXXAEFRQRTD,Cc1ncc(NC(=O)CN2CC(C)(C)C2)cc1NC(=O)c1cnn2cc(-c3ccc(C4(O)COC4)cc3)sc12,,9.27642098432889,9.27642098432889,0.9968894
BOZUUYCFKKOSML,COCCn1cc(Nc2ncc3c(Nc4cc(NC(=O)CN5CC6CCC5CC6)cnc4C)nn(C)c3n2)cn1,,9.211254100081387,9.211254100081387,0.8866697
JKLXISCFEONROC,Cc1ncc(C(=O)NCCN2CC3CCC2CC3)cc1NC(=O)c1cnn2cc(-c3ccc4oc(=O)[nH]c4c3)sc12,,9.27642098432889,9.27642098432889,0.98001
CMJUWGFLJUHFEH,Cc1nn(C)cc1Nc1ncc2c(Nc3cc(C(=O)NCCN4CCC5(CC5)C4)cnc3C)nn(C)c2n1,,8.385799820648497,8.385799820648497,0.9980063
FPROMNXEVORXRK,COc1ncccc1-c1cn2ncc(C(=O)Nc3cc(NC(=O)C[C@H]4CCCN4C(C)C)cnc3C)c2s1,,9.261439372640169,9.261439372640169,0.97951597
YOPDCMDXTFOJHA,Cc1ncc(C(=O)NCCC2CC3CCC2CC3)cc1NC(=O)c1cnn2cc(-c3cnn4c3COCC4)sc12,,9.173393743112328,9.173393743112328,0.99996626
JKTXBRKFBJBPAS,COCCn1cc(Nc2ncc3c(Nc4cc(NC(=O)CN5CCC56CCC6)cnc4C)nn(C)c3n2)cn1,,9.127853508438662,9.127853508438662,0.9601273
AUPHPFOMFFFOSA,COCCn1cc(Nc2ncc3c(Nc4cc(C(=O)NCN5CCC56CCC6)cnc4C)nn(C)c3n2)cn1,,9.127853508438662,9.127853508438662,0.9670055
DHTHVGUPVWCLKT,COCCn1cc(-c2cn3ncc(C(=O)Nc4cc(NC(=O)CCCN5CCC[C@@H]5C)cnc4C)c3s2)cn1,,8.0722404221661,8.0722404221661,0.9343138
XIRBUCPKBGZWMD,Cc1ncc(C(=O)NCCN2CCCC2(C)C)cc1NC(=O)c1cnn2cc(-c3ccc(C(=O)O)cc3)sc12,,8.512284095745368,8.512284095745368,0.90837127
WYEMKZNFHLSXHH,Cc1ncc(C(=O)NCCN2[C@H](C)CCC[C@@H]2C)cc1NC(=O)c1cnn2cc(-c3cnn(C)c3)sc12,,8.515758525723033,8.515758525723033,0.99319893
AFUFBPKNUDYUTH,Cc1ncc(NC(=O)OCCN(C)C2CCCCC2)cc1NC(=O)c1cnn2cc(-c3cnn(C)c3)sc12,,8.148784731777237,8.148784731777237,0.988036
KKLYGJANLVQLGJ,Cc1ncc(NC(=O)CN2CCOCC2)cc1NC(=O)c1cnn2cc(-c3cnn(C)c3)sc12,,8.107691353683563,8.107691353683563,0.9927886
SIJPJVNFTJGUJS,Cc1nn(C)cc1Nc1ncc2c(Nc3cc(C(=O)NCCN4CCC(C)(C)C4)cnc3C)nn(C)c2n1,,8.350028549988616,8.350028549988616,0.9707013
AQFYHPLREUMZKM,Cc1ncc(C(=O)NCCN2CCCC2(C)C)cc1Nc1nn(C)c2nc(Nc3cccc(CC(=O)O)c3)ncc12,,8.412853772448646,8.412853772448646,0.67857724
ZCJBOSRVOUBAKY,Cc1ncc(C(=O)NCCN2CCOCC23CC3)cc1Nc1nn(C)c2nc(Nc3cncnc3)ncc12,,8.35122916609092,8.35122916609092,0.97319126
MZLVBTQNGOEPSI,Cc1nn(C)cc1Nc1ncc2c(Nc3cc(C(=O)NCCN4CCC[C@@H]4C)cnc3C)nn(C)c2n1,,8.378294929173144,8.378294929173144,0.92722416
PZYXWWIFXMVKBF,Cc1ncc(C(=O)NCCN2CCCC2(C)C)cc1Nc1nn(C)c2nc(Nc3cccc(C4(C(=O)O)CC4)c3)ncc12,,8.306955722430976,8.306955722430976,0.90781456
ATROXWHSTGKFQM,Cc1ncccc1Nc1ncc2c(Nc3cc(NC(=O)CN4CCC[C@@H]4C)cnc3C)nn(C)c2n1,,8.306955722430976,8.306955722430976,0.98558736
OCJXOMRVAILXOE,COCCn1cc(Nc2ncc3c(Nc4cc(NC(=O)CN5CCC6(CC6)C5)cnc4C)nn(C)c3n2)cn1,,9.1259059864969,9.1259059864969,0.98999876
GTIXFPZEMTWJQH,Cc1ncc(C(=O)NCCN2CCCC2(C)C)cc1NC(=O)c1cnn2cc(-c3cnn4c3OCCC4)sc12,,9.159379381312206,9.159379381312206,0.99923956
BAHYMGDUXIXUIH,Cc1ncc(NC(=O)CN2CCC2(C)C)cc1NC(=O)c1cnn2cc(-c3cnn(C)c3)sc12,,8.205136871872881,8.205136871872881,0.98151946
WYIXTTAGWRKOJO,COc1ncccc1-c1cn2ncc(C(=O)Nc3cc(C(=O)NCCN4CCCC4)cnc3C)c2s1,,9.247425010840047,9.247425010840047,0.9554628
ZKNAFGNQKXMNFF,Cc1ncc(NC(=O)CN2CC[C@H](C)C2)cc1Nc1nn(C)c2nc(Nc3cnn(C)c3)ncc12,,9.217076090663241,9.217076090663241,0.9884608
LXXUESKCUHSOPP,Cc1cc(C(=O)NCCN2CCCC23CCC3)sc1NC(=O)c1cnn2cc(-c3cnn(C)c3)sc12,,7.971090902783951,7.971090902783951,0.92131907
FXWGXHFJKUNZOJ,Cc1ncc(NC(=O)CN2CCC3(CC3)C2)cc1Nc1nn(C)c2nc(Nc3cnn(C)c3)ncc12,,9.217076090663241,9.217076090663241,0.9964064
JLWHTPAKLXHCPR,Cc1nn(C)cc1Nc1ncc2c(Nc3cc(C(=O)NCCN4CCCC4(C)C)cnc3C)nn(C)c2n1,,8.329332207409504,8.329332207409504,0.97722834
ATRKEDVWWXXBFH,Cc1ncc(NC(=O)CN2CCCC2(C)C)cc1NC(=O)c1cnn2cc(-c3cnn4c3COCC4)sc12,,9.14621491195103,9.14621491195103,0.99996245
GKWFYHQLMYQHRV,Cc1ncc(C(=O)NCCN2CCCC23CCC3)cc1Nc1nn(C)c2nc(Nc3cnn(C)c3)ncc12,,9.153576540361385,9.153576540361385,0.99117154
ZUCNASINXUFNCF,COc1ccncc1-c1cn2ncc(C(=O)Nc3cc(NC(=O)CN4CC(C)(C)C4)cnc3C)c2s1,,9.169093657231368,9.169093657231368,0.9941004
NZEHOOJLPKSEJG,Cc1ncc(NC(=O)CN2CCC(F)(F)C2)cc1NC(=O)c1cnn2cc(-c3cnn(C)c3)sc12,,9.14621491195103,9.14621491195103,0.9957231
NAWJPIMXZXQDJP,Cc1ncc(NC(=O)CN2CC(C)(C)C2)cc1NC(=O)c1cnn2cc(-c3cnn4c3COCC4)sc12,,9.234260541478871,9.234260541478871,0.9999554
AGMNSPWXAPZSHI,COCCn1cc(Nc2ncc3c(Nc4cc(NC(=O)CN5CCCC5(C)C)cnc4C)nn(C)c3n2)cn1,,9.119036080789735,9.119036080789735,0.71397066
VJPOUMVFKWAESN,Cc1ncc(NC(=O)CN2CCC(F)(F)CC2)cc1Nc1nn(C)c2nc(Nc3cnn(C)c3)ncc12,,9.169093657231368,9.169093657231368,0.986414
RFIQHKCUMQZRSL,Cc1ncc(C(=O)NCCN2CCCC2(C)C)cc1NC(=O)c1cnn2cc(-c3cnn(C)n3)sc12,,8.405254843150317,8.405254843150317,0.94165146
PLJCFHXNGDJODY,Cc1ncc(C(=O)NCCN2CC3CCC2CC3)cc1Nc1nn(C)c2nc(Nc3cnn(C)c3)ncc12,,9.169093657231368,9.169093657231368,0.97213465
VPPZFGFRGRNZED,COc1ncccc1-c1cn2ncc(C(=O)Nc3cc(NC(=O)CN4CC(C)(OC)C4)cnc3C)c2s1,,9.133803120088515,9.133803120088515,0.99545527
XURZDXIGXXGTLL,Cc1ncc(C(=O)NCCN2CCCC2(C)C)cc1NC(=O)c1cnn2cc(-c3ccc(=O)[nH]n3)sc12,,8.23760727533939,8.23760727533939,0.96864736
VOQIEBWUSZVNSC,Cc1ncc(NC(=O)CN2CC(C)(C)C2)cc1NC(=O)c1cnn2cc(-c3cnn(C(F)(F)F)c3)sc12,,7.946123750629919,7.946123750629919,0.99625444
AGSIADBCIULMBD,Cc1ncc(NC(=O)CN2CCCC2)cc1NC(=O)c1cnn2cc(-c3cccnc3O)sc12,,8.075720713938118,8.075720713938118,0.97487825
BGIYONAQBFCOPI,Cc1ccc(C(=O)NCCN2CCC(F)(F)CC2)cc1Nc1nn(C)c2nc(Nc3cnn(C)c3)ncc12,,9.14116474849887,9.14116474849887,0.97586775
KORVXENIVCQPCZ,Cc1ncc(C(=O)NCCN2CC3CCC2CC3)cc1NC(=O)c1cnn2cc(-c3cn(C)nc3C)sc12,,9.221848749616356,9.221848749616356,0.9985695
BBQRBXJSWOPEHY,Cc1ncc(NC(=O)CN2CCCC2(C)C)cc1NC(=O)c1cnn2cc(-c3cccnc3OCCF)sc12,,9.221848749616356,9.221848749616356,0.9607762
CNPOZDWGDKZVNQ,COC/C=C/c1cn2ncc(C(=O)Nc3cc(NC(=O)CN4C[C@H](C)O[C@@H](C)C4)cnc3C)c2s1,,8.25334069588395,8.25334069588395,0.98007476
VYFJJQQYNDKRQR,Cc1ncc(NC(=O)NCCN2CCCC2(C)C)cc1NC(=O)c1cnn2cc(-c3cnn(C)c3)sc12,,8.109841343929924,8.109841343929924,0.98716635
VZNJVWZDPQGCEL,Cc1ncc(C(=O)NCCN2CCC3(CC3)C2)cc1Nc1nn(C)c2nc(Nc3cnn(C)c3)ncc12,,9.173393743112328,9.173393743112328,0.9972133
VNBKDJFVMRQESV,Cc1ncc(C(=O)NCCN2CCCC23CCC3)cc1NC(=O)c1cnn2cc(-c3c(C)nn(C)c3C)sc12,,9.133803120088515,9.133803120088515,0.99433666
KABRXLGOINOYNN,Cc1ncc(NC(=O)CN2CCC23CCC3)cc1NC(=O)c1cnn2cc(-c3cnn4c3OCCC4)sc12,,9.221848749616356,9.221848749616356,0.99657273
SHPDLOBRNOLQDR,COCCn1cc(-c2cn3ncc(C(=O)Nc4cc(NC(=O)CN5CCCC5)cnc4C)c3s2)cn1,,8.040042759670284,8.040042759670284,0.9966366
UOFVBNKNBSKQNW,Cc1ncc(NC(=O)CN2CCCC2(C)C)cc1NC(=O)c1cnn2cc(-c3cn(C)nc3C)sc12,,9.221848749616356,9.221848749616356,0.99596244
DGUBXMXONYDADI,COc1ncccc1-c1cn2ncc(C(=O)Nc3cc(NC(=O)CN4CCOC(C)(C)C4)cnc3C)c2s1,,9.133803120088515,9.133803120088515,0.99156123
KTNORZGBSRLABS,Cc1ncc(NC(=O)CN2Cc3ccncc3C2)cc1NC(=O)c1cnn2cc(-c3cnn(C)c3)sc12,,8.271665185288121,8.271665185288121,0.9986112
KHPLGTSWNKYVAA,Cc1ccc(C(=O)NCCN2CCC3(CC3)C2)cc1Nc1nn(C)c2nc(Nc3cnn(C)c3)ncc12,,9.189411859112482,9.189411859112482,0.998787
ZVQGXRGILGKWDA,Cc1ncc(C(=O)NCCN2CCCC23CCC3)cc1NC(=O)c1cnn2cc(-c3cn(C)nc3C)sc12,,9.122062572163754,9.122062572163754,0.99416417
VRHQVLAJPFLBRR,Cc1ncc(NC(=O)CN2CC(C)(C)C2)cc1NC(=O)c1cnn2cc(-c3cnn4c3OCCC4)sc12,,9.122062572163754,9.122062572163754,0.99947256
MSXRDKDMLNDTMC,Cc1ncc(NC(=O)CNCC(C)C)cc1NC(=O)c1cnn2cc(-c3cnn4c3CCC4)sc12,,9.210108201691595,9.210108201691595,0.9988397
YUEWUJCPDFOXJN,Cc1ncc(NC(=O)[C@@H]2C[C@H](C)CN2C)cc1NC(=O)c1cnn2cc(-c3cccnc3O)sc12,,8.192393332599321,8.192393332599321,0.8462599
GEWZDNZEPSGOFS,COc1ncccc1-c1cn2ncc(C(=O)Nc3cc(NC(=O)CN4CCO[C@H](C)C4)cnc3C)c2s1,,9.122062572163754,9.122062572163754,0.9918881
ATEALUFDIVBWDT,CC(=O)Nc1cccc(Nc2ncc3c(Nc4cc(C(=O)NCCN5CCCC5(C)C)cnc4C)nn(C)c3n2)c1,,8.312076781845422,8.312076781845422,0.9185412
WKWAAJSUVSYKNZ,Cc1ncc(C(=O)CCCN2CCC[C@@H]2C)cc1Nc1nn(C)c2nc(Nc3cnn(C)c3C)ncc12,,8.256501555784087,8.256501555784087,0.89037204
NVUDNBGAIDWXFV,Cc1ncc(C(=O)NCCN2CCC[C@@H]2C)cc1Nc1nn(C)c2nc(Nc3cnn(C)c3C)ncc12,,8.256501555784087,8.256501555784087,0.92231447
OCBXEZWTCONIMS,Cc1ccc(C(=O)NCCN2[C@H](C)CCC[C@@H]2C)cc1Nc1nn(C)c2nc(Nc3cnn(C)c3)ncc12,,8.086567555767694,8.086567555767694,0.98147607
LPVDMTAPHPFXJR,Cc1ncc(C(=O)NCCN2CCCC2(C)C)cc1NC(=O)c1cnn2cc(-c3cnn4c3CCC4)sc12,,9.110924374808178,9.110924374808178,0.9994342
CKFRXCBNKKOFGO,C[C@H]1CC(=O)Nc2cc(C(=O)NCCC3CC3)ccc2N1C(=O)N1CC2CC2C1,,,8.698970004336019,0.9748019
XKGWZVYMEZEBAL,Cc1cc(C(=O)NCCN2CC3CCC2CC3)sc1NC(=O)c1cnn2cc(-c3cnn(C)c3)sc12,,7.801029995663981,7.801029995663981,0.97118294
XMWMGWQBPKRDQH,Cc1ncc(C(=O)NCCN2CC(C)(C)C2)cc1NC(=O)c1cnn2cc(-c3cnn4c3OCCC4)sc12,,9.110924374808178,9.110924374808178,0.99902976
FEHIFZQEQOTVTK,Cc1cc(C(=O)NCCN2[C@H](C)CCC[C@@H]2C)sc1NC(=O)c1cnn2cc(-c3cnn(C)c3)sc12,,7.826823512774681,7.826823512774681,0.9569669
RNTCQNTWYQOXQX,Cc1ncc(C(=O)NCCN2CCCC2(C)C)cc1NC(=O)c1cnn2cc(-c3cccc4c3cnn4C)sc12,,9.110924374808178,9.110924374808178,0.9834504
NTKNQQODYVNNAU,COCCn1cc(Nc2ncc3c(Nc4cc(NC(=O)CN5CCCC56CCC6)cnc4C)nn(C)c3n2)cn1,,9.077450979992872,9.077450979992872,0.9591214
OQCHQDSWWOORAF,Cc1ncc(C(=O)NCCN2CCC(F)(F)CC2)cc1NC(=O)c1cnn2cc(-c3cnn(C)c3)sc12,,9.110924374808178,9.110924374808178,0.9876303
YRSGONJWWVREGD,Cc1ncc(NC(=O)CN2CCS(=O)(=O)CC2)cc1NC(=O)c1cnn2cc(-c3cnn(C)c3)sc12,,7.852557556499985,7.852557556499985,0.9931525
FSQJKANQPXRESI,Cc1ncc(NC(=O)CC2CN(C)C2)cc1NC(=O)c1cnn2cc(-c3cnn4c3CCC4)sc12,,7.752297218426904,7.752297218426904,0.9998853
UUONMRMXSWBFSP,Cc1ncc(C(=O)NC[C@H]2CCCN2CCO)cc1NC(=O)c1cnn2cc(-c3cnn(C)c3)sc12,,7.877787213913532,7.877787213913532,0.99277204
UCDOVJXNWNXEIE,Cc1ncc(C(=O)NCCN2CCCC2(C)C)cc1NC(=O)c1cnn2cc(-c3ccnc(N4CCOCC4)c3)sc12,,9.100329725273209,9.100329725273209,0.9819609
JOWWZALCTHWWCJ,Cc1ncc(NC(=O)CN2CCCC(F)(F)C2)cc1NC(=O)c1cnn2cc(-c3cnn(C)c3)sc12,,9.037860356969059,9.037860356969059,0.9956204
MEOQRJOAWIFCPW,Cc1ncc(NC(=O)CCN2CCCC2(C)C)cc1NC(=O)c1cnn2cc(-n3ncc4cccnc43)sc12,,9.100329725273209,9.100329725273209,0.9654037
HTGVFETXJOUOFO,Cc1ncc(NC(=O)C[C@@H]2CCCCN2C(C)C)cc1NC(=O)c1cnn2cc(-c3cnn(C)c3)sc12,,7.9579264334227755,7.9579264334227755,0.99001676
VDUWEHJSGJLQIO,COCCn1cc(Nc2ncc3c(Nc4cc(C(=O)NCCN5CCCC56CCC6)cnc4C)nn(C)c3n2)cn1,,9.048998554324635,9.048998554324635,0.9741509
CRPXJVSDVGQCKO,Cc1ncc(C(=O)NCCN2[C@H](C)COC[C@H]2C)cc1Nc1nn(C)c2nc(Nc3cnn(C)c3)ncc12,,9.079633382694096,9.079633382694096,0.9280501
IZJPOYJSWCSEFJ,COCCn1cc(Nc2ncc3c(Nc4cc(NC(=O)CN5CC(C)(C)C5)cnc4C)nn(C)c3n2)cn1,,9.079633382694096,9.079633382694096,0.84100235
NLXPGXDOPDORLL,Cc1ncc(NC(=O)CN2CCC[C@@H]2C)cc1Nc1nn(C)c2nc(Nc3cnn(C)c3)ncc12,,9.139920348297021,9.139920348297021,0.9640445
GXZWKNLQIGQKIU,Cc1ccc(C(=O)NCCN2CCC[C@@H]2C)cc1Nc1nn(C)c2nc(Nc3cnn(C)c3)ncc12,,9.167679012221937,9.167679012221937,0.9827539
ZIVQDWVIGMBANJ,Cc1ncc(NC(=O)CN2CCC(F)(F)C2)cc1Nc1nn(C)c2nc(Nc3cnn(C)c3)ncc12,,9.066856330457902,9.066856330457902,0.98873025
ZVBRUWFWLUUOHY,Cc1ncc(NC(=O)CN2CC(C)(C)C2)cc1NC(=O)c1cnn2cc(-c3nn(C)nc3C)sc12,,9.100329725273209,9.100329725273209,0.8123327
CIQLRTVFTCFYMP,Cc1ccc(C(=O)NCCN2CC(C)(C)C2)cc1Nc1nn(C)c2nc(Nc3cnn(C)c3)ncc12,,9.131403678647631,9.131403678647631,0.99104553
RLZGIZCGVBGKLV,Cc1ncc(NC(=O)CN2CCCC2)cc1Nc1nn(C)c2nc(Nc3cnn(C)c3)ncc12,,9.148784731777237,9.148784731777237,0.98019135
OSKNSTKGFONBFY,Cc1ncc(C(=O)NCCN2CCCC2(C)C)cc1Nc1nn(C)c2nc(Nc3cnn(C)c3C)ncc12,,8.181105085318885,8.181105085318885,0.9835993
GTWSOBULZDCTAN,Cc1ncc(C(=O)NCCN2CCCC2(C)C)cc1NC(=O)c1cnn2cc(-c3ccc(=O)[nH]c3)sc12,,8.135093746419532,8.135093746419532,0.9619369
DCCMEAMSASMNOX,Cc1ncc(C(=O)NCCN2CCC(C)(C)C2)cc1Nc1nn(C)c2nc(Nc3cnn(C)c3)ncc12,,9.069531689649953,9.069531689649953,0.9588738
DIIQFLWXKFYNAF,Cc1ncc(NC(=O)CN2CC(C)(C)C2)cc1NC(=O)c1cnn2cc(-c3ccc(CO)o3)sc12,,9.090228032229065,9.090228032229065,0.98755383
CPGUDOYLSDGXJQ,Cc1ncc(C(=O)NCCN2CCCC2(C)C)cc1Nc1nn(C)c2nc(Nc3ccnc(N4CCOCC4)c3)ncc12,,9.038896861280492,9.038896861280492,0.96689403
PJWKVXBHOKQAGD,Cc1ncc(C(=O)NCCN2CCC23CCC3)cc1Nc1nn(C)c2nc(Nc3cnn(C)c3)ncc12,,9.050637409205253,9.050637409205253,0.99028766
NREDXODJCFTBBO,Cc1ncc(NC(=O)CN2CC(C)(C)C2)cc1NC(=O)c1cnn2cc(-c3cnn(C)c3C)sc12,,9.178273661756906,9.178273661756906,0.9999553
GGDNYWXJAUSZNY,Cc1ncc(C(=O)NCCN2CCCC23CCC3)cc1NC(=O)c1cnn2cc(-c3cnn(C)c3C)sc12,,9.090228032229065,9.090228032229065,0.9999269
AIWJWFFRPNNXKU,Cc1ncc(NC(=O)CN2CC3(CCCCO3)C2)cc1NC(=O)c1cnn2cc(-c3cnn4c3CCC4)sc12,,9.090228032229065,9.090228032229065,0.9997788
JTPCFEOKNMNPTG,Cc1ncc(NC(=O)CN2CCC[C@H]2C)cc1NC(=O)c1cnn2cc(-c3cn(C)nc3C)sc12,,9.027758663924915,9.027758663924915,0.9981706
HKDMBZCISPBZBR,Cc1ncc(NC(=O)CN2CC3(CCOCC3)C2)cc1NC(=O)c1cnn2cc(-c3cnn4c3OCCC4)sc12,,9.018106086327222,9.018106086327222,0.9998634
LUGZFHYXXYWCBW,Cc1ncc(C(=O)NCCN2CCCC2(C)C)cc1NC(=O)c1cnn2cc(-c3ccnc(N(C)C)c3)sc12,,9.080575454631372,9.080575454631372,0.9865892
JXMHXBLITNIELZ,Cc1ncc(C(=O)NCCN2CC(C)CC(C)C2)cc1Nc1nn(C)c2nc(Nc3cnn(C)c3)ncc12,,9.087937083041727,9.087937083041727,0.9717591
VFTNDQAONHSURJ,Cc1ncc(C(=O)NCCN2C3CCCC2CCC3)cc1NC(=O)c1cnn2cc(-c3cnn(C)c3)sc12,,9.080575454631372,9.080575454631372,0.9797981
VTVOALZCYJJQSQ,Cc1ccc(C(=O)NCCN2CCCC2(C)C)cc1Nc1nn(C)c2nc(Nc3cnn(C)c3)ncc12,,9.095557066320094,9.095557066320094,0.9939423
XXZVLFDRYLNQCK,COc1ncccc1-c1cn2ncc(C(=O)Nc3cc(NC(=O)CN4C[C@H](C)O[C@@H](C)C4)cnc3C)c2s1,,9.018106086327222,9.018106086327222,0.9964269
HPAYCPGVKVIUFF,COC1CCN(CC(=O)Nc2cnc(C)c(NC(=O)c3cnn4cc(-c5cnn(C)c5)sc34)c2)CC1,,8.047102059816066,8.047102059816066,0.9952017
AASVAIXGIDFRFN,Cc1ncc(C(=O)NCCN2CCOCC23CCC3)cc1NC(=O)c1cnn2cc(-c3cnn(C)c3)sc12,,9.018106086327222,9.018106086327222,0.98147833
JAMYNWZMAYGDMR,Cc1ncc(C(=O)CCCN2CCC3(CCC3)C2)cc1Nc1nn(C)c2nc(Nc3cnn(C)c3)ncc12,,9.087937083041727,9.087937083041727,0.9940054
YYPFVVYYEAHHEU,Cc1ncc(C(=O)NCCN2CC3CCC2CC3)cc1NC(=O)c1cnn2cc(-c3cnn4c3OCCC4)sc12,,9.080575454631372,9.080575454631372,0.99956983
BQXCUCORCRZCIV,Cc1ncc(C(=O)NCCN2CC3CCC2CC3)cc1NC(=O)c1cnn2cc(-c3cnn(C)c3)sc12,,9.168621084159213,9.168621084159213,0.994414
YTSCKRLXAAWBRX,COc1ncccc1Nc1ncc2c(Nc3cc(NC(=O)CN4CCC[C@@H]4C)cnc3C)nn(C)c2n1,,8.169088926406193,8.169088926406193,0.94077486
ACORGJFZJHDNFN,Cc1ncc(C(=O)NCCN2CCC(F)(F)CC2)cc1NC(=O)c1cnn2cc(-c3ccncc3)sc12,,9.071333751784366,9.071333751784366,0.95209473
TYTQVNNAPDMJMC,Cc1ncc(C(=O)NCCN(CCO)C2CCCC2)cc1Nc1nn(C)c2nc(Nc3cnn(C)c3)ncc12,,8.97851546330341,8.97851546330341,0.91927886
GEEBWVPQMKPCRW,Cc1ncc(NC(=O)CN(CCF)C2CCCC2)cc1Nc1nn(C)c2nc(Nc3cnn(C)c3)ncc12,,8.988168040901103,8.988168040901103,0.975377
QSMHVQQDSGOSQI,Cc1ncc(NC(=O)CN2C[C@H](C)O[C@@H](C)C2)cc1NC(=O)c1cnn2cc(-c3cc[nH]c3)sc12,,9.071333751784366,9.071333751784366,0.9930132
ZAXLFXZTPPEYRM,Cc1ncc(C(=O)NCCN2CCCC2(C)C)cc1NC(=O)c1cnn2cc(-c3cnn4c3COCC4)sc12,,9.008864383480216,9.008864383480216,0.9999633
CPRQOBJGRHBQNB,Cc1ncc(C(=O)NCCN2CCCC2(C)C)cc1Nc1nn(C)c2nc(Nc3cnn(C)c3)ncc12,,8.606446953481715,8.606446953481715,0.9770529
QUSRYJQUOLUDTR,Cc1ncc(NC(=O)CN2CC(C)(C)C2)cc1NC(=O)c1cnn2cc(-c3ccn(S(C)(=O)=O)c3)sc12,,9.15051499783199,9.15051499783199,0.98599064
PHBAZRXRJYGZCK,COc1ncccc1-c1cn2ncc(C(=O)Nc3cc(NC(=O)CN4CCCC4)cnc3C)c2s1,,9.1419983281826,9.1419983281826,0.98848885
HVQKYMNRTIGSAZ,Cc1ncc(C(=O)NCCN2CCCC2(C)C)cc1NC(=O)c1cnn2cc(-c3cnn(C4CC4)c3)sc12,,9.01343607320015,9.01343607320015,0.999141
VIFHMNYUMZJMCT,Cc1ncc(C(=O)NCCN2CCCC2)cc1NC(=O)c1cnn2cc(-c3cnn(C)c3C)sc12,,9.0,9.0,0.999701
LSNWQOCFZMNAGB,COc1ncccc1-c1cn2ncc(C(=O)Nc3cc(NC(=O)CN4CC(C)C4)cnc3C)c2s1,,9.05395269865476,9.05395269865476,0.99486524
UZRDOVATIIZELM,Cc1ncc(NC(=O)CN2CC(C)(C)C2)cc1NC(=O)c1cnn2cc(-c3cn[nH]c3)sc12,,9.1259059864969,9.1259059864969,0.9897939
KSWIPVPUSYYTMS,Cc1ncc(NC(=O)C2CN(C(C)C)C2)cc1NC(=O)c1cnn2cc(-c3cnn(C)c3C)sc12,,9.022878745280337,9.022878745280337,0.9994265
BVRRQKDPRAEUPZ,CC(=O)Nc1cc(-c2cn3ncc(C(=O)Nc4cc(NC(=O)CN5CC(C)(C)C5)cnc4C)c3s2)ccn1,,9.071333751784366,9.071333751784366,0.9825984
WFJQFVOUTHARKE,Cc1ncc(NC(=O)CCN2CC3CCC2CC3)cc1NC(=O)c1cnn2cc(-c3cnn(C)c3)sc12,,9.023603778477954,9.023603778477954,0.9906185
FGWBTQVYWIHCKP,Cn1nc(Nc2cc(C(=O)NCCN3CCCC3(C)C)ccc2F)c2cnc(Cc3ccnnc3)nc21,,8.951544993495972,8.951544993495972,0.43460885
JTIIWHQJBHXPMP,Cc1ncc(C(=O)NCCN2CC3CCC2CC3)cc1NC(=O)c1cnn2cc(-c3cnn4c3CCC4)sc12,,9.06246936830415,9.06246936830415,0.99966705
KXENZBKDXGJGBN,Cc1ncc(NC(=O)CN2CC3CCC(C2)O3)cc1NC(=O)c1cnn2cc(-c3cc[nH]c3)sc12,,9.06246936830415,9.06246936830415,0.99105513
KIEPVRFASFCXIW,Cc1ncc(NC(=O)C2CCCCN2C(C)C)cc1NC(=O)c1cnn2cc(-c3cccnc3O)sc12,,7.896587061984075,7.896587061984075,0.8061162
SGWSGICEGJTSAP,Cc1ncc(NC(=O)CNC2(C)CCC2)cc1NC(=O)c1cnn2cc(-c3cnn4c3OCCC4)sc12,,9.06246936830415,9.06246936830415,0.9998963
NXBAMORBUPWGGM,COc1cccc(-c2cn3ncc(C(=O)Nc4cc(NC(=O)CN5C[C@H](C)O[C@@H](C)C5)cnc4C)c3s2)n1,,9.0,9.0,0.9938916
IAZNOMRZCKDARD,Cc1ncc(NC(=O)CN(CCO)C2CCCC2)cc1Nc1nn(C)c2nc(Nc3cnn(C)c3)ncc12,,8.994638067304113,8.994638067304113,0.9732765
MWQIMRGVAYONBS,Cc1ncc(C(=O)NCCN2CCCC2(C)C)cc1NC(=O)c1cnn2cc(-n3ncc4cccnc43)sc12,,9.0,9.0,0.96520275
BQGUVMHIOJRBLI,Cc1ncc(C(=O)NCCN2CCCC2(C)C)cc1NC(=O)c1cnn2cc(-c3cn(C)nc3C)sc12,,9.06246936830415,9.06246936830415,0.9977071
YYJFHCZYFFBGRI,COc1ncccc1-c1cn2ncc(C(=O)Nc3cc(NC(=O)[C@@H]4C[C@H](C)CN4C)cnc3C)c2s1,,9.06246936830415,9.06246936830415,0.92854804
KPXMQTDMNIUSGC,COc1ncccc1-c1cn2ncc(C(=O)Nc3cc(NC(=O)CN4C[C@@H](CO)O[C@@H](C)C4)cnc3C)c2s1,,9.0,9.0,0.996561
IZPDXFIYOWVBEB,Cc1ncc(C(=O)NCCN2CCCC2(C)C)cc1Nc1nn(C)c2nc(Nc3ccc(=O)n(C)n3)ncc12,,7.910871339593905,7.910871339593905,0.98480475
CBKTZQWJLDDENN,Cc1ncc(C(=O)NCCN2CCCC2(C)C)cc1Nc1nn(C)c2nc(Nc3cccc(C(C)(C)C(=O)O)c3)ncc12,,8.212013719126166,8.212013719126166,0.7541223
YQXXHANVEGGRBP,CC[C@H]1COCCN1CCCC(=O)c1cnc(C)c(Nc2nn(C)c3nc(Nc4cnn(C)c4)ncc23)c1,,8.98088868081564,8.98088868081564,0.8035981
ZJJVHDQILZILIT,Cc1ncc(C(=O)NCCN2CC3CCC2CC3)cc1NC(=O)c1cnn2cc(-c3cnn(C)c3C)sc12,,9.05395269865476,9.05395269865476,0.99994826
VLNLERVROLNCCV,Cc1ncc(NC(=O)CN2C[C@H](C)O[C@@H](C)C2)cc1Nc1nn(C)c2nc(Nc3cnn(C)c3)ncc12,,8.907087320193519,8.907087320193519,0.9930025
FHOQPAHDGWYPJR,COCCn1cc(-c2cn3ncc(C(=O)Nc4cc(NC(=O)C[C@H]5CCN(C(C)C)C5)cnc4C)c3s2)cn1,,7.470976884802359,7.470976884802359,0.9969343
VPKXLILLYNHCEE,Cc1ncc(NC(=O)CN2CC(F)(F)C2)cc1Nc1nn(C)c2nc(Nc3cnn(C)c3)ncc12,,8.98088868081564,8.98088868081564,0.9874981
CZQURNZALOBFES,CN/C(C)=C(\C=N)c1cn2ncc(C(=O)Nc3cc(C(=O)NCCN4CC5CCC4C5)cnc3C)c2s1,,9.05395269865476,9.05395269865476,0.98283
NMBNNTIXNBXWME,Cc1ncc(C(=O)NCCN2CCC3(CC3)C2)cc1NC(=O)c1cnn2cc(-c3cn(C)nc3C)sc12,,9.05395269865476,9.05395269865476,0.9993672
RKNHWLWQWQADCD,Cc1cc(Nc2ncc3c(Nc4cc(C(=O)NCCN5CCC[C@@H]5C)cnc4C)nn(C)c3n2)n(C)n1,,8.11586969423104,8.11586969423104,0.95055985
MKTWZIJXTLTQKX,Cc1ncc(NC(=O)C2(C(=O)N3CCN(C)CC3)CC2)cc1Nc1nn(C)c2nc(Nc3cnn(C)c3)ncc12,,7.903128903264525,7.903128903264525,0.90269595
JRBVDAJDQGVDRC,COCC1CCCN1CCNC(=O)c1cnc(C)c(Nc2nn(C)c3nc(Cc4cnn(C)c4)ncc23)c1,,9.006166867536862,9.006166867536862,0.81585056
LXOGYXZRFULBKD,Cc1ncc(C(=O)NCCC2CCCCC2)cc1Nc1nn(C)c2nc(Nc3ccc(CC#N)nc3)ncc12,,8.898892112099434,8.898892112099434,0.94543344
YHSITKJNNKMNED,Cc1ncc(NC(=O)CN2CCC(F)(F)CC2)cc1NC(=O)c1cnn2cc(-c3cnn(C)c3)sc12,,8.983288122256525,8.983288122256525,0.9955733
ATZAXDJOHNQJTJ,Cc1ncc(C(=O)NCCN2CCS(=O)(=O)CC2)cc1Nc1nn(C)c2nc(Cc3cnn(C)c3)ncc12,,8.977926189560637,8.977926189560637,0.12563625
NUJWXLWKCQIEFP,COc1ncccc1-c1cn2ncc(C(=O)Nc3cc(NC(=O)CN4C[C@H](CO)OC(C)(C)C4)cnc3C)c2s1,,8.983288122256525,8.983288122256525,0.9951409
LYVCWUXJEXZCNR,Cc1ncc(C(=O)NCCN2CCCC23COC3)cc1Nc1nn(C)c2nc(Cc3cnn(C)c3)ncc12,,8.930533029871537,8.930533029871537,0.99331504
HUACCSNGJXMCOU,Cc1ncc(C(=O)NCCN2CCCC(F)(F)C2)cc1NC(=O)c1cnn2cc(-c3cnn(C)c3)sc12,,9.045757490560675,9.045757490560675,0.99253535
UOOAFYRKKZCOSX,COc1ncccc1-c1cn2ncc(C(=O)Nc3cc(NC(=O)CN4CC(F)C4)cnc3C)c2s1,,9.045757490560675,9.045757490560675,0.9967623
OQEGIYPMFDKDHB,Cc1ncc(C(=O)NCCN2C3CCCC2CCC3)cc1Nc1nn(C)c2nc(Nc3cnn(C)c3)ncc12,,9.017164014389946,9.017164014389946,0.9779784
RPTPWTADPSYSSA,Cc1ncc(NC(=O)CN2CCCC23CCC3)cc1NC(=O)c1cnn2cc(-c3cnn4c3COCC4)sc12,,8.975390988664909,8.975390988664909,0.9999087
YLGPYGYRNKCAIP,CC(=O)Nc1cc(Nc2ncc3c(Nc4cc(C(=O)NCCN5CCCC5(C)C)cnc4C)nn(C)c3n2)ccn1,,8.98088868081564,8.98088868081564,0.8483078
BUWUTBARHOPKRJ,Cc1ncc(NC(=O)CN2CCC3(CCO3)CC2)cc1NC(=O)c1cnn2cc(-c3cnn(C)c3)sc12,,7.833740374313134,7.833740374313134,0.9965509
DXDSAJHJVOFPPY,Cc1ncc(C(=O)NCCN2CCC23CCC3)cc1NC(=O)c1cnn2cc(-c3cnn(C)c3C)sc12,,9.037860356969059,9.037860356969059,0.9999081
FLFMXENDDRGPCZ,Cc1ncc(C(=O)NCCN2CC3CCC2CC3)cc1NC(=O)c1cnn2cc(-c3cnn(CC#N)c3)sc12,,9.037860356969059,9.037860356969059,0.9954887
SEVLVXNXXCPJLE,Cc1ncc(NC(=O)CN2CCC[C@@H]2C)cc1Nc1nn(C)c2nc(Nc3cnn(C4COC4)c3)ncc12,,9.004386962153752,9.004386962153752,0.99743277
GIYPCCHBGWVVDM,Cc1ncc(NC(=O)CN2CCCCC2)cc1NC(=O)c1cnn2cc(-c3cnn4c3OCCC4)sc12,,9.037860356969059,9.037860356969059,0.99975806
XVZQHYSMLZBGSR,Cc1ncc(C(=O)NCCN2CCCC23CCC3)cc1NC(=O)c1cnn2cc(-c3cnn4c3COCC4)sc12,,8.975390988664909,8.975390988664909,0.999951
VEZOEEIUQRVJSW,Cc1ncc(NC(=O)CCN2CCCC2(C)C)cc1NC(=O)c1cnn2cc(-c3cnn(C)c3)sc12,,9.037860356969059,9.037860356969059,0.9802941
CDGMPZUFAMHORB,Cc1ncc(NC(=O)CN2CCCC2(C)C)cc1NC(=O)c1cnn2cc(Nc3ncccc3C=N)sc12,,8.975390988664909,8.975390988664909,0.92654485
JRUAIQGVXVTCOQ,CO[C@@H]1CCN(CC(=O)Nc2cnc(C)c(Nc3nn(C)c4nc(Nc5cnn(C)c5)ncc34)c2)C1,,8.91841931251149,8.91841931251149,0.9903054
YTTBUQSKQPPCQD,Cc1ncc(NC(=O)OC[C@@H]2CCCN2C)cc1NC(=O)c1cnn2cc(-c3cn(C)nc3C)sc12,,9.037860356969059,9.037860356969059,0.9971903
UULYXELMKPCXOS,Cc1ncc(C(=O)NCCC2CCCCC2)cc1Nc1nn(C)c2nc(Nc3cncc(CC(=O)O)c3)ncc12,,8.906239639581768,8.906239639581768,0.44373098
IWZBEKNAQSMBSB,Cc1ncc(C(=O)NCCN2C3CCC2COC3)cc1NC(=O)c1cnn2cc(-c3cnn(C)c3)sc12,,9.037860356969059,9.037860356969059,0.9782576
LZHHVPRRLOFIPT,Cc1ncc(C(=O)NCCN(CCCO)C2CCCC2)cc1Nc1nn(C)c2nc(Nc3cnn(C)c3)ncc12,,8.959686756539096,8.959686756539096,0.9201168
YUYREMMDDYQCIE,Cc1ncc(NC(=O)CN2CCc3ncccc3C2)cc1NC(=O)c1cnn2cc(-c3cnn(C)c3)sc12,,7.952572354958161,7.952572354958161,0.99686414
CXHRKKVDAOXMHE,Cc1ncc(C(=O)NCCN2CCCOCC2)cc1Nc1nn(C)c2nc(Nc3cnn(C)c3)ncc12,,8.92818038236273,8.92818038236273,0.7812734
RLLGVPWOZCPNNV,CC(=O)N1CCN(CCNC(=O)c2cnc(C)c(NC(=O)c3cnn4cc(-c5cnn(C)c5)sc34)c2)CC1,,7.798791923546691,7.798791923546691,0.9893084
VMOZWVAAQHNYPC,Cc1ncc(C(=O)NCCN2CCCC2(C)C)cc1NC(=O)c1cnn2cc(-c3cccc(C(=O)O)c3)sc12,,8.197293600923475,8.197293600923475,0.88522536
QZNABLJFNHGSME,Cc1ncc(NC(=O)CN2CCC[C@@H]2C)cc1NC(=O)c1cnn2cc(-c3cnn4c3OCCC4)sc12,,9.030240373690692,9.030240373690692,0.9997601
VVVVMSIGRFUYAD,Cc1ncc(NC(=O)CN2[C@H](C)COC[C@@H]2C)cc1NC(=O)c1cnn2cc(-c3cnn(C)c3)sc12,,8.42818038236273,8.42818038236273,0.9926279
UCJBFGSIDYKRFP,Cc1ncc(NC(=O)CN2CCCC23CCC3)cc1NC(=O)c1cnn2cc(-c3cnc4n3CCOC4)sc12,,8.919315998882514,8.919315998882514,0.999877
RULCWUXADFMKET,Cc1ncc(NC(=O)CCN2CCCC23CC3)cc1NC(=O)c1cnn2cc(-c3cnn(C)c3)sc12,,9.030240373690692,9.030240373690692,0.96349275
YBVWZOIYQIGXRL,Cc1ncc(C(=O)NCCN2CCCCC23CC3)cc1Nc1nn(C)c2nc(Nc3cncnc3)ncc12,,8.895242492728684,8.895242492728684,0.9645839
GLHUIHDBBZNIAW,Cc1ncc(NC(=O)CN2CCC3(CC2)COC3)cc1NC(=O)c1cnn2cc(-c3cnn(C)c3)sc12,,7.786744369317712,7.786744369317712,0.99806744
ACPSPLZSDGAIBX,COCCn1cc(-c2cn3ncc(C(=O)Nc4cc(NC(=O)CN5CCCC6(CC6)C5)cnc4C)c3s2)cn1,,8.960409376976187,8.960409376976187,0.9989183
UJOKPNSUEVWFPK,Cc1ncc(C(=O)NCCN2CCCC23CCC3)cc1NC(=O)c1cnn2cc(-c3cnn4c3OCCC4)sc12,,9.022878745280337,9.022878745280337,0.9979876
VSWUPWBQEDOWAZ,Cc1ncc(C(=O)NCCN2CCOC3(CC3)C2)cc1Nc1nn(C)c2nc(Cc3cnn(C)c3)ncc12,,8.944705144850374,8.944705144850374,0.99624264
UONGIYKGQAUWTL,Cc1ncc(NC(=O)CN2C[C@H](C)O[C@@H](C)C2)cc1NC(=O)c1cnn2cc(-c3c[nH]nc3C)sc12,,8.960409376976187,8.960409376976187,0.9998055
CNRYLMLOBXSPIK,Cc1ncc(C(=O)NCCN2CCOCC23CC3)cc1Nc1nn(C)c2nc(Cc3cnn(C)c3)ncc12,,8.891258027893047,8.891258027893047,0.9912152
YLRSFGOOAQBADR,CC[C@@H]1CN(CCNC(=O)c2cnc(C)c(Nc3nn(C)c4nc(Nc5cnn(C)c5)ncc34)c2)CCO1,,8.98940535046503,8.98940535046503,0.8752736
PNJVLNCNPUSERC,Cc1ncc(C(=O)NCCN2C3CCC2CC3)cc1NC(=O)c1cnn2cc(-c3cnn(C)c3C)sc12,,9.022878745280337,9.022878745280337,0.99970275
BLVPUDZXIVIEHZ,Cc1ncc(NC(=O)C[C@H]2CCN(C(C)C)C2)cc1NC(=O)c1cnn2cc(-c3cnn(C)c3)sc12,,7.707676108985187,7.707676108985187,0.9970624
UQHPELAIMRWTGN,COCCn1cc(-c2cn3ncc(C(=O)Nc4cc(NC(=O)CN5CCCCCC5)cnc4C)c3s2)cn1,,8.960409376976187,8.960409376976187,0.9967597
NEHBXMBQXFEVIM,COCCn1cc(-c2cn3ncc(C(=O)Nc4cc(NC(=O)CN5CCC5C(C)C)cnc4C)c3s2)cn1,,8.960409376976187,8.960409376976187,0.99642545
VWXNLXNVTFQTHF,COC1(C)CN(CC(=O)Nc2cnc(C)c(NC(=O)c3cnn4cc(-c5cn(C)nc5C)sc34)c2)C1,,9.015758525723033,9.015758525723033,0.99920434
DVFWGLARQCMYJG,Cc1ncc(C(=O)NCCN2CCCC2(C)C)cc1NC(=O)c1cnn2cc(-c3cnn(C)c3C)sc12,,9.015758525723033,9.015758525723033,0.99989533
ZQVZOVNUVBFGTK,Cc1ncc(NC(=O)C[C@H]2CCCN2C(C)C)cc1NC(=O)c1cnn2cc(-c3cnn4c3OCCC4)sc12,,9.015758525723033,9.015758525723033,0.9995896
MOPBLIPPCAYWTD,COC1CCN(CC(=O)Nc2cnc(C)c(Nc3nn(C)c4nc(Nc5cnn(C)c5)ncc34)c2)CC1,,8.93758492529307,8.93758492529307,0.9822112
KXXRMCDCROSAAS,Cc1ncc(C(=O)NCCN2CCCC23CC3)cc1Nc1nn(C)c2nc(Cc3cnn(C)c3)ncc12,,8.91369853439507,8.91369853439507,0.9864031
PKTFGUMWUCJEQE,COCCn1cc(-c2cn3ncc(C(=O)Nc4cc(NC(=O)CN5CCC56CCC6)cnc4C)c3s2)cn1,,8.953289157418883,8.953289157418883,0.9917557
NNOVSVJTRDYLSF,Cc1ncc(C(=O)NCCN2CCCC23COC3)cc1NC(=O)c1cnn2cc(-c3cn(C)nc3C)sc12,,8.904834150914855,8.904834150914855,0.9953615
SDHDYKDDXUJMQV,Cc1ncc(C(=O)NCCN2CCCC2(C)C)cc1Nc1nn(C)c2nc(Nc3ccnc(N)c3)ncc12,,8.969273760456403,8.969273760456403,0.9695201
ICQBJROXAODAMS,Cc1ncc(C(=O)NCCN2CCCC23CCC3)cc1Nc1nn(C)c2nc(Nc3cncnc3)ncc12,,8.91604609499926,8.91604609499926,0.95737064
PDWLTSBBBZZRJP,Cc1ncc(NC(=O)CN2CCCC23CC3)cc1NC(=O)c1cnn2cc(-c3cnn(CCO)c3)sc12,,8.946395015176066,8.946395015176066,0.98240846
OEZMQNASYYQCRO,Cc1ncc(C(=O)NCCN2CCCC2(C)C)cc1NC(=O)c1cnn2cc(-c3cncc(S(C)(=O)=O)c3)sc12,,7.78814774556491,7.78814774556491,0.9751381
RDHZYMHNPOXCJA,Cc1ncc(NC(=O)CN(CCCO)C2CCCC2)cc1Nc1nn(C)c2nc(Nc3cnn(C)c3)ncc12,,8.897940008672037,8.897940008672037,0.9722908
YFRNKHQWRHJYTG,CCCNCC(=O)Nc1cnc(C)c(NC(=O)c2cnn3cc(-c4cnn5c4OCCC5)sc23)c1,,8.851667404869234,8.851667404869234,0.9987453
QJEMKUSSUKXWSS,Cc1ncc(NC(=O)CN2CCC3(CCC3)C2)cc1NC(=O)c1cnn2cc(-c3cnn(CCO)c3)sc12,,8.891258027893047,8.891258027893047,0.9990109
MSPDISLEGLSBSZ,Cn1cc(Nc2ncc3c(Nc4cc(C(=O)NCCN5CC(C)(C)C5)ccc4F)nn(C)c3n2)cn1,,8.988168040901103,8.988168040901103,0.8955613
MQPSFOAZDMATSA,COCCn1cc(-c2cn3ncc(C(=O)Nc4cc(NC(=O)CN5CC6CCC5CC6)cnc4C)c3s2)cn1,,8.939713034397075,8.939713034397075,0.9969007
HYQKYHIDQDJOMC,COCCn1cc(-c2cn3ncc(C(=O)Nc4cc(NC(=O)CN5CCC(C)(C)C5)cnc4C)c3s2)cn1,,8.939713034397075,8.939713034397075,0.9968087
DBAADQCQCFILTN,Cc1ncc(C(=O)NCCN2CCCC2(C)C)cc1NC(=O)c1cnn2cc(-c3c(C)n[nH]c3C)sc12,,8.939713034397075,8.939713034397075,0.9998282
RFQSKIJXGODSKB,Cc1ncc(NC(=O)CNCC(C)C)cc1NC(=O)c1cnn2cc(-c3cnn4c3OCCC4)sc12,,8.939713034397075,8.939713034397075,0.9987606
YFKIYMUKHWUQBU,Cc1ncc(NC(=O)CCN2CCCC2(C)C)cc1NC(=O)c1cnn2cc(-c3ccn(C)n3)sc12,,9.002182402701225,9.002182402701225,0.9547752
PKSFMVDTOSQYOT,Cc1ncc(NC(=O)CN2CC(C)(C)C2)cc1NC(=O)c1cnn2cc(-c3cnn(CCO)c3)sc12,,8.939713034397075,8.939713034397075,0.99591285
ZHEGVRPGHLFUFK,Cc1ncc(C(=O)NCCN2CCCC2(C)C)cc1Nc1nn(C)c2nc(Nc3ccnn3C)ncc12,,7.976302201923472,7.976302201923472,0.9696539
IZCRWLLBTRCHSB,COCCn1cc(-c2cn3ncc(C(=O)Nc4cc(C(=O)NCCN5CCC(F)(F)CC5)cnc4C)c3s2)cn1,,8.84518491628705,8.84518491628705,0.99115634
ISJGNUCPZYAMRL,Cc1ncc(C(=O)NCCN(CCF)C2CCCC2)cc1Nc1nn(C)c2nc(Nc3cnn(C)c3)ncc12,,8.9076542845912,8.9076542845912,0.92193985
NHYGUHNLOPAJMG,Cc1ncc(NC(=O)CN2CCCC2(C)C)cc1NC(=O)c1cnn2cc(-c3cnn(C(C)(C)CO)c3)sc12,,8.93323054581489,8.93323054581489,0.9974775
BGYCUWZBFIORRX,Cc1ncc(NC(=O)CN2CCCC23CCC3)cc1NC(=O)c1cnn2cc(-c3cnn(CCO)c3)sc12,,8.93323054581489,8.93323054581489,0.98467004
RKNWPASZOCKSCI,Cc1ncc(C(=O)NCCN(C)C2CCOCC2)cc1Nc1nn(C)c2nc(Cc3cnn(C)c3)ncc12,,8.917526313689079,8.917526313689079,0.52494085
DSHYYRVMYRWWNR,COCCN(CCNC(=O)c1cnc(C)c(Nc2nn(C)c3nc(Nc4cnn(C)c4)ncc23)c1)C1CCCC1,,8.872122606678477,8.872122606678477,0.91477954
NXNADKGRAJYOLG,COCCn1cc(-c2cn3ncc(C(=O)Nc4cc(NC(=O)[C@@H]5CCCN5C(C)C)cnc4C)c3s2)cn1,,7.768613885794694,7.768613885794694,0.92339736
QFJRNIYQILLNNK,Cc1ncc(C(=O)NCCN2CCCC2(C)C)cc1NC(=O)c1cnn2cc(-c3ccn(C)n3)sc12,,8.98940535046503,8.98940535046503,0.98500293
IXDMBIUWKVGMMD,Cc1ncc(NC(=O)CN2CCC(C)C2)cc1NC(=O)c1cnn2cc(-c3cn(C)nc3C)sc12,,8.98940535046503,8.98940535046503,0.9991872
NQIQQWDSCGWACP,Cc1ncc(NC(=O)CN2C[C@@H](C)O[C@H](C)C2)cc1NC(=O)c1cnn2cc(-c3cn(C)nc3C)sc12,,8.878480975656853,8.878480975656853,0.9994711
KQKZZNDUESJWNC,COCCN(CCNC(=O)c1cnc(C)c(Nc2nn(C)c3nc(Nc4cnn(C)c4)ncc23)c1)C1CCC1,,8.926316446103106,8.926316446103106,0.91831213
GCPPJRXVBZIROE,Cc1ncc(C(=O)NCCN2CCCC2)cc1NC(=O)c1cnn2cc(-c3cn(C)nc3C)sc12,,8.983288122256525,8.983288122256525,0.9965442
XTBMPMIBULVZDZ,COCCn1cc(Nc2ncc3c(Nc4cc(NC(=O)CN5CCC[C@@H]5C)cnc4C)nn(C)c3n2)cn1,,8.885799820648497,8.885799820648497,0.75223345
OCSSFMZTLXDITD,Cc1ncc(C(=O)NCCN2CC3CCC2CC3)cc1NC(=O)c1cnn2cc(-c3cnn(C4COC4)c3)sc12,,8.983288122256525,8.983288122256525,0.99977344
DFBPDAQORVBFBD,Cc1ncc(C(=O)NCCN2CCCC2(C)C)cc1NC(=O)c1cnn2cc(-c3ccc(=O)n(C)c3)sc12,,7.917051545003746,7.917051545003746,0.9830389
KDRIEDDDVBBDNB,COCCn1cc(-c2cn3ncc(C(=O)Nc4cc(NC(=O)CN5CCC6(CC6)C5)cnc4C)c3s2)cn1,,8.914869142302521,8.914869142302521,0.9988686
IECIVSCIBPQVGV,Cc1ncc(NC(=O)CN2CC3(CCCCO3)C2)cc1NC(=O)c1cnn2cc(-c3cnn4c3OCCC4)sc12,,8.914869142302521,8.914869142302521,0.99968195
WUXJXGODIWITMI,Cc1ncc(C(=O)NCCN2CCCC(F)(F)C2)cc1Nc1nn(C)c2nc(Nc3cncnc3)ncc12,,8.837961710130257,8.837961710130257,0.83004004
OEKIIGNKMSQLNN,Cc1ncc(NC(=O)CN2CCCC2(C)C)cc1NC(=O)c1cnn2cc(-c3cnn(CCO)c3)sc12,,8.866414135798493,8.866414135798493,0.992931
YICMZFFZWBBFPV,Cc1ncc(NC(=O)CN(C)C2CCOCC2)cc1NC(=O)c1cnn2cc(-c3cnn(C4CCC4)c3)sc12,,8.977338510606671,8.977338510606671,0.999448
GUXHUBQXFXZUCM,Cc1ncc(C(=O)NCCN2CCCC2(C)C)cc1Nc1nn(C)c2nc(Nc3ccncc3)ncc12,,8.860623199523586,8.860623199523586,0.9838321
HSASMYCJAHXTPO,Cc1ncc(C(=O)NCCN2CCCC2(C)C)cc1Nc1nn(C)c2nc(Nc3ccc(N4CCOCC4)nc3)ncc12,,8.926007339658097,8.926007339658097,0.98315144
ZXYVWKYLUPYZGL,Nc1nccc(COc2ccc3nc(NC4CCCCC4)sc3c2)c1Cl,,8.42021640338319,8.42021640338319,0.7345508
KZMHUAXFDCBHFR,Cc1ncc(C(=O)NCCN2CC3COCC3C2)cc1Nc1nn(C)c2nc(Cc3cnn(C)c3)ncc12,,8.83217077385535,8.83217077385535,0.9794987
ADQFCJPJPSMSDK,Cc1ncc(C(=O)NCCN2CCCC2(C)C)cc1Nc1nn(C)c2nc(Nc3cncc(C(=O)O)c3)ncc12,,7.927184292354836,7.927184292354836,0.30996433
XMTRZGRTDYCCLJ,Cc1ncc(C(=O)NCCN2CCC23CCC3)cc1NC(=O)c1cnn2cc(-c3cn(C)nc3C)sc12,,8.860623199523586,8.860623199523586,0.99312323
PTVFXNMNTSEYQM,COCCCN(CCNC(=O)c1cnc(C)c(Nc2nn(C)c3nc(Nc4cnn(C)c4)ncc23)c1)C1CCC1,,8.888381863448501,8.888381863448501,0.91618896
JDGFQYCNMQLLQA,Cc1ncc(NC(=O)CN2CC(C)(C)C2)cc1NC(=O)c1cnn2cc(-c3cnn(CC(C)O)c3)sc12,,8.909078206027614,8.909078206027614,0.99464875
NJUFJFYRHSYQPT,Cc1ncc(C(=O)NCCN2C[C@H](C)O[C@@H](C)C2)cc1Nc1nn(C)c2nc(Nc3ccncc3)ncc12,,8.863847077798956,8.863847077798956,0.9868629
VYPWRNSDLCSEFI,Cc1ncc(C(=O)NCCN2CCCC2(C)C)cc1NC(=O)c1cnn2cc(-c3cn(C)cn3)sc12,,8.965907069126919,8.965907069126919,0.9905848
KKFQVJLSZRBUBD,Cc1ncc(NC(=O)CNC2CCC2)cc1NC(=O)c1cnn2cc(-c3cnn4c3OCCC4)sc12,,8.903437700822769,8.903437700822769,0.9992908
SGZUMSITGXKJBN,Cc1ncc(C(=O)NCCN2CCCC2(C)C)cc1Nc1nn(C)c2nc(Nc3cccnc3)ncc12,,8.815392071294928,8.815392071294928,0.9737577
SYAFFRRFRZPRPO,Cc1ncc(NC(=O)CN2C[C@H](C)O[C@@H](C)C2)cc1NC(=O)c1cnn2cc(-c3cc[nH]n3)sc12,,8.897940008672037,8.897940008672037,0.99424696
XUHLLACIIMADOI,Cc1ncc(C(=O)NCCN2CCCC23CCC3)cc1NC(=O)c1cnn2cc(-c3cnn(C)c3)sc12,,8.809894379144197,8.809894379144197,0.9816445
IMQJXPOWMPQHGM,Cc1ncc(NC(=O)CN2C[C@@H](C)O[C@H](C)C2)cc1NC(=O)c1cnn2cc(-c3cnn(C)c3C)sc12,,8.84948500216801,8.84948500216801,0.9999931
JKHZVQCTQLHTRW,Cc1ncc(NC(=O)C2CN(C(C)C)C2)cc1NC(=O)c1cnn2cc(-c3cnn4c3OCCC4)sc12,,8.897940008672037,8.897940008672037,0.9976476
BHWGNSQYXQXNNL,Cc1ncc(NC(=O)CN2CCn3ccnc3C2)cc1NC(=O)c1cnn2cc(-c3cnn(C)c3)sc12,,7.857559142672274,7.857559142672274,0.99720496
FGQBWCXIIJWQPA,Cc1ncc(C(=O)NCCN2CCC3(CC3)C2)cc1NC(=O)c1cnn2cc(-c3cnn(C)c3C)sc12,,8.9550474442803,8.9550474442803,0.999995
UGEHXUYVDZYUSB,COCCn1cc(-c2cn3ncc(C(=O)Nc4cc(NC(=O)CN5CCCC56CCC6)cnc4C)c3s2)cn1,,8.80453244644831,8.80453244644831,0.9929745
GEOAVSDBMKBCQG,Cc1ncc(NC(=O)C2CCN(C(C)C)C2)cc1NC(=O)c1cnn2cc(-c3cnn4c3OCCC4)sc12,,8.9550474442803,8.9550474442803,0.99730206
VSMHPPHECMZJQQ,COC(=O)Cc1cccc(Nc2ncc3c(Nc4cc(C(=O)NCCN5CCCC5(C)C)cnc4C)nn(C)c3n2)c1,,8.827411191728647,8.827411191728647,0.9954834
BLCOOQWYHZNROG,Cc1ncc(C(=O)NCCN2CCCC2(C)C)cc1Nc1nn(C)c2nc(Nc3ccc(=O)[nH]n3)ncc12,,7.72009873727318,7.72009873727318,0.9836352
JNSRYMNVXLAGSI,Cc1ncc(C(=O)NCCN2CC3CCC2CC3)cc1NC(=O)c1cnn2cc(-c3ccncc3)sc12,,8.949814727441218,8.949814727441218,0.9761193
PDJIFBALTOZDOA,COCCn1cc(-c2cn3ncc(C(=O)Nc4cc(C(=O)NCCN5CC6CCC5CC6)cnc4C)c3s2)cn1,,8.83889035263304,8.83889035263304,0.99691427
DQSPBGBMYNLDEK,COCCn1cc(-c2cn3ncc(C(=O)Nc4cc(C(=O)NCCN5CCC(F)(F)C5)cnc4C)c3s2)cn1,,8.83889035263304,8.83889035263304,0.9949301
RAFBEZNYBVWYEX,Cc1ncc(NC(=O)CCN2CCCC2(C)C)cc1NC(=O)c1cnn2cc(-c3cnn(CCO)c3)sc12,,8.887345359137068,8.887345359137068,0.9902625
RKPVNFHLMKDJAV,COC1CCN(CCNC(=O)c2cnc(C)c(Nc3nn(C)c4nc(Cc5cnn(C)c5)ncc34)c2)CC1,,8.887345359137068,8.887345359137068,0.7299849
ZDFPLWIKVCYSLD,Cc1ncc(NC(=O)OC[C@@H]2CCCN2C)cc1NC(=O)c1cnn2cc(-c3cc[nH]c3)sc12,,8.887345359137068,8.887345359137068,0.96380734
IZPQDFPZOXUPSA,Cc1ncc(NC(=O)CN2CCC(C)(C)C2)cc1NC(=O)c1cnn2cc(-c3cnn(CCO)c3)sc12,,8.799299729609228,8.799299729609228,0.99754876
WQHICCXBXRJDGL,Cc1ncc(NC(=O)C2(C(=O)N3CCNCC3)CC2)cc1Nc1nn(C)c2nc(Nc3cnn(C)c3)ncc12,,7.600619448119326,7.600619448119326,0.8200196
ZGMAXBMWBQIYLK,Cc1ncc(NC(=O)CN2CC(C)(C)C2)cc1NC(=O)c1cnn2cc(-c3cnn(C4CCS(=O)(=O)CC4)c3)sc12,,8.944705144850374,8.944705144850374,0.9990797
FGZXQXLFDQDMCN,CCOC1CN(CC(=O)Nc2cnc(C)c(NC(=O)c3cnn4cc(-c5cccnc5OC)sc34)c2)C1,,8.944705144850374,8.944705144850374,0.99601066
LUXWXHAGJYCNNX,Cc1ncc(C(=O)NCCN2CCC3(CC2)COC3)cc1Nc1nn(C)c2nc(Cc3cnn(C)c3)ncc12,,8.829480684161238,8.829480684161238,0.9925552
MJULTGYQYZGSOI,Cc1ncc(C(=O)NCCN2CCCC2(C)C)cc1NC(=O)c1cnn2cc(-c3ccc(N)nc3)sc12,,8.833780770042196,8.833780770042196,0.99161446
NOSSXFWHKUZWGE,CC(=O)Nc1ccnc(-c2cn3ncc(C(=O)Nc4cc(C(=O)NCCN5CC6CCC5CC6)cnc4C)c3s2)c1,,8.794190147018384,8.794190147018384,0.9878879
ZMSYYKVRYFYKNF,Cc1ncc(C(=O)NCCN2C[C@H]3CC[C@@H]2C3)cc1NC(=O)c1cnn2cc(-c3cnn(C)c3C)sc12,,8.944705144850374,8.944705144850374,0.9999485
NQYHPDQFOZPQPQ,Cn1cc(-c2cn3ncc(C(=O)Nc4cc(C(=O)NCCN5CCCC5(C)C)ccc4F)c3s2)cn1,,8.939713034397075,8.939713034397075,0.9886131
PLQNPRCEWJWGEH,Cc1ncc(NC(=O)CN2CCC[C@H]2C)cc1NC(=O)c1cnn2cc(-c3nn(C)nc3C)sc12,,8.877243666092925,8.877243666092925,0.7548535
POGIDDLXEMFQFD,Cc1ncc(NC(=O)CN2C[C@H](C)O[C@@H](C)C2)cc1NC(=O)c1cnn2cc(-c3cnn4c3OCCC4)sc12,,8.784318117920506,8.784318117920506,0.9998926
GEPQYOQYTWBYHQ,Cc1ncc(C(=O)NCCN2CCCC2(C)C)cc1NC(=O)c1cnn2cc(-c3cnn(Cc4cc(OCc5ccccc5)no4)c3)sc12,,8.823908740944319,8.823908740944319,0.9773038
WVDDOTMDTPIPRI,Cc1ncc(C(=O)NCCN2C[C@H](C)O[C@@H](C)C2)cc1Nc1nn(C)c2nc(Nc3ccnc(N4CCC(CCO)CC4)c3)ncc12,,8.795456315276082,8.795456315276082,0.9865414
FPQUNZLOEPFQCC,COC1CN(CC(=O)Nc2cnc(C)c(Nc3nn(C)c4nc(Nc5cnn(C)c5)ncc34)c2)C1,,8.828295703098071,8.828295703098071,0.9946765
NFPWDHULXHNKBF,Cc1ncc(C(=O)NCCN2CCC3(CCO3)CC2)cc1Nc1nn(C)c2nc(Cc3cnn(C)c3)ncc12,,8.815392071294928,8.815392071294928,0.98929554
WJMBOIMRZWIXBW,Cc1ncc(C(=O)NCCN2CCC(F)(F)C2)cc1NC(=O)c1cnn2cc(-c3cnn(C)c3)sc12,,8.872363747448347,8.872363747448347,0.99235946
FUGSVOIFJRRLGZ,Cc1ncc(C(=O)NCCNCCO)cc1NC(=O)c1cnn2cc(-c3cnn(C)c3)sc12,,7.4427278663970675,7.4427278663970675,0.9556537
OAUFNENQOUJVAD,Cc1ncc(NC(=O)CNCC2CC2)cc1NC(=O)c1cnn2cc(-c3cnn4c3CCC4)sc12,,8.867591088495232,8.867591088495232,0.9991326
XMFRYCCSCOFWTH,Cc1ncc(C(=O)NCCN2CCCC23COC3)cc1NC(=O)c1cnn2cc(-c3cnn(C)c3)sc12,,8.867591088495232,8.867591088495232,0.98664063
YGIOKUBKPJKPQS,Cc1ncc(NC(=O)CN2CC(C)(C)C2)cc1NC(=O)c1cnn2cc(-c3cnn(C4CCNCC4)c3)sc12,,8.867591088495232,8.867591088495232,0.99945146
KFWDCLHULDHRBC,COCCn1cc(-c2cn3ncc(C(=O)Nc4cc(NC(=O)CN5CCC(C6CC6)C5)cnc4C)c3s2)cn1,,8.867591088495232,8.867591088495232,0.99812704
YMZRKYWRUKEXGK,Cc1ncc(NC(=O)CN2CC(C)(C)C2)cc1NC(=O)c1cnn2cc(-c3cccnc3OC(F)(F)F)sc12,,8.867591088495232,8.867591088495232,0.986974
NIUMEBZSKODLKC,COc1ncccc1-c1cn2ncc(C(=O)Nc3cc(NC(=O)C4CCCCN4C(C)C)cnc3C)c2s1,,8.930060456799382,8.930060456799382,0.8680479
TVXQIBDXZZRHFS,COc1ncc(-c2cn3ncc(C(=O)Nc4cc(NC(=O)CN5CC(C)(C)C5)cnc4C)c3s2)c(OC)n1,,8.819136081991203,8.819136081991203,0.98465294
CUIKQRAOXHJILG,Cc1ncc(NC(=O)CN2CCC[C@@H]2C)cc1Nc1nn(C)c2nc(Nc3cn(C)cn3)ncc12,,7.651115152812395,7.651115152812395,0.97480553
LEQCKAKYKZUXBD,Cc1ncc(NC(=O)CN(C)C2CCOCC2)cc1NC(=O)c1cnn2cc(-c3cnn(C)c3)sc12,,8.814466068864132,8.814466068864132,0.9912328
JDKHSCVPCUSFRQ,COCCN(CCNC(=O)c1cnc(C)c(NC(=O)c2cnn3cc(-c4cnn(C)c4)sc23)c1)C1CCC1,,8.86292107536816,8.86292107536816,0.99227107
BRSDLOJDQXQBAW,COCCn1cc(-c2cn3ncc(C(=O)Nc4cc(NC(=O)CCN5CCCC5(C)C)cnc4C)c3s2)cn1,,8.847216843242347,8.847216843242347,0.9895454
FJXFHISRZWVXOI,Cc1ncc(NC(=O)CN2CCC[C@@H]2C)cc1NC(=O)c1cnn2cc(-c3ccnc(N4CCOCC4)c3)sc12,,8.92539044367231,8.92539044367231,0.9971148
VGWPIGWSCHOHPD,Cc1ncc(C(=O)NCCN2CCCC2(C)C)cc1NC(=O)c1cnn2cc(-c3cnn(C)c3)sc12,,8.86292107536816,8.86292107536816,0.99214315
UDXBZVMUIUZQDH,CCCNCC(=O)Nc1cnc(C)c(NC(=O)c2cnn3cc(-c4cnn5c4CCC5)sc23)c1,,8.86292107536816,8.86292107536816,0.998828
OSQJCMQKYAJOLA,Cn1nc(Nc2cc(C(=O)NCCN3CCCC3(C)C)ccc2F)c2cnc(Nc3ccncn3)nc21,,7.56142955510759,7.56142955510759,0.7049477
WYOQWDWTAPLGMZ,Cc1ncc(C(=O)NCCN2CCCC2(C)C)cc1Nc1nn(C)c2nc(Nc3ccnc(N4CCN(CCO)CC4)c3)ncc12,,8.789198036565084,8.789198036565084,0.9749971
FFHMDRFGXQVDCX,Cc1ncc(NC(=O)CN2CCC[C@@H]2C)cc1NC(=O)c1cnn2cc(-c3cnn4c3COCC4)sc12,,8.858349385648225,8.858349385648225,0.9999783
UXAFJKONKGDZJM,COCCn1cc(-c2cn3ncc(C(=O)Nc4cc(NC(=O)CN5CCCCC5)cnc4C)c3s2)cn1,,8.858349385648225,8.858349385648225,0.996709
GJTIOVDEYCHDFQ,Cc1ncc(C(=O)NCCN2CCC3(CC3)C2)cc1Nc1nn(C)c2nc(Nc3cncnc3)ncc12,,8.881228130928562,8.881228130928562,0.98289144
IKFTXECQCDSRME,COCCn1cc(-c2cn3ncc(C(=O)Nc4cc(NC(=O)CN5CC(C)(C)C5)cnc4C)c3s2)cn1,,8.853871964321762,8.853871964321762,0.9949293
DQJSEKIOEPFPGZ,Cc1ncc(C(=O)NCCNC2CCC2)cc1NC(=O)c1cnn2cc(-c3cnn4c3CCC4)sc12,,8.916341332625912,8.916341332625912,0.99886155
CXANIKFZYPMJBP,Cc1ncc(C(=O)NCCN2CCCC2(C)C)cc1NC(=O)c1cnn2cc(-c3cnn(CCO)n3)sc12,,8.805416957817734,8.805416957817734,0.9864472
XMPHQPJBQQHTLO,COc1ncccc1-c1cn2ncc(C(=O)Nc3cc(NC(=O)CN4CC5(COC5)C4)cnc3C)c2s1,,8.916341332625912,8.916341332625912,0.997405
PAGLODDYSHHUBF,COCCCc1cn2ncc(C(=O)Nc3cc(C(=O)NCCN4CCCC4(C)C)cnc3C)c2s1,,7.654901959985743,7.654901959985743,0.98518306
JPDMKNFZFMJFAS,COC1CCN(CC(=O)Nc2cnc(C)c(NC(=O)c3cnn4cc(-c5cn(C)nc5C)sc34)c2)C1,,8.84948500216801,8.84948500216801,0.999114
URBXXCVZVXCXAE,Cc1ncc(C(=O)N2CC2CNC(C)(C)C)cc1NC(=O)c1cnn2cc(-c3cccc4c3cnn4C)sc12,,7.702527631652458,7.702527631652458,0.95606726
IEXCOTPWPHXTAH,Cc1ncc(C(=O)NCCN2CC3CCC2CC3)cc1NC(=O)c1cnn2cc(-c3cccnc3)sc12,,8.91195437047216,8.91195437047216,0.97691274
UPHQDJBVWYNISA,Cc1ncc(NC(=O)CN2CCCC2(C)C)cc1NC(=O)c1cnn2cc(-c3cnn(C)c3)sc12,,8.801029995663981,8.801029995663981,0.9836083
SQOYPASDJUEHSI,Cc1ncc(NC(=O)CCN2CCCC2(C)C)cc1NC(=O)c1cnn2cc(-c3ccnn3C)sc12,,8.801029995663981,8.801029995663981,0.99594754
UTBMAOJDYUOUJT,Cc1ncc(NC(=O)CN2CCC3(CC2)CC3)cc1NC(=O)c1cnn2cc(-c3cnn(CCO)c3)sc12,,8.757139286759209,8.757139286759209,0.9986065
JHEJWMOBXREPCL,Cc1ncc(NC(=O)CN(C)C2CCOCC2)cc1NC(=O)c1cnn2cc(-c3cnn(C4CC4)c3)sc12,,8.9076542845912,8.9076542845912,0.9996691
GRUNXMAAYXKITH,Cc1ncc(NC(=O)CN2CCCC23CC3)cc1NC(=O)c1cnn2cc(-c3cnn(C)c3)sc12,,8.796729909783021,8.796729909783021,0.9464713
IDDCCCBVJXEJIR,COCCn1cc(-c2cn3ncc(C(=O)Nc4cc(NC(=O)CCN5CCC56CCC6)cnc4C)c3s2)cn1,,8.84518491628705,8.84518491628705,0.9921645
DLGMFZASKURIEI,Cc1ncc(C(=O)NCCN2CCCC2(C)C)cc1Nc1nn(C)c2nc(Nc3ccnc(N4CCC(CCO)CC4)c3)ncc12,,8.792429823902063,8.792429823902063,0.97557974
HCOOQEXCQVWDKH,Cc1ncc(C(=O)NCCN2CC3CCC2CC3)cc1Nc1nn(C)c2nc(Nc3cncnc3)ncc12,,8.756572322361528,8.756572322361528,0.8960553
RNDXQSRWQQXVMC,Cc1ncc(C(=O)NCCN(CCO)CC2CCCCC2)cc1NC(=O)c1cnn2cc(-c3cnn(C)c3)sc12,,8.792513326014591,8.792513326014591,0.9916529
VRFXDZVRFNFFOI,Cc1ncc(C(=O)NCCN2CC3CCC2CC3)cc1NC(=O)c1cnn2cc(-c3cnn(CS(C)(=O)=O)c3)sc12,,8.748786440007784,8.748786440007784,0.99341017
VJSYPPRCANZJEC,Cc1ncc(C(=O)NCCN2CC(F)(F)C2)cc1NC(=O)c1cnn2cc(-c3cnn(C)c3)sc12,,8.899301437839775,8.899301437839775,0.9940181
DVARVCNUNROFKY,Cc1ncc(C(=O)NCCN2CCCC2(C)C)cc1NC(=O)c1cnn2cc(-c3cncnc3)sc12,,7.507826371207068,7.507826371207068,0.98314387
OWKNYAVFMXQCTR,Cc1ncc(NC(=O)CN2CC(C)(C)C2)cc1NC(=O)c1cnn2cc(-c3cnn(CC4CC4)c3)sc12,,8.832773124424534,8.832773124424534,0.99485105
HHUZCBVUVJSQCF,Cc1ncc(C(=O)NCC2CCCN2C)cc1NC(=O)c1cnn2cc(-c3cnn4c3CCC4)sc12,,8.891258027893047,8.891258027893047,0.999542
PDWRTZYOZXTFJD,Cc1ncc(C(=O)NCCN2CC(C)(C)C2)cc1NC(=O)c1cnn2cc(-c3cnn4c3COCC4)sc12,,8.780333653084869,8.780333653084869,0.9999093
WVRRSAYVMXSGCV,Cc1ncc(C(=O)NCCN2CC3CCC2CC3)cc1NC(=O)c1cnn2cc(-c3cnn(CC(N)=O)c3)sc12,,8.740743030061056,8.740743030061056,0.9897474
OVXAJNLLVCCGIQ,Cc1ncc(NC(=O)[C@@H]2C[C@@H](C)CN2C)cc1NC(=O)c1cnn2cc(-c3cnn(C)c3)sc12,,8.736830361305078,8.736830361305078,0.9424339
HCQAKABJVPCPTA,COCCn1cc(-c2cn3ncc(C(=O)Nc4cc(NC(=O)CN5CCCC5(C)C)cnc4C)c3s2)cn1,,8.77642098432889,8.77642098432889,0.99262637
DGEKRKGWIXOURE,Cc1ncc(C(=O)NCCN2CCOCC23CC3)cc1NC(=O)c1cnn2cc(-c3cnn(C)c3)sc12,,8.732986946971932,8.732986946971932,0.97912633
QDIZZCDMOMCTGA,Cc1ncc(C(=O)NCCN2CCCC2)cc1NC(=O)c1cnn2cc(-c3c(C)nn(C)c3C)sc12,,8.732986946971932,8.732986946971932,0.99605477
ULWGOSMWFZYQTD,CC(=O)Nc1cncc(-c2cn3ncc(C(=O)Nc4cc(NC(=O)CN5CC(C)(C)C5)cnc4C)c3s2)c1,,8.821032576499773,8.821032576499773,0.9897719
BEIAIBOGYLFZCK,COc1cc(OC)c(F)c(N2Cc3cnc4[nH]c(-c5cnn(C)c5)cc4c3N(C)C2=O)c1F,,8.244125144327509,8.244125144327509,0.6397858
PQQGYFRIBPGNME,Cc1ncc(C(=O)NCCN2CCCC2(C)C)cc1Nc1nn(C)c2nc(Nc3ccc(N)nc3)ncc12,,8.75586569225227,8.75586569225227,0.9896808
XGZNFOADPCFINS,Cc1ncc(NC(=O)CN2CCN(C)C(=O)C2)cc1NC(=O)c1cnn2cc(-c3cnn(C)c3)sc12,,7.597453560828663,7.597453560828663,0.99852633
QSEKXYBAWSKXIM,Cc1ncc(C(=O)NCCN2CC3CC(C3)C2)cc1NC(=O)c1cnn2cc(-c3cnn(C)c3)sc12,,8.817256007554551,8.817256007554551,0.9942557
CTFXQZOTRBNHTC,Cc1ncc(NC(=O)CNCC2CC2)cc1NC(=O)c1cnn2cc(-c3cnn4c3OCCC4)sc12,,8.72921037802671,8.72921037802671,0.9989556
OZTRTZMKHSYRPT,Cc1ncc(C(=O)NCCN2CCC(C)(C)C2)cc1Nc1nn(C)c2nc(Nc3cncnc3)ncc12,,8.822753699705281,8.822753699705281,0.85633564
WQQBCJVHGJFKLZ,Cc1ncc(C(=O)NCCN2CC[C@H](C)C2)cc1Nc1nn(C)c2nc(Cc3cncnc3)ncc12,,8.777665384530739,8.777665384530739,0.70930845
MVELRIAPHAZEPD,Cc1ncc(NC(=O)CN2CCCC(O)C2)cc1NC(=O)c1cnn2cc(-c3cnn(C)c3)sc12,,8.817256007554551,8.817256007554551,0.9963504
ULLKUUGKJSUTIG,Cc1ncc(C(=O)NCCN2CCC(F)(F)CC2)cc1NC(=O)c1cnn2cc(-c3cccnc3)sc12,,8.725498368987106,8.725498368987106,0.95239115
MOMJKQUDBRTCET,Cc1cc(C(=O)NCCN(C)C2CCCC2)sc1NC(=O)c1cnn2cc(-c3cnn(C)c3)sc12,,7.310982838771334,7.310982838771334,0.94884425
BTCPRFXVWZSHLQ,Cc1ncc(NC(=O)CN(C)C2CCOCC2)cc1NC(=O)c1cnn2cc(-c3cnn(CC#N)c3)sc12,,8.761439372640169,8.761439372640169,0.99453187
DGXYYFUOSCBLKN,COCCN(CCNC(=O)c1cnc(C)c(NC(=O)c2cnn3cc(-c4cnn(C)c4)sc23)c1)C(C)C,,8.721848749616356,8.721848749616356,0.9700668
ZCWBVMZEXKXXNU,Cc1ncc(NC(=O)CN2CCc3cnn(C)c3C2)cc1NC(=O)c1cnn2cc(-c3cnn(C)c3)sc12,,8.761439372640169,8.761439372640169,0.99997413
BMUYTAUXBICIHK,Cc1ncc(NC(=O)[C@H]2CCCN2C(C)C)cc1NC(=O)c1cnn2cc(-c3cnn4c3OCCC4)sc12,,8.761439372640169,8.761439372640169,0.99552506
ZMUGEPBCMYVQRT,Cc1ncc(C(=O)NCCN2CC3CCC2CC3)cc1NC(=O)c1cnn2cc(-c3cnn(C(F)F)c3)sc12,,8.806305086830635,8.806305086830635,0.9883752
ZCULRUMMOZBYMG,Cc1ncc(NC(=O)CN2CC(C)(C)C2)cc1NC(=O)c1cnn2cc(-c3cnn(C4COC4)c3)sc12,,8.806305086830635,8.806305086830635,0.99986076
WOGNKGGUGXSVCB,Cc1ncc(NC(=O)CN2CC(C)(C)C2)cc1NC(=O)c1cnn2cc(-c3cnn(C4CS(=O)(=O)C4)c3)sc12,,8.757850080326607,8.757850080326607,0.99944884
YWADLNNLYJEVCU,Cc1ncc(NC(=O)CN2CC(C)C2)cc1NC(=O)c1cnn2cc(-c3cnn4c3OCCC4)sc12,,8.865243527891042,8.865243527891042,0.999866
ORPPUTLSSYRSAT,Cc1ncc(C(=O)NCCN2CC[C@@H](C)C2)cc1Nc1nn(C)c2nc(Nc3cncnc3)ncc12,,8.808271851737622,8.808271851737622,0.84180003
XSTBLUCNOFZUBU,Cc1ncc(NC(=O)CN2CC(C)(C)C2)cc1NC(=O)c1cnn2cc(-c3ccnnc3C)sc12,,7.464427354774458,7.464427354774458,0.9892615
DDRUBBYCYGOSHM,Cc1ncc(NC(=O)CN2CCO[C@@H](C)C2)cc1NC(=O)c1cnn2cc(-c3cnn(C)c3)sc12,,8.7508447231052,8.7508447231052,0.9962645
ZJODSDXQDUMVMR,Cc1ncc(NC(=O)CN2CC(C)(C)C2)cc1NC(=O)c1cnn2cc(-c3cncnc3)sc12,,7.466743861071702,7.466743861071702,0.98962295
BJVXFVYOCAKSRG,Cc1ncc(NC(=O)CCN2CCC3(CC2)CC3)cc1NC(=O)c1cnn2cc(-c3cnn(C)c3)sc12,,8.795880017344075,8.795880017344075,0.9939766
KAHSMZLYONGRBT,COc1ncccc1-c1cn2ncc(C(=O)Nc3cc(NC(=O)CN4CC(OC)C4)cnc3C)c2s1,,8.795880017344075,8.795880017344075,0.99636614
ADBRHSORSDOVIW,Cc1ncc(NC(=O)OCC(C)(C)N2CCCC2)cc1NC(=O)c1cnn2cc(-c3cnn(C)c3)sc12,,8.744058319510563,8.744058319510563,0.9927296
HMVKLDGCELEJSP,Cc1ncc(NC(=O)CN2CC(C)(C)C2)cc1NC(=O)c1cnn2cc(-c3cnn(-c4cccnc4)c3)sc12,,8.835810198280631,8.835810198280631,0.99795747
GEDAJMNHPHXBRP,Cc1ncc(C(=O)NCCN2CCC3(CC3)C2)cc1NC(=O)c1cnn2cc(-c3cnn(C)c3)sc12,,8.835810198280631,8.835810198280631,0.9980884
ODJGHGJIQNTLLM,Cc1ncc(C(=O)NCCN2CC(C)(C)C2)cc1NC(=O)c1cnn2cc(-c3cnn(C)c3)sc12,,8.755020760287582,8.755020760287582,0.99501306
VOBMFPXTGHBSNU,Cc1ncc(NC(=O)CN2CC3(COC3)C2)cc1NC(=O)c1cnn2cc(-c3cnn4c3OCCC4)sc12,,8.740743030061056,8.740743030061056,0.99985933
SVMRNVBTLUOAMN,Cc1ncc(NC(=O)CN2CC(C)(C)C2)cc1NC(=O)c1cnn2cc(-c3cnc4n3CCOC4)sc12,,8.740743030061056,8.740743030061056,0.9999448
FMCLDFJJIAZKCA,Nc1nccc(COc2ccc3nc(N[C@@H]4CCCC[C@H]4O)sc3c2F)c1Cl,,8.173925197299173,8.173925197299173,0.6714656
AUOJZCDLRTXKDN,Cc1ncc(C(=O)NCCN2CCC3(CCC3)CC2)cc1Nc1nn(C)c2nc(Nc3cncnc3)ncc12,,8.746341979961793,8.746341979961793,0.9457187
PQDDGTPNAWMESF,Cc1ncc(C(=O)NCC2CCCN2C)cc1NC(=O)c1cnn2cc(-c3cnn4c3OCCC4)sc12,,8.734260541478871,8.734260541478871,0.9994475
CJMDXFDRLQJZIU,Cc1ncc(NC(=O)CN2CC(C)(C)C2)cc1NC(=O)c1cnn2cc(-c3cncnc3C)sc12,,7.45490625621229,7.45490625621229,0.99980253
WJPSFPOUNIUFPL,Cc1ncc(NC(=O)CN2CC(C)(C)C2)cc1NC(=O)c1cnn2cc(-c3cnn(CCS(C)(=O)=O)c3)sc12,,8.694669918455059,8.694669918455059,0.9930093
HKKHEUMPLQSFFU,Cc1ncc(C(=O)NCCN(C)C2CCCC2)cc1Nc1nn(C)c2nc(Nc3cncnc3)ncc12,,8.6920249741718,8.6920249741718,0.76805997
GSPNTHUQSDDEBG,COCCn1cc(-c2cn3ncc(C(=O)Nc4cc(NC(=O)CCN5C[C@@H]6CC[C@H]5C6)cnc4C)c3s2)cn1,,8.721848749616356,8.721848749616356,0.98525757
FWUIYXOUVXXEFC,COc1ccc(-c2cn3ncc(C(=O)Nc4cc(NC(=O)CN5CC(C)(C)C5)cnc4C)c3s2)cn1,,8.767308574275791,8.767308574275791,0.9940076
OCNJPQOXNGPOEC,Cc1cnc(Nc2ccc(N3CCN(C)CC3)cc2)nc1Nc1ccc2cnn(C)c2c1,,8.136677139879543,8.136677139879543,0.9997595
OYCRFDZWNNPQMZ,Cc1cc(C(=O)NCCN2CCC(C)(C)C2)sc1NC(=O)c1cnn2cc(-c3cnn(C)c3)sc12,,7.316443228411181,7.316443228411181,0.9730497
UMRJWRAKJFTPMN,CCn1nccc1-c1cn2ncc(C(=O)Nc3cc(NC(=O)CN4CC(C)(C)C4)cnc3C)c2s1,,8.715899137966503,8.715899137966503,0.998588
NJKNAKYOSLCYHD,Cc1cnn(C)c1-c1cn2ncc(C(=O)Nc3cc(NC(=O)CN4CC(C)(C)C4)cnc3C)c2s1,,8.673393743112328,8.673393743112328,0.9999212
NLWJEAQLCKYKBD,CNc1cccc(-c2cn3ncc(C(=O)Nc4cc(C(=O)NC5CN(C(C)(C)C)C5)cnc4C)c3s2)c1C=N,,8.761439372640169,8.761439372640169,0.9949062
TVVNOHDRJGATRZ,COCCn1cc(-c2cn3ncc(C(=O)Nc4cc(NC(=O)CCN5CC6CCC5CC6)cnc4C)c3s2)cn1,,8.71298436613614,8.71298436613614,0.992311
LNUCDMOXPWJWRD,COCCn1cc(-c2cn3ncc(C(=O)Nc4cc(NC(=O)CN5C6CCC5CC6)cnc4C)c3s2)cn1,,8.71298436613614,8.71298436613614,0.99469155
URBXMMHTJDAKBR,COCCn1cc(-c2cn3ncc(C(=O)Nc4cc(NC(=O)C5(CN6CCCC6(C)C)CC5)cnc4C)c3s2)cn1,,7.409521524332963,7.409521524332963,0.9927747
RSDBHMXNEHDNHR,Cc1ncc(C(=O)NCCN2CCC3(CC3)C2)cc1NC(=O)c1cnn2cc(-c3cn(C)cn3)sc12,,8.755724641749778,8.755724641749778,0.99785787
BYTGDPQFGKJJFC,Cc1ncc(NC(=O)CN2C[C@H](C)O[C@@H](C)C2)cc1NC(=O)c1cnn2cc(-c3cnc(N)c(F)c3)sc12,,8.667679012221937,8.667679012221937,0.9750549
AADQNIKKVAEJHQ,Cc1cnc(Nc2ccc(N3CCN(C)CC3)cc2)nc1Nc1ccc2c(C)n[nH]c2c1,,8.102372908709558,8.102372908709558,0.9994209
MUAUTPGTUFNIGM,Cc1ncc(NC(=O)CN2CC(C)(C)C2)cc1NC(=O)c1cnn2cc(-c3cnn(CC4COC4)c3)sc12,,8.662110829162957,8.662110829162957,0.9945074
CPMDPSXJELVGJG,COC(=O)c1ccc2c(/C(=N\c3ccc(N(C)C(=O)CN4CCN(C)CC4)cc3)c3ccccc3)c(O)[nH]c2c1,,8.096910013008056,8.096910013008056,0.66258675
MHITTXFPZXWLMH,CC(C)(C)c1cc(NC(=O)Nc2ccc(-c3cn(-c4ccc(OCCN5CCOCC5)cc4Cl)nn3)cc2)no1,,8.09151498112135,8.09151498112135,0.95473933
FHUSOKJGIHNRII,Cc1ncc(C(=O)NCCN2CCCC2(C)C)cc1NC(=O)c1cnn2cc(-c3ccncc3)sc12,,8.690975951643953,8.690975951643953,0.9602254
ULJIVIVITRSQSQ,CNC(=O)Cn1cc(-c2cn3ncc(C(=O)Nc4cc(NC(=O)CN5CC(C)(C)C5)cnc4C)c3s2)cn1,,8.731720778714234,8.731720778714234,0.9960061
MQUGHHCAGJLPNO,Cc1ncc(NC(=O)CN2CC(C)(C)C2)cc1NC(=O)c1cnn2cc(-c3cnn(CS(C)(=O)=O)c3)sc12,,8.680755371522682,8.680755371522682,0.9968418
WBJGPDPOLCRYKG,Cc1ncc(NC(=O)[C@@H]2CCCN2C)cc1NC(=O)c1cnn2cc(-c3cnn4c3OCCC4)sc12,,8.64116474849887,8.64116474849887,0.99750334
ATFUDFCODATPKU,Cc1ncc(NC(=O)C(C)N2CCCCCC2)cc1NC(=O)c1cnn2cc(-c3cnn(C)c3)sc12,,8.673393743112328,8.673393743112328,0.8924805
UJEOCEPVWACZNI,COCCn1cc(-c2cn3ncc(C(=O)Nc4cc(NC(=O)CN5C[C@H]6CC[C@@H]5C6)cnc4C)c3s2)cn1,,8.670994301671444,8.670994301671444,0.9972326
MODFCWLUXPHECD,Cc1ncc(C(=O)NCCN2CC(C)(C)C2)cc1Nc1nn(C)c2nc(Nc3cncnc3)ncc12,,8.640956852608454,8.640956852608454,0.8770745
UTNUQVCJVGJQKW,Cc1ncc(NC(=O)CN2CCC3(COC3)C2)cc1NC(=O)c1cnn2cc(-c3cnn(C)c3)sc12,,8.622062572163754,8.622062572163754,0.9983584
SJPKVCJEWFXMRU,Cc1cc(C(=O)NCCN2CCCC2(C)C)sc1NC(=O)c1cnn2cc(-c3ccn(C)n3)sc12,,7.09392784551481,7.09392784551481,0.91747713
RUGDCYFWRVDJIV,Cc1ncc(NC(=O)CC(C)N2CCCCC2)cc1NC(=O)c1cnn2cc(-c3cnn(C)c3)sc12,,7.345504485499918,7.345504485499918,0.980471
CIEDZJZMVPMDLG,Cc1ncc(NC(=O)CCN2CCC3(CC3)C2)cc1NC(=O)c1cnn2cc(-c3cnn(C)c3)sc12,,8.703356966489771,8.703356966489771,0.9962599
HYMNMGOKEMQHLQ,Cc1ncc(C(=O)NCCN2CCC(C)(C)C2)cc1NC(=O)c1cnn2cc(-c3ccncc3)sc12,,8.703356966489771,8.703356966489771,0.97592443
YLQODGGPIHWTHR,CN1CCC(NC(=O)c2cc(-c3c(O)cc(O)cc3Oc3ccc([N+](=O)[O-])cc3)on2)CC1,CHEMBL2443044,,8.0,0.7417988
VUOFPKJWKCCHBI,CN1CCC(NC(=O)c2cc(-c3c(O)cc(O)cc3Oc3ccc(N(C)C)cc3)on2)CC1,CHEMBL2443138,,8.0,0.89133465
PFINYWQVHGQFKS,CC(C)Nc1ccc(Oc2cc(O)cc(O)c2-c2cc(C(=O)NC3CCN(C)CC3)no2)cc1,CHEMBL2443139,,8.0,0.86856467
DPZWKZQIGWCTDT,CN(C)c1ccc(Oc2cc(O)cc(O)c2-c2cc(C(=O)NC3CCN(C4CCC5(CC4)OCCO5)CC3)no2)cc1,CHEMBL2443026,,8.0,0.97261345
KOJGPAWLFWHPCY,Cc1ncc(NC(=O)CN2CC(C)(C)C2)cc1NC(=O)c1cnn2cc(-c3cccnc3C)sc12,,8.608763687916857,8.608763687916857,0.9983016
GJGOSTJKEYQHDA,Cc1ncc(NC(=O)OCC(C)N2CCCC2)cc1NC(=O)c1cnn2cc(-c3cnn(C)c3)sc12,,8.694669918455059,8.694669918455059,0.9916147
JASQFNBMUKUKLZ,COCCn1cc(-c2cn3ncc(C(=O)Nc4cc(NC(=O)CCN5CCC6(CCC6)C5)cnc4C)c3s2)cn1,,8.637862065199606,8.637862065199606,0.9967435
LSWAHOONJVGIQR,Cc1ncc(NC(=O)NCCC2CCN(C)CC2)cc1NC(=O)c1cnn2cc(-c3cnn(C)c3)sc12,,7.140210071143138,7.140210071143138,0.98095626
STRZWKPFYGCXGG,Cc1ncc(NC(=O)OC[C@@H]2CCCN2C(C)C)cc1NC(=O)c1cnn2cc(-c3cnn(C)c3)sc12,,8.682258126592544,8.682258126592544,0.98773164
YXXNIICYEFLJFB,Cc1cc(C(=O)NCCN2CCC(C)(C)CC2)sc1NC(=O)c1cnn2cc(-c3cnn(C)c3)sc12,,7.070214712740711,7.070214712740711,0.96764964
QSLGMZXNCLHDDB,Cc1ncc(NC(=O)C2CCN(C(C)C)C2)cc1NC(=O)c1cnn2cc(-c3cn(C)nc3C)sc12,,8.672430782594308,8.672430782594308,0.97713566
YOJOZXZNHVQHQV,Cc1ncc(NC(=O)CN2CC(C)(C)C2)cc1NC(=O)c1cnn2cc(-c3cnc4[nH]ncc4c3)sc12,,8.668621084159213,8.668621084159213,0.99639016
OJCXTJMBHMIVFK,Cc1cc(C(=O)NCCN2CCOCC23CC3)sc1NC(=O)c1cnn2cc(-c3cnn(C)c3)sc12,,7.615865991774226,7.615865991774226,0.9018195
LXYMDNDZVPLIIW,Cc1ncc(NC(=O)CC2CNC2)cc1NC(=O)c1cnn2cc(-c3cnn4c3CCC4)sc12,,7.128127560703769,7.128127560703769,0.9997738
ZPEUUPNKEKARRL,Cc1ncc(C(=O)NCCN2CC(C)(C)C2)cc1NC(=O)c1cnn2cc(-c3cn(C)cn3)sc12,,8.612741517135724,8.612741517135724,0.99474066
HZMAALDSAVDCJY,COCCn1cc(-c2cn3ncc(C(=O)Nc4cc(NC(=O)C5(CN6CCC[C@@H]6C)CC5)cnc4C)c3s2)cn1,,7.171013392377945,7.171013392377945,0.9941614
NZYJFSPRRHSHQL,Cc1ncc(C(=O)NCCN2CCCC2)cc1NC(=O)c1cnn2cc(-c3cnn(CC(O)CO)c3)sc12,,8.567744459470804,8.567744459470804,0.97758216
VVIYQCQKQFPURH,Cc1ncc(C(=O)NCCN2CC(F)(F)C2)cc1NC(=O)c1cnn2cc(-c3ccncc3)sc12,,8.652259161754902,8.652259161754902,0.97883
HECYKYACXSNPOQ,Cc1ncc(C(=O)NCCN2CC3COCC3C2)cc1NC(=O)c1cnn2cc(-c3cnn(C)c3)sc12,,8.600329725273209,8.600329725273209,0.9940612
OYGGXAACNRVJNV,Cc1ncc(C(=O)NCCN2CCC3(CCOC3)C2)cc1NC(=O)c1cnn2cc(-c3cnn(C)c3)sc12,,8.598613137354011,8.598613137354011,0.9974988
MQFGYIBAMUOKGN,COCCn1cc(-c2cn3ncc(C(=O)Nc4cc(NC(=O)CCN5CCC(C)(C)C5)cnc4C)c3s2)cn1,,8.559022514330199,8.559022514330199,0.9757218
KXTSEDPSZXRSSZ,Cc1ncc(C(=O)NCCN2CCCOCC2)cc1NC(=O)c1cnn2cc(-c3cnn(C)c3)sc12,,8.640334356508136,8.640334356508136,0.97870094
XVGKBWLKJRAEKT,Cc1ncc(NC(=O)OC[C@@H]2CCCN2C)cc1NC(=O)c1cnn2cc(-c3cnn(C)c3)sc12,,8.591879350004108,8.591879350004108,0.9916893
LZZLEMMEDMNULE,COCCn1cc(-c2cn3ncc(C(=O)Nc4cc(NC(=O)CCN5CCC6(CC6)C5)cnc4C)c3s2)cn1,,8.590228032229065,8.590228032229065,0.99681216
VJCJFYKQCZGDCG,Cc1ncc(NC(=O)NCC2CCN(C)CC2)cc1NC(=O)c1cnn2cc(-c3cnn(C)c3)sc12,,7.057251542072131,7.057251542072131,0.988155
UEPXBTCUIIGYCY,Cc1ccc(NC(=O)c2ccnc(C(F)(F)F)c2)cc1-c1cc(OCCO)nc(N2CCOCC2)c1,,7.853871964321762,7.853871964321762,0.99887174
AOSBBFMCNOJMFS,Cc1ncc(C(=O)NCCN2CCCC2)cc1NC(=O)c1cnn2cc(-c3cnn(C)c3)sc12,,8.6259059864969,8.6259059864969,0.9898274
KEZLXRFXBQCHIZ,Cc1ncc(NC(=O)CN2CC(C)(C)C2)cc1NC(=O)c1cnn2cc(-c3cnn(CC(F)(F)F)c3)sc12,,8.53024037369069,8.53024037369069,0.9929905
SYPWVIMLUQNBER,Cc1ncc(NC(=O)OC[C@@H]2CCCN2C)cc1NC(=O)c1cnn2cc(-c3cccnc3O)sc12,,8.524331240602042,8.524331240602042,0.93623734
OAETVPIEJOYEMK,COCCn1cc(-c2cn3ncc(C(=O)Nc4cc(NC(=O)C5CN(C(C)C)C5)cnc4C)c3s2)cn1,,8.510225812647953,8.510225812647953,0.98019373
SIIVLEOFCJLGRL,Cc1cc(C(=O)NCCN2CCCC2(C)C)sc1NC(=O)c1cnn2cc(-c3ccc(N)nc3)sc12,,6.940024172564637,6.940024172564637,0.9348288
ILQOTCTYLNCZAN,Cc1ncc(S(=O)(=O)NCCN2CCCC2(C)C)cc1NC(=O)c1cnn2cc(-c3cnn(C)c3)sc12,,7.065489805037171,7.065489805037171,0.9739139
QOTVKTKIWUKPRG,Cc1ncc(NC(=O)CCCN2CCC23CCC3)cc1NC(=O)c1cnn2cc(-c3cnn(C)c3)sc12,,8.537860356969059,8.537860356969059,0.98122954
CXFJZCSVJLMKAS,COCCn1cc(-c2cn3ncc(C(=O)Nc4cc(C(=O)NCCN5CC6(CCC6)C5)cnc4C)c3s2)cn1,,8.49064975066688,8.49064975066688,0.9992107
ZNYIWRCYXLQTEC,Cc1ncc(NC(=O)C2CCN(C(C)C)C2)cc1NC(=O)c1cnn2cc(-c3cnn(C)c3C)sc12,,8.524088482342044,8.524088482342044,0.9984767
WVXKNSIUCJBLOL,Cc1ncc(C(=O)NCCN2CCC3(CC3)C2)cc1NC(=O)c1cnn2cc(-c3ccncc3)sc12,,8.571333751784366,8.571333751784366,0.9923436
PGESWCKHQMUCMD,Cc1cc(C(=O)NCCN2CCc3ccccc3C2)sc1NC(=O)c1cnn2cc(-c3cnn(C)c3)sc12,,7.0467247404492745,7.0467247404492745,0.9431037
BFUAQMGBFVLGRJ,Cc1cc(C(=O)NCCN2CCCC2(C)C)sc1NC(=O)c1cnn2cc(-c3cccnc3)sc12,,8.507736343328103,8.507736343328103,0.5689595
OUGFARYHSCTONI,Cc1ncc(NC(=O)OCCN2CCCC2(C)C)cc1NC(=O)c1cnn2cc(-c3cnn(C)c3)sc12,,8.46814572030429,8.46814572030429,0.9896919
JFDPUGUBKFYBBV,Cc1ncc(C(=O)NCCN2CC3(CCC3)C2)cc1NC(=O)c1cnn2cc(-c3cnn(C)c3)sc12,,8.46479633912994,8.46479633912994,0.9990388
MFGCULACFNHOQX,Cc1ncc(NC(=O)[C@@H]2CCCN3CCCC[C@H]23)cc1NC(=O)c1cnn2cc(-c3cnn(C)c3)sc12,,6.914297682584936,6.914297682584936,0.91402215
DXBOQWBFTLBPRR,Cc1cc(C(=O)NCCN2CCCC23CC3)sc1NC(=O)c1cnn2cc(-c3cnn(C)c3)sc12,,6.845850149311712,6.845850149311712,0.906328
VOWXNPQYGXWUST,Cc1cc(C(=O)NCCN2CCCC2(C)C)sc1NC(=O)c1cnn2cc(-c3cnn(C)c3)sc12,,6.660330121609915,6.660330121609915,0.9630944
DLEQSQNJPYQPCI,Cc1cc(C(=O)NCCN2CCC3(CCC3)CC2)sc1NC(=O)c1cnn2cc(-c3cnn(C)c3)sc12,,6.788172303713311,6.788172303713311,0.98665684
JCGLRUNCFZZASO,Cc1ncc(NC(=O)CN2CCN(C)CC2)cc1NC(=O)c1cnn2cc(-c3cnn(C)c3)sc12,,6.85553014945729,6.85553014945729,0.99508744
NKYPVJHUHMRZOI,Cc1cc(C(=O)NCCN2CCCC2(C)C)sc1NC(=O)c1cnn2cc(-c3ccncc3)sc12,,6.741351895145188,6.741351895145188,0.5800677
OQUAKBPDEFABRM,Cc1ncc(NC(=O)CCN2CC(C)(C)C2)cc1NC(=O)c1cnn2cc(-c3cnn(C)c3)sc12,,8.38426520478466,8.38426520478466,0.97428495
OUMZZFFTNSMYFM,Cc1cc(C(=O)NCCN(C)C2CCOCC2)sc1NC(=O)c1cnn2cc(-c3cnn(C)c3)sc12,,6.6598939055432425,6.6598939055432425,0.8707055
PZYFGYHPKMFONV,Cc1ncc(NC(=O)NCC2CCN(C(C)C)CC2)cc1NC(=O)c1cnn2cc(-c3cnn(C)c3)sc12,,6.565419943036448,6.565419943036448,0.9861736
CRKXNAHQJIBLOX,CCc1cc(C(=O)NCCN2CCCC23CCC3)sc1NC(=O)c1cnn2cc(-c3cnn(C)c3)sc12,,7.187560000244608,7.187560000244608,0.91851526
PHYRTIZPIUQMOC,Cc1cc(C(=O)NCCN2CCCC2(C)C)sc1NC(=O)c1cnn2cc(-c3cnn(C)n3)sc12,,6.514926556332561,6.514926556332561,0.8792231
GHPJFHVSFNKMSR,COc1ccc(COc2ncc(Cc3ccnc4cc(N5CCOCC5)cnc34)cc2OC)nc1,,7.364516253185088,7.364516253185088,0.7807299
ADZBMFGQQWPHMJ,CNC(=O)c1cc(Oc2ccc3nc(N[C@@H]4CCCC[C@H]4O)sc3c2)ccn1,,6.313330636591342,6.313330636591342,0.6771884
UFUSJNCXBKQYCU,COc1cnc2c(Cc3cnc(OCc4ccc([C@H]5CC5(F)F)cn4)c(OC)c3)ccnc2c1,,7.309803919971486,7.309803919971486,0.90570724
ISCDKYXQIMUGRY,Cc1cc(C(=O)NCCN2CCCC(O)C2)sc1NC(=O)c1cnn2cc(-c3cnn(C)c3)sc12,,6.483099205933657,6.483099205933657,0.95392764
RCRIMWUGSNPHBX,Cc1ncc(C(=O)NCCN2CCCC2(C)C)cc1Nc1nn(C)c2nc(NC3CCS(=O)(=O)CC3)ncc12,,6.539057963238832,6.539057963238832,0.45015007
ODLDMAFDYHTWSE,CC(C)(C)c1ccc(C(=O)NCc2ccc(-c3ncnc4[nH]ccc34)cc2)cc1,,7.275724130399211,7.275724130399211,0.0073445337
NHNQVGAXRDACDK,Cc1cc(C(=O)NCCCN2CCCC2(C)C)sc1NC(=O)c1cnn2cc(-c3cnn(C)c3)sc12,,6.421661834035721,6.421661834035721,0.9700742
WXCYLYXOCBLNNC,COc1cnc2c(Cc3cnc(OCc4ccc(C5CC5(F)F)cn4)c(OC)c3)ccnc2c1,,7.133122185662502,7.133122185662502,0.86591315
MLGFCLYPQXCTBM,Cc1ncc(C(=O)NCCN2CCCC2(C)C)cc1Nc1nn(C)c2nc(Nc3cnn4c3OCCC4)ncc12,,6.578845188576619,6.578845188576619,0.99961853
LPYQTMUUISLUOW,Cc1ncc(NS(=O)(=O)CCN2CC3CCC2CC3)cc1NC(=O)c1cnn2cc(-c3cnn(C)c3)sc12,,6.399186475838422,6.399186475838422,0.9728495
XUASMVIMZRDSML,COCCn1cc(-c2cn3ncc(C(=O)Nc4cc(NC(=O)C(C)(C)CN5CCCC5(C)C)cnc4C)c3s2)cn1,,6.463963877247717,6.463963877247717,0.9885134
YGGNDKQJSLVTEO,Cc1cc(F)c(C(=O)Nc2ccc(C(C)(C)O)cn2)cc1NC(=O)c1cnc(N)s1,,,7.0,0.29567713
NSBIKBXWPUHDGL,Cc1cc(F)c(C(=O)Nc2ccc(CC(F)(F)F)cn2)cc1NC(=O)c1cnc(N)s1,,,7.0,0.4246932
LKTBCOYWLWOGFX,Cc1cc(F)c(C(=O)Nc2ccc(C(F)C(F)(F)F)cn2)cc1NC(=O)c1cnc(N)s1,,,7.0,0.81442094
DAGQEOZMPHEYPA,Cc1cc(F)c(C(=O)Nc2ccc(OC(F)F)cc2)cc1NC(=O)c1cnc(N)s1,,,7.0,0.12067803
MQSAFJAAUDFRLT,Cc1cc(F)c(C(=O)Nc2ccn(C(C)(C)C)n2)cc1NC(=O)c1cnc(N)s1,,,7.0,0.1482462
JWRIGSJESAQGOG,Cc1cc(F)c(C(=O)NCCc2ccc(F)cc2)cc1NC(=O)c1cnc(N)s1,,,7.0,0.1642825
YWKRGKNSXABVSP,COc1cc2c(N3CCN(C(=S)NCc4ccc(C(F)(F)F)nc4Cl)CC3)ncnc2cc1OCCN1CCCCC1,CHEMBL183987,5.94692155651658,5.94692155651658,0.55118334
XXBSAJCJLMMSOU,Cc1cc(F)c(C(=O)Nc2ccc(COC(F)F)cn2)cc1NC(=O)c1cnc(N)s1,,,7.0,0.072305664
DZZUUHWIUZVYMA,Cc1cc(F)c(C(=O)Nc2ccc(C(C)(O)C(F)(F)F)cn2)cc1NC(=O)c1cnc(N)s1,,,7.0,0.6321872
BKYHZSBSBVWZCK,Nc1ncc(C(=O)Nc2cc(C(=O)Nc3cnc(C4CC4)cn3)c(F)cc2Cl)s1,,,7.0,0.88553786
SUVDALCONAKAQV,Cc1cc(F)c(C(=O)Nc2ccc(OC3(C)CC3)cn2)cc1NC(=O)c1cnc(N)s1,,,7.0,0.80447274
MFATYGCKMNIDPD,Cc1cc(F)c(C(=O)Nc2nnc(C3CC3)s2)cc1NC(=O)c1cnc(N)s1,,,7.0,0.23320417
IESIZUQERZEHGT,Cc1ccc2c(N3CCN(C(=O)Nc4ccc(Oc5ccccc5)cc4)CC3)ncnc2c1,CHEMBL323372,,7.0,0.60901904
IWAPDNMCPVITAL,Cc1cc(F)c(C(=O)Nc2cc(C(F)(F)F)ccn2)cc1NC(=O)c1cnc(N)s1,,,7.0,0.4080409
YQKWGAWJTKEWBU,Cc1cc(F)c(C(=O)Nc2ccc(OC(C)C)nn2)cc1NC(=O)c1cnc(N)s1,,,7.0,0.38767028
WIYVDZQROGSBMZ,Cc1cc(F)c(C(=O)Nc2ccc(OC3CC3)cc2)cc1NC(=O)c1cnc(N)s1,,,7.0,0.5192198
GEGZMCOHVYUYOF,Cc1cc(F)c(C(=O)Nc2ncc(C(C)C)s2)cc1NC(=O)c1cnc(N)s1,,,7.0,0.08943592
PJJKQZWXZAZJOW,CC(=O)Nc1ncc(C(=O)Nc2cc(C(=O)Nc3ccc(OC4CC4)cn3)c(F)cc2C)s1,,6.259637310505756,6.629818655252878,0.41992718
ZDFSOAJDYURWCH,Cc1cc(F)c(C(=O)Nc2ccc3c(c2)NC(=O)C3(C)C)cc1NC(=O)c1cnc(N)s1,,,7.0,0.7985859
GGADYYSFUURRRM,Cc1cc(F)c(C(=O)Nc2ccc(OC3CC3)cc2F)cc1NC(=O)c1cnc(N)s1,,,7.0,0.63905734
XUTGVGRILRUTML,Cc1cc(F)c(C(=O)Nc2ccc3c(c2)C(C)(C)C(=O)N3)cc1NC(=O)c1cnc(N)s1,,,7.0,0.39844495
UCIJZKQMNZECFT,Cc1cc(F)c(C(=O)Nc2ccn(CC3CC3)n2)cc1NC(=O)c1cnc(N)s1,,,7.0,0.34547284
HNWUUHXZUQTESH,Cc1cc(F)c(C(=O)Nc2ccc(OC3CC3)cn2)cc1NC(=O)c1cnc(NC(=N)C2CC2)s1,,,7.0,0.43371636
CWMYHOIXOHTVMD,Cc1cc(F)c(C(=O)Nc2ccc(OC3CCC3)cn2)cc1NC(=O)c1cnc(N)s1,,,7.0,0.5147332
WZCGBVVLHGAHAC,Cc1cc(F)c(C(=O)Nc2cc(C3CC3)ccn2)cc1NC(=O)c1cnc(N)s1,,,7.0,0.63091236
FLEZRJGFKHOZOI,Cc1cc(F)c(C(=O)Nc2ccc(CC3CC3)cn2)cc1NC(=O)c1cnc(N)s1,,,7.0,0.43792722
NXTXPAVYXXMMRM,Cc1cc(F)c(C(=O)Nc2ccc(OC3CC3)cn2)cc1NC(=O)c1cnc(NC(=O)N2CCC2)s1,,,7.0,0.6424122
WJOAQTPDICTQSC,Cc1cc(F)c(C(=O)Nc2ccc(C3CC3)nn2)cc1NC(=O)c1cnc(N)s1,,,7.0,0.6447504
PBZNGBHNSORYFG,Cc1c(F)cc(C(=O)Nc2ccc(OC3CC3)cn2)cc1NC(=O)c1cnc(N)s1,,,7.0,0.65948963
LOCCAIPVJUIIJO,Cc1cc(F)c(C(=O)Nc2ccc3c(c2)C(F)(F)C(=O)N3)cc1NC(=O)c1cnc(N)s1,,,7.0,0.79264873
RUPNCAMTZDMIPA,Cc1cc(C(=O)NCCN2CC[C@@H](O)C2)sc1NC(=O)c1cnn2cc(-c3cnn(C)c3)sc12,,6.819779033448681,6.164877073462938,0.96967995
OKCDKESLNZVCFU,COc1cnc2c(Cc3cnc(OCc4cc(C(C)C)no4)c(OC)c3)ccnc2c1,,6.801342913045577,6.801342913045577,0.09007013
NXSJMRCTGYTSTK,CO[C@@H]1[C@H](NCCOCCOCCOCCNC(=O)CCC2=[N+]3C(=Cc4c(C)cc(C)n4[B-]3(F)F)C=C2)C[C@H]2O[C@]1(C)n1c3ccccc3c3c4c(c5c6ccccc6n2c5c31)C(=O)NC4,,6.782516055786093,6.782516055786093,0.95350826
CVMUHXWSBHMVGZ,COc1cc2c(Oc3ccc(-c4nc5ccccc5s4)cc3)ncnc2cc1OCCCN1CCN(C)CC1,CHEMBL595143,5.455931955649724,5.455931955649724,0.13383366
KAOATSIJOZKAPA,Cc1ncc(C(=O)NCCC2CCCCC2)cc1Nc1nn(C)c2nc(NCCC3CCCCC3)ncc12,,6.764471553092451,6.143675149186395,0.69176036
CIVSWNZKBWESRB,CNN1CCN(C(=O)Nc2c(C)[nH]c(/C=C3\C(=O)Nc4ccc(F)cc43)c2C)CC1,,6.721246399047171,6.721246399047171,0.44988674
AGTISXVWCFCHFO,Cc1coc2ncnc(Nc3ccc(N(C)C)cc3)c12,,,6.698970004336019,0.86345917
OECKCOWMOMORQW,COc1ccc2c(c1)CCN2c1nc(C)nc2c(Cc3ccccc3)c[nH]c12,CHEMBL4098409,,6.698970004336019,0.91914
PKCHURCPSDMMLR,COc1ccc2c(c1)CCCN2c1nc(N)nc2c(Cc3ccccc3)c[nH]c12,CHEMBL4072383,,6.698970004336019,0.40053922
GUDRBAIOGCBSOC,CNc1ccc(Nc2ncnc3occ(C)c23)cc1,,,6.698970004336019,0.9228667
HSLMLJQXCZBKHQ,Cc1coc2ncnc(Nc3ccc([N+](=O)[O-])cc3)c12,,,6.698970004336019,0.023178304
XPRKNURWZLOLSR,Cc1coc2ncnc(N(C)c3ccc([N+](=O)[O-])cc3)c12,,,6.698970004336019,0.059724957
JGEINCVVCAMCGY,COc1cnc2c(Cc3cnc(OCc4cnc5c(c4)OCCN5C)c(OC)c3)ccnc2c1,,6.681936665037238,6.681936665037238,0.93224066
KTRYEZRTYBBSHL,Nc1nccc(COc2cc(F)c3nc(N[C@@H]4CCCC[C@H]4O)sc3c2)c1Cl,,6.2557457934851985,6.2557457934851985,0.024701986
MPXSWAKEPRUOOO,Cc1cc(C(=O)NCCN2CCC(O)CC2)sc1NC(=O)c1cnn2cc(-c3cnn(C)c3)sc12,,6.605548319173784,6.064213532227061,0.92431307
MTDJGYWCNQTZLJ,O=c1c2cc(-c3ccnc4ccccc34)ccc2ncn1-c1ccc(N2CCOCC2)cc1,,6.6020599913279625,6.6020599913279625,0.026333766
OSVUGUHRKMMBSE,CO[C@@H]1[C@H](N(C)CCOCCOCCOCCNC(=O)CCC2=[N+]3C(=Cc4c(C)cc(C)n4[B-]3(F)F)C=C2)C[C@H]2O[C@]1(C)n1c3ccccc3c3c4c(c5c6ccccc6n2c5c31)C(=O)NC4,,6.590066876668706,6.590066876668706,0.9608925
QIZVZLQPDQCTMR,COC(=O)c1ccc2c(c1)NC(=O)/C2=C(\Nc1cnc(-n2cccc2CN2CCN(C)CC2)c(C)c1)c1ccccc1,,,6.522878745280337,0.99978703
QTLSKAASRCRKSN,COc1cnc2c(Cc3cnc(OCc4ccc(OC(F)F)cn4)c(OC)c3)ccnc2c1,,6.505845405981558,6.505845405981558,0.0011411449
RZWXZQQADOTJHQ,Cc1cc(C(=O)NCCN2CCC(CO)CC2)sc1NC(=O)c1cnn2cc(-c3cnn(C)c3)sc12,,6.493494967595128,6.0081868564377325,0.931078
RZPJXLYSTMZSGK,COc1cnc2c(Cc3cnc(OCc4ccc(C)cn4)c(OC)c3)ccnc2c1,,6.492144128304169,6.492144128304169,0.07050251
XRCSKUMFSBASQD,COc1cnc2c(Cc3cnc(OCc4ccc(C5CC5)cn4)c(OC)c3)ccnc2c1,,6.45717457304082,6.45717457304082,0.6090525
RMOZJXHYTBVEFS,COc1cnc2c(Cc3cnc(OCc4ccc([C@H]5CC5(F)F)cn4)c(OC)c3)ccnc2c1,,6.430626090384954,6.430626090384954,0.90570724
DDVWCRQXQALMIQ,COc1ccc(COc2ncc(Cc3ccnc4cc(N(C)C)cnc34)cc2OC)nc1,,6.422508200162775,6.422508200162775,0.047354557
ZOBWWXCAAXOJSD,COc1ccc(COc2ncc(Cc3ccnc4cc(-c5ccn(C)n5)cnc34)cc2OC)nc1,,6.404503778174426,6.404503778174426,0.37473363
LHWABYLWRJNIIY,COc1cc(OC)c(F)c(N2Cc3cnc4[nH]ccc4c3N(C)C2=O)c1F,,6.391473966422806,6.391473966422806,0.5281363
MUHWRSWKWURVPP,COc1cc(OCc2ccnc(Nc3cnn(C)c3)n2)cc2sc(N[C@H]3CCCC[C@@H]3O)nc12,,5.897668744125891,5.897668744125891,0.1107969
AQJAPASXXFSRQU,COc1cc2c(N3CCN(C(=S)Nc4ccc(C#N)cc4)CC3)ncnc2cc1OCCN1CCCC1,CHEMBL425536,5.501595363985767,5.501595363985767,0.7115476
LVBZLTHFSNGRBN,COC(=O)c1ccc2c(c1)NC(=O)/C2=C(\Nc1ccc2nc(CN(C)C)oc2c1)c1ccccc1,,,6.301029995663981,0.9991529
CMYHZFCJPORPHY,CSc1nc(N)cc(Oc2ccc(-c3nnc(Nc4cccc(C(F)(F)F)c4)[nH]3)cc2)n1,,6.2839966563652006,6.2839966563652006,0.15212213
JYRBCZFRZRAXEV,Cc1cc(F)c(C(=O)Nc2ccc(C(F)F)cn2)cc1NC(=O)c1cnc(N)s1,,6.259637310505756,6.259637310505756,0.115999684
JQMNGOQYMPMNJU,CO[C@H](C)c1ccc(NC(=O)c2cc(NC(=O)c3cnc(N)s3)c(C)cc2F)nc1,,6.259637310505756,6.259637310505756,0.17079355
KITBQERBRLWUEY,Cc1cc(F)c(C(=O)Nc2ccc(OC(C)C)cn2)cc1NC(=O)c1cnc(N)s1,,6.259637310505756,6.259637310505756,0.22599927
PIAJZNZVDNSRMF,COC(c1ccc(NC(=O)c2cc(NC(=O)c3cnc(N)s3)c(C)cc2F)nc1)C1CC1,,6.259637310505756,6.259637310505756,0.90572965
JVYNBRZXOZGKQF,CCc1ccc(NC(=O)c2cc(NC(=O)c3cnc(N)s3)c(C)cc2F)nc1,,6.259637310505756,6.259637310505756,0.13140447
UUFLGGIQSYDNKR,Cc1cc(F)c(C(=O)Nc2cc3c(cn2)COC3)cc1NC(=O)c1cnc(N)s1,,6.259637310505756,6.259637310505756,0.52330893
BTRXGCYIYVVGTB,Cc1ncc(C(=O)Nc2cc(C(=O)Nc3cc(CC4CC4)ncn3)c(F)cc2C)s1,,6.259637310505756,6.259637310505756,0.18184428
UXATYDWKHISMCU,Cc1cc(F)c(C(=O)Nc2ccn(CC(C)C)n2)cc1NC(=O)c1cnc(N)s1,,6.259637310505756,6.259637310505756,0.169102
ITCQUTLMVJTDKJ,Cc1cc(F)c(C(=O)Nc2nc(C3CC3)cs2)cc1NC(=O)c1cnc(N)s1,,6.259637310505756,6.259637310505756,0.43803224
GFMZLHBWEWUTOX,Cc1cc(F)c(C(=O)Nc2ccc3c(n2)COCC3)cc1NC(=O)c1cnc(N)s1,,6.259637310505756,6.259637310505756,0.35973516
HAPXJKZHARREBZ,Cc1cc(F)c(C(=O)Nc2ccc(O[C@@H]3CCOC3)cn2)cc1NC(=O)c1cnc(N)s1,,6.259637310505756,6.129818655252878,0.25832543
XUORLEORHLRYRN,Cc1cc(F)c(C(=O)Nc2ccc(OC(F)(F)F)cn2)cc1NC(=O)c1cnc(N)s1,,6.259637310505756,6.259637310505756,0.7398329
AGLIXNPFDWNNKU,Cc1cc(F)c(C(=O)Nc2ccn(C3CC(F)(F)C3)n2)cc1NC(=O)c1cnc(N)s1,,6.259637310505756,6.259637310505756,0.66744643
QRXJMSXDEPKQEH,Cc1cc(Cl)c(C(=O)Nc2ccc(OC3CC3)cn2)cc1NC(=O)c1cnc(N)s1,,6.259637310505756,6.259637310505756,0.44859424
RTCJLCCMBLKMHJ,Cc1ncc(NC(=O)c2cc(NC(=O)c3cnc(N)s3)c(C)cc2F)s1,,6.259637310505756,6.259637310505756,0.139645
OGTDKACHPQNPBE,Cc1cc(F)c(C(=O)Nc2ccc(OC(F)F)cn2)cc1NC(=O)c1cnc(N)s1,,6.259637310505756,6.259637310505756,0.08806334
XRAKEYUCUMTJBI,Cc1cc(F)c(C(=O)NCc2ccn(C(C)C)n2)cc1NC(=O)c1cnc(N)s1,,6.259637310505756,6.259637310505756,0.15488267
APVAHKWDJYTIBB,COC(=O)Nc1ncc(C(=O)Nc2cc(C(=O)Nc3ccc(OC4CC4)cn3)c(F)cc2C)s1,,6.259637310505756,6.259637310505756,0.57185555
UJXFSTJIHBTVHD,Cc1cc(F)c(C(=O)Nc2ccn(CC(F)F)n2)cc1NC(=O)c1cnc(N)s1,,6.259637310505756,6.259637310505756,0.15156767
GSLFEQRKGSLODX,Nc1ncc(C(=O)Nc2cc(C(=O)Nc3cnc(C4CC4)nc3)c(F)cc2Cl)s1,,6.259637310505756,6.259637310505756,0.39938357
CJVOUXIZYUGQKY,Cc1cc(F)c(C(=O)Nc2ccc(C3(C#N)CC3)nn2)cc1NC(=O)c1cnc(N)s1,,6.259637310505756,6.259637310505756,0.38394618
NDMWYTPTDODDIG,Cc1cc(F)c(C(=O)Nc2ccc(OC3CC3)cn2)cc1NC(=O)c1cnc(NCC(F)F)s1,,6.259637310505756,6.259637310505756,0.7490644
FVAAAZBVRBMYPD,Cc1cc(F)c(C(=O)Nc2ccn([C@@H]3CCOC3)n2)cc1NC(=O)c1cnc(N)s1,,6.259637310505756,6.129818655252878,0.22834803
VBPFJWDCVSNKPI,Nc1ncc(C(=O)Nc2cc(C(=O)Nc3ccc(C(F)F)cn3)c(F)cc2Cl)s1,,6.259637310505756,6.259637310505756,0.22267835
IEEWKEZZLSISBN,Cc1cc(F)c(C(=O)Nc2cc(C3CC3)[nH]n2)cc1NC(=O)c1cnc(N)s1,,6.259637310505756,6.259637310505756,0.64840657
SHBBHXVMCUGQSW,Nc1ncc(C(=O)Nc2cc(C(=O)Nc3ccc(C4CC4)nn3)c(F)cc2Cl)s1,,6.259637310505756,6.259637310505756,0.45857862
XCPFCOZSDLZHHO,Cc1cc(F)c(C(=O)Nc2ccc(S(C)(=O)=O)cn2)cc1NC(=O)c1cnc(N)s1,,6.259637310505756,6.259637310505756,0.6558398
ZCTYWMJYIMGCIF,Cc1cc(F)c(C(=O)Nc2ccc(OCC3CC3)cn2)cc1NC(=O)c1cnc(N)s1,,6.259637310505756,6.259637310505756,0.3198481
JCEYGDKYHHUNRZ,Cc1cc(F)c(C(=O)Nc2cnn(C(C)C)n2)cc1NC(=O)c1cnc(N)s1,,6.259637310505756,6.259637310505756,0.27203083
ZVUZHXRPUJCMON,COc1ccc(NC(=O)c2cc(NC(=O)c3cnc(N)s3)c(C)cc2F)c(F)c1,,6.259637310505756,6.259637310505756,0.24037834
RTOBNFGLCQJXMU,Cc1cc(F)c(C(=O)Nc2ccc(OC3CC3)nn2)cc1NC(=O)c1cnc(N)s1,,6.259637310505756,6.259637310505756,0.6396277
YLSWSZMCFTVVPG,Cc1cc(F)c(C(=O)Nc2ccc(S(=O)(=O)C3CC3)cn2)cc1NC(=O)c1cnc(N)s1,,6.259637310505756,6.259637310505756,0.96803766
CHJCGPUWMUDTKZ,Cc1cc(F)c(C(=O)Nc2ccc(Cl)cc2)cc1NC(=O)c1cnc(N)s1,,6.259637310505756,6.259637310505756,0.12360761
MQNNISRNIROGPK,Nc1ncc(C(=O)Nc2cc(C(=O)Nc3ncc(C4CC4)cn3)c(F)cc2Cl)s1,,6.259637310505756,6.259637310505756,0.75774336
CQWINCPKIGLAQW,COc1cc2c(N3CCN(C(=S)Nc4ccc(-c5ccccc5)cn4)CC3)ncnc2cc1OCCCN1CCCCC1,CHEMBL363901,5.981486060122112,5.981486060122112,0.74839324
RHADORPRGSPGPI,Cc1cc(F)c(C(=O)Nc2ccc(C3(C#N)CC3)cn2)cc1NC(=O)c1cnc(N)s1,,6.259637310505756,6.259637310505756,0.37223184
RFKUYYNGLNTOTI,Cc1cc(F)c(C(=O)Nc2nc3c(s2)COCC3)cc1NC(=O)c1cnc(N)s1,,6.259637310505756,6.259637310505756,0.12416325
FQXZTBLPSJIDJT,COC1(c2ccc(NC(=O)c3cc(NC(=O)c4cnc(N)s4)c(C)cc3F)nc2)CC1,,6.259637310505756,6.259637310505756,0.38959005
OZANZBFWFUHALV,COc1ccc(NC(=O)c2cc(NC(=O)c3cnc(N)s3)c(C)cc2F)cc1,,6.259637310505756,6.259637310505756,0.15889357
NCKHENDJLZWHOW,Cc1cc(F)c(C(=O)Nc2ccn(C3CCC3)n2)cc1NC(=O)c1cnc(N)s1,,6.259637310505756,6.259637310505756,0.55233616
JFONIZQBHDFRFW,Cc1cc(F)c(C(=O)Nc2cc3n(n2)CCOC3)cc1NC(=O)c1cnc(N)s1,,6.259637310505756,6.259637310505756,0.3459847
GLKSBCCANNBDEP,Cc1cc(F)c(C(=O)Nc2ccc(OC3CC3)cn2)cc1NC(=O)c1cnc(N)s1,,6.259637310505756,6.259637310505756,0.5369079
XLVRRSITGDDPAD,Cc1cc(F)c(C(=O)Nc2cc3n(n2)CCC3)cc1NC(=O)c1cnc(N)s1,,6.259637310505756,6.259637310505756,0.074680895
IVJHWYXUOLIRHQ,Cc1ncc(C(=O)Nc2cc(C(=O)Nc3ccc(C4(C(F)(F)F)CC4)cn3)c(F)cc2C)s1,,6.259637310505756,6.259637310505756,0.84484214
ODMPEPVBRWMNRG,Nc1ncc(C(=O)Nc2cc(C(=O)Nc3ccc(OC(F)F)cn3)c(F)cc2Cl)s1,,6.259637310505756,6.259637310505756,0.16560873
WDXLNJNHNHVBMT,Nc1ncc(C(=O)Nc2cc(C(=O)Nc3ccc(OC4CC4)cn3)c(F)cc2Br)s1,,6.259637310505756,6.259637310505756,0.47205764
ADVDVPBSXBFCHT,Cc1ncc(C(=O)Nc2cc(C(=O)Nc3ccnc(C(F)(F)F)c3)c(F)cc2C)s1,,6.259637310505756,6.259637310505756,0.75572336
DWKUBGZBMYNETI,Nc1ncc(C(=O)Nc2cc(C(=O)Nc3ccc(OC(F)(F)F)cn3)c(F)cc2F)s1,,6.259637310505756,6.259637310505756,0.52288854
HEEAWHGGFHELIT,Cc1cc(F)c(C(=O)Nc2ccc(OC3CC3)c(C)n2)cc1NC(=O)c1cnc(N)s1,,6.259637310505756,6.259637310505756,0.60062
NYQLGCKRRWCVRJ,Nc1ncc(C(=O)Nc2cc(C(=O)Nc3ccc(OC4CC4)cn3)c(F)cc2Cl)s1,,6.259637310505756,6.259637310505756,0.44009155
MRTKPSYADXHRTI,Cc1cc(F)c(C(=O)Nc2cnn(C3CC3)c2)cc1NC(=O)c1cnc(N)s1,,6.259637310505756,6.259637310505756,0.7420437
BJLBZOPZJZAOPQ,Cc1cc(F)c(C(=O)Nc2ccc(CN3CCN(C)CC3)cn2)cc1NC(=O)c1cnc(N)s1,,6.259637310505756,6.259637310505756,0.37549165
PCVNYPHGEDZYEB,Cc1cc(F)c(C(=O)Nc2ccc(OC3CC3)cn2)cc1NC(=O)c1cnc(NC(=O)[C@@H]2CCOC2)s1,,6.259637310505756,6.129818655252878,0.1329824
HZQYMTUJMUSXIV,Cc1cc(F)c(C(=O)NCC2(F)CCC2)cc1NC(=O)c1cnc(N)s1,,6.259637310505756,6.259637310505756,0.7523284
PGDADJOBJNPWMI,Cc1cc(F)c(C(=O)Nc2ccc(OC3CC3)cn2)cc1NC(=O)c1cnc(NC(=O)OC2CCC2)s1,,6.259637310505756,6.259637310505756,0.5571598
JHJNZNMEFIVGSV,Cc1cc(F)c(C(=O)Nc2ccn(C(C)C)n2)cc1NC(=O)c1cnc(N)s1,,6.259637310505756,6.259637310505756,0.16295525
BJDORUIOUHKGJU,Cc1ncc(C(=O)Nc2cc(C(=O)N[C@@H]3CC3c3ccccc3Cl)c(F)cc2C)s1,,6.259637310505756,6.259637310505756,0.5185327
IMKAEPKGQCMXEU,Cc1cc(F)c(C(=O)Nc2ccc(C3CC3)cn2)cc1NC(=O)c1cnc(N)s1,,6.259637310505756,6.259637310505756,0.8381092
QRQVJVHLJCOZIJ,Cc1cnc(NC(=O)c2cc(NC(=O)c3cnc(N)s3)c(C)cc2F)s1,,6.259637310505756,6.259637310505756,0.10917311
QTDXAPIRPMTWNF,COc1ccnc(NC(=O)c2cc(NC(=O)c3cnc(N)s3)c(C)cc2F)c1,,6.259637310505756,6.259637310505756,0.06953166
FZOFFGZILOACKG,Cc1cc(F)c(C(=O)NCC2(F)CC2)cc1NC(=O)c1cnc(NC(=O)N2CCC2)s1,,6.259637310505756,6.259637310505756,0.75491136
SGQIWPVQYQPSMA,COCC1(c2ccc(NC(=O)c3cc(NC(=O)c4cnc(N)s4)c(C)cc3F)nc2)CC1,,6.259637310505756,6.259637310505756,0.7445976
RFSNVVNGMLVHOH,O=C(Nc1cccc(C#Cc2ccc3nccn3n2)c1)c1cccc(C(F)(F)F)c1,,5.99519297785481,5.99519297785481,0.41070142
BKTCPWZDCPQGHN,[2H]C([2H])([2H])Oc1cnc2c(Cc3cnc(OCc4ccc(OC)cn4)c(OC)c3)ccnc2c1,,6.164943898279883,6.164943898279883,0.39871705
CJLGZCHFZKBKDR,Cc1cc(C(=O)NCCN2CCCC2(C)C)sc1NC(=O)c1cnn2cc(-c3cncnc3)sc12,,6.152427340857888,5.837653043069112,0.74557865
XOMXLJWSXFOKGB,COc1cc2c(N3CCN(C(=S)NCc4cccnc4)CC3)ncnc2cc1OCCN1CCCCC1,CHEMBL186658,5.912229597991615,5.912229597991615,0.34884852
MHURPLNMNOPGEC,COc1cc2c(N3CCN(C(=O)Nc4ccc(C#N)cc4)CC3)ncnc2cc1OCCn1cccc1,CHEMBL124872,5.874747305551591,5.874747305551591,0.53482586
RJOPPCRDNXPHEL,COc1cc2c(N3CCN(C(=O)Nc4ccc(OC(C)C)cc4)CC3)ncnc2cc1OCCCn1ccnn1,CHEMBL126173,5.990649750666878,5.990649750666878,0.6059352
VHLDQQMWFWBWNM,COC(=O)c1ccc2c(N3CCN(C(=O)Nc4ccc(Oc5ccccc5)cc4)CC3)ncnc2c1,CHEMBL100982,,6.1249387366083,0.20538384
OETRUEFWEQVHBT,COc1cc2c(N3CCN(C(=S)NCc4ccnc(Cl)c4)CC3)ncnc2cc1OCCN1CCCCC1,CHEMBL184575,5.930328121923813,5.930328121923813,0.40537602
AJYMYKJMGGNMHX,COCCOc1cc2ncnc(N3CCN(C(=O)Nc4ccc(C#N)cc4)CC3)c2cc1OC,CHEMBL127748,5.99148333035061,5.99148333035061,0.81021154
ZPUVCZIVZNZCLQ,COc1cc2c(cc1OC)-c1n[nH]c(Nc3cccc(C(=O)O)c3)c1C2,CHEMBL185391,,6.096910013008056,0.99980384
RXMVFVWZKJFTAU,COc1cc2c(N3CCN(C(=NC#N)Nc4ccc(C(C)(C)C)cc4)CC3)ncnc2cc1OCCCN1CCCCC1,CHEMBL363922,5.953289157418882,5.953289157418882,0.7317739
ARFXFEPBCIHGEB,COc1cc2c(N3CCN(C(=O)Nc4ccc(OC(C)C)cc4)CC3)ncnc2cc1OCCCC1CCCCC1,CHEMBL124439,5.400383309236799,5.400383309236799,0.94190365
LEOCGDXQCOGAPF,COc1cnc2c(Cc3cnc(OCc4cc5n(n4)CC4CC54)c(OC)c3)ccnc2c1,,6.0762380391713,6.0762380391713,0.993086
VSWZGAGDFYIAFT,COc1cc2c(N3CCN(C(=O)Nc4ccc(OC(C)C)cc4)CC3)ncnc2cc1OCCCC(=N)N,CHEMBL419785,5.550470226335621,5.550470226335621,0.97789943
SPTOBYMWCCVNAY,COc1cnc2c(Cc3cnc(OCc4cc5n(n4)C[C@H](F)C5)c(OC)c3)ccnc2c1,,6.058488567365597,6.058488567365597,0.92003006
HJBLGKPVEGNNOC,COc1cc2c(N3CCN(C(=S)Nc4ccc(C#N)cc4)CC3)ncnc2cc1OCCN1CCOCC1,CHEMBL186905,5.982165082674159,5.982165082674159,0.51590586
YUYBOQAVKLQEDF,O=C(Nc1cccc(C#Cc2ccc3nccn3n2)c1)c1ccc(F)c(Cl)c1,,5.799507325061991,5.799507325061991,0.18947096
ZBNSUPBFZXUCCX,COc1cc2c(N3CCN(C(=O)Nc4ccc(C#N)cc4)CC3)ncnc2cc1OCCCn1nccn1,CHEMBL338619,5.902690109611308,5.902690109611308,0.44188645
SUEJESRVIGEHJW,[2H]C([2H])([2H])Oc1ccc(COc2ncc(Cc3ccnc4cc(OC)cnc34)cc2OC)nc1,,6.023650020996727,6.023650020996727,0.3362497
VTZVPTGNTUHJCI,Cc1ncc(C(=O)Nc2cc(C(=O)Nc3ccc(OC(C)C)cn3)c(F)cc2Cl)s1,,,6.0,0.24985662
BRVGGSFNJWNMKP,COCc1ccc(NC(=O)c2cc(NC(=O)c3cnc(C)s3)c(Cl)cc2F)nc1,,,6.0,0.16274114
QRKCJOAEVLOAOM,Cc1cc(F)c(C(=O)Nc2ccn(-c3ccccn3)n2)cc1NC(=O)c1cnc(N)s1,,,6.0,0.098536685
UFZWBWHQNILYST,COc1cnc2c(Cc3cnc(OCc4cc5n(n4)C[C@@H](OC)C5)c(OC)c3)ccnc2c1,,,6.0,0.9292258
XOFLYOULMDZJST,Cc1ncc(C(=O)Nc2cc(C(=O)Nc3ccc(OC4CC4)cn3)c(F)cc2Cl)s1,,,6.0,0.5219431
RJZULDNPMPWJSC,COc1cnc2c(Cc3cnc(OCc4cc5n(n4)C[C@H](OC)C5)c(OC)c3)ccnc2c1,,,6.0,0.8330606
KOIXGTACDRYXOI,Cc1cc(F)c(C(=O)Nc2ccc(OC3CC3)cn2)cc1NC(=O)c1cncs1,,,6.0,0.93978643
HKMTYQNMRIBAHX,C=CC(=O)Nc1ccc(-n2nc3c(=O)[nH]nc(N)c3c2-c2oc3ccc(C)cc3c2C)cc1,,,6.0,0.9328716
GXMSDIAHZYAKOF,Cc1ncc(C(=O)Nc2cc(C(=O)Nc3ncc(C4CC4)cn3)c(F)cc2C)s1,,,6.0,0.9285029
VLDAXZNRNZROMR,Cc1cc(F)c(C(=O)NCCCN2CCOCC2)cc1NC(=O)c1cnc(N)s1,,,6.0,0.2318452
BLTNVYOBZUELAP,CCc1cc2c(cc1N1CCN(CC3(O)CCOCC3)CC1)C(C)(C)c1[nH]c3cc(C#N)ccc3c1C2=O,CHEMBL3958173,,6.0,0.9214748
FIKFCGYHOVQXER,Cc1ncc(C(=O)Nc2cc(C(=O)Nc3cnc(C4CC4)cn3)c(F)cc2C)s1,,,6.0,0.84724015
KPZIWFAXLPDUSA,Cc1cc(F)c(C(=O)Nc2cnn(C)c2)cc1NC(=O)c1cnc(N)s1,,,6.0,0.066465266
OXIWKSMFNKEORP,Cc1ncc(C(=O)Nc2cc(C(=O)Nc3ccc(CC(F)(F)F)cn3)c(F)cc2Cl)s1,,,6.0,0.32370657
RNYHOBHVJHIJMF,COc1ccc(COc2ncc(Cc3ccnc(-c4cnn(C)c4)n3)cc2OC)nc1,,,6.0,0.19655494
CCTXZDDMVVNBJD,Cc1ncc(C(=O)Nc2cc(C(=O)Nc3ccc(CC(F)F)cn3)c(F)cc2C)s1,,,6.0,0.29298064
HHNNGPIVKMOKPM,Cc1ncc(C(=O)Nc2cc(C(=O)Nc3cnc(OC[C@@H]4CC4(F)F)cn3)c(F)cc2C)s1,,,6.0,0.5258424
QVOWMDABASZUMQ,Cc1cc(F)c(C(=O)Nc2nnc(C3CC3)[nH]2)cc1NC(=O)c1cnc(N)s1,,,6.0,0.65422463
SHDGEOLPEYTGCG,Cc1n[nH]c2ccc(-c3cc(N[C@@H](CO)c4ccccc4)cnc3Cl)cc12,,,6.0,0.9310298
ALTOOHNFWWLBNT,Cc1ncc(C(=O)Nc2cc(C(=O)NCCCN3CCOCC3)c(F)cc2C)s1,,,6.0,0.350246
ULUXIJCPJFQDTA,Cc1cc(F)c(C(=O)Nc2ccc(OC3CC3)cn2)cc1NC(=O)c1cnc(C2CC2)s1,,,6.0,0.97208875
DKDOFICRULCFPP,Cc1cc(F)c(C(=O)Nc2ccc(OC3CC3)cn2)cc1NC(=O)c1cnc(C(F)F)s1,,,6.0,0.58993566
IOIQBYPQUILEAT,Cc1ncc(C(=O)Nc2cc(C(=O)Nc3cccc(CC(F)(F)F)n3)c(F)cc2C)s1,,,6.0,0.44080994
LTTJGQBDGMNWHJ,COc1cc(C2CN(C(=O)c3cc(COC[C@@H](O)CO)ccn3)C2)ccc1OCc1ccc(C2CC2)cc1,,,6.0,0.87084323
KQOQCJRNKPGMKX,Cc1cc(F)c(C(=O)Nc2ccn(-c3ccccc3)n2)cc1NC(=O)c1cnc(N)s1,,,6.0,0.115671255
MKOUFEDSFIKEFE,Cc1ncc(C(=O)Nc2cc(C(=O)NCc3ccccc3F)c(F)cc2C)s1,,,6.0,0.11420779
JKSWZXXRRGQFLS,Cc1cc(F)c(C(=O)Nc2ncn(C)n2)cc1NC(=O)c1cnc(N)s1,,,6.0,0.47280413
MGQVXWJDJZOIKH,Cc1cc(F)c(C(=O)Nc2nc(C)n(C)n2)cc1NC(=O)c1cnc(N)s1,,,6.0,0.56647295
LLUWENIXQOOVQR,Cc1ncc(C(=O)Nc2cc(C(=O)Nc3ccc(OCC4CC4)cn3)c(F)cc2C)s1,,,6.0,0.5563997
RAEBQOQURXPXRG,Cc1ncc(C(=O)Nc2cc(C(=O)Nc3ccn(CC(C)C)n3)c(F)cc2C)s1,,,6.0,0.3334574
ZPXICCVZHPADEQ,CO[C@H]1C[C@@H](n2ccc(NC(=O)c3cc(NC(=O)c4cnc(N)s4)c(C)cc3F)n2)C1,,,6.0,0.6163615
DRHRMOXZPYWLQW,Cc1ncc(C(=O)Nc2cc(C(=O)Nc3ccc(CC4CC4)c(C)n3)c(F)cc2C)s1,,,6.0,0.7812394
VMESBFSOVFPKAG,Cc1cc(F)c(C(=O)Nc2cc3n(n2)CCN(C)C3)cc1NC(=O)c1cnc(N)s1,,,6.0,0.54276025
SFNSIRBXKCUTMM,Cc1ccc(NC(=O)Nc2ccc(N3CCc4ccncc4C3)cc2)cc1,,,6.0,0.9234919
QOTVFSCMDVBSNE,Cc1ncc(C(=O)Nc2cc(C(=O)Nc3ccn(C4CCC4)n3)c(F)cc2C)s1,,,6.0,0.7229841
DSPUZVZWLAYGOX,CCn1ccc(NC(=O)c2cc(NC(=O)c3cnc(N)s3)c(C)cc2F)n1,,,6.0,0.15547109
LFXZQUTWPBCUBH,CN1CCC(Oc2ccc(NC(=O)c3cccc(N4CCc5nc(N)ncc5C4)c3)cc2)CC1,,,6.0,0.99564797
VPQLXIATWIDSEC,Cc1ncc(C(=O)Nc2cc(C(=O)Nc3ccn(C(C)C)n3)c(F)cc2C)s1,,,6.0,0.24843246
BBTDOQATPTVBOJ,CCOC(=O)CCc1c(C=C2C(=O)Nc3ccc(NS(=O)(=O)c4ccccc4)cc32)[nH]c2c1C(=O)CCC2,CHEMBL1215218,,6.0,0.9541404
OVXAKNSXXGLDOL,Cc1cc(F)c(C(=O)Nc2ccn(C(F)F)n2)cc1NC(=O)c1cnc(N)s1,,,6.0,0.12238976
YWWNASUBEFNHSA,COC1CN(c2cnc(NC(=O)c3cc(NC(=O)c4cnc(C)s4)c(C)cc3F)cn2)C1,,,6.0,0.7053444
PKVUVWYYDGDERJ,CCN(CC)C(=O)c1cccc(N2CCc3nc(N)ncc3C2)c1,,,6.0,0.97055537
PCVWGVILGFSKFV,Cc1ncc(C(=O)Nc2cc(C(=O)Nc3cnc(N4CC[C@@H](O)C4)cn3)c(F)cc2C)s1,,,6.0,0.8217964
KGRNJCPDVHHUFY,Cc1ncc(C(=O)Nc2cc(C(=O)Nc3ccc(CC(F)(F)F)cn3)c(C)cc2C)s1,,,6.0,0.5673006
VXEFKFSMQWWXTO,CO[C@@H]1CCN(c2cnc(NC(=O)c3cc(NC(=O)c4cnc(C)s4)c(C)cc3F)cn2)C1,,,6.0,0.80504364
BBDCMPBPHYXTOG,Cc1ncc(C(=O)Nc2cc(C(=O)Nc3ccn(C(F)F)n3)c(F)cc2C)s1,,,6.0,0.12520646
NHYCOOHRGHVZOI,CC(C)n1cc(C(=O)Nc2cc(F)c(-c3c[nH]c4ncnc(N)c34)cc2F)c(=O)c(-c2ccc(F)cc2)c1,,,6.0,0.8680127
GKKRXRDOVVFVBI,CO[C@H]1C[C@@H](n2nccc2NC(=O)c2cc(NC(=O)c3cnc(N)s3)c(C)cc2F)C1,,,6.0,0.617739
QRISMWBSESQDEL,Cc1ncc(C(=O)Nc2cc(C(=O)NCC3(F)CCC3)c(F)cc2C)s1,,,6.0,0.86118025
DUFQJGQINGTBRW,Cc1ncc(C(=O)Nc2cc(C(=O)Nc3cnc(N4CC(O)C4)cn3)c(F)cc2C)s1,,,6.0,0.8055647
JATHIANDFJUZRZ,Cc1ncc(C(=O)Nc2cc(C(=O)Nc3ccn(CC4CC4)n3)c(F)cc2C)s1,,,6.0,0.5739586
ZQIQIMRQAJZBDL,CCc1ccc(NC(=O)c2cc(NC(=O)c3cnc(C)s3)c(C)cc2F)nc1,,,6.0,0.20688714
HMQMQCJSZMJUDT,Cc1ncc(C(=O)Nc2cc(C(=O)Nc3cnc(N4CCC[C@H]4C)cn3)c(F)cc2C)s1,,,6.0,0.60819745
GTJKBCSNZZCNNH,Cc1cc(F)c(C(=O)Nc2ccc(OC3COC4(CC4)C3)cn2)cc1NC(=O)c1cnc(N)s1,,,6.0,0.61446476
CXIGPJKMJIHWFM,Cc1ncc(C(=O)Nc2cc(C(=O)Nc3ccc(COC(F)F)cn3)c(F)cc2C)s1,,,6.0,0.077173285
ZMYXCQOKPQVAIY,C=CC(=O)N1CC[C@H](n2cc(-c3cc4cc(C)cc(OC)c4s3)c3c(N)ncnc32)C1,,,6.0,0.7531226
HLGGXCKKFKUUEE,Cc1cc(F)c(C(=O)N[C@H]2CCOC2)cc1NC(=O)c1cnc(N)s1,,,6.0,0.14012451
SNILVMXTCBYMKD,Cc1ncc(C(=O)Nc2cc(C(=O)Nc3cncc(COC(F)F)c3)c(F)cc2C)s1,,,6.0,0.030486094
HLHYARDBEAFRGV,CCOCc1ccc(NC(=O)c2cc(NC(=O)c3cnc(N)s3)c(C)cc2F)nc1,,,6.0,0.1827432
XYJLQNMUEAJOTN,CC(=O)Nc1cc2c(N3CCN(C(=S)NCc4ccccc4)CC3)ncnc2cc1Cl,CHEMBL103599,,6.0,0.45690334
RPRQMYCHCUMWSV,Cc1ncc(C(=O)Nc2cc(C(=O)NCc3ccn(C(C)C)n3)c(F)cc2C)s1,,,6.0,0.22196764
UTQFTOPXSMOFLI,Cc1cc(F)c(C(=O)Nc2ccc(COC(C)C)cn2)cc1NC(=O)c1cnc(N)s1,,,6.0,0.288614
ACCRSGIPRNFCPU,Cc1ncc(C(=O)Nc2cc(C(=O)Nc3cnc(OCC(F)(F)F)cn3)c(F)cc2C)s1,,,6.0,0.41859096
PTVZYXIUVSBOGP,CC(NC(=O)c1cccc(C(F)(F)F)c1)c1ccc(C2CC2)c(-c2ccc3nc(Nc4cnn(C5CC5)c4)ncc3c2)c1,,,6.0,0.98968387
TXMTZTLKKUHWFS,Cc1ncc(C(=O)Nc2cc(C(=O)Nc3cnc(N4CCC(F)(F)C4)cn3)c(F)cc2C)s1,,,6.0,0.6069805
YRXJPNNOYXAWGZ,CCc1ccc(C(C)NC(=O)c2cccc(C(F)(F)F)c2)cc1-c1ccc2nc(Nc3cnn(C)c3)ncc2c1,,,6.0,0.9589173
MIWQIAMNPRUXTQ,COC[C@H]1CCCN1c1cnc(NC(=O)c2cc(NC(=O)c3cnc(C)s3)c(C)cc2F)cn1,,,6.0,0.67755145
PETCLIAHRNTKKG,Cc1ncc(C(=O)Nc2cc(C(=O)Nc3cnc(OCC(F)F)cn3)c(F)cc2C)s1,,,6.0,0.23577109
PZONUQMAOPGZCA,CCC(NC(=O)c1ccc(C2CC2)c(-c2ccc3nc(Nc4cnn(C5CC5)c4)ncc3c2)c1)c1cccc(C(F)(F)F)c1,,,6.0,0.99181867
HFHARTJGRVXVEP,Cc1ncc(C(=O)Nc2cc(C(=O)Nc3cnc(N4CCCC4)cn3)c(F)cc2C)s1,,,6.0,0.62991065
DIKLGRNRTPQRQX,Nc1ncc(C(=O)Nc2cc(C(=O)NC3CC3)c(F)cc2Cl)s1,,,6.0,0.26687184
WTISBSFBSSXFEK,Cc1ncc(C(=O)Nc2cc(C(=O)Nc3cnc(OCC4CC4)cn3)c(F)cc2C)s1,,,6.0,0.43026936
RKNHIXKKSWPAQH,CC(NC(=O)c1ccc(C2CC2)c(-c2ccc3nc(Nc4cnn(C5CC5)c4)ncc3c2)c1)c1cccc(C(F)(F)F)c1,,,6.0,0.9857115
JOTSAAGSYKFXCY,COCc1ccc(NC(=O)c2cc(NC(=O)c3cnc(N)s3)c(Cl)cc2F)nc1,,,6.0,0.15229538
VBXDUSMRNQVJRO,O=C(CCl)Nc1ccc2ncnc(Nc3cc(Cl)c(Cl)cc3F)c2c1,CHEMBL275762,,6.0,0.18946187
QATDOEVAENKRRA,COc1ccc(NC(=O)c2cc(NC(=O)c3cnc(N)s3)c(F)cc2F)nc1,,,6.0,0.23473021
RVNOKZQIAALNHE,Cc1ncc(C(=O)Nc2cc(C(=O)Nc3ccnc(CC4CC4)n3)c(F)cc2C)s1,,,6.0,0.5742365
FZIKDNMZJFUNEB,Nc1ncc(C(=O)Nc2cc(C(=O)Nc3ccc(OCC(F)F)cn3)c(F)cc2F)s1,,,6.0,0.18454292
UPVHDAFPLYNUFN,Cc1ncc(C(=O)Nc2cc(C(=O)Nc3ccc(CC(F)(F)F)cn3)c(Cl)cc2C)s1,,,6.0,0.43788433
XDYCDXFDVOBDOO,CN(C)C/C=C/C(=O)Nc1ccc2ncnc(Nc3cc(Cl)c(Cl)cc3F)c2c1,CHEMBL190094,,6.0,0.00023847076
GLHDAAJHFVURSC,CCOc1ccc(NC(=O)c2cc(NC(=O)c3cnc(N)s3)c(F)cc2F)nc1,,,6.0,0.21448864
RJDRMKMNQWMYKV,Cc1ncc(C(=O)Nc2cc(C(=O)Nc3cnc(N4CC[C@@H](F)C4)cn3)c(F)cc2C)s1,,,6.0,0.8340527
BOTQXVZWXJGWAV,COCC(=O)Nc1ccc2ncnc(Nc3cc(Cl)c(Cl)cc3F)c2c1,CHEMBL190651,,6.0,0.08890146
VGFPGBIVDVHMIH,CC(C)Oc1ccc(NC(=O)c2cc(NC(=O)c3cnc(N)s3)c(Cl)cc2F)nc1,,,6.0,0.24130885
VYUUCPLYJWRCSR,Cc1ncc(C(=O)Nc2cc(C(=O)Nc3cnc(N4CCC[C@@H]4C(F)(F)F)cn3)c(F)cc2C)s1,,,6.0,0.84877276
OEDFJZJYNPPMGO,Cc1ccn(-c2cccc(N(C)C)c2)c(=O)c1N1CCc2nc(N)ncc2C1,,,6.0,0.9767853
KBLPHMRCKHFBJB,C[C@@H]1C[C@H]2CN1CCn1[nH]c3c(cccc3c1=O)-c1nc3c(cccc3[nH]c1=O)O2,CHEMBL215803,,6.0,0.05932489
SKYSFVLMBOAZOD,CC(C)Oc1ccc(NC(=O)c2cc(NC(=O)c3cnc(N)s3)c(F)cc2F)nc1,,,6.0,0.23960494
SRMXGDOFWDFPMQ,Cc1cc(F)c(C(=O)N[C@H]2CCOC2)cc1NC(=O)c1cnc(NC(=O)N2CCOCC2)s1,,,6.0,0.46080974
PJAUVKZDIJXSRI,Nc1ncc(C(=O)Nc2cc(C(=O)Nc3ccc(C(F)F)cn3)c(F)cc2F)s1,,,6.0,0.24864489
ODPMIHQQSQQIBB,Nc1ncc(C(=O)Nc2cc(C(=O)Nc3ccc(OCC(F)(F)F)cn3)c(F)cc2F)s1,,,6.0,0.26942417
BAWZESLJEVSFRN,C[C@@H](Oc1ccc2[nH]nc(-c3nc4cc(N5CCN(C)CC5)ccc4[nH]3)c2c1)c1c(Cl)cncc1Cl,CHEMBL3827178,,6.0,0.98041797
YZMDRNOSQQZVMU,Nc1ncc(C(=O)Nc2cc(C(=O)Nc3ccc(OC(F)F)cn3)c(F)cc2F)s1,,,6.0,0.18020187
BQPCOFNVPFRVST,Cc1cc(F)c(C(=O)N[C@H]2CCOC2)cc1NC(=O)c1cnc(NC(=O)N2CCC2)s1,,,6.0,0.35218418
UMETYVBVOQSNLE,COCc1ccc(NC(=O)c2cc(NC(=O)c3cnc(N)s3)c(F)cc2F)nc1,,,6.0,0.17513476
ZQXNBXQTDYOQCL,CCc1ccc(NC(=O)c2cc(NC(=O)c3cnc(N)s3)c(F)cc2F)nc1,,,6.0,0.31445086
YBFHQNWKSBKLSI,Nc1ncc(C(=O)Nc2cc(C(=O)Nc3ccc(C(F)(F)F)cn3)c(F)cc2F)s1,,,6.0,0.42920446
BDVGHJLTQZVVPA,CC(C)S(=O)(=O)c1ccccc1Nc1nc(Nc2cccc(NC(=O)CN)c2)ncc1Cl,CHEMBL3357439,,6.0,0.027683161
DJJSITBWGZHBGI,Cc1cc(F)c(C(=O)Nc2ccc3c(n2)CCOC3)cc1NC(=O)c1cnc(N)s1,,,6.0,0.5646253
RJXBVCXLXMSXMP,Nc1ncc(C(=O)Nc2cc(C(=O)Nc3ccc(OC4CC4)cn3)c(F)cc2F)s1,,,6.0,0.39405298
WRBQUZUKONPIII,Cc1cc(F)c(C(=O)Nc2ccc(OC3CC3)cn2)cc1NC(=O)c1cnc(NC(=O)C(C)(C)O)s1,,,6.0,0.3552484
QLFFDJHHXVUFLJ,Cc1cc(F)c(NC(=O)c2cnc(N)s2)cc1C(=O)Nc1ccc(OC2CC2)cn1,,,6.0,0.83291787
SACOUWXFEYBEHK,Cc1cc(F)c(C(=O)Nc2ccc(F)cc2)cc1NC(=O)c1cnc(N)s1,,,6.0,0.12903579
WIKJLHPOZVIWIC,Cc1cc(F)c(C(=O)Nc2ccc3c(n2)COC3)cc1NC(=O)c1cnc(N)s1,,,6.0,0.7330336
XVJUDJHGZAFHJW,Cc1cc(F)c(C(=O)Nc2cccc(F)c2)cc1NC(=O)c1cnc(N)s1,,,6.0,0.11470104
FERXSPCVEYOEDT,C[C@@H](Sc1cc(-c2cnn(C3CCNCC3)c2)cnc1N)c1c(Cl)ccc(F)c1Cl,CHEMBL2442124,,6.0,0.7030349
HYWZTMVRFVSHTL,Cc1cc(F)c(C(=O)NCC(F)(F)F)cc1NC(=O)c1cnc(N)s1,,,6.0,0.24300294
VSCJIQJMDMJKOD,Cc1cc(F)c(C(=O)Nc2ccccc2F)cc1NC(=O)c1cnc(N)s1,,,6.0,0.0679847
AVMUXOWCRXLJPW,O=c1ccc(-n2ccc3ccc(F)cc32)nn1CCOc1ccnc2cc(OCCCN3CCOCC3)ccc12,CHEMBL3417489,,6.0,0.015425754
ANJGERPXJGJTES,Cc1cc(F)c(C(=O)NC2CN(C(=O)C3CC3)C2)cc1NC(=O)c1cnc(N)s1,,,6.0,0.566412
GRMVVNZGQJFNLM,Cc1cc(F)c(C(=O)N[C@H]2C[C@@H](C(N)=O)C2)cc1NC(=O)c1cnc(N)s1,,,6.0,0.39644888
PDMAZCNQCNRTMP,Cc1cc(F)c(C(=O)N[C@H]2C[C@@H](C#N)C2)cc1NC(=O)c1cnc(N)s1,,,6.0,0.31171474
UCRBQNWFWPPZSO,CNc1ncc(C(=O)Nc2cc(C(=O)Nc3ccc(OC4CC4)cn3)c(F)cc2C)s1,,,6.0,0.74473757
HZBGSTXEYAHLSO,Cc1cc(F)c(C(=O)N[C@H]2C[C@@H](F)C2)cc1NC(=O)c1cnc(N)s1,,,6.0,0.42183766
MHRCGHWXFLFVJB,CO[C@H]1C[C@@H](NC(=O)c2cc(NC(=O)c3cnc(N)s3)c(C)cc2F)C1,,,6.0,0.3789963
XQRASCFRVKNOBS,Cc1cc(F)c(C(=O)NC2CN(c3ncccn3)C2)cc1NC(=O)c1cnc(N)s1,,,6.0,0.655925
VKMMRQFNKQMJBZ,CCc1cc(F)c(C(=O)Nc2ccc(OC3CC3)cn2)cc1NC(=O)c1cnc(N)s1,,,6.0,0.22748673
OCIFPDJMYDEPIS,Cc1ncc(C(=O)Nc2cc(C(=O)Nc3ccc(CC4CC4)cn3)c(F)cc2C)s1,,,6.0,0.6688922
JTKMBOKGALUZTQ,Cc1ncc(C(=O)Nc2cc(C(=O)Nc3cnc(OCC(C)(F)F)cn3)c(F)cc2C)s1,,,6.0,0.19267178
LXHBDOMLLLRGPH,Cc1ccc(NC(=O)c2cc(NC(=O)c3cnc(N)s3)c(C)cc2F)nc1,,,6.0,0.13208471
MWZWRUWRRSWVSX,Cc1cc(F)c(C(=O)N[C@H]2C[C@H]2F)cc1NC(=O)c1cnc(N)s1,,,6.0,0.548606
NHOXYPRTUDEVKP,Cc1cc(F)c(C(=O)Nc2ccc(CN3CCOCC3)cn2)cc1NC(=O)c1cnc(N)s1,,,6.0,0.22996502
FSKUZZHKKZFLMN,Cc1ncc(C(=O)Nc2cc(C(=O)Nc3ccc(OC4CC4)cn3)c(F)cc2C)s1,,,6.0,0.7637511
MGUQSWMZCQPZRZ,COc1ccc(NC(=O)c2cc(NC(=O)c3cnc(N)s3)c(C)cc2F)nc1,,,6.0,0.15392223
PISFTIYWFCBBGU,Cc1ncc(C(=O)Nc2cc(C(=O)Nc3ccc(CC(F)(F)F)cn3)c(F)cc2C)s1,,,6.0,0.5789182
LGFMZPLQWNUKMQ,Cc1ncc(C(=O)Nc2cc(C(=O)Nc3ccc(CC(F)(F)F)cn3)c(F)cc2F)s1,,,6.0,0.44120777
SCMBSHYLWDLXIY,COCCc1ccc(NC(=O)c2cc(NC(=O)c3cnc(N)s3)c(C)cc2F)nc1,,,6.0,0.18616687
RQJIUYDSHHCFOX,Cc1ncc(C(=O)Nc2cc(C(=O)Nc3ccc(C4CC4)cn3)c(F)cc2C)s1,,,6.0,0.9064388
NKTULAHMXAVGKB,Cc1cc(F)c(C(=O)Nc2ccccn2)cc1NC(=O)c1cnc(N)s1,,,6.0,0.06943884
JGPXMOKKQKYVPU,Cc1ncc(C(=O)Nc2cc(C(=O)Nc3ccc(C(F)(F)F)cn3)c(F)cc2C)s1,,,6.0,0.6550748
QJQUAOYSKOUCCM,Cc1ncc(C(=O)Nc2cc(C(=O)NCc3cccnc3)c(F)cc2C)s1,,,6.0,0.21026975
RSZCVRJLVSYTIY,COCCOc1ccc(NC(=O)c2cc(NC(=O)c3cnc(N)s3)c(C)cc2F)nc1,,,6.0,0.17614067
YVRMJKKDODMWOO,Cc1cc(F)c(C(=O)Nc2ccc(COCC3CC3)cn2)cc1NC(=O)c1cnc(N)s1,,,6.0,0.26927757
DTPYKGUEDVLPDX,COCc1ccc(NC(=O)c2cc(NC(=O)c3cnc(N)s3)c(C)cc2F)nc1,,,6.0,0.17793863
JJKVPTCDYLGUKC,NC(=O)c1c(-c2ccc(NC(=O)c3cccc(C(F)(F)F)c3)cc2)nsc1NC(=O)NCCCN1CCOCC1,,,6.0,0.45649338
YFPYQMFBXQUNHH,Cn1cc(-c2cnc(Nc3cccc(Cn4nc(-c5cnn(C)c5)ccc4=O)c3)nc2)cn1,CHEMBL3759079,,6.0,0.94550955
FNYPNCJYDWZYCG,NC(=O)c1c(-c2cccc(NC(=O)Nc3ccccc3)c2)nsc1N,,,6.0,0.8084522
HLKKCIGTBDMVDA,Cc1ncc(C(=O)Nc2cc(C(=O)NCc3ccc(F)cc3F)c(F)cc2C)s1,,,6.0,0.23375331
DNPKYEGYXICBIC,COc1ccc(COc2ccc(Cc3ccnc4cc(OC)ccc34)cc2OC)cc1,,,6.0,0.0035178796
QTLVGRNMBUJZME,Cc1ncc(C(=O)Nc2cc(C(=O)Nc3ccc(C(C)(F)F)cn3)c(F)cc2C)s1,,,6.0,0.43421805
RDBKDAPGWGWPKK,Cc1ncc(C(=O)Nc2cc(C(=O)NCc3ccc(F)cc3)c(F)cc2C)s1,,,6.0,0.18140729
LOKYWESSMYIPST,COc1ccc(COc2ncc(Cc3ccnc4cc(OC)ccc34)cc2OC)nc1,,,6.0,0.019999063
TXHCXRCHSIVMSN,CC(C)n1cc(C(=O)Nc2ccc(Oc3ccnc(NC(=O)C4CC4)c3)c(F)c2)c(=O)n(-c2ccc(F)cc2)c1=O,,,6.0,0.7887539
SLVJTPWPSCUWIM,Cc1ncc(C(=O)Nc2cc(C(=O)NCc3cccc(F)c3F)c(F)cc2C)s1,,,6.0,0.05649715
YYFJXWVWFNDEQO,COc1ccc(COc2ncc(Cc3ccnc4cccnc34)cc2OC)nc1,,,6.0,0.009301999
QBQDRVKBSKRUDF,Cc1ncc(C(=O)Nc2cc(C(=O)NCc3cc(F)cc(F)c3)c(F)cc2C)s1,,,6.0,0.27089894
GELXWPLRAJVJNR,COc1ccc(COc2ncc(Cc3ccnc4cc(OC)cnc34)cc2OC)nc1,,,6.0,0.005518399
CZOSOSFBZPLYNI,Cc1ncc(C(=O)Nc2cc(C(=O)Nc3ccc(C(F)F)cn3)c(F)cc2C)s1,,,6.0,0.14225575
KDXFIVHUYAPYBJ,Cc1cc(F)c(C(=O)Nc2ccn(CCO)n2)cc1NC(=O)c1cnc(N)s1,,,6.0,0.1597997
GLPFNUYCTUOBOF,CCOc1cnc(NC(=O)c2cc(NC(=O)c3cnc(C)s3)c(C)cc2F)cn1,,,6.0,0.31392068
LYNHSFRJBBJXKV,Cc1ncc(C(=O)Nc2cc(C(=O)Nc3cnc(OC4CC(F)(F)C4)cn3)c(F)cc2C)s1,,,6.0,0.5801982
DDSFKIFGAPZBSR,COc1cnc2c(Cc3cnc(OCc4cc5n(n4)CCC5)c(OC)c3)ccnc2c1,,,6.0,0.04395104
LAHOMURIZDDQSI,COCCn1ccc(NC(=O)c2cc(NC(=O)c3cnc(N)s3)c(C)cc2F)n1,,,6.0,0.16481458
BQMCECCQCDDSJN,Cc1ncc(C(=O)Nc2cc(C(=O)NCc3ccc(OC(F)(F)F)cc3F)c(F)cc2C)s1,,,6.0,0.9154628
VEOJWDIOGYOBBZ,COc1cnc2c(Cc3cnc(OCc4cc5n(n4)CCOC5)c(OC)c3)ccnc2c1,,,6.0,0.3756987
PAAXZXVJCVILRD,Cc1ncc(C(=O)Nc2cc(C(=O)N[C@@H]3C[C@H]3c3ccccc3)c(F)cc2C)s1,,,6.0,0.5579107
RJEKUBOKQHYWOV,Cc1ncc(C(=O)Nc2cc(C(=O)Nc3ccc(C4CC4)nn3)c(F)cc2C)s1,,,6.0,0.7759101
TVLIMDOXMPEQRH,[2H]C([2H])([2H])Oc1cc(Cc2ccnc3cc(OC)cnc23)cnc1OCc1ccc(OC)cn1,,,6.0,0.35884795
NHSDETMDDPCRGB,Cc1ncc(C(=O)Nc2cc(C(=O)NCc3ccc(OC(F)(F)F)cc3)c(F)cc2C)s1,,,6.0,0.91041607
XNECOUIZZCDXPL,Cc1ncc(C(=O)Nc2cc(C(=O)Nc3ccc(C(F)(F)F)nc3)c(F)cc2C)s1,,,6.0,0.7021847
AVKZUNCHKAHMEE,Cc1ncc(C(=O)Nc2cc(C(=O)NCc3ccc(F)c(F)c3)c(F)cc2C)s1,,,6.0,0.09165062
GCCJQUTUHRABDT,Cc1cc(F)c(C(=O)Nc2ccn(C3CCOCC3)n2)cc1NC(=O)c1cnc(N)s1,,,6.0,0.3374178
ZDMRXAGEYJQUGI,Cc1cc(F)c(C(=O)Nc2ccn(CC(C)(C)O)n2)cc1NC(=O)c1cnc(N)s1,,,6.0,0.07808455
SBPNOHXSCFAMGU,Cc1ncc(C(=O)Nc2cc(C(=O)NCc3ccc(OC(F)(F)F)c(F)c3)c(F)cc2C)s1,,,6.0,0.8723542
WLOYJIZMIIVMQK,Cc1ncc(C(=O)Nc2cc(C(=O)NCc3ccc(C(F)(F)F)cc3)c(F)cc2C)s1,,,6.0,0.65247464
BEFVONVQJATKOC,COc1cnc2c(Cc3cnc(OCc4cc(C)n(C)n4)c(OC)c3)ccnc2c1,,,6.0,0.056054536
MHGCZLKOVJFUOU,Cc1ncc(C(=O)Nc2cc(C(=O)Nc3ccc(OC(C)C)cn3)c(F)cc2C)s1,,,6.0,0.3914392
JBCIHWMMLFETPZ,COc1cnc2c(Cc3cnc(OCc4cc(C)n(C5COC5)n4)c(OC)c3)ccnc2c1,,,6.0,0.8424504
DPUZREQGPAAFIM,Cc1cc(F)c(C(=O)Nc2ccn(C)n2)cc1NC(=O)c1cnc(N)s1,,,6.0,0.15751562
JSKPJHOOSDTQIF,Cc1ncc(C(=O)Nc2cc(C(=O)Nc3cnc(C4CC4)nc3)c(F)cc2C)s1,,,6.0,0.49404782
DYTFCWLSZFELGG,COc1cnc2c(Cc3cnc(OCc4cc(C(C)C)n(C)n4)c(OC)c3)ccnc2c1,,,6.0,0.02029588
MZDWXXCXWLQACH,Cc1nnc(NC(=O)c2cc(NC(=O)c3cnc(N)s3)c(C)cc2F)s1,,,6.0,0.09521729
LOEBBBZSDQLTGH,Cc1ncc(C(=O)Nc2cc(C(=O)Nc3ccc(OCC(F)(F)F)cn3)c(F)cc2C)s1,,,6.0,0.41121337
WNFKPPGWRFYZAJ,COCc1ccc(NC(=O)c2cc(NC(=O)c3cnc(C)s3)c(C)cc2F)nc1,,,6.0,0.31370047
XTQYICLCHSEUBX,Cc1ncc(C(=O)Nc2cc(C(=O)Nc3ccc(OCC(F)F)cn3)c(F)cc2C)s1,,,6.0,0.1616384
VHBXTAZDMVCSRI,Cc1cc(F)c(C(=O)Nc2cn[nH]c2)cc1NC(=O)c1cnc(N)s1,,,6.0,0.10647972
CLKWYQZEGZDWME,Cc1ncc(C(=O)Nc2cc(C(=O)Nc3ccc(OC(F)(F)F)cn3)c(F)cc2C)s1,,,6.0,0.80521476
IDTNHVSQAQYIPW,Cc1cc(-c2n[nH]c3ccc(C(=O)NC(C)c4c(Cl)cncc4Cl)cc23)ccn1,CHEMBL3798257,,6.0,0.56436914
IHOZOJHPTANPFQ,Cc1ncc(C(=O)Nc2cc(C(=O)Nc3ccc(OC(F)F)cn3)c(F)cc2C)s1,,,6.0,0.100932874
RCKSSMQZORJDCX,Cc1cc(F)c(C(=O)Nc2ccn(C3CC3)n2)cc1NC(=O)c1cnc(N)s1,,,6.0,0.53113914
DEVPNNKKGPZYFO,COc1ccc(COc2ncc(Cc3ccnc4cc(N5CCN(C)CC5)cnc34)cc2OC)nc1,,,6.0,0.9319235
ZEKIJJKMJBIZDL,CC(NC(=O)c1ccc2[nH]nc(-c3ccncc3)c2c1)c1cccc(Cl)c1,CHEMBL3798631,,6.0,0.10508691
ZXPUKEPQYKBOHH,Cc1cn(-c2cc(NC(=O)c3ccc4c(c3)C[C@H](N(C)c3cncnc3)C4)cc(C(F)(F)F)c2)cn1,,5.994390554639719,5.994390554639719,0.99308723
CKNQIKAQBWDTIP,O=C1Nc2ccc(C(=O)O)cc2/C1=C/c1cc2c([nH]1)CCCC2,,5.987162775294828,5.987162775294828,0.006181772
DNJDMYKOPAOKQC,COc1cc2ncnc(N3CCN(C(=O)Nc4ccc(Cc5ccncc5)cc4)CC3)c2cc1OC,CHEMBL102330,5.982966660701219,5.982966660701219,0.3074958
IGDCJUNQEHDNIA,Cc1cccc(NC(=O)Nc2ccc(N3CCc4ccncc4C3)cc2C)c1,,5.978810700930062,5.978810700930062,0.97408706
CMOQWRCLKYBEOS,Cc1ccccc1-c1cc2cnc(N)nc2nc1NC(=O)NC(C)(C)C,,5.978810700930062,5.978810700930062,0.058595855
ACQZSCVVDGKAGB,COc1cc2c(N3CCN(C(=S)Nc4ccc(C(F)(F)F)nc4)CC3)ncnc2cc1OCCN1CCCCC1,CHEMBL184118,5.680955139007747,5.680955139007747,0.85777515
QCKZVWREWBWRAG,Cc1cc(C(=O)NCC(C)(C)N2CCCC2)sc1NC(=O)c1cnn2cc(-c3cnn(C)c3)sc12,,5.968995718636463,5.745937231958401,0.97137725
MBDPWLVJVWZLFQ,COc1cc2ncnc(N3CCN(C(=S)NCCc4ccc(Cl)cc4)CC3)c2cc1OC,CHEMBL141229,5.962573502059376,5.962573502059376,0.8167066
GEPKFPGFWUHVLZ,COc1cc2nc(Nc3cc(C)n[nH]3)nc(Nc3cccc(-c4nc5ccccc5s4)c3)c2cc1OC,CHEMBL522785,5.958607314841775,5.958607314841775,0.028289264
CADIAVLAXLUJAC,CCN(CC)CCCNc1ncc2cc(-c3c(Br)cccc3Br)c(NC(=O)NC(C)(C)C)nc2n1,,5.958607314841775,5.958607314841775,0.6905359
LXTVIIYXNZBKDS,CN1CCN(CCCCNc2cc3c(cn2)cc(-c2c(Cl)cccc2Cl)c(=O)n3C)CC1,,5.958607314841775,5.958607314841775,0.96084434
XNLVVTGACFLHMS,Nc1ccccc1NC(=O)c1ccc(C(=O)Nc2cccc(Nc3ncc(-c4cccnc4)cn3)c2)cc1,CHEMBL473826,5.958607314841775,5.958607314841775,0.74254626
BVFYPXLAWPVNTJ,COc1cc2ncnc(N3CCN(C(=O)Nc4ccc(Cl)cc4)CC3)c2cc1OC,CHEMBL104325,5.958607314841775,5.958607314841775,0.28476453
GHRJDUDIROBWRM,O=C1Nc2cccc(C3CCNCC3)c2/C1=C/c1[nH]cc2c1CCOC2=O,,5.958607314841775,5.958607314841775,0.19809875
IBBDZRORXASUQY,O=C1Nc2cc(-c3ccccc3)ccc2/C1=C/c1[nH]cc2c1CCOC2=O,,5.958607314841775,5.958607314841775,0.15907924
SUBNLERWESOYMX,O=C(/C=C/c1ccc(-c2ccc3ncnc(Nc4ccc(OCc5cccc(F)c5)c(Cl)c4)c3c2)s1)NO,CHEMBL1630108,5.958607314841775,5.958607314841775,0.0010504689
QGLUQQCIZIEJHF,COC(C)(C)C(=O)NC(=O)Nc1ccc(Oc2ccnc(-c3cnn(C)c3)c2)c(C)n1,,5.958607314841775,5.958607314841775,0.9648631
CRQMGAADPYRSGJ,CCN(CC)CCCNc1ncc2cc(-c3c(Cl)cccc3Cl)c(NC(=O)NC(C)C)nc2n1,,5.958607314841775,5.958607314841775,0.96215343
INCAIRNHZBEWOA,CN(C)CCCc1ccc(OC(F)(F)F)c(Nc2ncc3c(n2)-c2ccc(Cl)cc2NC(=S)C3)c1,CHEMBL1945497,5.958607314841775,5.958607314841775,0.9291632
VUWFDMHOFQDZTG,Cn1c(-c2c(O)c3ccccc3[nH]c2=O)nc2ccccc21,CHEMBL496172,5.958607314841775,5.958607314841775,0.8807631
HDKFOWNECFEDEY,CCN(CC)CCCCNc1ncc2cc(-c3c(Cl)cccc3Cl)c(NC(=S)NCCCN3CCOCC3)nc2n1,,5.958607314841775,5.958607314841775,0.9753322
JVBDSYKDNNKMJA,Nc1ncc2cc(-c3c(Cl)cccc3Cl)c(=O)n(CCCO)c2n1,,5.958607314841775,5.958607314841775,0.05554095
OMTMSMIIXGDMJB,CCN(CC)CCCCNc1cc2[nH]c(=O)c(-c3c(Cl)cccc3Cl)cc2cn1,,5.958607314841775,5.958607314841775,0.90011257
CZDUJGOCEPWCNA,CCCC(=O)Oc1ccc2[nH]c(C(=O)c3cc4ccccc4[nH]3)cc2c1,,5.958607314841775,5.958607314841775,0.96716076
CIQLUWGXRPQJFF,Cc1nc(NC(=O)NC(=O)C2(C)CCOCC2)ccc1Oc1ccnc(-c2cnn(C)c2)c1,,5.958607314841775,5.958607314841775,0.9797575
QXVHPYHFIHRJBM,CC(C)Oc1ccc2c(N3CCN(C(=O)Nc4ccc(Oc5ccccc5)cc4)CC3)ncnc2c1,CHEMBL101113,5.950781977329818,5.950781977329818,0.749979
BIGVSWPLPNHKAT,CN1c2ccc(F)cc2SC1C(=O)Nc1cccc2c1N(Cc1ccc(OC3CCNCC3)cc1)CCC2,,5.94692155651658,5.94692155651658,0.96568584
NEHGWVMZRPMPCB,COc1ccc(NC(=S)N2CCN(c3ncnc4cc(OC)c(OC)cc34)CC2)cc1OC,CHEMBL103003,5.943095148663527,5.943095148663527,0.42243007
SWTZOAIMNPAZIO,Nc1cc2ncnc(N3CCN(C(=O)Nc4ccc(Oc5ccccc5)cc4)CC3)c2cc1[N+](=O)[O-],CHEMBL317106,5.935542010773082,5.935542010773082,0.17556398
YPEPBGPKUZKSPP,Cc1cccc(C(=O)Nc2ccc3sc(-c4cccnc4N)cc3c2)c1,,5.893469146177619,5.893469146177619,0.66598076
HYTINAIANCXBTN,Cc1nc(NC(=O)NC(=O)Cc2ccc(F)cc2)ccc1Oc1ccnc(-c2cnn(C)c2)c1,,5.920818753952375,5.920818753952375,0.9944752
RRWSNCZYJCOEFX,CC(C)(C)NC(=O)Nc1nc2nc(N)ncc2cc1-c1c(Cl)cccc1Cl,CHEMBL57366,5.903089986991944,5.903089986991944,0.1785196
QAKBRLMMNDWGCC,Cc1cccc2[nH]c(C(=O)c3cc4cc(OCCN5CCCCC5)ccc4[nH]3)cc12,CHEMBL210420,5.920818753952375,5.920818753952375,0.96044254
DQTIAPJPNNWWDC,COc1cc2ncn(-c3ccccc3)c2cc1OC,,5.920818753952375,5.920818753952375,0.8579177
JRNFYSGUKJTVJL,COc1cc2c(N3CCN(C(=O)Nc4ccc(C#N)cc4)CC3)ncnc2cc1OCCn1nccn1,CHEMBL127581,5.788213240133632,5.788213240133632,0.31421113
URPMELUGCLZPCA,CCCn1c(=O)c(-c2c(Cl)cccc2Cl)cc2cnc(N)nc21,,5.920818753952375,5.920818753952375,0.07657715
ZRNVMCXGAZFVMN,CCCCn1c(=O)c(-c2c(Cl)cccc2Cl)cc2cnc(N)nc21,,5.920818753952375,5.920818753952375,0.059398945
QFDXVHYLKILFEL,COc1cc2ncnc(N3CCN(C(=O)Nc4ccc(Cl)c(Cl)c4)CC3)c2cc1OC,CHEMBL104964,5.920818753952375,5.920818753952375,0.07354144
AGAXSGXJCXSDEI,O=C(CCc1ccccc1)Oc1ccc2[nH]c(C(=O)c3cc4ccccc4[nH]3)cc2c1,,5.920818753952375,5.920818753952375,0.9699517
XMTYXUJCIGTOHH,Nc1ncc2cc(-c3c(Cl)cccc3Cl)c(=O)n(Cc3ccncc3)c2n1,,5.920818753952375,5.920818753952375,0.116536565
RBMYTMOTFNHDMY,CCc1ccc(NC(=O)N2CCN(c3ncnc4cc(OC)c(OC)cc34)CC2)cc1,CHEMBL320645,5.91721462968355,5.91721462968355,0.8436595
AVQJNCBAUVLRRN,Cc1[nH]c(/C=C2\C(=O)Nc3ccc(C(=O)O)cc32)c(C)c1CCC(=O)O,,5.91721462968355,5.91721462968355,0.8629472
FIJNRZZNZAHZPL,Cc1cccc(NC(=O)Nc2ccc(-c3cc(-c4ccccc4)nc4noc(N)c34)cc2)c1,,5.910094888560602,5.910094888560602,0.9983304
DVWSMCWJINBHTP,COc1cccc(NC(=O)c2cccc(N3CCc4nc(N)ncc4C3)c2)c1,,5.906578314837765,5.906578314837765,0.98769855
USEZBMSGJKKYDN,COc1cc2ncnc(N3CCN(C(=[SH+])[N-]c4ccccc4[N+](=O)[O-])CC3)c2cc1OC,CHEMBL102383,5.906578314837765,5.906578314837765,0.056843776
KVDFCDPSKGACEZ,Cc1cc(-c2cnc3cc(-c4ccc(N5CCNCC5)cc4)ccn23)c2ccccc2n1,,5.903089986991944,5.903089986991944,0.96019423
IDJDSLNTPQPCHI,COCCOc1ccc2c(N3CCN(C(=O)Nc4ccc(C#N)cc4)CC3)ncnc2c1,CHEMBL338827,5.675819994509535,5.675819994509535,0.794234
FQXXKOBAEUWJIV,COc1cc2c(N3CCN(C(=O)Nc4ccc(C#N)cc4)CC3)ncnc2cc1OCCN1CCOCC1,CHEMBL127635,5.875205171113529,5.875205171113529,0.5196729
SOICIUYXTURPCP,Cc1ccc(NC(=O)Nc2ccc(-c3cc(-c4ccccc4)nc4noc(N)c34)cc2)cc1,,5.8996294548824375,5.8996294548824375,0.9971762
UHGNQJUWNBEJLQ,COc1cc2ncnc(N3CCN(C(=S)Nc4ccc(C)cc4)CC3)c2cc1OC,CHEMBL321286,5.8996294548824375,5.8996294548824375,0.6712173
FFDNBPMZHAVDKK,COc1cc2ncnc(N3CCN(C(=O)NCc4ccc(Cl)cc4)CC3)c2cc1OC,CHEMBL341973,5.896196279044043,5.896196279044043,0.8467741
DGDHQRAXJZJONL,COc1cccc(NC(=O)Nc2ccc(C(=O)N/N=C3\C(=O)Nc4ccc(Cl)cc43)cc2)c1,,5.889410289700751,5.889410289700751,0.9954757
UHTBPLNTPWPALO,CCNC(=O)Nc1nc2nc(NCCCN(CC)CC)ncc2cc1-c1c(Cl)cccc1Cl,,5.886056647693163,5.886056647693163,0.8794073
MFHUUPOUXJRWOX,COc1ccc(OC)c(Cc2cc3c(N(C)c4cccc(Br)c4)nc(N)nc3[nH]2)c1,CHEMBL1254444,5.886056647693163,5.886056647693163,0.0011364012
AFSDNFLWKVMVRB,O=c1oc2c(O)c(O)cc3c(=O)oc4c(O)c(O)cc1c4c23,CHEMBL6246,5.886056647693163,5.886056647693163,0.11581864
NJXJDASJCPHGHC,CCOc1ccc(C(=O)Oc2ccc3[nH]c(C(=O)c4cc5ccccc5[nH]4)cc3c2)cc1,,5.886056647693163,5.886056647693163,0.9718463
WVIHMNHJKYEWJL,CCCCOc1ccc2c(c1)ncn2-c1ccccc1,,5.886056647693163,5.886056647693163,0.9353145
QHNNEXUIPARIOP,S=C(NCc1ccccc1)N1CCN(c2ncnc3cc4ccccc4cc23)CC1,CHEMBL144054,5.886056647693163,5.886056647693163,0.14915715
QYWQBBCHWNMFSG,Oc1cc(O)c2cc(-c3ccncc3)cnc2c1,CHEMBL87083,5.886056647693163,5.886056647693163,0.07330139
QCGJNSJMSPESJH,O=C(Nc1ccc(Oc2ccccc2)cc1)N1CCN(c2ncnc3cc(Cl)c([N+](=O)[O-])cc23)CC1,CHEMBL430849,5.87942606879415,5.87942606879415,0.11622394
HDCDRBYRXBAWRL,COc1cc2ncnc(N3CCN(C(=NC#N)NCc4ccc(C(C)C)cc4)CC3)c2cc1OC,CHEMBL141257,5.860120913598763,5.860120913598763,0.72577804
QOGQGIPYOFUJRK,O=C(Nc1ccc(Oc2ccccc2)cc1)N1CCN(c2ncnc3ccc(Br)cc23)CC1,CHEMBL319255,5.860120913598763,5.860120913598763,0.22557172
GUXJNJORIXUBRE,CNC(=O)c1cc(C)c(F)c(-c2cnc3cc(-c4cnn(C)c4)c(O[C@H]4CCOC4)nn23)c1,,5.858236769724212,5.858236769724212,0.9759829
MQLWVJBZNLQADK,CCCCOc1cc2c(N3CCN(C(=O)Nc4ccc(Oc5ccccc5)cc4)CC3)ncnc2cc1OC,CHEMBL148225,5.856985199745905,5.856985199745905,0.9157622
BLWHUHULXVDXMZ,CC(C)(C)NC(=O)Nc1nc2nc(N)ncc2cc1-c1c(Br)cccc1Br,,5.847711655616943,5.847711655616943,0.13532625
BAABCALYOOIAEM,CC(C)n1cc(C(=O)c2cccc(NC(=O)Nc3ccc(Cl)cc3)c2)c2c(N)ncnc21,CHEMBL2387002,5.853871964321762,5.853871964321762,0.99673766
XJGFIPURTFEPNE,COc1ccc2c(c1)NC(=O)/C2=C\c1[nH]cc2c1CCOC2=O,,5.853871964321762,5.853871964321762,0.2722102
KISSTWCKUJFAKX,CN1CCN(CCCNc2cc3[nH]c(=O)c(-c4c(Cl)cccc4Cl)cc3cn2)CC1,,5.853871964321762,5.853871964321762,0.99150217
OZWMSXPIQVMFDE,COc1cc2c(Nc3ccc(-c4nc5ccccc5s4)cc3)ncnc2cc1OCCCN1CCN(C)CC1,CHEMBL595615,5.853871964321762,5.853871964321762,0.011930943
OEQWBDUPGNATTH,COc1cccc(-c2c[nH]c(=O)c(-c3cc(OC)c(OC)c(OC)c3)n2)c1,CHEMBL3358992,5.853871964321762,5.853871964321762,0.30312178
FWAKGUVZUVZGNE,c1ccc(-c2ccc(Nc3nnc(Cc4ccncc4)c4ccccc34)cc2)cc1,,5.853871964321762,5.853871964321762,0.6980852
GDAUEONAUDPBQF,Cn1c(=O)c(-c2c(Cl)cccc2Cl)cc2cnc(Nc3ccccc3)cc21,,5.853871964321762,5.853871964321762,0.71352595
GGNZIVUNBRJHSL,COc1cc2ncnc(N3CCN(C(=S)Nc4ccc(OC(C)C)cc4)CC3)c2cc1OC,CHEMBL105032,5.85078088734462,5.85078088734462,0.91347647
IZKQKZYHPAYOKJ,COc1ccccc1-c1ccc2c(c1)NC(=O)/C2=C\c1[nH]cc(CCC(=O)O)c1C,,5.847711655616943,5.847711655616943,0.9298446
GPAFALHWHLKNJH,CCNc1cc2ncnc(N3CCN(C(=S)NCc4ccccc4)CC3)c2cc1N,CHEMBL100542,5.841637507904751,5.841637507904751,0.32589668
SMLFOSIGUQORAV,Cc1cc(C)c(-c2cc3cnc(N)nc3nc2NC(=O)NC(C)(C)C)c(C)c1,,5.8326826652518236,5.8326826652518236,0.047531754
JIJZJOKGJUGWGQ,COc1cc2ncnc(N3CCN(C(=O)Nc4ccc(Cl)c([N+](=O)[O-])c4)CC3)c2cc1OC,CHEMBL421404,5.8326826652518236,5.8326826652518236,0.11527873
JXSXLRXFBNCLJF,Nc1ncccc1-c1cc2cc(NC(=O)c3ccccc3)ccc2s1,,5.82739706879014,5.82739706879014,0.42664737
MTAIUFVQPDGDHY,COc1cc2c(N3CCN(C(=S)NCc4ccc(-c5ccccn5)cc4)CC3)ncnc2cc1OCCN1CCCCC1,CHEMBL185921,5.749217064074494,5.749217064074494,0.3873137
VNDWQCSOSCCWIP,CC(C)(C)c1nc2c3cc[nH]c(=O)c3c3cc(F)ccc3c2[nH]1,CHEMBL21156,5.826813731587726,5.826813731587726,0.01753071
VKLJXWNPKZRZMV,N#Cc1ccc(C(=O)Nc2cccc(Nc3nccc(-c4cccnc4)n3)c2)cc1,CHEMBL58580,5.823908740944319,5.823908740944319,0.19955818
WKHHTMXHSFWCIX,CN(C)CCOc1ccc2c(c1)ncn2-c1ccccc1,,5.823908740944319,5.823908740944319,0.93642527
AIZJPCNAKJGBKZ,Nc1nc(Nc2cccc(Br)c2)c2ccn(Cc3ccccc3Cl)c2n1,CHEMBL1956890,5.823908740944319,5.823908740944319,0.0039024204
ONVVUEVVSLVBGZ,COc1ccc(-c2nc(-c3c[nH]c4ccccc34)c[nH]c2=O)cc1OC,CHEMBL3358967,5.823908740944319,5.823908740944319,0.0065024793
JOYQLLBQXFUCSK,COc1cc2cc(-c3ccccc3)c(Cl)nc2cc1OC,,5.823908740944319,5.823908740944319,0.27745372
QAZUBKHRVWTMMY,Nc1nc(N2CCN(C(=O)Nc3ccc(Oc4ccccc4)cc3)CC2)c2[nH]cnc2n1,CHEMBL344561,5.823908740944319,5.823908740944319,0.15592316
NCBRFZSXMXIOAD,CN1CCN(CCCNc2ncc3cc(-c4c(Cl)cccc4Cl)c(NC(=O)Nc4ccc(Br)cc4)nc3n2)CC1,,5.823908740944319,5.823908740944319,0.99635726
PBDZUUYDHCFPJM,COc1ccc(Nc2ncc3cc(-c4c(Cl)cccc4Cl)c(=O)n(C)c3n2)cc1C,,5.823908740944319,5.823908740944319,0.9759938
QYCONSXONLLGHQ,c1ccc2ncc(-c3ccncc3)cc2c1,CHEMBL89550,5.823908740944319,5.823908740944319,0.12729956
RIMRVERSFDYITK,Cc1cn(-c2cc(NC(=O)c3ccc(C)c(Nc4nccc(-c5ccccc5)n4)c3)cc(N3CCNCC3)c2)cn1,,5.82102305270683,5.82102305270683,0.85183555
NCORNUPANAVMRQ,Cc1[nH]c(/C=C2\C(=O)Nc3ccc(S(N)(=O)=O)cc32)c(C)c1CCC(=O)O,,5.815308569182402,5.815308569182402,0.60611004
PCBPCXWJXDNAKW,Cc1cccc(C(=O)Nc2cccc(C#Cc3ccc4nccn4n3)c2)c1,,5.815024809301739,5.815024809301739,0.27020037
YTYDANXWBYHKER,COc1cc2c(N3CCN(C(=S)NCc4ccccc4)CC3)ncnc2cc1C,CHEMBL356129,5.812479279163537,5.812479279163537,0.39920142
NUFJHZIFGOWTIC,COc1cc2c(N3CCN(C(=S)Nc4ccnc(C#N)c4)CC3)ncnc2cc1OCCN1CCCCC1,CHEMBL186889,5.779813124091822,5.779813124091822,0.15319158
YLQMVIRZBOJBCV,CC(C)(C)c1cc(NC(=O)Nc2cccc(Oc3cccc4[nH]c(=O)[nH]c34)c2)n(-c2ccccc2)n1,CHEMBL597592,5.809668301829708,5.809668301829708,0.8450157
QBEDAVXOZVBLMC,Cc1cccc(NC(=O)Nc2ccc(N3CCc4ccncc4C3)cc2)c1,,5.806875401645538,5.806875401645538,0.9549467
XQTWIFXGUOETSQ,COc1cccc(NC(=O)Nc2ccc(C(=O)N/N=C3\C(=O)Nc4ccc(Br)cc43)cc2)c1,,5.798602875679548,5.798602875679548,0.9974348
CQAISHCZLHNOHE,CC(C)c1ccc(CCCN(C)C)cc1Nc1ncc2c(n1)-c1ccc(Cl)cc1NC(=S)C2,CHEMBL1945499,5.795880017344075,5.795880017344075,0.9938167
ARIOBGGRZJITQX,Nc1nc(Nc2ccc(S(N)(=O)=O)cc2)nn1C(=S)Nc1c(F)cccc1F,,5.795880017344075,5.795880017344075,0.06673964
AQUXBIDNWAFZLO,CC(C)Cn1c(=O)c(-c2c(Cl)cccc2Cl)cc2cnc(N)nc21,,5.795880017344075,5.795880017344075,0.031784542
GFIAEVSQQPXMCV,Cc1nc(NC(=O)NC(=O)CC2CCOCC2)ccc1Oc1ccnc(-c2cnn(C)c2)c1,,5.795880017344075,5.795880017344075,0.9981925
PLGGARNJOSQVTM,COc1ccc2nc(Nc3ccccc3)cnc2c1,CHEMBL105305,5.795880017344075,5.795880017344075,0.8589225
DYNHJHQFHQTFTP,CC1(COc2ccc3c(c2)ncn3-c2ccc3cccc(N4CCC(N)CC4)c3n2)COC1,,5.590339101832724,5.590339101832724,0.9915766
TWRURKGAWDEAGJ,CC(C)(C)NC(=O)Nc1nc2nc(N)ncc2cc1-c1c(F)cccc1F,,5.777283528852417,5.777283528852417,0.092546195
YHWHYCTUDCULTF,Clc1cccc(Nc2cncc(-c3cncc(NCCCn4cccn4)c3)n2)c1,,5.769551078621726,5.769551078621726,0.08663586
VASWDTUNMOTAEW,O=C(Oc1ccc2[nH]c(C(=O)c3cc4ccccc4[nH]3)cc2c1)c1ccc(-c2ccccc2)cc1,,5.769551078621726,5.769551078621726,0.81873465
RYCIKEDAOOTILW,COc1cc(Nc2ncc3cc(-c4c(Cl)cccc4Cl)c(=O)n(C)c3n2)cc(OC)c1,,5.769551078621726,5.769551078621726,0.753824
OHRKRHOJNKVMAQ,CCOC(=O)c1cccc(Nc2ncc3cc(-c4c(Cl)cccc4Cl)c(=O)n(C)c3n2)c1,,5.769551078621726,5.769551078621726,0.970273
NZHANKJSPAJGFW,CNC(=O)c1cc(F)c(F)c(-c2cnc3cc(-c4cnn(C)c4)c(O[C@H]4CCOC4)nn23)c1,,5.759201228882668,5.759201228882668,0.5955457
OPWXTZBYHXWVEV,CCCCOc1ccc(/C=N/Nc2ccnc3ccc(Cl)cc23)cc1,,5.7544873321858505,5.7544873321858505,0.45057586
MXJWLONICANFEW,COc1cc(Cn2ccc3c(Nc4cccc(Br)c4)nc(N)nc32)cc(OC)c1OC,CHEMBL1956898,5.7447274948966935,5.7447274948966935,0.00030411073
GQDVHGJYRQHKDS,CN(C)CCCn1c(=O)c(-c2c(Cl)cccc2Cl)cc2cnc(N)nc21,,5.7447274948966935,5.7447274948966935,0.04400207
TZTRVJQYPIHZBA,CC(C)(C)NC(=O)Nc1nc2cc(N)ncc2cc1-c1c(Cl)cccc1Cl,,5.7447274948966935,5.7447274948966935,0.057764642
YPKCOJPZSAGCHD,Oc1ccc(-n2cnc3ccccc32)cc1,,5.7447274948966935,5.7447274948966935,0.005628149
DNZYOZKYEXTOPJ,O=C(NO)c1ccc(-c2ccc3ncnc(Nc4ccc(OCc5cccc(F)c5)c(Cl)c4)c3c2)s1,CHEMBL1630118,5.7447274948966935,5.7447274948966935,0.06387699
JEPFUEYLCGNLKG,CN1CCN(CCCNc2ncc3cc(-c4c(Cl)cccc4Cl)c(NC(=O)Nc4ccc(Cl)cc4)nc3n2)CC1,,5.7447274948966935,5.7447274948966935,0.99479914
FCUQJIQLHXSQHY,COc1ccccc1Nc1ncc2cc(-c3c(Cl)cccc3Cl)c(=O)n(C)c2n1,,5.7447274948966935,5.7447274948966935,0.9195091
LGTURXDQKJRHSF,COc1ccc2[nH]c3c4[nH]c5ccc(OC)cc5c4c4c(c3c2c1)C(=O)NC4=O,CHEMBL1956068,5.721848749616356,5.721848749616356,0.1623763
WYLCQKJYTVNVCY,Cc1nc(NC(=O)NC(=O)C(C)(C)C)ccc1Oc1ccnc(-c2cnn(C)c2)c1,,5.7447274948966935,5.7447274948966935,0.9654241
CWJWMMHMKSIAGC,COc1ccc2c(c1)/C(=N/NC(=O)c1ccc(NC(=O)Nc3ccc(Cl)cc3)cc1)C(=O)N2,,5.739928612014925,5.739928612014925,0.99818546
IDPIRQUIIRCXQG,CCCOc1ccc(/C=N/Nc2ccnc3ccc(Br)cc23)cc1,,5.73754891026957,5.73754891026957,0.057882346
KGYCQGOAGCBPEB,CC(=O)Nc1cc(-c2c(C)cccc2C)cc2nnc(Nc3ccc(S(=O)(=O)NCCN4CCCC4)cc3)nc12,,5.732828271596986,5.732828271596986,0.9985241
VEPLIEFCMUVJPT,CCOc1ccc(/C=N/Nc2ccnc3ccc(Br)cc23)cc1,,5.730487055782084,5.730487055782084,0.023127995
HXHAJRMTJXHJJZ,NC(=O)c1c(OCc2c(F)cc(Br)cc2F)nsc1NC(=O)NCCCCN1CCCC1,CHEMBL253969,5.654715638979781,5.654715638979781,0.03425649
BSUJJRBKMDRXHZ,COc1cc2ncnc(N3CCN(C(=O)NCc4ccc5c(c4)OCO5)CC3)c2cc1OC,CHEMBL139729,5.728158393463501,5.728158393463501,0.65873414
CTVVRRLXHQIPMG,CN1CCN(CCCNc2ncc3cc(-c4c(Cl)cccc4Cl)c(NC(=S)NC(C)(C)C)nc3n2)CC1,,5.721246399047171,5.721246399047171,0.81842625
OYONTEXKYJZFHA,Cc1[nH]c(/C=C2\C(=O)Nc3ccc(S(=O)(=O)Cc4c(Cl)cccc4Cl)cc32)c(C)c1C(=O)N1CCC[C@@H]1CN1CCCC1,CHEMBL450786,5.721246399047171,5.721246399047171,0.35145122
ORCGGUPGDCETGI,O=C(c1cccnc1)N1CCc2nc(Nc3ccccc3)ncc2C1,,5.713543530253017,5.713543530253017,0.8794319
GKRMHRGOHYYUBY,COc1cc(-c2nc(-c3ccccc3O)c[nH]c2=O)cc(OC)c1OC,CHEMBL3358997,5.698970004336019,5.698970004336019,0.33069173
CMEIVVNDSVPQKC,COc1cc2cc(-c3ccc(C)cc3)cnc2cc1OC,CHEMBL67219,5.698970004336019,5.698970004336019,0.6867209
DSBPVMDUESDKNK,CONC(=O)c1cc(Nc2ncnn3cc(-c4nnc(C)o4)c(C(C)C)c23)c(F)cc1F,CHEMBL365318,,5.698970004336019,0.23221071
OOQXPATWSOGSAV,Cc1cc2cc(Nc3ncnn4cc(-c5nnc(C)o5)c(C(C)C)c34)cnc2[nH]1,CHEMBL261592,,5.698970004336019,0.0014890004
QBPRTPTUVRCMLX,COc1cc(-c2nc(-c3cccnc3)c[nH]c2=O)cc(OC)c1OC,CHEMBL3358989,5.698970004336019,5.698970004336019,0.38659906
ZGHJQSABDREYEE,COc1cc2cc(-c3ccccc3OC)cnc2cc1OC,CHEMBL419248,5.698970004336019,5.698970004336019,0.900458
BPXQYAXTDCQZHB,CONC(=O)c1cc(Nc2ncnn3cc(-c4nnc(C(F)F)o4)c(C(C)C)c23)c(F)cc1F,CHEMBL194498,,5.698970004336019,0.058421366
KXTSOUHBHGQPGH,COc1cc(-c2nc(-c3ccoc3)c[nH]c2=O)cc(OC)c1OC,CHEMBL3358987,5.698970004336019,5.698970004336019,0.37672955
XYGDYCMPYIUPHS,CONC(=O)c1cc(Nc2ncnn3cc(NC(=O)OCC4CCCO4)c(C(C)C)c23)c(F)cc1F,CHEMBL370266,,5.698970004336019,0.76745015
FAYFMVHYNQOQRQ,CONC(=O)c1cc(Nc2ncnn3cc(-c4nnc(C(F)(F)S(C)(=O)=O)o4)c(C(C)C)c23)c(F)cc1F,CHEMBL195903,,5.698970004336019,0.6142416
ITQSJZWWFWDOKJ,CONC(=O)c1cc(Nc2ncnn3cc(NC(=O)OCCCS(C)(=O)=O)c(C(C)C)c23)c(F)cc1F,CHEMBL195218,,5.698970004336019,0.8051714
KNQSFKNTYMKKOR,Clc1cc2cc(-c3ccsc3)cnc2cc1Cl,CHEMBL66718,5.698970004336019,5.698970004336019,0.867409
HWPGSZCQPDZPOZ,O=c1[nH]cc(-c2c[nH]c3ccccc23)nc1-c1c[nH]c2ccccc12,CHEMBL1986478,5.698970004336019,5.698970004336019,0.0015893347
FSSVUOAMGLPSIE,COc1ccc2c(-c3c[nH]c(=O)c(-c4cc(OC)c(OC)c(OC)c4)n3)c[nH]c2c1,CHEMBL3358981,5.698970004336019,5.698970004336019,0.44035298
RIQQTUOYRGIOFQ,COc1cccc(-c2cnc3cc(OC)c(OC)cc3c2)c1,CHEMBL308466,5.698970004336019,5.698970004336019,0.91802776
ZIJIMHMKDXTURQ,COc1cc2c(Oc3ccc(-c4nc5ccccc5s4)cc3)ncnc2cc1OCCCN1CCCC1,CHEMBL595373,5.113509274827518,5.113509274827518,0.14108267
XUZFASKPALAKMB,COc1cc2ncnc(N3CCN(C(=S)Nc4ccc(F)cc4)CC3)c2cc1OC,CHEMBL318358,5.698970004336019,5.698970004336019,0.4380008
PPOKAKSETFBBEQ,Cc1nc(NC(=O)NC(=O)C2(C)CC2)ccc1Oc1ccnc(-c2cnn(C)c2)c1,,5.698970004336019,5.698970004336019,0.9869523
OXQTXNVWTNDAQF,N#Cc1ccc(-c2cnc3ccc(NCc4ccccc4)nn23)cc1,CHEMBL3582427,5.698970004336019,5.698970004336019,0.00044578704
CAGNWIMSXINYME,COc1cc(Nc2nnc(Cc3ccncc3)c3ccccc23)ccc1Cl,CHEMBL75034,5.698970004336019,5.698970004336019,0.69072795
LGRCNNMPZYSUPO,COc1cc2c(N3CCN(C(=S)Nc4nccs4)CC3)ncnc2cc1OCCN1CCCCC1,CHEMBL186767,5.498269733945246,5.498269733945246,0.31301588
SNVQDJKZZSIGPF,COc1ccc2c(c1)/C(=N/NC(=O)c1ccc(NC(=O)c3ccc(Cl)cc3)cc1)C(=O)N2,,5.696803942579511,5.696803942579511,0.88714576
FSWBQPGSMBLQBY,Cc1cn(-c2cc(CN3CCC[C@H](N)C3)cc(NC(=O)c3ccc(C)c(Nc4nccc(-c5ccc(F)cc5)n4)c3)c2)cn1,,5.690369832574102,5.690369832574102,0.8881118
GOEYZQLJWKUWHZ,COc1cc2ncnc(N3CCN(C(=O)Nc4cccc(Cl)c4)CC3)c2cc1OC,CHEMBL318581,5.686132779630847,5.686132779630847,0.1627936
OLZDZYHEIBZXCI,O=C(CC(=O)Nc1ccc2c(/C=C/c3ccccn3)n[nH]c2c1)Nc1cccc(F)c1,,5.682981898951889,5.682981898951889,0.9617897
PPWZJWBTTSZJNT,Cc1ccc(NC(=O)c2ccc(C(=O)NO)cc2)cc1Nc1ncc(-c2cccnc2)s1,CHEMBL521652,5.6777807052660805,5.6777807052660805,0.022838779
ZUXFIRWLAQBCCS,COc1cc2c(Nc3ccc(-c4nc5ccccc5s4)c(F)c3)ncnc2cc1OCCCN1CCN(C)CC1,CHEMBL593987,5.6777807052660805,5.6777807052660805,0.00079961674
UJBJAMOSBBJZBK,COc1cc2c(Nc3ccc(-c4nc5ccccc5s4)c(OC)c3)ncnc2cc1OCCCN1CCN(C)CC1,CHEMBL593860,5.6777807052660805,5.6777807052660805,0.0014954766
PMMLCFGXGRUZOU,O=C1Nc2ccc(Cl)cc2/C1=C/c1[nH]cc2c1CCOC2=O,,5.6777807052660805,5.6777807052660805,0.14467376
HJCXAWFZVAQPQN,Oc1ccc2ncn(-c3ccccc3)c2c1,,5.6777807052660805,5.6777807052660805,0.115330815
MJLGATKKRYTQPD,COc1cc2ncnc(Nc3ccc(F)c(Cl)c3)c2cc1NC(=O)/C(F)=C/CN(C)C,CHEMBL3357634,5.677367288307777,5.677367288307777,0.0015627957
WFEYKXAXXWJCGD,Cc1c[nH]c(/C=C2\C(=O)Nc3cccc(C)c32)c1CCC(=O)O,,5.675717544702307,5.675717544702307,0.81655145
LJEDLWDKKPCLSE,COc1cc2c(N3CCN(C(=O)Nc4ccc(C#N)cc4)CC3)ncnc2cc1OCCN1CCS(=O)(=O)CC1,CHEMBL339974,5.599431973622025,5.599431973622025,0.8809489
LITPNQNRXSIYEU,COc1cc2c(N3CCN(C(=NC#N)NCc4ccc(C(F)(F)F)nc4)CC3)ncnc2cc1OCCCN1CCCCC1,CHEMBL184906,5.56375870016963,5.56375870016963,0.49552712
CLLXIPCIRWZDST,CN1CCN(CCCNc2ncc3cc(-c4c(Cl)cccc4Cl)c(NC(=S)Nc4ccccc4)nc3n2)CC1,,5.657577319177793,5.657577319177793,0.98435867
UEHRMODZKXOSNG,CCCCOc1ccc(/C=N/Nc2ccnc3ccc(Br)cc23)cc1,,5.657577319177793,5.657577319177793,0.094022505
IDYRCYDXFSHXAN,c1ccc(-n2cnc3cc4c(cc32)OCO4)cc1,,5.657577319177793,5.657577319177793,0.99788326
RHXXBOQPXFFPIG,CC(=O)Oc1ccccc1C(=O)Oc1ccc2[nH]c(C(=O)c3cc4ccccc4[nH]3)cc2c1,,5.657577319177793,5.657577319177793,0.39817813
MPBRWFJYTOVGPY,COc1ccccc1-c1ccc2c(c1)NC(=O)/C2=C\c1[nH]c(C)c(CCC(=O)O)c1C,,5.653647025549361,5.653647025549361,0.9481039
SLISIKPCTWVFBQ,Nc1onc2nc(-c3ccccc3)cc(-c3ccc(NC(=O)Nc4cccc(Cl)c4)cc3)c12,,5.651695136951839,5.651695136951839,0.9944224
LOTPDBQLRIRHPY,COc1cc2c(N3CCN(C(=O)Nc4ccc(C#N)cc4)CC3)ncnc2cc1OCCn1ccnn1,CHEMBL125028,5.4892895694753765,5.4892895694753765,0.40861127
XAMVWASPGSOCIU,CC(C)(C)NC(=O)Nc1nc2nc(N)ncc2cc1-c1cccc(Cl)c1Cl,,5.645891560852599,5.645891560852599,0.028689472
VJMLVRWRSSMUGF,CCS(=O)(=O)c1ccc2c(c1)/C(=C/c1[nH]c3c(c1CCCN1CCC(O)CC1)CCCC3)C(=O)N2,CHEMBL298566,5.638272163982407,5.638272163982407,0.004867535
FUGNZKDWKNTIQF,Oc1cc2ncn(-c3ccccc3)c2cc1O,,5.638272163982407,5.638272163982407,0.10645178
NVVASLWKXTZLJN,Nc1ccccc1NC(=O)c1ccc(-c2ccc3ncnc(Nc4ccc(OCc5cccc(F)c5)c(Cl)c4)c3c2)s1,CHEMBL1630112,5.638272163982407,5.638272163982407,0.063547924
RGOXESBZWFRLIB,CCOc1ccc2[nH]c(C(=O)c3cc4ccccc4[nH]3)cc2c1,,5.638272163982407,5.638272163982407,0.6212444
QAQXTNHOYJTPGB,O=C(/C=C/c1ccc(-c2ccc3ncnc(Nc4ccc(OCc5cccc(F)c5)c(Cl)c4)c3c2)cc1)NO,CHEMBL1630110,5.638272163982407,5.638272163982407,0.00059125177
RITNZSZSGUPIDZ,COc1cc2ncnc(N3CCN(C(=O)Nc4ccc(Oc5ccncc5)cc4)CC3)c2cc1OC,CHEMBL102427,5.636388020107856,5.636388020107856,0.23983926
AFZKXALTXCNQAZ,CCOc1ccc(Nc2ncc3cc(-c4c(Cl)cccc4Cl)c(=O)n(C)c3n2)cc1,,5.6307841425898575,5.6307841425898575,0.9831281
SQQXZLDWWFORTO,COc1cc2c(N3CCN(C(=NC#N)NCc4cc(C)on4)CC3)ncnc2cc1OCCCN1CCCCC1,CHEMBL186698,5.303067681771411,5.303067681771411,0.35750154
OYFXUFAPLNTDRA,CCOc1cccc(-c2ccc3c(c2)NC(=O)/C3=C\c2[nH]cc(C)c2CCC(=O)O)c1,,5.623423042943488,5.623423042943488,0.9183399
APRGRQRTOONPMH,CN(C)CCNC(=O)Nc1nc2nc(NCCCN3CCN(C)CC3)ncc2cc1-c1c(Cl)cccc1Cl,,5.619788758288394,5.619788758288394,0.9709608
PMCRAXHPRPRFAQ,CCN(CC)CCCCNc1cc2c(cn1)cc(-c1c(Cl)cccc1Cl)c(=O)n2C,,5.619788758288394,5.619788758288394,0.34689438
TWSKIHWXLLKVLC,CN1CCN(CCCNc2ncc3cc(-c4c(Cl)cccc4Cl)c(NC(N)=O)nc3n2)CC1,,5.619788758288394,5.619788758288394,0.23976952
UYYVEWQYORVJRW,COc1ccc(CNC(=S)N2CCN(c3ncnc4cc(OC)c(OC)cc34)CC2)cc1OC,CHEMBL140342,5.617982957425132,5.617982957425132,0.43339688
AZWMTFYZTWXQRL,COc1cc2c(N3CCN(C(=S)NCc4ccncc4)CC3)ncnc2cc1OCCCN1CCCCC1,CHEMBL185605,5.24186455863533,5.24186455863533,0.4227373
FFHGFIPSLLZCLF,Cc1cn(-c2cc(NC(=O)c3ccc(C)c(Nc4nccc(-c5ccccc5)n4)c3)cc(C(F)(F)F)c2)cn1,,5.605548319173784,5.605548319173784,0.3583254
CUTRRQNUXLUQCJ,CCN(Cc1ccccc1)c1nc(Nc2ccc3ncsc3c2)[nH]c(=O)n1,CHEMBL176078,5.6020599913279625,5.6020599913279625,0.33740747
XARWOHKDCBRPBQ,CN1CCN(CCCNc2ncc3cc(-c4c(Cl)cccc4Cl)c(NC(=O)NCc4ccccc4)nc3n2)CC1,CHEMBL51485,5.6020599913279625,5.6020599913279625,0.8951949
MWUMVFFPYUFMKV,Cc1ccc(N(C(=O)c2ccccc2)C(=O)c2ccccc2)cc1Nc1nccc(-c2cccnc2)n1,CHEMBL277430,5.6020599913279625,5.6020599913279625,0.24135487
VTMJLOMESRVYBL,CCS(=O)(=O)c1ccc2c(c1)/C(=C/c1[nH]c3c(c1CCCN(C)C)CCCC3)C(=O)N2,CHEMBL59042,5.6020599913279625,5.6020599913279625,0.03574817
UIFBZRWGJYZWIJ,Cc1cc2c(cc1O)ncn2-c1ccccc1,,5.6020599913279625,5.6020599913279625,0.13706753
OZWPBBYNOKRDFB,Nc1ccccc1NC(=O)/C=C/c1cccc(-c2ccc3ncnc(Nc4ccc(OCc5cccc(F)c5)c(Cl)c4)c3c2)c1,CHEMBL1630114,5.6020599913279625,5.6020599913279625,0.0005349164
WSBDTCAGQYGFIR,COc1ccc2c(c1)ncn2-c1cccs1,,5.6020599913279625,5.6020599913279625,0.55177635
QDELNGWKLWYINZ,O=C(c1cc2ccccc2[nH]1)c1cc2cc(OCCN3CCOCC3)ccc2[nH]1,,5.6020599913279625,5.6020599913279625,0.7482955
HRIQVCCRXNQUAH,O=C(/C=C/c1cccc(-c2ccc3ncnc(Nc4ccc(OCc5cccc(F)c5)c(Cl)c4)c3c2)c1)NO,CHEMBL1630109,5.6020599913279625,5.6020599913279625,0.000561334
OFYUFSQNMMBLFL,COc1cc2ncnc(N3CCN(C(=O)Nc4cccc([N+](=O)[O-])c4)CC3)c2cc1OC,CHEMBL105107,5.590066876668706,5.590066876668706,0.06496611
JUZVLELTCCUPPD,Cc1ccc(NC(=O)c2ccc(C(=O)Nc3ccccc3N)cc2)cc1Nc1ncc(-c2cccnc2)cn1,CHEMBL475820,5.585026652029182,5.585026652029182,0.74565864
NHNZOSYAEBEEDW,Cn1c(=O)c(-c2c(Cl)cccc2Cl)cc2cnc(Nc3ccc(Cl)cc3)nc21,,5.585026652029182,5.585026652029182,0.97118765
ODSISTOLPDZKMR,CN1CCN(CCCNc2ncc3cc(-c4c(Cl)cccc4Cl)c(NC(=O)Nc4cccc5ccccc45)nc3n2)CC1,,5.585026652029182,5.585026652029182,0.99371004
KRTWNZSIDWGFLP,CC(C)(C)NC(=O)Nc1nc2cc(N)ncc2cc1-c1ccccc1,,5.585026652029182,5.585026652029182,0.039174974
UYJNQQDJUOUFQJ,CNC(=O)c1ccccc1Nc1nc(Nc2ccc(N3CCOCC3)cc2OC)ncc1Cl,CHEMBL458997,5.585026652029182,5.585026652029182,0.4900459
HRUYZDJOLIPWLW,COc1cc(C2=C(c3c[nH]c4ccc(F)cc34)C(=O)NC2=O)cc(OC)c1OC,CHEMBL606168,5.573976984310124,5.573976984310124,0.5032513
SMTGPWYIMAZLPQ,COCCOc1cc2ncnc(N3CCN(C(=O)Nc4ccc(OC(C)C)cc4)CC3)c2cc1OCCN1CCOCC1,CHEMBL340200,5.437259367149704,5.437259367149704,0.8598485
RBLRKFMYMTVDTI,CCn1cnc2cc3c(N4CCN(C(=S)NCc5ccccc5)CC4)ncnc3cc21,CHEMBL144860,5.568636235841013,5.568636235841013,0.25408784
JLIZHCYTSUGKKN,Cc1ccc(NCc2ccc(C(=O)Nc3ccccc3N)cc2)cc1Nc1nccc(-c2cccnc2)n1,CHEMBL475796,5.568636235841013,5.568636235841013,0.35102472
NREXZVOJRVRMAI,Nc1ccccc1NC(=O)/C=C/c1ccc(-c2ccc3ncnc(Nc4ccc(OCc5cccc(F)c5)c(Cl)c4)c3c2)cc1,CHEMBL1630115,5.568636235841013,5.568636235841013,0.0005342211
JSQMNGQWESPAOF,Nc1ccc2c(c1)ncn2-c1ccccc1,,5.568636235841013,5.568636235841013,0.85745287
KCVMRCBFSCVBTH,CN1CCC(COc2ccc3c(Nc4ccc(NC(=O)Nc5cccc(F)c5)cc4)ncnc3c2)CC1,CHEMBL1934327,5.554707230574028,5.554707230574028,0.9958702
PCXFPRAKEYSDMS,COC(C)(C)C(=O)NC(=O)Nc1ccc(Oc2ccnc(-c3ccc(C)nc3)c2)c(C)n1,,5.552841968657781,5.552841968657781,0.9238367
QHXLYXAXXJZXCK,CN1CCN(CCCNc2cc3c(cn2)cc(-c2c(Cl)cccc2Cl)c(=O)n3C)CC1,,5.552841968657781,5.552841968657781,0.96054953
KCVASMRHHADGSC,Cn1c(Cc2ccccc2)cc2c(Nc3cccc(Br)c3)nc(N)nc21,CHEMBL1254285,5.552841968657781,5.552841968657781,0.0013957847
IDNNHUIRPPFJBA,OCCCCNc1cncc(-c2cncc(Nc3cccc(Cl)c3)n2)c1,,5.552841968657781,5.552841968657781,0.60815185
GWHOPAUAFXUMEC,Cn1c(=O)c(-c2c(Cl)cccc2Cl)cc2cnc(Nc3ccc(N4CCOCC4)cc3)cc21,,5.552841968657781,5.552841968657781,0.85170674
DXZCXZCCPLYVDG,Nc1nc(N)c2c(n1)[nH]c1cccc(Sc3ccccc3)c12,CHEMBL1093099,5.552841968657781,5.552841968657781,0.00017199102
PSGCJFMDGKOFIG,CN1CCN(CCCNc2ncc3cc(-c4c(Cl)cccc4Cl)c(NC(=O)NC45CC6CC(CC(C6)C4)C5)nc3n2)CC1,,5.552841968657781,5.552841968657781,0.9917182
OPRGVJUSIWAHDE,N#CC(=Cc1cc(O)c(O)c(O)c1)C(=N)C(C#N)C#N,CHEMBL78257,5.552841968657781,5.552841968657781,0.0048061362
YOJLXUCTDDKMGX,COc1ccc(Sc2sc3nc(N)nc(N)c3c2C)cc1OC,,5.552841968657781,5.552841968657781,0.00033504207
JFVLMRYDPQMRFA,O=C1Nc2cc(F)ccc2/C1=C/c1ccc[nH]1,CHEMBL87208,5.552841968657781,5.552841968657781,0.05872705
NZUXTCRYWPXTJA,CN1CCN(CCCNc2ncc3cc(-c4c(Cl)cccc4Cl)c(=O)n(C)c3n2)CC1,CHEMBL299194,5.552841968657781,5.552841968657781,0.8655151
UXONAEUFVHGUJM,COc1cc2c(N3CCN(C(=O)Nc4ccc(C#N)cc4)CC3)ncnc2cc1OCCCn1ccnn1,CHEMBL125146,5.389485986686,5.389485986686,0.47445628
UQEFQNWFVJXGDE,Cc1cc(-c2cnc3cc(-c4ccc(C5CNCCN5)cc4)ccn23)c2ccccc2n1,,5.549750891680639,5.549750891680639,0.96582943
JKNKZHDOUZIAIU,COc1cc(Nc2ncc3c(n2)CCN(C(=O)c2ccccn2)C3)cc(OC)c1OC,,5.549750891680639,5.549750891680639,0.89835066
HNFOSLHDXLGYAL,O=C(Nc1ccc(Oc2ccccc2)cc1)N1CCN(c2ncnc3cc([N+](=O)[O-])ccc23)CC1,CHEMBL100804,5.540607512240769,5.540607512240769,0.09476169
RPXXQANJWOBBBM,COc1ccc(-c2cc3cnc(N)nc3nc2NC(=O)NC(C)(C)C)cc1,,5.539102157243452,5.539102157243452,0.1323407
ZHJGWYRLJUCMRT,C[C@@H](Oc1cc(-n2cnc3ccc(CN4CCN(C)CC4)cc32)sc1C(N)=O)c1ccccc1C(F)(F)F,CHEMBL1908394,5.5376020021010435,5.5376020021010435,0.9900878
CKFMPVLHDAOVCR,COc1cc2c(N3CCN(C(=S)NCc4ccc(N)nc4)CC3)ncnc2cc1OCCN1CCCCC1,CHEMBL187144,5.38447812362778,5.38447812362778,0.9431394
FLMIVAVOETUBQO,COc1cc2ncnc(N3CCN(C(=O)NCc4ccc(C)cc4)CC3)c2cc1OC,CHEMBL141762,5.531652669587842,5.531652669587842,0.90623397
QRWYSOZFHKXHIF,CC(C)(C)NC(=O)Nc1nc2nc(N)ncc2cc1-c1c(Cl)ccc(Cl)c1Cl,,5.528708288941061,5.528708288941061,0.05273762
DBGZNJVTHYFQJI,COc1ccc(/C=C(\C#N)c2cccnc2)cc1OC,CHEMBL67027,5.522878745280337,5.522878745280337,0.020621793
GCFQRPUJLJGDNQ,COc1cc(-c2nc(-c3coc4ccccc34)c[nH]c2=O)cc(OC)c1OC,CHEMBL3358983,5.522878745280337,5.522878745280337,0.4331272
PRTPANUTPYMUDM,C=CC(=O)NCc1coc(-c2c(N)ncnc2Nc2ccc(OCc3ccccn3)c(Cl)c2)n1,CHEMBL2035810,,5.522878745280337,0.010073583
VRVGBFBJPPWBID,Cn1cc(-c2cn3ncc(C(=O)Nc4sc(C(=O)NCCN5CCCC56CCC6)cc4C#N)c3s2)cn1,,5.449649327698385,5.486264036489361,0.67861605
VOPNWXZDJKCCRE,COc1cc2ncnc(Nc3ccc(F)c(Cl)c3)c2cc1OC,CHEMBL301018,5.522878745280337,5.522878745280337,0.0011473573
CTAAJNCORHXQMV,COc1ccc(CNC(=O)N2CCN(c3ncnc4cc(OC)c(OC)cc34)CC2)cc1,CHEMBL141920,5.51427857351842,5.51427857351842,0.79371864
RDIYTLWMJLEVPM,COc1ccc(-c2ccc3c(c2)NC(=O)/C3=C\c2[nH]cc(CCC(=O)O)c2C)cc1,,5.511449283499556,5.511449283499556,0.957252
ASOIAJVDWJWXOF,COc1cc2c(N3CCN(C(=S)NCc4csc(-c5ccc(C(F)(F)F)cc5)n4)CC3)ncnc2cc1OCCCN1CCCCC1,CHEMBL363057,5.429866998721614,5.429866998721614,0.6151245
YCYBDORRCGUPOM,CNC(=O)C1CCC(Nc2cnc3cc(OC)c(OC)cc3n2)CC1,CHEMBL104581,5.508638306165727,5.508638306165727,0.9800411
LXANAWKXDMMAQX,Cn1c(=O)c(-c2c(Cl)cccc2Cl)cc2cnc(Nc3cccc(Br)c3)nc21,,5.508638306165727,5.508638306165727,0.955117
GFMMXOIFOQCCGU,O=C(NOCC1CC1)c1ccc(F)c(F)c1Nc1ccc(I)cc1Cl,CHEMBL105442,5.508638306165727,5.508638306165727,0.15481114
UGIHFRMZCNGEMK,CC(C)Oc1ccc2c(c1)ncn2-c1ccccc1,,5.508638306165727,5.508638306165727,0.919481
XWMCANBQNZDUCO,Cn1c(=O)c(-c2c(Cl)cccc2Cl)cc2cnc(NCCCCN3CCOCC3)cc21,,5.508638306165727,5.508638306165727,0.8961764
UZBPWWSSGCWVFM,COc1cc2c(N3CCN(C(=O)Nc4ccc(OC(C)C)cc4)CC3)ncnc2cc1OCCCN,CHEMBL442402,5.159577618629112,5.159577618629112,0.935483
QXYQFOIXDASWJS,COc1cc2ncnc(N3CCN(C(=S)Nc4ccccc4)CC3)c2cc1OC,CHEMBL319242,5.497572880015567,5.497572880015567,0.10052729
RCOQZBYKBXBZJR,O=C1Nc2ccccc2/C1=C/c1ccc(OCC(=O)c2ccc(Br)cc2)cc1,,5.497572880015567,5.497572880015567,0.0032000518
VXMZSTNSIWVTAF,COc1ccc(C(=O)Oc2ccc3[nH]c(C(=O)c4cc5ccccc5[nH]4)cc3c2)cc1,,5.494850021680094,5.494850021680094,0.8915237
CANPTKDXQQAVKO,COC(C)(C)C(=O)NC(=O)Nc1ccc(Oc2ccnc(-c3ccnc(C)c3)c2)c(C)n1,,5.494850021680094,5.494850021680094,0.94711995
GWRZAKQWUQRPDF,CC(C)Nc1ncc2cc(-c3c(Cl)cccc3Cl)c(=O)n(C)c2n1,,5.494850021680094,5.494850021680094,0.5057159
NEADWQYKOBKUBP,CN(C)CC(C)(C)CNc1ncc2cc(-c3c(Cl)cccc3Cl)c(NC(=O)NC(C)(C)C)nc2n1,,5.494850021680094,5.494850021680094,0.7475244
PRASIGARSOSUQT,COc1ccc2cc(-c3n[nH]c4cccnc34)[nH]c2c1,CHEMBL1288582,5.494850021680094,5.494850021680094,0.70140785
SXFHYOPBKFNFKX,CN(C)CCCOc1ccc2[nH]c(C(=O)c3cc4ccccc4[nH]3)cc2c1,,5.494850021680094,5.494850021680094,0.8098423
BSMKGOSXJLCJOB,Cn1c(=O)c(-c2c(Cl)cccc2Cl)cc2cnc(NCCCn3ccnc3)cc21,,5.494850021680094,5.494850021680094,0.5905227
UZHJWYKTOOGPHN,COc1cc2c(N3CCN(C(=O)Nc4ccc(C#N)cc4)CC3)ncnc2cc1OCCN1CCC(O)CC1,CHEMBL337920,5.35096118094674,5.35096118094674,0.70310783
QHZJXKAMIYFJAG,Nc1onc2nc(-c3ccccc3)cc(-c3ccc(NC(=O)Nc4cccc(F)c4)cc3)c12,,5.488116639021126,5.488116639021126,0.9939912
IKPJHPQFDJLZQL,CCOC(=O)c1cnc2cc(OC)c(OC)cc2c1N1CCN(C(=S)NCc2ccccc2)CC1,CHEMBL147841,5.486782399932061,5.486782399932061,0.2991497
AFTCBZMZKYOMRS,Cc1cn(-c2cc(NC(=O)c3ccc(C)c(Oc4cccc5ccncc45)c3)cc(N3CCN(C)CC3)c2)cn1,,5.482804102050026,5.482804102050026,0.99422073
QIGGJMQSVPHSJB,O=C(/C=C/c1ccc(-c2ccc3ncnc(Nc4ccc(OCc5cccc(F)c5)c(Cl)c4)c3c2)o1)NO,CHEMBL1630107,5.481486060122113,5.481486060122113,0.0014335136
QJMFHEHQAWFOPG,Sc1ccc2c(c1)ncn2-c1ccccc1,,5.481486060122113,5.481486060122113,0.60507566
AJWFZWUKPLWQBJ,CNC(=O)c1cc(Oc2ccc(-c3cnc(NC(C)C)[nH]c3=O)nc2)ccn1,,,5.481486060122113,0.7998029
UECQTNRFEUFIHT,CCn1cc(-c2cc(Oc3ccc(-c4cnc(NC(C)C)[nH]c4=O)nc3C)ccn2)cn1,,,5.481486060122113,0.09233252
IYPXGGXWYCGJCN,COC1(C(=O)NC(=O)Nc2ccc(Oc3ccnc(-c4cnn(C)c4)c3)c(C)n2)CC1,,,5.481486060122113,0.92232484
DKYGJMWGBWWOMN,COCC(=O)NC(=O)Nc1ccc(Oc2ccnc(-c3cnn(C)c3)c2)c(C)n1,,,5.481486060122113,0.994327
JGHJSVPEMJVPKE,COC(C)(C)C(=O)NC(=O)Nc1ccc(Oc2ccnc(-c3cnc(C)s3)c2)c(C)n1,,,5.481486060122113,0.84208935
KNRLVDRDQDJIMP,CNS(=O)(=O)c1ccc2c(c1)/C(=C/c1[nH]c3c(c1CCCN(C)C)CCCC3)C(=O)N2,CHEMBL52513,5.481486060122113,5.481486060122113,0.042187266
AXRCEOKUDYDWLF,Cn1cc(C2=C(c3cn(C4CCN(Cc5ccccn5)CC4)c4ccccc34)C(=O)NC2=O)c2ccccc21,CHEMBL300138,5.481486060122113,5.481486060122113,0.48853835
GZEZKJFDRQXFTI,Cc1nc(-c2cnc(N3CCCC3)[nH]c2=O)ccc1Oc1ccnc(-c2cnn(C)c2)c1,,,5.481486060122113,0.8350652
ABPUXKCLONETJM,Cc1nc(-c2cnc(N(C)C)[nH]c2=O)ccc1Oc1ccnc(-c2cnn(C)c2)c1,,,5.481486060122113,0.06203572
UHWRZSFKINYFKS,Cc1nc(-c2cnc(N3CCCCC3)[nH]c2=O)ccc1Oc1ccnc(-c2cnn(C)c2)c1,,,5.481486060122113,0.8595146
XFNRLIYZGAJIKI,CNc1ncc(-c2ccc(Oc3ccnc(-c4cnn(C)c4)c3)c(C)n2)c(=O)[nH]1,,,5.481486060122113,0.15597181
JBZDXFVDMRJXON,Cc1nc(-c2cnc(N3CCOCC3)[nH]c2=O)ccc1Oc1ccnc(-c2cnn(C)c2)c1,,,5.481486060122113,0.40015322
GTWNQGXKDRADED,CCNc1ncc(-c2ccc(Oc3ccnc(-c4cnn(C)c4)c3)cn2)c(=O)[nH]1,,,5.481486060122113,0.83404005
LDFPZTVJHCRSKV,Cc1nc(NC(=O)NC(=O)C(C)C)ccc1Oc1ccnc(-c2cnn(C)c2)c1,,,5.481486060122113,0.99367625
WCGYPEYBFBDXSF,CCNc1ncc(-c2ccc(Oc3ccnc(-c4cnn(C)c4)c3)c(C)n2)c(=O)[nH]1,,,5.481486060122113,0.11774656
SIRQRDSFAAUTAY,Cc1nc(-c2cnc(NC3CC3)[nH]c2=O)ccc1Oc1ccnc(-c2cnn(C)c2)c1,,,5.481486060122113,0.9705493
URZFDLKDKFIRGI,CCc1nc(NC(=O)NC(=O)C(C)(C)C)ccc1Oc1ccnc(-c2cnn(C)c2)c1,,,5.481486060122113,0.9433845
UREZAFQRYNPCHA,Cc1nc(-c2cnc(NC(C)C)[nH]c2=O)ccc1Oc1ccnc(-c2cnn(C)c2)c1,,,5.481486060122113,0.18524194
GVVUWWVPVSPFNT,CCC(=O)NC(=O)Nc1ccc(Oc2ccnc(-c3cnn(C)c3)c2)c(C)n1,,,5.481486060122113,0.99367684
MUDZWVCKAOGYGL,Cc1nc(-c2cnc(NC3CCOCC3)[nH]c2=O)ccc1Oc1ccnc(-c2cnn(C)c2)c1,,,5.481486060122113,0.87709266
JBPWJPNLAGHYOY,Cc1nc(NC(=O)NC(=O)C2CCOCC2)ccc1Oc1ccnc(-c2cnn(C)c2)c1,,,5.481486060122113,0.993016
GGKMTJKMGZTJPH,CCNc1ncc(-c2ccc(Oc3ccnc(-n4cnc(C)c4)c3)c(C)n2)c(=O)[nH]1,,,5.481486060122113,0.120897
KSBCGWKXTJXPLL,O=NC(Cc1cc(Br)c(O)c(-c2cc(CC(N=O)C(=O)NCCc3ccc(O)c(Br)c3)cc(Br)c2O)c1)C(=O)NCCc1ccc(O)c(Br)c1,,5.481486060122113,5.481486060122113,0.09203748
BKRXMWPXDQLCFW,Cc1nc(NC(=O)NC(=O)C2CCOC2)ccc1Oc1ccnc(-c2cnn(C)c2)c1,,,5.481486060122113,0.9884875
DOWOUVMBSQUOLY,CCNc1ncc(-c2ccc(Oc3ccnc(-c4ccc(C)nc4)c3)c(C)n2)c(=O)[nH]1,,,5.481486060122113,0.03456422
KBJCTAIADOTYHC,COc1cc2c(Nc3ccc(-c4nc5ccc(F)cc5s4)cc3)ncnc2cc1OCCCN1CCN(C)CC1,CHEMBL604992,5.468521082957745,5.468521082957745,0.0027134237
WJDSWADDRNVNAI,O=C(/C=C/c1ccccc1)Oc1ccc2[nH]c(C(=O)c3cc4ccccc4[nH]3)cc2c1,,5.468521082957745,5.468521082957745,0.6594293
CEBXXEKPIIDJHL,Cc1cc(O)cc2oc(=O)c3c(O)cc(O)cc3c12,,5.46344155742847,5.46344155742847,0.0052347104
FZYFCOVGBMTUON,COc1ccc2c(c1)NC(=O)/C2=C\c1cc2c([nH]1)CCCC2,,5.460923901207224,5.460923901207224,0.06993722
MOJBQCRWQSOQNS,Nc1onc2nc(-c3ccccc3)cc(-c3ccc(NC(=O)Nc4ccccc4)cc3)c12,,5.453457336521869,5.453457336521869,0.9880035
VQZAQWGYQWKWRQ,COc1cc2c(N3CCN(C(=S)NCc4ccncc4)CC3)ncnc2cc1OCCN1CCCCC1,CHEMBL363085,5.181060090552616,5.181060090552616,0.36655608
LFOKRWIYRIYGNF,CNC(=O)c1nc(-c2ccc(Cl)c(S(=O)(=O)Nc3cccc(F)c3C)c2)cnc1N,CHEMBL2152253,,5.443697499232712,0.0009991708
WRFBYSCAYDYAEV,Nc1cccc(-n2cnc3ccccc32)c1,,5.443697499232712,5.443697499232712,0.10489667
SRNHAKVSFVSSPN,COc1cc2c(Nc3ccc(-c4nc5ccccc5s4)c(Cl)c3)ncnc2cc1OCCCN1CCN(C)CC1,CHEMBL593274,5.443697499232712,5.443697499232712,0.0011275578
DFQSOVLJNOFZAK,Cn1c(=O)c(-c2c(Cl)cccc2Cl)cc2cnc(N)cc21,,5.443697499232712,5.443697499232712,0.00921738
KCZAPQKINOWLCB,Nc1nc2cc3ccccc3c-2c(Nc2ccc(Cl)cc2F)[nH]1,CHEMBL2047253,5.443697499232712,5.443697499232712,0.7405674
GEYLKEHPEKRUTC,CNC(=O)c1nc(-c2ccc(Cl)c(S(=O)(=O)Nc3cccc(F)c3F)c2)cnc1N,CHEMBL2152252,,5.443697499232712,0.00043716765
WHCQIGNZIYEVMT,Nc1nc2c(c(Nc3ccc(Cl)cc3F)n1)-c1ccccc1C2,,5.443697499232712,5.443697499232712,0.3019946
QMRCJNCHZJWJBA,O=C(Nc1ccc(C#Cc2ccc3nc(NC(=O)Nc4ccc(F)c(Cl)c4)cn3n2)cc1)Nc1ccc(F)c(Cl)c1,,5.441053937561163,5.441053937561163,0.31176305
SRWKSPOFFBVOSN,COc1ccc2c(c1)/C(=N/NC(=O)c1ccc(NC(=O)Nc3ccccc3)cc1)C(=O)N2,,5.438898616350944,5.438898616350944,0.99700624
UAKWLVYMKBWHMX,CN(C)c1ccc(/C=C2\C(=O)Nc3ccccc32)cc1,CHEMBL296455;CHEMBL328710,5.425968732272281,5.425968732272281,0.00047045317
AKIIMLCQTGCWQQ,CN(C)c1ccc(C2N(C)c3ccccc3N2C)cc1,,5.425968732272281,5.425968732272281,0.40193367
VVVVOEUKMSUAAI,COc1cc2c(N3CCN(C(=S)Nc4cccnc4)CC3)ncnc2cc1OCCN1CCCCC1,CHEMBL184352,5.363791406156311,5.363791406156311,0.45572588
DMEJUOSQIGUPQF,Nc1onc2nc(-c3ccccc3)cc(-c3ccc(NC(=O)Nc4ccc(F)cc4)cc3)c12,,5.422508200162775,5.422508200162775,0.990987
APPQCNILPLGSEF,COc1ccc(NC(=O)Nc2ccc(C(=O)N/N=C3\C(=O)Nc4ccc(Br)cc43)cc2)cc1,,5.421360790031928,5.421360790031928,0.9978605
DWCZEZXJZXJTHE,COc1cc2ncnc(Nc3ccc(-c4nc5ccccc5s4)cc3)c2cc1OCCCN1CCN(C)CC1,CHEMBL593292,5.42021640338319,5.42021640338319,0.01221992
CWCLGIJGJSHBLC,Cn1c(=O)c(-c2c(Cl)cccc2Cl)cc2cnc(N)nc21,CHEMBL49596,5.365010161677338,5.365010161677338,0.048912775
JGJWMCIAQBKXCN,Oc1cccc(-n2cnc3ccccc32)c1,,5.42021640338319,5.42021640338319,0.027075255
KHEXPUZMPCBDCB,COc1cc2ncnc(Nc3ccc(-c4nc5ccccc5s4)c(OC)c3)c2cc1OCCCN1CCN(C)CC1,CHEMBL593911,5.42021640338319,5.42021640338319,0.001524708
IOBDCMVQCAWFQQ,Cc1cc(O)cc2oc(=O)c3c(O)cc(OS(=O)(=O)O)cc3c12,,5.4156687756324695,5.4156687756324695,0.00047618218
TZWRZQDQESUGPZ,Cc1cc[nH]c(=O)c1N1CCc2nc(N)ncc2C1,,5.410385459368734,5.410385459368734,0.98111594
DOXJXXFTEWRETQ,CC(C)(Nc1nc(NO)nc(Nc2ccc3ncsc3c2)n1)c1ccccc1,CHEMBL177298,5.4089353929735005,5.4089353929735005,0.45581195
UYFVVRGISWEBNS,Cc1ccc(NC(=O)c2ccc(/C=C/C(=O)NO)cc2)cc1Nc1ncc(-c2cccnc2)s1,CHEMBL493358,5.4089353929735005,5.4089353929735005,0.013758713
IBUAKKIEDFKTKJ,Nc1ccccc1NC(=O)/C=C/c1ccc(-c2ccc3ncnc(Nc4ccc(OCc5cccc(F)c5)c(Cl)c4)c3c2)o1,CHEMBL1630113,5.4089353929735005,5.4089353929735005,0.0015115804
KGPGFQWBCSZGEL,CCn1c(-c2nonc2N)nc2c(C#CC(C)(C)O)ncc(OC[C@H]3CCCNC3)c21,,5.4089353929735005,5.4089353929735005,0.02327628
OINCRSHJNMRVSX,Cc1ccc(NC(=O)c2ccc(/C=C/C(=O)NO)cc2)cc1Nc1nc(-c2cccnc2)cs1,CHEMBL1080580,5.4089353929735005,5.4089353929735005,0.08530886
RAEOQRGQVOSWAJ,Fc1cc2cc(-c3ccsc3)cnc2cc1F,CHEMBL68184,5.3979400086720375,5.3979400086720375,0.3570425
YSZYOYLIZMQKMV,COc1ccc2[nH]c(C(=O)c3cc4ccccc4o3)cc2c1,,5.3979400086720375,5.3979400086720375,0.59581363
FNBJMQJWFBTPGJ,CCNc1ncc2cc(-c3c(Cl)cccc3Cl)c(=O)n(C)c2n1,,5.3979400086720375,5.3979400086720375,0.13002929
HJVFTUSVRMGBLM,O=NC(Cc1cc(Br)c(O)c(Oc2ccc(CCNC(=O)C(Cc3cc(Br)c(O)c(-c4cc(CC(N=O)C(=O)NCCc5ccc(O)c(Br)c5)cc(Br)c4O)c3)N=O)cc2Br)c1)C(=O)NCCc1ccc(O)c(Br)c1,CHEMBL2333163,5.3979400086720375,5.3979400086720375,0.06524782
HZKQZYHQAFKGAI,Clc1ccc2c(c1)ncn2-c1ccccc1,,5.3979400086720375,5.3979400086720375,0.35675713
ZSNZPFYMIVNIMW,Oc1cccc(Nc2nnc(Cc3ccncc3)c3ccccc23)c1,,5.3979400086720375,5.3979400086720375,0.8859121
DSQLZVNXJXQQGE,COc1cc(OC)cc(-c2nc(-c3c[nH]c4ccccc34)c[nH]c2=O)c1,CHEMBL3358969,5.3979400086720375,5.3979400086720375,0.48722583
DWLVUAOJOFAURW,Nc1ccccc1NC(=O)c1ccc(-c2ccc3ncnc(Nc4ccc(OCc5cccc(F)c5)c(Cl)c4)c3c2)o1,CHEMBL1630111,5.3979400086720375,5.3979400086720375,0.06219988
ONVYCEKKOOSVPA,FC(F)(F)c1cc(Nc2nnc(Cc3ccncc3)c3ccccc23)ccc1Cl,CHEMBL77555,5.3979400086720375,5.3979400086720375,0.5081795
JXXLJDZKYNEXDA,COc1cc2c(N3CCN(C(=S)NCc4ccccn4)CC3)ncnc2cc1OCCN1CCCCC1,CHEMBL363723,5.388276691992658,5.388276691992658,0.3161108
HIQHTLZZJVBOPI,COc1cc(C(=O)Oc2ccc3[nH]c(C(=O)c4cc5ccccc5[nH]4)cc3c2)cc(OC)c1OC,,5.3872161432802645,5.3872161432802645,0.5183003
PBQQBKGLQWKLKQ,Cc1c(CCC(=O)O)c[nH]c1/C=C1\C(=O)Nc2ccc(C(=O)O)cc21,,5.377785977033705,5.377785977033705,0.78403056
NXHGGDQABDGSFK,CCOC(=O)CCCc1ccc(Nc2ncc3cc(-c4c(Cl)cccc4Cl)c(=O)n(C)c3n2)cc1,,5.376750709602099,5.376750709602099,0.9837263
MVTPOBLUFCMSQU,CN1CCN(CCCNc2ncc3cc(-c4c(Cl)cccc4Cl)c(NC(=O)NCCNC(=O)OC(C)(C)C)nc3n2)CC1,,5.376750709602099,5.376750709602099,0.93189746
RUTCIZOQGCWURK,N=C(N)SCCCn1c(=O)c2c(c1=O)n1c3ccccc3cc1c1cccc3ccn2c31,CHEMBL489083,5.376750709602099,5.376750709602099,0.028128276
PEKQQOAQBPEQDZ,Nc1ncc2cc(-c3c(Cl)cccc3Cl)c(=O)n(Cc3ccccc3)c2n1,,5.376750709602099,5.376750709602099,0.07435643
FVMWOYILISEIBR,O=C(O)c1cc2c(cc1O)ncn2-c1ccccc1,,5.366531544420414,5.366531544420414,0.054150086
ZEXJBANGHOAHDZ,COc1cc2c(Nc3ccc(-c4nc5ccccc5s4)cc3F)ncnc2cc1OCCCN1CCN(C)CC1,CHEMBL594228,5.356547323513812,5.356547323513812,0.003592486
SFDFKLDQKSPRHB,CCN1CCOCCn2cc(c3ccccc32)C2=C(C(=O)NC2=O)c2cn(c3ccccc23)CCOCC1,CHEMBL103055,5.356547323513812,5.356547323513812,0.13295527
OVTJBWIVHBJRMO,Cc1ccc2c(c1)ncn2-c1ccccc1,,5.356547323513812,5.356547323513812,0.8299424
MKHPRZXKLFMFAP,CCc1ccccc1-c1cc2cnc(N)nc2nc1NC(=O)NC(C)(C)C,,5.3487219860018556,5.3487219860018556,0.07022241
DVOMFFXZBJHQPZ,COc1ccccc1-c1cc2cnc(N)nc2nc1NC(=O)NC(C)(C)C,,5.3487219860018556,5.3487219860018556,0.08374322
NQHMMDRPRXVCLT,COc1cc2c(Nc3ccc(-c4nc5ccccc5s4)c(O)c3)ncnc2cc1OCCCN1CCN(C)CC1,CHEMBL606466,5.346787486224656,5.346787486224656,0.0010734414
FJBBGBKOTRTXKF,COc1cc2ncnc(N3CCN(C(=O)Nc4ccc(C#N)cc4)CC3)c2cc1O,CHEMBL343241,5.338187314462739,5.338187314462739,0.3650641
PELIICSLIWRORX,O=C(c1cc2ccccc2[nH]1)c1cc2cc(OC(=O)c3ccccc3Cl)ccc2[nH]1,,5.337242168318426,5.337242168318426,0.5764087
QSGGLLCPVRJDDE,OC1CCN(c2cc(-c3cnc4ccc(N5CCC[C@@H]5c5cccc(F)c5)nn34)ccn2)CC1,CHEMBL3582442,5.337242168318426,5.337242168318426,0.4879003
DHTNVMBSGAPRGN,CCN(CC)CCCNc1cc2c(cn1)cc(-c1c(Cl)cccc1Cl)c(=O)n2C,,5.337242168318426,5.337242168318426,0.3793083
HIRRHXZKTMZOHN,Cc1ccc(NCc2ccc(/C=C/C(=O)NO)cc2)cc1Nc1nccc(-c2cccnc2)n1,CHEMBL514351,5.337242168318426,5.337242168318426,0.0045482484
VQEHSXWQZHZMJJ,CN(C)C(=S)Oc1ccc2c(c1)ncn2-c1ccccc1,,5.337242168318426,5.337242168318426,0.023016721
SKMKVAWCYDFONZ,CNS(=O)(=O)c1ccc2c(c1)/C(=C/c1[nH]c3c(c1CCCN1CCC(O)CC1)CCCC3)C(=O)N2,CHEMBL55496,5.327902142064283,5.327902142064283,0.0055767777
WYZOMYWEQQWFAG,Nc1ccccc1NC(=O)CCc1ccc(-c2ccc3ncnc(Nc4ccc(OCc5cccc(F)c5)c(Cl)c4)c3c2)cc1,CHEMBL1630116,5.327902142064283,5.327902142064283,0.009714429
FEFTTWZZDJMATO,COc1cc(OC)cc(-c2cc3cnc(NC(C)=O)cc3nc2NC(=O)NC(C)(C)C)c1,,5.327902142064283,5.327902142064283,0.18601526
UVQZXQCNEXGALO,Cn1c(=O)c(-c2c(Cl)cccc2Cl)cc2cnc(NCc3ccccn3)nc21,,5.318758762624412,5.318758762624412,0.30284342
NGLCMTJPGDJNOW,CN1CCN(CCCNc2ncc3cc(-c4c(Cl)cccc4Cl)c(NC(=O)Nc4ccc(Cl)c(Cl)c4)nc3n2)CC1,,5.301029995663981,5.301029995663981,0.7723613
YEEIRSIWKQULLK,COc1cc2cc(-c3ccc(C(=O)O)cc3)cnc2cc1OC,CHEMBL66868,5.301029995663981,5.301029995663981,0.37927353
HQPHBJQSXSCCLE,COc1cc(-c2nc(-c3ccccc3Cl)c[nH]c2=O)cc(OC)c1OC,CHEMBL3358995,5.301029995663981,5.301029995663981,0.318844
HFLUEICUUCYLAK,CCNC(=S)Nc1nc2nc(NCCCN(CC)CC)ncc2cc1-c1c(Cl)cccc1Cl,,5.301029995663981,5.301029995663981,0.9162474
GXFBYIMHHCRKIV,CCOc1ccc(-c2nc(-c3c[nH]c4ccccc34)c[nH]c2=O)cc1OC,CHEMBL3358972,5.301029995663981,5.301029995663981,0.016901217
TXUGJFWPQZBFCE,COc1ccc(-c2cc3ccc(OC)cc3nc2Nc2ccc(NC(=O)CN3CCN(C)CC3)cc2)cc1,,5.301029995663981,5.301029995663981,0.9831766
FAFWJMNGAWQHOH,Nc1ncnc2c1c(C(=O)c1cccc(NC(=O)Nc3c(F)cccc3F)c1)cn2C1CCCC1,CHEMBL2386994,,5.301029995663981,0.7956479
JGEOHQTUDWEXGS,COc1ccc(-c2cc3cc(OC)ccc3nc2Nc2ccc(NC(=O)CN3CCN(C)CC3)cc2)cc1,,5.301029995663981,5.301029995663981,0.9913589
KLVYMYQTRZCMLE,O=C(Nc1ccccn1)Nc1cccc2c1[C@H]1CCCN1C2=O,CHEMBL141247,5.301029995663981,5.301029995663981,0.45236233
KNIFQDAVGJMBRW,COC(=O)Cn1c(=O)c(-c2c(Cl)cccc2Cl)cc2cnc(N)nc21,,5.301029995663981,5.301029995663981,0.19685969
AKXNJHZVODKEML,COc1cc2c(N3CCN(C(=S)NCc4ccc(-c5ccncc5)cc4)CC3)ncnc2cc1OCCN1CCCCC1,CHEMBL183929,5.159238281458075,5.159238281458075,0.47923127
KBXWFATYSJUYRM,c1ccc(Nc2cnc3ccccc3n2)cc1,CHEMBL322428,5.292429823902063,5.292429823902063,0.28012767
ZNFJBJDODKHWED,O=CN1CCN(c2ccc(/C=C3\C(=O)Nc4ccccc43)cc2)CC1,CHEMBL315546,5.292429823902063,5.292429823902063,0.0232255
DCKMTGBFLNPJPS,COc1cc(-c2nc3ccccc3s2)ccc1Nc1ncnc2cc(OCCCN3CCN(C)CC3)c(OC)cc12,CHEMBL593221,5.292429823902063,5.292429823902063,0.0031613684
YAAKXNXVUNFSPT,CCS(=O)(=O)c1ccc2c(c1)/C(=C/c1[nH]c3c(c1CCC(N)=O)CCCC3)C(=O)N2,CHEMBL301271,5.292429823902063,5.292429823902063,0.3285536
UKIUFHVXOQAYIT,S=C(NCc1ccccc1)N1CCN(c2ncnc3cc(Cl)ccc23)CC1,CHEMBL100852,5.287350298372789,5.287350298372789,0.25973293
JXNUWKALOKMIDN,COc1cc2c(N3CCN(C(=O)Nc4ccc(C#N)cc4)CC3)ncnc2cc1OCCn1ccnc1,CHEMBL125304,5.186878076617367,5.186878076617367,0.5104699
NREUOEVYOIBCFF,O=C(Nc1ccc(Oc2ccccc2)cc1)N1CCN(c2ncnc3ccc(I)cc23)CC1,CHEMBL322209,5.286509456906058,5.286509456906058,0.7372544
UCNSWYNASPIUFL,COc1cc2c(N3CCN(C(=S)NCc4ccc(-c5cccnc5)cc4)CC3)ncnc2cc1OCCN1CCCCC1,CHEMBL184382,5.057285463378292,5.057285463378292,0.48076788
SRVAKQWROMBZFN,CC(=O)Nc1ncc2cc(-c3c(Cl)cccc3Cl)c(=O)n(C)c2n1,,5.2839966563652006,5.2839966563652006,0.8050749
KKUVAFACZWCUHS,COc1cc2ncnc(N3CCN(C(=NCc4ccc(Cl)cc4)C(C#N)C#N)CC3)c2cc1OC,CHEMBL342227,5.280668713016273,5.280668713016273,0.35138726
UJBJWYNPUOLFIZ,CCCNC(=O)c1ccc(Nc2nc(NCC(F)(F)F)c3cc[nH]c3n2)cc1,CHEMBL2006765,5.278189384787454,5.278189384787454,0.70241135
DCAZVIOPJLDWSQ,COc1ccc(NC(=O)N2CCN(c3ncnc4cc(OC)c(OC)cc34)CC2)cc1,CHEMBL106332,5.27083521030723,5.27083521030723,0.5747336
SWMBNKSGZGEGRY,Clc1ccc2ncn(-c3ccccc3)c2c1,,5.267606240177032,5.267606240177032,0.010332842
FPILCJQVCVIRHQ,Cc1cn(-c2cc(CN3CCN(C)CC3)cc(NC(=O)c3ccc(C)c(Nc4nccc(-c5ccccc5)n4)c3)c2)cn1,,5.266000713461613,5.266000713461613,0.64450413
OEYHUXZATDICNL,COc1cc2c(cc1OC)-c1n[nH]c(Nc3ccc(Cl)cc3Cl)c1C2,CHEMBL198642,5.266000713461613,5.266000713461613,0.9999434
IEDHIXOGGAHSLI,COc1ccc(-c2ccc3c(c2)NC(=O)/C3=C\c2[nH]c3c(c2CCC(=O)O)CCCC3)cc1,,5.265200170411153,5.265200170411153,0.5034167
PEQAQVCHUDMZPB,O=C1Nc2ccccc2/C1=C/c1cc2c([nH]1)CCCC2,,5.262807357295263,5.262807357295263,0.018306667
PFCYMLKAPXNHFU,CN1CCN(CCCNc2ncc3cc(-c4c(Cl)cccc4Cl)c(NC(=O)Nc4ccc(C(F)(F)F)cc4)nc3n2)CC1,,5.259637310505756,5.259637310505756,0.9954726
KSKXCLMAVSEKHS,COC(=O)c1c(OCCN2CCCCC2)c2ccccc2c2oc3c(c12)C(=O)c1ccccc1C3=O,CHEMBL200976,5.259637310505756,5.259637310505756,0.039927684
FNKRKFBRFHMPBO,Cc1cc(-c2cc(NC(=O)c3ccc(C)c(Nc4nccc(-c5ccc(F)cc5)n4)c3)cc(N3CCN(C)CC3)c2)on1,,5.2580609222708015,5.2580609222708015,0.9451054
WWCAIEOFWJQFIV,COc1cc2c(N3CCN(C(=O)Nc4ccc(OC(C)C)cc4)CC3)ncnc2cc1OCCCO,CHEMBL334169,5.053695892999698,5.053695892999698,0.9238799
DWYMPMWWYZEKLQ,Nc1ccc(-n2cnc3ccccc32)cc1,,5.251811972993799,5.251811972993799,0.008987747
WWSWQMMEPXHAON,CNS(=O)(=O)c1ccc2c(c1)/C(=C/c1[nH]c3c(c1CCCN1CCN(CCO)CC1)CCCC3)C(=O)N2,CHEMBL56109,5.251811972993799,5.251811972993799,0.0053113736
VYCCLXYWLSXHKT,CCN(CC)CCNC(=O)c1cc(C)c(/C=C2\C(=O)Nc3ncnc(Nc4ccc(Cl)cc4F)c32)[nH]1,,5.250263684430939,5.250263684430939,0.0857147
DHMRMUNCZPEPED,O=C(c1cc2ccccc2[nH]1)c1cc2cc(OC(=O)C3CCC3)ccc2[nH]1,,5.2441251443275085,5.2441251443275085,0.7813238
KVQXSRPPMDSZLB,CCN(CC)CCCNc1nc(-c2ccc(NC(=O)Nc3ccc(Cl)cc3)cc2)nc2ccsc12,CHEMBL3326099,5.236572006437063,5.236572006437063,0.996005
CYFCBAYGOYPBEA,Cn1c(=O)c(-c2c(Cl)cccc2Cl)cc2cnc(NCCCN3CCOCC3)cc21,,5.236572006437063,5.236572006437063,0.9053691
RXHOYSVJBBFAPF,COc1cc2ncnc(N3CCN(C(=O)NCCc4ccc(Cl)cc4)CC3)c2cc1OC,CHEMBL140967,5.2335871528876,5.2335871528876,0.88950855
ONDZJVAERAZMNQ,Nc1nc2cc3ccccc3c-2c(Nc2ccc(F)cc2)[nH]1,CHEMBL2047241,5.229147988357856,5.229147988357856,0.9080516
VBODBJMAVPEPIF,CNC(=O)c1cc(Nc2ccccc2)cc(-c2ccnc(NC(=O)C3CCOCC3)c2)c1,,5.229147988357856,5.229147988357856,0.23607527
YLOCIDYFMMJTMC,Cc1c(CCC(=O)O)c[nH]c1/C=C1\C(=O)Nc2ccc(S(N)(=O)=O)cc21,,5.223298816011589,5.223298816011589,0.6357373
DHGWCHIUBOKFPY,Cc1cccc(-c2cc3cnc(N)nc3nc2NC(=O)NC(C)(C)C)c1C,,5.218244625347531,5.218244625347531,0.034712322
MZGIKVPAESQUKW,COC(=O)COc1cc2c(N3CCN(C(=O)Nc4ccc(C#N)cc4)CC3)ncnc2cc1OC,CHEMBL144279,5.216096420727265,5.216096420727265,0.21854927
RGGYJEYZTPRESN,COc1cc2c(Oc3ccc(-c4nc5ccccc5s4)cc3F)ncnc2cc1OCCCN1CCN(C)CC1,CHEMBL604483,5.214670164989233,5.214670164989233,0.01177043
FQNCLVJEQCJWSU,Cc1cc2ncc(-c3ccccc3)nc2cc1C,CHEMBL7724,5.207608310501746,5.207608310501746,0.39519846
BGVUHUGORDBBDW,CCCCCCCCNC(=O)Nc1nc2nc(NCCCN3CCN(C)CC3)ncc2cc1-c1c(Cl)cccc1Cl,,5.207608310501746,5.207608310501746,0.9845255
UZGZLCVPKWOCDZ,CNc1ncc2cc(-c3c(Cl)cccc3Cl)c(=O)n(C)c2n1,,5.207608310501746,5.207608310501746,0.06477017
XSKZXGROFJZYER,Cc1ccc(NC(=O)c2ccc(/C=C/C(=O)NO)s2)cc1Nc1ncc(-c2cccnc2)s1,CHEMBL493315,5.207608310501746,5.207608310501746,0.012997127
GMKFVPVPKCTMCO,COc1cc2c(cc1OC)-c1n[nH]c(Nc3cc(Cl)ccc3Cl)c1C2,CHEMBL382735,5.206209615309182,5.206209615309182,0.99994516
BVYAURIYXKOUPX,COc1cc(O)c2c(=O)oc3c(O)c(O)cc(C)c3c2c1,,5.204815410317576,5.204815410317576,0.00043761337
NLPNIUVVCDHSBA,Cc1cccc2ncnc(N3CCN(C(=O)Nc4ccc(Oc5ccccc5)cc4)CC3)c12,CHEMBL103702,5.204119982655925,5.204119982655925,0.13177444
ZOQAYLAHTNMBEF,Cc1ccc(-c2cc3cnc(N)nc3nc2NC(=O)NC(C)(C)C)cc1,,5.199970640755866,5.199970640755866,0.09679059
GTLDVWXJAMGWRF,Nc1nc2c(c(Nc3ccc(F)c(Cl)c3)n1)-c1ccccc1C2,,5.1938200260161125,5.1938200260161125,0.16904528
LUEXTMBFUVZMQU,Nc1nc2cc3ccccc3c-2c(Nc2ccc(F)c(Cl)c2)[nH]1,CHEMBL2047252,5.1938200260161125,5.1938200260161125,0.121464714
DBDPQMUWFPDEFP,COc1ccc2ncn(-c3ccccc3)c2c1,,5.1938200260161125,5.1938200260161125,0.019876678
AYUNZMXVGUBBHP,COc1cc2c(N3CCN(C(=O)Nc4ccc(C#N)cc4)CC3)ncnc2cc1OCCN1CCNCC1,CHEMBL338623,5.14777459284229,5.14777459284229,0.6838843
FHFQXWQTCMHWQI,CC(=O)Nc1cc(Nc2ccccc2)cc(-c2ccnc(NC(=O)C3CCOCC3)c2)c1,,5.187086643357144,5.187086643357144,0.16784269
GOWKLVGETIDUTE,Cn1c(=O)c(-c2c(Cl)cccc2Cl)cc2cnc(NCCO)nc21,,5.187086643357144,5.187086643357144,0.22160423
YGJSREKVWCOLRY,N#C/C(=C\c1c[nH]c2ccccc12)C(N)=S,,5.187086643357144,5.187086643357144,0.0044547934
NLJUQIIPXVMEAA,N#C/C(=C\c1c[nH]c2ccccc12)C(N)=O,,5.187086643357144,5.187086643357144,0.0012513108
RSPKPWWYNCEHBZ,Nc1ccc(C#Cc2ccc3nc(NC(=O)Nc4ccc(F)c(Cl)c4)cn3n2)cc1,,5.080697406030419,5.080697406030419,0.28539413
XHGSDPKRXJOFGF,Cn1c(=O)c(-c2c(Cl)cccc2Cl)cc2cnc(NCc3cccnc3)nc21,,5.180456064458132,5.180456064458132,0.3796027
VJHWNDGPWFUUKL,CNS(=O)(=O)c1ccc2c(c1)/C(=C/c1[nH]c3c(c1CCC(N)=O)CCCC3)C(=O)N2,CHEMBL56569,5.180456064458132,5.180456064458132,0.3461576
LCSDQFNUYFTXMT,COc1cc(O)c2c(=O)oc3cc(O)cc(C)c3c2c1,,5.179798540514359,5.179798540514359,0.0008662839
SSHDKAJDJAVHAF,COc1cc2c(Nc3ccc(-c4nc5ccccc5s4)cc3C)ncnc2cc1OCCCN1CCN(C)CC1,CHEMBL595406,5.173925197299174,5.173925197299174,0.0028534797
MTYBEFAXRMHIIW,CN=C(N)SCCCn1c(=O)c2c(c1=O)n1c3ccccc3cc1c1cccc3ccn2c31,CHEMBL488271,5.173925197299174,5.173925197299174,0.05095214
QOBOPYHDHUJROO,COc1cc2ncnc(N3CCN(C(=O)Nc4ccc(F)cc4)CC3)c2cc1OC,CHEMBL104206,5.172630726946175,5.172630726946175,0.21216962
IVLTUMFMBLDTTO,COc1cc2c(N3CCN(C(=O)Nc4ccc(OC(C)C)cc4)CC3)ncnc2cc1OCCCC1=NCCN1C,CHEMBL332083,5.041280069234212,5.041280069234212,0.8228012
CEXRURTZESMLHM,Nc1ncc2cc(-c3c(Cl)cccc3Cl)c(=O)n(CCCOCc3ccccc3)c2n1,,5.167491087293763,5.167491087293763,0.05605196
NXWXUDHOUKWAQU,CS(=O)(=O)CCCOc1cccc2c1ccn2-c1ccnc(N[C@H]2CC[C@H](C(=O)N3CCC(O)CC3)CC2)n1,CHEMBL2425628,5.167491087293763,5.167491087293763,0.043463826
ANWNECNSXDZRMH,O=Cc1cccc(-n2cnc3ccccc32)c1,,5.167491087293763,5.167491087293763,0.0011951745
QQLWYDYVUOBKGW,COc1ccc(Nc2cc3c(cn2)cc(-c2c(Cl)cccc2Cl)c(=O)n3C)cc1,,5.167491087293763,5.167491087293763,0.6223712
CSLJSOAIJCEXMF,Cn1c(=O)c(-c2c(Cl)cccc2Cl)cc2cnc(NCCCN3CCOCC3)nc21,CHEMBL48172,5.167491087293763,5.167491087293763,0.64165586
IYUMDJZHUWJJBD,Cn1c(=O)c(-c2c(Cl)cccc2Cl)cc2cnc(Nc3ccncc3)cc21,,5.161150909262744,5.161150909262744,0.852171
YLYQCDIBBXQWFP,CN1CCN(CCCNc2ncc3cc(-c4c(Cl)cccc4Cl)c(NS(=O)(=O)c4ccccc4)nc3n2)CC1,,5.161150909262744,5.161150909262744,0.54067117
UBTPOMHEYRBEHT,Cc1cc(-c2cnc3cc(-c4ccc(C5CNCCN5)cc4)ccn23)c2cc(F)cc(F)c2n1,,5.160962126611694,5.160962126611694,0.9506766
PSUROKVLDMNXCQ,COc1cc2cc(-c3ccc(Cl)c(Cl)c3)cnc2cc1OC,CHEMBL67702,5.154901959985743,5.154901959985743,0.9062474
RSMAHTSDYGXRPV,Cc1cc(/C=N/NC(=O)Nc2ccc(-c3nc(N4CCOCC4)c4sccc4n3)cc2)cc(C)c1O,CHEMBL3343621,5.154901959985743,5.154901959985743,0.9765113
AVOIQQJJYHRELQ,COc1cc(-c2nc(-c3ccc[nH]3)c[nH]c2=O)cc(OC)c1OC,CHEMBL3358990,5.154901959985743,5.154901959985743,0.36877042
FHPYQJSDUHOIPA,Nc1nc2cc3ccccc3c-2c(Nc2cccc(F)c2)[nH]1,CHEMBL2047246,5.1487416512809245,5.1487416512809245,0.62116283
JJUMBPJQWGPNKX,Nc1nc2c(c(Nc3cccc(F)c3)n1)-c1ccccc1C2,,5.1487416512809245,5.1487416512809245,0.2612854
BCVANXGROSBZPI,COc1ccc2c(ncn2-c2ccccc2)c1O,,5.1487416512809245,5.1487416512809245,0.013680686
USTFFLGAYQZTMH,COC(=O)c1ccc(-n2cnc3ccccc32)cc1,,5.142667503568732,5.142667503568732,0.0016402806
FFTAUNHOICDGAW,CC(C)(C)OC(=O)Cn1c(=O)c(-c2c(Cl)cccc2Cl)cc2cnc(N)nc21,,5.142667503568732,5.142667503568732,0.21554726
AGMGRCAUAZCHPG,Cc1cc(-c2cnc3cc(-c4ccc(N5CCNCC5)cc4)ccn23)c2cc(F)ccc2n1,,5.127843727251707,5.127843727251707,0.88663137
PWYJJIJHWOOEFN,Cc1ccc2[nH]c(C(=O)c3cc4ccccc4[nH]3)cc2c1,,5.1249387366083,5.1249387366083,0.72063124
LAGLTBCHFAHIEE,COC(=O)c1c(OCCN(C)C)c2ccccc2c2oc3c(c12)C(=O)c1ccccc1C3=O,CHEMBL201865,5.119186407719209,5.119186407719209,0.06817122
TYKXIBLBQNRTJM,Cc1cn(-c2cc(NC(=O)c3ccc(C)c(Oc4ccccc4)c3)cc(N3CCN(C)CC3)c2)cn1,,5.115771230367396,5.115771230367396,0.9931138
GJXAKRCIKXUHFB,CCNC(=O)Nc1nc2cc(N)ncc2cc1-c1ccccc1,,5.113509274827518,5.113509274827518,0.046376932
ZGTHJDQZGGIPLL,COc1cc2ncnc(Nc3ccc(-c4nc5ccccc5s4)c(Cl)c3)c2cc1OCCCN1CCN(C)CC1,CHEMBL604893,5.113509274827518,5.113509274827518,0.0011502518
PUPIDEKMUKQDBG,CC(C)c1ccc(Nc2nc(N)nc3c2-c2ccccc2C3)cc1,,5.107905397309519,5.107905397309519,0.5060372
KYAAXSDBTAUNKQ,CC(C)c1ccc(Nc2[nH]c(N)nc3cc4ccccc4c2-3)cc1,CHEMBL2047245,5.107905397309519,5.107905397309519,0.98514426
BVOFJIILGOOTRR,COc1cccc(Nc2cc(N3CCN(C(=O)Nc4ccc(C(F)(F)F)cc4)CC3)ncn2)c1,,5.107905397309519,5.107905397309519,0.5379698
MZWALFBOTNMRTP,COc1cc2c(Nc3ccc(-c4nc5ccccc5s4)c(C)c3)ncnc2cc1OCCCN1CCN(C)CC1,CHEMBL596087,5.102372908709558,5.102372908709558,0.0015447132
WMBJPWPAQLGSFL,COc1cc2c(Nc3ccc(-c4nc5ccc(Cl)cc5s4)cc3)ncnc2cc1OCCCN1CCN(C)CC1,CHEMBL593275,5.096910013008056,5.096910013008056,0.0054112202
BJNCGWGKNWXUIL,CC(C)(Nc1nc(Nc2ccc3ncsc3c2)[nH]c(=O)n1)c1ccccc1,CHEMBL175862,5.096910013008056,5.096910013008056,0.16838929
CXRNTHYDCWARFR,COc1cc(-c2nc(-c3ccccc3)c[nH]c2=O)cc(OC)c1OC,CHEMBL3359000,5.096910013008056,5.096910013008056,0.3432511
KJFYOTWIEBSXOE,COc1cc(-c2nc(-c3ccc4ccccc4c3)c[nH]c2=O)cc(OC)c1OC,CHEMBL3358986,5.096910013008056,5.096910013008056,0.46800795
MWTPPQWWCAVXIS,CNc1cc2c(cn1)cc(-c1c(Cl)cccc1Cl)c(=O)n2C,,5.096910013008056,5.096910013008056,0.48861107
BPMIILWVKNVIKR,CNS(=O)(=O)c1ccc2c(c1)/C(=C/c1[nH]c3c(c1CCCN1CCN(CC(=O)O)CC1)CCCC3)C(=O)N2,CHEMBL292930,5.096910013008056,5.096910013008056,0.0062629515
BJQHKICYZOBROI,c1ccc2ncc(-c3c[nH]c4ccccc34)cc2c1,CHEMBL309116,5.096910013008056,5.096910013008056,0.737089
PIQNNSKBFMKWGB,COc1cc2c(Nc3ccc(-c4nc5cc(C(F)(F)F)ccc5s4)cc3)ncnc2cc1OCCCN1CCN(C)CC1,CHEMBL593908,5.086186147616283,5.086186147616283,0.006560025
XAIGUAJNCYCDBP,COc1cc2ncnc(N3CCN(C(=O)Nc4cncc(Cl)c4)CC3)c2cc1OC,CHEMBL140802,5.08460016478773,5.08460016478773,0.26802233
CVLRLLPCDQDBIQ,O=Cc1ccc2c(c1)ncn2-c1ccccc1,,5.075720713938118,5.075720713938118,0.5609491
FDPFCUXBRNWFJA,Brc1cccc(Nc2ncnc3[nH]c(CCc4ccccc4)cc23)c1,CHEMBL1094423,5.070581074285707,5.070581074285707,2.7947866e-05
MPRJXIBHCLPEPI,COC(=O)c1c(OCCN2CCCC2)c2ccccc2c2oc3c(c12)C(=O)c1ccccc1C3=O,CHEMBL202244,5.060480747381382,5.060480747381382,0.04293756
DIOOREPVPOCQKL,COc1cc2ncnc(Nc3ccc(-c4nc5ccccc5s4)c(F)c3)c2cc1OCCCN1CCN(C)CC1,CHEMBL593760,5.060480747381382,5.060480747381382,0.00081832765
NZHAVEPSCYGCPU,CCN(CC)CCCNc1ncc2cc(-c3c(Cl)cccc3Cl)c(=O)n(C)c2n1,CHEMBL50470,5.050609993355087,5.050609993355087,0.27240074
XSIGGCHYNXSJBX,Nc1nc(Nc2ccc(Cl)cc2)c2cc(Cc3cccc4ccccc34)[nH]c2n1,CHEMBL1929555,5.049635145623877,5.049635145623877,0.0050766016
AZETYZWGGZUSLG,CC(C)(C)NC(=O)Nc1nc2nc(N)ncc2cc1-c1cc(F)cc(F)c1,,5.047207556955908,5.047207556955908,0.019057669
DPAVBVHQDPOSHB,COC(=O)c1ccc2c(-c3c[nH]c(=O)c(-c4cc(OC)c(OC)c(OC)c4)n3)c[nH]c2c1,CHEMBL3358982,5.045757490560675,5.045757490560675,0.42054856
PUWQBZYOEYJCIO,CCS(=O)(=O)c1ccc2c(c1)/C(=C/c1[nH]c3c(c1CCCN1CCN(CCO)CC1)CCCC3)C(=O)N2,CHEMBL57143,5.045757490560675,5.045757490560675,0.0047207926
BWRWVDQRWYBUIX,CCN(CC)CCNc1ncc2cc(-c3c(Cl)cccc3Cl)c(NC(=O)NC(C)(C)C)nc2n1,,5.045757490560675,5.045757490560675,0.82771707
ZFSWIGYFMVNPAW,O=C(c1cc2ccccc2[nH]1)c1cc2cc(OC(=O)C3CC3)ccc2[nH]1,,5.040958607678906,5.040958607678906,0.75845164
ZQXWSHOYNMQRDD,COc1cc2c(Nc3ccc(-c4nc5ccccc5s4)cc3OC(F)(F)F)ncnc2cc1OCCCN1CCN(C)CC1,CHEMBL593245,5.040958607678906,5.040958607678906,0.010297195
NYQMESYHKIIFEI,Oc1ccc2cc(-c3ccncc3)cnc2c1,CHEMBL314811,5.036212172654444,5.036212172654444,0.6346393
WZTHBTBWYVSGPF,COc1cc2c(Nc3ccc(-c4nc5ccc(Cl)cc5s4)cc3F)ncnc2cc1OCCCN1CCN(C)CC1,CHEMBL593909,5.036212172654444,5.036212172654444,0.002174244
MXVZCCAUCHDFAJ,COc1cc2ncnc(N3CCN(C(=O)Nc4cc(Cl)cc(Cl)c4)CC3)c2cc1OC,CHEMBL104862,5.035740369803151,5.035740369803151,0.1500434
NRYIWRROVMCMDV,Cn1c(=O)c(-c2c(Cl)cccc2Cl)cc2cnc(NCCc3ccccn3)nc21,,5.031517051446065,5.031517051446065,0.3381082
XNCMQRWVMWLODV,c1ccc(-n2cnc3ccccc32)cc1,,5.031517051446065,5.031517051446065,0.0028670235
QTVKJLNIUBHSTK,O=C(O)c1ccc2c(c1)ncn2-c1ccccc1,,5.031517051446065,5.031517051446065,0.014121424
HFZZOOLNJARBCZ,COc1cc2ncnc(N3CCN(C(=O)Nc4ccc(S(C)(=O)=O)cc4)CC3)c2cc1OC,CHEMBL321323,5.025949097207122,5.025949097207122,0.883434
WUGBILBBRYOILX,COc1cc2ncnc(N3CCN(C(=O)NCc4ccc(F)cc4)CC3)c2cc1OC,CHEMBL343758,5.018181392829336,5.018181392829336,0.70058376
GFIUKKVYDDTJLV,CN1CCN(CCCNc2ncc3cc(-c4c(Cl)cccc4Cl)c(N)nc3n2)CC1,,5.017728766960431,5.017728766960431,0.027506098
IARQDYQVYMTLQW,CN1CCN(CCCCCNc2cc3c(cn2)cc(-c2c(Cl)cccc2Cl)c(=O)n3C)CC1,,5.00436480540245,5.00436480540245,0.9627406
WCRYRBRNFCXTTR,COc1cc2ncnc(Nc3ccc(-c4nc5cc(Cl)ccc5s4)cc3)c2cc1OCCCN1CCN(C)CC1,CHEMBL593971,5.00436480540245,5.00436480540245,0.007468776
MFYIDOFWFKUPLT,COc1cc2ncnc(N3CCN(C(=O)Nc4ccc(C)cc4)CC3)c2cc1OC,CHEMBL320864,5.001740661576301,5.001740661576301,0.4725798
TUVCWJQQGGETHL,Oc1cccc(-c2nc(N3CCOCC3)c3oc4ncccc4c3n2)c1,CHEMBL538346,,5.0,0.48470858
JRNJNYBQQYBCLE,COc1ccc(F)c(F)c1C(=O)c1cnc(NC2CCN(S(C)(=O)=O)CC2)nc1N,,,5.0,0.0025794266
RIGIGAFKKVBACY,O=NC1CCc2cc(-c3cn(CCO)nc3-c3ccncc3)ccc21,CHEMBL525191,,5.0,0.9020974
QEMQWMRZJAAQSZ,CSc1ccccc1Nc1nc(N2CCN(C3CCNCC3)CC2)nc2c(NCC3CC3)ncnc12,CHEMBL2063926,,5.0,0.7612722
HZTYDQRUAWIZRE,CNC(=O)c1c(F)cccc1Nc1nc(Nc2cc3c(cc2OC)CCN3C(=O)CN(C)C)nc2[nH]ccc12,,,5.0,0.98490775
PSPFQEBFYXJZEV,Cc1ccc2nc(NCCN)c3ncc(C)n3c2c1,CHEMBL471496,,5.0,0.37657756
OUSFTKFNBAZUKL,CC(C)(C)c1cnc(CSc2cnc(NC(=O)C3CCNCC3)s2)o1,CHEMBL296468,,5.0,0.09115993
CDMGBJANTYXAIV,CS(=O)c1ccc(-c2nc(-c3ccncc3)c(-c3ccc(F)cc3)[nH]2)cc1,CHEMBL10,,5.0,0.00059893756
BCZUAADEACICHN,Cn1cc(-c2ccc3nnc(Sc4ccc5ncccc5c4)n3n2)cn1,,,5.0,0.30757695
QHKYPYXTTXKZST,Oc1ccc(-c2nc(-c3ccncc3)c(-c3ccc(F)cc3)[nH]2)cc1,,,5.0,0.006808318
FHYUGAJXYORMHI,NC(=O)c1ccc(-c2nc(-c3ccccn3)c(-c3ccc4c(c3)OCO4)[nH]2)cc1,CHEMBL440084,,5.0,0.12899485
UJIAQDJKSXQLIT,Nc1nc(N)c2nc(-c3cccc(O)c3)c(-c3cccc(O)c3)nc2n1,,,5.0,0.035472885
LHNIIDJUOCFXAP,CS(=O)(=O)N1CCN(Cc2cc3nc(-c4cccc5[nH]ncc45)nc(N4CCOCC4)c3s2)CC1,,,5.0,0.025003586
ZNOLRTPMNMPLHY,COc1c(Cl)cc2c([nH]c3cnccc32)c1NC(=O)c1cccnc1C,CHEMBL608154,,5.0,0.97530293
LEKWCJUCBLAVCO,Cc1cn(-c2cc(CN3CCCC[C@H]3C(=O)O)cc(NC(=O)c3ccc(C)c(Nc4nccc(-c5ccc(F)cc5)n4)c3)c2)cn1,,,5.0,0.8849283
RLBSTAFRIPOFEZ,Cc1cn(-c2cc(CN3CCCC[C@H]3C(N)=O)cc(NC(=O)c3ccc(C)c(Nc4nccc(-c5ccc(F)cc5)n4)c3)c2)cn1,,,5.0,0.92261606
OEIRBDCRIGNXFE,Cc1cn(-c2cc(NC(=O)c3ccc(C)c(Nc4nccc(-c5ccc(F)cc5)n4)c3)cc(N3CCOCC3)c2)cn1,,,5.0,0.93081015
PTVPYBZKLVYENB,Cc1ccc(C(=O)Nc2cccc(N3CCN(C)CC3)c2)cc1Nc1nccc(-c2ccc(F)cc2)n1,,,5.0,0.9696583
BPNUQXPIQBZCMR,Cc1n[nH]c2ccc(-c3cncc(OC[C@@H](N)Cc4ccccc4)c3)cc12,,,5.0,0.98597056
AVCCKFHOOJRTCR,Cc1cn(-c2cc(NC(=O)c3ccc(C)c(Nc4nccc(-c5ccccc5)n4)c3)cc(N3CCN(C)CC3)c2)cn1,,,5.0,0.93553257
AUJYRPYGXGKVAW,Cc1cn(-c2cc(/C=C/C(=O)O)cc(NC(=O)c3ccc(C)c(Nc4nccc(-c5ccccc5)n4)c3)c2)cn1,,,5.0,0.5374318
WAMCWDPKWNPMHS,Cc1cn(-c2cc(CCC(=O)O)cc(NC(=O)c3ccc(C)c(Nc4nccc(-c5ccccc5)n4)c3)c2)cn1,,,5.0,0.44394448
YITOZDQLAMEHRT,Cc1cn(-c2cc(CCS(N)(=O)=O)cc(NC(=O)c3ccc(C)c(Nc4nccc(-c5ccccc5)n4)c3)c2)cn1,,,5.0,0.38210493
WLUSXUZDBARSRE,CCCCc1cc(NC(=O)c2ccc(C)c(Nc3nccc(-c4ccccc4)n3)c2)cc(-n2cnc(C)c2)c1,,,5.0,0.3415072
SUNSLACFIOGRFF,Cc1cn(-c2cc(CN3CCC[C@H](N)C3)cc(NC(=O)c3ccc(C)c(Oc4ccccc4)c3)c2)cn1,,,5.0,0.9590646
SQLOTYNZUHXWAS,Cc1cn(-c2cc(NC(=O)c3ccc(C)c(C(=O)c4cccc(C#N)c4)c3)cc(N3CCN(C)CC3)c2)cn1,,,5.0,0.9962286
GFKHNUHEUMXRLU,Cc1ccc(C(=O)Nc2cc(N3CCN(C)CC3)cc(-n3cnc(C)c3)c2)cc1,,,5.0,0.9957664
ZPPJQUHJUSSFKP,Cc1cn(-c2cc(NC(=O)c3ccc(C)c(Oc4ccccc4)c3)cc(C(F)(F)F)c2)cn1,,,5.0,0.43570864
