skel,smi,chembl,pAct_exact,pAct_any,pred
MEKWNZCOSWXFOA,COC[C@@H](O)Cn1cc(-c2ccn3ncc(C(=O)Nc4cc(-c5nnn(C6CC6)n5)ccc4C)c3c2)c(C2CC2)n1,,10.0,10.0,0.3220283
SBVUGDWDGRMYEN,Cc1nn(C[C@H](O)CO)c(C)c1-c1ccn2ncc(C(=O)Nc3cc(-c4nnn(C5CC5)n4)ccc3Cl)c2c1,,10.0,10.0,0.50685245
ANRKPCZFSOFXLX,COC[C@@H](O)Cn1cc(-c2ccn3ncc(C(=O)Nc4cc(-c5nnn(C6CC6)n5)ccc4Cl)c3c2)c(C)n1,,9.698970004336019,9.698970004336019,0.38043725
WJGOEEZWMQHHJR,Cc1cc(F)c(-c2nnn(C3CC3)n2)cc1NC(=O)c1cnn2ccc(-c3cn(CC(C)(C)O)nc3C3CC3)cc12,,9.698970004336019,9.698970004336019,0.47938454
IKIRULHTTZDTJF,CCn1nnc(-c2cc(NC(=O)c3cnn4ccc(-c5cn(C[C@H](O)COC)nc5C)cc34)c(Cl)cc2F)n1,,9.698970004336019,9.698970004336019,0.22705014
RRLHQRLKVLWBPK,Cc1nn(CCO)cc1-c1ccn2ncc(C(=O)Nc3cc(-c4nnn(C5CC5)n4)ccc3Cl)c2c1,,9.698970004336019,9.698970004336019,0.7656412
ICHNONSQDVXSDN,Cc1nn(C[C@H](C)O)cc1-c1ccn2ncc(C(=O)Nc3cc(-c4nnn(C5CC5)n4)c(F)cc3Cl)c2c1,,9.698970004336019,9.698970004336019,0.45472753
IKNZABOYOGXEHS,C[C@@H](CO)n1cc(-c2cc3c(N4CCN(c5ncc([C@@](C)(N)c6ccc(F)cc6)cn5)CC4)ncnn3c2)cn1,,,8.761439372640169,0.9082337
PRMSOOZEXLRLKJ,C[C@](N)(c1ccc(F)cc1)c1cnc(N2CCN(c3ncnn4cc(-c5cnn(C6COC6)c5)cc34)CC2)nc1,,7.903089986991944,8.71298436613614,0.11423104
ZNRLUMAQXXGHLH,C[C@](N)(c1ccc(F)cc1)c1cnc(N2CCN(c3ncnn4cc(-c5cnn(CC6COC6)c5)cc34)CC2)nc1,,,8.346787486224656,0.79817206
OPOILSUUPUWPEK,C[C@H](O)Cn1cc(-c2cc3c(N4CCN(c5ncc([C@@](C)(N)c6ccc(F)cc6)cn5)CC4)ncnn3c2)cn1,,,8.761439372640169,0.84599185
OXIZCDPKSYEEGL,Cc1cc(F)c(-c2nnn(C3CC3)n2)cc1NC(=O)c1cnn2ccc(-c3cn(C[C@@H](C)O)nc3C)cc12,,9.41195437047216,9.41195437047216,0.6394867
IPMARPMXSFFZFG,C[C@](N)(c1ccc(F)cc1)c1cnc(N2CCN(c3ncnn4cc(-c5cnn(CCO)c5)cc34)CC2)nc1,,7.425968732272281,8.47442373877631,0.8976663
JUPUXYZMVBFXPK,CCn1cc(-c2cc3c(N4CCN(c5ncc([C@@](C)(N)c6ccc(F)cc6)cn5)CC4)ncnn3c2)cn1,,7.591465341792993,9.0,0.92803854
LAQVMDGIMOANGR,C[C@@H](CO)n1cc(-c2cc3c(N)ncnn3c2)cn1,,,8.761439372640169,0.040891435
ASTMKBTYHRFVMB,C[C@](N)(c1ccc(F)cc1)c1cnc(N2CCN(c3ncnn4cc(-c5cnn([C@@H]6CCOC6)c5)cc34)CC2)nc1,,,8.761439372640169,0.21074842
JRKMFVLQIZPYSK,Nc1ncnn2cc(-c3cnn(CCO)c3)cc12,,7.756961951313706,8.639920348297021,0.031162627
RZRKZPNDSMQAAC,C[C@](N)(c1ccc(F)cc1)c1cnc(N2CCN(c3ncnn4cc(-c5cnn(C6CCOCC6)c5)cc34)CC2)nc1,,,8.761439372640169,0.25807318
RKFQZCREKAQHDS,C[C@@H](O)Cn1cc(-c2cc3c(N)ncnn3c2)cn1,,,8.761439372640169,0.019392245
BLLAWEQQWJMFSV,Cc1cc(F)c(-c2nnn(C3CC3)n2)cc1NC(=O)c1cnn2ccc(-c3cn(CC(C)(C)O)nc3C)cc12,,9.522878745280337,9.522878745280337,0.55581695
BNLMIPNMVOZMCF,CC(C)(O)Cn1cc(-c2cc3c(N)ncnn3c2)cn1,,,8.761439372640169,0.04831099
HTSXPGZYHWSIKE,C[C@](N)(c1ccc(F)cc1)c1cnc(N2CCN(c3ncnn4cc(-c5cnn(C6CC(O)C6)c5)cc34)CC2)nc1,,9.187086643357144,8.593543321678572,0.824357
FYXLQAOYYVZSSW,C[C@](N)(c1ccc(F)cc1)c1cnc(N2CCN(c3ncnn4cc(-c5cnn(CC6(O)CC6)c5)cc34)CC2)nc1,,,8.761439372640169,0.9598017
GKGYPYUUAKEOMQ,C[C@](N)(c1ccc(F)cc1)c1cnc(N2CCN(c3ncnn4cc(-c5cnn([C@@H]6CC[C@H]6O)c5)cc34)CC2)nc1,,9.187086643357144,8.593543321678572,0.72320676
INYIPDJFDYYZIC,Cc1nn(C(CO)CO)c(C)c1-c1ccn2ncc(C(=O)Nc3cc(-c4nnn(C5CC5)n4)ccc3Cl)c2c1,,9.522878745280337,9.522878745280337,0.7270961
NEEKXCBKYSNINO,Cc1nn(C[C@H](C)O)cc1-c1ccn2ncc(C(=O)Nc3cc(-c4nnn(C5CC5)n4)ccc3Cl)c2c1,,9.522878745280337,9.522878745280337,0.63179487
HMYJSCYJCHQIGS,COCCNc1ccn2ncc(C(=O)Nc3cc(-c4nnn(C[C@H]5CC5(F)F)n4)ccc3C)c2c1,,8.606624288927218,8.606624288927218,0.91034794
QDQWABJADWJFOB,Cc1ccc(-c2nnn(C3CC3)n2)cc1NC(=O)c1cnn2ccc(-c3cnn(CCCN4CCOCC4)c3)cc12,,8.744727494896694,8.744727494896694,0.8591123
AWUYNFBMJGQUJS,Cc1ccc(-c2nnn(C3CC(F)(F)C3)n2)cc1NC(=O)c1cnn2ccc(N3CC(O)C3)cc12,,8.744727494896694,8.744727494896694,0.9196758
RDYIUASLMABUDM,Cc1ccc(-c2nnn(CC[C@@](C)(O)C(F)(F)F)n2)cc1NC(=O)c1cnn2ccccc12,,8.744727494896694,8.744727494896694,0.88164157
FMMBRLDVHFXNQD,Cc1cc(Cl)c(NC(=O)c2cnn3ccc(-c4cnn(CC(C)(C)O)c4)cc23)cc1-c1nnn(C2CC2)n1,,8.721246399047171,8.721246399047171,0.50780743
LCTLKUSJZUKMTN,O=C(Nc1cc(-c2nnn(CCOCC(F)(F)F)n2)ccc1Cl)c1cnn2ccccc12,,8.721246399047171,8.721246399047171,0.8229977
RDCSFKPLLCCMQM,O=C(NC1CC1)c1ccc(Nc2ncc(C(F)(F)F)c(NCC3CCNCC3)n2)cn1,,,8.698970004336019,0.9472801
NLWZWKTYUUNGJA,Cc1ccc(-c2nnn([C@H]3C[C@H](C(F)(F)F)C3)n2)cc1NC(=O)c1cnn2ccccc12,,8.631403678647631,8.631403678647631,0.85367966
WXYMPBAANFTNQL,c1ccn2c(-c3cc(NCc4ccc(-n5cccn5)cc4)ncn3)cnc2c1,,8.657577319177793,8.657577319177793,0.029142141
PWVLANQLSSFMPA,COCCN1CCC(COc2ccn3c(-c4cc(NCc5ccc(-c6cnn(C)n6)cc5)ncn4)cnc3c2)CC1,,8.657577319177793,8.657577319177793,0.69707376
DFPVGZYGUOPRDB,Cc1ccc(-n2nnc([C@@H]3CC3(F)F)n2)cc1NC(=O)c1cnn2ccc(-c3cnn(CCO)c3)cc12,,8.621301985603488,8.621301985603488,0.98091954
SDHNMHVJSDOZFX,O=C(Nc1cc(-c2nnn(CC3CC3(F)F)n2)ccc1Cl)c1cnn2ccccc12,,8.638272163982407,8.638272163982407,0.8954594
VZQDVLAKDURFFW,Cc1ccc(-c2noc([C@H]3C[C@@H]3F)n2)cc1NC(=O)c1cnn2cc(F)ccc12,,6.259637310505756,6.259637310505756,0.9364328
NCCKZZSNASGKLB,Cc1ccc(-c2noc([C@H]3C[C@@H]3F)n2)cc1NC(=O)c1cnn2ccc(-c3c(C)nc(N4CC(F)(F)C4)nc3C)cc12,,6.259637310505756,6.259637310505756,0.94045967
AFEPCVPBYICKPZ,Cc1ccc(-c2noc([C@H]3C[C@@H]3F)n2)cc1NC(=O)c1cnn2ccc(-c3c(C)nc(N4CC5(COC5)C4)nc3C)cc12,,6.259637310505756,6.259637310505756,0.9728448
OKJBWWUMZATREJ,CNc1nc(C)c(-c2ccn3ncc(C(=O)Nc4cc(-c5noc([C@H]6C[C@@H]6F)n5)ccc4C)c3c2)c(C)n1,,6.259637310505756,6.259637310505756,0.9364419
ZPNDIHHOYXMGRS,Cc1ccc(-c2noc([C@H]3C[C@@H]3F)n2)cc1NC(=O)c1cnn2ccc(-c3c(C)nc(N4CCC4)nc3C)cc12,,6.259637310505756,6.259637310505756,0.92040783
ALTOOHNFWWLBNT,Cc1ncc(C(=O)Nc2cc(C(=O)NCCCN3CCOCC3)c(F)cc2C)s1,,6.259637310505756,6.259637310505756,0.95882267
ULUXIJCPJFQDTA,Cc1cc(F)c(C(=O)Nc2ccc(OC3CC3)cn2)cc1NC(=O)c1cnc(C2CC2)s1,,6.259637310505756,6.259637310505756,0.9628943
DSXUCYVOBJLFNW,Cc1ccc(-c2noc([C@H]3C[C@@H]3F)n2)cc1NC(=O)c1cnn2ccc(-c3cc(C(F)(F)F)nn3C)cc12,,6.259637310505756,6.259637310505756,0.94979197
NVLAWTCHJRZOCE,COC(=O)N1CC(c2nc(-c3cnc(C)c(NC(=O)c4cnn5cc(-c6cn(C(F)F)nn6)ccc45)c3)no2)C1,,6.259637310505756,6.259637310505756,0.8571724
MKOUFEDSFIKEFE,Cc1ncc(C(=O)Nc2cc(C(=O)NCc3ccccc3F)c(F)cc2C)s1,,6.259637310505756,6.259637310505756,0.965181
MQCSLRZHNREMLN,Cc1ncc(C(=O)Nc2cc(C(=O)Nc3cnc(C(F)F)cn3)c(F)cc2C)s1,,6.259637310505756,6.259637310505756,0.92153126
KCHNHIODODZHMN,Cc1ccc(-c2noc([C@H]3C[C@@H](OC(F)(F)F)C3)n2)cc1NC(=O)c1cnn2ccc(-c3c(C)nc(N)nc3C)cc12,,6.259637310505756,6.259637310505756,0.9110308
NTKLUFGVZMHMBT,Cc1ccc(-c2noc([C@H]3C[C@@H]3F)n2)cc1NC(=O)c1cnn2ccc(-c3c(C)nc(Cl)nc3C)cc12,,6.259637310505756,6.259637310505756,0.90484244
OZPIIJAFBPQQIM,Cc1nc(C)c(-c2ccn3ncc(C(=O)Nc4cc(-c5noc([C@H]6C[C@@H](OC(F)(F)F)C6)n5)ccc4C)c3c2)c(C)n1,,6.259637310505756,6.259637310505756,0.9377418
IPXZJBTVKWHKAM,Cc1ccc(-c2noc([C@H]3C[C@@H]3F)n2)cc1NC(=O)c1cnn2ccc(-c3c(C)nc(N)nc3C)cc12,,6.259637310505756,6.259637310505756,0.89683795
YROQHDXTCJFBJL,Cc1nc(C)c(-c2ccn3ncc(C(=O)Nc4cc(-c5noc([C@H]6C[C@@H]6F)n5)ccc4C)c3c2)c(C)n1,,6.259637310505756,6.259637310505756,0.93195724
VMVSEDFKUZUPGQ,Cc1ccc(-c2noc(C34COC(C)(C3)C4)n2)cc1NC(=O)c1cnn2ccc(N3CC4(COC4)C3)cc12,,6.259637310505756,6.259637310505756,0.90878105
BZIPVRIUOPSVBS,Cc1ccc(-c2noc([C@H]3C[C@@H]3F)n2)cc1NC(=O)c1cnn2ccc(N3CC(CO)(C(=O)O)C3)cc12,,6.259637310505756,6.259637310505756,0.8785685
JKLGRRSSUBIYJR,Cc1ccc(-c2noc([C@H]3C[C@@H]3F)n2)cc1NC(=O)c1cnn2ccc(NCC3(C(=O)O)COC3)cc12,,6.259637310505756,6.259637310505756,0.7122406
NRQZYZAUOGYLIE,Cc1ncc(-c2noc([C@@H]3CN(C(=O)C(C)(F)F)[C@H]3C)n2)cc1NC(=O)c1cnn2ccc(N3CC4(C3)CC(O)(C(F)F)C4)cc12,,6.259637310505756,6.259637310505756,0.98235637
SLPPEPBCXAAHSV,COC(=O)N1C[C@H](c2nc(-c3cnc(C)c(NC(=O)c4cnn5ccc(N6CC7(C6)CC(O)(C(F)F)C7)cc45)c3)no2)[C@H]1C,,6.259637310505756,6.259637310505756,0.9823621
QRISMWBSESQDEL,Cc1ncc(C(=O)Nc2cc(C(=O)NCC3(F)CCC3)c(F)cc2C)s1,,6.259637310505756,6.259637310505756,0.9904108
BPPUOMWBZNNUIL,Cc1ncc(-c2noc([C@@H]3CN(C(=O)C4(F)CC4)[C@H]3C)n2)cc1NC(=O)c1cnn2ccc(N3CC4(C3)CC(O)(C(F)F)C4)cc12,,6.259637310505756,6.259637310505756,0.9816257
IGCWPHWMLGJAOO,Cc1ncc(-c2noc([C@H]3CN(CC(F)(F)F)[C@@H]3C)n2)cc1NC(=O)c1cnn2ccc(N3CC4(C3)CC(O)(C(F)F)C4)cc12,,6.259637310505756,6.629818655252878,0.9943336
OHUMOUFELAUMRD,Cc1ccc(-c2noc([C@H]3CC3(F)F)n2)cc1NC(=O)c1cnn2ccc(N3CC4(COC4)C3)cc12,,6.259637310505756,6.259637310505756,0.9749815
RYUOSAHKURPSQC,CC(=O)Nc1nc(C)c(-c2ccn3ncc(C(=O)Nc4cc(-c5noc([C@H]6C[C@@H]6F)n5)ccc4C)c3c2)c(C)n1,,6.259637310505756,6.259637310505756,0.8773583
LVMXPYPMMGSXKU,Cc1ccc(-c2noc([C@H]3C[C@@H]3F)n2)cc1NC(=O)c1cnn2ccc(NCC3(C(=O)OC(C)(C)C)COC3)cc12,,6.259637310505756,6.259637310505756,0.81720823
JHIOWGLIKDIXDE,Cc1ccc(-c2noc([C@H]3C[C@@H]3F)n2)cc1NC(=O)c1cnn2ccc(N3CCN(C(=O)OC(C)(C)C)[C@H](C)C3)cc12,,6.259637310505756,6.259637310505756,0.7790025
CWRJIEZCXZIYMN,Cc1ncc(-c2noc([C@H]3C[C@](O)(C(F)F)C3)n2)cc1CC(=O)c1cnn2ccc(N3CC4(C3)CC(O)(CC(F)F)C4)cc12,,6.259637310505756,6.259637310505756,0.97364205
FKYLMPXMPGFRED,Cc1ncc(-c2noc([C@H]3C[C@](O)(C(F)(F)F)C3)n2)cc1CC(=O)c1cnn2ccc(N3CC4(C3)CC(O)(CC(F)F)C4)cc12,,6.259637310505756,6.259637310505756,0.978101
DVBRNWGNEURPIQ,Cc1ccc(-c2noc(C3CN(C(=O)C4(F)CC4)C3)n2)cc1NC(=O)c1cnn2ccc(N3CC4(COC4)C3)cc12,,6.259637310505756,6.259637310505756,0.8014741
PQIAZCQNDJWFET,Cc1ccc(-c2noc(C3CN(C(=O)[C@H]4C[C@@H]4F)C3)n2)cc1CC(=O)c1cnn2ccc(N3CC4(C3)CC(O)(CC(F)F)C4)cc12,,6.259637310505756,6.259637310505756,0.6386822
UPVGLWPINDEQSA,Cc1ccc(-c2noc(C3CN(C(=O)[C@H]4C[C@@H]4F)C3)n2)cc1NC(=O)c1cnn2ccc(N3CC4(COC4)C3)cc12,,6.259637310505756,6.259637310505756,0.7599159
HVLXOCWDVLHTSU,Cc1ccc(-c2noc(C3CN(C(=O)C4CC4)C3)n2)cc1NC(=O)c1cnn2ccc(N3CC4(COC4)C3)cc12,,6.259637310505756,6.259637310505756,0.7983484
KGRNJCPDVHHUFY,Cc1ncc(C(=O)Nc2cc(C(=O)Nc3ccc(CC(F)(F)F)cn3)c(C)cc2C)s1,,6.259637310505756,6.259637310505756,0.90849984
CAPZHPZNXQDPRS,Cc1ncc(-c2noc([C@H]3C[C@@H](OC(F)F)C3)n2)cc1NC(=O)c1cnn2ccc(N3CC4(C3)CC(O)(C(F)(F)F)C4)cc12,,6.259637310505756,6.259637310505756,0.9938846
VKXPSPGXFLOYHE,CC(=O)N1CC(c2nc(-c3ccc(C)c(CC(=O)c4cnn5ccc(N6CC7(COC7)C6)cc45)c3)no2)C1,,6.259637310505756,6.259637310505756,0.7836765
BBDCMPBPHYXTOG,Cc1ncc(C(=O)Nc2cc(C(=O)Nc3ccn(C(F)F)n3)c(F)cc2C)s1,,6.259637310505756,6.259637310505756,0.97516894
UVVSCXXSAAPGMX,COC(=O)N1CC(Cc2nc(-c3ccc(C)c(CC(=O)c4cnn5ccc(N6CC7(COC7)C6)cc45)c3)no2)C1,,6.259637310505756,6.259637310505756,0.8370157
BZVSIXCGVPYBTN,O=C(Cc1cc(-c2noc([C@H]3C[C@@H]3F)n2)ccc1Cl)c1cnn2ccc(N3CC4(C3)CC(O)(CC(F)F)C4)cc12,,6.259637310505756,6.259637310505756,0.9083806
PVDIOXLESGQEND,Cc1ncc(-c2noc(C3CC(F)(F)C3)n2)cc1NC(=O)c1cnn2ccc(N3CC4(C3)CC(O)(C(F)F)C4)cc12,,6.259637310505756,6.259637310505756,0.9902968
JDTGPYAPQGPRET,Cc1ncc(-c2noc(C3CC(F)(F)C3)n2)cc1NC(=O)c1cnn2ccc(N3CC4(COC4)C3)cc12,,6.259637310505756,6.259637310505756,0.9810254
QSMHPELTRAZSJE,Cc1ncc(-c2noc([C@H]3C[C@H](C(F)(F)F)C3)n2)cc1NC(=O)c1cnn2ccc(N3CC4(COC4)C3)cc12,,6.259637310505756,6.259637310505756,0.98289293
HKAIDUSWMLPYJU,Cc1ncc(-c2noc([C@H]3C[C@@H]3F)n2)cc1NC(=O)c1cnn2ccc(N3CC4(C3)CC(O)(C(F)F)C4)cc12,,6.259637310505756,6.259637310505756,0.9912129
CRNURRCRVLFIOW,COC(=O)N1CC(c2nc(-c3cnc(C)c(NC(=O)c4cnn5ccc(N6CC7(COC7)C6)cc45)c3)no2)C1,,6.259637310505756,6.259637310505756,0.9678657
ZZPVUMNPXQSPRS,Cc1ncc(-c2nnn(C3CC(F)(F)C3)n2)cc1NC(=O)c1cnc2ccc(N3CC4(C3)CC(O)(C(F)F)C4)cn12,,6.259637310505756,6.259637310505756,0.9901822
XTXJPIUDURMZNS,Cc1ncc(-c2noc(C3C[C@H]3F)n2)cc1NC(=O)c1cnc2ccc(N3CC4(C3)CC(O)(C(F)F)C4)cn12,,6.259637310505756,6.259637310505756,0.99305373
DPOWFYUTUYUMQY,Cc1ccc(-c2noc(C3CN(C(=O)N(C)C4CC4)C3)n2)cc1NC(=O)c1cnn2ccc(N3CC4(COC4)C3)cc12,,6.259637310505756,6.259637310505756,0.8015536
BDZUHAAIWWVTLR,Cc1ccc(-c2noc(C3CN(C(=O)C(F)(F)F)C3)n2)cc1NC(=O)c1cnn2ccc(N3CC4(COC4)C3)cc12,,6.259637310505756,6.259637310505756,0.89774764
ORKVUMIPHVPQFS,Cc1sc(-c2noc([C@H]3C[C@@H]3F)n2)cc1NC(=O)c1cnc2ccccn12,,6.259637310505756,6.259637310505756,0.8180545
RWFBPBREHKKRQX,Cc1sc(-c2noc(C3CC(F)(F)C3)n2)cc1NC(=O)c1cnc2ccccn12,,6.259637310505756,6.259637310505756,0.89132196
YYGUMFCRDQCXFY,Cc1ncc(-c2noc(C3C[C@@H]3C(F)F)n2)cc1NC(=O)c1cnn2ccc(N3CC4(COC4)C3)cc12,,6.259637310505756,6.259637310505756,0.9841166
YGUGPSOTKOCVFJ,Cc1cc(F)c(-c2noc([C@H]3C[C@@H](OC(F)F)C3)n2)cc1NC(=O)c1cnn2ccc(N3CC4(COC4)C3)cc12,,6.259637310505756,6.259637310505756,0.93186283
LFMGDCYCEBYUDR,CC(=O)N1CCC(c2nc(-c3cnc(C)c(NC(=O)c4cnn5ccc(N6CC7(C6)CC(O)(C(F)F)C7)cc45)c3)no2)C1,,6.259637310505756,6.259637310505756,0.9853389
UYYKOPFRNNVJOF,Cc1ccc(-c2noc(N3CCOCC3)n2)cc1NC(=O)c1cnn2ccc(N3CC4(C3)CC(O)(C(F)F)C4)cc12,,6.259637310505756,6.259637310505756,0.9755492
NSFVBTDPDMXLAT,Cc1ccc(-c2noc(C3CCN(C(=O)[C@H]4C[C@@H]4F)CC3)n2)cc1NC(=O)c1cnn2ccc(N3CC4(C3)CC(O)(CC(F)F)C4)cc12,,6.259637310505756,6.259637310505756,0.8586862
GOIUCAYMUPBFSM,Cc1sc(-c2noc([C@H]3C[C@@H]3F)n2)cc1NC(=O)c1cnn2ccc(N3CC4(C3)CC(O)(CC(F)F)C4)cc12,,6.259637310505756,6.259637310505756,0.8421514
MZNNWYJRXAJLCA,Cc1ccc(-c2noc(C3CCN(C(=O)[C@H]4C[C@@H]4F)C3)n2)cc1NC(=O)c1cnn2ccc(N3CC4(C3)CC(O)(CC(F)F)C4)cc12,,6.259637310505756,6.259637310505756,0.83229196
AKSIUGODQIQDRA,Cc1ccc(-c2noc(C3CC4(C3)CN(C(=O)[C@H]3C[C@@H]3F)C4)n2)cc1NC(=O)c1cnn2ccc(N3CC4(C3)CC(O)(CC(F)F)C4)cc12,,6.259637310505756,6.259637310505756,0.68451095
NVPYPRGHROGMIQ,Cc1ncc(-c2noc(C3(F)CN(CC(F)F)C3)n2)cc1NC(=O)c1cnn2ccc(N3CC4(C3)CC(O)(C(F)F)C4)cc12,,6.259637310505756,6.259637310505756,0.9933596
VWFLBAPIQJPLNE,Cc1ccc(-c2noc(C3CC4(C3)CN(C(=O)[C@H]3C[C@@H]3F)C4)n2)cc1NC(=O)c1cnn2ccc(N3CC4(COC4)C3)cc12,,6.259637310505756,6.259637310505756,0.6462203
CRLPSHFATDHAQW,Cc1ncc(-c2noc(C3(F)CN(C(=O)C(C)(F)F)C3)n2)cc1NC(=O)c1cnn2ccc(N3CC4(C3)CC(O)(C(F)F)C4)cc12,,6.259637310505756,6.259637310505756,0.9792448
HSDNRYBHCGNMRU,Cc1ccc(-c2noc(N3CCOCC3)n2)cc1NC(=O)c1cnn2ccc(N3CC4(COC4)C3)cc12,,6.259637310505756,6.259637310505756,0.96146953
VXOLIZGTNFEIKB,Cc1ccc(-c2noc(N3CC(F)(F)C3)n2)cc1NC(=O)c1cnn2ccc(N3CC4(COC4)C3)cc12,,6.259637310505756,6.259637310505756,0.96329194
RXKBPEVBEXEVLD,Cc1ccc(-c2noc(C3CCN(C(=O)[C@H]4C[C@@H]4F)CC3)n2)cc1NC(=O)c1cnn2ccc(N3CC4(COC4)C3)cc12,,6.259637310505756,6.259637310505756,0.839417
WTISBSFBSSXFEK,Cc1ncc(C(=O)Nc2cc(C(=O)Nc3cnc(OCC4CC4)cn3)c(F)cc2C)s1,,6.259637310505756,6.259637310505756,0.9729402
TYFXYIJCHHKDHB,Cc1ccc(-c2noc(C3CCN(C(=O)[C@H]4C[C@@H]4F)C3)n2)cc1NC(=O)c1cnn2ccc(N3CC4(COC4)C3)cc12,,6.259637310505756,6.259637310505756,0.8113221
PRLRLIBIZNGVAM,Cc1ncc(-c2noc([C@H]3CC3(F)F)n2)cc1NC(=O)c1cnn2ccc(N3CC4(C3)CC(O)(C(F)F)C4)cc12,,6.259637310505756,6.259637310505756,0.99553066
GWLSTGJXBRPKBA,Cc1ncc(-c2noc(C3CN(CC(F)(F)F)C3)n2)cc1NC(=O)c1cnn2ccc(N3CC4(C3)CC(O)(C(F)F)C4)cc12,,6.259637310505756,6.259637310505756,0.9912238
JXYMAHREILJWMR,COC(=O)N1CC2(CC(c3nc(-c4ccc(C)c(NC(=O)c5cnn6ccc(N7CC8(COC8)C7)cc56)c4)no3)C2)C1,,6.259637310505756,6.259637310505756,0.8034088
ZIWPRSXHKMLKGR,Cc1sc(-c2noc(C3CN(C(=O)C4(F)CC4)C3)n2)cc1NC(=O)c1cnn2ccc(N3CC4(C3)CC(O)(C(F)F)C4)cc12,,6.259637310505756,6.259637310505756,0.6464497
CIJFFONBJVRUEC,Cc1ncc(-c2noc(C3CN(CC(F)F)C3)n2)cc1NC(=O)c1cnn2ccc(N3CC4(C3)CC(O)(C(F)F)C4)cc12,,6.259637310505756,6.259637310505756,0.98843145
OCWOXPCFCFFVSB,Cc1sc(-c2noc(C3CN(C(=O)[C@H]4C[C@@H]4F)C3)n2)cc1NC(=O)c1cnn2ccc(N3CC4(C3)CC(O)(C(F)F)C4)cc12,,6.259637310505756,6.259637310505756,0.56613827
JFGZVICAXQKGCL,Cc1sc(-c2noc(C3CN(C(=O)C4(F)CC4)C3)n2)cc1NC(=O)c1cnn2ccc(N3CC4(COC4)C3)cc12,,6.259637310505756,6.259637310505756,0.5265499
RVNOKZQIAALNHE,Cc1ncc(C(=O)Nc2cc(C(=O)Nc3ccnc(CC4CC4)n3)c(F)cc2C)s1,,6.259637310505756,6.259637310505756,0.977458
ONGCUUOJIIYSCY,Cc1ccc(-c2noc([C@H]3C[C@@H]3F)n2)cc1NC(=O)c1cnc(-c2ccc3c(c2)C2(CC2)C(=O)C3)o1,,6.259637310505756,6.259637310505756,0.98977554
XYBQIVCNBQSAQC,Cc1ccc(-c2noc([C@H]3C[C@@H]3F)n2)cc1NC(=O)c1cnc(-c2ccc3[nH]c(C#N)cc3c2)o1,,6.259637310505756,6.259637310505756,0.98893994
UPVHDAFPLYNUFN,Cc1ncc(C(=O)Nc2cc(C(=O)Nc3ccc(CC(F)(F)F)cn3)c(Cl)cc2C)s1,,6.259637310505756,6.259637310505756,0.9419103
LRLRVEWGQRLQGY,Cc1sc(-c2noc([C@H]3C[C@@H]3F)n2)cc1NC(=O)c1cnn2ccc(N3CC4(COC4)C3)cc12,,6.259637310505756,6.259637310505756,0.79525447
XMFZCTWBOMPEGI,O=C(Nc1cc(-c2noc([C@H]3C[C@@H]3F)n2)ccc1OC(F)(F)F)c1cnn2ccc(N3CC4(C3)CC(O)(C(F)F)C4)cc12,,6.259637310505756,6.259637310505756,0.9391806
VSFBAKUWSOJKTP,F[C@H]1C[C@@H]1c1nc(-c2ccc(OC(F)(F)F)c(NCc3cnn4ccc(N5CC6(COC6)C5)cc34)c2)no1,,6.259637310505756,6.259637310505756,0.74410266
UZDWETCJJDHRFY,Cc1sc(-c2noc([C@H]3C[C@@H](OC(F)(F)F)C3)n2)cc1NC(=O)c1cnn2ccc(N3CC4(COC4)C3)cc12,,6.259637310505756,6.259637310505756,0.9410137
CBFFDGMBRGOABU,O=C(Nc1cc(-c2noc(N3CC(F)(F)C3)n2)ccc1Cl)c1cnn2ccc(N3CC4(COC4)C3)cc12,,6.259637310505756,6.259637310505756,0.93064386
YJYQWERIDQAZTJ,Cc1ncc(-c2noc(N3CC(F)(F)C3)n2)cc1NC(=O)c1cnn2ccc(N3CC4(C3)CC(O)(C(F)F)C4)cc12,,6.259637310505756,6.259637310505756,0.99495184
VULHFNWHHGXQOE,Cc1sc(-c2noc(C3CN(C(=O)C4CC4)C3)n2)cc1NC(=O)c1cnn2ccc(N3CC4(C3)CC(O)(CC(F)F)C4)cc12,,6.259637310505756,6.259637310505756,0.5926748
CPEQORMKTMFYGG,O=C(Nc1cc(-c2noc(N3CC(F)(F)C3)n2)ccc1Cl)c1cnn2ccc(N3CC4(C3)CC(O)(C(F)F)C4)cc12,,6.259637310505756,6.259637310505756,0.9590727
VLKJLZDFBFKWFG,Cc1ncc(-c2noc(N3CC(F)(F)C3)n2)cc1NC(=O)c1cnn2ccc(N3CC4(COC4)C3)cc12,,6.259637310505756,6.259637310505756,0.99041384
JEWWTCSXZGQGGH,Cc1ccc(-c2noc([C@H]3C[C@@H]3F)n2)cc1NC(=O)c1cnc(-c2ccc3cn(C)nc3c2)o1,,6.259637310505756,6.259637310505756,0.97396845
HAFQDRIRKVMNNM,CNS(=O)(=O)c1cccc(-c2ncc(C(=O)Nc3cc(-c4noc([C@H]5C[C@@H]5F)n4)ccc3C)o2)c1,,6.259637310505756,6.259637310505756,0.87160873
DHVUXTVVHFYNCO,Cc1ccc(-c2noc([C@H]3C[C@@H]3F)n2)cc1NC(=O)c1cnc(-c2cccc(NS(C)(=O)=O)c2)o1,,6.259637310505756,6.259637310505756,0.89926267
PJHNPLIMHWBMOV,Cc1ccc(-c2noc([C@H]3C[C@@H]3F)n2)cc1NC(=O)c1cnc(-c2ccc3c(c2)OC(C)(C)C(=O)N3)o1,,6.259637310505756,6.259637310505756,0.83928156
LKQVPCVNIKQNOF,Cc1ccc(-c2noc([C@H]3C[C@@H]3F)n2)cc1NC(=O)c1cnc(-c2ccc3nc[nH]c3c2)o1,,6.259637310505756,6.259637310505756,0.93781793
BIOQWLGPAXGYCN,Cc1ccc(-c2noc([C@H]3C[C@@H]3F)n2)cc1NC(=O)c1cnc(-c2ccc3c(c2)C(C)(C)C(=O)N3)o1,,6.259637310505756,6.259637310505756,0.9377074
GXUCUWRCPCTMSK,Cc1ccc(-c2noc([C@H]3C[C@@H]3F)n2)cc1NC(=O)c1cnc(-c2cccc3nc[nH]c23)o1,,6.259637310505756,6.259637310505756,0.8810532
HSOZDJZGUIQGBI,Cc1ccc(-c2noc([C@H]3C[C@@H]3F)n2)cc1NC(=O)c1cnc(-c2ccc3c(c2)oc(=O)n3C)o1,,6.259637310505756,6.259637310505756,0.9836283
ZGXFQTNTGKCLIB,Cc1ccc(-c2noc([C@H]3C[C@@H]3F)n2)cc1NC(=O)c1cnc(-c2cccc3[nH]c(=O)[nH]c23)o1,,6.259637310505756,6.259637310505756,0.9543708
HTOSZMCPTYFFME,Cc1ccc(-c2noc([C@H]3C[C@@H]3F)n2)cc1NC(=O)c1cnc(-c2ccc3c(c2)CCC(=O)C3)o1,,6.259637310505756,6.259637310505756,0.68208754
UAMTWWRGFUSNFE,Cc1ccc(-c2noc([C@H]3C[C@@H]3F)n2)cc1NC(=O)c1cnc(-c2ccc(-c3cnn(C)c3)cc2)o1,,6.259637310505756,6.259637310505756,0.94846517
FXAKIOCPMZRIIE,Cc1cc(F)c(-c2noc([C@H]3C[C@@H]3F)n2)cc1NC(=O)c1cnc(-c2ccc3c(c2)C=NC3)o1,,6.259637310505756,6.259637310505756,0.9342948
AIUKCNJIOVFYBQ,Cc1ccc(-c2noc([C@H]3C[C@@H]3F)n2)cc1NC(=O)c1cnc(-c2ccc3c(c2)C2(CCNCC2)C(=O)C3)o1,,6.259637310505756,6.259637310505756,0.98250085
ACABJDCJTPZBRT,Cc1ccc(-c2noc([C@H]3C[C@@H]3F)n2)cc1NC(=O)c1cnc(-c2ccc(NS(C)(=O)=O)cc2)o1,,6.259637310505756,6.259637310505756,0.8876904
XDPZLQKRPAMMTF,CC(=O)Cc1ccc(-c2ncc(C(=O)Nc3cc(-c4noc([C@H]5C[C@@H]5F)n4)ccc3C)o2)cc1,,6.259637310505756,6.259637310505756,0.9035207
UHIXPKPXYGGPKY,Cc1ccc(-c2noc([C@H]3C[C@@H]3F)n2)cc1NC(=O)c1cnc(-c2ccc3nccn3c2)o1,,6.259637310505756,6.259637310505756,0.9381867
XUOHKJJLJHOLOI,Cc1ccc(-c2noc(C3CN(C(=O)OC4CC4)C3)n2)cc1NC(=O)c1cnc(-c2ccc3c(c2)NC(=O)C3)o1,,6.259637310505756,6.259637310505756,0.45902017
WSTRNHIHRAKRDN,Cc1ccc(-c2noc([C@H]3C[C@@H]3F)n2)cc1NC(=O)c1cnc(-c2ccc3c(c2)C(C)C(=O)N3)o1,,6.259637310505756,6.259637310505756,0.95852506
DFCXFQOWYGKHBT,Cc1ccc(-c2noc(C3CN(C(=O)OC(C)C)C3)n2)cc1NC(=O)c1cnc(-c2ccc3c(c2)NC(=O)C3)o1,,6.259637310505756,6.259637310505756,0.61868054
OCAHAULUEGPYED,COC(=O)N1CC(c2nc(-c3cc(NC(=O)c4cnc(-c5ccc6c(c5)NC(=O)C6)o4)c(C)cc3F)no2)C1,,6.259637310505756,6.259637310505756,0.47336167
LHRXEHIDBMFDKR,Cc1ncc(-c2nnn(C)n2)cc1NC(=O)c1cnn2ccc(N3CC4(C3)CC(O)(C(F)F)C4)cc12,,6.259637310505756,6.259637310505756,0.99825317
TYZHEFSCZDUVSZ,Cc1ncc(-c2nnn(C3CC(F)(F)C3)n2)cc1NC(=O)c1cnn2ccc(N3CC4(C3)CC(O)(C(F)F)C4)cc12,,6.259637310505756,6.259637310505756,0.98921657
UKCKVUOBCPVEOL,Cc1ccc(-c2noc([C@H]3C[C@@H]3F)n2)cc1NC(=O)c1cnc(-c2ccc(NC(N)=O)cc2)o1,,6.259637310505756,6.259637310505756,0.90963596
LYWDPEOKJOMHRO,COC(=O)Nc1ccc(-c2ncc(C(=O)Nc3cc(-c4noc([C@H]5C[C@@H]5F)n4)ccc3C)o2)cc1,,6.259637310505756,6.259637310505756,0.9433848
FDAKSSQJOIDQAC,Cc1ccc(-c2noc([C@H]3C[C@@H]3F)n2)cc1NC(=O)c1cnc(-c2ccc3nnn(C)c3c2)o1,,6.259637310505756,6.259637310505756,0.9719319
SEVYXFGHWFMROL,Cc1ccc(-c2noc([C@H]3C[C@@H]3F)n2)cc1NC(=O)c1cnc(-c2ccc(F)c3[nH]ncc23)o1,,6.259637310505756,6.259637310505756,0.9497671
WRBQUZUKONPIII,Cc1cc(F)c(C(=O)Nc2ccc(OC3CC3)cn2)cc1NC(=O)c1cnc(NC(=O)C(C)(C)O)s1,,6.259637310505756,6.259637310505756,0.96672195
UBNUAELNXWBFRP,Cc1ccc(-c2noc([C@H]3C[C@@H]3F)n2)cc1NC(=O)c1cnc(-c2cccc3cc[nH]c23)o1,,6.259637310505756,6.259637310505756,0.88666743
BHVLHRYZAHGXTQ,Cc1ccc(-c2noc([C@H]3C[C@@H]3F)n2)cc1NC(=O)c1cnc(-c2ccc(F)c3[nH]ccc23)o1,,6.259637310505756,6.259637310505756,0.87823564
KILBCACMQJNQTN,Cc1ccc(-c2noc([C@H]3C[C@@H]3F)n2)cc1NC(=O)c1cnc(-c2ccc3c(c2)CC(=O)N3C)o1,,6.259637310505756,6.259637310505756,0.79505473
XHEYNPHJQXLSOP,Cc1ccc(-c2noc([C@H]3C[C@@H]3F)n2)cc1NC(=O)c1cnc(-c2ccc3[nH]c4c(c3c2)CCN(C(=O)OC(C)(C)C)C4)o1,,6.259637310505756,6.259637310505756,0.33568937
RGWAEYHEOCMGEN,Cc1ccc(-c2noc([C@H]3C[C@@H]3F)n2)cc1NC(=O)c1cnc(-c2ccc3c(c2)O[C@@H](C)CN3)o1,,6.259637310505756,6.259637310505756,0.8040776
OOQJMPOGIKAZPT,Cc1ccc(-c2noc([C@H]3C[C@@H]3F)n2)cc1NC(=O)c1cnc(-c2ccc3c(c2)NC(=O)CO3)o1,,6.259637310505756,6.259637310505756,0.73099613
BGBKMNNWGOHVEY,Cc1ccc(-c2noc([C@H]3C[C@@H]3F)n2)cc1NC(=O)c1cnc(-c2ccc3c(c2)OC(F)(F)O3)o1,,6.259637310505756,6.259637310505756,0.9644073
DNEYXTSZVBEKDF,Cc1ncc(-c2ncc(C(F)(F)F)cn2)cc1NC(=O)c1cnn2ccc(N3CC4(C3)CC(O)(CC(F)F)C4)cc12,,6.259637310505756,6.259637310505756,0.99610823
UVKKIQWTGSHYRW,Cc1ncc(-c2ncc(C(F)F)cn2)cc1NC(=O)c1cnn2ccc(N3CC4(C3)CC(O)(CC(F)F)C4)cc12,,6.259637310505756,6.259637310505756,0.99498475
KUOFXAZIJXGCHF,COC(=O)N1CCn2nc(-c3ccc(C)c(NC(=O)c4cnn5ccc(N6CC7(C6)CC(O)(C(F)F)C7)cc45)c3)nc2C1,,6.259637310505756,6.259637310505756,0.23068464
KETCWWZUQHCISV,Cc1ccc(-c2nc3n(n2)CCN(CC(F)(F)F)C3)cc1NC(=O)c1cnn2ccc(N3CC4(C3)CC(O)(C(F)F)C4)cc12,,6.259637310505756,6.259637310505756,0.4112576
LCGROIPBDFCZSO,Cc1ccc(-c2nc3n(n2)CCN(C(=O)C2CC2)C3)cc1NC(=O)c1cnn2ccc(N3CC4(C3)CC(O)(C(F)F)C4)cc12,,6.259637310505756,6.259637310505756,0.19724272
SHEHSCHOYSZCNE,Cc1ccc(-c2ncc(C(F)(F)F)cn2)cc1NC(=O)c1cnn2ccc(N3CC4(COC4)C3)cc12,,6.259637310505756,6.259637310505756,0.9923624
IMMWUZQVCKBPOF,Cc1ccc(-c2nccc(C3CC3)n2)cc1NC(=O)c1cnn2ccc(N3CC4(COC4)C3)cc12,,6.259637310505756,6.259637310505756,0.91075647
IWRNDHXRHAFHPK,Cc1ncc(-c2ccc(OC(F)(F)F)cn2)cc1NC(=O)c1cnn2ccc(N3CC4(COC4)C3)cc12,,6.259637310505756,6.259637310505756,0.99783957
GQIJPHTWKBWTAI,Cc1ncc(-c2ccc(OC(F)F)nc2)cc1NC(=O)c1cnn2ccc(N3CC4(COC4)C3)cc12,,6.259637310505756,6.259637310505756,0.9935056
MGSOECANWXZPOK,Cc1ncc(-c2ccc(OC(F)F)cn2)cc1NC(=O)c1cnn2ccc(N3CC4(C3)CC(O)(CC(F)F)C4)cc12,,6.259637310505756,6.259637310505756,0.99434966
XSAPMNQDYOXPGC,Cc1ncc(-c2nnn(C3CN(C(=O)C4CC4)C3)n2)cc1NC(=O)c1cnn2ccc(N3CC4(C3)CC(O)(C(F)F)C4)cc12,,6.259637310505756,6.259637310505756,0.96126074
WKBADKFAQSNZJP,Cc1ncc(-c2ncc(OC(F)(F)F)cn2)cc1NC(=O)c1cnn2ccc(N3CC4(C3)CC(O)(C(F)F)C4)cc12,,6.259637310505756,6.259637310505756,0.999038
UANVPRSZGZEOBQ,Cc1ncc(-c2nnn(CC3CC3)n2)cc1NC(=O)c1cnn2ccc(N3CC4(C3)CC(O)(C(F)F)C4)cc12,,6.259637310505756,6.259637310505756,0.99390817
FEOHQLVMZJNIOY,Cc1ccc(-c2nc3n(n2)CCCC3)cc1NC(=O)c1cnn2ccc(N3CC4(C3)CC(O)(C(F)F)C4)cc12,,6.259637310505756,6.259637310505756,0.3385805
JHSHYYZPJRBPCA,Cc1ncc(-c2ncc(OC(F)F)cn2)cc1NC(=O)c1cnn2ccc(N3CC4(C3)CC(O)(C(F)F)C4)cc12,,6.259637310505756,6.259637310505756,0.9972652
AWBREANJGOLHOU,Cc1ncc(-c2ncc(C3CC3)cn2)cc1NC(=O)c1cnn2ccc(N3CC4(C3)CC(O)(C(F)F)C4)cc12,,6.259637310505756,6.259637310505756,0.9417258
HZRFLRBHGLCEPS,Cc1ccc(-c2ncc(OC(F)(F)F)cn2)cc1NC(=O)c1cnc(-c2ccc3c(c2)CC(=O)N3)o1,,6.259637310505756,6.259637310505756,0.65397877
BDQQXNBIOIVTJF,Cc1ncc(-c2ncc(C3CC3)cn2)cc1NC(=O)c1cnc(-c2ccc3c(c2)CC(=O)N3)o1,,6.259637310505756,6.259637310505756,0.1448918
FEGMPAYZMKWWSD,Cc1ccc(-c2ncc(OC(F)F)cn2)cc1NC(=O)c1cnc(-c2ccc3c(c2)CC(=O)N3)o1,,6.259637310505756,6.259637310505756,0.58390594
DKJODWFETVMYCG,Cc1ncc(-c2ccc(C3CC3)cn2)cc1NC(=O)c1cnn2ccc(N3CC4(COC4)C3)cc12,,6.259637310505756,6.259637310505756,0.94894433
GRMVVNZGQJFNLM,Cc1cc(F)c(C(=O)N[C@H]2C[C@@H](C(N)=O)C2)cc1NC(=O)c1cnc(N)s1,,6.259637310505756,6.259637310505756,0.95905405
QQPMMWSGALIZSY,Cc1sc(-c2cnc(C3CC3)nc2)cc1NC(=O)c1cnn2ccc(N3CC4(C3)CC(O)(CC(F)F)C4)cc12,,6.259637310505756,6.259637310505756,0.7244111
MAJKRDUFOSXSRB,Cc1ccc(-c2ncc(OC(F)(F)F)cn2)cc1NC(=O)c1cnn2ccc(-c3c(C)nc(N)nc3C)cc12,,6.259637310505756,6.259637310505756,0.7877678
BEBSJIJVJTWAKE,Cc1ccc(-c2ncc(C3CC3)cn2)cc1NC(=O)c1cnn2ccc(-c3c(C)nc(N)nc3C)cc12,,6.259637310505756,6.259637310505756,0.58502066
HQGLGKSYPZTURU,Cc1ncc(-c2ncc(OC(F)F)cn2)cc1NC(=O)c1cnc(-c2ccc3c(c2)CC(=O)N3)o1,,6.259637310505756,6.259637310505756,0.41796422
GRUIZQFVHAFHQI,Cc1ccc(-c2ncc(C(F)F)cn2)cc1NC(=O)c1cnn2ccc(N3CC4(COC4)C3)cc12,,6.259637310505756,6.259637310505756,0.9876007
NTCJNCVKMOGSFT,Cc1ccc(-c2ncc(OC(F)F)cn2)cc1NC(=O)c1cnn2ccc(N3CC4(COC4)C3)cc12,,6.259637310505756,6.259637310505756,0.988912
JHGWUEZCOMRHTG,Cc1sc(-c2nccc(C3CC3)n2)cc1NC(=O)c1cnn2ccc(N3CC4(C3)CC(O)(CC(F)F)C4)cc12,,6.259637310505756,6.259637310505756,0.8025
MWZWRUWRRSWVSX,Cc1cc(F)c(C(=O)N[C@H]2C[C@H]2F)cc1NC(=O)c1cnc(N)s1,,6.259637310505756,7.0,0.99117094
ACJCVQXYVKBAIF,Cc1ccc(-c2noc([C@H]3C[C@@H]3F)n2)cc1NC(=O)c1cnc(-c2cnc3c(cnn3C3CCCCO3)c2)o1,,6.259637310505756,6.259637310505756,0.99702865
MDGOMKYHUHTCTF,Cc1ncc(-c2cn(C3CC3)nn2)cc1NC(=O)c1cnn2ccc(N3CC4(C3)CC(O)(CC(F)F)C4)cc12,,6.259637310505756,6.259637310505756,0.93128794
SJUUYSICSXTREA,Cc1ccc(-c2nnc([C@H]3C[C@@H]3F)o2)cc1NC(=O)c1cnc(-c2ccc3c(c2)CC(=O)C3)o1,,6.259637310505756,6.259637310505756,0.68097776
QVOWMDABASZUMQ,Cc1cc(F)c(C(=O)Nc2nnc(C3CC3)[nH]2)cc1NC(=O)c1cnc(N)s1,,6.259637310505756,6.259637310505756,0.90344673
FYYRCSBJVIOLBI,Cn1c(=O)[nH]c2cc(C(=O)NCc3ccc(OC4CCOC(C)(C)C4)nc3)ccc21,,6.259637310505756,6.259637310505756,0.85693336
JKSWZXXRRGQFLS,Cc1cc(F)c(C(=O)Nc2ncn(C)n2)cc1NC(=O)c1cnc(N)s1,,6.259637310505756,6.259637310505756,0.9943666
MGQVXWJDJZOIKH,Cc1cc(F)c(C(=O)Nc2nc(C)n(C)n2)cc1NC(=O)c1cnc(N)s1,,6.259637310505756,6.259637310505756,0.9952703
GKKRXRDOVVFVBI,CO[C@H]1C[C@@H](n2nccc2NC(=O)c2cc(NC(=O)c3cnc(N)s3)c(C)cc2F)C1,,6.259637310505756,6.259637310505756,0.9835947
MDKSCMLCANYYJH,Cc1ccc(-c2noc([C@H]3C[C@@H]3F)n2)cc1NC(=O)c1cnc2cnccn12,,6.259637310505756,6.259637310505756,0.9034793
XAFRGOSYFTXTCE,COCCOc1cc(F)c2c(Nc3ccc(NC(=O)CCC(C)(C)F)cc3)ncnc2c1,,6.259637310505756,6.259637310505756,0.23664288
QOXAOXRPBLXYOI,COCCOc1cc(F)c2c(Nc3ccc(NC(=O)NCCC(C)(C)F)nc3)ncnc2c1,,6.259637310505756,6.259637310505756,0.61514384
LHQUIERIAJCHLW,Cc1ccc(-c2noc([C@H]3C[C@@H]3F)n2)cc1NC(=O)c1cnc2n1CCCC2,,6.259637310505756,6.259637310505756,0.6904939
QJYGLLZFFQASMF,COCCOc1cc(F)c2c(Nc3ccc(NC(=O)NC4CC(C)(C)C4)nc3)ncnc2c1,,6.259637310505756,6.259637310505756,0.9744188
KWWWXDYFWLZZLB,COCCOc1cc(F)c2c(Nc3ccc(NC(=O)NCCC(C)(C)OC)nc3)ncnc2c1,,6.259637310505756,6.259637310505756,0.8314471
MGHKZPSBWUABRE,COCCOc1cc(F)c2c(Nc3ccc(NC(=O)NCCC4COC4)cc3)ncnc2c1,,6.259637310505756,6.259637310505756,0.69594234
MWJNKICVNOSMFJ,COCCOc1cc(F)c2c(Nc3ccc(NC(=O)C(C)NC(=O)CC(C)C)cc3)ncnc2c1,,6.259637310505756,6.259637310505756,0.4648848
FWRMWCHZUSSSDP,COCCOc1cc(F)c2c(Nc3ccc(NC(=O)COCC(F)(F)F)cc3)ncnc2c1,,6.259637310505756,6.259637310505756,0.9084237
OSBQTQFISMQUMF,COCCOc1cc(F)c2c(Nc3ccc(NC(=O)C4(C(=O)N(C)CC(C)(C)C)CC4)cc3)ncnc2c1,,6.259637310505756,6.259637310505756,0.902841
ZNIUFHBSMGRUJT,COCCOc1cc(F)c2c(Nc3ccc(NC(=O)COCC4CC4)cc3)ncnc2c1,,6.259637310505756,6.259637310505756,0.84153503
OKFPYIMVPSHLJL,CC(=O)Nc1ncc(C(=O)Nc2cc(-c3noc([C@H]4C[C@@H]4F)n3)ccc2C)s1,,6.259637310505756,6.259637310505756,0.9393277
UMETYVBVOQSNLE,COCc1ccc(NC(=O)c2cc(NC(=O)c3cnc(N)s3)c(F)cc2F)nc1,,6.259637310505756,6.259637310505756,0.9525542
CSYOEVPNIGGKHU,Cc1ccc(-c2noc([C@H]3C[C@@H]3F)n2)cc1NC(=O)c1cnc(-c2ccccc2)n1C,,6.259637310505756,6.259637310505756,0.9715988
NJXDTRPMMQCUFN,Cc1ccc(-c2noc([C@H]3C[C@@H]3F)n2)cc1NC(=O)c1cnn2ccncc12,,6.259637310505756,6.259637310505756,0.8763576
CWYQSEKUXUZGKW,Cc1ccc(-c2noc([C@H]3C[C@@H]3F)n2)cc1NC(=O)c1cnc(-c2ccccc2F)s1,,6.259637310505756,6.259637310505756,0.9706769
OVNQYLXQLXJXGT,Cc1ccc(-c2noc([C@H]3C[C@@H]3F)n2)cc1NC(=O)c1cnn(-c2ccccc2)c1,,6.259637310505756,6.259637310505756,0.976492
IWHPWARMGGNWGR,Cc1ccc(-c2noc(C3C[C@@H]3F)n2)cc1NC(=O)c1cnn2cc(F)c(Br)cc12,,6.259637310505756,6.259637310505756,0.98366946
NHYLEVJOSMZWHY,COCCOc1cc(F)c2c(Nc3ccc(NC(=O)CC(=O)NC4COC4)cc3)ncnc2c1,,6.259637310505756,6.259637310505756,0.9258652
QGVQBEHKBFWLSO,Cc1ccc(-c2noc([C@H]3C[C@@H]3F)n2)cc1NC(=O)c1cnn(-c2cccc(N)c2)c1,,6.259637310505756,6.259637310505756,0.9860589
KIFQPLUAIYUJFZ,Cc1ccc(-c2noc([C@H]3C[C@@H]3F)n2)cc1NC(=O)c1cnn(-c2ccccn2)c1,,6.259637310505756,6.259637310505756,0.98030233
OQXLCHPLSKRNFX,COCCOc1cc(F)c2c(Nc3ccc(NC(=O)CC(=O)NC4CC4)cc3)ncnc2c1,,6.259637310505756,6.259637310505756,0.97026247
GEEDKKGMNZHVOG,COc1ccc(-n2cc(C(=O)Nc3cc(-c4noc([C@H]5C[C@@H]5F)n4)ccc3C)cn2)cc1,,6.259637310505756,6.259637310505756,0.9533066
JFHVMVJTVUQNHQ,COCCOc1cc(F)c2c(Nc3ccc(NC(=O)CC(=O)NCC4CCOCC4)cc3)ncnc2c1,,6.259637310505756,6.259637310505756,0.9322193
QLFFDJHHXVUFLJ,Cc1cc(F)c(NC(=O)c2cnc(N)s2)cc1C(=O)Nc1ccc(OC2CC2)cn1,,6.259637310505756,6.259637310505756,0.9853837
SLYWJGKZEZZWIG,COCCOc1cc(F)c2c(Nc3ccc(NC(=O)CC(=O)N[C@H]4C[C@H](OC)C4)cc3)ncnc2c1,,6.259637310505756,6.259637310505756,0.9691233
ZEOVHYPTQMMZMD,Cc1ccc(-c2noc([C@H]3C[C@@H]3F)n2)cc1NC(=O)c1cnc2n1CCOc1ccccc1-2,,6.259637310505756,6.259637310505756,0.8732076
KYDDHMQCERZMBM,Cc1ccc(-c2noc(C3C[C@@H]3F)n2)cc1NC(=O)c1cnn2ccc(NC(=O)NC3CC3)cc12,,6.259637310505756,6.259637310505756,0.9017157
JNTRKIFVZXOSQU,Cc1ccc(-c2noc(C3C[C@@H]3F)n2)cc1NC(=O)c1cnn2ccc(NC(=O)OC3CC3)cc12,,6.259637310505756,6.259637310505756,0.92514044
MKJAVGPSPMPRTB,Cc1ccc(-c2noc(C3C[C@@H]3F)n2)cc1NC(=O)c1cnn2ccc(NC(=O)OCc3ccccc3)cc12,,6.259637310505756,6.259637310505756,0.96993715
IEBIFSIXDDAAJW,COCCOc1cc(F)c2c(Nc3ccc(NC(=O)CC(=O)NC4CC5(COC5)C4)cc3)ncnc2c1,,6.259637310505756,6.259637310505756,0.9815363
RNADZTCNAPCKEU,COCCNc1ccn2ncc(C(=O)Nc3cc(-c4nnn([C@H]5C[C@@H](C(F)(F)F)C5)n4)ccc3C)c2c1,,8.638272163982407,8.638272163982407,0.85583764
ZCFBUYIOYMTOSG,Cc1ccc(-c2nnn(C[C@H]3CC3(F)F)n2)cc1NC(=O)c1cnn2ccccc12,,8.346787486224656,8.346787486224656,0.91804594
YRECFVBIVFDZJS,Cc1ccc(-c2nnn(CCOC3CCC3)n2)cc1NC(=O)c1cnn2ccccc12,,8.619788758288394,8.619788758288394,0.92555696
ZNCWFTPXCXGXEM,CC(C)(O)Cn1cc(-c2ccn3ncc(C(=O)Nc4cc(-n5nnc(C6CC6)n5)ccc4Cl)c3c2)cn1,,8.619788758288394,8.619788758288394,0.7118131
QOZBQWLNQGFPEY,Cc1ccc(-c2nnn(C3CC(F)(F)C3)n2)cc1NC(=O)c1cnn2ccc(N3CC(CO)C3)cc12,,8.619788758288394,8.619788758288394,0.84849674
DMLLRNOZHNEQPB,Cc1ccc(-c2nnn(C3CC(F)C3)n2)cc1NC(=O)c1cnn2ccccc12,,8.602059991327963,8.602059991327963,0.9335702
SNZRDJCCCGVFQS,Cc1ccc(-c2nnn(CCOC(C)C)n2)cc1NC(=O)c1cnn2ccccc12,,8.602059991327963,8.602059991327963,0.9249185
WSSPZZCAJYUPIU,Cc1ccc(-c2nnn(C3CC(F)(F)C3)n2)cc1NC(=O)c1cnn2ccc(NCC(F)(F)CO)cc12,,8.585026652029182,8.585026652029182,0.8175719
DXTCHKYXUWIEJX,Cc1ccc(-c2nnn(C3CC4(CCC4)C3)n2)cc1NC(=O)c1cnn2ccccc12,,8.585026652029182,8.585026652029182,0.9545703
UHRSSPFCTFWBJP,Cc1ccc(-c2nnn(C)n2)cc1NC(=O)c1cnn2cc(-c3cnn(CC(C)(C)O)c3)cc(F)c12,,8.568636235841012,8.568636235841012,0.57449585
BEOYBQQJZPBOSB,Cc1ccc(-n2nnc(C3CC3F)n2)cc1NC(=O)c1cnn2ccc(-c3cnn(CC(C)(C)O)c3)cc12,,8.568636235841012,8.568636235841012,0.938065
UJKVUCGJHLIHSK,Cc1ccc(-c2nnn(CC34CC(F)(C3)C4)n2)cc1NC(=O)c1cnn2ccccc12,,8.568636235841012,8.568636235841012,0.90956306
VFIZTEABMHGRAR,Cc1ccc(-c2nnn([C@@H](C)c3ccccc3F)n2)cc1NC(=O)c1cnn2ccccc12,,8.568636235841012,8.568636235841012,0.93320554
IDRFPXVYBXYZFT,Cc1ccc(-c2nnn(C3CCC3)n2)cc1NC(=O)c1cnn2ccccc12,,8.568636235841012,8.568636235841012,0.8903885
HSYNHAVSBXVMRU,Cn1ncc(-c2ccc(CNc3cc(-c4cnc5cc(OCCCN6CCCC6)ccn45)ncn3)cc2)n1,,8.55284196865778,8.55284196865778,0.76620525
YYGKLWKBFXDQIO,COCCOc1cc(F)c2c(Nc3ccc(NC(=O)C(=O)NCC(C)(C)C)cc3)ncnc2c1,,6.259637310505756,6.259637310505756,0.6453243
PFFQFOBMPPDYKJ,COCCOc1cc(F)c2c(Nc3ccc(NC(=O)CC(=O)NC[C@@H]4CCCO4)cc3)ncnc2c1,,6.259637310505756,6.259637310505756,0.9463161
VCUCVRCSHGKKRD,Cc1ccc(-c2noc([C@H]3C[C@@H]3F)n2)cc1NC(=O)c1cnc2n1C(C)(C)c1ccccc1-2,,6.259637310505756,6.259637310505756,0.93641394
IIDSIANEQPWGRE,C=CCC1c2ccccc2-c2ncc(C(=O)Nc3cc(-c4noc([C@H]5C[C@@H]5F)n4)ccc3C)n21,,6.259637310505756,6.259637310505756,0.83683926
IZZBIYUFLMRNSR,Cc1ccc(-c2noc([C@H]3C[C@@H]3F)n2)cc1NC(=O)c1cnc(-c2ccccc2)s1,,6.259637310505756,6.259637310505756,0.9676339
QGKLZFJDORDYNX,Cc1ccc(-c2noc([C@H]3C[C@@H]3F)n2)cc1NC(=O)c1cnc(-c2ccccc2)o1,,6.259637310505756,6.259637310505756,0.9677844
LHHYITJGBQXTIK,COc1cccc(-n2cc(C(=O)Nc3cc(-c4noc([C@H]5C[C@@H]5F)n4)ccc3C)cn2)c1,,6.259637310505756,6.259637310505756,0.983707
MBCUYWGKWVNQRN,Cc1ccc(-c2noc([C@H]3C[C@@H]3F)n2)cc1NC(=O)c1cn[nH]c1-c1ccccc1,,6.259637310505756,6.259637310505756,0.9177787
LPALIXUHWCCIKG,Cc1ccc(-c2noc(C3C[C@@H]3F)n2)cc1NC(=O)c1cnn2ccc(NC(=O)c3ccccc3)cc12,,6.259637310505756,6.259637310505756,0.9455181
OXMFMVHHADBTAK,Cc1ccc(-c2noc([C@H]3C[C@@H]3F)n2)cc1NC(=O)c1cnn2ccc(NC(=O)OC(C)(C)C)cc12,,6.259637310505756,6.259637310505756,0.81282014
RWAQHIHVZYAJNP,Cc1ccc(-c2noc([C@H]3C[C@@H]3F)n2)cc1NC(=O)c1cnn2ccc(C(=O)NC3CCCCC3)cc12,,6.259637310505756,6.259637310505756,0.8010527
ULUBHCPNHBSXJC,Cc1ccc(-c2noc([C@H]3C[C@@H]3F)n2)cc1NC(=O)c1cnn2c1ccc1ccccc12,,6.259637310505756,6.259637310505756,0.87740916
QQWGXCKFADJQSM,Cc1ccc(-c2noc([C@H]3C[C@@H]3F)n2)cc1NC(=O)c1cnn2cc(-c3nn[nH]n3)ccc12,,6.259637310505756,6.259637310505756,0.93222284
SPAUKOFRENRIIO,Cc1ccc(-c2noc([C@H]3C[C@@H]3F)n2)cc1NC(=O)c1cnn2ccc(-c3nnn(C)n3)cc12,,6.259637310505756,6.259637310505756,0.8907374
MRRPBHCBIWFUFA,Cc1ccc(-c2noc([C@H]3C[C@@H]3F)n2)cc1NC(=O)c1cnn2ccc(-c3nn[nH]n3)cc12,,6.259637310505756,6.259637310505756,0.8780792
MTICHJNUPKWNNR,COCCOc1cc(F)c2c(Nc3ccc(NC(=O)CC(=O)NC4(C)COC4)cc3)ncnc2c1,,6.259637310505756,6.259637310505756,0.9757471
BAMIEHPBJLWORI,Cc1ccc(-c2noc([C@H]3C[C@@H]3F)n2)cc1NC(=O)c1cnn2ccc(C#N)cc12,,6.259637310505756,6.259637310505756,0.8882121
QGPFMNOJNRMNCJ,CCN(C(=O)CC(=O)Nc1ccc(Nc2ncnc3cc(OCCOC)cc(F)c23)cc1)C(C)C,,6.259637310505756,6.259637310505756,0.96246785
LGFMZPLQWNUKMQ,Cc1ncc(C(=O)Nc2cc(C(=O)Nc3ccc(CC(F)(F)F)cn3)c(F)cc2F)s1,,6.259637310505756,6.259637310505756,0.9684665
VKMMRQFNKQMJBZ,CCc1cc(F)c(C(=O)Nc2ccc(OC3CC3)cn2)cc1NC(=O)c1cnc(N)s1,,6.259637310505756,6.259637310505756,0.8821036
KLUNZFHDSQBLTP,Cc1ccc(-c2noc([C@H]3C[C@@H]3F)n2)cc1NC(=O)c1cnn2ccc(-c3cn(CCO)nn3)cc12,,6.259637310505756,6.259637310505756,0.8992272
BWEOFWRBUCEUIW,Cc1ccc(-c2noc([C@H]3C[C@@H]3F)n2)cc1NC(=O)c1cnn2ccc(-c3cn(C(F)F)nn3)cc12,,6.259637310505756,6.259637310505756,0.8789359
QKDWPADDKJKPSK,Cc1ccc(-c2noc([C@H]3C[C@@H]3F)n2)cc1NC(=O)c1cnn2cc(-c3cn(C45CC(F)(C4)C5)nn3)ccc12,,6.259637310505756,6.259637310505756,0.991627
GWQHQGRVSAHGIB,Cc1ccc(-c2noc([C@H]3C[C@@H]3F)n2)cc1NC(=O)c1cnn2cc(-c3cn(C45CC(C4)C5)nn3)ccc12,,6.259637310505756,6.259637310505756,0.99210244
HAZSUCMZZSOSKA,Cc1ccc(-c2noc([C@H]3C[C@@H]3F)n2)cc1NC(=O)c1cnn2cc(-c3cnnn3CCO)ccc12,,6.259637310505756,6.259637310505756,0.93603814
LHOLSVYHAKBHIP,Cc1ccc(-c2noc(C3C[C@@H]3F)n2)cc1NC(=O)c1cnn2cc(F)c(-c3c(C)nn(CC(C)(C)O)c3C)cc12,,6.259637310505756,6.259637310505756,0.9715201
WKESALFZZJDVLF,Cc1ccc(-c2noc([C@H]3C[C@@H]3F)n2)cc1NC(=O)c1cnn2ccc(-c3cnc(C(C)(C)O)nc3)cc12,,6.259637310505756,6.259637310505756,0.90822583
VWDFAJUWUJLPJM,COCCOc1cc(F)c2c(Nc3ccc(NC(=O)CC(=O)N4C[C@@H](C)O[C@@H](C)C4)cc3)ncnc2c1,,6.259637310505756,6.259637310505756,0.9758951
GJAGUWQAXXIRKH,Cc1cc(F)c(C(=O)Nc2cccnc2C)cc1NC(=O)c1cnc(N)s1,,6.259637310505756,6.259637310505756,0.9752917
WALFYJLIEMQCQI,COCCOc1cc(F)c2c(Nc3ccc(NC(=O)CC(=O)N4CCCC4)cc3)ncnc2c1,,6.259637310505756,6.259637310505756,0.96471167
AVIDYCPKIPDONQ,Cc1ncc(-c2ccc3c(C(=O)Nc4cc(-c5noc([C@H]6C[C@@H]6F)n5)ccc4C)cnn3c2)c(C)n1,,6.259637310505756,6.259637310505756,0.9643832
FKGRUWYQOZWZRM,COCCOc1cc(F)c2c(Nc3ccc(NC(=O)CC(=O)N4CCOCC4)cc3)ncnc2c1,,6.259637310505756,6.259637310505756,0.9422227
JUSNFBCUVOOPAT,COCCOc1cc(F)c2c(Nc3ccc(NC(=O)CC(=O)N4CCCCC4)cc3)ncnc2c1,,6.259637310505756,6.259637310505756,0.9631472
GXDZYJXIPMJQFX,Cc1ccc(-c2noc([C@H]3C[C@@H]3F)n2)cc1NC(=O)c1cnn2ccc(-c3ccc(F)cc3)cc12,,6.259637310505756,6.259637310505756,0.8350829
ZNBNCNQSRNESMY,COCCOc1cc(F)c2c(Nc3ccc(NC(=O)CC(=O)N(C(C)C)C(C)C)cc3)ncnc2c1,,6.259637310505756,6.259637310505756,0.958141
JKSGDPRCNQTWFT,Cc1ccc(-c2noc([C@H]3C[C@@H]3F)n2)cc1NC(=O)c1cnn2ccc(-c3cnc(C(F)(F)F)nc3)cc12,,6.259637310505756,6.259637310505756,0.9480906
GQNUJPJCPKXFKY,Cc1ccc(-c2noc([C@H]3C[C@@H]3F)n2)cc1NC(=O)c1cnn2cc(-c3cncnc3)ccc12,,6.259637310505756,6.259637310505756,0.92914116
PZRVOKMSCZSXIG,Cc1ccc(-c2noc([C@H]3C[C@@H]3F)n2)cc1NC(=O)c1cnn2ccc(N3CC[C@@H](N)C3)cc12,,6.259637310505756,6.629818655252878,0.84779185
QJQUAOYSKOUCCM,Cc1ncc(C(=O)Nc2cc(C(=O)NCc3cccnc3)c(F)cc2C)s1,,6.259637310505756,6.259637310505756,0.96902275
BPGZPMJOKXEQSZ,COCCOc1ccc2ncnc(Nc3ccc(NC(=O)CC(=O)NCC(C)(C)C)cc3)c2c1F,,6.259637310505756,6.259637310505756,0.86297685
CZLYYMACXLJSDT,Cc1ccc(-c2noc([C@H]3C[C@@H]3F)n2)cc1NC(=O)c1cnn2ccc(N3CC[C@@H](NC(=O)OC(F)(F)F)C3)cc12,,6.259637310505756,6.259637310505756,0.97660077
PVLKYIXHZUGNEK,Cc1ccc(-c2noc([C@H]3C[C@@H]3F)n2)cc1NC(=O)c1cnn2ccc(N3CCN(C(=O)OC(C)(C)C)C[C@H]3C)cc12,,6.259637310505756,6.629818655252878,0.8216806
POJKSPWDDUEWNU,Cc1ccc(-c2noc([C@H]3C[C@@H]3F)n2)cc1NC(=O)c1cnn2ccc(N3CC4(CN(C)C4)C3)cc12,,6.259637310505756,6.259637310505756,0.9469991
HWGXAQNTKARKQY,COCCOc1ccc2c(Nc3ccc(NC(=O)NCCC(C)(C)F)cn3)ncnc2c1,,6.259637310505756,6.259637310505756,0.6474453
MRCYCGJZSYVCJD,COCCOc1ccc2c(Nc3ccc(NC(=O)NCCC(C)(C)C#N)cn3)ncnc2c1,,6.259637310505756,6.259637310505756,0.72142386
MJBLNTXGRBUDJL,COCCOc1ccc2c(Nc3ccc(NC(=O)CC(=O)NCC(C)(C)C)cc3)ccnc2c1,,6.259637310505756,6.259637310505756,0.9201768
JSEHEPWDJPGUTC,COCCOc1cc(F)c2c(Nc3ccc(NC(=O)CC(=O)N4[C@@H](C)COC[C@@H]4C)cc3)ncnc2c1,,6.259637310505756,6.259637310505756,0.9305874
QYLBJCZZUAWNBL,COCCOc1ccc2ncnc(Nc3ccc(NC(=O)CC(=O)NC4CCCC4)cc3)c2c1F,,6.259637310505756,6.259637310505756,0.9303895
KUJHKCSBEFIIRU,COCCOc1ccc2ncnc(Nc3ccc(NC(=O)NCCC(C)(C)F)cc3)c2c1F,,6.259637310505756,6.259637310505756,0.38618484
DTWWTRPJIWZDAA,Cc1ccc(-c2noc([C@H]3C[C@@H]3F)n2)cc1NC(=O)c1cnn2ccc(N3CC4(CCN(CC(F)(F)F)C4)C3)cc12,,6.259637310505756,6.259637310505756,0.9765053
DFPDKGULQZQQFH,COCCOc1ccc2ncnc(Nc3ccc(NC(=O)CC(=O)NC4CCC4)cc3)c2c1F,,6.259637310505756,6.259637310505756,0.9335052
FGADGCXWNCQIAX,COc1cc2ncnc(Nc3ccc(NC(=O)CC(=O)NCC(C)(C)C)cc3)c2cc1OCCCN1CCOCC1,,6.259637310505756,6.259637310505756,0.64388597
XQIUBQDBXORFNO,Cc1ccc(-c2noc([C@H]3C[C@@H]3F)n2)cc1NC(=O)c1cnn2cc(Cl)c(N3CC4(COC4)C3)cc12,,6.259637310505756,6.259637310505756,0.99647576
COAQNKNVAQLOHU,Cc1ccc(-c2noc([C@H]3C[C@@H]3F)n2)cc1NC(=O)c1cnn2ccc(N3CC(F)(C(F)(F)F)C3)cc12,,6.259637310505756,6.259637310505756,0.95973116
ZJXYFAFCOGZXTG,Cc1ccc(-c2noc([C@H]3C[C@@H]3F)n2)cc1NC(=O)c1cnn2ccc(-n3cc(NC(=O)OC(C)(C)C)cn3)cc12,,6.259637310505756,6.259637310505756,0.8390308
YBEFHVRHOBREEZ,Cc1ccc(-c2noc([C@H]3C[C@@H]3F)n2)cc1NC(=O)c1cnn2ccc(N3CC4CCC3CN4C(=O)OC(C)(C)C)cc12,,6.259637310505756,6.259637310505756,0.7881568
GZGVNNFVZSVGGG,Cc1ccc(-c2noc([C@H]3C[C@@H]3F)n2)cc1NC(=O)c1cnn2ccc(N3CC(C(=O)OC(C)(C)C)C3)cc12,,6.259637310505756,6.259637310505756,0.860414
HCFCUOCJYHCYAB,COCCOc1ccc2c(Nc3ccc(NC(=O)CC(=O)NCC(C)(C)C)cn3)ncnc2c1,,6.259637310505756,6.259637310505756,0.95829666
CFSSISRHPCNYMV,Cc1ccc(-c2noc([C@H]3C[C@@H]3F)n2)cc1NC(=O)c1cnn2ccc(N3CC[C@H]3C(=O)OC(C)(C)C)cc12,,6.259637310505756,6.259637310505756,0.8825048
OUEBXPSYZPWAKM,Cc1ccc(-c2noc([C@H]3C[C@@H]3F)n2)cc1NC(=O)c1cnn2cc(F)c(N3CC4(COC4)C3)cc12,,6.259637310505756,6.259637310505756,0.99881786
MIMPWGBHYNWYHT,Cc1ncc(C(=O)Nc2cc(C(=O)Nc3ccc(C#N)cn3)c(F)cc2C)s1,,6.259637310505756,6.259637310505756,0.96782404
YYZWBWLQINALBM,CC(=O)N1CC(Oc2ccn3ncc(C(=O)Nc4cc(-c5noc([C@H]6C[C@@H]6F)n5)ccc4C)c3c2)C1,,6.259637310505756,6.259637310505756,0.8332477
RIDWKCNPFMMBJH,Cc1ccc(-c2noc([C@H]3C[C@@H](OC(F)(F)F)C3)n2)cc1NC(=O)c1cnn2ccc(N3CC4(CN(C(=O)OC(C)(C)C)C4)C3)cc12,,6.259637310505756,6.259637310505756,0.98566717
SUVAJLAQMBLLQG,Cc1ccc(-c2noc([C@H]3C[C@@H](OC(F)F)C3)n2)cc1NC(=O)c1cnn2ccc(N3CC4(CCN(CC(F)(F)F)C4)C3)cc12,,6.259637310505756,6.259637310505756,0.9712271
BQMCECCQCDDSJN,Cc1ncc(C(=O)Nc2cc(C(=O)NCc3ccc(OC(F)(F)F)cc3F)c(F)cc2C)s1,,6.259637310505756,6.259637310505756,0.9886755
YHDKJAZHFQSYBD,Cc1ccc(-c2noc([C@H]3C[C@@H](OC(F)F)C3(C)C)n2)cc1NC(=O)c1cnn2ccc(N3CC4(CCN(CC(F)(F)F)C4)C3)cc12,,6.259637310505756,6.259637310505756,0.98665756
ZETPUBWGFTXETJ,Cc1ccc(-c2noc([C@H]3C[C@@H](OC(F)(F)F)C3)n2)nc1NC(=O)c1cnn2ccc(N3CC4(COC4)C3)cc12,,6.259637310505756,6.259637310505756,0.9844408
OTGYMTIPBAEWEF,Cc1ncc(-c2noc([C@H]3C[C@@H]3F)n2)cc1NC(=O)c1cnn2ccc(N3CC4(COC4)C3)cc12,,6.259637310505756,6.259637310505756,0.9838267
AKJVAELLKKNMGU,Cc1ccc(-c2noc([C@H]3C[C@@H](OC(F)F)C3)n2)nc1NC(=O)c1cnn2ccc(N3CC4(COC4)C3)cc12,,6.259637310505756,6.259637310505756,0.96650887
WYJYEBNNQASKTG,Cc1ccc(-c2noc([C@H]3C[C@@H]3F)n2)nc1NC(=O)c1cnn2ccc(N3CC4(COC4)C3)cc12,,6.259637310505756,6.259637310505756,0.961631
NHSDETMDDPCRGB,Cc1ncc(C(=O)Nc2cc(C(=O)NCc3ccc(OC(F)(F)F)cc3)c(F)cc2C)s1,,6.259637310505756,6.259637310505756,0.99004
HYTWESGGKSLVTF,Cc1ccc(-c2noc([C@H]3C[C@@H](OC(F)(F)F)C3)n2)cc1NC(=O)c1cnn2ccc(N3CC4(CCN(CC(F)F)C4)C3)cc12,,6.259637310505756,6.259637310505756,0.9846296
IQCXEMMWFAWFBX,Cc1ccc(-c2noc([C@H]3C[C@@H](OC(F)(F)F)C3)n2)cc1NC(=O)c1cnn2ccc(N3CC4(CCN(CC(F)(F)F)C4)C3)cc12,,6.259637310505756,6.259637310505756,0.9867698
PAAXZXVJCVILRD,Cc1ncc(C(=O)Nc2cc(C(=O)N[C@H]3C[C@@H]3c3ccccc3)c(F)cc2C)s1,,6.259637310505756,6.629818655252878,0.98787653
SBPNOHXSCFAMGU,Cc1ncc(C(=O)Nc2cc(C(=O)NCc3ccc(OC(F)(F)F)c(F)c3)c(F)cc2C)s1,,6.259637310505756,6.259637310505756,0.98713595
XEUVCBZIFZCWIC,Cc1ccc(-c2noc([C@H]3C[C@@H](OC(F)F)C3)n2)cc1NC(=O)c1cnn2ccc(N3CC4(CCN(CC(F)F)C4)C3)cc12,,6.259637310505756,6.259637310505756,0.958378
OHXKZTUFOXAWHF,Cc1ccc(-c2noc([C@H]3C[C@@H](OC(C)C)C3)n2)cc1NC(=O)c1cnn2ccc(N3CC4(CN(CC(F)(F)F)C4)C3)cc12,,6.259637310505756,6.259637310505756,0.97652495
ZTFXWNBYUKMTDW,Cc1ccc(-c2noc([C@H]3C[C@@H]3F)n2)cc1NC(=O)c1cnc(-c2ccnc(N)c2)o1,,6.259637310505756,6.259637310505756,0.98070735
YLOYIGDJBKEYJT,Cc1ccc(-c2noc([C@H]3C[C@@H]3F)n2)cc1NC(=O)c1cnc(-c2cccc(N3CC4(COC4)C3)c2)o1,,6.259637310505756,6.259637310505756,0.9639645
RMNFSEXBIJJKTM,Cc1ccc(-c2noc([C@H]3C[C@@H]3F)n2)cc1NC(=O)c1cnc(-c2ccc(N)nc2)o1,,6.259637310505756,6.259637310505756,0.9827383
ZYCZZLZDYVFJCI,Cc1ccc(-c2noc([C@H]3C[C@@H]3F)n2)cc1NC(=O)c1cnc(-c2ccc(N3CC4(COC4)C3)cc2)o1,,6.259637310505756,6.259637310505756,0.9457141
IWQJCZIBCUBQKU,CO[C@H]1C[C@@H](c2nc(-c3ccc(C)c(NC(=O)c4cnn5ccc(N6CC7(COC7)C6)cc45)c3)no2)C1,,6.259637310505756,6.259637310505756,0.92434984
WNFKPPGWRFYZAJ,COCc1ccc(NC(=O)c2cc(NC(=O)c3cnc(C)s3)c(C)cc2F)nc1,,6.259637310505756,6.259637310505756,0.9768928
KWAFOWMFPZQIEF,Cc1ncc(-c2noc([C@H]3C[C@@H](OC(F)F)C3)n2)cc1NC(=O)c1cnn2ccc(N3CC4(COC4)C3)cc12,,6.259637310505756,6.259637310505756,0.98631555
WMQZJXCXILLHJC,Cc1ncc(-c2noc([C@H]3C[C@@H](OC(F)(F)F)C3)n2)cc1NC(=O)c1cnn2ccc(N3CC4(COC4)C3)cc12,,6.259637310505756,6.259637310505756,0.99210393
HDXSPJDJZDNMBN,COc1ccc(-c2ncc(C(=O)Nc3cc(-c4noc([C@H]5C[C@@H]5F)n4)ccc3C)o2)cc1,,6.259637310505756,6.259637310505756,0.94461095
GCJMDLYTZZXZLL,COc1cccc(-c2ncc(C(=O)Nc3cc(-c4noc([C@H]5C[C@@H]5F)n4)ccc3C)o2)c1,,6.259637310505756,6.259637310505756,0.97709125
OYONTEXKYJZFHA,Cc1[nH]c(/C=C2\C(=O)Nc3ccc(S(=O)(=O)Cc4c(Cl)cccc4Cl)cc32)c(C)c1C(=O)N1CCC[C@@H]1CN1CCCC1,CHEMBL450786,5.494850021680094,5.446395015176066,0.14000994
FFHGFIPSLLZCLF,Cc1cn(-c2cc(NC(=O)c3ccc(C)c(Nc4nccc(-c5ccccc5)n4)c3)cc(C(F)(F)F)c2)cn1,,6.22767829327708,6.22767829327708,0.8207129
GPQLHGCIAUEJQK,COc1ccc(-c2cc(=O)c3c(O)c(OC)c(O)cc3o2)cc1,CHEMBL78010,6.022878745280337,6.022878745280337,0.0416471
OKFAZZUSWJWRJN,CN1CCC(Nc2ccc(C(=O)Nc3cc(-c4ccc5c(c4)OCO5)n[nH]3)cc2)CC1,,6.210419287835575,6.210419287835575,0.15195408
ZPPJQUHJUSSFKP,Cc1cn(-c2cc(NC(=O)c3ccc(C)c(Oc4ccccc4)c3)cc(C(F)(F)F)c2)cn1,,6.209011524911184,6.209011524911184,0.46794373
QXUQZMDJJGCZDT,CNC(=O)c1cnc(Nc2ccccn2)cc1Nc1ccccc1S(C)(=O)=O,,6.200659450546418,6.200659450546418,0.056690615
UWZWYPNZLSWDPD,Cn1c(=O)[nH]c2cc(C(=O)CCc3ccc(OC4CC(F)(F)C4)nc3)ccc21,,6.199282921717615,6.199282921717615,0.94602054
RHRMWVZJEWAVTO,Cn1c(=O)[nH]c2cc(C(=O)NCc3cnc4c(c3)ncn4-c3c(F)cccc3F)ccc21,,6.180456064458132,6.180456064458132,0.43667674
DNWFKFIBIPHHLN,c1ccn2c(-c3nccc(NCc4ccc(N5CCCC5)cc4)n3)cnc2c1,,7.209651530143781,7.209651530143781,0.17290454
GHPJFHVSFNKMSR,COc1ccc(COc2ncc(Cc3ccnc4cc(N5CCOCC5)cnc34)cc2OC)nc1,,6.166852888087215,6.166852888087215,0.22889484
SQOLAIUZCKYPCQ,C[C@H](O)C(=O)N1CCc2cc(Nc3ncc(C(F)(F)F)c(N[C@H]4CC[C@@H](N)CC4)n3)ccc2C1,,5.9487522753386575,5.9487522753386575,0.090857536
LEOCGDXQCOGAPF,COc1cnc2c(Cc3cnc(OCc4cc5n(n4)CC4CC54)c(OC)c3)ccnc2c1,,6.145693958198919,6.145693958198919,0.0028692218
WCJJVHYRDUGNFA,c1ccn2c(-c3cncc(NCc4ccc(N5CCCC5)nc4)c3)cnc2c1,,7.031743128760553,7.031743128760553,0.37373018
WLQMBDLMYOJZCC,Cc1ccc(NC(=O)c2ccc(CN3CCN(C)CC3)c(C(F)(F)F)c2)cc1NC(=O)c1cccc(-c2cnn(C)c2)c1,CHEMBL4095856,6.130768280269024,6.130768280269024,0.9918206
OLZDZYHEIBZXCI,O=C(CC(=O)Nc1ccc2c(/C=C/c3ccccn3)n[nH]c2c1)Nc1cccc(F)c1,,6.808811348265943,6.808811348265943,0.9555833
RZPJXLYSTMZSGK,COc1cnc2c(Cc3cnc(OCc4ccc(C)cn4)c(OC)c3)ccnc2c1,,6.105130343254747,6.105130343254747,0.5873849
FMCLDFJJIAZKCA,Nc1nccc(COc2ccc3nc(N[C@@H]4CCCC[C@H]4O)sc3c2F)c1Cl,,6.102372908709558,6.102372908709558,0.0028245111
OEIRBDCRIGNXFE,Cc1cn(-c2cc(NC(=O)c3ccc(C)c(Nc4nccc(-c5ccc(F)cc5)n4)c3)cc(N3CCOCC3)c2)cn1,,6.102372908709558,6.102372908709558,0.34559417
YIUZEPPABHWHBV,Cc1ccc(NC(=O)c2cccc(C(F)(F)F)c2)cc1NC(=O)c1cnc(N)nc1,CHEMBL4103299,6.086186147616283,6.086186147616283,0.96399593
ORZYKCQQEMYYRM,CNC(=O)c1cnc(Nc2ccc(OC)cn2)cc1Nc1ccccc1S(C)(=O)=O,,6.080921907623926,6.080921907623926,0.11027362
DDVWCRQXQALMIQ,COc1ccc(COc2ncc(Cc3ccnc4cc(N(C)C)cnc34)cc2OC)nc1,,6.057991946977687,6.057991946977687,0.40967506
GELXWPLRAJVJNR,COc1ccc(COc2ncc(Cc3ccnc4cc(OC)cnc34)cc2OC)nc1,,6.055024091587952,6.055024091587952,0.14007801
KHYVUPSEVVSFJS,Cc1ccc(NC(=O)c2ccc(CN3CCN(C)CC3)c(C(F)(F)F)c2)cc1NC(=O)c1cccc(-c2cccnc2)c1,CHEMBL4059858,6.045757490560675,6.045757490560675,0.9521743
WKRSQWJVMBRBPZ,CC(C)(O)C(=O)N1CCc2cc(Nc3ncc(C(F)(F)F)c(N[C@H]4CC[C@@H](N)CC4)n3)ccc2C1,,6.044793462458058,6.044793462458058,0.08202306
WXCYLYXOCBLNNC,COc1cnc2c(Cc3cnc(OCc4ccc(C5CC5(F)F)cn4)c(OC)c3)ccnc2c1,,6.023191662661934,6.023191662661934,0.8288275
AELRYCPBLNIDJC,Cn1c(=O)[nH]c2cc(C(=O)NCc3cnc(Oc4ccc(F)cc4)cn3)ccc21,,6.022276394711152,6.022276394711152,0.96482384
UFZWBWHQNILYST,COc1cnc2c(Cc3cnc(OCc4cc5n(n4)C[C@@H](OC)C5)c(OC)c3)ccnc2c1,,,6.0,0.0002130565
ZRDBBISCJWSKHV,Cc1ccc(-c2noc([C@H]3C[C@@H]3F)n2)cc1NC(=O)c1ccc2[nH]c(=O)[nH]c2c1,,,6.0,0.95196784
ODZXTPZNHIJAOG,Cc1ccc(-c2noc([C@H]3C[C@@H]3F)n2)cc1NC(=O)c1cnc(N2CCC3(CCC(=O)N3)CC2)s1,,,6.0,0.97910166
BXKUPQGEGWXURM,Cc1ccc(-c2noc([C@H]3C[C@@H]3F)n2)cc1NC(=O)c1cnc(N2CC(C(=O)NC3CC3)C2)s1,,,6.0,0.8975182
DWJMYJAONHCMMP,Cc1ccc(-c2noc([C@H]3C[C@@H]3F)n2)cc1NC(=O)c1ccc2c(c1)CC(=O)N2,,,6.0,0.18620366
FKVIDACDTYZVOU,Cc1ccc(C(=O)Nc2ccc(C(F)(F)F)cc2)cc1C#Cc1cnc2ccnn2c1,CHEMBL2336022,,6.0,0.97360355
RJZULDNPMPWJSC,COc1cnc2c(Cc3cnc(OCc4cc5n(n4)C[C@H](OC)C5)c(OC)c3)ccnc2c1,,,6.0,0.00030476172
XVQBMTGGUCWFRC,Cc1cc(C(=O)Nc2cnc3[nH]c(-n4cccn4)cc3c2)[nH]n1,,5.259637310505756,5.629818655252878,0.0051720766
ZSAYLDOAAMKKJP,Cc1cc(Cl)cc(NC(=O)c2ccc(C)c(C#Cc3cnc4ccnn4c3)c2)c1,CHEMBL2336007,,6.0,0.9864297
UYAWYRYRJKGIQY,Cc1ccc(-c2noc([C@H]3C[C@@H]3F)n2)cc1NC(=O)c1cnc(-c2cccc(CC(=O)OC(C)(C)C)n2)o1,,,6.0,0.93683136
ZHDFJBNEYOADIU,Cc1ccc(-c2noc([C@H]3C[C@@H]3F)n2)cc1NC(=O)c1cnc(-c2ccc3oc(=O)[nH]c3c2)o1,,,6.0,0.9682612
BHXAPUBNOMKHGR,Cc1ccc(-c2noc([C@H]3C[C@@H]3F)n2)cc1NC(=O)c1cnc(-c2cccc(N)n2)o1,,,6.0,0.9787114
ADZBMFGQQWPHMJ,CNC(=O)c1cc(Oc2ccc3nc(N[C@@H]4CCCC[C@H]4O)sc3c2)ccn1,,5.508864383480216,5.522878745280337,0.4337316
XIOBXFKGXUPMMR,Cc1ccc(-c2noc([C@H]3C[C@@H]3F)n2)cc1NC(=O)c1cnc(N2CC(C(=O)OC(C)(C)C)C2)s1,,,6.0,0.8949701
YMJBBSCRDFNBHX,Cc1ccc(-c2noc([C@H]3C[C@@H]3F)n2)cc1NC(=O)c1cnc(N2CC(C(=O)O)C2)s1,,,6.0,0.8686698
RNYHOBHVJHIJMF,COc1ccc(COc2ncc(Cc3ccnc(-c4cnn(C)c4)n3)cc2OC)nc1,,,6.0,0.69136417
KLUYCCKWHONWKH,CC(=O)NC1CN(c2ncc(C(=O)Nc3cc(-c4noc([C@H]5C[C@@H]5F)n4)ccc3C)s2)C1,,,6.0,0.8980566
UTGZVEWRKOHJQF,Cc1ccc(-c2noc([C@H]3C[C@@H]3F)n2)cc1NC(=O)c1cnc(-c2ccc(C(C)(C)O)s2)o1,,,6.0,0.97074
JTBGMDHPSMELPJ,Cc1ccc(-c2noc([C@H]3C[C@@H]3F)n2)cc1NC(=O)c1cnn2ccc(-c3cc(C(F)(F)F)nn3C(C)C)cc12,,,6.0,0.9573052
QUPRYMIQSHQEBQ,Cc1cc(C)c(-c2ccn3ncc(C(=O)Nc4cc(-c5noc([C@H]6C[C@@H]6F)n5)ccc4C)c3c2)c(C)c1,,,6.0,0.9440964
RIRJEBZSWQMHJK,Cc1ncc(-c2noc([C@H]3C[C@@H]3F)n2)cc1NC(=O)c1cnn2ccc(-c3c(C)nc(N)nc3C)cc12,,,6.0,0.8714806
LTTJGQBDGMNWHJ,COc1cc(C2CN(C(=O)c3cc(COC[C@@H](O)CO)ccn3)C2)ccc1OCc1ccc(C2CC2)cc1,,,6.0,0.099092945
SBELWWTUSHGHDL,Cc1cc(C)c(-c2ccn3ncc(C(=O)Nc4cc(-c5noc([C@H]6C[C@@H](OC(F)(F)F)C6)n5)ccc4C)c3c2)c(C)c1,,,6.0,0.9470408
RRINNNNCYXUFKE,Cc1ccc(C(=O)Nc2ccccc2C)cc1C#Cc1cnc2ccnn2c1,CHEMBL2336034,,6.0,0.9867203
VRJKTUNSBPBUJV,Cc1ccc(-c2noc([C@H]3C[C@@H]3F)n2)cc1NC(=O)c1cnn2ccc(N3CC(COCc4ccccc4)(C(=O)OCc4ccccc4)C3)cc12,,,6.0,0.94194925
BBTDOQATPTVBOJ,CCOC(=O)CCc1c(C=C2C(=O)Nc3ccc(NS(=O)(=O)c4ccccc4)cc32)[nH]c2c1C(=O)CCC2,CHEMBL1215218,,6.0,0.023117676
QDMXVKKPYBGIAS,Cc1ccc(-c2ncn(-c3ccc(Nc4nccc(-c5cccc(N6CCOCC6)c5)n4)cc3)n2)cn1,CHEMBL2144409,,5.349485002168009,0.7979301
KBRCUKZFGCCSCC,O=C(Nc1cc(-c2noc(C3C[C@@H]3F)n2)ccn1)c1cnc2ccccn12,,,6.0,0.8001748
NTJXXTXMWNYFSD,O=C(Nc1cc(-c2noc(C3CC(F)(F)C3)n2)ccn1)c1cnc2ccccn12,,,6.0,0.76708853
SCURTBIOSBGLRR,Cc1n[nH]c(C(=O)Nc2cnc3[nH]c(-c4ccc(F)c(C)c4C)cc3c2)c1C,,,6.0,3.737997e-08
BRHBTRUOJGZGSD,O=C(Nc1cc(-c2noc([C@H]3C[C@@H](OC(F)F)C3)n2)ccc1Cl)c1cnn2ccc(N3CC4(C3)CC(O)(C(F)(F)F)C4)cc12,,,6.0,0.9555486
XLMFBNMLEHYJGT,O=C(Cc1cccc(OCCCN2CCNCC2)c1)Nc1nc(-c2ccncc2)cs1,,,6.0,0.7746678
NHYCOOHRGHVZOI,CC(C)n1cc(C(=O)Nc2cc(F)c(-c3c[nH]c4ncnc(N)c34)cc2F)c(=O)c(-c2ccc(F)cc2)c1,,,6.0,0.72426575
RCXRKDQWFJHCGI,Cc1nnc(N2CC(c3nc(-c4cnc(C)c(NC(=O)c5cnn6ccc(N7CC8(C7)CC(O)(C(F)F)C8)cc56)c4)no3)C2)o1,,,6.0,0.9905352
JAQYMLHJXIRKSU,O=C(NCCN1CCOCC1)c1ccnc(-n2ncc3cc(Nc4ccccc4Cl)ccc32)c1,CHEMBL2376930,,6.0,0.58408195
ZGZQLDFROJNXCP,CC(=O)N1CCC(c2nc(-c3cnc(C)c(NC(=O)c4cnn5ccc(N6CC7(COC7)C6)cc45)c3)no2)CC1,,,6.0,0.9803893
YYVUFVNVBLNVDS,CC(=O)N1CC2(CC(c3nc(-c4cnc(C)c(NC(=O)c5cnn6ccc(N7CC8(COC8)C7)cc56)c4)no3)C2)C1,,,6.0,0.9636542
CORMMUSUBCBBDF,CC(=O)N1CC2(CC(c3nc(-c4cnc(C)c(NC(=O)c5cnn6ccc(N7CC8(C7)CC(O)(C(F)F)C8)cc56)c4)no3)C2)C1,,,6.0,0.969106
NDQDDMPTPPZRPS,CC(=O)N1CCC(c2nc(-c3cnc(C)c(NC(=O)c4cnn5ccc(N6CC7(COC7)C6)cc45)c3)no2)C1,,,6.0,0.9773638
CAVJDUMKHHRWDH,Cc1nnc(N2CC(c3nc(-c4cnc(C)c(NC(=O)c5cnn6ccc(N7CC8(COC8)C7)cc56)c4)no3)C2)o1,,,6.0,0.9827215
VJJSDJWWOQJWBA,CC(=O)N1CCC(c2nc(-c3cnc(C)c(NC(=O)c4cnn5ccc(N6CC7(C6)CC(O)(C(F)F)C7)cc45)c3)no2)CC1,,,6.0,0.98703754
HNBDTSGEWMJFET,Cc1cc2cc(NC(=O)c3cccc4n[nH]cc34)cnc2[nH]1,,,6.0,0.015663376
FEFHKTMZBLBRCV,Cc1ccc(-c2noc(C3CN(C(=O)N(C)C)C3)n2)cc1NC(=O)c1cnn2ccc(N3CC4(COC4)C3)cc12,,,6.0,0.8789229
QYZLDZWDABCSKO,Cc1ccc(-c2noc(C3CN(C(=O)C4CC(F)(F)C4)C3)n2)cc1NC(=O)c1cnn2ccc(N3CC4(COC4)C3)cc12,,,6.0,0.80612403
WASJLIXBCWCPDK,Cc1ncc(-c2ncc(C(=O)C(F)(F)F)cn2)cc1NC(=O)c1cnc2ccc(N3CC4(C3)CC(O)(C(F)F)C4)cn12,,,6.0,0.9957048
KDVVJTIZYXHIEB,Cc1ccc(-c2noc(C3CN(C(=O)N4CC(F)(F)C4)C3)n2)cc1NC(=O)c1cnn2ccc(N3CC4(COC4)C3)cc12,,,6.0,0.8152394
WLGKKJUDXUXHDX,Cc1ccc(-c2noc(C3CN(C(=O)NC4CC4)C3)n2)cc1NC(=O)c1cnn2ccc(N3CC4(COC4)C3)cc12,,,6.0,0.9171693
SRCRXJGBSAGLHD,Cc1ncc(-c2noc(C3(F)CN(C(=O)OC(C)(C)C)C3)n2)cc1NC(=O)c1cnn2ccc(N3CC4(C3)CC(O)(C(F)F)C4)cc12,,,6.0,0.99207026
YAPMGKNJUDLCDS,Cc1ncc(-c2noc(C3(F)CN(C(=O)C4CC4)C3)n2)cc1NC(=O)c1cnn2ccc(N3CC4(C3)CC(O)(C(F)F)C4)cc12,,,6.0,0.9797677
FMOUQEJDUNFFLI,COC(=O)N1CC(F)(c2nc(-c3cnc(C)c(NC(=O)c4cnn5ccc(N6CC7(C6)CC(O)(C(F)F)C7)cc45)c3)no2)C1,,,6.0,0.9889516
UQZUNXJLPTXTCP,Cc1ncc(-c2noc(C3CN(C(=O)C4(F)CC4)C3)n2)cc1NC(=O)c1cnn2ccc(N3CC4(COC4)C3)cc12,,,6.0,0.9491218
MMNQPJFBLCYLJN,Cc1ncc(-c2noc(C3CN(C(=O)C4CC4)C3)n2)cc1NC(=O)c1cnn2ccc(N3CC4(C3)CC(O)(C(F)F)C4)cc12,,,6.0,0.9650935
ZLIYSTSFSPCMLZ,Cc1ncc(-c2noc(C3CN(C(=O)C4(F)CC4)C3)n2)cc1NC(=O)c1cnn2ccc(N3CC4(C3)CC(O)(C(F)F)C4)cc12,,,6.0,0.967102
KBIIFOKYRZTITO,Cc1ncc(-c2noc(C3CN(C(=O)[C@H]4C[C@@H]4F)C3)n2)cc1NC(=O)c1cnn2ccc(N3CC4(C3)CC(O)(C(F)F)C4)cc12,,,6.0,0.9619306
FFYPONANVMXTQN,Cc1ncc(-c2noc(C3CN(C(=O)[C@H]4C[C@@H]4F)C3)n2)cc1NC(=O)c1cnn2ccc(N3CC4(COC4)C3)cc12,,,6.0,0.9389671
VUADYHUZVWLPMC,O=C(Nc1cc(-c2noc([C@H]3C[C@@H]3F)n2)ccc1C1CC1)c1cnn2ccc(N3CC4(COC4)C3)cc12,,,6.0,0.23888217
OTSNUYGKISWLGG,Cc1ncc(-c2noc(C3CN(C(=O)[C@H]4CC4(F)F)C3)n2)cc1NC(=O)c1cnn2ccc(N3CC4(C3)CC(O)(C(F)F)C4)cc12,,,6.0,0.9627932
AETIPQLPPTZEBW,Cc1ncc(-c2noc(C3CN(C(=O)OC(C)(C)C)C3)n2)cc1NC(=O)c1cnn2ccc(N3CC4(C3)CC(O)(C(F)F)C4)cc12,,,6.0,0.98775953
BLIZNMFNTXYOJF,Cc1ncc(-c2noc(C3CN(C(=O)C4CC4)C3)n2)cc1NC(=O)c1cnn2ccc(N3CC4(COC4)C3)cc12,,,6.0,0.9468682
UUANVPOESJGULF,Cc1ccc(-c2noc([C@H]3C[C@@H]3F)n2)cc1NC(=O)c1cnc(-c2c(C)nn(CC(C)(C)O)c2C)o1,,,6.0,0.9029068
FQAORLPVCJOOCL,Cc1ccc(-c2noc([C@H]3C[C@@H]3F)n2)cc1NC(=O)c1cnc(-c2ccc3c(c2)C2(CCN(C(=O)OC(C)(C)C)CC2)C(=O)C3)o1,,,6.0,0.9831488
ZZJZUOKJQGWMEV,Cc1ccc(-c2noc([C@H]3C[C@@H]3F)n2)cc1NC(=O)c1cnc(-n2cccn2)o1,,,6.0,0.95688164
LZSAAYYICATBFP,Cc1cc(C)n(-c2ncc(C(=O)Nc3cc(-c4noc([C@H]5C[C@@H]5F)n4)ccc3C)o2)n1,,,6.0,0.9866172
OQOQLYNQOWFEFQ,Cc1sc(-c2noc(C3CN(C(=O)OC(C)(C)C)C3)n2)cc1NC(=O)c1cnn2ccc(N3CC4(C3)CC(O)(C(F)F)C4)cc12,,,6.0,0.85207605
AZQGGQHHNVQWNC,Cc1sc(-c2noc(C3CN(C(=O)OC(C)(C)C)C3)n2)cc1NC(=O)c1cnn2ccc(N3CC4(COC4)C3)cc12,,,6.0,0.77228326
QVSGLDCIJWBARE,Cc1sc(-c2noc(C3(F)CN(C(=O)[C@H]4C[C@@H]4F)C3)n2)cc1NC(=O)c1cnn2ccc(N3CC4(C3)CC(O)(C(F)F)C4)cc12,,,6.0,0.64609677
LUSMGLFXVSFFDE,Cc1sc(-c2noc(C3CN(C(=O)[C@H]4C[C@@H]4F)C3)n2)cc1NC(=O)c1cnn2ccc(N3CC4(COC4)C3)cc12,,,6.0,0.43484783
KGPGFQWBCSZGEL,CCn1c(-c2nonc2N)nc2c(C#CC(C)(C)O)ncc(OC[C@H]3CCCNC3)c21,,5.7447274948966935,5.664877073462938,0.053542066
QMRSZKRJQUFALC,CNC(=O)c1ccc(Sc2cccc(NC(=S)Nc3ccc(Cl)c(C(F)(F)F)c3)c2)nc1,,,6.0,0.9691756
BSPYPSXILJNFEI,Cc1ccc(-c2noc([C@H]3C[C@@H]3F)n2)cc1NC(=O)c1cnc(-c2cccc3c2NC(=O)C3)o1,,,6.0,0.98081094
GOGXKUJONXDHNC,Cc1ccc(-c2noc([C@H]3C[C@@H]3F)n2)cc1NC(=O)c1cnc(-c2ccc(-n3cccn3)cc2)o1,,,6.0,0.873008
NUNQQTJFYIHSRT,Cc1ncc(-c2noc([C@H]3C[C@@H]3F)n2)cc1NC(=O)c1cnc(-c2ccc3c(c2)CC(=O)C3)o1,,,6.0,0.67609257
HBZYNFZGKOOVRL,Cc1cc(F)c(-c2noc([C@H]3C[C@@H]3F)n2)cc1NC(=O)c1cnc(-c2ccc3c(cnn3C(=O)OC(C)(C)C)c2)o1,,,6.0,0.9232554
HXICLLWKYOVMBI,CC(=O)Nc1ccc(-c2ncc(C(=O)Nc3cc(-c4noc([C@H]5C[C@@H]5F)n4)ccc3C)o2)cn1,,,6.0,0.93475944
FAIZYUDRBCMCDJ,Cc1ccc(-c2noc([C@H]3C[C@@H]3F)n2)cc1NC(=O)c1cnc(-c2cnc(N)nc2)o1,,,6.0,0.9887045
JASKWTPYGXFGJM,Cc1ccc(-c2noc(C3CN(C(=O)OCc4ccccc4)C3)n2)cc1NC(=O)c1cnc(-c2ccc3c(c2)NC(=O)C3)o1,,,6.0,0.703897
PZEZHGAIVQXSID,[2H]C([2H])([2H])n1nnnc1-c1cnc(C)c(NC(=O)c2cnn3ccc(N4CC5(C4)CC(O)(C(F)F)C5)cc23)c1,,,6.0,0.9986971
MONWJFAITNHHCP,Cc1ccc(-c2noc([C@H]3C[C@@H]3F)n2)cc1NC(=O)c1cnc(-c2ccc3nonc3c2)o1,,,6.0,0.9489709
QAINXFFUNXGLNJ,Cc1ccc(-c2noc([C@H]3C[C@@H]3F)n2)cc1NC(=O)c1cnc(-c2ccc3oc4ccccc4c3c2)o1,,,6.0,0.9464057
UXWUHDIVHTZQAL,Cc1ncc(-c2nnn(C3CNC3)n2)cc1NC(=O)c1cnn2ccc(N3CC4(C3)CC(O)(C(F)F)C4)cc12,,,6.0,0.9909377
QMGFBOQOEXMORY,Cc1ncc(-c2nnn(C3CN(C(=O)OC(C)(C)C)C3)n2)cc1NC(=O)c1cnn2ccc(N3CC4(C3)CC(O)(C(F)F)C4)cc12,,,6.0,0.9859363
XIWHYWFKCDNGQM,Cc1ncc(-c2nnn(C(C)C)n2)cc1NC(=O)c1cnn2ccc(N3CC4(C3)CC(O)(C(F)F)C4)cc12,,,6.0,0.99843866
NEDHQPUKOKZYIR,Cc1ncc(-c2nnn(CC(F)(F)F)n2)cc1NC(=O)c1cnn2ccc(N3CC4(C3)CC(O)(C(F)F)C4)cc12,,,6.0,0.9984646
QECXLMDVRPDHIF,Cc1ncc(-c2ncc(OC(F)(F)F)cn2)cc1NC(=O)c1cnc(-c2ccc3c(c2)CC(=O)N3)o1,,,6.0,0.42077535
HHWCJFAEBDFFKB,Cc1nc(N)nc(C)c1-c1ccn2ncc(C(=O)Nc3cc(-c4noc([C@H]5C[C@@H](OC(F)(F)F)C5)n4)sc3C)c2c1,,,6.0,0.79189223
ZCTHWVDVTVNKBQ,Cc1nc(N)nc(C)c1-c1ccn2ncc(C(=O)Nc3cc(-c4noc(C5CN(C(=O)OC(C)(C)C)C5)n4)sc3C)c2c1,,,6.0,0.68505853
VDGUIVDSRMSKRJ,Cc1ccc(-c2ncc(OC(F)F)cn2)cc1NC(=O)c1cnn2ccc(-c3c(C)nc(N)nc3C)cc12,,,6.0,0.7334949
SNTBKTGUZHXHKS,Cc1ncc(-c2ncc(OC(F)(F)F)cn2)cc1NC(=O)c1cnn2ccc(-c3c(C)nc(N)nc3C)cc12,,,6.0,0.10429703
UAAUKJLUCQUBAA,O=C(Nc1cc(-c2ccc(C3CC3)cn2)ccc1Cl)c1cnn2ccc(N3CC4(C3)CC(O)(CC(F)F)C4)cc12,,,6.0,0.87387234
FAFMBBQIYYJXES,O=C(Nc1cc(-c2ccc(C3CC3)cn2)ccc1Cl)c1cnn2ccc(N3CC4(COC4)C3)cc12,,,6.0,0.8389493
VFQIIYPHGHPNGV,c1ccc(Cc2cnc(N3CCN(c4ncnc5c4CNC5)CC3)nc2)cc1,,,6.5,0.25974655
LFQUGSSTUFOSJM,COc1ccc2ncnc(N3CCN(c4ncc(OCc5ccccc5)cn4)CC3)c2c1,,,6.5,0.31440258
FQNIDPSKJITAEL,O=C(Nc1cn(-c2ccc(C3CC3)cc2)nc1C(F)F)c1cnn2ccc(N3CC4(COC4)C3)cc12,,,6.0,0.4128573
GDSTXEGESTWBSA,Cc1ncc(-c2ncc(C3CC3)cn2)cc1NC(=O)c1cnn2ccc(-c3c(C)nc(N)nc3C)cc12,,,6.0,0.25517106
XETUFGWZSDEBPT,Cc1nn(-c2ccc(C3CC3)cc2)cc1NC(=O)c1cnn2ccc(N3CC4(COC4)C3)cc12,,,6.0,0.8872144
VDLULSQFCIIUEQ,Cc1nc(N)nc(C)c1-c1ccn2ncc(C(=O)Nc3cc(-c4noc([C@H]5C[C@@H]5F)n4)sc3C)c2c1,,,6.0,0.73351794
PXQYQIOAUUCJOO,COc1cc2ncnc(N3CCN(c4ncc(-c5ccccc5)cn4)CC3)c2cc1OC,,,6.5,0.8669014
BWNLVDXKPWFLCB,Cc1nc(N)nc(C)c1-c1ccn2ncc(C(=O)Nc3cc(-c4noc(C5CN(C(=O)[C@H]6C[C@@H]6F)C5)n4)sc3C)c2c1,,,6.0,0.51324904
KALRNJRDACTRJD,COc1cc2ncnc(N3CCN(c4ncc(OCC5CC5)cn4)CC3)c2cc1OC,,,6.5,0.5722059
LCOFILMUJZPDFS,COc1cc2ncnc(N3CCN(c4ncc(OCC5CCCC5)cn4)CC3)c2cc1OC,,,6.5,0.5292269
FZXRTLGQQMCURR,COc1cc2ncnc(N3CCN(c4ncc(-c5ccc(C#N)cc5)cn4)CC3)c2cc1OC,,,6.5,0.7544418
FNLIIHLXBDJMLG,COc1cc2ncnc(N3CCN(c4ncc(Nc5ccncc5)cn4)CC3)c2cc1OC,,,6.5,0.936269
KKSHMYOWMCXDAC,COc1cc2ncnc(N3CCN(c4nccc(Cc5ccccc5)n4)CC3)c2cc1OC,,,6.5,0.9508109
FLBGEBUCJHAACA,Cc1ccc(-n2nnc(C3CN(S(=O)(=O)C4CC4)C3)n2)cc1NC(=O)c1cnn2ccccc12,,8.537602002101044,8.537602002101044,0.80594814
MDRRIQMAADDLIO,Cc1ccc(-c2nnn(C[C@H]3CCCCO3)n2)cc1NC(=O)c1cnn2ccccc12,,8.265457350438439,8.265457350438439,0.83201975
VNIBRWDOOUQVQO,COCCNc1ccn2ncc(C(=O)Nc3cc(-c4nnn(CCCC(F)(F)F)n4)ccc3C)c2c1,,8.494850021680094,8.494850021680094,0.7868937
VMIPYDVSKKSYMY,Cc1ccc(-c2nnn(C3CC(F)(F)C3)n2)cc1NC(=O)c1cnn2ccc(N3CCC(C)(O)CC3)cc12,,8.494850021680094,8.494850021680094,0.8197995
CMXKWIJHHXLBJT,COCCNc1ccn2ncc(C(=O)Nc3cc(-c4nnn(C5CC5)n4)ccc3C)c2c1,,8.494850021680094,8.494850021680094,0.87789094
ZZPOAGXFYUOZKR,Cn1ncc(-c2ccc(CNc3cc(-c4cnc5cc(OCCN6CC7(COC7)C6)ccn45)ncn3)cc2)n1,,8.481486060122112,8.481486060122112,0.99140394
JKSPKUGUKKUQEJ,COCCNc1ccn2ncc(C(=O)Nc3cc(-c4nnn(C5CC6(CCC6)C5)n4)ccc3C)c2c1,,8.468521082957745,8.468521082957745,0.96506894
BQFAPBMRCMSEPV,Cc1ccc(-c2nnn(C3CC(F)(F)C3)n2)cc1NC(=O)c1cnn2ccc(N3CC[C@H]3CO)cc12,,8.455931955649724,8.455931955649724,0.892411
LHMCMJCMDUWBTI,COCCNc1ccn2ncc(C(=O)Nc3cc(-c4nnn(C5CC(F)(F)C5)n4)c(F)cc3C)c2c1,,8.455931955649724,8.455931955649724,0.9118907
UECNBIFAIVOHII,Cc1nnn(-c2ccc(C)c(NC(=O)c3cnn4ccc(Nc5cn[nH]c5)cc34)c2)n1,,8.443697499232712,8.443697499232712,0.8751715
OIOTYCGXAYGLPP,COc1cc2ncnc(N3CCN(c4ncc(Cc5ccccc5)cn4)C[C@@H]3C)c2cc1OC,,,6.5,0.9954489
FAYHVXZTWDCMDF,COc1cc2ncnc(N3CCN(c4ncc(Cc5ccccc5)cn4)C(=O)C3)c2cc1OC,,,6.5,0.9868912
TXHCXRCHSIVMSN,CC(C)n1cc(C(=O)Nc2ccc(Oc3ccnc(NC(=O)C4CC4)c3)c(F)c2)c(=O)n(-c2ccc(F)cc2)c1=O,,,6.0,0.86489385
YVKPWLQYOUHXGD,COc1cc2ncnc(N3CCN(c4ncc(Br)c(OC)n4)CC3)c2cc1OC,,,6.5,0.87684274
BBJZXHWLABCZIK,c1ccc(Cc2cnc(N3CCN(c4ncnc5c4CN(CC4CCNCC4)C5)CC3)nc2)cc1,,,6.5,0.2636754
JUZNNBQRFXTPRQ,COc1cc2ncnc(N3CCN(c4ncc(OCc5ccccc5)cn4)C[C@H]3C)c2cc1OC,,,6.5,0.9760952
FKYSRBZUEXVNJW,Cc1ccc(C(=O)Nc2cc(CN3CCOCC3)cc(C(F)(F)F)c2)cc1C#Cc1cnc2ccnn2c1,CHEMBL2336012,,6.0,0.6882312
FXUBVXGXYWZNJY,Cc1ccc(C(=O)Nc2cc(CN3CCCCC3)cc(C(F)(F)F)c2)cc1C#Cc1cnc2ccnn2c1,CHEMBL2336013,,6.0,0.6775613
RHABXJTVGBLGGH,COc1cc2ncnc(N3CCN(c4ncc(OCc5ccc(C#N)cc5)cn4)CC3)c2cc1OC,,,6.5,0.89155
BLTNVYOBZUELAP,CCc1cc2c(cc1N1CCN(CC3(O)CCOCC3)CC1)C(C)(C)c1[nH]c3cc(C#N)ccc3c1C2=O,CHEMBL3958173,,6.0,0.450245
YQAOSEHPJNJKJV,COc1cc2ncnc(N3CCN(c4ncc(Nc5ccc(C(C)(C)C)cc5)cn4)CC3)c2cc1OC,,,6.5,0.9900602
BPNUQXPIQBZCMR,Cc1n[nH]c2ccc(-c3cncc(OC[C@@H](N)Cc4ccccc4)c3)cc12,,5.683265772210207,5.0,0.16781324
SRTXNUBYCJUBTR,COc1cc2ncnc(N3CCN(c4ncc(OCc5ccc(C(C)(C)C)cc5)cn4)CC3)c2cc1OC,,,6.5,0.9692709
IXJWGYDVLMDAGB,COc1cc2ncnc(N3CCN(c4ncc(OCc5cc(Cl)cc(Cl)c5)cn4)CC3)c2cc1OC,,,6.5,0.9120871
LKVKUTQDMIGMIL,COc1cc2ncnc(N3CCN(c4ncc(OCc5ccc(C(F)(F)F)cc5)cn4)CC3)c2cc1OC,,,6.5,0.8885954
NJKRMPNUGZAMJN,CN(C)C1CCN(CCn2nc(-c3ccc(CC(=O)OC(C)(C)C)cc3)c3c(N)ncnc32)CC1,CHEMBL3823620,,6.0,0.018689519
YCCZMOACTVGCIF,Cc1cc2nc(-c3cc(CN4CCCCC4)cc(C(F)(F)F)c3)[nH]c2cc1Nc1nc(-c2cccnc2)cs1,,,,0.46689048
MFUPCOSJGKUZJA,Cc1cc2nc(-c3cccc(C(F)F)c3)[nH]c2cc1Nc1nc(-c2cccnc2)cs1,,,,0.9765078
DJSSFMOKPBTSAD,Cc1cccc(-c2nc3cc(C)c(Nc4nc(-c5cccnc5)cs4)cc3[nH]2)c1,,,,0.9757868
UHFXBTHPZIOOCI,Cc1cc2nc(-c3cc(CN4CCOCC4)cc(C(F)(F)F)c3)[nH]c2cc1Nc1nc(-c2cccnc2)cs1,,,,0.47397605
ZPDCUDNUZVKPPD,Cc1cc2nc(-c3cc(CN4CCCC4)cc(C(F)(F)F)c3)[nH]c2cc1Nc1nccc(-c2cccnc2)n1,,,,0.56761044
PTVZYXIUVSBOGP,CC(NC(=O)c1cccc(C(F)(F)F)c1)c1ccc(C2CC2)c(-c2ccc3nc(Nc4cnn(C5CC5)c4)ncc3c2)c1,,,6.0,0.24312218
HNTYXDKNLDTEMY,Cc1cc2nc(-c3cccc(C(F)F)c3)[nH]c2cc1Nc1nccc(-c2cccnc2)n1,,,,0.9756715
ORPOWFMVBOECOU,Cc1cc2nc(-c3cccc(OC(F)(F)F)c3)[nH]c2cc1Nc1nc(-c2cccnc2)cs1,,,,0.95100707
RQHMMULSNWEDCV,Cc1cc2nc(-c3cc(CN4CCOCC4)cc(C(F)(F)F)c3)[nH]c2cc1Nc1nccc(-c2cccnc2)n1,,,,0.55633277
YDTHAQBBDZWBSK,Cc1cc2nc(-c3cccc(C(F)(F)F)c3)[nH]c2cc1Nc1nccc(-c2cccnc2)n1,,,,0.93920624
NROVXTRLZBPRKE,Cc1cc2nc(-c3cccc(C#N)c3)[nH]c2cc1Nc1nc(-c2cccnc2)cs1,,,,0.9613632
YRXJPNNOYXAWGZ,CCc1ccc(C(C)NC(=O)c2cccc(C(F)(F)F)c2)cc1-c1ccc2nc(Nc3cnn(C)c3)ncc2c1,,,6.0,0.89463854
PCUILLKUFMASCJ,Cc1cc2nc(-c3ccc(CN4CCN(C)CC4)cc3)[nH]c2cc1Nc1nc(-c2cccnc2)cs1,,,,0.98547655
CXXQUKWQOBSEPR,Cc1cc2nc(-c3cccc(C(F)(F)F)c3)[nH]c2cc1Nc1nc(-c2cccnc2)cs1,,,,0.92001545
QXZRVVCOGNZJSK,Cc1cc2nc(-c3ccc(C)c(C(F)(F)F)c3)[nH]c2cc1Nc1nc(-c2cccnc2)cs1,,,,0.8328206
RXZXBZVZZIQHAN,Cc1cc2nc(-c3ccc(-n4cccn4)cc3)[nH]c2cc1Nc1nc(-c2cccnc2)cs1,,,,0.84523344
IBLMCGFQHSNLHW,Cc1cc2nc(-c3cncc(C(F)(F)F)c3)[nH]c2cc1Nc1nc(-c2cccnc2)cs1,,,,0.81682855
ZSCXDXCAXGANAA,Cc1cc2nc(-c3ccc(C(F)(F)F)cc3)[nH]c2cc1Nc1nc(-c2ccncc2)cs1,,,,0.8496051
PRRKHEBXBFHSEI,Cc1cc2nc(-c3cccc(C(F)(F)F)c3)[nH]c2cc1Nc1nc(-c2cncnc2)cs1,,,,0.8949807
CVTFOAIPNFCOHI,Cc1cc2nc(-c3cccc(C(F)F)c3)[nH]c2cc1Nc1nc(-c2ccc(C#N)cc2)cs1,,,,0.92630285
QZRDHGWYEGGXEG,Cc1cc2nc(-c3cc(F)cc(C(F)(F)F)c3)[nH]c2cc1Nc1nc(-c2cccnc2)cs1,,,,0.9201507
GREMDUBQJKSXED,Cc1cc2nc(-c3cccc(C(F)F)c3)[nH]c2cc1Nc1nc(-c2cncnc2)cs1,,,,0.9629717
RWSNNDFMGBBNOI,Cc1cc2nc(-c3cccc(C(F)(F)F)c3)[nH]c2cc1Nc1nc(-c2ccncc2)cs1,,,,0.90173763
DYVDVXVZVQDJDE,Cc1cccc(-c2nc3cc(C)c(Nc4nc(-c5ccncc5)cs4)cc3[nH]2)c1,,,,0.9669366
HJIYSCYXQGOBIR,Cc1cc2nc(-c3cccc(Cl)c3)[nH]c2cc1Nc1nccc(-c2cccnc2)n1,,,,0.983333
PZONUQMAOPGZCA,CCC(NC(=O)c1ccc(C2CC2)c(-c2ccc3nc(Nc4cnn(C5CC5)c4)ncc3c2)c1)c1cccc(C(F)(F)F)c1,,,6.0,0.25565746
LWFUTORIKZJXGV,Cc1cc2nc(-c3cccc(Cl)c3)[nH]c2cc1Nc1nc(-c2cccnc2)cs1,,,,0.98317164
RKNHIXKKSWPAQH,CC(NC(=O)c1ccc(C2CC2)c(-c2ccc3nc(Nc4cnn(C5CC5)c4)ncc3c2)c1)c1cccc(C(F)(F)F)c1,,,6.0,0.28608158
NLMGMXJWPGQEMK,Cc1cc2nc(-c3cccc(C(F)F)c3)[nH]c2cc1Nc1nc(-c2ccncc2)cs1,,,,0.9683805
RTVACQFQZIZLQC,Cc1cc2nc(-c3cccc(OC(F)(F)F)c3)[nH]c2cc1Nc1nc(-c2ccncc2)cs1,,,,0.93286973
HOYDPYPZIDPXNV,Cc1cc2nc(-c3cc(CN4CCCCC4)cc(C(F)(F)F)c3)[nH]c2cc1Nc1nccc(-c2cccnc2)n1,,,,0.5697003
FMFKLOIFVSYYNA,Cc1cc2nc(-c3ccc(C)c(C(F)(F)F)c3)[nH]c2cc1Nc1nccc(-c2cccnc2)n1,,,,0.88534343
QAHXFKRRPGCKNL,Cc1ccc(-c2noc([C@H]3C[C@@H]3F)n2)cc1NC(=O)c1cccnc1,,,6.0,0.95199275
UZXXCHHFCKHKPE,Cc1cc2c(cc1Nc1nc(-c3ccncc3)cs1)nc(-c1cccc(OC(F)(F)F)c1)n2C,,,,0.6039795
WVBUDZMYOBLWNQ,Cc1ccc(-c2noc([C@H]3C[C@@H]3F)n2)cc1NC(=O)c1cnc(C)n1C,,,6.0,0.92177725
JBEFYDZZJUUOAM,Cc1cc2c(cc1Nc1nc(-c3cccnc3)cs1)nc(-c1cccc(C(F)F)c1)n2C,,,,0.7307026
BMAAIFIWDHRUCW,Cc1cc2c(cc1Nc1nc(-c3ccncc3)cs1)nc(-c1cccc(C(F)F)c1)n2C,,,,0.63754684
TVYUPWACAXORJD,Cc1ccc(-c2noc([C@H]3C[C@@H]3F)n2)cc1NC(=O)c1cncn1C,,,6.0,0.9839305
ZYFUQUPIQPDZKL,Cc1cc2c(cc1Nc1nc(-c3ccncc3)cs1)nc(-c1cccc(C(F)(F)F)c1)n2C,,,,0.34911335
DAADDTPRNYNMDN,FC(F)c1cccc(-c2nc3cc(Nc4nc(-c5cccnc5)cs4)ccc3[nH]2)c1,,,,0.89606637
NWJHDUDHWYGTGE,FC(F)(F)Oc1cccc(-c2nc3cc(Nc4nc(-c5cccnc5)cs4)ccc3[nH]2)c1,,,,0.91001415
LYOSEDZXVGYTKI,Cc1cc2c(cc1Nc1nc(-c3cccnc3)cs1)nc(-c1cccc(C(F)(F)F)c1)n2C,,,,0.42223644
XWRIJOQEZNWCRI,Cc1cc2c(cc1Nc1nc(-c3cccnc3)cs1)nc(-c1cccc(OC(F)(F)F)c1)n2C,,,,0.70228225
ZNCVBACEQMJPPI,Cc1ccc(-c2noc([C@H]3C[C@@H]3F)n2)cc1NC(=O)c1cnn(C)c1C,,,6.0,0.92708486
FHIUCXQWWOLSHJ,Cc1cc2nc(-c3ccc(C(F)(F)F)cc3)[nH]c2cc1Nc1nc(-c2ccc(C(N)=O)cc2)cs1,,,,0.7481253
MLCBSYJMHCCREO,Cc1ccc(-c2noc([C@H]3C[C@@H]3F)n2)cc1NC(=O)c1ccnc2ncccc12,,,6.0,0.8686989
KTCPPBLMESZLDG,Cc1cc2nc(-c3cccc(OC(F)(F)F)c3)[nH]c2cc1Nc1nc(-c2ccc(C#N)cc2)cs1,,,,0.8988068
BGELRUVDDZYTIV,Cc1ccc(-c2noc([C@H]3C[C@@H]3F)n2)cc1NC(=O)c1cnn2c1CCCC2,,,6.0,0.7736334
RZFDVSBFCBTCLZ,Cc1cc2nc(-c3cccc(C(F)(F)F)c3)[nH]c2cc1Nc1nc(-c2ccc(C#N)cc2)cs1,,,,0.86912924
QFHIEWPYLPEWEX,Cc1cc2nc(-c3cccc(C(F)F)c3)[nH]c2cc1Nc1nc(-c2ccc(C(N)=O)cc2)cs1,,,,0.8877533
LYHQGWJXFQXZER,Cc1ccc(-c2noc([C@H]3C[C@@H]3F)n2)cc1NC(=O)c1cnn2cccnc12,,,6.0,0.9305974
WAWCVTDNTGRJIN,Cc1ccc(-c2nc3cc(C)c(Nc4nc(-c5cccnc5)cs4)cc3[nH]2)s1,,,,0.9813415
CLRYKCOSQHRMFZ,Cc1ccc(-c2noc([C@H]3C[C@@H]3F)n2)cc1NC(=O)c1ccnc2cnccc12,,,6.0,0.85090923
YGYAWTWUWLITLA,Cc1ccc(-c2nc3cc(Nc4nc(-c5ccncc5)cs4)c(C)cc3[nH]2)s1,,,,0.9677213
NLMQAKAIELKWOB,Cc1ccc(-c2noc([C@H]3C[C@@H]3F)n2)cc1NC(=O)c1cccnn1,,,6.0,0.9525327
QXLAELHFYHJNOE,Cc1cccc(-c2nc3cc(C)c(Nc4nc(-c5ccc(C#N)cc5)cs4)cc3[nH]2)c1,,,,0.9432417
COIWHARRIJNOLY,Cc1cccc(-c2nc3cc(Nc4nc(-c5ccnc(Cl)c5)cs4)c(C)cc3[nH]2)c1,,,,0.9801641
SFOTVXXEANMLFH,Cc1cc2[nH]c(-c3cccc(C(F)F)c3)nc2cc1Nc1nc(-c2ccnc(Cl)c2)cs1,,,,0.96955127
WZPVDURRZYKUAS,CCn1c(-c2cccc(C(F)(F)F)c2)nc2cc(Nc3nc(-c4ccncc4)cs3)c(C)cc21,,,,0.270356
IPEDQRWUVJWQPD,Cc1cc2[nH]c(-c3cccc(C(F)(F)F)c3)nc2cc1Nc1nc(-c2ccnc(Cl)c2)cs1,,,,0.9439291
VHGMIVYMEMQVPX,Cc1cc2c(cc1Nc1nc(-c3ccc(C#N)cc3)cs1)nc(-c1cccc(C(F)F)c1)n2C,,,,0.71604514
SFVVCUYHFZNREN,Cc1cccc(-c2nc3cc(Nc4nc(-c5ccc(C#N)cc5)cs4)c(C)cc3n2C)c1,,,,0.66624665
MKOOVBOUQWPUAK,CCn1c(-c2cccc(C(F)F)c2)nc2cc(Nc3nc(-c4cccnc4)cs3)c(C)cc21,,,,0.4733645
KOLHVSBLUPRPMN,CCn1c(-c2cccc(C(F)(F)F)c2)nc2cc(Nc3nc(-c4cccnc4)cs3)c(C)cc21,,,,0.3171118
AMPDWLDVLXGHIH,Cc1cc2[nH]c(-c3ccc(C(F)F)cc3)nc2cc1Nc1nc(-c2cccnc2)cs1,,,,0.9230012
PIOAHFWWENRHTB,Cc1cc2c(cc1Nc1nc(-c3ccncc3)cs1)nc(-c1cccc(C(F)F)c1)n2C(C)C,,,,0.78448564
GHLPYVDXXQESQN,Cc1cc2c(cc1Nc1nc(-c3cccnc3)cs1)nc(-c1ccc(C(F)F)cc1)n2C,,,,0.7528252
ALPDUZFBNCJSOH,Cc1cc2c(cc1Nc1nc(-c3ccncc3)cs1)nc(-c1ccc(C(F)F)cc1)n2C,,,,0.6812799
NKTVKMCHRMDFHV,Cc1ccc(-c2nn(CCN3CCN(CCN(C)C)CC3)c3ncnc(N)c23)cc1,,,6.0,0.0017745052
ZFIUHWTZJPMQKN,CCn1c(-c2cccc(C(F)F)c2)nc2cc(Nc3nc(-c4ccncc4)cs3)c(C)cc21,,,,0.4076448
RSWVUHGRSKMXFQ,Cc1ccc(-c2nn(CCN3CCN(C)CC3)c3ncnc(N)c23)cc1,,,6.0,0.0017583583
LBVZMPGTGVOFHO,CCn1c(-c2cccc(C)c2)nc2cc(Nc3nc(-c4ccncc4)cs3)c(C)cc21,,,,0.3707625
UENKPGFLSLACJF,Cc1cc2c(cc1Nc1nc(-c3ccncc3)cs1)nc(-c1cccc(C(F)(F)F)c1)n2C(C)C,,,,0.6331769
FTRBWOOTAUHLCL,Cc1cccc(-c2nc3cc(Nc4nc(-c5ccncc5)cs4)c(C)cc3n2C(C)C)c1,,,,0.76353794
BVUYVOKDIZYBPW,Cc1ccc(-c2noc([C@H]3C[C@@H]3F)n2)cc1NC(=O)c1cnn2c1CCC2,,,6.0,0.76580864
XBEWPWNQUDCPAH,COCCOc1cc(F)c2c(Nc3ccc(NC(=O)CCN4CCCC4=O)cc3)ncnc2c1,,,6.0,0.6923315
WRMPLAAISSHIGI,Cc1cccc(-c2nc3cc(Nc4nc(-c5cccc(C#N)c5)cs4)c(C)cc3[nH]2)c1,,,,0.96650755
YKYIEUOCZXVUTE,Cc1ccc(-c2noc([C@H]3C[C@@H]3F)n2)cc1NC(=O)c1cnc2n1CCC2,,,6.0,0.67979735
GABFTERPCWPPLP,Cc1cc2[nH]c(-c3cccc(C(F)(F)F)c3)nc2cc1Nc1nc(-c2cccc(C#N)c2)cs1,,,,0.93356985
GCLNTGRGXYJXKJ,Cc1ncc(C(=O)Nc2cc(-c3noc([C@H]4C[C@@H]4F)n3)ccc2C)s1,,,6.0,0.9821879
SCWCAEJGGCFUSX,Cc1cc2nc(-c3cccc(C(F)F)c3)[nH]c2cc1Nc1nc(-c2cccc(C#N)c2)cs1,,,,0.9608749
RHOKBOMSVRSWTG,Cc1ccc(-c2noc([C@H]3C[C@@H]3F)n2)cc1NC(=O)c1cnn(C)c1,,,6.0,0.9885649
IBCGPVVKHZXWNX,COc1cc(-c2nn(CCN3CCC(N(C)C)CC3)c3ncnc(N)c23)ccc1Cc1ncc(C)o1,,,6.0,0.11159747
LOXWPMBLSYBLJL,COc1cccc(-c2nc3cc(Nc4nc(-c5ccc(C#N)cc5)cs4)c(C)cc3[nH]2)c1,,,,0.9232301
AZXZHOFFMSENOH,Cc1ccc(-c2noc([C@H]3C[C@@H]3F)n2)cc1NC(=O)c1cnc2c(cnn2C(=O)C(C)C)c1,,,6.0,0.96717495
SCEGWDLZDRXYCR,Cc1cc2c(cc1Nc1nc(-c3ccncc3)cs1)nc(-c1cccc(N(C)C)c1)n2C,,,,0.4116789
ATFAILAVISLNCW,Cc1ccc(-c2noc([C@H]3C[C@@H]3F)n2)cc1NC(=O)c1cnc2[nH]ccc2c1,,,6.0,0.97379184
DHRQQFZGYAFHAI,Cc1cc2[nH]c(-c3cccc(C(C)C)c3)nc2cc1Nc1nc(-c2cccnc2)cs1,,,,0.95595324
FIIARUNHTRJRTO,Cc1cc2[nH]c(-c3cccc(S(C)(=O)=O)c3)nc2cc1Nc1nc(-c2ccc(C#N)cc2)cs1,,,,0.8010038
OCJMSRGFHJEKLR,Cc1ccc(-c2noc([C@H]3C[C@@H]3F)n2)cc1NC(=O)c1cnc2[nH]ncc2c1,,,6.0,0.9789842
LJCCUKDMLDUOCK,Cc1cc2nc(-c3cccc(N(C)C)c3)[nH]c2cc1Nc1nc(-c2cccnc2)cs1,,,,0.94917536
KZRDVFBPXXGSPD,COc1cc(-c2nn(CCN3CCC(N(C)C)CC3)c3ncnc(N)c23)ccc1NC(=O)NC(C)(C)C,CHEMBL3823711,,6.0,0.08804613
YQZSAMDSAMHWFV,Cc1cc2c(cc1Nc1nc(-c3ccnc(Cl)c3)cs1)nc(-c1cccc(C(F)F)c1)n2C,,,,0.7691325
IFWZICFQUWLWHF,Cc1ccc(-c2noc([C@H]3C[C@@H]3F)n2)cc1NC(=O)c1cnc2cccn2c1,,,6.0,0.97328216
WRHRTMMDSAWUDS,Cc1cc2c(cc1Nc1nc(-c3ccncc3)cs1)nc(-c1cccc(S(C)(=O)=O)c1)n2C,,,,0.5407193
NDODXTWQIWRLJN,CCN1CCN(c2cc(Nc3nc(-c4cccnc4)cs3)nc(C)n2)CC1,,,6.0,0.94010746
GXJYPPMVYDZNLF,Cc1cc2c(cc1Nc1nc(-c3ccc(C#N)cc3)cs1)nc(-c1cccc(C(F)(F)F)c1)n2C,,,,0.48906967
VLPCGSHGBAFRAV,COCCOc1cc(F)c2c(Nc3ccc(NC(=O)CCC4CCN(C)CC4)cc3)ncnc2c1,,,6.0,0.424776
OOZQDZSJBDCIIL,CCn1c(-c2cccc(OC(F)(F)F)c2)nc2cc(Nc3nc(-c4cccnc4)cs3)c(C)cc21,,,,0.5777155
BBNVYLWVLVPHRI,Cc1ccc(-c2noc([C@H]3C[C@@H]3F)n2)cc1NC(=O)c1n[nH]c2ncccc12,,,6.0,0.92062634
HKWXIHAZNJMBAO,COc1cccc(-c2nc3cc(Nc4nc(-c5ccncc5)cs4)c(C)cc3n2C)c1,,,,0.58775973
MFSOFZXVEKLGTK,COc1cccc(-c2nc3cc(Nc4nc(-c5cccnc5)cs4)c(C)cc3[nH]2)c1,,,,0.97240204
JWWLXYSYPDDFQR,Cc1cc2[nH]c(-c3cccc(S(C)(=O)=O)c3)nc2cc1Nc1nc(-c2cccnc2)cs1,,,,0.8234727
MZZHWLGNNSXFGA,Cc1ccc(-c2noc([C@H]3C[C@@H]3F)n2)cc1NC(=O)c1coc2ccccc12,,,6.0,0.9052784
SNHZVLJGXHTEHS,Cc1cc2c(cc1Nc1nc(-c3ccncc3)cs1)nc(-c1cccc(F)c1)n2C,,,,0.6250278
UBUOVKCTWJHRPV,Cc1ccc(-c2noc([C@H]3C[C@@H]3F)n2)cc1NC(=O)c1nnc2ccccn12,,,6.0,0.9572258
QRDAYXVAEWHKGH,Cc1cc2c(cc1Nc1nc(-c3ccncc3)cs1)nc(-c1cc(F)cc(C(F)(F)F)c1)n2C,,,,0.35179275
SIKSNANBUKZKJG,Cc1ccc(-c2noc([C@H]3C[C@@H]3F)n2)cc1NC(=O)c1nnn2ccccc12,,,6.0,0.95803696
NPKVPEPZTJHYSG,Cc1cc2c(cc1Nc1nc(-c3cccnc3)cs1)nc(-c1cc(F)cc(C(F)(F)F)c1)n2C,,,,0.41703537
XWEVZEQSPXSJFO,Cc1ccc(-c2noc([C@H]3C[C@@H]3F)n2)cc1NC(=O)c1cnn2ncccc12,,,6.0,0.91531503
KJLXCOHIBDOKHP,Cc1cc2c(cc1Nc1nc(-c3cccnc3)cs1)nc(-c1cccc(C(C)(C)C)c1)n2C,,,,0.58551997
MKZXYXUXDCNJRL,Cc1ccc(-c2noc([C@H]3C[C@@H]3F)n2)cc1NC(=O)c1csc2cncnc12,,,6.0,0.9354472
HTMKGMWGEDGQCP,C#Cc1cccc(-c2nc3cc(Nc4nc(-c5cccnc5)cs4)c(C)cc3n2C)c1,,,,0.6109957
BLFGJPXSAUFTRH,Cc1ccc(-c2noc([C@H]3C[C@@H]3F)n2)cc1NC(=O)c1cnc2cccnn12,,,6.0,0.94218314
DFCVBNFAXUROMK,Cc1cc2c(cc1Nc1nc(-c3ccncc3)cs1)nc(-c1cccc(C(C)C)c1)n2C,,,,0.45654893
JAXASASJXXLUQO,Cc1ccc(-c2noc([C@H]3C[C@@H]3F)n2)cc1NC(=O)c1cncn1-c1ccccc1,,,6.0,0.9241021
WXJJCDDYMJSHIM,Cc1cc2c(cc1Nc1nc(-c3ccncc3)cs1)nc(-c1cccc(C(C)(C)C)c1)n2C,,,,0.4846785
DXADCJXRWSSKGJ,Cc1cc2[nH]c(-c3cc(F)cc(C(F)(F)F)c3)nc2cc1Nc1nc(-c2ccncc2)cs1,,,,0.8837249
UMDSKRLTGOKFSR,Cc1cc2[nH]c(-c3cccc(C(C)C)c3)nc2cc1Nc1nc(-c2ccncc2)cs1,,,,0.9337904
NHFLCOYEOVESBR,Cc1ccc(-c2noc([C@H]3C[C@@H]3F)n2)cc1NC(=O)c1cnc2ncccc2c1,,,6.0,0.95532995
XIYNLSVFGUCJHV,C#Cc1cccc(-c2nc3cc(Nc4nc(-c5cccnc5)cs4)c(C)cc3[nH]2)c1,,,,0.9604302
ZUBVKRXPQXGAHA,Cc1ccc(-c2noc([C@H]3C[C@@H]3F)n2)cc1NC(=O)c1cnc2sccc2c1,,,6.0,0.9786012
RNOKZSWLVVEYKR,Cc1cc2c(cc1Nc1nc(-c3cccnc3)cs1)nc(-c1cccc(C(C)C)c1)n2C,,,,0.56260973
IDLQHSPILCLBNQ,Cc1ccc(-c2noc([C@H]3C[C@@H]3F)n2)cc1NC(=O)c1ccnc2ccnn12,,,6.0,0.90912765
SGDPMUFTWOAYGX,Cc1cc2[nH]c(-c3cccc(C(C)(C)C)c3)nc2cc1Nc1nc(-c2cccnc2)cs1,,,,0.9674919
BDVGHJLTQZVVPA,CC(C)S(=O)(=O)c1ccccc1Nc1nc(Nc2cccc(NC(=O)CN)c2)ncc1Cl,CHEMBL3357439,,6.0,0.043940753
PXCLADHUDYXHFX,Cc1ccc(-c2noc([C@H]3C[C@@H]3F)n2)cc1NC(=O)c1ccnc2ccccc12,,,6.0,0.8731701
WMJVMRCUZSQIGP,Cc1cc2c(cc1Nc1nc(-c3ccc(C#N)cc3)cs1)nc(-c1cc(F)cc(C(F)(F)F)c1)n2C,,,,0.4251906
VCXSHMIBGZLHAX,Cc1cc2[nH]c(-c3cccc(C(C)C)c3)nc2cc1Nc1nc(-c2ccc(C#N)cc2)cs1,,,,0.901565
PGOCGLZVPLYWEA,Cc1ccc(-c2noc([C@H]3C[C@@H]3F)n2)cc1NC(=O)c1cnc2ncccn12,,,6.0,0.9194735
ZCDHVBDCNMCOLP,COCCOc1cc(F)c2c(Nc3ccc(NC(=O)CC4CCN(C)CC4)cc3)ncnc2c1,,,6.0,0.5866858
FWWSUAHDGWATAI,Cc1cc2c(cc1Nc1nc(-c3ccc(C#N)cc3)cs1)nc(-c1cccc(C(C)(C)C)c1)n2C,,,,0.6381198
LPRQDMFDYUXVRX,Cc1ccc(-c2noc([C@H]3C[C@@H]3F)n2)cc1NC(=O)c1cn(-c2ccccc2)nn1,,,6.0,0.94996476
AOBDHIAEQDNQGZ,C#Cc1cccc(-c2nc3cc(Nc4nc(-c5ccc(C#N)cc5)cs4)c(C)cc3[nH]2)c1,,,,0.9076052
HJOAUZONLDFDSK,Cc1cc2c(cc1Nc1nc(-c3ccc(C#N)cc3)cs1)nc(-c1cccc(C(C)C)c1)n2C,,,,0.5825685
UOLBSDJWLVJXES,Cc1ccc(-c2noc([C@H]3C[C@@H]3F)n2)cc1NC(=O)c1cn2ccsc2n1,,,6.0,0.97334754
LNJBYNIEJSQJSO,COCCOc1cc(F)c2c(Nc3ccc(NC(=O)CC(=O)NCCN4CCOCC4)cc3)ncnc2c1,,,6.0,0.9280735
WWGSFMKWMJWOFC,Cc1ccc(-c2noc([C@H]3C[C@@H]3F)n2)cc1NC(=O)c1cnc2c(c1)N=CC2,,,6.0,0.8524621
IRZYGJVTOHTDLQ,Cc1ccc(-c2noc([C@H]3C[C@@H]3F)n2)cc1NC(=O)c1cnc2c(c1)ncn2C(=O)C(C)C,,,6.0,0.9608433
TUSBIBFRQJVAQO,Cc1ccc(-c2noc([C@H]3C[C@@H]3F)n2)cc1NC(=O)c1cnc2ccncc2c1,,,6.0,0.9692012
ILEUXWIRBYBYDH,Cc1ccc(-c2noc([C@H]3C[C@@H]3F)n2)cc1NC(=O)c1cnc2ccccc2n1,,,6.0,0.96028215
XGUOFMDFBLXCEA,CN(C)CCOc1cc(F)c2c(Nc3ccc(NC(=O)NCCC(C)(C)C#N)cc3)ncnc2c1,,,6.0,0.5750669
CYSMUJLJWZMGCI,COCCOc1cc(F)c2c(Nc3ccc(NC(=O)CC(=O)NCCN(C)C)cc3)ncnc2c1,,,6.0,0.9527371
FSYLDKUOJFCPGD,Cc1ccc(-c2noc([C@H]3C[C@@H]3F)n2)cc1NC(=O)c1cnc2cnccc2c1,,,6.0,0.9703214
NGCOQINCRPCIRI,Cc1ccc(-c2noc([C@H]3C[C@@H]3F)n2)cc1NC(=O)c1cnn(-c2ccccc2Cl)c1,,,6.0,0.9917508
HYOHNNXEDWDAEA,Cc1ccc(-c2noc([C@H]3C[C@@H]3F)n2)cc1NC(=O)c1cnc(-c2ccccc2)[nH]1,,,6.0,0.97408706
BXXJCZYJRBGBIC,Cc1cc2[nH]c(-c3cccc(C(C)(C)C)c3)nc2cc1Nc1nc(-c2ccncc2)cs1,,,,0.9543202
XKZQZMSAWVDRSP,O=C(Cc1ccccc1)Nc1cccc(-c2nc3sccn3c2-c2ccnc(Nc3cccc(N4CCOCC4)c3)n2)c1,CHEMBL1090360,,6.0,0.9145895
GJLYYKMRJXDSJG,Cc1cc2[nH]c(-c3cccc(C(C)(C)C)c3)nc2cc1Nc1nc(-c2ccc(C#N)cc2)cs1,,,,0.9209393
ZSBFAEIPFMSLMS,Cc1ccc(-c2noc([C@H]3C[C@@H]3F)n2)cc1NC(=O)c1cnn2cc(Cl)c(Br)cc12,,,6.0,0.9814525
LZEPVRBVQZCGNF,Cc1ccc(-c2noc([C@H]3C[C@@H]3F)n2)cc1NC(=O)c1cn(-c2ccccc2)nc1C,,,6.0,0.9764305
IDJWMYISJOZOLR,Cc1ccc(-c2noc([C@H]3C[C@@H]3F)n2)cc1NC(=O)c1cnc2ncsc2c1,,,6.0,0.9657033
SRXKDLOEQKQEAN,Cc1ccc(-c2noc([C@H]3C[C@@H]3F)n2)cc1NC(=O)c1cnn(-c2ccc(Cl)cc2)c1,,,6.0,0.9471444
JJZNUTXUWQIJGR,COCCOc1cc(F)c2c(Nc3ccc(NC(=O)NCCC(C)(C)C#N)cc3F)ncnc2c1,,,6.0,0.7685068
XWVZJSNWFWMKDU,Cc1ccc(-c2noc([C@H]3C[C@@H]3F)n2)cc1NC(=O)c1cnc2cn[nH]c2c1,,,6.0,0.9794677
PDXNZFYSXDROPV,Cc1ccc(-c2noc([C@H]3C[C@@H]3F)n2)cc1NC(=O)c1cnc2cnn(C(=O)C(C)C)c2c1,,,6.0,0.9501553
XBEVDWVDFIIRNZ,Cc1ccc(-c2noc([C@H]3C[C@@H]3F)n2)cc1NC(=O)c1cnc2nccn2c1,,,6.0,0.94335806
HFRAHYHGTGTXKK,Cc1ccc(-c2noc([C@H]3C[C@@H]3F)n2)cc1NC(=O)c1cnc2ccnn2c1,,,6.0,0.9584893
OEGMFVVRCHZIFC,COCCOc1cc(F)c2c(Nc3ccc(NC(=O)C4(C(=O)N(C)CC(C)C)CC4)cc3)ncnc2c1,,,6.0,0.96480435
LRWZACSKNQGYHL,Cc1ccc(-c2noc([C@H]3C[C@@H]3F)n2)cc1NC(=O)c1cnn(-c2ccccc2)c1C,,,6.0,0.9730472
IHAVJTFSJLCZIU,Cc1ccc(-c2noc([C@H]3C[C@@H]3F)n2)cc1NC(=O)c1cn2ncsc2n1,,,6.0,0.97587913
RBCIQLJBELJZGP,Cc1ccc(-c2noc([C@H]3C[C@@H]3F)n2)cc1NC(=O)c1cnc2n1C(Cc1ccccc1)c1ccccc1-2,,,6.0,0.9431504
XMMHOTKUMFNYLD,Cc1ccc(-c2noc([C@H]3C[C@@H]3F)n2)cc1NC(=O)c1cnn(-c2cccc(Br)c2)c1,,,6.0,0.99176687
LMPFPYKUQVKZSG,Cc1ccc(-c2noc([C@H]3C[C@@H]3F)n2)cc1NC(=O)c1cnn(-c2ccccc2)n1,,,6.0,0.9656317
GLIJNRZUGWDCMP,Cc1ccc(-c2noc([C@H]3C[C@@H]3F)n2)cc1NC(=O)c1cnn(-c2cccc(Cl)c2)c1,,,6.0,0.9887123
JMRSUMPXVCGQPZ,COc1ccccc1-c1ncc(C(=O)Nc2cc(-c3noc([C@H]4C[C@@H]4F)n3)ccc2C)[nH]1,,,6.0,0.97683495
ARIMYMMFWAJBRJ,Cc1ccc(-c2noc([C@H]3C[C@@H]3F)n2)cc1NC(=O)c1cnn2ccc(C(=O)N3CCCCC3)cc12,,,6.0,0.6715986
YKYBTTLHTGXRKS,Cc1ccc(-c2noc([C@H]3C[C@@H]3F)n2)cc1NC(=O)n1c(=O)[nH]c2ccccc21,,,6.0,0.95515394
YPFVUKGKZSZJIZ,Cc1ccc(-c2noc([C@H]3C[C@@H]3F)n2)cc1NC(=O)c1cnn(-c2cccc(NC(=O)OC(C)(C)C)c2)c1,,,6.0,0.9523991
WVGQFWRZBUTTRJ,Cc1ccc(-c2noc([C@H]3C[C@@H]3F)n2)cc1NC(=O)c1cnn2cc(C#N)ccc12,,,6.0,0.93656784
RZTGGKPEYBEMGH,COCCOc1cc(F)c2c(Nc3ccc(NC(=O)C(=O)NC(C)(C)C)cc3)ncnc2c1,,,6.0,0.825972
QXWJFVIVMPFYNJ,Cc1ccc(-c2noc([C@H]3C[C@@H]3F)n2)cc1NC(=O)c1cnn2cc(-c3cnnn3CC(F)(F)F)ccc12,,,6.0,0.95622617
PLBMHECZSAHAMZ,Cc1ccc(-c2noc([C@H]3C[C@@H]3F)n2)cc1NC(=O)c1cnn2cc(Cl)c(-c3c(C)nn(CC(C)(C)O)c3C)cc12,,,6.0,0.9475184
HQYHRDXUOLPOSW,CC(C)(F)CCNC(=O)Nc1ccc(Nc2ncnc3cc(O[C@@H]4CCOC4)cc(F)c23)cc1,,,7.0,0.19978517
MQDFIHDJNNHVLI,Cc1ccc(-c2noc(C3C[C@@H]3F)n2)cc1NC(=O)c1cnn2cc(F)c(-c3c(C)nn(C(F)F)c3C)cc12,,,6.0,0.98722017
WRRZNJDWQULVTC,Cc1ccc(-c2noc([C@H]3C[C@@H]3F)n2)cc1NC(=O)c1cnn2cc(Cl)c(-c3c(C)nn(C(F)F)c3C)cc12,,,6.0,0.9728962
FLSREMHAGZQPCF,COCCOc1ccc2ncnc(Nc3ccc(NC(=O)CC(=O)NC(C)(C)C)cc3)c2c1F,,,6.0,0.8490749
FGJJAAFBTCGYJN,COCCOc1ccc2c(Nc3ccc(NC(=O)CC(=O)NCC(C)(C)C)cn3)ccnc2c1,,,6.0,0.93557835
DNPKYEGYXICBIC,COc1ccc(COc2ccc(Cc3ccnc4cc(OC)ccc34)cc2OC)cc1,,,6.0,0.08574374
BJMQAOASNAIEEC,Cc1n[nH]c(C(=O)Nc2cnc3[nH]ccc3c2)c1C,,5.259637310505756,5.629818655252878,4.5631222e-07
LOKYWESSMYIPST,COc1ccc(COc2ncc(Cc3ccnc4cc(OC)ccc34)cc2OC)nc1,,,6.0,0.1276058
YYFJXWVWFNDEQO,COc1ccc(COc2ncc(Cc3ccnc4cccnc34)cc2OC)nc1,,,6.0,0.1379454
VQCRKCWBVXXGJP,Cc1ccc(-c2noc([C@H]3C[C@@H]3F)n2)cc1NC(=O)c1cnn2ccc(N3CC4(CCN4C(=O)OC(C)(C)C)C3)cc12,,,6.0,0.9695812
QTLSKAASRCRKSN,COc1cnc2c(Cc3cnc(OCc4ccc(OC(F)F)cn4)c(OC)c3)ccnc2c1,,,6.0,0.26958495
XRCSKUMFSBASQD,COc1cnc2c(Cc3cnc(OCc4ccc(C5CC5)cn4)c(OC)c3)ccnc2c1,,,6.0,0.30124056
DDSFKIFGAPZBSR,COc1cnc2c(Cc3cnc(OCc4cc5n(n4)CCC5)c(OC)c3)ccnc2c1,,,6.0,0.00056443765
VEOJWDIOGYOBBZ,COc1cnc2c(Cc3cnc(OCc4cc5n(n4)CCOC5)c(OC)c3)ccnc2c1,,,6.0,0.00028845624
MKGAGOCVKXZIHW,CCNS(=O)(=O)c1cccc(Nc2ncc(NC(=O)c3[nH]nc(C)c3C)cn2)c1,,5.259637310505756,5.629818655252878,0.021011025
TVLIMDOXMPEQRH,[2H]C([2H])([2H])Oc1cc(Cc2ccnc3cc(OC)cnc23)cnc1OCc1ccc(OC)cn1,,,6.0,0.6935603
SUEJESRVIGEHJW,[2H]C([2H])([2H])Oc1ccc(COc2ncc(Cc3ccnc4cc(OC)cnc34)cc2OC)nc1,,,6.0,0.834797
BKTCPWZDCPQGHN,[2H]C([2H])([2H])Oc1cnc2c(Cc3cnc(OCc4ccc(OC)cn4)c(OC)c3)ccnc2c1,,,6.0,0.7941454
RMOZJXHYTBVEFS,COc1cnc2c(Cc3cnc(OCc4ccc([C@H]5CC5(F)F)cn4)c(OC)c3)ccnc2c1,,,6.0,0.68338996
BEFVONVQJATKOC,COc1cnc2c(Cc3cnc(OCc4cc(C)n(C)n4)c(OC)c3)ccnc2c1,,,6.0,0.21830069
OKCDKESLNZVCFU,COc1cnc2c(Cc3cnc(OCc4cc(C(C)C)no4)c(OC)c3)ccnc2c1,,,6.0,0.14007048
YFODNCCYZLLKDI,Cc1ccc(-c2noc([C@H]3C[C@@H]3F)n2)cc1NC(=O)c1cnc(-c2ccnc(NC(=O)OC(C)(C)C)c2)o1,,,6.0,0.9261235
GESYJCWBWMLSQV,Cc1ccc(-c2noc([C@H]3C[C@@H]3F)n2)cc1NC(=O)c1cnc(-c2ccccc2N2CC3(COC3)C2)o1,,,6.0,0.9498726
JGEINCVVCAMCGY,COc1cnc2c(Cc3cnc(OCc4cnc5c(c4)OCCN5C)c(OC)c3)ccnc2c1,,,6.0,0.01635386
OIWURFFEZTWVEC,Cc1ccc(-c2noc([C@H]3C[C@@H]3F)n2)cc1NC(=O)c1cnc(-c2ccncc2)o1,,,6.0,0.94832104
DXSNABFFEGSUAM,COc1ccccc1-c1ncc(C(=O)Nc2cc(-c3noc([C@H]4C[C@@H]4F)n3)ccc2C)o1,,,6.0,0.9636084
QMMMQJXDSXJIFW,Cc1ccc(-c2noc([C@H]3C[C@@H]3F)n2)cc1NC(=O)c1cnc(-c2cccnc2)o1,,,6.0,0.9660561
JBCIHWMMLFETPZ,COc1cnc2c(Cc3cnc(OCc4cc(C)n(C5COC5)n4)c(OC)c3)ccnc2c1,,,6.0,0.00598775
QYKCXIWILPXEKC,Cc1ccc(-c2noc([C@H]3C[C@@H]3F)n2)cc1NC(=O)c1cnc(-c2ccc(NC(=O)OC(C)(C)C)nc2)o1,,,6.0,0.93782645
XXKRWIMASHZRGK,Cc1ccc(-c2noc([C@H]3C[C@@H]3F)n2)cc1NC(=O)c1cnc(-c2ccccn2)o1,,,6.0,0.96694726
DYTFCWLSZFELGG,COc1cnc2c(Cc3cnc(OCc4cc(C(C)C)n(C)n4)c(OC)c3)ccnc2c1,,,6.0,0.029490523
SPTOBYMWCCVNAY,COc1cnc2c(Cc3cnc(OCc4cc5n(n4)C[C@H](F)C5)c(OC)c3)ccnc2c1,,,6.0,0.00062183157
DEVPNNKKGPZYFO,COc1ccc(COc2ncc(Cc3ccnc4cc(N5CCN(C)CC5)cnc34)cc2OC)nc1,,,6.0,0.23257056
IKFKDNXBBFKWFD,CC(C)N(C)c1ccc([C@@H](C)CC(=O)c2ccc3c(c2)[nH]c(=O)n3C)cn1,,6.653647025549361,6.653647025549361,0.2921456
GCWJQZANTVFKSF,CCc1c(I)cccc1C(=O)Nc1ccc(CN2CCN(C)CC2)c(C(F)(F)F)c1,CHEMBL4087133,5.983384452442823,5.983384452442823,0.92867595
YPXWUKLQAUBCPF,CN1CCN(C(=O)c2ccc3c(c2)[nH]c2c(C(N)=O)ccc(-c4cccc(NC(=O)c5ccc(N(C)C)cc5)c4F)c23)CC1,CHEMBL3622193,5.978810700930062,5.978810700930062,0.8033395
GXWLTJGZFHXMSX,Cc1cc2c(cc1N1CCC(N3CCOCC3)CC1)C(C)(C)c1[nH]c3cc(C#N)ccc3c1C2=O,CHEMBL1940181,5.975925012692573,5.975925012692573,0.6058143
XNOPUGWJDVUCJD,Cc1ccc(C(=O)NC2CC2)cc1-c1ccc2c(NCCN3CCOCC3)nncc2c1,CHEMBL494270,5.974284616098659,5.974284616098659,0.48379374
XANMCBRIKIVXBI,Cc1ccc(C(=O)NC2CC2)cc1-c1ccc2c(O[C@@H](C)C(F)(F)F)nncc2c1,CHEMBL493708;CHEMBL493671,5.952308259593531,5.952308259593531,0.9207881
ZYSJQBKVRRFPQE,CN1CCN(c2cccc(C(=O)Nc3n[nH]c4cc(OCCOCc5ccccc5)ccc34)c2)CC1,,5.96738123914928,5.96738123914928,0.770903
UCUVIFYGOBXXKX,CNCc1cc(F)c(-c2cc3c(-c4cnn(C)c4)n[nH]c3cn2)c(F)c1,,5.96738123914928,5.96738123914928,0.0011301818
AZUGZDWCCRNTDK,CC(=O)N1CCc2cc(Nc3ncc(C(F)(F)F)c(N[C@H]4CC[C@@H](N)CC4)n3)ccc2C1,,5.964970717797632,5.964970717797632,0.0643561
AXRCEOKUDYDWLF,Cn1cc(C2=C(c3cn(C4CCN(Cc5ccccn5)CC4)c4ccccc34)C(=O)NC2=O)c2ccccc21,CHEMBL300138,5.621301985603488,5.0,0.09864672
MMJWZGGVKOHMPQ,CNc1ncc2c(-c3ccc(N4CCNCC4)nc3)nn(CC3CCCC3)c2n1,,5.958607314841775,5.958607314841775,0.005587076
KRARTFXFXSHLCH,O=C(Nc1cccc2c1Cc1c-2n[nH]c1-c1ccsc1)c1ccco1,CHEMBL247389,5.958607314841775,5.958607314841775,0.07520528
VFFKOUSSVDBQAF,Oc1ccc(-c2ccc3c(-c4ccc(N5CCNCC5)cc4)c[nH]c3n2)cc1,CHEMBL1910892,5.955852379121277,5.955852379121277,0.3827284
AZTMYWWWILJAKW,N#Cc1ncc2nc1OCCCCOc1cc(NCc3cncs3)c(Cl)cc1NC(=O)N2,CHEMBL248757,5.95116991347165,5.95116991347165,0.0028425623
NVMYFKIVNIJBJT,COC(=O)C(=O)Nc1cccc2c1Cc1c-2n[nH]c1-c1ccsc1,CHEMBL247388,5.950781977329818,5.950781977329818,0.17421746
MMADONAZXAJFKA,Cc1ccc(C(=O)NCC2CCCCC2)cc1C(=O)Nc1ccc(N)nc1,CHEMBL488833,5.928117992693875,5.928117992693875,0.9851952
CPRASSMXAHKLHY,CCN(CC)CCCNc1nccc2c(C)c3[nH]c4ccc(O)cc4c3c(C)c12,CHEMBL282444,5.887345359137068,5.887345359137068,0.48779145
LVPQPNLLAWYWCR,CC(C)(C)c1cc(NC(=O)Nc2ccc(-c3cn(CCCCC4CN(CCCCC(=O)Nc5cccc6c5CN(C5CCC(=O)NC5=O)C6=O)N=N4)c4ncnc(N)c34)cc2)no1,,5.899974269892137,5.899974269892137,0.9451282
VUZHFVNCCBPHDB,CNc1cncc(-c2c[nH]c(=O)c(NC(=O)c3ccc(N4CCC[C@H]4CN4CCCC4)cc3)c2)c1,CHEMBL1765782,5.886056647693163,5.886056647693163,0.9056947
VOFMQYIALBSDFI,COc1cc(-c2cnc3c(N4C[C@@H](C)O[C@@H](C)C4)snc3c2)ccc1N,,5.886056647693163,5.886056647693163,0.96801347
CGDYRZUPKPBLND,Cn1cc(-c2ccc3c(Nc4cccc(NC(=O)Nc5cccc(F)c5)c4)ncnc3c2)cn1,,5.883392256011752,5.883392256011752,0.9674045
LUDYAJUKWRBWIO,COc1ccc(-c2c[nH]c3ncc(-c4ccccc4N)cc23)cc1OC,CHEMBL3319450,5.876148359032914,5.876148359032914,0.6505051
YLQMVIRZBOJBCV,CC(C)(C)c1cc(NC(=O)Nc2cccc(Oc3cccc4[nH]c(=O)[nH]c34)c2)n(-c2ccccc2)n1,CHEMBL597592,5.872895201635193,5.872895201635193,0.905692
DNPMSTITUCICNO,Cc1ccccc1NC(=O)NCc1ccc(-c2[nH]nc3c2Cc2cc(CN4CCN(C)CC4)ccc2-3)s1,CHEMBL425615,5.857923538926715,5.857923538926715,0.07741
SMNARJDSYVNNAR,CC(C)(C)OC(=O)N1CCN(c2ccc(C(=O)Nc3n[nH]c4cc(OCCOCc5ccccc5)ccc34)cc2)CC1,,5.856360764725457,5.856360764725457,0.57301795
FWAKGUVZUVZGNE,c1ccc(-c2ccc(Nc3nnc(Cc4ccncc4)c4ccccc34)cc2)cc1,,5.853871964321762,5.853871964321762,0.19651634
AOIKRKKEVGZPLK,COc1cc2nn([C@H]3CC[C@H](N(C)C(=O)[C@@H](C)O)CC3)cc2cc1C(=O)Nc1cccn(-c2cn(C)nn2)c1=O,,5.853871964321762,5.853871964321762,0.38386247
ACDGTLDYEHTTKZ,CN1CCN(c2ccc(C(=O)Nc3n[nH]c4cc(OCCOCc5ccccc5F)ccc34)cc2)CC1,,5.8523236757589014,5.8523236757589014,0.7382021
AMJCVYCYAYKTTP,Cc1n[nH]c2nccc(-c3ccc(NC(=O)NC(C)(C)C)cc3)c12,CHEMBL4066145,5.84893674664625,5.84893674664625,0.29844782
APRFPNOEGHQIFN,Nc1cccc(-c2cnc3[nH]cc(-c4ccccc4N)c3c2)c1,CHEMBL3319459,5.847711655616943,5.847711655616943,0.71209
NZHANKJSPAJGFW,CNC(=O)c1cc(F)c(F)c(-c2cnc3cc(-c4cnn(C)c4)c(O[C@H]4CCOC4)nn23)c1,,5.838931614528826,5.838931614528826,0.5504642
ASLOBMSYWWVZKE,NC(=O)c1ccc(Nc2ncc(C(F)(F)F)c(N[C@H]3CC[C@H](N)CC3)n2)cc1,,5.6995742965721305,5.6995742965721305,0.7338101
RIMRVERSFDYITK,Cc1cn(-c2cc(NC(=O)c3ccc(C)c(Nc4nccc(-c5ccccc5)n4)c3)cc(N3CCNCC3)c2)cn1,,5.826813731587726,5.826813731587726,0.61230665
NYVPWRKNAAFYQA,CN1CCN(Cc2cc(NC(=O)c3ccc(Cl)c(C#Cc4cnc5ccnn5c4)c3)cc(C(F)(F)F)c2)CC1,CHEMBL2336016,5.823908740944319,5.823908740944319,0.43735123
ZJKIGHOTHYACFW,CC(C)(N)CNc1nn2c(-c3ccc(F)cc3F)cnc2s1,,5.823908740944319,5.823908740944319,0.025051514
VSCXORSONCMKGO,CN1CCN(c2ccc(C(=O)Nc3n[nH]c4cc(OCC#Cc5ccccc5)ccc34)cc2)CC1,,5.822463500070138,5.822463500070138,0.83384347
WIVJEMFJDXIPRD,Cc1ccc(C(=O)Nc2ccc(NC(=O)/C=C/CN(C)C)c(C(F)(F)F)c2)cc1Nc1nccc(-c2cccnc2)n1,,5.805208242278075,5.805208242278075,0.9310839
MYMOMVBHZSIFSG,COCC(=O)Nc1cccc2c1Cc1c-2n[nH]c1-c1ccsc1,CHEMBL442273,5.801342913045577,5.801342913045577,0.22595538
ZHJGWYRLJUCMRT,C[C@@H](Oc1cc(-n2cnc3ccc(CN4CCN(C)CC4)cc32)sc1C(N)=O)c1ccccc1C(F)(F)F,CHEMBL1908394,5.469273760456403,5.0,0.06861277
YQMUMVPJUCSKMU,Cc1nc2[nH]cc(Cc3ccc(NCc4ccc(C(F)(F)F)nc4)nc3)c2c(C)c1O,,5.787812395596042,5.787812395596042,0.9790341
GUXJNJORIXUBRE,CNC(=O)c1cc(C)c(F)c(-c2cnc3cc(-c4cnn(C)c4)c(O[C@H]4CCOC4)nn23)c1,,5.780677491580663,5.780677491580663,0.6168732
XKMZLNMFPLJPKF,OCCNCc1cccc2c1Cc1c-2n[nH]c1-c1ccsc1,CHEMBL246546,5.777283528852417,5.777283528852417,0.07617518
IKENQUDOTQBCJH,CCc1ccc2c(c1)c(=O)c(C(=O)Nc1ccc(Oc3ncnc4cc(OC)c(OC)cc34)c(F)c1)c(C)n2C,,5.776504059037605,5.776504059037605,0.86152583
COCOCJPHLBMIPY,Cc1ccc(NC(=O)c2ccc(CN3CCN(C)CC3)c(C(F)(F)F)c2)cc1NC(=O)c1cccc(-c2cccs2)c1,CHEMBL4064012,5.774690718274137,5.774690718274137,0.9695218
WLFWTWXIVBODGW,CC(C)c1ccc(C(=O)Nc2cccc(C(F)(F)F)c2)cc1-c1cccc(-c2cnc3cnccn23)c1,,5.773142429711276,5.773142429711276,0.18548083
GYWNOAVEKDTRBQ,Cc1ccc(C(=O)NC2CC2)cc1-c1cc2cnn(-c3ccccc3F)c2n(C)c1=O,CHEMBL1092013,5.769551078621726,5.769551078621726,0.254607
CXNXNSYZZDJASK,CCN1CCN(c2ccc(-c3nn(CC4CCCC4)c4nc(NC)ncc34)cn2)CC1,,5.7447274948966935,5.7447274948966935,0.008172095
RMRTXLQZCLZOKS,N[C@H]1CC[C@@H](Nc2nc(Nc3ccc4c(=O)[nH]ccc4c3)ncc2C(F)(F)F)CC1,,5.742561433140186,5.742561433140186,0.84238213
DODKSSCBRFFWJZ,Cc1ccc(NC(=O)Nc2ccc(-c3ccnc4[nH]nc(C)c34)cc2)cc1,CHEMBL4088552,5.737311655698304,5.737311655698304,0.70185894
LHDKPFSHXFFALR,CC(C)(O)CC(=O)N1CCc2cc(Nc3ncc(C(F)(F)F)c(N[C@H]4CC[C@@H](N)CC4)n3)ccc2C1,,5.727230413448241,5.727230413448241,0.16330789
QGAMUVOPYWEQSU,CCN(CC)CCCNc1nccc2c(C)c3[nH]c4ncccc4c3cc12,CHEMBL197610,5.679759281514789,5.679759281514789,0.047707703
ZUSJHSCJJANLHP,Cc1ccc(N2CCN(C)CC2)c(NC(=O)Nc2ccc(-c3ccnc4[nH]nc(C)c34)cc2)c1,CHEMBL4087656,5.710188160882378,5.710188160882378,0.9120532
FSWBQPGSMBLQBY,Cc1cn(-c2cc(CN3CCC[C@H](N)C3)cc(NC(=O)c3ccc(C)c(Nc4nccc(-c5ccc(F)cc5)n4)c3)c2)cn1,,5.707743928643524,5.707743928643524,0.7041929
WECCALUSSAUMLJ,CNCc1cc(F)c(-c2cc3c(-c4cnn(C)c4)n[nH]c3cn2)c(C(F)(F)F)c1,,5.70421305974839,5.70421305974839,0.00060925964
QOIKDVCHQYXCQL,N[C@H]1CC[C@@H](Nc2nc(Nc3ccc4c(c3)CN(C(=O)CO)C4)ncc2C(F)(F)F)CC1,,5.702239488900866,5.702239488900866,0.06976676
HQDLFAOJZXWDDS,CC(C)N(C)c1ccc(C(NC(=O)c2ccc3c(c2)[nH]c(=O)n3C)c2ccccc2)cn1,,5.699187205881883,5.699187205881883,0.60616356
HIUHVDROHDSKTC,CS(=O)(=O)Nc1cccc(CC(=O)Nc2nc(-c3c[nH]c4ncccc34)cs2)c1,,,5.698970004336019,0.8422709
JKRWCQHQAJZOHK,CNC(=O)c1cnc(Nc2ccc(C)nn2)cc1Nc1ccccc1S(C)(=O)=O,,,5.698970004336019,0.55442524
YGFJMLGZTAWLOO,CNC(=O)c1cnc(NC(=O)C2CC2)cc1Nc1ccccc1S(C)(=O)=O,,,5.698970004336019,0.011368744
RMTBJPFWMNMRMZ,CNC(=O)c1cnc(NC(=O)C(C)C)cc1Nc1ccccc1S(C)(=O)=O,,,5.698970004336019,0.065567665
YDUZSNLTYAVFJN,CNC(=O)c1cnc(Nc2cc(C)ccn2)cc1Nc1ccccc1S(C)(=O)=O,,,5.698970004336019,0.25186583
SLYPRMCRZILHIR,CNC(=O)c1cnc(Nc2ccc(N3CCOCC3)cn2)cc1Nc1ccccc1S(C)(=O)=O,,,5.698970004336019,0.12453796
PQKRMMHNSGWERE,CCN(CC)CCCNc1nccc2c(C)c3[nH]c4ccc(OC)cc4c3cc12,CHEMBL279472,5.650514997831991,5.650514997831991,0.10477357
FQHIMHYWSNDPOL,CCCC(=O)Nc1cc(Nc2ccccc2S(C)(=O)=O)c(C(=O)NC)cn1,,,5.698970004336019,0.10737908
OKUPZBPYLVKVSU,O=C(Cc1cccc(OCCCC2CCNCC2)c1)Nc1nc(-c2c[nH]c3ncccc23)cs1,,,5.698970004336019,0.6282994
SNCZIVUNTWOQAF,CC(C)Nc1cc(Nc2nc3ccnn3cc2F)ncc1C(=O)NC[C@@H](F)C(C)(C)O,,,5.698970004336019,0.26229468
OYVCLLCTQUHVCE,Cc1ccc(C(=O)NC2CC2)cc1-c1ccc2c(N3CCOC[C@@H]3C)nncc2c1,CHEMBL494469,5.697452627512514,5.697452627512514,0.82997096
NXRKPNCKZKIFMK,N[C@H]1CC[C@@H](Nc2nc(Nc3ccc4c(c3)CCN(C(=O)CO)C4)ncc2C(F)(F)F)CC1,,5.692290076595193,5.692290076595193,0.1660731
PWRMHLYOWWVJID,CC#CC1=Nc2cc(NC(=O)Cc3ncc(Oc4ccnc5cc(OC)ccc45)cc3OC)ccc2C(C)(C)O1,,5.681936665037238,5.681936665037238,0.5634134
KTRYEZRTYBBSHL,Nc1nccc(COc2cc(F)c3nc(N[C@@H]4CCCC[C@H]4O)sc3c2)c1Cl,,5.6777807052660805,5.6777807052660805,0.03432564
SYPCNIVYAZIDIK,CCN(Cc1ccc(-c2[nH]nc3c2Cc2cc(CN4CCN(C)CC4)ccc2-3)s1)C(=O)Nc1cccc(C)c1,CHEMBL213430,5.6595558851598815,5.6595558851598815,0.010133492
HNBIYJXTHLOAMC,O=C(Nc1ccc(Oc2ccnc3[nH]ccc23)cc1)c1nn(-c2ccc(Cl)c(C(F)(F)F)c2)ccc1=O,,5.657577319177793,5.657577319177793,0.6526802
OXQTXNVWTNDAQF,N#Cc1ccc(-c2cnc3ccc(NCc4ccccc4)nn23)cc1,CHEMBL3582427,5.657577319177793,5.657577319177793,0.007231354
HWWOWSDXQIZWHB,CCc1nc(C(N)=O)c(Nc2ccc(N3CCC(N4CCNCC4)CC3)c(OC)c2)nc1NC1CCOCC1,,5.654626269440912,5.654626269440912,0.082163
YKLRNCKYVWJOQU,Cc1cc(N2CCN(C)CC2)ccc1NC(=O)Nc1ccc(-c2ccnc3[nH]nc(C)c23)cc1,CHEMBL4099624,5.652669984683049,5.652669984683049,0.94826734
QYMKGQPTZIRPMA,CC(=O)N1Cc2ccc(Nc3ncc(C(F)(F)F)c(N[C@H]4CC[C@@H](N)CC4)n3)cc2C1,,5.650139917807668,5.650139917807668,0.032505948
LPGPVNDSMJSOJF,Nc1cccc(-c2cnc3[nH]cc(-c4ccc(Cl)cc4)c3c2)c1,CHEMBL3319465,5.645891560852599,5.645891560852599,0.67039037
IJYWMQOCZYXCJL,CN1CCN(c2ccc(C(=O)Nc3n[nH]c4cc(OCCOCc5ccncc5)ccc34)cc2)CC1,,5.6252516539898965,5.6252516539898965,0.645065
MUVJMZISFZUZHU,COc1cc2nn([C@H]3CC[C@H](N4CCCC4=O)CC3)cc2cc1C(=O)Nc1cccn(C)c1=O,,5.619788758288394,5.619788758288394,0.23991588
KUQLTAUECPDOLQ,COc1cc(F)ccc1-c1cnc2sc(N3CCC(C)(N)CC3)nn12,,5.619788758288394,5.619788758288394,0.5214151
CNSDTCWENQOPHI,Cc1n[nH]c2nccc(-c3ccc(NC(=O)Nc4cccc(Cl)c4)cc3)c12,CHEMBL4096271,5.619426996933113,5.619426996933113,0.7932885
OIYDABDXSYUHNK,C#Cc1cc2c(cc1N1CCN(C3COC3)CC1)C(C)(C)c1[nH]c3cc(C#N)ccc3c1C2=O,CHEMBL1823220,5.615825861192967,5.615825861192967,0.39938632
IQZVWRXRHZPRBO,CC(C)(O)CC(=O)N1Cc2ccc(Nc3ncc(C(F)(F)F)c(N[C@H]4CC[C@@H](N)CC4)n3)cc2C1,,5.6081830763867515,5.6081830763867515,0.107228026
DRNRCLNUHIQXOJ,CCc1ccc(C(=O)Nc2cc(CN3CCN(C)CC3)cc(C(F)(F)F)c2)cc1C#Cc1ccc2ccnn2c1,,5.6020599913279625,5.6020599913279625,0.46392384
QQCKVAMHMZQLOY,Cc1ccc(-c2nnn(C)n2)cc1NC(=O)c1cnn2ccc(-c3cnn(CC(C)(C)O)c3)cc12,,8.443697499232712,8.443697499232712,0.36965254
OEGSSIIWCGYPJM,Cc1ccc(-n2nnc(C3CC3)n2)cc1NC(=O)c1cnn2ccccc12,,8.443697499232712,8.443697499232712,0.88551766
GDTTWUZFGGVTAD,Cc1cc(F)c(-c2nnn([C@H]3C[C@@H](C(F)(F)F)C3)n2)cc1NC(=O)c1cnn2ccc(N3CC(C)(O)C3)cc12,,8.431798275933005,8.431798275933005,0.8166162
IPYGFOIYRZURGE,COC[C@@H](O)Cn1cc(-c2ccn3ncc(C(=O)Nc4cc(-c5nnn(C6CC6)n5)c(C)cc4Cl)c3c2)cn1,,8.431798275933005,8.431798275933005,0.4472483
CNAQZBVPLCGVEF,CO[C@H]1C[C@@H](n2nnc(-c3ccc(C)c(NC(=O)c4cnn5ccccc45)c3)n2)C1,,8.42021640338319,8.42021640338319,0.84857845
LBEHCOYWMIHJRA,Cc1ccc(-c2nnn(CCCC(F)(F)F)n2)cc1NC(=O)c1cnn2ccccc12,,8.42021640338319,8.42021640338319,0.87483287
JOHSGLZOKRGFEK,Cc1ccc(-c2nnn(CC3CC4(CC4)CO3)n2)cc1NC(=O)c1cnn2ccccc12,,8.42021640338319,8.42021640338319,0.930852
IAXWJEXDSMEVPB,Cc1ccc(-c2nnn(C3CC4(C3)CC4(F)F)n2)cc1NC(=O)c1cnn2ccccc12,,8.42021640338319,8.42021640338319,0.9941129
BEIAIBOGYLFZCK,COc1cc(OC)c(F)c(N2Cc3cnc4[nH]c(-c5cnn(C)c5)cc4c3N(C)C2=O)c1F,,8.4089353929735,8.4089353929735,0.6144935
CYWZLMARDNOSTH,Cc1ccc(-c2nnn(C3CC(F)(F)C3)n2)cc1NC(=O)c1cnn2ccc(N3CCOCC3)cc12,,8.4089353929735,8.4089353929735,0.86493
MEJPSJXSXWJPGQ,Cc1ccc(-c2nnn(C3CN(S(=O)(=O)C(F)(F)F)C3)n2)cc1NC(=O)c1cnn2ccccc12,,8.397940008672037,8.397940008672037,0.89354885
ONEXQDOQBWAQSH,Cc1cnn(-c2ccc(C)c(NC(=O)c3cnn4ccc(-c5cnn(CCO)c5)cc34)c2)n1,,8.397940008672037,8.397940008672037,0.39954665
WSMYEMDZCLVLJH,CCN(CC)CCCNc1nccc2c(C)c3c(c(C)c12)c1cc(O)ccc1n3C,CHEMBL55137,5.522878745280337,5.522878745280337,0.33563718
ODAFQKIWRIFCIF,CCOC(=O)Nc1cccc2c1Cc1c-2n[nH]c1-c1ccsc1,CHEMBL396586,5.5934598195660445,5.5934598195660445,0.2811354
FPILCJQVCVIRHQ,Cc1cn(-c2cc(CN3CCN(C)CC3)cc(NC(=O)c3ccc(C)c(Nc4nccc(-c5ccccc5)n4)c3)c2)cn1,,5.590066876668706,5.590066876668706,0.9172812
INCAIRNHZBEWOA,CN(C)CCCc1ccc(OC(F)(F)F)c(Nc2ncc3c(n2)-c2ccc(Cl)cc2NC(=S)C3)c1,CHEMBL1945497,5.585026652029182,5.585026652029182,0.6591364
XVRRLWMWIRHFPC,CC(Nc1cncc(-c2cnc3ccccn23)c1)c1ccc(N2CCCC2)nc1,,6.332974279826554,6.332974279826554,0.30948412
ZEMPBQAQWWJUJQ,CN1CCN(c2ccc(C(=O)Nc3n[nH]c4cc(OCc5cccc(Oc6ccccc6)c5)ccc34)cc2)CC1,,5.581864501574768,5.581864501574768,0.8249436
UKUBGLJCBLBBTL,Nc1nsc2cccc(-c3ccc(NC(=O)Nc4cccc(C(F)(F)F)c4)cc3)c12,,5.580044251510242,5.580044251510242,0.78199416
OEGQALAEIRIOKZ,Cc1ccc(C(=O)Nc2ccc(CN3CCN(C)CC3)c(Cl)c2)cc1NC(=O)c1cccc(-c2cccs2)c1,CHEMBL4099220,5.568636235841013,5.568636235841013,0.93456024
MSWVAEGJJHXQJC,COc1cc2nn([C@H]3CC[C@H](N(C)C(=O)[C@@H](C)O)CC3)cc2cc1C(=O)Nc1cccn(-c2cnn(C)c2)c1=O,,5.568636235841013,5.568636235841013,0.034929227
ONVYCEKKOOSVPA,FC(F)(F)c1cc(Nc2nnc(Cc3ccncc3)c3ccccc23)ccc1Cl,CHEMBL77555,5.568636235841013,5.568636235841013,0.47852966
WZUVPPKBWHMQCE,Oc1cc2c(cc1O)[C@@H]1c3ccc(O)c(O)c3OC[C@]1(O)C2,CHEMBL477197,5.568636235841013,5.568636235841013,0.38848302
AUJYRPYGXGKVAW,Cc1cn(-c2cc(/C=C/C(=O)O)cc(NC(=O)c3ccc(C)c(Nc4nccc(-c5ccccc5)n4)c3)c2)cn1,,5.557520230935552,5.557520230935552,0.78831875
ITNCEPXDJDQJSL,CN1CCN(c2ccc(C(=O)Nc3n[nH]c4cc(OCc5ccccc5)ccc34)cc2)CC1,,5.55206713440782,5.55206713440782,0.6418042
AVCCKFHOOJRTCR,Cc1cn(-c2cc(NC(=O)c3ccc(C)c(Nc4nccc(-c5ccccc5)n4)c3)cc(N3CCN(C)CC3)c2)cn1,,5.540607512240769,5.540607512240769,0.8165767
CNFBVUCODRZQOP,CCc1ccc(C(=O)Nc2cccc(C(F)(F)F)c2)cc1-c1cccc(-c2cnc3cnccn23)c1,,5.535063570878267,5.535063570878267,0.27384976
GQXMJOSCBRZMKE,Cc1ccc(C(=O)NC2CC2)cc1-c1ccc2c(-c3ccccc3C)nncc2c1,CHEMBL492265,5.531062194334539,5.531062194334539,0.9477384
OVRQGEYZDUHJNZ,CC1(C)c2cc(N3CCC(N4CCOCC4)CC3)ccc2C(=O)c2c1[nH]c1cc(C#N)ccc21,CHEMBL1940180,5.5241835869686815,5.5241835869686815,0.37356898
YXXUFRNFUJOIQQ,Cc1ccc(NC(=O)c2ccc(CN3CCNCC3)c(C(F)(F)F)c2)cc1NC(=O)c1cccc(-c2cnn(C)c2)c1,CHEMBL4074076,5.522878745280337,5.522878745280337,0.99263203
AVDOTNJRJLVJBV,COc1ccc(CN2C3CC2CN(c2ccc(-c4nc(-c5cnn(C)c5)cc5ncccc45)cn2)C3)cc1C#N,,,5.522878745280337,0.96884143
PRTPANUTPYMUDM,C=CC(=O)NCc1coc(-c2c(N)ncnc2Nc2ccc(OCc3ccccn3)c(Cl)c2)n1,CHEMBL2035810,,5.522878745280337,0.07681825
PHWPEULWFLWFAR,O=C(CCCC(=O)N1C[C@@H](CCl)c2c1cc(O)c1ccccc21)N1C[C@@H](CCl)c2c1cc(O)c1ccccc21,,5.522878745280337,5.522878745280337,0.18952532
NTRQSBNWMYCCJY,Nc1ncnc2c1N=C(c1cccc(NC(=O)Nc3ccccc3)c1)CCN2,CHEMBL263374,5.519705539996994,5.519705539996994,0.88823026
AZMRFBIYDLXEKE,N[C@H]1CC[C@@H](Nc2nc(Nc3ccc(NC(=O)C4CC4)cc3)ncc2C(F)(F)F)CC1,,5.515842575634619,5.515842575634619,0.9566265
OIELVFPEYHWMQZ,CC(C)(O)C(=O)N1Cc2ccc(Nc3ncc(C(F)(F)F)c(N[C@H]4CC[C@@H](N)CC4)n3)cc2C1,,5.509339346643864,5.509339346643864,0.045783978
FNKRKFBRFHMPBO,Cc1cc(-c2cc(NC(=O)c3ccc(C)c(Nc4nccc(-c5ccc(F)cc5)n4)c3)cc(N3CCN(C)CC3)c2)on1,,5.508638306165727,5.508638306165727,0.9024634
ARHZYYFCVLICKJ,Cn1c(=O)[nH]c2cc(C(=O)NCc3cnc(Oc4ccc(F)cc4)s3)ccc21,,5.494850021680094,5.494850021680094,0.64012724
JUJOJJFIOBKCID,O=C1c2ccc(O)c(O)c2OC[C@]1(O)Cc1ccc(O)c(O)c1,CHEMBL477768,5.494850021680094,5.494850021680094,0.46285906
HIPXRWCSYVPASR,CNc1nc(Nc2ccc(C(N)=O)nc2)ncc1C(F)(F)F,,5.485053994691996,5.485053994691996,0.776174
YLBWAIKWYYLMEE,C=CC(=O)N1CCC(C(=O)Nc2ccc(C)c(C#Cc3cnc4cccnn34)c2)CC1,,5.482804102050026,5.482804102050026,0.9807242
MHYMLHNVNQHSLV,Cn1c(=O)[nH]c2cc(C(=O)CCc3cnc4c(c3)ncn4-c3ccccc3F)ccc21,,5.481486060122113,5.481486060122113,0.50072205
YNFDUKFTZGITTE,COc1cc2nn([C@H]3CC[C@H](N(C)C(=O)[C@@H](C)O)CC3)cc2cc1C(=O)Nc1cccn(CF)c1=O,,5.481486060122113,5.481486060122113,0.008307757
CVPPYTBXQSXMGE,C=CC(=O)Nc1ccc2[nH]c(-c3ccc(C)c(C#Cc4cnc5cccnn45)c3)nc2c1,,5.468521082957745,5.468521082957745,0.97654015
ZXPUKEPQYKBOHH,Cc1cn(-c2cc(NC(=O)c3ccc4c(c3)C[C@H](N(C)c3cncnc3)C4)cc(C(F)(F)F)c2)cn1,,5.463694127648966,5.463694127648966,0.028911415
HRUYZDJOLIPWLW,COc1cc(C2=C(c3c[nH]c4ccc(F)cc34)C(=O)NC2=O)cc(OC)c1OC,CHEMBL606168,5.460046158343603,5.460046158343603,0.8557039
CAGNWIMSXINYME,COc1cc(Nc2nnc(Cc3ccncc3)c3ccccc23)ccc1Cl,CHEMBL75034,5.455931955649724,5.455931955649724,0.36937144
CQSPVGRPQNPDAO,O=C1Cc2ccc(C(=O)NCc3ccc(C(F)(F)F)nc3)cc2N1,,5.443697499232712,5.443697499232712,0.011358116
FRRLLRQAGKSVMU,O=c1[nH]c(CN2CC[C@@H](O)C2)nc2c1oc1ccc(Br)cc12,CHEMBL2030386,,5.443697499232712,0.003644534
KCNNVAWHAGYMJB,Cc1ccc(C(=O)NCCN2CCCC2)cc1C(=O)Nc1ccc(N)nc1,CHEMBL505394,5.438898616350944,5.438898616350944,0.98899907
VCKUIQTVATWJTK,Cc1cc(=O)n(-c2ccc(F)cc2)nc1C(=O)Nc1ccc(Oc2ncnc3ccsc23)c(F)c1,,5.431798275933005,5.431798275933005,0.81346846
HTLGYDDHGAGGEE,CCc1ccc(C(=O)Nc2cccc(C(F)(F)F)c2)cc1-c1cc(C#N)cc(-c2cnc3cnccn23)c1,,5.429340329978466,5.429340329978466,0.019752841
GOTKLXSYRKYLER,Cc1cc(Nc2ncc(C(F)(F)F)c(N[C@H]3CC[C@@H](N)CC3)n2)ccc1C(N)=O,,5.422163658707256,5.422163658707256,0.9579584
RBMXNQRKVSGKHT,CC(C)(O)CC(=O)N1CCc2ccc(Nc3ncc(C(F)(F)F)c(N[C@H]4CC[C@@H](N)CC4)n3)cc2C1,,5.415555692834824,5.415555692834824,0.14874107
OBZSRMYVQKOCFK,N[C@H]1CC[C@@H](Nc2nc(Nc3ccc4c(=O)n(CC5CC5)ccc4c3)ncc2C(F)(F)F)CC1,,5.410385459368734,5.410385459368734,0.751421
PSPFQEBFYXJZEV,Cc1ccc2nc(NCCN)c3ncc(C)n3c2c1,CHEMBL471496,5.3265302686505045,5.0,0.08304747
KULCILVQAXSMEP,CCc1ccc(C(=O)Nc2ccc(C(F)(F)F)cc2)cc1-c1cccc(-c2cnc3cnccn23)c1,,5.399680670248339,5.399680670248339,0.1843194
MFASFQBUVZVOCJ,COc1cc(N2CCc3nc(NC(=O)NCCc4cn(CC(F)F)cn4)sc3C2)cnc1Cl,CHEMBL3585362,,5.3979400086720375,0.18793057
IAIPAOKEDSWUEQ,COc1cncc(N2CCc3nc(NC(=O)NCCc4cn(CC(F)F)cn4)sc3C2)n1,CHEMBL3586678,,5.3979400086720375,0.607636
UDNSYBLAQJWMCI,N[C@H]1CC[C@@H](Nc2nc(Nc3ccc4c(=O)n(CCO)ccc4c3)ncc2C(F)(F)F)CC1,,5.385313657717988,5.385313657717988,0.9146273
SCWVNKLMZABQLA,Cc1ccc(-c2noc(C3CC(NCCCO)C3)n2)cc1NC(=O)c1cnc2ccccn12,,5.368556230986828,5.368556230986828,0.9385902
DQXRNJOFIYWUBI,CN1CCN(CC(=O)Nc2cccc3c2Cc2c-3n[nH]c2-c2ccsc2)CC1,CHEMBL245768,5.363512103646634,5.363512103646634,0.06364871
MBCSWJAXGYYUOD,COCCOCC(=O)Nc1cccc2c1Cc1c-2n[nH]c1-c1csc(C#CCOc2ccccc2)c1,CHEMBL245968,5.363512103646634,5.363512103646634,0.8704512
VPBYZLCHOKSGRX,CCCNC(=O)Nc1ccc(Oc2ncnc3cc(OC)c(OC)cc23)cc1Cl,CHEMBL406381,5.363512103646634,5.363512103646634,0.95046026
IMUVTTAWPZGUOG,NC(=O)c1ccc(Nc2ncc(C(F)(F)F)c(N3CCC(O)CC3)n2)cn1,,5.3608124400642465,5.3608124400642465,0.96095854
WORJDQYJBWCTNC,CCS(=O)(=O)Nc1cccc2c1Cc1c-2n[nH]c1-c1ccsc1,CHEMBL395694,5.357535479757878,5.357535479757878,0.032087833
QXSHKYVXNYQFFB,CC(=O)Nc1ccc(Nc2ncc(C(F)(F)F)c(N[C@H]3CC[C@@H](N)CC3)n2)cc1,,5.355955507185251,5.355955507185251,0.87554353
QKEZZTSUDGCSDM,NC(=O)Nc1ccc(-c2cccc3onc(N)c23)cc1,,5.352323686759129,5.352323686759129,0.015899854
JOSMRHNPNGATRD,Cc1ccc(C(=O)NC2CCCCC2)cc1C(=O)Nc1ccc(N)nc1,CHEMBL443902,5.349692476868063,5.349692476868063,0.9952825
LSEAQLOYCHTEOK,Cn1ccc2cc(Nc3ncc(C(F)(F)F)c(N[C@H]4CC[C@@H](N)CC4)n3)ccc2c1=O,,5.344381416458778,5.344381416458778,0.8927223
YXTRBKGEWJUVNV,Cc1n[nH]c2nccc(-c3ccc(NC(=O)Nc4ccccc4N4CCN(C)CC4)cc3)c12,CHEMBL4062187,5.3390397082239165,5.3390397082239165,0.89327997
JEZXMQDUAGEGLR,CC(=O)N1CCc2ccc(Nc3ncc(C(F)(F)F)c(N[C@H]4CC[C@@H](N)CC4)n3)cc2C1,,5.335640125448859,5.335640125448859,0.06661989
NXCNMBDRRSLYBU,CN1CCc2cc(Nc3ncc(C(F)(F)F)c(N[C@H]4CC[C@@H](N)CC4)n3)ccc2C1=O,,5.321026624080234,5.321026624080234,0.25337845
NSSXXNQRAYKGAQ,CC(=O)N1CCc2cc(Nc3ncc(C(F)(F)F)c(N[C@H]4CC[C@@H](N)CC4)n3)ccc21,,5.320844758716646,5.320844758716646,0.29332066
YKIZAAUDBGILES,Cc1n[nH]c2nccc(-c3ccc(NC(=O)Nc4cccc(F)c4)cc3)c12,CHEMBL4069008,5.319301970302365,5.319301970302365,0.8318393
WMNVNRZPBVAORA,Cc1cccc(NC(=O)N(CCC(C)C)Cc2ccc(-c3[nH]nc4c3Cc3cc(CN5CCN(C)CC5)ccc3-4)s2)c1,CHEMBL213909,5.314885530953461,5.314885530953461,0.036915608
RUDJLSWOUHMLOU,CCc1ccc(C(=O)Nc2cccc(CN3CCN(C)CC3)c2)cc1-c1cccc(-c2cnc3cnccn23)c1,,5.306800854846283,5.306800854846283,0.6118411
DXOYCYZZJKPEAW,CCc1ccc(C(=O)Nc2cccc(C(F)(F)F)c2)cc1-c1cc(OC)cc(-c2cnc3cnccn23)c1,,5.301551461984671,5.301551461984671,0.00050354627
BEDCQQQSSFVMSE,CC1(C)c2ccc(C3CCN(C4COC4)CC3)cc2C(=O)c2c1[nH]c1cc(C#N)ccc21,CHEMBL1940175,,5.301029995663981,0.36273172
XBYKYBGMXNLGRZ,CC1(C)c2ccc(N3CCN(C4CC4)CC3)cc2C(=O)c2c1[nH]c1cc(C#N)ccc21,CHEMBL1940176,,5.301029995663981,0.5357661
BMDPGNPXJLGRNG,CC1(C)c2ccc(C3CCN(C4CC4)CC3)cc2C(=O)c2c1[nH]c1cc(C#N)ccc21,CHEMBL1940174,,5.301029995663981,0.587281
NNOQDCPCPZUPJA,CCc1cc2c(cc1N1CCN(C3CCC3)CC1)C(C)(C)c1[nH]c3cc(C#N)ccc3c1C2=O,CHEMBL1940179,,5.301029995663981,0.6104822
RBSAMVNHONKHPO,CC1(C)c2ccc(N3CCN(C4COC4)CC3)cc2C(=O)c2c1[nH]c1cc(C#N)ccc21,CHEMBL1940177,,5.301029995663981,0.35586742
ZRQHFJCEWQABGC,CCc1cc2c(cc1N1CCN(C3CC3)CC1)C(C)(C)c1[nH]c3cc(C#N)ccc3c1C2=O,CHEMBL1940178,,5.301029995663981,0.6213132
OUQRQZVDADPPCN,CCCc1cc2c(cc1N1CCN(C3COC3)CC1)C(C)(C)c1[nH]c3cc(C#N)ccc3c1C2=O,CHEMBL1823222,,5.301029995663981,0.3541235
BCKBFMYBIODXCX,CC(C)c1cc2c(cc1N1CCN(C3COC3)CC1)C(C)(C)c1[nH]c3cc(C#N)ccc3c1C2=O,CHEMBL1823223,,5.301029995663981,0.3955444
WDSNMJGRLXTGIN,CC1(C)c2cc(N3CCN(C4COC4)CC3)c(CCC3CCCC3)cc2C(=O)c2c1[nH]c1cc(C#N)ccc21,CHEMBL1823361,,5.301029995663981,0.117578365
WLUGPPFXRHPACW,CNC(=O)c1cc(-n2ccc3cc(NC(=O)Nc4ccc(N5CCN(C)CC5)c(C(F)(F)F)c4)ccc32)ccn1,,5.301029995663981,5.301029995663981,0.95258033
RTXGTUWRJFXBLJ,CCCc1cc2c(cc1N1CCC(N3CCOCC3)CC1)C(C)(C)c1[nH]c3cc(C#N)ccc3c1C2=O,CHEMBL1940182,,5.301029995663981,0.45576796
POFRIXOEJZMCHH,CC(C)(O)CC(=O)N1CCc2cc(Nc3ncc(C(F)(F)F)c(N[C@H]4CC[C@@H](N)CC4)n3)ccc21,,5.296021174991614,5.296021174991614,0.4670061
USEARZGMRUHRRW,N[C@H]1CC[C@@H](Nc2nc(Nc3ccc4c(c3)CNC4=O)ncc2C(F)(F)F)CC1,,5.288277108172765,5.288277108172765,0.23398548
XPABEWFTYPXONO,O=C(O)CNC(=O)c1cccc2c1Cc1c-2n[nH]c1-c1ccsc1,CHEMBL246343,5.288192770958809,5.288192770958809,0.3051978
CKSNDOMNWPWMNX,Cc1n[nH]c(C(=O)Nc2cnc3sc(-c4ccccc4)nc3c2)c1C,,5.259637310505756,5.259637310505756,0.021176735
JDDOZBPQKHLHNZ,Cc1n[nH]c(C(=O)Nc2cnc3[nH]c(N4CCCC4)cc3c2)c1C,,5.259637310505756,5.259637310505756,5.771592e-09
YUXNSFLGTYVFDR,Cc1cc2ncc(NC(=O)c3n[nH]c(C)c3C)cn2n1,,5.259637310505756,5.259637310505756,0.00044232028
ZXLHOCLGOXQKJS,Cc1n[nH]c(C(=O)Nc2cnc3[nH]c(-c4cc(OC(F)(F)F)ccc4Cl)cc3c2)c1C,,5.259637310505756,5.259637310505756,3.5324186e-07
RAKLKALOQOGAJU,Cc1cc(C(=O)Nc2cnc3[nH]c(-c4ccccc4)nc3c2)[nH]n1,,5.259637310505756,5.259637310505756,0.032489013
CWOSZYFPVPPAAV,Cc1n[nH]c(C(=O)Nc2cnc3[nH]c(-c4c(C)nn(C)c4C)cc3c2)c1C,,4.619224005717909,4.619224005717909,1.8346577e-10
XBXRSTHLHMDDCA,Cc1n[nH]c(C(=O)Nc2cnc3[nH]nc(-c4cccc(N5CCN(C(=O)OC(C)(C)C)CC5)c4)c3c2)c1C,,4.619224005717909,4.619224005717909,0.0010237844
ACTHSLXWXZBGEO,O=C(Nc1cnc2[nH]c(-c3ccc(F)cc3)cc2c1)c1cc(C(F)F)n[nH]1,,5.259637310505756,5.259637310505756,0.0614982
NUJYHLLTAWHYJV,Cc1nc(C2(C)CCN(c3ncnc4[nH]c(-c5ccc(C#N)nc5)cc34)CC2)[nH]c1-c1cccc(OC(F)F)c1,,5.780333653084869,5.780333653084869,0.9829884
JVQQWSPKTAIGIW,Cc1cc2c(N3CCC(c4nc(C)c(-c5ccc(F)cc5)[nH]4)CC3)ncnc2[nH]1,,5.259637310505756,5.259637310505756,0.28855008
JPYOIJIKLWDCIU,COc1cc(-c2cc3c(N4CCC(c5nc(C)c(-c6ccc(F)cc6)[nH]5)CC4)ncnc3[nH]2)ccn1,,5.780333653084869,5.780333653084869,0.41161975
SRSVYCGELGRTME,Cc1n[nH]c(C(=O)Nc2cnc3[nH]c(I)cc3c2)c1C,,5.259637310505756,5.259637310505756,2.6948035e-07
MIMAOXCZKVQPAQ,Cc1nc(C2CCN(c3ncnc4[nH]c(-c5ccc(F)cc5)cc34)CC2)[nH]c1-c1cccc(OC(F)(F)F)c1,,5.780333653084869,5.780333653084869,0.31069845
WRVXBVBOWVUIHB,COc1cc(-c2cc3c(N4CCC(c5nnc(-c6cccc(OC(F)F)c6)[nH]5)CC4)ncnc3[nH]2)ccn1,,5.259637310505756,5.259637310505756,0.31551972
QAEBJNSATRRFQQ,Fc1ccc(-c2cc3c(N4CCC(c5nnc(-c6ccc(F)cc6)[nH]5)CC4)ncnc3[nH]2)cc1,,5.780333653084869,5.780333653084869,0.43317416
ALBWNUXTUPKCCW,COc1ccc(-c2[nH]c(C3CCN(c4ncnc5[nH]c(-c6ccc(C#N)cc6)cc45)CC3)nc2C)cc1F,,5.780333653084869,5.780333653084869,0.6297979
NFOHSLJQGZYJLZ,Cc1nc(C2CCN(c3ncnc4[nH]c(-c5ccc(C#N)cc5)cc34)CC2)[nH]c1-c1ccc(F)cc1,,5.780333653084869,5.780333653084869,0.48020962
FBGQZBXNERCNNQ,COc1cc(-c2cc3c(N4CCC(c5nc(C)c(-c6cccc(OC(F)(F)F)c6)[nH]5)CC4)ncnc3[nH]2)ccn1,,5.780333653084869,5.780333653084869,0.19796118
PAOFBFMVNYXGIW,Cc1nc(C2CCN(c3ncnc4[nH]c(-c5ccc(C#N)cc5)cc34)CC2)[nH]c1-c1cccc(F)c1,,5.780333653084869,5.780333653084869,0.48970103
VJXNKQSAUXPBDE,CCOc1ccc(-c2[nH]c(C3CCN(c4ncnc5[nH]c(-c6ccc(C#N)cc6)cc45)CC3)nc2C)cc1,,5.780333653084869,5.780333653084869,0.7555272
RKERQEKFTWWCEY,Fc1cccc([C@H]2CCCN2c2ccc3ncc(-c4ccccn4)n3n2)c1,CHEMBL3582439,5.259637310505756,5.259637310505756,0.50513536
HTKRMYZNAKQCFB,CCOc1ccc(-c2[nH]c(C3CCN(c4ncnc5[nH]c(-c6ccc(F)cc6)cc45)CC3)nc2C)cc1,,5.780333653084869,5.780333653084869,0.86326575
VLKLCARDWIKPML,O=C(Nc1cnc2[nH]c(-c3ccccc3)cc2c1)c1cccc2n[nH]cc12,,4.619224005717909,4.619224005717909,0.08672933
VQPPEZWLXNDABZ,O=C(Nc1cnc2[nH]c(I)cc2c1)c1cccc2n[nH]cc12,,5.259637310505756,5.259637310505756,0.044719804
RCPSNCPXDMODMR,COc1cccc(-c2[nH]c(C3CCN(c4ncnc5[nH]c(-c6ccnc(OC)c6)cc45)CC3)nc2C)c1,,5.780333653084869,5.780333653084869,0.2024588
XGYRDIMTJWJDBE,CCOc1cccc(-c2[nH]c(C3CCN(c4ncnc5[nH]c(-c6ccc(C#N)cc6)cc45)CC3)nc2C)c1,,5.780333653084869,5.780333653084869,0.5191784
OUZWVKCMFOSZOL,CCOc1cccc(-c2[nH]c(C3CCN(c4ncnc5[nH]c(-c6ccc(F)cc6)cc45)CC3)nc2C)c1,,5.780333653084869,5.780333653084869,0.5411783
LRANSWZLSNIOEP,CCOc1cccc(-c2[nH]c(C3CCN(c4ncnc5[nH]c(-c6ccnc(OC)c6)cc45)CC3)nc2C)c1,,5.780333653084869,5.780333653084869,0.15688011
OVKSDMNPLLHXQI,COc1ccc(-c2[nH]c(C3CCN(c4ncnc5[nH]c(-c6ccc(F)cc6)cc45)CC3)nc2C)cc1OC,,5.780333653084869,5.780333653084869,0.56472576
DYPFOLLGKUFJAQ,CCOc1ccc(-c2[nH]c(C3CCN(c4ncnc5[nH]c(-c6ccnc(OC)c6)cc45)CC3)nc2C)cc1,,5.780333653084869,5.780333653084869,0.64212483
AEVAYYKSZNGJHO,COc1cc(-c2cc3c(N4CCC(c5nc(C)c(-c6ccc(OC)c(OC)c6)[nH]5)CC4)ncnc3[nH]2)ccn1,,5.780333653084869,5.780333653084869,0.24640031
WTFJRIHHSQGEPX,COc1ccc(-c2[nH]c(C3CCN(c4ncnc5[nH]c(-c6ccc(C#N)cc6)cc45)CC3)nc2C)cc1OC,,5.780333653084869,5.780333653084869,0.55125135
RAVSXLYICSPJMA,Cc1nc(C2CCN(c3ncnc4[nH]c(-c5ccc(C#N)cc5)cc34)CC2)[nH]c1-c1ccccc1,,5.780333653084869,5.780333653084869,0.41165167
UUACERLBHIKCAS,CNC(=O)c1cccc(-c2cc3c(N4CCC(c5nc(C)c(-c6ccccc6)[nH]5)CC4)ncnc3[nH]2)c1,,5.780333653084869,5.780333653084869,0.43453577
PYMSUHGREKIGSN,Cc1nc(C2CCN(c3ncnc4[nH]c(-c5ccc(S(N)(=O)=O)cc5)cc34)CC2)[nH]c1-c1ccccc1,,5.780333653084869,5.780333653084869,0.4705896
LHTORUWAPHTFRF,COc1ccc(-c2[nH]c(C3(C)CCN(c4ncnc5[nH]c(C)cc45)CC3)nc2C)cc1,,5.780333653084869,5.780333653084869,0.9890534
BYOIBUJXPUVARP,Cc1cc2c(N3CCC(C)(c4nc(C)c(-c5ccc(F)cc5)[nH]4)CC3)ncnc2[nH]1,,5.780333653084869,5.780333653084869,0.9756355
YPNNKBSHHHXBAG,COc1ccc(-c2cc3c(N4CCC(c5nc(C)c(-c6ccccc6)[nH]5)CC4)ncnc3[nH]2)cn1,,5.780333653084869,5.780333653084869,0.33177465
FJZKQAHKLYIYAO,Cc1nc(C2CCN(c3ncnc4[nH]c(-c5cccc(OC(F)(F)F)c5)cc34)CC2)[nH]c1-c1ccccc1,,5.780333653084869,5.780333653084869,0.50656855
CZAVRFRNMLSSEF,COc1cc(-c2cc3c(N4CCC(c5nc(C)c(-c6ccc(OC(F)(F)F)cc6)[nH]5)CC4)ncnc3[nH]2)ccn1,,5.780333653084869,5.780333653084869,0.57417625
YSQKHZPHXISBDP,Cc1nc(C2CCN(c3ncnc4[nH]c(-c5ccc(C#N)cc5)cc34)CC2)[nH]c1-c1ccc(OC(F)(F)F)cc1,,5.780333653084869,5.780333653084869,0.62751853
SIEUCEWKJONWJQ,Cc1cc2nc(-c3cccnc3)[nH]c2cc1Nc1nccc(-c2cccnc2)n1,,,,0.96785843
LSZICLGSHUMXHW,Cc1cc2nc(-c3cccc(N4CCN(C)CC4)c3)[nH]c2cc1Nc1nccc(-c2cccnc2)n1,,,,0.99685055
KTHNMXLUYJNKEN,Cc1nc(C2CCN(c3ncnc4[nH]c(-c5cccc(C(F)(F)F)c5)cc34)CC2)[nH]c1-c1ccccc1,,5.780333653084869,5.780333653084869,0.29491204
WTKRHAZOMFXZCG,Cc1cccc(-c2nc3cc(C)c(Nc4nccc(-c5cccnc5)n4)cc3[nH]2)c1,,,,0.97633594
JAVTXALKZVLAEV,Cc1cc2nc(-c3cccc(C#N)c3)[nH]c2cc1Nc1nccc(-c2cccnc2)n1,,,,0.95257986
GJGJFIYFLPXFBI,Cc1cc2nc(-c3cccc(CN4CCOCC4)c3)[nH]c2cc1Nc1nccc(-c2cccnc2)n1,,,,0.99343455
UGTUUPPZKTWAHC,Cc1cc2nc(-c3cccc(F)c3)[nH]c2cc1Nc1nccc(-c2cccnc2)n1,,,,0.9757431
RGJOLVBIJKJWRO,Cc1cc2nc(-c3cccc(OCCN(C)C)c3)[nH]c2cc1Nc1nccc(-c2cccnc2)n1,,,,0.9434372
LPQGDAMMTDFECN,Cc1cc2nc(-c3cnc4ccccc4c3)[nH]c2cc1Nc1nccc(-c2cccnc2)n1,,,,0.94307077
IUZRNMUWVSNMHQ,Cc1cc2nc(-c3ccccc3C)[nH]c2cc1Nc1nc(-c2cccnc2)cs1,,,,0.95957965
NPYVKTXGTXEZRF,COc1ccc(-c2nc3cc(C)c(Nc4nc(-c5cccnc5)cs4)cc3[nH]2)cc1,,,,0.93383324
BLAIGQHWMZWSIS,Cc1nc(C2CCN(c3ncnc4[nH]c(-c5ccnc(C(F)(F)F)c5)cc34)CC2)[nH]c1-c1ccccc1,,5.780333653084869,5.780333653084869,0.1917571
KIWDTTCHWWYDFH,Cc1cc2nc(-c3cccc(C(F)(F)F)c3)[nH]c2cc1Nc1ncc(-c2cccnc2)o1,,,,0.93774027
KMFRJLCEBWRPRX,Cc1cc2nc(-c3ccc(CN4CCN(C)CC4)cc3)[nH]c2cc1Nc1nccc(-c2cccnc2)n1,,,,0.98924935
KGUGCSCSELUXGC,Cc1ccc(-c2nc3cc(C)c(Nc4nc(-c5cccnc5)cs4)cc3[nH]2)cc1,,,,0.9366485
BWFRGOPAJUMHLI,Cc1cc2nc(-c3ccc(CN4CCN(C)CC4)cc3)[nH]c2cc1Nc1ncc(-c2cccnc2)o1,,,,0.99374974
DFFPGUXEUXPNMD,Cc1cc2nc(-c3cccc(CN4CCN(C)CC4)c3)[nH]c2cc1Nc1nccc(-c2cccnc2)n1,,,,0.9940421
KDTSMYJFEMAGAB,Cc1cc2nc(-c3cccc(CN4CCN(C)CC4)c3)[nH]c2cc1Nc1nc(-c2cccnc2)cs1,,,,0.99356514
TZGRNVWPJSOHDF,COc1cc(-c2[nH]c(C3CCN(c4ncnc5[nH]c(-c6ccc(C#N)cc6)cc45)CC3)nc2C)ccc1C,,5.780333653084869,5.780333653084869,0.66079694
HGATXIXULRHDRV,Cc1cc2nc(-c3cc(CN4CCN(C)CC4)cc(C(F)(F)F)c3)[nH]c2cc1Nc1nccc(-c2cccnc2)n1,,,,0.54522896
AYJXRKBFGOMILH,Cc1cc2nc(-c3cncc(C(F)(F)F)c3)[nH]c2cc1Nc1nccc(-c2cccnc2)n1,,,,0.8514716
MCYZFFMGAANHFE,Cc1nc(C2CCN(c3ncnc4[nH]c(-c5ccc(F)cc5)cc34)CC2)[nH]c1-c1ccc2c(c1)OC(F)(F)O2,,5.780333653084869,5.780333653084869,0.102774344
LHCPUXZGPZBPTH,Cc1cc2nc(Cc3cccc(C(F)(F)F)c3)[nH]c2cc1Nc1ncc(-c2ccncc2)o1,,,,0.7657605
ZSNSOWVGUZEGCX,Cc1cc2nc(Cc3cccc(F)c3)[nH]c2cc1Nc1ncc(-c2ccncc2)o1,,,,0.8373088
PXLWFWUOFKTKDA,Cc1cc2nc(-c3cccc(CN4CCN(C)CC4)c3)[nH]c2cc1Nc1nc(-c2ccncc2)cs1,,,,0.9903742
HCOHOKROOGHTLP,Cc1cc2nc(-c3ccc(CN4CCN(C)CC4)cc3)[nH]c2cc1Nc1nc(-c2ccncc2)cs1,,,,0.98247737
TUUZBTJGODNROH,COc1cc(-c2[nH]c(C3CCN(c4ncnc5[nH]c(-c6ccc(F)cc6)cc45)CC3)nc2C)ccc1C,,5.780333653084869,5.780333653084869,0.714895
FXYJOJRQRDIYNE,Cc1cc2nc(-c3cc(CN4CCCC4)cc(C(F)(F)F)c3)[nH]c2cc1Nc1nc(-c2cccnc2)cs1,,,,0.46224725
GSOZCLMDKHYPBT,Cc1cc2nc(-c3ccc(C(F)(F)F)cc3)[nH]c2cc1Nc1nccc(-c2cccnc2)n1,,,,0.8914363
AICQEEZERQWQTO,COc1ccc(-c2[nH]c(C3(C)CCN(c4ncnc5[nH]c(C)cc45)CC3)nc2C)cc1C,,5.780333653084869,5.780333653084869,0.99236554
ZMOPPWKBYZXWDG,Cc1cc2nc(-c3ccc(C(F)(F)F)cc3)[nH]c2cc1Nc1nc(-c2cccnc2)cs1,,,,0.8610752
LIVUGAOKPFFCIN,Cc1cc2nc(Cc3ccccc3)[nH]c2cc1Nc1nc(-c2cccnc2)cs1,,,,0.92528725
SAQMCGFIMCDBOW,COc1cc(-c2[nH]c(C3(C)CCN(c4ncnc5[nH]c(C)cc45)CC3)nc2C)ccc1C,,5.780333653084869,5.780333653084869,0.9948738
UDGCEJRDQFYZIN,Cc1cc2nc(-c3cccc(S(C)(=O)=O)c3)[nH]c2cc1Nc1nccc(-c2cccnc2)n1,,,,0.8338035
ZHPVWAAFJPLZCZ,Cc1cc2nc(-c3cc(CN4CCN(C)CC4)cc(-c4cnco4)c3)[nH]c2cc1Nc1nccc(-c2cccnc2)n1,,,,0.8796581
LQKDGAZKSRIQFD,Cc1cc2nc(-c3cc(C(C)(C)C)ccc3OCCN(C)C)[nH]c2cc1Nc1nccc(-c2cccnc2)n1,,,,0.8485268
YRZSBNUQRUOCFI,Cc1cc2nc(-c3cccc(OC(F)(F)F)c3)[nH]c2cc1Nc1nccc(-c2cccnc2)n1,,,,0.949364
RJTUVLQJUGAWKY,Cc1cc2nc(-c3cccc(Cl)c3)[nH]c2cc1Nc1nc(-c2cncnc2)cs1,,,,0.9789863
OTAYVEVMQWLOIB,Cc1cc2nc(-c3ccc(C(F)(F)F)cc3)[nH]c2cc1Nc1nc(-c2ccc(C#N)cc2)cs1,,,,0.8522517
ZHQAVEULRMDQFS,Cc1cccc(-c2nc3cc(C)c(Nc4nc(-c5cncnc5)cs4)cc3[nH]2)c1,,,,0.9657922
WCUGEZLLKDFISU,Cc1cc2nc(-c3ccc(C(F)(F)F)cc3)[nH]c2cc1Nc1nc(-c2cncnc2)cs1,,,,0.8287605
WBHRQZXRMIGCDL,FC(F)(F)c1cccc(-c2nc3cc(Nc4nc(-c5cccnc5)cs4)ccc3[nH]2)c1,,,,0.8670672
VGIGQPWHRBBAEB,Cn1c(-c2cccc(C(F)F)c2)nc2cc(Nc3nc(-c4cccnc4)cs3)ccc21,,,,0.8691149
PRYBSJUPDNHERI,Cc1cc2nc(-c3cncn3C)[nH]c2cc1Nc1nc(-c2cccnc2)cs1,,,,0.45408455
CSQORFHCUPRJMB,Cc1cc2[nH]c(-c3cncn3C)nc2cc1Nc1nc(-c2ccncc2)cs1,,,,0.3353628
BCMZTKZKXCCBLE,Cc1cc2nc(CN3CCOCC3)[nH]c2cc1Nc1ncc(-c2ccncc2)o1,,,,0.803013
VPNXHLRULNATQU,Cc1cc2nc(-c3ccc(Cl)cc3)[nH]c2cc1Nc1nc(-c2cccnc2)cs1,,,,0.9466835
YGPNKDLUEUJZMU,Cc1cc2nc(-c3cccc(C(F)(F)F)c3)[nH]c2cc1Nc1ncc(-c2ccncc2)o1,,,,0.9139569
KXPDNLIFBUWGRQ,Cc1cc2nc(Cc3ccc(C(F)(F)F)cc3)[nH]c2cc1Nc1ncc(-c2ccncc2)o1,,,,0.81519115
AXRVLHWKHJAYAT,Cc1nc(C2CCN(c3ncnc4[nH]c(-c5ccc(C#N)cc5)cc34)CC2)[nH]c1-c1ccc(OC(F)F)cc1,,5.780333653084869,5.780333653084869,0.5080629
HMWBGDPQDZTSQQ,Cc1cc2nc(CN3CCOCC3)[nH]c2cc1Nc1nc(-c2cccnc2)cs1,,,,0.7528736
MNZFUCOCFAXBEB,Cc1cc2nc(-c3ccc(CN4CCN(C)CC4)cc3)[nH]c2cc1Nc1nc(-c2cncnc2)cs1,,,,0.97662705
HULXWZLJLQVUHZ,Cc1cc2nc(-c3ccc(F)cc3)[nH]c2cc1Nc1nc(-c2cccnc2)cs1,,,,0.9444215
OJQMJOTUXMVUPE,Cc1cc2nc(-c3cccc(OC(F)(F)F)c3)[nH]c2cc1Nc1nc(-c2cncnc2)cs1,,,,0.9211061
RJYIIBGYEVMWAS,C=CS(=O)(=O)Nc1cc(-c2nc3cc(Nc4nc(-c5ccncc5)cs4)c(C)cc3n2C)cc(C(F)(F)F)c1,,,,0.027519245
BJQULANKTQWMBN,Cc1cc2[nH]c(-c3cccc(F)c3)nc2cc1Nc1nc(-c2cccnc2)cs1,,,,0.97330654
UGKKVEIWZHSJKB,Cc1cc2nc(-c3cccc(OC(F)(F)F)c3)n(C)c2cc1Nc1nc(-c2cccnc2)cs1,,,,0.65153617
LJDNNKWJTNOUSD,Cc1cccc(-c2nc3cc(C)c(Nc4nc(-c5cccnc5)cs4)cc3n2C)c1,,,,0.5801245
KPFCHKHJHPIVRD,CCOc1ccc(-c2[nH]c(C3CCN(c4ncnc5[nH]c(C)cc45)CC3)nc2C)cc1C,,5.259637310505756,5.259637310505756,0.44698048
CQKJHUPGCLITRS,CCS(=O)(=O)Nc1cccc(-c2nc3cc(Nc4nc(-c5ccncc5)cs4)c(C)cc3n2C)c1,,,,0.51321435
CMPVDMPXMVQUHB,C=CS(=O)(=O)Nc1cccc(-c2nc3cc(Nc4nc(-c5ccncc5)cs4)c(C)cc3n2C)c1,,,,0.45964506
VOZHECCBQWWHJQ,Cc1nc(C2CCN(c3ncnc4[nH]c(-c5ccc(F)cc5)cc34)CC2)[nH]c1-c1ccc(Cl)s1,,5.780333653084869,5.780333653084869,0.3655481
SOUJVPJQDRIUDA,Cc1cc2c(cc1Nc1nc(-c3cccnc3)cs1)nc(-c1cccc(N3CCN(C)CC3)c1)n2C,,,,0.92587507
OAYBQYOQTSLNNR,Cc1cc2c(cc1Nc1nc(-c3ccncc3)cs1)nc(-c1cccc(N3CCN(C)CC3)c1)n2C,,,,0.8914498
HSJLPKBVUSJVRX,Cn1c(-c2cccc(C(F)(F)F)c2)nc2cc(Nc3nc(-c4cccnc4)cs3)ccc21,,,,0.7715982
FZNGSOXYJXBPKO,Cn1c(-c2cccc(OC(F)(F)F)c2)nc2cc(Nc3nc(-c4cccnc4)cs3)ccc21,,,,0.87229294
VTTZQNQXDHXMAA,Cc1cc2c(N3CCC(c4nc(C)c(-c5ccc6c(c5)OCCO6)[nH]4)CC3)ncnc2[nH]1,,5.780333653084869,5.780333653084869,0.023298021
XIDXTKWIFNBLOE,Cc1cc2nc(-c3cccc(C(F)F)c3)n(C)c2cc1Nc1nc(-c2cccnc2)cs1,,,,0.6398671
XSUKQKMPHRLWMM,Cc1cc2nc(-c3cccc(C(F)(F)F)c3)n(C)c2cc1Nc1nc(-c2cccnc2)cs1,,,,0.41743943
QAVRERJXTQILBH,Cc1cc2c(N3CCC(c4nc(C)c(-c5ccc6c(c5)OCO6)[nH]4)CC3)ncnc2[nH]1,,5.259637310505756,5.259637310505756,0.02314429
XNALZDKDDGDVTB,Cc1cc2c(cc1Nc1nc(-c3cccnc3)cs1)nc(-c1ccc(CN3CCN(C)CC3)cc1)n2C,,,,0.94435817
ZFFDDGBBCQEXPC,Cc1cc2c(cc1Nc1nc(-c3ccncc3)cs1)nc(-c1ccc(CN3CCN(C)CC3)cc1)n2C,,,,0.92000675
ORUAAMPAZNXCRZ,COc1cccc(-c2[nH]c(C3CCN(c4ncnc5[nH]c(C)cc45)CC3)nc2C)c1,,5.780333653084869,5.780333653084869,0.12939826
DLNMHQOOMXAIPT,COc1ccc(-c2[nH]c(C3CCN(c4ncnc5[nH]c(C)cc45)CC3)nc2C)cc1,,5.259637310505756,5.259637310505756,0.5717063
PAZBYXBILKZBBB,Cc1cc2c(N3CCC(c4nc(C)c(-c5ccc6c(c5)OC(F)(F)O6)[nH]4)CC3)ncnc2[nH]1,,5.259637310505756,5.259637310505756,0.031374574
SZZRYDZLGADPLL,COc1cc(-c2[nH]c(C3CCN(c4ncnc5[nH]c(C)cc45)CC3)nc2C)ccc1C,,5.259637310505756,5.259637310505756,0.4092513
NKTUMKMJXAVGOB,COc1ccc(-c2[nH]c(C3CCN(c4ncnc5[nH]c(C)cc45)CC3)nc2C)cc1C,,5.780333653084869,5.780333653084869,0.37728223
QNZBHUYFYBHUCW,CCC1(c2nc(C)c(-c3ccc(OC)c(C)c3)[nH]2)CCN(c2ncnc3[nH]c(C)cc23)CC1,,5.780333653084869,5.780333653084869,0.98820543
ZPLRQCZMPOJXBN,CCC1(c2nc(C)c(-c3ccc(OC)cc3)[nH]2)CCN(c2ncnc3[nH]c(C)cc23)CC1,,5.780333653084869,5.780333653084869,0.9871925
PTYONZQXJOCCET,Cc1nc(C2CCN(c3ncnc4[nH]c(-c5ccc(C#N)cc5)cc34)CC2)[nH]c1-c1ccc(C(F)(F)F)cc1,,5.780333653084869,5.780333653084869,0.42684165
ONAHPPXHHXABJM,Cc1nc(C2CCN(c3ncnc4[nH]c(-c5ccc(F)cc5)cc34)CC2)[nH]c1-c1ccc(C(F)(F)F)cc1,,5.780333653084869,5.780333653084869,0.48378888
FJPRVZNCNUAPDE,Cc1cc2c(N3CCC(C)(c4nc(C)c(-c5ccc6c(c5)OCO6)[nH]4)CC3)ncnc2[nH]1,,5.780333653084869,5.780333653084869,0.25921267
HFTVPZJZPNECIW,COc1cc(-c2cc3c(N4CCC(c5nc(C)c(-c6ccc(C(F)(F)F)cc6)[nH]5)CC4)ncnc3[nH]2)ccn1,,5.780333653084869,5.780333653084869,0.409785
QTBGVWNPKPDJNQ,CCC1(c2nc(C)c(-c3ccc4c(c3)OCO4)[nH]2)CCN(c2ncnc3[nH]c(C)cc23)CC1,,5.780333653084869,5.780333653084869,0.24396499
IDVWQQKQWJFOAS,CCOc1ccc(-c2[nH]c(C3(CC)CCN(c4ncnc5[nH]c(C)cc45)CC3)nc2C)cc1C,,5.780333653084869,5.780333653084869,0.9908853
CMLDVBUVLYZHDJ,CCOc1ccc(-c2[nH]c(C3(CC)CCN(c4ncnc5[nH]c(C)cc45)CC3)nc2C)cc1,,5.780333653084869,5.780333653084869,0.98955566
HPQVBRJBQCGAJX,CCC1(c2nc(C)c(-c3ccc4c(c3)OCCO4)[nH]2)CCN(c2ncnc3[nH]c(C)cc23)CC1,,5.780333653084869,5.780333653084869,0.29616004
UORAPQCBWYIISR,Nc1ncnc2c1c(-c1ccc(Oc3ccccc3)cc1)nn2C[C@@H]1SSC[C@@H]1O,,5.259637310505756,5.259637310505756,0.036873158
XXGZGOIOGHNZNG,Cc1cc2c(N3CCC(C)(c4nc(C)c(-c5ccc6c(c5)OC(F)(F)O6)[nH]4)CC3)ncnc2[nH]1,,5.780333653084869,5.780333653084869,0.9528744
VIVOVUCSDCUYTP,Cc1cc2c(N3CCC(C)(c4nc(C)c(-c5ccc6c(c5)OCCO6)[nH]4)CC3)ncnc2[nH]1,,5.780333653084869,5.780333653084869,0.29462853
OEDOCSRXDAINBA,COc1cccc(-c2[nH]c(C3(C)CCN(c4ncnc5[nH]c(C)cc45)CC3)nc2C)c1,,5.780333653084869,5.780333653084869,0.9660365
OGHINACKYAIADY,O=C(Nc1cnc2[nH]c(-c3ccccc3)cc2c1)c1ncccc1F,,4.619224005717909,4.619224005717909,0.2556181
RCASKMNFEWLGIF,Cc1cc2c(N3CCC(c4nc(C)c(-c5ccc(C(F)(F)F)cc5)[nH]4)CC3)ncnc2[nH]1,,5.780333653084869,5.780333653084869,0.29780605
WRDNIRIDROZTPC,Cc1nc(C2CCN(c3ncnc4[nH]c(-c5ccc(C#N)cc5)cc34)CC2)[nH]c1-c1ccc(C(F)F)cc1,,5.780333653084869,5.780333653084869,0.5326031
TYXUJXSFVVXFCY,NC(=O)c1cccc(C(=O)Nc2cnc3[nH]c(-c4ccc(F)cc4)cc3c2)c1,,5.259637310505756,5.259637310505756,0.18635339
LCNWTZYQRLJNLC,Cc1cccnc1C(=O)Nc1cnc2[nH]c(-c3ccccc3)cc2c1,,5.259637310505756,5.259637310505756,0.035353687
LRSCZRCWOMNIRU,O=C(Nc1cnc2[nH]c(-c3ccccc3)cc2c1)c1cn[nH]n1,,5.259637310505756,5.259637310505756,0.33088854
NYXRXAPNYWEGBC,O=C(Nc1cnc2[nH]c(-c3ccc(F)cc3)cc2c1)c1cccc2n[nH]cc12,,4.619224005717909,4.619224005717909,0.072788656
FCICDIOXDAQXAU,COc1ccc(-c2nc(C3(C)CCN(c4ncnc5[nH]c(C)cc45)CC3)[nH]c2C)cn1,,5.780333653084869,5.780333653084869,0.96597457
GYRBGMXNMBENFA,COc1ncc(-c2nc(C3(C)CCN(c4ncnc5[nH]c(C)cc45)CC3)[nH]c2C)cc1F,,5.780333653084869,5.780333653084869,0.9851393
AEGOLZYBXPWBRK,Cc1cc2c(N3CCC(C)(c4nc(C)c(-c5ccc(OC(F)F)cc5)[nH]4)CC3)ncnc2[nH]1,,5.780333653084869,5.780333653084869,0.9921604
CPBGCEOJEDELOR,CCc1[nH]c(C2CCN(c3ncnc4[nH]c(-c5ccc(C#N)cc5)cc34)CC2)nc1C,,5.780333653084869,5.780333653084869,0.4158742
QMHJEMODZGCTIF,CCc1[nH]c(C2CCN(c3ncnc4[nH]c(-c5cnn(C(F)F)c5)cc34)CC2)nc1C,,5.780333653084869,5.780333653084869,0.54551244
IRCNFXAUWKQACF,Cc1cc2c(N3CCC(C)(c4nc(C)c(-c5cccc(OC(F)F)c5)[nH]4)CC3)ncnc2[nH]1,,5.780333653084869,5.780333653084869,0.9869926
KTSSMMXJUZRGPM,Cc1nc(C2(C)CCN(c3ncnc4[nH]c(-c5ccc(C#N)cc5)cc34)CC2)[nH]c1-c1cccc(OC(F)F)c1,,5.780333653084869,5.780333653084869,0.9810659
RCMYHEIMHQSWCW,COc1ccc(-c2[nH]c(C3(C)CCN(c4ncnc5[nH]c(-c6ccc(C#N)nc6)cc45)CC3)nc2C)cc1F,,5.780333653084869,5.780333653084869,0.9929087
RRCHAOBKSZXMFZ,Cc1nc(C2(C)CCN(c3ncnc4[nH]nc(C)c34)CC2)[nH]c1-c1cccc(OC(F)F)c1,,5.780333653084869,5.780333653084869,0.98942447
DJLNVSPGZHQSAE,Cc1nc(C2(C)CCN(c3ncnc4[nH]nc(C)c34)CC2)[nH]c1-c1ccc(Cl)cc1,,5.780333653084869,5.780333653084869,0.9924833
HMQXOEUVFNBXMC,Cc1nc(C2(C)CCN(c3ncnc4[nH]nc(C)c34)CC2)[nH]c1-c1ccc2c(c1)OC(F)(F)O2,,5.780333653084869,5.780333653084869,0.9488493
FEVBWWYKQSBMNL,COc1ccc(-c2[nH]c(C3(C)CCN(c4ncnc5[nH]nc(C)c45)CC3)nc2C)cc1F,,5.780333653084869,5.780333653084869,0.99674004
ZQESFHAJYXLRSF,Cc1cc(C(=O)Nc2cnc3[nH]c(C#CCF)cc3c2)[nH]n1,,5.259637310505756,5.259637310505756,0.03295886
SHWXCQWLPRFYAD,COc1ccc(Cl)c(-c2cc3cc(NC(=O)c4[nH]nc(C)c4C)cnc3[nH]2)c1,,5.259637310505756,5.259637310505756,4.6611692e-08
BNHKWJJKGSSEAG,Cc1[nH]nc(C(=O)Nc2cnc3cc(-c4ccc(F)cc4)nn3c2)c1C,,5.259637310505756,5.259637310505756,7.8311285e-05
RSMAHTSDYGXRPV,Cc1cc(/C=N/NC(=O)Nc2ccc(-c3nc(N4CCOCC4)c4sccc4n3)cc2)cc(C)c1O,CHEMBL3343621,5.251811972993799,5.251811972993799,0.906888
DYBMRTXQOPNQNV,O=C(O)CCNC(=O)c1cccc2c1Cc1c-2n[nH]c1-c1ccsc1,CHEMBL246342,5.251037138743839,5.251037138743839,0.19684456
DTQAVOXWSGVMDD,Cc1ccccc1NC(=O)N(C)Cc1ccc(-c2[nH]nc3c2Cc2cc(CN4CCN(C)CC4)ccc2-3)s1,CHEMBL209421,5.243363891754152,5.243363891754152,0.0042419075
OUFKNFIMAPBAOH,C[C@H](NC(=O)c1ccc2c(c1)[nH]c(=O)n2C)c1ccc(Oc2ccc(F)cc2)nc1,,6.920818753952375,6.920818753952375,0.9537087
MJYLBAYCNIOOPP,Cc1ccc(C(=O)N(C)c2ccc(CN3CCN(C)CC3)c(C(F)(F)F)c2)cc1NC(=O)c1cccc(-c2cccs2)c1,CHEMBL4083705,5.229147988357856,5.229147988357856,0.89831364
YXQXLHSRJUFMFD,Oc1ccc(CC2=Cc3ccc(O)c(O)c3OC2)cc1O,CHEMBL477560,5.229147988357856,5.229147988357856,0.9896353
WYBVPDJUCBGYKI,Cc1ccc(NC(=O)c2ccc(CN3CCN(C)CC3)c(C(F)(F)F)c2)cc1NC(=O)c1cccc(-c2cncnc2)c1,CHEMBL4100838,5.224025668870631,5.224025668870631,0.9515886
XGAYALCZXPVWQM,CCc1ccc(C(=O)Nc2cccc(C(F)(F)F)c2)cc1-c1cccc(-c2cnc3cnccn23)c1C,,5.223444089296738,5.223444089296738,0.2580002
YITOZDQLAMEHRT,Cc1cn(-c2cc(CCS(N)(=O)=O)cc(NC(=O)c3ccc(C)c(Nc4nccc(-c5ccccc5)n4)c3)c2)cn1,,5.221848749616356,5.221848749616356,0.63491035
KVQXSRPPMDSZLB,CCN(CC)CCCNc1nc(-c2ccc(NC(=O)Nc3ccc(Cl)cc3)cc2)nc2ccsc12,CHEMBL3326099,5.214670164989233,5.214670164989233,0.9420794
FXBQRSRNAXVLTL,Cc1n[nH]c2nccc(-c3ccc(NC(=O)Nc4ccccc4N4CCOCC4)cc3)c12,CHEMBL4100372,5.1912490276504055,5.1912490276504055,0.6927517
TWNCKQAEKATYMQ,CCc1ccc(C(=O)Nc2cccc(C(F)(F)F)c2)cc1-c1cc(F)cc(-c2cnc3cnccn23)c1,,5.1810486883598275,5.1810486883598275,0.2027401
KEHOCJQBAQEQIW,CCc1cccc(NC(=O)Nc2ccc(-c3ccnc4[nH]nc(C(F)(F)F)c34)cc2)c1,CHEMBL4081793,5.169539649969033,5.169539649969033,0.7353668
TYWBRXBULSRDSV,COc1cc(Nc2ncc(C(F)(F)F)c(N[C@H]3CC[C@@H](N)CC3)n2)ccc1C(N)=O,,5.164816930150956,5.164816930150956,0.8577255
BWPSQPNBLNXPHV,CN1CCN(c2ccc(C(=O)Nc3n[nH]c4cc(OC5CCN(Cc6ccccc6)CC5)ccc34)cc2)CC1,,5.161906861554401,5.161906861554401,0.53752124
MSPYCZSIZAXWNJ,COc1cc2nn([C@H]3CC[C@H](n4cc(C(C)(C)O)nn4)CC3)cc2cc1C(=O)Nc1cccn(C)c1=O,,5.161150909262744,5.161150909262744,0.12608863
QSGGLLCPVRJDDE,OC1CCN(c2cc(-c3cnc4ccc(N5CCC[C@@H]5c5cccc(F)c5)nn34)ccn2)CC1,CHEMBL3582442,5.154901959985743,5.154901959985743,0.29912922
ZBRCSUYENMMHAB,COc1cc2nn([C@H]3CC[C@H](N(C)C(=O)[C@@H](C)O)CC3)cc2cc1C(=O)Nc1cccn(C)c1=O,,5.154901959985743,5.154901959985743,0.0075651384
YPMIBESJDCGHJJ,OCC1CCN(Cc2cccc3c2Cc2c-3n[nH]c2-c2ccsc2)CC1,CHEMBL245934,5.1438755557577,5.1438755557577,0.016255258
KHQLSBOHZQJRPC,Nc1ccc(-c2cccc3[nH]nc(N)c23)cc1,CHEMBL222778,5.133122185662501,5.133122185662501,0.07756241
OEQWBDUPGNATTH,COc1cccc(-c2c[nH]c(=O)c(-c3cc(OC)c(OC)c(OC)c3)n2)c1,CHEMBL3358992,5.130768280269024,5.130768280269024,0.59827155
ZFKQQXLECNVLOF,CN(C)C(=O)c1ccc(Nc2ncc(C(F)(F)F)c(N[C@H]3CC[C@@H](N)CC3)n2)cc1,,5.127668878769749,5.127668878769749,0.8904482
YZXSIGGVKBZQGJ,CNCc1cc(C)c(-c2cc3c(-c4cnn(C)c4)n[nH]c3cn2)c(F)c1,,5.126621263590859,5.126621263590859,0.00018438855
GFFVAKKFWQHFLB,CNc1ncc2c(-c3ccc(N4CCNCC4)nc3)nn(CC3OCCO3)c2n1,,5.1249387366083,5.1249387366083,0.008274348
RBZQJYTXOCTDFE,Cc1ccc(NC(=O)c2ccc(CN3CCN(C)CC3)c(C(F)(F)F)c2)cc1NC(=O)c1cccc(-c2nn[nH]n2)c1,CHEMBL4084299,5.1249387366083,5.1249387366083,0.98713094
LRGHRMAKDYMLGF,CN1Cc2cc(Nc3ncc(C(F)(F)F)c(N[C@H]4CC[C@@H](N)CC4)n3)ccc2C1=O,,5.123955449753905,5.123955449753905,0.24653675
CEDINFOMXSQPIQ,COc1c(O)c(O)c2oc(-c3ccccc3)cc(=O)c2c1OC,,5.70446769648675,5.70446769648675,0.16607213
ZSNZPFYMIVNIMW,Oc1cccc(Nc2nnc(Cc3ccncc3)c3ccccc23)c1,,5.102372908709558,5.102372908709558,0.34450462
AGHOQYDPQAQJNL,C[C@@H]1CN(C(=O)CCCC(=O)N2C[C@@H](C)c3c2cc(O)c2ccccc32)c2cc(O)c3ccccc3c21,,5.080921907623926,5.080921907623926,0.47571647
BXQRDOOCYOERLZ,Cc1ccc(C(=O)Nc2ccccc2Cl)cc1C#Cc1cnc2ccnn2c1,CHEMBL2336036,5.079876673709276,5.079876673709276,0.9835834
KNLFQURAVAITLS,O=C(NC1CC1)c1cccc(-c2ccc3c(N4CCOCC4)nncc3c2)c1,CHEMBL494470,,5.07930286553008,0.3529085
BOJZTCLQTZXQSX,COc1cc2nn([C@H]3CC[C@H](n4ccnc4[C@@H](C)O)CC3)cc2cc1C(=O)Nc1cccn(C)c1=O,,5.025207424336674,5.025207424336674,0.0041262605
VNBCHEAYTLHULV,CCc1ccc(C(=O)Nc2cccc(C(F)(F)F)c2)cc1-c1cc(Cl)cc(-c2cnc3cnccn23)c1,,5.074997492319023,5.074997492319023,0.010349458
HXNUFFCHRIWTRZ,Nc1c(C(=O)NCc2ccc(C(=O)NCCCC3CCCCC3)cc2)cnn1-c1ccccc1,,5.070581074285707,5.070581074285707,0.16646616
OWGUHYJAQKOTEZ,CN1CCN(Cc2cc(NC(=O)c3ccc4c(c3)CN(c3cnc5ccccc5c3)CC4)cc(C(F)(F)F)c2)CC1,,5.060480747381382,5.060480747381382,0.0008166408
YBZJHECNTDHGQY,CC(C)(O)C(=O)N1CCc2ccc(Nc3ncc(C(F)(F)F)c(N[C@H]4CC[C@@H](N)CC4)n3)cc2C1,,5.049927370249843,5.049927370249843,0.06456863
RKTLCRIAGOMGHI,CCc1ccc(C(=O)Nc2ccccc2)cc1-c1cccc(-c2cnc3cnccn23)c1,,5.046240308266771,5.046240308266771,0.31396952
CSQMNCNSZXFMCT,Cc1ccc(NC(=O)c2ccc(NC(=O)/C=C/CN(C)C)c(C(F)(F)F)c2)cc1Nc1nccc(-c2cccnc2)n1,,5.038531444649213,5.038531444649213,0.92509186
ZLHRBBMIUWSRQK,NC(=O)c1ccc(Nc2ncc(C(F)(F)F)c(N3CCC(N)CC3)n2)cn1,,5.035269078946371,5.035269078946371,0.96128374
QGVMEYVYURPBQO,CNC(=O)c1ccc(Nc2ncc(C(F)(F)F)c(N[C@H]3CC[C@@H](N)CC3)n2)cc1,,5.021499930688541,5.021499930688541,0.8140388
XKAMXPSNRRSYII,CCCC(=O)Nc1cccc2c1Cc1c-2n[nH]c1-c1ccsc1,CHEMBL245362,5.020451625295905,5.020451625295905,0.12663999
AKYQOQRRFDHNEA,Cc1cccc(NC(=O)N(Cc2ccc(-c3[nH]nc4c3Cc3cc(CN5CCN(C)CC5)ccc3-4)s2)C(C)C)c1,CHEMBL377400,5.011173592954724,5.011173592954724,0.0104799885
RVPKZBCDJAUJOG,CS(=O)(=O)N1CCCc2cc(Nc3ncc(C(F)(F)F)c(NCCCN)n3)ccc21,,5.008330992620052,5.008330992620052,0.16716339
RLBSTAFRIPOFEZ,Cc1cn(-c2cc(CN3CCCC[C@H]3C(N)=O)cc(NC(=O)c3ccc(C)c(Nc4nccc(-c5ccc(F)cc5)n4)c3)c2)cn1,,5.005682847330363,5.005682847330363,0.6571333
UJIAQDJKSXQLIT,Nc1nc(N)c2nc(-c3cccc(O)c3)c(-c3cccc(O)c3)nc2n1,,,5.0,0.11809884
JRNJNYBQQYBCLE,COc1ccc(F)c(F)c1C(=O)c1cnc(NC2CCN(S(C)(=O)=O)CC2)nc1N,,,5.0,0.002259814
OUSFTKFNBAZUKL,CC(C)(C)c1cnc(CSc2cnc(NC(=O)C3CCNCC3)s2)o1,CHEMBL296468,,5.0,0.04163572
VIHCLUIQGPQVJO,Cc1ccc(NC(=O)c2ccc(CN3CCN(C)CC3)cc2)cc1Nc1nccc(-c2cncc(-c3cn[nH]c3C)c2)n1,,8.397940008672037,8.397940008672037,0.98727757
FGYURXKTVDDFFQ,Cc1ccc(-c2nnn([C@H]3C[C@@H](C(F)(F)F)C3)n2)cc1NC(=O)c1cnn2ccc(NCCO)cc12,,8.155834590943867,8.155834590943867,0.87932056
RLFRAOQCFCUISQ,COCCNc1ccn2ncc(C(=O)Nc3cc(-c4nnn(C5CC(F)C5)n4)ccc3C)c2c1,,8.387216143280265,8.387216143280265,0.93535835
OLOQYGAVGBONTR,O=C(Nc1cc(-c2nnn(CC3CC3)n2)ccc1Cl)c1cnn2ccccc12,,8.3767507096021,8.3767507096021,0.77569175
LZUOWTDXXDSWJF,COc1ccn2c(-c3cc(NCc4ccc(-c5cnn(C)n5)cc4)ncn3)cnc2c1,,7.732226360411666,7.732226360411666,0.5714871
AAUCXXCMBFZYRT,COc1cc(-c2cnc3c(N4CCOCC4)snc3c2)ccc1N,CHEMBL3425867,8.346787486224656,8.346787486224656,0.7129804
CYBTVMLSHWIMIM,Cc1cc(F)c(-c2nnn(C3CC(F)(F)C3)n2)cc1NC(=O)c1cnn2ccc(N3CCOCC3)cc12,,8.346787486224656,8.346787486224656,0.85526615
QLADNVUUVJRVKT,COc1ccn2ncc(C(=O)Nc3cc(-c4nnn(C5CN(S(C)(=O)=O)C5)n4)ccc3C)c2c1,,8.346787486224656,8.346787486224656,0.7651302
KDKIPGJJMVHHJC,COc1ccn2c(-c3cc(NCc4ccc(-c5ccccc5)cc4)ncn3)cnc2c1,,7.56656109283125,7.56656109283125,0.28950396
LTGRCCWPCCUVNL,O=C(Nc1cc(-c2nnn(C3CC(F)(F)C3)n2)ccc1Cl)c1cnn2ccc(N3CCOCC3)cc12,,8.327902142064282,8.327902142064282,0.77823466
DWWREZUWNAQNIE,Cc1ccc(-c2nnn(C)n2)cc1NC(=O)c1cnn2ccccc12,,8.318758762624412,8.318758762624412,0.9010628
OVNLRCGPYLRPCT,Cc1ccc(-c2nnn(CC3CC4(CCC4)CO3)n2)cc1NC(=O)c1cnn2ccccc12,,8.318758762624412,8.318758762624412,0.9081396
CZOMSLFVVFXAHJ,Cc1ccc(-c2nnn(C3CN(S(=O)(=O)C4CC4)C3)n2)cc1NC(=O)c1cnn2ccccc12,,8.309803919971486,8.309803919971486,0.7901437
HUGUCVWYLIJLDT,Cc1cc(F)c(-c2nnn([C@H]3C[C@@H](C(F)(F)F)C3)n2)cc1NC(=O)c1cnn2ccc(N3CCC(C)(O)CC3)cc12,,8.309803919971486,8.309803919971486,0.81395715
OLEGOOWQMIBHHZ,COCCS(=O)(=O)N1CC(c2nnn(-c3ccc(C)c(NC(=O)c4cnn5ccccc45)c3)n2)C1,,8.309803919971486,8.309803919971486,0.8625405
ZNOLRTPMNMPLHY,COc1c(Cl)cc2c([nH]c3cnccc32)c1NC(=O)c1cccnc1C,CHEMBL608154,,5.0,0.013151698
BCZUAADEACICHN,Cn1cc(-c2ccc3nnc(Sc4ccc5ncccc5c4)n3n2)cn1,,,5.0,0.81717265
HZTYDQRUAWIZRE,CNC(=O)c1c(F)cccc1Nc1nc(Nc2cc3c(cc2OC)CCN3C(=O)CN(C)C)nc2[nH]ccc12,,,5.0,0.09612123
CDMGBJANTYXAIV,CS(=O)c1ccc(-c2nc(-c3ccncc3)c(-c3ccc(F)cc3)[nH]2)cc1,CHEMBL10,,5.0,0.01612088
GFMMXOIFOQCCGU,O=C(NOCC1CC1)c1ccc(F)c(F)c1Nc1ccc(I)cc1Cl,CHEMBL105442,,5.0,0.045304246
LHNIIDJUOCFXAP,CS(=O)(=O)N1CCN(Cc2cc3nc(-c4cccc5[nH]ncc45)nc(N4CCOCC4)c3s2)CC1,,,5.0,0.009462708
FHYUGAJXYORMHI,NC(=O)c1ccc(-c2nc(-c3ccccn3)c(-c3ccc4c(c3)OCO4)[nH]2)cc1,CHEMBL440084,,5.0,0.046743546
RIGIGAFKKVBACY,O=NC1CCc2cc(-c3cn(CCO)nc3-c3ccncc3)ccc21,CHEMBL525191,,5.0,0.050751083
LEKWCJUCBLAVCO,Cc1cn(-c2cc(CN3CCCC[C@H]3C(=O)O)cc(NC(=O)c3ccc(C)c(Nc4nccc(-c5ccc(F)cc5)n4)c3)c2)cn1,,,5.0,0.66741425
TYKXIBLBQNRTJM,Cc1cn(-c2cc(NC(=O)c3ccc(C)c(Oc4ccccc4)c3)cc(N3CCN(C)CC3)c2)cn1,,,5.0,0.47899002
GFKHNUHEUMXRLU,Cc1ccc(C(=O)Nc2cc(N3CCN(C)CC3)cc(-n3cnc(C)c3)c2)cc1,,,5.0,0.09489446
TUVCWJQQGGETHL,Oc1cccc(-c2nc(N3CCOCC3)c3oc4ncccc4c3n2)c1,CHEMBL538346,,5.0,0.50572836
SUNSLACFIOGRFF,Cc1cn(-c2cc(CN3CCC[C@H](N)C3)cc(NC(=O)c3ccc(C)c(Oc4ccccc4)c3)c2)cn1,,,5.0,0.7682295
SQLOTYNZUHXWAS,Cc1cn(-c2cc(NC(=O)c3ccc(C)c(C(=O)c4cccc(C#N)c4)c3)cc(N3CCN(C)CC3)c2)cn1,,,5.0,0.10406817
BLFBSGVUERKSST,CN1CCN(c2ccc(-n3cc(-c4ccncc4OCC4CCNCC4)cn3)cc2)CC1,CHEMBL3824068,,5.0,0.11586443
ZPNTXOKOIHPCLI,CN1CCN(c2ccc(Oc3ccc4c(c3)C(=O)N(Cc3ccccc3)c3cc(F)ccc3N4)cc2)CC1,,,5.0,0.6005657
QHKYPYXTTXKZST,Oc1ccc(-c2nc(-c3ccncc3)c(-c3ccc(F)cc3)[nH]2)cc1,,,5.0,0.04786692
LKRJNGOFZVQOHT,Cc1ccc(C(=O)Nc2ccc(CN3CCN(C)CC3)c(C(F)(F)F)c2)cc1N(C)C(=O)c1cccc(-c2cccs2)c1,CHEMBL4090750,,5.0,0.8017846
LIBCJKPMHVGRLL,Cc1ccc(C(=O)Nc2ccc(CN3CCN(C)CC3)c(C(F)(F)F)c2)cc1NCc1cccc(-c2cccs2)c1,CHEMBL4072863,,5.0,0.97734296
LGHCDSPTPYZHHG,Cc1ccc(C(=O)Nc2ccc(CN3CCN(C)CC3)cc2)cc1NC(=O)c1cccc(-c2cccs2)c1,CHEMBL4072266,,5.0,0.8850647
IRZGCVJWGOUXRP,c1ccc2ncc(CNc3cncc(-c4cnc5ccccn45)c3)cc2c1,,,5.0,0.08073401
WRPUDWWMWPNEQE,c1ccn2c(-c3nccc(NCC4CCN(C5CCCC5)CC4)n3)cnc2c1,,,5.0,0.03205512
WHEHWSMXOZMWOF,COc1cc2nc(-c3ccc(CC(=O)Nc4cc(C5(C(F)(F)F)CC5)on4)c(F)c3)cnc2cc1OCCNC(C)=O,,,8.301029995663981,0.9991917
HQHVHTZNRAGXMI,COc1cc2nc(C)c(-c3ccc(CC(=O)Nc4cc(C5(C(F)(F)F)CC5)on4)c(F)c3)nc2cc1OC,,,8.301029995663981,0.99923706
WVLMQPSOVDJIKZ,COc1cc2ncc(-c3ccc(CC(=O)Nc4cc(C(C)(C)C(F)(F)F)on4)c(F)c3)nc2cc1OCCO,,,8.301029995663981,0.8279277
SXRUIOKBGIPWSF,COc1cc2nc(-c3ccc(CC(=O)Nc4cc(C(C)(C)C)on4)c(F)c3)cnc2cc1OCCN1CCOCC1,,,8.301029995663981,0.94993454
PROKFIBCPMACMH,COc1cc2nc(-c3ccc(CC(=O)Nc4cc(C(C)(C)C(F)(F)F)on4)c(F)c3)cnc2cc1OCCO,,,8.301029995663981,0.8335246
VNSPHUMYYTVSOQ,COc1cc2nc(-c3ccc(CC(=O)Nc4cc(C5(C(F)(F)F)CC5)on4)c(F)c3)cnc2cc1OCCN=[N+]=[N-],,,8.301029995663981,0.9969388
YNMDNDHCJZZJHL,COc1cc2nc(-c3ccc(CC(=O)Nc4cc(C5(C(F)(F)F)CC5)on4)c(F)c3)cnc2cc1OCCN,,,8.301029995663981,0.99954104
PRJIWTBRMAGRKH,COc1cc2nc(-c3ccc(CC(=O)Nc4cc(C5(C(F)(F)F)CC5)on4)c(F)c3)cnc2cc1OCCN(C)C(C)=O,,,8.301029995663981,0.9991043
PUQHSSCAVUJSNV,COCCOc1cc2cc(-c3ccc(CC(=O)Nc4cc(C(C)(C)C(F)(F)F)on4)c(F)c3)cnc2cc1OC,,,8.301029995663981,0.61486375
RVEVVJOWKYFGHA,COc1cc2ncc(-c3ccc(CC(=O)Nc4cc(C(C)(C)C(F)(F)F)on4)c(F)c3)cc2cc1OCCO,,,8.301029995663981,0.5960114
GLBLAPPEACUPNM,COc1cc2ncc(-c3ccc(CC(=O)Nc4cc(C5(C(F)(F)F)CC5)on4)c(F)c3)cc2cc1OCCO,,,8.301029995663981,0.99945503
BYZAMRHQZVXPJH,COc1cc2ncc(-c3ccc(CC(=O)Nc4cc(C5(C(F)(F)F)CC5)nn4C)c(F)c3)nc2cc1OC,,,8.301029995663981,0.99888176
WDXRHMQQIREXBY,COc1cc2nc(-c3ccc(CC(=O)Nc4cc(C5(C(F)(F)F)CC5)on4)c(F)c3)cnc2cc1OCCN1CC(C)OC(C)C1,,,8.301029995663981,0.99918216
WHJSDBMOODRPIX,CNCCOc1cc2ncc(-c3ccc(CC(=O)Nc4cc(C5(C(F)(F)F)CC5)on4)c(F)c3)nc2cc1OC,,,8.301029995663981,0.99959594
CTEUXMQDKXJXSB,COc1cc2ncc(-c3ccc(CC(=O)Nc4cc(C(C)(C)C(F)(F)F)on4)c(F)c3)nc2cc1O,,,8.301029995663981,0.9175909
GKUIJRKUHSKAAO,COc1cc2nc(-c3ccc(CC(=O)Nc4cc(C5(C(F)(F)F)CC5)on4)c(F)c3)cnc2cc1OCCn1cncn1,,,8.301029995663981,0.9989717
FZHXAOUXVLKPON,COc1cc2nc(-c3ccc(CC(=O)Nc4cc(C5(C(F)(F)F)CC5)on4)c(F)c3)cnc2cc1OCC(=O)N(C)C,,,8.301029995663981,0.99847513
IUZWKFHGQQKDCA,COc1cc2ncc(-c3ccc(CC(=O)Nc4cc(C(C)(C)C(F)(F)F)on4)c(F)c3)nc2cc1OCCN1CCOCC1,,,8.301029995663981,0.889466
PDHWFEOIQXSNOV,COc1cc2ncc(-c3ccc(CC(=O)Nc4cc(C5(C(F)(F)F)CC5)n[nH]4)c(F)c3)nc2cc1OC,,,8.301029995663981,0.99460053
SXLPTVHMEFMHHC,COc1cc2ncc(-c3ccc(CC(=O)Nc4cc(C(C)(C)C(F)(F)F)nn4C)c(F)c3)nc2cc1OC,,,8.301029995663981,0.7410236
CQTGXGKMJPKWQH,COc1cc2ncc(-c3ccc(CC(=O)Nc4cc(C(C)(C)C(F)(F)F)n[nH]4)c(F)c3)nc2cc1OC,,,8.301029995663981,0.15225206
YCBVPQCXISBSNJ,COc1cc2nc(-c3ccc(CC(=O)Nc4cc(C5(C(F)(F)F)CC5)on4)c(F)c3)cnc2cc1OCC#N,,,8.301029995663981,0.99854505
WVCOJOLHQGIDSC,COc1cc2ncc(-c3ccc(CC(=O)Nc4cc(C5(C(F)(F)F)CC5)on4)c(F)c3)cc2cc1OCCN,,,8.301029995663981,0.9995515
GSHLPIYDJXAKII,Cc1ccc(-c2nnn(C3CC(F)(F)C3)n2)cc1NC(=O)c1cnn2ccccc12,,8.301029995663981,8.301029995663981,0.9058602
ZIOPSVIUFDDXSK,COc1cc2ncc(-c3ccc(CC(=O)Nc4cc(C5(C(F)(F)F)CC5)on4)c(F)c3)cc2cc1OCCNC(C)=O,,,8.301029995663981,0.99935347
HAYSJRLWOJSEMN,COc1cc2ncc(-c3ccc(CC(=O)Nc4cc5n(n4)CCC5(C)C)c(F)c3)nc2cc1OC,,,8.301029995663981,0.80991167
JOBWUQHOQFEAON,COc1cc2nc(-c3ccc(CC(=O)Nc4cc(C5(C(F)(F)F)CC5)on4)c(F)c3)cnc2cc1OCCCO,,,8.301029995663981,0.9995672
SJMYZNYETKGQGO,COCCOc1cc2cc(-c3ccc(CC(=O)Nc4cc(C5(C(F)(F)F)CC5)on4)c(F)c3)cnc2cc1OC,,,8.301029995663981,0.99943453
YGINPRVZGCYWJK,COc1cc2ncc(-c3ccc(CC(=O)Nc4cc(C(C)(C)C(F)(F)F)on4)c(F)c3)cc2cc1OCCN1CCOCC1,,,8.301029995663981,0.82166344
SIBOSDPROFWGTH,COc1cc2ncc(-c3ccc(CC(=O)Nc4cc(C5(C(F)(F)F)CC5)on4)c(F)c3)cc2cc1OCCN1CCOCC1,,,8.301029995663981,0.99846137
ASITYCQFZFKMQM,COc1cc2ncc(-c3ccc(CC(=O)Nc4cc(C(C)(C)C(F)(F)F)on4)c(F)c3)nc2cc1OCCN1CC[C@H](O)C1,,,8.301029995663981,0.9703738
MWAYHFYMPJWDLI,COc1cc2cc(-c3ccc(CC(=O)Nc4cc(C(C)(C)C(F)(F)F)on4)c(F)c3)cnc2cc1OCCN(C)CCO,,,8.301029995663981,0.6361814
INNGFVJLXZWAOZ,COc1cc2cc(-c3ccc(CC(=O)Nc4cc(C(C)(C)C(F)(F)F)on4)c(F)c3)cnc2cc1OCCNCCO,,,8.301029995663981,0.59513426
PZHVUKVGLRDSLC,COc1cc2ncc(-c3ccc(CC(=O)Nc4cc(C5(C(F)(F)F)CC5)on4)c(F)c3)nc2cc1OC[C@@H](C)O,,,8.301029995663981,0.9992865
GVVLYEZSULOUCH,COc1cc2ncc(-c3ccc(CC(=O)Nc4cc(C(C)(C)C(F)(F)F)on4)c(F)c3)nc2cc1OCCCN1CCOCC1,,,8.301029995663981,0.89682686
QNQAYJFKQJQCFV,CNCCOc1cc2nc(-c3ccc(CC(=O)Nc4cc(C(C)(C)C(F)(F)F)on4)c(F)c3)cnc2cc1OC,,,8.301029995663981,0.8155945
RJVGQNKIJQMJPD,COc1cc2cc(-c3ccc(CC(=O)Nc4cc(C(C)(C)C(F)(F)F)on4)c(F)c3)cnc2cc1OCCN1CCOCC1,,,8.301029995663981,0.8236298
UTSGZSDQKUBDHD,COc1cc2ncc(-c3ccc(CC(=O)Nc4cc(C(C)(C)C(F)(F)F)on4)c(F)c3)nc2cc1OCCN(C)C(C)=O,,,8.301029995663981,0.8009943
WXMUAOAOMXNIJB,COc1cc2cc(-c3ccc(CC(=O)Nc4cc(C(C)(C)C(F)(F)F)on4)c(F)c3)cnc2cc1OCCN1CC[C@@H](O)C1,,,8.301029995663981,0.94698465
WEQBFUUKDZPGIY,COc1cc2nc(-c3ccc(CC(=O)Nc4cc(C5(C(F)(F)F)CC5)on4)c(F)c3)cnc2cc1OC[C@@H](C)O,,,8.301029995663981,0.99930143
DZFJDWUMBHYCPI,COc1cc2nc(-c3ccc(CC(=O)Nc4cc(C(C)(C)C(F)(F)F)on4)c(F)c3)cnc2cc1OCCCN1CCOCC1,,,8.301029995663981,0.89765984
SNEBJRQGOJALJD,COc1cc2nc(-c3ccc(CC(=O)Nc4cc(C(C)(C)C(F)(F)F)on4)c(F)c3)cnc2cc1OCCn1cncn1,,,8.301029995663981,0.85901546
XEOSKNVYITTWGH,COc1cc2nc(-c3ccc(CC(=O)Nc4cc(C(C)(C)C(F)(F)F)on4)c(F)c3)cnc2cc1OCCn1cnnc1,,,8.301029995663981,0.85512334
GEUVGFKTLFMXLK,COc1cc2ncc(-c3ccc(CC(=O)Nc4cc(C(C)(C)C(F)(F)F)on4)c(F)c3)cc2cc1OCCN,,,8.301029995663981,0.546821
HYHNXCDQYIYHTM,COc1cc2ncc(-c3ccc(CC(=O)Nc4cc(C(C)(C)C(F)(F)F)on4)c(F)c3)cc2cc1OCCNC(C)=O,,,8.301029995663981,0.69505745
MVNWDPHNIUYYMA,COc1cc2ncc(-c3ccc(CC(=O)Nc4cc(C(C)(C)C(F)(F)F)on4)c(F)c3)cc2cc1OCCN1CCC(O)CC1,,,8.301029995663981,0.8696926
GJVUPNMLCFMSTK,COc1cc2nn([C@H]3CC[C@H](N4CCN(C)C4=O)CC3)cc2cc1C(=O)Nc1cccn(C)c1=O,,4.97469413473523,4.97469413473523,0.28695375
XKCSYGKGYVOFMQ,COc1cc2nn([C@H]3CC[C@H](N(C)C(C)=O)CC3)cc2cc1C(=O)Nc1cccn(C)c1=O,,4.886056647693163,4.886056647693163,0.016183948
KHZKDIOHAKSRNG,COc1cc2nn([C@@H]3CCC(N(C)C(C)=O)C[C@@H]3C)cc2cc1C(=O)Nc1cccn(C)c1=O,,4.800414171556582,4.73754891026957,0.024974544
PLAYYQDTNSRGEA,Cc1ccc(NC(=O)c2ccc(CN3CCN(C)CC3)c(C(F)(F)F)c2)cc1NC(=O)c1cccc(-c2ccccn2)c1,CHEMBL4104586,4.823908740944319,4.823908740944319,0.95934725
MUHWRSWKWURVPP,COc1cc(OCc2ccnc(Nc3cnn(C)c3)n2)cc2sc(N[C@H]3CCCC[C@@H]3O)nc12,,4.769551078621726,4.769551078621726,0.8508146
MTFAYLZZDJGFGV,COc1cc(NC(=O)c2cccc(-n3cc(NC(=O)Nc4cccc(C)c4)cn3)c2)cc(OC)c1OC,,,4.698970004336019,0.91200846
PGQKQMFRLFTWHA,COc1cc2nn([C@H]3CC[C@H](n4ccccc4=O)CC3)cc2cc1C(=O)Nc1cccn(C)c1=O,,4.581698708680254,4.581698708680254,0.09991334
JMGCDJNFHYFXDK,Nc1nccc(COc2cc(Cl)c3nc(N[C@@H]4CCCC[C@H]4O)sc3c2)c1Cl,,,4.522878745280337,0.0020356092
JVLAKTZEBLZHSJ,COc1cc2nn([C@H]3CC[C@H](N(C)C(=O)[C@H](C)O)CC3)cc2cc1C(=O)Nc1cccn(C2CC2)c1=O,,4.337585195157,4.337585195157,0.012589643
DLPHSLCXLBMTEZ,COc1cc2nn([C@H]3CC[C@H](N(C)C(=O)[C@@H](C)O)CC3)cc2cc1C(=O)Nc1cccn(C2COC2)c1=O,,,4.301029995663981,0.0058754846
FWMROIMRRCYNLB,COC1=CC(=N)/C(=C\N[C@H]2CC[C@@H](c3cccnn3)CC2)C=C1C(=O)Nc1cccn(C)c1=O,,4.055024091587952,4.055024091587952,0.35141894
PUTMNXBEWFIBNI,COc1cc2nn([C@H]3CC[C@H](n4cncn4)CC3)cc2cc1C(=O)Nc1cccn(C)c1=O,,,4.0,0.10834265
XIQCNXVTISJRSX,COc1cc2nn([C@H]3CC[C@H](n4ccnn4)CC3)cc2cc1C(=O)Nc1cccn(C)c1=O,,,4.0,0.094542585
WNONSDANAMQJGJ,COc1cc2nn([C@H]3CC[C@H](c4nnco4)CC3)cc2cc1C(=O)Nc1cccn(C)c1=O,,,4.0,0.3299675
UDGXWUPAVGJJKI,COc1cc2nn([C@H]3CC[C@H](N(C)C(=O)[C@@H](C)O)CC3)cc2cc1C(=O)Nc1cccn(-c2cnn(C)n2)c1=O,,,4.0,0.40112594
HIIHWUFTGKIKRY,COc1cc2nc(-c3ccc(CC(=O)Nc4cc(C5(C(F)(F)F)CC5)on4)c(F)c3)cnc2cc1OCCN1CCS(=O)(=O)CC1,,,8.301029995663981,0.9953874
LUWNLSSLDUYFCU,COc1cc2ncc(-c3ccc(CC(=O)Nc4cc(C(C)(C)C(F)(F)F)on4)cc3F)nc2cc1OC,,,8.301029995663981,0.91671896
MPOCJCHGUISKTG,COc1cc2ncc(-c3cc(F)c(CC(=O)Nc4cc(C5(C(F)(F)F)CC5)on4)cc3F)nc2cc1OC,,,8.301029995663981,0.99914
JWGMDMMYKGLQEQ,COc1cc2ncc(-c3cc(F)c(CC(=O)Nc4cc(C(C)(C)C(F)(F)F)on4)cc3F)nc2cc1OC,,,8.301029995663981,0.880383
HWEMDNQRELEQGS,COc1cc2nc(-c3ccc(CC(=O)Nc4cc(C5(C(F)(F)F)CC5)on4)c(F)c3)cnc2cc1OCCCN1CCOCC1,,,8.301029995663981,0.9984688
PCNJXTYGFQTOIK,COc1cc2ncc(-c3ccc(CC(=O)Nc4cc(C5(C(F)(F)F)CC5)on4)c(F)c3)nc2cc1OCCCN1CCOCC1,,,8.301029995663981,0.9984896
SZGJLIHXOMVLPJ,COc1cc2ncc(-c3ccc(CC(=O)Nc4cc(C5(C(F)(F)F)CC5)on4)c(F)c3)nc2cc1OCCCNC(C)=O,,,8.301029995663981,0.9992874
ROWRKQMDJHITQW,COc1cc2nc(-c3ccc(CC(=O)Nc4cc(C(C)(C)C)on4)cc3)cnc2cc1OCCN1CCOCC1,,,8.301029995663981,0.8688681
UBYQWUSUKNUPBN,COc1cc2nc(-c3ccc(CC(=O)Nc4cc(C5(C(F)(F)F)CC5)on4)c(F)c3)cnc2cc1OCCN1CC2CC1CO2,,,8.301029995663981,0.9906494
OIGAXKNYERKRIG,COc1cc2ncc(-c3cc(F)c(CC(=O)Nc4cc(C(C)(C)C(F)(F)F)on4)c(F)c3)nc2cc1OC,,,8.301029995663981,0.8175155
XCUURNLGWYJYMF,COc1cc2ncc(-c3cc(F)c(CC(=O)Nc4cc(C5(C(F)(F)F)CC5)on4)c(F)c3)nc2cc1OC,,,8.301029995663981,0.99858654
GSOAYHREENCGHS,COc1cc2ncc(-c3ccc(CC(=O)Nc4cc(C5(C(F)(F)F)CC5)on4)c(F)c3)nc2cc1OCCCN,,,8.301029995663981,0.9996207
LILNWRHOGNBMAS,CC(=O)NCCOc1cc2ncc(-c3ccc(CC(=O)Nc4cc(C(C)(C)C(F)(F)F)on4)c(F)c3)nc2cc1OCCNC(C)=O,,,8.301029995663981,0.7480151
QPWDRFHEDSZOIG,CC(=O)N(C)CCOc1cc2ncc(-c3ccc(CC(=O)Nc4cc(C(C)(C)C(F)(F)F)on4)c(F)c3)nc2cc1OCCN(C)C(C)=O,,,8.301029995663981,0.74851084
OLLFCISMWWBMBO,COc1cc2nc(-c3ccc(CC(=O)Nc4cc(C5(C(F)(F)F)CC5)on4)c(F)c3)cnc2cc1OCCCS(C)(=O)=O,,,8.301029995663981,0.99613756
DAQDCKLKOUBWAT,COc1cc2nc(-c3ccc(CC(=O)Nc4cc(C5(C(F)(F)F)CC5)on4)c(F)c3)cnc2cc1OCCN1CC2CC(C1)O2,,,8.301029995663981,0.99755824
GDWHMXHBSRSNEP,COc1cc2cc(-c3ccc(CC(=O)Nc4cc(C5(C(F)(F)F)CC5)on4)c(F)c3)cnc2cc1OCCN1CCOCC1,,,8.301029995663981,0.9984524
SIHYSBKNDAMAGK,COc1cc2nc(-c3ccc(CC(=O)Nc4cc(C5(C(F)(F)F)CC5)on4)c(F)c3)cnc2cc1C(C)(O)CO,,,8.301029995663981,0.9990575
XFSPDPGSHTVSHY,COc1cc2ncc(-c3ccc(CC(=O)Nc4cc(C5(C(F)(F)F)CC5)on4)c(F)c3)nc2cc1OCCN1CCOCC1,,,8.301029995663981,0.9982597
BTQCFXRWZNDGAL,COc1cc2nc(-c3ccc(CC(=O)Nc4cc(C(C)(C)C(F)(F)F)n[nH]4)c(F)c3)cnc2cc1OCCN1CCOCC1,,,8.301029995663981,0.32615137
XVEIVPRSGRJTND,COc1cc2nc(-c3ccc(CC(=O)Nc4cc(C5(C(F)(F)F)CC5)nn4C)c(F)c3)cnc2cc1OCCN1CCOCC1,,,8.301029995663981,0.997358
JLWJSRSCMAIBQU,COc1cc2ncc(-c3cnc(CC(=O)Nc4cc(C(C)(C)C(F)(F)F)on4)c(F)c3)nc2cc1OC,,,8.301029995663981,0.4059486
UZGAXTXWAHWTEU,COc1cc2nc(-c3ccc(CC(=O)Nc4cc(C5(C(F)(F)F)CC5)n[nH]4)c(F)c3)cnc2cc1OCCN1CCOCC1,,,8.301029995663981,0.9910693
GNYRZHKJFDPMEC,COc1cc2nc(-c3ccc(CC(=O)Nc4cc(C5(C(F)(F)F)CC5)on4)cc3)cnc2cc1OCCN1CCOCC1,,,8.301029995663981,0.9956863
STKXSRGRMSTLLC,COc1cc2nc(-c3ccc(CC(=O)Nc4cc(C5(C(F)(F)F)CC5)on4)c(F)c3)cnc2cc1OCCN1CCCOCC1,,,8.301029995663981,0.99845386
HFJMIDQDADIECB,COc1cc2nc(-c3ccc(CC(=O)Nc4cc(C5(C(F)(F)F)CC5)on4)c(F)c3)cnc2cc1OCCN1CCNCC1,,,8.301029995663981,0.9985415
RBCIWCIXCYRNQD,COc1cc2nc(-c3ccc(CC(=O)Nc4cc(C5(C(F)(F)F)CC5)on4)c(F)c3)cnc2cc1OCCN1CCO[C@H](C)C1,,,8.301029995663981,0.9984091
LYOHOQQJBKKTMT,COc1cc2nc(-c3ccc(CC(=O)Nc4cc(C5(C(F)(F)F)CC5)on4)c(F)c3)cnc2cc1OCCN1CCOC[C@@H]1C,,,8.301029995663981,0.9983359
RZAYCHOVFSPRLI,COc1cc2ncc(-c3ccc(CC(=O)Nc4cc(C5(C(F)(F)F)CC5)on4)c(F)c3)nc2cc1OCC(O)CO,,,8.301029995663981,0.99834967
DEGWMRMDSQKSOW,COc1cc2nc(-c3ccc(CC(=O)Nc4cc(C5(C(F)(F)F)CC5)on4)c(F)c3)cnc2cc1OCCCNC(C)=O,,,8.301029995663981,0.99928904
OBZQYBFLOUPXOV,COc1cc2nc(-c3ccc(CC(=O)Nc4cc(C5(C(F)(F)F)CC5)on4)c(F)c3)cnc2cc1OCC(O)CO,,,8.301029995663981,0.9983292
NFXRSIPNRCLQHZ,COc1cc2ncc(-c3ccc(CC(=O)Nc4cc(C5(C(F)(F)F)CC5)on4)c(F)c3)nc2cc1OCC(C)(C)O,,,8.301029995663981,0.9965467
AUVPUKMZGIREQL,COc1cc2nc(-c3ccc(CC(=O)Nc4cc(C5(C(F)(F)F)CC5)on4)c(F)c3)cnc2cc1OCC(C)(C)O,,,8.301029995663981,0.9967644
NMFQVDBTGQRVDL,COc1cc2nc(-c3ccc(CC(=O)Nc4cc(C5(C(F)(F)F)CC5)on4)c(F)c3)cnc2cc1OCCN1CC2CCC(C1)O2,,,8.301029995663981,0.998021
DJUOHBKTLJECHD,COc1cc2nc(-c3ccc(CC(=O)Nc4cc(C5(C(F)(F)F)CC5)on4)c(F)c3)cnc2cc1OCCN1C2CCC1COC2,,,8.301029995663981,0.9861027
IUCVZFNGEGBLAE,COc1cc2nc(-c3ccc(CC(=O)Nc4cc(C(C)(C)C(F)(F)F)on4)c(F)c3)cnc2cc1OCC(C)(C)O,,,8.301029995663981,0.6825006
JIKILGYOHYHWJR,COc1ccc2cc(-c3ccc(CC(=O)Nc4cc(C5(C(F)(F)F)CC5)on4)cc3)cnc2c1,,,8.301029995663981,0.99698037
JAZKTQXMGTXZHA,O=C(Cc1ccc(-c2cnc3[nH]ccc3n2)cc1)Nc1cc(C2(C(F)(F)F)CC2)on1,,,8.301029995663981,0.98541623
IWNYPXNJXHEHTM,COc1cc2ncc(-c3ccc(CC(=O)Nc4cc(C5(C(F)(F)F)CC5)on4)c(F)c3)nc2cc1OC,,,8.301029995663981,0.9992681
INHOUSLWPMCRKV,COc1cc2cc(-c3ccc(CC(=O)Nc4cc(C5(C(F)(F)F)CC5)on4)cc3)cnc2cc1OC,,,8.301029995663981,0.99858713
YJQLIMNVKRIHMJ,COc1cc2ncc(-c3ccc(CC(=O)Nc4cc(C5(C(F)(F)F)CC5)on4)cc3)nc2cc1OC,,,8.301029995663981,0.9978259
SEIQZAAASRTNLU,O=C(Cc1ccc(-c2cnc3ccsc3c2)cc1)Nc1cc(C2(C(F)(F)F)CC2)on1,,,8.301029995663981,0.9906974
OZHRECATSYYBCC,O=C(Cc1ccc(-c2cnc3cccnc3c2)cc1)Nc1cc(C2(C(F)(F)F)CC2)on1,,,8.301029995663981,0.982087
FYXQXUPTHHCVAZ,O=C(Cc1ccc(-c2cnc3ccncc3c2)cc1)Nc1cc(C2(C(F)(F)F)CC2)on1,,,8.301029995663981,0.9848488
RVAROGZYBONZCR,COc1cc2ncc(-c3ccc(CC(=O)Nc4cc(C(C)(C)C)on4)cc3)nc2cc1OC,,,8.301029995663981,0.8986876
MFRZHGMPYYAELE,Nc1nc2ccccc2nc1-c1ccc(CC(=O)Nc2cc(C3(C(F)(F)F)CC3)on2)cc1,,,8.301029995663981,0.9928544
GNKXHPXNYZMBGU,COc1cc2ncc(-c3ccc(CC(=O)Nc4cc(C(C)(C)C(F)(F)F)on4)cc3)nc2cc1OC,,,8.301029995663981,0.7685783
OKMFMOORIQPRIU,Cn1ccc2ncc(-c3ccc(CC(=O)Nc4cc(C5(C(F)(F)F)CC5)on4)cc3)nc21,,,8.301029995663981,0.9956344
DOBVBTPQNFSEPU,COc1n[nH]c2ncc(-c3ccc(CC(=O)Nc4cc(C(C)(C)C(F)(F)F)on4)c(F)c3)cc12,,,8.301029995663981,0.836674
JWPUXQWQEWDOLZ,CC(C)(C)c1cc(NC(=O)Cc2ccc(-c3cnc4[nH]c(C(=O)NCCO)cc4c3)cc2)no1,,,8.301029995663981,0.9408183
QFJNYHPRDGYWOV,CNC(=O)c1cc2cc(-c3ccc(CC(=O)Nc4cc(C(C)(C)C)on4)cc3)cnc2[nH]1,,,8.301029995663981,0.95112675
WCBSEMNBNQGETA,CN(C)CCNC(=O)c1cc2cc(-c3ccc(CC(=O)Nc4cc(C(C)(C)C)on4)cc3)cnc2[nH]1,,,8.301029995663981,0.9327169
RQASDMPYIJLHNW,O=C(Cc1ccc(-c2cnc3[nH]ncc3c2)cc1)Nc1cc(C2(C(F)(F)F)CC2)on1,,,8.301029995663981,0.99375015
ZGPVNNBQPAEALO,O=C(Cc1ccc(-c2cnc3[nH]cnc3n2)cc1)Nc1cc(C2(C(F)(F)F)CC2)on1,,,8.301029995663981,0.98464257
KGIGUJRAZWOBAK,O=C(Cc1ccc(-c2cnc3[nH]ccc3c2)cc1)Nc1cc(C2(C(F)(F)F)CC2)on1,,,8.301029995663981,0.9914103
GVQUEHAPCSDWKL,CC(O)c1n[nH]c2ncc(-c3ccc(CC(=O)Nc4cc(C(C)(C)C)on4)c(F)c3)cc12,,,8.301029995663981,0.7468384
OTXDECCRRCFSAJ,O=C(Cc1ccc(-c2cnc3cc(OCCO)c(OCCO)cc3n2)cc1F)Nc1cc(C2(C(F)(F)F)CC2)on1,,,8.301029995663981,0.9992778
WJDFXOGDOHYPGO,COCCOc1cc2nc(-c3ccc(CC(=O)Nc4cc(C5(C(F)(F)F)CC5)on4)c(F)c3)cnc2cc1OC,,,8.301029995663981,0.9993807
VIVVFMSNBWTFTG,CN(C)CCCN(C)C(=O)c1cc2cc(-c3ccc(CC(=O)Nc4cc(C(C)(C)C)on4)cc3)cnc2[nH]1,,,8.301029995663981,0.93634
SLMWBFVNASSHIM,CC(C)(C)c1cc(NC(=O)Cc2ccc(-c3cnc4[nH]c(C(=O)NCCS(C)(=O)=O)cc4c3)cc2)no1,,,8.301029995663981,0.9704953
PPWJSGJXDDQXSW,CN1CCC(NC(=O)c2cc3cc(-c4ccc(CC(=O)Nc5cc(C(C)(C)C)on5)cc4)cnc3[nH]2)CC1,,,8.301029995663981,0.9633977
DGBVZNBSEOHSSH,O=C(Cc1ccc(-c2cnc3[nH]c(CO)cc3c2)cc1F)Nc1cc(C2(C(F)(F)F)CC2)on1,,,8.301029995663981,0.996662
PTCQOWONGVMXNO,COc1cc2ncc(-c3ccc(CC(=O)Nc4cc(C5(C(F)(F)F)CC5)on4)c(F)c3)nc2cc1OCCO,,,8.301029995663981,0.99940526
OVKGXZBHGBYBFB,COc1cc2nc(-c3ccc(CC(=O)Nc4cc(C5(C(F)(F)F)CC5)on4)c(F)c3)cnc2cc1OCCN1CCN(C)CC1,,,8.301029995663981,0.99862194
FBSABJXHIMZLID,COc1cc2nc(-c3ccc(CC(=O)Nc4cc(C5(C(F)(F)F)CC5)on4)c(F)c3)cnc2cc1OCCN1CCC(F)(F)C1,,,8.301029995663981,0.9988726
IZKOWINYAWZDIO,COc1cc2nc(-c3ccc(CC(=O)Nc4cc(C5(C(F)(F)F)CC5)on4)c(F)c3)cnc2cc1Br,,,8.301029995663981,0.998538
QOUHDOVJGGORJI,COc1cc2nc(-c3ccc(CC(=O)Nc4cc(C5(C(F)(F)F)CC5)on4)c(F)c3)cnc2cc1O,,,8.301029995663981,0.9995085
RVGXARHVXLZEJW,COc1cc2nc(-c3ccc(CC(=O)Nc4cc(C5(C(F)(F)F)CC5)on4)c(F)c3)cnc2cc1OCCN1CCOCC1,,,8.301029995663981,0.9982333
RXKFTMCMIUYHOY,COc1cc2cc(-c3ccc(CC(=O)Nc4cc(C5(C(F)(F)F)CC5)on4)c(F)c3)cnc2cc1OCCO,,,8.301029995663981,0.9994598
XGKFMBMRAWRGRJ,COc1cc2nc(-c3ccc(CC(=O)Nc4cc(C5(C(F)(F)F)CC5)on4)c(F)c3)cnc2cc1OC1CN(C)C1,,,8.301029995663981,0.99080724
FJUMEYKHIBESDO,COc1cc2cc(-c3ccc(CC(=O)Nc4cc(C(C)(C)C(F)(F)F)on4)c(F)c3)cnc2cc1OCCO,,,8.301029995663981,0.6064087
YPJRSUZVNBJVAW,COc1cc2nc(-c3ccc(CC(=O)Nc4cc(C5(C(F)(F)F)CC5)on4)c(F)c3)cnc2cc1CC(O)CO,,,8.301029995663981,0.99264455
NRPDEQDPKNINDB,COc1cc2nc(-c3ccc(CC(=O)Nc4cc(C5(C(F)(F)F)CC5)on4)c(F)c3)cnc2cc1NCCN1CCOCC1,,,8.301029995663981,0.9984302
VFJLYYPQMDPWIW,CCOc1cc2ncc(-c3ccc(CC(=O)Nc4cc(C5(C(F)(F)F)CC5)on4)c(F)c3)cc2cc1OC,,,8.301029995663981,0.99948823
CHZMWVKONIEEHB,COc1cc2ncc(-c3ccc(CC(=O)Nc4cc(C(C)(C)C(F)(F)F)on4)c(F)c3)cc2cc1OCCN1CC[C@H](O)[C@@H](F)C1,,,8.301029995663981,0.96977407
AVHOFSIUFXOAQD,COc1cc2nc(-c3ccc(CC(=O)Nc4cc(C5(C(F)(F)F)CC5)on4)c(F)c3)cnc2cc1OCCN1CCOCC1(C)C,,,8.301029995663981,0.9962613
VZDQLPFAVSLWQV,CC(C)(C)c1cc(NC(=O)Cc2ccc(-c3cnc4[nH]cc(C5(O)COC5)c4c3)cc2)no1,,,8.301029995663981,0.9644144
OBOZGNQXPAPEEV,O=C(Cc1ccc(-c2cnc3nn4c(c3c2)OC(CO)C4)cc1F)Nc1cc(C2(C(F)(F)F)CC2)on1,,,8.301029995663981,0.98035985
WUMWTBAJNDADSM,CN1CCN(C(=O)c2cc3cc(-c4ccc(CC(=O)Nc5cc(C(C)(C)C)on5)cc4)cnc3[nH]2)CC1,,,8.301029995663981,0.9767496
BYUGPUFUCMNRHY,COc1cc2nc(-c3ccc(CC(=O)Nc4cc(C(C)(C)C(F)(F)F)on4)cc3)cnc2cc1OCCN1CCOCC1,,,8.301029995663981,0.7358173
TXLORZPVEAUCHL,COc1cc2nc(-c3ccc(CC(=O)Nc4cc(C(C)(C)C(F)(F)F)nn4C)c(F)c3)cnc2cc1OCCN1CCOCC1,,,8.301029995663981,0.8147966
UHPJTSMSMPTHLM,COc1cc2nc(-c3ccc(CC(=O)Nc4cc(C5(C)CC5)no4)c(F)c3)cnc2cc1OCCN1CCOCC1,,,8.301029995663981,0.99571997
FUPOMDLYAKLQND,O=C(Cc1ccc(-c2cnc3[nH]nc(OCCF)c3c2)cc1F)Nc1cc(C2(C(F)(F)F)CC2)on1,,,8.301029995663981,0.9964617
VZSCYHCZNPRPOO,CCN1CCN(CCOc2cc3ncc(-c4ccc(CC(=O)Nc5cc(C6(C(F)(F)F)CC6)on5)c(F)c4)nc3cc2OC)CC1,,,8.301029995663981,0.99893934
IZBLDPHONJVQKO,O=C(Cc1ccc(-c2cnc3[nH]c(C(=O)O)cc3c2)cc1F)Nc1cc(C2(C(F)(F)F)CC2)on1,,,8.301029995663981,0.99776185
RZSRPHCVPSXSON,CS(=O)(=O)CCNC(=O)c1cc2cc(-c3ccc(CC(=O)Nc4cc(C5(C(F)(F)F)CC5)on4)c(F)c3)cnc2[nH]1,,,8.301029995663981,0.99780566
DOIFQMIHSYQDCO,CC(C)(C)c1cc(NC(=O)Cc2ccc(-c3cnc4[nH]nc(-n5nccn5)c4c3)cc2)no1,,,8.301029995663981,0.8634323
MCLOCKVLTCWBGW,O=C(Cc1ccc(-c2cnc3[nH]nc(OCC(F)F)c3c2)cc1F)Nc1cc(C2(C(F)(F)F)CC2)on1,,,8.301029995663981,0.99556893
HMKMHKACMZWICH,CC(C)(C)c1cc(NC(=O)Cc2ccc(-c3cnc4[nH]nc(-n5ccnn5)c4c3)cc2)no1,,,8.301029995663981,0.86049134
QGKHMKLGNCIHAA,O=C(Cc1ccc(-c2cnc3[nH]c(C(=O)NC4CNC4)cc3c2)cc1F)Nc1cc(C2(C(F)(F)F)CC2)on1,,,8.301029995663981,0.9993092
RMEXNJHZDBZCHT,CN1CC(NC(=O)c2cc3cc(-c4ccc(CC(=O)Nc5cc(C6(C(F)(F)F)CC6)on5)c(F)c4)cnc3[nH]2)C1,,,8.301029995663981,0.9996718
KFRLPXGVJLYNOW,CN(C)CCNC(=O)c1cc2cc(-c3ccc(CC(=O)Nc4cc(C5(C(F)(F)F)CC5)on4)c(F)c3)cnc2[nH]1,,,8.301029995663981,0.9995468
BHXGHYOLUHBWCQ,Cn1cc(-c2n[nH]c3ncc(-c4ccc(CC(=O)Nc5cc(C(C)(C)C)on5)cc4)cc23)cn1,,,8.301029995663981,0.6634716
RWPCMDUDFVDMQD,CN(C)C1CCN(C(=O)c2cc3cc(-c4ccc(CC(=O)Nc5cc(C6(C(F)(F)F)CC6)on5)c(F)c4)cnc3[nH]2)C1,,,8.301029995663981,0.99613476
MNBXOWZTZSDLTK,O=C(Cc1ccc(-c2cnc3[nH]c(C(=O)N4CC(O)C4)cc3c2)cc1F)Nc1cc(C2(C(F)(F)F)CC2)on1,,,8.301029995663981,0.99823123
VIRIYRXXJAZQGE,COCCOc1cc2ncc(-c3ccc(CC(=O)Nc4cc(C(C)(C)C)on4)cc3)nc2cc1OCCOC,,,8.301029995663981,0.813053
URMCIWXUUZUNBK,O=C(Cc1ccc(-c2cnc3cc4c(cc3n2)OC[C@@H](CO)O4)cc1F)Nc1cc(C2(C(F)(F)F)CC2)on1,,,8.301029995663981,0.890083
YTWBREWPQJAQMR,O=C(Cc1ccc(-c2cnc3cc4c(cc3n2)O[C@H](CO)CO4)cc1F)Nc1cc(C2(C(F)(F)F)CC2)on1,,,8.301029995663981,0.88776547
SDYCKVUJKVBVOM,COc1cc2nc(N)c(-c3ccc(CC(=O)Nc4cc(C5(C(F)(F)F)CC5)on4)c(F)c3)nc2cc1OC,,,8.301029995663981,0.99926096
DQSLCEVHNOAGJU,COc1cc2ncc(-c3ccc(CC(=O)Nc4cc(C(C)(C)C)on4)cc3)cc2c(OC)c1OC,,,8.301029995663981,0.9515481
AMOMUIUPBIAVTK,CN(C)NC(=O)c1cc2cc(-c3ccc(CC(=O)Nc4cc(C5(C(F)(F)F)CC5)on4)c(F)c3)cnc2[nH]1,,,8.301029995663981,0.9990152
ILMVXRZALYVANY,CCOc1cc2ncc(-c3ccc(CC(=O)Nc4cc(C5(C(F)(F)F)CC5)on4)c(F)c3)nc2cc1OCC,,,8.301029995663981,0.9993961
VYCXZXSZOAGIPU,O=C(Cc1ccc(-c2cnc3cc4c(cc3n2)OCO4)cc1F)Nc1cc(C2(C(F)(F)F)CC2)on1,,,8.301029995663981,0.6657315
SKXAERBHADBFQN,COc1cc2cc(-c3ccc(CC(=O)Nc4cc(C5(C(F)(F)F)CC5)on4)c(F)c3)cnc2cc1OC,,,8.301029995663981,0.99931645
YTUINJBQEYPSEL,COc1cc2cc(-c3ccc(CC(=O)Nc4cc(C(C)(C)C(F)(F)F)on4)c(F)c3)cnc2cc1OC,,,8.301029995663981,0.7053159
NWRQMQAIUNBTAX,COc1cc2nc(-c3ccc(CC(=O)Nc4cc(C5(C(F)(F)F)CC5)on4)c(F)c3)cnc2cc1OCCOC(C)=O,,,8.301029995663981,0.998988
RDMVTKXKIKNJRV,COc1cc2nc(-c3ccc(CC(=O)Nc4cc(C5(C(F)(F)F)CC5)on4)c(F)c3)cnc2cc1OCCO,,,8.301029995663981,0.9994142
FNQARHYIZIRNPX,COCCOc1cc2ncc(-c3ccc(CC(=O)Nc4cc(C5(C(F)(F)F)CC5)on4)c(F)c3)nc2cc1OCCOC,,,8.301029995663981,0.9992643
VMYNTCSOEDARNB,COCCOc1cc2ncc(-c3ccc(CC(=O)Nc4cc(C5(C(F)(F)F)CC5)on4)c(F)c3)cc2cc1OC,,,8.301029995663981,0.9994336
NVZQNGLDECLUBC,COc1cc2cc(-c3ccc(CC(=O)Nc4cc(C5(C(F)(F)F)CC5)on4)c(F)c3)cnc2cc1OCCOC(C)=O,,,8.301029995663981,0.9991972
QRWPSXZKOWAHEE,COc1cc2nc(CO)c(-c3ccc(CC(=O)Nc4cc(C5(C(F)(F)F)CC5)on4)c(F)c3)nc2cc1OC,,,8.301029995663981,0.9978624
HMSDBZOOGBEKCN,COc1cc2ncc(-c3ccc(CC(=O)Nc4cc(C(C)(C)C(F)(F)F)on4)c(F)c3)c(Cl)c2cc1OC,,,8.301029995663981,0.89908993
NSFUHSHDEQQTEP,COc1cc2ncc(-c3ccc(CC(=O)Nc4cc(C(C)(C)C)nn4C)c(F)c3)nc2cc1OC,,,8.301029995663981,0.911005
ZSOGPSRMSLIVOD,COc1cc2nc(-c3ccc(CC(=O)Nc4cc(C5(C(F)(F)F)CC5)on4)c(F)c3)cnc2cc1OCCN1CCCC1,,,8.301029995663981,0.9986193
GYVNJYOZTFPARX,COc1cc2nc(-c3ccc(CC(=O)Nc4cc(C5(C(F)(F)F)CC5)on4)c(F)c3)cnc2cc1OC1COC1,,,8.301029995663981,0.9629148
LTLTXSQHBNSRBA,COc1cc2nc(Cl)c(-c3ccc(CC(=O)Nc4cc(C5(C(F)(F)F)CC5)on4)c(F)c3)nc2cc1OC,,,8.301029995663981,0.9980357
ZZNKGFJUQFCPNS,COc1cc2nc(-c3ccc(CC(=O)Nc4cc(C(C)(C)C(F)(F)F)on4)c(F)c3)cnc2cc1OC1COC1,,,8.301029995663981,0.6596357
DRVNFBDXFCVGCJ,CCN1CC(Oc2cc3ncc(-c4ccc(CC(=O)Nc5cc(C6(C(F)(F)F)CC6)on5)c(F)c4)nc3cc2OC)C1,,,8.301029995663981,0.99268484
FUDCYNOVIMYZRC,COc1cc2nc(O)c(-c3ccc(CC(=O)Nc4cc(C5(C(F)(F)F)CC5)on4)c(F)c3)nc2cc1OC,,,8.301029995663981,0.9986971
UZPLPKMOLCBTKK,COc1cc2ncc(-c3ccc(CC(=O)Nc4cc(C(C)(C)C)n[nH]4)c(F)c3)nc2cc1OC,,,8.301029995663981,0.5336918
RINLGXZOQJUZGU,CN(C)C(=O)COc1cc2ncc(-c3ccc(CC(=O)Nc4cc(C5(C(F)(F)F)CC5)on4)c(F)c3)nc2cc1OCC(=O)N(C)C,,,8.301029995663981,0.9978417
IKRQNHUJFRWUMV,CCN1CC(Oc2cc3ncc(-c4ccc(CC(=O)Nc5cc(C(C)(C)C(F)(F)F)on5)c(F)c4)nc3cc2OC)C1,,,8.301029995663981,0.9232714
IIJCZFOYNBIJGB,COc1cc2nc(-c3ccc(CC(=O)Nc4cc(C(C)(C)C(F)(F)F)on4)c(F)c3)cnc2cc1OC1CN(C)C1,,,8.301029995663981,0.914351
GHLODOJYQJCQOG,CC(C)(c1cc(NC(=O)Cc2ccc(-c3cnc4c(N)cccc4c3)cc2F)no1)C(F)(F)F,,,8.301029995663981,0.9248644
QLEQBJSMTFPJAU,COCCOc1cc2nc(-c3ccc(CC(=O)Nc4cc(C(C)(C)C(F)(F)F)on4)c(F)c3)cnc2cc1OC,,,8.301029995663981,0.8242796
ODWJQXXJJJSMKX,COCCOc1cc2nc(-c3ccc(CC(=O)Nc4cc(C(C)(C)C)nn4C)c(F)c3)cnc2cc1OC,,,8.301029995663981,0.8914053
DFYCGACFKOCXQG,COCCOc1cc2ncc(-c3ccc(CC(=O)Nc4cc(C(C)(C)C)nn4C)c(F)c3)nc2cc1OC,,,8.301029995663981,0.89043874
SZWZHIZPHBBTPD,COc1cc2ncc(-c3ccc(CC(=O)Nc4cc(C5(C(F)(F)F)CC5)on4)c(F)c3)nc2cc1O,,,8.301029995663981,0.9993042
IVJVFBZAIWAPSY,COc1cc2ncc(-c3ccc(CC(=O)Nc4cc(C5(C(F)(F)F)CC5)on4)c(F)c3)nc2cc1OCCN(C)C,,,8.301029995663981,0.9993845
AODSKVNZFLHPGR,COCCOc1cc2ncc(-c3ccc(CC(=O)Nc4cc(C(C)(C)C(F)(F)F)on4)c(F)c3)nc2cc1OC,,,8.301029995663981,0.8259728
DYMGRNVMAGSZDA,CN1CC(COc2ccn3c(-c4cc(NCc5ccc(-c6cnn(C)c6)cc5)ncn4)cnc3c2)C1,,7.753549994445648,7.753549994445648,0.84644127
GCHXDHKXYRBEAI,Cc1ccc(-c2nnn(C3CC(F)(F)C3)n2)cc1NC(=O)c1cnn2ccc(NCCO)cc12,,8.2839966563652,8.2839966563652,0.9176144
NPMGTFUATFGYAW,COC(=O)N1CC(c2cnn(-c3ccc(Cl)c(NC(=O)c4cnn5ccccc45)c3)n2)C1,,8.2839966563652,8.2839966563652,0.4691295
HXPKYBPDEWUZKU,Cc1ccc(NC(=O)c2ccc(CN3CCN(C)CC3)cc2)cc1Nc1nccc(-c2cncc(-c3cnn(C)c3)c2)n1,,8.2839966563652,8.2839966563652,0.9888355
MMSFGZQDCGFOCX,Cn1nnc(-c2ccc(Cl)c(NC(=O)c3cnn4ccc(-c5cnn(CCO)c5)cc34)c2)n1,,8.2839966563652,8.2839966563652,0.4884653
DWBHRJBUGVENJD,c1ccn2c(-c3cc(NCc4ccc(N5CCCC5)nc4)ncn3)cnc2c1,,7.317574473996153,7.317574473996153,0.59385043
XDLVHUXJHOXIQD,Cc1ccc(-c2nnn(C)n2)cc1NC(=O)c1cnn2ccc(-c3cn[nH]c3)cc12,,8.267606240177031,8.267606240177031,0.7677855
KDGSZGQHXBPEDE,CC(C)(C)OC(=O)N1CC=C(c2cc3c(N4CCN(c5ncc([C@@](C)(O)c6ccc(F)cc6)cn5)CC4)ncnn3c2)CC1,,8.259637310505756,8.259637310505756,0.7645915
BHJMKBAJRGNMGC,Fc1ccccc1Sc1cnc(N2CCN(c3ncnn4cc(-c5cnn(C[C@@H]6CNCCO6)c5)cc34)CC2)nc1,,8.259637310505756,8.259637310505756,0.96124786
JIASVOREYRNRSN,C[C@](N)(c1ccc(F)cc1)c1cnc(N2CCN(c3ncnn4cc(-c5cnn([C@H]6COC[C@@H]6O)c5)cc34)CC2)nc1,,9.187086643357144,8.593543321678572,0.26870885
GEHQCYTUJZVXEK,COCCOC[C@H](O)Cn1cc(-c2ccn3ncc(C(=O)Nc4cc(-c5nnn(C6CC6)n5)c(F)cc4Cl)c3c2)c(C)n1,,9.261439372640169,9.261439372640169,0.20814359
YMISILATXQDHGH,Nc1ncnn2cc(-c3cnn(C4COC4)c3)cc12,,7.903089986991944,8.71298436613614,0.005744486
ZDOCYNAMRNTZSX,CC(C)(O)Cn1cc(-c2cc3c(N4CCN(c5ncc([C@@](C)(N)c6ccc(F)cc6)cn5)CC4)ncnn3c2)cn1,,,8.761439372640169,0.71794045
AHOAQDNRZYUFJC,Cc1ccc(-c2nnn(C3CC3)n2)cc1NC(=O)c1cnn2ccc(-c3cn([C@H](C)[C@H](C)O)nc3C)cc12,,9.522878745280337,9.522878745280337,0.84186536
PRPKZLISNYQYMK,O=C(Nc1cc(-n2nnc([C@H]3C[C@@H]3F)n2)ccc1Cl)c1cnn2ccc(-c3cnn(CC4(O)CCOCC4)c3)cc12,,9.522878745280337,9.522878745280337,0.8516471
GRBJJMWRKNYKMU,C[C@](O)(CO)Cn1cc(-c2ccn3ncc(C(=O)Nc4cc(-c5nnn(C6CC6)n5)ccc4Cl)c3c2)cn1,,9.522878745280337,9.522878745280337,0.63599044
SIPFHHXGIXOXLY,Cc1nnn(-c2ccc(C)c(NC(=O)c3cnn4ccc(-c5c(C)nn(CC(C)(C)O)c5C)cc34)c2)n1,,9.397940008672037,9.397940008672037,0.45771345
ISFUVOSKYRWQST,Cc1ccc(-c2nnn(C3CC3)n2)cc1NC(=O)c1cnn2ccc(-c3c(C)nn(CCO)c3C)cc12,,9.397940008672037,9.397940008672037,0.84095556
NRPGRWGCLHJTDT,CCn1nnc(-c2ccc(Cl)c(NC(=O)c3cnn4ccc(-c5c(C)nn(C[C@H](C)O)c5C)cc34)c2)n1,,9.397940008672037,9.397940008672037,0.50031596
ZYRTWBCHRCBNPQ,Cc1cc(F)c(-c2nnn(C3CC3)n2)cc1NC(=O)c1cnn2ccc(-c3c(C)nn(C[C@H](C)O)c3C)cc12,,9.397940008672037,9.397940008672037,0.6331829
BCRCHWOTAXJMMJ,Cc1nn(CC(O)O)cc1-c1ccn2ncc(C(=O)Nc3cc(-c4nnn(C5CC5)n4)c(F)cc3Cl)c2c1,,9.397940008672037,9.397940008672037,0.5140172
NNUXZPOUGPZLKJ,Cc1nn(CC(C)(C)O)cc1-c1ccn2ncc(C(=O)Nc3cc(-c4nnn(C5CC5)n4)c(F)cc3Cl)c2c1,,9.397940008672037,9.397940008672037,0.36455178
MUUKHKLGFDTXIK,Cc1nn(CC(C)(C)O)cc1-c1ccn2ncc(C(=O)Nc3cc(-c4nnn(C5CC5)n4)ccc3Cl)c2c1,,9.397940008672037,9.397940008672037,0.53546333
DVPBIAOVTUEVRK,Cc1nn([C@@H](C)[C@H](C)O)cc1-c1ccn2ncc(C(=O)Nc3cc(-c4nnn(C5CC5)n4)c(F)cc3Cl)c2c1,,9.221848749616356,9.221848749616356,0.70890635
DYSUXXFJTAZWPS,Cc1cc(F)c(-c2nnn(C3CC3)n2)cc1NC(=O)c1cnn2ccc(-c3cn(C[C@@H](O)C(C)(C)O)nc3C3CC3)cc12,,9.397940008672037,9.397940008672037,0.50368094
HWGNGCCGALMBIA,Cc1ccc(-n2nnc(C3CC3)n2)cc1NC(=O)c1cnn2cc(-c3cnn(CC4(O)CCOCC4)c3)cc(F)c12,,9.301029995663981,9.301029995663981,0.98143953
NDOJFRVAZBBZEZ,Cc1cc(F)c(-c2nnn(C3CC3)n2)cc1NC(=O)c1cnn2cc(F)c(-c3cn(CC(C)(C)O)nc3C)cc12,,9.301029995663981,9.301029995663981,0.6171906
JARBVIXNHBVODT,C[C@](O)(CO)Cn1cc(-c2ccn3ncc(C(=O)Nc4cc(-n5nnc([C@@H]6C[C@H]6F)n5)ccc4Cl)c3c2)cn1,,9.301029995663981,9.301029995663981,0.7563039
DEOQGEKTJTYOCC,Cc1ccc(-c2nnn(C3CC3)n2)cc1NC(=O)c1cnn2ccc(-c3cnn(CC(C)(C)O)c3)cc12,,9.301029995663981,9.301029995663981,0.72906965
WDVAXAJYGTZQLQ,Cc1cc(Cl)c(-c2nnn(C3CC3)n2)cc1NC(=O)c1cnn2ccc(-c3cnn(CC(C)(C)O)c3)cc12,,9.301029995663981,9.301029995663981,0.67422056
FJWVCLMTNCBESW,Cc1ccc(-c2nnn([C@H]3C[C@@H](C(F)(F)F)C3)n2)cc1NC(=O)c1cnn2ccc(N3CC(C)(O)C3)cc12,,8.259637310505756,8.259637310505756,0.8429635
NQJMXKIPWGAUKR,Cn1cc(-c2cc3c(N4CCN(c5ncc([C@@](C)(N)c6ccc(F)cc6)cn5)CC4)ccnn3c2)cn1,,8.259637310505756,8.259637310505756,0.777141
ATJKYAQAXNISKD,Cn1cc(-c2cc3c(N4CCN(c5ncc([C@@](C)(N)c6ccc(F)cc6)cn5)CC4)c(F)cnn3c2)cn1,,7.259637310505756,7.259637310505756,0.9471304
YBLTZZSNMXRWQX,Cn1cc(-c2cc3c(N4CCN(c5ncc([C@@](C)(N)c6ccc(F)cc6)cn5)CC4)c(Cl)cnn3c2)cn1,,7.759637310505756,7.129818655252878,0.92545855
WJPCHYUNFBBRCP,Cn1cc(-c2cc3c(N4CCN(c5ncc([C@@](C)(N)c6ccc(F)cc6)cn5)CC4)c(C#N)cnn3c2)cn1,,8.259637310505756,7.759637310505756,0.96832573
YAEBDTVAJZLLDD,Fc1ccccc1Sc1cnc(N2CCN(c3ncnn4cc(-c5cn[nH]c5)cc34)CC2)nc1,,8.259637310505756,8.259637310505756,0.939394
MAGSKDRCMACAOT,N#Cc1ccc(-c2cc3c(N4CCN(c5ncc(Cc6ccccc6)cn5)CC4)ncnn3c2)cc1,,8.259637310505756,8.259637310505756,0.866557
WRPBEFGMHFALAT,Cn1cc(-c2cc3c(N4CCN(c5ncc([C@H](N)c6ccccc6)cn5)CC4)ncnn3c2)cn1,,8.259637310505756,8.259637310505756,0.98843914
RQQYTFGFIIDDBS,Cn1cc(-c2cc3c(N4CCN(c5ccc(C(O)c6ccccc6)cn5)CC4)ncnn3c2)cn1,,8.259637310505756,8.259637310505756,0.98163295
ZDQSPJDICUOGRA,C[C@@H]1CN(c2ncnn3cc(-c4cnn(C)c4)cc23)CCN1c1ncc(Cc2ccccc2)cn1,,8.259637310505756,8.259637310505756,0.9985073
GMUXDKZNMOZDKO,C[C@H](c1ccccc1)c1cnc(N2CCN(c3ncnn4cc(-c5cnn(C)c5)cc34)CC2)nc1,,8.259637310505756,8.629818655252878,0.9872432
QOVGQXCSKGFJDL,Cn1cc(-c2cc3c(N4CCN(c5ncc([C@H](N)c6ccc(F)cc6)cn5)CC4)ncnn3c2)cn1,,8.259637310505756,8.259637310505756,0.9853238
HTIOELJVBGXYQR,C[C@@](O)(c1ccc(F)cc1)c1cnc(N2CCN(c3ncnn4cc(-c5cn[nH]c5)cc34)CC2)nc1,,8.259637310505756,8.629818655252878,0.7264059
ZOKZCPKMAALDBV,Cn1cc(-c2cc3c(N4CCN(c5ncc([C@](C)(O)c6ccccc6)cn5)CC4)ncnn3c2)cn1,,8.259637310505756,8.629818655252878,0.94031566
VUOFEBINSASBLQ,Cn1cc(-c2cc3c(N4CCN(c5ncc([C@](C)(N)c6ccccc6)cn5)CC4)ncnn3c2)cn1,,8.259637310505756,8.629818655252878,0.9419524
CDDZQGUAUSHZFZ,Cn1cc(-c2cc3c(N4CCN(c5ncc(C(C)(C)c6ccccc6)cn5)CC4)ncnn3c2)cn1,,8.259637310505756,8.259637310505756,0.9662266
NCRBKXBCBSDBIG,Cc1c(-c2cc3c(N4CCN(c5ncc(Cc6ccccc6)cn5)[C@H](C)C4)ncnn3c2)cnn1C,,8.259637310505756,8.259637310505756,0.96116465
HSRIDXJQMWAPFZ,Cn1cc(-c2cc3c(N4CCN(c5ncc(C(C)(C)c6ccc(F)cc6)cn5)CC4)ncnn3c2)cn1,,8.259637310505756,8.259637310505756,0.97694075
YWSJCLQQBSHJBQ,C[C@](O)(c1ccc(F)cc1)c1cnc(N2CCN(c3ncnn4cc(-c5ccccc5)cc34)CC2)nc1,,8.259637310505756,8.259637310505756,0.9098579
YWLPPCMADMRAKA,CN(C)[C@@H](c1ccccc1)c1cnc(N2CCN(c3ncnn4cc(-c5cnn(C)c5)cc34)CC2)nc1,,7.759637310505756,7.759637310505756,0.9323883
OEVGJYDLKXZQHO,Cn1cc(-c2cc3c(N4CCN(c5ncc([C@H](O)c6ccc(F)cc6)cn5)CC4)ncnn3c2)cn1,,8.259637310505756,8.259637310505756,0.9810786
PYORIOFRVIUKMN,NC(=O)c1ccc(-c2cc3c(N4CCN(c5ncc(Cc6ccccc6)cn5)CC4)ncnn3c2)cc1,,8.259637310505756,8.259637310505756,0.82837987
WVAQQQZEQSHCRV,Cn1cc(-c2cc3c(N4CCN(c5ncc([C@H](CO)c6ccc(F)cc6)cn5)CC4)ncnn3c2)cn1,,8.259637310505756,8.629818655252878,0.96648014
OQFQHJIGTPPCJQ,Cn1cc(-c2cc3c(N4CCN(c5ncc([C@](C)(O)c6ccccc6F)cn5)CC4)ncnn3c2)cn1,,8.259637310505756,8.629818655252878,0.93524355
ZGLBORDNOBELSS,CC[C@H](c1ccc(F)cc1)c1cnc(N2CCN(c3ncnn4cc(-c5cnn(C)c5)cc34)CC2)nc1,,8.259637310505756,8.259637310505756,0.9650675
KLOPQHWNVNJIMS,C[C@](N)(c1ccc(F)cc1)c1cnc(N2CCN(c3ncnn4cc(-c5ccc(F)cc5)cc34)CC2)nc1,,8.259637310505756,8.259637310505756,0.90599316
GWNFJWKKFRJZBY,Cc1ccc(-c2cc3c(N4CCN(c5ncc([C@@](C)(O)c6ccc(F)cc6)cn5)CC4)ncnn3c2)cn1,,8.259637310505756,8.259637310505756,0.9661233
KZGKVGHOQDNGAN,Cn1cc(-c2cc3c(N4CCN(c5ncc(C6(c7ccc(F)cc7)COC6)cn5)CC4)ncnn3c2)cn1,,8.259637310505756,8.259637310505756,0.99667776
OURCPOQFVVLVQN,Cn1cc(-c2cc3c(N4CCN(c5ncc([C@@](C)(O)c6ccc(F)cn6)cn5)CC4)ncnn3c2)cn1,,7.759637310505756,7.759637310505756,0.96935284
WQPDKNOXWPGRIZ,Cc1cc(-c2cc3c(N4CCN(c5ncc([C@@](C)(O)c6ccc(F)cc6)cn5)CC4)ncnn3c2)no1,,7.759637310505756,7.759637310505756,0.990635
TXNMFHSHEJRKSX,C[C@@H]1CN(c2ncnn3cc(-c4cnn(C)c4)cc23)CCN1c1ncc([C@@](C)(O)c2ccc(F)cc2)cn1,,8.259637310505756,8.259637310505756,0.9931398
IHLMARRUBCSKMP,C[C@@H](c1ccc(F)cc1)c1cnc(N2CCN(c3ncnn4cc(-c5cnn(C)c5)cc34)C[C@H]2CO)nc1,,8.259637310505756,8.259637310505756,0.99731463
SMVFHSLHOHTTLE,Cc1nn(C)cc1-c1cc2c(N3CCN(c4ncc([C@](C)(O)c5ccc(F)cc5)cn4)CC3)ncnn2c1,,8.259637310505756,8.629818655252878,0.8867891
BGKMEYPFDOLCDP,CC[C@](O)(c1ccc(F)cc1)c1cnc(N2CCN(c3ncnn4cc(-c5cnn(C)c5)cc34)CC2)nc1,,8.259637310505756,8.259637310505756,0.9549192
FKNPENIHAAPMRC,CO[C@](C)(c1ccc(F)cc1)c1cnc(N2CCN(c3ncnn4cc(-c5cnn(C)c5)cc34)CC2)nc1,,7.759637310505756,7.759637310505756,0.92905617
MTUXMZZUCBJWLH,C[C@](O)(c1ccc(F)cc1)c1cnc(N2CCN(c3ncnn4cc(-c5cccc(F)c5)cc34)CC2)nc1,,8.259637310505756,8.259637310505756,0.945911
MPDVLCDGYNYLDZ,C[C@](O)(c1ccc(F)cc1)c1cnc(N2CCN(c3ncnn4cc(-c5ccc(F)cc5)cc34)CC2)nc1,,7.759637310505756,7.759637310505756,0.8946633
IQQVFGJWEJAHBR,Cc1ncc(-c2cc3c(N4CCN(c5ncc([C@](C)(O)c6ccc(F)cc6)cn5)CC4)ncnn3c2)s1,,8.259637310505756,8.629818655252878,0.9719052
MKFKYKXIANOUHV,Cn1cc(-c2cc3c(N4CCN(c5ncc([C@](C)(O)c6ccc(Cl)cc6)cn5)CC4)ncnn3c2)cn1,,8.259637310505756,8.629818655252878,0.98126996
PSRACJCZICIICM,Cn1cc(-c2cc3c(N4CCN(c5ncc([C@](C)(CO)c6ccc(F)cc6)cn5)CC4)ncnn3c2)cn1,,8.259637310505756,8.629818655252878,0.952393
YVRJNNUMUYEWAJ,Cn1cc(-c2cc3c(N4CCN(c5ncc(Sc6ccccc6F)cn5)[C@H](CO)C4)ncnn3c2)cn1,,8.259637310505756,8.259637310505756,0.99791056
MKRLXBDUSJQDTA,Cn1cc(-c2cc3c(N4CCN(c5ncc([C@@](C)(O)c6c(F)cccc6F)cn5)CC4)ncnn3c2)cn1,,8.259637310505756,8.629818655252878,0.92775947
CYCIKTAXJJXXSS,C[C@@H]1CN(c2ncnn3cc(-c4cnn(C)c4)cc23)CCN1c1ncc([C@](C)(O)c2ccc(F)cc2F)cn1,,8.259637310505756,8.259637310505756,0.9897301
AKHYYLKCRWCPJF,Cn1cc(-c2cc3c(N4CCN(c5ncc([C@@](C)(O)c6ccc(F)cc6Cl)cn5)CC4)ncnn3c2)cn1,,7.759637310505756,7.759637310505756,0.9650477
SZUWOLFQYJESDM,C[C@H](O)Cn1cc(-c2cc3c(N4CCN(c5ncc(Sc6ccccc6F)cn5)CC4)ncnn3c2)cn1,,8.259637310505756,8.259637310505756,0.9727883
PRTFLXYUVNSFGC,Cn1cc(-c2cc3c(N4CCN(c5ncc(C(C)(C)c6c(F)cc(F)cc6F)cn5)CC4)ncnn3c2)cn1,,8.259637310505756,8.259637310505756,0.98367196
XEBRKORBXGFSPR,Cn1cc(-c2cc3c(N4CCN(c5ncc([C@](O)(c6ccc(F)cc6)C6CC6)cn5)CC4)ncnn3c2)cn1,,8.259637310505756,8.259637310505756,0.98324686
XBCQOKINRQAZKD,COc1ccc(-c2cc3c(N4CCN(c5ncc([C@@](C)(O)c6ccc(F)cc6)cn5)CC4)ncnn3c2)cc1,,8.259637310505756,8.259637310505756,0.96759415
AQAZMVVLAOLUPL,Cn1cc(-c2cc3c(N4CCN(c5ncc([C@@](N)(c6ccc(F)cc6)C(F)(F)F)cn5)CC4)ncnn3c2)cn1,,8.259637310505756,8.259637310505756,0.9256275
MZKAFBKKTFAFML,Cn1cc(-c2cc3c(N4CCN(c5ncc([C@](O)(c6ccc(F)cc6)C(F)F)cn5)CC4)ncnn3c2)cn1,,8.259637310505756,8.629818655252878,0.96062446
YISJTIDDJGJMNB,Cn1cc(-c2cc3c(N4CCN(c5ncc([C@](C)(O)c6c(F)cc(F)cc6F)cn5)CC4)ncnn3c2)cn1,,8.259637310505756,8.629818655252878,0.96462405
CUPIUIHTFVSAJC,Cn1cc(-c2cc3c(N4CCN(c5ncc([C@](N)(c6ccc(F)cc6)C(F)F)cn5)CC4)ncnn3c2)cn1,,8.259637310505756,8.629818655252878,0.9539205
UNOVTXBZEUSAAF,Cc1nnn(-c2ccc(Cl)c(NC(=O)c3cnn4ccc(-c5cnn(CC(C)(C)O)c5)cc34)c2)n1,,8.2518119729938,8.2518119729938,0.30549288
OWSMSMNEFKFQBZ,Cc1ccc(NC(=O)c2ccc(CN3CCN(C)CC3)cc2)cc1Nc1nccc(-c2cncc(-c3cc(C(=O)N(C)C)n[nH]3)c2)n1,,8.244125144327509,8.244125144327509,0.98535746
DCLOCOICTQUCOP,Cc1ccc(-c2nnn(CCOCC(F)(F)F)n2)cc1NC(=O)c1cnn2ccccc12,,8.244125144327509,8.244125144327509,0.9198602
VZSOVTDSOYVYSF,COc1cccc(-c2cncc(-c3ccnc(Nc4cc(NC(=O)c5ccc(CN6CCN(C)CC6)cc5)ccc4C)n3)c2)c1,,8.236572006437063,8.236572006437063,0.9794039
SVXLTQCGURBZNP,Cc1ccc(-c2nnn([C@H]3C[C@@H](C(F)(F)F)C3)n2)cc1NC(=O)c1cnn2ccc(N3CCN(CCO)CC3)cc12,,8.236572006437063,8.236572006437063,0.8607078
RUPINSRFDWKDBS,COc1ccc(-c2cncc(-c3ccnc(Nc4cc(NC(=O)c5ccc(CN6CCN(C)CC6)cc5)ccc4C)n3)c2)cc1,,8.229147988357855,8.229147988357855,0.92474073
LBYCIOWTJQGFPM,O=C(Nc1ccccc1)c1ccc(Nc2ncc(C(F)(F)F)c(NCC3CCNCC3)n2)cn1,,,8.221848749616356,0.9764997
SKLHBBBFISAANR,Cc1ccc(-c2nnn(C3CC(F)(F)C3)n2)cc1NC(=O)c1cnn2ccc(N3CC[C@H](O)C3)cc12,,8.116199465974832,8.116199465974832,0.8025463
BULBAKJKYNOETB,Cc1ccc(-c2nnn([C@H](C)C3CC3)n2)cc1NC(=O)c1cnn2ccccc12,,8.142667503568731,8.142667503568731,0.95219094
HJUXRVVWVVADQQ,CS(=O)(=O)N1CC(c2nnn(-c3ccc(Cl)c(NC(=O)c4cnn5ccccc45)c3)n2)C1,,8.207608310501746,8.207608310501746,0.7350031
JGIIKAOOTQGKNH,Cc1ccc(-c2nnn(C3CN(S(=O)(=O)CCC(F)F)C3)n2)cc1NC(=O)c1cnn2ccccc12,,8.207608310501746,8.207608310501746,0.8302636
MSUVADZKJCEGKR,Cc1cc(Cl)c(NC(=O)c2cnn3ccc(N4CCOCC4)cc23)cc1-c1nnn(C2CC(F)(F)C2)n1,,8.200659450546418,8.200659450546418,0.7246202
DKYRKFIVVMGRME,Cc1cc(C)c(-c2nnn(CC3CC3(F)F)n2)cc1NC(=O)c1cnn2ccccc12,,8.193820026016112,8.193820026016112,0.8609017
BPFNHZVQDLRBGS,Cc1ccc(-c2nnn(C3CN(S(=O)(=O)C4(C)CC4)C3)n2)cc1NC(=O)c1cnn2ccccc12,,8.193820026016112,8.193820026016112,0.7323056
ZPBISQRVFFHQNW,COCCNc1ccn2ncc(C(=O)Nc3cc(-n4nnc(C5CN(C(=O)OC)C5)n4)ccc3Cl)c2c1,,8.193820026016112,8.193820026016112,0.82358116
XAYRBIZRFZBQQY,COCCNc1ccc2c(C(=O)Nc3cc(-c4nnn(C5CN(C(=O)OC)C5)n4)ccc3Cl)cnn2c1,,8.145365019512084,8.145365019512084,0.91246915
QSEUMHUWJKZSRW,O=C(Nc1cc(-c2nnn(C3CC(F)(F)C3)n2)ccc1Cl)c1cnn2ccccc12,,8.187086643357144,8.187086643357144,0.8508753
LPVPQEXAFSGDOJ,Cn1cc(-c2ccc(CNc3cc(-c4cnc5cc(OCCN6CCC[C@@H]7OCC[C@@H]76)ccn45)ncn3)cc2)cn1,,8.187086643357144,8.187086643357144,0.7412783
QGLVSYZUEILELT,Cc1ccc(NC(=O)c2ccc(CN3CCN(C)CC3)cc2)cc1Nc1nccc(-c2cncc(-c3ccccn3)c2)n1,,8.173925197299173,8.173925197299173,0.9709199
LKPYVIHIXNNVJX,Cc1ccc(NC(=O)c2ccc(CN3CCN(C)CC3)cc2)cc1Nc1nccc(-c2cncc(-c3cccnc3)c2)n1,,8.167491087293763,8.167491087293763,0.9725088
HAJGGFUDDSLHMN,Cc1nnn(-c2ccc(C)c(NC(=O)c3cnn4ccc(-c5cnn(CC(C)(C)O)c5)cc34)c2)n1,,8.161150909262744,8.161150909262744,0.3552077
LJHSRUOLDFSFEI,COCCNc1ccn2ncc(C(=O)Nc3cc(-n4nnc(C5CN(C(=O)OC)C5)n4)ccc3C)c2c1,,8.142667503568731,8.142667503568731,0.89212704
JXXVUIBYJYNDBA,Cc1ccc(NC(=O)c2ccc(CN3CCN(C)CC3)cc2)cc1Nc1nccc(-c2cncc(-c3ccn[nH]3)c2)n1,,8.142667503568731,8.142667503568731,0.9667322
JFJQATKLWWYVBO,O=C(Nc1cc(-c2nnn(C3CC(F)(F)C3)n2)c(Cl)cc1Cl)c1cnn2ccc(N3CCOCC3)cc12,,8.136677139879543,8.136677139879543,0.69801426
KGDRSHLTWPCNHK,COCCOc1ccn2c(-c3cc(NCc4ccc(-c5cnn(C)c5)cc4)ncn3)cnc2c1,,7.727717951251978,7.727717951251978,0.39368302
QXLGSVJYRNECIT,Cc1ccc(NC(=O)c2ccc(CN3CCN(C)CC3)cc2)cc1Nc1nccc(-c2cncc(-c3[nH]ncc3C)c2)n1,,8.130768280269024,8.130768280269024,0.987862
DCTZBNYMFGEQOO,Cn1nnc(-c2ccc(Cl)c(NC(=O)c3cnn4ccc(-c5cnn(CC(C)(C)O)c5)cc34)c2)n1,,8.130768280269024,8.130768280269024,0.3198798
KCDHLXGXCQOAND,O=C(Nc1cc(-c2nnn(CC3CC(F)(F)C3)n2)ccc1Cl)c1cnn2ccccc12,,8.1249387366083,8.1249387366083,0.84468824
YMHOIAKNPORUIV,Cc1cc(-c2cncc(-c3ccnc(Nc4cc(NC(=O)c5ccc(CN6CCN(C)CC6)cc5)ccc4C)n3)c2)[nH]n1,,8.087774364981694,8.087774364981694,0.99037
AEYZGHBKGSLTNU,COC(=O)N1CC(c2cnn(-c3ccc(C)c(NC(=O)c4cnn5ccc(NC6COC6)cc45)c3)n2)C1,,8.119186407719209,8.119186407719209,0.34043238
XGRIDNQIXZILPG,Cc1ccc(NC(=O)c2ccc(CN3CCN(C)CC3)cc2)cc1Nc1nccc(-c2cncc(-c3ccncc3)c2)n1,,8.113509274827518,8.113509274827518,0.9467925
LCRUOTMHTKBYDD,Cc1ccc(-c2nnn(C3CN(S(C)(=O)=O)C3)n2)cc1NC(=O)c1cnn2ccc(C3CC3)cc12,,8.096910013008056,8.096910013008056,0.77825916
BFJRSKZERVEBOY,CC(C)(O)Cn1cc(-c2ccn3ncc(C(=O)Nc4cc(-n5nnc(C6CC6)n5)ccc4F)c3c2)cn1,,8.09151498112135,8.09151498112135,0.629665
YBCIBFWQJPIFTQ,Cc1cnn(-c2ccc(C)c(NC(=O)c3cnn4ccc(-c5cnn(C[C@H]6CNCCO6)c5)cc34)c2)n1,,8.04093238691682,8.04093238691682,0.7558296
KHPVRAYNNWUKCE,Cc1ccc(-c2nnn(C3CCOCC3)n2)cc1NC(=O)c1cnn2ccccc12,,8.080921907623926,8.080921907623926,0.83513707
QSXQJMUYPMQOKR,Cc1ccc(-c2nnn(CC3CCOCC3)n2)cc1NC(=O)c1cnn2ccccc12,,8.075720713938118,8.075720713938118,0.8657874
RHWUJWQTWHXYPV,Cc1ccc(NC(=O)c2ccc(CN3CCN(C)CC3)cc2)cc1Nc1nccc(-c2cncc(-c3cn[nH]c3)c2)n1,,8.075720713938118,8.075720713938118,0.9661816
PVMLJUHLTUZRKU,Cc1cc(C)c(-c2nnn(CCC(C)(O)C(F)(F)F)n2)cc1NC(=O)c1cnn2ccccc12,,8.070581074285707,8.070581074285707,0.61065626
REODFJPJFIFZBL,COc1ccn2c(-c3cc(NCc4ccc(-c5cnn(C)c5)cc4)ncn3)cnc2c1,,8.065501548756432,8.065501548756432,0.52353233
DXRRPVWLKONTTO,Cc1ccc(-c2nnn(C3CC(F)(F)C3)n2)cc1NC(=O)c1cnn2ccc(N3CC[C@@](C)(O)C3)cc12,,8.065501548756432,8.065501548756432,0.7925914
PUOMKXDRNBYKPI,O=C(Nc1cc(-c2nnn(C3CN(CC(F)(F)F)C3)n2)ccc1Cl)c1cnn2ccccc12,,8.060480747381382,8.060480747381382,0.87577516
NJXDHIQSVRGMKW,Cc1ccc(-c2nnn(C3CN(S(=O)(=O)C(C)C)C3)n2)cc1NC(=O)c1cnn2ccccc12,,8.05551732784983,8.05551732784983,0.83698636
LBENDFXFDRCXMW,Cc1ccc(-n2ncc(C3CC(F)(F)C3)n2)cc1NC(=O)c1cnn2ccccc12,,8.045757490560675,8.045757490560675,0.5960221
KFNRZYUGDNTPJO,Cc1ccc(-c2nnn(C3CN(CC(F)(F)F)C3)n2)cc1NC(=O)c1cnn2ccccc12,,8.040958607678906,8.040958607678906,0.93013203
RPSZDCBIIZMUHQ,Cc1ccc(-c2nnn(C3CC3)n2)cc1NC(=O)c1cnn2ccccc12,,8.040958607678906,8.040958607678906,0.88144964
KYZCUZILXDANFL,COC(=O)C1CC(c2cnn(-c3ccc(C)c(NC(=O)c4cnn5ccc(N6CCOCC6)cc45)c3)n2)C1,,8.036212172654444,8.036212172654444,0.5302844
SEXVGHCKBMFFSZ,Cc1ccc(NC(=O)c2ccc(CN3CCN(C)CC3)cc2)cc1Nc1nccc(-c2cncc(N3CCCC3)c2)n1,,8.036212172654444,8.036212172654444,0.9406794
OSKRKWPDRBSHSX,Cc1cc(Cl)c(-c2nnn(C3CC(F)(F)C3)n2)cc1NC(=O)c1cnn2ccc(N3CCOCC3)cc12,,8.036212172654444,8.036212172654444,0.8228978
ZGHJKBVWIPUZCP,COC(=O)N1CC(n2nnc(-c3ccc(Cl)c(NC(=O)c4cnn5cc(N6CCOCC6)ccc45)c3)n2)C1,,8.031517051446064,8.031517051446064,0.743193
VAWLAULGJOGMNI,COC(=O)N1CC(n2nnc(-c3ccc(C)c(NC(=O)c4cnn5ccc(N6CCN7CCC[C@@H]7C6)cc45)c3)n2)C1,,8.017728766960431,8.017728766960431,0.6962589
IUPPLORUAUDONK,Cc1ccc(-c2nnn(C)n2)cc1NC(=O)c1cnn2ccc(-c3cnn(CCO)c3)cc12,,8.008773924307505,8.008773924307505,0.6261266
UXPIIMXQUOSRTB,COCCOc1cc(F)c2c(Nc3ccc(NC(=O)CC(=O)NCC4(C)CC4)cc3)ncnc2c1,,,8.0,0.9780732
BKAOCWHSQILASK,COCCOc1cc(F)c2c(Nc3ccc(NC(=O)CC(=O)NCCC(C)(C)C)cc3)ncnc2c1,,,8.0,0.9003331
QYXFHAHXQFSURZ,COCCOc1cc(F)c2c(Nc3ccc(NC(=O)CC(=O)NC4CCCC4)cc3)ncnc2c1,,,8.0,0.965705
ZSGUNKPQUSEJDN,COCCOc1cc(F)c2c(Nc3ccc(NC(=O)CC(=O)NC4CCC4)cc3)ncnc2c1,,,8.0,0.9668186
UMPZATOLIHWYKR,NC(=O)c1ccc(Nc2ncc(C(F)(F)F)c(NCC3CCNCC3)n2)cn1,,,8.0,0.6521666
NENAMFOTVUMSDW,O=C(Nc1ccncc1)c1ccc(Nc2ncc(C(F)(F)F)c(NCC3CCNCC3)n2)cn1,,,8.0,0.9716437
YSEZDAPTEZVMAH,COCCOc1cc(F)c2c(Nc3ccc(NC(=O)CC(=O)NCC4CCCCC4)cc3)ncnc2c1,,,8.0,0.9466501
FFQDKPMRGVFRSU,COCCOc1cc(F)c2c(Nc3ccc(NC(=O)CC(=O)NCC4CCC4)cc3)ncnc2c1,,,8.0,0.9505635
RGUJDRLRZJSYJK,COCCOc1cc(F)c2c(Nc3ccc(NC(=O)CC4CCC(C)(C)CC4)cc3)ncnc2c1,,,8.0,0.6279538
PKCFHKISQQRIQB,CN(C)CCOc1cc(F)c2c(Nc3ccc(NC(=O)NCCC(C)(C)F)cc3)ncnc2c1,,,8.0,0.45853782
UBVJIGOBFKKFOS,COCCOc1cc(F)c2c(Nc3ccc(NC(=O)NCCC(C)(C)F)cc3F)ncnc2c1,,,8.0,0.6847826
QBUDHRGQBNHSFB,COCCOc1cc(F)c2c(Nc3ccc(NC(=O)CC(=O)NCC4CC5(CCC5)C4)cc3)ncnc2c1,,,8.0,0.9806307
ZTZYDYFTKYEIPN,COCCCOc1cc(F)c2c(Nc3ccc(NC(=O)NCCC(C)(C)F)cc3)ncnc2c1,,,8.0,0.45890203
ANTBDOUSVZJCAI,CC(C)(F)CCNC(=O)Nc1ccc(Nc2ncnc3cc(OCC4CCOCC4)cc(F)c23)cc1,,,8.0,0.18514863
SJLNUWWHLHCSRT,O=C(Nc1ccc(Cl)cc1)c1ccc(Nc2ncc(C(F)(F)F)c(NCC3CCNCC3)n2)cn1,,,8.0,0.96744597
GHGBMMYCFPSSHA,CN1CCN(C(=O)c2ccc(Nc3ncc(C(F)(F)F)c(NCC4CCNCC4)n3)cn2)CC1,,,8.0,0.37572682
XVLUQZHJYRGOQO,O=C(c1ccc(Nc2ncc(C(F)(F)F)c(NCC3CCNCC3)n2)cn1)N1CCOCC1,,,8.0,0.34681484
HZMDPZWFWAIPJZ,COC[C@@H](O)Cn1cc(-c2ccn3ncc(C(=O)Nc4cc(-c5nnn(C6CC6)n5)ccc4Cl)c3c2)cn1,,9.301029995663981,9.301029995663981,0.59146464
HZHCGEKWLGAKCF,Cc1ccc(-c2nnn(C3CC3)n2)cc1NC(=O)c1cnn2ccc(-c3cnn([C@@H](C)[C@H](C)O)c3C)cc12,,9.301029995663981,9.301029995663981,0.86423266
WRVGPCKEZSMLKC,Cc1c(-c2ccn3ncc(C(=O)Nc4cc(-c5nnn(C6CC6)n5)c(F)cc4Cl)c3c2)cnn1C[C@H](C)O,,9.301029995663981,9.301029995663981,0.6053916
GCGOGEWCDKZBQA,CC(C)(O)Cn1cc(-c2ccn3ncc(C(=O)Nc4cc(-c5nnn(C6CC6)n5)ccc4Cl)c3c2)cn1,,9.301029995663981,9.301029995663981,0.70035124
NBGUEMDZIYAZEX,Cc1nn(CC(C)(C)O)cc1-c1ccc2c(C(=O)Nc3cc(-c4nnn(C5CC5)n4)c(F)cc3Cl)cnn2c1,,9.221848749616356,9.221848749616356,0.47742143
GGUNNAKXTZUDTO,COC[C@H](O)Cn1cc(-c2ccn3ncc(C(=O)Nc4cc(-c5nnn(C6CC6)n5)c(F)cc4Cl)c3c2)c(C)n1,,9.221848749616356,9.221848749616356,0.22846843
YATBAHSBEAZDCM,Cc1ccc(-c2nnn(C3CC(F)(F)C3)n2)cc1NC(=O)c1cnn2ccc(-c3cnn(CCO)c3)cc12,,9.221848749616356,9.221848749616356,0.94291127
BDBKVSVJBZZOJP,Cc1cc(F)c(-c2nnn(C3CC3)n2)cc1NC(=O)c1cnn2ccc(-c3cnn(CC(C)(C)O)c3C)cc12,,9.221848749616356,9.221848749616356,0.62526387
JPISQIHWQAZLBE,Cc1nn(C[C@H]2CN(C)CCO2)c(C)c1-c1ccn2ncc(C(=O)Nc3cc(-c4nnn(C5CC5)n4)ccc3Cl)c2c1,,9.221848749616356,9.221848749616356,0.4864749
HWUALMIYEFQUBW,O=C(Nc1cc(-c2nnn(C3CC3)n2)ccc1Cl)c1cnn2ccc(-c3cnn(CC4(O)CCOCC4)c3)cc12,,9.221848749616356,9.221848749616356,0.8581942
HSZUGVCBIWLHGM,COC[C@@H](O)Cn1ncc(-c2ccn3ncc(C(=O)Nc4cc(-c5nnn(C6CC6)n5)ccc4Cl)c3c2)c1C,,9.221848749616356,9.221848749616356,0.6056422
IKWLXRDHRKYXBB,Cc1ccc(-c2nnn([C@H]3C[C@@H](C(F)(F)F)C3)n2)cc1NC(=O)c1cnn2ccc(N3CCC(C)(O)CC3)cc12,,9.221848749616356,9.221848749616356,0.84539646
GHPDUZPCNZVCOV,C[C@](N)(c1ccc(F)cc1)c1cnc(N2CCN(c3ncnn4cc(-c5cnn(C6(CO)CC6)c5)cc34)CC2)nc1,,9.187086643357144,8.593543321678572,0.9984742
CNQGFVFQMXZORY,CC(C)(CO)n1cc(-c2cc3c(N)ncnn3c2)cn1,,9.187086643357144,8.593543321678572,0.07411226
YCWMHZJESHBKHE,CC(C)(CO)n1cc(-c2cc3c(N4CCN(c5ncc([C@@](C)(N)c6ccc(F)cc6)cn5)CC4)ncnn3c2)cn1,,9.187086643357144,8.593543321678572,0.93761206
DPRUFWHFUARYSC,Cc1ccc(-c2nnn(C3CC3)n2)cc1NC(=O)c1cnn2ccc(-c3cnn(C[C@H]4CNCCO4)c3)cc12,,9.154901959985743,9.154901959985743,0.8414766
BWFLRPMLJOKIEZ,Cc1ccc(-n2nnc(C3CC3)n2)cc1NC(=O)c1cnn2ccc(-c3cnn(CCO)c3)cc12,,9.154901959985743,9.154901959985743,0.9067405
SNLIUJUNGQFIJQ,CCn1nnc(-c2ccc(C)c(NC(=O)c3cnn4ccc(-c5c(C)nn(CC(C)(C)O)c5C)cc34)c2)n1,,9.154901959985743,9.154901959985743,0.5675277
HZUCFDKNIYERKI,COC[C@@H](O)Cn1cc(-c2ccn3ncc(C(=O)Nc4cc(-c5nnn(C6CC6)n5)c(F)cc4C)c3c2)c(C2CC2)n1,,9.154901959985743,9.154901959985743,0.28727666
DBBBGYXLBKCCQI,COCCOc1cc(F)c2c(Nc3ccc(NC(=O)CC(=O)NC4CCCCC4)cc3)ncnc2c1,,,8.0,0.9650576
PUVJFVDBXUHWTQ,CN1CCN(C2CCN(C(=O)c3ccc(Nc4ncc(C(F)(F)F)c(NCC5CCNCC5)n4)cn3)CC2)CC1,,,8.0,0.27858332
KNXVKLBIXPQLNO,NC(=O)c1ccc(Nc2ncc(C(F)(F)F)c(NCC3CCOCC3)n2)cn1,,,8.0,0.65655637
GZCMBTBNDBFFSL,COCCOc1cc(F)c2c(Nc3ccc(NC(=O)NCCCC(C)(C)C#N)cc3)ncnc2c1,,,8.0,0.50533336
SBWDHLQFISNLDD,COCCOc1cc(F)c2c(Nc3ccc(NC(=O)CC(=O)NCC4(C)CCC4)cc3)ncnc2c1,,,8.0,0.9723282
AFPXJMMVXUFNLG,COCCOc1cc(F)c2c(Nc3ccc(NC(=O)NCCC(C)(C)C#N)c(F)c3)ncnc2c1,,,8.0,0.8171646
DPFWKSAKSBYZJO,CC(C)(C#N)CCNC(=O)Nc1ccc(Nc2ncnc3cc(OCCN4CCOCC4)cc(F)c23)cc1,,,8.0,0.3710299
RCASWJDWASHJKO,COCCOc1cc(F)c2c(Nc3ccc(NC(=O)NCCCC(C)(C)F)cc3)ncnc2c1,,,8.0,0.4006067
MGTSWUSRXDSKOE,CC(C)(F)CCNC(=O)Nc1ccc(Nc2ncnc3cc(OC[C@@H]4CCOC4)cc(F)c23)cc1,,,8.0,0.15425211
RHEDIXOCWGWEKF,CC(C)(F)CCNC(=O)Nc1ccc(Nc2ncnc3cc(OCCN4CCCC4)cc(F)c23)cc1,,,8.0,0.24822621
VZNNJSFTTWZBJO,CO[C@H](C)COc1cc(F)c2c(Nc3ccc(NC(=O)NCCC(C)(C)F)cc3)ncnc2c1,,,8.0,0.31796467
ABRDPLSLYPWHEX,CC(C)(F)CCNC(=O)Nc1ccc(Nc2ncnc3cc(OCCC4COC4)cc(F)c23)cc1,,,8.0,0.2426291
RRYWFLONYBBNPB,CC(C)(F)CCNC(=O)Nc1ccc(Nc2ncnc3cc(OCCCN4CCCC4)cc(F)c23)cc1,,,8.0,0.28942665
BXTQWHKDSLHURW,COC[C@@H](C)Oc1cc(F)c2c(Nc3ccc(NC(=O)NCCC(C)(C)F)cc3)ncnc2c1,,7.259637310505756,7.629818655252878,0.25173828
AXWJFOGWASOTGU,COCCOc1cc(F)c2c(Nc3ccc(NC(=O)NCC=C(C)C)cc3)ncnc2c1,,,8.0,0.69206566
VFVUKLJMFOGGKB,COCCOc1cc(F)c2c(Nc3ccc(NC(=O)CC(=O)NC4CC5(CCC5)C4)cc3)ncnc2c1,,,8.0,0.9825299
LKIWBTWRKZJFGX,CC(C)(F)CCNC(=O)Nc1ccc(Nc2ncnc3cc(OC4CCOCC4)cc(F)c23)cc1,,,8.0,0.24978489
ZFEHWLYCIRQYGH,COCCOc1cc(OC)c2c(Nc3ccc(NC(=O)NCCC(C)(C)F)cc3)ncnc2c1,,,8.0,0.31669047
KXXSRFDXLGBJCF,CC(C)(F)CCNC(=O)Nc1ccc(Nc2ncnc3cc(OC[C@H]4CCCO4)cc(F)c23)cc1,,,8.0,0.17694597
ARBGJQRIHLUAAJ,CN1CC[C@@H](Oc2cc(F)c3c(Nc4ccc(NC(=O)NCCC(C)(C)F)cc4)ncnc3c2)C1,,7.259637310505756,7.629818655252878,0.24248311
DTYLSPIOOCNFCB,CC(C)(F)CCNC(=O)Nc1ccc(Nc2ncnc3cc(OC4COC4)cc(F)c23)cc1,,,8.0,0.28894433
KHWBCFPHZKNIBE,CC(C)(F)CCNC(=O)Nc1ccc(Nc2ncnc3cc(OC4CCC4)cc(F)c23)cc1,,,8.0,0.29236856
HVMZFVPMUUCZCT,COCCOc1ccc2c(Nc3ccc(NC(=O)NCCC(C)(C)OC)cc3)ncnc2c1,,,8.0,0.711748
FTWCILHHLZJWGT,COCCOc1ccc2c(Nc3ccc(NC(=O)NCCC(C)(C)F)cc3)ncnc2c1,,,8.0,0.51890975
YKUUHWARDIPMRA,CC(C)(F)CCNC(=O)Nc1ccc(Nc2ncnc3cc(OCCCN4CCOCC4)cc(F)c23)cc1,,,8.0,0.28304645
DMMRLPYXWCTPNK,COc1cc(F)c2c(Nc3ccc(NC(=O)NCCC(C)(C)F)cc3)ncnc2c1,,,8.0,0.38203079
JHNMOHPSTAKGQF,COCCOc1cc(F)c2c(Nc3ccc(NC(=O)NCCC4CCCC4)cc3)ncnc2c1,,,8.0,0.6915094
XDVAPJIUVUTZNG,C/N=C(/Nc1ccc(NC(=O)NCCC2CCC2)cc1)c1c(N)cc(OCCOC)cc1F,,,8.0,0.6146421
DEBVHEHMMXXAPL,COCCOc1cc(F)c2c(Nc3ccc(NC(=O)NCCC4CC(F)(F)C4)cc3)ncnc2c1,,,8.0,0.8543662
DNFLPLYAZITLLW,COCCOc1cc(F)c2c(Nc3ccc(NC(=O)NCCC4(C(F)(F)F)CC4)cc3)ncnc2c1,,,8.0,0.98236084
HWJCLUXJVWMSKR,COCCOc1cc(F)c2c(Nc3ccc(NC(=O)CCCC(C)(C)C)cc3)ncnc2c1,,,8.0,0.19484214
KBWZAZRJHNITCL,COCCOc1cc(F)c2c(Nc3ccc(NC(=O)NCCC4CC4)cc3)ncnc2c1,,,8.0,0.72589624
LZOHKEMZZIDFPK,COCCOc1cc(F)c2c(Nc3ccc(NC(=O)NCCC(C)C)cc3)ncnc2c1,,,8.0,0.8227552
DBPMJYOAXYUBMF,COCCOc1cc(F)c2c(Nc3ccc(NC(=O)CCCC(C)C)cc3)ncnc2c1,,,8.0,0.5861358
VOLRRINITNUZOP,COCCOc1cc(F)c2c(Nc3ccc(NC(=O)N[C@H]4CC[C@H](C(F)(F)F)CC4)cc3)ncnc2c1,,,8.0,0.86766756
RGYILKSRQQDPDR,COCCOc1cc(F)c2c(Nc3ccc(NC(=O)NCCC(C)(C)C#N)cc3)ncnc2c1,,,8.0,0.5342941
LMDHGHISMUMDGU,CC(C)Oc1cc(F)c2c(Nc3ccc(NC(=O)NCCC(C)(C)F)cc3)ncnc2c1,,,8.0,0.42293134
DDDGJIONDFZYIO,COCCOc1cc(F)c2c(Nc3ccc(NC(=O)NCCC(C)(C)C(F)(F)F)cc3)ncnc2c1,,,8.0,0.63338184
YGSKKXQWBYSYPC,COCCOc1cc(F)c2c(Nc3ccc(NC(=O)NCCC(C)(C)F)cc3)ncnc2c1,,,8.0,0.42467293
KQAKOSTUYOYZGT,COCCOc1cc(F)c2c(Nc3ccc(NC(=O)NCCC(C)(C)C)cc3)ncnc2c1,,7.259637310505756,7.629818655252878,0.5146229
FZBDZQPJAGPKKL,COCCOc1cc(F)c2c(Nc3ccc(NC(=O)NC4CC(C)(C)C4)cc3)ncnc2c1,,,8.0,0.9301378
TXNGMDZDVWFENG,COCCOc1cc(F)c2c(Nc3ccc(NC(=O)NCCC(C)(C)OC)cc3)ncnc2c1,,,8.0,0.66559243
XJWUMMWRBFEAOU,COCCOc1cc(F)c2c(Nc3ccc(NC(=O)COCC(C)C)cc3)ncnc2c1,,,8.0,0.89288235
KRMAHBKBEYSIRR,COCCOc1cc(F)c2c(Nc3ccc(NC(=O)COCC4CCCC4)cc3)ncnc2c1,,,8.0,0.81736124
LIAXJCSSFXVJIO,CC(C)(F)CCNC(=O)Nc1ccc(Nc2ncnc3cc(OCCN4CCOCC4)cc(F)c23)cc1,,,8.0,0.28245193
XDYHEZLXQSYAHS,COCCOc1cc(F)c2c(Nc3ccc(NC(=O)NCCC4(OC)CC4)cc3)ncnc2c1,,,8.0,0.97991973
UAQAMTFSXGONTM,COCCOc1cc(F)c2c(Nc3ccc(NC(=O)NCCC4(C#N)CC4)cc3)ncnc2c1,,,8.0,0.8716268
PIBDDSAQAINZCO,COCCOc1cc(F)c2c(Nc3ccc(NC(=O)NC4CCC(C)(C)C4)cc3)ncnc2c1,,,8.0,0.9171261
BZRZJIHZLORZAQ,COCCOc1cc(F)c2c(Nc3ccc(NC(=O)CCCC(C)(C)F)cc3)ncnc2c1,,,8.0,0.17869814
BLQUGLZOJKUYIJ,COCCOc1cc(F)c2c(Nc3ccc(NC(=O)COCCC(C)C)cc3)ncnc2c1,,,8.0,0.88811535
BNUJVRGEORPCJZ,COCCOc1cc(F)c2c(Nc3ccc(NC(=O)OCCC(C)(C)C#N)cc3)ncnc2c1,,,8.0,0.7248776
VUCMJPUXBJXKMX,COCCOc1cc(F)c2c(Nc3ccc(NC(=O)CC4CCC(F)(F)CC4)cc3)ncnc2c1,,,8.0,0.63102835
YJCKZLMAAZOOCZ,COCCOc1cc(F)c2c(Nc3ccc(NC(=O)NCCOC(F)(F)F)cc3)ncnc2c1,,,8.0,0.85564417
OWLJLEMEMHJKBI,CCOC(=O)N1CC(n2nnc(-c3ccc(C)c(NC(=O)c4cnn5ccc(NC)cc45)c3)n2)C1,,7.987162775294828,7.987162775294828,0.928136
KDPDXONIHAZANP,O=C(Nc1cc(-c2nnn(C3CC(F)(F)C3)n2)c(F)cc1Cl)c1cnn2ccc(N3CCOCC3)cc12,,7.978810700930062,7.978810700930062,0.7321033
QWFRPFLMGKYHKT,COCCOc1ccc2c(C(=O)Nc3cc(-c4nnn(C5CN(C(=O)OC)C5)n4)ccc3C)cnn2c1,,7.978810700930062,7.978810700930062,0.93885887
DVTHJJFCNSYNNF,COC(=O)N1CC(n2nnc(-c3ccc(Cl)c(NC(=O)c4cnn5ccccc45)c3)n2)C1,,7.97469413473523,7.97469413473523,0.7323875
BKCVLCFRFPTZNP,Cn1cc(-c2ccc(CNc3cc(-c4cnc5cc(OC6CCOC6)ccn45)ncn3)cc2)cn1,,7.958607314841775,7.958607314841775,0.79709387
NSRKLSZWKSIWGY,CN1CCN(CCOc2ccn3c(-c4cncc(NCc5ccc(N6CCCC6)nc5)c4)cnc3c2)CC1,,7.248104658471409,7.248104658471409,0.5311823
JARCJAZGKKSDOF,CNC1CN(c2ccn3c(-c4cc(NCc5ccc(-c6cnn(C)c6)cc5)ncn4)cnc3c2)C1,,7.958607314841775,7.958607314841775,0.98984563
PJGPXHUOFQXHSM,Cc1ccc(-c2cncc(-c3ccnc(Nc4cc(NC(=O)c5ccc(CN6CCN(C)CC6)cc5)ccc4C)n3)c2)cc1,,7.954677021213342,7.954677021213342,0.9234884
IZVQFTMFDWIHRX,Cc1ccc(-c2cnn(C3CC3)n2)cc1NC(=O)c1cnn2ccccc12,,7.954677021213342,7.954677021213342,0.729549
LWYMEPMCDFAHNB,COC(=O)N1CC(c2nnn(-c3ccc(Cl)c(NC(=O)c4cnn5ccccc45)c3)n2)C1,,7.935542010773082,7.935542010773082,0.7438648
XXTCBNMVJHVCLA,COCCNc1ccn2ncc(C(=O)Nc3cc(-c4nnn([C@H]5C[C@@H](C(F)(F)F)C5)n4)c(F)cc3C)c2c1,,7.935542010773082,7.935542010773082,0.8486172
RGUQJUZAJQPBOS,CNC(=O)c1cc(-c2cncc(-c3ccnc(Nc4cc(NC(=O)c5ccc(CN6CCN(C)CC6)cc5)ccc4C)n3)c2)[nH]n1,,7.935542010773082,7.935542010773082,0.98884296
XXOLFMUVVZLQGN,COCCNc1ccn2ncc(C(=O)Nc3cc(-n4ncc(C5CN(C(=O)OC)C5)n4)ccc3Cl)c2c1,,7.928117992693875,7.928117992693875,0.53626424
UXYIPHKBTFKDMP,Cn1cc(-c2ccc3c(Nc4ccc(NC(=O)Nc5cccc(F)c5)cc4)ncnc3c2)cn1,,7.920818753952375,7.920818753952375,0.97358906
GTYHDYWAEGAZRM,CCS(=O)(=O)N1CC(n2nnc(-c3ccc(C)c(NC(=O)c4cnn5ccccc45)c3)n2)C1,,7.920818753952375,7.920818753952375,0.8575457
ZRGLSSVOAKPURB,COCCOc1ccn2c(-c3cncc(NCc4ccc(N5CCCC5)nc4)c3)cnc2c1,,7.439713034397075,7.439713034397075,0.8217646
LHWABYLWRJNIIY,COc1cc(OC)c(F)c(N2Cc3cnc4[nH]ccc4c3N(C)C2=O)c1F,,7.920818753952375,7.920818753952375,0.1595505
OJOMKFBUCUYZRW,Cc1cc(-c2cncc(-c3ccnc(Nc4cc(NC(=O)c5ccc(CN6CCN(C)CC6)cc5)ccc4C)n3)c2)on1,,7.913640169325252,7.913640169325252,0.9949949
WIPBUTIWAWPYMS,COCCNc1ccn2ncc(C(=O)Nc3cc(-c4nnn(C5CN(C(=O)OC)C5)n4)ccc3F)c2c1,,7.906578314837765,7.906578314837765,0.82681525
WJAXVXBCECPBCW,Cc1cccc(-c2cncc(-c3ccnc(Nc4cc(NC(=O)c5ccc(CN6CCN(C)CC6)cc5)ccc4C)n3)c2)c1,,7.906578314837765,7.906578314837765,0.9821262
ZYTXDAJAAUPBNX,CC(=O)OCCOc1cc2ncc(-c3ccc(CC(=O)Nc4cc(C5(C(F)(F)F)CC5)on4)c(F)c3)nc2cc1OCCOC(C)=O,,7.903089986991944,7.903089986991944,0.9988651
VHFDMOLSDAAKIV,COc1cc2nc(-c3ccc(CC(=O)Nc4cc(C5(C(F)(F)F)CC5)on4)c(F)c3)cnc2cc1OCCOC(=O)N(C)C,,7.903089986991944,7.903089986991944,0.99928683
BPOCXOYNUHWTKD,COc1cc2nc(-c3ccc(CC(=O)Nc4cc(C5(C(F)(F)F)CC5)on4)c(F)c3)cnc2cc1OC1CNC1,,7.903089986991944,7.903089986991944,0.9806975
YQHICSNVABYXJV,O=C(Cc1ccc(-c2cnc3cc4c(cc3n2)OCCO4)cc1F)Nc1cc(C2(C(F)(F)F)CC2)on1,,7.903089986991944,7.903089986991944,0.6514295
YDVPVWSJRPMDLC,COc1cc(OC)c2cc(-c3ccc(CC(=O)Nc4cc(C5(C(F)(F)F)CC5)on4)cc3)cnc2c1,,7.903089986991944,7.903089986991944,0.99712235
VRRVYOWXERNHRQ,COc1ccc2ncc(-c3ccc(CC(=O)Nc4cc(C5(C(F)(F)F)CC5)on4)c(F)c3)nc2n1,,7.903089986991944,7.903089986991944,0.9974954
RAZYIXVNZNLJSZ,CN(C)CCNC(=O)c1n[nH]c2ncc(-c3ccc(CC(=O)Nc4cc(C(C)(C)C)on4)cc3)cc12,,7.903089986991944,7.903089986991944,0.92422694
DLUOQCWPUPUERJ,COc1cc2nc(-c3ccc(CC(=O)Nc4cc(C(C)(C)C(F)(F)F)on4)c(F)c3)cnc2cc1OC1CNC1,,7.903089986991944,7.903089986991944,0.760144
MLFSEIURBWNIDL,COc1cc2nc(-c3ccc(CC(=O)Nc4cc(C(C)(C)C(F)(F)F)on4)c(F)c3)cnc2cc1O,,7.903089986991944,7.903089986991944,0.9294724
APGVQVONNGMSAF,CC(C)(c1cc(NC(=O)Cc2ccc(-c3cnc4[nH]nc(OCCOC(F)(F)F)c4c3)cc2F)no1)C(F)(F)F,,7.903089986991944,7.903089986991944,0.72319555
AWDBWXNIPCAAJS,COc1cc2ncc(-c3ccc(CC(=O)Nc4cc(C(C)(C)C(F)(F)F)on4)c(F)c3)cc2c(OC)c1OC,,7.903089986991944,7.903089986991944,0.92840356
PFZZHELCYMAPSE,COc1cc2nc(OC)c(-c3ccc(CC(=O)Nc4cc(C5(C(F)(F)F)CC5)on4)c(F)c3)nc2cc1OC,,7.903089986991944,7.903089986991944,0.9991509
WXDHAZLHDCSPKC,COc1cc2ncc(-c3ccc(CC(=O)Nc4cc(C(C)(C)C)nn4-c4ccccc4)c(F)c3)nc2cc1OC,,7.903089986991944,7.903089986991944,0.95423466
ZDNPKGYKQFLWGF,COc1cc2ncc(-c3ccc(CC(=O)Nc4cc(C(C)(C)C(F)(F)F)on4)c(F)c3)c(N=[N+]=[N-])c2cc1OC,,7.903089986991944,7.903089986991944,0.85697055
UFZUQKTZSHRWDU,COc1cc2ncc(-c3ccc(CC(=O)Nc4cc(C(C)(C)C(F)(F)F)on4)c(F)c3)nc2cc1OC,,7.903089986991944,7.903089986991944,0.87978595
OATICTJNXNPYNK,COc1cc2ncc(-c3ccc(CC(=O)Nc4cc(C(C)(C)C(F)(F)F)on4)c(F)c3)c(N)c2cc1OC,,7.903089986991944,7.903089986991944,0.5089061
DMAISDLFBJSQFD,COc1ccn2c(-c3cncc(NCc4ccc(N5CCCC5)nc4)c3)cnc2c1,,7.20446769648675,7.20446769648675,0.8103615
JMUJNEOQDHZJNR,Cc1ccc(-c2nnn(C3CN(S(=O)(=O)CC4CCC4)C3)n2)cc1NC(=O)c1cnn2ccccc12,,7.872895201635193,7.872895201635193,0.774777
VGOMJCPUDGNBKX,CNc1ccn2ncc(C(=O)Nc3cc(-n4ncc(C5CN(C(=O)OC)C5)n4)ccc3C)c2c1,,7.872895201635193,7.872895201635193,0.6284683
CXVMVHDFSKRLAW,Cc1ccc(-c2nnn(CC3CC3)n2)cc1NC(=O)c1cnn2ccccc12,,7.866461091629782,7.866461091629782,0.8875186
KSKHYUVIRUJNSQ,Cc1ccc(NC(=O)c2ccc(CN3CCN(C)CC3)cc2)cc1Nc1nccc(-c2cncc(-c3ccccc3)c2)n1,,7.853871964321762,7.853871964321762,0.9575877
YYVOXZANHXEANI,CN(c1ccc(CCC(=O)c2ccc3c(c2)[nH]c(=O)n3C)cn1)c1ccccc1F,,7.853871964321762,7.853871964321762,0.9129147
VEOIVVBZSPNIFL,COCCNc1ccn2ncc(C(=O)Nc3cc(-c4nnn([C@H]5C[C@H](CO)C5)n4)c(F)cc3C)c2c1,,7.8297382846050425,7.8297382846050425,0.6806345
HSKOMASIIPGDJO,COC(=O)N1CC(c2cnn(-c3ccc(C)c(NC(=O)c4cnn5cc(N6CCOCC6)ccc45)c3)n2)C1,,7.826813731587726,7.826813731587726,0.5846353
VHVHDXWBOQYIRF,c1ccc(-c2ccc(CNc3ccnc(-c4cnc5ccccn45)n3)cc2)cc1,,7.146214911951032,7.146214911951032,0.0138162365
MDTXLRWWBDHZPF,COc1cc(C(=O)NCc2ccc(N(C)[C@H]3C[C@@H](C(F)(F)F)C3)nc2)cc2[nH]c(=O)[nH]c12,,7.823908740944319,7.823908740944319,0.92650217
YCCDLEHTRPEJII,CC(N(C)c1ccc(CCC(=O)c2ccc3c(c2)[nH]c(=O)n3C)cn1)C(F)(F)F,,7.823908740944319,7.823908740944319,0.6306208
KOSUFZUQHXDTAI,COc1cc(Nc2ncc3ccc4ncn(C(C)C)c4c3n2)ncc1N1CC2CCC1CN2,,7.823908740944319,7.823908740944319,0.951454
MJIIYXFGPPGPGB,CCOc1cc(Nc2ncc3ccc4ncn(C(C)C)c4c3n2)ncc1N1CC2CC(C1)N2,,7.823908740944319,7.823908740944319,0.86510247
VKPGBCOZQCBEJT,COCCNc1ccn2ncc(C(=O)Nc3cc(-c4nnn([C@H]5C[C@H](CO)C5)n4)ccc3C)c2c1,,7.806875401645538,7.806875401645538,0.69642955
YZOHKKFDQITCRL,CCC(C)N(C)c1ccc(CCC(=O)c2ccc3c(c2)[nH]c(=O)n3C)cn1,,7.795880017344075,7.795880017344075,0.58752745
RJWBCVOPGAISAP,Cn1nnc(-c2ccc(F)c(NC(=O)c3cnn4ccc(-c5cnn(CC(C)(C)O)c5)cc34)c2)n1,,7.795880017344075,7.795880017344075,0.34428072
WTWMNNKZEVJCBK,COc1cc(Nc2ncc3ccc4ncn(C(C)C)c4c3n2)ncc1N1CC2(CNC2)C1,,7.779891911959945,7.779891911959945,0.9773967
YVVANCFMIPBMLK,Cc1ccc(-c2nnn(C3CN(S(=O)(=O)CCO)C3)n2)cc1NC(=O)c1cnn2ccccc12,,7.777283528852417,7.777283528852417,0.85784405
ICBMAIUSOZCJQO,CCNc1ccn2ncc(C(=O)Nc3cc(-n4ncc(C5CN(C(=O)OC)C5)n4)ccc3C)c2c1,,7.774690718274137,7.774690718274137,0.64712906
PIINCIHXLZMOQT,Cc1ccc(-c2nnn([C@H]3C[C@H](CO)C3)n2)cc1NC(=O)c1cnn2ccccc12,,7.772113295386326,7.772113295386326,0.80330575
ZAENRHOZKBCTPE,COC(=O)N1CC(n2nnc(-c3ccc(C)c(NC(=O)c4cnn5ccc(NCCO)cc45)c3)n2)C1,,7.767003889607846,7.767003889607846,0.90713406
DFGWOVHBPQJYCP,COCCS(=O)(=O)N1CC(n2nnc(-c3ccc(C)c(NC(=O)c4cnn5ccccc45)c3)n2)C1,,7.7544873321858505,7.7544873321858505,0.8525312
RKPPRDVNVXDBHB,COCCNc1ccn2ncc(C(=O)Nc3cc(-n4ncc(C5CN(C(=O)OC)C5)n4)ccc3C)c2c1,,7.752026733638194,7.752026733638194,0.62774414
NFQDJIVAGSVAFE,CN(c1ccc(CNC(=O)c2ccc3c(c2)[nH]c(=O)n3C)cn1)C1CC(OC(F)(F)F)C1,,7.648784731777237,7.648784731777237,0.9869962
YAHWQASYQLSXJO,CN(c1ccc(CNC(=O)c2cc3[nH]c(=O)[nH]c3cc2F)cn1)C1CCC(F)(F)C1,,7.7447274948966935,7.7447274948966935,0.99643385
BKICFKMEQFPNCD,CN(c1ccc(CNC(=O)c2cc(F)c3[nH]c(=O)[nH]c3c2)cn1)[C@H]1C[C@@H](C(F)(F)F)C1,,7.7447274948966935,7.7447274948966935,0.9827414
KWZAJRVHTKVGEL,COC(=O)N1CC(n2nnc(-c3ccc(C)c(NC(=O)c4cnn5ccc(COCC(F)F)cc45)c3)n2)C1,,7.7447274948966935,7.7447274948966935,0.8691283
MGJZJSOCWRAPKE,Cc1ccc(-c2nnn(C3CN(S(C)(=O)=O)C3)n2)cc1NC(=O)c1cnn2ccc(COCC(F)F)cc12,,7.72584215073632,7.72584215073632,0.68630457
YXNPLIXPGORILO,Cc1ccc(NC(=O)c2ccc(CN3CCN(C)CC3)cc2)cc1Nc1nccc(-c2cncc(C3=NN=C(C(=O)C4N=CC=N4)C3)c2)n1,,7.723538195826756,7.723538195826756,0.97979444
RPRCCKYNDFQWHV,Cc1ccc(NC(=O)c2ccc(CN3CCN(C)CC3)cc2)cc1Nc1nccc(-c2cncc(-n3cccn3)c2)n1,,7.723538195826756,7.723538195826756,0.9652554
YNFMBMUSKIULLU,COC(=O)N1CC(c2cnn(-c3ccc(C)c(NC(=O)c4cnn5ccc(N6CCN(C)CC6)cc45)c3)n2)C1,,7.676015270818514,7.676015270818514,0.49211448
QGJJSYFMHUGFTN,Nc1ccn2ncc(C(=O)Nc3cc(-c4nnn(CC5CC5(F)F)n4)ccc3Cl)c2c1,,7.714442690992226,7.714442690992226,0.94080395
NMGPNPSPONCMOZ,Cc1ccc(NC(=O)c2ccc(CN3CCN(C)CC3)cc2)cc1Nc1nccc(-c2cncc(-c3ncco3)c2)n1,,7.714442690992226,7.714442690992226,0.97728354
QSXJPKAFWYPCKO,Cc1ccc(NC(=O)c2ccc(CN3CCN(C)CC3)c(C(F)(F)F)c2)cc1NC(=O)c1cccc(-c2cn[nH]c2)c1,CHEMBL4068526,7.698970004336019,7.698970004336019,0.93072224
AEWLEECIDWUNGK,CC(C)N(C)c1ccc(CCC(=O)c2ccc3c(c2)NC(=O)C3)cn1,,7.698970004336019,7.698970004336019,0.0023161222
MRCSVZKJLOILPO,COC(=O)N1CC(n2nnc(-c3ccc(C)c(NC(=O)c4cnn5cc(N6CCOCC6)ccc45)c3)n2)C1,,7.696803942579511,7.696803942579511,0.87505245
CLWHLYVBACORBQ,CN(c1ccc(CNC(=O)c2ccc3c(c2)[nH]c(=O)n3C)cn1)[C@H]1CCC(F)(F)C1,,7.6777807052660805,7.6777807052660805,0.92335814
MHITTXFPZXWLMH,CC(C)(C)c1cc(NC(=O)Nc2ccc(-c3cn(-c4ccc(OCCN5CCOCC5)cc4Cl)nn3)cc2)no1,,7.6777807052660805,7.6777807052660805,0.906933
UDCJYLGAUQYJRP,Cn1c(=O)[nH]c2cc(C(=O)NCc3ccc(Oc4ccc(F)cc4F)nc3)ccc21,,7.6777807052660805,7.6777807052660805,0.8908597
QOGJZIMDYOUZCQ,CN(c1ccc(CNC(=O)c2cc3[nH]c(=O)n(C)c3cc2F)cn1)C1CCC(F)(F)CC1,,7.6777807052660805,7.6777807052660805,0.9952369
WNWICZXXMDPSCR,CCN(c1ccc(F)cc1)c1ccc(CNC(=O)c2ccc3c(c2)[nH]c(=O)n3C)cn1,,7.6777807052660805,7.6777807052660805,0.8700464
JFYAFMMSOVKSEU,CCOc1cc(Nc2ncc3ccc4ncn(CC)c4c3n2)ncc1N1CCN(CC)CC1,,7.671620396561262,7.671620396561262,0.8589262
LNQSNUWGAJFRCI,COC(=O)N1CC(n2nnc(-c3ccc(C)c(NC(=O)c4cnn5ccc(N(C)C)cc45)c3)n2)C1,,7.669586226650809,7.669586226650809,0.90347576
KZIOMXOMEXOODN,COC(=O)N1CC(c2cnn(-c3ccc(C)c(NC(=O)c4cnn5ccc(N(C)CCO)cc45)c3)n2)C1,,7.6595558851598815,7.6595558851598815,0.54126024
LHFFUJHHNHTHCJ,CN(c1ccc(CNC(=O)c2ccc3c(c2)[nH]c(=O)n3C)cn1)C1CC(OC(F)F)C1,,7.550637409205253,7.550637409205253,0.9720944
MIYHUTJCNKCDAU,CN(c1ccc(CNC(=O)c2ccc3c(c2)[nH]c(=O)n3C)cn1)C1CC2C(C1)C2(F)F,,7.657577319177793,7.657577319177793,0.99861014
GXWBJYHGFDXYHX,CC(C)N1CCc2cc(CNC(=O)c3ccc4c(c3)[nH]c(=O)n4C)cnc21,,7.657577319177793,7.657577319177793,0.0216882
GFOJVWAGMQEEQG,Cc1cc(C)c(-c2nnn(C3CC(F)(F)C3)n2)cc1NC(=O)c1cnn2ccc(N3CCOCC3)cc12,,7.655607726314889,7.655607726314889,0.77045673
VNYIVUTWJKXNMX,COC(=O)N1CC(n2nnc(-c3ccc(C)c(NC(=O)c4cnn5ccc(NCC(C)(F)F)cc45)c3)n2)C1,,7.655607726314889,7.655607726314889,0.7137637
SBWKYPJZMGETLI,COC(=O)N1CC(n2nnc(-c3ccc(C)c(NC(=O)c4cnn5ccc(N6CCC(F)(F)C6)cc45)c3)n2)C1,,7.6439741428068775,7.6439741428068775,0.75746596
RCPAPHZBTHGSBD,COC[C@@](C)(O)Cn1cc(-c2ccn3ncc(C(=O)Nc4cc(-c5nnn(C6CC6)n5)c(F)cc4C)c3c2)c(C)n1,,9.154901959985743,9.154901959985743,0.4674189
WZLWACPNPIWAOC,CCn1nnc(-c2cc(NC(=O)c3cnn4ccc(-c5cn(C[C@H](O)COCCOC)nc5C)cc34)c(Cl)cc2F)n1,,9.154901959985743,9.154901959985743,0.19595492
YCSJMNSQRNRHCG,COC[C@@H](O)Cn1nc(C)c(-c2ccn3ncc(C(=O)Nc4cc(-c5nnn(C)n5)ccc4C)c3c2)c1C,,9.096910013008056,9.096910013008056,0.5294357
LQOGOTLEUIFFJL,Cc1nnn(-c2ccc(C)c(NC(=O)c3cnn4ccc(-c5cn(C[C@H]6CNCCO6)nc5C)cc34)c2)n1,,9.096910013008056,9.096910013008056,0.41207173
LYMJEAUXCMPNGB,CCn1nnc(-c2cc(NC(=O)c3cnn4ccc(-c5cn(CC(C)(C)O)nc5C)cc34)c(Cl)cc2F)n1,,9.096910013008056,9.096910013008056,0.27302116
DJFQUMSNKRVPII,Cc1nn(CC2(O)CCOCC2)cc1-c1ccn2ncc(C(=O)Nc3cc(-n4nnc([C@H]5C[C@@H]5F)n4)ccc3Cl)c2c1,,9.045757490560675,9.045757490560675,0.47076038
QOPQVXZKUAGRSM,COCCNc1ccn2ncc(C(=O)Nc3cc(-c4nnn(C5CN(C(=O)OC)C5)n4)ccc3C)c2c1,,7.471083299722345,7.471083299722345,0.887556
DRRBZEJAHPIJHD,Cc1ccc(-n2nnc(C3CN(S(C)(=O)=O)C3)n2)cc1NC(=O)c1cnn2ccccc12,,7.642065152999546,7.642065152999546,0.8701145
RFQVDEGVDTVDEC,CN(c1ccc(CNC(=O)c2cc3[nH]c(=O)[nH]c3cc2F)cn1)[C@H]1C[C@@H](C(F)(F)F)C1,,7.638272163982407,7.638272163982407,0.99128646
UREWRWBHYWKPQS,CN(c1ccc(CNC(=O)c2ccc3c([nH]c(=O)n3C)c2F)cn1)C1CCC(F)(F)C1,,7.638272163982407,7.638272163982407,0.64082205
JCMIABYXNMDVIF,COCCNc1cc2c(C(=O)Nc3cc(-c4nnn(C5CN(C(=O)OC)C5)n4)ccc3C)cnn2cc1C,,7.6307841425898575,7.6307841425898575,0.956047
BRKVWSFMHDHGLV,COC(=O)N1CC(n2nnc(-c3cc(NC(=O)c4cnn5cc(OCCO)ccc45)c(C)cc3F)n2)C1,,7.6307841425898575,7.6307841425898575,0.9158491
YKBDPUOUXJIQLJ,Cc1cc(F)c(NC(=O)c2cnn3ccc(-c4cnn(CC(C)(C)O)c4)cc23)cc1-c1nnn(C2CC2)n1,,7.6252516539898965,7.6252516539898965,0.43941453
CJPUQCVOHWJXCI,Cn1c(=O)[nH]c2cc(C(=O)CCc3cnc(N(C)[C@H]4C[C@@H](C(F)(F)F)C4)cn3)ccc21,,7.619788758288394,7.619788758288394,0.6710885
DJRIFOSSHAVNOW,CCN1CCN(c2cc(Nc3ncc(-c4ccccc4)s3)nc(C)n2)CC1,,7.619788758288394,7.619788758288394,0.9795544
KOYXADWEYNKYHP,CC(NC(=O)c1ccc2c(c1)[nH]c(=O)n2C)c1ccc(Oc2ccc(Cl)cc2F)nc1,,7.550637409205253,7.550637409205253,0.94872814
OUCUNVKXSOPBBS,CC(C)Nc1cc(Nc2ccn3nccc3n2)ncc1C(=O)NC[C@@H](F)C(C)(C)O,,7.19466991845506,7.19466991845506,0.2292326
LPINJTAVHDBOFS,COC(=O)N1CC(c2cnn(-c3ccc(C)c(NC(=O)c4cnn5ccc(NCC6COC6)cc45)c3)n2)C1,,7.617982957425132,7.617982957425132,0.41342324
SMHGIDJPGWLYGW,COC[C@@H]1CCN1c1ccn2ncc(C(=O)Nc3cc(-c4nnn(C5CN(C(=O)OC)C5)n4)ccc3C)c2c1,,7.6020599913279625,7.6020599913279625,0.79003906
DRERYLSHQGPDGM,CN(c1ccc(CNC(=O)c2ccc3c(c2)[nH]c(=O)n3C)cn1)C1CC2(CC2)C1,,7.6020599913279625,7.6020599913279625,0.9930316
IJUWGWYPCYOTFF,CN(Cc1ccccc1F)c1ccc(CCC(=O)c2ccc3c(c2)[nH]c(=O)n3C)cn1,,7.6020599913279625,7.6020599913279625,0.96705407
RMSDAMCJNFFPFI,CN(CCC(F)(F)F)c1ccc(CCC(=O)c2ccc3c(c2)[nH]c(=O)n3C)cn1,,7.6020599913279625,7.6020599913279625,0.92840827
HWEBFAZCYKVEJD,COc1cc(Nc2ncc3ccc4ncn(C(C)C)c4c3n2)ncc1N1CCNC(C)(C)C1,,7.59176003468815,7.59176003468815,0.9236592
DTCHEHDRQDCYHY,CN(c1ccc(CCC(=O)c2ccc3c(c2)[nH]c(=O)n3C)cn1)C12CC(C)(C1)C2,,7.585026652029182,7.585026652029182,0.99778986
BSRQQFVGXFPBEY,Cn1c(=O)[nH]c2cc(C(=O)NCc3ccc(Oc4ccccc4F)nc3)c(F)cc21,,7.585026652029182,7.585026652029182,0.97336835
VPVATWWHCSNXKG,Cc1ccc(-c2nnn(C)n2)cc1NC(=O)c1cnn2ccc(-c3cnn(CCCS(C)(=N)=O)c3)cc12,,7.585026652029182,7.585026652029182,0.59697104
NHCNODIOCMWTTB,COC(=O)N1CC(c2cnn(-c3ccc(C)c(NC(=O)c4cnn5ccc(NCC(F)F)cc45)c3)n2)C1,,7.580044251510242,7.580044251510242,0.6599447
HRNPHMOCAXKSMQ,Cc1cc(C#N)c(-c2nnn(C3CC(F)(F)C3)n2)cc1NC(=O)c1cnn2ccc(N3CCOCC3)cc12,,7.575118363368933,7.575118363368933,0.82994115
XYWCZTUAPJOESO,CC(C)N(C)c1ccc(CNC(=O)c2cc3c(cc2F)CC(=O)N3)cn1,,7.568636235841013,7.568636235841013,0.0021952896
XQLSZSAQIPFNJE,Cn1c(=O)[nH]c2cc(C(=O)NCc3ccc(Oc4ccc5[nH]ncc5c4)nc3)ccc21,,7.568636235841013,7.568636235841013,0.9419479
ZUXTZHPLGGSQBY,CN(c1ccc(CNC(=O)c2cc(Cl)c3[nH]c(=O)[nH]c3c2)cn1)[C@H]1C[C@@H](C(F)(F)F)C1,,7.568636235841013,7.568636235841013,0.85990965
UNKKAQKSKZYZKI,CN(Cc1cccc(F)c1)c1ccc(CCC(=O)c2ccc3c(c2)[nH]c(=O)n3C)cn1,,7.568636235841013,7.568636235841013,0.97060806
IXJAUXKBINIJGR,Cn1c(=O)[nH]c2cc(C(=O)NCc3ccc(Oc4c(F)cc(F)cc4F)nc3)ccc21,,7.568636235841013,7.568636235841013,0.5029747
QYRQGWONKBJIAF,COC(=O)N1CC(n2nnc(-c3cc(NC(=O)c4cnn5cc(N6CCOCC6)ccc45)c(C)cc3F)n2)C1,,7.568636235841013,7.568636235841013,0.8504174
YFWIRKBFIMIGIH,Cc1nnn(-c2ccc(C)c(NC(=O)c3cnn4ccc(-c5cnn(CCO)c5)cc34)c2)n1,,7.562249437179612,7.562249437179612,0.619536
BZAPEMDIKCCBMH,CCCS(=O)(=O)N1CC(n2nnc(-c3ccc(C)c(NC(=O)c4cnn5ccccc45)c3)n2)C1,,7.54515513999149,7.54515513999149,0.86114746
XODXOTBTFSYCKT,CCn1nnc(-c2ccc(C)c(NC(=O)c3cnn4ccccc34)c2)n1,,7.543633966870957,7.543633966870957,0.9274225
KLXCDNMSXWMLBC,CN(c1ccc(CCC(=O)c2ccc3c(c2)[nH]c(=O)n3C)cn1)C1CC(C)(C)C1,,7.5376020021010435,7.5376020021010435,0.97478354
DJISNXLENNVKTL,COC(=O)N1CC(n2nnc(-c3ccc(C)c(NC(=O)c4cnn5ccc(NCCOC(C)(C)C)cc45)c3)n2)C1,,7.5376020021010435,7.5376020021010435,0.7752428
QASCYYYIZOOEDO,CCN1CCN(c2cc(Nc3ncc(-c4ccncc4)s3)ncn2)CC1,,7.5376020021010435,7.5376020021010435,0.88611144
ZTNAQBKDISDRSI,O=C1Cc2ccc(C(=O)NCc3ccc(Oc4ccccc4F)nc3)cc2N1,,7.5376020021010435,7.5376020021010435,0.10172512
BFSMGBDPVFJILM,C[C@H](c1ccccc1)N(C)c1ccc(CCC(=O)c2ccc3c(c2)[nH]c(=O)n3C)cn1,,7.256077439944282,7.256077439944282,0.6808192
XJRFCAHWZJFMDP,[2H]C([2H])([2H])n1c(=O)[nH]c2cc(C(=O)NCc3ccc(N(C)[C@H]4C[C@@H](C(F)(F)F)C4)nc3)ccc21,,7.490649750666877,7.490649750666877,0.9686401
UAIRQJAPZHRAQL,CN(c1ccc(F)cc1)c1ccc(CNC(=O)c2ccc3c(c2)NC(=O)C3)cn1,,7.5376020021010435,7.5376020021010435,0.08304094
XOJDYVZFGPAUOP,O=C(Nc1cc(-c2nnn(CC34COC(C3)C4)n2)ccc1Cl)c1cnn2ccccc12,,7.528708288941061,7.528708288941061,0.85115117
MRTMOMWYZKSDEJ,COC(=O)N1CC(n2nnc(-c3ccc(C)c(NC(=O)c4cnn5ccc(N[C@@H]6CCOC6)cc45)c3)n2)C1,,7.323376658800731,7.323376658800731,0.6684413
LRZYVOWXELPMBQ,COC(=O)N1CC(n2nnc(-c3ccc(C)c(NC(=O)c4cnn5ccc(OCCO)cc45)c3)n2)C1,,7.528708288941061,7.528708288941061,0.8804322
PIHKTGDJUXUJMJ,COc1cc(Nc2ncc3ccc4ncn(C(C)C)c4c3n2)ncc1N1C2CCC1CNC2,,7.525783735923745,7.525783735923745,0.9383667
IQUXQDALLGPLKX,CN(c1ccc(CNC(=O)c2cc3[nH]c(=O)[nH]c3c(F)c2F)cn1)C1CCC(F)(F)C1,,7.522878745280337,7.522878745280337,0.8690466
DEURZTCEDVIPNQ,CN(c1ccc(CNC(=O)c2cc3c(cc2F)CC(=O)N3)cn1)C1CCC(F)(F)CC1,,7.522878745280337,7.522878745280337,0.0025855901
RNLSGAWMZSIAQH,CCNc1ccn2ncc(C(=O)Nc3cc(-c4nnn(C5CN(C(=O)OC)C5)n4)ccc3C)c2c1,,7.519993057042849,7.519993057042849,0.91937405
HHTKCTLCFBQBEU,COC(=O)N1CC(n2nnc(-c3ccc(C)c(NC(=O)c4cnn5ccc(NCC6CCO6)cc45)c3)n2)C1,,7.515700160653214,7.515700160653214,0.80082214
WKSHYWRILZGKKJ,CN(c1ccc(CCC(=O)c2ccc3c(c2)[nH]c(=O)n3C)cn1)C1CC2(C1)CC2(F)F,,7.508638306165727,7.508638306165727,0.99975914
ZEGCGZPZBVZHES,CN(c1ccc(CCC(=O)c2ccc3c(c2)[nH]c(=O)n3C)cn1)C12CC(C(F)(F)F)(C1)C2,,7.508638306165727,7.508638306165727,0.9998134
UGGTXZIJVQPZJC,Cc1coc(-c2cncc(-c3ccnc(Nc4cc(NC(=O)c5ccc(CN6CCN(C)CC6)cc5)ccc4C)n3)c2)n1,,7.507239610973162,7.507239610973162,0.9922511
CPBOIIRZKOXFLZ,COCCNc1ccn2ncc(C(=O)Nc3cc(-c4nnn(C5CN(C(=O)OC)C5)n4)c(F)cc3C)c2c1,,7.504455662453552,7.504455662453552,0.8789034
VEPOCTYIFBFDRZ,CCOc1cc(Nc2ncc3ccc4ncn(C(C)C)c4c3n2)ncc1N1CCN(C)CC1,,7.501689446210399,7.501689446210399,0.93916523
JNHKXKUUGGQVTB,COC(=O)N1CC(n2nnc(-c3ccc(C)c(NC(=O)c4cnn5ccc(N6CCC(F)(F)CC6)cc45)c3)n2)C1,,7.5003129173815966,7.5003129173815966,0.75792587
ISYSJOVYPDRESI,CN(c1ccc(CCC(=O)c2ccc3c(c2)[nH]c(=O)n3C)cn1)[C@@H]1CCC(F)(F)C1,,7.494850021680094,7.494850021680094,0.9147929
BJYQLWPTBHMZKP,COc1cc(Nc2ncc3ccc4ncn(C(C)C)c4c3n2)ncc1N1CCN(C)CC1,,7.493494967595128,7.493494967595128,0.9515821
LYNDZGSMIOBFBF,COC(=O)N1CC(n2nnc(-c3ccc(C)c(NC(=O)c4cnn5ccc(NC[C@H](C)OC)cc45)c3)n2)C1,,7.489454989793388,7.489454989793388,0.84647655
HYPPWDWGZRSMTQ,Cc1ccc(NC(=O)c2ccc(CN3CCN(C)CC3)cc2)cc1Nc1nccc(-c2cncc(-c3cc(C(N)=O)n[nH]3)c2)n1,,7.489454989793388,7.489454989793388,0.9885824
MHIBULTZLWRJGW,CN(c1ccc(CNC(=O)c2ccc3c(c2)[nH]c(=O)n3C)cn1)[C@H]1CC[C@@H](F)C1,,7.450851231752651,7.450851231752651,0.87805176
YGQVVZVZHZJKIC,CN(c1ccc(CNC(=O)c2ccc3c(c2)[nH]c(=O)n3C)cn1)C1[C@H]2CC(F)(F)C[C@@H]12,,7.481486060122112,7.481486060122112,0.99519473
IRHQZZYCRAKRPK,CN(Cc1ccccc1)c1ccc(CCC(=O)c2ccc3c(c2)[nH]c(=O)n3C)cn1,,7.481486060122112,7.481486060122112,0.9159057
FGAGVPNKOYGOFR,Cn1cc(-c2ccc(CNc3cc(-c4cnc5cc(CCN6CCN(C7COC7)CC6)ccn45)ncn3)cc2)cn1,,7.481486060122112,7.481486060122112,0.886683
HYJRCBISTDJLEM,COC(=O)N1CC(n2nnc(-c3ccc(C)c(NC(=O)c4cnn5ccc(OCCC(C)(C)O)cc45)c3)n2)C1,,7.4723700991286615,7.4723700991286615,0.6240944
NGCXONPGJJOYKY,Cn1c(=O)[nH]c2cc(C(=O)CCc3ccc(N4CCCC4(C)C)nc3)ccc21,,7.468521082957745,7.468521082957745,0.982064
WXFGSAADYZBURD,CN(c1ccc(F)cc1)c1ccc(CNC(=O)c2ccc3c(c2)[nH]c(=O)n3C)cn1,,7.468521082957745,7.468521082957745,0.88300085
PHSQSRYHIQZABC,COCCNc1cc2c(C(=O)Nc3cc(-c4nnn(C5CN(C(=O)OC)C5)n4)ccc3C)cnn2cc1F,,7.464705879957229,7.464705879957229,0.9737101
JXWOVCOTHIDRSA,CNc1ccn2ncc(C(=O)Nc3cc(-c4nnn(C5CN(C(=O)OC)C5)n4)ccc3C)c2c1,,7.462180904926726,7.462180904926726,0.90863174
HGKPTSOEICACFO,COCCNc1ccn2ncc(C(=O)Nc3cc(-c4nnn(C)n4)ccc3C)c2c1,,7.462180904926726,7.462180904926726,0.7041992
GTHFOWZALZGUFK,CCNc1ccn2ncc(C(=O)Nc3cc(-c4nnn(C5CN(C(=O)OCC)C5)n4)ccc3C)c2c1,,7.459670525209126,7.459670525209126,0.93397
DLWAQPHAJRBEFH,CN(c1cnc(CNC(=O)c2cc3[nH]c(=O)[nH]c3cc2F)cn1)C1CCC(F)(F)C1,,7.455931955649724,7.455931955649724,0.97598946
WHOAEOPGWXUEFS,CN(c1ccc(CNC(=O)c2cc(F)c3[nH]c(=O)[nH]c3c2)cn1)C1CCC(F)(F)CC1,,7.455931955649724,7.455931955649724,0.9868528
FRPOVPRMZQHSIA,Cn1c(=O)[nH]c2cc(C(=O)NCc3ccc(Oc4ccc(Cl)cc4F)nc3)ccc21,,7.455931955649724,7.455931955649724,0.8667512
GQHXATBOKJUJLD,CN(c1ccc(CNC(=O)c2ccc3c(c2)[nH]c(=O)n3C)cn1)C1CC(F)(F)C1,,7.33889035263304,7.33889035263304,0.97289497
NWQSTONIFJKDLV,COc1cc2ncc(-c3ccc(CC(=O)Nc4cc(C(C)(C)C(F)(F)F)on4)c(F)c3)cc2cc1OCCN1CCC(F)(F)CC1,,7.455931955649724,7.455931955649724,0.9083282
HVFGCYGQVSQNCU,Cc1ccc(-c2nnn(C3CN(S(C)(=O)=O)C3)n2)cc1NC(=O)c1cnn2ccccc12,,7.450996737974212,7.450996737974212,0.8616666
XTMAOMJIHSRNNI,Cn1c(=O)[nH]c2cc(C(=O)NCc3ccc(Oc4cc(F)ccc4F)nc3)ccc21,,7.443697499232712,7.443697499232712,0.9337858
RFTGXPCJGHQRNY,Cc1ccc(N(C)c2ccc(CNC(=O)c3ccc4c(c3)[nH]c(=O)n4C)cn2)cn1,,7.431798275933005,7.431798275933005,0.9295538
BRRADBXWRXNBMS,CN(c1ccc(CNC(=O)c2ccc3[nH]c(=O)[nH]c3c2)cn1)C1CCC(F)(F)CC1,,7.431798275933005,7.431798275933005,0.73028535
IQGUXUKGFALTQI,C[C@H](NC(=O)c1ccc2c(c1)[nH]c(=O)n2C)c1ccc(Oc2cccc(F)c2F)nc1,,7.267085592321282,7.267085592321282,0.9083381
ZWWAORYYDRNKPA,Cc1ccc(NC(=O)c2ccc(CN3CCN(C)CC3)cc2)cc1Nc1nccc(-c2cncc(-c3cnns3)c2)n1,,7.431798275933005,7.431798275933005,0.9843444
WTSLOSRWGPCQFV,COC(=O)N1CC(n2nnc(-c3ccc(C)c(NC(=O)c4cnn5ccc(NCC(C)(C)OC)cc45)c3)n2)C1,,7.430626090384954,7.430626090384954,0.8261721
LMXOEVOJQAIVDI,Cc1cc(C2CC2)c(-c2nnn(C3CC(F)(F)C3)n2)cc1NC(=O)c1cnn2ccc(N3CCOCC3)cc12,,7.423658649794207,7.423658649794207,0.513622
IFPJKSFTOFHUPS,Cn1c(=O)[nH]c2cc(C(=O)NCc3cnc4c(ccn4-c4ccccc4)c3)ccc21,,7.42021640338319,7.42021640338319,0.2557652
KDRHXSUEIIURLW,COC(=O)N1CC(n2nnc(-c3ccc(C)c(NC(=O)c4cnn5ccc(N6CCN(C)CC6)cc45)c3)n2)C1,,7.30171203941605,7.30171203941605,0.7929688
HPDBTIDAOXBHGG,CCOC(=O)N1CC(n2nnc(-c3ccc(C)c(NC(=O)c4cnn5ccc(NCCOC)cc45)c3)n2)C1,,7.413412695328245,7.413412695328245,0.90576965
JZCWLJDSIRUGIN,CNCc1ccc(-c2cc(-c3nc(-c4ccc(S(=O)(=O)C(C)C)cc4)cnc3N)on2)cc1,,7.4089353929735005,7.4089353929735005,0.007985845
QIFNKCVEBXCRNO,Cn1c(=O)[nH]c2cc(C(=O)NCc3ccc(Oc4c(F)cccc4F)nc3)ccc21,,7.4089353929735005,7.4089353929735005,0.8120973
MJAWAIFWYTYVBI,C[C@H](NC(=O)c1ccc2c(c1)[nH]c(=O)n2C)c1ccc(N(C)c2ccc(F)cc2)nc1,,7.3979400086720375,7.3979400086720375,0.8874822
PXTWPLLLUDFCSD,C[C@H](NC(=O)c1ccc2c(c1)[nH]c(=O)n2C)c1ccc(Oc2ccc(F)c(F)c2)nc1,,7.037860356969059,7.037860356969059,0.9556398
OHVSVHRIOFJMFO,CN(c1ccc2c(c1)COC2)c1ccc(CNC(=O)c2ccc3c(c2)[nH]c(=O)n3C)cn1,,7.3979400086720375,7.3979400086720375,0.013811203
QAMUWRFOZKONDU,Cc1nc(Nc2ncc(C(=O)Nc3c(Cl)ccnc3C)s2)cc(N2CCN(CCO)CC2)n1,,7.393618634889395,7.393618634889395,0.99480563
UDWKUYDDWUSNKO,COC(=O)N1CC(n2nnc(-c3ccc(C)c(NC(=O)c4cnn5ccccc45)c3)n2)C1,,7.384049948343599,7.384049948343599,0.86462754
VBYZHDWTNHYDCL,COC(=O)N1CC(n2nnc(-c3ccc(C)c(NC(=O)c4cnn5ccc(N6CCC[C@@H](O)C6)cc45)c3)n2)C1,,7.327906074145894,7.327906074145894,0.764193
VJOIBPWBZYVEKF,CN(CC1CC(F)(F)C1)c1ccc(CCC(=O)c2ccc3c(c2)[nH]c(=O)n3C)cn1,,7.376750709602099,7.376750709602099,0.9012348
AMNOVWNHGOJMNT,Cn1c(=O)[nH]c2cc(C(=O)NCc3ccc(OC4CC(C(F)(F)F)C4)nc3)ccc21,,7.376750709602099,7.376750709602099,0.9638746
RWBHIRJZRZYGGB,CN(c1ccc(CNC(=O)c2ccc3c(c2)[nH]c(=O)n3C)cn1)C1CCC(F)(F)CC1,,7.376750709602099,7.376750709602099,0.9248336
GQPWCSXSDYPGMT,CN(C)CCCOc1ccn2c(-c3cc(NCc4ccc(-c5cnn(C)c5)cc4)ncn3)cnc2c1,,7.366531544420414,7.366531544420414,0.36333308
GBKFFWGQGYBQSB,COC(=O)N1CC(c2nnn(-c3ccc(C)c(NC(=O)c4cnn5ccc(N6CCN(C)CC6)cc45)c3)n2)C1,,7.36251027048749,7.36251027048749,0.81037486
GTDNHSQSYYOFNC,CN(c1ccc(CCC(=O)c2ccc3c(c2)[nH]c(=O)n3C)cn1)C1Cc2ccccc2C1,,7.346787486224656,7.346787486224656,0.9817848
PEGASGCMMKLNID,Cc1ccc(-c2nnn(C3CN(S(=O)(=O)C4COC4)C3)n2)cc1NC(=O)c1cnn2ccccc12,,7.342944147142896,7.342944147142896,0.7863284
UYDMDSBIXKYMQD,COc1cc(Nc2ncc3ccc4nc(C)n(C(C)C)c4c3n2)ncc1N1CCOCC1,,7.337242168318426,7.337242168318426,0.897813
PRTNPQOVYRTIBA,COCCOc1ccn2c(-c3cc(NCc4ccc(-c5cnn(C)n5)cc4)ncn3)cnc2c1,,7.337242168318426,7.337242168318426,0.4056495
CNFIHAACKSUTEZ,COC(=O)N1CC(n2nnc(-c3ccc(C)c(NC(=O)c4cnn5ccc(N6CCN(CC(F)F)CC6)cc45)c3)n2)C1,,7.33161408331,7.33161408331,0.78606665
QDAPGFLTXIJJPR,CN(c1ccc(CNC(=O)c2ccc3c(c2)[nH]c(=O)n3C)cn1)[C@H]1C[C@@H]1C(F)(F)F,,7.327902142064283,7.327902142064283,0.97207177
MDJCWIIMQFQPIA,Cc1nc(Nc2ncc(-c3ccncc3)s2)cc(N2CCN(CCF)CC2)n1,,7.327902142064283,7.327902142064283,0.92902297
MJUOSFZKBYWVCP,Cc1ccc(NC(=O)c2ccc(CN3CCN(C)CC3)cc2)cc1Nc1nccc(-c2cncc(-c3nc(C(N)=O)co3)c2)n1,,7.326979092871103,7.326979092871103,0.98081964
LBVWLTCPZCDDSS,COC[C@@H](C)Nc1ccn2ncc(C(=O)Nc3cc(-c4nnn(C5CN(C(=O)OC)C5)n4)ccc3C)c2c1,,7.296719691329763,7.296719691329763,0.7646074
TVXZUKDIPPWEJW,COC(=O)N1CC(n2nnc(-c3ccc(C)c(NC(=O)c4cnn5ccc(N6CC7(COC7)C6)cc45)c3)n2)C1,,7.320572103387881,7.320572103387881,0.87278026
NYQYCVBEFNRWQG,Cc1ccc(-c2nnn(C3CN(S(=O)(=O)CCOCC(F)F)C3)n2)cc1NC(=O)c1cnn2ccccc12,,7.319664486585437,7.319664486585437,0.8248907
KDGWAODTSNCSHV,CN(c1ncc(CCC(=O)c2ccc3c(c2)[nH]c(=O)n3C)s1)C1CCC(F)(F)CC1,,7.318758762624412,7.318758762624412,0.5503874
OQYDRPGMKPTPKK,COC(=O)N1CC(n2nnc(-c3ccc(C)c(NC(=O)c4cnn5ccc(NCC(F)F)cc45)c3)n2)C1,,7.309803919971486,7.309803919971486,0.86818135
UIIJBHBXLJPGSH,Cc1nc(Nc2ncc(-c3ccncc3)s2)cc(OCCN2CCOCC2)n1,,7.309803919971486,7.309803919971486,0.8229046
YUFNNCBNQOTZPZ,Cc1nc(Nc2ncc(-c3ccncc3)s2)cc(N2CCN(CCO)CC2)n1,,7.309803919971486,7.309803919971486,0.9385923
UGOVCXYPABJXDD,CCOC(=O)c1nc2cc(OC)c(OC)cc2nc1-c1ccc(CC(=O)Nc2cc(C3(C(F)(F)F)CC3)on2)c(F)c1,,,7.301029995663981,0.99906987
UAOJLCQTDSNPAI,COc1cc2nc(C(=O)O)c(-c3ccc(CC(=O)Nc4cc(C5(C(F)(F)F)CC5)on4)c(F)c3)nc2cc1OC,,,7.301029995663981,0.99688977
AZETWECUNRIZPN,COc1cc2nc(C(N)=O)c(-c3ccc(CC(=O)Nc4cc(C5(C(F)(F)F)CC5)on4)c(F)c3)nc2cc1OC,,,7.301029995663981,0.99640155
QTGOLZICKXGSHD,COc1cc2ncc(-c3ccc(CC(=O)Nc4cc(C(C)(C)C(F)(F)F)on4)c(F)c3)c(OC)c2cc1OC,,,7.301029995663981,0.94204783
RMYLMAZSOLRVPQ,COc1cc2ncc(-c3ccc(CC(=O)Nc4cc(C5(C(F)(F)F)CC5)nn4C(C)(C)C)c(F)c3)nc2cc1OC,,,7.301029995663981,0.99899
JVGPVUZTOZEYKE,Cn1c(=O)[nH]c2cc(C(=O)NCc3ccc(Oc4cccc(F)c4F)nc3)ccc21,,7.301029995663981,7.301029995663981,0.8269305
LFUIOVALNWKDQG,C[C@@H]1CCCN1c1ccc(CCC(=O)c2ccc3c(c2)[nH]c(=O)n3C)cn1,,7.301029995663981,7.301029995663981,0.95368224
YNRDCCUMKWEXHJ,COc1cc2nc(-c3ccc(CC(=O)Nc4cc(C5(C(F)(F)F)CC5)on4)c(F)c3)cnc2cc1OCc1ccccc1,,,7.301029995663981,0.9987344
ATHXQVLBJMAAHA,COc1cc2ncc(-c3ccc(CC(=O)Nc4cc(C5(C(F)(F)F)CC5)on4)c(F)c3)nc2cc1OCc1ccccc1,,,7.301029995663981,0.99875104
ZPWYUEXGDSEODL,COC(=O)N1CC(n2nnc(-c3ccc(C)c(NC(=O)c4cnn5ccc(N6CCOCC6)cc45)c3)n2)C1,,7.300162274132754,7.300162274132754,0.7809837
CLFLBLVCEWFZQY,COC(=O)N1CC(c2cnn(-c3ccc(C)c(NC(=O)c4cnn5ccc(N6CCN(C7COC7)CC6)cc45)c3)n2)C1,,7.297569463554475,7.297569463554475,0.32787246
GLSQQMHSMSMKEH,Cc1cc(C)c(-c2nnn(CC34COC(C3)C4)n2)cc1NC(=O)c1cnn2ccccc12,,7.293282217663242,7.293282217663242,0.8411866
BRPXZTOXVRNFJY,COC(=O)N1CC(n2nnc(-c3ccc(C)c(NC(=O)c4cnn5ccc(N6CCO[C@@H](CO)C6)cc45)c3)n2)C1,,7.252910871572413,7.252910871572413,0.7436931
KCTQSGCMWXRJNP,CN(c1ccc(CNC(=O)c2ccc3c(c2)[nH]c(=O)n3C)cn1)C1CCCC(O)C1,,7.292429823902063,7.292429823902063,0.92367405
AEHPZUYBSFZWKN,O=C(Nc1cc(-c2nnn(C3CC(F)(F)C3)n2)c(C2CC2)cc1Cl)c1cnn2ccc(N3CCOCC3)cc12,,7.278189384787454,7.278189384787454,0.45595515
FQAZUHLLHRUPJI,Cn1c(=O)[nH]c2cc(C(=O)CCc3cnc4c(ccn4-c4ccccc4F)c3)ccc21,,7.275724130399211,7.275724130399211,0.44488323
OBKKKFRNSUCKLP,Cc1nc(Nc2ncc(-c3ccncc3)s2)cc(N2CCC(N(C)C)CC2)n1,,7.275724130399211,7.275724130399211,0.946193
PQVSUVLFLVTQMW,Cc1nc(-c2ccc(CNc3cc(-c4cnc5cc(OCCN6CCC(=O)N(C)CC6)ccn45)ncn3)cc2)co1,,7.267606240177032,7.267606240177032,0.96002674
MTDJGYWCNQTZLJ,O=c1c2cc(-c3ccnc4ccccc34)ccc2ncn1-c1ccc(N2CCOCC2)cc1,,7.267606240177032,7.267606240177032,0.29897925
NLLUPUAYUZNJOZ,CC(CC(=O)c1ccc2c(c1)[nH]c(=O)n2C)c1cnc(N(C)C2CCC(F)(F)CC2)cn1,,7.267606240177032,7.267606240177032,0.5156646
MPIPWPOZNIOYCM,Cn1c(=O)[nH]c2cc(C(=O)CCc3cnc4c(c3)CCN4c3c(F)cccc3F)ccc21,,7.259637310505756,7.259637310505756,0.10047124
YTBFINRVUGMJRJ,COCCOc1cc(F)c2c(Nc3ccc(NC(=O)CCC(C)(C)OC)cc3)ncnc2c1,,7.259637310505756,7.259637310505756,0.43135464
GTULMRQKWNVVRN,COCCOc1cc(F)c2c(Nc3ccc(NC(=O)CC(=O)NCC(C)(C)OC)cc3)ncnc2c1,,7.259637310505756,7.259637310505756,0.9443979
IQCFYOPHPNOUFE,COCCOc1cc(F)c2c(Nc3ccc(NC(=O)CC(=O)NCC(C)(C)C)cc3)ncnc2c1,,7.259637310505756,7.259637310505756,0.8967404
HLVAMFPXASZUDR,COCCOc1cc(F)c2c(Nc3ccc(NC(=O)CCC(C)(C)C)cc3)ncnc2c1,,7.259637310505756,7.259637310505756,0.25742117
DCQFQFHDSJZAOO,COCCOc1cc(F)c2c(Nc3ccc(NC(=O)NCC4CCOCC4)cc3)ncnc2c1,,7.259637310505756,7.259637310505756,0.700852
CEBHHWJWOZXKRP,COCCOc1cc(F)c2c(Nc3ccc(NC(=O)NC4CCOCC4)cc3)ncnc2c1,,7.259637310505756,7.259637310505756,0.8933367
KHUQSULWOPLMDX,COCCOc1cc(F)c2c(Nc3ccc(NC(=O)N[C@@H]4CCOC4)cc3)ncnc2c1,,7.259637310505756,7.259637310505756,0.9175222
FWDDXIGRZOXSKW,COCCOc1cc(F)c2c(Nc3ccc(NC(=O)NCC4COC4)cc3)ncnc2c1,,7.259637310505756,7.259637310505756,0.7535067
IMPCEXWKZAWCJG,COCCOc1cc(F)c2c(Nc3ccc(NC(=O)OCCC(C)(C)F)cc3)ncnc2c1,,7.259637310505756,7.259637310505756,0.62420684
FCRXVJGYVHGXKY,COCCOc1cc(F)c2c(Nc3ccc(NC(=O)NCCN4CCCC4=O)cc3)ncnc2c1,,7.259637310505756,7.259637310505756,0.83600926
FVSXSCHHBGUQNO,COCCOc1cc(F)c2c(Nc3ccc(NC(=O)CC(=O)N(C)CC(C)(C)C)cc3)ncnc2c1,,7.259637310505756,7.259637310505756,0.9008825
BURABLGCVVVWIM,COCCOc1cc(F)c2c(Nc3ccc(NC(=O)NCCC4CCOCC4)cc3)ncnc2c1,,7.259637310505756,7.259637310505756,0.62888914
NQFXUSPKPAULJF,COCCOc1cc(F)c2c(Nc3ccc(NC(=O)C(F)(F)C(=O)NCC(C)(C)C)cc3)ncnc2c1,,7.259637310505756,7.259637310505756,0.089276135
JPIXBWZXLTXITK,COCCOc1cc(F)c2c(Nc3ccc(NC(=O)CCC4CCOCC4)cc3)ncnc2c1,,7.259637310505756,7.259637310505756,0.337153
MWVJQRMZVRLWST,COCCOc1cc(F)c2c(Nc3ccc(NC(=O)COCC4CCOC4)cc3)ncnc2c1,,7.259637310505756,7.259637310505756,0.76119787
PFPJEAHNYLTPNN,COCCOc1cc(F)c2c(Nc3ccc(NC(=O)COCC4CCCO4)cc3)ncnc2c1,,7.259637310505756,7.259637310505756,0.8053011
VIJBGQZHNRDRRK,COC(C)(C)CCNC(=O)Nc1ccc(Nc2ncnc3cc(OCCN4CCOCC4)cc(F)c23)cc1,,7.259637310505756,7.259637310505756,0.58373594
UROKTNHMOZAMLA,COCCOc1cc(F)c2c(Nc3ccc(NC(=O)NCCOC(C)(C)C)cc3)ncnc2c1,,7.259637310505756,7.259637310505756,0.5283144
NDEPKEHXJQSXBA,COCCOc1cc(F)c2c(Nc3ccc(NC(=O)NC4CCC(F)(F)CC4)cc3)ncnc2c1,,7.259637310505756,7.259637310505756,0.8991154
HHXHGXGMRLYEJI,COCCOc1cc(F)c2c(Nc3ccc(NC(=O)C4(C(=O)NCC(C)(C)C)CC4)cc3)ncnc2c1,,7.259637310505756,7.259637310505756,0.7754106
HCTRXIUUVUZTSX,COCCOc1cc(F)c2c(Nc3ccc(NC(=O)CCC(=O)NC(C)C)cc3)ncnc2c1,,7.259637310505756,7.259637310505756,0.4844482
SQSZUMFOYMHNEQ,COCCOc1cc(F)c2c(Nc3ccc(NC(=O)CC(=O)NCC(C)(C)COC)cc3)ncnc2c1,,7.259637310505756,7.259637310505756,0.91320103
PCTILUOUIJXXLR,COCCOc1cc(F)c2c(Nc3ccc(NC(=O)CC(=O)NCC(C)C)cc3)ncnc2c1,,7.259637310505756,7.259637310505756,0.9661447
MLGXUENKIUOYPW,COCCOc1cc(F)c2c(Nc3ccc(NC(=O)CC(=O)NCC(C)(C)F)cc3)ncnc2c1,,7.259637310505756,7.259637310505756,0.8652797
XKMFQAQYTHEOCH,COCCOc1cc(F)c2c(Nc3ccc(NC(=O)CC(=O)NCC(C)(C)C(F)(F)F)cc3)ncnc2c1,,7.259637310505756,7.259637310505756,0.90004873
AJUYVLAOYPGDJR,COCCOc1cc(F)c2c(Nc3ccc(NC(=O)C4(C(=O)NCC(C)C)CC4)cc3)ncnc2c1,,7.259637310505756,7.259637310505756,0.9405445
KSZCOHHGWUQGHI,COCCOc1cc(F)c2c(Nc3ccc(NC(=O)NCCC(C)(C)F)c(F)c3)ncnc2c1,,7.259637310505756,7.259637310505756,0.74436605
ZKXZFRFLBBXMKI,COCCOc1cc(F)c2c(Nc3ccc(NC(=O)CCC(=O)N(C)C(C)C)cc3)ncnc2c1,,7.259637310505756,7.259637310505756,0.600861
OQGREQBPCXYZGU,COCCOc1cc(F)c2c(Nc3ccc(NC(=O)CN(C)C(=O)C(C)C)cc3)ncnc2c1,,7.259637310505756,7.259637310505756,0.8864333
OQJQVGNOPOLMSH,COCCOc1cc(F)c2c(Nc3ccc(NC(=O)CC(=O)NCC4CC4)cc3)ncnc2c1,,7.259637310505756,7.259637310505756,0.9552204
POOBYSKQFRMPHX,COCCOc1cc(F)c2c(Nc3ccc(NC(=O)CNC(=O)CC(C)C)cc3)ncnc2c1,,7.259637310505756,7.259637310505756,0.72497994
TZXBOSBHJLWEQP,COCCOc1cc(F)c2c(Nc3ccc(NC(=O)CC(=O)NCC4CCCC4)cc3)ncnc2c1,,7.259637310505756,7.259637310505756,0.9482397
ZMZFRXUCIDRRFQ,COCCOc1cc(F)c2c(Nc3ccc(NC(=O)CN(C)C(=O)CC(C)C)cc3)ncnc2c1,,7.259637310505756,7.259637310505756,0.9247452
YWYRJKVXVOETPP,COCCOc1cc(F)c2c(Nc3ccc(NC(=O)C4(C(=O)NCCC(C)(C)F)CC4)cc3)ncnc2c1,,7.259637310505756,7.259637310505756,0.7248221
HUXWRFDTUGFJCI,COCCOc1cc(F)c2c(Nc3ccc(NC(=O)CC(=O)N(C)C(C)C)cc3)ncnc2c1,,7.259637310505756,7.259637310505756,0.9572628
MCBYZHVLYFVUCF,COCCOc1cc(F)c2c(Nc3ccc(NC(=O)CC(=O)NCCC(C)(C)F)cc3)ncnc2c1,,7.259637310505756,7.259637310505756,0.8609715
FCDUSTSJIIQGRY,COCCOc1cc(F)c2c(Nc3ccc(NC(=O)CC(=O)NC4CC(F)(F)C4)cc3)ncnc2c1,,7.259637310505756,7.259637310505756,0.9698388
NRZQFQCRVCYZAV,COCCOc1cc(F)c2c(Nc3ccc(NC(=O)CC(=O)NC4CC(C)(C)C4)cc3)ncnc2c1,,7.259637310505756,7.259637310505756,0.96968853
WUSSOOHIJIWLNA,COCCOc1cc(F)c2c(Nc3ccc(NC(=O)CC(=O)NCC4CC(F)(F)C4)cc3)ncnc2c1,,7.259637310505756,7.259637310505756,0.9580422
MFQCMBMUYWWCRM,COCCOc1cc(F)c2c(Nc3ccc(NC(=O)C(=O)NCCC(C)(C)C)cc3)ncnc2c1,,7.259637310505756,7.259637310505756,0.67392874
ATVWSJXFMMPXJZ,COCCOc1cc(F)c2c(Nc3ccc(NC(=O)CC(=O)NC(C)(C)C)cc3)ncnc2c1,,7.259637310505756,7.259637310505756,0.885468
USEITFKTAAYOPJ,COCCOc1cc(F)c2c(Nc3ccc(NC(=O)CC(=O)NCC(F)(F)F)cc3)ncnc2c1,,7.259637310505756,7.259637310505756,0.95674795
QSLSXFNIEOCNDY,COCCOc1cc(F)c2c(Nc3ccc(NC(=O)N4CCC(C(C)(C)C)C4)cc3)ncnc2c1,,7.259637310505756,7.259637310505756,0.9539702
RETZHWPTUSCIBC,COCCOc1cc(F)c2c(Nc3ccc(NC(=O)CC(=O)NCCC(C)C)cc3)ncnc2c1,,7.259637310505756,7.259637310505756,0.96762365
SMERNIDRUBHRFH,COCCOc1cc(F)c2c(Nc3ccc(NC(=O)CNC(=O)C(C)(C)C)cc3)ncnc2c1,,7.259637310505756,7.259637310505756,0.5277657
YWYKWOHKTBIWFD,COCCOc1cc(F)c2c(Nc3ccc(NC(=O)CNC(=O)CC(C)(C)C)cc3)ncnc2c1,,7.259637310505756,7.259637310505756,0.36966166
BUQCRDSYFWLKLN,COCCOc1cc(F)c2c(Nc3ccc(NC(=O)CC(=O)NC(C)C)cc3)ncnc2c1,,7.259637310505756,7.259637310505756,0.9633917
MOSSMQRBYBYBQS,COCCOc1cc(F)c2c(Nc3ccc(NC(=O)CC(=O)NCC4(C#N)CC4)cc3)ncnc2c1,,7.259637310505756,7.259637310505756,0.96042174
GLJARYHXDWMHSJ,COCCOc1cc(F)c2c(Nc3ccc(NC(=O)CC(=O)NCC4(C)CCOCC4)cc3)ncnc2c1,,7.259637310505756,7.259637310505756,0.9562652
FDEDFLYEOISFBO,O=C(CC(=O)Nc1ccc(Nc2ncnc3cc(OCCN4CCOCC4)cc(F)c23)cc1)NCCC1CCOCC1,,7.259637310505756,7.259637310505756,0.827244
VKWRXNSUKPBCCT,COCCOc1cc(F)c2c(Nc3ccc(NC(=O)CC(=O)NCC4(C)CCCO4)cc3)ncnc2c1,,7.259637310505756,7.259637310505756,0.9771221
JOTHKSIXILVXCF,COCCOc1cc(F)c2c(Nc3ccc(NC(=O)CC(=O)NCCC(C)(C)OC)cc3)ncnc2c1,,7.259637310505756,7.259637310505756,0.93922013
WMAQHPDDBHCRGS,CN(C)C(=O)COc1cc(F)c2c(Nc3ccc(NC(=O)NCCC(C)(C)F)cc3)ncnc2c1,,7.259637310505756,7.259637310505756,0.3381112
HHBBBBDJQLYBDU,CC(C)(C)CNC(=O)CC(=O)Nc1ccc(Nc2ncnc3cc(OCCN4CCOCC4)cc(F)c23)cc1,,7.259637310505756,7.259637310505756,0.79862213
RMQWOJIOZYFBOA,CNC(=O)COc1cc(F)c2c(Nc3ccc(NC(=O)NCCC(C)(C)F)cc3)ncnc2c1,,7.259637310505756,7.259637310505756,0.2627042
DVPSLWZXFAWXBK,COCCOc1cc(F)c2c(Nc3ccc(NC(=O)CC(=O)N4CCC(C(F)(F)F)C4)cc3)ncnc2c1,,7.259637310505756,7.259637310505756,0.95282173
BZFLUFZCECEUCD,COCCOc1cc(F)c2c(Nc3ccc(NC(=O)CC(=O)N4CCC(C)(C)CC4)cc3)ncnc2c1,,7.259637310505756,7.259637310505756,0.9648151
VLOMOQFXOIEHDU,COCCOc1cc(F)c2c(Nc3ccc(NC(=O)CC(=O)N4CCOCC4(C)C)cc3)ncnc2c1,,7.259637310505756,7.259637310505756,0.89588857
UVXGFVOXDUFJJQ,COc1ccc(-c2cc3c(N4CCN(c5ccccc5)CC4)ncnn3c2)cc1OC,,7.259637310505756,7.259637310505756,0.91646886
RLLWIGOKHOWOFP,COCCOc1cc(F)c2c(Nc3ccc(NC(=O)CC(=O)NCC4(C)COC4)cc3)ncnc2c1,,7.259637310505756,7.259637310505756,0.9718674
OFHFMDRWBUMSFD,COc1cccc(-c2cc3c(N4CCN(c5ccccc5)CC4)ncnn3c2)c1,,7.259637310505756,7.259637310505756,0.9228175
QWWTZMMYKOQFII,COCCOc1cc(F)c2c(Nc3ccc(NC(=O)CC(=O)NC4(C(F)(F)F)CC4)cc3)ncnc2c1,,7.259637310505756,7.259637310505756,0.9911759
DKJGZCLISLPKRC,COCCOc1cc(F)c2c(Nc3ccc(NC(=O)CC(=O)NC4(C(C)C)CC4)cc3)ncnc2c1,,7.259637310505756,7.259637310505756,0.9921348
HJDNUIKVSSZGRL,COCCOc1cc(F)c2c(Nc3ccc(NC(=O)CC(=O)NC(C)(C)C4CC4)cc3)ncnc2c1,,7.259637310505756,7.259637310505756,0.96411806
AKRFFGREXHZSPB,COCCOc1cc(F)c2c(Nc3ccc(NC(=O)CC(=O)NC(C)(C)C(F)(F)F)cc3)ncnc2c1,,7.259637310505756,7.259637310505756,0.90398663
MMVHBKNDUIRBQI,COCCOc1cc(F)c2c(Nc3ccc(NC(=O)CC(=O)N4CCC(C)(C)C4)cc3)ncnc2c1,,7.259637310505756,7.259637310505756,0.97531885
OUOCDZMPRMDWDQ,COCCOc1cc(F)c2c(Nc3ccc(NC(=O)CC(=O)N4CCCC4(C)C)cc3)ncnc2c1,,7.259637310505756,7.259637310505756,0.96457434
OROFUIZGPRBASR,COCCOc1cc(F)c2c(Nc3ccc(NC(=O)CC(=O)N(C)C(C)(C)C)cc3)ncnc2c1,,7.259637310505756,7.259637310505756,0.9479402
GACUEGGEGWLBAH,COCCOc1cc(F)c2c(Nc3ccc(NC(=O)CC(=O)N4CCCCC4(C)C)cc3)ncnc2c1,,7.259637310505756,7.259637310505756,0.96199656
ACLTZBXTJRAXHV,COCCOc1cc(F)c2c(Nc3ccc(NC(=O)NC(=O)CC4(C(F)(F)F)COC4)cc3)ncnc2c1,,7.259637310505756,7.259637310505756,0.99177504
SUQXBXPBNZDUJF,COCCOc1cc(F)c2c(Nc3ccc(NC(=O)CC(=O)NCC4CC(C)(C)C4)cc3)ncnc2c1,,7.259637310505756,7.259637310505756,0.95431745
DTNGEHTZVYUSQT,COCCOc1cc(F)c2c(Nc3ccc(NC(=O)CC(=O)N4CC(C)(C)C4)cc3)ncnc2c1,,7.259637310505756,7.259637310505756,0.9807766
LIHAZZQPSAEUOH,COCCOc1cc(OC)c2c(Nc3ccc(NC(=O)NCCC(C)(C)C#N)cc3)ncnc2c1,,7.259637310505756,7.259637310505756,0.40478048
MUTDSMFDBHESKX,COc1ccc(-c2cc3c(N4CCN(c5ncc(Cc6ccccc6)cn5)CC4)ncnn3c2)cc1,,7.259637310505756,7.259637310505756,0.98292345
MGTUYHZWVGTGGI,Cn1cc(-c2cc3c(N4CCN(c5ncc(Oc6ccc(F)cc6)cn5)CC4)ncnn3c2)cn1,,7.259637310505756,7.259637310505756,0.9979938
CVFAXZYFQHOKHZ,CCN(CC)C(=O)CC(=O)Nc1ccc(Nc2ncnc3cc(OCCOC)cc(F)c23)cc1,,7.259637310505756,7.259637310505756,0.9618459
XGEVZFKGDLNNMM,COCCOc1cc(OC)c2c(Nc3ccc(NC(=O)CC(=O)NC4CCC4)cc3)ncnc2c1,,7.259637310505756,7.259637310505756,0.9558655
UIVJZPQQNLXAPE,COCCOc1cc(OC)c2c(Nc3ccc(NC(=O)CC(=O)NC(C)(C)C)cc3)ncnc2c1,,7.259637310505756,7.259637310505756,0.84766394
AEVYLVCYZMJXCP,COCCOc1cc(OC)c2c(Nc3ccc(NC(=O)CC(=O)NC4CCCC4)cc3)ncnc2c1,,7.259637310505756,7.259637310505756,0.9544473
GRMRDMBTWYVFNZ,COCCCc1ccc2c(Nc3ccc(NC(=O)NCCC(C)(C)F)cc3)cnnc2c1,,7.259637310505756,7.259637310505756,0.26687092
QPJNIYMANPAWIC,COCCOc1cc(F)c2c(Nc3ccc(NC(=O)CC(=O)N4CCCC4C(C)(C)C)cc3)ncnc2c1,,7.259637310505756,7.259637310505756,0.9712648
YPKMFIDUYWLIAW,COCCOc1cc(OC)c2c(Nc3ccc(NC(=O)CC(=O)N(C)C(C)(C)C)cc3)ncnc2c1,,7.259637310505756,7.259637310505756,0.91791946
VNDIKIADNHINGU,COCCOc1cc(F)c2c(Nc3ccc(NC(=O)CC(=O)N4CC[C@H](C)C4)cc3)ncnc2c1,,7.259637310505756,7.259637310505756,0.9671071
PVOURYZPHOBFDN,COCCOc1cc(F)c2c(Nc3ccc(NC(=O)CC(=O)N4C5CCC4CC5)cc3)ncnc2c1,,7.259637310505756,7.259637310505756,0.97316676
JLSQEUXOVIWUHV,COCCOc1cc(F)c2c(Nc3ccc(NC(=O)CC(=O)N4CCCC(F)(F)C4)cc3)ncnc2c1,,7.259637310505756,7.259637310505756,0.9686205
QXMYPINITYZHQO,COCCOc1cc(F)c2c(Nc3ccc(NC(=O)CC(=O)N4CCC(F)(F)CC4)cc3)ncnc2c1,,7.259637310505756,7.259637310505756,0.9571039
HWJKLUYXXOLTSU,COCCOc1cc(F)c2c(Nc3ccc(NC(=O)CC(=O)N4CCC4(C)C)cc3)ncnc2c1,,7.259637310505756,7.259637310505756,0.97062165
YZZAISKEWSQLFE,COCCOc1cc(F)c2c(Nc3ccc(NC(=O)CC(=O)N4CCCC(C)(C)C4)cc3)ncnc2c1,,7.259637310505756,7.259637310505756,0.97181827
RXHGIMACYSVWSP,C=C(c1ccc(F)cc1)c1cnc(N2CCN(c3ncnn4cc(-c5cnn(C)c5)cc34)CC2)nc1,,7.259637310505756,7.259637310505756,0.86751777
GLEVJBCCGMFYOG,COCCOc1cc(F)c2c(Nc3ccc(NC(=O)CC(=O)N4CCCC4C(F)(F)F)cc3)ncnc2c1,,7.259637310505756,7.259637310505756,0.96098566
HKIXRZWKNJRYHY,COCCOc1cc(F)c2c(Nc3ccc(NC(=O)CC(=O)NC4CCC4(C)C)cc3)ncnc2c1,,7.259637310505756,7.259637310505756,0.9823041
QEPKCIMATVHIBV,COCCOc1cc(F)c2c(Nc3ccc(NC(=O)CC(=O)N4CCCC[C@H]4C(F)(F)F)cc3)ncnc2c1,,7.259637310505756,7.259637310505756,0.9591308
UQLCZQYMSDDMJU,COCCOc1ccc2ncnc(Nc3ccc(NC(=O)NCCC(C)(C)C#N)cc3)c2c1F,,7.259637310505756,7.259637310505756,0.4504898
SIPNIQZVAPDFKN,COC(C)(C)CCNC(=O)Nc1ccc(Nc2ncnc3ccc(OCCO)c(F)c23)cc1,,7.259637310505756,7.259637310505756,0.631325
WNFJNPVALINKGM,COc1cc(F)c2c(Nc3ccc(NC(=O)NCCC(C)(C)C#N)cc3)ncnc2c1,,7.259637310505756,7.259637310505756,0.46957964
FYJCYNAQNHLURM,COc1cc(F)c2c(Nc3ccc(NC(=O)CC(=O)NCC(C)(C)C)cc3)ncnc2c1,,7.259637310505756,7.259637310505756,0.9151479
XHLGULKGWTYFHI,COc1cc2ncnc(Nc3ccc(NC(=O)NCCC(C)(C)OC)cc3)c2cc1OC,,7.259637310505756,7.259637310505756,0.48347542
DJYVBWIEMBNTNX,COCCOc1cc(F)c2c(Nc3ccc(NC(=O)CC(=O)N4CCC[C@@H]4C(C)C)cc3)ncnc2c1,,7.259637310505756,7.259637310505756,0.967284
VNGVFVSNUHMBIJ,COc1cc2ncnc(Nc3ccc(NC(=O)CC(=O)NCC(C)(C)C)cc3)c2cc1OC,,7.259637310505756,7.259637310505756,0.7911955
RYXZZMSSICWCJX,CC(C)(F)CCNC(=O)Nc1ccc(Nc2ncnc3cc(OCC(=O)O)cc(F)c23)cc1,,7.259637310505756,7.259637310505756,0.35891467
MNHDPHUPLCFBIV,COCCOc1ccc2c(Nc3ccc(NC(=O)CC(=O)NCC(C)(C)C)cc3)ncnc2c1,,7.259637310505756,7.259637310505756,0.95078254
DAOQQYLKDACRMX,COCCOc1cc2ncnc(Nc3ccc(NC(=O)NCCC(C)(C)F)cc3)c2cc1OCCOC,,7.259637310505756,7.259637310505756,0.19472201
KFGRJNIQGVWPSN,COCCCc1ccc2c(Nc3ccc(NC(=O)CC(=O)NCC(C)(C)C)cc3)cnnc2c1,,7.259637310505756,7.259637310505756,0.9034702
JSARMYFKCPKHEG,COCCOc1cc(F)c2c(Nc3ccc(NC(=O)CC(=O)N4CCC[C@H]4C)cc3)ncnc2c1,,7.259637310505756,7.259637310505756,0.9695528
BKGVOJCKSHKEDQ,COc1cc2ncnc(Nc3ccc(NC(=O)NCCC(C)(C)F)cc3)c2cc1OC,,7.259637310505756,7.259637310505756,0.37103787
WHQVGQXKIZXARJ,Cn1cc(-c2cc3ncnc(N4CCN(c5ncc(C(C)(C)c6ccc(F)cc6)cn5)CC4)n3n2)cn1,,7.259637310505756,7.259637310505756,0.96393657
KEDISBDFNBGDOL,COc1cc(F)c2c(Nc3ccc(NC(=O)NCCC(C)(C)OC)cc3)ncnc2c1,,7.259637310505756,7.259637310505756,0.6465818
GPFBQBHZMGACRV,COCCOc1cc(OC)c2c(Nc3ccc(NC(=O)CC(=O)NCC(C)(C)C)cc3)ncnc2c1,,7.259637310505756,7.259637310505756,0.87144774
NKZNHTOLFQJRPD,Cc1ccc(-c2cc3c(N4CCN(c5ncc([C@@](C)(O)c6ccc(F)cc6)cn5)CC4)ncnn3c2)cc1,,7.259637310505756,7.259637310505756,0.9403133
XYMWJDNZUFBSNU,C[C@@H]1CN(c2ncnn3cc(-c4cnn(C)c4)cc23)CCN1c1ncc(Sc2ccccc2F)cn1,,7.259637310505756,7.259637310505756,0.9976604
KLAGKYSPVMQICS,COCCOc1ccc2c(Nc3ccc(NC(=O)NCCC(C)(C)OC)cn3)ncnc2c1,,7.259637310505756,7.259637310505756,0.82587117
SBEHMESWXLHEDP,Cc1ccc(-c2cc3c(N4CCN(c5ncc([C@](C)(O)c6ccc(F)cc6)cn5)CC4)ncnn3c2)s1,,7.259637310505756,7.259637310505756,0.9817262
YHHGBLOVDKWUKF,Cc1cc(F)ccc1[C@](C)(O)c1cnc(N2CCN(c3ncnn4cc(-c5cnn(C)c5)cc34)CC2)nc1,,7.259637310505756,7.259637310505756,0.9683194
TUDQTKWEACFDQO,COc1cccc(-c2cc3c(N4CCN(c5ncc([C@@](C)(O)c6ccc(F)cc6)cn5)CC4)ncnn3c2)c1,,7.259637310505756,7.259637310505756,0.9273669
ABBQEQGZDDTUNR,Cn1cc(-c2cc3c(N4CCN(c5ncc(S(=O)(=O)c6ccc(F)cc6)cn5)CC4)ncnn3c2)cn1,,7.259637310505756,7.259637310505756,0.9341765
PRVBRFUHNPLVEY,CCOC(=O)N1CC(n2nnc(-c3ccc(C)c(NC(=O)c4cnn5ccc(N6CCN(C)CC6)cc45)c3)n2)C1,,7.2549252084179425,7.2549252084179425,0.847328
ODBYYNRRNQENSG,Cc1ccc(-c2nnn(C3CN(S(C)(=O)=O)C3)n2)cc1NC(=O)c1cnn2ccc(CCC(C)(C)O)cc12,,7.252588192113577,7.252588192113577,0.3573963
FQGPMDHTRMQXFU,O=C1Cc2ccc(C(=O)NCc3ccc(Oc4ccc(F)cc4)nc3)cc2N1,,7.251811972993799,7.251811972993799,0.30841354
WSPRXPNZULGBSM,CN(c1ccc(CNC(=O)c2ccc3c(c2)[nH]c(=O)n3C)cn1)c1cccc(F)c1F,,7.251811972993799,7.251811972993799,0.8099433
LDDLEDHXBHWFRF,Cn1c(=O)[nH]c2cc(C(=O)NCc3ccc(OC4CCC(F)(F)CC4)nc3)ccc21,,7.251811972993799,7.251811972993799,0.84326875
BEARNQJJTINWKZ,Cn1cc(-c2ccc(CNc3cc(-c4cnc5cc(OCCCNC6COC6)ccn45)ncn3)cc2)cn1,,7.251811972993799,7.251811972993799,0.46374908
LJWGOOANWUPPFM,Cn1cc(-c2cc3c(N4CCN(c5ncc(Cc6ccc(F)cc6)cn5)CC4)ncnn3c2)cn1,,,9.0,0.9953571
QEWLZMYMZYTLFP,C[C@](N)(c1ccccc1)c1cnc(N2CCN(c3ncnn4cc(-c5cn[nH]c5)cc34)CC2)nc1,,,9.0,0.7020915
MBWHJBDHRADERX,CCN1CCN(c2cc(Nc3ncc(-c4ccncc4)s3)nc(C)n2)CC1,,7.251811972993799,7.251811972993799,0.94065744
BWAALJKZTOGVOL,Cn1c(=O)[nH]c2cc(C(=O)NCc3ccc(Oc4ccccc4F)nc3)ccc21,,7.2441251443275085,7.2441251443275085,0.9113459
VZNKPNBDALYZHV,Cn1c(=O)[nH]c2cc(C(=O)NCc3cnc4c(c3)CCN4C3CCC(F)(F)CC3)ccc21,,7.2441251443275085,7.2441251443275085,0.10511653
ZSVROZYVGKJTQX,CN(c1ccc(CNC(=O)c2cc(F)c3[nH]c(=O)[nH]c3c2)cn1)C1CC(F)(F)C1,,7.2441251443275085,7.2441251443275085,0.99520385
MKBNKJWJLPQGKC,Cn1c(=O)[nH]c2cc(C(=O)NCc3ccc(Oc4ccc(Cl)cc4)nc3)ccc21,,7.236572006437063,7.236572006437063,0.939136
KDQYWEZGPMVITD,CN(c1ccc(CCC(=O)c2ccc3c(c2)[nH]c(=O)n3C)cn1)C1CC2(COC2)C1,,7.229147988357855,7.229147988357855,0.98787737
KUHNGODETVFXQY,CN(CC1CCC(F)(F)CC1)c1ncc(CCC(=O)c2ccc3c(c2)[nH]c(=O)n3C)s1,,7.229147988357855,7.229147988357855,0.405103
BMEXIUCHJUGPRB,Cc1ccc(NC(=O)c2cccc(C(F)(F)F)c2)cc1NC(=O)c1cncc(-c2cnn(C)c2)c1,CHEMBL4084391,7.221848749616356,7.221848749616356,0.8749655
KBLQCIGVRHRFEW,Cn1c(=O)[nH]c2cc(C(=O)NCc3cnc4c(c3)CCN4c3ccccc3F)ccc21,,7.221848749616356,7.221848749616356,0.064976536
LVAVUEQOEQRCDH,Cn1c(=O)[nH]c2cc(C(=O)NCc3ccc(Oc4ccc(Cl)c(F)c4)nc3)ccc21,,7.221848749616356,7.221848749616356,0.9004006
OXFQOSMJZIRDTR,CN(CC1CCCCO1)c1ccc(CCC(=O)c2ccc3c(c2)[nH]c(=O)n3C)cn1,,7.221848749616356,7.221848749616356,0.7621501
NNPRQBLRXNNMJV,COc1cc(Nc2ncc3ccc4ncn(C(C)C)c4c3n2)ncc1N1CC2(COC2)C1,,7.217527375833714,7.217527375833714,0.9775283
FGWSACSORMCWQZ,CCOC(=O)N1CC(n2nnc(-c3ccc(C)c(NC(=O)c4cnn5ccc(N6CCOCC6)cc45)c3)n2)C1,,7.2168113089247425,7.2168113089247425,0.8341224
WYCOMXGLCBLXJM,Cn1c(=O)[nH]c2cc(C(=O)NCc3ccc(C(F)c4ccc(F)cc4)nc3)ccc21,,7.214670164989233,7.214670164989233,0.6673435
FKMJQOAZNJPNTJ,CN(CC1CCC(F)(F)CC1)c1ccc(CCC(=O)c2ccc3c(c2)[nH]c(=O)n3C)cn1,,7.214670164989233,7.214670164989233,0.82000065
TULOPYDSUXQDEX,CN(c1ccc(CCC(=O)c2ccc3c(c2)[nH]c(=O)n3C)cn1)C12CC(C1)C2,,7.214670164989233,7.214670164989233,0.99888843
KGLXCQCYYVXOPK,C[C@H]1CCCN1c1ccc(CNC(=O)c2ccc3c(c2)[nH]c(=O)n3C)cn1,,7.200659450546418,7.200659450546418,0.9610419
PBHMITHFQYKQIS,COC(=O)N1CC(n2nnc(-c3ccc(C)c(NC(=O)c4cnn5ccc(N6CCN(C7COC7)CC6)cc45)c3)n2)C1,,7.1944991418416,7.1944991418416,0.61603063
JBPRGGLXECDMSU,O=C1Cc2ccc(C(=O)NCc3ccc(Oc4cccc(F)c4)nc3)cc2N1,,7.173925197299173,7.173925197299173,0.40960133
UXFBKFLAFRCKKA,CC(c1ccc(F)cc1)c1ccc(CNC(=O)c2ccc3c(c2)[nH]c(=O)n3C)cn1,,7.173925197299173,7.173925197299173,0.59911567
GBJQQNKHBCAEHI,Cn1c(=O)[nH]c2cc(C(=O)CCc3ccc(N(C)[C@H]4C[C@H](C(F)(F)F)C4)nc3)ccc21,,7.167491087293763,7.167491087293763,0.9392315
IMUILCLXLZZLHZ,CCN1CCN(c2cc(Nc3ncc(-c4cccnc4)s3)nc(C)n2)CC1,,7.161150909262744,7.161150909262744,0.96680653
FSNHIUTVQHENNG,O=C1Cc2ccc(C(=O)NCc3ccc(Oc4ccc(Cl)cc4)nc3)cc2N1,,7.154901959985743,7.154901959985743,0.38076225
FRTQGAQTCQQYJF,Cn1cc(-c2ccc(CNc3cc(-c4cnc5cc(OCCN6CCCC6)ccn45)ncn3)cc2)cn1,,7.154901959985743,7.154901959985743,0.73934287
OSATVFZVSLMWFB,COCCNc1ccn2ncc(C(=O)Nc3cc(-c4nnn(C5CN(C(=O)OC)C5)n4)ccc3C)c2c1C,,7.153662887870195,7.153662887870195,0.9384453
YXNQYHXLQNMLSB,CC(C)n1cnc2ccc3cnc(Nc4cc(Oc5ccccc5)c(N5CCNCC5)cn4)nc3c21,,7.149353764816934,7.149353764816934,0.83282954
NGARGACVIOAELW,C[C@H]1CCCN1c1cnc(CCC(=O)c2ccc3c(c2)[nH]c(=O)n3C)cn1,,7.1487416512809245,7.1487416512809245,0.9675946
HTEIMCCPFZFDTB,COC(=O)N1CC(n2nnc(-c3ccc(C)c(NC(=O)c4cnn5ccc(NCC(C)(C)O)cc45)c3)n2)C1,,7.1487416512809245,7.1487416512809245,0.6205791
XJCXFVLRKSIQDI,Cn1cc(-c2ccc(CNc3cc(-c4cnc5cc(OCCCN6CCC(C)(F)CC6)ccn45)ncn3)cc2)cn1,,7.136677139879544,7.136677139879544,0.7332684
BDGPPSYPTYGZDZ,CC(NC(=O)c1ccc2c(c1)[nH]c(=O)n2C)c1ccc(Oc2ccc(F)cc2F)nc1,,7.130768280269024,7.130768280269024,0.9649734
AKLNROLAWHGBBI,CN(c1ccc(CNC(=O)c2cc3[nH]c(=O)n(C)c3cc2F)cn1)C1CC(F)(F)C1,,7.1249387366083,7.1249387366083,0.99843866
RLHRVGKOUQVNIX,CC(CO)N(C)c1ccc(CNC(=O)c2ccc3c(c2)[nH]c(=O)n3C)cn1,,7.1249387366083,7.1249387366083,0.60346544
IBRNFOQMVLCEAM,Cn1cc(-c2ccc(CNc3cc(-c4cnc5cc(OCCO)ccn45)ncn3)cc2)cn1,,7.1249387366083,7.1249387366083,0.4108155
BYIXKZJUNRNYSB,COc1cc(Nc2ncc3cc(C)c4ncn(C(C)C)c4c3n2)ccc1N1CCOCC1,,7.124360062995832,7.124360062995832,0.9681979
ZCRNAMULOOBKCP,Cn1cc(-c2ccc(CNc3cc(-c4cnc5cc(OCCN6CCn7nncc7C6)ccn45)ncn3)cc2)cn1,,7.119186407719209,7.119186407719209,0.24348156
OYRQAICVRAEXJU,Cc1ccc(-c2nnn(C3CN(S(=O)(=O)C4CCOC4)C3)n2)cc1NC(=O)c1cnn2ccccc12,,7.1090204030103115,7.1090204030103115,0.73814464
BSNGOSVAPBNQTE,Cn1c(=O)[nH]c2cc(C(=O)NCc3ccc(Oc4cccc(F)c4)nc3)ccc21,,7.107905397309519,7.107905397309519,0.9542545
KPCXVZIHKRVMEX,Cn1c(=O)[nH]c2cc(C(=O)NCc3ccc(N(c4ccc(F)cc4)C4CC4)nc3)ccc21,,7.107905397309519,7.107905397309519,0.98346287
ZXYVWKYLUPYZGL,Nc1nccc(COc2ccc3nc(NC4CCCCC4)sc3c2)c1Cl,,7.102372908709558,7.102372908709558,0.001756727
WMDQODUJFFCZFR,COCC(C)N(C)c1ccc(CCC(=O)c2ccc3c(c2)[nH]c(=O)n3C)cn1,,7.0915149811213505,7.0915149811213505,0.774192
PNFWQBVOUKXSKB,CCn1c(=O)[nH]c2cc(C(=O)NCc3ccc(Oc4ccc(F)cc4)nc3)ccc21,,7.080921907623926,7.080921907623926,0.87022907
PQPTXKPLRGZUHJ,CN(CC1CCOCC1)c1ccc(CCC(=O)c2ccc3c(c2)[nH]c(=O)n3C)cn1,,7.075720713938118,7.075720713938118,0.62378013
DFDVASQVNRVWLJ,CN(Cc1ccccn1)c1ccc(CCC(=O)c2ccc3c(c2)[nH]c(=O)n3C)cn1,,7.0655015487564325,7.0655015487564325,0.9237851
IHOVJELUNYYHGG,COC(=O)N1CC(n2nnc(-c3ccc(C)c(NC(=O)c4cnn5ccc(N6CC[C@H]6CO)cc45)c3)n2)C1,,7.05700040663396,7.05700040663396,0.78760314
HBWNZEGYIOGOCL,COCCOCCNc1ccn2ncc(C(=O)Nc3cc(-c4nnn(C5CN(C(=O)OC)C5)n4)ccc3C)c2c1,,7.051587034221399,7.051587034221399,0.86740583
GYIJQQCWXZLRDA,CCOc1cc(Nc2ncc3ccc4ncn(C(C)C)c4c3n2)ncc1N1CCOCC1,,7.050122295963125,7.050122295963125,0.71586365
UIQSAGDIWAQLGZ,CCN1CCN(c2cc(Nc3ncc(-c4cccnc4)s3)ncn2)CC1,,7.040958607678906,7.040958607678906,0.9346132
ZPFXWSKRKHZIGJ,Cn1cc(-c2ccc(CNc3cc(-c4cnc5cc(OCCN6CCC(C)(C#N)CC6)ccn45)ncn3)cc2)cn1,,7.031517051446065,7.031517051446065,0.52116174
PTVPYBZKLVYENB,Cc1ccc(C(=O)Nc2cccc(N3CCN(C)CC3)c2)cc1Nc1nccc(-c2ccc(F)cc2)n1,,7.031517051446065,7.031517051446065,0.96402496
OKIKSBCVNZBYGX,CC#CCOc1cc(Nc2ncc3ccc4ncn(C(C)C)c4c3n2)ncc1N1CCNCC1,,7.030584087646019,7.030584087646019,0.8260651
APOKZJTZDBUNNV,CNC1CN(c2cnc(Nc3ncc4ccc5ncn(C(C)C)c5c4n3)cc2OC)C1,,7.023650020996727,7.023650020996727,0.9525735
YOZLASMQEACYPZ,CN(c1ccc(CCC(=O)c2ccc3c(c2)[nH]c(=O)n3C)cn1)C(C)(C)C,,7.022276394711152,7.022276394711152,0.69495356
WWTUXTRQFSEZJY,CN(CC1CCCOC1)c1ccc(CCC(=O)c2ccc3c(c2)[nH]c(=O)n3C)cn1,,7.017728766960431,7.017728766960431,0.6356754
IXNZEQIZPZOARG,CC(C)N(C)c1ccc(CNC(=O)c2ccc3c(c2)[nH]c(=O)n3C)cn1,,7.017728766960431,7.017728766960431,0.34636378
BULMDUPBDHGDTK,C[C@H](CC(=O)c1ccc2c(c1)[nH]c(=O)n2C)c1ccc(N(C)c2ccccc2F)nc1,,7.008773924307505,7.008773924307505,0.9097813
BETDDEQVCKARLX,Cc1ccc(-c2noc([C@H]3C[C@@H](OC(F)F)C3)n2)cc1NC(=O)c1cnn2cc(-c3cn(C(F)(F)C(=O)O)nn3)ccc12,,,7.0,0.8502071
UNEKFEUFZFTSOR,Cc1ccc(-c2noc([C@H]3C[C@@H]3F)n2)cc1NC(=O)c1cnn2cc(-c3cn(C(F)(F)C(=O)O)nn3)ccc12,,,7.0,0.9189446
GPXLCCVBDZGJCK,CC#Cc1ccc2c(C(=O)Nc3cc(-c4noc([C@H]5C[C@@H]5F)n4)ccc3C)cnn2c1,,,7.0,0.9451507
VTZVPTGNTUHJCI,Cc1ncc(C(=O)Nc2cc(C(=O)Nc3ccc(OC(C)C)cn3)c(F)cc2Cl)s1,,,7.0,0.9214106
QRXRBDIVEOLQPR,Cc1ncc(-c2noc([C@H]3C[C@@H](OC(F)(F)F)C3)n2)cc1NC(=O)c1cnn2cc(-c3cn(C[C@H](C)O)nn3)ccc12,,,7.0,0.4210086
ZDYQXMIFIUGYCH,Cc1ncc(-c2noc([C@H]3C[C@@H](OC(F)(F)F)C3)n2)cc1NC(=O)c1cnn2cc(-c3cn(CC4(C)COC4)nn3)ccc12,,,7.0,0.77481806
HQCHGOYNBKKLHU,Cc1ncc(-c2noc([C@H]3C[C@@H](OC(F)(F)F)C3)n2)cc1NC(=O)c1cnn2cc(-c3cn(CCO)nn3)ccc12,,,7.0,0.5878497
BTRXGCYIYVVGTB,Cc1ncc(C(=O)Nc2cc(C(=O)Nc3cc(CC4CC4)ncn3)c(F)cc2C)s1,,,7.0,0.96020913
DEYMJIGGGVNTCN,Cc1ncc(-c2noc([C@H]3C[C@@H](C(F)(F)F)C3)n2)cc1NC(=O)c1cnn2cc(-c3cn(C(F)F)nn3)ccc12,,,7.0,0.7867732
XOFLYOULMDZJST,Cc1ncc(C(=O)Nc2cc(C(=O)Nc3ccc(OC4CC4)cn3)c(F)cc2Cl)s1,,,7.0,0.9844828
CCTXZDDMVVNBJD,Cc1ncc(C(=O)Nc2cc(C(=O)Nc3ccc(CC(F)F)cn3)c(F)cc2C)s1,,,7.0,0.9718489
QPSSEUWHIGIUIH,Cc1ccc(-c2noc([C@H]3C[C@@H]3F)n2)cc1CC(=O)c1cnc(-c2ccc3[nH]c(C(F)(F)F)cc3c2)o1,,,7.0,0.9648568
ZIXISHLLAHXJDA,Cc1ccc(-c2noc([C@H]3C[C@@H]3F)n2)cc1NC(=O)c1cnc(-c2ccc3[nH]c(=O)[nH]c3c2)o1,,,7.0,0.96691173
GXMSDIAHZYAKOF,Cc1ncc(C(=O)Nc2cc(C(=O)Nc3ncc(C4CC4)cn3)c(F)cc2C)s1,,,7.0,0.8923361
GJLJNPMEXRZMNB,Cc1nc(Nc2ncc(C(=O)Nc3cc(-c4noc([C@H]5C[C@@H]5F)n4)ccc3C)s2)cc(N2CC3(COC3)C2)n1,,,7.0,0.99820983
OXIWKSMFNKEORP,Cc1ncc(C(=O)Nc2cc(C(=O)Nc3ccc(CC(F)(F)F)cn3)c(F)cc2Cl)s1,,,7.0,0.94838667
DVRFXLHYUAIKAG,Cc1ccc(-c2noc(C3C[C@@H]3F)n2)cc1NC(=O)c1cnn2ccc(-c3cnn(C(F)F)c3)cc12,,,7.0,0.9687547
UXPNOVKXEXBCIM,Cc1ccc(-c2nc([C@H]3C[C@@H]3F)cs2)cc1NC(=O)c1cnn2ccc(N3CC4(COC4)C3)cc12,,,7.0,0.2091384
VZVHDVVXCAIEBX,Cc1ccc(-c2noc([C@H]3C[C@@H]3F)n2)cc1NC(=O)c1cnn2ccc(-c3ccc(N4CC(F)(F)C4)nc3C)cc12,,,7.0,0.9186547
CTWXZSOPCMTPFM,Cc1ccc(-c2noc([C@H]3C[C@@H]3F)n2)cc1NC(=O)c1cnn2ccc(-c3ccc(N4CCOCC4)nc3C)cc12,,,7.0,0.9219675
BMYXGZYLJPPQAG,Cc1ccc(-c2ccn3ncc(C(=O)Nc4cc(-c5noc([C@H]6C[C@@H]6F)n5)ccc4C)c3c2)c(C)n1,,,7.0,0.9327078
JZSJJMQMCDWHTN,Cc1ccc(-c2noc([C@H]3C[C@@H]3F)n2)cc1NC(=O)c1cnn2ccc(-c3ccc(C#N)nc3C)cc12,,,7.0,0.8671588
HHNNGPIVKMOKPM,Cc1ncc(C(=O)Nc2cc(C(=O)Nc3cnc(OC[C@@H]4CC4(F)F)cn3)c(F)cc2C)s1,,,7.0,0.98239374
VRORWRKDYHOCKB,Cc1ccc(-c2noc([C@H]3C[C@@H]3F)n2)cc1NC(=O)c1cnn2ccc(-c3cnc(N4CC5(COC5)C4)cc3C)cc12,,,7.0,0.9694127
NMFBEEPABINZAA,Cc1cc(C)c(-c2ccn3ncc(C(=O)Nc4cc(-c5noc([C@H]6C[C@@H]6F)n5)ccc4C)c3c2)cn1,,,7.0,0.9466583
BFTUAFNDXFKBEA,Cc1ccc(-c2noc([C@H]3C[C@@H]3F)n2)cc1NC(=O)c1cnn2ccc(-c3cnc(N4CC(F)(F)C4)cc3C)cc12,,,7.0,0.91486734
DVKGDOWOWYNMSP,Cc1ccc(-c2noc([C@H]3C[C@@H]3F)n2)cc1NC(=O)c1cnn2ccc(-c3cnc(C#N)cc3C)cc12,,,7.0,0.9355942
BKPIHVSAURJMDI,Cc1ccc(-c2noc([C@H]3C[C@@H]3F)n2)cc1NC(=O)c1cnn2ccc(-c3ccc(N4CC5(COC5)C4)nc3C)cc12,,,7.0,0.9627186
AYLZZVHEOUGUSB,COc1nc(C)ccc1-c1ccn2ncc(C(=O)Nc3cc(-c4noc([C@H]5C[C@@H]5F)n4)ccc3C)c2c1,,,7.0,0.918893
DKDOFICRULCFPP,Cc1cc(F)c(C(=O)Nc2ccc(OC3CC3)cn2)cc1NC(=O)c1cnc(C(F)F)s1,,,7.0,0.99431
UOYNVGDMPRZVEJ,Cc1ccc(-c2noc([C@H]3C[C@@H]3F)n2)cc1NC(=O)c1cnn2ccc(-c3nnc(N)nc3C)cc12,,,7.0,0.76002604
BDGCZNXBLZRBTO,COC(=O)N1CC(c2nc(-c3ccc(Cl)c(NC(=O)c4cnn5cc(-c6cn(C(F)F)nn6)ccc45)c3)no2)C1,,,7.0,0.79210395
IOIQBYPQUILEAT,Cc1ncc(C(=O)Nc2cc(C(=O)Nc3cccc(CC(F)(F)F)n3)c(F)cc2C)s1,,,7.0,0.98252857
FPBQCXJCGDJVTE,Cc1ccc(-c2noc([C@H]3C[C@@H]3F)n2)cc1NC(=O)c1cnn2ccc(C3CC4(C3)CC(F)(F)C4)cc12,,,7.0,0.93863803
LVUFHSAVBQZVAL,COC(=O)N1CC(c2nc(-c3ccc(C)c(NC(=O)c4cnn5cc(-c6cn(C(F)F)nn6)ccc45)c3)no2)C1,,,7.0,0.88016784
FWQJXANHKRBBRU,Cc1ccc(-c2ncc(C3CC3)cn2)cc1NC(=O)c1cnn2cc(-c3cn(C(F)F)nn3)ccc12,,,7.0,0.7169397
REFRLXFNLUBOBE,Cc1ccc(-c2ncc(C3CC3)cn2)cc1NC(=O)c1cnn2cc(-c3cn(CC(C)(C)O)nn3)ccc12,,,7.0,0.5134119
CNMCFNFGSHUTBT,Cc1ccc(-c2noc([C@H]3C[C@@H]3F)n2)cc1NC(=O)c1cnn2ccc(-c3cnccn3)cc12,,,7.0,0.8879554
CSCNUYVZFWFGGB,Cc1ncc(C(=O)Nc2cc(C(=O)Nc3cccc(C(F)(F)F)n3)c(F)cc2C)s1,,,7.0,0.98157066
SYYQNYIBIFOCPS,CNC(=O)c1cnc(Nc2ccc(F)cn2)cc1Nc1ccccc1S(C)(=O)=O,,7.0,7.0,0.13278194
UELUGSXAZGJLER,Cc1ncc(C(=O)Nc2cc(C(=O)Nc3ccc(C(F)F)nc3)c(F)cc2C)s1,,,7.0,0.9704864
PVIRDSRBWZNBBX,Cc1ncc(C(=O)Nc2cc(C(=O)Nc3cncc(C4CC4)c3)c(F)cc2C)s1,,,7.0,0.8806163
KNANADVBHCMBGX,Cc1ccc(-c2noc([C@H]3C[C@@H]3C(F)F)n2)cc1NC(=O)c1cnn2ccc(N3CC4(COC4)C3)cc12,,,7.0,0.9394794
KADFTNXLLUOIGU,Cc1ncc(C(=O)Nc2cc(C(=O)Nc3cnc(CC4CC4)cn3)c(F)cc2C)s1,,,7.0,0.97570986
ZFWGXEFVVMGZJB,Cc1ccc(-c2noc([C@H]3C[C@@H]3F)n2)cc1NC(=O)c1cnn2ccc(N3CC4(COC4)C3)cc12,,,7.0,0.9455572
GBMCGVCLSWJXDZ,Cc1ccc(-c2noc([C@H]3C[C@@H](OC(F)F)C3)n2)cc1NC(=O)c1cnn2ccc(N3CC4(COC4)C3)cc12,,,7.0,0.94544697
LLUWENIXQOOVQR,Cc1ncc(C(=O)Nc2cc(C(=O)Nc3ccc(OCC4CC4)cn3)c(F)cc2C)s1,,,7.0,0.9839035
HEXULYSWFNCNKU,Cc1ccc(-c2noc(C3CC4(C3)CC(F)(F)C4)n2)cc1NC(=O)c1cnn2ccc(N3CC4(COC4)C3)cc12,,,7.0,0.79952604
RRGJLCHLWUSXOW,Cc1ccc(-c2noc([C@H]3C[C@@H]3F)n2)cc1NC(=O)c1cnn2ccc(N3CC4(CN(C(=O)C(F)(F)F)C4)C3)cc12,,,7.0,0.94917893
IVJHWYXUOLIRHQ,Cc1ncc(C(=O)Nc2cc(C(=O)Nc3ccc(C4(C(F)(F)F)CC4)cn3)c(F)cc2C)s1,,,7.0,0.9994912
VPXGUUZXWSWMJJ,Cc1ccc(-c2noc(C3CN(CC(F)(F)F)C3)n2)cc1NC(=O)c1cnn2ccc(N3CC4(COC4)C3)cc12,,,7.0,0.9478989
SVTNOPZDAJSDFM,Cc1ccc(-c2noc([C@H]3C[C@@H]3F)n2)cc1NC(=O)c1cnn2ccc(N3CCN(C(=O)C(F)(F)F)[C@H](C)C3)cc12,,,7.0,0.81879395
AXFCHCIWEQWEKE,Cc1ccc(-c2noc([C@H]3C[C@@H]3F)n2)cc1NC(=O)c1cnn2ccc(N3CCN(C(=O)C4CC4)[C@H](C)C3)cc12,,,7.0,0.6858984
HDLUITZTHTVCMT,Cc1ccc(-c2noc([C@H]3C[C@@H]3F)n2)cc1NC(=O)c1cnn2ccc(N3CC4(COC(C)(C)OC4)C3)cc12,,,7.0,0.95514894
DRHRMOXZPYWLQW,Cc1ncc(C(=O)Nc2cc(C(=O)Nc3ccc(CC4CC4)c(C)n3)c(F)cc2C)s1,,,7.0,0.99558675
QRXNWUYTZJOODG,Cc1ccc(-c2noc([C@H]3C[C@@H]3F)n2)cc1NC(=O)c1cnn2ccc(N3CC(CO)(CO)C3)cc12,,,7.0,0.9529588
TVOIFSCQKWNRDI,Cc1cnc(-c2ccn3ncc(C(=O)Nc4cc(-c5noc([C@H]6C[C@@H]6F)n5)ccc4C)c3c2)c(C)n1,,,7.0,0.95318735
DIFABXXCLCZQHL,Cc1ccc(-c2noc([C@H]3C[C@@H]3F)n2)cc1NC(=O)c1cnn2ccc(-c3cnc(N)cc3C)cc12,,,7.0,0.9532355
RBLSSCZPSDKLKL,Cc1ccc(-c2noc([C@H]3C[C@@H]3F)n2)cc1NC(=O)c1cnn2ccc(-c3ccc(N)nc3C)cc12,,,7.0,0.9319978
QOTVFSCMDVBSNE,Cc1ncc(C(=O)Nc2cc(C(=O)Nc3ccn(C4CCC4)n3)c(F)cc2C)s1,,,7.0,0.98477966
SORFWYIJXYSTLI,Cc1ccc(-c2noc([C@H]3C[C@@H]3F)n2)cc1NC(=O)c1cnn2ccc(N3CC4(CN(C(=O)C5CC(F)(F)C5)C4)C3)cc12,,,7.0,0.89383984
RAEBQOQURXPXRG,Cc1ncc(C(=O)Nc2cc(C(=O)Nc3ccn(CC(C)C)n3)c(F)cc2C)s1,,,7.0,0.979354
VUFSGPOADKMGOR,Cc1ccc(-c2noc([C@H]3C[C@@H]3F)n2)cc1NC(=O)c1cnn2ccc(N3CC(C(=O)NC4CC4)C3)cc12,,,7.0,0.8536998
GCHJIIVSGPSVDP,Cc1ccc(-c2noc([C@H]3C[C@@H]3F)n2)cc1NC(=O)c1cnn2ccc(N3CC(C(=O)N4CC(F)(F)C4)C3)cc12,,,7.0,0.7306974
OCGKUFQOYOTTNM,Cc1ccc(-c2noc([C@H]3C[C@@H]3F)n2)cc1NC(=O)c1cnn2ccc(NCC3(CO)COC3)cc12,,,7.0,0.81198
ZGTIIXHYFFVRDA,CC(=O)N1CCN(c2ccn3ncc(C(=O)Nc4cc(-c5noc([C@H]6C[C@@H]6F)n5)ccc4C)c3c2)CC1,,,7.0,0.8685465
VPQLXIATWIDSEC,Cc1ncc(C(=O)Nc2cc(C(=O)Nc3ccn(C(C)C)n3)c(F)cc2C)s1,,,7.0,0.9858365
VXEFKFSMQWWXTO,CO[C@@H]1CCN(c2cnc(NC(=O)c3cc(NC(=O)c4cnc(C)s4)c(C)cc3F)cn2)C1,,,7.0,0.99554175
MSTLNSNVZHOJAC,Cc1ccc(-c2noc(C3CN(C(=O)C4(F)CC4)C3)n2)cc1CC(=O)c1cnn2ccc(N3CC4(C3)CC(O)(CC(F)F)C4)cc12,,,7.0,0.6945884
FDHUWHKHEKJSQC,Cc1ncc(-c2noc([C@H]3C[C@@](C)(O)C3)n2)cc1CC(=O)c1cnn2ccc(N3CC4(C3)CC(O)(CC(F)F)C4)cc12,,,7.0,0.9704653
YWWNASUBEFNHSA,COC1CN(c2cnc(NC(=O)c3cc(NC(=O)c4cnc(C)s4)c(C)cc3F)cn2)C1,,,7.0,0.9965738
KFDQVSBLXDKUCK,Cc1ccc(-c2noc([C@H]3C[C@](O)(C(F)(F)F)C3)n2)cc1NC(=O)c1cnn2ccc(N3CC4(COC4)C3)cc12,,,7.0,0.95053667
KRUIEKHTXKXMIT,Cc1ncc(-c2noc([C@H]3C[C@@H](OC(F)(F)F)C3)n2)cc1NC(=O)c1cnn2ccc(N3CC4(C3)CC(O)(C(F)F)C4)cc12,,,7.0,0.9957254
PBQGDZRPHANQNW,Cc1ncc(C(=O)Nc2cc(C(=O)Nc3cncc(C(F)F)c3)c(F)cc2C)s1,,,7.0,0.9762114
VYVQQBZZIQOSEM,COC(=O)N1CC(c2nc(-c3ccc(C)c(NC(=O)c4cnn5ccc(N6CC7(COC7)C6)cc45)c3)no2)C1,,,7.0,0.88592494
YAQFJRLUVWYZPC,Cc1ncc(-c2noc([C@H]3C[C@@H](OC(F)F)C3)n2)cc1NC(=O)c1cnn2ccc(N3CC4(C3)CC(O)(C(F)F)C4)cc12,,,7.0,0.99179006
SMJUUBFKMOOPFO,Cc1cc(F)c(-c2noc([C@H]3C[C@@H]3F)n2)cc1NC(=O)c1cnn2ccc(N3CC4(COC4)C3)cc12,,,7.0,0.930596
HFTIUULHYWMYRY,Cc1ccc(-c2noc(C3CN(CC(F)(F)F)C3)n2)cc1CC(=O)c1cnn2ccc(N3CC4(C3)CC(O)(CC(F)F)C4)cc12,,,7.0,0.92820054
MYQSHBVGNBQDCM,Cc1ccc(-c2noc([C@H]3C[C@@H](OC(F)(F)F)C3)n2)cc1CC(=O)c1cnn2ccc(N3CC4(C3)CC(O)(CC(F)F)C4)cc12,,,7.0,0.971392
KYAPSBQICOACAE,Cc1ccc(-c2noc([C@H]3C[C@@H](OC(F)F)C3)n2)cc1NC(=O)c1cnn2ccc(N3CC4(C3)CC(O)(C(F)(F)F)C4)cc12,,,7.0,0.97639036
JATHIANDFJUZRZ,Cc1ncc(C(=O)Nc2cc(C(=O)Nc3ccn(CC4CC4)n3)c(F)cc2C)s1,,,7.0,0.98646915
HVPDJAYSWGMALR,Cc1ccc(-c2noc([C@H]3C[C@@H](OC(F)F)C3)n2)cc1CC(=O)c1cnn2ccc(N3CC4(C3)CC(O)(CC(F)F)C4)cc12,,,7.0,0.9233054
LWFORRJZEMWPPB,Cc1cc(F)c(-c2noc([C@H]3C[C@@H]3F)n2)cc1CC(=O)c1cnn2ccc(N3CC4(C3)CC(C)(O)C4)cc12,,,7.0,0.8513233
YOJNCEZYWFLYBU,Cc1ncc(-c2noc([C@H]3CC34CC4)n2)cc1NC(=O)c1cnn2ccc(N3CC4(C3)CC(O)(C(F)F)C4)cc12,,,7.0,0.99516207
SQSFNGBFIYBSIG,O=C(Cc1cc(-c2noc(C3CC(F)(F)C3)n2)ccc1Cl)c1cnn2ccc(N3CC4(C3)CC(O)(CC(F)F)C4)cc12,,,7.0,0.9335937
PCVWGVILGFSKFV,Cc1ncc(C(=O)Nc2cc(C(=O)Nc3cnc(N4CC[C@@H](O)C4)cn3)c(F)cc2C)s1,,,7.0,0.99737835
WCKRCUXLOPXSJY,O=C(Cc1cc(-c2noc([C@H]3C[C@@H](C(F)(F)F)C3)n2)ccc1Cl)c1cnn2ccc(N3CC4(C3)CC(O)(CC(F)F)C4)cc12,,,7.0,0.9472856
KSVRYYHPLLDLHL,O=C(Cc1cc(-c2noc([C@H]3C[C@@H](OC(F)(F)F)C3)n2)ccc1Cl)c1cnn2ccc(N3CC4(C3)CC(O)(CC(F)F)C4)cc12,,,7.0,0.9786758
UJQNCSFXKWDBQB,Cc1ccc(-c2noc([C@H]3C[C@@H](C(F)(F)F)C3)n2)cc1NC(=O)c1cnn2ccc(N3CC4(COC4)C3)cc12,,,7.0,0.9456418
DUFQJGQINGTBRW,Cc1ncc(C(=O)Nc2cc(C(=O)Nc3cnc(N4CC(O)C4)cn3)c(F)cc2C)s1,,,7.0,0.9979157
KCRGOMGOZNIJCW,Cc1ccc(-c2noc([C@H]3C[C@@H](OC(F)(F)F)C3)n2)cc1NC(=O)c1cnn2ccc(N3CC4(C3)CC(O)(C(F)(F)F)C4)cc12,,,7.0,0.98658025
GKBWPEMDDOQPDC,Cc1cc(F)c(-c2noc([C@H]3C[C@@H]3F)n2)cc1NC(=O)c1cnn2ccc(N3CC4(C3)CN(S(C)(=O)=O)C4)cc12,,,7.0,0.85600454
LQJDEUCCBXLTFP,Cc1ncc(-c2noc([C@H]3C[C@H](C(F)(F)F)C3)n2)cc1NC(=O)c1cnn2ccc(N3CC4(C3)CC(O)(C(F)F)C4)cc12,,,7.0,0.9905686
SAGVCPHIVJEPAH,Cc1ccc(-c2noc([C@H]3C[C@@H]3F)n2)c(F)c1NC(=O)c1cnn2ccc(N3CC4(COC4)C3)cc12,,,7.0,0.8818628
ZQIQIMRQAJZBDL,CCc1ccc(NC(=O)c2cc(NC(=O)c3cnc(C)s3)c(C)cc2F)nc1,,,7.0,0.9840289
BWTWCOCFVFTTHW,Cc1ncc(C(=O)Nc2cc(C(=O)Nc3cncc(CC(F)(F)F)c3)c(F)cc2C)s1,,,7.0,0.9662446
YBFVDPQRHPOJTQ,Cc1ncc(-c2noc([C@H]3C[C@@H]3C(F)F)n2)cc1NC(=O)c1cnn2ccc(N3CC4(C3)CC(O)(C(F)F)C4)cc12,,,7.0,0.9910781
UMKQGYZBSCLINV,COC(=O)N1CC(c2nc(-c3cnc(C)c(NC(=O)c4cnn5ccc(N6CC7(C6)CC(O)(C(F)F)C7)cc45)c3)no2)C1,,,7.0,0.9800377
HMQMQCJSZMJUDT,Cc1ncc(C(=O)Nc2cc(C(=O)Nc3cnc(N4CCC[C@H]4C)cn3)c(F)cc2C)s1,,,7.0,0.9978683
SPXYMTBITJYYBD,COC(=O)N1CC(c2nc(-c3ccc(C)c(NC(=O)c4cnn5ccc(N6CC7(C6)CC(O)(CC(F)F)C7)cc45)c3)no2)C1,,,7.0,0.8892114
HBQPXMBINHDIMB,Cc1c(F)cc(-c2noc([C@H]3C[C@@H]3F)n2)cc1NC(=O)c1cnn2ccc(N3CC4(COC4)C3)cc12,,,7.0,0.95501506
CSDBVKZOKZVQDM,COC(=O)N1CC(c2nc(-c3cc(NC(=O)c4cnn5ccc(N6CC7(C6)CC(O)(CC(F)F)C7)cc45)c(C)cc3F)no2)C1,,,7.0,0.86396164
CXIGPJKMJIHWFM,Cc1ncc(C(=O)Nc2cc(C(=O)Nc3ccc(COC(F)F)cn3)c(F)cc2C)s1,,,7.0,0.9727318
HCOITOUEIFGKIY,Cc1ncc(C(=O)Nc2cc(C(=O)Nc3cncc(C(F)(F)F)c3)c(F)cc2C)s1,,,7.0,0.95057344
RLMPRNLUZVJDRD,COC(=O)N1CC(c2nc(-c3cc(NC(=O)c4cnn5ccc(N6CC7(COC7)C6)cc45)c(C)cc3F)no2)C1,,,7.0,0.84601694
WXIANEZMFJEOJV,Cc1cc(F)c(-c2noc([C@H]3C[C@@H]3C(F)F)n2)cc1NC(=O)c1cnn2ccc(N3CC4(COC4)C3)cc12,,,7.0,0.9221922
SNILVMXTCBYMKD,Cc1ncc(C(=O)Nc2cc(C(=O)Nc3cncc(COC(F)F)c3)c(F)cc2C)s1,,,7.0,0.952102
SZSHRVCVWVSHOB,Cc1cc(F)c(-c2noc([C@H]3C[C@@H](OC(F)(F)F)C3)n2)cc1NC(=O)c1cnn2ccc(N3CC4(COC4)C3)cc12,,,7.0,0.97147524
RPRQMYCHCUMWSV,Cc1ncc(C(=O)Nc2cc(C(=O)NCc3ccn(C(C)C)n3)c(F)cc2C)s1,,,7.0,0.96663004
MIWQIAMNPRUXTQ,COC[C@H]1CCCN1c1cnc(NC(=O)c2cc(NC(=O)c3cnc(C)s3)c(C)cc2F)cn1,,,7.0,0.9974354
HWOMNYFVHTUFFX,Cc1ccc(-c2noc(N3CC(O)(C(F)(F)F)C3)n2)cc1NC(=O)c1cnn2ccc(N3CC4(C3)CC(O)(C(F)F)C4)cc12,,,7.0,0.983633
PJIAQXNDZSZWNO,Cc1ccc(-c2noc(N3CC(F)(F)C3)n2)cc1NC(=O)c1cnn2ccc(N3CC4(C3)CC(O)(C(F)F)C4)cc12,,,7.0,0.97788686
ACCRSGIPRNFCPU,Cc1ncc(C(=O)Nc2cc(C(=O)Nc3cnc(OCC(F)(F)F)cn3)c(F)cc2C)s1,,,7.0,0.9820722
JBFSLUNHZSHLDJ,COC(=O)N1CC2(CC(c3nc(-c4ccc(C)c(NC(=O)c5cnn6ccc(N7CC8(C7)CC(O)(CC(F)F)C8)cc56)c4)no3)C2)C1,,,7.0,0.81441003
XWZYYRRXTXTACQ,CCOC(=O)N1CC(c2nc(-c3ccc(C)c(NC(=O)c4cnn5ccc(N6CC7(COC7)C6)cc45)c3)no2)C1,,,7.0,0.9173538
TXMTZTLKKUHWFS,Cc1ncc(C(=O)Nc2cc(C(=O)Nc3cnc(N4CCC(F)(F)C4)cn3)c(F)cc2C)s1,,,7.0,0.9941526
MBAKFIRRNYWHIS,COC(=O)N1CCC(c2nc(-c3ccc(C)c(NC(=O)c4cnn5ccc(N6CC7(C6)CC(O)(CC(F)F)C7)cc45)c3)no2)C1,,,7.0,0.89346606
PETCLIAHRNTKKG,Cc1ncc(C(=O)Nc2cc(C(=O)Nc3cnc(OCC(F)F)cn3)c(F)cc2C)s1,,,7.0,0.9663889
XBLVDCUVJWAKMH,Cc1ccc(-c2noc(N3CC(O)(C(F)(F)F)C3)n2)cc1NC(=O)c1cnn2ccc(N3CC4(COC4)C3)cc12,,,7.0,0.97435117
HFHARTJGRVXVEP,Cc1ncc(C(=O)Nc2cc(C(=O)Nc3cnc(N4CCCC4)cn3)c(F)cc2C)s1,,,7.0,0.9952887
AKVBMCAYXZMGFT,Cc1ncc(C(=O)Nc2cc(C(=O)Nc3cnc(OC(F)(F)F)cn3)c(F)cc2C)s1,,,7.0,0.9763232
UYQPMLPVKFDEAR,COC(=O)N1CCC(c2nc(-c3ccc(C)c(NC(=O)c4cnn5ccc(N6CC7(C6)CC(O)(CC(F)F)C7)cc45)c3)no2)CC1,,,7.0,0.8987635
OVDHMFBQXGVNLN,Cc1ncc(C(=O)Nc2cc(C(=O)Nc3ccc(CC(F)(F)F)nc3)c(F)cc2C)s1,,,7.0,0.97607464
RTUFNJVVRNYDIE,COC(=O)N1CCC(c2nc(-c3ccc(C)c(NC(=O)c4cnn5ccc(N6CC7(COC7)C6)cc45)c3)no2)C1,,,7.0,0.8927677
GNUPPBLYHOLSIN,COC(=O)N1CCC(c2nc(-c3ccc(C)c(NC(=O)c4cnn5ccc(N6CC7(COC7)C6)cc45)c3)no2)CC1,,,7.0,0.89909106
GIXFOLVRTRLMRS,Cc1ccc(-c2noc([C@H]3C[C@@H](OC(F)(F)F)C3)n2)cc1NC(=O)c1cnc(-c2ccc3c(c2)CC(=O)N3)o1,,,7.0,0.5182596
UMZDLGNJRAZVLK,Cc1ccc(-c2noc([C@H]3C[C@@H](C(F)(F)F)C3)n2)cc1NC(=O)c1cnc(-c2ccc3c(c2)CC(=O)N3)o1,,,7.0,0.5602474
RJDRMKMNQWMYKV,Cc1ncc(C(=O)Nc2cc(C(=O)Nc3cnc(N4CC[C@@H](F)C4)cn3)c(F)cc2C)s1,,,7.0,0.9977633
SIESDVFNNLJGLL,Cc1sc(-c2noc([C@H]3C[C@@H](OC(F)(F)F)C3)n2)cc1NC(=O)c1cnn2ccc(N3CC4(C3)CC(O)(C(F)F)C4)cc12,,,7.0,0.9645233
ZSPIADPFKNMBGS,O=C(Nc1cc(-c2noc(N3CC(O)(C(F)(F)F)C3)n2)ccc1Cl)c1cnn2ccc(N3CC4(C3)CC(O)(C(F)F)C4)cc12,,,7.0,0.9685469
FCZDJPAQUXFJNG,O=C(Nc1cc(-c2noc(N3CC(O)(C(F)(F)F)C3)n2)ccc1Cl)c1cnn2ccc(N3CC4(COC4)C3)cc12,,,7.0,0.9500187
VYUUCPLYJWRCSR,Cc1ncc(C(=O)Nc2cc(C(=O)Nc3cnc(N4CCC[C@@H]4C(F)(F)F)cn3)c(F)cc2C)s1,,,7.0,0.9952839
BQCMCPGVLDCHCQ,Cc1ccc(-c2noc([C@H]3C[C@@H]3F)n2)cc1NC(=O)c1cnc(-c2ccc3cnn(C)c3c2)o1,,,7.0,0.9787512
PGDADJOBJNPWMI,Cc1cc(F)c(C(=O)Nc2ccc(OC3CC3)cn2)cc1NC(=O)c1cnc(NC(=O)OC2CCC2)s1,,,7.0,0.9865639
POHASXZYKPFYFF,Cc1ccc(-c2noc([C@H]3C[C@@H]3F)n2)cc1NC(=O)c1cnc(-c2cccc3[nH]ccc23)o1,,,7.0,0.8850079
RHCNOMZDPMFPKH,Cc1cc2cc(-c3ncc(C(=O)Nc4cc(-c5noc([C@H]6C[C@@H]6F)n5)ccc4C)o3)ccc2[nH]1,,,7.0,0.9815615
SRMXGDOFWDFPMQ,Cc1cc(F)c(C(=O)N[C@H]2CCOC2)cc1NC(=O)c1cnc(NC(=O)N2CCOCC2)s1,,,7.0,0.9681024
ZESQFDQDMPEPJF,CCOC(=O)c1cc2cc(-c3ncc(C(=O)Nc4cc(-c5noc([C@H]6C[C@@H]6F)n5)ccc4C)o3)ccc2[nH]1,,,7.0,0.9920989
RSDVZDDVUWWYLP,Cc1nc2cc(-c3ncc(C(=O)Nc4cc(-c5noc([C@H]6C[C@@H]6F)n5)ccc4C)o3)ccc2[nH]1,,,7.0,0.97827065
PCVNYPHGEDZYEB,Cc1cc(F)c(C(=O)Nc2ccc(OC3CC3)cn2)cc1NC(=O)c1cnc(NC(=O)C2CCOC2)s1,,,7.0,0.9698573
OQSNERWZNHNJNP,Cc1ccc(-c2noc([C@H]3C[C@@H]3F)n2)cc1NC(=O)c1cnc(-c2ccc3c(c2)NCCO3)o1,,,7.0,0.85330015
SBUZQRXEHCCUIW,Cc1ccc(-c2noc([C@H]3C[C@@H]3F)n2)cc1NC(=O)c1cnc(-c2ccc3c(c2)C=CC(=O)C3)o1,,,7.0,0.9547617
BQPCOFNVPFRVST,Cc1cc(F)c(C(=O)N[C@H]2CCOC2)cc1NC(=O)c1cnc(NC(=O)N2CCC2)s1,,,7.0,0.9661459
BJDORUIOUHKGJU,Cc1ncc(C(=O)Nc2cc(C(=O)N[C@@H]3CC3c3ccccc3Cl)c(F)cc2C)s1,,,7.0,0.9865759
XMHAWOGPCYSAKX,Cc1ccc(-c2noc([C@H]3C[C@@H]3F)n2)cc1NC(=O)c1cnc(-c2cccc3cn[nH]c23)o1,,,7.0,0.9288725
MLTXVZGMXXLEJH,Cc1ccc(-c2noc([C@H]3C[C@@H]3F)n2)cc1NC(=O)c1cnc(-c2ccc3c(c2)OCCN3)o1,,,7.0,0.82563996
GTFKROHPYDDIJK,Cc1cc(F)c(C(=O)NCC2(F)CCC2)cc1NC(=O)c1cnc(NC(=O)N2CCC2)s1,,,7.0,0.98504686
LHAADSOBFUWWNK,CC1=NCc2ccc(-c3ncc(C(=O)Nc4cc(-c5noc([C@H]6C[C@@H]6F)n5)ccc4C)o3)cc21,,,7.0,0.92775166
OMHOCMHFDPRHLS,Cc1ccc(-c2noc([C@H]3C[C@@H]3F)n2)cc1NC(=O)c1cnc(-c2cnc3c(c2)C=CC3)o1,,,7.0,0.9331384
FZOFFGZILOACKG,Cc1cc(F)c(C(=O)NCC2(F)CC2)cc1NC(=O)c1cnc(NC(=O)N2CCC2)s1,,,7.0,0.9874423
GFMZLHBWEWUTOX,Cc1cc(F)c(C(=O)Nc2ccc3c(n2)COCC3)cc1NC(=O)c1cnc(N)s1,,,7.0,0.5606159
YGGNDKQJSLVTEO,Cc1cc(F)c(C(=O)Nc2ccc(C(C)(C)O)cn2)cc1NC(=O)c1cnc(N)s1,,,7.0,0.9343684
UOALJWPAQTWJKW,Cc1ccc(-c2noc([C@H]3C[C@@H]3F)n2)cc1NC(=O)c1cnc(-c2ccc3[nH]c4c(c3c2)CCNC4)o1,,,7.0,0.32106388
GQMKRQOGGHWUFB,COC(=O)N1CC(c2nc(-c3ccc(C)c(NC(=O)c4cnc(-c5ccc6c(c5)NC(=O)C6)o4)c3)no2)C1,,,7.0,0.5121798
UTUMUYXDDOPGSV,Cc1ccc(-c2nc([C@H]3C[C@@H]3C)co2)cc1NC(=O)c1cnn2ccc(N3CC4(COC4)C3)cc12,,,7.0,0.55545664
DJJSITBWGZHBGI,Cc1cc(F)c(C(=O)Nc2ccc3c(n2)CCOC3)cc1NC(=O)c1cnc(N)s1,,,7.0,0.4434288
YHHAGCPSPQTZGV,Cc1ccc(-c2nc([C@H]3C[C@@H]3C)c[nH]2)cc1NC(=O)c1cnn2ccc(N3CC4(COC4)C3)cc12,,,7.0,0.7712104
BBWOEARFSNQHLC,Cc1ccc(-c2noc([C@H]3C[C@@H]3F)n2)cc1NC(=O)c1cnc(-c2ccc3c(cnn3CC(C)(C)O)c2)o1,,,7.0,0.94134665
UYVCNKFVCDCTLG,Cc1ccc(-c2noc([C@H]3C[C@@H]3F)n2)cc1NC(=O)c1cnc(-c2ccc3nn(CC(C)(C)O)cc3c2)o1,,,7.0,0.8825693
APVAHKWDJYTIBB,COC(=O)Nc1ncc(C(=O)Nc2cc(C(=O)Nc3ccc(OC4CC4)cn3)c(F)cc2C)s1,,,7.0,0.99368435
RNFRCJCYCNWMLE,Cc1ccc(-c2noc([C@H]3C[C@@H]3F)n2)cc1NC(=O)c1cnc(-c2cccc3[nH]ncc23)o1,,,7.0,0.92798483
UUFLGGIQSYDNKR,Cc1cc(F)c(C(=O)Nc2cc3c(cn2)COC3)cc1NC(=O)c1cnc(N)s1,,,7.0,0.035707053
OYNAQNHVBSPQLR,Cc1ccc(-c2noc([C@H]3C[C@@H]3F)n2)cc1NC(=O)c1cnc(-c2ccc3c(c2)OCC(=O)N3)o1,,,7.0,0.3858731
DZZUUHWIUZVYMA,Cc1cc(F)c(C(=O)Nc2ccc(C(C)(O)C(F)(F)F)cn2)cc1NC(=O)c1cnc(N)s1,,,7.0,0.8961084
ANJGERPXJGJTES,Cc1cc(F)c(C(=O)NC2CN(C(=O)C3CC3)C2)cc1NC(=O)c1cnc(N)s1,,,7.0,0.951321
IJMRQTKGVUQBNT,Cc1ccc(-c2cnc(OC(F)F)nc2)cc1NC(=O)c1cnn2ccc(N3CC4(COC4)C3)cc12,,,7.0,0.98651344
FUNOSYYQUACKLR,Cc1ncc(-c2ncc(C(C)C)cn2)cc1NC(=O)c1cnn2ccc(N3CC4(C3)CC(O)(CC(F)F)C4)cc12,,,7.0,0.9957207
WIKJLHPOZVIWIC,Cc1cc(F)c(C(=O)Nc2ccc3c(n2)COC3)cc1NC(=O)c1cnc(N)s1,,,7.0,0.25589958
DKYBIIGMMMFSMV,Cc1ccc(-c2nc3n(n2)CCN(C(=O)OC(C)(C)C)C3)cc1NC(=O)c1cnn2ccc(N3CC4(C3)CC(O)(C(F)F)C4)cc12,,,7.0,0.25609007
XVKDDBMKYXIFKR,Cc1ccc(-c2ccc(C3CC3)cn2)cc1NC(=O)c1cnn2ccc(N3CC4(COC4)C3)cc12,,,7.0,0.89508253
ATGMCUQYSODJHJ,Cc1ccc(-c2ncc(C3CC3)cn2)cc1NC(=O)c1cnn2ccc(N3CC4(COC4)C3)cc12,,,7.0,0.7641936
HYWZTMVRFVSHTL,Cc1cc(F)c(C(=O)NCC(F)(F)F)cc1NC(=O)c1cnc(N)s1,,,7.0,0.9539271
HMWJDUTYYKLBAR,Cc1ncc(-c2ccc(OC(F)(F)F)cn2)cc1NC(=O)c1cnn2ccc(N3CC4(C3)CC(O)(CC(F)F)C4)cc12,,,7.0,0.99846053
HAPXJKZHARREBZ,Cc1cc(F)c(C(=O)Nc2ccc(O[C@H]3CCOC3)cn2)cc1NC(=O)c1cnc(N)s1,,,7.0,0.9835359
XCPFCOZSDLZHHO,Cc1cc(F)c(C(=O)Nc2ccc(S(C)(=O)=O)cn2)cc1NC(=O)c1cnc(N)s1,,,7.0,0.8644926
DCHUDMXXPKSSLG,Cc1ccc(-c2ncc3cccn3n2)cc1NC(=O)c1cnn2ccc(N3CC4(C3)CC(O)(C(F)F)C4)cc12,,,7.0,0.9852482
CJVOUXIZYUGQKY,Cc1cc(F)c(C(=O)Nc2ccc(C3(C#N)CC3)nn2)cc1NC(=O)c1cnc(N)s1,,,7.0,0.9956934
HNFUXNCUXXBYRW,Cc1ccc(-c2nc3cc(F)ccn3n2)cc1NC(=O)c1cnn2ccc(N3CC4(C3)CC(O)(C(F)F)C4)cc12,,,7.0,0.9915815
JOVDRFAKGQUPDO,Cc1ccc(-c2ncc3c(ccn3C(F)F)n2)cc1NC(=O)c1cnn2ccc(N3CC4(C3)CC(O)(C(F)F)C4)cc12,,,7.0,0.9915953
YKQPWVDYLBZUOX,Cc1ccc(-c2ncc(OC(F)F)cn2)cc1NC(=O)c1cnn2ccc(N3CC4(C3)CC(O)(C(F)F)C4)cc12,,,7.0,0.9921549
RHADORPRGSPGPI,Cc1cc(F)c(C(=O)Nc2ccc(C3(C#N)CC3)cn2)cc1NC(=O)c1cnc(N)s1,,,7.0,0.9938984
YLOSNKXFKVXGKT,Cc1ccc(-c2ncc(OC(F)(F)F)cn2)cc1NC(=O)c1cnn2ccc(N3CC4(C3)CC(O)(C(F)F)C4)cc12,,,7.0,0.9985245
GGADYYSFUURRRM,Cc1cc(F)c(C(=O)Nc2ccc(OC3CC3)cc2F)cc1NC(=O)c1cnc(N)s1,,,7.0,0.99654764
IABXQODAEJENOX,Cc1ncc(-c2ccc(C3CC3)cn2)cc1NC(=O)c1cnn2ccc(N3CC4(C3)CC(O)(C(F)F)C4)cc12,,,7.0,0.9730556
IUZBKEBNFFEAAH,Cc1ccc(-c2cnc(N3CC(O)(C(F)(F)F)C3)nc2)cc1NC(=O)c1cnn2ccc(N3CC4(COC4)C3)cc12,,,7.0,0.9631256
IMKAEPKGQCMXEU,Cc1cc(F)c(C(=O)Nc2ccc(C3CC3)cn2)cc1NC(=O)c1cnc(N)s1,,,7.0,0.96136546
GLKSBCCANNBDEP,Cc1cc(F)c(C(=O)Nc2ccc(OC3CC3)cn2)cc1NC(=O)c1cnc(N)s1,,,7.0,0.9940964
DZATVFRCZMEEDO,Cc1ccc(-c2ncc(C3CC3)cn2)cc1NC(=O)c1cnc(-c2ccc3c(c2)CC(=O)N3)o1,,,7.0,0.36487508
HJRRIIBBBLSPEB,Cc1ccc(-c2ncc(C(C)C)cn2)cc1NC(=O)c1cnn2ccc(N3CC4(COC4)C3)cc12,,,7.0,0.98891824
BSOFBQWPUMXBFT,Cc1ccc(-c2ccc(C3CC3)nc2)cc1NC(=O)c1cnn2ccc(N3CC4(COC4)C3)cc12,,,7.0,0.9304691
HZBGSTXEYAHLSO,Cc1cc(F)c(C(=O)N[C@H]2C[C@@H](F)C2)cc1NC(=O)c1cnc(N)s1,,,7.0,0.9803569
MNMCOHVSFIHAII,Cc1ccc(-c2ccc(C3CC3)nn2)cc1NC(=O)c1cnn2ccc(N3CC4(COC4)C3)cc12,,,7.0,0.9467425
SSKFMZIPDHASJR,Cc1ccc(-c2cnc(C3CC3)nc2)cc1NC(=O)c1cnn2ccc(N3CC4(COC4)C3)cc12,,,7.0,0.92129666
NQYZTQICKSFTBJ,Cc1ccc(-c2cnc(C3CC3)cn2)cc1NC(=O)c1cnn2ccc(N3CC4(COC4)C3)cc12,,,7.0,0.7525633
DGADTNOBLMQQAK,Cc1ccc(-c2ncc(C3CC3)cn2)cc1NC(=O)c1cnn2ccc(N3CC4(C3)CC(O)(C(F)F)C4)cc12,,,7.0,0.7912424
MHRCGHWXFLFVJB,CO[C@H]1C[C@@H](NC(=O)c2cc(NC(=O)c3cnc(N)s3)c(C)cc2F)C1,,,7.0,0.9878715
UIFOELPQWQVRPF,Cc1ccc(-c2cnc(C3CC3)nc2)cc1NC(=O)c1cnn2ccc(N3CC4(C3)CC(O)(CC(F)F)C4)cc12,,,7.0,0.91189027
PDMAZCNQCNRTMP,Cc1cc(F)c(C(=O)N[C@H]2C[C@@H](C#N)C2)cc1NC(=O)c1cnc(N)s1,,,7.0,0.98513216
JHMRJDGGOZMPMT,Cc1ccc(-c2ccc(C3CC3)cn2)cc1NC(=O)c1cnn2ccc(N3CC4(C3)CC(O)(CC(F)F)C4)cc12,,,7.0,0.9044956
XFPSPYJXTHSPDK,Cc1ccc(-c2ncc(OC(F)(F)F)cn2)cc1NC(=O)c1cnn2ccc(N3CC4(COC4)C3)cc12,,,7.0,0.9978383
BXWCPFCNODUPJC,Cc1ccc(-c2ccc(C(C)C)cn2)cc1NC(=O)c1cnn2ccc(N3CC4(COC4)C3)cc12,,,7.0,0.9694686
XQRASCFRVKNOBS,Cc1cc(F)c(C(=O)NC2CN(c3ncccn3)C2)cc1NC(=O)c1cnc(N)s1,,,7.0,0.99044776
XIEIPKSBZPRSII,Cc1sc(-c2ncc(C3CC3)cn2)cc1NC(=O)c1cnn2ccc(N3CC4(C3)CC(O)(CC(F)F)C4)cc12,,,7.0,0.6115166
CWMYHOIXOHTVMD,Cc1cc(F)c(C(=O)Nc2ccc(OC3CCC3)cn2)cc1NC(=O)c1cnc(N)s1,,,7.0,0.99330574
WJOAQTPDICTQSC,Cc1cc(F)c(C(=O)Nc2ccc(C3CC3)nn2)cc1NC(=O)c1cnc(N)s1,,,7.0,0.9870279
MGUQSWMZCQPZRZ,COc1ccc(NC(=O)c2cc(NC(=O)c3cnc(N)s3)c(C)cc2F)nc1,,,7.0,0.9658305
LXHBDOMLLLRGPH,Cc1ccc(NC(=O)c2cc(NC(=O)c3cnc(N)s3)c(C)cc2F)nc1,,,7.0,0.98069257
NKTULAHMXAVGKB,Cc1cc(F)c(C(=O)Nc2ccccn2)cc1NC(=O)c1cnc(N)s1,,,7.0,0.9743294
MQSAFJAAUDFRLT,Cc1cc(F)c(C(=O)Nc2ccn(C(C)(C)C)n2)cc1NC(=O)c1cnc(N)s1,,,7.0,0.9702166
JRIGNJVZPXXVRI,Cn1cc(-c2cc3c(N4CCN(c5ncc(Cc6ccccc6)cn5)CC4)ncnn3c2)cn1,,,9.0,0.9952297
AZZHGIGPMAOTAK,C[C@](N)(c1ccc(F)cc1)c1cnc(N2CCN(c3ncnn4cc(-c5cn[nH]c5)cc34)CC2)nc1,,,9.0,0.71291244
NAAYHVVGNGGMCD,CCn1cc(-c2cc3c(N4CCN(c5ncc([C@@](C)(N)c6ccccc6)cn5)CC4)ncnn3c2)cn1,,,9.0,0.9405101
MTJWFKJUOUUASD,C[C@](N)(c1ccccc1)c1cnc(N2CCN(c3ncnn4cc(-c5ccc(F)cc5)cc34)CC2)nc1,,,9.0,0.864169
NUGNCKGULUDHLA,Cn1cc(-c2cc3c(N4CCN(c5ncc([C@@](C)(O)c6ccc(F)cc6)cn5)CC4)ncnn3c2)cn1,,,9.0,0.959681
LJWXLUKNBCRQTI,C[C@@](O)(c1cnc(N2CCN(c3ncnn4cc(-c5cn[nH]c5)cc34)CC2)nc1)c1ccc(F)cc1F,,,9.0,0.827338
LPTNWPJTCGLERD,Cn1cc(-c2cc3c(N4CCN(c5ncc(Sc6ccccc6F)c(N)n5)CC4)ncnn3c2)cn1,,,9.0,0.9919927
NFVYFQANSTVZCL,CCn1cc(-c2cc3c(N4CCN(c5ncc([C@@](C)(O)c6ccc(F)cc6)cn5)CC4)ncnn3c2)cn1,,,9.0,0.91629285
PILDQVSYXZMXJU,Cn1cc(-c2cc3c(N4CCN(c5ncc([C@](C)(N)c6ccc(F)cc6F)cn5)CC4)ncnn3c2)cn1,,,9.0,0.9696013
KITBQERBRLWUEY,Cc1cc(F)c(C(=O)Nc2ccc(OC(C)C)cn2)cc1NC(=O)c1cnc(N)s1,,,7.0,0.97272635
ZCTYWMJYIMGCIF,Cc1cc(F)c(C(=O)Nc2ccc(OCC3CC3)cn2)cc1NC(=O)c1cnc(N)s1,,,7.0,0.98001957
UXATYDWKHISMCU,Cc1cc(F)c(C(=O)Nc2ccn(CC(C)C)n2)cc1NC(=O)c1cnc(N)s1,,,7.0,0.97367597
AGLIXNPFDWNNKU,Cc1cc(F)c(C(=O)Nc2ccn(C3CC(F)(F)C3)n2)cc1NC(=O)c1cnc(N)s1,,,7.0,0.97404623
UJXFSTJIHBTVHD,Cc1cc(F)c(C(=O)Nc2ccn(CC(F)F)n2)cc1NC(=O)c1cnc(N)s1,,,7.0,0.9670081
SUVDALCONAKAQV,Cc1cc(F)c(C(=O)Nc2ccc(OC3(C)CC3)cn2)cc1NC(=O)c1cnc(N)s1,,,7.0,0.99710554
GCCJQUTUHRABDT,Cc1cc(F)c(C(=O)Nc2ccn(C3CCOCC3)n2)cc1NC(=O)c1cnc(N)s1,,,7.0,0.94209754
FVAAAZBVRBMYPD,Cc1cc(F)c(C(=O)Nc2ccn([C@@H]3CCOC3)n2)cc1NC(=O)c1cnc(N)s1,,,7.0,0.9490649
KDXFIVHUYAPYBJ,Cc1cc(F)c(C(=O)Nc2ccn(CCO)n2)cc1NC(=O)c1cnc(N)s1,,,7.0,0.97857153
GEGZMCOHVYUYOF,Cc1cc(F)c(C(=O)Nc2ncc(C(C)C)s2)cc1NC(=O)c1cnc(N)s1,,,7.0,0.9710373
RFKUYYNGLNTOTI,Cc1cc(F)c(C(=O)Nc2nc3c(s2)COCC3)cc1NC(=O)c1cnc(N)s1,,,7.0,0.83320266
NCKHENDJLZWHOW,Cc1cc(F)c(C(=O)Nc2ccn(C3CCC3)n2)cc1NC(=O)c1cnc(N)s1,,,7.0,0.979957
LAHOMURIZDDQSI,COCCn1ccc(NC(=O)c2cc(NC(=O)c3cnc(N)s3)c(C)cc2F)n1,,,7.0,0.97296757
VHBXTAZDMVCSRI,Cc1cc(F)c(C(=O)Nc2cn[nH]c2)cc1NC(=O)c1cnc(N)s1,,,7.0,0.9650954
XLVRRSITGDDPAD,Cc1cc(F)c(C(=O)Nc2cc3n(n2)CCC3)cc1NC(=O)c1cnc(N)s1,,,7.0,0.24502382
UCIJZKQMNZECFT,Cc1cc(F)c(C(=O)Nc2ccn(CC3CC3)n2)cc1NC(=O)c1cnc(N)s1,,,7.0,0.9836625
ZDMRXAGEYJQUGI,Cc1cc(F)c(C(=O)Nc2ccn(CC(C)(C)O)n2)cc1NC(=O)c1cnc(N)s1,,,7.0,0.83984005
HEEAWHGGFHELIT,Cc1cc(F)c(C(=O)Nc2ccc(OC3CC3)c(C)n2)cc1NC(=O)c1cnc(N)s1,,,7.0,0.9963911
MZDWXXCXWLQACH,Cc1nnc(NC(=O)c2cc(NC(=O)c3cnc(N)s3)c(C)cc2F)s1,,,7.0,0.97031456
MRTKPSYADXHRTI,Cc1cc(F)c(C(=O)Nc2cnn(C3CC3)c2)cc1NC(=O)c1cnc(N)s1,,,7.0,0.4625646
DPUZREQGPAAFIM,Cc1cc(F)c(C(=O)Nc2ccn(C)n2)cc1NC(=O)c1cnc(N)s1,,,7.0,0.9841517
JHJNZNMEFIVGSV,Cc1cc(F)c(C(=O)Nc2ccn(C(C)C)n2)cc1NC(=O)c1cnc(N)s1,,,7.0,0.9822587
QRQVJVHLJCOZIJ,Cc1cnc(NC(=O)c2cc(NC(=O)c3cnc(N)s3)c(C)cc2F)s1,,,7.0,0.9771163
RCKSSMQZORJDCX,Cc1cc(F)c(C(=O)Nc2ccn(C3CC3)n2)cc1NC(=O)c1cnc(N)s1,,,7.0,0.97387755
RWTPUROGGRHHAE,COc1cc2ncnc(N3CCN(c4ncc(NCc5ccc6c(c5)OCO6)cn4)CC3)c2cc1OC,,,7.0,0.44659695
KOIXGTACDRYXOI,Cc1cc(F)c(C(=O)Nc2ccc(OC3CC3)cn2)cc1NC(=O)c1cncs1,,,7.0,0.9931471
QRKCJOAEVLOAOM,Cc1cc(F)c(C(=O)Nc2ccn(-c3ccccn3)n2)cc1NC(=O)c1cnc(N)s1,,,7.0,0.9459963
JCEYGDKYHHUNRZ,Cc1cc(F)c(C(=O)Nc2cnn(C(C)C)n2)cc1NC(=O)c1cnc(N)s1,,,7.0,0.9809794
ITCQUTLMVJTDKJ,Cc1cc(F)c(C(=O)Nc2nc(C3CC3)cs2)cc1NC(=O)c1cnc(N)s1,,,7.0,0.9314613
JWRIGSJESAQGOG,Cc1cc(F)c(C(=O)NCCc2ccc(F)cc2)cc1NC(=O)c1cnc(N)s1,,,7.0,0.8986544
VLDAXZNRNZROMR,Cc1cc(F)c(C(=O)NCCCN2CCOCC2)cc1NC(=O)c1cnc(N)s1,,,7.0,0.9468585
KPZIWFAXLPDUSA,Cc1cc(F)c(C(=O)Nc2cnn(C)c2)cc1NC(=O)c1cnc(N)s1,,,7.0,0.9714225
RTCJLCCMBLKMHJ,Cc1ncc(NC(=O)c2cc(NC(=O)c3cnc(N)s3)c(C)cc2F)s1,,,7.0,0.97717446
MFATYGCKMNIDPD,Cc1cc(F)c(C(=O)Nc2nnc(C3CC3)s2)cc1NC(=O)c1cnc(N)s1,,,7.0,0.9870651
IWAPDNMCPVITAL,Cc1cc(F)c(C(=O)Nc2cc(C(F)(F)F)ccn2)cc1NC(=O)c1cnc(N)s1,,,7.0,0.95986164
IEEWKEZZLSISBN,Cc1cc(F)c(C(=O)Nc2cc(C3CC3)[nH]n2)cc1NC(=O)c1cnc(N)s1,,,7.0,0.59449345
KQOQCJRNKPGMKX,Cc1cc(F)c(C(=O)Nc2ccn(-c3ccccc3)n2)cc1NC(=O)c1cnc(N)s1,,,7.0,0.90949816
XUTGVGRILRUTML,Cc1cc(F)c(C(=O)Nc2ccc3c(c2)C(C)(C)C(=O)N3)cc1NC(=O)c1cnc(N)s1,,,7.0,0.98763484
ZDFSOAJDYURWCH,Cc1cc(F)c(C(=O)Nc2ccc3c(c2)NC(=O)C3(C)C)cc1NC(=O)c1cnc(N)s1,,,7.0,0.90080494
ZPXICCVZHPADEQ,CO[C@H]1C[C@@H](n2ccc(NC(=O)c3cc(NC(=O)c4cnc(N)s4)c(C)cc3F)n2)C1,,,7.0,0.96620554
VMESBFSOVFPKAG,Cc1cc(F)c(C(=O)Nc2cc3n(n2)CCN(C)C3)cc1NC(=O)c1cnc(N)s1,,,7.0,0.13011855
DSPUZVZWLAYGOX,CCn1ccc(NC(=O)c2cc(NC(=O)c3cnc(N)s3)c(C)cc2F)n1,,,7.0,0.9836908
JFONIZQBHDFRFW,Cc1cc(F)c(C(=O)Nc2cc3n(n2)CCOC3)cc1NC(=O)c1cnc(N)s1,,,7.0,0.061882474
OVXAKNSXXGLDOL,Cc1cc(F)c(C(=O)Nc2ccn(C(F)F)n2)cc1NC(=O)c1cnc(N)s1,,,7.0,0.96898896
WZCGBVVLHGAHAC,Cc1cc(F)c(C(=O)Nc2cc(C3CC3)ccn2)cc1NC(=O)c1cnc(N)s1,,,7.0,0.91554475
PXMRGVWTBJTKRM,Cc1cc(F)c(C(=O)NCC2(F)CC2)cc1NC(=O)c1cnc(N)s1,,,7.0,0.9916293
HZQYMTUJMUSXIV,Cc1cc(F)c(C(=O)NCC2(F)CCC2)cc1NC(=O)c1cnc(N)s1,,,7.0,0.9881485
QTDXAPIRPMTWNF,COc1ccnc(NC(=O)c2cc(NC(=O)c3cnc(N)s3)c(C)cc2F)c1,,,7.0,0.95963156
LOCCAIPVJUIIJO,Cc1cc(F)c(C(=O)Nc2ccc3c(c2)C(F)(F)C(=O)N3)cc1NC(=O)c1cnc(N)s1,,,7.0,0.9802287
PIAJZNZVDNSRMF,COC(c1ccc(NC(=O)c2cc(NC(=O)c3cnc(N)s3)c(C)cc2F)nc1)C1CC1,,,7.0,0.98196113
DIKLGRNRTPQRQX,Nc1ncc(C(=O)Nc2cc(C(=O)NC3CC3)c(F)cc2Cl)s1,,,7.0,0.94663745
GTJKBCSNZZCNNH,Cc1cc(F)c(C(=O)Nc2ccc(OC3COC4(CC4)C3)cn2)cc1NC(=O)c1cnc(N)s1,,,7.0,0.9984578
UTQFTOPXSMOFLI,Cc1cc(F)c(C(=O)Nc2ccc(COC(C)C)cn2)cc1NC(=O)c1cnc(N)s1,,,7.0,0.9719116
HLGGXCKKFKUUEE,Cc1cc(F)c(C(=O)N[C@H]2CCOC2)cc1NC(=O)c1cnc(N)s1,,,7.0,0.9794087
HLHYARDBEAFRGV,CCOCc1ccc(NC(=O)c2cc(NC(=O)c3cnc(N)s3)c(C)cc2F)nc1,,,7.0,0.96790564
BKYHZSBSBVWZCK,Nc1ncc(C(=O)Nc2cc(C(=O)Nc3cnc(C4CC4)cn3)c(F)cc2Cl)s1,,,7.0,0.2806137
GSLFEQRKGSLODX,Nc1ncc(C(=O)Nc2cc(C(=O)Nc3cnc(C4CC4)nc3)c(F)cc2Cl)s1,,,7.0,0.9271239
VGFPGBIVDVHMIH,CC(C)Oc1ccc(NC(=O)c2cc(NC(=O)c3cnc(N)s3)c(Cl)cc2F)nc1,,,7.0,0.9125942
VBPFJWDCVSNKPI,Nc1ncc(C(=O)Nc2cc(C(=O)Nc3ccc(C(F)F)cn3)c(F)cc2Cl)s1,,,7.0,0.9096658
JOTSAAGSYKFXCY,COCc1ccc(NC(=O)c2cc(NC(=O)c3cnc(N)s3)c(Cl)cc2F)nc1,,,7.0,0.9130893
SHBBHXVMCUGQSW,Nc1ncc(C(=O)Nc2cc(C(=O)Nc3ccc(C4CC4)nn3)c(F)cc2Cl)s1,,,7.0,0.9605464
MQNNISRNIROGPK,Nc1ncc(C(=O)Nc2cc(C(=O)Nc3ncc(C4CC4)cn3)c(F)cc2Cl)s1,,,7.0,0.6297161
GLHDAAJHFVURSC,CCOc1ccc(NC(=O)c2cc(NC(=O)c3cnc(N)s3)c(F)cc2F)nc1,,,7.0,0.9515881
QATDOEVAENKRRA,COc1ccc(NC(=O)c2cc(NC(=O)c3cnc(N)s3)c(F)cc2F)nc1,,,7.0,0.9536535
FZIKDNMZJFUNEB,Nc1ncc(C(=O)Nc2cc(C(=O)Nc3ccc(OCC(F)F)cn3)c(F)cc2F)s1,,,7.0,0.93952143
IOESEMVFDDMXJP,Cc1ccc(-c2noc([C@H]3C[C@@H]3F)n2)cc1NC(=O)c1cnn2ccccc12,,,7.0,0.91846013
YUPVZEIZRAKIAK,CCN1CCN(c2cc(Nc3ncc(-c4ccccn4)s3)nc(C)n2)CC1,,7.0,7.0,0.96548235
ODMPEPVBRWMNRG,Nc1ncc(C(=O)Nc2cc(C(=O)Nc3ccc(OC(F)F)cn3)c(F)cc2Cl)s1,,,7.0,0.9364357
DWKUBGZBMYNETI,Nc1ncc(C(=O)Nc2cc(C(=O)Nc3ccc(OC(F)(F)F)cn3)c(F)cc2F)s1,,,7.0,0.97779477
NYQLGCKRRWCVRJ,Nc1ncc(C(=O)Nc2cc(C(=O)Nc3ccc(OC4CC4)cn3)c(F)cc2Cl)s1,,,7.0,0.9778796
SKYSFVLMBOAZOD,CC(C)Oc1ccc(NC(=O)c2cc(NC(=O)c3cnc(N)s3)c(F)cc2F)nc1,,,7.0,0.9585168
CPAQVXRGMUNHJH,Cc1ccc(-c2noc([C@H]3C[C@@H]3F)n2)cc1NC(=O)c1cnc2sccn12,,,7.0,0.96023786
UEXZJNAXMKIHJD,Cc1ccc(-c2noc([C@H]3C[C@@H]3F)n2)cc1NC(=O)c1cnn2ccc(N3CCS(=O)(=O)CC3)cc12,,,7.0,0.7902638
OVHCYQLQWIBDLV,Cc1ccc(-c2noc([C@H]3C[C@@H]3F)n2)cc1NC(=O)c1cnn2ccc(Br)cc12,,,7.0,0.97433937
ODPMIHQQSQQIBB,Nc1ncc(C(=O)Nc2cc(C(=O)Nc3ccc(OCC(F)(F)F)cn3)c(F)cc2F)s1,,,7.0,0.9650665
BPXZFPNFKFOQLP,Cc1ccc(-c2noc([C@H]3C[C@@H]3F)n2)cc1NC(=O)c1cnn2cc(Br)ccc12,,,7.0,0.9704005
NECAAKFLCOQNCQ,CCN1CCN(c2cc(Nc3ncc(-c4ccnc(C)c4)s3)nc(C)n2)CC1,,7.0,7.0,0.98750347
YZMDRNOSQQZVMU,Nc1ncc(C(=O)Nc2cc(C(=O)Nc3ccc(OC(F)F)cn3)c(F)cc2F)s1,,,7.0,0.9591905
ZQXNBXQTDYOQCL,CCc1ccc(NC(=O)c2cc(NC(=O)c3cnc(N)s3)c(F)cc2F)nc1,,,7.0,0.9825922
PJAUVKZDIJXSRI,Nc1ncc(C(=O)Nc2cc(C(=O)Nc3ccc(C(F)F)cn3)c(F)cc2F)s1,,,7.0,0.9546856
YBFHQNWKSBKLSI,Nc1ncc(C(=O)Nc2cc(C(=O)Nc3ccc(C(F)(F)F)cn3)c(F)cc2F)s1,,,7.0,0.9517934
FIPYYZDMRXMENH,C/C=C/c1ccn2ncc(C(=O)Nc3cc(-c4noc([C@H]5C[C@@H]5F)n4)ccc3C)c2c1,,,7.0,0.58143556
HYUGTGGDEAGXJP,CCC[C@H](C)Nc1ncc2c(-c3ccc(CN4CCCN(C)CC4)cc3)cn([C@H]3CC[C@H](O)CC3)c2n1,,,7.0,0.091214605
JYRBCZFRZRAXEV,Cc1cc(F)c(C(=O)Nc2ccc(C(F)F)cn2)cc1NC(=O)c1cnc(N)s1,,,7.0,0.9618639
LKTBCOYWLWOGFX,Cc1cc(F)c(C(=O)Nc2ccc(C(F)C(F)(F)F)cn2)cc1NC(=O)c1cnc(N)s1,,,7.0,0.8692141
ZVUZHXRPUJCMON,COc1ccc(NC(=O)c2cc(NC(=O)c3cnc(N)s3)c(C)cc2F)c(F)c1,,,7.0,0.9793363
FTPUUJRZIIKFKL,Cc1ccc(-c2noc([C@H]3C[C@@H]3F)n2)cc1NC(=O)c1cnn2ccc(CO)cc12,,,7.0,0.9320155
BDLQDXMNDRPTGL,Cc1ccc(-c2noc([C@H]3C[C@@H]3F)n2)cc1NC(=O)c1cnn2ccc(CN3CCOCC3)cc12,,,7.0,0.74140596
DAGQEOZMPHEYPA,Cc1cc(F)c(C(=O)Nc2ccc(OC(F)F)cc2)cc1NC(=O)c1cnc(N)s1,,,7.0,0.9557549
BYZIOSQDNUXBDP,Cc1ccc(-c2noc([C@H]3C[C@@H]3F)n2)cc1NC(=O)c1cnn2ccc(C=O)cc12,,,7.0,0.88938206
RJXBVCXLXMSXMP,Nc1ncc(C(=O)Nc2cc(C(=O)Nc3ccc(OC4CC4)cn3)c(F)cc2F)s1,,,7.0,0.9906185
IEEIZRGZENMVTR,Nc1ncc(C(=O)Nc2cc(C(=O)Nc3ccc(CC(F)(F)F)cn3)c(F)cc2F)s1,,,7.0,0.9594826
ZJXOMMRUKNTVHI,COc1ccn2ncc(C(=O)Nc3cc(-c4noc([C@H]5C[C@@H]5F)n4)ccc3C)c2c1,,,7.0,0.9187553
JDVCLRWHCJRBIR,Cc1ccc2c(C(=O)Nc3cc(-c4noc([C@H]5C[C@@H]5F)n4)ccc3C)cnn2c1,,,7.0,0.9625655
YXZWACQFUBANBU,COc1ccc2c(C(=O)Nc3cc(-c4noc([C@H]5C[C@@H]5F)n4)ccc3C)cnn2c1,,,7.0,0.94882184
JZQZFJRHLFWKMZ,Cc1ccc(-c2noc([C@H]3C[C@@H]3F)n2)cc1NC(=O)c1cnn2ccc(Cl)cc12,,,7.0,0.9304578
QRXJMSXDEPKQEH,Cc1cc(Cl)c(C(=O)Nc2ccc(OC3CC3)cn2)cc1NC(=O)c1cnc(N)s1,,,7.0,0.968679
CMIWNPNEWWGZOF,Cc1ccc(-c2noc([C@H]3C[C@@H]3F)n2)cc1NC(=O)c1cnn2cc(C3CC3)ccc12,,,7.0,0.911369
HHPVJSSCHILBJE,Cc1ccc(-c2noc([C@H]3C[C@@H]3F)n2)cc1NC(=O)c1cnn2cc(Cl)ccc12,,,7.0,0.9464715
XRFOHLIDCNPTJK,Cc1ccc(-c2noc([C@H]3C[C@@H]3F)n2)cc1NC(=O)c1cnn2cc(N3CC4(COC4)C3)ccc12,,,7.0,0.98671085
NKLMDTDFOKOHFO,Cc1ccc(-c2noc([C@H]3C[C@@H]3F)n2)cc1NC(=O)c1cnn2ccc(C3CC3)cc12,,,7.0,0.859641
JLTUPTCQLCTSQG,Cc1ccc(-c2noc([C@H]3C[C@@H]3F)n2)cc1NC(=O)c1cnc2n1CCc1ccccc1-2,,,7.0,0.94804484
SACOUWXFEYBEHK,Cc1cc(F)c(C(=O)Nc2ccc(F)cc2)cc1NC(=O)c1cnc(N)s1,,,7.0,0.96381897
FECBKSCQNZEJCD,Cc1ccc(-c2noc([C@H]3C[C@@H]3F)n2)cc1NC(=O)c1cnc2n1Cc1ccccc1-2,,,7.0,0.9123799
XVJUDJHGZAFHJW,Cc1cc(F)c(C(=O)Nc2cccc(F)c2)cc1NC(=O)c1cnc(N)s1,,,7.0,0.9733018
WMSIPHWIIVIPJT,C#Cc1ccn2ncc(C(=O)Nc3cc(-c4noc([C@H]5C[C@@H]5F)n4)ccc3C)c2c1,,,7.0,0.91166866
VWSBJDIYCULYEN,Cc1ccc(-c2noc([C@H]3C[C@@H]3F)n2)cc1NC(=O)c1cnn2cc(-c3cn(CCO)nn3)ccc12,,,7.0,0.93812704
ASRJMRDFMUOPLQ,C#Cc1ccc2c(C(=O)Nc3cc(-c4noc([C@H]5C[C@@H]5F)n4)ccc3C)cnn2c1,,,7.0,0.9473363
NDMWYTPTDODDIG,Cc1cc(F)c(C(=O)Nc2ccc(OC3CC3)cn2)cc1NC(=O)c1cnc(NCC(F)F)s1,,,7.0,0.9896034
SWCJRMJCQOSFSV,Cc1ccc(-c2noc([C@H]3C[C@@H]3F)n2)cc1NC(=O)c1cnn2cc(-c3cn(C(F)F)nn3)ccc12,,,7.0,0.9247128
XOMMHEPSLDZVQX,Cc1ccc(-c2noc([C@H]3C[C@@H]3F)n2)cc1NC(=O)c1cnc2n1C(C)c1ccccc1-2,,,7.0,0.922613
VSCJIQJMDMJKOD,Cc1cc(F)c(C(=O)Nc2ccccc2F)cc1NC(=O)c1cnc(N)s1,,,7.0,0.9767801
OZANZBFWFUHALV,COc1ccc(NC(=O)c2cc(NC(=O)c3cnc(N)s3)c(C)cc2F)cc1,,,7.0,0.8985307
WIYVDZQROGSBMZ,Cc1cc(F)c(C(=O)Nc2ccc(OC3CC3)cc2)cc1NC(=O)c1cnc(N)s1,,,7.0,0.99036473
FLIRDODSLCOSPR,Cc1ccc(-c2noc(C3C[C@@H]3F)n2)cc1NC(=O)c1cnn2ccc(N)cc12,,,7.0,0.9431452
CHJCGPUWMUDTKZ,Cc1cc(F)c(C(=O)Nc2ccc(Cl)cc2)cc1NC(=O)c1cnc(N)s1,,,7.0,0.95738924
LWILKFPLRUPVJP,Cc1ccc(-c2noc([C@H]3C[C@@H]3F)n2)cc1NC(=O)c1cnn2ccc(-c3nnn(CC(C)(C)O)n3)cc12,,,7.0,0.7204062
CRJGRLQNTZNQFN,Cc1ccc(-c2noc([C@H]3C[C@@H]3F)n2)cc1NC(=O)c1cnn2cc(-c3cnn(C(F)F)c3)ccc12,,,7.0,0.96634734
PJJKQZWXZAZJOW,CC(=O)Nc1ncc(C(=O)Nc2cc(C(=O)Nc3ccc(OC4CC4)cn3)c(F)cc2C)s1,,,7.0,0.9845955
CSBOSYGVKTZTAE,Cc1ccc(-c2noc([C@H]3C[C@@H]3F)n2)cc1NC(=O)c1cnn2ccc(-c3cn(C45CC(C(F)(F)F)(C4)C5)nn3)cc12,,,7.0,0.9947896
SZQHWQBJSMMPKM,Cc1ccc(-c2noc([C@H]3C[C@@H]3F)n2)cc1NC(=O)c1cnn2ccc(-c3cnn(C(C)(C)CO)c3)cc12,,,7.0,0.9245856
PISFTIYWFCBBGU,Cc1ncc(C(=O)Nc2cc(C(=O)Nc3ccc(CC(F)(F)F)cn3)c(F)cc2C)s1,,,7.0,0.97918314
YDRTURZMXJVCCF,Cc1ccc(-c2noc([C@H]3C[C@@H]3F)n2)cc1NC(=O)c1cnn2cc(-c3cnn(C(C)(C)CO)c3)ccc12,,,7.0,0.9395129
JZJBPFRLTQIPEQ,Cc1ccc(-c2noc([C@H]3C[C@@H]3F)n2)cc1NC(=O)c1cnn2ccc(-c3cnn(CCO)c3)cc12,,,7.0,0.949012
KFWVBFUJDHWPPD,Cc1ccc(-c2noc([C@H]3C[C@@H]3F)n2)cc1NC(=O)c1cnn2cc(-c3cnn(CCO)c3)ccc12,,,7.0,0.9562944
FYONKRQUTPFGEG,Cc1ccc(-c2noc([C@H]3C[C@@H]3F)n2)cc1NC(=O)c1cnn2ccc(-c3cnn(C4COC4)c3)cc12,,,7.0,0.38388193
VWLKGJHLICLATB,Cc1ccc(-c2noc([C@H]3C[C@@H]3F)n2)cc1NC(=O)c1cnn2cc(-c3cnn(C4COC4)c3)ccc12,,,7.0,0.50373995
XUOCHRPZTDOOPV,Cc1ccc(-c2noc([C@H]3C[C@@H]3F)n2)cc1NC(=O)c1cnn2cc(-c3ccn(C(F)F)n3)ccc12,,,7.0,0.9476179
UCRBQNWFWPPZSO,CNc1ncc(C(=O)Nc2cc(C(=O)Nc3ccc(OC4CC4)cn3)c(F)cc2C)s1,,,7.0,0.99442345
BOWDPOKMDZYKSQ,Cc1ccc(-c2noc([C@H]3C[C@@H]3F)n2)cc1NC(=O)c1cnn2ccc(-c3ccn(C(F)F)n3)cc12,,,7.0,0.9067353
WZFRXZCKKHZNPR,COCCn1cc(-c2ccc3c(C(=O)Nc4cc(-c5noc([C@H]6C[C@@H]6F)n5)ccc4C)cnn3c2)nn1,,,7.0,0.9291808
ITXZWJHIHUWYMZ,Cc1ccc(-c2noc([C@H]3C[C@@H]3F)n2)cc1NC(=O)c1cnn2cc(-c3cn(C[C@H](C)O)nn3)ccc12,,,7.0,0.85264194
GVYWWZIGQZNBNU,CN(C)C(=O)c1ccc(-c2cc3c(N4CCN(c5ccccc5)CC4)ncnn3c2)cc1,,,7.0,0.7113023
UAENYAFPVHVYHC,Cc1ccc(-c2noc([C@H]3C[C@@H]3F)n2)cc1NC(=O)c1cnn2cc(-c3cn(C4CC4)nn3)ccc12,,,7.0,0.75991064
UBTNEJGQDLPNSN,Cc1ccc(-c2noc([C@H]3C[C@@H]3F)n2)cc1NC(=O)c1cnn2cc(-c3cn(C4CC(F)(F)C4)nn3)ccc12,,,7.0,0.7664336
WEMRPKAYNXBRCT,COc1cc(OC)cc(-c2cc3c(N4CCN(c5ccccc5)CC4)ncnn3c2)c1,,,7.0,0.9510994
BWXMYNBEDBGCKJ,Cc1ccc(-c2noc([C@H]3C[C@@H]3F)n2)cc1NC(=O)c1cnn2cc(-c3cn(CC(F)(F)F)nn3)ccc12,,,7.0,0.92200184
WCDOECXTFOVOPI,Cn1cc(-c2cc3c(N4CCN(c5ccccc5)CC4)ncnn3c2)cn1,,,7.0,0.9381009
MWOLISAQKONGOA,Cc1ccc(-c2noc([C@H]3C[C@@H]3F)n2)cc1NC(=O)c1cnn2cc(-c3cn(C(F)(F)F)nn3)ccc12,,,7.0,0.9605564
FECKAEJUMFFWNK,COc1ccc(-c2cc3c(N4CCN(c5ccccc5)CC4)ncnn3c2)cc1,,,7.0,0.9423043
WDXLNJNHNHVBMT,Nc1ncc(C(=O)Nc2cc(C(=O)Nc3ccc(OC4CC4)cn3)c(F)cc2Br)s1,,,7.0,0.9664715
LLWOMQRYJTXHEJ,Cc1ccc(-c2noc([C@H]3C[C@@H]3F)n2)cc1NC(=O)c1cnn2ccc(-c3cn(C45CC(F)(C4)C5)nn3)cc12,,,7.0,0.9661549
UAZTUWGYVBIMRJ,Cc1ccc(-c2noc([C@H]3C[C@@H]3F)n2)cc1NC(=O)c1cnn2ccc(-c3cn(CC(C)(C)O)nn3)cc12,,,7.0,0.64162403
HNWUUHXZUQTESH,Cc1cc(F)c(C(=O)Nc2ccc(OC3CC3)cn2)cc1NC(=O)c1cnc(NC(=N)C2CC2)s1,,,7.0,0.98616415
VIDILONSRVXINT,Cc1ccc(-c2noc([C@H]3C[C@@H]3F)n2)cc1NC(=O)c1cnn2cc(-c3cn(CC(C)(C)O)nn3)ccc12,,,7.0,0.75219715
QNOOZLKBDMUJJR,Cc1ccc(-c2noc([C@H]3C[C@@H]3F)n2)cc1NC(=O)c1cnn2cc(-c3cn(CC4(C)COC4)nn3)ccc12,,,7.0,0.8529295
WFKFRFWYVHBMNZ,COc1ccc(CNc2ccc(Cc3c[nH]c4ncc(F)cc34)c(F)n2)cn1,,,7.0,0.51412004
KIYZZSWMJCJKKW,CS(=O)(=O)Nc1cnc2[nH]cc(Cc3ccc(NCc4ccc(Cl)nc4)nc3F)c2c1,,,7.0,0.08107283
NHOXYPRTUDEVKP,Cc1cc(F)c(C(=O)Nc2ccc(CN3CCOCC3)cn2)cc1NC(=O)c1cnc(N)s1,,,7.0,0.9870552
FTVBQUQKANXSCE,Cc1ccc(-c2noc([C@H]3C[C@@H]3F)n2)cc1NC(=O)c1cnn2ccc(-c3c(C)nn(CCN4CCOCC4)c3C)cc12,,,7.0,0.77136475
UFYPFASIUYPWBC,Fc1cncc(CNc2ccc(Cc3c[nH]c4ncc(Cl)cc34)c(F)n2)c1,,,7.0,0.67858154
PXOVZCNRKSDDEF,Cc1ncc(-c2ccn3ncc(C(=O)Nc4cc(-c5noc([C@H]6C[C@@H]6F)n5)ccc4C)c3c2)cn1,,,7.0,0.9432881
YEXCEOBSRVJSMS,Cc1ccc(-c2noc([C@H]3C[C@@H]3F)n2)cc1NC(=O)c1cnn2ccc(-c3cnc(C4CC4)nc3)cc12,,,7.0,0.90426904
OCIFPDJMYDEPIS,Cc1ncc(C(=O)Nc2cc(C(=O)Nc3ccc(CC4CC4)cn3)c(F)cc2C)s1,,,7.0,0.992157
SAFOTDWVXQFYAH,Cc1ccc(-c2noc([C@H]3C[C@@H]3F)n2)cc1NC(=O)c1cnn2ccc(-c3c(C)n[nH]c3C)cc12,,,7.0,0.8318939
BJLBZOPZJZAOPQ,Cc1cc(F)c(C(=O)Nc2ccc(CN3CCN(C)CC3)cn2)cc1NC(=O)c1cnc(N)s1,,,7.0,0.99129045
IIGBPWZPOXIJNF,Cc1ccc(-c2noc([C@H]3C[C@@H]3F)n2)cc1NC(=O)c1cnn2ccc(-c3cnc(NC4CC4)nc3)cc12,,,7.0,0.81474674
STCCHHNNQGWUKB,Cc1cc(F)c(C(=O)Nc2cncc(C(F)F)c2)cc1NC(=O)c1cnc(N)s1,,,7.0,0.9729047
OFMLHQAVYUZTEL,Cc1ccc(-c2noc(C3C[C@@H]3F)n2)cc1NC(=O)c1cnn2ccc(N3C[C@H](CS(C)(=O)=O)[C@@H]3C)cc12,,,7.0,0.81726724
FHPWLAWTGBVVFI,COc1cnc2[nH]cc(Cc3ccc(NCc4cncc(F)c4)nc3F)c2c1,,,7.0,0.37256116
JEBPHYLTQDQTKX,Cc1ccc(-c2noc([C@H]3C[C@@H]3F)n2)cc1NC(=O)c1cnn2ccc(N3CCC4(COC4)C3)cc12,,,7.0,0.92835385
RTGVPSAXYOKKJK,COc1ccc(CNc2ccc(Cc3c[nH]c4ncc(C)cc34)c(F)n2)cn1,,,7.0,0.95974094
YVRMJKKDODMWOO,Cc1cc(F)c(C(=O)Nc2ccc(COCC3CC3)cn2)cc1NC(=O)c1cnc(N)s1,,,7.0,0.9847691
PKBNPSMQJMNTGO,Cc1nc(C)c(-c2ccn3ncc(C(=O)Nc4cc(-c5noc([C@H]6C[C@@H]6F)n5)ccc4C)c3c2)s1,,,7.0,0.92385
FBZGWPOPVWFXLR,COc1cnc2[nH]cc(Cc3ccc(NCc4ccc(OC)nc4)nc3F)c2c1,,,7.0,0.6081758
FLEZRJGFKHOZOI,Cc1cc(F)c(C(=O)Nc2ccc(CC3CC3)cn2)cc1NC(=O)c1cnc(N)s1,,,7.0,0.9903335
DSPSSAWRSZUQLL,Cc1nccc(-c2ccn3ncc(C(=O)Nc4cc(-c5noc([C@H]6C[C@@H]6F)n5)ccc4C)c3c2)n1,,,7.0,0.9147061
CLVZDUIYCBVJLA,Cc1cnc2[nH]cc(Cc3ccc(NCc4ccc(C(F)(F)F)nc4)nc3F)c2c1,,,7.0,0.97904235
LTEQMFZMSRXESX,Cc1ncc(-c2ccn3ncc(C(=O)Nc4cc(-c5noc([C@H]6C[C@@H]6F)n5)ccc4C)c3c2)c(C)n1,,,7.0,0.945514
VGIQGLKLYJAAEG,Cc1cc(F)c(C(=O)Nc2cncc(C(F)(F)F)c2)cc1NC(=O)c1cnc(N)s1,,,7.0,0.94816357
NXTXPAVYXXMMRM,Cc1cc(F)c(C(=O)Nc2ccc(OC3CC3)cn2)cc1NC(=O)c1cnc(NC(=O)N2CCC2)s1,,,7.0,0.99024594
QGQODCDKRMKJDK,COc1ncccc1CNc1ccc(Cc2c[nH]c3ncccc23)c(F)n1,,,7.0,0.56534886
RIKWDNOCJPUYCT,Cc1ccc(-c2noc([C@H]3C[C@@H]3F)n2)cc1NC(=O)c1cnn2cc(-c3ccc(F)cc3)ccc12,,,7.0,0.92304987
VYZQJQZLBIQWTL,COc1cnc(CNc2ccc(Cc3c[nH]c4ncc(C)cc34)c(F)n2)cc1F,,,7.0,0.966228
SGQIWPVQYQPSMA,COCC1(c2ccc(NC(=O)c3cc(NC(=O)c4cnc(N)s4)c(C)cc3F)nc2)CC1,,,7.0,0.9980983
FFMGEOSZYJSCQA,COCCn1nc(C)c(-c2ccn3ncc(C(=O)Nc4cc(-c5noc([C@H]6C[C@@H]6F)n5)ccc4C)c3c2)c1C,,,7.0,0.8816694
QQYBNPCNVNQSRK,COc1ncccc1CNc1ccc(Cc2c[nH]c3ncc(C)cc23)c(F)n1,,,7.0,0.9538835
FSKUZZHKKZFLMN,Cc1ncc(C(=O)Nc2cc(C(=O)Nc3ccc(OC4CC4)cn3)c(F)cc2C)s1,,,7.0,0.99516726
APRBCMHBITVESU,Cc1ccc(-c2noc([C@H]3C[C@@H]3F)n2)cc1NC(=O)c1cnn2cc(-c3c(C)nn(CC(C)(C)O)c3C)ccc12,,,7.0,0.85985094
PWQPFFMSTWHBTA,Cc1ccc(-c2noc([C@H]3C[C@@H]3F)n2)cc1NC(=O)c1cnn2ccc(-c3c(C)nn(C4COC4)c3C)cc12,,,7.0,0.76493007
OLQODSJHRJYJIW,COc1ccnc2[nH]cc(Cc3ccc(NCc4ccc(Cl)cc4)nc3F)c12,,,7.0,0.19563173
PBZNGBHNSORYFG,Cc1c(F)cc(C(=O)Nc2ccc(OC3CC3)cn2)cc1NC(=O)c1cnc(N)s1,,,7.0,0.9815346
VXFGBNIRMRPOQF,Cc1ccc(-c2noc([C@H]3C[C@@H]3F)n2)cc1NC(=O)c1cnn2ccc(-c3cnn(CC(C)(C)O)c3)cc12,,,7.0,0.86329204
SXMVDOWLRVXGBP,COc1ccc(CNc2ncc(Cc3c[nH]c4ncc(Cl)cc34)cn2)cn1,,,7.0,0.8656402
PYXRRKAZHRNYIX,Cc1ccc(-c2noc([C@H]3C[C@@H]3F)n2)cc1NC(=O)c1cnn2cc(-c3cnn(CC(C)(C)O)c3)ccc12,,,7.0,0.87921804
GKLDYZQMDUADGI,COc1cnc2[nH]cc(Cc3ccc(NCc4cccnc4OC)nc3F)c2c1,,,7.0,0.6411141
XHUHOWOZHCBOOR,Cc1ccc(-c2noc([C@H]3C[C@@H]3F)n2)cc1NC(=O)c1cnn2ccc(-c3cnc(N(C)C)nc3)cc12,,,7.0,0.92260146
NYJZMHUFDZQMKE,COc1ncc(F)cc1CNc1ncc(Cc2c[nH]c3ncc(Cl)cc23)cn1,,,7.0,0.54872495
JEYWLGNUKVSWDE,Cc1cnc2[nH]cc(Cc3ccc(NCc4ccnc(C)c4)nc3F)c2c1,,,7.0,0.95911896
JTKMBOKGALUZTQ,Cc1ncc(C(=O)Nc2cc(C(=O)Nc3cnc(OCC(C)(F)F)cn3)c(F)cc2C)s1,,,7.0,0.91709995
JDHXFTOMJYWVGM,Cc1ccc(-c2noc([C@H]3C[C@@H]3F)n2)cc1NC(=O)c1cnn2ccc(-c3cncnc3)cc12,,,7.0,0.89269644
IFMNZLKDCPETDL,COc1cc(CNc2ccc(Cc3c[nH]c4ncc(C)cc34)c(F)n2)c(F)cn1,,,7.0,0.95970523
AAIILDXHKWMQSX,Cc1ccc(-c2noc([C@H]3C[C@@H]3F)n2)cc1NC(=O)c1cnn2ccc(-c3c(C)nn(CC(C)(C)O)c3C)cc12,,,7.0,0.77667767
ONKIUNVOKOYXEB,COc1ccc(CNc2ncc(Cc3c[nH]c4ncc(C)cc34)cn2)cn1,,,7.0,0.9122689
SCMBSHYLWDLXIY,COCCc1ccc(NC(=O)c2cc(NC(=O)c3cnc(N)s3)c(C)cc2F)nc1,,,7.0,0.9683023
HSRDQDDHVPHQRI,COCCn1cc(-c2ccn3ncc(C(=O)Nc4cc(-c5noc([C@H]6C[C@@H]6F)n5)ccc4C)c3c2)cn1,,,7.0,0.94746417
IITAGIUAJYXYRU,COc1ncc(F)cc1CNc1ncc(Cc2c[nH]c3ncc(C)cc23)cn1,,,7.0,0.87014043
JXRHHOBSWRKKSV,Cc1ccc(-c2noc([C@H]3C[C@@H]3F)n2)cc1NC(=O)c1cnn2ccc(-c3cccnc3)cc12,,,7.0,0.8998591
HLNUKOUNRKYWML,Cc1cnc2[nH]cc(Cc3ccc(NCc4cnccc4C(F)(F)F)nc3F)c2c1,,,7.0,0.93289554
RQJIUYDSHHCFOX,Cc1ncc(C(=O)Nc2cc(C(=O)Nc3ccc(C4CC4)cn3)c(F)cc2C)s1,,,7.0,0.9725106
RERXNONWNBZSJA,Cc1ccc(-c2noc([C@H]3C[C@@H]3F)n2)cc1NC(=O)c1cnn2cc(-c3cccnc3)ccc12,,,7.0,0.9474311
PVCIBRXQGUHFBK,Cc1ccc(-c2noc([C@H]3C[C@@H]3F)n2)cc1NC(=O)c1cnn2ccc(N3CCNC[C@@H]3C)cc12,,,7.0,0.88898885
DNLOUERKSGTLQF,Cc1ccc(-c2noc([C@H]3C[C@@H]3F)n2)cc1NC(=O)c1cnn2ccc(N3CC4CC(C3)O4)cc12,,,7.0,0.83053315
DYGYHFMGUUCRQF,Cc1cnc2[nH]cc(Cc3ccc(NCc4ccc(Cl)nc4)nc3F)c2c1,,,7.0,0.9669582
PYDGBRKMKPMMFU,COc1ccc(CNc2ccc(Cc3c[nH]c4ncc(C)cc34)c(F)n2)c(OC)n1,,,7.0,0.9389323
JQMNGOQYMPMNJU,CO[C@H](C)c1ccc(NC(=O)c2cc(NC(=O)c3cnc(N)s3)c(C)cc2F)nc1,,,7.0,0.9711043
AHSCWWTXGYZDOT,COc1ncc(CNc2ncc(Cc3c[nH]c4ncc(C)cc34)cn2)cc1F,,,7.0,0.90226823
CCCJZGXGIRJBEW,Cc1cc(CNc2ccc(Cc3c[nH]c4ncc(Cl)cc34)c(F)n2)ccn1,,,7.0,0.9606921
YJRASZMPGGZLLW,Cc1cnc2[nH]cc(Cc3cnc(NCc4ccc(Cl)nc4)nc3)c2c1,,,7.0,0.94030094
NSBIKBXWPUHDGL,Cc1cc(F)c(C(=O)Nc2ccc(CC(F)(F)F)cn2)cc1NC(=O)c1cnc(N)s1,,,7.0,0.9735057
MHKLCBPWHVRNPW,Cc1ccc(-c2noc([C@H]3C[C@@H]3F)n2)cc1NC(=O)c1cnn2ccc(N3C4CCC3CC(O)C4)cc12,,,7.0,0.9375076
RKKMJPGOKOPRIY,CN[C@H]1CCN(c2ccn3ncc(C(=O)Nc4cc(-c5noc([C@H]6C[C@@H]6F)n5)ccc4C)c3c2)C1,,,7.0,0.8746356
RTOBNFGLCQJXMU,Cc1cc(F)c(C(=O)Nc2ccc(OC3CC3)nn2)cc1NC(=O)c1cnc(N)s1,,,7.0,0.9959474
YCQPSLMXEFOESN,Cc1cnc2[nH]cc(Cc3cnc(NCc4cccnc4OC4CCCC4)nc3)c2c1,,,7.0,0.6734715
JGPXMOKKQKYVPU,Cc1ncc(C(=O)Nc2cc(C(=O)Nc3ccc(C(F)(F)F)cn3)c(F)cc2C)s1,,,7.0,0.97559345
ZPFZHUZVUHBZRD,Cc1ccc(-c2noc([C@H]3C[C@@H]3F)n2)cc1NC(=O)c1cnn2ccc(N3CC[C@H](N(C)C(=O)OC(C)(C)C)C3)cc12,,,7.0,0.80997986
ZQMUCPNJQJDCGA,Cc1ccc(-c2noc([C@H]3C[C@@H]3F)n2)cc1NC(=O)c1cnn2ccc(N3C[C@@H]4C[C@H]3CO4)cc12,,,7.0,0.82404035
ZPELTGPUSIGURF,Cc1cnc2[nH]cc(Cc3ccc(NCc4cccnc4F)nc3F)c2c1,,,7.0,0.9530954
VRTLZQVRRZODMG,Cc1ccc(-c2noc([C@H]3C[C@@H]3F)n2)cc1NC(=O)c1cnn2ccc(N3CCCC4(COC4)C3)cc12,,,7.0,0.9236163
WVCIKWIWVGCIOM,Cc1cnc2[nH]cc(Cc3ccc(NCc4ccnc(F)c4)nc3F)c2c1,,,7.0,0.9130517
SYSOKYYRVIKDBZ,Cc1ccc(CNc2ccc(Cc3c[nH]c4ncc(C)cc34)c(F)n2)nc1,,,7.0,0.95735556
BPZSDIOZLNSESC,COc1ncccc1CNc1ncc(Cc2c[nH]c3ncc(C)cc23)cn1,,,7.0,0.84315056
GWJSAWHVZOCFLV,Cc1ccc(-c2noc([C@H]3C[C@@H]3F)n2)cc1NC(=O)c1cnn2ccc(N3CC(O)(C(F)(F)F)C3)cc12,,,7.0,0.9557085
FDAUCKDYXZLBFN,Fc1cncc(CNc2ncc(Cc3c[nH]c4ncc(Cl)cc34)cn2)c1,,,7.0,0.6032483
OGTDKACHPQNPBE,Cc1cc(F)c(C(=O)Nc2ccc(OC(F)F)cn2)cc1NC(=O)c1cnc(N)s1,,,7.0,0.97187084
XRAKEYUCUMTJBI,Cc1cc(F)c(C(=O)NCc2ccn(C(C)C)n2)cc1NC(=O)c1cnc(N)s1,,,7.0,0.9566664
LGMXVOJKYKPQDJ,Cc1ccc(-c2noc([C@H]3C[C@@H]3F)n2)cc1NC(=O)c1cnn2ccc(N3CC4(C3)CC(C)(O)C4)cc12,,,7.0,0.92949164
ADVBAMJDBQBHCU,COc1ncc(F)cc1CNc1ccc(Cc2c[nH]c3ncc(C#N)cc23)c(F)n1,,,7.0,0.13429502
LMKVOSULTDOYOF,Cc1ccc(-c2noc([C@H]3C[C@@H]3F)n2)cc1NC(=O)c1cnn2ccc(N3CC4(CNC(=O)C4)C3)cc12,,,7.0,0.98134893
ZGVRUEHWRJFEDB,CCS(=O)(=O)Nc1ccccc1CNc1ccc(Cc2c[nH]c3ncc(C)cc23)c(F)n1,,,7.0,0.2036111
VBGFRZPZXDIAEQ,Cc1ccc(-c2noc([C@H]3C[C@@H]3F)n2)cc1NC(=O)c1cnn2ccc(N3CC(C(C)(C)O)C3)cc12,,,7.0,0.916956
RNJBHRPRTCWCKF,CCS(=O)(=O)Nc1cc(F)cc(CNc2ccc(Cc3c[nH]c4ncc(C)cc34)c(F)n2)c1,,,7.0,0.035938185
RFHACQLVCVEYPE,Cc1ccc(-c2noc([C@H]3C[C@@H]3F)n2)cc1NC(=O)c1cnn2ccc(N3CCC34COC4)cc12,,,7.0,0.9742881
GKKXSXHWFUUCKH,Cn1cc(F)cc(CNc2ncc(Cc3c[nH]c4ncc(Cl)cc34)cn2)c1=O,,,7.0,0.8862368
RSZCVRJLVSYTIY,COCCOc1ccc(NC(=O)c2cc(NC(=O)c3cnc(N)s3)c(C)cc2F)nc1,,,7.0,0.95666206
XXBZBUMVLGDMHR,Cc1ccc(-c2noc([C@H]3C[C@@H]3F)n2)cc1NC(=O)c1cnn2ccc(N3CC4(CN(CC(F)(F)F)C4)C3)cc12,,,7.0,0.9793824
GWYAEHCZFGRUJF,COc1cccc(CNc2ncc(Cc3c[nH]c4ncc(Cl)cc34)s2)n1,,,7.0,0.91236085
XUORLEORHLRYRN,Cc1cc(F)c(C(=O)Nc2ccc(OC(F)(F)F)cn2)cc1NC(=O)c1cnc(N)s1,,,7.0,0.98477536
ZYUJERAVFWUVMN,COc1ncc(CNc2ccc(Cc3c[nH]c4ncc(Cl)cc34)c(F)n2)cc1F,,,7.0,0.7419584
JVYNBRZXOZGKQF,CCc1ccc(NC(=O)c2cc(NC(=O)c3cnc(N)s3)c(C)cc2F)nc1,,,7.0,0.98043895
WIPVLVRLHWGMBV,Cc1ccc(-c2noc([C@H]3C[C@@H]3F)n2)cc1NC(=O)c1cnn2ccc(N3C4COCC3C4)cc12,,,7.0,0.9101042
VJJBHNDGQCCQDX,COC1CC2(C1)CN(c1ccn3ncc(C(=O)Nc4cc(-c5noc([C@H]6C[C@@H]6F)n5)ccc4C)c3c1)C2,,,7.0,0.9636723
ZWGIAVWUMUQHDI,Cc1ccc(-c2noc([C@H]3C[C@@H]3F)n2)cc1NC(=O)c1cnn2ccc(N3CC4(C3)CS(=O)(=O)C4)cc12,,,7.0,0.8803746
DTPYKGUEDVLPDX,COCc1ccc(NC(=O)c2cc(NC(=O)c3cnc(N)s3)c(C)cc2F)nc1,,,7.0,0.9705704
TVNIZSOIXKXAHK,Cc1ccc(-c2noc([C@H]3C[C@@H]3F)n2)cc1NC(=O)c1cnn2ccc(N3CCC4(CC3)CC(C)(O)C4)cc12,,,7.0,0.91589147
XXBSAJCJLMMSOU,Cc1cc(F)c(C(=O)Nc2ccc(COC(F)F)cn2)cc1NC(=O)c1cnc(N)s1,,,7.0,0.9685962
RRLPJAKSZCUTLO,Cc1ccc(-c2noc([C@H]3C[C@@H]3F)n2)cc1NC(=O)c1cnn2ccc(N3CC4(CCN(CC(F)F)C4)C3)cc12,,,7.0,0.9618285
PIZZZLJAOHVYSN,Cc1ccc(-c2noc([C@H]3C[C@@H]3F)n2)cc1NC(=O)c1cnn2ccc(N3CC(CO)(CCl)C3)cc12,,,7.0,0.9395977
UPMJVSKMZHPSNY,Cc1ccc(-c2noc([C@H]3C[C@@H]3F)n2)cc1NC(=O)c1cnn2ccc(N3CC4(CCOC4)C3)cc12,,,7.0,0.93517065
BECJARDQACZRPD,Cc1ccc(-c2noc([C@H]3C[C@@H]3F)n2)cc1NC(=O)c1cnn2ccc(N3CC4CC3C4(C)C)cc12,,,7.0,0.96151114
HDWHKJUFTWAXGQ,Cc1ncc(C(=O)Nc2cc(C(=O)Nc3ccnc(OC(F)F)c3)c(F)cc2C)s1,,,7.0,0.97438836
AFCBLFBHCNAHJR,COC1(OC)CC2(CN(c3ccn4ncc(C(=O)Nc5cc(-c6noc([C@H]7C[C@@H]7F)n6)ccc5C)c4c3)C2)C1,,,7.0,0.97310716
HLKKCIGTBDMVDA,Cc1ncc(C(=O)Nc2cc(C(=O)NCc3ccc(F)cc3F)c(F)cc2C)s1,,,7.0,0.9674133
LRANJCQWWNKSNF,Cc1ccc(-c2noc([C@H]3C[C@@H]3F)n2)cc1NC(=O)c1cnn2ccc(N3CC4(CCC4)C3)cc12,,,7.0,0.95745534
ISNVJENYLDZZHD,Cc1ccc(-c2noc([C@H]3C[C@@H]3F)n2)cc1NC(=O)c1cnn2ccc(N3C[C@@H](F)[C@@H]3C)cc12,,,7.0,0.89552927
NOVHGLIIFADFOV,Cc1ccc(-c2noc([C@H]3C[C@@H]3F)n2)cc1NC(=O)c1cnn2ccc(N3CC(C(F)(F)F)C3)cc12,,,7.0,0.93194556
JMPNRLVSXSSOCN,Cc1ccc(-c2noc([C@H]3C[C@@H]3F)n2)cc1NC(=O)c1cnn2ccc(N3CC(F)(F)C3)cc12,,,7.0,0.9028465
QTLVGRNMBUJZME,Cc1ncc(C(=O)Nc2cc(C(=O)Nc3ccc(C(C)(F)F)cn3)c(F)cc2C)s1,,,7.0,0.9394652
RDBKDAPGWGWPKK,Cc1ncc(C(=O)Nc2cc(C(=O)NCc3ccc(F)cc3)c(F)cc2C)s1,,,7.0,0.89616805
ADVDVPBSXBFCHT,Cc1ncc(C(=O)Nc2cc(C(=O)Nc3ccnc(C(F)(F)F)c3)c(F)cc2C)s1,,,7.0,0.9770777
ZNKNVZNTBDDZJG,Cc1ccc(-c2noc([C@H]3C[C@@H]3F)n2)cc1NC(=O)c1cnn2ccc(-n3cc(N)cn3)cc12,,,7.0,0.94545704
ZBNINFGQXJTCIC,CC(=O)N1CCN(c2ccn3ncc(C(=O)Nc4cc(-c5noc([C@H]6C[C@@H]6F)n5)ccc4C)c3c2)C[C@H]1C,,,7.0,0.84894484
SLVJTPWPSCUWIM,Cc1ncc(C(=O)Nc2cc(C(=O)NCc3cccc(F)c3F)c(F)cc2C)s1,,,7.0,0.94469297
CFRCTKJDFGIQMF,Cc1ncc(C(=O)Nc2cc(C(=O)Nc3ccc(C4CC4)nc3)c(F)cc2C)s1,,,7.0,0.98607093
HDSVJVVFYMJKNH,Cc1ccc(-c2noc([C@H]3C[C@@H]3F)n2)cc1NC(=O)c1cnn2ccc(N3CC4(C3)CC(O)(CC(F)F)C4)cc12,,,7.0,0.9510249
XDDHTPGGGFOSGQ,Cc1ccc(-c2noc([C@H]3C[C@@H]3F)n2)cc1NC(=O)c1cnn2ccc(N3CC4(C3)CC(O)(C(F)(F)F)C4)cc12,,,7.0,0.9790106
YHAJUVAHPDJWSN,COc1cnc(NC(=O)c2cc(NC(=O)c3cnc(C)s3)c(C)cc2F)cn1,,,7.0,0.96810114
JNFOGIRAXNUQEO,Cc1ccc(-c2noc([C@H]3C[C@@H]3F)n2)cc1NC(=O)c1cnn2ccc(N3CCN(CC(F)(F)F)[C@H](C)C3)cc12,,,7.0,0.928404
QBQDRVKBSKRUDF,Cc1ncc(C(=O)Nc2cc(C(=O)NCc3cc(F)cc(F)c3)c(F)cc2C)s1,,,7.0,0.9592281
RBTBMHQUOXILIT,Cc1ccc(-c2noc([C@H]3C[C@@H]3F)n2)cc1NC(=O)c1cnn2ccc(N3CC4(CC(=O)C4)C3)cc12,,,7.0,0.96437377
JUZMYWANEYXKNP,Cc1ncc(C(=O)Nc2cc(C(=O)Nc3ccnc(C(F)F)c3)c(F)cc2C)s1,,,7.0,0.97471935
SXGAUEXQWYGESK,Cc1ccc(-c2noc([C@H]3C[C@@H]3F)n2)cc1NC(=O)c1cnn2ccc(N3CC4(CN(CC(F)F)C4)C3)cc12,,,7.0,0.9665504
VGFLYDCEXSODMI,Cc1ccc(-c2noc([C@H]3C[C@@H]3F)n2)cc1NC(=O)c1cnn2ccc(N3CC4(C3)CC(F)(F)C4)cc12,,,7.0,0.9380585
HYYXBTHIXFCLPH,Cc1ccc(-c2noc([C@H]3C[C@@H]3F)n2)cc1NC(=O)c1cnn2ccc(N3CC4(CNC4)C3)cc12,,,7.0,0.94487596
CZOSOSFBZPLYNI,Cc1ncc(C(=O)Nc2cc(C(=O)Nc3ccc(C(F)F)cn3)c(F)cc2C)s1,,,7.0,0.9707798
YQKWGAWJTKEWBU,Cc1cc(F)c(C(=O)Nc2ccc(OC(C)C)nn2)cc1NC(=O)c1cnc(N)s1,,,7.0,0.9817089
XBIKYMALIFOIRD,Cc1ncc(C(=O)Nc2cc(C(=O)Nc3cnc(OC(F)F)cn3)c(F)cc2C)s1,,,7.0,0.9724263
RUXCOPVQLOMWEF,Cc1ccc(-c2noc([C@H]3C[C@@H]3F)n2)cc1NC(=O)c1cnn2ccc(N3CC4(CN(C(=O)OC(C)(C)C)C4)C3)cc12,,,7.0,0.95641565
INAFAKSSCVTWTO,Cc1ccc(-c2noc([C@H]3C[C@@H]3F)n2)cc1NC(=O)c1cnn2ccc(O[C@@H]3CCOC3)cc12,,,7.0,0.77806866
ZYAZHWGGHKXTIX,Cc1ncc(C(=O)Nc2cc(C(=O)Nc3ccnc(C#N)c3)c(F)cc2C)s1,,,7.0,0.9571543
YLSWSZMCFTVVPG,Cc1cc(F)c(C(=O)Nc2ccc(S(=O)(=O)C3CC3)cn2)cc1NC(=O)c1cnc(N)s1,,,7.0,0.86951375
CQEJBDPMLWQJOL,Cc1ccc(-c2noc([C@H]3C[C@@H]3F)n2)cc1NC(=O)c1cnn2ccc(OC3COC3)cc12,,,7.0,0.7737721
KOUOCLWDWWFYRA,Cc1ccc(-c2noc([C@H]3C[C@@H]3F)n2)cc1NC(=O)c1cnn2ccc(N3CCC4(C3)CC4(F)F)cc12,,,7.0,0.988727
LXSGSIQOMQAPMX,Cc1ccc(-c2noc([C@H]3C[C@@H]3F)n2)cc1NC(=O)c1cnn2ccc(N3CC4(C3)CC4(F)F)cc12,,,7.0,0.99298227
XMQSVEGVCOZPCP,Cc1ccc(-c2noc([C@H]3C[C@@H]3F)n2)cc1NC(=O)c1cnn2ccc(N3CCO[C@H](C)C3)cc12,,,7.0,0.8592823
GLPFNUYCTUOBOF,CCOc1cnc(NC(=O)c2cc(NC(=O)c3cnc(C)s3)c(C)cc2F)cn1,,,7.0,0.96646345
FQXZTBLPSJIDJT,COC1(c2ccc(NC(=O)c3cc(NC(=O)c4cnc(N)s4)c(C)cc3F)nc2)CC1,,,7.0,0.9982571
MGPHOOIYMPVOOD,Cc1ccc(-c2noc([C@H]3C[C@@H](OC(F)(F)F)C3)n2)cc1NC(=O)c1cnn2ccc(N3CC4(CN(CC(F)F)C4)C3)cc12,,,7.0,0.987081
XRQPATZAWRLLNC,Cc1ccc(-c2noc([C@H]3C[C@@H](OC(F)(F)F)C3)n2)cc1NC(=O)c1cnn2ccc(N3CC4(CNC4)C3)cc12,,,7.0,0.9791884
AFEOBRXHJLAZBB,Cc1ccc(-c2noc([C@H]3C[C@@H](OC(F)F)C3)n2)cc1NC(=O)c1cnn2ccc(N3CC4CC(C3)O4)cc12,,,7.0,0.8297971
LYNHSFRJBBJXKV,Cc1ncc(C(=O)Nc2cc(C(=O)Nc3cnc(OC4CC(F)(F)C4)cn3)c(F)cc2C)s1,,,7.0,0.9929618
DGGFKHRFNVUDTL,Cc1ccc(-c2noc([C@H]3C[C@@H](OC(F)F)C3(C)C)n2)cc1NC(=O)c1cnn2ccc(N3CC4(CCN(CC(F)F)C4)C3)cc12,,,7.0,0.97658724
JOZGPGIGKCZMRB,Cc1ccc(-c2noc([C@H]3C[C@@H](OC(F)(F)F)C3)n2)cc1NC(=O)c1cnn2ccc(N3CC4CC(C3)O4)cc12,,,7.0,0.921788
AXIPWOBVSNNIDZ,O=C(Nc1cc(-c2noc([C@H]3C[C@@H](OC(F)F)C3)n2)ccc1Cl)c1cnn2ccc(N3CC4(COC4)C3)cc12,,,7.0,0.88834953
RJEKUBOKQHYWOV,Cc1ncc(C(=O)Nc2cc(C(=O)Nc3ccc(C4CC4)nn3)c(F)cc2C)s1,,,7.0,0.9901945
XGKYZOLHNRGRBX,Cc1ccc(-c2noc([C@H]3C[C@@H](OC(F)(F)F)C3)n2)cc1NC(=O)c1cnn2cc(-c3cn(C(F)F)nn3)ccc12,,,7.0,0.91546476
LBYJIUIXFJYNEI,O=C(Nc1cc(-c2noc([C@H]3C[C@@H](OC(F)(F)F)C3)n2)ccc1Cl)c1cnn2ccc(N3CC4(COC4)C3)cc12,,,7.0,0.9568936
LREYQPPBVQSCKZ,Cc1ncc(C(=O)Nc2cc(C(=O)Nc3cncc(CC4CC4)n3)c(F)cc2C)s1,,,7.0,0.98574173
JQLUFBKYRYQQBM,O=C(Nc1cc(-c2noc([C@H]3C[C@@H]3F)n2)ccc1Cl)c1cnn2ccc(N3CC4(COC4)C3)cc12,,,7.0,0.8770952
LTNOQPZAQLCZPD,Cc1ncc(C(=O)Nc2cc(C(=O)Nc3cncc(C(F)(F)F)n3)c(F)cc2C)s1,,,7.0,0.97735184
YUTJNNDADBACNS,Cc1ccc(-c2noc([C@H]3C[C@@H](OC(F)(F)F)C3)n2)cc1NC(=O)c1cnn2ccc(N3CC4(COC4)C3)cc12,,,7.0,0.97953326
YDDOODUQZDJTFX,CCc1cnc(NC(=O)c2cc(NC(=O)c3cnc(C)s3)c(C)cc2F)cn1,,,7.0,0.9272009
YFDRGVUDEGVYIE,Cc1ccc(-c2noc([C@H]3C[C@@H](OC(F)(F)F)C3)n2)cc1NC(=O)c1cnn2ccc(N3CC4(CN(CC(F)(F)F)C4)C3)cc12,,,7.0,0.98841953
RAVCVYAVVHOONC,Cc1ccc(-c2noc([C@H]3C[C@@H]3F)n2)cc1NC(=O)c1cnn2ccc(N3CC4(C3)CN(S(C)(=O)=O)C4)cc12,,,7.0,0.86819595
DKSOMONSOBLRDG,CCC1(O)CC2(CN(c3ccn4ncc(C(=O)Nc5cc(-c6noc([C@H]7C[C@@H]7F)n6)ccc5C)c4c3)C2)C1,,,7.0,0.94742906
XNECOUIZZCDXPL,Cc1ncc(C(=O)Nc2cc(C(=O)Nc3ccc(C(F)(F)F)nc3)c(F)cc2C)s1,,,7.0,0.98018813
UBRUTTDKOHRHAX,Cc1ccc(-c2noc([C@H]3C[C@@H]3F)n2)cc1NC(=O)c1cnn2ccc(N3CCOCC3)cc12,,,7.0,0.8974156
JCALVJBIVOTGTH,Cc1ccc(-c2noc([C@H]3C[C@@H]3F)n2)cc1NC(=O)c1cnn2ccc(Nc3cn[nH]c3)cc12,,,7.0,0.92467797
AVKZUNCHKAHMEE,Cc1ncc(C(=O)Nc2cc(C(=O)NCc3ccc(F)c(F)c3)c(F)cc2C)s1,,,7.0,0.936343
BXMSVPKNJOFFIL,Cc1ccc(-c2noc([C@H]3C[C@@H]3F)n2)cc1NC(=O)c1cnn2ccc(N3CC4(CCN4)C3)cc12,,,7.0,0.9547537
MMSQFZFCFNZWQK,Cc1ccc(-c2noc(C34CC(F)(C3)C4)n2)cc1NC(=O)c1cnn2ccc(N3CC4(COC4)C3)cc12,,,7.0,0.92760545
GCDRIRNQSATBON,Cc1ccc(-c2noc([C@H]3C[C@@H](OC(F)F)C3(C)C)n2)cc1NC(=O)c1cnn2ccc(N3CC4(COC4)C3)cc12,,,7.0,0.9707305
BCSAIEZUTQTUBN,Cn1cc(-c2cn3ncnc(N4CCN(c5ncc([C@@](C)(O)c6ccc(F)cc6)cn5)CC4)c3c2F)cn1,,,7.0,0.97180015
LWYDFJGSJLHSIL,Cc1ncc(C(=O)Nc2cc(C(=O)Nc3cnc(C(F)(F)F)cn3)c(F)cc2C)s1,,,7.0,0.9499491
CXOKQSVKLCIGLT,Cc1ncc(C(=O)Nc2cc(C(=O)Nc3cnc(C(C)C)cn3)c(F)cc2C)s1,,,7.0,0.8437262
WLOYJIZMIIVMQK,Cc1ncc(C(=O)Nc2cc(C(=O)NCc3ccc(C(F)(F)F)cc3)c(F)cc2C)s1,,,7.0,0.94278216
LOEBBBZSDQLTGH,Cc1ncc(C(=O)Nc2cc(C(=O)Nc3ccc(OCC(F)(F)F)cn3)c(F)cc2C)s1,,,7.0,0.98559153
QNCLKIYNKSIRGD,Cn1cc(-c2cn3ncnc(N4CCN(c5ncc([C@](C)(O)c6ccc(F)cc6)cn5)CC4)c3c2Cl)cn1,,,7.0,0.9575817
MHGCZLKOVJFUOU,Cc1ncc(C(=O)Nc2cc(C(=O)Nc3ccc(OC(C)C)cn3)c(F)cc2C)s1,,,7.0,0.9790165
PACKHOQXKXTLPG,Cc1ccc(-c2noc([C@H]3C[C@@H]3F)n2)cc1NC(=O)c1cnc(-c2ccc3c(c2)NC(=O)C3)o1,,6.259637310505756,6.629818655252878,0.5068126
FIKFCGYHOVQXER,Cc1ncc(C(=O)Nc2cc(C(=O)Nc3cnc(C4CC4)cn3)c(F)cc2C)s1,,,7.0,0.6709641
CTKUSYNZISSZEP,Cc1ccc(-c2noc([C@H]3C[C@@H]3F)n2)cc1NC(=O)c1cnc(-c2ccc3cn[nH]c3c2)o1,,,7.0,0.952637
JHXMJEHFMDVIMY,Cc1ccc(-c2noc([C@H]3C[C@@H]3F)n2)cc1NC(=O)c1cnc(-c2ccc3cc[nH]c3c2)o1,,,7.0,0.92448115
JSKPJHOOSDTQIF,Cc1ncc(C(=O)Nc2cc(C(=O)Nc3cnc(C4CC4)nc3)c(F)cc2C)s1,,,7.0,0.9793814
UMXUWIBXUMTCHP,Cc1ccc(-c2noc([C@H]3C[C@@H]3F)n2)cc1NC(=O)c1cnc(-c2ccc3[nH]ncc3c2)o1,,,7.0,0.95450294
YRSMAKATUZQPMQ,Cc1ccc(-c2noc([C@H]3C[C@@H]3F)n2)cc1NC(=O)c1cnc(-c2ccc3[nH]ccc3c2)o1,,,7.0,0.9227378
NMBQUFOKSFTVNB,Cc1ccc(-c2noc([C@H]3C[C@@H](OC(F)F)C3)n2)cc1NC(=O)c1cnn2cc(-c3cn(C(F)F)nn3)ccc12,,,7.0,0.87275785
UJJZQETUPQCFHT,Cc1ccc(-c2noc(C34CC(OC(F)F)(C3)C4)n2)cc1NC(=O)c1cnn2ccc(N3CC4(COC4)C3)cc12,,,7.0,0.9682818
RCIKOPVCHQEGIB,COC12CC(c3nc(-c4ccc(C)c(NC(=O)c5cnn6ccc(N7CC8(COC8)C7)cc56)c4)no3)(C1)C2,,,7.0,0.9651518
XTQYICLCHSEUBX,Cc1ncc(C(=O)Nc2cc(C(=O)Nc3ccc(OCC(F)F)cn3)c(F)cc2C)s1,,,7.0,0.97087157
NWWLFXOOQFYPBX,Cc1ccc(-c2noc([C@]3(C)C[C@H](OC(F)F)C3)n2)cc1NC(=O)c1cnn2ccc(N3CC4(COC4)C3)cc12,,,7.0,0.9703354
CLKWYQZEGZDWME,Cc1ncc(C(=O)Nc2cc(C(=O)Nc3ccc(OC(F)(F)F)cn3)c(F)cc2C)s1,,,7.0,0.98684156
HDUGPGLHMCLBDA,Cc1ccc(-c2noc([C@@H]3C[C@@H]4[C@H](C3)C4(F)F)n2)cc1NC(=O)c1cnn2ccc(N3CC4(COC4)C3)cc12,,,7.0,0.89375544
IHOZOJHPTANPFQ,Cc1ncc(C(=O)Nc2cc(C(=O)Nc3ccc(OC(F)F)cn3)c(F)cc2C)s1,,,7.0,0.9764029
PBWKUCFFAIMZCC,Cc1ccc(-c2nnn(C3CN(S(=O)(=O)CCCCC#N)C3)n2)cc1NC(=O)c1cnn2ccccc12,,6.985479461242076,6.985479461242076,0.8550593
BWCDBSFFLWYXML,CN1CCN(Cc2ccc(C(=O)Nc3ncc(-c4cccnc4)s3)cc2)CC1,,6.97061622231479,6.97061622231479,0.43198252
AANAKYJQAYLXGQ,COC(=O)C(NC(=O)c1ccc2c(c1)[nH]c(=O)n2C)c1ccc(N(C)C(C)C)nc1,,6.966576244513051,6.966576244513051,0.23378177
YAGLZRLKRDTHPW,CC(C)n1cnc2ccc3cnc(Nc4cc(OCC5CC5)c(N5CCNCC5)cn4)nc3c21,,6.954677021213342,6.954677021213342,0.6119953
UJMDZLIXFYQGSQ,COC(=O)N1CC(n2nnc(-c3ccc(C)c(NC(=O)c4cnn5ccc(N6CC[C@@H](N(C)C)C6)cc45)c3)n2)C1,,6.952725132615821,6.952725132615821,0.797424
MIZSWMKXMVXKIG,CN(C)C(=O)c1ccc(-c2cc3c(N4CCN(c5ncc(Cc6ccccc6)cn5)CC4)ncnn3c2)cc1,,,9.0,0.8521465
BZRDWJQOLNTLDH,Cn1cc(-c2cc3c(N4CCN(c5ncc([C@](O)(CF)c6ccc(F)cc6)cn5)CC4)ncnn3c2)cn1,,,9.0,0.9164374
MLDWVYBLFPKIEP,Cn1cc(-c2cc3c(N4CCN(c5ncc([C@@](C)(O)c6ccc(F)cc6F)cn5)CC4)ncnn3c2)cn1,,,9.0,0.96739286
SCQHTBDFJQRUCR,O[C@@](c1ccc(F)cc1)(c1cnc(N2CCN(c3ncnn4cc(-c5cn[nH]c5)cc34)CC2)nc1)C(F)F,,,9.0,0.67866623
YGRSFXNRQXNQNW,c1ccc(Cc2cnc(N3CCN(c4ncnn5cc(-c6cnn(C[C@@H]7CNCCO7)c6)cc45)CC3)nc2)cc1,,,9.0,0.9835164
PPFWKKPGKLHDSJ,Cn1cc(-c2cc3c(N4CCN(c5ncc([C@@](C)(N)c6c(F)cc(F)cc6F)cn5)CC4)ncnn3c2)cn1,,,9.0,0.97395545
CAWOMBHGPUUCGE,COc1cc(Nc2ncc3ccc4ncn(C(C)C)c4c3n2)ncc1NCC1COC(=O)N1C,,6.928117992693875,6.928117992693875,0.83875203
WMENVTDQIMMUAL,Cn1c(=O)[nH]c2cc(C(=O)NCc3ccc(Oc4ccc5cn[nH]c5c4)nc3)ccc21,,6.920818753952375,6.920818753952375,0.9418642
WFRPGLXVDZOOPP,CN(Cc1ccccc1)c1ncc(CCC(=O)c2ccc3c(c2)[nH]c(=O)n3C)s1,,6.920818753952375,6.920818753952375,0.552363
SWNVNBOHHUBPGV,CC(C)N(C)c1cnc(CCC(=O)c2ccc3c(c2)[nH]c(=O)n3C)cn1,,6.920818753952375,6.920818753952375,0.06627507
WFHXOLHVOPFWCI,CCN1CCN(c2cc(Nc3ncc(-c4cncnc4)s3)nc(C)n2)CC1,,6.910094888560602,6.910094888560602,0.9647272
YUNBXPOBZSZPSQ,COCCCc1ccn2ncc(C(=O)Nc3cc(-c4nnn(C5CC(=C(O)OC)C5)n4)ccc3C)c2c1,,6.901010360598822,6.901010360598822,0.9680066
LNJVSLFSBOSPKE,CN(c1ccc(CCC(=O)c2ccc3c(c2)[nH]c(=O)n3C)cn1)C1CCC2(CC1)COC2,,6.899629454882437,6.899629454882437,0.9681782
JDUQKVKFWQDMAU,Cc1cc(CNC(=O)c2ccc3c(c2)[nH]c(=O)n3C)cnc1Oc1ccc(F)cc1,,6.886056647693163,6.886056647693163,0.90047604
JLVPMYOJLTYQMD,Cc1ccc(NC(=O)c2cccc(C(F)(F)F)c2)cc1NC(=O)c1cccc(-c2cnn(C)c2)c1,CHEMBL4062707,6.886056647693163,6.886056647693163,0.9297804
KRXGOGGSASEAKT,COC(=O)N1CC(n2nnc(-c3ccc(C)c(NC(=O)c4cnn5ccc(NC[C@H](C)O)cc45)c3)n2)C1,,6.8830603534492445,6.8830603534492445,0.839104
YUMDZMMKBPZHTN,Cn1c(=O)[nH]c2cc(C(=O)NCc3ccc(CC4CCC(F)(F)CC4)nc3)ccc21,,6.882728704344236,6.882728704344236,0.7664277
RPKVROICZZZRAA,CC(C)Oc1cc(Nc2ncc3ccc4ncn(C)c4c3n2)ncc1N1CCNCC1,,6.863279432843593,6.863279432843593,0.49053618
BYTFRCUEOVMIMI,CN(c1ccc(CNC(=O)c2ccc3c(c2)[nH]c(=O)n3C)cn1)C1CCOCC1,,6.853871964321762,6.853871964321762,0.84545857
OJRPFDZCAICPOO,Cc1cc(CNC(=O)c2ccc3c(c2)[nH]c(=O)n3C)cnc1Oc1ccccc1,,6.853871964321762,6.853871964321762,0.91084665
ODLDMAFDYHTWSE,CC(C)(C)c1ccc(C(=O)NCc2ccc(-c3ncnc4[nH]ccc34)cc2)cc1,,6.823908740944319,6.823908740944319,0.04957965
YBSZRGXDIRBFOC,CN(Cc1ccncn1)c1ccc(CCC(=O)c2ccc3c(c2)[nH]c(=O)n3C)cn1,,6.823908740944319,6.823908740944319,0.85563153
UEOMEYRIFCQNEI,CCN(CC)c1ccc(CCC(=O)c2ccc3c(c2)[nH]c(=O)n3C)cn1,,6.823908740944319,6.823908740944319,0.502237
BCYWZSPQAIRFCP,COCCNc1cc2c(C(=O)Nc3cc(-c4nnn(C5CN(C(=O)OC)C5)n4)ccc3C)cnn2cc1Cl,,6.802995271976954,6.802995271976954,0.94532627
KVWSLYPTZFHCSU,COCCOCCS(=O)(=O)N1CC(n2nnc(-c3ccc(C)c(NC(=O)c4cnn5ccccc45)c3)n2)C1,,6.793713955587568,6.793713955587568,0.82913613
NAUWUCNTYOAZDP,CC(CC(=O)c1ccc2c(c1)NC(=O)C2)c1ccc(Oc2ccc(F)cc2)nc1,,6.769551078621726,6.769551078621726,0.04630479
VXMQXZNHQBINAE,CN(c1ccc(CNC(=O)c2ccc3c(c2)[nH]c(=O)n3C)cn1)c1ccc(F)cc1F,,6.769551078621726,6.769551078621726,0.8959429
CMYHZFCJPORPHY,CSc1nc(N)cc(Oc2ccc(-c3nnc(Nc4cccc(C(F)(F)F)c4)[nH]3)cc2)n1,,6.769551078621726,6.769551078621726,0.27487075
PLVJXCDUGVPNDW,Cc1ncc(NC(=O)c2cccc(C(F)(F)F)c2)cc1NC(=O)c1cncc(-c2cnn(C)c2)c1,CHEMBL4085366,6.7447274948966935,6.7447274948966935,0.15248996
UEJBWZOJPCFIOO,CN1CCN(Cc2ccc(NC(=O)c3ccc(Cl)c(NC(=O)c4cccc(-c5cccs5)c4)c3)cc2C(F)(F)F)CC1,CHEMBL4082748,6.721246399047171,6.721246399047171,0.9618579
GRFQYPSTJOWOHY,O=C(NCc1ccc(Nc2ccc(F)cc2)nc1)c1ccc2[nH]c(=O)[nH]c2c1,,6.721246399047171,6.721246399047171,0.7845566
ICQGRBJWLVKUKU,Cc1ccc(CN(C)c2ccc(CCC(=O)c3ccc4c(c3)[nH]c(=O)n4C)cn2)nc1,,6.6777807052660805,6.6777807052660805,0.9478201
KBCISYCUHRRWQT,Cc1ccc(C(=O)Nc2ccc(CN3CCN(C)CC3)c(C(F)(F)F)c2)cc1NC(=O)c1cccc(-c2cccnc2)c1,CHEMBL4060882,6.6777807052660805,6.6777807052660805,0.95743906
UFUSJNCXBKQYCU,COc1cnc2c(Cc3cnc(OCc4ccc([C@H]5CC5(F)F)cn4)c(OC)c3)ccnc2c1,,6.669586226650809,6.669586226650809,0.68338996
WFLFUJVMDNRMAB,Cn1c(=O)[nH]c2cc(C(=O)NCc3ccc(Cc4ccc(F)cc4)nc3)ccc21,,6.6439741428068775,6.6439741428068775,0.8629275
AFTCBZMZKYOMRS,Cc1cn(-c2cc(NC(=O)c3ccc(C)c(Oc4cccc5ccncc45)c3)cc(N3CCN(C)CC3)c2)cn1,,6.6439741428068775,6.6439741428068775,0.20359068
HIKZVVLVFHFSEH,CN(Cc1ccc(N2CCCC2)nc1)c1cncc(-c2cnc3ccccn23)c1,,6.619788758288394,6.619788758288394,0.32802624
VTVVSHJUELMWBZ,CN1CCN(c2ccc(NC(=O)c3ccc(C#N)o3)c(C3=CCOCC3)c2)CC1,CHEMBL427775,,6.6020599913279625,0.78600115
JKMLYBCIAUCPLG,CN(CC1CC(F)(F)C1)c1ncc(CCC(=O)c2ccc3c(c2)[nH]c(=O)n3C)s1,,6.568636235841013,6.568636235841013,0.6044633
QMIUWVNPSCOHGX,Cc1ccc(CNc2ccc(CN3CCN(C)CC3)c(C(F)(F)F)c2)cc1NC(=O)c1cccc(-c2cccs2)c1,CHEMBL4099012,6.568636235841013,6.568636235841013,0.9657756
CYKOFZRXVXFHKT,CN1CCN(Cc2cccc(N(C)c3ccc(CNC(=O)c4ccc5c(c4)[nH]c(=O)n5C)cn3)c2)CC1,,6.568636235841013,6.568636235841013,0.86095524
DOOVEBHFOPMDMN,CC(C)Oc1ccc(CCC(=O)c2ccc3c(c2)[nH]c(=O)n3C)cn1,,6.562249437179612,6.562249437179612,0.7297879
XIMGYPHSYIMHAW,C=CCn1cc(-c2ccc(NC(=O)Nc3cc(C(C)(C)C)on3)cc2)c2c(N)ncnc21,,,6.522878745280337,0.91551703
WLUSXUZDBARSRE,CCCCc1cc(NC(=O)c2ccc(C)c(Nc3nccc(-c4ccccc4)n3)c2)cc(-n2cnc(C)c2)c1,,6.519993057042849,6.519993057042849,0.86634374
XLUQUKJVLXWCSN,Cc1ccc(C(=O)Nc2ccc(CN3CCN(C)CC3)c(C(F)(F)F)c2)cc1NC(=O)c1cccc(-c2cncnc2)c1,CHEMBL4081527,6.508638306165727,6.508638306165727,0.95728946
SRSHMQVSZRRKFT,Cn1c(=O)[nH]c2cc(C(=O)NCc3ccc(Oc4ccc(F)c(F)c4)nc3)ccc21,,6.508638306165727,6.508638306165727,0.87744117
MEAUPQZFNMBOPG,CC(C)N(C)c1ccc(C(CO)NC(=O)c2ccc3c(c2)[nH]c(=O)n3C)cn1,,6.498940737782249,6.498940737782249,0.48235705
DCSFIXGLLPJZAI,CN1CCC(N(C)c2ccc(CNC(=O)c3ccc4c(c3)[nH]c(=O)n4C)cn2)CC1,,6.468521082957745,6.468521082957745,0.9250169
WAMCWDPKWNPMHS,Cc1cn(-c2cc(CCC(=O)O)cc(NC(=O)c3ccc(C)c(Nc4nccc(-c5ccccc5)n4)c3)c2)cn1,,6.459670525209126,6.459670525209126,0.85159653
SVKPRFPCVWJXQN,Cn1c(=O)[nH]c2cc(C(=O)NCc3cnc(NC4CCC(F)(F)CC4)s3)ccc21,,6.443697499232712,6.443697499232712,0.4829611
ZELLDMQPTIPJQD,Cc1ccc(NC(=O)c2ccc(CN3CCN(C)CC3)c(C(F)(F)F)c2)cc1NC(=O)c1cccc(-c2ccncc2)c1,CHEMBL4063659,6.4089353929735005,6.4089353929735005,0.92342275
KLJVGMZPVZAMEK,CCN1C(=O)N(c2c(F)c(OC)cc(OC)c2F)Cc2cnc3c(c21)CC(=O)N3,,6.39040559077478,6.39040559077478,0.20706187
LIEUQFMVFKJKHX,Cn1cc(NC(=O)c2cc(C(=O)c3c(Cl)ccc(Cl)c3F)c[nH]2)cn1,,6.376750709602099,6.376750709602099,0.7673297
MRHCYDNZRCFAPH,Cc1ccc(C(=O)Nc2ccc(CN3CCN(C)CC3)c(C(F)(F)F)c2)cc1NC(=O)c1cccc(-c2cccs2)c1,CHEMBL4079932,6.356547323513812,6.356547323513812,0.9757018
WKAMVWIJXXBQRQ,CC(C)n1c(=O)[nH]c2cc(C(=O)NCc3ccc(Oc4ccc(F)cc4)nc3)ccc21,,6.346787486224656,6.346787486224656,0.82962567
RALQFJLHROPZND,COC[C@@H](O)Cn1ncc(-c2ccn3ncc(C(=O)Nc4cc(-c5nnn(C6CC6)n5)c(C)cc4Cl)c3c2)c1C,,8.958607314841775,8.958607314841775,0.3511995
NHAVGCBQQKUJLC,Cc1ccc(-c2nnn(C3CC3)n2)cc1NC(=O)c1cnn2ccc(-c3cnn(CCN4CCN(C)CC4)c3)cc12,,8.958607314841775,8.958607314841775,0.87546265
YJSHRRCUQSFQTO,Cc1ccc(-c2nnn(C[C@H]3CC3(F)F)n2)cc1NC(=O)c1cnn2ccc(-c3cn[nH]c3)cc12,,8.958607314841775,8.958607314841775,0.8596364
LDOHCTZXIJRSTJ,Cc1ccc(-c2nnn(C3CC3)n2)cc1NC(=O)c1cnn2ccc(-c3cnn(CC4(O)CCOCC4)c3)cc12,,8.920818753952375,8.920818753952375,0.9193889
OSWSPILCPWMXDV,Cc1ccc(-c2nnn(C(C)C)n2)cc1NC(=O)c1cnn2ccc(-c3cnn(CCO)c3)cc12,,8.886056647693163,8.886056647693163,0.60189074
LKYVHGLINOFGAN,Cc1ccc(-c2nnn(CCOCC(F)(F)F)n2)cc1NC(=O)c1cnn2ccc(-c3cn[nH]c3)cc12,,8.853871964321762,8.853871964321762,0.78330696
PZBLHNIMLWFORZ,Cc1cc(F)c(-c2nnn(C3CC3)n2)cc1NC(=O)c1cnn2ccc(-c3cnn(CC(C)(C)O)c3)cc12,,8.853871964321762,8.853871964321762,0.6468235
MQYKIAVXXDXRSP,Cc1ccc(-c2nnn(C)n2)cc1NC(=O)c1cnn2ccc(-c3cnn(C[C@H](C)O)c3)cc12,,8.83889035263304,8.83889035263304,0.41219446
CXPSRVHWOKTVCC,COC[C@](C)(O)Cn1cc(-c2ccn3ncc(C(=O)Nc4cc(-c5nnn(C6CC6)n5)ccc4C)c3c2)cn1,,8.824875990832918,8.824875990832918,0.679846
QPQSQXJAEDUPRN,Cc1ccc(-c2nnn(C)n2)cc1NC(=O)c1cnn2ccc(-c3cn(CCO)nc3C)cc12,,8.823908740944319,8.823908740944319,0.5295542
MPWHHFXLKZRTLL,Cc1ccc(-c2nnn([C@H]3C[C@H](C(F)(F)F)C3)n2)cc1NC(=O)c1cnn2ccc(-c3cn[nH]c3)cc12,,8.823908740944319,8.823908740944319,0.7607156
XTHHPTWTDZARDE,Cc1nc(-c2ccc(CNc3cc(-c4cnc5cc(OCCO)ccn45)ncn3)cc2)co1,,8.823908740944319,8.823908740944319,0.43061203
YNYLXGPQEXBFDD,Cc1ccc(-c2nnn(Cc3ccccc3F)n2)cc1NC(=O)c1cnn2ccccc12,,8.795880017344075,8.795880017344075,0.94440675
NYUJFHJPUWIPOJ,Cc1cc(Cl)c(NC(=O)c2cnn3ccc(-c4cn(CC5(O)CCOCC5)nc4C)cc23)cc1-c1nnn(C2CC2)n1,,8.795880017344075,8.795880017344075,0.3273916
XIFWWLLLOKVHKI,COCCOC[C@@H](O)Cn1cc(-c2ccn3ncc(C(=O)Nc4cc(-c5nnn(C6CC6)n5)c(C)cc4Cl)c3c2)cn1,,8.769551078621726,8.769551078621726,0.4660402
VACREAPTKVHRRF,Cc1ccc(-c2nnn(C3CC(F)(F)C3)n2)cc1NC(=O)c1cnn2ccc(-c3cn[nH]c3)cc12,,8.769551078621726,8.769551078621726,0.8426892
VSCPNKQPQHOVEJ,Cc1ccc(-n2nnc(C3CC3)n2)cc1NC(=O)c1cnn2ccc(-c3cnn(CC(C)(C)O)c3)cc12,,8.769551078621726,8.769551078621726,0.7357316
ORVHAAKCENQFLT,Cn1c(=O)[nH]c2cc(C(=O)NCc3ccc(Oc4cccc(C#N)c4)nc3)ccc21,,6.337242168318426,6.337242168318426,0.94104004
NZJCXRPMZJGVCC,COc1n[nH]c2ncc(C#Cc3c(F)ccc(NS(=O)(=O)c4cccc(C#N)c4)c3F)cc12,,6.337242168318426,6.337242168318426,0.1787905
SBFMFSFWSKNISY,Cc1nc(C2CCN(c3ncnc4[nH]c(-c5cccc(Cl)c5)cc34)CC2)[nH]c1-c1ccccc1,,6.301029995663981,6.301029995663981,0.6493686
NAMKEENMFWALLW,COc1ccc(-c2[nH]c(C3CCN(c4ncnc5[nH]c(-c6ccc(F)cc6)cc45)CC3)nc2C(F)(F)F)cc1,,6.301029995663981,6.301029995663981,0.5794642
OJZDXMZLMNRKHQ,Cc1cc2c(N3CCC(C)(c4nc(C)c(-c5ccc(Cl)cc5)[nH]4)CC3)ncnc2[nH]1,,6.301029995663981,6.301029995663981,0.98781246
HDRPCERWFDWMHS,CC#Cc1ccc2c(C(=O)Nc3cc(-c4noc([C@H]5C[C@@H]5F)n4)c(F)cc3C)cnn2c1,,6.259637310505756,6.259637310505756,0.92583424
BRVGGSFNJWNMKP,COCc1ccc(NC(=O)c2cc(NC(=O)c3cnc(C)s3)c(Cl)cc2F)nc1,,6.259637310505756,6.259637310505756,0.9234854
SZNJDXVLTOQEDC,Cc1ncc(-c2noc([C@H]3C[C@@H](OC(F)(F)F)C3)n2)cc1NC(=O)c1cnn2cc(-c3cn(CC(C)(C)O)nn3)ccc12,,6.259637310505756,6.259637310505756,0.43520072
AMZJMQXRFWOZIV,Cc1ncc(-c2noc(C3CC(F)(F)C3)n2)cc1NC(=O)c1cnn2cc(-c3cn(C(F)F)nn3)ccc12,,6.259637310505756,6.259637310505756,0.89382374
XGPPNBRKEWJVSS,Cc1ncc(-c2noc([C@H]3C[C@@H]3F)n2)cc1NC(=O)c1cnn2cc(-c3cn(C(F)F)nn3)ccc12,,6.259637310505756,6.259637310505756,0.8939263
SKEDXZXQBNPSTF,Cc1ncc(-c2noc([C@H]3C[C@@H](OC(F)(F)F)C3)n2)cc1NC(=O)c1cnn2cc(-c3cn(C(F)F)nn3)ccc12,,6.259637310505756,6.259637310505756,0.8258706
KZSTUBGRBOXJMQ,Cc1ccc(-c2noc([C@H]3C[C@@H]3F)n2)cc1NC(=O)c1cnc(-c2ccc3[nH]c4ccccc4c3c2)o1,,6.259637310505756,6.259637310505756,0.9571771
ZVJWUBOCFHXQTH,Cc1ccc(-c2noc([C@H]3C[C@@H]3F)n2)cc1NC(=O)c1cnc(-c2ccc3[nH]c(=O)oc3c2)o1,,6.259637310505756,6.259637310505756,0.95214176
