molecule_chembl_id,pAct,value_nM,n_meas,smiles,std_type
CHEMBL100305,4.962573502059376,10900.0,2,COc1cc(OC)c2ncnc(N3CCN(C(=O)Nc4ccc(Oc5ccccc5)cc4)CC3)c2c1,IC50
CHEMBL100523,6.013228265733755,970.0,1,O=C(Nc1ccc(Oc2ccccc2)cc1)N1CCN(c2ncnc3cc(F)c(F)cc23)CC1,IC50
CHEMBL100542,5.841637507904751,1440.0,2,CCNc1cc2ncnc(N3CCN(/C(S)=N\Cc4ccccc4)CC3)c2cc1N,IC50
CHEMBL100735,6.2076083105017466,620.0,2,CCOc1cc2c(N3CCN(/C(S)=N\Cc4ccccc4)CC3)ncnc2cc1OC,IC50
CHEMBL100736,7.3979400086720375,40.0,2,CCOc1cc2c(N3CCN(C(=O)Nc4ccc(Oc5ccccc5)cc4)CC3)ncnc2cc1OC,IC50
CHEMBL100804,5.540607512240769,2880.0,1,O=C(Nc1ccc(Oc2ccccc2)cc1)N1CCN(c2ncnc3cc([N+](=O)[O-])ccc23)CC1,IC50
CHEMBL100852,5.287350298372789,5160.0,1,S=C(NCc1ccccc1)N1CCN(c2ncnc3cc(Cl)ccc23)CC1,IC50
CHEMBL101113,5.950781977329818,1120.0,1,CC(C)Oc1ccc2c(N3CCN(C(=O)Nc4ccc(Oc5ccccc5)cc4)CC3)ncnc2c1,IC50
CHEMBL101227,6.795880017344075,160.0,1,Nc1cc2c(N3CCN(/C(S)=N\Cc4ccccc4)CC3)ncnc2cc1Cl,IC50
CHEMBL101253,6.704909678711047,284.71500000000003,2,Clc1ccc(Nc2nnc(Cc3ccncc3)c3ccccc23)cc1,IC50
CHEMBL101311,6.399996913372259,398.11,1,CN(C)CC(O)COc1ccc(Nc2nccc(Nc3cc(Cl)ccc3Cl)n2)cc1,Ki
CHEMBL102301,7.045757490560675,90.0,2,COc1cc2ncnc(N3CCN(/C(S)=N\Cc4ccc5c(c4)OCO5)CC3)c2cc1OC,IC50
CHEMBL102330,5.982966660701219,1040.0,1,COc1cc2ncnc(N3CCN(C(=O)Nc4ccc(Cc5ccncc5)cc4)CC3)c2cc1OC,IC50
CHEMBL102346,7.096910013008056,80.0,3,COc1cc2ncnc(N3CCN(C(=O)Nc4ccc(Oc5ccccc5)cc4)CC3)c2cc1OC,IC50
CHEMBL102383,5.906578314837765,1240.0,1,COc1cc2ncnc(N3CCN(/C(S)=N\c4ccccc4[N+](=O)[O-])CC3)c2cc1OC,IC50
CHEMBL102427,5.636388020107856,2310.0,1,COc1cc2ncnc(N3CCN(C(=O)Nc4ccc(Oc5ccncc5)cc4)CC3)c2cc1OC,IC50
CHEMBL102554,6.823908740944319,150.0,1,COc1cc2ncnc(N3CCN(C(=O)Nc4ccc(Oc5ccc(N)cc5)cc4)CC3)c2cc1OC,IC50
CHEMBL102686,6.958607314841775,110.0,1,CCCc1ccc(NC(=O)N2CCN(c3ncnc4cc(OC)c(OC)cc34)CC2)cc1,IC50
CHEMBL102908,7.0,100.0,1,COc1cc2ncnc(N3CCN(/C(S)=N\c4ccc(Br)c(Cl)c4)CC3)c2cc1OC,IC50
CHEMBL102911,8.0,10.0,2,CCOc1cc2ncnc(N3CCN(C(=O)Nc4ccc(Oc5ccccc5)cc4)CC3)c2cc1OC,IC50
CHEMBL103003,5.943095148663527,1140.0,1,COc1ccc(NC(=S)N2CCN(c3ncnc4cc(OC)c(OC)cc34)CC2)cc1OC,IC50
CHEMBL103012,6.356547323513812,440.0,1,COc1cc2ncnc(N3CCN(/C(S)=N\c4cccc(Cl)c4)CC3)c2cc1OC,IC50
CHEMBL103066,6.318758762624412,480.0,1,COc1cc2ncnc(N3CCN(C(=O)Nc4ccc(SC)cc4)CC3)c2cc1OC,IC50
CHEMBL103082,6.292429823902063,510.0,1,CCCCc1ccc(NC(=S)N2CCN(c3ncnc4cc(OC)c(OC)cc34)CC2)cc1,IC50
CHEMBL103456,6.086186147616283,820.0,1,COc1ccc2c(N3CCN(C(=O)Nc4ccc(Oc5ccccc5)cc4)CC3)ncnc2c1,IC50
CHEMBL103487,6.42021640338319,380.0,2,O=C(Nc1ccc(Oc2ccccc2)cc1)N1CCN(c2ncnc3ccccc23)CC1,IC50
CHEMBL103490,6.823908740944319,150.0,2,CCOc1cc2ncnc(N3CCN(/C(S)=N\Cc4ccccc4)CC3)c2cc1OC,IC50
CHEMBL103667,5.5538033638501965,3729.465,2,Cc1ccc(-n2nc(C(C)(C)C)cc2NC(=O)Nc2ccc(OCCN3CCOCC3)c3ccccc23)cc1,IC50
CHEMBL103690,7.221848749616356,60.0,1,COc1cc2ncnc(N3CCN(C(=O)Nc4ccc(Cc5ccccc5)cc4)CC3)c2cc1OC,IC50
CHEMBL103702,5.204119982655925,6250.0,1,Cc1cccc2ncnc(N3CCN(C(=O)Nc4ccc(Oc5ccccc5)cc4)CC3)c12,IC50
CHEMBL103861,7.301029995663981,50.0,1,COc1cc2ncnc(N3CCN(C(=O)Nc4ccc(Oc5cccc6ccccc56)cc4)CC3)c2cc1OC,IC50
CHEMBL103870,6.102372908709558,790.0,1,COc1cc2ncnc(N3CCN(/C(S)=N\c4ccc(Cl)cc4)CC3)c2cc1OC,IC50
CHEMBL104067,7.3979400086720375,50.0,2,COc1cc2ncnc(N3CCN(C(=O)Nc4ccc(C(C)C)cc4)CC3)c2cc1OC,IC50
CHEMBL104094,4.739928612014925,18200.0,1,COc1cc2ncnc(N3CCN(/C(S)=N\c4ccc5c(c4)OCO5)CC3)c2cc1OC,IC50
CHEMBL104206,5.172630726946175,6720.0,1,COc1cc2ncnc(N3CCN(C(=O)Nc4ccc(F)cc4)CC3)c2cc1OC,IC50
CHEMBL104325,5.958607314841775,1100.0,2,COc1cc2ncnc(N3CCN(C(=O)Nc4ccc(Cl)cc4)CC3)c2cc1OC,IC50
CHEMBL104339,6.5376020021010435,290.0,1,COc1cc2ncnc(N3CCN(C(=O)Nc4ccc(I)cc4)CC3)c2cc1OC,IC50
CHEMBL104466,6.452225294612178,353.0,1,COc1cc2ncc(N[C@H]3CC[C@H](O)CC3)nc2cc1OC,IC50
CHEMBL104862,5.035740369803151,9210.0,1,COc1cc2ncnc(N3CCN(C(=O)Nc4cc(Cl)cc(Cl)c4)CC3)c2cc1OC,IC50
CHEMBL104896,6.431798275933005,370.0,1,COc1cc2ncnc(N3CCN(/C(S)=N\c4ccc(Oc5ccccc5)cc4)CC3)c2cc1OC,IC50
CHEMBL104922,6.356547323513812,440.0,1,COc1cc2ncnc(N3CCN(/C(S)=N\c4ccc(SC)cc4)CC3)c2cc1OC,IC50
CHEMBL104964,5.920818753952375,1200.0,1,COc1cc2ncnc(N3CCN(C(=O)Nc4ccc(Cl)c(Cl)c4)CC3)c2cc1OC,IC50
CHEMBL105032,5.85078088734462,1410.0,1,COc1cc2ncnc(N3CCN(/C(S)=N\c4ccc(OC(C)C)cc4)CC3)c2cc1OC,IC50
CHEMBL105107,5.590066876668706,2570.0,1,COc1cc2ncnc(N3CCN(C(=O)Nc4cccc([N+](=O)[O-])c4)CC3)c2cc1OC,IC50
CHEMBL105183,7.698970004336019,20.0,1,COc1cc2ncnc(N3CCN(C(=O)Nc4ccc(Oc5ccc(Cl)cc5)cc4)CC3)c2cc1OC,IC50
CHEMBL105227,7.698970004336019,20.0,1,COc1cc2ncnc(N3CCN(C(=O)Nc4ccc(Oc5ccc(C)cc5)cc4)CC3)c2cc1OC,IC50
CHEMBL105239,6.657577319177793,220.0,1,COc1cc2ncnc(N3CCN(/C(S)=N\c4ccc(Br)cc4)CC3)c2cc1OC,IC50
CHEMBL105259,6.142667503568732,720.0,1,COc1cc2ncnc(N3CCN(/C(S)=N\c4ccc(C(C)C)cc4)CC3)c2cc1OC,IC50
CHEMBL105280,7.522878745280337,30.0,1,COc1cc2ncnc(N3CCN(C(=O)Nc4ccc(C(C)(C)C)cc4)CC3)c2cc1OC,IC50
CHEMBL105409,6.5376020021010435,290.0,1,COc1cc2ncnc(N3CCN(/C(S)=N\c4ccc(C(C)(C)C)cc4)CC3)c2cc1OC,IC50
CHEMBL105622,7.0,100.0,1,COc1cc2ncnc(N3CCN(C(=O)Nc4ccc(Oc5ccccc5OC)cc4)CC3)c2cc1OC,IC50
CHEMBL105702,6.356547323513812,440.0,1,COc1cc2ncnc(N3CCN(/C(S)=N\c4ccc(I)cc4)CC3)c2cc1OC,IC50
CHEMBL106068,6.585026652029182,260.0,1,COc1cc2ncnc(N3CCN(C(=O)Nc4ccc(-c5ccccc5)cc4)CC3)c2cc1OC,IC50
CHEMBL106332,5.27083521030723,5360.0,1,COc1ccc(NC(=O)N2CCN(c3ncnc4cc(OC)c(OC)cc34)CC2)cc1,IC50
CHEMBL106494,6.481486060122113,330.0,1,COc1cc2ncnc(N3CCN(/C(S)=N\c4ccc([N+](=O)[O-])cc4)CC3)c2cc1OC,IC50
CHEMBL106966,6.070581074285707,850.0,3,COc1cc2ncnc(N3CCN(C(=O)Nc4ccc(C#N)cc4)CC3)c2cc1OC,IC50
CHEMBL107599,7.293350117959374,54.5,2,COc1cc2c(N3CCN(C(=O)Nc4ccc(OC(C)C)cc4)CC3)ncnc2cc1OCCCN1CCCCC1C,IC50
CHEMBL107901,6.638272163982407,230.0,1,COc1cc2ncnc(N3CCN(C(=O)Nc4ccc(OC(C)C)cc4)CC3)c2cc1OC,IC50
CHEMBL1080580,5.4089353929735005,3900.0,2,Cc1ccc(NC(=O)c2ccc(/C=C/C(=O)NO)cc2)cc1Nc1nc(-c2cccnc2)cs1,IC50
CHEMBL1081198,5.113509274827518,7700.0,1,O=C(Nc1cccc(-c2cn3ccnc3c(NCc3ccncc3)n2)c1)Nc1cccc(C(F)(F)F)c1,IC50
CHEMBL1081312,6.399996913372259,398.11,1,Nc1ncnc2c1c(-c1cnc3[nH]ccc3c1)nn2C1CCCC1,Ki
CHEMBL1084546,6.0,1000.0,1,CN(c1ncccc1CNc1nc(Nc2ccc3c(c2)CC(=O)N3)ncc1C(F)(F)F)S(C)(=O)=O,Ki
CHEMBL1093099,5.552841968657781,2800.0,2,Nc1nc(N)c2c(n1)[nH]c1cccc(Sc3ccccc3)c12,IC50
CHEMBL1093100,4.394694953858891,40300.0,1,Cc1ccc(Sc2cccc3[nH]c4nc(N)nc(N)c4c23)cc1,IC50
CHEMBL1094423,5.070581074285707,8500.0,1,Brc1cccc(Nc2ncnc3[nH]c(CCc4ccccc4)cc23)c1,IC50
CHEMBL1094782,3.7662426370344892,171300.0,1,COc1ccc(OC)c(Cc2cc3c(Nc4cccc(Br)c4)ncnc3[nH]2)c1,IC50
CHEMBL1094783,3.6567884098202526,220400.0,1,Clc1ccc(Cc2cc3c(Nc4cccc(Br)c4)ncnc3[nH]2)c(Cl)c1,IC50
CHEMBL1094784,3.958212681028248,110100.0,1,FC(F)(F)c1cccc(Nc2ncnc3[nH]c(Cc4ccc(Cl)cc4Cl)cc23)c1,IC50
CHEMBL1095130,4.609064892896621,24600.0,1,Nc1nc(Nc2ccc(Cl)cc2F)c2cc(Cc3ccc(Cl)cc3Cl)[nH]c2n1,IC50
CHEMBL1095131,3.7373116556983037,183100.0,1,Nc1nc(Nc2cccc(F)c2)c2cc(Cc3ccc(Cl)cc3Cl)[nH]c2n1,IC50
CHEMBL1095463,3.7572101905213233,174900.0,1,CC(C)c1ccc(Nc2nc(N)nc3[nH]c(Cc4ccc(Cl)cc4Cl)cc23)cc1,IC50
CHEMBL1095465,5.049635145623877,8920.0,3,COc1ccc(OC)c(Cc2cc3c(Nc4cccc(Br)c4)nc(N)nc3[nH]2)c1,IC50
CHEMBL1095466,3.7399286120149253,182000.0,1,Cc1ccccc1Cc1cc2c(Nc3cccc(Br)c3)ncnc2[nH]1,IC50
CHEMBL1095761,4.769551078621726,17000.0,2,Nc1nc(Nc2cccc(Br)c2)c2cc(Cc3ccc(Cl)cc3Cl)[nH]c2n1,IC50
CHEMBL1095776,4.366531544420414,43000.0,1,CC(C)c1ccccc1Nc1nc(N)nc2[nH]c(Cc3ccc(Cl)cc3Cl)cc12,IC50
CHEMBL1096737,3.715794932298206,192400.0,1,Fc1ccc(Nc2ncnc3[nH]c(CCc4ccccc4)cc23)cc1Br,IC50
CHEMBL1097368,3.982132281036494,104200.0,1,c1ccc(CCc2cc3c(Nc4ccc5[nH]ccc5c4)ncnc3[nH]2)cc1,IC50
CHEMBL1098440,3.8471004036062526,142200.0,1,C#Cc1cccc(Nc2ncnc3[nH]c(Cc4ccc(Cl)cc4Cl)cc23)c1,IC50
CHEMBL1164180,6.199998172182031,630.96,1,CN1CCN(c2ccc(-c3cnc4c(c3)N(Cc3cc(Cl)ccc3C(F)(F)F)CCN4)cn2)CC1,Ki
CHEMBL1171837,8.920818753952375,1.2,1,Cc1ccc(C(=O)Nc2ccc(CN3CCN(C)CC3)c(C(F)(F)F)c2)cc1C#Cc1cnc2cccnn12,IC50
CHEMBL1172957,5.0,10000.0,1,NS(=O)(=O)c1ccc(Nc2nc(N3CCOCC3)nc3[nH]cnc23)cc1,IC50
CHEMBL1173482,6.638272163982407,230.0,1,O=C(Nc1ccccc1)Nc1ccc2c(c1)NC(=O)/C2=C\c1ccc[nH]1,IC50
CHEMBL118440,7.154901959985743,70.0,1,O=c1[nH]c2ccccc2cc1-c1nc2ccccc2[nH]1,IC50
CHEMBL119910,6.3872161432802645,410.0,1,COc1cc2c(cc1OC)-c1n[nH]c(Nc3ccc(Cl)c(Cl)c3)c1C2,IC50
CHEMBL120077,8.3767507096021,4.2,3,COc1cc2c(cc1OC)-c1n[nH]c(Nc3cccc(F)c3)c1C2,IC50
CHEMBL120634,7.8979400086720375,13.0,2,COc1cccc(Nc2[nH]nc3c2Cc2cc(OC)c(OC)cc2-3)c1,IC50
CHEMBL120862,7.8979400086720375,18.5,2,COc1cc2c(cc1OC)-c1n[nH]c(Nc3cccc(Br)c3)c1C2,IC50
CHEMBL121161,7.338064696729745,70.5,2,COc1cc2c(cc1OC)-c1[nH]nc(-c3ccccc3)c1C2,IC50
CHEMBL1214783,7.376750709602099,42.0,1,O=C(O)CCc1c(/C=C2\C(=O)Nc3ccc(F)cc32)[nH]c2c1C(=O)CCC2,IC50
CHEMBL121829,7.721848749616356,91.0,2,COCCOc1ccc2c(N3CCN(C(=O)Nc4ccc(Oc5ccc6[nH]ccc6c5)cc4)CC3)ncnc2c1,IC50
CHEMBL122528,6.863279432843593,137.0,1,COc1cc2c(cc1OC)-c1n[nH]c(Nc3cccc(C#N)c3)c1C2,IC50
CHEMBL122572,6.755020760287582,178.0,2,COc1cc2c(N3CCN(C(=O)Nc4ccc(C#N)cc4)CC3)ncnc2cc1OCCN1CCCC1,IC50
CHEMBL1230609,8.017728766960431,9.6,4,COc1cc2c(Oc3ccc(NC(=O)C4(C(=O)Nc5ccc(F)cc5)CC4)cc3F)ccnc2cc1OCCCN1CCOCC1,IC50
CHEMBL123667,7.056754637413759,88.5,2,COc1cc2c(N3CCN(C(=O)Nc4ccc(OC(C)C)cc4)CC3)ncnc2cc1OCCCN1CCCC1,IC50
CHEMBL123928,8.159379381312206,60.2,2,COCCOc1cc2ncnc(N3CCN(C(=O)Nc4ccc(Oc5cccc6cnccc56)cc4)CC3)c2cc1OCCOC,IC50
CHEMBL124035,6.665546248849069,216.0,3,COCCOc1cc2ncnc(N3CCN(C(=O)Nc4ccc(OC(C)C)cc4)CC3)c2cc1OC,IC50
CHEMBL124073,6.247425010840047,600.0,2,COc1cc2c(N3CCN(C(=O)Nc4ccc(OC(C)C)cc4)CC3)ncnc2cc1OCCCn1nccn1,IC50
CHEMBL124089,7.221848749616356,65.0,2,COc1cc2c(N3CCN(C(=O)Nc4ccc(OC(C)C)cc4)CC3)ncnc2cc1OCCCN1CCC(F)(F)CC1,IC50
CHEMBL124243,6.505275091166654,385.0,2,COCCOc1cc2ncnc(N3CCN(C(=O)Nc4ccc(C#N)cc4)CC3)c2cc1OCCOC,IC50
CHEMBL124313,6.236882069185058,587.0,2,COc1cc2c(N3CCN(C(=O)Nc4ccc(OC(C)C)cc4)CC3)ncnc2cc1OCCN1CCS(=O)(=O)CC1,IC50
CHEMBL124369,6.8186174367222865,176.0,2,CCCS(=O)(=O)CCCOc1cc2ncnc(N3CCN(C(=O)Nc4ccc(OC(C)C)cc4)CC3)c2cc1OC,IC50
CHEMBL124439,5.400383309236799,10136.5,2,COc1cc2c(N3CCN(C(=O)Nc4ccc(OC(C)C)cc4)CC3)ncnc2cc1OCCCC1CCCCC1,IC50
CHEMBL124487,7.025061147981562,94.5,2,COCCOc1cc2c(N3CCN(C(=O)Nc4ccc(OC(C)C)cc4)CC3)ncnc2cc1OCCN1CCCCC1,IC50
CHEMBL124660,5.849485002168009,5100.0,12,COc1cc2c(N3CCN(C(=O)Nc4ccc(OC(C)C)cc4)CC3)ncnc2cc1OCCCN1CCCCC1,IC50
CHEMBL124827,6.713680351478594,194.0,2,COc1cc2c(N3CCN(C(=O)Nc4ccc(C#N)cc4)CC3)ncnc2cc1OCCCN1CCCC1,IC50
CHEMBL124872,5.874747305551591,1602.5,2,COc1cc2c(N3CCN(C(=O)Nc4ccc(C#N)cc4)CC3)ncnc2cc1OCCn1cccc1,IC50
CHEMBL124895,6.727680771688331,187.5,2,COc1cc2c(N3CCN(C(=O)Nc4ccc(OC(C)C)cc4)CC3)ncnc2cc1OCCN1CCOCC1,IC50
CHEMBL124949,7.411520509706546,88.0,2,COCCOc1cc2ncnc(N3CCN(C(=O)Nc4ccc(Oc5ccc6[nH]ccc6c5)cc4)CC3)c2cc1OC,IC50
CHEMBL124983,6.07940789228863,897.0,2,COc1cc2c(N3CCN(C(=O)Nc4ccc(OC(C)C)cc4)CC3)ncnc2cc1OCCCS(=O)(=O)CC(F)(F)F,IC50
CHEMBL125028,5.4892895694753765,3465.0,2,COc1cc2c(N3CCN(C(=O)Nc4ccc(C#N)cc4)CC3)ncnc2cc1OCCn1ccnn1,IC50
CHEMBL125141,6.069828001600801,968.5,2,COc1cc2c(N3CCN(C(=O)Nc4ccc(OC(C)C)cc4)CC3)ncnc2cc1OCCn1cnnn1,IC50
CHEMBL125146,5.389485986686,4365.0,2,COc1cc2c(N3CCN(C(=O)Nc4ccc(C#N)cc4)CC3)ncnc2cc1OCCCn1ccnn1,IC50
CHEMBL125171,6.7426995629407,202.0,2,CCCCS(=O)(=O)CCCOc1cc2ncnc(N3CCN(C(=O)Nc4ccc(OC(C)C)cc4)CC3)c2cc1OC,IC50
CHEMBL125252,6.096842165095943,841.0,2,COCCOc1cc2ncnc(N3CCN(C(=O)Nc4ccc(C#N)cc4)CC3)c2cc1OCCN1CCOCC1,IC50
CHEMBL125277,8.247425010840047,16.5,2,COCCOc1cc2ncnc(N3CCN(C(=O)Nc4ccc(Oc5cccc6[nH]ccc56)cc4)CC3)c2cc1OCCOC,IC50
CHEMBL125304,5.186878076617367,6675.0,2,COc1cc2c(N3CCN(C(=O)Nc4ccc(C#N)cc4)CC3)ncnc2cc1OCCn1ccnc1,IC50
CHEMBL125367,6.830971062290121,154.0,2,COCCOc1cc2ncnc(N3CCN(C(=O)Nc4ccc(OC(C)C)cc4)CC3)c2cc1OCCN1CCCCC1,IC50
CHEMBL1254007,7.017728766960431,96.0,1,Cn1ccc2ncnc(Oc3ccc(NC(=O)Nc4cccc(C(F)(F)F)c4)c(F)c3)c21,IC50
CHEMBL1254285,5.552841968657781,2800.0,1,Cn1c(Cc2ccccc2)cc2c(Nc3cccc(Br)c3)nc(N)nc21,IC50
CHEMBL1254286,4.144480844332199,71700.0,1,CN(c1cccc(Br)c1)c1nc(N)nc2c1cc(Cc1ccccc1)n2C,IC50
CHEMBL125431,7.180755371522681,89.5,2,COc1cc2c(N3CCN(C(=O)Nc4ccc(OC(C)C)cc4)CC3)ncnc2cc1OCCCN1CCCC(F)(F)C1,IC50
CHEMBL1254363,4.458420756053419,34800.0,1,Cc1ccccc1Cc1cc2c(N(C)c3cccc(Br)c3)nc(N)nc2[nH]1,IC50
CHEMBL1254444,5.886056647693163,1300.0,1,COc1ccc(OC)c(Cc2cc3c(N(C)c4cccc(Br)c4)nc(N)nc3[nH]2)c1,IC50
CHEMBL125445,6.1520403735843,706.0,2,COc1cc2c(N3CCN(C(=O)Nc4ccc(C#N)cc4)CC3)ncnc2cc1OCCN1CCN(C)CC1,IC50
CHEMBL125451,6.911954370472159,175.0,2,COCCOc1cc2ncnc(N3CCN(C(=O)Nc4ccc(OC(C)C)cc4)CC3)c2cc1OCCOC,IC50
CHEMBL1254522,3.4584207560534193,348000.0,1,COc1ccc(OC)c(Cc2cc3c(Nc4cccc(Br)c4)nc(N)nc3n2C)c1,IC50
CHEMBL125717,7.368774455134785,96.5,2,COCCOc1cc2ncnc(N3CCN(C(=O)Nc4ccc(Oc5ccccc5)cc4)CC3)c2cc1OCCOC,IC50
CHEMBL125721,7.059364748035321,323.0,2,COCCOc1cc2ncnc(N3CCN(C(=O)Nc4ccc(Oc5ccc(C(C)(C)C)cc5)cc4)CC3)c2cc1OCCOC,IC50
CHEMBL125761,6.846251981043393,142.5,2,COc1cc2c(N3CCN(C(=O)Nc4ccc(C#N)cc4)CC3)ncnc2cc1OCCCN1CCOCC1,IC50
CHEMBL125805,7.670517578667782,96.2,2,COCCOc1cc2ncnc(N3CCN(C(=O)Nc4ccc(Oc5ccc(Br)cc5)cc4)CC3)c2cc1OCCOC,IC50
CHEMBL125811,7.548455006504028,250.8,2,COCCOc1cc2ncnc(N3CCN(C(=O)Nc4ccc(Oc5cccc6ncccc56)cc4)CC3)c2cc1OCCOC,IC50
CHEMBL1258603,7.552841968657781,28.0,1,Cc1cc(C=C2C(=O)Nc3ccc(F)cc32)c2ccccc(OCCN3CCC[C@H]3CO)c1-2,IC50
CHEMBL125898,7.221848749616356,60.0,3,COc1cc2c(N3CCN(C(=O)Nc4ccc(OC(C)C)cc4)CC3)ncnc2cc1OCCCN1CCOCC1,IC50
CHEMBL125994,6.736830361305078,184.0,2,COCCOc1cc2c(N3CCN(C(=O)Nc4ccc(C#N)cc4)CC3)ncnc2cc1OCCN1CCCC1,IC50
CHEMBL126173,5.990649750666878,1085.0,2,COc1cc2c(N3CCN(C(=O)Nc4ccc(OC(C)C)cc4)CC3)ncnc2cc1OCCCn1ccnn1,IC50
CHEMBL126699,7.180755371522681,89.5,2,COc1cc2c(N3CCN(C(=O)Nc4ccc(C#N)cc4)CC3)ncnc2cc1OCCCN1CCCCC1C,IC50
CHEMBL1269858,7.236572006437063,58.0,1,CN(c1ccnc(Nc2cc(N3CCOCC3)cc(N3CCOCC3)c2)n1)c1cccc2[nH]ncc12,IC50
CHEMBL127429,6.447585798173172,357.5,2,COc1cc2c(N3CCN(C(=O)Nc4ccc(OC(C)C)cc4)CC3)ncnc2cc1OCCn1ccnn1,IC50
CHEMBL127581,5.788213240133632,1705.0,2,COc1cc2c(N3CCN(C(=O)Nc4ccc(C#N)cc4)CC3)ncnc2cc1OCCn1nccn1,IC50
CHEMBL127635,5.875205171113529,1335.0,2,COc1cc2c(N3CCN(C(=O)Nc4ccc(C#N)cc4)CC3)ncnc2cc1OCCN1CCOCC1,IC50
CHEMBL1276890,8.397940008672037,4.0,1,Cc1c(/C=C2\C(=O)Nc3ccc(F)cc32)[nH]c2c1C(=O)N(CCN1CCCC1)CC2,IC50
CHEMBL1276891,8.0,10.0,1,Cc1c(/C=C2\C(=O)Nc3ccc(F)cc32)[nH]c2c1C(=O)N(CCN1CCOCC1)CC2,IC50
CHEMBL1276980,8.096910013008056,8.0,1,Cc1c(/C=C2\C(=O)Nc3ccc(F)cc32)[nH]c2c1C(=O)N(C[C@H](O)CN1CCOCC1)CC2,IC50
CHEMBL1276981,8.0,10.0,1,CCN(CC)CCN1CCCc2[nH]c(/C=C3\C(=O)Nc4ccc(F)cc43)c(C)c2C1=O,IC50
CHEMBL1277071,8.301029995663981,5.0,1,Cc1c(/C=C2\C(=O)Nc3ccc(F)cc32)[nH]c2c1C(=O)N(CCN1CCOCC1)CCC2,IC50
CHEMBL1277072,7.958607314841775,11.0,1,Cc1c(/C=C2\C(=O)Nc3ccc(F)cc32)[nH]c2c1C(=O)N(C[C@H](O)CN1CCOCC1)CCC2,IC50
CHEMBL1277161,7.886056647693163,13.0,1,CCN(CC)CCN1CCCCc2[nH]c(/C=C3\C(=O)Nc4ccc(F)cc43)c(C)c2C1=O,IC50
CHEMBL127731,6.870561685313934,137.5,2,COc1cc2c(N3CCN(C(=O)Nc4ccc(C#N)cc4)CC3)ncnc2cc1OCCCN1CCC(F)(F)CC1,IC50
CHEMBL127748,5.99148333035061,1050.0,2,COCCOc1cc2ncnc(N3CCN(C(=O)Nc4ccc(C#N)cc4)CC3)c2cc1OC,IC50
CHEMBL127753,6.387558733547954,418.0,2,COCCOc1cc2ncnc(N3CCN(C(=O)Nc4ccc(C#N)cc4)CC3)c2cc1OCCN1CCCCC1,IC50
CHEMBL127786,6.560739102249396,283.0,2,COc1cc2c(N3CCN(C(=O)Nc4ccc(OC(C)C)cc4)CC3)ncnc2cc1OCCn1ncnn1,IC50
CHEMBL1278146,8.397940008672037,4.0,1,CCN(CC)CCN1CCc2[nH]c(/C=C3\C(=O)Nc4ccc(F)cc43)c(C)c2C1=O,IC50
CHEMBL1278147,8.698970004336019,2.0,1,CCN(CC)CCN1CCc2[nH]c(/C=C3\C(=O)Nc4ccc(Cl)cc43)c(C)c2C1=O,IC50
CHEMBL1278233,8.522878745280337,3.0,1,CCN(CC)CCN1CCc2[nH]c(/C=C3\C(=O)Nc4ccc(Br)cc43)c(C)c2C1=O,IC50
CHEMBL1278234,8.522878745280337,3.0,1,Cc1c(/C=C2\C(=O)Nc3ccc(F)cc32)[nH]c2c1C(=O)N(CCN(C)C)CC2,IC50
CHEMBL127886,6.717076090663241,480.0,2,COCCOc1ccc2c(N3CCN(C(=O)Nc4ccc(Oc5ccccc5)cc4)CC3)ncnc2c1,IC50
CHEMBL1288582,5.494850021680094,3200.0,1,COc1ccc2cc(-c3n[nH]c4cccnc34)[nH]c2c1,IC50
CHEMBL1289494,8.037137736531967,25.36,2,COc1cc2nccc(Oc3ccc(NC(=O)Nc4cc(C)on4)c(Cl)c3)c2cc1OC,IC50
CHEMBL1289601,7.4089353929735005,39.0,1,COc1cc2nccc(Oc3ccc(NC(=O)NC4CC4)c(Cl)c3)c2cc1C(N)=O,IC50
CHEMBL1289926,8.795880017344075,1.6,2,CNC(=O)c1ccccc1Sc1ccc2c(/C=C/c3ccccn3)n[nH]c2c1,IC50
CHEMBL13354,8.698970004336019,2.0,1,Cc1[nH]c(/C=C2\C(=O)Nc3ccc(F)cc32)c(C)c1C(=O)NCCN1CCOCC1,IC50
CHEMBL1336,7.2441251443275085,57.0,17,CNC(=O)c1cc(Oc2ccc(NC(=O)Nc3ccc(Cl)c(C(F)(F)F)c3)cc2)ccn1,IC50
CHEMBL13485,8.522878745280337,3.0,3,CCN(CC)CCNC(=O)c1c(C)[nH]c(/C=C2\C(=O)Nc3ccc(Cl)cc32)c1C,IC50
CHEMBL13608,9.0,1.0,1,Cc1[nH]c(/C=C2\C(=O)Nc3ccc(F)cc32)c(C)c1C(=O)NCCN1CCCC1,IC50
CHEMBL13629,8.301029995663981,5.0,1,CCN(CC)CCNC(=O)c1c(C)[nH]c(/C=C2\C(=O)Nc3ccc(Br)cc32)c1C,IC50
CHEMBL13976,9.301029995663981,0.5,1,Cc1[nH]c(/C=C2\C(=O)Nc3ccc(F)cc32)c(C)c1C(=O)NCCN(C)C,IC50
CHEMBL13983,8.522878745280337,3.0,1,Cc1[nH]c(/C=C2\C(=O)Nc3ccc(F)cc32)c(C)c1C(=O)NCC1CCN(C)CC1,IC50
CHEMBL141247,5.301029995663981,5000.0,1,O=C(Nc1ccccn1)Nc1cccc2c1[C@H]1CCCN1C2=O,IC50
CHEMBL143986,6.309803919971486,490.0,1,O=C(Nc1ccc(Oc2ccccc2)cc1)N1CCN(c2[nH]cnc3ncnc2-3)CC1,IC50
CHEMBL144054,5.886056647693163,1300.0,1,S=C(NCc1ccccc1)N1CCN(c2ncnc3cc4ccccc4cc23)CC1,IC50
CHEMBL144076,6.4089353929735005,390.0,1,O=C(Nc1ccc(Oc2ccccc2)cc1)N1CCN(c2ncnc3cc4ccccc4cc23)CC1,IC50
CHEMBL144077,7.045757490560675,90.0,1,COc1cc2ncnc(N3CCN(C(=O)Nc4ccc(Oc5ccccc5)cc4)CC3)c2cc1OCC#N,IC50
CHEMBL144078,6.721246399047171,190.0,1,CCCOc1cc2c(N3CCN(C(=O)Nc4ccc(Oc5ccccc5)cc4)CC3)ncnc2cc1OC,IC50
CHEMBL144109,4.991399828238082,10200.0,1,COc1cc2ncnc(N3CCN(/C(S)=N\Cc4ccccc4)CC3)c2cc1OS(C)(=O)=O,IC50
CHEMBL144279,5.216096420727265,6080.0,1,COC(=O)COc1cc2c(N3CCN(C(=O)Nc4ccc(C#N)cc4)CC3)ncnc2cc1OC,IC50
CHEMBL144296,6.522878745280337,300.0,1,COc1cc2ncnc(N3CCN(C(=O)Nc4ccc(Oc5ccccc5)cc4)CC3)c2cc1OCC(C)=O,IC50
CHEMBL144368,4.987162775294828,10300.0,1,O=C(Nc1ccc(Oc2ccccc2)cc1)N1CCN(c2nncc3ccccc23)CC1,IC50
CHEMBL144369,4.876148359032914,13300.0,1,O=C(Nc1ccc(Oc2ccccc2)cc1)N1CCN(c2ncnc3cnc(F)cc23)CC1,IC50
CHEMBL144390,6.5376020021010435,290.0,1,CCn1nnc2cc3c(N4CCN(C(=O)Nc5ccc(Oc6ccccc6)cc5)CC4)ncnc3cc21,IC50
CHEMBL144622,6.568636235841013,270.0,1,O=C(Nc1ccc(Oc2ccccc2)cc1)N1CCN(c2ccnc3ccccc23)CC1,IC50
CHEMBL144687,7.096910013008056,80.0,1,CCOc1cc2ncnc(N3CCN(C(=O)Nc4ccc(Oc5ccccc5)cc4)CC3)c2cc1OCC,IC50
CHEMBL144725,7.698970004336019,20.0,1,COCCOc1cc2c(N3CCN(C(=O)Nc4ccc(Oc5ccccc5)cc4)CC3)ncnc2cc1OC,IC50
CHEMBL144749,7.045757490560675,90.0,1,O=C(Nc1ccc(Oc2ccccc2)cc1)N1CCN(c2ncnc3cc4c(cc23)OCO4)CC1,IC50
CHEMBL144860,5.568636235841013,2700.0,1,CCn1cnc2cc3c(N4CCN(/C(S)=N\Cc5ccccc5)CC4)ncnc3cc21,IC50
CHEMBL145259,6.292429823902063,510.0,1,COCCOc1cc2c(N3CCN(C(=O)Nc4ccc(C#N)cc4)CC3)ncnc2cc1OC,IC50
CHEMBL146020,6.1938200260161125,640.0,1,COc1cc2c(N3CCN(C(=O)Nc4ccc(Oc5ccccc5)cc4)CC3)ncnc2cc1OC(C)C,IC50
CHEMBL146078,6.481486060122113,330.0,1,CCn1c(=O)n(C)c2cc3c(N4CCN(C(=O)Nc5ccc(Oc6ccccc6)cc5)CC4)ncnc3cc21,IC50
CHEMBL146694,5.840259585974831,1580.0,2,COc1ccccc1-c1ccc2c(c1)NC(=O)/C2=C\c1[nH]c(C)c(CCC(=O)O)c1C,IC50
CHEMBL146697,5.223298816011589,5980.0,1,Cc1c(CCC(=O)O)c[nH]c1/C=C1\C(=O)Nc2ccc(S(N)(=O)=O)cc21,IC50
CHEMBL146876,6.0915149811213505,810.0,1,COc1cc2nncc(N3CCN(C(=O)Nc4ccc(Oc5ccccc5)cc4)CC3)c2cc1OC,IC50
CHEMBL146993,6.187086643357144,650.0,1,CCCCOc1cc2ncnc(N3CCN(C(=O)Nc4ccc(Oc5ccccc5)cc4)CC3)c2cc1OC,IC50
CHEMBL147001,6.769551078621726,170.0,1,O=C(Nc1ccc(Oc2ccccc2)cc1)N1CCN(c2[nH]cnc3nncc2-3)CC1,IC50
CHEMBL147112,6.017399149487044,1035.0,2,COc1ccccc1-c1ccc2c(c1)NC(=O)/C2=C\c1[nH]cc(CCC(=O)O)c1C,IC50
CHEMBL147277,7.096910013008056,80.0,1,COCCOc1cc2ncnc(N3CCN(/C(S)=N\Cc4ccc5c(c4)OCO5)CC3)c2cc1OC,IC50
CHEMBL147761,5.004599782073713,24255.0,2,Cc1c[nH]c(/C=C2\C(=O)Nc3cccc(C)c32)c1CCC(=O)O,IC50
CHEMBL147841,5.486782399932061,3260.0,1,CCOC(=O)c1cnc2cc(OC)c(OC)cc2c1N1CCN(/C(S)=N\Cc2ccccc2)CC1,IC50
CHEMBL147916,6.7447274948966935,180.0,1,COc1cc2nccc(N3CCN(C(=O)Nc4ccc(Oc5ccccc5)cc4)CC3)c2cc1OC,IC50
CHEMBL147917,7.0,100.0,1,O=C(Nc1ccc(Oc2ccccc2)cc1)N1CCN(c2ccnc3cc(Cl)ccc23)CC1,IC50
CHEMBL148084,6.508638306165727,310.0,1,CCOc1cc2ncnc(N3CCN(/C(S)=N\Cc4ccccc4)CC3)c2cc1OCC,IC50
CHEMBL148225,5.856985199745905,1390.0,1,CCCCOc1cc2c(N3CCN(C(=O)Nc4ccc(Oc5ccccc5)cc4)CC3)ncnc2cc1OC,IC50
CHEMBL148259,7.154901959985743,70.0,1,C#CCOc1cc2ncnc(N3CCN(C(=O)Nc4ccc(Oc5ccccc5)cc4)CC3)c2cc1OC,IC50
CHEMBL148382,7.096910013008056,80.0,1,COCCOc1cc2c(N3CCN(/C(S)=N\Cc4ccc5c(c4)OCO5)CC3)ncnc2cc1OC,IC50
CHEMBL148514,6.75713928675921,175.0,2,COc1cccc(-c2ccc3c(c2)NC(=O)/C3=C\c2[nH]cc(CCC(=O)O)c2C)c1,IC50
CHEMBL148744,5.69076675390046,3660.0,2,Cc1c[nH]c(/C=C2\C(=O)Nc3ccc(Br)cc32)c1CCC(=O)O,IC50
CHEMBL148984,5.53370224379074,2930.0,2,COc1ccc(-c2ccc3c(c2)NC(=O)/C3=C\c2[nH]cc(CCC(=O)O)c2C)cc1,IC50
CHEMBL149073,5.91721462968355,1210.0,1,Cc1[nH]c(/C=C2\C(=O)Nc3ccc(C(=O)O)cc32)c(C)c1CCC(=O)O,IC50
CHEMBL149201,7.479303657420887,60.0,2,Cc1[nH]c(/C=C2\C(=O)Nc3cc(-c4ccccc4)ccc32)c(C)c1CCC(=O)O,IC50
CHEMBL149243,6.353871964321762,770.0,2,COc1ccc2c(c1)NC(=O)/C2=C\c1[nH]cc(CCC(=O)O)c1C,IC50
CHEMBL150151,6.083745543646882,840.0,2,COc1ccc(-c2ccc3c(c2)NC(=O)/C3=C\c2[nH]c(C)c(CCC(=O)O)c2C)cc1,IC50
CHEMBL150177,5.815308569182402,1530.0,1,Cc1[nH]c(/C=C2\C(=O)Nc3ccc(S(N)(=O)=O)cc32)c(C)c1CCC(=O)O,IC50
CHEMBL150894,6.391473966422806,406.0,1,CC(C)OCc1ccc2c(c1)c1c3c(c4c(c1n2CCCO)Cc1ccccc1-4)C(=O)NC3,IC50
CHEMBL153843,6.1938200260161125,640.0,1,O=C(Nc1cccc(C(F)(F)F)c1)c1ccccc1NCc1ccncc1,IC50
CHEMBL1567,8.698970004336019,2.0,1,CCN(CC)CCNC(=O)c1c(C)[nH]c(/C=C2\C(=O)Nc3ccc(F)cc32)c1C.O=C(O)C[C@H](O)C(=O)O,IC50
CHEMBL1614712,5.698970004336019,2000.0,1,Nc1ncnc2c1c(-c1cccc(OCc3ccccc3)c1)cn2[C@H]1C[C@@H](CN2CCC2)C1,IC50
CHEMBL1615278,6.958607314841775,110.0,1,C[C@@H](Oc1cc(-n2cnc3ccc(OC4CCN(C)CC4)cc32)sc1C(N)=O)c1ccccc1C(F)(F)F,IC50
CHEMBL1630107,5.481486060122113,3300.0,1,O=C(/C=C/c1ccc(-c2ccc3ncnc(Nc4ccc(OCc5cccc(F)c5)c(Cl)c4)c3c2)o1)NO,IC50
CHEMBL1630108,5.958607314841775,1100.0,1,O=C(/C=C/c1ccc(-c2ccc3ncnc(Nc4ccc(OCc5cccc(F)c5)c(Cl)c4)c3c2)s1)NO,IC50
CHEMBL1630109,5.6020599913279625,2500.0,1,O=C(/C=C/c1cccc(-c2ccc3ncnc(Nc4ccc(OCc5cccc(F)c5)c(Cl)c4)c3c2)c1)NO,IC50
CHEMBL1630110,5.638272163982407,2300.0,1,O=C(/C=C/c1ccc(-c2ccc3ncnc(Nc4ccc(OCc5cccc(F)c5)c(Cl)c4)c3c2)cc1)NO,IC50
CHEMBL1630111,5.3979400086720375,4000.0,1,Nc1ccccc1NC(=O)c1ccc(-c2ccc3ncnc(Nc4ccc(OCc5cccc(F)c5)c(Cl)c4)c3c2)o1,IC50
CHEMBL1630112,5.638272163982407,2300.0,1,Nc1ccccc1NC(=O)c1ccc(-c2ccc3ncnc(Nc4ccc(OCc5cccc(F)c5)c(Cl)c4)c3c2)s1,IC50
CHEMBL1630113,5.4089353929735005,3900.0,1,Nc1ccccc1NC(=O)/C=C/c1ccc(-c2ccc3ncnc(Nc4ccc(OCc5cccc(F)c5)c(Cl)c4)c3c2)o1,IC50
CHEMBL1630114,5.6020599913279625,2500.0,1,Nc1ccccc1NC(=O)/C=C/c1cccc(-c2ccc3ncnc(Nc4ccc(OCc5cccc(F)c5)c(Cl)c4)c3c2)c1,IC50
CHEMBL1630115,5.568636235841013,2700.0,1,Nc1ccccc1NC(=O)/C=C/c1ccc(-c2ccc3ncnc(Nc4ccc(OCc5cccc(F)c5)c(Cl)c4)c3c2)cc1,IC50
CHEMBL1630116,5.327902142064283,4700.0,1,Nc1ccccc1NC(=O)CCc1ccc(-c2ccc3ncnc(Nc4ccc(OCc5cccc(F)c5)c(Cl)c4)c3c2)cc1,IC50
CHEMBL1630117,6.0,1000.0,1,O=C(NO)c1ccc(-c2ccc3ncnc(Nc4ccc(OCc5cccc(F)c5)c(Cl)c4)c3c2)o1,IC50
CHEMBL1630118,5.7447274948966935,1800.0,1,O=C(NO)c1ccc(-c2ccc3ncnc(Nc4ccc(OCc5cccc(F)c5)c(Cl)c4)c3c2)s1,IC50
CHEMBL1651523,4.376750709602099,42000.0,1,COc1cc(O)c2c(c1)CCCCCC(=O)/C=C\C[C@H](C)OC2=O,IC50
CHEMBL1668411,7.3872161432802645,41.0,1,COc1cc(O)c2c(c1)/C=C/C[C@@H](O)[C@H](O)C(=O)/C=C\C[C@H](C)OC2=O,IC50
CHEMBL1668418,5.036212172654444,9200.0,1,COc1cc(O)c2c(c1)/C=C/CCCC(=O)/C=C/C[C@H](C)OC2=O,IC50
CHEMBL1668419,4.6777807052660805,21000.0,1,COc1cc(O)c2c(c1)CCCCCC(=O)/C=C/C[C@H](C)OC2=O,IC50
CHEMBL169390,6.568636235841013,270.0,1,Nc1ncnc2c1c(-c1cccc(O)c1)cn2C1CCCC1,IC50
CHEMBL175596,6.498940737782249,317.0,1,c1ccc(Nc2n[nH]c3c2Cc2ccccc2-3)cc1,IC50
CHEMBL1784637,8.585026652029182,2.6,1,CNC(=O)c1ncc(C#Cc2cc(C(=O)Nc3ccc(CN4CCN(CCO)CC4)c(C(F)(F)F)c3)ccc2C)n1C,IC50
CHEMBL1794070,6.376750709602099,420.0,1,C[C@@H](Oc1cc(-n2cnc3ccc(OC4CCN(C)CC4)cc32)sc1C(N)=O)c1ccccc1Cl,IC50
CHEMBL182515,6.7072696352457495,310.0,2,COc1cc2c(N3CCN(/C(S)=N\c4ccc(OC(C)C)cc4)CC3)ncnc2cc1OCCCN1CCCCC1,IC50
CHEMBL1835870,6.698970004336019,200.0,1,Nc1nc(Nc2ccc([C@H]3CC[C@H](N4CCOCC4)CC3)cc2)nn1-c1ccccn1,Ki
CHEMBL183731,6.337344814144469,460.0,2,COc1cc2c(N3CCN(/C(S)=N\c4ccc(C#N)cc4)CC3)ncnc2cc1OCCN1CCCCC1,IC50
CHEMBL183923,6.565384140134512,420.0,2,COc1cc2c(N3CCN(/C(S)=N\c4ccsc4)CC3)ncnc2cc1OCCN1CCCCC1,IC50
CHEMBL183929,5.159238281458075,7285.0,2,COc1cc2c(N3CCN(/C(S)=N\Cc4ccc(-c5ccncc5)cc4)CC3)ncnc2cc1OCCN1CCCCC1,IC50
CHEMBL183987,5.94692155651658,1130.0,3,COc1cc2c(N3CCN(/C(S)=N\Cc4ccc(C(F)(F)F)nc4Cl)CC3)ncnc2cc1OCCN1CCCCC1,IC50
CHEMBL184078,7.548455006504028,82.5,2,COc1cc2c(N3CCN(/C(S)=N\Cc4ccc5c(c4)OCO5)CC3)ncnc2cc1OCCN1CCCC1,IC50
CHEMBL184082,6.292429823902063,510.0,3,COc1cc2c(N3CCN(/C(S)=N\c4ccc(Cl)nc4)CC3)ncnc2cc1OCCN1CCCCC1,IC50
CHEMBL184118,5.680955139007747,2580.0,2,COc1cc2c(N3CCN(/C(S)=N\c4ccc(C(F)(F)F)nc4)CC3)ncnc2cc1OCCN1CCCCC1,IC50
CHEMBL184129,7.096910013008056,80.0,3,COc1cc2c(N3CCN(/C(S)=N\Cc4ccc(C)o4)CC3)ncnc2cc1OCCCN1CCCCC1,IC50
CHEMBL184180,6.657577319177793,220.0,3,COc1cc2c(N3CCN(/C(S)=N\c4ccncc4)CC3)ncnc2cc1OCCCN1CCCCC1,IC50
CHEMBL184188,6.0247202191941,945.0,2,COc1cc2c(N3CCN(/C(=N\Cc4ccc(C(C)C)cc4)NC#N)CC3)ncnc2cc1OCCCN1CCCCC1,IC50
CHEMBL184227,7.3979400086720375,40.0,3,COc1cc2c(N3CCN(/C(S)=N\Cc4ccc5c(c4)OCO5)CC3)ncnc2cc1OCCN1CCCCC1,IC50
CHEMBL184231,4.632972313695047,24400.0,2,COc1cc2c(N3CCN(/C(=N\c4ccncc4)NC#N)CC3)ncnc2cc1OCCCN1CCCCC1,IC50
CHEMBL184235,6.853871964321762,140.0,3,COc1cc2c(N3CCN(/C(S)=N\Cc4ccc(C)nc4)CC3)ncnc2cc1OCCCN1CCCCC1,IC50
CHEMBL184244,6.823908740944319,150.0,3,COc1cc2c(N3CCN(/C(S)=N\Cc4ccc(C(F)(F)F)nc4)CC3)ncnc2cc1OCCN1CCCCC1,IC50
CHEMBL184254,6.126449534317507,875.0,2,COc1cc2c(N3CCN(/C(S)=N\c4ccc(Cl)nn4)CC3)ncnc2cc1OCCN1CCCCC1,IC50
CHEMBL184352,5.363791406156311,4370.0,2,COc1cc2c(N3CCN(/C(S)=N\c4cccnc4)CC3)ncnc2cc1OCCN1CCCCC1,IC50
CHEMBL184382,5.057285463378292,9995.0,2,COc1cc2c(N3CCN(/C(S)=N\Cc4ccc(-c5cccnc5)cc4)CC3)ncnc2cc1OCCN1CCCCC1,IC50
CHEMBL184392,6.197617057648056,750.0,2,COc1cc2c(N3CCN(/C(S)=N\Cc4ccc(C)nc4Cl)CC3)ncnc2cc1OCCN1CCCCC1,IC50
CHEMBL184414,6.8979400086720375,185.0,2,COc1cc2c(N3CCN(/C(S)=N\Cc4cccnc4)CC3)ncnc2cc1OCCCN1CCCCC1,IC50
CHEMBL184575,5.930328121923813,1280.0,2,COc1cc2c(N3CCN(/C(S)=N\Cc4ccnc(Cl)c4)CC3)ncnc2cc1OCCN1CCCCC1,IC50
CHEMBL184642,7.5,55.0,2,COc1cc2c(N3CCN(/C(S)=N\Cc4ccc(-c5ccccc5)nc4)CC3)c(C#N)cnc2cc1OCCCN1CCCCC1,IC50
CHEMBL184699,6.828788659588897,160.0,2,COc1cc2c(N3CCN(/C(S)=N\c4ccc(-c5ccccn5)cc4)CC3)ncnc2cc1OCCCN1CCCCC1,IC50
CHEMBL184753,6.853871964321762,140.0,3,COc1cc2c(N3CCN(/C(S)=N\Cc4cnc(C)cn4)CC3)ncnc2cc1OCCCN1CCCCC1,IC50
CHEMBL184906,5.56375870016963,2800.0,2,COc1cc2c(N3CCN(/C(=N\Cc4ccc(C(F)(F)F)nc4)NC#N)CC3)ncnc2cc1OCCCN1CCCCC1,IC50
CHEMBL184913,6.404274492767552,395.0,2,COc1cc2c(N3CCN(/C(=N\c4ccc(-c5ccccn5)cc4)NC#N)CC3)ncnc2cc1OCCCN1CCCCC1,IC50
CHEMBL184948,8.210108201691595,19.5,2,COc1cc2c(cc1OC)-c1n[nH]c(Nc3cccc(C(F)(F)F)c3)c1C2,IC50
CHEMBL185510,6.752922702990778,185.0,2,COc1cc2c(N3CCN(/C(S)=N\c4ccncc4)CC3)c(C#N)cnc2cc1OCCCN1CCCCC1,IC50
CHEMBL185597,6.5376020021010435,290.0,3,COc1cc2c(N3CCN(/C(S)=N\Cc4ccco4)CC3)ncnc2cc1OCCN1CCCC1,IC50
CHEMBL185605,5.24186455863533,7925.0,2,COc1cc2c(N3CCN(/C(S)=N\Cc4ccncc4)CC3)ncnc2cc1OCCCN1CCCCC1,IC50
CHEMBL185921,5.749217064074494,1810.0,2,COc1cc2c(N3CCN(/C(S)=N\Cc4ccc(-c5ccccn5)cc4)CC3)ncnc2cc1OCCN1CCCCC1,IC50
CHEMBL186550,6.273723468385537,540.0,2,COc1cc2c(N3CCN(/C(S)=N\Cc4csc(C)n4)CC3)ncnc2cc1OCCCN1CCCCC1,IC50
CHEMBL186612,6.2523666278060945,795.0,2,COc1cc2c(N3CCN(/C(S)=N\Cc4cnc(C)cn4)CC3)ncnc2cc1OCCN1CCOCC1,IC50
CHEMBL186618,7.292513326014591,75.0,2,COc1cc2c(N3CCN(/C(S)=N\Cc4ccc(-c5ccccc5)nc4)CC3)ncnc2cc1OCCCN1CCCCC1,IC50
CHEMBL186645,6.2317207787142355,615.0,2,COc1cc2c(N3CCN(/C(S)=N\c4ccc(-c5cccc[n+]5[O-])cc4)CC3)ncnc2cc1OCCN1CCCCC1,IC50
CHEMBL186658,5.912229597991615,1410.0,2,COc1cc2c(N3CCN(/C(S)=N\Cc4cccnc4)CC3)ncnc2cc1OCCN1CCCCC1,IC50
CHEMBL186682,7.096910013008056,80.0,3,COc1cc2c(N3CCN(/C(S)=N\Cc4ccc(Cl)nc4)CC3)ncnc2cc1OCCN1CCCCC1,IC50
CHEMBL186698,5.303067681771411,6410.0,2,COc1cc2c(N3CCN(/C(=N\Cc4cc(C)on4)NC#N)CC3)ncnc2cc1OCCCN1CCCCC1,IC50
CHEMBL186718,6.568636235841013,270.0,3,COc1cc2c(N3CCN(/C(S)=N\c4ccc(-c5ccccc5)nc4)CC3)ncnc2cc1OCCCN1CCCCC1,IC50
CHEMBL186719,7.610924374808178,62.5,2,COc1cc2c(N3CCN(/C(S)=N\c4ccc(C#N)cc4)CC3)c(C#N)cnc2cc1OCCCN1CCCCC1,IC50
CHEMBL186767,5.498269733945246,3520.0,2,COc1cc2c(N3CCN(/C(S)=N\c4nccs4)CC3)ncnc2cc1OCCN1CCCCC1,IC50
CHEMBL186850,6.3619990050189745,455.0,2,COc1cc2c(N3CCN(/C(=N\Cc4ccc5c(c4)OCO5)NC#N)CC3)ncnc2cc1OCCCN1CCCCC1,IC50
CHEMBL186851,6.823908740944319,150.0,3,COc1cc2c(N3CCN(/C(S)=N\c4ccc(-c5ccccn5)cc4)CC3)ncnc2cc1OCCN1CCCCC1,IC50
CHEMBL186889,5.779813124091822,1665.0,2,COc1cc2c(N3CCN(/C(S)=N\c4ccnc(C#N)c4)CC3)ncnc2cc1OCCN1CCCCC1,IC50
CHEMBL186905,5.982165082674159,1050.0,2,COc1cc2c(N3CCN(/C(S)=N\c4ccc(C#N)cc4)CC3)ncnc2cc1OCCN1CCOCC1,IC50
CHEMBL186922,6.771816983435478,175.0,2,COc1cc2c(N3CCN(/C(S)=N\c4ccc(-c5ccccn5)cc4)CC3)c(C#N)cnc2cc1OCCCN1CCCCC1,IC50
CHEMBL186923,6.506166867536862,360.0,2,COc1cc2c(N3CCN(/C(S)=N\c4ccc(Br)cc4)CC3)ncnc2cc1OCCN1CCOCC1,IC50
CHEMBL187144,5.38447812362778,4370.0,2,COc1cc2c(N3CCN(/C(S)=N\Cc4ccc(N)nc4)CC3)ncnc2cc1OCCN1CCCCC1,IC50
CHEMBL187280,7.221848749616356,60.0,3,COc1cc2c(N3CCN(/C(S)=N\Cc4cnc(C)cn4)CC3)ncnc2cc1OCCN1CCCCC1,IC50
CHEMBL187688,6.20230700959543,700.0,2,COc1cc2c(N3CCN(/C(S)=N\c4ccc(Br)cc4)CC3)ncnc2cc1OCCN1CCCCC1,IC50
CHEMBL187960,6.792513326014591,180.0,2,COc1cc2c(N3CCN(/C(S)=N\Cc4ccc5c(c4)OCO5)CC3)ncnc2cc1OCCN1CCOCC1,IC50
CHEMBL1908396,5.014977734094041,9666.75,6,COc1cc(Oc2ccnc3cc(OC)c(OC)cc23)ccc1NC(=O)NC(C)c1nccs1,IC50
CHEMBL1929553,3.7139928779205253,193200.0,1,Cc1ccccc1Cc1cc2c(Nc3ccc(Cl)cc3)nc(N)nc2[nH]1,IC50
CHEMBL1929555,5.049635145623877,8920.0,1,Nc1nc(Nc2ccc(Cl)cc2)c2cc(Cc3cccc4ccccc34)[nH]c2n1,IC50
CHEMBL1929556,3.8359447081065485,145900.0,1,COc1ccc(OC)c(Cc2cc3c(Nc4ccc(Cl)cc4F)nc(N)nc3[nH]2)c1,IC50
CHEMBL1929557,4.3535962737769305,44300.0,1,COc1ccc(OC)c(Cc2cc3c(Nc4ccc(Cl)cc4)nc(N)nc3[nH]2)c1,IC50
CHEMBL1934327,5.554707230574028,2788.0,1,CN1CCC(COc2ccc3c(Nc4ccc(NC(=O)Nc5cccc(F)c5)cc4)ncnc3c2)CC1,IC50
CHEMBL1940103,8.0,10.0,1,COc1cc2ncnc(Nc3cnn(CC(=O)Nc4cccc(F)c4)c3)c2cc1OC,IC50
CHEMBL1940104,8.0,10.0,1,COc1cccc(NC(=O)Cn2cc(Nc3ncnc4cc(OC)c(OC)cc34)cn2)c1,IC50
CHEMBL1940105,8.221848749616356,6.0,1,COc1cc2ncnc(Nc3cnn(CC(=O)Nc4ccc(N(C)C)cc4)c3)c2cc1OC,IC50
CHEMBL1940107,8.522878745280337,3.0,1,COc1cc2ncnc(Oc3cnn(CC(=O)Nc4ccc(N(C)C)cn4)c3)c2cc1OC,IC50
CHEMBL1940108,9.096910013008056,0.8,1,COc1cccc(NC(=O)Cn2cc(Oc3ncnc4cc(OC)c(OC)cc34)cn2)c1,IC50
CHEMBL1940109,9.522878745280337,0.3,1,COCCOc1cc2ncnc(Oc3cnn(CC(=O)Nc4cccc(OC)c4)c3)c2cc1OC,IC50
CHEMBL1940110,8.698970004336019,2.0,1,COCCOc1cc2c(Oc3cnn(CC(=O)Nc4cccc(OC)c4)c3)ncnc2cc1OC,IC50
CHEMBL1940111,8.522878745280337,3.0,1,COc1cccc(NC(=O)Cn2cc(Oc3ncnc4cc(OC)c(OCCN5CCCCC5)cc34)cn2)c1,IC50
CHEMBL1940112,9.0,1.0,1,COc1cccc(NC(=O)Cn2cc(Oc3ncnc4cc(OCCN5CCCC5)c(OC)cc34)cn2)c1,IC50
CHEMBL1940113,8.698970004336019,2.0,1,COc1cccc(NC(=O)Cn2cc(Oc3ncnc4cc(OC)cc(OC)c34)cn2)c1,IC50
CHEMBL1940114,8.698970004336019,2.0,1,COc1cccc(NC(=O)Cn2cc(Oc3ccnc4cc(OC)c(C#N)cc34)cn2)c1,IC50
CHEMBL1940115,8.698970004336019,2.0,1,COc1cccc(NC(=O)Cn2cc(Oc3ccnc4cc(OC)c(OC)cc34)cn2)c1,IC50
CHEMBL1940116,8.397940008672037,4.0,1,CCn1cc(NC(=O)Cn2cc(Oc3ncnc4cc(OC)c(OC)cc34)cn2)cn1,IC50
CHEMBL1940118,8.301029995663981,5.0,1,COc1cc2ncnc(Oc3ccc(CC(=O)Nc4ccc(N(C)C)cn4)cc3)c2cc1OC,IC50
CHEMBL1940259,9.045757490560675,0.9,1,COc1cccc(NC(=O)Cc2ccc(Oc3ncnc4cc(OC)c(OC)cc34)cc2)c1,IC50
CHEMBL1940260,8.0,10.0,1,COc1cccc(NC(=O)Cc2ccc(Nc3ncnc4cc(OC)c(OC)cc34)cc2)c1,IC50
CHEMBL1940261,6.522878745280337,300.0,1,COc1cccc(NC(=O)Cc2cccc(Oc3ncnc4cc(OC)c(OC)cc34)c2)c1,IC50
CHEMBL1940262,8.045757490560675,9.0,1,COc1cccc(NC(=O)NCc2ccc(Oc3ncnc4cc(OC)c(OC)cc34)cc2)c1,IC50
CHEMBL1940264,6.522878745280337,300.0,1,COc1cccc(C(=O)NCc2ccc(Oc3ncnc4cc(OC)c(OC)cc34)cc2)c1,IC50
CHEMBL1940265,6.154901959985743,700.0,1,COc1cccc(CNC(=O)c2ccc(Oc3ncnc4cc(OC)c(OC)cc34)cc2)c1,IC50
CHEMBL1940266,8.397940008672037,4.0,1,COc1cccc(CC(=O)Nc2ccc(Oc3ncnc4cc(OC)c(OC)cc34)cc2)c1,IC50
CHEMBL1940267,7.698970004336019,20.0,1,COc1cccc(COc2ccc(Oc3ncnc4cc(OC)c(OC)cc34)cc2)c1,IC50
CHEMBL1940268,8.397940008672037,4.0,1,CCc1cc(NC(=O)Cc2ccc(Oc3ncnc4cc(OC)c(OC)cc34)cc2)n[nH]1,IC50
CHEMBL1940269,8.0,10.0,1,CCn1ccc(NC(=O)Cc2ccc(Oc3ncnc4cc(OC)c(OC)cc34)cc2)n1,IC50
CHEMBL1940271,7.3979400086720375,40.0,1,COc1cc2ncnc(Oc3ccc(CC(=O)Nc4cnn(C)c4)cc3)c2cc1OC,IC50
CHEMBL1940272,8.522878745280337,3.0,1,CCn1cc(NC(=O)Cc2ccc(Oc3ncnc4cc(OC)c(OC)cc34)cc2)cn1,IC50
CHEMBL1940273,9.397940008672037,0.4,1,CCn1cc(NC(=O)Cc2ccc(Oc3ccnc4cc(OC)c(OC)cc34)cc2)cn1,IC50
CHEMBL1940274,8.397940008672037,4.0,2,COc1cc2ncnc(Oc3ccc(CC(=O)Nc4cnn(C(C)C)c4)cc3)c2cc1OC,IC50
CHEMBL1940275,7.698970004336019,20.0,2,COc1cc2ncnc(Nc3ccc(CC(=O)Nc4cnn(C(C)C)c4)cc3)c2cc1OC,IC50
CHEMBL1945170,7.721246399047171,19.0,1,CN(C)CCCc1cccc(Nc2ncc3c(n2)-c2ccc(Cl)cc2NC(=S)C3)c1,IC50
CHEMBL1945171,7.309803919971486,49.0,1,Cc1ccc(CCCN(C)C)cc1Nc1ncc2c(n1)-c1ccc(Cl)cc1NC(=S)C2,IC50
CHEMBL1945172,7.031517051446065,93.0,1,CN(C)CCCc1ccc(Cl)c(Nc2ncc3c(n2)-c2ccc(Cl)cc2NC(=S)C3)c1,IC50
CHEMBL1945173,6.721246399047171,190.0,1,COc1ccc(CCCN(C)C)cc1Nc1ncc2c(n1)-c1ccc(Cl)cc1NC(=S)C2,IC50
CHEMBL1945497,5.958607314841775,1100.0,1,CN(C)CCCc1ccc(OC(F)(F)F)c(Nc2ncc3c(n2)-c2ccc(Cl)cc2NC(=S)C3)c1,IC50
CHEMBL1945498,6.259637310505756,550.0,1,CN(C)CCCc1ccc(C(F)(F)F)c(Nc2ncc3c(n2)-c2ccc(Cl)cc2NC(=S)C3)c1,IC50
CHEMBL1945499,5.795880017344075,1600.0,1,CC(C)c1ccc(CCCN(C)C)cc1Nc1ncc2c(n1)-c1ccc(Cl)cc1NC(=S)C2,IC50
CHEMBL1945501,7.638272163982407,23.0,1,CN(C)CCCc1cc(Nc2ncc3c(n2)-c2ccc(Cl)cc2NC(=S)C3)ccc1F,IC50
CHEMBL1945502,7.568636235841013,27.0,1,COc1ccc(Nc2ncc3c(n2)-c2ccc(Cl)cc2NC(=S)C3)cc1CCCN(C)C,IC50
CHEMBL1945801,7.142667503568732,72.0,1,CN(C)CCCc1cc(Nc2ncc3c(n2)-c2ccc(Cl)cc2NC(=S)C3)ccc1C(F)(F)F,IC50
CHEMBL1945803,7.568636235841013,27.0,1,CN(C)CCCc1cncc(Nc2ncc3c(n2)-c2ccc(Cl)cc2NC(=S)C3)c1,IC50
CHEMBL1945804,7.309803919971486,49.0,1,Cc1ncc(CCCN(C)C)cc1Nc1ncc2c(n1)-c1ccc(Cl)cc1NC(=S)C2,IC50
CHEMBL1946170,7.657577319177793,22.0,3,CNC(=O)c1cc(Oc2ccc(NC(=O)Nc3ccc(Cl)c(C(F)(F)F)c3)c(F)c2)ccn1,IC50
CHEMBL1949855,4.600000074606178,25118.86,1,O=c1[nH]cnc2c(Cl)cccc12,Ki
CHEMBL1956068,5.721848749616356,1900.0,2,COc1ccc2[nH]c3c4[nH]c5ccc(OC)cc5c4c4c(c3c2c1)C(=O)NC4=O,IC50
CHEMBL1956889,3.7969671129852895,159600.0,1,Cc1ccccc1Cn1ccc2c(Nc3cccc(Br)c3)nc(N)nc21,IC50
CHEMBL1956890,5.823908740944319,1500.0,1,Nc1nc(Nc2cccc(Br)c2)c2ccn(Cc3ccccc3Cl)c2n1,IC50
CHEMBL1956893,4.465973893943865,34200.0,1,Nc1nc(Nc2cccc(Br)c2)c2ccn(Cc3ccc(Cl)cc3Cl)c2n1,IC50
CHEMBL1956894,3.639028116274064,229600.0,1,Nc1nc(Nc2cccc(Br)c2)c2ccn(Cc3ccc(Cl)c(Cl)c3)c2n1,IC50
CHEMBL1956895,3.888401475119606,129300.0,1,Nc1nc(Nc2cccc(Br)c2)c2ccn(Cc3cccc4ccccc34)c2n1,IC50
CHEMBL1956896,3.6728454875905685,212400.0,1,Nc1nc(Nc2cccc(Br)c2)c2ccn(Cc3ccc4ccccc4c3)c2n1,IC50
CHEMBL1956897,3.8890737577335797,129100.0,1,Nc1nc(Nc2cccc(Br)c2)c2ccn(Cc3ccc(-c4ccccc4)cc3)c2n1,IC50
CHEMBL1956898,5.7447274948966935,1800.0,1,COc1cc(Cn2ccc3c(Nc4cccc(Br)c4)nc(N)nc32)cc(OC)c1OC,IC50
CHEMBL196363,9.899974269892137,0.1259,1,Cc1cccc(NC(=O)Nc2ccc(-c3csc4ncnc(N)c34)cc2)c1,Ki
CHEMBL1964382,5.800000874803203,1584.89,1,CC(C)(c1cc(Br)c(O)c(I)c1)c1cc(Br)c(O)c(I)c1,Ki
CHEMBL1964441,8.500038134403809,3.162,1,CNCC#Cc1cnc(N)c2c(-c3ccc(NC(=O)Nc4cccc(C)c4)cc3)csc12,Ki
CHEMBL1965033,6.299997602857746,501.19,1,Cc1cc(=O)[nH]nc1-c1ccc(NC(=O)Nc2cc(C(F)(F)F)ccc2F)cc1,Ki
CHEMBL1965170,9.299988937677888,0.5012,1,COc1ccc(NC(=O)Nc2ccc(-c3csc4c(-c5cnn(CC(O)CO)c5)cnc(N)c34)cc2)cc1,Ki
CHEMBL1965387,7.700057099977233,19.95,1,Nc1n[nH]c2c(OCCCn3cccc3)ccc(-c3ccc(NC(=O)Nc4cccc(Cl)c4)cc3)c12,Ki
CHEMBL1967252,4.600000074606178,25118.86,1,Cc1n[nH]c2ccc(-c3cccnc3)cc12,Ki
CHEMBL1967513,5.800000874803203,1584.89,1,O=C(Nc1cccc(C(F)(F)F)n1)Nc1ccnc2ccc(Cl)cc12,Ki
CHEMBL1967878,8.400007822415901,3.981,1,Cc1cc(Nc2ncc(F)c(NC3C4C=CC(C4)C3C(N)=O)n2)ccc1N1CCN(C)CC1,Ki
CHEMBL1968130,4.300000029139088,50118.72,1,Nc1nnc2cncc(Cl)n12,Ki
CHEMBL1968606,5.899998417198648,1258.93,1,Cc1cc(=O)[nH]nc1-c1ccc(NC(=O)Nc2cccc(Cl)c2)cc1,Ki
CHEMBL1969151,6.0,1000.0,1,CN(C)C1CCC(Nc2nc(Cl)cc(-c3c[nH]c4ncccc34)n2)CC1,Ki
CHEMBL1969942,6.299997602857746,501.19,1,O=C(Nc1ccc(-c2ccc3cn[nH]c3c2)cc1)Nc1cccc(F)c1,Ki
CHEMBL1970290,6.499996931948306,316.23,1,CCN(CC)CCNC(=O)c1cccc(-n2nc(C(C)(C)C)cc2NC(=O)Nc2cccc3ccccc23)c1,Ki
CHEMBL1970340,5.100000128334196,7943.28,1,Nc1noc2cccc(-c3cccc(O)c3)c12,Ki
CHEMBL1970352,5.800000874803203,1584.89,1,CCOC(=O)c1c(C)n(-c2ccc(I)cc2)c2c1cc(O)c1ccccc12,Ki
CHEMBL1971519,5.200000237109354,6309.57,1,Nc1n[nH]c2cccc(-c3ccc(F)cc3)c12,Ki
CHEMBL1972220,9.100015437450608,0.7943,1,Nc1ncc(-c2cnn(CCO)c2)c2scc(-c3ccc(NC(=O)Nc4ccc(OC(F)F)cc4)cc3)c12,Ki
CHEMBL1972355,6.0999990348465305,794.33,1,COc1c(-c2nc3ccccc3[nH]2)c(O)cc2oc(C)cc(=O)c12,Ki
CHEMBL1972934,4.600000074606178,25118.86,1,Nc1ncnc2sccc12,Ki
CHEMBL1973013,5.899998417198648,1258.93,1,Cc1cnc(Nc2nc(NC(C)C)ncc2Br)s1,Ki
CHEMBL1973359,6.0,1000.0,1,NC(=O)c1ccc2nc(-c3ccc([N+](=O)[O-])o3)cn2c1,Ki
CHEMBL1973363,5.700000503883016,1995.26,1,COc1cccc(NC(=O)N2CCC(c3nc4c(C(N)=O)cccc4[nH]3)CC2)c1,Ki
CHEMBL1973720,6.299997602857746,501.19,2,NC1CCC(Nc2nc(Cl)cc(-c3c[nH]c4ncccc34)n2)CC1,Ki
CHEMBL1974328,6.399996913372259,398.11,1,Cc1cccc(Nc2nc(NC3CCCCC3N)cnc2C(N)=O)c1,Ki
CHEMBL1974480,5.700000503883016,1995.26,1,CCOC(=O)Cc1nc2c3cc(Br)ccc3[nH]c(=O)n2n1,Ki
CHEMBL1974617,4.300000029139088,50118.72,1,OCc1cc(-c2ccc3[nH]ncc3c2)on1,Ki
CHEMBL1975212,6.399996913372259,398.11,1,Nc1ncnc2scc(-c3ccccc3)c12,Ki
CHEMBL1975903,5.800000874803203,1584.89,1,COc1ccccc1-c1ccnc(Nc2cccc(S(C)(=O)=O)c2)n1,Ki
CHEMBL1975921,4.499999953328896,31622.78,1,O=c1[nH]c2cc(Br)cnc2[nH]1,Ki
CHEMBL1975923,6.0999990348465305,794.33,1,CC(CCC(=O)O)(c1ccc(O)c(N)c1)c1ccc(O)c(N)c1,Ki
CHEMBL1975927,6.599997654072044,251.19,1,COc1ccc(-n2ccc3cnc(Nc4cc(OC)c(OC)c(OC)c4)nc32)cc1,Ki
CHEMBL1976376,6.399996913372259,398.11,1,Nc1ncnc2c1c(-c1ccc(Oc3ccc(CO)cc3)cc1)cn2C1CCOC1,Ki
CHEMBL1977134,8.100015437450608,7.943,1,Nc1c(-c2ccc(NC(=O)Nc3cccc(C(F)(F)F)c3)cc2)cnc2c(-c3ccc4c(c3)OCO4)cnn12,Ki
CHEMBL1977138,5.899998417198648,1258.93,1,CC(Nc1cncc(-n2cnc3ccc(C#N)cc32)n1)c1ccccc1F,Ki
CHEMBL1977814,5.700000503883016,1995.26,1,Cc1nn(C)c2c1c(=O)c1cc(Cl)ccc1n2OCC(C)C,Ki
CHEMBL1977931,4.499999953328896,31622.78,1,CC(=O)c1ccccc1-c1ncnc2[nH]ccc12,Ki
CHEMBL1978166,8.100015437450608,7.943,2,Cc1cccc(NC(=O)Nc2ccc(-c3csc4c(C#CCCCCCCCCN)cnc(N)c34)cc2)c1,Ki
CHEMBL1978562,6.0999990348465305,794.33,1,Cn1cc(-c2cc3nc(Br)cnc3[nH]2)c2cc(C#N)ccc21,Ki
CHEMBL1979690,7.400007822415902,39.81,1,CN1CCN(c2ccc(Nc3ncc(Cl)c(Nc4ccc5[nH]ncc5c4)n3)cc2)CC1,Ki
CHEMBL1980167,5.800000874803203,1584.89,1,CN(C)c1ccc(-c2cc(-c3ccc([N+](=O)[O-])cc3)nc(NS(=O)(=O)c3ccc(N)cc3)n2)cc1,Ki
CHEMBL1980246,5.800000874803203,1584.89,1,NCc1cc(Nc2ncnc(-c3ccccc3)n2)ccc1O,Ki
CHEMBL1980297,8.911433841479113,1.7506,2,Nc1ncc(-c2cnn(CCO)c2)c2scc(-c3ccc(NC(=O)Nc4cccc(F)c4)cc3)c12,IC50
CHEMBL1980329,7.400007822415902,39.81,1,O=C1Nc2cc(-c3ccc(O)cc3)ccc2C1=Cc1ccc[nH]1,Ki
CHEMBL1980376,5.100000128334196,7943.28,1,Cc1cccc(-c2cccc3onc(N)c23)c1,Ki
CHEMBL1980391,7.299988937677887,50.12,1,COc1cc2c(cc1F)C(c1ccccc1Cl)=Nc1c(n[nH]c1C)N2,Ki
CHEMBL1980407,8.500038134403809,3.162,1,NC(COc1cncc(-c2ccc3c(c2)C(=Cc2ccc[nH]2)C(=O)N3)c1)Cc1ccccc1,Ki
CHEMBL1980671,5.200000237109354,6309.57,1,Nc1ncnc2c1C(=O)Nc1ccccc1N2,Ki
CHEMBL1980995,9.100015437450608,0.7943,1,CNC1CC2OC(C)(C1OC)n1c3ccccc3c3c4c(c5c6ccccc6n2c5c31)C(=O)NC4,Ki
CHEMBL1982413,5.700000503883016,1995.26,1,CN(Cc1cc(Cl)c(O)c2ncccc12)C1CCCCC1,Ki
CHEMBL1983111,7.199970640755866,63.1,1,CC(=O)NCC(=O)N1C2CCC1c1cc(Nc3ncc(C(F)(F)F)c(NC4CCC4)n3)ccc12,Ki
CHEMBL1983348,6.0,1000.0,1,CCCCN(CCC#N)C(=O)c1ccc2nc(-c3n[nH]c4ccccc34)[nH]c2c1,Ki
CHEMBL1983393,5.800000874803203,1584.89,1,O=C(Nc1cccc(F)c1)Nc1cccc(-c2ccc3cn[nH]c3c2)c1,Ki
CHEMBL1983573,5.200000237109354,6309.57,1,C=Cc1ccc(-c2cccc3nnc(N)n23)cc1,Ki
CHEMBL1983575,6.199998172182031,630.96,1,O=C(NN=Cc1cc(Br)c(O)c(Br)c1)Nc1ccccc1,Ki
CHEMBL1983630,4.300000029139088,50118.72,1,O=C1Cc2cc(-c3ccccc3)cnc2N1,Ki
CHEMBL1983640,8.700057099977233,1.995,1,Cc1ccc(F)c(NC(=O)Nc2ccc(-c3coc4c(C#CCN5CCOCC5)cnc(N)c34)cc2)c1,Ki
CHEMBL1983715,6.599997654072044,251.19,1,CCNc1nc(C)c(-c2ccnc(Nc3ccc(N4CCN(C(C)=O)CC4)cc3)n2)s1,Ki
CHEMBL1983923,7.199970640755866,63.1,1,Cc1cc(Nc2cc(N3CCN(C)CC3)nc(C=Cc3ccccc3)n2)n[nH]1,Ki
CHEMBL1983980,6.0,1000.0,1,O=C(Nc1nc2ccccc2s1)c1cccc2c1CN(c1nc(C(=O)O)c(-c3ccc(CO)cc3)s1)CC2,Ki
CHEMBL1984236,6.799998134593398,158.49,1,CN(C)c1ccc(Nc2cc(-c3csc(Br)c3)[nH]n2)cc1,Ki
CHEMBL1985206,6.199998172182031,630.96,1,COCC#Cc1cccc2c1Cc1c(-c3cccs3)n[nH]c1-2,Ki
CHEMBL1985681,6.499996931948306,316.23,1,N#Cc1ccc2c(c1)C(c1ccc3c(n1)CCCC3O)C(=O)N2,Ki
CHEMBL198642,5.266000713461613,5420.0,1,COc1cc2c(cc1OC)-c1n[nH]c(Nc3ccc(Cl)cc3Cl)c1C2,IC50
CHEMBL1986478,5.698970004336019,2000.0,1,O=c1[nH]cc(-c2c[nH]c3ccccc23)nc1-c1c[nH]c2ccccc12,IC50
CHEMBL1986590,6.399996913372259,398.11,1,O=C1Nc2ccccc2C1=Cc1c[nH]c2ccccc12,Ki
CHEMBL1986899,6.699991797446187,199.53,1,Cc1ccc(NCc2ccc(-c3ccc(F)cc3)nc2)cc1,Ki
CHEMBL1988141,6.499996931948306,316.23,1,CCC(=O)Nc1ccc(C(=O)N2CCNCC2)c(O)c1,Ki
CHEMBL1988437,9.199970640755865,0.631,1,CNC(=O)c1ccccc1Sc1ccc2c(C=Cc3ccccn3)n[nH]c2c1,Ki
CHEMBL1988581,7.199970640755866,63.1,1,Cc1cc(=O)n2ccc(CN(C)C)c(O)c2n1,Ki
CHEMBL1988692,6.699991797446187,199.53,1,CC(C)NC1=NNC(=O)C1=Cc1cc2ccccc2[nH]1,Ki
CHEMBL1989267,7.50003813440381,31.62,1,COc1cc(-c2csc3c(C=CC(=O)NCCN(C)C)cnc(N)c23)ccc1NC(=O)c1cc2ccccc2n1C,Ki
CHEMBL1989708,9.0,1.0,1,Cc1cccc(NC(=O)Nc2ccc(-c3csc4c(-c5cnn(CC(C)O)c5)cnc(N)c34)cc2)c1,Ki
CHEMBL1990885,9.0,1.0,1,CCN(CC)CCNC(=O)c1c(C)[nH]c(C=C2C(=O)Nc3ccc(F)cc32)c1C,Ki
CHEMBL1991734,6.399996913372259,398.11,1,CN1c2ccc(N)cc2C(c2ccccc2)c2cc(N)ccc21,Ki
CHEMBL1992042,5.800000874803203,1584.89,1,O=C(Nc1cccc(C2Nc3ccc4ccccc4c3C3C=CCC32)c1)c1ccc(F)cc1,Ki
CHEMBL1992125,5.800000874803203,1584.89,1,COc1cc(Nc2ncnc(N3CCCc4cc(C)ccc43)n2)cc(OC)c1OC,Ki
CHEMBL1992581,5.700000503883016,1995.26,1,O=C(Cc1ccc(-c2cccnc2)cc1)Nc1ccc(SC(F)F)cc1,Ki
CHEMBL1992673,4.900000142057633,12589.25,1,O=c1[nH]c2ccc(Cl)cc2c2ncnn12,Ki
CHEMBL1992937,6.0999990348465305,794.33,1,Cc1ccc(Nc2nc3ccc([N+](=O)[O-])cc3[nH]2)nc1,Ki
CHEMBL1993335,6.199998172182031,630.96,1,Cn1cc(-c2cc3nc(Br)cnc3[nH]2)c2cc(F)ccc21,Ki
CHEMBL1993661,7.100015437450609,79.43,1,CNS(=O)(=O)c1ccccc1Nc1nc(Nc2cc(OC)c(OC)c(OC)c2)ncc1Cl,Ki
CHEMBL1994808,4.200000030616179,63095.73,1,Cc1nnc(-c2ccccc2)c(C#N)n1,Ki
CHEMBL1995765,4.499999953328896,31622.78,1,Nc1cc(=O)[nH]n1-c1ccccn1,Ki
CHEMBL1995916,4.200000030616179,63095.73,1,CNC(=O)c1cc(-c2ccccc2)[nH]n1,Ki
CHEMBL1996048,6.299997602857746,501.19,1,Cc1ccc(-c2cc3c(NCCN)ccc(C(N)=O)c3[nH]2)cc1,Ki
CHEMBL1996176,6.8500034505243566,142.19,2,O=C1Nc2ccccc2C1=Cc1ccc[nH]1,Ki
CHEMBL1996646,8.0,10.0,1,COc1cccc(OC)c1CNc1nc(NC2CCCCC2)nc2ccc(Cl)cc12,Ki
CHEMBL1996649,9.400007822415901,0.3981,1,CCN(CC)CCCNC(=O)c1cnc(N)c2c(-c3ccc(NC(=O)Nc4cccc(F)c4)cc3)csc12,Ki
CHEMBL1996702,5.899998417198648,1258.93,1,COc1cc(-c2ccc3c(c2)Nc2ccc(C(=O)NCCCN(C)C)cc2NC3=O)ccc1O,Ki
CHEMBL1997119,4.70000006855703,19952.62,1,Nc1ncc2cccc(-c3ccccc3)n12,Ki
CHEMBL1997193,5.800000874803203,1584.89,1,Cc1ccc(-c2cc(-c3cc(Br)ccc3O)[nH]c(=O)c2C#N)s1,Ki
CHEMBL1997275,6.199998172182031,630.96,1,COc1ccc2[nH]cc(C=C3C(=O)Nc4ccccc43)c2c1,Ki
CHEMBL1997892,6.799998134593398,158.49,1,Cc1cc(=O)[nH]nc1-c1ccc(NC(=O)Nc2cc(C(F)(F)F)ccc2F)c(Cl)c1,Ki
CHEMBL1999414,9.500038134403809,0.3162,1,CCN(CC)CCCNC(=O)c1cnc(N)c2c(-c3ccc(NC(=O)Nc4cccc(C)c4)cc3)csc12,Ki
CHEMBL1999484,6.900008766455316,125.89,1,CNc1nc(C)c(-c2ccnc(Nc3ccc(N4CCNCC4)cc3)n2)s1,Ki
CHEMBL2000568,5.800000874803203,1584.89,1,CC(=O)c1cccc(-c2cnc3[nH]ccc3c2)c1,Ki
CHEMBL2001613,4.200000030616179,63095.73,1,O=c1[nH][nH]c2ccc(Br)cc12,Ki
CHEMBL2001641,4.300000029139088,50118.72,1,CC(C)(O)c1cn(-c2ccc3[nH]ncc3c2)nn1,Ki
CHEMBL2002432,7.79997073344623,15.85,1,CC(C)Nc1nccc(Nc2ncc(-c3ccccc3)s2)n1,Ki
CHEMBL2002723,5.700000503883016,1995.26,1,CC(=O)Nc1ccc(-n2nc3ccc(N)nc3n2)cc1,Ki
CHEMBL2003785,4.900000142057633,12589.25,1,Fc1cccc(CNc2ncnc3[nH]cnc23)c1,Ki
CHEMBL2004025,6.199998172182031,630.96,1,COCOc1cccc(OCOC)c1-c1ccc(NS(C)(=O)=O)cc1C(=O)OC,Ki
CHEMBL2004033,5.700000503883016,1995.26,1,O=c1[nH]n2ccccc2c1Br,Ki
CHEMBL2004290,8.899974269892137,1.259,1,COc1ccc(NC(=O)Nc2ccc(-c3csc4c(-c5cnn(CC(C)(C)O)c5)cnc(N)c34)cc2)cc1,Ki
CHEMBL2004438,7.599980364934842,25.12,1,Nc1c(-c2ccc(NC(=O)Nc3cccc(C(F)(F)F)c3)cc2)ccc2nccnc12,Ki
CHEMBL2004637,6.399996913372259,398.11,1,CCN(CCN)C(=O)c1cccc(-n2nc(C(C)(C)C)cc2NC(=O)Nc2cccc3ccccc23)c1,Ki
CHEMBL2005449,5.899998417198648,1258.93,1,Cc1cc(Nc2nc(Cl)cc(NCc3ccccc3)n2)n[nH]1,Ki
CHEMBL2005478,5.800000874803203,1584.89,1,COc1ccc2c(c1)c(-c1cc3nc(Br)cnc3[nH]1)cn2C,Ki
CHEMBL2006564,6.699991797446187,199.53,1,CCN(C(C)=O)c1ccc(Nc2nc(NC3CC3)c3nc[nH]c3n2)cc1,Ki
CHEMBL2006765,5.589093900993051,3264.465,2,CCCNC(=O)c1ccc(Nc2nc(NCC(F)(F)F)c3cc[nH]c3n2)cc1,IC50
CHEMBL2007097,4.200000030616179,63095.73,1,Nc1nc(=O)[nH]c2sccc12,Ki
CHEMBL2007124,6.399996913372259,398.11,1,O=C(Nc1ccc(-c2ccc(=O)[nH]n2)cc1)Nc1cccc(C(F)(F)F)c1,Ki
CHEMBL200726,6.663540266151471,217.0,1,COc1ccc2c(c1)Cc1c-2n[nH]c1Nc1ccccc1,IC50
CHEMBL2007266,8.0,10.0,1,Cc1ccc(F)c(NC(=O)Nc2ccc(-c3ccc(OCCCn4cccc4)c4[nH]nc(N)c34)cc2)c1,Ki
CHEMBL200735,7.547371975625774,135.5,2,COc1cc2c(cc1OC)-c1n[nH]c(Nc3cccc(Cl)c3)c1C2,IC50
CHEMBL200774,6.958607314841775,110.0,1,COc1cc2c(cc1OC)-c1n[nH]c(Nc3ccccc3Cl)c1C2,IC50
CHEMBL200976,5.259637310505756,5500.0,1,COC(=O)c1c(OCCN2CCCCC2)c2ccccc2c2oc3c(c12)C(=O)c1ccccc1C3=O,IC50
CHEMBL201511,6.167491087293763,680.0,3,COc1cc(C2=C(c3c[nH]c4ccccc34)C(=O)NC2=O)cc(OC)c1OC,IC50
CHEMBL201865,5.119186407719209,7600.0,1,COC(=O)c1c(OCCN(C)C)c2ccccc2c2oc3c(c12)C(=O)c1ccccc1C3=O,IC50
CHEMBL2018882,8.301029995663981,5.0,1,COc1cc2ncnc(Oc3ccc(NC(=O)Nc4cccc(Br)c4)cc3)c2cc1OC,IC50
CHEMBL202162,4.798602875679548,15900.0,1,CCN(CC)CCOc1c(C(=O)OC)c2c3c(oc2c2ccccc12)C(=O)c1ccccc1C3=O,IC50
CHEMBL202244,5.060480747381382,8700.0,1,COC(=O)c1c(OCCN2CCCC2)c2ccccc2c2oc3c(c12)C(=O)c1ccccc1C3=O,IC50
CHEMBL2023115,8.522878745280337,3.0,1,CCn1cc(NC(=O)Cc2ccc(Oc3ncnc4cc(OC)c(OC)cc34)cc2OC)cn1,IC50
CHEMBL2023116,7.301029995663981,50.0,1,CCn1cc(NC(=O)Cc2ccc(Oc3ncnc4cc(OC)c(OC)cc34)c(OC)c2)cn1,IC50
CHEMBL2023117,9.045757490560675,0.9,1,CCn1cc(NC(=O)Cc2ccc(Oc3ccnc4cc(OC)c(OC)cc34)cc2OC)cn1,IC50
CHEMBL2023118,9.154901959985743,0.7,1,CCn1cc(NC(=O)Cc2ccc(Oc3ccnc4cc(OC)ccc34)cc2OC)cn1,IC50
CHEMBL2023119,8.522878745280337,3.0,1,CCn1cc(NC(=O)Cc2ccc(Oc3ccnc4ccc(OC)cc34)cc2OC)cn1,IC50
CHEMBL2023474,8.221848749616356,6.0,1,CCn1cc(NC(=O)Cc2ccc(Oc3ccnc4cc(F)ccc34)cc2OC)cn1,IC50
CHEMBL2023475,8.154901959985743,7.0,1,CCn1cc(NC(=O)Cc2ccc(Oc3ccnc4ccc(F)cc34)cc2OC)cn1,IC50
CHEMBL2023476,9.522878745280337,0.3,1,COc1ccc2c(Oc3ccc(CC(=O)Nc4ncc(C)s4)c(OC)c3)ccnc2c1,IC50
CHEMBL2023477,9.698970004336019,0.2,1,COc1cc(Oc2ccnc3cc(OC)c(OC)cc23)ccc1CC(=O)Nc1noc(C)c1C,IC50
CHEMBL2023478,9.0,1.0,1,COc1ccc2c(Oc3ccc(CC(=O)Nc4noc(C)c4C)c(OC)c3)ccnc2c1,IC50
CHEMBL2023479,8.301029995663981,5.0,1,COc1ccc2nccc(Oc3ccc(CC(=O)Nc4noc(C)c4C)c(OC)c3)c2c1,IC50
CHEMBL2023480,8.221848749616356,6.0,1,COc1cc(Oc2ccnc3cc(F)ccc23)ccc1CC(=O)Nc1noc(C)c1C,IC50
CHEMBL2023481,8.301029995663981,5.0,1,COc1cc(Oc2ccnc3ccc(F)cc23)ccc1CC(=O)Nc1noc(C)c1C,IC50
CHEMBL2023482,9.397940008672037,0.4,1,CCc1cc(NC(=O)Cc2ccc(Oc3ccnc4cc(OC)ccc34)cc2OC)no1,IC50
CHEMBL2023483,8.397940008672037,4.0,1,COc1ccc2c(Oc3ccc(CC(=O)Nc4n[nH]c(C)c4C)c(OC)c3)ccnc2c1,IC50
CHEMBL2023484,8.698970004336019,2.0,1,CCc1c[nH]nc1NC(=O)Cc1ccc(Oc2ccnc3cc(OC)ccc23)cc1OC,IC50
CHEMBL2023485,9.698970004336019,0.2,1,CCc1cc(NC(=O)Cc2ccc(Oc3ccnc4cc(OC)c(OC)cc34)cc2OC)n[nH]1,IC50
CHEMBL2023486,9.301029995663981,0.5,1,CCc1cc(NC(=O)Cc2ccc(Oc3ccnc4cc(OC)ccc34)cc2OC)n[nH]1,IC50
CHEMBL2023487,7.301029995663981,50.0,1,COc1cc(Oc2ncnc3cc(OC)c(OC)cc23)ccc1CC(=O)Nc1cn(C)nc1C,IC50
CHEMBL2023488,8.221848749616356,6.0,1,COc1cc(Oc2ccnc3cc(OC)c(OC)cc23)ccc1CC(=O)Nc1cn(C)nc1C,IC50
CHEMBL2023489,8.397940008672037,4.0,1,COc1ccc2c(Oc3ccc(CC(=O)Nc4cn(C)nc4C)c(OC)c3)ccnc2c1,IC50
CHEMBL2023490,8.0,10.0,1,COc1cc2nccc(Oc3ccc(CC(=O)Nc4cn(C)nc4C)cc3)c2cc1OC,IC50
CHEMBL2023491,8.045757490560675,9.0,1,COc1ccc2c(Oc3ccc(CC(=O)Nc4cnn(C)c4C)c(OC)c3)ccnc2c1,IC50
CHEMBL2023492,8.301029995663981,5.0,1,COc1ccc2c(Oc3ccc(CC(=O)Nc4cnn(C)c4)c(OC)c3)ccnc2c1,IC50
CHEMBL2023493,8.301029995663981,5.0,1,COc1ccc2c(Oc3ccc(CC(=O)Nc4cc(C)nn4C)c(OC)c3)ccnc2c1,IC50
CHEMBL2023494,8.301029995663981,5.0,1,COc1ccc2c(Oc3ccc(CC(=O)Nc4cc(C)cc(CN(C)C)c4)c(OC)c3)ccnc2c1,IC50
CHEMBL2023495,8.698970004336019,2.0,1,CCn1cc(NC(=O)Cc2ncc(Oc3ccnc4cc(OC)ccc34)cc2OC)cn1,IC50
CHEMBL2023496,7.698970004336019,20.0,1,COc1ccc2c(Oc3cnc(CC(=O)Nc4cn(C)nc4C)c(OC)c3)ccnc2c1,IC50
CHEMBL2023800,8.522878745280337,3.0,1,CCn1cc(NC(=O)Cc2ccc(Oc3ccnc4cc(OC)c(OC)cc34)cn2)cn1,IC50
CHEMBL2023801,8.397940008672037,4.0,1,CCc1[nH]nc(NC(=O)Cc2ncc(Oc3ccnc4cc(OC)c(OC)cc34)cc2OC)c1C,IC50
CHEMBL2023802,8.522878745280337,3.0,1,CCOc1cc2nccc(Oc3cnc(CC(=O)Nc4n[nH]c(CC)c4C)c(OC)c3)c2cc1OC,IC50
CHEMBL2037226,6.060480747381382,870.0,1,Cc1ccc(NC(=O)Nc2cc(C(F)(F)F)ccc2F)cc1Nc1ccc2c(c1)NC(=O)/C2=C\c1ccc[nH]1,IC50
CHEMBL204426,8.301029995663981,5.0,1,Nc1c(-c2nc3cc(N4CCOCC4)ccc3[nH]2)c(=O)[nH]c2ccccc12,IC50
CHEMBL204427,8.698970004336019,2.0,1,CN1CCN(c2ccc3[nH]c(-c4c(N)c5ccccc5[nH]c4=O)nc3c2)CC1,IC50
CHEMBL2047241,5.229147988357856,5900.0,1,Nc1nc2c(c(Nc3ccc(F)cc3)n1)-c1ccccc1C2,IC50
CHEMBL2047243,4.3655227298392685,43100.0,2,Nc1nc2c(c(Nc3ccccc3)n1)-c1ccccc1C2,IC50
CHEMBL2047244,4.663540266151471,21700.0,2,CC(C)c1ccccc1Nc1nc(N)nc2c1-c1ccccc1C2,IC50
CHEMBL2047245,5.107905397309519,7800.0,2,CC(C)c1ccc(Nc2nc(N)nc3c2-c2ccccc2C3)cc1,IC50
CHEMBL2047246,5.1487416512809245,7100.0,2,Nc1nc2c(c(Nc3cccc(F)c3)n1)-c1ccccc1C2,IC50
CHEMBL2047247,6.096910013008056,800.0,2,Nc1nc2c(c(Nc3ccc(Cl)cc3)n1)-c1ccccc1C2,IC50
CHEMBL2047248,3.898596649444669,126300.0,2,Nc1nc2c(c(Nc3cccc(Br)c3)n1)-c1ccccc1C2,IC50
CHEMBL2047249,4.410050398674292,38900.0,1,Nc1nc2c(c(Nc3ccc(Br)cc3)n1)-c1ccccc1C2,IC50
CHEMBL2047250,4.636388020107856,23100.0,1,Nc1nc2c(c(Nc3ccc(C(F)(F)F)cc3)n1)-c1ccccc1C2,IC50
CHEMBL2047251,4.1220530483708115,75500.0,2,COc1cccc(Nc2nc(N)nc3c2-c2ccccc2C3)c1,IC50
CHEMBL2047252,5.1938200260161125,6400.0,2,Nc1nc2c(c(Nc3ccc(F)c(Cl)c3)n1)-c1ccccc1C2,IC50
CHEMBL2047253,5.443697499232712,3600.0,2,Nc1nc2c(c(Nc3ccc(Cl)cc3F)n1)-c1ccccc1C2,IC50
CHEMBL206915,7.259637310505756,55.0,1,COc1ccc2[nH]c(C(=O)c3cc4ccc(Cl)cc4[nH]3)cc2c1,IC50
CHEMBL207858,6.33913452199613,458.0,1,Cc1cccc2[nH]c(C(=O)c3cc4cc(O)ccc4[nH]3)cc12,IC50
CHEMBL2079588,7.823908740944319,15.0,1,CNC(=O)c1cc(COc2nnc(Nc3ccc(Cl)cc3)c3ccoc23)ccn1,IC50
CHEMBL2086760,8.886056647693163,1.3,1,CCN1CCC(Nc2ccc3c(c2)C(=C(c2ccc(Cl)cc2)c2ncc[nH]2)C(=O)N3)CC1,IC50
CHEMBL210420,5.920818753952375,1200.0,1,Cc1cccc2[nH]c(C(=O)c3cc4cc(OCCN5CCCCC5)ccc4[nH]3)cc12,IC50
CHEMBL215152,6.199998172182031,630.96,1,CCN(CCO)CCCOc1ccc2c(Nc3cc(CC(=O)Nc4cccc(F)c4)[nH]n3)ncnc2c1,Ki
CHEMBL2180602,7.995678626217358,10.1,1,CCN(CC)CCNC(=O)c1c(C)[nH]c2c1CCC/C2=C1/C(=O)Nc2ccc(F)cc21,IC50
CHEMBL2180604,7.886056647693163,13.0,1,Cc1cc(C(=O)Nc2cc(Oc3ccc4nc(NC(=O)C5CC5)cn4n3)ccc2C)n(C)n1,IC50
CHEMBL218597,7.787812395596042,16.3,1,Cc1cccc(C)c1-c1cc(C)c2nc(Nc3cccc(S(N)(=O)=O)c3)nnc2c1,IC50
CHEMBL2204532,7.040958607678906,91.0,1,CN(c1ccc(F)c(NC(=O)c2cccc(OC(C)(C)C#N)c2Cl)c1)c1ccc2nc(NC(=O)C3CC3)sc2n1,IC50
CHEMBL2206666,7.823908740944319,15.0,1,O=C(Nc1cccc(Oc2ccc3nccn3n2)c1)c1cccc(C(F)(F)F)c1,IC50
CHEMBL2208034,6.901702463505302,125.4,1,O=C(Nc1ccc(-c2ccnc(Nc3ccc(N4CCOCC4)cc3)n2)cc1)[C@H]1CCCN1,IC50
CHEMBL2218927,7.045757490560675,90.0,1,Cc1nc2cc3nc(-c4cccs4)cnc3cc2n1C,IC50
CHEMBL223360,7.221848749616356,60.0,5,Cc1ccc(F)c(NC(=O)Nc2ccc(-c3cccc4[nH]nc(N)c34)cc2)c1,IC50
CHEMBL230615,7.1605219526258015,69.1,2,Cc1cccc(C)c1-c1cc(C)c2nc(Nc3cccc(OCCN4CCN(C)CC4)c3)nnc2c1,IC50
CHEMBL230686,7.823908740944319,15.0,3,Cc1cc(-c2c(Cl)cccc2Cl)cc2nnc(Nc3ccc(OCCN4CCCC4)cc3)nc12,IC50
CHEMBL230816,7.317854923626168,48.1,2,Cc1cc2nc(Nc3ccc(S(=O)(=O)NCCN4CCCC4)cc3)nnc2cc1-c1c(C)cccc1C,IC50
CHEMBL2311806,6.114412643810344,768.4,1,Cc1cc(NC(=O)c2ccc(C)c(Nc3nccc(-c4cccnc4)n3)c2)cc(-n2cnc(C)c2)c1,IC50
CHEMBL2311808,4.450996737974212,35400.0,1,Cc1cn(-c2cccc(NC(=O)c3ccc(C)c(Nc4nccc(-c5cccnc5)n4)c3)c2)cn1,IC50
CHEMBL231218,8.031517051446064,9.3,2,Cc1cccc(C)c1-c1cc(C)c2nc(Nc3ccc(S(=O)(=O)NCCN4CCCC4)cc3)nnc2c1,IC50
CHEMBL231237,7.614393726401688,24.3,2,Cc1ccccc1-c1cc2nnc(Nc3ccc(S(=O)(=O)NCCN4CCCC4)cc3)nc2cc1C,IC50
CHEMBL231251,7.939302159646388,11.5,2,CC(=O)Nc1cc(-c2c(C)cccc2C)cc2nnc(Nc3ccc(OCCN4CCCC4)cc3)nc12,IC50
CHEMBL231526,6.107905397309519,780.0,1,COc1cc(OC)cc(-c2ccc3c(c2)NC(=O)/C3=C\c2[nH]c(C)c(CCC(=O)O)c2C)c1,IC50
CHEMBL2332119,6.318758762624412,480.0,1,NC(=O)C1=C(N)C(=O)C=C(Nc2ccccc2O)C1=O,IC50
CHEMBL2332840,6.38933983691012,408.0,1,O=C(Nc1ccc(Oc2ncnc3[nH]ncc23)cc1)Nc1ccc(Cl)c(C(F)(F)F)c1,IC50
CHEMBL2333163,5.3979400086720375,4000.0,1,O=C(NCCc1ccc(O)c(Br)c1)/C(Cc1cc(Br)c(O)c(Oc2ccc(CCNC(=O)/C(Cc3cc(Br)c(O)c(-c4cc(C/C(=N\O)C(=O)NCCc5ccc(O)c(Br)c5)cc(Br)c4O)c3)=N/O)cc2Br)c1)=N/O,IC50
CHEMBL2335015,4.047207556955908,89700.0,1,CC(C)(C)C(=O)Nc1nc(Nc2ccc(F)c(Br)c2)c2cc(CCc3ccccn3)[nH]c2n1,IC50
CHEMBL2335017,3.366430557445908,430100.0,1,C#Cc1cccc(Nc2nc(NC(=O)C(C)(C)C)nc3[nH]c(CCc4ccccn4)cc23)c1,IC50
CHEMBL2335376,4.872895201635193,13400.0,1,Nc1nc(Nc2cccc(Br)c2)c2cc(CCc3ccccn3)[nH]c2n1,IC50
CHEMBL2335379,3.479516467259208,331500.0,1,C#Cc1cccc(Nc2nc(N)nc3[nH]c(CCc4ccccn4)cc23)c1,IC50
CHEMBL2337363,3.70730099695607,196200.0,1,Nc1nc(Nc2ccc(Cl)cc2)c2c(n1)[nH]c1cccc(Cl)c12,IC50
CHEMBL2337365,3.763966852882364,172200.0,1,Nc1nc(Nc2cccc(F)c2)c2c(n1)[nH]c1cccc(Cl)c12,IC50
CHEMBL2337366,4.296708621881338,50500.0,1,COc1cccc(Nc2nc(N)nc3[nH]c4cccc(Cl)c4c23)c1,IC50
CHEMBL2337367,4.151195298948196,70600.0,1,CC(C)(C)C(=O)Nc1nc(Nc2ccccc2)c2c(n1)[nH]c1cccc(Cl)c12,IC50
CHEMBL2337370,3.767512133647014,170800.0,1,CC(C)(C)C(=O)Nc1nc(Nc2ccc(Cl)cc2F)c2c(n1)[nH]c1cccc(Cl)c12,IC50
CHEMBL2337372,3.70730099695607,196200.0,1,COc1cccc(Nc2nc(NC(=O)C(C)(C)C)nc3[nH]c4cccc(Cl)c4c23)c1,IC50
CHEMBL2347053,9.397940008672037,0.4,1,O=C1Nc2ccccc2/C1=C/c1c[nH]nc1-c1ccccc1[N+](=O)[O-],IC50
CHEMBL2348996,8.259637310505756,5.5,1,Cc1cc(C(=O)Nc2cccc(Oc3ccc4nc(NC(=O)C5CC5)cn4n3)c2)n(C)n1,IC50
CHEMBL2387002,5.853871964321762,1400.0,1,CC(C)n1cc(C(=O)c2cccc(NC(=O)Nc3ccc(Cl)cc3)c2)c2c(N)ncnc21,IC50
CHEMBL2409775,7.721246399047171,19.0,1,Cc1cc(C(=O)Nc2cccc(Oc3ccc4nc(NC(=O)C5CC5)nn4c3)c2)n(C)n1,IC50
CHEMBL2409778,7.853871964321762,14.0,1,Cc1cc(C(=O)Nc2cc(Oc3ccc4nc(NC(=O)C5CC5)nn4c3)ccc2F)n(C)n1,IC50
CHEMBL2409779,8.229147988357855,5.9,1,Cc1cc(C(=O)Nc2cccc(Oc3ccc4nc(NC(=O)C5CC5)cn4c3)c2)n(C)n1,IC50
CHEMBL2409781,8.080921907623926,8.3,1,Cc1cc(C(=O)Nc2cccc(Oc3ccc4nc(NC(=O)C5CC5)sc4n3)c2)n(C)n1,IC50
CHEMBL2409790,7.6777807052660805,21.0,1,Cc1cc(C(=O)Nc2cccc(Oc3ccc4nc(NC(=O)C5CC5)sc4c3)c2)n(C)n1,IC50
CHEMBL2419760,6.614393726401688,243.0,1,Cl.c1ccc(-c2cccc(Nc3ncnc4cc5c(cc34)OCO5)c2)cc1,IC50
CHEMBL2419761,7.0,100.0,1,Cl.c1ccc(-c2cccc(Nc3ncnc4cc5c(cc34)OCCO5)c2)cc1,IC50
CHEMBL2420866,8.10790539730952,7.8,1,COc1ccc2c(c1)CCCN2c1nc(C)nc2ccccc12,IC50
CHEMBL2420867,7.09366495819491,80.6,1,COc1ccc2c(c1)CCCN2c1nc(Cl)nc2ccccc12,IC50
CHEMBL2429872,6.402633949733972,395.7,1,CCN(CC)CCNC(=O)c1c(C)[nH]c2c1CCC/C2=C1/C(=O)Nc2ccc(S(=O)(=O)N(CC)CC)cc21,IC50
CHEMBL2430198,6.7942544590573375,160.6,1,Cc1[nH]c2c(c1C(=O)NCCc1ccccn1)CCC/C2=C1/C(=O)Nc2ccc(F)cc21,IC50
CHEMBL2430247,7.671620396561262,21.3,1,CCN(CC)CCCNC(=O)c1c(C)[nH]c2c1CCC/C2=C1/C(=O)Nc2ccc(F)cc21,IC50
CHEMBL2430248,7.7447274948966935,18.0,1,Cc1[nH]c2c(c1C(=O)NCCCN1CCOCC1)CCC/C2=C1/C(=O)Nc2ccc(F)cc21,IC50
CHEMBL2430249,7.188424994129407,64.8,1,Cc1[nH]c2c(c1C(=O)NCCCN1CCCC1)CCC/C2=C1/C(=O)Nc2ccc(F)cc21,IC50
CHEMBL2430250,7.714442690992226,19.3,1,CCN(CC)CC(O)CNC(=O)c1c(C)[nH]c2c1CCC/C2=C1/C(=O)Nc2ccc(F)cc21,IC50
CHEMBL2430251,7.396855627379818,40.1,1,Cc1[nH]c2c(c1C(=O)N1CCOCC1)CCC/C2=C1/C(=O)Nc2ccc(F)cc21,IC50
CHEMBL2430252,7.39040559077478,40.7,1,Cc1[nH]c2c(c1C(=O)N1CCC(N3CCCCC3)CC1)CCC/C2=C1/C(=O)Nc2ccc(F)cc21,IC50
CHEMBL2430253,6.926648297613099,118.4,1,Cc1[nH]c2c(c1C(=O)N1CCC[C@H]1CN1CCCC1)CCC/C2=C1/C(=O)Nc2ccc(F)cc21,IC50
CHEMBL2430254,7.876148359032914,13.3,1,CCN(CC)CCNC(=O)c1c(C)[nH]c2c1CCC/C2=C1/C(=O)Nc2ccc([N+](=O)[O-])cc21,IC50
CHEMBL2430255,7.153044674980176,70.3,1,CCN(CC)CCNC(=O)c1c(C)[nH]c2c1CCC/C2=C1/C(=O)Nc2ccc(C(=O)OC)cc21,IC50
CHEMBL2430256,7.20690839982342,62.1,1,CCN(CC)CCNC(=O)c1c(C)[nH]c2c1CCC/C2=C1/C(=O)Nc2cccc(F)c21,IC50
CHEMBL2430257,6.5845258318907645,260.3,1,CCN(CC)CCNC(=O)c1c(C)[nH]c2c1CCC/C2=C1/C(=O)Nc2c(F)cccc21,IC50
CHEMBL2430258,7.87942606879415,13.2,1,Cc1[nH]c2c(c1C(=O)NCCN1CCOCC1)CCC/C2=C1/C(=O)Nc2ccc(F)cc21,IC50
CHEMBL2430259,7.712198270069774,19.4,1,Cc1[nH]c2c(c1C(=O)NCCN1CCCCC1)CCC/C2=C1/C(=O)Nc2ccc(F)cc21,IC50
CHEMBL2430260,7.380906669373258,41.6,1,Cc1[nH]c2c(c1C(=O)NCCN1CCCC1)CCC/C2=C1/C(=O)Nc2ccc(F)cc21,IC50
CHEMBL2430261,7.6439741428068775,22.7,1,Cc1[nH]c2c(c1C(=O)NCCN(C)C)CCC/C2=C1/C(=O)Nc2ccc(F)cc21,IC50
CHEMBL2430262,7.896196279044043,12.7,1,Cc1[nH]c2c(c1C(=O)NCCO)CCC/C2=C1/C(=O)Nc2ccc(F)cc21,IC50
CHEMBL2430263,7.046240308266771,89.9,1,CCN(CC)CCNC(=O)c1c(C)[nH]c2c1CCC/C2=C1/C(=O)Nc2ccccc21,IC50
CHEMBL2430264,7.91721462968355,12.1,1,CCN(CC)CCNC(=O)c1c(C)[nH]c2c1CCC/C2=C1/C(=O)Nc2ccc(Cl)cc21,IC50
CHEMBL2430265,8.119186407719209,7.6,1,CCN(CC)CCNC(=O)c1c(C)[nH]c2c1CCC/C2=C1/C(=O)Nc2ccc(Br)cc21,IC50
CHEMBL2430266,7.806875401645538,15.6,1,CCN(CC)CCNC(=O)c1c(C)[nH]c2c1CCC/C2=C1/C(=O)Nc2ccc(C)cc21,IC50
CHEMBL2430267,6.993962045002683,101.4,1,CCN(CC)CCNC(=O)c1c(C)[nH]c2c1CCC/C2=C1/C(=O)Nc2ccc(OC)cc21,IC50
CHEMBL2435999,8.847711655616944,1.42,1,COc1cc2c(Oc3ccc(NC(=O)c4cc(-c5ccc(C)cc5)ccn4)cc3F)ccnc2cc1OCCCN1CCN(C)CC1,IC50
CHEMBL24828,5.979303657420887,1050.0,4,COc1cc2/c(=N/c3ccc(Br)cc3F)nc[nH]c2cc1OCC1CCN(C)CC1,IC50
CHEMBL249821,8.769551078621726,1.7,2,Cc1cc(-c2cc(O)ccc2Cl)cc2nnc(Nc3ccc(S(=O)(=O)NCCN4CCCC4)cc3)nc12,IC50
CHEMBL250019,8.508638306165727,3.1,2,Cc1cc(-c2cc(O)ccc2Cl)cc2nnc(Nc3ccc(S(=O)(=O)N(C)CCN4CCCC4)cc3)nc12,IC50
CHEMBL250214,8.920818753952375,1.2,2,Cc1cc(-c2cc(O)ccc2Cl)cc2nnc(Nc3ccc(C(=O)N4CCNCC4)cc3)nc12,IC50
CHEMBL250625,8.55284196865778,2.8,2,Cc1cc(-c2cc(O)ccc2Cl)cc2nnc(Nc3ccc(S(=O)(=O)C4CCNCC4)cc3)nc12,IC50
CHEMBL253292,5.853871964321762,1400.0,1,CCN(CC)CCOc1ccc(Nc2cc(NC(=O)Nc3c(Cl)cccc3Cl)ncn2)cc1,IC50
CHEMBL253968,8.221848749616356,6.0,1,O=C(Cn1cc(Nc2nncc3cc(OCCCN4CCC[C@@H]4CO)ccc23)cn1)Nc1cccc(F)c1F,IC50
CHEMBL253969,5.730487055782084,1860.0,3,NC(=O)c1c(OCc2c(F)cc(Br)cc2F)nsc1NC(=O)NCCCCN1CCCC1,IC50
CHEMBL255863,7.221053272031384,60.11,3,Cc1cn(-c2cc(NC(=O)c3ccc(C)c(Nc4nccc(-c5cccnc5)n4)c3)cc(C(F)(F)F)c2)cn1,IC50
CHEMBL256570,8.447331783887806,3.57,2,Clc1ccc2ncc(-c3cccc(NC4CCNCC4)n3)n2c1,IC50
CHEMBL256961,7.173925197299173,67.0,1,Clc1ccc2ncc(-c3cccc(NC4CCCNC4)n3)n2c1,IC50
CHEMBL258694,6.410050398674292,389.0,1,Cc1nnc(-c2cn3ncnc(Nc4cnc5[nH]ccc5c4)c3c2C(C)C)o1,IC50
CHEMBL258805,4.7447274948966935,18000.0,1,COc1ccc2c(c1)/C(=C/c1cnc[nH]1)C(=O)N2,IC50
CHEMBL260138,6.499996931948306,316.23,1,N#CCCc1ccc2c(c1)-c1[nH]c3ccc([N+](=O)[O-])cc3c1CC(=O)N2,IC50
CHEMBL262249,6.508638306165727,310.0,1,COc1cc2c(cc1OC)-c1n[nH]c(Nc3cc(Cl)cc(Cl)c3)c1C2,IC50
CHEMBL262623,4.300000029139088,50118.72,1,Nc1ncnc2c1N=C(c1ccccc1)CCN2,Ki
CHEMBL267293,8.0,10.0,1,Cc1[nH]c(/C=C2\C(=O)Nc3ccc(F)cc32)c(C)c1C(=O)NCCn1cncn1,IC50
CHEMBL268731,9.0,1.0,1,Cc1[nH]c(/C=C2\C(=O)Nc3ccc(F)cc32)c(C)c1C(=O)NCc1ccncc1,IC50
CHEMBL269594,4.97061622231479,10700.0,1,CO/N=C/c1c(N)ncnc1N1CCN(C(=O)Nc2ccc(OC(C)C)cc2)CC1,IC50
CHEMBL270084,7.017728766960431,96.0,1,COc1ccc(-c2ccc(NC(=O)Nc3cc(C)ccc3F)cc2)c2c(N)noc12,IC50
CHEMBL274654,7.221848749616356,60.0,6,Cc1[nH]c(/C=C2\C(=O)Nc3ccccc32)c(C)c1CCC(=O)O,IC50
CHEMBL275117,7.769551078621726,17.0,2,CCN(CC)CCNC(=O)c1c(C)[nH]c(/C=C2\C(=O)Nc3ccccc32)c1C,IC50
CHEMBL276711,5.481366452715645,3470.0,12,Cc1cc(C)c(/C=C2\C(=O)Nc3ccccc32)[nH]1,IC50
CHEMBL281872,5.468521082957745,3400.0,1,COc1cc2c(Nc3ccc(Br)cc3F)ncnc2cc1OCCn1ccnn1,IC50
CHEMBL292864,4.7447274948966935,18000.0,1,O=C1Nc2ccc(Br)cc2/C1=C/c1[nH]cc2c1CCOC2=O,IC50
CHEMBL292930,5.096910013008056,8000.0,1,CNS(=O)(=O)c1ccc2c(c1)/C(=C/c1[nH]c3c(c1CCCN1CCN(CC(=O)O)CC1)CCCC3)C(=O)N2,IC50
CHEMBL293712,5.0,10000.0,1,CNS(=O)(=O)c1ccc2c(c1)/C(=C/c1[nH]c3c(c1CCCN1CCN(C)CC1)CCCC3)C(=O)N2,IC50
CHEMBL296185,4.7447274948966935,18000.0,1,CNS(=O)(=O)c1ccc2c(c1)/C(=C/c1[nH]c3c(c1CCCN1CCOCC1)CCCC3)C(=O)N2,IC50
CHEMBL296455,5.425968732272281,3750.0,2,CN(C)c1ccc(/C=C2/C(=O)Nc3ccccc32)cc1,IC50
CHEMBL298566,5.638272163982407,2300.0,1,CCS(=O)(=O)c1ccc2c(c1)/C(=C/c1[nH]c3c(c1CCCN1CCC(O)CC1)CCCC3)C(=O)N2,IC50
CHEMBL300853,4.886056647693163,13000.0,1,CCS(=O)(=O)c1ccc2c(c1)/C(=C/c1[nH]c3c(c1CCCN1CCN(CC(=O)O)CC1)CCCC3)C(=O)N2,IC50
CHEMBL301018,5.522878745280337,3000.0,1,COc1cc2ncnc(Nc3ccc(F)c(Cl)c3)c2cc1OC,IC50
CHEMBL301271,5.292429823902063,5100.0,1,CCS(=O)(=O)c1ccc2c(c1)/C(=C/c1[nH]c3c(c1CCC(N)=O)CCCC3)C(=O)N2,IC50
CHEMBL301639,5.6777807052660805,2100.0,1,O=C1Nc2ccc(Cl)cc2/C1=C/c1[nH]cc2c1CCOC2=O,IC50
CHEMBL3039504,7.187086643357144,65.0,1,CCS(=O)(=O)O.COC(=O)c1ccc2c(c1)NC(=O)/C2=C(\Nc1ccc(N(C)C(=O)CN2CCN(C)CC2)cc1)c1ccccc1,IC50
CHEMBL304271,4.698970004336019,20000.0,1,CCN(CC)CC(O)CNC(=O)c1cc(C)c(/C=C2\C(=O)Nc3ncnc(Nc4ccc(F)c(Cl)c4)c32)[nH]1,IC50
CHEMBL306295,5.3979400086720375,4000.0,1,Oc1cccc(Nc2nnc(Cc3ccncc3)c3ccccc23)c1,IC50
CHEMBL308672,5.250263684430939,5620.0,1,CCN(CC)CCNC(=O)c1cc(C)c(/C=C2\C(=O)Nc3ncnc(Nc4ccc(Cl)cc4F)c32)[nH]1,IC50
CHEMBL309331,5.853871964321762,1400.0,1,c1ccc(-c2ccc(Nc3nnc(Cc4ccncc4)c4ccccc34)cc2)cc1,IC50
CHEMBL3115681,7.585026652029182,26.0,2,CN1CCN(c2ccc(Nc3ncc4cc(C#N)c(=O)n(C5CCCC5)c4n3)cc2)CC1,IC50
CHEMBL3116440,6.27523275435369,530.6,1,COc1cc2c(Oc3ccc(N/C=C4\C(=O)NC(=O)N(c5ccc(C)cc5)C4=O)cc3F)ccnc2cc1OCCCN1CCCC1,IC50
CHEMBL3125890,6.920818753952375,120.0,1,N#Cc1c(Oc2ccc(F)c(NC(=O)Cc3cccc(C(F)(F)F)c3)c2)ccc2nc(NC(=O)C3CC3)sc12,IC50
CHEMBL313433,4.183758700008217,65500.0,1,CCc1c(/C=C2\C(=O)Nc3ccccc32)[nH]c(C)c1C,IC50
CHEMBL313500,4.026825947317028,94010.0,1,COc1ccc(-c2ccc3c(c2)NC(=O)/C3=C\c2cc3c([nH]2)CCCC3)cc1,IC50
CHEMBL313578,5.0762380391713,8390.0,1,O=C1Nc2ccccc2/C1=C/c1ccc(O)cc1,IC50
CHEMBL313746,4.151195298948196,70600.0,1,O=C1Nc2cc(-c3ccccc3)ccc2/C1=C/c1cc2c([nH]1)CCCC2,IC50
CHEMBL313821,6.060480747381382,870.0,1,COc1ccccc1-c1ccc2c(c1)NC(=O)/C2=C\c1[nH]c2c(c1CCC(=O)O)CCCC2,IC50
CHEMBL314995,8.397940008672037,4.0,1,O=C(O)CCc1c(/C=C2\C(=O)Nc3ccc(Br)cc32)[nH]c2c1CCCC2,IC50
CHEMBL315546,5.292429823902063,5100.0,1,O=CN1CCN(c2ccc(/C=C3\C(=O)Nc4ccccc43)cc2)CC1,IC50
CHEMBL315753,6.619788758288394,240.0,1,O=C(O)CCc1c(/C=C2\C(=O)Nc3ccccc32)[nH]c2c1CCCC2,IC50
CHEMBL316009,4.180456064458132,66000.0,1,COC(=O)CCc1c[nH]c(/C=C2\C(=O)Nc3ccccc32)c1C,IC50
CHEMBL316770,4.954677021213342,11100.0,1,COc1cc2ncnc(N3CCN(C(=O)Nc4ccccc4)CC3)c2cc1OC,IC50
CHEMBL317106,5.935542010773082,1160.0,1,Nc1cc2ncnc(N3CCN(C(=O)Nc4ccc(Oc5ccccc5)cc4)CC3)c2cc1[N+](=O)[O-],IC50
CHEMBL317401,6.130768280269024,740.0,1,CCOC(=O)c1ccc(NC(=O)N2CCN(c3ncnc4cc(OC)c(OC)cc34)CC2)cc1,IC50
CHEMBL318345,6.301029995663981,500.0,1,COc1ccc2ncnc(N3CCN(C(=O)Nc4ccc(Oc5ccccc5)cc4)CC3)c2c1,IC50
CHEMBL318358,5.698970004336019,2000.0,1,COc1cc2ncnc(N3CCN(/C(S)=N\c4ccc(F)cc4)CC3)c2cc1OC,IC50
CHEMBL318581,5.686132779630847,2060.0,1,COc1cc2ncnc(N3CCN(C(=O)Nc4cccc(Cl)c4)CC3)c2cc1OC,IC50
CHEMBL319024,6.795880017344075,160.0,1,COc1cc2ncnc(N3CCN(/C(S)=N\c4ccc(Cl)c([N+](=O)[O-])c4)CC3)c2cc1OC,IC50
CHEMBL319242,5.497572880015567,3180.0,1,COc1cc2ncnc(N3CCN(/C(S)=N\c4ccccc4)CC3)c2cc1OC,IC50
CHEMBL319255,5.860120913598763,1380.0,1,O=C(Nc1ccc(Oc2ccccc2)cc1)N1CCN(c2ncnc3ccc(Br)cc23)CC1,IC50
CHEMBL319894,6.652697400533215,320.0,2,COc1cc2ncnc(N3CCN(/C(S)=N\Cc4ccccc4)CC3)c2cc1OC,IC50
CHEMBL320645,5.91721462968355,1210.0,1,CCc1ccc(NC(=O)N2CCN(c3ncnc4cc(OC)c(OC)cc34)CC2)cc1,IC50
CHEMBL320864,5.001740661576301,9960.0,1,COc1cc2ncnc(N3CCN(C(=O)Nc4ccc(C)cc4)CC3)c2cc1OC,IC50
CHEMBL321286,5.8996294548824375,1260.0,1,COc1cc2ncnc(N3CCN(/C(S)=N\c4ccc(C)cc4)CC3)c2cc1OC,IC50
CHEMBL321323,5.025949097207122,9420.0,1,COc1cc2ncnc(N3CCN(C(=O)Nc4ccc(S(C)(=O)=O)cc4)CC3)c2cc1OC,IC50
CHEMBL3217993,4.552841968657781,28000.0,1,Nc1ccccc1NC(=O)c1ccc(COc2ccc3ncnc(Nc4cccc(Br)c4)c3c2)cc1,IC50
CHEMBL3218000,5.142667503568732,7200.0,1,C#Cc1cccc(Nc2ncnc3ccc(OCc4ccc(C(=O)Nc5ccccc5N)cc4)cc23)c1,IC50
CHEMBL3218001,4.795880017344075,16000.0,1,C#Cc1cccc(Nc2ncnc3ccc(S(=O)(=O)n4ccc(/C=C/C(=O)Nc5ccccc5N)c4)cc23)c1,IC50
CHEMBL3218002,4.154901959985743,70000.0,1,C#Cc1cccc(Nc2ncnc3ccc(S(=O)(=O)n4ccc(/C=C/C(=O)NO)c4)cc23)c1,IC50
CHEMBL321990,7.096910013008056,80.0,1,COc1cc2ncnc(N3CCN(C(=O)Nc4ccc(Nc5ccccc5)cc4)CC3)c2cc1OC,IC50
CHEMBL322209,5.286509456906058,5170.0,1,O=C(Nc1ccc(Oc2ccccc2)cc1)N1CCN(c2ncnc3ccc(I)cc23)CC1,IC50
CHEMBL322464,4.665546248849069,21600.0,1,COc1cc2ncnc(N3CCN(C(=O)Nc4ccc(Cl)cc4Cl)CC3)c2cc1OC,IC50
CHEMBL322659,6.721246399047171,190.0,1,COc1cc2ncnc(N3CCN(/C(S)=N\c4cccc([N+](=O)[O-])c4)CC3)c2cc1OC,IC50
CHEMBL322922,4.97061622231479,10700.0,1,COc1cccc2c(N3CCN(C(=O)Nc4ccc(Oc5ccccc5)cc4)CC3)ncnc12,IC50
CHEMBL323336,6.422180183120112,400.0,2,COc1cc2ncnc(N3CCN(C(=O)Nc4ccc(Br)cc4)CC3)c2cc1OC,IC50
CHEMBL323559,6.267606240177032,540.0,1,Cc1ccc2ncnc(N3CCN(C(=O)Nc4ccc(Oc5ccccc5)cc4)CC3)c2c1,IC50
CHEMBL327300,7.522878745280337,30.0,1,COc1ccc(Oc2ccnc3cc(OC)c(OC)cc23)cc1OC,IC50
CHEMBL328029,5.262807357295263,5460.0,1,O=C1Nc2ccccc2/C1=C/c1cc2c([nH]1)CCCC2,IC50
CHEMBL328710,5.425968732272281,3750.0,8,CN(C)c1ccc(/C=C2\C(=O)Nc3ccccc32)cc1,IC50
CHEMBL3288526,8.337242168318426,4.6,1,Nc1ncnc2scc(-c3ccc4c(C(=O)Nc5ccccc5)cccc4c3)c12,IC50
CHEMBL3288854,7.721246399047171,19.0,1,Cc1[nH]c(/C=C2\C(=O)Nc3ccc(F)cc32)c(C)c1NC(=O)CCN1CCN(C)CC1,Ki
CHEMBL3290931,7.034798298974088,92.3,1,COc1cc2c(Oc3ccc(NC(=O)c4nn(-c5ccccc5C(F)(F)F)c(=O)cc4C)cc3F)ccnc2cc1OCCCN1CCOCC1,IC50
CHEMBL329367,4.180456064458132,66000.0,1,CN(C)c1ccc(/C=C2\C(=O)Nc3cc(F)ccc32)cc1,IC50
CHEMBL3297892,7.790484985457369,16.2,1,C#Cc1cccc(Nc2nc(C)nc3oc(C)cc23)c1,IC50
CHEMBL3297893,7.179798540514359,66.1,1,Cc1nc(Nc2ccc(C(F)(F)F)cc2)c2cc(C)oc2n1,IC50
CHEMBL3297896,7.548213564475709,28.3,1,Cc1nc(Nc2cccc3[nH]ccc23)c2cc(C)oc2n1,IC50
CHEMBL3297897,7.197226274708024,63.5,1,COc1ccc(Nc2nc(C)nc3oc(C)cc23)cc1,IC50
CHEMBL3297898,7.642065152999546,22.8,2,COc1ccc(N(C)c2nc(C)nc3oc(C)cc23)cc1,IC50
CHEMBL3297899,7.567030709125595,27.1,1,CCN(c1ccc(OC)cc1)c1nc(C)nc2oc(C)cc12,IC50
CHEMBL3297900,7.52432881167557,29.9,1,CCCN(c1ccc(OC)cc1)c1nc(C)nc2oc(C)cc12,IC50
CHEMBL3297998,7.247951552180561,56.5,1,CCCCN(c1ccc(OC)cc1)c1nc(C)nc2oc(C)cc12,IC50
CHEMBL3297999,7.636388020107856,23.1,1,COc1ccc(N(c2nc(C)nc3oc(C)cc23)C(C)C)cc1,IC50
CHEMBL3298000,7.6595558851598815,21.9,1,COc1ccc(N(C)c2nc(C)nc3oc(C)cc23)cc1.Cl,IC50
CHEMBL330863,7.350682608437782,45.0,2,COc1cc2c(N3CCN(C(=O)Nc4ccc(OC(C)C)cc4)CC3)ncnc2cc1OCCCN1CCC(C)CC1,IC50
CHEMBL331760,7.323330452344347,100.0,2,COc1cc2c(cc1OC)-c1n[nH]c(Nc3cccc(C)c3)c1C2,IC50
CHEMBL332083,5.041280069234212,9500.0,2,COc1cc2c(N3CCN(C(=O)Nc4ccc(OC(C)C)cc4)CC3)ncnc2cc1OCCCC1=NCCN1C,IC50
CHEMBL3322563,7.060980223551334,86.9,1,O=C(CC(=O)Nc1ccc2c(c1)NC(=O)/C2=C\c1ccc[nH]1)Nc1ccc(F)cc1,IC50
CHEMBL3322564,6.752763450493236,176.7,1,COc1ccc(NC(=O)CC(=O)Nc2ccc3c(c2)NC(=O)/C3=C\c2ccc[nH]2)cc1,IC50
CHEMBL3322565,8.09151498112135,8.1,1,COc1ccc(NC(=O)CC(=O)Nc2ccc3c(c2)NC(=O)/C3=C\c2[nH]c(C)c(C(=O)O)c2C)cc1,IC50
CHEMBL3322566,8.812479279163536,1.54,1,COc1ccc(NC(=O)CC(=O)Nc2ccc3c(c2)NC(=O)/C3=C\c2[nH]c(C)c(C(=O)NCCN3CCCC3)c2C)cc1,IC50
CHEMBL332375,7.720046687481943,22.0,2,COC(=O)c1cccc(Nc2[nH]nc3c2Cc2cc(OC)c(OC)cc2-3)c1,IC50
CHEMBL3326099,5.236572006437063,5800.0,1,CCN(CC)CCCNc1nc(-c2ccc(NC(=O)Nc3ccc(Cl)cc3)cc2)nc2ccsc12,IC50
CHEMBL3335371,9.0,1.0,1,CC(=O)Nc1cc(Oc2ccc3c(c2)nc(Nc2cccc(C(C)(C)C)c2)n3C)ccn1,IC50
CHEMBL333648,6.042202480420427,985.5,2,COc1cc2c(N3CCN(C(=O)Nc4ccc(C#N)cc4)CC3)ncnc2cc1OCCN1CCC(=O)CC1,IC50
CHEMBL334169,5.053695892999698,9780.0,2,COc1cc2c(N3CCN(C(=O)Nc4ccc(OC(C)C)cc4)CC3)ncnc2cc1OCCCO,IC50
CHEMBL3343366,7.787812395596042,16.3,1,COc1cc2c(Oc3ccc(NC(=O)c4nnn(-c5ccc(F)cc5)c4C(F)(F)F)cc3F)ccnc2cc1OCCCN1CCCC1,IC50
CHEMBL3343621,5.154901959985743,7000.0,1,Cc1cc(/C=N/NC(=O)Nc2ccc(-c3nc(N4CCOCC4)c4sccc4n3)cc2)cc(C)c1O,IC50
CHEMBL3357634,5.677367288307777,2102.0,1,COc1cc2ncnc(Nc3ccc(F)c(Cl)c3)c2cc1NC(=O)/C(F)=C/CN(C)C,IC50
CHEMBL3358966,6.301029995663981,500.0,1,COc1cc(-c2nc(-c3c[nH]c4ccccc34)c[nH]c2=O)cc(OC)c1OC,IC50
CHEMBL3358967,5.823908740944319,1500.0,1,COc1ccc(-c2nc(-c3c[nH]c4ccccc34)c[nH]c2=O)cc1OC,IC50
CHEMBL3358968,4.721246399047171,19000.0,1,COc1ccc(-c2nc(-c3c[nH]c4ccccc34)c[nH]c2=O)cc1,IC50
CHEMBL3358969,5.3979400086720375,4000.0,1,COc1cc(OC)cc(-c2nc(-c3c[nH]c4ccccc34)c[nH]c2=O)c1,IC50
CHEMBL3358972,5.301029995663981,5000.0,1,CCOc1ccc(-c2nc(-c3c[nH]c4ccccc34)c[nH]c2=O)cc1OC,IC50
CHEMBL3358973,4.886056647693163,13000.0,1,O=c1[nH]cc(-c2c[nH]c3ccccc23)nc1-c1ccc2c(c1)OCO2,IC50
CHEMBL3358974,4.886056647693163,13000.0,1,O=c1[nH]cc(-c2c[nH]c3ccccc23)nc1-c1ccc(N2CCOCC2)cc1,IC50
CHEMBL3358975,4.920818753952375,12000.0,1,O=c1[nH]cc(-c2c[nH]c3ccccc23)nc1-c1ccc(F)cc1,IC50
CHEMBL3358976,4.494850021680094,32000.0,1,CCc1ccc(-c2nc(-c3c[nH]c4ccccc34)c[nH]c2=O)cc1,IC50
CHEMBL3358977,6.522878745280337,300.0,1,COc1cc(-c2nc(-c3c[nH]c4ccc(O)cc34)c[nH]c2=O)cc(OC)c1OC,IC50
CHEMBL3358978,6.0,1000.0,1,COc1cc(-c2nc(-c3c[nH]c4ccc(C)cc34)c[nH]c2=O)cc(OC)c1OC,IC50
CHEMBL3358979,4.853871964321762,14000.0,1,COc1cc(-c2nc(-c3cn(C)c4ccccc34)c[nH]c2=O)cc(OC)c1OC,IC50
CHEMBL3358980,4.251811972993799,56000.0,1,COc1cc(-c2nc(-c3c[nH]c4cc(F)ccc34)c[nH]c2=O)cc(OC)c1OC,IC50
CHEMBL3358981,5.698970004336019,2000.0,1,COc1ccc2c(-c3c[nH]c(=O)c(-c4cc(OC)c(OC)c(OC)c4)n3)c[nH]c2c1,IC50
CHEMBL3358982,5.045757490560675,9000.0,1,COC(=O)c1ccc2c(-c3c[nH]c(=O)c(-c4cc(OC)c(OC)c(OC)c4)n3)c[nH]c2c1,IC50
CHEMBL3358983,5.522878745280337,3000.0,1,COc1cc(-c2nc(-c3coc4ccccc34)c[nH]c2=O)cc(OC)c1OC,IC50
CHEMBL3358984,4.585026652029182,26000.0,1,COc1cc(-c2nc(-c3cnc4ccccc4c3)c[nH]c2=O)cc(OC)c1OC,IC50
CHEMBL3358985,6.0,1000.0,1,COc1cc(-c2nc(-c3cccc4ccccc34)c[nH]c2=O)cc(OC)c1OC,IC50
CHEMBL3358986,5.096910013008056,8000.0,1,COc1cc(-c2nc(-c3ccc4ccccc4c3)c[nH]c2=O)cc(OC)c1OC,IC50
CHEMBL3358987,5.698970004336019,2000.0,1,COc1cc(-c2nc(-c3ccoc3)c[nH]c2=O)cc(OC)c1OC,IC50
CHEMBL3358988,6.0,1000.0,1,COc1cc(-c2nc(-c3ccsc3)c[nH]c2=O)cc(OC)c1OC,IC50
CHEMBL3358989,5.698970004336019,2000.0,1,COc1cc(-c2nc(-c3cccnc3)c[nH]c2=O)cc(OC)c1OC,IC50
CHEMBL3358990,5.154901959985743,7000.0,1,COc1cc(-c2nc(-c3ccc[nH]3)c[nH]c2=O)cc(OC)c1OC,IC50
CHEMBL3358991,4.657577319177793,22000.0,1,COc1ccc(-c2c[nH]c(=O)c(-c3cc(OC)c(OC)c(OC)c3)n2)cc1,IC50
CHEMBL3358992,5.853871964321762,1400.0,1,COc1cccc(-c2c[nH]c(=O)c(-c3cc(OC)c(OC)c(OC)c3)n2)c1,IC50
CHEMBL3358993,4.508638306165727,31000.0,1,COc1cc(-c2nc(-c3ccc(Cl)cc3)c[nH]c2=O)cc(OC)c1OC,IC50
CHEMBL3358994,6.096910013008056,800.0,1,COc1cc(-c2nc(-c3cccc(Cl)c3)c[nH]c2=O)cc(OC)c1OC,IC50
CHEMBL3358995,5.301029995663981,5000.0,1,COc1cc(-c2nc(-c3ccccc3Cl)c[nH]c2=O)cc(OC)c1OC,IC50
CHEMBL3358996,7.0,100.0,1,COc1cc(-c2nc(-c3ccc(O)cc3)c[nH]c2=O)cc(OC)c1OC,IC50
CHEMBL3358997,5.698970004336019,2000.0,1,COc1cc(-c2nc(-c3ccccc3O)c[nH]c2=O)cc(OC)c1OC,IC50
CHEMBL3358998,4.721246399047171,19000.0,1,COc1ccc(-c2c[nH]c(=O)c(-c3cc(OC)c(OC)c(OC)c3)n2)c(F)c1,IC50
CHEMBL3358999,7.698970004336019,20.0,1,COc1cc(-c2c[nH]c(=O)c(-c3cc(OC)c(OC)c(OC)c3)n2)ccc1O,IC50
CHEMBL3359000,5.096910013008056,8000.0,1,COc1cc(-c2nc(-c3ccccc3)c[nH]c2=O)cc(OC)c1OC,IC50
CHEMBL3359002,4.920818753952375,12000.0,1,COc1cc(-c2c[nH]c(=O)c(-c3c[nH]c4ccccc34)n2)cc(OC)c1OC,IC50
CHEMBL337920,5.35096118094674,4690.0,2,COc1cc2c(N3CCN(C(=O)Nc4ccc(C#N)cc4)CC3)ncnc2cc1OCCN1CCC(O)CC1,IC50
CHEMBL338330,6.797796974539365,160.0,2,COCCOc1cc2c(N3CCN(C(=O)Nc4ccc(OC(C)C)cc4)CC3)ncnc2cc1OCCN1CCCC1,IC50
CHEMBL338597,7.248786440007784,56.5,2,COc1cc2c(N3CCN(C(=O)Nc4ccc(C#N)cc4)CC3)ncnc2cc1OCCCN1CCCCC1,IC50
CHEMBL338619,5.902690109611308,1301.5,2,COc1cc2c(N3CCN(C(=O)Nc4ccc(C#N)cc4)CC3)ncnc2cc1OCCCn1nccn1,IC50
CHEMBL338623,5.14777459284229,7145.0,2,COc1cc2c(N3CCN(C(=O)Nc4ccc(C#N)cc4)CC3)ncnc2cc1OCCN1CCNCC1,IC50
CHEMBL338827,5.675819994509535,2405.0,2,COCCOc1ccc2c(N3CCN(C(=O)Nc4ccc(C#N)cc4)CC3)ncnc2c1,IC50
CHEMBL339403,6.9604093769761874,145.0,2,COc1cc2c(N3CCN(C(=O)Nc4ccc(OC(C)C)cc4)CC3)ncnc2cc1OCCCS(=O)(=O)CCC(C)C,IC50
CHEMBL339685,7.3979400086720375,40.0,3,COCCOc1cc2ncnc(N3CCN(C(=O)Nc4ccc(Oc5ccccc5)cc4)CC3)c2cc1OC,IC50
CHEMBL339974,5.599431973622025,2550.0,2,COc1cc2c(N3CCN(C(=O)Nc4ccc(C#N)cc4)CC3)ncnc2cc1OCCN1CCS(=O)(=O)CC1,IC50
CHEMBL340137,7.135579715830014,116.0,2,COCCOc1cc2ncnc(N3CCN(C(=O)Nc4ccc(Oc5ccc(C)cc5)cc4)CC3)c2cc1OCCOC,IC50
CHEMBL340144,6.332000411195935,469.5,2,CCS(=O)(=O)CCCOc1cc2ncnc(N3CCN(C(=O)Nc4ccc(OC(C)C)cc4)CC3)c2cc1OC,IC50
CHEMBL340157,7.037860356969059,220.0,2,COCCOc1cc2ncnc(N3CCN(C(=O)Nc4ccc(Oc5cccc6c5CCN6)cc4)CC3)c2cc1OCCOC,IC50
CHEMBL340200,5.437259367149704,3835.0,2,COCCOc1cc2ncnc(N3CCN(C(=O)Nc4ccc(OC(C)C)cc4)CC3)c2cc1OCCN1CCOCC1,IC50
CHEMBL340234,7.014640648139905,99.5,2,COc1cc2c(N3CCN(C(=O)Nc4ccc(OC(C)C)cc4)CC3)ncnc2cc1OCCCN(C)C,IC50
CHEMBL340235,6.692931204570511,260.5,2,COc1cc2c(N3CCN(C(=O)Nc4ccc(C#N)cc4)CC3)ncnc2cc1OCCN1CCCCC1,IC50
CHEMBL340284,8.110924374808178,75.2,2,COCCOc1cc2ncnc(N3CCN(C(=O)Nc4ccc(Oc5ccc6ccccc6c5)cc4)CC3)c2cc1OCCOC,IC50
CHEMBL3403509,7.393618634889395,40.4,1,COc1ccc(N(C)c2nc(C)nc3oc(C)cc23)c(OC)c1,IC50
CHEMBL3403510,7.179798540514359,66.1,1,COc1ccc(N(C)c2nc(C)nc3oc(C)cc23)cc1OC,IC50
CHEMBL3403511,6.779107750780481,166.3,1,COc1cc(N(C)c2nc(C)nc3oc(C)cc23)cc(OC)c1OC,IC50
CHEMBL3403512,7.300162274132754,50.1,1,Cc1nc(N(C)c2ccc3c(c2)OCO3)c2cc(C)oc2n1,IC50
CHEMBL3403513,7.609064892896621,24.6,1,Cc1nc(N(C)c2ccc3c(c2)CCO3)c2cc(C)oc2n1,IC50
CHEMBL3403514,7.6020599913279625,25.0,1,Cc1nc(N(C)c2ccc3occc3c2)c2cc(C)oc2n1,IC50
CHEMBL3403515,7.135488918941608,73.2,1,COc1ccc2c(c1)CCN2c1nc(C)nc2oc(C)cc12,IC50
CHEMBL3403516,6.703334809738469,198.0,1,COc1ccc2c(ccn2-c2nc(C)nc3oc(C)cc23)c1,IC50
CHEMBL3403517,7.235077015350112,58.2,1,COc1ccc2c(c1)CCCN2c1nc(C)nc2oc(C)cc12,IC50
CHEMBL3403518,7.075720713938118,84.0,1,Cc1nc(N(C)c2ccc(OC(C)C)cc2)c2cc(C)oc2n1,IC50
CHEMBL3403519,6.87942606879415,132.0,1,CCOc1ccc(N(C)c2nc(C)nc3oc(C)cc23)cc1,IC50
CHEMBL340431,6.563653874079758,279.0,2,COc1cc2c(N3CCN(C(=O)Nc4ccc(C#N)cc4)CC3)ncnc2cc1OCCN1CCC2(CC1)OCCO2,IC50
CHEMBL340439,6.28150545610573,523.0,2,COc1cc2c(N3CCN(C(=O)Nc4ccc(OC(C)C)cc4)CC3)ncnc2cc1OCCn1nccn1,IC50
CHEMBL341239,7.0740651996351165,84.5,2,COCCOc1cc2c(N3CCN(C(=O)Nc4ccc(C#N)cc4)CC3)ncnc2cc1OCCN1CCCCC1,IC50
CHEMBL341258,7.975390988664909,40.7,2,COCCOc1cc2ncnc(N3CCN(C(=O)Nc4ccc(C(C)(C)C)cc4)CC3)c2cc1OCCOC,IC50
CHEMBL341489,6.431243823438935,377.5,2,COc1cc2c(N3CCN(C(=O)Nc4ccc(C#N)cc4)CC3)ncnc2cc1OCCN1CCSCC1,IC50
CHEMBL342280,4.6777807052660805,21000.0,1,CCCn1c(=O)n(CCC)c2cc3c(N4CCN(C(=O)Nc5ccc(Oc6ccccc6)cc5)CC4)ncnc3cc21,IC50
CHEMBL342515,7.301029995663981,50.0,1,C=CCOc1cc2ncnc(N3CCN(C(=O)Nc4ccc(Oc5ccccc5)cc4)CC3)c2cc1OC,IC50
CHEMBL343209,7.698970004336019,20.0,1,CCOCCOc1cc2ncnc(N3CCN(C(=O)Nc4ccc(Oc5ccccc5)cc4)CC3)c2cc1OC,IC50
CHEMBL343241,5.338187314462739,4590.0,1,COc1cc2ncnc(N3CCN(C(=O)Nc4ccc(C#N)cc4)CC3)c2cc1O,IC50
CHEMBL344091,7.154901959985743,70.0,1,COc1cc2ncnc(N3CCN(C(=O)Nc4ccc(Oc5ccccc5)cc4)CC3)c2cc1OS(C)(=O)=O,IC50
CHEMBL344319,5.5437295586046815,29270.0,2,Cc1c(CCC(=O)O)c[nH]c1/C=C1\C(=O)Nc2ccccc21,IC50
CHEMBL344561,5.823908740944319,1500.0,1,Nc1nc(N2CCN(C(=O)Nc3ccc(Oc4ccccc4)cc3)CC2)c2[nH]cnc2n1,IC50
CHEMBL344962,7.0,100.0,1,C=CCOc1cc2c(N3CCN(C(=O)Nc4ccc(Oc5ccccc5)cc4)CC3)ncnc2cc1OC,IC50
CHEMBL347074,6.809894379144197,155.0,2,Cc1c(CCC(=O)O)c[nH]c1/C=C1\C(=O)Nc2cc(-c3ccccc3)ccc21,IC50
CHEMBL347537,6.447331783887806,357.0,1,O=C(Nc1cccc(-c2cncc3ccccc23)c1)c1ccccc1NCc1ccncc1,IC50
CHEMBL352308,7.161150909262744,69.0,1,COc1cc2c(Oc3ccc(Nc4ccc(C(C)(C)C)cc4)cc3)ccnc2cc1OCCNCCO,IC50
CHEMBL3545413,6.5120136688706065,307.6,1,Cc1ncc(NC(=O)c2ccc(CN3CCN(C)CC3)c(C(F)(F)F)c2)cc1Nc1nccc(-c2cccnc2)n1,IC50
CHEMBL356129,5.812479279163537,1540.0,1,COc1cc2c(N3CCN(/C(S)=N\Cc4ccccc4)CC3)ncnc2cc1C,IC50
CHEMBL356245,5.94428472411701,1450.0,2,COc1ccc2c(c1)NC(=O)/C2=C\c1[nH]c(C)c(CCC(=O)O)c1C,IC50
CHEMBL356715,6.886056647693163,130.0,1,O=C(Nc1ccc(Oc2ccccc2)cc1)N1CCN(c2ccnc3ccc(Cl)cc23)CC1,IC50
CHEMBL357673,7.045757490560675,90.0,1,CCOC(=O)c1cnc2cc(OC)c(OC)cc2c1N1CCN(C(=O)Nc2ccc(Oc3ccccc3)cc2)CC1,IC50
CHEMBL357803,6.329777942579941,1855.0,2,Cc1[nH]c(/C=C2\C(=O)Nc3ccc(Br)cc32)c(C)c1CCC(=O)O,IC50
CHEMBL3582427,5.698970004336019,2000.0,1,N#Cc1ccc(-c2cnc3ccc(NCc4ccccc4)nn23)cc1,IC50
CHEMBL3582441,5.657577319177793,2200.0,1,O=C(O)CN1CCN(c2cc(-c3cnc4ccc(N5CCC[C@@H]5c5cccc(F)c5)nn34)ccn2)CC1,IC50
CHEMBL3582442,5.337242168318426,4600.0,1,OC1CCN(c2cc(-c3cnc4ccc(N5CCC[C@@H]5c5cccc(F)c5)nn34)ccn2)CC1,IC50
CHEMBL358728,6.8191360819912035,165.0,2,COc1cccc(-c2ccc3c(c2)NC(=O)/C3=C\c2[nH]c(C)c(CCC(=O)O)c2C)c1,IC50
CHEMBL359007,7.154901959985743,70.0,1,O=C(Nc1ccc(Oc2ccccc2)cc1)N1CCN(c2ncnc3cc4c(cc23)OCCO4)CC1,IC50
CHEMBL359194,6.259637310505756,550.0,1,O=C(Nc1ccc(Oc2ccccc2)cc1)N1CCN(c2ccnc3cc(C(F)(F)F)ccc23)CC1,IC50
CHEMBL359229,6.7447274948966935,180.0,1,COc1cc2c(N3CCN(C(=O)Nc4ccc(Oc5ccccc5)cc4)CC3)ncnc2cc1C,IC50
CHEMBL360190,4.991399828238082,10200.0,1,O=C1N/C=C/c2ccc(c(Br)c2)Oc2cc(cc(Br)c2O)CCNC(=O)/C(=N/O)Cc2ccc(c(Br)c2)Oc2cc(cc(Br)c2O)C/C1=N\O,IC50
CHEMBL3604205,7.267606240177032,54.0,1,COc1ccc2c(c1)CCCN2c1ncnc2ccccc12,IC50
CHEMBL360756,7.801029995663981,27.5,2,COc1cc2c(N3CCN(/C(S)=N\Cc4ccc(C(F)(F)F)nc4)CC3)ncnc2cc1OCCCN1CCOCC1,IC50
CHEMBL361517,7.372363747448347,45.0,2,COc1cc2c(N3CCN(/C(S)=N\Cc4ccc(C(F)(F)F)nc4)CC3)ncnc2cc1OCCCN1CCCCC1,IC50
CHEMBL3621294,6.732828271596986,185.0,1,O=C(CCCCCCC(=O)Nc1ccc2c(c1)/C(=C/c1ccc[nH]1)C(=O)N2)NO,IC50
CHEMBL3621296,6.285670240254767,518.0,1,O=C(CCCCC(=O)Nc1ccc2c(c1)/C(=C/c1ccc[nH]1)C(=O)N2)NO,IC50
CHEMBL3621299,8.096910013008056,8.0,1,CSCCCNC(=O)c1ccc2c(c1)/C(=C/c1[nH]c(C)cc1C)C(=O)N2,IC50
CHEMBL3623375,5.702896349850743,1982.0,1,CN(C)CCCNC(=O)c1csc2nc(-c3ccc(NC(=O)Nc4cc(C(C)(C)C)on4)cc3)cn12,IC50
CHEMBL3628797,6.070581074285707,850.0,1,O=C(Nc1ccc(Nc2ncnc3ccccc23)cc1)Nc1cccc(Br)c1,IC50
CHEMBL3628798,5.673664139071248,2120.0,1,O=C(Nc1ccc(Nc2ncnc3sccc23)cc1)Nc1cccc(Br)c1,IC50
CHEMBL3628799,5.549750891680639,2820.0,1,O=C(Nc1ccc(Nc2ncnc3sc4c(c23)CCCC4)cc1)Nc1cccc(Br)c1,IC50
CHEMBL3628807,6.494850021680094,320.0,1,O=C(Nc1ccc(Oc2ncnc3ccccc23)cc1)Nc1cccc(Br)c1,IC50
CHEMBL3628808,6.2441251443275085,570.0,1,O=C(Nc1ccc(Oc2ncnc3sccc23)cc1)Nc1cccc(Br)c1,IC50
CHEMBL3628811,5.638272163982407,2300.0,1,O=C(Nc1ccc(Oc2ncnc3sc4c(c23)CCCC4)cc1)Nc1cccc(Br)c1,IC50
CHEMBL363057,5.429866998721614,3780.0,2,COc1cc2c(N3CCN(/C(S)=N\Cc4csc(-c5ccc(C(F)(F)F)cc5)n4)CC3)ncnc2cc1OCCCN1CCCCC1,IC50
CHEMBL363083,6.68837535480105,215.0,2,COc1cc2c(N3CCN(/C(S)=N\c4ccc(-c5ccccc5)nc4)CC3)c(C#N)cnc2cc1OCCCN1CCCCC1,IC50
CHEMBL363085,5.181060090552616,7845.0,2,COc1cc2c(N3CCN(/C(S)=N\Cc4ccncc4)CC3)ncnc2cc1OCCN1CCCCC1,IC50
CHEMBL3632717,6.508638306165727,310.0,1,Cn1c(Nc2cccc(C(C)(C)C)c2)nc2cc(Oc3ccnc(-c4ncc[nH]4)c3)ccc21,IC50
CHEMBL3632719,9.0,1.0,1,Cn1c(Nc2cccc(C(C)(C)C)c2)nc2cc(Oc3ccnc(-c4ncc(C(F)(F)F)[nH]4)c3)ccc21,IC50
CHEMBL363723,5.388276691992658,4090.0,1,COc1cc2c(N3CCN(/C(S)=N\Cc4ccccn4)CC3)ncnc2cc1OCCN1CCCCC1,IC50
CHEMBL363901,5.981486060122112,1265.0,2,COc1cc2c(N3CCN(/C(S)=N\c4ccc(-c5ccccc5)cn4)CC3)ncnc2cc1OCCCN1CCCCC1,IC50
CHEMBL363922,5.953289157418882,1175.0,2,COc1cc2c(N3CCN(/C(=N\c4ccc(C(C)(C)C)cc4)NC#N)CC3)ncnc2cc1OCCCN1CCCCC1,IC50
CHEMBL3644445,6.066057397258739,858.9,1,Nc1ccc(-c2n[nH]c3c2Cc2sccc2-3)cc1,IC50
CHEMBL3644446,6.927382523454764,118.2,1,Oc1cccc(Cc2ccc(-c3n[nH]c4c3Cc3sccc3-4)cc2)c1,IC50
CHEMBL3644447,6.499763525174361,316.4,1,COc1ccc(-c2cc3c(s2)Cc2c(-c4ccc(OC)cc4)n[nH]c2-3)cc1,IC50
CHEMBL3644448,6.319301970302365,479.4,1,COc1ccc(-c2n[nH]c3c2Cc2sc(-c4cccnc4)cc2-3)cc1,IC50
CHEMBL3644449,6.440332721611942,362.8,1,COc1ccc(-c2n[nH]c3c2Cc2sc(-c4ccc(N)nc4)cc2-3)cc1,IC50
CHEMBL3644450,6.755722879198157,175.5,1,COc1ccc(-c2n[nH]c3c2Cc2sc(-c4ccc(NC(=O)CN5CCCC5)nc4)cc2-3)cc1,IC50
CHEMBL3644547,5.806875401645538,1560.0,3,Cc1cccc(NC(=O)Nc2ccc(N3CCc4ccncc4C3)cc2)c1,IC50
CHEMBL3644550,7.443697499232712,36.0,3,Cc1cccc(NC(=O)Nc2ccc(N3CCc4ccncc4C3)c(C)c2)c1,IC50
CHEMBL3644551,5.978810700930062,1050.0,3,Cc1cccc(NC(=O)Nc2ccc(N3CCc4ccncc4C3)cc2C)c1,IC50
CHEMBL3644552,7.3979400086720375,40.0,3,CC(C)c1cccc(NC(=O)c2cccc(N3CCc4ccncc4C3)c2)c1,IC50
CHEMBL3644553,7.823908740944319,15.0,3,COC(=O)c1cncc2c1CCN(c1cccc(C(=O)Nc3cccc(C(C)C)c3)c1)C2,IC50
CHEMBL3644560,7.214670164989233,61.0,3,Nc1ncc2c(n1)CCN(c1cccc(C(=O)Nc3ccc(F)c(C(F)(F)F)c3)c1)C2,IC50
CHEMBL364601,8.0,10.0,3,COc1cc2c(N3CCN(/C(S)=N\Cc4ccc(C(F)(F)F)nc4)CC3)c(C#N)cnc2cc1OCCCN1CCCCC1,IC50
CHEMBL3648035,7.386158178123931,41.1,2,Cc1cc(O)cc(C)c1-c1cc(C)c2nc(Nc3ccc(OCCN4CCCC4)cc3)nnc2c1,IC50
CHEMBL3648036,7.117475462045119,76.3,2,Cc1cccc(C)c1-c1cc(C)c2nc(Nc3cccc(OCCCN4CCN(C)CC4)c3)nnc2c1,IC50
CHEMBL3648037,7.298432014944073,50.3,2,Cc1cccc(C)c1-c1cc(C)c2nc(Nc3ccc(OCCCN4CCN(C)CC4)cc3)nnc2c1,IC50
CHEMBL3648058,6.931814138253839,117.0,2,Cc1cccc(C)c1-c1cc(C)c2nc(Nc3ccc(C(=O)NCCN4CCCC4)o3)nnc2c1,IC50
CHEMBL3648061,7.221848749616356,60.0,2,Cc1cccc(C)c1-c1cc(C)c2nc(Nc3nc(C(=O)NCCN4CCCC4)cs3)nnc2c1,IC50
CHEMBL3651202,8.455931955649724,3.5,2,COc1ccc(Cl)c(-c2cc3nnc(Nc4ccc(C(=O)N5CCN(C)CC5)cc4)nc3cc2C)c1,IC50
CHEMBL3651206,8.221848749616356,6.0,2,Cc1ccc(Cl)cc1-c1cc2nnc(Nc3ccc(C(=O)N4CCN(C)CC4)cc3)nc2cc1C,IC50
CHEMBL3651210,8.431798275933005,3.7,2,Cc1cc2nc(Nc3ccc(C(=O)N4CCN(C)CC4)cc3)nnc2cc1-c1cc(O)ccc1Cl,IC50
CHEMBL3651212,7.583359492661719,26.1,2,Cc1ccc(F)cc1-c1cc2nnc(Nc3ccc(OCCN4CCCC4)cc3)nc2cc1C,IC50
CHEMBL3651217,8.130768280269024,7.4,2,Cc1cc2nc(Nc3ccc(OCCN4CCCC4)cc3)nnc2cc1-c1cccc(O)c1,IC50
CHEMBL3651219,7.628932137728263,23.5,2,Cc1cc(-c2cc(O)ccc2Cl)cc2nnc(Nc3cccnc3)nc12,IC50
CHEMBL3651220,5.732828271596986,1850.0,2,CC(=O)Nc1cc(-c2c(C)cccc2C)cc2nnc(Nc3ccc(S(=O)(=O)NCCN4CCCC4)cc3)nc12,IC50
CHEMBL3651225,7.841637507904751,14.4,2,Cc1cc(-c2cc(O)ccc2Cl)cc2nnc(Nc3ccc(C(=O)NCCN4CCCC4)o3)nc12,IC50
CHEMBL3651227,7.405607449624573,39.3,2,COc1cc2nc(Nc3ccc(S(=O)(=O)NCCN4CCCC4)cc3)nnc2cc1-c1ccccc1C,IC50
CHEMBL3651228,8.275724130399212,5.3,2,Cc1cc(-c2cc(O)ccc2Cl)cc2nnc(Nc3cccc(C(=O)NCCN(C)C)c3)nc12,IC50
CHEMBL3651236,7.681936665037238,20.8,2,Cc1cc(-c2cc(O)ccc2Cl)cc2nnc(Nc3cccc(N(C)C)c3)nc12,IC50
CHEMBL3651246,8.721246399047171,1.9,2,Cc1cc2nc(Nc3ccc(S(=O)(=O)NCCN4CCCC4)cc3)nnc2cc1-c1cc(O)ccc1Cl,IC50
CHEMBL3651249,8.67778070526608,2.1,2,Cc1cc(-c2cc(O)ccc2Cl)cc2nnc(Nc3ccc(N4CCOCC4)nc3)nc12,IC50
CHEMBL3651257,8.244125144327509,5.7,2,Cc1cc2nc(Nc3ccc(OCCN4CCCC4)cc3)nnc2cc1-c1cc(O)ccc1Cl,IC50
CHEMBL3651296,8.229147988357855,5.9,1,Cc1cccc(C)c1-c1cc(C)c2nc(Nc3ccc(OCCC4CCCC4)cc3)nnc2c1,IC50
CHEMBL3651298,7.089909454405932,81.3,1,Cc1cccc(C)c1-c1ccc2nc(Nc3cccc(S(=O)(=O)N4CCN(C)CC4)c3)nnc2c1,IC50
CHEMBL365199,6.391917048857003,410.0,2,COc1cc2c(N3CCN(/C(S)=N\c4ccc(Br)cc4)CC3)ncnc2cc1OCCN1CCCC1,IC50
CHEMBL365271,7.4604093769761874,40.0,2,COc1cc2c(N3CCN(/C(S)=N\Cc4ccc(Cl)nc4)CC3)ncnc2cc1OCCCN1CCCCC1,IC50
CHEMBL3683258,8.510410261261615,3.12,2,CN[C@@H]1CC2OC([C@@H]1OC)n1c3ccccc3c3c4c(c5c6ccccc6n2c5c31)C(=O)NC4,IC50
CHEMBL3690072,7.522637604510468,35.0,2,Cc1ccc(NC(=O)c2ccc3c(c2)CCC3N2CCN(C)CC2)cc1Nc1nccc(-c2cccnc2)n1,IC50
CHEMBL3690073,6.632644078973981,233.0,1,Cc1ccc(NC(=O)c2ccc3c(c2)CCC3N2CCN(C(=O)OC(C)(C)C)CC2)cc1Nc1nccc(-c2cccnc2)n1,IC50
CHEMBL3690074,7.920818753952375,12.0,1,Cc1ccc(NC(=O)c2ccc3c(c2)CCC3N2CCNCC2)cc1Nc1nccc(-c2cccnc2)n1,IC50
CHEMBL3690075,7.823908740944319,15.0,1,CCN1CCN(C2CCc3cc(C(=O)Nc4ccc(C)c(Nc5nccc(-c6cccnc6)n5)c4)ccc32)CC1,IC50
CHEMBL3690076,7.7447274948966935,18.0,1,Cc1ccc(NC(=O)c2ccc3c(c2)CCC3N2CCN(C(C)C)CC2)cc1Nc1nccc(-c2cccnc2)n1,IC50
CHEMBL3690077,7.698970004336019,20.0,1,Cc1ccc(NC(=O)c2ccc3c(c2)CCC3N2CCN(CCO)CC2)cc1Nc1nccc(-c2cccnc2)n1,IC50
CHEMBL3690078,7.3872161432802645,41.0,1,CC(=O)N1CCN(C2CCc3cc(C(=O)Nc4ccc(C)c(Nc5nccc(-c6cccnc6)n5)c4)ccc32)CC1,IC50
CHEMBL3690079,7.657577319177793,22.0,3,Cc1ccc(NC(=O)c2ccc3c(c2)CCC3N2CCN(C)CC2)cc1Nc1nccc(-c2cncnc2)n1,IC50
CHEMBL3690080,7.823908740944319,15.0,1,Cc1ccc(NC(=O)c2ccc3c(c2)CCC3N2CCC(N(C)C)C2)cc1Nc1nccc(-c2cccnc2)n1,IC50
CHEMBL3690081,7.6777807052660805,21.0,1,Cc1ccc(NC(=O)c2ccc3c(c2)CCC3N2CC[C@@H](N(C)C)C2)cc1Nc1nccc(-c2cccnc2)n1,IC50
CHEMBL3690082,8.017728766960431,9.6,1,Cc1ccc(NC(=O)c2ccc3c(c2)CC[C@@H]3N2CCN(C)CC2)cc1Nc1nccc(-c2cccnc2)n1,IC50
CHEMBL3690083,7.619788758288394,24.0,1,Cc1ccc(NC(=O)c2ccc3c(c2)CCC3N2CCN(C)CC2)cc1Nc1nccc(-c2ccncc2)n1,IC50
CHEMBL3696072,7.6777807052660805,21.0,1,NC(=O)c1c(-c2ccc(NC(=O)Nc3ccccc3)cc2)nsc1NC(=O)NCCCN1CCOCC1,IC50
CHEMBL3696073,7.327902142064283,47.0,1,Cc1ccc(F)c(NC(=O)Nc2ccc(-c3nsc(NC(=O)NCCCN4CCOCC4)c3C(N)=O)cc2)c1,IC50
CHEMBL3696074,8.0,10.0,1,Cc1cccc(NC(=O)Nc2ccc(-c3nsc(NC(=O)NCCCN4CCOCC4)c3C(N)=O)cc2)c1,IC50
CHEMBL3696075,7.619788758288394,24.0,1,NC(=O)c1c(-c2ccc(NC(=O)Nc3cc(C(F)(F)F)ccc3F)cc2)nsc1NC(=O)NCCCN1CCOCC1,IC50
CHEMBL3696076,7.920818753952375,12.0,1,Cc1ccc(NC(=O)Nc2ccc(-c3nsc(NC(=O)NCCCN4CCOCC4)c3C(N)=O)cc2)cc1,IC50
CHEMBL3696083,8.0,10.0,1,Cc1ccc(NC(=O)Nc2ccc(-c3nsc(NC(=O)NCCCC(=O)O)c3C(N)=O)cc2)cc1,IC50
CHEMBL3696084,7.886056647693163,13.0,1,Cc1ccc(NC(=O)Nc2ccc(-c3nsc(NC(=O)NCCCO)c3C(N)=O)cc2)cc1,IC50
CHEMBL3696087,7.221848749616356,60.0,1,Cc1ccc(NC(=O)Nc2ccc(-c3nsc(N)c3C(N)=O)cc2)cc1,IC50
CHEMBL3696088,7.154901959985743,70.0,1,Cc1ccc(F)c(NC(=O)Nc2ccc(-c3nsc(N)c3C(N)=O)cc2)c1,IC50
CHEMBL3696092,6.073657553374345,844.0,1,NC(=O)c1c(-c2cccc(NC(=O)c3cccc(C(F)(F)F)c3)c2)nsc1N,IC50
CHEMBL3696095,7.920818753952375,12.0,1,Cc1ccc(NC(=O)Nc2ccc(-c3nsc(NC(=O)NCCCN4CCCC4)c3C(N)=O)cc2)cc1,IC50
CHEMBL3696096,7.318758762624412,48.0,1,Cc1ccc(F)c(NC(=O)Nc2ccc(-c3snc(N)c3C(N)=O)cc2)c1,IC50
CHEMBL3696097,7.154901959985743,70.0,1,Cc1ccc(F)c(NC(=O)Nc2ccc(-c3snc(NCCCN4CCOCC4)c3C(N)=O)cc2)c1,IC50
CHEMBL3702602,7.6777807052660805,21.0,3,CC(C)c1cccc(NC(=O)c2cccc(N3CCc4nc(N)ncc4C3)c2)c1,IC50
CHEMBL3702603,6.935542010773082,116.0,3,Cc1cccc(NC(=O)c2cccc(N3CCc4nc(N)ncc4C3)c2)c1,IC50
CHEMBL3702604,6.962573502059376,109.0,3,CC(C)(C)c1ccc(NC(=O)c2cccc(N3CCc4nc(N)ncc4C3)c2)cc1,IC50
CHEMBL3702605,7.585026652029182,26.0,3,Nc1ncc2c(n1)CCN(c1cccc(C(=O)Nc3cccc(C(F)(F)F)c3)c1)C2,IC50
CHEMBL3702606,7.045757490560675,90.0,3,Cc1ccc(NC(=O)c2cccc(N3CCc4nc(N)ncc4C3)c2)cc1,IC50
CHEMBL3702607,5.906578314837765,1240.0,2,COc1cccc(NC(=O)c2cccc(N3CCc4nc(N)ncc4C3)c2)c1,IC50
CHEMBL3702608,6.872895201635193,134.0,2,CCc1ccc(NC(=O)c2cccc(N3CCc4nc(N)ncc4C3)c2)cc1,IC50
CHEMBL3702609,7.2839966563652006,52.0,2,CCc1cccc(NC(=O)c2cccc(N3CCc4nc(N)ncc4C3)c2)c1,IC50
CHEMBL3702610,7.494850021680094,32.0,2,CCCc1ccc(NC(=O)c2cccc(N3CCc4nc(N)ncc4C3)c2)cc1,IC50
CHEMBL3702612,7.619788758288394,24.0,2,CC(C)c1ccc(NC(=O)c2cccc(N3CCc4nc(N)ncc4C3)c2)cc1,IC50
CHEMBL3702617,6.609064892896621,246.0,3,CC(C)(C)C1CCC(NC(=O)c2cccc(N3CCc4nc(N)ncc4C3)c2)CC1,IC50
CHEMBL3702618,6.220403508742176,602.0,3,Nc1ncc2c(n1)CCN(c1cccc(C(=O)NCC3CCCCC3)c1)C2,IC50
CHEMBL3702620,6.785156151952302,164.0,2,CC(C)(C)CCNC(=O)c1cccc(N2CCc3nc(N)ncc3C2)c1,IC50
CHEMBL3702661,7.698970004336019,20.0,2,Cc1ccc(C(=O)Nc2cccc(C(F)(F)F)c2)cc1N1CCc2nc(N)ncc2C1,IC50
CHEMBL3702662,6.5638373529592435,273.0,3,Cc1cc(C(=O)Nc2cccc(C(F)(F)F)c2)cc(N2CCc3nc(N)ncc3C2)c1,IC50
CHEMBL3702663,7.522878745280337,30.0,3,Cc1ccc(C(=O)Nc2cccc(C(C)C)c2)cc1N1CCc2nc(N)ncc2C1,IC50
CHEMBL3702664,7.229147988357855,59.0,3,Cc1cc(C(=O)Nc2cccc(C(C)C)c2)cc(N2CCc3nc(N)ncc3C2)c1,IC50
CHEMBL371910,6.790038639481199,270.5,2,COc1cccc2c1Cc1c-2n[nH]c1Nc1ccccc1,IC50
CHEMBL371949,7.895242492728684,13.5,2,COc1ccc2c(c1)-c1n[nH]c(Nc3ccccc3)c1C2,IC50
CHEMBL3735648,7.192464971931146,64.2,1,CC1(C)c2cc(C3CCN(CC4CCOCC4)CC3)ccc2C(=O)c2c1[nH]c1cc(C#N)ccc21,IC50
CHEMBL373882,5.7121982700697735,1940.0,1,CNc1ncnc(-c2cccnc2Oc2ccc(F)c(C(=O)Nc3cc(C(F)(F)F)ccc3N(C)CCCN(C)C)c2)n1,IC50
CHEMBL3739732,6.64994590642097,223.9,1,CS(=O)(=O)Cc1cccc(Nc2nccc(Oc3ccc4c(C(=O)Nc5cccnc5)cccc4c3)n2)c1,IC50
CHEMBL374248,6.2020403562628035,628.0,2,Cc1cccc(C)c1-c1cc(C)c2nc(Nc3ccccc3)nnc2c1,IC50
CHEMBL3764045,8.151195298948196,7.06,1,CNC(=O)c1cc2c(Oc3ccc(NC(=S)NC(=O)Cc4ccccc4)cc3F)ccnc2cc1OC,IC50
CHEMBL377193,6.767003889607846,171.0,1,O=C(c1cc2cc(O)ccc2[nH]1)c1cc2cc(O)ccc2[nH]1,IC50
CHEMBL377345,7.698970004336019,20.0,1,O=c1[nH]c2ccccc2c(O)c1-c1nc2ccccc2[nH]1,IC50
CHEMBL3774451,8.34008379993015,4.57,1,O=C(Nc1ccc(Oc2ccnc3[nH]ccc23)c(F)c1)c1nnn(-c2ccc(F)cc2)c1C(F)(F)F,IC50
CHEMBL377734,6.698970004336019,200.0,1,O=C(NC1CC1)c1cc(NCc2cnc(Nc3ccccn3)s2)c(F)cc1F,IC50
CHEMBL3780676,6.278601624478495,526.5,1,COc1cc2c(Oc3ccc(NC(=O)c4c(Cl)c5ccccc5n(-c5ccc(F)cc5)c4=O)cc3F)ccnc2cc1OCCCN1CCN(C)CC1,IC50
CHEMBL3805771,5.96537154337468,1083.0,1,CCN1CCN(Cc2ccc(NC(=O)CNc3ccc(-c4ccc(NC(=O)C5CC5)nc4)cc3)cc2C(F)(F)F)CC1,IC50
CHEMBL3806189,5.976747540366288,1055.0,2,CN1CCN(Cc2ccc(NC(=O)CNc3ccc(-c4ccc(NC(=O)C5CC5)nc4)cc3F)cc2C(F)(F)F)CC1,IC50
CHEMBL3809935,6.920818753952375,120.0,1,Cc1ccc(NC(=O)c2cccc(C(F)(F)F)c2)cc1OC1CCN(C(=O)c2ccncc2)CC1,IC50
CHEMBL3813873,7.443697499232712,36.0,3,FC(F)(F)c1ccc(CNc2ccc(Cc3c[nH]c4ncc(Cl)cc34)cn2)cn1,IC50
CHEMBL382735,5.206209615309182,6220.0,1,COc1cc2c(cc1OC)-c1n[nH]c(Nc3cc(Cl)ccc3Cl)c1C2,IC50
CHEMBL383030,4.991399828238082,10200.0,1,COC(=O)c1c(OCCCN(C)C)c2ccccc2c2oc3c(c12)C(=O)c1ccccc1C3=O,IC50
CHEMBL383417,8.0,10.0,1,Nc1c(-c2nc3ccccc3[nH]2)c(=O)[nH]c2ccccc12,IC50
CHEMBL388978,8.446116973356126,3.58,9,CN[C@@H]1C[C@H]2O[C@@](C)([C@@H]1OC)n1c3ccccc3c3c4c(c5c6ccccc6n2c5c31)C(=O)NC4,IC50
CHEMBL3890006,4.9677906449962475,15603.0,2,Cc1ccc(C(=O)Nc2cccc(C#Cc3ccc4nccn4n3)c2)cc1,IC50
CHEMBL3890120,7.7447274948966935,18.0,1,CC(C)c1ccc(NC(=O)c2cccc(N3CCc4c(cnc5cc(CO)c(CO)cc45)C3)c2)cc1,IC50
CHEMBL3892076,7.787812395596042,16.3,1,Cc1ccc(F)c(NC(=O)Nc2ccc(-c3ccc(OCCCN4CCCC4)c4[nH]nc(N)c34)c3ccccc23)c1,IC50
CHEMBL3892475,6.125518182300533,749.0,1,COC(=O)N1CCc2nc(Nc3cc(OC)c(OC)c(OC)c3)ncc2C1,IC50
CHEMBL3893131,8.0,10.0,1,COC(=O)c1ccc2cc(-c3ccc(NC(=O)Nc4cccc(C)c4)cc3)n(C(N)=O)c2c1,IC50
CHEMBL3893580,6.419075024324381,381.0,1,Cc1ccn(-c2ccc(C(C)(C)C)cc2)c(=O)c1N1CCc2nc(N)ncc2C1,IC50
CHEMBL3894122,6.694648630553377,202.0,1,O=C(Nc1cccc(N2CCc3c(cnc4ccnn34)C2)c1)c1ccccc1,IC50
CHEMBL3895175,5.518557371497695,3030.0,1,Cc1ccc(F)c(NC(=O)Nc2cccc(-c3cc4ccccc4n3C(N)=O)c2)c1,IC50
CHEMBL3895384,8.0,10.0,1,CCc1cccc(NC(=O)Nc2ccc(-c3cc4ccccc4n3C(N)=O)cc2)c1,IC50
CHEMBL3895469,5.215882183537077,6083.0,1,Cc1ccc(F)c(C(=O)Nc2cccc(C#Cc3ccc4nccn4n3)c2)c1,IC50
CHEMBL3895520,7.795880017344075,16.0,1,Cc1cccc(NC(=O)c2cccc(N3CCc4c(cnc5ccccc45)C3)c2)c1,IC50
CHEMBL3895612,6.61261017366127,244.0,1,COc1ccccc1Nc1ncc2c(n1)CCN(C(=O)c1cccnc1)C2,IC50
CHEMBL3896265,7.698970004336019,20.0,1,Cc1ccc(F)c(NC(=O)Nc2ccc(-c3cc4ccccc4n3C(N)=O)cc2)c1,IC50
CHEMBL3896486,7.585026652029182,26.0,1,Cc1ccoc1C(=O)Nc1cccc(C#Cc2cncc(C(=O)N=S(=O)(CCCO)CCCO)c2)c1,IC50
CHEMBL3897137,7.697347476929445,22.0,2,Cc1ccoc1C(=O)Nc1cccc(C#Cc2cncc(C(=O)N=S(C)(=O)CCCO)c2)c1,IC50
CHEMBL3897714,7.031517051446065,93.0,1,O=C(Nc1ccc(C#Cc2ccc3nccn3n2)cc1)Nc1cc(C(F)(F)F)ccc1F,IC50
CHEMBL3898974,6.183758700008217,655.0,1,CC(C)(C)c1ccc(-n2cccc(N3CCc4nc(N)ncc4C3)c2=O)cc1,IC50
CHEMBL3899614,7.958607314841775,11.0,1,CC(C)c1cccc(NC(=O)c2cccc(N3CCc4c(cnc5cc(CO)c(CO)cc45)C3)c2)c1,IC50
CHEMBL3900571,8.096910013008056,8.0,1,Cc1cccc(NC(=O)c2cccc(C#Cc3cc(C(=O)N=S(=O)(CCCO)CCCO)cnc3N)c2)c1,IC50
CHEMBL3901672,7.657577319177793,22.0,1,CS(C)(=O)=NC(=O)c1cnc(N)c(C#Cc2cccc(NC(=O)c3ccc(Cl)cc3)c2)c1,IC50
CHEMBL3903593,5.815024809301739,1531.0,1,Cc1cccc(C(=O)Nc2cccc(C#Cc3ccc4nccn4n3)c2)c1,IC50
CHEMBL3904099,5.942714355581785,1141.0,1,Cc1cccc(NC(=O)Nc2csc(-c3cc4ccccc4n3C(N)=O)c2)c1,IC50
CHEMBL390479,7.804100347590766,15.7,2,Cc1cccc(C)c1-c1cc(NS(C)(=O)=O)c2nc(Nc3ccc(OCCN4CCCC4)cc3)nnc2c1,IC50
CHEMBL3904823,5.080697406030419,8532.0,2,Nc1ccc(C#Cc2ccc3nc(NC(=O)Nc4ccc(F)c(Cl)c4)cn3n2)cc1,IC50
CHEMBL3906392,7.3652435278910415,45.5,2,COC(=O)CCCC[S@](C)(=O)=NC(=O)c1cnc(N)c(C#Cc2cccc(NC(=O)c3occc3C)c2)c1,IC50
CHEMBL3908397,7.958607314841775,11.0,1,Cc1ccc(NC(=O)Nc2ccc(-c3cc4ccccc4n3C(N)=O)cc2)cc1,IC50
CHEMBL3909619,7.0,100.0,1,Cc1[nH]c(/C=C2\C(=O)Nc3ccc(F)cc32)c(C)c1C(=O)NCCCCCCCC(=O)NO,IC50
CHEMBL3909723,7.7447274948966935,18.0,1,Cc1ccoc1C(=O)Nc1cccc(C#Cc2cncc(C(=O)N=[S@@](C)(=O)CCCO)c2)c1,IC50
CHEMBL3910155,7.721246399047171,19.0,1,Cc1ccc(NC(=O)Nc2cccc(C#Cc3cncc(C(=O)N=S(C)(C)=O)c3)c2)cc1,IC50
CHEMBL3911073,7.6182860032185316,34.0,2,CCc1cccc(NC(=O)c2cccc(N3CCc4c(cnc5ccccc45)C3)c2)c1,IC50
CHEMBL3911854,7.920818753952375,12.0,1,COc1cccc(NC(=O)Nc2ccc(-c3cc4ccccc4n3C(N)=O)cc2)c1,IC50
CHEMBL3911919,7.854982694318741,14.0,2,COC(=O)CCCCS(C)(=O)=NC(=O)c1cnc(N)c(C#Cc2cccc(C(=O)Nc3cccc(C)c3)c2)c1,IC50
CHEMBL3912751,5.713543530253017,1934.0,1,O=C(c1cccnc1)N1CCc2nc(Nc3ccccc3)ncc2C1,IC50
CHEMBL3913556,7.214670164989233,61.0,1,NC(=O)c1c(-c2ccc(NC(=O)Nc3cccc(C(F)(F)F)c3)cc2)[nH]c2ccccc12,IC50
CHEMBL3914411,7.673393743112328,22.5,2,Cc1ccoc1C(=O)Nc1cccc(C#Cc2cc(C(=O)N=S3(=O)CCCC3)cnc2N)c1,IC50
CHEMBL3914717,7.342944147142896,45.4,1,Cc1cccc(NC(=O)Nc2ccc(-c3ccc(OCCCN4CCCC4)c4[nH]nc(N)c34)c3ccccc23)c1,IC50
CHEMBL3915272,7.605209643917787,29.0,2,COC(=O)CCCCS(C)(=O)=NC(=O)c1cnc(N)c(C#Cc2cccc(NC(=O)Nc3cc(C)ccc3F)c2)c1,IC50
CHEMBL3916154,6.0915149811213505,810.0,1,COc1cc(Nc2ncc3c(n2)CCN(C(=O)c2ccccc2)C3)cc(OC)c1OC,IC50
CHEMBL3916527,6.975104039892515,105.9,1,Cc1ccc(F)c(NC(=O)Nc2ccc(-c3ccc(OCCC(C)(C)N)c4[nH]nc(N)c34)c3ccccc23)c1,IC50
CHEMBL3917187,8.221848749616356,6.0,1,Cc1ccoc1C(=O)Nc1cccc(C#Cc2cncc(C(=O)N=S(C)(C)=O)c2)c1,IC50
CHEMBL3918345,7.559593203859604,29.5,2,COC(=O)CCCCS(C)(=O)=NC(=O)c1cnc(N)c(C#Cc2cccc(NC(=O)c3cc(C(F)(F)F)ccc3F)c2)c1,IC50
CHEMBL3918574,5.480172006224281,3310.0,1,NC(=O)n1c(-c2cccc(NC(=O)Nc3cccc(C(F)(F)F)c3)c2)cc2ccccc21,IC50
CHEMBL3918687,5.336487529584844,4608.0,1,Cc1ccc(F)c(NC(=O)Nc2csc(-c3cc4ccccc4n3C(N)=O)c2)c1,IC50
CHEMBL3920116,6.886056647693163,130.0,1,Cn1nccc1Nc1ncc2c(n1)CCN(C(=O)c1cccnc1)C2,IC50
CHEMBL3920210,7.698970004336019,20.0,1,CSc1ncc2c(n1)CCN(c1cc(C(=O)Nc3cccc(C(F)(F)F)c3)ccc1C)C2,IC50
CHEMBL3920239,8.173925197299173,6.7,1,Cc1cccc(NC(=O)Nc2ccc(-c3cncc4[nH]nc(N)c34)c3ccccc23)c1,IC50
CHEMBL3920784,7.552841968657781,28.0,1,NC(=O)n1c(-c2ccc(NC(=O)Nc3cccc(C(F)(F)F)c3)cc2)cc2ccccc21,IC50
CHEMBL3920861,7.983288122256525,10.5,2,COC(=O)CCCCS(C)(=O)=NC(=O)c1cnc(N)c(C#Cc2cccc(NC(=O)c3cccc(C(F)(F)F)c3)c2)c1,IC50
CHEMBL3921600,5.410385459368734,3887.0,1,Cc1cc[nH]c(=O)c1N1CCc2nc(N)ncc2C1,IC50
CHEMBL3924505,7.795880017344075,16.0,1,Cc1ccoc1C(=O)Nc1cccc(C#Cc2cc(C(=O)N=S(=O)(CCCO)CCCO)cnc2N)c1,IC50
CHEMBL3925180,7.744058319510563,19.0,2,COC(=O)CCCCS(C)(=O)=NC(=O)c1cnc(N)c(C#Cc2cccc(NC(=O)Nc3cccc(C)c3)c2)c1,IC50
CHEMBL3932553,5.799507325061991,1811.0,2,O=C(Nc1cccc(C#Cc2ccc3nccn3n2)c1)c1ccc(F)c(Cl)c1,IC50
CHEMBL3933295,7.949814727441218,11.5,2,COC(=O)CCCCS(C)(=O)=NC(=O)c1cnc(N)c(C#Cc2cccc(NC(=O)c3cccc(OC)c3)c2)c1,IC50
CHEMBL3934468,7.0,100.0,1,O=C(CCCCCNC(=O)c1cc(Oc2ccc(NC(=O)Nc3ccc(Cl)c(C(F)(F)F)c3)cc2)ccn1)NO,IC50
CHEMBL393636,6.195860567664649,637.0,1,O=C1Nc2ccc(O)cc2/C1=C/c1ccc[nH]1,IC50
CHEMBL3937330,7.4205173698082945,58.5,2,O=C(Nc1cccc(C(F)(F)F)c1)c1cccc(N2CCc3c(cnc4ccccc34)C2)c1,IC50
CHEMBL3938643,8.077450979992872,8.5,2,Cc1ccc(F)c(C(=O)Nc2cccc(C#Cc3cc(C(=O)N=S(C)(C)=O)cnc3N)c2)c1,IC50
CHEMBL3938792,7.721246399047171,19.0,1,NC(=O)n1c(-c2ccc(NC(=O)Nc3ccc(F)c(Cl)c3)cc2)cc2ccccc21,IC50
CHEMBL3939150,7.096910013008056,80.0,1,Cc1ccc(C(=O)N2CCC(Oc3cc(NC(=O)c4ccc(CN5CCN(C)CC5)c(C(F)(F)F)c4)ccc3C)CC2)cn1,IC50
CHEMBL3939257,6.917466910805121,244.5,2,O=C(Nc1ccc(C#Cc2ccc3nccn3n2)cc1)Nc1cccc(C(F)(F)F)c1,IC50
CHEMBL3939918,7.638272163982407,23.0,1,NC(=O)n1c(-c2ccc(NC(=O)Nc3ccccc3)cc2)cc2ccccc21,IC50
CHEMBL3940300,7.142667503568732,109.5,2,O=C(Nc1cccc(C(F)(F)F)c1)c1cccc(N2CCc3c(cnc4ccnn34)C2)c1,IC50
CHEMBL3941533,6.573488738635425,267.0,1,Cc1ccc(F)c(NC(=O)Nc2ccc(-c3[nH]c4ccccc4c3C(N)=O)cc2)c1,IC50
CHEMBL3943327,7.366531544420414,43.0,1,COC(=O)CCCCS(C)(=O)=NC(=O)c1cnc(N)c(C#Cc2cccc(C(=O)Nc3cc(C)ccc3F)c2)c1,IC50
CHEMBL3943535,6.621602099051862,239.0,1,COc1cc(Nc2ncc3c(n2)CCN(C(=O)c2occc2C)C3)cc(OC)c1OC,IC50
CHEMBL3944186,6.549750891680639,282.0,1,O=C(Nc1cccnc1)N1CCc2nc(Nc3ccccc3)ncc2C1,IC50
CHEMBL3944202,7.853871964321762,14.0,1,Cc1cccc(NC(=O)Nc2ccc(-c3cc4ccccc4n3C(N)=O)cc2)c1,IC50
CHEMBL3945521,6.818156412055227,152.0,1,NC(=O)n1c(-c2cc(NC(=O)Nc3cccc(C(F)(F)F)c3)cs2)cc2ccccc21,IC50
CHEMBL3946852,5.549750891680639,2820.0,1,COc1cc(Nc2ncc3c(n2)CCN(C(=O)c2ccccn2)C3)cc(OC)c1OC,IC50
CHEMBL3948032,6.773493804439273,285.5,2,Nc1cn2nc(C#Cc3ccc(NC(=O)Nc4cc(C(F)(F)F)ccc4F)cc3)ccc2n1,IC50
CHEMBL3949983,7.0,100.0,1,O=C(CCCCCCC(=O)NCc1cc(Oc2ccc(NC(=O)Nc3ccc(Cl)c(C(F)(F)F)c3)cc2)ccn1)NO,IC50
CHEMBL3950267,6.853871964321762,140.0,1,Cc1cccc(NC(=O)Nc2ccc(-c3[nH]c4ccccc4c3C(N)=O)cc2)c1,IC50
CHEMBL3950471,7.795880017344075,16.0,1,CC(C)c1ccc(NC(=O)c2cccc(N3CCc4c(cnc5ccccc45)C3)c2)cc1,IC50
CHEMBL3951451,7.595166283380062,25.4,1,Cc1ccc(F)c(NC(=O)Nc2ccc(-c3cncc4[nH]nc(N)c34)c3ccccc23)c1,IC50
CHEMBL3952249,7.769551078621726,17.0,1,COc1ccc(Nc2ncc3c(n2)CCN(C(=O)c2cccnc2)C3)cc1,IC50
CHEMBL3952283,5.566230166075134,2715.0,1,O=C(Nc1cccc(C#Cc2ccc3nccn3n2)c1)c1cc2ccccc2o1,IC50
CHEMBL3952783,6.886056647693163,130.0,1,COc1cc(Nc2ncc3c(n2)CCN(C(=O)c2cccnc2)C3)cc(OC)c1,IC50
CHEMBL3954328,7.6777807052660805,21.0,1,O=C(Nc1cccc(N2CCc3c(cnc4ccnn34)C2)c1)c1cccc(C(F)(F)F)c1,IC50
CHEMBL3955638,6.159523289034035,8896.5,2,O=C(Nc1cccc(C#Cc2ccc3nccn3n2)c1)c1ccccc1,IC50
CHEMBL3956039,5.99519297785481,1128.0,2,O=C(Nc1cccc(C#Cc2ccc3nccn3n2)c1)c1cccc(C(F)(F)F)c1,IC50
CHEMBL3956652,7.0,100.0,1,Cc1[nH]c(/C=C2\C(=O)Nc3ccc(F)cc32)c(C)c1C(=O)NCCCCCCC(=O)NO,IC50
CHEMBL3957336,7.6531365255381765,25.5,2,COC(=O)CCCCS(C)(=O)=NC(=O)c1cnc(N)c(C#Cc2cccc(NC(=O)c3ccc(OC)c(OC)c3)c2)c1,IC50
CHEMBL3960598,7.457711861032834,36.0,2,COC(=O)CCCCS(C)(=O)=NC(=O)c1cnc(N)c(C#Cc2cccc(NC(=O)c3cc(C)ccc3F)c2)c1,IC50
CHEMBL3961214,7.056247612882311,130.5,2,Cc1cccc(NC(=O)Nc2ccc(C#Cc3ccc4nc(N)cn4n3)cc2)c1,IC50
CHEMBL3963292,6.810229043653126,154.8,1,Cc1cccc(NC(=O)Nc2ccc(-c3ccc(OCCC(C)(C)N)c4[nH]nc(N)c34)c3ccccc23)c1,IC50
CHEMBL3963696,7.712984366136141,20.0,2,COC(=O)CCCCS(C)(=O)=NC(=O)c1cnc(N)c(C#Cc2cccc(NC(=O)c3ccc(Cl)c(C(F)(F)F)c3)c2)c1,IC50
CHEMBL3965529,6.82102305270683,151.0,1,NC(=O)n1c(-c2cc(NC(=O)Nc3ccc(Cl)c(C(F)(F)F)c3)cs2)cc2ccccc21,IC50
CHEMBL3966912,8.154901959985743,7.0,1,CCc1cccc(NC(=O)c2cccc(N3CCc4c(cnc5ccsc45)C3)c2)c1,IC50
CHEMBL3967980,7.180456064458132,66.0,1,Cc1ccc(NC(=O)c2cccc(C(F)(F)F)c2)cc1NC(=O)c1cccc2c(N)nccc12,IC50
CHEMBL3968343,7.795880017344075,16.0,1,CC(C)c1cccc(NC(=O)Nc2ccc(-c3cc4ccccc4n3C(N)=O)cc2)c1,IC50
CHEMBL3968883,6.732828271596986,185.0,1,O=C(Nc1ccccc1)Nc1ccc(C#Cc2ccc3nccn3n2)cc1,IC50
CHEMBL3970053,7.979303657420887,10.5,2,COC(=O)CCCCS(C)(=O)=NC(=O)c1cnc(N)c(C#Cc2cccc(NC(=O)c3cccc(C)c3)c2)c1,IC50
CHEMBL3972326,7.1259059864969,75.0,2,Cc1cccc(NC(=O)Nc2ccc(C#Cc3ccc4nccn4n3)cc2)c1,IC50
CHEMBL3972455,5.441053937561163,3622.0,2,O=C(Nc1ccc(C#Cc2ccc3nc(NC(=O)Nc4ccc(F)c(Cl)c4)cn3n2)cc1)Nc1ccc(F)c(Cl)c1,IC50
CHEMBL3973966,7.0,100.0,1,O=C(CCCCCCCNC(=O)c1cc(Oc2ccc(NC(=O)Nc3ccc(Cl)c(C(F)(F)F)c3)cc2)ccn1)NO,IC50
CHEMBL3974900,6.578396073130169,264.0,1,CCc1cccc(NC(=O)Nc2csc(-c3cc4ccccc4n3C(N)=O)c2)c1,IC50
CHEMBL3974963,7.38812227317138,42.5,2,COC(=O)CCCCS(C)(=O)=NC(=O)c1cnc(N)c(C#Cc2cccc(NC(=O)c3occc3C)c2)c1,IC50
CHEMBL3975267,7.431798275933005,37.0,1,CCc1cccc(NC(=O)Nc2ccc(-c3[nH]c4ccccc4c3C(N)=O)cc2)c1,IC50
CHEMBL3976229,7.721246399047171,19.0,1,COc1cc(Nc2ncc3c(n2)CCN(C(=O)c2cc(C)nn2C)C3)cc(OC)c1OC,IC50
CHEMBL397691,7.132532512140949,73.7,2,Cc1cc(F)ccc1-c1cc2nnc(Nc3ccc(S(=O)(=O)NCCN4CCCC4)cc3)nc2cc1C,IC50
CHEMBL3978214,7.698970004336019,20.0,1,CC(C)c1cccc(NC(=O)c2cccc(N3CCc4c(cnc5ccnn45)C3)c2)c1,IC50
CHEMBL3978649,7.877243666092925,13.5,2,Cc1ccoc1C(=O)Nc1cccc(C#Cc2cc(C(=O)N=S(C)(C)=O)cnc2N)c1,IC50
CHEMBL3979836,6.928117992693875,118.0,1,Cc1ccccc1NC(=O)Nc1ccc(-c2cc3ccccc3n2C(N)=O)cc1,IC50
CHEMBL3980266,7.721246399047171,19.0,1,Cc1cccc(NC(=O)Nc2cccc(C#Cc3cncc(C(=O)N=S(C)(C)=O)c3)c2)c1,IC50
CHEMBL3980495,7.173925197299173,67.0,1,Cc1ccc(NC(=O)Nc2ccc(C#Cc3ccc4nccn4n3)cc2)cc1,IC50
CHEMBL3980861,7.0,100.0,1,Cc1[nH]c(/C=C2\C(=O)Nc3ccc(F)cc32)c(C)c1C(=O)NCCC(=O)NO,IC50
CHEMBL3981416,6.272915363217987,569.0,2,Cc1ccc(F)c(C(=O)Nc2cccc(C#Cc3ccc4nc(N)cn4n3)c2)c1,IC50
CHEMBL3981517,6.7544873321858505,176.0,1,COc1ccc(Nc2ncc3c(n2)CCN(C(=O)c2cccnc2)C3)cc1OC,IC50
CHEMBL3981567,6.764471553092451,172.0,1,COc1cc2c(Oc3ccc(NC(=O)C4(C(=O)Nc5ccc(F)cc5)CC4)cc3F)ccnc2cc1OCCCC(=O)NO,IC50
CHEMBL3981808,7.259637310505756,55.0,1,NC(=O)n1c(-c2ccc(NC(=O)Nc3cc(C(F)(F)F)ccc3F)cc2)cc2ccccc21,IC50
CHEMBL3982995,7.494850021680094,32.0,1,Cc1cccc(NC(=O)Nc2cccc(N3CCc4c(cnc5ccnn45)C3)c2)c1,IC50
CHEMBL3983308,8.221848749616356,6.0,1,Cc1cccc(C(=O)Nc2cccc(C#Cc3cncc(C(=O)N=S(=O)(CCCO)CCCO)c3)c2)c1,IC50
CHEMBL3984316,7.261439372640169,107.5,2,CC(C)c1cccc(NC(=O)c2cccc(N3CCc4c(cnc5ccccc45)C3)c2)c1,IC50
CHEMBL3984522,7.0,100.0,1,O=C(CCCCC(=O)NCc1cc(Oc2ccc(NC(=O)Nc3ccc(Cl)c(C(F)(F)F)c3)cc2)ccn1)NO,IC50
CHEMBL3984713,7.481486060122112,33.0,1,Cc1ccoc1C(=O)Nc1ccc(-n2ccc(C)c(N3CCc4nc(N)ncc4C3)c2=O)cc1,IC50
CHEMBL3985051,7.7447274948966935,18.0,1,COC(=O)CCCCS(C)(=O)=NC(=O)c1cnc(N)c(C#Cc2cccc(C(=O)Nc3cc(C(C)(C)C)on3)c2)c1,IC50
CHEMBL3985264,7.552841968657781,28.0,1,Cc1ccc(F)c(NC(=O)Nc2cccc(C#Cc3cncc(C(=O)N=S(C)(C)=O)c3)c2)c1,IC50
CHEMBL3985362,7.366531544420414,43.0,1,O=C(Nc1ccc(C#Cc2ccc3nccn3n2)cc1)Nc1ccc(Cl)c(C(F)(F)F)c1,IC50
CHEMBL3985924,7.050609993355087,89.0,1,COc1cc(Nc2ncc3c(n2)CCN(C(=O)c2cccnc2)C3)cc(OC)c1OC,IC50
CHEMBL3986945,7.324488573707939,50.0,2,Cc1ccoc1C(=O)Nc1cccc(C#Cc2cncc(C(=O)N=S3(=O)CCCC3)c2)c1,IC50
CHEMBL399268,8.537602002101044,2.9,2,Cc1cc(-c2cc(O)ccc2Cl)cc2nnc(Nc3ccc(S(=O)(=O)CCCN4CCCC4)cc3)nc12,IC50
CHEMBL400303,8.096910013008056,8.0,2,Cc1cc(-c2c(Cl)ccc(O)c2Cl)cc2nnc(Nc3ccc(S(=O)(=O)NCCN4CCCC4)cc3)nc12,IC50
CHEMBL400402,8.958607314841775,1.1,2,Cc1cc(-c2cc(O)ccc2Cl)cc2nnc(Nc3ccc(OCCN4CCCC4)cc3)nc12,IC50
CHEMBL4059568,7.341797746612985,45.52,1,COC(=O)c1ccc2c(c1)NC(=O)/C2=C(\Nc1ccc(-n2cccc2CN2CCCCC2)cc1)c1ccccc1,IC50
CHEMBL4060383,4.045275209020937,90100.0,1,Nc1nc(N)c2c(n1)[nH]c1cccc(Sc3ccc4ccccc4c3)c12,IC50
CHEMBL4060996,7.987162775294828,10.3,1,COc1ccc(N(C)c2nc(C)nc3c(Cc4ccccc4)cn(C)c23)cc1.Cl,IC50
CHEMBL4061361,7.185486047631762,65.24,1,COC(=O)c1ccc2c(c1)NC(=O)/C2=C(\Nc1ccc(-n2cccc2CN2CCNCC2)cc1)c1ccccc1,IC50
CHEMBL406375,6.0,1000.0,1,c1ccc(-c2n[nH]c3c2oc2ccccc23)cc1,IC50
CHEMBL4066141,6.97387548325455,106.2,1,CCC(=O)N1CC[C@H](N2C(=O)N(c3cc(OC)ccc3Cl)Cc3cnc(Nc4ccc(N5CCN(C6COC6)CC5)c(C)c4)nc32)C1,IC50
CHEMBL4066412,8.045757490560675,9.0,1,CCN(CCNC(=O)c1c(C)[nH]c(/C=C2\C(=O)Nc3ccc(F)cc32)c1C)CCOCCOCCNC(=O)c1cc(OCc2cn(CCCCN3C[C@@H]4C[C@H]3C(=O)N[C@@H](CCCNC(=N)N)C(=O)NCC(=O)N[C@@H](CC(=O)O)C(=O)N4)nn2)cc(OCc2cn(CCCCN3C[C@@H]4C[C@H]3C(=O)N[C@@H](CCCNC(=N)N)C(=O)NCC(=O)N[C@@H](CC(=O)O)C(=O)N4)nn2)c1,IC50
CHEMBL4066684,8.48678239993206,3.26,1,Cc1cc(=O)n(-c2ccc(F)cc2)nc1C(=O)Nc1ccc(Oc2ccnc3[nH]ccc23)c(F)c1,IC50
CHEMBL4067871,9.0,1.0,1,OC[C@H](Nc1cnc(-c2cc(Cl)ccc2O)c(-c2ccc3cnccc3c2)c1)c1ccccc1,IC50
CHEMBL4068255,4.581748439903307,26197.0,1,C[C@@H](c1cc2cccnc2cc1F)n1cnc2ncc(-c3cnn(C)c3)nc21,IC50
CHEMBL406845,6.699991797446187,199.53,1,CC(C)(C)n1nc(-c2ccc(Cl)cc2)c2c(N)ncnc21,Ki
CHEMBL4069365,5.284832642151542,5190.0,1,CC1(C)OCC(=O)Nc2cc(Nc3nc(NCC(F)(F)F)c4occc4n3)ccc21,IC50
CHEMBL4069394,7.901635638688356,12.65,2,COC(=O)c1ccc2c(c1)NC(=O)/C2=C(\Nc1ccc(-n2cccc2CN(C)C)cc1)c1ccccc1,IC50
CHEMBL4069672,7.044312249686494,90.3,1,COc1ccc2c(c1)CCCN2c1nc(C)nc2c(Cc3ccccc3)c[nH]c12.Cl,IC50
CHEMBL4070403,7.5036239459875995,31.36,1,CCN(CC)Cc1cccn1-c1ccc(N/C(=C2\C(=O)Nc3cc(C(=O)OC)ccc32)c2ccccc2)cc1,IC50
CHEMBL4075917,9.0,1.0,1,Cc1n[nH]c2ccc(-c3cc(N[C@@H](CO)c4ccccc4)cnc3-c3ccc(F)cc3O)cc12,IC50
CHEMBL4079087,7.169835304511184,69.08500000000001,2,COC(=O)c1ccc2c(c1)NC(=O)/C2=C(\Nc1ccc(-n2cccc2CN2CCN(C)CC2)cc1)c1ccccc1,IC50
CHEMBL4080062,7.522878745280337,30.0,1,O=C(Nc1cccc(C(F)(F)F)c1)c1cccc2cc(Oc3cc(CO)ncn3)ccc12,IC50
CHEMBL408565,6.036212172654444,920.0,1,O=C1Nc2ccccc2/C1=C/c1cc2c([nH]1)CCC(Br)C2,IC50
CHEMBL4086939,7.525929496784957,29.79,1,COC(=O)c1ccc2c(c1)NC(=O)/C2=C(\Nc1ccc(Cn2cccc2CN(C)C)cc1)c1ccccc1,IC50
CHEMBL4088216,6.0,1000.0,1,CN1C(=O)[C@@H](N2CCc3cn(Cc4ccccc4)nc3C2=O)COc2ccccc21,IC50
CHEMBL4088617,4.235077015350112,58200.0,1,Nc1nc(N)c2c(n1)[nH]c1cccc(Sc3cccc4ccccc34)c12,IC50
CHEMBL4091341,7.566870482419515,27.11,1,COC(=O)c1ccc2c(c1)NC(=O)/C2=C(\Nc1ccc(-n2cccc2CN2CCCC2)cc1)c1ccccc1,IC50
CHEMBL4091628,8.259637310505756,5.5,1,CN1CCN(Cc2ccc(NC(=O)c3ccc(Cl)c(C#Cc4cncc(N5CCOCC5)c4)c3)cc2C(F)(F)F)CC1,IC50
CHEMBL4096329,4.218244625347531,60500.0,1,COc1ccc(Sc2cccc3[nH]c4nc(N)nc(N)c4c23)cc1,IC50
CHEMBL4097778,6.0,1000.0,1,CN1C(=O)[C@@H](N2CCc3cn(CC4CCS(=O)(=O)CC4)nc3C2=O)COc2ccccc21,IC50
CHEMBL4098962,7.168450148004244,67.85,1,COC(=O)c1ccc2c(c1)NC(=O)/C2=C(\Nc1ccc(Cn2cccc2CN2CCN(C)CC2)cc1)c1ccccc1,IC50
CHEMBL4099329,8.09151498112135,8.1,1,COc1ccc(N(C)c2nc(N)nc3c(Cc4ccccc4)c[nH]c23)cc1,IC50
CHEMBL4099682,8.142667503568731,7.2,1,COc1ccc(Nc2nc(C)nc3c(Cc4ccccc4)cn(C)c23)cc1.Cl,IC50
CHEMBL4101411,6.217527375833714,606.0,1,CC(C)(C)c1cc(NC(=O)Nc2ccc(-n3nc(-c4ccc(OCCN5CCOCC5)cc4)c4c(N)ncnc43)cc2)no1,IC50
CHEMBL4103605,6.705533773838407,197.0,1,Cc1cccc(NC(=O)Nc2ccc(-c3ccnc4[nH]nc(C)c34)cc2)c1,IC50
CHEMBL4104297,7.522878745280337,30.0,1,Nc1nccc(Oc2ccc3c(C(=O)Nc4cccc(C(F)(F)F)c4)cccc3c2)n1,IC50
CHEMBL4104515,7.519993057042849,30.2,1,COc1ccc2c(c1)CCCN2c1nc(C)nc2c(Cc3ccccc3)cn(C)c12.Cl,IC50
CHEMBL4107561,7.886056647693163,13.0,1,Cc1ccoc1C(=O)Nc1cccc(C#Cc2cncc(C(=O)N=[S@](C)(=O)CCCO)c2)c1,IC50
CHEMBL411229,7.0,100.0,1,Cn1c(=O)n(C)c2cc3c(N4CCN(C(=O)Nc5ccc(Oc6ccccc6)cc5)CC4)ncnc3cc21,IC50
CHEMBL4112857,7.317068892298723,56.5,2,COC(=O)CCCC[S@@](C)(=O)=NC(=O)c1cnc(N)c(C#Cc2cccc(NC(=O)c3occc3C)c2)c1,IC50
CHEMBL415049,6.499996931948306,316.23,1,CCN(CCCOc1ccc2c(Nc3cc(CC(=O)Nc4cccc(F)c4)[nH]n3)ncnc2c1)CCOP(=O)(O)O,Ki
CHEMBL4160821,8.346787486224656,4.5,1,CN1CCN(CC(=O)N(C)c2ccc(N/C(=C3\C(=O)Nc4cc(-c5nnco5)ccc43)c3ccccc3)cc2)CC1,IC50
CHEMBL4160854,6.752026733638194,177.0,1,Nc1n[nH]c2cccc(-c3ccc(NC(=S)Nc4cc(Br)ccc4OC(F)(F)F)cc3)c12,IC50
CHEMBL4161351,6.616903070050906,241.6,1,COC(=O)c1ccc2c(c1)NC(=O)/C2=C(\Nc1ccc2[nH]cc(CN3CCOCC3)c2c1)c1ccccc1,IC50
CHEMBL4161551,7.619788758288394,24.0,1,COC(=O)c1ccc2c(c1)NC(=O)/C2=C(\Nc1ccc2c(c1)N(C(=O)Cn1cccn1)CC2)c1ccccc1,IC50
CHEMBL4161897,7.468521082957745,34.0,1,CN1CCN(CC(=O)N(C)c2ccc(N/C(=C3\C(=O)Nc4cc(-c5cnco5)ccc43)c3ccccc3)cc2)CC1,IC50
CHEMBL4161991,7.4089353929735005,39.0,1,CCn1c(C(=O)N2CCN(C)CC2)cc2cc(N/C(=C3\C(=O)Nc4cc(C(=O)OC)ccc43)c3ccccc3)ccc21,IC50
CHEMBL4162400,7.308034897232639,49.2,1,COC(=O)c1ccc2c(c1)NC(=O)/C2=C(\Nc1ccc2c(c1)c(CN(C)C)cn2C(C)C)c1ccccc1,IC50
CHEMBL4162743,7.853871964321762,14.0,1,COC(=O)c1ccc2c(c1)NC(=O)/C2=C(\Nc1ccc(N2C(=O)CC[C@@H]2CN(C)C)cc1)c1ccccc1,IC50
CHEMBL4164318,7.2168113089247425,60.7,1,COC(=O)c1ccc2c(c1)NC(=O)/C2=C(\Nc1ccc2[nH]cc(CN(C)C)c2c1)c1ccccc1,IC50
CHEMBL4165331,8.275724130399212,5.3,1,CN1CCN(CC(=O)N(C)c2ccc(N/C(=C3\C(=O)Nc4cc(-c5ncon5)ccc43)c3ccccc3)cc2)CC1,IC50
CHEMBL4165429,7.657577319177793,22.0,1,COC(=O)c1ccc2c(c1)NC(=O)/C2=C(\Nc1ccc2[nH]c(C(=O)N3CCN(C)CC3)cc2c1)c1ccccc1,IC50
CHEMBL4165455,7.721246399047171,19.0,1,COC(=O)c1ccc2c(c1)NC(=O)/C2=C(\Nc1ccc2c(c1)N(C(=O)CN1CCCC1=O)CC2)c1ccccc1,IC50
CHEMBL4165850,7.037630664329979,91.7,1,COC(=O)c1ccc2c(c1)NC(=O)/C2=C(\Nc1ccc2c(c1)c(CN1CCN(C)CC1)cn2C)c1ccccc1,IC50
CHEMBL4166187,7.346787486224656,45.0,1,COC(=O)c1ccc2c(c1)NC(=O)/C2=C(\Nc1ccc(N2CCC(CN3CCN(C)CC3)C2=O)cc1)c1ccccc1,IC50
CHEMBL4166319,7.823908740944319,15.0,1,COC(=O)c1ccc2c(c1)NC(=O)/C2=C(\Nc1ccc2c(c1)N(C(=O)CN(C)C)CC2)c1ccccc1,IC50
CHEMBL4166696,7.354577730650908,44.2,1,COC(=O)c1ccc2c(c1)NC(=O)/C2=C(\Nc1ccc2c(c1)cc(C(=O)N1CCN(C)CC1)n2C)c1ccccc1,IC50
CHEMBL4168811,7.6020599913279625,25.0,1,COC(=O)c1ccc2c(c1)NC(=O)/C2=C(\Nc1ccc2c(c1)N(C(=O)CN1CCOCC1)CC2)c1ccccc1,IC50
CHEMBL4169257,7.341988603342887,45.5,1,COC(=O)c1ccc2c(c1)NC(=O)/C2=C(\Nc1ccc2c(c1)nc(CN(C)C)n2C)c1ccccc1,IC50
CHEMBL4169611,7.568636235841013,27.0,1,CN1CCN(CC(=O)N(C)c2ccc(N/C(=C3\C(=O)Nc4cc(OC(F)(F)F)ccc43)c3ccccc3)cc2)CC1,IC50
CHEMBL4169916,5.107905397309519,7800.0,1,COc1cccc(Nc2cc(N3CCN(C(=O)Nc4ccc(C(F)(F)F)cc4)CC3)ncn2)c1,IC50
CHEMBL4170680,8.494850021680094,3.2,1,COC(=O)c1ccc2c(c1)NC(=O)/C2=C(\Nc1ccc(N2C(=O)CC[C@@H]2CN2CCN(C)CC2)cc1)c1ccccc1,IC50
CHEMBL4171244,8.366531544420413,4.3,1,COC(=O)c1ccc2c(c1)NC(=O)/C2=C(\Nc1ccc(N2C(=O)CC[C@H]2CN2CCN(C)CC2)cc1)c1ccccc1,IC50
CHEMBL4171543,6.7447274948966935,180.0,1,C=CC(=O)Nc1ccc(-c2ccc(NC(=O)Nc3cccc(Cl)c3)cc2)cn1,IC50
CHEMBL4172155,7.823908740944319,15.0,1,COC(=O)c1ccc2c(c1)NC(=O)/C2=C(\Nc1ccc2c(c1)N(C(=O)Cn1cncn1)CC2)c1ccccc1,IC50
CHEMBL4172205,7.189767482004916,64.6,1,COC(=O)c1ccc2c(c1)NC(=O)/C2=C(\Nc1ccc2c(c1)c(CN(C)C)cn2C)c1ccccc1,IC50
CHEMBL4172546,7.920818753952375,12.0,1,CN1CCN(CC(=O)N(C)c2ccc(N/C(=C3\C(=O)Nc4cc(-c5ccco5)ccc43)c3ccccc3)cc2)CC1,IC50
CHEMBL4173078,7.464705879957229,34.3,1,CCn1cc(CN(C)C)c2cc(N/C(=C3\C(=O)Nc4cc(C(=O)OC)ccc43)c3ccccc3)ccc21,IC50
CHEMBL4173370,7.040958607678906,91.0,1,COC(=O)c1ccc2c(c1)NC(=O)/C2=C(\Nc1ccc2c(c1)N(C(=O)CN1CC(C)OC(C)C1)CC2)c1ccccc1,IC50
CHEMBL4173756,7.032920265855503,92.7,1,COC(=O)c1ccc2c(c1)NC(=O)/C2=C(\Nc1ccc2[nH]c(CN3CCN(C)CC3)cc2c1)c1ccccc1,IC50
CHEMBL4173817,6.934793871945688,116.2,1,COC(=O)c1ccc2c(c1)NC(=O)/C2=C(\Nc1ccc2nc(CN3CCN(C)CC3)oc2c1)c1ccccc1,IC50
CHEMBL4175951,7.886056647693163,13.0,1,CN1CCN(CC(=O)N(C)c2ccc(N/C(=C3\C(=O)Nc4cc(-c5nnn(C)n5)ccc43)c3ccccc3)cc2)CC1,IC50
CHEMBL4176458,6.869344650977969,135.1,1,COC(=O)c1ccc2c(c1)NC(=O)/C2=C(\Nc1ccc2[nH]cc(CN3CCN(C)CC3)c2c1)c1ccccc1,IC50
CHEMBL4177014,8.823908740944319,1.5,1,CN1CCN(CC(=O)N(C)c2ccc(N/C(=C3\C(=O)Nc4cc(-n5nccn5)ccc43)c3ccccc3)cc2)CC1,IC50
CHEMBL4177112,7.214670164989233,61.0,1,COC(=O)c1ccc2c(c1)NC(=O)/C2=C(\Nc1ccc2c(c1)nc(CN1CCN(C)CC1)n2C)c1ccccc1,IC50
CHEMBL418301,5.958607314841775,1100.0,1,O=C1Nc2cc(-c3ccccc3)ccc2/C1=C/c1[nH]cc2c1CCOC2=O,IC50
CHEMBL419785,5.550470226335621,4985.5,2,COc1cc2c(N3CCN(C(=O)Nc4ccc(OC(C)C)cc4)CC3)ncnc2cc1OCCCC(=N)N,IC50
CHEMBL4204920,6.316862868516993,482.1,1,CCCNC(=O)c1cc(Oc2ccc(NC(=O)c3cc4cccnc4n(-c4ccc(F)cc4)c3=O)cc2)ccn1,IC50
CHEMBL420609,4.714442690992226,19300.0,1,COc1ccc2c(c1)NC(=O)/C2=C\c1[nH]c2c(c1CCC(=O)O)CCCC2,IC50
CHEMBL420645,6.455931955649724,350.0,1,O=C(Nc1ccc(Oc2ccccc2)cc1)N1CCN(c2ncnc3ccc(F)cc23)CC1,IC50
CHEMBL4211949,6.668572703479257,214.5,1,C=CC(=O)N[C@@H]1Cn2c(c(-c3ccc(Oc4ccccc4)cc3)c3c(N)ncnc32)C1=C,IC50
CHEMBL4212117,6.954677021213342,111.0,1,Cc1c2ccc(N(C)c3ccnc(Nc4ccc(C(=O)NCCCCCCC(=O)NO)cc4)n3)cc2nn1C,IC50
CHEMBL4213341,7.055517327849832,88.0,1,Cc1c2ccc(N(C)c3ccnc(Nc4ccc(C(=O)Nc5ccccc5N)cc4)n3)cc2nn1C,IC50
CHEMBL421404,5.8326826652518236,1470.0,1,COc1cc2ncnc(N3CCN(C(=O)Nc4ccc(Cl)c([N+](=O)[O-])c4)CC3)c2cc1OC,IC50
CHEMBL4227505,5.7780400994484875,2689.5,2,CNC(=O)c1cc(Oc2ccc3nc(N[C@@H]4CCCC[C@H]4O)sc3c2)ccn1,IC50
CHEMBL4228601,7.1979107421182675,63.4,1,CCN1CCN(Cc2ccc(NC(=O)Nc3ccc(C4=Nc5cscc5NC(=O)C4)cc3)cc2C(F)(F)F)CC1,IC50
CHEMBL4237289,7.3979400086720375,40.0,1,Cc1cc(-c2ccc(NC(=O)Nc3cccc(Cl)c3)cc2)c2c(N)onc2n1,IC50
CHEMBL4237916,7.410050398674292,38.9,1,CCCN(c1ccc(OC)cc1)c1ncnc2occ(C)c12,IC50
CHEMBL4238195,5.910094888560602,1230.0,1,Cc1cccc(NC(=O)Nc2ccc(-c3cc(-c4ccccc4)nc4noc(N)c34)cc2)c1,IC50
CHEMBL4238294,6.292429823902063,510.0,1,C=C(CN1CCOCC1)C(=O)Nc1ccc(NC(=O)Nc2ccc(-c3cc(C)nc4noc(N)c34)cc2)cc1C,IC50
CHEMBL4239716,7.206209615309182,62.2,1,CSc1ccc(N(C)c2ncnc3occ(C)c23)cc1,IC50
CHEMBL4240969,7.698970004336019,20.0,1,Cc1cc(-c2ccc(NC(=O)Nc3cccc(C(F)(F)F)c3)cc2)c2c(N)onc2n1,IC50
CHEMBL424129,6.5376020021010435,290.0,1,CCCOc1cc2ncnc(N3CCN(C(=O)Nc4ccc(Oc5ccccc5)cc4)CC3)c2cc1OC,IC50
CHEMBL4241470,5.651695136951839,2230.0,1,Nc1onc2nc(-c3ccccc3)cc(-c3ccc(NC(=O)Nc4cccc(Cl)c4)cc3)c12,IC50
CHEMBL4241638,7.289036881004725,51.4,1,CCN(c1ccc(OC)cc1)c1ncnc2occ(C)c12,IC50
CHEMBL4242522,7.539102157243452,28.9,1,CCc1ccc(N(C)c2ncnc3occ(C)c23)cc1,IC50
CHEMBL4242710,6.5376020021010435,290.0,1,Nc1onc2nc(-c3ccccc3)cc(-c3ccc(NC(=O)Nc4ccc(Cl)c(C(F)(F)F)c4)cc3)c12,IC50
CHEMBL4243470,8.096910013008056,8.0,1,Cc1cccc(NC(=O)Nc2ccc(-c3cc(C)nc4noc(N)c34)cc2)c1,IC50
CHEMBL4243899,5.488116639021126,3250.0,1,Nc1onc2nc(-c3ccccc3)cc(-c3ccc(NC(=O)Nc4cccc(F)c4)cc3)c12,IC50
CHEMBL424502,6.107905397309519,780.0,1,CCn1c(=O)n(CC)c2cc3c(N4CCN(C(=O)Nc5ccc(Oc6ccccc6)cc5)CC4)ncnc3cc21,IC50
CHEMBL4245241,5.422508200162775,3780.0,1,Nc1onc2nc(-c3ccccc3)cc(-c3ccc(NC(=O)Nc4ccc(F)cc4)cc3)c12,IC50
CHEMBL4245415,7.200659450546418,63.0,1,Cc1coc2ncnc(N(C)c3ccc(N(C)C)cc3)c12,IC50
CHEMBL4245698,5.8996294548824375,1260.0,1,Cc1ccc(NC(=O)Nc2ccc(-c3cc(-c4ccccc4)nc4noc(N)c34)cc2)cc1,IC50
CHEMBL4245874,7.24184537803261,57.3,1,COc1ccc(Nc2ncnc3occ(C)c23)cc1,IC50
CHEMBL4247248,7.698970004336019,20.0,1,Cc1cc(-c2ccc(NC(=O)Nc3ccc(Cl)c(C(F)(F)F)c3)cc2)c2c(N)onc2n1,IC50
CHEMBL4247298,5.213603538627695,6115.0,1,Cc1ccc(NC(=O)c2ccc(CN(CCN(C)C)C(=O)c3cccnc3)cc2)cc1Nc1nccc(-c2cccnc2)n1,IC50
CHEMBL4249500,5.453457336521869,3520.0,1,Nc1onc2nc(-c3ccccc3)cc(-c3ccc(NC(=O)Nc4ccccc4)cc3)c12,IC50
CHEMBL4250191,7.910094888560602,12.3,1,COc1ccc(N(C)c2ncnc3occ(C)c23)cc1,IC50
CHEMBL4250210,7.2380721615794705,57.8,1,CNc1ccc(N(C)c2ncnc3occ(C)c23)cc1,IC50
CHEMBL4250273,7.370590400897281,42.6,1,COc1ccc(N(c2ncnc3occ(C)c23)C(C)C)cc1,IC50
CHEMBL4251080,6.086186147616283,820.0,1,Cc1cc(-c2ccc(NC(=O)Nc3ccccc3Cl)cc2)c2c(N)onc2n1,IC50
CHEMBL425536,5.501595363985767,11020.0,2,COc1cc2c(N3CCN(/C(S)=N\c4ccc(C#N)cc4)CC3)ncnc2cc1OCCN1CCCC1,IC50
CHEMBL425751,6.18111458540599,659.0,1,COc1cc2c(cc1OC)-c1n[nH]c(Nc3ccc(Cl)cc3)c1C2,IC50
CHEMBL4278642,8.10790539730952,7.8,1,CNC(=O)c1cccc2cc(Oc3ccnc(NC(=O)c4ccc(N5CCN(CCO)CC5)cc4)c3)ccc12,IC50
CHEMBL4279457,7.710857164067667,19.46,1,COc1cc2c(Oc3ccc(NC(=O)c4cc5cccnc5n(-c5ccc(F)cc5)c4=O)cc3F)ccnc2cc1OCCCN1CCN(C)CC1,IC50
CHEMBL4289577,8.742321425130816,1.81,1,O=C(Nc1ccc(Oc2ccnc3[nH]ccc23)c(F)c1)c1cc2cccnc2n(-c2ccc(F)cc2)c1=O,IC50
CHEMBL430090,6.886056647693163,130.0,1,COc1ccc(-c2ccc(NC(=O)Nc3cccc(C(F)(F)F)c3)cc2)c2c(N)noc12,IC50
CHEMBL430155,7.221848749616356,60.0,1,Cc1[nH]c(/C=C2\C(=O)Nc3ccccc32)c(C)c1CCCN1CCN(C)CC1,IC50
CHEMBL4303201,6.939302159646388,115.0,1,COc1cc2c(Oc3ccc4[nH]c(C)cc4c3F)ccnc2cc1OCC1(N)CC1,IC50
CHEMBL430849,5.87942606879415,1320.0,1,O=C(Nc1ccc(Oc2ccccc2)cc1)N1CCN(c2ncnc3cc(Cl)c([N+](=O)[O-])cc23)CC1,IC50
CHEMBL431006,5.698970004336019,2000.0,1,CC(C)(C)c1ccc(Nc2nnc(Cc3ccncc3)c3ccccc23)cc1,IC50
CHEMBL431025,4.068542129310995,85400.0,1,O=C1Nc2ccc(Cl)cc2/C1=C/c1ccc[nH]1,IC50
CHEMBL431996,7.698970004336019,20.0,1,O=C(O)CCc1c(/C=C2\C(=O)Nc3ccc(C(=O)O)cc32)[nH]c2c1CCCC2,IC50
CHEMBL432219,7.842014827271541,16.0,2,COc1cc2c(cc1OC)-c1n[nH]c(Nc3ccccc3)c1C2,IC50
CHEMBL432941,6.167491087293763,680.0,1,COc1cccc(-c2ccc3c(c2)NC(=O)/C3=C\c2[nH]c3c(c2CCC(=O)O)CCCC3)c1,IC50
CHEMBL434262,6.853871964321762,140.0,1,CCn1c(=O)n(C)c2cc3c(N4CCN(/C(S)=N\Cc5ccccc5)CC4)ncnc3cc21,IC50
CHEMBL435098,6.3979400086720375,400.0,3,COc1cc2c(N3CCN(/C(S)=N\c4ccncc4)CC3)ncnc2cc1OCCN1CCCCC1,IC50
CHEMBL435227,5.377785977033705,4190.0,1,Cc1c(CCC(=O)O)c[nH]c1/C=C1\C(=O)Nc2ccc(C(=O)O)cc21,IC50
CHEMBL436137,8.225498368987106,5.95,2,Cc1cccc(C)c1-c1cc(C)c2nc(Nc3ccc(OCCN4CCCC4)cc3)nnc2c1,IC50
CHEMBL436516,7.089909454405932,81.3,1,Cc1cccc(C)c1-c1cc(C)c2nc(Nc3cccc(S(=O)(=O)N4CCN(C)CC4)c3)nnc2c1,IC50
CHEMBL441272,6.5376020021010435,290.0,1,COc1cc2ncnc(N3CCN(C(=O)Nc4ccc(OCc5ccccc5)cc4)CC3)c2cc1OC,IC50
CHEMBL442402,5.159577618629112,9265.0,2,COc1cc2c(N3CCN(C(=O)Nc4ccc(OC(C)C)cc4)CC3)ncnc2cc1OCCCN,IC50
CHEMBL443296,5.285172299730034,6840.0,2,CCOc1cccc(-c2ccc3c(c2)NC(=O)/C3=C\c2[nH]cc(C)c2CCC(=O)O)c1,IC50
CHEMBL4437631,5.994390554639719,1013.0,1,Cc1cn(-c2cc(NC(=O)c3ccc4c(c3)C[C@H](N(C)c3cncnc3)C4)cc(C(F)(F)F)c2)cn1,IC50
CHEMBL444064,6.6020599913279625,250.0,3,COc1cc2c(N3CCN(C(=O)Nc4ccc(OC(C)C)cc4)CC3)ncnc2cc1OCCN1CCCCC1,IC50
CHEMBL4446361,5.682981898951889,2075.0,1,O=C(CC(=O)Nc1ccc2c(/C=C/c3ccccn3)n[nH]c2c1)Nc1cccc(F)c1,IC50
CHEMBL4446681,4.0915149811213505,81000.0,1,CN(CCc1ccc(-c2ccccc2)cc1)Cc1cn(C)c2ccc(C(=O)Nc3ccc(F)cc3)cc12,IC50
CHEMBL444724,7.115771230367396,76.6,1,COc1ccc(N(C)c2nc(Cl)nc3ccccc23)cc1,IC50
CHEMBL4448494,6.406713932979542,392.0,1,Cc1nc2c(F)cc(-c3nc(Nc4ccc5c(n4)CCN(CCN(C)C)C5)ncc3F)cc2n1C(C)C,IC50
CHEMBL4449189,6.823908740944319,150.0,1,O=C(CSc1nccc(Nc2ccc(N3CCOCC3)cc2)n1)c1ccc(F)cc1,IC50
CHEMBL4449964,5.301029995663981,5000.0,1,COc1ccc(-c2cc3cc(OC)ccc3nc2Nc2ccc(NC(=O)CN3CCN(C)CC3)cc2)cc1,IC50
CHEMBL4454772,7.0,100.0,1,COc1ccc2c(c1)/C(=N/NC(=O)c1ccc(NC(=O)Nc3ccc(Cl)c(C(F)(F)F)c3)cc1)C(=O)N2,IC50
CHEMBL445636,7.397127229528669,47.5,2,COc1cc2c(N3CCN(C(=O)Nc4ccc(C#N)cc4)CC3)ncnc2cc1OCCCN1CCC(C)CC1,IC50
CHEMBL4457815,6.958607314841775,110.0,1,COc1cccc(NC(=O)Nc2ccc(C(=O)N/N=C3\C(=O)Nc4ccc(OC)cc43)cc2)c1,IC50
CHEMBL4461094,6.346787486224656,450.0,1,O=C(Nc1ccc(C(=O)N/N=C2\C(=O)Nc3ccc(Br)cc32)cc1)Nc1ccc(Cl)c(C(F)(F)F)c1,IC50
CHEMBL4463359,6.638272163982407,230.0,1,COc1ccc(C(=O)Nc2ccc(C(=O)N/N=C3\C(=O)Nc4ccc(Br)cc43)cc2)cc1,IC50
CHEMBL4466555,7.5968794788241825,25.3,1,Cc1ccc(C(=O)Nc2ccc(Cl)c(C(F)(F)F)c2)cc1NC(=O)C1(c2ncnc3[nH]cnc23)CC1,IC50
CHEMBL4469330,7.045757490560675,90.0,1,COc1ccc(C(=O)Nc2ccc(C(=O)N/N=C3\C(=O)Nc4ccc(OC)cc43)cc2)cc1,IC50
CHEMBL4469902,5.696803942579511,2010.0,1,COc1ccc2c(c1)/C(=N/NC(=O)c1ccc(NC(=O)c3ccc(Cl)cc3)cc1)C(=O)N2,IC50
CHEMBL4471270,5.798602875679548,1590.0,1,COc1cccc(NC(=O)Nc2ccc(C(=O)N/N=C3\C(=O)Nc4ccc(Br)cc43)cc2)c1,IC50
CHEMBL448729,7.221848749616356,60.0,1,C#CCOc1cc2c(N3CCN(C(=O)Nc4ccc(Oc5ccccc5)cc4)CC3)ncnc2cc1OC,IC50
CHEMBL449593,8.045757490560675,9.0,1,CNc1ccc2c(N)c(-c3nc4cc(N5CCN(C)CC5)ccc4[nH]3)c(=O)[nH]c2c1,IC50
CHEMBL450338,6.6777807052660805,210.0,1,CCCCc1ccc(NC(=O)N2CCN(c3ncnc4cc(OC)c(OC)cc34)CC2)cc1,IC50
CHEMBL450622,5.714116477837191,4370.0,2,COc1cccc(-c2ccc3c(c2)NC(=O)/C3=C\c2[nH]cc(C)c2CCC(=O)O)c1,IC50
CHEMBL4520064,6.171597921508407,673.6,1,FC(F)(F)c1ccc(COc2ccc(Nc3ncnc4cc5c(cc34)OCCOCCOCCOCCO5)cc2)cc1,IC50
CHEMBL4531334,5.522878745280337,3000.0,1,CN1CCN(C(=O)C(C)(C)c2ccc(C(=O)Nc3cn4cc(-c5ccncc5)ccc4n3)cc2)CC1,IC50
CHEMBL4533153,6.448550002027125,356.0,1,COc1cc2c(Oc3ccc(NC(=O)NS(=O)(=O)Cc4ccc(F)cc4)cc3F)ccnc2cc1OCCCN1CCCC1,IC50
CHEMBL453593,4.3979400086720375,40000.0,1,COc1cc(C2=C(c3cn(CC(O)CO)c4ccccc34)CNC2=O)cc(OC)c1OC,IC50
CHEMBL4540917,5.739928612014925,1820.0,1,COc1ccc2c(c1)/C(=N/NC(=O)c1ccc(NC(=O)Nc3ccc(Cl)cc3)cc1)C(=O)N2,IC50
CHEMBL4542816,5.301029995663981,5000.0,1,COc1ccc(-c2cc3ccc(OC)cc3nc2Nc2ccc(NC(=O)CN3CCN(C)CC3)cc2)cc1,IC50
CHEMBL4549667,6.0,1000.0,1,CN1C(=O)[C@@H](N2CCc3c(nn(Cc4ccccc4)c3Br)C2=O)COc2ccccc21,IC50
CHEMBL4553770,6.481486060122113,330.0,1,COc1ccc(NC(=O)Nc2ccc(C(=O)N/N=C3\C(=O)Nc4ccc(OC)cc43)cc2)cc1,IC50
CHEMBL4573547,6.4089353929735005,390.0,1,CCOC(=O)c1ccc(Nc2ccnc(SCC(=O)c3ccc(C#N)cc3)n2)cc1,IC50
CHEMBL4577779,7.013228265733755,97.0,1,COc1cc2nccc(Oc3ccc(NC(=O)Cc4ccc(Cl)c(C(F)(F)F)c4)cc3)c2cc1OC,IC50
CHEMBL457985,6.886056647693163,130.0,1,CN1CCN(c2ccc3[nH]c(=O)c(-c4nc5ccccc5[nH]4)c(N)c3c2)CC1,IC50
CHEMBL4580040,5.889410289700751,1290.0,1,COc1cccc(NC(=O)Nc2ccc(C(=O)N/N=C3\C(=O)Nc4ccc(Cl)cc43)cc2)c1,IC50
CHEMBL4583526,5.421360790031928,3790.0,1,COc1ccc(NC(=O)Nc2ccc(C(=O)N/N=C3\C(=O)Nc4ccc(Br)cc43)cc2)cc1,IC50
CHEMBL458997,5.792513326014591,1800.0,2,CNC(=O)c1ccccc1Nc1nc(Nc2ccc(N3CCOCC3)cc2OC)ncc1Cl,IC50
CHEMBL4590038,5.438898616350944,3640.0,1,COc1ccc2c(c1)/C(=N/NC(=O)c1ccc(NC(=O)Nc3ccccc3)cc1)C(=O)N2,IC50
CHEMBL460746,6.0,1000.0,1,O=C(NC(=S)Nc1ccc(O)c(-c2nc3ccccc3s2)c1)c1ccc([N+](=O)[O-])cc1,IC50
CHEMBL4634073,7.657577319177793,22.0,1,COC(=O)Nc1ccc(-c2c(OC3CCN(C)CC3)nc3c(-c4ccc(OC)c(OC)c4)cnn3c2N)cc1,IC50
CHEMBL4634687,7.623423042943488,23.8,1,CCN(CC)Cc1ccc(C)n1-c1ccc(N/C(=C2\C(=O)Nc3cc(C(=O)OC)ccc32)c2ccccc2)cc1,IC50
CHEMBL4635318,5.266000713461613,5420.0,1,Cc1cn(-c2cc(CN3CCN(C)CC3)cc(NC(=O)c3ccc(C)c(Nc4nccc(-c5ccccc5)n4)c3)c2)cn1,IC50
CHEMBL4636995,7.3872161432802645,41.0,1,COc1ccc(-c2cnn3c(N)c(-c4nccs4)c(OC4CCN(C)CC4)nc23)cc1OC,IC50
CHEMBL4637487,5.690369832574102,2040.0,1,Cc1cn(-c2cc(CN3CCC[C@H](N)C3)cc(NC(=O)c3ccc(C)c(Nc4nccc(-c5ccc(F)cc5)n4)c3)c2)cn1,IC50
CHEMBL4638350,5.482804102050026,3290.0,1,Cc1cn(-c2cc(NC(=O)c3ccc(C)c(Oc4cccc5ccncc45)c3)cc(N3CCN(C)CC3)c2)cn1,IC50
CHEMBL4638783,5.82102305270683,1510.0,1,Cc1cn(-c2cc(NC(=O)c3ccc(C)c(Nc4nccc(-c5ccccc5)n4)c3)cc(N3CCNCC3)c2)cn1,IC50
CHEMBL4638817,7.494850021680094,32.0,1,COC(=O)c1ccc2c(c1)NC(=O)/C2=C(\Nc1ccc(-n2c(C)ccc2CN(C)C)nc1)c1ccccc1,IC50
CHEMBL4639539,6.943095148663527,114.0,1,COC(=O)c1ccc2c(c1)NC(=O)/C2=C(\Nc1ccc(-n2cccc2CN2CCN(C)CC2)nc1)c1ccccc1,IC50
CHEMBL4640302,6.910094888560602,123.0,1,COC(=O)c1ccc2c(c1)NC(=O)/C2=C(\Nc1ccc(-n2c(C)ccc2CN2CCN(C)CC2)nc1)c1ccccc1,IC50
CHEMBL4640601,7.0,100.0,1,COc1ccc(-c2cnn3c(N)c(-c4ccccc4)c(OC4CCN(C)CC4)nc23)cc1OC,IC50
CHEMBL4640617,7.343901797987168,45.3,1,COC(=O)c1ccc2c(c1)NC(=O)/C2=C(\Nc1ccc(-n2c(C)ccc2CN(C)C)cc1)c1ccccc1,IC50
CHEMBL4641639,6.686132779630847,206.0,1,COC(=O)c1ccc2c(c1)NC(=O)/C2=C(\Nc1ccc(-n2cccc2CN2CCN(C)CC2)c(C)c1)c1ccccc1,IC50
CHEMBL4642181,5.605548319173784,2480.0,1,Cc1cn(-c2cc(NC(=O)c3ccc(C)c(Nc4nccc(-c5ccccc5)n4)c3)cc(C(F)(F)F)c2)cn1,IC50
CHEMBL4642920,7.508638306165727,31.0,1,COC(=O)c1ccc2c(c1)NC(=O)/C2=C(\Nc1ccc(-n2cccc2CN(C)C)c(C)c1)c1ccccc1,IC50
CHEMBL4644718,8.00436480540245,9.9,1,COC(=O)c1ccc2c(c1)NC(=O)/C2=C(\Nc1ccc(-n2c(C)ccc2CN2CCN(C)CC2)cc1)c1ccccc1,IC50
CHEMBL4647153,7.1487416512809245,71.0,1,COC(=O)c1ccc2c(c1)NC(=O)/C2=C(\Nc1cnc(-n2cccc2CN(C)C)c(C)c1)c1ccccc1,IC50
CHEMBL4647154,7.585026652029182,26.0,1,COC(=O)c1ccc2c(c1)NC(=O)/C2=C(\Nc1ccc(-n2cccc2CN(C)C)nc1)c1ccccc1,IC50
CHEMBL4648729,5.2580609222708015,5520.0,1,Cc1cc(-c2cc(NC(=O)c3ccc(C)c(Nc4nccc(-c5ccc(F)cc5)n4)c3)cc(N3CCN(C)CC3)c2)on1,IC50
CHEMBL4649103,5.115771230367396,7660.0,1,Cc1cn(-c2cc(NC(=O)c3ccc(C)c(Oc4ccccc4)c3)cc(N3CCN(C)CC3)c2)cn1,IC50
CHEMBL4649259,7.431798275933005,37.0,1,COC(=O)c1ccc2c(c1)NC(=O)/C2=C(\Nc1ccc(-n2c(C)ccc2CN2CCOCC2)cc1)c1ccccc1,IC50
CHEMBL470808,8.0,10.0,1,CNC(=O)c1cc(Oc2ccc3c(c2)nc(Nc2cccc(C(C)(C)C)c2)n3C)ccn1,IC50
CHEMBL473825,5.2839966563652006,5200.0,1,Cc1ccc(NC(=O)c2ccc(C(=O)Nc3ccccc3N)s2)cc1Nc1ncc(-c2cccnc2)cn1,IC50
CHEMBL473826,5.958607314841775,1100.0,1,Nc1ccccc1NC(=O)c1ccc(C(=O)Nc2cccc(Nc3ncc(-c4cccnc4)cn3)c2)cc1,IC50
CHEMBL474015,4.1487416512809245,71000.0,1,Nc1ccccc1NC(=O)c1ccc(C(=O)Nc2cccc(Nc3ncc(-c4cccnc4)s3)c2)cc1,IC50
CHEMBL4740381,5.903089986991944,1250.0,1,Cc1cc(-c2cnc3cc(-c4ccc(N5CCNCC5)cc4)ccn23)c2ccccc2n1,IC50
CHEMBL474046,4.327902142064283,47000.0,1,Cc1ccc(NC(=O)c2ccc(C(=O)Nc3ccccc3N)nc2)cc1Nc1ncc(-c2cccnc2)s1,IC50
CHEMBL474208,4.552841968657781,28000.0,1,Nc1ccccc1NC(=O)c1ccc(C(=O)Nc2cccc(Nc3ncc(-c4cccnc4)s3)c2)s1,IC50
CHEMBL4742906,5.549750891680639,2820.0,1,Cc1cc(-c2cnc3cc(-c4ccc(C5CNCCN5)cc4)ccn23)c2ccccc2n1,IC50
CHEMBL4746488,7.531652669587842,29.4,1,COc1cccc2cc(N(C)c3nc(C)nc4ccccc34)ccc12,IC50
CHEMBL474863,4.886056647693163,13000.0,1,Nc1ccccc1NC(=O)c1ccc(C(=O)Nc2cccc(Nc3ncc(-c4cccnc4)s3)c2)cn1,IC50
CHEMBL4748740,5.448550002027125,3560.0,1,COc1cc(OCc2ccnc(Nc3cnn(C)c3)n2)cc2sc(N[C@H]3CCCC[C@@H]3O)nc12,IC50
CHEMBL475051,4.3979400086720375,40000.0,1,O=C(NO)c1ccc(C(=O)Nc2cccc(Nc3ncc(-c4cccnc4)s3)c2)cc1,IC50
CHEMBL4751287,5.385735712641295,4114.0,1,Nc1nccc(COc2cc(Cl)c3nc(N[C@@H]4CCCC[C@H]4O)sc3c2)c1Cl,IC50
CHEMBL475251,7.299988937677887,50.12,1,COc1cc(Nc2ncc(F)c(Nc3ccc4c(n3)NC(=O)C(C)(C)O4)n2)cc(OC)c1OC,Ki
CHEMBL475796,5.568636235841013,2700.0,1,Cc1ccc(NCc2ccc(C(=O)Nc3ccccc3N)cc2)cc1Nc1nccc(-c2cccnc2)n1,IC50
CHEMBL475817,7.508638306165727,31.0,1,Nc1ncc(NC(=O)c2cc(NC(=O)c3cccc(C(F)(F)F)c3)ccc2Cl)cc1Cl,IC50
CHEMBL475820,5.585026652029182,2600.0,1,Cc1ccc(NC(=O)c2ccc(C(=O)Nc3ccccc3N)cc2)cc1Nc1ncc(-c2cccnc2)cn1,IC50
CHEMBL4759047,6.350665141287858,446.0,1,Nc1nccc(COc2ccc3nc(N[C@@H]4CCCC[C@H]4O)sc3c2)c1Cl,IC50
CHEMBL4763875,5.873219422987991,1339.0,1,Nc1nccc(COc2cc(F)c3nc(N[C@@H]4CCCC[C@H]4O)sc3c2)c1Cl,IC50
CHEMBL477772,7.078321310781022,83.5,4,Cc1ccc(Nc2nccc(N(C)c3ccc4c(C)n(C)nc4c3)n2)cc1S(N)(=O)=O,IC50
CHEMBL4778971,5.160962126611694,6903.0,1,Cc1cc(-c2cnc3cc(-c4ccc(C5CNCCN5)cc4)ccn23)c2cc(F)cc(F)c2n1,IC50
CHEMBL4779878,4.465288706609673,34254.0,1,COc1cc(OCc2ccnc(N)n2)c(Cl)c2sc(N[C@H]3CCCC[C@@H]3O)nc12,IC50
CHEMBL4788832,4.3872161432802645,41000.0,1,COc1cc(OCc2ccnc(N)n2)cc2sc(N[C@@H]3CCCC[C@H]3O)nc12,IC50
CHEMBL4788859,5.127843727251707,7450.0,1,Cc1cc(-c2cnc3cc(-c4ccc(N5CCNCC5)cc4)ccn23)c2cc(F)ccc2n1,IC50
CHEMBL4793380,6.163675884293248,686.0,1,CC(C)(C)c1cc(NC(=O)Nc2ccc(Nc3ncnc4c3OCCCN4)cc2)no1,IC50
CHEMBL4794404,7.019088062223156,95.7,1,Cc1nc(NC(=O)CN2CCN(C)CC2)sc1-c1ccc2c(/C=C/c3ccccn3)n[nH]c2c1,IC50
CHEMBL4794496,5.866780543267506,1359.0,1,COc1cc2ncnc(Oc3ccc(Nc4nccc5[nH]cc(-c6ccc(F)cc6)c(=O)c45)cc3F)c2cc1OC,IC50
CHEMBL4798601,6.6020599913279625,250.0,1,Nc1nccc(COc2ccc3nc(N[C@@H]4CCCC[C@H]4O)sc3c2Cl)c1Cl,IC50
CHEMBL4799113,6.247951552180561,565.0,1,COCC/C(=N\S(=O)(=O)Cc1ccc(Cl)cc1)Nc1ccc(Oc2ccnc3cc(OCCCN4CCOCC4)c(OC)cc23)c(F)c1,IC50
CHEMBL480356,7.3979400086720375,40.0,1,Cc1[nH]c(/C=C2\C(=O)Nc3ccc(C(=O)NNc4ccccc4)cc32)c(C)c1CCC(=O)O,IC50
CHEMBL482715,4.045757490560675,90000.0,2,Nc1nc(Nc2ccc(F)c(C(F)(F)F)c2)c2cc(CCc3ccccc3)[nH]c2n1,IC50
CHEMBL482767,6.599997654072044,251.19,1,O=C(Nc1cccc(Cl)c1)Nc1ncc(CCNc2ncnc3ccsc23)s1,Ki
CHEMBL484108,4.958607314841775,11000.0,1,Nc1nc(Nc2cccc(Br)c2)c2cc(CCc3cccc4ccccc34)[nH]c2n1,IC50
CHEMBL484109,4.863279432843593,13700.0,1,Nc1nc(Nc2cccc(Br)c2)c2cc(CCc3ccc4ccccc4c3)[nH]c2n1,IC50
CHEMBL4847875,7.501689446210399,31.5,1,CN(C)c1ccc2c(Oc3ccc(NC(=O)NCc4ccc(C(F)(F)F)nc4)cc3)ncnc2c1,IC50
CHEMBL485320,4.928117992693875,11800.0,2,Nc1nc(Nc2cccc(Br)c2)c2cc(CCc3ccccc3)[nH]c2n1,IC50
CHEMBL4858720,6.376750709602099,420.0,1,Nc1ncnc2c1c(-c1cccc(O)c1)cn2[C@H]1C[C@@H](CO)C1,IC50
CHEMBL4868909,7.698970004336019,20.0,1,COc1cccc(-c2cc(-c3c(O)c4ccccc4oc3=O)nc(N)c2C#N)c1,IC50
CHEMBL4869059,7.3788237182249645,41.8,1,Cc1c(NC(=O)CCN2CCCC2)c[nH]c1/C=C1\C(=O)Nc2ccc(F)cc21,IC50
CHEMBL4870179,6.391473966422806,406.0,1,COc1cc(OC)c(F)c(N2Cc3cnc4[nH]ccc4c3N(C)C2=O)c1F,IC50
CHEMBL4871581,8.244125144327509,5.7,1,COc1cc(OC)c(F)c(N2Cc3cnc4[nH]c(-c5cnn(C)c5)cc4c3N(C)C2=O)c1F,IC50
CHEMBL48760,4.616184634019569,24200.0,1,CC(C)c1ccc(/C=C2/C(=O)Nc3ccccc32)cc1,IC50
CHEMBL488271,5.173925197299174,6700.0,1,CNC(=N)SCCCn1c(=O)c2c(c1=O)n1c3ccccc3cc1c1cccc3ccn2c31,IC50
CHEMBL488646,4.42021640338319,38000.0,1,COc1cc(C2=C(c3cn(COC(C)(C)C)c4ccccc34)CNC2=O)cc(OC)c1OC,IC50
CHEMBL489083,5.376750709602099,4200.0,1,N=C(N)SCCCn1c(=O)c2c(c1=O)n1c3ccccc3cc1c1cccc3ccn2c31,IC50
CHEMBL49120,9.100015437450608,0.7943,1,CCN(CC)CCOc1ccc(Nc2ncc3cc(-c4c(Cl)cccc4Cl)c(=O)n(C)c3n2)cc1,Ki
CHEMBL491473,8.050500364555106,10.425,2,COc1cc2c(Oc3ccc4[nH]c(C)cc4c3F)ncnc2cc1OCCCN1CCCC1,IC50
CHEMBL492399,8.2518119729938,5.6,1,COc1ccc(N(C)c2nc(C)nc3ccccc23)cc1,IC50
CHEMBL492809,6.823908740944319,150.0,1,CONC(=O)c1cn(-c2ccc3c(c2)CCC3)c2nc(Nc3ccc(C4CCN(C)CC4)cc3)ncc2c1=O,IC50
CHEMBL492956,4.886056647693163,13000.0,1,O=C(/C=C/c1ccc(C(=O)Nc2cccc(Nc3ncc(-c4cccnc4)s3)c2)cc1)NO,IC50
CHEMBL493315,5.207608310501746,6200.0,1,Cc1ccc(NC(=O)c2ccc(/C=C/C(=O)NO)s2)cc1Nc1ncc(-c2cccnc2)s1,IC50
CHEMBL495529,8.154901959985743,7.0,1,CN1CCN(c2ccc3[nH]c(-c4c(N)c5cc(N(C)C)ccc5[nH]c4=O)nc3c2)CC1,IC50
CHEMBL495530,7.4089353929735005,39.0,1,CN1CCN(c2ccc3[nH]c(-c4c(N)c5cc(NC(=O)c6ccccc6)ccc5[nH]c4=O)nc3c2)CC1,IC50
CHEMBL495735,9.221848749616356,0.6,1,CN1CCN(c2ccc3[nH]c(-c4c(N)c5cc(NCc6ccccc6)ccc5[nH]c4=O)nc3c2)CC1,IC50
CHEMBL495749,10.0,0.1,1,CN1CCCC(Oc2cccc3[nH]c(=O)c(-c4nc5ccccc5[nH]4)c(N)c23)C1,IC50
CHEMBL495762,9.522878745280337,0.3,1,CN1CCN(c2ccc3[nH]c(-c4c(N)c5c(Cl)cccc5[nH]c4=O)nc3c2)CC1,IC50
CHEMBL495763,9.154901959985743,0.7,1,Cc1cccc2[nH]c(=O)c(-c3nc4cc(N5CCN(C)CC5)ccc4[nH]3)c(N)c12,IC50
CHEMBL495961,8.698970004336019,2.0,1,CN1CCN(Cc2ccc3[nH]c(-c4c(N)c5ccccc5[nH]c4=O)nc3c2)CC1,IC50
CHEMBL495962,9.0,1.0,1,CN(C)CC(=O)N(C)c1ccc2[nH]c(-c3c(N)c4ccccc4[nH]c3=O)nc2c1,IC50
CHEMBL495983,7.154901959985743,70.0,1,CN(C)c1c(-c2nc3ccccc3[nH]2)c(=O)[nH]c2ccccc12,IC50
CHEMBL495984,9.698970004336019,0.2,1,CCC1CCN(C)C(Nc2c(-c3nc4ccccc4[nH]3)c(=O)[nH]c3ccccc23)C1,IC50
CHEMBL496150,8.397940008672037,4.0,1,CN(C)[C@H]1CCN(c2ccc3[nH]c(-c4c(N)c5ccccc5[nH]c4=O)nc3c2)C1,IC50
CHEMBL496172,5.958607314841775,1100.0,1,Cn1c(-c2c(O)c3ccccc3[nH]c2=O)nc2ccccc21,IC50
CHEMBL496762,8.698970004336019,2.0,1,CNc1cccc2[nH]c(=O)c(-c3nc4cc(N5CCN(C)CC5)ccc4[nH]3)c(N)c12,IC50
CHEMBL496763,9.0,1.0,1,CN1CCN(c2ccc3[nH]c(-c4c(N)c5cc(F)ccc5[nH]c4=O)nc3c2)CC1,IC50
CHEMBL496764,8.154901959985743,7.0,1,CN1CCN(c2ccc3[nH]c(-c4c(N)c5cc(N)ccc5[nH]c4=O)nc3c2)CC1,IC50
CHEMBL498013,9.397940008672037,0.4,1,CN1CCN(c2ccc3[nH]c(-c4c(N)c5ccc(F)cc5[nH]c4=O)nc3c2)CC1,IC50
CHEMBL498205,7.522878745280337,30.0,1,Cc1ccc2[nH]c(-c3c(N)c4ccccc4[nH]c3=O)nc2c1,IC50
CHEMBL498206,7.920818753952375,12.0,1,Cc1cc2nc(-c3c(N)c4ccccc4[nH]c3=O)[nH]c2cc1C,IC50
CHEMBL498214,9.045757490560675,0.9,1,CN1CCN(C(=O)c2ccc3[nH]c(-c4c(N)c5ccccc5[nH]c4=O)nc3c2)CC1,IC50
CHEMBL498347,8.301029995663981,5.0,1,CN1CCN(c2ccc3[nH]c(-c4c(N)c5c(F)cc(F)cc5[nH]c4=O)nc3c2)CC1,IC50
CHEMBL498348,7.522878745280337,30.0,1,CN1CCN(c2ccc3[nH]c(-c4c(N)c5cc(F)c(N(C)C)cc5[nH]c4=O)nc3c2)CC1,IC50
CHEMBL498551,9.522878745280337,0.3,1,CN1CCN(c2cccc3[nH]c(=O)c(-c4nc5ccccc5[nH]4)c(N)c23)CC1,IC50
CHEMBL499067,4.111259039317107,77400.0,2,Nc1nc(Nc2ccc3[nH]ccc3c2)c2cc(CCc3ccccc3)[nH]c2n1,IC50
CHEMBL502835,8.258563208195623,5.9,12,COC(=O)c1ccc2c(c1)NC(=O)/C2=C(\Nc1ccc(N(C)C(=O)CN2CCN(C)CC2)cc1)c1ccccc1,IC50
CHEMBL505637,5.481486060122113,3300.0,1,O=C(NCCc1ccc(O)c(Br)c1)/C(Cc1cc(Br)c(O)c(-c2cc(C/C(=N/O)C(=O)NCCc3ccc(O)c(Br)c3)cc(Br)c2O)c1)=N\O,IC50
CHEMBL505830,5.275724130399211,5300.0,1,CONC(=O)c1cn(-c2ccc3c(c2)CCC3)c2nc(Nc3ccc(CCN4CCN(C)CC4)cc3)ncc2c1=O,IC50
CHEMBL509032,5.996070530126238,1768.115,2,COc1cc(N2CCC(N3CCN(C)CC3)CC2)ccc1Nc1ncc(Cl)c(Nc2ccccc2S(=O)(=O)C(C)C)n1,IC50
CHEMBL509435,4.346787486224656,45000.0,1,COc1cc(C2=C(c3cn(C)c4ccccc34)C(=O)NC2)cc(OC)c1OC,IC50
CHEMBL5095202,5.638272163982407,2300.0,1,Cc1nc(-c2cnc(NC(C)C)n(C)c2=O)ccc1Oc1ccnc(-c2cnn(C)c2)c1,IC50
CHEMBL514014,4.8326826652518236,14700.0,1,COc1cc(Cc2cc3c(Nc4cccc(Br)c4)nc(N)nc3[nH]2)cc(OC)c1OC,IC50
CHEMBL514351,5.337242168318426,4600.0,1,Cc1ccc(NCc2ccc(/C=C/C(=O)NO)cc2)cc1Nc1nccc(-c2cccnc2)n1,IC50
CHEMBL514499,6.795880017344075,160.0,3,COc1cc2ncn(-c3cc(OCc4ccccc4C(F)(F)F)c(C(N)=O)s3)c2cc1OC,IC50
CHEMBL514511,5.136677139879544,7300.0,1,CN(C(=O)c1ccc(C(=O)Nc2ccccc2N)cc1)c1cccc(Nc2nccc(-c3cccnc3)n2)c1,IC50
CHEMBL515109,4.958607314841775,11000.0,1,Cc1ccc(NC(=O)c2ccc(C(=O)Nc3ccccc3N)s2)cc1Nc1ncc(-c2cccnc2)s1,IC50
CHEMBL515258,5.107905397309519,7800.0,1,Cc1ccc(NC(=O)c2ccc(C(=O)Nc3ccccc3N)nc2)cc1Nc1ncc(-c2cccnc2)cn1,IC50
CHEMBL515432,5.060480747381382,8700.0,1,Cc1ccc(NC(=O)c2ccc(C(=O)Nc3ccccc3N)cc2)cc1Nc1ncc(-c2cccnc2)s1,IC50
CHEMBL516047,6.635449004646028,231.5,1,CSc1ccc(N(C)c2nc(C)nc3ccccc23)cc1,IC50
CHEMBL5170039,5.698970004336019,2000.0,1,Cc1nc(NC(=O)NC(=O)C2(C)CC2)ccc1Oc1ccnc(-c2cnn(C)c2)c1,IC50
CHEMBL5170451,6.048662481204082,894.0,1,COC(C)(C)C(=O)NC(=O)Nc1ccc(Oc2ccnc(-c3cc(C)no3)c2)c(C)n1,IC50
CHEMBL5170609,5.958607314841775,1100.0,1,COC(C)(C)C(=O)NC(=O)Nc1ccc(Oc2ccnc(-c3cnn(C)c3)c2)c(C)n1,IC50
CHEMBL5171272,5.229147988357856,5900.0,1,CNC(=O)c1cc(Nc2ccccc2)cc(-c2ccnc(NC(=O)C3CCOCC3)c2)c1,IC50
CHEMBL5173185,8.337242168318426,4.6,1,COc1cc(Nc2ncc(C)c(Nc3ccc4cn[nH]c4c3)n2)ccc1N1CCN(C)CC1,IC50
CHEMBL5173625,7.79317412396815,16.1,1,CCN(CC)CCN1Cc2[nH]c(/C=C3\C(=O)Nc4ccc(Br)cc43)c(C)c2C1=O,IC50
CHEMBL5174279,5.759201228882668,1741.0,1,CNC(=O)c1cc(F)c(F)c(-c2cnc3cc(-c4cnn(C)c4)c(O[C@H]4CCOC4)nn23)c1,IC50
CHEMBL5174705,7.0,100.0,1,Cc1cc(-c2cnc(N3CCCC3)[nH]c2=O)ncc1Oc1ccnc(-c2cnn(C)c2)c1,IC50
CHEMBL5174778,7.275724130399211,53.0,1,Cc1nc(NC(=O)NC(=O)C2CCCC2)ccc1Oc1ccnc(-c2cnn(C)c2)c1,IC50
CHEMBL5175832,5.494850021680094,3200.0,1,COC(C)(C)C(=O)NC(=O)Nc1ccc(Oc2ccnc(-c3ccnc(C)c3)c2)c(C)n1,IC50
CHEMBL5176270,7.568636235841013,27.0,1,Cc1nc(NC(=O)NC(=O)CC2CCCCC2)ccc1Oc1ccnc(-c2cnn(C)c2)c1,IC50
CHEMBL5176371,8.161150909262744,6.9,1,Cc1cnc(Nc2ccc(N3CCOCC3)cc2)nc1Nc1ccc2cn[nH]c2c1,IC50
CHEMBL5176427,7.533132379645891,29.3,1,CCN(CC)CCN1Cc2[nH]c(/C=C3\C(=O)Nc4ccc(I)cc43)c(C)c2C1=O,IC50
CHEMBL5176985,6.853871964321762,140.0,1,Cn1cc(-c2cc(Oc3ccc(NC(=O)NC(=O)Cc4ccc(F)cc4)nc3)ccn2)cn1,IC50
CHEMBL5177284,6.064492734175287,862.0,1,Cc1ccc(-c2cn([C@H]3CC[C@@H](N)CC3)c3ncnc(N)c23)c(F)c1,IC50
CHEMBL5177368,7.568636235841013,27.0,1,Cc1nc(NC(=O)NC(=O)C2CCCCC2)ccc1Oc1ccnc(-c2cnn(C)c2)c1,IC50
CHEMBL5177453,6.95703092660682,110.4,1,Cc1cnc(Nc2ccc(N3CCNCC3)cc2)nc1Nc1ccc2cn[nH]c2c1,IC50
CHEMBL5179072,5.795880017344075,1600.0,1,Cc1nc(NC(=O)NC(=O)CC2CCOCC2)ccc1Oc1ccnc(-c2cnn(C)c2)c1,IC50
CHEMBL5181597,6.5718652059712115,268.0,1,Cc1nc(NC(=O)NC(=O)C2CCC2)ccc1Oc1ccnc(-c2cnn(C)c2)c1,IC50
CHEMBL5182087,7.777283528852417,16.7,1,Cc1cnc(Nc2ccc(N3CCC(N4CCN(C)CC4)CC3)cc2)nc1Nc1ccc2cn[nH]c2c1,IC50
CHEMBL5183210,6.0,1000.0,1,Cc1nc(-c2cnc(NC3CC3)n(C)c2=O)ccc1Oc1ccnc(-c2cnn(C)c2)c1,IC50
CHEMBL5183593,7.355561410532162,44.1,1,COc1cc(N2CCN(C)CC2)ccc1Nc1ncc(C)c(Nc2ccc3cn[nH]c3c2)n1,IC50
CHEMBL5184634,9.045757490560675,0.9,1,CCN1CCN(c2ccc(Nc3ncc(C)c(Nc4ccc5cn[nH]c5c4)n3)cc2OC)CC1,IC50
CHEMBL5184953,6.096910013008056,800.0,1,CNC(=O)c1cc(-c2cnc3cc(-c4cnn(C)c4)c(O[C@H]4CCOC4)nn23)c(F)c(C(F)F)c1,IC50
CHEMBL5186979,6.5718652059712115,268.0,1,Cc1cc(NC(=O)NC(=O)Cc2ccc(F)cc2)ncc1Oc1ccnc(-c2cnn(C)c2)c1,IC50
CHEMBL5187371,6.899629454882437,126.0,1,CNC(=O)c1cc(C)cc(-c2cnc3cc(-c4cnn(C(C)C)c4)c(O[C@H]4CCOC4)nn23)c1,IC50
CHEMBL5187885,7.388276691992658,40.9,1,Cc1cnc(Nc2ccc(N3CCS(=O)(=O)CC3)cc2)nc1Nc1ccc2cn[nH]c2c1,IC50
CHEMBL5188373,8.886056647693163,1.3,1,COCC1CN(C2CCN(c3cc(OC)c(Nc4ncc(Br)c(Nc5ccc6c(c5P(C)(C)=O)OCCO6)n4)cc3C)CC2)C1,IC50
CHEMBL5188763,7.321481620959886,47.7,1,Cc1cnc(Nc2ccc(C(=O)N3CCN(C)CC3)cc2)nc1Nc1ccc2cn[nH]c2c1,IC50
CHEMBL5190005,7.394694953858891,40.3,1,CCN1CCN(c2ccc(Nc3ncc(C)c(Nc4ccc5cn[nH]c5c4)n3)c(OC)c2)CC1,IC50
CHEMBL5190076,7.2549252084179425,55.6,1,COc1cc(N2CCC(N3CCN(C)CC3)CC2)ccc1Nc1ncc(C)c(Nc2ccc3cn[nH]c3c2)n1,IC50
CHEMBL5190097,7.6020599913279625,25.0,1,Cn1cc(-c2cc(Oc3ccc(NC(=O)NC(=O)Cc4ccc(F)cc4)cc3F)ccn2)cn1,IC50
CHEMBL5191668,5.187086643357144,6500.0,1,CC(=O)Nc1cc(Nc2ccccc2)cc(-c2ccnc(NC(=O)C3CCOCC3)c2)c1,IC50
CHEMBL5192630,6.252588192113577,559.0,1,Cc1nc(-c2cnc(NC3CCCC3)[nH]c2=O)ccc1Oc1ccnc(-c2cnn(C)c2)c1,IC50
CHEMBL5194946,7.0915149811213505,81.0,1,Nc1nc(Nc2ccc(COc3cccc(F)c3)cc2)c2c(n1)[nH]c1ccc(O)cc12,Ki
CHEMBL5195204,5.7447274948966935,1800.0,1,Cc1nc(NC(=O)NC(=O)C(C)(C)C)ccc1Oc1ccnc(-c2cnn(C)c2)c1,IC50
CHEMBL5197168,5.958607314841775,1100.0,1,Cc1nc(NC(=O)NC(=O)C2(C)CCOCC2)ccc1Oc1ccnc(-c2cnn(C)c2)c1,IC50
CHEMBL5197530,5.920818753952375,1200.0,1,Cc1nc(NC(=O)NC(=O)Cc2ccc(F)cc2)ccc1Oc1ccnc(-c2cnn(C)c2)c1,IC50
CHEMBL5198364,6.184355850868035,654.1,1,CN1CCC(Nc2ccc(C(=O)Nc3cc(-c4ccc5ncn(Cc6ccccc6)c5c4)[nH]n3)cc2)CC1,IC50
CHEMBL5199374,6.464705879957229,343.0,1,COc1cc(CCc2cc(-c3nc4ccc(N5CCN(C)CC5)cc4[nH]3)n[nH]2)cc(OC)c1,IC50
CHEMBL5200643,7.180456064458132,66.0,1,CNC(=O)c1cccc(-c2cnc3cc(-c4cnn(C)c4)c(O[C@H]4CCOC4)nn23)c1,IC50
CHEMBL5201102,7.552841968657781,28.0,1,COC(=O)c1ccc2c(C(Nc3ccc(N(C)C(=O)CN4CCN(C)CC4)cc3)c3ccccc3)c(O)[nH]c2c1,IC50
CHEMBL5201128,7.4089353929735005,39.0,1,COc1cc2nccc(Oc3ccc(NC(=O)C4(C(=O)NC5CC5)CC4)c(Cl)c3)c2cc1C(N)=O,IC50
CHEMBL5201556,7.42021640338319,38.0,1,CNC(=O)c1cccc(-c2cnc3cc(-c4cnn(C)c4)c(OC)nn23)c1,IC50
CHEMBL5202408,6.458420756053419,348.0,1,CNC(=O)c1ccc(F)c(-c2cnc3cc(-c4cnn(C)c4)c(OC)nn23)c1,IC50
CHEMBL5202492,4.174638804047366,66890.0,1,O=c1[nH]c2ccccc2nc1/C=C/c1ccccc1Br,IC50
CHEMBL5202851,5.552841968657781,2800.0,1,COC(C)(C)C(=O)NC(=O)Nc1ccc(Oc2ccnc(-c3ccc(C)nc3)c2)c(C)n1,IC50
CHEMBL5206146,6.430626090384954,371.0,1,COc1ccc2c(c1)/C(=N\Nc1nnc3n1N=C(c1ccccc1)CS3)C(=O)N2,IC50
CHEMBL5206569,6.2839966563652006,520.0,1,CN(CC1OCCO1)C(=O)c1cc(Nc2ccccc2)cc(-c2ccnc(NC(=O)C3CC3)c2)c1,IC50
CHEMBL5206707,7.798602875679548,15.9,1,Cc1cnc(Nc2ccc(C(=O)NCCN3CCOCC3)cc2)nc1Nc1ccc2cn[nH]c2c1,IC50
CHEMBL5206811,7.041436116778033,90.9,1,Cc1cnc(Nc2ccc(N3CCC(F)(F)CC3)cc2)nc1Nc1ccc2cn[nH]c2c1,IC50
CHEMBL5206837,5.858236769724212,1386.0,1,CNC(=O)c1cc(C)c(F)c(-c2cnc3cc(-c4cnn(C)c4)c(O[C@H]4CCOC4)nn23)c1,IC50
CHEMBL5206900,6.03810452633215,916.0,1,CC(=O)Nc1cc(Oc2ccc(-c3cnc(NC(C)C)[nH]c3=O)nc2C)ccn1,IC50
CHEMBL520803,3.9982662871909995,100400.0,2,C#Cc1cccc(Nc2nc(N)nc3[nH]c(CCc4ccccc4)cc23)c1,IC50
CHEMBL5208443,6.431798275933005,370.0,1,CNC(=O)c1cncc(-c2cnc3cc(-c4cnn(C)c4)c(OC4CCOC4)nn23)c1,IC50
CHEMBL5208704,8.119186407719209,7.6,1,CCN1CCN(c2ccc(Nc3ncc(C)c(Nc4ccc5cn[nH]c5c4)n3)cc2)CC1,IC50
CHEMBL521552,7.522878745280337,30.0,1,CNc1c(-c2nc3ccccc3[nH]2)c(=O)[nH]c2ccccc12,IC50
CHEMBL521652,5.6777807052660805,2100.0,1,Cc1ccc(NC(=O)c2ccc(C(=O)NO)cc2)cc1Nc1ncc(-c2cccnc2)s1,IC50
CHEMBL522732,8.522878745280337,3.0,1,CN1CCN(c2ccc3[nH]c(-c4c(N)c5cc(F)c(F)cc5[nH]c4=O)nc3c2)CC1,IC50
CHEMBL522785,5.958607314841775,1100.0,1,COc1cc2nc(Nc3cc(C)[nH]n3)nc(Nc3cccc(-c4nc5ccccc5s4)c3)c2cc1OC,IC50
CHEMBL522892,8.250500318209923,5.654999999999999,4,CN1CCN(c2ccc3nc(-c4c(N)c5c(F)cccc5[nH]c4=O)[nH]c3c2)CC1,IC50
CHEMBL523071,8.301029995663981,5.0,1,CN1CCCN(c2ccc3[nH]c(-c4c(N)c5ccccc5[nH]c4=O)nc3c2)CC1,IC50
CHEMBL523374,6.080921907623926,830.0,1,CNc1noc2c(-c3ccc4c(N5CCOC[C@@H]5C)nncc4c3)c(C)ccc12,IC50
CHEMBL523571,4.721246399047171,19000.0,1,Cn1c(=O)c(-c2nc3ccccc3[nH]2)c(O)c2ccccc21,IC50
CHEMBL523684,4.958607314841775,11000.0,1,O=C(/C=C/c1ccc(C(=O)Nc2cccc(Nc3ncc(-c4cccnc4)s3)c2)s1)NO,IC50
CHEMBL523745,8.096910013008056,8.0,1,CN1CCN(c2ccc3[nH]c(-c4c(N)c5cc(Cl)ccc5[nH]c4=O)nc3c2)CC1,IC50
CHEMBL52513,5.481486060122113,3300.0,1,CNS(=O)(=O)c1ccc2c(c1)/C(=C/c1[nH]c3c(c1CCCN(C)C)CCCC3)C(=O)N2,IC50
CHEMBL526285,9.045757490560675,0.9,1,O=c1[nH]c2ccccc2c(NCC2CCNCC2)c1-c1nc2ccccc2[nH]1,IC50
CHEMBL526507,10.0,0.1,1,CN1CCN(c2ccc3[nH]c(-c4c(N)c5cc(C(=O)NCc6ccccc6)ccc5[nH]c4=O)nc3c2)CC1,IC50
CHEMBL526658,8.301029995663981,5.0,1,Nc1c(-c2nc3cc(OCCN4CCOCC4)ccc3[nH]2)c(=O)[nH]c2ccccc12,IC50
CHEMBL526836,7.853871964321762,14.0,1,CN1CCN(c2ccc3[nH]c(-c4c(N)c5cccc(F)c5[nH]c4=O)nc3c2)CC1,IC50
CHEMBL5277241,6.5718652059712115,268.0,1,COc1cccc(F)c1-c1nccc(C(=O)Nc2ccc3sc(C)nc3c2N2CC[C@@H](N)C2)n1,IC50
CHEMBL5281003,6.8326826652518236,147.0,1,COc1cccc(F)c1-c1nccc(C(=O)Nc2ccc3c(ncn3C)c2N2CC[C@@H](N)C2)n1,IC50
CHEMBL5289631,6.683819901106547,207.1,1,CC(=O)Nc1cc(Oc2ccc(NC(=O)Cc3ccccc3C(F)(F)F)cc2)ncn1,IC50
CHEMBL529663,4.958607314841775,11000.0,1,COc1cc(C2=C(c3c[nH]c4ccccc34)CNC2=O)cc(OC)c1OC,IC50
CHEMBL5314917,8.585026652029182,2.6,1,Cn1cc(-c2ccc(CNc3cc(-c4cnc5cc(OCCCN6CCCC6)ccn45)ncn3)cc2)cn1,IC50
CHEMBL533849,5.958607314841775,1100.0,1,COc1cc2c(Nc3ccc(Br)cc3F)ncnc2cc1OCC1CCN(C)CC1.Cl,IC50
CHEMBL535,7.080398976215889,83.1,21,CCN(CC)CCNC(=O)c1c(C)[nH]c(/C=C2\C(=O)Nc3ccc(F)cc32)c1C,IC50
CHEMBL5394677,6.705974905904677,196.8,1,Cn1ccc2c(Oc3ccc(NC(=O)Cc4ccc(C(F)(F)F)c(F)c4)cc3)ncnc21,IC50
CHEMBL5402951,6.361510743045363,435.0,1,COc1ccc(C2=Nn3c(N/N=C4\C(=O)Nc5ccc(F)cc54)nnc3SC2)cc1,IC50
CHEMBL5405436,8.42021640338319,3.8,1,CCN(CC)CCNC(=O)c1c(C)[nH]c(/C=C2\CNc3ccc(F)cc32)c1C,IC50
CHEMBL5407194,7.787812395596042,16.3,1,CC(C)(c1cc(NC(=O)Nc2ccc(-c3cc(-c4ccc(OCCN5CCOCC5)cc4)[nH]n3)cc2)no1)C(F)(F)F,IC50
CHEMBL5407834,7.61261017366127,24.4,1,CC(C)(C)c1cc(NC(=O)Nc2ccc(-c3cc(-c4ccc(OCCN5CCOCC5)cc4)[nH]n3)cc2)no1,IC50
CHEMBL5409449,6.96018944585165,109.6,1,CCN1CCN(CCCOc2cc3nccc(Oc4c(F)cc(NC(=O)NN5C(=O)CSC5c5ccc(F)cc5F)cc4F)c3cc2OC)CC1,IC50
CHEMBL5409736,6.0,1000.0,1,Cc1nc2c(c(C)c1O)/C(=C/c1ccc3ccccc3n1)C(=O)N2,IC50
CHEMBL5415503,7.228853651185015,59.04,1,CCOc1cc(N2CCN(C)CC2)ccc1Nc1ncc2cc(-c3cccc(NC(=O)c4cccc(C(F)(F)F)c4)c3)c(=O)n(C[C@H]3CCCO3)c2n1,IC50
CHEMBL5416410,8.226408119274959,14.6295,2,Cc1nc(Nc2ncc(C(=O)Nc3c(C)cccc3Cl)s2)cc(N2CCN(CCO)CC2)n1.O,IC50
CHEMBL5419652,4.431798275933005,37000.0,1,N#Cc1ccc(Nc2nccc(C(=O)Nc3cnccc3-c3ccc(F)cc3)n2)cc1,IC50
CHEMBL54283,4.958607314841775,11000.0,1,CCS(=O)(=O)c1ccc2c(c1)/C(=C/c1[nH]c3c(c1CCCN1CCN(C)CC1)CCCC3)C(=O)N2,IC50
CHEMBL546797,5.800000874803203,1584.89,1,ON=C(c1nc2ccccc2[nH]1)c1nc2ccccc2[nH]1,Ki
CHEMBL553,4.913640169325252,12200.0,8,C#Cc1cccc(Nc2ncnc3cc(OCCOC)c(OCCOC)cc23)c1,IC50
CHEMBL554,5.070581074285707,8500.0,1,CS(=O)(=O)CCNCc1ccc(-c2ccc3ncnc(Nc4ccc(OCc5cccc(F)c5)c(Cl)c4)c3c2)o1,IC50
CHEMBL55496,5.327902142064283,4700.0,1,CNS(=O)(=O)c1ccc2c(c1)/C(=C/c1[nH]c3c(c1CCCN1CCC(O)CC1)CCCC3)C(=O)N2,IC50
CHEMBL5562914,5.73754891026957,1830.0,1,CCCOc1ccc(/C=N/Nc2ccnc3ccc(Br)cc23)cc1,IC50
CHEMBL5569048,5.94692155651658,1130.0,1,CN1c2ccc(F)cc2SC1C(=O)Nc1cccc2c1N(Cc1ccc(OC3CCNCC3)cc1)CCC2,IC50
CHEMBL5570964,5.730487055782084,1860.0,1,CCOc1ccc(/C=N/Nc2ccnc3ccc(Br)cc23)cc1,IC50
CHEMBL5572426,5.657577319177793,2200.0,1,CCCCOc1ccc(/C=N/Nc2ccnc3ccc(Br)cc23)cc1,IC50
CHEMBL558752,8.221848749616356,6.0,1,Cn1c(Nc2ccc(C(F)(F)F)cc2)nc2cc(Oc3ccnc(-c4ncc(C(F)(F)F)[nH]4)c3)ccc21,IC50
CHEMBL5591364,7.508638306165727,31.0,1,COc1cc2nccc(Oc3ccc(NC(=S)NC4CC4)c(Cl)c3F)c2cc1C(N)=O,IC50
CHEMBL5591708,5.7544873321858505,1760.0,1,CCCCOc1ccc(/C=N/Nc2ccnc3ccc(Cl)cc23)cc1,IC50
CHEMBL5592453,7.301029995663981,62.5,2,COC(=O)c1ccc2c(c1)NC(=O)/C2=C(\Nc1ccc2c(c1)CCN2C(=O)CN1CCOCC1)c1ccccc1,IC50
CHEMBL5592551,5.497572880015567,3180.0,1,O=C1Nc2ccccc2/C1=C/c1ccc(OCC(=O)c2ccc(Br)cc2)cc1,IC50
CHEMBL56109,5.251811972993799,5600.0,1,CNS(=O)(=O)c1ccc2c(c1)/C(=C/c1[nH]c3c(c1CCCN1CCN(CCO)CC1)CCCC3)C(=O)N2,IC50
CHEMBL5624839,5.544393887418133,2855.0,1,Cn1cc(-c2cc(Oc3ccc(NC(=O)N4CCC5(CCC5)C4=O)nc3)ccn2)cn1,IC50
CHEMBL5630728,6.106238237942057,783.0,1,Cn1cc(-c2cc(Oc3ccc(NC(=O)N4CCC5(CCC(F)(F)CC5)C4=O)nc3)ccn2)cn1,IC50
CHEMBL5632719,4.006563769502388,98500.0,1,O=C(Nc1ccc(-c2ccc3c(=O)[nH]cnc3c2)cc1)Nc1ccc(F)c(F)c1,IC50
CHEMBL565612,5.800000874803203,1584.89,1,CN1CCN(c2nc(C3=C(c4c[nH]c5ccccc45)C(=O)NC3=O)c3ccccc3n2)CC1,Ki
CHEMBL56569,5.180456064458132,6600.0,1,CNS(=O)(=O)c1ccc2c(c1)/C(=C/c1[nH]c3c(c1CCC(N)=O)CCCC3)C(=O)N2,IC50
CHEMBL57143,5.045757490560675,9000.0,1,CCS(=O)(=O)c1ccc2c(c1)/C(=C/c1[nH]c3c(c1CCCN1CCN(CCO)CC1)CCCC3)C(=O)N2,IC50
CHEMBL572878,6.399996913372259,398.11,1,Cc1cc(Nc2cc(N3CCN(C)CC3)nc(Sc3ccc(NC(=O)C4CC4)cc3)n2)n[nH]1,Ki
CHEMBL5740197,7.85078088734462,14.1,1,COC(=O)c1ccc2c(c1)NC(=O)/C2=C(\Nc1ccc(C(=O)NOCCN(C)CCO)cc1)c1ccccc1,Ki
CHEMBL5740416,7.801342913045577,15.8,1,COC(=O)c1cc2c(cc1C)/C(=C(/Nc1ccc(C(=O)N(OC)C3CCN(C)CC3)c(C)c1)c1ccccc1)C(=O)N2,Ki
CHEMBL5742274,8.468521082957745,3.4,1,Cc1ccc(O)cc1Nc1ccnc2c1C(=O)Nc1cc(CNC(C)C(C)C)ccc1N2,IC50
CHEMBL5742315,7.0726296369609765,84.6,2,COC(=O)c1cc2c(cc1C)/C(=C(/Nc1ccc(C(=O)NCCN3CCC(F)(F)CC3)cc1)c1ccccc1)C(=O)N2,Ki
CHEMBL5743213,8.555955204081924,2.78,1,CCNC(=O)c1ccc2c(c1)NC(=O)c1c(Nc3cc(O)c(C)cc3F)ccnc1N2,IC50
CHEMBL5743342,8.546681659952963,2.84,1,CNCc1ccc2c(c1)NC(=O)c1c(Nc3cc(O)ccc3C)ccnc1N2,IC50
CHEMBL5743465,8.882728704344236,1.31,1,Cc1cc(F)c(Nc2ccnc3c2C(=O)Nc2cc(CNCCO)ccc2N3)cc1O,IC50
CHEMBL5744483,8.826813731587725,1.49,1,Cc1cc(F)c(Nc2ccnc3c2C(=O)Nc2cc(CN4CCC(C)(C)CC4)ccc2N3)cc1O,IC50
CHEMBL5745191,8.30803489723264,4.92,1,COC(=O)c1cc2c(cc1C)/C(=C(/Nc1ccc(C(=O)NOCCN3CCN(C)CC3)c(F)c1)c1ccccc1)C(=O)N2,Ki
CHEMBL5745206,8.978810700930062,1.05,1,Cc1cc(F)c(Nc2ccnc3c2C(=O)Nc2cc(CN4CCC(O)C4)ccc2N3)cc1O,IC50
CHEMBL5745452,8.899629454882437,1.26,1,O=C1Nc2cc(CN3CCC(O)CC3)ccc2Nc2nccc(Nc3cc(O)c(Cl)cc3F)c21,IC50
CHEMBL5745480,7.85078088734462,14.1,1,Cc1ccc(O)cc1Nc1ccnc2c1C(=O)Nc1cc(C(=O)NCc3cccc(Cl)c3)ccc1N2,IC50
CHEMBL5745861,8.882728704344236,1.31,1,Cc1cc(F)c(Nc2ccnc3c2C(=O)Nc2cc(C(=O)NC4CCCC(O)C4)ccc2N3)cc1O,IC50
CHEMBL574738,8.100015437450608,7.943,1,CCN1CCN(Cc2ccc(NC(=O)Nc3ccc(Oc4cc(NC)ncn4)cc3)cc2C(F)(F)F)CC1,Ki
CHEMBL5750053,7.055517327849832,88.0,3,COC(=O)CCCCS(=O)(CCCCC(=O)OC)=NC(=O)c1cnc(N)c(-c2ccc(NC(=O)Nc3cc(C)ccc3F)cc2)c1,IC50
CHEMBL5750458,8.675717544702307,2.11,1,Cc1ccc(O)cc1Nc1ccnc2c1C(=O)Nc1cc(CNCC(C)(C)C)ccc1N2,IC50
CHEMBL5750665,6.876148359032914,133.0,1,COP(=O)(OC)c1cnc(N)c(-c2ccc(NC(=O)Nc3cc(C)ccc3F)cc2)c1,IC50
CHEMBL5751150,8.321481620959887,4.77,1,COC(=O)c1cc2c(cc1C)/C(=C(/Nc1ccc(C(=O)NOCCCN(C)C)cc1)c1ccccc1)C(=O)N2,Ki
CHEMBL5751825,7.769551078621726,17.0,3,CC1(C)OB(c2cnc(N)c(-c3cc4cc(NC(=O)Nc5cc(C(F)(F)F)ccc5F)ccc4s3)c2)OC1(C)C,IC50
CHEMBL5752345,8.102372908709558,7.9,1,CNC(=O)CN1CCN(CCONC(=O)c2ccc(N/C(=C3\C(=O)Nc4cc(C(=O)OC)c(C)cc43)c3ccccc3)cc2)CC1,Ki
CHEMBL5753399,7.655607726314889,22.1,1,COC(=O)c1cc2c(cc1C)/C(=C(/Nc1ccc(C(=O)N(OC)C3CCN(C)CC3)cc1)c1ccccc1)C(=O)N2,Ki
CHEMBL5755390,7.8297382846050425,14.8,1,Cc1cc(F)c(Nc2ccnc3c2C(=O)Nc2cc(C(=O)N4CCC(O)CC4)ccc2N3)cc1O,IC50
CHEMBL5755881,7.489454989793388,32.4,1,COC(=O)c1ccc2c(c1)NC(=O)/C2=C(\Nc1ccc(C(=O)NOCCN2CCC(C#N)CC2)cc1)c1ccccc1,Ki
CHEMBL5757674,7.941198654154958,11.45,2,COC(=O)c1ccc2c(c1)NC(=O)/C2=C(\Nc1ccc(C(=O)NOCCN(C)C)cc1)c1ccccc1,Ki
CHEMBL5758096,9.323306390375134,0.475,1,Cc1cc(F)c(Nc2ccnc3c2C(=O)Nc2cc(CNCCc4ccncc4)ccc2N3)cc1O,IC50
CHEMBL5758097,8.903089986991944,1.25,1,CCN(CC)Cc1ccc2c(c1)NC(=O)c1c(Nc3cc(O)c(Cl)cc3F)ccnc1N2,IC50
CHEMBL5758597,8.995678626217357,1.01,1,Cc1cc(F)c(Nc2ccnc3c2C(=O)Nc2cc(CNC(C)C)ccc2N3)cc1O,IC50
CHEMBL5759219,7.97469413473523,10.6,2,CNC(=O)CN1CCN(C(=O)c2ccc(N/C(=C3\C(=O)Nc4cc(C(=O)OC)c(C)cc43)c3ccccc3)cc2)CC1,Ki
CHEMBL5759280,8.928117992693874,1.18,1,Cc1ccc(O)cc1Nc1ccnc2c1C(=O)Nc1cc(CN[C@@H](CO)C(C)C)ccc1N2,IC50
CHEMBL5759319,8.705533773838408,1.97,1,CCCNCc1ccc2c(c1)NC(=O)c1c(Nc3cc(O)ccc3C)ccnc1N2,IC50
CHEMBL5759396,6.671620396561262,213.0,1,Cc1cc(F)c(Nc2ccnc3c2C(=O)Nc2cc(C(=O)O)ccc2N3)cc1O,IC50
CHEMBL5759508,8.7594507517174,1.74,1,Cc1cc(F)c(Nc2ccnc3c2C(=O)Nc2cc(CN(C)CCCO)ccc2N3)cc1O,IC50
CHEMBL5759623,7.073657553374344,84.4,1,N#Cc1ccc2c(c1)NC(=O)c1c(Nc3ccc(O)c(O)c3)ccnc1N2,IC50
CHEMBL5760027,8.430626090384955,3.71,1,Cc1ccc(O)cc1Nc1ccnc2c1C(=O)Nc1cc(CNC3CC3)ccc1N2,IC50
CHEMBL5760294,7.954677021213342,11.1,1,COC(=O)c1cc2c(cc1C)/C(=C(/Nc1ccc(C(=O)OC(C)(C)C)cc1)c1ccccc1)C(=O)N2C(C)=O,Ki
CHEMBL5760465,8.732828271596986,1.85,1,CCCOC1CCCN(Cc2ccc3c(c2)NC(=O)c2c(Nc4cc(O)c(C)cc4F)ccnc2N3)C1,IC50
CHEMBL5761942,6.87942606879415,132.0,1,COC(=O)CCCCCNC(=O)c1cnc(N)c(-c2cc3cc(NC(=O)Nc4cccc(C)c4)ccc3s2)c1,IC50
CHEMBL5762581,8.12842706445412,7.44,1,Cc1cc(F)c(Nc2ccnc3c2C(=O)Nc2cc(C(N)=O)ccc2N3)cc1O,IC50
CHEMBL5763315,8.767003889607846,1.71,3,CCN(Cc1ccc2c(c1)NC(=O)c1c(Nc3cc(O)c(C)cc3F)ccnc1N2)CC(C)O,IC50
CHEMBL5763696,8.115771230367397,7.66,1,COC(=O)c1ccc2c(c1)NC(=O)/C2=C(\Nc1ccc(C(=O)NOCCN2CCC(O)CC2)cc1)c1ccccc1,Ki
CHEMBL5764401,7.823908740944319,15.0,1,COC(=O)c1ccc2c(c1)NC(=O)/C2=C(\Nc1ccc(C(=O)NOCCN2CCS(=O)(=O)CC2)cc1)c1ccccc1,Ki
CHEMBL5764598,8.39469495385889,4.03,1,N#Cc1ccc2c(c1)NC(=O)c1c(Nc3ccc(Cl)c(O)c3)ccnc1N2,IC50
CHEMBL5767398,4.394694953858891,40300.0,1,COc1cccc(Sc2sc3nc(N)nc(N)c3c2C)c1,IC50
CHEMBL576982,7.422508200162775,37.8,2,CC(C)(C)c1cc(NC(=O)Nc2ccc(-c3cn4c(n3)sc3cc(OCCN5CCOCC5)ccc34)cc2)no1,IC50
CHEMBL5770010,7.982966660701219,10.4,4,COC(=O)c1cc2c(cc1C)/C(=C(/Nc1ccc(C(=O)NC3CCN(CCO)CC3)cc1)c1ccccc1)C(=O)N2,Ki
CHEMBL5770439,7.987162775294828,10.3,2,COC(=O)c1cc2c(cc1C)/C(=C(/Nc1ccc(C(=O)NCCN3CCC(N(C)C)CC3)cc1)c1ccccc1)C(=O)N2,Ki
CHEMBL5771017,7.892790030352131,12.8,2,COC(=O)c1cc2c(cc1C)/C(=C(/Nc1ccc(C(=O)NCC3(N(C)C)CCC3)cc1)c1ccccc1)C(=O)N2,Ki
CHEMBL5773012,6.892790030352131,128.0,3,CS(C)(=O)=NC(=O)c1cnc(N)c(-c2cc3cc(NC(=O)c4cc(C(F)(F)F)ccc4F)ccc3s2)c1,IC50
CHEMBL5773308,6.835647144215563,146.0,1,Cc1ccc(F)c(NC(=O)Nc2ccc(-c3nn(CCCN(C)CCCC(=O)NO)c4ncnc(N)c34)cc2)c1,IC50
CHEMBL5774556,8.785156151952302,1.64,1,Cc1ccc(O)cc1Nc1ccnc2c1C(=O)Nc1cc(CNCC3CCN(C(C)C)C3)ccc1N2,IC50
CHEMBL5774604,5.552841968657781,2800.0,2,COc1ccc(Sc2sc3nc(N)nc(N)c3c2C)cc1OC,IC50
CHEMBL5774715,8.712198270069774,1.94,1,Cc1cc(F)c(Nc2ccnc3c2C(=O)Nc2cc(CN4CCC(N(C)C)CC4)ccc2N3)cc1O,IC50
CHEMBL5775020,8.064996848546345,8.61,1,Cc1cc(F)c(Nc2ccnc3c2C(=O)Nc2cc(C(=O)N4CCC(O)C4)ccc2N3)cc1O,IC50
CHEMBL5776500,6.464705879957229,343.0,1,Cn1cc(-c2cc(Oc3ccc(NC(=O)N4CCC5(CCCC(F)(F)C5)C4=O)nc3)ccn2)cn1,IC50
CHEMBL5776848,7.991399828238082,10.2,1,COC(=O)c1ccc2c(c1)NC(=O)/C2=C(\Nc1ccc(C(=O)NOCCN2CCC(N(C)C)CC2)cc1)c1ccccc1,Ki
CHEMBL5777521,7.376750709602099,42.0,3,Cc1cccc(NC(=O)Nc2ccc3sc(-c4cc(B(O)O)cnc4N)cc3c2)c1,IC50
CHEMBL5779248,7.991399828238082,10.2,2,COC(=O)c1cc2c(cc1C)/C(=C(/Nc1ccc(C(=O)N(C)C3CCN(CCO)CC3)cc1)c1ccccc1)C(=O)N2,Ki
CHEMBL5780343,9.016824927962187,0.962,1,Cc1cc(F)c(Nc2ccnc3c2C(=O)Nc2cc(CN(C)CCO)ccc2N3)cc1O,IC50
CHEMBL5780945,7.954677021213342,11.1,1,COC(=O)c1cc2c(cc1C)/C(=C(/Nc1ccc(C(=O)NCCN(C)C)cc1)c1ccccc1)C(=O)N2,Ki
CHEMBL5781023,8.103473782510445,7.88,1,COC(=O)c1cc2c(cc1C)/C(=C(/Nc1ccc(C(=O)NOCCN3CCN(C)CC3)c(C)c1)c1ccccc1)C(=O)N2,Ki
CHEMBL5781479,8.7594507517174,1.74,1,Cc1ccc(O)cc1Nc1ccnc2c1C(=O)Nc1cc(CNCCCOC(C)C)ccc1N2,IC50
CHEMBL5782691,7.931814138253839,11.7,1,COC(=O)c1ccc2c(c1)NC(=O)/C2=C(\Nc1ccc(C(=O)NOCCN2CCN(C)CC2)c(C)c1)c1ccccc1,Ki
CHEMBL5782730,8.153044674980176,7.03,1,N#Cc1ccc2c(c1)NC(=O)c1c(Nc3cc(O)c(F)cc3F)ccnc1N2,IC50
CHEMBL5782903,8.090443970758825,8.12,2,COC(=O)c1cc2c(cc1C)/C(=C(/Nc1ccc(C(=O)NCC(=O)N3CCN(C)CC3)cc1)c1ccccc1)C(=O)N2,Ki
CHEMBL5783293,9.032452023781138,0.928,1,Cc1cc(F)c(Nc2ccnc3c2C(=O)Nc2cc(CN4CCC(O)CC4)ccc2N3)cc1O,IC50
CHEMBL5783751,7.6777807052660805,21.0,3,CS(C)(=O)=NC(=O)c1cnc(N)c(-c2cc3cc(NC(=O)Nc4ccc(Cl)c(C(F)(F)F)c4)ccc3s2)c1,IC50
CHEMBL5784797,7.913640169325252,12.2,1,Cc1ccc(O)cc1Nc1ccnc2c1C(=O)Nc1cc(CNc3ccc4[nH]cnc4c3)ccc1N2,IC50
CHEMBL5784998,8.790484985457368,1.62,1,Cc1cc(F)c(Nc2ccnc3c2C(=O)Nc2cc(CNC(CO)Cc4cnc[nH]4)ccc2N3)cc1O,IC50
CHEMBL5785162,8.239577516576787,5.76,2,COC(=O)c1cc2c(cc1C)/C(=C(/Nc1ccc(C(=O)NCC(=O)N3CCN(CCO)CC3)cc1)c1ccccc1)C(=O)N2,Ki
CHEMBL5785184,7.080921907623926,83.0,3,Cc1cccc(NC(=O)Nc2ccc(-c3cc(C(=O)N=S(=O)(CCCO)CCCO)cnc3N)cc2)c1,IC50
CHEMBL5786043,7.954677021213342,11.1,1,COC(=O)c1ccc2c(c1)NC(=O)/C2=C(\Nc1ccc(C(=O)NOCCN(C)C)c(F)c1)c1ccccc1,Ki
CHEMBL5786084,7.6777807052660805,21.0,2,Cc1ccoc1C(=O)Nc1cccc(C#Cc2cncc(-c3nnn(CCCO)n3)c2)c1,IC50
CHEMBL5786748,8.488116639021126,3.25,1,CCNCc1ccc2c(c1)NC(=O)c1c(Nc3cc(O)ccc3C)ccnc1N2,IC50
CHEMBL5786804,6.860120913598763,138.0,3,COC(=O)CCCCS(=O)(CCCCC(=O)OC)=NC(=O)c1cnc(N)c(-c2ccc(NC(=O)Nc3cccc(C)c3)cc2)c1,IC50
CHEMBL5787103,8.774690718274137,1.68,1,Cc1ccc(O)cc1Nc1ccnc2c1C(=O)Nc1cc(CNCC3CCC(=O)N3C)ccc1N2,IC50
CHEMBL5787361,8.950781977329818,1.12,1,Cc1cc(F)c(Nc2ccnc3c2C(=O)Nc2cc(CN4CC[C@@H](N)C4)ccc2N3)cc1O,IC50
CHEMBL5788396,7.698970004336019,20.0,3,Cc1cccc(NC(=O)Nc2ccc3sc(-c4cc(B5OC(C)(C)C(C)(C)O5)cnc4N)cc3c2)c1,IC50
CHEMBL5788567,6.298432014944073,503.0,3,COC(=O)c1cnc(N)c(-c2cc3cc(NC(=O)c4ccccc4)ccc3s2)c1,IC50
CHEMBL5789372,5.551602896542232,2808.0,1,Cn1cc(-c2cc(Oc3ccc(NC(=O)N4CCC5(CN(S(C)(=O)=O)C5)C4=O)nc3)ccn2)cn1,IC50
CHEMBL5792250,6.928117992693875,118.0,1,COC(=O)CCCNC(=O)c1cnc(N)c(-c2cc3cc(NC(=O)Nc4cccc(C)c4)ccc3s2)c1,IC50
CHEMBL5793440,8.69680394257951,2.01,1,Cc1cc(F)c(Nc2ccnc3c2C(=O)Nc2cc(CNC4CC(F)(F)C4)ccc2N3)cc1O,IC50
CHEMBL5793745,8.292429823902063,5.1,1,N#Cc1ccc2c(c1)NC(=O)c1c(Nc3ccc(Br)c(O)c3)ccnc1N2,IC50
CHEMBL5794260,8.301029995663981,5.0,1,COC(=O)c1cc2c(cc1C)/C(=C(/Nc1ccc(C(=O)N3CCN(CC(=O)NCCO)CC3)cc1)c1ccccc1)C(=O)N2,Ki
CHEMBL5794652,7.769551078621726,17.0,2,COCCN(C)CCNC(=O)c1ccc(N/C(=C2\C(=O)Nc3cc(C(=O)OC)c(C)cc32)c2ccccc2)cc1,Ki
CHEMBL5795369,8.139661993429007,7.25,1,Cc1cc(F)c(Nc2ccnc3c2C(=O)Nc2cc(C(=O)N4C[C@H](O)C[C@H]4CO)ccc2N3)cc1O,IC50
CHEMBL5795811,8.987162775294827,1.03,1,Cc1cc(F)c(Nc2ccnc3c2C(=O)Nc2cc(CN4C[C@@H](O)[C@@H](O)C4)ccc2N3)cc1O,IC50
CHEMBL5796144,7.004803708402821,98.9,2,COC(=O)c1cc2c(cc1C)/C(=C(/Nc1ccc(C(=O)N3CCC(C(N)=O)(N4CCCCC4)CC3)cc1)c1ccccc1)C(=O)N2,Ki
CHEMBL5797798,5.447331783887806,3570.0,1,Cc1cccc(NC(=O)c2ccc3sc(-c4cccnc4N)cc3c2)c1,IC50
CHEMBL5798405,8.278189384787453,5.27,1,CCN1CCCC1CNCc1ccc2c(c1)NC(=O)c1c(Nc3cc(O)ccc3C)ccnc1N2,IC50
CHEMBL5798568,7.600326278518962,25.1,2,COC(=O)c1cc2c(cc1C)/C(=C(/Nc1ccc(C(=O)NCCN3CCNC(=O)C3)c(F)c1)c1ccccc1)C(=O)N2,Ki
CHEMBL5800560,8.154901959985743,7.0,1,COC(=O)c1cnc(N)c(-c2ccc(NC(=O)Nc3ccc(Cl)c(C(F)(F)F)c3)cc2)c1,IC50
CHEMBL5800928,8.443697499232712,3.6,1,Cc1ccc(O)cc1Nc1ccnc2c1C(=O)Nc1cc(CN[C@H](CO)c3ccccc3)ccc1N2,IC50
CHEMBL5802104,8.284832642151542,5.19,1,Cc1ccc(O)cc1Nc1ccnc2c1C(=O)Nc1cc(CNCCN3CCOCC3)ccc1N2,IC50
CHEMBL5805264,7.6020599913279625,25.0,3,COC(=O)c1cnc(N)c(-c2cc3cc(NC(=O)c4cccc(C)c4)ccc3s2)c1,IC50
CHEMBL5805854,8.413412695328246,3.86,1,Cc1ccc(O)cc1Nc1ccnc2c1C(=O)Nc1cc(CNC(CO)c3ccccc3)ccc1N2,IC50
CHEMBL5808220,8.826813731587725,1.49,1,Cc1ccc(O)cc1Nc1ccnc2c1C(=O)Nc1cc(CNCc3cccc(F)c3)ccc1N2,IC50
CHEMBL5810286,7.856985199745905,13.9,1,Cc1cc(F)c(Nc2ccnc3c2C(=O)Nc2cc(C(=O)N4CCOCC4)ccc2N3)cc1O,IC50
CHEMBL5810674,8.94692155651658,1.13,1,CCOCCN(CC)Cc1ccc2c(c1)NC(=O)c1c(Nc3cc(O)c(C)cc3F)ccnc1N2,IC50
CHEMBL5811363,7.954677021213342,11.1,1,COC(=O)c1ccc2c(c1)NC(=O)/C2=C(\Nc1ccc(C(=O)N(C)OCCN2CCN(C)CC2)cc1)c1ccccc1,Ki
CHEMBL5811378,9.002176919254275,0.995,1,Cc1cc(F)c(Nc2ccnc3c2C(=O)Nc2cc(CN4CC[C@H](O)C4)ccc2N3)cc1O,IC50
CHEMBL5811396,8.453457336521868,3.52,1,Cc1ccc(O)cc1Nc1ccnc2c1C(=O)Nc1cc(CNCc3cccc(F)c3F)ccc1N2,IC50
CHEMBL5811920,8.939302159646388,1.15,1,CCN(Cc1ccc2c(c1)NC(=O)c1c(Nc3cc(O)c(C)cc3F)ccnc1N2)C(C)C,IC50
CHEMBL5812290,4.394694953858891,40300.0,1,COc1ccccc1Sc1sc2nc(N)nc(N)c2c1C,IC50
CHEMBL5816186,8.154901959985743,7.0,1,Cc1ccc(F)c(C(=O)Nc2cccc(C#Cc3cc(C(=O)N=S4(=O)CCN(C(N)=O)CC4)cnc3N)c2)c1,IC50
CHEMBL5816323,8.289036881004725,5.14,1,Cc1cc(F)c(Nc2ccnc3c2C(=O)Nc2cc(CNCCOCCOCCOCCOCO)ccc2N3)cc1O,IC50
CHEMBL5817991,8.630784142589857,2.34,1,CCN(CC)CC(C)NCc1ccc2c(c1)NC(=O)c1c(Nc3cc(O)ccc3C)ccnc1N2,IC50
CHEMBL5818611,6.560667306169737,275.0,1,CCc1ccc(COc2ccc(Nc3ccc4ncc(N5CCOCC5)nc4c3C#N)cc2OC)cc1,IC50
CHEMBL5819420,8.818156412055227,1.52,1,Cc1ccc(O)cc1Nc1ccnc2c1C(=O)Nc1cc(CNCC(O)CO)ccc1N2,IC50
CHEMBL5820783,8.39469495385889,4.03,1,Cc1ccc(O)cc1Nc1ccnc2c1C(=O)Nc1cc(CNCCN3CCCCCC3)ccc1N2,IC50
CHEMBL5821394,8.319664486585436,4.79,2,COC(=O)c1cc2c(cc1C)/C(=C(/Nc1ccc(C(=O)N3CCC(CO)(CN(C)C)CC3)cc1)c1ccccc1)C(=O)N2,Ki
CHEMBL58224,5.958607314841775,1100.0,1,O=C1Nc2cccc(C3CCNCC3)c2/C1=C/c1[nH]cc2c1CCOC2=O,IC50
CHEMBL5823405,7.555955204081924,27.8,1,COC(=O)c1ccc2c(c1)NC(=O)/C2=C(\Nc1ccc(C(=O)NOCCN2CCCCC2)cc1)c1ccccc1,Ki
CHEMBL5825897,8.651695136951838,2.23,1,CCOC1CCCN(Cc2ccc3c(c2)NC(=O)c2c(Nc4cc(O)c(C)cc4F)ccnc2N3)C1,IC50
CHEMBL5826243,7.886056647693163,13.0,1,COC(=O)c1cc2c(cc1C)/C(=C(/Nc1ccc(C(=O)N(C)OCCN3C4CCC3CNC4)cc1)c1ccccc1)C(=O)N2,Ki
CHEMBL5826764,7.920818753952375,12.0,3,COC(=O)c1cnc(N)c(-c2cc3cc(NC(=O)Nc4ccc(C)cc4)ccc3s2)c1,IC50
CHEMBL5827470,7.97061622231479,10.7,1,Cc1cc(F)c(Nc2ccnc3c2C(=O)Nc2cc(C(=O)N4CCC(CCO)CC4)ccc2N3)cc1O,IC50
CHEMBL5828459,8.02502800570193,9.44,1,COC(=O)c1cc2c(cc1C)/C(=C(/Nc1ccc(C(=O)NOCCN3CC[C@H](N(C)C)C3)cc1)c1ccccc1)C(=O)N2,Ki
CHEMBL5829198,7.18111458540599,65.9,1,N#Cc1ccc2c(c1)NC(=O)c1c(Nc3cc(O)c(Cl)cc3Cl)ccnc1N2,IC50
CHEMBL5830217,7.716698771296451,19.2,1,COC(=O)c1cc2c(cc1C)/C(=C(/Nc1ccc(S(=O)(=O)NOCCN3CCN(C)CC3)cc1)c1ccccc1)C(=O)N2,Ki
CHEMBL5830381,7.054817439275938,237.0,2,Cc1ccoc1C(=O)Nc1ccc2sc(-c3cc(C(=O)N=S(C)(C)=O)cnc3N)cc2c1,IC50
CHEMBL5831852,8.146301788223825,7.14,1,Cc1ccc(O)cc1Nc1ccnc2c1C(=O)Nc1cc(CNCCc3ccncc3)ccc1N2,IC50
CHEMBL583219,5.425968732272281,3750.0,1,CN(C)c1ccc(C2N(C)c3ccccc3N2C)cc1,IC50
CHEMBL5832247,8.856985199745905,1.39,1,Cc1cc(F)c(Nc2ccnc3c2C(=O)Nc2cc(CN4CCCC(O)CC4)ccc2N3)cc1O,IC50
CHEMBL5833031,7.619788758288394,24.0,3,COC(=O)c1cnc(N)c(-c2cc3cc(NC(=O)Nc4cc(C(F)(F)F)ccc4F)ccc3s2)c1,IC50
CHEMBL5833348,8.482804102050025,3.29,1,Cc1ccc(O)cc1Nc1ccnc2c1C(=O)Nc1cc(CNCCN3CCC(C)CC3)ccc1N2,IC50
CHEMBL5834109,8.027797161620935,9.38,1,Cc1cc(F)c(Nc2ccnc3c2C(=O)Nc2cc(CN4CC(=O)N(C(C)C)C(C)(C)C4)ccc2N3)cc1O,IC50
CHEMBL5834202,8.442492798094342,3.61,1,CCC(C)CNCc1ccc2c(c1)NC(=O)c1c(Nc3cc(O)ccc3C)ccnc1N2,IC50
CHEMBL5834635,5.789146634685107,1625.0,1,Cn1cc(-c2cc(Oc3ccc(NC(=O)N4CCC5(CCCC5)C4=O)nc3)ccn2)cn1,IC50
CHEMBL5835725,8.160521952625801,6.91,1,COC(=O)c1ccc2c(c1)NC(=O)/C2=C(\Nc1ccc(C(=O)NOCCN2CC[C@H](N(C)C)C2)cc1)c1ccccc1,Ki
CHEMBL5837138,8.154901959985743,7.0,1,COC(=O)c1cnc(N)c(-c2ccc(NC(=O)Nc3cc(C(F)(F)F)ccc3F)cc2)c1,IC50
CHEMBL5837855,8.405607449624574,3.93,1,Cc1ccc(O)cc1Nc1ccnc2c1C(=O)Nc1cc(CNCCC(F)(F)F)ccc1N2,IC50
CHEMBL5839052,8.489454989793387,3.24,1,Cc1ccc(O)cc1Nc1ccnc2c1C(=O)Nc1cc(CNC(C)CN(C)C)ccc1N2,IC50
CHEMBL5839704,8.518557371497694,3.03,1,Cc1cc(F)c(Nc2ccnc3c2C(=O)Nc2cc(CN4CCC(CCO)CC4)ccc2N3)cc1O,IC50
CHEMBL5840681,8.302770657240282,4.98,1,CCC(CC)CNCc1ccc2c(c1)NC(=O)c1c(Nc3cc(O)ccc3C)ccnc1N2,IC50
CHEMBL5840832,8.703334809738468,1.98,1,Cc1cc(F)c(Nc2ccnc3c2C(=O)Nc2cc(CN4CCCC(O)(c5ccccc5)C4)ccc2N3)cc1O,IC50
CHEMBL5840986,8.154901959985743,7.0,1,Cc1ccc(F)c(C(=O)Nc2cccc(C#Cc3cc(C(=O)N=S4(=O)CCNCC4)cnc3N)c2)c1,IC50
CHEMBL5841168,8.7281583934635,1.87,1,Cc1cc(F)c(Nc2ccnc3c2C(=O)Nc2cc(CN(C)CCN(C)C)ccc2N3)cc1O,IC50
CHEMBL5842075,8.430626090384955,3.71,1,Cc1cc(F)c(Nc2ccnc3c2C(=O)Nc2cc(CN4CC5CC5C4CO)ccc2N3)cc1O,IC50
CHEMBL5842404,8.63264407897398,2.33,1,CCC(CC)NCc1ccc2c(c1)NC(=O)c1c(Nc3cc(O)ccc3C)ccnc1N2,IC50
CHEMBL5842769,7.935542010773082,11.6,1,COC(=O)c1ccc2c(c1)NC(=O)/C2=C(\Nc1ccc(C(=O)NOCCN2CCOCC2)cc1)c1ccccc1,Ki
CHEMBL5842976,8.238824186844269,5.77,1,Cc1ccc(O)cc1Nc1ccnc2c1C(=O)Nc1cc(CNCc3cccc(Cl)c3)ccc1N2,IC50
CHEMBL5844677,8.709965388637482,1.95,1,Cc1ccc(O)cc1Nc1ccnc2c1C(=O)Nc1cc(CNCc3ccc(Cl)nc3)ccc1N2,IC50
CHEMBL5844874,7.6020599913279625,25.0,1,COCCOCCOCCOCCOCCOCCOCCOCCNCc1ccc2c(c1)NC(=O)c1c(Nc3cc(O)c(C)cc3F)ccnc1N2,IC50
CHEMBL5845699,7.552841968657781,28.0,3,COC(=O)c1cnc(N)c(-c2cc3cc(NC(=O)Nc4ccccc4)ccc3s2)c1,IC50
CHEMBL5846246,8.995678626217357,1.01,1,CCN(CCCO)Cc1ccc2c(c1)NC(=O)c1c(Nc3cc(O)c(C)cc3F)ccnc1N2,IC50
CHEMBL5846361,6.560667306169737,275.0,1,COc1cc(Nc2ccc3ncc(N4CCOCC4)nc3c2C#N)ccc1OCc1ccc(OC(F)(F)F)cc1,IC50
CHEMBL5848178,8.73754891026957,1.83,1,Cc1ccc(O)cc1Nc1ccnc2c1C(=O)Nc1cc(CNCC(C)Cn3cccn3)ccc1N2,IC50
CHEMBL5850230,8.460923901207224,3.46,1,Cc1ccc(O)cc1Nc1ccnc2c1C(=O)Nc1cc(CNC[C@H](C)c3ccccc3)ccc1N2,IC50
CHEMBL5851926,8.10292299679058,7.89,2,COC(=O)c1cc2c(cc1C)/C(=C(/Nc1ccc(C(=O)NCCN3CCNC(=O)C3)cc1)c1ccccc1)C(=O)N2,Ki
CHEMBL5853674,8.122628654130226,7.54,2,COC(=O)c1cc2c(cc1C)/C(=C(/Nc1ccc(C(=O)N3CCC(O)(CN4CCCC4)CC3)cc1)c1ccccc1)C(=O)N2,Ki
CHEMBL5854123,7.823908740944319,15.0,3,COC(=O)c1cnc(N)c(-c2cc3cc(NC(=O)Nc4cc(C)ccc4F)ccc3s2)c1,IC50
CHEMBL5854149,7.853871964321762,14.0,1,CS(C)(=O)=NC(=O)c1cncc(-c2cc3cc(NC(=O)Nc4ccc(Cl)c(C(F)(F)F)c4)ccc3s2)c1,IC50
CHEMBL5854515,7.950781977329818,11.2,1,COC(=O)c1cc2c(cc1C)/C(=C(/Nc1ccc(C(=O)N(C)OCCN3CCN[C@@H](C)C3)cc1)c1ccccc1)C(=O)N2,Ki
CHEMBL5854877,8.38615817812393,4.11,1,CC[C@@H](C)[C@@H](CO)NCc1ccc2c(c1)NC(=O)c1c(Nc3cc(O)c(C)cc3F)ccnc1N2,IC50
CHEMBL5854915,7.886056647693163,13.0,2,COC(=O)c1cc2c(cc1C)/C(=C(/Nc1cccc(C(=O)N(C)CCN(C)C)c1)c1ccccc1)C(=O)N2,Ki
CHEMBL5855950,8.629211492609787,3.0749999999999997,2,Cc1cc(F)c(Nc2ccnc3c2C(=O)Nc2cc(CNC4CCCC4)ccc2N3)cc1O,IC50
CHEMBL5856121,8.034328028779893,9.24,1,COC(=O)c1cc2c(cc1C)/C(=C(/Nc1ccc(C(=O)NOCCN3CCC(N(C)C)CC3)cc1)c1ccccc1)C(=O)N2,Ki
CHEMBL5856702,8.739928612014925,1.82,1,Cc1cc(F)c(Nc2ccnc3c2C(=O)Nc2cc(CN4CCC(C)C(O)C4)ccc2N3)cc1O,IC50
CHEMBL5857729,8.443697499232712,3.6,1,Cc1ccc(O)cc1Nc1ccnc2c1C(=O)Nc1cc(CNC3CCS(=O)(=O)C3)ccc1N2,IC50
CHEMBL5857889,9.20342566678957,0.626,1,CCOC(=O)[C@H]1C[C@@H](NCc2ccc3c(c2)NC(=O)c2c(Nc4cc(O)c(C)cc4F)ccnc2N3)C1,IC50
CHEMBL5858912,8.29929628285498,5.02,2,COC(=O)c1cc2c(cc1C)/C(=C(/Nc1ccc(C(=O)N(CCO)CCN(C)C)cc1)c1ccccc1)C(=O)N2,Ki
CHEMBL5859088,8.920818753952375,1.2,1,Cc1cc(F)c(Nc2ccnc3c2C(=O)Nc2cc(CN4CCC5(O)CCCCC5C4)ccc2N3)cc1O,IC50
CHEMBL5859302,7.795880017344075,16.0,3,COC(=O)CCCC[S@](C)(=O)=NC(=O)c1cnc(N)c(-c2cc3cc(NC(=O)Nc4cccc(C)c4)ccc3s2)c1,IC50
CHEMBL5860972,8.416801226031378,3.83,1,Cc1cc(F)c(Nc2ccnc3c2C(=O)Nc2cc(CN4CCCC(OCC5CCC5)C4)ccc2N3)cc1O,IC50
CHEMBL5862373,8.323306390375134,4.75,1,COCCOCCCNCc1ccc2c(c1)NC(=O)c1c(Nc3cc(O)ccc3C)ccnc1N2,IC50
CHEMBL5862828,6.882728704344236,131.0,3,Cc1cccc(C(=O)Nc2ccc3sc(-c4cc(C(=O)N=S(C)(C)=O)cnc4N)cc3c2)c1,IC50
CHEMBL5863185,8.913640169325252,1.22,1,Cc1cc(F)c(Nc2ccnc3c2C(=O)Nc2cc(CNC4CC(OC(C)C)C4)ccc2N3)cc1O,IC50
CHEMBL5863444,8.958607314841775,1.1,1,CCN(CCO)Cc1ccc2c(c1)NC(=O)c1c(Nc3cc(O)c(C)cc3F)ccnc1N2,IC50
CHEMBL5864089,8.03905380426617,9.14,1,Cc1ccc(O)cc1Nc1ccnc2c1C(=O)Nc1cc(CNCC(F)(F)F)ccc1N2,IC50
CHEMBL5865936,8.882728704344236,1.31,1,CCN(CCN(C)C)Cc1ccc2c(c1)NC(=O)c1c(Nc3cc(O)c(C)cc3F)ccnc1N2,IC50
CHEMBL5866060,7.815308569182402,15.3,1,Cc1cc(F)c(Nc2ccnc3c2C(=O)Nc2cc(C#N)ccc2N3)cc1O,IC50
CHEMBL5868066,7.455931955649724,35.0,1,Cc1cccc(NC(=O)Nc2ccc3sc(-c4cc(C(N)=O)cnc4N)cc3c2)c1,IC50
CHEMBL5868169,8.790484985457368,1.62,1,Cc1cc(F)c(Nc2ccnc3c2C(=O)Nc2cc(CN4CCC(CCO)C4)ccc2N3)cc1O,IC50
CHEMBL5869889,5.82739706879014,1488.0,1,Nc1ncccc1-c1cc2cc(NC(=O)c3ccccc3)ccc2s1,IC50
CHEMBL5870272,7.886056647693163,13.0,1,Nc1ncc(C(=O)N=S2(=O)CCOCC2)cc1C#Cc1cccc(C(=O)Nc2ccc(Cl)c(C(F)(F)F)c2)c1,IC50
CHEMBL5871337,7.995678626217358,10.1,1,Cc1cc(F)c(Nc2ccnc3c2C(=O)Nc2cc(C(=O)N4CCCC(O)C4)ccc2N3)cc1O,IC50
CHEMBL5871531,6.560667306169737,275.0,1,COc1ccc(COc2ccc(Nc3ccc4ncc(N5CCOCC5)nc4c3C#N)cc2)cc1,IC50
CHEMBL5872829,8.787812395596042,1.63,1,Cc1cc(F)c(Nc2ccnc3c2C(=O)Nc2cc(CN4CCC[C@@H](O)C4)ccc2N3)cc1O,IC50
CHEMBL5872882,7.619788758288394,24.0,1,Cc1ccc(F)c(C(=O)Nc2cccc(C#Cc3cc(C(=O)N=S4(=O)CCOCC4)cnc3N)c2)c1,IC50
CHEMBL5873280,8.67778070526608,2.1,1,Cc1ccc(O)cc1Nc1ccnc2c1C(=O)Nc1cc(CNC3CCCC3)ccc1N2,IC50
CHEMBL5873829,8.767003889607846,1.71,1,Cc1cc(F)c(Nc2ccnc3c2C(=O)Nc2cc(CN4CCC(CO)C4)ccc2N3)cc1O,IC50
CHEMBL5874278,6.050122295963125,891.0,1,COP(=O)(OC)c1cnc(N)c(-c2ccc(NC(=O)Nc3ccccc3)cc2)c1,IC50
CHEMBL5874376,8.446116973356126,3.58,1,Cc1ccc(O)cc1Nc1ccnc2c1C(=O)Nc1cc(CNC3CCCNC3=O)ccc1N2,IC50
CHEMBL5875515,7.692503962086787,20.3,1,COC(=O)c1cc2c(cc1C)/C(=C(/Nc1ccc(C(=O)NOCCCN3CCCCC3)cc1)c1ccccc1)C(=O)N2,Ki
CHEMBL5876447,8.39577394691553,4.02,1,CCOCCC(C)NCc1ccc2c(c1)NC(=O)c1c(Nc3cc(O)ccc3C)ccnc1N2,IC50
CHEMBL5876717,8.527243550682787,2.97,1,Cc1ccc(O)cc1Nc1ccnc2c1C(=O)Nc1cc(CNC3CCOC3)ccc1N2,IC50
CHEMBL5876825,7.7447274948966935,18.0,2,COC(=O)c1cc2c(cc1C)/C(=C(/Nc1ccc(C(=O)N[C@H]3CCCN(C)C3)cc1)c1ccccc1)C(=O)N2,Ki
CHEMBL5878808,8.154901959985743,7.0,1,CS(C)(=O)=NC(=O)c1cncc(-c2cc3cc(NC(=O)Nc4cc(C(F)(F)F)ccc4F)ccc3s2)c1,IC50
CHEMBL5879862,8.435333935747911,3.67,1,Cc1cc(F)c(Nc2ccnc3c2C(=O)Nc2cc(CN4CCN(CCO)CC4)ccc2N3)cc1O,IC50
CHEMBL5879930,8.935542010773082,1.16,3,Cc1cc(F)c(Nc2ccnc3c2C(=O)Nc2cc(CN4CCCC(O)C4)ccc2N3)cc1O,IC50
CHEMBL5880384,8.829738284605043,1.48,1,Cc1cc(F)c(Nc2ccnc3c2C(=O)Nc2cc(CN4CCC[C@H](N)C4)ccc2N3)cc1O,IC50
CHEMBL5880580,7.798602875679548,15.9,2,COC(=O)c1cc2c(cc1C)/C(=C(/Nc1ccc(C(=O)NCC3(N(C)C)CCOCC3)cc1)c1ccccc1)C(=O)N2,Ki
CHEMBL5880715,7.6020599913279625,25.0,3,COC(=O)c1cnc(N)c(-c2cc3cc(NC(=O)c4ccc(F)c(Cl)c4)ccc3s2)c1,IC50
CHEMBL5881113,8.249491605148654,5.63,1,Cc1ccc(O)cc1Nc1ccnc2c1C(=O)Nc1cc(CNCCCCO)ccc1N2,IC50
CHEMBL5881155,9.3767507096021,0.42,1,CCOC(=O)C1=C(C(F)(F)F)NC2=C(C(=O)CC(C)(C)C2)C1c1ccc(S(=O)(=O)c2ccccc2)cc1,IC50
CHEMBL5881973,7.292429823902063,51.0,1,Cc1ccoc1C(=O)Nc1cccc(C#Cc2cc(C(=O)N=S3(=O)CCOCC3)cnc2N)c1,IC50
CHEMBL5882489,7.85078088734462,14.1,2,COCCNC(=O)CN1CCN(C(=O)c2ccc(N/C(=C3\C(=O)Nc4cc(C(=O)OC)c(C)cc43)c3ccccc3)cc2)CC1,Ki
CHEMBL5882706,7.7447274948966935,18.0,3,CCc1cccc(NC(=O)Nc2ccc3sc(-c4cc(B5OC(C)(C)C(C)(C)O5)cnc4N)cc3c2)c1,IC50
CHEMBL5885572,8.686132779630846,2.06,1,Cc1cc(F)c(Nc2ccnc3c2C(=O)Nc2cc(CN4CC[C@H](N)C4)ccc2N3)cc1O,IC50
CHEMBL5885724,7.718966632752273,19.1,2,COCCN1CCC(NC(=O)c2ccc(N/C(=C3\C(=O)Nc4cc(C(=O)OC)c(C)cc43)c3ccccc3)cc2)CC1,Ki
CHEMBL5886043,8.649751981665837,2.24,1,Cc1ccc(O)cc1Nc1ccnc2c1C(=O)Nc1cc(CNCCF)ccc1N2,IC50
CHEMBL5887244,8.480172006224281,3.31,1,Cc1ccc(O)cc1Nc1ccnc2c1C(=O)Nc1cc(CNCCN(C)C)ccc1N2,IC50
CHEMBL5888997,9.138465589140962,0.727,1,CCN(CCN)Cc1ccc2c(c1)NC(=O)c1c(Nc3cc(O)c(C)cc3F)ccnc1N2,IC50
CHEMBL5889879,8.151195298948196,7.06,1,COC(=O)c1ccc2c(c1)NC(=O)/C2=C(\Nc1ccc(C(=O)NOCCN2CCNC(=O)C2)cc1)c1ccccc1,Ki
CHEMBL5890738,8.018181392829336,9.59,1,Cc1cc(F)c(Nc2ccnc3c2C(=O)Nc2cc(CN4CCCC(Oc5ccccc5)C4)ccc2N3)cc1O,IC50
CHEMBL5891425,8.0,10.0,1,COC(=O)c1ccc2c(c1)NC(=O)/C2=C(\Nc1ccc(C(=O)N(C)OCCN(C)C)c(C)c1)c1ccccc1,Ki
CHEMBL5892231,8.688246138944246,2.05,1,Cc1ccc(O)cc1Nc1ccnc2c1C(=O)Nc1cc(CNC3CCOCC3)ccc1N2,IC50
CHEMBL5892500,7.292429823902063,51.0,1,CS(C)(=O)=NC(=O)c1cnc(N)c(-c2cc3cc(NC(=O)c4ccccc4)ccc3s2)c1,IC50
CHEMBL5892792,8.779891911959945,1.66,1,Cc1cc(F)c(Nc2ccnc3c2C(=O)Nc2cc(CN4CC(O)C(NCCO)C4)ccc2N3)cc1O,IC50
CHEMBL5892852,8.51999305704285,3.02,1,Cc1ccc(O)cc1Nc1ccnc2c1C(=O)Nc1cc(CNC3CCCCC3C)ccc1N2,IC50
CHEMBL5893666,7.219682687859849,60.3,1,Cc1ccc(O)cc1Nc1ccnc2c1C(=O)Nc1cc(CNc3ccccc3)ccc1N2,IC50
CHEMBL5895106,8.186419011431807,6.51,1,CCCC1CCN(Cc2ccc3c(c2)NC(=O)c2c(Nc4cc(O)c(C)cc4F)ccnc2N3)CC1,IC50
CHEMBL5896542,5.893469146177619,1278.0,3,Cc1cccc(C(=O)Nc2ccc3sc(-c4cccnc4N)cc3c2)c1,IC50
CHEMBL5897053,8.017728766960431,9.6,4,COC(=O)c1cc2c(cc1C)/C(=C(/Nc1ccc(C(=O)NCC3CCN(CCO)CC3)cc1)c1ccccc1)C(=O)N2,Ki
CHEMBL5897349,8.341988603342887,4.55,1,CCN(CC)C(=O)COC1CCCN(Cc2ccc3c(c2)NC(=O)c2c(Nc4cc(O)c(C)cc4F)ccnc2N3)C1,IC50
CHEMBL5897900,8.806875401645538,1.56,1,Cc1cc(F)c(Nc2ccnc3c2C(=O)Nc2cc(CN[C@H]4C[C@H](C(=O)O)C4)ccc2N3)cc1O,IC50
CHEMBL5898057,8.488116639021126,3.25,1,Cc1cc(F)c(Nc2ccnc3c2C(=O)Nc2cc(CN4CCCC4)ccc2N3)cc1O,IC50
CHEMBL5898069,7.214670164989233,61.0,3,COC(=O)c1cnc(N)c(-c2cc3cc(NC(=O)c4occc4C)ccc3s2)c1,IC50
CHEMBL5900160,8.221848749616356,6.0,1,Cc1ccc(F)c(NC(=O)Nc2ccc(-c3cc(C(=O)N=S(C)(C)=O)cnc3N)cc2)c1,IC50
CHEMBL5900483,7.795880017344075,16.0,1,COC(=O)c1cc2c(cc1C)/C(=C(/Nc1ccc(C(=O)N(C)OCCN3CC4CC(C3)N4)cc1)c1ccccc1)C(=O)N2,Ki
CHEMBL5901005,7.8996294548824375,12.6,2,COC(=O)c1cc2c(cc1C)/C(=C(/Nc1ccc(C(=O)NCCN3CCCNC(=O)C3)cc1)c1ccccc1)C(=O)N2,Ki
CHEMBL5902106,8.52432881167557,2.99,1,Cc1ccc(O)cc1Nc1ccnc2c1C(=O)Nc1cc(CNCCCO)ccc1N2,IC50
CHEMBL59042,5.6020599913279625,2500.0,1,CCS(=O)(=O)c1ccc2c(c1)/C(=C/c1[nH]c3c(c1CCCN(C)C)CCCC3)C(=O)N2,IC50
CHEMBL5904812,8.072116589669292,8.47,1,COC(=O)c1ccc2c(c1)NC(=O)/C2=C(\Nc1ccc(C(=O)NOCCN2CCN(C)CC2)c(F)c1)c1ccccc1,Ki
CHEMBL5907260,7.913640169325252,12.2,1,COC(=O)c1ccc2c(c1)NC(=O)/C2=C(\Nc1ccc(C(=O)N(CCN(C)C)OC)cc1)c1ccccc1,Ki
CHEMBL59073,5.853871964321762,1400.0,1,COc1ccc2c(c1)NC(=O)/C2=C\c1[nH]cc2c1CCOC2=O,IC50
CHEMBL5907596,8.16621562534352,6.82,2,COC(=O)c1cc2c(cc1C)/C(=C(/Nc1ccc(C(=O)N3CC[C@@H](CN(C)C)[C@H](O)C3)cc1)c1ccccc1)C(=O)N2,Ki
CHEMBL5907847,8.355561410532161,4.41,1,Cc1cc(F)c(Nc2ccnc3c2C(=O)Nc2cc(CN[C@@H](CO)C(N)=O)ccc2N3)cc1O,IC50
CHEMBL5908219,6.064492734175287,862.0,1,CCCc1ccc(Nc2ccnc3c2C(=O)Nc2cc(C#N)ccc2N3)cc1O,IC50
CHEMBL5908371,7.804100347590766,15.7,1,COC(=O)c1cc2c(cc1C)/C(=C(/Nc1ccc(C(=O)NOCCN3CCC(C#N)CC3)cc1)c1ccccc1)C(=O)N2,Ki
CHEMBL5909180,8.135488918941608,7.32,1,COC(=O)c1cc2c(cc1C)/C(=C(/Nc1ccc(C(=O)NOC3CCN(C)CC3)cc1)c1ccccc1)C(=O)N2,Ki
CHEMBL5909188,7.835647144215563,14.6,1,Cc1cc(F)c(Nc2ccnc3c2C(=O)Nc2cc(C(=O)N4CCCC(CCO)C4)ccc2N3)cc1O,IC50
CHEMBL5910618,8.469800301796917,3.39,1,Cc1cc(F)c(Nc2ccnc3c2C(=O)Nc2cc(CN4CC[C@@H](N(C)C)C4)ccc2N3)cc1O,IC50
CHEMBL5911183,8.67778070526608,2.1,1,COc1cccc(CNCc2ccc3c(c2)NC(=O)c2c(Nc4cc(O)ccc4C)ccnc2N3)c1,IC50
CHEMBL5911951,8.97469413473523,1.06,1,Cc1cc(F)c(Nc2ccnc3c2C(=O)Nc2cc(CN4CCC(N)CC4)ccc2N3)cc1O,IC50
CHEMBL5912125,6.61261017366127,244.0,1,COC(=O)c1ccc2c(c1)NC(=O)/C2=C(\Nc1ccc(C(=O)N2CCO2)cc1)c1ccccc1,Ki
CHEMBL5912372,8.45842075605342,3.48,1,Cc1ccc(O)cc1Nc1ccnc2c1C(=O)Nc1cc(CNCCN3CCCC3=O)ccc1N2,IC50
CHEMBL5912525,7.749579997691106,17.8,2,COC(=O)c1cc2c(cc1C)/C(=C(/Nc1ccc(C(=O)NCCN3CCN(S(C)(=O)=O)CC3)cc1)c1ccccc1)C(=O)N2,Ki
CHEMBL5912736,8.045757490560675,9.0,2,COC(=O)c1cnc(N)c(-c2cc3cc(NC(=O)Nc4ccc(F)cc4F)ccc3s2)c1,IC50
CHEMBL5913247,7.663540266151471,21.7,1,COC(=O)c1ccc2c(c1)NC(=O)/C2=C(\Nc1ccc(S(=O)(=O)NOCCN(C)C)cc1)c1ccccc1,Ki
CHEMBL5914018,7.958607314841775,11.0,1,Cc1ccc(F)c(NC(=O)c2cccc(C#Cc3cc(C(=O)N=S4(=O)CCOCC4)cnc3N)c2)c1,IC50
CHEMBL5915626,8.097453220686008,7.99,2,COC(=O)c1cc2c(cc1C)/C(=C(/Nc1ccc(C(=O)NC3CCN(C)CC3)cc1)c1ccccc1)C(=O)N2,Ki
CHEMBL5916695,6.453457336521869,352.0,1,CCOC(=O)Nc1ccc(Nc2ccnc3c2C(=O)Nc2cc(C#N)ccc2N3)cc1O,IC50
CHEMBL5916727,7.5376020021010435,29.0,1,COC(=O)c1cnc(N)c(-c2ccc(NC(=O)Nc3ccccc3)cc2)c1,IC50
CHEMBL5917009,7.3872161432802645,41.0,1,Nc1ncc(C(=O)O)cc1-c1cc2cc(NC(=O)Nc3ccc(F)c(Cl)c3)ccc2s1,IC50
CHEMBL5917424,7.346787486224656,45.0,2,COC(=O)c1cc2c(cc1C)/C(=C(/Nc1ccc(S(=O)(=O)N3CCN(CCO)CC3)cc1)c1ccccc1)C(=O)N2,Ki
CHEMBL5917710,7.42021640338319,38.0,1,Cc1ccc(F)c(NC(=O)Nc2ccc3sc(-c4cc(C(=O)O)cnc4N)cc3c2)c1,IC50
CHEMBL5918004,8.112382699664265,7.72,1,Cc1ccc(O)cc1Nc1ccnc2c1C(=O)Nc1cc(CNCC(C)(C)N(C)C)ccc1N2,IC50
CHEMBL5918266,7.73754891026957,18.3,1,COC(=O)c1cc2c(cc1C)/C(=C(/Nc1ccc(S(=O)(=O)NOCCN(C)C)cc1)c1ccccc1)C(=O)N2,Ki
CHEMBL5918368,8.71669877129645,1.92,1,Cc1ccc(O)cc1Nc1ccnc2c1C(=O)Nc1cc(CNCc3ccc(F)cc3)ccc1N2,IC50
CHEMBL5918379,8.61798295742513,2.41,1,Cc1ccc(O)cc1Nc1ccnc2c1C(=O)Nc1cc(CNC3CCN(C)CC3)ccc1N2,IC50
CHEMBL5920854,7.841637507904751,14.4,2,COC(=O)c1cc2c(cc1C)/C(=C(/Nc1ccc(C(=O)NCCN3CCC(CO)CC3)cc1)c1ccccc1)C(=O)N2,Ki
CHEMBL5922208,8.096910013008056,8.0,3,Cc1cccc(NC(=O)Nc2ccc3sc(-c4cc(C(=O)N=S(=O)(CCCO)CCCO)cnc4N)cc3c2)c1,IC50
CHEMBL5923362,7.6595558851598815,21.9,1,N#Cc1ccc2c(c1)NC(=O)c1c(Nc3cc(O)ccc3F)ccnc1N2,IC50
CHEMBL5923399,8.537602002101044,2.9,1,Cc1cccc(NC(=O)Nc2ccc(-c3nn(CCCCCCCC(=O)NO)c4ncnc(N)c34)cc2)c1,IC50
CHEMBL5924109,8.429457060118102,3.72,1,Cc1ccc(O)cc1Nc1ccnc2c1C(=O)Nc1cc(CN3CCOCC3)ccc1N2,IC50
CHEMBL5924142,8.015022873584506,9.66,1,COC(=O)c1ccc2c(c1)NC(=O)/C2=C(\Nc1ccc(C(=O)NOCCN2CCN(C)CC2)cc1)c1ccccc1,Ki
CHEMBL5927001,8.050122295963126,8.91,1,Cc1cc(F)c(Nc2ccnc3c2C(=O)Nc2cc(C(=O)N4CCC(CCO)C4)ccc2N3)cc1O,IC50
CHEMBL5927685,8.177178354696895,6.65,2,COC(=O)c1cc2c(cc1C)/C(=C(/Nc1ccc(C(=O)N3CCCN(CCO)CC3)cc1)c1ccccc1)C(=O)N2,Ki
CHEMBL5927784,8.573488738635424,2.67,2,Cn1cc(-c2cn3c(-c4cccc(NC5CCNC5)n4)cnc3cc2CO)cn1,IC50
CHEMBL5927917,8.425968732272281,3.75,1,COC1CCCN(Cc2ccc3c(c2)NC(=O)c2c(Nc4cc(O)c(C)cc4F)ccnc2N3)C1,IC50
CHEMBL5928812,8.265200170411154,5.43,1,Cc1ccc(O)cc1Nc1ccnc2c1C(=O)Nc1cc(C#N)ccc1N2,IC50
CHEMBL5929091,8.301029995663981,5.0,1,COC(=O)c1cc2c(cc1C)/C(=C(/Nc1ccc(C(=O)N3CCN(CC(=O)OC(C)(C)C)CC3)cc1)c1ccccc1)C(=O)N2C(C)=O,Ki
CHEMBL5929284,8.023650020996726,9.47,1,N#Cc1ccc2c(c1)NC(=O)c1c(Nc3cc(O)c(Br)cc3F)ccnc1N2,IC50
CHEMBL5931333,9.081445469449726,0.829,1,Cc1cc(F)c(Nc2ccnc3c2C(=O)Nc2cc(CN4CCC[C@@H](N)C4)ccc2N3)cc1O,IC50
CHEMBL5931361,8.354577730650908,4.42,1,Cc1ccc(O)cc1Nc1ccnc2c1C(=O)Nc1cc(CNCC(C)C)ccc1N2,IC50
CHEMBL593221,5.292429823902063,5100.0,1,COc1cc(-c2nc3ccccc3s2)ccc1Nc1ncnc2cc(OCCCN3CCN(C)CC3)c(OC)cc12,IC50
CHEMBL593245,5.040958607678906,9100.0,1,COc1cc2c(Nc3ccc(-c4nc5ccccc5s4)cc3OC(F)(F)F)ncnc2cc1OCCCN1CCN(C)CC1,IC50
CHEMBL593274,5.443697499232712,3600.0,1,COc1cc2c(Nc3ccc(-c4nc5ccccc5s4)c(Cl)c3)ncnc2cc1OCCCN1CCN(C)CC1,IC50
CHEMBL593275,5.096910013008056,8000.0,1,COc1cc2c(Nc3ccc(-c4nc5ccc(Cl)cc5s4)cc3)ncnc2cc1OCCCN1CCN(C)CC1,IC50
CHEMBL593292,5.42021640338319,3800.0,1,COc1cc2ncnc(Nc3ccc(-c4nc5ccccc5s4)cc3)c2cc1OCCCN1CCN(C)CC1,IC50
CHEMBL5934811,8.052076380168273,8.87,1,COC(=O)c1cc2c(cc1C)/C(=C(/Nc1ccc(C(=O)N(C)OCCN3CCN(CCO)CC3)cc1)c1ccccc1)C(=O)N2,Ki
CHEMBL5934871,9.011441043121385,0.974,1,Cc1cc(F)c(Nc2ccnc3c2C(=O)Nc2cc(CNC(CO)CO)ccc2N3)cc1O,IC50
CHEMBL5936239,9.167491087293763,0.68,1,Cc1cc(F)c(Nc2ccnc3c2C(=O)Nc2cc(CN4C[C@H](O)C[C@H]4CO)ccc2N3)cc1O,IC50
CHEMBL5937233,7.443697499232712,36.0,3,CS(C)(=O)=NC(=O)c1cnc(N)c(-c2cc3cc(NC(=O)c4ccc(Cl)c(C(F)(F)F)c4)ccc3s2)c1,IC50
CHEMBL593760,5.060480747381382,8700.0,1,COc1cc2ncnc(Nc3ccc(-c4nc5ccccc5s4)c(F)c3)c2cc1OCCCN1CCN(C)CC1,IC50
CHEMBL5937605,8.638272163982407,2.3,1,Cc1ccc(O)cc1Nc1ccnc2c1C(=O)Nc1cc(CN3CCN(C)CC3)ccc1N2,IC50
CHEMBL5938381,7.086186147616283,82.0,3,CCOP(=O)(OCC)c1cnc(N)c(-c2ccc(NC(=O)Nc3cc(C)ccc3F)cc2)c1,IC50
CHEMBL593860,5.6777807052660805,2100.0,1,COc1cc2c(Nc3ccc(-c4nc5ccccc5s4)c(OC)c3)ncnc2cc1OCCCN1CCN(C)CC1,IC50
CHEMBL593908,5.086186147616283,8200.0,1,COc1cc2c(Nc3ccc(-c4nc5cc(C(F)(F)F)ccc5s4)cc3)ncnc2cc1OCCCN1CCN(C)CC1,IC50
CHEMBL593909,5.036212172654444,9200.0,1,COc1cc2c(Nc3ccc(-c4nc5ccc(Cl)cc5s4)cc3F)ncnc2cc1OCCCN1CCN(C)CC1,IC50
CHEMBL593911,5.42021640338319,3800.0,1,COc1cc2ncnc(Nc3ccc(-c4nc5ccccc5s4)c(OC)c3)c2cc1OCCCN1CCN(C)CC1,IC50
CHEMBL5939227,8.832311172944586,1.475,4,Cc1cc(F)c(Nc2ccnc3c2C(=O)Nc2cc(CN4CCC(O)C(O)C4)ccc2N3)cc1O,IC50
CHEMBL593971,5.00436480540245,9900.0,1,COc1cc2ncnc(Nc3ccc(-c4nc5cc(Cl)ccc5s4)cc3)c2cc1OCCCN1CCN(C)CC1,IC50
CHEMBL593987,5.6777807052660805,2100.0,1,COc1cc2c(Nc3ccc(-c4nc5ccccc5s4)c(F)c3)ncnc2cc1OCCCN1CCN(C)CC1,IC50
CHEMBL5939920,6.34008379993015,457.0,1,Cc1ccoc1C(=O)NC(=O)Nc1ccc2sc(-c3cc(C(=O)N=S(C)(C)=O)cnc3N)cc2c1,IC50
CHEMBL5939994,7.585026652029182,26.0,3,COC(=O)c1cnc(N)c(-c2cc3cc(NC(=O)Nc4ccc(F)c(Cl)c4)ccc3s2)c1,IC50
CHEMBL5940074,7.431798275933005,37.0,1,CC1(C)OB(c2cnc(N)c(-c3cc4cc(NC(=O)Nc5ccc(F)c(Cl)c5)ccc4s3)c2)OC1(C)C,IC50
CHEMBL5940674,8.75652561383292,2.0865,2,CCN(CC)Cc1ccc2c(c1)NC(=O)c1c(Nc3cc(O)c(C)cc3F)ccnc1N2,IC50
CHEMBL5941259,8.255707016877324,5.55,1,Cc1ccc(O)cc1Nc1ccnc2c1C(=O)Nc1cc(CNCCC(=O)N(C)C)ccc1N2,IC50
CHEMBL5941787,8.869666231504993,1.35,1,Cc1cc(F)c(Nc2ccnc3c2C(=O)Nc2cc(CN(C)C[C@@H](C)O)ccc2N3)cc1O,IC50
CHEMBL594228,5.356547323513812,4400.0,1,COc1cc2c(Nc3ccc(-c4nc5ccccc5s4)cc3F)ncnc2cc1OCCCN1CCN(C)CC1,IC50
CHEMBL594339,4.7594507517174005,17400.0,1,CCC(C)C(Cc1coc2nc(N)nc(N)c12)c1ccccc1OC,IC50
CHEMBL5943435,6.3655227298392685,431.0,3,Cc1cccc(NC(=O)Nc2ccc3sc(-c4cc(C(=O)O)cnc4N)cc3c2)c1,IC50
CHEMBL5943789,9.016824927962187,0.962,1,CCCCN(CC)Cc1ccc2c(c1)NC(=O)c1c(Nc3cc(O)c(C)cc3F)ccnc1N2,IC50
CHEMBL5943919,8.397940008672037,4.0,1,COC(=O)CCCC[S@](C)(=O)=NC(=O)c1cnc(N)c(-c2cc3cc(NC(=O)Nc4ccc(F)c(Cl)c4)ccc3s2)c1,IC50
CHEMBL5944458,8.821023052706831,1.51,1,Cc1cc(F)c(Nc2ccnc3c2C(=O)Nc2cc(CNC4CC(O)C4)ccc2N3)cc1O,IC50
CHEMBL5945261,7.801342913045577,15.8,2,CNC(=O)CN(C)CCNC(=O)c1ccc(N/C(=C2\C(=O)Nc3cc(C(=O)OC)c(C)cc32)c2ccccc2)cc1,Ki
CHEMBL5946538,8.694648630553376,2.02,1,Cc1ccc(O)cc1Nc1ccnc2c1C(=O)Nc1cc(CNC(C)C)ccc1N2,IC50
CHEMBL5946583,6.1432711096171175,719.0,1,Cn1cc(-c2cc(Oc3ccc(NC(=O)N4CCC5(CCC(=O)C5)C4=O)nc3)ccn2)cn1,IC50
CHEMBL594661,5.0,10000.0,1,COc1cc2ncnc(Nc3ccc(-c4nc5ccccc5s4)cc3F)c2cc1OCCCN1CCN(C)CC1,IC50
CHEMBL5946847,7.886056647693163,13.0,3,COC(=O)CCCCS(=O)(CCCCC(=O)OC)=NC(=O)c1cnc(N)c(-c2ccc(NC(=O)Nc3cccc(C(F)(F)F)c3)cc2)c1,IC50
CHEMBL5947799,7.82102305270683,15.1,2,COC(=O)c1cc2c(cc1C)/C(=C(/Nc1ccc(C(=O)N3CCC(O)(CN4CCOCC4)CC3)cc1)c1ccccc1)C(=O)N2,Ki
CHEMBL5948826,9.043351420794796,0.905,1,CCN(CCOC)Cc1ccc2c(c1)NC(=O)c1c(Nc3cc(O)c(C)cc3F)ccnc1N2,IC50
CHEMBL5949602,8.26841123481326,5.39,1,COC(=O)c1ccc2c(c1)NC(=O)/C2=C(\Nc1ccc(C(=O)NOCCN2CCN(CCO)CC2)cc1)c1ccccc1,Ki
CHEMBL5949720,8.903089986991944,1.25,1,COc1cc2ncc(-c3cccc(NC4CCNC4)n3)n2cc1-c1cn[nH]c1,IC50
CHEMBL5950008,7.841637507904751,14.4,2,COC(=O)c1cc2c(cc1C)/C(=C(/Nc1ccc(C(=O)NCCN3CCCN(C(C)=O)CC3)cc1)c1ccccc1)C(=O)N2,Ki
CHEMBL5950192,7.6777807052660805,21.0,3,CC1(C)OB(c2cnc(N)c(-c3cc4cc(NC(=O)Nc5ccc(Cl)c(C(F)(F)F)c5)ccc4s3)c2)OC1(C)C,IC50
CHEMBL5950967,7.950781977329818,11.2,2,COC(=O)c1cc2c(cc1C)/C(=C(/Nc1ccc(C(=O)NCCCN3CCOCC3)cc1)c1ccccc1)C(=O)N2,Ki
CHEMBL595143,5.455931955649724,3500.0,1,COc1cc2c(Oc3ccc(-c4nc5ccccc5s4)cc3)ncnc2cc1OCCCN1CCN(C)CC1,IC50
CHEMBL5951980,7.958607314841775,11.0,3,COC(=O)c1cnc(N)c(-c2cc3cc(NC(=O)Nc4cccc(C(F)(F)F)c4)ccc3s2)c1,IC50
CHEMBL5952145,8.730487055782083,1.86,1,CCN(CC)Cc1ccc2c(c1)NC(=O)c1c(Nc3cc(O)ccc3C)ccnc1N2,IC50
CHEMBL5952435,8.045757490560675,9.0,1,COC(=O)c1cnc(N)c(-c2ccc(NC(=O)Nc3cc(C)ccc3F)cc2)c1,IC50
CHEMBL5952810,7.931814138253839,11.7,2,COC(=O)c1cc2c(cc1C)/C(=C(/Nc1ccc(S(=O)(=O)NCCN(C)C)cc1)c1ccccc1)C(=O)N2,Ki
CHEMBL5953091,8.072629636960976,8.46,1,CCN1CCN(CCONC(=O)c2ccc(N/C(=C3\C(=O)Nc4cc(C(=O)OC)c(C)cc43)c3ccccc3)cc2)CC1,Ki
CHEMBL5953499,8.61261017366127,2.44,1,Cc1ccc(O)cc1Nc1ccnc2c1C(=O)Nc1cc(CN3CCC(O)CC3)ccc1N2,IC50
CHEMBL595373,5.113509274827518,7700.0,1,COc1cc2c(Oc3ccc(-c4nc5ccccc5s4)cc3)ncnc2cc1OCCCN1CCCC1,IC50
CHEMBL595406,5.173925197299174,6700.0,1,COc1cc2c(Nc3ccc(-c4nc5ccccc5s4)cc3C)ncnc2cc1OCCCN1CCN(C)CC1,IC50
CHEMBL595497,4.054531414868181,88200.0,1,CCCC(=Cc1coc2nc(=N)[nH]c(N)c12)c1ccccc1OC,IC50
CHEMBL5955684,8.525783735923746,2.98,1,Cc1ccn(CCCNCc2ccc3c(c2)NC(=O)c2c(Nc4cc(O)ccc4C)ccnc2N3)n1,IC50
CHEMBL595615,5.853871964321762,1400.0,1,COc1cc2c(Nc3ccc(-c4nc5ccccc5s4)cc3)ncnc2cc1OCCCN1CCN(C)CC1,IC50
CHEMBL5956457,7.0,100.0,3,Cc1ccc(F)c(NC(=O)Nc2ccc(-c3cc(C(=O)N=S(=O)(CCCO)CCCO)cnc3N)cc2)c1,IC50
CHEMBL595757,3.9281179926938745,118000.0,1,COc1ccccc1C(Cc1coc2nc(N)nc(N)c12)C(C)C,IC50
CHEMBL5960171,7.835647144215563,14.6,1,CCN(CC)C(=O)c1ccc2c(c1)NC(=O)c1c(Nc3cc(O)c(C)cc3F)ccnc1N2,IC50
CHEMBL5960246,8.143271109617118,7.19,1,COC(=O)c1cc2c(cc1C)/C(=C(/Nc1ccc(C(=O)N(C)OCCN(C)CCO)cc1)c1ccccc1)C(=O)N2,Ki
CHEMBL5960455,8.286509456906057,5.17,1,Cc1ccc(O)cc1Nc1ccnc2c1C(=O)Nc1cc(CNC3(C)CCS(=O)(=O)C3)ccc1N2,IC50
CHEMBL596087,5.102372908709558,7900.0,1,COc1cc2c(Nc3ccc(-c4nc5ccccc5s4)c(C)c3)ncnc2cc1OCCCN1CCN(C)CC1,IC50
CHEMBL5963316,8.007004901568658,9.84,1,COC(=O)c1cc2c(cc1C)/C(=C(/Nc1ccc(C(=O)N(C)OCCN3CCNCC3)cc1)c1ccccc1)C(=O)N2,Ki
CHEMBL5964037,8.522878745280337,3.0,1,COC(=O)CCCC[S@](C)(=O)=NC(=O)c1cnc(N)c(-c2cc3cc(NC(=O)Nc4cc(C)ccc4F)ccc3s2)c1,IC50
CHEMBL5964158,7.7423214251308154,18.1,1,COC(=O)c1cc2c(cc1C)/C(=C(/Nc1ccc(C(=O)NOCCN3CCC(O)CC3)cc1)c1ccccc1)C(=O)N2,Ki
CHEMBL5964540,7.958607314841775,11.0,1,COC(=O)c1ccc2c(c1)NC(=O)/C2=C(\Nc1ccc(C(=O)N(C)OCCN2CCN(C)CC2)c(C)c1)c1ccccc1,Ki
CHEMBL5965637,6.58838029403677,258.0,3,Cc1ccc(F)c(C(=O)Nc2ccc3sc(-c4cc(C(=O)N=S(C)(C)=O)cnc4N)cc3c2)c1,IC50
CHEMBL5967591,8.031984286006358,9.29,2,COC(=O)c1cc2c(cc1C)/C(=C(/Nc1ccc(C(=O)NCCCN(C)C)cc1)c1ccccc1)C(=O)N2,Ki
CHEMBL5967664,8.460923901207224,3.46,1,CCn1ccc(CNCc2ccc3c(c2)NC(=O)c2c(Nc4cc(O)ccc4C)ccnc2N3)n1,IC50
CHEMBL5969055,7.896196279044043,12.7,2,COC(=O)c1cc2c(cc1C)/C(=C(/Nc1ccc(C(=O)NCCN3CCN(C(C)=O)CC3)cc1)c1ccccc1)C(=O)N2,Ki
CHEMBL5969243,8.525783735923746,2.98,1,CCCCNCc1ccc2c(c1)NC(=O)c1c(Nc3cc(O)ccc3C)ccnc1N2,IC50
CHEMBL5970017,7.7447274948966935,18.0,3,COC(=O)c1cnc(N)c(-c2cc3cc(NC(=O)Nc4cccc(C)c4)ccc3s2)c1,IC50
CHEMBL5970521,8.449771646944907,3.55,1,Cc1ccc(O)cc1Nc1ccnc2c1C(=O)Nc1cc(CNCCN3CCN(C)CC3)ccc1N2,IC50
CHEMBL5971350,8.126098402135538,7.48,1,COC(=O)c1cc2c(cc1C)/C(=C(/Nc1ccc(C(=O)NOCCCN(C)C)c(C)c1)c1ccccc1)C(=O)N2,Ki
CHEMBL5972918,7.85078088734462,14.1,1,COC(=O)c1ccc2c(c1)NC(=O)/C2=C(\Nc1ccc(C(=O)NOCCN2CCOCC2)c(C)c1)c1ccccc1,Ki
CHEMBL5973328,7.598599459218456,25.2,2,COC(=O)c1cc2c(cc1C)/C(=C(/Nc1ccc(C(=O)N3CCC4(CC3)C(=O)NCCCN4C)cc1)c1ccccc1)C(=O)N2,Ki
CHEMBL59735,7.180456064458131,78.5,2,COc1cc2c(N3CCN(C(=O)Nc4ccc(OC(C)C)cc4)CC3)ncnc2cc1OCCCS(=O)(=O)CC(C)C,IC50
CHEMBL5973610,8.08039897621589,8.31,1,COC(=O)c1cc2c(cc1C)/C(=C(/Nc1ccc(C(=O)NOCCN3CCN(C)CC3)cc1)c1ccccc1)C(=O)N2,Ki
CHEMBL597365,8.638272163982407,2.3,1,CCN(CC)CCNC(=O)c1c(C)[nH]c(/C=C2\C(=O)Nc3cccc(F)c32)c1C,IC50
CHEMBL597492,6.066512712151295,858.0,1,COc1cc(C2=C(c3c[nH]c4ccc(I)cc34)C(=O)NC2=O)cc(OC)c1OC,IC50
CHEMBL5975134,8.892790030352131,1.28,3,Cc1cc(F)c(Nc2ccnc3c2C(=O)Nc2cc(CN4CCCC(CCO)C4)ccc2N3)cc1O,IC50
CHEMBL5975423,8.181774106386044,6.58,1,COC(=O)c1cc2c(cc1C)/C(=C(/Nc1ccc(C(=O)NOC3CCN(C)CC3)c(C)c1)c1ccccc1)C(=O)N2,Ki
CHEMBL597592,5.809668301829708,1550.0,1,CC(C)(C)c1cc(NC(=O)Nc2cccc(Oc3cccc4[nH]c(=O)[nH]c34)c2)n(-c2ccccc2)n1,IC50
CHEMBL5976539,7.507239610973162,31.1,1,COC(=O)c1cc2c(cc1C)/C(=C(/Nc1ccc(C(=O)NOCCN3CCCCC3)cc1)c1ccccc1)C(=O)N2,Ki
CHEMBL5977315,8.366531544420413,4.3,1,Cc1cc(F)c(Nc2ccnc3c2C(=O)Nc2cc(CN(C)C)ccc2N3)cc1O,IC50
CHEMBL5977738,9.853871964321762,0.14,1,Cc1ccc(S(=O)(=O)c2ccc(C3C(C(=O)c4ccccc4)=C(N)NC4=C3C(=O)CC(C)(C)C4)cc2)cc1,IC50
CHEMBL5978454,8.995678626217357,1.01,1,Cc1cc(F)c(Nc2ccnc3c2C(=O)Nc2cc(CN4CCC[C@H](O)C4)ccc2N3)cc1O,IC50
CHEMBL5981479,7.619788758288394,24.0,3,Cc1ccc(F)c(NC(=O)Nc2ccc(-c3cc(B4OC(C)(C)C(C)(C)O4)cnc3N)cc2)c1,IC50
CHEMBL5981617,7.638272163982407,23.0,1,Cc1ccoc1C(=O)Nc1cccc(C#Cc2cncc(C(=O)N=S3(=O)CCOCC3)c2)c1,IC50
CHEMBL5981796,8.667561540084394,2.15,1,Cc1cc(F)c(Nc2ccnc3c2C(=O)Nc2cc(CN4CC[C@H](N(C)C)C4)ccc2N3)cc1O,IC50
CHEMBL5983117,7.896196279044043,12.7,2,COC(=O)c1cc2c(cc1C)/C(=C(/Nc1ccc(C(=O)NCCC(=O)N3CCN(C)CC3)cc1)c1ccccc1)C(=O)N2,Ki
CHEMBL5983627,8.769551078621726,1.7,1,Cc1cc(F)c(Nc2ccnc3c2C(=O)Nc2cc(CN4CCCC(C)(O)C4)ccc2N3)cc1O,IC50
CHEMBL5984404,8.801342913045577,1.58,1,Cc1cc(F)c(Nc2ccnc3c2C(=O)Nc2cc(CN[C@H]4CC[C@H](O)CC4)ccc2N3)cc1O,IC50
CHEMBL5986116,5.073811950892794,8437.0,1,Cn1cc(-c2cc(Oc3ccc(NC(=O)N4CCC5(CCC(O)C5)C4=O)nc3)ccn2)cn1,IC50
CHEMBL598626,5.125518182300533,7490.0,1,CC(C)(C)c1cc(NC(=O)c2cccc(Oc3cccc4[nH]c(=O)[nH]c34)c2)n(-c2ccccc2)n1,IC50
CHEMBL5986834,8.336299074610352,4.61,1,Cc1cc(F)c(Nc2ccnc3c2C(=O)Nc2cc(CN4CCC(C)(O)C(C)C4)ccc2N3)cc1O,IC50
CHEMBL5987003,8.79317412396815,1.61,1,CCOC(=O)[C@H]1C[C@H](NCc2ccc3c(c2)NC(=O)c2c(Nc4cc(O)c(C)cc4F)ccnc2N3)C1,IC50
CHEMBL5987013,8.1518108830086,7.05,1,Cc1ccc(O)cc1Nc1ccnc2c1C(=O)Nc1cc(CNCC(N)=O)ccc1N2,IC50
CHEMBL5990502,7.886056647693163,13.0,1,CC1(C)OB(c2cnc(N)c(-c3cc4cc(NC(=O)Nc5cccc(C(F)(F)F)c5)ccc4s3)c2)OC1(C)C,IC50
CHEMBL5990882,7.671620396561262,21.3,1,COC(=O)c1cc2c(cc1C)/C(=C(/Nc1ccc(C(=O)NOCCCN3CCC(OC)CC3)cc1)c1ccccc1)C(=O)N2,Ki
CHEMBL5990952,9.131355561605174,0.739,1,Cc1cc(F)c(Nc2ccnc3c2C(=O)Nc2cc(CN(C)CCN)ccc2N3)cc1O,IC50
CHEMBL5991285,6.987162775294828,103.0,1,COC(=O)c1ccc2c(c1)NC(=O)/C2=C(\Nc1ccc(C(=O)NOCCN2[C@H](C)CCC[C@@H]2C)cc1)c1ccccc1,Ki
CHEMBL5991547,8.121478204498793,7.56,1,Cc1ccc(O)cc1Nc1ccnc2c1C(=O)Nc1cc(CNCc3cccnc3)ccc1N2,IC50
CHEMBL5992463,8.614393726401687,2.43,1,Cc1cc(F)c(Nc2ccnc3c2C(=O)Nc2cc(C(=O)N[C@H]4CC[C@H](O)CC4)ccc2N3)cc1O,IC50
CHEMBL5993480,8.539102157243452,2.89,1,Cc1ccc(O)cc1Nc1ccnc2c1C(=O)Nc1cc(CNC(C)c3ccco3)ccc1N2,IC50
CHEMBL5994393,7.769551078621726,17.0,1,COC(=O)c1cc2c(cc1C)/C(=C(/Nc1ccc(C(=O)NOCCN3CCC(OC)CC3)cc1)c1ccccc1)C(=O)N2,Ki
CHEMBL5995285,6.161780778092374,689.0,1,N#Cc1ccc2c(c1)NC(=O)c1c(Nc3ccc(NS(=O)(=O)c4ccccc4)c(O)c3)ccnc1N2,IC50
CHEMBL5995829,8.322393047279506,4.76,1,N#Cc1ccc2c(c1)NC(=O)c1c(Nc3cc(O)c(F)c(F)c3)ccnc1N2,IC50
CHEMBL5999627,8.016824927962187,9.62,1,COC(=O)c1ccc2c(c1)NC(=O)/C2=C(\Nc1ccc(C(=O)NOCCCN(C)C)cc1)c1ccccc1,Ki
CHEMBL6001469,6.686132779630847,206.0,1,CC1(C)OB(c2cnc(N)c(-c3ccc(NC(=O)Nc4ccccc4)cc3)c2)OC1(C)C,IC50
CHEMBL6001546,8.064996848546345,8.61,1,COC(=O)c1cc2c(cc1C)/C(=C(/Nc1ccc(C(=O)NOCCN(C)C)cc1)c1ccccc1)C(=O)N2,Ki
CHEMBL6001628,8.71669877129645,1.92,1,Cc1cc(F)c(Nc2ccnc3c2C(=O)Nc2cc(CN4CCN5C(=O)C(C)NC(=O)C5C4)ccc2N3)cc1O,IC50
CHEMBL6001638,7.236572006437063,58.0,3,Cc1ccc(F)c(NC(=O)Nc2ccc(-c3cc(B(O)O)cnc3N)cc2)c1,IC50
CHEMBL6002049,7.696803942579511,20.1,1,N#Cc1ccc2c(c1)NC(=O)c1c(Nc3cc(O)ccc3Cl)ccnc1N2,IC50
CHEMBL6002371,8.377785977033705,4.19,2,COc1cc2ncc(-c3cccc(NC4CCNC4)n3)n2cc1-c1cccnc1,IC50
CHEMBL6005367,6.028724151261895,936.0,2,COC(=O)c1cnc(N)c(-c2cc3cc(NC(=O)c4cc5ccccc5o4)ccc3s2)c1,IC50
CHEMBL6005413,5.12801864615663,7447.0,1,Cn1cc(-c2cc(Oc3ccc(NC(=O)N4CCC5(CCC(F)(F)C5)C4=O)nc3)ccn2)cn1,IC50
CHEMBL6006057,8.337242168318426,4.6,1,N#Cc1ccc2c(c1)NC(=O)c1c(Nc3cc(O)c(Cl)cc3F)ccnc1N2,IC50
CHEMBL6006379,7.73754891026957,18.3,1,COC(=O)c1cc2c(cc1C)/C(=C(/Nc1ccc(C(=O)N(C)OCCN3CC4CCC(C3)N4)cc1)c1ccccc1)C(=O)N2,Ki
CHEMBL6006564,6.886056647693163,130.0,3,CC1(C)OB(c2cnc(N)c(-c3cc4cc(NC(=O)Nc5ccccc5)ccc4s3)c2)OC1(C)C,IC50
CHEMBL6007126,7.000434511774017,99.9,1,Cc1cccc(NC(=O)Nc2ccc(-c3nn(CCCN(C)CCCC(=O)NO)c4ncnc(N)c34)cc2)c1,IC50
CHEMBL6007247,9.100726812682396,0.793,1,CCN(CCO)Cc1ccc2c(c1)NC(=O)c1c(Nc3cc(O)c(Cl)cc3F)ccnc1N2,IC50
CHEMBL6008242,6.939302159646388,115.0,1,COP(=O)(OC)c1cnc(N)c(-c2ccc(NC(=O)Nc3cc(C(F)(F)F)ccc3F)cc2)c1,IC50
CHEMBL6008313,8.027334407733889,9.39,2,COC(=O)c1cc2c(cc1C)/C(=C(/Nc1ccc(C(=O)N3CCN(C)CC3)cc1)c1ccccc1)C(=O)N2,Ki
CHEMBL6008677,8.636388020107855,2.31,1,Cc1ccc(O)cc1Nc1ccnc2c1C(=O)Nc1cc(CNCC3CNC(=O)C3)ccc1N2,IC50
CHEMBL6009138,8.779891911959945,1.66,1,Cc1cc(F)c(Nc2ccnc3c2C(=O)Nc2cc(CN4CCCC(C(N)=O)C4)ccc2N3)cc1O,IC50
CHEMBL6009160,8.0,10.0,2,COC(=O)c1cc2c(cc1C)/C(=C(/Nc1ccc(C(=O)N3CCC4(CC3)C(=O)NCCN4C)cc1)c1ccccc1)C(=O)N2,Ki
CHEMBL6010612,8.610833915635467,2.45,1,Cc1ccc(O)cc1Nc1ccnc2c1C(=O)Nc1cc(CNCCn3ccnn3)ccc1N2,IC50
CHEMBL6011082,8.779891911959945,1.66,1,Cc1ccc(O)cc1Nc1ccnc2c1C(=O)Nc1cc(CNC(C)C3CC=CCC3)ccc1N2,IC50
CHEMBL6011542,7.8996294548824375,12.6,1,N#Cc1ccc2c(c1)NC(=O)c1c(Nc3cccc(O)c3)ccnc1N2,IC50
CHEMBL6011659,8.057991946977687,8.75,2,COC(=O)c1cc2c(cc1C)/C(=C(/Nc1ccc(C(=O)NCCN3CCC(O)CC3)cc1)c1ccccc1)C(=O)N2,Ki
CHEMBL6011736,7.698970004336019,20.0,3,Cc1cccc(NC(=O)Nc2ccc3sc(-c4cc(C(=O)N=S(C)(C)=O)cnc4N)cc3c2)c1,IC50
CHEMBL6012223,8.809668301829708,1.55,1,Cc1cc(F)c(Nc2ccnc3c2C(=O)Nc2cc(CN(C)C[C@H](C)O)ccc2N3)cc1O,IC50
CHEMBL6014529,8.66354026615147,2.17,1,Cc1cc(F)c(Nc2ccnc3c2C(=O)Nc2cc(CNC4CC4)ccc2N3)cc1O,IC50
CHEMBL6014699,7.136677139879544,73.0,3,CS(C)(=O)=NC(=O)c1cnc(N)c(-c2cc3cc(NC(=O)Nc4ccccc4)ccc3s2)c1,IC50
CHEMBL6015041,8.241088107602026,5.74,1,Cc1ccc(O)cc1Nc1ccnc2c1C(=O)Nc1cc(CNCC(C)N3CCOCC3)ccc1N2,IC50
CHEMBL6015812,8.744727494896694,1.8,1,Cc1ccc(O)cc1Nc1ccnc2c1C(=O)Nc1cc(CN3CCCC3)ccc1N2,IC50
CHEMBL6015988,8.688246138944246,2.05,1,Cc1ccc(O)cc1Nc1ccnc2c1C(=O)Nc1cc(CNC(C)(C)CN3CCCC3)ccc1N2,IC50
CHEMBL6016400,8.804100347590767,1.57,1,Cc1ccc(O)cc1Nc1ccnc2c1C(=O)Nc1cc(CN[C@H](C)C3CCCCC3)ccc1N2,IC50
CHEMBL6017631,7.991399828238082,10.2,1,COC(=O)c1ccc2c(c1)NC(=O)/C2=C(\Nc1ccc(C(=O)N(OC)C2CCN(C)CC2)cc1)c1ccccc1,Ki
CHEMBL6018088,8.213958789757445,6.11,2,COC(=O)c1cc2c(cc1C)/C(=C(/Nc1ccc(C(=O)NCCCN3CCN(C)CC3)cc1)c1ccccc1)C(=O)N2,Ki
CHEMBL6018228,8.539102157243452,2.89,1,Cc1ccc(O)cc1Nc1ccnc2c1C(=O)Nc1cc(CNC3CCC3)ccc1N2,IC50
CHEMBL6019356,7.703334809738469,19.8,1,COC(=O)c1ccc2c(c1)NC(=O)/C2=C(\Nc1ccc(S(=O)(=O)N(C)OCCN2CCN(C)CC2)cc1)c1ccccc1,Ki
CHEMBL6019859,7.42021640338319,38.0,3,COC(=O)c1cnc(N)c(-c2cc3cc(NC(=O)c4cc(C)ccc4F)ccc3s2)c1,IC50
CHEMBL6020412,8.003050751504619,9.93,1,COC(=O)c1cc2c(cc1C)/C(=C(/Nc1ccc(S(=O)(=O)NCCN3CCN(C)CC3)cc1)c1ccccc1)C(=O)N2,Ki
CHEMBL6021114,8.978810700930062,1.05,1,Cc1cc(F)c(Nc2ccnc3c2C(=O)Nc2cc(CN4CCCCCC4)ccc2N3)cc1O,IC50
CHEMBL602123,5.621602099051862,2390.0,1,O=C(Nc1cc(Oc2cccc3[nH]c(=O)[nH]c23)c(F)c(F)c1F)c1cccc(OC(F)(F)F)c1,IC50
CHEMBL6022427,8.681936665037238,2.08,1,CSCC(CO)NCc1ccc2c(c1)NC(=O)c1c(Nc3cc(O)c(C)cc3F)ccnc1N2,IC50
CHEMBL6022725,8.123205023799299,7.53,1,Cc1ccc(O)cc1Nc1ccnc2c1C(=O)Nc1cc(CNCCOCC3CCCO3)ccc1N2,IC50
CHEMBL6023778,7.55129368009492,28.1,1,COCCN1CCN(CCONC(=O)c2ccc(N/C(=C3\C(=O)Nc4cc(C(=O)OC)ccc43)c3ccccc3)cc2)CC1,Ki
CHEMBL6024228,8.549750891680638,2.82,1,Cc1ccc(O)cc1Nc1ccnc2c1C(=O)Nc1cc(CNC3(C)CCC3)ccc1N2,IC50
CHEMBL6024367,8.539102157243452,2.89,1,Cc1cc(F)c(Nc2ccnc3c2C(=O)Nc2cc(CN4CCOCC4)ccc2N3)cc1O,IC50
CHEMBL6024653,8.002176919254275,9.95,1,CNC(=O)CN1CCN(CCON(C)C(=O)c2ccc(N/C(=C3\C(=O)Nc4cc(C(=O)OC)c(C)cc43)c3ccccc3)cc2)CC1,Ki
CHEMBL6025133,8.309803919971486,4.9,1,Cc1cc(F)c(Nc2ccnc3c2C(=O)Nc2cc(CNC(C)C4CCCCC4)ccc2N3)cc1O,IC50
CHEMBL6026268,8.146910470148134,7.13,1,COC(=O)c1cc2c(cc1C)/C(=C(/Nc1ccc(C(=O)NOCCN(C)C)c(C)c1)c1ccccc1)C(=O)N2,Ki
CHEMBL6026951,8.056011124926227,8.79,2,COC(=O)c1cc2c(cc1C)/C(=C(/Nc1ccc(C(=O)N3CCN(CCO)CC3)cc1)c1ccccc1)C(=O)N2,Ki
CHEMBL6027090,7.2441251443275085,57.0,1,COP(=O)(OC)c1cnc(N)c(-c2ccc(NC(=O)Nc3cccc(C(F)(F)F)c3)cc2)c1,IC50
CHEMBL6027155,8.454692883534175,3.51,1,Cc1cc(F)c(Nc2ccnc3c2C(=O)Nc2cc(CN4CCCC(OCC(F)(F)F)C4)ccc2N3)cc1O,IC50
CHEMBL6028045,9.301029995663981,0.5,1,Cc1ccc(F)c(NC(=O)Nc2ccc(-c3nn(CCCCCCCC(=O)NO)c4ncnc(N)c34)cc2)c1,IC50
CHEMBL6028974,8.163675884293248,6.86,2,COC(=O)c1cc2c(cc1C)/C(=C(/Nc1ccc(C(=O)NCC3CCN(C)CC3)cc1)c1ccccc1)C(=O)N2,Ki
CHEMBL6029379,7.568636235841013,27.0,3,CS(C)(=O)=NC(=O)c1cnc(N)c(-c2cc3cc(NC(=O)Nc4cc(C(F)(F)F)ccc4F)ccc3s2)c1,IC50
CHEMBL6029995,7.5376020021010435,29.0,3,COC(=O)c1cnc(N)c(-c2cc3cc(NC(=O)c4cc(C(F)(F)F)ccc4F)ccc3s2)c1,IC50
CHEMBL6030373,8.003050751504619,9.93,1,COC(=O)Cc1cc(C)c(C(=O)OC)cc1[N+](=O)[O-],Ki
CHEMBL6031371,8.462180904926726,3.45,1,Cc1cc(F)c(Nc2ccnc3c2C(=O)Nc2cc(CNC[C@@H]4CCN(C(=O)OC(C)(C)C)C[C@H]4O)ccc2N3)cc1O,IC50
CHEMBL6033462,7.889410289700751,12.9,2,COC(=O)c1cc2c(cc1C)/C(=C(/Nc1ccc(C(=O)NCCN3CCCN(C)CC3)cc1)c1ccccc1)C(=O)N2,Ki
CHEMBL6033794,7.276544327964814,52.9,1,Cc1ccc(O)cc1Nc1ccnc2c1C(=O)Nc1cc(CNc3ccccc3F)ccc1N2,IC50
CHEMBL6034712,7.346787486224656,45.0,3,COC(=O)c1cnc(N)c(-c2cc3cc(NC(=O)Nc4ccc(Cl)c(C(F)(F)F)c4)ccc3s2)c1,IC50
CHEMBL6035754,7.769551078621726,17.0,3,Cc1ccc(F)c(NC(=O)Nc2ccc3sc(-c4cc(C(=O)N=S(C)(C)=O)cnc4N)cc3c2)c1,IC50
CHEMBL6036526,7.703334809738469,19.8,1,Cc1ccc(O)cc1Nc1ccnc2c1C(=O)Nc1cc(CN3CCN(CCO)CC3)ccc1N2,IC50
CHEMBL6036891,7.835647144215563,14.6,1,Cc1ccc(O)cc1Nc1ccnc2c1C(=O)Nc1cc(CNc3ccn(C)n3)ccc1N2,IC50
CHEMBL6037276,8.0,10.0,3,Cc1ccc(F)c(NC(=O)Nc2ccc3sc(-c4cc(B5OC(C)(C)C(C)(C)O5)cnc4N)cc3c2)c1,IC50
CHEMBL6038195,8.18045606445813,6.6,1,COC(=O)c1cc2c(cc1C)/C(=C(/Nc1ccc(C(=O)NOCCN3CCN(CCO)CC3)cc1)c1ccccc1)C(=O)N2,Ki
CHEMBL6038302,7.91721462968355,12.1,1,CCN(CCO)C(=O)c1ccc2c(c1)NC(=O)c1c(Nc3cc(O)c(C)cc3F)ccnc1N2,IC50
CHEMBL6039280,6.860120913598763,138.0,3,Nc1ncc(B(O)O)cc1-c1cc2cc(NC(=O)Nc3ccccc3)ccc2s1,IC50
CHEMBL6040123,8.324221658325914,4.74,1,Cc1ccc(O)cc1Nc1ccnc2c1C(=O)Nc1cc(CNCCO)ccc1N2,IC50
CHEMBL6040277,8.756961951313706,1.75,1,Cc1cc(F)c(Nc2ccnc3c2C(=O)Nc2cc(CNC4CCC4)ccc2N3)cc1O,IC50
CHEMBL6040388,8.416801226031378,3.83,1,COc1cc(O)cc(Nc2ccnc3c2C(=O)Nc2cc(C#N)ccc2N3)c1,IC50
CHEMBL6042751,8.542118103266008,2.87,1,COc1ccccc1CNCc1ccc2c(c1)NC(=O)c1c(Nc3cc(O)ccc3C)ccnc1N2,IC50
CHEMBL6043372,8.241088107602026,5.74,1,Cc1ccc(O)cc1Nc1ccnc2c1C(=O)Nc1cc(CNCc3ccccc3F)ccc1N2,IC50
CHEMBL604483,5.214670164989233,6100.0,1,COc1cc2c(Oc3ccc(-c4nc5ccccc5s4)cc3F)ncnc2cc1OCCCN1CCN(C)CC1,IC50
CHEMBL604485,5.0,10000.0,1,COc1cc2ncnc(Nc3ccc(-c4nc5ccccc5s4)c(O)c3)c2cc1OCCCN1CCN(C)CC1,IC50
CHEMBL6046062,8.0,10.0,3,COC(=O)c1cnc(N)c(-c2cc3cc(NC(=O)Nc4ccccc4F)ccc3s2)c1,IC50
CHEMBL6046380,7.721246399047171,19.0,1,COc1cccc(NC(=O)c2cccc(C#Cc3cc(C(=O)N=S4(=O)CCOCC4)cnc3N)c2)c1,IC50
CHEMBL6046549,8.036684488613888,9.19,1,COC(=O)c1cc2c(cc1C)/C(=C(/Nc1ccc(C(=O)N(C)OCCN3C[C@@H]4C[C@H]3CN4)cc1)c1ccccc1)C(=O)N2,Ki
CHEMBL6047384,8.453457336521868,3.52,1,Cc1ccc(O)cc1Nc1ccnc2c1C(=O)Nc1cc(CNCC3CC3)ccc1N2,IC50
CHEMBL6047944,8.41793663708829,3.82,1,Cc1ccc(Nc2ccnc3c2C(=O)Nc2cc(C#N)ccc2N3)cc1O,IC50
CHEMBL6048773,8.195179321278838,6.38,1,Cc1cc(F)c(Nc2ccnc3c2C(=O)Nc2cc(CN4CCN(CC(F)F)CC4)ccc2N3)cc1O,IC50
CHEMBL604893,5.113509274827518,7700.0,1,COc1cc2ncnc(Nc3ccc(-c4nc5ccccc5s4)c(Cl)c3)c2cc1OCCCN1CCN(C)CC1,IC50
CHEMBL6049077,8.399027104313252,3.99,1,COCCCNCc1ccc2c(c1)NC(=O)c1c(Nc3cc(O)ccc3C)ccnc1N2,IC50
CHEMBL6049309,8.721246399047171,1.9,1,Cc1cc(F)c(Nc2ccnc3c2C(=O)Nc2cc(CNC(C)CO)ccc2N3)cc1O,IC50
CHEMBL604992,5.468521082957745,3400.0,1,COc1cc2c(Nc3ccc(-c4nc5ccc(F)cc5s4)cc3)ncnc2cc1OCCCN1CCN(C)CC1,IC50
CHEMBL6051368,8.316052869248487,4.83,2,COC(=O)c1cc2c(cc1C)/C(=C(/Nc1ccc(C(=O)N3CCC(C(=O)NCCN(C)C)CC3)cc1)c1ccccc1)C(=O)N2,Ki
CHEMBL6051668,8.022733787572708,9.49,2,COC(=O)c1cc2c(cc1C)/C(=C(/Nc1ccc(C(=O)N(C)[C@H]3CN(C)C[C@@H]3O)cc1)c1ccccc1)C(=O)N2,Ki
CHEMBL6052352,9.312471038785366,0.487,1,CCN(C)Cc1ccc2c(c1)NC(=O)c1c(Nc3cc(O)c(C)cc3F)ccnc1N2,IC50
CHEMBL6053013,8.0,10.0,1,CC(C)(C)c1cc(NC(=O)c2cccc(C#Cc3cc(C(=O)N=S4(=O)CCOCC4)cnc3N)c2)no1,IC50
CHEMBL6053134,7.769551078621726,17.0,3,CS(C)(=O)=NC(=O)c1cnc(N)c(-c2cc3cc(NC(=O)Nc4ccc(F)c(Cl)c4)ccc3s2)c1,IC50
CHEMBL6053743,9.064996848546345,0.861,1,Cc1cc(F)c(Nc2ccnc3c2C(=O)Nc2cc(CN4CCNCC4)ccc2N3)cc1O,IC50
CHEMBL6053773,5.80271944187438,1575.0,1,Cn1cc(-c2cc(Oc3ccc(NC(=O)N4CCC5(CCCCC5)C4=O)nc3)ccn2)cn1,IC50
CHEMBL6054222,9.083019952679617,0.826,1,Cc1cc(F)c(Nc2ccnc3c2C(=O)Nc2cc(CNC(CO)C(C)C)ccc2N3)cc1O,IC50
CHEMBL6054709,8.913640169325252,1.22,1,CCNCc1ccc2c(c1)NC(=O)c1c(Nc3cc(O)c(C)cc3F)ccnc1N2,IC50
CHEMBL6056846,7.698970004336019,20.0,2,COC(=O)c1cc2c(cc1C)/C(=C(/Nc1ccc(C(=O)NCCN3CCC(F)CC3)cc1)c1ccccc1)C(=O)N2,Ki
CHEMBL6058213,7.935542010773082,11.6,2,COC(=O)c1cc2c(cc1C)/C(=C(/Nc1ccc(C(=O)NCCN3CCN(C)CC3)cc1)c1ccccc1)C(=O)N2,Ki
CHEMBL6058913,7.7594507517174005,17.4,1,COC(=O)c1cc2c(cc1C)/C(=C(/Nc1ccc(S(=O)(=O)N(C)OCCN(C)CCO)cc1)c1ccccc1)C(=O)N2,Ki
CHEMBL605957,6.045757490560675,900.0,1,COc1cc(C2=C(c3c[nH]c4ccc(Br)cc34)C(=O)NC2=O)cc(OC)c1OC,IC50
CHEMBL6059731,8.987162775294827,1.03,1,Cc1cc(F)c(Nc2ccnc3c2C(=O)Nc2cc(CN4CC[C@@H](O)C4)ccc2N3)cc1O,IC50
CHEMBL6060050,7.809668301829708,15.5,1,COC(=O)c1ccc2c(c1)NC(=O)/C2=C(\Nc1ccc(C(=O)N2CCN(C)CCO2)cc1)c1ccccc1,Ki
CHEMBL6060311,8.85078088734462,1.41,1,Cc1cc(F)c(Nc2ccnc3c2C(=O)Nc2cc(CN)ccc2N3)cc1O,IC50
CHEMBL606039,3.8184422261372135,151900.0,1,COc1ccccc1/C(C)=C\c1coc2nc(N)nc(N)c12,IC50
CHEMBL606168,5.573976984310124,2667.0,1,COc1cc(C2=C(c3c[nH]c4ccc(F)cc34)C(=O)NC2=O)cc(OC)c1OC,IC50
CHEMBL6062612,8.29929628285498,5.02,1,Cc1cc(F)c(Nc2ccnc3c2C(=O)Nc2cc(CN4CCC(O)C(C)(C)C4)ccc2N3)cc1O,IC50
CHEMBL6062938,7.886056647693163,13.0,1,COC(=O)c1cc2c(cc1C)/C(=C(/Nc1ccc(C(=O)N(C)OCCN3CCN[C@H](C)C3)cc1)c1ccccc1)C(=O)N2,Ki
CHEMBL606466,5.346787486224656,4500.0,1,COc1cc2c(Nc3ccc(-c4nc5ccccc5s4)c(O)c3)ncnc2cc1OCCCN1CCN(C)CC1,IC50
CHEMBL6064687,8.235077015350111,5.82,1,Cc1ccc(O)cc1Nc1ccnc2c1C(=O)Nc1cc(CNCc3ccccc3)ccc1N2,IC50
CHEMBL6064744,7.735182176990463,18.4,1,COc1ccc(NCc2ccc3c(c2)NC(=O)c2c(Nc4cc(O)ccc4C)ccnc2N3)cc1F,IC50
CHEMBL6065121,8.818156412055227,1.52,1,Cc1cc(F)c(Nc2ccnc3c2C(=O)Nc2cc(CN4CCN(C)CC4)ccc2N3)cc1O,IC50
CHEMBL610181,4.892790030352131,12800.0,1,COc1ccccc1/C(C)=C/c1coc2nc(N)nc(N)c12,IC50
CHEMBL6114929,8.886056647693163,1.3,1,CC(C)(C)c1cc(NC(=O)Cc2ccc(-n3cnc4cc(-c5cccnc5)ccc43)cc2)on1,IC50
CHEMBL6148983,7.920818753952375,12.0,1,CC(C)(C)c1cc(NC(=O)Cc2ccc(-n3cnc4cc(C5CCNCC5)ccc43)cc2)on1,IC50
CHEMBL6150730,9.050609993355087,0.89,1,CC(C)(C)c1cc(NC(=O)Cc2ccc(-n3cnc4cc(-c5cn[nH]c5)ccc43)cc2)on1,IC50
CHEMBL6159776,5.787812395596042,1630.0,1,CC(C)(C)c1cc(NC(=O)Nc2ccc(C#Cc3ccc(OCCCN4CCOCC4)cc3)cc2)no1,IC50
CHEMBL6162898,8.939302159646388,1.15,1,Cn1cc(-c2ccc3c(c2)ncn3-c2ccc(CC(=O)Nc3cc(C(C)(C)C)no3)cc2)cn1,IC50
CHEMBL6246,5.886056647693163,1300.0,1,O=c1oc2c(O)c(O)cc3c(=O)oc4c(O)c(O)cc1c4c23,IC50
CHEMBL69358,4.698970004336019,20000.0,1,CCN(CC)CCNC(=O)c1cc(C)c(/C=C2\C(=O)Nc3ncnc(Nc4ccc(F)c(Cl)c4)c32)[nH]1,IC50
CHEMBL74197,6.096910013008056,800.0,1,Cc1cc(C)cc(Nc2nnc(Cc3ccncc3)c3ccccc23)c1,IC50
CHEMBL7432,6.4430283238465815,700.0,4,CN(C)CC(=O)Oc1ccc2[nH]c(C(=O)c3cc4ccccc4[nH]3)cc2c1,IC50
CHEMBL74587,5.552841968657781,2800.0,1,c1ccc(Nc2nnc(Cc3ccncc3)c3ccccc23)cc1,IC50
CHEMBL75034,5.698970004336019,2000.0,1,COc1cc(Nc2nnc(Cc3ccncc3)c3ccccc23)ccc1Cl,IC50
CHEMBL75196,6.221848749616356,600.0,1,Clc1ccc(Nc2nnc(Cc3ccncc3)c3ccccc23)cc1Cl,IC50
CHEMBL75232,6.265826334793921,545.0,2,Clc1ccc(Nc2nnc(Cc3ccncc3)c3ccccc23)cc1.O=C(O)CCC(=O)O,IC50
CHEMBL75462,6.096910013008056,800.0,1,COc1cccc(Nc2nnc(Cc3ccncc3)c3ccccc23)c1,IC50
CHEMBL7572,6.522878745280337,300.0,3,CC(=O)Oc1ccc2[nH]c(C(=O)c3cc4ccccc4[nH]3)cc2c1,IC50
CHEMBL7600,7.0,100.0,3,COCC(=O)Oc1ccc2[nH]c(C(=O)c3cc4ccccc4[nH]3)cc2c1,IC50
CHEMBL7724,5.207608310501746,6200.0,4,Cc1cc2ncc(-c3ccccc3)nc2cc1C,IC50
CHEMBL7735,6.4604093769761874,400.0,4,O=C(c1cc2ccccc2[nH]1)c1cc2cc(O)ccc2[nH]1,IC50
CHEMBL77555,5.3979400086720375,4000.0,1,FC(F)(F)c1cc(Nc2nnc(Cc3ccncc3)c3ccccc23)ccc1Cl,IC50
CHEMBL78257,5.552841968657781,2800.0,1,N#CC(C#N)=C(N)/C(C#N)=C/c1cc(O)c(O)c(O)c1,IC50
CHEMBL78303,6.0,1000.0,1,Cc1cccc(Nc2nnc(Cc3ccncc3)c3ccccc23)c1,IC50
CHEMBL85021,4.756961951313706,17500.0,1,CC(C)c1cc(/C=C2\C(=O)Nc3ccccc32)cc(C(C)C)c1O,IC50
CHEMBL86480,4.480172006224281,33100.0,1,O=C1Nc2ccccc2/C1=C/c1ccc(N2CCOCC2)cc1,IC50
CHEMBL86755,4.920818753952375,12000.0,1,O=C1Nc2ccccc2/C1=C/c1ccc[nH]1,IC50
CHEMBL86943,5.3979400086720375,4000.0,1,CCOC(=O)c1c(C)[nH]c(/C=C2\C(=O)Nc3ccccc32)c1C,IC50
CHEMBL87208,5.552841968657781,2800.0,1,O=C1Nc2cc(F)ccc2/C1=C/c1ccc[nH]1,IC50
CHEMBL87324,4.739928612014925,18200.0,1,Cc1cc(C)c(/C=C2\C(=O)Nc3cc(F)ccc32)[nH]1,IC50
CHEMBL87325,4.379863945026242,41700.0,1,O=C1Nc2ccc([N+](=O)[O-])cc2/C1=C/c1ccc[nH]1,IC50
CHEMBL88405,4.860120913598763,13800.0,1,O=CN1CCN(c2ccc(/C=C3\C(=O)Nc4ccc(Br)cc43)cc2)CC1,IC50
CHEMBL88462,4.856985199745905,13900.0,1,COc1ccccc1-c1ccc2c(c1)NC(=O)/C2=C\c1cc2c([nH]1)CCCC2,IC50
CHEMBL88483,4.939302159646388,11500.0,1,NS(=O)(=O)c1ccc2c(c1)/C(=C/c1cc3c([nH]1)CCCC3)C(=O)N2,IC50
CHEMBL88606,6.036212172654444,920.0,1,O=C1Nc2ccc(Br)cc2/C1=C/c1cc2c([nH]1)CCCC2,IC50
CHEMBL88771,7.3979400086720375,40.0,1,O=C(O)CCc1c(/C=C2\C(=O)Nc3cc(-c4ccccc4)ccc32)[nH]c2c1CCCC2,IC50
CHEMBL89010,5.987162775294828,1030.0,1,O=C1Nc2ccc(C(=O)O)cc2/C1=C/c1cc2c([nH]1)CCCC2,IC50
CHEMBL89040,4.610833915635467,24500.0,1,Cc1cccc2c1/C(=C/c1ccc(N3CCN(C=O)CC3)cc1)C(=O)N2,IC50
CHEMBL89363,5.419555741927512,14455.0,4,Cc1c[nH]c(/C=C2\C(=O)Nc3ccccc32)c1CCC(=O)O,IC50
CHEMBL89483,4.5934598195660445,25500.0,1,Cc1ccc2c(c1)/C(=C/c1[nH]c(C)cc1C)C(=O)N2,IC50
CHEMBL89723,4.218963061378868,60400.0,1,CC(C)c1cc(/C=C2\C(=O)Nc3ccc(Cl)cc32)cc(C(C)C)c1O,IC50
CHEMBL90277,4.30189945437661,49900.0,1,Cc1cccc2c1/C(=C/c1ccc(N3CCOCC3)cc1)C(=O)N2,IC50
CHEMBL91250,5.460923901207224,3460.0,1,COc1ccc2c(c1)NC(=O)/C2=C\c1cc2c([nH]1)CCCC2,IC50
CHEMBL91815,5.265200170411153,5430.0,1,COc1ccc(-c2ccc3c(c2)NC(=O)/C3=C\c2[nH]c3c(c2CCC(=O)O)CCCC3)cc1,IC50
CHEMBL941,6.619788758288394,240.0,7,Cc1ccc(NC(=O)c2ccc(CN3CCN(C)CC3)cc2)cc1Nc1nccc(-c2cccnc2)n1,IC50
CHEMBL99635,4.527243550682788,29700.0,1,O=C(Nc1ccc(Oc2ccccc2)cc1)N1CCN(c2ncnc3ccc([N+](=O)[O-])cc23)CC1,IC50
CHEMBL99729,6.698970004336019,200.0,2,CCNc1cc2ncnc(N3CCN(C(=O)Nc4ccc(Oc5ccccc5)cc4)CC3)c2cc1[N+](=O)[O-],IC50
CHEMBL99743,6.154901959985743,700.0,4,COc1cc2ncnc(N3CCN(C(=O)Nc4ccc([N+](=O)[O-])cc4)CC3)c2cc1OC,IC50
