molecule_chembl_id,pAct,value_nM,n_meas,smiles,std_type
CHEMBL101311,6.699991797446187,199.53,1,CN(C)CC(O)COc1ccc(Nc2nccc(Nc3cc(Cl)ccc3Cl)n2)cc1,Ki
CHEMBL103667,4.3872161432802645,41000.0,1,Cc1ccc(-n2nc(C(C)(C)C)cc2NC(=O)Nc2ccc(OCCN3CCOCC3)c3ccccc23)cc1,IC50
CHEMBL1077317,6.961316047357922,251.5,2,Cc1cn(-c2cc(NC(=O)c3ccc(C)c(/C=C/N4CNc5c(NC6CC6)ncnc54)c3)cc(C(F)(F)F)c2)cn1,IC50
CHEMBL1080580,5.656681865368853,2250.0,2,Cc1ccc(NC(=O)c2ccc(/C=C/C(=O)NO)cc2)cc1Nc1nc(-c2cccnc2)cs1,IC50
CHEMBL1081198,4.841637507904751,14400.0,1,O=C(Nc1cccc(-c2cn3ccnc3c(NCc3ccncc3)n2)c1)Nc1cccc(C(F)(F)F)c1,IC50
CHEMBL1081312,7.772349114171462,16.925,4,Nc1ncnc2c1c(-c1cnc3[nH]ccc3c1)nn2C1CCCC1,IC50
CHEMBL1084268,7.167491087293763,68.0,1,CCn1cnc2c(Nc3ccc(P(=O)(O)CP(=O)(O)O)cc3)nc([C@H]3CC[C@H](N)CC3)nc21,IC50
CHEMBL1085511,7.3979400086720375,40.0,1,CC(C)COC(=O)Nc1ccc(-c2cnc3c(-c4ccc(N5CCN(C)CC5)cc4)cnn3c2N)cc1,IC50
CHEMBL1087650,6.249491605148654,563.0,1,CN1C[C@@H]2C[C@H]1CN2c1ccc(-c2ccnc3c(-c4cccc(O)c4)c(-c4ccncc4)nn23)cc1,IC50
CHEMBL1088240,9.397940008672037,0.4,1,COc1cc(Nc2c(C#N)cnc3cc(/C=C/CCN4CCN(C)CC4)c(OC)cc23)c(Cl)cc1Cl,IC50
CHEMBL1090672,6.320572103387881,478.0,1,COc1ccccc1/C=C/c1nc2ccccc2c(=O)[nH]1,IC50
CHEMBL1092754,8.013228265733755,9.7,1,Cn1cc(/C=C2\Oc3cccc(O)c3C2=O)c2c(-c3ccc(C(=O)NCCO)cc3)ccnc21,IC50
CHEMBL1092926,7.096910013008056,80.0,1,Fc1cc(-c2cccc3ncc(-c4cnn(C5CCNCC5)c4)nc23)cc(F)c1CN1CCOCC1,IC50
CHEMBL1097700,6.669586226650809,214.0,1,CNc1cc(O)c2c(c1)/C=C/C[C@H](O)[C@H](O)C(=O)/C=C\[C@@H](C)[C@H](C)OC2=O,IC50
CHEMBL111339,7.522878745280337,30.0,1,Cc1ccc(Nc2ncc3cc(-c4c(Cl)cccc4Cl)c(=O)n(C)c3n2)cc1,IC50
CHEMBL1163016,8.301029995663981,5.0,1,CC1(C)CC(NC(=O)c2cccc(-c3cc4nccc(Nc5cccc(O)c5)n4n3)c2)CC(C)(C)N1[O],IC50
CHEMBL1164180,6.0999990348465305,794.33,1,CN1CCN(c2ccc(-c3cnc4c(c3)N(Cc3cc(Cl)ccc3C(F)(F)F)CCN4)cn2)CC1,Ki
CHEMBL1164265,7.0,100.0,1,CN1CCN(c2ccc(-c3cnc4c(c3)N(Cc3c(F)ccc(F)c3Cl)CCN4)cn2)CC1,Ki
CHEMBL1165511,6.1249387366083,750.0,5,Fc1ccc(C(Cl)Cn2ncc3c(Nc4cccc(F)c4)ncnc32)cc1,Ki
CHEMBL1169705,7.428336435003977,60.0,2,Cc1ccc(C(=O)Nc2ccc(CN3CCCN(C)CC3)c(C(F)(F)F)c2)cc1C#Cc1cnc2ccccn12,IC50
CHEMBL1169875,6.901773729148305,277.0,2,Cc1ccc(C(=O)Nc2cc(C(F)(F)F)ccn2)cc1C#Cn1cnc2c(NC3CC3)ncnc21,IC50
CHEMBL1169876,6.223788185745337,7768.0,2,Cc1ccc(C(=O)Nc2cc(C(F)(F)F)on2)cc1/C=C/n1cnc2c(NC3CC3)ncnc21,IC50
CHEMBL1169881,7.560940257651416,46.05,2,Cc1ccc(C(=O)Nc2ccc(OC3CCN(C)CC3)c(C(F)(F)F)c2)cc1C#Cc1cnc2ccccn12,IC50
CHEMBL1169882,7.221186255786586,90.0,2,CCN1CCN(Cc2ccc(NC(=O)c3ccc(C)c(C#Cc4cnc5ccccn45)c3)cc2C(F)(F)F)CC1,IC50
CHEMBL1170077,7.581837942146624,31.5,2,Cc1ccc(C(=O)Nc2ccc(CN3CCNCC3)c(C(F)(F)F)c2)cc1C#Cc1cnc2ccccn12,IC50
CHEMBL1170078,7.220046687481943,93.5,2,Cc1ccc(C(=O)Nc2ccc(CN3CCNC(C)C3)c(C(F)(F)F)c2)cc1C#Cc1cnc2ccccn12,IC50
CHEMBL1170747,6.619788758288394,240.0,1,NCc1ccc(-c2cn3c(-c4cn[nH]c4)cnc3cn2)cc1,IC50
CHEMBL1170749,6.522878745280337,300.0,1,OCc1ccc(-c2cn3c(-c4cn[nH]c4)cnc3cn2)cc1,IC50
CHEMBL1171038,7.158927461813084,105.5,2,Cc1ccc(C(=O)Nc2cc(-n3cnc(CN4CCCC4)c3)cc(C(F)(F)F)c2)cc1C#Cc1cnc2ccccn12,IC50
CHEMBL1171043,6.955683929076841,137.5,2,Cc1ccc(C(=O)Nc2ccc(CN3CCN(C(C)C)CC3)c(C(F)(F)F)c2)cc1C#Cc1cnc2ccccn12,IC50
CHEMBL1171044,7.434994025164048,45.0,2,Cc1ccc(C(=O)Nc2ccc(CN3CCN(CCO)CC3)c(C(F)(F)F)c2)cc1C#Cc1cnc2ccccn12,IC50
CHEMBL1171045,6.955931955649724,149.5,2,Cc1ccc(C(=O)Nc2ccc(CN3CCN(CCF)CC3)c(C(F)(F)F)c2)cc1C#Cc1cnc2ccccn12,IC50
CHEMBL1171085,7.060739102249396,106.5,2,Cc1ccc(C(=O)Nc2cc(-n3ccnc3CN(C)C)cc(C(F)(F)F)c2)cc1C#Cc1cnc2ccccn12,IC50
CHEMBL1171086,8.420818753952375,5.3,4,Cc1ccc(C(=O)Nc2ccc(CN3CCN(C)CC3)c(C(F)(F)F)c2)cc1C#Cc1cnc2ccccn12,IC50
CHEMBL1171247,7.163766343465959,77.0,2,Cc1ccc(C(=O)Nc2ccc(CN3CCN(C)CC3)c(C(F)(F)F)c2)cc1C#Cc1cnc2c(c1)OCC(=O)N2,IC50
CHEMBL1171280,6.99887376003973,193.5,2,Cc1ccc(C(=O)Nc2cc(C(F)(F)F)on2)cc1C#Cn1cnc2c(NC3CC3)cccc21,IC50
CHEMBL1171281,7.548183741957881,49.0,2,Cc1ccc(NC(=O)c2ccc(CN3CCN(C)CC3)c(C(F)(F)F)c2)cc1C#Cc1cnc2ccccn12,IC50
CHEMBL1171282,7.15296076895962,115.0,2,Cc1ccc(C(=O)Nc2cc(CN3CCN(C)CC3)cc(C(F)(F)F)c2)cc1C#Cc1cnc2ccccn12,IC50
CHEMBL1171283,6.641564467416987,373.0,2,Cc1ccc(C(=O)Nc2ccc(CN3CCOCC3)c(C(F)(F)F)c2)cc1C#Cc1cnc2ccccn12,IC50
CHEMBL1171432,7.6338031200885155,28.5,2,Cc1ccc(C(=O)Nc2ccc(CN3CCN(CCO)CC3)c(C(F)(F)F)c2)cc1C#Cc1cnc2cccnn12,IC50
CHEMBL1171473,7.4300604567993815,53.5,2,Cc1ccc(C(=O)Nc2ccc(CN3CC[C@H](N(C)C)C3)c(C(F)(F)F)c2)cc1C#Cc1cnc2ccccn12,IC50
CHEMBL1171479,7.25586569225227,90.5,2,Cc1ccc(C(=O)Nc2ccc(CN3CCN(C)CC3)c(C(F)(F)F)c2)cc1C#Cc1cnc2[nH]ccc2c1,IC50
CHEMBL1171532,6.356547323513812,440.0,1,c1n[nH]cc1-c1cnc2ncc(-c3cn[nH]c3)n2c1,IC50
CHEMBL1171657,7.173393743112328,134.0,2,Cc1ccc(C(=O)Nc2ccc(CN3CCN(C)CC3)c(C(F)(F)F)c2)cc1C#Cc1cnc2[nH]cnc2c1,IC50
CHEMBL1171658,7.567922521998987,56.45,2,Cc1ccc(C(=O)Nc2ccc(CN3CCN(C)CC3)c(C(F)(F)F)c2)cc1C#Cc1cnc2[nH]c(=O)[nH]c2c1,IC50
CHEMBL1171679,7.6046463563361595,193.8,2,Cc1cn(-c2cc(NC(=O)c3ccc(C)c(/C=C/n4cnc5c(N)ncnc54)c3)cc(C(F)(F)F)c2)cn1,IC50
CHEMBL1171835,6.677825025552172,354.0,2,Cc1ccc(C(=O)Nc2ccc(CN3CCN(C)CC3)c(C(F)(F)F)c2)cc1C#Cc1cnc2ncccn12,IC50
CHEMBL1171836,8.34201482727154,5.65,2,Cc1ccc(C(=O)Nc2ccc(CN3CCN(C)CC3)c(C(F)(F)F)c2)cc1C#Cc1cnc2cnccn12,IC50
CHEMBL1171837,9.0,1.0,37,Cc1ccc(C(=O)Nc2ccc(CN3CCN(C)CC3)c(C(F)(F)F)c2)cc1C#Cc1cnc2cccnn12,IC50
CHEMBL1171912,4.142667503568732,72000.0,1,N#Cc1c(SCc2ccccc2)nc2c(c1-c1cccs1)CCCC2,IC50
CHEMBL1171960,6.5376020021010435,290.0,1,N#Cc1c(N)nc(SCC(=O)c2ccccc2)c(C#N)c1-c1ccsc1,IC50
CHEMBL1172004,7.595557066320094,30.0,2,CCN1CCN(Cc2ccc(NC(=O)c3ccc(C)c(C#Cc4cnc5cccnn45)c3)cc2C(F)(F)F)CC1,IC50
CHEMBL1172147,4.221848749616356,60000.0,1,N#Cc1c(N)nc(SCC(=O)c2ccc(Cl)cc2)c(C#N)c1-c1ccsc1,IC50
CHEMBL1172397,7.276669294522845,609.15,2,Cc1ccc(C(=O)Nc2cc(-n3ccnc3)cc(C(F)(F)F)c2)cc1C#Cc1cnc2c(N)cccn12,IC50
CHEMBL1172585,6.90554138012739,1210.2,2,CC(=O)Nc1cccn2c(C#Cc3cc(C(=O)Nc4cc(-n5ccnc5)cc(C(F)(F)F)c4)ccc3C)cnc12,IC50
CHEMBL1172586,7.288213240133632,64.0,2,Cc1ccc(C(=O)Nc2cc(-n3ccnc3)cc(C(F)(F)F)c2)cc1C#Cc1cnc2ccccn12,IC50
CHEMBL1172697,4.130768280269024,74000.0,1,N#Cc1c(SCc2ccc(F)cc2)nc2c(c1-c1cccs1)CCCC2,IC50
CHEMBL1172718,7.8529874529523385,42.2,2,Cc1ccc(C(=O)Nc2ccc(CN3CCN(C)CC3)c(Cl)c2)cc1C#Cc1cnc2cccnn12,IC50
CHEMBL1172719,7.712232890840069,38.15,2,Cc1ccc(C(=O)Nc2ccc(CN3CCN(C)CC3)c(C3CC3)c2)cc1C#Cc1cnc2cccnn12,IC50
CHEMBL1172720,6.863244727229771,503.5,2,Cc1ccc(C(=O)Nc2cccc(C(F)(F)F)c2)cc1C#Cc1cnc2cccnn12,IC50
CHEMBL1172957,5.221848749616356,6000.0,1,NS(=O)(=O)c1ccc(Nc2nc(N3CCOCC3)nc3[nH]cnc23)cc1,IC50
CHEMBL1173200,7.11009356841471,168.0,2,Cc1ccc(C(=O)Nc2ccc(CN3CCN(C)CC3)c(C(F)(F)F)c2)cc1CCc1cnc2cccnn12,IC50
CHEMBL1173201,6.769220725242131,295.0,2,Cc1ccc(C(=O)Nc2ccc(CN3CCN(C)CC3)c(C(F)(F)F)c2)cc1/C=C/c1cnc2cccnn12,IC50
CHEMBL1173352,8.19149982943955,10.15,2,Cc1ccc(C(=O)Nc2ccc(CN3CCNCC3)c(C(F)(F)F)c2)cc1C#Cc1cnc2cccnn12,IC50
CHEMBL1173423,7.47616790269922,33.5,2,CN1CCN(Cc2ccc(NC(=O)c3cccc(C#Cc4cnc5cccnn45)c3)cc2C(F)(F)F)CC1,IC50
CHEMBL1173424,7.2047462689957085,68.0,2,CN1CCN(Cc2ccc(NC(=O)c3ccc(Cl)c(C#Cc4cnc5cccnn45)c3)cc2C(F)(F)F)CC1,IC50
CHEMBL1173498,7.295710437295666,51.5,2,CN1CCN(Cc2ccc(NC(=O)c3ccc(F)c(C#Cc4cnc5cccnn45)c3)cc2C(F)(F)F)CC1,IC50
CHEMBL1173655,5.810310977390332,1605.0,2,CN(C)C/C=C/C(=O)Nc1cc2c(Nc3ccc(F)c(Cl)c3)ncnc2cc1O[C@H]1CCOC1,IC50
CHEMBL118130,6.619788758288394,240.0,1,Oc1ccc(-c2[nH]nc3ncnc(Nc4cccc(Cl)c4)c23)cc1,IC50
CHEMBL119977,5.424812155072339,3760.0,1,Clc1cccc(Nc2[nH]cnc3nnc(-c4ccccc4)c2-3)c1,IC50
CHEMBL120069,5.782516055786093,1650.0,1,Cc1cccc(Nc2[nH]cnc3nnc(Nc4cccc(Cl)c4)c2-3)c1,IC50
CHEMBL120077,7.657577319177793,22.0,2,COc1cc2c(cc1OC)-c1n[nH]c(Nc3cccc(F)c3)c1C2,IC50
CHEMBL120319,5.866461091629782,1360.0,1,Clc1cccc(Nc2[nH]nc3ncnc(Nc4cccc(Br)c4)c23)c1,IC50
CHEMBL120979,5.468521082957745,3400.0,1,COc1cccc(Nc2[nH]nc3ncnc(Nc4cccc(Cl)c4)c23)c1,IC50
CHEMBL121190,6.3872161432802645,410.0,1,Nc1[nH]cnc2nnc(Nc3cccc(Cl)c3)c1-2,IC50
CHEMBL121260,5.866461091629782,1360.0,1,Clc1cccc(Nc2[nH]nc3ncnc(Nc4ccccc4)c23)c1,IC50
CHEMBL1213120,8.096910013008056,8.0,2,CC(C)n1nc(C#Cc2cccc(O)c2)c2c(N)ncnc21,IC50
CHEMBL1214141,7.064155167157242,91.5,6,Cc1ccc(Nc2ncc3c(n2)N(C)C(=O)N(c2cc(NC(=O)c4cccc(C(F)(F)F)c4)ccc2C)C3)cn1,IC50
CHEMBL1214142,6.8696662315049934,135.0,3,Cc1ccc(NC(=O)c2cccc(C(F)(F)F)c2)cc1N1Cc2cnc(Nc3ccccc3)nc2N(C)C1=O,IC50
CHEMBL1214200,7.180456064458132,66.0,1,Cc1nc(Nc2ncc(/C=C/c3ccc(O)cc3)s2)cc(N2CCN(CCO)CC2)n1,IC50
CHEMBL1214254,7.481486060122112,33.0,2,COc1ccc(Nc2ncnc(-c3cccnc3Nc3cc(NC(=O)c4ccc(CN5CCN(C)CC5)cc4)ccc3C)n2)cc1,IC50
CHEMBL121796,5.180456064458132,6600.0,1,Clc1cccc(Nc2[nH]cnc3nnc(NCc4ccccc4)c2-3)c1,IC50
CHEMBL121954,6.585026652029182,260.0,1,Oc1cccc(Nc2[nH]nc3ncnc(Nc4cccc(Cl)c4)c23)c1,IC50
CHEMBL122068,6.3872161432802645,410.0,1,Nc1nc(N)c2c(Nc3cccc(Cl)c3)[nH]nc2n1,IC50
CHEMBL1221411,10.698970004336019,0.02,1,Cn1c(=O)c(-c2c(Cl)cccc2Cl)cc2cnc(Nc3cccc(NC(=O)CN)c3)nc21,Ki
CHEMBL122182,6.823908740944319,150.0,1,Oc1ccc(Nc2[nH]nc3ncnc(Nc4cccc(Cl)c4)c23)cc1,IC50
CHEMBL1223343,8.096910013008056,8.0,1,Cn1c(=O)c(-c2c(Cl)cccc2Cl)cc2cnc(NCc3cccc(N)c3)nc21,Ki
CHEMBL1223344,7.221848749616356,60.0,1,Cn1c(=O)c(-c2ccccc2Cl)cc2cnc(NCc3cccc(N)c3)nc21,Ki
CHEMBL1223410,5.698970004336019,2000.0,1,Cn1c(=O)c(-c2ccccc2)cc2cnc(NCc3cccc(N)c3)nc21,Ki
CHEMBL1223411,7.3979400086720375,40.0,1,Cn1c(=O)c(-c2c(F)cccc2F)cc2cnc(NCc3cccc(N)c3)nc21,Ki
CHEMBL1223412,7.3979400086720375,40.0,1,Cn1c(=O)c(-c2ccccc2Br)cc2cnc(NCc3cccc(N)c3)nc21,Ki
CHEMBL1223413,7.154901959985743,70.0,1,CSc1cccc(CNc2ncc3cc(-c4c(Cl)cccc4Cl)c(=O)n(C)c3n2)c1,Ki
CHEMBL1223481,6.045757490560675,900.0,1,CCCCCCNc1cccc(CNc2ncc3cc(-c4c(Cl)cccc4Cl)c(=O)n(C)c3n2)c1,Ki
CHEMBL1223482,7.698970004336019,20.0,1,Cn1c(=O)c(-c2c(Cl)cccc2Cl)cc2cnc(NCc3cccc(NC(=O)CN)c3)nc21,Ki
CHEMBL1223483,7.698970004336019,20.0,1,Cn1c(=O)c(-c2c(Cl)cccc2Cl)cc2cnc(NCc3cccc(C(=O)CCCC[C@@H]4SC[C@@H]5NC(=O)N[C@@H]54)c3)nc21,Ki
CHEMBL1230790,7.154901959985743,70.0,2,CC(C)n1nc(-c2cccc(O)c2)c2c(N)ncnc21,IC50
CHEMBL1231370,5.102372908709558,7900.0,3,CC(C)n1nc(Cc2cccc3ccccc23)c2c(N)ncnc21,IC50
CHEMBL1231371,5.221848749616356,6000.0,3,CC(C)(C)n1nc(-c2ccc3ccccc3c2)c2c(N)ncnc21,IC50
CHEMBL123189,5.455931955649724,3500.0,1,COc1cccc(CNc2[nH]nc3ncnc(Nc4cccc(Cl)c4)c23)c1,IC50
CHEMBL1233881,6.468521082957745,340.0,3,COc1ccc(-c2nn(C3CCC3)c3ncnc(N)c23)cc1OC,IC50
CHEMBL1233882,6.853871964321762,140.0,3,CC(C)n1nc(-c2ccc3ncccc3c2)c2c(N)ncnc21,IC50
CHEMBL1234815,5.920818753952375,1200.0,2,Cn1nc(-c2ccc3ccccc3c2)c2c(N)ncnc21,IC50
CHEMBL1235103,7.698970004336019,20.0,1,COc1ccccc1-c1c[nH]c2ncc(-c3cncc(C(=O)N(C)C)c3)cc12,Ki
CHEMBL1236871,7.943697499232712,19.8,2,Cc1ccc(C(=O)Nc2ccc(CN3CCN(CCO)CC3)c(C(F)(F)F)c2)cc1C#Cc1cnc(C(N)=O)n1C,IC50
CHEMBL1240544,6.158015195409886,695.0,1,C[C@@H](CN)n1nc(-c2ccc(Cl)c(O)c2)c2c(N)ncnc21,IC50
CHEMBL1240545,5.102372908709558,7900.0,1,CC(C)n1nc(-c2ccc(CC#N)cc2)c2c(N)ncnc21,IC50
CHEMBL1240553,6.0,1000.0,1,COc1ccc(-c2nn(C3CCCC3)c3ncnc(N)c23)cc1OC,IC50
CHEMBL1240554,6.070581074285707,850.0,1,CCOc1ccc(-c2nn(C3CCCC3)c3ncnc(N)c23)cc1OC,IC50
CHEMBL1240565,6.508638306165727,310.0,1,Cn1nc(-c2cnc3[nH]ccc3c2)c2c(N)ncnc21,IC50
CHEMBL1240566,5.823908740944319,1500.0,1,Cn1nc(-c2ccc3cc[nH]c3c2)c2c(N)ncnc21,IC50
CHEMBL1241241,5.769551078621726,1700.0,1,CC(C)n1nc(-c2ccc(O)cc2)c2c(N)ncnc21,IC50
CHEMBL1241270,6.251811972993799,560.0,1,Cc1ccc(-c2n[nH]c3ncnc(N)c23)cc1O,IC50
CHEMBL1241271,6.632644078973981,233.0,1,Cc1ccc(-c2nn(C)c3ncnc(N)c23)cc1O,IC50
CHEMBL1241299,6.962573502059376,109.0,1,Cn1nc(-c2ccc(Br)c(O)c2)c2c(N)ncnc21,IC50
CHEMBL1241300,6.105683937315561,784.0,1,COc1ccc(-c2n[nH]c3ncnc(N)c23)cc1O,IC50
CHEMBL1241301,6.275724130399211,530.0,1,COc1ccc(-c2nn(C)c3ncnc(N)c23)cc1O,IC50
CHEMBL1241390,4.494850021680094,32000.0,1,CC(C)n1nc(-c2cccnc2)c2c(N)ncnc21,IC50
CHEMBL1241391,4.301029995663981,50000.0,1,CC(C)n1nc(-c2cncnc2)c2c(N)ncnc21,IC50
CHEMBL1241439,5.346787486224656,4500.0,1,CC(C)n1nc(-c2cc(C=O)co2)c2c(N)ncnc21,IC50
CHEMBL1241473,6.900008766455316,125.89,1,COc1cc(Nc2ncc([N+](=O)[O-])c(Nc3ccccc3C(N)=O)n2)cc(OC)c1OC,Ki
CHEMBL1241481,7.0,100.0,1,COc1cc(-c2nn(C(C)C)c3ncnc(N)c23)ccc1NC(=O)OC(C)(C)C,IC50
CHEMBL1241482,6.247951552180561,565.0,1,Nc1ncnc2c1c(-c1ccc(F)c(O)c1)nn2Cc1ocnc1-c1ccccc1,IC50
CHEMBL1241483,6.253365801062421,558.0,1,COc1cc(-c2nn(C(C)C)c3ncnc(N)c23)ccc1F,IC50
CHEMBL1241484,8.259637310505756,5.5,1,CC(C)n1nc(-c2ccc(Cl)c(O)c2)c2c(N)ncnc21,IC50
CHEMBL1241485,6.585026652029182,260.0,1,COc1cc(-c2nn(C(C)C)c3ncnc(N)c23)ccc1N,IC50
CHEMBL1241486,5.060480747381382,8700.0,1,COc1cc(-c2nn(C(C)C)c3ncnc(N)c23)ccc1NC(C)CO,IC50
CHEMBL1241487,6.94692155651658,113.0,1,Nc1ccc(-c2nn(C3CCCC3)c3ncnc(N)c23)cc1O,IC50
CHEMBL1241489,7.1249387366083,75.0,4,CC(C)n1nc(-c2ccc3ccccc3c2)c2c(N)ncnc21,IC50
CHEMBL1241490,6.269217724333611,538.0,1,CC(C)n1nc(-c2ccc3occc3c2)c2c(N)ncnc21,IC50
CHEMBL1241491,6.049148541111453,893.0,1,Nc1ncnc2c1c(-c1ccc3occc3c1)nn2C1CCCC1,IC50
CHEMBL1241492,4.886056647693163,13000.0,1,CC(C)n1nc(-c2ccc3nonc3c2)c2c(N)ncnc21,IC50
CHEMBL1241578,8.33889035263304,11.0,2,CC(C)n1nc(-c2ccc(Br)c(O)c2)c2c(N)ncnc21,IC50
CHEMBL1241579,6.886056647693163,130.0,1,C[C@H](CN)n1nc(-c2ccc(Cl)c(O)c2)c2c(N)ncnc21,IC50
CHEMBL1241580,7.494850021680094,32.0,1,Nc1ncnc2c1c(-c1ccc(Cl)c(O)c1)nn2C1CCC1,IC50
CHEMBL1241581,7.585026652029182,26.0,1,COc1cc(-c2nn(C3CCCC3)c3ncnc(N)c23)ccc1N,IC50
CHEMBL1241582,5.7447274948966935,1800.0,1,CC(C)n1nc(-c2cccc(CO)c2)c2c(N)ncnc21,IC50
CHEMBL1241583,4.301029995663981,50000.0,1,CC(C)n1nc(-c2cccc(CC#N)c2)c2c(N)ncnc21,IC50
CHEMBL1241586,5.075720713938118,8400.0,1,CC(C)n1nc(-c2ccc3[nH]c(=O)[nH]c3c2)c2c(N)ncnc21,IC50
CHEMBL1241587,5.2839966563652006,5200.0,1,CC(C)n1nc(-c2ccc3c(c2)CCO3)c2c(N)ncnc21,IC50
CHEMBL1241588,5.886056647693163,1300.0,1,CC(C)n1nc(-c2ccc3c(c2)OCCO3)c2c(N)ncnc21,IC50
CHEMBL1241674,5.915456821256488,2005.0,2,CC(C)n1nc(-c2cc3cc(O)ccc3[nH]2)c2c(N)ncnc21,IC50
CHEMBL1241675,5.369964306007462,7200.0,2,Nc1ncnc2c1c(-c1ccn3ccnc3c1)nn2C1CCCC1,IC50
CHEMBL1241676,8.920818753952375,1.2,1,Nc1ncnc2c1c(-c1ccc(Cl)c(O)c1)nn2C1CCCC1,IC50
CHEMBL1241677,6.296708621881338,505.0,1,Nc1ncnc2c1c(-c1ccc(Cl)c(O)c1)nn2[C@@H]1CCNC1,IC50
CHEMBL1241678,7.6777807052660805,21.0,1,Nc1ncnc2c1c(-c1ccc(Cl)c(O)c1)nn2[C@H]1CCOC1,IC50
CHEMBL1241679,4.769551078621726,17000.0,1,CC(C)n1nc(-c2cccc(C#N)c2)c2c(N)ncnc21,IC50
CHEMBL1241680,5.468521082957745,3400.0,1,CC(C)n1nc(-c2ccc(F)c(C#N)c2)c2c(N)ncnc21,IC50
CHEMBL1241681,5.823908740944319,1500.0,1,Nc1ncnc2c1c(-c1ccc3ncccc3c1)nn2C1CCCC1,IC50
CHEMBL1241682,5.292429823902063,5100.0,1,Cc1ccc2cc(-c3nn(C(C)C)c4ncnc(N)c34)ccc2n1,IC50
CHEMBL1241683,5.42021640338319,3800.0,1,CC(C)n1nc(-c2ccc3nc(Cl)ccc3c2)c2c(N)ncnc21,IC50
CHEMBL1241684,4.301029995663981,50000.0,1,CC(C)n1nc(-c2cc3cc(C=O)ccc3s2)c2c(N)ncnc21,IC50
CHEMBL1241767,4.769551078621726,17000.0,1,Cc1ccccc1-n1c(Cn2nc(-c3cccc(O)c3)c3c(N)ncnc32)nc2cccc(C)c2c1=O,IC50
CHEMBL1241768,7.769551078621726,17.0,1,Nc1ncnc2c1c(-c1ccc(Cl)c(O)c1)nn2[C@@H]1CCOC1,IC50
CHEMBL1241769,5.981299501333757,1044.0,1,Nc1ncnc2c1c(-c1ccc(Cl)c(O)c1)nn2CC1CCCN1,IC50
CHEMBL1241770,7.086186147616283,82.0,1,Nc1ncnc2c1c(-c1ccc(Cl)c(O)c1)nn2CC1CCNC1,IC50
CHEMBL1241771,5.301029995663981,5000.0,1,CC(C)n1nc(-c2ccc(C#N)c(F)c2)c2c(N)ncnc21,IC50
CHEMBL1241772,4.301029995663981,50000.0,1,CC(C)n1nc(-c2ccc(C#N)nc2)c2c(N)ncnc21,IC50
CHEMBL1241773,5.698970004336019,2000.0,1,CC(=O)c1ccc(-c2nn(C(C)C)c3ncnc(N)c23)cc1,IC50
CHEMBL1241774,5.657577319177793,2200.0,1,CC(C)n1nc(-c2ccc3nccnc3c2)c2c(N)ncnc21,IC50
CHEMBL1241775,5.698970004336019,2000.0,1,CC(C)n1nc(-c2cnc3nccnc3c2)c2c(N)ncnc21,IC50
CHEMBL1241776,6.484126156288321,328.0,1,CC(C)n1nc(-c2ccc3nc[nH]c(=O)c3c2)c2c(N)ncnc21,IC50
CHEMBL1241858,5.100726812682396,7930.0,1,Nc1ncnc2c1c(-c1ccc(Cl)c(O)c1)nn2CC1CCCNC1,IC50
CHEMBL1241859,5.346787486224656,4500.0,1,Nc1ncnc2c1c(-c1ccc(Cl)c(O)c1)nn2CC1CCNCC1,IC50
CHEMBL1241860,6.162411561764489,688.0,1,CC(C)n1nc(-c2ccc(C=O)c(F)c2)c2c(N)ncnc21,IC50
CHEMBL1241861,5.886056647693163,1300.0,1,CC(C)n1nc(-c2cc(F)c(C=O)c(F)c2)c2c(N)ncnc21,IC50
CHEMBL1241862,4.301029995663981,50000.0,1,CC(C)n1nc(-c2ccc(C(N)=O)c(Cl)c2)c2c(N)ncnc21,IC50
CHEMBL1241863,4.455931955649724,35000.0,1,CC(C)n1nc(-c2ccc3[nH]c(=O)ccc3c2)c2c(N)ncnc21,IC50
CHEMBL1241864,4.0,100000.0,1,Nc1ncnc2c1c(-c1ccc3[nH]c(=O)ccc3c1)nn2C1CCCC1,IC50
CHEMBL1241943,5.892790030352131,1280.0,1,Nc1ncnc2c1c(-c1ccc(Cl)c(O)c1)nn2CCC1CCCNC1,IC50
CHEMBL1241944,5.958607314841775,1100.0,1,CC(C)n1nc(-c2ccc(C#N)c(O)c2)c2c(N)ncnc21,IC50
CHEMBL1241945,6.1778319206319825,664.0,1,CC(C)n1nc(-c2ccc(O)c(F)c2)c2c(N)ncnc21,IC50
CHEMBL1241946,4.795880017344075,16000.0,1,CC(=O)c1cccc(-c2nn(C(C)C)c3ncnc(N)c23)c1,IC50
CHEMBL1241947,5.585026652029182,2600.0,1,Cc1cc(-c2nn(C(C)C)c3ncnc(N)c23)sc1C=O,IC50
CHEMBL1241948,4.886056647693163,13000.0,1,CC(C)n1nc(-c2cccc(NS(C)(=O)=O)c2)c2c(N)ncnc21,IC50
CHEMBL1241949,5.698970004336019,2000.0,1,CC(C)n1nc(-c2ccc3nc(N)ccc3c2)c2c(N)ncnc21,IC50
CHEMBL1241950,5.522878745280337,3000.0,1,CC(C)n1nc(-c2ccc3nc(NN)ccc3c2)c2c(N)ncnc21,IC50
CHEMBL1242024,7.154901959985743,70.0,1,Cc1cc(O)ccc1-c1nn(C(C)C)c2ncnc(N)c12,IC50
CHEMBL1242025,4.886056647693163,13000.0,1,Cc1ccc(-c2n[nH]c3ncnc(N)c23)cc1OCc1ccccc1,IC50
CHEMBL1242026,7.508638306165727,31.0,1,Cc1ccc(-c2nn(C(C)C)c3ncnc(N)c23)cc1O,IC50
CHEMBL1242027,5.6020599913279625,2500.0,1,COc1cc(F)c(-c2nn(C(C)C)c3ncnc(N)c23)cc1F,IC50
CHEMBL1242028,5.721246399047171,1900.0,1,CC(C)n1nc(-c2cc(F)c(O)cc2F)c2c(N)ncnc21,IC50
CHEMBL1242029,5.769551078621726,1700.0,1,COc1cccc(-c2nn(C(C)C)c3ncnc(N)c23)c1,IC50
CHEMBL1242030,4.958607314841775,11000.0,1,CC(C)n1nc(-c2ccc(NS(C)(=O)=O)cc2)c2c(N)ncnc21,IC50
CHEMBL1242031,4.958607314841775,11000.0,1,CC(C)n1nc(-c2cccc(S(N)(=O)=O)c2)c2c(N)ncnc21,IC50
CHEMBL1242032,4.236572006437063,58000.0,1,CC(C)n1nc(-c2ccc(S(N)(=O)=O)cc2)c2c(N)ncnc21,IC50
CHEMBL1242033,4.187086643357144,65000.0,1,CC(C)n1nc(-c2ccc3nccc(NC(=O)OC(C)(C)C)c3c2)c2c(N)ncnc21,IC50
CHEMBL1242034,5.1938200260161125,6400.0,1,CC(C)n1nc(-c2ccc3nccc(N)c3c2)c2c(N)ncnc21,IC50
CHEMBL1242109,6.795880017344075,160.0,1,CCC(C)n1nc(-c2ccc(C)c(O)c2)c2c(N)ncnc21,IC50
CHEMBL1242110,7.1249387366083,75.0,1,CC(C)n1nc(-c2cccc(O)c2F)c2c(N)ncnc21,IC50
CHEMBL1242111,7.200659450546418,63.0,1,Nc1ncnc2c1c(-c1cccc(O)c1F)nn2C1CCCC1,IC50
CHEMBL1242112,5.823908740944319,1500.0,1,COc1cc(-c2nn(C(C)C)c3ncnc(N)c23)ccc1O,IC50
CHEMBL1242113,6.752026733638194,177.0,1,CCn1nc(-c2ccc(OC)c(O)c2)c2c(N)ncnc21,IC50
CHEMBL1242114,7.045757490560675,90.0,1,COc1ccc(-c2nn(C(C)C)c3ncnc(N)c23)cc1O,IC50
CHEMBL1242115,5.494850021680094,3200.0,1,CC(C)n1nc(-c2cccc(C(=O)NC3=NCCS3)c2)c2c(N)ncnc21,IC50
CHEMBL1242117,4.0,100000.0,1,Cn1nc(-c2ccc3occc(=O)c3c2)c2c(N)ncnc21,IC50
CHEMBL1242118,5.657577319177793,2200.0,1,CC(C)n1nc(-c2ccc3occc(=O)c3c2)c2c(N)ncnc21,IC50
CHEMBL1242119,5.698970004336019,2000.0,1,Nc1ncnc2c1c(-c1ccc3occc(=O)c3c1)nn2C1CCCC1,IC50
CHEMBL1242198,7.2839966563652006,52.0,1,CC(C)n1nc(-c2cc(O)cc(F)c2)c2c(N)ncnc21,IC50
CHEMBL1242199,7.619788758288394,24.0,1,Nc1ncnc2c1c(-c1cc(O)cc(F)c1)nn2C1CCCC1,IC50
CHEMBL1242200,5.823908740944319,1500.0,1,COc1cc(Br)cc(-c2nn(C(C)C)c3ncnc(N)c23)c1,IC50
CHEMBL1242201,7.251811972993799,56.0,1,COc1ccc(-c2nn(C3CCCC3)c3ncnc(N)c23)cc1O,IC50
CHEMBL1242202,7.167491087293763,68.0,1,COc1ccc(-c2nn(C3CCC(C)C3)c3ncnc(N)c23)cc1O,IC50
CHEMBL1242203,5.3979400086720375,4000.0,1,COc1ccc(-c2nn(C3CNC3)c3ncnc(N)c23)cc1O,IC50
CHEMBL1242207,4.920818753952375,12000.0,1,CC(C)n1nc(-c2ccc3cnccc3c2)c2c(N)ncnc21,IC50
CHEMBL1242208,5.6777807052660805,2100.0,1,CC(C)n1nc(-c2ccc3ccncc3c2)c2c(N)ncnc21,IC50
CHEMBL1242209,5.366531544420414,4300.0,1,Cc1ccc2ccc(-c3nn(C(C)C)c4ncnc(N)c34)cc2n1,IC50
CHEMBL1242285,7.585026652029182,26.0,1,CC(C)n1nc(-c2cc(O)cc(Br)c2)c2c(N)ncnc21,IC50
CHEMBL1242286,6.496209316942819,319.0,1,COCOc1cc(-c2nn(C(C)C)c3ncnc(N)c23)ccc1Br,IC50
CHEMBL1242287,7.638272163982407,23.0,1,Nc1ncnc2c1c(-c1ccc(Br)c(O)c1)nn2C1CCC1,IC50
CHEMBL1242288,5.688246138944246,2050.0,1,COc1ccc(-c2nn([C@@H]3CCNC3)c3ncnc(N)c23)cc1O,IC50
CHEMBL1242289,6.216096420727265,608.0,1,CCOc1ccc(-c2nn(C3CCCC3)c3ncnc(N)c23)cc1O,IC50
CHEMBL1242290,5.3872161432802645,4100.0,1,COc1ccc(-c2nn(C(C)C)c3ncnc(N)c23)cc1OC,IC50
CHEMBL1242293,7.657577319177793,22.0,1,CC(C)n1nc(-c2cnc3[nH]ccc3c2)c2c(N)ncnc21,IC50
CHEMBL1242294,6.530177984021837,295.0,1,CC(C)n1nc(-c2ccc3[nH]ccc3c2)c2c(N)ncnc21,IC50
CHEMBL1242295,6.6307841425898575,234.0,1,Nc1ncnc2c1c(-c1ccc3[nH]ccc3c1)nn2C1CCCC1,IC50
CHEMBL1242376,7.346787486224656,45.0,1,Nc1ncnc2c1c(-c1ccc(Br)c(O)c1)nn2C1CCCC1,IC50
CHEMBL1242377,7.853871964321762,14.0,1,CC(C)n1nc(-c2ccc(F)c(O)c2)c2c(N)ncnc21,IC50
CHEMBL1242378,6.701146923590294,199.0,1,C[C@H](CN)n1nc(-c2ccc(F)c(O)c2)c2c(N)ncnc21,IC50
CHEMBL1242379,5.356547323513812,4400.0,1,COc1ccc(-c2nn(C(C)(C)C)c3ncnc(N)c23)cc1OC,IC50
CHEMBL1242380,4.920818753952375,12000.0,1,COc1ccc(-c2nn(C[C@H](C)CO)c3ncnc(N)c23)cc1OC,IC50
CHEMBL1242381,5.1938200260161125,6400.0,1,COc1ccc(-c2nn(C[C@@H](C)CO)c3ncnc(N)c23)cc1OC,IC50
CHEMBL1242384,6.392286976103116,464.0,2,CC(C)n1nc(-c2ccc3c(ccn3C)c2)c2c(N)ncnc21,IC50
CHEMBL1242385,6.088309841246139,816.0,1,Cn1ccc2cc(-c3nn(C4CCCC4)c4ncnc(N)c34)ccc21,IC50
CHEMBL1242386,6.302770657240282,498.0,1,CC(C)n1nc(-c2ccc3[nH]ncc3c2)c2c(N)ncnc21,IC50
CHEMBL1242468,6.139063379299906,726.0,1,C[C@@H](CN)n1nc(-c2ccc(F)c(O)c2)c2c(N)ncnc21,IC50
CHEMBL1242469,6.016373712875465,963.0,1,N#CCCCn1nc(-c2ccc(F)c(O)c2)c2c(N)ncnc21,IC50
CHEMBL1242470,6.363512103646634,433.0,1,N#CCCCCn1nc(-c2ccc(F)c(O)c2)c2c(N)ncnc21,IC50
CHEMBL1242471,5.211124884224583,6150.0,1,CCOc1ccc(-c2n[nH]c3ncnc(N)c23)cc1OC,IC50
CHEMBL1242472,5.6777807052660805,2100.0,1,CCOc1ccc(-c2nn(C(C)C)c3ncnc(N)c23)cc1OC,IC50
CHEMBL1242475,6.328827157284917,469.0,1,Nc1ncnc2c1c(-c1ccc3[nH]ncc3c1)nn2C1CCCC1,IC50
CHEMBL1242476,6.485452247339714,327.0,1,CC(C)n1nc(-c2ccc3c(N)n[nH]c3c2)c2c(N)ncnc21,IC50
CHEMBL1242477,6.958607314841775,110.0,1,CC(C)n1nc(-c2ccc3cn[nH]c3c2)c2c(N)ncnc21,IC50
CHEMBL1242566,7.259637310505756,55.0,1,Nc1ncnc2c1c(-c1ccc(F)c(O)c1)nn2C1CCC1,IC50
CHEMBL1242567,6.533132379645891,293.0,1,Nc1ncnc2c1c(-c1ccc(F)c(O)c1)nn2C1CNC1,IC50
CHEMBL1242568,8.366531544420413,4.3,1,Nc1ncnc2c1c(-c1ccc(F)c(O)c1)nn2C1CCCC1,IC50
CHEMBL1242569,4.835647144215563,14600.0,1,C=CCn1nc(-c2ccc(OCC)c(OC)c2)c2c(N)ncnc21,IC50
CHEMBL1242572,6.853871964321762,140.0,1,Nc1ncnc2c1c(-c1ccc3cn[nH]c3c1)nn2C1CCCC1,IC50
CHEMBL1242573,7.060480747381382,87.0,1,CC(C)n1nc(-c2cc(F)c3cn[nH]c3c2)c2c(N)ncnc21,IC50
CHEMBL1242574,6.698970004336019,200.0,1,CC(C)n1nc(-c2ccc3cc[nH]c3c2)c2c(N)ncnc21,IC50
CHEMBL1242656,8.193820026016112,6.4,1,CC1CCC(n2nc(-c3ccc(F)c(O)c3)c3c(N)ncnc32)C1,IC50
CHEMBL1242657,7.142667503568732,72.0,1,Nc1ncnc2c1c(-c1ccc(F)c(O)c1)nn2[C@H]1CCNC1,IC50
CHEMBL1242658,6.316052869248487,483.0,1,Nc1ncnc2c1c(-c1ccc(F)c(O)c1)nn2[C@@H]1CCNC1,IC50
CHEMBL1242659,5.218244625347531,6050.0,1,CCOc1ccc(-c2nn(C3CCCCC3)c3ncnc(N)c23)cc1OC,IC50
CHEMBL1242660,6.080921907623926,830.0,1,COc1cc(-c2nn(C(C)C)c3ncnc(N)c23)cc(OC)c1OC,IC50
CHEMBL1242661,4.823908740944319,15000.0,1,CCOc1ccc2cc(-c3nn(C)c4ncnc(N)c34)ccc2c1,IC50
CHEMBL1242662,7.2441251443275085,57.0,1,CC(C)n1nc(-c2ccc3cc(O)ccc3c2)c2c(N)ncnc21,IC50
CHEMBL1242663,5.698970004336019,2000.0,1,CC(C)n1nc(-c2cc3ccccc3nc2Cl)c2c(N)ncnc21,IC50
CHEMBL1242664,6.782516055786093,165.0,1,Nc1ncnc2c1c(-c1ccc3cc[nH]c3c1)nn2C1CCCC1,IC50
CHEMBL1242665,4.853871964321762,14000.0,1,CC(C)n1nc(-c2ccn3ccnc3c2)c2c(N)ncnc21,IC50
CHEMBL1242666,4.920818753952375,12000.0,1,CC(C)n1nc(-c2ccc3c(C=O)c[nH]c3c2)c2c(N)ncnc21,IC50
CHEMBL1242748,7.6777807052660805,21.0,1,Nc1ncnc2c1c(-c1ccc(F)c(O)c1)nn2[C@H]1CCOC1,IC50
CHEMBL1242749,7.6777807052660805,21.0,1,Nc1ncnc2c1c(-c1ccc(F)c(O)c1)nn2[C@@H]1CCOC1,IC50
CHEMBL1242750,7.173925197299173,67.0,1,Nc1ncnc2c1c(-c1ccc(F)c(O)c1)nn2C1CCCCCC1,IC50
CHEMBL1242751,4.950781977329818,11200.0,1,COc1cccc(-c2nn(C(C)C)c3ncnc(N)c23)c1OC,IC50
CHEMBL1242752,5.221848749616356,6000.0,1,CCOc1cc(-c2nn(C(C)C)c3ncnc(N)c23)ccc1OC,IC50
CHEMBL1242753,4.187086643357144,65000.0,1,CCOc1cc(-c2nn(CCO)c3ncnc(N)c23)ccc1OC,IC50
CHEMBL1242754,5.795880017344075,1600.0,5,CC(C)n1nc(-c2cnc3ccccc3c2)c2c(N)ncnc21,IC50
CHEMBL1242755,6.11975822410452,759.0,1,Nc1ncnc2c1c(-c1cnc3ccccc3c1)nn2C1CCCC1,IC50
CHEMBL1242756,4.0,100000.0,1,Cn1nc(-c2ccc3ncccc3c2)c2c(N)ncnc21,IC50
CHEMBL1242757,5.585026652029182,2600.0,1,CC(C)n1nc(-c2cccc3[nH]ccc23)c2c(N)ncnc21,IC50
CHEMBL1242758,5.657577319177793,2200.0,1,Nc1ncnc2c1c(-c1cccc3[nH]ccc13)nn2C1CCCC1,IC50
CHEMBL1242844,5.233438447362469,5842.0,1,Nc1ncnc2c1c(-c1ccc(F)c(O)c1)nn2CC1CCNCC1,IC50
CHEMBL1242845,6.405607449624573,393.0,1,Cc1nn(-c2ccccc2)nc1Cn1nc(-c2ccc(F)c(O)c2)c2c(N)ncnc21,IC50
CHEMBL1242846,5.924453038607469,1190.0,1,COc1ncc(-c2nn(C(C)C)c3ncnc(N)c23)c(OC)n1,IC50
CHEMBL1242847,5.443697499232712,3600.0,1,COc1ccc(-c2nn(C(C)C)c3ncnc(N)c23)cc1,IC50
CHEMBL1242848,6.681936665037238,208.0,1,CC(C)n1nc(-c2ccc(N)c(O)c2)c2c(N)ncnc21,IC50
CHEMBL1242852,6.278189384787454,527.0,1,CC(C)n1nc(-c2ccc3c(ccn3C(=O)OC(C)(C)C)c2)c2c(N)ncnc21,IC50
CHEMBL1242853,6.036212172654444,920.0,1,CC(C)(C)OC(=O)n1ccc2cc(-c3nn(C4CCCC4)c4ncnc(N)c34)ccc21,IC50
CHEMBL1242977,6.298432014944073,503.0,1,CNc1nccc(-c2cccnc2Oc2ccc(NC(=O)c3cccc(C(F)(F)F)c3)cc2C)n1,IC50
CHEMBL1257423,6.029188389127482,935.0,3,O=C(NCCO)c1cccc(-c2cc(Nc3ccc(OC(F)(F)F)cc3)ncn2)c1,IC50
CHEMBL1276179,6.543633966870957,286.0,1,CN1C[C@@H]2C[C@H]1CN2c1cc(F)c(-c2ccnc3c(-c4cccc5[nH]ncc45)c(-c4ccncc4)nn23)c(F)c1,IC50
CHEMBL1288582,5.114638779968488,7680.0,1,COc1ccc2cc(-c3n[nH]c4cccnc34)[nH]c2c1,IC50
CHEMBL1289494,6.2076083105017466,620.0,1,COc1cc2nccc(Oc3ccc(NC(=O)Nc4cc(C)on4)c(Cl)c3)c2cc1OC,IC50
CHEMBL1289926,8.792513326014591,1.8,8,CNC(=O)c1ccccc1Sc1ccc2c(/C=C/c3ccccn3)n[nH]c2c1,IC50
CHEMBL1290072,3.406713932979543,392000.0,1,COc1ccc(CNc2ccnc3oc4ccccc4c23)cc1,IC50
CHEMBL1311135,6.499997283722152,324.65,2,O=C1NC(=O)C(c2cn(-c3ccccc3)nc2-c2ccc(F)cc2)N1,IC50
CHEMBL1336,6.920818753952375,120.0,3,CNC(=O)c1cc(Oc2ccc(NC(=O)Nc3ccc(Cl)c(C(F)(F)F)c3)cc2)ccn1,IC50
CHEMBL13462,5.096910013008056,10000.0,2,CC(=O)N[C@@H](Cc1ccc(OP(=O)(O)O)cc1)C(=O)N[C@@H](CCC(=O)O)C(=O)N(C)CCCC1CCCCC1,IC50
CHEMBL136289,4.585026652029182,26000.0,1,CC(=O)N[C@@H](Cc1ccc(OP(=O)(O)O)cc1)C(=O)N[C@H](C(=O)N[C@H](C)C(=O)NCCC1CCCCC1)C(C)C,IC50
CHEMBL137653,4.018181392829336,95900.0,1,CCCCCCCCN(CCCCCCCC)C(=O)[C@H](C)NC(=O)[C@@H](NC(=O)[C@H](Cc1ccc(OP(=O)(O)O)cc1)NC(C)=O)C(C)C,IC50
CHEMBL137706,5.301029995663981,5000.0,1,CCCCCCN(CCCCCC)C(=O)[C@@H](C)NC(=O)[C@@H](NC(=O)[C@H](Cc1ccc(OP(=O)(O)O)cc1)NC(C)=O)C(C)C,IC50
CHEMBL1421,9.045757490560675,0.9,35,Cc1nc(Nc2ncc(C(=O)Nc3c(C)cccc3Cl)s2)cc(N2CCN(CCO)CC2)n1,IC50
CHEMBL153843,5.549750891680639,2820.0,1,O=C(Nc1cccc(C(F)(F)F)c1)c1ccccc1NCc1ccncc1,IC50
CHEMBL1589344,5.100000172251525,8800.56,2,CC(=O)Nc1nc(-c2ccc(Br)s2)cs1,IC50
CHEMBL1629808,7.1938200260161125,64.0,1,CSc1nc(NCc2cccc(Br)c2)c2cnn(CC(Cl)c3ccccc3)c2n1,Ki
CHEMBL1630107,5.113509274827518,7700.0,1,O=C(/C=C/c1ccc(-c2ccc3ncnc(Nc4ccc(OCc5cccc(F)c5)c(Cl)c4)c3c2)o1)NO,IC50
CHEMBL1630108,5.568636235841013,2700.0,1,O=C(/C=C/c1ccc(-c2ccc3ncnc(Nc4ccc(OCc5cccc(F)c5)c(Cl)c4)c3c2)s1)NO,IC50
CHEMBL1630109,5.275724130399211,5300.0,1,O=C(/C=C/c1cccc(-c2ccc3ncnc(Nc4ccc(OCc5cccc(F)c5)c(Cl)c4)c3c2)c1)NO,IC50
CHEMBL1630110,5.309803919971486,4900.0,1,O=C(/C=C/c1ccc(-c2ccc3ncnc(Nc4ccc(OCc5cccc(F)c5)c(Cl)c4)c3c2)cc1)NO,IC50
CHEMBL1630111,5.346787486224656,4500.0,1,Nc1ccccc1NC(=O)c1ccc(-c2ccc3ncnc(Nc4ccc(OCc5cccc(F)c5)c(Cl)c4)c3c2)o1,IC50
CHEMBL1630112,5.221848749616356,6000.0,1,Nc1ccccc1NC(=O)c1ccc(-c2ccc3ncnc(Nc4ccc(OCc5cccc(F)c5)c(Cl)c4)c3c2)s1,IC50
CHEMBL1630113,5.309803919971486,4900.0,1,Nc1ccccc1NC(=O)/C=C/c1ccc(-c2ccc3ncnc(Nc4ccc(OCc5cccc(F)c5)c(Cl)c4)c3c2)o1,IC50
CHEMBL1630114,5.5376020021010435,2900.0,1,Nc1ccccc1NC(=O)/C=C/c1cccc(-c2ccc3ncnc(Nc4ccc(OCc5cccc(F)c5)c(Cl)c4)c3c2)c1,IC50
CHEMBL1630115,5.309803919971486,4900.0,1,Nc1ccccc1NC(=O)/C=C/c1ccc(-c2ccc3ncnc(Nc4ccc(OCc5cccc(F)c5)c(Cl)c4)c3c2)cc1,IC50
CHEMBL1630116,5.161150909262744,6900.0,1,Nc1ccccc1NC(=O)CCc1ccc(-c2ccc3ncnc(Nc4ccc(OCc5cccc(F)c5)c(Cl)c4)c3c2)cc1,IC50
CHEMBL1630117,5.769551078621726,1700.0,1,O=C(NO)c1ccc(-c2ccc3ncnc(Nc4ccc(OCc5cccc(F)c5)c(Cl)c4)c3c2)o1,IC50
CHEMBL1630118,5.769551078621726,1700.0,1,O=C(NO)c1ccc(-c2ccc3ncnc(Nc4ccc(OCc5cccc(F)c5)c(Cl)c4)c3c2)s1,IC50
CHEMBL1642,6.543888971733793,310.0,2,CS(=O)(=O)O.Cc1ccc(NC(=O)c2ccc(CN3CCN(C)CC3)cc2)cc1Nc1nccc(-c2cccnc2)n1,IC50
CHEMBL1688860,8.920818753952375,1.2,1,CN(C)Cc1cc(C(=O)N[C@@H]2CCc3ccc(Oc4ccnc5c4CCC(=O)N5)cc3C2)cc(C(F)(F)F)c1,IC50
CHEMBL170250,7.026872146400302,94.0,2,O=C(NCCO)Nc1nc2cc(C(=O)c3ccccc3)ccc2[nH]1,IC50
CHEMBL1738757,8.77642098432889,1.7,14,CNC(=O)c1cc(Oc2ccc(NC(=O)Nc3cc(C(C)(C)C)nn3-c3ccc4ncccc4c3)c(F)c2)ccn1,IC50
CHEMBL1738759,6.677972825204591,415.0,2,CC(C)(C)c1cc(NC(=O)Nc2cccc(Cl)c2Cl)n(-c2ccc3c(c2)C[C@@H](C(=O)O)NC3)n1,IC50
CHEMBL1762110,5.707743928643524,1960.0,1,CC(=O)NC[C@H]1CC[C@H](c2nc(-c3cc4ccccc4[nH]3)c3c(N)nccn32)CC1,IC50
CHEMBL1765715,5.158015195409886,6950.0,1,Cc1ccc(NC(=O)c2ccc(CCl)cc2)cc1Nc1nccc(-c2cccnc2)n1,IC50
CHEMBL1773092,5.6777807052660805,2100.0,1,Fc1ccc(C(Cl)Cn2ncc3c(NCc4ccccn4)ncnc32)cc1,Ki
CHEMBL1775035,6.823908740944319,150.0,3,ClC(Cn1ncc2c(Nc3ccccc3)nc(SCCN3CCOCC3)nc21)c1ccccc1,Ki
CHEMBL1775036,6.920818753952375,120.0,3,Clc1cccc(Nc2nc(SCCN3CCOCC3)nc3c2cnn3CC(Cl)c2ccccc2)c1,Ki
CHEMBL1775037,6.568636235841013,270.0,2,ClC(Cn1ncc2c(NCCc3ccccc3)nc(SCCN3CCOCC3)nc21)c1ccccc1,Ki
CHEMBL1775038,6.236572006437063,580.0,2,Fc1ccc(CNc2nc(SCCN3CCOCC3)nc3c2cnn3CC(Cl)c2ccccc2)cc1,Ki
CHEMBL1775039,7.045757490560675,90.0,2,ClC(Cn1ncc2c(NCc3ccccc3)nc(SCCN3CCOCC3)nc21)c1ccccc1,Ki
CHEMBL1775040,6.468521082957745,340.0,2,CCCNc1nc(SCCN2CCOCC2)nc2c1cnn2CC(Cl)c1ccccc1,Ki
CHEMBL1775041,6.4089353929735005,390.0,1,Clc1cccc(Nc2nc(N3CCOCC3)nc3c2cnn3CC(Cl)c2ccccc2)c1,Ki
CHEMBL1775042,6.657577319177793,220.0,2,OCCNc1nc(NCCc2ccccc2)c2cnn(/C=C\c3ccccc3)c2n1,Ki
CHEMBL1775043,5.698970004336019,2000.0,1,CS(=O)(=O)c1nc(NCc2ccccc2)c2cnn(CC(Cl)c3ccccc3)c2n1,Ki
CHEMBL1775044,6.142667503568732,720.0,1,CCCNc1nc(S(C)(=O)=O)nc2c1cnn2/C=C\c1ccccc1,Ki
CHEMBL1775045,5.920818753952375,1200.0,1,Clc1ccc(C(Cl)Cn2ncc3c(NCc4ccccn4)ncnc32)cc1,Ki
CHEMBL1775046,5.214588480237395,28530.0,2,Clc1ccc(C(Cl)Cn2ncc3c(NCc4ccncc4)ncnc32)cc1,IC50
CHEMBL1775047,5.795880017344075,1600.0,1,Fc1ccc(C(Cl)Cn2ncc3c(NCc4ccncc4)ncnc32)cc1,Ki
CHEMBL1779202,6.431798275933005,370.0,2,CC1(C)c2cc(C3CCN(C4COC4)CC3)ccc2C(=O)c2c1[nH]c1cc(C#N)ccc21,IC50
CHEMBL1784625,7.152394921209746,81.65,2,Cc1ccc(C(=O)Nc2ccc(CN3CCN(C)CC3)c(C(F)(F)F)c2)cc1C#Cc1cccnc1,IC50
CHEMBL1784626,6.782121601107323,248.85,2,Cc1ccc(C(=O)Nc2ccc(CN3CCN(C)CC3)c(C(F)(F)F)c2)cc1C#Cc1cncnc1,IC50
CHEMBL1784627,7.330971062290121,69.5,2,CC(=O)Nc1ccc(C#Cc2cc(C(=O)Nc3ccc(CN4CCN(C)CC4)c(C(F)(F)F)c3)ccc2C)cn1,IC50
CHEMBL1784628,7.263300313786088,66.3,2,CCC(=O)Nc1ccc(C#Cc2cc(C(=O)Nc3ccc(CN4CCN(C)CC4)c(C(F)(F)F)c3)ccc2C)cn1,IC50
CHEMBL1784629,6.902983003190247,184.85,2,Cc1ccc(C(=O)Nc2ccc(CN3CCN(C)CC3)c(C(F)(F)F)c2)cc1C#Cc1ccc(C(N)=O)nc1,IC50
CHEMBL1784630,6.821863705598409,253.35,2,Cc1ccc(C(=O)Nc2ccc(CN3CCN(C)CC3)c(C(F)(F)F)c2)cc1C#Cc1cnc(NC2CC2)nc1,IC50
CHEMBL1784631,5.714903719452137,2358.5,2,Cc1ccc(C(=O)Nc2ccc(CN3CCN(C)CC3)c(C(F)(F)F)c2)cc1C#Cc1cnc[nH]1,IC50
CHEMBL1784632,6.574523800103254,339.5,2,Cc1ccc(C(=O)Nc2ccc(CN3CCN(C)CC3)c(C(F)(F)F)c2)cc1C#Cc1cncn1C,IC50
CHEMBL1784633,6.79017740438337,217.3,2,Cc1ccc(C(=O)Nc2ccc(CN3CCN(C)CC3)c(C(F)(F)F)c2)cc1C#Cc1cnc(C)n1C,IC50
CHEMBL1784634,8.022878745280337,14.3,2,Cc1ccc(C(=O)Nc2ccc(CN3CCN(C)CC3)c(C(F)(F)F)c2)cc1C#Cc1cnc(C(N)=O)n1C,IC50
CHEMBL1784635,7.752089123307047,17.7,2,CNC(=O)c1ncc(C#Cc2cc(C(=O)Nc3ccc(CN4CCN(C)CC4)c(C(F)(F)F)c3)ccc2C)n1C,IC50
CHEMBL1784636,6.890535407455957,178.0,2,Cc1ccc(C(=O)Nc2ccc(CN3CCN(C)CC3)c(C(F)(F)F)c2)cc1C#Cc1cnc(C(=O)NCCO)n1C,IC50
CHEMBL1784637,8.581205780882245,8.799999999999999,4,CNC(=O)c1ncc(C#Cc2cc(C(=O)Nc3ccc(CN4CCN(CCO)CC4)c(C(F)(F)F)c3)ccc2C)n1C,IC50
CHEMBL1784638,7.586315363473087,72.4,2,COCCN1CCN(Cc2ccc(NC(=O)c3ccc(C)c(C#Cc4cnc(C(N)=O)n4C)c3)cc2C(F)(F)F)CC1,IC50
CHEMBL1784639,7.670612839577821,55.15,2,Cc1ccc(C(=O)Nc2ccc(CN3CCN(CC(=O)O)CC3)c(C(F)(F)F)c2)cc1C#Cc1cnc(C(N)=O)n1C,IC50
CHEMBL1784640,7.197293600923475,84.0,2,Cc1ccc(C(=O)Nc2ccc(CN3CCN(C)CC3)c(C(F)(F)F)c2)cc1C#Cc1cnc(N)s1,IC50
CHEMBL1784641,7.7447274948966935,19.5,2,CC(=O)Nc1ncc(C#Cc2cc(C(=O)Nc3ccc(CN4CCN(C)CC4)c(C(F)(F)F)c3)ccc2C)s1,IC50
CHEMBL1784969,6.443697499232712,360.0,3,CCN1CCC(n2nc(Cc3cccc4ccccc34)c3c(N)ncnc32)CC1,IC50
CHEMBL1784972,7.045757490560675,90.0,3,CS(=O)(=O)N1CCC(n2nc(Cc3cccc4ccccc34)c3c(N)ncnc32)CC1,IC50
CHEMBL1785012,7.154901959985743,70.0,3,CC(C)n1nc(-c2ccc(Cl)c(Cl)c2)c2c(N)ncnc21,IC50
CHEMBL1785014,6.698970004336019,200.0,3,CC(C)c1cccc(-c2nn(C(C)C)c3ncnc(N)c23)c1,IC50
CHEMBL1785020,6.086186147616283,820.0,4,COc1ccc2cc(-c3nn(C(C)C)c4ncnc(N)c34)ccc2c1,IC50
CHEMBL1785021,5.769551078621726,1700.0,4,CCOc1ccc2cc(-c3nn(C(C)C)c4ncnc(N)c34)ccc2c1,IC50
CHEMBL1813625,5.107905397309519,7800.0,1,CN1CCN(c2ccc(-c3cc4c(c(N)nn4C)c(=O)[nH]3)cc2)CC1,IC50
CHEMBL1813790,5.823908740944319,1500.0,1,Nc1c2c(=O)[nH]c(-c3ccccc3)cc2nn1-c1ccccc1,IC50
CHEMBL1822792,5.107905397309519,7800.0,1,CN(C[C@@H]1COCCO1)S(=O)(=O)Nc1ccc2ccc3ncc(-c4cnn(C)c4)cc3c(=O)c2c1,IC50
CHEMBL1825138,6.450008156126906,832.1600000000001,2,CC(Oc1cc(-c2cnn(C3CCNCC3)c2)cnc1N)c1c(Cl)ccc(F)c1Cl,Ki
CHEMBL1834657,5.638272163982407,2300.0,1,CCN1CCN(c2ccc(Nc3cc(N(C)C(=O)Nc4c(Cl)c(OC)cc(OC)c4Cl)ncn3)cc2)CC1.O=P(O)(O)O,IC50
CHEMBL1835870,6.3979400086720375,400.0,1,Nc1nc(Nc2ccc([C@H]3CC[C@H](N4CCOCC4)CC3)cc2)nn1-c1ccccn1,Ki
CHEMBL1836675,6.0,1000.0,1,CSc1nc(NCc2ccccc2F)c2cnn(CC(C)c3ccccc3)c2n1,Ki
CHEMBL1836676,5.730487055782084,1860.0,1,CSc1nc(NCc2ccc(F)cc2)c2cnn(CC(C)c3ccccc3)c2n1,Ki
CHEMBL1836677,6.113509274827518,770.0,1,CSc1nc(NCc2ccccc2Cl)c2cnn(CC(C)c3ccccc3)c2n1,Ki
CHEMBL1836680,5.97061622231479,1070.0,3,CSc1nc(Nc2cccc(Br)c2)c2cnn(CC(C)c3ccccc3)c2n1,Ki
CHEMBL1836681,5.308034897232639,4920.0,1,Fc1cccc(CNc2ncnc3c2cnn3CCc2ccccc2)c1,Ki
CHEMBL184742,7.2839966563652006,52.0,1,Cc1ccc(NC(=O)Nc2cccc(N3CCCC3)c2)cc1Nc1nccc(-c2cccnc2)n1,IC50
CHEMBL1852688,5.638272163982407,2300.0,1,CCN1CCN(c2ccc(Nc3cc(N(C)C(=O)Nc4c(Cl)c(OC)cc(OC)c4Cl)ncn3)cc2)CC1,IC50
CHEMBL185775,6.031517051446065,930.0,1,Cc1ccc(NC(=O)N2CCCCC2)cc1Nc1nccc(-c2cccnc2)n1,IC50
CHEMBL186652,6.756961951313706,175.0,1,Cc1ccc(NC(=O)Nc2cccc(Cl)c2)cc1Nc1nccc(-c2cccnc2)n1,IC50
CHEMBL187080,6.0,1000.0,1,Cc1ccc(NC(=O)Nc2cccnc2)cc1Nc1nccc(-c2cccnc2)n1,IC50
CHEMBL1873475,7.064996848546345,86.1,2,C=CC(=O)N1CCC[C@@H](n2nc(-c3ccc(Oc4ccccc4)cc3)c3c(N)ncnc32)C1,IC50
CHEMBL1908397,8.1259059864969,9.0,2,O=C(c1ccc(/C=C/c2n[nH]c3ccccc23)cc1)N1CCNCC1,IC50
CHEMBL191003,6.399996913372259,398.11,1,Nc1nc(Nc2ccc(S(N)(=O)=O)cc2)nn1C(=O)c1c(F)cccc1F,Ki
CHEMBL1916891,6.962573502059376,109.0,1,Cc1ccccc1Nc1nc2cc(F)c(N(C)C(=O)/C=C/CN(C)C)cc2n2cncc12,IC50
CHEMBL1923082,5.958607314841775,1100.0,1,CSc1cccc(C(=O)Nc2ccc(C)c(Nc3nccc(-c4cccnc4)n3)c2)c1,IC50
CHEMBL1949855,4.399999967876858,39810.72,1,O=c1[nH]cnc2c(Cl)cccc12,Ki
CHEMBL195029,6.309803919971486,490.0,1,COc1cc(Nc2c(C#N)cnc3cc4cc(OCCN5CCOCC5)c(OC)cc4cc23)c(Cl)cc1Cl,IC50
CHEMBL196363,6.799998134593398,158.49,1,Cc1cccc(NC(=O)Nc2ccc(-c3csc4ncnc(N)c34)cc2)c1,Ki
CHEMBL1964441,6.799998134593398,158.49,1,CNCC#Cc1cnc(N)c2c(-c3ccc(NC(=O)Nc4cccc(C)c4)cc3)csc12,Ki
CHEMBL1964718,4.0,100000.0,1,CC1=CN2CC(=O)NN=C2C=C1,Ki
CHEMBL1965169,6.0999990348465305,794.33,1,Cc1ccc(-c2cc3nc(Br)cnc3[nH]2)cc1,Ki
CHEMBL1965170,8.700057099977233,1.995,1,COc1ccc(NC(=O)Nc2ccc(-c3csc4c(-c5cnn(CC(O)CO)c5)cnc(N)c34)cc2)cc1,Ki
CHEMBL1965570,7.0,100.0,1,Nc1ncc(-c2ccoc2)c2scc(-c3ccc(NC(=O)Nc4ccccc4F)cc3)c12,Ki
CHEMBL1965988,6.599997654072044,251.19,1,Cc1cccc(NC(=O)Nc2ccc(-c3csc4c(C#CCN)cnc(N)c34)cc2)c1,Ki
CHEMBL1966514,7.50003813440381,31.62,1,Nc1ncc(-c2ccoc2)c2scc(-c3ccc(NC(=O)Nc4cccc(F)c4)cc3)c12,Ki
CHEMBL1966836,6.699991797446187,199.53,1,Cn1nc(N)c2c(-c3ccc(NC(=O)Nc4ccc(F)c(C(F)(F)F)c4)cc3)ccnc21,Ki
CHEMBL1966842,5.700000503883016,1995.26,1,COc1ccc(CN(C)C)cc1Nc1nccc(-c2c(-c3cccc(NC(=O)Cc4ccccc4)c3)nc3sccn23)n1,Ki
CHEMBL1967116,8.79997073344623,1.585,1,Cc1cccc(NC(=O)Nc2ccc(-c3csc4c(-c5cnn(C)c5)cnc(N)c34)cc2)c1,Ki
CHEMBL1967252,4.600000074606178,25118.86,1,Cc1n[nH]c2ccc(-c3cccnc3)cc12,Ki
CHEMBL1967513,5.700000503883016,1995.26,1,O=C(Nc1cccc(C(F)(F)F)n1)Nc1ccnc2ccc(Cl)cc12,Ki
CHEMBL1967531,6.599997654072044,251.19,1,Nc1ncnc2scc(-c3ccc(NC(=O)Nc4ccccc4)cc3)c12,Ki
CHEMBL1967878,7.400007822415902,39.81,1,Cc1cc(Nc2ncc(F)c(NC3C4C=CC(C4)C3C(N)=O)n2)ccc1N1CCN(C)CC1,Ki
CHEMBL1968130,4.600000074606178,25118.86,1,Nc1nnc2cncc(Cl)n12,Ki
CHEMBL1968590,7.299988937677887,50.12,1,CNC(=O)C=Cc1cnc(N)c2c(-c3ccc4sc(C)nc4c3)csc12,Ki
CHEMBL1968868,5.59999938302362,2511.89,1,N#Cc1cccc(NC(=O)Nc2ccnc3cc(C(F)(F)F)ccc23)n1,Ki
CHEMBL1969102,8.79997073344623,1.585,1,Cc1cccc(NC(=O)Nc2ccc(-c3csc4c(-c5cn[nH]c5)cnc(N)c34)cc2)c1,Ki
CHEMBL1969156,4.600000074606178,25118.86,1,Nc1nccc2cnc(-c3ccccc3)n12,Ki
CHEMBL1969190,6.299997602857746,501.19,1,COc1ccc(-c2ccc(NC(=O)Nc3cc(F)cc(F)c3)cc2)c2c(N)noc12,Ki
CHEMBL1969502,7.0,100.0,1,O=C1NN=Cc2c[nH]c3cc(NC(=O)C4CC4c4ccccc4)cc1c23,Ki
CHEMBL1969537,7.100015437450609,79.43,1,S=c1[nH]nc2c3c4c(sc3n3c(=S)[nH]nc3n12)CCC4,Ki
CHEMBL1969588,6.299997602857746,501.19,1,Clc1cc(-c2c[nH]c3ncccc23)cc(NCc2ccccc2)n1,Ki
CHEMBL1970083,8.0,10.0,1,Nc1ncc(-c2ccncc2)c2scc(-c3ccc(NC(=O)Nc4cc(C(F)(F)F)ccc4F)cc3)c12,Ki
CHEMBL1970104,6.799998134593398,158.49,2,CC(C)(C)c1ccc2nc(-c3n[nH]c4ccccc34)[nH]c2c1,Ki
CHEMBL1970142,8.400007822415901,3.981,1,CNC(=O)C(C)n1cc(-c2cnc(N)c3c(-c4ccc(NC(=O)Nc5ccc(C)cc5)cc4)csc23)cn1,Ki
CHEMBL1970290,5.800000874803203,1584.89,1,CCN(CC)CCNC(=O)c1cccc(-n2nc(C(C)(C)C)cc2NC(=O)Nc2cccc3ccccc23)c1,Ki
CHEMBL1970317,8.700057099977233,1.995,1,Cn1cc(-c2cnc(N)c3c(-c4ccc(NC(=O)Nc5cccc(F)c5)cc4)csc23)cn1,Ki
CHEMBL1970879,6.799998134593398,158.49,1,COc1cc(-c2nn(C3CCC(N4CCN(C(C)=O)CC4)CC3)c3ncnc(N)c23)ccc1NC(=O)c1cc2ccccc2n1C,Ki
CHEMBL1971519,4.800000052738446,15848.93,1,Nc1n[nH]c2cccc(-c3ccc(F)cc3)c12,Ki
CHEMBL1971534,4.100000018985305,79432.82,1,NC(=O)c1cc2ccncc2s1,Ki
CHEMBL1971947,7.199970640755866,63.1,1,Cc1cccc(NC(=O)Nc2ccc(-c3csc4c(C#Cc5cccnc5)cnc(N)c34)cc2)c1,Ki
CHEMBL1972220,8.79997073344623,1.585,1,Nc1ncc(-c2cnn(CCO)c2)c2scc(-c3ccc(NC(=O)Nc4ccc(OC(F)F)cc4)cc3)c12,Ki
CHEMBL1972355,6.0999990348465305,794.33,1,COc1c(-c2nc3ccccc3[nH]2)c(O)cc2oc(C)cc(=O)c12,Ki
CHEMBL1972934,4.70000006855703,19952.62,1,Nc1ncnc2sccc12,Ki
CHEMBL1973178,6.699991797446187,199.53,1,COc1ccc(-c2ccc(NC(=O)Nc3ccc(OC(F)(F)F)cc3)cc2)c2c(N)noc12,Ki
CHEMBL1973211,6.599997654072044,251.19,1,Cc1cccc(NC(=O)Nc2ccc(-c3csc4c(C#CCN5CCCC5)cnc(N)c34)cc2)c1,Ki
CHEMBL1973359,6.399996913372259,398.11,1,NC(=O)c1ccc2nc(-c3ccc([N+](=O)[O-])o3)cn2c1,Ki
CHEMBL1973720,5.800000874803203,1584.89,2,NC1CCC(Nc2nc(Cl)cc(-c3c[nH]c4ncccc34)n2)CC1,Ki
CHEMBL1974254,9.199970640755865,0.631,1,CCOc1ccc(NC(=O)Nc2ccc(-c3csc4c(-c5cnn(C)c5)cnc(N)c34)cc2)cc1,Ki
CHEMBL1974328,6.599997654072044,251.19,1,Cc1cccc(Nc2nc(NC3CCCCC3N)cnc2C(N)=O)c1,Ki
CHEMBL1974416,6.599997654072044,251.19,1,O=C(Nc1cnc2[nH]cc(-c3ccccc3)c2c1)c1cccc(F)c1F,Ki
CHEMBL1974664,7.199970640755866,63.1,1,COc1ccc(C=NNc2ncnc3c2[nH]c2ccccc23)cc1OC,Ki
CHEMBL1974875,4.200000030616179,63095.73,1,O=C(O)c1csc2c1NCCNC2=O,Ki
CHEMBL1975212,5.59999938302362,2511.89,1,Nc1ncnc2scc(-c3ccccc3)c12,Ki
CHEMBL1975503,4.300000029139088,50118.72,1,Nc1ccc(-c2cccn3c(=O)[nH]nc23)cc1,Ki
CHEMBL1975903,6.299997602857746,501.19,1,COc1ccccc1-c1ccnc(Nc2cccc(S(C)(=O)=O)c2)n1,Ki
CHEMBL1975921,4.800000052738446,15848.93,1,O=c1[nH]c2cc(Br)cnc2[nH]1,Ki
CHEMBL1975927,6.299997602857746,501.19,1,COc1ccc(-n2ccc3cnc(Nc4cc(OC)c(OC)c(OC)c4)nc32)cc1,Ki
CHEMBL1976040,6.499996931948306,316.23,1,C=CCn1c(=O)c2cnc(Nc3ccc(N4CCN(C)CC4)cc3)nc2n1-c1cccc(C(C)(C)O)n1,Ki
CHEMBL1976134,7.299988937677887,50.12,1,c1cc2cc(-c3ccc4cn[nH]c4c3)cnc2[nH]1,Ki
CHEMBL1976196,5.59999938302362,2511.89,1,O=C(Nc1ccc([N+](=O)[O-])cc1)N1CCc2[nH]c3c(Cl)cc(Cl)cc3c2C1,Ki
CHEMBL1976420,5.899998417198648,1258.93,1,CCc1c(-c2ccc(C(C)(C)O)cc2)[nH]c2nccnc12,Ki
CHEMBL1976872,4.200000030616179,63095.73,1,CC(=O)Nc1cc2ccccn2n1,Ki
CHEMBL1977041,6.900008766455316,125.89,1,COC(=O)c1c(-c2ccc(NC(=O)Nc3ccccc3)cc2)c2c(N)ncnn2c1C,Ki
CHEMBL1977134,6.699991797446187,199.53,1,Nc1c(-c2ccc(NC(=O)Nc3cccc(C(F)(F)F)c3)cc2)cnc2c(-c3ccc4c(c3)OCO4)cnn12,Ki
CHEMBL1977138,6.199998172182031,630.96,1,CC(Nc1cncc(-n2cnc3ccc(C#N)cc32)n1)c1ccccc1F,Ki
CHEMBL1977148,9.599980364934842,0.2512,1,COc1ccc(NC(=O)Nc2ccc(-c3csc4c(-c5cnn(CCO)c5)cnc(N)c34)cc2)cc1,Ki
CHEMBL1977931,4.100000018985305,79432.82,1,CC(=O)c1ccccc1-c1ncnc2[nH]ccc12,Ki
CHEMBL1978166,6.900008766455316,125.89,2,Cc1cccc(NC(=O)Nc2ccc(-c3csc4c(C#CCCCCCCCCN)cnc(N)c34)cc2)c1,Ki
CHEMBL1978167,5.899998417198648,1258.93,1,Cn1cc(-c2cc3nc(Br)cnc3[nH]2)c2ccccc21,Ki
CHEMBL1978371,5.899998417198648,1258.93,1,N#CC1=C(c2ccccc2)CC(c2ccc(Cl)cc2)C(C(=O)c2ccccc2)C1=O,Ki
CHEMBL1978562,6.0999990348465305,794.33,1,Cn1cc(-c2cc3nc(Br)cnc3[nH]2)c2cc(C#N)ccc21,Ki
CHEMBL1979252,6.399996913372259,398.11,1,O=c1c(NCc2cccc(C(F)(F)F)c2)c(Nc2ccncc2)c1=O,Ki
CHEMBL1979577,6.499996931948306,316.23,1,Cc1cccc(NC(=O)Nc2ccc(-c3csc4c(C#CC(C)(C)N)cnc(N)c34)cc2)c1,Ki
CHEMBL1979690,7.0,100.0,1,CN1CCN(c2ccc(Nc3ncc(Cl)c(Nc4ccc5[nH]ncc5c4)n3)cc2)CC1,Ki
CHEMBL1979883,6.799998134593398,158.49,1,Cc1cccc(NC(=O)Nc2ccc(-c3csc4c(C#CCN(C)C)cnc(N)c34)cc2)c1,Ki
CHEMBL1980167,5.899998417198648,1258.93,1,CN(C)c1ccc(-c2cc(-c3ccc([N+](=O)[O-])cc3)nc(NS(=O)(=O)c3ccc(N)cc3)n2)cc1,Ki
CHEMBL1980297,8.210428444178092,7.5809999999999995,2,Nc1ncc(-c2cnn(CCO)c2)c2scc(-c3ccc(NC(=O)Nc4cccc(F)c4)cc3)c12,IC50
CHEMBL1980329,7.299988937677887,50.12,1,O=C1Nc2cc(-c3ccc(O)cc3)ccc2C1=Cc1ccc[nH]1,Ki
CHEMBL1980376,4.600000074606178,25118.86,1,Cc1cccc(-c2cccc3onc(N)c23)c1,Ki
CHEMBL1980407,7.199970640755866,63.1,1,NC(COc1cncc(-c2ccc3c(c2)C(=Cc2ccc[nH]2)C(=O)N3)c1)Cc1ccccc1,Ki
CHEMBL1980671,5.700000503883016,1995.26,1,Nc1ncnc2c1C(=O)Nc1ccccc1N2,Ki
CHEMBL1980763,5.59999938302362,2511.89,1,CC(C)Cc1nc(Nc2ccc(N3CCOCC3)c(Cl)c2)nc2[nH]ccc12,Ki
CHEMBL1980904,6.499996931948306,316.23,1,Nc1n[nH]c2cccc(-c3ccc(NC(=O)Nc4cccc(C(F)(F)F)c4)c(F)c3)c12,Ki
CHEMBL1980995,7.0,100.0,1,CNC1CC2OC(C)(C1OC)n1c3ccccc3c3c4c(c5c6ccccc6n2c5c31)C(=O)NC4,Ki
CHEMBL1981047,8.599980364934842,2.512,1,COC(C(=O)N1Cc2[nH]nc(NC(=O)c3ccc(N4CCN(C)CC4)cc3)c2C1)c1ccccc1,Ki
CHEMBL1981492,4.0,100000.0,1,COC(=O)c1c(N)nc2ccccn12,Ki
CHEMBL1981744,5.40000018605658,3981.07,1,O=C(Nc1cccc(C(F)(F)F)n1)Nc1ccnc2cc(Cl)ccc12,Ki
CHEMBL1982465,7.400007822415902,39.81,1,Cc1cccc(NC(=O)Nc2ccc(-c3csc4c(C#CCN5CCOCC5)cnc(N)c34)cc2)c1,Ki
CHEMBL1982466,8.599980364934842,2.512,1,Cc1ccc(NC(=O)Nc2ccc(-c3csc4c(-c5cnn(C)c5)cnc(N)c34)cc2)cc1,Ki
CHEMBL1982476,9.299988937677888,0.5012,1,CNC(=O)c1cnc(N)c2c(-c3ccc(NC(=O)Nc4cccc(Cl)c4)cc3)csc12,Ki
CHEMBL1982711,6.0,1000.0,1,NC(=O)c1ccc(-c2c[nH]c3nccc(Cl)c23)cc1,Ki
CHEMBL1982957,7.299988937677887,50.12,1,NC(=O)c1cccc(-c2cnc3[nH]cc(-c4ccccc4)c3c2)c1,Ki
CHEMBL1983025,6.299997602857746,501.19,1,CCC(N)(C#Cc1cnc(N)c2c(-c3ccc(NC(=O)Nc4cccc(C)c4)cc3)csc12)CC,Ki
CHEMBL1983111,6.599997654072044,251.19,1,CC(=O)NCC(=O)N1C2CCC1c1cc(Nc3ncc(C(F)(F)F)c(NC4CCC4)n3)ccc12,Ki
CHEMBL1983268,6.499996931948306,316.23,1,CN1CCN(c2ccc(C(=O)Nc3n[nH]c4ccc(Cc5cc(F)cc(F)c5)cc34)c(NC3CCOCC3)c2)CC1,Ki
CHEMBL1983348,5.700000503883016,1995.26,1,CCCCN(CCC#N)C(=O)c1ccc2nc(-c3n[nH]c4ccccc34)[nH]c2c1,Ki
CHEMBL1983573,4.399999967876858,39810.72,1,C=Cc1ccc(-c2cccc3nnc(N)n23)cc1,Ki
CHEMBL1983575,6.199998172182031,630.96,1,O=C(NN=Cc1cc(Br)c(O)c(Br)c1)Nc1ccccc1,Ki
CHEMBL1983630,4.100000018985305,79432.82,1,O=C1Cc2cc(-c3ccccc3)cnc2N1,Ki
CHEMBL1983640,6.399996913372259,398.11,1,Cc1ccc(F)c(NC(=O)Nc2ccc(-c3coc4c(C#CCN5CCOCC5)cnc(N)c34)cc2)c1,Ki
CHEMBL1983715,6.599997654072044,251.19,1,CCNc1nc(C)c(-c2ccnc(Nc3ccc(N4CCN(C(C)=O)CC4)cc3)n2)s1,Ki
CHEMBL1983923,6.699991797446187,199.53,1,Cc1cc(Nc2cc(N3CCN(C)CC3)nc(C=Cc3ccccc3)n2)n[nH]1,Ki
CHEMBL1983963,6.699991797446187,199.53,1,Cc1cccc(NC(=O)Nc2ccc(-c3coc4ncnc(N)c34)cc2)c1,Ki
CHEMBL1983980,5.800000874803203,1584.89,1,O=C(Nc1nc2ccccc2s1)c1cccc2c1CN(c1nc(C(=O)O)c(-c3ccc(CO)cc3)s1)CC2,Ki
CHEMBL1984162,6.399996913372259,398.11,1,COCCOC1CCC(n2nc(-c3ccc(Nc4nc5cc(C)cc(C)c5o4)cc3)c3c(N)ncnc32)CC1,Ki
CHEMBL1985367,6.0,1000.0,1,Cc1ccnc(Nc2cc(C)nc(-c3ccccc3)n2)c1,Ki
CHEMBL1985888,6.699991797446187,199.53,1,Cn1nc(N)c2c(-c3ccc(NC(=O)Nc4cccc(C(F)(F)F)c4)cc3)ccnc21,Ki
CHEMBL1986590,5.899998417198648,1258.93,1,O=C1Nc2ccccc2C1=Cc1c[nH]c2ccccc12,Ki
CHEMBL1986899,5.700000503883016,1995.26,1,Cc1ccc(NCc2ccc(-c3ccc(F)cc3)nc2)cc1,Ki
CHEMBL1986943,6.199998172182031,630.96,2,OC1CCC(Nc2nc(Cl)cc(-c3c[nH]c4ncccc34)n2)CC1,Ki
CHEMBL1987034,7.0,100.0,1,N#CCOc1ccc(Nc2nc(Nc3cccc(S(N)(=O)=O)c3)ncc2Br)cc1,Ki
CHEMBL1987054,6.299997602857746,501.19,1,COCCOC1CCC(n2nc(-c3ccc(Nc4nc5cc(C)cc(Cl)c5o4)cc3)c3c(N)ncnc32)CC1,Ki
CHEMBL1988075,7.400007822415902,39.81,1,Cc1ccc(-c2cnc(N)c3c(-c4ccc(NC(=O)Nc5cccc(F)c5)cc4)csc23)cn1,Ki
CHEMBL1988141,6.0,1000.0,1,CCC(=O)Nc1ccc(C(=O)N2CCNCC2)c(O)c1,Ki
CHEMBL1988300,7.299988937677887,50.12,1,Nc1ccc(-c2csc3c(C=Cc4nc5ccccc5[nH]4)cnc(N)c23)cc1,Ki
CHEMBL1988387,8.599980364934842,2.512,1,Cn1cc(-c2cnc(N)c3c(-c4ccc(NC(=O)Nc5ccc(OC(F)F)cc5)cc4)csc23)cn1,Ki
CHEMBL1988437,8.500038134403809,3.162,1,CNC(=O)c1ccccc1Sc1ccc2c(C=Cc3ccccn3)n[nH]c2c1,Ki
CHEMBL1988581,7.100015437450609,79.43,1,Cc1cc(=O)n2ccc(CN(C)C)c(O)c2n1,Ki
CHEMBL1988692,6.599997654072044,251.19,1,CC(C)NC1=NNC(=O)C1=Cc1cc2ccccc2[nH]1,Ki
CHEMBL1988717,7.79997073344623,15.85,1,Cn1cc(-c2cnn3c(N)c(-c4ccc(NC(=O)Nc5cccc(C(F)(F)F)c5)cc4)cnc23)cn1,Ki
CHEMBL1988838,6.699991797446187,199.53,1,Cc1cnc(Nc2cccc(S(N)(=O)=O)c2)nc1Nc1ccc(OCC(N)=O)cc1,Ki
CHEMBL1989267,7.899974269892137,12.59,1,COc1cc(-c2csc3c(C=CC(=O)NCCN(C)C)cnc(N)c23)ccc1NC(=O)c1cc2ccccc2n1C,Ki
CHEMBL1989471,6.599997654072044,251.19,1,Cc1ccnc2[nH]c3cc(C(C)C)ccc3c(=O)c12,Ki
CHEMBL1990884,7.0,100.0,1,Cc1cc(C)c2oc(Nc3ccc(-c4cccc(C(N)=O)c4N)cc3F)nc2c1,Ki
CHEMBL1991095,4.100000018985305,79432.82,1,N#Cc1cnc2c(Br)cnn2c1N,Ki
CHEMBL1991734,6.199998172182031,630.96,1,CN1c2ccc(N)cc2C(c2ccccc2)c2cc(N)ccc21,Ki
CHEMBL1992042,5.899998417198648,1258.93,1,O=C(Nc1cccc(C2Nc3ccc4ccccc4c3C3C=CCC32)c1)c1ccc(F)cc1,Ki
CHEMBL1992125,5.700000503883016,1995.26,1,COc1cc(Nc2ncnc(N3CCCc4cc(C)ccc43)n2)cc(OC)c1OC,Ki
CHEMBL1992306,6.199998172182031,630.96,1,CNC(=O)c1cc(Oc2ccc(NC(=O)Nc3cccc(C(F)(F)F)c3)cc2)ccn1,Ki
CHEMBL1992473,6.299997602857746,501.19,1,CN(C)c1c(NC(=O)c2c(F)cccc2F)cccc1-c1nc2sccn2c1-c1ccnc(Nc2cccc(N3CCOCC3)c2)n1,Ki
CHEMBL1992581,6.699991797446187,199.53,1,O=C(Cc1ccc(-c2cccnc2)cc1)Nc1ccc(SC(F)F)cc1,Ki
CHEMBL1992673,4.399999967876858,39810.72,1,O=c1[nH]c2ccc(Cl)cc2c2ncnn12,Ki
CHEMBL1992937,6.0999990348465305,794.33,1,Cc1ccc(Nc2nc3ccc([N+](=O)[O-])cc3[nH]2)nc1,Ki
CHEMBL1993335,6.799998134593398,158.49,1,Cn1cc(-c2cc3nc(Br)cnc3[nH]2)c2cc(F)ccc21,Ki
CHEMBL1993661,8.100015437450608,7.943,1,CNS(=O)(=O)c1ccccc1Nc1nc(Nc2cc(OC)c(OC)c(OC)c2)ncc1Cl,Ki
CHEMBL1993877,6.0,1000.0,1,C#Cc1cn(C2CCCC2)c2ncnc(N)c12,Ki
CHEMBL1993904,5.800000874803203,1584.89,1,NC(=O)c1cc2c(-c3ccc(Nc4nc5ccccc5o4)cc3)cnc(N)c2s1,Ki
CHEMBL1993941,8.899974269892137,1.259,1,CCCn1cc(-c2cnc(N)c3c(-c4ccc(NC(=O)Nc5cccc(F)c5)cc4)csc23)cn1,Ki
CHEMBL1994159,4.300000029139088,50118.72,1,CC(=O)c1cccc(-c2ccc3nccn3n2)c1,Ki
CHEMBL1994321,7.100015437450609,79.43,1,Cc1cccc(NC(=O)Nc2ccc(-c3csc4c(C#CCNS(C)(=O)=O)cnc(N)c34)cc2)c1,Ki
CHEMBL1994555,5.700000503883016,1995.26,1,CCc1c(-c2ccc(C(C)=O)cc2)[nH]c2nccnc12,Ki
CHEMBL1994808,4.0,100000.0,1,Cc1nnc(-c2ccccc2)c(C#N)n1,Ki
CHEMBL1995765,4.900000142057633,12589.25,1,Nc1cc(=O)[nH]n1-c1ccccn1,Ki
CHEMBL1996048,5.700000503883016,1995.26,1,Cc1ccc(-c2cc3c(NCCN)ccc(C(N)=O)c3[nH]2)cc1,Ki
CHEMBL1996066,8.0,10.0,1,N#Cc1ccc2nc(N)n(-c3nc(-c4ccccc4)cs3)c2c1,Ki
CHEMBL1996255,6.299997602857746,501.19,1,Cc1ccc(F)c(NC(=O)Nc2ccc(-c3c(F)ccc4[nH]nc(N)c34)cc2)c1,Ki
CHEMBL1996646,6.399996913372259,398.11,1,COc1cccc(OC)c1CNc1nc(NC2CCCCC2)nc2ccc(Cl)cc12,Ki
CHEMBL1996649,8.100015437450608,7.943,1,CCN(CC)CCCNC(=O)c1cnc(N)c2c(-c3ccc(NC(=O)Nc4cccc(F)c4)cc3)csc12,Ki
CHEMBL1996702,6.599997654072044,251.19,1,COc1cc(-c2ccc3c(c2)Nc2ccc(C(=O)NCCCN(C)C)cc2NC3=O)ccc1O,Ki
CHEMBL1996979,8.0,10.0,1,O=C(Nc1cnc2[nH]cc(-c3ccccc3)c2c1)c1c(F)cccc1F,Ki
CHEMBL1997119,4.600000074606178,25118.86,1,Nc1ncc2cccc(-c3ccccc3)n12,Ki
CHEMBL1997129,6.299997602857746,501.19,1,O=C1NCCc2[nH]c(-c3ccnc(C=Cc4ccccc4)c3)cc21,Ki
CHEMBL1997275,5.899998417198648,1258.93,1,COc1ccc2[nH]cc(C=C3C(=O)Nc4ccccc43)c2c1,Ki
CHEMBL1997617,8.400007822415901,3.981,1,CN1CCN(C2CCC(n3cc(-c4ccc(Oc5ccccc5)cc4)c4c(N)ncnc43)CC2)CC1,Ki
CHEMBL1997822,8.400007822415901,3.981,1,Cc1cc2cc(-c3csc4c(-c5cccc(S(C)(=O)=O)c5)cnc(N)c34)ccc2[nH]1,Ki
CHEMBL1997924,8.0,10.0,1,c1ccc(CNc2nc(Nc3cc(C4CC4)[nH]n3)c3sccc3n2)cc1,Ki
CHEMBL1998228,4.200000030616179,63095.73,1,Clc1cc2nnc(-c3ccccc3)n2cn1,Ki
CHEMBL1998585,7.50003813440381,31.62,1,Nc1ncnc2scc(-c3ccc(NC(=O)Nc4cc(C(F)(F)F)ccc4F)cc3)c12,Ki
CHEMBL1999112,7.100015437450609,79.43,1,CCOC(=O)C1=c2sc(=Cc3ccco3)c(=O)n2C(N)=C(C#N)C1c1ccco1,Ki
CHEMBL1999120,4.200000030616179,63095.73,1,CC(C)c1cc(=O)[nH]c2[nH][nH]c(=O)c12,Ki
CHEMBL1999414,8.100015437450608,7.943,1,CCN(CC)CCCNC(=O)c1cnc(N)c2c(-c3ccc(NC(=O)Nc4cccc(C)c4)cc3)csc12,Ki
CHEMBL1999484,7.100015437450609,79.43,1,CNc1nc(C)c(-c2ccnc(Nc3ccc(N4CCNCC4)cc3)n2)s1,Ki
CHEMBL1999590,6.299997602857746,501.19,1,Cc1cc(-c2ccccc2)n(-c2cc(NN=Cc3ccco3)ncn2)n1,Ki
CHEMBL1999811,6.399996913372259,398.11,1,O=C(NN=Cc1ccc(O)cc1O)Nc1cccc2nsnc12,Ki
CHEMBL2000335,6.499996931948306,316.23,1,Cc1ccc(NC(=O)Nc2ccc(-c3csc4ncnc(N)c34)cc2)cc1C,Ki
CHEMBL2000652,6.299997602857746,501.19,2,Nc1n[nH]c2cccc(-c3ccc(NC(=O)Nc4cccc(Cl)c4)c(F)c3)c12,Ki
CHEMBL2001228,5.899998417198648,1258.93,1,O=C(Nc1cccc(-c2nc3sccn3c2-c2ccnc(Nc3cccc(N4CCOCC4)c3)n2)c1Cl)c1ccccc1F,Ki
CHEMBL2001257,6.299997602857746,501.19,1,CCN(CC)CC#Cc1cnc(N)c2c(-c3ccc(NC(=O)Nc4cccc(C)c4)cc3)csc12,Ki
CHEMBL2001485,7.599980364934842,25.12,1,Cc1ccc(NC(=O)Nc2ccc(-c3csc4c(-c5cnn(C(C)C(=O)N(C)C)c5)cnc(N)c34)cc2)cc1,Ki
CHEMBL2001613,4.399999967876858,39810.72,1,O=c1[nH][nH]c2ccc(Br)cc12,Ki
CHEMBL2002099,5.499999678657065,3162.28,1,N#CCC(C1CCCC1)n1cc(-c2ncnc3[nH]ccc23)cn1,Ki
CHEMBL2002105,4.100000018985305,79432.82,1,Nc1n[nH]c2ncc(Br)cc12,Ki
CHEMBL2002165,9.100015437450608,0.7943,1,CC(O)Cn1cc(-c2cnc(N)c3c(-c4ccc(NC(=O)Nc5cccc(F)c5)cc4)csc23)cn1,Ki
CHEMBL2002432,7.100015437450609,79.43,1,CC(C)Nc1nccc(Nc2ncc(-c3ccccc3)s2)n1,Ki
CHEMBL2002450,4.200000030616179,63095.73,1,COc1ccc(-c2ccc(N)cc2)c2cnoc12,Ki
CHEMBL2002586,5.899998417198648,1258.93,1,Clc1cc(Nc2nc(NC3CC3)c3sccc3n2)ccc1N1CCOCC1,Ki
CHEMBL2003657,6.299997602857746,501.19,1,CC(C)S(=O)(=O)n1c(N)nc2ccc(-c3c(-c4ccc(F)cc4)nc4sccn34)cc21,Ki
CHEMBL2003785,4.300000029139088,50118.72,1,Fc1cccc(CNc2ncnc3[nH]cnc23)c1,Ki
CHEMBL2004025,5.700000503883016,1995.26,1,COCOc1cccc(OCOC)c1-c1ccc(NS(C)(=O)=O)cc1C(=O)OC,Ki
CHEMBL2004118,5.800000874803203,1584.89,1,CCc1nc(Nc2ccc(N3CCOCC3)c(Cl)c2)nc2[nH]ccc12,Ki
CHEMBL2004290,8.500038134403809,3.162,1,COc1ccc(NC(=O)Nc2ccc(-c3csc4c(-c5cnn(CC(C)(C)O)c5)cnc(N)c34)cc2)cc1,Ki
CHEMBL2004311,6.199998172182031,630.96,1,Cc1cc(C)cc(NC(=O)Nc2ccc(-c3cccc4c3CNC4=O)c(C)c2)c1,Ki
CHEMBL2004515,5.100000128334196,7943.28,1,c1nc(-c2ccc3c(c2)OCO3)c2cc[nH]c2n1,Ki
CHEMBL2004637,5.800000874803203,1584.89,1,CCN(CCN)C(=O)c1cccc(-n2nc(C(C)(C)C)cc2NC(=O)Nc2cccc3ccccc23)c1,Ki
CHEMBL2004716,8.599980364934842,2.512,1,CCN(CC)CCNC(=O)C=Cc1cnc(N)c2c(-c3ccc(NC(=O)Nc4cccc(C)c4)cc3)csc12,Ki
CHEMBL2005449,6.0999990348465305,794.33,1,Cc1cc(Nc2nc(Cl)cc(NCc3ccccc3)n2)n[nH]1,Ki
CHEMBL2005478,6.699991797446187,199.53,1,COc1ccc2c(c1)c(-c1cc3nc(Br)cnc3[nH]1)cn2C,Ki
CHEMBL2005631,8.700057099977233,1.995,1,CNC(=O)c1cnc(N)c2c(-c3ccc(NC(=O)Nc4cc(C)ccc4F)cc3)csc12,Ki
CHEMBL2005886,6.599997654072044,251.19,1,Cc1cc(N2CCOCC2)cc2[nH]c(-c3c(NCC(O)c4cccc(Cl)c4)cc[nH]c3=O)nc12,Ki
CHEMBL2006564,7.0,100.0,1,CCN(C(C)=O)c1ccc(Nc2nc(NC3CC3)c3nc[nH]c3n2)cc1,Ki
CHEMBL2006765,6.110408178405061,850.595,2,CCCNC(=O)c1ccc(Nc2nc(NCC(F)(F)F)c3cc[nH]c3n2)cc1,IC50
CHEMBL2006778,8.700057099977233,1.995,1,CNC(=O)C=Cc1cnc(N)c2c(-c3cc(F)c4[nH]c(C)cc4c3)csc12,Ki
CHEMBL2007097,4.200000030616179,63095.73,1,Nc1nc(=O)[nH]c2sccc12,Ki
CHEMBL201511,4.031517051446065,93000.0,1,COc1cc(C2=C(c3c[nH]c4ccccc34)C(=O)NC2=O)cc(OC)c1OC,IC50
CHEMBL2022856,9.100015437450608,0.7943,1,C[C@@H](O)Cn1cc(-c2cnc(N)c3c(-c4ccc(NC(=O)Nc5cccc(F)c5)cc4)csc23)cn1,Ki
CHEMBL20252,6.698970004336019,200.0,1,Cc1ccc(NC(=O)c2ccc3ccccc3c2)cc1Nc1nccc(-c2cccnc2)n1,IC50
CHEMBL2029988,8.221848749616356,6.0,1,COc1cc2ncnc(Oc3cccc(NC(=O)Nc4cc(C(C)(C)C(F)(F)F)on4)c3)c2cc1OC,IC50
CHEMBL2030556,6.534984192524513,292.0,2,CC(C)n1nc(-c2cc3c(Cl)cccc3[nH]2)c2c(N)ncnc21,IC50
CHEMBL2030558,5.2231535913047,5982.0,3,COc1ccc(-c2nn(CC3CCNCC3)c3ncnc(N)c23)cc1C,IC50
CHEMBL2030560,5.0,10000.0,3,Nc1nc2ccc(C(=O)c3ccccc3)cc2[nH]1,IC50
CHEMBL2031893,8.0,10.0,1,COc1cc2nccc(Oc3ccc(NC(=O)c4c(C)n(C)n(-c5ccccc5)c4=O)cc3F)c2cc1OC,IC50
CHEMBL203343,8.292429823902063,5.1,1,Cc1ccc(NC(=O)c2ccc(CN3CCN(C)CC3)c(C(F)(F)F)c2)cc1Nc1nccc(-c2cccnc2)n1,IC50
CHEMBL203493,5.010995384301463,9750.0,1,C(=C\n1ncc2c(NCCc3ccccc3)ncnc21)\c1ccccc1,Ki
CHEMBL2037226,5.086186147616283,8200.0,1,Cc1ccc(NC(=O)Nc2cc(C(F)(F)F)ccc2F)cc1Nc1ccc2c(c1)NC(=O)/C2=C\c1ccc[nH]1,IC50
CHEMBL2042135,5.954677021213342,1110.0,1,C[C@H](/C=C\C(F)(F)F)Oc1cc(-c2cc(-c3cc(CN(C)C)cs3)cnc2N)ccc1C(N)=O,IC50
CHEMBL205409,6.920818753952375,120.0,1,Cc1ccc(NC(=O)c2ccc(CN3CCN(C)CC3)c(F)c2)cc1Nc1nccc(-c2cccnc2)n1,IC50
CHEMBL205723,8.05551732784983,8.8,1,Cc1ccc(NC(=O)c2ccc(CN3CCN(C)CC3)c(C(F)(F)F)c2)cc1Nc1nccc(-c2cncnc2)n1,IC50
CHEMBL2058538,6.249333410677217,565.0,2,CC(C)n1nc(C#Cc2ccccc2)c2c(N)ncnc21,IC50
CHEMBL2058540,6.338270816575266,465.0,2,CC(C)n1nc(C#Cc2cccc(N)c2)c2c(N)ncnc21,IC50
CHEMBL2059164,7.0,100.0,1,O=C(NCCC1CCNCC1)Nc1nc2ccc(C(=O)c3ccccc3)cc2[nH]1,IC50
CHEMBL2059165,8.0,10.0,2,O=C(NCCC1CCCNC1)Nc1nc2ccc(C(=O)c3ccccc3)cc2[nH]1,IC50
CHEMBL2059166,6.258063772888663,552.0,2,NCCC(=O)Nc1nc2ccc(C(=O)c3ccccc3)cc2[nH]1,IC50
CHEMBL206046,6.3979400086720375,400.0,2,O=C(Nc1nnc(CCc2ccccc2)s1)c1ccc(I)cc1,Ki
CHEMBL206575,5.301029995663981,5000.0,1,Cc1ccc(N2NC(=O)/C(=C/c3ccc(-c4ccc(C)c(Cl)c4)o3)C2=O)cc1C,Ki
CHEMBL206834,7.585026652029182,26.0,1,Cc1ccc(NC(=O)c2ccc(CN3CC[C@H](N(C)C)C3)c(C(F)(F)F)c2)cc1Nc1nccc(-c2cncnc2)n1,IC50
CHEMBL2070045,6.086186147616283,820.0,1,COc1ccc2cc(-c3nn(C(C)C)c4ncnc(N)c34)ccc2c1.Cl,IC50
CHEMBL2070048,5.769551078621726,1700.0,1,CCOc1ccc2cc(-c3nn(C(C)C)c4ncnc(N)c34)ccc2c1.Cl,IC50
CHEMBL2070081,5.337242168318426,4600.0,1,CCOc1ccc2cc(-c3nn(CC4CCN(C)CC4)c4ncnc(N)c34)ccc2c1.Cl,IC50
CHEMBL2071457,5.30189945437661,4990.0,1,C[C@H](NC(=O)c1cc(-c2cnn(C3CCOCC3)c2)cnc1N)c1c(Cl)ccc(F)c1Cl,IC50
CHEMBL207360,6.0,1000.0,1,O=C1NN(c2ccc(Cl)c(Cl)c2)C(=O)/C1=C\c1cccc(OCc2ccccc2)c1,Ki
CHEMBL207471,6.301029995663981,500.0,1,Nc1[nH]cnc2nnc(-c3ccc(Cl)cc3)c1-2,Ki
CHEMBL2078771,5.094743951251549,8040.0,2,CCOc1ccc2cc(-c3nn(C(C)(C)C)c4ncnc(N)c34)ccc2c1,IC50
CHEMBL2078794,6.196542884351586,636.0,2,CC(C)(C)n1nc(-c2ccccc2)c2c(N)ncnc21,IC50
CHEMBL2078805,5.134303940083929,7340.0,2,CC(C)COc1ccc2cc(-c3nn(CC4CCNCC4)c4ncnc(N)c34)ccc2c1,IC50
CHEMBL2078815,5.786216700664696,1636.0,2,Cc1cccc(-c2nn(C(C)(C)C)c3ncnc(N)c23)c1,IC50
CHEMBL2078865,6.5003129173815966,316.0,2,CC(C)n1nc(-c2ccc3cc(OCc4ccccc4)ccc3c2)c2c(N)ncnc21,IC50
CHEMBL2079136,6.452225294612178,353.0,1,CC(C)n1nc(-c2cc3ccccc3[nH]2)c2c(N)ncnc21,IC50
CHEMBL2079137,5.798876102792621,1589.0,2,Cn1ccc2cc(-c3nn(C(C)(C)C)c4ncnc(N)c34)ccc21,IC50
CHEMBL2079138,5.627087997029894,2360.0,2,CC(C)Oc1ccc2cc(-c3nn(C(C)C)c4ncnc(N)c34)ccc2c1,IC50
CHEMBL2079167,6.170696227168975,675.0,2,C=CCOc1ccc2cc(-c3nn(C(C)C)c4ncnc(N)c34)ccc2c1,IC50
CHEMBL2079213,5.531209737900389,2943.0,2,COc1ccc(-c2nn(C(C)(C)C)c3ncnc(N)c23)cc1C,IC50
CHEMBL2079214,6.076755981369724,838.0,2,CCCOc1ccc2cc(-c3nn(C(C)C)c4ncnc(N)c34)ccc2c1,IC50
CHEMBL2079215,5.938170692705301,1153.0,2,CC(C)COc1ccc2cc(-c3nn(C(C)C)c4ncnc(N)c34)ccc2c1,IC50
CHEMBL2079229,5.313274378925458,4861.0,2,COc1ccc2cc(-c3nn(C(C)(C)C)c4ncnc(N)c34)ccc2c1,IC50
CHEMBL2079232,5.774690718274137,1680.0,1,CCCCOc1ccc2cc(-c3nn(C(C)C)c4ncnc(N)c34)ccc2c1,IC50
CHEMBL2079317,6.303643611266668,497.0,2,Nc1ncnc2c1c(-c1ccc3cc(OCc4cccc(Cl)c4)ccc3c1)nn2CC1CCNCC1,IC50
CHEMBL207986,5.886056647693163,1300.0,2,O=C(Nc1nnc(CCc2ccccc2)s1)c1ccccc1I,Ki
CHEMBL20867,7.198970004336019,110.0,2,Cc1ccc(C(=O)Nc2ccc(C)c(Nc3nccc(-c4cccnc4)n3)c2)cc1,IC50
CHEMBL20926,5.64706814385804,6550.0,2,Cc1ccc(NC(=O)c2ccccc2)cc1Nc1nccc(-c2cccnc2)n1,IC50
CHEMBL209266,6.657577319177793,220.0,1,COc1ccc(Oc2ccc3[nH]nc(-c4nc5cc(N6CCC(N7CCCCC7)CC6)ccc5[nH]4)c3c2)cc1,IC50
CHEMBL209305,6.638272163982407,230.0,1,COc1ccc2[nH]nc(-c3nc4cc(N5CCC(N6CCCCC6)CC5)ccc4[nH]3)c2c1,IC50
CHEMBL209617,6.221848749616356,600.0,1,O=C1NN(c2ccc(I)cc2)C(=O)/C1=C\c1ccccc1,Ki
CHEMBL209704,6.698970004336019,200.0,1,c1ccc(COc2ccc3c(-c4nc5cc(N6CCC(N7CCCCC7)CC6)ccc5[nH]4)[nH]nc3c2)cc1,IC50
CHEMBL209753,8.154901959985743,7.0,1,c1ccc(CN2CCC(Nc3ccc4[nH]nc(-c5nc6cc(N7CCC(N8CCCCC8)CC7)ccc6[nH]5)c4c3)CC2)cc1,IC50
CHEMBL2105712,5.928117992693875,1180.0,1,CN(C)C/C=C/C(=O)Nc1cc2c(Nc3ccc(F)c(Cl)c3)ncnc2cc1O[C@H]1CCOC1.O=C(O)/C=C\C(=O)O.O=C(O)/C=C\C(=O)O,IC50
CHEMBL210766,6.096910013008056,800.0,1,O=C1NN(c2ccc(I)cc2)C(=O)/C1=C\c1ccc(I)cc1,Ki
CHEMBL210827,8.522878745280337,3.0,1,COc1cc2[nH]nc(-c3nc4cc(N5CCC(N6CCCCC6)CC5)ccc4[nH]3)c2cc1OCc1ccccc1,IC50
CHEMBL211154,7.221848749616356,60.0,1,c1coc(CNc2ccc3[nH]nc(-c4nc5cc(N6CCC(N7CCCCC7)CC6)ccc5[nH]4)c3c2)c1,IC50
CHEMBL211508,7.698970004336019,20.0,1,COc1ccccc1Oc1ccc2[nH]nc(-c3nc4cc(N5CCC(N6CCCCC6)CC5)ccc4[nH]3)c2c1,IC50
CHEMBL21162,6.096910013008056,800.0,1,Cc1ccc(NC(=O)c2ccc(Cl)cc2)cc1Nc1nccc(-c2cccnc2)n1,IC50
CHEMBL211662,7.522878745280337,30.0,1,c1ccc(Oc2ccc3n[nH]c(-c4nc5cc(N6CCC(N7CCCCC7)CC6)ccc5[nH]4)c3c2)cc1,IC50
CHEMBL212673,6.045757490560675,900.0,1,c1ccc(COc2cc3[nH]nc(-c4nc5cc(N6CCC(N7CCCCC7)CC6)ccc5[nH]4)c3cc2OCc2ccccc2)cc1,IC50
CHEMBL2151321,8.920818753952375,1.2,1,CC(C)Oc1cc(-n2cnc3ccc(N[C@@H](C)c4ccc(F)cn4)nc32)n[nH]1,IC50
CHEMBL2152704,6.063486257521107,864.0,1,Cc1ccc(O)cc1-n1c(=O)c2c(c3c(N)ncnc31)CCCC2,IC50
CHEMBL217092,7.522878745280337,30.0,3,CN1CCN(CCOc2cc(OC3CCOCC3)c3c(Nc4c(Cl)ccc5c4OCO5)ncnc3c2)CC1,IC50
CHEMBL2177629,7.035269078946371,92.2,1,Cc1ccc(C(=O)Nc2ccc(CN3CCN(C)CC3)c(C(F)(F)F)c2)cc1-n1cc(-c2cnc3cccnn23)nn1,IC50
CHEMBL2177630,7.019088062223156,95.7,1,Cc1ccc(C(=O)Nc2ccc(CN3CCN(C)CC3)c(C(F)(F)F)c2)cc1-n1cc(-c2cnc3ncccn23)nn1,IC50
CHEMBL2177631,6.913640169325252,122.0,1,Cc1ccc(C(=O)Nc2ccc(CN3CCN(C)CC3)c(C(F)(F)F)c2)cc1-n1cc(-c2cnn3cccnc23)nn1,IC50
CHEMBL2177632,7.841637507904751,14.4,1,Cc1ccc(C(=O)Nc2ccc(CN3CCN(C)CC3)c(C(F)(F)F)c2)cc1-n1cc(-c2cnc3ccccn23)nn1,IC50
CHEMBL2177633,7.97469413473523,10.6,1,Cc1ccc(C(=O)Nc2ccc(CN3CCN(C)CC3)c(C(F)(F)F)c2)cc1-n1cc(-c2cnc(N)nc2)nn1,IC50
CHEMBL2177634,7.598599459218456,25.2,1,CNc1ncc(-c2cn(-c3cc(C(=O)Nc4ccc(CN5CCN(C)CC5)c(C(F)(F)F)c4)ccc3C)nn2)cn1,IC50
CHEMBL2177635,7.528708288941061,29.6,1,CCNc1ncc(-c2cn(-c3cc(C(=O)Nc4ccc(CN5CCN(C)CC5)c(C(F)(F)F)c4)ccc3C)nn2)cn1,IC50
CHEMBL2177636,7.048662481204082,89.4,1,Cc1ccc(C(=O)Nc2ccc(CN3CCN(C)CC3)c(C(F)(F)F)c2)cc1-n1cc(-c2cnc(NC3CC3)nc2)nn1,IC50
CHEMBL2177637,6.467245621007502,341.0,1,Cc1ccc(C(=O)Nc2ccc(CN3CCN(C)CC3)c(C(F)(F)F)c2)cc1-n1cc(-c2cnc(NC(C)C)nc2)nn1,IC50
CHEMBL2177638,6.465973893943865,342.0,1,Cc1ccc(C(=O)Nc2ccc(CN3CCN(C)CC3)c(C(F)(F)F)c2)cc1-n1cc(-c2cnc(NC3CCCCC3)nc2)nn1,IC50
CHEMBL2177639,6.313363730737707,486.0,1,Cc1ccc(C(=O)Nc2ccc(CN3CCN(C)CC3)c(C(F)(F)F)c2)cc1-n1cc(-c2cnc(NCc3ccccc3)nc2)nn1,IC50
CHEMBL2177640,5.671620396561262,2130.0,1,Cc1ccc(C(=O)Nc2ccc(CN3CCN(C)CC3)c(C(F)(F)F)c2)cc1-n1cc(-c2cnc(N3CCCCC3)nc2)nn1,IC50
CHEMBL2177641,6.686132779630847,206.0,1,Cc1ccc(C(=O)Nc2ccc(CN3CCN(C)CC3)c(C(F)(F)F)c2)cc1-n1cc(-c2cnc3ncnn3c2)nn1,IC50
CHEMBL2177642,8.913640169325252,1.22,1,Cc1ccc(C(=O)Nc2ccc(CN3CCN(C)CC3)c(C(F)(F)F)c2)cc1-n1cc(-c2cnc3[nH]ccc3c2)nn1,IC50
CHEMBL2177643,6.476253533188435,334.0,1,Cc1ccc(C(=O)Nc2ccc(CN3CCN(C)CC3)c(C(F)(F)F)c2)cc1-n1cc(-c2ccc3[nH]ccc3c2)nn1,IC50
CHEMBL2177644,6.6020599913279625,250.0,1,Cc1ccc(C(=O)Nc2ccc(CN3CCN(C)CC3)c(C(F)(F)F)c2)cc1-n1cc(-c2ccc3[nH]ncc3c2)nn1,IC50
CHEMBL2177645,8.950781977329818,1.12,1,Cc1ccc(C(=O)Nc2ccc(CN3CCN(C)CC3)c(C(F)(F)F)c2)cc1-n1cc(-c2cnc3[nH]ncc3c2)nn1,IC50
CHEMBL2177646,8.661543506395395,2.18,1,Cc1ccc(C(=O)Nc2ccc(CN3CCN(C)CC3)c(C(F)(F)F)c2)cc1-n1cc(-c2cnc3[nH]nc(C)c3c2)nn1,IC50
CHEMBL2177647,7.501689446210399,31.5,1,Cc1ccc(C(=O)Nc2ccc(CN3CCCC3)c(C(F)(F)F)c2)cc1-n1cc(-c2cnc3[nH]ncc3c2)nn1,IC50
CHEMBL2177648,8.293282217663242,5.09,1,Cc1ccc(C(=O)Nc2ccc(CN3CC[C@H](N(C)C)C3)c(C(F)(F)F)c2)cc1-n1cc(-c2cnc3[nH]ncc3c2)nn1,IC50
CHEMBL2177649,7.847711655616943,14.2,1,Cc1ccc(C(=O)Nc2ccc(CN3CC[C@@H](N(C)C)C3)c(C(F)(F)F)c2)cc1-n1cc(-c2cnc3[nH]ncc3c2)nn1,IC50
CHEMBL2177650,6.565431095965801,272.0,1,Cc1ccc(C(=O)Nc2ccc(CN3CCCCC3)c(C(F)(F)F)c2)cc1-n1cc(-c2cnc3[nH]ncc3c2)nn1,IC50
CHEMBL2178267,7.484126156288321,32.8,1,Cc1ccc(C(=O)Nc2ccc(CN3CCOCC3)c(C(F)(F)F)c2)cc1-n1cc(-c2cnc3[nH]ncc3c2)nn1,IC50
CHEMBL2178268,9.0268721464003,0.94,1,Cc1ccc(C(=O)Nc2ccc(CN3CCCN(C)CC3)c(C(F)(F)F)c2)cc1-n1cc(-c2cnc3[nH]ncc3c2)nn1,IC50
CHEMBL2178269,7.7447274948966935,18.0,1,Cc1ccc(C(=O)Nc2ccc(CN3CCC(N4CCN(C)CC4)CC3)c(C(F)(F)F)c2)cc1-n1cc(-c2cnc3[nH]ncc3c2)nn1,IC50
CHEMBL2178270,7.943095148663527,11.4,1,Cc1ccc(C(=O)Nc2ccc(CN3CCC(N(C)C)CC3)c(C(F)(F)F)c2)cc1-n1cc(-c2cnc3[nH]ncc3c2)nn1,IC50
CHEMBL2178271,7.728158393463501,18.7,1,Cc1ccc(C(=O)Nc2ccc(CN3C[C@H]4CN(C)C[C@H]4C3)c(C(F)(F)F)c2)cc1-n1cc(-c2cnc3[nH]ncc3c2)nn1,IC50
CHEMBL2178272,7.896196279044043,12.7,1,Cc1cn(-c2cc(NC(=O)c3ccc(C)c(-n4cc(-c5cnc6[nH]ncc6c5)nn4)c3)cc(C(F)(F)F)c2)cn1,IC50
CHEMBL2178273,7.97469413473523,10.6,1,Cc1ccc(C(=O)Nc2cc(-n3cncn3)cc(C(F)(F)F)c2)cc1-n1cc(-c2cnc3[nH]ncc3c2)nn1,IC50
CHEMBL2178274,8.100726812682396,7.93,1,Cc1ncn(-c2cc(NC(=O)c3ccc(C)c(-n4cc(-c5cnc6[nH]ncc6c5)nn4)c3)cc(C(F)(F)F)c2)n1,IC50
CHEMBL2178275,7.410050398674292,38.9,1,CN1CCN(Cc2ccc(NC(=O)c3cccc(-n4cc(-c5cnc6[nH]ncc6c5)nn4)c3)cc2C(F)(F)F)CC1,IC50
CHEMBL2178276,8.007446482167865,9.83,1,CN1CCN(Cc2ccc(NC(=O)c3ccc(F)c(-n4cc(-c5cnc6[nH]ncc6c5)nn4)c3)cc2C(F)(F)F)CC1,IC50
CHEMBL2178277,9.008773924307505,0.98,1,CN1CCN(Cc2ccc(NC(=O)c3ccc(Cl)c(-n4cc(-c5cnc6[nH]ncc6c5)nn4)c3)cc2C(F)(F)F)CC1,IC50
CHEMBL2178278,8.712198270069774,1.94,1,CN1CCN(Cc2ccc(NC(=O)c3ccc(Br)c(-n4cc(-c5cnc6[nH]ncc6c5)nn4)c3)cc2C(F)(F)F)CC1,IC50
CHEMBL2178279,7.42021640338319,38.0,1,CCc1ccc(C(=O)Nc2ccc(CN3CCN(C)CC3)c(C(F)(F)F)c2)cc1-n1cc(-c2cnc3[nH]ncc3c2)nn1,IC50
CHEMBL2178280,6.18111458540599,659.0,1,CN1CCN(Cc2ccc(NC(=O)c3ccc(C4CC4)c(-n4cc(-c5cnc6[nH]ncc6c5)nn4)c3)cc2C(F)(F)F)CC1,IC50
CHEMBL2178281,6.886056647693163,130.0,1,CC(C)c1ccc(C(=O)Nc2ccc(CN3CCN(C)CC3)c(C(F)(F)F)c2)cc1-n1cc(-c2cnc3[nH]ncc3c2)nn1,IC50
CHEMBL219260,9.366531544420413,0.43,1,COc1cc(Nc2c(C#N)cnc3cc(-c4coc(CN5CCN(C)CC5)c4)ccc23)c(Cl)cc1Cl,IC50
CHEMBL219557,9.397940008672037,0.4,1,COc1cc(Nc2c(C#N)cnc3cc(-c4coc(CN5CCN(C)CC5)c4)c(OC)cc23)c(Cl)cc1Cl,IC50
CHEMBL219964,9.366531544420413,0.43,1,COc1cc(Nc2c(C#N)cnc3cc(-c4coc(CN(C)C)c4)c(OC)cc23)c(Cl)cc1Cl,IC50
CHEMBL230064,6.806875401645538,156.0,1,Cc1ccc(NC(=O)c2ccc(N)c(C(F)(F)F)c2)cc1Nc1nccc(-c2cccnc2)n1,IC50
CHEMBL230065,7.552841968657781,28.0,1,CNN=Nc1ccc(C(=O)Nc2ccc(C)c(Nc3nccc(-c4cccnc4)n3)c2)cc1C(F)(F)F,IC50
CHEMBL230178,7.7447274948966935,18.0,1,Cc1ccc(NC(=O)c2ccc(N=NN(C)C)c(C(F)(F)F)c2)cc1Nc1nccc(-c2cccnc2)n1,IC50
CHEMBL230285,7.481486060122112,33.0,1,Cc1ccc(NC(=O)c2ccc(N=NN(C)CO)c(C(F)(F)F)c2)cc1Nc1nccc(-c2cccnc2)n1,IC50
CHEMBL230286,5.975925012692573,1057.0,1,Cc1ccc(NC(=O)c2ccc(N=NN(C)CO)cc2)cc1Nc1nccc(-c2cccnc2)n1,IC50
CHEMBL230686,7.698970004336019,20.0,5,Cc1cc(-c2c(Cl)cccc2Cl)cc2nnc(Nc3ccc(OCCN4CCCC4)cc3)nc12,Ki
CHEMBL2311806,6.8671002300555175,135.8,1,Cc1cc(NC(=O)c2ccc(C)c(Nc3nccc(-c4cccnc4)n3)c2)cc(-n2cnc(C)c2)c1,IC50
CHEMBL2311807,6.1250545639144685,749.8,1,Cc1cn(-c2cc(F)cc(NC(=O)c3ccc(C)c(Nc4nccc(-c5cccnc5)n4)c3)c2)cn1,IC50
CHEMBL2311808,5.529736553034922,2953.0,1,Cc1cn(-c2cccc(NC(=O)c3ccc(C)c(Nc4nccc(-c5cccnc5)n4)c3)c2)cn1,IC50
CHEMBL231220,7.045757490560675,812.5,4,Cc1cc(-c2c(O)cccc2Cl)cc2nnc(Nc3ccc(S(=O)(=O)NCCN4CCCC4)cc3)nc12,Ki
CHEMBL2312290,6.040958607678906,910.0,1,COc1ccc(CCNc2ncc(C(=O)NCCCN3CCCC3=O)c(NC3CCCC3)n2)cc1OC,IC50
CHEMBL2312303,4.919734372660155,12030.0,1,O=C(NCCCN1CCCC1=O)c1cnc(NCc2cc(Cl)ccc2Cl)nc1NC1CCCC1,IC50
CHEMBL2312304,4.786216700664696,16360.0,1,O=C(NCCCN1CCOC1=O)c1cnc(NCc2cc(Cl)ccc2Cl)nc1NC1CCCC1,IC50
CHEMBL2312645,4.675511766692344,21110.0,1,COc1ccccc1CNc1ncc(C(=O)NC2CCN(C)CC2)c(NC2CCCC2)n1,IC50
CHEMBL2312646,5.498940737782249,3170.0,1,CN1CCC(NC(=O)c2cnc(NCc3cc(Cl)ccc3Cl)nc2NC2CCCC2)CC1,IC50
CHEMBL2312649,5.118615343229427,7610.0,1,CN1CCC(NC(=O)c2cnc(Nc3cc(Cl)cc(Cl)c3)nc2NC2CCC(N(C)C)CC2)CC1,IC50
CHEMBL2312652,4.522878745280337,30000.0,1,CN1CCC(NC(=O)c2cnc(Nc3cc(Cl)cc(Cl)c3)nc2N[C@@H]2COC[C@H]2O)CC1,IC50
CHEMBL2312654,6.0915149811213505,810.0,1,Cc1cc(-c2cnc(Nc3cc(Cl)cc(Cl)c3)nc2NC2CCC(N(C)C)CC2)on1,IC50
CHEMBL231524,7.795880017344075,16.0,2,Cc1cc(-c2cc(N)ccc2Cl)cc2nnc(Nc3ccc(S(=O)(=O)NCCN4CCCC4)cc3)nc12,Ki
CHEMBL231632,6.657577319177793,220.0,1,Cc1ccc(NC(=O)c2ccc(N(CCCl)CCCl)cc2)cc1Nc1nccc(-c2cccnc2)n1,IC50
CHEMBL231633,5.507239610973162,3110.0,1,Cc1ccc(NC(=O)c2ccc(CN(C)CCCl)cc2)cc1Nc1nccc(-c2cccnc2)n1,IC50
CHEMBL2316579,7.497263883533757,31.95,8,Cc1ccc(C(=O)Nc2ccc(CN3CCN(C)CC3)c(C(F)(F)F)c2)cc1C#Cc1ccc2[nH]ncc2c1,IC50
CHEMBL2316580,8.896694988050388,1.2850000000000001,8,Cc1ccc(C(=O)Nc2ccc(CN3CCN(C)CC3)c(C(F)(F)F)c2)cc1C#Cc1cnc2c(cnn2C)c1,IC50
CHEMBL2316581,8.490816210806077,3.23,8,Cc1ccc(C(=O)Nc2ccc(CN3CCN(C)CC3)c(C(F)(F)F)c2)cc1C#Cc1cnc2ncnn2c1,IC50
CHEMBL2316582,9.462226519303734,0.345,8,Cc1ccc(C(=O)Nc2ccc(CN3CCN(C)CC3)c(C(F)(F)F)c2)cc1C#Cc1cnc2[nH]ncc2c1,IC50
CHEMBL2316583,9.286907087377745,0.52,8,CN1CCN(Cc2ccc(NC(=O)c3cccc(C#Cc4cnc5[nH]ncc5c4)c3)cc2C(F)(F)F)CC1,IC50
CHEMBL2316584,8.671893384163171,2.1399999999999997,8,CCc1ccc(C(=O)Nc2ccc(CN3CCN(C)CC3)c(C(F)(F)F)c2)cc1C#Cc1cnc2[nH]ncc2c1,IC50
CHEMBL2316585,8.250679340583153,5.77,8,CN1CCN(Cc2ccc(NC(=O)c3ccc(C4CC4)c(C#Cc4cnc5[nH]ncc5c4)c3)cc2C(F)(F)F)CC1,IC50
CHEMBL2316586,9.097215591225723,0.8,8,CN1CCN(Cc2ccc(NC(=O)c3ccc(Cl)c(C#Cc4cnc5[nH]ncc5c4)c3)cc2C(F)(F)F)CC1,IC50
CHEMBL2316869,9.162799093577359,0.69,8,Cc1ccc(C(=O)Nc2ccc(CN3CCN(C)CC3)c(C(F)(F)F)c2)cc1C#Cc1cnc2[nH]nc(C)c2c1,IC50
CHEMBL2316870,8.985409605546227,1.04,8,Cc1ccc(C(=O)Nc2ccc(CN3CCN(C)CC3)c(C(F)(F)F)c2)cc1C#Cc1cnc2[nH]nc(C3CC3)c2c1,IC50
CHEMBL2316871,8.440515657620526,3.63,8,Cc1ccc(C(=O)Nc2ccc(CN3CCN(C)CC3)c(C(F)(F)F)c2)cc1C#Cc1cnc2[nH]nc(-c3ccccc3)c2c1,IC50
CHEMBL2316872,8.195282839834183,6.525,8,COc1n[nH]c2ncc(C#Cc3cc(C(=O)Nc4ccc(CN5CCN(C)CC5)c(C(F)(F)F)c4)ccc3C)cc12,IC50
CHEMBL2321908,6.571822883556335,270.5,2,Cc1ccc(NC(=O)c2ccc(Cn3ccnc3)c(C(F)(F)F)c2)cc1C#Cc1ncc(Nc2ccccc2)cn1,IC50
CHEMBL2324923,8.795880017344075,1.6,8,CN1CCN(Cc2ccc(NC(=O)Nc3cc(C#Cc4cncc5nccn45)n(C)n3)cc2C(F)(F)F)CC1,IC50
CHEMBL2324924,9.460409376976187,0.35,8,Cc1ccc(C(=O)Nc2ccc(CN3CCN(C)CC3)c(C(F)(F)F)c2)cc1C#Cc1cncc2nccn12,IC50
CHEMBL2324925,9.198970004336019,0.65,8,CN1CCN(Cc2ccc(NC(=O)Nc3cc(C#Cc4cnc5cnccn45)n(C)n3)cc2C(F)(F)F)CC1,IC50
CHEMBL2324926,9.27642098432889,0.55,8,CN1CCN(Cc2ccc(NC(=O)Nc3cc(C#Cc4cnc5cccnn45)n(C)n3)cc2C(F)(F)F)CC1,IC50
CHEMBL2324927,6.522878745280337,1515.0,2,CN1CCN(Cc2ccc(NC(=O)Nc3cc(C#Cc4cnc5ccccn45)n(C)n3)cc2C(F)(F)F)CC1,IC50
CHEMBL2324928,7.4950621831439195,32.0,2,CN1CCN(Cc2ccc(NC(=O)Nc3cc(C#Cc4cccnc4)n(C)n3)cc2C(F)(F)F)CC1,IC50
CHEMBL2324929,7.517164014389946,32.0,2,CN1CCN(Cc2ccc(NC(=O)Nc3cc(C#Cc4ccc(N)nc4)n(C)n3)cc2C(F)(F)F)CC1,IC50
CHEMBL2324930,7.585348113584487,30.0,2,Cc1ccc(NC(=O)c2ccc(CN3CCN(C)CC3)c(C(F)(F)F)c2)cc1C#Cc1cnc2cccnn12,IC50
CHEMBL2324931,7.727346441767088,20.0,2,Cc1ccc(NC(=O)c2ccc(CN3CCN(CCO)CC3)c(C(F)(F)F)c2)cc1C#Cc1cnc2ccccn12,IC50
CHEMBL2324932,7.020002580835792,134.0,2,Cc1ccc(NC(=O)c2ccc(Cn3ccnc3)c(C(F)(F)F)c2)cc1C#Cc1cncnc1,IC50
CHEMBL2333595,5.892111974817201,1282.0,1,CCCCn1c(-c2ccc(F)cc2C)cn2c3c(=O)[nH]c(=O)n(C)c3nc12,IC50
CHEMBL2333602,6.692503962086787,203.0,1,CCCCn1c(-c2cc(-c3cccc4[nH]ncc34)ccc2C)cn2c3c(=O)[nH]c(=O)n(C)c3nc12,IC50
CHEMBL2333603,6.2380721615794705,578.0,1,CCCCn1c(-c2ccccc2C)cn2c3c(=O)[nH]c(=O)n(C)c3nc12,IC50
CHEMBL2336015,6.480610465222231,331.5,2,CCc1ccc(C(=O)Nc2cc(CN3CCN(C)CC3)cc(C(F)(F)F)c2)cc1C#Cc1cnc2ccnn2c1,IC50
CHEMBL2347053,6.567030709125595,271.0,1,O=C1Nc2ccccc2/C1=C/c1c[nH]nc1-c1ccccc1[N+](=O)[O-],IC50
CHEMBL2347706,6.738737131207507,182.5,1,CCNC(=O)Nc1nc2ccc(Oc3cccc(OC)c3)cc2[nH]1,IC50
CHEMBL2347709,8.213248577854438,6.12,1,CCNC(=O)Nc1nc2ccc(-c3ccccc3OC)cc2o1,IC50
CHEMBL2347710,9.958607314841775,0.11,3,CCNC(=O)Nc1nc2ccc(-c3ccccc3OC)cc2s1,IC50
CHEMBL2347711,10.193820026016112,0.064,3,CCNC(=O)Nc1nc2ccc(-c3ccccc3OCC)cc2s1,IC50
CHEMBL2347712,8.443697499232712,3.6,1,CCNC(=O)Nc1nc2ccc(-c3ccccc3OC(F)(F)F)cc2s1,IC50
CHEMBL2347713,8.55284196865778,2.8,1,CCCOc1ccccc1-c1ccc2nc(NC(=O)NCC)sc2c1,IC50
CHEMBL2347714,7.815308569182402,15.3,1,CCNC(=O)Nc1nc2cc(OC)c(-c3ccccc3OC)cc2s1,IC50
CHEMBL2347715,7.841637507904751,14.4,1,CCNC(=O)Nc1nc2ccc(-c3ccccc3OC)nc2s1,IC50
CHEMBL2347716,9.508638306165727,0.31,1,CCNC(=O)Nc1nc2ccc(-c3ccccc3)cc2s1,IC50
CHEMBL2347717,8.698970004336019,2.0,1,CCNC(=O)Nc1nc2ccc(-c3ccncc3)cc2s1,IC50
CHEMBL2347718,8.2518119729938,5.6,1,CCNC(=O)Nc1nc2ccc(-c3ccc(OC)cc3)cc2s1,IC50
CHEMBL2347719,9.958607314841775,0.11,1,CCNC(=O)Nc1nc2ccc(-c3ccc(N)cc3OC)cc2s1,IC50
CHEMBL2347720,8.920818753952375,1.2,1,CCNC(=O)Nc1nc2ccc(-c3ccc(OC)cc3OC)cc2s1,IC50
CHEMBL2347721,9.292429823902063,0.51,1,CCNC(=O)Nc1nc2ccc(-c3ccncc3OC)cc2s1,IC50
CHEMBL2347722,10.67778070526608,0.021,1,COc1ccccc1-c1ccc2nc(NC(=O)NCCN3CCOCC3)sc2c1,IC50
CHEMBL2347723,10.193820026016112,0.064,2,COc1ccccc1-c1ccc2nc(NC(=O)NCCO)sc2c1,IC50
CHEMBL2347724,9.795880017344075,0.16,1,COc1ccccc1-c1ccc2nc(NC(=O)NCCCO)sc2c1,IC50
CHEMBL2347725,10.823908740944319,0.015,2,COc1ccccc1-c1ccc2nc(NC(=O)NCCN3CCN(C)CC3)sc2c1,IC50
CHEMBL2347726,9.638272163982407,0.23,1,CCOc1ccccc1-c1ccc2nc(NC(=O)NCCN3CCOCC3)sc2c1,IC50
CHEMBL2347727,9.744727494896694,0.18,1,CCOc1ccccc1-c1ccc2nc(NC(=O)NCCO)sc2c1,IC50
CHEMBL2347728,9.886056647693163,0.13,1,CCOc1ccccc1-c1ccc2nc(NC(=O)NCCCO)sc2c1,IC50
CHEMBL2347729,9.920818753952375,0.12,1,CCOc1ccccc1-c1ccc2nc(NC(=O)NCCN3CCNCC3)sc2c1,IC50
CHEMBL2347730,9.050609993355087,0.89,1,CCc1ccccc1-c1ccc2nc(NC(=O)NCCN3CCOCC3)sc2c1,IC50
CHEMBL2347731,9.113509274827518,0.77,1,CCc1ccccc1-c1ccc2nc(NC(=O)NCCN(C)C)sc2c1,IC50
CHEMBL2347732,6.155771418698372,698.6,1,CCNC(=O)Nc1nc2ccc(-c3ccc(C)cc3)cc2[nH]1,IC50
CHEMBL2347733,7.090443970758825,81.2,1,CCNC(=O)Nc1nc2ccc(-c3cccc(F)c3)cc2[nH]1,IC50
CHEMBL2347734,6.855737226238009,139.4,1,CCNC(=O)Nc1nc2ccc(-c3cccc(C)c3)cc2[nH]1,IC50
CHEMBL2347735,6.02086153045319,953.1,1,CCNC(=O)Nc1nc2ccc(-c3cccc(C#N)c3)cc2[nH]1,IC50
CHEMBL2347736,7.772113295386326,16.9,1,CCNC(=O)Nc1nc2ccc(-c3ccccc3C)cc2[nH]1,IC50
CHEMBL2347737,7.669586226650809,21.4,1,CCNC(=O)Nc1nc2ccc(-c3ccccc3Cl)cc2[nH]1,IC50
CHEMBL2347738,7.347753658996677,44.9,1,CCNC(=O)Nc1nc2ccc(-c3ccccc3CC)cc2[nH]1,IC50
CHEMBL2347739,8.207608310501746,6.2,1,CCNC(=O)Nc1nc2ccc(-c3ccccc3OC)cc2[nH]1,IC50
CHEMBL2347740,6.774174008538107,168.2,1,CCNC(=O)Nc1nc2ccc(-c3ccccc3OC(F)(F)F)cc2[nH]1,IC50
CHEMBL2347741,8.638272163982407,2.3,1,CCNC(=O)Nc1nc2ccc(-c3ccccc3OCC)cc2[nH]1,IC50
CHEMBL2347742,7.330683119433888,46.7,1,CCNC(=O)Nc1nc2ccc(-c3ccccc3OC(C)C)cc2[nH]1,IC50
CHEMBL2347743,5.830031826003108,1479.0,1,CCNC(=O)Nc1nc2ccc(-c3ccccc3Oc3ccccc3)cc2[nH]1,IC50
CHEMBL2347744,7.3448615651886175,45.2,1,CCNC(=O)Nc1nc2ccc(-c3c(C)cccc3C)cc2[nH]1,IC50
CHEMBL2347745,7.634512015109101,23.2,1,CCNC(=O)Nc1nc2ccc(-c3c(C)cccc3Cl)cc2[nH]1,IC50
CHEMBL2347746,7.3655227298392685,43.1,1,CCNC(=O)Nc1nc2ccc(-c3c(Cl)cccc3Cl)cc2[nH]1,IC50
CHEMBL2347747,7.950781977329818,11.2,1,CCNC(=O)Nc1nc2ccc(-c3c(OC)cccc3OC)cc2[nH]1,IC50
CHEMBL2347748,6.699839463048647,199.6,1,CCNC(=O)Nc1nc2ccc(-c3ccncc3)cc2[nH]1,IC50
CHEMBL2347749,7.4089353929735005,39.0,1,CCNC(=O)Nc1nc2ccc(-c3ccnc(C)c3)cc2[nH]1,IC50
CHEMBL2347750,6.753009300758451,176.6,1,CCNC(=O)Nc1nc2ccc(-c3ccncc3C)cc2[nH]1,IC50
CHEMBL2347751,6.7657358756212105,171.5,1,CCNC(=O)Nc1nc2ccc(-c3ccnn3CC)cc2[nH]1,IC50
CHEMBL2347752,6.620875853929608,239.4,1,CCNC(=O)Nc1nc2ccc(Oc3ccccc3Cl)cc2[nH]1,IC50
CHEMBL2347753,7.635824367229381,23.13,1,CCNC(=O)Nc1nc2ccc(C(=O)c3cccs3)cc2[nH]1,IC50
CHEMBL235756,6.638272163982407,230.0,1,CSc1nc(NCCc2cccc(F)c2)c2cnn(CC(Cl)c3ccccc3)c2n1,Ki
CHEMBL235757,6.494850021680094,320.0,1,CSc1nc(NCCc2ccccc2Cl)c2cnn(CC(Cl)c3ccccc3)c2n1,Ki
CHEMBL235758,6.698970004336019,200.0,1,CSc1nc(NCCc2cccc(Cl)c2)c2cnn(CC(Cl)c3ccccc3)c2n1,Ki
CHEMBL236375,7.048183741957881,89.5,2,CSc1nc(NCc2ccccc2Cl)c2cnn(CC(Cl)c3ccccc3)c2n1,Ki
CHEMBL2375373,4.749999976664448,20811.39,2,CC(=O)Nc1nc(-c2ccc(Cl)cc2)cs1,IC50
CHEMBL2376650,6.55129368009492,281.0,1,C[C@@H](Oc1c[nH]c(=O)c(C(=O)Nc2ccc(N3CCN(C)CC3)cc2)c1)c1c(Cl)ccc(F)c1Cl,IC50
CHEMBL2382016,5.508638306165727,3100.0,1,N=C(N)NCCC[C@@H]1NC(=O)[C@H](Cc2c[nH]c3ccccc23)NC(=O)[C@H](CCCNC(=N)N)NC(=O)[C@H](Cc2c[nH]c3ccccc23)NC(=O)[C@H](CCCNC(=N)N)NC(=O)[C@H](Cc2c[nH]c3ccccc23)NC(=O)[C@H](CCCNC(=N)N)NC(=O)[C@H](Cc2c[nH]c3ccccc23)NC(=O)[C@H](CCCNC(=N)N)NC(=O)[C@H](Cc2c[nH]c3ccccc23)NC1=O,IC50
CHEMBL238304,6.958607314841775,110.0,1,CSc1nc(NCCc2ccccc2)c2cnn(CC(Cl)c3ccc(Cl)cc3)c2n1,Ki
CHEMBL238559,6.3979400086720375,400.0,1,CSc1nc(Nc2cccc(F)c2)c2cnn(CC(Cl)c3ccccc3)c2n1,Ki
CHEMBL238561,7.221848749616356,60.0,1,CSc1nc(Nc2cccc(Br)c2)c2cnn(CC(Cl)c3ccccc3)c2n1,Ki
CHEMBL238774,6.619788758288394,240.0,1,Clc1cccc(Nc2ncnc3c2cnn3CC(Cl)c2ccccc2)c1,Ki
CHEMBL2397796,7.351667404869234,45.5,2,Fc1cccc(CNc2ncnc3c2cnn3CC(Cl)c2ccc(Br)cc2)c1,Ki
CHEMBL2397797,6.157487607447143,1435.0,2,Fc1ccc(C(Cl)Cn2ncc3c(Nc4cccc(Cl)c4)ncnc32)cc1,Ki
CHEMBL2397798,5.836275575208864,1948.0,2,Fc1ccc(C(Cl)Cn2ncc3c(Nc4cccc(Br)c4)ncnc32)cc1,Ki
CHEMBL2397799,6.2389083411906565,770.0,2,ClC(Cn1ncc2c(Nc3cccc(Br)c3)ncnc21)c1ccccc1,Ki
CHEMBL2397800,5.682258126592544,2220.0,2,Fc1cccc(Nc2ncnc3c2cnn3CC(Cl)c2ccccc2)c1,Ki
CHEMBL2397801,5.238289362813684,19195.0,2,ClC(Cn1ncc2c(Nc3ccccc3)ncnc21)c1ccccc1,Ki
CHEMBL2397802,6.214670164989233,610.0,3,ClC(Cn1ncc2c(Nc3ccccc3)ncnc21)c1ccc(Br)cc1,Ki
CHEMBL2397803,6.061862205661061,941.5,2,ClC(Cn1ncc2c(NCc3ccccc3)ncnc21)c1ccc(Br)cc1,Ki
CHEMBL2397804,6.845504485499918,495.5,2,Clc1cccc(CNc2ncnc3c2cnn3CC(Cl)c2ccc(Br)cc2)c1,Ki
CHEMBL2397805,8.5,3.5,2,Clc1ccccc1CNc1ncnc2c1cnn2CC(Cl)c1ccc(Br)cc1,Ki
CHEMBL2397806,7.195736983211402,84.5,2,Clc1ccc(CNc2ncnc3c2cnn3CC(Cl)c2ccc(Br)cc2)cc1,Ki
CHEMBL2397807,5.649951147693473,2421.0,2,Clc1ccc(Cl)c(CNc2ncnc3c2cnn3CC(Cl)c2ccc(Br)cc2)c1,Ki
CHEMBL2397808,6.131125463054222,798.5,2,Clc1ccc(CNc2ncnc3c2cnn3CC(Cl)c2ccc(Br)cc2)cc1Cl,Ki
CHEMBL2397809,6.909364114220269,1268.0,2,Fc1ccc(CNc2ncnc3c2cnn3CC(Cl)c2ccc(Br)cc2)cc1,Ki
CHEMBL2397810,5.766083518462775,1899.5,2,Fc1ccc(F)c(CNc2ncnc3c2cnn3CC(Cl)c2ccc(Br)cc2)c1,Ki
CHEMBL2397811,5.567030709125595,2710.0,1,Fc1ccc(CNc2ncnc3c2cnn3CC(Cl)c2ccc(Br)cc2)cc1F,Ki
CHEMBL2397812,6.263621775341393,1549.5,2,ClC(Cn1ncc2c(NCc3ccc(Br)cc3)ncnc21)c1ccc(Br)cc1,Ki
CHEMBL2397813,5.871923987331285,1343.0,1,ClC(Cn1ncc2c(NCc3ccccc3Br)ncnc21)c1ccc(Br)cc1,Ki
CHEMBL2397814,6.0351189309148285,968.5,2,ClC(Cn1ncc2c(NCc3cccc(Br)c3)ncnc21)c1ccc(Br)cc1,Ki
CHEMBL2397815,5.395913736666439,4075.0,2,COc1cccc(CNc2ncnc3c2cnn3CC(Cl)c2ccc(Br)cc2)c1,Ki
CHEMBL2397816,5.839869720451326,1482.5,2,FC(F)(F)c1cc(CNc2ncnc3c2cnn3CC(Cl)c2ccc(Br)cc2)cc(C(F)(F)F)c1,Ki
CHEMBL2397817,6.471547574331764,980.0,2,Cc1ccc(C(Cl)Cn2ncc3c(Nc4ccccc4)ncnc32)cc1,Ki
CHEMBL2397818,6.768801001050522,315.0,2,ClC(Cn1ncc2c(Nc3ccccc3)ncnc21)c1ccc(I)cc1,Ki
CHEMBL240158,8.040958607678906,9.1,1,Cc1nc(Nc2ncc(C(=O)Nc3c(C)cccc3Cl)s2)cc(N2CCN(CCF)CC2)n1,IC50
CHEMBL2403108,5.903089986991944,1250.0,1,Cc1cc(Nc2ncc(Cl)c(Nc3ccccc3S(=O)(=O)C(C)C)n2)c(OC(C)C)cc1C1CCNCC1,IC50
CHEMBL2403813,6.527568743167302,359.0,2,CC(C)(C)c1cc(NC(=O)Nc2ccc(Nc3ncnc4ccc([N+](=O)[O-])cc34)cc2)n(-c2cccc([N+](=O)[O-])c2)n1,IC50
CHEMBL2403814,6.913261178273503,198.5,2,CC(C)(C)c1cc(NC(=O)Nc2ccc(Nc3ncnc4ccccc34)cc2)n(-c2cccc([N+](=O)[O-])c2)n1,IC50
CHEMBL2403815,7.114096060500447,77.0,2,CC(C)(C)c1cc(NC(=O)Nc2ccc(Nc3ncnc4ccc(N)cc34)cc2)n(-c2cccc(N)c2)n1,IC50
CHEMBL2403816,7.159379381312206,80.0,2,CC(C)(C)c1cc(NC(=O)Nc2ccc(Nc3ncnc4ccccc34)cc2)n(-c2cccc(N)c2)n1,IC50
CHEMBL2403817,5.668231512906589,2446.5,2,CC(C)(C)c1cc(NC(=O)Nc2ccc(Nc3ncnc4ccc(N)cc34)cc2)n(-c2cccc(NC(=O)OCC3c4ccccc4-c4ccccc43)c2)n1,IC50
CHEMBL2403818,6.6531716939309895,276.5,2,CCC(=O)Nc1ccc2ncnc(Nc3ccc(NC(=O)Nc4cc(C(C)(C)C)nn4-c4cccc(N)c4)cc3)c2c1,IC50
CHEMBL2403819,6.419196226545802,647.0,2,CN(C)CCCC(=O)Nc1ccc2ncnc(Nc3ccc(NC(=O)Nc4cc(C(C)(C)C)nn4-c4cccc(N)c4)cc3)c2c1,IC50
CHEMBL2403820,6.984578748587541,118.5,2,CN1CCN(CCC(=O)Nc2ccc3ncnc(Nc4ccc(NC(=O)Nc5cc(C(C)(C)C)nn5-c5cccc(N)c5)cc4)c3c2)CC1,IC50
CHEMBL2403821,6.253773468824106,599.5,2,CC(C)(C)c1cc(NC(=O)Nc2ccc(Nc3ncnc4ccc(NC(=O)CCN5CCOCC5)cc34)cc2)n(-c2cccc(N)c2)n1,IC50
CHEMBL2403874,8.045757490560675,9.0,1,CC(C)(C)c1cc(NC(=O)Nc2cccc(Nc3ncnc4ccccc34)c2)n(-c2cccc([N+](=O)[O-])c2)n1,IC50
CHEMBL2403875,7.638272163982407,23.0,1,CC(C)(C)c1cc(NC(=O)Nc2cccc(Nc3ncnc4ccccc34)c2)n(-c2cccc(N)c2)n1,IC50
CHEMBL2408495,5.973153530607523,1075.0,2,O=C(COc1cc(O)c2c(=O)cc(-c3ccccc3)oc2c1)Nc1cc(Br)ccn1,IC50
CHEMBL2408496,5.871713280938138,1355.0,2,Cc1cc(NC(=O)COc2cc(O)c3c(=O)cc(-c4ccccc4)oc3c2)ncc1Br,IC50
CHEMBL2408497,4.950781977329818,11200.0,1,O=C(COc1cc(O)c2c(=O)cc(-c3ccccc3)oc2c1)Nc1ccccn1,IC50
CHEMBL2408498,5.654715913502034,2215.0,2,O=C(COc1cc(O)c2c(=O)cc(-c3ccccc3)oc2c1)Nc1ncccc1F,IC50
CHEMBL2408499,5.55759099382322,2980.0,2,Cc1cccc(NC(=O)COc2cc(O)c3c(=O)cc(-c4ccccc4)oc3c2)c1,IC50
CHEMBL2408500,6.380225139579763,435.0,2,Cc1ccc(NC(=O)COc2cc(O)c3c(=O)cc(-c4ccccc4)oc3c2)cc1,IC50
CHEMBL2408501,6.423702961036264,390.0,2,O=C(COc1cc(O)c2c(=O)cc(-c3ccccc3)oc2c1)Nc1ccc(Br)cc1,IC50
CHEMBL2408502,5.951892707326797,1120.0,2,O=C(COc1cc(O)c2c(=O)cc(-c3ccccc3)oc2c1)Nc1cccc(Br)c1,IC50
CHEMBL2408503,4.7544873321858505,17600.0,1,O=C(COc1cc(O)c2c(=O)cc(-c3ccccc3)oc2c1)Nc1ccccc1Br,IC50
CHEMBL2408504,6.130055672457728,745.0,2,COc1cccc(NC(=O)COc2cc(O)c3c(=O)cc(-c4ccccc4)oc3c2)c1,IC50
CHEMBL2408505,5.5721435300942375,2715.0,2,O=C(COc1cc(O)c2c(=O)cc(-c3ccccc3)oc2c1)NCc1ccccc1,IC50
CHEMBL2408506,5.46152148038741,3540.0,2,O=C(COc1cc(O)c2c(=O)cc(-c3ccccc3)oc2c1)NCCN1CCOCC1,IC50
CHEMBL2408507,5.524258384623854,3005.0,2,Cc1cccc(NC(=O)COc2cc(O)c3c(=O)cc(-c4ccccc4)oc3c2)n1,IC50
CHEMBL2408508,5.5587747317387315,3040.0,2,Cc1cccc(NC(=O)COc2cc(O)c3c(=O)cc(-c4cc(F)ccc4F)oc3c2)n1,IC50
CHEMBL2408509,6.093142804059427,810.0,2,Cc1ccc(NC(=O)COc2cc(O)c3c(=O)cc(-c4ccccc4)oc3c2)nc1,IC50
CHEMBL2408510,6.389423339022647,450.0,2,Cc1ccnc(NC(=O)COc2cc(O)c3c(=O)cc(-c4ccccc4)oc3c2)c1,IC50
CHEMBL2408511,6.84518491628705,145.0,2,O=C(COc1cc(O)c2c(=O)cc(-c3ccccc3)oc2c1)Nc1ccc(Br)cn1,IC50
CHEMBL2408778,5.628932137728264,2350.0,1,Nc1ncnc2c1c(-c1ccc(Cl)cc1)nn2-c1cccc(-c2cnnn2CCCCCC(=O)NO)c1,Ki
CHEMBL241539,6.494850021680094,320.0,1,CSc1nc(NCc2cccc(F)c2)c2cnn(CC(Cl)c3ccccc3)c2n1,Ki
CHEMBL241540,7.0,100.0,2,CSc1nc(NCc2ccc(F)cc2)c2cnn(CC(Cl)c3ccccc3)c2n1,Ki
CHEMBL241749,6.958607314841775,110.0,1,CSc1nc(NCc2ccccc2)c2cnn(CC(Cl)c3ccc(Cl)cc3)c2n1,Ki
CHEMBL241750,6.6020599913279625,250.0,1,CSc1nc(NCc2ccccc2)c2cnn(CC(Cl)c3ccc(F)cc3)c2n1,Ki
CHEMBL2419760,7.292429823902063,51.0,1,Cl.c1ccc(-c2cccc(Nc3ncnc4cc5c(cc34)OCO5)c2)cc1,IC50
CHEMBL2419761,7.619788758288394,24.0,1,Cl.c1ccc(-c2cccc(Nc3ncnc4cc5c(cc34)OCCO5)c2)cc1,IC50
CHEMBL2419762,7.251811972993799,56.0,1,Cl.c1ccc(-c2cccc(Nc3ncnc4cc5c(cc34)OCCCO5)c2)cc1,IC50
CHEMBL2420909,3.899629454882437,126000.0,1,c1nc(N2CCC3(CCCCN3)CC2)c2nc[nH]c2n1,IC50
CHEMBL2420911,5.154901959985743,7000.0,1,c1nc(N2CCC3(CCCNC3)CC2)c2nc[nH]c2n1,IC50
CHEMBL242865,6.0999990348465305,794.33,1,O=C(O)c1ccccc1Nc1ccnc(Nc2ccc([N+](=O)[O-])cc2)n1,Ki
CHEMBL243088,6.499996931948306,316.23,1,O=C(O)c1ccccc1Nc1ccnc(Nc2cccc(O)c2)n1,Ki
CHEMBL2436727,5.823908740944319,1500.0,1,O=[N+]([O-])c1ccc(S(=O)(=O)Nc2ccc(O)c(Sc3ncn[nH]3)c2)cc1,IC50
CHEMBL2436977,6.54515513999149,285.0,1,CN1CCN(Cc2ccc(-c3cnc4[nH]cc(-c5cnc6[nH]ccc6c5)c4c3)cc2)CC1,IC50
CHEMBL2436978,8.34518491628705,4.9,2,CN1CCN(Cc2ccc(-c3cnc4[nH]cc(-c5ccc6[nH]ccc6c5)c4c3)cc2)CC1,IC50
CHEMBL245800,6.113509274827518,770.0,1,N#Cc1cnc2ccc(-c3ccc(CN)cc3)cc2c1N[C@@H]1C[C@H]1c1ccccc1,Ki
CHEMBL247070,6.151256818104316,705.9,2,c1ccc(-c2oc3ncnc(NC[C@@H]4CCCO4)c3c2-c2ccccc2)cc1,IC50
CHEMBL248044,6.022276394711152,950.0,1,COc1cc2ncc(C#N)c(N[C@@H]3C[C@H]3c3ccccc3)c2cc1OC,Ki
CHEMBL248221,5.7447274948966935,1800.0,1,COc1cc2ncc(C#N)c(N[C@@H]3C[C@H]3c3ccccc3)c2cc1OCCCN1CCOCC1,Ki
CHEMBL248222,5.7447274948966935,1800.0,1,COc1cc2ncc(C#N)c(N[C@@H]3C[C@H]3c3ccccc3)c2cc1OCCCc1cccnc1,Ki
CHEMBL24828,7.0655015487564325,86.0,3,COc1cc2/c(=N/c3ccc(Br)cc3F)nc[nH]c2cc1OCC1CCN(C)CC1,IC50
CHEMBL248391,6.522878745280337,300.0,1,COc1cc2c(N[C@@H]3C[C@H]3c3ccccc3)c(C#N)cnc2cc1OCCCc1cccnc1,Ki
CHEMBL248392,6.698970004336019,200.0,1,COc1cc2c(N[C@@H]3C[C@H]3c3ccccc3)c(C#N)cnc2cc1OCCCN1CCOCC1,Ki
CHEMBL248393,7.356547323513812,44.0,1,COc1cc2c(N[C@@H]3C[C@H]3c3ccccc3)c(C#N)cnc2cc1OCCCN1CCN(C)CC1,Ki
CHEMBL249819,7.231468428609191,412.1,2,Cc1cc(-c2cc(O)ccc2Cl)cc2nnc(Nc3ccc(C(=O)N4CCS(=O)(=O)CC4)cc3)nc12,Ki
CHEMBL249820,7.138276268883984,347.35,2,Cc1cc(-c2cc(O)ccc2Cl)cc2nnc(Nc3ccc(S(N)(=O)=O)cc3)nc12,Ki
CHEMBL249821,8.49569991411904,3.2,2,Cc1cc(-c2cc(O)ccc2Cl)cc2nnc(Nc3ccc(S(=O)(=O)NCCN4CCCC4)cc3)nc12,Ki
CHEMBL250019,9.221848749616356,0.75,2,Cc1cc(-c2cc(O)ccc2Cl)cc2nnc(Nc3ccc(S(=O)(=O)N(C)CCN4CCCC4)cc3)nc12,Ki
CHEMBL250021,8.289198036565084,33.2,2,CCN(CCN1CCCC1)S(=O)(=O)c1ccc(Nc2nnc3cc(-c4cc(O)ccc4Cl)cc(C)c3n2)cc1,Ki
CHEMBL250213,8.896317481265463,13.031,2,Cc1cc(-c2cc(O)ccc2Cl)cc2nnc(Nc3ccc(CCCN4CCCC4)cc3)nc12,Ki
CHEMBL250214,8.296729909783021,8.35,2,Cc1cc(-c2cc(O)ccc2Cl)cc2nnc(Nc3ccc(C(=O)N4CCNCC4)cc3)nc12,Ki
CHEMBL250218,7.2785720549124715,479.45,2,Cc1cc(-c2cc(O)ccc2Cl)cc2nnc(Nc3ccc(S(=O)(=O)N(CCN4CCCC4)C(C)C)cc3)nc12,Ki
CHEMBL250423,7.558169282423191,77.55,2,Cc1cc(-c2cc(O)ccc2Cl)cc2nnc(Nc3ccc(S(=O)(=O)N(C)CCN4CCOCC4)cc3)nc12,Ki
CHEMBL250623,7.605209643917787,72.2,2,Cc1cc(-c2cc(O)ccc2Cl)cc2nnc(Nc3ccc(S(=O)(=O)N4CCNCC4)cc3)nc12,Ki
CHEMBL250625,8.391917048857003,4.1,2,Cc1cc(-c2cc(O)ccc2Cl)cc2nnc(Nc3ccc(S(=O)(=O)C4CCNCC4)cc3)nc12,Ki
CHEMBL250821,7.565090896010336,285.65,4,Cc1cc(-c2c(Cl)ccc(O)c2F)cc2nnc(Nc3ccc(S(=O)(=O)NCCN4CCCC4)cc3)nc12,Ki
CHEMBL251015,6.685907745963293,897.0,4,Cc1cc(-c2cccc3[nH]ccc23)cc2nnc(Nc3ccc(S(=O)(=O)NCCN4CCCC4)cc3)nc12,Ki
CHEMBL253292,6.6020599913279625,250.0,1,CCN(CC)CCOc1ccc(Nc2cc(NC(=O)Nc3c(Cl)cccc3Cl)ncn2)cc1,IC50
CHEMBL253969,7.100015437450609,79.43,1,NC(=O)c1c(OCc2c(F)cc(Br)cc2F)nsc1NC(=O)NCCCCN1CCCC1,Ki
CHEMBL255164,6.647817481888637,225.0,1,O=C(Nc1nnc(SCc2ccc(Br)cc2)s1)c1ccccc1Cl,Ki
CHEMBL255165,6.6777807052660805,210.0,1,O=C(Nc1nnc(SCc2ccc([N+](=O)[O-])cc2)s1)c1ccc(F)cc1,Ki
CHEMBL255225,6.982966660701219,104.0,1,O=C(Nc1nnc(SCc2ccc(F)cc2)s1)c1ccc(Cl)cc1,Ki
CHEMBL255324,7.050609993355087,89.0,1,O=C(Nc1nnc(SCc2ccc(Br)cc2)s1)c1ccc(F)cc1,Ki
CHEMBL255368,6.663540266151471,217.0,1,O=C(Nc1nnc(SCc2cccc(F)c2)s1)c1ccc(Cl)cc1,Ki
CHEMBL255522,7.080921907623926,83.0,1,O=C(Nc1nnc(SCc2ccc([N+](=O)[O-])cc2)s1)c1ccccc1Cl,Ki
CHEMBL255738,6.659379381312206,260.0,6,O=C(Nc1nnc(SCc2ccc(F)cc2)s1)c1ccc(F)cc1,Ki
CHEMBL255863,7.525056273799658,29.85,52,Cc1cn(-c2cc(NC(=O)c3ccc(C)c(Nc4nccc(-c5cccnc5)n4)c3)cc(C(F)(F)F)c2)cn1,IC50
CHEMBL256101,8.6903698325741,2.04,1,Cc1cc(-c2c(Cl)cccc2Cl)cc2nnc(Nc3ccc(OCC[N+]4([O-])CCCC4)cc3)nc12,Ki
CHEMBL259084,6.799998134593398,158.49,1,O=C(O)c1ccc(Nc2ncc3c(n2)-c2ccc(Cl)cc2C(c2c(F)cccc2F)=NC3)cc1,Ki
CHEMBL259247,6.619788758288394,240.0,1,Cc1ccc(NC(=O)c2cccc(C(F)(F)F)c2)cc1C(=O)Nc1cncnc1,IC50
CHEMBL260092,7.100015437450609,79.43,1,Nc1ncnc2c1N=C(c1ccc(NC(=O)Nc3cccc(C(F)(F)F)c3)cc1)CCN2,Ki
CHEMBL261827,7.0,100.0,3,Fc1ccc(C(Cl)Cn2ncc3c(NCc4cccc(F)c4)ncnc32)cc1,Ki
CHEMBL262623,5.40000018605658,3981.07,1,Nc1ncnc2c1N=C(c1ccccc1)CCN2,Ki
CHEMBL264406,7.18837535480105,303.5,2,CC(C)(C)n1nc(-c2cccc3ccccc23)c2c(N)ncnc21,IC50
CHEMBL268825,6.503767426095978,1191.0,2,Cc1cc(-c2ccccc2Cl)cc2nnc(Nc3ccc(OCCN4CCCC4)cc3)nc12,Ki
CHEMBL270286,6.698970004336019,200.0,1,Fc1ccc(CNc2ncnc3c2cnn3CC(Cl)c2ccc(F)cc2)cc1,Ki
CHEMBL270452,5.8996294548824375,1260.0,1,COc1ccc(CSc2nnc(NC(=O)c3ccccc3Cl)s2)cc1,Ki
CHEMBL270454,6.036212172654444,920.0,1,O=C(Nc1nnc(SCc2ccccc2)s1)c1ccccc1Cl,Ki
CHEMBL270492,7.698970004336019,20.0,1,Fc1ccc(C(Cl)Cn2ncc3c(NCc4ccccc4F)ncnc32)cc1,Ki
CHEMBL270958,6.136677139879544,730.0,2,Fc1ccccc1CNc1ncnc2c1cnn2CC(Cl)c1ccccc1,Ki
CHEMBL271008,6.432973633840939,369.0,1,O=C(Nc1nnc(SCc2cccc(Cl)c2)s1)c1ccc(F)cc1,Ki
CHEMBL271009,6.3979400086720375,400.0,1,O=C(Nc1nnc(SCc2ccccc2)s1)c1ccc(Cl)cc1,Ki
CHEMBL271010,6.391473966422806,406.0,1,O=C(Nc1nnc(SCc2ccc(F)cc2)s1)c1ccccc1Cl,Ki
CHEMBL271984,6.958607314841775,110.0,1,COc1cc2nccc(Oc3ccc4c(C(N)=O)cccc4c3)c2cc1OC,IC50
CHEMBL272169,5.698970004336019,2000.0,2,Fc1ccc(CNc2ncnc3c2cnn3CC(Cl)c2ccccc2)cc1,Ki
CHEMBL272198,6.33161408331,466.0,1,COc1cc2nccc(Oc3ccc4c(C(=O)NC5CC5)cccc4c3)c2cc1OC,IC50
CHEMBL272288,6.777283528852417,167.0,1,O=C(Nc1nnc(SCc2cccc(F)c2)s1)c1ccc(F)cc1,Ki
CHEMBL272888,8.698970004336019,2.0,1,Cc1ccc(NC(=O)c2cccc(C(F)(F)F)c2)cc1C(=O)Nc1cnc(Nc2ccc(N3CCN(C)CC3)cc2)nc1,IC50
CHEMBL272938,6.199998172182031,630.96,1,Cc1cccc(NC(=O)Nc2ccc(-c3cncc4[nH]nc(N)c34)cc2)c1,Ki
CHEMBL272947,6.723538195826756,189.0,1,COc1ccc(CSc2nnc(NC(=O)c3ccc(Cl)cc3)s2)cc1,Ki
CHEMBL272999,7.136677139879544,73.0,1,O=C(Nc1nnc(SCc2cccc(Cl)c2)s1)c1ccc(Cl)cc1,Ki
CHEMBL273090,6.698970004336019,200.0,1,Fc1ccc(C(Cl)Cn2ncc3c(NCc4ccccc4Cl)ncnc32)cc1,Ki
CHEMBL276711,4.958607314841775,11000.0,1,Cc1cc(C)c(/C=C2\C(=O)Nc3ccccc32)[nH]1,IC50
CHEMBL277931,6.3979400086720375,400.0,2,O=C(Nc1cccc(Nc2nccc(-c3cccnc3)n2)c1)c1ccccc1,IC50
CHEMBL278103,5.823908740944319,1500.0,1,Cc1ccc(N)cc1Nc1nccc(-c2cccnc2)n1,IC50
CHEMBL278495,9.366531544420413,0.43,1,COc1cc(Nc2c(C#N)cnc3cc(-c4coc(CN5CCN(c6ccccc6)CC5)c4)c(OC)cc23)c(Cl)cc1Cl,IC50
CHEMBL288280,6.585026652029182,260.0,4,CSc1nc(NCc2ccccc2)c2cnn(CC(Cl)c3ccccc3)c2n1,Ki
CHEMBL288441,6.947415286000334,258.0,14,COc1cc(Nc2c(C#N)cnc3cc(OCCCN4CCN(C)CC4)c(OC)cc23)c(Cl)cc1Cl,IC50
CHEMBL289125,5.136677139879544,7300.0,3,CSc1nc(NCCc2ccccc2)c2cnn(CC(Cl)c3ccccc3)c2n1,Ki
CHEMBL289959,4.399999967876858,39810.72,1,c1ccc(Nc2ncnc3ccccc23)cc1,Ki
CHEMBL291273,5.823908740944319,1500.0,1,CCOCCNc1nc(SC)nc2c1cnn2CC(Cl)c1ccccc1,Ki
CHEMBL291963,5.481486060122113,3300.0,1,c1cncc(-c2ccnc(Nc3cccc(-n4ccnc4)c3)n2)c1,IC50
CHEMBL29197,7.522878745280337,30.0,1,COc1cc2ncnc(Nc3cccc(Br)c3)c2cc1OC,IC50
CHEMBL292866,5.42021640338319,3800.0,1,O=C(Nc1cccc(Nc2nccc(-c3cccnc3)n2)c1)c1ccccn1,IC50
CHEMBL293803,5.232352939978615,5950.0,2,CC(=O)N[C@@H](Cc1ccc(OP(=O)(O)O)cc1)C(=O)N[C@@H](CCC(=O)O)C(=O)N[C@@H](CCC1CCCCC1)C(N)=O,IC50
CHEMBL293991,6.455931955649724,350.0,1,NCCCn1ccc2c(-c3ccnc(Nc4cccc(OC(F)(F)C(F)F)c4)n3)cccc21,IC50
CHEMBL294420,5.602407705158788,3200.0,2,CC[C@H](C)[C@H](NC(=O)[C@H](CCC(=O)O)NC(=O)[C@H](CCC(=O)O)NC(=O)[C@H](Cc1ccc(C(F)(F)P(=O)(O)O)cc1)NC(C)=O)C(=O)N[C@@H](CCC(=O)O)C(=O)O,IC50
CHEMBL294692,5.887345359137068,1300.0,2,CC(=O)N[C@@H](Cc1ccc(C(F)(F)P(=O)(O)O)cc1)C(=O)N[C@@H](CCC(=O)O)C(=O)N[C@@H](CCC1CCCCC1)C(N)=O,IC50
CHEMBL296586,5.127965045121561,175079.245,2,O=C1Cc2c([nH]c3ccc(Br)cc23)-c2ccccc2N1,IC50
CHEMBL298445,6.795880017344075,160.0,1,Cc1nc(N)sc1-c1ccnc(Nc2cccc([N+](=O)[O-])c2)n1,Ki
CHEMBL298813,5.596910013008056,2800.0,2,CC[C@H](NC(=O)[C@H](Cc1ccc(C(F)(F)P(=O)(O)O)cc1)NC(C)=O)C(=O)N(C)CCCC1CCCCC1,IC50
CHEMBL299477,4.963140824826938,11450.0,2,CC[C@H](C)[C@H](NC(=O)[C@H](CCC(=O)O)NC(=O)[C@H](CCC(=O)O)NC(=O)[C@H](Cc1ccc(OP(=O)(O)O)cc1)NC(C)=O)C(=O)N[C@@H](CCC(=O)O)C(=O)O,IC50
CHEMBL299707,5.721246399047171,1900.0,1,COc1ccccc1C(=O)Nc1cccc(Nc2nccc(-c3cccnc3)n2)c1,IC50
CHEMBL300817,5.823908740944319,1500.0,1,Clc1cccc(Nc2nccc(-c3cccnc3)n2)c1,IC50
CHEMBL301845,4.411954370472159,57500.0,2,CC[C@H](NC(=O)[C@H](Cc1ccc(OP(=O)(O)O)cc1)NC(C)=O)C(=O)N(C)CCCC1CCCCC1,IC50
CHEMBL3040806,7.619788758288394,24.0,1,c1ccc(-c2cccc(Nc3ncnc4cc5c(cc34)OCCO5)c2)cc1,IC50
CHEMBL3040861,7.292429823902063,51.0,1,c1ccc(-c2cccc(Nc3ncnc4cc5c(cc34)OCO5)c2)cc1,IC50
CHEMBL3040910,7.251811972993799,56.0,1,c1ccc(-c2cccc(Nc3ncnc4cc5c(cc34)OCCCO5)c2)cc1,IC50
CHEMBL306380,6.716340159661934,199.095,2,Cc1ccc(-c2nn(C(C)(C)C)c3ncnc(N)c23)cc1,IC50
CHEMBL3092314,6.247183568811728,566.0,1,CCN(CC)CCCNC(=O)Nc1cc2c(Nc3ccc(F)c(Cl)c3)ncnc2cc1O[C@H]1CCOC1,IC50
CHEMBL3105076,3.42021640338319,380000.0,1,Nc1ncnc2[nH]c(C(F)(F)F)nc12,IC50
CHEMBL3113284,5.815308569182402,1530.0,1,COc1ccc(S(=O)(=O)Nc2cc(Sc3ncnc4nc[nH]c34)c(O)c3ccccc23)cc1OC,IC50
CHEMBL3115681,7.273109859258178,53.32,1,CN1CCN(c2ccc(Nc3ncc4cc(C#N)c(=O)n(C5CCCC5)c4n3)cc2)CC1,IC50
CHEMBL3116050,7.6020599913279625,25.0,1,C[C@H](Nc1nc(Nc2cn(C)cn2)c2cc[nH]c2n1)c1ncc(F)cn1,IC50
CHEMBL312214,5.318758762624412,4800.0,1,CCCNc1nc(SC)nc2c1cnn2CC(Cl)c1ccccc1,Ki
CHEMBL3137331,5.785156151952302,1640.0,1,CNC(=O)c1ccc(Nc2ncc(C(F)(F)F)c(NCc3nccnc3N(C)S(C)(=O)=O)n2)cc1,IC50
CHEMBL321193,8.585026652029182,2.6,1,Cn1c(=O)c(-c2c(Cl)cccc2Cl)cc2cnc(Nc3cccc(O)c3)nc21,IC50
CHEMBL3215571,5.46344155742847,3440.0,1,COCCN1CCN(CCO/N=C2C(=C3/C(=O)Nc4cc(Br)ccc43)/Nc3ccccc3/2)CC1.Cl.Cl,IC50
CHEMBL3216659,8.543676446890842,5.135,2,Cl.Cl.O=C1Nc2cc(Br)ccc2/C1=C1/Nc2ccccc2/C1=N\OCCN1CCNCC1,IC50
CHEMBL3217993,4.958607314841775,11000.0,1,Nc1ccccc1NC(=O)c1ccc(COc2ccc3ncnc(Nc4cccc(Br)c4)c3c2)cc1,IC50
CHEMBL3218000,5.154901959985743,7000.0,1,C#Cc1cccc(Nc2ncnc3ccc(OCc4ccc(C(=O)Nc5ccccc5N)cc4)cc23)c1,IC50
CHEMBL3218001,4.823908740944319,15000.0,1,C#Cc1cccc(Nc2ncnc3ccc(S(=O)(=O)n4ccc(/C=C/C(=O)Nc5ccccc5N)c4)cc23)c1,IC50
CHEMBL3218002,4.568636235841013,27000.0,1,C#Cc1cccc(Nc2ncnc3ccc(S(=O)(=O)n4ccc(/C=C/C(=O)NO)c4)cc23)c1,IC50
CHEMBL323405,8.275724130399212,5.3,1,Cn1c(=O)c(-c2c(Cl)cccc2Cl)cc2cnc(Nc3ccc(O)cc3)nc21,IC50
CHEMBL3237850,5.236572006437063,5800.0,1,Cc1nn(C)c2nnc(Nc3ccc(S(=O)(=O)N4CCNCC4)cc3)nc12,IC50
CHEMBL3237851,4.4089353929735005,39000.0,1,Cc1nn(C)c2nnc(Nc3ccc(S(=O)(=O)NCCO)cc3)nc12,IC50
CHEMBL3237852,5.229147988357856,5900.0,1,Cc1nn(C)c2nnc(Nc3ccc(S(=O)(=O)N4CCCNCC4)cc3)nc12,IC50
CHEMBL3237854,4.823908740944319,15000.0,1,Cc1nn(C)c2nnc(Nc3ccc(S(=O)(=O)NCCN)cc3)nc12,IC50
CHEMBL3237855,4.481486060122113,33000.0,1,Cc1nn(C)c2nnc(Nc3ccc(S(N)(=O)=O)cc3)nc12,IC50
CHEMBL3237857,4.698970004336019,20000.0,1,Cc1nn(C)c2nnc(Nc3ccc(S(=O)(=O)NCCN4CCOCC4)cc3)nc12,IC50
CHEMBL3237858,4.468521082957745,34000.0,1,Cc1nn(C)c2nnc(Nc3ccc(S(=O)(=O)NCC(O)CO)cc3)nc12,IC50
CHEMBL325023,4.7544873321858505,17600.0,1,Cc1nc(C)c(-c2[nH]nc3c2C(=O)c2c(NC(=O)NN4CCN(C)CC4)cccc2-3)s1,IC50
CHEMBL3261392,5.229147988357856,5900.0,1,CCOc1ccc(S(=O)(=O)N2CCCNCC2)cc1-c1nnc2c(n1)c(C)nn2C,IC50
CHEMBL327127,8.324875990832918,5.4,2,Cn1c(=O)c(-c2c(Cl)cccc2Cl)cc2cnc(Nc3cccc(CO)c3)nc21,IC50
CHEMBL327958,5.130768280269024,7400.0,1,CCCCN(CCCC)C(=O)[C@H](C)NC(=O)[C@@H](NC(=O)[C@H](Cc1ccc(OP(=O)(O)O)cc1)NC(C)=O)C(C)C,IC50
CHEMBL3288854,6.920818753952375,120.0,1,Cc1[nH]c(/C=C2\C(=O)Nc3ccc(F)cc32)c(C)c1NC(=O)CCN1CCN(C)CC1,Ki
CHEMBL328907,4.815308569182401,15300.0,1,CC[C@H](C)[C@H](NC(=O)[C@H](CCC(=O)O)NC(=O)[C@H](CCC(=O)O)NC(=O)[C@@H](Cc1ccc(OP(=O)(O)O)cc1)NC(C)=O)C(=O)N[C@@H](CCC(=O)O)C(=O)O,IC50
CHEMBL3301607,5.637894680706227,2302.0,1,O=C(Nc1nc2cccc(-c3ccc(CN4CCS(=O)(=O)CC4)cc3)n2n1)C1CC1,IC50
CHEMBL3318023,4.681102285372513,20840.0,1,CCNC(=O)Nc1ccc2ncc(-c3ccc(OC)cc3)cc2n1,IC50
CHEMBL3318027,5.218244625347531,6050.0,1,Cn1cc(-c2cnc3ccc(NC(=O)NC(C)(C)C)nc3c2)cn1,IC50
CHEMBL331906,6.7447274948966935,180.0,1,Oc1cccc(-c2[nH]nc3ncnc(Nc4cccc(Cl)c4)c23)c1,IC50
CHEMBL332333,5.707743928643524,1960.0,1,c1ccc(Nc2nc[nH]c3nnc(Nc4ccccc4)c2-3)cc1,IC50
CHEMBL332612,5.928117992693875,1180.0,1,Nc1ccc(Nc2[nH]nc3ncnc(Nc4cccc(Cl)c4)c23)cc1,IC50
CHEMBL332882,5.510041520575165,3090.0,1,Nc1cccc(-c2[nH]nc3ncnc(Nc4cccc(Cl)c4)c23)c1,IC50
CHEMBL332906,5.443697499232712,3600.0,1,Nc1ccc(-c2[nH]nc3ncnc(Nc4cccc(Cl)c4)c23)cc1,IC50
CHEMBL332971,4.782516055786093,16500.0,1,COc1ccc(-c2[nH]nc3ncnc(Nc4cccc(Cl)c4)c23)cc1,IC50
CHEMBL333038,5.703334809738469,1980.0,1,Clc1cccc(Nc2nc[nH]c3nnc(Nc4cccc(Cl)c4)c2-3)c1,IC50
CHEMBL3347277,5.494036481981874,3206.0,1,COC(=O)c1cc2cc(NC(=O)c3ccc4[nH]ccc4c3)cnc2[nH]1,IC50
CHEMBL3347388,8.853871964321762,1.4,1,COC(=O)c1cc2cc(NCc3c(C)cccc3Cl)cnc2[nH]1,IC50
CHEMBL3347389,6.826813731587726,149.0,1,COC(=O)c1cc2cc(NCc3cccs3)cnc2[nH]1,IC50
CHEMBL3347390,6.2262135550188065,594.0,1,COC(=O)c1cc2cc(NCc3cc[nH]n3)cnc2[nH]1,IC50
CHEMBL3347418,6.120904120499927,757.0,1,CCn1nccc1CNc1cnc2[nH]c(C(=O)OC)cc2c1,IC50
CHEMBL3347419,6.465907069126919,1519.5,2,COC(=O)c1cc2cc(NCc3ccc4[nH]ccc4c3)cnc2[nH]1,IC50
CHEMBL3347420,5.980053318321158,1047.0,1,COC(=O)c1cc2cc(NCc3ccc4cc[nH]c4c3)cnc2[nH]1,IC50
CHEMBL3347424,6.34008379993015,457.0,1,COC(=O)c1cc2cc(NCc3ccc4[nH]cnc4c3)cnc2[nH]1,IC50
CHEMBL3347425,6.782516055786093,165.0,1,COC(=O)c1cc2cc(NCc3cc4nc[nH]c4cc3C)cnc2[nH]1,IC50
CHEMBL3347426,6.866461091629782,136.0,1,COC(=O)c1cc2cc(NCc3cnc4[nH]ccc4c3)cnc2[nH]1,IC50
CHEMBL3347440,6.094204119632131,805.0,1,COC(=O)c1cc2cc(NC(=O)c3cc(C)n[nH]3)cnc2[nH]1,IC50
CHEMBL3347451,6.882728704344236,131.0,1,COC(=O)c1cc2cc(NCc3ccccc3Br)cnc2[nH]1,IC50
CHEMBL3347452,7.721246399047171,19.0,1,COC(=O)c1cc2cc(NCc3ccccc3C)cnc2[nH]1,IC50
CHEMBL3347453,6.779891911959945,166.0,1,COC(=O)c1cc2cc(NCc3ccccc3C(F)(F)F)cnc2[nH]1,IC50
CHEMBL3347466,6.288192770958809,515.0,1,COC(=O)c1cc2cc(NCc3ccccc3OC)cnc2[nH]1,IC50
CHEMBL3347468,8.275724130399212,5.3,1,COC(=O)c1cc2cc(NCc3c(Cl)cccc3Cl)cnc2[nH]1,IC50
CHEMBL3347601,7.522878745280337,30.0,1,COC(=O)c1cc2cc(NC(=O)c3ccccc3C)cnc2[nH]1,IC50
CHEMBL3347602,6.357535479757878,439.0,1,COC(=O)c1cc2cc(NC(=O)c3ccccc3C(F)(F)F)cnc2[nH]1,IC50
CHEMBL3347621,6.184422251675732,654.0,5,O=C(Nc1cnc2[nH]c(Cc3ccc[nH]3)cc2c1)c1ccccc1Br,IC50
CHEMBL3347624,7.2348284208856946,101.215,4,COC(=O)c1cc2cc(NC(=O)c3c(F)cccc3OC)cnc2[nH]1,IC50
CHEMBL3347636,6.844148493076377,252.28,2,COC(=O)c1cc2cc(NC(=O)c3ccccc3Br)cnc2[nH]1,IC50
CHEMBL3347637,7.431798275933005,37.0,1,COC(=O)c1cc2cc(NC(=O)c3c(Cl)cccc3Cl)cnc2[nH]1,IC50
CHEMBL3347638,7.552841968657781,28.0,1,COC(=O)c1cc2cc(NC(=O)c3c(C)cccc3Cl)cnc2[nH]1,IC50
CHEMBL3347647,6.851020327996682,368.505,4,CN(C)CCCNC(=O)c1cc2cc(NC(=O)c3ccccc3Br)cnc2[nH]1,IC50
CHEMBL3347650,5.638272163982407,2300.0,1,COCc1cc2cc(NC(=O)c3ccccc3Br)cnc2[nH]1,IC50
CHEMBL3347651,5.207608310501746,6200.0,1,O=C(Nc1cnc2[nH]c(CO)cc2c1)c1ccccc1Br,IC50
CHEMBL3355482,5.251811972993799,5600.0,1,CN(Cc1ccccc1)C(=O)c1ccc(S(=O)(=O)Nc2ccccc2)cc1,IC50
CHEMBL3357634,5.645507399410564,2262.0,1,COc1cc2ncnc(Nc3ccc(F)c(Cl)c3)c2cc1NC(=O)/C(F)=C/CN(C)C,IC50
CHEMBL336961,6.199998172182031,630.96,1,O=C1Cc2c([nH]c3ccc(Br)cc23)-c2ncccc2N1,Ki
CHEMBL3393071,6.920818753952375,120.0,1,CC(C)Sc1nc(Nc2cccc(O)c2)c2cnn(CC(Cl)c3ccccc3)c2n1,Ki
CHEMBL3393986,6.886056647693163,130.0,1,Cl.Oc1cccc(Nc2nc(SCCN3CCOCC3)nc3c2cnn3CCc2ccccc2)c1,Ki
CHEMBL3394082,6.366531544420414,430.0,1,CC(Cn1ncc2c(Nc3cccc(O)c3)nc(SCCN3CCOCC3)nc21)c1ccccc1.Cl,Ki
CHEMBL3394083,6.823908740944319,150.0,1,CSc1nc(Nc2cccc(O)c2)c2cnn(CC(Cl)c3ccccc3)c2n1,Ki
CHEMBL3394091,6.823908740944319,150.0,1,Oc1cccc(Nc2nc(SC3CCCC3)nc3c2cnn3CC(Cl)c2ccccc2)c1,Ki
CHEMBL3394092,6.920818753952375,120.0,2,ClC(Cn1ncc2c(Nc3cccc(Br)c3)nc(SCCN3CCOCC3)nc21)c1ccccc1,Ki
CHEMBL3414623,4.698970004336019,20000.0,3,Cc1cn(CCN2CCN(c3ccccc3-c3cc(C#N)cc(C(=O)NCCCN4CCCC4)c3)CC2)c2ccccc12,IC50
CHEMBL3426233,6.876148359032914,133.0,1,C=CC(=O)N1CCC(n2nc(C#Cc3cc(C(=O)Nc4ccc(CN5CCN(C)CC5)c(C(F)(F)F)c4)ccc3C)c3c(N)ncnc32)CC1,IC50
CHEMBL3426891,6.686132779630847,206.0,1,CN1CCN(c2ccc(Nc3ncc(Cl)c(NC[C@H]4CCCO4)n3)cc2)CC1,IC50
CHEMBL343050,4.142667503568732,72000.0,1,CC(=O)N[C@@H](Cc1ccc(OP(=O)(O)O)cc1)C(=O)N[C@H](C(=O)N[C@@H](C)C(=O)NCCc1ccccc1)C(C)C,IC50
CHEMBL347537,5.273272790973428,5330.0,1,O=C(Nc1cccc(-c2cncc3ccccc23)c1)c1ccccc1NCc1ccncc1,IC50
CHEMBL3545085,8.077450979992872,9.5,2,CC(C)c1cc(CNc2nc(Nc3cc(C4CC4)[nH]n3)cc(N3CCN(C)CC3)n2)on1,IC50
CHEMBL3545311,6.616184634019569,242.0,3,COc1cc(N2CCC(N3CCN(C)CC3)CC2)ccc1Nc1ncc(Cl)c(Nc2ccccc2P(C)(C)=O)n1,IC50
CHEMBL3577124,6.42021640338319,380.0,1,CNc1ncc2cc(-c3cc(NC(=O)NCCC(C)(C)C)c(F)cc3C)c(C)nc2n1,IC50
CHEMBL3582427,5.42021640338319,3800.0,1,N#Cc1ccc(-c2cnc3ccc(NCc4ccccc4)nn23)cc1,IC50
CHEMBL3582441,5.619788758288394,2400.0,1,O=C(O)CN1CCN(c2cc(-c3cnc4ccc(N5CCC[C@@H]5c5cccc(F)c5)nn34)ccn2)CC1,IC50
CHEMBL3582442,5.2839966563652006,5200.0,1,OC1CCN(c2cc(-c3cnc4ccc(N5CCC[C@@H]5c5cccc(F)c5)nn34)ccn2)CC1,IC50
CHEMBL361708,5.3979400086720375,4000.0,1,NC1=NC(=O)/C(=C2\CCNC(=O)c3[nH]c(Br)cc32)N1,IC50
CHEMBL3617732,6.008773924307505,980.0,1,CCCC(=O)Nc1cccc(Nc2nccc(Nc3cc(C4CC4)[nH]n3)n2)c1,Ki
CHEMBL3617738,6.136677139879544,730.0,1,O=C(CCCCCC(=O)N1CCC[C@@H]1c1ccco1)Nc1cccc(Nc2nccc(Nc3cc(C4CC4)[nH]n3)n2)c1,Ki
CHEMBL3617740,5.920818753952375,1200.0,1,C[C@@H](NC(=O)CCCCCC(=O)Nc1cccc(Nc2nccc(Nc3cc(C4CC4)[nH]n3)n2)c1)c1ccco1,Ki
CHEMBL3639839,7.236572006437063,58.0,1,Cc1ccc(F)cc1-c1ccc2cc(NC(=O)c3cccc(F)c3)ncc2c1,Ki
CHEMBL3639840,10.698970004336019,0.02,1,Cc1c(F)cncc1-c1ccc2cc(NC(=O)C3CC3)ncc2c1,Ki
CHEMBL3639884,8.397940008672037,4.0,1,Cc1cnc(CO)cc1-c1ccc2cc(NC(=O)C3CC3)ncc2c1,Ki
CHEMBL3639885,9.6903698325741,0.204,1,Cc1cccc(C)c1-c1ccc2cc(NC(=O)C3CC3)ncc2c1,Ki
CHEMBL3647967,7.490797477668897,32.3,2,C=CC(=O)N[C@H]1CC[C@@H](n2nc(-c3ccc(Oc4ccccc4)cc3)c3c(N)ncnc32)CC1,IC50
CHEMBL3651854,5.853871964321762,1400.0,1,Cc1cc(Nc2nc(Nc3ccccc3S(=O)(=O)C(C)C)c3c(C)[nH]nc3n2)c(OC(C)C)cc1C1CCN(C)CC1,IC50
CHEMBL365277,6.060480747381382,870.0,1,Cc1ccc(NC(=O)Nc2ccccc2CN(C)C2CCCCC2)cc1Nc1nccc(-c2cccnc2)n1,IC50
CHEMBL365673,6.552841968657781,280.0,1,CCN(CC)c1cccc(NC(=O)Nc2ccc(C)c(Nc3nccc(-c4cccnc4)n3)c2)c1,IC50
CHEMBL3683258,6.791274533533681,163.0,6,CN[C@@H]1CC2OC([C@@H]1OC)n1c3ccccc3c3c4c(c5c6ccccc6n2c5c31)C(=O)NC4,IC50
CHEMBL3684995,8.221848749616356,6.0,1,O=C(Nc1cc2ccc(N3CCCCC3)cc2cn1)C1CC1,Ki
CHEMBL3684996,6.856985199745905,139.0,1,Clc1ccccc1-c1ccc2cc(Nc3ncccn3)ncc2c1,Ki
CHEMBL3684997,8.154901959985743,7.0,1,Clc1ccccc1-c1ccc2cc(Nc3ccccn3)ncc2c1,Ki
CHEMBL3684998,7.142667503568732,72.0,1,CSCNc1cc2ccc(-c3cc(F)ccc3Cl)cc2cn1,Ki
CHEMBL3684999,6.380906669373258,416.0,1,CNc1cc2ccc(-c3cc(F)ccc3Cl)cc2cn1,Ki
CHEMBL3685000,8.698970004336019,2.0,1,COc1ccc(Cl)cc1-c1ccc2cc(NC(=O)C3CC3)ncc2c1,Ki
CHEMBL3685001,6.356547323513812,440.0,1,Cc1ccc(F)cc1-c1ccc2cc(N)ncc2c1,Ki
CHEMBL3685002,9.0,1.0,1,Cc1ccc(F)cc1-c1ccc2cc(NC(=O)C3CCC3)ncc2c1,Ki
CHEMBL3685003,7.920818753952375,12.0,1,Cc1ccc(F)cc1-c1ccc2cc(NC(=O)C3CCCC3)ncc2c1,Ki
CHEMBL3685004,7.4089353929735005,39.0,1,Cc1ccc(F)cc1-c1ccc2cc(NC(=O)C3CCCCC3)ncc2c1,Ki
CHEMBL3685005,7.3872161432802645,41.0,1,Cc1ccc(F)cc1-c1ccc2cc(NC(=O)c3ccccc3)ncc2c1,Ki
CHEMBL3685006,7.585026652029182,26.0,1,Cc1ccc(F)cc1-c1ccc2cc(NC(=O)c3ccc(F)cc3)ncc2c1,Ki
CHEMBL3685007,7.823908740944319,15.0,1,Cc1ccc(F)cc1-c1ccc2cc(NC(=O)C3(F)CC3)ncc2c1,Ki
CHEMBL3685008,7.301029995663981,50.0,1,Cc1ccc(F)cc1-c1ccc2cc(NC(=O)C3(C)CC3)ncc2c1,Ki
CHEMBL3685009,9.761439372640169,0.2,2,Cc1ccc(F)cc1-c1ccc2cc(NC(=O)C3CC3F)ncc2c1,Ki
CHEMBL3685010,9.397940008672037,0.4,1,Cc1ccc(F)cc1-c1ccc2cc(NC(=O)C3CC3(F)F)ncc2c1,Ki
CHEMBL3685011,8.522878745280337,3.0,1,Cc1cnc(C)c(-c2ccc3cc(NC(=O)C4CC4)ncc3c2)c1,Ki
CHEMBL3685012,9.0,1.0,1,Nc1ccc(-c2ccc3cc(NC(=O)C4CC4)ncc3c2)cn1,Ki
CHEMBL3685013,9.0,1.0,1,N#Cc1ccncc1-c1ccc2cc(NC(=O)C3CC3)ncc2c1,Ki
CHEMBL3685014,9.045757490560675,0.9,1,N#Cc1ncc(F)cc1-c1ccc2cc(NC(=O)C3CC3)ncc2c1,Ki
CHEMBL3685015,9.0,1.0,1,Cc1c(Cl)cccc1-c1ccc2cc(NC(=O)C3CC3)ncc2c1,Ki
CHEMBL3685016,9.522878745280337,0.3,1,Cc1cc(F)ccc1-c1ccc2cc(NC(=O)C3CC3)ncc2c1,Ki
CHEMBL3685017,9.0,1.0,1,Cc1cc(Cl)ccc1-c1ccc2cc(NC(=O)C3CC3)ncc2c1,Ki
CHEMBL3685018,9.221848749616356,0.6,1,COc1ccc(F)cc1-c1ccc2cc(NC(=O)C3CC3)ncc2c1,Ki
CHEMBL3685019,9.397940008672037,0.4,1,CC(C)Oc1ccc(F)cc1-c1ccc2cc(NC(=O)C3CC3)ncc2c1,Ki
CHEMBL3685020,10.522878745280337,0.03,1,Cc1ccncc1-c1ccc2cc(NC(=O)C3CC3)ncc2c1,Ki
CHEMBL3685021,8.522878745280337,3.0,1,Cn1cc(-c2ccc3cc(NC(=O)C4CC4)ncc3c2)cn1,Ki
CHEMBL3685022,8.522878745280337,3.0,1,Cc1n[nH]c(C)c1-c1ccc2cc(NC(=O)C3CC3)ncc2c1,Ki
CHEMBL3685023,10.397940008672037,0.04,1,O=C(Nc1cc2ccc(-c3cc(O)ccc3Cl)cc2cn1)C1CC1,Ki
CHEMBL3685024,9.301029995663981,0.5,1,Cc1cc(F)c(F)cc1-c1ccc2cc(NC(=O)C3CC3)ncc2c1,Ki
CHEMBL3685025,6.671620396561262,213.0,1,Cc1ccc(F)cc1-c1ccc2cc(/N=C3/NC(C)(C)CO3)ncc2c1,Ki
CHEMBL3685026,7.769551078621726,17.0,1,O=C(Nc1cc2ccc(N3CCCC3)cc2cn1)C1CC1,Ki
CHEMBL3685027,8.698970004336019,2.0,1,O=C(Nc1cc2ccc(C3CCCCC3)cc2cn1)C1CC1,Ki
CHEMBL3685028,6.394694953858891,403.0,1,CN1CCN(c2ccc3cc(NC(=O)C4CC4)ncc3c2)CC1,Ki
CHEMBL3685029,8.698970004336019,2.0,1,O=C(Nc1cc2ccc(C3CCCC3)cc2cn1)C1CC1,Ki
CHEMBL3685030,8.522878745280337,3.0,1,Cc1ccc(F)cc1-c1ccc2cc(NC(=O)C3CCOCC3)ncc2c1,Ki
CHEMBL3685031,9.0,1.0,1,Cc1ccc(F)cc1-c1ccc2cc(NC(=O)C3CCN(C)CC3)ncc2c1,Ki
CHEMBL3685032,8.154901959985743,7.0,1,Cc1ccc(F)cc1-c1ccc2cc(NC(=O)c3ccncc3)ncc2c1,Ki
CHEMBL3685033,7.0655015487564325,86.0,1,Cc1ccc(F)cc1-c1ccc2cc(NC(=O)c3ccccc3F)ncc2c1,Ki
CHEMBL3685034,7.2839966563652006,52.0,1,COc1ccc(C(=O)Nc2cc3ccc(-c4cc(F)ccc4C)cc3cn2)cc1,Ki
CHEMBL3685035,10.0,0.1,1,Cc1cccnc1-c1ccc2cc(NC(=O)C3CC3)ncc2c1,Ki
CHEMBL3685036,9.0,1.0,1,Cc1ncccc1-c1ccc2cc(NC(=O)C3CC3)ncc2c1,Ki
CHEMBL3685037,9.0,1.0,1,O=C(Nc1cc2ccc(-c3ccc4[nH]ccc4c3)cc2cn1)C1CC1,Ki
CHEMBL3685038,8.522878745280337,3.0,1,O=C(Nc1cc2ccc(N3CCC(O)CC3)cc2cn1)C1CC1,Ki
CHEMBL3685039,6.623423042943488,238.0,1,O=C(Nc1cc2ccc(N3CCNCC3)cc2cn1)C1CC1,Ki
CHEMBL3685040,7.795880017344075,16.0,1,Cn1c(-c2ccc3cc(NC(=O)C4CC4)ncc3c2)cccc1=O,Ki
CHEMBL3685041,9.522878745280337,0.3,1,CC(=O)Nc1cc2ccc(-c3cc(F)ccc3C)cc2cn1,Ki
CHEMBL3685042,8.522878745280337,3.0,1,Cc1ccc(F)cc1-c1ccc2cc(NC(=O)CC(F)(F)F)ncc2c1,Ki
CHEMBL3685043,8.698970004336019,2.0,1,Cc1ccc(F)cc1-c1ccc2cc(NC(=O)C(C)(C)C)ncc2c1,Ki
CHEMBL3685044,9.522878745280337,0.3,1,COCC(=O)Nc1cc2ccc(-c3cc(F)ccc3C)cc2cn1,Ki
CHEMBL3685045,9.698970004336019,0.2,1,Cc1ccc(C#N)cc1-c1ccc2cc(NC(=O)C3CC3)ncc2c1,Ki
CHEMBL3685046,8.522878745280337,3.0,1,COc1cccc(C#N)c1-c1ccc2cc(NC(=O)C3CC3)ncc2c1,Ki
CHEMBL3685047,8.698970004336019,2.0,1,O=C(Nc1cc2ccc(-c3ccccn3)cc2cn1)C1CC1,Ki
CHEMBL3685048,10.022878745280337,0.095,2,Cc1ccc(F)cc1-c1ccc2cc(NC(=O)C3C[C@@H]3F)ncc2c1,Ki
CHEMBL3685049,10.022878745280337,0.095,2,Cc1ccc(F)cc1-c1ccc2cc(NC(=O)C3C[C@H]3F)ncc2c1,Ki
CHEMBL3685050,9.0,1.0,1,Cc1ccc(F)cc1-c1ccc2cc(NC(=O)CN(C)C)ncc2c1,Ki
CHEMBL3685051,7.465973893943865,34.2,1,CCn1nccc1C(=O)Nc1cc2ccc(-c3cc(F)ccc3C)cc2cn1,Ki
CHEMBL3685052,6.87942606879415,132.0,1,COc1ccccc1C(=O)Nc1cc2ccc(-c3cc(F)ccc3C)cc2cn1,Ki
CHEMBL3685053,6.443697499232712,360.0,1,COc1cccc(C(=O)Nc2cc3ccc(-c4cc(F)ccc4C)cc3cn2)c1,Ki
CHEMBL3685054,9.522878745280337,0.3,1,O=C(Nc1cc2ccc(-c3cccc4[nH]ccc34)cc2cn1)C1CC1,Ki
CHEMBL3685055,10.154901959985743,0.07,1,N#Cc1cc(F)c(F)cc1-c1ccc2cc(NC(=O)C3CC3)ncc2c1,Ki
CHEMBL3685056,10.698970004336019,0.02,1,Cc1ccc(O)cc1-c1ccc2cc(NC(=O)C3CC3)ncc2c1,Ki
CHEMBL3685057,9.301029995663981,0.5,1,CCC(=O)Nc1cc2ccc(-c3cc(F)ccc3C)cc2cn1,Ki
CHEMBL3685058,8.045757490560675,9.0,1,Cc1ccc(F)cc1-c1ccc2cc(NC(=O)C(C)C)ncc2c1,Ki
CHEMBL3685059,8.397940008672037,4.0,1,O=C(Nc1cc2ccc(-c3cncnc3)cc2cn1)C1CC1,Ki
CHEMBL3685060,9.154901959985743,0.7,1,Cc1cc(C)c(-c2ccc3cc(NC(=O)C4CC4)ncc3c2)cn1,Ki
CHEMBL3685061,7.886056647693163,13.0,1,Cc1nc(-c2ccc3cc(NC(=O)C4CC4)ncc3c2)cs1,Ki
CHEMBL3685062,9.301029995663981,0.5,1,O=C(Nc1cc2ccc(-c3cc[nH]n3)cc2cn1)C1CC1,Ki
CHEMBL3685063,9.154901959985743,0.7,1,Cc1ncc(F)cc1-c1ccc2cc(NC(=O)C3CC3)ncc2c1,Ki
CHEMBL3685064,7.376750709602099,42.0,1,Cn1ccc(=O)c(-c2ccc3cc(NC(=O)C4CC4)ncc3c2)c1,Ki
CHEMBL3685065,7.481486060122112,33.0,1,Cc1ccc(F)cc1-c1ccc2cc(NC(=O)C(F)(F)F)ncc2c1,Ki
CHEMBL3685066,9.698970004336019,0.2,1,N#Cc1ccc(F)cc1-c1ccc2cc(NC(=O)C3CC3)ncc2c1,Ki
CHEMBL3685067,9.045757490560675,0.9,1,N#Cc1ccc(Cl)cc1-c1ccc2cc(NC(=O)C3CC3)ncc2c1,Ki
CHEMBL3685068,10.221848749616356,0.06,1,N#Cc1cc(F)ccc1-c1ccc2cc(NC(=O)C3CC3)ncc2c1,Ki
CHEMBL3685069,9.0,1.0,1,Cc1ccc(F)cc1-c1ccc2cc(NC(=O)C(F)F)ncc2c1,Ki
CHEMBL3685070,7.568636235841013,27.0,1,Cc1ccc(F)cc1-c1ccc2cc(NS(C)(=O)=O)ncc2c1,Ki
CHEMBL3685071,7.376750709602099,42.0,1,Cc1ccc(F)cc1-c1ccc2cc(NS(=O)(=O)C3CC3)ncc2c1,Ki
CHEMBL3685072,10.0,0.1,1,CNC(=O)Nc1cc2ccc(-c3cc(F)ccc3C)cc2cn1,Ki
CHEMBL3685073,9.0,1.0,1,O=C(Nc1cc2ccc(Nc3ccccc3)cc2cn1)C1CC1,Ki
CHEMBL3685074,9.301029995663981,0.5,1,Cc1ncncc1-c1ccc2cc(NC(=O)C3CC3)ncc2c1,Ki
CHEMBL3685075,9.221848749616356,0.6,1,COc1ccc(C)c(-c2ccc3cc(NC(=O)C4CC4)ncc3c2)c1,Ki
CHEMBL3685076,7.698970004336019,20.0,1,Cc1ccc(C(F)(F)F)cc1-c1ccc2cc(NC(=O)C3CC3)ncc2c1,Ki
CHEMBL3685077,9.0,1.0,1,Cc1ccc(N(C)C)cc1-c1ccc2cc(NC(=O)C3CC3)ncc2c1,Ki
CHEMBL3685078,8.698970004336019,2.0,1,Cc1cnccc1-c1ccc2cc(NC(=O)C3CC3)ncc2c1,Ki
CHEMBL3685079,8.522878745280337,3.0,1,Cc1ccc(F)cc1-c1ccc2cc(NC(=O)N(C)C)ncc2c1,Ki
CHEMBL3685080,9.522878745280337,0.3,1,Cc1ccnc(C)c1-c1ccc2cc(NC(=O)C3CC3)ncc2c1,Ki
CHEMBL3685081,8.698970004336019,2.0,1,Cc1ncnc(C)c1-c1ccc2cc(NC(=O)C3CC3)ncc2c1,Ki
CHEMBL3685082,7.568636235841013,27.0,1,O=C(Nc1cc2ccc(OC3CCCCC3)cc2cn1)C1CC1,Ki
CHEMBL3685083,7.886056647693163,13.0,1,O=C(Nc1cc2ccc(Sc3ccccc3)cc2cn1)C1CC1,Ki
CHEMBL3685084,8.698970004336019,2.0,1,Cn1nccc1-c1ccc2cc(NC(=O)C3CC3)ncc2c1,Ki
CHEMBL3685085,9.301029995663981,0.5,1,O=C(Nc1cc2ccc(-c3cncc(F)c3)cc2cn1)C1CC1,Ki
CHEMBL3685086,7.376750709602099,42.0,1,Cc1ccc(F)cc1-c1ccc2cc(NC(=O)C3(O)CC3)ncc2c1,Ki
CHEMBL3685087,9.154901959985743,0.7,1,O=C(Nc1cc2ccc(-c3ccc[nH]3)cc2cn1)C1CC1,Ki
CHEMBL3685088,9.698970004336019,0.2,1,N#Cc1ccc(O)cc1-c1ccc2cc(NC(=O)C3CC3)ncc2c1,Ki
CHEMBL3685089,10.522878745280337,0.03,1,Cc1c(O)cccc1-c1ccc2cc(NC(=O)C3CC3)ncc2c1,Ki
CHEMBL3685090,7.376750709602099,42.0,1,Cc1ccc(F)cc1-c1ccc2cc(NC(C)C(F)(F)F)ncc2c1,Ki
CHEMBL3685091,7.376750709602099,42.0,1,Cc1ccc(F)cc1-c1ccc2cc(NCC3CC3)ncc2c1,Ki
CHEMBL3685092,9.096910013008056,0.8,1,CC(C)Oc1ccc2cc(NC(=O)C3CC3)ncc2c1,Ki
CHEMBL3685093,8.397940008672037,4.0,1,O=C(Nc1cc2ccc(OC(F)F)cc2cn1)C1CC1,Ki
CHEMBL3685094,7.823908740944319,15.0,1,Cc1ccc(F)cc1-c1ccc2c(Cl)c(N)ncc2c1,Ki
CHEMBL3685095,10.522878745280337,0.03,1,Cc1cc(F)c(O)cc1-c1ccc2cc(NC(=O)C3CC3)ncc2c1,Ki
CHEMBL3685096,10.522878745280337,0.03,1,Cc1ccc(CO)cc1-c1ccc2cc(NC(=O)C3CC3)ncc2c1,Ki
CHEMBL3685097,10.045757490560675,0.09,1,O=C(Nc1cc2ccc(-c3ccc(F)c(O)c3)cc2cn1)C1CC1,Ki
CHEMBL3685098,9.045757490560675,0.9,1,Cc1ccc(C(N)=O)cc1-c1ccc2cc(NC(=O)C3CC3)ncc2c1,Ki
CHEMBL3685099,9.698970004336019,0.2,1,CCNC(=O)Nc1cc2ccc(-c3cc(F)ccc3C)cc2cn1,Ki
CHEMBL3685100,8.698970004336019,2.0,1,Cc1ccc(F)cc1-c1ccc2c(Cl)c(NC(=O)C3CC3)ncc2c1,Ki
CHEMBL3685101,10.698970004336019,0.02,1,Cc1ccncc1-c1ccc2cc(NC(=O)C3CC3F)ncc2c1,Ki
CHEMBL3685102,10.0,0.1,1,Cc1c[nH]nc1-c1ccc2cc(NC(=O)C3CC3)ncc2c1,Ki
CHEMBL3685103,9.045757490560675,0.9,1,Cc1ccc(F)cc1-c1ccc2c(Br)c(NC(=O)C3CC3)ncc2c1,Ki
CHEMBL3685104,8.522878745280337,3.0,1,O=C(Nc1cc2ccc(Oc3ccccc3)cc2cn1)C1CC1,Ki
CHEMBL3685105,8.301029995663981,5.0,1,O=C(Nc1cc2ccc(Oc3ccccc3Cl)cc2cn1)C1CC1,Ki
CHEMBL3685106,8.301029995663981,5.0,1,O=C(Nc1cc2ccc(Oc3cccc(F)c3)cc2cn1)C1CC1,Ki
CHEMBL3685107,8.096910013008056,8.0,1,O=C(Nc1cc2ccc(Oc3cccc(Cl)c3)cc2cn1)C1CC1,Ki
CHEMBL3685108,7.698970004336019,20.0,1,O=C(Nc1cc2ccc(Oc3ccc(F)cc3)cc2cn1)C1CC1,Ki
CHEMBL3685109,8.221848749616356,6.0,1,O=C(Nc1cc2ccc(Oc3cccnc3)cc2cn1)C1CC1,Ki
CHEMBL3685110,9.698970004336019,0.2,1,COCCNC(=O)Nc1cc2ccc(-c3cc(F)ccc3C)cc2cn1,Ki
CHEMBL3685111,8.698970004336019,2.0,1,Cc1ccc(F)cc1-c1ccc2cc(NC(=O)C3CCNCC3)ncc2c1,Ki
CHEMBL3685112,8.522878745280337,3.0,1,Cc1ccc(F)cc1-c1ccc2cc(NC(=O)C3CCN(C)C3)ncc2c1,Ki
CHEMBL3685113,8.698970004336019,2.0,1,CCN1CCC(C(=O)Nc2cc3ccc(-c4cc(F)ccc4C)cc3cn2)CC1,Ki
CHEMBL3685114,8.698970004336019,2.0,1,Cc1ccncc1-c1ccc2cc(NC(=O)C3CCN(C)CC3)ncc2c1,Ki
CHEMBL3685115,9.154901959985743,0.7,1,Cc1ccc(F)cc1-c1ccc2c(F)c(NC(=O)C3CC3)ncc2c1,Ki
CHEMBL3685116,7.431798275933005,37.0,1,CCNC(=O)Nc1ncc2cc(-c3cc(F)ccc3C)ccc2c1Cl,Ki
CHEMBL3685117,8.397940008672037,4.0,1,CCNC(=O)Nc1ncc2cc(-c3cc(F)ccc3C)ccc2c1F,Ki
CHEMBL3685118,9.045757490560675,0.9,1,Cc1ccc(F)cc1-c1ccc2cc(NC(=O)CC3CC3)ncc2c1,Ki
CHEMBL3685119,9.221848749616356,0.6,1,Cc1ccc(F)cc1-c1ccc2cc(Nc3cc(CO)ccn3)ncc2c1,Ki
CHEMBL3685120,7.7447274948966935,18.0,1,O=C(Nc1cc2ccc(-c3cnccn3)cc2cn1)C1CC1,Ki
CHEMBL3685121,7.376750709602099,42.0,1,Cc1cnc(-c2ccc3cc(NC(=O)C4CC4)ncc3c2)cn1,Ki
CHEMBL3685122,7.376750709602099,42.0,1,O=C(Nc1cc2ccc(Oc3cncnc3)cc2cn1)C1CC1,Ki
CHEMBL3685123,9.0,1.0,1,Cc1ccc(F)cc1-c1ccc2cc(NC(=O)NC(C)C)ncc2c1,Ki
CHEMBL3685124,9.698970004336019,0.2,1,Cc1ccc(F)cc1-c1ccc2cc(NC(=O)NC3COC3)ncc2c1,Ki
CHEMBL3685125,7.6777807052660805,21.0,1,Cc1ccc(F)cc1-c1ccc2cc(Nc3cccc(=O)[nH]3)ncc2c1,Ki
CHEMBL3685126,8.397940008672037,4.0,1,Cc1ncc(-c2ccc3cc(NC(=O)C4CC4)ncc3c2)cc1F,Ki
CHEMBL3685127,7.657577319177793,22.0,1,Cc1ccc(C(C)(C)O)cc1-c1ccc2cc(NC(=O)C3CC3)ncc2c1,Ki
CHEMBL3685128,8.397940008672037,4.0,1,COc1cccc(Nc2cc3ccc(-c4cc(F)ccc4C)cc3cn2)n1,Ki
CHEMBL3685129,8.397940008672037,4.0,1,Cc1ccc(F)cc1-c1ccc2cc(NC(=O)N3CCN(C)CC3)ncc2c1,Ki
CHEMBL3685130,8.698970004336019,2.0,1,Cc1ccc(C)c(-c2ccc3cc(NC(=O)C4CC4)ncc3c2)c1,Ki
CHEMBL3685131,7.376750709602099,42.0,1,Cc1cc(-c2ccc3cc(NC(=O)C4CC4)ncc3c2)ccn1,Ki
CHEMBL3685132,8.154901959985743,7.0,1,Cn1ccc(Oc2ccc3cc(NC(=O)C4CC4)ncc3c2)n1,Ki
CHEMBL3685133,9.221848749616356,0.6,1,Cc1ccc(F)cc1-c1ccc2cc(NC(=O)NC3CCOCC3)ncc2c1,Ki
CHEMBL3685134,10.397940008672037,0.04,1,O=C(Nc1cc2ccc(-c3cccc4[nH]ncc34)cc2cn1)C1CC1,Ki
CHEMBL3685135,7.958607314841775,11.0,1,O=C(Nc1cc2ccc(-c3ccc4cn[nH]c4c3)cc2cn1)C1CC1,Ki
CHEMBL3685136,7.468521082957745,34.0,1,O=C(Nc1cc2ccc(-c3ccnnc3)cc2cn1)C1CC1,Ki
CHEMBL3685137,9.0,1.0,1,Cc1nccnc1-c1ccc2cc(NC(=O)C3CC3)ncc2c1,Ki
CHEMBL3685138,9.154901959985743,0.7,1,CC(C)Nc1ccc2cc(NC(=O)C3CC3)ncc2c1,Ki
CHEMBL3685139,9.522878745280337,0.3,1,Cc1ccc(NC(=O)c2ccc(CN3CCN(C)CC3)cc2)cc1-c1ccc2cc(NC(=O)C3CC3)ncc2c1,Ki
CHEMBL3685140,9.154901959985743,0.7,1,Cc1ccc(NC(=O)c2ccc(CN3CCN(C)CC3)c(Cl)c2)cc1-c1ccc2cc(NC(=O)C3CC3)ncc2c1,Ki
CHEMBL3685141,7.920818753952375,12.0,1,CC(C)COc1ccc2cc(NC(=O)C3CC3)ncc2c1,Ki
CHEMBL3685142,8.301029995663981,5.0,1,Cc1ccc(F)cc1-c1ccc2cc(NC(=O)OC(C)C)ncc2c1,Ki
CHEMBL3685143,8.397940008672037,4.0,1,Nc1cncc(-c2ccc3cc(NC(=O)C4CC4)ncc3c2)c1,Ki
CHEMBL3685144,8.154901959985743,7.0,1,Nc1cc(-c2ccc3cc(NC(=O)C4CC4)ncc3c2)ccn1,Ki
CHEMBL3685145,8.522878745280337,3.0,1,CC(C)=Cc1ccc2cc(NC(=O)C3CC3)ncc2c1,Ki
CHEMBL3685146,10.0,0.1,1,Cc1cc(Cl)ncc1-c1ccc2cc(NC(=O)C3CC3)ncc2c1,Ki
CHEMBL3685147,10.154901959985743,0.07,1,O=C(Nc1cc2ccc(-c3cnccc3Cl)cc2cn1)C1CC1,Ki
CHEMBL3685148,9.0,1.0,1,CC(C)Cc1ccc2cc(NC(=O)C3CC3)ncc2c1,Ki
CHEMBL3685149,8.045757490560675,9.0,1,Cn1ncc2c(-c3ccc4cc(NC(=O)C5CC5)ncc4c3)cccc21,Ki
CHEMBL3685150,9.221848749616356,0.6,1,O=C1Cc2c(cccc2-c2ccc3cc(NC(=O)C4CC4)ncc3c2)N1,Ki
CHEMBL3685151,8.154901959985743,7.0,1,Cc1ccc(F)cc1-c1ccc2cc(NC(=O)C3CC3c3ccccc3)ncc2c1,Ki
CHEMBL3685152,8.301029995663981,5.0,1,Cc1cc(CO)cc(Nc2cc3ccc(-c4cc(F)ccc4C)cc3cn2)n1,Ki
CHEMBL3685153,8.301029995663981,5.0,1,Cc1cc(C(C)(C)O)cc(Nc2cc3ccc(-c4cc(F)ccc4C)cc3cn2)n1,Ki
CHEMBL3685154,9.045757490560675,0.9,1,Cc1cc(N)ncc1-c1ccc2cc(NC(=O)C3CC3)ncc2c1,Ki
CHEMBL3685155,10.0,0.1,1,Cc1ccncc1-c1ccc2cc(Nc3cc(CO)ccn3)ncc2c1,Ki
CHEMBL3685156,8.522878745280337,3.0,1,Cc1ncc(CO)cc1-c1ccc2cc(NC(=O)C3CC3)ncc2c1,Ki
CHEMBL3685157,7.522878745280337,30.0,1,COc1ccc2cc(NC(=O)C3CC3)ncc2c1,Ki
CHEMBL3685158,8.698970004336019,2.0,1,C[C@@H](CO)Oc1ccc2cc(NC(=O)C3CC3)ncc2c1,Ki
CHEMBL3685159,7.958607314841775,11.0,1,CC(C)(CO)Oc1ccc2cc(NC(=O)C3CC3)ncc2c1,Ki
CHEMBL3685160,9.0,1.0,1,Cc1ccc(C(C)O)cc1-c1ccc2cc(NC(=O)C3CC3)ncc2c1,Ki
CHEMBL3685161,8.698970004336019,2.0,1,O=C(Nc1cc2ccc(-c3cccc(CO)c3)cc2cn1)C1CC1,Ki
CHEMBL3685162,9.698970004336019,0.2,1,O=C(Nc1cc2ccc(-c3cc(CO)ccc3Cl)cc2cn1)C1CC1,Ki
CHEMBL3685163,9.096910013008056,0.8,1,O=C(Nc1cc2ccc(-c3cc(CO)ccc3F)cc2cn1)C1CC1,Ki
CHEMBL3685164,8.154901959985743,7.0,1,CCOc1ccc2cc(NC(=O)C3CC3)ncc2c1,Ki
CHEMBL3685165,8.221848749616356,6.0,1,O=C(Nc1cc2ccc(OCCO)cc2cn1)C1CC1,Ki
CHEMBL3685166,9.096910013008056,0.8,1,CC(CO)Cc1ccc2cc(NC(=O)C3CC3)ncc2c1,Ki
CHEMBL3685167,7.958607314841775,11.0,1,C[C@H](CO)Oc1ccc2cc(NC(=O)C3CC3)ncc2c1,Ki
CHEMBL3685168,8.096910013008056,8.0,1,COC[C@H](C)Oc1ccc2cc(NC(=O)C3CC3)ncc2c1,Ki
CHEMBL3685169,9.198970004336019,0.65,4,Cc1ccc(F)cc1-c1ccc2cc(NC(=O)C3C[C@@H]3C)ncc2c1,Ki
CHEMBL3685170,9.198970004336019,0.65,4,Cc1ccc(F)cc1-c1ccc2cc(NC(=O)C3C[C@H]3C)ncc2c1,Ki
CHEMBL3685171,9.0,1.0,1,Cc1ccc(NC(=O)c2cnn(C)c2)cc1-c1ccc2cc(NC(=O)C3CC3)ncc2c1,Ki
CHEMBL3685172,10.0,0.1,1,O=C(Nc1cc2ccc(-c3cccnc3CO)cc2cn1)C1CC1,Ki
CHEMBL3685173,9.096910013008056,0.8,1,Cc1cc(C(=O)Nc2ccc(C)c(-c3ccc4cc(NC(=O)C5CC5)ncc4c3)c2)ccn1,Ki
CHEMBL3685174,9.698970004336019,0.2,1,Cc1ccc(NC(=O)C2CCOCC2)cc1-c1ccc2cc(NC(=O)C3CC3)ncc2c1,Ki
CHEMBL3685175,8.698970004336019,2.0,1,Cc1ccc(NC(=O)c2cccc(C(F)(F)F)c2)cc1-c1ccc2cc(NC(=O)C3CC3)ncc2c1,Ki
CHEMBL3685176,8.154901959985743,7.0,1,Cc1ccc(NC(=O)C2CCN(C)CC2)cc1-c1ccc2cc(NC(=O)C3CC3)ncc2c1,Ki
CHEMBL3685177,10.0,0.1,1,Cc1ccc(NC(=O)c2ccc(CN(C)C)cc2)cc1-c1ccc2cc(NC(=O)C3CC3)ncc2c1,Ki
CHEMBL3685178,10.045757490560675,0.09,1,Cc1c(N)cncc1-c1ccc2cc(NC(=O)C3CC3)ncc2c1,Ki
CHEMBL3685179,10.397940008672037,0.04,1,Cc1c(O)cncc1-c1ccc2cc(NC(=O)C3CC3)ncc2c1,Ki
CHEMBL3685180,10.698970004336019,0.02,1,Cc1cc(CO)ncc1-c1ccc2cc(NC(=O)C3CC3)ncc2c1,Ki
CHEMBL3685181,10.154901959985743,0.07,1,Cc1ccnc(CO)c1-c1ccc2cc(NC(=O)C3CC3)ncc2c1,Ki
CHEMBL3685182,9.0,1.0,1,O=C(Nc1cc2ccc(N3CCC(O)C3)cc2cn1)C1CC1,Ki
CHEMBL3685183,7.3872161432802645,41.0,1,NCc1cccc(-c2ccc3cc(NC(=O)C4CC4)ncc3c2)c1,Ki
CHEMBL3685184,9.698970004336019,0.2,1,Cc1c(CO)cncc1-c1ccc2cc(NC(=O)C3CC3)ncc2c1,Ki
CHEMBL3685185,7.886056647693163,13.0,1,CC(C)(C)Oc1ccc2cc(NC(=O)C3CC3)ncc2c1,Ki
CHEMBL3685186,9.522878745280337,0.3,1,Cc1ccc(NC(=O)c2ccc(C(C)N(C)C)cc2)cc1-c1ccc2cc(NC(=O)C3CC3)ncc2c1,Ki
CHEMBL3685187,9.698970004336019,0.2,1,Cc1ccncc1-c1ccc2cc(Nc3cccc(CO)n3)ncc2c1,Ki
CHEMBL3685188,7.568636235841013,27.0,1,COC[C@@H](C)Oc1ccc2cc(NC(=O)C3CC3)ncc2c1,Ki
CHEMBL3685189,7.638272163982407,23.0,1,C[C@H](CCO)Oc1ccc2cc(NC(=O)C3CC3)ncc2c1,Ki
CHEMBL3685190,8.154901959985743,7.0,1,O=C(Nc1cc2ccc(OC3CCC3)cc2cn1)C1CC1,Ki
CHEMBL3685191,9.397940008672037,0.4,1,O=C(Nc1cc2ccc(-c3cnccc3CO)cc2cn1)C1CC1,Ki
CHEMBL3685192,7.83889035263304,23.5,2,C[C@H](CNC(=O)c1ccc(CN2CCN(C)CC2)cc1)Cc1ccc2cc(NC(=O)C3CC3)ncc2c1,Ki
CHEMBL3685193,7.83889035263304,23.5,2,C[C@@H](CNC(=O)c1ccc(CN2CCN(C)CC2)cc1)Cc1ccc2cc(NC(=O)C3CC3)ncc2c1,Ki
CHEMBL3685194,8.698970004336019,2.0,1,C[C@@H](CCO)Oc1ccc2cc(NC(=O)C3CC3)ncc2c1,Ki
CHEMBL3685195,8.698970004336019,2.0,1,O=C(Nc1ccc(Cl)c(-c2ccc3cc(NC(=O)C4CC4)ncc3c2)c1)C1CCOCC1,Ki
CHEMBL3685196,7.568636235841013,27.0,1,O=C(Nc1ccc(F)c(-c2ccc3cc(NC(=O)C4CC4)ncc3c2)c1)C1CCOCC1,Ki
CHEMBL3685197,8.397940008672037,4.0,1,Cc1ccccc1-c1ccc2cnc(NC(=O)C3CC3)cc2c1,Ki
CHEMBL3685198,9.221848749616356,0.6,1,Cc1ccc(NC(=O)[C@H]2CCCO2)cc1-c1ccc2cc(NC(=O)C3CC3)ncc2c1,Ki
CHEMBL3685199,9.397940008672037,0.4,1,Cc1ccc(NC(=O)[C@@H]2CCCO2)cc1-c1ccc2cc(NC(=O)C3CC3)ncc2c1,Ki
CHEMBL3689538,9.301029995663981,0.5,1,CN1CCN(Cc2ccc(C(=O)Nc3ccc(F)c(-c4ccc5cc(NC(=O)C6CC6)ncc5c4)c3)cc2)CC1,Ki
CHEMBL3689539,9.397940008672037,0.4,1,CN1CCN(Cc2ccc(C(=O)Nc3ccc(Cl)c(-c4ccc5cc(NC(=O)C6CC6)ncc5c4)c3)cc2)CC1,Ki
CHEMBL3689540,9.522878745280337,0.3,1,Cc1ccc(NC(=O)C2CCC2)cc1-c1ccc2cc(NC(=O)C3CC3)ncc2c1,Ki
CHEMBL3689541,9.15051499783199,0.75,2,C[C@H](CO)Cc1ccc2cc(NC(=O)C3CC3)ncc2c1,Ki
CHEMBL3689542,9.15051499783199,0.75,2,C[C@@H](CO)Cc1ccc2cc(NC(=O)C3CC3)ncc2c1,Ki
CHEMBL3689543,9.159379381312206,0.7,4,Cc1ccc(NC(=O)C2CCOC2)cc1-c1ccc2cc(NC(=O)C3CC3)ncc2c1,Ki
CHEMBL3689544,10.0,0.1,1,Cc1cc(C(C)(C)O)ncc1-c1ccc2cc(NC(=O)C3CC3)ncc2c1,Ki
CHEMBL3689545,8.0,10.0,1,CNC(=O)c1cc(C)c(-c2ccc3cc(NC(=O)C4CC4)ncc3c2)cn1,Ki
CHEMBL3689546,9.397940008672037,0.4,1,Cc1ccc(NC(=O)N2CCOCC2)cc1-c1ccc2cc(NC(=O)C3CC3)ncc2c1,Ki
CHEMBL3689547,9.698970004336019,0.2,1,Cc1ccc(NC(=O)C2CN(C)CCO2)cc1-c1ccc2cc(NC(=O)C3CC3)ncc2c1,Ki
CHEMBL3689548,10.045757490560675,0.09,1,Cc1ccc(NC(=O)N2CCCC2)cc1-c1ccc2cc(NC(=O)C3CC3)ncc2c1,Ki
CHEMBL3689549,9.301029995663981,0.5,1,Cc1ccc(NC(=O)N2CCOC(CO)C2)cc1-c1ccc2cc(NC(=O)C3CC3)ncc2c1,Ki
CHEMBL3689550,9.0,1.0,1,CC(C)Sc1ccc2cc(NC(=O)C3CC3)ncc2c1,Ki
CHEMBL3689551,9.0,1.0,1,CC(C)[S+]([O-])c1ccc2cc(NC(=O)C3CC3)ncc2c1,Ki
CHEMBL3689552,9.0,1.0,1,CC(C)S(=O)(=O)c1ccc2cc(NC(=O)C3CC3)ncc2c1,Ki
CHEMBL3689553,9.522878745280337,0.3,1,O=C(Nc1cc2ccc(-c3cnccc3C(F)(F)F)cc2cn1)C1CC1,Ki
CHEMBL3689554,10.698970004336019,0.02,1,Cc1c(-c2ccc3cc(NC(=O)C4CC4)ncc3c2)cnc(CO)c1F,Ki
CHEMBL3689555,8.698970004336019,2.0,1,COc1cc(C)c(-c2ccc3cc(NC(=O)C4CC4)ncc3c2)cn1,Ki
CHEMBL3689556,7.979303657420887,13.5,2,O=C(Nc1cc2ccc(OC3COC[C@@H]3O)cc2cn1)C1CC1,Ki
CHEMBL3689557,7.979303657420887,13.5,2,O=C(Nc1cc2ccc(OC3COC[C@H]3O)cc2cn1)C1CC1,Ki
CHEMBL3689558,9.522878745280337,0.3,1,Cc1ccc(NC(=O)c2ccc(C3CCCN3C)cc2)cc1-c1ccc2cc(NC(=O)C3CC3)ncc2c1,Ki
CHEMBL3689559,9.154901959985743,0.7,1,Cc1ccc(NC(=O)c2ccc(C3CCN(C)C3)cc2)cc1-c1ccc2cc(NC(=O)C3CC3)ncc2c1,Ki
CHEMBL3689560,8.698970004336019,2.0,1,Cc1nc(N)ncc1-c1ccc2cc(NC(=O)C3CC3)ncc2c1,Ki
CHEMBL3689561,7.376750709602099,42.0,1,Cc1c(NC(=O)C2CCOCC2)cncc1-c1ccc2cc(NC(=O)C3CC3)ncc2c1,Ki
CHEMBL3689562,7.443697499232712,36.0,1,Cc1ccncc1-c1ccc2cc(N)ncc2c1,Ki
CHEMBL3689563,9.5,0.55,2,CC[C@@H](O)c1cc(C)c(-c2ccc3cc(NC(=O)C4CC4)ncc3c2)cn1,Ki
CHEMBL3689564,9.5,0.55,2,CC[C@H](O)c1cc(C)c(-c2ccc3cc(NC(=O)C4CC4)ncc3c2)cn1,Ki
CHEMBL3689565,9.372363747448347,0.55,4,Cc1ccc(NC(=O)C2COCCO2)cc1-c1ccc2cc(NC(=O)C3CC3)ncc2c1,Ki
CHEMBL3689566,8.397940008672037,4.0,1,Cc1ncc(N)cc1-c1ccc2cc(NC(=O)C3CC3)ncc2c1,Ki
CHEMBL3689567,10.173393743112328,0.07,2,Cc1cc([C@@H](C)O)ncc1-c1ccc2cc(NC(=O)C3CC3)ncc2c1,Ki
CHEMBL3689568,10.173393743112328,0.07,2,Cc1cc([C@H](C)O)ncc1-c1ccc2cc(NC(=O)C3CC3)ncc2c1,Ki
CHEMBL3689569,8.397940008672037,4.0,3,O=C(Nc1cc2ccc(OC3CCC[C@@H]3O)cc2cn1)C1CC1,Ki
CHEMBL3689570,7.711254100081387,25.5,2,O=C(Nc1cc2ccc(OC3CCCC[C@H]3O)cc2cn1)C1CC1,Ki
CHEMBL3689571,7.711254100081387,25.5,2,O=C(Nc1cc2ccc(OC3CCCC[C@@H]3O)cc2cn1)C1CC1,Ki
CHEMBL3689572,8.045757490560675,9.0,1,Cc1ncc(NC(=O)C2CCOCC2)cc1-c1ccc2cc(NC(=O)C3CC3)ncc2c1,Ki
CHEMBL3689573,7.769551078621726,17.0,1,O=C(Nc1cc2ccc(NCCO)cc2cn1)C1CC1,Ki
CHEMBL3689574,10.522878745280337,0.03,1,Cc1ccc2[nH]ncc2c1-c1ccc2cc(NC(=O)C3CC3)ncc2c1,Ki
CHEMBL3689575,10.397940008672037,0.04,1,Cc1ncc2[nH]ncc2c1-c1ccc2cc(NC(=O)C3CC3)ncc2c1,Ki
CHEMBL3689576,9.397940008672037,0.4,1,Cc1ccc(NC(=O)c2ccc(CN3CCN(C)CC3)cc2)cc1-c1ccc2cc(N)ncc2c1,Ki
CHEMBL3689577,10.221848749616356,0.06,1,Cc1ccncc1-c1ccc2cc(NC(=O)[C@H]3C[C@H]3F)ncc2c1,Ki
CHEMBL3689578,10.301029995663981,0.05,1,Cc1ccncc1-c1ccc2cc(NC(=O)[C@@H]3C[C@@H]3F)ncc2c1,Ki
CHEMBL3689579,9.397940008672037,0.4,1,Cc1ccncc1-c1ccc2cc(NC(=O)C3C4COCC43)ncc2c1,Ki
CHEMBL3689580,8.698970004336019,2.0,1,Cc1cnc(F)cc1-c1ccc2cc(NC(=O)C3CC3)ncc2c1,Ki
CHEMBL3689581,7.698970004336019,20.0,1,Cc1cc(-c2ccc3cc(NC(=O)C4CC4)ncc3c2)c(C)cn1,Ki
CHEMBL3689582,9.096910013008056,0.8,1,Cc1ccc(C(=O)NC2CCOCC2)cc1-c1ccc2cc(NC(=O)C3CC3)ncc2c1,Ki
CHEMBL3689583,9.0,1.0,1,O=C(Nc1cc2ccc(-c3cncc4[nH]ncc34)cc2cn1)C1CC1,Ki
CHEMBL3689584,9.698970004336019,0.2,1,Cc1ccc(F)cc1-c1ccc2cc(NC(=O)C3CC3c3ccc(CN(C)C)cc3)ncc2c1,Ki
CHEMBL3689585,8.698970004336019,2.0,1,COCC(=O)Nc1ccc(C)c(-c2ccc3cc(NC(=O)C4CC4)ncc3c2)c1,Ki
CHEMBL3689586,8.397940008672037,4.0,1,CO[C@H](C)C(=O)Nc1ccc(C)c(-c2ccc3cc(NC(=O)C4CC4)ncc3c2)c1,Ki
CHEMBL3689587,8.698970004336019,2.0,1,CO[C@@H](C)C(=O)Nc1ccc(C)c(-c2ccc3cc(NC(=O)C4CC4)ncc3c2)c1,Ki
CHEMBL3689588,8.1419983281826,8.5,4,O=C(Nc1cc2ccc(OC3CCC[C@H]3O)cc2cn1)C1CC1,Ki
CHEMBL3689589,9.0,1.0,1,O=C(Nc1cc2ccc(-c3cccc4[nH]cnc34)cc2cn1)C1CC1,Ki
CHEMBL3689590,8.522878745280337,3.0,1,COC(C)(C)C(=O)Nc1ccc(C)c(-c2ccc3cc(NC(=O)C4CC4)ncc3c2)c1,Ki
CHEMBL3689591,9.0,1.0,1,Cc1ccc(C(=O)NC2COC2)cc1-c1ccc2cc(NC(=O)C3CC3)ncc2c1,Ki
CHEMBL3689592,9.698970004336019,0.2,1,Cc1ncc(NC(=O)c2ccc(CN3CCN(C)CC3)c(C(F)(F)F)c2)cc1-c1ccc2cc(NC(=O)C3CC3)ncc2c1,Ki
CHEMBL3689593,8.522878745280337,3.0,1,CCS(=O)(=O)Nc1ccc(C)c(-c2ccc3cc(NC(=O)C4CC4)ncc3c2)c1,Ki
CHEMBL3689594,9.522878745280337,0.3,1,Cc1ccc(NC(=O)C2(O)CCC2)cc1-c1ccc2cc(NC(=O)C3CC3)ncc2c1,Ki
CHEMBL3689595,7.376750709602099,42.0,1,Cc1ccc(F)cc1-c1ccc2cc(C(=O)NC3CC3)ncc2c1,Ki
CHEMBL3689596,10.110924374808178,0.115,2,Cc1cc([C@H](O)C(F)(F)F)ncc1-c1ccc2cc(NC(=O)C3CC3)ncc2c1,Ki
CHEMBL3689597,10.110924374808178,0.115,2,Cc1cc([C@@H](O)C(F)(F)F)ncc1-c1ccc2cc(NC(=O)C3CC3)ncc2c1,Ki
CHEMBL3689598,8.698970004336019,2.0,1,COc1ccncc1-c1ccc2cc(NC(=O)C3CC3)ncc2c1,Ki
CHEMBL3689599,8.0,10.0,1,Cc1ccc(NS(=O)(=O)C2CCCC2)cc1-c1ccc2cc(NC(=O)C3CC3)ncc2c1,Ki
CHEMBL3689600,9.522878745280337,0.3,1,Cc1ccc(NC(=O)N2CCC2)cc1-c1ccc2cc(NC(=O)C3CC3)ncc2c1,Ki
CHEMBL3689601,8.698970004336019,2.0,1,Cc1ccc(NC(=O)N2CCS(=O)(=O)CC2)cc1-c1ccc2cc(NC(=O)C3CC3)ncc2c1,Ki
CHEMBL3689602,9.698970004336019,0.2,1,Cc1ccc(NC(=O)N2CCC[C@@H]2CO)cc1-c1ccc2cc(NC(=O)C3CC3)ncc2c1,Ki
CHEMBL3689603,9.698970004336019,0.2,1,Cc1ccc(NC(=O)N2CCC[C@H]2CO)cc1-c1ccc2cc(NC(=O)C3CC3)ncc2c1,Ki
CHEMBL3689604,9.397940008672037,0.4,1,Cc1ccc(NC(=O)N2CC[C@@H](O)C2)cc1-c1ccc2cc(NC(=O)C3CC3)ncc2c1,Ki
CHEMBL3689605,9.221848749616356,0.6,1,Cc1ccc(NC(=O)N2CC[C@H](O)C2)cc1-c1ccc2cc(NC(=O)C3CC3)ncc2c1,Ki
CHEMBL3689606,10.0,0.1,1,Cc1ncc(O)cc1-c1ccc2cc(NC(=O)C3CC3)ncc2c1,Ki
CHEMBL3689607,9.698970004336019,0.25,4,Cc1ccncc1-c1ccc2cc(NC(=O)C3CC3(F)F)ncc2c1,Ki
CHEMBL3689608,10.33889035263304,0.05,2,Cc1ccncc1-c1ccc2cc(NC(=O)C3C[C@H]3F)ncc2c1,Ki
CHEMBL3689609,10.33889035263304,0.05,2,Cc1ccncc1-c1ccc2cc(NC(=O)C3C[C@@H]3F)ncc2c1,Ki
CHEMBL3689610,9.522878745280337,0.3,1,Cc1ccc(C(=O)NC2(C)CCC2)cc1-c1ccc2cc(NC(=O)C3CC3)ncc2c1,Ki
CHEMBL3689611,9.0,1.0,1,Cc1ccc(C(=O)NC2(C)CCS(=O)(=O)C2)cc1-c1ccc2cc(NC(=O)C3CC3)ncc2c1,Ki
CHEMBL3689612,9.301029995663981,0.5,1,Cc1ccc(C(=O)NC2CCCC2)cc1-c1ccc2cc(NC(=O)C3CC3)ncc2c1,Ki
CHEMBL3689613,8.784318117920506,1.95,4,Cc1ccc(C(=O)NC2CCOC2)cc1-c1ccc2cc(NC(=O)C3CC3)ncc2c1,Ki
CHEMBL3689614,9.0,1.0,1,COCCNC(=O)c1ccc(C)c(-c2ccc3cc(NC(=O)C4CC4)ncc3c2)c1,Ki
CHEMBL3689615,7.958607314841775,11.0,1,Cc1ccc(C(=O)NC(C)(C)CO)cc1-c1ccc2cc(NC(=O)C3CC3)ncc2c1,Ki
CHEMBL3689616,9.221848749616356,0.6,1,Cc1ccc(C(=O)Nc2cnn(C)c2)cc1-c1ccc2cc(NC(=O)C3CC3)ncc2c1,Ki
CHEMBL3689617,7.3979400086720375,40.0,1,Cc1ccc(C(=O)N2CCOCC2)cc1-c1ccc2cc(NC(=O)C3CC3)ncc2c1,Ki
CHEMBL3689618,9.0,1.0,1,Cc1cncc(C)c1-c1ccc2cc(NC(=O)C3CC3)ncc2c1,Ki
CHEMBL3689619,8.301029995663981,5.0,1,Cc1ccncc1-c1ccc2c(C#N)c(N)ncc2c1,Ki
CHEMBL3689620,9.154901959985743,0.7,1,Cc1ccncc1-c1ccc2c(C#N)c(NC(=O)C3CC3)ncc2c1,Ki
CHEMBL3689621,8.522878745280337,3.0,1,Cc1cc(C(=O)O)ncc1-c1ccc2cc(NC(=O)C3CC3)ncc2c1,Ki
CHEMBL3689622,7.376750709602099,42.0,1,Cc1ccc(F)cc1-c1ccc2cc(C(=O)NC3CCC3)ncc2c1,Ki
CHEMBL3689623,9.0,1.0,1,Cc1c(F)cc(C(=O)NC2COC2)cc1-c1ccc2cc(NC(=O)C3CC3)ncc2c1,Ki
CHEMBL3689624,9.0,1.0,1,Cc1ccc(C(=O)NC2COC2)c(F)c1-c1ccc2cc(NC(=O)C3CC3)ncc2c1,Ki
CHEMBL3689625,9.0,1.0,1,Cc1ccc(C(=O)NC2CCOCC2)c(F)c1-c1ccc2cc(NC(=O)C3CC3)ncc2c1,Ki
CHEMBL3689626,8.698970004336019,2.0,1,Cc1c(F)cc(NC(=O)C2CCC2)cc1-c1ccc2cc(NC(=O)C3CC3)ncc2c1,Ki
CHEMBL3689627,8.154901959985743,7.0,1,Cc1cc(C(C)(C)O)ccc1-c1ccc2cc(NC(=O)C3CC3)ncc2c1,Ki
CHEMBL3689628,9.698970004336019,0.2,1,Cc1ccc(NC(=O)C2CCC2)c(F)c1-c1ccc2cc(NC(=O)C3CC3)ncc2c1,Ki
CHEMBL3689629,8.698970004336019,2.0,1,Cc1ccc(C(=O)NC2(C)COC2)cc1-c1ccc2cc(NC(=O)C3CC3)ncc2c1,Ki
CHEMBL3689630,8.0,10.0,1,Cc1ccc(C(=O)NC2(C)COC2)cc1-c1ccc2cc(NC(=O)[C@@H]3C[C@@H]3F)ncc2c1,Ki
CHEMBL3689631,10.698970004336019,0.02,1,Cc1cc([C@H](O)C(F)(F)F)ncc1-c1ccc2cc(NC(=O)C3C[C@@H]3F)ncc2c1,Ki
CHEMBL3689632,10.0,0.1,1,Cc1cc([C@@H](O)C(F)(F)F)ncc1-c1ccc2cc(NC(=O)C3C[C@@H]3F)ncc2c1,Ki
CHEMBL3689633,10.0,0.1,1,CNC(=O)Nc1cc2ccc(-c3cnccc3C)cc2cn1,Ki
CHEMBL3689634,9.397940008672037,0.4,1,O=C(Nc1cc2cnc(-c3cc(F)ccc3Cl)cc2cn1)C1CC1,Ki
CHEMBL3689635,9.096910013008056,0.8,1,O=C(Nc1cc2c(Cl)nc(-c3ccccc3Cl)cc2cn1)C1CC1,Ki
CHEMBL3689636,10.0,0.1,1,Cc1nc(-c2ccccc2Cl)cc2cnc(NC(=O)C3CC3)cc12,Ki
CHEMBL3689637,9.522878745280337,0.3,1,O=C(Nc1cc2cnc(-c3ccccc3Cl)cc2cn1)C1CC1,Ki
CHEMBL3689638,7.698970004336019,20.0,1,O=C(Nc1cc2cnc(-c3ccccc3Cl)c(O)c2cn1)C1CC1,Ki
CHEMBL3689639,8.301029995663981,5.0,1,O=C(Nc1cc2c(=O)[nH]c(-c3ccccc3Cl)cc2cn1)C1CC1,Ki
CHEMBL3689640,9.096910013008056,0.8,1,O=C(Nc1cc2c[n+]([O-])c(-c3ccccc3Cl)cc2cn1)C1CC1,Ki
CHEMBL3689641,8.698970004336019,2.0,1,COc1nc(-c2ccccc2Cl)cc2cnc(NC(=O)C3CC3)cc12,Ki
CHEMBL3689642,9.522878745280337,0.3,1,CCc1nc(-c2ccccc2Cl)cc2cnc(NC(=O)C3CC3)cc12,Ki
CHEMBL3689643,8.698970004336019,2.0,1,O=C(Nc1cc2c(C3CC3)nc(-c3ccccc3Cl)cc2cn1)C1CC1,Ki
CHEMBL3689644,8.698970004336019,2.0,1,O=C(Nc1cc2cnc(C3CCCCC3)cc2cn1)C1CC1,Ki
CHEMBL3689645,9.522878745280337,0.3,1,Cc1ccncc1-c1cc2cnc(NC(=O)C3CC3)cc2cn1,Ki
CHEMBL3689646,10.0,0.1,1,Cc1ccc(F)cc1-c1cc2cnc(NC(=O)C3CC3)cc2cn1,Ki
CHEMBL3689647,9.522878745280337,0.3,1,Cc1ccc(F)cc1-c1cc2cnc(NC(=O)C3CC3)cc2c(C)[n+]1[O-],Ki
CHEMBL3689648,9.397940008672037,0.4,1,Cc1ccc(F)cc1-c1cc2cnc(NC(=O)C3CC3)cc2c[n+]1[O-],Ki
CHEMBL3689649,10.096910013008056,0.08,1,Cc1ccc(F)cc1-c1cc2cnc(NC(=O)C3CC3)cc2c(C)n1,Ki
CHEMBL3689650,9.0,1.0,1,Cc1ccc(F)cc1-c1cc2cnc(NC(=O)C3CC3)cc2c(C#N)n1,Ki
CHEMBL3689651,8.522878745280337,3.0,1,Cc1ccc(F)cc1-c1cc2cnc(NC(=O)C3CC3)cc2c(N2CCCCC2)n1,Ki
CHEMBL3689652,8.397940008672037,4.0,1,Cc1ccc(F)cc1-c1cc2cnc(NC(=O)C3CC3)cc2c(OC2CCCC2)n1,Ki
CHEMBL3689653,9.698970004336019,0.2,1,Cc1ccc(F)cc1-c1cc2cnc(NC(=O)C3CC3)cc2c(CO)n1,Ki
CHEMBL3689654,7.920818753952375,12.0,1,Cc1ccc(F)cc1-c1cc2cnc(NC(=O)C3CC3)cc2c(Oc2ccccc2)n1,Ki
CHEMBL3689655,9.698970004336019,0.2,1,Cc1ccc(F)cc1-c1cc2cnc(NC(=O)C3CC3)cc2c(-c2cccnc2)n1,Ki
CHEMBL3689656,7.958607314841775,11.0,1,Cc1ccc(F)cc1-c1cc2cnc(NC(=O)C3CC3)cc2c(Nc2ccccc2)n1,Ki
CHEMBL3689657,8.301029995663981,5.0,1,Cc1ccc(F)cc1-c1cc2cnc(NC(=O)C3CC3)cc2c(NC2CCCC2)n1,Ki
CHEMBL3689658,9.698970004336019,0.2,1,Cc1ccc(F)cc1-c1cc2cnc(NC(=O)C3CC3)cc2c(CF)n1,Ki
CHEMBL3689659,9.522878745280337,0.3,1,Cc1ccc(F)cc1-c1cc2cnc(NC(=O)C3CC3)cc2c(-c2ccnn2C)n1,Ki
CHEMBL3689660,9.522878745280337,0.3,1,Cc1ccc(F)cc1-c1cc2cnc(NC(=O)C3CC3)cc2c(S(C)(=O)=O)n1,Ki
CHEMBL3689661,9.397940008672037,0.4,1,Cc1ccc(F)cc1-c1cc2cnc(NC(=O)C3CC3)cc2c(-c2ccccc2)n1,Ki
CHEMBL3689662,9.522878745280337,0.3,1,Cc1nc(C)c(-c2nc(-c3cc(F)ccc3C)cc3cnc(NC(=O)C4CC4)cc23)s1,Ki
CHEMBL3689663,9.0,1.0,1,Cc1ccc(F)cc1-c1cc2cnc(NC(=O)C3CC3)cc2c(-c2cnccc2C)n1,Ki
CHEMBL3689664,8.792513326014591,6.6,2,Cc1ccc(F)cc1-c1cc2cnc(NC(=O)C3CC3)cc2c(-c2ccncc2)n1,Ki
CHEMBL3689665,9.698970004336019,0.2,1,Cc1ccc(F)cc1-c1cc2cnc(NC(=O)C3CC3)cc2c(-c2cc[nH]n2)n1,Ki
CHEMBL3689666,10.0,0.1,1,Cc1ccc(F)cc1-c1cc2cnc(NC(=O)C3CC3)cc2c(-c2cnn(C)c2)n1,Ki
CHEMBL3689667,10.0,0.1,1,Cc1ccc(F)cc1-c1cc2cnc(NC(=O)C3CC3)cc2c(-c2cn[nH]c2)n1,Ki
CHEMBL3689668,9.698970004336019,0.2,1,Cc1ccc(F)cc1-c1cc2cnc(NC(=O)C3CC3)cc2c(C(C)(C)O)n1,Ki
CHEMBL3689669,9.0,1.0,1,Cc1c2cc(NC(=O)C3CC3)ncc2cc(-c2ccccc2Cl)[n+]1[O-],Ki
CHEMBL3689670,10.0,0.1,1,Cc1ccc(CO)cc1-c1cc2cnc(NC(=O)C3CC3)cc2cn1,Ki
CHEMBL3689671,9.154901959985743,0.7,1,Cc1ccc(F)cc1-c1cc2cnc(NC(=O)C3CC3)cc2c(OC2CCNCC2)n1,Ki
CHEMBL3689672,8.0,10.0,1,Cc1ccc(F)cc1-c1cc2cnc(NC(=O)C3CC3)cc2c(CN(C)C)n1,Ki
CHEMBL3689673,9.0,1.0,1,Cc1ccc(F)cc1-c1cc2cnc(NC(=O)C3CC3)cc2c(N2CCNCC2)n1,Ki
CHEMBL3689674,8.301029995663981,5.0,1,CNCc1nc(-c2cc(F)ccc2C)cc2cnc(NC(=O)C3CC3)cc12,Ki
CHEMBL3689675,8.698970004336019,2.0,1,Cc1ccc(F)cc1-c1cc2cnc(NC(=O)C3CC3)cc2c(OC2CCNC2)n1,Ki
CHEMBL3689676,9.397940008672037,0.4,1,Cc1ccc(F)cc1-c1cc2cnc(NC(=O)C3CC3)cc2c(C2CCOC2)n1,Ki
CHEMBL3689677,9.397940008672037,0.4,1,Cc1ccncc1-c1cc2cnc(NC(=O)[C@@H]3C[C@@H]3F)cc2cn1,Ki
CHEMBL3689678,10.698970004336019,0.02,1,Cc1ccc2[nH]ncc2c1-c1cc2cnc(NC(=O)[C@@H]3C[C@@H]3F)cc2cn1,Ki
CHEMBL3689679,7.376750709602099,42.0,1,Cc1ccc(C(=O)NC2(C)COC2)cc1-c1cc2cnc(NC(=O)[C@@H]3C[C@@H]3F)cc2cn1,Ki
CHEMBL3689680,9.522878745280337,0.3,1,O=C(Nc1cc2ncc(-c3cc(F)ccc3Cl)cc2cn1)C1CC1,Ki
CHEMBL3689681,7.958607314841775,11.0,1,CCc1nc2cc(NC(=O)C3CC3)ncc2cc1-c1ccccc1Cl,Ki
CHEMBL3689682,7.823908740944319,15.0,1,O=C(Nc1cc2ccc(-c3c(Cl)cccc3Cl)nc2cn1)C1CC1,Ki
CHEMBL3689683,6.669586226650809,214.0,1,OCc1cccc(Nc2cc3ccc(-c4ccccc4Cl)nc3cn2)c1,Ki
CHEMBL3689684,8.522878745280337,3.0,1,O=C(Nc1cc2ccc(-c3ccccc3Cl)nc2cn1)C1CC1,Ki
CHEMBL3689685,7.769551078621726,17.0,1,Cc1cc2cc(NC(=O)C3CC3)ncc2nc1-c1cc(F)ccc1Cl,Ki
CHEMBL3689686,7.721246399047171,19.0,1,Cc1ccc(F)cc1-c1cc(C)c2cc(NC(=O)C3CC3)ncc2n1,Ki
CHEMBL3689687,8.096910013008056,8.0,1,Cc1ccc(F)cc1-c1cc(O)c2cc(NC(=O)C3CC3)ncc2n1,Ki
CHEMBL3689688,7.886056647693163,13.0,1,O=C(Nc1cc2ccc(C3(O)CCCCC3)nc2cn1)C1CC1,Ki
CHEMBL3689689,8.221848749616356,6.0,1,O=C(Nc1cc2c(O)cc(-c3ccccc3Cl)nc2cn1)C1CC1,Ki
CHEMBL3689690,8.154901959985743,7.0,1,O=C(Nc1cc2ccc(C3(O)CCCC3)nc2cn1)C1CC1,Ki
CHEMBL3689691,9.10292299679058,0.789,1,Cc1nc(Cl)ncc1-c1ccc2cc(NC(=O)C3CC3)ncc2c1,Ki
CHEMBL3689692,8.71865733156514,2.13,4,Cc1ccncc1-c1ccc2cc(NC(=O)C3CCO3)ncc2c1,Ki
CHEMBL3689693,7.603800652904264,24.9,1,O=C(Nc1cc2ccc(Br)cc2cn1)C1CC1,Ki
CHEMBL3689694,9.627087997029893,0.236,1,O=C(Nc1cc2ccc(-c3c(F)cc(F)cc3Cl)cc2cn1)C1CC1,Ki
CHEMBL3689695,9.785156151952302,0.164,1,O=C(Nc1cc2ccc(-c3c(F)ccc(F)c3Cl)cc2cn1)C1CC1,Ki
CHEMBL3689696,10.149353764816933,0.0709,1,Cc1cccc(F)c1-c1ccc2cc(NC(=O)C3CC3)ncc2c1,Ki
CHEMBL3689697,9.801342913045577,0.158,1,Cc1cccc(Cl)c1-c1ccc2cc(NC(=O)C3CC3)ncc2c1,Ki
CHEMBL3689698,9.45717457304082,0.349,1,O=C(Nc1cc2ccc(-c3cc(F)ccc3F)cc2cn1)C1CC1,Ki
CHEMBL3689699,9.756961951313706,0.175,1,O=C(Nc1cc2ccc(-c3c(F)cccc3F)cc2cn1)C1CC1,Ki
CHEMBL3689700,9.935542010773082,0.116,1,Cc1ccc(F)cc1-c1ccc2cc(NC(=O)C3CC3)ncc2c1,Ki
CHEMBL3689701,9.173277479831007,0.671,1,Cc1ccc(Cl)cc1-c1ccc2cc(NC(=O)C3CC3)ncc2c1,Ki
CHEMBL3689702,8.856985199745905,1.39,1,O=C(Nc1cc2ccc(-c3ccncc3Cl)cc2cn1)C1CC1,Ki
CHEMBL3689703,8.247951552180561,5.65,1,O=C(Nc1cc2ccc(-c3ccncc3)cc2cn1)C1CC1,Ki
CHEMBL3689704,9.147520006363143,0.712,1,O=C(Nc1cc2ccc(-c3cccnc3)cc2cn1)C1CC1,Ki
CHEMBL3689705,7.707743928643524,19.6,1,O=C(Nc1cc2ccc(-c3c(Cl)cccc3C(F)(F)F)cc2cn1)C1CC1,Ki
CHEMBL3689706,9.761953896871205,0.173,1,N#Cc1ccccc1-c1ccc2cc(NC(=O)C3CC3)ncc2c1,Ki
CHEMBL3689707,9.505845405981557,0.312,1,O=C(Nc1cc2ccc(-c3ccccc3Cl)cc2cn1)C1CC1,Ki
CHEMBL3689708,9.263603497723357,0.545,1,O=C(Nc1cc2ccc(-c3ccccc3F)cc2cn1)C1CC1,Ki
CHEMBL3689709,8.616184634019568,2.42,1,CN1CCN(c2nccc(Nc3cc4ccc(-c5c(Cl)cccc5Cl)cc4cn3)n2)CC1,Ki
CHEMBL3689710,8.987162775294827,1.03,1,Clc1cccc(Cl)c1-c1ccc2cc(Nc3ccnc(N4CCOCC4)n3)ncc2c1,Ki
CHEMBL3689711,8.29929628285498,5.02,1,CCc1cc(Nc2cc3ccc(-c4c(Cl)cccc4Cl)cc3cn2)nc(N2CCOCC2)n1,Ki
CHEMBL3689712,7.663540266151471,21.7,1,CCCS(=O)(=O)Nc1ccc(F)c(-c2ccc3cc(NC(C)=O)ncc3c2)c1F,Ki
CHEMBL3689713,9.384926317377731,1.05205,2,Cc1c(-c2ccc3cc(NC(=O)C4C[C@@H]4F)ncc3c2)cnc([C@@H](O)C(F)(F)F)c1Cl,Ki
CHEMBL3689714,9.384926317377731,1.05205,2,Cc1c(-c2ccc3cc(NC(=O)C4C[C@@H]4F)ncc3c2)cnc([C@H](O)C(F)(F)F)c1Cl,Ki
CHEMBL3689715,9.279185419076068,0.5355,4,Cc1ccncc1-c1cc2cnc(NC(=O)C3CC3F)cc2cn1,Ki
CHEMBL3689716,7.380906669373258,41.6,1,CC1CC(C)N1c1ccc2cc(NC(=O)C3CC3F)ncc2c1,Ki
CHEMBL3689717,8.98296666070122,1.04,1,Cc1c(F)cncc1-c1cc2cnc(NC(=O)C3CC3F)cc2c[n+]1[O-],Ki
CHEMBL3689718,9.774690718274137,0.168,1,Cc1c(F)cncc1-c1cc2cnc(NC(=O)[C@@H]3C[C@@H]3F)cc2cn1,Ki
CHEMBL3689719,10.14086170270547,0.0723,1,O=C(Nc1cc2ccc(-c3cccc4[nH]nnc34)cc2cn1)C1CC1,Ki
CHEMBL3689720,9.801342913045577,0.158,1,O=C(Nc1cc2ccc(-c3cc(F)cc4[nH]ncc34)cc2cn1)C1CC1,Ki
CHEMBL3689721,9.57186520597121,0.268,1,Cc1c(-c2ccc3cc(NC(=O)[C@@H]4C[C@@H]4F)ncc3c2)cnc(C(C)(C)O)c1F,Ki
CHEMBL3689722,10.730487055782083,0.0186,1,Cc1c(F)cncc1-c1ccc2cc(NC(=O)[C@@H]3C[C@@H]3F)ncc2c1,Ki
CHEMBL3689723,10.047691990337874,0.0896,1,Cc1ccc[n+]([O-])c1-c1ccc2cc(NC(=O)C3CC3)ncc2c1,Ki
CHEMBL3689724,7.5968794788241825,25.3,1,Cc1cc([S+](C)[O-])ncc1-c1ccc2cc(NC(=O)C3CC3F)ncc2c1,Ki
CHEMBL3689725,8.378480975656853,5.875,2,Cc1cc([C@@H](N)C(F)(F)F)ncc1-c1ccc2cc(NC(=O)C3C[C@@H]3F)ncc2c1,Ki
CHEMBL3689726,8.378480975656853,5.875,2,Cc1cc([C@H](N)C(F)(F)F)ncc1-c1ccc2cc(NC(=O)C3C[C@@H]3F)ncc2c1,Ki
CHEMBL3689727,9.346305472173349,0.4505,2,CCO[C@@H]1CC1C(=O)Nc1cc2ccc(-c3cnccc3C)cc2cn1,Ki
CHEMBL3689728,9.346305472173349,0.4505,2,CCO[C@H]1CC1C(=O)Nc1cc2ccc(-c3cnccc3C)cc2cn1,Ki
CHEMBL3689729,9.35244526230623,0.524,2,Cc1ccnc([C@@H](C)O)c1-c1ccc2cc(NC(=O)C3C[C@@H]3F)ncc2c1,Ki
CHEMBL3689730,9.488435526994753,0.3315,2,Cc1ccnc([C@@H](O)C(F)(F)F)c1-c1ccc2cc(NC(=O)C3C[C@@H]3F)ncc2c1,Ki
CHEMBL3689731,9.488435526994753,0.3315,2,Cc1ccnc([C@H](O)C(F)(F)F)c1-c1ccc2cc(NC(=O)C3C[C@@H]3F)ncc2c1,Ki
CHEMBL3689732,9.35244526230623,0.524,2,Cc1ccnc([C@H](C)O)c1-c1ccc2cc(NC(=O)C3C[C@@H]3F)ncc2c1,Ki
CHEMBL3689733,7.92091528529024,22.53,2,Cc1cc([C@H](O)C(F)(F)F)ncc1-c1ccc2cc(NC(=O)C(C)C)ncc2c1,Ki
CHEMBL3689734,7.92091528529024,22.53,2,Cc1cc([C@@H](O)C(F)(F)F)ncc1-c1ccc2cc(NC(=O)C(C)C)ncc2c1,Ki
CHEMBL3689735,7.474955192963154,33.5,1,Cc1cc(C(O)C(F)F)ncc1-c1ccc2cc(NC(=O)C3C[C@@H]3F)ncc2c1,Ki
CHEMBL3689736,9.282987151821876,1.7399499999999999,2,C[C@@H]1CCC(=O)N1c1ccc2cc(NC(=O)C3C[C@@H]3F)ncc2c1,Ki
CHEMBL3689737,9.282987151821876,1.7399499999999999,2,C[C@H]1CCC(=O)N1c1ccc2cc(NC(=O)C3C[C@@H]3F)ncc2c1,Ki
CHEMBL3689738,9.151195298948196,0.706,1,Cc1ccc(C(=O)NC2CC(F)(F)C2)cc1-c1ccc2cc(NC(=O)C3CC3)ncc2c1,Ki
CHEMBL3689739,8.681936665037238,2.08,1,Cc1cc(C(C)(C)O)ncc1-c1ccc2cc(NC(=O)[C@@H]3C[C@@H]3F)ncc2c1,Ki
CHEMBL3689740,9.661543506395395,0.218,1,Cc1cc(C(C)(C)O)ncc1-c1cc2cnc(NC(=O)[C@@H]3C[C@@H]3F)cc2cn1,Ki
CHEMBL3689741,8.593459819566045,2.55,1,Cc1cc([C@H](O)C(F)(F)F)ncc1-c1cc2cnc(NC(=O)C3C[C@@H]3F)cc2cn1,Ki
CHEMBL3689742,8.767003889607846,1.71,1,Cc1cc([C@@H](O)C(F)(F)F)ncc1-c1cc2cnc(NC(=O)C3C[C@@H]3F)cc2cn1,Ki
CHEMBL3689743,9.777283528852417,0.167,1,Cc1cc[n+]([O-])cc1-c1ccc2cc(NC(=O)C3CC3)ncc2c1,Ki
CHEMBL3689744,7.380906669373258,41.6,1,Cc1ccncc1-c1cc2c[n+]([O-])c(NC(=O)[C@@H]3C[C@@H]3F)cc2cn1,Ki
CHEMBL3689745,9.232102383981909,0.586,1,Cc1ccc(C(=O)NC2(CO)CCC2)cc1-c1ccc2cc(NC(=O)C3CC3)ncc2c1,Ki
CHEMBL3689746,9.714442690992227,0.193,1,Cc1ccnc(CO)c1-c1ccc2cc(NC(=O)[C@@H]3C[C@@H]3F)ncc2c1,Ki
CHEMBL3689747,7.657577319177793,22.0,1,O=C(Nc1cc2cnc(-c3ccccc3OC(F)(F)F)cc2cn1)[C@@H]1C[C@@H]1F,Ki
CHEMBL3689748,8.301029995663981,5.0,1,Cc1ccc2[nH]ncc2c1-c1ccc2cc(NC(=O)[C@@H]3C[C@@H]3F)ncc2c1,Ki
CHEMBL3689749,9.379863945026242,0.417,1,Cc1ccc(C(=O)NC2CCC2)cc1-c1ccc2cc(NC(=O)C3CC3)ncc2c1,Ki
CHEMBL3689750,8.113509274827518,7.7,1,Cc1ccc(C(=O)NC2(C)CCC2)cc1-c1ccc2cc(N)ncc2c1,Ki
CHEMBL3689751,7.380906669373258,41.6,1,Cc1ccc(C(=O)NC2(C)COC2)cc1-c1ccc2cc(N)ncc2c1,Ki
CHEMBL3689752,7.619788758288394,24.0,1,Cc1ncc(C(=O)NC2CCC2)cc1-c1ccc2cc(N)ncc2c1,Ki
CHEMBL3689753,7.380906669373258,41.6,1,Cc1ncc(C(=O)NC2(C)CCC2)cc1-c1ccc2cc(N)ncc2c1,Ki
CHEMBL3689754,7.380906669373258,41.6,1,Cc1ccc(C(=O)NC2(C)COC2)c(F)c1-c1ccc2cc(N)ncc2c1,Ki
CHEMBL3689755,7.474955192963154,33.5,1,Cc1ccc(C(=O)NC2(C)CCC2)cc1-c1ccc2c(Cl)c(N)ncc2c1,Ki
CHEMBL3690072,7.4141660205626065,130.9,2,Cc1ccc(NC(=O)c2ccc3c(c2)CCC3N2CCN(C)CC2)cc1Nc1nccc(-c2cccnc2)n1,IC50
CHEMBL3690073,5.689519108537325,2044.0,1,Cc1ccc(NC(=O)c2ccc3c(c2)CCC3N2CCN(C(=O)OC(C)(C)C)CC2)cc1Nc1nccc(-c2cccnc2)n1,IC50
CHEMBL3690074,8.207608310501746,6.2,1,Cc1ccc(NC(=O)c2ccc3c(c2)CCC3N2CCNCC2)cc1Nc1nccc(-c2cccnc2)n1,IC50
CHEMBL3690075,8.200659450546418,6.3,1,CCN1CCN(C2CCc3cc(C(=O)Nc4ccc(C)c(Nc5nccc(-c6cccnc6)n5)c4)ccc32)CC1,IC50
CHEMBL3690076,8.267606240177031,5.4,1,Cc1ccc(NC(=O)c2ccc3c(c2)CCC3N2CCN(C(C)C)CC2)cc1Nc1nccc(-c2cccnc2)n1,IC50
CHEMBL3690077,7.920818753952375,12.0,1,Cc1ccc(NC(=O)c2ccc3c(c2)CCC3N2CCN(CCO)CC2)cc1Nc1nccc(-c2cccnc2)n1,IC50
CHEMBL3690078,6.386158178123931,411.0,1,CC(=O)N1CCN(C2CCc3cc(C(=O)Nc4ccc(C)c(Nc5nccc(-c6cccnc6)n5)c4)ccc32)CC1,IC50
CHEMBL3690079,8.275724130399212,5.3,3,Cc1ccc(NC(=O)c2ccc3c(c2)CCC3N2CCN(C)CC2)cc1Nc1nccc(-c2cncnc2)n1,IC50
CHEMBL3690080,6.91721462968355,121.0,1,Cc1ccc(NC(=O)c2ccc3c(c2)CCC3N2CCC(N(C)C)C2)cc1Nc1nccc(-c2cccnc2)n1,IC50
CHEMBL3690081,7.154901959985743,70.0,1,Cc1ccc(NC(=O)c2ccc3c(c2)CCC3N2CC[C@@H](N(C)C)C2)cc1Nc1nccc(-c2cccnc2)n1,IC50
CHEMBL3690082,8.657577319177793,2.2,1,Cc1ccc(NC(=O)c2ccc3c(c2)CC[C@@H]3N2CCN(C)CC2)cc1Nc1nccc(-c2cccnc2)n1,IC50
CHEMBL3690083,7.638272163982407,23.0,1,Cc1ccc(NC(=O)c2ccc3c(c2)CCC3N2CCN(C)CC2)cc1Nc1nccc(-c2ccncc2)n1,IC50
CHEMBL371206,6.699991797446187,199.53,1,Cc1cc(C)cc(NC(=O)Nc2ccc(-c3c(C)sc4ncnc(N)c34)cc2)c1,Ki
CHEMBL3734907,5.731499956339331,2260.0,2,COc1ccc(C#Cc2nn(C(C)C)c3ncnc(N)c23)cc1,IC50
CHEMBL3734967,5.560739102249396,2750.0,2,COc1cccc(C#Cc2nn(C(C)C)c3ncnc(N)c23)c1,IC50
CHEMBL3735207,8.922331981267469,1.2000000000000002,2,CC(C)n1nc(C#Cc2cccc(C(=O)Nc3cccc(C(F)(F)F)c3)c2)c2c(N)ncnc21,IC50
CHEMBL3735312,8.14621491195103,10.0,2,CC(C)n1nc(/C=C/c2cccc(O)c2)c2c(N)ncnc21,IC50
CHEMBL3735491,5.644941317444092,2300.0,2,CC(C)n1nc(C#Cc2cccc(Cl)c2)c2c(N)ncnc21,IC50
CHEMBL3735576,6.280018032039548,645.0,2,COc1ccccc1C#Cc1nn(C(C)C)c2ncnc(N)c12,IC50
CHEMBL3735795,5.83720112356999,1455.0,2,CC(C)n1nc(C#Cc2cccc(F)c2)c2c(N)ncnc21,IC50
CHEMBL3736026,5.8745461501495715,1440.0,2,Cc1cccc(C#Cc2nn(C(C)C)c3ncnc(N)c23)c1,IC50
CHEMBL3736306,6.1401686584909765,745.0,2,CC(C)n1nc(C#Cc2ccccc2O)c2c(N)ncnc21,IC50
CHEMBL3736320,9.221848749616356,0.6,3,CC(C)n1nc(C#Cc2cccc(NC(=O)c3cccc(C(F)(F)F)c3)c2)c2c(N)ncnc21,IC50
CHEMBL3736466,7.471547574331764,38.5,2,CC(C)n1nc(C#Cc2ccc(O)cc2)c2c(N)ncnc21,IC50
CHEMBL373798,6.499996931948306,316.23,1,Nc1n[nH]c2cccc(-c3ccc(NC(=O)Nc4cccc(F)c4)cc3)c12,Ki
CHEMBL373882,5.892790030352131,1280.0,1,CNc1ncnc(-c2cccnc2Oc2ccc(F)c(C(=O)Nc3cc(C(F)(F)F)ccc3N(C)CCCN(C)C)c2)n1,IC50
CHEMBL3752910,5.778064400171995,1667.0,1,Cc1ccc(C(=O)Nc2cccc(C(F)(F)F)c2)cc1Nc1nc(-c2cccnc2)nc2c1cnn2C,IC50
CHEMBL376945,8.0,10.0,1,c1csc(CNc2ccc3[nH]nc(-c4nc5cc(N6CCC(N7CCCCC7)CC6)ccc5[nH]4)c3c2)n1,IC50
CHEMBL376993,5.698970004336019,2000.0,1,COc1cc(SC)ccc1C(=O)Nc1nnc(CCc2ccccc2)s1,Ki
CHEMBL377193,5.886056647693163,1300.0,1,O=C(c1cc2cc(O)ccc2[nH]1)c1cc2cc(O)ccc2[nH]1,IC50
CHEMBL377346,7.221848749616356,60.0,1,c1ccc(COc2ccc3[nH]nc(-c4nc5cc(N6CCC(N7CCCCC7)CC6)ccc5[nH]4)c3c2)cc1,IC50
CHEMBL377463,6.823908740944319,150.0,1,O=C(Nc1ccc2[nH]nc(-c3nc4cc(N5CCC(N6CCCCC6)CC5)ccc4[nH]3)c2c1)c1ccco1,IC50
CHEMBL3780219,7.154901959985743,70.0,1,CNc1nc(Nc2ccc(C)c(N)c2)ncc1C(=O)Nc1cc(NC(=O)c2cccc(C(F)(F)F)c2)ccc1C,IC50
CHEMBL378024,7.522878745280337,30.0,1,CC(C)(C)NC(=O)Nc1ccc2[nH]nc(-c3nc4cc(N5CCC(N6CCCCC6)CC5)ccc4[nH]3)c2c1,IC50
CHEMBL3780515,4.938547520912807,11520.0,1,c1ccc(-c2cnc3c(Nc4ccc(N5CCOCC5)cc4)nccc3n2)cc1,IC50
CHEMBL3780571,4.889410289700751,12900.0,1,c1ccc(-c2cnc3cc(Nc4ccc(N5CCCCC5)cc4)ncc3n2)cc1,IC50
CHEMBL3780632,5.278189384787454,5270.0,1,c1ccc(-c2cnc3cncc(Nc4ccc(N5CCOCC5)cc4)c3n2)cc1,IC50
CHEMBL3780637,5.270025714300444,5370.0,1,COc1ccc(-c2cnc3c(Nc4ccc(N5CCOCC5)cc4)nccc3n2)cc1,IC50
CHEMBL3780758,5.575118363368933,2660.0,1,c1ccc(-c2cnc3c(Nc4ccc(N5CCCCC5)cc4)nccc3n2)cc1,IC50
CHEMBL3780971,5.6439741428068775,2270.0,1,COc1ccc(-c2cnc3cncc(Nc4ccc(N5CCCCC5)cc4)c3n2)cc1,IC50
CHEMBL3780985,4.511026475273492,30830.0,1,CCNC(=O)Nc1nccc2nc(-c3ccccc3)cnc12,IC50
CHEMBL3781028,5.164943898279883,6840.0,1,c1ccc(Nc2cncc3ncc(-c4ccc(N5CCCCC5)cc4)nc23)cc1,IC50
CHEMBL3781479,5.5951662833800615,2540.0,1,c1ccc(-c2cnc3c(Nc4ccc(N5CCCCC5)cc4)cncc3n2)cc1,IC50
CHEMBL3781538,4.647431613820691,22520.0,1,c1ccc(Nc2cncc3nc(-c4ccc(N5CCCCC5)cc4)cnc23)cc1,IC50
CHEMBL3781543,4.779630367548606,16610.0,1,COc1ccccc1Nc1nccc2nc(-c3ccccc3)cnc12,IC50
CHEMBL3781610,5.112945621949043,7710.0,1,COc1cccc(Nc2cncc3ncc(-c4ccc(N5CCCCC5)cc4)nc23)c1,IC50
CHEMBL3781651,5.872895201635193,1340.0,1,COc1ccc(-c2cnc3c(Nc4ccc(N5CCCCC5)cc4)nccc3n2)cc1,IC50
CHEMBL3781696,5.603800652904264,2490.0,1,COc1ccc(-c2cnc3cncc(Nc4ccc(N5CCOCC5)cc4)c3n2)cc1,IC50
CHEMBL378175,4.698970004336019,20000.0,1,O=C1NN(c2ccc(I)cc2)C(=O)/C1=C\c1ccc(N2CCOCC2)cc1,Ki
CHEMBL3781795,5.059981844992337,8710.0,1,c1ccc(-c2cnc3cnc(Nc4ccc(N5CCCCC5)cc4)cc3n2)cc1,IC50
CHEMBL3781939,4.599462010608054,25150.0,1,COc1ccc(NC(=O)Nc2cncc3nc(-c4ccccc4)cnc23)cc1,IC50
CHEMBL3781989,5.665546248849069,2160.0,1,c1ccc(-c2cnc3cncc(Nc4ccc(N5CCCCC5)cc4)c3n2)cc1,IC50
CHEMBL3782019,5.863279432843593,1370.0,1,COc1ccc(-c2cnc3cncc(Nc4cc(OC)ccc4OC)c3n2)cc1,IC50
CHEMBL3782023,5.101823516502323,7910.0,1,COc1cccc(Nc2cncc3nc(-c4ccc(N5CCCCC5)cc4)cnc23)c1,IC50
CHEMBL378299,6.221848749616356,600.0,1,c1ccc2c(-c3nc4cc(N5CCC(N6CCCCC6)CC5)ccc4[nH]3)[nH]nc2c1,IC50
CHEMBL3787112,5.1938200260161125,6400.0,1,Nc1ncnc2c1c(-c1cccc(O)c1)cn2[C@H]1C[C@@H](CN2CCC2)C1,IC50
CHEMBL379308,5.6020599913279625,2500.0,1,O=C1NN(c2ccc(I)cc2)C(=O)/C1=C\c1cc2c(cc1Br)OCO2,Ki
CHEMBL3797590,5.06398920428479,8630.0,1,Nc1nc2cc(-c3nn(CC4OCCO4)c4ncnc(N)c34)ccc2o1,IC50
CHEMBL3799221,5.9177536797931,1208.5,2,CCOC(Cn1nc(-c2cnc3[nH]ccc3c2)c2c(N)ncnc21)OCC,IC50
CHEMBL379975,6.799998134593398,158.49,1,O=C1NC(=O)c2c1c(-c1ccccc1Cl)cc1[nH]c3ccc(O)cc3c21,Ki
CHEMBL379987,7.221848749616356,60.0,1,COc1cccc(Oc2ccc3[nH]nc(-c4nc5cc(N6CCC(N7CCCCC7)CC6)ccc5[nH]4)c3c2)c1,IC50
CHEMBL3800138,5.0034883278458215,9920.0,1,COC(Cn1nc(-c2ccc3oc(N)nc3c2)c2c(N)ncnc21)OC,IC50
CHEMBL3804921,6.619788758288394,240.0,1,CC(=O)Nc1ccc(-c2ccc(NCC(=O)Nc3ccc(CN4CCNCC4)c(C(F)(F)F)c3)cc2)cn1,IC50
CHEMBL3805330,7.0,100.0,1,O=C(CNc1ccc(-c2ccc(NC(=O)C3CC3)nc2)cc1)Nc1ccc(CN2CCNCC2)c(C(F)(F)F)c1,IC50
CHEMBL3805771,7.175819994509534,69.5,2,CCN1CCN(Cc2ccc(NC(=O)CNc3ccc(-c4ccc(NC(=O)C5CC5)nc4)cc3)cc2C(F)(F)F)CC1,IC50
CHEMBL3805865,6.769551078621726,170.0,1,CCN1CCN(Cc2ccc(NC(=O)COc3ccc(-c4ccc(NC(C)=O)nc4)cc3)cc2C(F)(F)F)CC1,IC50
CHEMBL3805891,6.732986946971932,235.0,2,CCN1CCN(Cc2ccc(NC(=O)CNc3ccc(-c4ccc(NC(C)=O)nc4)cc3)cc2C(F)(F)F)CC1,IC50
CHEMBL3806189,8.0,10.0,3,CN1CCN(Cc2ccc(NC(=O)CNc3ccc(-c4ccc(NC(=O)C5CC5)nc4)cc3F)cc2C(F)(F)F)CC1,IC50
CHEMBL3808884,7.3148359961102445,48.5,4,COC(=O)c1cc2cc(NCc3cc(NC(=O)c4cc(-n5cnc(C)c5)cc(C(F)(F)F)c4)ccc3C)cnc2[nH]1,IC50
CHEMBL381743,6.0,1000.0,1,Cc1ccc(-n2nc(C(C)(C)C)cc2NC(=O)Nc2ccc(-c3ccc(CN4CCOCC4)nc3)c3ccccc23)cc1,IC50
CHEMBL3822591,5.139721900247765,7249.0,1,Cc1ccc(-c2nn(CCN3CCC(CCN(C)C)CC3)c3ncnc(N)c23)cc1,IC50
CHEMBL3823104,6.259637310505756,550.0,3,COc1cc(-c2nn(CCN3CCC(N4CCCCC4)CC3)c3ncnc(N)c23)ccc1NC(=O)OC(C)(C)C,IC50
CHEMBL3823212,5.199076818186782,6323.0,1,Cc1ccc(-c2nn(CCN3CCC(N(C)C)CC3)c3ncnc(N)c23)cc1,IC50
CHEMBL3823451,5.328827157284917,4690.0,1,COc1cc(-c2nn(CCN3CCN(C)CC3)c3ncnc(N)c23)ccc1NC(=O)OC(C)(C)C,IC50
CHEMBL3823543,5.0,10000.0,1,COc1cc(-c2nn(CCN3CCC(N(C)C)CC3)c3ncnc(N)c23)ccc1NCc1ccccc1,IC50
CHEMBL3823556,6.259637310505756,550.0,1,COc1cc(-c2nn(CCN3CCC(CN(C)C)CC3)c3ncnc(N)c23)ccc1NC(=O)OC(C)(C)C,IC50
CHEMBL3823620,5.530177984021837,2950.0,1,CN(C)C1CCN(CCn2nc(-c3ccc(CC(=O)OC(C)(C)C)cc3)c3c(N)ncnc32)CC1,IC50
CHEMBL3823628,4.698970004336019,20000.0,1,C(=C/n1ncc2c(N3CCCCCC3)ncnc21)\c1ccccc1,IC50
CHEMBL3823711,5.025028005701931,9440.0,1,COc1cc(-c2nn(CCN3CCC(N(C)C)CC3)c3ncnc(N)c23)ccc1NC(=O)NC(C)(C)C,IC50
CHEMBL3823849,5.123493495734119,7525.0,1,Cc1ccc(-c2nn(CCN3CCC(CN(C)C)CC3)c3ncnc(N)c23)cc1,IC50
CHEMBL3823861,6.597589660639419,333.0,2,CN(C)CC1CCN(CCn2nc(-c3cnc4[nH]ccc4c3)c3c(N)ncnc32)CC1,IC50
CHEMBL3824089,6.259637310505756,550.0,3,COc1cc(-c2nn(CCN3CCC(N(C)C)CC3)c3ncnc(N)c23)ccc1NC(=O)OC(C)(C)C,IC50
CHEMBL3824116,6.3457177932193805,460.0,2,COc1cc(-c2nn(CCN3CCC(N(C)C)CC3)c3ncnc(N)c23)ccc1CC(=O)OC(C)(C)C,IC50
CHEMBL3824215,4.301029995663981,50000.0,1,C(=C/n1ncc2c(NC3CCCCC3)ncnc21)\c1ccccc1,IC50
CHEMBL3824233,6.259637310505756,550.0,3,COc1cc(-c2nn(CCN3CCC(N4CCCC4)CC3)c3ncnc(N)c23)ccc1NC(=O)OC(C)(C)C,IC50
CHEMBL3824279,6.259637310505756,550.0,1,COc1cc(-c2nn(CCN3CCC(OC)CC3)c3ncnc(N)c23)ccc1NC(=O)OC(C)(C)C,IC50
CHEMBL383010,7.920818753952375,12.0,1,Cc1ccc(NC(=O)c2ccc(CN3CCN(C)CC3)c(Br)c2)cc1Nc1nccc(-c2cccnc2)n1,IC50
CHEMBL384213,6.886056647693163,130.0,1,c1ccc(CNc2ccc3[nH]nc(-c4nc5cc(N6CCC(N7CCCCC7)CC6)ccc5[nH]4)c3c2)cc1,IC50
CHEMBL384575,7.6020599913279625,25.0,1,CO[C@H](C(=O)N1Cc2[nH]nc(NC(=O)c3ccc(N4CCN(C)CC4)cc3)c2C1)c1ccccc1,IC50
CHEMBL386051,9.698970004336019,0.2,1,CSc1cccc(Nc2ncc3cc(-c4c(Cl)cccc4Cl)c(=O)n(C)c3n2)c1,Ki
CHEMBL3884319,5.937794191180287,1154.0,1,CC1(C)C(=O)N([C@H]2CCc3c(O)cccc32)c2nc(Nc3ccccc3)ncc21,IC50
CHEMBL388934,6.7447274948966935,180.0,1,CNN=Nc1ccc(C(=O)Nc2ccc(C)c(Nc3nccc(-c4cccnc4)n3)c2)cc1Cl,IC50
CHEMBL3889746,8.060480747381382,8.7,3,O=C(Nc1ccc(OC(F)(F)F)cc1)c1cncc(-c2cccnc2)c1,IC50
CHEMBL388978,7.047145223805861,90.95,14,CN[C@@H]1C[C@H]2O[C@@](C)([C@@H]1OC)n1c3ccccc3c3c4c(c5c6ccccc6n2c5c31)C(=O)NC4,IC50
CHEMBL3890053,8.494850021680094,3.2,2,O=C(Nc1ccc(OC(F)(F)F)cc1)c1ccc(F)c(-c2cncnc2)c1,IC50
CHEMBL3890279,8.55284196865778,2.8,2,N[C@H]1CCN(c2ncc(C(=O)Nc3ccc(OC(F)(F)F)cc3)cc2-c2cncnc2)C1,IC50
CHEMBL3890327,8.721848749616356,1.9,4,O=C(Nc1ccc(OC(F)(F)F)cc1)c1cnc(N2C[C@@H](O)[C@@H](O)C2)c(-c2cncc(F)c2)c1,IC50
CHEMBL3890630,8.535290537142853,3.35,4,CCN(CCO)c1ncc(C(=O)Nc2ccc(OC(F)(F)F)cc2)cc1-c1cncnc1,IC50
CHEMBL3890658,8.301029995663981,5.0,3,CN(CCO)c1ccc(C(=O)Nc2ccc(OC(F)(F)F)cc2)cc1-c1cncs1,IC50
CHEMBL3891044,8.721246399047171,1.9,2,NC12CC1CN(c1ncc(C(=O)Nc3ccc(OC(F)(F)F)cc3)cc1-c1cncnc1)C2,IC50
CHEMBL3891720,8.129818655252878,8.0,4,CN(CCO)c1ncc(C(=O)Nc2ccc(OC(F)(F)F)cc2)cc1-c1cncc(C#N)c1,IC50
CHEMBL3891752,9.397940008672037,0.4,2,O=C(Nc1ccc(OC(F)(F)F)cc1)c1cnc(N2C[C@H](O)[C@@H](O)C2)c(-c2cccnc2)c1,IC50
CHEMBL3892152,8.960409376976187,1.15,6,CC1(O)CN(c2ncc(C(=O)Nc3ccc(OC(F)(F)Cl)cc3)cc2-c2ccn[nH]2)C1,IC50
CHEMBL3892160,8.384775539310862,5.25,4,CN(C)[C@H]1CN(c2ncc(C(=O)Nc3ccc(OC(F)(F)F)cc3)cc2-c2cncnc2)C[C@@H]1O,IC50
CHEMBL3892443,7.958607314841775,11.0,2,O=C(Nc1ccc(OC(F)(F)F)cc1)c1cnc(N2CC3CN(CCO)CC3C2)c(-c2cncnc2)c1,IC50
CHEMBL3892952,7.920818753952375,12.0,3,O=C(Nc1ccc(OC(F)(F)F)cc1)c1cnc(NCCCO)c(-c2cncnc2)c1,IC50
CHEMBL3893615,8.522878745280337,3.0,2,COc1ncc(-c2cc(C(=O)Nc3ccc(OC(F)(F)F)cc3)ccc2C)cn1,IC50
CHEMBL3893732,8.244125144327509,5.7,3,O=C(Nc1ccc(OC(F)(F)Cl)cc1)c1cnc(NC[C@@H](O)CCO)c(-c2ccn[nH]2)c1,IC50
CHEMBL3893954,8.455931955649724,3.5,3,CC1(O)CCN(c2ccc(C(=O)Nc3ccc(OC(F)(F)F)cc3)cc2-c2cncs2)C1,IC50
CHEMBL3893997,9.096910013008056,0.8,2,Cc1ccc(-c2cc(C(=O)Nc3ccc(OC(F)(F)F)cc3)cnc2N2CC[C@H](O)C2)cn1,IC50
CHEMBL3894450,8.154901959985743,7.0,1,Cc1ccc(NC(=O)c2ccc(CN3CCN(C)CC3)c(C(F)(F)F)c2)cc1OC1CCN(C(=O)c2ccncc2)CC1,IC50
CHEMBL3894547,8.809894379144197,1.7,4,O=C(Nc1ccc(OC(F)(F)F)cc1)c1cnc(N2CCNC3(CC3)C2)c(-c2cncnc2)c1,IC50
CHEMBL3894811,8.397940008672037,4.0,2,O=C(Nc1ccc(OC(F)(F)F)cc1)c1cnc(N2CC[C@H](CO)C2)c(-c2ccc(Cl)nc2)c1,IC50
CHEMBL3895420,8.853871964321762,1.4,3,Cc1cc(-c2cc(C(=O)Nc3ccc(OC(F)(F)Cl)cc3)cnc2N2CC(C)(O)C2)[nH]n1,IC50
CHEMBL3896096,8.698970004336019,2.0,6,O=C(Nc1ccc(OC(F)(F)F)cc1)c1cnc(N2CC(CO)C2)c(-c2cccnc2)c1,IC50
CHEMBL3896105,8.522878745280337,3.0,2,CN[C@H]1CCN(c2ncc(C(=O)Nc3ccc(OC(F)(F)F)cc3)cc2-c2ccc(C)nc2)C1,IC50
CHEMBL3896221,7.376750709602099,42.0,2,CN(CCCO)c1ncc(C(=O)Nc2ccc(OC(F)(F)F)cc2)cc1-c1cccnc1,IC50
CHEMBL3896423,8.638272163982407,2.3,2,CN[C@H]1CCN(c2ncc(C(=O)Nc3ccc(OC(F)(F)F)cc3)cc2-c2cncnc2)C1,IC50
CHEMBL3896686,8.270303756120384,8.9,4,CCN(CCO)c1ncc(C(=O)Nc2ccc(SC(F)(F)F)cc2)cc1-c1cncc(C#N)c1,IC50
CHEMBL3897019,8.958607314841775,1.1,3,Cc1ncc(-c2cc(C(=O)Nc3ccc(OC(F)(F)F)cc3)cnc2N2CC[C@H](CO)C2)s1,IC50
CHEMBL3897453,8.522878745280337,3.0,2,Cc1ccc(-c2cc(C(=O)Nc3ccc(OC(F)(F)F)cc3)cnc2N2CCC[C@H](O)C2)cn1,IC50
CHEMBL3897561,8.698970004336019,2.0,3,O=C(Nc1ccc(OC(F)(F)Cl)cc1)c1cnc(N2CC3(CNC3)C2)c(-c2ccn[nH]2)c1,IC50
CHEMBL3897706,7.048672262391037,195.8,2,Cc1ncncc1-c1cc(C(=O)Nc2ccc(OC(F)(F)Cl)cc2)cnc1N1C[C@H](O)[C@@H](O)C1,IC50
CHEMBL3897748,8.577450979992872,3.2,4,CN(CCO)c1ncc(C(=O)Nc2ccc(SC(F)(F)F)cc2)cc1-c1cncc(C#N)c1,IC50
CHEMBL3897818,7.327902142064283,47.0,3,O=C(O)CCNc1ncc(C(=O)Nc2ccc(OC(F)(F)F)cc2)cc1-c1ccn[nH]1,IC50
CHEMBL3898136,7.508638306165727,31.0,2,O=C(Nc1ccc(OC(F)(F)F)cc1)c1ccc(Cl)c(-c2ccncc2)c1,IC50
CHEMBL3898258,9.0,1.0,5,O=C(Nc1ccc(OC(F)(F)Cl)cc1)c1cnc(N2C[C@H](O)[C@@H](O)C2)c(-c2cncnc2)c1,IC50
CHEMBL3898364,8.763621775341393,1.9000000000000001,4,O=C(Nc1ccc(OC(F)(F)Cl)cc1)c1cnc(N2CC(O)C2)c(-c2cncnc2)c1,IC50
CHEMBL3898824,8.642065152999546,2.28,2,CNc1nc2cc(C#Cc3cc(C(=O)Nc4ccc(CN5CCN(C)CC5)c(C(F)(F)F)c4)ccc3C)ccn2n1,IC50
CHEMBL3899209,8.479303657420887,6.0,6,CN(CCO)c1ncc(C(=O)Nc2ccc(SC(F)(F)F)cc2)cc1-c1ccn[nH]1,IC50
CHEMBL3899379,9.397940008672037,0.4,3,NC[C@H]1CN(c2ncc(C(=O)Nc3ccc(OC(F)(F)Cl)cc3)cc2-c2ccn[nH]2)C[C@H]1O,IC50
CHEMBL3899632,8.244058319510563,5.75,6,O=C(Nc1ccc(OC(F)(F)F)cc1)c1cnc(N2CCOCC2)c(-c2ccn[nH]2)c1,IC50
CHEMBL3900003,8.673393743112328,2.75,6,CCN(CCO)c1ncc(C(=O)Nc2ccc(SC(F)(F)F)cc2)cc1-c1ccn[nH]1,IC50
CHEMBL3900154,7.522878745280337,30.0,2,Cc1ccc(-c2cc(C(=O)Nc3ccc(OC(F)(F)F)cc3)cnc2N(C)CCCO)cn1,IC50
CHEMBL3900366,9.301029995663981,0.5,3,N#Cc1ccc(-c2cc(C(=O)Nc3ccc(OC(F)(F)F)cc3)ccc2N2C[C@H](O)[C@@H](O)C2)[nH]1,IC50
CHEMBL3900626,9.0,1.0,3,C[C@]1(O)CCN(c2ncc(C(=O)Nc3ccc(OC(F)(F)Cl)cc3)cc2-c2ccn[nH]2)C1,IC50
CHEMBL3900732,9.027758663924915,0.9500000000000001,4,O=C(Nc1ccc(OC(F)(F)Cl)cc1)c1cnc(N2CC[C@H](O)C2)c(-c2cncnc2)c1,IC50
CHEMBL3900938,9.0,1.25,4,N[C@@H]1[C@H]2CN(c3ncc(C(=O)Nc4ccc(OC(F)(F)Cl)cc4)cc3-c3cncnc3)C[C@@H]12,IC50
CHEMBL3901009,8.309803919971486,4.9,2,O=C(Nc1ccc(OC(F)(F)F)cc1)c1cnc(Cl)c(-c2cncc(F)c2)c1,IC50
CHEMBL3901163,9.522878745280337,0.3,2,NC[C@@H]1CCN(c2ncc(C(=O)Nc3ccc(OC(F)(F)F)cc3)cc2-c2cncnc2)C1,IC50
CHEMBL3901311,8.158026434624244,6.95,6,CN(CCO)c1ncc(C(=O)Nc2ccc(OC(F)(F)F)cc2)cc1-c1ccn[nH]1,IC50
CHEMBL3901390,7.920818753952375,12.0,2,COc1ccc(-c2cc(C(=O)Nc3ccc(OC(F)(F)F)cc3)cnc2NCCCO)cn1,IC50
CHEMBL3901435,9.301029995663981,0.5,6,N#Cc1cncc(-c2cc(C(=O)Nc3ccc(OC(F)(F)Cl)cc3)cnc2N2C[C@@H](O)[C@@H](O)C2)c1,IC50
CHEMBL3901511,7.404503778174426,39.4,2,Cc1ccc(C(=O)Nc2ccc(CN3CCN(C)CC3)c(C(F)(F)F)c2)cc1C#Cc1ccn2nc(N(C)C)nc2c1,IC50
CHEMBL3902058,9.221848749616356,0.6,2,Cc1ccc(-c2cc(C(=O)Nc3ccc(OC(F)(F)F)cc3)cnc2N2CC[C@H](CO)C2)cn1,IC50
CHEMBL3902696,8.275724130399212,5.3,3,O=C(Nc1ccc(OC(F)(F)Cl)cc1)c1cnc(NCCC(O)C(=O)O)c(-c2ccn[nH]2)c1,IC50
CHEMBL3902822,8.823908740944319,1.5,2,CC(C)(O)C1CCN(c2ncc(C(=O)Nc3ccc(OC(F)(F)F)cc3)cc2-c2cncnc2)C1,IC50
CHEMBL3902824,8.154901959985743,7.0,2,Cc1ccc(-c2cc(C(=O)Nc3ccc(OC(F)(F)F)cc3)cnc2N2CC[C@H](N)C2)cn1,IC50
CHEMBL3902865,8.508864383480216,3.2,4,O=C(Nc1ccc(OC(F)(F)F)cc1)c1cnc(N2CCCOCC2)c(-c2cncnc2)c1,IC50
CHEMBL3903055,8.154901959985743,7.0,2,Nc1cnc(-c2cccc(C(=O)Nc3ccc(OC(F)(F)F)cc3)c2)cn1,IC50
CHEMBL3903302,8.136229371485722,7.45,4,CC(C)(O)C1CN(c2ncc(C(=O)Nc3ccc(OC(F)(F)F)cc3)cc2-c2cncnc2)C1,IC50
CHEMBL3903657,8.721246399047171,1.9,2,O=C(Nc1ccc(OC(F)(F)Cl)cc1)c1cnc(N2CCC(F)(F)C2)c(-c2cncnc2)c1,IC50
CHEMBL3903802,9.34948500216801,0.6,6,O=C(Nc1ccc(OC(F)(F)Cl)cc1)c1cnc(N2CC(O)C2)c(-c2[nH]ncc2F)c1,IC50
CHEMBL3904036,8.49148333035061,3.3,4,CN(C)C1CN(c2ncc(C(=O)Nc3ccc(OC(F)(F)F)cc3)cc2-c2cncc(F)c2)C1,IC50
CHEMBL3904200,9.110924374808178,0.8,4,O=C(Nc1ccc(OC(F)(F)Cl)cc1)c1ccc(N2C[C@H](O)[C@@H](O)C2)c(-c2cncnc2)c1,IC50
CHEMBL3904850,4.748499830993485,19150.0,2,COc1ccc(C(=O)NNc2nc3c(cnn3-c3ccccc3)c(=O)n2-c2ccccc2)cc1,IC50
CHEMBL3905198,8.48088868081564,4.8500000000000005,4,Cc1ccc(-c2cc(C(=O)Nc3ccc(OC(F)(F)F)cc3)cnc2N2CC(C)(O)C2)cn1,IC50
CHEMBL3905223,8.796729909783021,1.6,6,N[C@@H]1[C@H]2CN(c3ncc(C(=O)Nc4ccc(OC(F)(F)F)cc4)cc3-c3ccn[nH]3)C[C@@H]12,IC50
CHEMBL3905480,8.614573994178928,3.45,4,NC1CN(c2ncc(C(=O)Nc3ccc(OC(F)(F)F)cc3)cc2-c2cncnc2)C1,IC50
CHEMBL3906333,8.221848749616356,6.0,2,O=C(Nc1ccc(OC(F)(F)F)cc1)c1cnc(N2CC(CO)C2)c(-c2cnc(Cl)c(F)c2)c1,IC50
CHEMBL3906709,9.0,1.0,6,N[C@H]1CN(c2ccc(C(=O)Nc3ccc(OC(F)(F)Cl)cc3)cc2-c2cncc(F)c2)C[C@@H]1O,IC50
CHEMBL3906751,8.792513326014591,1.65,4,CN(CCO)c1ncc(C(=O)Nc2ccc(SC(F)(F)F)cc2)cc1-c1cncnc1,IC50
CHEMBL3906886,5.139542204576529,7252.0,1,Cc1ccc(NC(=O)c2ccc(CN3CCN(C)CC3)c(C(F)(F)F)c2)cc1OC1CCN(C(=O)c2cnccc2C)CC1,IC50
CHEMBL3906897,8.387345359137068,4.7,4,N[C@H]1CN(c2ncc(C(=O)Nc3ccc(OC(F)(F)Cl)cc3)cc2-c2cncc(F)c2)C[C@@H]1O,IC50
CHEMBL3907237,7.920818753952375,12.0,2,O=C(Nc1ccc(OC(F)(F)F)cc1)c1cnc(NCCCO)c(-c2cccnc2)c1,IC50
CHEMBL3907269,8.590228032229065,2.6,4,O=C(Nc1ccc(OC(F)(F)F)cc1)c1ccc(N2C[C@@H](O)[C@@H](O)C2)c(-c2cncnc2)c1,IC50
CHEMBL3907285,9.301029995663981,0.5,2,O=C(Nc1ccc(OC(F)(F)F)cc1)c1cnc(N2CCCC2)c(-c2ccc(CO)nc2)c1,IC50
CHEMBL3907286,8.711254100081387,3.4499999999999997,4,O=C(Nc1ccc(OC(F)(F)F)cc1)c1cnc(N2CC[C@H](CO)C2)c(-c2cncc(F)c2)c1,IC50
CHEMBL3907859,8.301029995663981,5.0,2,N#Cc1ncc(-c2cc(C(=O)Nc3ccc(OC(F)(F)F)cc3)cnc2N2CC[C@H](CO)C2)cn1,IC50
CHEMBL3908038,7.657577319177793,22.0,2,O=C(Nc1ccc(OC(F)(F)F)c(F)c1)c1cccc(-c2cncnc2)c1,IC50
CHEMBL3908439,8.431798275933005,3.7,3,O=C(Nc1ccc(OC(F)(F)F)cc1)c1cnc(N2C[C@H](O)[C@@H](F)C2)c(-c2ccn[nH]2)c1,IC50
CHEMBL3908507,8.219449308175472,7.9,4,O=C(Nc1ccc(OC(F)(F)F)cc1)c1ccc(N2C[C@H](O)[C@@H](O)C2)c(-c2cccnc2)c1,IC50
CHEMBL3908521,7.721246399047171,19.0,1,O=C(Nc1ccc(OC(F)(F)F)cc1)c1ccc(OCCN2CCCC2)c(-c2cncnc2)c1,IC50
CHEMBL3908533,8.740743030061056,2.05,4,O=C(Nc1ccc(OC(F)(F)F)cc1)c1cnc(N2CC[C@H](CO)C2)c(-c2ccc(CF)nc2)c1,IC50
CHEMBL3908573,3.8239087409443187,150000.0,1,O=c1c2cnn(-c3ccccc3)c2n2c(Nc3ccccc3)nnc2n1-c1ccccc1,IC50
CHEMBL3908712,8.761439372640169,2.8,4,O=C(Nc1ccc(OC(F)(F)F)cc1)c1cnc(N2CC(CO)C2)c(-c2cncc(F)c2)c1,IC50
CHEMBL3908742,8.576831443935097,2.85,4,O=C(Nc1ccc(OC(F)(F)Cl)cc1)c1cnc(N(CCO)CCO)c(-c2cncnc2)c1,IC50
CHEMBL3908795,8.56246936830415,2.75,4,O=C(Nc1ccc(OC(F)(F)F)cc1)c1cnc(N2CCOCC2)c(-c2cnccn2)c1,IC50
CHEMBL3908797,9.5,0.35,4,O=C(Nc1ccc(OC(F)(F)Cl)cc1)c1cnc(N2CC[C@H](CO)C2)c(-c2cncc(F)c2)c1,IC50
CHEMBL3909037,8.610924374808178,2.75,4,O=C(Nc1ccc(OC(F)(F)Cl)cc1)c1cnc(N2CCC[C@H](O)C2)c(-c2ccn[nH]2)c1,IC50
CHEMBL3909587,9.071333751784366,0.8999999999999999,4,NCC1CN(c2ncc(C(=O)Nc3ccc(OC(F)(F)F)cc3)cc2-c2cncc(F)c2)CC1O,IC50
CHEMBL3909590,9.198970004336019,0.7,4,CN(CCO)c1ncc(C(=O)Nc2ccc(OC(F)(F)Cl)cc2)cc1-c1cncc(F)c1,IC50
CHEMBL3909640,8.301029995663981,5.0,2,N#Cc1ccc(-c2cc(C(=O)Nc3ccc(OC(F)(F)F)cc3)cnc2N2CC[C@H](CO)C2)cn1,IC50
CHEMBL3909820,8.455931955649724,3.5,2,C[C@]1(O)CCN(c2ncc(C(=O)Nc3ccc(OC(F)(F)F)cc3)cc2-c2cncnc2)C1,IC50
CHEMBL3910054,8.920818753952375,1.2,2,O=C(Nc1ccc(OC(F)(F)F)cc1)c1cnc(N2CCC[C@H](O)C2)c(-c2cccnc2)c1,IC50
CHEMBL3910059,8.0,10.0,2,O=C(Nc1ccc(OC(F)(F)F)cc1)c1cnc(Cl)c(-c2cccnc2)c1,IC50
CHEMBL3910619,9.221848749616356,0.6,2,O=C(Nc1ccc(OC(F)(F)F)cc1)c1cnc(N2CCC[C@H](O)C2)c(-c2cncnc2)c1,IC50
CHEMBL3910722,9.34948500216801,0.6,6,N[C@@H]1[C@H]2CN(c3ncc(C(=O)Nc4ccc(OC(F)(F)Cl)cc4)cc3-c3ccn[nH]3)C[C@@H]12,IC50
CHEMBL3910823,8.154901959985743,7.0,1,CN1CCN(c2ncc(C(=O)Nc3ccc(OC(F)(F)F)cc3)cc2-c2cncnc2)CC1,IC50
CHEMBL3911270,8.761439372640169,2.0,4,O=C(Nc1ccc(SC(F)(F)F)cc1)c1cnc(N2CC[C@H](CO)C2)c(-c2cncnc2)c1,IC50
CHEMBL3911446,9.159379381312206,1.3,4,O=C(Nc1ccc(SC(F)(F)F)cc1)c1cnc(N2CC[C@H](O)C2)c(-c2cncnc2)c1,IC50
CHEMBL3911525,4.769987313743854,17350.0,2,O=C(NNc1nc2c(cnn2-c2ccccc2)c(=O)n1-c1ccccc1)c1ccccc1,IC50
CHEMBL3911557,9.0,1.25,6,O=C(Nc1ccc(OC(F)(F)Cl)cc1)c1cnc(N2CC(CO)C2)c(-c2ccn[nH]2)c1,IC50
CHEMBL3912888,8.09151498112135,8.1,2,COc1ncc(-c2cc(C(=O)Nc3ccc(OC(F)(F)F)cc3)ccc2Cl)cn1,IC50
CHEMBL3912930,8.68837535480105,2.2,4,CN(C)[C@H]1CN(c2ncc(C(=O)Nc3ccc(OC(F)(F)F)cc3)cc2-c2cncc(F)c2)C[C@@H]1O,IC50
CHEMBL3913939,7.8936399227910785,15.4,4,O=C(Nc1ccc(OC(F)(F)F)cc1)c1cncc(-c2cncnc2)c1,IC50
CHEMBL3914500,8.698970004336019,2.5,4,Cc1ncc(-c2cc(C(=O)Nc3ccc(OC(F)(F)F)cc3)cnc2N2CC[C@H](CO)C2)cn1,IC50
CHEMBL3915069,9.0,1.25,4,CCN(CCO)c1ncc(C(=O)Nc2ccc(OC(F)(F)Cl)cc2)cc1-c1cncc(F)c1,IC50
CHEMBL3915104,8.698970004336019,2.0,2,CCN(CCO)c1ncc(C(=O)Nc2ccc(OC(F)(F)F)cc2)cc1-c1cncc(F)c1,IC50
CHEMBL3915131,7.638272163982407,23.0,3,O=C(O)CCNc1ncc(C(=O)Nc2ccc(OC(F)(F)Cl)cc2)cc1-c1ccn[nH]1,IC50
CHEMBL3915183,7.958607314841775,11.0,1,COc1ccc(C(=O)Nc2ccc(OC(F)(F)F)cc2)cc1-c1cncnc1,IC50
CHEMBL3915545,8.920818753952375,1.25,4,N[C@@H]1[C@H]2CN(c3ncc(C(=O)Nc4ccc(OC(F)(F)F)cc4)cc3-c3cncnc3)C[C@@H]12,IC50
CHEMBL3915619,7.795880017344075,16.0,2,Cc1ccc(-c2cc(C(=O)Nc3ccc(OC(F)(F)F)cc3)cnc2N2CCC(C(C)(C)O)C2)cn1,IC50
CHEMBL3915759,8.397940008672037,4.0,6,CO[C@H]1CN(c2ncc(C(=O)Nc3ccc(OC(F)(F)F)cc3)cc2-c2cncnc2)C[C@@H]1O,IC50
CHEMBL3915875,9.110924374808178,0.8,4,O=C(Nc1ccc(OC(F)(F)Cl)cc1)c1cnc(N2C[C@@H](O)[C@@H](O)C2)c(-c2cncc(F)c2)c1,IC50
CHEMBL3916467,8.420818753952375,3.8,6,CO[C@H]1CN(c2ncc(C(=O)Nc3ccc(OC(F)(F)F)cc3)cc2-c2ccn[nH]2)C[C@@H]1N,IC50
CHEMBL3916724,9.198970004336019,0.7,6,NC12CC1CN(c1ncc(C(=O)Nc3ccc(OC(F)(F)Cl)cc3)cc1-c1ccn[nH]1)C2,IC50
CHEMBL391724,7.096910013008056,80.0,2,CSc1nc(NCc2ccccc2F)c2cnn(CC(Cl)c3ccccc3)c2n1,Ki
CHEMBL3917328,8.920818753952375,1.2,2,O=C(Nc1ccc(OC(F)(F)F)cc1)c1ccc(N2C[C@H](O)[C@@H](O)C2)c(-c2cncnc2)c1,IC50
CHEMBL3917349,7.958607314841775,11.0,2,CCc1ccc(-c2cc(C(=O)Nc3ccc(OC(F)(F)F)cc3)cnc2N2CC[C@H](CO)C2)cn1,IC50
CHEMBL3917389,8.522878745280337,3.0,2,O=C(Nc1ccc(OC(F)(F)F)cc1)c1cnc(C2CCOCC2)c(-c2cncnc2)c1,IC50
CHEMBL3917521,4.3979400086720375,40000.0,1,O=c1c2cnn(-c3ccccc3)c2n2c(-c3ccccc3)nnc2n1-c1ccccc1,IC50
CHEMBL3917548,8.292429823902063,5.1,2,NC1CN(c2ncc(C(=O)Nc3ccc(OC(F)(F)Cl)cc3)cc2-c2cncnc2)C1,IC50
CHEMBL3918260,8.10790539730952,7.8,3,O=C(Nc1ccc(OC(F)(F)Cl)cc1)c1cnc(NCC[C@H](O)CO)c(-c2ccn[nH]2)c1,IC50
CHEMBL3918681,8.301029995663981,5.0,2,Cc1ccc(-c2cc(C(=O)Nc3ccc(OC(F)(F)F)cc3)cnc2N2CC(C(C)(C)O)C2)cn1,IC50
CHEMBL3918804,8.824875990832918,1.5,6,O=C(Nc1ccc(OC(F)(F)Cl)cc1)c1cnc(N2CCOCC2)c(-c2ccn[nH]2)c1,IC50
CHEMBL3918819,7.34518491628705,45.5,4,COCCOc1ncc(C(=O)Nc2ccc(OC(F)(F)F)cc2)cc1-c1ccn[nH]1,IC50
CHEMBL3918845,8.311802778981367,5.0,4,O=C(Nc1ccc(OC(F)(F)F)cc1)c1cnc(N2CCOC(CO)C2)c(-c2cncnc2)c1,IC50
CHEMBL3919206,8.292513326014591,5.25,4,O=C(Nc1ccc(OC(F)(F)F)cc1)c1cnc(N2C3COCC2COC3)c(-c2cncnc2)c1,IC50
CHEMBL3919275,7.992320122295393,19.9,4,CCN(CCO)c1ncc(C(=O)Nc2ccc(OC(F)(F)F)cc2)cc1-c1cncc(C#N)c1,IC50
CHEMBL3919620,8.166852888087215,6.81,2,Cc1ccc(C(=O)Nc2ccc(CN3CCN(C)CC3)c(C(F)(F)F)c2)cc1C#Cc1ccc(-c2ncc[nH]2)nc1,IC50
CHEMBL3919800,8.58374554364688,2.7,4,O=C(Nc1ccc(OC(F)(F)F)cc1)c1cnc(N2C[C@@H](O)[C@@H](O)C2)c(-c2cncnc2)c1,IC50
CHEMBL3920051,8.638272163982407,2.3,2,CC1(O)CN(c2ncc(C(=O)Nc3ccc(OC(F)(F)F)cc3)cc2-c2cncnc2)C1,IC50
CHEMBL3920904,8.68837535480105,2.2,6,N[C@H]1CN(c2ccc(C(=O)Nc3ccc(OC(F)(F)Cl)cc3)cc2-c2ccn[nH]2)C[C@@H]1O,IC50
CHEMBL3921051,7.85409365626644,15.45,4,O=C(Nc1ccc(OC(F)(F)F)cc1)c1cnc(OC2CCOCC2)c(-c2cncnc2)c1,IC50
CHEMBL3921088,8.768801001050523,1.95,6,O=C(Nc1ccc(OC(F)(F)Cl)cc1)c1cnc(N2CCNC3(CC3)C2)c(-c2ccn[nH]2)c1,IC50
CHEMBL3921113,7.886056647693163,13.0,2,NC(=O)C1CCN(c2ncc(C(=O)Nc3ccc(OC(F)(F)F)cc3)cc2-c2cncnc2)CC1,IC50
CHEMBL3921200,8.723665891943902,2.9,4,CCN(CCO)c1ncc(C(=O)Nc2ccc(SC(F)(F)F)cc2)cc1-c1cncc(F)c1,IC50
CHEMBL3921587,8.68837535480105,2.6,6,C[C@]1(O)CCN(c2ncc(C(=O)Nc3ccc(OC(F)(F)F)cc3)cc2-c2ccn[nH]2)C1,IC50
CHEMBL3922003,9.077450979992872,0.85,8,CO[C@H]1CN(c2ncc(C(=O)Nc3ccc(OC(F)(F)Cl)cc3)cc2-c2ccn[nH]2)C[C@@H]1N,IC50
CHEMBL3922356,8.920818753952375,1.2,3,Cc1cc(-c2cc(C(=O)Nc3ccc(OC(F)(F)Cl)cc3)cnc2N2CC(CO)C2)[nH]n1,IC50
CHEMBL3922791,9.522878745280337,0.3,2,O=C(Nc1ccc(OC(F)(F)F)cc1)c1cnc(N2CC[C@H](CO)C2)c(-c2cnc(Cl)c(F)c2)c1,IC50
CHEMBL3922918,8.468521082957745,3.4,2,COc1ccc(C(=O)Nc2ccc(OC(F)(F)F)cc2)cc1-c1ccc(C(C)=O)s1,IC50
CHEMBL392301,6.886056647693163,130.0,1,CCSc1nc(NCCc2ccccc2)c2cnn(CC(Cl)c3ccccc3)c2n1,Ki
CHEMBL3923154,9.096910013008056,0.8,3,O=C(Nc1ccc(OC(F)(F)F)cc1)c1cnc(N2CCCC2)c(-c2ccn[nH]2)c1,IC50
CHEMBL3923412,8.670517578667782,2.5,4,O=C(Nc1ccc(OC(F)(F)Cl)cc1)c1cnc(OC2CCOCC2)c(-c2cncnc2)c1,IC50
CHEMBL3923589,8.387345359137068,4.1,6,CO[C@H]1CN(c2ccc(C(=O)Nc3ccc(OC(F)(F)F)cc3)cc2-c2cncs2)C[C@@H]1O,IC50
CHEMBL3923720,8.886056647693163,1.3,3,O=C(Nc1ccc(OC(F)(F)Cl)cc1)c1cnc(N2CCC3(CNC3)C2)c(-c2ccn[nH]2)c1,IC50
CHEMBL3924434,8.811711521471743,2.05,4,O=C(Nc1ccc(OC(F)(F)F)c(F)c1)c1cnc(N2CC[C@H](CO)C2)c(-c2cncc(F)c2)c1,IC50
CHEMBL3925052,8.897940008672037,1.4,4,CN(CCO)c1ncc(C(=O)Nc2ccc(OC(F)(F)Cl)cc2)cc1-c1cncnc1,IC50
CHEMBL3925769,9.096910013008056,0.8,3,O=C(Nc1ccc(OC(F)(F)Cl)cc1)c1cnc(N2CC(CO)C2)c(-c2[nH]ncc2F)c1,IC50
CHEMBL3926537,9.096910013008056,0.8,3,CC1(O)CCN(c2ncc(C(=O)Nc3ccc(OC(F)(F)Cl)cc3)cc2-c2ccn[nH]2)C1,IC50
CHEMBL3926555,7.568636235841013,27.0,2,Cn1cc(-c2cc(C(=O)Nc3ccc(OC(F)(F)F)cc3)ccc2Cl)cn1,IC50
CHEMBL3926819,7.6683380331858935,29.2,4,CCOc1ncc(C(=O)Nc2ccc(OC(F)(F)F)cc2)cc1-c1cncnc1,IC50
CHEMBL3927318,8.248786440007784,5.65,4,CN(C)C1CN(c2ncc(C(=O)Nc3ccc(OC(F)(F)F)cc3)cc2-c2cncnc2)C1,IC50
CHEMBL3927811,8.65051499783199,3.0,4,N[C@H]1CN(c2ccc(C(=O)Nc3ccc(OC(F)(F)Cl)cc3)cc2-c2cncnc2)C[C@@H]1O,IC50
CHEMBL3928323,8.926935982160881,1.35,4,Cc1ncc(-c2cc(C(=O)Nc3ccc(OC(F)(F)Cl)cc3)cnc2N2C[C@H](O)[C@@H](O)C2)cn1,IC50
CHEMBL3928824,8.481486060122112,3.3,2,CC1(O)CCN(c2ncc(C(=O)Nc3ccc(OC(F)(F)F)cc3)cc2-c2cncnc2)C1,IC50
CHEMBL3929135,8.259637310505756,5.5,3,O=C(Nc1ccc(OC(F)(F)Cl)cc1)c1cnc(N2CCC(F)(F)C2)c(-c2ccn[nH]2)c1,IC50
CHEMBL3929270,9.397940008672037,0.4,3,NCC1(O)CCN(c2ncc(C(=O)Nc3ccc(OC(F)(F)Cl)cc3)cc2-c2ccn[nH]2)C1,IC50
CHEMBL3930248,8.301029995663981,5.0,2,O=C(Nc1ccc(OC(F)(F)F)cc1)c1cnc(Cl)c(-c2ncc[nH]2)c1,IC50
CHEMBL3930961,8.434833115752497,3.75,6,O=C(Nc1ccc(OC(F)(F)F)cc1)c1cnc(N2CC(CO)C2)c(-c2ccn[nH]2)c1,IC50
CHEMBL3931127,8.690975951643953,4.4,4,NC12CC1CN(c1ncc(C(=O)Nc3ccc(OC(F)(F)Cl)cc3)cc1-c1cncnc1)C2,IC50
CHEMBL3931751,8.68837535480105,3.35,4,Cc1ncc(-c2cc(C(=O)Nc3ccc(OC(F)(F)F)cc3)cnc2N2CC[C@H](CO)C2)cc1F,IC50
CHEMBL3932037,8.6419983281826,2.3,4,NC1CN(c2ncc(C(=O)Nc3ccc(OC(F)(F)F)cc3)cc2-c2cncc(F)c2)C1,IC50
CHEMBL3932245,8.002182402701225,9.95,4,O=C(Nc1ccc(OC(F)(F)F)cc1)c1cnc(Cl)c(-c2cncnc2)c1,IC50
CHEMBL3933211,8.721848749616356,2.1,4,CC1(O)CN(c2ncc(C(=O)Nc3ccc(OC(F)(F)F)cc3)cc2-c2cccnc2)C1,IC50
CHEMBL3933477,7.246544637224241,57.0,4,COCCOc1ncc(C(=O)Nc2ccc(OC(F)(F)F)cc2)cc1-c1cncnc1,IC50
CHEMBL3933733,8.897940008672037,1.4,4,N#Cc1ccncc1-c1cc(C(=O)Nc2ccc(OC(F)(F)Cl)cc2)cnc1N1C[C@H](O)[C@@H](O)C1,IC50
CHEMBL3933980,8.721246399047171,1.9,2,O=C(Nc1ccc(OC(F)(F)F)cc1)c1cnc(N2CC(O)C2)c(-c2cncnc2)c1,IC50
CHEMBL3934436,8.809894379144197,2.3,4,CCN(CCO)c1ncc(C(=O)Nc2ccc(OC(F)(F)Cl)cc2)cc1-c1cncnc1,IC50
CHEMBL3935043,8.263256514967715,6.0,4,Cc1ccc(C(=O)Nc2ccc(OC(F)(F)F)cc2)cc1-c1cncnc1,IC50
CHEMBL3935476,9.0,1.0,3,O=C(Nc1ccc(OC(F)(F)Cl)cc1)c1cnc(N2CCN(CC(F)(F)F)CC2)c(-c2ccn[nH]2)c1,IC50
CHEMBL3935589,7.886056647693163,13.0,2,O=C(Nc1ccc(OC(F)(F)F)cc1)c1ccc(Cl)c(-c2cccnc2)c1,IC50
CHEMBL3935947,8.190440285364732,6.45,2,Cc1ccc(C(=O)Nc2ccc(CN3CCN(C)CC3)c(C(F)(F)F)c2)cc1C#Cc1cn(C)c(-c2ncc(C(F)(F)F)[nH]2)n1,IC50
CHEMBL3936180,7.356547323513812,44.0,2,O=C(Nc1ccc(OC(F)(F)F)cc1)c1ccc(F)c(-c2ccncc2)c1,IC50
CHEMBL3936374,8.91195437047216,1.75,6,O=C(Nc1ccc(OC(F)(F)Cl)cc1)c1cnc(N2C[C@H](O)[C@@H](F)C2)c(-c2ccn[nH]2)c1,IC50
CHEMBL3936417,8.120544053801012,7.6,6,Cc1cc(-c2cc(C(=O)Nc3ccc(OC(F)(F)F)cc3)cnc2N2CC(O)C2)[nH]n1,IC50
CHEMBL3936455,8.257139286759209,9.4,4,Cc1ccc(-c2cc(C(=O)Nc3ccc(OC(F)(F)F)cc3)ccc2N2C[C@H](O)[C@@H](O)C2)cn1,IC50
CHEMBL3936467,7.886056647693163,13.0,2,O=C(Nc1ccc(OC(F)(F)F)cc1)c1ccc(O)c(-c2cncnc2)c1,IC50
CHEMBL3936479,7.585026652029182,26.0,2,O=C(Nc1ccc(OC(F)(F)F)cc1)c1cnc(N2CC[C@H](CO)C2)c(-c2ccc(C3CC3)nc2)c1,IC50
CHEMBL3936682,8.64621491195103,3.05,4,O=C(Nc1ccc(OC(F)(F)Cl)cc1)c1cnc(N2CC(CO)C2)c(-c2cncnc2)c1,IC50
CHEMBL3937265,8.6259059864969,3.9,4,Cc1ccc(-c2cc(C(=O)Nc3ccc(OC(F)(F)F)cc3)cnc2N2CC(CO)C2)cn1,IC50
CHEMBL3937525,8.6259059864969,2.7,6,CN(CCO)c1ncc(C(=O)Nc2ccc(OC(F)(F)Cl)cc2)cc1-c1cncc(C#N)c1,IC50
CHEMBL3937661,8.784318117920506,1.95,4,O=C(Nc1ccc(OC(F)(F)Cl)cc1)c1cnc(N2CC[C@H](CO)C2)c(-c2cncnc2)c1,IC50
CHEMBL3937862,6.180456064458132,660.0,2,O=C(Nc1ccc(OC(F)(F)F)cc1)c1cncc(-c2cncnc2)n1,IC50
CHEMBL3938427,9.05395269865476,0.95,4,NCC1CN(c2ncc(C(=O)Nc3ccc(OC(F)(F)Cl)cc3)cc2-c2cncc(F)c2)CC1O,IC50
CHEMBL3939040,9.698970004336019,0.2,2,O=C(Nc1ccc(OC(F)(F)F)cc1)c1cnc(N2CC[C@H](CO)C2)c(-c2cncnc2)c1,IC50
CHEMBL3939150,7.337242168318426,46.0,1,Cc1ccc(C(=O)N2CCC(Oc3cc(NC(=O)c4ccc(CN5CCN(C)CC5)c(C(F)(F)F)c4)ccc3C)CC2)cn1,IC50
CHEMBL3939263,7.886056647693163,13.0,2,COc1ccc(C(=O)Nc2ccc(OC(F)(F)F)cc2)cc1-c1cc[nH]n1,IC50
CHEMBL3939643,9.198970004336019,0.7,6,N#Cc1ccc(-c2cc(C(=O)Nc3ccc(OC(F)(F)Cl)cc3)cnc2N2C[C@H](O)[C@@H](O)C2)[nH]1,IC50
CHEMBL3939723,7.0,100.0,1,Cc1nc(N)cc(N(CC(=O)NO)c2ncc(C(=O)Nc3c(C)cccc3Cl)s2)n1,IC50
CHEMBL3939870,8.853871964321762,1.4,2,Cc1ncc(-c2cc(C(=O)Nc3ccc(OC(F)(F)F)cc3)cnc2N2CC(C)(O)C2)cc1F,IC50
CHEMBL3941239,7.161150909262744,69.0,2,COc1ncccc1-c1cncc(C(=O)Nc2ccc(OC(F)(F)F)cc2)c1,IC50
CHEMBL3941486,9.154901959985743,0.7,2,CN(C)[C@H]1CN(c2ncc(C(=O)Nc3ccc(OC(F)(F)Cl)cc3)cc2-c2cncnc2)C[C@@H]1O,IC50
CHEMBL3941523,8.494850021680094,3.2,2,COc1ccc(C(=O)Nc2ccc(OC(F)(F)F)cc2)cc1-c1cccnc1,IC50
CHEMBL3941562,8.244125144327509,5.7,3,O=C(Nc1ccc(OC(F)(F)Cl)cc1)c1cnc(NCC(O)CCO)c(-c2ccn[nH]2)c1,IC50
CHEMBL3941662,7.508638306165727,31.0,2,O=C(Nc1ccc(OC(F)(F)F)cc1)c1ccc(F)c(-c2cc[nH]n2)c1,IC50
CHEMBL3942117,9.048455006504028,1.2,4,O=C(Nc1ccc(OC(F)(F)Cl)cc1)c1cnc(N2CCNC3(CC3)C2)c(-c2cncnc2)c1,IC50
CHEMBL3942231,9.0,1.0,6,O=C(Nc1ccc(OC(F)(F)Cl)cc1)c1cnc(N2C[C@@H](O)[C@@H](O)C2)c(-c2cncnc2)c1,IC50
CHEMBL3942251,9.154901959985743,0.7,3,CC1(O)CN(c2ncc(C(=O)Nc3ccc(OC(F)(F)Cl)cc3)cc2-c2[nH]ncc2F)C1,IC50
CHEMBL3943529,8.18045606445813,6.6,2,N#CC1(c2ncc(C(=O)Nc3ccc(OC(F)(F)F)cc3)cc2-c2cncnc2)CCOCC1,IC50
CHEMBL3943799,8.740743030061056,2.05,6,O=C(Nc1ccc(OC(F)(F)Cl)cc1)c1cnc(N2CC[C@@H](CO)[C@@H](O)C2)c(-c2cncnc2)c1,IC50
CHEMBL3943826,8.522878745280337,3.0,2,O=C(Nc1ccc(OC(F)(F)Cl)cc1)c1cnc(N2C[C@H](O)[C@@H](O)C2)c(-c2cncc(F)c2)c1,IC50
CHEMBL3944135,9.261439372640169,0.65,4,NC[C@@H]1CCN(c2ncc(C(=O)Nc3ccc(OC(F)(F)Cl)cc3)cc2-c2cncnc2)C1,IC50
CHEMBL3944291,8.0,10.0,2,CC1(O)CN(c2ncc(C(=O)Nc3ccc(OC(F)(F)F)cc3)cc2-c2cnc(Cl)c(F)c2)C1,IC50
CHEMBL3944484,8.4089353929735,3.9,2,N#Cc1cncc(-c2cccc(C(=O)Nc3ccc(OC(F)(F)F)cc3)c2)c1,IC50
CHEMBL3944685,8.00436480540245,9.9,2,COc1ccc(C(=O)Nc2ccc(OC(F)(F)F)cc2)cc1-c1ccc2c(c1)OCO2,IC50
CHEMBL3945273,9.154901959985743,0.7,3,O=C(Nc1ccc(OC(F)(F)Cl)cc1)c1ccc(N2C[C@H](O)[C@@H](O)C2)c(-c2ccn[nH]2)c1,IC50
CHEMBL3945312,8.0633396990923,8.65,6,O=C(Nc1ccc(OC(F)(F)F)cc1)c1cnc(N2CCNC3(CC3)C2)c(-c2ccn[nH]2)c1,IC50
CHEMBL3945358,8.580575454631372,2.65,4,Cc1ncc(C(=O)Nc2ccc(OC(F)(F)F)cc2)cc1-c1cncnc1,IC50
CHEMBL3945503,6.27670811865285,553.5,4,O=C(Nc1ccc(OC(F)(F)F)cc1)c1cnc(OCCO)c(-c2ccn[nH]2)c1,IC50
CHEMBL3945801,8.571333751784366,4.45,4,N#Cc1cncc(-c2cc(C(=O)Nc3ccc(SC(F)(F)F)cc3)cnc2N2CC[C@H](CO)C2)c1,IC50
CHEMBL394619,6.399996913372259,398.11,1,Cc1cccc(NC(=O)Nc2ccc(-c3csc4ccnc(N)c34)cc2)c1,Ki
CHEMBL3946836,8.309803919971486,4.9,2,O=C(Nc1ccc(OC(F)(F)F)cc1)c1ccc(Cl)c(-c2cc[nH]n2)c1,IC50
CHEMBL3947817,8.431956951307951,4.05,6,O=C(Nc1ccc(OC(F)(F)Cl)cc1)c1cnc(N2CCN(CCF)CC2)c(-c2ccn[nH]2)c1,IC50
CHEMBL3948857,7.638272163982407,23.0,4,O=C(Nc1ccc(OC(F)(F)F)cc1)c1cnc(OCCO)c(-c2cncnc2)c1,IC50
CHEMBL3949052,9.0,1.0,2,Cc1ccc(F)cc1-c1cc(C(=O)Nc2ccc(OC(F)(F)Cl)cc2)cnc1N1C[C@H](O)[C@@H](O)C1,IC50
CHEMBL3950047,9.301029995663981,0.5,3,O=C(Nc1ccc(OC(F)(F)Cl)cc1)c1cnc(N2CC(O)C2)c(-c2ccn[nH]2)c1,IC50
CHEMBL3950095,6.216275069228457,612.0,4,O=C(Nc1ccc(OC(F)(F)F)cc1)c1cccc(-c2cncnc2)n1,IC50
CHEMBL3950377,8.522878745280337,3.0,2,Cc1ccc(C(=O)Nc2ccc(OC(F)(F)F)cc2)cc1-c1cncs1,IC50
CHEMBL3950645,8.443697499232712,3.6,2,O=C(Nc1ccc(OC(F)(F)F)cc1)c1ccc(OCCN2CCOCC2)c(-c2cncnc2)c1,IC50
CHEMBL3951132,8.031517051446064,9.3,2,CC(C)(O)c1ncc(C(=O)Nc2ccc(OC(F)(F)F)cc2)cc1-c1cncnc1,IC50
CHEMBL3951215,7.2373214362725635,57.9,2,Cc1ccc(C(=O)Nc2ccc(CN3CCN(C)CC3)c(C(F)(F)F)c2)cc1C#Cc1ccc(-c2ncc(C(F)(F)F)[nH]2)nc1,IC50
CHEMBL3951432,8.63420561740663,3.0,6,NCC1(F)CCN(c2ncc(C(=O)Nc3ccc(OC(F)(F)Cl)cc3)cc2-c2ccn[nH]2)C1,IC50
CHEMBL3951459,8.397940008672037,4.0,6,O=C(Nc1ccc(OC(F)(F)F)c(F)c1)c1cnc(N2CC[C@H](CO)C2)c(-c2cncnc2)c1,IC50
CHEMBL3951572,8.221848749616356,10.0,6,Cc1cc(-c2cc(C(=O)Nc3ccc(OC(F)(F)F)cc3)cnc2N2CC(CO)C2)[nH]n1,IC50
CHEMBL3951931,8.590228032229065,5.8,4,N#Cc1cncc(-c2cc(C(=O)Nc3ccc(OC(F)(F)Cl)cc3)cnc2N2CC[C@H](CO)C2)c1,IC50
CHEMBL3952440,8.648784731777237,3.25,6,CN(C)C1CN(c2ncc(C(=O)Nc3ccc(OC(F)(F)Cl)cc3)cc2-c2ccn[nH]2)C1,IC50
CHEMBL3952608,8.734260541478871,1.85,4,CO[C@H]1CN(c2ncc(C(=O)Nc3ccc(OC(F)(F)F)cc3)cc2-c2cncc(F)c2)C[C@@H]1N,IC50
CHEMBL3952623,8.060480747381382,8.7,2,COc1ccc(C(=O)Nc2ccc(OC(F)(F)F)cc2)cc1-c1ccncc1,IC50
CHEMBL3952900,8.481486060122112,3.3,3,O=C(Nc1ccc(OC(F)(F)F)cc1)c1cnc(N2CCCC2)c(-c2cc(CO)n[nH]2)c1,IC50
CHEMBL3953095,8.853871964321762,1.4,4,Cc1ncncc1-c1cc(C(=O)Nc2ccc(OC(F)(F)Cl)cc2)ccc1N1C[C@H](O)[C@@H](O)C1,IC50
CHEMBL3953321,8.659379381312206,3.4,4,CCN(CCO)c1ncc(C(=O)Nc2ccc(OC(F)(F)Cl)cc2)cc1-c1cncc(C#N)c1,IC50
CHEMBL3953423,7.443697499232712,36.0,2,O=C(Nc1ccc(OC(F)(F)F)cc1)c1cccc(-c2cncnc2)c1F,IC50
CHEMBL3953864,8.022276394711152,9.5,2,O=C(Nc1ccc(OC(F)(F)Cl)cc1)c1cccc(-c2cncnc2)c1,IC50
CHEMBL3954059,8.352546544697404,4.6,6,O=C(Nc1ccc(OC(F)(F)Cl)cc1)c1cnc(N2CCN(C3CC3)CC2)c(-c2ccn[nH]2)c1,IC50
CHEMBL3954083,8.455931955649724,3.5,2,O=C(Nc1ccc(OC(F)(F)F)cc1)c1cnc(N2CCC3(COC3)C2)c(-c2cncnc2)c1,IC50
CHEMBL3954137,4.710108201691595,19500.0,2,COc1ccc(-c2nnc3n(-c4ccccc4)c(=O)c4cnn(-c5ccccc5)c4n23)cc1,IC50
CHEMBL3954214,8.318758762624412,4.8,6,O=C(Nc1ccc(OC(F)(F)F)cc1)c1cnc(N2CC[C@H](O)C2)c(-c2cncnc2)c1,IC50
CHEMBL3956542,8.2518119729938,5.6,5,O=C(Nc1ccc(OC(F)(F)F)cc1)c1cccc(-c2cncnc2)c1,IC50
CHEMBL3957410,8.710108201691595,1.95,6,O=C(Nc1ccc(OC(F)(F)F)cc1)c1cnc(N2CC(O)C2)c(-c2ccn[nH]2)c1,IC50
CHEMBL3957513,8.3767507096021,4.2,2,O=C(Nc1ccc(OC(F)(F)F)cc1)c1cnc(OCCNCCO)c(-c2cncnc2)c1,IC50
CHEMBL3957831,8.221848749616356,6.0,1,Cc1cncc(C(=O)N2CCC(Oc3cc(NC(=O)c4ccc(CN5CCN(C)CC5)c(C(F)(F)F)c4)ccc3C)CC2)c1,IC50
CHEMBL3958479,8.460409376976187,4.75,6,CN(C)C1CN(c2ncc(C(=O)Nc3ccc(OC(F)(F)F)cc3)cc2-c2ccn[nH]2)C1,IC50
CHEMBL3958784,7.585026652029182,26.0,2,O=C(Nc1ccc(OC(F)(F)F)cc1)c1cncc(-c2cncc(F)c2)c1,IC50
CHEMBL3959105,6.632644078973981,233.0,2,O=C(Nc1ccc(CC(F)(F)F)cc1)c1cccc(-c2cncnc2)c1,IC50
CHEMBL3959733,8.895242492728684,1.35,6,CCN(CCO)c1ncc(C(=O)Nc2ccc(OC(F)(F)F)cc2)cc1-c1ccn[nH]1,IC50
CHEMBL3959851,8.0,10.0,2,O=C(Nc1ccc(OC(F)(F)F)cc1)c1cnc(N2CCC(O)C2)c(-c2cncnc2)c1,IC50
CHEMBL3959861,8.795880017344075,1.6,2,COC(=O)c1ccc(C(=O)Nc2ccc(OC(F)(F)F)cc2)cc1-c1cncnc1,IC50
CHEMBL3960404,8.154901959985743,7.0,2,O=C(Nc1ccc(OC(F)(F)F)cc1)c1cnc(N2CCC(O)C2)c(-c2ccncc2)c1,IC50
CHEMBL3960726,9.0,1.0,2,CN(CCO)c1ncc(C(=O)Nc2ccc(OC(F)(F)F)cc2)cc1-c1cncc(F)c1,IC50
CHEMBL3961140,8.561891079704179,3.1500000000000004,4,O=C(Nc1ccc(OC(F)(F)F)cc1)c1cnc(N2CCC(F)(F)C2)c(-c2cncnc2)c1,IC50
CHEMBL3962285,8.897940008672037,1.4,6,Cc1cc(-c2cc(C(=O)Nc3ccc(OC(F)(F)Cl)cc3)ccc2N2C[C@H](N)[C@@H](O)C2)[nH]n1,IC50
CHEMBL3962532,8.397940008672037,4.0,2,Cc1ccc(C(=O)Nc2ccc(OC(F)(F)F)cc2)cc1-c1cccnc1,IC50
CHEMBL3962584,7.920818753952375,12.0,2,COc1ncc(-c2cc(C(=O)Nc3ccc(OC(F)(F)F)cc3)ccc2F)cn1,IC50
CHEMBL3962651,7.522878745280337,30.0,1,Cc1ccc(NC(=O)c2ccc(CN3CCN(C)CC3)c(C(F)(F)F)c2)cc1OC1CCN(C(=O)c2ccccn2)CC1,IC50
CHEMBL3962815,8.221848749616356,6.0,2,CC(C)(O)C1CCN(c2ncc(C(=O)Nc3ccc(OC(F)(F)F)cc3)cc2-c2cccnc2)C1,IC50
CHEMBL3962900,8.508864383480216,3.1,6,O=C(Nc1ccc(OC(F)(F)F)cc1)c1ccc(N2C[C@H](O)[C@@H](O)C2)c(-c2cncs2)c1,IC50
CHEMBL3962922,8.434833115752497,3.75,6,O=C(Nc1ccc(OC(F)(F)Cl)cc1)c1cnc(N2CCCC3(CCN3)C2)c(-c2ccn[nH]2)c1,IC50
CHEMBL3963812,7.934994025164048,13.05,6,N#Cc1cc(-c2cc(C(=O)Nc3ccc(OC(F)(F)F)cc3)cnc2N2CCCC2)[nH]n1,IC50
CHEMBL3964661,8.468521082957745,3.4,2,COc1ccc(C(=O)Nc2ccc(OC(F)(F)F)cc2)cc1-c1ccc(F)nc1,IC50
CHEMBL3964879,8.828788659588897,1.6,4,Cc1ncc(-c2cc(C(=O)Nc3ccc(OC(F)(F)Cl)cc3)ccc2N2C[C@H](O)[C@@H](O)C2)cn1,IC50
CHEMBL3965050,7.365243527891042,56.5,4,O=C(Nc1ccc(OC(F)(F)F)cc1)c1cc(-c2cncnc2)ccc1F,IC50
CHEMBL3965179,9.34948500216801,0.6,6,Cc1cc(-c2cc(C(=O)Nc3ccc(OC(F)(F)Cl)cc3)cnc2N2CC(O)C2)[nH]n1,IC50
CHEMBL396523,6.299997602857746,501.19,1,O=C(O)c1ccccc1Nc1ccnc(Nc2ccc3[nH]ncc3c2)n1,Ki
CHEMBL3965671,7.657577319177793,22.0,2,O=C(Nc1ccc(OC(F)(F)F)cc1)c1cnc(C(F)(F)F)c(-c2cncnc2)c1,IC50
CHEMBL3965771,8.397940008672037,4.0,2,O=C(Nc1ccc(OC(F)(F)F)cc1)c1cnc(N2CCCNCC2)c(-c2cccnc2)c1,IC50
CHEMBL3966024,7.886056647693163,13.0,2,O=C(Nc1ccc(OC(F)(F)F)cc1)c1ccc(F)c(-c2cccnc2)c1,IC50
CHEMBL3966536,5.541060138109674,2877.0,1,CNCCOc1ccc(-c2sc3nc(-c4cccs4)nc(NN4C(=O)C=C(C)C4=O)c3c2C)cc1.Cl,IC50
CHEMBL3967070,9.698970004336019,0.2,6,CC1(O)CN(c2ncc(C(=O)Nc3ccc(OC(F)(F)F)cc3)cc2-c2ncc[nH]2)C1,IC50
CHEMBL3967164,4.1830961606243395,65600.0,1,O=C(NNc1nc2c(cnn2-c2ccccc2)c(=O)n1-c1ccccc1)c1ccc(Cl)cc1,IC50
CHEMBL3967484,7.886056647693163,13.0,2,O=C(Nc1ccc(OC(F)(F)F)cc1)c1ccnc(-c2cncnc2)c1,IC50
CHEMBL3968302,8.267606240177031,5.4,2,CN(CCO)c1ncc(C(=O)Nc2ccc(OC(F)(F)F)cc2)cc1-c1cccnc1,IC50
CHEMBL3968914,8.522878745280337,3.0,2,CCN(CCO)c1ncc(C(=O)Nc2ccc(SC(F)(F)F)cc2)cc1-c1cncnc1,IC50
CHEMBL3969546,8.336832069535625,4.65,6,CC1(O)CN(c2ncc(C(=O)Nc3ccc(OC(F)(F)F)cc3)cc2-c2ccn[nH]2)C1,IC50
CHEMBL3969764,6.821032576499773,157.0,4,O=C(Nc1ccc(OC(F)(F)F)cc1)c1cncc(-c2cnn(CCO)c2)c1,IC50
CHEMBL3970195,8.481486060122112,3.3,2,COC(=O)c1cc(-c2cccc(C(=O)Nc3ccc(OC(F)(F)F)cc3)c2)cs1,IC50
CHEMBL3970802,7.113509274827518,77.0,2,O=C(Nc1ccc(OC(F)(F)F)cc1)c1cncc(-c2cccnc2O)c1,IC50
CHEMBL3970905,8.678273661756906,2.55,4,CC(C)(O)C1CN(c2ncc(C(=O)Nc3ccc(OC(F)(F)F)cc3)cc2-c2cccnc2)C1,IC50
CHEMBL3971478,8.449814727441218,3.6,6,O=C(Nc1ccc(OC(F)(F)F)cc1)c1ccc(N2C[C@H](O)[C@@H](O)C2)c(-c2ccc[nH]2)c1,IC50
CHEMBL3971948,8.765088992010918,3.2,4,O=C(Nc1ccc(SC(F)(F)F)cc1)c1cnc(N2CC[C@H](CO)C2)c(-c2cncc(F)c2)c1,IC50
CHEMBL3972135,8.537602002101044,2.9,2,O=C(Nc1ccc(OC(F)(F)Cl)cc1)c1cnc(Cl)c(-c2cncnc2)c1,IC50
CHEMBL3973518,9.022878745280337,0.95,4,N#Cc1cncc(-c2cc(C(=O)Nc3ccc(OC(F)(F)F)c(F)c3)cnc2N2CC[C@H](CO)C2)c1,IC50
CHEMBL3973884,8.033256356075647,14.65,6,O=C(Nc1ccc(OC(F)(F)Cl)cc1)c1cnc(N2CCN(CC(F)F)CC2)c(-c2ccn[nH]2)c1,IC50
CHEMBL3973934,8.187086643357144,6.5,2,O=C(Nc1ccc(OC(F)(F)F)cc1)c1cccc(-c2cnc(OCCO)nc2)c1,IC50
CHEMBL3974180,9.018106086327222,1.3499999999999999,4,CN(CCO)c1ncc(C(=O)Nc2ccc(SC(F)(F)F)cc2)cc1-c1cncc(F)c1,IC50
CHEMBL3974327,8.67366413907125,2.12,2,Cc1ccc(C(=O)Nc2ccc(CN3CCN(C)CC3)c(C(F)(F)F)c2)cc1C#Cc1cnc2[nH]ccc2n1,IC50
CHEMBL3974522,7.455931955649724,35.0,2,Cn1cc(-c2cc(C(=O)Nc3ccc(OC(F)(F)F)cc3)ccc2F)cn1,IC50
CHEMBL3975996,6.187086643357144,650.0,2,O=C(Nc1ccc(OC(F)(F)F)cc1)c1cc(-c2cncnc2)ccn1,IC50
CHEMBL3976713,9.154901959985743,0.7,2,N#Cc1cncc(-c2cc(C(=O)Nc3ccc(OC(F)(F)F)cc3)cnc2N2CC[C@H](CO)C2)c1,IC50
CHEMBL3977018,8.897940008672037,2.2,4,Cc1ncc(-c2cc(C(=O)Nc3ccc(OC(F)(F)F)cc3)cnc2N2CC(CO)C2)cc1F,IC50
CHEMBL3977120,8.4089353929735,3.9,2,O=C(Nc1ccc(OC(F)(F)Cl)cc1)c1cnc(Cl)c(-c2cncc(F)c2)c1,IC50
CHEMBL3977220,8.979303657420887,1.05,4,O=C(Nc1ccc(OC(F)(F)F)cc1)c1cnc(N2Cc3cn[nH]c3C2)c(-c2cncnc2)c1,IC50
CHEMBL3977260,8.301029995663981,5.0,2,Cc1ccc(-c2cc(C(=O)Nc3ccc(OC(F)(F)F)cc3)cnc2N2CC[C@@H](CN)C2)cn1,IC50
CHEMBL3977958,8.397940008672037,4.0,2,O=C(Nc1ccc(OC(F)(F)F)cc1)c1cnc(N2CCCC(O)C2)c(-c2cccnc2)c1,IC50
CHEMBL3978018,8.508638306165727,3.1,2,O=C(Nc1ccc(OC(F)(F)F)cc1)c1cccc(-c2cnccn2)c1,IC50
CHEMBL3979039,7.978810700930062,17.5,4,Nc1ncc(-c2cncc(C(=O)Nc3ccc(OC(F)(F)F)cc3)c2)cn1,IC50
CHEMBL3979129,8.55395269865476,2.8,4,O=C(Nc1ccc(OC(F)(F)F)cc1)c1cnc(N2CCOCC2)c(-c2ccc(CO)nc2)c1,IC50
CHEMBL3979404,8.397940008672037,4.0,2,Cc1ccc(C(=O)Nc2ccc(OC(F)(F)F)cc2)cc1-n1ccnc1,IC50
CHEMBL3979517,8.41195437047216,4.0,6,NC12CC1CN(c1ncc(C(=O)Nc3ccc(OC(F)(F)F)cc3)cc1-c1ccn[nH]1)C2,IC50
CHEMBL3980432,9.048455006504028,0.9,4,CO[C@H]1CN(c2ncc(C(=O)Nc3ccc(OC(F)(F)Cl)cc3)cc2-c2cncc(F)c2)C[C@@H]1N,IC50
CHEMBL3980913,9.045757490560675,0.9,2,Nc1ncc(-c2cc(C(=O)Nc3ccc(OC(F)(F)F)cc3)cnc2N2CCCC2)cn1,IC50
CHEMBL3981125,8.678273661756906,2.55,4,Cc1ccc(-c2cc(C(=O)Nc3ccc(OC(F)(F)F)cc3)cnc2N2CC(O)C2)cn1,IC50
CHEMBL3981232,9.048455006504028,2.1,6,NC1CN(c2ncc(C(=O)Nc3ccc(OC(F)(F)Cl)cc3)cc2-c2ccn[nH]2)C1,IC50
CHEMBL3981592,8.721246399047171,1.9,2,O=C(Nc1ccc(OC(F)(F)F)cc1)c1cccc(-n2ccnc2)c1,IC50
CHEMBL3981919,8.261439372640169,15.5,4,CC(C)(C#N)c1ncc(C(=O)Nc2ccc(OC(F)(F)F)cc2)cc1-c1cncnc1,IC50
CHEMBL3982715,8.196272488392665,6.55,6,O=C(Nc1ccc(OC(F)(F)F)cc1)c1cnc(N2CCOC(CO)C2)c(-c2ccn[nH]2)c1,IC50
CHEMBL398279,8.059593203859604,38.5,4,Cc1cc(-c2cc(O)ccc2Br)cc2nnc(Nc3ccc(S(=O)(=O)NCCN4CCCC4)cc3)nc12,Ki
CHEMBL3983162,8.853871964321762,1.4,3,CN(C)[C@H]1CN(c2ncc(C(=O)Nc3ccc(OC(F)(F)Cl)cc3)cc2-c2ccn[nH]2)C[C@@H]1O,IC50
CHEMBL3983676,3.958607314841775,110000.0,1,O=c1c2cnn(-c3ccccc3)c2nc(N/N=C/c2ccc(F)cc2)n1-c1ccccc1,IC50
CHEMBL3983928,8.823908740944319,1.5,2,CC1(O)CN(c2ncc(C(=O)Nc3ccc(OC(F)(F)F)cc3)cc2-c2cncc(F)c2)C1,IC50
CHEMBL3984212,8.761439372640169,1.75,8,O=C(Nc1ccc(OC(F)(F)Cl)cc1)c1cnc(N2CCC(O)CC2)c(-c2ccn[nH]2)c1,IC50
CHEMBL3984547,8.943028323846582,1.15,6,CCN(CCO)c1ncc(C(=O)Nc2ccc(OC(F)(F)Cl)cc2)cc1-c1ccn[nH]1,IC50
CHEMBL3985022,8.518578659399378,3.05,6,CN(CCO)c1ncc(C(=O)Nc2ccc(OC(F)(F)Cl)cc2)cc1-c1ccn[nH]1,IC50
CHEMBL3985189,7.259637310505756,55.0,2,O=C(Nc1ccc(OC(F)(F)F)cc1)c1cnc(Cl)c(-c2ccn[nH]2)c1,IC50
CHEMBL3986023,8.18045606445813,6.6,3,O=C(Nc1ccc(OC(F)(F)Cl)cc1)c1cnc(NCCC(O)CO)c(-c2ccn[nH]2)c1,IC50
CHEMBL398606,5.958607314841775,1100.0,1,CC(C)NCc1ccc(Nc2cc(-c3ccc(-c4ccc(O)cc4O)cc3)[nH]n2)cc1,IC50
CHEMBL3986132,8.828788659588897,2.95,4,O=C(Nc1ccc(OC(F)(F)F)cc1)c1ccc(N2CCOC2=O)c(-c2cncnc2)c1,IC50
CHEMBL3986284,8.096910013008056,8.0,6,Cc1ncc(-c2cc(C(=O)Nc3ccc(OC(F)(F)F)cc3)cnc2N2CC(C)(O)C2)cn1,IC50
CHEMBL3986873,9.221848749616356,0.6,2,O=C(Nc1ccc(OC(F)(F)Cl)cc1)c1cnc(N2Cc3cn[nH]c3C2)c(-c2cncnc2)c1,IC50
CHEMBL3987130,8.221848749616356,6.0,2,O=C(Nc1ccc(OC(F)(F)F)cc1)c1cnc(C2=CCOCC2)c(-c2cncnc2)c1,IC50
CHEMBL398845,7.621872175622883,83.25,2,CCN(CC)CCN1CCC(S(=O)(=O)c2ccc(Nc3nnc4cc(-c5cc(O)ccc5Cl)cc(C)c4n3)cc2)CC1,Ki
CHEMBL3989870,7.229147988357855,59.0,1,CNCc1ccc(-c2cc(-c3nc(-c4ccc(S(=O)(=O)C(C)C)cc4)cnc3N)on2)cc1,Ki
CHEMBL399246,8.48940535046503,10.75,2,Cc1cc(-c2cc(O)ccc2Cl)cc2nnc(Nc3ccc(C(=O)N4CCN(C)CC4)cc3)nc12,Ki
CHEMBL399268,8.2827155479829,8.85,2,Cc1cc(-c2cc(O)ccc2Cl)cc2nnc(Nc3ccc(S(=O)(=O)CCCN4CCCC4)cc3)nc12,Ki
CHEMBL399438,6.522878745280337,300.0,1,N#Cc1cnc2cc(-c3ccc(CN4CCOCC4)cc3)ccc2c1N[C@@H]1C[C@H]1c1ccccc1,Ki
CHEMBL399627,6.823908740944319,150.0,1,CSc1nc(Nc2cccc(Br)c2)c2cnn(CC(Cl)c3ccc(F)cc3)c2n1,Ki
CHEMBL400211,6.221848749616356,600.0,3,CSc1nc(Nc2cccc(Cl)c2)c2cnn(CC(Cl)c3ccccc3)c2n1,Ki
CHEMBL400303,7.434833115752497,38.5,4,Cc1cc(-c2c(Cl)ccc(O)c2Cl)cc2nnc(Nc3ccc(S(=O)(=O)NCCN4CCCC4)cc3)nc12,Ki
CHEMBL400402,8.07284697909946,28.15,2,Cc1cc(-c2cc(O)ccc2Cl)cc2nnc(Nc3ccc(OCCN4CCCC4)cc3)nc12,Ki
CHEMBL400403,7.951892707326797,25.3,2,Cc1cc(-c2cc(O)ccc2Cl)cc2nnc(Nc3ccc(C(=O)NCCN4CCCC4)cc3)nc12,Ki
CHEMBL401238,6.3979400086720375,400.0,2,CSc1nc(Nc2ccccc2)c2cnn(CC(Cl)c3ccccc3)c2n1,Ki
CHEMBL401251,6.4089353929735005,390.0,1,COCCOc1cc2ncc(C#N)c(N[C@@H]3C[C@H]3c3ccccc3)c2cc1OC,Ki
CHEMBL401447,6.823908740944319,150.0,1,CCCSc1nc(Nc2cccc(Cl)c2)c2cnn(CC(Cl)c3ccccc3)c2n1,Ki
CHEMBL402288,6.565431095965801,272.0,1,O=C(Nc1nnc(SCc2cccc(F)c2)s1)c1ccccc1Cl,Ki
CHEMBL402548,8.100015437450608,7.943,3,CO[C@@H](C(=O)N1Cc2[nH]nc(NC(=O)c3ccc(N4CCN(C)CC4)cc3)c2C1)c1ccccc1,IC50
CHEMBL402568,7.036212172654444,92.0,1,O=C(Nc1nnc(SCc2ccc([N+](=O)[O-])cc2)s1)c1ccc(Cl)cc1,Ki
CHEMBL402891,6.709965388637482,195.0,1,COc1ccc(CSc2nnc(NC(=O)c3ccc(F)cc3)s2)cc1,Ki
CHEMBL403402,7.100015437450609,79.43,1,Nc1n[nH]c2nccc(-c3ccc(NC(=O)Nc4cc(C(F)(F)F)ccc4F)cc3)c12,Ki
CHEMBL403731,7.327902142064283,47.0,1,O=C(Nc1nnc(SCc2ccc(Br)cc2)s1)c1ccc(Cl)cc1,Ki
CHEMBL404366,6.499996931948306,316.23,1,Cn1nc(N)c2c(-c3ccc(NC(=O)Nc4cccc(Cl)c4)cc3)cncc21,Ki
CHEMBL404666,6.2839966563652006,520.0,1,CC(C)(C)N1CN(c2ccc(Cl)cc2)C(N)=C2C=NN=C21,Ki
CHEMBL405059,4.590066876668706,25700.0,1,CCCCCN(CCCCC)C(=O)[C@H](C)NC(=O)[C@@H](NC(=O)[C@H](Cc1ccc(OP(=O)(O)O)cc1)NC(C)=O)C(C)C,IC50
CHEMBL4062453,7.698970004336019,20.0,1,CN(C)CCn1cc(-c2ccn3c(-c4ccc(C(N)=O)c(OCc5cccc(F)c5)c4)cnc3c2)cn1,IC50
CHEMBL4062803,5.282329496997738,5220.0,1,Cc1n[nH]c2cc(Nc3nc(NC4CC4)c4occc4n3)ccc12,IC50
CHEMBL4062877,8.537602002101044,2.9,1,Cc1n[nH]c2ccc(-c3cc(N[C@@H](CO)c4ccccc4)cnc3-c3cc(F)ccc3O)cc12,IC50
CHEMBL406658,7.096910013008056,80.0,5,Fc1ccc(CNc2ncnc3c2cnn3CC(Cl)c2ccc(Cl)cc2)cc1,IC50
CHEMBL4066664,5.273272790973428,5330.0,1,FC(F)(F)CNc1nc(Nc2ccc3cn[nH]c3c2)nc2ccoc12,IC50
CHEMBL4067871,8.366531544420413,4.3,1,OC[C@H](Nc1cnc(-c2cc(Cl)ccc2O)c(-c2ccc3cnccc3c2)c1)c1ccccc1,IC50
CHEMBL406845,6.764471553092451,172.0,4,CC(C)(C)n1nc(-c2ccc(Cl)cc2)c2c(N)ncnc21,IC50
CHEMBL4069365,6.38933983691012,408.0,1,CC1(C)OCC(=O)Nc2cc(Nc3nc(NCC(F)(F)F)c4occc4n3)ccc21,IC50
CHEMBL4075917,8.214670164989233,6.1,1,Cc1n[nH]c2ccc(-c3cc(N[C@@H](CO)c4ccccc4)cnc3-c3ccc(F)cc3O)cc12,IC50
CHEMBL4078893,5.560667306169737,2750.0,1,FC(F)(F)CNc1nc(Nc2ccc(N3CCOCC3)c(Cl)c2)nc2ccoc12,IC50
CHEMBL40798,5.920818753952375,1200.0,1,CCCCNc1nc(SC)nc2c1cnn2CC(Cl)c1ccccc1,Ki
CHEMBL408291,6.119186407719209,760.0,1,O=C(Nc1nnc(SCc2cccc(Cl)c2)s1)c1ccccc1Cl,Ki
CHEMBL4088216,6.0,1000.0,1,CN1C(=O)[C@@H](N2CCc3cn(Cc4ccccc4)nc3C2=O)COc2ccccc21,IC50
CHEMBL408966,7.096910013008056,80.0,1,Clc1ccc(C(Cl)Cn2ncc3c(NCc4cccc(Cl)c4)ncnc32)cc1,Ki
CHEMBL409082,7.154901959985743,70.0,1,O=C(Nc1nnc(SCc2ccccc2)s1)c1ccc(F)cc1,Ki
CHEMBL4091022,4.154901959985743,70000.0,1,CSc1nc(NCc2ccccc2)c2ccn(Cc3ccc(F)cc3)c2n1,IC50
CHEMBL4091628,7.634512015109101,23.2,1,CN1CCN(Cc2ccc(NC(=O)c3ccc(Cl)c(C#Cc4cncc(N5CCOCC5)c4)c3)cc2C(F)(F)F)CC1,IC50
CHEMBL409349,6.299997602857746,501.19,1,Cc1cc(C)cc(NC(=O)Nc2ccc(-c3cccc4onc(N)c34)cc2)c1,Ki
CHEMBL4094562,4.882728704344236,13100.0,1,C#Cc1nc(Nc2ccccc2)nc2[nH]cnc12,IC50
CHEMBL4095253,6.096096473309836,801.5,1,C=CS(=O)(=O)N1CCC[C@@H]1Cn1cc(-c2ccc3c(c2)OCO3)c2c(N)ncnc21,IC50
CHEMBL4097778,6.0,1000.0,1,CN1C(=O)[C@@H](N2CCc3cn(CC4CCS(=O)(=O)CC4)nc3C2=O)COc2ccccc21,IC50
CHEMBL4105329,8.18045606445813,6.6,1,Cc1n[nH]c2ccc(-c3cc(N[C@@H](CO)c4ccccc4)cnc3-c3cc(Cl)ccc3O)cc12,IC50
CHEMBL4106446,8.094212497064703,8.05,4,O=C(Nc1ccc(S(=O)(=O)C(F)(F)F)cc1)c1cnc(N2CC[C@@H](O)C2)c(-c2cncnc2)c1,IC50
CHEMBL4106490,8.508412463981093,3.1500000000000004,6,O=C(Nc1ccc(SC(F)(F)F)cc1)c1cnc(N2CC[C@@H](O)C2)c(-c2ccc[nH]2)c1,IC50
CHEMBL4106560,9.090228032229065,0.8500000000000001,6,O=C(Nc1ccc(OC(F)(F)F)cc1)c1ccc(N2C[C@H](CO)[C@@H](O)C2)c(-c2cncs2)c1,IC50
CHEMBL4106602,8.784318117920506,1.95,6,O=C(Nc1ccc(SC(F)(F)Cl)cc1)c1cnc(N2CC[C@@H](O)C2)c(-c2cncc(F)c2)c1,IC50
CHEMBL4106732,9.154901959985743,0.7,7,O=C(Nc1ccc(SC(F)(F)F)cc1)c1cnc(N2CC[C@@H](O)C2)c(-c2cncnc2)c1,IC50
CHEMBL4106838,8.397940008672037,4.0,4,O=C(Nc1ccc(OC(F)(F)Cl)cc1)c1cnc(N2CC[C@@H](O)C2)c(-c2cncc(F)c2)c1,IC50
CHEMBL4107033,8.678273661756906,2.1,4,COc1ncc(-c2cc(C(=O)Nc3ccc(OC(F)(F)Cl)cc3)cnc2N2CC[C@@H](O)C2)c(OC)n1,IC50
CHEMBL4107045,9.093543321678572,0.9,4,O=C(Nc1ccc(OC(F)(F)Cl)cc1)c1ccc(N2CC[C@@H](O)C2)c(-c2cncnc2)c1,IC50
CHEMBL4107050,9.048455006504028,2.1,4,N#Cc1cncc(-c2cc(C(=O)Nc3ccc(SC(F)(F)F)cc3)cnc2N2CC[C@@H](O)C2)c1,IC50
CHEMBL4107083,9.397940008672037,0.4,2,C[C@@]1(O)CCN(c2ncc(C(=O)Nc3ccc(OC(F)(F)F)cc3)cc2-c2cncnc2)C1,IC50
CHEMBL4107125,8.220046687481943,7.15,4,O=C(Nc1ccc(SC(F)F)cc1)c1cnc(N2CC[C@@H](O)C2)c(-c2cncnc2)c1,IC50
CHEMBL4107241,8.77642098432889,1.7,4,N#Cc1ccncc1-c1cc(C(=O)Nc2ccc(OC(F)(F)F)cc2)cnc1N1CC[C@@H](O)C1,IC50
CHEMBL4107355,8.537860356969059,3.7,4,N[C@@H]1CCN(c2ncc(C(=O)Nc3ccc(OC(F)(F)F)cc3)cc2-c2cncnc2)C1,IC50
CHEMBL4107401,8.815392071294928,2.25,4,O=C(Nc1ccc(C(F)(F)C(F)(F)F)cc1)c1cnc(N2CC[C@@H](O)C2)c(-c2cncnc2)c1,IC50
CHEMBL4107476,8.761439372640169,3.25,4,O=C(Nc1ccc(SC(F)(F)F)c(F)c1)c1cnc(N2CC[C@@H](O)C2)c(-c2cncc(F)c2)c1,IC50
CHEMBL4107478,9.178273661756906,1.2000000000000002,4,O=C(Nc1ccc(OC(F)(F)F)cc1)c1cnc(N2CC[C@@H](O)C2)c(-c2ccccn2)c1,IC50
CHEMBL4107521,9.301029995663981,0.5,2,O=C(Nc1ccc(C(F)(F)C(F)(F)F)cc1)c1cnc(N2CC[C@@H](O)C2)c(-c2cncc(F)c2)c1,IC50
CHEMBL4107596,8.387216143280265,4.1,3,N[C@]1(C(F)(F)F)CCN(c2ncc(C(=O)Nc3ccc(OC(F)(F)F)cc3)cc2-c2ccn[nH]2)C1,IC50
CHEMBL4107599,8.522878745280337,3.0,2,N#Cc1cncc(-c2cc(C(=O)Nc3ccc(OC(F)(F)Cl)cc3)cnc2N2CC[C@@H](O)C2)c1,IC50
CHEMBL4107740,9.397940008672037,0.4,2,N#Cc1ccncc1-c1cc(C(=O)Nc2ccc(OC(F)(F)Cl)cc2)cnc1N1CC[C@@H](O)C1,IC50
CHEMBL4107812,9.221848749616356,0.6,2,Cc1ncc(-c2cc(C(=O)Nc3ccc(OC(F)(F)F)cc3)cnc2N2CC[C@@H](O)C2)cc1F,IC50
CHEMBL4108244,8.740743030061056,2.05,4,N#Cc1cncc(-c2cc(C(=O)Nc3ccc(SC(F)(F)F)c(F)c3)cnc2N2CC[C@@H](O)C2)c1,IC50
CHEMBL4108263,8.678273661756906,2.55,4,O=C(Nc1ccc(OC(F)(F)Cl)cc1)c1cnc(N2CC[C@@H](O)C2)c(-c2cc(F)cnc2F)c1,IC50
CHEMBL4108311,8.823908740944319,1.5,2,N#Cc1ccc(F)cc1-c1cc(C(=O)Nc2ccc(OC(F)(F)Cl)cc2)cnc1N1CC[C@@H](O)C1,IC50
CHEMBL4108373,9.048455006504028,1.2,4,O=C(Nc1ccc(SC(F)(F)Cl)cc1)c1cnc(N2CC[C@@H](O)C2)c(-c2cncnc2)c1,IC50
CHEMBL4108403,8.809894379144197,1.6,4,O=C(Nc1ccc(OC(F)(F)Cl)cc1)c1cnc(N2CC[C@@H](O)C2)c(-c2cc(F)nc(F)c2)c1,IC50
CHEMBL4108461,8.309894379144197,5.0,4,CC(C)(O)c1cc(F)cc(-c2cc(C(=O)Nc3ccc(OC(F)(F)F)cc3)cnc2N2CC[C@@H](O)C2)c1,IC50
CHEMBL4108470,8.309894379144197,5.5,4,O=C(Nc1ccc(SC(F)(F)F)nc1)c1cnc(N2CC[C@@H](O)C2)c(-c2cncnc2)c1,IC50
CHEMBL4108473,8.045757490560675,9.0,3,O=C(Nc1ccc(OC(F)(F)F)cc1)c1cnc(N2CC[C@@H](O)C2)c(-c2cnoc2)c1,IC50
CHEMBL4108599,7.975390988664909,11.5,4,Cc1ccc(-c2cc(C(=O)Nc3ccc(OC(F)(F)C(F)F)cc3)cnc2N2CC[C@@H](O)C2)cn1,IC50
CHEMBL4108652,9.022878745280337,0.95,6,O=C(Nc1ccc(C(F)(F)C(F)(F)Cl)cc1)c1cnc(N2CC[C@@H](O)C2)c(-c2cncnc2)c1,IC50
CHEMBL4108670,8.426935982160881,5.7,6,O=C(Nc1ccc(OC(F)(F)F)cc1)c1cnc(N2C[C@H](CO)[C@@H](O)C2)c(-c2cncs2)c1,IC50
CHEMBL4108718,9.301029995663981,0.5,2,N#Cc1ncc(F)cc1-c1cc(C(=O)Nc2ccc(OC(F)(F)Cl)cc2)cnc1N1CC[C@@H](O)C1,IC50
CHEMBL4108721,8.958607314841775,1.1,2,O=C(Nc1ccc(OC(F)(F)F)cc1)c1cnc(N2CC[C@@H](O)C2)c(-c2cncc(F)c2)c1,IC50
CHEMBL4108749,8.522878745280337,3.0,2,COc1cncc(-c2cc(C(=O)Nc3ccc(OC(F)(F)F)cc3)cnc2N2CC[C@@H](O)C2)c1,IC50
CHEMBL4108852,9.0,1.0,2,O=C(Nc1ccc(OC(F)(F)Cl)cc1)c1cnc(N2CC[C@@H](O)C2)c(-c2cc(F)cnc2Cl)c1,IC50
CHEMBL4108880,8.465907069126919,5.15,6,O=C(Nc1ccc(OC(F)(F)F)cc1)c1cnc(N2CC[C@@H](O)C2)c(-c2ccc[nH]2)c1,IC50
CHEMBL4108925,8.102372908709558,7.9,6,CC(F)(F)Oc1ccc(NC(=O)c2cnc(N3CC[C@@H](O)C3)c(-c3cncnc3)c2)cc1,IC50
CHEMBL4108934,9.522878745280337,0.3,2,O=C(Nc1ccc(OC(F)(F)Cl)cc1)c1cnc(N2CC[C@@H](O)C2)c(-c2cccnc2F)c1,IC50
CHEMBL4108980,8.68837535480105,3.35,6,N#Cc1ccc(-c2cc(C(=O)Nc3ccc(OC(F)(F)F)cc3)cnc2N2CC[C@@H](O)C2)[nH]1,IC50
CHEMBL4108985,8.537602002101044,2.9,2,O=C(Nc1ccc(OC(F)(F)F)cc1)c1cnc(N2CC[C@@H](O)C2)c(-c2ccc(C(F)(F)F)nc2)c1,IC50
CHEMBL4108992,8.221848749616356,6.0,2,O=C(Nc1ccc(OC(F)(F)F)cc1)c1cnc(N2CC[C@@H](O)C2)c(-c2cccc(CO)c2)c1,IC50
CHEMBL4109082,8.84948500216801,5.1,4,N[C@]1(C(F)(F)F)CCN(c2ncc(C(=O)Nc3ccc(OC(F)(F)F)cc3)cc2-c2cncnc2)C1,IC50
CHEMBL4109149,8.154901959985743,7.0,4,COc1ncc(-c2cc(C(=O)Nc3ccc(OC(F)(F)F)cc3)ccc2N2CC[C@@H](O)C2)cn1,IC50
CHEMBL410931,6.356547323513812,440.0,1,Fc1ccc(C(Cl)Cn2ncc3c(NCc4ccccc4)ncnc32)cc1,Ki
CHEMBL4109332,8.378480975656853,4.25,4,O=C(Nc1ccc(OC(F)(F)F)cc1)c1cnc(N2CC[C@@H](O)C2)c(-c2cc(F)cnc2F)c1,IC50
CHEMBL4109606,8.784318117920506,1.95,4,Cc1ccc(-c2cc(C(=O)Nc3ccc(OC(F)(F)F)cc3)cnc2N2CC[C@@H](CO)C2)cn1,IC50
CHEMBL4109626,7.83889035263304,14.5,4,CO[C@@H]1CN(c2ncc(C(=O)Nc3ccc(OC(F)(F)F)cc3)cc2-c2cncnc2)C[C@H]1O,IC50
CHEMBL4109691,8.568636235841012,2.7,2,O=C(Nc1ccc(OC(F)(F)F)cc1)c1ccc(N2CC[C@@H](O)C2)c(-c2cccnc2)c1,IC50
CHEMBL4109719,8.34518491628705,4.9,4,CC(F)(F)Oc1ccc(NC(=O)c2cnc(N3CC[C@@H](O)C3)c(-c3cncc(C#N)c3)c2)cc1,IC50
CHEMBL4109872,8.56246936830415,6.55,4,NC[C@H]1CCN(c2ncc(C(=O)Nc3ccc(OC(F)(F)F)cc3)cc2-c2cncnc2)C1,IC50
CHEMBL4109873,7.769551078621726,17.0,2,Cc1ccc(-c2cc(C(=O)Nc3ccc(OC(F)(F)F)cc3)cnc2N2CCC[C@@H](O)C2)cn1,IC50
CHEMBL4109885,8.193820026016112,6.4,3,O=C(Nc1ccc(OC(F)(F)F)cc1)c1cnc(N2CC[C@@H](O)C2)c(-c2ncc[nH]2)c1,IC50
CHEMBL4110085,8.3767507096021,4.2,3,Cc1cnc(-c2cc(C(=O)Nc3ccc(OC(F)(F)F)cc3)cnc2N2CC[C@@H](O)C2)[nH]1,IC50
CHEMBL4110370,8.70446769648675,2.15,6,O=C(Nc1ccc(OC(F)(F)Cl)cc1)c1cnc(N2CCC[C@@H](O)C2)c(-c2ccn[nH]2)c1,IC50
CHEMBL4110425,8.747425010840047,2.4,4,N#Cc1cncc(-c2cc(C(=O)Nc3ccc(C(F)(F)C(F)(F)F)cc3)cnc2N2CC[C@@H](O)C2)c1,IC50
CHEMBL411043,6.429994423238211,371.54,5,ClC(Cn1ncc2c(NCc3ccccc3)ncnc21)c1ccccc1,Ki
CHEMBL4110478,7.823908740944319,15.0,6,O=C(Nc1ccc([S+]([O-])C(F)(F)F)cc1)c1cnc(N2CC[C@@H](O)C2)c(-c2cncc(F)c2)c1,IC50
CHEMBL4110559,8.126682900531211,7.6,4,N#CC1(c2ncc(C(=O)Nc3ccc(OC(F)(F)F)cc3)cc2-c2cncnc2)CCC1,IC50
CHEMBL4110566,7.76318353656308,63.2,2,O=C(Nc1ccc(OC(F)(F)F)cc1)c1ccc(N2CC[C@@H](O)C2)c(-c2cncnc2)c1,IC50
CHEMBL4110570,8.593543321678572,6.75,2,O=C(Nc1ccc(OC(F)(F)Cl)cc1)c1cnc(N2CC[C@@H](O)C2)c(-c2cncnc2)c1,IC50
CHEMBL4110588,8.619788758288394,2.4,3,O=C(Nc1ccc(OC(F)(F)Cl)cc1)c1cnc(N2CC[C@@H](O)C2)c(-c2ccc[nH]2)c1,IC50
CHEMBL4110615,8.673393743112328,2.95,4,N#Cc1cncc(-c2cc(C(=O)Nc3ccc(OC(F)(F)F)cc3)cnc2N2CC[C@@H](O)C2)c1,IC50
CHEMBL4110627,8.49569991411904,3.2,6,N[C@@H]1CN(c2ncc(C(=O)Nc3ccc(OC(F)(F)Cl)cc3)cc2-c2ccn[nH]2)C[C@H]1F,IC50
CHEMBL4110628,8.721848749616356,2.1,4,O=C(Nc1ccc(OC(F)(F)F)c(F)c1)c1cnc(N2CC[C@@H](O)C2)c(-c2cncc(F)c2)c1,IC50
CHEMBL4110752,8.522878745280337,3.0,2,COc1ncc(-c2cc(C(=O)Nc3ccc(OC(F)(F)F)cc3)cnc2N2CC[C@@H](O)C2)cn1,IC50
CHEMBL4110855,9.045757490560675,0.9,2,Cc1ncncc1-c1cc(C(=O)Nc2ccc(OC(F)(F)Cl)cc2)cnc1N1C[C@@H](O)[C@H](O)C1,IC50
CHEMBL4110930,7.886056647693163,13.0,3,O=C(Nc1ccc(OC(F)(F)Cl)cc1)c1cnc(NCC[C@@H](O)CO)c(-c2ccn[nH]2)c1,IC50
CHEMBL4110946,8.740743030061056,2.05,4,O=C(Nc1ccc(OC(F)(F)F)cc1)c1cnc(N2CC[C@@H](O)C2)c(-c2cncc(Cl)c2)c1,IC50
CHEMBL4110991,8.788377063031596,2.9,6,O=C(Nc1ccc(OC(F)(F)F)cc1)c1cnc(N2CC[C@@H](O)C2)c(-c2cncs2)c1,IC50
CHEMBL4111003,8.659379381312206,2.6,4,N#Cc1cncc(-c2cc(C(=O)Nc3ccc(OC(F)(F)F)c(F)c3)cnc2N2CC[C@@H](O)C2)c1,IC50
CHEMBL4111085,9.522878745280337,0.3,2,COc1ncc(-c2cc(C(=O)Nc3ccc(OC(F)(F)Cl)cc3)cnc2N2CC[C@@H](O)C2)cc1C#N,IC50
CHEMBL4111156,9.154901959985743,0.7,2,N#Cc1ccc(F)c(-c2cc(C(=O)Nc3ccc(OC(F)(F)Cl)cc3)cnc2N2CC[C@@H](O)C2)c1,IC50
CHEMBL4111163,8.6259059864969,2.7,4,Nc1ncc(-c2cc(C(=O)Nc3ccc(OC(F)(F)F)cc3)cnc2N2CC[C@@H](O)C2)cn1,IC50
CHEMBL4111182,7.795880017344075,16.0,4,CC(C)(C)Oc1ccc(NC(=O)c2cnc(N3CC[C@@H](O)C3)c(-c3cncnc3)c2)cc1,IC50
CHEMBL4111319,9.154901959985743,0.7,2,N#Cc1cc(F)cc(-c2cc(C(=O)Nc3ccc(OC(F)(F)Cl)cc3)cnc2C2CC[C@@H](O)N2)c1,IC50
CHEMBL4111355,9.221848749616356,0.6,2,O=C(Nc1ccc(OC(F)(F)F)cc1)c1cnc(N2CC[C@@H](O)C2)c(-c2cccnc2)c1,IC50
CHEMBL4111359,9.110924374808178,1.15,4,O=C(Nc1ccc(OC(F)(F)Cl)cc1)c1cnc(N2CC[C@@H](O)C2)c(-c2cnccc2F)c1,IC50
CHEMBL4111391,8.397940008672037,4.0,2,COc1ccc(-c2cc(C(=O)Nc3ccc(OC(F)(F)F)cc3)cnc2N2CC[C@@H](O)C2)cn1,IC50
CHEMBL4111760,7.721246399047171,19.0,2,O=C(Nc1ccc(OC(F)(F)F)cc1)c1cnc(N2CC[C@@H](O)C2)c(-c2cncc(C(F)(F)F)c2)c1,IC50
CHEMBL4111774,8.747425010840047,2.4,6,O=C(Nc1ccc(OC(F)(F)F)cc1)c1ccc(N2CC[C@@H](O)C2)c(-c2cncs2)c1,IC50
CHEMBL4112036,8.721848749616356,2.1,4,O=C(Nc1ccc(OC(F)(F)F)cc1)c1cnc(N2CC[C@@H](O)C2)c(-c2ccc(F)nc2)c1,IC50
CHEMBL4112072,9.698970004336019,0.2,2,Cc1ccncc1-c1cc(C(=O)Nc2ccc(OC(F)(F)Cl)cc2)cnc1N1CC[C@@H](O)C1,IC50
CHEMBL4112160,9.096910013008056,0.8,2,O=C(Nc1ccc(OC(F)(F)F)cc1)c1cnc(N2CC[C@@H](O)C2)c(-c2ccc(CO)nc2)c1,IC50
CHEMBL4112258,8.736830361305078,2.5,4,O=C(Nc1ccc(OC(F)(F)F)cc1)c1cnc(N2CC[C@@H](O)C2)c(-c2cnccc2F)c1,IC50
CHEMBL4112690,8.0,10.0,3,O=C(Nc1ccc(OC(F)(F)F)cc1)c1cnc(N2CC[C@@H](O)C2)c(-c2nccs2)c1,IC50
CHEMBL4112697,9.227965977824862,0.6,4,Nc1ncc(-c2cc(C(=O)Nc3ccc(OC(F)(F)Cl)cc3)cnc2N2CC[C@@H](O)C2)cc1F,IC50
CHEMBL4112901,8.920818753952375,1.25,6,Cn1c(C#N)ccc1-c1cc(C(=O)Nc2ccc(OC(F)(F)Cl)cc2)cnc1N1CC[C@@H](O)C1,IC50
CHEMBL4113008,8.6419983281826,6.7,4,CC(=O)NC[C@H]1CCN(c2ncc(C(=O)Nc3ccc(OC(F)(F)Cl)cc3)cc2-c2cncnc2)C1,IC50
CHEMBL4113011,8.537860356969059,3.05,4,COC(=O)c1cc(F)cc(-c2cc(C(=O)Nc3ccc(OC(F)(F)F)cc3)cnc2N2CC[C@@H](O)C2)c1,IC50
CHEMBL4113112,8.943028323846582,1.15,4,O=C(Nc1ccc(OC(F)(F)Cl)cc1)c1cnc(N2C[C@H](CO)[C@@H](O)C2)c(-c2cncnc2)c1,IC50
CHEMBL4113119,8.958607314841775,1.1,2,O=C(Nc1ccc(OC(F)(F)F)cc1)c1cnc(N2CCC[C@@H](O)C2)c(-c2cncnc2)c1,IC50
CHEMBL4113196,7.958607314841775,11.0,6,O=C(Nc1ccc(OC(F)(F)C(F)F)cc1)c1cnc(N2CC[C@@H](O)C2)c(-c2cncc(F)c2)c1,IC50
CHEMBL4113224,8.747425010840047,2.4,6,O=C(Nc1ccc(SC(F)(F)F)cc1)c1cnc(N2CC[C@@H](O)C2)c(-c2cncc(F)c2)c1,IC50
CHEMBL4113279,8.426935982160881,3.9,4,CC(F)(F)Oc1ccc(NC(=O)c2cnc(N3CC[C@@H](O)C3)c(-c3cncc(F)c3)c2)cc1,IC50
CHEMBL4113303,8.960409376976187,1.3,4,Cc1ncccc1-c1cc(C(=O)Nc2ccc(OC(F)(F)Cl)cc2)cnc1N1CC[C@@H](O)C1,IC50
CHEMBL4113344,8.83889035263304,1.85,4,N[C@]1(C(F)(F)F)CCN(c2ncc(C(=O)Nc3ccc(OC(F)(F)Cl)cc3)cc2-c2cncnc2)C1,IC50
CHEMBL4113400,8.397940008672037,4.0,2,O=C(Nc1ccc(OC(F)(F)F)cc1)c1cnc(N2CC[C@@H](O)C2)c(-c2ccc3ccncc3c2)c1,IC50
CHEMBL4113417,8.366531544420413,4.3,2,O=C(Nc1ccc(OC(F)(F)F)c(Cl)c1)c1cnc(N2CC[C@@H](O)C2)c(-c2cncnc2)c1,IC50
CHEMBL4113492,9.397940008672037,0.4,2,O=C(Nc1ccc(OC(F)(F)F)cc1)c1cnc(N2CC[C@@H](O)C2)c(-c2cnc(Cl)c(F)c2)c1,IC50
CHEMBL4113536,9.221848749616356,0.6,2,O=C(Nc1ccc(OC(F)(F)F)cc1)c1cnc(N2CC[C@@H](CO)C2)c(-c2cncnc2)c1,IC50
CHEMBL4113537,8.818194010053928,1.6,4,N[C@@H]1CCCN(c2ncc(C(=O)Nc3ccc(OC(F)(F)Cl)cc3)cc2-c2cncnc2)C1,IC50
CHEMBL4113562,8.301029995663981,5.0,2,O=C(Nc1ccc(OC(F)(F)F)cc1)c1cnc(N2CCC[C@@H](O)C2)c(-c2cccnc2)c1,IC50
CHEMBL4113564,8.301029995663981,5.0,2,Cc1ncccc1-c1cc(C(=O)Nc2ccc(OC(F)(F)F)cc2)cnc1N1CC[C@@H](O)C1,IC50
CHEMBL4113707,9.397940008672037,0.4,3,C[C@@]1(O)CCN(c2ncc(C(=O)Nc3ccc(OC(F)(F)Cl)cc3)cc2-c2ccn[nH]2)C1,IC50
CHEMBL4114004,9.096910013008056,0.8,2,Cc1ccc(-c2cc(C(=O)Nc3ccc(OC(F)(F)F)cc3)cnc2N2CC[C@@H](O)C2)cn1,IC50
CHEMBL4114005,8.809894379144197,2.3,4,O=C(Nc1ccc(OC(F)(F)F)cc1)c1cnc(N2CC[C@@H](O)C2)c(-c2cccc(F)c2)c1,IC50
CHEMBL4114006,8.827803863157445,1.5,4,Nc1ncc(-c2cc(C(=O)Nc3ccc(OC(F)(F)F)cc3)cnc2N2CC[C@@H](O)C2)cc1F,IC50
CHEMBL4114156,8.430060456799382,4.15,4,O=C(Nc1ccc(OC(F)(F)C(F)(F)F)cc1)c1cnc(N2CC[C@@H](O)C2)c(-c2cncnc2)c1,IC50
CHEMBL4114324,8.154901959985743,7.0,4,O=C(Nc1ccc(OC(F)(F)F)cc1)c1cnc(N2CC[C@@H](O)C2)c(-c2ccccc2)c1,IC50
CHEMBL4114540,8.284318117920506,5.25,4,O=C(Nc1ccc(OC(F)(F)F)cc1)c1cnc(N2CC[C@@H](O)C2)c(-c2cc(F)nc(F)c2)c1,IC50
CHEMBL4114621,8.522878745280337,3.0,2,Cc1ncncc1-c1cc(C(=O)Nc2ccc(OC(F)(F)Cl)cc2)cnc1N1CC[C@@H](O)C1,IC50
CHEMBL4114635,8.522878745280337,3.0,2,Cc1ccc(F)cc1-c1cc(C(=O)Nc2ccc(OC(F)(F)Cl)cc2)cnc1N1CC[C@@H](O)C1,IC50
CHEMBL4114855,8.77642098432889,2.35,6,N#Cc1ccc(-c2cc(C(=O)Nc3ccc(OC(F)(F)Cl)cc3)cnc2N2CC[C@@H](O)C2)[nH]1,IC50
CHEMBL4114922,8.602059991327963,2.5,7,C[C@@]1(O)CCN(c2ncc(C(=O)Nc3ccc(OC(F)(F)F)cc3)cc2-c2ccn[nH]2)C1,IC50
CHEMBL4114966,9.397940008672037,0.4,3,O=C(Nc1ccc(OC(F)(F)Cl)cc1)c1cnc(N2CC[C@@H](O)C2)c(-c2ncc[nH]2)c1,IC50
CHEMBL4115097,8.443028323846582,5.65,4,O=C(Nc1ccc(OC(F)(F)C(F)(F)F)cc1)c1cnc(N2CC[C@@H](O)C2)c(-c2cncc(F)c2)c1,IC50
CHEMBL4115148,9.397940008672037,0.4,2,O=C(Nc1ccc(OC(F)(F)F)c(F)c1)c1cnc(N2CC[C@@H](O)C2)c(-c2cncnc2)c1,IC50
CHEMBL4115154,8.587937083041727,2.5999999999999996,6,O=C(Nc1ccc(OC(F)(F)F)cc1)c1cnc(N2CC[C@@H](O)C2)c(-c2cncnc2)c1,IC50
CHEMBL4115304,8.958607314841775,1.1,3,CN(C)C(=O)c1ccc(-c2cc(C(=O)Nc3ccc(OC(F)(F)Cl)cc3)cnc2N2CC[C@@H](O)C2)[nH]1,IC50
CHEMBL4115349,8.292429823902063,5.1,3,O=C(Nc1ccc(OC(F)(F)Cl)cc1)c1cnc(NC[C@H](O)CCO)c(-c2ccn[nH]2)c1,IC50
CHEMBL4115522,8.68837535480105,3.35,4,O=C(Nc1ccc(OC(F)(F)F)cc1)c1cnc(N2C[C@H](CO)[C@@H](O)C2)c(-c2cncc(F)c2)c1,IC50
CHEMBL4115607,8.84948500216801,2.25,4,O=C(Nc1ccc(OC(F)(F)F)cc1)c1cnc(N2CC[C@@H](O)C2)c(-c2cc(F)cc(F)c2)c1,IC50
CHEMBL4115674,8.460409376976187,3.5,4,O=C(Nc1ccc(OC(F)(F)F)cc1)c1cnc(N2CC[C@@H](O)C2)c(-c2cccnc2F)c1,IC50
CHEMBL412298,7.3979400086720375,40.0,5,Fc1cccc(CNc2ncnc3c2cnn3CC(Cl)c2ccccc2)c1,Ki
CHEMBL4125960,7.123782159408358,75.2,1,CCN1CCN(Cc2ccc(NC(=O)c3ccc(C)c(Oc4ccnc5[nH]ccc45)c3)cc2C(F)(F)F)CC1,IC50
CHEMBL413629,5.3071968632008435,7650.0,2,CC[C@H](C)[C@H](NC(=O)[C@@H]1CCCN1C(=O)[C@@H](NC(=O)[C@H](CCC(=O)O)NC(=O)[C@H](CCC(=O)O)NC(=O)[C@H](Cc1ccc(C(F)(F)P(=O)(O)O)cc1)NC(=O)[C@H](CCC(N)=O)NC(=O)[C@@H]1CCCN1C(=O)[C@@H](N)CCC(=O)O)[C@@H](C)CC)C(=O)N[C@@H](Cc1ccc(O)cc1)C(=O)N[C@@H](CC(C)C)C(=O)O,IC50
CHEMBL414123,5.180755371522681,8950.0,2,CC[C@H](C)[C@H](NC(=O)[C@@H]1CCCN1C(=O)[C@@H](NC(=O)[C@H](CCC(=O)O)NC(=O)[C@H](CCC(=O)O)NC(=O)[C@H](Cc1ccc(OP(=O)(O)O)cc1)NC(=O)[C@H](CCC(N)=O)NC(=O)[C@@H]1CCCN1C(=O)[C@@H](N)CCC(=O)O)[C@@H](C)CC)C(=O)N[C@@H](Cc1ccc(O)cc1)C(=O)N[C@@H](CC(C)C)C(=O)O,IC50
CHEMBL415264,6.431798275933005,370.0,1,CSc1nc(NCCc2ccc(C)cc2)c2cnn(CC(Cl)c3ccccc3)c2n1,Ki
CHEMBL4159558,6.55129368009492,281.0,1,CCc1ccc(C(=O)Nc2cc(CN3CCN(C)CC3)cc(C(F)(F)F)c2)cc1C#Cc1cncnc1,IC50
CHEMBL4159956,6.460923901207224,346.0,1,CCc1ccc(C(=O)Nc2cc(CN3CCN(C)CC3)cc(C(F)(F)F)c2)cc1C#Cc1cncn1C,IC50
CHEMBL4160628,5.013228265733755,9700.0,1,CCc1ccc(C(=O)Nc2cc(CN3CCN(C)CC3)cc(C(F)(F)F)c2)cc1C#Cc1cnc(N(C)C)nc1,IC50
CHEMBL4160980,6.443697499232712,360.0,1,CN[C@@H](C)C(=O)N[C@H](C(=O)N1CCC[C@H]1c1nc(C(=O)c2cccc(OCCOCCOCCNC(=O)C3CCN(c4ncc(C(=O)Nc5ccc(OC(F)(F)Cl)cc5)cc4-c4ccn[nH]4)C3)c2)cs1)C1CCCCC1,IC50
CHEMBL4161036,9.033763117661422,1.27,2,Cc1ccc(C(=O)Nc2cc(CN3CCN(C)CC3)cc(C(F)(F)F)c2)cc1C#Cc1cnc2cnccn12,IC50
CHEMBL4162041,7.455931955649724,35.0,1,COC(=O)C1CCN(c2ncc(C(=O)Nc3ccc(OC(F)(F)Cl)cc3)cc2-c2ccn[nH]2)C1,IC50
CHEMBL4164030,7.6777807052660805,21.0,1,CCc1ccc(C(=O)Nc2cc(CN3CCN(C)CC3)cc(C(F)(F)F)c2)cc1C#Cc1cnc(N)nc1,IC50
CHEMBL4164448,7.92299567320665,11.94,1,CCc1ccc(C(=O)Nc2cc(CN3CCN(C)CC3)cc(C(F)(F)F)c2)cc1C#Cc1cnc2cccnn12,IC50
CHEMBL4167237,6.030584087646019,932.0,1,CC(C)c1ccc(C(=O)Nc2cc(CN3CCN(C)CC3)cc(C(F)(F)F)c2)cc1C#Cc1cnc2ccccn12,IC50
CHEMBL4167877,7.011441043121384,97.4,1,CCc1ccc(C(=O)Nc2cc(CN3CCN(C)CC3)cc(C(F)(F)F)c2)cc1C#Cc1cnc(C)n1C,IC50
CHEMBL4168305,6.306273051076353,494.0,1,CC(C)c1ccc(C(=O)Nc2cc(CN3CCN(C)CC3)cc(C(F)(F)F)c2)cc1C#Cc1cnc2cnccn12,IC50
CHEMBL4168907,6.468521082957745,340.0,1,CN[C@@H](C)C(=O)N(C)[C@H](C(=O)N1CCC[C@H]1c1nc(C(=O)c2cccc(OCCOCCOCCNC(=O)C3CCN(c4ncc(C(=O)Nc5ccc(OC(F)(F)Cl)cc5)cc4-c4ccn[nH]4)C3)c2)cs1)C1CCCCC1,IC50
CHEMBL4171235,5.113509274827518,7700.0,1,CCc1ccc(C(=O)Nc2cc(CN3CCN(C)CC3)cc(C(F)(F)F)c2)cc1C#Cc1ccoc1,IC50
CHEMBL4171640,7.675717544702307,21.1,1,CCc1ccc(C(=O)Nc2cc(CN3CCN(C)CC3)cc(C(F)(F)F)c2)cc1C#Cc1cnc2ccccn12,IC50
CHEMBL4172268,5.698970004336019,2000.0,1,CN[C@@H](C)C(=O)N[C@H](C(=O)N1CCC[C@H]1c1nc(C(=O)c2cccc(OCCOCCOCCNC(=O)c3cccc(-c4cc(Nc5ccc(OC(F)(F)F)cc5)ncn4)c3)c2)cs1)C1CCCCC1,IC50
CHEMBL4172767,6.248720896016658,564.0,1,CC(C)c1ccc(C(=O)Nc2cc(CN3CCN(C)CC3)cc(C(F)(F)F)c2)cc1C#Cc1cnc2cccnn12,IC50
CHEMBL4174682,7.519993057042849,30.2,1,CCc1ccc(C(=O)Nc2cc(CN3CCN(C)CC3)cc(C(F)(F)F)c2)cc1C#Cc1cnc(NC)nc1,IC50
CHEMBL4175086,8.0268721464003,9.4,2,CCc1ccc(C(=O)Nc2cc(CN3CCN(C)CC3)cc(C(F)(F)F)c2)cc1C#Cc1cnc2cnccn12,IC50
CHEMBL4176145,6.694648630553377,202.0,1,CN1CCN(Cc2cc(NC(=O)c3ccc(C4CC4)c(C#Cc4cnc5cnccn45)c3)cc(C(F)(F)F)c2)CC1,IC50
CHEMBL418010,6.096910013008056,800.0,1,COc1ccccc1C(=O)Nc1ccc(C)c(Nc2nccc(-c3cccnc3)n2)c1,IC50
CHEMBL418203,3.958607314841775,110000.0,1,CN1CCC(c2c(O)cc(O)c3c(=O)cc(-c4ccccc4Cl)oc23)[C@@H](O)C1,IC50
CHEMBL418270,6.823908740944319,150.0,1,O=C(Nc1cccc(Nc2nccc(-c3cccnc3)n2)c1)c1cccnc1,IC50
CHEMBL418279,6.698970004336019,200.0,1,O=C(Nc1cccc(Nc2nccc(-c3cccnc3)n2)c1)c1ccc(F)cc1,IC50
CHEMBL41910,6.494850021680094,320.0,1,CCCCNc1nc(SCC)nc2c1cnn2CC(Cl)c1ccccc1,Ki
CHEMBL4208229,8.548455006504028,8.25,2,O=C(Nc1ccc(OC(F)(F)Cl)cc1)c1cnc(N2CC[C@@H](O)C2)c(-c2cc[nH]n2)c1,IC50
CHEMBL4213152,9.154901959985743,0.7,1,O=C(Nc1ccc(OC(F)(F)Cl)cc1)c1cnc(N2CC[C@@H](O)C2)c(-c2[nH]ncc2F)c1,IC50
CHEMBL4217428,6.259637310505756,550.0,1,O=C(Nc1ccc(OC(F)(F)F)cc1)c1cccc(CN2CCOCC2)c1,IC50
CHEMBL4217559,8.958607314841775,1.1,1,O=C(Nc1ccc(OC(F)(F)F)cc1)c1cnc(N2CC[C@@H](O)C2)c(-c2ccn[nH]2)c1,IC50
CHEMBL421929,5.221848749616356,6000.0,1,CCCCCCN(CCCCCC)C(=O)[C@H](C)NC(=O)[C@@H](NC(=O)[C@H](Cc1ccc(OP(=O)(O)O)cc1)NC(C)=O)C(C)C,IC50
CHEMBL423288,5.236572006437063,5800.0,1,CC(=O)Nc1ccc(C)c(Nc2nccc(-c3cccnc3)n2)c1,IC50
CHEMBL4237900,8.154901959985743,7.0,1,CC(C)n1nc(C#Cc2cccc3cc(-c4ccc(CN5CCN(C)CC5)cc4)ncc23)c2c(N)ncnc21,IC50
CHEMBL4242050,8.0,10.0,1,Cc1ccc2cc(-c3cccc(C(F)(F)F)c3)ncc2c1C#Cc1nn(C(C)C)c2ncnc(N)c12,IC50
CHEMBL4247506,8.522878745280337,3.0,1,CC(C)n1nc(C#Cc2cccc3cc(-c4cccc(C(F)(F)F)c4)ncc23)c2c(N)ncnc21,IC50
CHEMBL4248365,8.455931955649724,3.5,1,CCn1nc(C#Cc2cccc3cc(-c4cccc(C(F)(F)F)c4)ncc23)c2c(N)ncnc21,IC50
CHEMBL4250674,7.657577319177793,22.0,1,CC(C)n1nc(C#Cc2cccc3cc(-c4ccc(Cl)c(C(F)(F)F)c4)ncc23)c2c(N)ncnc21,IC50
CHEMBL428029,7.3979400086720375,40.0,1,CCSc1nc(Nc2cccc(Cl)c2)c2cnn(CC(Cl)c3ccccc3)c2n1,Ki
CHEMBL4281823,6.474955192963154,335.0,1,CCn1cc(-c2ccc3c(c2)CCN3C(=O)Cc2cccc(OC(F)(F)F)c2)c2c(N)ncnc21,IC50
CHEMBL428441,7.088676053621241,81.55,4,COc1cc(C=C(C(=O)/C=C/c2ccc(O)c(OC)c2)C(=O)/C=C/c2ccc(O)c(OC)c2)ccc1O,IC50
CHEMBL429600,6.920818753952375,120.0,1,Fc1ccc(C(Cl)Cn2ncc3c(NCc4cccc(Cl)c4)ncnc32)cc1,Ki
CHEMBL434335,7.251811972993799,56.0,1,Cc1ccc(NC(=O)Nc2cccc(N(C)C)c2)cc1Nc1nccc(-c2cccnc2)n1,IC50
CHEMBL436137,7.698970004336019,20.0,5,Cc1cccc(C)c1-c1cc(C)c2nc(Nc3ccc(OCCN4CCCC4)cc3)nnc2c1,IC50
CHEMBL438610,4.236572006437063,58000.0,1,O=C(Nc1ccccc1)Nc1nnc(Cc2ccccc2)s1,Ki
CHEMBL44,5.0,10000.0,1,O=c1c(-c2ccc(O)cc2)coc2cc(O)cc(O)c12,IC50
CHEMBL440963,7.880475453429904,27.2,4,Cc1cc(-c2c(F)ccc(O)c2F)cc2nnc(Nc3ccc(S(=O)(=O)NCCN4CCCC4)cc3)nc12,Ki
CHEMBL4436403,6.5499972930101755,283.71000000000004,2,N#CCCC(=O)NC1=NN(c2ccc(Cl)c(Cl)c2)CC1,IC50
CHEMBL4437631,5.86359655186601,1369.0,1,Cc1cn(-c2cc(NC(=O)c3ccc4c(c3)C[C@H](N(C)c3cncnc3)C4)cc(C(F)(F)F)c2)cn1,IC50
CHEMBL4438258,4.900000142057633,12589.25,1,CC(=O)Nc1nc(-c2cccc(O)c2)cs1,IC50
CHEMBL4439020,9.309803919971486,0.49,1,Cc1nc(Nc2ncc(C(=O)Nc3c(C)cccc3Cl)s2)cc(N2CCN(CCOCCOCCNC(=O)CS(=O)(=O)O)CC2)n1,Ki
CHEMBL443929,6.2441251443275085,570.0,1,CCCNc1nc(SC)nc2c1cnn2CC(Cl)c1ccc(F)cc1,Ki
CHEMBL4439424,9.198970004336019,1.1,4,CN1CCN(Cc2ccc(NC(=O)CCSc3ccc4c(/C=C/c5ccccn5)n[nH]c4c3)cc2C(F)(F)F)CC1,IC50
CHEMBL4441687,6.349998344459287,522.76,2,CC(=O)NC1=NN(c2ccc(Cl)c(Cl)c2)CC1C,IC50
CHEMBL4444289,5.700000503883016,1995.26,2,O=C(NC1=NN(c2ccc(Cl)c(Cl)c2)CC1)c1ccccn1,IC50
CHEMBL4444358,6.499997283722152,324.65,2,N#CCC(=O)NC1=NN(c2ccc(Cl)c(Cl)c2)CC1,IC50
CHEMBL4444514,7.10000297850465,99.15,2,Cc1ncncc1C(=O)NC1=NN(c2ccc(Cl)c(Cl)c2)CC1,IC50
CHEMBL4445989,7.10002701596277,168.09,2,C[C@H]1CN(c2ccc(Cl)c(Cl)c2)N=C1NC(=O)c1cncnc1,IC50
CHEMBL4446681,4.161150909262744,69000.0,1,CN(CCc1ccc(-c2ccccc2)cc1)Cc1cn(C)c2ccc(C(=O)Nc3ccc(F)cc3)cc12,IC50
CHEMBL4446830,6.5499972930101755,283.71000000000004,2,O=C(Nc1nc(-c2ccc(Cl)c(Cl)c2)cs1)c1c(F)cccc1F,IC50
CHEMBL4447662,5.849999646000926,1421.91,2,CC(=O)N[C@@H](C)C(=O)NC1=NN(c2ccc(Cl)c(Cl)c2)CC1,IC50
CHEMBL4447995,4.600000074606178,25118.86,1,CS(=O)(=O)Nc1nc(-c2ccc(Cl)c(Cl)c2)cs1,IC50
CHEMBL4448349,6.8000002819507515,162.71,2,O=C(NC1=NN(c2ccc(Cl)c(Cl)c2)CC1)c1ccncc1F,IC50
CHEMBL4450810,6.806875401645538,156.0,1,COc1n[nH]c2ncc(-c3cn(-c4c(F)ccc(NS(=O)(=O)c5cccc(-c6ccccc6)c5)c4F)nn3)cc12,IC50
CHEMBL4450951,5.699999618645974,2903.1,2,O=C(NC1=NN(c2ccc(Cl)c(Cl)c2)CC1)c1cccnn1,IC50
CHEMBL4451230,9.294992040666664,0.507,1,Cc1nc(Nc2ncc(C(=O)Nc3c(C)cccc3Cl)s2)cc(N2CCN(CCOCCOCCNC(=O)C3C(C(=O)O)C(C(=O)O)C3C(=O)O)CC2)n1,Ki
CHEMBL4451301,5.450000370496185,4152.415,2,NC1=NN(c2ccc(Cl)c(Cl)c2)CC1,IC50
CHEMBL4452082,6.349997258115003,449.65,2,O=C1CCCC(C(=O)NC2=NN(c3ccc(Cl)c(Cl)c3)CC2)N1,IC50
CHEMBL4452321,6.0999990348465305,794.33,1,Cn1cnnc1SCC(=O)Nc1nc(-c2ccc(Cl)c(Cl)c2)cs1,IC50
CHEMBL4453927,7.1000149659249985,115.575,2,Cn1ncc([N+](=O)[O-])c1C(=O)Nc1nc(-c2ccc(Cl)c(Cl)c2)cs1,IC50
CHEMBL4455476,5.449999932356823,3571.675,2,N#CCC(=O)Nc1cc(-c2ccc(Cl)c(Cl)c2)cs1,IC50
CHEMBL4456437,5.100000119397514,9915.0,2,N#CCC(=O)Nc1csc(-c2ccc(Cl)c(Cl)c2)c1,IC50
CHEMBL4456471,5.872895201635193,1340.0,1,CN1CCC(Nc2ccc(C(=O)Nc3cc(-c4ccc5c(c4)OCO5)n[nH]3)cc2)CC1,IC50
CHEMBL4456576,6.75000321026368,188.54,2,O=C(NC1=NN(c2ccc(Cl)c(Cl)c2)CC1CCO)c1cccnc1,IC50
CHEMBL4459252,5.4999997845401,3246.48,2,CC(=O)NC1=NN(c2ccc(Cl)c(Cl)c2)C[C@H]1C,IC50
CHEMBL4460292,9.455931955649724,0.35,1,Cc1nc(Nc2ncc(C(=O)Nc3c(C)cccc3Cl)s2)cc(N2CCN(CCOCCOCCNC(=O)CCCCCC3(C)C(/C=C/C=C/C=C4/N(CCCS(=O)(=O)O)c5ccc(S(=O)(=O)O)cc5C4(C)C)=[N+](CCCS(=O)(=O)[O-])c4ccc(S(=O)(=O)O)cc43)CC2)n1,Ki
CHEMBL4465459,6.349997258115003,449.65,2,CC(=O)NC1=NN(c2ccc(Cl)c(Cl)c2)[C@@H](C)C1,IC50
CHEMBL4466568,6.699997894332721,204.84,2,O=C(Nc1nc(-c2ccc(Cl)c(Cl)c2)cs1)C1CC1,IC50
CHEMBL4466716,6.299997542777145,514.5350000000001,2,O=C(NC1=NN(c2ccc(Cl)c(Cl)c2)CC1)c1c(F)cccc1F,IC50
CHEMBL4467427,6.3476569449372855,449.1,1,Cc1cc(C#Cc2cnc3cnccn23)cc(C(=O)Nc2cc(CN3CCN(C)CC3)cc(C(F)(F)F)c2)c1,IC50
CHEMBL4467836,5.200000237109354,6309.57,1,CC(=O)Nc1nc(-c2cc(Cl)c(Cl)s2)cs1,IC50
CHEMBL4467948,8.154901959985743,7.0,1,Cc1ccc(C(=O)Nc2ccc(Cl)cc2Cl)cc1C#Cc1cc(-c2cnn(C)c2)cnc1N,IC50
CHEMBL4469856,9.378823718224965,0.418,1,Cc1nc(Nc2ncc(C(=O)Nc3c(C)cccc3Cl)s2)cc(N2CCN(CCOCCOCCNC(=O)OC(C)(C)C)CC2)n1,Ki
CHEMBL4470129,4.999999675450239,21161.305,2,CC(=O)Nc1nc(-c2ccc(F)c(Cl)c2)cs1,IC50
CHEMBL4470463,6.049998157485963,1414.06,2,CC(=O)Nc1nc(-c2ccc(Cl)c(Cl)c2)cs1,IC50
CHEMBL4470981,4.959002307576509,10990.0,3,O=C1N/C(=N/c2ccccc2Cl)S/C1=C1\C(=O)Nc2ccc(F)cc21,IC50
CHEMBL4471351,6.449996922660283,357.17,2,CC(=O)NC1=NN(c2ccc(Cl)c(Cl)c2)CC1,IC50
CHEMBL4471838,5.100000128334196,7943.28,1,CC(=O)Nc1nc(-c2cccc(Cl)c2)cs1,IC50
CHEMBL4473820,6.015571812692654,965.4,2,CN1CCC(Nc2ccc(C(=O)Nc3cc(-c4cc(C#N)cs4)n[nH]3)cc2)CC1,IC50
CHEMBL4474070,9.987162775294827,0.103,1,Cc1nc(Nc2ncc(C(=O)Nc3c(C)cccc3Cl)s2)cc(N2CCN(CCOCCOCCN)CC2)n1,Ki
CHEMBL4475966,6.599994364697247,257.88,2,O=C(NC1=NN(c2ccc(Cl)c(Cl)c2)CC1)c1ccncc1,IC50
CHEMBL4476482,6.739928612014925,182.0,1,COc1ccccc1/C=C/c1nc(Nc2ccc3c(c2)OCO3)c2ccccc2n1,IC50
CHEMBL450786,5.853871964321762,1400.0,1,Cc1[nH]c(/C=C2\C(=O)Nc3ccc(S(=O)(=O)Cc4c(Cl)cccc4Cl)cc32)c(C)c1C(=O)N1CCC[C@@H]1CN1CCCC1,IC50
CHEMBL451523,6.318758762624412,480.0,1,COc1c(NC(=O)Nc2ccc(-c3ccc(CN4CCOCC4)nc3)c3ccccc23)cc(C(C)(C)C)cc1NS(C)(=O)=O,IC50
CHEMBL4517408,6.4736607226101555,336.0,1,COc1cc(-c2cncc(-c3ccc(N4CCNCC4)cc3)c2C)cc(OC)c1OC,IC50
CHEMBL451790,7.709965388637482,19.5,1,Cc1cccc(C)c1/C=C/n1cnc2c(Nc3ccc(P(C)(C)=O)cc3)nc(N3CCCC3)nc21,IC50
CHEMBL4519289,9.048455006504028,2.1,4,Cc1ccc(C(=O)Nc2ccc(CN3CCN(C)CC3)c(C(F)(F)F)c2)cc1C#Cc1ncc2cccnn12,IC50
CHEMBL4520919,5.649999943453318,2253.575,2,N#CCC(=O)Nc1nsc(-c2ccc(Cl)c(Cl)c2)n1,IC50
CHEMBL4522850,5.75000068934311,1790.075,2,CC(=O)NC1=NN(c2ccc(Cl)c(Cl)c2)[C@H](C)C1,IC50
CHEMBL452563,8.627087997029893,2.36,1,CP(C)(=O)c1ccc(Nc2ncnc3c2ncn3/C=C/c2cccc3[nH]ncc23)cc1,IC50
CHEMBL4529307,6.650002839913787,262.0,2,O=C(NC1=NN(c2ccc(Cl)c(Cl)c2)CC1)c1cccnc1F,IC50
CHEMBL4533001,5.799999356751798,1978.305,2,CC(=O)Nc1nc(-c2ccc(Cl)c(F)c2)cs1,IC50
CHEMBL4533277,6.549994355409224,298.82,2,O=C(Nc1nc(-c2ccc(Cl)c(Cl)c2)cs1)c1cccnc1,IC50
CHEMBL453358,6.3979400086720375,400.0,1,CSc1nc(NCCc2ccccc2F)c2cnn(CC(Cl)c3ccccc3)c2n1,Ki
CHEMBL4536009,6.499994700151967,350.36,2,O=C(Nc1nc(-c2ccc(Cl)c(Cl)c2)cs1)c1cncs1,IC50
CHEMBL4537164,5.999999523492617,1107.9250000000002,2,N#CCC(=O)Nc1nc(-c2ccc(Cl)c(Cl)c2)c[nH]1,IC50
CHEMBL4538000,8.481486060122112,3.3,1,Cc1nc(Nc2ncc(C(=O)Nc3c(C)cccc3Cl)s2)cc(N2CCNCC2)n1,Ki
CHEMBL4538256,6.699997894332721,204.84,2,O=C(NC1=NN(c2ccc(Cl)c(Cl)c2)CC1)c1cccnc1,IC50
CHEMBL4538292,6.899999067296699,129.245,2,O=C(NC1=NN(c2ccc(Cl)c(Cl)c2)CC1CCO)c1ccncc1,IC50
CHEMBL4538423,5.350000508430417,7087.07,2,N#CCC(=O)Nc1cccc(-c2ccc(Cl)c(Cl)c2)n1,IC50
CHEMBL454119,6.958607314841775,110.0,1,CCCCNc1nc(SC)nc2c1cnn2CC(Cl)c1ccc(F)cc1,Ki
CHEMBL454120,6.481486060122113,330.0,1,CCSc1nc(N(CC)CC)c2cnn(CC(Cl)c3ccccc3)c2n1,Ki
CHEMBL454144,6.055517327849832,880.0,1,CCCNc1nc(SC)nc2c1cnn2CC(Br)c1ccccc1,Ki
CHEMBL454358,8.51999305704285,3.02,1,Cc1cccc(C)c1/C=C/n1cnc2c(Nc3ccc(P(C)(C)=O)cc3)nc(N3CCOCC3)nc21,IC50
CHEMBL4545044,5.060480747381382,8700.0,1,CCn1cnc2c(-c3ccc(F)c(-c4cc5c(cc4OC)C(=O)N(C)C5)c3)cnnc21,IC50
CHEMBL4545184,6.650002839913787,262.0,2,CC(=O)NC1=NN(c2ccc(Cl)c(Cl)c2)C[C@@H]1C,IC50
CHEMBL454611,8.557520230935552,2.77,1,Cc1cccc(Cl)c1/C=C/n1cnc2c(Nc3ccc(P(C)(C)=O)cc3)ncnc21,IC50
CHEMBL454868,7.777283528852417,16.7,1,CP(C)(=O)c1ccc(Nc2ncnc3c2ncn3/C=C/c2cccc3[nH]ccc23)cc1,IC50
CHEMBL454872,7.761953896871205,17.3,1,CCCP(=O)(CCC)c1ccc(Nc2ncnc3c2ncn3/C=C/c2c(C)cccc2C)cc1,IC50
CHEMBL454873,7.7544873321858505,17.6,1,Cc1cccc(C)c1/C=C/n1cnc2c(Nc3ccc(P(C)(C)=O)cc3)nc(N(C)C)nc21,IC50
CHEMBL454922,6.281997277324025,522.405,2,CCCCNc1nc(SCCC)nc2c1cnn2CC(Cl)c1ccccc1,Ki
CHEMBL454923,7.0,100.0,2,CCCSc1nc(NCc2ccccc2)c2cnn(CC(Cl)c3ccccc3)c2n1,Ki
CHEMBL4549667,6.0,1000.0,1,CN1C(=O)[C@@H](N2CCc3c(nn(Cc4ccccc4)c3Br)C2=O)COc2ccccc21,IC50
CHEMBL455163,6.259637310505756,550.0,1,CCOCCNc1nc(SC)nc2c1cnn2CC(Br)c1ccccc1,Ki
CHEMBL455164,6.055517327849832,880.0,1,CSc1nc(N2CCCCC2)c2cnn(CC(Br)c3ccccc3)c2n1,Ki
CHEMBL4552628,5.040958607678906,9100.0,1,Cc1sc(C(=O)N[C@@H]2[C@H](N)CCCC2(F)F)cc1-c1cnn2cc(Cl)cnc12,IC50
CHEMBL455384,8.787812395596042,1.63,1,Cc1cccc(C)c1/C=C/n1cnc2c(Nc3ccc(P(C)(C)=O)cc3)nc(-n3ccnc3)nc21,IC50
CHEMBL455404,6.086186147616283,820.0,1,CN(C)CCNC(=O)/C=C/c1ccc(/C=C2\Oc3ccccc3N(C)C2=O)s1,IC50
CHEMBL4554938,7.779891911959945,16.6,5,CN1C(=O)c2sccc2N(C)c2nc(Nc3ccc(S(N)(=O)=O)cc3)ncc21,IC50
CHEMBL4558049,5.299999494087713,16208.555,2,CC(=O)Nc1nc(-c2ccc(Cl)c(C)c2)cs1,IC50
CHEMBL4559739,6.350004820629259,855.3900000000001,2,N#CCC(=O)Nc1csc(-c2ccc(Cl)c(Cl)c2)n1,IC50
CHEMBL4562851,6.099998010028197,880.0600000000001,2,N#CCC(=O)Nc1nc(-c2ccc(Cl)c(Cl)c2)cs1,IC50
CHEMBL4568087,8.886056647693163,1.3,1,Cn1cc(-c2cnc3c(-c4csc(C(=O)N[C@@H]5CCCC[C@@H]5N)c4)cnn3c2)cn1,IC50
CHEMBL4568519,6.449997628464895,376.19,2,O=C(NC1=NN(c2ccc(Cl)c(Cl)c2)CC1)c1cncnc1,IC50
CHEMBL4568860,5.749999839328533,2081.1400000000003,2,N#CCC(=O)Nc1nc(-c2ccc(Cl)c(Cl)c2)ns1,IC50
CHEMBL4581176,5.400000026369224,8424.465,2,O=C(NC1=NN(c2ccc(Cl)c(Cl)c2)CC1)c1ccncn1,IC50
CHEMBL4586018,6.449997628464895,376.19,2,O=C(NC1=NN(c2ccc(Cl)c(Cl)c2)CC1)c1ccnnc1,IC50
CHEMBL4587651,7.477425367308824,33.31,1,CN1CCN(Cc2cc(NC(=O)c3cccc(C#Cc4cnc5cnccn45)c3)cc(C(F)(F)F)c2)CC1,IC50
CHEMBL4589373,7.278189384787454,52.7,1,CCN1CCN(Cc2ccc(NC(=O)Nc3nc4ccc(Oc5ccnc(C(=O)NC)c5)cc4s3)cc2C(F)(F)F)CC1,IC50
CHEMBL4590544,5.700000128913412,2048.39,2,N#CCC(=O)Nc1ccn(-c2ccc(Cl)c(Cl)c2)n1,IC50
CHEMBL459850,5.80493100353141,1567.0,1,Cc1ccc(NC(=O)c2cccc(C(F)(F)F)c2)cc1N1Cc2cnc(N)nc2N(C)C1=O,IC50
CHEMBL459877,7.801342913045577,15.8,1,Cc1cccc(C)c1/C=C/n1cnc2c(Nc3ccc(P(C)(C)=O)cc3)nc(C(C)C)nc21,IC50
CHEMBL460074,7.490797477668897,32.3,1,Cc1cccc(C)c1/C=C/n1cnc2c(Nc3ccc(P(C)(C)=O)cc3)nc(C3CCCC3)nc21,IC50
CHEMBL460472,6.0,1000.0,1,COc1ccc2c(Oc3ccc(NC(=O)c4c(C)n(CC(C)(C)O)n(-c5ccccc5)c4=O)nc3)ccnc2c1,IC50
CHEMBL461767,8.804100347590767,1.57,1,COCCOc1nc(Nc2ccc(P(C)(C)=O)cc2)c2ncn(/C=C/c3c(C)cccc3C)c2n1,IC50
CHEMBL461776,5.721246399047171,1900.0,1,CN1C(=O)/C(=C/c2ccc(/C=C/C(=O)NCc3cccnc3)s2)Oc2ccccc21,IC50
CHEMBL461777,5.7544873321858505,1760.0,1,CN1C(=O)/C(=C/c2ccc(/C=C/C(=O)NCc3ccncc3)s2)Oc2ccccc21,IC50
CHEMBL4632471,9.522878745280337,0.3,1,Cc1ccc(C(=O)Nc2ccc(CN3CCN(CCO)CC3)c(C3CC3)c2)cc1C#Cc1cnc2cccnn12,IC50
CHEMBL4633069,6.847711655616943,142.0,1,CCCCc1cc(NC(=O)c2ccc(C)c(Nc3nccc(-c4ccccc4)n3)c2)cc(-n2cnc(C)c2)c1,IC50
CHEMBL4637502,9.187086643357144,0.65,1,COCCN1CCN(Cc2ccc(NC(=O)c3ccc(C)c(C#Cc4cnc5cccnn45)c3)cc2C2CC2)CC1,IC50
CHEMBL4638783,5.0996328713435295,7950.0,1,Cc1cn(-c2cc(NC(=O)c3ccc(C)c(Nc4nccc(-c5ccccc5)n4)c3)cc(N3CCNCC3)c2)cn1,IC50
CHEMBL4638981,8.483227811954526,4.805000000000001,2,Cc1ccc(C(=O)Nc2ccc(CN3Cc4cn[nH]c4C3)c(Cl)c2)cc1C#Cc1cnc2cccnn12,IC50
CHEMBL4640297,8.255189483871014,6.53,2,Cc1ccc(C(=O)Nc2ccc(CN3CCC4C=NNC4C3)c(Cl)c2)cc1C#Cc1cnc2cccnn12,IC50
CHEMBL4640401,7.882728704344236,13.1,1,Cc1ccc(C(=O)Nc2ccc(CN3CCN(C(=O)CCCc4cn(CCOCCOCCOCCNc5cccc6c5C(=O)N(C5CCC(=O)NC5=O)C6=O)nn4)CC3)c(C(F)(F)F)c2)cc1C#Cc1cnc2cccnn12,IC50
CHEMBL4642144,9.4089353929735,0.39,1,Cc1ccc(C(=O)Nc2ccc(CN3CCN(CCO)CC3)c(Cl)c2)cc1C#Cc1cnc2cccnn12,IC50
CHEMBL4642181,6.476253533188435,334.0,1,Cc1cn(-c2cc(NC(=O)c3ccc(C)c(Nc4nccc(-c5ccccc5)n4)c3)cc(C(F)(F)F)c2)cn1,IC50
CHEMBL466397,5.323397830417981,4749.0,2,CCc1cc(Nc2nccc(-c3c(-c4ccc(OC)c(C(=O)Nc5c(F)cccc5F)c4)nc4ccccn34)n2)c(OC)cc1N1CCC(N2CCN(S(C)(=O)=O)CC2)CC1,IC50
CHEMBL472524,5.857923538926715,1387.0,1,CCNC(=O)Nc1nc2cc(-c3cccnc3)ccc2[nH]1,IC50
CHEMBL472525,7.359518563029578,43.7,1,CCNC(=O)Nc1nc2cc(-c3ccccc3)ccc2[nH]1,IC50
CHEMBL472822,5.700000503883016,1995.26,1,CCCCNc1ncnc2c1cnn2CC(Cl)c1ccccc1,Ki
CHEMBL473102,6.698970004336019,200.0,1,CSc1nc(NCCc2ccccc2)c2cnn(CC(Cl)c3ccc(F)cc3)c2n1,Ki
CHEMBL473103,6.013228265733755,970.0,1,CSc1nc(N2CCOCC2)c2cnn(CC(Br)c3ccccc3)c2n1,Ki
CHEMBL473516,6.721246399047171,190.0,1,CSc1nc(NCc2ccccc2)c2cnn(CC(Br)c3ccccc3)c2n1,Ki
CHEMBL473517,6.568636235841013,270.0,1,CSc1nc(NCCc2ccccc2)c2cnn(CC(Br)c3ccccc3)c2n1,Ki
CHEMBL473726,6.795880017344075,160.0,1,CN(C)c1nc(NCc2ccccc2)c2cnn(CC(Cl)c3ccccc3)c2n1,Ki
CHEMBL473727,6.494850021680094,320.0,1,CCCNc1nc(N(C)C)nc2c1cnn2CC(Cl)c1ccccc1,Ki
CHEMBL473825,4.629818655252878,23500.0,2,Cc1ccc(NC(=O)c2ccc(C(=O)Nc3ccccc3N)s2)cc1Nc1ncc(-c2cccnc2)cn1,IC50
CHEMBL473826,5.058339660808512,8800.0,2,Nc1ccccc1NC(=O)c1ccc(C(=O)Nc2cccc(Nc3ncc(-c4cccnc4)cn3)c2)cc1,IC50
CHEMBL473923,6.552841968657781,280.0,1,CN(C)c1nc(N2CCOCC2)c2cnn(CC(Cl)c3ccccc3)c2n1,Ki
CHEMBL474015,4.55395269865476,29500.0,2,Nc1ccccc1NC(=O)c1ccc(C(=O)Nc2cccc(Nc3ncc(-c4cccnc4)s3)c2)cc1,IC50
CHEMBL474046,4.68837535480105,23500.0,2,Cc1ccc(NC(=O)c2ccc(C(=O)Nc3ccccc3N)nc2)cc1Nc1ncc(-c2cccnc2)s1,IC50
CHEMBL474208,4.832773124424534,16500.0,2,Nc1ccccc1NC(=O)c1ccc(C(=O)Nc2cccc(Nc3ncc(-c4cccnc4)s3)c2)s1,IC50
CHEMBL474863,4.809894379144197,17000.0,2,Nc1ccccc1NC(=O)c1ccc(C(=O)Nc2cccc(Nc3ncc(-c4cccnc4)s3)c2)cn1,IC50
CHEMBL475051,4.7453987388344485,18000.0,2,O=C(NO)c1ccc(C(=O)Nc2cccc(Nc3ncc(-c4cccnc4)s3)c2)cc1,IC50
CHEMBL475336,6.3979400086720375,400.0,1,CCCNc1nc(SC)nc2c1cnn2CC(Cl)c1ccc(Cl)cc1,Ki
CHEMBL475337,6.4089353929735005,390.0,1,CCCCNc1nc(SC)nc2c1cnn2CC(Cl)c1ccc(Cl)cc1,Ki
CHEMBL475739,6.013228265733755,970.0,1,CSc1nc(N2CCOCC2)c2cnn(CC(Cl)c3ccc(F)cc3)c2n1,Ki
CHEMBL475740,6.657577319177793,220.0,1,CSc1nc(NCc2ccc(F)cc2)c2cnn(CC(Cl)c3ccc(F)cc3)c2n1,Ki
CHEMBL475796,5.698970004336019,2000.0,3,Cc1ccc(NCc2ccc(C(=O)Nc3ccccc3N)cc2)cc1Nc1nccc(-c2cccnc2)n1,IC50
CHEMBL475820,5.331470136839737,4700.0,2,Cc1ccc(NC(=O)c2ccc(C(=O)Nc3ccccc3N)cc2)cc1Nc1ncc(-c2cccnc2)cn1,IC50
CHEMBL476303,5.459170185888921,3474.0,1,O=C(Nc1ncc(Cc2ccc(Cl)cc2Cl)s1)c1cccs1,Ki
CHEMBL476304,7.795880017344075,16.0,1,COc1ccc(Cc2cnc(NC(=O)c3cccs3)s2)cc1,Ki
CHEMBL476513,6.603800652904264,249.0,1,Cc1ccc(Cc2cnc(NC(=O)c3cccs3)s2)cc1,Ki
CHEMBL476514,5.783570169123749,1646.0,1,O=C(Nc1ncc(-c2ccc(F)cc2)s1)c1cccs1,Ki
CHEMBL476515,6.101823516502323,791.0,1,O=C(Nc1ncc(-c2ccc(Cl)cc2)s1)c1cccs1,Ki
CHEMBL477139,7.167491087293763,68.0,1,COc1ccc2c(c1)Cc1sc(NC(=O)c3cccs3)nc1-2,Ki
CHEMBL477342,6.555955204081924,278.0,1,O=C(Nc1nnc(COc2ccccc2)s1)c1cccs1,Ki
CHEMBL477343,6.866461091629782,136.0,1,O=C(Nc1ncc(Cc2cccc(C(F)(F)F)c2)s1)c1cccs1,Ki
CHEMBL477344,6.769551078621726,170.0,1,O=C(Nc1ncc(Cc2ccccc2F)s1)c1cccs1,Ki
CHEMBL477554,6.204815410317576,624.0,1,O=C(Nc1ncc(Cc2ccc(Cl)cc2)s1)c1cccs1,Ki
CHEMBL477555,6.073143291050307,845.0,1,O=C(Nc1ncc(Cc2cc(C(F)(F)F)ccc2Cl)s1)c1cccs1,Ki
CHEMBL477772,6.499996931948306,316.23,1,Cc1ccc(Nc2nccc(N(C)c3ccc4c(C)n(C)nc4c3)n2)cc1S(N)(=O)=O,Ki
CHEMBL478181,6.886056647693163,130.0,1,O=C(Nc1ncc(Cc2ccc(F)cc2)s1)c1cccs1,Ki
CHEMBL478825,6.443697499232712,360.0,1,O=C(Nc1nnc(Cc2ccccc2)s1)c1cccs1,Ki
CHEMBL4794404,7.077793722560983,83.6,1,Cc1nc(NC(=O)CN2CCN(C)CC2)sc1-c1ccc2c(/C=C/c3ccccn3)n[nH]c2c1,IC50
CHEMBL4798527,8.610924374808178,2.5,4,Cc1ccc(NC(=O)c2ccc(C)c(C(F)(F)F)c2)cc1C#Cc1nn([C@H]2CC[C@H](O)CC2)c2ncnc(N)c12,IC50
CHEMBL481968,6.522878745280337,300.0,1,O=C(N/N=C/c1cc(C(=O)O)c(Nc2ccc(I)cc2F)c(F)c1F)c1ccc(CO)o1,IC50
CHEMBL481969,5.3979400086720375,4000.0,1,O=C(CS(=O)(=O)c1ccc(Cl)cc1)N/N=C/c1cc(C(=O)O)c(Nc2ccc(I)cc2F)c(F)c1F,IC50
CHEMBL482967,6.199998172182031,630.96,1,Cc1nc(N)sc1-c1ccnc(Nc2ccc(N3CCOCC3)cc2)n1,Ki
CHEMBL482968,6.810846482571593,188.0,2,Cc1cc(Nc2cc(N3CCN(C)CC3)nc(/C=C/c3ccccc3)n2)n[nH]1,IC50
CHEMBL483158,6.299997602857746,501.19,1,COc1cc(Nc2ncc3c(n2)-c2ccc(Cl)cc2C(c2c(F)cccc2OC)=NC3)ccc1C(=O)O,Ki
CHEMBL483847,6.296512871043363,604.0,4,NC(=O)c1cccc(-c2cc(Nc3ccc(OC(F)(F)F)cc3)ncn2)c1,IC50
CHEMBL4847077,7.142607189079099,72.01,1,Cc1cccnc1-c1ccc2nc(NC(=O)[C@@H]3C[C@@H]3F)sc2c1,IC50
CHEMBL4848867,7.209574082608889,61.72,1,O=C(Nc1nc2ccc(-c3cnccc3C(F)(F)F)cc2s1)[C@@H]1C[C@@H]1F.O=C(O)C(F)(F)F.O=C(O)C(F)(F)F,IC50
CHEMBL4849019,7.95663772197887,11.05,1,Cc1csc(-c2ccc3nc(NC(=O)[C@@H]4C[C@@H]4F)sc3c2)c1.Cl.Cl,IC50
CHEMBL4849256,7.393618634889395,40.4,3,Cc1scnc1-c1ccc2nc(NC(=O)[C@@H]3C[C@@H]3F)sc2c1,IC50
CHEMBL4849907,7.0891089113554715,81.45,1,CC(=O)Nc1nc2ccc(-c3cnccc3C)cc2s1,IC50
CHEMBL4850262,8.229147988357855,5.9,3,COc1ccncc1-c1ccc2nc(NC(=O)[C@@H]3C[C@@H]3F)sc2c1,IC50
CHEMBL4850733,7.562249437179612,27.4,1,Cc1nc(Nc2ncc(C(=O)Nc3c(C)noc3C)s2)cc(N2CCN(CCO)CC2)n1,IC50
CHEMBL4851470,8.126098402135538,7.48,1,Cc1ncccc1-c1ccc2nc(NC(=O)[C@@H]3C[C@@H]3F)sc2c1,IC50
CHEMBL4851636,8.130768280269024,7.4,3,O=C(Nc1nc2ccc(-c3cnccc3Cl)cc2s1)[C@@H]1C[C@@H]1F,IC50
CHEMBL4851745,8.366531544420413,4.3,1,Cc1nc(Nc2ncc(C(=O)Nc3c(Cl)ccnc3C)s2)cc(N2CCN(C)CC2)n1,IC50
CHEMBL4853083,7.854803593885818,13.97,1,Cc1ccncc1-c1cc2sc(NC(=O)[C@@H]3C[C@@H]3F)nc2cc1F.Cl.Cl,IC50
CHEMBL4854065,7.497709472085227,31.79,1,Cc1ccncc1-c1ccc2nc(NC(=O)[C@@H]3C[C@@H]3CO)sc2c1.O=CO,IC50
CHEMBL4854140,6.920818753952375,120.0,3,O=C(Nc1nc2ccc(-c3cncnc3C(F)(F)F)cc2s1)[C@@H]1C[C@@H]1F,IC50
CHEMBL4855726,5.391521396319451,4060.0,8,Cc1nc(Nc2ncc(C(=O)Nc3c(Cl)ccnc3C)s2)cc(NN2CCN(CCO)CC2)n1,IC50
CHEMBL4856384,6.407823242604133,391.0,1,Cc1nc(Nc2ncc(C(=O)NC3CN4CCC3CC4)s2)cc(NN2CCN(CCO)CC2)n1,IC50
CHEMBL4857318,8.35359627377693,4.43,1,Cc1nc(NCCO)cc(Nc2ncc(C(=O)Nc3c(Cl)ccnc3C)s2)n1,IC50
CHEMBL4857583,7.549750891680639,28.2,1,Cc1nc(Nc2ncc(C(=O)Nc3c(C)cncc3C)s2)cc(N2CCN(CCO)CC2)n1,IC50
CHEMBL4857973,7.248720896016658,56.4,3,Cc1ccncc1-c1ccc2nc(NC(=O)C3CCC3)sc2c1,IC50
CHEMBL4858104,7.526221165353276,29.77,1,Cc1cccc(Cl)c1-c1ccc2nc(NC(=O)[C@@H]3C[C@@H]3F)sc2c1.O=CO,IC50
CHEMBL485854,6.142667503568732,720.0,1,CNc1ncc2c(n1)N(C)C(=O)N(c1cc(NC(=O)c3cc(-n4cnc(C)c4)cc(C(F)(F)F)c3)ccc1C)C2,IC50
CHEMBL4859689,6.528708288941061,296.0,1,Cc1nc(Nc2ncc(C(=O)Nc3c(C)nn(C)c3C)s2)cc(N2CCN(CCO)CC2)n1,IC50
CHEMBL4860004,7.943095148663527,11.4,5,Cc1ccncc1-c1ccc2nc(NC(=O)C3CC3(F)F)sc2c1,IC50
CHEMBL4862019,7.040195683491662,91.16,1,Cc1ncnc(C)c1-c1ccc2nc(NC(=O)[C@@H]3C[C@@H]3F)sc2c1.Cl,IC50
CHEMBL4862702,8.568636235841012,2.7,5,Cc1c(F)cncc1-c1ccc2nc(NC(=O)[C@@H]3C[C@@H]3F)sc2c1,IC50
CHEMBL4862792,8.356547323513812,4.4,1,O=C(Nc1nc2ccc(-c3ccccc3)cc2s1)[C@@H]1C[C@@H]1F,IC50
CHEMBL4862806,7.657577319177793,22.0,1,Cc1ccc(C(=O)Nc2cc(C(F)(F)F)cc(C(F)(F)F)c2)cc1C#Cc1cc(-c2cnn(C)c2)cnc1N,IC50
CHEMBL4862973,7.924088238517222,11.91,1,Cc1ccncc1-c1ccc2nc(NC(=O)[C@H]3C[C@H]3F)sc2c1.Cl.Cl,IC50
CHEMBL4863574,7.560509409610316,27.51,1,Cc1ccncc1-c1ccc2nc(NC(=O)[C@@H]3C[C@H]3F)sc2c1.Cl.Cl,IC50
CHEMBL4864169,7.382475465113708,41.45,1,Cc1ccncc1-c1cc(F)c2nc(NC(=O)[C@@H]3C[C@@H]3F)sc2c1.O=C(O)C(F)(F)F.O=C(O)C(F)(F)F,IC50
CHEMBL4865214,7.841637507904751,14.4,1,Cc1nc(Nc2ncc(C(=O)Nc3ncccc3C)s2)cc(N2CCN(CCO)CC2)n1,IC50
CHEMBL4865345,4.459957457477065,34750.0,8,Cc1nc(Nc2ncc(C(=O)Nc3c(Br)ccnc3C)s2)cc(N2CCN(CCO)CC2)n1,IC50
CHEMBL4867416,8.430626090384955,3.71,1,Cc1ccccc1-c1ccc2nc(NC(=O)[C@@H]3C[C@@H]3F)sc2c1,IC50
CHEMBL4867502,7.675717544702307,21.1,3,Cc1c[nH]nc1-c1ccc2nc(NC(=O)[C@@H]3C[C@@H]3F)sc2c1,IC50
CHEMBL4867844,5.498940737782249,3170.0,9,Cc1nc(Nc2ncc(C(=O)Nc3c(C)csc3Cl)s2)cc(N2CCN(CCO)CC2)n1,IC50
CHEMBL4868256,7.630042392653947,23.44,1,Cc1cc(C)c(-c2ccc3nc(NC(=O)[C@@H]4C[C@@H]4F)sc3c2)cn1.O=C(O)C(F)(F)F.O=C(O)C(F)(F)F,IC50
CHEMBL4868752,7.239577516576788,57.6,3,O=C(Nc1nc2ccc(-c3cc[nH]n3)cc2s1)[C@@H]1C[C@@H]1F,IC50
CHEMBL4868871,8.254925208417943,5.56,1,Cc1cnccc1-c1ccc2nc(NC(=O)[C@@H]3C[C@@H]3F)sc2c1,IC50
CHEMBL4868998,8.294992040666664,5.07,1,Cc1ccncc1-c1ccc2nc(NC(=O)[C@@H]3C[C@@H]3F)sc2c1.Cl.Cl,IC50
CHEMBL4869199,4.7651773410625005,17300.0,8,Cc1nc(Nc2ncc(C(=O)Nc3c(C)cncc3Cl)s2)cc(N2CCN(CCO)CC2)n1,IC50
CHEMBL4869280,8.045757490560675,9.0,5,Cc1ccncc1-c1ccc2nc(NC(=O)C3CC3)sc2c1,IC50
CHEMBL4872437,7.299123291623096,50.22,1,N#Cc1ccncc1-c1ccc2nc(NC(=O)[C@@H]3C[C@@H]3F)sc2c1.O=C(O)C(F)(F)F.O=C(O)C(F)(F)F,IC50
CHEMBL4872654,7.8326826652518236,14.7,1,Cc1nc(Nc2ncc(C(=O)Nc3cccnc3C)s2)cc(N2CCN(CCO)CC2)n1,IC50
CHEMBL4874323,7.927382523454764,11.82,1,Cc1cccc(C)c1-c1ccc2nc(NC(=O)[C@@H]3C[C@@H]3F)sc2c1.O=CO,IC50
CHEMBL4874824,8.015472686656208,9.65,1,Cc1ccncc1-c1ccc2nc(NC(=O)[C@H]3C[C@@H]3F)sc2c1.Cl.Cl,IC50
CHEMBL4875711,7.490797477668897,32.3,3,Cc1ccnc(C)c1-c1ccc2nc(NC(=O)[C@@H]3C[C@@H]3F)sc2c1,IC50
CHEMBL4877273,6.304588376656483,495.92,1,Cc1ccncc1-c1ccc2nc(NC(=O)[C@@H]3C[C@@H]3F)sc2n1,IC50
CHEMBL4877718,7.735182176990463,18.4,5,Cc1cccc(F)c1-c1ccc2nc(NC(=O)[C@@H]3C[C@@H]3F)sc2c1,IC50
CHEMBL4878274,7.886056647693163,13.0,1,Cc1nc(Nc2ncc(C(=O)Nc3c(C)ccnc3C)s2)cc(N2CCN(CCO)CC2)n1,IC50
CHEMBL4878902,7.621602099051862,23.9,1,O=C(Nc1nc2ccc(-c3cccnc3)cc2s1)[C@@H]1C[C@@H]1F,IC50
CHEMBL4879160,8.119186407719209,7.6,1,Cc1ccsc1-c1ccc2nc(NC(=O)[C@@H]3C[C@@H]3F)sc2c1.Cl,IC50
CHEMBL488658,7.134896025358872,73.3,1,CCCP(=O)(CCC)c1ccc(Nc2nc(C(C)C)nc3c2ncn3/C=C/c2ccccc2)cc1,IC50
CHEMBL488659,6.20342566678957,626.0,1,CCCP(=O)(CCC)c1ccc(Nc2nc(C(C)C)nc3c2ncn3/C=C\c2ccccc2)cc1,IC50
CHEMBL488840,8.446116973356126,3.58,1,Cc1cccc(C)c1/C=C/n1cnc2c(Nc3ccc(P(C)(C)=O)cc3)ncnc21,IC50
CHEMBL49120,9.299988937677888,0.5012,1,CCN(CC)CCOc1ccc(Nc2ncc3cc(-c4c(Cl)cccc4Cl)c(=O)n(C)c3n2)cc1,Ki
CHEMBL491473,7.0,100.0,1,COc1cc2c(Oc3ccc4[nH]c(C)cc4c3F)ncnc2cc1OCCCN1CCCC1,Ki
CHEMBL492956,5.372363747448347,4250.0,2,O=C(/C=C/c1ccc(C(=O)Nc2cccc(Nc3ncc(-c4cccnc4)s3)c2)cc1)NO,IC50
CHEMBL493315,5.677288865325454,2150.0,2,Cc1ccc(NC(=O)c2ccc(/C=C/C(=O)NO)s2)cc1Nc1ncc(-c2cccnc2)s1,IC50
CHEMBL493656,6.329754146925876,468.0,1,COCCN1CCN(CCO/N=C2C(=C3/C(=O)Nc4cc(Br)ccc43)/Nc3ccccc3/2)CC1,IC50
CHEMBL493657,6.377297959690146,2597.05,2,O=C1Nc2cc(Br)ccc2/C1=C1/Nc2ccccc2/C1=N\OCCN1CCN(CCOCCO)CC1,IC50
CHEMBL493883,6.200393718625492,3003.45,2,Cl.O=C1Nc2cc(Br)ccc2/C1=C1/Nc2ccccc2/C1=N\OCCN1CCCC1,IC50
CHEMBL494685,6.156652378239533,2335.25,2,O=C1Nc2cc(Br)ccc2/C1=C1/Nc2ccccc2/C1=N\OCCN1CCCC1,IC50
CHEMBL494867,7.446123750629919,92.6,2,CN(CCO/N=C1C(=C2/C(=O)Nc3cc(Br)ccc32)/Nc2ccccc2/1)CC(O)CO,IC50
CHEMBL495306,7.351799049153928,102.1,2,CN(CCO/N=C1C(=C2/C(=O)Nc3cc(Br)ccc32)/Nc2ccccc2/1)CC(O)CO.Cl,IC50
CHEMBL495727,8.397940008672037,4.0,4,O=C(Nc1c[nH]nc1-c1nc2ccc(CN3CCOCC3)cc2[nH]1)NC1CC1,IC50
CHEMBL5028003,7.460923901207224,34.6,4,Cc1ccncc1-c1ccc2nc(NC(=O)[C@@H]3C[C@@H]3CO)sc2c1,IC50
CHEMBL5028023,7.197226274708024,63.5,2,O=C(Nc1nc2ccc(-c3cnccc3C(F)(F)F)cc2s1)[C@@H]1C[C@@H]1F,IC50
CHEMBL5028111,7.525783735923745,29.8,4,Cc1cccc(Cl)c1-c1ccc2nc(NC(=O)[C@@H]3C[C@@H]3F)sc2c1,IC50
CHEMBL5028390,8.387216143280265,4.1,4,Cc1ccncc1-c1ccc2nc(NC(=O)[C@@H]3C[C@@H]3F)sc2c1,IC50
CHEMBL5028518,7.405607449624573,39.3,2,Cc1ccncc1-c1cc(F)c2nc(NC(=O)[C@@H]3C[C@@H]3F)sc2c1,IC50
CHEMBL5028534,7.896196279044043,12.7,2,Cc1ccncc1-c1ccc2nc(NC(=O)[C@H]3C[C@H]3F)sc2c1,IC50
CHEMBL5028581,5.238523220455298,5774.0,2,Cc1ccncc1-c1ccc2nc(NC(=O)c3ccccc3)sc2c1,IC50
CHEMBL5028704,7.293282217663242,50.9,2,N#Cc1ccncc1-c1ccc2nc(NC(=O)[C@@H]3C[C@@H]3F)sc2c1,IC50
CHEMBL5028705,7.042871802323187,90.6,2,Cc1ncnc(C)c1-c1ccc2nc(NC(=O)[C@@H]3C[C@@H]3F)sc2c1,IC50
CHEMBL5028824,7.6252516539898965,23.7,2,Cc1ccncc1-c1ccc2nc(NC(=O)[C@@H]3C[C@H]3F)sc2c1,IC50
CHEMBL5028859,7.671620396561262,21.3,2,Cc1cc(C)c(-c2ccc3nc(NC(=O)[C@@H]4C[C@@H]4F)sc3c2)cn1,IC50
CHEMBL5028912,7.924453038607469,11.9,4,Cc1cccc(C)c1-c1ccc2nc(NC(=O)[C@@H]3C[C@@H]3F)sc2c1,IC50
CHEMBL5029002,8.102372908709558,7.9,2,Cc1ccsc1-c1ccc2nc(NC(=O)[C@@H]3C[C@@H]3F)sc2c1,IC50
CHEMBL504598,7.045757490560675,90.0,1,O=C(Nc1ncc(Cc2ccccc2)s1)c1cccs1,Ki
CHEMBL504805,5.853871964321762,1400.0,1,Cc1ccn(-c2cccc(C(F)(F)F)c2)c(=O)c1-c1ccc2nc(N)ncc2c1,IC50
CHEMBL5073858,5.006563769502388,9850.0,1,COc1cccc(-c2nc3sccn3c2-c2ccnc(NCCNS(=O)(=O)c3ccc(C(F)(F)F)cc3)n2)c1,IC50
CHEMBL507594,5.853871964321762,1400.0,1,CSc1nc(N2CCCC2)c2cnn(CC(Br)c3ccccc3)c2n1,Ki
CHEMBL508027,6.494850021680094,320.0,1,CCCCNc1nc(SC)nc2c1cnn2CC(Br)c1ccccc1,Ki
CHEMBL5081210,5.09799710864927,7980.0,1,COc1cccc(-c2nc3sccn3c2-c2ccnc(NCCCNS(=O)(=O)c3cccc(F)c3)n2)c1,IC50
CHEMBL5083036,4.984221243610959,10370.0,1,O=S(=O)(NCCNc1nccc(-c2c(-c3cccc(O)c3)nc3sccn23)n1)c1ccc(F)cc1,IC50
CHEMBL5086749,4.8671002300555175,13580.0,1,O=S(=O)(NCCCNc1nccc(-c2c(-c3cccc(O)c3)nc3sccn23)n1)c1cccc(F)c1,IC50
CHEMBL5087577,4.907630300370879,12370.0,1,CN1CCN(CCNc2nccc(-c3c(-c4cccc(O)c4)nc4sccn34)n2)S1(=O)=O,IC50
CHEMBL5088939,7.657577319177793,22.0,1,CCc1c[nH]c2ncc(-c3ccc(N)c(C(=O)N(C)C)c3)cc12,IC50
CHEMBL508928,7.599980364934842,25.12,1,Cc1cccc(NC(=O)Nc2ccc(-c3cnc4c(-c5cnn(C)c5)cnn4c3N)cc2)c1,Ki
CHEMBL50894,5.800000874803203,1584.89,1,O=C1Cc2c([nH]c3ccc([N+](=O)[O-])cc23)-c2ccccc2N1,Ki
CHEMBL508986,6.552841968657781,280.0,1,CCCSc1nc(N(CC)CC)c2cnn(CC(Cl)c3ccccc3)c2n1,Ki
CHEMBL509002,8.744727494896694,1.8,1,COc1nc(Nc2ccc(P(C)(C)=O)cc2)c2ncn(/C=C/c3c(C)cccc3C)c2n1,IC50
CHEMBL509032,6.289818185712168,649.595,2,COc1cc(N2CCC(N3CCN(C)CC3)CC2)ccc1Nc1ncc(Cl)c(Nc2ccccc2S(=O)(=O)C(C)C)n1,IC50
CHEMBL509941,8.167491087293763,6.8,1,Cc1cccc(C)c1/C=C/n1cnc2c(Nc3ccc(P(C)(C)=O)cc3)nc(N3CCN(C)CC3)nc21,IC50
CHEMBL510516,6.630974580875206,264.5,2,CCC(=O)Nc1ccc2ncnc(Nc3ccc(NC(=O)Nc4cc(C(C)(C)C)nn4-c4cccc(C)c4)cc3)c2c1,IC50
CHEMBL510861,6.6020599913279625,250.0,1,CCCNc1nc(SCCC)nc2c1cnn2CC(Cl)c1ccccc1,Ki
CHEMBL510891,7.158640529545145,69.4,1,CP(C)(=O)c1ccc(Nc2ncnc3c2ncn3/C=C/c2ccccc2Cl)cc1,IC50
CHEMBL514140,6.468521082957745,340.0,1,CSc1nc(NCc2ccccc2F)c2cnn(CC(Cl)c3ccc(F)cc3)c2n1,Ki
CHEMBL514351,5.098681540958594,8050.0,2,Cc1ccc(NCc2ccc(/C=C/C(=O)NO)cc2)cc1Nc1nccc(-c2cccnc2)n1,IC50
CHEMBL514511,4.488579694561736,32500.0,2,CN(C(=O)c1ccc(C(=O)Nc2ccccc2N)cc1)c1cccc(Nc2nccc(-c3cccnc3)n2)c1,IC50
CHEMBL515109,4.84518491628705,16250.0,2,Cc1ccc(NC(=O)c2ccc(C(=O)Nc3ccccc3N)s2)cc1Nc1ncc(-c2cccnc2)s1,IC50
CHEMBL515135,6.522878745280337,300.0,1,CCN(CC)c1nc(SC)nc2c1cnn2CC(Cl)c1ccc(Cl)cc1,Ki
CHEMBL515258,4.50174416392291,31500.0,2,Cc1ccc(NC(=O)c2ccc(C(=O)Nc3ccccc3N)nc2)cc1Nc1ncc(-c2cccnc2)cn1,IC50
CHEMBL515432,4.661196523639753,24000.0,2,Cc1ccc(NC(=O)c2ccc(C(=O)Nc3ccccc3N)cc2)cc1Nc1ncc(-c2cccnc2)s1,IC50
CHEMBL515885,6.301029995663981,500.0,1,CSc1nc(N2CCOCC2)c2cnn(CC(Cl)c3ccc(Cl)cc3)c2n1,Ki
CHEMBL516070,6.657577319177793,220.0,1,CSc1nc(Nc2cccc(F)c2)c2cnn(CC(Cl)c3ccc(F)cc3)c2n1,Ki
CHEMBL516498,8.135488918941608,7.32,1,Cc1cccc(C)c1/C=C/n1cnc2c(Nc3ccc(P(C)(C)=O)cc3)nc(OC(C)C)nc21,IC50
CHEMBL517047,7.229147988357855,59.0,1,Cc1cccc(Cc2cnc(NC(=O)c3cccs3)s2)c1,Ki
CHEMBL5171402,7.910023135184225,12.75,2,COc1ccc(C(=O)Nc2ccc(CN3CCN(C)CC3)c(C(F)(F)F)c2)cc1C#Cc1cnc2cccnn12,IC50
CHEMBL5171892,6.758956429086757,187.0,2,Cc1ccc(C(=O)Nc2cc(-n3cnc(C(C)C)c3)cc(C(F)(F)F)c2)cc1C#Cc1cnc2cccnn12,IC50
CHEMBL517204,6.610833915635467,245.0,1,O=C(Nc1ncc(Cc2ccccc2Cl)s1)c1cccs1,Ki
CHEMBL5172294,7.602407705158788,195.8,2,Cc1ccc(NC(=O)c2ccc(CN3CCN(C)CC3)cc2)cc1C#Cc1cnc2cccnn12,IC50
CHEMBL5175948,6.183164796974278,658.5,2,Cc1ccc(C(=O)Nc2cc(-n3cnc(-c4ccccc4)c3)cc(C(F)(F)F)c2)cc1C#Cc1cnc2cccnn12,IC50
CHEMBL5176837,9.221848749616356,0.6,1,COc1cc2ncc(-c3cccc(NC4CCNC4)n3)n2cc1-c1cnn(C)c1,IC50
CHEMBL5177673,6.462180904926726,345.0,1,CC(C)(C)c1cc(NC(=O)Nc2ccc(Oc3ccc4ncccc4c3)cc2)n(-c2ccc3ncccc3c2)n1,IC50
CHEMBL517822,7.301029995663981,50.0,1,O=C(Nc1ncc(Cc2cc(Cl)ccc2Cl)s1)c1cccs1,Ki
CHEMBL5178286,7.076831443935097,89.25,2,Cc1ccc(C(=O)Nc2ccc(CN3CCN(C)CC3)c(C(F)(F)F)c2)cc1C#Cc1cn(C)cn1,IC50
CHEMBL5178368,6.790484985457369,162.0,1,CCCNc1ccc2ncc(-c3ccc4[nH]ncc4c3)n2n1,IC50
CHEMBL518031,6.5376020021010435,290.0,1,O=C(/C=C/c1ccc(/C=C2\Oc3ccccc3NC2=O)s1)Nc1ccc(N2CCOCC2)cc1,IC50
CHEMBL5181260,7.416801226031377,38.3,1,CN1CCN(Cc2ccc(NC(=O)Nc3ccc(Oc4ccc5ncccc5c4)cc3)cc2C(F)(F)F)CC1,IC50
CHEMBL518166,9.301029995663981,0.5,1,Cc1cccc(C)c1/C=C/n1cnc2c(Nc3ccc(P(C)(C)=O)cc3)nc(Oc3cccnc3)nc21,IC50
CHEMBL5182618,9.267606240177031,0.54,1,CN[C@@H](C)C(=O)N[C@H](C(=O)N1CCC[C@H]1c1nc(C(=O)c2cccc(OCCCOCC(=O)N3CCN(c4cc(Nc5ncc(C(=O)Nc6c(C)cccc6Cl)s5)nc(C)n4)CC3)c2)cs1)C1CCCCC1,IC50
CHEMBL5182661,6.860120913598763,138.0,1,CC(=O)c1cccc(-c2cc(Nc3ccc(OC(F)(F)F)cc3)ncn2)c1,IC50
CHEMBL5182704,7.434540566257484,38.85,2,Cc1cn(-c2cc(NC(=O)c3ccc(C)c(C#Cc4cnc5cccnn45)c3)cc(C(F)(F)F)c2)cn1,IC50
CHEMBL5182716,6.919351943469614,126.2,2,Cc1ccc(C(=O)Nc2cc(-n3cnc(C4CC4)c3)cc(C(F)(F)F)c2)cc1C#Cc1cnc2cccnn12,IC50
CHEMBL5183663,8.468521082957745,3.4,3,CC(C)(C)c1cc(NC(=O)Nc2ccc(Oc3ccc4ncncc4c3)cc2)n(-c2ccc3ncccc3c2)n1,IC50
CHEMBL518430,7.013228265733755,97.0,1,O=C(Nc1ncc(Cc2cccc(Cl)c2)s1)c1cccs1,Ki
CHEMBL5186950,6.948269188952647,114.5,2,O=C(Nc1cc(-n2cnc(C3CC3)c2)cc(C(F)(F)F)c1)c1cccc(C#Cc2cnc3cccnn23)c1,IC50
CHEMBL5187134,6.542141831027003,413.0,2,COc1ccc(C(=O)Nc2cc(-n3cnc(C4CC4)c3)cc(C(F)(F)F)c2)cc1C#Cc1cnc2cccnn12,IC50
CHEMBL5188231,7.828384352717981,17.9,2,CN1CCN(Cc2ccc(C(=O)Nc3ccc(CC(=O)Nc4ccc(NC(=O)C5CC5)nc4)cc3)cc2C(F)(F)F)CC1,IC50
CHEMBL5188987,6.0,1000.0,1,Cc1nc(NC(=O)c2ccc(C)c(C#Cc3cnc4cccnn34)c2)cc(N2CCN(CCO)CC2)n1,IC50
CHEMBL5190052,9.301029995663981,0.5,1,Cc1cccc(Cl)c1NC(=O)c1cnc(NC(=O)c2ccc(CN3CCN(C)CC3)cc2)s1,IC50
CHEMBL5193141,7.389392021967436,43.05,2,Cc1cn(-c2cc(NC(=O)c3cccc(C#Cc4cnc5cccnn45)c3)cc(C(F)(F)F)c2)cn1,IC50
CHEMBL5193775,7.271528657625057,68.4,2,O=C(Nc1cc(-n2ccnc2)cc(C(F)(F)F)c1)c1cccc(C#Cc2cnc3cccnn23)c1,IC50
CHEMBL5194163,6.471677139402248,404.0,2,Cc1ccn(-c2cc(NC(=O)c3ccc(C)c(C#Cc4cnc5cccnn45)c3)cc(C(F)(F)F)c2)c1,IC50
CHEMBL5195864,6.6338031200885155,255.0,2,Cc1ccc(C(=O)Nc2cc(Br)cc(C(F)(F)F)c2)cc1C#Cc1cnc2cccnn12,IC50
CHEMBL5196705,6.692749128140018,268.75,2,COc1ccc(C(=O)Nc2cc(-n3cnc(C)c3)cc(C(F)(F)F)c2)cc1C#Cc1cnc2cccnn12,IC50
CHEMBL5197174,4.3979400086720375,40000.0,1,CN1CCN(c2ccc(Nc3nc(Nc4ccc(F)c(F)c4)c4ncn(CC5CC5)c4n3)cc2)CC1,IC50
CHEMBL5199397,7.804100347590766,15.7,1,CN1CCN(Cc2ccc(NC(=O)Nc3ccc(Oc4ccc5ncncc5c4)cc3)cc2C(F)(F)F)CC1,IC50
CHEMBL5200198,6.640268062127847,254.0,2,Cc1ccc(C(=O)Nc2cc(-n3cnc4ccccc43)cc(C(F)(F)F)c2)cc1C#Cc1cnc2cccnn12,IC50
CHEMBL5201102,7.920818753952375,12.0,1,COC(=O)c1ccc2c(C(Nc3ccc(N(C)C(=O)CN4CCN(C)CC4)cc3)c3ccccc3)c(O)[nH]c2c1,IC50
CHEMBL5201123,7.351667404869234,64.0,2,Cc1ccc(C(=O)Nc2cc(N3CCN(C)CC3)cc(C(F)(F)F)c2)cc1C#Cc1cnc2cccnn12,IC50
CHEMBL5202391,7.329976341169303,275.5,2,Cc1ccc(C(=O)Nc2ccc(CN3CCN(C)CC3)cc2)cc1C#Cc1cnc2cccnn12,IC50
CHEMBL5202721,7.003306136051043,107.55,2,CCc1cn(-c2cc(NC(=O)c3ccc(C)c(C#Cc4cnc5cccnn45)c3)cc(C(F)(F)F)c2)cn1,IC50
CHEMBL5203405,8.397940008672037,4.0,5,CN1CCN(Cc2ccc(NC(=O)Nc3ccc(Oc4ccc5cccnc5c4)cc3)cc2C(F)(F)F)CC1,IC50
CHEMBL520540,7.265200170411153,54.3,1,CCCP(=O)(CCC)c1ccc(Nc2nc(C(C)C)nc3c2ncn3/C=C\c2c(C)cccc2C)cc1,IC50
CHEMBL5206706,8.481486060122112,3.3,5,CC(C)(C)c1cc(NC(=O)Nc2ccc(Oc3ccc4cccnc4c3)cc2)n(-c2ccc3ncccc3c2)n1,IC50
CHEMBL5207077,7.10744190248904,339.55,2,Cc1ccc(C(=O)Nc2ccc(CN3CCN(C)CC3)c(C(F)(F)F)c2)cc1Nc1nccc(-c2cccnc2)n1,IC50
CHEMBL5207909,7.528161252804544,31.900000000000002,2,Cc1ccc(C(=O)Nc2cc(-n3ccnc3)cc(C(F)(F)F)c2)cc1C#Cc1cnc2cccnn12,IC50
CHEMBL5208448,8.301029995663981,5.0,1,Cc1ccc(C(=O)Nc2ncc(C(=O)Nc3c(C)cccc3Cl)s2)cc1Nc1nccc(-c2cccnc2)n1,IC50
CHEMBL521652,5.05306366060246,8850.0,2,Cc1ccc(NC(=O)c2ccc(C(=O)NO)cc2)cc1Nc1ncc(-c2cccnc2)s1,IC50
CHEMBL5218470,6.656197666838345,220.7,1,COc1ccc(-c2ccnc(Nc3cc(C(=O)Nc4ccc(CN5CCN(C)CC5)c(C(F)(F)F)c4)ccc3C)c2)cn1,IC50
CHEMBL5218558,7.001740661576301,99.6,1,Cc1cn(-c2cc(NC(=O)c3ccc(C)c(Nc4cc(-c5cccnc5)ccn4)c3)cc(C(F)(F)F)c2)cn1,IC50
CHEMBL5218915,8.148741651280925,7.1,1,Cc1ccc(C(=O)Nc2ccc(CN3CCN(C)CC3)c(C(F)(F)F)c2)cc1Nc1cc(-c2cccnc2)ccn1,IC50
CHEMBL5219315,6.718285029972704,191.3,1,Cc1ccc(C(=O)Nc2cc(N(C)CCN(C)C)cc(C(F)(F)F)c2)cc1Nc1cc(-c2cccnc2)ccn1,IC50
CHEMBL5219468,7.298432014944073,50.3,2,Cc1ccc(C(=O)Nc2cc(-c3cnn(C)c3)cc(C(F)(F)F)c2)cc1Nc1cc(-c2cccnc2)ccn1,IC50
CHEMBL5219553,7.995678626217358,10.1,1,Cc1ccc(C(=O)Nc2ccc(CN3CCN(C)CC3)c(C(F)(F)F)c2)cc1Nc1cc(-c2cncnc2)ccn1,IC50
CHEMBL5220767,6.572676213642753,267.5,1,Cc1ccc(C(=O)Nc2cc(-c3ccnn3C)cc(C(F)(F)F)c2)cc1Nc1cc(-c2cccnc2)ccn1,IC50
CHEMBL5220862,7.020451625295905,95.4,1,Cc1ccc(C(=O)Nc2cc(-c3cnn(C)c3)cc(C(F)(F)F)c2)cc1Nc1cc(-c2cncnc2)ccn1,IC50
CHEMBL5220882,6.633763876281707,232.4,1,COc1ccc(-c2cc(NC(=O)c3ccc(C)c(Nc4cc(-c5cccnc5)ccn4)c3)cc(C(F)(F)F)c2)cc1,IC50
CHEMBL5220995,6.822752163744377,150.4,1,Cc1ccc(C(=O)Nc2ccc(CN3CCN(C)CC3)c(C(F)(F)F)c2)cc1Nc1cc(-c2ccc(F)nc2)ccn1,IC50
CHEMBL5221049,6.615109203469446,242.6,1,Cc1ccc(C(=O)Nc2cc(N3CCN(C)CC3)cc(C(F)(F)F)c2)cc1Nc1cc(-c2cccnc2)ccn1,IC50
CHEMBL522892,6.642065152999546,228.0,3,CN1CCN(c2ccc3nc(-c4c(N)c5c(F)cccc5[nH]c4=O)[nH]c3c2)CC1,IC50
CHEMBL523684,5.559593203859604,2900.0,2,O=C(/C=C/c1ccc(C(=O)Nc2cccc(Nc3ncc(-c4cccnc4)s3)c2)s1)NO,IC50
CHEMBL5266023,8.2827155479829,8.85,2,Cc1cc(-c2cc(Cl)ccc2O)cc2nnc(Nc3ccc(S(=O)(=O)CCCN4CCCC4)cc3)nc12,Ki
CHEMBL5267335,7.231468428609191,412.1,2,Cc1cc(-c2cc(Cl)ccc2O)cc2nnc(Nc3ccc(C(=O)N4CCS(=O)(=O)CC4)cc3)nc12,Ki
CHEMBL5268244,6.739928612014925,182.0,1,C#CCO[C@@H]1[C@H](C)[C@@H](COC(=O)c2ccc(S(=O)(=O)F)cc2)O[C@H]1n1nc(-c2ccc(C)cc2)c2c(N)ncnc21,IC50
CHEMBL5269803,7.951892707326797,25.3,2,Cc1cc(-c2cc(Cl)ccc2O)cc2nnc(Nc3ccc(C(=O)NCCN4CCCC4)cc3)nc12,Ki
CHEMBL5270006,7.3979400086720375,40.0,1,CN1CCN(c2ccc(Nc3nc(Nc4cccc(F)c4)c4ncn(CC5CC5)c4n3)cc2)CC1,IC50
CHEMBL5270142,7.621872175622883,83.25,2,CCN(CC)CCN1CCC(S(=O)(=O)c2ccc(Nc3nnc4cc(-c5cc(Cl)ccc5O)cc(C)c4n3)cc2)CC1,Ki
CHEMBL5270516,8.289198036565084,33.2,2,CCN(CCN1CCCC1)S(=O)(=O)c1ccc(Nc2nnc3cc(-c4cc(Cl)ccc4O)cc(C)c3n2)cc1,Ki
CHEMBL5272285,7.2785720549124715,479.45,2,Cc1cc(-c2cc(Cl)ccc2O)cc2nnc(Nc3ccc(S(=O)(=O)N(CCN4CCCC4)C(C)C)cc3)nc12,Ki
CHEMBL5274378,8.391917048857003,4.1,2,Cc1cc(-c2cc(Cl)ccc2O)cc2nnc(Nc3ccc(S(=O)(=O)C4CCNCC4)cc3)nc12,Ki
CHEMBL5274913,6.958607314841775,110.0,1,CN1CCN(c2ccc(Nc3nc(Nc4ccc(F)cc4)c4ncn(CC5CC5)c4n3)cc2)CC1,IC50
CHEMBL5275366,7.558169282423191,77.55,2,Cc1cc(-c2cc(Cl)ccc2O)cc2nnc(Nc3ccc(S(=O)(=O)N(C)CCN4CCOCC4)cc3)nc12,Ki
CHEMBL5277744,9.221848749616356,0.75,2,Cc1cc(-c2cc(Cl)ccc2O)cc2nnc(Nc3ccc(S(=O)(=O)N(C)CCN4CCCC4)cc3)nc12,Ki
CHEMBL5280331,8.49569991411904,3.2,2,Cc1cc(-c2cc(Cl)ccc2O)cc2nnc(Nc3ccc(S(=O)(=O)NCCN4CCCC4)cc3)nc12,Ki
CHEMBL5280361,7.455931955649724,35.0,1,C#CCO[C@@H]1[C@H](C)[C@@H](COS(=O)(=O)C=C)O[C@H]1n1nc(-c2ccc(C)cc2)c2c(N)ncnc21,IC50
CHEMBL5282076,8.896317481265463,13.031,2,Cc1cc(-c2cc(Cl)ccc2O)cc2nnc(Nc3ccc(OCCCN4CCCC4)cc3)nc12,Ki
CHEMBL5282277,8.48940535046503,10.75,2,Cc1cc(-c2cc(Cl)ccc2O)cc2nnc(Nc3ccc(C(=O)N4CCN(C)CC4)cc3)nc12,Ki
CHEMBL5282737,8.07284697909946,28.15,2,Cc1cc(-c2cc(Cl)ccc2O)cc2nnc(Nc3ccc(OCCN4CCCC4)cc3)nc12,Ki
CHEMBL528330,8.226945306635738,5.93,1,CCCP(=O)(CCC)c1ccc(Nc2nc(C(C)C)nc3c2ncn3/C=C/c2c(C)cccc2C)cc1,IC50
CHEMBL5285367,6.221848749616356,600.0,1,CN1CCN(c2ccc(Nc3nc(Nc4cccc(F)c4)c4ncn(CC5CC5)c4n3)cc2F)CC1,IC50
CHEMBL5285787,7.138276268883984,347.35,2,Cc1cc(-c2cc(Cl)ccc2O)cc2nnc(Nc3ccc(S(N)(=O)=O)cc3)nc12,Ki
CHEMBL5286051,8.296729909783021,8.35,2,Cc1cc(-c2cc(Cl)ccc2O)cc2nnc(Nc3ccc(C(=O)N4CCNCC4)cc3)nc12,Ki
CHEMBL5286481,7.605209643917787,72.2,2,Cc1cc(-c2cc(Cl)ccc2O)cc2nnc(Nc3ccc(S(=O)(=O)N4CCNCC4)cc3)nc12,Ki
CHEMBL5289797,7.045757490560675,90.0,1,CN1CCN(c2ccc(Nc3nc(Nc4ccccc4)c4ncn(CC5CC5)c4n3)cc2)CC1,IC50
CHEMBL5314481,7.327902142064283,47.0,1,Cc1ccc(NC(=O)c2ccc(CN3CCN(C)CC3)cc2)cc1Nc1nccc(-c2cncc(-c3oncc3C)c2)n1,IC50
CHEMBL535,6.297569463554475,504.0,3,CCN(CC)CCNC(=O)c1c(C)[nH]c(/C=C2\C(=O)Nc3ccc(F)cc32)c1C,IC50
CHEMBL536073,7.920818753952375,12.0,1,Cc1ccc(NC(=O)c2ccc(CN3CC[C@@H](N(C)C)C3)c(C(F)(F)F)c2)cc1Nc1nccc(-c2cncnc2)n1.Cl,IC50
CHEMBL536983,6.853871964321762,140.0,1,Cc1ccc(NC(O)c2ccc(CN3CC(N(C)C)C3)c(C(F)(F)F)c2)cc1Nc1nccc(-c2cncnc2)n1.Cl,IC50
CHEMBL538337,7.494850021680094,32.0,1,Cc1ccc(NC(O)c2ccc(CN3CC[C@@H](CN(C)C)C3)c(C(F)(F)F)c2)cc1Nc1nccc(-c2cncnc2)n1.Cl,IC50
CHEMBL5393771,5.960585880823863,1095.0,1,COc1cc(-c2cnc3cc(OCCN4CCOCC4)ccn23)cc2c1C(=O)N(CC(F)(F)F)CC2,IC50
CHEMBL539433,6.320572103387881,478.0,5,Cc1cn(-c2cc(NC(=O)c3ccc(C)c(/C=C/n4cnc5c(NC6CC6)ncnc54)c3)cc(C(F)(F)F)c2)cn1,IC50
CHEMBL5395308,6.454692883534176,351.0,1,Cc1cnc(Nc2cnn(C)c2)nc1-c1cnn([C@H](CC#N)C2CCCC2)c1,IC50
CHEMBL5395705,6.890421453095613,128.7,1,CCNC(=O)c1c(OC)cc(-n2cnc3cc(-c4cnn(CCOC)c4)ccc32)cc1OC,IC50
CHEMBL5396135,4.670134514241992,21373.0,1,Cc1cc(Nc2ncc(C)c(N3CC(CC#N)(N4CCN(C)CC4)C3)n2)sn1,IC50
CHEMBL5396179,6.508638306165727,310.0,1,CCNC(=O)c1c(OC)cc(-n2cnc3cc(-c4cnn(C5CCOCC5)c4)ccc32)cc1OC,IC50
CHEMBL5397288,6.35261702988538,444.0,1,CCNC(=O)c1c(OC)cc(-n2cnc3cc(-c4cnn(CC#N)c4)ccc32)cc1OC,IC50
CHEMBL5397973,7.552841968657781,28.0,1,Cc1ccc(C(=O)Nc2ccc(CN3CCN(C)CC3)c(C(F)(F)F)c2)cc1Nc1cccc2c1C(=O)C(=O)N2C,IC50
CHEMBL5398622,6.465719994794918,342.2,1,Cc1cn(-c2cc(NC(=O)c3ccc(C)c(Nc4cccc(-c5cccnc5)c4)c3)cc(C(F)(F)F)c2)cn1,IC50
CHEMBL539942,4.335358024443875,46200.0,1,CC(=O)N[C@@H](Cc1ccc(OP(=O)(O)O)cc1)C(=O)N[C@H](C(=O)N[C@H](C)C(=O)NCCc1ccccc1)C(C)C,IC50
CHEMBL5400152,7.876148359032914,13.3,3,Cc1cc(F)ncc1-c1ccc2nc(NC(=O)[C@@H]3C[C@@H]3F)sc2c1,IC50
CHEMBL5401167,7.279840696594043,52.5,1,CCNC(=O)c1c(OC)cc(-n2cnc3cc(-c4cnn(CC)c4)ccc32)cc1OC,IC50
CHEMBL5402554,6.330683119433888,467.0,1,Cc1cc(Nc2ncc(C)c(N3CCN(CC#N)CC3)n2)sn1,IC50
CHEMBL5402797,5.881404634776238,1314.0,1,Cc1cc(Nc2ncc(C)c(N3CC4CCC(C3)N4CC#N)n2)sn1,IC50
CHEMBL5403288,7.481486060122112,33.0,1,Cc1cc(Nc2ncc(C)c(N3CC(C4CC4)C3)n2)sn1,IC50
CHEMBL5403558,7.135488918941608,73.2,1,CCNC(=O)c1c(OC)cc(-n2cnc3cc(-c4cnn(C)c4)ccc32)cc1OC,IC50
CHEMBL5404502,6.622329560665677,238.6,1,CCn1cc(-c2ccc3c(c2)ncn3-c2cc(OC)c(C(=O)NCC(F)(F)F)c(OC)c2)cn1,IC50
CHEMBL5404765,6.270025714300444,537.0,1,Cc1cc(Nc2ncc(C)c(N3CC4CCCC(C3)N4CCC#N)n2)sn1,IC50
CHEMBL5405344,6.066512712151295,858.0,1,Cc1cc(Nc2ncc(C)c(N3CC4CCC(C3)N4CCC#N)n2)sn1,IC50
CHEMBL5407103,7.142667503568732,72.0,1,CCc1nnc(-c2c(OC)cc(-c3cnc4cc(-c5cnn(C)c5)ccn34)cc2OC)o1,IC50
CHEMBL5407620,7.779891911959945,16.6,1,Cc1ccc(C(=O)Nc2cc(-c3cnn(C)c3)cc(C(F)(F)F)c2)cc1NC(=O)c1cnc2[nH]ccc2c1,IC50
CHEMBL5409449,6.837734385701978,145.3,1,CCN1CCN(CCCOc2cc3nccc(Oc4c(F)cc(NC(=O)NN5C(=O)CSC5c5ccc(F)cc5F)cc4F)c3cc2OC)CC1,IC50
CHEMBL5410239,5.692932049338702,2028.0,1,Cc1cc(Nc2ncc(C)c(N3CC4CCCC(C3)N4CC#N)n2)sn1,IC50
CHEMBL5412619,5.1842230797016375,6543.0,1,Cc1cnc(Nc2cnn(C)c2)nc1N1CC2CCCC(C1)N2CCC#N,IC50
CHEMBL5412961,6.876148359032914,133.0,1,CCn1cc(-c2ccc3c(c2)ncn3-c2cc(OC)c(C(=O)NC3CC3)c(OC)c2)cn1,IC50
CHEMBL5414095,4.773993305270821,16827.0,1,Cc1cnc(Nc2cnn(C)c2)nc1N1CC2CCCC(C1)N2CC#N,IC50
CHEMBL5415481,6.642065152999546,228.0,1,Cc1cc(Nc2ncc(C)c(N3CCN(CC#N)[C@@H](C)C3)n2)sn1,IC50
CHEMBL5415503,5.774690718274137,1680.0,1,CCOc1cc(N2CCN(C)CC2)ccc1Nc1ncc2cc(-c3cccc(NC(=O)c4cccc(C(F)(F)F)c4)c3)c(=O)n(C[C@H]3CCCO3)c2n1,IC50
CHEMBL5415699,7.443697499232712,36.0,1,CCn1cc(-c2ccc3c(c2)ncn3-c2cc(OC)c(C(=O)NC)c(OC)c2)cn1,IC50
CHEMBL5416410,8.11531133696193,9.1,30,Cc1nc(Nc2ncc(C(=O)Nc3c(C)cccc3Cl)s2)cc(N2CCN(CCO)CC2)n1.O,IC50
CHEMBL5417435,6.1778319206319825,664.0,1,Cc1cc(Nc2ncc(C)c(N3CC(CC#N)C3)n2)sn1,IC50
CHEMBL5417444,6.488116639021126,325.0,1,COc1cc(-n2cnc3cc(-c4cnn(C)c4)ccc32)cc(OC(F)F)c1C(=O)NC1CC1,IC50
CHEMBL5419476,6.341988603342887,455.0,1,CCNC(=O)c1c(OC)cc(-n2cnc3cc(-c4cnn(CC(N)=O)c4)ccc32)cc1OC,IC50
CHEMBL5420455,6.2343314452409855,583.0,1,CCNC(=O)c1c(OC)cc(-n2cnc3cc(-c4cnn(CCO)c4)ccc32)cc1OC,IC50
CHEMBL5423027,6.684029654543083,207.0,1,Cc1cc(Nc2ncc(C)c(-c3cnn(CCC#N)c3)n2)sn1,IC50
CHEMBL5425418,4.55129368009492,28100.0,1,CNc1ncc2cc(-c3cc(F)ccc3F)c(=O)n(CCCCN)c2n1,IC50
CHEMBL5427025,7.623423042943488,23.8,1,CCn1cc(-c2ccc3c(c2)ncn3-c2cc(OC)c(CO)c(OC)c2)cn1,IC50
CHEMBL5427375,6.605198222837289,248.2,1,Cc1ccc(C(=O)Nc2cc(-c3c(C)noc3C)cc(C(F)(F)F)c2)cc1NC(=O)c1cnc2[nH]ccc2c1,IC50
CHEMBL5428068,8.31069114087638,4.89,1,O=C(Nc1cn2cc(-c3ccccc3CCF)ccc2n1)[C@@H]1C[C@@H]1F,IC50
CHEMBL5428147,6.321481620959886,477.0,1,CCn1cc(-c2ccc3c(c2)ncn3-c2cc(OC)c(C(=O)O)c(OC)c2)cn1,IC50
CHEMBL5428955,4.301029995663981,50000.0,1,Cc1cnc(Nc2cnn(C)c2)nc1N1CC(CC#N)(N2CCN(C)CC2)C1,IC50
CHEMBL5429675,5.905528871358356,1243.0,1,Cc1cc(Nc2ncc(C)c(N3CCN(CC#N)C(C)C3)n2)sn1,IC50
CHEMBL5430060,5.4470885497834916,3572.0,1,Cc1cc(Nc2ncc(C)c(N3CC(CC#N)(N4CCCC4)C3)n2)sn1,IC50
CHEMBL5430774,7.021819483062586,95.1,1,CCn1cc(-c2ccc3c(c2)ncn3-c2cc(OC)c(C(=O)OC)c(OC)c2)cn1,IC50
CHEMBL5431938,6.763462738511306,172.4,1,CCNC(=O)c1c(OC)cc(-n2cnc3cc(-c4cnn(CC)c4)ccc32)cc1OC(F)F,IC50
CHEMBL5432029,5.074069402131529,8432.0,1,Cc1cc(Nc2ncc(C)c(N3CC(CC#N)(N4CCCCC4)C3)n2)sn1,IC50
CHEMBL5432284,6.245651664288981,568.0,1,Cc1cc(Nc2ncc(C)c(N3CC(CCC#N)C3)n2)sn1,IC50
CHEMBL5434489,7.096910013008056,80.0,1,Cc1cc(Nc2ncc(C)c(N3CC(O)(C4CC4)C3)n2)sn1,IC50
CHEMBL5434965,6.804100347590766,157.0,1,Cc1cc(Nc2ncc(C)c(N3CCC(CC#N)CC3)n2)sn1,IC50
CHEMBL5436997,4.986320302708807,10320.0,1,Cc1cc(Nc2ncc(C)c(N3CC(CC#N)(OC4CC5(CC5)C4)C3)n2)sn1,IC50
CHEMBL5437157,8.328827157284916,4.69,1,O=C(Nc1cn2cc(-c3cccc(F)c3OCCF)ccc2n1)[C@@H]1C[C@@H]1F,IC50
CHEMBL5438171,8.229147988357855,5.9,1,CCn1cc(-c2ccc3c(c2)ncn3-c2cc(OC)c(C(N)=O)c(OC)c2)cn1,IC50
CHEMBL5439856,7.018634490921456,95.8,1,Cc1ccc(C(=O)Nc2cc(-c3cnn(C)c3)cc(C(F)(F)F)c2)cc1Nc1cccc2c1C(=O)C(=O)N2C,IC50
CHEMBL546797,5.899998417198648,1258.93,1,ON=C(c1nc2ccccc2[nH]1)c1nc2ccccc2[nH]1,Ki
CHEMBL550281,7.42021640338319,38.0,1,Cc1ccc(C(=O)Nc2cc(C(F)(F)F)ccn2)cc1/C=C/n1cnc2cncnc21,IC50
CHEMBL550418,6.0999990348465305,794.33,1,COc1cc(-c2ccc3c(c2)Nc2c(O)cccc2NC3=O)ccc1O,Ki
CHEMBL550623,4.017728766960432,96000.0,1,CNc1ncnc2c1ncn2CCc1cc(NC(=O)c2cccc(C(F)(F)F)c2)ccc1C,IC50
CHEMBL551030,3.614393726401688,243000.0,1,Cc1ccc(NC(=O)c2cccc(C(F)(F)F)c2)cc1/C=C/n1cnc2c(Nc3ccccn3)ncnc21,IC50
CHEMBL551031,4.585026652029182,26000.0,1,Cc1ccc(NC(=O)c2cccc(C(F)(F)F)c2)cc1/C=C/n1cnc2c(Nc3cccnc3)ncnc21,IC50
CHEMBL551229,5.00436480540245,9900.0,1,Cc1ccc(NC(=O)c2cccc(C(F)(F)F)c2)cc1/C=C/n1cnc2c(Nc3ccncc3)ncnc21,IC50
CHEMBL551542,6.522878745280337,300.0,1,COc1ccc(CNc2nc(SC)nc3c2cnn3CC(Cl)c2ccccc2)cc1,Ki
CHEMBL551838,3.6270879970298933,236000.0,1,Cc1ccc(C(=O)Nc2cc(C(F)(F)F)ccc2F)cc1/C=C/n1cnc2c(NC3CC3)ncnc21,IC50
CHEMBL552634,4.154901959985743,70000.0,1,C=C(CN(C)C)C(=O)c1ccc(OS(=O)(=O)c2ccc(C(=O)N(C)C)cc2)cc1.Cl,IC50
CHEMBL553,6.03888880931917,1249.055,2,C#Cc1cccc(Nc2ncnc3cc(OCCOC)c(OCCOC)cc23)c1,IC50
CHEMBL553695,4.142667503568732,72000.0,1,Cc1ccc(C(=O)Nc2cc(N3CCOCC3)cc(C(F)(F)F)c2)cc1/C=C/n1cnc2c(NC3CC3)ncnc21,IC50
CHEMBL55379,6.431798275933005,370.0,1,FC(F)C(F)(F)Oc1cccc(Nc2nccc(-c3c[nH]c4ccccc34)n2)c1,IC50
CHEMBL554,4.638272163982407,23000.0,1,CS(=O)(=O)CCNCc1ccc(-c2ccc3ncnc(Nc4ccc(OCc5cccc(F)c5)c(Cl)c4)c3c2)o1,IC50
CHEMBL554084,5.2441251443275085,5700.0,1,Cc1ccc(NC(=O)c2cccc(C(F)(F)F)c2)cc1/C=C/n1cnc2c(Nc3ccc(P(C)(C)=O)cc3)ncnc21,IC50
CHEMBL5555423,7.023845995168937,1601.4,2,C#CCN(C)C(=O)c1cncc(-c2cnc3[nH]cc(-c4cc(C=O)c(C#C)cc4OC)c3c2)c1,IC50
CHEMBL5557177,5.950781977329818,1120.0,1,Cc1ccc(NC(=O)c2cn(CCNS(=O)(=O)c3ccc(F)cc3C)nn2)cc1Nc1nccc(-c2cccnc2)n1,IC50
CHEMBL55592,6.301029995663981,500.0,1,O=C(Nc1cccc(Nc2nccc(-c3cccnc3)n2)c1)c1ccncc1,IC50
CHEMBL5560052,6.154901959985743,700.0,1,Cc1ccc(NC(=O)c2cn(CCNS(=O)(=O)c3ccccc3)nn2)cc1Nc1nccc(-c2cccnc2)n1,IC50
CHEMBL5560252,9.747146969020108,0.179,1,Cc1cccc(Cl)c1NC(=O)c1cnc(Nc2cc(N3CCN(C(=O)OCCN4CCOCC4)CC3)ncn2)s1,IC50
CHEMBL5561816,7.886056647693163,13.0,1,C#Cc1cc(OC)c(-c2ccc3nc(NC(=O)NCO)sc3c2)cc1C=O,Ki
CHEMBL5564993,7.136677139879544,73.0,1,COc1cc(S(=O)(=O)F)ccc1-c1c[nH]c2ncc(-c3cncc(C(=O)N(C)C)c3)cc12,IC50
CHEMBL556669,4.638272163982407,23000.0,1,Cc1ccc(C(=O)Nc2cc(C(C)(C)C)on2)cc1/C=C/n1cnc2c(NC3CC3)ncnc21,IC50
CHEMBL556670,3.835647144215563,146000.0,1,Cc1ccc(C(=O)Nc2cc(C(C)(C)C)nn2C)cc1/C=C/n1cnc2c(NC3CC3)ncnc21,IC50
CHEMBL556746,5.180097439701223,12909.0,2,Cc1ccc(C(=O)Nc2cc(N3CCN(C)CC3)cc(C(F)(F)F)c2)cc1/C=C/n1cnc2c(NC3CC3)ncnc21,IC50
CHEMBL55683,4.214670164989233,61000.0,1,O=[N+]([O-])c1cccc(Nc2nccc(-c3ccncc3)n2)c1,IC50
CHEMBL556874,4.845382456820751,14277.0,4,Cc1ccc(C(=O)Nc2cc(C(F)(F)F)ccn2)cc1/C=C/n1cnc2c(NC3CC3)ncnc21,IC50
CHEMBL5570514,7.679853713888946,20.9,1,CN1CCN([C@H]2CC(F)(F)c3cc(NC(=O)c4ccc(F)c(C#Cc5cncc(N6CCC6)c5)c4)ccc32)CC1,IC50
CHEMBL5571836,7.752026733638194,17.7,1,CN1CCN([C@H]2CC(F)(F)c3cc(NC(=O)c4ccc(F)c(C#Cc5cncc(N6CCOCC6)c5)c4)ccc32)CC1,IC50
CHEMBL55742,5.698970004336019,2000.0,1,O=C(O)c1ccccc1C(=O)Nc1cccc(Nc2nccc(-c3cccnc3)n2)c1,IC50
CHEMBL558475,4.6020599913279625,25000.0,1,CNc1ncnc2c1ncn2/C=C/c1cc(NC(=O)c2cccc(C(F)(F)F)c2)ccc1C,IC50
CHEMBL559068,3.804100347590766,157000.0,1,Cc1ccc(NC(=O)c2cccc(C(F)(F)F)c2)cc1/C=C/n1cnc2c(NCCCN(C)C)ncnc21,IC50
CHEMBL559069,4.207608310501746,62000.0,1,Cc1ccc(NC(=O)Nc2cccc(C(F)(F)F)c2)cc1/C=C/n1cnc2c(NC3CC3)ncnc21,IC50
CHEMBL559438,3.5734887386354246,267000.0,1,Cc1ccc(C(=O)Nc2ncc(C(C)(C)C)s2)cc1/C=C/n1cnc2c(NC3CC3)ncnc21,IC50
CHEMBL559628,4.229147988357856,59000.0,1,Cc1ccc(C(=O)Nc2cccc(C(C)(C)C)c2)cc1/C=C/n1cnc2c(NC3CC3)ncnc21,IC50
CHEMBL559702,4.221848749616356,60000.0,1,Cc1ccc(C(=O)Nc2cccc(C(C)C)c2)cc1/C=C/n1cnc2c(NC3CC3)ncnc21,IC50
CHEMBL559826,6.266000713461613,542.0,4,Cc1ccc(C(=O)Nc2cc(-n3ccnc3)cc(C(F)(F)F)c2)cc1/C=C/n1cnc2c(NC3CC3)ncnc21,IC50
CHEMBL559838,7.318758762624412,48.0,1,Cc1cn(-c2cc(NC(=O)c3ccc(C)c(/C=C/n4cnc5cncnc54)c3)cc(C(F)(F)F)c2)cn1,IC50
CHEMBL56081,4.468521082957745,34000.0,1,O=[N+]([O-])c1cccc(Nc2nccc(-c3cccnc3)n2)c1,IC50
CHEMBL5631407,7.146301788223826,71.4,1,COc1cc(-c2n[nH]c3ncc(-c4cccc(N)c4)cc23)cc(OC)c1OC,IC50
CHEMBL5631455,6.644356949779131,226.8,1,COc1cc(-c2n[nH]c3ncc(-c4ccc(C)c(N)c4)cc23)cc(OC)c1OC,IC50
CHEMBL5631922,6.913284336055117,122.1,1,COc1cc(-c2n[nH]c3ncc(-c4cccc5[nH]ncc45)cc23)cc(OC)c1OC,IC50
CHEMBL5632248,7.610833915635467,24.5,1,COc1cc(-c2n[nH]c3ncc(-c4cccc(O)c4)cc23)cc(OC)c1OC,IC50
CHEMBL5632969,7.416801226031377,38.3,1,COc1cc(-c2n[nH]c3ncc(-c4ccc(N)nc4)cc23)cc(OC)c1OC,IC50
CHEMBL5633837,7.055024091587952,88.1,1,COc1cc(-c2n[nH]c3ncc(-c4ccc(C)c(NCCO)c4)cc23)cc(OC)c1OC,IC50
CHEMBL56359,6.522878745280337,300.0,1,O=C(Nc1cccc(Nc2nccc(-c3cccnc3)n2)c1)c1cccs1,IC50
CHEMBL564235,4.431798275933005,37000.0,1,Cc1ccc(C(=O)Nc2ccc(Cl)c(C(F)(F)F)c2)cc1/C=C/n1cnc2c(NC3CC3)ncnc21,IC50
CHEMBL564575,4.130768280269024,74000.0,1,Cc1ccc(NC(=O)c2cccc(C(F)(F)F)c2)cc1/C=C/n1cnc2c(NC3CC3)ncnc21,IC50
CHEMBL564726,4.638272163982407,23000.0,1,Cc1ccc(C(=O)Nc2cccc(C(F)(F)F)c2)cc1/C=C/n1cnc2c(NC3CC3)ncnc21,IC50
CHEMBL564746,6.455931955649724,350.0,1,CSc1nc(NCCc2ccc(Cl)cc2)c2cnn(CC(Cl)c3ccccc3)c2n1,Ki
CHEMBL564829,6.320572103387881,478.0,1,CNC(=O)c1nn(C)c2c1C(C)(C)Cc1cnc(Nc3ccc(N4CCN(C)CC4)cc3)nc1-2,IC50
CHEMBL565084,4.3979400086720375,40000.0,1,Cc1ccc(NC(=O)c2cccc(C(F)(F)F)c2)cc1/C=C/n1cnc2c(Nc3ccncn3)ncnc21,IC50
CHEMBL565366,8.443697499232712,3.6,1,CN1CCN(C(=O)c2ccc(Nc3ncc4cc(-c5c(Cl)cccc5Cl)c(=O)n(C)c4n3)cc2)CC1,IC50
CHEMBL565372,7.657577319177793,22.0,1,CCc1cccc(Nc2ncc3cc(-c4c(Cl)cccc4Cl)c(=O)n(C)c3n2)c1,IC50
CHEMBL565587,8.119186407719209,7.6,1,Cn1c(=O)c(-c2c(Cl)cccc2Cl)cc2cnc(Nc3ccc(NC(=O)CCl)cc3)nc21,IC50
CHEMBL565609,7.920818753952375,12.0,1,Cn1c(=O)c(-c2c(Cl)cccc2Cl)cc2cnc(Nc3ccc(NC(=O)CCNC(=O)OC(C)(C)C)cc3)nc21,IC50
CHEMBL565612,5.481486060122113,3300.0,1,CN1CCN(c2nc(C3=C(c4c[nH]c5ccccc45)C(=O)NC3=O)c3ccccc3n2)CC1,IC50
CHEMBL565801,8.301029995663981,5.0,1,CC(=O)Nc1cccc(Nc2ncc3cc(-c4c(Cl)cccc4Cl)c(=O)n(C)c3n2)c1,IC50
CHEMBL566515,9.036212172654444,0.92,1,COc1ccccc1-n1c(-c2cc(O)ccc2C)cn2c3c(=O)[nH]c(=O)n(C)c3nc12,IC50
CHEMBL566635,8.327902142064282,4.7,1,Cn1c(=O)c(-c2c(Cl)cccc2Cl)cc2cnc(Nc3ccc(NC(=O)CCN)cc3)nc21,IC50
CHEMBL566636,8.638272163982407,2.3,1,Cn1c(=O)c(-c2c(Cl)cccc2Cl)cc2cnc(Nc3ccc(N)cc3)nc21,IC50
CHEMBL56669,6.698970004336019,200.0,1,CCCCCC(=O)Nc1cccc(Nc2nccc(-c3cccnc3)n2)c1,IC50
CHEMBL56671,5.292429823902063,5100.0,1,COC(=O)c1cccc(Nc2nccc(-c3cccnc3)n2)c1,IC50
CHEMBL566834,8.309803919971486,4.9,1,Cn1c(=O)c(-c2c(Cl)cccc2Cl)cc2cnc(Nc3cccc(COCC(O)CO)c3)nc21,IC50
CHEMBL566850,8.318758762624412,4.8,1,CC(=O)Nc1ccc(Nc2ncc3cc(-c4c(Cl)cccc4Cl)c(=O)n(C)c3n2)cc1,IC50
CHEMBL56697,4.657577319177793,22000.0,1,CC[C@H](C)[C@H](NC(=O)[C@H](CCC(=O)O)NC(=O)[C@H](CCC(=O)O)NC(=O)[C@H](Cc1ccc(P(=O)(O)O)cc1)NC(C)=O)C(=O)N[C@@H](CCC(=O)O)C(=O)O,IC50
CHEMBL567068,8.638272163982407,2.3,1,Cn1c(=O)c(-c2c(Cl)cccc2Cl)cc2cnc(Nc3ccc(NCC(O)CO)cc3)nc21,IC50
CHEMBL5686996,7.076213670428944,84.0,2,CNC(=O)c1cc(Oc2ccc(NC(=O)Nc3cc(C(C)(C)C)nn3C)c(F)c2)ccn1,IC50
CHEMBL5687006,7.9076542845912,13.0,2,CNC(=O)c1cc(Oc2ccc(NC(=O)Nc3cc(C(C)(C)C)nn3-c3ccc4c(c3)CCNC4)c(F)c2)ccn1,IC50
CHEMBL5687009,6.501001181795997,425.5,2,CC(C)(C)c1cc(NC(=O)Nc2cccc(Cl)c2Cl)n(-c2ccc3ncccc3c2)n1,IC50
CHEMBL56904,7.0,100.0,1,CN1CCN(Cc2ccc(C(=O)Nc3cccc(Nc4nccc(-c5cccnc5)n4)c3)cc2)CC1,IC50
CHEMBL570175,7.886056647693163,13.0,1,Cn1c(=O)c(-c2c(Cl)cccc2Cl)cc2cnc(Nc3ccc(I)cc3)nc21,IC50
CHEMBL5705847,7.288192770958809,51.5,1,CCN1CCN(Cc2ccc(NC(=O)c3ccc(C)c(/C=C/c4cnc5[nH]ccc5c4OC)c3)cc2C(F)(F)F)CC1,IC50
CHEMBL571040,6.301029995663981,500.0,1,C=CC(=O)N1CCC[C@H]1C(=O)Nc1cc2c(Nc3cccc(Cl)c3F)ncnc2cc1OCCOC,IC50
CHEMBL572878,7.449814727441218,36.0,4,Cc1cc(Nc2cc(N3CCN(C)CC3)nc(Sc3ccc(NC(=O)C4CC4)cc3)n2)n[nH]1,IC50
CHEMBL573578,5.113509274827518,7700.0,5,CC(C)(C)n1nc(Cc2cccc3ccccc23)c2c(N)ncnc21,IC50
CHEMBL57393,4.853871964321762,14000.0,1,CC(=O)N[C@@H](Cc1ccc(P(=O)(O)O)cc1)C(=O)N[C@@H](CCC(=O)O)C(=O)N(C)CCCC1CCCCC1,IC50
CHEMBL5740022,9.468521082957745,0.34,1,C[C@@H]1CCOc2nc3cc(C(=O)Nc4ccc(OC(F)(F)Cl)cc4)cc(-c4ccn[nH]4)c3n21,IC50
CHEMBL5740165,6.600326278518962,251.0,1,Cc1ccc(NC(=O)c2ccc(CN3CCN(C)CC3)cc2)cc1Nc1nccc(-c2cncc(C3=NN=C(C(=O)Nc4nc(C(N)=O)co4)C3)c2)n1,IC50
CHEMBL574059,7.6777807052660805,21.0,1,Cn1c(=O)c(-c2c(Cl)cccc2Cl)cc2cnc(Nc3ccc(F)cc3)nc21,IC50
CHEMBL5741416,8.671620396561263,2.13,1,Nc1cccc(Nc2ncc3cc(-c4c(Cl)cccc4Cl)c(=O)oc3n2)c1,IC50
CHEMBL5741637,9.301029995663981,0.5,1,CC(C)(C)n1cnc2cc(C(=O)Nc3ccc(OC(F)(F)Cl)cc3)cc(-c3cncnc3)c21,IC50
CHEMBL5741648,5.022276394711152,9500.0,1,Cc1ccncc1-c1ccc2sc(NC(=O)C3CC3)nc2n1,IC50
CHEMBL5741685,6.137272471682025,729.0,2,Cc1cccc(F)c1-c1cnc2nc(NC(=O)[C@@H]3C[C@@H]3F)sc2c1,IC50
CHEMBL5741882,7.552841968657781,28.0,1,O=C(Nc1ccc(OC(F)(F)Cl)cc1)c1cc(-c2cccnn2)c2c(c1)nc1n2C[C@@H](O)CO1,IC50
CHEMBL5742003,9.113509274827518,0.77,1,COC[C@H](C)n1cnc2cc(C(=O)Nc3ccc(OC(F)(F)Cl)cc3)cc(-c3cncnc3)c21,IC50
CHEMBL5743987,6.728158393463501,187.0,1,CS(=O)(=O)Nc1cccc(-c2ccc3c(c2)C(=O)Nc2cc(OC(F)(F)F)ccc2N3)c1,IC50
CHEMBL57443,6.221848749616356,600.0,1,Nc1cccc(Nc2nccc(-c3ccncc3)n2)c1,IC50
CHEMBL5744631,8.795880017344075,1.6,2,O=C(Nc1nc2ccc(-c3cnc4[nH]ccc4c3)cc2s1)C1CC1,IC50
CHEMBL5745384,8.494850021680094,3.2,2,O=C(Nc1nc2ccc(-c3cnc4[nH]ccc4c3)cc2s1)C1C[C@@H]1F,IC50
CHEMBL5745672,4.529207427433104,29566.0,1,O=C1Nc2cc(OC(F)(F)F)ccc2Oc2ccc(-c3ccnc4[nH]ccc34)cc21,IC50
CHEMBL5746276,7.064492734175287,86.2,1,CC(C)(C)c1nc(-c2ccc3ccccc3c2)c2c(N)nccn12,IC50
CHEMBL5746802,9.318758762624412,0.48,1,CCn1c([C@@H](C)O)nc2cc(C(=O)Nc3ccc(OC(F)(F)Cl)cc3)cc(-c3ccn[nH]3)c21,IC50
CHEMBL5746944,8.102372908709558,7.9,2,Cc1c(F)cncc1-c1ccc2nc(NC(=O)C3CC3(F)F)sc2c1,IC50
CHEMBL5747259,6.259637310505756,550.0,1,O=C(Nc1cn2cc(-c3cnccc3C(F)(F)F)ccc2n1)[C@@H]1C[C@@H]1F,IC50
CHEMBL574738,7.599980364934842,25.12,1,CCN1CCN(Cc2ccc(NC(=O)Nc3ccc(Oc4cc(NC)ncn4)cc3)cc2C(F)(F)F)CC1,Ki
CHEMBL5747833,7.080921907623926,83.0,1,O=C1Nc2cc(OC(F)(F)F)ccc2Oc2ccc(-c3ccnc(N4CC[C@@H](O)C4)c3)cc21,IC50
CHEMBL5747886,6.259637310505756,550.0,1,N#Cc1ccncc1-c1ccc2nc(NC(=O)[C@@H]3C[C@@H]3F)cn2c1,IC50
CHEMBL5748021,5.929223537156565,1177.0,1,O=C1Nc2cc(OC(F)(F)F)ccc2Oc2ccc(-c3cccc(-c4ccn[nH]4)c3)cc21,IC50
CHEMBL5749342,8.080921907623926,8.3,2,Cc1ccc(-n2cccn2)cc1-c1ccc2nc(NC(=O)[C@@H]3C[C@@H]3F)sc2c1,IC50
CHEMBL5749802,9.387216143280265,0.41,1,O=C(Nc1ccc(OC(F)(F)Cl)cc1)c1cc(-c2cncnc2)c2c(c1)ncn2[C@H]1CCOC1,IC50
CHEMBL5750274,8.292429823902063,5.1,2,O=C(Nc1nc2ccc(-c3cnc4[nH]ncc4c3)cc2s1)C1CC1,IC50
CHEMBL5750859,9.42021640338319,0.38,1,O=C(Nc1ccc(OC(F)(F)Cl)cc1)c1cc(-c2cncnc2)c2c(c1)nc1n2C[C@@H](O)CC1,IC50
CHEMBL5752325,9.346787486224656,0.45,1,O=C(Nc1ccc(OC(F)(F)Cl)cc1)c1cc(-c2cncnc2)c2c(c1)nc1n2CC[C@@H](O)C1,IC50
CHEMBL5752352,9.468521082957745,0.34,1,COc1ccc(Cn2ncc(F)c2-c2cc(C(=O)Nc3ccc(OC(F)(F)Cl)cc3)cc3ncn(C(C)C)c23)cc1,IC50
CHEMBL5753380,5.93704216591549,1156.0,2,Cc1c(F)cncc1-c1cnc2nc(NC(=O)C3CC3)sc2c1,IC50
CHEMBL5754207,7.490797477668897,32.3,2,Cc1ccnc(C)c1-c1ccc2nc(NC(=O)C3C[C@@H]3F)sc2c1,IC50
CHEMBL57553,6.154901959985743,700.0,1,Nc1cccc(Nc2nccc(-c3cccnc3)n2)c1,IC50
CHEMBL57556,5.096910013008056,8000.0,1,O=C(O)c1cccc(Nc2nccc(-c3cccnc3)n2)c1,IC50
CHEMBL5756470,7.075720713938118,84.0,1,Cc1cc(-c2cncc(-c3ccnc(Nc4cc(NC(=O)c5ccc(CN6CCNCC6)cc5)ccc4C)n3)c2)on1,IC50
CHEMBL5757470,6.120330794367947,758.0,2,Cc1cn(C2CCCCO2)nc1-c1ccc2nc(NC(=O)[C@@H]3C[C@@H]3F)sc2c1,IC50
CHEMBL5757611,9.55284196865778,0.28,1,C[C@@H]1COCc2nc3cc(C(=O)Nc4ccc(OC(F)(F)Cl)cc4)cc(-c4cncc(C#N)c4)c3n21,IC50
CHEMBL5757809,7.79317412396815,16.1,1,O=c1oc2nc(Nc3cccc(CO)c3)ncc2cc1-c1c(Cl)cccc1Cl,IC50
CHEMBL5757881,9.387216143280265,0.41,1,O=C(Nc1ccc(OC(F)(F)Cl)cc1)c1cc(-c2cccnn2)c2c(c1)nc1n2[C@H](CO)CCO1,IC50
CHEMBL5758439,9.113509274827518,0.77,1,CC(C)c1nc2c(-c3cncnc3)cc(C(=O)Nc3ccc(OC(F)(F)Cl)cc3)cc2n1C,IC50
CHEMBL5758744,6.935542010773082,116.0,2,Cc1nsc(-c2ccc3nc(NC(=O)[C@@H]4C[C@@H]4F)sc3c2)c1Cl,IC50
CHEMBL5758996,9.602059991327963,0.25,1,CC(C)n1c(C2CCOCC2)nc2cc(C(=O)Nc3ccc(OC(F)(F)Cl)cc3)cc(-c3cncnc3)c21,IC50
CHEMBL5759247,8.869666231504993,1.35,1,C[C@H]1COCc2nc3cc(C(=O)Nc4ccc(OC(F)(F)Cl)cc4)cc(-c4cncnc4)c3n21,IC50
CHEMBL5760192,5.329197715739056,4686.0,1,O=C1Nc2cc(OC(F)(F)F)ccc2Oc2ccc(-c3cnn(C4COC4)c3)cc21,IC50
CHEMBL5760904,7.774690718274137,16.8,2,CNc1ccc(C)c(-c2ccc3nc(NC(=O)[C@@H]4C[C@@H]4F)sc3c2)c1F,IC50
CHEMBL5760906,6.259637310505756,550.0,1,Cc1cc(N(C)C)ncc1-c1ccc2nc(NC(=O)[C@@H]3C[C@@H]3F)cn2c1,IC50
CHEMBL5761636,6.7594507517174005,174.0,1,Cc1ccc(NC(=O)c2ccc(CN3CCN(C)CC3)cc2)cc1Nc1nccc(-c2cncc(C3=NN=C(C(=O)Nc4ccccc4)C3)c2)n1,IC50
CHEMBL576218,8.086186147616283,8.2,1,Cn1c(=O)c(-c2c(Cl)cccc2Cl)cc2cnc(Nc3ccc(CCO)cc3)nc21,IC50
CHEMBL5762190,9.031517051446064,0.93,1,C[C@@H]1CCOc2nc3cc(C(=O)Nc4ccc(OC(F)(F)Cl)cc4)cc(-c4cnoc4)c3n21,IC50
CHEMBL5762572,9.318758762624412,0.48,1,CCOc1nc2cc(C(=O)Nc3ccc(OC(F)(F)Cl)cc3)cc(-c3cncnc3)c2n1C(C)C,IC50
CHEMBL5763154,6.079354998593212,833.0,1,CC(C)(O)c1cccc(-c2ccc3c(c2)C(=O)Nc2cc(OC(F)(F)F)ccc2O3)c1,IC50
CHEMBL5765043,6.987162775294828,103.0,1,Cc1ccncc1-c1ccc2nc(NC(=O)[C@H]3C[C@H](F)C3)sc2c1,IC50
CHEMBL5765181,8.320572103387882,4.78,1,CC(C)n1cnc2cc(C(=O)Nc3ccc(OC(F)(F)Cl)cc3)nc(-c3cncnc3)c21,IC50
CHEMBL5766092,7.6777807052660805,21.0,2,O=C(Nc1nc2ccc(-c3cnc4c(c3)CCN4)cc2s1)C1CC1,IC50
CHEMBL5766940,8.723665891943902,1.9,4,CN1CCN(Cc2ccc(NC(=O)Nc3ccc(Nc4ccc5ncccc5c4)cc3)cc2C(F)(F)F)CC1,Ki
CHEMBL5767089,5.910094888560602,1230.0,1,CC(Oc1ccc2cc(-c3nn(C(C)C)c4ncnc(N)c34)ccc2c1)c1ccccc1,IC50
CHEMBL5767231,8.522878745280337,3.0,6,O=C(Nc1ccc(S(F)(F)(F)(F)F)cc1)c1cnc(N2CC[C@@H](O)C2)c(-c2cncnc2)c1,IC50
CHEMBL5767266,9.443697499232712,0.36,1,CC(C)n1cnc2cc(C(=O)Nc3ccc(OC(F)(F)Cl)cc3)cc(-c3cnsc3)c21,IC50
CHEMBL5768316,7.259637310505756,55.0,1,Cc1c(F)cccc1-c1ccc2nc(NC(=O)C3CC(F)(F)C3)cn2c1,IC50
CHEMBL57690,5.7447274948966935,1800.0,1,c1ccc(Nc2nccc(-c3cccnc3)n2)cc1,IC50
CHEMBL5770425,9.229147988357855,0.59,1,CC(C)n1cnc2cc(C(=O)Nc3ccc(OC(F)(F)Cl)cc3)cc(-c3cncs3)c21,IC50
CHEMBL5771178,9.275724130399212,0.53,1,CC[C@@H]1COCc2nc3cc(C(=O)Nc4ccc(OC(F)(F)Cl)cc4)cc(-c4ccn[nH]4)c3n21,IC50
CHEMBL5772282,9.292429823902063,0.51,1,O=C(Nc1ccc(OC(F)(F)Cl)cc1)c1cc(-c2cccnn2)c2c(c1)nc1n2CC[C@H](O)C1,IC50
CHEMBL577269,9.65051499783199,1.26,2,Cn1c(=O)c(-c2c(Cl)cccc2Cl)cc2cnc(Nc3cccc(N)c3)nc21,IC50
CHEMBL5772742,9.585026652029182,0.26,1,O=C(Nc1ccc(OC(F)(F)Cl)cc1)c1cc(-c2cncnc2)c2c(c1)ncn2C1CC1,IC50
CHEMBL5773635,9.455931955649724,0.35,1,C[C@@H]1CCOc2nc3cc(C(=O)Nc4ccc(OC(F)(F)Cl)cc4)cc(-c4cscn4)c3n21,IC50
CHEMBL5774425,6.394694953858891,403.0,1,CC(C)n1nc(-c2ccc3cc(OC(=O)c4cccc(Cl)c4)ccc3c2)c2c(N)ncnc21,IC50
CHEMBL5774771,5.274823698580863,5311.0,1,Cc1ccc(N(C)C(=O)OC(C)(C)C)c(F)c1-c1ccc2nc(NC(=O)[C@@H]3C[C@@H]3F)sc2c1,IC50
CHEMBL5774911,5.179207618911796,6619.0,1,O=C(NCCN1CCOCC1)c1cccc(-c2ccc3c(c2)C(=O)Nc2cc(OC(F)(F)F)ccc2N3)c1,IC50
CHEMBL5775567,5.929223537156565,1177.0,1,O=C1Nc2cc(OC(F)(F)F)ccc2Oc2ccc(-c3cnc4ccnn4c3)cc21,IC50
CHEMBL5776418,8.818156412055227,1.52,1,C[C@@H]1COCc2nc3cc(C(=O)Nc4ccc(OC(F)(F)Cl)cc4)cc(-c4ncco4)c3n21,IC50
CHEMBL5776426,9.494850021680094,0.32,1,O=C(Nc1ccc(OC(F)(F)Cl)cc1)c1cc(Br)c2c(c1)nc1n2[C@H](CF)COC1,IC50
CHEMBL5776712,9.267606240177031,0.54,1,O=C(Nc1ccc(OC(F)(F)Cl)cc1)c1cc(Br)c2c(c1)nc1n2CCCC1,IC50
CHEMBL5776934,5.74521031260279,1798.0,1,CC(C)n1nc(-c2ccc3cc(OCc4ccc(CC(F)(F)F)c(Cl)c4)ccc3c2)c2c(N)ncnc21,IC50
CHEMBL5782401,6.991399828238082,102.0,1,Cc1ccc(NC(=O)c2ccc(CN3CCN(C)CC3)cc2)cc1Nc1nccc(-c2cncc(C3=NN=C(C(=O)Nc4cc(C(=O)O)n[nH]4)C3)c2)n1,IC50
CHEMBL5783192,8.593459819566045,2.55,1,O=C(Nc1ccc(OC(F)(F)Cl)cc1)c1cc(-c2ccn[nH]2)c2c(c1)nc1n2[C@@H](CCO)CO1,IC50
CHEMBL5783976,9.113509274827518,0.77,1,C[C@@H]1COCc2nc3cc(C(=O)Nc4ccc(OC(F)(F)Cl)cc4)cc(-c4cc(C5CC5)n[nH]4)c3n21,IC50
CHEMBL5784849,9.318758762624412,0.48,1,Cn1c(CO)nc2cc(C(=O)Nc3ccc(OC(F)(F)Cl)cc3)cc(-c3cncnc3)c21,IC50
CHEMBL5784931,7.47755576649368,33.3,1,Cc1ccccc1COc1ccc2cc(-c3nn(C(C)C)c4ncnc(N)c34)ccc2c1,IC50
CHEMBL5784932,6.698970004336019,200.0,1,Cc1cc(NC(=O)C2=NN=C(c3cncc(-c4ccnc(Nc5cc(NC(=O)c6ccc(CN7CCN(C)CC7)cc6)ccc5C)n4)c3)C2)ccn1,IC50
CHEMBL5785474,7.259637310505756,55.0,1,Cc1ccnc(F)c1-c1ccc2nc(NC(=O)[C@@H]3C[C@@H]3F)cn2c1,IC50
CHEMBL5785484,5.1054070520770445,7845.0,2,CC(C)COc1ccc2cc(-c3nn(CC4CCN(C)CC4)c4ncnc(N)c34)ccc2c1,IC50
CHEMBL5785622,9.244125144327509,0.57,1,CCn1c(C(F)F)nc2cc(C(=O)Nc3ccc(OC(F)(F)Cl)cc3)cc(-c3cccnn3)c21,IC50
CHEMBL5785803,9.468521082957745,0.34,1,Cn1c(C(F)F)nc2cc(C(=O)Nc3ccc(OC(F)(F)Cl)cc3)cc(-c3cncnc3)c21,IC50
CHEMBL5786882,9.602059991327963,0.25,1,C[C@@H]1COCc2nc3cc(C(=O)Nc4ccc(OC(F)(F)Cl)cc4)cc(-c4cncnc4)c3n21,IC50
CHEMBL5786998,8.498940737782249,3.17,1,CSc1nc2cc(C(=O)Nc3ccc(OC(F)(F)Cl)cc3)cc(Br)c2n1[C@@H](C)[C@H](O)CO,IC50
CHEMBL5787235,4.729204746623152,18655.0,1,NCc1ccc(-c2ccc3c(c2)C(=O)Nc2cc(OC(F)(F)F)ccc2O3)s1,IC50
CHEMBL5787578,9.481486060122112,0.33,1,COc1nc2cc(C(=O)Nc3ccc(OC(F)(F)Cl)cc3)cc(-c3cncnc3)c2n1C(C)C,IC50
CHEMBL5789134,6.400116927926312,398.0,1,O=C1Nc2cc(OC(F)(F)F)ccc2Oc2ccc(-c3cccc(N4CC[C@H](O)C4)n3)cc21,IC50
CHEMBL5789179,7.995678626217358,10.1,2,Cc1ccc(-c2ccc[nH]2)cc1-c1ccc2nc(NC(=O)[C@@H]3C[C@@H]3F)sc2c1,IC50
CHEMBL5790520,5.979224511806442,1049.0,1,O=C1Nc2cc(OC(F)(F)F)ccc2Oc2ccc(-c3ccc(CN4CCOCC4)s3)cc21,IC50
CHEMBL5791020,7.1180450286604,76.2,3,Cc1ccncc1-c1ccc2nc(NC(=O)C3CC(F)C3)sc2c1,IC50
CHEMBL5792464,9.443697499232712,0.36,1,COc1nc2cc(C(=O)Nc3ccc(OC(F)(F)Cl)cc3)cc(-c3ccn[nH]3)c2n1C(C)C,IC50
CHEMBL5792859,9.2839966563652,0.52,1,CC1(n2cnc3cc(C(=O)Nc4ccc(OC(F)(F)Cl)cc4)cc(-c4cncnc4)c32)CC1,IC50
CHEMBL5792986,9.327902142064282,0.47,1,C[C@@H](CO)n1cnc2cc(C(=O)Nc3ccc(OC(F)(F)Cl)cc3)cc(-c3cncnc3)c21,IC50
CHEMBL5793176,9.327902142064282,0.47,1,CC(C)n1c([C@H](C)O)nc2cc(C(=O)Nc3ccc(OC(F)(F)Cl)cc3)cc(-c3cccnn3)c21,IC50
CHEMBL5793570,9.207608310501746,0.62,1,C[C@H](C(F)F)n1cnc2cc(C(=O)Nc3ccc(OC(F)(F)Cl)cc3)cc(-c3cccnn3)c21,IC50
CHEMBL5794010,9.3767507096021,0.42,1,O=C(Nc1ccc(OC(F)(F)Cl)cc1)c1cc(-c2ccn[nH]2)c2c(c1)nc1n2CCOC1,IC50
CHEMBL5794181,6.97061622231479,107.0,1,COc1ccc(NC(=O)C2=NN=C(c3cncc(-c4ccnc(Nc5cc(NC(=O)c6ccc(CN7CCN(C)CC7)cc6)ccc5C)n4)c3)C2)cc1,IC50
CHEMBL5794320,6.259637310505756,550.0,1,Cc1ccncc1-c1ccc2nc(NC(=O)[C@@H]3C[C@@H]3F)c(C)n2c1,IC50
CHEMBL5796191,9.244125144327509,0.57,1,O=C(Nc1ccc(OC(F)(F)Cl)cc1)c1cc(-c2cncnc2)c2c(c1)ncn2[C@H]1C[C@H](O)C1,IC50
CHEMBL5796482,5.479254528480518,3317.0,1,O=C1Nc2cc(OC(F)(F)F)ccc2Oc2ccc(-c3cccc(B(O)O)c3)cc21,IC50
CHEMBL5796687,7.645891560852599,22.6,4,CC(=O)Nc1ccc(C)c(-c2ccc3nc(NC(=O)C4CC4)sc3c2)c1,IC50
CHEMBL5798717,9.494850021680094,0.32,1,C[C@H](CO)n1cnc2cc(C(=O)Nc3ccc(OC(F)(F)Cl)cc3)cc(-c3ccn[nH]3)c21,IC50
CHEMBL5800590,9.267606240177031,0.54,1,C[C@@H]1COCc2nc3cc(C(=O)Nc4ccc(OC(F)(F)Cl)cc4)cc(-c4cscn4)c3n21,IC50
CHEMBL5802235,8.815392071294928,1.55,4,Cc1ccc(O)cc1-c1ccc2nc(NC(=O)[C@@H]3C[C@@H]3F)sc2c1,IC50
CHEMBL5802281,9.2839966563652,0.52,1,C[C@@H]1COCc2nc3cc(C(=O)Nc4ccc(OC(F)(F)Cl)cc4)cc(-c4cnoc4)c3n21,IC50
CHEMBL5802302,7.259637310505756,55.0,1,O=C(Nc1cn2cc(-c3cccc(F)c3-c3ccco3)ccc2n1)[C@@H]1C[C@@H]1F,IC50
CHEMBL5802630,7.129596094720973,74.2,1,Cc1cc[n+]([O-])cc1-c1ccc2nc(NC(=O)[C@@H]3C[C@@H]3F)sc2c1,IC50
CHEMBL5803161,7.935542010773082,11.6,2,Cc1c(F)cncc1-c1ccc2nc(NC(=O)C3CCC3)sc2c1,IC50
CHEMBL5804233,9.09151498112135,0.81,1,C[C@@H]1COCc2nc3cc(C(=O)Nc4ccc(OC(F)(F)Cl)cc4)cc(-c4[nH]ncc4F)c3n21,IC50
CHEMBL5804919,9.259637310505756,0.55,1,C[C@H]1OCC[C@H]1n1cnc2cc(C(=O)Nc3ccc(OC(F)(F)Cl)cc3)cc(-c3cncnc3)c21,IC50
CHEMBL5805472,6.393618634889395,404.0,1,Cc1coc(NC(=O)C2=NN=C(c3cncc(-c4ccnc(Nc5cc(NC(=O)c6ccc(CN7CCN(C)CC7)cc6)ccc5C)n4)c3)C2)n1,IC50
CHEMBL5805508,6.987162775294828,103.0,2,Cc1c(-c2ccc3nc(NC(=O)[C@@H]4C[C@@H]4F)sc3c2)ccc2sc(=O)[nH]c12,IC50
CHEMBL5805786,9.318758762624412,0.48,1,Cn1c(C2CCC2)nc2cc(C(=O)Nc3ccc(OC(F)(F)Cl)cc3)cc(-c3cncnc3)c21,IC50
CHEMBL5805831,6.129011186239425,743.0,1,O=C1Nc2cc(OC(F)(F)F)ccc2Nc2ccc(-c3cccc(C(=O)N4CCOCC4)c3)cc21,IC50
CHEMBL5806005,9.455931955649724,0.35,1,C[C@@H]1COCc2nc3cc(C(=O)Nc4ccc(OC(F)(F)Cl)cc4)cc(-c4cnsc4)c3n21,IC50
CHEMBL5806101,8.443697499232712,3.6,2,C#Cc1ccc(C)c(-c2ccc3nc(NC(=O)[C@@H]4C[C@@H]4F)sc3c2)c1,IC50
CHEMBL5806682,4.729204746623152,18655.0,1,CS(=O)(=O)Nc1cccc(-c2ccc3c(c2)C(=O)Nc2cc(-c4ccc(OC(F)(F)F)cc4)ccc2O3)c1,IC50
CHEMBL5807597,9.214670164989233,0.61,1,O=C(Nc1ccc(OC(F)(F)Cl)cc1)c1cc(-c2cncnc2)c2c(c1)ncn2C1CC[C@H]1O,IC50
CHEMBL5809133,9.508638306165727,0.31,1,C[C@@H]1CCOc2nc3cc(C(=O)Nc4ccc(OC(F)(F)Cl)cc4)cc(-c4cccnn4)c3n21,IC50
CHEMBL5809741,9.301029995663981,0.5,1,CC(C)n1cnc2cc(C(=O)Nc3ccc(OC(F)(F)Cl)cc3)c(F)c(Br)c21,IC50
CHEMBL5811808,9.080921907623926,0.83,1,O=C(Nc1ccc(OC(F)(F)Cl)cc1)c1cc(-c2cncnc2)c2c(c1)ncn2C[C@@H]1CCCO1,IC50
CHEMBL5812173,7.728158393463501,18.7,1,O=c1oc2nc(Nc3cccc(CS)c3)ncc2cc1-c1c(Cl)cccc1Cl,IC50
CHEMBL5813056,9.346787486224656,0.45,1,O=C(Nc1ccc(OC(F)(F)Cl)cc1)c1cc(-c2cncnc2)c2c(c1)ncn2[C@H]1C[C@H](F)C1,IC50
CHEMBL5813241,8.636388020107855,2.31,1,CC(C)n1cnc2cc(C(=O)Nc3ccc(OC(F)(F)Cl)cc3)cc(C(N)=O)c21,IC50
CHEMBL5813980,9.292429823902063,0.51,1,C[C@@H]1CCOc2nc3cc(C(=O)Nc4ccc(OC(F)(F)Cl)cc4)cc(-c4ccnnc4)c3n21,IC50
CHEMBL5814019,5.319664486585437,4790.0,1,Cn1ccc2cc(-c3nc(C(C)(C)C)n4ccnc(N)c34)ccc21,IC50
CHEMBL58142,6.346787486224656,450.0,1,O=C(Nc1cccc(Nc2nccc(-c3cccnc3)n2)c1)C1CCCCC1,IC50
CHEMBL5814725,9.481486060122112,0.33,1,Cc1nc2cc(C(=O)Nc3ccc(OC(F)(F)Cl)cc3)cc(-c3cncnc3)c2n1C,IC50
CHEMBL5814814,9.207608310501746,0.62,1,O=C(Nc1ccc(OC(F)(F)Cl)cc1)c1cc(-c2ccn[nH]2)c2c(c1)nc1n2C[C@H](O)CC1,IC50
CHEMBL5816346,7.275724130399211,53.0,1,Cc1ccc(NC(=O)c2ccc(CN3CCN(C)CC3)cc2)cc1Nc1nccc(-c2cncc(-c3nccs3)c2)n1,IC50
CHEMBL5816954,7.259637310505756,55.0,1,Cc1c[nH]nc1-c1ccc2nc(NC(=O)[C@@H]3C[C@@H]3F)cn2c1,IC50
CHEMBL5817206,9.387216143280265,0.41,1,O=C(Nc1ccc(OC(F)(F)Cl)cc1)c1cc(-c2cccnn2)c2c(c1)nc1n2C[C@@H](O)CC1,IC50
CHEMBL5818095,6.882728704344236,131.0,2,O=C(Nc1nc2ccc(B(O)O)cc2s1)[C@@H]1C[C@@H]1F,IC50
CHEMBL5818318,9.42021640338319,0.38,1,C[C@@H]1CCOc2nc3cc(C(=O)Nc4ccc(OC(F)(F)Cl)cc4)cc(-c4[nH]ncc4F)c3n21,IC50
CHEMBL5819164,9.387216143280265,0.41,1,O=C(Nc1ccc(OC(F)(F)Cl)cc1)c1cc(Br)c2c(c1)nc(C(F)F)n2C1CC1,IC50
CHEMBL5820049,7.259637310505756,55.0,1,Cc1cc(F)ncc1-c1ccc2nc(NC(=O)[C@@H]3C[C@@H]3F)cn2c1,IC50
CHEMBL5820115,4.679210022301194,20931.0,1,CS(=O)(=O)Nc1cccc(-c2ccc3c(c2)C(=O)Nc2cc(CO)ccc2O3)c1,IC50
CHEMBL5820246,9.148741651280925,0.71,1,CC(C1COC1)n1cnc2cc(C(=O)Nc3ccc(OC(F)(F)Cl)cc3)cc(-c3cncnc3)c21,IC50
CHEMBL5821850,4.729204746623152,18655.0,1,O=C1Nc2cc(OC(F)(F)F)ccc2Oc2ccc(-c3cccc(CO)c3)cc21,IC50
CHEMBL5822426,9.318758762624412,0.48,1,CC(C)n1c([C@H](C)O)nc2cc(C(=O)Nc3ccc(OC(F)(F)Cl)cc3)cc(-c3ccn[nH]3)c21,IC50
CHEMBL5823360,6.490797477668897,323.0,1,Cc1nnc(-c2cncc(-c3ccnc(Nc4cc(NC(=O)c5ccc(CN6CCN(C)CC6)cc5)ccc4C)n3)c2)o1,IC50
CHEMBL5823377,7.560667306169737,27.5,2,Cc1cccc(F)c1-c1ccc2nc(NC(=O)C3CC3(F)F)sc2c1,IC50
CHEMBL5824497,9.309803919971486,0.49,1,C[C@@H](CF)n1cnc2cc(C(=O)Nc3ccc(OC(F)(F)Cl)cc3)cc(-c3cncnc3)c21,IC50
CHEMBL5825197,5.729321163855293,1865.0,1,O=C1Nc2cc(OC(F)(F)F)ccc2Oc2ccc(-c3cccc(C(=O)N4CCOCC4)c3)cc21,IC50
CHEMBL5826926,6.400116927926312,398.0,1,Cc1ccc(NC(=O)c2ccc(CN3CCN(C)CC3)cc2)cc1Nc1nccc(-c2cncc(C3=NN=C(C(=O)N4CCCC4)C3)c2)n1,IC50
CHEMBL5826999,9.443697499232712,0.36,1,C[C@@H]1CCSc2nc3cc(C(=O)Nc4ccc(OC(F)(F)Cl)cc4)cc(-c4cncnc4)c3n21,IC50
CHEMBL5827619,9.102372908709558,0.79,1,O=C(Nc1ccc(OC(F)(F)Cl)cc1)c1cc(-c2cncnc2)c2[nH]cnc2c1,IC50
CHEMBL5828554,9.356547323513812,0.44,1,CCn1c(OC)nc2cc(C(=O)Nc3ccc(OC(F)(F)Cl)cc3)cc(-c3ccn[nH]3)c21,IC50
CHEMBL5832104,4.629209435480732,23485.0,1,CS(=O)(=O)Nc1cccc(-c2ccc3c(c2)Oc2ccc(OC(F)(F)F)cc2C(=O)N3)c1,IC50
CHEMBL5832508,8.896196279044043,1.27,1,Cc1cccc(C)c1-c1cc2cnc(Nc3cccc(N)c3)nc2oc1=O,IC50
CHEMBL5833194,5.779107750780481,1663.0,1,O=C1Nc2cc(OCCC(F)(F)F)ccc2Oc2ccc(-c3ccnc(N4CCOCC4)c3)cc21,IC50
CHEMBL5834707,9.42021640338319,0.38,1,CNc1c(Br)cc(C(=O)Nc2ccc(OC(F)(F)Cl)cc2)cc1NC(=O)CC(=O)OC,IC50
CHEMBL5835345,7.692503962086787,20.3,2,O=C1Cc2cc(-c3ccc4nc(NC(=O)C5CC5)sc4c3)cnc2N1,IC50
CHEMBL5836493,8.795880017344075,1.6,2,Cc1ccc2[nH]ccc2c1-c1ccc2nc(NC(=O)[C@@H]3C[C@@H]3F)sc2c1,IC50
CHEMBL5836865,9.568636235841012,0.27,1,CC(C)n1cnc2cc(C(=O)Nc3ccc(OC(F)(F)Cl)cc3)cc(-c3cncnc3)c21,IC50
CHEMBL5838310,7.392544976785332,40.5,1,Cc1ccc(NC(=O)c2ccc(CN3CCN(C)CC3)cc2)cc1Nc1nccc(-c2cncc(C3=NN=C(C(=O)Nc4[nH]ncc4C)C3)c2)n1,IC50
CHEMBL5838571,9.292429823902063,0.51,1,O=C(Nc1ccc(OC(F)(F)Cl)cc1)c1cc(-c2cncnc2)c2c(c1)ncn2C1CCCC1,IC50
CHEMBL5838579,8.3767507096021,4.2,2,Cc1cccc(F)c1-c1ccc2nc(NC(=O)C3CC3)sc2c1,IC50
CHEMBL5838810,8.292429823902063,5.1,2,Cc1ccnc(F)c1-c1ccc2nc(NC(=O)[C@@H]3C[C@@H]3F)sc2c1,IC50
CHEMBL5839218,7.701146923590294,19.9,2,CC(=O)c1cc(C)c(-c2ccc3nc(NC(=O)[C@@H]4C[C@@H]4F)sc3c2)cn1,IC50
CHEMBL5839536,5.529148675473882,2957.0,1,CC(C)(O)Cn1cc(-c2ccc3c(c2)C(=O)Nc2cc(OC(F)(F)F)ccc2O3)cn1,IC50
CHEMBL5839799,9.2518119729938,0.56,1,C[C@@H]1CSc2nc3cc(C(=O)Nc4ccc(OC(F)(F)Cl)cc4)cc(-c4ccn[nH]4)c3n21,IC50
CHEMBL5841002,9.236572006437063,0.58,1,C[C@@H]1Cn2c(nc3cc(C(=O)Nc4ccc(OC(F)(F)Cl)cc4)cc(-c4cncnc4)c32)CO1,IC50
CHEMBL5841403,6.432973633840939,369.0,1,Cc1ccc(NC(=O)c2ccc(CN3CCN(C)CC3)cc2)cc1Nc1nccc(-c2cncc(-c3sncc3C)c2)n1,IC50
CHEMBL5842001,9.2518119729938,0.56,1,O=C(Nc1ccc(OC(F)(F)Cl)cc1)c1cc(-c2cncnc2)c2c(c1)nc1n2[C@H](CO)CCO1,IC50
CHEMBL58421,4.71356419889976,19500.0,2,CC[C@H](NC(=O)[C@H](Cc1ccc(P(=O)(O)O)cc1)NC(C)=O)C(=O)N(C)CCCC1CCCCC1,IC50
CHEMBL5842761,4.679210022301194,20931.0,1,CN1C(=O)c2ccc(-c3cccc(N(C)S(C)(=O)=O)c3)cc2Oc2ccc(OC(F)(F)F)cc21,IC50
CHEMBL5843460,7.259637310505756,55.0,1,N#Cc1c(F)cccc1-c1ccc2nc(NC(=O)[C@@H]3C[C@@H]3F)cn2c1,IC50
CHEMBL58436,6.0,1000.0,1,c1cc(Nc2nccc(-c3cccnc3)n2)cc(OCCn2ccnc2)c1,IC50
CHEMBL5844505,7.72584215073632,18.8,2,Cc1c(-c2ccc3nc(NC(=O)[C@@H]4C[C@@H]4F)sc3c2)ccc2c1NC(=O)C2,IC50
CHEMBL5844916,9.3767507096021,0.42,1,C[C@H](C(F)F)n1cnc2cc(C(=O)Nc3ccc(OC(F)(F)Cl)cc3)cc(-c3cncnc3)c21,IC50
CHEMBL5845284,4.829210409553609,14818.0,1,CS(=O)(=O)Nc1cccc(-c2ccc3c(c2)C(N)=Nc2cc(OC(F)(F)F)ccc2O3)c1,IC50
CHEMBL5845667,7.259637310505756,55.0,1,Cc1cccc(F)c1-c1ccc2nc(NC(=O)[C@@H]3C[C@@H]3F)c(Cl)n2c1,IC50
CHEMBL58478,5.723665891943903,1900.0,2,CC(=O)N[C@@H](Cc1ccc(C(F)(F)P(=O)(O)O)cc1)C(=O)N[C@@H](CCC(=O)O)C(=O)N(C)CCCC1CCCCC1,IC50
CHEMBL5848607,6.259637310505756,550.0,1,Cc1ccncc1-c1ccc2nc(NC(=O)[C@@H]3C[C@@H]3F)c(Cl)n2c1,IC50
CHEMBL5851027,9.397940008672037,0.4,1,O=C1C[C@H](n2cnc3cc(C(=O)Nc4ccc(OC(F)(F)Cl)cc4)cc(-c4cncnc4)c32)CN1,IC50
CHEMBL5851445,7.673664139071248,21.2,2,Cc1cc(CF)ncc1-c1ccc2nc(NC(=O)[C@@H]3C[C@@H]3F)sc2c1,IC50
CHEMBL5851890,6.809668301829708,155.0,3,CN1CCN(Cc2ccc(NC(=O)Nc3ccc(Oc4ccc5ccccc5c4)cc3)cc2C(F)(F)F)CC1,Ki
CHEMBL5851932,4.929223537156565,11770.0,1,O=C1Nc2cc(OC(F)(F)F)ccc2Oc2ccc(CCCB(O)O)cc21,IC50
CHEMBL5852417,9.468521082957745,0.34,1,C[C@@H]1CCOc2nc3cc(C(=O)Nc4ccc(OC(F)(F)Cl)cc4)cc(-c4cncc(C#N)c4)c3n21,IC50
CHEMBL5853093,9.173925197299173,0.67,1,O.O=C(Nc1ccc(OC(F)(F)Cl)cc1)c1cc(-c2cccnn2)c2c(c1)nc1n2CCC[C@H]1O,IC50
CHEMBL5853972,7.259637310505756,55.0,1,Cc1c(F)cccc1-c1ccc2nc(NC(=O)C3CCC3)cn2c1,IC50
CHEMBL5854167,9.508638306165727,0.31,1,CC(C)n1cnc2cc(C(=O)Nc3ccc(OC(F)(F)Cl)cc3)cc(-c3cscn3)c21,IC50
CHEMBL5856554,8.85078088734462,1.41,1,O=C(Nc1ccc(OC(F)(F)Cl)cc1)c1cc(-c2cccnn2)c2c(c1)nc1n2[C@H](CO)CO1,IC50
CHEMBL5856578,5.778846678045295,1664.0,2,CNC[C@@H]1CC1C(=O)Nc1nc2ccc(-c3cncc(F)c3C)cc2s1,IC50
CHEMBL585666,8.853871964321762,1.4,1,Cn1c(=O)c(-c2c(Cl)cccc2Cl)cc2cnc(Nc3ccc(OC4OC(CO)C(O)C(O)C4O)cc3)nc21,IC50
CHEMBL58580,5.886056647693163,1300.0,1,N#Cc1ccc(C(=O)Nc2cccc(Nc3nccc(-c4cccnc4)n3)c2)cc1,IC50
CHEMBL5858162,6.692503962086787,203.0,1,Cc1ccc(NC(=O)c2ccc(CN3CCNCC3)cc2)cc1Nc1nccc(-c2cncc(-c3ccccn3)c2)n1,IC50
CHEMBL5858874,5.022276394711152,9500.0,1,Cc1ccncc1-c1cnc2nc(NC(=O)C3CC3)sc2c1,IC50
CHEMBL5859067,9.346787486224656,0.45,1,CCn1c(C(F)F)nc2cc(C(=O)Nc3ccc(OC(F)(F)Cl)cc3)cc(-c3ccnnc3)c21,IC50
CHEMBL5860130,7.300162274132754,50.1,2,Cc1ncncc1-c1ccc2nc(NC(=O)[C@@H]3C[C@@H]3F)sc2c1,IC50
CHEMBL5860607,8.91721462968355,1.21,1,CC(C)(O)Cn1cnc2cc(C(=O)Nc3ccc(OC(F)(F)Cl)cc3)cc(-c3cncnc3)c21,IC50
CHEMBL5860627,6.7121982700697735,194.0,1,CC(C)n1nc(-c2ccc3cc(OCc4ccc(C(C)(C)C)cc4)ccc3c2)c2c(N)ncnc21,IC50
CHEMBL5861083,5.3810110796350665,4159.0,1,Cc1cccc2[nH]c(-c3nc(C(C)(C)C)n4ccnc(N)c34)cc12,IC50
CHEMBL5861480,8.3767507096021,4.2,3,C[C@@H]1COCc2nc3cc(C(=O)Nc4ccc(OC(F)(F)Cl)cc4)cc(Br)c3n21,IC50
CHEMBL5864554,6.578396073130169,264.0,1,O=C1Nc2cc(OC(F)(F)F)ccc2[S+]([O-])c2ccc(-c3ccnc(N4CCOCC4)c3)cc21,IC50
CHEMBL5865654,6.341988603342887,455.0,2,Cc1cc(C(F)(F)F)ncc1-c1ccc2nc(NC(=O)[C@@H]3C[C@@H]3F)sc2c1,IC50
CHEMBL5865726,8.638272163982407,2.3,4,Cc1ccc2c(c1-c1ccc3nc(NC(=O)[C@@H]4C[C@@H]4F)sc3c1)CCN2,IC50
CHEMBL5865971,9.455931955649724,0.35,1,C[C@@H]1COCc2nc3cc(C(=O)Nc4ccc(OC(F)(F)Cl)cc4)cc(-c4ccnnc4)c3n21,IC50
CHEMBL5866631,5.329197715739056,4686.0,1,O=C1Nc2cc(OC(F)(F)F)ccc2Nc2ccc(-c3cccc(C(=O)N4CCNCC4)c3)cc21,IC50
CHEMBL5870330,9.187086643357144,0.65,1,CC(C)n1cnc2cc(C(=O)Nc3ccc(OC(F)(F)Cl)cc3)cc(-c3n[nH]cc3O)c21,IC50
CHEMBL5870516,9.481486060122112,0.33,1,CCn1c([C@H](C)O)nc2cc(C(=O)Nc3ccc(OC(F)(F)Cl)cc3)cc(-c3ccn[nH]3)c21,IC50
CHEMBL5871636,9.193820026016112,0.64,1,O=C(Cn1cnc2cc(C(=O)Nc3ccc(OC(F)(F)Cl)cc3)cc(Br)c21)NC1CC1,IC50
CHEMBL5871986,9.508638306165727,0.31,1,O=C(Nc1ccc(OC(F)(F)Cl)cc1)c1cc(-c2ccn[nH]2)c2c(c1)ncn2C1CC1,IC50
CHEMBL5872245,9.200659450546418,0.63,1,C[C@@H]1COCc2nc3cc(C(=O)Nc4ccc(OC(F)(F)Cl)cc4)cc(-c4csc(C#N)n4)c3n21,IC50
CHEMBL5872414,8.602059991327963,2.5,2,Cc1c(F)cncc1-c1ccc2nc(NC(=O)C3CC3)sc2c1,IC50
CHEMBL5872441,5.679230771661313,2093.0,1,CC(=O)NCc1ccc(-c2ccc3c(c2)C(=O)Nc2cc(OC(F)(F)F)ccc2O3)s1,IC50
CHEMBL5873023,9.42021640338319,0.38,1,C[C@H](CO)n1c(C(F)F)nc2cc(C(=O)Nc3ccc(OC(F)(F)Cl)cc3)cc(-c3cncnc3)c21,IC50
CHEMBL5873756,7.259637310505756,55.0,1,CC(=O)Nc1ccc(C)c(-c2ccc3nc(NC(=O)[C@@H]4C[C@@H]4F)cn3c2)c1,IC50
CHEMBL5875315,8.113509274827518,7.7,2,Cc1ccc(-c2ncc[nH]2)cc1-c1ccc2nc(NC(=O)[C@@H]3C[C@@H]3F)sc2c1,IC50
CHEMBL5875647,5.8972233851165585,1267.0,1,CC(C)n1nc(-c2ccc3cc(OCc4cc(F)cc(Cl)c4)ccc3c2)c2c(N)ncnc21,IC50
CHEMBL5877561,4.579202899000155,26351.0,1,O=C1Nc2cc(OC(F)(F)F)ccc2Oc2ccc(CCB(O)O)cc21,IC50
CHEMBL5878237,9.200659450546418,0.63,1,C[C@@H](O)Cn1cnc2cc(C(=O)Nc3ccc(OC(F)(F)Cl)cc3)cc(-c3cncnc3)c21,IC50
CHEMBL5878397,6.259637310505756,550.0,1,Cc1c(F)cncc1-c1ccc2nc(NC(=O)[C@@H]3C[C@@H]3F)c(Cl)n2c1,IC50
CHEMBL5878555,8.987162775294827,1.03,1,O=C(Nc1ccc(OC(F)(F)Cl)cc1)c1cc(-c2cncnc2)c2c(c1)ncn2[C@@H]1COC[C@@H]1O,IC50
CHEMBL5878653,7.411168274405793,38.8,2,Cc1cccc(F)c1-c1ccc2nc(NC(=O)[C@@H]3C[C@@H]3CO)sc2c1,IC50
CHEMBL5880185,9.2518119729938,0.56,1,C[C@H](n1cnc2cc(C(=O)Nc3ccc(OC(F)(F)Cl)cc3)cc(-c3cncnc3)c21)C(C)(C)O,IC50
CHEMBL5884242,7.3872161432802645,41.0,1,Cc1nnc(-c2cncc(-c3ccnc(Nc4cc(NC(=O)c5ccc(CN6CCN(C)CC6)cc5)ccc4C)n3)c2)s1,IC50
CHEMBL5885010,9.443697499232712,0.36,1,C[C@@H](CF)n1c(C(F)F)nc2cc(C(=O)Nc3ccc(OC(F)(F)Cl)cc3)cc(-c3cncnc3)c21,IC50
CHEMBL5885975,9.327902142064282,0.47,1,CC(C)n1c([C@H](C)O)nc2cc(C(=O)Nc3ccc(OC(F)(F)Cl)cc3)cc(-c3cncnc3)c21,IC50
CHEMBL5886277,9.013228265733755,0.97,1,C[C@@H]1CCc2nc3cc(C(=O)Nc4ccc(OC(F)(F)Cl)cc4)cc(-c4ccn[nH]4)c3n21,IC50
CHEMBL5887188,9.2518119729938,0.56,1,C[C@@H](CF)n1cnc2cc(C(=O)Nc3ccc(OC(F)(F)Cl)cc3)cc(-c3ccn[nH]3)c21,IC50
CHEMBL5888408,9.366531544420413,0.43,1,Cn1c(C(C)(C)O)nc2cc(C(=O)Nc3ccc(OC(F)(F)Cl)cc3)cc(-c3cncnc3)c21,IC50
CHEMBL5889864,5.696803942579511,2010.0,1,CC(C)c1nc(-c2cnc3ccccc3c2)c2c(N)nccn12,IC50
CHEMBL5890295,5.379239510005794,4176.0,1,CS(=O)(=O)Nc1cccc(-c2ccc3c(c2)CNc2cc(OC(F)(F)F)ccc2O3)c1,IC50
CHEMBL5890855,7.455931955649724,35.0,1,Cc1cc(NC(=O)C2=NN=C(c3cncc(-c4ccnc(Nc5cc(NC(=O)c6ccc(CN7CCN(C)CC7)cc6)ccc5C)n4)c3)C2)[nH]n1,IC50
CHEMBL5891024,6.714442690992226,193.0,1,Cc1ccc(NC(=O)c2ccc(CN3CCN(C)CC3)cc2)cc1Nc1nccc(-c2cncc(C3=NN=C(C(=O)Nc4ncco4)C3)c2)n1,IC50
CHEMBL5891328,8.42021640338319,3.8,2,Cc1c(-c2ccc3nc(NC(=O)[C@@H]4C[C@@H]4F)sc3c2)ccc2cn[nH]c12,IC50
CHEMBL5891431,6.935542010773082,116.0,2,Cc1ccc(C(C)(C)O)cc1-c1ccc2nc(NC(=O)[C@@H]3C[C@@H]3F)sc2c1,IC50
CHEMBL5891467,4.804211316693866,15722.0,2,O=C1Nc2cc(OC(F)(F)F)ccc2Nc2ccc(-c3cn[nH]c3)cc21,IC50
CHEMBL5891531,9.119186407719209,0.76,1,O=C(Nc1ccc(OC(F)(F)Cl)cc1)c1cc(-c2ccn[nH]2)c2c(c1)nc1n2CCC[C@@H]1O,IC50
CHEMBL5891956,4.929223537156565,11770.0,1,NC(=O)c1cccc(-c2ccc3c(c2)C(=O)Nc2cc(OC(F)(F)F)ccc2N3)c1,IC50
CHEMBL5891996,5.429223631205252,3722.0,1,O=C1Nc2cc(OC(F)(F)F)ccc2Oc2ccc(-c3ccc(CN4CCNCC4)s3)cc21,IC50
CHEMBL5893045,6.029188389127482,935.0,1,CN(C)S(=O)(=O)c1cccc(-c2ccc3c(c2)C(=O)Nc2cc(OC(F)(F)F)ccc2O3)c1,IC50
CHEMBL5896371,8.67778070526608,2.1,2,Cc1ccc2c(c1-c1ccc3nc(NC(=O)[C@@H]4C[C@@H]4F)sc3c1)CC(=O)N2,IC50
CHEMBL5896441,6.187755303199631,649.0,1,CC(C)n1nc(-c2ccc3cc(OCc4ccncc4)ccc3c2)c2c(N)ncnc21,IC50
CHEMBL5896798,5.929223537156565,1177.0,1,O=C1Nc2cc(OC(F)(F)F)ccc2Oc2ccc(-c3ccc4[nH]ncc4c3)cc21,IC50
CHEMBL5898041,7.863279432843593,13.7,2,Cc1nsc(-c2ccc3nc(NC(=O)[C@@H]4C[C@@H]4F)sc3c2)c1C,IC50
CHEMBL5898412,5.479254528480518,3317.0,1,O=C1Nc2cc(OC(F)(F)F)ccc2Oc2ccc(-c3ccnc(N4CCNCC4)c3)cc21,IC50
CHEMBL5899627,9.148741651280925,0.71,1,CC(C)n1cnc2cc(C(=O)Nc3ccc(OC(F)(F)Cl)cc3)cc(C(=O)NC3CC3)c21,IC50
CHEMBL5900011,7.259637310505756,55.0,1,Nc1ccc(-c2ccc3nc(NC(=O)[C@@H]4C[C@@H]4F)cn3c2)cn1,IC50
CHEMBL5900286,7.749579997691106,17.8,2,O=C(Nc1nc2ccc(-c3cnccc3CO)cc2s1)[C@@H]1C[C@@H]1F,IC50
CHEMBL5901058,9.244125144327509,0.57,1,CC(C)n1cnc2cc(C(=O)Nc3ccc(OC(F)(F)Cl)cc3)cc(-c3cccnn3)c21,IC50
CHEMBL5901761,8.920818753952375,1.2,2,Cc1ccc(-c2cc[nH]n2)cc1-c1ccc2nc(NC(=O)[C@@H]3C[C@@H]3F)sc2c1,IC50
CHEMBL5902013,7.519993057042849,30.2,1,Cc1cc(NC(=O)C2=NN=C(c3cncc(-c4ccnc(Nc5cc(NC(=O)c6ccc(CN7CCN(C)CC7)cc6)ccc5C)n4)c3)C2)on1,IC50
CHEMBL5902082,8.130768280269024,7.4,2,Nc1ccc(-c2ccc3nc(NC(=O)C4CC4)sc3c2)cn1,IC50
CHEMBL5902703,9.366531544420413,0.43,1,C[C@@H]1CCOc2nc3cc(C(=O)Nc4ccc(OC(F)(F)Cl)cc4)cc(-c4cnsc4)c3n21,IC50
CHEMBL5902948,6.279014255846261,526.0,1,N#Cc1ccc2c(c1)NC(=O)c1cc(-c3ccnc(N4CCOCC4)c3)ccc1O2,IC50
CHEMBL5903035,9.337242168318426,0.46,1,O=C(Nc1ccc(OC(F)(F)Cl)cc1)c1cc(-c2cncnc2)c2c(c1)ncn2CC1COC1,IC50
CHEMBL5903057,7.259637310505756,55.0,1,CC(=O)c1c(F)cccc1-c1ccc2nc(NC(=O)[C@@H]3C[C@@H]3F)cn2c1,IC50
CHEMBL59036,6.0,1000.0,1,Cc1ccc(C(=O)Nc2cccc(Nc3nccc(-c4cccnc4)n3)c2)cc1,IC50
CHEMBL5903717,7.259637310505756,55.0,1,COCCOCc1c(F)cccc1-c1ccc2nc(NC(=O)[C@@H]3C[C@@H]3F)cn2c1,IC50
CHEMBL5906823,9.187086643357144,0.65,1,O=C(Nc1ccc(OC(F)(F)Cl)cc1)c1cc(-c2ccn[nH]2)c2c(c1)nc1n2C[C@H](O)CO1,IC50
CHEMBL5907060,9.00436480540245,0.99,1,C[C@@H]1[C@H](O)COc2nc3cc(C(=O)Nc4ccc(OC(F)(F)Cl)cc4)cc(-c4ccn[nH]4)c3n21,IC50
CHEMBL5908611,7.370590400897281,42.6,1,[C-]#[N+]c1cccc(Nc2ncc3cc(-c4c(Cl)cccc4Cl)c(=O)oc3n2)c1,IC50
CHEMBL5908736,5.229221603830852,5899.0,1,O=C1Nc2cc(C(F)(F)F)ccc2Oc2ccc(-c3ccnc(N4CCOCC4)c3)cc21,IC50
CHEMBL5909389,9.397940008672037,0.4,1,O=C(Nc1ccc(OC(F)(F)Cl)cc1)c1cc(-c2cncnc2)c2c(c1)ncn2C1CC(F)(F)C1,IC50
CHEMBL5909447,5.197226274708024,6350.0,1,CC(C)(C)c1nc(-c2cnc3ccccc3c2)c2c(N)nccn12,IC50
CHEMBL59099,6.3979400086720375,400.0,1,NCCCNC(=O)c1cccc(Nc2nccc(-c3cccnc3)n2)c1,IC50
CHEMBL5909927,8.899629454882437,1.26,1,CC(C)n1cnc2cc(C(=O)Nc3ccc(OC(F)(F)Cl)cc3)cc(-c3ccn(C)n3)c21,IC50
CHEMBL5910064,8.059981844992336,8.71,1,O=C(Nc1ccc(OC(F)(F)Cl)cc1)c1cc(-c2ccn[nH]2)c2c(c1)nc1n2C[C@@H](O)CO1,IC50
CHEMBL5911273,5.729321163855293,1865.0,1,O=C1Nc2cc(OC(F)(F)F)ccc2Oc2ccc(-c3cccc(S(=O)(=O)NCCO)c3)cc21,IC50
CHEMBL5912843,6.3223930472795065,476.0,1,Cc1ccc(NC(=O)c2ccc(CN3CCN(C)CC3)cc2)cc1Nc1nccc(-c2cncc(-c3nnco3)c2)n1,IC50
CHEMBL5914584,9.55284196865778,0.28,1,COc1nc2cc(C(=O)Nc3ccc(OC(F)(F)Cl)cc3)cc(-c3cncnc3)c2n1[C@H](C)CO,IC50
CHEMBL5914813,6.928117992693875,118.0,1,O=C1Nc2cc(OC(F)(F)F)ccc2Oc2ccc(-c3cccc(N4CC[C@@H](O)C4)n3)cc21,IC50
CHEMBL5914830,6.966576244513051,108.0,1,Cc1ccc(NC(=O)c2ccc(CN3CCN(C)CC3)cc2)cc1Nc1nccc(-c2cncc(C3=NN=C(C(=O)Nc4cc(C(N)=O)n[nH]4)C3)c2)n1,IC50
CHEMBL5915572,9.080921907623926,0.83,1,C[C@H]1Cn2c(nc3cc(C(=O)Nc4ccc(OC(F)(F)Cl)cc4)cc(-c4cncnc4)c32)CO1,IC50
CHEMBL5916037,9.060480747381382,0.87,1,CCn1c(CO)nc2cc(C(=O)Nc3ccc(OC(F)(F)Cl)cc3)cc(-c3ccn[nH]3)c21,IC50
CHEMBL5916453,9.229147988357855,0.59,1,C[C@@H]1COCc2nc3cc(C(=O)Nc4ccc(OC(F)(F)Cl)cc4)cc(-c4cc(C#N)n[nH]4)c3n21,IC50
CHEMBL5917841,9.221848749616356,0.6,4,Cc1c(O)cccc1-c1ccc2nc(NC(=O)[C@@H]3C[C@@H]3F)sc2c1,IC50
CHEMBL5917868,5.129186576084402,7427.0,1,CS(=O)(=O)Nc1cccc(-c2ccc3c(c2)Oc2ccc(OC(F)(F)F)cc2NC3=O)c1,IC50
CHEMBL5917882,7.259637310505756,55.0,1,Cc1ccncc1-c1ccc2nc(NC(=O)[C@@H]3C[C@@H]3F)cn2c1,IC50
CHEMBL5918885,4.729204746623152,18655.0,1,CN1C(=O)c2ccc(-c3cccc(NS(C)(=O)=O)c3)cc2Oc2ccc(OC(F)(F)F)cc21,IC50
CHEMBL5918917,5.9694002780340485,1073.0,1,Cc1ccc(C(F)(F)F)cc1COc1ccc2cc(-c3nn(C(C)C)c4ncnc(N)c34)ccc2c1,IC50
CHEMBL5919079,6.978810700930062,105.0,1,O=C1Nc2cc(OC(F)(F)F)ccc2S(=O)(=O)c2ccc(-c3ccnc(N4CCOCC4)c3)cc21,IC50
CHEMBL5920082,9.443697499232712,0.36,1,C[C@H](CO)n1cnc2cc(C(=O)Nc3ccc(OC(F)(F)Cl)cc3)cc(-c3cncnc3)c21,IC50
CHEMBL5921079,5.329197715739056,4686.0,1,CN1CCN(c2cc(-c3ccc4c(c3)C(=O)Nc3cc(OC(F)(F)F)ccc3O4)ccn2)CC1,IC50
CHEMBL5921329,9.221848749616356,0.6,1,CC(C)n1c(C(F)F)nc2cc(C(=O)Nc3ccc(OC(F)(F)Cl)cc3)cc(-c3cncnc3)c21,IC50
CHEMBL5923569,8.080921907623926,8.3,4,Cc1ccnc(Cl)c1-c1ccc2nc(NC(=O)[C@@H]3C[C@@H]3F)sc2c1,IC50
CHEMBL5923739,4.929223537156565,11770.0,1,N#CCn1cc(-c2ccc3c(c2)C(=O)Nc2cc(OC(F)(F)F)ccc2O3)cn1,IC50
CHEMBL5925407,9.142667503568731,0.72,1,COc1ccc(CNc2cc(C(=O)Nc3ccc(OC(F)(F)Cl)cc3)cc3ncn(C(C)C)c23)cc1,IC50
CHEMBL5925822,9.4089353929735,0.39,1,CC(C)n1c(C(F)F)nc2cc(C(=O)Nc3ccc(OC(F)(F)Cl)cc3)cc(-c3cnsc3)c21,IC50
CHEMBL5925830,7.468521082957745,34.0,1,Cc1ccnc(-c2cncc(-c3ccnc(Nc4cc(NC(=O)c5ccc(CN6CCN(C)CC6)cc5)ccc4C)n3)c2)c1,IC50
CHEMBL5926374,7.756961951313706,17.5,1,Cc1cc(Nc2ncc3cc(-c4c(Cl)cccc4Cl)c(=O)oc3n2)ccc1F,IC50
CHEMBL5927204,7.3260580013659125,47.2,2,CC(=O)N1CCc2c1ccc(C)c2-c1ccc2nc(NC(=O)[C@@H]3C[C@@H]3F)sc2c1,IC50
CHEMBL5927334,9.537602002101044,0.29,1,C[C@H](C(F)F)n1cnc2cc(C(=O)Nc3ccc(OC(F)(F)Cl)cc3)cc(-c3ccn[nH]3)c21,IC50
CHEMBL5928041,7.020907099361674,95.3,1,Cc1ccc(NC(=O)c2ccc(CN3CCN(C)CC3)cc2)cc1Nc1nccc(-c2cncc(C3=NN=C(C(=O)Nc4ccccn4)C3)c2)n1,IC50
CHEMBL5929213,5.379239510005794,4176.0,1,NS(=O)(=O)c1cccc(-c2ccc3c(c2)C(=O)Nc2cc(OC(F)(F)F)ccc2O3)c1,IC50
CHEMBL5930540,9.337242168318426,0.46,1,O=C(Nc1ccc(OC(F)(F)Cl)cc1)c1cc(-c2cccnn2)c2c(c1)nc1n2[C@H](CO)COC1,IC50
CHEMBL5931947,7.259637310505756,55.0,1,Cc1c(F)cccc1-c1ccc2nc(NC(=O)C3CC(F)C3)cn2c1,IC50
CHEMBL5932426,6.013676222949234,969.0,1,Cc1cccc2[nH]c(-c3nn(C(C)C)c4ncnc(N)c34)cc12,IC50
CHEMBL5932454,9.494850021680094,0.32,1,O=C(Nc1ccc(OC(F)(F)Cl)cc1)c1cc(-c2cncnc2)c2c(c1)ncn2[C@@H]1CCOC1,IC50
CHEMBL5932588,9.244125144327509,0.57,1,C[C@H](CF)n1c(C(F)F)nc2cc(C(=O)Nc3ccc(OC(F)(F)Cl)cc3)cc(-c3ccn[nH]3)c21,IC50
CHEMBL5933148,9.397940008672037,0.4,1,O=C(Nc1ccc(OC(F)(F)Cl)cc1)c1cc(-c2cncc(F)c2)c2c(c1)ncn2C1CC1,IC50
CHEMBL5934662,9.568636235841012,0.27,1,Cc1nc2c(-c3cncnc3)cc(C(=O)Nc3ccc(OC(F)(F)Cl)cc3)cc2n1C,IC50
CHEMBL5934999,7.013228265733755,97.0,1,Cc1cc(-c2cncc(-c3ccnc(Nc4cc(NC(=O)c5ccc(CN6CCN(C)CC6)cc5)ccc4C)n3)c2)sn1,IC50
CHEMBL5936577,7.804100347590766,15.7,1,CN(C)c1ccc(Nc2ncc3cc(-c4c(Cl)cccc4Cl)c(=O)oc3n2)cc1,IC50
CHEMBL5937667,7.075720713938118,84.0,1,Cc1ccc(-c2cncc(-c3ccnc(Nc4cc(NC(=O)c5ccc(CN6CCN(C)CC6)cc5)ccc4C)n3)c2)nc1,IC50
CHEMBL5938399,8.987162775294827,1.03,1,O=C(Nc1ccc(OC(F)(F)Cl)cc1)c1cc(-c2cnoc2)c2c(c1)nc1n2C[C@@H](O)CC1,IC50
CHEMBL5938459,9.2518119729938,0.56,1,C[C@@H]1COc2nc3cc(C(=O)Nc4ccc(OC(F)(F)Cl)cc4)cc(-c4cccnn4)c3n21,IC50
CHEMBL5939199,7.259637310505756,55.0,1,O=C(Nc1cn2cc(-c3ccccc3C(F)(F)F)ccc2n1)[C@@H]1C[C@@H]1F,IC50
CHEMBL5939318,9.356547323513812,0.44,1,C[C@H](C1CC1)n1cnc2cc(C(=O)Nc3ccc(OC(F)(F)Cl)cc3)cc(-c3cncnc3)c21,IC50
CHEMBL5940515,6.259637310505756,550.0,1,Cc1c(F)cncc1-c1ccc2nc(NC(=O)[C@@H]3C[C@@H]3F)c(C)n2c1,IC50
CHEMBL5940567,5.979224511806442,1049.0,1,CS(=O)(=O)Nc1ccc(-c2ccc3c(c2)C(=O)Nc2cc(OC(F)(F)F)ccc2N3)cc1,IC50
CHEMBL5940697,9.481486060122112,0.33,1,C[C@@H]1COCc2nc3cc(C(=O)Nc4ccc(OC(F)(F)Cl)cc4)cc(-c4cnn[nH]4)c3n21,IC50
CHEMBL5941479,8.602059991327963,2.5,2,Cc1c[nH]c2ncc(-c3ccc4nc(NC(=O)C5CC5)sc4c3)cc12,IC50
CHEMBL5941886,7.61261017366127,24.4,2,Cc1c(F)cncc1-c1ccc2nc(NC(=O)C3CC(F)C3)sc2c1,IC50
CHEMBL5942322,9.229147988357855,0.59,1,O=C(Nc1ccc(OC(F)(F)Cl)cc1)c1cc(-c2cncnc2)c2c(c1)ncn2CC1CC1,IC50
CHEMBL5942411,9.55284196865778,0.28,1,C[C@@H]1COCc2nc3cc(C(=O)Nc4ccc(OC(F)(F)Cl)cc4)cc(-c4cncs4)c3n21,IC50
CHEMBL5942715,6.79317412396815,161.0,2,Cc1ccncc1-c1ccc2nc(NC(=O)C3CC(F)(F)C3)sc2c1,IC50
CHEMBL5944812,9.481486060122112,0.33,1,O=C(Nc1ccc(OC(F)(F)Cl)cc1)c1cc(-c2cncnc2)c2c(c1)nc1n2[C@H](CO)COC1,IC50
CHEMBL5945348,7.259637310505756,55.0,1,Cc1ccc2[nH]cnc2c1-c1ccc2nc(NC(=O)[C@@H]3C[C@@H]3F)cn2c1,IC50
CHEMBL5946082,9.397940008672037,0.4,1,Cc1nc2cc(C(=O)Nc3ccc(OC(F)(F)Cl)cc3)cc(-c3cncnc3)c2n1C(C)C,IC50
CHEMBL5947712,6.057495893831919,876.0,2,Cc1cccc(F)c1-c1ccc2nc(NC(=O)C3CC(F)(F)C3)sc2c1,IC50
CHEMBL5949279,7.684029654543083,20.7,1,CC(C)n1cnc2cc(C(=O)Nc3ccc(OC(F)(F)Cl)cc3)cc(-c3noc(=O)[nH]3)c21,IC50
CHEMBL5949326,9.585026652029182,0.26,1,COc1nc2cc(C(=O)Nc3ccc(OC(F)(F)Cl)cc3)cc(-c3ccn[nH]3)c2n1[C@H](C)CO,IC50
CHEMBL5949927,9.2839966563652,0.52,1,COc1ncc(-c2cc(C(=O)Nc3ccc(OC(F)(F)Cl)cc3)cc3ncn(C4CC4)c23)cn1,IC50
CHEMBL5950660,6.950781977329818,112.0,1,CN(CCO)c1cccc(-c2ccc3c(c2)C(=O)Nc2cc(OC(F)(F)F)ccc2O3)n1,IC50
CHEMBL5951027,9.431798275933005,0.37,1,O=C(Nc1ccc(OC(F)(F)Cl)cc1)c1cc(-c2cncnc2)c2c(c1)nc1n2CC[C@H](O)C1,IC50
CHEMBL5951797,9.366531544420413,0.43,1,C[C@H](CF)n1cnc2cc(C(=O)Nc3ccc(OC(F)(F)Cl)cc3)cc(-c3cncnc3)c21,IC50
CHEMBL5953174,9.327902142064282,0.47,1,O=C(Nc1ccc(OC(F)(F)Cl)cc1)c1cc(-c2cncnc2)c2c(c1)ncn2[C@H]1C[C@@H](F)C1,IC50
CHEMBL5953248,7.3448615651886175,45.2,1,Cc1ccc(NC(=O)c2ccc(CN3CCN(C)CC3)cc2)cc1Nc1nccc(-c2cncc(C3=NN=C(C(=O)Nc4ccn[nH]4)C3)c2)n1,IC50
CHEMBL5953875,9.267606240177031,0.54,1,O=C(Nc1ccc(OC(F)(F)Cl)cc1)c1cc(-c2cncnc2)c2c(c1)ncn2C1CCOC1,IC50
CHEMBL5955773,6.928117992693875,118.0,1,O=C1Nc2cc(CO)ccc2Nc2ccc(-c3ccnc(N4CCOCC4)c3)cc21,IC50
CHEMBL5956365,9.2839966563652,0.52,1,C[C@@H](CF)n1c(C(F)F)nc2cc(C(=O)Nc3ccc(OC(F)(F)Cl)cc3)cc(-c3ccn[nH]3)c21,IC50
CHEMBL5957068,9.130768280269024,0.74,1,O=C(Nc1ccc(OC(F)(F)Cl)cc1)c1cc(-c2ccn[nH]2)c2c(c1)nc1n2[C@H](CO)COC1,IC50
CHEMBL5957155,9.18045606445813,0.66,1,CC(C)n1cnc2cc(C(=O)Nc3ccc(OC(F)(F)Cl)cc3)cc(-c3n[nH]cc3C#N)c21,IC50
CHEMBL5957227,4.579202899000155,26351.0,1,CS(=O)(=O)Nc1cccc(-c2ccc3c(c2)Oc2cc(OC(F)(F)F)ccc2NC3=O)c1,IC50
CHEMBL5957681,9.154901959985743,0.7,1,O=C(Nc1ccc(OC(F)(F)Cl)cc1)c1cc(-c2ccnnc2)c2c(c1)nc1n2[C@H](CO)COC1,IC50
CHEMBL5959851,9.136677139879543,0.73,1,Cc1nc(-c2cc(C(=O)Nc3ccc(OC(F)(F)Cl)cc3)cc3nc4n(c23)[C@H](C)COC4)cs1,IC50
CHEMBL5960415,8.454692883534175,3.51,1,CC(=O)Nc1cccc(Nc2ncc3cc(-c4c(Cl)cccc4Cl)c(=O)oc3n2)c1,IC50
CHEMBL5960689,9.318758762624412,0.48,1,COC[C@@H](C)n1cnc2cc(C(=O)Nc3ccc(OC(F)(F)Cl)cc3)cc(-c3cncnc3)c21,IC50
CHEMBL5960791,8.600326278518962,2.51,1,C[C@@H]1COCc2nc3cc(C(=O)Nc4ccc(OC(F)(F)Cl)cc4)cc(-c4cccnn4)c3n21,IC50
CHEMBL5961553,4.979224511806442,10490.0,1,CN(C)CCNC(=O)c1cccc(-c2ccc3c(c2)C(=O)Nc2cc(OC(F)(F)F)ccc2N3)c1,IC50
CHEMBL5962277,7.698970004336019,20.0,2,Cc1c(CO)cncc1-c1ccc2nc(NC(=O)[C@@H]3C[C@@H]3F)sc2c1,IC50
CHEMBL5962484,7.235077015350112,58.2,2,Cc1cccc(F)c1-c1ccc2nc(NC(=O)C3C[C@H]3CO)sc2c1,IC50
CHEMBL5963178,5.479254528480518,3317.0,1,CC(=O)c1csc(-c2ccc3c(c2)C(=O)Nc2cc(OC(F)(F)F)ccc2O3)c1,IC50
CHEMBL5964426,7.259637310505756,55.0,1,Cc1c(F)cccc1-c1ccc2nc(NC(=O)[C@@H]3C[C@@H]3F)c(Cl)n2c1,IC50
CHEMBL5964893,7.2441251443275085,57.0,1,Cc1cnc(-c2cncc(-c3ccnc(Nc4cc(NC(=O)c5ccc(CN6CCN(C)CC6)cc5)ccc4C)n3)c2)s1,IC50
CHEMBL5965665,9.236572006437063,0.58,1,COC(=O)c1cc(-c2cncnc2)c2c(c1)ncn2C(C)(C)COC(OC)OC,IC50
CHEMBL5966336,5.579219380451435,2635.0,1,COc1ccc(-c2ccc3c(c2)C(=O)Nc2cc(OC(F)(F)F)ccc2O3)cc1O,IC50
CHEMBL5967260,7.040481623027001,91.1,1,CNC(=O)c1cc(NC(=O)C2=NN=C(c3cncc(-c4ccnc(Nc5cc(NC(=O)c6ccc(CN7CCN(C)CC7)cc6)ccc5C)n4)c3)C2)[nH]n1,IC50
CHEMBL5968076,8.148741651280925,7.1,2,Cc1ccc(C#N)cc1-c1ccc2nc(NC(=O)[C@@H]3C[C@@H]3F)sc2c1,IC50
CHEMBL5968106,9.431798275933005,0.37,1,O=C(Nc1ccc(OC(F)(F)Cl)cc1)c1cc(-c2cncnc2)c2c(c1)ncn2C1CC(O)C1,IC50
CHEMBL5969922,5.029188389127482,9350.0,1,O=C(NCCO)c1cccc(-c2ccc3c(c2)C(=O)Nc2cc(OC(F)(F)F)ccc2O3)c1,IC50
CHEMBL5970078,9.301029995663981,0.5,1,O=C(Nc1ccc(OC(F)(F)Cl)cc1)c1cc(-c2cncnc2)c2c(c1)ncn2CC(F)F,IC50
CHEMBL5970225,9.346787486224656,0.45,1,CCn1c([C@H](C)O)nc2cc(C(=O)Nc3ccc(OC(F)(F)Cl)cc3)cc(-c3cnoc3)c21,IC50
CHEMBL5970516,9.468521082957745,0.34,1,CCn1c(OC)nc2cc(C(=O)Nc3ccc(OC(F)(F)Cl)cc3)cc(-c3cncnc3)c21,IC50
CHEMBL5971475,9.267606240177031,0.54,1,CCn1c([C@H](C)O)nc2cc(C(=O)Nc3ccc(OC(F)(F)Cl)cc3)cc(-c3cncnc3)c21,IC50
CHEMBL5972118,8.031517051446064,9.3,2,Cc1ccc(-c2nccs2)cc1-c1ccc2nc(NC(=O)[C@@H]3C[C@@H]3F)sc2c1,IC50
CHEMBL5972945,9.292429823902063,0.51,1,COc1ccc(Cn2ncc(F)c2-c2cc(C(=O)Nc3ccc(OC(F)(F)Cl)cc3)cc3ncn(C4CC4)c23)cc1,IC50
CHEMBL5973988,8.397940008672037,4.0,2,Cc1cc(N)nc(C)c1-c1ccc2nc(NC(=O)[C@@H]3C[C@@H]3F)sc2c1,IC50
CHEMBL5974298,6.079354998593212,833.0,1,CNS(=O)(=O)c1cccc(-c2ccc3c(c2)C(=O)Nc2cc(OC(F)(F)F)ccc2O3)c1,IC50
CHEMBL5975001,9.18045606445813,0.66,1,O=C(Nc1ccc(OC(F)(F)Cl)cc1)c1cc(-c2cncnc2)c2c(c1)nc1n2CCC[C@H]1O,IC50
CHEMBL5975178,9.337242168318426,0.46,1,Cn1c(C2CC2)nc2cc(C(=O)Nc3ccc(OC(F)(F)Cl)cc3)cc(-c3cncnc3)c21,IC50
CHEMBL5975201,7.692503962086787,20.3,2,Cc1cc(Cl)ncc1-c1ccc2nc(NC(=O)[C@@H]3C[C@@H]3F)sc2c1,IC50
CHEMBL5975212,9.356547323513812,0.44,1,CCn1c([C@H](C)O)nc2cc(C(=O)Nc3ccc(OC(F)(F)Cl)cc3)cc(-c3cccnn3)c21,IC50
CHEMBL5975506,8.014573525916997,9.67,1,O=C(Nc1ccc(OC(F)(F)Cl)cc1)c1cc(-c2cncnc2)c2c(c1)nc1n2C[C@@H](O)CO1,IC50
CHEMBL5976988,4.529207427433104,29566.0,1,CN1C(=O)c2cc(-c3cccc(NS(C)(=O)=O)c3)ccc2Oc2ccc(OC(F)(F)F)cc21,IC50
CHEMBL5980653,4.729204746623152,18655.0,1,CN1CCN(C(=O)c2cccc(-c3ccc4c(c3)C(=O)Nc3cc(OC(F)(F)F)ccc3O4)c2)CC1,IC50
CHEMBL5981986,8.991399828238082,1.02,1,O=C(Nc1ccc(OC(F)(F)Cl)cc1)c1cc(-c2cncnc2)c2c(c1)ncn2C1CS(=O)(=O)C1,IC50
CHEMBL5982552,6.764471553092451,172.0,2,Cc1ccc(C#Cc2ccccn2)cc1-c1ccc2nc(NC(=O)[C@@H]3C[C@@H]3F)sc2c1,IC50
CHEMBL5983391,5.769295686387431,1701.0,1,Cc1ccc(C)c(COc2ccc3cc(-c4nn(C(C)C)c5ncnc(N)c45)ccc3c2)c1,IC50
CHEMBL5983598,6.928117992693875,118.0,1,Cc1ccc(NC(=O)c2ccc(CN3CCN(C)CC3)cc2)cc1Nc1nccc(-c2cncc(C3=NN=C(C(=O)Nc4cn[nH]c4C)C3)c2)n1,IC50
CHEMBL5983795,9.200659450546418,0.63,1,O=C(Nc1ccc(OC(F)(F)Cl)cc1)c1cc(-c2ccn[nH]2)c2c(c1)nc1n2CCC[C@H]1O,IC50
CHEMBL5983799,9.2839966563652,0.52,1,O=C(Nc1ccc(OC(F)(F)Cl)cc1)c1cc(-c2cncnc2)c2c(c1)ncn2C1(CO)CC1,IC50
CHEMBL5983846,9.309803919971486,0.49,1,O=C(Nc1ccc(OC(F)(F)Cl)cc1)c1cc(-c2cccnn2)c2c(c1)ncn2CC(F)F,IC50
CHEMBL5984043,8.522878745280337,3.0,2,Cc1ccc2ncsc2c1-c1ccc2nc(NC(=O)[C@@H]3C[C@@H]3F)sc2c1,IC50
CHEMBL5985207,9.318758762624412,0.48,1,O=C(Nc1ccc(OC(F)(F)Cl)cc1)c1cc(-c2cncnc2)c2c(c1)nc1n2[C@H](CO)CO1,IC50
CHEMBL5985479,4.829210409553609,14818.0,1,NC(=O)c1cccc(-c2ccc3c(c2)C(=O)Nc2cc(OC(F)(F)F)ccc2O3)c1,IC50
CHEMBL5985992,9.337242168318426,0.46,1,C[C@@H]1COCc2nc3cc(C(=O)Nc4ccc(OC(F)(F)F)cc4)cc(-c4ccn[nH]4)c3n21,IC50
CHEMBL5986777,7.259637310505756,55.0,1,O=C(Nc1cn2cc(-c3ccc4sc(=O)[nH]c4c3)ccc2n1)[C@@H]1C[C@@H]1F,IC50
CHEMBL5987518,9.346787486224656,0.45,1,Cc1cn[nH]c1-c1cc(C(=O)Nc2ccc(OC(F)(F)Cl)cc2)cc2nc3n(c12)[C@H](C)COC3,IC50
CHEMBL5987655,9.259637310505756,0.55,1,C[C@@H]1COCc2nc3cc(C(=O)Nc4ccc(OC(F)(F)Cl)cc4)cc(-c4nccs4)c3n21,IC50
CHEMBL598797,5.539102157243452,2890.0,1,C#Cc1cccc(Nc2ncnc3cc(OC)c(OCCCCCCC(=O)NO)cc23)c1,IC50
CHEMBL5988563,7.0,100.0,1,COc1cccc(NC(=O)C2=NN=C(c3cncc(-c4ccnc(Nc5cc(NC(=O)c6ccc(CN7CCN(C)CC7)cc6)ccc5C)n4)c3)C2)c1,IC50
CHEMBL5992450,5.629116983222394,2349.0,1,O=C(NCCO)c1cccc(-c2ccc3c(c2)C(=O)Nc2cc(OC(F)(F)F)ccc2N3)c1,IC50
CHEMBL5994060,6.892790030352131,128.0,1,Cc1ccc(NC(=O)c2ccc(CN3CCN(C)CC3)cc2)cc1Nc1nccc(-c2cncc(-c3ccns3)c2)n1,IC50
CHEMBL5994365,9.207608310501746,0.62,1,C[C@@H](C1CC1)n1cnc2cc(C(=O)Nc3ccc(OC(F)(F)Cl)cc3)cc(-c3cncnc3)c21,IC50
CHEMBL5994391,7.429457060118103,37.2,1,Cc1ccc(NC(=O)c2ccc(CN3CCN(C)CC3)cc2)cc1Nc1nccc(-c2cncc(C3=NN=C(C(=O)Nc4cn[nH]c4)C3)c2)n1,IC50
CHEMBL5994401,9.119186407719209,0.76,1,C[C@@H]1COCc2nc3cc(C(=O)Nc4ccc(OC(F)(F)Cl)cc4)cc(-c4[nH]ncc4C#N)c3n21,IC50
CHEMBL5994971,7.609064892896621,24.6,2,Cc1cc(C(C)O)ncc1-c1ccc2nc(NC(=O)[C@@H]3C[C@@H]3F)sc2c1,IC50
CHEMBL5995081,7.336832069535625,46.5,2,Cc1ccc(NC(=O)c2ccc(CN3CCN(C)CC3)cc2)cc1Nc1nccc(-c2cncc(-c3ccn(C)n3)c2)n1,IC50
CHEMBL5996204,9.275724130399212,0.53,1,CC(C)n1c(C(F)F)nc2cc(C(=O)Nc3ccc(OC(F)(F)Cl)cc3)cc(-c3cccnn3)c21,IC50
CHEMBL5996276,9.327902142064282,0.47,1,C[C@@H]1COCc2nc3cc(C(=O)Nc4ccc(OC(F)(F)F)cc4)cc(-c4cncnc4)c3n21,IC50
CHEMBL5996610,5.379239510005794,4176.0,1,Nc1cc(-c2ccc3c(c2)C(=O)Nc2cc(OC(F)(F)F)ccc2O3)ccn1,IC50
CHEMBL5996615,8.625251653989896,2.37,1,C[C@@H]1COCc2nc3cc(C(=O)Nc4ccc(OC(F)(F)Cl)cc4)cc(N4CCC4)c3n21,IC50
CHEMBL5996676,5.529148675473882,2957.0,1,N#CCCn1cc(-c2ccc3c(c2)C(=O)Nc2cc(OC(F)(F)F)ccc2O3)cn1,IC50
CHEMBL5997882,9.065501548756432,0.86,1,C[C@@H](C(F)F)n1cnc2cc(C(=O)Nc3ccc(OC(F)(F)Cl)cc3)cc(-c3ccn[nH]3)c21,IC50
CHEMBL5997973,9.508638306165727,0.31,1,C[C@@H]1COCc2nc3cc(C(=O)Nc4ccc(OC(F)(F)Cl)cc4)cc(-c4ccn[nH]4)c3n21,IC50
CHEMBL5998409,9.387216143280265,0.41,1,O=C(Nc1ccc(OC(F)(F)Cl)cc1)c1cc(-c2cncnc2)c2c(c1)ncn2[C@H]1COC[C@@H]1O,IC50
CHEMBL6000166,7.259637310505756,55.0,1,Cc1cccc(F)c1-c1ccc2nc(NC(=O)[C@@H]3C[C@@H]3F)c(C)n2c1,IC50
CHEMBL6001350,7.292429823902063,51.0,1,Cc1csc(-c2cncc(-c3ccnc(Nc4cc(NC(=O)c5ccc(CN6CCN(C)CC6)cc5)ccc4C)n3)c2)n1,IC50
CHEMBL6001402,5.892790030352131,1280.0,1,O=C1Nc2cc(OC(F)(F)F)ccc2Oc2ccc(-c3cccc(OCCO)n3)cc21,IC50
CHEMBL6001451,5.429223631205252,3722.0,1,O=C1Nc2cc(OC(F)(F)F)ccc2Oc2ccc(-c3ccncc3)cc21,IC50
CHEMBL6002787,9.443697499232712,0.36,1,C[C@@H]1CCSc2nc3cc(C(=O)Nc4ccc(OC(F)(F)Cl)cc4)cc(-c4ccn[nH]4)c3n21,IC50
CHEMBL6003233,6.259637310505756,550.0,1,CC(=O)NCc1c(F)cccc1-c1ccc2nc(NC(=O)[C@@H]3C[C@@H]3F)cn2c1,IC50
CHEMBL6003639,9.065501548756432,0.86,1,COC(=O)c1cc(Br)c(NCC2(O[Si](c3ccccc3)(c3ccccc3)C(C)(C)C)CC2)c([N+](=O)[O-])c1,IC50
CHEMBL6004963,6.634512015109101,232.0,1,Cc1ccc(NC(=O)c2ccc(CN3CCN(C)CC3)cc2)cc1Nc1nccc(-c2cncc(C3=NN=C(C(=O)Nc4cccnc4)C3)c2)n1,IC50
CHEMBL6005206,6.259637310505756,550.0,1,CC(C)c1c(F)cccc1-c1ccc2nc(NC(=O)[C@@H]3C[C@@H]3F)cn2c1,IC50
CHEMBL6005484,9.214670164989233,0.61,1,COc1ncc(-c2cc(C(=O)Nc3ccc(OC(F)(F)Cl)cc3)cc3ncn(C(C)C)c23)cn1,IC50
CHEMBL6005559,6.892790030352131,128.0,2,Cc1cccc(F)c1-c1ccc2nc(NC(=O)[C@H]3C[C@H]3CO)sc2c1,IC50
CHEMBL6006110,6.777283528852417,167.0,1,Cc1cccc(NC(=O)C2=NN=C(c3cncc(-c4ccnc(Nc5cc(NC(=O)c6ccc(CN7CCN(C)CC7)cc6)ccc5C)n4)c3)C2)c1,IC50
CHEMBL6006609,8.603800652904264,2.49,1,CC(C)n1cnc2cc(C(=O)Nc3ccc(OC(F)(F)Cl)cc3)cc(-c3ccnn3C)c21,IC50
CHEMBL6006899,9.346787486224656,0.45,1,O=C(Nc1ccc(OC(F)(F)Cl)cc1)c1cc(-c2ccn[nH]2)c2c(c1)nc(C(F)F)n2C1CC1,IC50
CHEMBL6007885,9.136677139879543,0.73,1,Cc1nc2c(-c3cncc(F)c3)cc(C(=O)Nc3ccc(OC(F)(F)Cl)cc3)cc2n1C,IC50
CHEMBL6008259,7.017728766960431,96.0,1,Cc1ccc(NC(=O)c2ccc(CN3CCN(C)CC3)cc2)cc1Nc1nccc(-c2cncc(-c3cnsc3)c2)n1,IC50
CHEMBL6008289,9.096910013008056,0.8,1,CC(C)n1cnc2cc(C(=O)Nc3ccc(OC(F)(F)Cl)cc3)cc(-c3cnn[nH]3)c21,IC50
CHEMBL6008361,7.8297382846050425,14.8,2,Cc1ccc(-c2ccc3nc(NC(=O)[C@@H]4C[C@@H]4F)sc3c2)c2cn[nH]c12,IC50
CHEMBL6008570,7.259637310505756,55.0,1,O=C1Cc2ccc(-c3ccc4nc(NC(=O)[C@@H]5C[C@@H]5F)cn4c3)cc2N1,IC50
CHEMBL6009512,8.94692155651658,1.13,1,CC(C)n1c([C@@H](C)O)nc2cc(C(=O)Nc3ccc(OC(F)(F)Cl)cc3)cc(-c3ccn[nH]3)c21,IC50
CHEMBL6010910,8.734260541478871,1.85,4,O=C(Nc1ccc(S(F)(F)(F)(F)F)cc1)c1cnc(N2CC[C@@H](O)C2)c(-c2cncc(F)c2)c1,IC50
CHEMBL6011312,4.729204746623152,18655.0,1,CN1C(=O)c2cc(-c3cccc(N(C)S(C)(=O)=O)c3)ccc2Oc2ccc(OC(F)(F)F)cc21,IC50
CHEMBL6011357,8.97061622231479,1.07,1,Cn1c(C(F)F)nc2c(-c3cncnc3)cc(C(=O)Nc3ccc(OC(F)(F)Cl)cc3)cc21,IC50
CHEMBL6011433,8.10790539730952,7.8,4,C=C(C)c1ccc(C)c(-c2ccc3nc(NC(=O)[C@@H]4C[C@@H]4F)sc3c2)c1,IC50
CHEMBL6011619,6.667561540084395,215.0,2,Cc1cccc(F)c1-c1ccc2nc(NC(=O)[C@H]3C[C@@H](F)C3)sc2c1,IC50
CHEMBL6012556,9.309803919971486,0.49,1,C[C@H](C(F)F)n1cnc2cc(C(=O)Nc3ccc(OC(F)(F)Cl)cc3)cc(-c3ccnnc3)c21,IC50
CHEMBL6013920,9.113509274827518,0.77,1,CC(C)n1c(C(F)F)nc2cc(C(=O)Nc3ccc(OC(F)(F)Cl)cc3)cc(-c3cscn3)c21,IC50
CHEMBL6014093,9.267606240177031,0.54,1,C[C@H](CF)n1c(C(F)F)nc2cc(C(=O)Nc3ccc(OC(F)(F)Cl)cc3)cc(-c3cncnc3)c21,IC50
CHEMBL6014687,9.229147988357855,0.59,1,CC(C)n1c(C(F)F)nc2cc(C(=O)Nc3ccc(OC(F)(F)Cl)cc3)cc(-c3ccnnc3)c21,IC50
CHEMBL6014810,6.259637310505756,550.0,1,O=C(Nc1cn2cc(-c3cccc(F)c3COCCO)ccc2n1)[C@@H]1C[C@@H]1F,IC50
CHEMBL6015174,9.327902142064282,0.47,1,C[C@@H](C(F)F)n1cnc2cc(C(=O)Nc3ccc(OC(F)(F)Cl)cc3)cc(-c3cncnc3)c21,IC50
CHEMBL6015719,7.769551078621726,17.0,2,Cc1c(F)cncc1-c1ccc2nc(NC(=O)C3C[C@H]3CO)sc2c1,IC50
CHEMBL601719,6.777852661162399,591.5,2,C[C@@H](Oc1cc(-c2cnn(C3CCNCC3)c2)cnc1N)c1c(Cl)ccc(F)c1Cl,IC50
CHEMBL6018108,5.809668301829708,1550.0,1,O=C1Nc2cc(OC(F)(F)F)ccc2Oc2ccc(-c3ccnc(OCCO)c3)cc21,IC50
CHEMBL6018215,8.886056647693163,1.3,1,C[C@]1(O)CCCN(c2c(Br)cc(C(=O)Nc3ccc(OC(F)(F)Cl)cc3)cc2[N+](=O)[O-])C1,IC50
CHEMBL6018546,6.259637310505756,550.0,1,CN(C)C1CCN(CCn2nc(-c3cnc4[nH]ccc4c3)c3c(N)ncnc32)CC1,IC50
CHEMBL6018936,7.447331783887806,35.7,2,Cc1c(F)cncc1-c1ccc2nc(NC(=O)C3CC(F)(F)C3)sc2c1,IC50
CHEMBL6019188,6.438898616350944,364.0,2,Cc1cccc(F)c1-c1ccc2nc(NC(=O)C3CCC3)sc2c1,IC50
CHEMBL6019354,9.173925197299173,0.67,1,Cc1nc2cc(C(=O)Nc3ccc(OC(F)(F)Cl)cc3)cc(-c3cccnn3)c2n1[C@H](C)CO,IC50
CHEMBL6019840,8.679853713888946,2.09,1,CC(=O)Nc1cccc(Nc2ncc3cc(-c4c(C)cccc4C)c(=O)oc3n2)c1,IC50
CHEMBL6020115,6.628932137728263,235.0,1,O=C1Nc2cc(OCC(F)(F)F)ccc2Oc2ccc(-c3ccnc(N4CCOCC4)c3)cc21,IC50
CHEMBL602074,4.769551078621726,17000.0,1,Cc1cc(C)c(/C=C2\C(=O)Nc3ccc(-c4cccnc4)cc32)[nH]1,IC50
CHEMBL6021500,9.267606240177031,0.54,1,CC(C)n1c(C(F)F)nc2cc(C(=O)Nc3ccc(OC(F)(F)Cl)cc3)cc(-c3ccn[nH]3)c21,IC50
CHEMBL6022103,9.387216143280265,0.41,1,C[C@H](O)Cn1cnc2cc(C(=O)Nc3ccc(OC(F)(F)Cl)cc3)cc(-c3cncnc3)c21,IC50
CHEMBL6023048,9.148741651280925,0.71,1,O=C(Nc1ccc(OC(F)(F)Cl)cc1)c1cc(-c2cncnc2)c2c(c1)ncn2[C@H]1COC[C@H]1O,IC50
CHEMBL6023916,7.259637310505756,55.0,1,O=C(Nc1cn2cc(-c3cnccc3Cl)ccc2n1)[C@@H]1C[C@@H]1F,IC50
CHEMBL6024074,6.978810700930062,105.0,1,CN(CCO)c1cc(-c2ccc3c(c2)C(=O)Nc2cc(OC(F)(F)F)ccc2O3)ccn1,IC50
CHEMBL602471,5.0,10000.0,1,C[C@@H](Oc1ccc2ncc(/C=C/C(N)=O)cc2c1)c1c(Cl)ccc(F)c1Cl,IC50
CHEMBL6025517,9.309803919971486,0.49,1,CCn1cnc2cc(C(=O)Nc3ccc(OC(F)(F)Cl)cc3)cc(-c3ccn[nH]3)c21,IC50
CHEMBL6025738,9.259637310505756,0.55,1,C[C@H](CO)n1cnc2cc(C(=O)Nc3ccc(OC(F)(F)Cl)cc3)cc(-c3cccnn3)c21,IC50
CHEMBL6027955,4.979224511806442,10490.0,1,O=C1Nc2cc(OC(F)(F)F)ccc2Oc2ccc(-c3cnn(CCN4CCOCC4)c3)cc21,IC50
CHEMBL6028082,5.029188389127482,9350.0,1,CN(C)CCn1cc(-c2ccc3c(c2)C(=O)Nc2cc(OC(F)(F)F)ccc2O3)cn1,IC50
CHEMBL6028270,6.259637310505756,550.0,1,O=C(Nc1cn2cc(-c3cc[nH]n3)ccc2n1)[C@@H]1C[C@@H]1F,IC50
CHEMBL6030053,9.214670164989233,0.61,1,C[C@@H](CC#N)n1cnc2cc(C(=O)Nc3ccc(OC(F)(F)Cl)cc3)cc(-c3cncnc3)c21,IC50
CHEMBL6030257,7.259637310505756,55.0,1,Cc1c(F)cccc1-c1ccc2nc(NC(=O)[C@@H]3C[C@@H]3F)c(Br)n2c1,IC50
CHEMBL6030749,9.221848749616356,0.6,1,C[C@@H]1COc2nc3cc(C(=O)Nc4ccc(OC(F)(F)Cl)cc4)cc(-c4ccn[nH]4)c3n21,IC50
CHEMBL6030812,7.259637310505756,55.0,1,CN(C)c1c(F)cccc1-c1ccc2nc(NC(=O)[C@@H]3C[C@@H]3F)cn2c1,IC50
CHEMBL6030952,9.10790539730952,0.78,1,O=C(Nc1ccc(OC(F)(F)Cl)cc1)c1cc(-c2cncnc2)c2c(c1)ncn2C[C@H]1CCCO1,IC50
CHEMBL6031756,5.329197715739056,4686.0,1,CC(C)(CO)n1cc(-c2ccc3c(c2)C(=O)Nc2cc(OC(F)(F)F)ccc2O3)cn1,IC50
CHEMBL6032245,4.779212223834125,16626.0,1,NCCNC(=O)c1cccc(-c2ccc3c(c2)C(=O)Nc2cc(OC(F)(F)F)ccc2N3)c1,IC50
CHEMBL6033775,9.522878745280337,0.3,1,C[C@@H]1CCOc2nc3cc(C(=O)Nc4ccc(OC(F)(F)Cl)cc4)cc(-c4cncnc4)c3n21,IC50
CHEMBL6036681,9.522878745280337,0.3,1,Cc1nc2cc(C(=O)Nc3ccc(OC(F)(F)Cl)cc3)cc(-c3cncnc3)c2n1C1CC1,IC50
CHEMBL6036907,9.42021640338319,0.38,1,O=C(Nc1ccc(OC(F)(F)Cl)cc1)c1cc(-c2ccn[nH]2)c2c(c1)nc1n2C[C@@H](O)CC1,IC50
CHEMBL6036939,6.528708288941061,296.0,1,CS(=O)(=O)Nc1cccc(-c2ccc3c(c2)C(=O)Nc2cc(OC(F)(F)F)ccc2O3)c1,IC50
CHEMBL6037248,9.431798275933005,0.37,1,O=C(Nc1ccc(OC(F)(F)Cl)cc1)c1cc(-c2cncnc2)c2c(c1)ncn2C1CCC1,IC50
CHEMBL6038246,9.207608310501746,0.62,1,O=C(Nc1ccc(OC(F)(F)Cl)cc1)c1cc(Br)c2c(c1)nc1n2CCS(=O)(=O)C1,IC50
CHEMBL6040814,6.029188389127482,935.0,1,CS(=O)(=O)Nc1ccc(-c2ccc3c(c2)C(=O)Nc2cc(OC(F)(F)F)ccc2O3)cc1,IC50
CHEMBL6040866,9.292429823902063,0.51,1,Cc1nc2cc(C(=O)Nc3ccc(OC(F)(F)Cl)cc3)cc(-c3cncnc3)c2n1[C@H](C)CO,IC50
CHEMBL6040906,6.373659632624958,423.0,2,Cc1cccc(F)c1-c1cc2sc(NC(=O)[C@@H]3C[C@@H]3F)nc2cn1,IC50
CHEMBL6043487,9.337242168318426,0.46,1,C[C@H](CC#N)n1cnc2cc(C(=O)Nc3ccc(OC(F)(F)Cl)cc3)cc(-c3cncnc3)c21,IC50
CHEMBL6043940,6.779891911959945,166.0,1,O=C1Nc2cc(CO)ccc2Oc2ccc(-c3ccnc(N4CCOCC4)c3)cc21,IC50
CHEMBL6044961,9.0,1.0,1,COc1nc2cc(C(=O)Nc3ccc(OC(F)(F)Cl)cc3)cc(-c3cccnn3)c2n1[C@H](C)CO,IC50
CHEMBL6045530,9.136677139879543,0.73,1,CCn1c(OC)nc2cc(C(=O)Nc3ccc(OC(F)(F)Cl)cc3)cc(-c3cccnn3)c21,IC50
CHEMBL6045901,9.200659450546418,0.63,1,CC(C)n1cnc2cc(C(=O)Nc3ccc(OC(F)(F)Cl)cc3)cc(-n3cnc(C4CC4)c3)c21,IC50
CHEMBL6047364,5.135133085671474,7326.0,2,Nc1ncnc2c1c(-c1ccc(Cl)cc1)nn2CC1CCNCC1,IC50
CHEMBL6047672,4.829210409553609,14818.0,1,O=C1Nc2cc(OC(F)(F)F)ccc2Oc2ccc(B(O)O)cc21,IC50
CHEMBL6049974,4.629209435480732,23485.0,1,O=C1Nc2cc(OC(F)(F)F)ccc2Oc2ccc(-c3cnn(CCO)c3)cc21,IC50
CHEMBL6050823,9.443697499232712,0.36,1,C[C@H](CF)n1cnc2cc(C(=O)Nc3ccc(OC(F)(F)Cl)cc3)cc(-c3ccn[nH]3)c21,IC50
CHEMBL6051966,5.274823698580863,5311.0,1,Cc1ccc(N(C)C(=O)OC(C)(C)C)c(F)c1-c1cnc2nc(NC(=O)C3C[C@@H]3F)sc2c1,IC50
CHEMBL6052249,8.97061622231479,1.07,1,O=C1C[C@@H](n2cnc3cc(C(=O)Nc4ccc(OC(F)(F)Cl)cc4)cc(-c4cncnc4)c32)CN1,IC50
CHEMBL6052865,9.4089353929735,0.39,1,C[C@@H]1C[C@H]1n1cnc2cc(C(=O)Nc3ccc(OC(F)(F)Cl)cc3)cc(-c3cncnc3)c21,IC50
CHEMBL6053095,7.595166283380062,25.4,2,Cc1cc(CO)ncc1-c1ccc2nc(NC(=O)[C@@H]3C[C@@H]3F)sc2c1,IC50
CHEMBL6053162,7.259637310505756,55.0,1,Cc1c(F)cccc1-c1ccc2nc(NC(=O)[C@@H]3C[C@@H]3F)c(C)n2c1,IC50
CHEMBL6055861,9.795880017344075,0.16,1,CC(C)n1cnc2cc(C(=O)Nc3ccc(OC(F)(F)Cl)cc3)cc(Br)c21,IC50
CHEMBL6056243,8.954677021213342,1.11,1,C[C@@H]1COCc2nc3cc(C(=O)Nc4ccc(OC(F)(F)Cl)cc4)cc(-c4cc(O)ccn4)c3n21,IC50
CHEMBL6057436,9.292429823902063,0.51,1,CC(C)n1cnc2cc(C(=O)Nc3ccc(OC(F)(F)Cl)cc3)cc(-c3cncc(F)c3)c21,IC50
CHEMBL6057982,7.318758762624412,48.0,1,O=C1Nc2cc(OC(F)(F)F)ccc2Oc2ccc(-c3ccnc(N4CC[C@H](O)C4)c3)cc21,IC50
CHEMBL6058150,7.939302159646388,11.5,2,Cc1cc(-c2ccc3nc(NC(=O)[C@@H]4C[C@@H]4F)sc3c2)sn1,IC50
CHEMBL6058323,7.536107011014093,29.1,1,Cc1ccc(NC(=O)c2ccc(CN3CCN(C)CC3)cc2)cc1Nc1nccc(-c2cncc(C3=NN=C(C(=O)Nc4cc(C(=O)N(C)C)n[nH]4)C3)c2)n1,IC50
CHEMBL6058826,8.00436480540245,9.9,2,Cc1ccc(-c2cc[nH]c2)cc1-c1ccc2nc(NC(=O)[C@@H]3C[C@@H]3F)sc2c1,IC50
CHEMBL6059579,9.013228265733755,0.97,1,C[C@H](CF)n1c(C(F)F)nc2cc(C(=O)Nc3ccc(OC(F)(F)Cl)cc3)cc(-c3cccnn3)c21,IC50
CHEMBL6059739,6.4698003017969175,339.0,2,Cc1cccc(F)c1-c1ccc2nc(NC(=O)C3CC(F)C3)sc2c1,IC50
CHEMBL6060645,6.73754891026957,183.0,1,Cc1ccc(NC(=O)C2=NN=C(c3cncc(-c4ccnc(Nc5cc(NC(=O)c6ccc(CN7CCN(C)CC7)cc6)ccc5C)n4)c3)C2)cc1,IC50
CHEMBL6060828,9.259637310505756,0.55,1,O=C(Nc1ccc(OC(F)(F)Cl)cc1)c1cc(-c2cccnn2)c2c(c1)nc1n2CC[C@@H](O)C1,IC50
CHEMBL6060934,7.1487416512809245,71.0,1,Cc1ccc(NC(=O)c2ccc(CN3CCN(C)CC3)cc2)cc1Nc1nccc(-c2cncc(-c3nncs3)c2)n1,IC50
CHEMBL606245,5.468521082957745,3400.0,1,Cc1c(Nc2c(C#N)cncc2/C=C/CCN2CCC[C@@H](N)C2)ccc2[nH]ccc12,IC50
CHEMBL6062622,9.481486060122112,0.33,1,C[C@@H](CO)n1cnc2cc(C(=O)Nc3ccc(OC(F)(F)Cl)cc3)cc(-c3ccn[nH]3)c21,IC50
CHEMBL6063431,9.200659450546418,0.63,1,CC(C)c1nc2cc(C(=O)Nc3ccc(OC(F)(F)Cl)cc3)cc(-c3cncnc3)c2n1C,IC50
CHEMBL6063478,6.847711655616943,142.0,2,Cc1cccc(F)c1-c1cc(F)c2nc(NC(=O)[C@@H]3C[C@@H]3F)sc2c1,IC50
CHEMBL6065289,5.82915179635669,1482.0,1,O=C1Nc2cc(OC(F)(F)F)ccc2Sc2ccc(-c3ccnc(N4CCOCC4)c3)cc21,IC50
CHEMBL6065458,9.2839966563652,0.52,1,CC(C)n1cnc2cc(C(=O)Nc3ccc(OC(F)(F)Cl)cc3)cc(-c3ccn[nH]3)c21,IC50
CHEMBL60816,5.920818753952375,1200.0,1,O=[N+]([O-])c1cccc(Nc2nccc(-c3ccccn3)n2)c1,IC50
CHEMBL6145305,6.766166585115566,171.33,1,Cc1nn(-c2ccc(F)cc2)c(-n2ccnc2)c1C(=O)NCc1cccnc1,IC50
CHEMBL6166766,8.619788758288394,2.4,1,C#Cc1cc(OC)c(-c2ccc3nc(NC(=O)NCCO)sc3c2)cc1C=O,IC50
CHEMBL6172486,6.632830511465319,232.9,1,Cc1cnc2c(-c3ccc(F)c4[nH]ncc34)c(N)c(=O)[nH]c2c1C,IC50
CHEMBL6173446,7.585026652029182,26.0,1,COc1cc(OC)c(Cl)c(-c2ccc3c(/C=C/c4ccc(C(=O)N5CCNCC5)cc4)n[nH]c3c2)c1Cl,IC50
CHEMBL6195920,5.099414413350038,7954.0,1,C=CC(=O)Nc1cccc(CNc2nc(Nc3ccc(N4CCN(CCNC(=O)CC5C6CC7CC(C6)CC5C7)CC4)cc3OC)ncc2Cl)c1,IC50
CHEMBL6195921,5.517126416391246,3040.0,1,C=CC(=O)Nc1cccc(CNc2nc(Nc3ccc(N4CCN(CCCNC(=O)CC5C6CC7CC(C6)CC5C7)CC4)cc3OC)ncc2Cl)c1,IC50
CHEMBL6195922,5.645315446045271,2263.0,1,C=CC(=O)Nc1cccc(CNc2nc(Nc3ccc(N4CCN(CCCNC(=O)CC5C6CC7CC(C6)CC5C7)CC4)cc3)ncc2Cl)c1,IC50
CHEMBL6195923,6.205511953340831,623.0,1,C=CC(=O)Nc1cccc(CNc2nc(Nc3ccc(N4CCN(CCCCNC(=O)CC5C6C[C@H]7CC5C[C@@H](C6)C7)CC4)cc3)ncc2Cl)c1,IC50
CHEMBL6195924,5.704872914747809,1973.0,1,C=CC(=O)Nc1cccc(CNc2nc(Nc3cnn(CCN4CCN(C(=O)CC5C6CC7CC(C6)CC5C7)CC4)c3)ncc2Cl)c1,IC50
CHEMBL6195925,8.413412695328246,3.86,1,C=CC(=O)Nc1cccc(CNc2nc(Nc3cnn(C4CCN(C(=O)CC5C6CC7CC(C6)CC5C7)CC4)c3)ncc2Cl)c1,IC50
CHEMBL6195926,5.643018599006869,2275.0,1,C=CC(=O)Nc1cccc(CNc2nc(Nc3cnn(C4CCN(CCNC(=O)CC5C6CC7CC(C6)CC5C7)CC4)c3)ncc2Cl)c1,IC50
CHEMBL685,5.3191360819912035,4800.0,2,COC(=O)Nc1nc2cc(C(=O)c3ccccc3)ccc2[nH]1,IC50
CHEMBL80030,4.301029995663981,50000.0,1,C=C(CN(C)C)C(=O)c1ccc(OS(=O)(=O)c2ccc(C(=O)O)cc2)cc1,IC50
CHEMBL83847,6.3979400086720375,400.0,1,CCN(CC)c1nc(SC)nc2c1cnn2CC(Cl)c1ccccc1,Ki
CHEMBL86943,4.721246399047171,19000.0,1,CCOC(=O)c1c(C)[nH]c(/C=C2\C(=O)Nc3ccccc32)c1C,IC50
CHEMBL939,5.920818753952375,1200.0,1,COc1cc2ncnc(Nc3ccc(F)c(Cl)c3)c2cc1OCCCN1CCOCC1,IC50
CHEMBL941,6.437808214640047,364.95,78,Cc1ccc(NC(=O)c2ccc(CN3CCN(C)CC3)cc2)cc1Nc1nccc(-c2cccnc2)n1,IC50
CHEMBL9514,6.1938200260161125,640.0,1,COC(=O)Nc1nc2cc(C(=O)c3cccs3)ccc2[nH]1,IC50
