molecule_chembl_id,pAct,value_nM,n_meas,smiles,std_type
CHEMBL101253,5.004977163157685,9886.7,8,Clc1ccc(Nc2nnc(Cc3ccncc3)c3ccccc23)cc1,IC50
CHEMBL101683,6.619788758288394,240.0,1,O=C(Nc1ccc(Cl)cc1)c1ccccc1NCc1ccncc1,IC50
CHEMBL102301,6.2011524070372435,1010.0,2,COc1cc2ncnc(N3CCN(/C(S)=N\Cc4ccc5c(c4)OCO5)CC3)c2cc1OC,IC50
CHEMBL102346,7.301029995663981,50.0,1,COc1cc2ncnc(N3CCN(C(=O)Nc4ccc(Oc5ccccc5)cc4)CC3)c2cc1OC,IC50
CHEMBL104067,7.301029995663981,50.0,1,COc1cc2ncnc(N3CCN(C(=O)Nc4ccc(C(C)C)cc4)CC3)c2cc1OC,IC50
CHEMBL106966,6.318758762624412,480.0,1,COc1cc2ncnc(N3CCN(C(=O)Nc4ccc(C#N)cc4)CC3)c2cc1OC,IC50
CHEMBL107599,7.795880017344075,16.0,1,COc1cc2c(N3CCN(C(=O)Nc4ccc(OC(C)C)cc4)CC3)ncnc2cc1OCCCN1CCCCC1C,IC50
CHEMBL1079113,7.366531544420414,43.0,1,Cc1ccc(-c2ccnc(Nc3cc(NC(=O)c4ccc(CN5CCN(C)CC5)cc4)ccc3C)n2)cn1,IC50
CHEMBL1081022,6.698970004336019,200.0,1,Cc1ccccc1NC(=O)Nc1ccc(-c2c(C)sc3ncnc(N)c23)c(Cl)c1,IC50
CHEMBL1081831,6.958607314841775,110.0,1,N[C@H](CNc1ncc(-c2ccc3c(c2)CC(=O)N3)s1)Cc1ccc(C(F)(F)F)cc1,IC50
CHEMBL1085511,7.050609993355087,89.0,1,CC(C)COC(=O)Nc1ccc(-c2cnc3c(-c4ccc(N5CCN(C)CC5)cc4)cnn3c2N)cc1,IC50
CHEMBL1094408,5.720333055951545,1904.0,1,COc1ccc(N2CCN(C)CC2)cc1Nc1ncc2c(n1)-c1c(c(C(N)=O)nn1C)CC2,IC50
CHEMBL1171364,5.33037368298365,8500.0,2,COc1ccc(/C=C2\Oc3cc(O)ccc3C2=O)cc1,IC50
CHEMBL1171837,7.9898193586761455,10.55,10,Cc1ccc(C(=O)Nc2ccc(CN3CCN(C)CC3)c(C(F)(F)F)c2)cc1C#Cc1cnc2cccnn12,IC50
CHEMBL1172815,7.841637507904751,14.4,1,Cc1ccc(NC(=O)Nc2ccc3c(c2)NC(=O)/C3=C\c2ccc[nH]2)cc1,IC50
CHEMBL1172837,8.142667503568731,7.2,1,O=C(Nc1ccc(-c2ccccc2)cc1)Nc1ccc2c(c1)NC(=O)/C2=C\c1ccc[nH]1,IC50
CHEMBL1172886,8.045757490560675,9.0,1,O=C(Nc1ccc(Cl)cc1)Nc1ccc2c(c1)NC(=O)/C2=C\c1ccc[nH]1,IC50
CHEMBL1172887,7.790484985457369,16.2,1,O=C(Nc1ccc(Oc2ccccc2)cc1)Nc1ccc2c(c1)NC(=O)/C2=C\c1ccc[nH]1,IC50
CHEMBL1172957,5.8696662315049934,1350.0,1,NS(=O)(=O)c1ccc(Nc2nc(N3CCOCC3)nc3[nH]cnc23)cc1,IC50
CHEMBL1173107,8.221848749616356,6.0,1,Cc1[nH]c(/C=C2\C(=O)Nc3cc(NC(=O)Nc4ccccc4)ccc32)c(C)c1C(=O)O,IC50
CHEMBL1173149,8.823908740944319,1.5,1,COc1ccc(NC(=O)Nc2ccc3c(c2)NC(=O)/C3=C\c2ccc[nH]2)cc1,IC50
CHEMBL1173174,8.481486060122112,3.3,1,COc1ccc(NC(=O)Nc2ccc3c(c2)NC(=O)/C3=C\c2[nH]c(C)c(C(=O)O)c2C)cc1,IC50
CHEMBL1173411,8.508638306165727,3.1,1,COc1ccc(NC(=O)Nc2ccc3c(c2)NC(=O)/C3=C\c2[nH]cc(C(=O)O)c2C)cc1,IC50
CHEMBL1173482,8.292429823902063,5.1,1,O=C(Nc1ccccc1)Nc1ccc2c(c1)NC(=O)/C2=C\c1ccc[nH]1,IC50
CHEMBL1173541,8.346787486224656,4.5,1,COc1ccc(NC(=O)Nc2ccc3c(c2)NC(=O)/C3=C\c2[nH]c(C)c(CCC(=O)O)c2C)cc1,IC50
CHEMBL1190711,6.499996931948306,316.23,1,COc1ccc(-c2cc3nccn3c(Nc3ncccc3C(N)=O)n2)cc1OC,Ki
CHEMBL123,6.698970004336019,200.0,2,Cc1c2ccncc2c(C)c2c1[nH]c1ccccc12,IC50
CHEMBL1230609,8.173925197299173,6.7,9,COc1cc2c(Oc3ccc(NC(=O)C4(C(=O)Nc5ccc(F)cc5)CC4)cc3F)ccnc2cc1OCCCN1CCOCC1,IC50
CHEMBL124035,6.721246399047171,190.0,1,COCCOc1cc2ncnc(N3CCN(C(=O)Nc4ccc(OC(C)C)cc4)CC3)c2cc1OC,IC50
CHEMBL1241473,6.299997602857746,501.19,1,COc1cc(Nc2ncc([N+](=O)[O-])c(Nc3ccccc3C(N)=O)n2)cc(OC)c1OC,Ki
CHEMBL1242107,7.36997914888659,42.66,1,COC(=O)c1cccc(NC(=O)Nc2ccc(-c3c(C)sc4ncnc(N)c34)cc2)c1,IC50
CHEMBL1242977,5.8696662315049934,1350.0,1,CNc1nccc(-c2cccnc2Oc2ccc(NC(=O)c3cccc(C(F)(F)F)c3)cc2C)n1,IC50
CHEMBL124660,5.0,10000.0,10,COc1cc2c(N3CCN(C(=O)Nc4ccc(OC(C)C)cc4)CC3)ncnc2cc1OCCCN1CCCCC1,IC50
CHEMBL1254007,6.769551078621726,170.0,1,Cn1ccc2ncnc(Oc3ccc(NC(=O)Nc4cccc(C(F)(F)F)c4)c(F)c3)c21,IC50
CHEMBL1258603,7.356547323513812,44.0,1,Cc1cc(C=C2C(=O)Nc3ccc(F)cc32)c2ccccc(OCCN3CCC[C@H]3CO)c1-2,IC50
CHEMBL1258913,7.455931955649724,35.0,1,O=C(Nc1n[nH]c2cc(C(=O)N[C@H](CN3CCCC3)c3ccccc3)sc12)c1ccc(N2CCOCC2)cc1,IC50
CHEMBL125898,7.221848749616356,60.0,1,COc1cc2c(N3CCN(C(=O)Nc4ccc(OC(C)C)cc4)CC3)ncnc2cc1OCCCN1CCOCC1,IC50
CHEMBL126699,8.221848749616356,6.0,1,COc1cc2c(N3CCN(C(=O)Nc4ccc(C#N)cc4)CC3)ncnc2cc1OCCCN1CCCCC1C,IC50
CHEMBL1276890,8.522878745280337,3.0,1,Cc1c(/C=C2\C(=O)Nc3ccc(F)cc32)[nH]c2c1C(=O)N(CCN1CCCC1)CC2,IC50
CHEMBL1276891,9.0,1.0,1,Cc1c(/C=C2\C(=O)Nc3ccc(F)cc32)[nH]c2c1C(=O)N(CCN1CCOCC1)CC2,IC50
CHEMBL1276980,9.0,1.0,1,Cc1c(/C=C2\C(=O)Nc3ccc(F)cc32)[nH]c2c1C(=O)N(C[C@H](O)CN1CCOCC1)CC2,IC50
CHEMBL1276981,8.397940008672037,4.0,1,CCN(CC)CCN1CCCc2[nH]c(/C=C3\C(=O)Nc4ccc(F)cc43)c(C)c2C1=O,IC50
CHEMBL1277071,8.397940008672037,4.0,1,Cc1c(/C=C2\C(=O)Nc3ccc(F)cc32)[nH]c2c1C(=O)N(CCN1CCOCC1)CCC2,IC50
CHEMBL1277072,8.096910013008056,8.0,1,Cc1c(/C=C2\C(=O)Nc3ccc(F)cc32)[nH]c2c1C(=O)N(C[C@H](O)CN1CCOCC1)CCC2,IC50
CHEMBL1277161,8.045757490560675,9.0,1,CCN(CC)CCN1CCCCc2[nH]c(/C=C3\C(=O)Nc4ccc(F)cc43)c(C)c2C1=O,IC50
CHEMBL1278146,8.698970004336019,2.0,1,CCN(CC)CCN1CCc2[nH]c(/C=C3\C(=O)Nc4ccc(F)cc43)c(C)c2C1=O,IC50
CHEMBL1278147,8.397940008672037,4.0,1,CCN(CC)CCN1CCc2[nH]c(/C=C3\C(=O)Nc4ccc(Cl)cc43)c(C)c2C1=O,IC50
CHEMBL1278233,8.397940008672037,4.0,1,CCN(CC)CCN1CCc2[nH]c(/C=C3\C(=O)Nc4ccc(Br)cc43)c(C)c2C1=O,IC50
CHEMBL1278234,9.0,1.0,1,Cc1c(/C=C2\C(=O)Nc3ccc(F)cc32)[nH]c2c1C(=O)N(CCN(C)C)CC2,IC50
CHEMBL1289467,7.966576244513051,10.8,1,COc1ccc(-c2c[nH]c3ncc(-c4cncc(N)c4)cc23)cc1OC,IC50
CHEMBL1289468,6.90031935889075,125.8,1,COc1ccc(-c2c[nH]c3ncc(-c4cccc(NS(=O)(=O)c5ccccc5)c4)cc23)cc1OC,IC50
CHEMBL1289494,7.9478588964527805,39.815,2,COc1cc2nccc(Oc3ccc(NC(=O)Nc4cc(C)on4)c(Cl)c3)c2cc1OC,IC50
CHEMBL1289601,7.070581074285707,85.0,1,COc1cc2nccc(Oc3ccc(NC(=O)NC4CC4)c(Cl)c3)c2cc1C(N)=O,IC50
CHEMBL1289926,8.769551078621726,1.7,2,CNC(=O)c1ccccc1Sc1ccc2c(/C=C/c3ccccn3)n[nH]c2c1,IC50
CHEMBL1290790,6.460923901207224,346.0,1,COc1ccc(-c2c[nH]c3ncc(-c4cncc(NS(=O)(=O)c5ccccc5)c4)cc23)cc1OC,IC50
CHEMBL1336,7.167491087293763,68.0,9,CNC(=O)c1cc(Oc2ccc(NC(=O)Nc3ccc(Cl)c(C(F)(F)F)c3)cc2)ccn1,IC50
CHEMBL13485,8.0,10.0,1,CCN(CC)CCNC(=O)c1c(C)[nH]c(/C=C2\C(=O)Nc3ccc(Cl)cc32)c1C,IC50
CHEMBL1421,6.0,1000.0,8,Cc1nc(Nc2ncc(C(=O)Nc3c(C)cccc3Cl)s2)cc(N2CCN(CCO)CC2)n1,IC50
CHEMBL1448,4.555955204081924,27800.0,1,O=C(Nc1ccc([N+](=O)[O-])cc1Cl)c1cc(Cl)ccc1O,IC50
CHEMBL150894,7.2441251443275085,57.0,1,CC(C)OCc1ccc2c(c1)c1c3c(c4c(c1n2CCCO)Cc1ccccc1-4)C(=O)NC3,IC50
CHEMBL153843,6.627087997029894,236.0,1,O=C(Nc1cccc(C(F)(F)F)c1)c1ccccc1NCc1ccncc1,IC50
CHEMBL1564355,5.70446769648675,4150.0,2,COc1c(O)c(O)c2oc(-c3ccccc3)cc(=O)c2c1OC,IC50
CHEMBL1614710,7.5376020021010435,29.0,3,O=C(Nc1ccc(OC(F)(F)F)cc1)c1sccc1NCc1ccnc2ccccc12,IC50
CHEMBL1614712,5.341072755334265,4800.0,2,Nc1ncnc2c1c(-c1cccc(OCc3ccccc3)c1)cn2[C@H]1C[C@@H](CN2CCC2)C1,IC50
CHEMBL1642,6.693608071640132,255.0,2,CS(=O)(=O)O.Cc1ccc(NC(=O)c2ccc(CN3CCN(C)CC3)cc2)cc1Nc1nccc(-c2cccnc2)n1,IC50
CHEMBL1651521,6.171984935776023,673.0,1,COc1cc(O)c2c(c1)CCC[C@H](O)CC(=O)/C=C\C[C@H](C)OC2=O,IC50
CHEMBL1651522,5.119186407719209,7600.0,1,COc1cc(O)c2c(c1)CCC[C@H](O)CC(=O)/C=C/C[C@H](C)OC2=O,IC50
CHEMBL1651523,5.3872161432802645,4100.0,1,COc1cc(O)c2c(c1)CCCCCC(=O)/C=C\C[C@H](C)OC2=O,IC50
CHEMBL1668411,8.017728766960431,9.6,1,COc1cc(O)c2c(c1)/C=C/C[C@@H](O)[C@H](O)C(=O)/C=C\C[C@H](C)OC2=O,IC50
CHEMBL1668413,4.327902142064283,47000.0,1,COc1cc(O)c2c(c1)CCCCCC(=O)C[C@H](Cl)C[C@H](C)OC2=O,IC50
CHEMBL1668414,5.552841968657781,2800.0,1,COc1cc(O)c2c(c1)/C=C/CCCC(=O)C[C@H](Br)C[C@H](C)OC2=O,IC50
CHEMBL1668415,4.958607314841775,11000.0,1,COc1cc(O)c2c(c1)CCCCCC(=O)C[C@H](Br)C[C@H](C)OC2=O,IC50
CHEMBL1668416,4.0,100000.0,1,COc1cc(O)c2c(c1)/C=C\CCCC(=O)C[C@H](Cl)C[C@H](C)OC2=O,IC50
CHEMBL1668417,4.0915149811213505,81000.0,1,COc1cc(O)c2c(c1)/C=C\CCCC(=O)C[C@H](Br)C[C@H](C)OC2=O,IC50
CHEMBL1668418,5.886056647693163,1300.0,1,COc1cc(O)c2c(c1)/C=C/CCCC(=O)/C=C/C[C@H](C)OC2=O,IC50
CHEMBL1668419,5.886056647693163,1300.0,1,COc1cc(O)c2c(c1)CCCCCC(=O)/C=C/C[C@H](C)OC2=O,IC50
CHEMBL1668420,5.853871964321762,1400.0,1,COc1cc(O)c2c(c1)/C=C\CCCC(=O)/C=C/C[C@H](C)OC2=O,IC50
CHEMBL16699,7.198970004336019,205.0,4,Cc1c2cc[n+](C)cc2c(C)c2c1[nH]c1ccc(O)cc12,IC50
CHEMBL1681932,6.289882634888183,513.0,1,CCNC(=O)Nc1ccc(Oc2ncnc(N)c2/C=N/OC)cc1Cl,IC50
CHEMBL169390,7.366531544420414,43.0,1,Nc1ncnc2c1c(-c1cccc(O)c1)cn2C1CCCC1,IC50
CHEMBL1725279,5.899998417198648,1258.93,1,Oc1c2ccccc2c2c3c(cccc13)N=N2,Ki
CHEMBL1738757,6.317854923626168,481.0,1,CNC(=O)c1cc(Oc2ccc(NC(=O)Nc3cc(C(C)(C)C)nn3-c3ccc4ncccc4c3)c(F)c2)ccn1,IC50
CHEMBL1765097,7.920818753952375,12.0,1,O=C(Nc1cc(-c2ccncc2)c[nH]c1=O)c1ccc(N2CCCCC2)cc1,Ki
CHEMBL1765715,6.610833915635467,245.0,1,Cc1ccc(NC(=O)c2ccc(CCl)cc2)cc1Nc1nccc(-c2cccnc2)n1,IC50
CHEMBL1765716,6.103473782510445,788.0,1,Cc1ccc(NC(=O)c2ccc(CN)cc2)cc1Nc1nccc(-c2cccnc2)n1,IC50
CHEMBL1765717,6.103473782510445,788.0,1,Cc1ccc(NC(=O)c2ccc(CNC(=O)CCl)cc2)cc1Nc1nccc(-c2cccnc2)n1,IC50
CHEMBL1765718,5.326979092871103,4710.0,1,C/C=C/C(=O)NCc1ccc(C(=O)Nc2ccc(C)c(Nc3nccc(-c4cccnc4)n3)c2)cc1,IC50
CHEMBL1765719,5.562249437179612,2740.0,1,C=C(C)C(=O)NCc1ccc(C(=O)Nc2ccc(C)c(Nc3nccc(-c4cccnc4)n3)c2)cc1,IC50
CHEMBL1765770,7.568636235841013,27.0,1,CC(C)(C)c1ccc(C(=O)Nc2cc(-c3ccncc3)c[nH]c2=O)cc1,Ki
CHEMBL1765772,7.337242168318426,46.0,1,CN(C)c1ccc(C(=O)Nc2cc(-c3ccncc3)c[nH]c2=O)cc1,Ki
CHEMBL1765774,7.920818753952375,12.0,1,CNc1cc(-c2c[nH]c(=O)c(NC(=O)c3ccc(N4CCCCC4)cc3)c2)ccn1,Ki
CHEMBL1765775,7.080921907623926,83.0,1,CNc1cc(-c2c[nH]c(=O)c(NC(=O)c3ccc(N4CCCCC4)cc3)c2)ncn1,Ki
CHEMBL1765776,7.0915149811213505,81.0,1,CNc1cccc(-c2c[nH]c(=O)c(NC(=O)c3ccc(N4CCCCC4)cc3)c2)c1,Ki
CHEMBL1765777,6.8297382846050425,148.0,1,CNc1cccc(-c2c[nH]c(=O)c(NC(=O)c3ccc(N4CCCCC4)cc3)c2)n1,Ki
CHEMBL1765779,6.809668301829708,155.0,1,CNc1cncc(-c2c[nH]c(=O)c(NC(=O)c3ccc(N4CCCCC4)cc3)c2)n1,Ki
CHEMBL1765780,6.568636235841013,270.0,1,CNc1cncc(-c2c[nH]c(=O)c(NC(=O)c3ccc(N4CCCCC4)cc3)c2)c1,Ki
CHEMBL1765781,6.698970004336019,200.0,2,CNc1cncc(-c2c[nH]c(=O)c(NC(=O)c3ccc(N4CCC[C@H]4CN4CCCC4)cc3)c2)n1,Ki
CHEMBL1765782,5.886056647693163,1300.0,1,CNc1cncc(-c2c[nH]c(=O)c(NC(=O)c3ccc(N4CCC[C@H]4CN4CCCC4)cc3)c2)c1,Ki
CHEMBL1765783,6.3979400086720375,400.0,1,CNc1cc(F)cc(-c2c[nH]c(=O)c(NC(=O)c3ccc(N4CCC[C@H]4CN4CCCC4)cc3)c2)c1,Ki
CHEMBL1765784,6.3979400086720375,400.0,1,CNc1cc(C#N)cc(-c2c[nH]c(=O)c(NC(=O)c3ccc(N4CCC[C@H]4CN4CCCC4)cc3)c2)c1,Ki
CHEMBL1779201,7.0762380391713,83.9,1,CC1(C)c2cc(N3CCN(C4COC4)CC3)ccc2C(=O)c2c1[nH]c1cc(C#N)ccc21,IC50
CHEMBL1782075,6.1555228242543185,699.0,3,c1ccc(Cc2cnc(N3CCN(c4ncnc5ccccc45)CC3)nc2)cc1,IC50
CHEMBL178455,7.3979400086720375,40.0,1,COc1cc2nccc(Oc3ccc(NC(=O)Nc4ccc(F)cc4F)c(F)c3)c2cc1OC,IC50
CHEMBL1784625,7.240585162194451,80.8,4,Cc1ccc(C(=O)Nc2ccc(CN3CCN(C)CC3)c(C(F)(F)F)c2)cc1C#Cc1cccnc1,IC50
CHEMBL1823219,7.302770657240282,49.8,1,Cc1cc2c(cc1N1CCN(C3COC3)CC1)C(C)(C)c1[nH]c3cc(C#N)ccc3c1C2=O,IC50
CHEMBL1823220,5.615825861192967,2422.0,1,C#Cc1cc2c(cc1N1CCN(C3COC3)CC1)C(C)(C)c1[nH]c3cc(C#N)ccc3c1C2=O,IC50
CHEMBL1833992,6.4300604567993815,1180.0,2,COc1ccc(N2CCOCC2)cc1Nc1nc(N)n(-c2ccccn2)n1,IC50
CHEMBL1834657,5.863412522438899,1625.5,2,CCN1CCN(c2ccc(Nc3cc(N(C)C(=O)Nc4c(Cl)c(OC)cc(OC)c4Cl)ncn3)cc2)CC1.O=P(O)(O)O,IC50
CHEMBL1835740,8.045757490560675,9.0,1,COc1ccc(Nc2nc(N)n(-c3ccccn3)n2)cc1OC,Ki
CHEMBL1835741,7.920818753952375,12.0,1,COc1ccccc1Nc1nc(N)n(-c2ccccn2)n1,Ki
CHEMBL1835743,6.775492341826107,398.5,2,Nc1nc(Nc2cc(N3CCOCC3)ccc2F)nn1-c1ccccn1,IC50
CHEMBL1835745,6.688246138944246,205.0,1,COc1cc(N2CCOCC2)ccc1Nc1nc(N)n(-c2ccc(C#N)cn2)n1,Ki
CHEMBL1835746,6.252089123307048,715.0,2,COc1ccccc1Nc1nc(N)n(-c2cc(NCCN(C)C)ncn2)n1,IC50
CHEMBL1835747,7.7447274948966935,18.0,2,Nc1nc(Nc2ccc(N3CCOCC3)cc2)nn1-c1ccccn1,IC50
CHEMBL1835749,7.529244283682798,30.5,2,Nc1nc(Nc2ccc(C(=O)NCCN3CCOCC3)cc2)nn1-c1ccccn1,IC50
CHEMBL1835863,7.6777807052660805,21.0,1,Nc1nc(Nc2ccc(C(=O)N3CCOCC3)cc2)nn1-c1ccccn1,Ki
CHEMBL1835864,8.0,10.0,1,Nc1nc(Nc2cccc(C(=O)N3CCOCC3)c2)nn1-c1ccccn1,Ki
CHEMBL1835865,6.619788758288394,240.0,1,CC(=O)Nc1ccc(Nc2nc(N)n(-c3ccccn3)n2)cc1,Ki
CHEMBL1835866,6.7447274948966935,180.0,1,CC(=O)Nc1cccc(Nc2nc(N)n(-c3ccccn3)n2)c1,Ki
CHEMBL1835867,8.397940008672037,4.0,1,CN1CCC(c2ccc(Nc3nc(N)n(-c4ccccn4)n3)cc2)CC1,IC50
CHEMBL1835870,8.397940008672037,4.0,2,Nc1nc(Nc2ccc([C@H]3CC[C@H](N4CCOCC4)CC3)cc2)nn1-c1ccccn1,IC50
CHEMBL1852688,5.863412522438899,1625.5,2,CCN1CCN(c2ccc(Nc3cc(N(C)C(=O)Nc4c(Cl)c(OC)cc(OC)c4Cl)ncn3)cc2)CC1,IC50
CHEMBL1908391,6.698970004336019,200.0,1,Cc1ccc(NC(=O)c2ccc(CN3CCN(C)CC3)cc2)cc1Nc1nc(-c2cccnc2)cs1,IC50
CHEMBL1908396,5.014977734094041,9666.75,6,COc1cc(Oc2ccnc3cc(OC)c(OC)cc23)ccc1NC(=O)NC(C)c1nccs1,IC50
CHEMBL1908842,7.844123069472123,23.0,2,CN(C)CC(=O)N1CCC(c2ccc(NC(=O)c3nc(C#N)c[nH]3)c(C3=CCCCC3)c2)CC1,IC50
CHEMBL191003,7.100015437450609,79.43,1,Nc1nc(Nc2ccc(S(N)(=O)=O)cc2)nn1C(=O)c1c(F)cccc1F,Ki
CHEMBL1910892,5.955852379121277,1107.0,1,Oc1ccc(-c2ccc3c(-c4ccc(N5CCNCC5)cc4)c[nH]c3n2)cc1,IC50
CHEMBL1910893,8.154901959985743,7.0,1,Oc1ccc(-c2ccc3c(-c4ccc(N5CCNCC5)cc4)n[nH]c3n2)cc1,IC50
CHEMBL1940180,5.5241835869686815,2991.0,1,CC1(C)c2cc(N3CCC(N4CCOCC4)CC3)ccc2C(=O)c2c1[nH]c1cc(C#N)ccc21,IC50
CHEMBL1940181,5.975925012692573,1057.0,1,Cc1cc2c(cc1N1CCC(N3CCOCC3)CC1)C(C)(C)c1[nH]c3cc(C#N)ccc3c1C2=O,IC50
CHEMBL194236,7.318758762624412,48.0,3,Cc1sc2ncnc(N)c2c1-c1ccc(NC(=O)Nc2ccc(Br)cc2)cc1,IC50
CHEMBL194321,6.958607314841775,110.0,3,Cc1sc2ncnc(N)c2c1-c1ccc(NC(=O)Nc2ccccc2Cl)cc1,IC50
CHEMBL194366,6.7447274948966935,180.0,3,COc1cc(NC(=O)Nc2cccc(C)c2)ccc1-c1csc2ncnc(N)c12,IC50
CHEMBL194474,6.610924374808178,250.0,2,Cc1c2ccncc2c(C)c2c1[nH]c1ccc(Br)cc12,IC50
CHEMBL1945170,7.200659450546418,63.0,1,CN(C)CCCc1cccc(Nc2ncc3c(n2)-c2ccc(Cl)cc2NC(=S)C3)c1,IC50
CHEMBL1945171,6.795880017344075,160.0,1,Cc1ccc(CCCN(C)C)cc1Nc1ncc2c(n1)-c1ccc(Cl)cc1NC(=S)C2,IC50
CHEMBL1945172,6.142667503568732,720.0,1,CN(C)CCCc1ccc(Cl)c(Nc2ncc3c(n2)-c2ccc(Cl)cc2NC(=S)C3)c1,IC50
CHEMBL1945173,5.958607314841775,1100.0,1,COc1ccc(CCCN(C)C)cc1Nc1ncc2c(n1)-c1ccc(Cl)cc1NC(=S)C2,IC50
CHEMBL1945497,5.585026652029182,2600.0,1,CN(C)CCCc1ccc(OC(F)(F)F)c(Nc2ncc3c(n2)-c2ccc(Cl)cc2NC(=S)C3)c1,IC50
CHEMBL1945498,5.638272163982407,2300.0,1,CN(C)CCCc1ccc(C(F)(F)F)c(Nc2ncc3c(n2)-c2ccc(Cl)cc2NC(=S)C3)c1,IC50
CHEMBL1945803,7.698970004336019,20.0,1,CN(C)CCCc1cncc(Nc2ncc3c(n2)-c2ccc(Cl)cc2NC(=S)C3)c1,IC50
CHEMBL1945804,6.214670164989233,610.0,1,Cc1ncc(CCCN(C)C)cc1Nc1ncc2c(n1)-c1ccc(Cl)cc1NC(=S)C2,IC50
CHEMBL1946170,6.882728704344236,131.0,13,CNC(=O)c1cc(Oc2ccc(NC(=O)Nc3ccc(Cl)c(C(F)(F)F)c3)c(F)c2)ccn1,IC50
CHEMBL194842,6.236572006437063,580.0,3,Cc1cccc(NC(=O)Nc2ccc(-c3c(CN4CCOCC4)sc4ncnc(N)c34)cc2)c1,IC50
CHEMBL195828,7.366531544420414,43.0,2,CCOC(=O)c1cccc(NC(=O)Nc2ccc(-c3c(C)sc4ncnc(N)c34)cc2)c1,IC50
CHEMBL195955,7.300509466670935,50.06,2,Cc1sc2ncnc(N)c2c1-c1ccc(NC(=O)Nc2cccc(Br)c2)cc1,IC50
CHEMBL196363,8.221848749616356,6.0,5,Cc1cccc(NC(=O)Nc2ccc(-c3csc4ncnc(N)c34)cc2)c1,IC50
CHEMBL1964692,7.400007822415902,39.81,1,Cn1nc(N)c2c(-c3ccc(NC(=O)Nc4cccc(C(F)(F)F)c4)cc3)cncc21,Ki
CHEMBL196499,7.481486060122112,33.0,3,Cc1sc2ncnc(N)c2c1-c1ccc(NC(=O)Nc2ccc(F)cc2)cc1,IC50
CHEMBL1965570,6.0999990348465305,794.33,1,Nc1ncc(-c2ccoc2)c2scc(-c3ccc(NC(=O)Nc4ccccc4F)cc3)c12,Ki
CHEMBL1965988,7.100015437450609,79.43,1,Cc1cccc(NC(=O)Nc2ccc(-c3csc4c(C#CCN)cnc(N)c34)cc2)c1,Ki
CHEMBL196615,7.267606240177032,54.0,3,Cc1cccc(NC(=O)Nc2ccc(-c3csc4ncnc(N)c34)cc2Cl)c1,IC50
CHEMBL196636,6.0915149811213505,810.0,3,Cc1cccc(NC(=O)Nc2ccc(-c3c(CCN(C)C)sc4ncnc(N)c34)cc2)c1,IC50
CHEMBL1966514,7.299988937677887,50.12,1,Nc1ncc(-c2ccoc2)c2scc(-c3ccc(NC(=O)Nc4cccc(F)c4)cc3)c12,Ki
CHEMBL1966524,6.199998172182031,630.96,1,NC(COc1cncc(-c2cc3ccncc3s2)c1)Cc1c[nH]c2ccccc12,Ki
CHEMBL1966836,8.79997073344623,1.585,1,Cn1nc(N)c2c(-c3ccc(NC(=O)Nc4ccc(F)c(C(F)(F)F)c4)cc3)ccnc21,Ki
CHEMBL1967116,9.0,1.0,1,Cc1cccc(NC(=O)Nc2ccc(-c3csc4c(-c5cnn(C)c5)cnc(N)c34)cc2)c1,Ki
CHEMBL196747,7.569280590144537,26.96,2,Cc1sc2ncnc(N)c2c1-c1ccc(NC(=O)Nc2cccc(F)c2)cc1,IC50
CHEMBL1967720,7.400007822415902,39.81,1,CC(C)(C(N)=O)n1cc(-c2cnc(N)c3c(-c4ccc(NC(=O)Nc5cccc(F)c5)cc4)csc23)cn1,Ki
CHEMBL1967878,6.799998134593398,158.49,1,Cc1cc(Nc2ncc(F)c(NC3C4C=CC(C4)C3C(N)=O)n2)ccc1N1CCN(C)CC1,Ki
CHEMBL1968590,6.299997602857746,501.19,1,CNC(=O)C=Cc1cnc(N)c2c(-c3ccc4sc(C)nc4c3)csc12,Ki
CHEMBL1968791,6.299997602857746,501.19,1,Cc1c(-c2cccc(OCc3ccccc3)c2)c2c(N)ncnc2n1C1CC(CN2CCCC2)C1,Ki
CHEMBL1969102,8.368556230986828,4.28,3,Cc1cccc(NC(=O)Nc2ccc(-c3csc4c(-c5cn[nH]c5)cnc(N)c34)cc2)c1,IC50
CHEMBL1969502,6.299997602857746,501.19,1,O=C1NN=Cc2c[nH]c3cc(NC(=O)C4CC4c4ccccc4)cc1c23,Ki
CHEMBL1970074,6.399996913372259,398.11,1,Cc1n[nH]c2cccc(-c3ccc(NC(=O)Nc4cccc(C(F)(F)F)c4)cc3)c12,Ki
CHEMBL1970083,7.199970640755866,63.1,1,Nc1ncc(-c2ccncc2)c2scc(-c3ccc(NC(=O)Nc4cc(C(F)(F)F)ccc4F)cc3)c12,Ki
CHEMBL1970142,8.100015437450608,7.943,1,CNC(=O)C(C)n1cc(-c2cnc(N)c3c(-c4ccc(NC(=O)Nc5ccc(C)cc5)cc4)csc23)cn1,Ki
CHEMBL1971029,7.100015437450609,79.43,1,CNS(=O)(=O)c1ccccc1Nc1nc(Nc2cc(N3CCN(C(C)=O)CC3)ccc2OC)ncc1Br,Ki
CHEMBL1971245,6.0999990348465305,794.33,1,CN1CCN(c2cccc(Nc3nccc(-c4c(C(N)=O)nc5ccccn45)n3)c2)CC1,Ki
CHEMBL1971943,6.499996931948306,316.23,1,Cc1c[nH]c2nccc(Oc3c(F)cc(Nc4cc(Cl)nc(N)n4)cc3F)c12,Ki
CHEMBL1971947,8.0,10.0,1,Cc1cccc(NC(=O)Nc2ccc(-c3csc4c(C#Cc5cccnc5)cnc(N)c34)cc2)c1,Ki
CHEMBL1973178,8.79997073344623,1.585,1,COc1ccc(-c2ccc(NC(=O)Nc3ccc(OC(F)(F)F)cc3)cc2)c2c(N)noc12,Ki
CHEMBL1973211,7.79997073344623,15.85,1,Cc1cccc(NC(=O)Nc2ccc(-c3csc4c(C#CCN5CCCC5)cnc(N)c34)cc2)c1,Ki
CHEMBL197353,7.430919728918205,37.075,2,Cc1cccc(NC(=O)Nc2ccc(-c3c(CCO)sc4ncnc(N)c34)cc2)c1,IC50
CHEMBL1973937,6.599997654072044,251.19,1,Cc1ccc(-c2ccc(NC(=O)Nc3cccc(Br)c3)cc2)c2c(N)n[nH]c12,Ki
CHEMBL1974254,8.100015437450608,7.943,1,CCOc1ccc(NC(=O)Nc2ccc(-c3csc4c(-c5cnn(C)c5)cnc(N)c34)cc2)cc1,Ki
CHEMBL197585,7.261439372640169,155.0,4,CCN(CC)CC[n+]1ccc2c(C)c3[nH]c4ccc(O)cc4c3c(C)c2c1,IC50
CHEMBL197592,7.492420754369929,32.18,2,Cc1sc2ncnc(N)c2c1-c1ccc(NC(=O)Nc2ccccc2)cc1,IC50
CHEMBL197610,6.122062572163754,1100.0,4,CCN(CC)CCCNc1nccc2c(C)c3[nH]c4ncccc4c3cc12,IC50
CHEMBL1976220,6.399996913372259,398.11,1,Nc1nccc2scc(-c3ccc(NC(=O)Nc4cccc(Br)c4)cc3)c12,Ki
CHEMBL197635,6.795880017344075,160.0,3,Cc1cccc(NC(=O)Nc2ccc(-c3c(CCC(N)=O)sc4ncnc(N)c34)cc2)c1,IC50
CHEMBL1977041,6.0,1000.0,1,COC(=O)c1c(-c2ccc(NC(=O)Nc3ccccc3)cc2)c2c(N)ncnn2c1C,Ki
CHEMBL1977148,8.79997073344623,1.585,1,COc1ccc(NC(=O)Nc2ccc(-c3csc4c(-c5cnn(CCO)c5)cnc(N)c34)cc2)cc1,Ki
CHEMBL1978099,5.899998417198648,1258.93,1,CNC(=O)COc1ccc(Nc2nc(Nc3ccc(C)c(S(N)(=O)=O)c3)ncc2F)cc1,Ki
CHEMBL1978166,6.299997602857746,501.19,2,Cc1cccc(NC(=O)Nc2ccc(-c3csc4c(C#CCCCCCCCCN)cnc(N)c34)cc2)c1,Ki
CHEMBL1978448,6.599997654072044,251.19,1,CS(=O)(=O)N(Cc1ccc2[nH]c(=O)c3cccn3c2c1)C1CC1,Ki
CHEMBL1979093,6.299997602857746,501.19,1,COc1ccc(-c2ccc(NC(=O)Nc3ccc(F)c(C)c3)cc2)c2c(N)noc12,Ki
CHEMBL1979516,7.599980364934842,25.12,1,CCNC(=O)c1cnc(N)c2c(-c3ccc(NC(=O)Nc4cccc(F)c4)cc3)csc12,Ki
CHEMBL1979577,7.400007822415902,39.81,1,Cc1cccc(NC(=O)Nc2ccc(-c3csc4c(C#CC(C)(C)N)cnc(N)c34)cc2)c1,Ki
CHEMBL1979883,7.599980364934842,25.12,1,Cc1cccc(NC(=O)Nc2ccc(-c3csc4c(C#CCN(C)C)cnc(N)c34)cc2)c1,Ki
CHEMBL1980297,7.709297756712146,19.53,5,Nc1ncc(-c2cnn(CCO)c2)c2scc(-c3ccc(NC(=O)Nc4cccc(F)c4)cc3)c12,IC50
CHEMBL1980391,6.699991797446187,199.53,1,COc1cc2c(cc1F)C(c1ccccc1Cl)=Nc1c(n[nH]c1C)N2,Ki
CHEMBL1980904,8.599980364934842,2.512,1,Nc1n[nH]c2cccc(-c3ccc(NC(=O)Nc4cccc(C(F)(F)F)c4)c(F)c3)c12,Ki
CHEMBL1980995,6.799998134593398,158.49,1,CNC1CC2OC(C)(C1OC)n1c3ccccc3c3c4c(c5c6ccccc6n2c5c31)C(=O)NC4,Ki
CHEMBL198155,6.443697499232712,360.0,3,COCCc1sc2ncnc(N)c2c1-c1ccc(NC(=O)Nc2cccc(C)c2)cc1,IC50
CHEMBL1981725,7.100015437450609,79.43,1,CCN1CCN(c2ccc(Nc3nccc(-c4c(-c5cccc(C(=O)Nc6ccccc6F)c5)nc5ccccn45)n3)cc2)CC1,Ki
CHEMBL1982465,8.500038134403809,3.162,1,Cc1cccc(NC(=O)Nc2ccc(-c3csc4c(C#CCN5CCOCC5)cnc(N)c34)cc2)c1,Ki
CHEMBL1982466,8.100015437450608,7.943,1,Cc1ccc(NC(=O)Nc2ccc(-c3csc4c(-c5cnn(C)c5)cnc(N)c34)cc2)cc1,Ki
CHEMBL1982476,8.299988937677888,5.012,1,CNC(=O)c1cnc(N)c2c(-c3ccc(NC(=O)Nc4cccc(Cl)c4)cc3)csc12,Ki
CHEMBL1982541,6.0,1000.0,1,COc1ccc(OC)c(CNC(=O)c2cc(N)c(C#N)c(OC(C)C)n2)c1,Ki
CHEMBL198267,7.080451495797506,83.09,2,Cc1ccc(NC(=O)Nc2ccc(-c3c(C)sc4ncnc(N)c34)cc2)cc1,IC50
CHEMBL198297,7.587546764348944,25.85,2,Cc1cccc(NC(=O)Nc2ccc(-c3c(CCCO)sc4ncnc(N)c34)cc2)c1,IC50
CHEMBL1983025,7.0,100.0,1,CCC(N)(C#Cc1cnc(N)c2c(-c3ccc(NC(=O)Nc4cccc(C)c4)cc3)csc12)CC,Ki
CHEMBL1983111,6.599997654072044,251.19,1,CC(=O)NCC(=O)N1C2CCC1c1cc(Nc3ncc(C(F)(F)F)c(NC4CCC4)n3)ccc12,Ki
CHEMBL1983268,6.799998134593398,158.49,1,CN1CCN(c2ccc(C(=O)Nc3n[nH]c4ccc(Cc5cc(F)cc(F)c5)cc34)c(NC3CCOCC3)c2)CC1,Ki
CHEMBL1983923,6.399996913372259,398.11,1,Cc1cc(Nc2cc(N3CCN(C)CC3)nc(C=Cc3ccccc3)n2)n[nH]1,Ki
CHEMBL1983963,6.900008766455316,125.89,1,Cc1cccc(NC(=O)Nc2ccc(-c3coc4ncnc(N)c34)cc2)c1,Ki
CHEMBL1984162,6.0,1000.0,1,COCCOC1CCC(n2nc(-c3ccc(Nc4nc5cc(C)cc(C)c5o4)cc3)c3c(N)ncnc32)CC1,Ki
CHEMBL1985491,9.100015437450608,0.7943,1,Cc1ccc(F)c(NC(=O)Nc2ccc(-c3cccc4c3c(N)nn4C)cc2)c1,Ki
CHEMBL1985888,9.100015437450608,0.7943,1,Cn1nc(N)c2c(-c3ccc(NC(=O)Nc4cccc(C(F)(F)F)c4)cc3)ccnc21,Ki
CHEMBL198601,6.3979400086720375,400.0,3,CNC(=O)CCc1sc2ncnc(N)c2c1-c1ccc(NC(=O)Nc2cccc(C)c2)cc1,IC50
CHEMBL1986507,9.0,1.0,1,Cc1cc(C)cc(NC(=O)Nc2ccc(-c3ccnc4c3c(N)nn4C)cc2)c1,Ki
CHEMBL1986979,9.100015437450608,0.7943,1,Cc1cc(NC(=O)Nc2ccc(-c3cccc4[nH]nc(N)c34)c(F)c2)ccc1F,Ki
CHEMBL1987034,6.199998172182031,630.96,1,N#CCOc1ccc(Nc2nc(Nc3cccc(S(N)(=O)=O)c3)ncc2Br)cc1,Ki
CHEMBL1987054,6.900008766455316,125.89,1,COCCOC1CCC(n2nc(-c3ccc(Nc4nc5cc(C)cc(Cl)c5o4)cc3)c3c(N)ncnc32)CC1,Ki
CHEMBL1988075,6.199998172182031,630.96,1,Cc1ccc(-c2cnc(N)c3c(-c4ccc(NC(=O)Nc5cccc(F)c5)cc4)csc23)cn1,Ki
CHEMBL1988370,6.0,1000.0,1,Nc1ncnc2c1c(-c1cccc(OCc3ccccc3)c1)cn2C1CC(CN2CCCC2)C1,Ki
CHEMBL1988387,8.0,10.0,1,Cn1cc(-c2cnc(N)c3c(-c4ccc(NC(=O)Nc5ccc(OC(F)F)cc5)cc4)csc23)cn1,Ki
CHEMBL1988437,8.0,10.0,1,CNC(=O)c1ccccc1Sc1ccc2c(C=Cc3ccccn3)n[nH]c2c1,Ki
CHEMBL1988717,8.700057099977233,1.995,1,Cn1cc(-c2cnn3c(N)c(-c4ccc(NC(=O)Nc5cccc(C(F)(F)F)c5)cc4)cnc23)cn1,Ki
CHEMBL1988778,8.700057099977233,1.995,1,Cc1ccc(F)c(NC(=O)Nc2ccc(-c3cccc4[nH]nc(N)c34)c(F)c2)c1,Ki
CHEMBL1989708,7.949987134946069,11.295,2,Cc1cccc(NC(=O)Nc2ccc(-c3csc4c(-c5cnn(CC(C)O)c5)cnc(N)c34)cc2)c1,Ki
CHEMBL1991429,6.0999990348465305,794.33,1,O=C(Cc1ccccc1)Nc1cccc(-c2nc3sccn3c2-c2ccnc(Nc3cccc(N4CCCC4=O)c3)n2)c1,Ki
CHEMBL1993941,8.299988937677888,5.012,1,CCCn1cc(-c2cnc(N)c3c(-c4ccc(NC(=O)Nc5cccc(F)c5)cc4)csc23)cn1,Ki
CHEMBL1993996,9.100015437450608,0.7943,1,Cc1cc(NC(=O)Nc2ccc(-c3c(F)ccc4[nH]nc(N)c34)cc2)ccc1F,Ki
CHEMBL1994321,7.700057099977233,19.95,1,Cc1cccc(NC(=O)Nc2ccc(-c3csc4c(C#CCNS(C)(=O)=O)cnc(N)c34)cc2)c1,Ki
CHEMBL1994638,9.0,1.0,1,Cc1cccc(NC(=O)Nc2ccc(-c3cccc4[nH]nc(N)c34)c(F)c2)c1,Ki
CHEMBL1994938,6.399996913372259,398.11,1,Nc1ncc(C=CC(=O)NCCCn2ccnc2)c2scc(-c3ccc(Br)cc3)c12,Ki
CHEMBL19954,6.261439372640169,550.0,4,COc1ccc2[nH]c3c(C)c4ccncc4c(C)c3c2c1,IC50
CHEMBL1996048,6.399996913372259,398.11,1,Cc1ccc(-c2cc3c(NCCN)ccc(C(N)=O)c3[nH]2)cc1,Ki
CHEMBL1996066,6.0999990348465305,794.33,1,N#Cc1ccc2nc(N)n(-c3nc(-c4ccccc4)cs3)c2c1,Ki
CHEMBL1996255,9.0,1.0,1,Cc1ccc(F)c(NC(=O)Nc2ccc(-c3c(F)ccc4[nH]nc(N)c34)cc2)c1,Ki
CHEMBL1996979,6.199998172182031,630.96,1,O=C(Nc1cnc2[nH]cc(-c3ccccc3)c2c1)c1c(F)cccc1F,Ki
CHEMBL1997617,7.79997073344623,15.85,1,CN1CCN(C2CCC(n3cc(-c4ccc(Oc5ccccc5)cc4)c4c(N)ncnc43)CC2)CC1,Ki
CHEMBL1997623,7.599980364934842,25.12,1,Nc1n[nH]c2cc(-c3ccc(NC(=O)Nc4cccc(C(F)(F)F)c4)cc3)ccc12,Ki
CHEMBL1997822,6.199998172182031,630.96,1,Cc1cc2cc(-c3csc4c(-c5cccc(S(C)(=O)=O)c5)cnc(N)c34)ccc2[nH]1,Ki
CHEMBL1998585,7.400007822415902,39.81,1,Nc1ncnc2scc(-c3ccc(NC(=O)Nc4cc(C(F)(F)F)ccc4F)cc3)c12,Ki
CHEMBL1998953,6.0,1000.0,1,c1ccc(-c2c[nH]c3ncnc(N4CCCCC4)c23)cc1,Ki
CHEMBL1999484,7.199970640755866,63.1,1,CNc1nc(C)c(-c2ccnc(Nc3ccc(N4CCNCC4)cc3)n2)s1,Ki
CHEMBL2000335,7.100015437450609,79.43,1,Cc1ccc(NC(=O)Nc2ccc(-c3csc4ncnc(N)c34)cc2)cc1C,Ki
CHEMBL2000652,9.100015437450608,0.7943,2,Nc1n[nH]c2cccc(-c3ccc(NC(=O)Nc4cccc(Cl)c4)c(F)c3)c12,Ki
CHEMBL2000934,6.699991797446187,199.53,1,CCc1ccc2nccc(NC(=O)Nc3cccc(C(F)(F)F)n3)c2c1,Ki
CHEMBL2001257,6.599997654072044,251.19,1,CCN(CC)CC#Cc1cnc(N)c2c(-c3ccc(NC(=O)Nc4cccc(C)c4)cc3)csc12,Ki
CHEMBL2001485,7.100015437450609,79.43,1,Cc1ccc(NC(=O)Nc2ccc(-c3csc4c(-c5cnn(C(C)C(=O)N(C)C)c5)cnc(N)c34)cc2)cc1,Ki
CHEMBL2001751,6.900008766455316,125.89,1,NC(COc1cncc(-c2ccc3c(c2)C(=Cc2ccco2)C(=O)N3)c1)Cc1c[nH]c2ccccc12,Ki
CHEMBL2002165,7.400007822415902,39.81,1,CC(O)Cn1cc(-c2cnc(N)c3c(-c4ccc(NC(=O)Nc5cccc(F)c5)cc4)csc23)cn1,Ki
CHEMBL2002346,6.0,1000.0,1,c1ccc(CNc2cc(-c3c[nH]c4ncccc34)ncn2)cc1,Ki
CHEMBL2002446,7.700057099977233,19.95,1,CN1CCN(Cc2ccc3c(c2)Cc2c(-c4csc(C#CCOCC5CC5)c4)n[nH]c2-3)CC1,Ki
CHEMBL2004290,7.27531461176264,53.05,3,COc1ccc(NC(=O)Nc2ccc(-c3csc4c(-c5cnn(CC(C)(C)O)c5)cnc(N)c34)cc2)cc1,IC50
CHEMBL2004438,6.799998134593398,158.49,1,Nc1c(-c2ccc(NC(=O)Nc3cccc(C(F)(F)F)c3)cc2)ccc2nccnc12,Ki
CHEMBL2004716,7.599980364934842,25.12,1,CCN(CC)CCNC(=O)C=Cc1cnc(N)c2c(-c3ccc(NC(=O)Nc4cccc(C)c4)cc3)csc12,Ki
CHEMBL2004771,6.399996913372259,398.11,1,O=C1NCc2c1cccc2-c1ccc(Nc2nc3ccccc3o2)cc1,Ki
CHEMBL2005631,8.500038134403809,3.162,1,CNC(=O)c1cnc(N)c2c(-c3ccc(NC(=O)Nc4cc(C)ccc4F)cc3)csc12,Ki
CHEMBL2006778,6.499996931948306,316.23,1,CNC(=O)C=Cc1cnc(N)c2c(-c3cc(F)c4[nH]c(C)cc4c3)csc12,Ki
CHEMBL2007151,6.799998134593398,158.49,1,Cc1c(-c2cccc(OCc3ccccc3)c2)c2c(N)ncnc2n1C1CCC(N2CCCC2)CC1,Ki
CHEMBL2012519,6.518557371497695,303.0,1,COc1cc(O)c2c(c1)CCC[C@H](O)[C@H](O)C(=O)/C=C\C[C@H](C)OC2=O,IC50
CHEMBL201511,5.721246399047171,1900.0,1,COc1cc(C2=C(c3c[nH]c4ccccc34)C(=O)NC2=O)cc(OC)c1OC,IC50
CHEMBL2018882,7.795880017344075,16.0,1,COc1cc2ncnc(Oc3ccc(NC(=O)Nc4cccc(Br)c4)cc3)c2cc1OC,IC50
CHEMBL2022856,7.400007822415902,39.81,1,C[C@@H](O)Cn1cc(-c2cnc(N)c3c(-c4ccc(NC(=O)Nc5cccc(F)c5)cc4)csc23)cn1,Ki
CHEMBL202919,6.195860567664649,637.0,1,COc1cc2nccc(Oc3ccc(NC(=S)NC(=O)c4ccccc4Cl)cc3)c2cc1OC,IC50
CHEMBL2031893,7.0,100.0,1,COc1cc2nccc(Oc3ccc(NC(=O)c4c(C)n(C)n(-c5ccccc5)c4=O)cc3F)c2cc1OC,IC50
CHEMBL203227,6.496647206538674,334.0,2,COc1cc2nccc(Oc3ccc(NC(=O)NC(=O)c4ccccc4C)cc3)c2cc1OC,IC50
CHEMBL203279,6.205511953340831,623.0,1,COc1cc2ncnc(Oc3ccc(NC(=O)NC(=O)c4ccccc4C)cc3)c2cc1OC,IC50
CHEMBL2037226,6.020479303839453,955.0,2,Cc1ccc(NC(=O)Nc2cc(C(F)(F)F)ccc2F)cc1Nc1ccc2c(c1)NC(=O)/C2=C\c1ccc[nH]1,IC50
CHEMBL204120,6.632644078973981,233.0,1,COc1cc2nccc(Oc3ccc(NC(=S)NC(=O)C4CCCCC4)cc3)c2cc1OC,IC50
CHEMBL204409,6.518557371497695,303.0,1,COc1cc2ncnc(Oc3ccc(N/C(S)=N/Cc4ccccc4)cc3)c2cc1OC,IC50
CHEMBL2046883,5.167491087293763,6800.0,1,Cc1ccc(NC(=O)Nc2nnc(Sc3ncnc4cc(OCCCN5CCOCC5)ccc34)s2)cc1,IC50
CHEMBL205089,7.568636235841013,27.0,1,COc1cc2ncnc(Oc3ccc(NC(=O)NC4CCCCC4)cc3)c2cc1OC,IC50
CHEMBL205372,6.694648630553377,202.0,1,COc1cc2nccc(Oc3ccc(NC(=S)NC(=O)Cc4ccccc4)cc3)c2cc1OC,IC50
CHEMBL205674,7.161150909262744,69.0,1,COc1cc2nccc(Oc3ccc(N/C(S)=N/C4CCCCC4)cc3)c2cc1OC,IC50
CHEMBL205953,7.657577319177793,22.0,1,COc1cc2nccc(Oc3ccc(NC(=O)NC4CCCCC4)cc3)c2cc1OC,IC50
CHEMBL2062935,8.0,10.0,1,Cc1cccc(NC(=O)Nc2ccc(-c3csc4c(-c5cnn(C[C@@H](C)O)c5)cnc(N)c34)cc2)c1,Ki
CHEMBL207858,6.301029995663981,500.0,2,Cc1cccc2[nH]c(C(=O)c3cc4cc(O)ccc4[nH]3)cc12,IC50
CHEMBL2079588,9.0,1.0,1,CNC(=O)c1cc(COc2nnc(Nc3ccc(Cl)cc3)c3ccoc23)ccn1,IC50
CHEMBL2086760,7.958607314841775,11.0,1,CCN1CCC(Nc2ccc3c(c2)C(=C(c2ccc(Cl)cc2)c2ncc[nH]2)C(=O)N3)CC1,IC50
CHEMBL209421,5.243363891754152,5710.0,1,Cc1ccccc1NC(=O)N(C)Cc1ccc(-c2[nH]nc3c2Cc2cc(CN4CCN(C)CC4)ccc2-3)s1,IC50
CHEMBL2096839,7.568636235841013,27.0,1,Cc1ccc(NC(=O)NCc2ccc(-c3n[nH]c4c3Cc3ccc(CN5CCN(C)CC5)cc3-4)s2)cc1,IC50
CHEMBL209919,7.568636235841013,27.0,1,Cc1cc(C)cc(NC(=O)NCc2ccc(-c3n[nH]c4c3Cc3cc(CN5CCN(C)CC5)ccc3-4)s2)c1,IC50
CHEMBL209922,6.035740369803151,921.0,1,CN1CCN(Cc2ccc3c(c2)Cc2c(-c4ccc(CNC(=O)Nc5ccccc5Cl)s4)n[nH]c2-3)CC1,IC50
CHEMBL210070,4.763487930337172,17239.0,1,Cc1cccc(NC(=O)N(Cc2ccc(-c3[nH]nc4c3Cc3cc(CN5CCN(C)CC5)ccc3-4)s2)CC(C)C)c1,IC50
CHEMBL210113,6.995678626217358,101.0,1,CN1CCN(Cc2ccc3c(c2)-c2[nH]nc(-c4ccc(CNC(=O)Nc5ccccc5)s4)c2C3)CC1,IC50
CHEMBL2103851,5.795880017344075,1600.0,2,S=C(NCc1ccc2c(c1)OCO2)N1CCN(c2ncnc3c2oc2ccccc23)CC1,IC50
CHEMBL2105685,7.182358681000894,80.5,4,Cl.S=C(NCc1ccc2c(c1)OCO2)N1CCN(c2ncnc3c2oc2ccccc23)CC1,IC50
CHEMBL2105717,8.337242168318426,4.6,11,COc1cc2nccc(Oc3ccc(NC(=O)C4(C(=O)Nc5ccc(F)cc5)CC4)cc3)c2cc1OC,IC50
CHEMBL211464,7.769551078621726,17.0,1,CN1CCN(Cc2ccc3c(c2)-c2n[nH]c(-c4ccc(CN(C)C(=O)Nc5ccc(Br)cc5)s4)c2C3)CC1,IC50
CHEMBL212084,6.987162775294828,103.0,1,c1cn(Cc2ccc3c(c2)-c2[nH]nc(-c4ccsc4)c2C3)cn1,IC50
CHEMBL212762,7.886056647693163,13.0,1,CN1CCN(Cc2ccc3c(c2)Cc2c(-c4ccc(CNC(=O)Nc5ccc(C(F)(F)F)cc5)s4)n[nH]c2-3)CC1,IC50
CHEMBL212932,7.721246399047171,19.0,1,CN1CCN(Cc2ccc3c(c2)-c2n[nH]c(-c4ccc(CN(C)C(=O)Nc5ccc(OC(F)(F)F)cc5)s4)c2C3)CC1,IC50
CHEMBL212985,6.17134010346468,674.0,1,Cc1ccccc1NC(=O)NCc1ccc(-c2n[nH]c3c2Cc2ccc(CN4CCN(C)CC4)cc2-3)s1,IC50
CHEMBL212986,7.769551078621726,17.0,1,CN1CCN(Cc2ccc3c(c2)Cc2c(-c4ccc(CNC(=O)Nc5cccc(C(F)(F)F)c5)s4)n[nH]c2-3)CC1,IC50
CHEMBL212987,4.571136591700744,26845.0,1,Cc1cccc(N(C)C(=O)N(C)Cc2ccc(-c3[nH]nc4c3Cc3cc(CN5CCN(C)CC5)ccc3-4)s2)c1,IC50
CHEMBL213430,5.6595558851598815,2190.0,1,CCN(Cc1ccc(-c2[nH]nc3c2Cc2cc(CN4CCN(C)CC4)ccc2-3)s1)C(=O)Nc1cccc(C)c1,IC50
CHEMBL213504,7.7447274948966935,18.0,1,Nc1ncnc2snc(-c3ccc(NC(=O)Nc4cccc(C(F)(F)F)c4)cc3)c12,IC50
CHEMBL213507,7.0655015487564325,86.0,1,Cc1cccc(NC(=O)NCc2ccc(-c3n[nH]c4c3Cc3cc(CN5CCN(C)CC5)ccc3-4)s2)c1,IC50
CHEMBL213618,6.958607314841775,110.0,1,CNc1nccc(-c2ccc(C(=O)N[C@H](CN)Cc3ccc(Cl)cc3Cl)s2)n1,IC50
CHEMBL213743,6.838631997765025,145.0,1,CN1CCN(Cc2ccc3c(c2)-c2[nH]nc(-c4ccsc4)c2C3)CC1,IC50
CHEMBL213909,5.314885530953461,4843.0,1,Cc1cccc(NC(=O)N(CCC(C)C)Cc2ccc(-c3[nH]nc4c3Cc3cc(CN5CCN(C)CC5)ccc3-4)s2)c1,IC50
CHEMBL213910,7.7447274948966935,18.0,2,CN1CCN(Cc2ccc3c(c2)-c2n[nH]c(-c4ccc(CN(C)C(=O)Nc5cccc(C(F)(F)F)c5)s4)c2C3)CC1,IC50
CHEMBL214063,6.866461091629782,136.0,1,Cc1cccc(NC(=O)N(Cc2ccc(-c3n[nH]c4c3Cc3cc(CN5CCN(C)CC5)ccc3-4)s2)C2CC2)c1,IC50
CHEMBL214109,6.6252516539898965,237.0,1,CON(Cc1ccc(-c2[nH]nc3c2Cc2cc(CN4CCN(C)CC4)ccc2-3)s1)C(=O)Nc1cccc(C)c1,IC50
CHEMBL214161,7.161150909262744,69.0,1,Cc1cccc(NC(=O)NCc2ccc(-c3n[nH]c4c3Cc3ccc(CN5CCN(C)CC5)cc3-4)s2)c1,IC50
CHEMBL214258,7.552841968657781,28.0,1,Nc1ncnc2snc(-c3ccc(NC(=O)Nc4cc(C(F)(F)F)ccc4F)cc3)c12,IC50
CHEMBL2152262,7.086858911293694,535.15,2,COc1ccc(-c2c[nH]c3ncc(-c4cccc(N)c4)cc23)cc1OC,IC50
CHEMBL2152263,7.195179321278838,63.8,1,COc1ccc(-c2c[nH]c3ncc(-c4cccc(C#N)c4)cc23)cc1OC,IC50
CHEMBL2152288,6.838631997765025,145.0,1,Nc1cc(NS(=O)(=O)c2cccc(C(F)(F)F)c2)cc(-c2cnc3[nH]cc(-c4ccncc4)c3c2)c1,IC50
CHEMBL215417,4.622894182730946,23829.0,1,CN1CCN(Cc2ccc3c(c2)Cc2c(-c4ccc(CNC(=O)Nc5ccccc5C(F)(F)F)s4)n[nH]c2-3)CC1,IC50
CHEMBL2158225,7.585026652029182,26.0,2,N#Cc1cnc(C(=O)Nc2ccc(C3CCN(CCO)CC3)cc2C2=CCCCC2)[nH]1,IC50
CHEMBL2158227,7.299299729609228,111.0,2,CS(=O)(=O)CCN1CCC(c2ccc(NC(=O)c3nc(C#N)c[nH]3)c(C3=CCCCC3)c2)CC1,IC50
CHEMBL2158230,7.2839966563652006,52.0,3,N#Cc1cnc(C(=O)Nc2ccc(C3CCN(CCN4CCOCC4)CC3)cc2C2=CCCCC2)[nH]1,IC50
CHEMBL2158300,8.301029995663981,5.0,2,CC(C)(N)CC(=O)N1CCC(c2ccc(NC(=O)c3ncc(C#N)[nH]3)c(C3=CCCCC3)c2)CC1,IC50
CHEMBL215948,7.552841968657781,28.0,1,CN1CCN(Cc2ccc3c(c2)-c2n[nH]c(-c4ccc(CN(C)C(=O)Nc5ccc(Cl)c(Cl)c5)s4)c2C3)CC1,IC50
CHEMBL217092,6.698970004336019,200.0,3,CN1CCN(CCOc2cc(OC3CCOCC3)c3c(Nc4c(Cl)ccc5c4OCO5)ncnc3c2)CC1,IC50
CHEMBL2171124,6.812479279163537,154.0,1,Cn1cc(-c2ccc3c(c2)CCN3C(=O)Cc2cccc(C(F)(F)F)c2)c2c(N)ncnc21,IC50
CHEMBL2178352,6.267606240177032,540.0,1,CN1CCN(c2ccc(Nc3ncc4nc(Nc5ccccc5)n(C5CCCC5)c4n3)cc2)CC1,IC50
CHEMBL2180602,8.460409376976187,3.7,2,CCN(CC)CCNC(=O)c1c(C)[nH]c2c1CCC/C2=C1/C(=O)Nc2ccc(F)cc21,IC50
CHEMBL219722,6.628272870356231,651.465,2,Nc1n[nH]c2cccc(-c3ccc(NC(=O)Nc4ccccc4)cc3)c12,IC50
CHEMBL219727,7.4089353929735005,39.0,2,Cc1cccc(NC(=O)Nc2ccc(-c3ccc(Br)c4[nH]nc(N)c34)cc2)c1,IC50
CHEMBL219774,7.214670164989233,61.0,2,CCN(CC)CCOc1ccc(-c2ccc(NC(=O)Nc3cccc(C)c3)cc2)c2c(N)n[nH]c12,IC50
CHEMBL219887,8.0,10.0,2,Cc1cccc(NC(=O)Nc2ccc(-c3ccc(C)c4[nH]nc(N)c34)cc2)c1,IC50
CHEMBL219998,7.552841968657781,28.0,2,COc1ccc(-c2ccc(NC(=O)Nc3cccc(C)c3)cc2)c2c(N)n[nH]c12,IC50
CHEMBL220049,7.698970004336019,20.0,2,Nc1n[nH]c2cccc(-c3ccc(NC(=O)Nc4ccc(F)cc4)cc3)c12,IC50
CHEMBL220057,7.769551078621726,17.0,3,Cc1cccc(NC(=O)Nc2ccc(-c3cccc4[nH]nc(N)c34)cc2)c1,IC50
CHEMBL220317,4.950781977329818,11200.0,2,Nc1n[nH]c2cccc(-c3ccc(NS(=O)(=O)c4ccccc4)cc3)c12,IC50
CHEMBL2203434,8.102372908709558,7.9,1,CCN1CCC(Oc2ccc(C(=O)Nc3ccc(NC(=O)Nc4cc(C(C)(C)C)on4)cc3)nc2)CC1,IC50
CHEMBL2204532,6.366531544420414,430.0,1,CN(c1ccc(F)c(NC(=O)c2cccc(OC(C)(C)C#N)c2Cl)c1)c1ccc2nc(NC(=O)C3CC3)sc2n1,IC50
CHEMBL2206277,8.096910013008056,8.0,1,CN1C(C)(C)CC(Oc2ccc(C(=O)Nc3ccc(NC(=O)Nc4cc(C(C)(C)C)on4)cc3)nc2)CC1(C)C,IC50
CHEMBL2206278,8.920818753952375,1.2,1,CCN1C(C)(C)CC(Oc2ccc(C(=O)Nc3ccc(NC(=O)Nc4cc(C(C)(C)C)on4)cc3)nc2)CC1(C)C,IC50
CHEMBL2206666,6.920818753952375,120.0,1,O=C(Nc1cccc(Oc2ccc3nccn3n2)c1)c1cccc(C(F)(F)F)c1,IC50
CHEMBL2208034,6.646276062411051,225.8,1,O=C(Nc1ccc(-c2ccnc(Nc3ccc(N4CCOCC4)cc3)n2)cc1)[C@H]1CCCN1,IC50
CHEMBL221053,7.376750709602099,42.0,2,CCc1cccc(NC(=O)Nc2ccc(-c3cccc4[nH]nc(N)c34)cc2)c1,IC50
CHEMBL2218927,6.0,1000.0,1,Cc1nc2cc3nc(-c4cccs4)cnc3cc2n1C,IC50
CHEMBL222315,6.818156412055227,152.0,2,Nc1n[nH]c2cccc(-c3ccc(NC(=O)C4CCCCC4)cc3)c12,IC50
CHEMBL222728,7.161150909262744,69.0,2,Nc1n[nH]c2cccc(-c3ccc(NC(=O)Nc4cccc(Br)c4)cc3)c12,IC50
CHEMBL222778,5.133122185662501,7360.0,2,Nc1ccc(-c2cccc3[nH]nc(N)c23)cc1,IC50
CHEMBL223185,4.903089986991944,12500.0,1,Nc1n[nH]c2cccc(-c3ccc(NC(=O)c4ccccc4)cc3)c12,IC50
CHEMBL223220,7.017728766960431,96.0,1,Cc1cccc(NC(=O)N(C)Cc2ccc(-c3n[nH]c4c3Cc3ccc(CN5CCN(C)CC5)cc3-4)s2)c1,IC50
CHEMBL223304,7.318758762624412,48.0,2,Nc1n[nH]c2cccc(-c3ccc(NC(=O)Nc4cccc(O)c4)cc3)c12,IC50
CHEMBL223360,7.795880017344075,16.0,3,Cc1ccc(F)c(NC(=O)Nc2ccc(-c3cccc4[nH]nc(N)c34)cc2)c1,IC50
CHEMBL223361,6.823908740944319,150.0,2,Nc1n[nH]c2cccc(-c3ccc(NC(=O)Nc4cc(C(F)(F)F)ccc4F)cc3)c12,IC50
CHEMBL223478,7.301029995663981,50.0,2,Cc1cccc(NC(=O)Nc2ccc(-c3ccc(OCCN4CCOCC4)c4[nH]nc(N)c34)cc2)c1,IC50
CHEMBL223528,7.494850021680094,32.0,2,COCCOc1ccc(-c2ccc(NC(=O)Nc3cccc(C)c3)cc2)c2c(N)n[nH]c12,IC50
CHEMBL223572,6.3979400086720375,400.0,1,Cc1cccc(NC(=O)Nc2ccc(-c3ccc(CN4CCOCC4)c4[nH]nc(N)c34)cc2)c1,IC50
CHEMBL223583,7.468521082957745,34.0,2,Nc1n[nH]c2cccc(-c3ccc(NC(=O)Nc4ccccc4F)cc3)c12,IC50
CHEMBL223790,7.585026652029182,26.0,2,Cc1cccc(NC(=O)Nc2ccc(-c3ccc(OCCN4CCCC4)c4[nH]nc(N)c34)cc2)c1,IC50
CHEMBL223971,7.920818753952375,12.0,1,COCCOCC#Cc1cc(-c2n[nH]c3c2Cc2ccc(Cn4cncn4)cc2-3)cs1,IC50
CHEMBL225248,4.831649859814056,14735.0,1,Cc1cccc(NC(=O)N(C)Cc2ccc(-c3n[nH]c4c3Cc3cc(CN5CCN(C)CC5)ccc3-4)s2)c1,IC50
CHEMBL2311806,7.260111344915457,54.94,1,Cc1cc(NC(=O)c2ccc(C)c(Nc3nccc(-c4cccnc4)n3)c2)cc(-n2cnc(C)c2)c1,IC50
CHEMBL2311807,8.001740661576301,9.96,1,Cc1cn(-c2cc(F)cc(NC(=O)c3ccc(C)c(Nc4nccc(-c5cccnc5)n4)c3)c2)cn1,IC50
CHEMBL2311808,7.488116639021126,32.5,1,Cc1cn(-c2cccc(NC(=O)c3ccc(C)c(Nc4nccc(-c5cccnc5)n4)c3)c2)cn1,IC50
CHEMBL231568,7.522878745280337,30.0,1,CNC(=O)c1cc(Oc2ccc3oc(Nc4ccc(Cl)c(OC[C@@H]5CCCN5C)c4)nc3c2)ccn1,IC50
CHEMBL2331602,8.518557371497694,3.03,1,Cc1cccc(NC(=O)c2ccc(C)c(C#Cc3cnc4ccnn4c3)c2)c1,IC50
CHEMBL2332840,6.2949920406666635,507.0,1,O=C(Nc1ccc(Oc2ncnc3[nH]ncc23)cc1)Nc1ccc(Cl)c(C(F)(F)F)c1,IC50
CHEMBL2333445,5.552841968657781,2800.0,1,CCc1ccc(-c2ccc3c(c2)-c2[nH]ncc2S(=O)(=O)N3C)cc1,IC50
CHEMBL2336006,6.732828271596986,185.0,1,Cc1cc(C)cc(NC(=O)c2ccc(C)c(C#Cc3cnc4ccnn4c3)c2)c1,IC50
CHEMBL2336008,6.121478204498794,756.0,1,Cc1ccc(C(=O)Nc2cc(CN3CCN(C)CC3)cc(C(F)(F)F)c2)cc1C#Cc1cnc2ccnn2c1,IC50
CHEMBL2336009,6.562249437179612,274.0,1,Cc1cc(CN2CCN(C)CC2)cc(NC(=O)c2ccc(C)c(C#Cc3cnc4ccnn4c3)c2)c1,IC50
CHEMBL2336010,6.39040559077478,407.0,1,Cc1ccc(C(=O)Nc2cc(Cl)cc(CN3CCN(C)CC3)c2)cc1C#Cc1cnc2ccnn2c1,IC50
CHEMBL2336011,6.384049948343599,413.0,1,COc1cc(CN2CCN(C)CC2)cc(NC(=O)c2ccc(C)c(C#Cc3cnc4ccnn4c3)c2)c1,IC50
CHEMBL2336014,6.130181792020672,741.0,1,Cc1ccc(C(=O)Nc2cc(CN3CCCC3)cc(C(F)(F)F)c2)cc1C#Cc1cnc2ccnn2c1,IC50
CHEMBL2336016,5.823908740944319,1500.0,1,CN1CCN(Cc2cc(NC(=O)c3ccc(Cl)c(C#Cc4cnc5ccnn5c4)c3)cc(C(F)(F)F)c2)CC1,IC50
CHEMBL2336017,6.614393726401688,243.0,1,CN1CCN(Cc2cc(NC(=O)c3cccc(C#Cc4cnc5ccnn5c4)c3)cc(C(F)(F)F)c2)CC1,IC50
CHEMBL2336018,8.032452023781138,9.28,1,COc1ccc(NC(=O)c2ccc(C)c(C#Cc3cnc4ccnn4c3)c2)cc1,IC50
CHEMBL2336019,7.002176919254275,99.5,1,Cc1ccc(C(=O)Nc2cccc(Br)c2)cc1C#Cc1cnc2ccnn2c1,IC50
CHEMBL2336020,6.5951662833800615,254.0,1,Cc1ccc(C(=O)Nc2cccc(I)c2)cc1C#Cc1cnc2ccnn2c1,IC50
CHEMBL2336021,6.669586226650809,214.0,1,Cc1ccc(C(=O)Nc2cccc(C(F)(F)F)c2)cc1C#Cc1cnc2ccnn2c1,IC50
CHEMBL2336023,6.931814138253839,117.0,1,Cc1ccc(C(=O)Nc2cccc(OC(C)C)c2)cc1C#Cc1cnc2ccnn2c1,IC50
CHEMBL2336024,7.72584215073632,18.8,1,Cc1ccc(C(=O)Nc2cccc(N(C)C)c2)cc1C#Cc1cnc2ccnn2c1,IC50
CHEMBL2336025,7.084072788302884,82.4,1,Cc1ccc(C(=O)Nc2cccc(-n3ccnc3)c2)cc1C#Cc1cnc2ccnn2c1,IC50
CHEMBL2336026,6.546681659952962,284.0,1,Cc1cn(-c2cccc(NC(=O)c3ccc(C)c(C#Cc4cnc5ccnn5c4)c3)c2)cn1,IC50
CHEMBL2336027,6.590066876668706,257.0,1,Cc1ccc(C(=O)Nc2cccc(CN3CCN(C)CC3)c2)cc1C#Cc1cnc2ccnn2c1,IC50
CHEMBL2336028,7.173925197299173,67.0,1,Cc1ccc(C(=O)NC(C)C)cc1C#Cc1cnc2ccnn2c1,IC50
CHEMBL2336029,7.777283528852417,16.7,1,CCCCNC(=O)c1ccc(C)c(C#Cc2cnc3ccnn3c2)c1,IC50
CHEMBL2336030,6.303643611266668,497.0,1,Cc1ccc(C(=O)NCC(C)C)cc1C#Cc1cnc2ccnn2c1,IC50
CHEMBL2336031,6.698970004336019,200.0,1,Cc1ccc(C(=O)NC2CCCCC2)cc1C#Cc1cnc2ccnn2c1,IC50
CHEMBL2336032,7.903089986991944,12.5,1,Cc1ccc(C(=O)NC2CCCC2)cc1C#Cc1cnc2ccnn2c1,IC50
CHEMBL2336033,6.34008379993015,457.0,1,Cc1ccc(C(=O)Nc2ccccc2)cc1C#Cc1cnc2ccnn2c1,IC50
CHEMBL2336035,8.58335949266172,2.61,1,Cc1ccc(NC(=O)c2ccc(C)c(C#Cc3cnc4ccnn4c3)c2)cc1,IC50
CHEMBL2336036,5.079876673709276,8320.0,1,Cc1ccc(C(=O)Nc2ccccc2Cl)cc1C#Cc1cnc2ccnn2c1,IC50
CHEMBL2336037,8.31069114087638,4.89,1,Cc1ccc(C(=O)Nc2cccc(Cl)c2)cc1C#Cc1cnc2ccnn2c1,IC50
CHEMBL2336038,7.528708288941061,29.6,1,Cc1ccc(C(=O)Nc2ccc(Cl)cc2)cc1C#Cc1cnc2ccnn2c1,IC50
CHEMBL2336039,7.08460016478773,82.3,1,COc1ccccc1NC(=O)c1ccc(C)c(C#Cc2cnc3ccnn3c2)c1,IC50
CHEMBL2336040,8.721246399047171,1.9,1,COc1cccc(NC(=O)c2ccc(C)c(C#Cc3cnc4ccnn4c3)c2)c1,IC50
CHEMBL2347053,8.0,10.0,1,O=C1Nc2ccccc2/C1=C/c1c[nH]nc1-c1ccccc1[N+](=O)[O-],IC50
CHEMBL2348996,7.638272163982407,23.0,1,Cc1cc(C(=O)Nc2cccc(Oc3ccc4nc(NC(=O)C5CC5)cn4n3)c2)n(C)n1,IC50
CHEMBL2385195,8.4089353929735,3.9,1,COc1cc2c(Oc3ccc(NC(=O)c4nn(-c5ccccc5C(F)(F)F)c5ccccc5c4=O)cc3F)ccnc2cc1OCCCN1CCCC1,IC50
CHEMBL2386594,6.499553136794878,317.5,2,CS(=O)(=O)O.Cc1ccc(NC(=O)c2ccc(CN3CCNCC3)cc2)cc1Nc1nccc(-c2cccnc2)n1,IC50
CHEMBL2386595,6.871701253618577,136.0,2,[2H]C([2H])([2H])N1CCN(Cc2ccc(C(=O)Nc3ccc(C)c(Nc4nccc(-c5cccnc5)n4)c3)cc2)CC1,IC50
CHEMBL2403108,5.718591958885132,2067.5,2,Cc1cc(Nc2ncc(Cl)c(Nc3ccccc3S(=O)(=O)C(C)C)n2)c(OC(C)C)cc1C1CCNCC1,IC50
CHEMBL2403813,6.677563666526421,353.15,2,CC(C)(C)c1cc(NC(=O)Nc2ccc(Nc3ncnc4ccc([N+](=O)[O-])cc34)cc2)n(-c2cccc([N+](=O)[O-])c2)n1,IC50
CHEMBL2403814,7.7784467716313666,22.65,2,CC(C)(C)c1cc(NC(=O)Nc2ccc(Nc3ncnc4ccccc34)cc2)n(-c2cccc([N+](=O)[O-])c2)n1,IC50
CHEMBL2403815,8.16692828635422,6.85,2,CC(C)(C)c1cc(NC(=O)Nc2ccc(Nc3ncnc4ccc(N)cc34)cc2)n(-c2cccc(N)c2)n1,IC50
CHEMBL2403816,8.050637409205253,13.65,2,CC(C)(C)c1cc(NC(=O)Nc2ccc(Nc3ncnc4ccccc34)cc2)n(-c2cccc(N)c2)n1,IC50
CHEMBL2403817,7.09777693727108,162.95,2,CC(C)(C)c1cc(NC(=O)Nc2ccc(Nc3ncnc4ccc(N)cc34)cc2)n(-c2cccc(NC(=O)OCC3c4ccccc4-c4ccccc43)c2)n1,IC50
CHEMBL2403818,7.887397067017049,14.850000000000001,2,CCC(=O)Nc1ccc2ncnc(Nc3ccc(NC(=O)Nc4cc(C(C)(C)C)nn4-c4cccc(N)c4)cc3)c2c1,IC50
CHEMBL2403819,8.576831443935097,2.6500000000000004,2,CN(C)CCCC(=O)Nc1ccc2ncnc(Nc3ccc(NC(=O)Nc4cc(C(C)(C)C)nn4-c4cccc(N)c4)cc3)c2c1,IC50
CHEMBL2403820,8.308541432456234,5.2,2,CN1CCN(CCC(=O)Nc2ccc3ncnc(Nc4ccc(NC(=O)Nc5cc(C(C)(C)C)nn5-c5cccc(N)c5)cc4)c3c2)CC1,IC50
CHEMBL2403821,8.140168658490976,7.449999999999999,2,CC(C)(C)c1cc(NC(=O)Nc2ccc(Nc3ncnc4ccc(NC(=O)CCN5CCOCC5)cc34)cc2)n(-c2cccc(N)c2)n1,IC50
CHEMBL2403874,7.534617148551582,29.2,1,CC(C)(C)c1cc(NC(=O)Nc2cccc(Nc3ncnc4ccccc34)c2)n(-c2cccc([N+](=O)[O-])c2)n1,IC50
CHEMBL2403875,7.521433504406157,30.1,1,CC(C)(C)c1cc(NC(=O)Nc2cccc(Nc3ncnc4ccccc34)c2)n(-c2cccc(N)c2)n1,IC50
CHEMBL2403878,8.346787486224656,4.5,1,O=C(Nc1ccc(Nc2ncnc3ccc([N+](=O)[O-])cc23)cc1)Nc1ccc(Cl)c(C(F)(F)F)c1,IC50
CHEMBL2403879,7.517399149487044,462.0,2,Nc1ccc2ncnc(Nc3ccc(NC(=O)Nc4ccc(Cl)c(C(F)(F)F)c4)cc3)c2c1,IC50
CHEMBL2409775,6.886056647693163,130.0,1,Cc1cc(C(=O)Nc2cccc(Oc3ccc4nc(NC(=O)C5CC5)nn4c3)c2)n(C)n1,IC50
CHEMBL2409778,6.823908740944319,150.0,1,Cc1cc(C(=O)Nc2cc(Oc3ccc4nc(NC(=O)C5CC5)nn4c3)ccc2F)n(C)n1,IC50
CHEMBL2409779,7.6777807052660805,21.0,1,Cc1cc(C(=O)Nc2cccc(Oc3ccc4nc(NC(=O)C5CC5)cn4c3)c2)n(C)n1,IC50
CHEMBL2409781,6.769551078621726,170.0,1,Cc1cc(C(=O)Nc2cccc(Oc3ccc4nc(NC(=O)C5CC5)sc4n3)c2)n(C)n1,IC50
CHEMBL2409790,6.619788758288394,240.0,1,Cc1cc(C(=O)Nc2cccc(Oc3ccc4nc(NC(=O)C5CC5)sc4c3)c2)n(C)n1,IC50
CHEMBL2419669,6.638272163982407,230.0,1,COc1cc2c(Oc3ccc(NC(=O)N/N=C/c4ccc(F)cc4F)cc3F)ccnc2cc1OCCCN1CCC(C)CC1,IC50
CHEMBL2429872,6.400553624274724,397.6,1,CCN(CC)CCNC(=O)c1c(C)[nH]c2c1CCC/C2=C1/C(=O)Nc2ccc(S(=O)(=O)N(CC)CC)cc21,IC50
CHEMBL2430198,7.423658649794207,37.7,1,Cc1[nH]c2c(c1C(=O)NCCc1ccccn1)CCC/C2=C1/C(=O)Nc2ccc(F)cc21,IC50
CHEMBL2430247,8.00436480540245,9.9,1,CCN(CC)CCCNC(=O)c1c(C)[nH]c2c1CCC/C2=C1/C(=O)Nc2ccc(F)cc21,IC50
CHEMBL2430248,8.244125144327509,5.7,1,Cc1[nH]c2c(c1C(=O)NCCCN1CCOCC1)CCC/C2=C1/C(=O)Nc2ccc(F)cc21,IC50
CHEMBL2430249,7.97061622231479,10.7,1,Cc1[nH]c2c(c1C(=O)NCCCN1CCCC1)CCC/C2=C1/C(=O)Nc2ccc(F)cc21,IC50
CHEMBL2430250,8.387216143280265,4.1,1,CCN(CC)CC(O)CNC(=O)c1c(C)[nH]c2c1CCC/C2=C1/C(=O)Nc2ccc(F)cc21,IC50
CHEMBL2430251,8.67778070526608,2.1,1,Cc1[nH]c2c(c1C(=O)N1CCOCC1)CCC/C2=C1/C(=O)Nc2ccc(F)cc21,IC50
CHEMBL2430252,8.10790539730952,7.8,1,Cc1[nH]c2c(c1C(=O)N1CCC(N3CCCCC3)CC1)CCC/C2=C1/C(=O)Nc2ccc(F)cc21,IC50
CHEMBL2430253,8.070581074285707,8.5,1,Cc1[nH]c2c(c1C(=O)N1CCC[C@H]1CN1CCCC1)CCC/C2=C1/C(=O)Nc2ccc(F)cc21,IC50
CHEMBL2430254,8.161150909262744,6.9,1,CCN(CC)CCNC(=O)c1c(C)[nH]c2c1CCC/C2=C1/C(=O)Nc2ccc([N+](=O)[O-])cc21,IC50
CHEMBL2430255,6.592269271973665,255.7,1,CCN(CC)CCNC(=O)c1c(C)[nH]c2c1CCC/C2=C1/C(=O)Nc2ccc(C(=O)OC)cc21,IC50
CHEMBL2430256,7.3655227298392685,43.1,1,CCN(CC)CCNC(=O)c1c(C)[nH]c2c1CCC/C2=C1/C(=O)Nc2cccc(F)c21,IC50
CHEMBL2430257,6.742801573860655,180.8,1,CCN(CC)CCNC(=O)c1c(C)[nH]c2c1CCC/C2=C1/C(=O)Nc2c(F)cccc21,IC50
CHEMBL2430258,8.698970004336019,2.0,1,Cc1[nH]c2c(c1C(=O)NCCN1CCOCC1)CCC/C2=C1/C(=O)Nc2ccc(F)cc21,IC50
CHEMBL2430259,8.236572006437063,5.8,1,Cc1[nH]c2c(c1C(=O)NCCN1CCCCC1)CCC/C2=C1/C(=O)Nc2ccc(F)cc21,IC50
CHEMBL2430260,8.130768280269024,7.4,1,Cc1[nH]c2c(c1C(=O)NCCN1CCCC1)CCC/C2=C1/C(=O)Nc2ccc(F)cc21,IC50
CHEMBL2430261,8.18045606445813,6.6,1,Cc1[nH]c2c(c1C(=O)NCCN(C)C)CCC/C2=C1/C(=O)Nc2ccc(F)cc21,IC50
CHEMBL2430262,8.853871964321762,1.4,1,Cc1[nH]c2c(c1C(=O)NCCO)CCC/C2=C1/C(=O)Nc2ccc(F)cc21,IC50
CHEMBL2430264,8.568636235841012,2.7,1,CCN(CC)CCNC(=O)c1c(C)[nH]c2c1CCC/C2=C1/C(=O)Nc2ccc(Cl)cc21,IC50
CHEMBL2430265,8.638272163982407,2.3,1,CCN(CC)CCNC(=O)c1c(C)[nH]c2c1CCC/C2=C1/C(=O)Nc2ccc(Br)cc21,IC50
CHEMBL2430266,8.387216143280265,4.1,1,CCN(CC)CCNC(=O)c1c(C)[nH]c2c1CCC/C2=C1/C(=O)Nc2ccc(C)cc21,IC50
CHEMBL2430267,7.449771646944906,35.5,1,CCN(CC)CCNC(=O)c1c(C)[nH]c2c1CCC/C2=C1/C(=O)Nc2ccc(OC)cc21,IC50
CHEMBL2435999,6.347077112432058,449.7,1,COc1cc2c(Oc3ccc(NC(=O)c4cc(-c5ccc(C)cc5)ccn4)cc3F)ccnc2cc1OCCCN1CCN(C)CC1,IC50
CHEMBL244378,6.299997602857746,501.19,1,O=C(O)c1ccccc1Nc1ccnc(Nc2ccc3cn[nH]c3c2)n1,Ki
CHEMBL245362,5.020451625295905,9540.0,1,CCCC(=O)Nc1cccc2c1Cc1c-2n[nH]c1-c1ccsc1,IC50
CHEMBL245377,7.309803919971486,49.0,1,CN1CCN(CC(=O)Nc2cccc3c2Cc2c-3n[nH]c2-c2csc(C#CCOc3ccccc3)c2)CC1,IC50
CHEMBL245768,5.363512103646634,4330.0,1,CN1CCN(CC(=O)Nc2cccc3c2Cc2c-3n[nH]c2-c2ccsc2)CC1,IC50
CHEMBL245769,6.756961951313706,175.0,1,COCC(=O)Nc1cccc2c1Cc1c-2n[nH]c1-c1csc(C#CCOc2ccccc2)c1,IC50
CHEMBL245804,7.769551078621726,17.0,1,CS(=O)(=O)CCNC(=O)c1cc(CNc2ccccc2C(=O)Nc2ccc3c(c2)OC(F)(F)O3)ccn1,IC50
CHEMBL245805,7.42021640338319,38.0,1,COCCNC(=O)c1cc(CNc2ccccc2C(=O)Nc2ccc3c(c2)OC(F)(F)O3)ccn1,IC50
CHEMBL245934,5.1438755557577,7180.0,1,OCC1CCN(Cc2cccc3c2Cc2c-3n[nH]c2-c2ccsc2)CC1,IC50
CHEMBL245968,5.363512103646634,4330.0,1,COCCOCC(=O)Nc1cccc2c1Cc1c-2n[nH]c1-c1csc(C#CCOc2ccccc2)c1,IC50
CHEMBL246166,6.896196279044043,127.0,1,COC(=O)C(=O)Nc1cccc2c1Cc1c-2n[nH]c1-c1csc(C#CCOc2ccccc2)c1,IC50
CHEMBL246342,5.251037138743839,5610.0,1,O=C(O)CCNC(=O)c1cccc2c1Cc1c-2n[nH]c1-c1ccsc1,IC50
CHEMBL246343,5.288192770958809,5150.0,1,O=C(O)CNC(=O)c1cccc2c1Cc1c-2n[nH]c1-c1ccsc1,IC50
CHEMBL246356,4.749579997691106,17800.0,1,CNc1ncnc(-c2cccnc2Oc2cc(NC(=O)c3cccc(OC(F)(F)C(F)F)c3)ccc2C)n1,IC50
CHEMBL246423,7.6020599913279625,25.0,1,CS(=O)(=O)Nc1cc(CNc2ccccc2C(=O)Nc2ccc3c(c2)OC(F)(F)O3)ccn1,IC50
CHEMBL246424,8.522878745280337,3.0,1,CNc1nccc(CNc2ccccc2C(=O)Nc2ccc3c(c2)OC(F)(F)O3)n1,IC50
CHEMBL246546,5.777283528852417,1670.0,1,OCCNCc1cccc2c1Cc1c-2n[nH]c1-c1ccsc1,IC50
CHEMBL246608,7.7447274948966935,18.0,1,O=C(NCCO)c1cc(CNc2ccccc2C(=O)Nc2ccc3c(c2)OC(F)(F)O3)ccn1,IC50
CHEMBL247030,7.721246399047171,19.0,1,COCCCNC(=O)c1cc(CNc2ccccc2C(=O)Nc2ccc3c(c2)OC(F)(F)O3)ccn1,IC50
CHEMBL247248,7.6020599913279625,25.0,1,CNC(=O)c1cc(CNc2ncsc2C(=O)Nc2ccc3c(c2)OC(F)(F)O3)ccn1,IC50
CHEMBL247250,8.301029995663981,5.0,1,CNC(=O)Nc1ccc(CNc2ncsc2C(=O)Nc2ccc3c(c2)OC(F)(F)O3)cn1,IC50
CHEMBL247388,5.950781977329818,1120.0,1,COC(=O)C(=O)Nc1cccc2c1Cc1c-2n[nH]c1-c1ccsc1,IC50
CHEMBL247389,5.958607314841775,1100.0,1,O=C(Nc1cccc2c1Cc1c-2n[nH]c1-c1ccsc1)c1ccco1,IC50
CHEMBL247423,8.397940008672037,4.0,1,O=C(Nc1ccc2c(c1)OC(F)(F)O2)c1ccccc1NCc1ccnc(NCCOCCO)c1,IC50
CHEMBL247424,7.698970004336019,20.0,1,O=C(Nc1ccc2c(c1)OC(F)(F)O2)c1ccccc1NCc1ccnc(NCCCn2ccnc2)c1,IC50
CHEMBL247434,7.920818753952375,12.0,1,CNC(=O)c1cc(CNc2ncsc2C(=O)Nc2ccc3c(c2)OC(F)(F)C(F)(F)O3)ccn1,IC50
CHEMBL247435,7.958607314841775,11.0,1,CNC(=O)c1cc(CNc2c(C(=O)Nc3ccc4c(c3)OC(F)(F)O4)cnn2C)ccn1,IC50
CHEMBL247437,8.301029995663981,5.0,1,CNC(=O)c1cc(CNc2ccccc2C(=O)Nc2ccc3c(c2)OC(F)(F)O3)ccn1,IC50
CHEMBL247585,6.7447274948966935,180.0,1,O=C(Nc1cccc2c1Cc1c-2n[nH]c1-c1ccsc1)c1ccccc1,IC50
CHEMBL247591,7.920818753952375,12.0,1,COCCCNc1cc(CNc2ccccc2C(=O)Nc2ccc3c(c2)OC(F)(F)O3)ccn1,IC50
CHEMBL247618,8.522878745280337,3.0,1,CNC(=O)c1cc(CNc2ccsc2C(=O)Nc2ccc3c(c2)OC(F)(F)O3)ccn1,IC50
CHEMBL247619,7.920818753952375,12.0,1,CNC(=O)Nc1ccc(CNc2c(C(=O)Nc3ccc4c(c3)OC(F)(F)C(F)(F)O4)cnn2C)cn1,IC50
CHEMBL247792,7.638272163982407,23.0,1,O=C(Nc1ccc2c(c1)OC(F)(F)O2)c1ccccc1NCc1ccnc(NCCc2cnc[nH]2)c1,IC50
CHEMBL247793,8.154901959985743,7.0,1,CCNC(=O)Nc1cc(CNc2ccccc2C(=O)Nc2ccc3c(c2)OC(F)(F)O3)ccn1,IC50
CHEMBL247797,7.769551078621726,17.0,1,CNC(=O)Nc1ccc(CNc2c(C(=O)Nc3ccc(SC(F)(F)F)cc3)cnn2C)cn1,IC50
CHEMBL247798,8.397940008672037,4.0,1,CCNC(=O)Nc1ccc(CNc2ncsc2C(=O)Nc2ccc3c(c2)OC(F)(F)O3)cn1,IC50
CHEMBL248051,8.698970004336019,2.0,1,NC(=O)c1cc(CNc2ccccc2C(=O)Nc2ccc3c(c2)OC(F)(F)O3)ccn1,IC50
CHEMBL248226,7.6020599913279625,25.0,1,CCNC(=O)c1cc(CNc2ccccc2C(=O)Nc2ccc3c(c2)OC(F)(F)O3)ccn1,IC50
CHEMBL248227,7.236572006437063,58.0,1,CCN(CC)CCNC(=O)c1cc(CNc2ccccc2C(=O)Nc2ccc3c(c2)OC(F)(F)O3)ccn1,IC50
CHEMBL248256,9.0,1.0,1,CC(=O)Nc1cc(CNc2ccccc2C(=O)Nc2ccc3c(c2)OC(F)(F)O3)ccn1,IC50
CHEMBL248257,7.431798275933005,37.0,1,N#Cc1cc(CNc2ccccc2C(=O)Nc2ccc3c(c2)OC(F)(F)O3)ccn1,IC50
CHEMBL248258,7.568636235841013,27.0,1,NC(=S)c1cc(CNc2ccccc2C(=O)Nc2ccc3c(c2)OC(F)(F)O3)ccn1,IC50
CHEMBL24828,6.464705879957229,343.0,1,COc1cc2/c(=N/c3ccc(Br)cc3F)nc[nH]c2cc1OCC1CCN(C)CC1,IC50
CHEMBL248397,7.376750709602099,42.0,1,CCN(CC)CCCNC(=O)c1cc(CNc2ccccc2C(=O)Nc2ccc3c(c2)OC(F)(F)O3)ccn1,IC50
CHEMBL248398,7.795880017344075,16.0,1,O=C(NC1CC1)c1cc(CNc2ccccc2C(=O)Nc2ccc3c(c2)OC(F)(F)O3)ccn1,IC50
CHEMBL248757,5.975584956735824,1059.5,2,N#Cc1ncc2nc1OCCCCOc1cc(NCc3cncs3)c(Cl)cc1NC(=O)N2,Ki
CHEMBL248860,7.886056647693163,13.0,1,COCCNc1cc(CNc2ccccc2C(=O)Nc2ccc3c(c2)OC(F)(F)O3)ccn1,IC50
CHEMBL253292,6.031517051446065,930.0,1,CCN(CC)CCOc1ccc(Nc2cc(NC(=O)Nc3c(Cl)cccc3Cl)ncn2)cc1,IC50
CHEMBL253968,8.045757490560675,9.0,1,O=C(Cn1cc(Nc2nncc3cc(OCCCN4CCC[C@@H]4CO)ccc23)cn1)Nc1cccc(F)c1F,IC50
CHEMBL254702,8.455931955649724,3.5,1,CC1CCN(c2cc(N3CCN(C)CC3)ccc2NC(=O)c2cc(C#N)c[nH]2)CC1,IC50
CHEMBL255863,6.801342913045577,158.0,4,Cc1cn(-c2cc(NC(=O)c3ccc(C)c(Nc4nccc(-c5cccnc5)n4)c3)cc(C(F)(F)F)c2)cn1,IC50
CHEMBL255955,8.154901959985743,7.0,1,Nc1n[nH]c2nccc(-c3ccc(NC(=O)Nc4cccc(C(F)(F)F)c4)cc3)c12,IC50
CHEMBL256712,7.2441251443275085,57.0,2,CC(=O)N1CCC(c2ccc(NC(=O)c3ncc(C#N)[nH]3)c(C3=CCCCC3)c2)CC1,IC50
CHEMBL256893,7.552841968657781,28.0,1,CN1CCN(Cc2ccc(Nc3ncc4c(=O)c(C(N)=O)cn(-c5ccc6c(c5)CCC6)c4n3)cc2)CC1,IC50
CHEMBL257153,7.136677139879544,73.0,2,N#Cc1cnc(C(=O)Nc2ccc(C3CCNCC3)cc2C2=CCS(=O)(=O)CC2)[nH]1,IC50
CHEMBL257154,7.1487416512809245,71.0,2,N#Cc1cnc(C(=O)Nc2ccc(C3CCNCC3)cc2C2=CCCCC2)[nH]1,IC50
CHEMBL259013,7.455931955649724,35.0,1,Nc1ncnc2c1N=C(c1ccc(NC(=O)Nc3ccc(C(F)(F)F)cc3)cc1)CCN2,IC50
CHEMBL259141,4.619224005717909,55250.0,2,NC1CCN(c2ncnc3[nH]ccc23)CC1,Ki
CHEMBL259247,7.853871964321762,14.0,2,Cc1ccc(NC(=O)c2cccc(C(F)(F)F)c2)cc1C(=O)Nc1cncnc1,IC50
CHEMBL259922,6.199998172182031,630.96,1,Cc1ccc(C(=O)Nc2ccon2)cc1Nc1ncnc2c1cnn2-c1ccccc1,Ki
CHEMBL260092,8.610924374808178,3.5,2,Nc1ncnc2c1N=C(c1ccc(NC(=O)Nc3cccc(C(F)(F)F)c3)cc1)CCN2,IC50
CHEMBL260305,6.665546248849069,216.0,1,Cc1ccc(F)c(NC(=O)Nc2ccc(-c3ccc(F)c4onc(N)c34)cc2)c1,IC50
CHEMBL260307,7.1938200260161125,64.0,1,Cc1ccc(F)c(NC(=O)Nc2ccc(-c3ccc(C)c4onc(N)c34)cc2)c1,IC50
CHEMBL260848,7.040958607678906,91.0,1,Nc1ncnc2c1N=C(c1cccc(NC(=O)Nc3cccc(C(F)(F)F)c3)c1)CCN2,IC50
CHEMBL262433,8.154901959985743,7.0,1,Cc1ccc(F)c(NC(=O)Nc2ccc(-c3nsc4ncnc(N)c34)cc2)c1,IC50
CHEMBL262607,7.431798275933005,37.0,1,Cc1ccc(F)c(NC(=O)Nc2ccc(C3=Nc4c(N)ncnc4NCC3)cc2)c1,IC50
CHEMBL263374,5.519705539996994,3022.0,1,Nc1ncnc2c1N=C(c1cccc(NC(=O)Nc3ccccc3)c1)CCN2,IC50
CHEMBL265432,6.823908740944319,150.0,2,CN1CCN(c2ccc(NC(=O)c3ccc(C#N)o3)c(C3=CCCCC3)c2)CC1,IC50
CHEMBL26559,7.198970004336019,205.0,4,Cc1c2ccncc2c(C)c2c1[nH]c1ccc(O)cc12,IC50
CHEMBL269594,4.978810700930062,10500.0,1,CO/N=C/c1c(N)ncnc1N1CCN(C(=O)Nc2ccc(OC(C)C)cc2)CC1,IC50
CHEMBL269862,7.853871964321762,14.0,1,Nc1noc2cccc(-c3ccc(NC(=O)Nc4cc(F)cc(F)c4)cc3)c12,IC50
CHEMBL269884,7.142667503568732,72.0,1,COc1ccc(-c2ccc(NC(=O)Nc3cccc(Cl)c3)cc2)c2c(N)noc12,IC50
CHEMBL269885,8.301029995663981,5.0,1,COc1ccc(NC(=O)Nc2ccc(-c3cccc4onc(N)c34)cc2)cc1,IC50
CHEMBL269886,7.568636235841013,27.0,1,Nc1noc2cccc(-c3ccc(NC(=O)Nc4ccc(C(F)(F)F)cc4)cc3)c12,IC50
CHEMBL269894,8.397940008672037,4.0,1,COc1cccc(NC(=O)Nc2ccc(-c3cccc4onc(N)c34)cc2)c1,IC50
CHEMBL270070,5.352323686759129,4443.0,1,NC(=O)Nc1ccc(-c2cccc3onc(N)c23)cc1,IC50
CHEMBL270084,7.366531544420414,43.0,1,COc1ccc(-c2ccc(NC(=O)Nc3cc(C)ccc3F)cc2)c2c(N)noc12,IC50
CHEMBL270086,7.958607314841775,11.0,1,Nc1noc2cccc(-c3ccc(NC(=O)Nc4cccc(F)c4)cc3)c12,IC50
CHEMBL270302,4.630042392653947,23440.0,1,Nc1noc2cccc(-c3ccc(NC(=O)Nc4ccccc4C(F)(F)F)cc3)c12,IC50
CHEMBL270489,6.943095148663527,114.0,1,Cc1ccc(F)c(NC(=O)Nc2ccc(-c3ccc(CN4CCOCC4)c4onc(N)c34)cc2)c1,IC50
CHEMBL270506,7.301029995663981,50.0,1,Cc1ccc(NC(=O)Nc2ccc(-c3cccc4onc(N)c34)cc2)cc1Cl,IC50
CHEMBL271170,7.638272163982407,23.0,1,Cc1ccc(F)c(NC(=O)Nc2ccc(-c3cccc4onc(N)c34)cc2)c1,IC50
CHEMBL271381,7.269140465218861,74.445,2,COc1ccc(-c2ccc(NC(=O)Nc3cccc(Br)c3)cc2)c2c(N)noc12,IC50
CHEMBL271386,6.4698003017969175,339.0,1,Nc1noc2cccc(-c3ccc(NC(=O)Nc4cc(C(F)(F)F)ccc4F)cc3)c12,IC50
CHEMBL271441,9.299988937677888,0.5012,1,Cc1ccc(F)c(NC(=O)Nc2ccc(-c3cncc4[nH]nc(N)c34)cc2)c1,Ki
CHEMBL271600,8.0,10.0,1,Nc1noc2cccc(-c3ccc(NC(=O)Nc4cccc(Cl)c4)cc3)c12,IC50
CHEMBL271795,6.102372908709558,790.0,1,Cc1ccc(F)c(NC(=O)Nc2ccc(-c3cccc4snc(N)c34)cc2)c1,IC50
CHEMBL271796,6.943095148663527,114.0,1,Nc1noc2cccc(-c3ccc(NC(=O)Nc4cccc(C(F)(F)F)c4)cc3)c12,IC50
CHEMBL271955,6.991399828238082,102.0,1,Nc1noc2cccc(-c3ccc(NC(=O)Nc4ccc(OC(F)(F)F)cc4)cc3)c12,IC50
CHEMBL272183,7.853871964321762,14.0,1,Nc1noc2cccc(-c3ccc(NC(=O)Nc4cccc([N+](=O)[O-])c4)cc3)c12,IC50
CHEMBL272425,5.580044251510242,2630.0,1,Nc1nsc2cccc(-c3ccc(NC(=O)Nc4cccc(C(F)(F)F)c4)cc3)c12,IC50
CHEMBL272453,7.159890277867291,111.765,2,COc1ccc(NC(=O)Nc2ccc(-c3cccc4onc(N)c34)cc2)cc1Cl,IC50
CHEMBL272645,8.301029995663981,5.0,1,Cc1ccc(NC(=O)Nc2ccc(-c3cccc4onc(N)c34)cc2)cc1,IC50
CHEMBL272802,8.154901959985743,7.0,1,Nc1noc2cccc(-c3ccc(NC(=O)Nc4cccc(Br)c4)cc3)c12,IC50
CHEMBL272902,8.301029995663981,5.0,1,Cc1ccc(C(=O)Nc2cccc(C(F)(F)F)c2)cc1C(=O)Nc1cnc(N)nc1,IC50
CHEMBL272938,9.500038134403809,0.3162,1,Cc1cccc(NC(=O)Nc2ccc(-c3cncc4[nH]nc(N)c34)cc2)c1,Ki
CHEMBL273048,6.531652669587842,294.0,1,Cc1ccc(F)c(NC(=O)Nc2ccc(-c3ccc(OC(F)(F)F)c4onc(N)c34)cc2)c1,IC50
CHEMBL273077,7.443697499232712,36.0,1,Nc1noc2cccc(-c3ccc(NC(=O)Nc4ccc(F)c(Cl)c4)cc3)c12,IC50
CHEMBL273187,9.700057099977233,0.1995,2,Cc1cc(NC(=O)Nc2ccc(-c3ccnc4[nH]nc(N)c34)cc2)ccc1F,Ki
CHEMBL273198,6.769551078621726,170.0,1,CCc1ccc(-c2c(-c3cnc(C)[nH]3)c(=O)[nH]c3ccc(C#N)cc23)cc1,IC50
CHEMBL276711,6.3979400086720375,400.0,3,Cc1cc(C)c(/C=C2\C(=O)Nc3ccccc32)[nH]1,IC50
CHEMBL279472,5.9604093769761874,1300.0,4,CCN(CC)CCCNc1nccc2c(C)c3[nH]c4ccc(OC)cc4c3cc12,IC50
CHEMBL282444,5.887345359137068,1300.0,2,CCN(CC)CCCNc1nccc2c(C)c3[nH]c4ccc(O)cc4c3c(C)c12,IC50
CHEMBL288441,6.7423214251308154,181.0,5,COc1cc(Nc2c(C#N)cnc3cc(OCCCN4CCN(C)CC4)c(OC)cc23)c(Cl)cc1Cl,IC50
CHEMBL306295,5.102372908709558,7900.0,1,Oc1cccc(Nc2nnc(Cc3ccncc3)c3ccccc23)c1,IC50
CHEMBL306380,6.090041096299878,909.595,2,Cc1ccc(-c2nn(C(C)(C)C)c3ncnc(N)c23)cc1,IC50
CHEMBL3085827,5.3979400086720375,4000.0,1,CC1(C)CC=C(c2cc(C(C)(C)Nc3ccccn3)ccc2NC(=O)c2ncc(C#N)[nH]2)CC1,IC50
CHEMBL3085828,5.522878745280337,3000.0,1,CC1(C)CC=C(c2cc(C(C)(C)N3CCOCC3)ccc2NC(=O)c2ncc(C#N)[nH]2)CC1,IC50
CHEMBL3085829,6.041773025725037,1775.0,2,CC1(C)CC=C(c2cc(C(C)(C)N3CCS(=O)(=O)CC3)ccc2NC(=O)c2nc(C#N)c[nH]2)CC1,IC50
CHEMBL3085830,6.292429823902063,510.0,1,CN1CCN(C(C)(C)c2ccc(NC(=O)c3ncc(C#N)[nH]3)c(C3=CCC(C)(C)CC3)c2)CC1,IC50
CHEMBL3085831,6.761439372640169,325.0,2,CCN1CCN(C(C)(C)c2ccc(NC(=O)c3ncc(C#N)[nH]3)c(C3=CCC(C)(C)CC3)c2)CC1,IC50
CHEMBL3085832,7.3979400086720375,40.0,1,CC(=O)N1CCN(C(C)(C)c2ccc(NC(=O)c3nc(C#N)c[nH]3)c(C3=CCC(C)(C)CC3)c2)CC1,IC50
CHEMBL3085833,7.886056647693163,13.0,1,CC1(C)CC=C(c2cc(C(C)(C)N3CCN(CCO)CC3)ccc2NC(=O)c2ncc(C#N)[nH]2)CC1,IC50
CHEMBL3085834,7.446225435127657,108.05,2,COCCN1CCN(C(C)(C)c2ccc(NC(=O)c3ncc(C#N)[nH]3)c(C3=CCC(C)(C)CC3)c2)CC1,IC50
CHEMBL3085969,5.721246399047171,1900.0,1,CC1(C)CC=C(c2cc(C(C)(C)CO)ccc2NC(=O)c2nc(C#N)c[nH]2)CC1,IC50
CHEMBL3085971,5.7447274948966935,1800.0,1,CC(=O)N1CCN(CC(C)(C)c2ccc(NC(=O)c3nc(C#N)c[nH]3)c(C3=CCC(C)(C)CC3)c2)CC1,IC50
CHEMBL3085972,7.0,100.0,1,CC1(C)CC=C(c2cc(C(C)(C)CN3CCS(=O)(=O)CC3)ccc2NC(=O)c2nc(C#N)c[nH]2)CC1,IC50
CHEMBL3085973,6.733622810503751,210.0,2,COCCNCC(C)(C)c1ccc(NC(=O)c2nc(C#N)c[nH]2)c(C2=CCC(C)(C)CC2)c1,IC50
CHEMBL3085974,6.142667503568732,720.0,1,CC1(C)CC=C(c2cc(C(C)(C)CNCCS(C)(=O)=O)ccc2NC(=O)c2ncc(C#N)[nH]2)CC1,IC50
CHEMBL3085975,6.443697499232712,360.0,1,CC1(C)CC=C(c2cc(C(C)(C)CN3CCN(CCO)CC3)ccc2NC(=O)c2ncc(C#N)[nH]2)CC1,IC50
CHEMBL3085976,6.717076090663241,246.0,2,CC1(C)CC=C(c2cc(C(C)(C)NCCN3CCOCC3)ccc2NC(=O)c2nc(C#N)c[nH]2)CC1,IC50
CHEMBL3085978,6.522878745280337,300.0,1,CC1(C)CC=C(c2cc(CCN3CCOCC3)ccc2NC(=O)c2ncc(C#N)[nH]2)CC1,IC50
CHEMBL3085983,6.050609993355087,890.0,1,N#Cc1cnc(C(=O)Nc2ccc(CN3CCOCC3)cc2C2=CCCCC2)[nH]1,IC50
CHEMBL3085984,6.275724130399211,530.0,1,CC1(C)CC=C(c2cc(CN3CCN(CCO)CC3)ccc2NC(=O)c2nc(C#N)c[nH]2)CC1,IC50
CHEMBL3086173,5.795880017344075,1600.0,1,N#Cc1c[nH]c(C(=O)Nc2ccc(CCO)cc2C2=CCCCC2)n1,IC50
CHEMBL3086174,5.619788758288394,2400.0,1,CC1(C)CC=C(c2cc(CCO)ccc2NC(=O)c2nc(C#N)c[nH]2)CC1,IC50
CHEMBL3086175,6.920818753952375,120.0,1,N#Cc1cnc(C(=O)Nc2ccc(CCN3CCOCC3)cc2C2=CCCCC2)[nH]1,IC50
CHEMBL3086315,5.6020599913279625,2500.0,1,CC1(C)CC=C(c2cc(C(C)(C)O)ccc2NC(=O)c2nc(C#N)c[nH]2)CC1,IC50
CHEMBL3086316,6.6020599913279625,250.0,1,CN(C)CCOC(C)(C)c1ccc(NC(=O)c2ncc(C#N)[nH]2)c(C2=CCC(C)(C)CC2)c1,IC50
CHEMBL3086317,7.011138197355576,202.5,2,CC1(C)CC=C(c2cc(C(C)(C)OCCN3CCCC3)ccc2NC(=O)c2nc(C#N)c[nH]2)CC1,IC50
CHEMBL3086318,6.582471949139942,628.5,2,CC1(C)CC=C(c2cc(C(C)(C)OCCN3CCOCC3)ccc2NC(=O)c2ncc(C#N)[nH]2)CC1,IC50
CHEMBL3086319,6.6020599913279625,250.0,1,CC1(C)CC=C(c2cc(C(C)(C)NCCO)ccc2NC(=O)c2nc(C#N)c[nH]2)CC1,IC50
CHEMBL3086320,6.83037368298365,281.0,2,COCCNC(C)(C)c1ccc(NC(=O)c2ncc(C#N)[nH]2)c(C2=CCC(C)(C)CC2)c1,IC50
CHEMBL3086322,5.721246399047171,1900.0,1,CC1(C)CC=C(c2cc(C(C)(C)NCCS(C)(=O)=O)ccc2NC(=O)c2nc(C#N)c[nH]2)CC1,IC50
CHEMBL309331,5.853871964321762,1400.0,1,c1ccc(-c2ccc(Nc3nnc(Cc4ccncc4)c4ccccc34)cc2)cc1,IC50
CHEMBL3102946,6.398712252923422,2744.6,2,COc1ccc(-c2cnc3[nH]cc(-c4ccc(OC)c(OC)c4)c3c2)c(OC)c1,IC50
CHEMBL3102948,7.762746180441512,72.05,2,COc1ccc(-c2cnc3[nH]cc(-c4ccc(OC)c(OC)c4)c3c2)cc1OC,IC50
CHEMBL3109337,6.2663735848819675,556.0,2,COCCOc1ccn2c(-c3ccc4cccc(O[C@@H]5CCNC[C@H]5F)c4n3)cnc2c1,IC50
CHEMBL3109338,6.308918507877031,491.0,1,COCCOc1ccn2c(-c3ccc4cccc(O[C@H]5CCNC[C@@H]5F)c4n3)cnc2c1,IC50
CHEMBL3109340,6.017276612331455,961.0,1,COCCOc1ccn2c(-c3ccc4cccc(OC5CCNCC5)c4n3)cnc2c1,IC50
CHEMBL3114018,6.991399828238082,102.0,1,Cc1c2ccc(N(C)c3ccnc(Nc4cccc(F)c4)n3)cc2nn1C,IC50
CHEMBL3114019,7.008773924307505,98.0,1,Cc1c2ccc(N(C)c3ccnc(Nc4cccc(Br)c4)n3)cc2nn1C,IC50
CHEMBL3114020,7.096910013008056,80.0,1,Cc1c2ccc(N(C)c3ccnc(Nc4cccc(Cl)c4)n3)cc2nn1C,IC50
CHEMBL3114021,7.142667503568732,72.0,1,COc1cccc(Nc2nccc(N(C)c3ccc4c(C)n(C)nc4c3)n2)c1,IC50
CHEMBL3114022,7.060480747381382,87.0,1,Cc1cccc(Nc2nccc(N(C)c3ccc4c(C)n(C)nc4c3)n2)c1,IC50
CHEMBL3114023,7.3979400086720375,40.0,1,Cc1cc(C)cc(Nc2nccc(N(C)c3ccc4c(C)n(C)nc4c3)n2)c1,IC50
CHEMBL3114024,7.1487416512809245,71.0,1,CSc1ccc(Nc2nccc(N(C)c3ccc4c(C)n(C)nc4c3)n2)cc1,IC50
CHEMBL3114025,7.050609993355087,89.0,1,Cc1c2ccc(N(C)c3ccnc(Nc4ccc(OC(F)(F)F)cc4)n3)cc2nn1C,IC50
CHEMBL3114026,7.017728766960431,96.0,1,CN(c1ccc2cn(C)nc2c1)c1ccnc(Nc2cccc(F)c2)n1,IC50
CHEMBL3114027,7.142667503568732,72.0,1,CN(c1ccc2cn(C)nc2c1)c1ccnc(Nc2cccc(Cl)c2)n1,IC50
CHEMBL3114028,7.113509274827518,77.0,1,COc1cccc(Nc2nccc(N(C)c3ccc4cn(C)nc4c3)n2)c1,IC50
CHEMBL3114029,7.080921907623926,83.0,1,CN(c1ccc2cn(C)nc2c1)c1ccnc(Nc2ccc(OC(F)(F)F)cc2)n1,IC50
CHEMBL3114030,7.214670164989233,61.0,1,Cc1cc(C)cc(Nc2nccc(N(C)c3ccc4cn(C)nc4c3)n2)c1,IC50
CHEMBL3116440,6.185419483989682,652.5,1,COc1cc2c(Oc3ccc(N/C=C4\C(=O)NC(=O)N(c5ccc(C)cc5)C4=O)cc3F)ccnc2cc1OCCCN1CCCC1,IC50
CHEMBL319894,6.443697499232712,360.0,1,COc1cc2ncnc(N3CCN(/C(S)=N\Cc4ccccc4)CC3)c2cc1OC,IC50
CHEMBL323336,6.886056647693163,130.0,1,COc1cc2ncnc(N3CCN(C(=O)Nc4ccc(Br)cc4)CC3)c2cc1OC,IC50
CHEMBL327127,6.196542884351586,636.0,1,Cn1c(=O)c(-c2c(Cl)cccc2Cl)cc2cnc(Nc3cccc(CO)c3)nc21,IC50
CHEMBL3288854,6.698970004336019,200.0,1,Cc1[nH]c(/C=C2\C(=O)Nc3ccc(F)cc32)c(C)c1NC(=O)CCN1CCN(C)CC1,Ki
CHEMBL3290931,8.364516253185087,4.32,1,COc1cc2c(Oc3ccc(NC(=O)c4nn(-c5ccccc5C(F)(F)F)c(=O)cc4C)cc3F)ccnc2cc1OCCCN1CCOCC1,IC50
CHEMBL330863,7.6777807052660805,21.0,1,COc1cc2c(N3CCN(C(=O)Nc4ccc(OC(C)C)cc4)CC3)ncnc2cc1OCCCN1CCC(C)CC1,IC50
CHEMBL3309402,8.66354026615147,2.17,1,COc1cc2c(Oc3ccc(NC(=O)c4nn(-c5ccc(F)cc5)c(=O)c5ccccc45)cc3F)ccnc2cc1OCCCN1CCCC1,IC50
CHEMBL3319394,7.534617148551582,29.2,1,COc1ccc(-c2c[nH]c3ncc(-c4cccc(N(C)C)c4)cc23)cc1OC,IC50
CHEMBL3319395,6.582694416755475,261.4,1,COc1ccc(-c2c[nH]c3ncc(-c4cccc(C)c4)cc23)cc1OC,IC50
CHEMBL3319445,6.2839966563652006,520.0,1,COc1ccc(-c2c[nH]c3ncc(-c4cccc(F)c4)cc23)cc1OC,IC50
CHEMBL3319446,6.870954940112042,134.6,1,COc1ccc(-c2c[nH]c3ncc(-c4ccccc4)cc23)cc1OC,IC50
CHEMBL3319447,7.493494967595128,32.1,1,COc1ccc(-c2c[nH]c3ncc(-c4ccncc4)cc23)cc1OC,IC50
CHEMBL3319448,6.34934064724547,1695.05,2,COc1ccc(-c2c[nH]c3ncc(-c4cccnc4)cc23)cc1OC,IC50
CHEMBL3319449,6.105130343254747,785.0,1,COc1ccc(-c2c[nH]c3ncc(-c4ccccc4C)cc23)cc1OC,IC50
CHEMBL3319450,5.876148359032914,1330.0,1,COc1ccc(-c2c[nH]c3ncc(-c4ccccc4N)cc23)cc1OC,IC50
CHEMBL3319451,6.370590400897281,426.0,1,COc1ccc(-c2c[nH]c3ncc(-c4ccc(C#N)cc4)cc23)cc1OC,IC50
CHEMBL3319452,7.137868620686962,72.8,1,COc1ccc(-c2c[nH]c3ncc(-c4ccc(F)cc4)cc23)cc1OC,IC50
CHEMBL3319453,6.34008379993015,457.0,1,COc1ccc(-c2c[nH]c3ncc(-c4ccc(Cl)cc4)cc23)cc1OC,IC50
CHEMBL3319454,6.243135775939451,571.3,1,COc1ccc(-c2c[nH]c3ncc(-c4ccc(C)cc4)cc23)cc1OC,IC50
CHEMBL3319455,6.96206052899004,201.55,2,COc1ccc(-c2cnc3[nH]cc(-c4ccc(OC)c(OC)c4)c3c2)cc1,IC50
CHEMBL3319456,6.991399828238082,102.0,1,COc1ccc(-c2c[nH]c3ncc(-c4cc(F)cc(F)c4)cc23)cc1OC,IC50
CHEMBL3319457,7.0101054362812265,97.7,1,COc1cc(-c2c[nH]c3ncc(-c4cccc(N)c4)cc23)cc(OC)c1OC,IC50
CHEMBL3319458,6.982966660701219,104.0,1,COc1ccc(-c2c[nH]c3ncc(-c4cccc(N)c4)cc23)cc1F,IC50
CHEMBL3319459,5.847711655616943,1420.0,1,Nc1cccc(-c2cnc3[nH]cc(-c4ccccc4N)c3c2)c1,IC50
CHEMBL3319461,6.400116927926312,398.0,1,COc1ccc(-c2c[nH]c3ncc(-c4cccc(N)c4)cc23)cc1,IC50
CHEMBL3319462,6.173925197299173,670.0,1,COc1cccc(-c2c[nH]c3ncc(-c4cccc(N)c4)cc23)c1,IC50
CHEMBL3319463,6.494850021680094,320.0,1,COc1cc(OC)cc(-c2c[nH]c3ncc(-c4cccc(N)c4)cc23)c1,IC50
CHEMBL3319464,7.115204636051019,76.7,1,Nc1cccc(-c2cnc3[nH]cc(-c4cccc(N)c4)c3c2)c1,IC50
CHEMBL3319465,5.645891560852599,2260.0,1,Nc1cccc(-c2cnc3[nH]cc(-c4ccc(Cl)cc4)c3c2)c1,IC50
CHEMBL3319466,6.560980511102445,612.55,2,COc1ccc(-c2c[nH]c3ncc(-c4cccc(NC(C)=O)c4)cc23)cc1OC,IC50
CHEMBL3319467,6.554817439275938,4574.25,2,COc1ccc(-c2c[nH]c3ncc(-c4ccc(C(=O)N5CCOCC5)c(N)c4)cc23)cc1OC,IC50
CHEMBL3319468,6.807776695964463,1381.4,2,COc1ccc(-c2c[nH]c3ncc(-c4cc(OC)c(OC)c(OC)c4)cc23)cc1OC,IC50
CHEMBL3319469,7.609064892896621,24.6,1,COc1ccc(-c2c[nH]c3ncc(-c4ccc(C)c(N)c4)cc23)cc1OC,IC50
CHEMBL3319470,7.59176003468815,25.6,1,COc1ccc(-c2cnc3[nH]cc(-c4ccc(OC)c(OC)c4)c3c2)cc1N,IC50
CHEMBL3319471,6.139078211255169,5424.4,2,COc1ccc(-c2c[nH]c3ncc(-c4ccc5c(c4)OCO5)cc23)cc1OC,IC50
CHEMBL3319472,7.643305135983944,32.949999999999996,2,COc1ccc(-c2c[nH]c3ncc(-c4ccc(N)cc4)cc23)cc1OC,IC50
CHEMBL3319473,6.529090297916844,678.9,2,COc1ccc(-c2c[nH]c3ncc(-c4cnc(N)nc4)cc23)cc1OC,IC50
CHEMBL3319474,7.581698708680254,26.2,1,COc1cc(N)cc(-c2cnc3[nH]cc(-c4ccc(OC)c(OC)c4)c3c2)c1,IC50
CHEMBL3319475,6.46276366452845,4276.95,2,COc1ccc(-c2c[nH]c3ncc(-c4ccc(OCCN5CCOCC5)c(N)c4)cc23)cc1OC,IC50
CHEMBL3319476,6.6801372576606175,774.35,2,COc1cccc(-c2cnc3[nH]cc(-c4ccc(OC)c(OC)c4)c3c2)c1,IC50
CHEMBL3326006,8.087246696328677,8.18,2,CCCCNc1ncc2c(-c3ccc(CN4CCN(C)CC4)cc3)cn([C@H]3CC[C@H](O)CC3)c2n1,IC50
CHEMBL3326099,5.214670164989233,6100.0,1,CCN(CC)CCCNc1nc(-c2ccc(NC(=O)Nc3ccc(Cl)cc3)cc2)nc2ccsc12,IC50
CHEMBL3329684,7.853871964321762,14.0,1,COc1ccc(C(=O)NC(=O)Nc2ccc3c(c2)NC(=O)/C3=C\c2[nH]c(C)c(C(=O)NCCN3CCCC3)c2C)c(F)c1,IC50
CHEMBL3335371,8.522878745280337,3.0,1,CC(=O)Nc1cc(Oc2ccc3c(c2)nc(Nc2cccc(C(C)(C)C)c2)n3C)ccn1,IC50
CHEMBL3339360,7.346787486224656,45.0,1,COc1cc2c(Oc3ccc(CC(=O)N/N=C/c4ccc(C(F)(F)F)cc4)cc3F)ccnc2cc1OCCCN1CCCC1,IC50
CHEMBL3343366,8.39577394691553,4.02,1,COc1cc2c(Oc3ccc(NC(=O)c4nnn(-c5ccc(F)cc5)c4C(F)(F)F)cc3F)ccnc2cc1OCCCN1CCCC1,IC50
CHEMBL3343621,5.251811972993799,5600.0,1,Cc1cc(/C=N/NC(=O)Nc2ccc(-c3nc(N4CCOCC4)c4sccc4n3)cc2)cc(C)c1O,IC50
CHEMBL3356289,6.892790030352131,128.0,1,C=CC(=O)N1CCN(c2ccc(/C=C3\C(=O)Nc4ccccc43)cc2)CC1,IC50
CHEMBL3356290,7.1487416512809245,71.0,1,O=C1Nc2ccccc2/C1=C/c1ccc(N2CCN(C(=O)CCCl)CC2)cc1,IC50
CHEMBL3358966,6.045757490560675,900.0,1,COc1cc(-c2nc(-c3c[nH]c4ccccc34)c[nH]c2=O)cc(OC)c1OC,IC50
CHEMBL3358977,5.568636235841013,2700.0,1,COc1cc(-c2nc(-c3c[nH]c4ccc(O)cc34)c[nH]c2=O)cc(OC)c1OC,IC50
CHEMBL3358992,5.130768280269024,7400.0,1,COc1cccc(-c2c[nH]c(=O)c(-c3cc(OC)c(OC)c(OC)c3)n2)c1,IC50
CHEMBL3358994,5.619788758288394,2400.0,1,COc1cc(-c2nc(-c3cccc(Cl)c3)c[nH]c2=O)cc(OC)c1OC,IC50
CHEMBL3358996,6.3979400086720375,400.0,1,COc1cc(-c2nc(-c3ccc(O)cc3)c[nH]c2=O)cc(OC)c1OC,IC50
CHEMBL3358999,6.698970004336019,200.0,1,COc1cc(-c2c[nH]c(=O)c(-c3cc(OC)c(OC)c(OC)c3)n2)ccc1O,IC50
CHEMBL3422092,6.309803919971486,490.0,1,O=C(N[C@@H](c1ccccn1)C1CC1)c1ccc2[nH]nc(-c3ccc(N4[C@H]5CC[C@H]4CC(O)C5)cc3)c2c1,IC50
CHEMBL347537,6.978810700930062,105.0,1,O=C(Nc1cccc(-c2cncc3ccccc23)c1)c1ccccc1NCc1ccncc1,IC50
CHEMBL352308,7.080575454631372,84.5,2,COc1cc2c(Oc3ccc(Nc4ccc(C(C)(C)C)cc4)cc3)ccnc2cc1OCCNCCO,IC50
CHEMBL3545311,6.954677021213342,111.0,3,COc1cc(N2CCC(N3CCN(C)CC3)CC2)ccc1Nc1ncc(Cl)c(Nc2ccccc2P(C)(C)=O)n1,IC50
CHEMBL3545413,6.176851940189306,665.5,1,Cc1ncc(NC(=O)c2ccc(CN3CCN(C)CC3)c(C(F)(F)F)c2)cc1Nc1nccc(-c2cccnc2)n1,IC50
CHEMBL3582427,5.657577319177793,2200.0,1,N#Cc1ccc(-c2cnc3ccc(NCc4ccccc4)nn23)cc1,IC50
CHEMBL3582439,5.259637310505756,5500.0,1,Fc1cccc([C@H]2CCCN2c2ccc3ncc(-c4ccccn4)n3n2)c1,IC50
CHEMBL3582441,6.102372908709558,790.0,1,O=C(O)CN1CCN(c2cc(-c3cnc4ccc(N5CCC[C@@H]5c5cccc(F)c5)nn34)ccn2)CC1,IC50
CHEMBL3582442,5.154901959985743,7000.0,1,OC1CCN(c2cc(-c3cnc4ccc(N5CCC[C@@H]5c5cccc(F)c5)nn34)ccn2)CC1,IC50
CHEMBL3593283,7.698970004336019,20.0,1,Cc1nc(Nc2ncc(-c3ccc(NC(=O)Nc4ccccc4)cc3)s2)cc(N2CCN(C)CC2)n1,IC50
CHEMBL3593290,7.013228265733755,97.0,2,CCc1cc(NC(=O)Nc2ccc(-c3cnc(Nc4cc(N5CCN(CC)CC5)nc(C)n4)s3)cc2)no1,IC50
CHEMBL3593291,7.823908740944319,15.0,1,CCc1cc(NC(=O)Nc2ccc(-c3cnc(Nc4cc(N5CCC(N)C5)nc(C)n4)s3)cc2)no1,IC50
CHEMBL3593293,7.267606240177032,54.0,1,CCN1CCN(c2cc(Nc3ncc(-c4ccc(NS(=O)(=O)c5ccccc5)cc4)s3)nc(C)n2)CC1,IC50
CHEMBL3594105,7.4179366370882915,38.2,1,COc1cc2c(Oc3ccc(NC(=O)c4[nH]c(=O)n(-c5ccccc5Cl)c4C)cc3F)ccnc2cc1OCCCN1CCN(C)CC1,IC50
CHEMBL3608784,6.7447274948966935,180.0,1,O=C(NCc1cccc(NC(=O)c2cnc3ccccn23)c1)Nc1ccccc1,IC50
CHEMBL3608785,8.008773924307505,9.8,1,Cc1ccc(CNC(=O)Nc2ccccc2)cc1NC(=O)c1cnc2ccccn12,IC50
CHEMBL3608786,7.721246399047171,19.0,1,Cc1ccc(CNC(=O)Nc2cccc(F)c2)cc1NC(=O)c1cnc2ccccn12,IC50
CHEMBL3608787,6.508638306165727,310.0,1,Cc1ccc([C@H](C)NC(=O)Nc2ccccc2)cc1NC(=O)c1cnc2ccccn12,IC50
CHEMBL3608789,6.853871964321762,140.0,1,Cc1ccc([C@H](C)NC(=O)Nc2cccc(F)c2)cc1NC(=O)c1cnc2ccccn12,IC50
CHEMBL3608791,6.795880017344075,160.0,1,Cc1ccc([C@H](C)Nc2nc3cc(F)ccc3o2)cc1NC(=O)c1cnc2ccccn12,IC50
CHEMBL3621496,7.3872161432802645,41.0,1,CN1CCN(C(=O)c2ccc3c(c2)[nH]c2c(C(N)=O)ccc(-c4ccccc4F)c23)CC1,IC50
CHEMBL3621515,6.326979092871103,471.0,1,CC(=O)Nc1cccc(-c2ccc(C(N)=O)c3[nH]c4cc(C(=O)N5CCN(C)CC5)ccc4c23)c1C,IC50
CHEMBL3622193,5.978810700930062,1050.0,1,CN1CCN(C(=O)c2ccc3c(c2)[nH]c2c(C(N)=O)ccc(-c4cccc(NC(=O)c5ccc(N(C)C)cc5)c4F)c23)CC1,IC50
CHEMBL3623375,6.531652669587842,294.0,1,CN(C)CCCNC(=O)c1csc2nc(-c3ccc(NC(=O)Nc4cc(C(C)(C)C)on4)cc3)cn12,IC50
CHEMBL3628796,8.522878745280337,3.0,1,COc1cc2ncnc(Nc3ccc(NC(=O)Nc4cccc(Br)c4)cc3)c2cc1OC,IC50
CHEMBL3628797,9.0,1.0,1,O=C(Nc1ccc(Nc2ncnc3ccccc23)cc1)Nc1cccc(Br)c1,IC50
CHEMBL3628798,9.0,1.0,1,O=C(Nc1ccc(Nc2ncnc3sccc23)cc1)Nc1cccc(Br)c1,IC50
CHEMBL3628799,8.221848749616356,6.0,1,O=C(Nc1ccc(Nc2ncnc3sc4c(c23)CCCC4)cc1)Nc1cccc(Br)c1,IC50
CHEMBL3628807,7.853871964321762,14.0,1,O=C(Nc1ccc(Oc2ncnc3ccccc23)cc1)Nc1cccc(Br)c1,IC50
CHEMBL3628808,7.958607314841775,11.0,1,O=C(Nc1ccc(Oc2ncnc3sccc23)cc1)Nc1cccc(Br)c1,IC50
CHEMBL3628811,7.769551078621726,17.0,1,O=C(Nc1ccc(Oc2ncnc3sc4c(c23)CCCC4)cc1)Nc1cccc(Br)c1,IC50
CHEMBL3629013,3.2724587429714433,534000.0,1,N#Cc1ccnc(Nc2cc(C3CCN(C4COC4)CC3)n(C3CCCC3)n2)c1,IC50
CHEMBL3632717,7.698970004336019,20.0,1,Cn1c(Nc2cccc(C(C)(C)C)c2)nc2cc(Oc3ccnc(-c4ncc[nH]4)c3)ccc21,IC50
CHEMBL3632719,7.698970004336019,20.0,1,Cn1c(Nc2cccc(C(C)(C)C)c2)nc2cc(Oc3ccnc(-c4ncc(C(F)(F)F)[nH]4)c3)ccc21,IC50
CHEMBL3639728,6.0655015487564325,860.0,5,COc1ncc(F)cc1CNc1ccc(Cc2c[nH]c3ncc(C)cc23)c(F)n1,IC50
CHEMBL3642830,7.080921907623926,83.0,2,C=CC(=O)Nc1ccc(C(=O)Nc2ccc(C)c(Nc3nccc(-c4cccnc4)n3)c2)cc1C(F)(F)F,IC50
CHEMBL3642831,5.0,10000.0,2,Cc1ccc(NC(=O)c2ccc(NS(=O)(=O)c3cnccc3Cl)cc2)cc1Nc1nccc(-c2cccnc2)n1,IC50
CHEMBL3642832,6.761953896871205,173.0,2,Cc1ccc(NC(=O)c2ccc(NS(=O)(=O)c3ccc(Cl)nc3)cc2)cc1Nc1nccc(-c2cccnc2)n1,IC50
CHEMBL3642833,6.306643530570701,598.5,4,Cc1ccc(NC(=O)c2ccc(NC(=O)CCl)cc2)cc1Nc1nccc(-c2cccnc2)n1,IC50
CHEMBL3642834,5.0,10000.0,2,Cc1ccc(NC(=O)c2ccc(NC(=O)C(C)Cl)cc2)cc1Nc1nccc(-c2cccnc2)n1,IC50
CHEMBL3642835,5.038531444649213,9151.0,2,Cc1ccc(NC(=O)c2ccc(NC(=O)/C=C/CN(C)C)c(C(F)(F)F)c2)cc1Nc1nccc(-c2cccnc2)n1,IC50
CHEMBL3642836,5.805208242278075,1566.0,6,Cc1ccc(C(=O)Nc2ccc(NC(=O)/C=C/CN(C)C)c(C(F)(F)F)c2)cc1Nc1nccc(-c2cccnc2)n1,IC50
CHEMBL3642837,6.91425378637355,138.7,8,Cc1ccc(C(=O)Nc2ccc(NC(=O)CCl)c(C(F)(F)F)c2)cc1Nc1nccc(-c2cccnc2)n1,IC50
CHEMBL3644445,6.696156225111346,201.3,2,Nc1ccc(-c2n[nH]c3c2Cc2sccc2-3)cc1,IC50
CHEMBL3644446,6.856672870007953,139.1,2,Oc1cccc(Cc2ccc(-c3n[nH]c4c3Cc3sccc3-4)cc2)c1,IC50
CHEMBL3644447,7.657577319177793,22.0,2,COc1ccc(-c2cc3c(s2)Cc2c(-c4ccc(OC)cc4)n[nH]c2-3)cc1,IC50
CHEMBL3644448,7.605548319173784,24.8,2,COc1ccc(-c2n[nH]c3c2Cc2sc(-c4cccnc4)cc2-3)cc1,IC50
CHEMBL3644449,7.560667306169737,27.5,2,COc1ccc(-c2n[nH]c3c2Cc2sc(-c4ccc(N)nc4)cc2-3)cc1,IC50
CHEMBL3644450,7.913640169325252,12.2,2,COc1ccc(-c2n[nH]c3c2Cc2sc(-c4ccc(NC(=O)CN5CCCC5)nc4)cc2-3)cc1,IC50
CHEMBL3646210,7.566870482419515,27.11,2,Cc1cccc(NC(=O)Nc2ccc(-c3csc4c(-c5cnn(C[C@H](C)O)c5)cnc(N)c34)cc2)c1,IC50
CHEMBL3646211,7.90031935889075,12.58,2,COc1ccc(NC(=O)Nc2ccc(-c3csc4c(-c5cnn(C[C@H](O)CO)c5)cnc(N)c34)cc2)cc1,IC50
CHEMBL364623,8.301029995663981,5.0,1,Cc1cc(Nc2ncc(C(=O)Nc3c(C)cccc3Cl)s2)nc(C)n1,IC50
CHEMBL365784,7.823908740944319,15.0,3,COc1ccc(NC(=O)Nc2ccc(-c3c(C)sc4ncnc(N)c34)cc2)cc1,IC50
CHEMBL366241,7.551450489942221,28.09,2,CCc1sc2ncnc(N)c2c1-c1ccc(NC(=O)Nc2cccc(C)c2)cc1,IC50
CHEMBL3674570,7.698970004336019,20.0,2,CC1(C)CC=C(c2nc(C3CC(C)(C)OC(C)(C)C3)ccc2NC(=O)c2nc(C#N)c[nH]2)CC1,IC50
CHEMBL3680619,7.376750709602099,42.0,2,N#Cc1cnc(C(=O)Oc2ccc(C3CCN(C(=O)CCN4CCOCC4)CC3)cc2C2=CCCCC2)[nH]1,IC50
CHEMBL3680620,7.301029995663981,50.0,2,N#Cc1cn(OC(=O)C(F)(F)F)c(C(=O)Nc2ccc(C3CCN(Cc4ccccn4)CC3)cc2C2=CCCCC2)n1,IC50
CHEMBL3680621,7.096910013008056,80.0,2,N#CCCN1CCC(c2ccc(NC(=O)c3nc(C#N)cn3OC(=O)C(F)(F)F)c(C3=CCCCC3)c2)CC1,IC50
CHEMBL3680622,7.4089353929735005,39.0,2,CN(C)CC(=O)N1CCC(c2ccc(OC(=O)c3ncc(C#N)[nH]3)c(C3=CCCCC3)c2)CC1,IC50
CHEMBL3680623,6.795880017344075,160.0,2,CS(=O)(=O)CCN1CCC(c2ccc(OC(=O)c3ncc(C#N)[nH]3)c(C3=CCCCC3)c2)CC1,IC50
CHEMBL3680624,7.0,100.0,2,N#Cc1cnc(C(=O)Nc2ccc(C3CCN(CC(=O)OC(=O)C(F)(F)F)CC3)cc2C2=CCCCC2)[nH]1,IC50
CHEMBL3680625,8.096910013008056,8.0,2,N#Cc1cnc(C(=O)Oc2ccc(C3CCN(C(=O)[C@H](O)CO)CC3)cc2C2=CCCCC2)[nH]1,IC50
CHEMBL3680626,7.920818753952375,12.0,2,CN(C)CC(=O)C1=CCC(C)(C)CC1OC(=O)c1ncc(C#N)[nH]1,IC50
CHEMBL3680627,7.4089353929735005,39.0,2,CC1(C)CC=CC(C(COC(=O)c2ncc(C#N)[nH]2)S(C)(=O)=O)C1,IC50
CHEMBL3683258,9.744727494896694,0.18,2,CN[C@@H]1CC2OC([C@@H]1OC)n1c3ccccc3c3c4c(c5c6ccccc6n2c5c31)C(=O)NC4,IC50
CHEMBL3690072,6.652600912088637,1136.5,4,Cc1ccc(NC(=O)c2ccc3c(c2)CCC3N2CCN(C)CC2)cc1Nc1nccc(-c2cccnc2)n1,IC50
CHEMBL3690073,5.925915310971756,1186.0,2,Cc1ccc(NC(=O)c2ccc3c(c2)CCC3N2CCN(C(=O)OC(C)(C)C)CC2)cc1Nc1nccc(-c2cccnc2)n1,IC50
CHEMBL3690074,7.795880017344075,16.0,2,Cc1ccc(NC(=O)c2ccc3c(c2)CCC3N2CCNCC2)cc1Nc1nccc(-c2cccnc2)n1,IC50
CHEMBL3690075,7.585026652029182,26.0,2,CCN1CCN(C2CCc3cc(C(=O)Nc4ccc(C)c(Nc5nccc(-c6cccnc6)n5)c4)ccc32)CC1,IC50
CHEMBL3690076,7.638272163982407,23.0,2,Cc1ccc(NC(=O)c2ccc3c(c2)CCC3N2CCN(C(C)C)CC2)cc1Nc1nccc(-c2cccnc2)n1,IC50
CHEMBL3690077,7.494850021680094,32.0,2,Cc1ccc(NC(=O)c2ccc3c(c2)CCC3N2CCN(CCO)CC2)cc1Nc1nccc(-c2cccnc2)n1,IC50
CHEMBL3690078,6.276544327964814,529.0,2,CC(=O)N1CCN(C2CCc3cc(C(=O)Nc4ccc(C)c(Nc5nccc(-c6cccnc6)n5)c4)ccc32)CC1,IC50
CHEMBL3690079,7.494850021680094,32.0,6,Cc1ccc(NC(=O)c2ccc3c(c2)CCC3N2CCN(C)CC2)cc1Nc1nccc(-c2cncnc2)n1,IC50
CHEMBL3690080,7.292429823902063,51.0,2,Cc1ccc(NC(=O)c2ccc3c(c2)CCC3N2CCC(N(C)C)C2)cc1Nc1nccc(-c2cccnc2)n1,IC50
CHEMBL3690081,7.494850021680094,32.0,2,Cc1ccc(NC(=O)c2ccc3c(c2)CCC3N2CC[C@@H](N(C)C)C2)cc1Nc1nccc(-c2cccnc2)n1,IC50
CHEMBL3690082,8.070581074285707,8.5,2,Cc1ccc(NC(=O)c2ccc3c(c2)CC[C@@H]3N2CCN(C)CC2)cc1Nc1nccc(-c2cccnc2)n1,IC50
CHEMBL3690083,6.279014255846261,526.0,2,Cc1ccc(NC(=O)c2ccc3c(c2)CCC3N2CCN(C)CC2)cc1Nc1nccc(-c2ccncc2)n1,IC50
CHEMBL369908,6.017728766960431,960.0,3,Cc1cccc(NC(=O)Nc2ccc(-c3c(Cc4ccncc4)sc4ncnc(N)c34)cc2)c1,IC50
CHEMBL3702566,5.211266141172293,6148.0,2,Cn1c(=O)c(Sc2ccc(F)cc2)cc2cnc(Nc3ccc4[nH]ccc4c3)nc21,IC50
CHEMBL370325,6.853871964321762,140.0,3,Cc1sc2ncnc(N)c2c1-c1ccc(NC(=O)Nc2cccc(C(F)(F)F)c2)cc1,IC50
CHEMBL370545,7.552841968657781,28.0,3,COc1cc(-c2csc3ncnc(N)c23)ccc1NC(=O)Nc1cccc(C)c1,IC50
CHEMBL371206,7.721246399047171,19.0,3,Cc1cc(C)cc(NC(=O)Nc2ccc(-c3c(C)sc4ncnc(N)c34)cc2)c1,IC50
CHEMBL371225,7.086186147616283,82.0,3,CCCc1sc2ncnc(N)c2c1-c1ccc(NC(=O)Nc2cccc(C)c2)cc1,IC50
CHEMBL371329,8.045757490560675,9.0,4,Cc1cccc(NC(=O)Nc2ccc(-c3c(C)sc4ncnc(N)c34)cc2)c1,IC50
CHEMBL371332,6.699480900891103,199.765,2,Cc1cccc(NC(=O)Nc2ccc(-c3csc4ncnc(N)c34)c(Cl)c2)c1,IC50
CHEMBL371379,6.101185971778044,792.165,2,Cc1cccc(NC(=O)Nc2ccc(-c3c(Cc4cccnc4)sc4ncnc(N)c34)cc2)c1,IC50
CHEMBL371510,7.42021640338319,38.0,3,Cc1cccc(NC(=O)Nc2ccc(-c3csc4ncnc(N)c34)cc2F)c1,IC50
CHEMBL371889,7.721246399047171,19.0,3,COc1cccc(NC(=O)Nc2ccc(-c3c(C)sc4ncnc(N)c34)cc2)c1,IC50
CHEMBL372174,7.5376020021010435,29.0,3,Cc1sc2ncnc(N)c2c1-c1ccc(NC(=O)Nc2ccc(Cl)cc2)cc1,IC50
CHEMBL372388,6.096910013008056,800.0,3,Cc1cccc(NC(=O)Nc2ccc(-c3c(CN4CCN(C)CC4)sc4ncnc(N)c34)cc2)c1,IC50
CHEMBL373798,8.711944552939581,7.6256,2,Nc1n[nH]c2cccc(-c3ccc(NC(=O)Nc4cccc(F)c4)cc3)c12,IC50
CHEMBL373845,6.5376020021010435,290.0,2,Cc1cccc(NC(=O)Nc2ccc(-c3ccc(CN4CCN(C)CC4)c4[nH]nc(N)c34)cc2)c1,IC50
CHEMBL374044,8.0,10.0,3,Cc1cc(NC(=O)Nc2ccc(-c3cccc4[nH]nc(N)c34)cc2)ccc1F,IC50
CHEMBL374330,7.769551078621726,17.0,2,Cc1ccc(NC(=O)Nc2ccc(-c3cccc4[nH]nc(N)c34)cc2)cc1,IC50
CHEMBL3745919,6.252588192113577,559.0,1,CN(C)CC(=O)N1CCC[C@@H](n2nc(-c3ccc(Oc4ccccc4)cc3)c3c(N)ncnc32)C1,IC50
CHEMBL3746776,6.221848749616356,600.0,1,C[C@H]1Cc2c(ncnc2Oc2ccc3c(ccn3C(=O)Nc3cc(C4(C)CC4)[nH]n3)c2)CN1,IC50
CHEMBL374752,8.301029995663981,5.0,2,Cc1cccc(NC(=O)Nc2ccc(-c3ccc(F)c4[nH]nc(N)c34)cc2)c1,IC50
CHEMBL375670,7.886056647693163,13.0,2,Nc1n[nH]c2cccc(-c3ccc(NC(=O)Nc4cccc(Cl)c4)cc3)c12,IC50
CHEMBL376077,7.0655015487564325,86.0,2,Cc1ccccc1NC(=O)Nc1ccc(-c2cccc3[nH]nc(N)c23)cc1,IC50
CHEMBL376245,7.275724130399211,53.0,2,Cc1cccc(NC(=O)Nc2ccc(-c3ccc(OCCN4CCCC4=O)c4[nH]nc(N)c34)cc2)c1,IC50
CHEMBL376307,7.376750709602099,42.0,2,Nc1n[nH]c2cccc(-c3ccc(NC(=O)Nc4ccsc4)cc3)c12,IC50
CHEMBL3764279,6.789146634685107,162.5,1,C=CCc1cccc(/C=N/NC(=O)Nc2ccc(Oc3ccnc4cc(OCCCN5CCCCC5)c(OC)cc34)c(F)c2)c1O,IC50
CHEMBL376951,7.958607314841775,11.0,1,Cc1cccc(NC(=O)Nc2ccc(-c3nsc4ncnc(N)c34)cc2)c1,IC50
CHEMBL377193,6.301029995663981,500.0,2,O=C(c1cc2cc(O)ccc2[nH]1)c1cc2cc(O)ccc2[nH]1,IC50
CHEMBL377400,5.011173592954724,9746.0,1,Cc1cccc(NC(=O)N(Cc2ccc(-c3[nH]nc4c3Cc3cc(CN5CCN(C)CC5)ccc3-4)s2)C(C)C)c1,IC50
CHEMBL377408,5.800000874803203,1584.89,1,CCOc1nc(C(=O)NCc2ccccc2S(N)(=O)=O)cc(N)c1C#N,Ki
CHEMBL3774451,6.488678244082296,324.58,1,O=C(Nc1ccc(Oc2ccnc3[nH]ccc23)c(F)c1)c1nnn(-c2ccc(F)cc2)c1C(F)(F)F,IC50
CHEMBL377734,6.431798275933005,370.0,1,O=C(NC1CC1)c1cc(NCc2cnc(Nc3ccccn3)s2)c(F)cc1F,IC50
CHEMBL3780676,6.440332721611942,362.8,1,COc1cc2c(Oc3ccc(NC(=O)c4c(Cl)c5ccccc5n(-c5ccc(F)cc5)c4=O)cc3F)ccnc2cc1OCCCN1CCN(C)CC1,IC50
CHEMBL378489,6.027797161620936,938.0,1,COc1cc2nccc(Oc3ccc(NC(=S)NC(=O)c4ccccc4)cc3)c2cc1OC,IC50
CHEMBL3787112,6.173925197299173,670.0,1,Nc1ncnc2c1c(-c1cccc(O)c1)cn2[C@H]1C[C@@H](CN2CCC2)C1,IC50
CHEMBL378831,7.42021640338319,38.0,1,CN1CCN(Cc2ccc3c(c2)-c2n[nH]c(-c4ccc(CN(C)C(=O)Nc5cccc(Cl)c5)s4)c2C3)CC1,IC50
CHEMBL378895,7.6020599913279625,25.0,1,CN1CCN(Cc2ccc3c(c2)Cc2c-3n[nH]c2-c2ccc(CN(C)C(=O)Nc3cc(F)cc(C(F)(F)F)c3)s2)CC1,IC50
CHEMBL379088,7.251811972993799,56.0,1,CN1CCN(Cc2ccc3c(c2)Cc2c-3n[nH]c2-c2ccc(CN(C)C(=O)Nc3cccc(OC(F)(F)F)c3)s2)CC1,IC50
CHEMBL379218,5.236572006437063,5800.0,1,Cc1n[nH]c2ccc(-c3cncc(OC[C@@H](N)Cc4ccccc4)c3)cc12,Ki
CHEMBL380068,7.1249387366083,75.0,1,CCCN(Cc1ccc(-c2[nH]nc3c2Cc2cc(CN4CCN(C)CC4)ccc2-3)s1)C(=O)Nc1cccc(C)c1,IC50
CHEMBL380243,7.443697499232712,36.0,1,CN1CCN(Cc2ccc3c(c2)-c2n[nH]c(-c4ccc(CN(C)C(=O)Nc5ccc(Cl)cc5)s4)c2C3)CC1,IC50
CHEMBL380397,7.42021640338319,38.0,1,CN1CCN(Cc2ccc3c(c2)Cc2c(-c4ccc(CNC(=O)Nc5cc(Cl)cc(Cl)c5)s4)n[nH]c2-3)CC1,IC50
CHEMBL3805771,6.051587034221399,888.0,1,CCN1CCN(Cc2ccc(NC(=O)CNc3ccc(-c4ccc(NC(=O)C5CC5)nc4)cc3)cc2C(F)(F)F)CC1,IC50
CHEMBL3806189,5.82131076022441,1509.0,2,CN1CCN(Cc2ccc(NC(=O)CNc3ccc(-c4ccc(NC(=O)C5CC5)nc4)cc3F)cc2C(F)(F)F)CC1,IC50
CHEMBL380703,7.721246399047171,19.0,1,COc1cc2nccc(Oc3ccc(NC(=O)Oc4ccccc4)cc3)c2cc1OC,IC50
CHEMBL3809489,6.0,1000.0,1,Nc1nc(Nc2ccc3c(c2)CC[C@@H](N2CCCC2)CC3)nn1-c1cc2c(nn1)-c1ccccc1CCC2,IC50
CHEMBL3809935,7.00436480540245,99.0,1,Cc1ccc(NC(=O)c2cccc(C(F)(F)F)c2)cc1OC1CCN(C(=O)c2ccncc2)CC1,IC50
CHEMBL381034,6.756961951313706,175.0,3,Cc1sc2ncnc(N)c2c1-c1ccc(NC(=O)Nc2cc(Cl)cc(Cl)c2)cc1,IC50
CHEMBL381207,6.739928612014925,182.0,3,Cc1sc2ncnc(N)c2c1-c1ccc(NC(=O)Nc2cc(C(F)(F)F)ccc2F)cc1,IC50
CHEMBL3813873,7.568636235841013,27.0,13,FC(F)(F)c1ccc(CNc2ccc(Cc3c[nH]c4ncc(Cl)cc34)cn2)cn1,IC50
CHEMBL382112,6.031517051446065,930.0,3,Cc1cccc(NC(=O)Nc2ccc(-c3c(CCC(=O)N(C)C)sc4ncnc(N)c34)cc2)c1,IC50
CHEMBL3823520,8.028724151261894,9.36,1,COc1cc2c(Oc3ccc(NC(=O)c4cn(-c5ccccc5Cl)nn4)cc3F)ccnc2cc1OCCCN1CCCCC1,IC50
CHEMBL3823543,6.259637310505756,550.0,2,COc1cc(-c2nn(CCN3CCC(N(C)C)CC3)c3ncnc(N)c23)ccc1NCc1ccccc1,IC50
CHEMBL382399,6.815308569182402,153.0,1,COc1cc2ncnc(Oc3ccc(N/C(S)=N/CC4CCCCC4)cc3)c2cc1OC,IC50
CHEMBL382517,7.657577319177793,22.0,3,Cc1sc2ncnc(N)c2c1-c1ccc(NC(=O)Nc2cccc(Cl)c2)cc1,IC50
CHEMBL383264,4.581698708680254,26200.0,1,N[C@H](COc1cncc(-c2ccc3cnccc3c2)c1)Cc1c[nH]c2ccccc12,IC50
CHEMBL384294,7.229147988357855,59.0,1,CN1CCN(Cc2ccc3c(c2)-c2n[nH]c(-c4ccc(CN(C)C(=O)Nc5ccc(F)cc5)s4)c2C3)CC1,IC50
CHEMBL386637,5.552841968657781,2800.0,1,CN(C)[C@H]1CCCN(c2ccc(C(F)(F)F)cc2NC(=O)c2cc(C#Cc3cnc(N)nc3)ccc2F)C1,IC50
CHEMBL3884319,7.119186407719209,76.0,1,CC1(C)C(=O)N([C@H]2CCc3c(O)cccc32)c2nc(Nc3ccccc3)ncc21,IC50
CHEMBL388978,7.638272163982407,23.0,13,CN[C@@H]1C[C@H]2O[C@@](C)([C@@H]1OC)n1c3ccccc3c3c4c(c5c6ccccc6n2c5c31)C(=O)NC4,IC50
CHEMBL3889822,7.161150909262744,69.0,2,Cc1ccc(-c2noc(C3CC3(F)F)n2)cc1NC(=O)c1cnc2ccc(COCC(F)(F)F)cn12,IC50
CHEMBL3890397,7.2839966563652006,52.0,2,Cc1ccn2c(C(=O)Nc3cc(-c4noc([C@H]5C[C@@H]5F)n4)ccc3C)cnc2c1,IC50
CHEMBL3890985,6.51427857351842,306.0,4,O=C(Nc1n[nH]c2cc(OCCOCc3ccccc3)ccc12)c1ccc(N2CC(N3CCCC3)C2)cc1,IC50
CHEMBL3891043,7.161150909262744,69.0,2,COC(=O)NC1(c2nc(-c3ccc(C)c(NC(=O)c4cnc5ccccn45)c3)no2)CCC1,IC50
CHEMBL3891305,7.6020599913279625,25.0,2,Cc1ccc(-c2noc(C3CC(=CCCO)C3)n2)cc1NC(=O)c1cnc2ccccn12,IC50
CHEMBL3892043,7.309803919971486,49.0,2,Cc1cc(C)c(-c2noc(C3CC(F)(F)C3)n2)cc1NC(=O)c1cnc2ccccn12,IC50
CHEMBL3892244,7.214670164989233,61.0,3,CN1CCC(Nc2ccc(C(=O)Nc3n[nH]c4cc(OCCOCc5ccccc5)ccc34)cc2)CC1,IC50
CHEMBL3892831,5.96738123914928,1078.0,4,CN1CCN(c2cccc(C(=O)Nc3n[nH]c4cc(OCCOCc5ccccc5)ccc34)c2)CC1,IC50
CHEMBL3893527,7.267606240177032,54.0,2,Cc1ccc(-c2noc(C3CC(F)(F)C3)n2)cc1NC(=O)c1cnc2ccc(CCN3CCOCC3)cn12,IC50
CHEMBL3893688,6.97469413473523,106.0,2,Cc1ccc(-c2noc(CCNC(=O)OC3(C)CC3)n2)cc1NC(=O)c1cnc2ccccn12,IC50
CHEMBL3893868,5.368556230986828,4280.0,2,Cc1ccc(-c2noc(C3CC(NCCCO)C3)n2)cc1NC(=O)c1cnc2ccccn12,IC50
CHEMBL3894450,6.59176003468815,256.0,1,Cc1ccc(NC(=O)c2ccc(CN3CCN(C)CC3)c(C(F)(F)F)c2)cc1OC1CCN(C(=O)c2ccncc2)CC1,IC50
CHEMBL3894487,6.603800652904264,249.0,2,Cc1ccc(-c2noc(C3CC(F)(F)C3)n2)cc1NC(=O)c1cnc2ccc(CN3CCN(C)CC3)cn12,IC50
CHEMBL3894634,6.7447274948966935,180.0,4,CN(c1ccc(C(=O)Nc2n[nH]c3cc(OCCOCc4ccccc4)ccc23)cc1)C1CC[N+](C)([O-])CC1,IC50
CHEMBL3895187,7.251811972993799,56.0,2,Cc1ccc(-c2noc(C3CC(O)(C(F)(F)F)C3)n2)cc1NC(=O)c1cnc2cc(F)ccn12,IC50
CHEMBL3895386,6.0195421077238995,956.0,4,CN1CCN(c2ccc(C(=O)Nc3n[nH]c4cc(OCCOc5ccccc5)ccc34)cc2)CC1,IC50
CHEMBL3895465,7.795880017344075,16.0,2,CC(C)(O)Cn1cc(-c2ccc3ncc(C(=O)Nc4cc(-c5noc(C6CC(F)(F)C6)n5)ccc4F)n3c2)cn1,IC50
CHEMBL3897148,7.2839966563652006,52.0,2,Cc1ccc(-c2noc(C3CC4(C3)OCCCO4)n2)cc1NC(=O)c1cnc2ccccn12,IC50
CHEMBL3897565,7.619788758288394,24.0,2,Cc1ccc(-c2nc(C3CC(F)(F)C3)no2)cc1NC(=O)c1cnc2ccccn12,IC50
CHEMBL3897919,6.962573502059376,109.0,4,Cc1ccc(-c2noc([C@H]3C[C@H](N)C3)n2)cc1NC(=O)c1cnc2ccccn12,IC50
CHEMBL3898232,7.055517327849832,88.0,4,COc1ccc(COCCOc2ccc3c(NC(=O)c4ccc(N5CCN(C)CC5)cc4)n[nH]c3c2)cc1,IC50
CHEMBL3898486,7.026872146400302,94.0,2,Cc1ccc(-c2noc(C3CC(F)(F)C3)n2)cc1NC(=O)c1cnc2ccc(C(N)=O)cn12,IC50
CHEMBL3898742,7.5376020021010435,29.0,4,Cc1ccc(-c2noc(C3CC(F)(F)C3)n2)cc1NC(=O)c1cnc2ccc(COCCF)cn12,IC50
CHEMBL3899039,8.045757490560675,9.0,2,Cc1ccc(-c2noc(C3CC(F)(F)C3)n2)cc1NC(=O)c1cnc2ccc(-c3cn[nH]c3)cn12,IC50
CHEMBL3899146,6.863279432843593,137.0,2,Cc1ccc(-c2noc(C3(CO)CC3)n2)cc1NC(=O)c1cnc2ccccn12,IC50
CHEMBL3899224,7.337242168318426,46.0,2,Cc1ccc(-c2noc(C3CC(F)(F)C3)n2)cc1NC(=O)c1cnc2ccc(F)cn12,IC50
CHEMBL3899589,7.259637310505756,55.0,2,Cc1ccc(-c2noc(C3CC4(C3)OCCO4)n2)cc1NC(=O)c1cnc2ccccn12,IC50
CHEMBL3900179,7.055517327849832,88.0,2,Cc1ccc(-c2noc(C3CC4(CCCO4)C3)n2)cc1NC(=O)c1cnc2ccccn12,IC50
CHEMBL3900488,7.2441251443275085,57.0,2,Cc1ccc(-c2noc(C3CC3)n2)cc1NC(=O)c1cnc2ccccn12,IC50
CHEMBL3900520,6.756961951313706,175.0,2,Cc1ccc(-c2noc([C@H]3C[C@@](C)(O)C3)n2)cc1NC(=O)c1cnc2ccc(F)cn12,IC50
CHEMBL3900616,7.337242168318426,46.0,2,Cc1ccc(-c2noc(C3CC(F)(F)C3)n2)cc1NC(=O)c1cnc2ccc(N3C[C@@H](C)O[C@@H](C)C3)cn12,IC50
CHEMBL3900816,5.822463500070138,1505.0,4,CN1CCN(c2ccc(C(=O)Nc3n[nH]c4cc(OCC#Cc5ccccc5)ccc34)cc2)CC1,IC50
CHEMBL390156,7.585026652029182,26.0,1,CN1CCN(Cc2ccc3c(c2)Cc2c(-c4csc(C#CCOc5ccccc5)c4)n[nH]c2-3)CC1,IC50
CHEMBL3901679,7.455931955649724,35.0,2,Cc1ccc(-c2noc(C3CC(=NOCC4CC4)C3)n2)cc1NC(=O)c1cnc2ccccn12,IC50
CHEMBL3902141,7.481486060122112,33.0,2,Cc1ccc(-c2noc(C3CC(F)(F)C3)n2)cc1NC(=O)c1cnc2cc(C3CCN(S(C)(=O)=O)CC3)ccn12,IC50
CHEMBL3902502,7.508638306165727,31.0,2,Cc1ccc(-c2noc(C3CC(F)(F)C3)n2)cc1NC(=O)c1cnc2ccc(CCC(C)(C)O)cn12,IC50
CHEMBL3902638,7.180456064458132,66.0,2,Cc1ccc(-c2noc(C3CC(=NOC(C)C)C3)n2)cc1NC(=O)c1cnc2ccccn12,IC50
CHEMBL3902657,6.2564902352715706,554.0,2,COCC(=O)NC1(c2nc(-c3ccc(C)c(NC(=O)c4cnc5ccccn45)c3)no2)CC1,IC50
CHEMBL3903054,7.823908740944319,15.0,2,CON=C1CC(c2nc(-c3ccc(C)c(NC(=O)c4cnc5ccccn45)c3)no2)C1,IC50
CHEMBL3903979,7.710108201691595,19.5,4,Cc1ccn2c(C(=O)Nc3cc(-c4noc(C5CC(F)(F)C5)n4)ccc3C)cnc2c1,IC50
CHEMBL3904217,7.6020599913279625,25.0,2,Cc1ccn2c(C(=O)Nc3cc(-c4noc([C@H]5C[C@](O)(C(F)(F)F)C5)n4)ccc3C)cnc2c1,IC50
CHEMBL3904400,7.886056647693163,13.0,2,Cc1ccc(-c2noc(C3CC(F)(F)C3)n2)cc1NC(=O)c1cnc2ccc(-c3cscn3)cn12,IC50
CHEMBL3904505,6.422508200162775,378.0,2,Cc1ccc(-c2noc(C3CC(F)(F)C3)n2)cc1NC(=O)c1cnc2cc(OC(F)F)ccn12,IC50
CHEMBL3904832,7.337242168318426,46.0,2,Cc1ccn2c(C(=O)Nc3cc(-c4noc(C5CC(F)C5)n4)ccc3C)cnc2c1,IC50
CHEMBL3904897,8.522878745280337,3.0,2,Cc1ccc(-c2noc(COC3CC(F)(F)C3(F)F)n2)cc1NC(=O)c1cnc2ccccn12,IC50
CHEMBL3904904,7.6020599913279625,25.0,2,COCCO[C@H]1C[C@@H](c2nc(-c3ccc(C)c(NC(=O)c4cnc5ccccn45)c3)no2)C1,IC50
CHEMBL3905003,6.8326826652518236,147.0,2,Cc1ccc(-c2noc(C3CC/C(=N/O)C3)n2)cc1NC(=O)c1cnc2ccccn12,IC50
CHEMBL3905997,6.954677021213342,111.0,2,Cc1ccc(-c2noc(C3(F)CCC3)n2)cc1NC(=O)c1cnc2ccccn12,IC50
CHEMBL3906886,6.4736607226101555,336.0,1,Cc1ccc(NC(=O)c2ccc(CN3CCN(C)CC3)c(C(F)(F)F)c2)cc1OC1CCN(C(=O)c2cnccc2C)CC1,IC50
CHEMBL3907108,7.2839966563652006,52.0,4,O=C(Nc1n[nH]c2cc(OCCOCc3ccccc3)ccc12)c1ccc(N2CCNCC2)cc1,IC50
CHEMBL3907264,7.236572006437063,58.0,4,CN1CCN(c2ccc(C(=O)Nc3n[nH]c4cc(OCCOCc5cccc(C(F)(F)F)c5)ccc34)cc2)CC1,IC50
CHEMBL3907270,6.533132379645891,293.0,2,Cc1ccc(-c2noc(C3CC(F)(F)C3)n2)c(C)c1NC(=O)c1cnc2ccccn12,IC50
CHEMBL3908277,6.982966660701219,104.0,4,Cc1ccc(-c2noc(C3CC(F)(F)C3)n2)cc1NC(=O)c1cnc2cc(C#N)ccn12,IC50
CHEMBL3908289,8.045757490560675,9.0,2,CO[C@H]1C[C@@H](c2nc(-c3ccc(C)c(NC(=O)c4cnc5ccccn45)c3)no2)C1,IC50
CHEMBL3909005,7.805416957817734,21.0,4,Cc1ccc(-c2noc(C3CC(F)(F)C3)n2)cc1NC(=O)c1cnc2ccccn12,IC50
CHEMBL3909229,7.236572006437063,58.0,2,Cc1ccc(-c2noc(C3(N(C)C)CC3)n2)cc1NC(=O)c1cnc2ccccn12,IC50
CHEMBL3909463,7.136677139879544,73.0,2,COC(=O)NC1(c2nc(-c3ccc(C)c(NC(=O)c4cnc5ccccn45)c3)no2)CC(F)(F)C1,IC50
CHEMBL3909870,6.146910470148135,713.0,4,CN1CCN(c2ccc(C(=O)Nc3n[nH]c4cc(Oc5cccc(OCc6ccccc6)c5)ccc34)cc2)CC1,IC50
CHEMBL3911821,6.812479279163537,154.0,4,Cc1nnc(-c2ccc3ncc(C(=O)Nc4cc(-c5noc(C6CC(F)(F)C6)n5)ccc4F)n3c2)[nH]1,IC50
CHEMBL3911955,6.7625423819836135,173.0,4,Cc1ccc(-c2noc(C3CC(C)(O)C3)n2)cc1NC(=O)c1cnc2ccccn12,IC50
CHEMBL3912032,7.301029995663981,50.0,1,CN1CCN(c2ccc(C(=O)Nc3n[nH]c4cc(OCCOCc5ccc(C(F)(F)F)cc5)ccc34)cc2)CC1,IC50
CHEMBL3912313,7.236572006437063,58.0,2,Cc1ccc(-c2noc(CNC(=O)OC3(C)CC3)n2)cc1NC(=O)c1cnc2ccccn12,IC50
CHEMBL3912742,6.804100347590766,157.0,2,Cc1ccc(-c2noc(C3CC(F)(F)C3)n2)cc1NC(=O)c1cnc2ccc(C(C)O)cn12,IC50
CHEMBL3913704,7.769551078621726,17.0,2,Cc1ccc(-c2noc(C3CC4(CC(=O)C4)C3)n2)cc1NC(=O)c1cnc2ccccn12,IC50
CHEMBL3913884,7.221848749616356,60.0,2,Cc1ccc(-c2noc(C3CC(F)(F)C3)n2)cc1NC(=O)c1cnc2ccc(CO)cn12,IC50
CHEMBL3914373,8.221848749616356,6.0,2,Cc1ccc(-c2noc(C3CC(F)(F)C3)n2)cc1NC(=O)c1cnc2ccc(-c3cnn(CC(C)(C)O)c3)cn12,IC50
CHEMBL3914378,6.346787486224656,450.0,2,COc1cc2[nH]c3ncnc(N4CCN(C(=S)NCc5ccc6c(c5)OCO6)CC4)c3c2cc1OC,IC50
CHEMBL3914620,7.886056647693163,13.0,2,Cc1ccc(-c2noc(C3CC(F)(F)C3)n2)cc1NC(=O)c1cnc2cc(-c3c[nH]nn3)ccn12,IC50
CHEMBL3914862,7.050609993355087,89.0,2,Cc1cc(C)c(-c2noc([C@@H]3CC3(F)F)n2)cc1NC(=O)c1cnc2ccccn12,IC50
CHEMBL3914934,7.102372908709558,79.0,2,Cc1ccc(-c2noc(C3CC(F)(F)C3)n2)cc1NC(=O)c1cnc2ccc(COCC(F)(F)F)cn12,IC50
CHEMBL3914974,6.287350298372789,516.0,2,Cc1ccc(-c2noc(C3(C(N)=O)CC3)n2)cc1NC(=O)c1cnc2ccc(F)cn12,IC50
CHEMBL3915093,8.154901959985743,7.0,2,Cc1ccc(-c2noc(C3CC(F)(F)C3)n2)cc1NC(=O)c1cnc2ccc(-c3cnn(C)c3)cn12,IC50
CHEMBL3916043,7.638272163982407,23.0,2,Cc1ccc(-c2noc(C3CCC3)n2)cc1NC(=O)c1cnc2ccccn12,IC50
CHEMBL3917040,6.454692883534176,351.0,2,Cc1ccc(-c2noc(C3CC(F)(F)C3)n2)cc1NC(=O)c1cnc2ccc(-c3cnn(CC(=O)O)c3)cn12,IC50
CHEMBL3917218,7.086186147616283,82.0,2,Cc1ccc(-c2noc(C3CC(F)(F)C3)n2)cc1NC(=O)c1cnc2ccc(CCN3CCN(C)CC3)cn12,IC50
CHEMBL391781,7.721246399047171,19.0,1,O=C(Nc1ccc2c(c1)OC(F)(F)C(F)(F)O2)c1ccccc1NCc1ccncc1,IC50
CHEMBL3920689,6.000434511774017,999.0,2,COC1(C(F)(F)F)CC(c2nc(-c3ccc(C)c(N(C)C(=O)c4cnc5ccccn45)c3)no2)C1,IC50
CHEMBL3922116,7.180456064458132,66.0,2,Cc1ccc(-c2noc(C3CC4(CC(O)C4)C3)n2)cc1NC(=O)c1cnc2ccccn12,IC50
CHEMBL3922314,6.248720896016658,564.0,4,CN1CCN(c2ccc(C(=O)Nc3n[nH]c4cc(Oc5cccc(F)c5)ccc34)cc2)CC1,IC50
CHEMBL3922635,6.928117992693875,118.0,4,C[N+]1([O-])CCN(c2ccc(C(=O)Nc3n[nH]c4cc(OCCOCc5ccccc5)ccc34)cc2)CC1,IC50
CHEMBL3923164,7.619788758288394,24.0,2,Cc1ccc(C(=O)NC2CC(F)(F)C2)cc1NC(=O)c1cnc2ccccn12,IC50
CHEMBL3923361,6.764471553092451,172.0,4,CN1CCN(c2ccc(C(=O)Nc3n[nH]c4cc(Oc5ccccc5)ccc34)cc2)CC1,IC50
CHEMBL3924103,4.301029995663981,50000.0,2,O=S(=O)(Nc1ncccn1)c1ccc(NC(=S)N2CCN(c3ncnc4c3sc3ncccc34)CC2)cc1,IC50
CHEMBL3925055,7.036212172654444,92.0,2,Cc1ccc(-c2noc(CCC3(O)CC3)n2)cc1NC(=O)c1cnc2ccccn12,IC50
CHEMBL392600,7.022276394711152,95.0,1,O=C(Nc1ccc2c(c1)OC(F)(F)C(F)(F)O2)c1ncsc1NCc1ccncc1,IC50
CHEMBL3926159,6.705533773838407,197.0,2,Cc1ccc(-c2noc(C3(N)CCC3)n2)cc1NC(=O)c1cnc2ccccn12,IC50
CHEMBL3926364,8.0,10.0,2,CCC1CC(c2nc(-c3ccc(C)c(NC(=O)c4cnc5ccccn45)c3)no2)C1,IC50
CHEMBL3926630,7.585026652029182,26.0,2,Cc1ccc(-c2noc(C3CC(F)(F)C3)n2)cc1NC(=O)c1cnc2ccc(-c3cnn(CCN4CCOCC4)c3)cn12,IC50
CHEMBL3926830,4.301029995663981,50000.0,2,COc1cc2ncnc(N3CCN(C(=S)Nc4ccc(S(=O)(=O)Nc5ncccn5)cc4)CC3)c2cc1OC,IC50
CHEMBL3926837,7.050609993355087,89.0,2,Cc1ccc(-c2noc(C3(NC(=O)OC(C)(C)C)CC3)n2)cc1NC(=O)c1cnc2ccccn12,IC50
CHEMBL3927095,7.431798275933005,37.0,2,COCc1ccc2ncc(C(=O)Nc3cc(-c4noc(C5CC(F)(F)C5)n4)ccc3C)n2c1,IC50
CHEMBL3927187,6.987162775294828,103.0,2,C=C1CC(c2nc(-c3ccc(F)c(NC(=O)c4cnc5ccccn45)c3)no2)C1,IC50
CHEMBL3927230,7.619788758288394,24.0,2,Cc1ccc(-c2noc(C3CCC(F)(F)CC3)n2)cc1NC(=O)c1cnc2ccccn12,IC50
CHEMBL3928804,7.3979400086720375,40.0,2,Cc1ccc(-c2noc(CC3CC3)n2)cc1NC(=O)c1cnc2ccccn12,IC50
CHEMBL3929658,7.657577319177793,22.0,2,COCc1n[nH]c(-c2ccc3ncc(C(=O)Nc4cc(-c5noc(C6CC(F)(F)C6)n5)ccc4C)n3c2)n1,IC50
CHEMBL3929856,7.301029995663981,50.0,2,Cc1ccc(-c2noc(C3CC(O)(C4CC4)C3)n2)cc1NC(=O)c1cnc2ccccn12,IC50
CHEMBL3930020,7.236572006437063,58.0,2,Cc1ccc(-c2noc(C3CCC(=O)C3)n2)cc1NC(=O)c1cnc2ccccn12,IC50
CHEMBL3931117,7.920818753952375,12.0,2,Cc1ccc(-c2noc(C3CC4(C3)OC[C@H](C)O4)n2)cc1NC(=O)c1cnc2ccccn12,IC50
CHEMBL3931223,6.568636235841013,270.0,1,COc1cc2c(Oc3ccc(NC(=O)c4cn(-c5ccccc5OC)cn4)cc3F)ccnc2cc1OCCCN1CCN(C)CC1,IC50
CHEMBL3931551,6.8297382846050425,148.0,2,COC(=O)NC1CC(c2nc(-c3ccc(C)c(NC(=O)c4cnc5ccccn45)c3)no2)C1,IC50
CHEMBL3931573,7.259637310505756,55.0,4,C[N+]1([O-])CCN(c2ccc(C(=O)Nc3n[nH]c4cc(OCCOCc5ccc(C(F)(F)F)cc5)ccc34)cc2)CC1,IC50
CHEMBL3931937,7.173925197299173,67.0,2,COC(=O)NC1(c2nc(-c3ccc(C)c(NC(=O)c4cnc5cc(C)ccn45)c3)no2)CC(F)(F)C1,IC50
CHEMBL3931975,7.585026652029182,26.0,2,Cc1ccc2ncc(C(=O)Nc3cc(-c4noc(C5CC(F)(F)C5)n4)ccc3C)n2c1,IC50
CHEMBL3932110,7.113509274827518,77.0,2,Cc1cn(-c2ccc3ncc(C(=O)Nc4cc(-c5noc(C6CC(F)(F)C6)n5)ccc4C)n3c2)cn1,IC50
CHEMBL3932308,5.161906861554401,6888.0,4,CN1CCN(c2ccc(C(=O)Nc3n[nH]c4cc(OC5CCN(Cc6ccccc6)CC5)ccc34)cc2)CC1,IC50
CHEMBL3933914,6.590066876668706,257.0,2,Cc1ccc(-c2noc([C@H]3C[C@@H](N4CCOCC4)C3)n2)cc1NC(=O)c1cnc2ccccn12,IC50
CHEMBL3934146,6.405607449624573,393.0,2,Cc1ccc(-c2noc(C3CC(N4CCN(C)CC4)C3)n2)cc1NC(=O)c1cnc2ccccn12,IC50
CHEMBL3935251,7.585026652029182,26.0,2,Cc1ccc(-c2noc(C3CC(F)(F)C3)n2)cc1NC(=O)c1cnc2ccc(N3CCOCC3)cn12,IC50
CHEMBL3935261,4.560667306169737,27500.0,2,O=S(=O)(Nc1ncccn1)c1ccc(NC(=S)N2CCN(c3ncnc4c3oc3ccccc34)CC2)cc1,IC50
CHEMBL3936700,6.872895201635193,134.0,4,CN(C)Cc1ccc(C(=O)Nc2n[nH]c3cc(OCCOCc4ccccc4)ccc23)cc1,IC50
CHEMBL3937614,7.337242168318426,46.0,2,COC1(C(F)(F)F)CC(c2nc(-c3ccc(C)c(NC(=O)c4cnc5ccccn45)c3)no2)C1,IC50
CHEMBL3937726,6.7423214251308154,181.0,2,Cc1ccc(-c2noc([C@H]3C[C@@H](O)C3)n2)cc1NC(=O)c1cnc2ccc(F)cn12,IC50
CHEMBL3937810,6.94692155651658,113.0,4,CN1CCN(c2ccc(C(=O)Nc3n[nH]c4cc(OCCOCc5ccccc5)ccc34)cc2)CC1,IC50
CHEMBL3938398,6.962573502059376,109.0,3,CN1CCC(N(C)c2ccc(C(=O)Nc3n[nH]c4cc(OCCOCc5ccccc5)ccc34)cc2)CC1,IC50
CHEMBL3938534,5.55206713440782,2805.0,4,CN1CCN(c2ccc(C(=O)Nc3n[nH]c4cc(OCc5ccccc5)ccc34)cc2)CC1,IC50
CHEMBL3939150,7.1249387366083,75.0,1,Cc1ccc(C(=O)N2CCC(Oc3cc(NC(=O)c4ccc(CN5CCN(C)CC5)c(C(F)(F)F)c4)ccc3C)CC2)cn1,IC50
CHEMBL3939348,7.113509274827518,77.0,2,COC(=O)N(C(=O)OC)C1(c2nc(-c3ccc(C)c(NC(=O)c4cnc5ccccn45)c3)no2)CC1,IC50
CHEMBL3939442,6.671620396561262,213.0,2,Cc1ccc(-c2noc(C3CC(=NOCCN4CCOCC4)C3)n2)cc1NC(=O)c1cnc2ccccn12,IC50
CHEMBL3939480,7.070581074285707,85.0,2,O=C(Nc1cc(-c2noc(C3CC(F)(F)C3)n2)ccc1F)c1cnc2ccc(-c3cnn(CCN4CCOCC4)c3)cn12,IC50
CHEMBL3939906,6.98724466357371,103.0,4,COCCOCc1ccc2ncc(C(=O)Nc3cc(-c4noc(C5CC(F)(F)C5)n4)ccc3C)n2c1,IC50
CHEMBL3940137,7.259637310505756,55.0,3,CN1CCC(Oc2ccc(C(=O)Nc3n[nH]c4cc(OCCOCc5ccccc5)ccc34)cc2)CC1,IC50
CHEMBL3940486,7.346787486224656,45.0,2,CC(=O)CCc1ccc2ncc(C(=O)Nc3cc(-c4noc(C5CC(F)(F)C5)n4)ccc3C)n2c1,IC50
CHEMBL3940734,6.841637507904751,144.0,2,Cc1ccc(-c2noc(C3(O)CCC3)n2)cc1NC(=O)c1cnc2ccccn12,IC50
CHEMBL3941339,7.180456064458132,66.0,2,Cc1ccc(-c2noc([C@@H]3CC3(F)F)n2)cc1NC(=O)c1cnc2ccccn12,IC50
CHEMBL3942804,6.844663962534939,143.0,2,Cc1ccc(-c2noc([C@H]3C[C@H](NS(C)(=O)=O)C3)n2)cc1NC(=O)c1cnc2ccccn12,IC50
CHEMBL3942958,6.268411234813262,539.0,2,Cc1ccc(-c2noc(C3CC(F)(F)C3)n2)cc1NC(=O)c1cnc2cc(C3CCNCC3)ccn12,IC50
CHEMBL3943797,6.705533773838407,197.0,4,O=C(Nc1n[nH]c2cc(OCCOCc3ccccc3)ccc12)c1ccc(NCCN2CCOCC2)cc1,IC50
CHEMBL3943835,8.045757490560675,9.0,2,Cc1ccn2c(C(=O)Nc3cc(-c4noc(COC5CC(F)(F)C5(F)F)n4)ccc3C)cnc2c1,IC50
CHEMBL3944021,6.87942606879415,132.0,2,Cc1ccc(-c2noc(CNC(=O)C3CC3(F)F)n2)cc1NC(=O)c1cnc2ccccn12,IC50
CHEMBL3944175,6.856985199745905,139.0,2,Cc1ccc(-c2noc(C3CC(F)(F)C3)n2)cc1NC(=O)c1cnc2ccc(-n3cncc3C)cn12,IC50
CHEMBL3944318,6.4089353929735005,390.0,2,Cc1ccc(-c2noc(C3CC(F)(F)C3)n2)cc1NC(=O)c1cnc2cc(CC(C)(C)O)ccn12,IC50
CHEMBL394503,8.301029995663981,5.0,1,CNC(=O)Nc1cc(CNc2ccccc2C(=O)Nc2ccc3c(c2)OC(F)(F)O3)ccn1,IC50
CHEMBL3945174,7.236572006437063,58.0,2,COC(=O)NC1(c2nc(-c3ccc(C)c(NC(=O)c4cnc5ccccn45)c3)no2)CC1,IC50
CHEMBL394619,6.599997654072044,251.19,1,Cc1cccc(NC(=O)Nc2ccc(-c3csc4ccnc(N)c34)cc2)c1,Ki
CHEMBL3946412,6.692503962086787,203.0,2,CO/N=C1/CCC(c2nc(-c3ccc(C)c(NC(=O)c4cnc5ccccn45)c3)no2)C1,IC50
CHEMBL3946811,8.471083299722345,3.38,1,COc1cc2c(Oc3ccc(NC(=O)c4nn(-c5ccccc5F)c(=O)n4C)cc3F)ccnc2cc1OCCCN1CCN(C)CC1,IC50
CHEMBL394790,6.0999990348465305,794.33,1,Nc1nccc2scc(-c3ccc(NC(=O)Nc4cccc(Cl)c4)cc3)c12,Ki
CHEMBL3948219,6.924453038607469,119.0,4,Cc1ccc(-c2noc([C@H]3C[C@@](C)(O)C3)n2)cc1NC(=O)c1cnc2ccccn12,IC50
CHEMBL3948485,6.841637507904751,144.0,2,O=C(Nc1cc(-c2noc(C3CC(F)(F)C3)n2)ccc1F)c1cnc2ccccn12,IC50
CHEMBL3948550,7.2839966563652006,52.0,2,Cc1ccc(-c2noc(C3CC3(F)F)n2)cc1NC(=O)c1cnc2ccccn12,IC50
CHEMBL3949264,7.251811972993799,56.0,2,Cc1ccc2ncc(C(=O)Nc3cc(-c4noc(C5CC(F)C5)n4)ccc3C)n2c1,IC50
CHEMBL3949507,6.97061622231479,107.0,2,Cc1ccn2c(C(=O)Nc3cc(-c4noc(C5CC5(F)F)n4)ccc3C)cnc2c1,IC50
CHEMBL3950548,7.494850021680094,32.0,2,Cc1ccc(-c2noc(C3CC(F)(F)C3)n2)cc1NC(=O)c1cnc2ccc(COCC(F)F)cn12,IC50
CHEMBL395080,4.497572880015567,31800.0,1,COc1cc(-c2ccc3c(c2)Nc2ccc(CC(=O)Nc4ccc(N5CCOCC5)cc4)cc2NC3=O)ccc1N,IC50
CHEMBL3950843,7.119186407719209,76.0,4,CN(C)C1CCN(c2ccc(C(=O)Nc3n[nH]c4cc(OCCOCc5ccccc5)ccc34)cc2)CC1,IC50
CHEMBL3952539,6.97469413473523,106.0,4,CN(C)CCN(C)c1ccc(C(=O)Nc2n[nH]c3cc(OCCOCc4ccccc4)ccc23)cc1,IC50
CHEMBL3953054,6.782516055786093,165.0,2,Cc1ccc(-c2noc(C3CC(F)(F)C3)n2)cc1NC(=O)c1cnc2ccc(CC(C)(C)O)cn12,IC50
CHEMBL3953445,7.3979400086720375,40.0,2,Cc1ccc(-c2noc([C@H]3C[C@](O)(C(F)(F)F)C3)n2)cc1NC(=O)c1cnc2ccc(F)cn12,IC50
CHEMBL395427,6.208309350979882,619.0,1,CCOC(=O)CC(=O)Nc1cccc2c1Cc1c-2n[nH]c1-c1csc(C#CCOc2ccccc2)c1,IC50
CHEMBL3954477,7.251811972993799,56.0,2,Cc1ccc(-c2noc(C3(NS(C)(=O)=O)CC3)n2)cc1NC(=O)c1cnc2ccccn12,IC50
CHEMBL3955836,7.022276394711152,95.0,2,Cc1ccc(-c2noc(C3(NS(C)(=O)=O)CCC3)n2)cc1NC(=O)c1cnc2ccccn12,IC50
CHEMBL3955925,7.309803919971486,49.0,2,Cc1ccc(-c2noc(C3CCC3)n2)cc1NC(=O)c1cnc2ccc(COCC(F)(F)F)cn12,IC50
CHEMBL395694,5.357535479757878,4390.0,1,CCS(=O)(=O)Nc1cccc2c1Cc1c-2n[nH]c1-c1ccsc1,IC50
CHEMBL395695,6.045757490560675,900.0,1,Cc1cc(C(=O)Nc2cccc3c2Cc2c-3n[nH]c2-c2ccsc2)no1,IC50
CHEMBL395700,8.045757490560675,9.0,1,O=C(Nc1ccc2c(c1)OC(F)(F)O2)c1ccccc1NCc1ccnc(NCCCO)c1,IC50
CHEMBL395705,7.318758762624412,48.0,1,O=C(NCc1ccccc1)Nc1cc(CNc2ccccc2C(=O)Nc2ccc3c(c2)OC(F)(F)O3)ccn1,IC50
CHEMBL3957831,6.669586226650809,214.0,1,Cc1cncc(C(=O)N2CCC(Oc3cc(NC(=O)c4ccc(CN5CCN(C)CC5)c(C(F)(F)F)c4)ccc3C)CC2)c1,IC50
CHEMBL3958497,6.790484985457369,162.0,2,Cc1ccc(-c2nnc(C3CC(F)(F)C3)o2)cc1NC(=O)c1cnc2ccccn12,IC50
CHEMBL3959040,6.6252516539898965,237.0,2,Cc1ccc(-c2noc(C3CC(F)(F)C3)n2)cc1NC(=O)c1cnc2ccc(CCC(=O)OC(C)(C)C)cn12,IC50
CHEMBL3960064,7.040958607678906,91.0,4,CN1CCC(CNc2ccc(C(=O)Nc3n[nH]c4cc(OCCOCc5ccccc5)ccc34)cc2)CC1,IC50
CHEMBL3960337,6.8696662315049934,135.0,2,Cc1ccc(-c2noc(C3CC(O)C3)n2)cc1NC(=O)c1cnc2ccccn12,IC50
CHEMBL3960971,5.581864501574768,2619.0,4,CN1CCN(c2ccc(C(=O)Nc3n[nH]c4cc(OCc5cccc(Oc6ccccc6)c5)ccc34)cc2)CC1,IC50
CHEMBL3961639,6.777283528852417,167.0,2,Cc1ccc(-c2noc(C3CC(n4cncn4)C3)n2)cc1NC(=O)c1cnc2ccccn12,IC50
CHEMBL3962292,7.467771005386541,39.0,4,Cc1ccc(-c2noc([C@H]3C[C@@H]3F)n2)cc1NC(=O)c1cnc2ccccn12,IC50
CHEMBL3962602,7.4089353929735005,39.0,2,Cc1ccc(-c2noc(C3CC(F)(F)C3)n2)cc1NC(=O)c1cnc2cc(N3CCOC3=O)ccn12,IC50
CHEMBL3962651,6.1911141326401875,644.0,1,Cc1ccc(NC(=O)c2ccc(CN3CCN(C)CC3)c(C(F)(F)F)c2)cc1OC1CCN(C(=O)c2ccccn2)CC1,IC50
CHEMBL3962654,7.120544053801013,90.5,4,Cc1ccc(-c2noc(C3CC(=O)C3)n2)cc1NC(=O)c1cnc2ccccn12,IC50
CHEMBL3962666,6.507239610973162,311.0,2,Cc1ccc(-c2noc(C3(N)CC3)n2)cc1NC(=O)c1cnc2ccccn12,IC50
CHEMBL3962741,7.259637310505756,55.0,2,Cc1nnc(-c2ccc3ncc(C(=O)Nc4cc(-c5noc(C6CC(F)(F)C6)n5)ccc4C)n3c2)[nH]1,IC50
CHEMBL3963156,7.795880017344075,16.0,2,C=C1CC(c2nc(-c3ccc(C)c(NC(=O)c4cnc5ccccn45)c3)no2)C1,IC50
CHEMBL3964322,8.154901959985743,7.0,2,Cc1ccc(-c2noc(C3CC(F)(F)C3)n2)cc1NC(=O)c1cnc2cc(N3CCOCC3)ccn12,IC50
CHEMBL3964890,6.623423042943488,238.0,2,Cc1ccc(-c2noc(C3CC(F)(F)C3)n2)cc1NC(=O)c1cnc2ccc(CN3CCN(CCO)CC3)cn12,IC50
CHEMBL3964911,7.795880017344075,16.0,2,Cc1ccc(-c2noc(C3CC(F)(F)C3)n2)cc1NC(=O)c1cnc2cc(-c3cn(CCO)nn3)ccn12,IC50
CHEMBL3965691,7.958607314841775,11.0,2,Cc1ccc(-c2noc(C3CC(F)(F)C3)n2)cc1NC(=O)c1cnc2ccc(-c3cnn(CCO)c3)cn12,IC50
CHEMBL396586,5.5934598195660445,2550.0,1,CCOC(=O)Nc1cccc2c1Cc1c-2n[nH]c1-c1ccsc1,IC50
CHEMBL3966269,7.431798275933005,37.0,2,Cc1ccc(-c2noc(C3CC(F)(F)C3)n2)cc1NC(=O)c1cnc2cc(N3CCCC3=O)ccn12,IC50
CHEMBL3966594,7.107905397309519,78.0,2,Cc1ccc(-c2noc(C3CC(F)(F)C3)n2)cc1NC(=O)c1cnc2ccc(-n3ccnc3)cn12,IC50
CHEMBL3966621,4.552841968657781,28000.0,2,S=C(NCc1ccc2c(c1)OCO2)N1CCN(c2ncnc3c2sc2ncccc23)CC1,IC50
CHEMBL3966759,7.481486060122112,33.0,2,Cn1cc(-c2ccc3ncc(C(=O)Nc4cc(-c5noc(C6CC(F)(F)C6)n5)ccc4F)n3c2)cn1,IC50
CHEMBL3967027,5.856360764725457,1392.0,4,CC(C)(C)OC(=O)N1CCN(c2ccc(C(=O)Nc3n[nH]c4cc(OCCOCc5ccccc5)ccc34)cc2)CC1,IC50
CHEMBL3967953,6.585026652029182,260.0,3,O=C(Nc1n[nH]c2cc(OCCOCc3ccccc3)ccc12)c1ccc(N2CCOCC2)cc1,IC50
CHEMBL3968097,7.795880017344075,16.0,2,Cc1ccc2ncc(C(=O)Nc3cc(-c4noc(COC5CC(F)(F)C5(F)F)n4)ccc3C)n2c1,IC50
CHEMBL3968475,6.903089986991944,125.0,2,CC1(C)CC(c2nc(-c3ccc(F)c(NC(=O)c4cnc5ccccn45)c3)no2)C1,IC50
CHEMBL3969431,5.6252516539898965,2370.0,4,CN1CCN(c2ccc(C(=O)Nc3n[nH]c4cc(OCCOCc5ccncc5)ccc34)cc2)CC1,IC50
CHEMBL3970133,6.407823242604133,391.0,2,Cc1ccc(-c2noc(CNC(=O)OC3(C)CC3)n2)cc1NC(=O)c1cnc2cc(C(F)(F)F)ccn12,IC50
CHEMBL3970405,7.494850021680094,32.0,2,Cc1ccc(-c2noc(C3CC(F)(F)C3)n2)cc1NC(=O)c1cnc2cc(F)ccn12,IC50
CHEMBL3972489,6.452225294612178,353.0,2,Cc1ccc(-c2noc([C@H]3C[C@H](NC(=O)OC(C)(C)C)C3)n2)cc1NC(=O)c1cnc2ccccn12,IC50
CHEMBL3972512,7.309803919971486,49.0,2,COCC1(c2nc(-c3ccc(C)c(NC(=O)c4cnc5ccccn45)c3)no2)CC1,IC50
CHEMBL3972615,6.790484985457369,162.0,2,Cc1ccc(-c2noc(C3(C(F)(F)F)CC3)n2)cc1NC(=O)c1cnc2ccccn12,IC50
CHEMBL397345,7.060480747381382,87.0,1,O=C(Nc1ccccc1)Nc1cc(CNc2ccccc2C(=O)Nc2ccc3c(c2)OC(F)(F)O3)ccn1,IC50
CHEMBL3974605,7.795880017344075,16.0,2,Cc1ccc(-c2noc(CNC3CC(F)(F)C3)n2)cc1NC(=O)c1cnc2ccccn12,IC50
CHEMBL3974893,6.661543506395395,218.0,2,Cc1ccc(-c2noc(C3CC3O)n2)cc1NC(=O)c1cnc2ccccn12,IC50
CHEMBL3975531,7.481486060122112,33.0,2,Cc1ccc(-c2noc(C3CCCC3)n2)cc1NC(=O)c1cnc2ccccn12,IC50
CHEMBL3975686,7.552841968657781,28.0,2,Cc1ccc(-c2noc(C3CC(F)C3)n2)cc1NC(=O)c1cnc2ccccn12,IC50
CHEMBL3976469,6.906578314837765,124.0,4,O=C(Nc1n[nH]c2cc(OCCOCc3ccccc3)ccc12)c1ccc(NC2CCOCC2)cc1,IC50
CHEMBL3976586,7.657577319177793,22.0,2,Cc1ccc(-c2noc(C3CC(=NO)C3)n2)cc1NC(=O)c1cnc2ccccn12,IC50
CHEMBL3976818,6.345823458122039,451.0,2,COCCNC1CC(c2nc(-c3ccc(C)c(NC(=O)c4cnc5ccccn45)c3)no2)C1,IC50
CHEMBL3976979,6.437707135543525,365.0,2,Cc1ccc(-c2noc(C3CC(F)(F)C3)n2)cc1NC(=O)c1cnc2ccc(CN3CCOC3=O)cn12,IC50
CHEMBL3977682,7.036212172654444,92.0,2,Cc1ccc(-c2noc(C3CC(F)(F)C3)n2)cc1NC(=O)c1cnc2ccc(C#N)cn12,IC50
CHEMBL3978524,6.515700160653214,305.0,2,Cc1ccc(-c2noc(C3(O)CC3)n2)cc1NC(=O)c1cnc2ccccn12,IC50
CHEMBL3980109,7.920818753952375,12.0,2,Cc1ccc(-c2noc(C3CC(F)(F)C3)n2)cc1NC(=O)c1cnc2ccc(-c3ccn(C)n3)cn12,IC50
CHEMBL398052,8.096910013008056,8.0,1,O=C(Nc1ccc2c(c1)OC(F)(F)O2)c1ccccc1NCc1ccnc(NCCO)c1,IC50
CHEMBL3980545,7.6020599913279625,25.0,2,Cc1ccc(-c2noc(C3CC(F)(F)C3)n2)cc1NC(=O)c1cnc2ccc(COCCO)cn12,IC50
CHEMBL3980895,5.8523236757589014,1405.0,4,CN1CCN(c2ccc(C(=O)Nc3n[nH]c4cc(OCCOCc5ccccc5F)ccc34)cc2)CC1,IC50
CHEMBL3981307,6.835647144215563,146.0,4,CN(C)CCCN(C)c1ccc(C(=O)Nc2n[nH]c3cc(OCCOCc4ccccc4)ccc23)cc1,IC50
CHEMBL3981496,7.920818753952375,12.0,2,CCON=C1CC(c2nc(-c3ccc(C)c(NC(=O)c4cnc5ccccn45)c3)no2)C1,IC50
CHEMBL3981567,6.939302159646388,115.0,2,COc1cc2c(Oc3ccc(NC(=O)C4(C(=O)Nc5ccc(F)cc5)CC4)cc3F)ccnc2cc1OCCCC(=O)NO,IC50
CHEMBL3981798,6.82102305270683,151.0,2,O=C(Nc1cc(-c2noc(C3CCC3)n2)ccc1F)c1cnc2ccccn12,IC50
CHEMBL3981974,7.301029995663981,50.0,1,CN1CCN(c2ccc(C(=O)Nc3n[nH]c4cc(OCCOCc5ccc(F)cc5)ccc34)cc2)CC1,IC50
CHEMBL3982242,7.886056647693163,13.0,2,Cc1ccc(-c2noc(C3CC(O)(C(F)(F)F)C3)n2)cc1NC(=O)c1cnc2ccccn12,IC50
CHEMBL3982932,6.277366077466188,528.0,4,CN1CCN(c2ccc(C(=O)Nc3n[nH]c4cc(OC/C=C/c5ccccc5)ccc34)cc2)CC1,IC50
CHEMBL3983743,6.492144128304169,322.0,2,Cc1ccc(-c2nc(C3CC3)no2)cc1NC(=O)c1cnc2ccccn12,IC50
CHEMBL3985461,7.1487416512809245,71.0,2,Cc1ccc(-c2noc(C3CC(n4cccn4)C3)n2)cc1NC(=O)c1cnc2ccccn12,IC50
CHEMBL3985552,6.462180904926726,345.0,2,Cc1ccc(-c2noc([C@H]3C[C@@H](N4CCCCC4)C3)n2)cc1NC(=O)c1cnc2ccccn12,IC50
CHEMBL3985800,7.698970004336019,20.0,2,Cc1ccc(-c2noc(C3CC(C)(C)C3)n2)cc1NC(=O)c1cnc2ccccn12,IC50
CHEMBL3985972,6.767003889607846,171.0,2,Cc1ccc(-c2noc(C3(NC(=O)OC(C)(C)C)CCC3)n2)cc1NC(=O)c1cnc2ccccn12,IC50
CHEMBL3987184,6.212539525481585,613.0,4,CN1CCN(c2ccc(C(=O)Nc3n[nH]c4cc(OCCOCc5ccccc5)ccc34)c(F)c2)CC1,IC50
CHEMBL398872,7.346787486224656,45.0,1,O=C(NCCCN1CCOCC1)c1cc(CNc2ccccc2C(=O)Nc2ccc3c(c2)OC(F)(F)O3)ccn1,IC50
CHEMBL3989870,7.4089353929735005,39.0,1,CNCc1ccc(-c2cc(-c3nc(-c4ccc(S(=O)(=O)C(C)C)cc4)cnc3N)on2)cc1,Ki
CHEMBL3989926,8.221848749616356,6.0,1,COCCNCc1ccc(-c2cc3nccc(Oc4ccc(NC(=O)C5(C(=O)Nc6ccc(F)cc6)CC5)cc4F)c3s2)nc1,IC50
CHEMBL399534,8.522878745280337,3.0,1,CNc1cc(CNc2ccccc2C(=O)Nc2ccc3c(c2)OC(F)(F)O3)ccn1,IC50
CHEMBL399571,6.619788758288394,240.0,1,O=C(Nc1ccc2c(c1)CCC2)Nc1cc(CNc2ccccc2C(=O)Nc2ccc3c(c2)OC(F)(F)O3)ccn1,IC50
CHEMBL400057,7.301029995663981,50.0,1,CN(C)c1nccc(CNc2ccccc2C(=O)Nc2ccc3c(c2)OC(F)(F)O3)n1,IC50
CHEMBL400109,8.698970004336019,2.5,2,Nc1cc(CNc2ccccc2C(=O)Nc2ccc3c(c2)OC(F)(F)O3)ccn1,IC50
CHEMBL400308,7.142667503568732,72.0,1,O=C(Nc1ccc2c(c1)OC(F)(F)O2)c1ccccc1NCc1ccnc(C2=NCCN2)c1,IC50
CHEMBL402548,6.39040559077478,407.0,1,CO[C@@H](C(=O)N1Cc2[nH]nc(NC(=O)c3ccc(N4CCN(C)CC4)cc3)c2C1)c1ccccc1,IC50
CHEMBL402846,9.500038134403809,0.3162,2,Cc1ccc(F)c(NC(=O)Nc2ccc(-c3cncc4c3c(N)nn4C)cc2)c1,Ki
CHEMBL403402,9.100015437450608,0.7943,1,Nc1n[nH]c2nccc(-c3ccc(NC(=O)Nc4cc(C(F)(F)F)ccc4F)cc3)c12,Ki
CHEMBL403661,7.173925197299173,67.0,1,CCc1ccc(-c2c(-c3cnc(C)[nH]3)c(=O)[nH]c3ccc(Cl)cc23)cc1,IC50
CHEMBL403706,7.920818753952375,12.0,1,Cc1ccc(C2=Nc3c(N)ncnc3NCC2)cc1NC(=O)Nc1cccc(C(F)(F)F)c1,IC50
CHEMBL403776,7.698970004336019,20.0,1,CN1CCN(CCc2ccc(Nc3ncc4c(=O)c(C(N)=O)cn(-c5ccc6c(c5)CCC6)c4n3)cc2)CC1,IC50
CHEMBL404366,9.79997073344623,0.1585,1,Cn1nc(N)c2c(-c3ccc(NC(=O)Nc4cccc(Cl)c4)cc3)cncc21,Ki
CHEMBL404367,7.827470047194776,19.310000000000002,2,Cc1cccc(NC(=O)Nc2ccc(-c3cncc4c3c(N)nn4C)cc2)c1,IC50
CHEMBL4059858,6.045757490560675,900.0,1,Cc1ccc(NC(=O)c2ccc(CN3CCN(C)CC3)c(C(F)(F)F)c2)cc1NC(=O)c1cccc(-c2cccnc2)c1,IC50
CHEMBL4059958,8.431798275933005,3.7,1,CCc1cccc(NC(=O)Nc2ccc(-c3ccnc4[nH]nc(CO)c34)cc2)c1,IC50
CHEMBL4060326,4.962972120244225,10890.0,1,Cc1ccccc1NC(=O)Nc1ccc(-c2ccnc3[nH]nc(C)c23)cc1,IC50
CHEMBL4060882,6.6777807052660805,210.0,1,Cc1ccc(C(=O)Nc2ccc(CN3CCN(C)CC3)c(C(F)(F)F)c2)cc1NC(=O)c1cccc(-c2cccnc2)c1,IC50
CHEMBL4062017,6.977477451030262,856.55,2,Cc1ccc(C(=O)Nc2ccc(CN3CCN(C)CC3)c(F)c2)cc1C#Cc1cnc(N)nc1,IC50
CHEMBL4062187,5.3390397082239165,4581.0,1,Cc1n[nH]c2nccc(-c3ccc(NC(=O)Nc4ccccc4N4CCN(C)CC4)cc3)c12,IC50
CHEMBL4062707,6.886056647693163,130.0,1,Cc1ccc(NC(=O)c2cccc(C(F)(F)F)c2)cc1NC(=O)c1cccc(-c2cnn(C)c2)c1,IC50
CHEMBL4063368,8.060480747381382,8.7,1,Cc1n[nH]c2nccc(-c3ccc(NC(=O)NC4Cc5ccccc5C4)cc3)c12,IC50
CHEMBL4063380,8.455931955649724,3.5,1,CCCCCNC(=O)Nc1ccc(-c2ccnc3[nH]nc(C)c23)cc1,IC50
CHEMBL4063659,6.4089353929735005,390.0,1,Cc1ccc(NC(=O)c2ccc(CN3CCN(C)CC3)c(C(F)(F)F)c2)cc1NC(=O)c1cccc(-c2ccncc2)c1,IC50
CHEMBL406375,6.522878745280337,300.0,1,c1ccc(-c2n[nH]c3c2oc2ccccc23)cc1,IC50
CHEMBL406381,5.363512103646634,4330.0,1,CCCNC(=O)Nc1ccc(Oc2ncnc3cc(OC)c(OC)cc23)cc1Cl,IC50
CHEMBL4064012,5.774690718274137,1680.0,1,Cc1ccc(NC(=O)c2ccc(CN3CCN(C)CC3)c(C(F)(F)F)c2)cc1NC(=O)c1cccc(-c2cccs2)c1,IC50
CHEMBL406404,7.1487416512809245,71.0,1,Cc1ccc(F)c(NC(=O)Nc2ccc(-c3ccc(OCCN4CCOCC4)c4onc(N)c34)cc2)c1,IC50
CHEMBL4064941,8.585026652029182,2.6,1,Cc1n[nH]c2nccc(-c3ccc(NC(=O)Nc4cccc(N(C)C)c4)cc3)c12,IC50
CHEMBL4065711,6.735890843694191,183.7,1,Cc1ccc(C(=O)Nc2ccc(CN3CCN(C)CC3)c(C(F)(F)F)c2)c(F)c1I,IC50
CHEMBL4066141,7.522878745280337,30.0,1,CCC(=O)N1CC[C@H](N2C(=O)N(c3cc(OC)ccc3Cl)Cc3cnc(Nc4ccc(N5CCN(C6COC6)CC5)c(C)c4)nc32)C1,IC50
CHEMBL4066145,5.84893674664625,1416.0,1,Cc1n[nH]c2nccc(-c3ccc(NC(=O)NC(C)(C)C)cc3)c12,IC50
CHEMBL4066302,8.142667503568731,7.2,1,Cc1cc(NC(=O)Nc2ccc(-c3ccnc4[nH]nc(C)c34)cc2)ccc1N1CCN(C)CC1,IC50
CHEMBL406660,8.154901959985743,7.0,1,Nc1noc2cccc(-c3ccc(NC(=O)Nc4ccc(F)cc4)cc3)c12,IC50
CHEMBL4066684,6.4968905633286305,318.5,1,Cc1cc(=O)n(-c2ccc(F)cc2)nc1C(=O)Nc1ccc(Oc2ccnc3[nH]ccc23)c(F)c1,IC50
CHEMBL4068526,7.698970004336019,20.0,1,Cc1ccc(NC(=O)c2ccc(CN3CCN(C)CC3)c(C(F)(F)F)c2)cc1NC(=O)c1cccc(-c2cn[nH]c2)c1,IC50
CHEMBL4069008,5.319301970302365,4794.0,1,Cc1n[nH]c2nccc(-c3ccc(NC(=O)Nc4cccc(F)c4)cc3)c12,IC50
CHEMBL4069773,4.668937299399848,21432.0,1,CCCNC(=O)Nc1ccc(-c2ccnc3[nH]nc(C)c23)cc1,IC50
CHEMBL4070641,8.585026652029182,2.6,1,Cc1ccc(C(=O)Nc2ccc(CN3CCN(C)CC3)cc2)cc1C#Cc1cnc(N)nc1,IC50
CHEMBL4071160,7.698970004336019,20.0,1,Cc1n[nH]c2nccc(-c3ccc(NC(=O)Nc4ccc5ccccc5c4)cc3)c12,IC50
CHEMBL4071683,6.998699066979582,100.3,1,Cc1ccc(C(=O)Nc2ccc(CN3CCN(C)CC3)cc2)cc1C#Cc1ccc(N)nn1,IC50
CHEMBL4071997,7.585026652029182,26.0,1,Cc1n[nH]c2nccc(-c3ccc(NC(=O)NCc4cccs4)cc3)c12,IC50
CHEMBL4072731,8.619788758288394,2.4,1,Cc1cc(NC(=O)Nc2ccc(-c3ccnc4[nH]nc(C)c34)cc2)ccc1N1CCOCC1,IC50
CHEMBL4073536,7.920818753952375,12.0,1,CCN(CC)c1cccc(NC(=O)Nc2ccc(-c3ccnc4[nH]nc(C)c34)cc2)c1,IC50
CHEMBL4074076,5.522878745280337,3000.0,1,Cc1ccc(NC(=O)c2ccc(CN3CCNCC3)c(C(F)(F)F)c2)cc1NC(=O)c1cccc(-c2cnn(C)c2)c1,IC50
CHEMBL4074262,5.267928059000133,5396.0,1,CC(c1cc2cc(-c3cnn(C)c3)cnc2cc1F)n1nnc2ncc(-c3cnn(CCO)c3)nc21,IC50
CHEMBL4074329,7.695736983211403,59.75,2,Cc1ccc(C(=O)Nc2ccc(CN3CCN(C)CC3)c(C(F)(F)F)c2)cc1C#Cc1ccccn1,IC50
CHEMBL4074518,8.4089353929735,3.9,1,CCc1cccc(NC(=O)Nc2ccc(-c3ccnc4[nH]nc(C)c34)cc2)c1,IC50
CHEMBL4074745,8.207608310501746,6.2,1,Cc1n[nH]c2nccc(-c3ccc(NC(=O)NCCCCc4ccccc4)cc3)c12,IC50
CHEMBL4074755,8.853871964321762,1.4,1,CCCCCCNC(=O)Nc1ccc(-c2ccnc3[nH]nc(C)c23)cc1,IC50
CHEMBL407485,4.8297382846050425,14800.0,1,Nc1ccc(-c2cccc3onc(N)c23)cc1,IC50
CHEMBL4075321,6.823330067331851,150.2,3,Cc1ccc(C(=O)Nc2ccc(CN3CCN(C)CC3)c(C(F)(F)F)c2)cc1C#Cc1ccc(N)nn1,IC50
CHEMBL4076193,7.264417243714181,64.55,4,Cc1ccc(C(=O)Nc2ccc(CN3CCN(C)CC3)c(C(F)(F)F)c2)cc1C#Cc1cnc(N)c(C)c1,IC50
CHEMBL4077028,6.917573699139228,120.9,1,Cc1ccc(C(=O)Nc2ccc(CN3CCN(C)CC3)c(C(F)(F)F)c2)cc1C#Cc1ccc(OCc2ccccc2)cn1,IC50
CHEMBL4077510,6.7845836824263905,179.65,4,COCCNc1ncc(C#Cc2cc(C(=O)Nc3ccc(CN4CCN(C)CC4)c(C(F)(F)F)c3)ccc2C)cn1,IC50
CHEMBL4077561,5.6020599913279625,2500.0,1,CCc1ccc(C(=O)Nc2cc(CN3CCN(C)CC3)cc(C(F)(F)F)c2)cc1C#Cc1ccc2ccnn2c1,IC50
CHEMBL4078084,7.292429823902063,51.0,1,Cc1n[nH]c2nccc(-c3ccc(NC(=O)NCc4ccco4)cc3)c12,IC50
CHEMBL4079252,8.167491087293763,6.8,1,Cc1ccc(C(=O)Nc2ccc(CN3CCN(C)CC3)c(C(F)(F)F)c2)cc1I,IC50
CHEMBL4079775,6.696803942579511,201.0,1,Cc1n[nH]c2nccc(-c3ccc(NC(=O)Nc4cccc(C#N)c4)cc3)c12,IC50
CHEMBL4079932,6.356547323513812,440.0,1,Cc1ccc(C(=O)Nc2ccc(CN3CCN(C)CC3)c(C(F)(F)F)c2)cc1NC(=O)c1cccc(-c2cccs2)c1,IC50
CHEMBL4080062,7.522878745280337,30.0,1,O=C(Nc1cccc(C(F)(F)F)c1)c1cccc2cc(Oc3cc(CO)ncn3)ccc12,IC50
CHEMBL4081527,6.508638306165727,310.0,1,Cc1ccc(C(=O)Nc2ccc(CN3CCN(C)CC3)c(C(F)(F)F)c2)cc1NC(=O)c1cccc(-c2cncnc2)c1,IC50
CHEMBL4081793,5.169539649969033,6768.0,1,CCc1cccc(NC(=O)Nc2ccc(-c3ccnc4[nH]nc(C(F)(F)F)c34)cc2)c1,IC50
CHEMBL4082210,6.620513186282726,239.6,1,Cc1ccc(C(=O)Nc2ccc(CN3CCN(C)CC3)cc2)cc1C#Cc1ccccn1,IC50
CHEMBL4082724,8.610833915635467,2.45,1,COc1cc2c(Oc3ccc(NC(=O)c4nc5ccccc5n(-c5ccc(F)cc5)c4=O)cc3F)ccnc2cc1OCCCN1CCN(C)CC1,IC50
CHEMBL4082748,6.721246399047171,190.0,1,CN1CCN(Cc2ccc(NC(=O)c3ccc(Cl)c(NC(=O)c4cccc(-c5cccs5)c4)c3)cc2C(F)(F)F)CC1,IC50
CHEMBL4083050,8.619788758288394,2.4,1,Cc1cccc(NC(=O)Nc2ccc(-c3ccnc4[nH]nc(CO)c34)cc2)c1,IC50
CHEMBL4083705,5.229147988357856,5900.0,1,Cc1ccc(C(=O)N(C)c2ccc(CN3CCN(C)CC3)c(C(F)(F)F)c2)cc1NC(=O)c1cccc(-c2cccs2)c1,IC50
CHEMBL4083910,6.401209493236885,397.0,1,Cc1ccc(N2CCOCC2)c(NC(=O)Nc2ccc(-c3ccnc4[nH]nc(C)c34)cc2)c1,IC50
CHEMBL4084299,5.1249387366083,7500.0,1,Cc1ccc(NC(=O)c2ccc(CN3CCN(C)CC3)c(C(F)(F)F)c2)cc1NC(=O)c1cccc(-c2nn[nH]n2)c1,IC50
CHEMBL4084391,7.221848749616356,60.0,1,Cc1ccc(NC(=O)c2cccc(C(F)(F)F)c2)cc1NC(=O)c1cncc(-c2cnn(C)c2)c1,IC50
CHEMBL4084878,8.031517051446064,9.3,1,Cc1n[nH]c2nccc(-c3ccc(NC(=O)Nc4ccc(N(C)C)cc4)cc3)c12,IC50
CHEMBL4085010,6.920818753952375,120.0,1,Cc1n[nH]c2nccc(-c3ccc(NC(=O)Nc4ccn[nH]4)cc3)c12,IC50
CHEMBL4085020,4.687061390986865,20556.0,1,CCCCNC(=O)Nc1ccc(-c2ccnc3[nH]nc(C)c23)cc1,IC50
CHEMBL4085366,6.7447274948966935,180.0,1,Cc1ncc(NC(=O)c2cccc(C(F)(F)F)c2)cc1NC(=O)c1cncc(-c2cnn(C)c2)c1,IC50
CHEMBL4085713,7.135093746419532,1074.85,2,Cc1ccc(C(=O)Nc2ccc(CN3CCN(C)CC3)c(C(F)(F)F)c2)cc1C#Cc1ccn2cnnc2c1,IC50
CHEMBL4085962,7.698970004336019,20.0,1,Cc1n[nH]c2nccc(-c3ccc(NC(=O)Nc4ccccn4)cc3)c12,IC50
CHEMBL4085974,6.841637507904751,144.0,1,Cc1n[nH]c2nccc(-c3ccc(NC(=O)NC4CCCC4)cc3)c12,IC50
CHEMBL4087133,5.98325907271374,1039.3,1,CCc1c(I)cccc1C(=O)Nc1ccc(CN2CCN(C)CC2)c(C(F)(F)F)c1,IC50
CHEMBL4087656,5.710188160882378,1949.0,1,Cc1ccc(N2CCN(C)CC2)c(NC(=O)Nc2ccc(-c3ccnc4[nH]nc(C)c34)cc2)c1,IC50
CHEMBL4088216,6.0,1000.0,1,CN1C(=O)[C@@H](N2CCc3cn(Cc4ccccc4)nc3C2=O)COc2ccccc21,IC50
CHEMBL4088552,5.737311655698304,1831.0,1,Cc1ccc(NC(=O)Nc2ccc(-c3ccnc4[nH]nc(C)c34)cc2)cc1,IC50
CHEMBL4090058,7.082414812646794,173.4,4,Cc1c(C#Cc2cnc(N)nc2)cccc1C(=O)Nc1ccc(CN2CCN(C)CC2)c(C(F)(F)F)c1,IC50
CHEMBL4091670,8.161150909262744,6.9,1,N=C(N)c1ccc(/N=N/c2c(N)ncc3ccc(Br)cc23)cc1,IC50
CHEMBL4091975,8.721246399047171,1.9,1,Cc1n[nH]c2nccc(-c3ccc(NC(=O)Nc4cnc5ccccc5c4)cc3)c12,IC50
CHEMBL4092478,8.481486060122112,3.3,1,Cc1ccc(C(=O)Nc2ccc(CN3CCN(C)CC3)cc2)cc1C#Cc1cccnc1,IC50
CHEMBL4092506,7.486674135272162,82.69999999999999,2,COc1cccnc1C#Cc1cc(C(=O)Nc2ccc(CN3CCN(C)CC3)c(C(F)(F)F)c2)ccc1C,IC50
CHEMBL4092638,7.920818753952375,12.0,1,CCN(CC)c1ccc(NC(=O)Nc2ccc(-c3ccnc4[nH]nc(C)c34)cc2)cc1,IC50
CHEMBL4092765,7.107905397309519,78.0,1,Cc1n[nH]c2nccc(-c3ccc(NC(=O)NCc4ccccn4)cc3)c12,IC50
CHEMBL4093186,4.336638352465993,46064.0,1,Cc1n[nH]c2nccc(-c3ccc(NC(=O)NCc4ccccc4)cc3)c12,IC50
CHEMBL4093459,7.969273760456403,36.8,2,Cc1ccc(C(=O)Nc2ccc(CN3CCN(C)CC3)c(C(F)(F)F)c2)cc1C#Cc1ccn2ccnc2c1,IC50
CHEMBL409349,8.115884504689618,19.2925,2,Cc1cc(C)cc(NC(=O)Nc2ccc(-c3cccc4onc(N)c34)cc2)c1,IC50
CHEMBL4093614,6.6439741428068775,227.0,1,Cc1[nH]c(/C=C2\C(=O)Nc3ccc(F)cc32)c(C)c1NC(=O)[C@H]1CCCN1.Cl,IC50
CHEMBL4093721,6.257274868695302,553.0,1,Cc1n[nH]c2nccc(-c3ccc(NC(=O)NC4CC4)cc3)c12,IC50
CHEMBL4094827,6.636952405478906,230.7,1,C#Cc1cc(C(=O)Nc2ccc(CN3CCN(C)CC3)c(C(F)(F)F)c2)ccc1C,IC50
CHEMBL4095856,6.130768280269024,740.0,1,Cc1ccc(NC(=O)c2ccc(CN3CCN(C)CC3)c(C(F)(F)F)c2)cc1NC(=O)c1cccc(-c2cnn(C)c2)c1,IC50
CHEMBL4096271,5.619426996933113,2402.0,1,Cc1n[nH]c2nccc(-c3ccc(NC(=O)Nc4cccc(Cl)c4)cc3)c12,IC50
CHEMBL4096971,4.412659521590934,38667.0,1,CCNC(=O)Nc1ccc(-c2ccnc3[nH]nc(C)c23)cc1,IC50
CHEMBL4097771,8.638272163982407,2.3,1,Cc1ccc(C(=O)Nc2ccc(CN3CCN(C)CC3)c(F)c2)cc1C#Cc1cccnc1,IC50
CHEMBL4097778,6.0,1000.0,1,CN1C(=O)[C@@H](N2CCc3cn(CC4CCS(=O)(=O)CC4)nc3C2=O)COc2ccccc21,IC50
CHEMBL409872,7.7447274948966935,18.0,1,Nc1ncnc2c1N=C(c1ccc(NC(=O)Nc3cccc(Cl)c3)cc1)CCN2,IC50
CHEMBL4099012,6.568636235841013,270.0,1,Cc1ccc(CNc2ccc(CN3CCN(C)CC3)c(C(F)(F)F)c2)cc1NC(=O)c1cccc(-c2cccs2)c1,IC50
CHEMBL409912,6.779891911959945,166.0,1,Nc1noc2cccc(-c3ccc(NC(=O)Nc4ccccc4OC(F)(F)F)cc3)c12,IC50
CHEMBL4099220,5.568636235841013,2700.0,1,Cc1ccc(C(=O)Nc2ccc(CN3CCN(C)CC3)c(Cl)c2)cc1NC(=O)c1cccc(-c2cccs2)c1,IC50
CHEMBL4099624,5.652669984683049,2225.0,1,Cc1cc(N2CCN(C)CC2)ccc1NC(=O)Nc1ccc(-c2ccnc3[nH]nc(C)c23)cc1,IC50
CHEMBL4099718,8.443697499232712,3.6,1,Cc1n[nH]c2nccc(-c3ccc(NC(=O)Nc4cccc5ccccc45)cc3)c12,IC50
CHEMBL4100222,7.360822151794197,61.25,4,Cc1ccc(C(=O)Nc2ccc(CN3CCN(C)CC3)c(C(F)(F)F)c2)cc1C#Cc1cnc(N)c2ccccc12,IC50
CHEMBL4100372,5.1912490276504055,6438.0,1,Cc1n[nH]c2nccc(-c3ccc(NC(=O)Nc4ccccc4N4CCOCC4)cc3)c12,IC50
CHEMBL4100492,8.431798275933005,3.7,1,Cc1n[nH]c2nccc(-c3ccc(NC(=O)NCCc4ccccc4)cc3)c12,IC50
CHEMBL4100838,5.224025668870631,5970.0,1,Cc1ccc(NC(=O)c2ccc(CN3CCN(C)CC3)c(C(F)(F)F)c2)cc1NC(=O)c1cccc(-c2cncnc2)c1,IC50
CHEMBL4101206,7.522136887844567,31.8,4,Cc1ccc(C(=O)Nc2ccc(CN3CCN(C)CC3)c(C(F)(F)F)c2)cc1C#Cc1cnc(N)nc1,IC50
CHEMBL410130,7.920818753952375,12.0,1,Cc1cccc(NC(=O)Nc2ccc(-c3cccc4onc(N)c34)cc2)c1,IC50
CHEMBL4101411,7.080921907623926,83.0,1,CC(C)(C)c1cc(NC(=O)Nc2ccc(-n3nc(-c4ccc(OCCN5CCOCC5)cc4)c4c(N)ncnc43)cc2)no1,IC50
CHEMBL4101428,8.769551078621726,1.7,1,Cc1n[nH]c2nccc(-c3ccc(NC(=O)NCCCc4ccccc4)cc3)c12,IC50
CHEMBL4101438,6.494850021680094,320.0,1,Cc1n[nH]c2nccc(-c3ccc(NC(=O)NCC(C)C)cc3)c12,IC50
CHEMBL4102831,4.656473246902283,22056.0,1,Cc1n[nH]c2nccc(-c3ccc(NC(=O)Nc4cccc(CN(C)C)c4)cc3)c12,IC50
CHEMBL410295,6.251811972993799,560.0,1,Cc1cccc(C)c1-n1c(=O)c2cnc(Nc3ccc(N4CCN(C)CC4)cc3)nc2n2c3ccccc3nc12,IC50
CHEMBL4103299,6.086186147616283,820.0,1,Cc1ccc(NC(=O)c2cccc(C(F)(F)F)c2)cc1NC(=O)c1cnc(N)nc1,IC50
CHEMBL4103510,6.25515960321462,555.7,1,Cc1ccc(C(=O)Nc2ccc(CN3CCN(C)CC3)c(C(F)(F)F)c2)c(C)c1I,IC50
CHEMBL4103605,8.67778070526608,2.1,1,Cc1cccc(NC(=O)Nc2ccc(-c3ccnc4[nH]nc(C)c34)cc2)c1,IC50
CHEMBL4103644,7.197239738281265,84.4,4,Cc1ccc(C(=O)Nc2ccc(CN3CCN(C)CC3)c(C(F)(F)F)c2)cc1C#Cc1ccc(N)nc1,IC50
CHEMBL4103890,7.853871964321762,14.0,1,Cc1n[nH]c2nccc(-c3ccc(NC(=O)Nc4cccnc4)cc3)c12,IC50
CHEMBL4103897,6.497572880015567,318.0,1,Cc1n[nH]c2nccc(-c3ccc(NC(=O)NC4CCC4)cc3)c12,IC50
CHEMBL4104034,7.721246399047171,19.0,1,Cc1n[nH]c2nccc(-c3ccc(NC(=O)Nc4cccc(N5CCN(C)CC5)c4)cc3)c12,IC50
CHEMBL4104297,7.522878745280337,30.0,1,Nc1nccc(Oc2ccc3c(C(=O)Nc4cccc(C(F)(F)F)c4)cccc3c2)n1,IC50
CHEMBL4104302,6.554395796726403,279.0,1,Nc1nccc(Oc2ccc(NC(=O)C3(C(=O)Nc4ccc(F)cc4)CC3)cc2F)c1Cl,IC50
CHEMBL4104586,4.823908740944319,15000.0,1,Cc1ccc(NC(=O)c2ccc(CN3CCN(C)CC3)c(C(F)(F)F)c2)cc1NC(=O)c1cccc(-c2ccccn2)c1,IC50
CHEMBL410504,7.6777807052660805,21.0,1,Nc1noc2cccc(-c3ccc(NC(=O)Nc4ccccc4F)cc3)c12,IC50
CHEMBL4106483,7.173925197299173,67.0,2,Cc1ccc(-c2noc([C@@H]3C[C@@H]3F)n2)cc1NC(=O)c1cnc2ccccn12,IC50
CHEMBL410663,7.2076083105017466,62.0,1,Nc1noc2cccc(-c3ccc(NC(=O)Nc4ccc(F)c(C(F)(F)F)c4)cc3)c12,IC50
CHEMBL410664,7.920818753952375,12.0,1,Cc1ccc(NC(=O)Nc2ccc(-c3cccc4onc(N)c34)cc2)cc1F,IC50
CHEMBL410731,7.552841968657781,28.0,1,Nc1ncnc2c1N=C(c1ccc(NC(=O)Nc3cccc(C(F)(F)F)c3F)cc1)CCN2,IC50
CHEMBL4110813,7.366531544420414,43.0,2,Cc1cc(C)c(-c2noc([C@H]3CC3(F)F)n2)cc1NC(=O)c1cnc2ccccn12,IC50
CHEMBL4111534,7.0655015487564325,86.0,2,COCC1(c2nc(-c3ccc(C)c(NC(=O)c4cnc5ccc(F)cn45)c3)no2)CCC1,IC50
CHEMBL4112217,7.251811972993799,56.0,2,Cc1ccc(-c2noc([C@@H]3C[C@H]3F)n2)cc1NC(=O)c1cnc2ccccn12,IC50
CHEMBL4112717,7.2839966563652006,52.0,2,Cc1ccc(-c2noc(C3CC4(C3)OC[C@@H](C)O4)n2)cc1NC(=O)c1cnc2ccccn12,IC50
CHEMBL4114085,7.070581074285707,85.0,2,Cc1ccn2c(C(=O)Nc3cc(-c4noc([C@@H]5C[C@H]5F)n4)ccc3C)cnc2c1,IC50
CHEMBL4115018,7.337242168318426,46.0,2,Cc1ccc(-c2noc([C@H]3CC3(F)F)n2)cc1NC(=O)c1cnc2ccccn12,IC50
CHEMBL4115110,7.356547323513812,44.0,2,COCC[N+]1=NC(c2ccc3ncc(C(=O)Nc4cc(-c5noc(C6CC(F)(F)C6)n5)ccc4C)n3c2)N=C1C,IC50
CHEMBL411725,7.7447274948966935,18.0,1,Nc1noc2cccc(-c3ccc(NC(=O)Nc4ccccc4)cc3)c12,IC50
CHEMBL411903,7.329299556143981,105.265,2,Nc1ncnc2c1N=C(c1ccc(NC(=O)Nc3cc(C(F)(F)F)ccc3F)cc1)CCN2,IC50
CHEMBL412102,7.301029995663981,50.0,1,Nc1ncnc2c1N=C(c1ccc(NC(=O)Nc3ccc(Cl)c(C(F)(F)F)c3)cc1)CCN2,IC50
CHEMBL414001,7.251811972993799,56.0,1,CN1CCN(c2ccc(Nc3ncc4c(=O)c(C(N)=O)cn(-c5ccc6c(c5)CCC6)c4n3)cc2)CC1,IC50
CHEMBL415047,7.619788758288394,24.0,1,Cc1ccc(NC(=O)NCc2ccc(-c3n[nH]c4c3Cc3cc(CN5CCN(C)CC5)ccc3-4)s2)cc1,IC50
CHEMBL415049,7.700057099977233,19.95,1,CCN(CCCOc1ccc2c(Nc3cc(CC(=O)Nc4cccc(F)c4)[nH]n3)ncnc2c1)CCOP(=O)(O)O,Ki
CHEMBL4160854,4.872895201635193,13400.0,1,Nc1n[nH]c2cccc(-c3ccc(NC(=S)Nc4cc(Br)ccc4OC(F)(F)F)cc3)c12,IC50
CHEMBL4165199,5.657577319177793,2200.0,1,O=C(Nc1ccc(Oc2ccnc3[nH]ccc23)cc1)c1nn(-c2ccc(Cl)c(C(F)(F)F)c2)ccc1=O,IC50
CHEMBL4168811,8.0,10.0,1,COC(=O)c1ccc2c(c1)NC(=O)/C2=C(\Nc1ccc2c(c1)N(C(=O)CN1CCOCC1)CC2)c1ccccc1,IC50
CHEMBL4171115,7.5376020021010435,29.0,1,COc1cc2c(Oc3ccc(NC(=O)NN4C(=O)CSC4c4c(F)cccc4F)c(F)c3)ccnc2cc1OCCCN1CCCC1,IC50
CHEMBL4171543,7.161780778092374,68.9,1,C=CC(=O)Nc1ccc(-c2ccc(NC(=O)Nc3cccc(Cl)c3)cc2)cn1,IC50
CHEMBL4204794,9.568636235841012,0.27,6,Cn1cc(-c2cc3c(N4CCN(c5ncc([C@@](C)(N)c6ccc(F)cc6)cn5)CC4)ncnn3c2)cn1,IC50
CHEMBL4204920,6.276298106008732,529.3,1,CCCNC(=O)c1cc(Oc2ccc(NC(=O)c3cc4cccnc4n(-c4ccc(F)cc4)c3=O)cc2)ccn1,IC50
CHEMBL4208852,6.443697499232712,360.0,1,CNc1ncc2c(-c3ccc(N4CCN(C)CC4)nc3)nn(CC3CCCC3)c2n1,IC50
CHEMBL4210100,6.587203571283457,258.7,1,COc1cc2c(cc1OC)Nc1ncnc(Oc3ccc(NC(=O)C4(C(=O)Nc5ccc(F)cc5)CC4)cc3F)c1NC2,IC50
CHEMBL4212117,6.787812395596042,163.0,1,Cc1c2ccc(N(C)c3ccnc(Nc4ccc(C(=O)NCCCCCCC(=O)NO)cc4)n3)cc2nn1C,IC50
CHEMBL4213003,5.958607314841775,1100.0,1,CNc1ncc2c(-c3ccc(N4CCNCC4)nc3)nn(CC3CCCC3)c2n1,IC50
CHEMBL4213341,6.903089986991944,125.0,1,Cc1c2ccc(N(C)c3ccnc(Nc4ccc(C(=O)Nc5ccccc5N)cc4)n3)cc2nn1C,IC50
CHEMBL4213775,5.7447274948966935,1800.0,1,CCN1CCN(c2ccc(-c3nn(CC4CCCC4)c4nc(NC)ncc34)cn2)CC1,IC50
CHEMBL4214476,5.1249387366083,7500.0,1,CNc1ncc2c(-c3ccc(N4CCNCC4)nc3)nn(CC3OCCO3)c2n1,IC50
CHEMBL4215703,5.431798275933005,3700.0,1,Cc1cc(=O)n(-c2ccc(F)cc2)nc1C(=O)Nc1ccc(Oc2ncnc3ccsc23)c(F)c1,IC50
CHEMBL4216073,7.2839966563652006,52.0,1,CC(=O)Nc1cn2cc(-c3cc(NC(=O)c4cccc(C(F)(F)F)c4)ccc3C)ccc2n1,IC50
CHEMBL4216467,7.823908740944319,15.0,9,CCn1c(=O)c(-c2cc(NC(=O)Nc3ccccc3)c(F)cc2Br)cc2cnc(NC)cc21,IC50
CHEMBL4216473,8.522878745280337,3.0,1,COCCOc1cc(F)c2c(Nc3ccc(NC(=O)Cn4cc(C(C)C)nn4)cc3)ncnc2c1,IC50
CHEMBL4218175,7.167491087293763,68.0,1,CNc1ncc2c(-c3ccc(N4CCN(C)CC4)cc3)nn(CC3CCCC3)c2n1,IC50
CHEMBL4224704,6.2716462179787715,535.0,1,CNC(=O)c1ccc(Sc2ccc(NC(=O)Nc3ccc(Cl)c(C(F)(F)F)c3)cc2)nc1,IC50
CHEMBL4224714,7.795880017344075,16.0,1,FC(F)(F)c1ccc(CNc2ccc(Cc3c[nH]c4ncccc34)cn2)cc1,IC50
CHEMBL4225772,6.154281982033341,701.0,1,CNC(=O)c1ccc(Sc2ccc(NC(=S)Nc3ccc(Cl)c(C(F)(F)F)c3)cc2)nc1,IC50
CHEMBL4227505,5.494850021680094,3200.0,1,CNC(=O)c1cc(Oc2ccc3nc(N[C@@H]4CCCC[C@H]4O)sc3c2)ccn1,IC50
CHEMBL4238023,4.308034897232639,49200.0,1,O=C(O)c1ccc(C(=O)NC2CCN(c3nc4c(c(Nc5ccc6c(c5)OCCO6)n3)COC4)C2)nc1,IC50
CHEMBL4239237,4.504455662453552,31300.0,1,COc1cc(Nc2nc(N3CCC(NC(=O)c4ccc(C(=O)O)cn4)C3)nc3c2COC3)cc(OC)c1OC,IC50
CHEMBL4242803,4.58838029403677,25800.0,1,CCCCCCCNc1nc(N2CCC(NC(=O)c3ccc(C(=O)O)cn3)C2)nc2c1COC2,IC50
CHEMBL424943,7.3872161432802645,41.0,2,Nc1n[nH]c2cccc(-c3ccc(NC(=O)Nc4cccc(C(F)(F)F)c4)cc3)c12,IC50
CHEMBL4249776,4.730487055782084,18600.0,1,COc1cc(Nc2nc(N3CCC(NC(=O)c4ccc(C(=O)O)cn4)C3)nc3c2COC3)cc(OC)c1,IC50
CHEMBL425043,7.096910013008056,80.0,1,COc1cc2nccc(Oc3ccc(NC(=O)OCCC4CCCCC4)cc3)c2cc1OC,IC50
CHEMBL425262,6.856985199745905,139.0,1,Cc1cccc(N(C)C(=O)NCc2ccc(-c3[nH]nc4c3Cc3cc(CN5CCN(C)CC5)ccc3-4)s2)c1,IC50
CHEMBL425615,5.857923538926715,1387.0,1,Cc1ccccc1NC(=O)NCc1ccc(-c2n[nH]c3c2Cc2cc(CN4CCN(C)CC4)ccc2-3)s1,IC50
CHEMBL425749,7.568636235841013,27.0,3,Cc1cccc(NC(=O)Nc2ccc(-c3csc4ncnc(N)c34)c(F)c2)c1,IC50
CHEMBL426004,7.376750709602099,42.0,2,Cc1ccc(NC(=O)Nc2ccc(-c3cccc4[nH]nc(N)c34)cc2)cc1F,IC50
CHEMBL426887,6.070581074285707,850.0,2,Nc1n[nH]c2cccc(-c3ccc(NC(=O)NC4CCCC4)cc3)c12,IC50
CHEMBL4279457,7.99481948749622,10.12,1,COc1cc2c(Oc3ccc(NC(=O)c4cc5cccnc5n(-c5ccc(F)cc5)c4=O)cc3F)ccnc2cc1OCCCN1CCN(C)CC1,IC50
CHEMBL4281823,6.739928612014925,182.0,1,CCn1cc(-c2ccc3c(c2)CCN3C(=O)Cc2cccc(OC(F)(F)F)c2)c2c(N)ncnc21,IC50
CHEMBL4289577,6.164626547529991,684.5,1,O=C(Nc1ccc(Oc2ccnc3[nH]ccc23)c(F)c1)c1cc2cccnc2n(-c2ccc(F)cc2)c1=O,IC50
CHEMBL429516,7.657577319177793,22.0,1,Nc1ncnc2c1N=C(c1ccc(NC(=O)Nc3ccc(F)c(C(F)(F)F)c3)cc1)CCN2,IC50
CHEMBL430090,7.251811972993799,56.0,1,COc1ccc(-c2ccc(NC(=O)Nc3cccc(C(F)(F)F)c3)cc2)c2c(N)noc12,IC50
CHEMBL431006,6.0,1000.0,1,CC(C)(C)c1ccc(Nc2nnc(Cc3ccncc3)c3ccccc23)cc1,IC50
CHEMBL438653,7.187086643357144,65.0,2,Cc1cccc(NC(=O)Nc2ccc(-c3ccc(OCCN(C)C)c4[nH]nc(N)c34)cc2)c1,IC50
CHEMBL438797,7.167491087293763,68.0,3,Cc1ccccc1NC(=O)Nc1ccc(-c2c(C)sc3ncnc(N)c23)cc1,IC50
CHEMBL442273,5.801342913045577,1580.0,1,COCC(=O)Nc1cccc2c1Cc1c-2n[nH]c1-c1ccsc1,IC50
CHEMBL4436208,7.1487416512809245,71.0,1,CCc1cc(NC(=O)Nc2ccc(-c3cnc(Nc4cc(N5CCN(CCO)CC5)ncn4)s3)cc2)no1,IC50
CHEMBL4436748,5.070581074285707,8500.0,3,Nc1c(C(=O)NCc2ccc(C(=O)NCCCC3CCCCC3)cc2)cnn1-c1ccccc1,IC50
CHEMBL4437631,5.463694127648966,3438.0,1,Cc1cn(-c2cc(NC(=O)c3ccc4c(c3)C[C@H](N(C)c3cncnc3)C4)cc(C(F)(F)F)c2)cn1,IC50
CHEMBL4438245,7.275724130399211,53.0,1,Cc1nc(Nc2ncc(-c3ccncc3)s2)cc(N2CCC(N(C)C)CC2)n1.Cl,IC50
CHEMBL4438475,5.535063570878267,2917.0,1,CCc1ccc(C(=O)Nc2cccc(C(F)(F)F)c2)cc1-c1cccc(-c2cnc3cnccn23)c1,IC50
CHEMBL4438683,6.022276394711152,950.0,1,CCc1cc(NC(=O)Nc2ccc(-c3csc(Nc4cc(N5CCN(CC)CC5)nc(C)n4)n3)cc2)no1,IC50
CHEMBL443902,5.349692476868063,4470.0,1,Cc1ccc(C(=O)NC2CCCCC2)cc1C(=O)Nc1ccc(N)nc1,IC50
CHEMBL444064,6.958607314841775,110.0,1,COc1cc2c(N3CCN(C(=O)Nc4ccc(OC(C)C)cc4)CC3)ncnc2cc1OCCN1CCCCC1,IC50
CHEMBL4444606,6.080921907623926,830.0,1,CNC(=O)c1cnc(Nc2ccc(OC)cn2)cc1Nc1ccccc1S(C)(=O)=O,IC50
CHEMBL4444612,5.074997492319023,8414.0,1,CCc1ccc(C(=O)Nc2cccc(C(F)(F)F)c2)cc1-c1cc(Cl)cc(-c2cnc3cnccn23)c1,IC50
CHEMBL4445808,7.242925432762281,66.0,2,CCC(=O)NCC1CCN(c2ccc(NC(=O)Nc3cccc(Oc4ccnc5cc(OC)c(OC)cc45)c3)cc2C(F)(F)F)CC1,IC50
CHEMBL4446361,6.808811348265943,290.5,2,O=C(CC(=O)Nc1ccc2c(/C=C/c3ccccn3)n[nH]c2c1)Nc1cccc(F)c1,IC50
CHEMBL4446681,4.958607314841775,11000.0,1,CN(CCc1ccc(-c2ccccc2)cc1)Cc1cn(C)c2ccc(C(=O)Nc3ccc(F)cc3)cc12,IC50
CHEMBL4446778,7.327902142064283,47.0,1,Cc1nc(Nc2ncc(-c3ccncc3)s2)cc(N2CCN(CCF)CC2)n1.Cl,IC50
CHEMBL4446992,6.453457336521869,352.0,1,COc1cc2c(Oc3ccc(C4SCC(=O)N4NC(=O)Nc4ccc(F)cc4F)cc3F)ccnc2cc1OCCCN1CCN(C)CC1,IC50
CHEMBL4448198,7.5376020021010435,29.0,1,CCN1CCN(c2cc(Nc3ncc(-c4ccncc4)s3)ncn2)CC1.Cl,IC50
CHEMBL4448433,8.821585672401769,1.5150000000000001,16,CCc1cc(NC(=O)Nc2ccc(-c3cnc(Nc4cc(N5CCN(CC)CC5)ncn4)s3)cc2)no1,IC50
CHEMBL4449189,6.6020599913279625,250.0,1,O=C(CSc1nccc(Nc2ccc(N3CCOCC3)cc2)n1)c1ccc(F)cc1,IC50
CHEMBL4450651,7.086186147616283,82.0,1,CCc1cc(NC(=O)N2CC=C(c3cnc(Nc4cc(N5CCN(CC)CC5)nc(C)n4)s3)CC2)no1,IC50
CHEMBL4452166,7.0,100.0,1,CCN1CCN(c2cc(Nc3ncc(-c4ccnc(C)c4)s3)nc(C)n2)CC1.Cl,IC50
CHEMBL445394,7.301029995663981,50.0,3,COc1ccccc1NC(=O)Nc1ccc(-c2c(C)sc3ncnc(N)c23)cc1,IC50
CHEMBL445636,8.397940008672037,4.0,1,COc1cc2c(N3CCN(C(=O)Nc4ccc(C#N)cc4)CC3)ncnc2cc1OCCCN1CCC(C)CC1,IC50
CHEMBL4456471,6.210419287835575,616.0,1,CN1CCC(Nc2ccc(C(=O)Nc3cc(-c4ccc5c(c4)OCO5)n[nH]3)cc2)CC1,IC50
CHEMBL4457984,7.161150909262744,69.0,1,CCN1CCN(c2cc(Nc3ncc(-c4cccnc4)s3)nc(C)n2)CC1.Cl,IC50
CHEMBL4458373,6.913640169325252,122.0,1,CCc1cc(NC(=O)Nc2ccc(-c3sc(Nc4cc(N5CCN(CC)CC5)ncn4)nc3C)cc2)no1,IC50
CHEMBL4464080,7.140261433802853,72.4,1,Cc1ccc(C(=O)Nc2cccc(C(F)(F)F)c2)cc1-c1cccc(-c2cnc3cnccn23)c1,IC50
CHEMBL4465853,7.366531544420414,43.0,1,CCc1cc(NC(=O)Nc2ccc(-c3cnc(Nc4cc(N5CCN(CC)CC5)ncn4)s3)cn2)no1,IC50
CHEMBL4465918,5.522878745280337,3000.0,1,O=C(CCCC(=O)N1C[C@@H](CCl)c2c1cc(O)c1ccccc21)N1C[C@@H](CCl)c2c1cc(O)c1ccccc21,IC50
CHEMBL4466438,5.301551461984671,4994.0,1,CCc1ccc(C(=O)Nc2cccc(C(F)(F)F)c2)cc1-c1cc(OC)cc(-c2cnc3cnccn23)c1,IC50
CHEMBL4473475,6.207818503850321,619.7,1,CCc1ccc(C(=O)Nc2cc(CN3CCN(C)CC3)cc(C(F)(F)F)c2)cc1-c1cccc(-c2cnc3cnccn23)c1,IC50
CHEMBL4473548,5.080921907623926,8300.0,1,C[C@@H]1CN(C(=O)CCCC(=O)N2C[C@@H](C)c3c2cc(O)c2ccccc32)c2cc(O)c3ccccc3c21,IC50
CHEMBL4473755,6.886056647693163,130.0,1,CCN1CCN(c2cc(Nc3ncc(-c4ccc(NC(C)=O)cc4)s3)ncn2)CC1,IC50
CHEMBL4473820,7.312151114489243,48.754999999999995,2,CN1CCC(Nc2ccc(C(=O)Nc3cc(-c4cc(C#N)cs4)n[nH]3)cc2)CC1,IC50
CHEMBL4475875,7.0,100.0,1,CCN1CCN(c2cc(Nc3ncc(-c4ccccn4)s3)nc(C)n2)CC1.Cl,IC50
CHEMBL4483070,7.619788758288394,24.0,1,CCN1CCN(c2cc(Nc3ncc(-c4ccccc4)s3)nc(C)n2)CC1.Cl,IC50
CHEMBL4513768,7.251811972993799,56.0,1,CCN1CCN(c2cc(Nc3ncc(-c4ccncc4)s3)nc(C)n2)CC1.Cl,IC50
CHEMBL4519510,5.773142429711276,1686.0,1,CC(C)c1ccc(C(=O)Nc2cccc(C(F)(F)F)c2)cc1-c1cccc(-c2cnc3cnccn23)c1,IC50
CHEMBL4521178,7.309803919971486,49.0,1,Cc1nc(Nc2ncc(-c3ccncc3)s2)cc(OCCN2CCOCC2)n1.Cl,IC50
CHEMBL4526283,7.0,100.0,1,CNC(=O)c1cnc(Nc2ccc(F)cn2)cc1Nc1ccccc1S(C)(=O)=O,IC50
CHEMBL4528798,7.008773924307505,98.0,1,CCN1CCN(c2cc(Nc3ncc(-c4ccc(NC(N)=O)cc4)s3)ncn2)CC1,IC50
CHEMBL452965,7.886056647693163,13.0,1,CONC(=O)c1cn(-c2ccc3c(c2)CCC3)c2nc(Nc3ccc(C4CCN(CC(=O)O)CC4)cc3)ncc2c1=O,IC50
CHEMBL4530082,7.0655015487564325,86.0,1,CCc1cc(NC(=O)Nc2ccc(-c3cnc(Nc4nc(C)nc(N5CCN(CC)CC5)n4)s3)cc2)no1,IC50
CHEMBL453057,8.045757490560675,9.0,1,Cc1cccc(NC(=O)Nc2ccc(-c3cnc4c(-c5cnn(C)c5)ccn4c3N)cc2)c1,IC50
CHEMBL4531334,5.61261017366127,2440.0,1,CN1CCN(C(=O)C(C)(C)c2ccc(C(=O)Nc3cn4cc(-c5ccncc5)ccc4n3)cc2)CC1,IC50
CHEMBL4533153,6.42021640338319,380.0,1,COc1cc2c(Oc3ccc(NC(=O)NS(=O)(=O)Cc4ccc(F)cc4)cc3F)ccnc2cc1OCCCN1CCCC1,IC50
CHEMBL4544048,5.306800854846283,4934.0,1,CCc1ccc(C(=O)Nc2cccc(CN3CCN(C)CC3)c2)cc1-c1cccc(-c2cnc3cnccn23)c1,IC50
CHEMBL4544320,6.200659450546418,630.0,1,CNC(=O)c1cnc(Nc2ccccn2)cc1Nc1ccccc1S(C)(=O)=O,IC50
CHEMBL4544478,8.42021640338319,3.8,1,CN1CCC(Nc2nc(Nc3ccc(Oc4ccccc4)cc3)c3c(=O)[nH]cc(Br)c3n2)CC1,IC50
CHEMBL4545864,7.301029995663981,50.0,1,CCc1cc(NC(=O)NCCCc2cnc(Nc3cc(N4CCN(CC)CC4)nc(C)n3)s2)no1,IC50
CHEMBL4546279,7.42021640338319,38.0,1,CCc1cc(NC(=O)NCC#Cc2cnc(Nc3cc(N4CCN(CC)CC4)ncn3)s2)no1,IC50
CHEMBL4546349,7.040958607678906,91.0,1,CCN1CCN(c2cc(Nc3ncc(-c4cccnc4)s3)ncn2)CC1.Cl,IC50
CHEMBL4549667,6.0,1000.0,1,CN1C(=O)[C@@H](N2CCc3c(nn(Cc4ccccc4)c3Br)C2=O)COc2ccccc21,IC50
CHEMBL4550702,6.0915149811213505,810.0,1,Cn1cc(-c2cnc3c(-c4csc(C(=O)NCC(F)(F)F)c4)cnn3c2)cn1,IC50
CHEMBL4550794,7.309803919971486,49.0,1,Cc1nc(Nc2ncc(-c3ccncc3)s2)cc(N2CCN(CCO)CC2)n1.Cl,IC50
CHEMBL4558996,6.910094888560602,123.0,1,CCN1CCN(c2cc(Nc3ncc(-c4cncnc4)s3)nc(C)n2)CC1.Cl,IC50
CHEMBL456689,4.552841968657781,28000.0,2,COc1cc2[nH]c3ncnc(N4CCN(C(=S)Nc5ccc(S(=O)(=O)Nc6ncccn6)cc5)CC4)c3c2cc1OC,IC50
CHEMBL4568087,6.161150909262744,690.0,1,Cn1cc(-c2cnc3c(-c4csc(C(=O)N[C@@H]5CCCC[C@@H]5N)c4)cnn3c2)cn1,IC50
CHEMBL4569508,5.568636235841013,2700.0,1,O=C(NCC(F)(F)F)c1cc(-c2cnn3cc(-c4ccc(OCCN5CCCCC5)cc4)cnc23)cs1,IC50
CHEMBL4571430,5.1810486883598275,6591.0,1,CCc1ccc(C(=O)Nc2cccc(C(F)(F)F)c2)cc1-c1cc(F)cc(-c2cnc3cnccn23)c1,IC50
CHEMBL4573547,5.287350298372789,5160.0,1,CCOC(=O)c1ccc(Nc2ccnc(SCC(=O)c3ccc(C#N)cc3)n2)cc1,IC50
CHEMBL4575992,5.399680670248339,3984.0,1,CCc1ccc(C(=O)Nc2ccc(C(F)(F)F)cc2)cc1-c1cccc(-c2cnc3cnccn23)c1,IC50
CHEMBL4577779,8.247425010840047,6.0,2,COc1cc2nccc(Oc3ccc(NC(=O)Cc4ccc(Cl)c(C(F)(F)F)c4)cc3)c2cc1OC,IC50
CHEMBL4583783,5.429340329978466,3721.0,1,CCc1ccc(C(=O)Nc2cccc(C(F)(F)F)c2)cc1-c1cc(C#N)cc(-c2cnc3cnccn23)c1,IC50
CHEMBL4583808,5.046240308266771,8990.0,1,CCc1ccc(C(=O)Nc2ccccc2)cc1-c1cccc(-c2cnc3cnccn23)c1,IC50
CHEMBL4586565,5.223444089296738,5978.0,1,CCc1ccc(C(=O)Nc2cccc(C(F)(F)F)c2)cc1-c1cccc(-c2cnc3cnccn23)c1C,IC50
CHEMBL4587222,7.1938200260161125,64.0,1,CCN1CCN(CCCOc2cc3nccc(Oc4c(F)cc(NC(=O)NN5C(=O)CSC5c5c(F)cccc5F)cc4F)c3cc2OC)CC1,IC50
CHEMBL4589974,6.97061622231479,107.0,1,CN1CCN(Cc2ccc(C(=O)Nc3ncc(-c4cccnc4)s3)cc2)CC1.Cl,IC50
CHEMBL460472,5.0,10000.0,1,COc1ccc2c(Oc3ccc(NC(=O)c4c(C)n(CC(C)(C)O)n(-c5ccccc5)c4=O)nc3)ccnc2c1,IC50
CHEMBL460702,6.841637507904751,144.0,1,CCOc1ccn(-c2ccc(F)cc2)c(=O)c1C(=O)Nc1ccc(Oc2ccnc(N)c2Cl)c(F)c1,IC50
CHEMBL461139,5.2839966563652006,5200.0,1,O=c1[nH]cnc2[nH]c(-c3ccnc(/C=C/c4ccc(CN5CCOCC5)cc4)c3)cc12,IC50
CHEMBL461140,5.214670164989233,6100.0,1,CN(C)CCOc1ccc(/C=C/c2cc(-c3cc4c(=O)[nH]cnc4[nH]3)ccn2)cc1,IC50
CHEMBL4632839,7.031517051446065,93.0,1,Cc1ccc(C(=O)Nc2cccc(N3CCN(C)CC3)c2)cc1Nc1nccc(-c2ccc(F)cc2)n1,IC50
CHEMBL4633069,6.519993057042849,302.0,1,CCCCc1cc(NC(=O)c2ccc(C)c(Nc3nccc(-c4ccccc4)n3)c2)cc(-n2cnc(C)c2)c1,IC50
CHEMBL4634073,7.698970004336019,20.0,1,COC(=O)Nc1ccc(-c2c(OC3CCN(C)CC3)nc3c(-c4ccc(OC)c(OC)c4)cnn3c2N)cc1,IC50
CHEMBL4635318,5.590066876668706,2570.0,1,Cc1cn(-c2cc(CN3CCN(C)CC3)cc(NC(=O)c3ccc(C)c(Nc4nccc(-c5ccccc5)n4)c3)c2)cn1,IC50
CHEMBL4636995,5.795880017344075,1600.0,1,COc1ccc(-c2cnn3c(N)c(-c4nccs4)c(OC4CCN(C)CC4)nc23)cc1OC,IC50
CHEMBL4637172,6.459670525209126,347.0,1,Cc1cn(-c2cc(CCC(=O)O)cc(NC(=O)c3ccc(C)c(Nc4nccc(-c5ccccc5)n4)c3)c2)cn1,IC50
CHEMBL4637487,5.707743928643524,1960.0,1,Cc1cn(-c2cc(CN3CCC[C@H](N)C3)cc(NC(=O)c3ccc(C)c(Nc4nccc(-c5ccc(F)cc5)n4)c3)c2)cn1,IC50
CHEMBL4638092,6.209011524911184,618.0,1,Cc1cn(-c2cc(NC(=O)c3ccc(C)c(Oc4ccccc4)c3)cc(C(F)(F)F)c2)cn1,IC50
CHEMBL4638350,6.6439741428068775,227.0,1,Cc1cn(-c2cc(NC(=O)c3ccc(C)c(Oc4cccc5ccncc45)c3)cc(N3CCN(C)CC3)c2)cn1,IC50
CHEMBL4638611,6.102372908709558,790.0,1,Cc1cn(-c2cc(NC(=O)c3ccc(C)c(Nc4nccc(-c5ccc(F)cc5)n4)c3)cc(N3CCOCC3)c2)cn1,IC50
CHEMBL4638783,5.826813731587726,1490.0,1,Cc1cn(-c2cc(NC(=O)c3ccc(C)c(Nc4nccc(-c5ccccc5)n4)c3)cc(N3CCNCC3)c2)cn1,IC50
CHEMBL4640601,6.040958607678906,910.0,1,COc1ccc(-c2cnn3c(N)c(-c4ccccc4)c(OC4CCN(C)CC4)nc23)cc1OC,IC50
CHEMBL4641090,7.19466991845506,97.0,2,CC(C)Nc1cc(Nc2ccn3nccc3n2)ncc1C(=O)NC[C@@H](F)C(C)(C)O,IC50
CHEMBL4642089,5.557520230935552,2770.0,1,Cc1cn(-c2cc(/C=C/C(=O)O)cc(NC(=O)c3ccc(C)c(Nc4nccc(-c5ccccc5)n4)c3)c2)cn1,IC50
CHEMBL4642128,5.540607512240769,2880.0,1,Cc1cn(-c2cc(NC(=O)c3ccc(C)c(Nc4nccc(-c5ccccc5)n4)c3)cc(N3CCN(C)CC3)c2)cn1,IC50
CHEMBL4642181,6.22767829327708,592.0,1,Cc1cn(-c2cc(NC(=O)c3ccc(C)c(Nc4nccc(-c5ccccc5)n4)c3)cc(C(F)(F)F)c2)cn1,IC50
CHEMBL4642587,5.221848749616356,6000.0,1,Cc1cn(-c2cc(CCS(N)(=O)=O)cc(NC(=O)c3ccc(C)c(Nc4nccc(-c5ccccc5)n4)c3)c2)cn1,IC50
CHEMBL4644718,7.769551078621726,17.0,1,COC(=O)c1ccc2c(c1)NC(=O)/C2=C(\Nc1ccc(-n2c(C)ccc2CN2CCN(C)CC2)cc1)c1ccccc1,IC50
CHEMBL4645353,5.884056823060945,1306.0,1,O=C(Nc1ccc(Oc2ccnc3[nH]ccc23)c(F)c1)c1cn(-c2ccc(F)cc2)c2ccccc2c1=O,IC50
CHEMBL4646469,5.005682847330363,9870.0,1,Cc1cn(-c2cc(CN3CCCC[C@H]3C(N)=O)cc(NC(=O)c3ccc(C)c(Nc4nccc(-c5ccc(F)cc5)n4)c3)c2)cn1,IC50
CHEMBL4648729,5.508638306165727,3100.0,1,Cc1cc(-c2cc(NC(=O)c3ccc(C)c(Nc4nccc(-c5ccc(F)cc5)n4)c3)cc(N3CCN(C)CC3)c2)on1,IC50
CHEMBL469882,6.966576244513051,108.0,1,Cc1ccc(C(=O)Nc2cccc(C(F)(F)F)c2)cc1NC(=O)c1cncnc1,IC50
CHEMBL469883,7.7447274948966935,18.0,1,Cc1ccc(C(=O)Nc2cccc(C(F)(F)F)c2)cc1C(=O)Nc1cccnc1,IC50
CHEMBL470483,8.154901959985743,7.0,1,Cc1ccc(C(=O)Nc2cccc(C(F)(F)F)c2)cc1C(=O)Nc1ccc(N)nc1,IC50
CHEMBL470808,8.0,10.0,1,CNC(=O)c1cc(Oc2ccc3c(c2)nc(Nc2cccc(C(C)(C)C)c2)n3C)ccn1,IC50
CHEMBL4752670,8.045757490560675,9.0,1,CC(OC(=O)c1ccc2nc(N)sc2c1)C(=O)Nc1ccc(C(C)(C)C)cc1,IC50
CHEMBL4764463,7.200659450546418,63.0,1,COc1cc2c(Oc3ccc(NC(=O)C4(c5nnc(-c6ccc(F)cc6)o5)CC4)cc3F)ccnc2cc1OCCCN1CCCCC1,IC50
CHEMBL477197,5.568636235841013,2700.0,1,Oc1cc2c(cc1O)[C@@H]1c3ccc(O)c(O)c3OC[C@]1(O)C2,IC50
CHEMBL477560,5.229147988357856,5900.0,1,Oc1ccc(CC2=Cc3ccc(O)c(O)c3OC2)cc1O,IC50
CHEMBL4776125,7.327902142064283,47.0,1,COc1cc2c(Oc3ccc(NC(=O)C(C)c4nnc(-c5ccc(F)cc5)o4)cc3F)ccnc2cc1OCCCN1CCC(C)CC1,IC50
CHEMBL477768,5.494850021680094,3200.0,1,O=C1c2ccc(O)c(O)c2OC[C@]1(O)Cc1ccc(O)c(O)c1,IC50
CHEMBL477772,7.130768280269024,74.0,3,Cc1ccc(Nc2nccc(N(C)c3ccc4c(C)n(C)nc4c3)n2)cc1S(N)(=O)=O,IC50
CHEMBL4779315,8.354577730650908,4.42,1,COc1cc2nccc(Oc3ccc(NC(=O)C(OC(=O)c4ccc(F)cc4)C(C)(C)C)cc3F)c2cc1OC,IC50
CHEMBL4784002,7.919373513078194,12.04,1,Cn1cc(-c2ccc3c(Nc4ccc(NC(=O)Nc5cccc(F)c5)cc4)ncnc3c2)cn1,IC50
CHEMBL4784431,7.548213564475709,28.3,1,COc1cc2ncnc(Oc3ccc(Nc4nccc5[nH]cc(-c6ccc(F)cc6)c(=O)c45)cc3)c2cc1OC,IC50
CHEMBL478611,6.154901959985743,700.0,1,Oc1ccc(C[C@@]2(O)COc3c(ccc(O)c3O)[C@H]2O)cc1O,IC50
CHEMBL4793380,6.661543506395395,218.0,1,CC(C)(C)c1cc(NC(=O)Nc2ccc(Nc3ncnc4c3OCCCN4)cc2)no1,IC50
CHEMBL4794404,5.664141088680182,2167.0,1,Cc1nc(NC(=O)CN2CCN(C)CC2)sc1-c1ccc2c(/C=C/c3ccccn3)n[nH]c2c1,IC50
CHEMBL4794496,7.345823458122039,45.1,1,COc1cc2ncnc(Oc3ccc(Nc4nccc5[nH]cc(-c6ccc(F)cc6)c(=O)c45)cc3F)c2cc1OC,IC50
CHEMBL4797840,5.301029995663981,5000.0,1,CNC(=O)c1cc(-n2ccc3cc(NC(=O)Nc4ccc(N5CCN(C)CC5)c(C(F)(F)F)c4)ccc32)ccn1,IC50
CHEMBL4799113,8.370590400897282,4.26,1,COCC/C(=N\S(=O)(=O)Cc1ccc(Cl)cc1)Nc1ccc(Oc2ccnc3cc(OCCCN4CCOCC4)c(OC)cc23)c(F)c1,IC50
CHEMBL4799738,5.883525088091669,1307.6,1,Cn1cc(-c2ccc3c(Nc4cccc(NC(=O)Nc5cccc(F)c5)c4)ncnc3c2)cn1,IC50
CHEMBL4800276,7.6777807052660805,21.0,1,CC(C)COC(=O)N1CCN(C(=O)C=CC(=O)Nc2ccc(Cl)cc2)CC1,IC50
CHEMBL482767,6.499996931948306,316.23,1,O=C(Nc1cccc(Cl)c1)Nc1ncc(CCNc2ncnc3ccsc23)s1,Ki
CHEMBL482967,6.399996913372259,398.11,1,Cc1nc(N)sc1-c1ccnc(Nc2ccc(N3CCOCC3)cc2)n1,Ki
CHEMBL482968,6.920818753952375,120.0,1,Cc1cc(Nc2cc(N3CCN(C)CC3)nc(/C=C/c3ccccc3)n2)n[nH]1,IC50
CHEMBL4846747,8.55284196865778,2.8,1,Cn1ncc(-c2ccc(CNc3cc(-c4cnc5cc(OCCCN6CCCC6)ccn45)ncn3)cc2)n1,IC50
CHEMBL4847875,8.958607314841775,1.1,1,CN(C)c1ccc2c(Oc3ccc(NC(=O)NCc4ccc(C(F)(F)F)nc4)cc3)ncnc2c1,IC50
CHEMBL484883,7.958607314841775,11.0,1,O=C(Nc1cncnc1)c1c(Cl)ccc2c(Nc3ccc(OC(F)(F)F)cc3)noc12,IC50
CHEMBL484884,7.229147988357855,59.0,1,N#Cc1cccc(Nc2noc3c(C(=O)Nc4cncnc4)c(Cl)ccc23)c1,IC50
CHEMBL484885,8.397940008672037,4.0,1,O=C(Nc1cncnc1)c1c(Cl)ccc2c(Nc3cccc(OC(F)(F)F)c3)noc12,IC50
CHEMBL4849258,8.065501548756432,8.6,3,COc1ccn2c(-c3cc(NCc4ccc(-c5cnn(C)c5)cc4)ncn3)cnc2c1,IC50
CHEMBL4852385,8.657577319177793,2.2,1,COCCN1CCC(COc2ccn3c(-c4cc(NCc5ccc(-c6cnn(C)n6)cc5)ncn4)cnc3c2)CC1,IC50
CHEMBL4853236,7.958607314841775,11.0,1,CNC1CN(c2ccn3c(-c4cc(NCc5ccc(-c6cnn(C)c6)cc5)ncn4)cnc3c2)C1,IC50
CHEMBL4853979,6.39040559077478,407.0,1,CCN1C(=O)N(c2c(F)c(OC)cc(OC)c2F)Cc2cnc3c(c21)CC(=O)N3,IC50
CHEMBL4854815,7.732226360411666,41.2,2,COc1ccn2c(-c3cc(NCc4ccc(-c5cnn(C)n5)cc4)ncn3)cnc2c1,IC50
CHEMBL4854822,5.468521082957745,3400.0,1,CC(=O)N1CCN([C@H]2C[C@@H](n3cc(-c4cc(O)ccc4F)c4c(N)ncnc43)C2)CC1,IC50
CHEMBL485556,6.0,1000.0,1,CN(C(=O)C1CCCCC1)c1ccc2c(c1)nc(NC(=O)c1ccc(C#N)cc1)n2CCC(N)=O,Ki
CHEMBL4855726,7.393618634889395,40.4,1,Cc1nc(Nc2ncc(C(=O)Nc3c(Cl)ccnc3C)s2)cc(NN2CCN(CCO)CC2)n1,IC50
CHEMBL4858720,7.376750709602099,42.0,1,Nc1ncnc2c1c(-c1cccc(O)c1)cn2[C@H]1C[C@@H](CO)C1,IC50
CHEMBL4860004,5.236573504006824,5799.98,1,Cc1ccncc1-c1ccc2nc(NC(=O)C3CC3(F)F)sc2c1,IC50
CHEMBL4860486,8.823908740944319,1.5,1,Cc1nc(-c2ccc(CNc3cc(-c4cnc5cc(OCCO)ccn45)ncn3)cc2)co1,IC50
CHEMBL4861069,8.481486060122112,3.3,2,Cn1ncc(-c2ccc(CNc3cc(-c4cnc5cc(OCCN6CC7(COC7)C6)ccn45)ncn3)cc2)n1,IC50
CHEMBL4862702,5.5045944368538064,3129.0,3,Cc1c(F)cncc1-c1ccc2nc(NC(=O)[C@@H]3C[C@@H]3F)sc2c1,IC50
CHEMBL4868998,5.703751757051066,1978.1,1,Cc1ccncc1-c1ccc2nc(NC(=O)[C@@H]3C[C@@H]3F)sc2c1.Cl.Cl,IC50
CHEMBL4869280,5.787894999334309,1629.69,1,Cc1ccncc1-c1ccc2nc(NC(=O)C3CC3)sc2c1,IC50
CHEMBL4870179,7.920818753952375,12.0,1,COc1cc(OC)c(F)c(N2Cc3cnc4[nH]ccc4c3N(C)C2=O)c1F,IC50
CHEMBL4871511,7.753549994445648,33.05,2,CN1CC(COc2ccn3c(-c4cc(NCc5ccc(-c6cnn(C)c6)cc5)ncn4)cnc3c2)C1,IC50
CHEMBL4871581,8.4089353929735,3.9,1,COc1cc(OC)c(F)c(N2Cc3cnc4[nH]c(-c5cnn(C)c5)cc4c3N(C)C2=O)c1F,IC50
CHEMBL4872031,8.187086643357144,6.5,1,Cn1cc(-c2ccc(CNc3cc(-c4cnc5cc(OCCN6CCC[C@@H]7OCC[C@@H]76)ccn45)ncn3)cc2)cn1,IC50
CHEMBL487431,7.113509274827518,77.0,2,Cc1ccc(C(=O)NCCC2CCCC2)cc1C(=O)Nc1ccc(N)nc1,IC50
CHEMBL4874323,5.075460732098251,8405.03,1,Cc1cccc(C)c1-c1ccc2nc(NC(=O)[C@@H]3C[C@@H]3F)sc2c1.O=CO,IC50
CHEMBL4875615,7.958607314841775,11.0,1,Cn1cc(-c2ccc(CNc3cc(-c4cnc5cc(OC6CCOC6)ccn45)ncn3)cc2)cn1,IC50
CHEMBL4875711,5.128723700140745,7434.92,1,Cc1ccnc(C)c1-c1ccc2nc(NC(=O)[C@@H]3C[C@@H]3F)sc2c1,IC50
CHEMBL4877718,5.436279288143028,3662.02,1,Cc1cccc(F)c1-c1ccc2nc(NC(=O)[C@@H]3C[C@@H]3F)sc2c1,IC50
CHEMBL4878220,8.657577319177793,2.2,1,c1ccn2c(-c3cc(NCc4ccc(-n5cccn5)cc4)ncn3)cnc2c1,IC50
CHEMBL4878590,7.481486060122112,33.0,1,Cn1cc(-c2ccc(CNc3cc(-c4cnc5cc(CCN6CCN(C7COC7)CC6)ccn45)ncn3)cc2)cn1,IC50
CHEMBL487863,7.236572006437063,58.0,1,CC(=O)Nc1ncc(NC(=O)c2cc(C(=O)Nc3cccc(C(F)(F)F)c3)ccc2C)cn1,IC50
CHEMBL487864,8.698970004336019,2.0,1,CC(=O)Nc1ccc(NC(=O)c2cc(C(=O)Nc3cccc(C(F)(F)F)c3)ccc2C)cn1,IC50
CHEMBL487865,6.920818753952375,120.0,1,Cc1ccc(C(=O)Nc2ccc(C(F)(F)F)cc2)cc1C(=O)Nc1ccc(N)nc1,IC50
CHEMBL488833,5.928117992693875,1180.0,1,Cc1ccc(C(=O)NCC2CCCCC2)cc1C(=O)Nc1ccc(N)nc1,IC50
CHEMBL488834,7.455931955649724,35.0,1,Cc1ccc(C(=O)NCCC2CCCCC2)cc1C(=O)Nc1ccc(N)nc1,IC50
CHEMBL488840,6.382999658879101,414.0,1,Cc1cccc(C)c1/C=C/n1cnc2c(Nc3ccc(P(C)(C)=O)cc3)ncnc21,IC50
CHEMBL488984,9.0,1.0,1,Nc1ncc(NC(=O)c2c(Cl)ccc3c(Nc4cccc(C(F)(F)F)c4)noc23)cn1,IC50
CHEMBL488985,8.397940008672037,4.0,1,CC(=O)Nc1ncc(NC(=O)c2c(Cl)ccc3c(Nc4cccc(C(F)(F)F)c4)noc23)cn1,IC50
CHEMBL489196,8.522878745280337,3.0,1,O=C(Nc1cccnc1)c1c(Cl)ccc2c(Nc3cccc(C(F)(F)F)c3)noc12,IC50
CHEMBL489579,8.154901959985743,7.0,1,CCc1ccc(Nc2noc3c(C(=O)Nc4cncnc4)c(Cl)ccc23)cc1,IC50
CHEMBL489786,8.154901959985743,7.0,1,CCCc1ccc(Nc2noc3c(C(=O)Nc4cncnc4)c(Cl)ccc23)cc1,IC50
CHEMBL490407,8.096910013008056,8.0,1,CC(C)(C)c1ccc(Nc2noc3c(C(=O)Nc4cncnc4)c(Cl)ccc23)cc1,IC50
CHEMBL490408,7.958607314841775,11.0,1,O=C(Nc1cncnc1)c1c(Cl)ccc2c(Nc3ccc(C(F)(F)F)cc3)noc12,IC50
CHEMBL490823,9.0,1.0,1,CC(=O)Nc1ccc(NC(=O)c2c(Cl)ccc3c(Nc4cccc(C(F)(F)F)c4)noc23)cn1,IC50
CHEMBL491238,7.698970004336019,20.0,1,O=C(Nc1cnc(Cl)nc1)c1c(Cl)ccc2c(Nc3cccc(C(F)(F)F)c3)noc12,IC50
CHEMBL491418,6.769551078621726,170.0,1,CCCCCc1ccc(Nc2noc3c(C(=O)Nc4cncnc4)c(Cl)ccc23)cc1,IC50
CHEMBL491429,8.522878745280337,3.0,1,O=C(Nc1cncnc1)c1c(Cl)ccc2c(Nc3cccc(C(F)(F)F)c3)noc12,IC50
CHEMBL491628,7.958607314841775,11.0,1,O=C(Nc1cncnc1)c1c(Cl)ccc2c(Nc3ccc(F)c(C(F)(F)F)c3)noc12,IC50
CHEMBL492265,5.531062194334539,2944.0,1,Cc1ccc(C(=O)NC2CC2)cc1-c1ccc2c(-c3ccccc3C)nncc2c1,IC50
CHEMBL492266,7.3872161432802645,41.0,1,Cc1ccc(C(=O)NC2CC2)cc1-c1ccc2c(OC(C)C)cncc2c1,IC50
CHEMBL492809,7.9604093769761874,13.0,2,CONC(=O)c1cn(-c2ccc3c(c2)CCC3)c2nc(Nc3ccc(C4CCN(C)CC4)cc3)ncc2c1=O,IC50
CHEMBL493670,6.375717904164332,421.0,1,Cc1ccc(C(=O)NC2CC2)cc1-c1ccc2c(OC(C)C)nncc2c1,IC50
CHEMBL493671,5.974284616098659,1061.0,1,Cc1ccc(C(=O)NC2CC2)cc1-c1ccc2c(O[C@@H](C)C(F)(F)F)nncc2c1,IC50
CHEMBL493708,5.930331903088404,1174.0,1,Cc1ccc(C(=O)NC2CC2)cc1-c1ccc2c(O[C@H](C)C(F)(F)F)nncc2c1,IC50
CHEMBL493986,8.214670164989233,6.1,1,Cc1ccn(-c2ccc3c(c2)NCC3(C)C)c(=O)c1-c1ccc2nc(N)ncc2c1,IC50
CHEMBL494072,6.790484985457369,162.0,1,Cc1ccc(C(=O)NC2CC2)cc1-c1ccc2nc(NCCN3CCOCC3)ncc2c1,IC50
CHEMBL494270,5.974284616098659,1061.0,1,Cc1ccc(C(=O)NC2CC2)cc1-c1ccc2c(NCCN3CCOCC3)nncc2c1,IC50
CHEMBL494272,6.276544327964814,529.0,1,Cc1ccc(C(=O)NC2CC2)cc1-c1ccc2c(N3CCOCC3)nncc2c1,IC50
CHEMBL494469,5.697452627512514,2007.0,1,Cc1ccc(C(=O)NC2CC2)cc1-c1ccc2c(N3CCOC[C@@H]3C)nncc2c1,IC50
CHEMBL494821,9.0,1.0,1,Cc1ccn(CCC2CCCC2)c(=O)c1-c1ccc2nc(N)ncc2c1,IC50
CHEMBL495330,6.826813731587726,149.0,1,Cc1ccc(C(=O)NC2CC2)cc1-c1ccc2c(-c3ccccc3)nncc2c1,IC50
CHEMBL496494,8.236830361305078,9.05,2,Cc1ccn(-c2ccc(C(C)(C)C)cc2)c(=O)c1-c1ccc2nc(N)ncc2c1,IC50
CHEMBL496505,7.603804155250873,25.5,2,CC(=O)c1ccc(-n2ccc(C)c(-c3ccc4nc(N)ncc4c3)c2=O)cc1,IC50
CHEMBL496713,7.468521082957745,42.5,2,CCOC(=O)c1ccc(-n2ccc(C)c(-c3ccc4nc(N)ncc4c3)c2=O)cc1,IC50
CHEMBL496916,7.369964306007462,46.5,2,COc1cccc(-n2ccc(C)c(-c3ccc4nc(N)ncc4c3)c2=O)c1,IC50
CHEMBL497343,7.872363747448347,14.0,2,Cc1ccn(-c2ccc(-n3cccn3)cc2)c(=O)c1-c1ccc2nc(N)ncc2c1,IC50
CHEMBL497754,7.439713034397075,41.0,2,Cc1ccn(-c2ccc(Cl)c(F)c2)c(=O)c1-c1ccc2nc(N)ncc2c1,IC50
CHEMBL497957,7.659379381312206,26.0,2,Cc1ccc(-n2ccc(C)c(-c3ccc4nc(N)ncc4c3)c2=O)cc1F,IC50
CHEMBL497958,7.799299729609228,16.0,2,Cc1cc(-n2ccc(C)c(-c3ccc4nc(N)ncc4c3)c2=O)ccc1F,IC50
CHEMBL498557,7.923550201803126,12.95,2,Cc1ccn(-c2ccc(C(F)(F)F)cc2)c(=O)c1-c1ccc2nc(N)ncc2c1,IC50
CHEMBL5028111,5.395557933739277,4022.0,2,Cc1cccc(Cl)c1-c1ccc2nc(NC(=O)[C@@H]3C[C@@H]3F)sc2c1,IC50
CHEMBL5028912,5.414200990986999,3853.0,2,Cc1cccc(C)c1-c1ccc2nc(NC(=O)[C@@H]3C[C@@H]3F)sc2c1,IC50
CHEMBL504805,7.703356966489771,21.0,2,Cc1ccn(-c2cccc(C(F)(F)F)c2)c(=O)c1-c1ccc2nc(N)ncc2c1,IC50
CHEMBL505394,5.438898616350944,3640.0,1,Cc1ccc(C(=O)NCCN2CCCC2)cc1C(=O)Nc1ccc(N)nc1,IC50
CHEMBL505830,8.221848749616356,6.0,1,CONC(=O)c1cn(-c2ccc3c(c2)CCC3)c2nc(Nc3ccc(CCN4CCN(C)CC4)cc3)ncc2c1=O,IC50
CHEMBL506033,7.75713928675921,17.5,2,COc1ccc(-n2ccc(C)c(-c3ccc4nc(N)ncc4c3)c2=O)cc1,IC50
CHEMBL5069893,5.515842575634619,3049.0,1,N[C@H]1CC[C@@H](Nc2nc(Nc3ccc(NC(=O)C4CC4)cc3)ncc2C(F)(F)F)CC1,IC50
CHEMBL5075192,5.654724315379222,2214.5,1,CCc1nc(C(N)=O)c(Nc2ccc(N3CCC(N4CCNCC4)CC3)c(OC)c2)nc1NC1CCOCC1,IC50
CHEMBL5075715,6.318125877871353,480.7,1,NC(=O)c1ccc(Nc2ncc(C(F)(F)F)c(N[C@H]3CC[C@@H](N)CC3)n2)cn1,IC50
CHEMBL5076392,5.035269078946371,9220.0,1,NC(=O)c1ccc(Nc2ncc(C(F)(F)F)c(N3CCC(N)CC3)n2)cn1,IC50
CHEMBL5078668,6.9963240974512155,100.85,1,C[C@H]1CC[C@H](Nc2nc(Nc3ccc(C(N)=O)nc3)ncc2C(F)(F)F)CC1,IC50
CHEMBL5078874,5.485053994691996,3273.0,1,CNc1nc(Nc2ccc(C(N)=O)nc2)ncc1C(F)(F)F,IC50
CHEMBL5080125,5.742561433140186,1809.0,1,N[C@H]1CC[C@@H](Nc2nc(Nc3ccc4c(=O)[nH]ccc4c3)ncc2C(F)(F)F)CC1,IC50
CHEMBL5082298,5.164848668703381,6841.5,1,COc1cc(Nc2ncc(C(F)(F)F)c(N[C@H]3CC[C@@H](N)CC3)n2)ccc1C(N)=O,IC50
CHEMBL5082524,5.422163658707256,3783.0,1,Cc1cc(Nc2ncc(C(F)(F)F)c(N[C@H]3CC[C@@H](N)CC3)n2)ccc1C(N)=O,IC50
CHEMBL5082724,6.795880017344075,160.0,1,COc1cc(CNc2ccc3c(c2)ncn3-c2ccccc2)ccc1OCCO,IC50
CHEMBL5085950,6.450383760480914,354.5,1,NC(=O)c1ccc(Nc2ncc(C(F)(F)F)c(N[C@H]3CC[C@H](O)CC3)n2)cc1,IC50
CHEMBL5086374,5.2883192829221946,5148.5,1,N[C@H]1CC[C@@H](Nc2nc(Nc3ccc4c(c3)CNC4=O)ncc2C(F)(F)F)CC1,IC50
CHEMBL5086431,5.356004794421518,4405.5,1,CC(=O)Nc1ccc(Nc2ncc(C(F)(F)F)c(N[C@H]3CC[C@@H](N)CC3)n2)cc1,IC50
CHEMBL5087845,5.123955449753905,7517.0,1,CN1Cc2cc(Nc3ncc(C(F)(F)F)c(N[C@H]4CC[C@@H](N)CC4)n3)ccc2C1=O,IC50
CHEMBL5087888,5.385313657717988,4118.0,1,N[C@H]1CC[C@@H](Nc2nc(Nc3ccc4c(=O)n(CCO)ccc4c3)ncc2C(F)(F)F)CC1,IC50
CHEMBL5088179,6.363863291948949,432.65,1,NC(=O)c1ccc(Nc2ncc(C(F)(F)F)c(N[C@H]3CC[C@@H](O)CC3)n2)cc1,IC50
CHEMBL5088717,5.410441327958494,3886.5,1,N[C@H]1CC[C@@H](Nc2nc(Nc3ccc4c(=O)n(CC5CC5)ccc4c3)ncc2C(F)(F)F)CC1,IC50
CHEMBL5089164,5.3444294074508045,4524.5,1,Cn1ccc2cc(Nc3ncc(C(F)(F)F)c(N[C@H]4CC[C@@H](N)CC4)n3)ccc2c1=O,IC50
CHEMBL5089240,5.360862281629906,4356.5,1,NC(=O)c1ccc(Nc2ncc(C(F)(F)F)c(N3CCC(O)CC3)n2)cn1,IC50
CHEMBL508928,8.299988937677888,5.012,1,Cc1cccc(NC(=O)Nc2ccc(-c3cnc4c(-c5cnn(C)c5)cnn4c3N)cc2)c1,Ki
CHEMBL5089806,6.345823458122039,451.0,1,COc1ccc(CNc2ccc3c(c2)ncn3-c2ccccc2)cc1OC,IC50
CHEMBL5090728,5.567351339986893,2708.0,1,NC(=O)c1ccc(Nc2ncc(C(F)(F)F)c(N[C@H]3CC[C@@H](N)CC3)n2)cc1,IC50
CHEMBL509101,6.214670164989233,610.0,1,O=C(Nc1ccc(Oc2ccnc3[nH]ccc23)c(F)c1)c1cccn(-c2ccc(F)cc2)c1=O,IC50
CHEMBL5091395,5.831944696540861,1472.5,1,NC(=O)c1ccc(Nc2ncc(C(F)(F)F)c(N[C@H]3CC[C@H](N)CC3)n2)cc1,IC50
CHEMBL5092253,5.021522748062224,9516.5,1,CNC(=O)c1ccc(Nc2ncc(C(F)(F)F)c(N[C@H]3CC[C@@H](N)CC3)n2)cc1,IC50
CHEMBL5092589,6.471919285508687,337.35,1,NC(=O)c1ccc(Nc2ncc(C(F)(F)F)c(N[C@H]3CC[C@H](O)CC3)n2)cn1,IC50
CHEMBL5092606,5.127668878769749,7453.0,1,CN(C)C(=O)c1ccc(Nc2ncc(C(F)(F)F)c(N[C@H]3CC[C@@H](N)CC3)n2)cc1,IC50
CHEMBL5095202,6.063486257521107,864.0,3,Cc1nc(-c2cnc(NC(C)C)n(C)c2=O)ccc1Oc1ccnc(-c2cnn(C)c2)c1,IC50
CHEMBL5095229,3.9788107009300617,105000.0,4,Cc1[nH]nc(C(=O)Nc2cnc3[nH]c(-c4ccccc4)cc3c2)c1C,Ki
CHEMBL510516,7.234612093494794,88.45,2,CCC(=O)Nc1ccc2ncnc(Nc3ccc(NC(=O)Nc4cc(C(C)(C)C)nn4-c4cccc(C)c4)cc3)c2c1,IC50
CHEMBL512840,7.431798275933005,37.0,1,Cc1ccc(C(=O)Nc2cccc(C(F)(F)F)c2)cc1C(=O)Nc1cncnc1,IC50
CHEMBL514499,6.900008766455316,125.89,1,COc1cc2ncn(-c3cc(OCc4ccccc4C(F)(F)F)c(C(N)=O)s3)c2cc1OC,Ki
CHEMBL5174279,5.838931614528826,1449.0,1,CNC(=O)c1cc(F)c(F)c(-c2cnc3cc(-c4cnn(C)c4)c(O[C@H]4CCOC4)nn23)c1,IC50
CHEMBL5177284,5.82131076022441,1509.0,1,Cc1ccc(-c2cn([C@H]3CC[C@@H](N)CC3)c3ncnc(N)c23)c(F)c1,IC50
CHEMBL5184953,6.208309350979882,619.0,1,CNC(=O)c1cc(-c2cnc3cc(-c4cnn(C)c4)c(O[C@H]4CCOC4)nn23)c(F)c(C(F)F)c1,IC50
CHEMBL5187371,7.657577319177793,22.0,1,CNC(=O)c1cc(C)cc(-c2cnc3cc(-c4cnn(C(C)C)c4)c(O[C@H]4CCOC4)nn23)c1,IC50
CHEMBL5188373,6.447331783887806,357.0,1,COCC1CN(C2CCN(c3cc(OC)c(Nc4ncc(Br)c(Nc5ccc6c(c5P(C)(C)=O)OCCO6)n4)cc3C)CC2)C1,IC50
CHEMBL519520,8.301029995663981,5.0,1,CC(C)(C)c1cccc(Nc2noc3c(C(=O)Nc4cncnc4)c(Cl)ccc23)c1,IC50
CHEMBL5197792,6.821886747685368,150.7,1,COc1cc2c(Oc3ccc(Nc4nn(C)cc4C(=O)NC4CCCCC4)cc3F)ccnc2cc1OCCCN1CCOCC1,IC50
CHEMBL5198364,6.417255034308723,382.6,1,CN1CCC(Nc2ccc(C(=O)Nc3cc(-c4ccc5ncn(Cc6ccccc6)c5c4)[nH]n3)cc2)CC1,IC50
CHEMBL5200643,7.086186147616283,82.0,1,CNC(=O)c1cccc(-c2cnc3cc(-c4cnn(C)c4)c(O[C@H]4CCOC4)nn23)c1,IC50
CHEMBL5201102,8.221848749616356,6.0,1,COC(=O)c1ccc2c(C(Nc3ccc(N(C)C(=O)CN4CCN(C)CC4)cc3)c3ccccc3)c(O)[nH]c2c1,IC50
CHEMBL5201128,7.0,100.0,1,COc1cc2nccc(Oc3ccc(NC(=O)C4(C(=O)NC5CC5)CC4)c(Cl)c3)c2cc1C(N)=O,IC50
CHEMBL5201556,7.481486060122112,33.0,1,CNC(=O)c1cccc(-c2cnc3cc(-c4cnn(C)c4)c(OC)nn23)c1,IC50
CHEMBL5202408,6.7447274948966935,180.0,1,CNC(=O)c1ccc(F)c(-c2cnc3cc(-c4cnn(C)c4)c(OC)nn23)c1,IC50
CHEMBL5206837,5.780677491580663,1657.0,1,CNC(=O)c1cc(C)c(F)c(-c2cnc3cc(-c4cnn(C)c4)c(O[C@H]4CCOC4)nn23)c1,IC50
CHEMBL520718,8.045757490560675,9.0,1,Cc1ccc(C(=O)NCCCC2CCCCC2)cc1C(=O)Nc1ccc(N)nc1,IC50
CHEMBL5208443,6.546681659952962,284.0,1,CNC(=O)c1cncc(-c2cnc3cc(-c4cnn(C)c4)c(OC4CCOC4)nn23)c1,IC50
CHEMBL521788,7.552841968657781,28.0,1,CCCCc1ccc(Nc2noc3c(C(=O)Nc4cncnc4)c(Cl)ccc23)cc1,IC50
CHEMBL522892,8.522878745280337,3.0,5,CN1CCN(c2ccc3nc(-c4c(N)c5c(F)cccc5[nH]c4=O)[nH]c3c2)CC1,IC50
CHEMBL522905,7.77642098432889,17.0,2,Cc1ccn(-c2ccc(Cl)cc2)c(=O)c1-c1ccc2nc(N)ncc2c1,IC50
CHEMBL523374,5.795880017344075,1600.0,1,CNc1noc2c(-c3ccc4c(N5CCOC[C@@H]5C)nncc4c3)c(C)ccc12,IC50
CHEMBL523741,6.6777807052660805,210.0,1,Cc1ccn(-c2ccccc2)c(=O)c1-c1ccc2nc(N)ncc2c1,IC50
CHEMBL523816,8.698970004336019,2.0,1,Nc1ccc(NC(=O)c2c(Cl)ccc3c(Nc4cccc(C(F)(F)F)c4)noc23)cn1,IC50
CHEMBL525744,7.514362075630947,42.5,2,Cc1ccn(-c2ccc(N3CCOCC3)cc2)c(=O)c1-c1ccc2nc(N)ncc2c1,IC50
CHEMBL525893,7.726728668260934,19.0,2,Cc1ccn(-c2ccc(-c3ncco3)cc2)c(=O)c1-c1ccc2nc(N)ncc2c1,IC50
CHEMBL5267404,5.126621263590859,7471.0,1,CNCc1cc(C)c(-c2cc3c(-c4cnn(C)c4)n[nH]c3cn2)c(F)c1,IC50
CHEMBL5275738,5.96738123914928,1078.0,1,CNCc1cc(F)c(-c2cc3c(-c4cnn(C)c4)n[nH]c3cn2)c(F)c1,IC50
CHEMBL5281791,6.0670191780768015,857.0,1,CNCc1cc(F)c(-c2cc3c(-c4cnn(C)c4)n[nH]c3cn2)c(OC)c1,IC50
CHEMBL5289612,5.70421305974839,1976.0,1,CNCc1cc(F)c(-c2cc3c(-c4cnn(C)c4)n[nH]c3cn2)c(C(F)(F)F)c1,IC50
CHEMBL5289631,6.166789119717391,681.1,1,CC(=O)Nc1cc(Oc2ccc(NC(=O)Cc3ccccc3C(F)(F)F)cc2)ncn1,IC50
CHEMBL5314481,8.10790539730952,7.8,1,Cc1ccc(NC(=O)c2ccc(CN3CCN(C)CC3)cc2)cc1Nc1nccc(-c2cncc(-c3oncc3C)c2)n1,Ki
CHEMBL5314535,7.113622093241428,76.98,1,Cc1nc(NC(=O)N2CCC(C)(C)C2=O)ccc1Oc1ccnc(-c2cnn(C)c2)c1,IC50
CHEMBL5314917,7.877243666092925,24.0,4,Cn1cc(-c2ccc(CNc3cc(-c4cnc5cc(OCCCN6CCCC6)ccn45)ncn3)cc2)cn1,IC50
CHEMBL535,7.300128536878569,50.15,32,CCN(CC)CCNC(=O)c1c(C)[nH]c(/C=C2\C(=O)Nc3ccc(F)cc32)c1C,IC50
CHEMBL5394630,7.031743128760553,366.0,2,c1ccn2c(-c3cncc(NCc4ccc(N5CCCC5)nc4)c3)cnc2c1,IC50
CHEMBL539474,5.899998417198648,1258.93,1,O=C1CCCN1Cc1ccc2c(c1)[nH]c(=O)c1cccn12,Ki
CHEMBL5398804,7.439713034397075,61.0,2,COCCOc1ccn2c(-c3cncc(NCc4ccc(N5CCCC5)nc4)c3)cnc2c1,IC50
CHEMBL5398919,7.119186407719209,76.0,1,Cn1cc(-c2ccc(CNc3cc(-c4cnc5cc(OCCN6CCn7nncc7C6)ccn45)ncn3)cc2)cn1,IC50
CHEMBL5399624,7.031517051446065,93.0,1,Cn1cc(-c2ccc(CNc3cc(-c4cnc5cc(OCCN6CCC(C)(C#N)CC6)ccn45)ncn3)cc2)cn1,IC50
CHEMBL5400235,7.251811972993799,56.0,1,Cn1cc(-c2ccc(CNc3cc(-c4cnc5cc(OCCCNC6COC6)ccn45)ncn3)cc2)cn1,IC50
CHEMBL5401267,4.978914116690023,10497.5,1,CS(=O)(=O)N1CCc2cc(Nc3ncc(C(F)(F)F)c(NCCCN)n3)ccc2C1,IC50
CHEMBL5402139,7.20446769648675,156.5,2,COc1ccn2c(-c3cncc(NCc4ccc(N5CCCC5)nc4)c3)cnc2c1,IC50
CHEMBL5403690,5.727230413448241,1874.0,1,CC(C)(O)CC(=O)N1CCc2cc(Nc3ncc(C(F)(F)F)c(N[C@H]4CC[C@@H](N)CC4)n3)ccc2C1,IC50
CHEMBL5403975,7.727717951251978,27.65,2,COCCOc1ccn2c(-c3cc(NCc4ccc(-c5cnn(C)c5)cc4)ncn3)cnc2c1,IC50
CHEMBL5404693,7.136677139879544,73.0,1,Cn1cc(-c2ccc(CNc3cc(-c4cnc5cc(OCCCN6CCC(C)(F)CC6)ccn45)ncn3)cc2)cn1,IC50
CHEMBL5405018,7.154901959985743,70.0,1,Cn1cc(-c2ccc(CNc3cc(-c4cnc5cc(OCCN6CCCC6)ccn45)ncn3)cc2)cn1,IC50
CHEMBL5405436,7.115771230367396,76.6,1,CCN(CC)CCNC(=O)c1c(C)[nH]c(/C=C2\CNc3ccc(F)cc32)c1C,IC50
CHEMBL5406320,7.56656109283125,82.3,2,COc1ccn2c(-c3cc(NCc4ccc(-c5ccccc5)cc4)ncn3)cnc2c1,IC50
CHEMBL5406425,5.008330992620052,9810.0,1,CS(=O)(=O)N1CCCc2cc(Nc3ncc(C(F)(F)F)c(NCCCN)n3)ccc21,IC50
CHEMBL5407194,7.345823458122039,45.1,1,CC(C)(c1cc(NC(=O)Nc2ccc(-c3cc(-c4ccc(OCCN5CCOCC5)cc4)[nH]n3)cc2)no1)C(F)(F)F,IC50
CHEMBL5407834,7.665546248849069,21.6,1,CC(C)(C)c1cc(NC(=O)Nc2ccc(-c3cc(-c4ccc(OCCN5CCOCC5)cc4)[nH]n3)cc2)no1,IC50
CHEMBL5408027,4.911190833538707,12269.0,1,CS(=O)(=O)N1CCc2cc(Nc3ncc(C(F)(F)F)c(NCCCN)n3)ccc21,IC50
CHEMBL5408030,7.248104658471409,150.5,2,CN1CCN(CCOc2ccn3c(-c4cncc(NCc5ccc(N6CCCC6)nc5)c4)cnc3c2)CC1,IC50
CHEMBL5408927,5.5094095129711675,3094.5,1,CC(C)(O)C(=O)N1Cc2ccc(Nc3ncc(C(F)(F)F)c(N[C@H]4CC[C@@H](N)CC4)n3)cc2C1,IC50
CHEMBL5409206,5.321072102323315,4774.5,1,CN1CCc2cc(Nc3ncc(C(F)(F)F)c(N[C@H]4CC[C@@H](N)CC4)n3)ccc2C1=O,IC50
CHEMBL5409504,5.965171084344163,1083.5,1,CC(=O)N1CCc2cc(Nc3ncc(C(F)(F)F)c(N[C@H]4CC[C@@H](N)CC4)n3)ccc2C1,IC50
CHEMBL5409736,5.2441251443275085,5700.0,1,Cc1nc2c(c(C)c1O)/C(=C/c1ccc3ccccc3n1)C(=O)N2,IC50
CHEMBL5410841,5.692290076595193,2031.0,1,N[C@H]1CC[C@@H](Nc2nc(Nc3ccc4c(c3)CCN(C(=O)CO)C4)ncc2C(F)(F)F)CC1,IC50
CHEMBL5411251,5.745814590537908,1795.5,1,C[C@@H](O)C(=O)N1CCc2cc(Nc3ncc(C(F)(F)F)c(N[C@H]4CC[C@@H](N)CC4)n3)ccc2C1,IC50
CHEMBL5411672,4.6706326342037485,21348.5,1,CS(=O)(=O)N1Cc2ccc(Nc3ncc(C(F)(F)F)c(NCCCN)n3)cc2C1,IC50
CHEMBL5413370,6.619788758288394,240.0,1,CN(Cc1ccc(N2CCCC2)nc1)c1cncc(-c2cnc3ccccn23)c1,IC50
CHEMBL5413462,5.320890217918227,4776.5,1,CC(=O)N1CCc2cc(Nc3ncc(C(F)(F)F)c(N[C@H]4CC[C@@H](N)CC4)n3)ccc21,IC50
CHEMBL5415503,5.910094888560602,1230.0,1,CCOc1cc(N2CCN(C)CC2)ccc1Nc1ncc2cc(-c3cccc(NC(=O)c4cccc(C(F)(F)F)c4)c3)c(=O)n(C[C@H]3CCCO3)c2n1,IC50
CHEMBL5416410,8.301029995663981,5.0,11,Cc1nc(Nc2ncc(C(=O)Nc3c(C)cccc3Cl)s2)cc(N2CCN(CCO)CC2)n1.O,IC50
CHEMBL5417135,7.317574473996153,217.2,2,c1ccn2c(-c3cc(NCc4ccc(N5CCCC5)nc4)ncn3)cnc2c1,IC50
CHEMBL5417444,5.844056982028163,1432.0,1,COc1cc(-n2cnc3cc(-c4cnn(C)c4)ccc32)cc(OC(F)F)c1C(=O)NC1CC1,IC50
CHEMBL5417750,7.337242168318426,46.0,1,COCCOc1ccn2c(-c3cc(NCc4ccc(-c5cnn(C)n5)cc4)ncn3)cnc2c1,IC50
CHEMBL5419652,5.251811972993799,5600.0,1,N#Cc1ccc(Nc2nccc(C(=O)Nc3cnccc3-c3ccc(F)cc3)n2)cc1,IC50
CHEMBL5419654,5.296064108557157,5057.5,1,CC(C)(O)CC(=O)N1CCc2cc(Nc3ncc(C(F)(F)F)c(N[C@H]4CC[C@@H](N)CC4)n3)ccc21,IC50
CHEMBL5419871,7.1249387366083,75.0,1,Cn1cc(-c2ccc(CNc3cc(-c4cnc5cc(OCCO)ccn45)ncn3)cc2)cn1,IC50
CHEMBL5420504,7.209651530143781,342.8,2,c1ccn2c(-c3nccc(NCc4ccc(N5CCCC5)cc4)n3)cnc2c1,IC50
CHEMBL5421825,5.335687160103359,4616.5,1,CC(=O)N1CCc2ccc(Nc3ncc(C(F)(F)F)c(N[C@H]4CC[C@@H](N)CC4)n3)cc2C1,IC50
CHEMBL5422092,6.332974279826554,1341.5,2,CC(Nc1cncc(-c2cnc3ccccn23)c1)c1ccc(N2CCCC2)nc1,IC50
CHEMBL5426241,5.702239488900866,1985.0,1,N[C@H]1CC[C@@H](Nc2nc(Nc3ccc4c(c3)CN(C(=O)CO)C4)ncc2C(F)(F)F)CC1,IC50
CHEMBL5427282,5.049927370249843,8914.0,1,CC(C)(O)C(=O)N1CCc2ccc(Nc3ncc(C(F)(F)F)c(N[C@H]4CC[C@@H](N)CC4)n3)cc2C1,IC50
CHEMBL5427417,5.415612230553045,3840.5,1,CC(C)(O)CC(=O)N1CCc2ccc(Nc3ncc(C(F)(F)F)c(N[C@H]4CC[C@@H](N)CC4)n3)cc2C1,IC50
CHEMBL5428278,4.96307183198428,10887.5,1,NCCCNc1nc(Nc2ccc3c(c2)CCCC3=O)ncc1C(F)(F)F,IC50
CHEMBL5428756,6.152119002554625,704.5,1,C[C@H](O)C(=O)N1CCc2cc(Nc3ncc(C(F)(F)F)c(N[C@H]4CC[C@@H](N)CC4)n3)ccc2C1,IC50
CHEMBL5430505,7.146214911951032,177.5,2,c1ccc(-c2ccc(CNc3ccnc(-c4cnc5ccccn45)n3)cc2)cc1,IC50
CHEMBL5431016,6.044865690384366,901.85,1,CC(C)(O)C(=O)N1CCc2cc(Nc3ncc(C(F)(F)F)c(N[C@H]4CC[C@@H](N)CC4)n3)ccc2C1,IC50
CHEMBL5432164,7.267606240177032,54.0,1,Cc1nc(-c2ccc(CNc3cc(-c4cnc5cc(OCCN6CCC(=O)N(C)CC6)ccn45)ncn3)cc2)co1,IC50
CHEMBL5433322,5.608271177509257,2464.5,1,CC(C)(O)CC(=O)N1Cc2ccc(Nc3ncc(C(F)(F)F)c(N[C@H]4CC[C@@H](N)CC4)n3)cc2C1,IC50
CHEMBL5433478,7.366531544420414,43.0,1,CN(C)CCCOc1ccn2c(-c3cc(NCc4ccc(-c5cnn(C)c5)cc4)ncn3)cnc2c1,IC50
CHEMBL5436665,6.167491087293763,680.0,1,N[C@H]1CC[C@H](Nc2cc(Nc3ccc(S(=O)(=O)N4CCCC4)cc3)c3ncc(-c4ccccc4)n3n2)CC1,IC50
CHEMBL5439250,5.650139917807668,2238.0,1,CC(=O)N1Cc2ccc(Nc3ncc(C(F)(F)F)c(N[C@H]4CC[C@@H](N)CC4)n3)cc2C1,IC50
CHEMBL55137,5.522878745280337,3050.0,2,CCN(CC)CCCNc1nccc2c(C)c3c(c(C)c12)c1cc(O)ccc1n3C,IC50
CHEMBL553824,6.096910013008056,800.0,1,COc1cc2ncnc(N3CCN(C(=O)Nc4ccsc4)CC3)c2cc1OC.Cl,IC50
CHEMBL5564780,5.899974269892137,1259.0,1,CC(C)(C)c1cc(NC(=O)Nc2ccc(-c3cn(CCCCC4CN(CCCCC(=O)Nc5cccc6c5CN(C5CCC(=O)NC5=O)C6=O)N=N4)c4ncnc(N)c34)cc2)no1,IC50
CHEMBL5569009,7.690369832574102,20.4,1,Cc1cc(C(=O)Nc2cc(NC(=O)c3cc(-n4ccnc4C)cc(C(F)(F)F)c3)ccc2C)no1,IC50
CHEMBL5574298,7.496209316942819,31.9,1,Cc1cc(C(=O)Nc2cc(C(=O)Nc3cc(N4CCN(C)CC4)cc(C(F)(F)F)c3)ccc2C)no1,IC50
CHEMBL558752,7.698970004336019,20.0,1,Cn1c(Nc2ccc(C(F)(F)F)cc2)nc2cc(Oc3ccnc(-c4ncc(C(F)(F)F)[nH]4)c3)ccc21,IC50
CHEMBL5624839,8.455931955649724,3.5,1,Cn1cc(-c2cc(Oc3ccc(NC(=O)N4CCC5(CCC5)C4=O)nc3)ccn2)cn1,IC50
CHEMBL5630728,7.795880017344075,16.0,1,Cn1cc(-c2cc(Oc3ccc(NC(=O)N4CCC5(CCC(F)(F)CC5)C4=O)nc3)ccn2)cn1,IC50
CHEMBL5632719,6.847711655616943,142.0,1,O=C(Nc1ccc(-c2ccc3c(=O)[nH]cnc3c2)cc1)Nc1ccc(F)c(F)c1,IC50
CHEMBL5639303,7.229147988357855,59.0,1,COc1ccc(-c2ccnc3c(-c4noc(C)n4)c(C)nn23)cc1,IC50
CHEMBL5639687,7.223226197587893,59.81,1,Cn1cc(-c2cc(Oc3ccc(NC(=O)N4CCC(C)(C)C4=O)nc3)ccn2)cn1,IC50
CHEMBL5639882,6.0655015487564325,860.0,1,COc1nc(F)ccc1CNc1ccc(Cc2c[nH]c3ncc(C)cc23)c(F)n1,IC50
CHEMBL5646574,5.787812395596042,1630.0,1,Cc1nc2[nH]cc(Cc3ccc(NCc4ccc(C(F)(F)F)nc4)nc3)c2c(C)c1O,IC50
CHEMBL5647404,8.94692155651658,1.13,1,CNC(=O)c1nccc2cc(-c3cncc(Nc4ccc(OC5CC5)nc4)c3C)[nH]c12,IC50
CHEMBL564829,6.175223537524454,668.0,1,CNC(=O)c1nn(C)c2c1C(C)(C)Cc1cnc(Nc3ccc(N4CCN(C)CC4)cc3)nc1-2,IC50
CHEMBL565366,6.628932137728263,235.0,1,CN1CCN(C(=O)c2ccc(Nc3ncc4cc(-c5c(Cl)cccc5Cl)c(=O)n(C)c4n3)cc2)CC1,IC50
CHEMBL566635,6.621602099051862,239.0,1,Cn1c(=O)c(-c2c(Cl)cccc2Cl)cc2cnc(Nc3ccc(NC(=O)CCN)cc3)nc21,IC50
CHEMBL566636,6.308918507877031,491.0,1,Cn1c(=O)c(-c2c(Cl)cccc2Cl)cc2cnc(Nc3ccc(N)cc3)nc21,IC50
CHEMBL567068,6.375717904164332,421.0,1,Cn1c(=O)c(-c2c(Cl)cccc2Cl)cc2cnc(Nc3ccc(NCC(O)CO)cc3)nc21,IC50
CHEMBL570175,6.115771230367396,766.0,1,Cn1c(=O)c(-c2c(Cl)cccc2Cl)cc2cnc(Nc3ccc(I)cc3)nc21,IC50
CHEMBL572881,8.096910013008056,8.0,1,CC1(C)CNc2cc(NC(=O)c3cccnc3NCc3ccncc3)ccc21,IC50
CHEMBL5739870,5.1399203482970215,52750.0,2,Cc1cc2c(-c3ccc(NS(=O)(=O)c4ccc5c(c4)OCO5)cc3)ncnc2[nH]1,Ki
CHEMBL5739903,5.1399203482970215,52750.0,2,CNC(=O)c1cccc(-c2cc3c(N4CCN(C(=O)Nc5ccc(OC(F)(F)F)cc5)CC4)ncnc3[nH]2)c1,Ki
CHEMBL5740165,7.326979092871103,47.1,1,Cc1ccc(NC(=O)c2ccc(CN3CCN(C)CC3)cc2)cc1Nc1nccc(-c2cncc(C3=NN=C(C(=O)Nc4nc(C(N)=O)co4)C3)c2)n1,Ki
CHEMBL5740338,7.759637310505756,30.25,2,COc1cc2ncnc(N3CCN(c4ncc(Cc5ccccc5)cn4)CC3)c2cc1OC,IC50
CHEMBL5740451,3.9788107009300617,105000.0,2,CC1(C)CN(c2ncnc3cc(-c4ccc(F)cc4)sc23)CCN1,Ki
CHEMBL574059,6.5376020021010435,290.0,1,Cn1c(=O)c(-c2c(Cl)cccc2Cl)cc2cnc(Nc3ccc(F)cc3)nc21,IC50
CHEMBL5740778,7.259637310505756,55.0,3,CCc1ccc(CNC(=O)C2CN(c3ncnn4cc(-c5ccc(OC(C)(C)C)cc5)cc34)C2)cc1,IC50
CHEMBL5740953,3.9788107009300617,105000.0,2,Cc1cc(C(=O)Nc2cnc3[nH]c(C4=CCN(C(=O)C5CC5)CC4)cc3c2)n[nH]1,Ki
CHEMBL5741148,6.301029995663981,500.0,2,CNC(=O)c1ccc(-c2cc3c(N4CCC(C)(c5nc(C)c(-c6cccc(OC(F)F)c6)[nH]5)CC4)ncnc3[nH]2)cn1,Ki
CHEMBL5741196,8.259637310505756,5.5,1,Cn1cc(-c2cc3c(N4CCN(c5ccc(C(O)c6ccccc6)cn5)CC4)ncnn3c2)cn1,IC50
CHEMBL5741236,8.259637310505756,5.5,1,CC(C)(C)OC(=O)N1CC=C(c2cc3c(N4CCN(c5ncc([C@@](C)(O)c6ccc(F)cc6)cn5)CC4)ncnn3c2)CC1,IC50
CHEMBL5741298,3.9788107009300617,105000.0,2,Cc1cc2c(-c3ccc(NS(=O)(=O)c4ccc5oncc5c4)cc3)ncnc2[nH]1,Ki
CHEMBL5741385,7.560667306169737,27.5,1,CCCc1ccc(COc2ccc(Nc3ccc4ncc(N5CCOCC5)nc4c3C#N)cc2OC)cn1,Ki
CHEMBL5741464,7.259637310505756,55.0,2,COc1cc2ncnc(N3CCN(c4ncc(Cc5ccc(OC(F)F)cc5)cn4)CC3)c2cc1OC,IC50
CHEMBL5741838,7.259637310505756,55.0,3,CC[C@H](NC(=O)C1CN(c2ncnn3cc(-c4cnn(CCO)c4)cc23)C1)c1ccc(Cl)cc1,IC50
CHEMBL5741877,6.259637310505756,550.0,3,C[C@H](NC(=O)C1CN(c2ncnn3cc(-c4ccc(C5CC5)cc4)cc23)C1)c1ccc(F)cc1,IC50
CHEMBL5742101,6.259637310505756,550.0,2,Cn1cc(-c2cc3c(N4CC(C(=O)N[C@@H](CO)c5ccc(Cl)cc5)C4)ncnn3c2)cn1,IC50
CHEMBL5742433,5.780333653084869,3000.0,2,COc1cc(-c2cc3c(N4CCN(C(=O)N[C@@H](C)c5cccc(Cl)c5)C(C)(C)C4)ncnc3[nH]2)ccn1,Ki
CHEMBL5742457,6.259637310505756,550.0,1,CN(C)C(=O)c1ccc(-c2cc3c(N4CC(C(=O)N[C@H](CO)c5ccccc5)C4)ncnn3c2)cc1,IC50
CHEMBL5742552,6.301029995663981,500.0,2,COc1ccc(-c2[nH]c(C3(C)CCN(c4ncnc5[nH]c(-c6ccc(NS(C)(=O)=O)cc6)cc45)CC3)nc2C)cc1F,Ki
CHEMBL5742621,7.259637310505756,55.0,2,COc1ccc2c(N3CCN(c4ncc(Cc5ccccc5)cn4)CC3)ncnc2c1,IC50
CHEMBL5742906,6.301029995663981,500.0,2,Cc1nc(C2(C)CCN(c3ncnc4[nH]c(-c5ccc(C(N)=O)cc5)cc34)CC2)[nH]c1-c1cccc(OC(F)F)c1,Ki
CHEMBL5743100,6.759637310505756,302.5,2,CS(=O)(=O)c1ccc(-c2cc3c(N4CC(C(=O)NCc5ccc(Cl)cc5F)C4)ncnn3c2)cc1,IC50
CHEMBL5743232,6.259637310505756,550.0,2,Cn1cc(-c2cc3c(N4CC(C)(C(=O)N[C@@H](CCO)c5ccc(Cl)cc5)C4)ncnn3c2)cn1,IC50
CHEMBL5743321,3.9788107009300617,105000.0,2,O=S(=O)(NC1CCN(c2ncnc3[nH]ccc23)CC1)c1cc(F)ccc1F,Ki
CHEMBL5743335,5.06246936830415,75250.0,2,COc1cc(-c2cc3c(N4CCC(c5nc(C)c(-c6ccc7c(c6)OC(F)(F)O7)[nH]5)CC4)ncnc3[nH]2)ccn1,Ki
CHEMBL5743402,4.619224005717909,55250.0,2,Cc1n[nH]c(C(=O)Nc2cnc3[nH]nc(-c4cccc(N5CCN(C(=O)OC(C)(C)C)CC5)c4)c3c2)c1C,Ki
CHEMBL5743477,4.619224005717909,55250.0,2,Cc1cc2c(-c3ccc(NS(=O)(=O)c4cccc(Cl)c4F)c(F)c3)ncnc2[nH]1,Ki
CHEMBL5743510,3.9788107009300617,105000.0,1,Cc1n[nH]c(C(=O)Nc2cnc3[nH]c(-c4ccc(F)cc4)cc3c2)c1C,Ki
CHEMBL5743681,6.301029995663981,500.0,1,C[C@H]1CN(c2ncnc3[nH]c(-c4ccncc4)cc23)CCN1C(=O)Nc1ccc(OC(F)(F)F)cc1,Ki
CHEMBL5743739,5.780333653084869,3000.0,2,COc1cccc([C@H](C)NC(=O)N2CCN(c3ncnc4cc(-c5ccc(F)cc5)sc34)CC2(C)C)c1,Ki
CHEMBL5743799,5.259637310505756,5500.0,2,Cc1cc2c(-c3ccc(NS(=O)(=O)c4ccc(F)cc4)cc3)ncnc2[nH]1,Ki
CHEMBL5743983,3.9788107009300617,105000.0,1,Cc1n[nH]c(C(=O)Nc2cnc3[nH]c(-c4ccccc4)nc3c2)c1C,Ki
CHEMBL5744070,7.560667306169737,27.5,1,CCOc1ccc(COc2ccc(Nc3ccc4ncc(N5CCOCC5)nc4c3C#N)cc2OC)cn1,Ki
CHEMBL5744507,7.259637310505756,55.0,2,COc1cc2ncnc(N3CCN(c4ncc(Sc5ccccc5)cn4)CC3)c2cc1OC,IC50
CHEMBL5744603,6.301029995663981,500.0,2,Cc1nc(C2(C)CCN(c3ncnc4[nH]c(-c5ccc(N6CCOCC6)nc5)cc34)CC2)[nH]c1-c1cccc(OC(F)F)c1,Ki
CHEMBL5744895,7.259637310505756,55.0,3,Cc1ccc(CC(=O)NC2CN(c3ncnn4cc(-c5ccc(C(C)(C)O)cc5)cc34)C2)cc1,IC50
CHEMBL5744954,6.259637310505756,550.0,3,C[C@H](NC(=O)C1CN(c2ncnn3cc(-c4cn(C)nc4N)cc23)C1)c1ccc(F)cc1,IC50
CHEMBL5745024,6.301029995663981,500.0,2,COc1ccc(-c2[nH]c(C3(C)CCN(c4ncnc5[nH]c(-c6cnn(C(F)F)c6)cc45)CC3)nc2C)cc1F,Ki
CHEMBL5745057,5.259637310505756,5500.0,1,Cc1[nH]nc(C(=O)Nc2cnc3cc(-c4ccc(F)cc4)nn3c2)c1C,Ki
CHEMBL5745385,6.259637310505756,550.0,1,CCOC(=O)N1CC=C(c2cc3c(N4CC(C(=O)NCc5ccc(C)cc5)C4)ncnn3c2)CC1,IC50
CHEMBL5745761,4.619224005717909,55250.0,2,COc1ccc(NC(=O)N2CCN(c3ncnc4[nH]cc(-c5ccccc5)c34)CC2)cc1,Ki
CHEMBL5746034,6.301029995663981,500.0,1,C[C@@H]1CN(c2ncnc3[nH]c(-c4ccc(Cl)cc4)cc23)CCN1C(=O)N[C@H](C)c1ccc(F)cc1,Ki
CHEMBL5746064,5.780333653084869,3000.0,2,Cc1nc(C2(C)CCN(c3ncnc4[nH]c(-c5ccc(C#N)cc5)cc34)CC2)[nH]c1-c1cccc(OC(F)F)c1,Ki
CHEMBL5746320,5.780333653084869,3000.0,2,Cc1nc(C2(C)CCN(c3ncnc4[nH]nc(C)c34)CC2)[nH]c1-c1ccc(Cl)cc1,Ki
CHEMBL5746330,4.619224005717909,55250.0,2,Cc1nn(C)cc1-c1cc2ncnc(C3CCNCC3)c2s1,Ki
CHEMBL5746350,3.9788107009300617,105000.0,2,Cc1n[nH]c(C(=O)Nc2cnc3[nH]c(C4=CCN(C(=O)C5CC5)C4)cc3c2)c1Cl,Ki
CHEMBL5746421,6.759637310505756,302.5,2,Cc1ccc(CNC(=O)C2CN(c3ncnn4cc(-c5ccc(N(C)C)nc5)cc34)C2)cc1,IC50
CHEMBL5746503,6.301029995663981,500.0,2,O=C(C1CC1)N1CC=C(c2cc3ncnc(-c4ccc(NS(=O)(=O)c5ccc(F)cc5)cc4)c3s2)CC1,Ki
CHEMBL5746894,3.9788107009300617,105000.0,2,COc1cc(-c2cc3c(N4CCC(NS(=O)(=O)c5ccc(OC(F)(F)F)cc5)CC4)ncnc3[nH]2)ccn1,Ki
CHEMBL5746963,6.759637310505756,302.5,2,Cc1ccc(CNC(=O)C2CN(c3ncnn4cc(-c5cnn(C)c5)cc34)C2)s1,IC50
CHEMBL5747058,3.9788107009300617,105000.0,2,COc1ccc(CCNC(=O)N2CCN(c3ncnc4[nH]ccc34)CC2)cc1,Ki
CHEMBL5747133,3.9788107009300617,105000.0,1,O=S(=O)(NC1CCN(c2ncnc3[nH]ccc23)CC1)c1ccccc1,Ki
CHEMBL5747218,3.9788107009300617,105000.0,1,Cc1n[nH]c(C(=O)Nc2cnc3[nH]c(-c4cnc(C5CC5)nc4)cc3c2)c1C,Ki
CHEMBL574738,5.800000874803203,1584.89,1,CCN1CCN(Cc2ccc(NC(=O)Nc3ccc(Oc4cc(NC)ncn4)cc3)cc2C(F)(F)F)CC1,Ki
CHEMBL5747788,5.780333653084869,3000.0,2,CCOc1cccc(-c2[nH]c(C3CCN(c4ncnc5[nH]c(-c6ccc(C#N)cc6)cc45)CC3)nc2C)c1,Ki
CHEMBL5747806,3.9788107009300617,105000.0,1,CCCCNS(=O)(=O)c1ccc(-c2ncnc3[nH]c(-c4ccc(F)cc4)cc23)cc1,Ki
CHEMBL5748282,8.259637310505756,5.5,1,CN(C)[C@@H](c1ccccc1)c1cnc(N2CCN(c3ncnn4cc(-c5cnn(C)c5)cc34)CC2)nc1,IC50
CHEMBL5748418,5.259637310505756,5500.0,1,O=S(=O)(Nc1ccc(-c2ncnc3[nH]c(-c4ccc(F)cc4)cc23)c(F)c1)N1CCCC1,Ki
CHEMBL5748442,8.259637310505756,5.5,3,Cn1cc(-c2cc3c(N4CCN(c5ncc([C@@](C)(N)c6ccc(F)cc6)cn5)CC4)c(C#N)cnn3c2)cn1,IC50
CHEMBL5748663,3.9788107009300617,105000.0,1,CCCNC(=O)N1CCN(c2ncnc3[nH]ccc23)CC1,Ki
CHEMBL5748686,6.759637310505756,302.5,2,COc1cc2ncnc(N3CCN(c4ncc(Nc5ccccn5)cn4)CC3)c2cc1OC,IC50
CHEMBL5748884,4.619224005717909,55250.0,2,O=C(Nc1ccccc1Cl)N1CCN(c2ncnc3[nH]c(-c4cccnc4)cc23)CC1,Ki
CHEMBL5749847,6.301029995663981,500.0,2,COc1ccc(-c2cc3c(N4CCC(C)(c5nc(C)c(-c6ccc(C(F)F)cc6)[nH]5)CC4)ncnc3[nH]2)cn1,Ki
CHEMBL5750011,8.259637310505756,5.5,1,C[C@@H]1CN(c2ncnn3cc(-c4cnn(C)c4)cc23)CCN1c1ncc([C@](C)(O)c2ccc(F)cc2F)cn1,IC50
CHEMBL5750111,5.1399203482970215,52750.0,2,COc1cc(-c2cc3c(N4CCN(C(=O)Nc5ccc(OC(F)(F)F)cc5)CC4)ncnc3[nH]2)ccn1,Ki
CHEMBL5750353,7.259637310505756,55.0,3,Cc1ccc(CNC(=O)C2(C)CN(c3ncnn4cc(-c5ccc(OC(C)C)cc5)cc34)C2)cc1,IC50
CHEMBL5750594,6.962573502059376,109.0,1,Cc1ccc(C(=O)Nc2n[nH]c3cc(OCCOCc4ccccc4)ccc23)c(N)c1C1CCN(C)CC1,IC50
CHEMBL5751169,7.759637310505756,30.25,2,COc1cc2ncnc(N3CCN(c4ncc(Sc5ccc(F)cc5)cn4)CC3)c2cc1OCC1CCN(C)CC1,IC50
CHEMBL5751326,6.301029995663981,500.0,1,CCC(NC(=O)N1CCN(c2ncnc3[nH]c(-c4ccncc4)cc23)C[C@@H]1C)c1ccccc1,Ki
CHEMBL5751410,5.780333653084869,3000.0,2,Cc1nn(C)cc1-c1cc2ncnc(C3=CCN(C(=O)NCc4ccc(F)cc4)CC3)c2s1,Ki
CHEMBL5751608,5.780333653084869,3000.0,2,Cc1nc(C2CCN(c3ncnc4[nH]c(-c5ccc(F)cc5)cc34)CC2)[nH]c1-c1ccc(Cl)s1,Ki
CHEMBL5752167,6.301029995663981,500.0,2,COc1cccc(-c2[nH]c(C3(C)CCN(c4ncnc5[nH]c(-c6ccc(N7CCOCC7)nc6)cc45)CC3)nc2C)c1,Ki
CHEMBL5752174,7.259637310505756,55.0,3,CC[C@H](NC(=O)C1CN(c2ncnn3cc(-c4ccc([C@H](O)CO)cc4)cc23)C1)c1ccc(Cl)cc1,IC50
CHEMBL5752233,5.780333653084869,3000.0,2,Cc1ccc(S(=O)(=O)Nc2ccc(-c3ncnc4[nH]c(C)cc34)cc2)cc1,Ki
CHEMBL5752287,3.9788107009300617,105000.0,1,O=S(=O)(NN1CCN(c2ncnc3[nH]c(-c4ccc(F)cc4)cc23)CC1)c1ccc(OC(F)(F)F)cc1,Ki
CHEMBL5752303,3.9788107009300617,105000.0,1,CCc1ccc(-c2cc3cc(NC(=O)c4[nH]nc(C)c4C)cnc3[nH]2)cn1,Ki
CHEMBL5752347,5.780333653084869,3000.0,2,Cc1ccc(S(=O)(=O)Nc2ccc(-c3ncnc4cc(C5=CCN(C(=O)OC(C)(C)C)CC5)sc34)cc2)cc1,Ki
CHEMBL5752354,6.759637310505756,302.5,2,COc1cc2ncnc(N3CCN(c4ncc(NCc5ccc(C)cc5)cn4)CC3)c2cc1OC,IC50
CHEMBL5752620,6.259637310505756,550.0,1,COc1cc2ncnc(N3CCN(c4ncc(Cc5ccccc5)cn4)CC3)c2cc1C(N)=O,IC50
CHEMBL5752917,6.259637310505756,550.0,3,C[C@H](NC(=O)C1CN(c2ncnn3cc(-c4cnn(CCO)c4)cc23)C1)c1ccc(F)cc1,IC50
CHEMBL5752976,4.619224005717909,55250.0,2,Cc1cc2c(N3CCN(C(=O)N[C@@H](C)c4cccc(OC(F)F)c4)C(C)(C)C3)ncnc2[nH]1,Ki
CHEMBL5753312,5.780333653084869,3000.0,2,Cc1cc2c(N3CCC(C)(c4nc(C)c(-c5ccc6c(c5)OC(F)(F)O6)[nH]4)CC3)ncnc2[nH]1,Ki
CHEMBL5753656,7.560667306169737,27.5,1,COc1cc(Nc2ccc3ncc(N4CCOCC4)nc3c2C#N)ccc1OCc1cnn(C2CC2)c1,Ki
CHEMBL5753931,3.9788107009300617,105000.0,2,Cc1n[nH]c(C(=O)Nc2cnc3[nH]c(-c4ccc(CC(=O)O)cc4)cc3c2)c1C,Ki
CHEMBL5754252,6.301029995663981,500.0,2,COc1cccc(-c2[nH]c(C3(C)CCN(c4ncnc5[nH]c(-c6ccc(C#N)nc6)cc45)CC3)nc2C)c1,Ki
CHEMBL5754519,4.619224005717909,55250.0,2,COc1ccc(-c2cc3cc(NC(=O)c4[nH]nc(C)c4C)cnc3[nH]2)c(C)c1C,Ki
CHEMBL5755070,7.259637310505756,55.0,3,Cc1ccc(CNC(=O)C2(C)CN(c3ncnn4cc(-c5ccc(OC(C)(C)C)cc5)cc34)C2)cc1,IC50
CHEMBL5755541,4.619224005717909,55250.0,2,COc1cccc([C@@H](C)NC(=O)N2CCN(c3ncnc4[nH]c(-c5ccc(F)cc5)cc34)C[C@H]2C)c1,Ki
CHEMBL5756470,7.886056647693163,13.0,1,Cc1cc(-c2cncc(-c3ccnc(Nc4cc(NC(=O)c5ccc(CN6CCNCC6)cc5)ccc4C)n3)c2)on1,Ki
CHEMBL5756560,6.301029995663981,500.0,2,COc1cc(-c2cc3c(N4CCC(c5nc(C6CC6)c(-c6ccccc6)[nH]5)CC4)ncnc3[nH]2)ccn1,Ki
CHEMBL5757295,5.259637310505756,5500.0,1,O=C(Nc1ccc(F)cc1)N1CC2CCC1CN2c1ncnc2cc(-c3ccc(F)cc3)sc12,Ki
CHEMBL5757316,6.301029995663981,500.0,2,COc1ccc(-c2[nH]c(C3CCN(c4ncnc5[nH]c(-c6ccc(C#N)cc6)cc45)CC3)nc2C(F)(F)F)cc1,Ki
CHEMBL5757355,5.780333653084869,3000.0,2,CCOc1cccc(-c2[nH]c(C3CCN(c4ncnc5[nH]c(-c6ccc(F)cc6)cc45)CC3)nc2C)c1,Ki
CHEMBL5757513,3.9788107009300617,105000.0,2,Cc1n[nH]c(C(=O)Nc2cnc3[nH]c(-c4ccnc(N5CCN(C(=O)CC#N)CC5)c4)cc3c2)c1C,Ki
CHEMBL5757582,6.759637310505756,302.5,2,C[C@H](NC(=O)C1CN(c2ncnn3cc(-c4cnn(CC5(C)COC5)c4)cc23)C1)c1ccc(F)cc1,IC50
CHEMBL5757589,6.259637310505756,550.0,3,Cn1cc(-c2cc3c(N4CC(C(=O)NCc5ccccc5)C4)ncnn3c2)cn1,IC50
CHEMBL5757731,6.259637310505756,550.0,1,COc1ccc2c(N3CCN(c4ncc(OCc5ccccc5)cn4)CC3)ncnc2c1,IC50
CHEMBL5757818,6.560667306169737,275.0,1,COc1ccc(CNc2ccc(Nc3ccc4ncc(N5CCOCC5)nc4c3C#N)cc2OC)cc1,Ki
CHEMBL5757917,5.780333653084869,3000.0,2,Cc1n[nH]c2ncnc(-c3ccc(NS(=O)(=O)c4ccc(C(F)(F)F)cc4)cc3)c12,Ki
CHEMBL5757943,7.259637310505756,55.0,3,CC(O)C(C)n1cc(-c2cc3c(N4CC(C(=O)N[C@@H](C)c5ccc(F)cc5)C4)ncnn3c2)cn1,IC50
CHEMBL5758233,8.259637310505756,5.5,1,COc1cc2ncnc(N3CCN(c4ncc(Cc5ccccc5)cn4)CC3)c2cc1OCCN1CCCC1=O,IC50
CHEMBL5758458,5.259637310505756,5500.0,2,Cc1cc2c(-c3ccc(NS(=O)(=O)c4ccc(Cl)cc4)cc3)ncnc2[nH]1,Ki
CHEMBL5758524,7.259637310505756,55.0,3,COc1cccc(-c2cc3c(N4CC(C(=O)NCc5ccc(C)cc5)C4)ncnn3c2)c1,IC50
CHEMBL5758613,7.259637310505756,55.0,1,COc1ccc(-c2cc3c(N4CCN(c5ncc(Cc6ccccc6)cn5)CC4)ncnn3c2)cc1,IC50
CHEMBL5758709,7.259637310505756,55.0,1,CN(C)[C@H](c1ccccc1)c1cnc(N2CCN(c3ncnn4cc(-c5cnn(C)c5)cc34)CC2)nc1,IC50
CHEMBL5758887,6.301029995663981,500.0,2,CS(=O)(=O)Nc1ccc(-c2cc3c(-c4ccc(NS(C)(=O)=O)cc4F)ncnc3[nH]2)c(F)c1,Ki
CHEMBL5758925,5.780333653084869,3000.0,2,C[C@H](NC(=O)N1CCN(c2ncnc3[nH]c(-c4ccc(C#N)cc4)cc23)CC1(C)C)c1cccc(F)c1,Ki
CHEMBL5758938,5.259637310505756,5500.0,2,COc1ccc(S(=O)(=O)Nc2ccc(-c3ncnc4[nH]c(C)cc34)c(F)c2)cc1,Ki
CHEMBL5758944,5.259637310505756,5500.0,2,Cc1cc2c(-c3ccc(NS(=O)(=O)c4ccc(C)c(F)c4)c(F)c3)ncnc2[nH]1,Ki
CHEMBL5758946,6.259637310505756,550.0,3,CC[C@H](NC(=O)C1CN(c2ncnn3cc(-c4cn(C)nc4N)cc23)C1)c1ccc(Cl)cc1,IC50
CHEMBL5759084,6.301029995663981,500.0,2,COc1cc(-c2cc3c(N4CCC(c5nc(C)c(-c6ccc(OC)c(C)c6)[nH]5)CC4)ncnc3[nH]2)ccn1,Ki
CHEMBL5759819,7.259637310505756,55.0,2,COc1cc2ncnc(N3CCN(c4ncc(Nc5ccc(F)c(F)c5)cn4)CC3)c2cc1OC,IC50
CHEMBL5759851,3.9788107009300617,105000.0,1,CCOc1ncc(-c2cc3cc(NC(=O)c4[nH]nc(C)c4C)cnc3[nH]2)cn1,Ki
CHEMBL5759879,6.259637310505756,550.0,3,C[C@H](NC(=O)C1(C)CN(c2ncnn3cc(-c4cnn5c4CCC5)cc23)C1)c1ccc(F)cc1,IC50
CHEMBL5760302,5.1399203482970215,52750.0,2,Cc1cc2c(-c3ccc(NS(=O)(=O)c4ccc(C(F)(F)F)cc4)cc3)ncnc2[nH]1,Ki
CHEMBL5760336,3.9788107009300617,105000.0,1,O=C(NCc1ccc(F)cc1)N1CCN(c2ncnc3[nH]cc(C4CC4)c23)CC1,Ki
CHEMBL5760346,5.780333653084869,3000.0,2,Cc1ccc(S(=O)(=O)Nc2ccc(-c3ncnc4[nH]nc(C)c34)cc2)cc1,Ki
CHEMBL5760555,6.301029995663981,500.0,2,COc1ccc(-c2[nH]c(C3(C)CCN(c4ncnc5[nH]c(-c6ccc(OCC(=O)O)cc6)cc45)CC3)nc2C)cc1F,Ki
CHEMBL5760600,3.9788107009300617,105000.0,2,Cc1n[nH]c(C(=O)Nc2cnc3[nH]c(C4=CCN(C(=O)N5CCOCC5)CC4)cc3c2)c1C,Ki
CHEMBL5760677,7.259637310505756,55.0,2,Cc1nn(C)cc1-c1cc2c(N3CC(C(=O)Nc4ccc(C#N)cc4)C3)ncnn2c1,IC50
CHEMBL5760737,6.759637310505756,302.5,2,Cc1ccc(CNC(=O)C2(C)CN(c3ncnn4cc(-c5ccc(C(=O)N6CCC6)cc5)cc34)C2)cc1,IC50
CHEMBL5761006,7.259637310505756,55.0,3,Cc1ccc([C@@H](C)NCC2CN(c3ncnn4cc(-c5cnn(C)c5)cc34)C2)cc1,IC50
CHEMBL5761223,6.259637310505756,550.0,1,Cc1ccc(CNC(=O)C2CN(c3ncnn4cc(C5=CCN(C(=O)N6CCCC6)CC5)cc34)C2)cc1,IC50
CHEMBL5761263,6.301029995663981,500.0,2,COc1ccc(-c2[nH]c(C3(C)CCN(c4ncnc5[nH]c(-c6ccc(C(=O)O)cc6)cc45)CC3)nc2C)cc1F,Ki
CHEMBL5761636,7.853871964321762,14.0,1,Cc1ccc(NC(=O)c2ccc(CN3CCN(C)CC3)cc2)cc1Nc1nccc(-c2cncc(C3=NN=C(C(=O)Nc4ccccc4)C3)c2)n1,Ki
CHEMBL5761743,7.259637310505756,55.0,6,CC[C@H](NC(=O)C1CN(c2ncnn3cc(-c4cnn(C)c4)cc23)C1)c1ccc(Cl)cc1,IC50
CHEMBL5761807,6.301029995663981,500.0,1,C[C@H](NC(=O)N1CCN(c2ncnc3[nH]c(-c4ccc(Cl)cc4)cc23)CC1)c1ccc(Cl)cc1,Ki
CHEMBL5762393,7.560667306169737,27.5,1,COc1cc(Nc2ccc3ncc(N4CCOCC4)nc3c2C#N)ccc1OCc1ccc(C(F)(F)F)nc1,Ki
CHEMBL5762549,5.259637310505756,5500.0,2,Cc1nn(C)c(C)c1-c1cc2ncnc(N3CCN(C(=O)NCc4ccc(F)cc4)CC3)c2s1,Ki
CHEMBL5762683,7.259637310505756,55.0,3,CC[C@H](NC(=O)C1CN(c2ncnn3cc(-c4cnn(C5COC5)c4)cc23)C1)c1ccc(Cl)cc1,IC50
CHEMBL5762790,4.619224005717909,55250.0,2,O=C(Nc1ccc(C(F)(F)F)cc1)N1CCN(c2ncnc3[nH]ccc23)CC1,Ki
CHEMBL5763014,3.9788107009300617,105000.0,2,CCc1cc(-c2cc3cc(NC(=O)c4[nH]nc(C)c4C)cnc3[nH]2)ccn1,Ki
CHEMBL5763193,6.259637310505756,550.0,1,CCC(C)(O)c1ccc(-c2cc3c(N4CC(C(=O)NCc5ccc(C)cc5)C4)ncnn3c2)cc1,IC50
CHEMBL5763264,3.9788107009300617,105000.0,2,Cc1n[nH]c(C(=O)Nc2cnc3[nH]c(C4=CCN(C(=O)N5CCOCC5)CC4)cc3c2)c1Cl,Ki
CHEMBL5763466,6.301029995663981,500.0,1,Cc1ccc(S(=O)(=O)Nc2ccc(-c3ncnc4cc(-c5cnn(C)c5)sc34)cc2)cc1,Ki
CHEMBL5763533,3.9788107009300617,105000.0,1,O=C(Nc1ccc(F)c(Cl)c1)NC1CCN(c2ncnc3[nH]ccc23)CC1,Ki
CHEMBL5763831,3.9788107009300617,105000.0,1,CS(=O)(=O)NC1CCN(c2ncnc3[nH]c(C#CC4CC4)cc23)CC1,Ki
CHEMBL5763834,7.560667306169737,27.5,1,COc1ccc(COc2ccc(Nc3ccc4ncc(N5CCOCC5)nc4c3C#N)cc2OC)c(F)c1,Ki
CHEMBL5763967,4.619224005717909,55250.0,2,CCCCS(=O)(=O)Nc1ccc(-c2ncnc3[nH]c(C)cc23)cc1,Ki
CHEMBL5764054,8.259637310505756,5.5,1,Cn1cc(-c2cc3c(N4CCN(c5ncc([C@](C)(O)c6ccc(Cl)cc6)cn5)CC4)ncnn3c2)cn1,IC50
CHEMBL5764112,5.259637310505756,5500.0,1,C[C@H](NC(=O)N1CC2CCC1CN2c1ncnc2cc(-c3ccc(F)cc3)sc12)c1cccc(Cl)c1,Ki
CHEMBL5764306,6.259637310505756,550.0,3,Cn1cc(-c2cc3c(N4CC(C(=O)N[C@@H]5c6ccccc6C[C@@H]5O)C4)ncnn3c2)cn1,IC50
CHEMBL5764426,7.560667306169737,27.5,1,CCc1ccc(COc2ccc(Nc3ccc4ncc(N5CCOCC5)nc4c3C#N)cc2OC)cn1,Ki
CHEMBL5764866,6.301029995663981,500.0,1,COc1cc(-c2cc3c(N4CCC(NS(=O)(=O)c5ccc(Cl)cc5)CC4)ncnc3[nH]2)ccn1,Ki
CHEMBL5764963,8.259637310505756,5.5,1,COc1cc2ncnc(N3CCN(c4ncc(Cc5ccccc5)cn4)CC3)c2cc1OCC1CCNC(=O)C1,IC50
CHEMBL5765024,6.301029995663981,500.0,2,COc1cccc(-c2[nH]c(C3(C)CCN(c4ncnc5[nH]c(-c6cnn(C(F)F)c6)cc45)CC3)nc2C)c1,Ki
CHEMBL5765042,5.780333653084869,3000.0,2,C[C@H](NC(=O)N1CCN(c2ncnc3[nH]c(-c4ccc(F)cc4)cc23)CC1(C)C)c1cccc(OC(F)F)c1,Ki
CHEMBL5765417,7.259637310505756,55.0,1,Cn1cc(-c2cc3c(N4CC(NC(=O)Cc5ccc(Cl)cc5Cl)C4)ncnn3c2)cn1,IC50
CHEMBL5765554,6.259637310505756,550.0,3,Cc1ccc(CC(=O)NC2CN(c3ncnn4cc(-c5cnn(C)c5)cc34)C2)cc1,IC50
CHEMBL5765570,5.06246936830415,75250.0,2,COc1ncc(-c2cc3c(N4CCC(c5nc(C)c(-c6ccccc6)[nH]5)CC4)ncnc3[nH]2)cn1,Ki
CHEMBL5765594,8.259637310505756,5.5,1,Cn1cc(-c2cc3c(N4CCN(c5ncc(C6(c7ccc(F)cc7)COC6)cn5)CC4)ncnn3c2)cn1,IC50
CHEMBL5765693,6.301029995663981,500.0,2,Cc1ncc(-c2cc3c(N4CCN(C(=O)NCc5ccc(F)cc5)CC4)ncnc3[nH]2)s1,Ki
CHEMBL5765774,6.301029995663981,500.0,1,COc1cccc(C(C)NC(=O)N2CCN(c3ncnc4[nH]c(-c5ccncc5)cc34)C[C@@H]2C)c1,Ki
CHEMBL5765890,3.9788107009300617,105000.0,1,Cc1n[nH]c(C(=O)Nc2cnc3[nH]c(-c4cc(F)cc(N5CCOCC5)c4)cc3c2)c1C,Ki
CHEMBL5766148,6.301029995663981,500.0,2,COc1cc(-c2cc3c(N4CCC(c5nc(C(F)(F)F)c(-c6ccc(C)cc6)[nH]5)CC4)ncnc3[nH]2)ccn1,Ki
CHEMBL5766237,5.259637310505756,5500.0,2,O=C(Nc1cnc2[nH]c(-c3ccccc3)cc2c1)c1cn[nH]n1,Ki
CHEMBL5766389,7.259637310505756,55.0,2,COc1cc2ncnc(N3CCN(c4ncc(O[C@H](C)c5ccccc5)cn4)CC3)c2cc1OC,IC50
CHEMBL5766533,7.259637310505756,55.0,3,C[C@H](NC(=O)C1CN(c2ncnn3cc(-c4cnn(C5COC5)c4)cc23)C1)c1ccc(F)cc1,IC50
CHEMBL5766565,7.560667306169737,27.5,1,COc1ccc(COc2ccc(Nc3ccc4ncc(N5CCN(CCOC(C)=O)CC5)nc4c3C#N)cc2OC)cn1,Ki
CHEMBL5766615,5.780333653084869,3000.0,2,COc1cccc([C@H](C)NC(=O)N2CC=C(c3ncnc4cc(-c5cn(C)nc5C)sc34)CC2)c1,Ki
CHEMBL5767156,5.780333653084869,3000.0,2,C[C@H](NC(=O)N1CCN(c2ncnc3[nH]c(-c4ccc(C#N)cc4)cc23)CC1)c1cccc(Cl)c1,Ki
CHEMBL5767198,3.9788107009300617,105000.0,1,Cc1ccc(S(=O)(=O)Nc2ccc(-c3cc4ncnc(N5CCN(C(=O)Nc6ccccc6)CC5)c4s3)cc2)cc1,Ki
CHEMBL5767307,7.259637310505756,55.0,3,CNCC1(C(=O)NCc2ccc(C)cc2)CN(c2ncnn3cc(-c4cnn(CC(C)(C)O)c4)cc23)C1,IC50
CHEMBL5767404,6.301029995663981,500.0,2,CS(=O)(=O)Nc1ccc(-c2ncnc3[nH]c(-c4ccc(F)cc4)cc23)cc1,Ki
CHEMBL5767407,4.619224005717909,55250.0,2,Cc1cc2c(N3CCN(C(=O)N[C@@H](C)c4ccc(F)cc4)[C@H](C)C3)ncnc2[nH]1,Ki
CHEMBL5767639,6.259637310505756,550.0,3,COC1(C(=O)NCc2ccc(Br)cc2)CN(c2ncnn3cc(-c4cnn(C)c4)cc23)C1,IC50
CHEMBL5767702,5.780333653084869,3000.0,2,NS(=O)(=O)c1ccc(-c2ncnc3[nH]c(-c4ccc(F)cc4)cc23)cc1,Ki
CHEMBL5767905,6.301029995663981,500.0,2,Cc1nc(C2(C)CCN(c3ncnc4[nH]c(-c5cnn(C(F)F)c5)cc34)CC2)[nH]c1-c1ccc(C(F)(F)F)cc1,Ki
CHEMBL5767932,3.9788107009300617,105000.0,1,C[C@@H](NC(=O)N1CCN(c2ncnc3[nH]c(-c4ccc(F)cc4)cc23)CC1)c1ccc(F)cc1,Ki
CHEMBL5768066,3.9788107009300617,105000.0,2,Cc1nn(C2CNC2)cc1-c1cc2cc(NC(=O)c3[nH]nc(C)c3C)cnc2[nH]1,Ki
CHEMBL5768471,3.9788107009300617,105000.0,2,Cc1n[nH]c(C(=O)Nc2cnc3[nH]c(-c4cccc(N5CCNCC5)c4)cc3c2)c1C,Ki
CHEMBL5768520,7.259637310505756,55.0,3,O=C(N[C@@H](CCO)c1ccc(Cl)cc1)C1CN(c2ncnn3cc(C4=CCC(F)(F)CC4)cc23)C1,IC50
CHEMBL5768709,8.301029995663981,5.0,1,CC(=O)N1CC2(CCN(C(=O)Nc3ccc(Oc4ccnc(-c5cnn(C)c5)c4)cn3)C2=O)C1,IC50
CHEMBL5768732,6.301029995663981,500.0,1,COc1cccc(CNC(=O)N2CC3CCC2CN3c2ncnc3cc(-c4ccc(F)cc4)sc23)c1,Ki
CHEMBL5768904,6.259637310505756,550.0,1,Cc1ccc(CNC(=O)C2CN(c3ncnn4cc(-c5cnn(C6CC6)c5)cc34)C2)cc1,IC50
CHEMBL5769055,4.619224005717909,55250.0,2,Cc1cc2c(-c3ccc(NS(=O)(=O)c4ccc(C(F)(F)F)nc4)cc3)ncnc2[nH]1,Ki
CHEMBL5769221,6.301029995663981,500.0,1,C[C@H](NC(=O)N1CCN(c2ncnc3[nH]c(-c4ccc(F)cc4)cc23)CC1)c1cccc(F)c1,Ki
CHEMBL5769233,5.780333653084869,3000.0,2,C[C@H](NC(=O)N1CCN(c2ncnc3[nH]c(-c4ccncc4)cc23)C[C@H]1C)c1ccc(F)cc1,Ki
CHEMBL5769340,3.9788107009300617,105000.0,1,CC(=O)Nc1cccc(C(=O)Nc2cnc3[nH]c(-c4ccc(F)cc4)cc3c2)c1,Ki
CHEMBL5769521,6.759637310505756,302.5,2,CC[C@H](NC(=O)C1CN(c2ncnn3cc(-c4cnn(CC(C)(C)N)c4)cc23)C1)c1ccc(Cl)cc1,IC50
CHEMBL5769587,7.259637310505756,55.0,3,CC[C@H](NC(=O)N1CC(c2ncnn3cc(-c4cnn(C)c4)cc23)C1)c1ccc(Cl)cc1F,IC50
CHEMBL5769658,5.780333653084869,3000.0,2,COc1ccc(NC(=O)N2CCN(c3ncnc4[nH]c(-c5cccnc5)cc34)CC2)cc1,Ki
CHEMBL5769747,6.301029995663981,500.0,2,O=C(NCc1ccc(Cl)cc1)N1CCN(c2ncnc3[nH]c(-c4ccccc4)cc23)CC1,Ki
CHEMBL5769807,3.9788107009300617,105000.0,2,CCc1ccc(S(=O)(=O)NC2CCN(c3ncnc4[nH]ccc34)CC2)cc1,Ki
CHEMBL576982,7.082862247243556,82.63,1,CC(C)(C)c1cc(NC(=O)Nc2ccc(-c3cn4c(n3)sc3cc(OCCN5CCOCC5)ccc34)cc2)no1,IC50
CHEMBL5770160,4.619224005717909,55250.0,2,Cc1n[nH]c(C(=O)Nc2cnc3[nH]c(-c4ccccc4OC(F)(F)F)cc3c2)c1C,Ki
CHEMBL5770204,3.9788107009300617,105000.0,2,COc1ccc(C(=O)N2CCN(c3ncnc4[nH]ccc34)CC2)cc1,Ki
CHEMBL5770592,7.259637310505756,55.0,2,CN1CCC(COc2ccc3ncnc(N4CCN(c5ncc(Cc6ccccc6)cn5)CC4)c3c2)CC1,IC50
CHEMBL5770849,7.259637310505756,55.0,3,COC(=O)N1CC=C(c2cc3c(N4CC(C)(C(=O)NCc5ccc(C)cc5)C4)ncnn3c2)CC1,IC50
CHEMBL5771231,6.301029995663981,500.0,2,Cc1nc(C2CCN(c3ncnc4[nH]c(-c5cccc(F)c5)cc34)CC2)[nH]c1-c1ccccc1,Ki
CHEMBL5771452,5.259637310505756,5500.0,1,COc1cc2ncnc(-c3ccc(NS(=O)(=O)N4CCCC4)c(F)c3)c2cc1OC,Ki
CHEMBL5772124,6.259637310505756,550.0,3,COC(=O)N1CC=C(c2cc3c(N4CC(C)(C(=O)NCc5ccc(F)cc5)C4)ncnn3c2)CC1,IC50
CHEMBL5772171,3.9788107009300617,105000.0,2,O=C(NCc1cccc(F)c1)NC1CCN(c2ncnc3[nH]ccc23)CC1,Ki
CHEMBL5772235,5.780333653084869,3000.0,2,COc1cccc([C@H](C)NC(=O)N2CC=C(c3ncnc4cc(-c5ccc(F)cc5)sc34)CC2)c1,Ki
CHEMBL5772265,7.259637310505756,55.0,1,COc1cc2c(N3CCN(c4ncc(Cc5ccccc5)cn4)CC3)ncnc2cc1OC(F)F,IC50
CHEMBL5772426,6.259637310505756,550.0,3,Cc1ccc(CNC(=O)C2CN(c3ncnn4cc(-c5ccccc5)cc34)C2)cc1,IC50
CHEMBL5772766,7.560667306169737,27.5,1,COc1ccc(COc2ccc(Nc3ccc4ncc(N5CCCC5)nc4c3C#N)cc2OC)cc1,Ki
CHEMBL5772834,7.560667306169737,27.5,1,COCc1ccc(COc2ccc(Nc3ccc4ncc(N5CCOCC5)nc4c3C#N)cc2OC)nc1,Ki
CHEMBL5772861,4.619224005717909,55250.0,2,Cc1n[nH]c(C(=O)Nc2cnc3[nH]c(-c4cnc(N5CCN(C)CC5)nc4)cc3c2)c1C,Ki
CHEMBL5772942,6.301029995663981,500.0,1,O=S(=O)(Nc1ccc(F)cc1)c1ccc(-c2ncnc3[nH]c(-c4ccc(F)cc4)cc23)cc1,Ki
CHEMBL5773076,6.301029995663981,500.0,2,COCCOc1cc2ncnc(-c3ccc(NS(=O)(=O)c4ccc(OC)cc4)cc3F)c2cc1OCCOC,Ki
CHEMBL5773193,6.301029995663981,500.0,2,COc1cc(-c2cc3c(N4CCC(c5nc(C)c(-c6ccc(C)cc6)[nH]5)CC4)ncnc3[nH]2)ccn1,Ki
CHEMBL5773208,6.301029995663981,500.0,1,C[C@H](NC(=O)N1CCN(c2ncnc3[nH]c(-c4ccc(F)cc4)cc23)CC1)c1ccc(F)cc1,Ki
CHEMBL5773283,5.780333653084869,3000.0,2,COc1cc2c(-c3ccc(NS(=O)(=O)C4CC4)cc3F)ncnc2cc1OCCCN1CCCCC1,Ki
CHEMBL5773631,3.9788107009300617,105000.0,1,Cc1nc(F)ccc1-c1cc2cc(NC(=O)c3[nH]nc(C)c3C)cnc2[nH]1,Ki
CHEMBL5773827,6.301029995663981,500.0,2,COCCOc1cc2ncnc(-c3ccc(NS(=O)(=O)c4ccc(Cl)cc4)cc3F)c2cc1OCCOC,Ki
CHEMBL5773898,8.259637310505756,5.5,1,Cn1cc(-c2cc3c(N4CCN(c5ncc([C@@H](N)c6ccc(F)cc6)cn5)CC4)ncnn3c2)cn1,IC50
CHEMBL5774179,7.759637310505756,30.25,2,COc1cc2ncnc(N3CCN(c4ncc(Oc5ccccc5)cn4)CC3)c2cc1OC,IC50
CHEMBL5774190,6.259637310505756,550.0,3,C[C@H](NC(=O)C1(O)CN(c2ncnn3cc(-c4cnn(C)c4)cc23)C1)c1ccc(Cl)cc1,IC50
CHEMBL5774393,5.780333653084869,3000.0,2,CCCS(=O)(=O)Nc1ccc(-c2ncnc3[nH]c(-c4ccc(F)cc4)cc23)c(F)c1,Ki
CHEMBL5774524,6.301029995663981,500.0,2,Cc1ccc(-c2[nH]c(C3CCN(c4ncnc5[nH]c(-c6ccc(F)cc6)cc45)CC3)nc2C)s1,Ki
CHEMBL5774866,6.301029995663981,500.0,2,Cc1nc(C2(C)CCN(c3ncnc4[nH]c(-c5ccc(N6CCOCC6)nc5)cc34)CC2)[nH]c1-c1ccc(OC(F)F)cc1,Ki
CHEMBL5775218,6.301029995663981,500.0,2,O=S(=O)(Nc1ccc(-c2ncnc3[nH]c(C4=CCCC4)cc23)c(F)c1)c1ccc(F)cc1,Ki
CHEMBL5775528,5.1399203482970215,52750.0,2,O=S(=O)(Nc1ccc(-c2ncnc3[nH]c(-c4cc(F)ccc4F)cc23)c(F)c1)c1ccc(Cl)cc1,Ki
CHEMBL5776068,6.301029995663981,500.0,2,Cc1nc(C2CCN(c3ncnc4[nH]c(-c5cnn(C(F)F)c5)cc34)CC2)[nH]c1-c1ccccc1,Ki
CHEMBL5776212,5.1399203482970215,52750.0,2,O=S(=O)(Nc1ccc(-c2ncnc3[nH]c(-c4ccc(F)cc4)cc23)c(F)c1)c1ccc(Cl)cc1,Ki
CHEMBL5776500,8.075720713938118,8.4,1,Cn1cc(-c2cc(Oc3ccc(NC(=O)N4CCC5(CCCC(F)(F)C5)C4=O)nc3)ccn2)cn1,IC50
CHEMBL5776547,5.780333653084869,3000.0,2,Cc1nc(C)c(-c2cc3c(N4CCC(NS(=O)(=O)c5ccc(OC(F)(F)F)cc5)CC4)ncnc3[nH]2)s1,Ki
CHEMBL5776679,8.259637310505756,5.5,1,COc1cc2ncnc(N3CCN(c4ncc(Cc5ccccc5)cn4)CC3)c2cc1OCCCN1CCN(C)CC1,IC50
CHEMBL5776850,5.1399203482970215,52750.0,2,Cc1ccc(-c2cc3c(N4CCN(C(=O)N[C@@H](C)c5cccc(F)c5)C(C)(C)C4)ncnc3[nH]2)cn1,Ki
CHEMBL5777041,6.301029995663981,500.0,1,Cc1csc(S(=O)(=O)NC2CCN(c3ncnc4[nH]c(-c5cnn(C)c5)cc34)CC2)c1,Ki
CHEMBL5777068,5.259637310505756,5500.0,2,Cc1cc2c(-c3ccc(NS(=O)(=O)c4ccc(F)cc4)c(F)c3)ncnc2[nH]1,Ki
CHEMBL5777480,6.301029995663981,500.0,2,COc1cccc([C@H](C)NC(=O)N2CCN(c3ncnc4[nH]c(-c5cnn(C)c5)cc34)CC2)c1,Ki
CHEMBL5778001,7.259637310505756,55.0,1,C[C@@H]1CN(c2ncnn3cc(-c4cnn(C)c4)cc23)CCN1c1ncc(Sc2ccccc2F)cn1,IC50
CHEMBL5778393,6.759637310505756,302.5,2,CC[C@H](O)Cn1cc(-c2cc3c(N4CC(C(=O)N[C@@H](C)c5ccc(F)cc5)C4)ncnn3c2)cn1,IC50
CHEMBL5778471,5.259637310505756,5500.0,2,Cc1cc2c(-c3ccc(NS(=O)(=O)c4cc(F)ccc4F)cc3F)ncnc2[nH]1,Ki
CHEMBL5778547,3.9788107009300617,105000.0,1,O=C(Nc1ccc(OC(F)(F)F)cc1)NC1CCN(c2ncnc3[nH]ccc23)CC1,Ki
CHEMBL5778601,4.619224005717909,55250.0,2,O=C(Nc1ccc(Cl)cc1)N1CCN(c2ncnc3[nH]ccc23)CC1,Ki
CHEMBL5779033,7.560667306169737,27.5,1,COc1cc(Nc2ccc3ncc(N4CCOCC4)nc3c2C#N)ccc1OCc1ccc(C2CC2)nc1,Ki
CHEMBL5779336,4.541773025725037,77750.0,2,COc1cc(-c2cc3c(N4CCC(c5nnc(-c6ccc(F)cc6)[nH]5)CC4)ncnc3[nH]2)ccn1,Ki
CHEMBL5779356,5.1399203482970215,52750.0,2,Cc1ccc([C@H](C)NC(=O)N2CCN(c3ncnc4[nH]c(-c5ccc(F)cc5)cc34)C[C@H]2C)cc1,Ki
CHEMBL5779454,5.259637310505756,5500.0,2,CN(C)c1ncc(-c2cc3c(N4CCC(NS(=O)(=O)c5ccc(OC(F)(F)F)cc5)CC4)ncnc3[nH]2)s1,Ki
CHEMBL578061,5.899998417198648,1258.93,1,c1ccc(Nc2ccnc(Nc3ccccc3)n2)cc1,Ki
CHEMBL5780899,6.759637310505756,302.5,2,Cn1cc(-c2cc3c(N4CC(C(=O)N[C@H](c5ccc(Cl)cc5)C5CC5)C4)ncnn3c2)cn1,IC50
CHEMBL5780979,8.259637310505756,5.5,1,CC[C@@H](c1ccc(F)cc1)c1cnc(N2CCN(c3ncnn4cc(-c5cnn(C)c5)cc34)CC2)nc1,IC50
CHEMBL5781205,3.9788107009300617,105000.0,1,O=C(NC1CCN(c2ncnc3[nH]ccc23)CC1)c1ccccc1,Ki
CHEMBL5781324,6.301029995663981,500.0,2,COc1ccc(-c2[nH]c(C3CCN(c4ncnc5[nH]c(-c6ccc(C#N)cc6)cc45)CC3)nc2C)cc1,Ki
CHEMBL5781627,3.9788107009300617,105000.0,1,Cn1cc(-c2cc3c(N4CCC(NS(=O)(=O)c5ccccc5OC(F)(F)F)CC4)ncnc3[nH]2)cn1,Ki
CHEMBL5781729,6.301029995663981,500.0,4,CS(=O)(=O)Nc1ccc(-c2ncnc3[nH]c(-c4ccc(F)cc4)cc23)c(F)c1,Ki
CHEMBL5781873,6.560667306169737,275.0,1,COc1cc(Nc2ccc3ncc(N4CCN(C)CC4)nc3c2C#N)ccc1OCc1cccc(C#N)c1,Ki
CHEMBL5782371,6.759637310505756,302.5,2,CC[C@H](NC(=O)C1CN(c2ncnn3cc(-c4cnn([C@@H](C)C(C)(C)O)c4)cc23)C1)c1ccc(Cl)cc1,IC50
CHEMBL5782401,7.489454989793388,32.4,1,Cc1ccc(NC(=O)c2ccc(CN3CCN(C)CC3)cc2)cc1Nc1nccc(-c2cncc(C3=NN=C(C(=O)Nc4cc(C(=O)O)n[nH]4)C3)c2)n1,Ki
CHEMBL5782434,7.259637310505756,55.0,3,CC(C)(O)Cn1cc(-c2cc3c(N4CC(C(=O)NCc5ccc(C(F)F)cc5)C4)ncnn3c2)cn1,IC50
CHEMBL5782460,4.619224005717909,55250.0,2,Cc1n[nH]c(C(=O)Nc2cnc3[nH]c(-c4c(C)nn(C)c4C)cc3c2)c1C,Ki
CHEMBL5782643,7.259637310505756,55.0,1,Cc1ccc(-c2cc3c(N4CCN(c5ncc([C@@](C)(O)c6ccc(F)cc6)cn5)CC4)ncnn3c2)cc1,IC50
CHEMBL5783029,6.301029995663981,500.0,2,CCc1ccc(-c2[nH]c(C3CCN(c4ncnc5[nH]c(-c6ccnc(OC)c6)cc45)CC3)nc2C)cc1,Ki
CHEMBL5783450,6.301029995663981,500.0,2,Cc1nn(C)cc1-c1cc2c(N3CCN(C(=O)N[C@@H](C)c4ccc(F)cc4)CC3)ncnc2[nH]1,Ki
CHEMBL5784389,7.259637310505756,55.0,3,C[C@H](NC(=O)C1CN(c2ncnn3cc(-c4cnn(C)c4)cc23)C1)c1ccc(Cl)cc1,IC50
CHEMBL5784477,5.780333653084869,3000.0,2,Cc1nc(C2CCN(c3ncnc4[nH]c(-c5ccnc(C(F)(F)F)c5)cc34)CC2)[nH]c1-c1ccccc1,Ki
CHEMBL5784634,6.301029995663981,500.0,2,CCCS(=O)(=O)Nc1ccc(-c2ncnc3[nH]c(-c4ccc(F)cc4)cc23)cc1F,Ki
CHEMBL5784862,6.759637310505756,302.5,2,CC[C@H](O)Cn1cc(-c2cc3c(N4CC(C(=O)N[C@@H](CC)c5ccc(Cl)cc5)C4)ncnn3c2)cn1,IC50
CHEMBL5784886,6.301029995663981,500.0,2,COc1ccc(-c2[nH]c(C3(C)CCN(c4ncnc5[nH]c(-c6cnn(C(F)F)c6)cc45)CC3)nc2C)cc1,Ki
CHEMBL5784932,8.113509274827518,7.7,1,Cc1cc(NC(=O)C2=NN=C(c3cncc(-c4ccnc(Nc5cc(NC(=O)c6ccc(CN7CCN(C)CC7)cc6)ccc5C)n4)c3)C2)ccn1,Ki
CHEMBL5785127,8.259637310505756,5.5,1,COc1cc2ncnc(N3CCN(c4ncc(Cc5ccccc5)cn4)CC3)c2cc1OCC1CNCCO1,IC50
CHEMBL5785224,4.619224005717909,55250.0,2,O=C(Nc1cnc2[nH]c(-c3ccccc3)cc2c1)c1[nH]ncc1Br,Ki
CHEMBL5785741,5.780333653084869,3000.0,2,CS(=O)(=O)Nc1ccc(-c2ncnc3[nH]c(-c4ccc(F)cc4)cc23)c(F)c1F,Ki
CHEMBL5786485,6.560667306169737,275.0,1,COc1ccc(COc2ccc(Oc3ccc4ncc(N5CCOCC5)nc4c3C#N)cc2OC)cc1,Ki
CHEMBL5786546,5.780333653084869,3000.0,2,O=C(NCc1ccc(F)cc1)N1CCN(c2ncnc3cc(C4=CCNCC4)sc23)CC1,Ki
CHEMBL5786650,5.780333653084869,3000.0,2,O=S(=O)(Nc1ccc(-c2ncnc3[nH]c(C4=CCCC4)cc23)cc1)c1ccc(F)cc1,Ki
CHEMBL5786987,6.759637310505756,302.5,2,CC[C@H](NC(=O)C1CN(c2ncnn3cc(-c4cnn(C)c4)cc23)C1)c1ccc(C2CC2)cc1,IC50
CHEMBL5787217,3.9788107009300617,105000.0,1,Cc1ccc(NS(=O)(=O)N2CCN(c3ncnc4[nH]c(-c5ccc(Cl)cc5)cc34)CC2)cc1,Ki
CHEMBL5787628,6.259637310505756,550.0,3,Cn1cc(-c2cc3c(N4CC(C(=O)N[C@@H](CO)c5ccccc5)C4)ncnn3c2)cn1,IC50
CHEMBL5787770,4.619224005717909,55250.0,2,Cc1cc2c(-c3ccc(S(=O)(=O)Nc4ccc(F)cc4)cc3F)ncnc2[nH]1,Ki
CHEMBL5787870,6.301029995663981,500.0,1,COc1cc(-c2cc3c(N4CCC(NS(=O)(=O)c5ccc(C)cc5)CC4)ncnc3[nH]2)ccn1,Ki
CHEMBL5788657,7.560667306169737,27.5,1,COc1cc(Nc2ccc3ncc(N4CCOCC4)nc3c2C#N)ccc1OCc1cc(C)on1,Ki
CHEMBL5788905,5.259637310505756,5500.0,1,O=C(NCCc1ccc(Cl)cc1)N1CCN(c2ncnc3[nH]c(-c4ccc(F)cc4)cc23)CC1,Ki
CHEMBL5789195,3.9788107009300617,105000.0,1,O=C(NCCc1ccc(F)cc1)N1CCN(c2ncnc3[nH]ccc23)CC1,Ki
CHEMBL5789289,6.301029995663981,500.0,1,Cc1ccc(NC(=O)N2CCN(c3ncnc4[nH]c(-c5ccncc5)cc34)C[C@H]2C)cn1,Ki
CHEMBL5789372,8.346787486224656,4.5,1,Cn1cc(-c2cc(Oc3ccc(NC(=O)N4CCC5(CN(S(C)(=O)=O)C5)C4=O)nc3)ccn2)cn1,IC50
CHEMBL5789825,6.259637310505756,550.0,3,Cn1cc(-c2cc3c(N4CC(C(=O)NCc5ccc(C(F)(F)F)cc5)C4)ncnn3c2)cn1,IC50
CHEMBL5789964,7.259637310505756,55.0,1,C=C(c1ccc(F)cc1)c1cnc(N2CCN(c3ncnn4cc(-c5cnn(C)c5)cc34)CC2)nc1,IC50
CHEMBL5789967,4.619224005717909,55250.0,2,Cc1ccc(NS(=O)(=O)c2ccc(-c3ncnc4[nH]c(-c5ccc(F)cc5)cc34)cc2)cc1,Ki
CHEMBL5790221,6.259637310505756,550.0,3,CC(C)(O)Cn1cc(-c2cc3c(N4CC(C(=O)NCc5ccc(F)cc5F)C4)ncnn3c2)cn1,IC50
CHEMBL5790366,5.780333653084869,3000.0,2,COc1ncc(CNC(=O)N2CCN(c3ncnc4[nH]c(-c5ccc(F)cc5)cc34)CC2)cc1F,Ki
CHEMBL5790422,5.780333653084869,3000.0,2,COc1cccc(NC(=O)N2CCN(c3ncnc4[nH]c(-c5ccccc5)cc34)CC2)c1,Ki
CHEMBL5790652,6.301029995663981,500.0,2,Cc1nn(C)cc1-c1cc2c(N3CCN(C(=O)N[C@@H](C)c4ccc(Cl)cc4)C(C)(C)C3)ncnc2[nH]1,Ki
CHEMBL5790767,8.259637310505756,5.5,1,COc1cc2ncnc(N3CCN(c4ncc(Cc5ccccc5)cn4)CC3)c2cc1OC[C@H]1CNCCO1,IC50
CHEMBL5790830,6.301029995663981,500.0,2,Cc1nc(C2(C)CCN(c3ncnc4[nH]c(-c5ccc(C#N)cc5)cc34)CC2)[nH]c1-c1ccc(C(F)(F)F)cc1,Ki
CHEMBL5790920,4.619224005717909,55250.0,2,O=C(Nc1ccccc1Cl)N1CCN(c2ncnc3[nH]c(-c4ccccc4)cc23)CC1,Ki
CHEMBL5790962,7.259637310505756,55.0,2,COc1cc2ncnc(N3CCN(c4ncc(Nc5ccccc5)cn4)CC3)c2cc1OC,IC50
CHEMBL5791058,7.259637310505756,55.0,3,CC[C@H](NC(=O)C1CN(c2ncnn3cc(-c4cnn(CCC(C)(C)O)c4)cc23)C1)c1ccc(Cl)cc1,IC50
CHEMBL5791101,7.259637310505756,55.0,3,COC1(C(=O)NCc2ccc(C)cc2)CN(c2ncnn3cc(C4=CCOCC4)cc23)C1,IC50
CHEMBL5791114,5.780333653084869,3000.0,2,COc1cccc([C@H](C)NC(=O)N2CCN(c3ncnc4[nH]c(-c5ccc(C#N)cc5)cc34)C[C@H]2C)c1,Ki
CHEMBL5791219,6.301029995663981,500.0,2,Cc1nc(C2CCN(c3ncnc4[nH]c(-c5ccnc(N6CCCC6)c5)cc34)CC2)[nH]c1-c1ccccc1,Ki
CHEMBL5792199,7.759637310505756,30.25,2,COc1cc2ncnc(N3CCN(c4ncc(Cc5ccccc5)cn4)CC3)c2cc1OC1CCN(C)CC1,IC50
CHEMBL5792278,7.259637310505756,55.0,3,CC[C@H](NC(=O)C1(OC)CN(c2ncnn3cc(-c4cnn(C)c4)cc23)C1)c1ccc(Cl)cc1,IC50
CHEMBL5792413,5.1399203482970215,52750.0,2,CCCCS(=O)(=O)Nc1ccc(-c2cc3c(-c4ccc(NS(=O)(=O)CCCC)cc4)ncnc3[nH]2)cc1,Ki
CHEMBL5792587,5.780333653084869,3000.0,2,O=C(NCc1ccc(F)cc1)N1CCN(c2ncnc3[nH]c(-c4cccnc4)cc23)CC1,Ki
CHEMBL5793139,6.301029995663981,500.0,1,O=C(NCCc1ccccc1)N1CCN(c2ncnc3[nH]c(-c4ccc(F)cc4)cc23)CC1,Ki
CHEMBL5793513,3.9788107009300617,105000.0,2,Cn1cc(-c2cc3ncnc(N4CC(C)(C)NC(C)(C)C4)c3s2)cn1,Ki
CHEMBL5793569,4.619224005717909,55250.0,2,CCCNS(=O)(=O)N1CCN(c2ncnc3[nH]c(-c4cccnc4)cc23)CC1,Ki
CHEMBL5793724,5.259637310505756,5500.0,1,O=C(NCc1cccc(OC(F)(F)F)c1)N1CCN(c2ncnc3[nH]c(-c4ccc(F)cc4)cc23)CC1,Ki
CHEMBL5793911,6.759637310505756,302.5,2,Cc1ccc(CNC(=O)C2CN(c3ncnn4cc(-c5cn[nH]c5)cc34)C2)cc1,IC50
CHEMBL5793918,5.780333653084869,3000.0,2,CCCc1ccc(S(=O)(=O)Nc2ccc(-c3ncnc4[nH]c(C)cc34)cc2)cc1,Ki
CHEMBL5793992,6.301029995663981,500.0,2,COc1cc2c(-c3ccc(NS(=O)(=O)c4ccc(Cl)cc4)cc3F)ncnc2cc1OCCCN1CCCCC1,Ki
CHEMBL5794154,5.259637310505756,5500.0,1,Nc1ncnc2c1c(-c1ccc(Oc3ccccc3)cc1)nn2C[C@@H]1SSC[C@@H]1O,IC50
CHEMBL5794181,8.229147988357855,5.9,1,COc1ccc(NC(=O)C2=NN=C(c3cncc(-c4ccnc(Nc5cc(NC(=O)c6ccc(CN7CCN(C)CC7)cc6)ccc5C)n4)c3)C2)cc1,Ki
CHEMBL5794221,3.9788107009300617,105000.0,1,Cc1n[nH]c(C(=O)Nc2ccc(Nc3ccccc3)nc2)c1C,Ki
CHEMBL5794426,5.259637310505756,5500.0,1,O=S(=O)(Nc1ccc(-c2ncnc3[nH]c(C(F)F)cc23)c(F)c1)c1ccc(Cl)cc1,Ki
CHEMBL5794610,5.780333653084869,3000.0,2,CNC(=O)c1cccc(-c2cc3c(N4CCN(C(=O)NCc5ccc(F)cc5)CC4)ncnc3[nH]2)c1,Ki
CHEMBL5794811,3.9788107009300617,105000.0,1,COc1cc2ncnc(-c3cccc(NS(=O)(=O)C4CC4)c3)c2cc1OC,Ki
CHEMBL5794827,6.259637310505756,550.0,3,C[C@H](O)Cn1cc(-c2cc3c(N4CC(C(=O)Nc5ccc(C#N)cc5)C4)ncnn3c2)cn1,IC50
CHEMBL5795183,6.259637310505756,550.0,3,CC(C)Oc1ccc(-c2cc3c(N4CC(C(=O)N[C@@H](C)c5ccc(F)cc5)C4)ncnn3c2)cc1,IC50
CHEMBL5795485,7.759637310505756,30.25,2,COc1cc2c(N3CCN(c4ncc(Cc5ccccc5)cn4)CC3)ncnc2cc1OCC(O)CO,IC50
CHEMBL5795617,6.301029995663981,500.0,2,CCOc1ccc(-c2[nH]c(C3(C)CCN(c4ncnc5[nH]c(-c6ccc(NS(C)(=O)=O)cc6)cc45)CC3)nc2C)cc1,Ki
CHEMBL5795618,6.301029995663981,500.0,2,C[C@@H]1CN(c2ncnc3[nH]c(-c4ccncc4)cc23)CCN1C(=O)Nc1ccc(OC(F)(F)F)cc1,Ki
CHEMBL5795835,6.560667306169737,275.0,1,COc1ccc(COc2ccc(Nc3ccc4ncc(N5CCOCC5)nc4c3C#N)cc2OC)cn1,Ki
CHEMBL5795870,7.259637310505756,55.0,3,Cc1ccc(CNC(=O)C2CN(c3ncnn4cc(-c5ccc(OC(C)(C)C)c(F)c5)cc34)C2)cc1,IC50
CHEMBL5795880,5.780333653084869,3000.0,2,CCc1[nH]c(C2CCN(c3ncnc4[nH]c(-c5cnn(C(F)F)c5)cc34)CC2)nc1C,Ki
CHEMBL5795912,3.9788107009300617,105000.0,2,Cc1nn(C)cc1-c1cc2cc(NC(=O)c3[nH]nc(C)c3C)cnc2[nH]1,Ki
CHEMBL5796393,3.9788107009300617,105000.0,2,Cc1[nH]nc(C(=O)Nc2cnc3[nH]c(C4=CCN(C(=O)C5CC5)CC4)cc3c2)c1C,Ki
CHEMBL5796620,5.1399203482970215,52750.0,2,Fc1ccc(-c2cc3c(N4CCN(c5nc6ccccc6[nH]5)CC4)ncnc3[nH]2)cc1,Ki
CHEMBL5796903,6.259637310505756,550.0,1,COc1ccc(COc2cnc(N3CCN(c4ncnc5cc(OC)c(OC)cc45)CC3)nc2)cc1,IC50
CHEMBL5797378,3.9788107009300617,105000.0,1,O=C(NC1CCN(c2ncnc3[nH]ccc23)CC1)C1CCCCC1,Ki
CHEMBL5797762,5.259637310505756,5500.0,1,CCCc1ccc(S(=O)(=O)NC2CCN(c3ncnc4[nH]c(C)cc34)CC2)cc1,Ki
CHEMBL5798357,6.759637310505756,302.5,2,CNCC1(C(=O)NCc2ccc(C)cc2)CN(c2ncnn3cc(-c4cn(C)nc4N)cc23)C1,IC50
CHEMBL5798642,3.9788107009300617,105000.0,1,O=C(Nc1cnc2[nH]c(-c3ccc(F)cc3)cc2c1)c1n[nH]c2c1CCC2,Ki
CHEMBL5798807,7.259637310505756,55.0,3,CCC(C)(O)c1ccc(-c2cc3c(N4CC(C(=O)N[C@@H](C)c5ccc(F)cc5)C4)ncnn3c2)cc1,IC50
CHEMBL5798809,3.9788107009300617,105000.0,1,Cc1n[nH]c(C(=O)Nc2cnc3[nH]c(-c4cccc5c4OC(F)(F)O5)cc3c2)c1C,Ki
CHEMBL5798901,6.259637310505756,550.0,3,Cc1ccc(CNC(=O)C2CN(c3ncnn4cc(-c5ccc(OC(F)(F)F)cc5)cc34)C2)cc1,IC50
CHEMBL5799194,7.259637310505756,55.0,3,COc1ccc(-c2cc3c(N4CC(C(=O)NCc5ccc(C)cc5)C4)ncnn3c2)cn1,IC50
CHEMBL5799541,6.301029995663981,500.0,2,Cn1cc(-c2cc3c(N4CCN(C(=O)Nc5ccc(F)cc5)CC4)ncnc3[nH]2)cn1,Ki
CHEMBL5800026,3.9788107009300617,105000.0,1,N#Cc1ccc(-c2cc3c(N4CCC(NS(=O)(=O)c5ccc(OC(F)(F)F)cc5)CC4)ncnc3[nH]2)cc1,Ki
CHEMBL5800175,6.301029995663981,500.0,2,Cc1nc(C2(C)CCN(c3ncnc4[nH]c(-c5ccc(N6CCOCC6)nc5)cc34)CC2)[nH]c1-c1ccc(C(F)F)cc1,Ki
CHEMBL5800264,7.759637310505756,30.25,2,COc1cc2ncnc(N3CCN(c4ncc(Cc5ccccc5)cn4)CC3)c2cc1OC[C@@H]1CNCCO1,IC50
CHEMBL5800496,5.780333653084869,3000.0,2,O=S(=O)(Nc1ccc(-c2ncnc3[nH]c(-c4ccc(NSC5CC5)cc4F)cc23)c(F)c1)C1CC1,Ki
CHEMBL5800547,5.780333653084869,3000.0,2,Cc1cc2c(-c3ccc(NS(=O)(=O)c4ccc(Cl)cc4F)c(F)c3)ncnc2[nH]1,Ki
CHEMBL5800905,6.301029995663981,500.0,2,CCC1(c2nc(C)c(-c3ccc(OC)c(C)c3)[nH]2)CCN(c2ncnc3[nH]c(-c4ccc(F)cc4)cc23)CC1,Ki
CHEMBL5801109,6.301029995663981,500.0,2,O=S(=O)(NC1CCN(c2ncnc3[nH]c(C4=CCCC4)cc23)CC1)c1ccc(OC(F)(F)F)cc1,Ki
CHEMBL5801320,6.259637310505756,550.0,1,CC[C@H](NC(=O)C1CN(c2ncnn3cc(-c4cnn([C@@H](C)[C@@H](C)O)c4)cc23)C1)c1ccc(Cl)cc1,IC50
CHEMBL5801373,7.259637310505756,55.0,3,CC[C@H](NC(=O)C1CN(c2ncnn3cc(-c4cnn(C[C@@H](O)C(F)(F)F)c4)cc23)C1)c1ccc(Cl)cc1,IC50
CHEMBL5801573,5.1399203482970215,52750.0,2,C[C@H](NC(=O)N1CCN(c2ncnc3[nH]c(-c4ccc(F)cc4)cc23)C[C@H]1C)c1ccc(F)cc1,Ki
CHEMBL5801594,5.780333653084869,3000.0,2,CS(=O)(=O)Nc1cccc(-c2cc3c(N4CCN(C(=O)Nc5ccc(OC(F)(F)F)cc5)CC4)ncnc3[nH]2)c1,Ki
CHEMBL5802010,5.259637310505756,5500.0,2,Cc1n[nH]c(C(=O)Nc2cnc3sc(-c4ccccc4)nc3c2)c1C,Ki
CHEMBL5802203,9.187086643357144,0.65,1,CC(C)(CO)n1cc(-c2cc3c(N)ncnn3c2)cn1,IC50
CHEMBL5802235,5.8735438865681955,1338.0,2,Cc1ccc(O)cc1-c1ccc2nc(NC(=O)[C@@H]3C[C@@H]3F)sc2c1,IC50
CHEMBL5802262,5.259637310505756,5500.0,1,Cc1n[nH]c(C(=O)Nc2cnc3[nH]c(-c4cc(OC(F)(F)F)ccc4Cl)cc3c2)c1C,Ki
CHEMBL5802361,5.259637310505756,5500.0,1,O=C(NC(=O)N1CCN(c2ncnc3[nH]c(-c4ccc(F)cc4)cc23)CC1)NC1CCCC1,Ki
CHEMBL5802418,5.780333653084869,3000.0,2,Cc1nn(C)cc1-c1cc2ncnc(N3CCN(C(=O)NCc4ccc(F)cc4)CC3)c2s1,Ki
CHEMBL5802481,8.259637310505756,5.5,1,CO[C@](C)(c1ccc(F)cc1)c1cnc(N2CCN(c3ncnn4cc(-c5cnn(C)c5)cc34)CC2)nc1,IC50
CHEMBL5802517,6.560667306169737,275.0,1,COc1cc(Nc2ccc3ncc(N4CCOCC4)nc3c2C#N)ccc1OCc1ccc(C(F)F)nc1,Ki
CHEMBL5802715,8.259637310505756,5.5,1,Cn1cc(-c2cc3c(N4CCN(c5ncc([C@](C)(N)c6ccc(F)cc6)cn5)CC4)ncnn3c2)cn1,IC50
CHEMBL5802801,6.301029995663981,500.0,2,Cc1cc2c(C3=CCC(NS(=O)(=O)c4ccc(Cl)cc4)CC3)ncnc2[nH]1,Ki
CHEMBL5802818,3.9788107009300617,105000.0,1,Cc1n[nH]c(C(=O)Nc2cnc3[nH]c(-c4cnc(NC5CC5)nc4)cc3c2)c1C,Ki
CHEMBL5803359,5.780333653084869,3000.0,2,COc1ccc(-c2nc(C3(C)CCN(c4ncnc5[nH]c(C)cc45)CC3)[nH]c2C)cn1,Ki
CHEMBL5803430,3.9788107009300617,105000.0,1,Cc1n[nH]c(C(=O)Nc2cnc3[nH]c(-c4ccc(F)cc4)cc3c2)c1F,Ki
CHEMBL5803544,5.780333653084869,3000.0,2,COc1ccc(S(=O)(=O)Nc2ccc(-c3ncnc4[nH]nc(C)c34)cc2)cc1,Ki
CHEMBL5803737,6.759637310505756,302.5,2,CCC(=O)N1CC=C(c2cc3c(N4CC(C)(C(=O)N[C@@H](CCO)c5ccc(Cl)cc5)C4)ncnn3c2)CC1,IC50
CHEMBL5803790,5.780333653084869,3000.0,2,Cn1cc(-c2cc3c(N4CCC(NS(=O)(=O)c5ccc(Cl)cc5)CC4)ncnc3[nH]2)cn1,Ki
CHEMBL5803908,6.301029995663981,500.0,2,CCOc1cc(-c2[nH]c(C3CCN(c4ncnc5[nH]c(C)cc45)CC3)nc2C)ccc1C,Ki
CHEMBL5803959,6.301029995663981,500.0,2,O=C(C1CC1)N1CC=C(c2cc3ncnc(-c4ccc(NS(=O)(=O)C5CC5)cc4)c3s2)CC1,Ki
CHEMBL5804406,6.301029995663981,500.0,2,CCOc1ccc(-c2[nH]c(C3(C)CCN(c4ncnc5[nH]c(-c6ccc(N7CCOCC7)nc6)cc45)CC3)nc2C)cc1,Ki
CHEMBL5804510,3.9788107009300617,105000.0,2,Cc1n[nH]c(C(=O)Nc2cnc3[nH]c(-c4ccc(C(=O)NC5CC5)cc4)cc3c2)c1C,Ki
CHEMBL5804557,6.759637310505756,302.5,2,CCC(=O)N1CC=C(c2cc3c(N4CC(C)(C(=O)NCc5ccc(C)cc5)C4)ncnn3c2)CC1,IC50
CHEMBL5804577,5.780333653084869,3000.0,2,Cc1cc2c(N3CCC(C)(c4nc(C)c(-c5ccc6c(c5)OCCO6)[nH]4)CC3)ncnc2[nH]1,Ki
CHEMBL5804747,3.9788107009300617,105000.0,1,CN(C)c1ccc(NC(=O)NC2CCN(c3ncnc4[nH]ccc34)CC2)cc1,Ki
CHEMBL5804882,7.259637310505756,55.0,3,COC1(C(=O)NCc2ccc(C)cc2)CN(c2ncnn3cc(-c4ccc(OC(C)(C)C)cc4)cc23)C1,IC50
CHEMBL5804899,7.769551078621726,17.0,1,Cc1nc(NC(=O)N2CCC3(CCC(F)(F)CC3)C2=O)ccc1Oc1ccnc(-c2cnn(C)c2)c1,IC50
CHEMBL5805223,3.9788107009300617,105000.0,1,O=C(Nc1ccc(OC(F)(F)F)cc1)N1CCN(c2ncnc3[nH]c(I)cc23)CC1,Ki
CHEMBL5805293,3.9788107009300617,105000.0,1,O=C(NCc1ccc(F)cc1)NC1CCN(c2ncnc3[nH]ccc23)CC1,Ki
CHEMBL5805333,5.259637310505756,5500.0,1,CS(=O)(=O)c1ccc(-c2ncnc3[nH]c(-c4ccc(F)cc4)cc23)cc1,Ki
CHEMBL5805472,7.507239610973162,31.1,1,Cc1coc(NC(=O)C2=NN=C(c3cncc(-c4ccnc(Nc5cc(NC(=O)c6ccc(CN7CCN(C)CC7)cc6)ccc5C)n4)c3)C2)n1,Ki
CHEMBL5805579,3.9788107009300617,105000.0,1,COc1cc2ncnc(-c3ccc(NS(=O)(=O)C4CC4)cc3)c2cc1OC,Ki
CHEMBL5806127,4.619224005717909,55250.0,2,Cc1cc2c(-c3ccc(NS(C)(=O)=O)cc3)ncnc2[nH]1,Ki
CHEMBL5806880,8.259637310505756,5.5,1,Cn1cc(-c2cc3c(N4CCN(c5ncc([C@@](C)(O)c6c(F)cccc6F)cn5)CC4)ncnn3c2)cn1,IC50
CHEMBL5807037,6.301029995663981,500.0,2,COc1cc(-c2cc3c(N4CCC(c5nc(C)c(-c6ccc7c(c6)OCO7)[nH]5)CC4)ncnc3[nH]2)ccn1,Ki
CHEMBL5807388,7.259637310505756,55.0,3,C[C@H](NC(=O)C1CN(c2ncnn3cc(-c4ccc(C(=O)N5CCC5)cc4)cc23)C1)c1ccc(F)cc1,IC50
CHEMBL5807398,6.560667306169737,275.0,1,COc1cc(Nc2ccc3ncc(N4C[C@@H](C)O[C@@H](C)C4)nc3c2C#N)ccc1OCc1ccc(C)nc1,Ki
CHEMBL5807498,6.301029995663981,500.0,1,O=C(NCc1ccc(Cl)cc1)N1CCN(c2ncnc3[nH]c(C4CC4)cc23)CC1,Ki
CHEMBL5807514,6.259637310505756,550.0,3,C[C@H](NC(=O)C1(C)CN(c2ncnn3cc(-c4cnn(C)c4)cc23)C1)c1ccc(F)cc1,IC50
CHEMBL5808048,5.259637310505756,5500.0,1,C[C@H](NC(=O)N1CCN(c2ncnc3cc(-c4ccc(F)cc4)sc23)C[C@H]1C)c1ccc(F)cc1,Ki
CHEMBL5808198,3.9788107009300617,105000.0,1,Cc1noc(C)c1C(=O)Nc1cnc2[nH]c(-c3ccccc3)cc2c1,Ki
CHEMBL5808440,5.1399203482970215,52750.0,2,C[C@H](NC(=O)N1CCN(c2ncnc3cc(N4CCOCC4)sc23)CC1)c1ccc(F)cc1,Ki
CHEMBL5808767,7.259637310505756,55.0,3,Cn1cc(-c2cc3c(N4CC(NC(=O)Cc5ccc(Cl)cc5)C4)ncnn3c2)cn1,IC50
CHEMBL5808938,6.759637310505756,302.5,2,O=C(N[C@@H](CCO)c1ccc(Cl)cc1)C1CN(c2ncnn3cc(-c4cnn5c4CCC5)cc23)C1,IC50
CHEMBL5809205,7.259637310505756,55.0,1,Cc1cc(-c2cc3c(N4CCN(c5ncc([C@](C)(O)c6ccc(F)cc6)cn5)CC4)ncnn3c2)no1,IC50
CHEMBL5809247,6.759637310505756,302.5,2,COc1cc2ncnc(N3CCN(c4ncc(OCc5cccc(C)c5)cn4)CC3)c2cc1OC,IC50
CHEMBL5809535,5.780333653084869,3000.0,2,CCOc1ccc(-c2[nH]c(C3CCN(c4ncnc5[nH]c(-c6ccc(C#N)cc6)cc45)CC3)nc2C)cc1,Ki
CHEMBL5809612,5.780333653084869,3000.0,2,Cc1ccc(S(=O)(=O)Nc2ccc(-c3ncnc4[nH]c(C)cc34)c(F)c2)cc1,Ki
CHEMBL5809656,4.619224005717909,55250.0,2,Cc1n[nH]c(C(=O)Nc2cnc3[nH]c(-c4cccc(N5CCCC5)c4)cc3c2)c1C,Ki
CHEMBL5810805,5.259637310505756,5500.0,2,COc1ncc(-c2cc3c(N4CCN(C(=O)NCc5ccc(F)cc5)CC4)ncnc3[nH]2)cn1,Ki
CHEMBL5811130,6.301029995663981,500.0,2,Cc1nc(C2CCN(c3ncnc4[nH]c(-c5ccc(C#N)cc5)cc34)CC2)[nH]c1-c1ccc(Cl)cc1,Ki
CHEMBL5811143,7.259637310505756,55.0,3,C[C@H](NC(=O)C1CN(c2ncnn3cc(-c4cnn(C)c4)cc23)C1)c1ccc(F)cc1,IC50
CHEMBL5811348,5.780333653084869,3000.0,2,C[C@H](NC(=O)N1CCN(c2ncnc3cc(C4=CCN(S(C)(=O)=O)CC4)sc23)CC1(C)C)c1cccc(Cl)c1,Ki
CHEMBL5811562,3.9788107009300617,105000.0,1,COc1cccc([C@@H](C)NC(=O)N2CCN(c3ncnc4[nH]c(-c5ccc(F)cc5)cc34)CC2)c1,Ki
CHEMBL5811801,8.259637310505756,5.5,1,Cc1c(-c2cc3c(N4CCN(c5ncc(Cc6ccccc6)cn5)[C@H](C)C4)ncnn3c2)cnn1C,IC50
CHEMBL5812005,6.259637310505756,550.0,3,Cc1nn(C)cc1-c1cc2c(N3CC(C(=O)N[C@@H](C)c4ccc(F)cc4)C3)ncnn2c1,IC50
CHEMBL5812364,8.259637310505756,5.5,1,Cn1cc(-c2cc3c(N4CCN(c5ncc([C@@H](O)c6ccc(F)cc6)cn5)CC4)ncnn3c2)cn1,IC50
CHEMBL5812582,4.619224005717909,55250.0,2,CN(C)c1ccc(NC(=O)N2CCN(c3ncnc4[nH]c(C#CC5CC5)cc34)CC2)cc1,Ki
CHEMBL5812589,7.560667306169737,27.5,1,COc1ccc(COc2ccc(Nc3ccc4ncc(N(C)C)nc4c3C#N)cc2OC)cn1,Ki
CHEMBL5812615,7.259637310505756,277.75,2,C[C@H](NC(=O)C1CN(c2ncnn3cc(-c4ccc(OC5CC5)cc4)cc23)C1)c1ccccc1,IC50
CHEMBL5813009,4.619224005717909,55250.0,2,O=C(Nc1cnc2[nH]c(-c3ccccc3)cc2c1)c1cccc2n[nH]cc12,Ki
CHEMBL5813040,5.1399203482970215,52750.0,2,O=S(=O)(NCc1ccc(F)cc1)c1ccc(-c2ncnc3[nH]c(-c4ccc(F)cc4)cc23)c(F)c1,Ki
CHEMBL5813104,6.259637310505756,550.0,3,CC[C@H](NC(=O)C1CN(c2ncnn3cc(-c4ccc(OC(C)C)cc4)cc23)C1)c1ccc(Cl)cc1,IC50
CHEMBL5813643,6.301029995663981,500.0,1,Cc1ccc(C(C)NC(=O)N2CCN(c3ncnc4cc(-c5ccc(F)cc5)sc34)CC2)s1,Ki
CHEMBL5813712,6.259637310505756,550.0,3,COc1ccc(-c2cc3c(N4CC(C(=O)NCc5ccc(C)cc5)C4)ncnn3c2)nc1,IC50
CHEMBL5813969,6.301029995663981,500.0,2,Cc1nc(C2(C)CCN(c3ncnc4[nH]c(-c5ccc(C#N)cc5)cc34)CC2)[nH]c1-c1ccc2c(c1)OCO2,Ki
CHEMBL5814399,6.759637310505756,302.5,2,C[C@H](NC(=O)C1CN(c2ncnn3cc(-c4ccc(C5(O)CCC5)cc4)cc23)C1)c1ccc(F)cc1,IC50
CHEMBL5814498,6.259637310505756,550.0,3,CC[C@H](NC(=O)C1CN(c2ncnn3cc(-c4cnn(C)c4N)cc23)C1)c1ccc(Cl)cc1,IC50
CHEMBL5814625,6.301029995663981,500.0,2,CCOc1ccc(-c2[nH]c(C3(C)CCN(c4ncnc5[nH]c(-c6ccc(C#N)cc6)cc45)CC3)nc2C)cc1C,Ki
CHEMBL5815122,7.259637310505756,55.0,2,COc1cc2ncnc(N3CCN(c4ncc(Nc5ccccc5)cn4)[C@H](C)C3)c2cc1OC,IC50
CHEMBL5815160,7.259637310505756,55.0,3,CC[C@H](NC(=O)C1CN(c2ncnn3cc(-c4cnn(C(C)(C)CO)c4)cc23)C1)c1ccc(Cl)cc1,IC50
CHEMBL5815182,7.259637310505756,277.75,2,COc1ccc(-c2cc3c(N4CC(C(=O)NC(CO)c5ccccc5)C4)ncnn3c2)cc1,IC50
CHEMBL5815524,7.759637310505756,30.25,2,Cc1ccc(CNC(=O)C2CN(c3ncnn4cc(-c5ccc(OC(C)(C)C)cc5)cc34)C2)cc1,IC50
CHEMBL5815642,5.780333653084869,3000.0,2,NC(=O)c1cccc(-c2cc3c(N4CCN(C(=O)NCc5ccc(F)cc5)CC4)ncnc3[nH]2)c1,Ki
CHEMBL5816346,8.309803919971486,4.9,1,Cc1ccc(NC(=O)c2ccc(CN3CCN(C)CC3)cc2)cc1Nc1nccc(-c2cncc(-c3nccs3)c2)n1,Ki
CHEMBL5816512,3.9788107009300617,105000.0,2,COc1cccc([C@@H](C)NC(=O)N2CCN(c3ncnc4cc(-c5ccc(F)cc5)sc34)C[C@H]2C)c1,Ki
CHEMBL5816553,6.301029995663981,500.0,2,Cc1nc(C2CCN(c3ncnc4[nH]c(-c5cnn(C(F)F)c5)cc34)CC2)[nH]c1-c1ccc2c(c1)OCO2,Ki
CHEMBL5817131,3.9788107009300617,105000.0,2,CCOc1ccc(NC(=O)N2CCN(c3ncnc4[nH]c(-c5ccc(Cl)cc5)cc34)CC2)cc1,Ki
CHEMBL5817346,5.780333653084869,3000.0,2,COc1cc2c(-c3ccc(NS(=O)(=O)N4CCCC4)cc3F)ncnc2cc1OCCCN1CCCCC1,Ki
CHEMBL5817579,3.9788107009300617,105000.0,2,Cc1n[nH]c(C(=O)Nc2cnc3[nH]c(-c4cccc(C(=O)O)c4C)cc3c2)c1C,Ki
CHEMBL5817710,6.301029995663981,500.0,2,Cc1nc(C2CCN(c3ncnc4[nH]c(-c5ccc(F)cc5)cc34)CC2)[nH]c1-c1ccc(F)cc1,Ki
CHEMBL5817884,7.259637310505756,55.0,2,Cc1ccc(CNC(=O)C2CN(c3ncnn4cc(-c5cnn(C)c5)cc34)C2)c(F)c1,IC50
CHEMBL5818440,6.301029995663981,500.0,2,CS(=O)(=O)Nc1ccc(-c2ncnc3cc(C4=CCN(C(=O)N5CCOCC5)CC4)sc23)cc1,Ki
CHEMBL5818582,6.301029995663981,500.0,2,CCc1ccc(-c2[nH]c(C3(C)CCN(c4ncnc5[nH]c(C)cc45)CC3)nc2C)cc1,Ki
CHEMBL5818611,7.560667306169737,27.5,1,CCc1ccc(COc2ccc(Nc3ccc4ncc(N5CCOCC5)nc4c3C#N)cc2OC)cc1,Ki
CHEMBL5818807,5.780333653084869,3000.0,2,C[C@@H]1CN(c2ncnc3[nH]c(-c4ccncc4)cc23)CCN1C(=O)NCc1ccc(F)cc1,Ki
CHEMBL5818936,5.259637310505756,5500.0,1,Cn1cc(-c2cc3c(N4CCC(NS(=O)(=O)c5ccc(F)cc5)CC4)ncnc3[nH]2)cn1,Ki
CHEMBL5818961,7.259637310505756,55.0,3,CC[C@H](NC(=O)C1CN(c2ncnn3cc(-c4cnn(CC(C)(C)O)c4)cc23)C1)c1ccc(Cl)cc1,IC50
CHEMBL5819347,5.1399203482970215,52750.0,2,C[C@H](NC(=O)N1CCN(c2ncnc3[nH]c(-c4ccc(Cl)cc4)cc23)C[C@H]1C)c1ccc(F)cc1,Ki
CHEMBL5820465,6.301029995663981,500.0,2,COc1ccc(-c2[nH]c(C3(C)CCN(c4ncnc5[nH]c(-c6ccc(F)cc6)cc45)CC3)nc2C)cc1,Ki
CHEMBL5820508,3.9788107009300617,105000.0,1,O=C(Nc1ccc(C(F)(F)F)cc1)NC1CCN(c2ncnc3[nH]ccc23)CC1,Ki
CHEMBL5820799,3.9788107009300617,105000.0,1,Cc1cc(Cl)ccc1-c1cc2cc(NC(=O)c3[nH]nc(C)c3C)cnc2[nH]1,Ki
CHEMBL5821127,5.259637310505756,5500.0,2,CCOc1ccc(-c2[nH]c(C3CCN(c4ncnc5[nH]c(C)cc45)CC3)nc2C)cc1C,Ki
CHEMBL5821314,7.259637310505756,55.0,3,CC(C)(O)c1ccc(-c2cc3c(N4CC(C(=O)Nc5ccc(Br)cc5)C4)ncnn3c2)cc1,IC50
CHEMBL5821439,3.9788107009300617,105000.0,1,Cc1ncc(-c2cc3c(N4CCC(NS(=O)(=O)c5ccc(OC(F)(F)F)cc5)CC4)ncnc3[nH]2)s1,Ki
CHEMBL5821499,6.301029995663981,500.0,2,COc1ccc(-c2[nH]c(C3(C)CCN(c4ncnc5[nH]c(-c6ccc(C(N)=O)cc6)cc45)CC3)nc2C)cc1F,Ki
CHEMBL5821588,6.301029995663981,500.0,1,C[C@H](NC(=O)N1CCN(c2ncnc3[nH]c(-c4ccc(C#N)cc4)cc23)C[C@H]1C)c1cccc(OC(F)F)c1,Ki
CHEMBL5821645,4.619224005717909,55250.0,2,COc1ccc(S(=O)(=O)Nc2ccc(-c3ncnc4[nH]c(C)cc34)cc2)cc1F,Ki
CHEMBL5822093,5.780333653084869,3000.0,2,C[C@H](NC(=O)N1CCN(c2ncnc3[nH]c(-c4ccc(F)cc4)cc23)C[C@H]1C)c1cccc(OC(F)F)c1,Ki
CHEMBL5822776,6.301029995663981,500.0,2,CCc1ccc(-c2[nH]c(C3CCN(c4ncnc5[nH]c(-c6ccc(F)cc6)cc45)CC3)nc2C)cc1,Ki
CHEMBL5823065,7.560667306169737,27.5,1,COc1ccc(COc2ccc(Nc3ccc4ncc(NC(C)C)nc4c3C#N)cc2OC)cc1,Ki
CHEMBL5823207,6.301029995663981,500.0,2,COc1ccc(-c2[nH]c(C3(C)CCN(c4ncnc5[nH]c(-c6ccc(C(N)=O)cc6)cc45)CC3)nc2C)cc1C,Ki
CHEMBL5823360,7.356547323513812,44.0,1,Cc1nnc(-c2cncc(-c3ccnc(Nc4cc(NC(=O)c5ccc(CN6CCN(C)CC6)cc5)ccc4C)n3)c2)o1,Ki
CHEMBL5823565,8.259637310505756,5.5,1,Cn1cc(-c2cc3c(N4CCN(c5ncc([C@](C)(O)c6ccccc6)cn5)CC4)ncnn3c2)cn1,IC50
CHEMBL5824335,5.259637310505756,5500.0,2,Cc1cc2c(-c3ccc(NS(=O)(=O)c4ccc(Cl)cc4)c(F)c3)ncnc2[nH]1,Ki
CHEMBL5825099,6.759637310505756,302.5,2,Cc1ccc(CNC(=O)C2CN(c3ncnn4cc(-c5cn(C)nc5C)cc34)C2)cc1,IC50
CHEMBL5825273,5.780333653084869,3000.0,2,CC(C)(NC(=O)N1CC=C(c2ncnc3cc(-c4ccc(F)cc4)sc23)CC1)c1ccccc1,Ki
CHEMBL5825366,6.759637310505756,302.5,2,COc1cc2c(N3CCN(c4ncc(Br)cn4)CC3)ncnc2cc1OCCCN1CCCC1,IC50
CHEMBL5825382,8.259637310505756,5.5,1,C[C@@H]1CN(c2ncnn3cc(-c4cnn(C)c4)cc23)CCN1c1ncc(Cc2ccccc2)cn1,IC50
CHEMBL5825647,6.301029995663981,500.0,2,CCOc1ccc(-c2[nH]c(C3(C)CCN(c4ncnc5[nH]c(-c6ccc(OCC(=O)O)cc6)cc45)CC3)nc2C)cc1,Ki
CHEMBL5825743,3.9788107009300617,105000.0,1,O=C(Nc1ccc(Cl)cc1)NC1CCN(c2ncnc3[nH]ccc23)CC1,Ki
CHEMBL5826072,3.9788107009300617,105000.0,1,CCc1ccc(C(=O)NC2CCN(c3ncnc4[nH]ccc34)CC2)cc1,Ki
CHEMBL5826384,6.560667306169737,275.0,1,COc1ccc(COc2ccc(Nc3ccc4ncc(N5CCC(N6CCOCC6)CC5)nc4c3C#N)cc2OC)cn1,Ki
CHEMBL5826508,6.759637310505756,302.5,2,COc1ccc2ncnc(N3CCN(c4ncc(Cc5ccccc5)cn4)[C@H](C)C3)c2c1,IC50
CHEMBL5826516,6.259637310505756,550.0,1,COc1cc2ncnc(N3CCN(c4ncc(OCc5ccccc5)cn4)C(C)C3)c2cc1OC,IC50
CHEMBL5826809,7.759637310505756,30.25,2,COc1cc2ncnc(N3CCN(c4ncc(Cc5ccccc5)cn4)CC3)c2cc1OC1CCN(CCO)CC1,IC50
CHEMBL5826926,8.036212172654444,9.2,1,Cc1ccc(NC(=O)c2ccc(CN3CCN(C)CC3)cc2)cc1Nc1nccc(-c2cncc(C3=NN=C(C(=O)N4CCCC4)C3)c2)n1,Ki
CHEMBL5826995,8.259637310505756,5.5,1,C[C@](O)(c1ccc(F)cc1)c1cnc(N2CCN(c3ncnn4cc(-c5ccc(F)cc5)cc34)CC2)nc1,IC50
CHEMBL5827208,4.619224005717909,55250.0,2,C[C@@H]1CN(c2ncnc3[nH]c(-c4ccc(F)cc4)cc23)CCN1C(=O)N[C@H](C)c1ccc(Cl)cc1,Ki
CHEMBL5827369,3.9788107009300617,105000.0,1,Cc1n[nH]c(C(=O)Nc2cnc3[nH]c(-c4ccccc4)nc3c2)c1Cl,Ki
CHEMBL5828026,6.301029995663981,500.0,1,Cc1ccc(S(=O)(=O)NC2CCN(c3ncnc4[nH]c(-c5cn(C)nc5C)cc34)CC2)cc1,Ki
CHEMBL5828116,3.9788107009300617,105000.0,2,Cc1cc2c(-c3ccc(NS(=O)(=O)c4ccc(OC(C)C)cc4)cc3)ncnc2[nH]1,Ki
CHEMBL5828280,6.259637310505756,550.0,3,C[C@H](NC(=O)C1(C)CN(c2ncnn3cc(-c4cnn(C)c4)cc23)C1)c1ccc(Cl)cc1,IC50
CHEMBL5828462,6.301029995663981,500.0,2,CCOc1cccc(NC(=O)N2CCN(c3ncnc4[nH]c(-c5cccnc5)cc34)CC2)c1,Ki
CHEMBL5828731,5.1399203482970215,52750.0,2,C[C@H](NC(=O)N1CCN(c2ncnc3cc(-c4ccc(F)cc4)sc23)CC1(C)C)c1ccc(F)cc1,Ki
CHEMBL5829389,7.560667306169737,27.5,1,COc1ccc(COc2ccc(Nc3ccc4ncc(N5CCN(C)CC5)nc4c3C#N)cc2OC)cc1,Ki
CHEMBL5829430,7.759637310505756,30.25,2,COc1cc2ncnc(N3CCN(c4ncc(Cc5ccccc5)cn4)CC3)c2cc1OCCN1CCNCC1,IC50
CHEMBL5829519,7.759637310505756,30.25,2,COc1cc2ncnc(N3CCN(c4ncc(Cc5ccc(C)cc5)cn4)C(=O)C3)c2cc1OC,IC50
CHEMBL5829558,7.259637310505756,55.0,3,CC(C)(C)OC(=O)N1CC=C(c2cc3c(N4CC(C)(C(=O)N[C@@H](CCO)c5ccc(Cl)cc5)C4)ncnn3c2)CC1,IC50
CHEMBL5829667,3.9788107009300617,105000.0,1,Cc1n[nH]c(C(=O)Nc2cnc(Nc3ccccc3)nc2)c1C,Ki
CHEMBL5830276,7.259637310505756,55.0,1,Cc1ccc(CNC(=O)C2CN(c3ncnn4cc(-c5cnn(C6CCC6)c5)cc34)C2)cc1,IC50
CHEMBL5830576,5.780333653084869,3000.0,2,COc1cc(-c2cc3c(N4CCN(C(=O)N[C@@H](C)c5cccc(OC(F)F)c5)C(C)(C)C4)ncnc3[nH]2)ccn1,Ki
CHEMBL5830744,4.619224005717909,55250.0,2,O=C(NCc1ccc(F)cc1)N1CCN(c2ncnc3[nH]cc(CC4CC4)c23)CC1,Ki
CHEMBL5830765,8.259637310505756,5.5,3,Cn1cc(-c2cc3c(N4CCN(c5ncc([C@@](C)(N)c6ccc(F)cc6)cn5)CC4)ccnn3c2)cn1,IC50
CHEMBL5831076,7.259637310505756,55.0,1,Cc1ccc(CNC(=O)C2CN(c3ncnn4cc(-c5ccc(C(C)(C)N)cc5)cc34)C2)cc1,IC50
CHEMBL5831087,6.759637310505756,302.5,2,COC(=O)N1CC=C(c2cc3c(N4CC(OC)(C(=O)NCc5ccc(C)cc5)C4)ncnn3c2)CC1,IC50
CHEMBL5831432,5.1399203482970215,52750.0,2,Cc1n[nH]c2ncnc(-c3ccc(NS(=O)(=O)c4ccc(C(F)(F)F)nc4)cc3)c12,Ki
CHEMBL5832122,6.301029995663981,500.0,2,Cc1ccc(-c2cc3c(N4CCC(c5nc(C)c(-c6ccccc6)[nH]5)CC4)ncnc3[nH]2)cn1,Ki
CHEMBL5833369,5.1399203482970215,52750.0,2,C[C@H](NC(=O)N1CCN(c2ncnc3[nH]c(-c4ccc(C#N)cc4)cc23)C[C@H]1C)c1ccc(F)cc1,Ki
CHEMBL5833843,5.780333653084869,3000.0,2,COc1ccc(-c2[nH]c(C3(C)CCN(c4ncnc5[nH]c(-c6ccc(C#N)nc6)cc45)CC3)nc2C)cc1F,Ki
CHEMBL5834205,3.9788107009300617,105000.0,2,Cc1n[nH]c(C(=O)Nc2cnc3[nH]c(-c4cccc(N(C)C)c4)cc3c2)c1C,Ki
CHEMBL5834351,3.9788107009300617,105000.0,1,Cc1n[nH]c(C(=O)Nc2cnc3[nH]c(-c4cccc(C(=O)NCC(C)C)c4)cc3c2)c1C,Ki
CHEMBL5834399,5.780333653084869,3000.0,2,Cc1nn(C)cc1-c1cc2ncnc(C3CCN(C(=O)NCc4ccc(F)cc4)CC3)c2s1,Ki
CHEMBL5834428,6.301029995663981,500.0,2,Cc1nn(C)cc1-c1cc2c(N3CCC(NS(=O)(=O)c4ccc(OC(F)(F)F)cc4)CC3)ncnc2[nH]1,Ki
CHEMBL5834516,7.259637310505756,55.0,3,COC1(C(=O)NCc2ccc(C)cc2)CN(c2ncnn3cc(-c4ccc(S(C)(=O)=O)cc4)cc23)C1,IC50
CHEMBL5834635,8.585026652029182,2.6,1,Cn1cc(-c2cc(Oc3ccc(NC(=O)N4CCC5(CCCC5)C4=O)nc3)ccn2)cn1,IC50
CHEMBL5834782,6.301029995663981,500.0,2,CCOc1ccc(-c2[nH]c(C3(C)CCN(c4ncnc5[nH]c(-c6ccc(C(N)=O)cc6)cc45)CC3)nc2C)cc1C,Ki
CHEMBL5835108,5.780333653084869,3000.0,2,O=C(Nc1ccc(F)cc1)N1CCN(c2ncnc3[nH]c(-c4ccccc4)cc23)CC1,Ki
CHEMBL5835165,6.301029995663981,500.0,2,CCOc1ccc(-c2[nH]c(C3(C)CCN(c4ncnc5[nH]c(-c6ccc(OC)nc6)cc45)CC3)nc2C)cc1F,Ki
CHEMBL5835198,5.780333653084869,3000.0,2,Cc1cc2c(N3CCC(C)(c4nc(C)c(-c5ccc(F)cc5)[nH]4)CC3)ncnc2[nH]1,Ki
CHEMBL5835386,6.259637310505756,550.0,2,Cc1ccc(CNC(=O)C2CN(c3ncnn4cc(-c5ccc(=O)n(C)c5)cc34)C2)cc1,IC50
CHEMBL5835895,6.301029995663981,500.0,1,COc1cccc([C@H](C)NC(=O)N2CCN(c3ncnc4[nH]c(-c5ccc(C#N)cc5)cc34)CC2)c1,Ki
CHEMBL5836157,5.780333653084869,3000.0,2,COc1ccc(-c2[nH]c(C3(C)CCN(c4ncnc5[nH]nc(C)c45)CC3)nc2C)cc1F,Ki
CHEMBL5836405,7.560667306169737,27.5,1,COc1ccc(COc2ccc(Nc3ccc4ncc(N5CCC5)nc4c3C#N)cc2OC)cc1,Ki
CHEMBL5836478,5.780333653084869,3000.0,2,CNC(=O)c1cccc(-c2cc3c(N4CCC(c5nc(C)c(-c6ccccc6)[nH]5)CC4)ncnc3[nH]2)c1,Ki
CHEMBL5836498,6.759637310505756,302.5,2,COc1cc2c(N3CCN(c4ncc(Cc5ccccc5)cn4)CC3)ncnc2cc1OCCCN1CCCCC1,IC50
CHEMBL5836933,3.9788107009300617,105000.0,1,CC(C)(C)c1cc2ncnc(N3CCN(C(=O)NCc4ccc(F)cc4)CC3)c2s1,Ki
CHEMBL5837641,6.301029995663981,500.0,2,CCOc1ccc(-c2[nH]c(C3CCN(c4ncnc5[nH]c(-c6ccc(F)cc6)cc45)CC3)nc2C)cc1C,Ki
CHEMBL5837818,6.301029995663981,500.0,2,CC(C)Oc1ccc(S(=O)(=O)NC2CCN(c3ncnc4[nH]c(-c5cnn(C)c5)cc34)CC2)cc1,Ki
CHEMBL5837829,8.259637310505756,5.5,1,Cn1cc(-c2cc3c(N4CCN(c5ncc([C@](O)(c6ccc(F)cc6)C6CC6)cn5)CC4)ncnn3c2)cn1,IC50
CHEMBL5837927,5.780333653084869,3000.0,2,Cc1ccc2sc(S(=O)(=O)NC3CCN(c4ncnc5[nH]c(-c6cnn(C)c6)cc45)CC3)cc2c1,Ki
CHEMBL5838112,3.9788107009300617,105000.0,2,Cc1cc2c(-c3ccc(NS(=O)(=O)c4cc(F)cc(F)c4)cc3F)ncnc2[nH]1,Ki
CHEMBL5838130,7.259637310505756,55.0,3,CC[C@H](NC(=O)C1(C)CN(c2ncnn3cc(-c4ccc(S(C)(=O)=O)cc4)cc23)C1)c1ccc(Cl)cc1,IC50
CHEMBL5838310,8.130768280269024,7.4,1,Cc1ccc(NC(=O)c2ccc(CN3CCN(C)CC3)cc2)cc1Nc1nccc(-c2cncc(C3=NN=C(C(=O)Nc4[nH]ncc4C)C3)c2)n1,Ki
CHEMBL5838520,6.301029995663981,500.0,1,CCC(NC(=O)N1CCN(c2ncnc3[nH]c(-c4ccncc4)cc23)CC1C)c1ccccc1,Ki
CHEMBL5839635,6.759637310505756,302.5,2,C[C@H](NC(=O)C1CN(c2ncnn3cc(-c4cnn(CC(C)(C)O)c4)cc23)C1)c1ccc(Cl)cc1,IC50
CHEMBL5839783,7.259637310505756,55.0,1,COc1cc2ncnc(N3CCN(c4ncc(Cc5ccccc5)c(=O)[nH]4)CC3)c2cc1OCC1CN(C)CCO1,IC50
CHEMBL5840081,5.780333653084869,3000.0,2,Cc1cc2c(-c3ccc(NS(=O)(=O)c4ccc(Cl)cc4F)cc3F)ncnc2[nH]1,Ki
CHEMBL5840142,6.759637310505756,302.5,2,CC[C@H](NC(=O)C1CN(c2ncnn3cc(-c4cnn([C@H](C)[C@H](C)O)c4)cc23)C1)c1ccc(Cl)cc1,IC50
CHEMBL5840160,6.301029995663981,500.0,2,Cc1nn(C)cc1-c1cc2c(N3CCC(c4nc(C)c(-c5ccccc5)[nH]4)CC3)ncnc2[nH]1,Ki
CHEMBL5840324,6.259637310505756,550.0,3,COC[C@H](NC(=O)C1CN(c2ncnn3cc(-c4cnn(C)c4)cc23)C1)c1ccc(Cl)cc1,IC50
CHEMBL5840372,4.619224005717909,55250.0,2,COc1cc(-c2cc3c(N4CCN(C(=O)NCc5ccc(F)cc5)CC4)ncnc3[nH]2)ccn1,Ki
CHEMBL5840421,8.259637310505756,5.5,1,COc1cc2ncnc(N3CCN(c4ncc(Cc5ccccc5)cn4)CC3)c2cc1OCC1CN(C)C1,IC50
CHEMBL584052,6.721246399047171,190.0,1,O=C1Nc2ccccc2-c2ccnc3[nH]cc(c23)C1c1ccc(O)cc1,Ki
CHEMBL5840967,3.9788107009300617,105000.0,1,Cc1n[nH]c(C(=O)Nc2cnc3[nH]c(-c4cccc(N5CCN(C(=O)C6CC6)CC5)c4)cc3c2)c1C,Ki
CHEMBL5841070,5.259637310505756,5500.0,1,Cc1cc2c(C3=CCC(NS(=O)(=O)c4ccc(OC(C)C)cc4)CC3)ncnc2[nH]1,Ki
CHEMBL5841131,3.9788107009300617,105000.0,1,Cc1n[nH]c(C(=O)Nc2cnc3[nH]c(-c4cncc(C#N)c4)cc3c2)c1C,Ki
CHEMBL5841227,4.619224005717909,55250.0,2,Cc1n[nH]c(C(=O)Nc2cnc3[nH]c(-c4ccc(F)cc4)cc3c2)c1Cl,Ki
CHEMBL5841403,7.886056647693163,13.0,1,Cc1ccc(NC(=O)c2ccc(CN3CCN(C)CC3)cc2)cc1Nc1nccc(-c2cncc(-c3sncc3C)c2)n1,Ki
CHEMBL5841619,6.759637310505756,302.5,2,Cc1ccc([C@H](C)NC(=O)C2CN(c3ncnn4cc(-c5cnn(C)c5)cc34)C2)cc1,IC50
CHEMBL5842138,6.301029995663981,500.0,2,O=S(=O)(Nc1ccc(-c2ncnc3[nH]c(-c4ccc(F)cc4)cc23)cc1)c1ccc(F)cc1,Ki
CHEMBL5842226,5.1399203482970215,52750.0,2,COc1ccc(-c2cc3c(N4CCN(C(=O)Nc5ccc(OC(F)(F)F)cc5)CC4)ncnc3[nH]2)cn1,Ki
CHEMBL5842230,6.301029995663981,500.0,2,Cc1nc(C2(C)CCN(c3ncnc4[nH]c(-c5ccc(F)cc5)cc34)CC2)[nH]c1-c1ccc(Cl)cc1,Ki
CHEMBL5842241,7.259637310505756,55.0,1,Cn1cc(-c2cc3ncnc(N4CCN(c5ncc(C(C)(C)c6ccc(F)cc6)cn5)CC4)n3n2)cn1,IC50
CHEMBL5842393,6.301029995663981,500.0,2,COc1cccc(-c2[nH]c(C3(C)CCN(c4ncnc5[nH]c(-c6ccc(C#N)cc6)cc45)CC3)nc2C)c1,Ki
CHEMBL5842859,5.1399203482970215,52750.0,2,Cc1nc(C)c(-c2cc3ncnc(N4CCN(C(=O)N[C@@H](C)c5cccc(Cl)c5)C(C)(C)C4)c3s2)s1,Ki
CHEMBL5842861,5.780333653084869,3000.0,2,COCCOc1cc2ncnc(-c3ccc(NS(=O)(=O)c4ccc(OC(F)F)cc4)cc3F)c2cc1OCCOC,Ki
CHEMBL5842919,3.9788107009300617,105000.0,2,N#Cc1ccc(NC(=O)N2CCN(c3ncnc4[nH]ccc34)CC2)cc1,Ki
CHEMBL5843086,3.9788107009300617,105000.0,2,Cc1cc2c(-c3ccc(NS(=O)(=O)c4ccc(OC(F)F)cc4)cc3)ncnc2[nH]1,Ki
CHEMBL5843556,6.259637310505756,550.0,1,COc1cc2ncnc(N3CCN(c4ncc(C(=O)Nc5ccccc5)cn4)CC3)c2cc1OC,IC50
CHEMBL5843916,5.780333653084869,3000.0,2,COc1cc2ncnc(-c3ccc(NS(C)(=O)=O)cc3F)c2cc1OC,Ki
CHEMBL5844106,6.301029995663981,500.0,1,O=S(=O)(NCc1ccccc1)c1ccc(-c2ncnc3cc(-c4ccc(F)cc4)sc23)cc1,Ki
CHEMBL5844141,5.780333653084869,3000.0,2,COCCOc1cc2ncnc(-c3ccc(NS(=O)(=O)c4cccc(F)c4)cc3F)c2cc1OCCOC,Ki
CHEMBL5844509,5.780333653084869,3000.0,2,COc1cc(-c2cc3c(N4CCC(c5nc(C)c(-c6ccc(C(F)(F)F)cc6)[nH]5)CC4)ncnc3[nH]2)ccn1,Ki
CHEMBL5844890,5.780333653084869,3000.0,4,COc1cc2c(-c3ccc(NS(C)(=O)=O)cc3F)ncnc2cc1OCCCN1CCCCC1,Ki
CHEMBL5845089,6.259637310505756,550.0,3,Cn1cc(-c2cc3c(N4CC(C(=O)Nc5ccc(C(C)(C)C#N)cc5)C4)ncnn3c2)cn1,IC50
CHEMBL5845166,6.560667306169737,275.0,1,COCCN1CCN(c2cnc3ccc(Nc4ccc(OCc5ccc(OC)nc5)c(OC)c4)c(C#N)c3n2)CC1,Ki
CHEMBL5845320,7.560667306169737,27.5,1,COc1cc(Nc2ccc3ncc(N4CCOCC4)nc3c2C#N)ccc1OCc1ccc(N(C)C)nc1,Ki
CHEMBL5845412,7.259637310505756,55.0,3,Cc1ccc(CNC(=O)C2CN(c3ncnn4cc(-c5ccc6c(c5)OCCO6)cc34)C2)cc1,IC50
CHEMBL5845579,8.259637310505756,5.5,1,Cn1cc(-c2cc3c(N4CCN(c5ncc([C@](C)(N)c6ccccc6)cn5)CC4)ncnn3c2)cn1,IC50
CHEMBL5845747,6.301029995663981,500.0,2,Cc1nc(C2CCN(c3ncnc4[nH]c(-c5cccc(NS(C)(=O)=O)c5)cc34)CC2)[nH]c1-c1ccccc1,Ki
CHEMBL5845788,7.259637310505756,55.0,3,Cc1ccc(CNC(=O)C2(CN(C)C)CN(c3ncnn4cc(-c5cnn(C)c5)cc34)C2)cc1,IC50
CHEMBL5845868,6.301029995663981,500.0,1,O=S(=O)(Nc1ccc(-c2ncnc3[nH]c(-c4ccc(F)cc4F)cc23)c(F)c1)c1ccc(F)cc1,Ki
CHEMBL5845930,5.259637310505756,5500.0,1,CCCS(=O)(=O)Nc1ccc(-c2ncnc3cc(OC)c(OC)cc23)cc1F,Ki
CHEMBL5846361,7.560667306169737,27.5,1,COc1cc(Nc2ccc3ncc(N4CCOCC4)nc3c2C#N)ccc1OCc1ccc(OC(F)(F)F)cc1,Ki
CHEMBL5846402,3.9788107009300617,105000.0,1,COc1ccncc1-c1cc2cc(NC(=O)c3[nH]nc(C)c3C)cnc2[nH]1,Ki
CHEMBL5847395,5.259637310505756,5500.0,2,O=C(NS(=O)(=O)c1ccc(Cl)cc1)N1CCN(c2ncnc3[nH]c(-c4ccc(F)cc4)cc23)CC1,Ki
CHEMBL5848604,7.259637310505756,55.0,3,Cc1ccc(CC(=O)NC2CN(c3ncnn4cc(-c5cnn(CC(C)(C)O)c5)cc34)C2)cc1,IC50
CHEMBL5848624,8.259637310505756,5.5,1,C[C@@](O)(c1ccc(F)cc1)c1cnc(N2CCN(c3ncnn4cc(-c5cn[nH]c5)cc34)CC2)nc1,IC50
CHEMBL5849004,6.259637310505756,550.0,1,Cc1ccc(CNC(=O)C2CN(c3ncnn4cc(-c5cnn(C[C@H](C)O)c5)cc34)C2)cc1,IC50
CHEMBL5849270,6.259637310505756,550.0,1,Cc1ccc([C@H](C)NC(=O)C2CN(c3ncnn4cc(-c5ccc(C(C)(C)O)cc5)cc34)C2)cc1,IC50
CHEMBL5849559,6.759637310505756,302.5,2,COc1cc2ncnc(N3CCN(c4ncc(N5CCc6ccccc65)cn4)CC3)c2cc1OC,IC50
CHEMBL5849606,5.259637310505756,5500.0,1,O=C(NCc1cccc(OC(F)F)c1)N1CCN(c2ncnc3[nH]c(-c4ccc(Cl)cc4)cc23)CC1,Ki
CHEMBL5849870,5.259637310505756,5500.0,1,CC(C)(C)OC(=O)N1CCN(c2ncnc3[nH]c(-c4cccnc4)cc23)CC1,Ki
CHEMBL5849992,7.560667306169737,27.5,1,CCOc1ccc(COc2ccc(Nc3ccc4ncc(OC)nc4c3C#N)cc2OC)cc1,Ki
CHEMBL5850311,3.9788107009300617,105000.0,1,O=C(NCc1ccccc1)N1CCN(c2ncnc3cc(Br)sc23)CC1,Ki
CHEMBL5850397,3.9788107009300617,105000.0,2,Cc1n[nH]c(C(=O)Nc2cnc3[nH]c(C4=CCOCC4)cc3c2)c1C,Ki
CHEMBL5851197,7.759637310505756,30.25,2,COc1cc2ncnc(N3CCN(c4ncc(Cc5ccccc5)cn4)CC3)c2cc1OCCN1CCN(C)CC1,IC50
CHEMBL5851572,7.259637310505756,55.0,3,Cn1cc(-c2cc3c(N4CC(C(=O)Nc5ccc(OC(F)(F)F)cc5)C4)ncnn3c2)cn1,IC50
CHEMBL5851611,8.259637310505756,5.5,1,C[C@@H](c1ccc(F)cc1)c1cnc(N2CCN(c3ncnn4cc(-c5cnn(C)c5)cc34)C[C@H]2CO)nc1,IC50
CHEMBL5851816,5.780333653084869,3000.0,2,COc1ncc(-c2nc(C3(C)CCN(c4ncnc5[nH]c(C)cc45)CC3)[nH]c2C)cc1F,Ki
CHEMBL5851896,6.301029995663981,500.0,1,COc1cc(-c2cc3c(N4CCN(C(=O)N[C@@H](C)c5cccc(Cl)c5)[C@H](C)C4)ncnc3[nH]2)ccn1,Ki
CHEMBL5852120,6.301029995663981,500.0,2,CCOc1ccc(-c2[nH]c(C3(C)CCN(c4ncnc5[nH]c(C)cc45)CC3)nc2C)cc1C,Ki
CHEMBL5852527,5.259637310505756,5500.0,2,C[C@H]1CN(c2ncnc3[nH]c(-c4ccncc4)cc23)CCN1C(=O)Nc1ccc(Cl)cc1,Ki
CHEMBL5852559,5.780333653084869,3000.0,2,COc1cc([C@H](C)NC(=O)N2CCN(c3ncnc4[nH]c(-c5ccc(F)cc5)cc34)C[C@H]2C)ccc1Cl,Ki
CHEMBL5852658,6.259637310505756,550.0,3,Cn1cc(-c2cc3c(N4CC(NC(=O)C(O)c5ccc(Cl)cc5Cl)C4)ncnn3c2)cn1,IC50
CHEMBL5852790,6.759637310505756,302.5,2,CC[C@H](NC(=O)C1CN(c2ncnn3cc(C4=CCN(S(C)(=O)=O)CC4)cc23)C1)c1ccc(Cl)cc1,IC50
CHEMBL5852923,5.780333653084869,3000.0,2,CC(C)(C)OC(=O)N1CC=C(c2cc3ncnc(N4CCN(C(=O)NCc5ccc(F)cc5)CC4)c3s2)CC1,Ki
CHEMBL5853141,6.759637310505756,302.5,2,COc1cc2ncnc(N3CCN(c4ncc(OCc5ccsc5)cn4)CC3)c2cc1OC,IC50
CHEMBL5853318,5.780333653084869,3000.0,2,Cc1nc(C2CCN(c3ncnc4[nH]c(-c5ccc(S(N)(=O)=O)cc5)cc34)CC2)[nH]c1-c1ccccc1,Ki
CHEMBL5853547,7.560667306169737,27.5,1,COc1cc(N(C)c2ccc3ncc(N4CCOCC4)nc3c2C#N)ccc1OCc1ccc(C2CC2)nc1,Ki
CHEMBL5854043,7.259637310505756,55.0,1,Cc1ccc(-c2cc3c(N4CCN(c5ncc([C@](C)(O)c6ccc(F)cc6)cn5)CC4)ncnn3c2)s1,IC50
CHEMBL5854082,6.759637310505756,302.5,2,Cc1ccc([C@H](C)NC(=O)C2CN(c3ncnn4cc(-c5cnn(CC(C)(C)O)c5)cc34)C2)cc1,IC50
CHEMBL5854220,6.301029995663981,500.0,2,Nc1ccc(-c2ncnc3[nH]c(-c4ccc(F)cc4)cc23)cc1,Ki
CHEMBL5854299,3.9788107009300617,105000.0,2,Cc1[nH]nc(C(=O)Nc2cnc3[nH]c(C4=CCN(C(=O)C5CC5)CC4)cc3c2)c1Cl,Ki
CHEMBL5854370,6.759637310505756,302.5,2,COc1cc2ncnc(N3CCN(c4ncc(Nc5ccccc5C)cn4)CC3)c2cc1OC,IC50
CHEMBL5854528,3.9788107009300617,105000.0,2,N#Cc1cccc(-c2cc3c(N4CCN(C(=O)Nc5ccc(OC(F)(F)F)cc5)CC4)ncnc3[nH]2)c1,Ki
CHEMBL5854780,7.259637310505756,55.0,3,C[C@H](NC(=O)C1CN(c2ncnn3cc(-c4cnn(C(C)(C)C)c4)cc23)C1)c1ccc(F)cc1,IC50
CHEMBL5855012,6.301029995663981,500.0,2,C[C@H](NC(=O)N1CCN(c2ncnc3[nH]c(-c4cnn(C)c4)cc23)C[C@H]1C)c1ccc(F)cc1,Ki
CHEMBL5855105,6.759637310505756,302.5,2,Cc1ccc(CNC(=O)C2CN(c3ncnn4cc(-c5ccc(N)nc5)cc34)C2)cc1,IC50
CHEMBL5855251,5.780333653084869,3000.0,2,Cc1n[nH]c2ncnc(-c3ccc(NS(=O)(=O)c4cccc(Cl)c4)cc3)c12,Ki
CHEMBL5855311,7.259637310505756,55.0,2,COc1cc2ncnc(N3CCN(c4ncc(Nc5ccc(Cl)cc5)cn4)CC3)c2cc1OC,IC50
CHEMBL5856293,6.301029995663981,500.0,2,Cc1nc(C2(C)CCN(c3ncnc4[nH]c(-c5cnn(C(F)F)c5)cc34)CC2)[nH]c1-c1ccc(OC(F)F)cc1,Ki
CHEMBL5856401,5.780333653084869,3000.0,2,C[C@H](NC(=O)N1CCN(c2ncnc3cc(N4CCOCC4)sc23)CC1(C)C)c1cccc(Cl)c1,Ki
CHEMBL5856645,6.301029995663981,500.0,1,CC(NC(=O)N1CCN(c2ncnc3[nH]c(-c4ccncc4)cc23)C[C@@H]1C)c1ccc(F)cc1,Ki
CHEMBL585666,6.6020599913279625,250.0,1,Cn1c(=O)c(-c2c(Cl)cccc2Cl)cc2cnc(Nc3ccc(OC4OC(CO)C(O)C(O)C4O)cc3)nc21,IC50
CHEMBL5857107,6.759637310505756,302.5,2,COc1cc2ncnc(N3CCN(c4ncc(N5CCCc6ccccc65)cn4)CC3)c2cc1OC,IC50
CHEMBL5857108,5.259637310505756,5500.0,2,Cc1cc2c(-c3ccc(NS(=O)(=O)c4cccc(F)c4)cc3F)ncnc2[nH]1,Ki
CHEMBL5857213,5.259637310505756,5500.0,1,CCc1ccc(NC(=O)N2CCN(c3ncnc4[nH]ccc34)CC2)cc1,Ki
CHEMBL5857439,8.259637310505756,5.5,1,Cn1cc(-c2cc3c(N4CCN(c5ncc([C@H](N)c6ccccc6)cn5)CC4)ncnn3c2)cn1,IC50
CHEMBL5857441,6.759637310505756,302.5,2,COc1cc2ncnc(N3CCN(c4ncc(Cc5cccc(C#N)c5)cn4)CC3)c2cc1OC,IC50
CHEMBL5857518,3.9788107009300617,105000.0,1,CCOc1ccc(NC(=O)NC2CCN(c3ncnc4[nH]ccc34)CC2)cc1,Ki
CHEMBL5857998,5.780333653084869,3000.0,2,Cc1nn(C)cc1-c1cc2ncnc(N3CCN(C(=O)N[C@@H](C)c4cccc(F)c4)[C@H](C)C3)c2s1,Ki
CHEMBL5858162,7.920818753952375,12.0,1,Cc1ccc(NC(=O)c2ccc(CN3CCNCC3)cc2)cc1Nc1nccc(-c2cncc(-c3ccccn3)c2)n1,Ki
CHEMBL5858296,3.9788107009300617,105000.0,1,Cc1n[nH]c(C(=O)Nc2cnc3[nH]c(-c4ccc(OCC5(C)COC5)cc4)cc3c2)c1C,Ki
CHEMBL5858509,6.301029995663981,500.0,2,CCOc1ccc(-c2[nH]c(C3(C)CCN(c4ncnc5[nH]c(-c6cnn(C(F)F)c6)cc45)CC3)nc2C)cc1,Ki
CHEMBL5858517,6.759637310505756,302.5,2,Cc1ccc(CNC(=O)C2CN(c3ncnn4cc(-c5ccc(N6CCCC6=O)cc5)cc34)C2)cc1,IC50
CHEMBL5858624,7.259637310505756,55.0,1,Cn1cc(-c2cc3c(N4CCN(c5ncc([C@](C)(O)c6ccc(F)cn6)cn5)CC4)ncnn3c2)cn1,IC50
CHEMBL5858635,4.619224005717909,55250.0,2,O=C(Nc1cnc2[nH]c(-c3ccccc3)cc2c1)c1ncccc1F,Ki
CHEMBL5858670,6.759637310505756,302.5,2,COC1(C(=O)NCc2ccc(C)cc2)CN(c2ncnn3cc(-c4ccc(C(C)(C)O)cc4)cc23)C1,IC50
CHEMBL5858976,6.301029995663981,500.0,1,Cc1nn(C)cc1-c1cc2ncnc(N3CC4CCC3CN4C(=O)N[C@H](C)c3ccc(F)cc3)c2s1,Ki
CHEMBL5859078,4.619224005717909,55250.0,2,COc1ccc(S(=O)(=O)Nc2ccc(-c3ncnc4[nH]c(-c5ccc(F)cc5)cc34)cc2F)cc1,Ki
CHEMBL5859200,6.759637310505756,302.5,2,CC[C@H](NC(=O)C1CN(c2ncnn3cc(C4=CCN(C(=O)OC)CC4)cc23)C1)c1ccc(Cl)cc1,IC50
CHEMBL5859381,7.560667306169737,27.5,1,COc1cc(Nc2ccc3ncc(C4=CCOCC4)nc3c2C#N)ccc1OCc1ccc(C)nc1,Ki
CHEMBL5859569,7.259637310505756,55.0,3,Cc1ccc([C@H](C)NC(=O)C2CN(c3ncnn4cc(-c5ccc(OC(C)(C)C)cc5)cc34)C2)cc1,IC50
CHEMBL5859797,6.259637310505756,550.0,3,CC(C(=O)NC1CN(c2ncnn3cc(-c4cnn(C)c4)cc23)C1)c1ccc(Cl)cc1,IC50
CHEMBL5860292,7.560667306169737,27.5,1,COc1cc(Nc2ccc3ncc(N4CCOCC4)nc3c2C#N)ccc1OCc1ccco1,Ki
CHEMBL5860577,6.759637310505756,302.5,2,CC(C)n1cc(-c2cc3c(N4CC(C(=O)N[C@@H](C)c5ccc(Cl)cc5)C4)ncnn3c2)cn1,IC50
CHEMBL5860598,3.9788107009300617,105000.0,1,O=S(=O)(c1ccccc1)N1CCN(c2ncnc3[nH]ccc23)CC1,Ki
CHEMBL5860661,6.301029995663981,500.0,2,Cc1nc(C2(C)CCN(c3ncnc4[nH]c(-c5ccc(OCC(=O)O)cc5)cc34)CC2)[nH]c1-c1ccc(OC(F)F)cc1,Ki
CHEMBL5860848,6.259637310505756,550.0,3,C[C@H](NC(=O)C1CN(c2ncnn3cc(-c4ccc(N)nc4)cc23)C1)c1ccc(F)cc1,IC50
CHEMBL5861207,6.301029995663981,500.0,2,Fc1ccc(-c2cc3c(N4CCC(c5nc(C6CC6)c(-c6ccccc6)[nH]5)CC4)ncnc3[nH]2)cc1,Ki
CHEMBL5861496,3.9788107009300617,105000.0,1,CS(=O)(=O)Nc1ccccc1-c1ncnc2[nH]c(-c3ccc(F)cc3)cc12,Ki
CHEMBL5861837,6.301029995663981,500.0,2,Cn1cc(-c2cc3c(N4CCN(C(=O)Nc5ccc(OC(F)(F)F)cc5)CC4)ncnc3[nH]2)cn1,Ki
CHEMBL5861959,6.301029995663981,500.0,2,Cc1nc(C2(C)CCN(c3ncnc4[nH]c(-c5ccc(C#N)cc5)cc34)CC2)[nH]c1-c1ccc(Cl)cc1,Ki
CHEMBL5861992,3.9788107009300617,105000.0,1,Cc1n[nH]c(C(=O)Nc2cnc3c(c2)cc(C2=CCN(C(=O)N4CCOCC4)CC2)n3S(=O)(=O)c2ccccc2)c1C,Ki
CHEMBL5862079,6.301029995663981,500.0,2,C[C@H](NC(=O)N1CCN(c2ncnc3[nH]c(-c4ccc(C#N)cc4)cc23)CC1(C)C)c1cccc(Cl)c1,Ki
CHEMBL5862615,3.9788107009300617,105000.0,1,Cc1n[nH]c(C(=O)Nc2cnc3[nH]nc(C)c3c2)c1C,Ki
CHEMBL5862791,8.259637310505756,5.5,1,Cn1cc(-c2cc3c(N4CCN(c5ncc([C@H](O)c6ccc(F)cc6)cn5)CC4)ncnn3c2)cn1,IC50
CHEMBL5862931,3.9788107009300617,105000.0,1,COc1cc2ncnc(-c3ccc(S(=O)(=O)NC4CC4)cc3)c2cc1OC,Ki
CHEMBL5863453,8.259637310505756,5.5,1,C[C@](O)(c1ccc(F)cc1)c1cnc(N2CCN(c3ncnn4cc(-c5cccc(F)c5)cc34)CC2)nc1,IC50
CHEMBL5863483,6.301029995663981,500.0,2,Cc1ccc(-c2[nH]c(C3CCN(c4ncnc5[nH]c(-c6ccc(C#N)cc6)cc45)CC3)nc2C)cc1,Ki
CHEMBL5863513,5.259637310505756,5500.0,1,Cc1n[nH]c(C(=O)Nc2cnc3[nH]c(N4CCCC4)cc3c2)c1C,Ki
CHEMBL5863527,6.759637310505756,302.5,2,CC[C@H](NC(=O)C1CN(c2ncnn3cc(-c4ccc([C@@H](O)CO)cc4)cc23)C1)c1ccc(Cl)cc1,IC50
CHEMBL5863593,6.759637310505756,302.5,2,Cc1ccc([C@H](CCN)NC(=O)C2CN(c3ncnn4cc(-c5cnn(C)c5)cc34)C2)cc1,IC50
CHEMBL5863602,6.301029995663981,500.0,2,COc1cc(-c2cc3c(N4CCC(c5nc(C)c(-c6ccccc6)[nH]5)CC4)ncnc3[nH]2)ccn1,Ki
CHEMBL5863655,6.759637310505756,302.5,2,COc1cc2ncnc(N3CCN(c4ncc(Cc5ccccc5C)cn4)CC3)c2cc1OC,IC50
CHEMBL5863749,6.259637310505756,550.0,3,C[C@H](NC(=O)C1CN(c2ncnn3cc(-c4ccc5c(c4)OCCO5)cc23)C1)c1ccc(F)cc1,IC50
CHEMBL5863953,6.301029995663981,500.0,2,Cn1cc(-c2cc3c(N4CCN(C(=O)NCc5ccc(Cl)cc5)CC4)ncnc3[nH]2)cn1,Ki
CHEMBL5863979,4.619224005717909,55250.0,2,C[C@@H]1CN(c2ncnc3cc(-c4ccc(F)cc4)sc23)CCN1C(=O)N[C@H](C)c1ccc(F)cc1,Ki
CHEMBL5863994,5.259637310505756,5500.0,1,O=C(Nc1cnc2[nH]c(-c3ccc(F)cc3)cc2c1)c1cc(C(F)F)n[nH]1,Ki
CHEMBL5864048,6.259637310505756,550.0,1,CC(C)(O)c1ccc(-c2cc3c(N4CC(NC(=O)Cc5ccc(Cl)cc5Cl)C4)ncnn3c2)cc1,IC50
CHEMBL5864209,4.619224005717909,55250.0,2,O=S(=O)(NCC1CC1)c1ccc(-c2ncnc3[nH]c(-c4ccc(F)cc4)cc23)c(F)c1,Ki
CHEMBL5864585,6.259637310505756,550.0,3,COc1ccc(-c2cc3c(N4CC(C(=O)NCc5ccc(C)cc5)C4)ncnn3c2)c(F)c1,IC50
CHEMBL5864761,9.187086643357144,0.65,1,C[C@](N)(c1ccc(F)cc1)c1cnc(N2CCN(c3ncnn4cc(-c5cnn(C6CC(O)C6)c5)cc34)CC2)nc1,IC50
CHEMBL5864800,6.301029995663981,500.0,2,Cc1nn(C)cc1-c1cc2c(N3CCC(NS(=O)(=O)c4ccc(Cl)cc4)CC3)ncnc2[nH]1,Ki
CHEMBL5865022,6.259637310505756,550.0,3,Cc1cc(C#N)ccc1NC(=O)C1CN(c2ncnn3cc(-c4cnn(C)c4)cc23)C1,IC50
CHEMBL5865127,4.619224005717909,55250.0,2,COc1ccc([C@@H](C)NC(=O)N2CCN(c3ncnc4[nH]c(-c5ccc(F)cc5)cc34)C[C@H]2C)cc1,Ki
CHEMBL5865201,7.759637310505756,30.25,2,COc1cc2ncnc(N3CCN(c4ncc(Oc5ccc(F)cc5)cn4)CC3)c2cc1OCC1CCN(C)CC1,IC50
CHEMBL5865518,6.259637310505756,550.0,1,Cc1ccc(CNC(=O)C2CN(c3ncnn4cc(C5=CCN(C(=O)C(C)(C)C)CC5)cc34)C2)cc1,IC50
CHEMBL5865591,3.9788107009300617,105000.0,2,COc1ccc(CNS(=O)(=O)c2ccc(-c3ncnc4[nH]c(-c5ccc(F)cc5)cc34)cc2)cc1,Ki
CHEMBL5865730,5.780333653084869,3000.0,2,O=S(=O)(Nc1ccc(-c2ncnc3[nH]c(-c4ccc(NSC5CC5)cc4)cc23)cc1)C1CC1,Ki
CHEMBL5865799,7.560667306169737,27.5,1,COc1cc(Nc2ccc3ncc(N4CC(N(C)C)C4)nc3c2C#N)ccc1OCc1ccc(C)nc1,Ki
CHEMBL5865840,6.301029995663981,500.0,2,Cc1nc(C2CCN(c3ncnc4[nH]c(-c5ccc(F)cc5)cc34)CC2)[nH]c1-c1ccc2c(c1)OCO2,Ki
CHEMBL5866114,8.259637310505756,5.5,1,COc1cc2ncnc(N3CC4CCC(C3)N4c3ncc(Cc4ccccc4)cn3)c2cc1OCC1CNCCO1,IC50
CHEMBL5866248,5.780333653084869,3000.0,2,CN(C)c1ccc(-c2cc3c(N4CCN(C(=O)Nc5ccc(OC(F)(F)F)cc5)CC4)ncnc3[nH]2)cn1,Ki
CHEMBL5866259,7.560667306169737,27.5,2,COc1ccc(COc2ccc(Nc3ccc4ncc(N(C)C)nc4c3C#N)cc2OC)cc1,Ki
CHEMBL5866438,7.259637310505756,55.0,1,Cc1cc(F)ccc1[C@](C)(O)c1cnc(N2CCN(c3ncnn4cc(-c5cnn(C)c5)cc34)CC2)nc1,IC50
CHEMBL5866711,6.259637310505756,550.0,3,CC[C@H](NC(=O)C1CN(c2ncnn3cc(-c4ccc(N)nc4)cc23)C1)c1ccc(Cl)cc1,IC50
CHEMBL5866912,7.259637310505756,277.75,2,Cc1ccc([C@H](C)NCC2CN(c3ncnn4cc(-c5cnn(C)c5)cc34)C2)cc1,IC50
CHEMBL5866925,5.780333653084869,3000.0,2,Cc1ccc(S(=O)(=O)Nc2ccc(-c3ncnc4[nH]cc(C)c34)cc2)cc1,Ki
CHEMBL5866948,5.259637310505756,5500.0,1,Cn1cc(-c2cc3c(N4CCC(NS(=O)(=O)c5ccc(OC(F)(F)F)cc5)CC4)ncnc3[nH]2)cn1,Ki
CHEMBL5867017,7.259637310505756,55.0,2,Cn1cc(-c2cc3c(N4CC(C(=O)NCc5ccc(Cl)cc5Cl)C4)ncnn3c2)cn1,IC50
CHEMBL5867330,5.259637310505756,5500.0,1,Cc1ccc(NC(=O)N2CCN(c3ncnc4[nH]c(-c5ccncc5)cc34)C[C@@H]2C)cn1,Ki
CHEMBL5867337,5.780333653084869,3000.0,2,COc1ccc(S(=O)(=O)Nc2ccc(-c3ncnc4cc(OC)c(OCCCN5CCOCC5)cc34)c(F)c2)cc1,Ki
CHEMBL5867357,5.780333653084869,3000.0,2,CCOC(=O)N1CCN(c2cc3ncnc(N4CCN(C(=O)N[C@@H](C)c5cccc(OC)c5)C(C)(C)C4)c3s2)CC1,Ki
CHEMBL5867578,3.9788107009300617,105000.0,2,Cc1n[nH]c(C(=O)Nc2cnc3[nH]c(-c4cnn(C5CCNCC5)c4)cc3c2)c1C,Ki
CHEMBL5867647,6.759637310505756,302.5,2,COc1cc2ncnc(N3CCN(c4ncc(Nc5cccnc5)cn4)CC3)c2cc1OC,IC50
CHEMBL5868055,3.9788107009300617,105000.0,2,Cc1n[nH]c(C(=O)Nc2cnc3[nH]c(-c4c(C)n[nH]c4C)cc3c2)c1C,Ki
CHEMBL5868355,5.780333653084869,3000.0,2,COc1cccc([C@H](C)NC(=O)N2CCN(c3ncnc4[nH]c(-c5ccc(Cl)cc5)cc34)C[C@H]2C)c1,Ki
CHEMBL5868381,6.301029995663981,500.0,2,Cc1nc(C2CCN(c3ncnc4[nH]c(-c5ccc(C(N)=O)cc5)cc34)CC2)[nH]c1-c1ccccc1,Ki
CHEMBL5868460,6.259637310505756,550.0,1,Cc1ccc(CNC(=O)C2CN(c3ncnn4cc(-c5ccc(C(C)(C)O)cc5)cc34)C2)cc1,IC50
CHEMBL5869522,5.259637310505756,5500.0,2,C[C@H](NC(=O)N1CCN(c2ncnc3cc(-c4ccc(F)cc4)sc23)C[C@H]1C)c1cccc(F)c1,Ki
CHEMBL5869535,6.560667306169737,275.0,1,COc1cc(Nc2ccc3ncc(N4CCOCC4)nc3c2C#N)ccc1OCc1ccncc1,Ki
CHEMBL5869659,5.259637310505756,5500.0,2,C[C@H](NC(=O)N1CCN(c2ncnc3[nH]c(-c4ccc(Cl)cc4)cc23)C[C@H]1C)c1ccc(Cl)cc1,Ki
CHEMBL5869779,5.06246936830415,75250.0,2,COc1cc(-c2cc3c(N4CCC(c5nc(C)c(-c6ccc(C)c(OC)c6)[nH]5)CC4)ncnc3[nH]2)ccn1,Ki
CHEMBL5869814,6.301029995663981,500.0,2,Cc1nc(C2CCN(c3ncnc4[nH]c(-c5ccc(C#N)cc5)cc34)CC2)[nH]c1-c1ccc(OC(C)C)cc1,Ki
CHEMBL5869846,6.259637310505756,550.0,1,Cc1ccc(CNC(=O)C2CN(c3ncnn4cc(-c5ccc(C6(O)CCOC6)cc5)cc34)C2)cc1,IC50
CHEMBL5870102,6.301029995663981,500.0,2,Cc1nc(C2CCN(c3ncnc4[nH]c(-c5cnn(C)c5)cc34)CC2)[nH]c1-c1ccccc1,Ki
CHEMBL5870253,6.301029995663981,500.0,1,C[C@H](NC(=O)N1CCN(c2ncnc3[nH]c(-c4ccc(C#N)cc4)cc23)CC1)c1ccc(F)cc1,Ki
CHEMBL5870386,5.780333653084869,3000.0,2,Cn1cc(-c2cc3c(N4CCC(NS(=O)(=O)c5cc(Cl)cs5)CC4)ncnc3[nH]2)cn1,Ki
CHEMBL5870403,6.301029995663981,500.0,2,COc1cccc(-c2[nH]c(C3CCN(c4ncnc5[nH]c(-c6ccc(C#N)cc6)cc45)CC3)nc2C)c1,Ki
CHEMBL5870585,7.560667306169737,27.5,1,COc1ccc(COc2ccc(Nc3ccc4ncc(N5CCOCC5)nc4c3C#N)cc2OC)cc1OC,Ki
CHEMBL5870906,7.259637310505756,55.0,3,Cc1ccc(CNC(=O)C2CN(c3ncnn4cc(-c5ccc(F)c(C(C)(C)O)c5)cc34)C2)cc1,IC50
CHEMBL5870982,6.301029995663981,500.0,2,COc1ncc(-c2[nH]c(C3(C)CCN(c4ncnc5[nH]c(-c6ccc(C#N)cc6)cc45)CC3)nc2C)cc1F,Ki
CHEMBL5871348,5.259637310505756,5500.0,1,O=C(NCc1cccc(OC(F)F)c1)N1CCN(c2ncnc3[nH]c(-c4ccc(F)cc4)cc23)CC1,Ki
CHEMBL5871531,7.560667306169737,27.5,1,COc1ccc(COc2ccc(Nc3ccc4ncc(N5CCOCC5)nc4c3C#N)cc2)cc1,Ki
CHEMBL5871610,5.780333653084869,3000.0,2,Cc1n[nH]c2ncnc(-c3ccc(NS(=O)(=O)c4ccc(F)cc4)cc3)c12,Ki
CHEMBL5871880,5.259637310505756,5500.0,2,O=S(=O)(Nc1cccc(-c2ncnc3[nH]c(-c4ccc(F)cc4)cc23)c1)C1CC1,Ki
CHEMBL5872059,5.1399203482970215,52750.0,2,COc1cc(-c2cc3c(C4=CCC(NS(=O)(=O)c5ccc(OC(F)(F)F)cc5)CC4)ncnc3[nH]2)ccn1,Ki
CHEMBL5872519,3.9788107009300617,105000.0,1,Cc1ccc(S(=O)(=O)Nc2cccc(-c3ncnc4[nH]c(-c5ccc(F)cc5)cc34)c2)cc1,Ki
CHEMBL5873029,5.780333653084869,3000.0,2,Cc1nn(C)cc1-c1cc2ncnc(N3CCN(C(=O)NCc4ccc(F)cc4)[C@H](C)C3)c2s1,Ki
CHEMBL5873068,5.259637310505756,5500.0,2,Cc1cc2c(-c3ccc(NS(=O)(=O)c4cccc(Cl)c4)cc3F)ncnc2[nH]1,Ki
CHEMBL5873349,3.9788107009300617,105000.0,2,Cc1nn(C2COC2)cc1-c1cc2cc(NC(=O)c3[nH]nc(C)c3C)cnc2[nH]1,Ki
CHEMBL5873364,5.780333653084869,3000.0,2,COc1cccc([C@H](C)NC(=O)N2CCN(c3ncnc4cc(N5CCOCC5)sc34)CC2(C)C)c1,Ki
CHEMBL5873828,5.1399203482970215,52750.0,2,NC(=O)c1cccc(-c2cc3c(N4CCN(C(=O)Nc5ccc(OC(F)(F)F)cc5)CC4)ncnc3[nH]2)c1,Ki
CHEMBL5874000,7.560667306169737,27.5,1,COc1cc(Nc2ccc3ncc(N4CC(C)(OC)C4)nc3c2C#N)ccc1OCc1ccc(C)nc1,Ki
CHEMBL5874032,6.259637310505756,550.0,3,Cc1ccc(CNC(=O)C2CN(c3ncnn4cc(-c5cn(C)cn5)cc34)C2)cc1,IC50
CHEMBL5874085,3.9788107009300617,105000.0,2,Cc1n[nH]c(C(=O)Nc2cnc3[nH]c(-c4ccnc(C(C)C)c4)cc3c2)c1C,Ki
CHEMBL5874101,6.560667306169737,275.0,1,COc1ccc(COc2ccc(Nc3ccc4ncc(N5CCOCC5)nc4c3C#N)cc2OC)cc1C#N,Ki
CHEMBL5874115,5.780333653084869,3000.0,2,Cc1csc(S(=O)(=O)Nc2ccc(-c3ncnc4[nH]c(C)cc34)cc2)c1,Ki
CHEMBL5874140,6.259637310505756,550.0,3,CC[C@H](NC(=O)C1(C)CN(c2ncnn3cc(-c4cnn5c4CCC5)cc23)C1)c1ccc(Cl)cc1,IC50
CHEMBL5874159,5.259637310505756,5500.0,1,Cc1n[nH]c(C(=O)Nc2cnc3[nH]c(I)cc3c2)c1C,Ki
CHEMBL5874186,6.759637310505756,302.5,2,COCCOc1ccc(-c2cc3c(N4CC(C(=O)NCc5ccc(C)cc5)C4)ncnn3c2)cc1,IC50
CHEMBL5874188,6.301029995663981,500.0,2,COCc1cc(-c2[nH]c(C3(C)CCN(c4ncnc5[nH]c(C)cc45)CC3)nc2C)ccc1C,Ki
CHEMBL5874331,7.259637310505756,55.0,1,COc1ccc(-c2cc3c(N4CCN(c5ccccc5)CC4)ncnn3c2)cc1OC,IC50
CHEMBL5874452,5.780333653084869,3000.0,2,Cc1nc(C2CCN(c3ncnc4[nH]c(-c5ccc(C#N)cc5)cc34)CC2)[nH]c1-c1ccc(OC(F)F)cc1,Ki
CHEMBL5874727,3.9788107009300617,105000.0,1,CCCNC(=O)NC1CCN(c2ncnc3[nH]ccc23)CC1,Ki
CHEMBL5874730,5.1399203482970215,52750.0,2,O=S(=O)(Nc1ccc(-c2ncnc3[nH]c(-c4ccc(F)cc4F)cc23)c(F)c1)C1CC1,Ki
CHEMBL5874861,3.9788107009300617,105000.0,1,O=S(=O)(NC1CCN(c2ncnc3[nH]c(-c4cc(Cl)cs4)cc23)CC1)c1ccc(OC(F)(F)F)cc1,Ki
CHEMBL5874930,5.1399203482970215,52750.0,2,COc1cccc([C@H](C)NC(=O)N2C3CCC2CN(c2ncnc4cc(-c5ccc(F)cc5)sc24)C3)c1,Ki
CHEMBL5875216,6.560667306169737,275.0,1,COc1ccc(COc2ccc(Nc3ccc4ncc(N5CCNCC5)nc4c3C#N)cc2OC)cn1,Ki
CHEMBL5875391,6.301029995663981,500.0,2,CNC(=O)c1ccc(-c2cc3c(N4CCC(C)(c5nc(C)c(-c6ccc(OC)c(C)c6)[nH]5)CC4)ncnc3[nH]2)cn1,Ki
CHEMBL5875497,5.780333653084869,3000.0,2,COc1cccc(CNC(=O)N2CCN(c3ncnc4[nH]c(-c5ccc(F)cc5)cc34)CC2)c1,Ki
CHEMBL5875797,5.780333653084869,3000.0,2,C[C@@H]1CN(c2ncnc3[nH]c(-c4ccncc4)cc23)CCN1C(=O)NCc1cccc(Cl)c1,Ki
CHEMBL5875985,5.259637310505756,5500.0,1,C[C@H](NC(=O)N1CCN(c2ncnc3cc(-c4ccc(F)cc4)sc23)CC1(C)C)c1cccc(F)c1,Ki
CHEMBL5876470,6.259637310505756,550.0,3,C[C@H](NC(=O)C1CN(c2ncnn3cc(-c4ccc(N5CCCC5=O)cc4)cc23)C1)c1ccc(F)cc1,IC50
CHEMBL5876731,8.259637310505756,5.5,1,C[C@H](O)Cn1cc(-c2cc3c(N4CCN(c5ncc(Sc6ccccc6F)cn5)CC4)ncnn3c2)cn1,IC50
CHEMBL5876775,6.301029995663981,500.0,2,COc1ccc(-c2[nH]c(C3(C)CCN(c4ncnc5[nH]c(-c6ccc(C#N)cc6)cc45)CC3)nc2C)cn1,Ki
CHEMBL5876826,9.187086643357144,0.65,1,C[C@](N)(c1ccc(F)cc1)c1cnc(N2CCN(c3ncnn4cc(-c5cnn([C@H]6CC[C@@H]6O)c5)cc34)CC2)nc1,IC50
CHEMBL5876907,6.301029995663981,500.0,2,Cc1nc(C2(C)CCN(c3ncnc4[nH]c(-c5ccc(C(N)=O)cc5)cc34)CC2)[nH]c1-c1ccc(OC(F)F)cc1,Ki
CHEMBL5877096,6.259637310505756,550.0,3,Cc1ccc(CNC(=O)C2CN(c3ncnn4cc(-c5cnn(C)c5)cc34)C2)cc1F,IC50
CHEMBL5877228,6.301029995663981,500.0,2,O=C(N1CC=C(c2cc3ncnc(-c4ccc(NS(=O)(=O)c5ccc(F)cc5)cc4)c3s2)CC1)N1CCOCC1,Ki
CHEMBL5877321,5.259637310505756,5500.0,1,CCCn1cc(S(=O)(=O)NC2CCN(c3ncnc4[nH]c(-c5cnn(C)c5)cc34)CC2)cn1,Ki
CHEMBL5877635,6.259637310505756,550.0,3,Cc1ccc(CNC(=O)C2CN(c3ncnn4cc(/C=C/c5ccccn5)cc34)C2)cc1,IC50
CHEMBL5877683,6.301029995663981,500.0,2,COc1ccc(-c2[nH]c(C3(C)CCN(c4ncnc5[nH]c(-c6ccc(C#N)nc6)cc45)CC3)nc2C)cc1C,Ki
CHEMBL5877941,5.780333653084869,3000.0,2,CCc1ccc(S(=O)(=O)Nc2ccc(-c3ncnc4[nH]c(C)cc34)c(F)c2)cc1,Ki
CHEMBL5877945,3.9788107009300617,105000.0,1,Cc1n[nH]c(C(=O)Nc2cnc3[nH]c(Cl)cc3c2)c1C,Ki
CHEMBL5877994,6.259637310505756,550.0,3,Cn1cc(-c2cc3c(N4CC(NC(=O)Cc5c[nH]c6ccccc56)C4)ncnn3c2)cn1,IC50
CHEMBL5878095,6.301029995663981,500.0,2,Cc1nc(C2(C)CCN(c3ncnc4[nH]c(-c5cnn(C(F)F)c5)cc34)CC2)[nH]c1-c1ccc(C(F)F)cc1,Ki
CHEMBL5878201,6.301029995663981,500.0,2,COc1ccc(-c2[nH]c(C3(C)CCN(c4ncnc5[nH]c(-c6ccc(C#N)cc6)cc45)CC3)nc2C)cc1,Ki
CHEMBL5878360,6.759637310505756,302.5,2,Cn1cc(-c2cc3c(N4CC(C(=O)N[C@@H](CCO)c5ccc(Cl)cc5)C4)ncnn3c2)cn1,IC50
CHEMBL5878615,7.259637310505756,55.0,3,Cn1cc(-c2cc3c(N4CC(C(=O)Nc5ccc(Br)cc5)C4)ncnn3c2)cn1,IC50
CHEMBL5878682,3.9788107009300617,105000.0,1,Cc1ccc(-c2cc3cc(NC(=O)c4[nH]nc(C)c4C)cnc3[nH]2)c(C)c1,Ki
CHEMBL5878768,8.259637310505756,5.5,1,CC[C@](O)(c1ccc(F)cc1)c1cnc(N2CCN(c3ncnn4cc(-c5cnn(C)c5)cc34)CC2)nc1,IC50
CHEMBL5878935,6.301029995663981,500.0,2,COc1cccc(-c2[nH]c(C3CCN(c4ncnc5[nH]c(-c6ccc(C#N)cc6)cc45)CC3)nc2C(F)(F)F)c1,Ki
CHEMBL5878952,5.1399203482970215,52750.0,2,COc1ccc([C@H](C)NC(=O)N2CCN(c3ncnc4cc(-c5ccc(F)cc5)sc34)CC2(C)C)cc1,Ki
CHEMBL5879022,5.259637310505756,5500.0,2,Cc1cc2c(-c3ccc(NS(=O)(=O)c4ccc(Cl)cc4)cc3F)ncnc2[nH]1,Ki
CHEMBL5879032,3.9788107009300617,105000.0,1,Cc1cc(C(=O)Nc2cnc3[nH]c(N4CCOCC4)cc3c2)[nH]n1,Ki
CHEMBL5879068,6.301029995663981,500.0,2,COc1ccc(-c2[nH]c(C3CCN(c4ncnc5[nH]c(-c6ccnc(OC)c6)cc45)CC3)nc2C(F)(F)F)cc1,Ki
CHEMBL5879486,4.619224005717909,55250.0,2,Cc1n[nH]c(C(=O)Nc2cnc(Nc3cccc(NS(=O)(=O)c4ccccc4)c3)nc2)c1C,Ki
CHEMBL5879750,6.759637310505756,302.5,2,COc1cc2ncnc(N3CCN(c4ncc(OC(C)c5ccccc5)cn4)CC3)c2cc1OC,IC50
CHEMBL5880070,3.9788107009300617,105000.0,1,CC(=O)Nc1ccc(-c2ncnc3cc(-c4ccc(F)cc4)sc23)cc1,Ki
CHEMBL5880217,6.301029995663981,500.0,2,COc1ccc(-c2[nH]c(C3(C)CCN(c4ncnc5[nH]c(-c6ccc(C#N)cc6)cc45)CC3)nc2C)cc1C,Ki
CHEMBL5880452,5.780333653084869,3000.0,2,C[C@@H]1CN(c2ncnc3[nH]c(-c4ccncc4)cc23)CCN1C(=O)Nc1ccc(N(C)C)cc1,Ki
CHEMBL5880461,6.560667306169737,275.0,1,COc1cc(Nc2ccc3ncc(N4CCOCC4)nc3c2C#N)ccc1OCc1cccc(F)c1,Ki
CHEMBL5880557,4.619224005717909,55250.0,2,Cc1n[nH]c(C(=O)Nc2cnc3[nH]c(-c4ccccc4C(F)(F)F)cc3c2)c1C,Ki
CHEMBL5880931,5.259637310505756,5500.0,2,COc1ccc(-c2[nH]c(C3CCN(c4ncnc5[nH]c(C)cc45)CC3)nc2C)cc1,Ki
CHEMBL5881345,6.301029995663981,500.0,2,Cc1nc(C2CCN(c3ncnc4[nH]c(-c5ccnc(OC(C)C)c5)cc34)CC2)[nH]c1-c1ccccc1,Ki
CHEMBL5881390,4.619224005717909,55250.0,2,CCc1ccc(S(=O)(=O)NC2CCN(c3ncnc4[nH]c(C)cc34)CC2)cc1,Ki
CHEMBL5881774,4.619224005717909,55250.0,2,O=S(=O)(Nc1ccc(-c2ncnc3[nH]c(-c4ccc(F)cc4)cc23)cc1F)c1ccc(F)cc1,Ki
CHEMBL5881957,6.301029995663981,500.0,2,C[C@H](NC(=O)N1CCN(c2ncnc3[nH]c(-c4cnn(C)c4)cc23)CC1)c1ccc(Cl)cc1,Ki
CHEMBL5882296,7.560667306169737,27.5,1,COc1cc(Nc2ccc3ncc(N4CCOCC4)nc3c2C#N)ccc1OCc1ccc(C)nc1,Ki
CHEMBL5882729,6.259637310505756,550.0,3,CC(C(=O)NC1CN(c2ncnn3cc(-c4cnn(C)c4)cc23)C1)c1ccc(Cl)cc1Cl,IC50
CHEMBL5882787,8.259637310505756,5.5,1,Cn1cc(-c2cc3c(N4CCN(c5ncc([C@H](N)c6ccc(F)cc6)cn5)CC4)ncnn3c2)cn1,IC50
CHEMBL5882811,4.619224005717909,55250.0,2,Cc1cc2c(-c3ccc(NS(=O)(=O)c4cccc(OC(F)(F)F)c4)cc3)ncnc2[nH]1,Ki
CHEMBL5882946,6.560667306169737,275.0,1,COc1cc(Nc2ccc3ncc(N4CCOCC4)nc3c2C#N)ccc1OCC1CC1,Ki
CHEMBL5883053,6.259637310505756,550.0,3,Cc1ccc(CNC(=O)C2(C(N)=O)CN(c3ncnn4cc(-c5cnn(C)c5)cc34)C2)cc1,IC50
CHEMBL5883188,8.259637310505756,5.5,1,Fc1ccccc1Sc1cnc(N2CCN(c3ncnn4cc(-c5cn[nH]c5)cc34)CC2)nc1,IC50
CHEMBL5883469,3.9788107009300617,105000.0,1,Cc1n[nH]c(C(=O)Nc2cnc3[nH]c(-c4ccc(Cl)cc4)cc3c2)c1C,Ki
CHEMBL5883555,3.9788107009300617,105000.0,1,O=S(=O)(Nc1ccc(-c2ncnc3[nH]c(-c4ccc(F)cc4)cc23)cc1F)N1CCCC1,Ki
CHEMBL5883630,3.9788107009300617,105000.0,2,O=C(NCc1ccc(F)cc1)N1CCN(c2ncnc3[nH]ccc23)CC1,Ki
CHEMBL5883763,6.759637310505756,302.5,2,Cc1ccc(CNC(=O)C2CN(c3ncnn4cc(-c5ccc(C(C)(C)C#N)cc5)cc34)C2)cc1,IC50
CHEMBL5884052,6.759637310505756,302.5,2,COc1cc2ncnc(N3CCN(c4ncc(NCc5ccccc5)cn4)CC3)c2cc1OC,IC50
CHEMBL5884176,6.301029995663981,500.0,2,COc1ccc(-c2cc3c(N4CCC(C)(c5nc(C)c(-c6cccc(OC(F)F)c6)[nH]5)CC4)ncnc3[nH]2)cn1,Ki
CHEMBL5884182,7.259637310505756,55.0,3,CC(C)n1cc(-c2cc3c(N4CC(C(=O)N[C@@H](C)c5ccc(F)cc5)C4)ncnn3c2)cn1,IC50
CHEMBL5884242,7.795880017344075,16.0,1,Cc1nnc(-c2cncc(-c3ccnc(Nc4cc(NC(=O)c5ccc(CN6CCN(C)CC6)cc5)ccc4C)n3)c2)s1,Ki
CHEMBL5884437,5.259637310505756,5500.0,1,O=C(Nc1cnc2[nH]c(I)cc2c1)c1cccc2n[nH]cc12,Ki
CHEMBL5884567,5.780333653084869,3000.0,2,C[C@H](NC(=O)N1CCN(c2ncnc3[nH]c(-c4ccc(F)cc4)cc23)CC1)c1cccc(N(C)C)c1,Ki
CHEMBL5884761,5.1399203482970215,52750.0,2,Cc1cc2c(N3CCN(C(=O)N[C@@H](C)c4cccc(OC(F)F)c4)[C@H](C)C3)ncnc2[nH]1,Ki
CHEMBL5884812,5.06246936830415,75250.0,2,Cc1nc(C2CCN(c3ncnc4[nH]c(-c5ccc(C#N)cc5)cc34)CC2)[nH]c1-c1ccc2c(c1)OC(F)(F)O2,Ki
CHEMBL5884865,5.780333653084869,3000.0,2,CCOc1ccc(-c2[nH]c(C3(CC)CCN(c4ncnc5[nH]c(C)cc45)CC3)nc2C)cc1C,Ki
CHEMBL5885145,5.259637310505756,5500.0,2,COc1cc(-c2[nH]c(C3CCN(c4ncnc5[nH]c(C)cc45)CC3)nc2C)ccc1C,Ki
CHEMBL5885186,7.560667306169737,27.5,1,COc1cc(Nc2ccc3ncc(N4CCOCC4)nc3c2C(N)=O)ccc1OCc1ccc(C)nc1,Ki
CHEMBL5885250,5.1399203482970215,52750.0,2,O=C(NCc1cccs1)N1CCN(c2ncnc3cc(-c4ccc(F)cc4)sc23)CC1,Ki
CHEMBL5885823,7.259637310505756,55.0,3,COC(=O)N1CC=C(c2cc3c(N4CC(C)(C(=O)NCc5ccc(Cl)cc5F)C4)ncnn3c2)CC1,IC50
CHEMBL5885863,4.619224005717909,55250.0,2,O=S(=O)(Nc1ccc(-c2ncnc3[nH]c(-c4cc(F)ccc4F)cc23)c(F)c1)C1CC1,Ki
CHEMBL5886106,6.560667306169737,275.0,1,C#CCOc1ccc(Nc2ccc3ncc(N4CCOCC4)nc3c2C#N)cc1OC,Ki
CHEMBL5886316,5.259637310505756,5500.0,1,COc1cccc([C@H](C)NC(=O)N2CC3CCC(C2)N3c2ncnc3cc(-c4ccc(F)cc4)sc23)c1,Ki
CHEMBL5886737,5.780333653084869,3000.0,2,Fc1ccc(-c2cc3c(N4CCC(c5nnc(-c6ccc(F)cc6)[nH]5)CC4)ncnc3[nH]2)cc1,Ki
CHEMBL5887276,6.759637310505756,302.5,2,Cc1ccc(CNC(=O)C2CN(c3ncnn4cc(-c5cc(C)cs5)cc34)C2)cc1,IC50
CHEMBL5887500,5.259637310505756,5500.0,1,COc1cccc(CNC(=O)N2CCN(c3ncnc4[nH]c(-c5ccc(F)cc5)cc34)CC2)n1,Ki
CHEMBL5887611,5.259637310505756,5500.0,1,COc1ccc(Cl)c(-c2cc3cc(NC(=O)c4[nH]nc(C)c4C)cnc3[nH]2)c1,Ki
CHEMBL5887749,5.259637310505756,5500.0,1,Cc1cc2c(-c3ccc(NS(=O)(=O)c4ccc(C(F)(F)F)cn4)cc3)ncnc2[nH]1,Ki
CHEMBL5888661,7.259637310505756,55.0,3,COC1(C(=O)NCc2ccc(C)cc2)CN(c2ncnn3cc(-c4ccc5c(c4)CNC5=O)cc23)C1,IC50
CHEMBL5888932,3.9788107009300617,105000.0,2,COc1cc(NC(=O)N2CCN(c3ncnc4[nH]cc(-c5ccccc5)c34)CC2)cc(OC)c1,Ki
CHEMBL5889210,7.560667306169737,27.5,1,COc1cc(Nc2ccc3ncc(N4CCOCC4)nc3c2C#N)ccc1OCc1ccc(C(C)C)nc1,Ki
CHEMBL5889427,4.619224005717909,55250.0,2,Cc1cc2c(-c3ccc(NS(=O)(=O)c4sc(C)nc4C)cc3)ncnc2[nH]1,Ki
CHEMBL5889471,4.619224005717909,55250.0,2,O=C(Nc1ccc(OC(F)(F)F)cc1)N1CCN(c2ncnc3[nH]c(C#CC4CC4)cc23)CC1,Ki
CHEMBL5889916,5.780333653084869,3000.0,2,Cc1cc2c(N3CCC(c4nc(C)c(-c5ccc6c(c5)OCCO6)[nH]4)CC3)ncnc2[nH]1,Ki
CHEMBL5890038,6.259637310505756,550.0,1,Cc1ccc(CNC(=O)C2CN(c3ncnn4cc(-c5ccc(S(C)(=O)=O)cc5)cc34)C2)cc1,IC50
CHEMBL5890682,5.780333653084869,3000.0,2,C[C@H](NC(=O)N1CCN(c2ncnc3[nH]c(-c4cccnc4)cc23)CC1)c1ccc(Cl)cc1,Ki
CHEMBL5890724,8.259637310505756,5.5,1,Cn1cc(-c2cc3c(N4CCN(c5ncc([C@](N)(c6ccc(F)cc6)C(F)F)cn5)CC4)ncnn3c2)cn1,IC50
CHEMBL5890739,3.9788107009300617,105000.0,1,Cc1csc(-c2cc3c(N4CCC(NS(=O)(=O)c5ccc(OC(F)(F)F)cc5)CC4)ncnc3[nH]2)c1,Ki
CHEMBL5890855,8.1249387366083,7.5,1,Cc1cc(NC(=O)C2=NN=C(c3cncc(-c4ccnc(Nc5cc(NC(=O)c6ccc(CN7CCN(C)CC7)cc6)ccc5C)n4)c3)C2)[nH]n1,Ki
CHEMBL5890902,6.301029995663981,500.0,2,Cc1nc(C2CCN(c3ncnc4[nH]c(-c5cnn(C(F)F)c5)cc34)CC2)[nH]c1-c1ccc(OC(F)(F)F)cc1,Ki
CHEMBL5891024,7.714442690992226,19.3,1,Cc1ccc(NC(=O)c2ccc(CN3CCN(C)CC3)cc2)cc1Nc1nccc(-c2cncc(C3=NN=C(C(=O)Nc4ncco4)C3)c2)n1,Ki
CHEMBL5891344,7.259637310505756,55.0,3,Cc1ccc(CNC(=O)C2CN(c3ncnn4cc(-c5ccc6c(c5)OC(C)(C)C6)cc34)C2)cc1,IC50
CHEMBL5891405,8.259637310505756,5.5,1,CC[C@H](c1ccc(F)cc1)c1cnc(N2CCN(c3ncnn4cc(-c5cnn(C)c5)cc34)CC2)nc1,IC50
CHEMBL5891571,8.259637310505756,5.5,1,Cn1cc(-c2cc3c(N4CCN(c5ncc([C@](O)(c6ccc(F)cc6)C(F)F)cn5)CC4)ncnn3c2)cn1,IC50
CHEMBL5891603,5.259637310505756,5500.0,2,Cc1cc2c(-c3ccc(NS(=O)(=O)c4cc(Cl)c(Cl)s4)cc3)ncnc2[nH]1,Ki
CHEMBL5891810,3.9788107009300617,105000.0,1,CCCS(=O)(=O)N1CCN(c2ncnc3[nH]ccc23)CC1,Ki
CHEMBL5891840,3.9788107009300617,105000.0,2,Cc1n[nH]c(C(=O)Nc2cnc3[nH]c(-c4cccc(CC(=O)O)c4)cc3c2)c1C,Ki
CHEMBL5891969,8.259637310505756,5.5,1,Cn1cc(-c2cc3c(N4CCN(c5ncc(C(C)(C)c6c(F)cc(F)cc6F)cn5)CC4)ncnn3c2)cn1,IC50
CHEMBL5892173,3.9788107009300617,105000.0,2,Cc1cc(-c2cc3cc(NC(=O)c4[nH]nc(C)c4C)cnc3[nH]2)ccc1C(=O)O,Ki
CHEMBL5892232,6.301029995663981,500.0,1,C[C@H](NC(=O)N1CCN(c2ncnc3[nH]c(-c4ccc(C#N)cc4)cc23)CC1)c1ccc(Cl)cc1,Ki
CHEMBL5892420,7.259637310505756,55.0,2,COc1cc2ncnc(N3CCN(c4ncc(Nc5ccc(F)cc5)cn4)CC3)c2cc1OC,IC50
CHEMBL5892844,5.780333653084869,3000.0,2,O=C(Nc1ccc(OC(F)(F)F)cc1)N1CCN(c2ncnc3[nH]c(-c4ccccc4F)cc23)CC1,Ki
CHEMBL5892846,6.259637310505756,550.0,1,Cc1ccc(CNC(=O)C2CN(c3ncnn4cc(-c5ccc(C6(O)CCC6)cc5)cc34)C2)cc1,IC50
CHEMBL5892985,5.780333653084869,3000.0,2,Cc1cc2c(N3CCC(C)(c4nc(C)c(-c5ccc6c(c5)OCO6)[nH]4)CC3)ncnc2[nH]1,Ki
CHEMBL5893222,7.259637310505756,55.0,3,CC[C@H](NC(=O)C1(C)CN(c2ncnn3cc(C4=CCN(C(=O)OC)CC4)cc23)C1)c1ccc(Cl)cc1,IC50
CHEMBL5893799,3.9788107009300617,105000.0,1,O=S(=O)(NC1CCN(c2ncnc3[nH]c(C#CC4CC4)cc23)CC1)c1ccc(Cl)cc1,Ki
CHEMBL5893984,7.259637310505756,55.0,1,Cc1ccc(-c2cc3c(N4CCN(c5ncc([C@@](C)(O)c6ccc(F)cc6)cn5)CC4)ncnn3c2)s1,IC50
CHEMBL5894254,3.9788107009300617,105000.0,1,O=C(NC1CCCC1)NC1CCN(c2ncnc3[nH]ccc23)CC1,Ki
CHEMBL5894442,5.780333653084869,3000.0,2,COc1ccc([C@H](C)NC(=O)N2CCN(c3ncnc4[nH]c(-c5ccc(F)cc5)cc34)C[C@H]2C)cc1,Ki
CHEMBL5894465,4.619224005717909,55250.0,2,COc1ccc([C@@H](C)NC(=O)N2CCN(c3ncnc4[nH]c(-c5ccc(Cl)cc5)cc34)C[C@H]2C)cc1,Ki
CHEMBL5894496,7.759637310505756,30.25,2,COc1cc2ncnc(N3CCN(c4ncc(Cc5ccccc5)cn4)CC3)c2cc1OC1CCN(CCO)C1,IC50
CHEMBL5894587,5.259637310505756,5500.0,2,Cn1cc(-c2cc3c(N4CCC(NS(=O)(=O)c5ccc(C6(C#N)CC6)cc5)CC4)ncnc3[nH]2)cn1,Ki
CHEMBL5895171,6.301029995663981,500.0,2,Cc1nc(C2CCN(c3ncnc4[nH]c(-c5cnn(C(F)F)c5)cc34)CC2)[nH]c1-c1ccc(OC(F)F)cc1,Ki
CHEMBL5895183,3.9788107009300617,105000.0,1,Cc1cc2c(N3CCC(NS(=O)(=O)c4ccc(OC(F)F)cc4)CC3)ncnc2[nH]1,Ki
CHEMBL5895244,4.619224005717909,55250.0,2,Cc1cc2c(-c3ccc(S(=O)(=O)Nc4ccc(F)cc4)c(F)c3)ncnc2[nH]1,Ki
CHEMBL5896127,8.259637310505756,5.5,1,C[C@H](c1ccc(F)cc1)c1cnc(N2CCN(c3ncnn4cc(-c5cnn(C)c5)cc34)C[C@H]2CO)nc1,IC50
CHEMBL5896139,6.259637310505756,550.0,3,C[C@H](NC(=O)C1CN(c2ncnn3cc(C4=CCN(S(C)(=O)=O)CC4)cc23)C1)c1ccc(F)cc1,IC50
CHEMBL5896335,6.301029995663981,500.0,2,Cc1ccc(S(=O)(=O)Nc2ccc(-c3ncnc4cc(C5=CCNCC5)sc34)cc2)cc1,Ki
CHEMBL5896407,6.301029995663981,500.0,2,CCOc1ccc(-c2[nH]c(C3(C)CCN(c4ncnc5[nH]c(-c6ccc(N7CCOCC7)nc6)cc45)CC3)nc2C)cc1C,Ki
CHEMBL5896465,4.619224005717909,55250.0,2,Cc1n[nH]c(C(=O)Nc2cnc3[nH]c(-n4cccn4)cc3c2)c1C,Ki
CHEMBL5896593,3.9788107009300617,105000.0,1,CCCC(=O)NC1CCN(c2ncnc3[nH]ccc23)CC1,Ki
CHEMBL5897664,6.259637310505756,550.0,2,C[C@H](NC(=O)C1CN(c2ncnn3cc(-c4cnn(CC(C)(C)O)c4)cc23)C1)c1ccc(F)cc1,IC50
CHEMBL5897681,6.759637310505756,302.5,2,CC(C)(O)c1ccc(C2=CN3C=CCN(N4CC(C(=O)NCc5ccc(Cl)cc5F)C4)N3C2)cc1,IC50
CHEMBL5897824,7.259637310505756,55.0,2,COc1cc2ncnc(N3CCN(c4ncc(Cc5ccccc5)cn4)CC3)c2cc1OC1CCN(C)C1,IC50
CHEMBL5898158,5.780333653084869,3000.0,2,C[C@H](NC(=O)N1CCN(c2ncnc3[nH]c(-c4ccc(F)cc4)cc23)CC1(C)C)c1ccc(Cl)cc1,Ki
CHEMBL5898264,6.759637310505756,302.5,2,COC(=O)N1CC=C(c2cc3c(N4CC(C)(C(=O)NCc5ccc(Cl)cc5)C4)ncnn3c2)CC1,IC50
CHEMBL5898634,6.301029995663981,500.0,1,C[C@H](NC(=O)N1CCN(c2ncnc3[nH]c(-c4ccc(F)cc4)cc23)CC1)c1cccc(C(F)(F)F)c1,Ki
CHEMBL5898709,6.301029995663981,500.0,2,Cn1cc(-c2cc3c(N4CCN(C(=O)Nc5ccc(OC(F)F)cc5)CC4)ncnc3[nH]2)cn1,Ki
CHEMBL5898964,5.259637310505756,5500.0,1,Cc1cc(C(=O)Nc2cnc3[nH]c(C#CCF)cc3c2)[nH]n1,Ki
CHEMBL5899081,6.259637310505756,550.0,1,Cc1ccc(CNC(=O)C2CN(c3ncnn4cc(-c5cnn(C6CCNC6)c5)cc34)C2)cc1,IC50
CHEMBL5899145,6.301029995663981,500.0,2,C[C@H](NC(=O)N1CCN(c2ncnc3cc(C4=CCN(C(=O)C5CC5)CC4)sc23)CC1(C)C)c1cccc(Cl)c1,Ki
CHEMBL5899726,3.9788107009300617,105000.0,1,Cc1n[nH]c(C(=O)Nc2cnc3[nH]c(-c4ccc(F)nc4)cc3c2)c1C,Ki
CHEMBL5899750,4.619224005717909,55250.0,2,C[C@H]1CN(c2ncnc3[nH]c(-c4ccncc4)cc23)CCN1,Ki
CHEMBL5899840,5.1399203482970215,52750.0,2,COc1cccc([C@H](C)NC(=O)N2CCN(c3ncnc4[nH]c(C)cc34)CC2)c1,Ki
CHEMBL5899861,3.9788107009300617,105000.0,2,Cc1n[nH]c(C(=O)Nc2cnc3[nH]c(-c4ccc(C5(C(=O)O)CC5)cc4)cc3c2)c1C,Ki
CHEMBL5900191,6.259637310505756,550.0,3,CC(C)(C)Oc1ccc(-c2cc3c(N4CC(C(=O)NCc5ccc(Cl)cc5)C4)ncnn3c2)cc1,IC50
CHEMBL5900738,8.259637310505756,5.5,1,COc1cc2ncnc(N3CCN(c4ncc(Cc5ccccc5)cn4)CC3)c2cc1OCC1CCCNC1,IC50
CHEMBL5900769,6.301029995663981,500.0,1,O=C(NCc1ccc(Cl)cc1)N1CCN(c2ncnc3[nH]c(-c4ccc(F)cc4)cc23)CC1,Ki
CHEMBL5900865,6.759637310505756,302.5,2,CC1(C(=O)NCc2ccc(Cl)cc2F)CN(c2ncnn3cc(-c4ccc(S(C)(=O)=O)cc4)cc23)C1,IC50
CHEMBL5900869,6.759637310505756,302.5,2,CC[C@H](NC(=O)C1CN(c2ncnn3cc(-c4cnn(C[C@@H](C)O)c4)cc23)C1)c1ccc(Cl)cc1,IC50
CHEMBL5900943,7.259637310505756,55.0,1,CO[C@@](C)(c1ccc(F)cc1)c1cnc(N2CCN(c3ncnn4cc(-c5cnn(C)c5)cc34)CC2)nc1,IC50
CHEMBL5901078,6.759637310505756,302.5,2,COc1ccc2ncnc(N3CCN(c4ncc(Cc5ccccc5)cn4)CC3)c2c1,IC50
CHEMBL5901085,6.301029995663981,500.0,2,Cc1nn(C)cc1-c1cc2c(N3CCN(C(=O)N[C@@H](C)c4ccc(F)cc4)C(C)(C)C3)ncnc2[nH]1,Ki
CHEMBL5901549,6.301029995663981,500.0,2,Cc1nc(C2CCN(c3ncnc4[nH]c(-c5ccnc(N6CCC(C)CC6)c5)cc34)CC2)[nH]c1-c1ccccc1,Ki
CHEMBL5902013,7.913640169325252,12.2,1,Cc1cc(NC(=O)C2=NN=C(c3cncc(-c4ccnc(Nc5cc(NC(=O)c6ccc(CN7CCN(C)CC7)cc6)ccc5C)n4)c3)C2)on1,Ki
CHEMBL5902398,5.780333653084869,3000.0,2,O=C(Nc1ccc(OC(F)(F)F)cc1)N1CCN(c2ncnc3[nH]c(-c4ccc(F)cc4)cc23)CC1,Ki
CHEMBL5902437,6.301029995663981,500.0,2,C[C@H](NC(=O)N1CCN(c2ncnc3[nH]c(-c4cnn(C)c4)cc23)CC1(C)C)c1ccc(F)cc1,Ki
CHEMBL5902470,3.9788107009300617,105000.0,1,Cc1n[nH]c(C(=O)Nc2cnc3[nH]c(-c4cccc5c4OCC5)cc3c2)c1C,Ki
CHEMBL5902655,5.780333653084869,3000.0,2,NS(=O)(=O)c1ccc(-c2cc3c(N4CCN(C(=O)Nc5ccc(OC(F)(F)F)cc5)CC4)ncnc3[nH]2)cc1,Ki
CHEMBL5902770,5.780333653084869,3000.0,2,Cc1ccc(-c2cc3c(N4CCN(C(=O)N[C@@H](C)c5cccc(Cl)c5)C(C)(C)C4)ncnc3[nH]2)cn1,Ki
CHEMBL5903210,6.301029995663981,500.0,2,COc1ccc(-c2[nH]c(C3CCN(c4ncnc5[nH]c(-c6ccnc(OC)c6)cc45)CC3)nc2C)cc1,Ki
CHEMBL5903505,4.619224005717909,55250.0,2,O=C(Nc1ccc(OC(F)(F)F)cc1)N1CCN(c2ncnc3[nH]ccc23)CC1,Ki
CHEMBL5903811,4.619224005717909,55250.0,2,C[C@H](NC(=O)N1CC=C(c2ncnc3cc(-c4ccc(F)cc4)sc23)CC1)c1cccc(Cl)c1,Ki
CHEMBL5904128,5.1399203482970215,52750.0,2,C[C@H](NC(=O)N1CCN(c2ncnc3cc(C4=CC(C)(C)NC(C)(C)C4)sc23)CC1)c1cccc(Cl)c1,Ki
CHEMBL5904419,7.259637310505756,55.0,3,COC1(C(=O)NCc2ccc(Cl)cc2F)CN(c2ncnn3cc(-c4cnn(C)c4)cc23)C1,IC50
CHEMBL5904467,6.301029995663981,500.0,2,COc1cc(-c2cc3c(N4CCC(c5nc(C)c(-c6ccc(Cl)cc6)[nH]5)CC4)ncnc3[nH]2)ccn1,Ki
CHEMBL5904757,5.780333653084869,3000.0,2,COc1ccc(S(=O)(=O)Nc2ccc(-c3ncnc4[nH]c(-c5ccc(F)cc5)cc34)c(F)c2)cc1,Ki
CHEMBL5904910,5.780333653084869,3000.0,2,COc1cccc(C(C)NC(=O)N2CCN(c3ncnc4[nH]c(-c5ccnc(OC)c5)cc34)CC2(C)C)c1,Ki
CHEMBL5905094,5.780333653084869,3000.0,2,O=C(Nc1ccc(OC(F)(F)F)cc1)N1CCN(c2ncnc3[nH]c(-c4ccc(Cl)cc4)cc23)CC1,Ki
CHEMBL5905173,6.301029995663981,500.0,2,Cc1nc(C2(C)CCN(c3ncnc4[nH]c(-c5ccc(C#N)cc5)cc34)CC2)[nH]c1-c1ccc(C(F)F)cc1,Ki
CHEMBL5905539,5.780333653084869,3000.0,2,Cc1nc(C2CCN(c3ncnc4[nH]c(-c5ccc(C#N)cc5)cc34)CC2)[nH]c1-c1ccc(C(F)(F)F)cc1,Ki
CHEMBL5905748,6.301029995663981,500.0,1,Cc1nc(C2CCN(c3ncnc4[nH]c(-c5cccc(Cl)c5)cc34)CC2)[nH]c1-c1ccccc1,Ki
CHEMBL5905804,7.259637310505756,55.0,2,Cn1cc(-c2cc3c(N4CC(C(=O)N[C@@H]5c6ccc(Cl)cc6C[C@@H]5O)C4)ncnn3c2)cn1,IC50
CHEMBL5905811,6.259637310505756,550.0,1,Cc1ccc(CNC(=O)C2CN(c3ncnn4cc(C5=CCN(C(=O)N(C)C)CC5)cc34)C2)cc1,IC50
CHEMBL5907115,5.780333653084869,3000.0,2,C[C@H](NC(=O)N1CCN(c2ncnc3cc(-c4ccc(F)cc4)sc23)C[C@H]1C)c1cccc(OC(F)F)c1,Ki
CHEMBL5907325,5.259637310505756,5500.0,2,COc1cc(-c2cc3c(N4CCC(c5nnc(-c6cccc(OC(F)F)c6)[nH]5)CC4)ncnc3[nH]2)ccn1,Ki
CHEMBL5907334,6.301029995663981,500.0,2,Cc1nc(C2(C)CCN(c3ncnc4[nH]c(-c5ccc(OCC(=O)O)cc5)cc34)CC2)[nH]c1-c1cccc(OC(F)F)c1,Ki
CHEMBL5907353,4.619224005717909,55250.0,2,Cc1n[nH]c(C(=O)Nc2cnc3[nH]c(-c4c(C)noc4C)cc3c2)c1C,Ki
CHEMBL5907706,5.1399203482970215,52750.0,2,C[C@H](NC(=O)N1CCN(c2ncnc3[nH]c(-c4ccc(F)cc4)cc23)CC1)c1cccc(Cl)c1,Ki
CHEMBL5907874,6.259637310505756,550.0,3,CC(C)(C)Oc1ccc(-c2cc3c(N4CC(NC(=O)Cc5ccc(Cl)cc5Cl)C4)ncnn3c2)cc1,IC50
CHEMBL5907896,4.619224005717909,55250.0,2,O=C(Nc1ccc(OC(F)(F)F)cc1)N1CCN(c2ncnc3[nH]c(-c4cnc(C5CC5)nc4)cc23)CC1,Ki
CHEMBL5907937,6.560667306169737,275.0,1,COc1ccc(COc2ccc(Nc3ccc4ncc(N(C)C)nc4c3C#N)cc2OC)cc1C#N,Ki
CHEMBL5908077,6.301029995663981,500.0,2,COc1ccc(-c2[nH]c(C3(C)CCN(c4ncnc5[nH]c(-c6ccc(C#N)cc6)cc45)CC3)nc2C)cc1F,Ki
CHEMBL5908236,4.619224005717909,55250.0,2,CCCNC(=O)N1CCN(c2ncnc3[nH]c(-c4cccnc4)cc23)CC1,Ki
CHEMBL5908438,5.780333653084869,3000.0,2,Cc1n[nH]c2ncnc(-c3ccc(NS(=O)(=O)c4cccc(F)c4)cc3)c12,Ki
CHEMBL5908665,3.9788107009300617,105000.0,2,Cc1n[nH]c(C(=O)Nc2cnc3[nH]c(C4=CCN(C(=O)N5CCOCC5)C4)cc3c2)c1Cl,Ki
CHEMBL5908757,4.619224005717909,55250.0,2,Cc1cncc(-c2cc3cc(NC(=O)c4[nH]nc(C)c4C)cnc3[nH]2)c1,Ki
CHEMBL5908792,4.619224005717909,55250.0,2,Cc1cccc(S(=O)(=O)Nc2ccc(-c3ncnc4[nH]c(C)cc34)cc2)c1,Ki
CHEMBL5908803,3.9788107009300617,105000.0,1,CCc1ccc(S(=O)(=O)N2CCN(c3ncnc4[nH]ccc34)CC2)cc1,Ki
CHEMBL5909220,5.1399203482970215,52750.0,2,C[C@@H]1CN(c2ncnc3cc(-c4ccc(F)cc4)sc23)CCN1C(=O)NCc1ccc(F)cc1,Ki
CHEMBL5909527,6.560667306169737,275.0,1,COc1cc(Nc2ccc3ncc(N4CCOCC4)nc3c2C#N)ccc1OCc1cccc(C#N)c1,Ki
CHEMBL5909638,7.759637310505756,30.25,2,COc1cc2ncnc(N3CCN(c4ncc(Cc5ccccc5)cn4)CC3)c2cc1OC[C@H]1CCCN(C)C1,IC50
CHEMBL5909881,5.259637310505756,5500.0,1,C[C@H](NC(=O)N1CCN(c2ncnc3cc(Br)sc23)CC1)c1ccc(F)cc1,Ki
CHEMBL5909899,3.9788107009300617,105000.0,1,COc1ccc(-c2cc3cc(NC(=O)c4[nH]nc(C)c4C)cnc3[nH]2)c(C)n1,Ki
CHEMBL5909918,7.259637310505756,55.0,3,CC[C@H](NC(=O)C1(C)CN(c2ncnn3cc(-c4ccc(C(C)(C)O)cc4)cc23)C1)c1ccc(Cl)cc1,IC50
CHEMBL5910195,6.560667306169737,275.0,1,COc1ccc(COc2ccc(Nc3ccc4ncc(N5CCC5)nc4c3C#N)cc2OC)cn1,Ki
CHEMBL5910466,7.560667306169737,27.5,1,COc1cc(Nc2ccc3ncc(N4CCOCC4)nc3c2C#N)ccc1OCc1ccc(Cl)cc1,Ki
CHEMBL5910581,3.9788107009300617,105000.0,1,O=C(NC1CCN(c2ncnc3[nH]ccc23)CC1)C1CCCC1,Ki
CHEMBL5911120,8.259637310505756,5.5,1,Cn1cc(-c2cc3c(N4CCN(c5ncc([C@@](C)(O)c6ccc(F)cn6)cn5)CC4)ncnn3c2)cn1,IC50
CHEMBL5911382,3.9788107009300617,105000.0,1,Cc1cc(C#N)ccc1-c1cc2cc(NC(=O)c3[nH]nc(C)c3C)cnc2[nH]1,Ki
CHEMBL5911444,5.780333653084869,3000.0,2,Cc1ccc(-c2cc3c(N4CCN(C(=O)NCc5ccc(F)cc5)CC4)ncnc3[nH]2)cn1,Ki
CHEMBL5911521,4.619224005717909,55250.0,2,CCCS(=O)(=O)Nc1cccc(-c2ncnc3[nH]c(-c4ccc(F)cc4)cc23)c1,Ki
CHEMBL5911693,6.259637310505756,550.0,1,COc1cc2ncnc(N3CCN(c4ncc(Nc5ccc(C#N)cc5)cn4)CC3)c2cc1OC,IC50
CHEMBL5911783,7.259637310505756,55.0,3,COC1(C(=O)NCc2ccc(C)cc2)CN(c2ncnn3cc(-c4cnn(CC(C)(C)O)c4)cc23)C1,IC50
CHEMBL5912210,7.560667306169737,27.5,1,COc1cc(Nc2ccc3ncc(N4CCOCC4)nc3c2C#N)ccc1OCc1ccc(C#N)cc1,Ki
CHEMBL5912657,6.301029995663981,500.0,2,CCc1ccc(S(=O)(=O)NC2CCN(c3ncnc4[nH]c(-c5ccnc(OC)c5)cc34)CC2)cc1,Ki
CHEMBL5912743,6.301029995663981,500.0,2,COc1ccc(-c2[nH]c(C3(C)CCN(c4ncnc5[nH]c(-c6cnn(C(F)F)c6)cc45)CC3)nc2C)cn1,Ki
CHEMBL5912767,6.301029995663981,500.0,2,COc1cc(-c2cc3c(N4CCC(c5nc(C)c(-c6ccc(OC(C)C)cc6)[nH]5)CC4)ncnc3[nH]2)ccn1,Ki
CHEMBL5912843,7.568636235841013,27.0,1,Cc1ccc(NC(=O)c2ccc(CN3CCN(C)CC3)cc2)cc1Nc1nccc(-c2cncc(-c3nnco3)c2)n1,Ki
CHEMBL5912912,9.187086643357144,0.65,1,C[C@](N)(c1ccc(F)cc1)c1cnc(N2CCN(c3ncnn4cc(-c5cnn([C@@H]6COC[C@@H]6O)c5)cc34)CC2)nc1,IC50
CHEMBL5913074,5.780333653084869,3000.0,2,CCC1(c2nc(C)c(-c3ccc4c(c3)OCO4)[nH]2)CCN(c2ncnc3[nH]c(C)cc23)CC1,Ki
CHEMBL5913143,6.759637310505756,302.5,2,COc1cc2ncnc(N3CCN(c4ncc(NC(=O)Cc5ccccc5)cn4)CC3)c2cc1OC,IC50
CHEMBL5913177,5.259637310505756,5500.0,1,O=S(=O)(NC1CCN(c2ncnc3[nH]c(-c4ccc(Cl)cc4)cc23)CC1)c1cccc(Cl)c1,Ki
CHEMBL5913252,6.259637310505756,550.0,1,c1ccc(Cc2cnc(N3CCN(c4ncnc5[nH]cnc45)CC3)nc2)cc1,IC50
CHEMBL5913320,7.259637310505756,55.0,3,CC(C)(C)Oc1ccc(-c2cc3c(N4CC(C(=O)Nc5ccc(C#N)cc5)C4)ncnn3c2)cc1,IC50
CHEMBL5913361,7.259637310505756,55.0,1,COc1cccc(-c2cc3c(N4CCN(c5ncc([C@@](C)(O)c6ccc(F)cc6)cn5)CC4)ncnn3c2)c1,IC50
CHEMBL5913437,6.301029995663981,500.0,2,CCOc1cc(-c2cc3c(N4CCC(c5nc(C)c(-c6ccccc6)[nH]5)CC4)ncnc3[nH]2)ccn1,Ki
CHEMBL5913563,5.780333653084869,3000.0,2,Cc1nc(C2CCN(c3ncnc4[nH]c(-c5ccc(F)cc5)cc34)CC2)[nH]c1-c1ccc(C(F)(F)F)cc1,Ki
CHEMBL5913572,7.259637310505756,55.0,2,COc1cc2ncnc(N3CCN(c4ncc(OCc5ccccc5)cn4)CC3)c2cc1OC,IC50
CHEMBL5913730,6.301029995663981,500.0,1,COc1ccc(S(=O)(=O)Nc2ccc(-c3ncnc4cc(OC)c(OC)cc34)cc2F)cc1,Ki
CHEMBL5913795,4.619224005717909,55250.0,2,Cc1cc2c(-c3ccc(NS(=O)(=O)c4ccc5c(c4)CCO5)cc3)ncnc2[nH]1,Ki
CHEMBL5913830,5.780333653084869,3000.0,2,NS(=O)(=O)c1cccc(-c2cc3c(N4CCN(C(=O)NCc5ccc(F)cc5)CC4)ncnc3[nH]2)c1,Ki
CHEMBL5913862,6.560667306169737,275.0,1,COc1ccc(COc2ccc(Nc3ccc4ncc(N5CCN(C6CC6)CC5)nc4c3C#N)cc2OC)cn1,Ki
CHEMBL5914506,5.780333653084869,3000.0,2,Cc1cc2c(N3CCC(C)(c4nc(C)c(-c5ccc(OC(F)F)cc5)[nH]4)CC3)ncnc2[nH]1,Ki
CHEMBL5914557,5.259637310505756,5500.0,1,O=C(NCc1ccc(Cl)cc1)N1CCN(c2ncnc3[nH]c(Cl)cc23)CC1,Ki
CHEMBL5914830,8.050609993355087,8.9,1,Cc1ccc(NC(=O)c2ccc(CN3CCN(C)CC3)cc2)cc1Nc1nccc(-c2cncc(C3=NN=C(C(=O)Nc4cc(C(N)=O)n[nH]4)C3)c2)n1,Ki
CHEMBL5914918,5.259637310505756,5500.0,3,C[C@H](NC(=O)N1CCN(c2ncnc3ccsc23)CC1(C)C)c1cccc(Cl)c1,Ki
CHEMBL5915061,7.259637310505756,55.0,3,CC(C)(C)Oc1ccc(-c2cc3c(N4CC(C(=O)NCc5ccc(F)cc5)C4)ncnn3c2)cc1,IC50
CHEMBL5915069,8.259637310505756,5.5,1,Cn1cc(-c2cc3c(N4CCN(c5ncc(C(C)(C)c6ccc(F)cc6)cn5)CC4)ncnn3c2)cn1,IC50
CHEMBL5915109,7.560667306169737,27.5,1,COc1cc(Nc2ccc3ncc(N4CCOCC4)nc3c2C#N)ccc1OCc1ccc(C)s1,Ki
CHEMBL5915391,3.9788107009300617,105000.0,1,O=C(NCc1cccc(F)c1)N1CCN(c2ncnc3[nH]ccc23)CC1,Ki
CHEMBL5915793,3.9788107009300617,105000.0,1,CC1(C)C=C(c2cc3c(N4CCC(NS(=O)(=O)c5ccc(OC(F)(F)F)cc5)CC4)ncnc3[nH]2)CC(C)(C)O1,Ki
CHEMBL5915909,5.780333653084869,3000.0,2,Cc1ccc(S(=O)(=O)Nc2ccc(-c3ncnc4[nH]c(C)cc34)cc2)cn1,Ki
CHEMBL5916099,5.259637310505756,5500.0,1,C[C@H]1CN(c2ncnc3[nH]c(-c4ccncc4)cc23)CCN1C(=O)Nc1ccc(N(C)C)cc1,Ki
CHEMBL5916176,3.9788107009300617,105000.0,2,O=C(Nc1cccc(Cl)c1)N1CCN(c2ncnc3[nH]ccc23)CC1,Ki
CHEMBL5916684,6.301029995663981,500.0,2,Cc1ccc(-c2[nH]c(C3CCN(c4ncnc5[nH]c(-c6ccc(C#N)cc6)cc45)CC3)nc2C)s1,Ki
CHEMBL5916746,8.259637310505756,5.5,1,COc1cccc(Cc2cnc(N3CCN(c4ncnc5cc(OC)c(OC)cc45)CC3)nc2)c1,IC50
CHEMBL5916792,6.301029995663981,500.0,1,O=C(Nc1ccc(F)cc1)N1CCN(c2ncnc3ccsc23)CC1,Ki
CHEMBL5916924,4.619224005717909,55250.0,2,Cc1n[nH]c(C(=O)Nc2cnc3[nH]c(C4=CCC(N)CC4)cc3c2)c1C,Ki
CHEMBL5916973,6.301029995663981,500.0,2,COc1cccc([C@H](C)NC(=O)N2CCN(c3ncnc4[nH]c(-c5ccc(F)cc5)cc34)C[C@H]2C)c1,Ki
CHEMBL5917407,6.259637310505756,550.0,3,Cn1cc(-c2cc3c(N4CC(C(=O)N[C@@H](CC(C)(C)O)c5ccc(Cl)cc5)C4)ncnn3c2)cn1,IC50
CHEMBL5917587,3.9788107009300617,105000.0,2,CC(=O)N1CC=C(c2cc3cc(NC(=O)c4[nH]nc(C)c4Cl)cnc3[nH]2)CC1,Ki
CHEMBL5917841,5.99225222199926,1018.0,2,Cc1c(O)cccc1-c1ccc2nc(NC(=O)[C@@H]3C[C@@H]3F)sc2c1,IC50
CHEMBL5917953,7.259637310505756,55.0,1,CN1CCN(Oc2ccc(C(=O)Nc3n[nH]c4cc(OCCOCc5ccccc5)ccc34)cc2)CC1,IC50
CHEMBL5918105,4.619224005717909,55250.0,2,Cc1cc2ncnc(-c3ccc(NS(C)(=O)=O)cc3)c2s1,Ki
CHEMBL5918214,3.9788107009300617,105000.0,1,COc1ccc(-c2cc3cc(NC(=O)c4[nH]nc(C)c4C)cnc3[nH]2)c(F)c1,Ki
CHEMBL5918282,5.780333653084869,3000.0,2,Cc1nc(C2(C)CCN(c3ncnc4[nH]nc(C)c34)CC2)[nH]c1-c1cccc(OC(F)F)c1,Ki
CHEMBL5918323,5.1399203482970215,52750.0,2,Cc1ccc(S(=O)(=O)Nc2ccc(-c3ncnc4cc(C5CCNCC5)sc34)cc2)cc1,Ki
CHEMBL5918454,7.759637310505756,30.25,2,COc1cc2ncnc(N3CCN(c4ncc(Cc5ccccc5)cn4)CC3)c2cc1OC1CCNCC1,IC50
CHEMBL5918550,7.259637310505756,55.0,3,CC[C@H](NC(=O)C1CN(c2ncnn3cc(-c4ccc(C(C)(O)CC)cc4)cc23)C1)c1ccc(Cl)cc1,IC50
CHEMBL5918555,6.759637310505756,302.5,2,COc1cc2ncnc(N3CCN(c4ncc(Nc5cccc(C)c5)cn4)CC3)c2cc1OC,IC50
CHEMBL5918835,5.259637310505756,5500.0,3,Cn1cc(-c2cc3c(C4=CCC(NS(=O)(=O)c5ccc(OC(F)(F)F)cc5)CC4)ncnc3[nH]2)cn1,Ki
CHEMBL5918860,6.259637310505756,550.0,1,CCC(=O)N1CC=C(c2cc3c(N4CC(C(=O)NCc5ccc(C)cc5)C4)ncnn3c2)CC1,IC50
CHEMBL5919052,5.780333653084869,3000.0,2,Cc1nc(C2CCN(c3ncnc4[nH]c(-c5ccc(C#N)cc5)cc34)CC2)[nH]c1-c1ccc(F)cc1,Ki
CHEMBL5919289,7.259637310505756,55.0,3,C[C@H](NC(=O)C1CN(c2ncnn3cc(-c4cnn(C(C)(C)CO)c4)cc23)C1)c1ccc(F)cc1,IC50
CHEMBL5919471,6.301029995663981,500.0,2,Cc1cc2c(N3CCC(C)(c4nc(C)c(-c5ccc(C(F)F)cc5)[nH]4)CC3)ncnc2[nH]1,Ki
CHEMBL5919518,7.259637310505756,55.0,2,CN1CCC(COc2ccc3ncnc(N4CCN(c5ncc(Cc6ccccc6)c(=O)[nH]5)CC4)c3c2)CC1,IC50
CHEMBL5919655,5.780333653084869,3000.0,2,CC(=O)Nc1ccc(-c2cc3c(N4CCN(C(=O)Nc5ccc(OC(F)(F)F)cc5)CC4)ncnc3[nH]2)cn1,Ki
CHEMBL5919744,6.301029995663981,500.0,2,COc1ccc(-c2cc3c(N4CCC(C)(c5nc(C)c(-c6ccc(OC)c(F)c6)[nH]5)CC4)ncnc3[nH]2)cn1,Ki
CHEMBL5919779,6.301029995663981,500.0,2,COc1cc(-c2cc3c(N4CCC(C)(c5nc(C)c(-c6ccccc6)[nH]5)CC4)ncnc3[nH]2)ccn1,Ki
CHEMBL5919923,7.259637310505756,55.0,3,Cc1ccc(CNC(=O)C2(C)CN(c3ncnn4cc(-c5cnn(C)c5)cc34)C2)cc1,IC50
CHEMBL5919970,8.259637310505756,5.5,1,Cn1cc(-c2cc3c(N4CCN(c5ncc([C@@](O)(c6ccc(F)cc6)C6CC6)cn5)CC4)ncnn3c2)cn1,IC50
CHEMBL5920043,5.780333653084869,3000.0,2,Cc1nc(C2CCN(c3ncnc4[nH]c(-c5ccc(F)cc5)cc34)CC2)[nH]c1-c1cccc(OC(F)(F)F)c1,Ki
CHEMBL5920297,5.259637310505756,5500.0,2,COc1cccc(NC(=O)N2CCN(c3ncnc4[nH]c(-c5cccnc5)cc34)CC2)c1,Ki
CHEMBL5920377,6.259637310505756,550.0,2,CN(C)C(=O)c1ccc(-c2cc3c(N4CC(C(=O)N[C@@H](CO)c5ccccc5)C4)ncnn3c2)cc1,IC50
CHEMBL5920435,7.259637310505756,55.0,3,C[C@H](NC(=O)C1CN(c2ncnn3cc(-c4ccc(OC(C)(C)C)cc4)cc23)C1)c1ccc(Cl)cc1,IC50
CHEMBL5920602,6.301029995663981,500.0,2,O=C(N1CC=C(c2cc3ncnc(-c4ccc(NS(=O)(=O)C5CC5)cc4)c3s2)CC1)N1CCOCC1,Ki
CHEMBL5920705,4.619224005717909,55250.0,2,O=C(Nc1cccc(C(F)(F)F)c1)NC1CCN(c2ncnc3[nH]ccc23)CC1,Ki
CHEMBL5920827,6.301029995663981,500.0,2,CNC(=O)c1ccc(-c2cc3c(N4CCC(C)(c5nc(C)c(-c6ccc(C(F)F)cc6)[nH]5)CC4)ncnc3[nH]2)cn1,Ki
CHEMBL5920857,6.259637310505756,550.0,3,Cn1cc(-c2cc3c(N4CC(C)(C(=O)Nc5ccc(C#N)cc5)C4)ncnn3c2)cn1,IC50
CHEMBL5920889,6.759637310505756,302.5,2,Cc1ccc(CNC(=O)C2(C)CN(c3ncnn4cc(-c5ccc(C(C)(C)O)cc5)cc34)C2)cc1,IC50
CHEMBL5920896,6.301029995663981,500.0,1,Cn1cc(-c2cc3c(N4CCC(NS(=O)(=O)c5ccc(N6CCCC6=O)cc5)CC4)ncnc3[nH]2)cn1,Ki
CHEMBL5920955,5.780333653084869,3000.0,2,COc1ccc(-c2[nH]c(C3CCN(c4ncnc5[nH]c(-c6ccc(C#N)cc6)cc45)CC3)nc2C)cc1OC,Ki
CHEMBL5921501,7.759637310505756,30.25,2,COc1ccc(Cc2cnc(N3CCN(c4ncnc5cc(OC)c(OC)cc45)CC3)nc2)cc1,IC50
CHEMBL5921656,6.301029995663981,500.0,2,Cc1nn(C)cc1-c1cc2c(N3CCC(c4nc(C)c(-c5ccc(OC(F)(F)F)cc5)[nH]4)CC3)ncnc2[nH]1,Ki
CHEMBL5921843,6.301029995663981,500.0,2,CNC(=O)c1ccc(-c2cc3c(N4CCC(C)(c5nc(C)c(-c6cccc(OC)c6)[nH]5)CC4)ncnc3[nH]2)cn1,Ki
CHEMBL5921883,7.259637310505756,55.0,3,Cc1ccc(CNC(=O)C2CN(c3ncnn4cc(-c5ccc6c(c5)CC(C)(C)O6)cc34)C2)cc1,IC50
CHEMBL5922703,5.259637310505756,5500.0,2,Cc1cc2c(-c3ccc(NS(=O)(=O)c4ccc(C)s4)cc3)ncnc2[nH]1,Ki
CHEMBL5923304,6.259637310505756,550.0,1,COc1cc2ncnc(N3CCN(c4ncc(NC(C)c5ccccc5)cn4)CC3)c2cc1OC,IC50
CHEMBL5923383,5.780333653084869,3000.0,2,Cc1n[nH]c2ncnc(-c3ccc(NS(=O)(=O)c4ccc(Cl)cc4)cc3)c12,Ki
CHEMBL5923838,7.560667306169737,27.5,1,COc1cc(Nc2ccc3ncc(N4CCOCC4)nc3c2C#N)ccc1OCc1cnccn1,Ki
CHEMBL5924094,5.780333653084869,3000.0,2,Cc1nc(C2CCN(c3ncnc4[nH]c(-c5ccc(C#N)cc5)cc34)CC2)[nH]c1-c1cccc(F)c1,Ki
CHEMBL5924646,5.259637310505756,5500.0,2,CC1CN(c2ncnc3[nH]c(-c4ccncc4)cc23)CCN1C(=O)Nc1ccccc1,Ki
CHEMBL5924842,6.301029995663981,500.0,2,Cc1nc(C2CCN(c3ncnc4[nH]c(-c5ccnc(N6CCOCC6)c5)cc34)CC2)[nH]c1-c1ccccc1,Ki
CHEMBL5924974,5.780333653084869,3000.0,2,COc1cc(-c2[nH]c(C3CCN(c4ncnc5[nH]c(-c6ccc(C#N)cc6)cc45)CC3)nc2C)ccc1C,Ki
CHEMBL5925282,7.259637310505756,55.0,1,C[C@@](O)(c1ccc(F)cc1)c1cnc(N2CCN(c3ncnn4cc(-c5ccc(F)cc5)cc34)CC2)nc1,IC50
CHEMBL5925334,5.259637310505756,5500.0,1,NS(=O)(=O)c1ccc(-c2ncnc3[nH]c(-c4cnc(C5CC5)nc4)cc23)cc1,Ki
CHEMBL5925569,3.9788107009300617,105000.0,1,Cn1cc(-c2cc3c(N4CCC(NS(=O)(=O)c5cccc(OC(F)(F)F)c5)CC4)ncnc3[nH]2)cn1,Ki
CHEMBL5925584,6.259637310505756,550.0,3,Cn1cc(-c2cc3c(N4CC(NC(=O)C5(c6ccc(Cl)cc6)CC5)C4)ncnn3c2)cn1,IC50
CHEMBL5925830,8.221848749616356,6.0,1,Cc1ccnc(-c2cncc(-c3ccnc(Nc4cc(NC(=O)c5ccc(CN6CCN(C)CC6)cc5)ccc4C)n3)c2)c1,Ki
CHEMBL5925936,3.9788107009300617,105000.0,1,O=C(C1CCCC1)N1CCN(c2ncnc3[nH]ccc23)CC1,Ki
CHEMBL5926037,6.301029995663981,500.0,2,COc1ccc(-c2[nH]c(C3CCN(c4ncnc5[nH]c(-c6cnn(C(F)F)c6)cc45)CC3)nc2C)cc1,Ki
CHEMBL5926076,7.259637310505756,55.0,3,Cc1ccc(CNC(=O)C2CN(c3ncnn4cc(-c5ccc(OCC(C)(C)O)cc5)cc34)C2)cc1,IC50
CHEMBL5926496,3.9788107009300617,105000.0,1,COc1cc(NC(=O)N2CCN(c3ncnc4[nH]c(-c5ccccc5)cc34)CC2)cc(OC)c1,Ki
CHEMBL5926828,5.1399203482970215,52750.0,2,Cn1cc(-c2cc3c(N4CCC(NS(=O)(=O)c5ccc(Cl)s5)CC4)ncnc3[nH]2)cn1,Ki
CHEMBL5926921,5.780333653084869,3000.0,2,CCc1ccc(S(=O)(=O)Nc2ccc(-c3ncnc4[nH]c(C)cc34)cc2)cc1,Ki
CHEMBL5926974,5.780333653084869,3000.0,2,Cc1cc2c(-c3ccc(NS(=O)(=O)c4cc(Cl)cs4)cc3)ncnc2[nH]1,Ki
CHEMBL5926976,7.560667306169737,27.5,1,COc1ccc(COc2ccc(Nc3ccc4ncc(N5CCNCC5)nc4c3C#N)cc2OC)cc1,Ki
CHEMBL5927056,6.301029995663981,500.0,2,Cc1nc(C2CCN(c3ncnc4[nH]c(-c5cnn(C(F)F)c5)cc34)CC2)[nH]c1-c1ccc2c(c1)OCCO2,Ki
CHEMBL5927093,5.1399203482970215,52750.0,2,COc1cc2ncnc(-c3ccc(NS(=O)(=O)C4CC4)cc3F)c2cc1OC,Ki
CHEMBL5927474,5.780333653084869,3000.0,2,Cc1nc(C2CCN(c3ncnc4[nH]c(-c5ccc(C#N)cc5)cc34)CC2)[nH]c1-c1ccc(OC(F)(F)F)cc1,Ki
CHEMBL5927637,6.301029995663981,500.0,2,Cc1ccc(S(=O)(=O)Nc2ccc(-c3ncnc4cc(C5=CCN(C(=O)N6CCOCC6)CC5)sc34)cc2)cc1,Ki
CHEMBL5927768,7.259637310505756,55.0,3,CC[C@H](NC(=O)C1CN(c2ncnn3cc(-c4cnn(C[C@H](C)O)c4)cc23)C1)c1ccc(Cl)cc1,IC50
CHEMBL5927887,7.259637310505756,277.75,2,Cc1ccc(CNC(=O)C2CN(c3ncnn4cc(-c5ccc(C6(O)CCCC6)cc5)cc34)C2)cc1,IC50
CHEMBL5927912,6.259637310505756,550.0,3,Cc1ccc(CNC(=O)C2CN(c3ncnn4cc(-c5cccc(Cl)c5)cc34)C2)cc1,IC50
CHEMBL5928041,8.173925197299173,6.7,1,Cc1ccc(NC(=O)c2ccc(CN3CCN(C)CC3)cc2)cc1Nc1nccc(-c2cncc(C3=NN=C(C(=O)Nc4ccccn4)C3)c2)n1,Ki
CHEMBL5928200,5.259637310505756,5500.0,1,CCNS(=O)(=O)c1cccc(Nc2ncc(NC(=O)c3[nH]nc(C)c3C)cn2)c1,Ki
CHEMBL5928558,5.259637310505756,5500.0,1,O=S(=O)(NC1CCN(c2ncnc3[nH]c(-c4ccc(Cl)cc4)cc23)CC1)c1cc2ccccc2s1,Ki
CHEMBL5928859,6.259637310505756,550.0,2,CC[C@H](NC(=O)C1CN(c2ncnn3cc(-c4cn[nH]c4)cc23)C1)c1ccc(Cl)cc1,IC50
CHEMBL5929008,5.1399203482970215,52750.0,2,Cc1ccc(S(=O)(=O)NC2CCN(c3ncnc4[nH]c(-c5cnn(C)c5)cc34)CC2)s1,Ki
CHEMBL5929389,7.259637310505756,55.0,2,COC(=O)N1CC=C(c2cc3c(N4CC(C(=O)Nc5ccc(C#N)cc5)C4)ncnn3c2)CC1,IC50
CHEMBL5929419,6.301029995663981,500.0,2,Cc1nc(C2CCN(c3ncnc4[nH]c(-c5ccc(F)cc5)cc34)CC2)[nH]c1-c1ccccc1,Ki
CHEMBL5929552,5.259637310505756,5500.0,2,Cc1cc2c(N3CCC(c4nc(C)c(-c5ccc(F)cc5)[nH]4)CC3)ncnc2[nH]1,Ki
CHEMBL5929605,5.259637310505756,5500.0,1,O=C(c1ccccc1)N1CCN(c2ncnc3[nH]ccc23)CC1,Ki
CHEMBL5929990,5.780333653084869,3000.0,2,Cc1nn(C)cc1-c1cc2ncnc(N3CCN(C(=O)N[C@@H](C)c4cccc(Cl)c4)C(C)(C)C3)c2s1,Ki
CHEMBL5930723,6.759637310505756,302.5,2,COc1cc2ncnc(N3CCN(c4ncc(OCc5ccc(F)cc5)cn4)CC3)c2cc1OC,IC50
CHEMBL5930838,3.9788107009300617,105000.0,2,Cc1nc(-c2cccc(NC(=O)N3CCN(c4ncnc5[nH]ccc45)CC3)c2)no1,Ki
CHEMBL5930843,6.259637310505756,550.0,3,Cc1ccc(CNC(=O)C2CN(c3ncnn4cc(-c5cnn(C)c5N)cc34)C2)cc1,IC50
CHEMBL5931025,6.301029995663981,500.0,1,Cc1cc2c(-c3ccc(NS(=O)(=O)c4ccccc4F)c(F)c3)ncnc2[nH]1,Ki
CHEMBL5931117,6.301029995663981,500.0,2,COc1ccc(-c2[nH]c(C3CCN(c4ncnc5[nH]c(-c6ccc(C#N)cc6)cc45)CC3)nc2C)cc1C,Ki
CHEMBL5931228,7.259637310505756,55.0,2,CS(=O)(=O)c1ccc(-c2cc3c(N4CC(C(=O)Nc5ccc(C#N)cc5)C4)ncnn3c2)cc1,IC50
CHEMBL5931556,5.780333653084869,3000.0,2,CNS(=O)(=O)c1ccc(-c2ncnc3[nH]c(-c4ccc(F)cc4)cc23)cc1,Ki
CHEMBL5931840,6.759637310505756,302.5,2,Cc1ccc(CNC(=O)C2(C)CN(c3ncnn4cc(-c5ccc6c(c5)CC(=O)N6)cc34)C2)cc1,IC50
CHEMBL5931897,6.259637310505756,550.0,3,CC[C@H](NC(=O)C1CN(c2ncnn3cc(-c4ccc(=O)n(C)c4)cc23)C1)c1ccc(Cl)cc1,IC50
CHEMBL5932374,3.9788107009300617,105000.0,2,C[C@@H]1CN(c2ncnc3[nH]c(-c4ccncc4)cc23)CCN1,Ki
CHEMBL5932395,5.1399203482970215,52750.0,2,COc1cc2ncnc(-c3ccc(NS(=O)(=O)C4CC4)cc3F)c2cc1OCCCN1CCOCC1,Ki
CHEMBL5932837,3.9788107009300617,105000.0,1,CCCNS(=O)(=O)N1CCN(c2ncnc3[nH]c(-c4ccccc4)cc23)CC1,Ki
CHEMBL5933000,5.1399203482970215,52750.0,2,COc1cccc([C@H](C)NC(=O)N2CCN(c3ncnc4cc(-c5ccc(F)cc5)sc34)C[C@H]2C)c1,Ki
CHEMBL5933285,5.780333653084869,3000.0,2,Cc1cc2c(-c3ccc(NS(=O)(=O)c4ccc(C)s4)cc3F)ncnc2[nH]1,Ki
CHEMBL5933633,5.259637310505756,5500.0,1,COc1cccc([C@H](C)NC(=O)N2CCN(c3ncnc4cc(N5CCOCC5)sc34)CC2)c1,Ki
CHEMBL5934158,5.1399203482970215,52750.0,2,O=S(=O)(Nc1ccc(Cl)cc1)c1ccc(-c2ncnc3[nH]c(-c4ccc(F)cc4)cc23)c(F)c1,Ki
CHEMBL5934467,5.780333653084869,3000.0,2,COc1ccc(CNC(=O)N2CCN(c3ncnc4[nH]c(-c5ccc(F)cc5)cc34)CC2)cc1,Ki
CHEMBL5934519,6.759637310505756,302.5,2,Cc1ccc(CNC(=O)C2(C)CN(c3ncnn4cc(-c5ccc(N6CCCC6=O)cc5)cc34)C2)cc1,IC50
CHEMBL5934786,5.780333653084869,3000.0,2,CCC1(c2nc(C)c(-c3ccc4c(c3)OCCO4)[nH]2)CCN(c2ncnc3[nH]c(C)cc23)CC1,Ki
CHEMBL5934926,3.9788107009300617,105000.0,1,Cc1n[nH]c(C(=O)Nc2cnc3[nH]c(-c4ccccc4F)nc3c2)c1C,Ki
CHEMBL5934931,5.259637310505756,5500.0,1,CN(C)c1ccc(NC(=O)N2CCN(c3ncnc4[nH]ccc34)CC2)cc1,Ki
CHEMBL5934973,6.759637310505756,302.5,2,Cc1ccc(CNC(=O)C2CN(c3ncnn4cc(-c5cnn(C(C)(C)CO)c5)cc34)C2)cc1,IC50
CHEMBL5934999,8.013228265733755,9.7,1,Cc1cc(-c2cncc(-c3ccnc(Nc4cc(NC(=O)c5ccc(CN6CCN(C)CC6)cc5)ccc4C)n3)c2)sn1,Ki
CHEMBL5935158,6.759637310505756,302.5,2,Cc1ccc(CNC(=O)C2CN(c3ncnn4cc(-c5cnn(C)c5C)cc34)C2)cc1,IC50
CHEMBL5935576,5.259637310505756,5500.0,2,CC1(C)C=C(c2cc3c(N4CCC(NS(=O)(=O)c5ccc(OC(F)(F)F)cc5)CC4)ncnc3[nH]2)CC(C)(C)N1,Ki
CHEMBL5935884,6.759637310505756,302.5,2,Cc1ccc(CNC(=O)C2CN(c3ncnn4cc(-c5cnn(CC(C)(C)O)c5)cc34)C2)c(F)c1,IC50
CHEMBL5936059,5.259637310505756,5500.0,2,COc1ccc(S(=O)(=O)Nc2ccc(-c3ncnc4[nH]c(C)cc34)cc2)cn1,Ki
CHEMBL5936241,6.759637310505756,302.5,2,CCC(=O)N1CCC=C(c2cc3c(N4CC(C(=O)NCc5ccc(C)cc5)C4)ncnn3c2)C1,IC50
CHEMBL5936254,6.259637310505756,550.0,3,C[C@H](O)Cn1cc(-c2cc3c(N4CC(C(=O)N[C@@H](C)c5ccc(F)cc5)C4)ncnn3c2)cn1,IC50
CHEMBL5936533,5.1399203482970215,52750.0,2,O=S(=O)(Nc1ccc(-c2ncnc3[nH]c(-c4ccc(F)cc4)cc23)cc1)C1CC1,Ki
CHEMBL5936704,7.259637310505756,55.0,3,CCC(C)(C)Oc1ccc(-c2cc3c(N4CC(C(=O)NCc5ccc(C)cc5)C4)ncnn3c2)cc1,IC50
CHEMBL5937045,6.301029995663981,500.0,2,COc1ccc(-c2[nH]c(C3(C)CCN(c4ncnc5[nH]c(-c6cnn(C(F)F)c6)cc45)CC3)nc2C)cc1C,Ki
CHEMBL5937069,7.759637310505756,30.25,2,COc1cc2ncnc(N3CCN(c4ncc(N(C)Cc5ccccc5)cn4)CC3)c2cc1OC,IC50
CHEMBL5937244,5.780333653084869,3000.0,2,C[C@H](NC(=O)N1CCN(c2ncnc3[nH]c(-c4ccc(F)cc4)cc23)CC1(C)C)c1cccc(Cl)c1,Ki
CHEMBL5937323,8.259637310505756,5.5,1,COc1cc2ncnc(N3CCN(c4ncc(Cc5ccccc5)cn4)CC3)c2cc1OC[C@@H]1CCCN(C)C1,IC50
CHEMBL5937448,6.301029995663981,500.0,1,Cn1cc(-c2cc3c(N4CCC(NS(=O)(=O)c5ccc6c(c5)OCO6)CC4)ncnc3[nH]2)cn1,Ki
CHEMBL5937601,3.9788107009300617,105000.0,1,Cc1n[nH]c(C(=O)Nc2cnc3[nH]c(-c4ccncc4Cl)cc3c2)c1C,Ki
CHEMBL5937667,8.0,10.0,1,Cc1ccc(-c2cncc(-c3ccnc(Nc4cc(NC(=O)c5ccc(CN6CCN(C)CC6)cc5)ccc4C)n3)c2)nc1,Ki
CHEMBL5937752,4.619224005717909,55250.0,2,COc1cc(CNC(=O)N2CCN(c3ncnc4[nH]c(-c5cccnc5)cc34)CC2)ccn1,Ki
CHEMBL5938028,8.259637310505756,5.5,1,COc1cc2c(N3CCN(c4ncc(Cc5ccccc5)cn4)CC3)ncnc2cc1OCCN1CCCC1=O,IC50
CHEMBL5938101,8.259637310505756,5.5,1,Cc1ncc(-c2cc3c(N4CCN(c5ncc([C@](C)(O)c6ccc(F)cc6)cn5)CC4)ncnn3c2)s1,IC50
CHEMBL5938557,4.619224005717909,55250.0,2,Cc1n[nH]c(C(=O)Nc2cnc3[nH]c(C4=CCN(C(=O)CN5CCOCC5)CC4)cc3c2)c1C,Ki
CHEMBL5938678,6.301029995663981,500.0,2,Cc1nn(C)cc1-c1cc2c(N3CCN(C(=O)N[C@@H](C)c4ccc(Cl)cc4)[C@H](C)C3)ncnc2[nH]1,Ki
CHEMBL5938954,8.259637310505756,5.5,1,C[C@](N)(c1ccc(F)cc1)c1cnc(N2CCN(c3ncnn4cc(-c5ccc(F)cc5)cc34)CC2)nc1,IC50
CHEMBL5938977,4.619224005717909,55250.0,2,Cc1n[nH]c(C(=O)Nc2cnc3[nH]c(-c4ccc(F)c(-c5nn[nH]n5)c4)cc3c2)c1C,Ki
CHEMBL5939172,6.259637310505756,550.0,1,Cc1ccc(CNC(=O)C2CN(c3ncnn4cc(-c5cnn(C(C)C)c5)cc34)C2)cc1,IC50
CHEMBL5939241,7.259637310505756,55.0,2,CC(C)n1cc(-c2cc3c(N4CC(C(=O)Nc5ccc(C#N)cc5)C4)ncnn3c2)cn1,IC50
CHEMBL5939437,7.759637310505756,30.25,2,COc1cc2ncnc(N3CC4CCC(C3)N4c3ncc(Cc4ccccc4)cn3)c2cc1OC,IC50
CHEMBL5939849,5.780333653084869,3000.0,2,COc1cc(-c2cc3ncnc(N4CCN(C(=O)N[C@@H](C)c5cccc(Cl)c5)C(C)(C)C4)c3s2)ccn1,Ki
CHEMBL5940070,8.259637310505756,5.5,1,CC[C@@](O)(c1ccc(F)cc1)c1cnc(N2CCN(c3ncnn4cc(-c5cnn(C)c5)cc34)CC2)nc1,IC50
CHEMBL5940224,6.301029995663981,500.0,2,CCc1ccc(S(=O)(=O)NC2CCN(c3ncnc4[nH]c(-c5cnn(C)c5)cc34)CC2)cc1,Ki
CHEMBL5940576,6.301029995663981,500.0,2,CCOc1ccc(-c2[nH]c(C3CCN(c4ncnc5[nH]c(-c6cnn(C(F)F)c6)cc45)CC3)nc2C)cc1C,Ki
CHEMBL5940706,3.9788107009300617,105000.0,1,O=C(NCc1ccc(F)cc1)N1CCN(c2ncnc3[nH]c(Cc4ccc(Cl)cc4)cc23)CC1,Ki
CHEMBL5941019,6.259637310505756,550.0,1,Cc1ccc(CNC(=O)C2CN(c3ncnn4cc(-c5ccc(C(C)(O)C6CC6)cc5)cc34)C2)cc1,IC50
CHEMBL5941350,6.759637310505756,302.5,2,CC[C@H](NC(=O)C1CN(c2ncnn3cc(-c4cnn([C@H](C)C(C)(C)O)c4)cc23)C1)c1ccc(Cl)cc1,IC50
CHEMBL5941436,5.780333653084869,3000.0,2,CS(=O)(=O)Nc1ccc(-c2ncnc3[nH]c(-c4cc(F)ccc4F)cc23)c(F)c1,Ki
CHEMBL5941476,7.4089353929735005,39.0,1,Cc1ccc(NC(=O)c2ccc(CN3CCN(C)CC3)cc2)cc1Nc1nccc(-c2cncc(-c3snnc3C)c2)n1,Ki
CHEMBL5941642,3.9788107009300617,105000.0,1,Cc1n[nH]c(C(=O)Nc2cnc3[nH]c(-c4cnc(C(C)C)nc4)cc3c2)c1C,Ki
CHEMBL5941694,4.619224005717909,55250.0,2,Cc1[nH]nc(C(=O)Nc2cnc3[nH]c(-c4ccnc(N5CCN(C)CC5)c4)cc3c2)c1C,Ki
CHEMBL5941922,8.259637310505756,5.5,1,Cn1cc(-c2cc3c(N4CCN(c5ncc([C@H](CO)c6ccc(F)cc6)cn5)CC4)ncnn3c2)cn1,IC50
CHEMBL5942211,5.780333653084869,3000.0,2,Cc1nc(C2CCN(c3ncnc4[nH]c(-c5ccc(C#N)cc5)cc34)CC2)[nH]c1-c1ccc(C(F)F)cc1,Ki
CHEMBL5942533,6.301029995663981,500.0,1,C[C@H](NC(=O)N1CCN(c2ncnc3[nH]c(-c4ccc(C#N)cc4)cc23)C[C@H]1C)c1cccc(F)c1,Ki
CHEMBL5942588,5.780333653084869,3000.0,2,COc1ccc(-c2[nH]c(C3(C)CCN(c4ncnc5[nH]c(C)cc45)CC3)nc2C)cc1C,Ki
CHEMBL5942836,7.259637310505756,55.0,3,CC[C@H](NC(=O)C1CN(c2ncnn3cc(-c4cnn(C(C)C(C)O)c4)cc23)C1)c1ccc(Cl)cc1,IC50
CHEMBL5942901,6.301029995663981,500.0,2,Cc1cc2c(N3CCC(NS(=O)(=O)c4ccc(Cl)cc4)CC3)ncnc2[nH]1,Ki
CHEMBL5942964,3.9788107009300617,105000.0,1,Cc1cc(C(=O)Nc2cnc3[nH]c(-c4ccc(F)cc4)cc3c2)[nH]n1,Ki
CHEMBL5943356,5.1399203482970215,52750.0,2,C[C@H](NC(=O)N1CCN(c2ncnc3[nH]c(-c4ccc(C#N)cc4)cc23)C[C@H]1C)c1cccc(Cl)c1,Ki
CHEMBL5943900,5.1399203482970215,52750.0,2,COc1cc(-c2cc3c(N4CCN(C(=O)N[C@@H](C)c5ccc(Cl)cc5)C(C)(C)C4)ncnc3[nH]2)ccn1,Ki
CHEMBL5944498,6.259637310505756,550.0,3,Cc1ccc(CNC(=O)C2CN(c3ncnn4cc(-c5cccc(OC(C)(C)C)c5)cc34)C2)cc1,IC50
CHEMBL5944651,6.259637310505756,550.0,1,Cc1ccc([C@H](CCO)NC(=O)C2CN(c3ncnn4cc(-c5ccc(OC(C)(C)C)cc5)cc34)C2)cc1,IC50
CHEMBL5944715,5.780333653084869,3000.0,2,Cc1cc2c(-c3ccc(NS(=O)(=O)c4ccc(F)cc4)cc3F)ncnc2[nH]1,Ki
CHEMBL5944969,7.259637310505756,55.0,3,CC[C@H](NC(=O)C1CN(c2ncnn3cc(-c4ccc(C5(O)CCC5)cc4)cc23)C1)c1ccc(Cl)cc1,IC50
CHEMBL5945055,6.759637310505756,302.5,2,CCOC(=O)N1CC=C(c2cc3c(N4CC(C(=O)N[C@@H](CC)c5ccc(Cl)cc5)C4)ncnn3c2)CC1,IC50
CHEMBL5945554,7.259637310505756,55.0,2,Cn1cc(-c2cc3c(N4CC(C(=O)NCc5ccc(Cl)cc5F)C4)ncnn3c2)cn1,IC50
CHEMBL5945711,6.560667306169737,275.0,1,COc1ccc(COc2ccc(Nc3ccc4ncc(OC)nc4c3C#N)cc2OC)cc1,Ki
CHEMBL5946583,7.958607314841775,11.0,1,Cn1cc(-c2cc(Oc3ccc(NC(=O)N4CCC5(CCC(=O)C5)C4=O)nc3)ccn2)cn1,IC50
CHEMBL5946963,6.301029995663981,500.0,2,CCOc1ccc(-c2[nH]c(C3(C)CCN(c4ncnc5[nH]c(-c6ccc(OC)nc6)cc45)CC3)nc2C)cc1,Ki
CHEMBL5947050,6.259637310505756,550.0,3,CC[C@H](NC(=O)C1CN(c2ncnn3cc(-c4cnn(C)c4)cc23)C1)c1ccc(F)cc1,IC50
CHEMBL5947347,6.301029995663981,500.0,2,CCC1(c2nc(C)c(-c3ccc(OC)cc3)[nH]2)CCN(c2ncnc3[nH]c(-c4ccc(F)cc4)cc23)CC1,Ki
CHEMBL5947920,6.759637310505756,302.5,2,COC(=O)N1CC=C(c2cc3c(N4CC(NC(=O)Cc5ccc(Cl)cc5Cl)C4)ncnn3c2)CC1,IC50
CHEMBL5948130,3.9788107009300617,105000.0,1,COc1cncc(-c2cc3cc(NC(=O)c4[nH]nc(C)c4C)cnc3[nH]2)c1,Ki
CHEMBL5948188,3.9788107009300617,105000.0,2,COc1cccc(NC(=O)N2CCN(c3ncnc4[nH]cc(-c5ccccc5)c34)CC2)c1,Ki
CHEMBL5948243,5.780333653084869,3000.0,2,Cc1ccc(-c2cc3c(N4CCN(c5nc6ccccc6[nH]5)CC4)ncnc3[nH]2)cn1,Ki
CHEMBL5948282,6.301029995663981,500.0,2,NS(=O)(=O)c1cccc(-c2cc3c(N4CCN(C(=O)Nc5ccc(OC(F)(F)F)cc5)CC4)ncnc3[nH]2)c1,Ki
CHEMBL5949230,3.9788107009300617,105000.0,2,Cc1cc2c(-c3cccc(NS(C)(=O)=O)c3)ncnc2[nH]1,Ki
CHEMBL5949439,3.9788107009300617,105000.0,1,Cc1n[nH]c(C(=O)Nc2cnc3[nH]c(-c4cccnc4C(F)(F)F)cc3c2)c1C,Ki
CHEMBL5949716,6.301029995663981,500.0,2,CCS(=O)(=O)Nc1ccc(-c2ncnc3[nH]c(-c4ccc(F)cc4)cc23)c(F)c1,Ki
CHEMBL5949762,7.259637310505756,55.0,2,COc1cc2ncnc(N3CCN(c4ncc(Nc5ccc(C)cc5)cn4)CC3)c2cc1OC,IC50
CHEMBL5949826,5.780333653084869,3000.0,2,Cc1ccc(-c2cc3c(N4CCN(C(=O)N[C@@H](C)c5cccc(OC(F)F)c5)C(C)(C)C4)ncnc3[nH]2)cn1,Ki
CHEMBL5949983,7.259637310505756,55.0,3,Cc1ccc(CNC(=O)C2(CN)CN(c3ncnn4cc(-c5cnn(C)c5)cc34)C2)cc1,IC50
CHEMBL5950042,6.759637310505756,302.5,2,Cc1ccc(CNC(=O)C2(C)CN(c3ncnn4cc(-c5ccc(S(C)(=O)=O)cc5)cc34)C2)cc1,IC50
CHEMBL5950262,3.9788107009300617,105000.0,2,Cc1[nH]nc(C(=O)Nc2cnc3[nH]c(-c4ccc(N5CCOCC5)cc4)cc3c2)c1C,Ki
CHEMBL5950350,6.301029995663981,500.0,2,COc1cccc(-c2[nH]c(C3(C)CCN(c4ncnc5[nH]c(-c6ccc(OCC(=O)O)cc6)cc45)CC3)nc2C)c1,Ki
CHEMBL5950434,6.259637310505756,550.0,3,COC(=O)N1CC=C(c2cc3c(N4CC(C)(C(=O)NCc5ccc(F)cc5F)C4)ncnn3c2)CC1,IC50
CHEMBL5950762,5.1399203482970215,52750.0,2,COc1cc(-c2cc3c(N4CCN(C(=O)N[C@@H](C)c5ccc(F)cc5)[C@H](C)C4)ncnc3[nH]2)ccn1,Ki
CHEMBL5951790,4.619224005717909,55250.0,2,NC(=O)N1CCN(c2ncnc3[nH]c(-c4cccnc4)cc23)CC1,Ki
CHEMBL5951845,6.301029995663981,500.0,2,CS(=O)(=O)Nc1ccc(-c2ncnc3cc(C4=CCN(C(=O)C5CC5)CC4)sc23)cc1,Ki
CHEMBL5952071,8.259637310505756,5.5,1,Fc1ccccc1Sc1cnc(N2CCN(c3ncnn4cc(-c5cnn(C[C@@H]6CNCCO6)c5)cc34)CC2)nc1,IC50
CHEMBL5952315,5.259637310505756,5500.0,1,Cc1cc(C(=O)Nc2cnc3[nH]c(-n4cccn4)cc3c2)[nH]n1,Ki
CHEMBL5952604,7.759637310505756,30.25,2,COc1cc2c(N3CCN(c4ncc(Cc5ccccc5)cn4)CC3)ncnc2cc1OCC1(C)COC1,IC50
CHEMBL5952934,6.301029995663981,500.0,2,CCOc1ccc(-c2[nH]c(C3(C)CCN(c4ncnc5[nH]c(-c6cnn(C(F)F)c6)cc45)CC3)nc2C)cc1F,Ki
CHEMBL5953248,8.142667503568731,7.2,1,Cc1ccc(NC(=O)c2ccc(CN3CCN(C)CC3)cc2)cc1Nc1nccc(-c2cncc(C3=NN=C(C(=O)Nc4ccn[nH]4)C3)c2)n1,Ki
CHEMBL5953267,7.259637310505756,55.0,3,CC(C)n1cc(-c2cc3c(N4CC(C)(C(=O)N[C@@H](C)c5ccc(Cl)cc5)C4)ncnn3c2)cn1,IC50
CHEMBL5953360,6.301029995663981,500.0,1,C[C@H](NC(=O)N1CCN(c2ncnc3[nH]c(-c4ccc(C#N)cc4)cc23)CC1(C)C)c1cccc(OC(F)F)c1,Ki
CHEMBL5953362,3.9788107009300617,105000.0,1,COc1cccc([C@@H](C)NC(=O)N2CCN(c3ncnc4[nH]c(-c5ccc(Cl)cc5)cc34)C[C@H]2C)c1,Ki
CHEMBL5953631,3.9788107009300617,105000.0,2,N#Cc1cc2c(N3CCN(C(=O)NCc4ccc(F)cc4)CC3)ncnc2[nH]1,Ki
CHEMBL5953678,6.301029995663981,500.0,1,Cc1ccc(S(=O)(=O)Nc2ccc(-c3ncnc4cc(-c5ccc(F)cc5)sc34)cc2)cc1,Ki
CHEMBL5953751,7.259637310505756,55.0,3,CC(C)(C)Oc1ccc(-c2cc3c(N4CC(C(=O)NCc5ccc(F)cc5F)C4)ncnn3c2)cc1,IC50
CHEMBL5954174,7.560667306169737,27.5,1,COc1cc(Nc2ccc3ncc(N4CCOCC4)nc3c2C#N)ccc1OCc1cccnc1,Ki
CHEMBL5954496,6.560667306169737,275.0,1,COc1ccc(COc2ccc(Nc3ccc4ncc(N5CCN(CCO)CC5)nc4c3C#N)cc2OC)cn1,Ki
CHEMBL5954602,3.9788107009300617,105000.0,1,O=C(Nc1cnc2[nH]c(-c3ccc(F)cc3)cc2c1)c1n[nH]c2ccccc12,Ki
CHEMBL5954772,4.619224005717909,55250.0,2,Cc1n[nH]c(C(=O)Nc2cnc3[nH]c(-c4ccnc(N5CCN(S(C)(=O)=O)CC5)c4)cc3c2)c1C,Ki
CHEMBL5955313,5.1399203482970215,52750.0,2,CCCS(=O)(=O)Nc1ccc(-c2ncnc3[nH]c(C)cc23)cc1,Ki
CHEMBL5955450,6.259637310505756,550.0,1,Cc1ccc(CNC(=O)C2CN(c3ncnn4cc(-c5cnn(C[C@@H]6CNCCO6)c5)cc34)C2)cc1,IC50
CHEMBL5955486,6.301029995663981,500.0,1,COc1cccc([C@H](C)NC(=O)N2CCN(c3ncnc4[nH]c(-c5ccc(Cl)cc5)cc34)CC2)c1,Ki
CHEMBL5955503,7.259637310505756,55.0,3,CC(C)(C)Oc1ccc(-c2cc3c(N4CC(C(=O)N[C@@H](CCO)c5ccc(Cl)cc5)C4)ncnn3c2)cc1,IC50
CHEMBL595554,3.9788107009300617,105000.0,2,c1nc(N2CCNCC2)c2cc[nH]c2n1,Ki
CHEMBL5955565,6.301029995663981,500.0,2,COc1ccc(-c2[nH]c(C3CCN(c4ncnc5[nH]c(-c6ccc(F)cc6)cc45)CC3)nc2C)cc1,Ki
CHEMBL5955697,5.259637310505756,5500.0,1,Cc1cc2c(C3=CCC(NS(=O)(=O)c4ccc(OC(F)F)cc4)CC3)ncnc2[nH]1,Ki
CHEMBL5955821,4.619224005717909,55250.0,2,COc1cc2ncnc(-c3ccc(S(=O)(=O)Nc4ccc(F)cc4)cc3F)c2cc1OCCCN1CCOCC1,Ki
CHEMBL5956164,5.780333653084869,3000.0,2,Cc1cc2c(N3CCC(c4nc(C)c(-c5ccc(C(F)(F)F)cc5)[nH]4)CC3)ncnc2[nH]1,Ki
CHEMBL5956414,7.259637310505756,55.0,2,CCc1ccc(CNC(=O)C2CN(c3ncnn4cc(-c5cnn(C)c5)cc34)C2)cc1,IC50
CHEMBL5957330,7.259637310505756,55.0,1,Cn1cc(-c2cc3c(N4CCN(c5ncc(Oc6ccc(F)cc6)cn5)CC4)ncnn3c2)cn1,IC50
CHEMBL5957509,6.301029995663981,500.0,2,COc1ccc(-c2[nH]c(C3(C)CCN(c4ncnc5[nH]c(-c6ccc(N7CCOCC7)nc6)cc45)CC3)nc2C)cc1C,Ki
CHEMBL5958051,4.619224005717909,55250.0,2,CC1(C)C=C(c2cc3c(-c4ccc(NS(=O)(=O)c5ccc(F)cc5)cc4)ncnc3[nH]2)CC(C)(C)O1,Ki
CHEMBL5958118,6.759637310505756,302.5,2,COc1cc2ncnc(N3CCN(c4ncc(Cc5ccc(C(F)(F)F)cc5)cn4)CC3)c2cc1OC,IC50
CHEMBL5958604,6.759637310505756,302.5,2,CC[C@H](NC(=O)C1CN(c2ncnn3cc(-c4cnn(C)c4)cc23)C1)c1ccc(C)cc1,IC50
CHEMBL5958705,6.560667306169737,275.0,1,COc1ccc(COc2ccc(Nc3ccc4ncc(N5CCN(C)CC5)nc4c3C#N)cc2OC)cn1,Ki
CHEMBL5959148,5.780333653084869,3000.0,2,CCOc1ccc(-c2[nH]c(C3CCN(c4ncnc5[nH]c(-c6ccc(F)cc6)cc45)CC3)nc2C)cc1,Ki
CHEMBL5959213,6.301029995663981,500.0,2,Cc1ccc([C@H](C)NC(=O)N2CCN(c3ncnc4[nH]c(-c5ccc(F)cc5)cc34)CC2(C)C)cc1,Ki
CHEMBL5959465,6.259637310505756,550.0,3,Cc1ccc(CNC(=O)C2CN(c3ncnn4cc(-c5ccc(C6(C(F)(F)F)CC6)cc5)cc34)C2)cc1,IC50
CHEMBL5959578,6.759637310505756,302.5,2,CCC(=O)N1CC=C(c2cc3c(N4CC(C(=O)N[C@@H](CCO)c5ccc(Cl)cc5)C4)ncnn3c2)CC1,IC50
CHEMBL5959727,5.259637310505756,5500.0,1,CC[S+]([O-])Nc1ccc(-c2ncnc3cc(-c4ccc(F)cc4)sc23)cc1,Ki
CHEMBL5959967,5.1399203482970215,52750.0,2,Cc1cc2c(-c3ccc(NS(=O)(=O)c4ccc5c(c4)CCC5)cc3)ncnc2[nH]1,Ki
CHEMBL5959978,3.9788107009300617,105000.0,1,O=C(NC1CCCCC1)N1CCN(c2ncnc3[nH]ccc23)CC1,Ki
CHEMBL5959997,6.301029995663981,500.0,1,C[C@H]1CN(c2ncnc3[nH]c(-c4ccncc4)cc23)CCN1C(=O)NCc1ccc(F)cc1,Ki
CHEMBL5959998,6.301029995663981,500.0,2,COc1ncc(-c2[nH]c(C3CCN(c4ncnc5[nH]c(-c6ccc(C#N)cc6)cc45)CC3)nc2C)cc1F,Ki
CHEMBL5960101,5.780333653084869,3000.0,2,COc1ccc(-c2[nH]c(C3CCN(c4ncnc5[nH]c(C)cc45)CC3)nc2C)cc1C,Ki
CHEMBL5960364,8.259637310505756,5.5,1,COc1cc2ncnc(N3CCN(c4ncc(Cc5ccccc5)cn4)CC3)c2cc1OCC1CCNCC1,IC50
CHEMBL5960374,6.301029995663981,500.0,2,COc1cc(-c2cc3c(N4CCC(c5nc(C)c(-c6ccc(C)s6)[nH]5)CC4)ncnc3[nH]2)ccn1,Ki
CHEMBL5960624,6.759637310505756,302.5,2,COC(=O)N1CC=C(c2cc3c(N4CC(C(=O)N[C@@H](C)c5ccc(F)cc5)C4)ncnn3c2)CC1,IC50
CHEMBL5960662,5.259637310505756,5500.0,1,Cc1cc2c(-c3ccc(NS(=O)(=O)c4ccc(Cl)c(Cl)c4)cc3)ncnc2[nH]1,Ki
CHEMBL5960671,3.9788107009300617,105000.0,2,Cc1n[nH]c(C(=O)Nc2cnc(Nc3cccc(N4CCOCC4)c3)nc2)c1C,Ki
CHEMBL5961126,6.301029995663981,500.0,2,Cc1nc(C2(C)CCN(c3ncnc4[nH]c(-c5ccc(F)cc5)cc34)CC2)[nH]c1-c1ccccc1,Ki
CHEMBL5961169,3.9788107009300617,105000.0,1,Cc1n[nH]c(C(=O)Nc2cnc3[nH]c(C#CCF)cc3c2)c1C,Ki
CHEMBL5961190,8.259637310505756,5.5,1,C[C@@H]1CN(c2ncnn3cc(-c4cnn(C)c4)cc23)CCN1c1ncc([C@@](C)(O)c2ccc(F)cc2)cn1,IC50
CHEMBL5961313,5.780333653084869,3000.0,2,COc1ccc(-c2[nH]c(C3CCN(c4ncnc5[nH]c(-c6ccc(C#N)cc6)cc45)CC3)nc2C)cc1F,Ki
CHEMBL5961355,5.259637310505756,5500.0,1,Cc1cc(C(=O)Nc2cnc3[nH]c(-c4ccccc4)nc3c2)[nH]n1,Ki
CHEMBL5961370,6.301029995663981,500.0,2,COc1ccc(-c2[nH]c(C3CCN(c4ncnc5[nH]c(-c6ccc(F)cc6)cc45)CC3)nc2C)cc1C,Ki
CHEMBL5961460,6.301029995663981,500.0,2,O=C(Nc1ccc(OC(F)(F)F)cc1)N1CCN(c2ncnc3[nH]c(-c4cccnc4)cc23)CC1,Ki
CHEMBL5961560,6.259637310505756,550.0,1,COC(=O)N1CC=C(c2cc3c(N4CC(C(=O)NCc5ccc(C)cc5)C4)ncnn3c2)CC1,IC50
CHEMBL5961686,7.759637310505756,30.25,2,COc1cc2ncnc(N3CCN(c4ncc(Cc5ccc(F)cc5)cn4)CC3)c2cc1OC,IC50
CHEMBL5961957,5.1399203482970215,52750.0,2,Cc1nn(C)cc1-c1cc2ncnc(N3CCN(C(=O)N[C@@H](C)c4cccc(Cl)c4)[C@H](C)C3)c2s1,Ki
CHEMBL5961996,6.301029995663981,500.0,2,Cc1nc(C2(C)CCN(c3ncnc4[nH]c(-c5cnn(C(F)F)c5)cc34)CC2)[nH]c1-c1cccc(OC(F)F)c1,Ki
CHEMBL5962116,4.619224005717909,55250.0,2,C[C@H](NC(=O)N1CCN(c2ncnc3[nH]c(-c4ccc(F)cc4)cc23)CC1)c1cccc2ccccc12,Ki
CHEMBL5962604,6.301029995663981,500.0,1,CCCc1ccc(S(=O)(=O)NC2CC=C(c3ncnc4[nH]c(C)cc34)CC2)cc1,Ki
CHEMBL5963095,3.9788107009300617,105000.0,2,Cc1nc(-c2cccc(NC(=O)NC3CCN(c4ncnc5[nH]ccc45)CC3)c2)no1,Ki
CHEMBL5963441,6.259637310505756,550.0,3,COc1cc(-c2cc3c(N4CC(C)(C(=O)NCc5ccc(C)cc5)C4)ncnn3c2)ccn1,IC50
CHEMBL5963534,3.9788107009300617,105000.0,2,N#Cc1c[nH]c2ncnc(N3CCN(C(=O)NCc4ccc(F)cc4)CC3)c12,Ki
CHEMBL5963661,6.259637310505756,550.0,3,Cn1cc(-c2cc3c(N4CC(C)(C(=O)NCc5ccc(Cl)cc5F)C4)ncnn3c2)c(N)n1,IC50
CHEMBL5963964,7.560667306169737,27.5,1,COc1ccc(COc2ccc(Nc3ccc4ncc(N5CCOCC5)nc4c3C#N)cc2OC)cc1F,Ki
CHEMBL5964119,6.259637310505756,550.0,1,COc1cc2ncnc(N3CCN(c4ncc(Cc5ccc(C(C)(C)C)cc5)cn4)CC3)c2cc1OC,IC50
CHEMBL5964187,3.9788107009300617,105000.0,2,O=C(NCc1ccc(F)cc1)N1CCN(c2ncnc3ccsc23)CC1,Ki
CHEMBL5964274,5.780333653084869,3000.0,2,C[C@H](NC(=O)N1CCN(c2ncnc3[nH]c(-c4ccc(F)cc4)cc23)CC1)c1cccc(OC(F)F)c1,Ki
CHEMBL5964309,6.259637310505756,550.0,1,Cc1ccc(CNC(=O)C2CN(c3ncnn4cc(-c5ccc(C(C)(O)C(F)(F)F)cc5)cc34)C2)cc1,IC50
CHEMBL5964466,7.259637310505756,55.0,2,Cn1cc(-c2cc3c(N4CC(C(=O)Nc5ccc(C#N)cc5)C4)ncnn3c2)cn1,IC50
CHEMBL5964589,5.259637310505756,5500.0,1,C[C@@H]1CN(c2ncnc3[nH]c(-c4ccc(Cl)cc4)cc23)CCN1C(=O)N[C@H](C)c1ccc(Cl)cc1,Ki
CHEMBL5964600,5.259637310505756,5500.0,2,CS(=O)(=O)Nc1ccc(-c2ncnc3cc4c(cc23)OCCO4)c(F)c1,Ki
CHEMBL5964613,5.1399203482970215,52750.0,2,CCCS(=O)(=O)Nc1ccc(-c2ncnc3cc(OC)c(OC)cc23)c(F)c1,Ki
CHEMBL5964626,3.9788107009300617,105000.0,2,O=C(Nc1cccnc1)N1CCN(c2ncnc3[nH]ccc23)CC1,Ki
CHEMBL5964677,7.560667306169737,27.5,1,COc1ccc(COc2ccc(Nc3ccc4ncc(N5CCCC5)nc4c3C#N)cc2OC)cn1,Ki
CHEMBL5964839,5.259637310505756,5500.0,1,COc1cc(NC(=O)N2CCN(c3ncnc4[nH]c(-c5cccnc5)cc34)CC2)cc(OC)c1,Ki
CHEMBL5964893,8.207608310501746,6.2,1,Cc1cnc(-c2cncc(-c3ccnc(Nc4cc(NC(=O)c5ccc(CN6CCN(C)CC6)cc5)ccc4C)n3)c2)s1,Ki
CHEMBL5965068,5.780333653084869,3000.0,2,Cc1nc(C2CCN(c3ncnc4[nH]c(-c5ccc(F)cc5)cc34)CC2)[nH]c1-c1ccc2c(c1)OC(F)(F)O2,Ki
CHEMBL5965760,5.780333653084869,3000.0,2,C[C@H](NC(=O)N1CCN(c2ncnc3[nH]c(-c4ccc(F)cc4)cc23)CC1(C)C)c1cccc(F)c1,Ki
CHEMBL5965774,3.9788107009300617,105000.0,2,O=C(Nc1cccc(C(F)(F)F)c1)N1CCN(c2ncnc3[nH]ccc23)CC1,Ki
CHEMBL5965809,4.619224005717909,55250.0,2,O=C(Nc1cnc2[nH]c(-c3ccc(F)cc3)cc2c1)c1cccc2n[nH]cc12,Ki
CHEMBL5965835,3.9788107009300617,105000.0,1,O=C(NCCc1ccc(F)cc1)NC1CCN(c2ncnc3[nH]ccc23)CC1,Ki
CHEMBL5965845,7.759637310505756,30.25,2,COc1cc2ncnc(N3CCN(c4ncc(Cc5ccccc5)cn4)CC3)c2cc1OCC(O)CO,IC50
CHEMBL5965880,6.301029995663981,500.0,2,Cc1nc(C2(C)CCN(c3ncnc4[nH]c(-c5ccc(C#N)cc5)cc34)CC2)[nH]c1-c1ccc(OC(F)F)cc1,Ki
CHEMBL5966005,7.560667306169737,27.5,1,COc1cc(Nc2ccc3ncc(N4CCOCC4)nc3c2C#N)ccc1OCc1cnn(C)c1,Ki
CHEMBL5966313,7.259637310505756,55.0,4,COc1cc2ncnc(N3CCN(c4ncc(Cc5ccccc5)cn4)C(C)C3)c2cc1OC,IC50
CHEMBL5966316,7.5376020021010435,29.0,1,Cc1nc(NC(=O)N2CCC3(CCC3)C2=O)ccc1Oc1ccnc(-c2cnn(C)c2)c1,IC50
CHEMBL5966433,4.619224005717909,55250.0,2,Cc1cc(-c2cc3cc(NC(=O)c4[nH]nc(C)c4C)cnc3[nH]2)cnc1C,Ki
CHEMBL5966444,6.301029995663981,500.0,2,Cc1nc(C2CCN(c3ncnc4[nH]c(-c5ccc(F)cc5)cc34)CC2)[nH]c1-c1ccc(OC(C)C)cc1,Ki
CHEMBL5966472,5.780333653084869,3000.0,2,CCc1[nH]c(C2CCN(c3ncnc4[nH]c(-c5ccc(C#N)cc5)cc34)CC2)nc1C,Ki
CHEMBL5966620,5.780333653084869,3000.0,2,N#Cc1ccc(-c2cc3c(N4CCN(C(=O)Nc5ccc(OC(F)(F)F)cc5)CC4)ncnc3[nH]2)cc1,Ki
CHEMBL5966864,6.301029995663981,500.0,2,C[C@H](NC(=O)N1CCN(c2ncnc3[nH]c(-c4ccncc4)cc23)C[C@H]1C)c1ccc(Cl)cc1,Ki
CHEMBL5966882,5.780333653084869,3000.0,2,Cc1c(-c2cc3ncnc(N4CCN(C(=O)NCc5ccc(F)cc5)CC4)c3s2)cnn1C,Ki
CHEMBL5967017,5.060480747381382,8700.0,1,CN1CCN(Cc2cc(NC(=O)c3ccc4c(c3)CN(c3cnc5ccccc5c3)CC4)cc(C(F)(F)F)c2)CC1,IC50
CHEMBL5967260,7.935542010773082,11.6,1,CNC(=O)c1cc(NC(=O)C2=NN=C(c3cncc(-c4ccnc(Nc5cc(NC(=O)c6ccc(CN7CCN(C)CC7)cc6)ccc5C)n4)c3)C2)[nH]n1,Ki
CHEMBL5967288,4.619224005717909,55250.0,2,C[C@H](NC(=O)N1CC=C(c2ncnc3cc(-c4ccc(F)cc4)sc23)CC1)c1cccc(OC(F)F)c1,Ki
CHEMBL5967317,7.560667306169737,27.5,1,CNc1cnc2ccc(Nc3ccc(OCc4ccc(OC)cc4)c(OC)c3)cc2n1,Ki
CHEMBL5967519,3.9788107009300617,105000.0,1,COc1cc2ncnc(-c3ccc(S(N)(=O)=O)cc3)c2cc1OC,Ki
CHEMBL5967877,5.259637310505756,5500.0,1,NC(=O)c1cccc(C(=O)Nc2cnc3[nH]c(-c4ccc(F)cc4)cc3c2)c1,Ki
CHEMBL5968139,4.619224005717909,55250.0,2,Cn1cc(-c2cc3ncnc(N4CCN(C(=O)NCc5ccccc5)CC4)c3s2)cn1,Ki
CHEMBL5968470,3.9788107009300617,105000.0,1,CC(C)(C)OC(=O)N1CCN(c2ncnc3[nH]c(C(=O)Nc4ccccc4)cc23)CC1,Ki
CHEMBL5968654,5.259637310505756,5500.0,1,CCn1nccc1S(=O)(=O)Nc1cnc2[nH]c(-c3ccc(F)cc3)cc2c1,Ki
CHEMBL5968681,5.259637310505756,5500.0,2,O=C(NCc1cncc(F)c1)N1CCN(c2ncnc3[nH]c(-c4ccc(F)cc4)cc23)CC1,Ki
CHEMBL5968708,3.9788107009300617,105000.0,1,Cc1ccc(-c2cc3cc(NC(=O)c4[nH]nc(C)c4C)cnc3[nH]2)cn1,Ki
CHEMBL5968954,5.259637310505756,5500.0,1,CC(C)(C)OC(=O)N1CCN(c2ncnc3[nH]c(-c4ccccc4)cc23)CC1,Ki
CHEMBL5969362,6.301029995663981,500.0,2,C[C@@H]1CN(c2ncnc3[nH]c(-c4ccncc4)cc23)CCN1C(=O)NCc1ccc(Cl)cc1,Ki
CHEMBL5970092,7.259637310505756,55.0,1,COc1cccc(-c2cc3c(N4CCN(c5ccccc5)CC4)ncnn3c2)c1,IC50
CHEMBL5970442,6.301029995663981,500.0,2,CNC(=O)c1ccc(-c2cc3c(N4CCC(C)(c5nc(C)c(-c6ccc(OC)c(F)c6)[nH]5)CC4)ncnc3[nH]2)cn1,Ki
CHEMBL5970466,5.06246936830415,75250.0,2,Fc1ccc(-c2cc3c(N4CCC(c5nnc(-c6cccc(OC(F)F)c6)[nH]5)CC4)ncnc3[nH]2)cc1,Ki
CHEMBL5970574,7.560667306169737,27.5,1,COc1cc(Nc2ccc3ncc(N4CCOCC4)nc3c2C#N)ccc1OCc1ccsc1,Ki
CHEMBL5970650,3.9788107009300617,105000.0,1,COc1ccc(-c2cc3cc(NC(=O)c4[nH]nc(C)c4C)cnc3[nH]2)c(Cl)c1,Ki
CHEMBL5971154,6.301029995663981,500.0,2,CN(C)C(=O)c1cccc(-c2cc3c(N4CCN(C(=O)Nc5ccc(OC(F)(F)F)cc5)CC4)ncnc3[nH]2)c1,Ki
CHEMBL5971603,5.780333653084869,3000.0,2,CS(=O)(=O)Nc1cccc(-c2cc3c(N4CCN(C(=O)NCc5ccc(F)cc5)CC4)ncnc3[nH]2)c1,Ki
CHEMBL5971817,6.759637310505756,302.5,2,COc1cc2ncnc(N3CCN(c4ncc(NCc5ccccc5C)cn4)CC3)c2cc1OC,IC50
CHEMBL5971850,6.259637310505756,550.0,3,C[C@H](NC(=O)C1(C)CN(c2ncnn3cc(-c4ccc(C(C)(C)O)cc4)cc23)C1)c1ccc(F)cc1,IC50
CHEMBL5971908,6.560667306169737,275.0,1,COCc1ccc(COc2ccc(Nc3ccc4ncc(N5CCOCC5)nc4c3C#N)cc2OC)cn1,Ki
CHEMBL5972494,5.780333653084869,3000.0,2,COc1cc(-c2cc3c(N4CCC(c5nc(C)c(-c6cccc(OC(F)(F)F)c6)[nH]5)CC4)ncnc3[nH]2)ccn1,Ki
CHEMBL5972734,7.759637310505756,30.25,2,COc1cc2ncnc(N3CCN(c4ncc(Cc5ccccc5)c(=O)[nH]4)CC3)c2cc1OC[C@@H]1CCCN(C)C1,IC50
CHEMBL5972822,5.259637310505756,5500.0,2,Cc1cccnc1C(=O)Nc1cnc2[nH]c(-c3ccccc3)cc2c1,Ki
CHEMBL5973254,7.259637310505756,55.0,3,CC(C)Oc1ccc(-c2cc3c(N4CC(C(=O)Nc5ccc(C#N)cc5)C4)ncnn3c2)cc1,IC50
CHEMBL5973524,5.259637310505756,5500.0,1,O=S(=O)(NC1CCN(c2ncnc3[nH]c(-c4ccc(Cl)cc4)cc23)CC1)c1cccc(OC(F)(F)F)c1,Ki
CHEMBL5973611,5.780333653084869,3000.0,2,COc1cc2ncnc(-c3ccc(NS(=O)(=O)c4ccc(Cl)cc4)cc3F)c2cc1OC,Ki
CHEMBL5973614,6.301029995663981,500.0,2,CCOc1ccc(-c2[nH]c(C3(C)CCN(c4ncnc5[nH]c(-c6ccc(OCC(=O)O)cc6)cc45)CC3)nc2C)cc1C,Ki
CHEMBL5973695,5.780333653084869,3000.0,2,COc1cccc([C@H](C)NC(=O)N2CCN(c3ncnc4cc(C5=CC(C)(C)NC(C)(C)C5)sc34)CC2)c1,Ki
CHEMBL5973724,6.560667306169737,275.0,1,COc1ccc(COc2ccc(Nc3ccc4ncc(N5CCOCC5)nc4c3C#N)cc2F)cc1,Ki
CHEMBL5974634,5.780333653084869,3000.0,2,Cc1nc(C2CCN(c3ncnc4[nH]c(-c5cccc(OC(F)(F)F)c5)cc34)CC2)[nH]c1-c1ccccc1,Ki
CHEMBL5974646,3.9788107009300617,105000.0,1,O=C(Nc1ccc(F)c(Cl)c1)N1CCN(c2ncnc3[nH]ccc23)CC1,Ki
CHEMBL597492,5.47755576649368,3330.0,1,COc1cc(C2=C(c3c[nH]c4ccc(I)cc34)C(=O)NC2=O)cc(OC)c1OC,IC50
CHEMBL5975563,4.619224005717909,55250.0,2,COc1cccc(CNC(=O)N2CCN(c3ncnc4[nH]c(-c5cccnc5)cc34)CC2)n1,Ki
CHEMBL5975652,6.560667306169737,275.0,1,COc1cc(Nc2ccc3ncc(N4CCC4)nc3c2C#N)ccc1OCc1cccc(C#N)c1,Ki
CHEMBL5975797,6.585026652029182,260.0,1,O=C(Nc1n[nH]c2cc(OCCOCc3ccccc3)ccc12)c1cccc(N2CCOCC2)c1,IC50
CHEMBL597592,5.872895201635193,1340.0,1,CC(C)(C)c1cc(NC(=O)Nc2cccc(Oc3cccc4[nH]c(=O)[nH]c34)c2)n(-c2ccccc2)n1,IC50
CHEMBL5976336,6.301029995663981,500.0,1,Cc1ccc([C@H](C)NC(=O)N2CCN(c3ncnc4[nH]c(-c5ccc(F)cc5)cc34)CC2)cc1,Ki
CHEMBL5976590,6.301029995663981,500.0,1,Fc1ccc(-c2cc3c(-c4ccc(F)cc4)ncnc3[nH]2)cc1,Ki
CHEMBL5976774,4.619224005717909,55250.0,2,Cc1cc2c(-c3ccc(NS(=O)(=O)c4cnn(C(F)F)c4)cc3)ncnc2[nH]1,Ki
CHEMBL5976902,4.619224005717909,55250.0,2,Cc1nn(C)cc1-c1cc2ncnc(C3CCN(C(=O)N[C@@H](C)c4ccc(F)cc4)CC3)c2s1,Ki
CHEMBL5977083,6.301029995663981,500.0,2,O=S(=O)(NC1CC1)c1cccc(-c2ncnc3[nH]c(-c4ccc(F)cc4)cc23)c1,Ki
CHEMBL5977088,8.259637310505756,5.5,1,Cn1cc(-c2cc3c(N4CCN(c5ncc([C@](C)(O)c6ccccc6F)cn5)CC4)ncnn3c2)cn1,IC50
CHEMBL5977140,8.259637310505756,5.5,1,COc1cc2ncnc(N3CCN(c4ncc(Cc5ccccc5)cn4)CC3)c2cc1OCC1CCCN(C)C1,IC50
CHEMBL5977206,4.619224005717909,55250.0,2,CCCS(=O)(=O)Nc1cccc(Nc2ncc(NC(=O)c3[nH]nc(C)c3C)cn2)c1,Ki
CHEMBL5977352,3.9788107009300617,105000.0,2,Cc1n[nH]c(C(=O)Nc2cnc3[nH]nc(-c4cccc(N5CCNCC5)c4)c3c2)c1C,Ki
CHEMBL5977364,5.780333653084869,3000.0,2,Cc1ccc(S(=O)(=O)Nc2ccc(-c3ncnc4[nH]c(C)cc34)c(F)c2)cn1,Ki
CHEMBL5977418,5.1399203482970215,52750.0,2,COc1cc2ncnc(-c3ccc(N)cc3F)c2cc1OC,Ki
CHEMBL5977598,7.259637310505756,55.0,2,COc1cc2ncnc(N3CCN(c4ncc(OCc5cccs5)cn4)CC3)c2cc1OC,IC50
CHEMBL5977758,6.301029995663981,500.0,1,NS(=O)(=O)c1ccc(-c2ncnc3[nH]c(-c4ccc(F)cc4)cc23)c(F)c1,Ki
CHEMBL5977803,5.780333653084869,3000.0,2,CCOc1ccc(-c2[nH]c(C3(CC)CCN(c4ncnc5[nH]c(C)cc45)CC3)nc2C)cc1,Ki
CHEMBL5977913,3.9788107009300617,105000.0,1,Cc1c(C(F)F)n[nH]c1C(=O)Nc1cnc2[nH]c(-c3ccc(F)cc3)cc2c1,Ki
CHEMBL5978487,6.301029995663981,500.0,1,Cc1[nH]c(C2CCN(c3ncnc4[nH]c(-c5ccncc5)cc34)CC2)nc1-c1ccccc1,Ki
CHEMBL5978581,6.560667306169737,275.0,1,COc1ccc(COc2ccc(Nc3ccc4ncc(N5CCC(N(C)C)CC5)nc4c3C#N)cc2OC)cn1,Ki
CHEMBL5978585,6.759637310505756,302.5,2,Cc1csc(CNC(=O)C2CN(c3ncnn4cc(-c5cnn(C)c5)cc34)C2)c1,IC50
CHEMBL5978907,7.560667306169737,27.5,1,COc1ccc(COc2ccc(Nc3ccc4ncc(N5CCC(OC(C)=O)CC5)nc4c3C#N)cc2OC)cc1,Ki
CHEMBL5979046,7.759637310505756,30.25,2,COc1cc2c(N3CCN(c4ncc(Nc5ccc(C)cc5)cn4)CC3)ncnc2cc1OCCCN1CCCCC1,IC50
CHEMBL5979094,3.9788107009300617,105000.0,1,Cc1n[nH]c(C(=O)Nc2cnc3[nH]c(-c4cccc(F)c4C)cc3c2)c1C,Ki
CHEMBL5979960,3.9788107009300617,105000.0,1,Cc1n[nH]c(C(=O)Nc2cnc3[nH]c(-c4cccc(OCCN5CCOCC5)c4)cc3c2)c1C,Ki
CHEMBL5980128,6.259637310505756,550.0,3,CC(C)(O)Cn1cc(-c2cc3c(N4CC(C(=O)NCc5ccc(F)cc5)C4)ncnn3c2)cn1,IC50
CHEMBL5980237,5.780333653084869,3000.0,2,O=S(=O)(Nc1ccc(-c2ncnc3[nH]c(-c4ccc(F)cc4)cc23)cc1F)C1CC1,Ki
CHEMBL5980621,5.780333653084869,3000.0,2,Cc1nc(C2CCN(c3ncnc4[nH]c(-c5cccc(C(F)(F)F)c5)cc34)CC2)[nH]c1-c1ccccc1,Ki
CHEMBL5980694,4.619224005717909,55250.0,2,COc1cccc([C@H](C)NC(=O)N2CC3CCC2CN3c2ncnc3cc(-c4ccc(F)cc4)sc23)c1,Ki
CHEMBL5980852,7.259637310505756,55.0,3,Cc1ccc(CNC(=O)C2CN(c3ncnn4cc(-c5sc(C)nc5C)cc34)C2)cc1,IC50
CHEMBL5981281,6.301029995663981,500.0,2,COc1ccc(-c2cc3c(N4CCC(C)(c5nc(C)c(-c6ccc7c(c6)OCO7)[nH]5)CC4)ncnc3[nH]2)cn1,Ki
CHEMBL5981620,3.9788107009300617,105000.0,1,O=C(Nc1cnc2[nH]c(-c3ccc(F)cc3)cc2c1)c1n[nH]c2c1CCCC2,Ki
CHEMBL5981678,6.759637310505756,302.5,2,Cc1ccc(CNC(=O)C2CN(c3ncnn4cc(-c5ccc(Cl)cc5)cc34)C2)cc1,IC50
CHEMBL5981882,5.259637310505756,5500.0,1,Cn1cc(-c2cc3ncnc(N4CCN(C(=O)Nc5ccccc5)CC4)c3s2)cn1,Ki
CHEMBL5981893,6.759637310505756,302.5,2,Cc1ccc(CNC(=O)C2(C)CN(c3ncnn4cc(-c5ccc6c(c5)CNC6=O)cc34)C2)cc1,IC50
CHEMBL5981923,6.259637310505756,550.0,3,C[C@H](NC(=O)C1(C)CN(c2ncnn3cc(-c4ccc(OC(C)(C)C)cc4)cc23)C1)c1ccc(Cl)cc1,IC50
CHEMBL5982302,7.560667306169737,27.5,1,COc1ccc(COc2ccc(Nc3ccc4ncc(N5CCC(COC(C)=O)CC5)nc4c3C#N)cc2OC)cc1,Ki
CHEMBL5982377,6.301029995663981,500.0,1,CC(C)Oc1ccc(S(=O)(=O)NC2CCN(c3ncnc4[nH]c(-c5ccc(Cl)cc5)cc34)CC2)cc1,Ki
CHEMBL5982556,6.259637310505756,550.0,1,Cc1ccc(CNC(=O)C2CN(c3ncnn4cc(-c5ccc(C(O)CO)cc5)cc34)C2)cc1,IC50
CHEMBL5982843,6.301029995663981,500.0,1,CS(=O)(=O)Nc1cc(F)c(-c2ncnc3[nH]c(-c4ccc(F)cc4)cc23)cc1F,Ki
CHEMBL5983332,3.9788107009300617,105000.0,1,Cc1cc2c(-c3ccc(S(=O)(=O)NC4CC4)cc3)ncnc2[nH]1,Ki
CHEMBL5983573,6.259637310505756,550.0,1,Cc1ccc(CNC(=O)C2CN(c3ncnn4cc(C5=CCN(S(C)(=O)=O)CC5)cc34)C2)cc1,IC50
CHEMBL5983598,8.397940008672037,4.0,1,Cc1ccc(NC(=O)c2ccc(CN3CCN(C)CC3)cc2)cc1Nc1nccc(-c2cncc(C3=NN=C(C(=O)Nc4cn[nH]c4C)C3)c2)n1,Ki
CHEMBL5983839,5.780333653084869,3000.0,2,COc1cc(-c2cc3c(N4CCC(c5nc(C)c(-c6ccc(OC(F)(F)F)cc6)[nH]5)CC4)ncnc3[nH]2)ccn1,Ki
CHEMBL5983976,5.259637310505756,5500.0,1,C[C@H](NC(=O)N1CCN(c2ncnc3[nH]c(-c4ccc(C#N)cc4)cc23)CC1(C)C)c1ccc(F)cc1,Ki
CHEMBL5984240,5.780333653084869,3000.0,2,Cc1ccc(S(=O)(=O)NC2CCN(c3ncnc4[nH]c(-c5cnn(C)c5)cc34)CC2)cc1,Ki
CHEMBL5984782,6.259637310505756,550.0,3,Cn1cc(-c2cc3c(N4CC(C(=O)NC5CCc6cc(Cl)ccc65)C4)ncnn3c2)cn1,IC50
CHEMBL5985063,6.301029995663981,500.0,2,Cc1ccc(S(=O)(=O)Nc2ccc(-c3ncnc4[nH]c(-c5ccc(F)cc5)cc34)cc2)cc1,Ki
CHEMBL5985113,6.301029995663981,500.0,2,Cc1ncc(-c2cc3c(N4CCN(C(=O)Nc5ccc(OC(F)(F)F)cc5)CC4)ncnc3[nH]2)s1,Ki
CHEMBL5985193,5.259637310505756,5500.0,1,O=C(NCc1ccc(F)cn1)N1CCN(c2ncnc3[nH]c(-c4cccnc4)cc23)CC1,Ki
CHEMBL5985224,6.759637310505756,302.5,2,COC(=O)N1CC=C(c2cc3c(N4CC(C(=O)NCc5ccc(Cl)cc5F)C4)ncnn3c2)CC1,IC50
CHEMBL5985603,6.301029995663981,500.0,1,CC(NC(=O)N1CCN(c2ncnc3[nH]c(-c4ccncc4)cc23)C[C@@H]1C)c1ccc(Cl)cc1,Ki
CHEMBL5986116,7.607303046740334,24.7,1,Cn1cc(-c2cc(Oc3ccc(NC(=O)N4CCC5(CCC(O)C5)C4=O)nc3)ccn2)cn1,IC50
CHEMBL598626,6.054039296422431,883.0,1,CC(C)(C)c1cc(NC(=O)c2cccc(Oc3cccc4[nH]c(=O)[nH]c34)c2)n(-c2ccccc2)n1,IC50
CHEMBL5986661,8.259637310505756,5.5,1,C[C@](O)(c1ccc(F)cc1)c1cnc(N2CCN(c3ncnn4cc(-c5ccccc5)cc34)CC2)nc1,IC50
CHEMBL5986679,6.301029995663981,500.0,2,COc1ccc(-c2[nH]c(C3(C)CCN(c4ncnc5[nH]c(C)cc45)CC3)nc2C)cc1F,Ki
CHEMBL5986745,6.560667306169737,275.0,1,COc1cc(Nc2ccc3ncc(N4CCOCC4)nc3c2C#N)ccc1OCc1ccoc1,Ki
CHEMBL5987036,8.259637310505756,5.5,1,Cn1cc(-c2cc3c(N4CCN(c5ncc(Sc6ccccc6F)cn5)[C@H](CO)C4)ncnn3c2)cn1,IC50
CHEMBL5987068,6.301029995663981,500.0,2,CCOc1ccc(-c2[nH]c(C3(C)CCN(c4ncnc5[nH]c(-c6ccc(C(=O)NC)nc6)cc45)CC3)nc2C)cc1,Ki
CHEMBL5987112,6.301029995663981,500.0,2,Cc1nc(C2(C)CCN(c3ncnc4[nH]c(-c5ccc(C(N)=O)cc5)cc34)CC2)[nH]c1-c1ccc(C(F)F)cc1,Ki
CHEMBL5987304,5.780333653084869,3000.0,2,O=S(=O)(Nc1ccc(-c2ncnc3[nH]c(C4CCCC4)cc23)cc1)c1ccc(F)cc1,Ki
CHEMBL5987912,6.259637310505756,550.0,3,Cn1cc(-c2cc3c(N4CC(C)(C(=O)NCc5ccc(Cl)cc5F)C4)ncnn3c2)cn1,IC50
CHEMBL5988110,5.1399203482970215,52750.0,2,Cc1cc2c(N3CCN(C(=O)N[C@@H](C)c4cccc(Cl)c4)C(C)(C)C3)ncnc2[nH]1,Ki
CHEMBL5988128,7.560667306169737,27.5,1,COc1cc(Nc2ccc3ncc(N4CCOCC4)nc3c2C#N)ccc1OCc1ccccc1,Ki
CHEMBL5988476,6.301029995663981,500.0,2,CCc1ccc(S(=O)(=O)NC2CCN(c3ncnc4[nH]c(-c5cnn(C)c5)cc34)CC2)s1,Ki
CHEMBL5988563,8.236572006437063,5.8,1,COc1cccc(NC(=O)C2=NN=C(c3cncc(-c4ccnc(Nc5cc(NC(=O)c6ccc(CN7CCN(C)CC7)cc6)ccc5C)n4)c3)C2)c1,Ki
CHEMBL5988689,7.560667306169737,27.5,1,COc1cc(Nc2ccc3ncc(N4CCOCC4)nc3c2C#N)ccc1OCc1cccs1,Ki
CHEMBL5988727,5.259637310505756,5500.0,1,CCc1ccc(NC(=O)NC2CCN(c3ncnc4[nH]ccc34)CC2)cc1,Ki
CHEMBL5988939,7.560667306169737,27.5,1,COc1cc(Nc2ccc3ncc(N4CCOCC4)nc3c2C#N)ccc1OCc1ccc2c(c1)CCO2,Ki
CHEMBL5989156,5.259637310505756,5500.0,1,Nc1ccc(-c2ncnc3cc(-c4ccc(F)cc4)sc23)cc1,Ki
CHEMBL5989355,6.301029995663981,500.0,4,CS(=O)(=O)Nc1ccc(-c2ncnc3[nH]c(-c4ccc(F)cc4)cc23)cc1F,Ki
CHEMBL5989589,5.259637310505756,5500.0,2,Cc1cc2c(N3CCC(c4nc(C)c(-c5ccc6c(c5)OC(F)(F)O6)[nH]4)CC3)ncnc2[nH]1,Ki
CHEMBL5989688,7.259637310505756,55.0,3,Cc1ccc(CNC(=O)C2CN(c3ncnn4cc(-c5ccnn5C)cc34)C2)cc1,IC50
CHEMBL5989976,5.259637310505756,5500.0,2,Cc1cc2c(-c3ccc(NS(=O)(=O)c4cc5ccccc5s4)cc3)ncnc2[nH]1,Ki
CHEMBL5989979,5.780333653084869,3000.0,2,Cc1ccc(S(=O)(=O)Nc2ccc(-c3ncnc4cc(C)sc34)cc2)cc1,Ki
CHEMBL5990082,5.780333653084869,3000.0,2,COc1cccc([C@H](C)NC(=O)N2CCN(c3ncnc4cc(N5CCC(F)(F)CC5)sc34)CC2(C)C)c1,Ki
CHEMBL5990095,5.780333653084869,3000.0,4,CCOc1cccc(-c2[nH]c(C3CCN(c4ncnc5[nH]c(-c6ccnc(OC)c6)cc45)CC3)nc2C)c1,Ki
CHEMBL5990131,5.259637310505756,5500.0,2,CCS(=O)(=O)Nc1cccc(-c2ncnc3[nH]c(-c4ccc(F)cc4)cc23)c1,Ki
CHEMBL5990446,7.560667306169737,27.5,1,COc1ccc(COc2ccc(Nc3ccc4ncc(N5CCN(C(C)=O)CC5)nc4c3C#N)cc2OC)cc1,Ki
CHEMBL5990558,6.301029995663981,500.0,2,COc1ccc(-c2[nH]c(C3(C)CCN(c4ncnc5[nH]c(-c6ccc(NS(C)(=O)=O)cc6)cc45)CC3)nc2C)cc1C,Ki
CHEMBL5990676,5.259637310505756,5500.0,1,COc1cc2ncnc(-c3ccc(N)c(F)c3)c2cc1OC,Ki
CHEMBL5991034,5.780333653084869,3000.0,2,Cc1cc2c(N3CCN(C(=O)N[C@@H](C)c4cccc(Cl)c4)[C@H](C)C3)ncnc2[nH]1,Ki
CHEMBL5991236,9.187086643357144,0.65,1,C[C@](N)(c1ccc(F)cc1)c1cnc(N2CCN(c3ncnn4cc(-c5cnn(C6(CO)CC6)c5)cc34)CC2)nc1,IC50
CHEMBL5991402,6.301029995663981,500.0,2,Cc1nc(C2CCN(c3ncnc4[nH]c(-c5ccc(F)cc5)cc34)CC2)[nH]c1-c1ccc(OC(F)(F)F)cc1,Ki
CHEMBL5991651,7.560667306169737,27.5,1,COc1cc(Nc2ccc3ncc(N4CCOCC4)nc3c2C#N)ccc1OCc1cnn(CC2CC2)c1,Ki
CHEMBL5991785,6.301029995663981,500.0,2,CC(=O)Nc1cccc(-c2cc3c(N4CCC(c5nc(C)c(-c6ccccc6)[nH]5)CC4)ncnc3[nH]2)c1,Ki
CHEMBL5991962,6.259637310505756,550.0,3,Cc1ccc(CNC(=O)C2CN(c3ncnn4cc(-c5c(C)n[nH]c5C)cc34)C2)cc1,IC50
CHEMBL5992069,3.9788107009300617,105000.0,1,CCCS(=O)(=O)NC1CCN(c2ncnc3[nH]ccc23)CC1,Ki
CHEMBL5992659,5.259637310505756,5500.0,1,O=C(NCc1ccc(C(F)(F)F)nc1)N1CCN(c2ncnc3[nH]c(-c4ccc(Cl)cc4)cc23)CC1,Ki
CHEMBL5992820,5.780333653084869,3000.0,2,NS(=O)(=O)c1ccc(-c2cc3c(N4CCN(C(=O)NCc5ccc(F)cc5)CC4)ncnc3[nH]2)cc1,Ki
CHEMBL5992877,6.301029995663981,500.0,2,COc1cccc([C@H](C)NC(=O)N2CCN(c3ncnc4[nH]c(-c5ccncc5)cc34)C[C@H]2C)c1,Ki
CHEMBL5992978,3.9788107009300617,105000.0,1,Cc1ccccc1Cc1c[nH]c2ncnc(N3CCN(C(=O)NCc4ccc(F)cc4)CC3)c12,Ki
CHEMBL5993079,7.259637310505756,55.0,1,Cn1cc(-c2cc3c(N4CCN(c5ncc(S(=O)(=O)c6ccc(F)cc6)cn5)CC4)ncnn3c2)cn1,IC50
CHEMBL5993257,6.301029995663981,500.0,2,Cc1nc(C2CCN(c3ncnc4[nH]c(-c5cnn(C(F)F)c5)cc34)CC2)[nH]c1-c1ccc(F)cc1,Ki
CHEMBL5993333,3.9788107009300617,105000.0,1,CC(C)(C)c1cc2ncnc(N3CCN(C(=O)Nc4ccc(F)cc4)CC3)c2s1,Ki
CHEMBL5993631,6.301029995663981,500.0,1,COc1ccc(CNC(=O)N2CCN(c3ncnc4[nH]c(-c5ccc(F)cc5)cc34)CC2)cn1,Ki
CHEMBL5994060,7.69520279538739,24.0,2,Cc1ccc(NC(=O)c2ccc(CN3CCN(C)CC3)cc2)cc1Nc1nccc(-c2cncc(-c3ccns3)c2)n1,Ki
CHEMBL5994205,3.9788107009300617,105000.0,1,O=S(=O)(NC1CCN(c2ncnc3[nH]c(-c4ccc(Cl)cc4)cc23)CC1)c1ccc(F)cc1,Ki
CHEMBL5994391,8.075720713938118,8.4,1,Cc1ccc(NC(=O)c2ccc(CN3CCN(C)CC3)cc2)cc1Nc1nccc(-c2cncc(C3=NN=C(C(=O)Nc4cn[nH]c4)C3)c2)n1,Ki
CHEMBL5994562,6.759637310505756,302.5,2,Cc1ccc(CNC(=O)C2CN(c3ncnn4cc(-c5cn(C)nc5N)cc34)C2)cc1,IC50
CHEMBL5994619,6.301029995663981,500.0,2,Cn1cc(-c2cc3c(N4CCN(c5nc6ccccc6[nH]5)CC4)ncnc3[nH]2)cn1,Ki
CHEMBL5994881,4.619224005717909,55250.0,2,CCOC(=O)Nc1cccc(Nc2ncc(NC(=O)c3[nH]nc(C)c3C)cn2)c1,Ki
CHEMBL5994950,5.780333653084869,3000.0,2,CC(=O)Nc1cccc(-c2cc3c(N4CCN(C(=O)NCc5ccc(F)cc5)CC4)ncnc3[nH]2)c1,Ki
CHEMBL5995081,8.340968332518619,4.6,2,Cc1ccc(NC(=O)c2ccc(CN3CCN(C)CC3)cc2)cc1Nc1nccc(-c2cncc(-c3ccn(C)n3)c2)n1,Ki
CHEMBL5995172,6.759637310505756,302.5,2,CC1(C(=O)NCc2ccc(Cl)cc2F)CN(c2ncnn3cc(-c4ccc(C(C)(C)O)cc4)cc23)C1,IC50
CHEMBL5995511,6.301029995663981,500.0,2,COc1ccc(-c2cc3c(N4CCC(C)(c5nc(C)c(-c6ccc(C(F)(F)F)cc6)[nH]5)CC4)ncnc3[nH]2)cn1,Ki
CHEMBL5995520,3.9788107009300617,105000.0,1,Cc1n[nH]c(C(=O)Nc2cnc3[nH]nc(-c4ccc(F)cc4)c3c2)c1C,Ki
CHEMBL5995535,5.780333653084869,3000.0,2,Cn1cc(-c2cc3c(N4CCC(NS(=O)(=O)c5cc(Cl)c(Cl)s5)CC4)ncnc3[nH]2)cn1,Ki
CHEMBL5995742,3.9788107009300617,105000.0,1,Cc1ccccc1C(=O)c1c[nH]c2ncnc(N3CCN(c4cc(NC5CC5)ncn4)CC3)c12,Ki
CHEMBL5995941,5.259637310505756,5500.0,2,COc1ccc(S(=O)(=O)Nc2ccc(-c3ncnc4[nH]c(C)cc34)cc2)cc1,Ki
CHEMBL5996079,3.9788107009300617,105000.0,2,COc1cccc([C@H](C)NC(=O)N2CCN(c3ncnc4[nH]c(C)cc34)C[C@H]2C)c1,Ki
CHEMBL5996089,6.301029995663981,500.0,2,Cc1nc(C2(C)CCN(c3ncnc4[nH]c(-c5cnn(C(F)F)c5)cc34)CC2)[nH]c1-c1ccc2c(c1)OCO2,Ki
CHEMBL5996859,7.259637310505756,55.0,3,CNCC1(C(=O)NCc2ccc(C)cc2)CN(c2ncnn3cc(-c4cnn(C)c4)cc23)C1,IC50
CHEMBL5996920,6.259637310505756,550.0,1,Cc1ccc(CNC(=O)C2CN(c3ncnn4cc(-c5ccc(C(=O)N6CCCC6)cc5)cc34)C2)cc1,IC50
CHEMBL5997000,6.301029995663981,500.0,2,COc1cc(-c2cc3c(N4CCC(C)(c5nc(C)c(-c6ccc(OC)c(C)c6)[nH]5)CC4)ncnc3[nH]2)ccn1,Ki
CHEMBL5997395,6.259637310505756,550.0,1,COc1cc2ncnc(N3CCN(c4ncc(S(=O)(=O)c5ccccc5)cn4)CC3)c2cc1OC,IC50
CHEMBL5997432,3.9788107009300617,105000.0,2,Cc1n[nH]c(C(=O)Nc2cnc3[nH]c(C4=CCN(S(C)(=O)=O)CC4)cc3c2)c1Cl,Ki
CHEMBL5997579,3.9788107009300617,105000.0,2,COc1ncc(-c2cc3c(N4CCC(NS(=O)(=O)c5ccc(OC(F)(F)F)cc5)CC4)ncnc3[nH]2)cn1,Ki
CHEMBL5997987,3.9788107009300617,105000.0,2,O=C(NCc1ccc(Cl)cc1)N1CCN(c2ncnc3[nH]ccc23)CC1,Ki
CHEMBL5998170,4.619224005717909,55250.0,2,O=C(NCc1ccc(F)cc1)N1CCN(c2ncnc3cc(C4CCNCC4)sc23)CC1,Ki
CHEMBL5998227,5.1399203482970215,52750.0,2,O=S(=O)(Nc1ccc(-c2ncnc3[nH]c(-c4ccc(F)cc4)cc23)c(F)c1)C1CC1,Ki
CHEMBL5998346,3.9788107009300617,105000.0,1,O=C(C1CCCCC1)N1CCN(c2ncnc3[nH]ccc23)CC1,Ki
CHEMBL5998650,4.619224005717909,55250.0,2,Cc1n[nH]cc1C(=O)Nc1cnc2[nH]c(-c3ccc(F)cc3)cc2c1,Ki
CHEMBL5998743,5.780333653084869,3000.0,2,O=C(NCc1ccc(F)cc1)N1CCN(c2ncnc3[nH]c(-c4ccc(Cl)cc4)cc23)CC1,Ki
CHEMBL5998875,5.259637310505756,5500.0,2,Cc1cc2c(-c3ccc(NS(=O)(=O)c4cccc(F)c4)c(F)c3)ncnc2[nH]1,Ki
CHEMBL5999056,6.301029995663981,500.0,2,CNC(=O)c1ccc(-c2cc3c(N4CCC(C)(c5nc(C)c(-c6ccc(OC(F)F)cc6)[nH]5)CC4)ncnc3[nH]2)cn1,Ki
CHEMBL5999103,7.759637310505756,30.25,2,COc1cc2ncnc(N3CCN(c4ncc(Cc5ccccc5)cn4)CC3)c2cc1OCC1CNC1,IC50
CHEMBL5999144,6.759637310505756,302.5,2,Cc1ccc(CNC(=O)C2CN(c3ncnn4cc(-c5cn(C(C)C)nc5N)cc34)C2)cc1,IC50
CHEMBL5999148,5.780333653084869,3000.0,2,C[C@H](NC(=O)N1CCN(c2ncnc3[nH]c(-c4cnn(C)c4)cc23)C[C@H]1C)c1ccc(Cl)cc1,Ki
CHEMBL5999279,5.1399203482970215,52750.0,2,C[C@H](NC(=O)N1CCN(c2ncnc3cc(-c4ccc(F)cc4)sc23)CC1(C)C)c1cccc(OC(F)F)c1,Ki
CHEMBL5999322,5.259637310505756,5500.0,1,C[C@@H]1CN(c2ncnc3[nH]c(-c4ccc(F)cc4)cc23)CCN1C(=O)N[C@H](C)c1ccc(F)cc1,Ki
CHEMBL5999394,4.619224005717909,55250.0,2,Cc1cc2c(N3CCN(C(=O)N[C@@H](C)c4ccc(F)cc4)C(C)(C)C3)ncnc2[nH]1,Ki
CHEMBL5999641,8.259637310505756,5.5,1,COc1cc2ncnc(N3CCN(c4ncc(Cc5ccccc5)cn4)CC3)c2cc1OCC1CCNC1,IC50
CHEMBL6000615,7.560667306169737,27.5,1,CCOc1ccc(COc2ccc(Nc3ccc4ncc(N5CCOCC5)nc4c3C#N)cc2OC)cc1,Ki
CHEMBL6000933,6.259637310505756,550.0,1,COc1cc2ncnc(N3CCN(c4ncc(OCc5ccccc5C)cn4)CC3)c2cc1OC,IC50
CHEMBL6001223,6.301029995663981,500.0,2,Cc1ccc(S(=O)(=O)NC2CCN(c3ncnc4[nH]c(-c5cnn(C)c5)cc34)CC2C)cc1,Ki
CHEMBL6001328,6.301029995663981,500.0,1,Nc1ccc(-c2ncnc3[nH]c(-c4ccc(F)cc4F)cc23)c(F)c1,Ki
CHEMBL6001350,8.244125144327509,5.7,1,Cc1csc(-c2cncc(-c3ccnc(Nc4cc(NC(=O)c5ccc(CN6CCN(C)CC6)cc5)ccc4C)n3)c2)n1,Ki
CHEMBL6001391,5.1399203482970215,52750.0,2,Cc1cc2c(N3CCN(C(=O)N[C@@H](C)c4cccc(F)c4)[C@H](C)C3)ncnc2[nH]1,Ki
CHEMBL6001571,5.780333653084869,3000.0,2,Cc1nn(C)cc1-c1cc2c(N3CCN(C(=O)N[C@@H](C)c4ccc(F)cc4)[C@H](C)C3)ncnc2[nH]1,Ki
CHEMBL6001663,6.301029995663981,500.0,2,COc1cccc(-c2[nH]c(C3(C)CCN(c4ncnc5[nH]c(-c6ccc(NS(C)(=O)=O)cc6)cc45)CC3)nc2C)c1,Ki
CHEMBL6001697,5.259637310505756,5500.0,1,O=S(=O)(Nc1ccc(-c2ncnc3[nH]c(-c4ccc(F)cc4)cc23)cc1)N1CCCC1,Ki
CHEMBL6001863,5.259637310505756,5500.0,2,Cn1cc(-c2cc3ncnc(-c4ccc(N)nc4)c3s2)cn1,Ki
CHEMBL6002360,3.9788107009300617,105000.0,2,COc1ccc(NC(=O)N2CCN(c3ncnc4[nH]ccc34)CC2)cc1,Ki
CHEMBL6002446,4.619224005717909,55250.0,2,Cc1n[nH]c(C(=O)Nc2cnc3[nH]c(-c4ccc(F)cc4OC(F)F)cc3c2)c1C,Ki
CHEMBL6002844,5.259637310505756,5500.0,1,Cc1n[nH]c(C(=O)Nc2cnc3[nH]ccc3c2)c1C,Ki
CHEMBL6003238,7.560667306169737,27.5,1,COc1cc(Nc2ccc3ncc(N4CCC(N(C)C)CC4)nc3c2C#N)ccc1OCc1cccc(F)c1,Ki
CHEMBL6003382,6.301029995663981,500.0,2,COc1ccc(S(=O)(=O)Nc2ccc(-c3ncnc4cc(OCCCN5CCCCC5)c(OC)cc34)c(F)c2)cc1,Ki
CHEMBL6003567,7.259637310505756,55.0,3,CC[C@H](NC(=O)C1(OC)CN(c2ncnn3cc(-c4cnn(CC(C)(C)O)c4)cc23)C1)c1ccc(Cl)cc1,IC50
CHEMBL6003702,4.619224005717909,55250.0,2,N#Cc1cccc(-c2cc3c(N4CCN(C(=O)NCc5ccc(F)cc5)CC4)ncnc3[nH]2)c1,Ki
CHEMBL6004098,3.9788107009300617,105000.0,2,Cc1n[nH]c(C(=O)Nc2cnc3[nH]c(-c4ccc(C(=O)O)c(F)c4)cc3c2)c1C,Ki
CHEMBL6004280,6.301029995663981,500.0,2,COc1cccc(-c2[nH]c(C3(C)CCN(c4ncnc5[nH]c(-c6ccc(C(N)=O)cc6)cc45)CC3)nc2C)c1,Ki
CHEMBL6004433,4.619224005717909,55250.0,2,O=C(NCc1ccc(F)cc1)N1CCN(c2ncnc3[nH]cc(-c4ccccc4)c23)CC1,Ki
CHEMBL6004487,3.9788107009300617,105000.0,2,Cc1n[nH]c(C(=O)Nc2cnc3[nH]c(C4=CCN(C(=O)C(O)CO)CC4)cc3c2)c1C,Ki
CHEMBL6004831,8.259637310505756,5.5,1,Cc1ccc(-c2cc3c(N4CCN(c5ncc([C@@](C)(O)c6ccc(F)cc6)cn5)CC4)ncnn3c2)cn1,IC50
CHEMBL6004963,8.167491087293763,6.8,1,Cc1ccc(NC(=O)c2ccc(CN3CCN(C)CC3)cc2)cc1Nc1nccc(-c2cncc(C3=NN=C(C(=O)Nc4cccnc4)C3)c2)n1,Ki
CHEMBL6005124,5.780333653084869,3000.0,2,COc1cccc(-c2[nH]c(C3(C)CCN(c4ncnc5[nH]c(C)cc45)CC3)nc2C)c1,Ki
CHEMBL6005349,7.560667306169737,27.5,2,COc1ccc(COc2ccc(Nc3ccc4ncc(N5CCOCC5)nc4c3C#N)cc2OC)cc1,Ki
CHEMBL6005362,6.259637310505756,550.0,3,COc1ccc(CNC(=O)C2CN(c3ncnn4cc(-c5cnn(C)c5)cc34)C2)cc1,IC50
CHEMBL6005413,7.995678626217358,10.1,1,Cn1cc(-c2cc(Oc3ccc(NC(=O)N4CCC5(CCC(F)(F)C5)C4=O)nc3)ccn2)cn1,IC50
CHEMBL6005562,6.301029995663981,500.0,2,COc1ccc(-c2cc3c(N4CCC(C)(c5nc(C)c(-c6ccc(OC)c(C)c6)[nH]5)CC4)ncnc3[nH]2)cn1,Ki
CHEMBL6005770,6.301029995663981,500.0,2,Cc1nc(C2CCN(c3ncnc4[nH]c(-c5cccc(S(N)(=O)=O)c5)cc34)CC2)[nH]c1-c1ccccc1,Ki
CHEMBL6005971,5.1399203482970215,52750.0,2,COc1cccc([C@@H](C)NC(=O)N2CCN(c3ncnc4cc(-c5cn(C)nc5C)sc34)C[C@H]2C)c1,Ki
CHEMBL6006032,5.780333653084869,3000.0,2,COc1cc(-c2cc3c(N4CCN(C(=O)N[C@@H](C)c5ccc(F)cc5)C(C)(C)C4)ncnc3[nH]2)ccn1,Ki
CHEMBL6006110,7.906578314837765,12.4,1,Cc1cccc(NC(=O)C2=NN=C(c3cncc(-c4ccnc(Nc5cc(NC(=O)c6ccc(CN7CCN(C)CC7)cc6)ccc5C)n4)c3)C2)c1,Ki
CHEMBL6006177,6.259637310505756,550.0,1,Cc1ccc(CNC(=O)C2CN(c3ncnn4cc(C5=CCN(C(=O)C6CC6)CC5)cc34)C2)cc1,IC50
CHEMBL6006660,6.759637310505756,302.5,2,Cc1ccc(CNC(=O)C2CN(c3ncnn4cc(-c5ccc(C6CC6)cc5)cc34)C2)cc1,IC50
CHEMBL6006702,6.301029995663981,500.0,2,CCOc1cc(-c2[nH]c(C3CCN(c4ncnc5[nH]c(-c6ccnc(OC)c6)cc45)CC3)nc2C)ccc1C,Ki
CHEMBL6006787,7.259637310505756,55.0,3,Cn1cc(-c2cc3c(N4CCN(c5ncc([C@@](C)(N)c6ccc(F)cc6)cn5)CC4)c(F)cnn3c2)cn1,IC50
CHEMBL6006881,6.560667306169737,275.0,1,COCCN1CCN(c2cnc3ccc(Nc4ccc(OCc5ccc(C)nc5)c(OC)c4)c(C#N)c3n2)CC1,Ki
CHEMBL6006892,7.759637310505756,30.25,2,Cn1cc(-c2cc3c(N4CCN(c5ncc([C@@](C)(N)c6ccc(F)cc6)cn5)CC4)c(Cl)cnn3c2)cn1,IC50
CHEMBL6006914,7.259637310505756,55.0,3,Cn1cc(-c2cc3c(N4CC(C(=O)NCc5ccc(C(C)(C)C)cc5)C4)ncnn3c2)cn1,IC50
CHEMBL6006946,6.301029995663981,500.0,1,COc1cc2ncnc(-c3ccc(NS(C)(=O)=O)c(F)c3)c2cc1OC,Ki
CHEMBL6006982,8.259637310505756,5.5,1,Cn1cc(-c2cc3c(N4CCN(c5ncc([C@@](C)(O)c6ccc(F)cc6Cl)cn5)CC4)ncnn3c2)cn1,IC50
CHEMBL6006991,7.259637310505756,55.0,2,COc1cc2ncnc(N3CCN(c4ncc(Cc5cccc(C(N)=O)c5)cn4)CC3)c2cc1OC,IC50
CHEMBL6007279,8.259637310505756,5.5,1,Cc1cc(-c2cc3c(N4CCN(c5ncc([C@@](C)(O)c6ccc(F)cc6)cn5)CC4)ncnn3c2)no1,IC50
CHEMBL6007563,5.780333653084869,3000.0,2,C[C@H](NC(=O)N1CCN(c2ncnc3[nH]c(-c4cnn(C)c4)cc23)CC1)c1ccc(F)cc1,Ki
CHEMBL6007728,7.759637310505756,30.25,2,COc1cc2ncnc(N3CCN(c4ncc(Nc5ccc(F)cc5)cn4)CC3)c2cc1OCC1CCN(C)CC1,IC50
CHEMBL600795,4.3872161432802645,41000.0,1,C[C@@H](Oc1ccc2ncccc2c1)c1c(Cl)ccc(F)c1Cl,IC50
CHEMBL6007961,6.301029995663981,500.0,1,C[C@H]1CN(c2ncnc3[nH]c(-c4ccncc4)cc23)CCN1C(=O)NCc1cccc(Cl)c1,Ki
CHEMBL6008007,6.759637310505756,302.5,2,C[C@H](NC(=O)C1CN(c2ncnn3cc(-c4cnn([C@H](C)C(C)(C)O)c4)cc23)C1)c1ccc(F)cc1,IC50
CHEMBL6008114,8.259637310505756,5.5,1,COc1cc2ncnc(N3CCN(c4ncc(Cc5ccccc5)cn4)CC3)c2cc1OCC1CCN(C)C1,IC50
CHEMBL6008259,8.366531544420413,4.3,1,Cc1ccc(NC(=O)c2ccc(CN3CCN(C)CC3)cc2)cc1Nc1nccc(-c2cncc(-c3cnsc3)c2)n1,Ki
CHEMBL6008318,3.9788107009300617,105000.0,1,CCNS(=O)(=O)c1ccc(-c2ncnc3[nH]c(-c4ccc(F)cc4)cc23)cc1,Ki
CHEMBL6008432,6.301029995663981,500.0,2,COc1ccc(-c2[nH]c(C3(C)CCN(c4ncnc5[nH]c(-c6ccc(OC)nc6)cc45)CC3)nc2C)cc1,Ki
CHEMBL6008849,5.780333653084869,3000.0,4,COc1cccc([C@H](C)NC(=O)N2CCN(c3ncnc4[nH]c(-c5ccc(F)cc5)cc34)CC2)c1,Ki
CHEMBL6009529,6.301029995663981,500.0,1,O=C(NCc1ccc(F)cc1)N1CCN(c2ncnc3[nH]c(-c4ccc(F)cc4)cc23)CC1,Ki
CHEMBL6009840,6.259637310505756,550.0,3,C[C@H](NC(=O)C1CN(c2ncnn3cc(-c4ccc(OC(C)(C)C)c(F)c4)cc23)C1)c1ccc(F)cc1,IC50
CHEMBL6009937,3.9788107009300617,105000.0,1,Cc1n[nH]c(C(=O)Nc2cnc3[nH]c(-c4cnc(N5CCOCC5)nc4)cc3c2)c1C,Ki
CHEMBL6010014,3.9788107009300617,105000.0,1,O=C(NCc1ccccc1Cl)N1CCN(c2ncnc3[nH]c(-c4ccc(F)cc4)cc23)CC1,Ki
CHEMBL6010045,4.619224005717909,55250.0,2,Cc1cc2c(-c3ccc(NS(=O)(=O)c4ccc(C)c(F)c4)cc3F)ncnc2[nH]1,Ki
CHEMBL6010147,6.301029995663981,500.0,2,CCc1ccc(S(=O)(=O)NC2CCN(c3ncnc4[nH]c(C)cc34)CC2)s1,Ki
CHEMBL6010252,5.780333653084869,3000.0,2,COc1ccc(-c2[nH]c(C3CCN(c4ncnc5[nH]c(-c6ccc(F)cc6)cc45)CC3)nc2C)cc1OC,Ki
CHEMBL6010287,4.619224005717909,55250.0,2,Cc1ccc(S(=O)(=O)Nc2ccc(-c3ncnc4[nH]c(C)nc34)cc2)cc1,Ki
CHEMBL6010296,6.301029995663981,500.0,2,C[C@H]1CN(c2ncnc3[nH]c(-c4ccncc4)cc23)CCN1C(=O)NCc1ccc(Cl)cc1,Ki
CHEMBL6010341,7.259637310505756,55.0,3,CCC(=O)N1CC=C(c2cc3c(N4CC(C)(C(=O)N[C@@H](C)c5ccc(F)cc5)C4)ncnn3c2)CC1,IC50
CHEMBL6010428,6.759637310505756,302.5,2,CC[C@H](NC(=O)C1CN(c2ncnn3cc(-c4ccc(S(C)(=O)=O)cc4)cc23)C1)c1ccc(Cl)cc1,IC50
CHEMBL6010635,3.9788107009300617,105000.0,1,CCc1cc(C(=O)Nc2cnc3[nH]c(-c4ccc(F)cc4)cc3c2)[nH]n1,Ki
CHEMBL6010904,8.259637310505756,5.5,1,NC(=O)c1ccc(-c2cc3c(N4CCN(c5ncc(Cc6ccccc6)cn5)CC4)ncnn3c2)cc1,IC50
CHEMBL6011235,7.259637310505756,55.0,3,Cc1c(-c2cc3c(N4CC(C(=O)Nc5ccc(C#N)cc5)C4)ncnn3c2)cnn1C,IC50
CHEMBL6011878,4.619224005717909,55250.0,2,Cc1cc2c(-c3ccc(NS(=O)(=O)c4ccc(OC(F)F)cc4)c(F)c3)ncnc2[nH]1,Ki
CHEMBL6012180,5.1399203482970215,52750.0,2,C[C@H](NC(=O)N1CCN(c2ncnc3[nH]c(-c4ccc(C#N)cc4)cc23)C[C@H]1C)c1ccc(Cl)cc1,Ki
CHEMBL6012232,6.759637310505756,302.5,2,Cn1cc(-c2cc3c(N4CC(NC(=O)Cc5ccc(Cl)cc5F)C4)ncnn3c2)cn1,IC50
CHEMBL6012277,5.1399203482970215,52750.0,2,Cc1ccc(-c2cc3c(N4CCN(C(=O)Nc5ccc(OC(F)(F)F)cc5)CC4)ncnc3[nH]2)cn1,Ki
CHEMBL6012421,5.1399203482970215,52750.0,2,COc1cc([C@H](C)NC(=O)N2CCN(c3ncnc4[nH]c(-c5ccc(F)cc5)cc34)C[C@H]2C)ccc1F,Ki
CHEMBL6012664,7.259637310505756,55.0,2,COc1cc2ncnc(N3CCN(c4ncc(CCc5ccccc5)cn4)CC3)c2cc1OC,IC50
CHEMBL6012720,6.759637310505756,302.5,2,COc1cc2ncnc(N3CCN(c4ncc(Cc5cccc(OC(F)(F)F)c5)cn4)CC3)c2cc1OC,IC50
CHEMBL6012748,6.259637310505756,550.0,3,Cc1ccc(CNC(=O)C2CN(c3ncnn4cc(-c5ccc6nonc6c5)cc34)C2)cc1,IC50
CHEMBL6013539,5.1399203482970215,52750.0,2,Cc1nn(C)cc1-c1cc2c(N3CCN(C(=O)N[C@@H](C)c4ccc(Cl)cc4)CC3)ncnc2[nH]1,Ki
CHEMBL6013541,5.780333653084869,3000.0,2,CCOc1ccc(-c2[nH]c(C3CCN(c4ncnc5[nH]c(-c6ccnc(OC)c6)cc45)CC3)nc2C)cc1,Ki
CHEMBL6013790,6.560667306169737,275.0,1,CCn1cc(COc2ccc(Nc3ccc4ncc(N5CCOCC5)nc4c3C#N)cc2OC)cn1,Ki
CHEMBL6013796,3.9788107009300617,105000.0,1,O=C(Nc1ccccc1)N1CCN(c2ncnc3[nH]ccc23)CC1,Ki
CHEMBL6014305,6.259637310505756,550.0,3,Cc1ccc(CNC(=O)C2CN(c3ncnn4cc(-c5ccc(F)c(OC(C)(C)C)c5)cc34)C2)cc1,IC50
CHEMBL6014437,4.619224005717909,55250.0,2,CCCCc1ccc(S(=O)(=O)Nc2ccc(-c3ncnc4[nH]c(C)cc34)cc2)cc1,Ki
CHEMBL6014572,7.259637310505756,55.0,2,COc1cc2ncnc(N3CCN(c4ncc(Cc5cccc(F)c5)cn4)CC3)c2cc1OC,IC50
CHEMBL6014853,5.780333653084869,3000.0,2,CCC1(c2nc(C)c(-c3ccc(OC)c(C)c3)[nH]2)CCN(c2ncnc3[nH]c(C)cc23)CC1,Ki
CHEMBL6015082,3.9788107009300617,105000.0,1,CCc1ccc(C(=O)N2CCN(c3ncnc4[nH]ccc34)CC2)cc1,Ki
CHEMBL6015100,4.619224005717909,55250.0,2,CNC(=O)c1cccc(Nc2ncc(NC(=O)c3[nH]nc(C)c3C)cn2)c1,Ki
CHEMBL6015203,6.759637310505756,302.5,2,Cc1ccc(CNC(=O)C2CN(c3ncnn4cc(C5=CCOCC5)cc34)C2)cc1,IC50
CHEMBL6015522,3.9788107009300617,105000.0,1,COc1ccc([C@@H](C)NC(=O)N2CCN(c3ncnc4[nH]c(-c5ccc(F)cc5)cc34)CC2)cc1,Ki
CHEMBL6015535,3.9788107009300617,105000.0,1,O=C(Nc1ccccc1)NC1CCN(c2ncnc3[nH]ccc23)CC1,Ki
CHEMBL6015595,6.259637310505756,550.0,1,COc1cc2ncnc(N3CCN(c4ncc(OCc5ccc(C)cc5)cn4)CC3)c2cc1OC,IC50
CHEMBL6016134,6.259637310505756,550.0,1,Cc1ccc(CNC(=O)C2CN(c3ncnn4cc(C5=CCN(C(=O)OC(C)C)CC5)cc34)C2)cc1,IC50
CHEMBL6016279,6.301029995663981,500.0,2,CS(=O)(=O)Nc1ccc(-c2cc3c(N4CCN(C(=O)Nc5ccc(OC(F)(F)F)cc5)CC4)ncnc3[nH]2)cc1,Ki
CHEMBL6016488,8.259637310505756,5.5,1,Cn1cc(-c2cc3c(N4CCN(c5ncc([C@](C)(O)c6c(F)cc(F)cc6F)cn5)CC4)ncnn3c2)cn1,IC50
CHEMBL6016629,7.560667306169737,27.5,1,COc1ccc(COc2ccc(Nc3ccc4ncc(N5CCC(N(C)C)CC5)nc4c3C#N)cc2OC)cc1F,Ki
CHEMBL6016799,3.9788107009300617,105000.0,1,Cc1n[nH]c(C(=O)Nc2cnc3[nH]c(-c4cnccc4C(N)=O)cc3c2)c1C,Ki
CHEMBL6016829,4.619224005717909,55250.0,2,Cc1n[nH]c(C(=O)Nc2cnc3[nH]c(-c4ccc(C#N)c(N5CCOCC5)c4)cc3c2)c1C,Ki
CHEMBL6017016,5.1399203482970215,52750.0,2,COCCOc1cc2ncnc(-c3ccc(NS(C)(=O)=O)cc3F)c2cc1OCCOC,Ki
CHEMBL6017325,6.301029995663981,500.0,2,CCOc1ccc(-c2[nH]c(C3(C)CCN(c4ncnc5[nH]c(-c6ccc(C(=O)NC)nc6)cc45)CC3)nc2C)cc1C,Ki
CHEMBL6017942,6.259637310505756,550.0,3,Cn1cc(-c2cc3c(N4CC(C)(C(=O)NCc5ccc(Cl)cc5)C4)ncnn3c2)cn1,IC50
CHEMBL6018249,7.214670164989233,61.0,1,CN1CCC(Nc2ccccc2C(=O)Nc2n[nH]c3cc(OCCOCc4ccccc4)ccc23)CC1,IC50
CHEMBL6018464,5.1399203482970215,52750.0,2,Cc1nn(C)cc1-c1cc2ncnc(N3CCN(C(=O)N[C@@H](C)c4ccc(F)cc4)[C@H](C)C3)c2s1,Ki
CHEMBL6018841,7.259637310505756,55.0,1,Cn1cc(-c2cc3c(N4CCN(c5ncc([C@](C)(O)c6ccc(F)cc6Cl)cn5)CC4)ncnn3c2)cn1,IC50
CHEMBL6018855,3.9788107009300617,105000.0,1,Cc1ccc(-c2cc3c(N4CCC(NS(=O)(=O)c5ccc(OC(F)(F)F)cc5)CC4)ncnc3[nH]2)cn1,Ki
CHEMBL6019045,6.301029995663981,500.0,2,Cc1nc(C2(C)CCN(c3ncnc4[nH]c(-c5ccc(OCC(=O)O)cc5)cc34)CC2)[nH]c1-c1ccc(C(F)F)cc1,Ki
CHEMBL6019085,3.9788107009300617,105000.0,1,O=C1CCCN1c1ccc(S(=O)(=O)NC2CCN(c3ncnc4[nH]c(-c5ccc(Cl)cc5)cc34)CC2)cc1,Ki
CHEMBL6019256,3.9788107009300617,105000.0,1,Cc1n[nH]c(C(=O)Nc2cnc3[nH]c(-c4ccnc(C(=O)NC5CC5)c4)cc3c2)c1C,Ki
CHEMBL6019259,6.759637310505756,302.5,2,COc1ccc(-c2cc3c(N4CC(C(=O)NCc5ccc(C)cc5)C4)ncnn3c2)cc1,IC50
CHEMBL6019529,6.259637310505756,550.0,1,COc1cc2ncnc(N3CCN(c4ncc(NCc5cccc(C)c5)cn4)CC3)c2cc1OC,IC50
CHEMBL6019715,6.759637310505756,302.5,2,Cc1ccc(CNC(=O)C2CN(c3ncnn4cc(-c5ccc6c(c5)CNC6=O)cc34)C2)cc1,IC50
CHEMBL6020001,5.259637310505756,5500.0,2,Cc1cc2c(-c3ccc(NS(=O)(=O)c4ccc(OC(F)F)cc4)cc3F)ncnc2[nH]1,Ki
CHEMBL6020196,7.259637310505756,55.0,5,Cc1ccc(CNC(=O)C2CN(c3ncnn4cc(-c5cnn(C)c5)cc34)C2)cc1,IC50
CHEMBL6020201,7.560667306169737,27.5,1,CNc1cnc2ccc(Nc3ccc(OCc4ccc(OC)cc4)c(OC)c3)c(C#N)c2n1,Ki
CHEMBL6021144,5.780333653084869,3000.0,2,COc1ccc(NC(=O)N2CCN(c3ncnc4[nH]c(-c5ccccc5)cc34)CC2)cc1,Ki
CHEMBL602123,6.665546248849069,216.0,1,O=C(Nc1cc(Oc2cccc3[nH]c(=O)[nH]c23)c(F)c(F)c1F)c1cccc(OC(F)(F)F)c1,IC50
CHEMBL6021454,6.759637310505756,302.5,2,Cc1ccc(CNC(=O)C2CN(c3nccn4nc(-c5ccc(C6(CO)CC6)cc5)cc34)C2)cc1,IC50
CHEMBL6021703,6.259637310505756,550.0,3,CCC1(C(=O)NCc2ccc(C)cc2)CN(c2ncnn3cc(-c4cnn(C)c4)cc23)C1,IC50
CHEMBL6021896,5.259637310505756,5500.0,2,O=C(Nc1cccc(C(F)(F)F)c1)N1CCN(c2ncnc3[nH]c(-c4cccnc4)cc23)CC1,Ki
CHEMBL6022172,3.9788107009300617,105000.0,2,CNS(=O)(=O)c1cccc(-c2ncnc3[nH]c(C)cc23)c1,Ki
CHEMBL6022473,6.259637310505756,550.0,1,COc1cc2ncnc(N3CCN(c4ncc(O[C@@H](C)c5ccccc5)cn4)CC3)c2cc1OC,IC50
CHEMBL6022774,5.780333653084869,3000.0,2,CC(=O)Nc1cccc(-c2cc3c(N4CCN(C(=O)Nc5ccc(OC(F)(F)F)cc5)CC4)ncnc3[nH]2)c1,Ki
CHEMBL6022821,5.1399203482970215,52750.0,2,C[C@H](NC(=O)N1CCN(c2ncnc3cc(-c4ccc(F)cc4)sc23)CC1(C)C)c1cccc(Cl)c1,Ki
CHEMBL6022898,6.301029995663981,500.0,1,C[C@H](NC(=O)N1CCN(c2ncnc3[nH]c(-c4ccc(F)cc4)cc23)C[C@H]1C)c1cccc(Cl)c1,Ki
CHEMBL6023374,5.259637310505756,5500.0,2,CS(=O)(=O)Nc1cccc(-c2ncnc3[nH]c(-c4ccc(F)cc4)cc23)c1,Ki
CHEMBL6023452,5.780333653084869,3000.0,2,O=C(Nc1ccc(OC(F)(F)F)cc1)N1CCN(c2ncnc3[nH]c(-c4ccncc4)cc23)CC1,Ki
CHEMBL6023536,4.619224005717909,55250.0,2,Cc1n[nH]c(C(=O)Nc2cnc3[nH]c(-c4ccnc(N5CCN(C(=O)C6CC6)CC5)c4)cc3c2)c1C,Ki
CHEMBL6023872,5.780333653084869,3000.0,2,CS(=O)(=O)N1CC=C(c2cc3ncnc(N4CCN(C(=O)NCc5ccc(F)cc5)CC4)c3s2)CC1,Ki
CHEMBL6024015,6.301029995663981,500.0,2,Cc1nc(C2(C)CCN(c3ncnc4[nH]c(-c5ccc(F)cc5)cc34)CC2)[nH]c1-c1ccc(F)cc1,Ki
CHEMBL6024392,8.259637310505756,5.5,1,Cn1cc(-c2cc3c(N4CCN(c5ncc([C@@](N)(c6ccc(F)cc6)C(F)(F)F)cn5)CC4)ncnn3c2)cn1,IC50
CHEMBL6024395,3.9788107009300617,105000.0,3,Cc1ccc(-c2cc3c(C4=CCC(NS(=O)(=O)c5ccc(OC(F)(F)F)cc5)CC4)ncnc3[nH]2)cn1,Ki
CHEMBL602472,4.3872161432802645,41000.0,1,C[C@@H](Oc1ccc2ncc(C3CC3C(N)=O)cc2c1)c1c(Cl)ccc(F)c1Cl,IC50
CHEMBL6025952,7.259637310505756,55.0,3,CC[C@H](NC(=O)C1CN(c2ncnn3cc(-c4ccc(C(C)(C)O)cc4)cc23)C1)c1ccc(Cl)cc1,IC50
CHEMBL6026049,6.301029995663981,500.0,2,CCOc1cc(-c2[nH]c(C3CCN(c4ncnc5[nH]c(-c6ccc(F)cc6)cc45)CC3)nc2C)ccc1C,Ki
CHEMBL6026234,3.9788107009300617,105000.0,2,Cc1c[nH]nc1C(=O)Nc1cnc2[nH]c(-c3ccc(F)cc3)cc2c1,Ki
CHEMBL6026280,6.301029995663981,500.0,1,CN(C)S(=O)(=O)NC1CCN(c2ncnc3[nH]c(-c4cnn(C)c4)cc23)CC1,Ki
CHEMBL6026510,6.301029995663981,500.0,2,Cc1nc(C2CCN(c3ncnc4[nH]c(-c5ccc(C#N)cc5)cc34)CC2)[nH]c1-c1ccc2c(c1)OCCO2,Ki
CHEMBL6027388,7.259637310505756,55.0,3,CC[C@H](NC(=O)C1(C)CN(c2ncnn3cc(-c4cnn(C)c4)cc23)C1)c1ccc(Cl)cc1,IC50
CHEMBL6027659,7.259637310505756,55.0,3,COCCN1CC=C(c2cc3c(N4CC(C(=O)NCc5ccc(C)cc5)C4)ncnn3c2)CC1,IC50
CHEMBL6027682,7.259637310505756,55.0,2,Cn1cc(-c2cc3c(N4CC(C(=O)NCc5ccc(Br)cc5)C4)ncnn3c2)cn1,IC50
CHEMBL6027931,5.259637310505756,5500.0,2,Cc1cc2c(N3CCC(c4nc(C)c(-c5ccc6c(c5)OCO6)[nH]4)CC3)ncnc2[nH]1,Ki
CHEMBL6027978,7.259637310505756,55.0,3,CC(C)(C)OC(=O)N1CC=C(c2cc3c(N4CC(C(=O)N[C@@H](CCO)c5ccc(Cl)cc5)C4)ncnn3c2)CC1,IC50
CHEMBL6028141,6.301029995663981,500.0,2,CCOc1ccc(-c2[nH]c(C3CCN(c4ncnc5[nH]c(-c6ccnc(OC)c6)cc45)CC3)nc2C)cc1C,Ki
CHEMBL6028148,6.301029995663981,500.0,2,Cc1nc(C2CCN(c3ncnc4[nH]c(-c5ccc(F)cc5)cc34)CC2)[nH]c1-c1ccc2c(c1)OCCO2,Ki
CHEMBL6028429,6.759637310505756,302.5,2,COc1cc2ncnc(N3CCN(c4ncc(OCc5ccccc5)cn4)[C@H](C)C3)c2cc1OC,IC50
CHEMBL6028669,4.541773025725037,77750.0,2,Cc1cc2c(N3CCC(c4nc(C)c(-c5ccccc5)[nH]4)CC3)ncnc2[nH]1,Ki
CHEMBL6028865,5.259637310505756,5500.0,1,CCNC(=O)N1CCN(c2ncnc3[nH]c(-c4ccc(F)cc4)cc23)CC1,Ki
CHEMBL6030499,8.259637310505756,5.5,1,Cn1cc(-c2cc3c(N4CCN(c5ncc(C(C)(C)c6ccccc6)cn5)CC4)ncnn3c2)cn1,IC50
CHEMBL6030785,5.780333653084869,3000.0,2,Cc1nc(C2CCN(c3ncnc4[nH]c(-c5ccc(C#N)cc5)cc34)CC2)[nH]c1-c1ccccc1,Ki
CHEMBL6030922,5.259637310505756,5500.0,2,O=S(=O)(Nc1ccc(-c2ncnc3[nH]c(Cl)cc23)cc1)c1ccc(OC(F)F)cc1,Ki
CHEMBL6031409,6.259637310505756,550.0,1,Cc1ccc(CNC(=O)C2CN(c3ncnn4cc(-c5cnn(CC6(C)COC6)c5)cc34)C2)cc1,IC50
CHEMBL6031442,7.560667306169737,27.5,1,COc1cc(Nc2ccc3ncc(N4CCNCC4)nc3c2C#N)ccc1OCc1ccc(C)nc1,Ki
CHEMBL6031703,5.780333653084869,3000.0,2,CCC1(c2nc(C)c(-c3ccc(OC)cc3)[nH]2)CCN(c2ncnc3[nH]c(C)cc23)CC1,Ki
CHEMBL6031722,5.1399203482970215,52750.0,2,COc1cc2ncnc(-c3ccc(NS(C)(=O)=O)cc3F)c2cc1OCCCN1CCOCC1,Ki
CHEMBL6032085,3.9788107009300617,105000.0,2,O=C(Nc1ccc(F)cc1)N1CCN(c2ncnc3[nH]ccc23)CC1,Ki
CHEMBL6032171,6.301029995663981,500.0,2,COc1ccc(-c2[nH]c(C3(C)CCN(c4ncnc5[nH]c(-c6ccc(N7CCOCC7)nc6)cc45)CC3)nc2C)cc1F,Ki
CHEMBL6032215,6.259637310505756,550.0,3,C[C@H](NC(=O)C1CN(c2ncnn3cc(-c4ccc(C(C)(C)O)cc4)cc23)C1)c1ccc(F)cc1,IC50
CHEMBL6032681,6.759637310505756,302.5,2,COc1ccc(-c2cc3c(N4CC(C(=O)NCc5ccc(C)cc5)C4)ncnn3c2)cc1F,IC50
CHEMBL6032757,6.301029995663981,500.0,2,COc1cccc(-c2[nH]c(C3(C)CCN(c4ncnc5[nH]c(-c6ccc(OC)nc6)cc45)CC3)nc2C)c1,Ki
CHEMBL6032824,3.9788107009300617,105000.0,1,COc1ccc(S(=O)(=O)N2CCN(c3ncnc4[nH]ccc34)CC2)cc1,Ki
CHEMBL6032916,5.780333653084869,3000.0,2,COc1cc(-c2cc3c(N4CCC(c5nc(C)c(-c6ccc(OC)c(OC)c6)[nH]5)CC4)ncnc3[nH]2)ccn1,Ki
CHEMBL6033038,6.301029995663981,500.0,2,CS(=O)(=O)Nc1ccc(-c2ncnc3[nH]c(-c4ccc(F)cc4F)cc23)c(F)c1,Ki
CHEMBL6033066,6.301029995663981,500.0,2,CCOc1ccc(-c2[nH]c(C3(C)CCN(c4ncnc5[nH]c(-c6ccc(C#N)cc6)cc45)CC3)nc2C)cc1,Ki
CHEMBL6033121,6.759637310505756,302.5,2,CC(C)(O)Cn1cc(-c2cc3c(N4CC(C(=O)NCc5ccc(Cl)cc5)C4)ncnn3c2)cn1,IC50
CHEMBL6033229,5.259637310505756,5500.0,1,Cc1cc2ncc(NC(=O)c3n[nH]c(C)c3C)cn2n1,Ki
CHEMBL6033258,6.259637310505756,550.0,3,CC[C@H](NC(=O)C1CN(c2ncnn3cc(-c4ccc(OC(C)(C)C)cc4)cc23)C1)c1ccc(Cl)cc1,IC50
CHEMBL6033366,6.301029995663981,500.0,2,CCc1ccc(-c2[nH]c(C3CCN(c4ncnc5[nH]c(-c6ccc(C#N)cc6)cc45)CC3)nc2C)cc1,Ki
CHEMBL6033666,5.259637310505756,5500.0,1,O=C(NC(=O)N1CCN(c2ncnc3[nH]c(-c4ccc(F)cc4)cc23)CC1)c1ccccc1,Ki
CHEMBL6033718,6.301029995663981,500.0,2,COc1ccc(-c2[nH]c(C3(C)CCN(c4ncnc5[nH]c(-c6ccnc(OC)c6)cc45)CC3)nc2C)cc1,Ki
CHEMBL6034207,3.9788107009300617,105000.0,2,Cc1cc2c(-c3ccc(NS(=O)(=O)c4cccc(Cl)c4F)cc3F)ncnc2[nH]1,Ki
CHEMBL6034819,5.259637310505756,5500.0,2,Cc1cc2c(-c3ccc(NS(=O)(=O)c4ccc(Br)cc4)cc3)ncnc2[nH]1,Ki
CHEMBL6035073,6.301029995663981,500.0,2,CCOc1ccc(-c2[nH]c(C3CCN(c4ncnc5[nH]c(-c6ccc(C#N)cc6)cc45)CC3)nc2C)cc1C,Ki
CHEMBL6035136,6.301029995663981,500.0,2,Cc1ccc(S(=O)(=O)Nc2ccc(-c3ncnc4cc(C5=CCN(C(=O)C6CC6)CC5)sc34)cc2)cc1,Ki
CHEMBL6035138,3.9788107009300617,105000.0,1,c1nc(-c2cnc(C3CC3)nc2)c2cc(-c3cnc(C4CC4)nc3)[nH]c2n1,Ki
CHEMBL6035411,7.759637310505756,30.25,2,Cc1ccc(CNC(=O)C2CN(c3ncnn4cc(-c5ccc(OC(C)C)cc5)cc34)C2)cc1,IC50
CHEMBL6035694,6.759637310505756,302.5,2,Cc1ccc(CNC(=O)C2CN(c3ncnn4cc(-c5ccc(F)cc5)cc34)C2)cc1,IC50
CHEMBL6036077,7.759637310505756,30.25,2,CN1CCC(COc2ccc3ncnc(N4CCN(c5ncc(Cc6ccccc6)c(N)n5)CC4)c3c2)CC1,IC50
CHEMBL6036101,6.259637310505756,550.0,3,C[C@H](NC(=O)C1(C)CN(c2ncnn3cc(-c4ccc(S(C)(=O)=O)cc4)cc23)C1)c1ccc(F)cc1,IC50
CHEMBL6036232,3.9788107009300617,105000.0,1,CCCC(=O)N1CCN(c2ncnc3[nH]ccc23)CC1,Ki
CHEMBL6036298,6.301029995663981,500.0,2,Cc1nn(C)cc1-c1cc2ncnc(C3=CCN(C(=O)Nc4ccc(Cl)cc4)CC3)c2s1,Ki
CHEMBL6036355,5.780333653084869,3000.0,2,Cc1nn(C)cc1-c1cc2ncnc(N3CCN(C(=O)N[C@H](C)c4ccc(F)cc4)[C@H](C)C3)c2s1,Ki
CHEMBL6036508,5.259637310505756,5500.0,1,Nc1ncnc2c1c(-c1ccc(Oc3ccccc3)cc1)nn2C[C@H]1SSC[C@H]1O,IC50
CHEMBL6036668,5.780333653084869,3000.0,2,COc1ccc(-c2[nH]c(C3(C)CCN(c4ncnc5[nH]c(C)cc45)CC3)nc2C)cc1,Ki
CHEMBL6036785,5.780333653084869,3000.0,2,CCc1ccc(S(=O)(=O)Nc2ccc(-c3ncnc4[nH]nc(C)c34)cc2)cc1,Ki
CHEMBL6036947,5.259637310505756,5500.0,1,COc1ncc(F)cc1CNC(=O)N1CCN(c2ncnc3[nH]c(-c4cccnc4)cc23)CC1,Ki
CHEMBL6036951,4.619224005717909,55250.0,2,COc1cccc([C@H](C)NC(=O)N2CCN(c3ncnc4[nH]c(-c5ccc(C#N)cc5)cc34)CC2(C)C)c1,Ki
CHEMBL6037363,6.560667306169737,275.0,1,COc1ccc(COc2ccc(Nc3ccc4ncc(N5CCOCC5)nc4c3C#N)cn2)cc1,Ki
CHEMBL6037393,6.301029995663981,500.0,2,Cc1nc(C2CCN(c3ncnc4[nH]c(-c5ccc(F)cc5)cc34)CC2)[nH]c1-c1ccc(Cl)cc1,Ki
CHEMBL6037759,4.619224005717909,55250.0,2,Cc1n[nH]c(C(=O)Nc2cnc3[nH]c(-c4ccnc5c4OCCO5)cc3c2)c1C,Ki
CHEMBL6037890,7.560667306169737,27.5,1,COc1cc(Nc2ccc3ncc(N4CCC(N(C)C)CC4)nc3c2C#N)ccc1OCc1cccc(C#N)c1,Ki
CHEMBL6038340,5.780333653084869,3000.0,2,CC1(C)C=C(c2cc3c(-c4ccc(NS(=O)(=O)c5ccc(F)cc5)cc4)ncnc3[nH]2)CC(C)(C)N1,Ki
CHEMBL6038453,8.259637310505756,5.5,1,COc1cc2ncnc(N3CCN(c4ncc(Cc5ccccc5)cn4)CC3)c2cc1OCC1CN(C)CCO1,IC50
CHEMBL6038717,3.9788107009300617,105000.0,1,Cc1n[nH]c(C(=O)Nc2cnc3[nH]c(-c4ccc(F)nc4F)cc3c2)c1C,Ki
CHEMBL6038840,7.759637310505756,30.25,2,COc1cc2ncnc(N3CCN(c4ncc(Cc5ccccc5)cn4)CC3)c2cc1OCC1CCN(CCO)CC1,IC50
CHEMBL6038894,8.259637310505756,5.5,1,C[C@H](c1ccccc1)c1cnc(N2CCN(c3ncnn4cc(-c5cnn(C)c5)cc34)CC2)nc1,IC50
CHEMBL6038982,6.759637310505756,302.5,2,Cc1ccc(CNC(=O)C2CN(c3ncnn4cc(-c5cccc(C(C)(C)O)c5)cc34)C2)cc1,IC50
CHEMBL6039049,3.9788107009300617,105000.0,2,COc1ccc(S(=O)(=O)NC2CCN(c3ncnc4[nH]ccc34)CC2)cc1,Ki
CHEMBL6039449,6.301029995663981,500.0,1,COc1ccc(S(=O)(=O)NC2CCN(c3ncnc4[nH]c(-c5cnn(C)c5)cc34)CC2)cc1,Ki
CHEMBL6039530,7.560667306169737,27.5,1,COc1cc(Nc2ccc3ncc(N(C)C)nc3c2C#N)ccc1OCc1ccc(C)nc1,Ki
CHEMBL6039766,5.1399203482970215,52750.0,2,O=C(NCc1ccc(F)cc1)N1CCN(c2ncnc3cc(C4CCN(C(=O)C5CC5)CC4)sc23)CC1,Ki
CHEMBL6040583,7.259637310505756,55.0,1,Cc1ccc(CNC(=O)C2CN(c3ncnn4cc(-c5cnn6c5CCC6)cc34)C2)cc1,IC50
CHEMBL6040770,6.301029995663981,500.0,2,Cc1ccc(-c2[nH]c(C3CCN(c4ncnc5[nH]c(-c6ccc(F)cc6)cc45)CC3)nc2C(F)(F)F)cc1,Ki
CHEMBL6040951,6.259637310505756,550.0,3,COCCn1cc(-c2cc3c(N4CC(C(=O)N[C@@H](C)c5ccc(F)cc5)C4)ncnn3c2)cn1,IC50
CHEMBL6041161,4.619224005717909,55250.0,2,C[C@H](NC(=O)N1CCN(c2ncnc3[nH]c(-c4ccc(F)cc4)cc23)CC1)c1cccc(OC(F)(F)F)c1,Ki
CHEMBL6041236,6.301029995663981,500.0,2,CCS(=O)(=O)Nc1ccc(-c2ncnc3[nH]c(-c4ccc(F)cc4)cc23)cc1,Ki
CHEMBL6041248,8.259637310505756,5.5,1,C[C@@H]1CN(c2ncnn3cc(-c4cnn(C)c4)cc23)CCN1c1ncc([C@](C)(O)c2ccc(F)cc2)cn1,IC50
CHEMBL6041282,3.9788107009300617,105000.0,1,CCOc1ccc(NC(=O)N2CCN(c3ncnc4[nH]ccc34)CC2)cc1,Ki
CHEMBL6041375,6.301029995663981,500.0,1,Fc1ccc(-c2cc3c(-c4ccncc4)ncnc3[nH]2)cc1,Ki
CHEMBL6041428,6.301029995663981,500.0,2,Cc1nc(C2(C)CCN(c3ncnc4[nH]c(-c5ccc(NS(C)(=O)=O)cc5)cc34)CC2)[nH]c1-c1ccc(C(F)F)cc1,Ki
CHEMBL6041455,5.06246936830415,75250.0,2,COc1cc(-c2cc3c(N4CCC(c5nc(C)c(-c6cccc(F)c6)[nH]5)CC4)ncnc3[nH]2)ccn1,Ki
CHEMBL6041488,5.780333653084869,3000.0,2,COc1cccc([C@H](C)NC(=O)N2CCN(c3ncnc4cc(-c5cn(C)nc5C)sc34)C[C@H]2C)c1,Ki
CHEMBL6041782,5.780333653084869,3000.0,2,Cn1cc(-c2cc3c(N4CCC(NS(=O)(=O)c5ccc6c(c5)CCC6)CC4)ncnc3[nH]2)cn1,Ki
CHEMBL6041858,7.259637310505756,55.0,3,COC1(C(=O)NCc2ccc(C)cc2)CN(c2ncnn3cc(-c4cnn(C)c4)cc23)C1,IC50
CHEMBL6041895,8.259637310505756,5.5,1,Cn1cc(-c2cc3c(N4CCN(c5ncc([C@](C)(CO)c6ccc(F)cc6)cn5)CC4)ncnn3c2)cn1,IC50
CHEMBL6041896,5.1399203482970215,52750.0,2,Cn1cc(-c2cc3c(N4CCC(NS(=O)(=O)c5ccc6c(c5)CCO6)CC4)ncnc3[nH]2)cn1,Ki
CHEMBL6041975,4.619224005717909,55250.0,2,CNC(=O)c1ccc(-c2cc3cc(NC(=O)c4[nH]nc(C)c4C)cnc3[nH]2)cc1,Ki
CHEMBL6041981,3.9788107009300617,105000.0,1,O=C(NC(=O)N1CCN(c2ncnc3[nH]ccc23)CC1)c1ccccc1,Ki
CHEMBL6042182,6.301029995663981,500.0,2,COc1cccc(-c2[nH]c(C3CCN(c4ncnc5[nH]c(-c6ccnc(OC)c6)cc45)CC3)nc2C(F)(F)F)c1,Ki
CHEMBL6042378,6.301029995663981,500.0,2,CCOc1ccc(-c2[nH]c(C3(C)CCN(c4ncnc5[nH]c(-c6ccc(C#N)nc6)cc45)CC3)nc2C)cc1,Ki
CHEMBL6042759,7.259637310505756,55.0,3,CC[C@H](NC(=O)C1CN(c2ncnn3cc(-c4cnn(C[C@H](O)C(F)(F)F)c4)cc23)C1)c1ccc(Cl)cc1,IC50
CHEMBL6042799,5.780333653084869,3000.0,2,C[C@H](NC(=O)N1CCN(c2ncnc3[nH]c(-c4ccc(F)cc4)cc23)CC1(C)C)c1ccc(F)cc1,Ki
CHEMBL6042835,5.1399203482970215,52750.0,2,C[C@H](NC(=O)N1CCN(c2ncnc3[nH]c(-c4ccc(F)cc4)cc23)C[C@H]1C)c1ccc(Cl)cc1,Ki
CHEMBL6043079,5.1399203482970215,52750.0,2,CC(=N)Nc1ccc(-c2ncnc3cc(C4=CCN(C(=O)N5CCOCC5)CC4)sc23)cc1,Ki
CHEMBL6043101,6.301029995663981,500.0,2,CCOc1ccc(-c2[nH]c(C3(C)CCN(c4ncnc5[nH]c(-c6ccc(C(N)=O)cc6)cc45)CC3)nc2C)cc1,Ki
CHEMBL6043106,6.259637310505756,550.0,1,Cc1ccc(CNC(=O)C2CN(c3ncnn4cc(-c5ccc(C(=O)N(C)C)cc5)cc34)C2)cc1,IC50
CHEMBL6043246,3.9788107009300617,105000.0,1,CC(C)(C)Oc1ccc(NC(=O)N2CCN(c3ncnc4[nH]c(-c5ccc(Cl)cc5)cc34)CC2)cc1,Ki
CHEMBL6043366,8.259637310505756,5.5,1,COc1cc2ncnc(N3CCN(c4ncc(Cc5ccccc5)cn4)CC3)c2cc1OCC1CCN(C)CC1,IC50
CHEMBL6043433,5.780333653084869,3000.0,2,O=C(NCc1ccc(F)cc1)N1CCN(c2ncnc3[nH]c(-c4ccncc4)cc23)CC1,Ki
CHEMBL6043771,7.259637310505756,55.0,3,CC[C@H](NC(=O)C1CN(c2ncnn3cc(-c4cnn(CCOC)c4)cc23)C1)c1ccc(Cl)cc1,IC50
CHEMBL6043775,5.259637310505756,5500.0,1,O=C(NCc1ccc(F)cc1)N1CCN(c2ncnc3[nH]c(CC4CC4)cc23)CC1,Ki
CHEMBL6044079,6.259637310505756,550.0,3,COC[C@H](O)Cn1cc(-c2cc3c(N4CC(C(=O)N[C@@H](C)c5ccc(F)cc5)C4)ncnn3c2)cn1,IC50
CHEMBL6044187,6.259637310505756,550.0,3,CC[C@H](NC(=O)C1CN(c2ncnn3cc(-c4ccc(OC(C)(C)C)cc4)cc23)C1)c1ccc(C2CC2)cc1,IC50
CHEMBL6044236,5.1399203482970215,52750.0,2,C[C@H](NC(=O)N1CCN(c2ncnc3[nH]c(-c4ccc(F)cc4)cc23)CC1)c1ccc(Cl)cc1,Ki
CHEMBL6044335,6.301029995663981,500.0,2,N#Cc1ccc(-c2cc3c(N4CCC(c5nc(C6CC6)c(-c6ccccc6)[nH]5)CC4)ncnc3[nH]2)cc1,Ki
CHEMBL6044588,6.759637310505756,302.5,6,CC[C@H](NC(=O)C1(C)CN(c2ncnn3cc(-c4cnn(C(C)C)c4)cc23)C1)c1ccc(Cl)cc1,IC50
CHEMBL6044644,3.9788107009300617,105000.0,2,O=S(=O)(Nc1ccc(-c2ncnc3cc4c(cc23)OCCO4)c(F)c1)C1CC1,Ki
CHEMBL6044811,6.301029995663981,500.0,2,Cc1nc(C2(C)CCN(c3ncnc4[nH]c(-c5ccc(NS(C)(=O)=O)cc5)cc34)CC2)[nH]c1-c1ccc(OC(F)F)cc1,Ki
CHEMBL6044859,5.1399203482970215,52750.0,2,COCCOc1cc2ncnc(-c3ccc(NS(=O)(=O)C4CC4)cc3F)c2cc1OCCOC,Ki
CHEMBL6044893,5.780333653084869,3000.0,2,COc1cc(-c2cc3c(N4CCC(c5nc(C)c(-c6ccc(F)cc6)[nH]5)CC4)ncnc3[nH]2)ccn1,Ki
CHEMBL6045387,6.301029995663981,500.0,2,Cc1ccc(-c2[nH]c(C3CCN(c4ncnc5[nH]c(-c6ccc(F)cc6)cc45)CC3)nc2C)cc1,Ki
CHEMBL6045792,8.259637310505756,5.5,1,Cc1nn(C)cc1-c1cc2c(N3CCN(c4ncc([C@](C)(O)c5ccc(F)cc5)cn4)CC3)ncnn2c1,IC50
CHEMBL6045855,4.619224005717909,55250.0,2,O=C(Nc1ccc(OC(F)(F)F)cc1)N1CCN(c2ncnc3[nH]c(-c4ccc(C5CC5)nc4)cc23)CC1,Ki
CHEMBL6045886,7.259637310505756,55.0,3,CC(=O)N1CC=C(c2cc3c(N4CC(C(=O)NCc5ccc(C)cc5)C4)ncnn3c2)CC1,IC50
CHEMBL6046057,3.9788107009300617,105000.0,1,Cc1n[nH]c(C(=O)Nc2cnc3[nH]c(-c4ccc(C#N)c(N5CCCC5)c4)cc3c2)c1C,Ki
CHEMBL6046154,6.301029995663981,500.0,2,COc1cc2ncnc(-c3ccc(NS(=O)(=O)c4ccc(Cl)cc4)cc3F)c2cc1OCCCN1CCOCC1,Ki
CHEMBL6046354,5.259637310505756,5500.0,2,Cc1cc2c(-c3ccc(NS(=O)(=O)c4ccc(Cl)s4)cc3)ncnc2[nH]1,Ki
CHEMBL6046716,7.259637310505756,55.0,2,Cn1cc(-c2cc3c(N4CC(C(=O)NCc5ccc(C6CC6)cc5)C4)ncnn3c2)cn1,IC50
CHEMBL6046776,5.780333653084869,3000.0,2,Cc1nc(C2(C)CCN(c3ncnc4[nH]nc(C)c34)CC2)[nH]c1-c1ccc2c(c1)OC(F)(F)O2,Ki
CHEMBL6046948,6.259637310505756,550.0,1,Cc1ccc(CNC(=O)C2CN(c3ncnn4cc(-c5ccc(C6(N)CC6)cc5)cc34)C2)cc1,IC50
CHEMBL6047021,7.698970004336019,20.0,1,Cn1cc(-c2cc(Oc3ccc(NC(=O)N4CCC5(CNC5)C4=O)nc3)ccn2)cn1,IC50
CHEMBL6047325,3.9788107009300617,105000.0,1,O=C(NC(=O)c1ccccc1)NC1CCN(c2ncnc3[nH]ccc23)CC1,Ki
CHEMBL6047442,3.9788107009300617,105000.0,1,O=C(c1ccc(Cl)cc1)c1cc2c(N3CCN(C(=O)NCc4ccc(F)cc4)CC3)ncnc2[nH]1,Ki
CHEMBL6047470,4.619224005717909,55250.0,2,C#Cc1cc2c(N3CCN(C(=O)Nc4ccc(OCC)cc4)CC3)ncnc2[nH]1,Ki
CHEMBL6047573,7.759637310505756,30.25,2,COc1cc2ncnc(N3CCN(c4ncc(Cc5ccccc5)cn4)CC3)c2cc1OC1CCNC1,IC50
CHEMBL6047812,4.619224005717909,55250.0,2,CCCNC(=O)N1CCN(c2ncnc3[nH]c(-c4ccccc4)cc23)CC1,Ki
CHEMBL6048331,6.301029995663981,500.0,1,Cc1cc2c(N3CCC(C)(c4nc(C)c(-c5ccc(Cl)cc5)[nH]4)CC3)ncnc2[nH]1,Ki
CHEMBL6048358,3.9788107009300617,105000.0,2,O=C(Nc1cccnc1)NC1CCN(c2ncnc3[nH]ccc23)CC1,Ki
CHEMBL6048501,3.9788107009300617,105000.0,2,COc1ccc(NC(=O)NC2CCN(c3ncnc4[nH]ccc34)CC2)cc1,Ki
CHEMBL6048561,7.259637310505756,55.0,3,C[C@H](NC(=O)C1CN(c2ncnn3cc(-c4ccc(S(C)(=O)=O)cc4)cc23)C1)c1ccc(F)cc1,IC50
CHEMBL6048669,7.259637310505756,55.0,3,Cc1ccc(CNC(=O)C2CN(c3ncnn4cc(-c5ccc(C)s5)cc34)C2)cc1,IC50
CHEMBL6048706,5.780333653084869,3000.0,2,COc1cc(-c2[nH]c(C3CCN(c4ncnc5[nH]c(-c6ccc(F)cc6)cc45)CC3)nc2C)ccc1C,Ki
CHEMBL6049185,3.9788107009300617,105000.0,1,Fc1ccc(-c2cc3c(-c4cccnc4C(F)(F)F)ncnc3[nH]2)cc1,Ki
CHEMBL6049251,5.780333653084869,3000.0,2,COc1cc2ncnc(-c3ccc(S(=O)(=O)Nc4ccc(Cl)cc4)cc3F)c2cc1OCCCN1CCOCC1,Ki
CHEMBL6049352,7.259637310505756,55.0,2,COc1cc2ncnc(N3CCN(c4ncc(Cc5ccc(C#N)cc5)cn4)CC3)c2cc1OC,IC50
CHEMBL6049654,5.780333653084869,3000.0,2,Fc1ccc(-c2cc3c(-c4ccc(NCc5ccc(C(F)(F)F)nc5)nc4)ncnc3[nH]2)cc1,Ki
CHEMBL6049855,6.759637310505756,302.5,2,Cn1cc(-c2cc3c(N4CC(C(=O)NCc5ccc(Cl)cc5)C4)ncnn3c2)cn1,IC50
CHEMBL6049920,5.780333653084869,3000.0,2,O=C(Nc1ccc(OC(F)F)cc1)N1CCN(c2ncnc3[nH]c(-c4ccc(F)cc4)cc23)CC1,Ki
CHEMBL6050421,6.301029995663981,500.0,2,Cc1nc(C2(C)CCN(c3ncnc4[nH]c(-c5ccc(NS(C)(=O)=O)cc5)cc34)CC2)[nH]c1-c1cccc(OC(F)F)c1,Ki
CHEMBL6050455,5.780333653084869,3000.0,2,O=C(NCc1ccc(F)cc1)N1CCN(c2ncnc3[nH]c(-c4ccccc4)cc23)CC1,Ki
CHEMBL6050881,3.9788107009300617,105000.0,1,Cc1cc2c(-c3ccc(NS(=O)(=O)C4CC4)cc3)ncnc2[nH]1,Ki
CHEMBL6051005,6.259637310505756,550.0,3,Cc1ccc(CNC(=O)C2(CO)CN(c3ncnn4cc(-c5cnn(C)c5)cc34)C2)cc1,IC50
CHEMBL6051240,7.259637310505756,55.0,3,Cn1cc(-c2cc3c(N4CC(C(=O)Nc5ccc(Cl)cc5)C4)ncnn3c2)cn1,IC50
CHEMBL6051343,3.9788107009300617,105000.0,2,Cc1nn(C2CN(C(=O)OC(C)(C)C)C2)cc1-c1cc2cc(NC(=O)c3[nH]nc(C)c3C)cnc2[nH]1,Ki
CHEMBL6051370,7.560667306169737,27.5,1,COc1ccc(COc2ccc(Nc3ccc4ncc(N5CCN(CCO)CC5)nc4c3C#N)cc2OC)cc1,Ki
CHEMBL6051636,4.619224005717909,55250.0,2,Cc1cc2c(-c3ccc(NS(=O)(=O)c4ccc(F)c(F)c4)cc3)ncnc2[nH]1,Ki
CHEMBL6051899,5.259637310505756,5500.0,1,Cc1cc2c(-c3ccc(NS(=O)(=O)c4ccc(C(C)C)cc4)cc3)ncnc2[nH]1,Ki
CHEMBL6051917,5.1399203482970215,52750.0,2,O=S(=O)(Nc1ccc(F)cc1)c1ccc(-c2ncnc3[nH]c(-c4ccc(F)cc4)cc23)c(F)c1,Ki
CHEMBL6051918,5.780333653084869,3000.0,2,COc1cc(-c2[nH]c(C3(C)CCN(c4ncnc5[nH]c(C)cc45)CC3)nc2C)ccc1C,Ki
CHEMBL6052269,6.301029995663981,500.0,2,Cc1nc(C2(C)CCN(c3ncnc4[nH]c(-c5cnn(C(F)F)c5)cc34)CC2)[nH]c1-c1ccc(Cl)cc1,Ki
CHEMBL6052725,5.259637310505756,5500.0,1,CC(C)(NC(=O)N1CCN(c2ncnc3cc(-c4ccc(F)cc4)sc23)CC1(C)C)c1ccccc1,Ki
CHEMBL6053079,6.259637310505756,550.0,6,COC1(C(=O)N[C@@H](C)c2ccc(Cl)cc2)CN(c2ncnn3cc(-c4cnn(C)c4)cc23)C1,IC50
CHEMBL6053128,4.619224005717909,55250.0,2,Cc1[nH]nc(C(=O)Nc2cnc3[nH]c(-c4cccc(N5CCOCC5)c4)cc3c2)c1C,Ki
CHEMBL6053241,6.301029995663981,500.0,2,C[C@@H]1CN(c2ncnc3[nH]c(-c4ccncc4)cc23)CCN1C(=O)Nc1ccc(Cl)cc1,Ki
CHEMBL6053692,5.780333653084869,3000.0,2,C[C@@H]1CN(c2ncnc3[nH]c(-c4ccncc4)cc23)CCN1C(=O)Nc1ccc(F)c(Cl)c1,Ki
CHEMBL6053773,8.267606240177031,5.4,1,Cn1cc(-c2cc(Oc3ccc(NC(=O)N4CCC5(CCCCC5)C4=O)nc3)ccn2)cn1,IC50
CHEMBL6053797,6.301029995663981,500.0,1,O=C(NCc1ccc(Cl)cc1)N1CCN(c2ncnc3[nH]c(-c4ccc(Cl)cc4)cc23)CC1,Ki
CHEMBL6054139,6.759637310505756,302.5,2,Cc1ccc(CNC(=O)C2CN(c3ncnn4cc(-c5ccc(C6(O)COC6)cc5)cc34)C2)cc1,IC50
CHEMBL6054289,8.259637310505756,5.5,1,N#Cc1ccc(-c2cc3c(N4CCN(c5ncc(Cc6ccccc6)cn5)CC4)ncnn3c2)cc1,IC50
CHEMBL6054412,7.259637310505756,55.0,3,CC(C)[C@H](NC(=O)C1CN(c2ncnn3cc(-c4cnn(C)c4)cc23)C1)c1ccc(Cl)cc1,IC50
CHEMBL6054519,5.780333653084869,3000.0,2,Cc1nc(C2(C)CCN(c3ncnc4[nH]c(-c5ccc(C#N)nc5)cc34)CC2)[nH]c1-c1cccc(OC(F)F)c1,Ki
CHEMBL6054848,6.259637310505756,550.0,1,Cc1ccc(CNC(=O)C2CN(c3ncnn4cc(-c5cnn(C(C)(C)C)c5)cc34)C2)cc1,IC50
CHEMBL6054967,5.780333653084869,3000.0,2,COc1cccc(-c2[nH]c(C3CCN(c4ncnc5[nH]c(-c6ccnc(OC)c6)cc45)CC3)nc2C)c1,Ki
CHEMBL6055316,5.259637310505756,5500.0,2,CN(C)c1ccc(NC(=O)N2CCN(c3ncnc4[nH]c(-c5ccc(C#N)cc5)cc34)CC2)cc1,Ki
CHEMBL6055381,5.259637310505756,5500.0,2,Cc1ccc(S(=O)(=O)Nc2ccc(-c3ncnc4[nH]c(C)c(C)c34)cc2)cc1,Ki
CHEMBL6055440,4.619224005717909,55250.0,2,Cc1ccc2sc(S(=O)(=O)Nc3ccc(-c4ncnc5[nH]c(C)cc45)cc3)cc2c1,Ki
CHEMBL6055574,7.759637310505756,30.25,2,COc1cc2ncnc(N3CCN(c4ncc(COc5ccccc5)cn4)CC3)c2cc1OC,IC50
CHEMBL6055673,7.560667306169737,27.5,1,COc1ccc(COc2ccc(Nc3ccc4ncc(N5CCN(C(C)C)CC5)nc4c3C#N)cc2OC)cc1,Ki
CHEMBL6056206,6.301029995663981,500.0,2,COc1ccc(-c2[nH]c(C3CCN(c4ncnc5[nH]c(-c6ccc(C#N)cc6)cc45)CC3)nc2C)cn1,Ki
CHEMBL6056424,8.259637310505756,5.5,1,COc1ccc(-c2cc3c(N4CCN(c5ncc([C@@](C)(O)c6ccc(F)cc6)cn5)CC4)ncnn3c2)cc1,IC50
CHEMBL6057173,6.759637310505756,302.5,2,CC(C)(O)Cn1cc(-c2cc3c(N4CC(C(=O)NCc5ccc(Cl)cc5F)C4)ncnn3c2)cn1,IC50
CHEMBL6057182,5.780333653084869,3000.0,2,COc1cccc(-c2[nH]c(C3CCN(c4ncnc5[nH]c(C)cc45)CC3)nc2C)c1,Ki
CHEMBL6057196,6.301029995663981,500.0,2,CCOc1cc(-c2[nH]c(C3CCN(c4ncnc5[nH]c(-c6ccc(C#N)cc6)cc45)CC3)nc2C)ccc1C,Ki
CHEMBL6057272,6.259637310505756,550.0,3,Cn1cc(-c2cc3c(N4CC(C(=O)NCc5ccc(F)cc5)C4)ncnn3c2)cn1,IC50
CHEMBL6057966,3.9788107009300617,105000.0,1,CNS(=O)(=O)c1cccc(-c2cc3cc(NC(=O)c4[nH]nc(C)c4C)cnc3[nH]2)c1,Ki
CHEMBL6057996,5.259637310505756,5500.0,1,CCNc1ccc(-c2ncnc3[nH]c(-c4ccc(F)cc4)cc23)cn1,Ki
CHEMBL6058026,5.259637310505756,5500.0,2,Cc1cc2c(-c3ccc(NS(=O)(=O)c4cccc(Cl)c4)c(F)c3)ncnc2[nH]1,Ki
CHEMBL6058323,8.244125144327509,5.7,1,Cc1ccc(NC(=O)c2ccc(CN3CCN(C)CC3)cc2)cc1Nc1nccc(-c2cncc(C3=NN=C(C(=O)Nc4cc(C(=O)N(C)C)n[nH]4)C3)c2)n1,Ki
CHEMBL6058589,5.259637310505756,5500.0,1,COc1cccc(CNC(=O)N2CC3CCC(C2)N3c2ncnc3cc(-c4ccc(F)cc4)sc23)c1,Ki
CHEMBL6058652,6.301029995663981,500.0,2,COc1ccc(-c2[nH]c(C3(C)CCN(c4ncnc5[nH]c(-c6ccc(OCC(=O)O)cc6)cc45)CC3)nc2C)cc1C,Ki
CHEMBL6058696,6.759637310505756,302.5,2,COC(C)(C)Cn1cc(-c2cc3c(N4CC(C(=O)NCc5ccc(C)cc5)C4)ncnn3c2)cn1,IC50
CHEMBL6059051,3.9788107009300617,105000.0,1,O=S(=O)(Nc1cccc(-c2ncnc3[nH]c(-c4cnc(C5CC5)nc4)cc23)c1)C1CC1,Ki
CHEMBL6059069,6.759637310505756,302.5,2,Cc1ccc(CNC(=O)C2CN(c3ncnn4cc(-c5ccc(OC6CC6)cc5)cc34)C2)cc1,IC50
CHEMBL6059235,6.759637310505756,302.5,2,Cc1ccc(CNC(=O)C2CN(c3ncnn4cc(-c5cnn(CC(C)(C)O)c5)cc34)C2)cc1,IC50
CHEMBL6059259,3.9788107009300617,105000.0,1,Cc1cc2c(N3CCC(NS(=O)(=O)c4ccc(C(C)C)cc4)CC3)ncnc2[nH]1,Ki
CHEMBL6059391,6.301029995663981,500.0,1,COc1ccc(-c2[nH]c(C3CCN(c4ncnc5[nH]c(-c6ccc(F)cc6)cc45)CC3)nc2C(F)(F)F)cc1,Ki
CHEMBL605957,5.492279023314387,3219.0,1,COc1cc(C2=C(c3c[nH]c4ccc(Br)cc34)C(=O)NC2=O)cc(OC)c1OC,IC50
CHEMBL6060111,3.9788107009300617,105000.0,2,Cc1ccccc1C(=O)c1c[nH]c2ncnc(N3CCN(C(=O)NCc4ccc(F)cc4)CC3)c12,Ki
CHEMBL6060234,6.301029995663981,500.0,2,CCOc1ccc(-c2[nH]c(C3(C)CCN(c4ncnc5[nH]c(-c6cnn(C(F)F)c6)cc45)CC3)nc2C)cc1C,Ki
CHEMBL6060439,6.301029995663981,500.0,2,O=C(NCc1ccc(Cl)cn1)N1CCN(c2ncnc3[nH]c(-c4cccnc4)cc23)CC1,Ki
CHEMBL6060470,5.780333653084869,3000.0,2,COc1ccc(-c2cc3c(N4CCC(c5nc(C)c(-c6ccccc6)[nH]5)CC4)ncnc3[nH]2)cn1,Ki
CHEMBL6060645,7.954677021213342,11.1,1,Cc1ccc(NC(=O)C2=NN=C(c3cncc(-c4ccnc(Nc5cc(NC(=O)c6ccc(CN7CCN(C)CC7)cc6)ccc5C)n4)c3)C2)cc1,Ki
CHEMBL6060863,6.759637310505756,302.5,2,Cc1ccc([C@H](CCO)NC(=O)C2CN(c3ncnn4cc(-c5cnn(C)c5)cc34)C2)cc1,IC50
CHEMBL6060898,7.259637310505756,55.0,3,CC[C@H](NC(=O)C1CN(c2ncnn3cc(-c4cnn(C(C)C)c4)cc23)C1)c1ccc(Cl)cc1,IC50
CHEMBL6060934,7.823908740944319,15.0,1,Cc1ccc(NC(=O)c2ccc(CN3CCN(C)CC3)cc2)cc1Nc1nccc(-c2cncc(-c3nncs3)c2)n1,Ki
CHEMBL6061086,4.619224005717909,55250.0,2,N#Cc1ccc(-c2cc3c(N4CCN(C(=O)NCc5ccc(F)cc5)CC4)ncnc3[nH]2)cc1,Ki
CHEMBL6061391,6.301029995663981,500.0,2,CCOc1ccc(NC(=O)N2CCN(c3ncnc4[nH]c(-c5cccnc5)cc34)CC2)cc1,Ki
CHEMBL6061431,6.259637310505756,550.0,3,Cc1nn(C)cc1-c1cc2c(N3CC(C(=O)N[C@@H](CCO)c4ccc(Cl)cc4)C3)ncnn2c1,IC50
CHEMBL6061465,6.301029995663981,500.0,2,C[C@H](NC(=O)N1CCN(c2ncnc3[nH]c(-c4cnn(C)c4)cc23)CC1(C)C)c1ccc(Cl)cc1,Ki
CHEMBL606168,5.460046158343603,3467.0,1,COc1cc(C2=C(c3c[nH]c4ccc(F)cc34)C(=O)NC2=O)cc(OC)c1OC,IC50
CHEMBL6061861,6.259637310505756,550.0,3,Cn1cc(-c2cc3c(N4CC(C(=O)NCc5ccc(F)cc5F)C4)ncnn3c2)cn1,IC50
CHEMBL6062217,5.780333653084869,3000.0,2,N#CC1(c2ccc(-c3cc4c(N5CCN(C(=O)Nc6ccc(OC(F)(F)F)cc6)CC5)ncnc4[nH]3)cc2)CC1,Ki
CHEMBL6062322,6.301029995663981,500.0,2,Cc1nc(C2CCN(c3ncnc4[nH]c(-c5ccc(C#N)cc5)cc34)CC2)[nH]c1-c1ccc2c(c1)OCO2,Ki
CHEMBL6062352,3.9788107009300617,105000.0,1,CCOc1ccc(NC(=O)N2CCN(c3ncnc4[nH]c(C)cc34)CC2)cc1,Ki
CHEMBL6062366,3.9788107009300617,105000.0,2,Cc1cc(C(=O)Nc2cnc3[nH]c(C4=CCN(C(=O)N5CCOCC5)CC4)cc3c2)n[nH]1,Ki
CHEMBL6062760,7.259637310505756,55.0,1,CC(C)(O)c1ccc(-c2cc3c(N4CC(C(=O)Nc5ccc(C#N)cc5)C4)ncnn3c2)cc1,IC50
CHEMBL6063098,5.780333653084869,3000.0,2,COc1ccc(NC(=O)N2CCN(c3ncnc4[nH]c(-c5ccncc5)cc34)C[C@H]2C)cn1,Ki
CHEMBL6063119,6.759637310505756,302.5,2,C[C@H](NC(=O)C1CN(c2ncnn3cc(-c4cnn([C@@H](C)C(C)(C)O)c4)cc23)C1)c1ccc(F)cc1,IC50
CHEMBL6063327,6.301029995663981,500.0,2,Cn1cc(-c2cc3c(N4CCC(NS(=O)(=O)c5cc6ccccc6s5)CC4)ncnc3[nH]2)cn1,Ki
CHEMBL6063509,6.301029995663981,500.0,2,COc1cccc(-c2[nH]c(C3CCN(c4ncnc5[nH]c(-c6cnn(C(F)F)c6)cc45)CC3)nc2C)c1,Ki
CHEMBL6063591,6.560667306169737,275.0,1,COc1cc(Nc2ccc3ncc(N4CCOCC4)nc3c2C#N)ccc1OCc1ccc(CF)nc1,Ki
CHEMBL6063592,5.780333653084869,3000.0,2,O=C(NCc1ccc(F)cc1)N1CCN(c2ncnc3cc(-c4cnn(CCN5CCOCC5)c4)sc23)CC1,Ki
CHEMBL6063833,6.301029995663981,500.0,2,CCc1ccc(S(=O)(=O)NC2CCN(c3ncnc4[nH]c(-c5cn(C)nc5C)cc34)CC2)cc1,Ki
CHEMBL6064183,4.619224005717909,55250.0,2,Cc1ccc(S(=O)(=O)NC2CCN(c3ncnc4[nH]c(C)cc34)CC2)cc1,Ki
CHEMBL6064424,5.1399203482970215,52750.0,2,Cc1nn(C)cc1-c1cc2ncnc(N3CCN(C(=O)N[C@@H](C)c4cccc(OC(F)F)c4)[C@H](C)C3)c2s1,Ki
CHEMBL6064524,5.1399203482970215,52750.0,2,C[C@H](NC(=O)N1CCN(c2ncnc3cc(-c4ccc(F)cc4)sc23)CC1(C)C)c1ccc(Cl)cc1,Ki
CHEMBL6064537,5.780333653084869,3000.0,2,COc1cccc([C@H](C)NC(=O)N2CCN(c3ncnc4[nH]c(C#CC5CC5)cc34)CC2)c1,Ki
CHEMBL6064618,6.301029995663981,500.0,2,COc1ccc(-c2[nH]c(C3(C)CCN(c4ncnc5[nH]c(-c6ccc(F)cc6)cc45)CC3)nc2C)cc1C,Ki
CHEMBL6065150,6.301029995663981,500.0,2,COc1ccc(-c2cc3c(N4CCC(C)(c5nc(C)c(-c6ccc(Cl)cc6)[nH]5)CC4)ncnc3[nH]2)cn1,Ki
CHEMBL6065169,3.9788107009300617,105000.0,1,C[C@H](NC(=O)N1CCN(c2ncnc3[nH]c(-c4ccc(C#N)cc4)cc23)CC1(C)C)c1ccc(Cl)cc1,Ki
CHEMBL6065200,3.9788107009300617,105000.0,1,O=C(Nc1ccc(F)c(F)c1)N1CCN(c2ncnc3[nH]ccc23)CC1,Ki
CHEMBL6065368,6.259637310505756,550.0,3,COc1ccc(-c2cc3c(N4CC(C(=O)Nc5ccc(C#N)cc5)C4)ncnn3c2)cc1,IC50
CHEMBL6065538,5.780333653084869,3000.0,2,Cc1cc2c(N3CCC(C)(c4nc(C)c(-c5cccc(OC(F)F)c5)[nH]4)CC3)ncnc2[nH]1,Ki
CHEMBL6065649,6.259637310505756,550.0,1,Cc1ccc(CNC(=O)C2CN(c3ncnn4cc(C5=CCN(C(=O)OC(C)(C)C)CC5)cc34)C2)cc1,IC50
CHEMBL6065791,5.1399203482970215,52750.0,2,CCCCS(=O)(=O)Nc1ccc(-c2ncnc3[nH]c(-c4ccc(F)cc4)cc23)cc1,Ki
CHEMBL6065965,3.9788107009300617,105000.0,1,O=C(NC1CCCCC1)NC1CCN(c2ncnc3[nH]ccc23)CC1,Ki
CHEMBL608533,7.242726123669857,69.5,2,CO[C@@H]1[C@H](N(C)C(=O)c2ccccc2)C[C@H]2O[C@]1(C)n1c3ccccc3c3c4c(c5c6ccccc6n2c5c31)C(=O)NC4,IC50
CHEMBL6159776,6.548213564475709,283.0,3,CC(C)(C)c1cc(NC(=O)Nc2ccc(C#Cc3ccc(OCCCN4CCOCC4)cc3)cc2)no1,IC50
CHEMBL6162015,6.2262135550188065,594.0,1,COc1nc(-c2cc(-c3cnn(C)c3)cnc2N)cc2c1C(=O)N(CC(F)(F)F)CC2,IC50
CHEMBL6162806,5.482804102050026,3290.0,1,C=CC(=O)N1CCC(C(=O)Nc2ccc(C)c(C#Cc3cnc4cccnn34)c2)CC1,IC50
CHEMBL6163448,7.962591779677412,99.3,2,C=CC(=O)Nc1ccc(NC(=O)c2ccc(C)c(C#Cc3cnc4cccnn34)c2)c2ccccc12,IC50
CHEMBL6163488,8.113509274827518,7.7,1,C=CC(=O)Nc1ccc(NC(=O)c2ccc(C)c(C#Cc3cnc4cccnn34)c2)cc1,IC50
CHEMBL6164484,6.777283528852417,167.0,1,COC(=O)c1cc(NC(=O)c2ccc(C)c(C#Cc3cnc4cccnn34)c2)ccc1NCc1ccccc1,IC50
CHEMBL6166514,6.882728704344236,131.0,3,C=CC(=O)Nc1cc(C(=O)Nc2ccc(C)c(C#Cc3cnc4cccnn34)c2)cc(C(F)(F)F)c1,IC50
CHEMBL6167395,7.39040559077478,40.7,3,C=CC(=O)Nc1cc(NC(=O)c2ccc(C)c(C#Cc3cnc4cccnn34)c2)cc(C(F)(F)F)c1,IC50
CHEMBL6167729,7.200659450546418,63.0,1,C=CC(=O)Nc1ccc(NC(=O)c2ccc(C)c(C#Cc3cnc4cccnn34)c2)cc1-c1ccsc1,IC50
CHEMBL6168711,5.681936665037238,2080.0,1,CC#CC1=Nc2cc(NC(=O)Cc3ncc(Oc4ccnc5cc(OC)ccc45)cc3OC)ccc2C(C)(C)O1,IC50
CHEMBL6169406,7.249607413541272,223.6,2,COC(=O)c1cc(NC(=O)c2ccc(C)c(C#Cc3cnc4cccnn34)c2)ccc1NC(=O)CCl,IC50
CHEMBL6170399,6.896196279044043,127.0,1,C=CC(=O)Nc1ccc(NC(=O)c2ccc(C)c(C#Cc3cncn3C)c2)cc1C(=O)OC,IC50
CHEMBL6172314,8.638272163982407,2.3,1,Cc1ccc(NC(=O)c2ccc3scnc3c2)cc1C#Cc1cnc2cccnn12,IC50
CHEMBL6173067,7.386158178123931,41.1,3,C=CC(=O)Nc1ccc(C(=O)Nc2ccc(C)c(C#Cc3cnc4cccnn34)c2)cc1C(F)(F)F,IC50
CHEMBL6174375,5.468521082957745,3400.0,1,C=CC(=O)Nc1ccc2[nH]c(-c3ccc(C)c(C#Cc4cnc5cccnn45)c3)nc2c1,IC50
CHEMBL6175030,8.00436480540245,9.9,1,C=CC(=O)Nc1ccc(C(=O)Nc2ccc(C)c(C#Cc3cnc4cccnn34)c2)cc1C,IC50
CHEMBL6175078,7.348721986001856,44.8,1,C=CC(=O)Nc1ccccc1NC(=O)c1ccc(C)c(C#Cc2cnc3cccnn23)c1,IC50
CHEMBL6175087,7.530177984021837,29.5,3,CC(=O)Nc1ccc(NC(=O)c2ccc(C)c(C#Cc3cnc4cccnn34)c2)cc1C(F)(F)F,IC50
CHEMBL6175201,8.065501548756432,8.6,3,C=CC(=O)Nc1ccc(NC(=O)c2ccc(C)c(C#Cc3cnc4cccnn34)c2)cc1C1CC1,IC50
CHEMBL6175375,7.823908740944319,15.0,1,CC#CC(=O)Nc1ccc(NC(=O)c2ccc(C)c(C#Cc3cnc4cccnn34)c2)cc1C(=O)OC,IC50
CHEMBL6176131,6.523671571921702,4081.5,2,C=CC(=O)Nc1ccc(NC(=O)c2ccc(C)c(C#Cc3cnc4cccnn34)c2)cc1-c1cnn(C)c1,IC50
CHEMBL6176831,6.280363345064803,4157.6,2,C=CC(=O)Nc1cc(C(=O)Nc2ccc(C)c(C#Cc3cnc4cccnn34)c2)ccc1N1CCN(C)CC1,IC50
CHEMBL6176998,6.210419287835575,616.0,1,Cc1ccc(NC(=O)c2ccc3sc(-c4c[nH]nc4C(C)C)nc3c2)cc1C#Cc1cnc2cccnn12,IC50
CHEMBL6177123,6.919465807264412,866.7,2,CCC(=O)Nc1ccc(NC(=O)c2ccc(C)c(C#Cc3cnc4cccnn34)c2)cc1C(=O)OC,IC50
CHEMBL6177409,7.543633966870957,28.6,3,C=CC(=O)Nc1ccc(NC(=O)c2ccc(C)c(C#Cc3cnc4cccnn34)c2)cc1C(=O)OC,IC50
CHEMBL6177464,8.229147988357855,5.9,1,C=CC(=O)Nc1ccc(C(=O)Nc2ccc(C)c(C#Cc3cnc4cccnn34)c2)cc1,IC50
CHEMBL6177675,7.39577394691553,40.2,1,C=Cc1nc2cc(C(=O)Nc3ccc(C)c(C#Cc4cnc5cccnn45)c3)ccc2s1,IC50
CHEMBL6177679,7.920818753952375,12.0,3,C=CC(=O)Nc1ccc(NC(=O)c2ccc(C)c(C#Cc3cnc4cccnn34)c2)cc1C(F)(F)F,IC50
CHEMBL6177746,7.688246138944246,20.5,3,C=CC(=O)Nc1ccc(NC(=O)c2ccc(C)c(C#Cc3cnc4cccnn34)c2)cc1I,IC50
CHEMBL6190161,7.372429335819457,42.42,1,Nc1cc(-c2ccc3c(/C=C/c4ccc(CN5CCOCC5)c(F)c4)n[nH]c3c2)ccn1,IC50
CHEMBL66,4.731828116375324,18800.0,2,O=C1c2c(O)cc(O)cc2O[C@H](c2ccc(O)c(O)c2)[C@H]1O,IC50
CHEMBL7064,6.060480747381382,870.0,1,O=C1c2ccccc2-c2n[nH]c3cccc1c23,IC50
CHEMBL74197,5.698970004336019,2000.0,1,Cc1cc(C)cc(Nc2nnc(Cc3ccncc3)c3ccccc23)c1,IC50
CHEMBL75034,5.455931955649724,3500.0,1,COc1cc(Nc2nnc(Cc3ccncc3)c3ccccc23)ccc1Cl,IC50
CHEMBL75196,6.154901959985743,700.0,1,Clc1ccc(Nc2nnc(Cc3ccncc3)c3ccccc23)cc1Cl,IC50
CHEMBL75232,6.181255135243745,660.0,2,Clc1ccc(Nc2nnc(Cc3ccncc3)c3ccccc23)cc1.O=C(O)CCC(=O)O,IC50
CHEMBL75462,5.522878745280337,3000.0,1,COc1cccc(Nc2nnc(Cc3ccncc3)c3ccccc23)c1,IC50
CHEMBL77555,5.568636235841013,2700.0,1,FC(F)(F)c1cc(Nc2nnc(Cc3ccncc3)c3ccccc23)ccc1Cl,IC50
CHEMBL78010,6.022878745280337,1050.0,2,COc1ccc(-c2cc(=O)c3c(O)c(OC)c(O)cc3o2)cc1,IC50
CHEMBL78303,5.6020599913279625,2500.0,1,Cc1cccc(Nc2nnc(Cc3ccncc3)c3ccccc23)c1,IC50
CHEMBL941,6.496209316942819,319.0,41,Cc1ccc(NC(=O)c2ccc(CN3CCN(C)CC3)cc2)cc1Nc1nccc(-c2cccnc2)n1,IC50
CHEMBL99743,6.4089353929735005,390.0,1,COc1cc2ncnc(N3CCN(C(=O)Nc4ccc([N+](=O)[O-])cc4)CC3)c2cc1OC,IC50
