molecule_chembl_id,smiles,skel,ABL1,c-KIT,PDGFRB,scaffold,split
CHEMBL1081198,O=C(Nc1cccc(-c2cn3ccnc3c(NCc3ccncc3)n2)c1)Nc1cccc(C(F)(F)F)c1,NWEIPABWNQPRCZ,0,-1,-1,O=C(Nc1ccccc1)Nc1cccc(-c2cn3ccnc3c(NCc3ccncc3)n2)c1,train
CHEMBL1085511,CC(C)COC(=O)Nc1ccc(-c2cnc3c(-c4ccc(N5CCN(C)CC5)cc4)cnn3c2N)cc1,DAZCBQNFGSWSQG,1,1,-1,c1ccc(-c2cnc3c(-c4ccc(N5CCNCC5)cc4)cnn3c2)cc1,train
CHEMBL1087650,CN1C[C@@H]2C[C@H]1CN2c1ccc(-c2ccnc3c(-c4cccc(O)c4)c(-c4ccncc4)nn23)cc1,MZPDPRITYJNRSG,1,-1,-1,c1ccc(-c2c(-c3ccncc3)nn3c(-c4ccc(N5CC6CC5CN6)cc4)ccnc23)cc1,train
CHEMBL1088240,COc1cc(Nc2c(C#N)cnc3cc(/C=C/CCN4CCN(C)CC4)c(OC)cc23)c(Cl)cc1Cl,XTMQXGYZVJVLMD,1,-1,-1,C(=Cc1ccc2c(Nc3ccccc3)ccnc2c1)CCN1CCNCC1,train
CHEMBL1097700,CNc1cc(O)c2c(c1)/C=C/C[C@H](O)[C@H](O)C(=O)/C=C\[C@@H](C)[C@H](C)OC2=O,ZDACFCFMMWTLTA,1,-1,-1,O=C1C=CCCOC(=O)c2ccccc2C=CCCC1,train
CHEMBL111339,Cc1ccc(Nc2ncc3cc(-c4c(Cl)cccc4Cl)c(=O)n(C)c3n2)cc1,ZLNBJDSAGVBJSP,1,-1,-1,O=c1[nH]c2nc(Nc3ccccc3)ncc2cc1-c1ccccc1,train
CHEMBL1165511,Fc1ccc(C(Cl)Cn2ncc3c(Nc4cccc(F)c4)ncnc32)cc1,AAMZEJILAVQVEW,1,-1,-1,c1ccc(CCn2ncc3c(Nc4ccccc4)ncnc32)cc1,train
CHEMBL1169882,CCN1CCN(Cc2ccc(NC(=O)c3ccc(C)c(C#Cc4cnc5ccccn45)c3)cc2C(F)(F)F)CC1,XIXZEORNMNADGH,1,-1,-1,O=C(Nc1ccc(CN2CCNCC2)cc1)c1cccc(C#Cc2cnc3ccccn23)c1,train
CHEMBL1170077,Cc1ccc(C(=O)Nc2ccc(CN3CCNCC3)c(C(F)(F)F)c2)cc1C#Cc1cnc2ccccn12,OMFSRNKSJGOABX,1,-1,-1,O=C(Nc1ccc(CN2CCNCC2)cc1)c1cccc(C#Cc2cnc3ccccn23)c1,train
CHEMBL1170078,Cc1ccc(C(=O)Nc2ccc(CN3CCNC(C)C3)c(C(F)(F)F)c2)cc1C#Cc1cnc2ccccn12,SCVMLTPOIKZIRV,1,-1,-1,O=C(Nc1ccc(CN2CCNCC2)cc1)c1cccc(C#Cc2cnc3ccccn23)c1,train
CHEMBL1170747,NCc1ccc(-c2cn3c(-c4cn[nH]c4)cnc3cn2)cc1,HRKWURYEAYZSRP,1,-1,-1,c1ccc(-c2cn3c(-c4cn[nH]c4)cnc3cn2)cc1,train
CHEMBL1170749,OCc1ccc(-c2cn3c(-c4cn[nH]c4)cnc3cn2)cc1,ZGXOIUFSZFXEMV,1,-1,-1,c1ccc(-c2cn3c(-c4cn[nH]c4)cnc3cn2)cc1,train
CHEMBL1171043,Cc1ccc(C(=O)Nc2ccc(CN3CCN(C(C)C)CC3)c(C(F)(F)F)c2)cc1C#Cc1cnc2ccccn12,UVJWKUDYNQQVDM,1,-1,-1,O=C(Nc1ccc(CN2CCNCC2)cc1)c1cccc(C#Cc2cnc3ccccn23)c1,train
CHEMBL1171044,Cc1ccc(C(=O)Nc2ccc(CN3CCN(CCO)CC3)c(C(F)(F)F)c2)cc1C#Cc1cnc2ccccn12,XCUBPDUKAWXPCB,1,-1,-1,O=C(Nc1ccc(CN2CCNCC2)cc1)c1cccc(C#Cc2cnc3ccccn23)c1,train
CHEMBL1171045,Cc1ccc(C(=O)Nc2ccc(CN3CCN(CCF)CC3)c(C(F)(F)F)c2)cc1C#Cc1cnc2ccccn12,CSMOSYIFOGJHKG,1,-1,-1,O=C(Nc1ccc(CN2CCNCC2)cc1)c1cccc(C#Cc2cnc3ccccn23)c1,train
CHEMBL1171085,Cc1ccc(C(=O)Nc2cc(-n3ccnc3CN(C)C)cc(C(F)(F)F)c2)cc1C#Cc1cnc2ccccn12,QZYXEXGJVTZDIZ,1,-1,-1,O=C(Nc1cccc(-n2ccnc2)c1)c1cccc(C#Cc2cnc3ccccn23)c1,train
CHEMBL1171086,Cc1ccc(C(=O)Nc2ccc(CN3CCN(C)CC3)c(C(F)(F)F)c2)cc1C#Cc1cnc2ccccn12,ZRIKPFNXTUUJLL,1,-1,-1,O=C(Nc1ccc(CN2CCNCC2)cc1)c1cccc(C#Cc2cnc3ccccn23)c1,train
CHEMBL1171281,Cc1ccc(NC(=O)c2ccc(CN3CCN(C)CC3)c(C(F)(F)F)c2)cc1C#Cc1cnc2ccccn12,MCFGKFVUYVDWJD,1,-1,-1,O=C(Nc1cccc(C#Cc2cnc3ccccn23)c1)c1ccc(CN2CCNCC2)cc1,train
CHEMBL1171282,Cc1ccc(C(=O)Nc2cc(CN3CCN(C)CC3)cc(C(F)(F)F)c2)cc1C#Cc1cnc2ccccn12,APNDYFIEHLWGLX,1,-1,-1,O=C(Nc1cccc(CN2CCNCC2)c1)c1cccc(C#Cc2cnc3ccccn23)c1,train
CHEMBL1171283,Cc1ccc(C(=O)Nc2ccc(CN3CCOCC3)c(C(F)(F)F)c2)cc1C#Cc1cnc2ccccn12,OHZCHMRAANNRTL,1,-1,-1,O=C(Nc1ccc(CN2CCOCC2)cc1)c1cccc(C#Cc2cnc3ccccn23)c1,train
CHEMBL1171432,Cc1ccc(C(=O)Nc2ccc(CN3CCN(CCO)CC3)c(C(F)(F)F)c2)cc1C#Cc1cnc2cccnn12,ZSRMOINLZARXLA,1,-1,-1,O=C(Nc1ccc(CN2CCNCC2)cc1)c1cccc(C#Cc2cnc3cccnn23)c1,train
CHEMBL1171657,Cc1ccc(C(=O)Nc2ccc(CN3CCN(C)CC3)c(C(F)(F)F)c2)cc1C#Cc1cnc2[nH]cnc2c1,XGDBPKHGUYPWPJ,1,-1,-1,O=C(Nc1ccc(CN2CCNCC2)cc1)c1cccc(C#Cc2cnc3[nH]cnc3c2)c1,train
CHEMBL1171679,Cc1cn(-c2cc(NC(=O)c3ccc(C)c(/C=C/n4cnc5c(N)ncnc54)c3)cc(C(F)(F)F)c2)cn1,FVVZGHAJQOKULY,1,-1,-1,O=C(Nc1cccc(-n2ccnc2)c1)c1cccc(C=Cn2cnc3cncnc32)c1,train
CHEMBL1171912,N#Cc1c(SCc2ccccc2)nc2c(c1-c1cccs1)CCCC2,CKRPTIHHOUSNTN,0,-1,-1,c1ccc(CSc2cc(-c3cccs3)c3c(n2)CCCC3)cc1,train
CHEMBL1171960,N#Cc1c(N)nc(SCC(=O)c2ccccc2)c(C#N)c1-c1ccsc1,ARMHOYQEFMZUND,1,-1,-1,O=C(CSc1cc(-c2ccsc2)ccn1)c1ccccc1,train
CHEMBL1172004,CCN1CCN(Cc2ccc(NC(=O)c3ccc(C)c(C#Cc4cnc5cccnn45)c3)cc2C(F)(F)F)CC1,CPODEIRRQNWWDX,1,-1,-1,O=C(Nc1ccc(CN2CCNCC2)cc1)c1cccc(C#Cc2cnc3cccnn23)c1,train
CHEMBL1172147,N#Cc1c(N)nc(SCC(=O)c2ccc(Cl)cc2)c(C#N)c1-c1ccsc1,IGWMATWUOJUJRZ,0,-1,-1,O=C(CSc1cc(-c2ccsc2)ccn1)c1ccccc1,train
CHEMBL1172397,Cc1ccc(C(=O)Nc2cc(-n3ccnc3)cc(C(F)(F)F)c2)cc1C#Cc1cnc2c(N)cccn12,PXFJXUWUMFORFW,1,-1,-1,O=C(Nc1cccc(-n2ccnc2)c1)c1cccc(C#Cc2cnc3ccccn23)c1,train
CHEMBL1172585,CC(=O)Nc1cccn2c(C#Cc3cc(C(=O)Nc4cc(-n5ccnc5)cc(C(F)(F)F)c4)ccc3C)cnc12,VMFUXAFEDBBWDS,1,-1,-1,O=C(Nc1cccc(-n2ccnc2)c1)c1cccc(C#Cc2cnc3ccccn23)c1,train
CHEMBL1172586,Cc1ccc(C(=O)Nc2cc(-n3ccnc3)cc(C(F)(F)F)c2)cc1C#Cc1cnc2ccccn12,SUHXJJURNJBVSU,1,-1,-1,O=C(Nc1cccc(-n2ccnc2)c1)c1cccc(C#Cc2cnc3ccccn23)c1,train
CHEMBL1172697,N#Cc1c(SCc2ccc(F)cc2)nc2c(c1-c1cccs1)CCCC2,FJAGVGBQBVTRAB,0,-1,-1,c1ccc(CSc2cc(-c3cccs3)c3c(n2)CCCC3)cc1,train
CHEMBL1172718,Cc1ccc(C(=O)Nc2ccc(CN3CCN(C)CC3)c(Cl)c2)cc1C#Cc1cnc2cccnn12,SSMGHCKFVYUXLG,1,-1,-1,O=C(Nc1ccc(CN2CCNCC2)cc1)c1cccc(C#Cc2cnc3cccnn23)c1,train
CHEMBL1172719,Cc1ccc(C(=O)Nc2ccc(CN3CCN(C)CC3)c(C3CC3)c2)cc1C#Cc1cnc2cccnn12,DCAPWVKXVRKJLK,1,-1,-1,O=C(Nc1ccc(CN2CCNCC2)c(C2CC2)c1)c1cccc(C#Cc2cnc3cccnn23)c1,train
CHEMBL1172720,Cc1ccc(C(=O)Nc2cccc(C(F)(F)F)c2)cc1C#Cc1cnc2cccnn12,HREBCFVFXLSGFN,1,-1,-1,O=C(Nc1ccccc1)c1cccc(C#Cc2cnc3cccnn23)c1,train
CHEMBL1173201,Cc1ccc(C(=O)Nc2ccc(CN3CCN(C)CC3)c(C(F)(F)F)c2)cc1/C=C/c1cnc2cccnn12,VAHLZPLJZFWYRY,1,-1,-1,O=C(Nc1ccc(CN2CCNCC2)cc1)c1cccc(C=Cc2cnc3cccnn23)c1,train
CHEMBL1173352,Cc1ccc(C(=O)Nc2ccc(CN3CCNCC3)c(C(F)(F)F)c2)cc1C#Cc1cnc2cccnn12,KWRBKHJXXYLTAA,1,-1,-1,O=C(Nc1ccc(CN2CCNCC2)cc1)c1cccc(C#Cc2cnc3cccnn23)c1,train
CHEMBL1173423,CN1CCN(Cc2ccc(NC(=O)c3cccc(C#Cc4cnc5cccnn45)c3)cc2C(F)(F)F)CC1,NDHGHEBAUKELKQ,1,-1,-1,O=C(Nc1ccc(CN2CCNCC2)cc1)c1cccc(C#Cc2cnc3cccnn23)c1,train
CHEMBL1173424,CN1CCN(Cc2ccc(NC(=O)c3ccc(Cl)c(C#Cc4cnc5cccnn45)c3)cc2C(F)(F)F)CC1,ZNQLSUZFPDXXAK,1,-1,-1,O=C(Nc1ccc(CN2CCNCC2)cc1)c1cccc(C#Cc2cnc3cccnn23)c1,train
CHEMBL1173498,CN1CCN(Cc2ccc(NC(=O)c3ccc(F)c(C#Cc4cnc5cccnn45)c3)cc2C(F)(F)F)CC1,DVJJGUFQFHMNEC,1,-1,-1,O=C(Nc1ccc(CN2CCNCC2)cc1)c1cccc(C#Cc2cnc3cccnn23)c1,train
CHEMBL118130,Oc1ccc(-c2[nH]nc3ncnc(Nc4cccc(Cl)c4)c23)cc1,DTGDQRLXHBUCRM,1,-1,-1,c1ccc(Nc2ncnc3n[nH]c(-c4ccccc4)c23)cc1,train
CHEMBL120077,COc1cc2c(cc1OC)-c1n[nH]c(Nc3cccc(F)c3)c1C2,ZDNURMVOKAERHZ,1,-1,1,c1ccc(Nc2[nH]nc3c2Cc2ccccc2-3)cc1,train
CHEMBL1213120,CC(C)n1nc(C#Cc2cccc(O)c2)c2c(N)ncnc21,HFGDXJQGICLTIE,1,-1,-1,C(#Cc1n[nH]c2ncncc12)c1ccccc1,train
CHEMBL1214142,Cc1ccc(NC(=O)c2cccc(C(F)(F)F)c2)cc1N1Cc2cnc(Nc3ccccc3)nc2N(C)C1=O,JWXZQEPPXRGVKZ,1,-1,-1,O=C(Nc1cccc(N2Cc3cnc(Nc4ccccc4)nc3NC2=O)c1)c1ccccc1,train
CHEMBL121954,Oc1cccc(Nc2[nH]nc3ncnc(Nc4cccc(Cl)c4)c23)c1,BUGPWXMPCMTLIX,1,-1,-1,c1ccc(Nc2ncnc3n[nH]c(Nc4ccccc4)c23)cc1,train
CHEMBL122068,Nc1nc(N)c2c(Nc3cccc(Cl)c3)[nH]nc2n1,YASYSLUSCVNMAJ,1,-1,-1,c1ccc(Nc2[nH]nc3ncncc23)cc1,train
CHEMBL1221411,Cn1c(=O)c(-c2c(Cl)cccc2Cl)cc2cnc(Nc3cccc(NC(=O)CN)c3)nc21,IYLHGALYAPODPJ,1,-1,-1,O=c1[nH]c2nc(Nc3ccccc3)ncc2cc1-c1ccccc1,train
CHEMBL122182,Oc1ccc(Nc2[nH]nc3ncnc(Nc4cccc(Cl)c4)c23)cc1,DBDQLLPCPIODHI,1,-1,-1,c1ccc(Nc2ncnc3n[nH]c(Nc4ccccc4)c23)cc1,train
CHEMBL1223343,Cn1c(=O)c(-c2c(Cl)cccc2Cl)cc2cnc(NCc3cccc(N)c3)nc21,KPPCYCBOIJNKQQ,1,-1,-1,O=c1[nH]c2nc(NCc3ccccc3)ncc2cc1-c1ccccc1,train
CHEMBL1223344,Cn1c(=O)c(-c2ccccc2Cl)cc2cnc(NCc3cccc(N)c3)nc21,MIKVHRXBSAAOAC,1,-1,-1,O=c1[nH]c2nc(NCc3ccccc3)ncc2cc1-c1ccccc1,train
CHEMBL1223411,Cn1c(=O)c(-c2c(F)cccc2F)cc2cnc(NCc3cccc(N)c3)nc21,CKRUVOWUUADMOW,1,-1,-1,O=c1[nH]c2nc(NCc3ccccc3)ncc2cc1-c1ccccc1,train
CHEMBL1223412,Cn1c(=O)c(-c2ccccc2Br)cc2cnc(NCc3cccc(N)c3)nc21,XRICZAYMCVEQRW,1,-1,-1,O=c1[nH]c2nc(NCc3ccccc3)ncc2cc1-c1ccccc1,train
CHEMBL1223413,CSc1cccc(CNc2ncc3cc(-c4c(Cl)cccc4Cl)c(=O)n(C)c3n2)c1,SXMJIOORJPONJF,1,-1,-1,O=c1[nH]c2nc(NCc3ccccc3)ncc2cc1-c1ccccc1,train
CHEMBL1223481,CCCCCCNc1cccc(CNc2ncc3cc(-c4c(Cl)cccc4Cl)c(=O)n(C)c3n2)c1,IANRJNBFIVNBGL,1,-1,-1,O=c1[nH]c2nc(NCc3ccccc3)ncc2cc1-c1ccccc1,train
CHEMBL1223482,Cn1c(=O)c(-c2c(Cl)cccc2Cl)cc2cnc(NCc3cccc(NC(=O)CN)c3)nc21,SPKNCJPWJKOEQD,1,-1,-1,O=c1[nH]c2nc(NCc3ccccc3)ncc2cc1-c1ccccc1,train
CHEMBL1223483,Cn1c(=O)c(-c2c(Cl)cccc2Cl)cc2cnc(NCc3cccc(C(=O)CCCC[C@@H]4SC[C@@H]5NC(=O)N[C@@H]54)c3)nc21,YZOXUUSBVVVVJO,1,-1,-1,O=C1NC2CSC(CCCCC(=O)c3cccc(CNc4ncc5cc(-c6ccccc6)c(=O)[nH]c5n4)c3)C2N1,train
CHEMBL1230790,CC(C)n1nc(-c2cccc(O)c2)c2c(N)ncnc21,MWYBBCLGEHZSCP,1,-1,-1,c1ccc(-c2n[nH]c3ncncc23)cc1,train
CHEMBL1233881,COc1ccc(-c2nn(C3CCC3)c3ncnc(N)c23)cc1OC,ITOYZJGFTNTKKR,1,-1,-1,c1ccc(-c2nn(C3CCC3)c3ncncc23)cc1,train
CHEMBL1233882,CC(C)n1nc(-c2ccc3ncccc3c2)c2c(N)ncnc21,GEZALMMCQYDFML,1,-1,-1,c1cnc2ccc(-c3n[nH]c4ncncc34)cc2c1,train
CHEMBL1235103,COc1ccccc1-c1c[nH]c2ncc(-c3cncc(C(=O)N(C)C)c3)cc12,GYQRHHQPEMOLKH,1,-1,-1,c1ccc(-c2c[nH]c3ncc(-c4cccnc4)cc23)cc1,train
CHEMBL1236871,Cc1ccc(C(=O)Nc2ccc(CN3CCN(CCO)CC3)c(C(F)(F)F)c2)cc1C#Cc1cnc(C(N)=O)n1C,GOLRXYBFRBKBAG,1,-1,-1,O=C(Nc1ccc(CN2CCNCC2)cc1)c1cccc(C#Cc2cnc[nH]2)c1,train
CHEMBL1240544,C[C@@H](CN)n1nc(-c2ccc(Cl)c(O)c2)c2c(N)ncnc21,NVHKWMBHTXQWRP,1,-1,-1,c1ccc(-c2n[nH]c3ncncc23)cc1,train
CHEMBL1240553,COc1ccc(-c2nn(C3CCCC3)c3ncnc(N)c23)cc1OC,ULLIAFSPUSWCIL,1,-1,-1,c1ccc(-c2nn(C3CCCC3)c3ncncc23)cc1,train
CHEMBL1240554,CCOc1ccc(-c2nn(C3CCCC3)c3ncnc(N)c23)cc1OC,AAHKGRWRYBCWDL,1,-1,-1,c1ccc(-c2nn(C3CCCC3)c3ncncc23)cc1,train
CHEMBL1240565,Cn1nc(-c2cnc3[nH]ccc3c2)c2c(N)ncnc21,PGXQNHGXDFCMOJ,1,-1,-1,c1ncc2c(-c3cnc4[nH]ccc4c3)n[nH]c2n1,train
CHEMBL1241270,Cc1ccc(-c2n[nH]c3ncnc(N)c23)cc1O,ZTWYTYUOHYGWSG,1,-1,-1,c1ccc(-c2n[nH]c3ncncc23)cc1,train
CHEMBL1241271,Cc1ccc(-c2nn(C)c3ncnc(N)c23)cc1O,GRWJFKQBVQNWQW,1,-1,-1,c1ccc(-c2n[nH]c3ncncc23)cc1,train
CHEMBL1241299,Cn1nc(-c2ccc(Br)c(O)c2)c2c(N)ncnc21,MFRGGAROFRXKRT,1,-1,-1,c1ccc(-c2n[nH]c3ncncc23)cc1,train
CHEMBL1241300,COc1ccc(-c2n[nH]c3ncnc(N)c23)cc1O,QPZURRPXZSPBJE,1,-1,-1,c1ccc(-c2n[nH]c3ncncc23)cc1,train
CHEMBL1241301,COc1ccc(-c2nn(C)c3ncnc(N)c23)cc1O,DINPOPQNCDTVPQ,1,-1,-1,c1ccc(-c2n[nH]c3ncncc23)cc1,train
CHEMBL1241390,CC(C)n1nc(-c2cccnc2)c2c(N)ncnc21,ZGFXAJBFDCMHTM,0,-1,-1,c1cncc(-c2n[nH]c3ncncc23)c1,train
CHEMBL1241481,COc1cc(-c2nn(C(C)C)c3ncnc(N)c23)ccc1NC(=O)OC(C)(C)C,LVOBTCONHRNJJA,1,-1,-1,c1ccc(-c2n[nH]c3ncncc23)cc1,train
CHEMBL1241483,COc1cc(-c2nn(C(C)C)c3ncnc(N)c23)ccc1F,MNJNKKYCZKBVRY,1,-1,-1,c1ccc(-c2n[nH]c3ncncc23)cc1,train
CHEMBL1241484,CC(C)n1nc(-c2ccc(Cl)c(O)c2)c2c(N)ncnc21,ZBTLTVIYBHYEHL,1,-1,-1,c1ccc(-c2n[nH]c3ncncc23)cc1,train
CHEMBL1241485,COc1cc(-c2nn(C(C)C)c3ncnc(N)c23)ccc1N,JDOVRLNHIYWZKZ,1,-1,-1,c1ccc(-c2n[nH]c3ncncc23)cc1,train
CHEMBL1241487,Nc1ccc(-c2nn(C3CCCC3)c3ncnc(N)c23)cc1O,ZHBTZVAVYLOIKW,1,-1,-1,c1ccc(-c2nn(C3CCCC3)c3ncncc23)cc1,train
CHEMBL1241489,CC(C)n1nc(-c2ccc3ccccc3c2)c2c(N)ncnc21,CBWWAMHIIZVQTP,1,-1,-1,c1ccc2cc(-c3n[nH]c4ncncc34)ccc2c1,train
CHEMBL1241490,CC(C)n1nc(-c2ccc3occc3c2)c2c(N)ncnc21,AULCRCVNIWNUTH,1,-1,-1,c1ncc2c(-c3ccc4occc4c3)n[nH]c2n1,train
CHEMBL1241578,CC(C)n1nc(-c2ccc(Br)c(O)c2)c2c(N)ncnc21,ZLMVXCGWUJXFNP,1,-1,-1,c1ccc(-c2n[nH]c3ncncc23)cc1,train
CHEMBL1241579,C[C@H](CN)n1nc(-c2ccc(Cl)c(O)c2)c2c(N)ncnc21,NVHKWMBHTXQWRP,1,-1,-1,c1ccc(-c2n[nH]c3ncncc23)cc1,train
CHEMBL1241580,Nc1ncnc2c1c(-c1ccc(Cl)c(O)c1)nn2C1CCC1,VEORWCZDRQSGJH,1,-1,-1,c1ccc(-c2nn(C3CCC3)c3ncncc23)cc1,train
CHEMBL1241581,COc1cc(-c2nn(C3CCCC3)c3ncnc(N)c23)ccc1N,ZTQOHJNXDAUMOA,1,-1,-1,c1ccc(-c2nn(C3CCCC3)c3ncncc23)cc1,train
CHEMBL1241583,CC(C)n1nc(-c2cccc(CC#N)c2)c2c(N)ncnc21,LQUXOZIJMPWQAA,0,-1,-1,c1ccc(-c2n[nH]c3ncncc23)cc1,train
CHEMBL1241676,Nc1ncnc2c1c(-c1ccc(Cl)c(O)c1)nn2C1CCCC1,UDUPSRWUDACGIS,1,-1,-1,c1ccc(-c2nn(C3CCCC3)c3ncncc23)cc1,train
CHEMBL1241677,Nc1ncnc2c1c(-c1ccc(Cl)c(O)c1)nn2[C@@H]1CCNC1,UBJGLXSFXKIIFY,1,-1,-1,c1ccc(-c2nn(C3CCNC3)c3ncncc23)cc1,train
CHEMBL1241678,Nc1ncnc2c1c(-c1ccc(Cl)c(O)c1)nn2[C@H]1CCOC1,COAQRADEUYYCDG,1,-1,-1,c1ccc(-c2nn(C3CCOC3)c3ncncc23)cc1,train
CHEMBL1241679,CC(C)n1nc(-c2cccc(C#N)c2)c2c(N)ncnc21,YNOUNHICEHQLNM,0,-1,-1,c1ccc(-c2n[nH]c3ncncc23)cc1,train
CHEMBL1241767,Cc1ccccc1-n1c(Cn2nc(-c3cccc(O)c3)c3c(N)ncnc32)nc2cccc(C)c2c1=O,WFSLJOPRIJSOJR,0,-1,-1,O=c1c2ccccc2nc(Cn2nc(-c3ccccc3)c3cncnc32)n1-c1ccccc1,train
CHEMBL1241768,Nc1ncnc2c1c(-c1ccc(Cl)c(O)c1)nn2[C@@H]1CCOC1,COAQRADEUYYCDG,1,-1,-1,c1ccc(-c2nn(C3CCOC3)c3ncncc23)cc1,train
CHEMBL1241770,Nc1ncnc2c1c(-c1ccc(Cl)c(O)c1)nn2CC1CCNC1,YJNVZAXZUDOAAI,1,-1,-1,c1ccc(-c2nn(CC3CCNC3)c3ncncc23)cc1,train
CHEMBL1241772,CC(C)n1nc(-c2ccc(C#N)nc2)c2c(N)ncnc21,UMZSNSKPDRINJC,0,-1,-1,c1cncc(-c2n[nH]c3ncncc23)c1,train
CHEMBL1241860,CC(C)n1nc(-c2ccc(C=O)c(F)c2)c2c(N)ncnc21,CMUZPNXYCOKJJJ,1,-1,-1,c1ccc(-c2n[nH]c3ncncc23)cc1,train
CHEMBL1241862,CC(C)n1nc(-c2ccc(C(N)=O)c(Cl)c2)c2c(N)ncnc21,NZELPIPZPVLYLT,0,-1,-1,c1ccc(-c2n[nH]c3ncncc23)cc1,train
CHEMBL1241945,CC(C)n1nc(-c2ccc(O)c(F)c2)c2c(N)ncnc21,VBUMOGXFBGYXDV,1,-1,-1,c1ccc(-c2n[nH]c3ncncc23)cc1,train
CHEMBL1241946,CC(=O)c1cccc(-c2nn(C(C)C)c3ncnc(N)c23)c1,ILURHKUMGMVIKK,0,-1,-1,c1ccc(-c2n[nH]c3ncncc23)cc1,train
CHEMBL1241948,CC(C)n1nc(-c2cccc(NS(C)(=O)=O)c2)c2c(N)ncnc21,SSVLAVRFVKSIND,0,-1,-1,c1ccc(-c2n[nH]c3ncncc23)cc1,train
CHEMBL1242024,Cc1cc(O)ccc1-c1nn(C(C)C)c2ncnc(N)c12,FAWGCSGOLCHXBH,1,-1,-1,c1ccc(-c2n[nH]c3ncncc23)cc1,train
CHEMBL1242026,Cc1ccc(-c2nn(C(C)C)c3ncnc(N)c23)cc1O,BTIKYUUNPGWLNG,1,-1,-1,c1ccc(-c2n[nH]c3ncncc23)cc1,train
CHEMBL1242030,CC(C)n1nc(-c2ccc(NS(C)(=O)=O)cc2)c2c(N)ncnc21,HMKCVXALDWCZFL,0,-1,-1,c1ccc(-c2n[nH]c3ncncc23)cc1,train
CHEMBL1242031,CC(C)n1nc(-c2cccc(S(N)(=O)=O)c2)c2c(N)ncnc21,WDMOOFMBMGLZGY,0,-1,-1,c1ccc(-c2n[nH]c3ncncc23)cc1,train
CHEMBL1242032,CC(C)n1nc(-c2ccc(S(N)(=O)=O)cc2)c2c(N)ncnc21,ZNAZTNSMMJFJLP,0,-1,-1,c1ccc(-c2n[nH]c3ncncc23)cc1,train
CHEMBL1242033,CC(C)n1nc(-c2ccc3nccc(NC(=O)OC(C)(C)C)c3c2)c2c(N)ncnc21,XEFOGCQNLWUZGB,0,-1,-1,c1cnc2ccc(-c3n[nH]c4ncncc34)cc2c1,train
CHEMBL1242109,CCC(C)n1nc(-c2ccc(C)c(O)c2)c2c(N)ncnc21,YKDLGDBIORZVLP,1,-1,-1,c1ccc(-c2n[nH]c3ncncc23)cc1,train
CHEMBL1242110,CC(C)n1nc(-c2cccc(O)c2F)c2c(N)ncnc21,RXNGGTYNZUEFOM,1,-1,-1,c1ccc(-c2n[nH]c3ncncc23)cc1,train
CHEMBL1242111,Nc1ncnc2c1c(-c1cccc(O)c1F)nn2C1CCCC1,CHPHDLQQSCKHOK,1,-1,-1,c1ccc(-c2nn(C3CCCC3)c3ncncc23)cc1,train
CHEMBL1242113,CCn1nc(-c2ccc(OC)c(O)c2)c2c(N)ncnc21,QOYOSSAKTDDRJV,1,-1,-1,c1ccc(-c2n[nH]c3ncncc23)cc1,train
CHEMBL1242114,COc1ccc(-c2nn(C(C)C)c3ncnc(N)c23)cc1O,KUUKOPMICNKRGE,1,-1,-1,c1ccc(-c2n[nH]c3ncncc23)cc1,train
CHEMBL1242117,Cn1nc(-c2ccc3occc(=O)c3c2)c2c(N)ncnc21,IXPOSFVTGQUOAI,0,-1,-1,O=c1ccoc2ccc(-c3n[nH]c4ncncc34)cc12,train
CHEMBL1242198,CC(C)n1nc(-c2cc(O)cc(F)c2)c2c(N)ncnc21,MJALZBJFTIQSSR,1,-1,-1,c1ccc(-c2n[nH]c3ncncc23)cc1,train
CHEMBL1242199,Nc1ncnc2c1c(-c1cc(O)cc(F)c1)nn2C1CCCC1,IWGLXKVBQSBQMC,1,-1,-1,c1ccc(-c2nn(C3CCCC3)c3ncncc23)cc1,train
CHEMBL1242201,COc1ccc(-c2nn(C3CCCC3)c3ncnc(N)c23)cc1O,FRKWMLCUONAHJH,1,-1,-1,c1ccc(-c2nn(C3CCCC3)c3ncncc23)cc1,train
CHEMBL1242202,COc1ccc(-c2nn(C3CCC(C)C3)c3ncnc(N)c23)cc1O,RHFWTFDTRBFIHU,1,-1,-1,c1ccc(-c2nn(C3CCCC3)c3ncncc23)cc1,train
CHEMBL1242285,CC(C)n1nc(-c2cc(O)cc(Br)c2)c2c(N)ncnc21,QYPSALIXKCRYNZ,1,-1,-1,c1ccc(-c2n[nH]c3ncncc23)cc1,train
CHEMBL1242286,COCOc1cc(-c2nn(C(C)C)c3ncnc(N)c23)ccc1Br,JSGRAJRLMWHOTJ,1,-1,-1,c1ccc(-c2n[nH]c3ncncc23)cc1,train
CHEMBL1242287,Nc1ncnc2c1c(-c1ccc(Br)c(O)c1)nn2C1CCC1,HRRMXIICSWVXIS,1,-1,-1,c1ccc(-c2nn(C3CCC3)c3ncncc23)cc1,train
CHEMBL1242289,CCOc1ccc(-c2nn(C3CCCC3)c3ncnc(N)c23)cc1O,HVUAYFFHDRNLOX,1,-1,-1,c1ccc(-c2nn(C3CCCC3)c3ncncc23)cc1,train
CHEMBL1242293,CC(C)n1nc(-c2cnc3[nH]ccc3c2)c2c(N)ncnc21,KTTGLAHMSDMRLJ,1,-1,-1,c1ncc2c(-c3cnc4[nH]ccc4c3)n[nH]c2n1,train
CHEMBL1242294,CC(C)n1nc(-c2ccc3[nH]ccc3c2)c2c(N)ncnc21,PNEGWAQERPTPDN,1,-1,-1,c1ncc2c(-c3ccc4[nH]ccc4c3)n[nH]c2n1,train
CHEMBL1242295,Nc1ncnc2c1c(-c1ccc3[nH]ccc3c1)nn2C1CCCC1,MRCFTWAYZAHAFA,1,-1,-1,c1ncc2c(-c3ccc4[nH]ccc4c3)nn(C3CCCC3)c2n1,train
CHEMBL1242376,Nc1ncnc2c1c(-c1ccc(Br)c(O)c1)nn2C1CCCC1,LVUGPVDXTSJQQD,1,-1,-1,c1ccc(-c2nn(C3CCCC3)c3ncncc23)cc1,train
CHEMBL1242377,CC(C)n1nc(-c2ccc(F)c(O)c2)c2c(N)ncnc21,CJMMCIXRPVLDBH,1,-1,-1,c1ccc(-c2n[nH]c3ncncc23)cc1,train
CHEMBL1242378,C[C@H](CN)n1nc(-c2ccc(F)c(O)c2)c2c(N)ncnc21,KLQFQJDEPBUNAK,1,-1,-1,c1ccc(-c2n[nH]c3ncncc23)cc1,train
CHEMBL1242380,COc1ccc(-c2nn(C[C@H](C)CO)c3ncnc(N)c23)cc1OC,ORVLOIUKTHUQPU,0,-1,-1,c1ccc(-c2n[nH]c3ncncc23)cc1,train
CHEMBL1242384,CC(C)n1nc(-c2ccc3c(ccn3C)c2)c2c(N)ncnc21,SPUWUOGLPPVXCW,1,-1,-1,c1ncc2c(-c3ccc4[nH]ccc4c3)n[nH]c2n1,train
CHEMBL1242385,Cn1ccc2cc(-c3nn(C4CCCC4)c4ncnc(N)c34)ccc21,LQIVXZFCXIBJSU,1,-1,-1,c1ncc2c(-c3ccc4[nH]ccc4c3)nn(C3CCCC3)c2n1,train
CHEMBL1242386,CC(C)n1nc(-c2ccc3[nH]ncc3c2)c2c(N)ncnc21,SNHKARUQVBJTQS,1,-1,-1,c1ncc2c(-c3ccc4[nH]ncc4c3)n[nH]c2n1,train
CHEMBL1242468,C[C@@H](CN)n1nc(-c2ccc(F)c(O)c2)c2c(N)ncnc21,KLQFQJDEPBUNAK,1,-1,-1,c1ccc(-c2n[nH]c3ncncc23)cc1,train
CHEMBL1242469,N#CCCCn1nc(-c2ccc(F)c(O)c2)c2c(N)ncnc21,XVTLRUAQTJKQLQ,1,-1,-1,c1ccc(-c2n[nH]c3ncncc23)cc1,train
CHEMBL1242470,N#CCCCCn1nc(-c2ccc(F)c(O)c2)c2c(N)ncnc21,DAXOOIRHYYCDDH,1,-1,-1,c1ccc(-c2n[nH]c3ncncc23)cc1,train
CHEMBL1242475,Nc1ncnc2c1c(-c1ccc3[nH]ncc3c1)nn2C1CCCC1,XOKCNIACFBBJGV,1,-1,-1,c1ncc2c(-c3ccc4[nH]ncc4c3)nn(C3CCCC3)c2n1,train
CHEMBL1242476,CC(C)n1nc(-c2ccc3c(N)n[nH]c3c2)c2c(N)ncnc21,QBPMDFDPUIVKQA,1,-1,-1,c1ncc2c(-c3ccc4cn[nH]c4c3)n[nH]c2n1,train
CHEMBL1242477,CC(C)n1nc(-c2ccc3cn[nH]c3c2)c2c(N)ncnc21,ULPBTMCLMXCXEB,1,-1,-1,c1ncc2c(-c3ccc4cn[nH]c4c3)n[nH]c2n1,train
CHEMBL1242566,Nc1ncnc2c1c(-c1ccc(F)c(O)c1)nn2C1CCC1,KUMLEJXITHSWSP,1,-1,-1,c1ccc(-c2nn(C3CCC3)c3ncncc23)cc1,train
CHEMBL1242568,Nc1ncnc2c1c(-c1ccc(F)c(O)c1)nn2C1CCCC1,PQRFMBAACAPZPP,1,-1,-1,c1ccc(-c2nn(C3CCCC3)c3ncncc23)cc1,train
CHEMBL1242569,C=CCn1nc(-c2ccc(OCC)c(OC)c2)c2c(N)ncnc21,GGBQGMRDBYCCLW,0,-1,-1,c1ccc(-c2n[nH]c3ncncc23)cc1,train
CHEMBL1242573,CC(C)n1nc(-c2cc(F)c3cn[nH]c3c2)c2c(N)ncnc21,VVLOLXBDTFEURK,1,-1,-1,c1ncc2c(-c3ccc4cn[nH]c4c3)n[nH]c2n1,train
CHEMBL1242574,CC(C)n1nc(-c2ccc3cc[nH]c3c2)c2c(N)ncnc21,UVFCDQJUKYMBAZ,1,-1,-1,c1ncc2c(-c3ccc4cc[nH]c4c3)n[nH]c2n1,train
CHEMBL1242656,CC1CCC(n2nc(-c3ccc(F)c(O)c3)c3c(N)ncnc32)C1,MBPKPSDAPFPECJ,1,-1,-1,c1ccc(-c2nn(C3CCCC3)c3ncncc23)cc1,train
CHEMBL1242657,Nc1ncnc2c1c(-c1ccc(F)c(O)c1)nn2[C@H]1CCNC1,FHNLPTRXVQOXQO,1,-1,-1,c1ccc(-c2nn(C3CCNC3)c3ncncc23)cc1,train
CHEMBL1242658,Nc1ncnc2c1c(-c1ccc(F)c(O)c1)nn2[C@@H]1CCNC1,FHNLPTRXVQOXQO,1,-1,-1,c1ccc(-c2nn(C3CCNC3)c3ncncc23)cc1,train
CHEMBL1242660,COc1cc(-c2nn(C(C)C)c3ncnc(N)c23)cc(OC)c1OC,LCQAIZAFSOZWRC,1,-1,-1,c1ccc(-c2n[nH]c3ncncc23)cc1,train
CHEMBL1242661,CCOc1ccc2cc(-c3nn(C)c4ncnc(N)c34)ccc2c1,AXQKJTHCYRYSLF,0,-1,-1,c1ccc2cc(-c3n[nH]c4ncncc34)ccc2c1,train
CHEMBL1242662,CC(C)n1nc(-c2ccc3cc(O)ccc3c2)c2c(N)ncnc21,JCMWWPAJCOQLAF,1,-1,-1,c1ccc2cc(-c3n[nH]c4ncncc34)ccc2c1,train
CHEMBL1242664,Nc1ncnc2c1c(-c1ccc3cc[nH]c3c1)nn2C1CCCC1,ZSAJPWOGVMFXHN,1,-1,-1,c1ncc2c(-c3ccc4cc[nH]c4c3)nn(C3CCCC3)c2n1,train
CHEMBL1242665,CC(C)n1nc(-c2ccn3ccnc3c2)c2c(N)ncnc21,PBWTXSSLHGGJBR,0,-1,-1,c1ncc2c(-c3ccn4ccnc4c3)n[nH]c2n1,train
CHEMBL1242666,CC(C)n1nc(-c2ccc3c(C=O)c[nH]c3c2)c2c(N)ncnc21,QRJVSLZNMWIKRS,0,-1,-1,c1ncc2c(-c3ccc4cc[nH]c4c3)n[nH]c2n1,train
CHEMBL1242748,Nc1ncnc2c1c(-c1ccc(F)c(O)c1)nn2[C@H]1CCOC1,MRZVUZUMBCEAGI,1,-1,-1,c1ccc(-c2nn(C3CCOC3)c3ncncc23)cc1,train
CHEMBL1242749,Nc1ncnc2c1c(-c1ccc(F)c(O)c1)nn2[C@@H]1CCOC1,MRZVUZUMBCEAGI,1,-1,-1,c1ccc(-c2nn(C3CCOC3)c3ncncc23)cc1,train
CHEMBL1242751,COc1cccc(-c2nn(C(C)C)c3ncnc(N)c23)c1OC,ZXLCCABWVQDAOS,0,-1,-1,c1ccc(-c2n[nH]c3ncncc23)cc1,train
CHEMBL1242753,CCOc1cc(-c2nn(CCO)c3ncnc(N)c23)ccc1OC,KIWLNXLVLDAZRB,0,-1,-1,c1ccc(-c2n[nH]c3ncncc23)cc1,train
CHEMBL1242755,Nc1ncnc2c1c(-c1cnc3ccccc3c1)nn2C1CCCC1,FVPBLAKABVRLRX,1,-1,-1,c1ccc2ncc(-c3nn(C4CCCC4)c4ncncc34)cc2c1,train
CHEMBL1242756,Cn1nc(-c2ccc3ncccc3c2)c2c(N)ncnc21,UGUJFPIEAZXKAK,0,-1,-1,c1cnc2ccc(-c3n[nH]c4ncncc34)cc2c1,train
CHEMBL1242848,CC(C)n1nc(-c2ccc(N)c(O)c2)c2c(N)ncnc21,MPUATQFVQOUAJF,1,-1,-1,c1ccc(-c2n[nH]c3ncncc23)cc1,train
CHEMBL1242852,CC(C)n1nc(-c2ccc3c(ccn3C(=O)OC(C)(C)C)c2)c2c(N)ncnc21,PFRDPPRTLFHGLR,1,-1,-1,c1ncc2c(-c3ccc4[nH]ccc4c3)n[nH]c2n1,train
CHEMBL1242853,CC(C)(C)OC(=O)n1ccc2cc(-c3nn(C4CCCC4)c4ncnc(N)c34)ccc21,FASPJDRKOSUHHS,1,-1,-1,c1ncc2c(-c3ccc4[nH]ccc4c3)nn(C3CCCC3)c2n1,train
CHEMBL1242977,CNc1nccc(-c2cccnc2Oc2ccc(NC(=O)c3cccc(C(F)(F)F)c3)cc2C)n1,FFNIWOOLZGAOAB,1,-1,-1,O=C(Nc1ccc(Oc2ncccc2-c2ccncn2)cc1)c1ccccc1,train
CHEMBL1257423,O=C(NCCO)c1cccc(-c2cc(Nc3ccc(OC(F)(F)F)cc3)ncn2)c1,IIQUYGWWHIHOCF,1,-1,-1,c1ccc(Nc2cc(-c3ccccc3)ncn2)cc1,train
CHEMBL1276179,CN1C[C@@H]2C[C@H]1CN2c1cc(F)c(-c2ccnc3c(-c4cccc5[nH]ncc45)c(-c4ccncc4)nn23)c(F)c1,JCJSAFZMXVQVBR,1,-1,-1,c1cc(-c2c(-c3ccncc3)nn3c(-c4ccc(N5CC6CC5CN6)cc4)ccnc23)c2cn[nH]c2c1,train
CHEMBL1311135,O=C1NC(=O)C(c2cn(-c3ccccc3)nc2-c2ccc(F)cc2)N1,MPQWYPLPWGUMJE,1,-1,-1,O=C1NC(=O)C(c2cn(-c3ccccc3)nc2-c2ccccc2)N1,train
CHEMBL137653,CCCCCCCCN(CCCCCCCC)C(=O)[C@H](C)NC(=O)[C@@H](NC(=O)[C@H](Cc1ccc(OP(=O)(O)O)cc1)NC(C)=O)C(C)C,NUFOBLSTYVVCSD,0,-1,-1,c1ccccc1,train
CHEMBL1589344,CC(=O)Nc1nc(-c2ccc(Br)s2)cs1,PRHFTISODISOTF,0,-1,-1,c1csc(-c2cscn2)c1,train
CHEMBL1629808,CSc1nc(NCc2cccc(Br)c2)c2cnn(CC(Cl)c3ccccc3)c2n1,UBFVUIBDLRKUPW,1,-1,-1,c1ccc(CCn2ncc3c(NCc4ccccc4)ncnc32)cc1,train
CHEMBL1688860,CN(C)Cc1cc(C(=O)N[C@@H]2CCc3ccc(Oc4ccnc5c4CCC(=O)N5)cc3C2)cc(C(F)(F)F)c1,DZUFTTMDQLYMBE,1,-1,-1,O=C1CCc2c(Oc3ccc4c(c3)CC(NC(=O)c3ccccc3)CC4)ccnc2N1,train
CHEMBL1738757,CNC(=O)c1cc(Oc2ccc(NC(=O)Nc3cc(C(C)(C)C)nn3-c3ccc4ncccc4c3)c(F)c2)ccn1,WVXNSAVVKYZVOE,1,1,-1,O=C(Nc1ccc(Oc2ccncc2)cc1)Nc1ccnn1-c1ccc2ncccc2c1,train
CHEMBL1738759,CC(C)(C)c1cc(NC(=O)Nc2cccc(Cl)c2Cl)n(-c2ccc3c(c2)C[C@@H](C(=O)O)NC3)n1,CMUVVEBHULJOFP,1,-1,-1,O=C(Nc1ccccc1)Nc1ccnn1-c1ccc2c(c1)CCNC2,train
CHEMBL1775035,ClC(Cn1ncc2c(Nc3ccccc3)nc(SCCN3CCOCC3)nc21)c1ccccc1,VXPRLPJXOGZRAZ,1,-1,-1,c1ccc(CCn2ncc3c(Nc4ccccc4)nc(SCCN4CCOCC4)nc32)cc1,train
CHEMBL1775036,Clc1cccc(Nc2nc(SCCN3CCOCC3)nc3c2cnn3CC(Cl)c2ccccc2)c1,UWCATRMYQSEPKR,1,-1,-1,c1ccc(CCn2ncc3c(Nc4ccccc4)nc(SCCN4CCOCC4)nc32)cc1,train
CHEMBL1775038,Fc1ccc(CNc2nc(SCCN3CCOCC3)nc3c2cnn3CC(Cl)c2ccccc2)cc1,CPDSRMMNSWFLRF,1,-1,-1,c1ccc(CCn2ncc3c(NCc4ccccc4)nc(SCCN4CCOCC4)nc32)cc1,train
CHEMBL1775039,ClC(Cn1ncc2c(NCc3ccccc3)nc(SCCN3CCOCC3)nc21)c1ccccc1,NBRVSSMSYRPVCE,1,-1,-1,c1ccc(CCn2ncc3c(NCc4ccccc4)nc(SCCN4CCOCC4)nc32)cc1,train
CHEMBL1775044,CCCNc1nc(S(C)(=O)=O)nc2c1cnn2/C=C\c1ccccc1,PQVNKMZSDXTGQJ,1,-1,-1,C(=Cn1ncc2cncnc21)c1ccccc1,train
CHEMBL1779202,CC1(C)c2cc(C3CCN(C4COC4)CC3)ccc2C(=O)c2c1[nH]c1cc(C#N)ccc21,LLGFEJJPLZCCQL,1,0,-1,O=C1c2ccc(C3CCN(C4COC4)CC3)cc2Cc2[nH]c3ccccc3c21,train
CHEMBL1784625,Cc1ccc(C(=O)Nc2ccc(CN3CCN(C)CC3)c(C(F)(F)F)c2)cc1C#Cc1cccnc1,QAOMWMNQOYMGAR,1,1,-1,O=C(Nc1ccc(CN2CCNCC2)cc1)c1cccc(C#Cc2cccnc2)c1,train
CHEMBL1784626,Cc1ccc(C(=O)Nc2ccc(CN3CCN(C)CC3)c(C(F)(F)F)c2)cc1C#Cc1cncnc1,ZXMWELALLBODEX,1,-1,-1,O=C(Nc1ccc(CN2CCNCC2)cc1)c1cccc(C#Cc2cncnc2)c1,train
CHEMBL1784627,CC(=O)Nc1ccc(C#Cc2cc(C(=O)Nc3ccc(CN4CCN(C)CC4)c(C(F)(F)F)c3)ccc2C)cn1,BWDSKXFAOOVNIM,1,-1,-1,O=C(Nc1ccc(CN2CCNCC2)cc1)c1cccc(C#Cc2cccnc2)c1,train
CHEMBL1784628,CCC(=O)Nc1ccc(C#Cc2cc(C(=O)Nc3ccc(CN4CCN(C)CC4)c(C(F)(F)F)c3)ccc2C)cn1,AXJKUGBCLQDCSZ,1,-1,-1,O=C(Nc1ccc(CN2CCNCC2)cc1)c1cccc(C#Cc2cccnc2)c1,train
CHEMBL1784629,Cc1ccc(C(=O)Nc2ccc(CN3CCN(C)CC3)c(C(F)(F)F)c2)cc1C#Cc1ccc(C(N)=O)nc1,WFTHXNNAGZEORJ,1,-1,-1,O=C(Nc1ccc(CN2CCNCC2)cc1)c1cccc(C#Cc2cccnc2)c1,train
CHEMBL1784631,Cc1ccc(C(=O)Nc2ccc(CN3CCN(C)CC3)c(C(F)(F)F)c2)cc1C#Cc1cnc[nH]1,CFLRUOHDQABKBD,1,-1,-1,O=C(Nc1ccc(CN2CCNCC2)cc1)c1cccc(C#Cc2cnc[nH]2)c1,train
CHEMBL1784632,Cc1ccc(C(=O)Nc2ccc(CN3CCN(C)CC3)c(C(F)(F)F)c2)cc1C#Cc1cncn1C,CNDIRRPUJPHPNW,1,-1,-1,O=C(Nc1ccc(CN2CCNCC2)cc1)c1cccc(C#Cc2cnc[nH]2)c1,train
CHEMBL1784633,Cc1ccc(C(=O)Nc2ccc(CN3CCN(C)CC3)c(C(F)(F)F)c2)cc1C#Cc1cnc(C)n1C,QXEFSNYWAXGMIB,1,-1,-1,O=C(Nc1ccc(CN2CCNCC2)cc1)c1cccc(C#Cc2cnc[nH]2)c1,train
CHEMBL1784634,Cc1ccc(C(=O)Nc2ccc(CN3CCN(C)CC3)c(C(F)(F)F)c2)cc1C#Cc1cnc(C(N)=O)n1C,QQJXFTZFVZPYLG,1,-1,-1,O=C(Nc1ccc(CN2CCNCC2)cc1)c1cccc(C#Cc2cnc[nH]2)c1,train
CHEMBL1784635,CNC(=O)c1ncc(C#Cc2cc(C(=O)Nc3ccc(CN4CCN(C)CC4)c(C(F)(F)F)c3)ccc2C)n1C,NLILIZRMANYJEU,1,-1,-1,O=C(Nc1ccc(CN2CCNCC2)cc1)c1cccc(C#Cc2cnc[nH]2)c1,train
CHEMBL1784636,Cc1ccc(C(=O)Nc2ccc(CN3CCN(C)CC3)c(C(F)(F)F)c2)cc1C#Cc1cnc(C(=O)NCCO)n1C,XRDYVAXJJGPOKY,1,-1,-1,O=C(Nc1ccc(CN2CCNCC2)cc1)c1cccc(C#Cc2cnc[nH]2)c1,train
CHEMBL1784637,CNC(=O)c1ncc(C#Cc2cc(C(=O)Nc3ccc(CN4CCN(CCO)CC4)c(C(F)(F)F)c3)ccc2C)n1C,SUXYGJZMCWKJJI,1,-1,1,O=C(Nc1ccc(CN2CCNCC2)cc1)c1cccc(C#Cc2cnc[nH]2)c1,train
CHEMBL1784638,COCCN1CCN(Cc2ccc(NC(=O)c3ccc(C)c(C#Cc4cnc(C(N)=O)n4C)c3)cc2C(F)(F)F)CC1,HHHCYGBOSKGTCM,1,-1,-1,O=C(Nc1ccc(CN2CCNCC2)cc1)c1cccc(C#Cc2cnc[nH]2)c1,train
CHEMBL1784639,Cc1ccc(C(=O)Nc2ccc(CN3CCN(CC(=O)O)CC3)c(C(F)(F)F)c2)cc1C#Cc1cnc(C(N)=O)n1C,POEOLGFWKCXXLD,1,-1,-1,O=C(Nc1ccc(CN2CCNCC2)cc1)c1cccc(C#Cc2cnc[nH]2)c1,train
CHEMBL1784640,Cc1ccc(C(=O)Nc2ccc(CN3CCN(C)CC3)c(C(F)(F)F)c2)cc1C#Cc1cnc(N)s1,MLNZIBYCRWGHKS,1,-1,-1,O=C(Nc1ccc(CN2CCNCC2)cc1)c1cccc(C#Cc2cncs2)c1,train
CHEMBL1784641,CC(=O)Nc1ncc(C#Cc2cc(C(=O)Nc3ccc(CN4CCN(C)CC4)c(C(F)(F)F)c3)ccc2C)s1,GEKPWMXRJXBTKN,1,-1,-1,O=C(Nc1ccc(CN2CCNCC2)cc1)c1cccc(C#Cc2cncs2)c1,train
CHEMBL1784969,CCN1CCC(n2nc(Cc3cccc4ccccc34)c3c(N)ncnc32)CC1,BSGWEWBSWAVORO,1,-1,-1,c1ccc2c(Cc3nn(C4CCNCC4)c4ncncc34)cccc2c1,train
CHEMBL1784972,CS(=O)(=O)N1CCC(n2nc(Cc3cccc4ccccc34)c3c(N)ncnc32)CC1,CXUFYCPSBOYQMV,1,-1,-1,c1ccc2c(Cc3nn(C4CCNCC4)c4ncncc34)cccc2c1,train
CHEMBL1785012,CC(C)n1nc(-c2ccc(Cl)c(Cl)c2)c2c(N)ncnc21,CQWRMHYRBJWJNS,1,-1,-1,c1ccc(-c2n[nH]c3ncncc23)cc1,train
CHEMBL1785014,CC(C)c1cccc(-c2nn(C(C)C)c3ncnc(N)c23)c1,GZTMFOCEFPOHGW,1,-1,-1,c1ccc(-c2n[nH]c3ncncc23)cc1,train
CHEMBL1785020,COc1ccc2cc(-c3nn(C(C)C)c4ncnc(N)c34)ccc2c1,YTSDNPLOCDVGNB,1,-1,-1,c1ccc2cc(-c3n[nH]c4ncncc34)ccc2c1,train
CHEMBL1836675,CSc1nc(NCc2ccccc2F)c2cnn(CC(C)c3ccccc3)c2n1,UJKRVNQXSJVFMA,1,-1,-1,c1ccc(CCn2ncc3c(NCc4ccccc4)ncnc32)cc1,train
CHEMBL1836677,CSc1nc(NCc2ccccc2Cl)c2cnn(CC(C)c3ccccc3)c2n1,LZNGDDGHDNTMEN,1,-1,-1,c1ccc(CCn2ncc3c(NCc4ccccc4)ncnc32)cc1,train
CHEMBL186652,Cc1ccc(NC(=O)Nc2cccc(Cl)c2)cc1Nc1nccc(-c2cccnc2)n1,SPYAHPCGCDDALM,1,-1,-1,O=C(Nc1ccccc1)Nc1cccc(Nc2nccc(-c3cccnc3)n2)c1,train
CHEMBL1980297,Nc1ncc(-c2cnn(CCO)c2)c2scc(-c3ccc(NC(=O)Nc4cccc(F)c4)cc3)c12,WPHKIQPVPYJNAX,1,1,1,O=C(Nc1ccccc1)Nc1ccc(-c2csc3c(-c4cn[nH]c4)cncc23)cc1,train
CHEMBL201511,COc1cc(C2=C(c3c[nH]c4ccccc34)C(=O)NC2=O)cc(OC)c1OC,CZGMEOAMQWAJOY,0,-1,1,O=C1NC(=O)C(c2c[nH]c3ccccc23)=C1c1ccccc1,train
CHEMBL2022856,C[C@@H](O)Cn1cc(-c2cnc(N)c3c(-c4ccc(NC(=O)Nc5cccc(F)c5)cc4)csc23)cn1,XHORJSJFHVABEA,1,1,-1,O=C(Nc1ccccc1)Nc1ccc(-c2csc3c(-c4cn[nH]c4)cncc23)cc1,train
CHEMBL2030556,CC(C)n1nc(-c2cc3c(Cl)cccc3[nH]2)c2c(N)ncnc21,XVLBYYUDKFJBBH,1,-1,-1,c1ccc2[nH]c(-c3n[nH]c4ncncc34)cc2c1,train
CHEMBL2030560,Nc1nc2ccc(C(=O)c3ccccc3)cc2[nH]1,GPMHHSJZGVOEFS,0,-1,-1,O=C(c1ccccc1)c1ccc2nc[nH]c2c1,train
CHEMBL203343,Cc1ccc(NC(=O)c2ccc(CN3CCN(C)CC3)c(C(F)(F)F)c2)cc1Nc1nccc(-c2cccnc2)n1,KEIRBRQKXFLPHS,1,-1,-1,O=C(Nc1cccc(Nc2nccc(-c3cccnc3)n2)c1)c1ccc(CN2CCNCC2)cc1,train
CHEMBL205409,Cc1ccc(NC(=O)c2ccc(CN3CCN(C)CC3)c(F)c2)cc1Nc1nccc(-c2cccnc2)n1,YZLKFFPFWYDBEB,1,-1,-1,O=C(Nc1cccc(Nc2nccc(-c3cccnc3)n2)c1)c1ccc(CN2CCNCC2)cc1,train
CHEMBL2058538,CC(C)n1nc(C#Cc2ccccc2)c2c(N)ncnc21,JQOIRTDBHMDWMT,1,-1,-1,C(#Cc1n[nH]c2ncncc12)c1ccccc1,train
CHEMBL2058540,CC(C)n1nc(C#Cc2cccc(N)c2)c2c(N)ncnc21,XYHJHIRTHHPPSJ,1,-1,-1,C(#Cc1n[nH]c2ncncc12)c1ccccc1,train
CHEMBL2059166,NCCC(=O)Nc1nc2ccc(C(=O)c3ccccc3)cc2[nH]1,LSPQVFVCYDZDQE,1,-1,-1,O=C(c1ccccc1)c1ccc2nc[nH]c2c1,train
CHEMBL206834,Cc1ccc(NC(=O)c2ccc(CN3CC[C@H](N(C)C)C3)c(C(F)(F)F)c2)cc1Nc1nccc(-c2cncnc2)n1,ZGBAJMQHJDFTQJ,1,-1,-1,O=C(Nc1cccc(Nc2nccc(-c3cncnc3)n2)c1)c1ccc(CN2CCCC2)cc1,train
CHEMBL2070045,COc1ccc2cc(-c3nn(C(C)C)c4ncnc(N)c34)ccc2c1.Cl,XVNMHFWMJGUHNU,1,-1,-1,c1ccc2cc(-c3n[nH]c4ncncc34)ccc2c1,train
CHEMBL207360,O=C1NN(c2ccc(Cl)c(Cl)c2)C(=O)/C1=C\c1cccc(OCc2ccccc2)c1,OSJPWEILZQFNPI,1,-1,-1,O=C1NN(c2ccccc2)C(=O)C1=Cc1cccc(OCc2ccccc2)c1,train
CHEMBL2078794,CC(C)(C)n1nc(-c2ccccc2)c2c(N)ncnc21,MVIHEGXCXLFEMC,1,-1,-1,c1ccc(-c2n[nH]c3ncncc23)cc1,train
CHEMBL2078865,CC(C)n1nc(-c2ccc3cc(OCc4ccccc4)ccc3c2)c2c(N)ncnc21,LPHRWFLVTLSQRC,1,-1,-1,c1ccc(COc2ccc3cc(-c4n[nH]c5ncncc45)ccc3c2)cc1,train
CHEMBL2079136,CC(C)n1nc(-c2cc3ccccc3[nH]2)c2c(N)ncnc21,SQZDJBNTERGDSI,1,-1,-1,c1ccc2[nH]c(-c3n[nH]c4ncncc34)cc2c1,train
CHEMBL2079167,C=CCOc1ccc2cc(-c3nn(C(C)C)c4ncnc(N)c34)ccc2c1,NREVBIQYDIDHPZ,1,-1,-1,c1ccc2cc(-c3n[nH]c4ncncc34)ccc2c1,train
CHEMBL2079214,CCCOc1ccc2cc(-c3nn(C(C)C)c4ncnc(N)c34)ccc2c1,NVFPMSWRLJYMJE,1,-1,-1,c1ccc2cc(-c3n[nH]c4ncncc34)ccc2c1,train
CHEMBL2079317,Nc1ncnc2c1c(-c1ccc3cc(OCc4cccc(Cl)c4)ccc3c1)nn2CC1CCNCC1,NRRBFJRUKPITFY,1,-1,-1,c1ccc(COc2ccc3cc(-c4nn(CC5CCNCC5)c5ncncc45)ccc3c2)cc1,train
CHEMBL20867,Cc1ccc(C(=O)Nc2ccc(C)c(Nc3nccc(-c4cccnc4)n3)c2)cc1,SZJRFGYYRZITCZ,1,-1,-1,O=C(Nc1cccc(Nc2nccc(-c3cccnc3)n2)c1)c1ccccc1,train
CHEMBL209266,COc1ccc(Oc2ccc3[nH]nc(-c4nc5cc(N6CCC(N7CCCCC7)CC6)ccc5[nH]4)c3c2)cc1,MDIHGDNYULKXLQ,1,-1,-1,c1ccc(Oc2ccc3[nH]nc(-c4nc5cc(N6CCC(N7CCCCC7)CC6)ccc5[nH]4)c3c2)cc1,train
CHEMBL209305,COc1ccc2[nH]nc(-c3nc4cc(N5CCC(N6CCCCC6)CC5)ccc4[nH]3)c2c1,LYGHVOBUJSJSHS,1,-1,-1,c1ccc2c(-c3nc4cc(N5CCC(N6CCCCC6)CC5)ccc4[nH]3)n[nH]c2c1,train
CHEMBL209617,O=C1NN(c2ccc(I)cc2)C(=O)/C1=C\c1ccccc1,KAGAMCCGZCDKMX,1,-1,-1,O=C1NN(c2ccccc2)C(=O)C1=Cc1ccccc1,train
CHEMBL210766,O=C1NN(c2ccc(I)cc2)C(=O)/C1=C\c1ccc(I)cc1,HOZMXIPMJIGFMB,1,-1,-1,O=C1NN(c2ccccc2)C(=O)C1=Cc1ccccc1,train
CHEMBL210827,COc1cc2[nH]nc(-c3nc4cc(N5CCC(N6CCCCC6)CC5)ccc4[nH]3)c2cc1OCc1ccccc1,NDNBEXWXHBXBLZ,1,-1,-1,c1ccc(COc2ccc3[nH]nc(-c4nc5cc(N6CCC(N7CCCCC7)CC6)ccc5[nH]4)c3c2)cc1,train
CHEMBL211508,COc1ccccc1Oc1ccc2[nH]nc(-c3nc4cc(N5CCC(N6CCCCC6)CC5)ccc4[nH]3)c2c1,WZFSTZPVDMXXKL,1,-1,-1,c1ccc(Oc2ccc3[nH]nc(-c4nc5cc(N6CCC(N7CCCCC7)CC6)ccc5[nH]4)c3c2)cc1,train
CHEMBL21162,Cc1ccc(NC(=O)c2ccc(Cl)cc2)cc1Nc1nccc(-c2cccnc2)n1,YVNKPHLJKPWZRT,1,-1,-1,O=C(Nc1cccc(Nc2nccc(-c3cccnc3)n2)c1)c1ccccc1,train
CHEMBL211662,c1ccc(Oc2ccc3n[nH]c(-c4nc5cc(N6CCC(N7CCCCC7)CC6)ccc5[nH]4)c3c2)cc1,VFUZEFVLUHADNS,1,-1,-1,c1ccc(Oc2ccc3n[nH]c(-c4nc5cc(N6CCC(N7CCCCC7)CC6)ccc5[nH]4)c3c2)cc1,train
CHEMBL219260,COc1cc(Nc2c(C#N)cnc3cc(-c4coc(CN5CCN(C)CC5)c4)ccc23)c(Cl)cc1Cl,MEBNSJCLFXPYII,1,-1,-1,c1ccc(Nc2ccnc3cc(-c4coc(CN5CCNCC5)c4)ccc23)cc1,train
CHEMBL219557,COc1cc(Nc2c(C#N)cnc3cc(-c4coc(CN5CCN(C)CC5)c4)c(OC)cc23)c(Cl)cc1Cl,ANUHLKPVOXDYSK,1,-1,-1,c1ccc(Nc2ccnc3cc(-c4coc(CN5CCNCC5)c4)ccc23)cc1,train
CHEMBL230064,Cc1ccc(NC(=O)c2ccc(N)c(C(F)(F)F)c2)cc1Nc1nccc(-c2cccnc2)n1,SAWAYEJQVOZQER,1,-1,-1,O=C(Nc1cccc(Nc2nccc(-c3cccnc3)n2)c1)c1ccccc1,train
CHEMBL230065,CNN=Nc1ccc(C(=O)Nc2ccc(C)c(Nc3nccc(-c4cccnc4)n3)c2)cc1C(F)(F)F,FIIKSEKOMMTRHA,1,-1,-1,O=C(Nc1cccc(Nc2nccc(-c3cccnc3)n2)c1)c1ccccc1,train
CHEMBL230178,Cc1ccc(NC(=O)c2ccc(N=NN(C)C)c(C(F)(F)F)c2)cc1Nc1nccc(-c2cccnc2)n1,MESVMZQNJJNYHC,1,-1,-1,O=C(Nc1cccc(Nc2nccc(-c3cccnc3)n2)c1)c1ccccc1,train
CHEMBL230285,Cc1ccc(NC(=O)c2ccc(N=NN(C)CO)c(C(F)(F)F)c2)cc1Nc1nccc(-c2cccnc2)n1,MQKLAFRFDQSOSR,1,-1,-1,O=C(Nc1cccc(Nc2nccc(-c3cccnc3)n2)c1)c1ccccc1,train
CHEMBL230686,Cc1cc(-c2c(Cl)cccc2Cl)cc2nnc(Nc3ccc(OCCN4CCCC4)cc3)nc12,OTTCBLPTHPBEEX,1,-1,1,c1ccc(-c2ccc3nc(Nc4ccc(OCCN5CCCC5)cc4)nnc3c2)cc1,train
CHEMBL2311806,Cc1cc(NC(=O)c2ccc(C)c(Nc3nccc(-c4cccnc4)n3)c2)cc(-n2cnc(C)c2)c1,KVTMDRDZMBVWNC,1,1,1,O=C(Nc1cccc(-n2ccnc2)c1)c1cccc(Nc2nccc(-c3cccnc3)n2)c1,train
CHEMBL2311807,Cc1cn(-c2cc(F)cc(NC(=O)c3ccc(C)c(Nc4nccc(-c5cccnc5)n4)c3)c2)cn1,SDYGMEWQBSWSIW,1,1,-1,O=C(Nc1cccc(-n2ccnc2)c1)c1cccc(Nc2nccc(-c3cccnc3)n2)c1,train
CHEMBL231220,Cc1cc(-c2c(O)cccc2Cl)cc2nnc(Nc3ccc(S(=O)(=O)NCCN4CCCC4)cc3)nc12,WQACVRFKZIYHIM,1,-1,-1,O=S(=O)(NCCN1CCCC1)c1ccc(Nc2nnc3cc(-c4ccccc4)ccc3n2)cc1,train
CHEMBL2312303,O=C(NCCCN1CCCC1=O)c1cnc(NCc2cc(Cl)ccc2Cl)nc1NC1CCCC1,VDKBGBCLPKTOGS,0,-1,-1,O=C(NCCCN1CCCC1=O)c1cnc(NCc2ccccc2)nc1NC1CCCC1,train
CHEMBL2312304,O=C(NCCCN1CCOC1=O)c1cnc(NCc2cc(Cl)ccc2Cl)nc1NC1CCCC1,XYASHXPUZJDWIO,0,-1,-1,O=C(NCCCN1CCOC1=O)c1cnc(NCc2ccccc2)nc1NC1CCCC1,train
CHEMBL2312645,COc1ccccc1CNc1ncc(C(=O)NC2CCN(C)CC2)c(NC2CCCC2)n1,IHJZXCJKSRQJCM,0,-1,-1,O=C(NC1CCNCC1)c1cnc(NCc2ccccc2)nc1NC1CCCC1,train
CHEMBL2312654,Cc1cc(-c2cnc(Nc3cc(Cl)cc(Cl)c3)nc2NC2CCC(N(C)C)CC2)on1,ZTSOUDMNSOYCTG,1,-1,-1,c1ccc(Nc2ncc(-c3ccno3)c(NC3CCCCC3)n2)cc1,train
CHEMBL231524,Cc1cc(-c2cc(N)ccc2Cl)cc2nnc(Nc3ccc(S(=O)(=O)NCCN4CCCC4)cc3)nc12,FSHQMSATUUIMTE,1,-1,-1,O=S(=O)(NCCN1CCCC1)c1ccc(Nc2nnc3cc(-c4ccccc4)ccc3n2)cc1,train
CHEMBL231632,Cc1ccc(NC(=O)c2ccc(N(CCCl)CCCl)cc2)cc1Nc1nccc(-c2cccnc2)n1,SLVNNKYLCXGBRK,1,-1,-1,O=C(Nc1cccc(Nc2nccc(-c3cccnc3)n2)c1)c1ccccc1,train
CHEMBL2316580,Cc1ccc(C(=O)Nc2ccc(CN3CCN(C)CC3)c(C(F)(F)F)c2)cc1C#Cc1cnc2c(cnn2C)c1,UPKSXVLHHYRHGK,1,-1,-1,O=C(Nc1ccc(CN2CCNCC2)cc1)c1cccc(C#Cc2cnc3[nH]ncc3c2)c1,train
CHEMBL2316581,Cc1ccc(C(=O)Nc2ccc(CN3CCN(C)CC3)c(C(F)(F)F)c2)cc1C#Cc1cnc2ncnn2c1,VVUAISPVTHIENZ,1,-1,-1,O=C(Nc1ccc(CN2CCNCC2)cc1)c1cccc(C#Cc2cnc3ncnn3c2)c1,train
CHEMBL2316582,Cc1ccc(C(=O)Nc2ccc(CN3CCN(C)CC3)c(C(F)(F)F)c2)cc1C#Cc1cnc2[nH]ncc2c1,TZKBVRDEOITLRB,1,-1,-1,O=C(Nc1ccc(CN2CCNCC2)cc1)c1cccc(C#Cc2cnc3[nH]ncc3c2)c1,train
CHEMBL2316583,CN1CCN(Cc2ccc(NC(=O)c3cccc(C#Cc4cnc5[nH]ncc5c4)c3)cc2C(F)(F)F)CC1,PZVUMQCERICNEV,1,-1,-1,O=C(Nc1ccc(CN2CCNCC2)cc1)c1cccc(C#Cc2cnc3[nH]ncc3c2)c1,train
CHEMBL2316584,CCc1ccc(C(=O)Nc2ccc(CN3CCN(C)CC3)c(C(F)(F)F)c2)cc1C#Cc1cnc2[nH]ncc2c1,MLJBVAHRZATRDE,1,-1,-1,O=C(Nc1ccc(CN2CCNCC2)cc1)c1cccc(C#Cc2cnc3[nH]ncc3c2)c1,train
CHEMBL2316585,CN1CCN(Cc2ccc(NC(=O)c3ccc(C4CC4)c(C#Cc4cnc5[nH]ncc5c4)c3)cc2C(F)(F)F)CC1,IVHGBCHHMXTINX,1,-1,-1,O=C(Nc1ccc(CN2CCNCC2)cc1)c1ccc(C2CC2)c(C#Cc2cnc3[nH]ncc3c2)c1,train
CHEMBL2316586,CN1CCN(Cc2ccc(NC(=O)c3ccc(Cl)c(C#Cc4cnc5[nH]ncc5c4)c3)cc2C(F)(F)F)CC1,QZIPFXBDHNETBC,1,-1,-1,O=C(Nc1ccc(CN2CCNCC2)cc1)c1cccc(C#Cc2cnc3[nH]ncc3c2)c1,train
CHEMBL2316869,Cc1ccc(C(=O)Nc2ccc(CN3CCN(C)CC3)c(C(F)(F)F)c2)cc1C#Cc1cnc2[nH]nc(C)c2c1,DPKVKUFCPDBWMD,1,-1,-1,O=C(Nc1ccc(CN2CCNCC2)cc1)c1cccc(C#Cc2cnc3[nH]ncc3c2)c1,train
CHEMBL2316870,Cc1ccc(C(=O)Nc2ccc(CN3CCN(C)CC3)c(C(F)(F)F)c2)cc1C#Cc1cnc2[nH]nc(C3CC3)c2c1,UMYCRRLKKNLFAJ,1,-1,-1,O=C(Nc1ccc(CN2CCNCC2)cc1)c1cccc(C#Cc2cnc3[nH]nc(C4CC4)c3c2)c1,train
CHEMBL2316872,COc1n[nH]c2ncc(C#Cc3cc(C(=O)Nc4ccc(CN5CCN(C)CC5)c(C(F)(F)F)c4)ccc3C)cc12,PJUBIESWUWVCHJ,1,-1,-1,O=C(Nc1ccc(CN2CCNCC2)cc1)c1cccc(C#Cc2cnc3[nH]ncc3c2)c1,train
CHEMBL2324923,CN1CCN(Cc2ccc(NC(=O)Nc3cc(C#Cc4cncc5nccn45)n(C)n3)cc2C(F)(F)F)CC1,QAZSOKNYSVTMPH,1,-1,-1,O=C(Nc1ccc(CN2CCNCC2)cc1)Nc1cc(C#Cc2cncc3nccn23)[nH]n1,train
CHEMBL2324927,CN1CCN(Cc2ccc(NC(=O)Nc3cc(C#Cc4cnc5ccccn45)n(C)n3)cc2C(F)(F)F)CC1,OZLFFPLKFGJQDT,1,-1,-1,O=C(Nc1ccc(CN2CCNCC2)cc1)Nc1cc(C#Cc2cnc3ccccn23)[nH]n1,train
CHEMBL2324928,CN1CCN(Cc2ccc(NC(=O)Nc3cc(C#Cc4cccnc4)n(C)n3)cc2C(F)(F)F)CC1,NWKLIKWHLFEAFY,1,-1,-1,O=C(Nc1ccc(CN2CCNCC2)cc1)Nc1cc(C#Cc2cccnc2)[nH]n1,train
CHEMBL2324929,CN1CCN(Cc2ccc(NC(=O)Nc3cc(C#Cc4ccc(N)nc4)n(C)n3)cc2C(F)(F)F)CC1,SWWHQLAUNHTMIH,1,-1,-1,O=C(Nc1ccc(CN2CCNCC2)cc1)Nc1cc(C#Cc2cccnc2)[nH]n1,train
CHEMBL2324930,Cc1ccc(NC(=O)c2ccc(CN3CCN(C)CC3)c(C(F)(F)F)c2)cc1C#Cc1cnc2cccnn12,SQJDLYFEJSIHPR,1,-1,-1,O=C(Nc1cccc(C#Cc2cnc3cccnn23)c1)c1ccc(CN2CCNCC2)cc1,train
CHEMBL2324931,Cc1ccc(NC(=O)c2ccc(CN3CCN(CCO)CC3)c(C(F)(F)F)c2)cc1C#Cc1cnc2ccccn12,NYKXOFIGGDPRIF,1,-1,-1,O=C(Nc1cccc(C#Cc2cnc3ccccn23)c1)c1ccc(CN2CCNCC2)cc1,train
CHEMBL2333603,CCCCn1c(-c2ccccc2C)cn2c3c(=O)[nH]c(=O)n(C)c3nc12,KCEWOOVCWCPFCY,1,-1,-1,O=c1[nH]c(=O)c2c(nc3[nH]c(-c4ccccc4)cn32)[nH]1,train
CHEMBL2336015,CCc1ccc(C(=O)Nc2cc(CN3CCN(C)CC3)cc(C(F)(F)F)c2)cc1C#Cc1cnc2ccnn2c1,DDLPXZXBWGJRGK,1,0,-1,O=C(Nc1cccc(CN2CCNCC2)c1)c1cccc(C#Cc2cnc3ccnn3c2)c1,train
CHEMBL2347053,O=C1Nc2ccccc2/C1=C/c1c[nH]nc1-c1ccccc1[N+](=O)[O-],XLYVQVWMTOLDNL,1,1,1,O=C1Nc2ccccc2C1=Cc1c[nH]nc1-c1ccccc1,train
CHEMBL2347710,CCNC(=O)Nc1nc2ccc(-c3ccccc3OC)cc2s1,LGPZTQXZPZVKSU,1,-1,-1,c1ccc(-c2ccc3ncsc3c2)cc1,train
CHEMBL2347711,CCNC(=O)Nc1nc2ccc(-c3ccccc3OCC)cc2s1,WIVSFJKYGWJWQH,1,-1,-1,c1ccc(-c2ccc3ncsc3c2)cc1,train
CHEMBL235756,CSc1nc(NCCc2cccc(F)c2)c2cnn(CC(Cl)c3ccccc3)c2n1,MFMNTKJASBOAKJ,1,-1,-1,c1ccc(CCNc2ncnc3c2cnn3CCc2ccccc2)cc1,train
CHEMBL235757,CSc1nc(NCCc2ccccc2Cl)c2cnn(CC(Cl)c3ccccc3)c2n1,KJWCAGAIQICXKK,1,-1,-1,c1ccc(CCNc2ncnc3c2cnn3CCc2ccccc2)cc1,train
CHEMBL235758,CSc1nc(NCCc2cccc(Cl)c2)c2cnn(CC(Cl)c3ccccc3)c2n1,JBEFUXQRLMDHHE,1,-1,-1,c1ccc(CCNc2ncnc3c2cnn3CCc2ccccc2)cc1,train
CHEMBL236375,CSc1nc(NCc2ccccc2Cl)c2cnn(CC(Cl)c3ccccc3)c2n1,XNWHPCMDUYIUSL,1,-1,-1,c1ccc(CCn2ncc3c(NCc4ccccc4)ncnc32)cc1,train
CHEMBL2375373,CC(=O)Nc1nc(-c2ccc(Cl)cc2)cs1,SZMTXFIEJGDABF,0,-1,-1,c1ccc(-c2cscn2)cc1,train
CHEMBL238304,CSc1nc(NCCc2ccccc2)c2cnn(CC(Cl)c3ccc(Cl)cc3)c2n1,YSEKYKKBMBRIKI,1,-1,-1,c1ccc(CCNc2ncnc3c2cnn3CCc2ccccc2)cc1,train
CHEMBL238559,CSc1nc(Nc2cccc(F)c2)c2cnn(CC(Cl)c3ccccc3)c2n1,BEMGXQUJMOKYHT,1,-1,-1,c1ccc(CCn2ncc3c(Nc4ccccc4)ncnc32)cc1,train
CHEMBL238561,CSc1nc(Nc2cccc(Br)c2)c2cnn(CC(Cl)c3ccccc3)c2n1,MFKUOFHJCWUBET,1,-1,-1,c1ccc(CCn2ncc3c(Nc4ccccc4)ncnc32)cc1,train
CHEMBL238774,Clc1cccc(Nc2ncnc3c2cnn3CC(Cl)c2ccccc2)c1,NZWFYGUFULGMCI,1,-1,-1,c1ccc(CCn2ncc3c(Nc4ccccc4)ncnc32)cc1,train
CHEMBL2397796,Fc1cccc(CNc2ncnc3c2cnn3CC(Cl)c2ccc(Br)cc2)c1,PRPKQKSKLFXCNB,1,-1,-1,c1ccc(CCn2ncc3c(NCc4ccccc4)ncnc32)cc1,train
CHEMBL2397797,Fc1ccc(C(Cl)Cn2ncc3c(Nc4cccc(Cl)c4)ncnc32)cc1,WRKPMADIDJPSLM,1,-1,-1,c1ccc(CCn2ncc3c(Nc4ccccc4)ncnc32)cc1,train
CHEMBL2397798,Fc1ccc(C(Cl)Cn2ncc3c(Nc4cccc(Br)c4)ncnc32)cc1,OMCMXLSRAOEDIG,1,-1,-1,c1ccc(CCn2ncc3c(Nc4ccccc4)ncnc32)cc1,train
CHEMBL2397799,ClC(Cn1ncc2c(Nc3cccc(Br)c3)ncnc21)c1ccccc1,DGUCATVGNKWMHQ,1,-1,-1,c1ccc(CCn2ncc3c(Nc4ccccc4)ncnc32)cc1,train
CHEMBL2397801,ClC(Cn1ncc2c(Nc3ccccc3)ncnc21)c1ccccc1,XWCXOBPKEMSVAP,1,-1,-1,c1ccc(CCn2ncc3c(Nc4ccccc4)ncnc32)cc1,train
CHEMBL2397802,ClC(Cn1ncc2c(Nc3ccccc3)ncnc21)c1ccc(Br)cc1,FCRZBVJEMPDRTR,1,-1,-1,c1ccc(CCn2ncc3c(Nc4ccccc4)ncnc32)cc1,train
CHEMBL2397804,Clc1cccc(CNc2ncnc3c2cnn3CC(Cl)c2ccc(Br)cc2)c1,QNKRFRCYRMDLLE,1,-1,-1,c1ccc(CCn2ncc3c(NCc4ccccc4)ncnc32)cc1,train
CHEMBL2397805,Clc1ccccc1CNc1ncnc2c1cnn2CC(Cl)c1ccc(Br)cc1,PYGLWXFBTJNWSQ,1,-1,-1,c1ccc(CCn2ncc3c(NCc4ccccc4)ncnc32)cc1,train
CHEMBL2397806,Clc1ccc(CNc2ncnc3c2cnn3CC(Cl)c2ccc(Br)cc2)cc1,BDVXUKAIEGCZSB,1,-1,-1,c1ccc(CCn2ncc3c(NCc4ccccc4)ncnc32)cc1,train
CHEMBL2397817,Cc1ccc(C(Cl)Cn2ncc3c(Nc4ccccc4)ncnc32)cc1,ZVKVDKXZKDBLAP,1,-1,-1,c1ccc(CCn2ncc3c(Nc4ccccc4)ncnc32)cc1,train
CHEMBL2397818,ClC(Cn1ncc2c(Nc3ccccc3)ncnc21)c1ccc(I)cc1,KYMAYNPDUQDNMU,1,-1,-1,c1ccc(CCn2ncc3c(Nc4ccccc4)ncnc32)cc1,train
CHEMBL240158,Cc1nc(Nc2ncc(C(=O)Nc3c(C)cccc3Cl)s2)cc(N2CCN(CCF)CC2)n1,PLZOWXHKTJJSQR,1,-1,-1,O=C(Nc1ccccc1)c1cnc(Nc2cc(N3CCNCC3)ncn2)s1,train
CHEMBL2403813,CC(C)(C)c1cc(NC(=O)Nc2ccc(Nc3ncnc4ccc([N+](=O)[O-])cc34)cc2)n(-c2cccc([N+](=O)[O-])c2)n1,KGKKAPCPGKWGNH,1,1,-1,O=C(Nc1ccc(Nc2ncnc3ccccc23)cc1)Nc1ccnn1-c1ccccc1,train
CHEMBL2403814,CC(C)(C)c1cc(NC(=O)Nc2ccc(Nc3ncnc4ccccc34)cc2)n(-c2cccc([N+](=O)[O-])c2)n1,ZMQAYSHYLVAIDP,1,1,-1,O=C(Nc1ccc(Nc2ncnc3ccccc23)cc1)Nc1ccnn1-c1ccccc1,train
CHEMBL2403815,CC(C)(C)c1cc(NC(=O)Nc2ccc(Nc3ncnc4ccc(N)cc34)cc2)n(-c2cccc(N)c2)n1,WQIKRJDLIIEKAG,1,1,-1,O=C(Nc1ccc(Nc2ncnc3ccccc23)cc1)Nc1ccnn1-c1ccccc1,train
CHEMBL2403816,CC(C)(C)c1cc(NC(=O)Nc2ccc(Nc3ncnc4ccccc34)cc2)n(-c2cccc(N)c2)n1,SHTNULLAAVPXRC,1,1,-1,O=C(Nc1ccc(Nc2ncnc3ccccc23)cc1)Nc1ccnn1-c1ccccc1,train
CHEMBL2403818,CCC(=O)Nc1ccc2ncnc(Nc3ccc(NC(=O)Nc4cc(C(C)(C)C)nn4-c4cccc(N)c4)cc3)c2c1,PHACWCVXLRRZGX,1,1,-1,O=C(Nc1ccc(Nc2ncnc3ccccc23)cc1)Nc1ccnn1-c1ccccc1,train
CHEMBL2403819,CN(C)CCCC(=O)Nc1ccc2ncnc(Nc3ccc(NC(=O)Nc4cc(C(C)(C)C)nn4-c4cccc(N)c4)cc3)c2c1,WIVSUJLYDAGUDC,1,1,-1,O=C(Nc1ccc(Nc2ncnc3ccccc23)cc1)Nc1ccnn1-c1ccccc1,train
CHEMBL2408497,O=C(COc1cc(O)c2c(=O)cc(-c3ccccc3)oc2c1)Nc1ccccn1,GYMXKFUFOSAHPS,0,-1,-1,O=C(COc1ccc2c(=O)cc(-c3ccccc3)oc2c1)Nc1ccccn1,train
CHEMBL2408500,Cc1ccc(NC(=O)COc2cc(O)c3c(=O)cc(-c4ccccc4)oc3c2)cc1,BZAZLSXXIKKUJR,1,-1,-1,O=C(COc1ccc2c(=O)cc(-c3ccccc3)oc2c1)Nc1ccccc1,train
CHEMBL2408501,O=C(COc1cc(O)c2c(=O)cc(-c3ccccc3)oc2c1)Nc1ccc(Br)cc1,WHMLTTKUXSPHKB,1,-1,-1,O=C(COc1ccc2c(=O)cc(-c3ccccc3)oc2c1)Nc1ccccc1,train
CHEMBL2408503,O=C(COc1cc(O)c2c(=O)cc(-c3ccccc3)oc2c1)Nc1ccccc1Br,MWUNOWIQHDYFRQ,0,-1,-1,O=C(COc1ccc2c(=O)cc(-c3ccccc3)oc2c1)Nc1ccccc1,train
CHEMBL2408504,COc1cccc(NC(=O)COc2cc(O)c3c(=O)cc(-c4ccccc4)oc3c2)c1,DIGSNNDESAUXRO,1,-1,-1,O=C(COc1ccc2c(=O)cc(-c3ccccc3)oc2c1)Nc1ccccc1,train
CHEMBL2408509,Cc1ccc(NC(=O)COc2cc(O)c3c(=O)cc(-c4ccccc4)oc3c2)nc1,VZFZFFUOYMTZID,1,-1,-1,O=C(COc1ccc2c(=O)cc(-c3ccccc3)oc2c1)Nc1ccccn1,train
CHEMBL2408510,Cc1ccnc(NC(=O)COc2cc(O)c3c(=O)cc(-c4ccccc4)oc3c2)c1,MJMIOOAVXJRVCP,1,-1,-1,O=C(COc1ccc2c(=O)cc(-c3ccccc3)oc2c1)Nc1ccccn1,train
CHEMBL2408511,O=C(COc1cc(O)c2c(=O)cc(-c3ccccc3)oc2c1)Nc1ccc(Br)cn1,PXTWAEPBSCCMEY,1,-1,-1,O=C(COc1ccc2c(=O)cc(-c3ccccc3)oc2c1)Nc1ccccn1,train
CHEMBL241539,CSc1nc(NCc2cccc(F)c2)c2cnn(CC(Cl)c3ccccc3)c2n1,JDCIDTFQSPPSQG,1,-1,-1,c1ccc(CCn2ncc3c(NCc4ccccc4)ncnc32)cc1,train
CHEMBL241540,CSc1nc(NCc2ccc(F)cc2)c2cnn(CC(Cl)c3ccccc3)c2n1,ZDVMCRNBPCIWEL,1,-1,-1,c1ccc(CCn2ncc3c(NCc4ccccc4)ncnc32)cc1,train
CHEMBL241749,CSc1nc(NCc2ccccc2)c2cnn(CC(Cl)c3ccc(Cl)cc3)c2n1,JUBQMCOOSJGKFM,1,-1,-1,c1ccc(CCn2ncc3c(NCc4ccccc4)ncnc32)cc1,train
CHEMBL241750,CSc1nc(NCc2ccccc2)c2cnn(CC(Cl)c3ccc(F)cc3)c2n1,GGEDDOAPJMUBJS,1,-1,-1,c1ccc(CCn2ncc3c(NCc4ccccc4)ncnc32)cc1,train
CHEMBL2419760,Cl.c1ccc(-c2cccc(Nc3ncnc4cc5c(cc34)OCO5)c2)cc1,LHPLWSQPNALMBZ,1,-1,1,c1ccc(-c2cccc(Nc3ncnc4cc5c(cc34)OCO5)c2)cc1,train
CHEMBL2419761,Cl.c1ccc(-c2cccc(Nc3ncnc4cc5c(cc34)OCCO5)c2)cc1,SAKCKGACQQZAFQ,1,-1,1,c1ccc(-c2cccc(Nc3ncnc4cc5c(cc34)OCCO5)c2)cc1,train
CHEMBL2419762,Cl.c1ccc(-c2cccc(Nc3ncnc4cc5c(cc34)OCCCO5)c2)cc1,NIMPKNBPEACPAH,1,-1,-1,c1ccc(-c2cccc(Nc3ncnc4cc5c(cc34)OCCCO5)c2)cc1,train
CHEMBL2420909,c1nc(N2CCC3(CCCCN3)CC2)c2nc[nH]c2n1,SLPPJSSITOXUMX,0,-1,-1,c1nc(N2CCC3(CCCCN3)CC2)c2nc[nH]c2n1,train
CHEMBL247070,c1ccc(-c2oc3ncnc(NC[C@@H]4CCCO4)c3c2-c2ccccc2)cc1,XNFHHOXCDUAYSR,1,-1,-1,c1ccc(-c2oc3ncnc(NCC4CCCO4)c3c2-c2ccccc2)cc1,train
CHEMBL248044,COc1cc2ncc(C#N)c(N[C@@H]3C[C@H]3c3ccccc3)c2cc1OC,VTTRFTSEAVQHSR,1,-1,-1,c1ccc(C2CC2Nc2ccnc3ccccc23)cc1,train
CHEMBL248392,COc1cc2c(N[C@@H]3C[C@H]3c3ccccc3)c(C#N)cnc2cc1OCCCN1CCOCC1,NHWFEYYJOLZGNB,1,-1,-1,c1ccc(C2CC2Nc2ccnc3cc(OCCCN4CCOCC4)ccc23)cc1,train
CHEMBL249820,Cc1cc(-c2cc(O)ccc2Cl)cc2nnc(Nc3ccc(S(N)(=O)=O)cc3)nc12,BXUFOTJKNXPVHP,1,-1,-1,c1ccc(Nc2nnc3cc(-c4ccccc4)ccc3n2)cc1,train
CHEMBL249821,Cc1cc(-c2cc(O)ccc2Cl)cc2nnc(Nc3ccc(S(=O)(=O)NCCN4CCCC4)cc3)nc12,ZBRROTSBDAODQD,1,-1,1,O=S(=O)(NCCN1CCCC1)c1ccc(Nc2nnc3cc(-c4ccccc4)ccc3n2)cc1,train
CHEMBL250019,Cc1cc(-c2cc(O)ccc2Cl)cc2nnc(Nc3ccc(S(=O)(=O)N(C)CCN4CCCC4)cc3)nc12,NXTAONONNMIHOO,1,-1,1,O=S(=O)(NCCN1CCCC1)c1ccc(Nc2nnc3cc(-c4ccccc4)ccc3n2)cc1,train
CHEMBL250021,CCN(CCN1CCCC1)S(=O)(=O)c1ccc(Nc2nnc3cc(-c4cc(O)ccc4Cl)cc(C)c3n2)cc1,BGKZQFXBRTXGLE,1,-1,-1,O=S(=O)(NCCN1CCCC1)c1ccc(Nc2nnc3cc(-c4ccccc4)ccc3n2)cc1,train
CHEMBL250214,Cc1cc(-c2cc(O)ccc2Cl)cc2nnc(Nc3ccc(C(=O)N4CCNCC4)cc3)nc12,DNLQIFRJOZJGCU,1,-1,1,O=C(c1ccc(Nc2nnc3cc(-c4ccccc4)ccc3n2)cc1)N1CCNCC1,train
CHEMBL250218,Cc1cc(-c2cc(O)ccc2Cl)cc2nnc(Nc3ccc(S(=O)(=O)N(CCN4CCCC4)C(C)C)cc3)nc12,KDTFQAJYJIGSFS,1,-1,-1,O=S(=O)(NCCN1CCCC1)c1ccc(Nc2nnc3cc(-c4ccccc4)ccc3n2)cc1,train
CHEMBL250423,Cc1cc(-c2cc(O)ccc2Cl)cc2nnc(Nc3ccc(S(=O)(=O)N(C)CCN4CCOCC4)cc3)nc12,PUJPRSYMMNNGBM,1,-1,-1,O=S(=O)(NCCN1CCOCC1)c1ccc(Nc2nnc3cc(-c4ccccc4)ccc3n2)cc1,train
CHEMBL250623,Cc1cc(-c2cc(O)ccc2Cl)cc2nnc(Nc3ccc(S(=O)(=O)N4CCNCC4)cc3)nc12,PDEWZRGITAXNMH,1,-1,-1,O=S(=O)(c1ccc(Nc2nnc3cc(-c4ccccc4)ccc3n2)cc1)N1CCNCC1,train
CHEMBL250625,Cc1cc(-c2cc(O)ccc2Cl)cc2nnc(Nc3ccc(S(=O)(=O)C4CCNCC4)cc3)nc12,VAWLAPYBUJTXRS,1,-1,1,O=S(=O)(c1ccc(Nc2nnc3cc(-c4ccccc4)ccc3n2)cc1)C1CCNCC1,train
CHEMBL250821,Cc1cc(-c2c(Cl)ccc(O)c2F)cc2nnc(Nc3ccc(S(=O)(=O)NCCN4CCCC4)cc3)nc12,CSXVLYGUGWXOAL,1,-1,-1,O=S(=O)(NCCN1CCCC1)c1ccc(Nc2nnc3cc(-c4ccccc4)ccc3n2)cc1,train
CHEMBL251015,Cc1cc(-c2cccc3[nH]ccc23)cc2nnc(Nc3ccc(S(=O)(=O)NCCN4CCCC4)cc3)nc12,SFYPWBCTUYQPBH,1,-1,-1,O=S(=O)(NCCN1CCCC1)c1ccc(Nc2nnc3cc(-c4cccc5[nH]ccc45)ccc3n2)cc1,train
CHEMBL253292,CCN(CC)CCOc1ccc(Nc2cc(NC(=O)Nc3c(Cl)cccc3Cl)ncn2)cc1,FOMAIMPXVLHOCI,1,1,-1,O=C(Nc1ccccc1)Nc1cc(Nc2ccccc2)ncn1,train
CHEMBL255164,O=C(Nc1nnc(SCc2ccc(Br)cc2)s1)c1ccccc1Cl,ROHHUXKBFOQTFE,1,-1,-1,O=C(Nc1nnc(SCc2ccccc2)s1)c1ccccc1,train
CHEMBL255165,O=C(Nc1nnc(SCc2ccc([N+](=O)[O-])cc2)s1)c1ccc(F)cc1,ZCTZROLDASTMAW,1,-1,-1,O=C(Nc1nnc(SCc2ccccc2)s1)c1ccccc1,train
CHEMBL255225,O=C(Nc1nnc(SCc2ccc(F)cc2)s1)c1ccc(Cl)cc1,RRUPAPKNLGSWQG,1,-1,-1,O=C(Nc1nnc(SCc2ccccc2)s1)c1ccccc1,train
CHEMBL255324,O=C(Nc1nnc(SCc2ccc(Br)cc2)s1)c1ccc(F)cc1,UEVPEEHDLTWCMS,1,-1,-1,O=C(Nc1nnc(SCc2ccccc2)s1)c1ccccc1,train
CHEMBL255368,O=C(Nc1nnc(SCc2cccc(F)c2)s1)c1ccc(Cl)cc1,YIGAJEDSJOASLF,1,-1,-1,O=C(Nc1nnc(SCc2ccccc2)s1)c1ccccc1,train
CHEMBL255522,O=C(Nc1nnc(SCc2ccc([N+](=O)[O-])cc2)s1)c1ccccc1Cl,AACFRJDPYQPXPD,1,-1,-1,O=C(Nc1nnc(SCc2ccccc2)s1)c1ccccc1,train
CHEMBL255738,O=C(Nc1nnc(SCc2ccc(F)cc2)s1)c1ccc(F)cc1,ZDYQINDXPNAOKX,1,-1,-1,O=C(Nc1nnc(SCc2ccccc2)s1)c1ccccc1,train
CHEMBL259247,Cc1ccc(NC(=O)c2cccc(C(F)(F)F)c2)cc1C(=O)Nc1cncnc1,MDBBPOZQZACUGK,1,1,-1,O=C(Nc1cccc(C(=O)Nc2cncnc2)c1)c1ccccc1,train
CHEMBL261827,Fc1ccc(C(Cl)Cn2ncc3c(NCc4cccc(F)c4)ncnc32)cc1,VSJMCLJTKQOXFV,1,-1,-1,c1ccc(CCn2ncc3c(NCc4ccccc4)ncnc32)cc1,train
CHEMBL268825,Cc1cc(-c2ccccc2Cl)cc2nnc(Nc3ccc(OCCN4CCCC4)cc3)nc12,NYEBJLYZEHKODB,1,-1,-1,c1ccc(-c2ccc3nc(Nc4ccc(OCCN5CCCC5)cc4)nnc3c2)cc1,train
CHEMBL270286,Fc1ccc(CNc2ncnc3c2cnn3CC(Cl)c2ccc(F)cc2)cc1,VAORLJQUVFIABJ,1,-1,-1,c1ccc(CCn2ncc3c(NCc4ccccc4)ncnc32)cc1,train
CHEMBL270454,O=C(Nc1nnc(SCc2ccccc2)s1)c1ccccc1Cl,GRFQAUITCWORHS,1,-1,-1,O=C(Nc1nnc(SCc2ccccc2)s1)c1ccccc1,train
CHEMBL270492,Fc1ccc(C(Cl)Cn2ncc3c(NCc4ccccc4F)ncnc32)cc1,GGWGFVATPFHJOU,1,-1,-1,c1ccc(CCn2ncc3c(NCc4ccccc4)ncnc32)cc1,train
CHEMBL270958,Fc1ccccc1CNc1ncnc2c1cnn2CC(Cl)c1ccccc1,VCOAOUSBGWYYLM,1,-1,-1,c1ccc(CCn2ncc3c(NCc4ccccc4)ncnc32)cc1,train
CHEMBL271008,O=C(Nc1nnc(SCc2cccc(Cl)c2)s1)c1ccc(F)cc1,GPICYOXDOHPDFD,1,-1,-1,O=C(Nc1nnc(SCc2ccccc2)s1)c1ccccc1,train
CHEMBL271009,O=C(Nc1nnc(SCc2ccccc2)s1)c1ccc(Cl)cc1,IGJJUKKHOIAHIX,1,-1,-1,O=C(Nc1nnc(SCc2ccccc2)s1)c1ccccc1,train
CHEMBL271010,O=C(Nc1nnc(SCc2ccc(F)cc2)s1)c1ccccc1Cl,WXXFWDYVXQHEJU,1,-1,-1,O=C(Nc1nnc(SCc2ccccc2)s1)c1ccccc1,train
CHEMBL272288,O=C(Nc1nnc(SCc2cccc(F)c2)s1)c1ccc(F)cc1,WBVGJYCBBLEJDV,1,-1,-1,O=C(Nc1nnc(SCc2ccccc2)s1)c1ccccc1,train
CHEMBL272947,COc1ccc(CSc2nnc(NC(=O)c3ccc(Cl)cc3)s2)cc1,PDAYHGJHVAXFEJ,1,-1,-1,O=C(Nc1nnc(SCc2ccccc2)s1)c1ccccc1,train
CHEMBL272999,O=C(Nc1nnc(SCc2cccc(Cl)c2)s1)c1ccc(Cl)cc1,JHOCOYLYGFKRLD,1,-1,-1,O=C(Nc1nnc(SCc2ccccc2)s1)c1ccccc1,train
CHEMBL273090,Fc1ccc(C(Cl)Cn2ncc3c(NCc4ccccc4Cl)ncnc32)cc1,LXSFCABPGHRETH,1,-1,-1,c1ccc(CCn2ncc3c(NCc4ccccc4)ncnc32)cc1,train
CHEMBL276711,Cc1cc(C)c(/C=C2\C(=O)Nc3ccccc32)[nH]1,WUWDLXZGHZSWQZ,0,1,-1,O=C1Nc2ccccc2C1=Cc1ccc[nH]1,train
CHEMBL277931,O=C(Nc1cccc(Nc2nccc(-c3cccnc3)n2)c1)c1ccccc1,ZVXCXEJBPDCMRL,1,-1,-1,O=C(Nc1cccc(Nc2nccc(-c3cccnc3)n2)c1)c1ccccc1,train
CHEMBL288280,CSc1nc(NCc2ccccc2)c2cnn(CC(Cl)c3ccccc3)c2n1,VRYGLOHNGHJHFM,1,-1,-1,c1ccc(CCn2ncc3c(NCc4ccccc4)ncnc32)cc1,train
CHEMBL29197,COc1cc2ncnc(Nc3cccc(Br)c3)c2cc1OC,LSPANGZZENHZNJ,1,-1,-1,c1ccc(Nc2ncnc3ccccc23)cc1,train
CHEMBL293991,NCCCn1ccc2c(-c3ccnc(Nc4cccc(OC(F)(F)C(F)F)c4)n3)cccc21,HNAIZJDQDDXEGC,1,-1,-1,c1ccc(Nc2nccc(-c3cccc4[nH]ccc34)n2)cc1,train
CHEMBL299477,CC[C@H](C)[C@H](NC(=O)[C@H](CCC(=O)O)NC(=O)[C@H](CCC(=O)O)NC(=O)[C@H](Cc1ccc(OP(=O)(O)O)cc1)NC(C)=O)C(=O)N[C@@H](CCC(=O)O)C(=O)O,QQEKQSBIEKQXQS,0,-1,-1,c1ccccc1,train
CHEMBL301845,CC[C@H](NC(=O)[C@H](Cc1ccc(OP(=O)(O)O)cc1)NC(C)=O)C(=O)N(C)CCCC1CCCCC1,MJXIDCYMAKGNKJ,0,-1,-1,O=C(CCc1ccccc1)NCC(=O)NCCCC1CCCCC1,train
CHEMBL3040806,c1ccc(-c2cccc(Nc3ncnc4cc5c(cc34)OCCO5)c2)cc1,FSFYBWMHVKFOOV,1,-1,-1,c1ccc(-c2cccc(Nc3ncnc4cc5c(cc34)OCCO5)c2)cc1,train
CHEMBL3040861,c1ccc(-c2cccc(Nc3ncnc4cc5c(cc34)OCO5)c2)cc1,WYQRWWCPRIGMCS,1,-1,-1,c1ccc(-c2cccc(Nc3ncnc4cc5c(cc34)OCO5)c2)cc1,train
CHEMBL3040910,c1ccc(-c2cccc(Nc3ncnc4cc5c(cc34)OCCCO5)c2)cc1,WRSMBOCJQHDXNC,1,-1,-1,c1ccc(-c2cccc(Nc3ncnc4cc5c(cc34)OCCCO5)c2)cc1,train
CHEMBL306380,Cc1ccc(-c2nn(C(C)(C)C)c3ncnc(N)c23)cc1,ZVPDNRVYHLRXLX,1,-1,-1,c1ccc(-c2n[nH]c3ncncc23)cc1,train
CHEMBL3092314,CCN(CC)CCCNC(=O)Nc1cc2c(Nc3ccc(F)c(Cl)c3)ncnc2cc1O[C@H]1CCOC1,IWDBZVDOUJFIND,1,0,0,c1ccc(Nc2ncnc3cc(OC4CCOC4)ccc23)cc1,train
CHEMBL3115681,CN1CCN(c2ccc(Nc3ncc4cc(C#N)c(=O)n(C5CCCC5)c4n3)cc2)CC1,VADOZMZXXRBXNY,1,-1,1,O=c1ccc2cnc(Nc3ccc(N4CCNCC4)cc3)nc2n1C1CCCC1,train
CHEMBL321193,Cn1c(=O)c(-c2c(Cl)cccc2Cl)cc2cnc(Nc3cccc(O)c3)nc21,YLOVBNCIDYKIDW,1,-1,-1,O=c1[nH]c2nc(Nc3ccccc3)ncc2cc1-c1ccccc1,train
CHEMBL3216659,Cl.Cl.O=C1Nc2cc(Br)ccc2/C1=C1/Nc2ccccc2/C1=N\OCCN1CCNCC1,CVZJSHRSJMHZLV,1,-1,-1,O=C1Nc2ccccc2C1=C1Nc2ccccc2C1=NOCCN1CCNCC1,train
CHEMBL3218001,C#Cc1cccc(Nc2ncnc3ccc(S(=O)(=O)n4ccc(/C=C/C(=O)Nc5ccccc5N)c4)cc23)c1,UGEGMLHKJYPRKJ,0,-1,0,O=C(C=Cc1ccn(S(=O)(=O)c2ccc3ncnc(Nc4ccccc4)c3c2)c1)Nc1ccccc1,train
CHEMBL323405,Cn1c(=O)c(-c2c(Cl)cccc2Cl)cc2cnc(Nc3ccc(O)cc3)nc21,XLLINEQPLUTYIF,1,-1,-1,O=c1[nH]c2nc(Nc3ccccc3)ncc2cc1-c1ccccc1,train
CHEMBL3237851,Cc1nn(C)c2nnc(Nc3ccc(S(=O)(=O)NCCO)cc3)nc12,XUFWIFGAZIFAOQ,0,-1,-1,c1ccc(Nc2nnc3[nH]ncc3n2)cc1,train
CHEMBL3237854,Cc1nn(C)c2nnc(Nc3ccc(S(=O)(=O)NCCN)cc3)nc12,JRNRDDIKLSHPOP,0,-1,-1,c1ccc(Nc2nnc3[nH]ncc3n2)cc1,train
CHEMBL3237855,Cc1nn(C)c2nnc(Nc3ccc(S(N)(=O)=O)cc3)nc12,AKDFFBCMTVZHDB,0,-1,-1,c1ccc(Nc2nnc3[nH]ncc3n2)cc1,train
CHEMBL3237857,Cc1nn(C)c2nnc(Nc3ccc(S(=O)(=O)NCCN4CCOCC4)cc3)nc12,ALGIYGCMWHXAJQ,0,-1,-1,O=S(=O)(NCCN1CCOCC1)c1ccc(Nc2nnc3[nH]ncc3n2)cc1,train
CHEMBL3237858,Cc1nn(C)c2nnc(Nc3ccc(S(=O)(=O)NCC(O)CO)cc3)nc12,LSYQTVVSPRYETN,0,-1,-1,c1ccc(Nc2nnc3[nH]ncc3n2)cc1,train
CHEMBL325023,Cc1nc(C)c(-c2[nH]nc3c2C(=O)c2c(NC(=O)NN4CCN(C)CC4)cccc2-3)s1,KRKQVGZXTNLQSV,0,-1,-1,O=C(Nc1cccc2c1C(=O)c1c-2n[nH]c1-c1cncs1)NN1CCNCC1,train
CHEMBL327127,Cn1c(=O)c(-c2c(Cl)cccc2Cl)cc2cnc(Nc3cccc(CO)c3)nc21,ZIQFYVPVJZEOFS,1,1,-1,O=c1[nH]c2nc(Nc3ccccc3)ncc2cc1-c1ccccc1,train
CHEMBL3288854,Cc1[nH]c(/C=C2\C(=O)Nc3ccc(F)cc32)c(C)c1NC(=O)CCN1CCN(C)CC1,NSKYYUZMAXEZIR,1,1,1,O=C(CCN1CCNCC1)Nc1c[nH]c(C=C2C(=O)Nc3ccccc32)c1,train
CHEMBL328907,CC[C@H](C)[C@H](NC(=O)[C@H](CCC(=O)O)NC(=O)[C@H](CCC(=O)O)NC(=O)[C@@H](Cc1ccc(OP(=O)(O)O)cc1)NC(C)=O)C(=O)N[C@@H](CCC(=O)O)C(=O)O,QQEKQSBIEKQXQS,0,-1,-1,c1ccccc1,train
CHEMBL3318023,CCNC(=O)Nc1ccc2ncc(-c3ccc(OC)cc3)cc2n1,YGLAORIVGOGYSS,0,-1,-1,c1ccc(-c2cnc3cccnc3c2)cc1,train
CHEMBL331906,Oc1cccc(-c2[nH]nc3ncnc(Nc4cccc(Cl)c4)c23)c1,DVMBLTDKHALLLH,1,-1,-1,c1ccc(Nc2ncnc3n[nH]c(-c4ccccc4)c23)cc1,train
CHEMBL332971,COc1ccc(-c2[nH]nc3ncnc(Nc4cccc(Cl)c4)c23)cc1,CNEAVADKWYPXBR,0,-1,-1,c1ccc(Nc2ncnc3n[nH]c(-c4ccccc4)c23)cc1,train
CHEMBL3347388,COC(=O)c1cc2cc(NCc3c(C)cccc3Cl)cnc2[nH]1,KNTPBVJWLVSQOV,1,-1,-1,c1ccc(CNc2cnc3[nH]ccc3c2)cc1,train
CHEMBL3347424,COC(=O)c1cc2cc(NCc3ccc4[nH]cnc4c3)cnc2[nH]1,LPALEHGSOYDTQA,1,-1,-1,c1nc2cc(CNc3cnc4[nH]ccc4c3)ccc2[nH]1,train
CHEMBL3347425,COC(=O)c1cc2cc(NCc3cc4nc[nH]c4cc3C)cnc2[nH]1,XKESCVSLVRLBPT,1,-1,-1,c1nc2cc(CNc3cnc4[nH]ccc4c3)ccc2[nH]1,train
CHEMBL3347440,COC(=O)c1cc2cc(NC(=O)c3cc(C)n[nH]3)cnc2[nH]1,RIPRIRIGNNHFGV,1,-1,-1,O=C(Nc1cnc2[nH]ccc2c1)c1ccn[nH]1,train
CHEMBL3347451,COC(=O)c1cc2cc(NCc3ccccc3Br)cnc2[nH]1,MOEQLLUONDJIIJ,1,-1,-1,c1ccc(CNc2cnc3[nH]ccc3c2)cc1,train
CHEMBL3347452,COC(=O)c1cc2cc(NCc3ccccc3C)cnc2[nH]1,ONXVBFWIQSGWAH,1,-1,-1,c1ccc(CNc2cnc3[nH]ccc3c2)cc1,train
CHEMBL3347453,COC(=O)c1cc2cc(NCc3ccccc3C(F)(F)F)cnc2[nH]1,MFAPLYWBOUSVJJ,1,-1,-1,c1ccc(CNc2cnc3[nH]ccc3c2)cc1,train
CHEMBL3347466,COC(=O)c1cc2cc(NCc3ccccc3OC)cnc2[nH]1,XHNJVFQIMAESOO,1,-1,-1,c1ccc(CNc2cnc3[nH]ccc3c2)cc1,train
CHEMBL3347468,COC(=O)c1cc2cc(NCc3c(Cl)cccc3Cl)cnc2[nH]1,DJCLBOJZORFUMR,1,-1,-1,c1ccc(CNc2cnc3[nH]ccc3c2)cc1,train
CHEMBL3347601,COC(=O)c1cc2cc(NC(=O)c3ccccc3C)cnc2[nH]1,NSRFIEYUXOOISZ,1,-1,-1,O=C(Nc1cnc2[nH]ccc2c1)c1ccccc1,train
CHEMBL3347602,COC(=O)c1cc2cc(NC(=O)c3ccccc3C(F)(F)F)cnc2[nH]1,SIUOVOCGMYQPIB,1,-1,-1,O=C(Nc1cnc2[nH]ccc2c1)c1ccccc1,train
CHEMBL3347621,O=C(Nc1cnc2[nH]c(Cc3ccc[nH]3)cc2c1)c1ccccc1Br,DZJWVPHWQSPJDD,1,-1,-1,O=C(Nc1cnc2[nH]c(Cc3ccc[nH]3)cc2c1)c1ccccc1,train
CHEMBL3347624,COC(=O)c1cc2cc(NC(=O)c3c(F)cccc3OC)cnc2[nH]1,FCDMJPPRJSFFRX,1,-1,-1,O=C(Nc1cnc2[nH]ccc2c1)c1ccccc1,train
CHEMBL3347636,COC(=O)c1cc2cc(NC(=O)c3ccccc3Br)cnc2[nH]1,OEYPDGZCSFPTBF,1,-1,-1,O=C(Nc1cnc2[nH]ccc2c1)c1ccccc1,train
CHEMBL3347637,COC(=O)c1cc2cc(NC(=O)c3c(Cl)cccc3Cl)cnc2[nH]1,INHKTKGJEIKALZ,1,-1,-1,O=C(Nc1cnc2[nH]ccc2c1)c1ccccc1,train
CHEMBL3347638,COC(=O)c1cc2cc(NC(=O)c3c(C)cccc3Cl)cnc2[nH]1,UVFLAWMNLLGDNC,1,-1,-1,O=C(Nc1cnc2[nH]ccc2c1)c1ccccc1,train
CHEMBL3347647,CN(C)CCCNC(=O)c1cc2cc(NC(=O)c3ccccc3Br)cnc2[nH]1,CYOZJGAFKCEXBD,1,-1,-1,O=C(Nc1cnc2[nH]ccc2c1)c1ccccc1,train
CHEMBL3393071,CC(C)Sc1nc(Nc2cccc(O)c2)c2cnn(CC(Cl)c3ccccc3)c2n1,UUXGWAWTZHFHHC,1,-1,-1,c1ccc(CCn2ncc3c(Nc4ccccc4)ncnc32)cc1,train
CHEMBL3393986,Cl.Oc1cccc(Nc2nc(SCCN3CCOCC3)nc3c2cnn3CCc2ccccc2)c1,GFJIPPHKTVNJDX,1,-1,-1,c1ccc(CCn2ncc3c(Nc4ccccc4)nc(SCCN4CCOCC4)nc32)cc1,train
CHEMBL3394082,CC(Cn1ncc2c(Nc3cccc(O)c3)nc(SCCN3CCOCC3)nc21)c1ccccc1.Cl,CCNOBLMLVWIHBS,1,-1,-1,c1ccc(CCn2ncc3c(Nc4ccccc4)nc(SCCN4CCOCC4)nc32)cc1,train
CHEMBL3394083,CSc1nc(Nc2cccc(O)c2)c2cnn(CC(Cl)c3ccccc3)c2n1,VADPBYPWJLBNMX,1,-1,-1,c1ccc(CCn2ncc3c(Nc4ccccc4)ncnc32)cc1,train
CHEMBL3394092,ClC(Cn1ncc2c(Nc3cccc(Br)c3)nc(SCCN3CCOCC3)nc21)c1ccccc1,TWWILBWAYDXBCM,1,-1,-1,c1ccc(CCn2ncc3c(Nc4ccccc4)nc(SCCN4CCOCC4)nc32)cc1,train
CHEMBL3414623,Cc1cn(CCN2CCN(c3ccccc3-c3cc(C#N)cc(C(=O)NCCCN4CCCC4)c3)CC2)c2ccccc12,PNYRDVBFYVDJJI,0,0,0,O=C(NCCCN1CCCC1)c1cccc(-c2ccccc2N2CCN(CCn3ccc4ccccc43)CC2)c1,train
CHEMBL3545085,CC(C)c1cc(CNc2nc(Nc3cc(C4CC4)[nH]n3)cc(N3CCN(C)CC3)n2)on1,ALKJNCZNEOTEMP,1,-1,-1,c1cc(CNc2nc(Nc3cc(C4CC4)[nH]n3)cc(N3CCNCC3)n2)on1,train
CHEMBL3577124,CNc1ncc2cc(-c3cc(NC(=O)NCCC(C)(C)C)c(F)cc3C)c(C)nc2n1,HHCBMISMPSAZBF,1,-1,-1,c1ccc(-c2cnc3ncncc3c2)cc1,train
CHEMBL3617732,CCCC(=O)Nc1cccc(Nc2nccc(Nc3cc(C4CC4)[nH]n3)n2)c1,PYCBKUUFGVDPOF,1,-1,-1,c1ccc(Nc2nccc(Nc3cc(C4CC4)[nH]n3)n2)cc1,train
CHEMBL3639839,Cc1ccc(F)cc1-c1ccc2cc(NC(=O)c3cccc(F)c3)ncc2c1,LWXTUHDFMANJFZ,1,-1,-1,O=C(Nc1cc2ccc(-c3ccccc3)cc2cn1)c1ccccc1,train
CHEMBL3639840,Cc1c(F)cncc1-c1ccc2cc(NC(=O)C3CC3)ncc2c1,GSLMJIPSSNUWRV,1,-1,-1,O=C(Nc1cc2ccc(-c3cccnc3)cc2cn1)C1CC1,train
CHEMBL3639884,Cc1cnc(CO)cc1-c1ccc2cc(NC(=O)C3CC3)ncc2c1,JNRJAKMBRLAHPU,1,-1,-1,O=C(Nc1cc2ccc(-c3ccncc3)cc2cn1)C1CC1,train
CHEMBL3639885,Cc1cccc(C)c1-c1ccc2cc(NC(=O)C3CC3)ncc2c1,HEDRADRXHRAUPJ,1,-1,-1,O=C(Nc1cc2ccc(-c3ccccc3)cc2cn1)C1CC1,train
CHEMBL3647967,C=CC(=O)N[C@H]1CC[C@@H](n2nc(-c3ccc(Oc4ccccc4)cc3)c3c(N)ncnc32)CC1,SSDFTYWIYVWCIE,1,-1,-1,c1ccc(Oc2ccc(-c3nn(C4CCCCC4)c4ncncc34)cc2)cc1,train
CHEMBL365277,Cc1ccc(NC(=O)Nc2ccccc2CN(C)C2CCCCC2)cc1Nc1nccc(-c2cccnc2)n1,GHCCUWPPSKPLJX,1,-1,-1,O=C(Nc1cccc(Nc2nccc(-c3cccnc3)n2)c1)Nc1ccccc1CNC1CCCCC1,train
CHEMBL365673,CCN(CC)c1cccc(NC(=O)Nc2ccc(C)c(Nc3nccc(-c4cccnc4)n3)c2)c1,YCDIUFZXJOHIGE,1,-1,-1,O=C(Nc1ccccc1)Nc1cccc(Nc2nccc(-c3cccnc3)n2)c1,train
CHEMBL3683258,CN[C@@H]1CC2OC([C@@H]1OC)n1c3ccccc3c3c4c(c5c6ccccc6n2c5c31)C(=O)NC4,YISMQBFJYDFMAL,1,1,1,O=C1NCc2c1c1c3ccccc3n3c1c1c2c2ccccc2n1C1CCCC3O1,train
CHEMBL3684995,O=C(Nc1cc2ccc(N3CCCCC3)cc2cn1)C1CC1,IVEPTDAOJXRMAM,1,-1,-1,O=C(Nc1cc2ccc(N3CCCCC3)cc2cn1)C1CC1,train
CHEMBL3684996,Clc1ccccc1-c1ccc2cc(Nc3ncccn3)ncc2c1,AHYCCXUHFBQPPW,1,-1,-1,c1ccc(-c2ccc3cc(Nc4ncccn4)ncc3c2)cc1,train
CHEMBL3684997,Clc1ccccc1-c1ccc2cc(Nc3ccccn3)ncc2c1,MQVZNVRBLROWNA,1,-1,-1,c1ccc(-c2ccc3cc(Nc4ccccn4)ncc3c2)cc1,train
CHEMBL3684998,CSCNc1cc2ccc(-c3cc(F)ccc3Cl)cc2cn1,DOZOGUDSPQXFMJ,1,-1,-1,c1ccc(-c2ccc3ccncc3c2)cc1,train
CHEMBL3684999,CNc1cc2ccc(-c3cc(F)ccc3Cl)cc2cn1,IIWCUQAVWTZEFQ,1,-1,-1,c1ccc(-c2ccc3ccncc3c2)cc1,train
CHEMBL3685000,COc1ccc(Cl)cc1-c1ccc2cc(NC(=O)C3CC3)ncc2c1,BKERAVSNJRNRTP,1,-1,-1,O=C(Nc1cc2ccc(-c3ccccc3)cc2cn1)C1CC1,train
CHEMBL3685001,Cc1ccc(F)cc1-c1ccc2cc(N)ncc2c1,XLZZMWOIAXZJRA,1,-1,-1,c1ccc(-c2ccc3ccncc3c2)cc1,train
CHEMBL3685002,Cc1ccc(F)cc1-c1ccc2cc(NC(=O)C3CCC3)ncc2c1,FBPUBMIRGMYTSC,1,-1,-1,O=C(Nc1cc2ccc(-c3ccccc3)cc2cn1)C1CCC1,train
CHEMBL3685005,Cc1ccc(F)cc1-c1ccc2cc(NC(=O)c3ccccc3)ncc2c1,VRQVVSIPDIPKOP,1,-1,-1,O=C(Nc1cc2ccc(-c3ccccc3)cc2cn1)c1ccccc1,train
CHEMBL3685006,Cc1ccc(F)cc1-c1ccc2cc(NC(=O)c3ccc(F)cc3)ncc2c1,FHMBGYHZSQYXCT,1,-1,-1,O=C(Nc1cc2ccc(-c3ccccc3)cc2cn1)c1ccccc1,train
CHEMBL3685007,Cc1ccc(F)cc1-c1ccc2cc(NC(=O)C3(F)CC3)ncc2c1,OMWHEGKZWXFQAD,1,-1,-1,O=C(Nc1cc2ccc(-c3ccccc3)cc2cn1)C1CC1,train
CHEMBL3685008,Cc1ccc(F)cc1-c1ccc2cc(NC(=O)C3(C)CC3)ncc2c1,ZZCCBBCFWAISIJ,1,-1,-1,O=C(Nc1cc2ccc(-c3ccccc3)cc2cn1)C1CC1,train
CHEMBL3685009,Cc1ccc(F)cc1-c1ccc2cc(NC(=O)C3CC3F)ncc2c1,IWFDVJZHUXISJH,1,-1,-1,O=C(Nc1cc2ccc(-c3ccccc3)cc2cn1)C1CC1,train
CHEMBL3685010,Cc1ccc(F)cc1-c1ccc2cc(NC(=O)C3CC3(F)F)ncc2c1,YILWYLGYSKDOND,1,-1,-1,O=C(Nc1cc2ccc(-c3ccccc3)cc2cn1)C1CC1,train
CHEMBL3685011,Cc1cnc(C)c(-c2ccc3cc(NC(=O)C4CC4)ncc3c2)c1,PCDNISYSQIMSTQ,1,-1,-1,O=C(Nc1cc2ccc(-c3cccnc3)cc2cn1)C1CC1,train
CHEMBL3685012,Nc1ccc(-c2ccc3cc(NC(=O)C4CC4)ncc3c2)cn1,LZKROAYMVZGALK,1,-1,-1,O=C(Nc1cc2ccc(-c3cccnc3)cc2cn1)C1CC1,train
CHEMBL3685013,N#Cc1ccncc1-c1ccc2cc(NC(=O)C3CC3)ncc2c1,DVXXKKXABHFZKY,1,-1,-1,O=C(Nc1cc2ccc(-c3cccnc3)cc2cn1)C1CC1,train
CHEMBL3685014,N#Cc1ncc(F)cc1-c1ccc2cc(NC(=O)C3CC3)ncc2c1,WYUGFLWTSZRHGP,1,-1,-1,O=C(Nc1cc2ccc(-c3cccnc3)cc2cn1)C1CC1,train
CHEMBL3685015,Cc1c(Cl)cccc1-c1ccc2cc(NC(=O)C3CC3)ncc2c1,ISSVBTWUUNLCIT,1,-1,-1,O=C(Nc1cc2ccc(-c3ccccc3)cc2cn1)C1CC1,train
CHEMBL3685016,Cc1cc(F)ccc1-c1ccc2cc(NC(=O)C3CC3)ncc2c1,YCGCPPLLDCDKSS,1,-1,-1,O=C(Nc1cc2ccc(-c3ccccc3)cc2cn1)C1CC1,train
CHEMBL3685017,Cc1cc(Cl)ccc1-c1ccc2cc(NC(=O)C3CC3)ncc2c1,YACLSUDPPCIYCW,1,-1,-1,O=C(Nc1cc2ccc(-c3ccccc3)cc2cn1)C1CC1,train
CHEMBL3685018,COc1ccc(F)cc1-c1ccc2cc(NC(=O)C3CC3)ncc2c1,GNTKDMOMISWMKR,1,-1,-1,O=C(Nc1cc2ccc(-c3ccccc3)cc2cn1)C1CC1,train
CHEMBL3685019,CC(C)Oc1ccc(F)cc1-c1ccc2cc(NC(=O)C3CC3)ncc2c1,UQAWIRVDQFEQED,1,-1,-1,O=C(Nc1cc2ccc(-c3ccccc3)cc2cn1)C1CC1,train
CHEMBL3685020,Cc1ccncc1-c1ccc2cc(NC(=O)C3CC3)ncc2c1,FFOBOGVTUSYUAL,1,-1,-1,O=C(Nc1cc2ccc(-c3cccnc3)cc2cn1)C1CC1,train
CHEMBL3685021,Cn1cc(-c2ccc3cc(NC(=O)C4CC4)ncc3c2)cn1,HSXOFYJETFEUAF,1,-1,-1,O=C(Nc1cc2ccc(-c3cn[nH]c3)cc2cn1)C1CC1,train
CHEMBL3685022,Cc1n[nH]c(C)c1-c1ccc2cc(NC(=O)C3CC3)ncc2c1,ZLWXKBJMQVCKHP,1,-1,-1,O=C(Nc1cc2ccc(-c3cn[nH]c3)cc2cn1)C1CC1,train
CHEMBL3685023,O=C(Nc1cc2ccc(-c3cc(O)ccc3Cl)cc2cn1)C1CC1,SBLMSIVORTXZKQ,1,-1,-1,O=C(Nc1cc2ccc(-c3ccccc3)cc2cn1)C1CC1,train
CHEMBL3685024,Cc1cc(F)c(F)cc1-c1ccc2cc(NC(=O)C3CC3)ncc2c1,JFFWVBFNWDTRIH,1,-1,-1,O=C(Nc1cc2ccc(-c3ccccc3)cc2cn1)C1CC1,train
CHEMBL3685025,Cc1ccc(F)cc1-c1ccc2cc(/N=C3/NC(C)(C)CO3)ncc2c1,KDZJMCWYMNJHSS,1,-1,-1,c1ccc(-c2ccc3cc(N=C4NCCO4)ncc3c2)cc1,train
CHEMBL3685026,O=C(Nc1cc2ccc(N3CCCC3)cc2cn1)C1CC1,VJYTZDUWPGJALW,1,-1,-1,O=C(Nc1cc2ccc(N3CCCC3)cc2cn1)C1CC1,train
CHEMBL3685029,O=C(Nc1cc2ccc(C3CCCC3)cc2cn1)C1CC1,XMKWAPBKVWWZEZ,1,-1,-1,O=C(Nc1cc2ccc(C3CCCC3)cc2cn1)C1CC1,train
CHEMBL3685031,Cc1ccc(F)cc1-c1ccc2cc(NC(=O)C3CCN(C)CC3)ncc2c1,RTEKPYVJZGLQPF,1,-1,-1,O=C(Nc1cc2ccc(-c3ccccc3)cc2cn1)C1CCNCC1,train
CHEMBL3685032,Cc1ccc(F)cc1-c1ccc2cc(NC(=O)c3ccncc3)ncc2c1,CCJXYAPWKUBRCT,1,-1,-1,O=C(Nc1cc2ccc(-c3ccccc3)cc2cn1)c1ccncc1,train
CHEMBL3685033,Cc1ccc(F)cc1-c1ccc2cc(NC(=O)c3ccccc3F)ncc2c1,GFFPABCBIQQDFV,1,-1,-1,O=C(Nc1cc2ccc(-c3ccccc3)cc2cn1)c1ccccc1,train
CHEMBL3685034,COc1ccc(C(=O)Nc2cc3ccc(-c4cc(F)ccc4C)cc3cn2)cc1,NMSFNNKIWBXACD,1,-1,-1,O=C(Nc1cc2ccc(-c3ccccc3)cc2cn1)c1ccccc1,train
CHEMBL3685036,Cc1ncccc1-c1ccc2cc(NC(=O)C3CC3)ncc2c1,BNECXWNAHJXDOO,1,-1,-1,O=C(Nc1cc2ccc(-c3cccnc3)cc2cn1)C1CC1,train
CHEMBL3685037,O=C(Nc1cc2ccc(-c3ccc4[nH]ccc4c3)cc2cn1)C1CC1,IAWCJAHPKZLXGZ,1,-1,-1,O=C(Nc1cc2ccc(-c3ccc4[nH]ccc4c3)cc2cn1)C1CC1,train
CHEMBL3685038,O=C(Nc1cc2ccc(N3CCC(O)CC3)cc2cn1)C1CC1,HADBEUDAVFSISE,1,-1,-1,O=C(Nc1cc2ccc(N3CCCCC3)cc2cn1)C1CC1,train
CHEMBL3685041,CC(=O)Nc1cc2ccc(-c3cc(F)ccc3C)cc2cn1,AKHXFPNTRDRWMA,1,-1,-1,c1ccc(-c2ccc3ccncc3c2)cc1,train
CHEMBL3685042,Cc1ccc(F)cc1-c1ccc2cc(NC(=O)CC(F)(F)F)ncc2c1,TYHAKAAXVXNVHX,1,-1,-1,c1ccc(-c2ccc3ccncc3c2)cc1,train
CHEMBL3685043,Cc1ccc(F)cc1-c1ccc2cc(NC(=O)C(C)(C)C)ncc2c1,WIAZQJWKXZAPGN,1,-1,-1,c1ccc(-c2ccc3ccncc3c2)cc1,train
CHEMBL3685044,COCC(=O)Nc1cc2ccc(-c3cc(F)ccc3C)cc2cn1,JOIPHUBVSRQSIL,1,-1,-1,c1ccc(-c2ccc3ccncc3c2)cc1,train
CHEMBL3685045,Cc1ccc(C#N)cc1-c1ccc2cc(NC(=O)C3CC3)ncc2c1,NSBDHYZJVCJMCD,1,-1,-1,O=C(Nc1cc2ccc(-c3ccccc3)cc2cn1)C1CC1,train
CHEMBL3685046,COc1cccc(C#N)c1-c1ccc2cc(NC(=O)C3CC3)ncc2c1,PMJHOVLKCGONKC,1,-1,-1,O=C(Nc1cc2ccc(-c3ccccc3)cc2cn1)C1CC1,train
CHEMBL3685048,Cc1ccc(F)cc1-c1ccc2cc(NC(=O)C3C[C@@H]3F)ncc2c1,IWFDVJZHUXISJH,1,-1,-1,O=C(Nc1cc2ccc(-c3ccccc3)cc2cn1)C1CC1,train
CHEMBL3685049,Cc1ccc(F)cc1-c1ccc2cc(NC(=O)C3C[C@H]3F)ncc2c1,IWFDVJZHUXISJH,1,-1,-1,O=C(Nc1cc2ccc(-c3ccccc3)cc2cn1)C1CC1,train
CHEMBL3685050,Cc1ccc(F)cc1-c1ccc2cc(NC(=O)CN(C)C)ncc2c1,PDTNDVYMFFZXMB,1,-1,-1,c1ccc(-c2ccc3ccncc3c2)cc1,train
CHEMBL3685052,COc1ccccc1C(=O)Nc1cc2ccc(-c3cc(F)ccc3C)cc2cn1,LXSVPKCCMBANTD,1,-1,-1,O=C(Nc1cc2ccc(-c3ccccc3)cc2cn1)c1ccccc1,train
CHEMBL3685053,COc1cccc(C(=O)Nc2cc3ccc(-c4cc(F)ccc4C)cc3cn2)c1,ZNDYHXKMRVJCCK,1,-1,-1,O=C(Nc1cc2ccc(-c3ccccc3)cc2cn1)c1ccccc1,train
CHEMBL3685054,O=C(Nc1cc2ccc(-c3cccc4[nH]ccc34)cc2cn1)C1CC1,MDXOCQCFTULZPH,1,-1,-1,O=C(Nc1cc2ccc(-c3cccc4[nH]ccc34)cc2cn1)C1CC1,train
CHEMBL3685055,N#Cc1cc(F)c(F)cc1-c1ccc2cc(NC(=O)C3CC3)ncc2c1,KREILUCQUNTRDL,1,-1,-1,O=C(Nc1cc2ccc(-c3ccccc3)cc2cn1)C1CC1,train
CHEMBL3685056,Cc1ccc(O)cc1-c1ccc2cc(NC(=O)C3CC3)ncc2c1,JLLTUBSBILQEOE,1,-1,-1,O=C(Nc1cc2ccc(-c3ccccc3)cc2cn1)C1CC1,train
CHEMBL3685057,CCC(=O)Nc1cc2ccc(-c3cc(F)ccc3C)cc2cn1,BIMHVIWEJQIWMC,1,-1,-1,c1ccc(-c2ccc3ccncc3c2)cc1,train
CHEMBL3685058,Cc1ccc(F)cc1-c1ccc2cc(NC(=O)C(C)C)ncc2c1,CWTANYORWHRSCW,1,-1,-1,c1ccc(-c2ccc3ccncc3c2)cc1,train
CHEMBL3685059,O=C(Nc1cc2ccc(-c3cncnc3)cc2cn1)C1CC1,QQPJIRCREUKDRQ,1,-1,-1,O=C(Nc1cc2ccc(-c3cncnc3)cc2cn1)C1CC1,train
CHEMBL3685060,Cc1cc(C)c(-c2ccc3cc(NC(=O)C4CC4)ncc3c2)cn1,IXXVMJAVFQYPGG,1,-1,-1,O=C(Nc1cc2ccc(-c3cccnc3)cc2cn1)C1CC1,train
CHEMBL3685062,O=C(Nc1cc2ccc(-c3cc[nH]n3)cc2cn1)C1CC1,FTBRHXCAMHBFDF,1,-1,-1,O=C(Nc1cc2ccc(-c3cc[nH]n3)cc2cn1)C1CC1,train
CHEMBL3685063,Cc1ncc(F)cc1-c1ccc2cc(NC(=O)C3CC3)ncc2c1,ROXXQZPPJKZYHH,1,-1,-1,O=C(Nc1cc2ccc(-c3cccnc3)cc2cn1)C1CC1,train
CHEMBL3685065,Cc1ccc(F)cc1-c1ccc2cc(NC(=O)C(F)(F)F)ncc2c1,NZSDTXQVYXRADS,1,-1,-1,c1ccc(-c2ccc3ccncc3c2)cc1,train
CHEMBL3685066,N#Cc1ccc(F)cc1-c1ccc2cc(NC(=O)C3CC3)ncc2c1,FHLIHDNYEWQGLO,1,-1,-1,O=C(Nc1cc2ccc(-c3ccccc3)cc2cn1)C1CC1,train
CHEMBL3685067,N#Cc1ccc(Cl)cc1-c1ccc2cc(NC(=O)C3CC3)ncc2c1,UPJLBEBTELPTEJ,1,-1,-1,O=C(Nc1cc2ccc(-c3ccccc3)cc2cn1)C1CC1,train
CHEMBL3685068,N#Cc1cc(F)ccc1-c1ccc2cc(NC(=O)C3CC3)ncc2c1,GZIGYNCFUJQPKH,1,-1,-1,O=C(Nc1cc2ccc(-c3ccccc3)cc2cn1)C1CC1,train
CHEMBL3685069,Cc1ccc(F)cc1-c1ccc2cc(NC(=O)C(F)F)ncc2c1,XJXYBPSMCYPSRE,1,-1,-1,c1ccc(-c2ccc3ccncc3c2)cc1,train
CHEMBL3685070,Cc1ccc(F)cc1-c1ccc2cc(NS(C)(=O)=O)ncc2c1,DXKJINDNBLCELD,1,-1,-1,c1ccc(-c2ccc3ccncc3c2)cc1,train
CHEMBL3685071,Cc1ccc(F)cc1-c1ccc2cc(NS(=O)(=O)C3CC3)ncc2c1,CJLPCQRTSYLTJK,1,-1,-1,O=S(=O)(Nc1cc2ccc(-c3ccccc3)cc2cn1)C1CC1,train
CHEMBL3685072,CNC(=O)Nc1cc2ccc(-c3cc(F)ccc3C)cc2cn1,UUEHFZGAHRPXIL,1,-1,-1,c1ccc(-c2ccc3ccncc3c2)cc1,train
CHEMBL3685074,Cc1ncncc1-c1ccc2cc(NC(=O)C3CC3)ncc2c1,UVRRISPSGGNCAX,1,-1,-1,O=C(Nc1cc2ccc(-c3cncnc3)cc2cn1)C1CC1,train
CHEMBL3685075,COc1ccc(C)c(-c2ccc3cc(NC(=O)C4CC4)ncc3c2)c1,YDRSBMHTBOTLLH,1,-1,-1,O=C(Nc1cc2ccc(-c3ccccc3)cc2cn1)C1CC1,train
CHEMBL3685076,Cc1ccc(C(F)(F)F)cc1-c1ccc2cc(NC(=O)C3CC3)ncc2c1,KTSGZASQBRUMLP,1,-1,-1,O=C(Nc1cc2ccc(-c3ccccc3)cc2cn1)C1CC1,train
CHEMBL3685077,Cc1ccc(N(C)C)cc1-c1ccc2cc(NC(=O)C3CC3)ncc2c1,PXVCHFANOLWOEZ,1,-1,-1,O=C(Nc1cc2ccc(-c3ccccc3)cc2cn1)C1CC1,train
CHEMBL3685078,Cc1cnccc1-c1ccc2cc(NC(=O)C3CC3)ncc2c1,FLRBEBAGCCZTBK,1,-1,-1,O=C(Nc1cc2ccc(-c3ccncc3)cc2cn1)C1CC1,train
CHEMBL3685079,Cc1ccc(F)cc1-c1ccc2cc(NC(=O)N(C)C)ncc2c1,ZFOQAGMYOSWDBJ,1,-1,-1,c1ccc(-c2ccc3ccncc3c2)cc1,train
CHEMBL3685080,Cc1ccnc(C)c1-c1ccc2cc(NC(=O)C3CC3)ncc2c1,CRBUIRUHADOYMP,1,-1,-1,O=C(Nc1cc2ccc(-c3cccnc3)cc2cn1)C1CC1,train
CHEMBL3685081,Cc1ncnc(C)c1-c1ccc2cc(NC(=O)C3CC3)ncc2c1,LWRDVISAMUTIHK,1,-1,-1,O=C(Nc1cc2ccc(-c3cncnc3)cc2cn1)C1CC1,train
CHEMBL3685082,O=C(Nc1cc2ccc(OC3CCCCC3)cc2cn1)C1CC1,HYRVGDBKCLDUAS,1,-1,-1,O=C(Nc1cc2ccc(OC3CCCCC3)cc2cn1)C1CC1,train
CHEMBL3685083,O=C(Nc1cc2ccc(Sc3ccccc3)cc2cn1)C1CC1,CNLOENANXWJVCZ,1,-1,-1,O=C(Nc1cc2ccc(Sc3ccccc3)cc2cn1)C1CC1,train
CHEMBL3685085,O=C(Nc1cc2ccc(-c3cncc(F)c3)cc2cn1)C1CC1,XQLSRVZPWIGSTL,1,-1,-1,O=C(Nc1cc2ccc(-c3cccnc3)cc2cn1)C1CC1,train
CHEMBL3685086,Cc1ccc(F)cc1-c1ccc2cc(NC(=O)C3(O)CC3)ncc2c1,ALLUHAWZPXDZSO,1,-1,-1,O=C(Nc1cc2ccc(-c3ccccc3)cc2cn1)C1CC1,train
CHEMBL3685087,O=C(Nc1cc2ccc(-c3ccc[nH]3)cc2cn1)C1CC1,RLQRATFKULKRSP,1,-1,-1,O=C(Nc1cc2ccc(-c3ccc[nH]3)cc2cn1)C1CC1,train
CHEMBL3685088,N#Cc1ccc(O)cc1-c1ccc2cc(NC(=O)C3CC3)ncc2c1,ZHLWFKCXSWARJT,1,-1,-1,O=C(Nc1cc2ccc(-c3ccccc3)cc2cn1)C1CC1,train
CHEMBL3685089,Cc1c(O)cccc1-c1ccc2cc(NC(=O)C3CC3)ncc2c1,RCDNRMJSPRVPQY,1,-1,-1,O=C(Nc1cc2ccc(-c3ccccc3)cc2cn1)C1CC1,train
CHEMBL3685090,Cc1ccc(F)cc1-c1ccc2cc(NC(C)C(F)(F)F)ncc2c1,WWCPCLHHGLYZOE,1,-1,-1,c1ccc(-c2ccc3ccncc3c2)cc1,train
CHEMBL3685092,CC(C)Oc1ccc2cc(NC(=O)C3CC3)ncc2c1,FGHJECPELFXHCZ,1,-1,-1,O=C(Nc1cc2ccccc2cn1)C1CC1,train
CHEMBL3685093,O=C(Nc1cc2ccc(OC(F)F)cc2cn1)C1CC1,GQCKCEUFVGVAMR,1,-1,-1,O=C(Nc1cc2ccccc2cn1)C1CC1,train
CHEMBL3685094,Cc1ccc(F)cc1-c1ccc2c(Cl)c(N)ncc2c1,QVJHCQIKDOQAQI,1,-1,-1,c1ccc(-c2ccc3ccncc3c2)cc1,train
CHEMBL3685095,Cc1cc(F)c(O)cc1-c1ccc2cc(NC(=O)C3CC3)ncc2c1,OPPDTNXAPSWOGR,1,-1,-1,O=C(Nc1cc2ccc(-c3ccccc3)cc2cn1)C1CC1,train
CHEMBL3685096,Cc1ccc(CO)cc1-c1ccc2cc(NC(=O)C3CC3)ncc2c1,JPGAWVNWKYEBGZ,1,-1,-1,O=C(Nc1cc2ccc(-c3ccccc3)cc2cn1)C1CC1,train
CHEMBL3685097,O=C(Nc1cc2ccc(-c3ccc(F)c(O)c3)cc2cn1)C1CC1,GOVOIXVRIHPBKJ,1,-1,-1,O=C(Nc1cc2ccc(-c3ccccc3)cc2cn1)C1CC1,train
CHEMBL3685098,Cc1ccc(C(N)=O)cc1-c1ccc2cc(NC(=O)C3CC3)ncc2c1,OGXAYNYLHCFWLU,1,-1,-1,O=C(Nc1cc2ccc(-c3ccccc3)cc2cn1)C1CC1,train
CHEMBL3685099,CCNC(=O)Nc1cc2ccc(-c3cc(F)ccc3C)cc2cn1,KAPFMOKQZZOLGQ,1,-1,-1,c1ccc(-c2ccc3ccncc3c2)cc1,train
CHEMBL3685100,Cc1ccc(F)cc1-c1ccc2c(Cl)c(NC(=O)C3CC3)ncc2c1,TXQXOKCPYYYCKC,1,-1,-1,O=C(Nc1cc2ccc(-c3ccccc3)cc2cn1)C1CC1,train
CHEMBL3685101,Cc1ccncc1-c1ccc2cc(NC(=O)C3CC3F)ncc2c1,ZAUJQZWLDBQKEZ,1,-1,-1,O=C(Nc1cc2ccc(-c3cccnc3)cc2cn1)C1CC1,train
CHEMBL3685102,Cc1c[nH]nc1-c1ccc2cc(NC(=O)C3CC3)ncc2c1,JBYDCSARJRKKHB,1,-1,-1,O=C(Nc1cc2ccc(-c3cc[nH]n3)cc2cn1)C1CC1,train
CHEMBL3685103,Cc1ccc(F)cc1-c1ccc2c(Br)c(NC(=O)C3CC3)ncc2c1,ZHXAVWRUPRFBDR,1,-1,-1,O=C(Nc1cc2ccc(-c3ccccc3)cc2cn1)C1CC1,train
CHEMBL3685104,O=C(Nc1cc2ccc(Oc3ccccc3)cc2cn1)C1CC1,FGVNVEHARJRJAU,1,-1,-1,O=C(Nc1cc2ccc(Oc3ccccc3)cc2cn1)C1CC1,train
CHEMBL3685105,O=C(Nc1cc2ccc(Oc3ccccc3Cl)cc2cn1)C1CC1,LULIBUGQDSMGDX,1,-1,-1,O=C(Nc1cc2ccc(Oc3ccccc3)cc2cn1)C1CC1,train
CHEMBL3685106,O=C(Nc1cc2ccc(Oc3cccc(F)c3)cc2cn1)C1CC1,IGUCSICUYZLJOR,1,-1,-1,O=C(Nc1cc2ccc(Oc3ccccc3)cc2cn1)C1CC1,train
CHEMBL3685107,O=C(Nc1cc2ccc(Oc3cccc(Cl)c3)cc2cn1)C1CC1,UQXHIHSYTCZFLA,1,-1,-1,O=C(Nc1cc2ccc(Oc3ccccc3)cc2cn1)C1CC1,train
CHEMBL3685108,O=C(Nc1cc2ccc(Oc3ccc(F)cc3)cc2cn1)C1CC1,BBKWWYOHOJWDFY,1,-1,-1,O=C(Nc1cc2ccc(Oc3ccccc3)cc2cn1)C1CC1,train
CHEMBL3685110,COCCNC(=O)Nc1cc2ccc(-c3cc(F)ccc3C)cc2cn1,QBCCKMQQPJHXPD,1,-1,-1,c1ccc(-c2ccc3ccncc3c2)cc1,train
CHEMBL3685111,Cc1ccc(F)cc1-c1ccc2cc(NC(=O)C3CCNCC3)ncc2c1,DHTYMBJKDKSOPX,1,-1,-1,O=C(Nc1cc2ccc(-c3ccccc3)cc2cn1)C1CCNCC1,train
CHEMBL3685112,Cc1ccc(F)cc1-c1ccc2cc(NC(=O)C3CCN(C)C3)ncc2c1,DDEDFLHHJSCFHE,1,-1,-1,O=C(Nc1cc2ccc(-c3ccccc3)cc2cn1)C1CCNC1,train
CHEMBL3685113,CCN1CCC(C(=O)Nc2cc3ccc(-c4cc(F)ccc4C)cc3cn2)CC1,HKNZRRHXPLWWLE,1,-1,-1,O=C(Nc1cc2ccc(-c3ccccc3)cc2cn1)C1CCNCC1,train
CHEMBL3685115,Cc1ccc(F)cc1-c1ccc2c(F)c(NC(=O)C3CC3)ncc2c1,IXOLODSOOXYIHW,1,-1,-1,O=C(Nc1cc2ccc(-c3ccccc3)cc2cn1)C1CC1,train
CHEMBL3685116,CCNC(=O)Nc1ncc2cc(-c3cc(F)ccc3C)ccc2c1Cl,GDRJNULNOYCWCM,1,-1,-1,c1ccc(-c2ccc3ccncc3c2)cc1,train
CHEMBL3685117,CCNC(=O)Nc1ncc2cc(-c3cc(F)ccc3C)ccc2c1F,NRCMTBDSGQAUEW,1,-1,-1,c1ccc(-c2ccc3ccncc3c2)cc1,train
CHEMBL3685119,Cc1ccc(F)cc1-c1ccc2cc(Nc3cc(CO)ccn3)ncc2c1,MJXMHISKCNEGOQ,1,-1,-1,c1ccc(-c2ccc3cc(Nc4ccccn4)ncc3c2)cc1,train
CHEMBL3685120,O=C(Nc1cc2ccc(-c3cnccn3)cc2cn1)C1CC1,KAYFROJUCZIWER,1,-1,-1,O=C(Nc1cc2ccc(-c3cnccn3)cc2cn1)C1CC1,train
CHEMBL3685121,Cc1cnc(-c2ccc3cc(NC(=O)C4CC4)ncc3c2)cn1,BBMUGCIVBKAEGU,1,-1,-1,O=C(Nc1cc2ccc(-c3cnccn3)cc2cn1)C1CC1,train
CHEMBL3685123,Cc1ccc(F)cc1-c1ccc2cc(NC(=O)NC(C)C)ncc2c1,DOYUPXWLUAPSSI,1,-1,-1,c1ccc(-c2ccc3ccncc3c2)cc1,train
CHEMBL3685126,Cc1ncc(-c2ccc3cc(NC(=O)C4CC4)ncc3c2)cc1F,YKFPUVWCWURPGY,1,-1,-1,O=C(Nc1cc2ccc(-c3cccnc3)cc2cn1)C1CC1,train
CHEMBL3685127,Cc1ccc(C(C)(C)O)cc1-c1ccc2cc(NC(=O)C3CC3)ncc2c1,IPQONXMAQVMTJC,1,-1,-1,O=C(Nc1cc2ccc(-c3ccccc3)cc2cn1)C1CC1,train
CHEMBL3685128,COc1cccc(Nc2cc3ccc(-c4cc(F)ccc4C)cc3cn2)n1,BZHBGTRPEKMCCL,1,-1,-1,c1ccc(-c2ccc3cc(Nc4ccccn4)ncc3c2)cc1,train
CHEMBL3685130,Cc1ccc(C)c(-c2ccc3cc(NC(=O)C4CC4)ncc3c2)c1,ZTLHIIDKKZSCBW,1,-1,-1,O=C(Nc1cc2ccc(-c3ccccc3)cc2cn1)C1CC1,train
CHEMBL3685131,Cc1cc(-c2ccc3cc(NC(=O)C4CC4)ncc3c2)ccn1,XEWJHQFDBSEJNB,1,-1,-1,O=C(Nc1cc2ccc(-c3ccncc3)cc2cn1)C1CC1,train
CHEMBL3685132,Cn1ccc(Oc2ccc3cc(NC(=O)C4CC4)ncc3c2)n1,KAZSYKHTMLHQIP,1,-1,-1,O=C(Nc1cc2ccc(Oc3cc[nH]n3)cc2cn1)C1CC1,train
CHEMBL3685133,Cc1ccc(F)cc1-c1ccc2cc(NC(=O)NC3CCOCC3)ncc2c1,YSFPFOOQEAPXAS,1,-1,-1,O=C(Nc1cc2ccc(-c3ccccc3)cc2cn1)NC1CCOCC1,train
CHEMBL3685134,O=C(Nc1cc2ccc(-c3cccc4[nH]ncc34)cc2cn1)C1CC1,JKURHUYWRRJUSD,1,-1,-1,O=C(Nc1cc2ccc(-c3cccc4[nH]ncc34)cc2cn1)C1CC1,train
CHEMBL3685137,Cc1nccnc1-c1ccc2cc(NC(=O)C3CC3)ncc2c1,LCCCUEGUURTFPQ,1,-1,-1,O=C(Nc1cc2ccc(-c3cnccn3)cc2cn1)C1CC1,train
CHEMBL3685138,CC(C)Nc1ccc2cc(NC(=O)C3CC3)ncc2c1,AFEDJHCIOFSNSO,1,-1,-1,O=C(Nc1cc2ccccc2cn1)C1CC1,train
CHEMBL3685139,Cc1ccc(NC(=O)c2ccc(CN3CCN(C)CC3)cc2)cc1-c1ccc2cc(NC(=O)C3CC3)ncc2c1,AHIJWSZQOHIMAS,1,-1,-1,O=C(Nc1cccc(-c2ccc3cc(NC(=O)C4CC4)ncc3c2)c1)c1ccc(CN2CCNCC2)cc1,train
CHEMBL3685140,Cc1ccc(NC(=O)c2ccc(CN3CCN(C)CC3)c(Cl)c2)cc1-c1ccc2cc(NC(=O)C3CC3)ncc2c1,SFPLGZCAHPZDAY,1,-1,-1,O=C(Nc1cccc(-c2ccc3cc(NC(=O)C4CC4)ncc3c2)c1)c1ccc(CN2CCNCC2)cc1,train
CHEMBL3685141,CC(C)COc1ccc2cc(NC(=O)C3CC3)ncc2c1,DXMADLWRRDOOSE,1,-1,-1,O=C(Nc1cc2ccccc2cn1)C1CC1,train
CHEMBL3685142,Cc1ccc(F)cc1-c1ccc2cc(NC(=O)OC(C)C)ncc2c1,MPCHNWRBVGJBED,1,-1,-1,c1ccc(-c2ccc3ccncc3c2)cc1,train
CHEMBL3685143,Nc1cncc(-c2ccc3cc(NC(=O)C4CC4)ncc3c2)c1,DNVLGHPONZRHTO,1,-1,-1,O=C(Nc1cc2ccc(-c3cccnc3)cc2cn1)C1CC1,train
CHEMBL3685144,Nc1cc(-c2ccc3cc(NC(=O)C4CC4)ncc3c2)ccn1,MMGQYZCZIXXUSA,1,-1,-1,O=C(Nc1cc2ccc(-c3ccncc3)cc2cn1)C1CC1,train
CHEMBL3685145,CC(C)=Cc1ccc2cc(NC(=O)C3CC3)ncc2c1,SXXYOARNHDMKNZ,1,-1,-1,O=C(Nc1cc2ccccc2cn1)C1CC1,train
CHEMBL3685146,Cc1cc(Cl)ncc1-c1ccc2cc(NC(=O)C3CC3)ncc2c1,HKNJEQQBOZBONO,1,-1,-1,O=C(Nc1cc2ccc(-c3cccnc3)cc2cn1)C1CC1,train
CHEMBL3685147,O=C(Nc1cc2ccc(-c3cnccc3Cl)cc2cn1)C1CC1,DJLTWWLCRCCXGH,1,-1,-1,O=C(Nc1cc2ccc(-c3cccnc3)cc2cn1)C1CC1,train
CHEMBL3685148,CC(C)Cc1ccc2cc(NC(=O)C3CC3)ncc2c1,ZHRSVMMWEDNZEX,1,-1,-1,O=C(Nc1cc2ccccc2cn1)C1CC1,train
CHEMBL3685149,Cn1ncc2c(-c3ccc4cc(NC(=O)C5CC5)ncc4c3)cccc21,VDZFOKTZABDMRV,1,-1,-1,O=C(Nc1cc2ccc(-c3cccc4[nH]ncc34)cc2cn1)C1CC1,train
CHEMBL3685150,O=C1Cc2c(cccc2-c2ccc3cc(NC(=O)C4CC4)ncc3c2)N1,XBXYJNVDIOQSHF,1,-1,-1,O=C1Cc2c(cccc2-c2ccc3cc(NC(=O)C4CC4)ncc3c2)N1,train
CHEMBL3685151,Cc1ccc(F)cc1-c1ccc2cc(NC(=O)C3CC3c3ccccc3)ncc2c1,JWWCMICUHVKSSU,1,-1,-1,O=C(Nc1cc2ccc(-c3ccccc3)cc2cn1)C1CC1c1ccccc1,train
CHEMBL3685152,Cc1cc(CO)cc(Nc2cc3ccc(-c4cc(F)ccc4C)cc3cn2)n1,SFAMJFCDXZDVKN,1,-1,-1,c1ccc(-c2ccc3cc(Nc4ccccn4)ncc3c2)cc1,train
CHEMBL3685153,Cc1cc(C(C)(C)O)cc(Nc2cc3ccc(-c4cc(F)ccc4C)cc3cn2)n1,VITQLWFDDMWUOS,1,-1,-1,c1ccc(-c2ccc3cc(Nc4ccccn4)ncc3c2)cc1,train
CHEMBL3685154,Cc1cc(N)ncc1-c1ccc2cc(NC(=O)C3CC3)ncc2c1,GNPHAZATVBAUTM,1,-1,-1,O=C(Nc1cc2ccc(-c3cccnc3)cc2cn1)C1CC1,train
CHEMBL3685155,Cc1ccncc1-c1ccc2cc(Nc3cc(CO)ccn3)ncc2c1,DBMYDXZBGMGPNE,1,-1,-1,c1ccc(Nc2cc3ccc(-c4cccnc4)cc3cn2)nc1,train
CHEMBL3685156,Cc1ncc(CO)cc1-c1ccc2cc(NC(=O)C3CC3)ncc2c1,UYFKVUDXPPBSNI,1,-1,-1,O=C(Nc1cc2ccc(-c3cccnc3)cc2cn1)C1CC1,train
CHEMBL3685157,COc1ccc2cc(NC(=O)C3CC3)ncc2c1,MYLORPHKQFZJID,1,-1,-1,O=C(Nc1cc2ccccc2cn1)C1CC1,train
CHEMBL3685158,C[C@@H](CO)Oc1ccc2cc(NC(=O)C3CC3)ncc2c1,VYVBIQYZCBIUEY,1,-1,-1,O=C(Nc1cc2ccccc2cn1)C1CC1,train
CHEMBL3685159,CC(C)(CO)Oc1ccc2cc(NC(=O)C3CC3)ncc2c1,TTXRSZTUJKVNSM,1,-1,-1,O=C(Nc1cc2ccccc2cn1)C1CC1,train
CHEMBL3685160,Cc1ccc(C(C)O)cc1-c1ccc2cc(NC(=O)C3CC3)ncc2c1,LWGDHQMVWAURIP,1,-1,-1,O=C(Nc1cc2ccc(-c3ccccc3)cc2cn1)C1CC1,train
CHEMBL3685161,O=C(Nc1cc2ccc(-c3cccc(CO)c3)cc2cn1)C1CC1,WAVQTBRBDYGQSJ,1,-1,-1,O=C(Nc1cc2ccc(-c3ccccc3)cc2cn1)C1CC1,train
CHEMBL3685162,O=C(Nc1cc2ccc(-c3cc(CO)ccc3Cl)cc2cn1)C1CC1,AAKVCHBQVYHBAI,1,-1,-1,O=C(Nc1cc2ccc(-c3ccccc3)cc2cn1)C1CC1,train
CHEMBL3685163,O=C(Nc1cc2ccc(-c3cc(CO)ccc3F)cc2cn1)C1CC1,PAUYVUICCGGMJK,1,-1,-1,O=C(Nc1cc2ccc(-c3ccccc3)cc2cn1)C1CC1,train
CHEMBL3685164,CCOc1ccc2cc(NC(=O)C3CC3)ncc2c1,LCKAZURGBSUWHW,1,-1,-1,O=C(Nc1cc2ccccc2cn1)C1CC1,train
CHEMBL3685165,O=C(Nc1cc2ccc(OCCO)cc2cn1)C1CC1,ZDYWOXWREXEEMO,1,-1,-1,O=C(Nc1cc2ccccc2cn1)C1CC1,train
CHEMBL3685166,CC(CO)Cc1ccc2cc(NC(=O)C3CC3)ncc2c1,OHDAQYLVBQIISH,1,-1,-1,O=C(Nc1cc2ccccc2cn1)C1CC1,train
CHEMBL3685167,C[C@H](CO)Oc1ccc2cc(NC(=O)C3CC3)ncc2c1,VYVBIQYZCBIUEY,1,-1,-1,O=C(Nc1cc2ccccc2cn1)C1CC1,train
CHEMBL3685168,COC[C@H](C)Oc1ccc2cc(NC(=O)C3CC3)ncc2c1,KPTCSPNLFCRABU,1,-1,-1,O=C(Nc1cc2ccccc2cn1)C1CC1,train
CHEMBL3685169,Cc1ccc(F)cc1-c1ccc2cc(NC(=O)C3C[C@@H]3C)ncc2c1,BKDVILNWHYFSDN,1,-1,-1,O=C(Nc1cc2ccc(-c3ccccc3)cc2cn1)C1CC1,train
CHEMBL3685170,Cc1ccc(F)cc1-c1ccc2cc(NC(=O)C3C[C@H]3C)ncc2c1,BKDVILNWHYFSDN,1,-1,-1,O=C(Nc1cc2ccc(-c3ccccc3)cc2cn1)C1CC1,train
CHEMBL3685172,O=C(Nc1cc2ccc(-c3cccnc3CO)cc2cn1)C1CC1,MEQSHNONPDKEST,1,-1,-1,O=C(Nc1cc2ccc(-c3cccnc3)cc2cn1)C1CC1,train
CHEMBL3685173,Cc1cc(C(=O)Nc2ccc(C)c(-c3ccc4cc(NC(=O)C5CC5)ncc4c3)c2)ccn1,BSJBORQAKJLNPL,1,-1,-1,O=C(Nc1cccc(-c2ccc3cc(NC(=O)C4CC4)ncc3c2)c1)c1ccncc1,train
CHEMBL3685174,Cc1ccc(NC(=O)C2CCOCC2)cc1-c1ccc2cc(NC(=O)C3CC3)ncc2c1,NDEMINNZPGRSCE,1,-1,-1,O=C(Nc1cccc(-c2ccc3cc(NC(=O)C4CC4)ncc3c2)c1)C1CCOCC1,train
CHEMBL3685175,Cc1ccc(NC(=O)c2cccc(C(F)(F)F)c2)cc1-c1ccc2cc(NC(=O)C3CC3)ncc2c1,ZOVAXVYMZMRSJU,1,-1,-1,O=C(Nc1cccc(-c2ccc3cc(NC(=O)C4CC4)ncc3c2)c1)c1ccccc1,train
CHEMBL3685177,Cc1ccc(NC(=O)c2ccc(CN(C)C)cc2)cc1-c1ccc2cc(NC(=O)C3CC3)ncc2c1,BSUVWQXRZDHLFO,1,-1,-1,O=C(Nc1cccc(-c2ccc3cc(NC(=O)C4CC4)ncc3c2)c1)c1ccccc1,train
CHEMBL3685178,Cc1c(N)cncc1-c1ccc2cc(NC(=O)C3CC3)ncc2c1,LTRWEJFGLYDZMJ,1,-1,-1,O=C(Nc1cc2ccc(-c3cccnc3)cc2cn1)C1CC1,train
CHEMBL3685179,Cc1c(O)cncc1-c1ccc2cc(NC(=O)C3CC3)ncc2c1,PPRGYPQAEDMVCJ,1,-1,-1,O=C(Nc1cc2ccc(-c3cccnc3)cc2cn1)C1CC1,train
CHEMBL3685180,Cc1cc(CO)ncc1-c1ccc2cc(NC(=O)C3CC3)ncc2c1,DZGNQTIIEFDOMN,1,-1,-1,O=C(Nc1cc2ccc(-c3cccnc3)cc2cn1)C1CC1,train
CHEMBL3685181,Cc1ccnc(CO)c1-c1ccc2cc(NC(=O)C3CC3)ncc2c1,FMCNJEWIGMRIMB,1,-1,-1,O=C(Nc1cc2ccc(-c3cccnc3)cc2cn1)C1CC1,train
CHEMBL3685182,O=C(Nc1cc2ccc(N3CCC(O)C3)cc2cn1)C1CC1,ONUNOOGKYPRZDG,1,-1,-1,O=C(Nc1cc2ccc(N3CCCC3)cc2cn1)C1CC1,train
CHEMBL3685183,NCc1cccc(-c2ccc3cc(NC(=O)C4CC4)ncc3c2)c1,MDBVZTFIVLWGDQ,1,-1,-1,O=C(Nc1cc2ccc(-c3ccccc3)cc2cn1)C1CC1,train
CHEMBL3685184,Cc1c(CO)cncc1-c1ccc2cc(NC(=O)C3CC3)ncc2c1,VCYDROHQLPAYQX,1,-1,-1,O=C(Nc1cc2ccc(-c3cccnc3)cc2cn1)C1CC1,train
CHEMBL3685185,CC(C)(C)Oc1ccc2cc(NC(=O)C3CC3)ncc2c1,KIJVLZLFJNILEW,1,-1,-1,O=C(Nc1cc2ccccc2cn1)C1CC1,train
CHEMBL3685186,Cc1ccc(NC(=O)c2ccc(C(C)N(C)C)cc2)cc1-c1ccc2cc(NC(=O)C3CC3)ncc2c1,KETKUILYCSNHBK,1,-1,-1,O=C(Nc1cccc(-c2ccc3cc(NC(=O)C4CC4)ncc3c2)c1)c1ccccc1,train
CHEMBL3685187,Cc1ccncc1-c1ccc2cc(Nc3cccc(CO)n3)ncc2c1,BYDLBOFYBRXPRU,1,-1,-1,c1ccc(Nc2cc3ccc(-c4cccnc4)cc3cn2)nc1,train
CHEMBL3685188,COC[C@@H](C)Oc1ccc2cc(NC(=O)C3CC3)ncc2c1,KPTCSPNLFCRABU,1,-1,-1,O=C(Nc1cc2ccccc2cn1)C1CC1,train
CHEMBL3685189,C[C@H](CCO)Oc1ccc2cc(NC(=O)C3CC3)ncc2c1,AZVVAMVNOBVYEO,1,-1,-1,O=C(Nc1cc2ccccc2cn1)C1CC1,train
CHEMBL3685191,O=C(Nc1cc2ccc(-c3cnccc3CO)cc2cn1)C1CC1,ICAPSJXNOGXIGH,1,-1,-1,O=C(Nc1cc2ccc(-c3cccnc3)cc2cn1)C1CC1,train
CHEMBL3685192,C[C@H](CNC(=O)c1ccc(CN2CCN(C)CC2)cc1)Cc1ccc2cc(NC(=O)C3CC3)ncc2c1,OEHCIBWJPZUGDE,1,-1,-1,O=C(NCCCc1ccc2cc(NC(=O)C3CC3)ncc2c1)c1ccc(CN2CCNCC2)cc1,train
CHEMBL3685193,C[C@@H](CNC(=O)c1ccc(CN2CCN(C)CC2)cc1)Cc1ccc2cc(NC(=O)C3CC3)ncc2c1,OEHCIBWJPZUGDE,1,-1,-1,O=C(NCCCc1ccc2cc(NC(=O)C3CC3)ncc2c1)c1ccc(CN2CCNCC2)cc1,train
CHEMBL3685194,C[C@@H](CCO)Oc1ccc2cc(NC(=O)C3CC3)ncc2c1,AZVVAMVNOBVYEO,1,-1,-1,O=C(Nc1cc2ccccc2cn1)C1CC1,train
CHEMBL3685195,O=C(Nc1ccc(Cl)c(-c2ccc3cc(NC(=O)C4CC4)ncc3c2)c1)C1CCOCC1,CNASXCWNTGTRIG,1,-1,-1,O=C(Nc1cccc(-c2ccc3cc(NC(=O)C4CC4)ncc3c2)c1)C1CCOCC1,train
CHEMBL3685196,O=C(Nc1ccc(F)c(-c2ccc3cc(NC(=O)C4CC4)ncc3c2)c1)C1CCOCC1,VIUYSDUERHGABL,1,-1,-1,O=C(Nc1cccc(-c2ccc3cc(NC(=O)C4CC4)ncc3c2)c1)C1CCOCC1,train
CHEMBL3685198,Cc1ccc(NC(=O)[C@H]2CCCO2)cc1-c1ccc2cc(NC(=O)C3CC3)ncc2c1,YOKTVDSUNBHKOQ,1,-1,-1,O=C(Nc1cc2ccc(-c3cccc(NC(=O)C4CCCO4)c3)cc2cn1)C1CC1,train
CHEMBL3685199,Cc1ccc(NC(=O)[C@@H]2CCCO2)cc1-c1ccc2cc(NC(=O)C3CC3)ncc2c1,YOKTVDSUNBHKOQ,1,-1,-1,O=C(Nc1cc2ccc(-c3cccc(NC(=O)C4CCCO4)c3)cc2cn1)C1CC1,train
CHEMBL3689538,CN1CCN(Cc2ccc(C(=O)Nc3ccc(F)c(-c4ccc5cc(NC(=O)C6CC6)ncc5c4)c3)cc2)CC1,JEIXPJRASSVARG,1,-1,-1,O=C(Nc1cccc(-c2ccc3cc(NC(=O)C4CC4)ncc3c2)c1)c1ccc(CN2CCNCC2)cc1,train
CHEMBL3689539,CN1CCN(Cc2ccc(C(=O)Nc3ccc(Cl)c(-c4ccc5cc(NC(=O)C6CC6)ncc5c4)c3)cc2)CC1,SKQONWVDCNGVHE,1,-1,-1,O=C(Nc1cccc(-c2ccc3cc(NC(=O)C4CC4)ncc3c2)c1)c1ccc(CN2CCNCC2)cc1,train
CHEMBL3689540,Cc1ccc(NC(=O)C2CCC2)cc1-c1ccc2cc(NC(=O)C3CC3)ncc2c1,COBCLXOADZOQNH,1,-1,-1,O=C(Nc1cccc(-c2ccc3cc(NC(=O)C4CC4)ncc3c2)c1)C1CCC1,train
CHEMBL3689541,C[C@H](CO)Cc1ccc2cc(NC(=O)C3CC3)ncc2c1,OHDAQYLVBQIISH,1,-1,-1,O=C(Nc1cc2ccccc2cn1)C1CC1,train
CHEMBL3689542,C[C@@H](CO)Cc1ccc2cc(NC(=O)C3CC3)ncc2c1,OHDAQYLVBQIISH,1,-1,-1,O=C(Nc1cc2ccccc2cn1)C1CC1,train
CHEMBL3689543,Cc1ccc(NC(=O)C2CCOC2)cc1-c1ccc2cc(NC(=O)C3CC3)ncc2c1,ROUKOTHIYUQBSA,1,-1,-1,O=C(Nc1cccc(-c2ccc3cc(NC(=O)C4CC4)ncc3c2)c1)C1CCOC1,train
CHEMBL3689544,Cc1cc(C(C)(C)O)ncc1-c1ccc2cc(NC(=O)C3CC3)ncc2c1,AMHARFPWEABOCW,1,-1,-1,O=C(Nc1cc2ccc(-c3cccnc3)cc2cn1)C1CC1,train
CHEMBL3689545,CNC(=O)c1cc(C)c(-c2ccc3cc(NC(=O)C4CC4)ncc3c2)cn1,URIOXVSWIXONNV,1,-1,-1,O=C(Nc1cc2ccc(-c3cccnc3)cc2cn1)C1CC1,train
CHEMBL3689546,Cc1ccc(NC(=O)N2CCOCC2)cc1-c1ccc2cc(NC(=O)C3CC3)ncc2c1,HUBXBUOZYMNBHL,1,-1,-1,O=C(Nc1cc2ccc(-c3cccc(NC(=O)N4CCOCC4)c3)cc2cn1)C1CC1,train
CHEMBL3689547,Cc1ccc(NC(=O)C2CN(C)CCO2)cc1-c1ccc2cc(NC(=O)C3CC3)ncc2c1,FMYZYMZLTNSQMW,1,-1,-1,O=C(Nc1cc2ccc(-c3cccc(NC(=O)C4CNCCO4)c3)cc2cn1)C1CC1,train
CHEMBL3689548,Cc1ccc(NC(=O)N2CCCC2)cc1-c1ccc2cc(NC(=O)C3CC3)ncc2c1,OMEPDKPBROMBIH,1,-1,-1,O=C(Nc1cc2ccc(-c3cccc(NC(=O)N4CCCC4)c3)cc2cn1)C1CC1,train
CHEMBL3689549,Cc1ccc(NC(=O)N2CCOC(CO)C2)cc1-c1ccc2cc(NC(=O)C3CC3)ncc2c1,UFLBJYGCWWASSV,1,-1,-1,O=C(Nc1cc2ccc(-c3cccc(NC(=O)N4CCOCC4)c3)cc2cn1)C1CC1,train
CHEMBL3689550,CC(C)Sc1ccc2cc(NC(=O)C3CC3)ncc2c1,PIGYIXQDQYDDKP,1,-1,-1,O=C(Nc1cc2ccccc2cn1)C1CC1,train
CHEMBL3689551,CC(C)[S+]([O-])c1ccc2cc(NC(=O)C3CC3)ncc2c1,IEXDQZJCDPSHJI,1,-1,-1,O=C(Nc1cc2ccccc2cn1)C1CC1,train
CHEMBL3689552,CC(C)S(=O)(=O)c1ccc2cc(NC(=O)C3CC3)ncc2c1,KSAMDFSXJGHOJC,1,-1,-1,O=C(Nc1cc2ccccc2cn1)C1CC1,train
CHEMBL3689553,O=C(Nc1cc2ccc(-c3cnccc3C(F)(F)F)cc2cn1)C1CC1,JPUZLHAHIDATHF,1,-1,-1,O=C(Nc1cc2ccc(-c3cccnc3)cc2cn1)C1CC1,train
CHEMBL3689554,Cc1c(-c2ccc3cc(NC(=O)C4CC4)ncc3c2)cnc(CO)c1F,GLUGUUHXZDUMOL,1,-1,-1,O=C(Nc1cc2ccc(-c3cccnc3)cc2cn1)C1CC1,train
CHEMBL3689555,COc1cc(C)c(-c2ccc3cc(NC(=O)C4CC4)ncc3c2)cn1,VJCOHBOMJQNYLY,1,-1,-1,O=C(Nc1cc2ccc(-c3cccnc3)cc2cn1)C1CC1,train
CHEMBL3689556,O=C(Nc1cc2ccc(OC3COC[C@@H]3O)cc2cn1)C1CC1,UHXWQRJLJDTKDQ,1,-1,-1,O=C(Nc1cc2ccc(OC3CCOC3)cc2cn1)C1CC1,train
CHEMBL3689557,O=C(Nc1cc2ccc(OC3COC[C@H]3O)cc2cn1)C1CC1,UHXWQRJLJDTKDQ,1,-1,-1,O=C(Nc1cc2ccc(OC3CCOC3)cc2cn1)C1CC1,train
CHEMBL3689560,Cc1nc(N)ncc1-c1ccc2cc(NC(=O)C3CC3)ncc2c1,WCWAUISFUISMIF,1,-1,-1,O=C(Nc1cc2ccc(-c3cncnc3)cc2cn1)C1CC1,train
CHEMBL3689561,Cc1c(NC(=O)C2CCOCC2)cncc1-c1ccc2cc(NC(=O)C3CC3)ncc2c1,NGOYUTUOMRLHIE,1,-1,-1,O=C(Nc1cncc(-c2ccc3cc(NC(=O)C4CC4)ncc3c2)c1)C1CCOCC1,train
CHEMBL3689562,Cc1ccncc1-c1ccc2cc(N)ncc2c1,PGRUVSWBGYRKOS,1,-1,-1,c1cncc(-c2ccc3ccncc3c2)c1,train
CHEMBL3689563,CC[C@@H](O)c1cc(C)c(-c2ccc3cc(NC(=O)C4CC4)ncc3c2)cn1,ZVFYUIBNLRHUCH,1,-1,-1,O=C(Nc1cc2ccc(-c3cccnc3)cc2cn1)C1CC1,train
CHEMBL3689564,CC[C@H](O)c1cc(C)c(-c2ccc3cc(NC(=O)C4CC4)ncc3c2)cn1,ZVFYUIBNLRHUCH,1,-1,-1,O=C(Nc1cc2ccc(-c3cccnc3)cc2cn1)C1CC1,train
CHEMBL3689566,Cc1ncc(N)cc1-c1ccc2cc(NC(=O)C3CC3)ncc2c1,MICNYVBLERQWLL,1,-1,-1,O=C(Nc1cc2ccc(-c3cccnc3)cc2cn1)C1CC1,train
CHEMBL3689567,Cc1cc([C@@H](C)O)ncc1-c1ccc2cc(NC(=O)C3CC3)ncc2c1,GUWOFQJDSDHCOO,1,-1,-1,O=C(Nc1cc2ccc(-c3cccnc3)cc2cn1)C1CC1,train
CHEMBL3689568,Cc1cc([C@H](C)O)ncc1-c1ccc2cc(NC(=O)C3CC3)ncc2c1,GUWOFQJDSDHCOO,1,-1,-1,O=C(Nc1cc2ccc(-c3cccnc3)cc2cn1)C1CC1,train
CHEMBL3689570,O=C(Nc1cc2ccc(OC3CCCC[C@H]3O)cc2cn1)C1CC1,AJMMLIAKOKIMHO,1,-1,-1,O=C(Nc1cc2ccc(OC3CCCCC3)cc2cn1)C1CC1,train
CHEMBL3689571,O=C(Nc1cc2ccc(OC3CCCC[C@@H]3O)cc2cn1)C1CC1,AJMMLIAKOKIMHO,1,-1,-1,O=C(Nc1cc2ccc(OC3CCCCC3)cc2cn1)C1CC1,train
CHEMBL3689572,Cc1ncc(NC(=O)C2CCOCC2)cc1-c1ccc2cc(NC(=O)C3CC3)ncc2c1,NQHIUDGJCDRJTP,1,-1,-1,O=C(Nc1cncc(-c2ccc3cc(NC(=O)C4CC4)ncc3c2)c1)C1CCOCC1,train
CHEMBL3689573,O=C(Nc1cc2ccc(NCCO)cc2cn1)C1CC1,LLDWONNBZGRZFD,1,-1,-1,O=C(Nc1cc2ccccc2cn1)C1CC1,train
CHEMBL3689574,Cc1ccc2[nH]ncc2c1-c1ccc2cc(NC(=O)C3CC3)ncc2c1,NNRHKWUPNDZNRT,1,-1,-1,O=C(Nc1cc2ccc(-c3cccc4[nH]ncc34)cc2cn1)C1CC1,train
CHEMBL3689575,Cc1ncc2[nH]ncc2c1-c1ccc2cc(NC(=O)C3CC3)ncc2c1,NKSGNMVUYWBPFF,1,-1,-1,O=C(Nc1cc2ccc(-c3cncc4[nH]ncc34)cc2cn1)C1CC1,train
CHEMBL3689577,Cc1ccncc1-c1ccc2cc(NC(=O)[C@H]3C[C@H]3F)ncc2c1,ZAUJQZWLDBQKEZ,1,-1,-1,O=C(Nc1cc2ccc(-c3cccnc3)cc2cn1)C1CC1,train
CHEMBL3689578,Cc1ccncc1-c1ccc2cc(NC(=O)[C@@H]3C[C@@H]3F)ncc2c1,ZAUJQZWLDBQKEZ,1,-1,-1,O=C(Nc1cc2ccc(-c3cccnc3)cc2cn1)C1CC1,train
CHEMBL3689580,Cc1cnc(F)cc1-c1ccc2cc(NC(=O)C3CC3)ncc2c1,IIDUBQLXIITGNI,1,-1,-1,O=C(Nc1cc2ccc(-c3ccncc3)cc2cn1)C1CC1,train
CHEMBL3689581,Cc1cc(-c2ccc3cc(NC(=O)C4CC4)ncc3c2)c(C)cn1,CYYRBNJCGPHNCS,1,-1,-1,O=C(Nc1cc2ccc(-c3ccncc3)cc2cn1)C1CC1,train
CHEMBL3689582,Cc1ccc(C(=O)NC2CCOCC2)cc1-c1ccc2cc(NC(=O)C3CC3)ncc2c1,LQLBXPFIRYGTME,1,-1,-1,O=C(NC1CCOCC1)c1cccc(-c2ccc3cc(NC(=O)C4CC4)ncc3c2)c1,train
CHEMBL3689583,O=C(Nc1cc2ccc(-c3cncc4[nH]ncc34)cc2cn1)C1CC1,FSXSZOBAXJRYDB,1,-1,-1,O=C(Nc1cc2ccc(-c3cncc4[nH]ncc34)cc2cn1)C1CC1,train
CHEMBL3689584,Cc1ccc(F)cc1-c1ccc2cc(NC(=O)C3CC3c3ccc(CN(C)C)cc3)ncc2c1,ZYWSRYSSGZKYSV,1,-1,-1,O=C(Nc1cc2ccc(-c3ccccc3)cc2cn1)C1CC1c1ccccc1,train
CHEMBL3689585,COCC(=O)Nc1ccc(C)c(-c2ccc3cc(NC(=O)C4CC4)ncc3c2)c1,ZOKREJGPWBOHKW,1,-1,-1,O=C(Nc1cc2ccc(-c3ccccc3)cc2cn1)C1CC1,train
CHEMBL3689586,CO[C@H](C)C(=O)Nc1ccc(C)c(-c2ccc3cc(NC(=O)C4CC4)ncc3c2)c1,CBRPGHMVZUMORA,1,-1,-1,O=C(Nc1cc2ccc(-c3ccccc3)cc2cn1)C1CC1,train
CHEMBL3689587,CO[C@@H](C)C(=O)Nc1ccc(C)c(-c2ccc3cc(NC(=O)C4CC4)ncc3c2)c1,CBRPGHMVZUMORA,1,-1,-1,O=C(Nc1cc2ccc(-c3ccccc3)cc2cn1)C1CC1,train
CHEMBL3689590,COC(C)(C)C(=O)Nc1ccc(C)c(-c2ccc3cc(NC(=O)C4CC4)ncc3c2)c1,WXNYFVBWOQBXHW,1,-1,-1,O=C(Nc1cc2ccc(-c3ccccc3)cc2cn1)C1CC1,train
CHEMBL3689591,Cc1ccc(C(=O)NC2COC2)cc1-c1ccc2cc(NC(=O)C3CC3)ncc2c1,VQPHWWDDRJEBKZ,1,-1,-1,O=C(NC1COC1)c1cccc(-c2ccc3cc(NC(=O)C4CC4)ncc3c2)c1,train
CHEMBL3689593,CCS(=O)(=O)Nc1ccc(C)c(-c2ccc3cc(NC(=O)C4CC4)ncc3c2)c1,MREPUGARIHJQHJ,1,-1,-1,O=C(Nc1cc2ccc(-c3ccccc3)cc2cn1)C1CC1,train
CHEMBL3689594,Cc1ccc(NC(=O)C2(O)CCC2)cc1-c1ccc2cc(NC(=O)C3CC3)ncc2c1,KFYMUIABJNFZCN,1,-1,-1,O=C(Nc1cccc(-c2ccc3cc(NC(=O)C4CC4)ncc3c2)c1)C1CCC1,train
CHEMBL3689596,Cc1cc([C@H](O)C(F)(F)F)ncc1-c1ccc2cc(NC(=O)C3CC3)ncc2c1,MGAKERYLYVGEOF,1,-1,-1,O=C(Nc1cc2ccc(-c3cccnc3)cc2cn1)C1CC1,train
CHEMBL3689597,Cc1cc([C@@H](O)C(F)(F)F)ncc1-c1ccc2cc(NC(=O)C3CC3)ncc2c1,MGAKERYLYVGEOF,1,-1,-1,O=C(Nc1cc2ccc(-c3cccnc3)cc2cn1)C1CC1,train
CHEMBL3689598,COc1ccncc1-c1ccc2cc(NC(=O)C3CC3)ncc2c1,BFRPJEZRSVZJTK,1,-1,-1,O=C(Nc1cc2ccc(-c3cccnc3)cc2cn1)C1CC1,train
CHEMBL3689601,Cc1ccc(NC(=O)N2CCS(=O)(=O)CC2)cc1-c1ccc2cc(NC(=O)C3CC3)ncc2c1,XTKWRNHXJJYHNT,1,-1,-1,O=C(Nc1cc2ccc(-c3cccc(NC(=O)N4CCS(=O)(=O)CC4)c3)cc2cn1)C1CC1,train
CHEMBL3689602,Cc1ccc(NC(=O)N2CCC[C@@H]2CO)cc1-c1ccc2cc(NC(=O)C3CC3)ncc2c1,CQYLIOOJNGSRHH,1,-1,-1,O=C(Nc1cc2ccc(-c3cccc(NC(=O)N4CCCC4)c3)cc2cn1)C1CC1,train
CHEMBL3689603,Cc1ccc(NC(=O)N2CCC[C@H]2CO)cc1-c1ccc2cc(NC(=O)C3CC3)ncc2c1,CQYLIOOJNGSRHH,1,-1,-1,O=C(Nc1cc2ccc(-c3cccc(NC(=O)N4CCCC4)c3)cc2cn1)C1CC1,train
CHEMBL3689604,Cc1ccc(NC(=O)N2CC[C@@H](O)C2)cc1-c1ccc2cc(NC(=O)C3CC3)ncc2c1,BUSXOZOSXGTNSE,1,-1,-1,O=C(Nc1cc2ccc(-c3cccc(NC(=O)N4CCCC4)c3)cc2cn1)C1CC1,train
CHEMBL3689605,Cc1ccc(NC(=O)N2CC[C@H](O)C2)cc1-c1ccc2cc(NC(=O)C3CC3)ncc2c1,BUSXOZOSXGTNSE,1,-1,-1,O=C(Nc1cc2ccc(-c3cccc(NC(=O)N4CCCC4)c3)cc2cn1)C1CC1,train
CHEMBL3689606,Cc1ncc(O)cc1-c1ccc2cc(NC(=O)C3CC3)ncc2c1,HSGDLDHOLLJVSR,1,-1,-1,O=C(Nc1cc2ccc(-c3cccnc3)cc2cn1)C1CC1,train
CHEMBL3689607,Cc1ccncc1-c1ccc2cc(NC(=O)C3CC3(F)F)ncc2c1,DMUUIELIZUQQGM,1,-1,-1,O=C(Nc1cc2ccc(-c3cccnc3)cc2cn1)C1CC1,train
CHEMBL3689608,Cc1ccncc1-c1ccc2cc(NC(=O)C3C[C@H]3F)ncc2c1,ZAUJQZWLDBQKEZ,1,-1,-1,O=C(Nc1cc2ccc(-c3cccnc3)cc2cn1)C1CC1,train
CHEMBL3689609,Cc1ccncc1-c1ccc2cc(NC(=O)C3C[C@@H]3F)ncc2c1,ZAUJQZWLDBQKEZ,1,-1,-1,O=C(Nc1cc2ccc(-c3cccnc3)cc2cn1)C1CC1,train
CHEMBL3689610,Cc1ccc(C(=O)NC2(C)CCC2)cc1-c1ccc2cc(NC(=O)C3CC3)ncc2c1,GUZPHYLYVCKKNK,1,-1,-1,O=C(NC1CCC1)c1cccc(-c2ccc3cc(NC(=O)C4CC4)ncc3c2)c1,train
CHEMBL3689612,Cc1ccc(C(=O)NC2CCCC2)cc1-c1ccc2cc(NC(=O)C3CC3)ncc2c1,FAVNHLBBUNRLAL,1,-1,-1,O=C(NC1CCCC1)c1cccc(-c2ccc3cc(NC(=O)C4CC4)ncc3c2)c1,train
CHEMBL3689614,COCCNC(=O)c1ccc(C)c(-c2ccc3cc(NC(=O)C4CC4)ncc3c2)c1,XNIWSMFIBNKKLN,1,-1,-1,O=C(Nc1cc2ccc(-c3ccccc3)cc2cn1)C1CC1,train
CHEMBL3689615,Cc1ccc(C(=O)NC(C)(C)CO)cc1-c1ccc2cc(NC(=O)C3CC3)ncc2c1,AEAKUTLWKRVNAP,1,-1,-1,O=C(Nc1cc2ccc(-c3ccccc3)cc2cn1)C1CC1,train
CHEMBL3689618,Cc1cncc(C)c1-c1ccc2cc(NC(=O)C3CC3)ncc2c1,MVASNTODXNQBAT,1,-1,-1,O=C(Nc1cc2ccc(-c3ccncc3)cc2cn1)C1CC1,train
CHEMBL3689619,Cc1ccncc1-c1ccc2c(C#N)c(N)ncc2c1,KQTWYAIVSGXGBQ,1,-1,-1,c1cncc(-c2ccc3ccncc3c2)c1,train
CHEMBL3689620,Cc1ccncc1-c1ccc2c(C#N)c(NC(=O)C3CC3)ncc2c1,XXZGCHXUIAKYFB,1,-1,-1,O=C(Nc1cc2ccc(-c3cccnc3)cc2cn1)C1CC1,train
CHEMBL3689621,Cc1cc(C(=O)O)ncc1-c1ccc2cc(NC(=O)C3CC3)ncc2c1,KTODOJCZZWDEPR,1,-1,-1,O=C(Nc1cc2ccc(-c3cccnc3)cc2cn1)C1CC1,train
CHEMBL3689622,Cc1ccc(F)cc1-c1ccc2cc(C(=O)NC3CCC3)ncc2c1,PWMDLECWQRELMA,1,-1,-1,O=C(NC1CCC1)c1cc2ccc(-c3ccccc3)cc2cn1,train
CHEMBL3689623,Cc1c(F)cc(C(=O)NC2COC2)cc1-c1ccc2cc(NC(=O)C3CC3)ncc2c1,XWGFKFXLSYBZBS,1,-1,-1,O=C(NC1COC1)c1cccc(-c2ccc3cc(NC(=O)C4CC4)ncc3c2)c1,train
CHEMBL3689624,Cc1ccc(C(=O)NC2COC2)c(F)c1-c1ccc2cc(NC(=O)C3CC3)ncc2c1,LOMZCQGIVNWXOZ,1,-1,-1,O=C(NC1COC1)c1cccc(-c2ccc3cc(NC(=O)C4CC4)ncc3c2)c1,train
CHEMBL3689625,Cc1ccc(C(=O)NC2CCOCC2)c(F)c1-c1ccc2cc(NC(=O)C3CC3)ncc2c1,WPEVYSPLVDZIAT,1,-1,-1,O=C(NC1CCOCC1)c1cccc(-c2ccc3cc(NC(=O)C4CC4)ncc3c2)c1,train
CHEMBL3689626,Cc1c(F)cc(NC(=O)C2CCC2)cc1-c1ccc2cc(NC(=O)C3CC3)ncc2c1,RGWFWYOEZNZTNQ,1,-1,-1,O=C(Nc1cccc(-c2ccc3cc(NC(=O)C4CC4)ncc3c2)c1)C1CCC1,train
CHEMBL3689627,Cc1cc(C(C)(C)O)ccc1-c1ccc2cc(NC(=O)C3CC3)ncc2c1,PIUOKQXUOGNNFJ,1,-1,-1,O=C(Nc1cc2ccc(-c3ccccc3)cc2cn1)C1CC1,train
CHEMBL3689628,Cc1ccc(NC(=O)C2CCC2)c(F)c1-c1ccc2cc(NC(=O)C3CC3)ncc2c1,KUXJYRWVDPRJJZ,1,-1,-1,O=C(Nc1cccc(-c2ccc3cc(NC(=O)C4CC4)ncc3c2)c1)C1CCC1,train
CHEMBL3689629,Cc1ccc(C(=O)NC2(C)COC2)cc1-c1ccc2cc(NC(=O)C3CC3)ncc2c1,TUWVOYNQIYKUSZ,1,-1,-1,O=C(NC1COC1)c1cccc(-c2ccc3cc(NC(=O)C4CC4)ncc3c2)c1,train
CHEMBL3689630,Cc1ccc(C(=O)NC2(C)COC2)cc1-c1ccc2cc(NC(=O)[C@@H]3C[C@@H]3F)ncc2c1,ZZGWUOONBJAZLX,1,-1,-1,O=C(NC1COC1)c1cccc(-c2ccc3cc(NC(=O)C4CC4)ncc3c2)c1,train
CHEMBL3689631,Cc1cc([C@H](O)C(F)(F)F)ncc1-c1ccc2cc(NC(=O)C3C[C@@H]3F)ncc2c1,LTXJULOSIPKSDB,1,-1,-1,O=C(Nc1cc2ccc(-c3cccnc3)cc2cn1)C1CC1,train
CHEMBL3689632,Cc1cc([C@@H](O)C(F)(F)F)ncc1-c1ccc2cc(NC(=O)C3C[C@@H]3F)ncc2c1,LTXJULOSIPKSDB,1,-1,-1,O=C(Nc1cc2ccc(-c3cccnc3)cc2cn1)C1CC1,train
CHEMBL3689633,CNC(=O)Nc1cc2ccc(-c3cnccc3C)cc2cn1,YKSNHFYWUVHFEC,1,-1,-1,c1cncc(-c2ccc3ccncc3c2)c1,train
CHEMBL3689634,O=C(Nc1cc2cnc(-c3cc(F)ccc3Cl)cc2cn1)C1CC1,UBJRQWLUFQBPNS,1,-1,-1,O=C(Nc1cc2cnc(-c3ccccc3)cc2cn1)C1CC1,train
CHEMBL3689635,O=C(Nc1cc2c(Cl)nc(-c3ccccc3Cl)cc2cn1)C1CC1,HBJYBFDTRCDHLJ,1,-1,-1,O=C(Nc1cc2cnc(-c3ccccc3)cc2cn1)C1CC1,train
CHEMBL3689636,Cc1nc(-c2ccccc2Cl)cc2cnc(NC(=O)C3CC3)cc12,IDFFXWIECVVHHE,1,-1,-1,O=C(Nc1cc2cnc(-c3ccccc3)cc2cn1)C1CC1,train
CHEMBL3689637,O=C(Nc1cc2cnc(-c3ccccc3Cl)cc2cn1)C1CC1,FNZNKHMGGWAARB,1,-1,-1,O=C(Nc1cc2cnc(-c3ccccc3)cc2cn1)C1CC1,train
CHEMBL3689638,O=C(Nc1cc2cnc(-c3ccccc3Cl)c(O)c2cn1)C1CC1,MVVHOSDTUNMJDA,1,-1,-1,O=C(Nc1cc2cnc(-c3ccccc3)cc2cn1)C1CC1,train
CHEMBL3689640,O=C(Nc1cc2c[n+]([O-])c(-c3ccccc3Cl)cc2cn1)C1CC1,OVFCEYUVTJTSFT,1,-1,-1,O=C(Nc1cc2c[nH+]c(-c3ccccc3)cc2cn1)C1CC1,train
CHEMBL3689641,COc1nc(-c2ccccc2Cl)cc2cnc(NC(=O)C3CC3)cc12,VFXBZYUJHDYFJV,1,-1,-1,O=C(Nc1cc2cnc(-c3ccccc3)cc2cn1)C1CC1,train
CHEMBL3689642,CCc1nc(-c2ccccc2Cl)cc2cnc(NC(=O)C3CC3)cc12,LBSCSPVPNWQYLR,1,-1,-1,O=C(Nc1cc2cnc(-c3ccccc3)cc2cn1)C1CC1,train
CHEMBL3689643,O=C(Nc1cc2c(C3CC3)nc(-c3ccccc3Cl)cc2cn1)C1CC1,MLKFNFUGPCNQHD,1,-1,-1,O=C(Nc1cc2c(C3CC3)nc(-c3ccccc3)cc2cn1)C1CC1,train
CHEMBL3689644,O=C(Nc1cc2cnc(C3CCCCC3)cc2cn1)C1CC1,PEHSBLYFVRSQFU,1,-1,-1,O=C(Nc1cc2cnc(C3CCCCC3)cc2cn1)C1CC1,train
CHEMBL3689645,Cc1ccncc1-c1cc2cnc(NC(=O)C3CC3)cc2cn1,QNJSMJIGXJIOIL,1,-1,-1,O=C(Nc1cc2cnc(-c3cccnc3)cc2cn1)C1CC1,train
CHEMBL3689646,Cc1ccc(F)cc1-c1cc2cnc(NC(=O)C3CC3)cc2cn1,VVMQFKFIPNVPHQ,1,-1,-1,O=C(Nc1cc2cnc(-c3ccccc3)cc2cn1)C1CC1,train
CHEMBL3689647,Cc1ccc(F)cc1-c1cc2cnc(NC(=O)C3CC3)cc2c(C)[n+]1[O-],KNHAVVVVHAKBJV,1,-1,-1,O=C(Nc1cc2c[nH+]c(-c3ccccc3)cc2cn1)C1CC1,train
CHEMBL3689648,Cc1ccc(F)cc1-c1cc2cnc(NC(=O)C3CC3)cc2c[n+]1[O-],FGEMBNICMDVZJX,1,-1,-1,O=C(Nc1cc2c[nH+]c(-c3ccccc3)cc2cn1)C1CC1,train
CHEMBL3689649,Cc1ccc(F)cc1-c1cc2cnc(NC(=O)C3CC3)cc2c(C)n1,SSTBFMAOXFPFLB,1,-1,-1,O=C(Nc1cc2cnc(-c3ccccc3)cc2cn1)C1CC1,train
CHEMBL3689650,Cc1ccc(F)cc1-c1cc2cnc(NC(=O)C3CC3)cc2c(C#N)n1,TVZQGPYJSOUHOP,1,-1,-1,O=C(Nc1cc2cnc(-c3ccccc3)cc2cn1)C1CC1,train
CHEMBL3689653,Cc1ccc(F)cc1-c1cc2cnc(NC(=O)C3CC3)cc2c(CO)n1,BEFKMUYGGLNGGN,1,-1,-1,O=C(Nc1cc2cnc(-c3ccccc3)cc2cn1)C1CC1,train
CHEMBL3689655,Cc1ccc(F)cc1-c1cc2cnc(NC(=O)C3CC3)cc2c(-c2cccnc2)n1,WQERZQJKJFJFJW,1,-1,-1,O=C(Nc1cc2c(-c3cccnc3)nc(-c3ccccc3)cc2cn1)C1CC1,train
CHEMBL3689656,Cc1ccc(F)cc1-c1cc2cnc(NC(=O)C3CC3)cc2c(Nc2ccccc2)n1,OILJOIXWVIYWSO,1,-1,-1,O=C(Nc1cc2c(Nc3ccccc3)nc(-c3ccccc3)cc2cn1)C1CC1,train
CHEMBL3689657,Cc1ccc(F)cc1-c1cc2cnc(NC(=O)C3CC3)cc2c(NC2CCCC2)n1,OLMCGMLUUUDEGH,1,-1,-1,O=C(Nc1cc2c(NC3CCCC3)nc(-c3ccccc3)cc2cn1)C1CC1,train
CHEMBL3689658,Cc1ccc(F)cc1-c1cc2cnc(NC(=O)C3CC3)cc2c(CF)n1,AYUXTKUYGHDHNH,1,-1,-1,O=C(Nc1cc2cnc(-c3ccccc3)cc2cn1)C1CC1,train
CHEMBL3689660,Cc1ccc(F)cc1-c1cc2cnc(NC(=O)C3CC3)cc2c(S(C)(=O)=O)n1,CJTDFLCWYUMWKH,1,-1,-1,O=C(Nc1cc2cnc(-c3ccccc3)cc2cn1)C1CC1,train
CHEMBL3689663,Cc1ccc(F)cc1-c1cc2cnc(NC(=O)C3CC3)cc2c(-c2cnccc2C)n1,MWYGBLZNOSMEGL,1,-1,-1,O=C(Nc1cc2c(-c3cccnc3)nc(-c3ccccc3)cc2cn1)C1CC1,train
CHEMBL3689665,Cc1ccc(F)cc1-c1cc2cnc(NC(=O)C3CC3)cc2c(-c2cc[nH]n2)n1,BDNGOKQBBAADOP,1,-1,-1,O=C(Nc1cc2c(-c3cc[nH]n3)nc(-c3ccccc3)cc2cn1)C1CC1,train
CHEMBL3689666,Cc1ccc(F)cc1-c1cc2cnc(NC(=O)C3CC3)cc2c(-c2cnn(C)c2)n1,IIRWLCWDXDXWDH,1,-1,-1,O=C(Nc1cc2c(-c3cn[nH]c3)nc(-c3ccccc3)cc2cn1)C1CC1,train
CHEMBL3689667,Cc1ccc(F)cc1-c1cc2cnc(NC(=O)C3CC3)cc2c(-c2cn[nH]c2)n1,XTDCAAWWUODPFK,1,-1,-1,O=C(Nc1cc2c(-c3cn[nH]c3)nc(-c3ccccc3)cc2cn1)C1CC1,train
CHEMBL3689668,Cc1ccc(F)cc1-c1cc2cnc(NC(=O)C3CC3)cc2c(C(C)(C)O)n1,SHJPSQWERCMJPB,1,-1,-1,O=C(Nc1cc2cnc(-c3ccccc3)cc2cn1)C1CC1,train
CHEMBL3689669,Cc1c2cc(NC(=O)C3CC3)ncc2cc(-c2ccccc2Cl)[n+]1[O-],HAWBYORAGOJKCJ,1,-1,-1,O=C(Nc1cc2c[nH+]c(-c3ccccc3)cc2cn1)C1CC1,train
CHEMBL3689670,Cc1ccc(CO)cc1-c1cc2cnc(NC(=O)C3CC3)cc2cn1,IXMPLYXBXPMBBS,1,-1,-1,O=C(Nc1cc2cnc(-c3ccccc3)cc2cn1)C1CC1,train
CHEMBL3689672,Cc1ccc(F)cc1-c1cc2cnc(NC(=O)C3CC3)cc2c(CN(C)C)n1,VAJKNVLITDEBMA,1,-1,-1,O=C(Nc1cc2cnc(-c3ccccc3)cc2cn1)C1CC1,train
CHEMBL3689673,Cc1ccc(F)cc1-c1cc2cnc(NC(=O)C3CC3)cc2c(N2CCNCC2)n1,RCCPBXFBUNAYKW,1,-1,-1,O=C(Nc1cc2c(N3CCNCC3)nc(-c3ccccc3)cc2cn1)C1CC1,train
CHEMBL3689674,CNCc1nc(-c2cc(F)ccc2C)cc2cnc(NC(=O)C3CC3)cc12,NSFHDRKFVVDACI,1,-1,-1,O=C(Nc1cc2cnc(-c3ccccc3)cc2cn1)C1CC1,train
CHEMBL3689677,Cc1ccncc1-c1cc2cnc(NC(=O)[C@@H]3C[C@@H]3F)cc2cn1,SUDZSZXCDIIYET,1,-1,-1,O=C(Nc1cc2cnc(-c3cccnc3)cc2cn1)C1CC1,train
CHEMBL3689682,O=C(Nc1cc2ccc(-c3c(Cl)cccc3Cl)nc2cn1)C1CC1,MRCPOCGFGBVRAQ,1,-1,-1,O=C(Nc1cc2ccc(-c3ccccc3)nc2cn1)C1CC1,train
CHEMBL3689683,OCc1cccc(Nc2cc3ccc(-c4ccccc4Cl)nc3cn2)c1,XMUHLGNGUOLFNT,1,-1,-1,c1ccc(Nc2cc3ccc(-c4ccccc4)nc3cn2)cc1,train
CHEMBL3689684,O=C(Nc1cc2ccc(-c3ccccc3Cl)nc2cn1)C1CC1,WPLUXKYTSUCRIV,1,-1,-1,O=C(Nc1cc2ccc(-c3ccccc3)nc2cn1)C1CC1,train
CHEMBL3689685,Cc1cc2cc(NC(=O)C3CC3)ncc2nc1-c1cc(F)ccc1Cl,JLBDGIWETORLNE,1,-1,-1,O=C(Nc1cc2ccc(-c3ccccc3)nc2cn1)C1CC1,train
CHEMBL3689686,Cc1ccc(F)cc1-c1cc(C)c2cc(NC(=O)C3CC3)ncc2n1,MQKBGSQBJZGBEM,1,-1,-1,O=C(Nc1cc2ccc(-c3ccccc3)nc2cn1)C1CC1,train
CHEMBL3689687,Cc1ccc(F)cc1-c1cc(O)c2cc(NC(=O)C3CC3)ncc2n1,TVIZIXCYMOCLRG,1,-1,-1,O=C(Nc1cc2ccc(-c3ccccc3)nc2cn1)C1CC1,train
CHEMBL3689689,O=C(Nc1cc2c(O)cc(-c3ccccc3Cl)nc2cn1)C1CC1,CCRWGGHSAZDLDA,1,-1,-1,O=C(Nc1cc2ccc(-c3ccccc3)nc2cn1)C1CC1,train
CHEMBL3689691,Cc1nc(Cl)ncc1-c1ccc2cc(NC(=O)C3CC3)ncc2c1,VDGGHGDHQDOEMY,1,-1,-1,O=C(Nc1cc2ccc(-c3cncnc3)cc2cn1)C1CC1,train
CHEMBL3689692,Cc1ccncc1-c1ccc2cc(NC(=O)C3CCO3)ncc2c1,OEXCFPPVOQSKIN,1,-1,-1,O=C(Nc1cc2ccc(-c3cccnc3)cc2cn1)C1CCO1,train
CHEMBL3689693,O=C(Nc1cc2ccc(Br)cc2cn1)C1CC1,FMSRHBBDHNSGCR,1,-1,-1,O=C(Nc1cc2ccccc2cn1)C1CC1,train
CHEMBL3689694,O=C(Nc1cc2ccc(-c3c(F)cc(F)cc3Cl)cc2cn1)C1CC1,ARIUDROBLRPSSD,1,-1,-1,O=C(Nc1cc2ccc(-c3ccccc3)cc2cn1)C1CC1,train
CHEMBL3689695,O=C(Nc1cc2ccc(-c3c(F)ccc(F)c3Cl)cc2cn1)C1CC1,SDMZTCVKBHXHRC,1,-1,-1,O=C(Nc1cc2ccc(-c3ccccc3)cc2cn1)C1CC1,train
CHEMBL3689696,Cc1cccc(F)c1-c1ccc2cc(NC(=O)C3CC3)ncc2c1,GICKHPGUFSHNIL,1,-1,-1,O=C(Nc1cc2ccc(-c3ccccc3)cc2cn1)C1CC1,train
CHEMBL3689697,Cc1cccc(Cl)c1-c1ccc2cc(NC(=O)C3CC3)ncc2c1,MCWRDYCOSDQWDO,1,-1,-1,O=C(Nc1cc2ccc(-c3ccccc3)cc2cn1)C1CC1,train
CHEMBL3689698,O=C(Nc1cc2ccc(-c3cc(F)ccc3F)cc2cn1)C1CC1,HJYHIRVKZQJZJI,1,-1,-1,O=C(Nc1cc2ccc(-c3ccccc3)cc2cn1)C1CC1,train
CHEMBL3689699,O=C(Nc1cc2ccc(-c3c(F)cccc3F)cc2cn1)C1CC1,SLJRQXYYAFLHCC,1,-1,-1,O=C(Nc1cc2ccc(-c3ccccc3)cc2cn1)C1CC1,train
CHEMBL3689700,Cc1ccc(F)cc1-c1ccc2cc(NC(=O)C3CC3)ncc2c1,YLFZBCQOSPMSCC,1,-1,-1,O=C(Nc1cc2ccc(-c3ccccc3)cc2cn1)C1CC1,train
CHEMBL3689701,Cc1ccc(Cl)cc1-c1ccc2cc(NC(=O)C3CC3)ncc2c1,XTMNWGZJALEQJN,1,-1,-1,O=C(Nc1cc2ccc(-c3ccccc3)cc2cn1)C1CC1,train
CHEMBL3689702,O=C(Nc1cc2ccc(-c3ccncc3Cl)cc2cn1)C1CC1,NEVYUQQXHDGORL,1,-1,-1,O=C(Nc1cc2ccc(-c3ccncc3)cc2cn1)C1CC1,train
CHEMBL3689703,O=C(Nc1cc2ccc(-c3ccncc3)cc2cn1)C1CC1,ULAQIRXCYKFERG,1,-1,-1,O=C(Nc1cc2ccc(-c3ccncc3)cc2cn1)C1CC1,train
CHEMBL3689704,O=C(Nc1cc2ccc(-c3cccnc3)cc2cn1)C1CC1,IWFROCNVGRFORN,1,-1,-1,O=C(Nc1cc2ccc(-c3cccnc3)cc2cn1)C1CC1,train
CHEMBL3689705,O=C(Nc1cc2ccc(-c3c(Cl)cccc3C(F)(F)F)cc2cn1)C1CC1,DEWHJDWTMZOWFT,1,-1,-1,O=C(Nc1cc2ccc(-c3ccccc3)cc2cn1)C1CC1,train
CHEMBL3689706,N#Cc1ccccc1-c1ccc2cc(NC(=O)C3CC3)ncc2c1,XJZWNBMYKWIYJT,1,-1,-1,O=C(Nc1cc2ccc(-c3ccccc3)cc2cn1)C1CC1,train
CHEMBL3689707,O=C(Nc1cc2ccc(-c3ccccc3Cl)cc2cn1)C1CC1,WPQDAFSWFLPEBU,1,-1,-1,O=C(Nc1cc2ccc(-c3ccccc3)cc2cn1)C1CC1,train
CHEMBL3689708,O=C(Nc1cc2ccc(-c3ccccc3F)cc2cn1)C1CC1,CRCWSWAHVSORNU,1,-1,-1,O=C(Nc1cc2ccc(-c3ccccc3)cc2cn1)C1CC1,train
CHEMBL3689710,Clc1cccc(Cl)c1-c1ccc2cc(Nc3ccnc(N4CCOCC4)n3)ncc2c1,LLDGTSVTAKSVGM,1,-1,-1,c1ccc(-c2ccc3cc(Nc4ccnc(N5CCOCC5)n4)ncc3c2)cc1,train
CHEMBL3689711,CCc1cc(Nc2cc3ccc(-c4c(Cl)cccc4Cl)cc3cn2)nc(N2CCOCC2)n1,VSXINXXTSAHPEJ,1,-1,-1,c1ccc(-c2ccc3cc(Nc4ccnc(N5CCOCC5)n4)ncc3c2)cc1,train
CHEMBL3689712,CCCS(=O)(=O)Nc1ccc(F)c(-c2ccc3cc(NC(C)=O)ncc3c2)c1F,LCMYIXXKZSKJIM,1,-1,-1,c1ccc(-c2ccc3ccncc3c2)cc1,train
CHEMBL3689713,Cc1c(-c2ccc3cc(NC(=O)C4C[C@@H]4F)ncc3c2)cnc([C@@H](O)C(F)(F)F)c1Cl,IWQCEBSBUKDCDT,1,-1,-1,O=C(Nc1cc2ccc(-c3cccnc3)cc2cn1)C1CC1,train
CHEMBL3689714,Cc1c(-c2ccc3cc(NC(=O)C4C[C@@H]4F)ncc3c2)cnc([C@H](O)C(F)(F)F)c1Cl,IWQCEBSBUKDCDT,1,-1,-1,O=C(Nc1cc2ccc(-c3cccnc3)cc2cn1)C1CC1,train
CHEMBL3689715,Cc1ccncc1-c1cc2cnc(NC(=O)C3CC3F)cc2cn1,SUDZSZXCDIIYET,1,-1,-1,O=C(Nc1cc2cnc(-c3cccnc3)cc2cn1)C1CC1,train
CHEMBL3689716,CC1CC(C)N1c1ccc2cc(NC(=O)C3CC3F)ncc2c1,WFWPMSZDDHYTCF,1,-1,-1,O=C(Nc1cc2ccc(N3CCC3)cc2cn1)C1CC1,train
CHEMBL3689717,Cc1c(F)cncc1-c1cc2cnc(NC(=O)C3CC3F)cc2c[n+]1[O-],CKFKKGDOSWBOHE,1,-1,-1,O=C(Nc1cc2c[nH+]c(-c3cccnc3)cc2cn1)C1CC1,train
CHEMBL3689718,Cc1c(F)cncc1-c1cc2cnc(NC(=O)[C@@H]3C[C@@H]3F)cc2cn1,RPLFEMGECJQJCF,1,-1,-1,O=C(Nc1cc2cnc(-c3cccnc3)cc2cn1)C1CC1,train
CHEMBL3689720,O=C(Nc1cc2ccc(-c3cc(F)cc4[nH]ncc34)cc2cn1)C1CC1,QETXJUHOKNLFQW,1,-1,-1,O=C(Nc1cc2ccc(-c3cccc4[nH]ncc34)cc2cn1)C1CC1,train
CHEMBL3689721,Cc1c(-c2ccc3cc(NC(=O)[C@@H]4C[C@@H]4F)ncc3c2)cnc(C(C)(C)O)c1F,UYLZQXPYPSAXRX,1,-1,-1,O=C(Nc1cc2ccc(-c3cccnc3)cc2cn1)C1CC1,train
CHEMBL3689722,Cc1c(F)cncc1-c1ccc2cc(NC(=O)[C@@H]3C[C@@H]3F)ncc2c1,UCEPCDMRMVOTNS,1,-1,-1,O=C(Nc1cc2ccc(-c3cccnc3)cc2cn1)C1CC1,train
CHEMBL3689724,Cc1cc([S+](C)[O-])ncc1-c1ccc2cc(NC(=O)C3CC3F)ncc2c1,PFBMFWZDBODONX,1,-1,-1,O=C(Nc1cc2ccc(-c3cccnc3)cc2cn1)C1CC1,train
CHEMBL3689725,Cc1cc([C@@H](N)C(F)(F)F)ncc1-c1ccc2cc(NC(=O)C3C[C@@H]3F)ncc2c1,JTMLSGGBBKYZLY,1,-1,-1,O=C(Nc1cc2ccc(-c3cccnc3)cc2cn1)C1CC1,train
CHEMBL3689726,Cc1cc([C@H](N)C(F)(F)F)ncc1-c1ccc2cc(NC(=O)C3C[C@@H]3F)ncc2c1,JTMLSGGBBKYZLY,1,-1,-1,O=C(Nc1cc2ccc(-c3cccnc3)cc2cn1)C1CC1,train
CHEMBL3689727,CCO[C@@H]1CC1C(=O)Nc1cc2ccc(-c3cnccc3C)cc2cn1,MMVLDNJVKIMPTF,1,-1,-1,O=C(Nc1cc2ccc(-c3cccnc3)cc2cn1)C1CC1,train
CHEMBL3689728,CCO[C@H]1CC1C(=O)Nc1cc2ccc(-c3cnccc3C)cc2cn1,MMVLDNJVKIMPTF,1,-1,-1,O=C(Nc1cc2ccc(-c3cccnc3)cc2cn1)C1CC1,train
CHEMBL3689729,Cc1ccnc([C@@H](C)O)c1-c1ccc2cc(NC(=O)C3C[C@@H]3F)ncc2c1,PZTMYTIVXKJTBY,1,-1,-1,O=C(Nc1cc2ccc(-c3cccnc3)cc2cn1)C1CC1,train
CHEMBL3689730,Cc1ccnc([C@@H](O)C(F)(F)F)c1-c1ccc2cc(NC(=O)C3C[C@@H]3F)ncc2c1,XONWSRGXWACTJV,1,-1,-1,O=C(Nc1cc2ccc(-c3cccnc3)cc2cn1)C1CC1,train
CHEMBL3689731,Cc1ccnc([C@H](O)C(F)(F)F)c1-c1ccc2cc(NC(=O)C3C[C@@H]3F)ncc2c1,XONWSRGXWACTJV,1,-1,-1,O=C(Nc1cc2ccc(-c3cccnc3)cc2cn1)C1CC1,train
CHEMBL3689732,Cc1ccnc([C@H](C)O)c1-c1ccc2cc(NC(=O)C3C[C@@H]3F)ncc2c1,PZTMYTIVXKJTBY,1,-1,-1,O=C(Nc1cc2ccc(-c3cccnc3)cc2cn1)C1CC1,train
CHEMBL3689733,Cc1cc([C@H](O)C(F)(F)F)ncc1-c1ccc2cc(NC(=O)C(C)C)ncc2c1,VAGKNGZZTCJYNV,1,-1,-1,c1cncc(-c2ccc3ccncc3c2)c1,train
CHEMBL3689734,Cc1cc([C@@H](O)C(F)(F)F)ncc1-c1ccc2cc(NC(=O)C(C)C)ncc2c1,VAGKNGZZTCJYNV,1,-1,-1,c1cncc(-c2ccc3ccncc3c2)c1,train
CHEMBL3689735,Cc1cc(C(O)C(F)F)ncc1-c1ccc2cc(NC(=O)C3C[C@@H]3F)ncc2c1,LQFDMNJARJYYBV,1,-1,-1,O=C(Nc1cc2ccc(-c3cccnc3)cc2cn1)C1CC1,train
CHEMBL3689738,Cc1ccc(C(=O)NC2CC(F)(F)C2)cc1-c1ccc2cc(NC(=O)C3CC3)ncc2c1,IJXVBPZZKMOSKC,1,-1,-1,O=C(NC1CCC1)c1cccc(-c2ccc3cc(NC(=O)C4CC4)ncc3c2)c1,train
CHEMBL3689739,Cc1cc(C(C)(C)O)ncc1-c1ccc2cc(NC(=O)[C@@H]3C[C@@H]3F)ncc2c1,BBDRYSLUYVYOTH,1,-1,-1,O=C(Nc1cc2ccc(-c3cccnc3)cc2cn1)C1CC1,train
CHEMBL3689740,Cc1cc(C(C)(C)O)ncc1-c1cc2cnc(NC(=O)[C@@H]3C[C@@H]3F)cc2cn1,UPKKASKNRGXJTD,1,-1,-1,O=C(Nc1cc2cnc(-c3cccnc3)cc2cn1)C1CC1,train
CHEMBL3689741,Cc1cc([C@H](O)C(F)(F)F)ncc1-c1cc2cnc(NC(=O)C3C[C@@H]3F)cc2cn1,NYHFSUBBKRBHFJ,1,-1,-1,O=C(Nc1cc2cnc(-c3cccnc3)cc2cn1)C1CC1,train
CHEMBL3689742,Cc1cc([C@@H](O)C(F)(F)F)ncc1-c1cc2cnc(NC(=O)C3C[C@@H]3F)cc2cn1,NYHFSUBBKRBHFJ,1,-1,-1,O=C(Nc1cc2cnc(-c3cccnc3)cc2cn1)C1CC1,train
CHEMBL3689745,Cc1ccc(C(=O)NC2(CO)CCC2)cc1-c1ccc2cc(NC(=O)C3CC3)ncc2c1,ZFBHFWMDUSQOHM,1,-1,-1,O=C(NC1CCC1)c1cccc(-c2ccc3cc(NC(=O)C4CC4)ncc3c2)c1,train
CHEMBL3689746,Cc1ccnc(CO)c1-c1ccc2cc(NC(=O)[C@@H]3C[C@@H]3F)ncc2c1,MDTXPAMYMXPVET,1,-1,-1,O=C(Nc1cc2ccc(-c3cccnc3)cc2cn1)C1CC1,train
CHEMBL3689747,O=C(Nc1cc2cnc(-c3ccccc3OC(F)(F)F)cc2cn1)[C@@H]1C[C@@H]1F,NNUPAWMLUQFZGQ,1,-1,-1,O=C(Nc1cc2cnc(-c3ccccc3)cc2cn1)C1CC1,train
CHEMBL3689748,Cc1ccc2[nH]ncc2c1-c1ccc2cc(NC(=O)[C@@H]3C[C@@H]3F)ncc2c1,INDJTDRRAPMRRR,1,-1,-1,O=C(Nc1cc2ccc(-c3cccc4[nH]ncc34)cc2cn1)C1CC1,train
CHEMBL3689749,Cc1ccc(C(=O)NC2CCC2)cc1-c1ccc2cc(NC(=O)C3CC3)ncc2c1,NLMZZDBOWCREOP,1,-1,-1,O=C(NC1CCC1)c1cccc(-c2ccc3cc(NC(=O)C4CC4)ncc3c2)c1,train
CHEMBL3689752,Cc1ncc(C(=O)NC2CCC2)cc1-c1ccc2cc(N)ncc2c1,JMLNFDYBHUUFGP,1,-1,-1,O=C(NC1CCC1)c1cncc(-c2ccc3ccncc3c2)c1,train
CHEMBL3689753,Cc1ncc(C(=O)NC2(C)CCC2)cc1-c1ccc2cc(N)ncc2c1,QBDGDEHXWLRTAB,1,-1,-1,O=C(NC1CCC1)c1cncc(-c2ccc3ccncc3c2)c1,train
CHEMBL3690072,Cc1ccc(NC(=O)c2ccc3c(c2)CCC3N2CCN(C)CC2)cc1Nc1nccc(-c2cccnc2)n1,YTHUQGIGAIZNIM,1,1,1,O=C(Nc1cccc(Nc2nccc(-c3cccnc3)n2)c1)c1ccc2c(c1)CCC2N1CCNCC1,train
CHEMBL3690074,Cc1ccc(NC(=O)c2ccc3c(c2)CCC3N2CCNCC2)cc1Nc1nccc(-c2cccnc2)n1,SZPKERXOPUWUPW,1,1,1,O=C(Nc1cccc(Nc2nccc(-c3cccnc3)n2)c1)c1ccc2c(c1)CCC2N1CCNCC1,train
CHEMBL3690075,CCN1CCN(C2CCc3cc(C(=O)Nc4ccc(C)c(Nc5nccc(-c6cccnc6)n5)c4)ccc32)CC1,JVGNHFZOVWJKER,1,1,1,O=C(Nc1cccc(Nc2nccc(-c3cccnc3)n2)c1)c1ccc2c(c1)CCC2N1CCNCC1,train
CHEMBL3690076,Cc1ccc(NC(=O)c2ccc3c(c2)CCC3N2CCN(C(C)C)CC2)cc1Nc1nccc(-c2cccnc2)n1,PZINVJUNZRLUIM,1,1,1,O=C(Nc1cccc(Nc2nccc(-c3cccnc3)n2)c1)c1ccc2c(c1)CCC2N1CCNCC1,train
CHEMBL3690077,Cc1ccc(NC(=O)c2ccc3c(c2)CCC3N2CCN(CCO)CC2)cc1Nc1nccc(-c2cccnc2)n1,JXVHQHBMOSSYBX,1,1,1,O=C(Nc1cccc(Nc2nccc(-c3cccnc3)n2)c1)c1ccc2c(c1)CCC2N1CCNCC1,train
CHEMBL3690078,CC(=O)N1CCN(C2CCc3cc(C(=O)Nc4ccc(C)c(Nc5nccc(-c6cccnc6)n5)c4)ccc32)CC1,AJIVJAKIEIICSU,1,1,1,O=C(Nc1cccc(Nc2nccc(-c3cccnc3)n2)c1)c1ccc2c(c1)CCC2N1CCNCC1,train
CHEMBL3690079,Cc1ccc(NC(=O)c2ccc3c(c2)CCC3N2CCN(C)CC2)cc1Nc1nccc(-c2cncnc2)n1,IQOAIXAFDYRGNK,1,1,1,O=C(Nc1cccc(Nc2nccc(-c3cncnc3)n2)c1)c1ccc2c(c1)CCC2N1CCNCC1,train
CHEMBL3690080,Cc1ccc(NC(=O)c2ccc3c(c2)CCC3N2CCC(N(C)C)C2)cc1Nc1nccc(-c2cccnc2)n1,PANUCCHSDROJBK,1,1,1,O=C(Nc1cccc(Nc2nccc(-c3cccnc3)n2)c1)c1ccc2c(c1)CCC2N1CCCC1,train
CHEMBL3690081,Cc1ccc(NC(=O)c2ccc3c(c2)CCC3N2CC[C@@H](N(C)C)C2)cc1Nc1nccc(-c2cccnc2)n1,PANUCCHSDROJBK,1,1,1,O=C(Nc1cccc(Nc2nccc(-c3cccnc3)n2)c1)c1ccc2c(c1)CCC2N1CCCC1,train
CHEMBL3690082,Cc1ccc(NC(=O)c2ccc3c(c2)CC[C@@H]3N2CCN(C)CC2)cc1Nc1nccc(-c2cccnc2)n1,YTHUQGIGAIZNIM,1,1,1,O=C(Nc1cccc(Nc2nccc(-c3cccnc3)n2)c1)c1ccc2c(c1)CCC2N1CCNCC1,train
CHEMBL3690083,Cc1ccc(NC(=O)c2ccc3c(c2)CCC3N2CCN(C)CC2)cc1Nc1nccc(-c2ccncc2)n1,GMYQHOQOEQWZGN,1,1,1,O=C(Nc1cccc(Nc2nccc(-c3ccncc3)n2)c1)c1ccc2c(c1)CCC2N1CCNCC1,train
CHEMBL3734907,COc1ccc(C#Cc2nn(C(C)C)c3ncnc(N)c23)cc1,FZRYIKZCURJEDS,1,-1,-1,C(#Cc1n[nH]c2ncncc12)c1ccccc1,train
CHEMBL3735576,COc1ccccc1C#Cc1nn(C(C)C)c2ncnc(N)c12,DPDKBFUJRNLDEC,1,-1,-1,C(#Cc1n[nH]c2ncncc12)c1ccccc1,train
CHEMBL3736026,Cc1cccc(C#Cc2nn(C(C)C)c3ncnc(N)c23)c1,VTVJWJQBJYROQI,1,-1,-1,C(#Cc1n[nH]c2ncncc12)c1ccccc1,train
CHEMBL3736306,CC(C)n1nc(C#Cc2ccccc2O)c2c(N)ncnc21,GYDJOTPOXRUJJV,1,-1,-1,C(#Cc1n[nH]c2ncncc12)c1ccccc1,train
CHEMBL3736320,CC(C)n1nc(C#Cc2cccc(NC(=O)c3cccc(C(F)(F)F)c3)c2)c2c(N)ncnc21,NYUZAHPHSBKPPK,1,-1,-1,O=C(Nc1cccc(C#Cc2n[nH]c3ncncc23)c1)c1ccccc1,train
CHEMBL3736466,CC(C)n1nc(C#Cc2ccc(O)cc2)c2c(N)ncnc21,HXDNQOIAEKZASV,1,-1,-1,C(#Cc1n[nH]c2ncncc12)c1ccccc1,train
CHEMBL377346,c1ccc(COc2ccc3[nH]nc(-c4nc5cc(N6CCC(N7CCCCC7)CC6)ccc5[nH]4)c3c2)cc1,AQYYPSFZMCKSEL,1,-1,-1,c1ccc(COc2ccc3[nH]nc(-c4nc5cc(N6CCC(N7CCCCC7)CC6)ccc5[nH]4)c3c2)cc1,train
CHEMBL377463,O=C(Nc1ccc2[nH]nc(-c3nc4cc(N5CCC(N6CCCCC6)CC5)ccc4[nH]3)c2c1)c1ccco1,USCJBUZPUNRXEU,1,-1,-1,O=C(Nc1ccc2[nH]nc(-c3nc4cc(N5CCC(N6CCCCC6)CC5)ccc4[nH]3)c2c1)c1ccco1,train
CHEMBL378024,CC(C)(C)NC(=O)Nc1ccc2[nH]nc(-c3nc4cc(N5CCC(N6CCCCC6)CC5)ccc4[nH]3)c2c1,SMWFHLHWOOWYAP,1,-1,-1,c1ccc2c(-c3nc4cc(N5CCC(N6CCCCC6)CC5)ccc4[nH]3)n[nH]c2c1,train
CHEMBL3781538,c1ccc(Nc2cncc3nc(-c4ccc(N5CCCCC5)cc4)cnc23)cc1,FOGGTLYHDTZVPS,0,-1,-1,c1ccc(Nc2cncc3nc(-c4ccc(N5CCCCC5)cc4)cnc23)cc1,train
CHEMBL3781543,COc1ccccc1Nc1nccc2nc(-c3ccccc3)cnc12,ZEYJXRCHEFTSTA,0,-1,-1,c1ccc(Nc2nccc3nc(-c4ccccc4)cnc23)cc1,train
CHEMBL3781939,COc1ccc(NC(=O)Nc2cncc3nc(-c4ccccc4)cnc23)cc1,GPWYEGZCLUSIDX,0,-1,-1,O=C(Nc1ccccc1)Nc1cncc2nc(-c3ccccc3)cnc12,train
CHEMBL379987,COc1cccc(Oc2ccc3[nH]nc(-c4nc5cc(N6CCC(N7CCCCC7)CC6)ccc5[nH]4)c3c2)c1,JDUZSEINLGHJTH,1,-1,-1,c1ccc(Oc2ccc3[nH]nc(-c4nc5cc(N6CCC(N7CCCCC7)CC6)ccc5[nH]4)c3c2)cc1,train
CHEMBL3823104,COc1cc(-c2nn(CCN3CCC(N4CCCCC4)CC3)c3ncnc(N)c23)ccc1NC(=O)OC(C)(C)C,QQHSTSLAVGUPKP,1,-1,-1,c1ccc(-c2nn(CCN3CCC(N4CCCCC4)CC3)c3ncncc23)cc1,train
CHEMBL3823556,COc1cc(-c2nn(CCN3CCC(CN(C)C)CC3)c3ncnc(N)c23)ccc1NC(=O)OC(C)(C)C,XJGZXZXWDRLHBF,1,-1,-1,c1ccc(-c2nn(CCN3CCCCC3)c3ncncc23)cc1,train
CHEMBL3823861,CN(C)CC1CCN(CCn2nc(-c3cnc4[nH]ccc4c3)c3c(N)ncnc32)CC1,KUCNBQPAJZRQMJ,1,0,-1,c1ncc2c(-c3cnc4[nH]ccc4c3)nn(CCN3CCCCC3)c2n1,train
CHEMBL3824089,COc1cc(-c2nn(CCN3CCC(N(C)C)CC3)c3ncnc(N)c23)ccc1NC(=O)OC(C)(C)C,GMPQGWXPDRNCBL,1,0,-1,c1ccc(-c2nn(CCN3CCCCC3)c3ncncc23)cc1,train
CHEMBL3824116,COc1cc(-c2nn(CCN3CCC(N(C)C)CC3)c3ncnc(N)c23)ccc1CC(=O)OC(C)(C)C,BAIXSQGNLALLTR,1,-1,-1,c1ccc(-c2nn(CCN3CCCCC3)c3ncncc23)cc1,train
CHEMBL3824233,COc1cc(-c2nn(CCN3CCC(N4CCCC4)CC3)c3ncnc(N)c23)ccc1NC(=O)OC(C)(C)C,RAJLVDVCHMUAEY,1,-1,-1,c1ccc(-c2nn(CCN3CCC(N4CCCC4)CC3)c3ncncc23)cc1,train
CHEMBL3824279,COc1cc(-c2nn(CCN3CCC(OC)CC3)c3ncnc(N)c23)ccc1NC(=O)OC(C)(C)C,NTVNACFXAFFJQX,1,-1,-1,c1ccc(-c2nn(CCN3CCCCC3)c3ncncc23)cc1,train
CHEMBL383010,Cc1ccc(NC(=O)c2ccc(CN3CCN(C)CC3)c(Br)c2)cc1Nc1nccc(-c2cccnc2)n1,WAFBXGBWFZZGIC,1,-1,-1,O=C(Nc1cccc(Nc2nccc(-c3cccnc3)n2)c1)c1ccc(CN2CCNCC2)cc1,train
CHEMBL384213,c1ccc(CNc2ccc3[nH]nc(-c4nc5cc(N6CCC(N7CCCCC7)CC6)ccc5[nH]4)c3c2)cc1,VJPQSHDXMIHCLK,1,-1,-1,c1ccc(CNc2ccc3[nH]nc(-c4nc5cc(N6CCC(N7CCCCC7)CC6)ccc5[nH]4)c3c2)cc1,train
CHEMBL386051,CSc1cccc(Nc2ncc3cc(-c4c(Cl)cccc4Cl)c(=O)n(C)c3n2)c1,VAARYSWULJUGST,1,-1,-1,O=c1[nH]c2nc(Nc3ccccc3)ncc2cc1-c1ccccc1,train
CHEMBL388934,CNN=Nc1ccc(C(=O)Nc2ccc(C)c(Nc3nccc(-c4cccnc4)n3)c2)cc1Cl,ORKOWUCKOXFVBC,1,-1,-1,O=C(Nc1cccc(Nc2nccc(-c3cccnc3)n2)c1)c1ccccc1,train
CHEMBL3889746,O=C(Nc1ccc(OC(F)(F)F)cc1)c1cncc(-c2cccnc2)c1,VGZOEYFNUDMUIX,1,-1,-1,O=C(Nc1ccccc1)c1cncc(-c2cccnc2)c1,train
CHEMBL388978,CN[C@@H]1C[C@H]2O[C@@](C)([C@@H]1OC)n1c3ccccc3c3c4c(c5c6ccccc6n2c5c31)C(=O)NC4,HKSZLNNOFSGOKW,1,1,1,O=C1NCc2c1c1c3ccccc3n3c1c1c2c2ccccc2n1C1CCCC3O1,train
CHEMBL3890053,O=C(Nc1ccc(OC(F)(F)F)cc1)c1ccc(F)c(-c2cncnc2)c1,KRUOGKIDARVCKO,1,-1,-1,O=C(Nc1ccccc1)c1cccc(-c2cncnc2)c1,train
CHEMBL3890279,N[C@H]1CCN(c2ncc(C(=O)Nc3ccc(OC(F)(F)F)cc3)cc2-c2cncnc2)C1,LICXNJHYTOUIGJ,1,-1,-1,O=C(Nc1ccccc1)c1cnc(N2CCCC2)c(-c2cncnc2)c1,train
CHEMBL3890327,O=C(Nc1ccc(OC(F)(F)F)cc1)c1cnc(N2C[C@@H](O)[C@@H](O)C2)c(-c2cncc(F)c2)c1,DQHJXXLOZFBOBK,1,-1,-1,O=C(Nc1ccccc1)c1cnc(N2CCCC2)c(-c2cccnc2)c1,train
CHEMBL3890630,CCN(CCO)c1ncc(C(=O)Nc2ccc(OC(F)(F)F)cc2)cc1-c1cncnc1,RWAWXILYOMVIFZ,1,-1,-1,O=C(Nc1ccccc1)c1cncc(-c2cncnc2)c1,train
CHEMBL3890658,CN(CCO)c1ccc(C(=O)Nc2ccc(OC(F)(F)F)cc2)cc1-c1cncs1,SPZMGDPSGXEAIO,1,-1,-1,O=C(Nc1ccccc1)c1cccc(-c2cncs2)c1,train
CHEMBL3891044,NC12CC1CN(c1ncc(C(=O)Nc3ccc(OC(F)(F)F)cc3)cc1-c1cncnc1)C2,CIDAJARBKHABRA,1,-1,-1,O=C(Nc1ccccc1)c1cnc(N2CC3CC3C2)c(-c2cncnc2)c1,train
CHEMBL3891720,CN(CCO)c1ncc(C(=O)Nc2ccc(OC(F)(F)F)cc2)cc1-c1cncc(C#N)c1,PTBLBXOMKKORLF,1,-1,-1,O=C(Nc1ccccc1)c1cncc(-c2cccnc2)c1,train
CHEMBL3891752,O=C(Nc1ccc(OC(F)(F)F)cc1)c1cnc(N2C[C@H](O)[C@@H](O)C2)c(-c2cccnc2)c1,WIRNFSZMFMENTG,1,-1,-1,O=C(Nc1ccccc1)c1cnc(N2CCCC2)c(-c2cccnc2)c1,train
CHEMBL3892152,CC1(O)CN(c2ncc(C(=O)Nc3ccc(OC(F)(F)Cl)cc3)cc2-c2ccn[nH]2)C1,OEZDFOTWTGBNKV,1,-1,-1,O=C(Nc1ccccc1)c1cnc(N2CCC2)c(-c2ccn[nH]2)c1,train
CHEMBL3892160,CN(C)[C@H]1CN(c2ncc(C(=O)Nc3ccc(OC(F)(F)F)cc3)cc2-c2cncnc2)C[C@@H]1O,CTKZIXPZWJQMFC,1,-1,-1,O=C(Nc1ccccc1)c1cnc(N2CCCC2)c(-c2cncnc2)c1,train
CHEMBL3892443,O=C(Nc1ccc(OC(F)(F)F)cc1)c1cnc(N2CC3CN(CCO)CC3C2)c(-c2cncnc2)c1,RRQYULJTSGQGOU,1,-1,-1,O=C(Nc1ccccc1)c1cnc(N2CC3CNCC3C2)c(-c2cncnc2)c1,train
CHEMBL3892952,O=C(Nc1ccc(OC(F)(F)F)cc1)c1cnc(NCCCO)c(-c2cncnc2)c1,OCKSTFJUKGSVAS,1,-1,-1,O=C(Nc1ccccc1)c1cncc(-c2cncnc2)c1,train
CHEMBL3893615,COc1ncc(-c2cc(C(=O)Nc3ccc(OC(F)(F)F)cc3)ccc2C)cn1,RIMQWHYUWYEVEN,1,-1,-1,O=C(Nc1ccccc1)c1cccc(-c2cncnc2)c1,train
CHEMBL3893732,O=C(Nc1ccc(OC(F)(F)Cl)cc1)c1cnc(NC[C@@H](O)CCO)c(-c2ccn[nH]2)c1,MYRIRDIXVYOGJY,1,-1,-1,O=C(Nc1ccccc1)c1cncc(-c2ccn[nH]2)c1,train
CHEMBL3893954,CC1(O)CCN(c2ccc(C(=O)Nc3ccc(OC(F)(F)F)cc3)cc2-c2cncs2)C1,ASJKGWWJOVNJKU,1,-1,-1,O=C(Nc1ccccc1)c1ccc(N2CCCC2)c(-c2cncs2)c1,train
CHEMBL3893997,Cc1ccc(-c2cc(C(=O)Nc3ccc(OC(F)(F)F)cc3)cnc2N2CC[C@H](O)C2)cn1,AHFCBJUQSIQAMF,1,-1,-1,O=C(Nc1ccccc1)c1cnc(N2CCCC2)c(-c2cccnc2)c1,train
CHEMBL3894450,Cc1ccc(NC(=O)c2ccc(CN3CCN(C)CC3)c(C(F)(F)F)c2)cc1OC1CCN(C(=O)c2ccncc2)CC1,GKVWMMLQQGMAMC,1,1,-1,O=C(Nc1cccc(OC2CCN(C(=O)c3ccncc3)CC2)c1)c1ccc(CN2CCNCC2)cc1,train
CHEMBL3894547,O=C(Nc1ccc(OC(F)(F)F)cc1)c1cnc(N2CCNC3(CC3)C2)c(-c2cncnc2)c1,YSAZBHGEIUHZHE,1,-1,-1,O=C(Nc1ccccc1)c1cnc(N2CCNC3(CC3)C2)c(-c2cncnc2)c1,train
CHEMBL3894811,O=C(Nc1ccc(OC(F)(F)F)cc1)c1cnc(N2CC[C@H](CO)C2)c(-c2ccc(Cl)nc2)c1,OXRSVYBKAAGNNT,1,-1,-1,O=C(Nc1ccccc1)c1cnc(N2CCCC2)c(-c2cccnc2)c1,train
CHEMBL3895420,Cc1cc(-c2cc(C(=O)Nc3ccc(OC(F)(F)Cl)cc3)cnc2N2CC(C)(O)C2)[nH]n1,OUXMQYDJMDOUQS,1,-1,-1,O=C(Nc1ccccc1)c1cnc(N2CCC2)c(-c2ccn[nH]2)c1,train
CHEMBL3896096,O=C(Nc1ccc(OC(F)(F)F)cc1)c1cnc(N2CC(CO)C2)c(-c2cccnc2)c1,VCQPHTUOLDOAAA,1,-1,-1,O=C(Nc1ccccc1)c1cnc(N2CCC2)c(-c2cccnc2)c1,train
CHEMBL3896105,CN[C@H]1CCN(c2ncc(C(=O)Nc3ccc(OC(F)(F)F)cc3)cc2-c2ccc(C)nc2)C1,MKIQRAVALOTEIL,1,-1,-1,O=C(Nc1ccccc1)c1cnc(N2CCCC2)c(-c2cccnc2)c1,train
CHEMBL3896221,CN(CCCO)c1ncc(C(=O)Nc2ccc(OC(F)(F)F)cc2)cc1-c1cccnc1,HQLCOSUMDOUORU,1,-1,-1,O=C(Nc1ccccc1)c1cncc(-c2cccnc2)c1,train
CHEMBL3896423,CN[C@H]1CCN(c2ncc(C(=O)Nc3ccc(OC(F)(F)F)cc3)cc2-c2cncnc2)C1,RMXXNLMNXXNJPX,1,-1,-1,O=C(Nc1ccccc1)c1cnc(N2CCCC2)c(-c2cncnc2)c1,train
CHEMBL3896686,CCN(CCO)c1ncc(C(=O)Nc2ccc(SC(F)(F)F)cc2)cc1-c1cncc(C#N)c1,WKRJCVZTMOTOQU,1,-1,-1,O=C(Nc1ccccc1)c1cncc(-c2cccnc2)c1,train
CHEMBL3897019,Cc1ncc(-c2cc(C(=O)Nc3ccc(OC(F)(F)F)cc3)cnc2N2CC[C@H](CO)C2)s1,YVNHSZYGEWWXAF,1,-1,-1,O=C(Nc1ccccc1)c1cnc(N2CCCC2)c(-c2cncs2)c1,train
CHEMBL3897453,Cc1ccc(-c2cc(C(=O)Nc3ccc(OC(F)(F)F)cc3)cnc2N2CCC[C@H](O)C2)cn1,CDADKVPKYARHOT,1,-1,-1,O=C(Nc1ccccc1)c1cnc(N2CCCCC2)c(-c2cccnc2)c1,train
CHEMBL3897561,O=C(Nc1ccc(OC(F)(F)Cl)cc1)c1cnc(N2CC3(CNC3)C2)c(-c2ccn[nH]2)c1,NCVATTNGCDHNJS,1,-1,-1,O=C(Nc1ccccc1)c1cnc(N2CC3(CNC3)C2)c(-c2ccn[nH]2)c1,train
CHEMBL3897748,CN(CCO)c1ncc(C(=O)Nc2ccc(SC(F)(F)F)cc2)cc1-c1cncc(C#N)c1,GDJXOVJKZJZXRM,1,-1,-1,O=C(Nc1ccccc1)c1cncc(-c2cccnc2)c1,train
CHEMBL3897818,O=C(O)CCNc1ncc(C(=O)Nc2ccc(OC(F)(F)F)cc2)cc1-c1ccn[nH]1,IQQFRQJDULMWJG,1,-1,-1,O=C(Nc1ccccc1)c1cncc(-c2ccn[nH]2)c1,train
CHEMBL3898136,O=C(Nc1ccc(OC(F)(F)F)cc1)c1ccc(Cl)c(-c2ccncc2)c1,GXOQLGXNORXVPM,1,-1,-1,O=C(Nc1ccccc1)c1cccc(-c2ccncc2)c1,train
CHEMBL3898258,O=C(Nc1ccc(OC(F)(F)Cl)cc1)c1cnc(N2C[C@H](O)[C@@H](O)C2)c(-c2cncnc2)c1,INMCQZXOLSELDJ,1,-1,-1,O=C(Nc1ccccc1)c1cnc(N2CCCC2)c(-c2cncnc2)c1,train
CHEMBL3898364,O=C(Nc1ccc(OC(F)(F)Cl)cc1)c1cnc(N2CC(O)C2)c(-c2cncnc2)c1,CBPASGWEOSMXDT,1,-1,-1,O=C(Nc1ccccc1)c1cnc(N2CCC2)c(-c2cncnc2)c1,train
CHEMBL3899209,CN(CCO)c1ncc(C(=O)Nc2ccc(SC(F)(F)F)cc2)cc1-c1ccn[nH]1,OZUJXIBTTXJPEX,1,-1,-1,O=C(Nc1ccccc1)c1cncc(-c2ccn[nH]2)c1,train
CHEMBL3899379,NC[C@H]1CN(c2ncc(C(=O)Nc3ccc(OC(F)(F)Cl)cc3)cc2-c2ccn[nH]2)C[C@H]1O,WWHCELUOEAHQQN,1,-1,-1,O=C(Nc1ccccc1)c1cnc(N2CCCC2)c(-c2ccn[nH]2)c1,train
CHEMBL3899632,O=C(Nc1ccc(OC(F)(F)F)cc1)c1cnc(N2CCOCC2)c(-c2ccn[nH]2)c1,JSHXKAWCLWZMFW,1,-1,-1,O=C(Nc1ccccc1)c1cnc(N2CCOCC2)c(-c2ccn[nH]2)c1,train
CHEMBL3900003,CCN(CCO)c1ncc(C(=O)Nc2ccc(SC(F)(F)F)cc2)cc1-c1ccn[nH]1,PSARALZPMDZCCS,1,-1,-1,O=C(Nc1ccccc1)c1cncc(-c2ccn[nH]2)c1,train
CHEMBL3900154,Cc1ccc(-c2cc(C(=O)Nc3ccc(OC(F)(F)F)cc3)cnc2N(C)CCCO)cn1,DYBNNZGGVNHERU,1,-1,-1,O=C(Nc1ccccc1)c1cncc(-c2cccnc2)c1,train
CHEMBL3900366,N#Cc1ccc(-c2cc(C(=O)Nc3ccc(OC(F)(F)F)cc3)ccc2N2C[C@H](O)[C@@H](O)C2)[nH]1,WLLLXAAYCLZUSO,1,-1,-1,O=C(Nc1ccccc1)c1ccc(N2CCCC2)c(-c2ccc[nH]2)c1,train
CHEMBL3900626,C[C@]1(O)CCN(c2ncc(C(=O)Nc3ccc(OC(F)(F)Cl)cc3)cc2-c2ccn[nH]2)C1,ANZVSVJXLRSKGN,1,-1,-1,O=C(Nc1ccccc1)c1cnc(N2CCCC2)c(-c2ccn[nH]2)c1,train
CHEMBL3900732,O=C(Nc1ccc(OC(F)(F)Cl)cc1)c1cnc(N2CC[C@H](O)C2)c(-c2cncnc2)c1,SXTRKVXLELDRIE,1,-1,-1,O=C(Nc1ccccc1)c1cnc(N2CCCC2)c(-c2cncnc2)c1,train
CHEMBL3900938,N[C@@H]1[C@H]2CN(c3ncc(C(=O)Nc4ccc(OC(F)(F)Cl)cc4)cc3-c3cncnc3)C[C@@H]12,SLPHANANQOBVQJ,1,-1,-1,O=C(Nc1ccccc1)c1cnc(N2CC3CC3C2)c(-c2cncnc2)c1,train
CHEMBL3901009,O=C(Nc1ccc(OC(F)(F)F)cc1)c1cnc(Cl)c(-c2cncc(F)c2)c1,HKRVBMKCXQZEOL,1,-1,-1,O=C(Nc1ccccc1)c1cncc(-c2cccnc2)c1,train
CHEMBL3901163,NC[C@@H]1CCN(c2ncc(C(=O)Nc3ccc(OC(F)(F)F)cc3)cc2-c2cncnc2)C1,ZHSJPWWWEJYCPF,1,-1,-1,O=C(Nc1ccccc1)c1cnc(N2CCCC2)c(-c2cncnc2)c1,train
CHEMBL3901311,CN(CCO)c1ncc(C(=O)Nc2ccc(OC(F)(F)F)cc2)cc1-c1ccn[nH]1,PNLRZJQXZGAEHR,1,-1,-1,O=C(Nc1ccccc1)c1cncc(-c2ccn[nH]2)c1,train
CHEMBL3901390,COc1ccc(-c2cc(C(=O)Nc3ccc(OC(F)(F)F)cc3)cnc2NCCCO)cn1,OCIDMEUNQMLRMU,1,-1,-1,O=C(Nc1ccccc1)c1cncc(-c2cccnc2)c1,train
CHEMBL3901435,N#Cc1cncc(-c2cc(C(=O)Nc3ccc(OC(F)(F)Cl)cc3)cnc2N2C[C@@H](O)[C@@H](O)C2)c1,OQEWTWZOBPIGHC,1,-1,-1,O=C(Nc1ccccc1)c1cnc(N2CCCC2)c(-c2cccnc2)c1,train
CHEMBL3902058,Cc1ccc(-c2cc(C(=O)Nc3ccc(OC(F)(F)F)cc3)cnc2N2CC[C@H](CO)C2)cn1,HZPMQMATNFFSEH,1,-1,-1,O=C(Nc1ccccc1)c1cnc(N2CCCC2)c(-c2cccnc2)c1,train
CHEMBL3902696,O=C(Nc1ccc(OC(F)(F)Cl)cc1)c1cnc(NCCC(O)C(=O)O)c(-c2ccn[nH]2)c1,YHQRLIMXYWBUAV,1,-1,-1,O=C(Nc1ccccc1)c1cncc(-c2ccn[nH]2)c1,train
CHEMBL3902822,CC(C)(O)C1CCN(c2ncc(C(=O)Nc3ccc(OC(F)(F)F)cc3)cc2-c2cncnc2)C1,DWWDIZDQTLOTDK,1,-1,-1,O=C(Nc1ccccc1)c1cnc(N2CCCC2)c(-c2cncnc2)c1,train
CHEMBL3902824,Cc1ccc(-c2cc(C(=O)Nc3ccc(OC(F)(F)F)cc3)cnc2N2CC[C@H](N)C2)cn1,CDISOBVGWDRFLK,1,-1,-1,O=C(Nc1ccccc1)c1cnc(N2CCCC2)c(-c2cccnc2)c1,train
CHEMBL3902865,O=C(Nc1ccc(OC(F)(F)F)cc1)c1cnc(N2CCCOCC2)c(-c2cncnc2)c1,IZOQYTBURMSLFU,1,-1,-1,O=C(Nc1ccccc1)c1cnc(N2CCCOCC2)c(-c2cncnc2)c1,train
CHEMBL3903055,Nc1cnc(-c2cccc(C(=O)Nc3ccc(OC(F)(F)F)cc3)c2)cn1,GVTGUGSYELVURC,1,-1,-1,O=C(Nc1ccccc1)c1cccc(-c2cnccn2)c1,train
CHEMBL3903302,CC(C)(O)C1CN(c2ncc(C(=O)Nc3ccc(OC(F)(F)F)cc3)cc2-c2cncnc2)C1,VSUHQPVJGGKDMR,1,-1,-1,O=C(Nc1ccccc1)c1cnc(N2CCC2)c(-c2cncnc2)c1,train
CHEMBL3903657,O=C(Nc1ccc(OC(F)(F)Cl)cc1)c1cnc(N2CCC(F)(F)C2)c(-c2cncnc2)c1,QYCPMMHFZSTIFJ,1,-1,-1,O=C(Nc1ccccc1)c1cnc(N2CCCC2)c(-c2cncnc2)c1,train
CHEMBL3903802,O=C(Nc1ccc(OC(F)(F)Cl)cc1)c1cnc(N2CC(O)C2)c(-c2[nH]ncc2F)c1,DWFJWJZLOYQTOJ,1,-1,-1,O=C(Nc1ccccc1)c1cnc(N2CCC2)c(-c2ccn[nH]2)c1,train
CHEMBL3904036,CN(C)C1CN(c2ncc(C(=O)Nc3ccc(OC(F)(F)F)cc3)cc2-c2cncc(F)c2)C1,RLUPLDFQRKMUNL,1,-1,-1,O=C(Nc1ccccc1)c1cnc(N2CCC2)c(-c2cccnc2)c1,train
CHEMBL3904200,O=C(Nc1ccc(OC(F)(F)Cl)cc1)c1ccc(N2C[C@H](O)[C@@H](O)C2)c(-c2cncnc2)c1,PCIILKPGWCOWJP,1,-1,-1,O=C(Nc1ccccc1)c1ccc(N2CCCC2)c(-c2cncnc2)c1,train
CHEMBL3904850,COc1ccc(C(=O)NNc2nc3c(cnn3-c3ccccc3)c(=O)n2-c2ccccc2)cc1,XPBAWTOJNHVFMH,0,-1,-1,O=C(NNc1nc2c(cnn2-c2ccccc2)c(=O)n1-c1ccccc1)c1ccccc1,train
CHEMBL3905198,Cc1ccc(-c2cc(C(=O)Nc3ccc(OC(F)(F)F)cc3)cnc2N2CC(C)(O)C2)cn1,MVBAUCNDHYCLIO,1,-1,-1,O=C(Nc1ccccc1)c1cnc(N2CCC2)c(-c2cccnc2)c1,train
CHEMBL3905223,N[C@@H]1[C@H]2CN(c3ncc(C(=O)Nc4ccc(OC(F)(F)F)cc4)cc3-c3ccn[nH]3)C[C@@H]12,QCWBCPGBICUNLZ,1,-1,-1,O=C(Nc1ccccc1)c1cnc(N2CC3CC3C2)c(-c2ccn[nH]2)c1,train
CHEMBL3905480,NC1CN(c2ncc(C(=O)Nc3ccc(OC(F)(F)F)cc3)cc2-c2cncnc2)C1,AAJTYVYNIZOVQM,1,-1,-1,O=C(Nc1ccccc1)c1cnc(N2CCC2)c(-c2cncnc2)c1,train
CHEMBL3906333,O=C(Nc1ccc(OC(F)(F)F)cc1)c1cnc(N2CC(CO)C2)c(-c2cnc(Cl)c(F)c2)c1,OHLLBUFSMDTNKW,1,-1,-1,O=C(Nc1ccccc1)c1cnc(N2CCC2)c(-c2cccnc2)c1,train
CHEMBL3906709,N[C@H]1CN(c2ccc(C(=O)Nc3ccc(OC(F)(F)Cl)cc3)cc2-c2cncc(F)c2)C[C@@H]1O,OGXYZXPBGQGPFI,1,-1,-1,O=C(Nc1ccccc1)c1ccc(N2CCCC2)c(-c2cccnc2)c1,train
CHEMBL3906751,CN(CCO)c1ncc(C(=O)Nc2ccc(SC(F)(F)F)cc2)cc1-c1cncnc1,COKYYKQOZKDEOF,1,-1,-1,O=C(Nc1ccccc1)c1cncc(-c2cncnc2)c1,train
CHEMBL3906897,N[C@H]1CN(c2ncc(C(=O)Nc3ccc(OC(F)(F)Cl)cc3)cc2-c2cncc(F)c2)C[C@@H]1O,QPYRLXRNTANVNN,1,-1,-1,O=C(Nc1ccccc1)c1cnc(N2CCCC2)c(-c2cccnc2)c1,train
CHEMBL3907237,O=C(Nc1ccc(OC(F)(F)F)cc1)c1cnc(NCCCO)c(-c2cccnc2)c1,NFUFLIFDVHRTHF,1,-1,-1,O=C(Nc1ccccc1)c1cncc(-c2cccnc2)c1,train
CHEMBL3907269,O=C(Nc1ccc(OC(F)(F)F)cc1)c1ccc(N2C[C@@H](O)[C@@H](O)C2)c(-c2cncnc2)c1,WKZIKPYEJBZHNQ,1,-1,-1,O=C(Nc1ccccc1)c1ccc(N2CCCC2)c(-c2cncnc2)c1,train
CHEMBL3907285,O=C(Nc1ccc(OC(F)(F)F)cc1)c1cnc(N2CCCC2)c(-c2ccc(CO)nc2)c1,CYTHNYJYTSDEQS,1,-1,-1,O=C(Nc1ccccc1)c1cnc(N2CCCC2)c(-c2cccnc2)c1,train
CHEMBL3907286,O=C(Nc1ccc(OC(F)(F)F)cc1)c1cnc(N2CC[C@H](CO)C2)c(-c2cncc(F)c2)c1,HKSZRMJWOOFRJH,1,-1,-1,O=C(Nc1ccccc1)c1cnc(N2CCCC2)c(-c2cccnc2)c1,train
CHEMBL3907859,N#Cc1ncc(-c2cc(C(=O)Nc3ccc(OC(F)(F)F)cc3)cnc2N2CC[C@H](CO)C2)cn1,QFMJYJTYBSFWDO,1,-1,-1,O=C(Nc1ccccc1)c1cnc(N2CCCC2)c(-c2cncnc2)c1,train
CHEMBL3908038,O=C(Nc1ccc(OC(F)(F)F)c(F)c1)c1cccc(-c2cncnc2)c1,RLLXECRBCPORMF,1,-1,-1,O=C(Nc1ccccc1)c1cccc(-c2cncnc2)c1,train
CHEMBL3908439,O=C(Nc1ccc(OC(F)(F)F)cc1)c1cnc(N2C[C@H](O)[C@@H](F)C2)c(-c2ccn[nH]2)c1,XKHIIXWZDDXPKP,1,-1,-1,O=C(Nc1ccccc1)c1cnc(N2CCCC2)c(-c2ccn[nH]2)c1,train
CHEMBL3908507,O=C(Nc1ccc(OC(F)(F)F)cc1)c1ccc(N2C[C@H](O)[C@@H](O)C2)c(-c2cccnc2)c1,TXRYJDJETFXTIP,1,-1,-1,O=C(Nc1ccccc1)c1ccc(N2CCCC2)c(-c2cccnc2)c1,train
CHEMBL3908521,O=C(Nc1ccc(OC(F)(F)F)cc1)c1ccc(OCCN2CCCC2)c(-c2cncnc2)c1,WPSWNDSKLXFMIS,1,-1,-1,O=C(Nc1ccccc1)c1ccc(OCCN2CCCC2)c(-c2cncnc2)c1,train
CHEMBL3908533,O=C(Nc1ccc(OC(F)(F)F)cc1)c1cnc(N2CC[C@H](CO)C2)c(-c2ccc(CF)nc2)c1,CCOWODSAVFJFEA,1,-1,-1,O=C(Nc1ccccc1)c1cnc(N2CCCC2)c(-c2cccnc2)c1,train
CHEMBL3908712,O=C(Nc1ccc(OC(F)(F)F)cc1)c1cnc(N2CC(CO)C2)c(-c2cncc(F)c2)c1,AZNGRPVOOURPPE,1,-1,-1,O=C(Nc1ccccc1)c1cnc(N2CCC2)c(-c2cccnc2)c1,train
CHEMBL3908742,O=C(Nc1ccc(OC(F)(F)Cl)cc1)c1cnc(N(CCO)CCO)c(-c2cncnc2)c1,AOJYYAYHAKCVTM,1,-1,-1,O=C(Nc1ccccc1)c1cncc(-c2cncnc2)c1,train
CHEMBL3908795,O=C(Nc1ccc(OC(F)(F)F)cc1)c1cnc(N2CCOCC2)c(-c2cnccn2)c1,RMJXXLRKZVBMSZ,1,-1,-1,O=C(Nc1ccccc1)c1cnc(N2CCOCC2)c(-c2cnccn2)c1,train
CHEMBL3908797,O=C(Nc1ccc(OC(F)(F)Cl)cc1)c1cnc(N2CC[C@H](CO)C2)c(-c2cncc(F)c2)c1,AVLYFSLFKAKGMU,1,-1,-1,O=C(Nc1ccccc1)c1cnc(N2CCCC2)c(-c2cccnc2)c1,train
CHEMBL3909037,O=C(Nc1ccc(OC(F)(F)Cl)cc1)c1cnc(N2CCC[C@H](O)C2)c(-c2ccn[nH]2)c1,OBPFCWBPCFXYCS,1,-1,-1,O=C(Nc1ccccc1)c1cnc(N2CCCCC2)c(-c2ccn[nH]2)c1,train
CHEMBL3909587,NCC1CN(c2ncc(C(=O)Nc3ccc(OC(F)(F)F)cc3)cc2-c2cncc(F)c2)CC1O,TTYAYOHWYHDSHW,1,-1,-1,O=C(Nc1ccccc1)c1cnc(N2CCCC2)c(-c2cccnc2)c1,train
CHEMBL3909590,CN(CCO)c1ncc(C(=O)Nc2ccc(OC(F)(F)Cl)cc2)cc1-c1cncc(F)c1,RMQKNEPCBHBIEW,1,-1,-1,O=C(Nc1ccccc1)c1cncc(-c2cccnc2)c1,train
CHEMBL3909640,N#Cc1ccc(-c2cc(C(=O)Nc3ccc(OC(F)(F)F)cc3)cnc2N2CC[C@H](CO)C2)cn1,KOOYXJXVNUHAMT,1,-1,-1,O=C(Nc1ccccc1)c1cnc(N2CCCC2)c(-c2cccnc2)c1,train
CHEMBL3909820,C[C@]1(O)CCN(c2ncc(C(=O)Nc3ccc(OC(F)(F)F)cc3)cc2-c2cncnc2)C1,WYEBITZXMREEND,1,-1,-1,O=C(Nc1ccccc1)c1cnc(N2CCCC2)c(-c2cncnc2)c1,train
CHEMBL3910054,O=C(Nc1ccc(OC(F)(F)F)cc1)c1cnc(N2CCC[C@H](O)C2)c(-c2cccnc2)c1,HLINSTHZOOXDEN,1,-1,-1,O=C(Nc1ccccc1)c1cnc(N2CCCCC2)c(-c2cccnc2)c1,train
CHEMBL3910059,O=C(Nc1ccc(OC(F)(F)F)cc1)c1cnc(Cl)c(-c2cccnc2)c1,UFXQJCOFFBRHIY,1,-1,-1,O=C(Nc1ccccc1)c1cncc(-c2cccnc2)c1,train
CHEMBL3910619,O=C(Nc1ccc(OC(F)(F)F)cc1)c1cnc(N2CCC[C@H](O)C2)c(-c2cncnc2)c1,IPJKLYGNQAWYCX,1,-1,-1,O=C(Nc1ccccc1)c1cnc(N2CCCCC2)c(-c2cncnc2)c1,train
CHEMBL3910722,N[C@@H]1[C@H]2CN(c3ncc(C(=O)Nc4ccc(OC(F)(F)Cl)cc4)cc3-c3ccn[nH]3)C[C@@H]12,XUMAUMKGZFLKEI,1,-1,-1,O=C(Nc1ccccc1)c1cnc(N2CC3CC3C2)c(-c2ccn[nH]2)c1,train
CHEMBL3911270,O=C(Nc1ccc(SC(F)(F)F)cc1)c1cnc(N2CC[C@H](CO)C2)c(-c2cncnc2)c1,MEABAANAHNWEPH,1,-1,-1,O=C(Nc1ccccc1)c1cnc(N2CCCC2)c(-c2cncnc2)c1,train
CHEMBL3911446,O=C(Nc1ccc(SC(F)(F)F)cc1)c1cnc(N2CC[C@H](O)C2)c(-c2cncnc2)c1,UHBHXEYMLMAMQC,1,-1,-1,O=C(Nc1ccccc1)c1cnc(N2CCCC2)c(-c2cncnc2)c1,train
CHEMBL3911525,O=C(NNc1nc2c(cnn2-c2ccccc2)c(=O)n1-c1ccccc1)c1ccccc1,LPMYCELHAVRVHQ,0,-1,-1,O=C(NNc1nc2c(cnn2-c2ccccc2)c(=O)n1-c1ccccc1)c1ccccc1,train
CHEMBL3911557,O=C(Nc1ccc(OC(F)(F)Cl)cc1)c1cnc(N2CC(CO)C2)c(-c2ccn[nH]2)c1,NSJACFBXQYPONP,1,-1,-1,O=C(Nc1ccccc1)c1cnc(N2CCC2)c(-c2ccn[nH]2)c1,train
CHEMBL3912888,COc1ncc(-c2cc(C(=O)Nc3ccc(OC(F)(F)F)cc3)ccc2Cl)cn1,HAUOLQOLMLESNR,1,-1,-1,O=C(Nc1ccccc1)c1cccc(-c2cncnc2)c1,train
CHEMBL3912930,CN(C)[C@H]1CN(c2ncc(C(=O)Nc3ccc(OC(F)(F)F)cc3)cc2-c2cncc(F)c2)C[C@@H]1O,XMDQRPQVMGHTEV,1,-1,-1,O=C(Nc1ccccc1)c1cnc(N2CCCC2)c(-c2cccnc2)c1,train
CHEMBL3913939,O=C(Nc1ccc(OC(F)(F)F)cc1)c1cncc(-c2cncnc2)c1,RCRUKIMUBXEUMU,1,-1,-1,O=C(Nc1ccccc1)c1cncc(-c2cncnc2)c1,train
CHEMBL3914500,Cc1ncc(-c2cc(C(=O)Nc3ccc(OC(F)(F)F)cc3)cnc2N2CC[C@H](CO)C2)cn1,CIPSANBAOKMADM,1,-1,-1,O=C(Nc1ccccc1)c1cnc(N2CCCC2)c(-c2cncnc2)c1,train
CHEMBL3915069,CCN(CCO)c1ncc(C(=O)Nc2ccc(OC(F)(F)Cl)cc2)cc1-c1cncc(F)c1,KPARYTFQTPTQQY,1,-1,-1,O=C(Nc1ccccc1)c1cncc(-c2cccnc2)c1,train
CHEMBL3915104,CCN(CCO)c1ncc(C(=O)Nc2ccc(OC(F)(F)F)cc2)cc1-c1cncc(F)c1,WXJNINLYSLHIGN,1,-1,-1,O=C(Nc1ccccc1)c1cncc(-c2cccnc2)c1,train
CHEMBL3915131,O=C(O)CCNc1ncc(C(=O)Nc2ccc(OC(F)(F)Cl)cc2)cc1-c1ccn[nH]1,NTPXPMAVNMPMQU,1,-1,-1,O=C(Nc1ccccc1)c1cncc(-c2ccn[nH]2)c1,train
CHEMBL3915183,COc1ccc(C(=O)Nc2ccc(OC(F)(F)F)cc2)cc1-c1cncnc1,DPMHDCFAIUFGEP,1,-1,-1,O=C(Nc1ccccc1)c1cccc(-c2cncnc2)c1,train
CHEMBL3915545,N[C@@H]1[C@H]2CN(c3ncc(C(=O)Nc4ccc(OC(F)(F)F)cc4)cc3-c3cncnc3)C[C@@H]12,UJSDGMRXYFUBBD,1,-1,-1,O=C(Nc1ccccc1)c1cnc(N2CC3CC3C2)c(-c2cncnc2)c1,train
CHEMBL3915619,Cc1ccc(-c2cc(C(=O)Nc3ccc(OC(F)(F)F)cc3)cnc2N2CCC(C(C)(C)O)C2)cn1,SBMMRHPTCRZPTA,1,-1,-1,O=C(Nc1ccccc1)c1cnc(N2CCCC2)c(-c2cccnc2)c1,train
CHEMBL3915759,CO[C@H]1CN(c2ncc(C(=O)Nc3ccc(OC(F)(F)F)cc3)cc2-c2cncnc2)C[C@@H]1O,HSZKZOAFPZIIMI,1,-1,-1,O=C(Nc1ccccc1)c1cnc(N2CCCC2)c(-c2cncnc2)c1,train
CHEMBL3915875,O=C(Nc1ccc(OC(F)(F)Cl)cc1)c1cnc(N2C[C@@H](O)[C@@H](O)C2)c(-c2cncc(F)c2)c1,QIDUKMINDWSKNM,1,-1,-1,O=C(Nc1ccccc1)c1cnc(N2CCCC2)c(-c2cccnc2)c1,train
CHEMBL3916467,CO[C@H]1CN(c2ncc(C(=O)Nc3ccc(OC(F)(F)F)cc3)cc2-c2ccn[nH]2)C[C@@H]1N,ODKWGCIWORSBQH,1,-1,-1,O=C(Nc1ccccc1)c1cnc(N2CCCC2)c(-c2ccn[nH]2)c1,train
CHEMBL3916724,NC12CC1CN(c1ncc(C(=O)Nc3ccc(OC(F)(F)Cl)cc3)cc1-c1ccn[nH]1)C2,QSWKBWJSTOMYGX,1,-1,-1,O=C(Nc1ccccc1)c1cnc(N2CC3CC3C2)c(-c2ccn[nH]2)c1,train
CHEMBL391724,CSc1nc(NCc2ccccc2F)c2cnn(CC(Cl)c3ccccc3)c2n1,VFCMZLUYFAKLPR,1,-1,-1,c1ccc(CCn2ncc3c(NCc4ccccc4)ncnc32)cc1,train
CHEMBL3917328,O=C(Nc1ccc(OC(F)(F)F)cc1)c1ccc(N2C[C@H](O)[C@@H](O)C2)c(-c2cncnc2)c1,WKZIKPYEJBZHNQ,1,-1,-1,O=C(Nc1ccccc1)c1ccc(N2CCCC2)c(-c2cncnc2)c1,train
CHEMBL3917349,CCc1ccc(-c2cc(C(=O)Nc3ccc(OC(F)(F)F)cc3)cnc2N2CC[C@H](CO)C2)cn1,ALDOGZAOXSIQLR,1,-1,-1,O=C(Nc1ccccc1)c1cnc(N2CCCC2)c(-c2cccnc2)c1,train
CHEMBL3917389,O=C(Nc1ccc(OC(F)(F)F)cc1)c1cnc(C2CCOCC2)c(-c2cncnc2)c1,DMVIJNXPSHAOLR,1,-1,-1,O=C(Nc1ccccc1)c1cnc(C2CCOCC2)c(-c2cncnc2)c1,train
CHEMBL3917521,O=c1c2cnn(-c3ccccc3)c2n2c(-c3ccccc3)nnc2n1-c1ccccc1,WESBQPGWEUDGPW,0,-1,-1,O=c1c2cnn(-c3ccccc3)c2n2c(-c3ccccc3)nnc2n1-c1ccccc1,train
CHEMBL3917548,NC1CN(c2ncc(C(=O)Nc3ccc(OC(F)(F)Cl)cc3)cc2-c2cncnc2)C1,YQCHJORSBGANNU,1,-1,-1,O=C(Nc1ccccc1)c1cnc(N2CCC2)c(-c2cncnc2)c1,train
CHEMBL3918260,O=C(Nc1ccc(OC(F)(F)Cl)cc1)c1cnc(NCC[C@H](O)CO)c(-c2ccn[nH]2)c1,HRCGIGMWWWTIJQ,1,-1,-1,O=C(Nc1ccccc1)c1cncc(-c2ccn[nH]2)c1,train
CHEMBL3918681,Cc1ccc(-c2cc(C(=O)Nc3ccc(OC(F)(F)F)cc3)cnc2N2CC(C(C)(C)O)C2)cn1,SQQDGGNQFICWGU,1,-1,-1,O=C(Nc1ccccc1)c1cnc(N2CCC2)c(-c2cccnc2)c1,train
CHEMBL3918804,O=C(Nc1ccc(OC(F)(F)Cl)cc1)c1cnc(N2CCOCC2)c(-c2ccn[nH]2)c1,CIMQEFIVVZKGJL,1,-1,-1,O=C(Nc1ccccc1)c1cnc(N2CCOCC2)c(-c2ccn[nH]2)c1,train
CHEMBL3918819,COCCOc1ncc(C(=O)Nc2ccc(OC(F)(F)F)cc2)cc1-c1ccn[nH]1,NUKMXQFKLOWNKM,1,-1,-1,O=C(Nc1ccccc1)c1cncc(-c2ccn[nH]2)c1,train
CHEMBL3919275,CCN(CCO)c1ncc(C(=O)Nc2ccc(OC(F)(F)F)cc2)cc1-c1cncc(C#N)c1,ZJMVZCWYXVEPKM,1,-1,-1,O=C(Nc1ccccc1)c1cncc(-c2cccnc2)c1,train
CHEMBL3919800,O=C(Nc1ccc(OC(F)(F)F)cc1)c1cnc(N2C[C@@H](O)[C@@H](O)C2)c(-c2cncnc2)c1,UIJNSOCKKUHXHZ,1,-1,-1,O=C(Nc1ccccc1)c1cnc(N2CCCC2)c(-c2cncnc2)c1,train
CHEMBL3920051,CC1(O)CN(c2ncc(C(=O)Nc3ccc(OC(F)(F)F)cc3)cc2-c2cncnc2)C1,YKEORGNMVCKLCC,1,-1,-1,O=C(Nc1ccccc1)c1cnc(N2CCC2)c(-c2cncnc2)c1,train
CHEMBL3920904,N[C@H]1CN(c2ccc(C(=O)Nc3ccc(OC(F)(F)Cl)cc3)cc2-c2ccn[nH]2)C[C@@H]1O,WJJBFLJOSVQWDJ,1,-1,-1,O=C(Nc1ccccc1)c1ccc(N2CCCC2)c(-c2ccn[nH]2)c1,train
CHEMBL3921088,O=C(Nc1ccc(OC(F)(F)Cl)cc1)c1cnc(N2CCNC3(CC3)C2)c(-c2ccn[nH]2)c1,LDBIPPPQOBSEKL,1,-1,-1,O=C(Nc1ccccc1)c1cnc(N2CCNC3(CC3)C2)c(-c2ccn[nH]2)c1,train
CHEMBL3921113,NC(=O)C1CCN(c2ncc(C(=O)Nc3ccc(OC(F)(F)F)cc3)cc2-c2cncnc2)CC1,QUNXMSWDJRDURH,1,-1,-1,O=C(Nc1ccccc1)c1cnc(N2CCCCC2)c(-c2cncnc2)c1,train
CHEMBL3921200,CCN(CCO)c1ncc(C(=O)Nc2ccc(SC(F)(F)F)cc2)cc1-c1cncc(F)c1,BIZUQUUVJGCMGX,1,-1,-1,O=C(Nc1ccccc1)c1cncc(-c2cccnc2)c1,train
CHEMBL3921587,C[C@]1(O)CCN(c2ncc(C(=O)Nc3ccc(OC(F)(F)F)cc3)cc2-c2ccn[nH]2)C1,JVOJDDPNCSLEDA,1,-1,-1,O=C(Nc1ccccc1)c1cnc(N2CCCC2)c(-c2ccn[nH]2)c1,train
CHEMBL3922003,CO[C@H]1CN(c2ncc(C(=O)Nc3ccc(OC(F)(F)Cl)cc3)cc2-c2ccn[nH]2)C[C@@H]1N,VWTVPAIDUWANSG,1,-1,-1,O=C(Nc1ccccc1)c1cnc(N2CCCC2)c(-c2ccn[nH]2)c1,train
CHEMBL3922356,Cc1cc(-c2cc(C(=O)Nc3ccc(OC(F)(F)Cl)cc3)cnc2N2CC(CO)C2)[nH]n1,ZBIZKPWWBLFXLN,1,-1,-1,O=C(Nc1ccccc1)c1cnc(N2CCC2)c(-c2ccn[nH]2)c1,train
CHEMBL3922791,O=C(Nc1ccc(OC(F)(F)F)cc1)c1cnc(N2CC[C@H](CO)C2)c(-c2cnc(Cl)c(F)c2)c1,MAXSMFFJPDUOMK,1,-1,-1,O=C(Nc1ccccc1)c1cnc(N2CCCC2)c(-c2cccnc2)c1,train
CHEMBL392301,CCSc1nc(NCCc2ccccc2)c2cnn(CC(Cl)c3ccccc3)c2n1,GWPZAFFIOBYFPC,1,-1,-1,c1ccc(CCNc2ncnc3c2cnn3CCc2ccccc2)cc1,train
CHEMBL3923154,O=C(Nc1ccc(OC(F)(F)F)cc1)c1cnc(N2CCCC2)c(-c2ccn[nH]2)c1,LGWBRAJXOQTJQA,1,-1,-1,O=C(Nc1ccccc1)c1cnc(N2CCCC2)c(-c2ccn[nH]2)c1,train
CHEMBL3923589,CO[C@H]1CN(c2ccc(C(=O)Nc3ccc(OC(F)(F)F)cc3)cc2-c2cncs2)C[C@@H]1O,ZYMODPGZTHFWKX,1,-1,-1,O=C(Nc1ccccc1)c1ccc(N2CCCC2)c(-c2cncs2)c1,train
CHEMBL3923720,O=C(Nc1ccc(OC(F)(F)Cl)cc1)c1cnc(N2CCC3(CNC3)C2)c(-c2ccn[nH]2)c1,FZCMFDZZTLOTFI,1,-1,-1,O=C(Nc1ccccc1)c1cnc(N2CCC3(CNC3)C2)c(-c2ccn[nH]2)c1,train
CHEMBL3924434,O=C(Nc1ccc(OC(F)(F)F)c(F)c1)c1cnc(N2CC[C@H](CO)C2)c(-c2cncc(F)c2)c1,MQLKYTPZVBWLJA,1,-1,-1,O=C(Nc1ccccc1)c1cnc(N2CCCC2)c(-c2cccnc2)c1,train
CHEMBL3925052,CN(CCO)c1ncc(C(=O)Nc2ccc(OC(F)(F)Cl)cc2)cc1-c1cncnc1,OLSVTWHLZWGXCT,1,-1,-1,O=C(Nc1ccccc1)c1cncc(-c2cncnc2)c1,train
CHEMBL3925769,O=C(Nc1ccc(OC(F)(F)Cl)cc1)c1cnc(N2CC(CO)C2)c(-c2[nH]ncc2F)c1,JDZNDPGYFTWSKJ,1,-1,-1,O=C(Nc1ccccc1)c1cnc(N2CCC2)c(-c2ccn[nH]2)c1,train
CHEMBL3926537,CC1(O)CCN(c2ncc(C(=O)Nc3ccc(OC(F)(F)Cl)cc3)cc2-c2ccn[nH]2)C1,ANZVSVJXLRSKGN,1,-1,-1,O=C(Nc1ccccc1)c1cnc(N2CCCC2)c(-c2ccn[nH]2)c1,train
CHEMBL3926555,Cn1cc(-c2cc(C(=O)Nc3ccc(OC(F)(F)F)cc3)ccc2Cl)cn1,QTLVQHDQLVVWHM,1,-1,-1,O=C(Nc1ccccc1)c1cccc(-c2cn[nH]c2)c1,train
CHEMBL3926819,CCOc1ncc(C(=O)Nc2ccc(OC(F)(F)F)cc2)cc1-c1cncnc1,QDFOKEWPQMANBZ,1,-1,-1,O=C(Nc1ccccc1)c1cncc(-c2cncnc2)c1,train
CHEMBL3927318,CN(C)C1CN(c2ncc(C(=O)Nc3ccc(OC(F)(F)F)cc3)cc2-c2cncnc2)C1,AOHFTWFXLSHZSO,1,-1,-1,O=C(Nc1ccccc1)c1cnc(N2CCC2)c(-c2cncnc2)c1,train
CHEMBL3927811,N[C@H]1CN(c2ccc(C(=O)Nc3ccc(OC(F)(F)Cl)cc3)cc2-c2cncnc2)C[C@@H]1O,OBNFKYYGLVKIRB,1,-1,-1,O=C(Nc1ccccc1)c1ccc(N2CCCC2)c(-c2cncnc2)c1,train
CHEMBL3928323,Cc1ncc(-c2cc(C(=O)Nc3ccc(OC(F)(F)Cl)cc3)cnc2N2C[C@H](O)[C@@H](O)C2)cn1,PNIOIDLXCYNADK,1,-1,-1,O=C(Nc1ccccc1)c1cnc(N2CCCC2)c(-c2cncnc2)c1,train
CHEMBL3928824,CC1(O)CCN(c2ncc(C(=O)Nc3ccc(OC(F)(F)F)cc3)cc2-c2cncnc2)C1,WYEBITZXMREEND,1,-1,-1,O=C(Nc1ccccc1)c1cnc(N2CCCC2)c(-c2cncnc2)c1,train
CHEMBL3929135,O=C(Nc1ccc(OC(F)(F)Cl)cc1)c1cnc(N2CCC(F)(F)C2)c(-c2ccn[nH]2)c1,XWDMKQAPIDDOPE,1,-1,-1,O=C(Nc1ccccc1)c1cnc(N2CCCC2)c(-c2ccn[nH]2)c1,train
CHEMBL3929270,NCC1(O)CCN(c2ncc(C(=O)Nc3ccc(OC(F)(F)Cl)cc3)cc2-c2ccn[nH]2)C1,NDMQIPBLPKQZBH,1,-1,-1,O=C(Nc1ccccc1)c1cnc(N2CCCC2)c(-c2ccn[nH]2)c1,train
CHEMBL3930248,O=C(Nc1ccc(OC(F)(F)F)cc1)c1cnc(Cl)c(-c2ncc[nH]2)c1,UKEXMTKEAYZAKG,1,-1,-1,O=C(Nc1ccccc1)c1cncc(-c2ncc[nH]2)c1,train
CHEMBL3930961,O=C(Nc1ccc(OC(F)(F)F)cc1)c1cnc(N2CC(CO)C2)c(-c2ccn[nH]2)c1,RJISQTJIWMXKCL,1,-1,-1,O=C(Nc1ccccc1)c1cnc(N2CCC2)c(-c2ccn[nH]2)c1,train
CHEMBL3931127,NC12CC1CN(c1ncc(C(=O)Nc3ccc(OC(F)(F)Cl)cc3)cc1-c1cncnc1)C2,FKRMOWHTDVONPW,1,-1,-1,O=C(Nc1ccccc1)c1cnc(N2CC3CC3C2)c(-c2cncnc2)c1,train
CHEMBL3931751,Cc1ncc(-c2cc(C(=O)Nc3ccc(OC(F)(F)F)cc3)cnc2N2CC[C@H](CO)C2)cc1F,FDGBVSBVELNCPQ,1,-1,-1,O=C(Nc1ccccc1)c1cnc(N2CCCC2)c(-c2cccnc2)c1,train
CHEMBL3932037,NC1CN(c2ncc(C(=O)Nc3ccc(OC(F)(F)F)cc3)cc2-c2cncc(F)c2)C1,IBYSVERSYBSXLC,1,-1,-1,O=C(Nc1ccccc1)c1cnc(N2CCC2)c(-c2cccnc2)c1,train
CHEMBL3932245,O=C(Nc1ccc(OC(F)(F)F)cc1)c1cnc(Cl)c(-c2cncnc2)c1,AYKUEWOSJXTGOQ,1,-1,-1,O=C(Nc1ccccc1)c1cncc(-c2cncnc2)c1,train
CHEMBL3933211,CC1(O)CN(c2ncc(C(=O)Nc3ccc(OC(F)(F)F)cc3)cc2-c2cccnc2)C1,PUKZICLJNKRLSN,1,-1,-1,O=C(Nc1ccccc1)c1cnc(N2CCC2)c(-c2cccnc2)c1,train
CHEMBL3933477,COCCOc1ncc(C(=O)Nc2ccc(OC(F)(F)F)cc2)cc1-c1cncnc1,LABFVUOSRORCGB,1,-1,-1,O=C(Nc1ccccc1)c1cncc(-c2cncnc2)c1,train
CHEMBL3933733,N#Cc1ccncc1-c1cc(C(=O)Nc2ccc(OC(F)(F)Cl)cc2)cnc1N1C[C@H](O)[C@@H](O)C1,TZUXOBBLXUTNBL,1,-1,-1,O=C(Nc1ccccc1)c1cnc(N2CCCC2)c(-c2cccnc2)c1,train
CHEMBL3933980,O=C(Nc1ccc(OC(F)(F)F)cc1)c1cnc(N2CC(O)C2)c(-c2cncnc2)c1,USBNDMLOOKFMBD,1,-1,-1,O=C(Nc1ccccc1)c1cnc(N2CCC2)c(-c2cncnc2)c1,train
CHEMBL3934436,CCN(CCO)c1ncc(C(=O)Nc2ccc(OC(F)(F)Cl)cc2)cc1-c1cncnc1,GXZCQVFGFGKIHG,1,-1,-1,O=C(Nc1ccccc1)c1cncc(-c2cncnc2)c1,train
CHEMBL3935043,Cc1ccc(C(=O)Nc2ccc(OC(F)(F)F)cc2)cc1-c1cncnc1,CHZIAMJENFGBCI,1,-1,-1,O=C(Nc1ccccc1)c1cccc(-c2cncnc2)c1,train
CHEMBL3935476,O=C(Nc1ccc(OC(F)(F)Cl)cc1)c1cnc(N2CCN(CC(F)(F)F)CC2)c(-c2ccn[nH]2)c1,SFXZTRDAQXSVQL,1,-1,-1,O=C(Nc1ccccc1)c1cnc(N2CCNCC2)c(-c2ccn[nH]2)c1,train
CHEMBL3935589,O=C(Nc1ccc(OC(F)(F)F)cc1)c1ccc(Cl)c(-c2cccnc2)c1,XIZXFZZARZKLRV,1,-1,-1,O=C(Nc1ccccc1)c1cccc(-c2cccnc2)c1,train
CHEMBL3936180,O=C(Nc1ccc(OC(F)(F)F)cc1)c1ccc(F)c(-c2ccncc2)c1,ZFVFXVCEIFWXCB,1,-1,-1,O=C(Nc1ccccc1)c1cccc(-c2ccncc2)c1,train
CHEMBL3936374,O=C(Nc1ccc(OC(F)(F)Cl)cc1)c1cnc(N2C[C@H](O)[C@@H](F)C2)c(-c2ccn[nH]2)c1,LEKCFEKJMQWMAB,1,-1,-1,O=C(Nc1ccccc1)c1cnc(N2CCCC2)c(-c2ccn[nH]2)c1,train
CHEMBL3936417,Cc1cc(-c2cc(C(=O)Nc3ccc(OC(F)(F)F)cc3)cnc2N2CC(O)C2)[nH]n1,HDMXJILQDDBFEM,1,-1,-1,O=C(Nc1ccccc1)c1cnc(N2CCC2)c(-c2ccn[nH]2)c1,train
CHEMBL3936455,Cc1ccc(-c2cc(C(=O)Nc3ccc(OC(F)(F)F)cc3)ccc2N2C[C@H](O)[C@@H](O)C2)cn1,OJWQSGZBGYOEHG,1,-1,-1,O=C(Nc1ccccc1)c1ccc(N2CCCC2)c(-c2cccnc2)c1,train
CHEMBL3936467,O=C(Nc1ccc(OC(F)(F)F)cc1)c1ccc(O)c(-c2cncnc2)c1,PSIFNJOTGZGZBB,1,-1,-1,O=C(Nc1ccccc1)c1cccc(-c2cncnc2)c1,train
CHEMBL3936682,O=C(Nc1ccc(OC(F)(F)Cl)cc1)c1cnc(N2CC(CO)C2)c(-c2cncnc2)c1,VLFGXAJIBIFKHE,1,-1,-1,O=C(Nc1ccccc1)c1cnc(N2CCC2)c(-c2cncnc2)c1,train
CHEMBL3937265,Cc1ccc(-c2cc(C(=O)Nc3ccc(OC(F)(F)F)cc3)cnc2N2CC(CO)C2)cn1,ZNWUIWJJYLQBEA,1,-1,-1,O=C(Nc1ccccc1)c1cnc(N2CCC2)c(-c2cccnc2)c1,train
CHEMBL3937525,CN(CCO)c1ncc(C(=O)Nc2ccc(OC(F)(F)Cl)cc2)cc1-c1cncc(C#N)c1,XKRULHQNJBGDON,1,-1,-1,O=C(Nc1ccccc1)c1cncc(-c2cccnc2)c1,train
CHEMBL3937661,O=C(Nc1ccc(OC(F)(F)Cl)cc1)c1cnc(N2CC[C@H](CO)C2)c(-c2cncnc2)c1,FYSJXEIOAHGPJK,1,-1,-1,O=C(Nc1ccccc1)c1cnc(N2CCCC2)c(-c2cncnc2)c1,train
CHEMBL3938427,NCC1CN(c2ncc(C(=O)Nc3ccc(OC(F)(F)Cl)cc3)cc2-c2cncc(F)c2)CC1O,KNEQRSGBPMTLDX,1,-1,-1,O=C(Nc1ccccc1)c1cnc(N2CCCC2)c(-c2cccnc2)c1,train
CHEMBL3939040,O=C(Nc1ccc(OC(F)(F)F)cc1)c1cnc(N2CC[C@H](CO)C2)c(-c2cncnc2)c1,KSVMXLZKYBUCLY,1,-1,-1,O=C(Nc1ccccc1)c1cnc(N2CCCC2)c(-c2cncnc2)c1,train
CHEMBL3939150,Cc1ccc(C(=O)N2CCC(Oc3cc(NC(=O)c4ccc(CN5CCN(C)CC5)c(C(F)(F)F)c4)ccc3C)CC2)cn1,DQHVUKLVCBJBLM,1,1,1,O=C(Nc1cccc(OC2CCN(C(=O)c3cccnc3)CC2)c1)c1ccc(CN2CCNCC2)cc1,train
CHEMBL3939263,COc1ccc(C(=O)Nc2ccc(OC(F)(F)F)cc2)cc1-c1cc[nH]n1,TYKXSVBCYRICIS,1,-1,-1,O=C(Nc1ccccc1)c1cccc(-c2cc[nH]n2)c1,train
CHEMBL3939643,N#Cc1ccc(-c2cc(C(=O)Nc3ccc(OC(F)(F)Cl)cc3)cnc2N2C[C@H](O)[C@@H](O)C2)[nH]1,SWDHFHOGDUBMEQ,1,-1,-1,O=C(Nc1ccccc1)c1cnc(N2CCCC2)c(-c2ccc[nH]2)c1,train
CHEMBL3939870,Cc1ncc(-c2cc(C(=O)Nc3ccc(OC(F)(F)F)cc3)cnc2N2CC(C)(O)C2)cc1F,CRNOQBFSXIMFAI,1,-1,-1,O=C(Nc1ccccc1)c1cnc(N2CCC2)c(-c2cccnc2)c1,train
CHEMBL3941239,COc1ncccc1-c1cncc(C(=O)Nc2ccc(OC(F)(F)F)cc2)c1,LGJRSBKXZFLRSL,1,-1,-1,O=C(Nc1ccccc1)c1cncc(-c2cccnc2)c1,train
CHEMBL3941486,CN(C)[C@H]1CN(c2ncc(C(=O)Nc3ccc(OC(F)(F)Cl)cc3)cc2-c2cncnc2)C[C@@H]1O,CLTLNMMHNXYYBP,1,-1,-1,O=C(Nc1ccccc1)c1cnc(N2CCCC2)c(-c2cncnc2)c1,train
CHEMBL3941523,COc1ccc(C(=O)Nc2ccc(OC(F)(F)F)cc2)cc1-c1cccnc1,XMBFNKKQYIJICB,1,-1,-1,O=C(Nc1ccccc1)c1cccc(-c2cccnc2)c1,train
CHEMBL3941562,O=C(Nc1ccc(OC(F)(F)Cl)cc1)c1cnc(NCC(O)CCO)c(-c2ccn[nH]2)c1,MYRIRDIXVYOGJY,1,-1,-1,O=C(Nc1ccccc1)c1cncc(-c2ccn[nH]2)c1,train
CHEMBL3941662,O=C(Nc1ccc(OC(F)(F)F)cc1)c1ccc(F)c(-c2cc[nH]n2)c1,PBMXJBNUKOKAQZ,1,-1,-1,O=C(Nc1ccccc1)c1cccc(-c2cc[nH]n2)c1,train
CHEMBL3942117,O=C(Nc1ccc(OC(F)(F)Cl)cc1)c1cnc(N2CCNC3(CC3)C2)c(-c2cncnc2)c1,URCYULBXINCYHJ,1,-1,-1,O=C(Nc1ccccc1)c1cnc(N2CCNC3(CC3)C2)c(-c2cncnc2)c1,train
CHEMBL3942231,O=C(Nc1ccc(OC(F)(F)Cl)cc1)c1cnc(N2C[C@@H](O)[C@@H](O)C2)c(-c2cncnc2)c1,INMCQZXOLSELDJ,1,-1,-1,O=C(Nc1ccccc1)c1cnc(N2CCCC2)c(-c2cncnc2)c1,train
CHEMBL3942251,CC1(O)CN(c2ncc(C(=O)Nc3ccc(OC(F)(F)Cl)cc3)cc2-c2[nH]ncc2F)C1,UBBOJUOJAKLCCU,1,-1,-1,O=C(Nc1ccccc1)c1cnc(N2CCC2)c(-c2ccn[nH]2)c1,train
CHEMBL3943529,N#CC1(c2ncc(C(=O)Nc3ccc(OC(F)(F)F)cc3)cc2-c2cncnc2)CCOCC1,RAYQKEHJGZBEIM,1,-1,-1,O=C(Nc1ccccc1)c1cnc(C2CCOCC2)c(-c2cncnc2)c1,train
CHEMBL3943799,O=C(Nc1ccc(OC(F)(F)Cl)cc1)c1cnc(N2CC[C@@H](CO)[C@@H](O)C2)c(-c2cncnc2)c1,SQSOTCHJYRODHA,1,-1,-1,O=C(Nc1ccccc1)c1cnc(N2CCCCC2)c(-c2cncnc2)c1,train
CHEMBL3943826,O=C(Nc1ccc(OC(F)(F)Cl)cc1)c1cnc(N2C[C@H](O)[C@@H](O)C2)c(-c2cncc(F)c2)c1,QIDUKMINDWSKNM,1,-1,-1,O=C(Nc1ccccc1)c1cnc(N2CCCC2)c(-c2cccnc2)c1,train
CHEMBL3944135,NC[C@@H]1CCN(c2ncc(C(=O)Nc3ccc(OC(F)(F)Cl)cc3)cc2-c2cncnc2)C1,NVNUBAJYACXNCY,1,-1,-1,O=C(Nc1ccccc1)c1cnc(N2CCCC2)c(-c2cncnc2)c1,train
CHEMBL3944291,CC1(O)CN(c2ncc(C(=O)Nc3ccc(OC(F)(F)F)cc3)cc2-c2cnc(Cl)c(F)c2)C1,XUBYSODSHSMZEC,1,-1,-1,O=C(Nc1ccccc1)c1cnc(N2CCC2)c(-c2cccnc2)c1,train
CHEMBL3944484,N#Cc1cncc(-c2cccc(C(=O)Nc3ccc(OC(F)(F)F)cc3)c2)c1,UFJCCSDJGJZNJX,1,-1,-1,O=C(Nc1ccccc1)c1cccc(-c2cccnc2)c1,train
CHEMBL3944685,COc1ccc(C(=O)Nc2ccc(OC(F)(F)F)cc2)cc1-c1ccc2c(c1)OCO2,PVZHVQDXYDIHOV,1,-1,-1,O=C(Nc1ccccc1)c1cccc(-c2ccc3c(c2)OCO3)c1,train
CHEMBL3945273,O=C(Nc1ccc(OC(F)(F)Cl)cc1)c1ccc(N2C[C@H](O)[C@@H](O)C2)c(-c2ccn[nH]2)c1,YVZSBPMPVDSBSG,1,-1,-1,O=C(Nc1ccccc1)c1ccc(N2CCCC2)c(-c2ccn[nH]2)c1,train
CHEMBL3945312,O=C(Nc1ccc(OC(F)(F)F)cc1)c1cnc(N2CCNC3(CC3)C2)c(-c2ccn[nH]2)c1,GIZTWOXMTDJYBI,1,-1,-1,O=C(Nc1ccccc1)c1cnc(N2CCNC3(CC3)C2)c(-c2ccn[nH]2)c1,train
CHEMBL3945358,Cc1ncc(C(=O)Nc2ccc(OC(F)(F)F)cc2)cc1-c1cncnc1,GUJOCUXBSIYEDM,1,-1,-1,O=C(Nc1ccccc1)c1cncc(-c2cncnc2)c1,train
CHEMBL3945503,O=C(Nc1ccc(OC(F)(F)F)cc1)c1cnc(OCCO)c(-c2ccn[nH]2)c1,UNCBGOXRESTBBB,1,-1,-1,O=C(Nc1ccccc1)c1cncc(-c2ccn[nH]2)c1,train
CHEMBL3945801,N#Cc1cncc(-c2cc(C(=O)Nc3ccc(SC(F)(F)F)cc3)cnc2N2CC[C@H](CO)C2)c1,FEOBSNYUTUKDCJ,1,-1,-1,O=C(Nc1ccccc1)c1cnc(N2CCCC2)c(-c2cccnc2)c1,train
CHEMBL3946836,O=C(Nc1ccc(OC(F)(F)F)cc1)c1ccc(Cl)c(-c2cc[nH]n2)c1,JKQZZTNEERAJRG,1,-1,-1,O=C(Nc1ccccc1)c1cccc(-c2cc[nH]n2)c1,train
CHEMBL3947817,O=C(Nc1ccc(OC(F)(F)Cl)cc1)c1cnc(N2CCN(CCF)CC2)c(-c2ccn[nH]2)c1,QYYYHZSPQPRWDY,1,-1,-1,O=C(Nc1ccccc1)c1cnc(N2CCNCC2)c(-c2ccn[nH]2)c1,train
CHEMBL3948857,O=C(Nc1ccc(OC(F)(F)F)cc1)c1cnc(OCCO)c(-c2cncnc2)c1,HZJLGODMVFJHQE,1,-1,-1,O=C(Nc1ccccc1)c1cncc(-c2cncnc2)c1,train
CHEMBL3949052,Cc1ccc(F)cc1-c1cc(C(=O)Nc2ccc(OC(F)(F)Cl)cc2)cnc1N1C[C@H](O)[C@@H](O)C1,HVKYPGDXOQPIIC,1,-1,-1,O=C(Nc1ccccc1)c1cnc(N2CCCC2)c(-c2ccccc2)c1,train
CHEMBL3950047,O=C(Nc1ccc(OC(F)(F)Cl)cc1)c1cnc(N2CC(O)C2)c(-c2ccn[nH]2)c1,ZYRMYJJWFWLVEN,1,-1,-1,O=C(Nc1ccccc1)c1cnc(N2CCC2)c(-c2ccn[nH]2)c1,train
CHEMBL3950377,Cc1ccc(C(=O)Nc2ccc(OC(F)(F)F)cc2)cc1-c1cncs1,APNXOWBGIBBAEH,1,-1,-1,O=C(Nc1ccccc1)c1cccc(-c2cncs2)c1,train
CHEMBL3951132,CC(C)(O)c1ncc(C(=O)Nc2ccc(OC(F)(F)F)cc2)cc1-c1cncnc1,VYVUIBBWUGMHPS,1,-1,-1,O=C(Nc1ccccc1)c1cncc(-c2cncnc2)c1,train
CHEMBL3951432,NCC1(F)CCN(c2ncc(C(=O)Nc3ccc(OC(F)(F)Cl)cc3)cc2-c2ccn[nH]2)C1,FUDBJHIAMGYCHF,1,-1,-1,O=C(Nc1ccccc1)c1cnc(N2CCCC2)c(-c2ccn[nH]2)c1,train
CHEMBL3951459,O=C(Nc1ccc(OC(F)(F)F)c(F)c1)c1cnc(N2CC[C@H](CO)C2)c(-c2cncnc2)c1,BBLBDMBPJGFPNL,1,-1,-1,O=C(Nc1ccccc1)c1cnc(N2CCCC2)c(-c2cncnc2)c1,train
CHEMBL3951572,Cc1cc(-c2cc(C(=O)Nc3ccc(OC(F)(F)F)cc3)cnc2N2CC(CO)C2)[nH]n1,ZRWVDFCHVMJKAL,1,-1,-1,O=C(Nc1ccccc1)c1cnc(N2CCC2)c(-c2ccn[nH]2)c1,train
CHEMBL3951931,N#Cc1cncc(-c2cc(C(=O)Nc3ccc(OC(F)(F)Cl)cc3)cnc2N2CC[C@H](CO)C2)c1,YZHXUDMZNZWMKW,1,-1,-1,O=C(Nc1ccccc1)c1cnc(N2CCCC2)c(-c2cccnc2)c1,train
CHEMBL3952440,CN(C)C1CN(c2ncc(C(=O)Nc3ccc(OC(F)(F)Cl)cc3)cc2-c2ccn[nH]2)C1,UGAAWVDUMCYCGW,1,-1,-1,O=C(Nc1ccccc1)c1cnc(N2CCC2)c(-c2ccn[nH]2)c1,train
CHEMBL3952608,CO[C@H]1CN(c2ncc(C(=O)Nc3ccc(OC(F)(F)F)cc3)cc2-c2cncc(F)c2)C[C@@H]1N,HMWSZNDZCOUFQQ,1,-1,-1,O=C(Nc1ccccc1)c1cnc(N2CCCC2)c(-c2cccnc2)c1,train
CHEMBL3952623,COc1ccc(C(=O)Nc2ccc(OC(F)(F)F)cc2)cc1-c1ccncc1,QHTUYSXAOJVRDJ,1,-1,-1,O=C(Nc1ccccc1)c1cccc(-c2ccncc2)c1,train
CHEMBL3952900,O=C(Nc1ccc(OC(F)(F)F)cc1)c1cnc(N2CCCC2)c(-c2cc(CO)n[nH]2)c1,LIJIVWFJTDIIBF,1,-1,-1,O=C(Nc1ccccc1)c1cnc(N2CCCC2)c(-c2ccn[nH]2)c1,train
CHEMBL3953095,Cc1ncncc1-c1cc(C(=O)Nc2ccc(OC(F)(F)Cl)cc2)ccc1N1C[C@H](O)[C@@H](O)C1,ONRMFYUOFYAZHW,1,-1,-1,O=C(Nc1ccccc1)c1ccc(N2CCCC2)c(-c2cncnc2)c1,train
CHEMBL3953321,CCN(CCO)c1ncc(C(=O)Nc2ccc(OC(F)(F)Cl)cc2)cc1-c1cncc(C#N)c1,SGDIERBZNDVJRB,1,-1,-1,O=C(Nc1ccccc1)c1cncc(-c2cccnc2)c1,train
CHEMBL3953423,O=C(Nc1ccc(OC(F)(F)F)cc1)c1cccc(-c2cncnc2)c1F,OMVKBRWDJSHQKQ,1,-1,-1,O=C(Nc1ccccc1)c1cccc(-c2cncnc2)c1,train
CHEMBL3953864,O=C(Nc1ccc(OC(F)(F)Cl)cc1)c1cccc(-c2cncnc2)c1,IEPKEELESQZYDU,1,-1,-1,O=C(Nc1ccccc1)c1cccc(-c2cncnc2)c1,train
CHEMBL3954137,COc1ccc(-c2nnc3n(-c4ccccc4)c(=O)c4cnn(-c5ccccc5)c4n23)cc1,YYDGCCUQJWAUGZ,0,-1,-1,O=c1c2cnn(-c3ccccc3)c2n2c(-c3ccccc3)nnc2n1-c1ccccc1,train
CHEMBL3954214,O=C(Nc1ccc(OC(F)(F)F)cc1)c1cnc(N2CC[C@H](O)C2)c(-c2cncnc2)c1,LARFZNXVNANWFD,1,-1,-1,O=C(Nc1ccccc1)c1cnc(N2CCCC2)c(-c2cncnc2)c1,train
CHEMBL3956542,O=C(Nc1ccc(OC(F)(F)F)cc1)c1cccc(-c2cncnc2)c1,RYAJWUMIAAGCTR,1,-1,-1,O=C(Nc1ccccc1)c1cccc(-c2cncnc2)c1,train
CHEMBL3957410,O=C(Nc1ccc(OC(F)(F)F)cc1)c1cnc(N2CC(O)C2)c(-c2ccn[nH]2)c1,YVYLFBORGFGERU,1,-1,-1,O=C(Nc1ccccc1)c1cnc(N2CCC2)c(-c2ccn[nH]2)c1,train
CHEMBL3957513,O=C(Nc1ccc(OC(F)(F)F)cc1)c1cnc(OCCNCCO)c(-c2cncnc2)c1,YOZVHPXVZXYZOH,1,-1,-1,O=C(Nc1ccccc1)c1cncc(-c2cncnc2)c1,train
CHEMBL3957831,Cc1cncc(C(=O)N2CCC(Oc3cc(NC(=O)c4ccc(CN5CCN(C)CC5)c(C(F)(F)F)c4)ccc3C)CC2)c1,MAEHWTXHQDRFIE,1,1,-1,O=C(Nc1cccc(OC2CCN(C(=O)c3cccnc3)CC2)c1)c1ccc(CN2CCNCC2)cc1,train
CHEMBL3958479,CN(C)C1CN(c2ncc(C(=O)Nc3ccc(OC(F)(F)F)cc3)cc2-c2ccn[nH]2)C1,TUGWTMVDMPDXQC,1,-1,-1,O=C(Nc1ccccc1)c1cnc(N2CCC2)c(-c2ccn[nH]2)c1,train
CHEMBL3958784,O=C(Nc1ccc(OC(F)(F)F)cc1)c1cncc(-c2cncc(F)c2)c1,HZUSSBYGSRREPT,1,-1,-1,O=C(Nc1ccccc1)c1cncc(-c2cccnc2)c1,train
CHEMBL3959105,O=C(Nc1ccc(CC(F)(F)F)cc1)c1cccc(-c2cncnc2)c1,RNTIFFNTFJRKCE,1,-1,-1,O=C(Nc1ccccc1)c1cccc(-c2cncnc2)c1,train
CHEMBL3959733,CCN(CCO)c1ncc(C(=O)Nc2ccc(OC(F)(F)F)cc2)cc1-c1ccn[nH]1,LGVLWWAOKBGSAZ,1,-1,-1,O=C(Nc1ccccc1)c1cncc(-c2ccn[nH]2)c1,train
CHEMBL3959851,O=C(Nc1ccc(OC(F)(F)F)cc1)c1cnc(N2CCC(O)C2)c(-c2cncnc2)c1,LARFZNXVNANWFD,1,-1,-1,O=C(Nc1ccccc1)c1cnc(N2CCCC2)c(-c2cncnc2)c1,train
CHEMBL3959861,COC(=O)c1ccc(C(=O)Nc2ccc(OC(F)(F)F)cc2)cc1-c1cncnc1,SLCBWQFNFQSVAZ,1,-1,-1,O=C(Nc1ccccc1)c1cccc(-c2cncnc2)c1,train
CHEMBL3960404,O=C(Nc1ccc(OC(F)(F)F)cc1)c1cnc(N2CCC(O)C2)c(-c2ccncc2)c1,KRMWMXBJULHAPH,1,-1,-1,O=C(Nc1ccccc1)c1cnc(N2CCCC2)c(-c2ccncc2)c1,train
CHEMBL3960726,CN(CCO)c1ncc(C(=O)Nc2ccc(OC(F)(F)F)cc2)cc1-c1cncc(F)c1,DLWOWJBKCFAFBM,1,-1,-1,O=C(Nc1ccccc1)c1cncc(-c2cccnc2)c1,train
CHEMBL3961140,O=C(Nc1ccc(OC(F)(F)F)cc1)c1cnc(N2CCC(F)(F)C2)c(-c2cncnc2)c1,USIXSSJBLHQZIW,1,-1,-1,O=C(Nc1ccccc1)c1cnc(N2CCCC2)c(-c2cncnc2)c1,train
CHEMBL3962285,Cc1cc(-c2cc(C(=O)Nc3ccc(OC(F)(F)Cl)cc3)ccc2N2C[C@H](N)[C@@H](O)C2)[nH]n1,ALKJCNKXVMXYTB,1,-1,-1,O=C(Nc1ccccc1)c1ccc(N2CCCC2)c(-c2ccn[nH]2)c1,train
CHEMBL3962532,Cc1ccc(C(=O)Nc2ccc(OC(F)(F)F)cc2)cc1-c1cccnc1,POCKVGBBOSNETH,1,-1,-1,O=C(Nc1ccccc1)c1cccc(-c2cccnc2)c1,train
CHEMBL3962584,COc1ncc(-c2cc(C(=O)Nc3ccc(OC(F)(F)F)cc3)ccc2F)cn1,OVBIYKXJDHJOKV,1,-1,-1,O=C(Nc1ccccc1)c1cccc(-c2cncnc2)c1,train
CHEMBL3962815,CC(C)(O)C1CCN(c2ncc(C(=O)Nc3ccc(OC(F)(F)F)cc3)cc2-c2cccnc2)C1,ZJDDOIPSKBEGIG,1,-1,-1,O=C(Nc1ccccc1)c1cnc(N2CCCC2)c(-c2cccnc2)c1,train
CHEMBL3962900,O=C(Nc1ccc(OC(F)(F)F)cc1)c1ccc(N2C[C@H](O)[C@@H](O)C2)c(-c2cncs2)c1,OICYLIAFHLPMRD,1,-1,-1,O=C(Nc1ccccc1)c1ccc(N2CCCC2)c(-c2cncs2)c1,train
CHEMBL3962922,O=C(Nc1ccc(OC(F)(F)Cl)cc1)c1cnc(N2CCCC3(CCN3)C2)c(-c2ccn[nH]2)c1,BBBADZMLEFKVCN,1,-1,-1,O=C(Nc1ccccc1)c1cnc(N2CCCC3(CCN3)C2)c(-c2ccn[nH]2)c1,train
CHEMBL3963812,N#Cc1cc(-c2cc(C(=O)Nc3ccc(OC(F)(F)F)cc3)cnc2N2CCCC2)[nH]n1,IZKGGMZRNHXVTE,1,-1,-1,O=C(Nc1ccccc1)c1cnc(N2CCCC2)c(-c2ccn[nH]2)c1,train
CHEMBL3964661,COc1ccc(C(=O)Nc2ccc(OC(F)(F)F)cc2)cc1-c1ccc(F)nc1,GXAXPIAGEGQYAM,1,-1,-1,O=C(Nc1ccccc1)c1cccc(-c2cccnc2)c1,train
CHEMBL3964879,Cc1ncc(-c2cc(C(=O)Nc3ccc(OC(F)(F)Cl)cc3)ccc2N2C[C@H](O)[C@@H](O)C2)cn1,HVOQNKVKQGZUHU,1,-1,-1,O=C(Nc1ccccc1)c1ccc(N2CCCC2)c(-c2cncnc2)c1,train
CHEMBL3965050,O=C(Nc1ccc(OC(F)(F)F)cc1)c1cc(-c2cncnc2)ccc1F,ORAYKFFRUFWWLX,1,-1,-1,O=C(Nc1ccccc1)c1cccc(-c2cncnc2)c1,train
CHEMBL3965179,Cc1cc(-c2cc(C(=O)Nc3ccc(OC(F)(F)Cl)cc3)cnc2N2CC(O)C2)[nH]n1,LMPOYJYSFOSTFK,1,-1,-1,O=C(Nc1ccccc1)c1cnc(N2CCC2)c(-c2ccn[nH]2)c1,train
CHEMBL3965671,O=C(Nc1ccc(OC(F)(F)F)cc1)c1cnc(C(F)(F)F)c(-c2cncnc2)c1,PLNFXQBYLLESKC,1,-1,-1,O=C(Nc1ccccc1)c1cncc(-c2cncnc2)c1,train
CHEMBL3965771,O=C(Nc1ccc(OC(F)(F)F)cc1)c1cnc(N2CCCNCC2)c(-c2cccnc2)c1,FKSYOIPXEBKLPF,1,-1,-1,O=C(Nc1ccccc1)c1cnc(N2CCCNCC2)c(-c2cccnc2)c1,train
CHEMBL3966024,O=C(Nc1ccc(OC(F)(F)F)cc1)c1ccc(F)c(-c2cccnc2)c1,IQEVNBWPJXRHBG,1,-1,-1,O=C(Nc1ccccc1)c1cccc(-c2cccnc2)c1,train
CHEMBL3967164,O=C(NNc1nc2c(cnn2-c2ccccc2)c(=O)n1-c1ccccc1)c1ccc(Cl)cc1,NPFLVFLEKVHWQE,0,-1,-1,O=C(NNc1nc2c(cnn2-c2ccccc2)c(=O)n1-c1ccccc1)c1ccccc1,train
CHEMBL3967484,O=C(Nc1ccc(OC(F)(F)F)cc1)c1ccnc(-c2cncnc2)c1,FDQWXOAYUMKODC,1,-1,-1,O=C(Nc1ccccc1)c1ccnc(-c2cncnc2)c1,train
CHEMBL3968302,CN(CCO)c1ncc(C(=O)Nc2ccc(OC(F)(F)F)cc2)cc1-c1cccnc1,FDKVHGIHVHHZAB,1,-1,-1,O=C(Nc1ccccc1)c1cncc(-c2cccnc2)c1,train
CHEMBL3968914,CCN(CCO)c1ncc(C(=O)Nc2ccc(SC(F)(F)F)cc2)cc1-c1cncnc1,IWBQXLYTXYFIPH,1,-1,-1,O=C(Nc1ccccc1)c1cncc(-c2cncnc2)c1,train
CHEMBL3969546,CC1(O)CN(c2ncc(C(=O)Nc3ccc(OC(F)(F)F)cc3)cc2-c2ccn[nH]2)C1,NOQBIJFUHRTIRO,1,-1,-1,O=C(Nc1ccccc1)c1cnc(N2CCC2)c(-c2ccn[nH]2)c1,train
CHEMBL3970802,O=C(Nc1ccc(OC(F)(F)F)cc1)c1cncc(-c2cccnc2O)c1,WXNUUFHQVOQSEH,1,-1,-1,O=C(Nc1ccccc1)c1cncc(-c2cccnc2)c1,train
CHEMBL3970905,CC(C)(O)C1CN(c2ncc(C(=O)Nc3ccc(OC(F)(F)F)cc3)cc2-c2cccnc2)C1,JBZKUAZNQCNKEA,1,-1,-1,O=C(Nc1ccccc1)c1cnc(N2CCC2)c(-c2cccnc2)c1,train
CHEMBL3971478,O=C(Nc1ccc(OC(F)(F)F)cc1)c1ccc(N2C[C@H](O)[C@@H](O)C2)c(-c2ccc[nH]2)c1,UOOINAACKFTYJA,1,-1,-1,O=C(Nc1ccccc1)c1ccc(N2CCCC2)c(-c2ccc[nH]2)c1,train
CHEMBL3971948,O=C(Nc1ccc(SC(F)(F)F)cc1)c1cnc(N2CC[C@H](CO)C2)c(-c2cncc(F)c2)c1,NLBZMQHSSKCPHV,1,-1,-1,O=C(Nc1ccccc1)c1cnc(N2CCCC2)c(-c2cccnc2)c1,train
CHEMBL3972135,O=C(Nc1ccc(OC(F)(F)Cl)cc1)c1cnc(Cl)c(-c2cncnc2)c1,BHFPNMRGSVUFLM,1,-1,-1,O=C(Nc1ccccc1)c1cncc(-c2cncnc2)c1,train
CHEMBL3973518,N#Cc1cncc(-c2cc(C(=O)Nc3ccc(OC(F)(F)F)c(F)c3)cnc2N2CC[C@H](CO)C2)c1,OMLYJTSFACLHHA,1,-1,-1,O=C(Nc1ccccc1)c1cnc(N2CCCC2)c(-c2cccnc2)c1,train
CHEMBL3973884,O=C(Nc1ccc(OC(F)(F)Cl)cc1)c1cnc(N2CCN(CC(F)F)CC2)c(-c2ccn[nH]2)c1,MXUBDCCXBCPHAX,1,-1,-1,O=C(Nc1ccccc1)c1cnc(N2CCNCC2)c(-c2ccn[nH]2)c1,train
CHEMBL3973934,O=C(Nc1ccc(OC(F)(F)F)cc1)c1cccc(-c2cnc(OCCO)nc2)c1,VNIBUOBGWASBMV,1,-1,-1,O=C(Nc1ccccc1)c1cccc(-c2cncnc2)c1,train
CHEMBL3974180,CN(CCO)c1ncc(C(=O)Nc2ccc(SC(F)(F)F)cc2)cc1-c1cncc(F)c1,LCWWUCCTIIPCGX,1,-1,-1,O=C(Nc1ccccc1)c1cncc(-c2cccnc2)c1,train
CHEMBL3974522,Cn1cc(-c2cc(C(=O)Nc3ccc(OC(F)(F)F)cc3)ccc2F)cn1,YLBAUILBKHRTFL,1,-1,-1,O=C(Nc1ccccc1)c1cccc(-c2cn[nH]c2)c1,train
CHEMBL3976713,N#Cc1cncc(-c2cc(C(=O)Nc3ccc(OC(F)(F)F)cc3)cnc2N2CC[C@H](CO)C2)c1,VMNPAUSQLFTLMN,1,-1,-1,O=C(Nc1ccccc1)c1cnc(N2CCCC2)c(-c2cccnc2)c1,train
CHEMBL3977018,Cc1ncc(-c2cc(C(=O)Nc3ccc(OC(F)(F)F)cc3)cnc2N2CC(CO)C2)cc1F,RZAIMFWNWDVOQS,1,-1,-1,O=C(Nc1ccccc1)c1cnc(N2CCC2)c(-c2cccnc2)c1,train
CHEMBL3977120,O=C(Nc1ccc(OC(F)(F)Cl)cc1)c1cnc(Cl)c(-c2cncc(F)c2)c1,CMRMYCHYPFVHEO,1,-1,-1,O=C(Nc1ccccc1)c1cncc(-c2cccnc2)c1,train
CHEMBL3977220,O=C(Nc1ccc(OC(F)(F)F)cc1)c1cnc(N2Cc3cn[nH]c3C2)c(-c2cncnc2)c1,PGNUJNXXHJGVQF,1,-1,-1,O=C(Nc1ccccc1)c1cnc(N2Cc3cn[nH]c3C2)c(-c2cncnc2)c1,train
CHEMBL3977260,Cc1ccc(-c2cc(C(=O)Nc3ccc(OC(F)(F)F)cc3)cnc2N2CC[C@@H](CN)C2)cn1,NJGKNNCAFCDRST,1,-1,-1,O=C(Nc1ccccc1)c1cnc(N2CCCC2)c(-c2cccnc2)c1,train
CHEMBL3977958,O=C(Nc1ccc(OC(F)(F)F)cc1)c1cnc(N2CCCC(O)C2)c(-c2cccnc2)c1,HLINSTHZOOXDEN,1,-1,-1,O=C(Nc1ccccc1)c1cnc(N2CCCCC2)c(-c2cccnc2)c1,train
CHEMBL3978018,O=C(Nc1ccc(OC(F)(F)F)cc1)c1cccc(-c2cnccn2)c1,ILYOSZCYMVDOCJ,1,-1,-1,O=C(Nc1ccccc1)c1cccc(-c2cnccn2)c1,train
CHEMBL3979039,Nc1ncc(-c2cncc(C(=O)Nc3ccc(OC(F)(F)F)cc3)c2)cn1,JWCFGAIBSRSXPF,1,-1,-1,O=C(Nc1ccccc1)c1cncc(-c2cncnc2)c1,train
CHEMBL3979404,Cc1ccc(C(=O)Nc2ccc(OC(F)(F)F)cc2)cc1-n1ccnc1,VTOBGTLKLODAIL,1,-1,-1,O=C(Nc1ccccc1)c1cccc(-n2ccnc2)c1,train
CHEMBL3979517,NC12CC1CN(c1ncc(C(=O)Nc3ccc(OC(F)(F)F)cc3)cc1-c1ccn[nH]1)C2,OWSNJCJWCCXWGC,1,-1,-1,O=C(Nc1ccccc1)c1cnc(N2CC3CC3C2)c(-c2ccn[nH]2)c1,train
CHEMBL3980432,CO[C@H]1CN(c2ncc(C(=O)Nc3ccc(OC(F)(F)Cl)cc3)cc2-c2cncc(F)c2)C[C@@H]1N,PVNLJYOWGMEBRH,1,-1,-1,O=C(Nc1ccccc1)c1cnc(N2CCCC2)c(-c2cccnc2)c1,train
CHEMBL3980913,Nc1ncc(-c2cc(C(=O)Nc3ccc(OC(F)(F)F)cc3)cnc2N2CCCC2)cn1,CAMOYQDHRDCLLS,1,-1,-1,O=C(Nc1ccccc1)c1cnc(N2CCCC2)c(-c2cncnc2)c1,train
CHEMBL3981125,Cc1ccc(-c2cc(C(=O)Nc3ccc(OC(F)(F)F)cc3)cnc2N2CC(O)C2)cn1,RQXQMRIQQCVHCJ,1,-1,-1,O=C(Nc1ccccc1)c1cnc(N2CCC2)c(-c2cccnc2)c1,train
CHEMBL3981232,NC1CN(c2ncc(C(=O)Nc3ccc(OC(F)(F)Cl)cc3)cc2-c2ccn[nH]2)C1,ZICZQIKSRSQVCN,1,-1,-1,O=C(Nc1ccccc1)c1cnc(N2CCC2)c(-c2ccn[nH]2)c1,train
CHEMBL3981592,O=C(Nc1ccc(OC(F)(F)F)cc1)c1cccc(-n2ccnc2)c1,WFAMFOWMJKOUEQ,1,-1,-1,O=C(Nc1ccccc1)c1cccc(-n2ccnc2)c1,train
CHEMBL3981919,CC(C)(C#N)c1ncc(C(=O)Nc2ccc(OC(F)(F)F)cc2)cc1-c1cncnc1,XFXOYGVNYUTBIG,1,-1,-1,O=C(Nc1ccccc1)c1cncc(-c2cncnc2)c1,train
CHEMBL3982715,O=C(Nc1ccc(OC(F)(F)F)cc1)c1cnc(N2CCOC(CO)C2)c(-c2ccn[nH]2)c1,CGBWPZREDCDGKW,1,-1,-1,O=C(Nc1ccccc1)c1cnc(N2CCOCC2)c(-c2ccn[nH]2)c1,train
CHEMBL398279,Cc1cc(-c2cc(O)ccc2Br)cc2nnc(Nc3ccc(S(=O)(=O)NCCN4CCCC4)cc3)nc12,AJVISBGKRJRTQV,1,-1,-1,O=S(=O)(NCCN1CCCC1)c1ccc(Nc2nnc3cc(-c4ccccc4)ccc3n2)cc1,train
CHEMBL3983162,CN(C)[C@H]1CN(c2ncc(C(=O)Nc3ccc(OC(F)(F)Cl)cc3)cc2-c2ccn[nH]2)C[C@@H]1O,NIMSKYLKLVUGEL,1,-1,-1,O=C(Nc1ccccc1)c1cnc(N2CCCC2)c(-c2ccn[nH]2)c1,train
CHEMBL3983676,O=c1c2cnn(-c3ccccc3)c2nc(N/N=C/c2ccc(F)cc2)n1-c1ccccc1,DVWAZVOQNJBTRF,0,-1,-1,O=c1c2cnn(-c3ccccc3)c2nc(NN=Cc2ccccc2)n1-c1ccccc1,train
CHEMBL3983928,CC1(O)CN(c2ncc(C(=O)Nc3ccc(OC(F)(F)F)cc3)cc2-c2cncc(F)c2)C1,ZHLNACHCDGRZQD,1,-1,-1,O=C(Nc1ccccc1)c1cnc(N2CCC2)c(-c2cccnc2)c1,train
CHEMBL3984212,O=C(Nc1ccc(OC(F)(F)Cl)cc1)c1cnc(N2CCC(O)CC2)c(-c2ccn[nH]2)c1,OKFSROGRACDCBO,1,-1,-1,O=C(Nc1ccccc1)c1cnc(N2CCCCC2)c(-c2ccn[nH]2)c1,train
CHEMBL3984547,CCN(CCO)c1ncc(C(=O)Nc2ccc(OC(F)(F)Cl)cc2)cc1-c1ccn[nH]1,NHSAUUMTPRBNJJ,1,-1,-1,O=C(Nc1ccccc1)c1cncc(-c2ccn[nH]2)c1,train
CHEMBL3985022,CN(CCO)c1ncc(C(=O)Nc2ccc(OC(F)(F)Cl)cc2)cc1-c1ccn[nH]1,NORIWUZJWHHBCV,1,-1,-1,O=C(Nc1ccccc1)c1cncc(-c2ccn[nH]2)c1,train
CHEMBL3985189,O=C(Nc1ccc(OC(F)(F)F)cc1)c1cnc(Cl)c(-c2ccn[nH]2)c1,IYAKAUJPXUMTIY,1,-1,-1,O=C(Nc1ccccc1)c1cncc(-c2ccn[nH]2)c1,train
CHEMBL3986023,O=C(Nc1ccc(OC(F)(F)Cl)cc1)c1cnc(NCCC(O)CO)c(-c2ccn[nH]2)c1,HRCGIGMWWWTIJQ,1,-1,-1,O=C(Nc1ccccc1)c1cncc(-c2ccn[nH]2)c1,train
CHEMBL3986284,Cc1ncc(-c2cc(C(=O)Nc3ccc(OC(F)(F)F)cc3)cnc2N2CC(C)(O)C2)cn1,OMNGZDDGHDXJRC,1,-1,-1,O=C(Nc1ccccc1)c1cnc(N2CCC2)c(-c2cncnc2)c1,train
CHEMBL3986873,O=C(Nc1ccc(OC(F)(F)Cl)cc1)c1cnc(N2Cc3cn[nH]c3C2)c(-c2cncnc2)c1,NDEMPFLSZJJTNU,1,-1,-1,O=C(Nc1ccccc1)c1cnc(N2Cc3cn[nH]c3C2)c(-c2cncnc2)c1,train
CHEMBL398845,CCN(CC)CCN1CCC(S(=O)(=O)c2ccc(Nc3nnc4cc(-c5cc(O)ccc5Cl)cc(C)c4n3)cc2)CC1,IGLCDBGHDFMOIL,1,-1,-1,O=S(=O)(c1ccc(Nc2nnc3cc(-c4ccccc4)ccc3n2)cc1)C1CCNCC1,train
CHEMBL399246,Cc1cc(-c2cc(O)ccc2Cl)cc2nnc(Nc3ccc(C(=O)N4CCN(C)CC4)cc3)nc12,DKNHELJFXSXKQW,1,-1,-1,O=C(c1ccc(Nc2nnc3cc(-c4ccccc4)ccc3n2)cc1)N1CCNCC1,train
CHEMBL399268,Cc1cc(-c2cc(O)ccc2Cl)cc2nnc(Nc3ccc(S(=O)(=O)CCCN4CCCC4)cc3)nc12,RCZHVXSTTOXWRM,1,-1,1,O=S(=O)(CCCN1CCCC1)c1ccc(Nc2nnc3cc(-c4ccccc4)ccc3n2)cc1,train
CHEMBL399627,CSc1nc(Nc2cccc(Br)c2)c2cnn(CC(Cl)c3ccc(F)cc3)c2n1,VHLDCFYRQZGLBG,1,-1,-1,c1ccc(CCn2ncc3c(Nc4ccccc4)ncnc32)cc1,train
CHEMBL400211,CSc1nc(Nc2cccc(Cl)c2)c2cnn(CC(Cl)c3ccccc3)c2n1,ZSKSRKTYCCBGOO,1,-1,-1,c1ccc(CCn2ncc3c(Nc4ccccc4)ncnc32)cc1,train
CHEMBL400303,Cc1cc(-c2c(Cl)ccc(O)c2Cl)cc2nnc(Nc3ccc(S(=O)(=O)NCCN4CCCC4)cc3)nc12,ZWEHYQSGMOUIRZ,1,-1,1,O=S(=O)(NCCN1CCCC1)c1ccc(Nc2nnc3cc(-c4ccccc4)ccc3n2)cc1,train
CHEMBL400402,Cc1cc(-c2cc(O)ccc2Cl)cc2nnc(Nc3ccc(OCCN4CCCC4)cc3)nc12,AQSSMEORRLJZLU,1,-1,1,c1ccc(-c2ccc3nc(Nc4ccc(OCCN5CCCC5)cc4)nnc3c2)cc1,train
CHEMBL400403,Cc1cc(-c2cc(O)ccc2Cl)cc2nnc(Nc3ccc(C(=O)NCCN4CCCC4)cc3)nc12,UQNMVTOJPFMVNB,1,-1,-1,O=C(NCCN1CCCC1)c1ccc(Nc2nnc3cc(-c4ccccc4)ccc3n2)cc1,train
CHEMBL401238,CSc1nc(Nc2ccccc2)c2cnn(CC(Cl)c3ccccc3)c2n1,JYRWBVRMNWJXEK,1,-1,-1,c1ccc(CCn2ncc3c(Nc4ccccc4)ncnc32)cc1,train
CHEMBL401251,COCCOc1cc2ncc(C#N)c(N[C@@H]3C[C@H]3c3ccccc3)c2cc1OC,HUVCXVMEQIZCIY,1,-1,-1,c1ccc(C2CC2Nc2ccnc3ccccc23)cc1,train
CHEMBL401447,CCCSc1nc(Nc2cccc(Cl)c2)c2cnn(CC(Cl)c3ccccc3)c2n1,SQVHDWXVHYTEIC,1,-1,-1,c1ccc(CCn2ncc3c(Nc4ccccc4)ncnc32)cc1,train
CHEMBL402288,O=C(Nc1nnc(SCc2cccc(F)c2)s1)c1ccccc1Cl,ORNALFBTQOYCMM,1,-1,-1,O=C(Nc1nnc(SCc2ccccc2)s1)c1ccccc1,train
CHEMBL402548,CO[C@@H](C(=O)N1Cc2[nH]nc(NC(=O)c3ccc(N4CCN(C)CC4)cc3)c2C1)c1ccccc1,XKFTZKGMDDZMJI,1,1,-1,O=C(Nc1n[nH]c2c1CN(C(=O)Cc1ccccc1)C2)c1ccc(N2CCNCC2)cc1,train
CHEMBL402568,O=C(Nc1nnc(SCc2ccc([N+](=O)[O-])cc2)s1)c1ccc(Cl)cc1,WHPAIRPZLHBOIC,1,-1,-1,O=C(Nc1nnc(SCc2ccccc2)s1)c1ccccc1,train
CHEMBL402891,COc1ccc(CSc2nnc(NC(=O)c3ccc(F)cc3)s2)cc1,VODJFDOZEPTOQI,1,-1,-1,O=C(Nc1nnc(SCc2ccccc2)s1)c1ccccc1,train
CHEMBL403731,O=C(Nc1nnc(SCc2ccc(Br)cc2)s1)c1ccc(Cl)cc1,MBNGMHXKMKQYBP,1,-1,-1,O=C(Nc1nnc(SCc2ccccc2)s1)c1ccccc1,train
CHEMBL404666,CC(C)(C)N1CN(c2ccc(Cl)cc2)C(N)=C2C=NN=C21,UKGGFGIPAZKIRC,1,-1,-1,C1=NN=C2NCN(c3ccccc3)C=C12,train
CHEMBL405059,CCCCCN(CCCCC)C(=O)[C@H](C)NC(=O)[C@@H](NC(=O)[C@H](Cc1ccc(OP(=O)(O)O)cc1)NC(C)=O)C(C)C,CIABKNUIMXQZSP,0,-1,-1,c1ccccc1,train
CHEMBL4062877,Cc1n[nH]c2ccc(-c3cc(N[C@@H](CO)c4ccccc4)cnc3-c3cc(F)ccc3O)cc12,QXIOZIFTPMAING,1,-1,-1,c1ccc(CNc2cnc(-c3ccccc3)c(-c3ccc4[nH]ncc4c3)c2)cc1,train
CHEMBL406658,Fc1ccc(CNc2ncnc3c2cnn3CC(Cl)c2ccc(Cl)cc2)cc1,QNYNFUREPOMYSY,1,-1,-1,c1ccc(CCn2ncc3c(NCc4ccccc4)ncnc32)cc1,train
CHEMBL406845,CC(C)(C)n1nc(-c2ccc(Cl)cc2)c2c(N)ncnc21,PBBRWFOVCUAONR,1,-1,-1,c1ccc(-c2n[nH]c3ncncc23)cc1,train
CHEMBL4075917,Cc1n[nH]c2ccc(-c3cc(N[C@@H](CO)c4ccccc4)cnc3-c3ccc(F)cc3O)cc12,ROHJEIACUNTGFP,1,-1,1,c1ccc(CNc2cnc(-c3ccccc3)c(-c3ccc4[nH]ncc4c3)c2)cc1,train
CHEMBL408291,O=C(Nc1nnc(SCc2cccc(Cl)c2)s1)c1ccccc1Cl,JDCSVKZQHUSGTB,1,-1,-1,O=C(Nc1nnc(SCc2ccccc2)s1)c1ccccc1,train
CHEMBL4088216,CN1C(=O)[C@@H](N2CCc3cn(Cc4ccccc4)nc3C2=O)COc2ccccc21,MAHFVAHPQSLLJF,1,1,1,O=C1Nc2ccccc2OCC1N1CCc2cn(Cc3ccccc3)nc2C1=O,train
CHEMBL408966,Clc1ccc(C(Cl)Cn2ncc3c(NCc4cccc(Cl)c4)ncnc32)cc1,GNFNBEAEFYZUBR,1,-1,-1,c1ccc(CCn2ncc3c(NCc4ccccc4)ncnc32)cc1,train
CHEMBL409082,O=C(Nc1nnc(SCc2ccccc2)s1)c1ccc(F)cc1,MQBBZKCWIDFMIQ,1,-1,-1,O=C(Nc1nnc(SCc2ccccc2)s1)c1ccccc1,train
CHEMBL4105329,Cc1n[nH]c2ccc(-c3cc(N[C@@H](CO)c4ccccc4)cnc3-c3cc(Cl)ccc3O)cc12,GCDSDVNITVBCDW,1,-1,-1,c1ccc(CNc2cnc(-c3ccccc3)c(-c3ccc4[nH]ncc4c3)c2)cc1,train
CHEMBL4106446,O=C(Nc1ccc(S(=O)(=O)C(F)(F)F)cc1)c1cnc(N2CC[C@@H](O)C2)c(-c2cncnc2)c1,SVNHJEFMPSZFOG,1,-1,-1,O=C(Nc1ccccc1)c1cnc(N2CCCC2)c(-c2cncnc2)c1,train
CHEMBL4106490,O=C(Nc1ccc(SC(F)(F)F)cc1)c1cnc(N2CC[C@@H](O)C2)c(-c2ccc[nH]2)c1,ZXBFSTSOASOSNX,1,-1,-1,O=C(Nc1ccccc1)c1cnc(N2CCCC2)c(-c2ccc[nH]2)c1,train
CHEMBL4106560,O=C(Nc1ccc(OC(F)(F)F)cc1)c1ccc(N2C[C@H](CO)[C@@H](O)C2)c(-c2cncs2)c1,CCKMXRXKSDWCNL,1,-1,-1,O=C(Nc1ccccc1)c1ccc(N2CCCC2)c(-c2cncs2)c1,train
CHEMBL4106602,O=C(Nc1ccc(SC(F)(F)Cl)cc1)c1cnc(N2CC[C@@H](O)C2)c(-c2cncc(F)c2)c1,XDWCEJMZRFFPOS,1,-1,-1,O=C(Nc1ccccc1)c1cnc(N2CCCC2)c(-c2cccnc2)c1,train
CHEMBL4106732,O=C(Nc1ccc(SC(F)(F)F)cc1)c1cnc(N2CC[C@@H](O)C2)c(-c2cncnc2)c1,UHBHXEYMLMAMQC,1,-1,-1,O=C(Nc1ccccc1)c1cnc(N2CCCC2)c(-c2cncnc2)c1,train
CHEMBL4106838,O=C(Nc1ccc(OC(F)(F)Cl)cc1)c1cnc(N2CC[C@@H](O)C2)c(-c2cncc(F)c2)c1,MJGMYNNCFNXMLY,1,-1,-1,O=C(Nc1ccccc1)c1cnc(N2CCCC2)c(-c2cccnc2)c1,train
CHEMBL4107033,COc1ncc(-c2cc(C(=O)Nc3ccc(OC(F)(F)Cl)cc3)cnc2N2CC[C@@H](O)C2)c(OC)n1,NNCOGDOKVDXPRW,1,-1,-1,O=C(Nc1ccccc1)c1cnc(N2CCCC2)c(-c2cncnc2)c1,train
CHEMBL4107045,O=C(Nc1ccc(OC(F)(F)Cl)cc1)c1ccc(N2CC[C@@H](O)C2)c(-c2cncnc2)c1,LHAHFJNZQUVOAL,1,-1,-1,O=C(Nc1ccccc1)c1ccc(N2CCCC2)c(-c2cncnc2)c1,train
CHEMBL4107050,N#Cc1cncc(-c2cc(C(=O)Nc3ccc(SC(F)(F)F)cc3)cnc2N2CC[C@@H](O)C2)c1,CBNVBCITCGQQNG,1,-1,-1,O=C(Nc1ccccc1)c1cnc(N2CCCC2)c(-c2cccnc2)c1,train
CHEMBL4107083,C[C@@]1(O)CCN(c2ncc(C(=O)Nc3ccc(OC(F)(F)F)cc3)cc2-c2cncnc2)C1,WYEBITZXMREEND,1,-1,-1,O=C(Nc1ccccc1)c1cnc(N2CCCC2)c(-c2cncnc2)c1,train
CHEMBL4107125,O=C(Nc1ccc(SC(F)F)cc1)c1cnc(N2CC[C@@H](O)C2)c(-c2cncnc2)c1,RYZWTXHRSZJWHO,1,-1,-1,O=C(Nc1ccccc1)c1cnc(N2CCCC2)c(-c2cncnc2)c1,train
CHEMBL4107241,N#Cc1ccncc1-c1cc(C(=O)Nc2ccc(OC(F)(F)F)cc2)cnc1N1CC[C@@H](O)C1,KGJDMHJBIITZKU,1,-1,-1,O=C(Nc1ccccc1)c1cnc(N2CCCC2)c(-c2cccnc2)c1,train
CHEMBL4107355,N[C@@H]1CCN(c2ncc(C(=O)Nc3ccc(OC(F)(F)F)cc3)cc2-c2cncnc2)C1,LICXNJHYTOUIGJ,1,-1,-1,O=C(Nc1ccccc1)c1cnc(N2CCCC2)c(-c2cncnc2)c1,train
CHEMBL4107401,O=C(Nc1ccc(C(F)(F)C(F)(F)F)cc1)c1cnc(N2CC[C@@H](O)C2)c(-c2cncnc2)c1,XJCKZYFEKREOHG,1,-1,-1,O=C(Nc1ccccc1)c1cnc(N2CCCC2)c(-c2cncnc2)c1,train
CHEMBL4107476,O=C(Nc1ccc(SC(F)(F)F)c(F)c1)c1cnc(N2CC[C@@H](O)C2)c(-c2cncc(F)c2)c1,KRUWNFCYFMCNDL,1,-1,-1,O=C(Nc1ccccc1)c1cnc(N2CCCC2)c(-c2cccnc2)c1,train
CHEMBL4107521,O=C(Nc1ccc(C(F)(F)C(F)(F)F)cc1)c1cnc(N2CC[C@@H](O)C2)c(-c2cncc(F)c2)c1,LUFNWPNBUCIANZ,1,-1,-1,O=C(Nc1ccccc1)c1cnc(N2CCCC2)c(-c2cccnc2)c1,train
CHEMBL4107596,N[C@]1(C(F)(F)F)CCN(c2ncc(C(=O)Nc3ccc(OC(F)(F)F)cc3)cc2-c2ccn[nH]2)C1,IWZQQKIJMUKXKU,1,-1,-1,O=C(Nc1ccccc1)c1cnc(N2CCCC2)c(-c2ccn[nH]2)c1,train
CHEMBL4107599,N#Cc1cncc(-c2cc(C(=O)Nc3ccc(OC(F)(F)Cl)cc3)cnc2N2CC[C@@H](O)C2)c1,AECVPDHNWHBQLW,1,-1,-1,O=C(Nc1ccccc1)c1cnc(N2CCCC2)c(-c2cccnc2)c1,train
CHEMBL4107740,N#Cc1ccncc1-c1cc(C(=O)Nc2ccc(OC(F)(F)Cl)cc2)cnc1N1CC[C@@H](O)C1,DXIVRSUXKYIPMU,1,-1,-1,O=C(Nc1ccccc1)c1cnc(N2CCCC2)c(-c2cccnc2)c1,train
CHEMBL4107812,Cc1ncc(-c2cc(C(=O)Nc3ccc(OC(F)(F)F)cc3)cnc2N2CC[C@@H](O)C2)cc1F,GCAZWKPVYYULFJ,1,-1,-1,O=C(Nc1ccccc1)c1cnc(N2CCCC2)c(-c2cccnc2)c1,train
CHEMBL4108244,N#Cc1cncc(-c2cc(C(=O)Nc3ccc(SC(F)(F)F)c(F)c3)cnc2N2CC[C@@H](O)C2)c1,VJJYIJXDTPIHFE,1,-1,-1,O=C(Nc1ccccc1)c1cnc(N2CCCC2)c(-c2cccnc2)c1,train
CHEMBL4108263,O=C(Nc1ccc(OC(F)(F)Cl)cc1)c1cnc(N2CC[C@@H](O)C2)c(-c2cc(F)cnc2F)c1,LQQRSFLBGNQCRF,1,-1,-1,O=C(Nc1ccccc1)c1cnc(N2CCCC2)c(-c2cccnc2)c1,train
CHEMBL4108311,N#Cc1ccc(F)cc1-c1cc(C(=O)Nc2ccc(OC(F)(F)Cl)cc2)cnc1N1CC[C@@H](O)C1,YCNZUGILGZYRIU,1,-1,-1,O=C(Nc1ccccc1)c1cnc(N2CCCC2)c(-c2ccccc2)c1,train
CHEMBL4108373,O=C(Nc1ccc(SC(F)(F)Cl)cc1)c1cnc(N2CC[C@@H](O)C2)c(-c2cncnc2)c1,SYYIIGJFTFOOLB,1,-1,-1,O=C(Nc1ccccc1)c1cnc(N2CCCC2)c(-c2cncnc2)c1,train
CHEMBL4108403,O=C(Nc1ccc(OC(F)(F)Cl)cc1)c1cnc(N2CC[C@@H](O)C2)c(-c2cc(F)nc(F)c2)c1,OLYXIWKVNAXUFN,1,-1,-1,O=C(Nc1ccccc1)c1cnc(N2CCCC2)c(-c2ccncc2)c1,train
CHEMBL4108461,CC(C)(O)c1cc(F)cc(-c2cc(C(=O)Nc3ccc(OC(F)(F)F)cc3)cnc2N2CC[C@@H](O)C2)c1,JGHVQNCKQYWYLW,1,-1,-1,O=C(Nc1ccccc1)c1cnc(N2CCCC2)c(-c2ccccc2)c1,train
CHEMBL4108599,Cc1ccc(-c2cc(C(=O)Nc3ccc(OC(F)(F)C(F)F)cc3)cnc2N2CC[C@@H](O)C2)cn1,FGYXZYOKHSKSTF,1,-1,-1,O=C(Nc1ccccc1)c1cnc(N2CCCC2)c(-c2cccnc2)c1,train
CHEMBL4108652,O=C(Nc1ccc(C(F)(F)C(F)(F)Cl)cc1)c1cnc(N2CC[C@@H](O)C2)c(-c2cncnc2)c1,RGTJWXUAMAEEIP,1,-1,-1,O=C(Nc1ccccc1)c1cnc(N2CCCC2)c(-c2cncnc2)c1,train
CHEMBL4108670,O=C(Nc1ccc(OC(F)(F)F)cc1)c1cnc(N2C[C@H](CO)[C@@H](O)C2)c(-c2cncs2)c1,LZSLYEZEAHMCPR,1,-1,-1,O=C(Nc1ccccc1)c1cnc(N2CCCC2)c(-c2cncs2)c1,train
CHEMBL4108718,N#Cc1ncc(F)cc1-c1cc(C(=O)Nc2ccc(OC(F)(F)Cl)cc2)cnc1N1CC[C@@H](O)C1,NPGRMKWDNWQDAO,1,-1,-1,O=C(Nc1ccccc1)c1cnc(N2CCCC2)c(-c2cccnc2)c1,train
CHEMBL4108721,O=C(Nc1ccc(OC(F)(F)F)cc1)c1cnc(N2CC[C@@H](O)C2)c(-c2cncc(F)c2)c1,GPJQVAIOUQRRCB,1,-1,-1,O=C(Nc1ccccc1)c1cnc(N2CCCC2)c(-c2cccnc2)c1,train
CHEMBL4108749,COc1cncc(-c2cc(C(=O)Nc3ccc(OC(F)(F)F)cc3)cnc2N2CC[C@@H](O)C2)c1,GDXGGCSXNWKUKL,1,-1,-1,O=C(Nc1ccccc1)c1cnc(N2CCCC2)c(-c2cccnc2)c1,train
CHEMBL4108852,O=C(Nc1ccc(OC(F)(F)Cl)cc1)c1cnc(N2CC[C@@H](O)C2)c(-c2cc(F)cnc2Cl)c1,WTDLQFVGUSLXNM,1,-1,-1,O=C(Nc1ccccc1)c1cnc(N2CCCC2)c(-c2cccnc2)c1,train
CHEMBL4108880,O=C(Nc1ccc(OC(F)(F)F)cc1)c1cnc(N2CC[C@@H](O)C2)c(-c2ccc[nH]2)c1,YFXXKVZWKMJLQV,1,-1,-1,O=C(Nc1ccccc1)c1cnc(N2CCCC2)c(-c2ccc[nH]2)c1,train
CHEMBL4108925,CC(F)(F)Oc1ccc(NC(=O)c2cnc(N3CC[C@@H](O)C3)c(-c3cncnc3)c2)cc1,GFKBSBXKTWPJQJ,1,-1,-1,O=C(Nc1ccccc1)c1cnc(N2CCCC2)c(-c2cncnc2)c1,train
CHEMBL4108934,O=C(Nc1ccc(OC(F)(F)Cl)cc1)c1cnc(N2CC[C@@H](O)C2)c(-c2cccnc2F)c1,FUSZMZVBNIEDDM,1,-1,-1,O=C(Nc1ccccc1)c1cnc(N2CCCC2)c(-c2cccnc2)c1,train
CHEMBL4108980,N#Cc1ccc(-c2cc(C(=O)Nc3ccc(OC(F)(F)F)cc3)cnc2N2CC[C@@H](O)C2)[nH]1,SJHGRVSGRQFAEW,1,-1,-1,O=C(Nc1ccccc1)c1cnc(N2CCCC2)c(-c2ccc[nH]2)c1,train
CHEMBL4108985,O=C(Nc1ccc(OC(F)(F)F)cc1)c1cnc(N2CC[C@@H](O)C2)c(-c2ccc(C(F)(F)F)nc2)c1,FGMQZTUTUMIVRQ,1,-1,-1,O=C(Nc1ccccc1)c1cnc(N2CCCC2)c(-c2cccnc2)c1,train
CHEMBL4108992,O=C(Nc1ccc(OC(F)(F)F)cc1)c1cnc(N2CC[C@@H](O)C2)c(-c2cccc(CO)c2)c1,TXPXPQQJSTYTNG,1,-1,-1,O=C(Nc1ccccc1)c1cnc(N2CCCC2)c(-c2ccccc2)c1,train
CHEMBL4109082,N[C@]1(C(F)(F)F)CCN(c2ncc(C(=O)Nc3ccc(OC(F)(F)F)cc3)cc2-c2cncnc2)C1,INKNUGGIAWKOGM,1,-1,-1,O=C(Nc1ccccc1)c1cnc(N2CCCC2)c(-c2cncnc2)c1,train
CHEMBL4109149,COc1ncc(-c2cc(C(=O)Nc3ccc(OC(F)(F)F)cc3)ccc2N2CC[C@@H](O)C2)cn1,PXBBHPBSTZTGKV,1,-1,-1,O=C(Nc1ccccc1)c1ccc(N2CCCC2)c(-c2cncnc2)c1,train
CHEMBL410931,Fc1ccc(C(Cl)Cn2ncc3c(NCc4ccccc4)ncnc32)cc1,CJUDGRBWGJRKTQ,1,-1,-1,c1ccc(CCn2ncc3c(NCc4ccccc4)ncnc32)cc1,train
CHEMBL4109332,O=C(Nc1ccc(OC(F)(F)F)cc1)c1cnc(N2CC[C@@H](O)C2)c(-c2cc(F)cnc2F)c1,LYYQGUHPWUUGLT,1,-1,-1,O=C(Nc1ccccc1)c1cnc(N2CCCC2)c(-c2cccnc2)c1,train
CHEMBL4109606,Cc1ccc(-c2cc(C(=O)Nc3ccc(OC(F)(F)F)cc3)cnc2N2CC[C@@H](CO)C2)cn1,HZPMQMATNFFSEH,1,-1,-1,O=C(Nc1ccccc1)c1cnc(N2CCCC2)c(-c2cccnc2)c1,train
CHEMBL4109626,CO[C@@H]1CN(c2ncc(C(=O)Nc3ccc(OC(F)(F)F)cc3)cc2-c2cncnc2)C[C@H]1O,HSZKZOAFPZIIMI,1,-1,-1,O=C(Nc1ccccc1)c1cnc(N2CCCC2)c(-c2cncnc2)c1,train
CHEMBL4109691,O=C(Nc1ccc(OC(F)(F)F)cc1)c1ccc(N2CC[C@@H](O)C2)c(-c2cccnc2)c1,RWJYPRAXTJOUET,1,-1,-1,O=C(Nc1ccccc1)c1ccc(N2CCCC2)c(-c2cccnc2)c1,train
CHEMBL4109719,CC(F)(F)Oc1ccc(NC(=O)c2cnc(N3CC[C@@H](O)C3)c(-c3cncc(C#N)c3)c2)cc1,ZKLPAJFGPTXYHE,1,-1,-1,O=C(Nc1ccccc1)c1cnc(N2CCCC2)c(-c2cccnc2)c1,train
CHEMBL4109872,NC[C@H]1CCN(c2ncc(C(=O)Nc3ccc(OC(F)(F)F)cc3)cc2-c2cncnc2)C1,ZHSJPWWWEJYCPF,1,-1,-1,O=C(Nc1ccccc1)c1cnc(N2CCCC2)c(-c2cncnc2)c1,train
CHEMBL4109873,Cc1ccc(-c2cc(C(=O)Nc3ccc(OC(F)(F)F)cc3)cnc2N2CCC[C@@H](O)C2)cn1,CDADKVPKYARHOT,1,-1,-1,O=C(Nc1ccccc1)c1cnc(N2CCCCC2)c(-c2cccnc2)c1,train
CHEMBL4109885,O=C(Nc1ccc(OC(F)(F)F)cc1)c1cnc(N2CC[C@@H](O)C2)c(-c2ncc[nH]2)c1,WHWPZIDXSPEKNR,1,-1,-1,O=C(Nc1ccccc1)c1cnc(N2CCCC2)c(-c2ncc[nH]2)c1,train
CHEMBL4110085,Cc1cnc(-c2cc(C(=O)Nc3ccc(OC(F)(F)F)cc3)cnc2N2CC[C@@H](O)C2)[nH]1,ABBLRZJIPZFCFY,1,-1,-1,O=C(Nc1ccccc1)c1cnc(N2CCCC2)c(-c2ncc[nH]2)c1,train
CHEMBL4110370,O=C(Nc1ccc(OC(F)(F)Cl)cc1)c1cnc(N2CCC[C@@H](O)C2)c(-c2ccn[nH]2)c1,OBPFCWBPCFXYCS,1,-1,-1,O=C(Nc1ccccc1)c1cnc(N2CCCCC2)c(-c2ccn[nH]2)c1,train
CHEMBL4110425,N#Cc1cncc(-c2cc(C(=O)Nc3ccc(C(F)(F)C(F)(F)F)cc3)cnc2N2CC[C@@H](O)C2)c1,NFTBCNJDGYAGAO,1,-1,-1,O=C(Nc1ccccc1)c1cnc(N2CCCC2)c(-c2cccnc2)c1,train
CHEMBL411043,ClC(Cn1ncc2c(NCc3ccccc3)ncnc21)c1ccccc1,SEFWYTXTKMMUEF,1,-1,-1,c1ccc(CCn2ncc3c(NCc4ccccc4)ncnc32)cc1,train
CHEMBL4110478,O=C(Nc1ccc([S+]([O-])C(F)(F)F)cc1)c1cnc(N2CC[C@@H](O)C2)c(-c2cncc(F)c2)c1,HAXPPAGULHJZJY,1,-1,-1,O=C(Nc1ccccc1)c1cnc(N2CCCC2)c(-c2cccnc2)c1,train
CHEMBL4110588,O=C(Nc1ccc(OC(F)(F)Cl)cc1)c1cnc(N2CC[C@@H](O)C2)c(-c2ccc[nH]2)c1,SZRMDTWLNUGRJF,1,-1,-1,O=C(Nc1ccccc1)c1cnc(N2CCCC2)c(-c2ccc[nH]2)c1,train
CHEMBL4110615,N#Cc1cncc(-c2cc(C(=O)Nc3ccc(OC(F)(F)F)cc3)cnc2N2CC[C@@H](O)C2)c1,JOGFNKQAZUUZAB,1,-1,-1,O=C(Nc1ccccc1)c1cnc(N2CCCC2)c(-c2cccnc2)c1,train
CHEMBL4110627,N[C@@H]1CN(c2ncc(C(=O)Nc3ccc(OC(F)(F)Cl)cc3)cc2-c2ccn[nH]2)C[C@H]1F,VZYJXQHEZQYJIT,1,-1,-1,O=C(Nc1ccccc1)c1cnc(N2CCCC2)c(-c2ccn[nH]2)c1,train
CHEMBL4110628,O=C(Nc1ccc(OC(F)(F)F)c(F)c1)c1cnc(N2CC[C@@H](O)C2)c(-c2cncc(F)c2)c1,YCTAIOCYBKBPLL,1,-1,-1,O=C(Nc1ccccc1)c1cnc(N2CCCC2)c(-c2cccnc2)c1,train
CHEMBL4110752,COc1ncc(-c2cc(C(=O)Nc3ccc(OC(F)(F)F)cc3)cnc2N2CC[C@@H](O)C2)cn1,BJFPQEHWXQDXQD,1,-1,-1,O=C(Nc1ccccc1)c1cnc(N2CCCC2)c(-c2cncnc2)c1,train
CHEMBL4110855,Cc1ncncc1-c1cc(C(=O)Nc2ccc(OC(F)(F)Cl)cc2)cnc1N1C[C@@H](O)[C@H](O)C1,DXBJQXMYBYWCOW,1,-1,-1,O=C(Nc1ccccc1)c1cnc(N2CCCC2)c(-c2cncnc2)c1,train
CHEMBL4110930,O=C(Nc1ccc(OC(F)(F)Cl)cc1)c1cnc(NCC[C@@H](O)CO)c(-c2ccn[nH]2)c1,HRCGIGMWWWTIJQ,1,-1,-1,O=C(Nc1ccccc1)c1cncc(-c2ccn[nH]2)c1,train
CHEMBL4110946,O=C(Nc1ccc(OC(F)(F)F)cc1)c1cnc(N2CC[C@@H](O)C2)c(-c2cncc(Cl)c2)c1,FQBFCTIIAZJHNQ,1,-1,-1,O=C(Nc1ccccc1)c1cnc(N2CCCC2)c(-c2cccnc2)c1,train
CHEMBL4110991,O=C(Nc1ccc(OC(F)(F)F)cc1)c1cnc(N2CC[C@@H](O)C2)c(-c2cncs2)c1,COJGZCSIUJFONE,1,-1,-1,O=C(Nc1ccccc1)c1cnc(N2CCCC2)c(-c2cncs2)c1,train
CHEMBL4111003,N#Cc1cncc(-c2cc(C(=O)Nc3ccc(OC(F)(F)F)c(F)c3)cnc2N2CC[C@@H](O)C2)c1,JOXZRXYVMXUTJF,1,-1,-1,O=C(Nc1ccccc1)c1cnc(N2CCCC2)c(-c2cccnc2)c1,train
CHEMBL4111085,COc1ncc(-c2cc(C(=O)Nc3ccc(OC(F)(F)Cl)cc3)cnc2N2CC[C@@H](O)C2)cc1C#N,HXRAEWKSOHKKDD,1,-1,-1,O=C(Nc1ccccc1)c1cnc(N2CCCC2)c(-c2cccnc2)c1,train
CHEMBL4111156,N#Cc1ccc(F)c(-c2cc(C(=O)Nc3ccc(OC(F)(F)Cl)cc3)cnc2N2CC[C@@H](O)C2)c1,MEALAMMXHZWJIM,1,-1,-1,O=C(Nc1ccccc1)c1cnc(N2CCCC2)c(-c2ccccc2)c1,train
CHEMBL4111163,Nc1ncc(-c2cc(C(=O)Nc3ccc(OC(F)(F)F)cc3)cnc2N2CC[C@@H](O)C2)cn1,HJISNZPIYGLXJK,1,-1,-1,O=C(Nc1ccccc1)c1cnc(N2CCCC2)c(-c2cncnc2)c1,train
CHEMBL4111182,CC(C)(C)Oc1ccc(NC(=O)c2cnc(N3CC[C@@H](O)C3)c(-c3cncnc3)c2)cc1,RTISUPDPHBYBDL,1,-1,-1,O=C(Nc1ccccc1)c1cnc(N2CCCC2)c(-c2cncnc2)c1,train
CHEMBL4111319,N#Cc1cc(F)cc(-c2cc(C(=O)Nc3ccc(OC(F)(F)Cl)cc3)cnc2C2CC[C@@H](O)N2)c1,SHGNSFINJZIBCQ,1,-1,-1,O=C(Nc1ccccc1)c1cnc(C2CCCN2)c(-c2ccccc2)c1,train
CHEMBL4111355,O=C(Nc1ccc(OC(F)(F)F)cc1)c1cnc(N2CC[C@@H](O)C2)c(-c2cccnc2)c1,FGPVGVVPKPEBCH,1,-1,-1,O=C(Nc1ccccc1)c1cnc(N2CCCC2)c(-c2cccnc2)c1,train
CHEMBL4111359,O=C(Nc1ccc(OC(F)(F)Cl)cc1)c1cnc(N2CC[C@@H](O)C2)c(-c2cnccc2F)c1,MBKBNMMCJIBBMO,1,-1,-1,O=C(Nc1ccccc1)c1cnc(N2CCCC2)c(-c2cccnc2)c1,train
CHEMBL4111391,COc1ccc(-c2cc(C(=O)Nc3ccc(OC(F)(F)F)cc3)cnc2N2CC[C@@H](O)C2)cn1,FHCTVOWBKSMPQX,1,-1,-1,O=C(Nc1ccccc1)c1cnc(N2CCCC2)c(-c2cccnc2)c1,train
CHEMBL4111760,O=C(Nc1ccc(OC(F)(F)F)cc1)c1cnc(N2CC[C@@H](O)C2)c(-c2cncc(C(F)(F)F)c2)c1,BKGVCQGJVMNNGN,1,-1,-1,O=C(Nc1ccccc1)c1cnc(N2CCCC2)c(-c2cccnc2)c1,train
CHEMBL4111774,O=C(Nc1ccc(OC(F)(F)F)cc1)c1ccc(N2CC[C@@H](O)C2)c(-c2cncs2)c1,ZSQFAKOJYJNADS,1,-1,-1,O=C(Nc1ccccc1)c1ccc(N2CCCC2)c(-c2cncs2)c1,train
CHEMBL4112036,O=C(Nc1ccc(OC(F)(F)F)cc1)c1cnc(N2CC[C@@H](O)C2)c(-c2ccc(F)nc2)c1,CGMRPEKLJIPZEU,1,-1,-1,O=C(Nc1ccccc1)c1cnc(N2CCCC2)c(-c2cccnc2)c1,train
CHEMBL4112072,Cc1ccncc1-c1cc(C(=O)Nc2ccc(OC(F)(F)Cl)cc2)cnc1N1CC[C@@H](O)C1,ZPWVAIVRLQAWBV,1,-1,-1,O=C(Nc1ccccc1)c1cnc(N2CCCC2)c(-c2cccnc2)c1,train
CHEMBL4112160,O=C(Nc1ccc(OC(F)(F)F)cc1)c1cnc(N2CC[C@@H](O)C2)c(-c2ccc(CO)nc2)c1,HZUUMTIQTOBDPQ,1,-1,-1,O=C(Nc1ccccc1)c1cnc(N2CCCC2)c(-c2cccnc2)c1,train
CHEMBL4112258,O=C(Nc1ccc(OC(F)(F)F)cc1)c1cnc(N2CC[C@@H](O)C2)c(-c2cnccc2F)c1,SFANPJNDWICQOM,1,-1,-1,O=C(Nc1ccccc1)c1cnc(N2CCCC2)c(-c2cccnc2)c1,train
CHEMBL4112690,O=C(Nc1ccc(OC(F)(F)F)cc1)c1cnc(N2CC[C@@H](O)C2)c(-c2nccs2)c1,GTVNJIUBRIUDBD,1,-1,-1,O=C(Nc1ccccc1)c1cnc(N2CCCC2)c(-c2nccs2)c1,train
CHEMBL4112697,Nc1ncc(-c2cc(C(=O)Nc3ccc(OC(F)(F)Cl)cc3)cnc2N2CC[C@@H](O)C2)cc1F,NSBCKEPOIMASLL,1,-1,-1,O=C(Nc1ccccc1)c1cnc(N2CCCC2)c(-c2cccnc2)c1,train
CHEMBL4112901,Cn1c(C#N)ccc1-c1cc(C(=O)Nc2ccc(OC(F)(F)Cl)cc2)cnc1N1CC[C@@H](O)C1,RULBCZWLIDRTDZ,1,-1,-1,O=C(Nc1ccccc1)c1cnc(N2CCCC2)c(-c2ccc[nH]2)c1,train
CHEMBL4113008,CC(=O)NC[C@H]1CCN(c2ncc(C(=O)Nc3ccc(OC(F)(F)Cl)cc3)cc2-c2cncnc2)C1,ZJRXJJWDBHQODA,1,-1,-1,O=C(Nc1ccccc1)c1cnc(N2CCCC2)c(-c2cncnc2)c1,train
CHEMBL4113011,COC(=O)c1cc(F)cc(-c2cc(C(=O)Nc3ccc(OC(F)(F)F)cc3)cnc2N2CC[C@@H](O)C2)c1,XRRXVCNORBNOAP,1,-1,-1,O=C(Nc1ccccc1)c1cnc(N2CCCC2)c(-c2ccccc2)c1,train
CHEMBL4113112,O=C(Nc1ccc(OC(F)(F)Cl)cc1)c1cnc(N2C[C@H](CO)[C@@H](O)C2)c(-c2cncnc2)c1,HZMFUMITZSYYDC,1,-1,-1,O=C(Nc1ccccc1)c1cnc(N2CCCC2)c(-c2cncnc2)c1,train
CHEMBL4113119,O=C(Nc1ccc(OC(F)(F)F)cc1)c1cnc(N2CCC[C@@H](O)C2)c(-c2cncnc2)c1,IPJKLYGNQAWYCX,1,-1,-1,O=C(Nc1ccccc1)c1cnc(N2CCCCC2)c(-c2cncnc2)c1,train
CHEMBL4113196,O=C(Nc1ccc(OC(F)(F)C(F)F)cc1)c1cnc(N2CC[C@@H](O)C2)c(-c2cncc(F)c2)c1,BFAAGEJBCLBMNJ,1,-1,-1,O=C(Nc1ccccc1)c1cnc(N2CCCC2)c(-c2cccnc2)c1,train
CHEMBL4113224,O=C(Nc1ccc(SC(F)(F)F)cc1)c1cnc(N2CC[C@@H](O)C2)c(-c2cncc(F)c2)c1,OOJUYQYOGSIFSN,1,-1,-1,O=C(Nc1ccccc1)c1cnc(N2CCCC2)c(-c2cccnc2)c1,train
CHEMBL4113279,CC(F)(F)Oc1ccc(NC(=O)c2cnc(N3CC[C@@H](O)C3)c(-c3cncc(F)c3)c2)cc1,NGQGLANDYRFTKE,1,-1,-1,O=C(Nc1ccccc1)c1cnc(N2CCCC2)c(-c2cccnc2)c1,train
CHEMBL4113303,Cc1ncccc1-c1cc(C(=O)Nc2ccc(OC(F)(F)Cl)cc2)cnc1N1CC[C@@H](O)C1,RHTUGXZVEDVINH,1,-1,-1,O=C(Nc1ccccc1)c1cnc(N2CCCC2)c(-c2cccnc2)c1,train
CHEMBL4113344,N[C@]1(C(F)(F)F)CCN(c2ncc(C(=O)Nc3ccc(OC(F)(F)Cl)cc3)cc2-c2cncnc2)C1,OURLJBGHPVZCED,1,-1,-1,O=C(Nc1ccccc1)c1cnc(N2CCCC2)c(-c2cncnc2)c1,train
CHEMBL4113417,O=C(Nc1ccc(OC(F)(F)F)c(Cl)c1)c1cnc(N2CC[C@@H](O)C2)c(-c2cncnc2)c1,KVIDDLKYAIPFKB,1,-1,-1,O=C(Nc1ccccc1)c1cnc(N2CCCC2)c(-c2cncnc2)c1,train
CHEMBL4113492,O=C(Nc1ccc(OC(F)(F)F)cc1)c1cnc(N2CC[C@@H](O)C2)c(-c2cnc(Cl)c(F)c2)c1,JJOHVRPYYBFVIP,1,-1,-1,O=C(Nc1ccccc1)c1cnc(N2CCCC2)c(-c2cccnc2)c1,train
CHEMBL4113536,O=C(Nc1ccc(OC(F)(F)F)cc1)c1cnc(N2CC[C@@H](CO)C2)c(-c2cncnc2)c1,KSVMXLZKYBUCLY,1,-1,-1,O=C(Nc1ccccc1)c1cnc(N2CCCC2)c(-c2cncnc2)c1,train
CHEMBL4113537,N[C@@H]1CCCN(c2ncc(C(=O)Nc3ccc(OC(F)(F)Cl)cc3)cc2-c2cncnc2)C1,XHKPYWKJUUQQMQ,1,-1,-1,O=C(Nc1ccccc1)c1cnc(N2CCCCC2)c(-c2cncnc2)c1,train
CHEMBL4113562,O=C(Nc1ccc(OC(F)(F)F)cc1)c1cnc(N2CCC[C@@H](O)C2)c(-c2cccnc2)c1,HLINSTHZOOXDEN,1,-1,-1,O=C(Nc1ccccc1)c1cnc(N2CCCCC2)c(-c2cccnc2)c1,train
CHEMBL4113564,Cc1ncccc1-c1cc(C(=O)Nc2ccc(OC(F)(F)F)cc2)cnc1N1CC[C@@H](O)C1,GSNGSBNZMKAQAV,1,-1,-1,O=C(Nc1ccccc1)c1cnc(N2CCCC2)c(-c2cccnc2)c1,train
CHEMBL4113707,C[C@@]1(O)CCN(c2ncc(C(=O)Nc3ccc(OC(F)(F)Cl)cc3)cc2-c2ccn[nH]2)C1,ANZVSVJXLRSKGN,1,-1,-1,O=C(Nc1ccccc1)c1cnc(N2CCCC2)c(-c2ccn[nH]2)c1,train
CHEMBL4114004,Cc1ccc(-c2cc(C(=O)Nc3ccc(OC(F)(F)F)cc3)cnc2N2CC[C@@H](O)C2)cn1,AHFCBJUQSIQAMF,1,-1,-1,O=C(Nc1ccccc1)c1cnc(N2CCCC2)c(-c2cccnc2)c1,train
CHEMBL4114005,O=C(Nc1ccc(OC(F)(F)F)cc1)c1cnc(N2CC[C@@H](O)C2)c(-c2cccc(F)c2)c1,NOKLLOWYOIQFLM,1,-1,-1,O=C(Nc1ccccc1)c1cnc(N2CCCC2)c(-c2ccccc2)c1,train
CHEMBL4114006,Nc1ncc(-c2cc(C(=O)Nc3ccc(OC(F)(F)F)cc3)cnc2N2CC[C@@H](O)C2)cc1F,LACLJRZZLQRCFU,1,-1,-1,O=C(Nc1ccccc1)c1cnc(N2CCCC2)c(-c2cccnc2)c1,train
CHEMBL4114156,O=C(Nc1ccc(OC(F)(F)C(F)(F)F)cc1)c1cnc(N2CC[C@@H](O)C2)c(-c2cncnc2)c1,KNAHGXPAIZHDPG,1,-1,-1,O=C(Nc1ccccc1)c1cnc(N2CCCC2)c(-c2cncnc2)c1,train
CHEMBL4114324,O=C(Nc1ccc(OC(F)(F)F)cc1)c1cnc(N2CC[C@@H](O)C2)c(-c2ccccc2)c1,ATWBZFNCHJUFLK,1,-1,-1,O=C(Nc1ccccc1)c1cnc(N2CCCC2)c(-c2ccccc2)c1,train
CHEMBL4114540,O=C(Nc1ccc(OC(F)(F)F)cc1)c1cnc(N2CC[C@@H](O)C2)c(-c2cc(F)nc(F)c2)c1,JBSGWRPXDMHYJH,1,-1,-1,O=C(Nc1ccccc1)c1cnc(N2CCCC2)c(-c2ccncc2)c1,train
CHEMBL4114621,Cc1ncncc1-c1cc(C(=O)Nc2ccc(OC(F)(F)Cl)cc2)cnc1N1CC[C@@H](O)C1,SSVVEWYCECHMMO,1,-1,-1,O=C(Nc1ccccc1)c1cnc(N2CCCC2)c(-c2cncnc2)c1,train
CHEMBL4114635,Cc1ccc(F)cc1-c1cc(C(=O)Nc2ccc(OC(F)(F)Cl)cc2)cnc1N1CC[C@@H](O)C1,CWYXZIPWUJMBSG,1,-1,-1,O=C(Nc1ccccc1)c1cnc(N2CCCC2)c(-c2ccccc2)c1,train
CHEMBL4114855,N#Cc1ccc(-c2cc(C(=O)Nc3ccc(OC(F)(F)Cl)cc3)cnc2N2CC[C@@H](O)C2)[nH]1,JTQKMBJRQNMMGH,1,-1,-1,O=C(Nc1ccccc1)c1cnc(N2CCCC2)c(-c2ccc[nH]2)c1,train
CHEMBL4114922,C[C@@]1(O)CCN(c2ncc(C(=O)Nc3ccc(OC(F)(F)F)cc3)cc2-c2ccn[nH]2)C1,JVOJDDPNCSLEDA,1,-1,-1,O=C(Nc1ccccc1)c1cnc(N2CCCC2)c(-c2ccn[nH]2)c1,train
CHEMBL4114966,O=C(Nc1ccc(OC(F)(F)Cl)cc1)c1cnc(N2CC[C@@H](O)C2)c(-c2ncc[nH]2)c1,HSXCQNWYDFFNSJ,1,-1,-1,O=C(Nc1ccccc1)c1cnc(N2CCCC2)c(-c2ncc[nH]2)c1,train
CHEMBL4115097,O=C(Nc1ccc(OC(F)(F)C(F)(F)F)cc1)c1cnc(N2CC[C@@H](O)C2)c(-c2cncc(F)c2)c1,RKBSLKZBQLLHBS,1,-1,-1,O=C(Nc1ccccc1)c1cnc(N2CCCC2)c(-c2cccnc2)c1,train
CHEMBL4115148,O=C(Nc1ccc(OC(F)(F)F)c(F)c1)c1cnc(N2CC[C@@H](O)C2)c(-c2cncnc2)c1,BXZJQNNUMBBXSW,1,-1,-1,O=C(Nc1ccccc1)c1cnc(N2CCCC2)c(-c2cncnc2)c1,train
CHEMBL4115154,O=C(Nc1ccc(OC(F)(F)F)cc1)c1cnc(N2CC[C@@H](O)C2)c(-c2cncnc2)c1,LARFZNXVNANWFD,1,-1,-1,O=C(Nc1ccccc1)c1cnc(N2CCCC2)c(-c2cncnc2)c1,train
CHEMBL4115304,CN(C)C(=O)c1ccc(-c2cc(C(=O)Nc3ccc(OC(F)(F)Cl)cc3)cnc2N2CC[C@@H](O)C2)[nH]1,RLKSWYWWIPNWPB,1,-1,-1,O=C(Nc1ccccc1)c1cnc(N2CCCC2)c(-c2ccc[nH]2)c1,train
CHEMBL4115349,O=C(Nc1ccc(OC(F)(F)Cl)cc1)c1cnc(NC[C@H](O)CCO)c(-c2ccn[nH]2)c1,MYRIRDIXVYOGJY,1,-1,-1,O=C(Nc1ccccc1)c1cncc(-c2ccn[nH]2)c1,train
CHEMBL4115522,O=C(Nc1ccc(OC(F)(F)F)cc1)c1cnc(N2C[C@H](CO)[C@@H](O)C2)c(-c2cncc(F)c2)c1,YSKFKFVLGKKZSR,1,-1,-1,O=C(Nc1ccccc1)c1cnc(N2CCCC2)c(-c2cccnc2)c1,train
CHEMBL4115607,O=C(Nc1ccc(OC(F)(F)F)cc1)c1cnc(N2CC[C@@H](O)C2)c(-c2cc(F)cc(F)c2)c1,YGJUQVFXMCYABK,1,-1,-1,O=C(Nc1ccccc1)c1cnc(N2CCCC2)c(-c2ccccc2)c1,train
CHEMBL4115674,O=C(Nc1ccc(OC(F)(F)F)cc1)c1cnc(N2CC[C@@H](O)C2)c(-c2cccnc2F)c1,PYBVRQHDYIMMBY,1,-1,-1,O=C(Nc1ccccc1)c1cnc(N2CCCC2)c(-c2cccnc2)c1,train
CHEMBL412298,Fc1cccc(CNc2ncnc3c2cnn3CC(Cl)c2ccccc2)c1,IDZXNZQRVWDXGU,1,-1,-1,c1ccc(CCn2ncc3c(NCc4ccccc4)ncnc32)cc1,train
CHEMBL415264,CSc1nc(NCCc2ccc(C)cc2)c2cnn(CC(Cl)c3ccccc3)c2n1,SNWKJSWMWRHVNL,1,-1,-1,c1ccc(CCNc2ncnc3c2cnn3CCc2ccccc2)cc1,train
CHEMBL4159558,CCc1ccc(C(=O)Nc2cc(CN3CCN(C)CC3)cc(C(F)(F)F)c2)cc1C#Cc1cncnc1,XEKBRFPQVSQWMU,1,-1,-1,O=C(Nc1cccc(CN2CCNCC2)c1)c1cccc(C#Cc2cncnc2)c1,train
CHEMBL4159956,CCc1ccc(C(=O)Nc2cc(CN3CCN(C)CC3)cc(C(F)(F)F)c2)cc1C#Cc1cncn1C,XQZFAZMTCODCDH,1,-1,-1,O=C(Nc1cccc(CN2CCNCC2)c1)c1cccc(C#Cc2cnc[nH]2)c1,train
CHEMBL4160980,CN[C@@H](C)C(=O)N[C@H](C(=O)N1CCC[C@H]1c1nc(C(=O)c2cccc(OCCOCCOCCNC(=O)C3CCN(c4ncc(C(=O)Nc5ccc(OC(F)(F)Cl)cc5)cc4-c4ccn[nH]4)C3)c2)cs1)C1CCCCC1,ZFKMAJWPPZNUKT,1,-1,-1,O=C(Nc1ccccc1)c1cnc(N2CCC(C(=O)NCCOCCOCCOc3cccc(C(=O)c4csc(C5CCCN5C(=O)CC5CCCCC5)n4)c3)C2)c(-c2ccn[nH]2)c1,train
CHEMBL4161036,Cc1ccc(C(=O)Nc2cc(CN3CCN(C)CC3)cc(C(F)(F)F)c2)cc1C#Cc1cnc2cnccn12,AYQXKPMEHPZRKR,1,-1,-1,O=C(Nc1cccc(CN2CCNCC2)c1)c1cccc(C#Cc2cnc3cnccn23)c1,train
CHEMBL4162041,COC(=O)C1CCN(c2ncc(C(=O)Nc3ccc(OC(F)(F)Cl)cc3)cc2-c2ccn[nH]2)C1,WPYMGKMEOVWOFZ,1,-1,-1,O=C(Nc1ccccc1)c1cnc(N2CCCC2)c(-c2ccn[nH]2)c1,train
CHEMBL4164030,CCc1ccc(C(=O)Nc2cc(CN3CCN(C)CC3)cc(C(F)(F)F)c2)cc1C#Cc1cnc(N)nc1,CYYRPFWAMVGRGT,1,-1,-1,O=C(Nc1cccc(CN2CCNCC2)c1)c1cccc(C#Cc2cncnc2)c1,train
CHEMBL4167237,CC(C)c1ccc(C(=O)Nc2cc(CN3CCN(C)CC3)cc(C(F)(F)F)c2)cc1C#Cc1cnc2ccccn12,BCIITSAFUJGIEG,1,-1,-1,O=C(Nc1cccc(CN2CCNCC2)c1)c1cccc(C#Cc2cnc3ccccn23)c1,train
CHEMBL4167877,CCc1ccc(C(=O)Nc2cc(CN3CCN(C)CC3)cc(C(F)(F)F)c2)cc1C#Cc1cnc(C)n1C,YYIDVDRESUYFKM,1,-1,-1,O=C(Nc1cccc(CN2CCNCC2)c1)c1cccc(C#Cc2cnc[nH]2)c1,train
CHEMBL4168305,CC(C)c1ccc(C(=O)Nc2cc(CN3CCN(C)CC3)cc(C(F)(F)F)c2)cc1C#Cc1cnc2cnccn12,IUGBGEUCXVKGQK,1,-1,-1,O=C(Nc1cccc(CN2CCNCC2)c1)c1cccc(C#Cc2cnc3cnccn23)c1,train
CHEMBL4168907,CN[C@@H](C)C(=O)N(C)[C@H](C(=O)N1CCC[C@H]1c1nc(C(=O)c2cccc(OCCOCCOCCNC(=O)C3CCN(c4ncc(C(=O)Nc5ccc(OC(F)(F)Cl)cc5)cc4-c4ccn[nH]4)C3)c2)cs1)C1CCCCC1,FYLZMKXSUQIMJR,1,-1,-1,O=C(Nc1ccccc1)c1cnc(N2CCC(C(=O)NCCOCCOCCOc3cccc(C(=O)c4csc(C5CCCN5C(=O)CC5CCCCC5)n4)c3)C2)c(-c2ccn[nH]2)c1,train
CHEMBL4171640,CCc1ccc(C(=O)Nc2cc(CN3CCN(C)CC3)cc(C(F)(F)F)c2)cc1C#Cc1cnc2ccccn12,RZKBSKVRXHFGJG,1,-1,-1,O=C(Nc1cccc(CN2CCNCC2)c1)c1cccc(C#Cc2cnc3ccccn23)c1,train
CHEMBL4174682,CCc1ccc(C(=O)Nc2cc(CN3CCN(C)CC3)cc(C(F)(F)F)c2)cc1C#Cc1cnc(NC)nc1,UEHGHDJPDQDZPX,1,-1,-1,O=C(Nc1cccc(CN2CCNCC2)c1)c1cccc(C#Cc2cncnc2)c1,train
CHEMBL4175086,CCc1ccc(C(=O)Nc2cc(CN3CCN(C)CC3)cc(C(F)(F)F)c2)cc1C#Cc1cnc2cnccn12,KQOYBUCRLZDLBE,1,-1,-1,O=C(Nc1cccc(CN2CCNCC2)c1)c1cccc(C#Cc2cnc3cnccn23)c1,train
CHEMBL418010,COc1ccccc1C(=O)Nc1ccc(C)c(Nc2nccc(-c3cccnc3)n2)c1,ULUNCQWGUQFHNV,1,-1,-1,O=C(Nc1cccc(Nc2nccc(-c3cccnc3)n2)c1)c1ccccc1,train
CHEMBL418279,O=C(Nc1cccc(Nc2nccc(-c3cccnc3)n2)c1)c1ccc(F)cc1,MBAORQXUHJBLIE,1,-1,-1,O=C(Nc1cccc(Nc2nccc(-c3cccnc3)n2)c1)c1ccccc1,train
CHEMBL41910,CCCCNc1nc(SCC)nc2c1cnn2CC(Cl)c1ccccc1,RIIKNMAPWOLEED,1,-1,-1,c1ccc(CCn2ncc3cncnc32)cc1,train
CHEMBL4213152,O=C(Nc1ccc(OC(F)(F)Cl)cc1)c1cnc(N2CC[C@@H](O)C2)c(-c2[nH]ncc2F)c1,NAXNSUPRCUTVTP,1,-1,-1,O=C(Nc1ccccc1)c1cnc(N2CCCC2)c(-c2ccn[nH]2)c1,train
CHEMBL4217559,O=C(Nc1ccc(OC(F)(F)F)cc1)c1cnc(N2CC[C@@H](O)C2)c(-c2ccn[nH]2)c1,LAOIFHGXIHOJNM,1,-1,-1,O=C(Nc1ccccc1)c1cnc(N2CCCC2)c(-c2ccn[nH]2)c1,train
CHEMBL4242050,Cc1ccc2cc(-c3cccc(C(F)(F)F)c3)ncc2c1C#Cc1nn(C(C)C)c2ncnc(N)c12,BCQMLQGCVHMBRI,1,-1,-1,C(#Cc1n[nH]c2ncncc12)c1cccc2cc(-c3ccccc3)ncc12,train
CHEMBL4247506,CC(C)n1nc(C#Cc2cccc3cc(-c4cccc(C(F)(F)F)c4)ncc23)c2c(N)ncnc21,OFBWCZMTFNTSHE,1,-1,-1,C(#Cc1n[nH]c2ncncc12)c1cccc2cc(-c3ccccc3)ncc12,train
CHEMBL4248365,CCn1nc(C#Cc2cccc3cc(-c4cccc(C(F)(F)F)c4)ncc23)c2c(N)ncnc21,CLVFHIUJCJCESW,1,-1,-1,C(#Cc1n[nH]c2ncncc12)c1cccc2cc(-c3ccccc3)ncc12,train
CHEMBL4250674,CC(C)n1nc(C#Cc2cccc3cc(-c4ccc(Cl)c(C(F)(F)F)c4)ncc23)c2c(N)ncnc21,GMHHKAPVIOBKKS,1,-1,-1,C(#Cc1n[nH]c2ncncc12)c1cccc2cc(-c3ccccc3)ncc12,train
CHEMBL428029,CCSc1nc(Nc2cccc(Cl)c2)c2cnn(CC(Cl)c3ccccc3)c2n1,ZCXFAEZLYWAZMY,1,-1,-1,c1ccc(CCn2ncc3c(Nc4ccccc4)ncnc32)cc1,train
CHEMBL4281823,CCn1cc(-c2ccc3c(c2)CCN3C(=O)Cc2cccc(OC(F)(F)F)c2)c2c(N)ncnc21,APPXQUDJLJXULP,1,1,-1,O=C(Cc1ccccc1)N1CCc2cc(-c3c[nH]c4ncncc34)ccc21,train
CHEMBL429600,Fc1ccc(C(Cl)Cn2ncc3c(NCc4cccc(Cl)c4)ncnc32)cc1,XUDKYQHQWBZMRI,1,-1,-1,c1ccc(CCn2ncc3c(NCc4ccccc4)ncnc32)cc1,train
CHEMBL434335,Cc1ccc(NC(=O)Nc2cccc(N(C)C)c2)cc1Nc1nccc(-c2cccnc2)n1,UXRUDXZNSIAVNZ,1,-1,-1,O=C(Nc1ccccc1)Nc1cccc(Nc2nccc(-c3cccnc3)n2)c1,train
CHEMBL436137,Cc1cccc(C)c1-c1cc(C)c2nc(Nc3ccc(OCCN4CCCC4)cc3)nnc2c1,YJSFAHMGDRBZGH,1,-1,1,c1ccc(-c2ccc3nc(Nc4ccc(OCCN5CCCC5)cc4)nnc3c2)cc1,train
CHEMBL44,O=c1c(-c2ccc(O)cc2)coc2cc(O)cc(O)c12,TZBJGXHYKVUXJN,0,-1,-1,O=c1c(-c2ccccc2)coc2ccccc12,train
CHEMBL440963,Cc1cc(-c2c(F)ccc(O)c2F)cc2nnc(Nc3ccc(S(=O)(=O)NCCN4CCCC4)cc3)nc12,GPTPEUDRFUOZSX,1,-1,-1,O=S(=O)(NCCN1CCCC1)c1ccc(Nc2nnc3cc(-c4ccccc4)ccc3n2)cc1,train
CHEMBL4436403,N#CCCC(=O)NC1=NN(c2ccc(Cl)c(Cl)c2)CC1,NIGZGNNUJPVGFK,1,-1,-1,C1=NN(c2ccccc2)CC1,train
CHEMBL4439020,Cc1nc(Nc2ncc(C(=O)Nc3c(C)cccc3Cl)s2)cc(N2CCN(CCOCCOCCNC(=O)CS(=O)(=O)O)CC2)n1,JCNVRKBMXOPADG,1,-1,-1,O=C(Nc1ccccc1)c1cnc(Nc2cc(N3CCNCC3)ncn2)s1,train
CHEMBL443929,CCCNc1nc(SC)nc2c1cnn2CC(Cl)c1ccc(F)cc1,PLGTYHJNZDEORQ,1,-1,-1,c1ccc(CCn2ncc3cncnc32)cc1,train
CHEMBL4441687,CC(=O)NC1=NN(c2ccc(Cl)c(Cl)c2)CC1C,QTCFKQLUDHRFHP,1,-1,-1,C1=NN(c2ccccc2)CC1,train
CHEMBL4444358,N#CCC(=O)NC1=NN(c2ccc(Cl)c(Cl)c2)CC1,VHVDAGAUUGSXCP,1,-1,-1,C1=NN(c2ccccc2)CC1,train
CHEMBL4444514,Cc1ncncc1C(=O)NC1=NN(c2ccc(Cl)c(Cl)c2)CC1,JUFHLXVYWRRXEQ,1,-1,-1,O=C(NC1=NN(c2ccccc2)CC1)c1cncnc1,train
CHEMBL4445989,C[C@H]1CN(c2ccc(Cl)c(Cl)c2)N=C1NC(=O)c1cncnc1,LVMIRWYBOWQVFT,1,-1,-1,O=C(NC1=NN(c2ccccc2)CC1)c1cncnc1,train
CHEMBL4446681,CN(CCc1ccc(-c2ccccc2)cc1)Cc1cn(C)c2ccc(C(=O)Nc3ccc(F)cc3)cc12,XYNOVGMRAYSMEO,0,0,0,O=C(Nc1ccccc1)c1ccc2[nH]cc(CNCCc3ccc(-c4ccccc4)cc3)c2c1,train
CHEMBL4446830,O=C(Nc1nc(-c2ccc(Cl)c(Cl)c2)cs1)c1c(F)cccc1F,OONXDYPWXXXOSV,1,-1,-1,O=C(Nc1nc(-c2ccccc2)cs1)c1ccccc1,train
CHEMBL4447995,CS(=O)(=O)Nc1nc(-c2ccc(Cl)c(Cl)c2)cs1,XXJZPUHGIANKMG,0,-1,-1,c1ccc(-c2cscn2)cc1,train
CHEMBL4448349,O=C(NC1=NN(c2ccc(Cl)c(Cl)c2)CC1)c1ccncc1F,BFJCLSVLYSYEGL,1,-1,-1,O=C(NC1=NN(c2ccccc2)CC1)c1ccncc1,train
CHEMBL4456576,O=C(NC1=NN(c2ccc(Cl)c(Cl)c2)CC1CCO)c1cccnc1,WQOCGQWRFGZVLD,1,-1,-1,O=C(NC1=NN(c2ccccc2)CC1)c1cccnc1,train
CHEMBL4460292,Cc1nc(Nc2ncc(C(=O)Nc3c(C)cccc3Cl)s2)cc(N2CCN(CCOCCOCCNC(=O)CCCCCC3(C)C(/C=C/C=C/C=C4/N(CCCS(=O)(=O)O)c5ccc(S(=O)(=O)O)cc5C4(C)C)=[N+](CCCS(=O)(=O)[O-])c4ccc(S(=O)(=O)O)cc43)CC2)n1,PIFPYDCKZAOLKZ,1,-1,-1,O=C(CCCCCC1C(C=CC=CC=C2Cc3ccccc3N2)=[NH+]c2ccccc21)NCCOCCOCCN1CCN(c2cc(Nc3ncc(C(=O)Nc4ccccc4)s3)ncn2)CC1,train
CHEMBL4465459,CC(=O)NC1=NN(c2ccc(Cl)c(Cl)c2)[C@@H](C)C1,AIMHJXGSTIXRJW,1,-1,-1,C1=NN(c2ccccc2)CC1,train
CHEMBL4466716,O=C(NC1=NN(c2ccc(Cl)c(Cl)c2)CC1)c1c(F)cccc1F,ILWYJEABNLXHGZ,1,-1,-1,O=C(NC1=NN(c2ccccc2)CC1)c1ccccc1,train
CHEMBL4467948,Cc1ccc(C(=O)Nc2ccc(Cl)cc2Cl)cc1C#Cc1cc(-c2cnn(C)c2)cnc1N,FQXQXOYNTXHBKK,1,-1,-1,O=C(Nc1ccccc1)c1cccc(C#Cc2cncc(-c3cn[nH]c3)c2)c1,train
CHEMBL4469856,Cc1nc(Nc2ncc(C(=O)Nc3c(C)cccc3Cl)s2)cc(N2CCN(CCOCCOCCNC(=O)OC(C)(C)C)CC2)n1,ZKQTVBGLURSDIR,1,-1,-1,O=C(Nc1ccccc1)c1cnc(Nc2cc(N3CCNCC3)ncn2)s1,train
CHEMBL4470129,CC(=O)Nc1nc(-c2ccc(F)c(Cl)c2)cs1,OKWKUWPOOHUWTC,0,-1,-1,c1ccc(-c2cscn2)cc1,train
CHEMBL4470981,O=C1N/C(=N/c2ccccc2Cl)S/C1=C1\C(=O)Nc2ccc(F)cc21,HNOFQKYBQYGFNQ,0,-1,-1,O=C1NC(=Nc2ccccc2)SC1=C1C(=O)Nc2ccccc21,train
CHEMBL4471351,CC(=O)NC1=NN(c2ccc(Cl)c(Cl)c2)CC1,CQPBYZABXGBFMI,1,-1,-1,C1=NN(c2ccccc2)CC1,train
CHEMBL4473820,CN1CCC(Nc2ccc(C(=O)Nc3cc(-c4cc(C#N)cs4)n[nH]3)cc2)CC1,HGLWPJISHDLCTE,1,1,-1,O=C(Nc1cc(-c2cccs2)n[nH]1)c1ccc(NC2CCNCC2)cc1,train
CHEMBL4474070,Cc1nc(Nc2ncc(C(=O)Nc3c(C)cccc3Cl)s2)cc(N2CCN(CCOCCOCCN)CC2)n1,VYEYNLSRVXXGPW,1,-1,-1,O=C(Nc1ccccc1)c1cnc(Nc2cc(N3CCNCC3)ncn2)s1,train
CHEMBL4475966,O=C(NC1=NN(c2ccc(Cl)c(Cl)c2)CC1)c1ccncc1,JXERAMQWZBNLTK,1,-1,-1,O=C(NC1=NN(c2ccccc2)CC1)c1ccncc1,train
CHEMBL4519289,Cc1ccc(C(=O)Nc2ccc(CN3CCN(C)CC3)c(C(F)(F)F)c2)cc1C#Cc1ncc2cccnn12,BDYLEBGFLHZROV,1,-1,-1,O=C(Nc1ccc(CN2CCNCC2)cc1)c1cccc(C#Cc2ncc3cccnn23)c1,train
CHEMBL452563,CP(C)(=O)c1ccc(Nc2ncnc3c2ncn3/C=C/c2cccc3[nH]ncc23)cc1,IWGIXRMJMSKLGP,1,-1,-1,C(=Cn1cnc2c(Nc3ccccc3)ncnc21)c1cccc2[nH]ncc12,train
CHEMBL4529307,O=C(NC1=NN(c2ccc(Cl)c(Cl)c2)CC1)c1cccnc1F,KVRQXSOICNUXSD,1,-1,-1,O=C(NC1=NN(c2ccccc2)CC1)c1cccnc1,train
CHEMBL453358,CSc1nc(NCCc2ccccc2F)c2cnn(CC(Cl)c3ccccc3)c2n1,UJWABHNRWWDLKV,1,-1,-1,c1ccc(CCNc2ncnc3c2cnn3CCc2ccccc2)cc1,train
CHEMBL4536009,O=C(Nc1nc(-c2ccc(Cl)c(Cl)c2)cs1)c1cncs1,PQCCUNVYOCLTAK,1,-1,-1,O=C(Nc1nc(-c2ccccc2)cs1)c1cncs1,train
CHEMBL4538000,Cc1nc(Nc2ncc(C(=O)Nc3c(C)cccc3Cl)s2)cc(N2CCNCC2)n1,DOBZFFWLHXORTB,1,-1,-1,O=C(Nc1ccccc1)c1cnc(Nc2cc(N3CCNCC3)ncn2)s1,train
CHEMBL4538256,O=C(NC1=NN(c2ccc(Cl)c(Cl)c2)CC1)c1cccnc1,MDEUAVREDZGTHJ,1,-1,-1,O=C(NC1=NN(c2ccccc2)CC1)c1cccnc1,train
CHEMBL4538292,O=C(NC1=NN(c2ccc(Cl)c(Cl)c2)CC1CCO)c1ccncc1,XHACMMNMQIKLAQ,1,-1,-1,O=C(NC1=NN(c2ccccc2)CC1)c1ccncc1,train
CHEMBL454119,CCCCNc1nc(SC)nc2c1cnn2CC(Cl)c1ccc(F)cc1,KAENOIXEDCUPLY,1,-1,-1,c1ccc(CCn2ncc3cncnc32)cc1,train
CHEMBL454120,CCSc1nc(N(CC)CC)c2cnn(CC(Cl)c3ccccc3)c2n1,FVETURAWYVQOMQ,1,-1,-1,c1ccc(CCn2ncc3cncnc32)cc1,train
CHEMBL454144,CCCNc1nc(SC)nc2c1cnn2CC(Br)c1ccccc1,OAFUIGWGPWVFHB,1,-1,-1,c1ccc(CCn2ncc3cncnc32)cc1,train
CHEMBL454358,Cc1cccc(C)c1/C=C/n1cnc2c(Nc3ccc(P(C)(C)=O)cc3)nc(N3CCOCC3)nc21,VWBZVMZFOBZQTD,1,-1,-1,C(=Cn1cnc2c(Nc3ccccc3)nc(N3CCOCC3)nc21)c1ccccc1,train
CHEMBL4545184,CC(=O)NC1=NN(c2ccc(Cl)c(Cl)c2)C[C@@H]1C,QTCFKQLUDHRFHP,1,-1,-1,C1=NN(c2ccccc2)CC1,train
CHEMBL454611,Cc1cccc(Cl)c1/C=C/n1cnc2c(Nc3ccc(P(C)(C)=O)cc3)ncnc21,MLLBPOJSIGXWLG,1,-1,-1,C(=Cn1cnc2c(Nc3ccccc3)ncnc21)c1ccccc1,train
CHEMBL454872,CCCP(=O)(CCC)c1ccc(Nc2ncnc3c2ncn3/C=C/c2c(C)cccc2C)cc1,PITUMGJELDUJEZ,1,-1,-1,C(=Cn1cnc2c(Nc3ccccc3)ncnc21)c1ccccc1,train
CHEMBL454873,Cc1cccc(C)c1/C=C/n1cnc2c(Nc3ccc(P(C)(C)=O)cc3)nc(N(C)C)nc21,CDRJTNGWNAODES,1,-1,-1,C(=Cn1cnc2c(Nc3ccccc3)ncnc21)c1ccccc1,train
CHEMBL454922,CCCCNc1nc(SCCC)nc2c1cnn2CC(Cl)c1ccccc1,SWKWLDOGKJDBAI,1,-1,-1,c1ccc(CCn2ncc3cncnc32)cc1,train
CHEMBL454923,CCCSc1nc(NCc2ccccc2)c2cnn(CC(Cl)c3ccccc3)c2n1,PGYXMFATLWTNBT,1,-1,-1,c1ccc(CCn2ncc3c(NCc4ccccc4)ncnc32)cc1,train
CHEMBL4549667,CN1C(=O)[C@@H](N2CCc3c(nn(Cc4ccccc4)c3Br)C2=O)COc2ccccc21,KHVVJKLNKLQLJZ,1,1,1,O=C1Nc2ccccc2OCC1N1CCc2cn(Cc3ccccc3)nc2C1=O,train
CHEMBL455163,CCOCCNc1nc(SC)nc2c1cnn2CC(Br)c1ccccc1,CQSUZHXYLJSFSI,1,-1,-1,c1ccc(CCn2ncc3cncnc32)cc1,train
CHEMBL4558049,CC(=O)Nc1nc(-c2ccc(Cl)c(C)c2)cs1,UAHMGIGRYUVVJM,0,-1,-1,c1ccc(-c2cscn2)cc1,train
CHEMBL4568519,O=C(NC1=NN(c2ccc(Cl)c(Cl)c2)CC1)c1cncnc1,KBDSSJUSDVQOHY,1,-1,-1,O=C(NC1=NN(c2ccccc2)CC1)c1cncnc1,train
CHEMBL459877,Cc1cccc(C)c1/C=C/n1cnc2c(Nc3ccc(P(C)(C)=O)cc3)nc(C(C)C)nc21,HHOVYYSFRMBKPP,1,-1,-1,C(=Cn1cnc2c(Nc3ccccc3)ncnc21)c1ccccc1,train
CHEMBL460074,Cc1cccc(C)c1/C=C/n1cnc2c(Nc3ccc(P(C)(C)=O)cc3)nc(C3CCCC3)nc21,DFYOVMKHYAWORB,1,-1,-1,C(=Cn1cnc2c(Nc3ccccc3)nc(C3CCCC3)nc21)c1ccccc1,train
CHEMBL460472,COc1ccc2c(Oc3ccc(NC(=O)c4c(C)n(CC(C)(C)O)n(-c5ccccc5)c4=O)nc3)ccnc2c1,GLBZSOQDAOLMGC,1,0,-1,O=C(Nc1ccc(Oc2ccnc3ccccc23)cn1)c1c[nH]n(-c2ccccc2)c1=O,train
CHEMBL461767,COCCOc1nc(Nc2ccc(P(C)(C)=O)cc2)c2ncn(/C=C/c3c(C)cccc3C)c2n1,PXEXUKNUARXICD,1,-1,-1,C(=Cn1cnc2c(Nc3ccccc3)ncnc21)c1ccccc1,train
CHEMBL4632471,Cc1ccc(C(=O)Nc2ccc(CN3CCN(CCO)CC3)c(C3CC3)c2)cc1C#Cc1cnc2cccnn12,GZNVXAZGAACUQD,1,-1,-1,O=C(Nc1ccc(CN2CCNCC2)c(C2CC2)c1)c1cccc(C#Cc2cnc3cccnn23)c1,train
CHEMBL4637502,COCCN1CCN(Cc2ccc(NC(=O)c3ccc(C)c(C#Cc4cnc5cccnn45)c3)cc2C2CC2)CC1,QWKZREQFPCVBBG,1,-1,-1,O=C(Nc1ccc(CN2CCNCC2)c(C2CC2)c1)c1cccc(C#Cc2cnc3cccnn23)c1,train
CHEMBL4638981,Cc1ccc(C(=O)Nc2ccc(CN3Cc4cn[nH]c4C3)c(Cl)c2)cc1C#Cc1cnc2cccnn12,AIKGYQDFIJRQIY,1,-1,-1,O=C(Nc1ccc(CN2Cc3cn[nH]c3C2)cc1)c1cccc(C#Cc2cnc3cccnn23)c1,train
CHEMBL4642144,Cc1ccc(C(=O)Nc2ccc(CN3CCN(CCO)CC3)c(Cl)c2)cc1C#Cc1cnc2cccnn12,OVTAMJUJNVINGX,1,-1,-1,O=C(Nc1ccc(CN2CCNCC2)cc1)c1cccc(C#Cc2cnc3cccnn23)c1,train
CHEMBL473102,CSc1nc(NCCc2ccccc2)c2cnn(CC(Cl)c3ccc(F)cc3)c2n1,ZBRWUEWYCLNHKX,1,-1,-1,c1ccc(CCNc2ncnc3c2cnn3CCc2ccccc2)cc1,train
CHEMBL473103,CSc1nc(N2CCOCC2)c2cnn(CC(Br)c3ccccc3)c2n1,PYIPLYJRCWMWGU,1,-1,-1,c1ccc(CCn2ncc3c(N4CCOCC4)ncnc32)cc1,train
CHEMBL473516,CSc1nc(NCc2ccccc2)c2cnn(CC(Br)c3ccccc3)c2n1,DYYCEEKDQUZBGA,1,-1,-1,c1ccc(CCn2ncc3c(NCc4ccccc4)ncnc32)cc1,train
CHEMBL473517,CSc1nc(NCCc2ccccc2)c2cnn(CC(Br)c3ccccc3)c2n1,HPCOKDADORLSHM,1,-1,-1,c1ccc(CCNc2ncnc3c2cnn3CCc2ccccc2)cc1,train
CHEMBL473726,CN(C)c1nc(NCc2ccccc2)c2cnn(CC(Cl)c3ccccc3)c2n1,WIVGMFFLXFXBJZ,1,-1,-1,c1ccc(CCn2ncc3c(NCc4ccccc4)ncnc32)cc1,train
CHEMBL473727,CCCNc1nc(N(C)C)nc2c1cnn2CC(Cl)c1ccccc1,ORSJMRYJQKLLEC,1,-1,-1,c1ccc(CCn2ncc3cncnc32)cc1,train
CHEMBL473923,CN(C)c1nc(N2CCOCC2)c2cnn(CC(Cl)c3ccccc3)c2n1,PILUHXMDBJGVEZ,1,-1,-1,c1ccc(CCn2ncc3c(N4CCOCC4)ncnc32)cc1,train
CHEMBL474015,Nc1ccccc1NC(=O)c1ccc(C(=O)Nc2cccc(Nc3ncc(-c4cccnc4)s3)c2)cc1,DOTPRVGBFHKZSA,0,-1,0,O=C(Nc1ccccc1)c1ccc(C(=O)Nc2cccc(Nc3ncc(-c4cccnc4)s3)c2)cc1,train
CHEMBL474046,Cc1ccc(NC(=O)c2ccc(C(=O)Nc3ccccc3N)nc2)cc1Nc1ncc(-c2cccnc2)s1,NSNLRAKUIBYWMK,0,-1,0,O=C(Nc1cccc(Nc2ncc(-c3cccnc3)s2)c1)c1ccc(C(=O)Nc2ccccc2)nc1,train
CHEMBL474208,Nc1ccccc1NC(=O)c1ccc(C(=O)Nc2cccc(Nc3ncc(-c4cccnc4)s3)c2)s1,AAAHTCZONLHYSA,0,-1,0,O=C(Nc1ccccc1)c1ccc(C(=O)Nc2cccc(Nc3ncc(-c4cccnc4)s3)c2)s1,train
CHEMBL474863,Nc1ccccc1NC(=O)c1ccc(C(=O)Nc2cccc(Nc3ncc(-c4cccnc4)s3)c2)cn1,COKPSJDRWXOYAG,0,-1,0,O=C(Nc1cccc(Nc2ncc(-c3cccnc3)s2)c1)c1ccc(C(=O)Nc2ccccc2)nc1,train
CHEMBL475051,O=C(NO)c1ccc(C(=O)Nc2cccc(Nc3ncc(-c4cccnc4)s3)c2)cc1,CJXZQDNBKDLDLD,0,-1,0,O=C(Nc1cccc(Nc2ncc(-c3cccnc3)s2)c1)c1ccccc1,train
CHEMBL475336,CCCNc1nc(SC)nc2c1cnn2CC(Cl)c1ccc(Cl)cc1,PQGAFDPCIGTESN,1,-1,-1,c1ccc(CCn2ncc3cncnc32)cc1,train
CHEMBL475337,CCCCNc1nc(SC)nc2c1cnn2CC(Cl)c1ccc(Cl)cc1,PHGQUQJRZPOAPX,1,-1,-1,c1ccc(CCn2ncc3cncnc32)cc1,train
CHEMBL475739,CSc1nc(N2CCOCC2)c2cnn(CC(Cl)c3ccc(F)cc3)c2n1,ISVTYRFHGWFKQR,1,-1,-1,c1ccc(CCn2ncc3c(N4CCOCC4)ncnc32)cc1,train
CHEMBL475740,CSc1nc(NCc2ccc(F)cc2)c2cnn(CC(Cl)c3ccc(F)cc3)c2n1,KPGGMMWEAQLRRP,1,-1,-1,c1ccc(CCn2ncc3c(NCc4ccccc4)ncnc32)cc1,train
CHEMBL476304,COc1ccc(Cc2cnc(NC(=O)c3cccs3)s2)cc1,IDYMCUARKJZHCW,1,-1,-1,O=C(Nc1ncc(Cc2ccccc2)s1)c1cccs1,train
CHEMBL476513,Cc1ccc(Cc2cnc(NC(=O)c3cccs3)s2)cc1,UEXJSXOCLTUFMK,1,-1,-1,O=C(Nc1ncc(Cc2ccccc2)s1)c1cccs1,train
CHEMBL477343,O=C(Nc1ncc(Cc2cccc(C(F)(F)F)c2)s1)c1cccs1,PPJHGGPAHGBCPV,1,-1,-1,O=C(Nc1ncc(Cc2ccccc2)s1)c1cccs1,train
CHEMBL477344,O=C(Nc1ncc(Cc2ccccc2F)s1)c1cccs1,ZTCWYCFVPCFJEY,1,-1,-1,O=C(Nc1ncc(Cc2ccccc2)s1)c1cccs1,train
CHEMBL477554,O=C(Nc1ncc(Cc2ccc(Cl)cc2)s1)c1cccs1,HJOUQRJTDKJRMI,1,-1,-1,O=C(Nc1ncc(Cc2ccccc2)s1)c1cccs1,train
CHEMBL477555,O=C(Nc1ncc(Cc2cc(C(F)(F)F)ccc2Cl)s1)c1cccs1,FGYCAUATKGROJM,1,-1,-1,O=C(Nc1ncc(Cc2ccccc2)s1)c1cccs1,train
CHEMBL478181,O=C(Nc1ncc(Cc2ccc(F)cc2)s1)c1cccs1,FVGXPJXLXGLUSP,1,-1,-1,O=C(Nc1ncc(Cc2ccccc2)s1)c1cccs1,train
CHEMBL481968,O=C(N/N=C/c1cc(C(=O)O)c(Nc2ccc(I)cc2F)c(F)c1F)c1ccc(CO)o1,KRHBKGFRNLMKSL,1,-1,-1,O=C(NN=Cc1ccc(Nc2ccccc2)cc1)c1ccco1,train
CHEMBL482968,Cc1cc(Nc2cc(N3CCN(C)CC3)nc(/C=C/c3ccccc3)n2)n[nH]1,BLQYVHBZHAISJM,1,1,-1,C(=Cc1nc(Nc2cc[nH]n2)cc(N2CCNCC2)n1)c1ccccc1,train
CHEMBL483847,NC(=O)c1cccc(-c2cc(Nc3ccc(OC(F)(F)F)cc3)ncn2)c1,WEVYNIUIFUYDGI,1,-1,-1,c1ccc(Nc2cc(-c3ccccc3)ncn2)cc1,train
CHEMBL4847077,Cc1cccnc1-c1ccc2nc(NC(=O)[C@@H]3C[C@@H]3F)sc2c1,AYOHCINVWJKASV,1,-1,-1,O=C(Nc1nc2ccc(-c3ccccn3)cc2s1)C1CC1,train
CHEMBL4848867,O=C(Nc1nc2ccc(-c3cnccc3C(F)(F)F)cc2s1)[C@@H]1C[C@@H]1F.O=C(O)C(F)(F)F.O=C(O)C(F)(F)F,ARFGYQQVRCXNLW,1,-1,-1,O=C(Nc1nc2ccc(-c3cccnc3)cc2s1)C1CC1,train
CHEMBL4849019,Cc1csc(-c2ccc3nc(NC(=O)[C@@H]4C[C@@H]4F)sc3c2)c1.Cl.Cl,WFGRZTZZLREYOY,1,-1,-1,O=C(Nc1nc2ccc(-c3cccs3)cc2s1)C1CC1,train
CHEMBL4849256,Cc1scnc1-c1ccc2nc(NC(=O)[C@@H]3C[C@@H]3F)sc2c1,QOPWKBHJNJRYEG,1,-1,-1,O=C(Nc1nc2ccc(-c3cscn3)cc2s1)C1CC1,train
CHEMBL4849907,CC(=O)Nc1nc2ccc(-c3cnccc3C)cc2s1,QRZXAMJJSHRYFC,1,-1,-1,c1cncc(-c2ccc3ncsc3c2)c1,train
CHEMBL4850262,COc1ccncc1-c1ccc2nc(NC(=O)[C@@H]3C[C@@H]3F)sc2c1,RYDXEOCUWPNWBT,1,-1,-1,O=C(Nc1nc2ccc(-c3cccnc3)cc2s1)C1CC1,train
CHEMBL4850733,Cc1nc(Nc2ncc(C(=O)Nc3c(C)noc3C)s2)cc(N2CCN(CCO)CC2)n1,LXRITECWUGVGTD,1,-1,-1,O=C(Nc1cnoc1)c1cnc(Nc2cc(N3CCNCC3)ncn2)s1,train
CHEMBL4851470,Cc1ncccc1-c1ccc2nc(NC(=O)[C@@H]3C[C@@H]3F)sc2c1,UPZLTPAKFRLZIT,1,-1,-1,O=C(Nc1nc2ccc(-c3cccnc3)cc2s1)C1CC1,train
CHEMBL4851636,O=C(Nc1nc2ccc(-c3cnccc3Cl)cc2s1)[C@@H]1C[C@@H]1F,NQCQCGGOVSEMRM,1,-1,-1,O=C(Nc1nc2ccc(-c3cccnc3)cc2s1)C1CC1,train
CHEMBL4851745,Cc1nc(Nc2ncc(C(=O)Nc3c(Cl)ccnc3C)s2)cc(N2CCN(C)CC2)n1,INSVCYRFDCTMIA,1,-1,-1,O=C(Nc1cccnc1)c1cnc(Nc2cc(N3CCNCC3)ncn2)s1,train
CHEMBL4853083,Cc1ccncc1-c1cc2sc(NC(=O)[C@@H]3C[C@@H]3F)nc2cc1F.Cl.Cl,JKNIHISCHBMYLW,1,-1,-1,O=C(Nc1nc2ccc(-c3cccnc3)cc2s1)C1CC1,train
CHEMBL4854065,Cc1ccncc1-c1ccc2nc(NC(=O)[C@@H]3C[C@@H]3CO)sc2c1.O=CO,QAAHEJINVUMYJE,1,-1,-1,O=C(Nc1nc2ccc(-c3cccnc3)cc2s1)C1CC1,train
CHEMBL4854140,O=C(Nc1nc2ccc(-c3cncnc3C(F)(F)F)cc2s1)[C@@H]1C[C@@H]1F,SYKVUFPIGNWZSY,1,-1,-1,O=C(Nc1nc2ccc(-c3cncnc3)cc2s1)C1CC1,train
CHEMBL4855726,Cc1nc(Nc2ncc(C(=O)Nc3c(Cl)ccnc3C)s2)cc(NN2CCN(CCO)CC2)n1,CRLZGLXSANQWFT,1,1,-1,O=C(Nc1cccnc1)c1cnc(Nc2cc(NN3CCNCC3)ncn2)s1,train
CHEMBL4857973,Cc1ccncc1-c1ccc2nc(NC(=O)C3CCC3)sc2c1,FPDSGVRAVXMPDR,1,-1,-1,O=C(Nc1nc2ccc(-c3cccnc3)cc2s1)C1CCC1,train
CHEMBL4858104,Cc1cccc(Cl)c1-c1ccc2nc(NC(=O)[C@@H]3C[C@@H]3F)sc2c1.O=CO,XZDNJJFDMNJYIF,1,0,-1,O=C(Nc1nc2ccc(-c3ccccc3)cc2s1)C1CC1,train
CHEMBL4860004,Cc1ccncc1-c1ccc2nc(NC(=O)C3CC3(F)F)sc2c1,UDGIEQXDGLYLDV,1,0,-1,O=C(Nc1nc2ccc(-c3cccnc3)cc2s1)C1CC1,train
CHEMBL4862019,Cc1ncnc(C)c1-c1ccc2nc(NC(=O)[C@@H]3C[C@@H]3F)sc2c1.Cl,YOBUULBMQVJJLF,1,-1,-1,O=C(Nc1nc2ccc(-c3cncnc3)cc2s1)C1CC1,train
CHEMBL4862702,Cc1c(F)cncc1-c1ccc2nc(NC(=O)[C@@H]3C[C@@H]3F)sc2c1,DFQQSYDMGWRPAN,1,-1,-1,O=C(Nc1nc2ccc(-c3cccnc3)cc2s1)C1CC1,train
CHEMBL4862792,O=C(Nc1nc2ccc(-c3ccccc3)cc2s1)[C@@H]1C[C@@H]1F,DOOSFWZUITZGFV,1,-1,-1,O=C(Nc1nc2ccc(-c3ccccc3)cc2s1)C1CC1,train
CHEMBL4862806,Cc1ccc(C(=O)Nc2cc(C(F)(F)F)cc(C(F)(F)F)c2)cc1C#Cc1cc(-c2cnn(C)c2)cnc1N,CEUSZLVORFRBCV,1,-1,-1,O=C(Nc1ccccc1)c1cccc(C#Cc2cncc(-c3cn[nH]c3)c2)c1,train
CHEMBL4862973,Cc1ccncc1-c1ccc2nc(NC(=O)[C@H]3C[C@H]3F)sc2c1.Cl.Cl,CKKZDNADJKPOGH,1,-1,-1,O=C(Nc1nc2ccc(-c3cccnc3)cc2s1)C1CC1,train
CHEMBL4863574,Cc1ccncc1-c1ccc2nc(NC(=O)[C@@H]3C[C@H]3F)sc2c1.Cl.Cl,CKKZDNADJKPOGH,1,-1,-1,O=C(Nc1nc2ccc(-c3cccnc3)cc2s1)C1CC1,train
CHEMBL4864169,Cc1ccncc1-c1cc(F)c2nc(NC(=O)[C@@H]3C[C@@H]3F)sc2c1.O=C(O)C(F)(F)F.O=C(O)C(F)(F)F,LPVAXXSXEWTWEU,1,-1,-1,O=C(Nc1nc2ccc(-c3cccnc3)cc2s1)C1CC1,train
CHEMBL4865214,Cc1nc(Nc2ncc(C(=O)Nc3ncccc3C)s2)cc(N2CCN(CCO)CC2)n1,HYMHVNNHIASECU,1,-1,-1,O=C(Nc1ccccn1)c1cnc(Nc2cc(N3CCNCC3)ncn2)s1,train
CHEMBL4865345,Cc1nc(Nc2ncc(C(=O)Nc3c(Br)ccnc3C)s2)cc(N2CCN(CCO)CC2)n1,KSCBSHLEWGZVON,1,-1,-1,O=C(Nc1cccnc1)c1cnc(Nc2cc(N3CCNCC3)ncn2)s1,train
CHEMBL4867416,Cc1ccccc1-c1ccc2nc(NC(=O)[C@@H]3C[C@@H]3F)sc2c1,DGCOCLRMEDNBHU,1,-1,-1,O=C(Nc1nc2ccc(-c3ccccc3)cc2s1)C1CC1,train
CHEMBL4868256,Cc1cc(C)c(-c2ccc3nc(NC(=O)[C@@H]4C[C@@H]4F)sc3c2)cn1.O=C(O)C(F)(F)F.O=C(O)C(F)(F)F,JOPXSIHKYQLDFY,1,-1,-1,O=C(Nc1nc2ccc(-c3cccnc3)cc2s1)C1CC1,train
CHEMBL4868998,Cc1ccncc1-c1ccc2nc(NC(=O)[C@@H]3C[C@@H]3F)sc2c1.Cl.Cl,CKKZDNADJKPOGH,1,-1,-1,O=C(Nc1nc2ccc(-c3cccnc3)cc2s1)C1CC1,train
CHEMBL4869280,Cc1ccncc1-c1ccc2nc(NC(=O)C3CC3)sc2c1,JHDSITICBSAFEJ,1,-1,-1,O=C(Nc1nc2ccc(-c3cccnc3)cc2s1)C1CC1,train
CHEMBL4872437,N#Cc1ccncc1-c1ccc2nc(NC(=O)[C@@H]3C[C@@H]3F)sc2c1.O=C(O)C(F)(F)F.O=C(O)C(F)(F)F,APKAHQPIQIWHRX,1,-1,-1,O=C(Nc1nc2ccc(-c3cccnc3)cc2s1)C1CC1,train
CHEMBL4872654,Cc1nc(Nc2ncc(C(=O)Nc3cccnc3C)s2)cc(N2CCN(CCO)CC2)n1,GMTZLHADUFDDDN,1,-1,-1,O=C(Nc1cccnc1)c1cnc(Nc2cc(N3CCNCC3)ncn2)s1,train
CHEMBL4874323,Cc1cccc(C)c1-c1ccc2nc(NC(=O)[C@@H]3C[C@@H]3F)sc2c1.O=CO,WQXOMPNJSBHBJQ,1,-1,-1,O=C(Nc1nc2ccc(-c3ccccc3)cc2s1)C1CC1,train
CHEMBL4874824,Cc1ccncc1-c1ccc2nc(NC(=O)[C@H]3C[C@@H]3F)sc2c1.Cl.Cl,CKKZDNADJKPOGH,1,-1,-1,O=C(Nc1nc2ccc(-c3cccnc3)cc2s1)C1CC1,train
CHEMBL4875711,Cc1ccnc(C)c1-c1ccc2nc(NC(=O)[C@@H]3C[C@@H]3F)sc2c1,GBZOMWZVTZAYLZ,1,0,-1,O=C(Nc1nc2ccc(-c3cccnc3)cc2s1)C1CC1,train
CHEMBL4877273,Cc1ccncc1-c1ccc2nc(NC(=O)[C@@H]3C[C@@H]3F)sc2n1,IGTMUYRFBOBNSY,1,-1,-1,O=C(Nc1nc2ccc(-c3cccnc3)nc2s1)C1CC1,train
CHEMBL4877718,Cc1cccc(F)c1-c1ccc2nc(NC(=O)[C@@H]3C[C@@H]3F)sc2c1,AURDXVZCKOOXRQ,1,0,-1,O=C(Nc1nc2ccc(-c3ccccc3)cc2s1)C1CC1,train
CHEMBL4878274,Cc1nc(Nc2ncc(C(=O)Nc3c(C)ccnc3C)s2)cc(N2CCN(CCO)CC2)n1,NEHHEDJQRHQOOW,1,-1,-1,O=C(Nc1cccnc1)c1cnc(Nc2cc(N3CCNCC3)ncn2)s1,train
CHEMBL4878902,O=C(Nc1nc2ccc(-c3cccnc3)cc2s1)[C@@H]1C[C@@H]1F,KMJNDHMLCCSUIL,1,-1,-1,O=C(Nc1nc2ccc(-c3cccnc3)cc2s1)C1CC1,train
CHEMBL4879160,Cc1ccsc1-c1ccc2nc(NC(=O)[C@@H]3C[C@@H]3F)sc2c1.Cl,NTWNLNNRONCXIW,1,-1,-1,O=C(Nc1nc2ccc(-c3cccs3)cc2s1)C1CC1,train
CHEMBL488658,CCCP(=O)(CCC)c1ccc(Nc2nc(C(C)C)nc3c2ncn3/C=C/c2ccccc2)cc1,IQPVVCXHSILADO,1,-1,-1,C(=Cn1cnc2c(Nc3ccccc3)ncnc21)c1ccccc1,train
CHEMBL488659,CCCP(=O)(CCC)c1ccc(Nc2nc(C(C)C)nc3c2ncn3/C=C\c2ccccc2)cc1,IQPVVCXHSILADO,1,-1,-1,C(=Cn1cnc2c(Nc3ccccc3)ncnc21)c1ccccc1,train
CHEMBL488840,Cc1cccc(C)c1/C=C/n1cnc2c(Nc3ccc(P(C)(C)=O)cc3)ncnc21,RFSFIDGEFVXSQM,1,1,-1,C(=Cn1cnc2c(Nc3ccccc3)ncnc21)c1ccccc1,train
CHEMBL493656,COCCN1CCN(CCO/N=C2C(=C3/C(=O)Nc4cc(Br)ccc43)/Nc3ccccc3/2)CC1,HUDVRTTVWXVPMO,1,-1,-1,O=C1Nc2ccccc2C1=C1Nc2ccccc2C1=NOCCN1CCNCC1,train
CHEMBL493657,O=C1Nc2cc(Br)ccc2/C1=C1/Nc2ccccc2/C1=N\OCCN1CCN(CCOCCO)CC1,WFQCEVIDLOLEDG,1,-1,-1,O=C1Nc2ccccc2C1=C1Nc2ccccc2C1=NOCCN1CCNCC1,train
CHEMBL5028003,Cc1ccncc1-c1ccc2nc(NC(=O)[C@@H]3C[C@@H]3CO)sc2c1,DOZOMJIBTQDXNA,1,-1,-1,O=C(Nc1nc2ccc(-c3cccnc3)cc2s1)C1CC1,train
CHEMBL5028023,O=C(Nc1nc2ccc(-c3cnccc3C(F)(F)F)cc2s1)[C@@H]1C[C@@H]1F,LZEQACNRBCGEJG,1,-1,-1,O=C(Nc1nc2ccc(-c3cccnc3)cc2s1)C1CC1,train
CHEMBL5028111,Cc1cccc(Cl)c1-c1ccc2nc(NC(=O)[C@@H]3C[C@@H]3F)sc2c1,NESWHIPLHKEXOY,1,-1,-1,O=C(Nc1nc2ccc(-c3ccccc3)cc2s1)C1CC1,train
CHEMBL5028390,Cc1ccncc1-c1ccc2nc(NC(=O)[C@@H]3C[C@@H]3F)sc2c1,SFFSWMIVCZTNBC,1,0,-1,O=C(Nc1nc2ccc(-c3cccnc3)cc2s1)C1CC1,train
CHEMBL5028518,Cc1ccncc1-c1cc(F)c2nc(NC(=O)[C@@H]3C[C@@H]3F)sc2c1,OQAQUPLAICLBEJ,1,-1,-1,O=C(Nc1nc2ccc(-c3cccnc3)cc2s1)C1CC1,train
CHEMBL5028534,Cc1ccncc1-c1ccc2nc(NC(=O)[C@H]3C[C@H]3F)sc2c1,SFFSWMIVCZTNBC,1,-1,-1,O=C(Nc1nc2ccc(-c3cccnc3)cc2s1)C1CC1,train
CHEMBL5028704,N#Cc1ccncc1-c1ccc2nc(NC(=O)[C@@H]3C[C@@H]3F)sc2c1,CTHLILYKCAMGBB,1,-1,-1,O=C(Nc1nc2ccc(-c3cccnc3)cc2s1)C1CC1,train
CHEMBL5028705,Cc1ncnc(C)c1-c1ccc2nc(NC(=O)[C@@H]3C[C@@H]3F)sc2c1,QWELMJZIRGDRQV,1,-1,-1,O=C(Nc1nc2ccc(-c3cncnc3)cc2s1)C1CC1,train
CHEMBL5028824,Cc1ccncc1-c1ccc2nc(NC(=O)[C@@H]3C[C@H]3F)sc2c1,SFFSWMIVCZTNBC,1,-1,-1,O=C(Nc1nc2ccc(-c3cccnc3)cc2s1)C1CC1,train
CHEMBL5028859,Cc1cc(C)c(-c2ccc3nc(NC(=O)[C@@H]4C[C@@H]4F)sc3c2)cn1,CJEHWCVSHXXLJF,1,-1,-1,O=C(Nc1nc2ccc(-c3cccnc3)cc2s1)C1CC1,train
CHEMBL5028912,Cc1cccc(C)c1-c1ccc2nc(NC(=O)[C@@H]3C[C@@H]3F)sc2c1,AEZMREWUYWLTQN,1,-1,-1,O=C(Nc1nc2ccc(-c3ccccc3)cc2s1)C1CC1,train
CHEMBL5029002,Cc1ccsc1-c1ccc2nc(NC(=O)[C@@H]3C[C@@H]3F)sc2c1,ZOYSLUOCMBWOMR,1,-1,-1,O=C(Nc1nc2ccc(-c3cccs3)cc2s1)C1CC1,train
CHEMBL504598,O=C(Nc1ncc(Cc2ccccc2)s1)c1cccs1,GCLLSWDNUPEMDW,1,-1,-1,O=C(Nc1ncc(Cc2ccccc2)s1)c1cccs1,train
CHEMBL508027,CCCCNc1nc(SC)nc2c1cnn2CC(Br)c1ccccc1,IVTIOPHNRPIWQB,1,-1,-1,c1ccc(CCn2ncc3cncnc32)cc1,train
CHEMBL5086749,O=S(=O)(NCCCNc1nccc(-c2c(-c3cccc(O)c3)nc3sccn23)n1)c1cccc(F)c1,IQNUESPLCMDNRV,0,-1,-1,O=S(=O)(NCCCNc1nccc(-c2c(-c3ccccc3)nc3sccn23)n1)c1ccccc1,train
CHEMBL508986,CCCSc1nc(N(CC)CC)c2cnn(CC(Cl)c3ccccc3)c2n1,NNKDGXZSBXXCSJ,1,-1,-1,c1ccc(CCn2ncc3cncnc32)cc1,train
CHEMBL509002,COc1nc(Nc2ccc(P(C)(C)=O)cc2)c2ncn(/C=C/c3c(C)cccc3C)c2n1,BWHGYXORZLZUIK,1,-1,-1,C(=Cn1cnc2c(Nc3ccccc3)ncnc21)c1ccccc1,train
CHEMBL510516,CCC(=O)Nc1ccc2ncnc(Nc3ccc(NC(=O)Nc4cc(C(C)(C)C)nn4-c4cccc(C)c4)cc3)c2c1,FQVDDJWQBNAYCH,1,1,-1,O=C(Nc1ccc(Nc2ncnc3ccccc23)cc1)Nc1ccnn1-c1ccccc1,train
CHEMBL510861,CCCNc1nc(SCCC)nc2c1cnn2CC(Cl)c1ccccc1,YHVIFIIUWUKMLK,1,-1,-1,c1ccc(CCn2ncc3cncnc32)cc1,train
CHEMBL510891,CP(C)(=O)c1ccc(Nc2ncnc3c2ncn3/C=C/c2ccccc2Cl)cc1,MZVPLRQASMAJIS,1,-1,-1,C(=Cn1cnc2c(Nc3ccccc3)ncnc21)c1ccccc1,train
CHEMBL514140,CSc1nc(NCc2ccccc2F)c2cnn(CC(Cl)c3ccc(F)cc3)c2n1,VZDNATQSUISGTG,1,-1,-1,c1ccc(CCn2ncc3c(NCc4ccccc4)ncnc32)cc1,train
CHEMBL515109,Cc1ccc(NC(=O)c2ccc(C(=O)Nc3ccccc3N)s2)cc1Nc1ncc(-c2cccnc2)s1,HYGZPVUYBNKBRK,0,-1,0,O=C(Nc1ccccc1)c1ccc(C(=O)Nc2cccc(Nc3ncc(-c4cccnc4)s3)c2)s1,train
CHEMBL515135,CCN(CC)c1nc(SC)nc2c1cnn2CC(Cl)c1ccc(Cl)cc1,VKNRLQOYHCAPJL,1,-1,-1,c1ccc(CCn2ncc3cncnc32)cc1,train
CHEMBL515432,Cc1ccc(NC(=O)c2ccc(C(=O)Nc3ccccc3N)cc2)cc1Nc1ncc(-c2cccnc2)s1,MMIKNEYLJPHVLH,0,-1,-1,O=C(Nc1ccccc1)c1ccc(C(=O)Nc2cccc(Nc3ncc(-c4cccnc4)s3)c2)cc1,train
CHEMBL515885,CSc1nc(N2CCOCC2)c2cnn(CC(Cl)c3ccc(Cl)cc3)c2n1,GIDPNLGXOPGEOE,1,-1,-1,c1ccc(CCn2ncc3c(N4CCOCC4)ncnc32)cc1,train
CHEMBL516070,CSc1nc(Nc2cccc(F)c2)c2cnn(CC(Cl)c3ccc(F)cc3)c2n1,KTMLSLLBYJRFEL,1,-1,-1,c1ccc(CCn2ncc3c(Nc4ccccc4)ncnc32)cc1,train
CHEMBL516498,Cc1cccc(C)c1/C=C/n1cnc2c(Nc3ccc(P(C)(C)=O)cc3)nc(OC(C)C)nc21,HMWBDNPYGWPLRR,1,-1,-1,C(=Cn1cnc2c(Nc3ccccc3)ncnc21)c1ccccc1,train
CHEMBL517047,Cc1cccc(Cc2cnc(NC(=O)c3cccs3)s2)c1,LUEKFGCRPITIKV,1,-1,-1,O=C(Nc1ncc(Cc2ccccc2)s1)c1cccs1,train
CHEMBL5171402,COc1ccc(C(=O)Nc2ccc(CN3CCN(C)CC3)c(C(F)(F)F)c2)cc1C#Cc1cnc2cccnn12,RYGQVUMXCKBWTN,1,-1,-1,O=C(Nc1ccc(CN2CCNCC2)cc1)c1cccc(C#Cc2cnc3cccnn23)c1,train
CHEMBL5171892,Cc1ccc(C(=O)Nc2cc(-n3cnc(C(C)C)c3)cc(C(F)(F)F)c2)cc1C#Cc1cnc2cccnn12,JVAFDYPYNFTNOB,1,-1,-1,O=C(Nc1cccc(-n2ccnc2)c1)c1cccc(C#Cc2cnc3cccnn23)c1,train
CHEMBL517204,O=C(Nc1ncc(Cc2ccccc2Cl)s1)c1cccs1,KIWRETAQONZWDX,1,-1,-1,O=C(Nc1ncc(Cc2ccccc2)s1)c1cccs1,train
CHEMBL5172294,Cc1ccc(NC(=O)c2ccc(CN3CCN(C)CC3)cc2)cc1C#Cc1cnc2cccnn12,BCYAXWZWFYGGTL,1,-1,-1,O=C(Nc1cccc(C#Cc2cnc3cccnn23)c1)c1ccc(CN2CCNCC2)cc1,train
CHEMBL5176837,COc1cc2ncc(-c3cccc(NC4CCNC4)n3)n2cc1-c1cnn(C)c1,IALDYVNFZAPNJV,1,-1,-1,c1cc(NC2CCNC2)nc(-c2cnc3ccc(-c4cn[nH]c4)cn23)c1,train
CHEMBL517822,O=C(Nc1ncc(Cc2cc(Cl)ccc2Cl)s1)c1cccs1,FOIDSHRUWQYQQQ,1,-1,-1,O=C(Nc1ncc(Cc2ccccc2)s1)c1cccs1,train
CHEMBL5178286,Cc1ccc(C(=O)Nc2ccc(CN3CCN(C)CC3)c(C(F)(F)F)c2)cc1C#Cc1cn(C)cn1,VQCMXFGNJGXFMP,1,-1,-1,O=C(Nc1ccc(CN2CCNCC2)cc1)c1cccc(C#Cc2c[nH]cn2)c1,train
CHEMBL5182618,CN[C@@H](C)C(=O)N[C@H](C(=O)N1CCC[C@H]1c1nc(C(=O)c2cccc(OCCCOCC(=O)N3CCN(c4cc(Nc5ncc(C(=O)Nc6c(C)cccc6Cl)s5)nc(C)n4)CC3)c2)cs1)C1CCCCC1,MGXPIMSXZFISNU,1,-1,-1,O=C(c1cccc(OCCCOCC(=O)N2CCN(c3cc(Nc4ncc(C(=O)Nc5ccccc5)s4)ncn3)CC2)c1)c1csc(C2CCCN2C(=O)CC2CCCCC2)n1,train
CHEMBL5182661,CC(=O)c1cccc(-c2cc(Nc3ccc(OC(F)(F)F)cc3)ncn2)c1,ZXZPGHZMGIPOHB,1,-1,-1,c1ccc(Nc2cc(-c3ccccc3)ncn2)cc1,train
CHEMBL5182704,Cc1cn(-c2cc(NC(=O)c3ccc(C)c(C#Cc4cnc5cccnn45)c3)cc(C(F)(F)F)c2)cn1,FFRDYSKYNNXDIN,1,-1,-1,O=C(Nc1cccc(-n2ccnc2)c1)c1cccc(C#Cc2cnc3cccnn23)c1,train
CHEMBL5182716,Cc1ccc(C(=O)Nc2cc(-n3cnc(C4CC4)c3)cc(C(F)(F)F)c2)cc1C#Cc1cnc2cccnn12,KKOCSXQQAZHQLI,1,-1,-1,O=C(Nc1cccc(-n2cnc(C3CC3)c2)c1)c1cccc(C#Cc2cnc3cccnn23)c1,train
CHEMBL518430,O=C(Nc1ncc(Cc2cccc(Cl)c2)s1)c1cccs1,QBTVHTFUCQFARG,1,-1,-1,O=C(Nc1ncc(Cc2ccccc2)s1)c1cccs1,train
CHEMBL5186950,O=C(Nc1cc(-n2cnc(C3CC3)c2)cc(C(F)(F)F)c1)c1cccc(C#Cc2cnc3cccnn23)c1,SFZAKXGSLNWKGD,1,-1,-1,O=C(Nc1cccc(-n2cnc(C3CC3)c2)c1)c1cccc(C#Cc2cnc3cccnn23)c1,train
CHEMBL5187134,COc1ccc(C(=O)Nc2cc(-n3cnc(C4CC4)c3)cc(C(F)(F)F)c2)cc1C#Cc1cnc2cccnn12,IMRBVWVCTYQNMD,1,-1,-1,O=C(Nc1cccc(-n2cnc(C3CC3)c2)c1)c1cccc(C#Cc2cnc3cccnn23)c1,train
CHEMBL5188231,CN1CCN(Cc2ccc(C(=O)Nc3ccc(CC(=O)Nc4ccc(NC(=O)C5CC5)nc4)cc3)cc2C(F)(F)F)CC1,RBWVZGKOJYNSAN,1,-1,-1,O=C(Cc1ccc(NC(=O)c2ccc(CN3CCNCC3)cc2)cc1)Nc1ccc(NC(=O)C2CC2)nc1,train
CHEMBL5190052,Cc1cccc(Cl)c1NC(=O)c1cnc(NC(=O)c2ccc(CN3CCN(C)CC3)cc2)s1,KLNQHOMCWQMHMR,1,-1,-1,O=C(Nc1ncc(C(=O)Nc2ccccc2)s1)c1ccc(CN2CCNCC2)cc1,train
CHEMBL5193141,Cc1cn(-c2cc(NC(=O)c3cccc(C#Cc4cnc5cccnn45)c3)cc(C(F)(F)F)c2)cn1,IEFHPGPMLKODKU,1,-1,-1,O=C(Nc1cccc(-n2ccnc2)c1)c1cccc(C#Cc2cnc3cccnn23)c1,train
CHEMBL5193775,O=C(Nc1cc(-n2ccnc2)cc(C(F)(F)F)c1)c1cccc(C#Cc2cnc3cccnn23)c1,ZWIFYYZTBNJIMG,1,-1,-1,O=C(Nc1cccc(-n2ccnc2)c1)c1cccc(C#Cc2cnc3cccnn23)c1,train
CHEMBL5194163,Cc1ccn(-c2cc(NC(=O)c3ccc(C)c(C#Cc4cnc5cccnn45)c3)cc(C(F)(F)F)c2)c1,XNKLGYLNFISRHP,1,-1,-1,O=C(Nc1cccc(-n2cccc2)c1)c1cccc(C#Cc2cnc3cccnn23)c1,train
CHEMBL5195864,Cc1ccc(C(=O)Nc2cc(Br)cc(C(F)(F)F)c2)cc1C#Cc1cnc2cccnn12,DWWZTJSLKUQJHC,1,-1,-1,O=C(Nc1ccccc1)c1cccc(C#Cc2cnc3cccnn23)c1,train
CHEMBL5196705,COc1ccc(C(=O)Nc2cc(-n3cnc(C)c3)cc(C(F)(F)F)c2)cc1C#Cc1cnc2cccnn12,MLLSHHVBRKJTLC,1,-1,-1,O=C(Nc1cccc(-n2ccnc2)c1)c1cccc(C#Cc2cnc3cccnn23)c1,train
CHEMBL5197174,CN1CCN(c2ccc(Nc3nc(Nc4ccc(F)c(F)c4)c4ncn(CC5CC5)c4n3)cc2)CC1,FSURZKWYYKTGLY,0,-1,-1,c1ccc(Nc2nc(Nc3ccc(N4CCNCC4)cc3)nc3c2ncn3CC2CC2)cc1,train
CHEMBL5202391,Cc1ccc(C(=O)Nc2ccc(CN3CCN(C)CC3)cc2)cc1C#Cc1cnc2cccnn12,MMEQKFIVHPDALB,1,-1,-1,O=C(Nc1ccc(CN2CCNCC2)cc1)c1cccc(C#Cc2cnc3cccnn23)c1,train
CHEMBL5202721,CCc1cn(-c2cc(NC(=O)c3ccc(C)c(C#Cc4cnc5cccnn45)c3)cc(C(F)(F)F)c2)cn1,JSKADPJHPCAFPT,1,-1,-1,O=C(Nc1cccc(-n2ccnc2)c1)c1cccc(C#Cc2cnc3cccnn23)c1,train
CHEMBL5203405,CN1CCN(Cc2ccc(NC(=O)Nc3ccc(Oc4ccc5cccnc5c4)cc3)cc2C(F)(F)F)CC1,RVQLPYKLAJLXMV,1,-1,-1,O=C(Nc1ccc(CN2CCNCC2)cc1)Nc1ccc(Oc2ccc3cccnc3c2)cc1,train
CHEMBL520540,CCCP(=O)(CCC)c1ccc(Nc2nc(C(C)C)nc3c2ncn3/C=C\c2c(C)cccc2C)cc1,KIHQVERTLRHJED,1,-1,-1,C(=Cn1cnc2c(Nc3ccccc3)ncnc21)c1ccccc1,train
CHEMBL5206706,CC(C)(C)c1cc(NC(=O)Nc2ccc(Oc3ccc4cccnc4c3)cc2)n(-c2ccc3ncccc3c2)n1,DQLDULIEUKHCJI,1,-1,-1,O=C(Nc1ccc(Oc2ccc3cccnc3c2)cc1)Nc1ccnn1-c1ccc2ncccc2c1,train
CHEMBL5207077,Cc1ccc(C(=O)Nc2ccc(CN3CCN(C)CC3)c(C(F)(F)F)c2)cc1Nc1nccc(-c2cccnc2)n1,QCHDZAXUXHRQPA,1,-1,-1,O=C(Nc1ccc(CN2CCNCC2)cc1)c1cccc(Nc2nccc(-c3cccnc3)n2)c1,train
CHEMBL5207909,Cc1ccc(C(=O)Nc2cc(-n3ccnc3)cc(C(F)(F)F)c2)cc1C#Cc1cnc2cccnn12,VGOALPIDEXVYQI,1,-1,-1,O=C(Nc1cccc(-n2ccnc2)c1)c1cccc(C#Cc2cnc3cccnn23)c1,train
CHEMBL5218470,COc1ccc(-c2ccnc(Nc3cc(C(=O)Nc4ccc(CN5CCN(C)CC5)c(C(F)(F)F)c4)ccc3C)c2)cn1,GDIKSLGSLCQIOY,1,-1,-1,O=C(Nc1ccc(CN2CCNCC2)cc1)c1cccc(Nc2cc(-c3cccnc3)ccn2)c1,train
CHEMBL5218915,Cc1ccc(C(=O)Nc2ccc(CN3CCN(C)CC3)c(C(F)(F)F)c2)cc1Nc1cc(-c2cccnc2)ccn1,MZTAXKXMCLJPQN,1,-1,-1,O=C(Nc1ccc(CN2CCNCC2)cc1)c1cccc(Nc2cc(-c3cccnc3)ccn2)c1,train
CHEMBL5219315,Cc1ccc(C(=O)Nc2cc(N(C)CCN(C)C)cc(C(F)(F)F)c2)cc1Nc1cc(-c2cccnc2)ccn1,MXCFMEPMGHRUBY,1,-1,-1,O=C(Nc1ccccc1)c1cccc(Nc2cc(-c3cccnc3)ccn2)c1,train
CHEMBL5219468,Cc1ccc(C(=O)Nc2cc(-c3cnn(C)c3)cc(C(F)(F)F)c2)cc1Nc1cc(-c2cccnc2)ccn1,YYLJROGYILDQEE,1,-1,-1,O=C(Nc1cccc(-c2cn[nH]c2)c1)c1cccc(Nc2cc(-c3cccnc3)ccn2)c1,train
CHEMBL5220882,COc1ccc(-c2cc(NC(=O)c3ccc(C)c(Nc4cc(-c5cccnc5)ccn4)c3)cc(C(F)(F)F)c2)cc1,VZBCNGWZPMUXTH,1,-1,-1,O=C(Nc1cccc(-c2ccccc2)c1)c1cccc(Nc2cc(-c3cccnc3)ccn2)c1,train
CHEMBL5220995,Cc1ccc(C(=O)Nc2ccc(CN3CCN(C)CC3)c(C(F)(F)F)c2)cc1Nc1cc(-c2ccc(F)nc2)ccn1,BXSLJVRIBLKYRF,1,-1,-1,O=C(Nc1ccc(CN2CCNCC2)cc1)c1cccc(Nc2cc(-c3cccnc3)ccn2)c1,train
CHEMBL5266023,Cc1cc(-c2cc(Cl)ccc2O)cc2nnc(Nc3ccc(S(=O)(=O)CCCN4CCCC4)cc3)nc12,SFKXCWDUJVCMDB,1,-1,-1,O=S(=O)(CCCN1CCCC1)c1ccc(Nc2nnc3cc(-c4ccccc4)ccc3n2)cc1,train
CHEMBL5269803,Cc1cc(-c2cc(Cl)ccc2O)cc2nnc(Nc3ccc(C(=O)NCCN4CCCC4)cc3)nc12,DYBCRHVIVBADKJ,1,-1,-1,O=C(NCCN1CCCC1)c1ccc(Nc2nnc3cc(-c4ccccc4)ccc3n2)cc1,train
CHEMBL5270006,CN1CCN(c2ccc(Nc3nc(Nc4cccc(F)c4)c4ncn(CC5CC5)c4n3)cc2)CC1,KOMIJXUSHSWIRQ,1,-1,-1,c1ccc(Nc2nc(Nc3ccc(N4CCNCC4)cc3)nc3c2ncn3CC2CC2)cc1,train
CHEMBL5270142,CCN(CC)CCN1CCC(S(=O)(=O)c2ccc(Nc3nnc4cc(-c5cc(Cl)ccc5O)cc(C)c4n3)cc2)CC1,KVRHNPBNMURREE,1,-1,-1,O=S(=O)(c1ccc(Nc2nnc3cc(-c4ccccc4)ccc3n2)cc1)C1CCNCC1,train
CHEMBL5270516,CCN(CCN1CCCC1)S(=O)(=O)c1ccc(Nc2nnc3cc(-c4cc(Cl)ccc4O)cc(C)c3n2)cc1,OQGBWBIZJFJQOS,1,-1,-1,O=S(=O)(NCCN1CCCC1)c1ccc(Nc2nnc3cc(-c4ccccc4)ccc3n2)cc1,train
CHEMBL5272285,Cc1cc(-c2cc(Cl)ccc2O)cc2nnc(Nc3ccc(S(=O)(=O)N(CCN4CCCC4)C(C)C)cc3)nc12,KKAIVULOSFXKNT,1,-1,-1,O=S(=O)(NCCN1CCCC1)c1ccc(Nc2nnc3cc(-c4ccccc4)ccc3n2)cc1,train
CHEMBL5274378,Cc1cc(-c2cc(Cl)ccc2O)cc2nnc(Nc3ccc(S(=O)(=O)C4CCNCC4)cc3)nc12,VOMGMBHUKWGOOQ,1,-1,-1,O=S(=O)(c1ccc(Nc2nnc3cc(-c4ccccc4)ccc3n2)cc1)C1CCNCC1,train
CHEMBL5274913,CN1CCN(c2ccc(Nc3nc(Nc4ccc(F)cc4)c4ncn(CC5CC5)c4n3)cc2)CC1,LJFQMLXQLHHSCE,1,-1,-1,c1ccc(Nc2nc(Nc3ccc(N4CCNCC4)cc3)nc3c2ncn3CC2CC2)cc1,train
CHEMBL5275366,Cc1cc(-c2cc(Cl)ccc2O)cc2nnc(Nc3ccc(S(=O)(=O)N(C)CCN4CCOCC4)cc3)nc12,DLBOKZWXIWPJSE,1,-1,-1,O=S(=O)(NCCN1CCOCC1)c1ccc(Nc2nnc3cc(-c4ccccc4)ccc3n2)cc1,train
CHEMBL5277744,Cc1cc(-c2cc(Cl)ccc2O)cc2nnc(Nc3ccc(S(=O)(=O)N(C)CCN4CCCC4)cc3)nc12,HIERBQRLJVMINP,1,-1,-1,O=S(=O)(NCCN1CCCC1)c1ccc(Nc2nnc3cc(-c4ccccc4)ccc3n2)cc1,train
CHEMBL5280331,Cc1cc(-c2cc(Cl)ccc2O)cc2nnc(Nc3ccc(S(=O)(=O)NCCN4CCCC4)cc3)nc12,JOJIAFNBGYLQEX,1,-1,-1,O=S(=O)(NCCN1CCCC1)c1ccc(Nc2nnc3cc(-c4ccccc4)ccc3n2)cc1,train
CHEMBL5282277,Cc1cc(-c2cc(Cl)ccc2O)cc2nnc(Nc3ccc(C(=O)N4CCN(C)CC4)cc3)nc12,UOLMOXTZYVGLLE,1,-1,-1,O=C(c1ccc(Nc2nnc3cc(-c4ccccc4)ccc3n2)cc1)N1CCNCC1,train
CHEMBL5282737,Cc1cc(-c2cc(Cl)ccc2O)cc2nnc(Nc3ccc(OCCN4CCCC4)cc3)nc12,NBYYOOSZONDKJY,1,-1,-1,c1ccc(-c2ccc3nc(Nc4ccc(OCCN5CCCC5)cc4)nnc3c2)cc1,train
CHEMBL528330,CCCP(=O)(CCC)c1ccc(Nc2nc(C(C)C)nc3c2ncn3/C=C/c2c(C)cccc2C)cc1,KIHQVERTLRHJED,1,-1,-1,C(=Cn1cnc2c(Nc3ccccc3)ncnc21)c1ccccc1,train
CHEMBL5285367,CN1CCN(c2ccc(Nc3nc(Nc4cccc(F)c4)c4ncn(CC5CC5)c4n3)cc2F)CC1,RCMKVEIPNIWUET,1,-1,-1,c1ccc(Nc2nc(Nc3ccc(N4CCNCC4)cc3)nc3c2ncn3CC2CC2)cc1,train
CHEMBL5285787,Cc1cc(-c2cc(Cl)ccc2O)cc2nnc(Nc3ccc(S(N)(=O)=O)cc3)nc12,UVNZEKZYZPDLDQ,1,-1,-1,c1ccc(Nc2nnc3cc(-c4ccccc4)ccc3n2)cc1,train
CHEMBL5286051,Cc1cc(-c2cc(Cl)ccc2O)cc2nnc(Nc3ccc(C(=O)N4CCNCC4)cc3)nc12,BBSWOZYEQBJUFW,1,-1,-1,O=C(c1ccc(Nc2nnc3cc(-c4ccccc4)ccc3n2)cc1)N1CCNCC1,train
CHEMBL5286481,Cc1cc(-c2cc(Cl)ccc2O)cc2nnc(Nc3ccc(S(=O)(=O)N4CCNCC4)cc3)nc12,ZBDTXFBDQXGKME,1,-1,-1,O=S(=O)(c1ccc(Nc2nnc3cc(-c4ccccc4)ccc3n2)cc1)N1CCNCC1,train
CHEMBL5289797,CN1CCN(c2ccc(Nc3nc(Nc4ccccc4)c4ncn(CC5CC5)c4n3)cc2)CC1,YEEILUQVCOHHRJ,1,-1,-1,c1ccc(Nc2nc(Nc3ccc(N4CCNCC4)cc3)nc3c2ncn3CC2CC2)cc1,train
CHEMBL5314481,Cc1ccc(NC(=O)c2ccc(CN3CCN(C)CC3)cc2)cc1Nc1nccc(-c2cncc(-c3oncc3C)c2)n1,ADGOPPKEIZXKAZ,1,1,-1,O=C(Nc1cccc(Nc2nccc(-c3cncc(-c4ccno4)c3)n2)c1)c1ccc(CN2CCNCC2)cc1,train
CHEMBL536073,Cc1ccc(NC(=O)c2ccc(CN3CC[C@@H](N(C)C)C3)c(C(F)(F)F)c2)cc1Nc1nccc(-c2cncnc2)n1.Cl,BDOTVQIWRKJMIG,1,-1,-1,O=C(Nc1cccc(Nc2nccc(-c3cncnc3)n2)c1)c1ccc(CN2CCCC2)cc1,train
CHEMBL539433,Cc1cn(-c2cc(NC(=O)c3ccc(C)c(/C=C/n4cnc5c(NC6CC6)ncnc54)c3)cc(C(F)(F)F)c2)cn1,XQBYDVRVYRYLCH,1,-1,-1,O=C(Nc1cccc(-n2ccnc2)c1)c1cccc(C=Cn2cnc3c(NC4CC4)ncnc32)c1,train
CHEMBL5395705,CCNC(=O)c1c(OC)cc(-n2cnc3cc(-c4cnn(CCOC)c4)ccc32)cc1OC,WWTRFWLRGARRAD,1,-1,-1,c1ccc(-n2cnc3cc(-c4cn[nH]c4)ccc32)cc1,train
CHEMBL5396135,Cc1cc(Nc2ncc(C)c(N3CC(CC#N)(N4CCN(C)CC4)C3)n2)sn1,VGBYAYCYPVFDTM,0,-1,-1,c1cc(Nc2nccc(N3CC(N4CCNCC4)C3)n2)sn1,train
CHEMBL5396179,CCNC(=O)c1c(OC)cc(-n2cnc3cc(-c4cnn(C5CCOCC5)c4)ccc32)cc1OC,SGMHSWUFNYQVBA,1,-1,-1,c1ccc(-n2cnc3cc(-c4cnn(C5CCOCC5)c4)ccc32)cc1,train
CHEMBL5397288,CCNC(=O)c1c(OC)cc(-n2cnc3cc(-c4cnn(CC#N)c4)ccc32)cc1OC,CAWABSRZIMATJO,1,-1,-1,c1ccc(-n2cnc3cc(-c4cn[nH]c4)ccc32)cc1,train
CHEMBL5398622,Cc1cn(-c2cc(NC(=O)c3ccc(C)c(Nc4cccc(-c5cccnc5)c4)c3)cc(C(F)(F)F)c2)cn1,ZERYGRVFOBRGJG,1,-1,-1,O=C(Nc1cccc(-n2ccnc2)c1)c1cccc(Nc2cccc(-c3cccnc3)c2)c1,train
CHEMBL5400152,Cc1cc(F)ncc1-c1ccc2nc(NC(=O)[C@@H]3C[C@@H]3F)sc2c1,MEXWCALYNZPFQM,1,-1,-1,O=C(Nc1nc2ccc(-c3cccnc3)cc2s1)C1CC1,train
CHEMBL5401167,CCNC(=O)c1c(OC)cc(-n2cnc3cc(-c4cnn(CC)c4)ccc32)cc1OC,UARVSLPFGRKWQN,1,-1,-1,c1ccc(-n2cnc3cc(-c4cn[nH]c4)ccc32)cc1,train
CHEMBL5402554,Cc1cc(Nc2ncc(C)c(N3CCN(CC#N)CC3)n2)sn1,JRUFBZGMCKTNQR,1,-1,-1,c1cc(Nc2nccc(N3CCNCC3)n2)sn1,train
CHEMBL5403288,Cc1cc(Nc2ncc(C)c(N3CC(C4CC4)C3)n2)sn1,FJLUYTVEVSZLJP,1,-1,-1,c1cc(Nc2nccc(N3CC(C4CC4)C3)n2)sn1,train
CHEMBL5403558,CCNC(=O)c1c(OC)cc(-n2cnc3cc(-c4cnn(C)c4)ccc32)cc1OC,HRKJFKJZUNJKNU,1,-1,-1,c1ccc(-n2cnc3cc(-c4cn[nH]c4)ccc32)cc1,train
CHEMBL5404502,CCn1cc(-c2ccc3c(c2)ncn3-c2cc(OC)c(C(=O)NCC(F)(F)F)c(OC)c2)cn1,XGEBOBAOVSOQCV,1,-1,-1,c1ccc(-n2cnc3cc(-c4cn[nH]c4)ccc32)cc1,train
CHEMBL5405344,Cc1cc(Nc2ncc(C)c(N3CC4CCC(C3)N4CCC#N)n2)sn1,UGPDJSYAEGUOSO,1,-1,-1,c1cc(Nc2nccc(N3CC4CCC(C3)N4)n2)sn1,train
CHEMBL5407103,CCc1nnc(-c2c(OC)cc(-c3cnc4cc(-c5cnn(C)c5)ccn34)cc2OC)o1,VOYZWDQJVPQGCO,1,-1,-1,c1nnc(-c2ccc(-c3cnc4cc(-c5cn[nH]c5)ccn34)cc2)o1,train
CHEMBL5409449,CCN1CCN(CCCOc2cc3nccc(Oc4c(F)cc(NC(=O)NN5C(=O)CSC5c5ccc(F)cc5F)cc4F)c3cc2OC)CC1,CTSDMCNSBRVZGJ,1,-1,1,O=C(Nc1ccc(Oc2ccnc3cc(OCCCN4CCNCC4)ccc23)cc1)NN1C(=O)CSC1c1ccccc1,train
CHEMBL5412961,CCn1cc(-c2ccc3c(c2)ncn3-c2cc(OC)c(C(=O)NC3CC3)c(OC)c2)cn1,ZMAJVXKEVISHMQ,1,-1,-1,O=C(NC1CC1)c1ccc(-n2cnc3cc(-c4cn[nH]c4)ccc32)cc1,train
CHEMBL5414095,Cc1cnc(Nc2cnn(C)c2)nc1N1CC2CCCC(C1)N2CC#N,DDJSPNPQPSXXBH,0,-1,-1,c1cc(N2CC3CCCC(C2)N3)nc(Nc2cn[nH]c2)n1,train
CHEMBL5415481,Cc1cc(Nc2ncc(C)c(N3CCN(CC#N)[C@@H](C)C3)n2)sn1,IYCVFSSCAPZAJP,1,-1,-1,c1cc(Nc2nccc(N3CCNCC3)n2)sn1,train
CHEMBL5415699,CCn1cc(-c2ccc3c(c2)ncn3-c2cc(OC)c(C(=O)NC)c(OC)c2)cn1,MXJMJNRCJKHFPP,1,-1,-1,c1ccc(-n2cnc3cc(-c4cn[nH]c4)ccc32)cc1,train
CHEMBL5417435,Cc1cc(Nc2ncc(C)c(N3CC(CC#N)C3)n2)sn1,ZGBAGWYVESAQAG,1,-1,-1,c1cc(Nc2nccc(N3CCC3)n2)sn1,train
CHEMBL5417444,COc1cc(-n2cnc3cc(-c4cnn(C)c4)ccc32)cc(OC(F)F)c1C(=O)NC1CC1,PFTXFNSHFZLJNT,1,-1,-1,O=C(NC1CC1)c1ccc(-n2cnc3cc(-c4cn[nH]c4)ccc32)cc1,train
CHEMBL5419476,CCNC(=O)c1c(OC)cc(-n2cnc3cc(-c4cnn(CC(N)=O)c4)ccc32)cc1OC,SVJBHQPXESBDEQ,1,-1,-1,c1ccc(-n2cnc3cc(-c4cn[nH]c4)ccc32)cc1,train
CHEMBL5420455,CCNC(=O)c1c(OC)cc(-n2cnc3cc(-c4cnn(CCO)c4)ccc32)cc1OC,FCJGMZMSVIAAJU,1,-1,-1,c1ccc(-n2cnc3cc(-c4cn[nH]c4)ccc32)cc1,train
CHEMBL5423027,Cc1cc(Nc2ncc(C)c(-c3cnn(CCC#N)c3)n2)sn1,LHEVQARANJPCFT,1,-1,-1,c1cc(Nc2nccc(-c3cn[nH]c3)n2)sn1,train
CHEMBL5427025,CCn1cc(-c2ccc3c(c2)ncn3-c2cc(OC)c(CO)c(OC)c2)cn1,UNBNKYSPLOMIOY,1,-1,-1,c1ccc(-n2cnc3cc(-c4cn[nH]c4)ccc32)cc1,train
CHEMBL5428068,O=C(Nc1cn2cc(-c3ccccc3CCF)ccc2n1)[C@@H]1C[C@@H]1F,IAGWAZKHJMFJDT,1,-1,-1,O=C(Nc1cn2cc(-c3ccccc3)ccc2n1)C1CC1,train
CHEMBL5428147,CCn1cc(-c2ccc3c(c2)ncn3-c2cc(OC)c(C(=O)O)c(OC)c2)cn1,CSZAJEXPQFERTK,1,-1,-1,c1ccc(-n2cnc3cc(-c4cn[nH]c4)ccc32)cc1,train
CHEMBL5430774,CCn1cc(-c2ccc3c(c2)ncn3-c2cc(OC)c(C(=O)OC)c(OC)c2)cn1,BYKVUESQXQHBEP,1,-1,-1,c1ccc(-n2cnc3cc(-c4cn[nH]c4)ccc32)cc1,train
CHEMBL5431938,CCNC(=O)c1c(OC)cc(-n2cnc3cc(-c4cnn(CC)c4)ccc32)cc1OC(F)F,VNWAWEZKWMFEJY,1,-1,-1,c1ccc(-n2cnc3cc(-c4cn[nH]c4)ccc32)cc1,train
CHEMBL5432284,Cc1cc(Nc2ncc(C)c(N3CC(CCC#N)C3)n2)sn1,LMPLILRWPQMYES,1,-1,-1,c1cc(Nc2nccc(N3CCC3)n2)sn1,train
CHEMBL5434489,Cc1cc(Nc2ncc(C)c(N3CC(O)(C4CC4)C3)n2)sn1,AYYRUOOCJNTWHJ,1,-1,-1,c1cc(Nc2nccc(N3CC(C4CC4)C3)n2)sn1,train
CHEMBL5437157,O=C(Nc1cn2cc(-c3cccc(F)c3OCCF)ccc2n1)[C@@H]1C[C@@H]1F,SCMGXPZOIIMCEH,1,-1,-1,O=C(Nc1cn2cc(-c3ccccc3)ccc2n1)C1CC1,train
CHEMBL5438171,CCn1cc(-c2ccc3c(c2)ncn3-c2cc(OC)c(C(N)=O)c(OC)c2)cn1,WDNAXOPVZIEECR,1,-1,-1,c1ccc(-n2cnc3cc(-c4cn[nH]c4)ccc32)cc1,train
CHEMBL5439856,Cc1ccc(C(=O)Nc2cc(-c3cnn(C)c3)cc(C(F)(F)F)c2)cc1Nc1cccc2c1C(=O)C(=O)N2C,BYQUXIPYNMMOEC,1,-1,-1,O=C1Nc2cccc(Nc3cccc(C(=O)Nc4cccc(-c5cn[nH]c5)c4)c3)c2C1=O,train
CHEMBL550623,CNc1ncnc2c1ncn2CCc1cc(NC(=O)c2cccc(C(F)(F)F)c2)ccc1C,XXAJJFYRIBDYPH,0,-1,-1,O=C(Nc1cccc(CCn2cnc3cncnc32)c1)c1ccccc1,train
CHEMBL551542,COc1ccc(CNc2nc(SC)nc3c2cnn3CC(Cl)c2ccccc2)cc1,MDRRJZBAXQKICB,1,-1,-1,c1ccc(CCn2ncc3c(NCc4ccccc4)ncnc32)cc1,train
CHEMBL551838,Cc1ccc(C(=O)Nc2cc(C(F)(F)F)ccc2F)cc1/C=C/n1cnc2c(NC3CC3)ncnc21,DFUFJHCAPIDDRE,0,-1,-1,O=C(Nc1ccccc1)c1cccc(C=Cn2cnc3c(NC4CC4)ncnc32)c1,train
CHEMBL552634,C=C(CN(C)C)C(=O)c1ccc(OS(=O)(=O)c2ccc(C(=O)N(C)C)cc2)cc1.Cl,WDYFKTICDSTBLZ,0,-1,-1,O=S(=O)(Oc1ccccc1)c1ccccc1,train
CHEMBL5555423,C#CCN(C)C(=O)c1cncc(-c2cnc3[nH]cc(-c4cc(C=O)c(C#C)cc4OC)c3c2)c1,RBNIMBYYMAPEKV,1,-1,-1,c1ccc(-c2c[nH]c3ncc(-c4cccnc4)cc23)cc1,train
CHEMBL55592,O=C(Nc1cccc(Nc2nccc(-c3cccnc3)n2)c1)c1ccncc1,MZJIJJIHVGGOAC,1,-1,-1,O=C(Nc1cccc(Nc2nccc(-c3cccnc3)n2)c1)c1ccncc1,train
CHEMBL5561816,C#Cc1cc(OC)c(-c2ccc3nc(NC(=O)NCO)sc3c2)cc1C=O,HZUQHCPFAIOHGX,1,-1,-1,c1ccc(-c2ccc3ncsc3c2)cc1,train
CHEMBL5564993,COc1cc(S(=O)(=O)F)ccc1-c1c[nH]c2ncc(-c3cncc(C(=O)N(C)C)c3)cc12,VRPOFDRXTTXVAA,1,-1,-1,c1ccc(-c2c[nH]c3ncc(-c4cccnc4)cc23)cc1,train
CHEMBL55683,O=[N+]([O-])c1cccc(Nc2nccc(-c3ccncc3)n2)c1,WLGHWBDELZLKGW,0,-1,-1,c1ccc(Nc2nccc(-c3ccncc3)n2)cc1,train
CHEMBL5571836,CN1CCN([C@H]2CC(F)(F)c3cc(NC(=O)c4ccc(F)c(C#Cc5cncc(N6CCOCC6)c5)c4)ccc32)CC1,AZOXWOCICFEBCQ,1,-1,-1,O=C(Nc1ccc2c(c1)CCC2N1CCNCC1)c1cccc(C#Cc2cncc(N3CCOCC3)c2)c1,train
CHEMBL559438,Cc1ccc(C(=O)Nc2ncc(C(C)(C)C)s2)cc1/C=C/n1cnc2c(NC3CC3)ncnc21,QEQCGJHWBTXQDW,0,-1,-1,O=C(Nc1nccs1)c1cccc(C=Cn2cnc3c(NC4CC4)ncnc32)c1,train
CHEMBL559628,Cc1ccc(C(=O)Nc2cccc(C(C)(C)C)c2)cc1/C=C/n1cnc2c(NC3CC3)ncnc21,VKDWJVVFVAOVSI,0,-1,-1,O=C(Nc1ccccc1)c1cccc(C=Cn2cnc3c(NC4CC4)ncnc32)c1,train
CHEMBL559702,Cc1ccc(C(=O)Nc2cccc(C(C)C)c2)cc1/C=C/n1cnc2c(NC3CC3)ncnc21,FQACGFQYYXSHEO,0,-1,-1,O=C(Nc1ccccc1)c1cccc(C=Cn2cnc3c(NC4CC4)ncnc32)c1,train
CHEMBL559826,Cc1ccc(C(=O)Nc2cc(-n3ccnc3)cc(C(F)(F)F)c2)cc1/C=C/n1cnc2c(NC3CC3)ncnc21,VPICTYHNLMNLMP,1,-1,-1,O=C(Nc1cccc(-n2ccnc2)c1)c1cccc(C=Cn2cnc3c(NC4CC4)ncnc32)c1,train
CHEMBL559838,Cc1cn(-c2cc(NC(=O)c3ccc(C)c(/C=C/n4cnc5cncnc54)c3)cc(C(F)(F)F)c2)cn1,LNPOXTZTOXVGTM,1,-1,-1,O=C(Nc1cccc(-n2ccnc2)c1)c1cccc(C=Cn2cnc3cncnc32)c1,train
CHEMBL56081,O=[N+]([O-])c1cccc(Nc2nccc(-c3cccnc3)n2)c1,HFQHGGZJZTXYKH,0,-1,-1,c1ccc(Nc2nccc(-c3cccnc3)n2)cc1,train
CHEMBL5631407,COc1cc(-c2n[nH]c3ncc(-c4cccc(N)c4)cc23)cc(OC)c1OC,QHNQSGOQPWOVDK,1,-1,-1,c1ccc(-c2cnc3[nH]nc(-c4ccccc4)c3c2)cc1,train
CHEMBL5631455,COc1cc(-c2n[nH]c3ncc(-c4ccc(C)c(N)c4)cc23)cc(OC)c1OC,LHENUVGFTXUWFQ,1,-1,-1,c1ccc(-c2cnc3[nH]nc(-c4ccccc4)c3c2)cc1,train
CHEMBL5631922,COc1cc(-c2n[nH]c3ncc(-c4cccc5[nH]ncc45)cc23)cc(OC)c1OC,ATSVDPHUMGCRAH,1,-1,-1,c1ccc(-c2n[nH]c3ncc(-c4cccc5[nH]ncc45)cc23)cc1,train
CHEMBL5632248,COc1cc(-c2n[nH]c3ncc(-c4cccc(O)c4)cc23)cc(OC)c1OC,AQPGSKXVUOGJPP,1,-1,-1,c1ccc(-c2cnc3[nH]nc(-c4ccccc4)c3c2)cc1,train
CHEMBL5633837,COc1cc(-c2n[nH]c3ncc(-c4ccc(C)c(NCCO)c4)cc23)cc(OC)c1OC,OATHVDKMFZZHHN,1,-1,-1,c1ccc(-c2cnc3[nH]nc(-c4ccccc4)c3c2)cc1,train
CHEMBL564235,Cc1ccc(C(=O)Nc2ccc(Cl)c(C(F)(F)F)c2)cc1/C=C/n1cnc2c(NC3CC3)ncnc21,SBTALLCOLPWWFJ,0,-1,-1,O=C(Nc1ccccc1)c1cccc(C=Cn2cnc3c(NC4CC4)ncnc32)c1,train
CHEMBL564575,Cc1ccc(NC(=O)c2cccc(C(F)(F)F)c2)cc1/C=C/n1cnc2c(NC3CC3)ncnc21,JZXFPEJNLNNQLB,0,-1,-1,O=C(Nc1cccc(C=Cn2cnc3c(NC4CC4)ncnc32)c1)c1ccccc1,train
CHEMBL564726,Cc1ccc(C(=O)Nc2cccc(C(F)(F)F)c2)cc1/C=C/n1cnc2c(NC3CC3)ncnc21,CBDXOWDLLARHRY,0,-1,-1,O=C(Nc1ccccc1)c1cccc(C=Cn2cnc3c(NC4CC4)ncnc32)c1,train
CHEMBL564746,CSc1nc(NCCc2ccc(Cl)cc2)c2cnn(CC(Cl)c3ccccc3)c2n1,JDNVJUSNBIBSPF,1,-1,-1,c1ccc(CCNc2ncnc3c2cnn3CCc2ccccc2)cc1,train
CHEMBL565084,Cc1ccc(NC(=O)c2cccc(C(F)(F)F)c2)cc1/C=C/n1cnc2c(Nc3ccncn3)ncnc21,LCNSRDIBGHOEGN,0,-1,-1,O=C(Nc1cccc(C=Cn2cnc3c(Nc4ccncn4)ncnc32)c1)c1ccccc1,train
CHEMBL565372,CCc1cccc(Nc2ncc3cc(-c4c(Cl)cccc4Cl)c(=O)n(C)c3n2)c1,SQXJLEVGNHLDCC,1,-1,-1,O=c1[nH]c2nc(Nc3ccccc3)ncc2cc1-c1ccccc1,train
CHEMBL565587,Cn1c(=O)c(-c2c(Cl)cccc2Cl)cc2cnc(Nc3ccc(NC(=O)CCl)cc3)nc21,XOVYHZSDUHWRJV,1,-1,-1,O=c1[nH]c2nc(Nc3ccccc3)ncc2cc1-c1ccccc1,train
CHEMBL565609,Cn1c(=O)c(-c2c(Cl)cccc2Cl)cc2cnc(Nc3ccc(NC(=O)CCNC(=O)OC(C)(C)C)cc3)nc21,APGJWCRRERWKDQ,1,-1,-1,O=c1[nH]c2nc(Nc3ccccc3)ncc2cc1-c1ccccc1,train
CHEMBL565801,CC(=O)Nc1cccc(Nc2ncc3cc(-c4c(Cl)cccc4Cl)c(=O)n(C)c3n2)c1,XCIWPOBMQAYXJN,1,-1,-1,O=c1[nH]c2nc(Nc3ccccc3)ncc2cc1-c1ccccc1,train
CHEMBL566515,COc1ccccc1-n1c(-c2cc(O)ccc2C)cn2c3c(=O)[nH]c(=O)n(C)c3nc12,JTWMOWRMSZZHDR,1,-1,-1,O=c1[nH]c(=O)c2c(nc3n(-c4ccccc4)c(-c4ccccc4)cn23)[nH]1,train
CHEMBL566635,Cn1c(=O)c(-c2c(Cl)cccc2Cl)cc2cnc(Nc3ccc(NC(=O)CCN)cc3)nc21,BYRBUVTUGSOTSC,1,1,-1,O=c1[nH]c2nc(Nc3ccccc3)ncc2cc1-c1ccccc1,train
CHEMBL566636,Cn1c(=O)c(-c2c(Cl)cccc2Cl)cc2cnc(Nc3ccc(N)cc3)nc21,SATMQUWVFQUXMV,1,1,-1,O=c1[nH]c2nc(Nc3ccccc3)ncc2cc1-c1ccccc1,train
CHEMBL56669,CCCCCC(=O)Nc1cccc(Nc2nccc(-c3cccnc3)n2)c1,DGMAXJPIGMQHRJ,1,-1,-1,c1ccc(Nc2nccc(-c3cccnc3)n2)cc1,train
CHEMBL566834,Cn1c(=O)c(-c2c(Cl)cccc2Cl)cc2cnc(Nc3cccc(COCC(O)CO)c3)nc21,XWTBASUJPOEBBZ,1,-1,-1,O=c1[nH]c2nc(Nc3ccccc3)ncc2cc1-c1ccccc1,train
CHEMBL566850,CC(=O)Nc1ccc(Nc2ncc3cc(-c4c(Cl)cccc4Cl)c(=O)n(C)c3n2)cc1,TUXQTYDDHNAJKZ,1,-1,-1,O=c1[nH]c2nc(Nc3ccccc3)ncc2cc1-c1ccccc1,train
CHEMBL56697,CC[C@H](C)[C@H](NC(=O)[C@H](CCC(=O)O)NC(=O)[C@H](CCC(=O)O)NC(=O)[C@H](Cc1ccc(P(=O)(O)O)cc1)NC(C)=O)C(=O)N[C@@H](CCC(=O)O)C(=O)O,SKCNEXNJNGTKIO,0,-1,-1,c1ccccc1,train
CHEMBL567068,Cn1c(=O)c(-c2c(Cl)cccc2Cl)cc2cnc(Nc3ccc(NCC(O)CO)cc3)nc21,XCYATSRJUCZIJR,1,1,-1,O=c1[nH]c2nc(Nc3ccccc3)ncc2cc1-c1ccccc1,train
CHEMBL56904,CN1CCN(Cc2ccc(C(=O)Nc3cccc(Nc4nccc(-c5cccnc5)n4)c3)cc2)CC1,JHMBUEWQJDGKGS,1,-1,-1,O=C(Nc1cccc(Nc2nccc(-c3cccnc3)n2)c1)c1ccc(CN2CCNCC2)cc1,train
CHEMBL570175,Cn1c(=O)c(-c2c(Cl)cccc2Cl)cc2cnc(Nc3ccc(I)cc3)nc21,OKPRPWYLQUKXFE,1,1,-1,O=c1[nH]c2nc(Nc3ccccc3)ncc2cc1-c1ccccc1,train
CHEMBL571040,C=CC(=O)N1CCC[C@H]1C(=O)Nc1cc2c(Nc3cccc(Cl)c3F)ncnc2cc1OCCOC,TXSZGBMOPCXBTP,1,0,0,O=C(Nc1ccc2ncnc(Nc3ccccc3)c2c1)C1CCCN1,train
CHEMBL572878,Cc1cc(Nc2cc(N3CCN(C)CC3)nc(Sc3ccc(NC(=O)C4CC4)cc3)n2)n[nH]1,GCIKSSRWRFVXBI,1,-1,-1,O=C(Nc1ccc(Sc2nc(Nc3cc[nH]n3)cc(N3CCNCC3)n2)cc1)C1CC1,train
CHEMBL57393,CC(=O)N[C@@H](Cc1ccc(P(=O)(O)O)cc1)C(=O)N[C@@H](CCC(=O)O)C(=O)N(C)CCCC1CCCCC1,AQNWHIVUNHYXGT,0,-1,-1,O=C(CCc1ccccc1)NCC(=O)NCCCC1CCCCC1,train
CHEMBL5740022,C[C@@H]1CCOc2nc3cc(C(=O)Nc4ccc(OC(F)(F)Cl)cc4)cc(-c4ccn[nH]4)c3n21,QYPCRNHUDMNGDA,1,-1,-1,O=C(Nc1ccccc1)c1cc(-c2ccn[nH]2)c2c(c1)nc1n2CCCO1,train
CHEMBL5740165,Cc1ccc(NC(=O)c2ccc(CN3CCN(C)CC3)cc2)cc1Nc1nccc(-c2cncc(C3=NN=C(C(=O)Nc4nc(C(N)=O)co4)C3)c2)n1,RJBTYCBOXYRMMJ,1,1,-1,O=C(Nc1ncco1)C1=NN=C(c2cncc(-c3ccnc(Nc4cccc(NC(=O)c5ccc(CN6CCNCC6)cc5)c4)n3)c2)C1,train
CHEMBL574059,Cn1c(=O)c(-c2c(Cl)cccc2Cl)cc2cnc(Nc3ccc(F)cc3)nc21,ZSHRAUSJZQDIJR,1,1,-1,O=c1[nH]c2nc(Nc3ccccc3)ncc2cc1-c1ccccc1,train
CHEMBL5741416,Nc1cccc(Nc2ncc3cc(-c4c(Cl)cccc4Cl)c(=O)oc3n2)c1,MUGYDUKPASPOTN,1,-1,-1,O=c1oc2nc(Nc3ccccc3)ncc2cc1-c1ccccc1,train
CHEMBL5741637,CC(C)(C)n1cnc2cc(C(=O)Nc3ccc(OC(F)(F)Cl)cc3)cc(-c3cncnc3)c21,OPRSQUUWPZTWAQ,1,-1,-1,O=C(Nc1ccccc1)c1cc(-c2cncnc2)c2[nH]cnc2c1,train
CHEMBL5741882,O=C(Nc1ccc(OC(F)(F)Cl)cc1)c1cc(-c2cccnn2)c2c(c1)nc1n2C[C@@H](O)CO1,QFSZDFHZGFEPAP,1,-1,-1,O=C(Nc1ccccc1)c1cc(-c2cccnn2)c2c(c1)nc1n2CCCO1,train
CHEMBL5742003,COC[C@H](C)n1cnc2cc(C(=O)Nc3ccc(OC(F)(F)Cl)cc3)cc(-c3cncnc3)c21,CHEWGTPWZMEDRP,1,-1,-1,O=C(Nc1ccccc1)c1cc(-c2cncnc2)c2[nH]cnc2c1,train
CHEMBL5743987,CS(=O)(=O)Nc1cccc(-c2ccc3c(c2)C(=O)Nc2cc(OC(F)(F)F)ccc2N3)c1,TWQDAKZNYVIEFW,1,-1,-1,O=C1Nc2ccccc2Nc2ccc(-c3ccccc3)cc21,train
CHEMBL57443,Nc1cccc(Nc2nccc(-c3ccncc3)n2)c1,MDYKWTJHVLZUAH,1,-1,-1,c1ccc(Nc2nccc(-c3ccncc3)n2)cc1,train
CHEMBL5744631,O=C(Nc1nc2ccc(-c3cnc4[nH]ccc4c3)cc2s1)C1CC1,CLGYCKJTBDKYOA,1,-1,-1,O=C(Nc1nc2ccc(-c3cnc4[nH]ccc4c3)cc2s1)C1CC1,train
CHEMBL5745384,O=C(Nc1nc2ccc(-c3cnc4[nH]ccc4c3)cc2s1)C1C[C@@H]1F,WZTMYPNAIZBREW,1,-1,-1,O=C(Nc1nc2ccc(-c3cnc4[nH]ccc4c3)cc2s1)C1CC1,train
CHEMBL5746276,CC(C)(C)c1nc(-c2ccc3ccccc3c2)c2c(N)nccn12,BQQDZFZFSCZTOU,1,-1,-1,c1ccc2cc(-c3ncn4ccncc34)ccc2c1,train
CHEMBL5746802,CCn1c([C@@H](C)O)nc2cc(C(=O)Nc3ccc(OC(F)(F)Cl)cc3)cc(-c3ccn[nH]3)c21,ZSLCDSLWMLDQSO,1,-1,-1,O=C(Nc1ccccc1)c1cc(-c2ccn[nH]2)c2[nH]cnc2c1,train
CHEMBL5746944,Cc1c(F)cncc1-c1ccc2nc(NC(=O)C3CC3(F)F)sc2c1,KDBAVXCYWFLJIK,1,-1,-1,O=C(Nc1nc2ccc(-c3cccnc3)cc2s1)C1CC1,train
CHEMBL5747259,O=C(Nc1cn2cc(-c3cnccc3C(F)(F)F)ccc2n1)[C@@H]1C[C@@H]1F,OUVFQPVWKVFPGM,1,-1,-1,O=C(Nc1cn2cc(-c3cccnc3)ccc2n1)C1CC1,train
CHEMBL5747833,O=C1Nc2cc(OC(F)(F)F)ccc2Oc2ccc(-c3ccnc(N4CC[C@@H](O)C4)c3)cc21,ZLKDKEJEDLZRNA,1,-1,-1,O=C1Nc2ccccc2Oc2ccc(-c3ccnc(N4CCCC4)c3)cc21,train
CHEMBL5747886,N#Cc1ccncc1-c1ccc2nc(NC(=O)[C@@H]3C[C@@H]3F)cn2c1,SHGQVDUEFPICQD,1,-1,-1,O=C(Nc1cn2cc(-c3cccnc3)ccc2n1)C1CC1,train
CHEMBL5749802,O=C(Nc1ccc(OC(F)(F)Cl)cc1)c1cc(-c2cncnc2)c2c(c1)ncn2[C@H]1CCOC1,SPSDCHATWMDHKN,1,-1,-1,O=C(Nc1ccccc1)c1cc(-c2cncnc2)c2c(c1)ncn2C1CCOC1,train
CHEMBL5750859,O=C(Nc1ccc(OC(F)(F)Cl)cc1)c1cc(-c2cncnc2)c2c(c1)nc1n2C[C@@H](O)CC1,QHBDVGWSYYEMNY,1,-1,-1,O=C(Nc1ccccc1)c1cc(-c2cncnc2)c2c(c1)nc1n2CCCC1,train
CHEMBL5752325,O=C(Nc1ccc(OC(F)(F)Cl)cc1)c1cc(-c2cncnc2)c2c(c1)nc1n2CC[C@@H](O)C1,PEULMECLCHWIRA,1,-1,-1,O=C(Nc1ccccc1)c1cc(-c2cncnc2)c2c(c1)nc1n2CCCC1,train
CHEMBL5754207,Cc1ccnc(C)c1-c1ccc2nc(NC(=O)C3C[C@@H]3F)sc2c1,GBZOMWZVTZAYLZ,1,0,-1,O=C(Nc1nc2ccc(-c3cccnc3)cc2s1)C1CC1,train
CHEMBL57553,Nc1cccc(Nc2nccc(-c3cccnc3)n2)c1,ZQTRXPRIWRFHRY,1,-1,-1,c1ccc(Nc2nccc(-c3cccnc3)n2)cc1,train
CHEMBL5756470,Cc1cc(-c2cncc(-c3ccnc(Nc4cc(NC(=O)c5ccc(CN6CCNCC6)cc5)ccc4C)n3)c2)on1,OGFUMLMDBRBYKQ,1,1,-1,O=C(Nc1cccc(Nc2nccc(-c3cncc(-c4ccno4)c3)n2)c1)c1ccc(CN2CCNCC2)cc1,train
CHEMBL5757611,C[C@@H]1COCc2nc3cc(C(=O)Nc4ccc(OC(F)(F)Cl)cc4)cc(-c4cncc(C#N)c4)c3n21,KMQIAWGDSYNVJT,1,-1,-1,O=C(Nc1ccccc1)c1cc(-c2cccnc2)c2c(c1)nc1n2CCOC1,train
CHEMBL5757809,O=c1oc2nc(Nc3cccc(CO)c3)ncc2cc1-c1c(Cl)cccc1Cl,LSKLYNIABNVZFD,1,-1,-1,O=c1oc2nc(Nc3ccccc3)ncc2cc1-c1ccccc1,train
CHEMBL5757881,O=C(Nc1ccc(OC(F)(F)Cl)cc1)c1cc(-c2cccnn2)c2c(c1)nc1n2[C@H](CO)CCO1,GMGHMURUPSKSAC,1,-1,-1,O=C(Nc1ccccc1)c1cc(-c2cccnn2)c2c(c1)nc1n2CCCO1,train
CHEMBL5758439,CC(C)c1nc2c(-c3cncnc3)cc(C(=O)Nc3ccc(OC(F)(F)Cl)cc3)cc2n1C,CJHPEPRBOBRGSE,1,-1,-1,O=C(Nc1ccccc1)c1cc(-c2cncnc2)c2nc[nH]c2c1,train
CHEMBL5758744,Cc1nsc(-c2ccc3nc(NC(=O)[C@@H]4C[C@@H]4F)sc3c2)c1Cl,CAJBURCAFDBVHU,1,-1,-1,O=C(Nc1nc2ccc(-c3ccns3)cc2s1)C1CC1,train
CHEMBL5758996,CC(C)n1c(C2CCOCC2)nc2cc(C(=O)Nc3ccc(OC(F)(F)Cl)cc3)cc(-c3cncnc3)c21,UKAUYZXLBZKMGN,1,-1,-1,O=C(Nc1ccccc1)c1cc(-c2cncnc2)c2[nH]c(C3CCOCC3)nc2c1,train
CHEMBL5759247,C[C@H]1COCc2nc3cc(C(=O)Nc4ccc(OC(F)(F)Cl)cc4)cc(-c4cncnc4)c3n21,ZIFYQYNXVHYSIF,1,-1,-1,O=C(Nc1ccccc1)c1cc(-c2cncnc2)c2c(c1)nc1n2CCOC1,train
CHEMBL5760904,CNc1ccc(C)c(-c2ccc3nc(NC(=O)[C@@H]4C[C@@H]4F)sc3c2)c1F,JLDSMVAXLAYEJO,1,-1,-1,O=C(Nc1nc2ccc(-c3ccccc3)cc2s1)C1CC1,train
CHEMBL5760906,Cc1cc(N(C)C)ncc1-c1ccc2nc(NC(=O)[C@@H]3C[C@@H]3F)cn2c1,AUJGWYLECHYXGJ,1,-1,-1,O=C(Nc1cn2cc(-c3cccnc3)ccc2n1)C1CC1,train
CHEMBL5761636,Cc1ccc(NC(=O)c2ccc(CN3CCN(C)CC3)cc2)cc1Nc1nccc(-c2cncc(C3=NN=C(C(=O)Nc4ccccc4)C3)c2)n1,UTEPROJRMFGHNF,1,1,-1,O=C(Nc1ccccc1)C1=NN=C(c2cncc(-c3ccnc(Nc4cccc(NC(=O)c5ccc(CN6CCNCC6)cc5)c4)n3)c2)C1,train
CHEMBL576218,Cn1c(=O)c(-c2c(Cl)cccc2Cl)cc2cnc(Nc3ccc(CCO)cc3)nc21,HTZNZEKPDCTESZ,1,-1,-1,O=c1[nH]c2nc(Nc3ccccc3)ncc2cc1-c1ccccc1,train
CHEMBL5762572,CCOc1nc2cc(C(=O)Nc3ccc(OC(F)(F)Cl)cc3)cc(-c3cncnc3)c2n1C(C)C,XMGLLANMUNAKQY,1,-1,-1,O=C(Nc1ccccc1)c1cc(-c2cncnc2)c2[nH]cnc2c1,train
CHEMBL5763154,CC(C)(O)c1cccc(-c2ccc3c(c2)C(=O)Nc2cc(OC(F)(F)F)ccc2O3)c1,RBBUGVSGDMXZQF,1,-1,-1,O=C1Nc2ccccc2Oc2ccc(-c3ccccc3)cc21,train
CHEMBL5765043,Cc1ccncc1-c1ccc2nc(NC(=O)[C@H]3C[C@H](F)C3)sc2c1,MDLDPPQZJPDLCR,1,-1,-1,O=C(Nc1nc2ccc(-c3cccnc3)cc2s1)C1CCC1,train
CHEMBL5767231,O=C(Nc1ccc(S(F)(F)(F)(F)F)cc1)c1cnc(N2CC[C@@H](O)C2)c(-c2cncnc2)c1,VQOAOAGEDGBOQX,1,-1,-1,O=C(Nc1ccccc1)c1cnc(N2CCCC2)c(-c2cncnc2)c1,train
CHEMBL5767266,CC(C)n1cnc2cc(C(=O)Nc3ccc(OC(F)(F)Cl)cc3)cc(-c3cnsc3)c21,UQCAGYWXVAKZQS,1,-1,-1,O=C(Nc1ccccc1)c1cc(-c2cnsc2)c2[nH]cnc2c1,train
CHEMBL5768316,Cc1c(F)cccc1-c1ccc2nc(NC(=O)C3CC(F)(F)C3)cn2c1,LWFQFYJPBNDMKL,1,-1,-1,O=C(Nc1cn2cc(-c3ccccc3)ccc2n1)C1CCC1,train
CHEMBL5771178,CC[C@@H]1COCc2nc3cc(C(=O)Nc4ccc(OC(F)(F)Cl)cc4)cc(-c4ccn[nH]4)c3n21,RMWKSKZQCYBUBH,1,-1,-1,O=C(Nc1ccccc1)c1cc(-c2ccn[nH]2)c2c(c1)nc1n2CCOC1,train
CHEMBL5772282,O=C(Nc1ccc(OC(F)(F)Cl)cc1)c1cc(-c2cccnn2)c2c(c1)nc1n2CC[C@H](O)C1,UOZHXPYTDHEBHI,1,-1,-1,O=C(Nc1ccccc1)c1cc(-c2cccnn2)c2c(c1)nc1n2CCCC1,train
CHEMBL577269,Cn1c(=O)c(-c2c(Cl)cccc2Cl)cc2cnc(Nc3cccc(N)c3)nc21,LPJDSINAEJVSNX,1,-1,-1,O=c1[nH]c2nc(Nc3ccccc3)ncc2cc1-c1ccccc1,train
CHEMBL5772742,O=C(Nc1ccc(OC(F)(F)Cl)cc1)c1cc(-c2cncnc2)c2c(c1)ncn2C1CC1,PECGVDICVCERQT,1,-1,-1,O=C(Nc1ccccc1)c1cc(-c2cncnc2)c2c(c1)ncn2C1CC1,train
CHEMBL5773635,C[C@@H]1CCOc2nc3cc(C(=O)Nc4ccc(OC(F)(F)Cl)cc4)cc(-c4cscn4)c3n21,MHURZQOZVLWMLN,1,-1,-1,O=C(Nc1ccccc1)c1cc(-c2cscn2)c2c(c1)nc1n2CCCO1,train
CHEMBL5776426,O=C(Nc1ccc(OC(F)(F)Cl)cc1)c1cc(Br)c2c(c1)nc1n2[C@H](CF)COC1,SBRJVIYPSKXYIF,1,-1,-1,O=C(Nc1ccccc1)c1ccc2c(c1)nc1n2CCOC1,train
CHEMBL5782401,Cc1ccc(NC(=O)c2ccc(CN3CCN(C)CC3)cc2)cc1Nc1nccc(-c2cncc(C3=NN=C(C(=O)Nc4cc(C(=O)O)n[nH]4)C3)c2)n1,YFUJBCSOUCJRRP,1,1,-1,O=C(Nc1ccn[nH]1)C1=NN=C(c2cncc(-c3ccnc(Nc4cccc(NC(=O)c5ccc(CN6CCNCC6)cc5)c4)n3)c2)C1,train
CHEMBL5784849,Cn1c(CO)nc2cc(C(=O)Nc3ccc(OC(F)(F)Cl)cc3)cc(-c3cncnc3)c21,HCFKYXQMFYVRMI,1,-1,-1,O=C(Nc1ccccc1)c1cc(-c2cncnc2)c2[nH]cnc2c1,train
CHEMBL5784931,Cc1ccccc1COc1ccc2cc(-c3nn(C(C)C)c4ncnc(N)c34)ccc2c1,UESYKRUJFLCOLW,1,-1,-1,c1ccc(COc2ccc3cc(-c4n[nH]c5ncncc45)ccc3c2)cc1,train
CHEMBL5785474,Cc1ccnc(F)c1-c1ccc2nc(NC(=O)[C@@H]3C[C@@H]3F)cn2c1,MUMGBSXQGWFWJQ,1,-1,-1,O=C(Nc1cn2cc(-c3cccnc3)ccc2n1)C1CC1,train
CHEMBL5785622,CCn1c(C(F)F)nc2cc(C(=O)Nc3ccc(OC(F)(F)Cl)cc3)cc(-c3cccnn3)c21,IBEOJVOUGSZPPG,1,-1,-1,O=C(Nc1ccccc1)c1cc(-c2cccnn2)c2[nH]cnc2c1,train
CHEMBL5785803,Cn1c(C(F)F)nc2cc(C(=O)Nc3ccc(OC(F)(F)Cl)cc3)cc(-c3cncnc3)c21,KSFQJNCHWONGSD,1,-1,-1,O=C(Nc1ccccc1)c1cc(-c2cncnc2)c2[nH]cnc2c1,train
CHEMBL5786882,C[C@@H]1COCc2nc3cc(C(=O)Nc4ccc(OC(F)(F)Cl)cc4)cc(-c4cncnc4)c3n21,ZIFYQYNXVHYSIF,1,-1,-1,O=C(Nc1ccccc1)c1cc(-c2cncnc2)c2c(c1)nc1n2CCOC1,train
CHEMBL5786998,CSc1nc2cc(C(=O)Nc3ccc(OC(F)(F)Cl)cc3)cc(Br)c2n1[C@@H](C)[C@H](O)CO,CMRLBKNJYYUKGQ,1,-1,-1,O=C(Nc1ccccc1)c1ccc2[nH]cnc2c1,train
CHEMBL5787578,COc1nc2cc(C(=O)Nc3ccc(OC(F)(F)Cl)cc3)cc(-c3cncnc3)c2n1C(C)C,GEPFJYUCXBQCNM,1,-1,-1,O=C(Nc1ccccc1)c1cc(-c2cncnc2)c2[nH]cnc2c1,train
CHEMBL5789134,O=C1Nc2cc(OC(F)(F)F)ccc2Oc2ccc(-c3cccc(N4CC[C@H](O)C4)n3)cc21,NZWQXAVRTMTIQV,1,-1,-1,O=C1Nc2ccccc2Oc2ccc(-c3cccc(N4CCCC4)n3)cc21,train
CHEMBL5791020,Cc1ccncc1-c1ccc2nc(NC(=O)C3CC(F)C3)sc2c1,MDLDPPQZJPDLCR,1,-1,-1,O=C(Nc1nc2ccc(-c3cccnc3)cc2s1)C1CCC1,train
CHEMBL5792464,COc1nc2cc(C(=O)Nc3ccc(OC(F)(F)Cl)cc3)cc(-c3ccn[nH]3)c2n1C(C)C,XXDFSDVGHKLZPE,1,-1,-1,O=C(Nc1ccccc1)c1cc(-c2ccn[nH]2)c2[nH]cnc2c1,train
CHEMBL5792859,CC1(n2cnc3cc(C(=O)Nc4ccc(OC(F)(F)Cl)cc4)cc(-c4cncnc4)c32)CC1,OXMIVXSMFRCEQO,1,-1,-1,O=C(Nc1ccccc1)c1cc(-c2cncnc2)c2c(c1)ncn2C1CC1,train
CHEMBL5792986,C[C@@H](CO)n1cnc2cc(C(=O)Nc3ccc(OC(F)(F)Cl)cc3)cc(-c3cncnc3)c21,PRTQTTBBMUXAQF,1,-1,-1,O=C(Nc1ccccc1)c1cc(-c2cncnc2)c2[nH]cnc2c1,train
CHEMBL5793176,CC(C)n1c([C@H](C)O)nc2cc(C(=O)Nc3ccc(OC(F)(F)Cl)cc3)cc(-c3cccnn3)c21,CHCMCMRMXZSIER,1,-1,-1,O=C(Nc1ccccc1)c1cc(-c2cccnn2)c2[nH]cnc2c1,train
CHEMBL5793570,C[C@H](C(F)F)n1cnc2cc(C(=O)Nc3ccc(OC(F)(F)Cl)cc3)cc(-c3cccnn3)c21,HOAVJABVPZNMII,1,-1,-1,O=C(Nc1ccccc1)c1cc(-c2cccnn2)c2[nH]cnc2c1,train
CHEMBL5794010,O=C(Nc1ccc(OC(F)(F)Cl)cc1)c1cc(-c2ccn[nH]2)c2c(c1)nc1n2CCOC1,RMMOCHXQZMOZLE,1,-1,-1,O=C(Nc1ccccc1)c1cc(-c2ccn[nH]2)c2c(c1)nc1n2CCOC1,train
CHEMBL5794181,COc1ccc(NC(=O)C2=NN=C(c3cncc(-c4ccnc(Nc5cc(NC(=O)c6ccc(CN7CCN(C)CC7)cc6)ccc5C)n4)c3)C2)cc1,FQEYESALQSIRAQ,1,1,-1,O=C(Nc1ccccc1)C1=NN=C(c2cncc(-c3ccnc(Nc4cccc(NC(=O)c5ccc(CN6CCNCC6)cc5)c4)n3)c2)C1,train
CHEMBL5794320,Cc1ccncc1-c1ccc2nc(NC(=O)[C@@H]3C[C@@H]3F)c(C)n2c1,PMKAKQVNKQSRMI,1,-1,-1,O=C(Nc1cn2cc(-c3cccnc3)ccc2n1)C1CC1,train
CHEMBL5796191,O=C(Nc1ccc(OC(F)(F)Cl)cc1)c1cc(-c2cncnc2)c2c(c1)ncn2[C@H]1C[C@H](O)C1,DRLGQKRSNKZMSD,1,-1,-1,O=C(Nc1ccccc1)c1cc(-c2cncnc2)c2c(c1)ncn2C1CCC1,train
CHEMBL5796687,CC(=O)Nc1ccc(C)c(-c2ccc3nc(NC(=O)C4CC4)sc3c2)c1,HWDGBAXMYVUBPD,1,-1,-1,O=C(Nc1nc2ccc(-c3ccccc3)cc2s1)C1CC1,train
CHEMBL5798717,C[C@H](CO)n1cnc2cc(C(=O)Nc3ccc(OC(F)(F)Cl)cc3)cc(-c3ccn[nH]3)c21,TUKCOCCMXNPSGU,1,-1,-1,O=C(Nc1ccccc1)c1cc(-c2ccn[nH]2)c2[nH]cnc2c1,train
CHEMBL5800590,C[C@@H]1COCc2nc3cc(C(=O)Nc4ccc(OC(F)(F)Cl)cc4)cc(-c4cscn4)c3n21,JXZPCAGEZOGPMK,1,-1,-1,O=C(Nc1ccccc1)c1cc(-c2cscn2)c2c(c1)nc1n2CCOC1,train
CHEMBL5802235,Cc1ccc(O)cc1-c1ccc2nc(NC(=O)[C@@H]3C[C@@H]3F)sc2c1,WJUMXJCIOLETKL,1,-1,-1,O=C(Nc1nc2ccc(-c3ccccc3)cc2s1)C1CC1,train
CHEMBL5802281,C[C@@H]1COCc2nc3cc(C(=O)Nc4ccc(OC(F)(F)Cl)cc4)cc(-c4cnoc4)c3n21,CBYIRFSPAIUUNB,1,-1,-1,O=C(Nc1ccccc1)c1cc(-c2cnoc2)c2c(c1)nc1n2CCOC1,train
CHEMBL5802302,O=C(Nc1cn2cc(-c3cccc(F)c3-c3ccco3)ccc2n1)[C@@H]1C[C@@H]1F,LGTGXNSZSTYBOP,1,-1,-1,O=C(Nc1cn2cc(-c3ccccc3-c3ccco3)ccc2n1)C1CC1,train
CHEMBL5803161,Cc1c(F)cncc1-c1ccc2nc(NC(=O)C3CCC3)sc2c1,LWHYKVPTRMIUCI,1,-1,-1,O=C(Nc1nc2ccc(-c3cccnc3)cc2s1)C1CCC1,train
CHEMBL5804233,C[C@@H]1COCc2nc3cc(C(=O)Nc4ccc(OC(F)(F)Cl)cc4)cc(-c4[nH]ncc4F)c3n21,BOFNGKITSMNBOI,1,-1,-1,O=C(Nc1ccccc1)c1cc(-c2ccn[nH]2)c2c(c1)nc1n2CCOC1,train
CHEMBL5804919,C[C@H]1OCC[C@H]1n1cnc2cc(C(=O)Nc3ccc(OC(F)(F)Cl)cc3)cc(-c3cncnc3)c21,XOSXTEJCPXIBOV,1,-1,-1,O=C(Nc1ccccc1)c1cc(-c2cncnc2)c2c(c1)ncn2C1CCOC1,train
CHEMBL5805472,Cc1coc(NC(=O)C2=NN=C(c3cncc(-c4ccnc(Nc5cc(NC(=O)c6ccc(CN7CCN(C)CC7)cc6)ccc5C)n4)c3)C2)n1,YXWFENMECIODNR,1,1,-1,O=C(Nc1ncco1)C1=NN=C(c2cncc(-c3ccnc(Nc4cccc(NC(=O)c5ccc(CN6CCNCC6)cc5)c4)n3)c2)C1,train
CHEMBL5805831,O=C1Nc2cc(OC(F)(F)F)ccc2Nc2ccc(-c3cccc(C(=O)N4CCOCC4)c3)cc21,AXIUTFJLMXCBHM,1,-1,-1,O=C1Nc2ccccc2Nc2ccc(-c3cccc(C(=O)N4CCOCC4)c3)cc21,train
CHEMBL5806101,C#Cc1ccc(C)c(-c2ccc3nc(NC(=O)[C@@H]4C[C@@H]4F)sc3c2)c1,HBSDZKHKWNFFHJ,1,-1,-1,O=C(Nc1nc2ccc(-c3ccccc3)cc2s1)C1CC1,train
CHEMBL5807597,O=C(Nc1ccc(OC(F)(F)Cl)cc1)c1cc(-c2cncnc2)c2c(c1)ncn2C1CC[C@H]1O,JMPFPFUKFFDTKH,1,-1,-1,O=C(Nc1ccccc1)c1cc(-c2cncnc2)c2c(c1)ncn2C1CCC1,train
CHEMBL5809133,C[C@@H]1CCOc2nc3cc(C(=O)Nc4ccc(OC(F)(F)Cl)cc4)cc(-c4cccnn4)c3n21,KVSNOBXGMVEAEN,1,-1,-1,O=C(Nc1ccccc1)c1cc(-c2cccnn2)c2c(c1)nc1n2CCCO1,train
CHEMBL5809741,CC(C)n1cnc2cc(C(=O)Nc3ccc(OC(F)(F)Cl)cc3)c(F)c(Br)c21,PRGAZIUFCGOGFC,1,-1,-1,O=C(Nc1ccccc1)c1ccc2[nH]cnc2c1,train
CHEMBL5811808,O=C(Nc1ccc(OC(F)(F)Cl)cc1)c1cc(-c2cncnc2)c2c(c1)ncn2C[C@@H]1CCCO1,QVNODPWRHPKDGH,1,-1,-1,O=C(Nc1ccccc1)c1cc(-c2cncnc2)c2c(c1)ncn2CC1CCCO1,train
CHEMBL5812173,O=c1oc2nc(Nc3cccc(CS)c3)ncc2cc1-c1c(Cl)cccc1Cl,BYPHDUVMVYNLAK,1,-1,-1,O=c1oc2nc(Nc3ccccc3)ncc2cc1-c1ccccc1,train
CHEMBL5813056,O=C(Nc1ccc(OC(F)(F)Cl)cc1)c1cc(-c2cncnc2)c2c(c1)ncn2[C@H]1C[C@H](F)C1,MFIBCUZHCTYCHQ,1,-1,-1,O=C(Nc1ccccc1)c1cc(-c2cncnc2)c2c(c1)ncn2C1CCC1,train
CHEMBL5813241,CC(C)n1cnc2cc(C(=O)Nc3ccc(OC(F)(F)Cl)cc3)cc(C(N)=O)c21,RIPACNUQSZQTSH,1,-1,-1,O=C(Nc1ccccc1)c1ccc2[nH]cnc2c1,train
CHEMBL5814725,Cc1nc2cc(C(=O)Nc3ccc(OC(F)(F)Cl)cc3)cc(-c3cncnc3)c2n1C,HFAURYFAASRNNY,1,-1,-1,O=C(Nc1ccccc1)c1cc(-c2cncnc2)c2[nH]cnc2c1,train
CHEMBL5814814,O=C(Nc1ccc(OC(F)(F)Cl)cc1)c1cc(-c2ccn[nH]2)c2c(c1)nc1n2C[C@H](O)CC1,MGZSGMNMHTZJLY,1,-1,-1,O=C(Nc1ccccc1)c1cc(-c2ccn[nH]2)c2c(c1)nc1n2CCCC1,train
CHEMBL5816346,Cc1ccc(NC(=O)c2ccc(CN3CCN(C)CC3)cc2)cc1Nc1nccc(-c2cncc(-c3nccs3)c2)n1,CAAAKLVRRGRQHX,1,1,-1,O=C(Nc1cccc(Nc2nccc(-c3cncc(-c4nccs4)c3)n2)c1)c1ccc(CN2CCNCC2)cc1,train
CHEMBL5817206,O=C(Nc1ccc(OC(F)(F)Cl)cc1)c1cc(-c2cccnn2)c2c(c1)nc1n2C[C@@H](O)CC1,VBSJCLFQIJAKJT,1,-1,-1,O=C(Nc1ccccc1)c1cc(-c2cccnn2)c2c(c1)nc1n2CCCC1,train
CHEMBL5818318,C[C@@H]1CCOc2nc3cc(C(=O)Nc4ccc(OC(F)(F)Cl)cc4)cc(-c4[nH]ncc4F)c3n21,ZOZHHMYNTJGSGR,1,-1,-1,O=C(Nc1ccccc1)c1cc(-c2ccn[nH]2)c2c(c1)nc1n2CCCO1,train
CHEMBL5819164,O=C(Nc1ccc(OC(F)(F)Cl)cc1)c1cc(Br)c2c(c1)nc(C(F)F)n2C1CC1,UZNWMTQTOHTKKQ,1,-1,-1,O=C(Nc1ccccc1)c1ccc2c(c1)ncn2C1CC1,train
CHEMBL5820049,Cc1cc(F)ncc1-c1ccc2nc(NC(=O)[C@@H]3C[C@@H]3F)cn2c1,WEZBTQCZESWSRP,1,-1,-1,O=C(Nc1cn2cc(-c3cccnc3)ccc2n1)C1CC1,train
CHEMBL5820115,CS(=O)(=O)Nc1cccc(-c2ccc3c(c2)C(=O)Nc2cc(CO)ccc2O3)c1,QTVBAZXRBFIOON,0,-1,-1,O=C1Nc2ccccc2Oc2ccc(-c3ccccc3)cc21,train
CHEMBL5820246,CC(C1COC1)n1cnc2cc(C(=O)Nc3ccc(OC(F)(F)Cl)cc3)cc(-c3cncnc3)c21,KYEFERFLJVHJMW,1,-1,-1,O=C(Nc1ccccc1)c1cc(-c2cncnc2)c2c(c1)ncn2CC1COC1,train
CHEMBL5821850,O=C1Nc2cc(OC(F)(F)F)ccc2Oc2ccc(-c3cccc(CO)c3)cc21,BXVCJQNFAACLEM,0,-1,-1,O=C1Nc2ccccc2Oc2ccc(-c3ccccc3)cc21,train
CHEMBL5822426,CC(C)n1c([C@H](C)O)nc2cc(C(=O)Nc3ccc(OC(F)(F)Cl)cc3)cc(-c3ccn[nH]3)c21,ZGTQWBTZDSRSME,1,-1,-1,O=C(Nc1ccccc1)c1cc(-c2ccn[nH]2)c2[nH]cnc2c1,train
CHEMBL5823377,Cc1cccc(F)c1-c1ccc2nc(NC(=O)C3CC3(F)F)sc2c1,LTRMOHKNHZVSNB,1,-1,-1,O=C(Nc1nc2ccc(-c3ccccc3)cc2s1)C1CC1,train
CHEMBL5824497,C[C@@H](CF)n1cnc2cc(C(=O)Nc3ccc(OC(F)(F)Cl)cc3)cc(-c3cncnc3)c21,QCHBQPUGAKEWCE,1,-1,-1,O=C(Nc1ccccc1)c1cc(-c2cncnc2)c2[nH]cnc2c1,train
CHEMBL5826926,Cc1ccc(NC(=O)c2ccc(CN3CCN(C)CC3)cc2)cc1Nc1nccc(-c2cncc(C3=NN=C(C(=O)N4CCCC4)C3)c2)n1,NJLUOCLXYPXAHG,1,1,-1,O=C(Nc1cccc(Nc2nccc(-c3cncc(C4=NN=C(C(=O)N5CCCC5)C4)c3)n2)c1)c1ccc(CN2CCNCC2)cc1,train
CHEMBL5827619,O=C(Nc1ccc(OC(F)(F)Cl)cc1)c1cc(-c2cncnc2)c2[nH]cnc2c1,RYFDOQYQYVGHPN,1,-1,-1,O=C(Nc1ccccc1)c1cc(-c2cncnc2)c2[nH]cnc2c1,train
CHEMBL5828554,CCn1c(OC)nc2cc(C(=O)Nc3ccc(OC(F)(F)Cl)cc3)cc(-c3ccn[nH]3)c21,NSTRBEVJQFNPQT,1,-1,-1,O=C(Nc1ccccc1)c1cc(-c2ccn[nH]2)c2[nH]cnc2c1,train
CHEMBL5832508,Cc1cccc(C)c1-c1cc2cnc(Nc3cccc(N)c3)nc2oc1=O,IHVIEXIVISXFKR,1,-1,-1,O=c1oc2nc(Nc3ccccc3)ncc2cc1-c1ccccc1,train
CHEMBL5834707,CNc1c(Br)cc(C(=O)Nc2ccc(OC(F)(F)Cl)cc2)cc1NC(=O)CC(=O)OC,ZTRMYUUAKIMBTJ,1,-1,-1,O=C(Nc1ccccc1)c1ccccc1,train
CHEMBL5836865,CC(C)n1cnc2cc(C(=O)Nc3ccc(OC(F)(F)Cl)cc3)cc(-c3cncnc3)c21,AXNWCCPLNXNTHT,1,-1,-1,O=C(Nc1ccccc1)c1cc(-c2cncnc2)c2[nH]cnc2c1,train
CHEMBL5838310,Cc1ccc(NC(=O)c2ccc(CN3CCN(C)CC3)cc2)cc1Nc1nccc(-c2cncc(C3=NN=C(C(=O)Nc4[nH]ncc4C)C3)c2)n1,QCUODDVWGHBDKJ,1,1,-1,O=C(Nc1ccn[nH]1)C1=NN=C(c2cncc(-c3ccnc(Nc4cccc(NC(=O)c5ccc(CN6CCNCC6)cc5)c4)n3)c2)C1,train
CHEMBL5838571,O=C(Nc1ccc(OC(F)(F)Cl)cc1)c1cc(-c2cncnc2)c2c(c1)ncn2C1CCCC1,TWAIYIQSVFQDHP,1,-1,-1,O=C(Nc1ccccc1)c1cc(-c2cncnc2)c2c(c1)ncn2C1CCCC1,train
CHEMBL5838579,Cc1cccc(F)c1-c1ccc2nc(NC(=O)C3CC3)sc2c1,MSQUTPWXSWSBNX,1,-1,-1,O=C(Nc1nc2ccc(-c3ccccc3)cc2s1)C1CC1,train
CHEMBL5838810,Cc1ccnc(F)c1-c1ccc2nc(NC(=O)[C@@H]3C[C@@H]3F)sc2c1,MBCBBRBWPIDJOH,1,-1,-1,O=C(Nc1nc2ccc(-c3cccnc3)cc2s1)C1CC1,train
CHEMBL5839218,CC(=O)c1cc(C)c(-c2ccc3nc(NC(=O)[C@@H]4C[C@@H]4F)sc3c2)cn1,ZBQVFHOPFCBSCE,1,-1,-1,O=C(Nc1nc2ccc(-c3cccnc3)cc2s1)C1CC1,train
CHEMBL5839799,C[C@@H]1CSc2nc3cc(C(=O)Nc4ccc(OC(F)(F)Cl)cc4)cc(-c4ccn[nH]4)c3n21,CLUDREKWKCUKIF,1,-1,-1,O=C(Nc1ccccc1)c1cc(-c2ccn[nH]2)c2c(c1)nc1n2CCS1,train
CHEMBL5841002,C[C@@H]1Cn2c(nc3cc(C(=O)Nc4ccc(OC(F)(F)Cl)cc4)cc(-c4cncnc4)c32)CO1,HKAMGRFXSYYUMP,1,-1,-1,O=C(Nc1ccccc1)c1cc(-c2cncnc2)c2c(c1)nc1n2CCOC1,train
CHEMBL5841403,Cc1ccc(NC(=O)c2ccc(CN3CCN(C)CC3)cc2)cc1Nc1nccc(-c2cncc(-c3sncc3C)c2)n1,RUAMUEWFVAEXLC,1,1,-1,O=C(Nc1cccc(Nc2nccc(-c3cncc(-c4ccns4)c3)n2)c1)c1ccc(CN2CCNCC2)cc1,train
CHEMBL5842001,O=C(Nc1ccc(OC(F)(F)Cl)cc1)c1cc(-c2cncnc2)c2c(c1)nc1n2[C@H](CO)CCO1,UBXJFHOGQFPNSR,1,-1,-1,O=C(Nc1ccccc1)c1cc(-c2cncnc2)c2c(c1)nc1n2CCCO1,train
CHEMBL58421,CC[C@H](NC(=O)[C@H](Cc1ccc(P(=O)(O)O)cc1)NC(C)=O)C(=O)N(C)CCCC1CCCCC1,PALHYHNDIXXDKQ,0,-1,-1,O=C(CCc1ccccc1)NCC(=O)NCCCC1CCCCC1,train
CHEMBL5842761,CN1C(=O)c2ccc(-c3cccc(N(C)S(C)(=O)=O)c3)cc2Oc2ccc(OC(F)(F)F)cc21,OYJIFXOQVFLQDF,0,-1,-1,O=C1Nc2ccccc2Oc2cc(-c3ccccc3)ccc21,train
CHEMBL5843460,N#Cc1c(F)cccc1-c1ccc2nc(NC(=O)[C@@H]3C[C@@H]3F)cn2c1,NLXGPUYLEYEZDV,1,-1,-1,O=C(Nc1cn2cc(-c3ccccc3)ccc2n1)C1CC1,train
CHEMBL5844916,C[C@H](C(F)F)n1cnc2cc(C(=O)Nc3ccc(OC(F)(F)Cl)cc3)cc(-c3cncnc3)c21,BMYBZYNFHSITMK,1,-1,-1,O=C(Nc1ccccc1)c1cc(-c2cncnc2)c2[nH]cnc2c1,train
CHEMBL5845667,Cc1cccc(F)c1-c1ccc2nc(NC(=O)[C@@H]3C[C@@H]3F)c(Cl)n2c1,BCZRYISUUHVFEC,1,-1,-1,O=C(Nc1cn2cc(-c3ccccc3)ccc2n1)C1CC1,train
CHEMBL5848607,Cc1ccncc1-c1ccc2nc(NC(=O)[C@@H]3C[C@@H]3F)c(Cl)n2c1,SBBKATSTEMBITH,1,-1,-1,O=C(Nc1cn2cc(-c3cccnc3)ccc2n1)C1CC1,train
CHEMBL5851027,O=C1C[C@H](n2cnc3cc(C(=O)Nc4ccc(OC(F)(F)Cl)cc4)cc(-c4cncnc4)c32)CN1,CZOIQQDHLUKMSV,1,-1,-1,O=C1CC(n2cnc3cc(C(=O)Nc4ccccc4)cc(-c4cncnc4)c32)CN1,train
CHEMBL5851445,Cc1cc(CF)ncc1-c1ccc2nc(NC(=O)[C@@H]3C[C@@H]3F)sc2c1,OUDNYDFZIGIJBH,1,-1,-1,O=C(Nc1nc2ccc(-c3cccnc3)cc2s1)C1CC1,train
CHEMBL5851932,O=C1Nc2cc(OC(F)(F)F)ccc2Oc2ccc(CCCB(O)O)cc21,NMXMRDVNHGVOMW,0,-1,-1,O=C1Nc2ccccc2Oc2ccccc21,train
CHEMBL5853093,O.O=C(Nc1ccc(OC(F)(F)Cl)cc1)c1cc(-c2cccnn2)c2c(c1)nc1n2CCC[C@H]1O,KPZIIAFTTNGUEV,1,-1,-1,O=C(Nc1ccccc1)c1cc(-c2cccnn2)c2c(c1)nc1n2CCCC1,train
CHEMBL5853972,Cc1c(F)cccc1-c1ccc2nc(NC(=O)C3CCC3)cn2c1,RMHCPURYCHBPLB,1,-1,-1,O=C(Nc1cn2cc(-c3ccccc3)ccc2n1)C1CCC1,train
CHEMBL5854167,CC(C)n1cnc2cc(C(=O)Nc3ccc(OC(F)(F)Cl)cc3)cc(-c3cscn3)c21,NIOLDGWHUZUZPQ,1,-1,-1,O=C(Nc1ccccc1)c1cc(-c2cscn2)c2[nH]cnc2c1,train
CHEMBL5856554,O=C(Nc1ccc(OC(F)(F)Cl)cc1)c1cc(-c2cccnn2)c2c(c1)nc1n2[C@H](CO)CO1,NWKZUUBGZLTBSL,1,-1,-1,O=C(Nc1ccccc1)c1cc(-c2cccnn2)c2c(c1)nc1n2CCO1,train
CHEMBL585666,Cn1c(=O)c(-c2c(Cl)cccc2Cl)cc2cnc(Nc3ccc(OC4OC(CO)C(O)C(O)C4O)cc3)nc21,APPAUNZXIPSWAS,1,1,-1,O=c1[nH]c2nc(Nc3ccc(OC4CCCCO4)cc3)ncc2cc1-c1ccccc1,train
CHEMBL5858162,Cc1ccc(NC(=O)c2ccc(CN3CCNCC3)cc2)cc1Nc1nccc(-c2cncc(-c3ccccn3)c2)n1,JSAIPLUIDULEAD,1,1,-1,O=C(Nc1cccc(Nc2nccc(-c3cncc(-c4ccccn4)c3)n2)c1)c1ccc(CN2CCNCC2)cc1,train
CHEMBL5859067,CCn1c(C(F)F)nc2cc(C(=O)Nc3ccc(OC(F)(F)Cl)cc3)cc(-c3ccnnc3)c21,AOBUCIPCCRFBOZ,1,-1,-1,O=C(Nc1ccccc1)c1cc(-c2ccnnc2)c2[nH]cnc2c1,train
CHEMBL5860130,Cc1ncncc1-c1ccc2nc(NC(=O)[C@@H]3C[C@@H]3F)sc2c1,QEAMKTFUFYDFAV,1,-1,-1,O=C(Nc1nc2ccc(-c3cncnc3)cc2s1)C1CC1,train
CHEMBL5860607,CC(C)(O)Cn1cnc2cc(C(=O)Nc3ccc(OC(F)(F)Cl)cc3)cc(-c3cncnc3)c21,BGFLXSUVLRYWKQ,1,-1,-1,O=C(Nc1ccccc1)c1cc(-c2cncnc2)c2[nH]cnc2c1,train
CHEMBL5860627,CC(C)n1nc(-c2ccc3cc(OCc4ccc(C(C)(C)C)cc4)ccc3c2)c2c(N)ncnc21,HUVZTPCJKNXREB,1,-1,-1,c1ccc(COc2ccc3cc(-c4n[nH]c5ncncc45)ccc3c2)cc1,train
CHEMBL5861480,C[C@@H]1COCc2nc3cc(C(=O)Nc4ccc(OC(F)(F)Cl)cc4)cc(Br)c3n21,PEOQTXPZHPCTGG,1,-1,-1,O=C(Nc1ccccc1)c1ccc2c(c1)nc1n2CCOC1,train
CHEMBL5865654,Cc1cc(C(F)(F)F)ncc1-c1ccc2nc(NC(=O)[C@@H]3C[C@@H]3F)sc2c1,PTDKKYOVXZBBKS,1,-1,-1,O=C(Nc1nc2ccc(-c3cccnc3)cc2s1)C1CC1,train
CHEMBL5865726,Cc1ccc2c(c1-c1ccc3nc(NC(=O)[C@@H]4C[C@@H]4F)sc3c1)CCN2,VWPZOFPTQXZYTA,1,0,-1,O=C(Nc1nc2ccc(-c3cccc4c3CCN4)cc2s1)C1CC1,train
CHEMBL5870330,CC(C)n1cnc2cc(C(=O)Nc3ccc(OC(F)(F)Cl)cc3)cc(-c3n[nH]cc3O)c21,MSPMZXZZMLFXBH,1,-1,-1,O=C(Nc1ccccc1)c1cc(-c2cc[nH]n2)c2[nH]cnc2c1,train
CHEMBL5870516,CCn1c([C@H](C)O)nc2cc(C(=O)Nc3ccc(OC(F)(F)Cl)cc3)cc(-c3ccn[nH]3)c21,ZSLCDSLWMLDQSO,1,-1,-1,O=C(Nc1ccccc1)c1cc(-c2ccn[nH]2)c2[nH]cnc2c1,train
CHEMBL5872245,C[C@@H]1COCc2nc3cc(C(=O)Nc4ccc(OC(F)(F)Cl)cc4)cc(-c4csc(C#N)n4)c3n21,GLEATNQORVQDBF,1,-1,-1,O=C(Nc1ccccc1)c1cc(-c2cscn2)c2c(c1)nc1n2CCOC1,train
CHEMBL5872414,Cc1c(F)cncc1-c1ccc2nc(NC(=O)C3CC3)sc2c1,PGPAYKVQFOKRCW,1,-1,-1,O=C(Nc1nc2ccc(-c3cccnc3)cc2s1)C1CC1,train
CHEMBL5873023,C[C@H](CO)n1c(C(F)F)nc2cc(C(=O)Nc3ccc(OC(F)(F)Cl)cc3)cc(-c3cncnc3)c21,MTFOIMMCUOJPHL,1,-1,-1,O=C(Nc1ccccc1)c1cc(-c2cncnc2)c2[nH]cnc2c1,train
CHEMBL5873756,CC(=O)Nc1ccc(C)c(-c2ccc3nc(NC(=O)[C@@H]4C[C@@H]4F)cn3c2)c1,YJTUMWSGGUZEFI,1,-1,-1,O=C(Nc1cn2cc(-c3ccccc3)ccc2n1)C1CC1,train
CHEMBL5877561,O=C1Nc2cc(OC(F)(F)F)ccc2Oc2ccc(CCB(O)O)cc21,NJEFICQJEHUMGC,0,-1,-1,O=C1Nc2ccccc2Oc2ccccc21,train
CHEMBL5878237,C[C@@H](O)Cn1cnc2cc(C(=O)Nc3ccc(OC(F)(F)Cl)cc3)cc(-c3cncnc3)c21,WVCWFTPGMWAZDE,1,-1,-1,O=C(Nc1ccccc1)c1cc(-c2cncnc2)c2[nH]cnc2c1,train
CHEMBL5878397,Cc1c(F)cncc1-c1ccc2nc(NC(=O)[C@@H]3C[C@@H]3F)c(Cl)n2c1,VLOFWEOKJAWSOS,1,-1,-1,O=C(Nc1cn2cc(-c3cccnc3)ccc2n1)C1CC1,train
CHEMBL5878555,O=C(Nc1ccc(OC(F)(F)Cl)cc1)c1cc(-c2cncnc2)c2c(c1)ncn2[C@@H]1COC[C@@H]1O,DVGOZIUUSLOKKO,1,-1,-1,O=C(Nc1ccccc1)c1cc(-c2cncnc2)c2c(c1)ncn2C1CCOC1,train
CHEMBL5878653,Cc1cccc(F)c1-c1ccc2nc(NC(=O)[C@@H]3C[C@@H]3CO)sc2c1,OKVMXHZCFNEBFK,1,-1,-1,O=C(Nc1nc2ccc(-c3ccccc3)cc2s1)C1CC1,train
CHEMBL5880185,C[C@H](n1cnc2cc(C(=O)Nc3ccc(OC(F)(F)Cl)cc3)cc(-c3cncnc3)c21)C(C)(C)O,CMSGQHMTXSNXJD,1,-1,-1,O=C(Nc1ccccc1)c1cc(-c2cncnc2)c2[nH]cnc2c1,train
CHEMBL5884242,Cc1nnc(-c2cncc(-c3ccnc(Nc4cc(NC(=O)c5ccc(CN6CCN(C)CC6)cc5)ccc4C)n3)c2)s1,VSCYVMFGKQHZQG,1,1,-1,O=C(Nc1cccc(Nc2nccc(-c3cncc(-c4nncs4)c3)n2)c1)c1ccc(CN2CCNCC2)cc1,train
CHEMBL5885010,C[C@@H](CF)n1c(C(F)F)nc2cc(C(=O)Nc3ccc(OC(F)(F)Cl)cc3)cc(-c3cncnc3)c21,NTSZYMZKJNINOT,1,-1,-1,O=C(Nc1ccccc1)c1cc(-c2cncnc2)c2[nH]cnc2c1,train
CHEMBL5885975,CC(C)n1c([C@H](C)O)nc2cc(C(=O)Nc3ccc(OC(F)(F)Cl)cc3)cc(-c3cncnc3)c21,CVNJJTDTADCKKG,1,-1,-1,O=C(Nc1ccccc1)c1cc(-c2cncnc2)c2[nH]cnc2c1,train
CHEMBL5887188,C[C@@H](CF)n1cnc2cc(C(=O)Nc3ccc(OC(F)(F)Cl)cc3)cc(-c3ccn[nH]3)c21,ATOBCMYHXGQAAO,1,-1,-1,O=C(Nc1ccccc1)c1cc(-c2ccn[nH]2)c2[nH]cnc2c1,train
CHEMBL5888408,Cn1c(C(C)(C)O)nc2cc(C(=O)Nc3ccc(OC(F)(F)Cl)cc3)cc(-c3cncnc3)c21,PXBXXGMXVUJZDN,1,-1,-1,O=C(Nc1ccccc1)c1cc(-c2cncnc2)c2[nH]cnc2c1,train
CHEMBL5890855,Cc1cc(NC(=O)C2=NN=C(c3cncc(-c4ccnc(Nc5cc(NC(=O)c6ccc(CN7CCN(C)CC7)cc6)ccc5C)n4)c3)C2)[nH]n1,FYTNSFVHUFSPDY,1,1,-1,O=C(Nc1ccn[nH]1)C1=NN=C(c2cncc(-c3ccnc(Nc4cccc(NC(=O)c5ccc(CN6CCNCC6)cc5)c4)n3)c2)C1,train
CHEMBL5891024,Cc1ccc(NC(=O)c2ccc(CN3CCN(C)CC3)cc2)cc1Nc1nccc(-c2cncc(C3=NN=C(C(=O)Nc4ncco4)C3)c2)n1,UHEXEECCTNTZTE,1,1,-1,O=C(Nc1ncco1)C1=NN=C(c2cncc(-c3ccnc(Nc4cccc(NC(=O)c5ccc(CN6CCNCC6)cc5)c4)n3)c2)C1,train
CHEMBL5891328,Cc1c(-c2ccc3nc(NC(=O)[C@@H]4C[C@@H]4F)sc3c2)ccc2cn[nH]c12,FHWNKIZHTPHTRC,1,-1,-1,O=C(Nc1nc2ccc(-c3ccc4cn[nH]c4c3)cc2s1)C1CC1,train
CHEMBL5891431,Cc1ccc(C(C)(C)O)cc1-c1ccc2nc(NC(=O)[C@@H]3C[C@@H]3F)sc2c1,HOBZHRIFYVYKHM,1,-1,-1,O=C(Nc1nc2ccc(-c3ccccc3)cc2s1)C1CC1,train
CHEMBL5891531,O=C(Nc1ccc(OC(F)(F)Cl)cc1)c1cc(-c2ccn[nH]2)c2c(c1)nc1n2CCC[C@@H]1O,RQGWLSGIZDXUSB,1,-1,-1,O=C(Nc1ccccc1)c1cc(-c2ccn[nH]2)c2c(c1)nc1n2CCCC1,train
CHEMBL5891956,NC(=O)c1cccc(-c2ccc3c(c2)C(=O)Nc2cc(OC(F)(F)F)ccc2N3)c1,FSMVGYVLWGNMOO,0,-1,-1,O=C1Nc2ccccc2Nc2ccc(-c3ccccc3)cc21,train
CHEMBL5893045,CN(C)S(=O)(=O)c1cccc(-c2ccc3c(c2)C(=O)Nc2cc(OC(F)(F)F)ccc2O3)c1,ZJYAAHHFEYSDBG,1,-1,-1,O=C1Nc2ccccc2Oc2ccc(-c3ccccc3)cc21,train
CHEMBL5898041,Cc1nsc(-c2ccc3nc(NC(=O)[C@@H]4C[C@@H]4F)sc3c2)c1C,QRAPYTBEQQQOFW,1,-1,-1,O=C(Nc1nc2ccc(-c3ccns3)cc2s1)C1CC1,train
CHEMBL5900011,Nc1ccc(-c2ccc3nc(NC(=O)[C@@H]4C[C@@H]4F)cn3c2)cn1,WJEAROLZOUZMPP,1,-1,-1,O=C(Nc1cn2cc(-c3cccnc3)ccc2n1)C1CC1,train
CHEMBL5900286,O=C(Nc1nc2ccc(-c3cnccc3CO)cc2s1)[C@@H]1C[C@@H]1F,BHGAKKXKSKYVDM,1,-1,-1,O=C(Nc1nc2ccc(-c3cccnc3)cc2s1)C1CC1,train
CHEMBL5901058,CC(C)n1cnc2cc(C(=O)Nc3ccc(OC(F)(F)Cl)cc3)cc(-c3cccnn3)c21,DYTGMPHXZKAEER,1,-1,-1,O=C(Nc1ccccc1)c1cc(-c2cccnn2)c2[nH]cnc2c1,train
CHEMBL5902082,Nc1ccc(-c2ccc3nc(NC(=O)C4CC4)sc3c2)cn1,ZPARLIKVROGSKE,1,-1,-1,O=C(Nc1nc2ccc(-c3cccnc3)cc2s1)C1CC1,train
CHEMBL5902948,N#Cc1ccc2c(c1)NC(=O)c1cc(-c3ccnc(N4CCOCC4)c3)ccc1O2,DPZLLUJHMCOBIZ,1,-1,-1,O=C1Nc2ccccc2Oc2ccc(-c3ccnc(N4CCOCC4)c3)cc21,train
CHEMBL5903035,O=C(Nc1ccc(OC(F)(F)Cl)cc1)c1cc(-c2cncnc2)c2c(c1)ncn2CC1COC1,ZNTLAUBFQCFUFC,1,-1,-1,O=C(Nc1ccccc1)c1cc(-c2cncnc2)c2c(c1)ncn2CC1COC1,train
CHEMBL5903057,CC(=O)c1c(F)cccc1-c1ccc2nc(NC(=O)[C@@H]3C[C@@H]3F)cn2c1,QFNRYOBADNZVKG,1,-1,-1,O=C(Nc1cn2cc(-c3ccccc3)ccc2n1)C1CC1,train
CHEMBL59036,Cc1ccc(C(=O)Nc2cccc(Nc3nccc(-c4cccnc4)n3)c2)cc1,QGIRAHZKAGRURU,1,-1,-1,O=C(Nc1cccc(Nc2nccc(-c3cccnc3)n2)c1)c1ccccc1,train
CHEMBL5903717,COCCOCc1c(F)cccc1-c1ccc2nc(NC(=O)[C@@H]3C[C@@H]3F)cn2c1,VIQMKNOGQPLVRW,1,-1,-1,O=C(Nc1cn2cc(-c3ccccc3)ccc2n1)C1CC1,train
CHEMBL5906823,O=C(Nc1ccc(OC(F)(F)Cl)cc1)c1cc(-c2ccn[nH]2)c2c(c1)nc1n2C[C@H](O)CO1,JINCZJLUPRREFO,1,-1,-1,O=C(Nc1ccccc1)c1cc(-c2ccn[nH]2)c2c(c1)nc1n2CCCO1,train
CHEMBL5907060,C[C@@H]1[C@H](O)COc2nc3cc(C(=O)Nc4ccc(OC(F)(F)Cl)cc4)cc(-c4ccn[nH]4)c3n21,FTBLTAUWCBGOCO,1,-1,-1,O=C(Nc1ccccc1)c1cc(-c2ccn[nH]2)c2c(c1)nc1n2CCCO1,train
CHEMBL5908611,[C-]#[N+]c1cccc(Nc2ncc3cc(-c4c(Cl)cccc4Cl)c(=O)oc3n2)c1,FAFOTNJCIQRUCI,1,-1,-1,O=c1oc2nc(Nc3ccccc3)ncc2cc1-c1ccccc1,train
CHEMBL5909389,O=C(Nc1ccc(OC(F)(F)Cl)cc1)c1cc(-c2cncnc2)c2c(c1)ncn2C1CC(F)(F)C1,ZDESOHKIMJDQFC,1,-1,-1,O=C(Nc1ccccc1)c1cc(-c2cncnc2)c2c(c1)ncn2C1CCC1,train
CHEMBL59099,NCCCNC(=O)c1cccc(Nc2nccc(-c3cccnc3)n2)c1,VGAJUPSWPIGTMF,1,-1,-1,c1ccc(Nc2nccc(-c3cccnc3)n2)cc1,train
CHEMBL5909927,CC(C)n1cnc2cc(C(=O)Nc3ccc(OC(F)(F)Cl)cc3)cc(-c3ccn(C)n3)c21,IGELPTLZEWSDSK,1,-1,-1,O=C(Nc1ccccc1)c1cc(-c2cc[nH]n2)c2[nH]cnc2c1,train
CHEMBL5910064,O=C(Nc1ccc(OC(F)(F)Cl)cc1)c1cc(-c2ccn[nH]2)c2c(c1)nc1n2C[C@@H](O)CO1,JINCZJLUPRREFO,1,-1,-1,O=C(Nc1ccccc1)c1cc(-c2ccn[nH]2)c2c(c1)nc1n2CCCO1,train
CHEMBL5914584,COc1nc2cc(C(=O)Nc3ccc(OC(F)(F)Cl)cc3)cc(-c3cncnc3)c2n1[C@H](C)CO,KWUSWWVUFCSAJF,1,-1,-1,O=C(Nc1ccccc1)c1cc(-c2cncnc2)c2[nH]cnc2c1,train
CHEMBL5914813,O=C1Nc2cc(OC(F)(F)F)ccc2Oc2ccc(-c3cccc(N4CC[C@@H](O)C4)n3)cc21,NZWQXAVRTMTIQV,1,-1,-1,O=C1Nc2ccccc2Oc2ccc(-c3cccc(N4CCCC4)n3)cc21,train
CHEMBL5914830,Cc1ccc(NC(=O)c2ccc(CN3CCN(C)CC3)cc2)cc1Nc1nccc(-c2cncc(C3=NN=C(C(=O)Nc4cc(C(N)=O)n[nH]4)C3)c2)n1,DACQLXDKBYZOIO,1,1,-1,O=C(Nc1ccn[nH]1)C1=NN=C(c2cncc(-c3ccnc(Nc4cccc(NC(=O)c5ccc(CN6CCNCC6)cc5)c4)n3)c2)C1,train
CHEMBL5915572,C[C@H]1Cn2c(nc3cc(C(=O)Nc4ccc(OC(F)(F)Cl)cc4)cc(-c4cncnc4)c32)CO1,HKAMGRFXSYYUMP,1,-1,-1,O=C(Nc1ccccc1)c1cc(-c2cncnc2)c2c(c1)nc1n2CCOC1,train
CHEMBL5916037,CCn1c(CO)nc2cc(C(=O)Nc3ccc(OC(F)(F)Cl)cc3)cc(-c3ccn[nH]3)c21,YCMTUADMXXSIJW,1,-1,-1,O=C(Nc1ccccc1)c1cc(-c2ccn[nH]2)c2[nH]cnc2c1,train
CHEMBL5916453,C[C@@H]1COCc2nc3cc(C(=O)Nc4ccc(OC(F)(F)Cl)cc4)cc(-c4cc(C#N)n[nH]4)c3n21,RJXZTJRDDBZECJ,1,-1,-1,O=C(Nc1ccccc1)c1cc(-c2ccn[nH]2)c2c(c1)nc1n2CCOC1,train
CHEMBL5917841,Cc1c(O)cccc1-c1ccc2nc(NC(=O)[C@@H]3C[C@@H]3F)sc2c1,MBGWSLGJUQDACI,1,-1,-1,O=C(Nc1nc2ccc(-c3ccccc3)cc2s1)C1CC1,train
CHEMBL5917882,Cc1ccncc1-c1ccc2nc(NC(=O)[C@@H]3C[C@@H]3F)cn2c1,COWHLOGPEGRMOS,1,-1,-1,O=C(Nc1cn2cc(-c3cccnc3)ccc2n1)C1CC1,train
CHEMBL5918885,CN1C(=O)c2ccc(-c3cccc(NS(C)(=O)=O)c3)cc2Oc2ccc(OC(F)(F)F)cc21,SGPHZXXFVNTFNE,0,-1,-1,O=C1Nc2ccccc2Oc2cc(-c3ccccc3)ccc21,train
CHEMBL5920082,C[C@H](CO)n1cnc2cc(C(=O)Nc3ccc(OC(F)(F)Cl)cc3)cc(-c3cncnc3)c21,PRTQTTBBMUXAQF,1,-1,-1,O=C(Nc1ccccc1)c1cc(-c2cncnc2)c2[nH]cnc2c1,train
CHEMBL5921329,CC(C)n1c(C(F)F)nc2cc(C(=O)Nc3ccc(OC(F)(F)Cl)cc3)cc(-c3cncnc3)c21,GIFKTWWSTQONCU,1,-1,-1,O=C(Nc1ccccc1)c1cc(-c2cncnc2)c2[nH]cnc2c1,train
CHEMBL5923569,Cc1ccnc(Cl)c1-c1ccc2nc(NC(=O)[C@@H]3C[C@@H]3F)sc2c1,DQYQBMXKLGHNLA,1,-1,-1,O=C(Nc1nc2ccc(-c3cccnc3)cc2s1)C1CC1,train
CHEMBL5923739,N#CCn1cc(-c2ccc3c(c2)C(=O)Nc2cc(OC(F)(F)F)ccc2O3)cn1,LVNFHKDDXJJFOV,0,-1,-1,O=C1Nc2ccccc2Oc2ccc(-c3cn[nH]c3)cc21,train
CHEMBL5925822,CC(C)n1c(C(F)F)nc2cc(C(=O)Nc3ccc(OC(F)(F)Cl)cc3)cc(-c3cnsc3)c21,CUAKGWPJKKJQHH,1,-1,-1,O=C(Nc1ccccc1)c1cc(-c2cnsc2)c2[nH]cnc2c1,train
CHEMBL5925830,Cc1ccnc(-c2cncc(-c3ccnc(Nc4cc(NC(=O)c5ccc(CN6CCN(C)CC6)cc5)ccc4C)n3)c2)c1,AKRIJSSBKYPXID,1,1,-1,O=C(Nc1cccc(Nc2nccc(-c3cncc(-c4ccccn4)c3)n2)c1)c1ccc(CN2CCNCC2)cc1,train
CHEMBL5926374,Cc1cc(Nc2ncc3cc(-c4c(Cl)cccc4Cl)c(=O)oc3n2)ccc1F,FPTSVINIMZOYRF,1,-1,-1,O=c1oc2nc(Nc3ccccc3)ncc2cc1-c1ccccc1,train
CHEMBL5927204,CC(=O)N1CCc2c1ccc(C)c2-c1ccc2nc(NC(=O)[C@@H]3C[C@@H]3F)sc2c1,MCYIVRQLSUZJFI,1,-1,-1,O=C(Nc1nc2ccc(-c3cccc4c3CCN4)cc2s1)C1CC1,train
CHEMBL5927334,C[C@H](C(F)F)n1cnc2cc(C(=O)Nc3ccc(OC(F)(F)Cl)cc3)cc(-c3ccn[nH]3)c21,JHUOFPIRKKLGOG,1,-1,-1,O=C(Nc1ccccc1)c1cc(-c2ccn[nH]2)c2[nH]cnc2c1,train
CHEMBL5930540,O=C(Nc1ccc(OC(F)(F)Cl)cc1)c1cc(-c2cccnn2)c2c(c1)nc1n2[C@H](CO)COC1,WUODGACGVWSLTP,1,-1,-1,O=C(Nc1ccccc1)c1cc(-c2cccnn2)c2c(c1)nc1n2CCOC1,train
CHEMBL5931947,Cc1c(F)cccc1-c1ccc2nc(NC(=O)C3CC(F)C3)cn2c1,YISURKKUAGVOIV,1,-1,-1,O=C(Nc1cn2cc(-c3ccccc3)ccc2n1)C1CCC1,train
CHEMBL5932426,Cc1cccc2[nH]c(-c3nn(C(C)C)c4ncnc(N)c34)cc12,HEDDQUIXAAICJH,1,-1,-1,c1ccc2[nH]c(-c3n[nH]c4ncncc34)cc2c1,train
CHEMBL5932454,O=C(Nc1ccc(OC(F)(F)Cl)cc1)c1cc(-c2cncnc2)c2c(c1)ncn2[C@@H]1CCOC1,SPSDCHATWMDHKN,1,-1,-1,O=C(Nc1ccccc1)c1cc(-c2cncnc2)c2c(c1)ncn2C1CCOC1,train
CHEMBL5932588,C[C@H](CF)n1c(C(F)F)nc2cc(C(=O)Nc3ccc(OC(F)(F)Cl)cc3)cc(-c3ccn[nH]3)c21,FQWJQIWICAZVNL,1,-1,-1,O=C(Nc1ccccc1)c1cc(-c2ccn[nH]2)c2[nH]cnc2c1,train
CHEMBL5934662,Cc1nc2c(-c3cncnc3)cc(C(=O)Nc3ccc(OC(F)(F)Cl)cc3)cc2n1C,VGPQMJXNYLLSOT,1,-1,-1,O=C(Nc1ccccc1)c1cc(-c2cncnc2)c2nc[nH]c2c1,train
CHEMBL5934999,Cc1cc(-c2cncc(-c3ccnc(Nc4cc(NC(=O)c5ccc(CN6CCN(C)CC6)cc5)ccc4C)n3)c2)sn1,PKDOQGUKLRAMEF,1,1,-1,O=C(Nc1cccc(Nc2nccc(-c3cncc(-c4ccns4)c3)n2)c1)c1ccc(CN2CCNCC2)cc1,train
CHEMBL5936577,CN(C)c1ccc(Nc2ncc3cc(-c4c(Cl)cccc4Cl)c(=O)oc3n2)cc1,TZGDXRZZRNDZNH,1,-1,-1,O=c1oc2nc(Nc3ccccc3)ncc2cc1-c1ccccc1,train
CHEMBL5937667,Cc1ccc(-c2cncc(-c3ccnc(Nc4cc(NC(=O)c5ccc(CN6CCN(C)CC6)cc5)ccc4C)n3)c2)nc1,YXTDYCAIPCZQMK,1,1,-1,O=C(Nc1cccc(Nc2nccc(-c3cncc(-c4ccccn4)c3)n2)c1)c1ccc(CN2CCNCC2)cc1,train
CHEMBL5938459,C[C@@H]1COc2nc3cc(C(=O)Nc4ccc(OC(F)(F)Cl)cc4)cc(-c4cccnn4)c3n21,NEIXOEOTOUWAOI,1,-1,-1,O=C(Nc1ccccc1)c1cc(-c2cccnn2)c2c(c1)nc1n2CCO1,train
CHEMBL5939199,O=C(Nc1cn2cc(-c3ccccc3C(F)(F)F)ccc2n1)[C@@H]1C[C@@H]1F,ICZWAAFXIPYVLI,1,-1,-1,O=C(Nc1cn2cc(-c3ccccc3)ccc2n1)C1CC1,train
CHEMBL5939318,C[C@H](C1CC1)n1cnc2cc(C(=O)Nc3ccc(OC(F)(F)Cl)cc3)cc(-c3cncnc3)c21,AKQQEJPWRQCYSX,1,-1,-1,O=C(Nc1ccccc1)c1cc(-c2cncnc2)c2c(c1)ncn2CC1CC1,train
CHEMBL5940515,Cc1c(F)cncc1-c1ccc2nc(NC(=O)[C@@H]3C[C@@H]3F)c(C)n2c1,VEDBCSCUKDKYRG,1,-1,-1,O=C(Nc1cn2cc(-c3cccnc3)ccc2n1)C1CC1,train
CHEMBL5941479,Cc1c[nH]c2ncc(-c3ccc4nc(NC(=O)C5CC5)sc4c3)cc12,UCEFCUHNKCFKJE,1,-1,-1,O=C(Nc1nc2ccc(-c3cnc4[nH]ccc4c3)cc2s1)C1CC1,train
CHEMBL5941886,Cc1c(F)cncc1-c1ccc2nc(NC(=O)C3CC(F)C3)sc2c1,IQIWRNFVRCOVDP,1,-1,-1,O=C(Nc1nc2ccc(-c3cccnc3)cc2s1)C1CCC1,train
CHEMBL5942322,O=C(Nc1ccc(OC(F)(F)Cl)cc1)c1cc(-c2cncnc2)c2c(c1)ncn2CC1CC1,FRLFYSHRFQXXGA,1,-1,-1,O=C(Nc1ccccc1)c1cc(-c2cncnc2)c2c(c1)ncn2CC1CC1,train
CHEMBL5942411,C[C@@H]1COCc2nc3cc(C(=O)Nc4ccc(OC(F)(F)Cl)cc4)cc(-c4cncs4)c3n21,RSQVCIYKJMMZDX,1,-1,-1,O=C(Nc1ccccc1)c1cc(-c2cncs2)c2c(c1)nc1n2CCOC1,train
CHEMBL5942715,Cc1ccncc1-c1ccc2nc(NC(=O)C3CC(F)(F)C3)sc2c1,QVWYNWBHYWNMMW,1,-1,-1,O=C(Nc1nc2ccc(-c3cccnc3)cc2s1)C1CCC1,train
CHEMBL5944812,O=C(Nc1ccc(OC(F)(F)Cl)cc1)c1cc(-c2cncnc2)c2c(c1)nc1n2[C@H](CO)COC1,UDFFRXXPDSPBRE,1,-1,-1,O=C(Nc1ccccc1)c1cc(-c2cncnc2)c2c(c1)nc1n2CCOC1,train
CHEMBL5945348,Cc1ccc2[nH]cnc2c1-c1ccc2nc(NC(=O)[C@@H]3C[C@@H]3F)cn2c1,IJCFSLHOPNWJSK,1,-1,-1,O=C(Nc1cn2cc(-c3cccc4[nH]cnc34)ccc2n1)C1CC1,train
CHEMBL5946082,Cc1nc2cc(C(=O)Nc3ccc(OC(F)(F)Cl)cc3)cc(-c3cncnc3)c2n1C(C)C,HYBJFDGUGJGKSQ,1,-1,-1,O=C(Nc1ccccc1)c1cc(-c2cncnc2)c2[nH]cnc2c1,train
CHEMBL5947712,Cc1cccc(F)c1-c1ccc2nc(NC(=O)C3CC(F)(F)C3)sc2c1,BUOCDGUSJCUCDA,1,-1,-1,O=C(Nc1nc2ccc(-c3ccccc3)cc2s1)C1CCC1,train
CHEMBL5949279,CC(C)n1cnc2cc(C(=O)Nc3ccc(OC(F)(F)Cl)cc3)cc(-c3noc(=O)[nH]3)c21,WELMQGYYKWQVML,1,-1,-1,O=C(Nc1ccccc1)c1cc(-c2noc(=O)[nH]2)c2[nH]cnc2c1,train
CHEMBL5949326,COc1nc2cc(C(=O)Nc3ccc(OC(F)(F)Cl)cc3)cc(-c3ccn[nH]3)c2n1[C@H](C)CO,IUTWRYMBWXMOTM,1,-1,-1,O=C(Nc1ccccc1)c1cc(-c2ccn[nH]2)c2[nH]cnc2c1,train
CHEMBL5949927,COc1ncc(-c2cc(C(=O)Nc3ccc(OC(F)(F)Cl)cc3)cc3ncn(C4CC4)c23)cn1,GHROTMCCLXBVTK,1,-1,-1,O=C(Nc1ccccc1)c1cc(-c2cncnc2)c2c(c1)ncn2C1CC1,train
CHEMBL5951027,O=C(Nc1ccc(OC(F)(F)Cl)cc1)c1cc(-c2cncnc2)c2c(c1)nc1n2CC[C@H](O)C1,PEULMECLCHWIRA,1,-1,-1,O=C(Nc1ccccc1)c1cc(-c2cncnc2)c2c(c1)nc1n2CCCC1,train
CHEMBL5951797,C[C@H](CF)n1cnc2cc(C(=O)Nc3ccc(OC(F)(F)Cl)cc3)cc(-c3cncnc3)c21,QCHBQPUGAKEWCE,1,-1,-1,O=C(Nc1ccccc1)c1cc(-c2cncnc2)c2[nH]cnc2c1,train
CHEMBL5953174,O=C(Nc1ccc(OC(F)(F)Cl)cc1)c1cc(-c2cncnc2)c2c(c1)ncn2[C@H]1C[C@@H](F)C1,MFIBCUZHCTYCHQ,1,-1,-1,O=C(Nc1ccccc1)c1cc(-c2cncnc2)c2c(c1)ncn2C1CCC1,train
CHEMBL5953248,Cc1ccc(NC(=O)c2ccc(CN3CCN(C)CC3)cc2)cc1Nc1nccc(-c2cncc(C3=NN=C(C(=O)Nc4ccn[nH]4)C3)c2)n1,AGENIADQYCDWLP,1,1,-1,O=C(Nc1ccn[nH]1)C1=NN=C(c2cncc(-c3ccnc(Nc4cccc(NC(=O)c5ccc(CN6CCNCC6)cc5)c4)n3)c2)C1,train
CHEMBL5953875,O=C(Nc1ccc(OC(F)(F)Cl)cc1)c1cc(-c2cncnc2)c2c(c1)ncn2C1CCOC1,SPSDCHATWMDHKN,1,-1,-1,O=C(Nc1ccccc1)c1cc(-c2cncnc2)c2c(c1)ncn2C1CCOC1,train
CHEMBL5956365,C[C@@H](CF)n1c(C(F)F)nc2cc(C(=O)Nc3ccc(OC(F)(F)Cl)cc3)cc(-c3ccn[nH]3)c21,FQWJQIWICAZVNL,1,-1,-1,O=C(Nc1ccccc1)c1cc(-c2ccn[nH]2)c2[nH]cnc2c1,train
CHEMBL5957068,O=C(Nc1ccc(OC(F)(F)Cl)cc1)c1cc(-c2ccn[nH]2)c2c(c1)nc1n2[C@H](CO)COC1,GQDODWWKUPWRFW,1,-1,-1,O=C(Nc1ccccc1)c1cc(-c2ccn[nH]2)c2c(c1)nc1n2CCOC1,train
CHEMBL5957155,CC(C)n1cnc2cc(C(=O)Nc3ccc(OC(F)(F)Cl)cc3)cc(-c3n[nH]cc3C#N)c21,OQWNETGKVYQEAX,1,-1,-1,O=C(Nc1ccccc1)c1cc(-c2cc[nH]n2)c2[nH]cnc2c1,train
CHEMBL5957227,CS(=O)(=O)Nc1cccc(-c2ccc3c(c2)Oc2cc(OC(F)(F)F)ccc2NC3=O)c1,HXFRQSQCGLOGPV,0,-1,-1,O=C1Nc2ccccc2Oc2cc(-c3ccccc3)ccc21,train
CHEMBL5959851,Cc1nc(-c2cc(C(=O)Nc3ccc(OC(F)(F)Cl)cc3)cc3nc4n(c23)[C@H](C)COC4)cs1,LDLCFIHKUUOCHY,1,-1,-1,O=C(Nc1ccccc1)c1cc(-c2cscn2)c2c(c1)nc1n2CCOC1,train
CHEMBL5960415,CC(=O)Nc1cccc(Nc2ncc3cc(-c4c(Cl)cccc4Cl)c(=O)oc3n2)c1,OTIFFLYFMOMLHZ,1,-1,-1,O=c1oc2nc(Nc3ccccc3)ncc2cc1-c1ccccc1,train
CHEMBL5960689,COC[C@@H](C)n1cnc2cc(C(=O)Nc3ccc(OC(F)(F)Cl)cc3)cc(-c3cncnc3)c21,CHEWGTPWZMEDRP,1,-1,-1,O=C(Nc1ccccc1)c1cc(-c2cncnc2)c2[nH]cnc2c1,train
CHEMBL5960791,C[C@@H]1COCc2nc3cc(C(=O)Nc4ccc(OC(F)(F)Cl)cc4)cc(-c4cccnn4)c3n21,VKGCIOSZJQKDKN,1,-1,-1,O=C(Nc1ccccc1)c1cc(-c2cccnn2)c2c(c1)nc1n2CCOC1,train
CHEMBL5961553,CN(C)CCNC(=O)c1cccc(-c2ccc3c(c2)C(=O)Nc2cc(OC(F)(F)F)ccc2N3)c1,ZWZSMYNVFUVXRA,0,-1,-1,O=C1Nc2ccccc2Nc2ccc(-c3ccccc3)cc21,train
CHEMBL5962277,Cc1c(CO)cncc1-c1ccc2nc(NC(=O)[C@@H]3C[C@@H]3F)sc2c1,WTSUAHIBRZBFJY,1,-1,-1,O=C(Nc1nc2ccc(-c3cccnc3)cc2s1)C1CC1,train
CHEMBL5962484,Cc1cccc(F)c1-c1ccc2nc(NC(=O)C3C[C@H]3CO)sc2c1,OKVMXHZCFNEBFK,1,-1,-1,O=C(Nc1nc2ccc(-c3ccccc3)cc2s1)C1CC1,train
CHEMBL5964426,Cc1c(F)cccc1-c1ccc2nc(NC(=O)[C@@H]3C[C@@H]3F)c(Cl)n2c1,WRXKCNIVRTVEQV,1,-1,-1,O=C(Nc1cn2cc(-c3ccccc3)ccc2n1)C1CC1,train
CHEMBL5964893,Cc1cnc(-c2cncc(-c3ccnc(Nc4cc(NC(=O)c5ccc(CN6CCN(C)CC6)cc5)ccc4C)n3)c2)s1,CAMZXNIVTYLQCA,1,1,-1,O=C(Nc1cccc(Nc2nccc(-c3cncc(-c4nccs4)c3)n2)c1)c1ccc(CN2CCNCC2)cc1,train
CHEMBL5967260,CNC(=O)c1cc(NC(=O)C2=NN=C(c3cncc(-c4ccnc(Nc5cc(NC(=O)c6ccc(CN7CCN(C)CC7)cc6)ccc5C)n4)c3)C2)[nH]n1,UWHYTXRXDYNHKS,1,1,-1,O=C(Nc1ccn[nH]1)C1=NN=C(c2cncc(-c3ccnc(Nc4cccc(NC(=O)c5ccc(CN6CCNCC6)cc5)c4)n3)c2)C1,train
CHEMBL5968076,Cc1ccc(C#N)cc1-c1ccc2nc(NC(=O)[C@@H]3C[C@@H]3F)sc2c1,NQGODUNKIPTMRT,1,-1,-1,O=C(Nc1nc2ccc(-c3ccccc3)cc2s1)C1CC1,train
CHEMBL5968106,O=C(Nc1ccc(OC(F)(F)Cl)cc1)c1cc(-c2cncnc2)c2c(c1)ncn2C1CC(O)C1,DRLGQKRSNKZMSD,1,-1,-1,O=C(Nc1ccccc1)c1cc(-c2cncnc2)c2c(c1)ncn2C1CCC1,train
CHEMBL5970078,O=C(Nc1ccc(OC(F)(F)Cl)cc1)c1cc(-c2cncnc2)c2c(c1)ncn2CC(F)F,YGROTECFTJMFBU,1,-1,-1,O=C(Nc1ccccc1)c1cc(-c2cncnc2)c2[nH]cnc2c1,train
CHEMBL5970225,CCn1c([C@H](C)O)nc2cc(C(=O)Nc3ccc(OC(F)(F)Cl)cc3)cc(-c3cnoc3)c21,WFSQDNAYBGKJLP,1,-1,-1,O=C(Nc1ccccc1)c1cc(-c2cnoc2)c2[nH]cnc2c1,train
CHEMBL5970516,CCn1c(OC)nc2cc(C(=O)Nc3ccc(OC(F)(F)Cl)cc3)cc(-c3cncnc3)c21,VFXYTVJSDPFXQO,1,-1,-1,O=C(Nc1ccccc1)c1cc(-c2cncnc2)c2[nH]cnc2c1,train
CHEMBL5971475,CCn1c([C@H](C)O)nc2cc(C(=O)Nc3ccc(OC(F)(F)Cl)cc3)cc(-c3cncnc3)c21,NTZNUGKAAHONQH,1,-1,-1,O=C(Nc1ccccc1)c1cc(-c2cncnc2)c2[nH]cnc2c1,train
CHEMBL5973988,Cc1cc(N)nc(C)c1-c1ccc2nc(NC(=O)[C@@H]3C[C@@H]3F)sc2c1,JJGBCAZQKWQYON,1,-1,-1,O=C(Nc1nc2ccc(-c3cccnc3)cc2s1)C1CC1,train
CHEMBL5974298,CNS(=O)(=O)c1cccc(-c2ccc3c(c2)C(=O)Nc2cc(OC(F)(F)F)ccc2O3)c1,ZHDDUSVGTZYXIU,1,-1,-1,O=C1Nc2ccccc2Oc2ccc(-c3ccccc3)cc21,train
CHEMBL5975001,O=C(Nc1ccc(OC(F)(F)Cl)cc1)c1cc(-c2cncnc2)c2c(c1)nc1n2CCC[C@H]1O,AYXCCWLMARXDTG,1,-1,-1,O=C(Nc1ccccc1)c1cc(-c2cncnc2)c2c(c1)nc1n2CCCC1,train
CHEMBL5975178,Cn1c(C2CC2)nc2cc(C(=O)Nc3ccc(OC(F)(F)Cl)cc3)cc(-c3cncnc3)c21,DWJMLTHBHYSIHX,1,-1,-1,O=C(Nc1ccccc1)c1cc(-c2cncnc2)c2[nH]c(C3CC3)nc2c1,train
CHEMBL5975201,Cc1cc(Cl)ncc1-c1ccc2nc(NC(=O)[C@@H]3C[C@@H]3F)sc2c1,WBOFKNDBDSNHFK,1,-1,-1,O=C(Nc1nc2ccc(-c3cccnc3)cc2s1)C1CC1,train
CHEMBL5975212,CCn1c([C@H](C)O)nc2cc(C(=O)Nc3ccc(OC(F)(F)Cl)cc3)cc(-c3cccnn3)c21,KHXCKVMVESOBHB,1,-1,-1,O=C(Nc1ccccc1)c1cc(-c2cccnn2)c2[nH]cnc2c1,train
CHEMBL5975506,O=C(Nc1ccc(OC(F)(F)Cl)cc1)c1cc(-c2cncnc2)c2c(c1)nc1n2C[C@@H](O)CO1,ACTPPPZUVGZQQF,1,-1,-1,O=C(Nc1ccccc1)c1cc(-c2cncnc2)c2c(c1)nc1n2CCCO1,train
CHEMBL5976988,CN1C(=O)c2cc(-c3cccc(NS(C)(=O)=O)c3)ccc2Oc2ccc(OC(F)(F)F)cc21,JWTNVDYPEDBJQK,0,-1,-1,O=C1Nc2ccccc2Oc2ccc(-c3ccccc3)cc21,train
CHEMBL5980653,CN1CCN(C(=O)c2cccc(-c3ccc4c(c3)C(=O)Nc3cc(OC(F)(F)F)ccc3O4)c2)CC1,UMSZUEJIEMLDQZ,0,-1,-1,O=C1Nc2ccccc2Oc2ccc(-c3cccc(C(=O)N4CCNCC4)c3)cc21,train
CHEMBL5982552,Cc1ccc(C#Cc2ccccn2)cc1-c1ccc2nc(NC(=O)[C@@H]3C[C@@H]3F)sc2c1,ILSITRXXAPFTEA,1,-1,-1,O=C(Nc1nc2ccc(-c3cccc(C#Cc4ccccn4)c3)cc2s1)C1CC1,train
CHEMBL5983795,O=C(Nc1ccc(OC(F)(F)Cl)cc1)c1cc(-c2ccn[nH]2)c2c(c1)nc1n2CCC[C@H]1O,RQGWLSGIZDXUSB,1,-1,-1,O=C(Nc1ccccc1)c1cc(-c2ccn[nH]2)c2c(c1)nc1n2CCCC1,train
CHEMBL5983799,O=C(Nc1ccc(OC(F)(F)Cl)cc1)c1cc(-c2cncnc2)c2c(c1)ncn2C1(CO)CC1,YCKLWWIKAONNMI,1,-1,-1,O=C(Nc1ccccc1)c1cc(-c2cncnc2)c2c(c1)ncn2C1CC1,train
CHEMBL5983846,O=C(Nc1ccc(OC(F)(F)Cl)cc1)c1cc(-c2cccnn2)c2c(c1)ncn2CC(F)F,UXXFHESWLVJWQI,1,-1,-1,O=C(Nc1ccccc1)c1cc(-c2cccnn2)c2[nH]cnc2c1,train
CHEMBL5984043,Cc1ccc2ncsc2c1-c1ccc2nc(NC(=O)[C@@H]3C[C@@H]3F)sc2c1,LZFKSWNHYFIJNS,1,-1,-1,O=C(Nc1nc2ccc(-c3cccc4ncsc34)cc2s1)C1CC1,train
CHEMBL5985479,NC(=O)c1cccc(-c2ccc3c(c2)C(=O)Nc2cc(OC(F)(F)F)ccc2O3)c1,AGMAOBRIMMDVRX,0,-1,-1,O=C1Nc2ccccc2Oc2ccc(-c3ccccc3)cc21,train
CHEMBL5985992,C[C@@H]1COCc2nc3cc(C(=O)Nc4ccc(OC(F)(F)F)cc4)cc(-c4ccn[nH]4)c3n21,PJHUCTXFNPTPHX,1,-1,-1,O=C(Nc1ccccc1)c1cc(-c2ccn[nH]2)c2c(c1)nc1n2CCOC1,train
CHEMBL5987518,Cc1cn[nH]c1-c1cc(C(=O)Nc2ccc(OC(F)(F)Cl)cc2)cc2nc3n(c12)[C@H](C)COC3,HTXGDIPOELGCGJ,1,-1,-1,O=C(Nc1ccccc1)c1cc(-c2ccn[nH]2)c2c(c1)nc1n2CCOC1,train
CHEMBL5988563,COc1cccc(NC(=O)C2=NN=C(c3cncc(-c4ccnc(Nc5cc(NC(=O)c6ccc(CN7CCN(C)CC7)cc6)ccc5C)n4)c3)C2)c1,OBLBAQUXHOPUQG,1,1,-1,O=C(Nc1ccccc1)C1=NN=C(c2cncc(-c3ccnc(Nc4cccc(NC(=O)c5ccc(CN6CCNCC6)cc5)c4)n3)c2)C1,train
CHEMBL5994060,Cc1ccc(NC(=O)c2ccc(CN3CCN(C)CC3)cc2)cc1Nc1nccc(-c2cncc(-c3ccns3)c2)n1,ZTVQNBOBFFHIID,1,1,-1,O=C(Nc1cccc(Nc2nccc(-c3cncc(-c4ccns4)c3)n2)c1)c1ccc(CN2CCNCC2)cc1,train
CHEMBL5994365,C[C@@H](C1CC1)n1cnc2cc(C(=O)Nc3ccc(OC(F)(F)Cl)cc3)cc(-c3cncnc3)c21,AKQQEJPWRQCYSX,1,-1,-1,O=C(Nc1ccccc1)c1cc(-c2cncnc2)c2c(c1)ncn2CC1CC1,train
CHEMBL5994401,C[C@@H]1COCc2nc3cc(C(=O)Nc4ccc(OC(F)(F)Cl)cc4)cc(-c4[nH]ncc4C#N)c3n21,PFCPZACPVIQLFT,1,-1,-1,O=C(Nc1ccccc1)c1cc(-c2ccn[nH]2)c2c(c1)nc1n2CCOC1,train
CHEMBL5994971,Cc1cc(C(C)O)ncc1-c1ccc2nc(NC(=O)[C@@H]3C[C@@H]3F)sc2c1,ZOKTVLGLWXHTCT,1,-1,-1,O=C(Nc1nc2ccc(-c3cccnc3)cc2s1)C1CC1,train
CHEMBL5996204,CC(C)n1c(C(F)F)nc2cc(C(=O)Nc3ccc(OC(F)(F)Cl)cc3)cc(-c3cccnn3)c21,VBGXJIKIBGJDQO,1,-1,-1,O=C(Nc1ccccc1)c1cc(-c2cccnn2)c2[nH]cnc2c1,train
CHEMBL5996276,C[C@@H]1COCc2nc3cc(C(=O)Nc4ccc(OC(F)(F)F)cc4)cc(-c4cncnc4)c3n21,BJCMKRJHCVZHCV,1,-1,-1,O=C(Nc1ccccc1)c1cc(-c2cncnc2)c2c(c1)nc1n2CCOC1,train
CHEMBL5996615,C[C@@H]1COCc2nc3cc(C(=O)Nc4ccc(OC(F)(F)Cl)cc4)cc(N4CCC4)c3n21,IIPBAFNASZHPMY,1,-1,-1,O=C(Nc1ccccc1)c1cc(N2CCC2)c2c(c1)nc1n2CCOC1,train
CHEMBL5997882,C[C@@H](C(F)F)n1cnc2cc(C(=O)Nc3ccc(OC(F)(F)Cl)cc3)cc(-c3ccn[nH]3)c21,JHUOFPIRKKLGOG,1,-1,-1,O=C(Nc1ccccc1)c1cc(-c2ccn[nH]2)c2[nH]cnc2c1,train
CHEMBL5997973,C[C@@H]1COCc2nc3cc(C(=O)Nc4ccc(OC(F)(F)Cl)cc4)cc(-c4ccn[nH]4)c3n21,HWFMQRFURPEXJJ,1,-1,-1,O=C(Nc1ccccc1)c1cc(-c2ccn[nH]2)c2c(c1)nc1n2CCOC1,train
CHEMBL5998409,O=C(Nc1ccc(OC(F)(F)Cl)cc1)c1cc(-c2cncnc2)c2c(c1)ncn2[C@H]1COC[C@@H]1O,DVGOZIUUSLOKKO,1,-1,-1,O=C(Nc1ccccc1)c1cc(-c2cncnc2)c2c(c1)ncn2C1CCOC1,train
CHEMBL6000166,Cc1cccc(F)c1-c1ccc2nc(NC(=O)[C@@H]3C[C@@H]3F)c(C)n2c1,MJXOANVGMNJWLC,1,-1,-1,O=C(Nc1cn2cc(-c3ccccc3)ccc2n1)C1CC1,train
CHEMBL6001350,Cc1csc(-c2cncc(-c3ccnc(Nc4cc(NC(=O)c5ccc(CN6CCN(C)CC6)cc5)ccc4C)n3)c2)n1,UUUZEMLVABCSCR,1,1,-1,O=C(Nc1cccc(Nc2nccc(-c3cncc(-c4nccs4)c3)n2)c1)c1ccc(CN2CCNCC2)cc1,train
CHEMBL6003233,CC(=O)NCc1c(F)cccc1-c1ccc2nc(NC(=O)[C@@H]3C[C@@H]3F)cn2c1,DAZGZGHPMMXEDD,1,-1,-1,O=C(Nc1cn2cc(-c3ccccc3)ccc2n1)C1CC1,train
CHEMBL6003639,COC(=O)c1cc(Br)c(NCC2(O[Si](c3ccccc3)(c3ccccc3)C(C)(C)C)CC2)c([N+](=O)[O-])c1,BNTQGGTWLNQAPC,1,-1,-1,c1ccc(NCC2(O[SiH](c3ccccc3)c3ccccc3)CC2)cc1,train
CHEMBL6005206,CC(C)c1c(F)cccc1-c1ccc2nc(NC(=O)[C@@H]3C[C@@H]3F)cn2c1,CFUNUVPICYLQPO,1,-1,-1,O=C(Nc1cn2cc(-c3ccccc3)ccc2n1)C1CC1,train
CHEMBL6005484,COc1ncc(-c2cc(C(=O)Nc3ccc(OC(F)(F)Cl)cc3)cc3ncn(C(C)C)c23)cn1,BTEQUAFDCROZKE,1,-1,-1,O=C(Nc1ccccc1)c1cc(-c2cncnc2)c2[nH]cnc2c1,train
CHEMBL6005559,Cc1cccc(F)c1-c1ccc2nc(NC(=O)[C@H]3C[C@H]3CO)sc2c1,OKVMXHZCFNEBFK,1,-1,-1,O=C(Nc1nc2ccc(-c3ccccc3)cc2s1)C1CC1,train
CHEMBL6006110,Cc1cccc(NC(=O)C2=NN=C(c3cncc(-c4ccnc(Nc5cc(NC(=O)c6ccc(CN7CCN(C)CC7)cc6)ccc5C)n4)c3)C2)c1,IJFFMXZETMQIDH,1,1,-1,O=C(Nc1ccccc1)C1=NN=C(c2cncc(-c3ccnc(Nc4cccc(NC(=O)c5ccc(CN6CCNCC6)cc5)c4)n3)c2)C1,train
CHEMBL6006609,CC(C)n1cnc2cc(C(=O)Nc3ccc(OC(F)(F)Cl)cc3)cc(-c3ccnn3C)c21,JSRQXRDCECTONI,1,-1,-1,O=C(Nc1ccccc1)c1cc(-c2ccn[nH]2)c2[nH]cnc2c1,train
CHEMBL6007885,Cc1nc2c(-c3cncc(F)c3)cc(C(=O)Nc3ccc(OC(F)(F)Cl)cc3)cc2n1C,AXALNAAWYDIGAU,1,-1,-1,O=C(Nc1ccccc1)c1cc(-c2cccnc2)c2nc[nH]c2c1,train
CHEMBL6008259,Cc1ccc(NC(=O)c2ccc(CN3CCN(C)CC3)cc2)cc1Nc1nccc(-c2cncc(-c3cnsc3)c2)n1,RQMAVXSBMSSQDJ,1,1,-1,O=C(Nc1cccc(Nc2nccc(-c3cncc(-c4cnsc4)c3)n2)c1)c1ccc(CN2CCNCC2)cc1,train
CHEMBL6008570,O=C1Cc2ccc(-c3ccc4nc(NC(=O)[C@@H]5C[C@@H]5F)cn4c3)cc2N1,UHJNVILGXSALKF,1,-1,-1,O=C1Cc2ccc(-c3ccc4nc(NC(=O)C5CC5)cn4c3)cc2N1,train
CHEMBL6009512,CC(C)n1c([C@@H](C)O)nc2cc(C(=O)Nc3ccc(OC(F)(F)Cl)cc3)cc(-c3ccn[nH]3)c21,ZGTQWBTZDSRSME,1,-1,-1,O=C(Nc1ccccc1)c1cc(-c2ccn[nH]2)c2[nH]cnc2c1,train
CHEMBL6010910,O=C(Nc1ccc(S(F)(F)(F)(F)F)cc1)c1cnc(N2CC[C@@H](O)C2)c(-c2cncc(F)c2)c1,QBHXSCZDUUTMQI,1,-1,-1,O=C(Nc1ccccc1)c1cnc(N2CCCC2)c(-c2cccnc2)c1,train
CHEMBL6011312,CN1C(=O)c2cc(-c3cccc(N(C)S(C)(=O)=O)c3)ccc2Oc2ccc(OC(F)(F)F)cc21,HGCLLSHWACEOFP,0,-1,-1,O=C1Nc2ccccc2Oc2ccc(-c3ccccc3)cc21,train
CHEMBL6011357,Cn1c(C(F)F)nc2c(-c3cncnc3)cc(C(=O)Nc3ccc(OC(F)(F)Cl)cc3)cc21,JETJEHYPJBLXFI,1,-1,-1,O=C(Nc1ccccc1)c1cc(-c2cncnc2)c2nc[nH]c2c1,train
CHEMBL6011433,C=C(C)c1ccc(C)c(-c2ccc3nc(NC(=O)[C@@H]4C[C@@H]4F)sc3c2)c1,PRKSRBXBOUMMKD,1,0,-1,O=C(Nc1nc2ccc(-c3ccccc3)cc2s1)C1CC1,train
CHEMBL6011619,Cc1cccc(F)c1-c1ccc2nc(NC(=O)[C@H]3C[C@@H](F)C3)sc2c1,MWEPYJJWVYSRAE,1,-1,-1,O=C(Nc1nc2ccc(-c3ccccc3)cc2s1)C1CCC1,train
CHEMBL6012556,C[C@H](C(F)F)n1cnc2cc(C(=O)Nc3ccc(OC(F)(F)Cl)cc3)cc(-c3ccnnc3)c21,DCRSWRXYHGUTFA,1,-1,-1,O=C(Nc1ccccc1)c1cc(-c2ccnnc2)c2[nH]cnc2c1,train
CHEMBL6013920,CC(C)n1c(C(F)F)nc2cc(C(=O)Nc3ccc(OC(F)(F)Cl)cc3)cc(-c3cscn3)c21,LTFVBNVRGUPWJI,1,-1,-1,O=C(Nc1ccccc1)c1cc(-c2cscn2)c2[nH]cnc2c1,train
CHEMBL6014093,C[C@H](CF)n1c(C(F)F)nc2cc(C(=O)Nc3ccc(OC(F)(F)Cl)cc3)cc(-c3cncnc3)c21,NTSZYMZKJNINOT,1,-1,-1,O=C(Nc1ccccc1)c1cc(-c2cncnc2)c2[nH]cnc2c1,train
CHEMBL6014687,CC(C)n1c(C(F)F)nc2cc(C(=O)Nc3ccc(OC(F)(F)Cl)cc3)cc(-c3ccnnc3)c21,KUQIKXRRVQOSMR,1,-1,-1,O=C(Nc1ccccc1)c1cc(-c2ccnnc2)c2[nH]cnc2c1,train
CHEMBL6014810,O=C(Nc1cn2cc(-c3cccc(F)c3COCCO)ccc2n1)[C@@H]1C[C@@H]1F,MUCCEFIYUNZMOE,1,-1,-1,O=C(Nc1cn2cc(-c3ccccc3)ccc2n1)C1CC1,train
CHEMBL6015174,C[C@@H](C(F)F)n1cnc2cc(C(=O)Nc3ccc(OC(F)(F)Cl)cc3)cc(-c3cncnc3)c21,BMYBZYNFHSITMK,1,-1,-1,O=C(Nc1ccccc1)c1cc(-c2cncnc2)c2[nH]cnc2c1,train
CHEMBL6015719,Cc1c(F)cncc1-c1ccc2nc(NC(=O)C3C[C@H]3CO)sc2c1,WDENCMFNCZBOEP,1,-1,-1,O=C(Nc1nc2ccc(-c3cccnc3)cc2s1)C1CC1,train
CHEMBL6018215,C[C@]1(O)CCCN(c2c(Br)cc(C(=O)Nc3ccc(OC(F)(F)Cl)cc3)cc2[N+](=O)[O-])C1,GFVVVIVALREXAZ,1,-1,-1,O=C(Nc1ccccc1)c1ccc(N2CCCCC2)cc1,train
CHEMBL6018546,CN(C)C1CCN(CCn2nc(-c3cnc4[nH]ccc4c3)c3c(N)ncnc32)CC1,MJQGHLODJHABRA,1,-1,-1,c1ncc2c(-c3cnc4[nH]ccc4c3)nn(CCN3CCCCC3)c2n1,train
CHEMBL6018936,Cc1c(F)cncc1-c1ccc2nc(NC(=O)C3CC(F)(F)C3)sc2c1,PENNKPZNKMYPTB,1,-1,-1,O=C(Nc1nc2ccc(-c3cccnc3)cc2s1)C1CCC1,train
CHEMBL6019188,Cc1cccc(F)c1-c1ccc2nc(NC(=O)C3CCC3)sc2c1,QWQMWGCNKYZPQU,1,-1,-1,O=C(Nc1nc2ccc(-c3ccccc3)cc2s1)C1CCC1,train
CHEMBL6019354,Cc1nc2cc(C(=O)Nc3ccc(OC(F)(F)Cl)cc3)cc(-c3cccnn3)c2n1[C@H](C)CO,WDDWJULWDGKQMB,1,-1,-1,O=C(Nc1ccccc1)c1cc(-c2cccnn2)c2[nH]cnc2c1,train
CHEMBL6019840,CC(=O)Nc1cccc(Nc2ncc3cc(-c4c(C)cccc4C)c(=O)oc3n2)c1,YRVDTEKVCFQZIE,1,-1,-1,O=c1oc2nc(Nc3ccccc3)ncc2cc1-c1ccccc1,train
CHEMBL6020115,O=C1Nc2cc(OCC(F)(F)F)ccc2Oc2ccc(-c3ccnc(N4CCOCC4)c3)cc21,HNJBOSDNMZYCJJ,1,-1,-1,O=C1Nc2ccccc2Oc2ccc(-c3ccnc(N4CCOCC4)c3)cc21,train
CHEMBL602074,Cc1cc(C)c(/C=C2\C(=O)Nc3ccc(-c4cccnc4)cc32)[nH]1,BHEHWPCMASWZFW,0,-1,-1,O=C1Nc2ccc(-c3cccnc3)cc2C1=Cc1ccc[nH]1,train
CHEMBL6021500,CC(C)n1c(C(F)F)nc2cc(C(=O)Nc3ccc(OC(F)(F)Cl)cc3)cc(-c3ccn[nH]3)c21,ZPKMLWMQOLVASB,1,-1,-1,O=C(Nc1ccccc1)c1cc(-c2ccn[nH]2)c2[nH]cnc2c1,train
CHEMBL6022103,C[C@H](O)Cn1cnc2cc(C(=O)Nc3ccc(OC(F)(F)Cl)cc3)cc(-c3cncnc3)c21,WVCWFTPGMWAZDE,1,-1,-1,O=C(Nc1ccccc1)c1cc(-c2cncnc2)c2[nH]cnc2c1,train
CHEMBL6023048,O=C(Nc1ccc(OC(F)(F)Cl)cc1)c1cc(-c2cncnc2)c2c(c1)ncn2[C@H]1COC[C@H]1O,DVGOZIUUSLOKKO,1,-1,-1,O=C(Nc1ccccc1)c1cc(-c2cncnc2)c2c(c1)ncn2C1CCOC1,train
CHEMBL6023916,O=C(Nc1cn2cc(-c3cnccc3Cl)ccc2n1)[C@@H]1C[C@@H]1F,JAXPOXBSVKSIEC,1,-1,-1,O=C(Nc1cn2cc(-c3cccnc3)ccc2n1)C1CC1,train
CHEMBL6024074,CN(CCO)c1cc(-c2ccc3c(c2)C(=O)Nc2cc(OC(F)(F)F)ccc2O3)ccn1,PVHCSIQOBGXMHY,1,-1,-1,O=C1Nc2ccccc2Oc2ccc(-c3ccncc3)cc21,train
CHEMBL602471,C[C@@H](Oc1ccc2ncc(/C=C/C(N)=O)cc2c1)c1c(Cl)ccc(F)c1Cl,OIOZTIQUNWLFQV,0,0,-1,c1ccc(COc2ccc3ncccc3c2)cc1,train
CHEMBL6025517,CCn1cnc2cc(C(=O)Nc3ccc(OC(F)(F)Cl)cc3)cc(-c3ccn[nH]3)c21,DLZUPXGPCWUOQR,1,-1,-1,O=C(Nc1ccccc1)c1cc(-c2ccn[nH]2)c2[nH]cnc2c1,train
CHEMBL6025738,C[C@H](CO)n1cnc2cc(C(=O)Nc3ccc(OC(F)(F)Cl)cc3)cc(-c3cccnn3)c21,AEHUMGLWFAMHEX,1,-1,-1,O=C(Nc1ccccc1)c1cc(-c2cccnn2)c2[nH]cnc2c1,train
CHEMBL6030053,C[C@@H](CC#N)n1cnc2cc(C(=O)Nc3ccc(OC(F)(F)Cl)cc3)cc(-c3cncnc3)c21,GTCGKSKFLJXACX,1,-1,-1,O=C(Nc1ccccc1)c1cc(-c2cncnc2)c2[nH]cnc2c1,train
CHEMBL6030257,Cc1c(F)cccc1-c1ccc2nc(NC(=O)[C@@H]3C[C@@H]3F)c(Br)n2c1,HJGWYBNIPPFLJM,1,-1,-1,O=C(Nc1cn2cc(-c3ccccc3)ccc2n1)C1CC1,train
CHEMBL6030812,CN(C)c1c(F)cccc1-c1ccc2nc(NC(=O)[C@@H]3C[C@@H]3F)cn2c1,NJFSYDNLBJMAFJ,1,-1,-1,O=C(Nc1cn2cc(-c3ccccc3)ccc2n1)C1CC1,train
CHEMBL6030952,O=C(Nc1ccc(OC(F)(F)Cl)cc1)c1cc(-c2cncnc2)c2c(c1)ncn2C[C@H]1CCCO1,QVNODPWRHPKDGH,1,-1,-1,O=C(Nc1ccccc1)c1cc(-c2cncnc2)c2c(c1)ncn2CC1CCCO1,train
CHEMBL6032245,NCCNC(=O)c1cccc(-c2ccc3c(c2)C(=O)Nc2cc(OC(F)(F)F)ccc2N3)c1,VUZNOTLBBQMPGD,0,-1,-1,O=C1Nc2ccccc2Nc2ccc(-c3ccccc3)cc21,train
CHEMBL6033775,C[C@@H]1CCOc2nc3cc(C(=O)Nc4ccc(OC(F)(F)Cl)cc4)cc(-c4cncnc4)c3n21,VOWYIQCGNDZKAR,1,-1,-1,O=C(Nc1ccccc1)c1cc(-c2cncnc2)c2c(c1)nc1n2CCCO1,train
CHEMBL6036681,Cc1nc2cc(C(=O)Nc3ccc(OC(F)(F)Cl)cc3)cc(-c3cncnc3)c2n1C1CC1,ZMSPINSEWYFRIT,1,-1,-1,O=C(Nc1ccccc1)c1cc(-c2cncnc2)c2c(c1)ncn2C1CC1,train
CHEMBL6036907,O=C(Nc1ccc(OC(F)(F)Cl)cc1)c1cc(-c2ccn[nH]2)c2c(c1)nc1n2C[C@@H](O)CC1,MGZSGMNMHTZJLY,1,-1,-1,O=C(Nc1ccccc1)c1cc(-c2ccn[nH]2)c2c(c1)nc1n2CCCC1,train
CHEMBL6036939,CS(=O)(=O)Nc1cccc(-c2ccc3c(c2)C(=O)Nc2cc(OC(F)(F)F)ccc2O3)c1,QNARWRAZOKJFIV,1,-1,-1,O=C1Nc2ccccc2Oc2ccc(-c3ccccc3)cc21,train
CHEMBL6037248,O=C(Nc1ccc(OC(F)(F)Cl)cc1)c1cc(-c2cncnc2)c2c(c1)ncn2C1CCC1,OYKVNLWRAWGKNA,1,-1,-1,O=C(Nc1ccccc1)c1cc(-c2cncnc2)c2c(c1)ncn2C1CCC1,train
CHEMBL6040814,CS(=O)(=O)Nc1ccc(-c2ccc3c(c2)C(=O)Nc2cc(OC(F)(F)F)ccc2O3)cc1,JRSXEPDPBVMVAC,1,-1,-1,O=C1Nc2ccccc2Oc2ccc(-c3ccccc3)cc21,train
CHEMBL6040866,Cc1nc2cc(C(=O)Nc3ccc(OC(F)(F)Cl)cc3)cc(-c3cncnc3)c2n1[C@H](C)CO,YOENPNSBFWVWDI,1,-1,-1,O=C(Nc1ccccc1)c1cc(-c2cncnc2)c2[nH]cnc2c1,train
CHEMBL6040906,Cc1cccc(F)c1-c1cc2sc(NC(=O)[C@@H]3C[C@@H]3F)nc2cn1,LPBSAUWEHKFDGH,1,-1,-1,O=C(Nc1nc2cnc(-c3ccccc3)cc2s1)C1CC1,train
CHEMBL6043487,C[C@H](CC#N)n1cnc2cc(C(=O)Nc3ccc(OC(F)(F)Cl)cc3)cc(-c3cncnc3)c21,GTCGKSKFLJXACX,1,-1,-1,O=C(Nc1ccccc1)c1cc(-c2cncnc2)c2[nH]cnc2c1,train
CHEMBL6043940,O=C1Nc2cc(CO)ccc2Oc2ccc(-c3ccnc(N4CCOCC4)c3)cc21,WBDZVMCNMAGVJU,1,-1,-1,O=C1Nc2ccccc2Oc2ccc(-c3ccnc(N4CCOCC4)c3)cc21,train
CHEMBL6044961,COc1nc2cc(C(=O)Nc3ccc(OC(F)(F)Cl)cc3)cc(-c3cccnn3)c2n1[C@H](C)CO,ZYGVPBDGRITBEV,1,-1,-1,O=C(Nc1ccccc1)c1cc(-c2cccnn2)c2[nH]cnc2c1,train
CHEMBL6045530,CCn1c(OC)nc2cc(C(=O)Nc3ccc(OC(F)(F)Cl)cc3)cc(-c3cccnn3)c21,UMZYQHCANUJSDR,1,-1,-1,O=C(Nc1ccccc1)c1cc(-c2cccnn2)c2[nH]cnc2c1,train
CHEMBL6047672,O=C1Nc2cc(OC(F)(F)F)ccc2Oc2ccc(B(O)O)cc21,XIRXJJAGHORGNT,0,-1,-1,O=C1Nc2ccccc2Oc2ccccc21,train
CHEMBL6049974,O=C1Nc2cc(OC(F)(F)F)ccc2Oc2ccc(-c3cnn(CCO)c3)cc21,QSLVXKCYAATUPT,0,-1,-1,O=C1Nc2ccccc2Oc2ccc(-c3cn[nH]c3)cc21,train
CHEMBL6050823,C[C@H](CF)n1cnc2cc(C(=O)Nc3ccc(OC(F)(F)Cl)cc3)cc(-c3ccn[nH]3)c21,ATOBCMYHXGQAAO,1,-1,-1,O=C(Nc1ccccc1)c1cc(-c2ccn[nH]2)c2[nH]cnc2c1,train
CHEMBL6052249,O=C1C[C@@H](n2cnc3cc(C(=O)Nc4ccc(OC(F)(F)Cl)cc4)cc(-c4cncnc4)c32)CN1,CZOIQQDHLUKMSV,1,-1,-1,O=C1CC(n2cnc3cc(C(=O)Nc4ccccc4)cc(-c4cncnc4)c32)CN1,train
CHEMBL6052865,C[C@@H]1C[C@H]1n1cnc2cc(C(=O)Nc3ccc(OC(F)(F)Cl)cc3)cc(-c3cncnc3)c21,NUWCYVOYDIKWBD,1,-1,-1,O=C(Nc1ccccc1)c1cc(-c2cncnc2)c2c(c1)ncn2C1CC1,train
CHEMBL6053095,Cc1cc(CO)ncc1-c1ccc2nc(NC(=O)[C@@H]3C[C@@H]3F)sc2c1,FTGBHLOBBPSHGS,1,-1,-1,O=C(Nc1nc2ccc(-c3cccnc3)cc2s1)C1CC1,train
CHEMBL6053162,Cc1c(F)cccc1-c1ccc2nc(NC(=O)[C@@H]3C[C@@H]3F)c(C)n2c1,VYRBWRJZNBEDCB,1,-1,-1,O=C(Nc1cn2cc(-c3ccccc3)ccc2n1)C1CC1,train
CHEMBL6055861,CC(C)n1cnc2cc(C(=O)Nc3ccc(OC(F)(F)Cl)cc3)cc(Br)c21,JAKWLUZBLWZBPN,1,-1,-1,O=C(Nc1ccccc1)c1ccc2[nH]cnc2c1,train
CHEMBL6057982,O=C1Nc2cc(OC(F)(F)F)ccc2Oc2ccc(-c3ccnc(N4CC[C@H](O)C4)c3)cc21,ZLKDKEJEDLZRNA,1,-1,-1,O=C1Nc2ccccc2Oc2ccc(-c3ccnc(N4CCCC4)c3)cc21,train
CHEMBL6058150,Cc1cc(-c2ccc3nc(NC(=O)[C@@H]4C[C@@H]4F)sc3c2)sn1,QYALQSNXLUMARL,1,-1,-1,O=C(Nc1nc2ccc(-c3ccns3)cc2s1)C1CC1,train
CHEMBL6058323,Cc1ccc(NC(=O)c2ccc(CN3CCN(C)CC3)cc2)cc1Nc1nccc(-c2cncc(C3=NN=C(C(=O)Nc4cc(C(=O)N(C)C)n[nH]4)C3)c2)n1,BVQJGEBCGLWTNC,1,1,-1,O=C(Nc1ccn[nH]1)C1=NN=C(c2cncc(-c3ccnc(Nc4cccc(NC(=O)c5ccc(CN6CCNCC6)cc5)c4)n3)c2)C1,train
CHEMBL6058826,Cc1ccc(-c2cc[nH]c2)cc1-c1ccc2nc(NC(=O)[C@@H]3C[C@@H]3F)sc2c1,KYACQRQWQMPLBL,1,-1,-1,O=C(Nc1nc2ccc(-c3cccc(-c4cc[nH]c4)c3)cc2s1)C1CC1,train
CHEMBL6059579,C[C@H](CF)n1c(C(F)F)nc2cc(C(=O)Nc3ccc(OC(F)(F)Cl)cc3)cc(-c3cccnn3)c21,VFDCNEAHEVWDHI,1,-1,-1,O=C(Nc1ccccc1)c1cc(-c2cccnn2)c2[nH]cnc2c1,train
CHEMBL6059739,Cc1cccc(F)c1-c1ccc2nc(NC(=O)C3CC(F)C3)sc2c1,MWEPYJJWVYSRAE,1,-1,-1,O=C(Nc1nc2ccc(-c3ccccc3)cc2s1)C1CCC1,train
CHEMBL6060645,Cc1ccc(NC(=O)C2=NN=C(c3cncc(-c4ccnc(Nc5cc(NC(=O)c6ccc(CN7CCN(C)CC7)cc6)ccc5C)n4)c3)C2)cc1,INWRCUFOGIVMJS,1,1,-1,O=C(Nc1ccccc1)C1=NN=C(c2cncc(-c3ccnc(Nc4cccc(NC(=O)c5ccc(CN6CCNCC6)cc5)c4)n3)c2)C1,train
CHEMBL6060828,O=C(Nc1ccc(OC(F)(F)Cl)cc1)c1cc(-c2cccnn2)c2c(c1)nc1n2CC[C@@H](O)C1,UOZHXPYTDHEBHI,1,-1,-1,O=C(Nc1ccccc1)c1cc(-c2cccnn2)c2c(c1)nc1n2CCCC1,train
CHEMBL6060934,Cc1ccc(NC(=O)c2ccc(CN3CCN(C)CC3)cc2)cc1Nc1nccc(-c2cncc(-c3nncs3)c2)n1,GXAIYZPLZBVGNJ,1,1,-1,O=C(Nc1cccc(Nc2nccc(-c3cncc(-c4nncs4)c3)n2)c1)c1ccc(CN2CCNCC2)cc1,train
CHEMBL6062622,C[C@@H](CO)n1cnc2cc(C(=O)Nc3ccc(OC(F)(F)Cl)cc3)cc(-c3ccn[nH]3)c21,TUKCOCCMXNPSGU,1,-1,-1,O=C(Nc1ccccc1)c1cc(-c2ccn[nH]2)c2[nH]cnc2c1,train
CHEMBL6063431,CC(C)c1nc2cc(C(=O)Nc3ccc(OC(F)(F)Cl)cc3)cc(-c3cncnc3)c2n1C,BPTYRLPGNULGFL,1,-1,-1,O=C(Nc1ccccc1)c1cc(-c2cncnc2)c2[nH]cnc2c1,train
CHEMBL6063478,Cc1cccc(F)c1-c1cc(F)c2nc(NC(=O)[C@@H]3C[C@@H]3F)sc2c1,QFERZZZDPCOTOE,1,-1,-1,O=C(Nc1nc2ccc(-c3ccccc3)cc2s1)C1CC1,train
CHEMBL6065458,CC(C)n1cnc2cc(C(=O)Nc3ccc(OC(F)(F)Cl)cc3)cc(-c3ccn[nH]3)c21,HTSZVWQNEAHBGD,1,-1,-1,O=C(Nc1ccccc1)c1cc(-c2ccn[nH]2)c2[nH]cnc2c1,train
CHEMBL6166766,C#Cc1cc(OC)c(-c2ccc3nc(NC(=O)NCCO)sc3c2)cc1C=O,PVVQBQFBIOFKHO,1,-1,-1,c1ccc(-c2ccc3ncsc3c2)cc1,train
CHEMBL80030,C=C(CN(C)C)C(=O)c1ccc(OS(=O)(=O)c2ccc(C(=O)O)cc2)cc1,UPVWXHAZXKGELN,0,-1,-1,O=S(=O)(Oc1ccccc1)c1ccccc1,train
CHEMBL83847,CCN(CC)c1nc(SC)nc2c1cnn2CC(Cl)c1ccccc1,IROGZYPJAAVIAT,1,-1,-1,c1ccc(CCn2ncc3cncnc32)cc1,train
CHEMBL86943,CCOC(=O)c1c(C)[nH]c(/C=C2\C(=O)Nc3ccccc32)c1C,PMUJUSJUVIXDQC,0,-1,0,O=C1Nc2ccccc2C1=Cc1ccc[nH]1,train
CHEMBL2059176,Nc1nc2ccc(C(=O)c3ccccc3)cc2n1CCC1CCNCC1,KHDLQXMKXHDGOV,0,-1,-1,O=C(c1ccccc1)c1ccc2ncn(CCC3CCNCC3)c2c1,train
CHEMBL3809772,Cc1nn(-c2ccccc2)c2nc(CCl)n(Cc3ccccc3)c(=O)c12,WCNLLNDBSXSPSJ,0,-1,-1,O=c1c2cnn(-c3ccccc3)c2ncn1Cc1ccccc1,train
CHEMBL310580,C=C(CN(C)C)C(=O)c1ccc(OS(=O)(=O)c2ccc(C(=O)O)c(O)c2)cc1,XXJAESUNECCYKY,0,-1,-1,O=S(=O)(Oc1ccccc1)c1ccccc1,train
CHEMBL237570,COc1ccc2cc(-c3c(-c4ccncc4)nc(-c4ccc([S+](C)[O-])cc4C)n3C)ccc2c1,BARYYLFEOIUPEY,0,0,0,c1ccc(-c2nc(-c3ccncc3)c(-c3ccc4ccccc4c3)[nH]2)cc1,train
CHEMBL1823221,CCc1cc2c(cc1N1CCN(C3COC3)CC1)C(C)(C)c1[nH]c3cc(C#N)ccc3c1C2=O,XDTMZEAHVJVNJG,0,-1,-1,O=C1c2ccc(N3CCN(C4COC4)CC3)cc2Cc2[nH]c3ccccc3c21,train
CHEMBL3740487,CS(=O)(=O)Cc1cccc(Nc2nccc(Oc3ccc4c(C(=O)Nc5cccc(F)c5)cccc4c3)n2)c1,GUUYUIDTJAWAHO,0,-1,0,O=C(Nc1ccccc1)c1cccc2cc(Oc3ccnc(Nc4ccccc4)n3)ccc12,train
CHEMBL541307,CN(C)CC(CNNC(N)=O)C(=O)c1ccc(OCc2ccccc2)cc1.Cl,GBXUHEYXYWRWJR,0,-1,-1,c1ccc(COc2ccccc2)cc1,train
CHEMBL1784970,CCN1CCC(Cn2nc(Cc3cccc4ccccc34)c3c(N)ncnc32)CC1,HMRUGEAVJFRORJ,0,-1,-1,c1ccc2c(Cc3nn(CC4CCNCC4)c4ncncc34)cccc2c1,train
CHEMBL120703,CC(C)(C)OC(=O)Nc1ccc(Nc2[nH]nc3ncnc(Nc4cccc(Cl)c4)c23)cc1,UJPPYLLBYAYYPH,0,-1,-1,c1ccc(Nc2ncnc3n[nH]c(Nc4ccccc4)c23)cc1,train
CHEMBL3740721,CS(=O)(=O)Cc1cccc(Nc2nccc(Oc3ccc4c(C(=O)Nc5ccccc5)cccc4c3)n2)c1,KOFXELGVKHKUJR,0,-1,0,O=C(Nc1ccccc1)c1cccc2cc(Oc3ccnc(Nc4ccccc4)n3)ccc12,train
CHEMBL2079139,CCCCOc1ccc2cc(-c3nn(CC4CCNCC4)c4ncnc(N)c34)ccc2c1,XHRZOMIMLIVCLD,0,-1,-1,c1ccc2cc(-c3nn(CC4CCNCC4)c4ncncc34)ccc2c1,train
CHEMBL1765719,C=C(C)C(=O)NCc1ccc(C(=O)Nc2ccc(C)c(Nc3nccc(-c4cccnc4)n3)c2)cc1,WLOZWKJGFIDROX,0,-1,-1,O=C(Nc1cccc(Nc2nccc(-c3cccnc3)n2)c1)c1ccccc1,train
CHEMBL1949789,COc1ccc(C(=O)NC[C@H](O)CO)cc1/C=C/c1ccc(Cl)cc1,FRFTWFWYLIBTEB,0,-1,-1,C(=Cc1ccccc1)c1ccccc1,train
CHEMBL468975,C=C(CN(C)C)C(=O)c1ccccc1.Cl,SLQVHPCGONHBGQ,0,-1,-1,c1ccccc1,train
CHEMBL552859,C=C(CN(C)C)C(=O)c1ccc(OCc2ccccc2)cc1.Cl,LXMVMOCKDUYIDI,0,-1,-1,c1ccc(COc2ccccc2)cc1,train
CHEMBL3357169,CCOc1ccc(S(=O)(=O)N(CC)CC)cc1-c1nnc2c(n1)c(C)nn2C,MCOABTLNFBDVFZ,0,-1,-1,c1ccc(-c2nnc3[nH]ncc3n2)cc1,train
CHEMBL3606021,NC(=O)c1cc(F)cc2c1C(=O)N(C1CCN(C3CCC(F)(F)CC3)CC1)C2,ARYVAQSYRLZVQD,0,0,0,O=C1c2ccccc2CN1C1CCN(C2CCCCC2)CC1,train
CHEMBL3780350,C#Cc1cccc(Nc2nccc3nc(-c4ccccc4)cnc23)c1,SZVCJSVITVKTQV,0,-1,-1,c1ccc(Nc2nccc3nc(-c4ccccc4)cnc23)cc1,train
CHEMBL597960,Cc1cccc2c1/C(=C/c1ccc(N(C)C)c3ccccc13)C(=O)N2,ZGNHCIFASHEGAU,0,-1,-1,O=C1Nc2ccccc2C1=Cc1cccc2ccccc12,train
CHEMBL4095191,CN1CCN(Cc2cc(NC(=O)c3ccc4c(c3)CN(c3cncnc3)CC4)cc(C(F)(F)F)c2)CC1,HDTCSYZQKDPDHW,0,0,-1,O=C(Nc1cccc(CN2CCNCC2)c1)c1ccc2c(c1)CN(c1cncnc1)CC2,train
CHEMBL231634,Cc1ccc(NC(=O)c2ccc(CN(CCCl)CCCl)cc2)cc1Nc1nccc(-c2cccnc2)n1,KHUZCOTZBCNBNZ,0,-1,-1,O=C(Nc1cccc(Nc2nccc(-c3cccnc3)n2)c1)c1ccccc1,train
CHEMBL103307,O=C1Nc2ccccc2/C1=C\c1ccc(O)cc1,PLAOAGFXNCEZMZ,0,-1,-1,O=C1Nc2ccccc2C1=Cc1ccccc1,train
CHEMBL3808727,Cc1nn(-c2ccccc2)c2nc(CNc3ccc(O)cc3)[nH]c(=O)c12,QYZFRWNAPRKQJC,0,-1,-1,O=c1[nH]c(CNc2ccccc2)nc2c1cnn2-c1ccccc1,train
CHEMBL540292,CN(C)CC(CSc1ccccc1)C(=O)c1ccc(OCc2ccccc2)cc1.Cl,FDDYZQYPOMARIG,0,-1,-1,O=C(CCSc1ccccc1)c1ccc(OCc2ccccc2)cc1,train
CHEMBL597754,CNC(=O)c1nn(C)c2c1CCc1cnc(NC3CCN(C(=O)C4CCN(S(C)(=O)=O)CC4)CC3)nc1-2,KOLSEKSFVMGHDV,0,0,-1,O=C(C1CCNCC1)N1CCC(Nc2ncc3c(n2)-c2[nH]ncc2CC3)CC1,train
CHEMBL4781903,CCOc1ccc2cc(-c3nc(C(C)(C)C)n4ccnc(N)c34)ccc2c1,SORJWXKYZACWJA,0,-1,-1,c1ccc2cc(-c3ncn4ccncc34)ccc2c1,train
CHEMBL3623375,CN(C)CCCNC(=O)c1csc2nc(-c3ccc(NC(=O)Nc4cc(C(C)(C)C)on4)cc3)cn12,VBYMFAOTZHNONG,0,1,-1,O=C(Nc1ccc(-c2cn3ccsc3n2)cc1)Nc1ccon1,train
CHEMBL4591082,CS(=O)(=O)N1CCCC(NC(=O)[C@H](CCC2CCCCC2)NC(=O)c2ccc(CNC(=O)c3cnc4ccccn34)cc2)C1,WGMNFJAFXXXRLZ,0,-1,-1,O=C(NC(CCC1CCCCC1)C(=O)NC1CCCNC1)c1ccc(CNC(=O)c2cnc3ccccn23)cc1,train
CHEMBL1933538,O=C(c1cc2cc(F)ccc2[nH]1)N1C[C@]2(CCN(C3CCCNC3)C2)c2ccccc21,ABNVVKAVWJYHCL,0,-1,-1,O=C(c1cc2ccccc2[nH]1)N1CC2(CCN(C3CCCNC3)C2)c2ccccc21,train
CHEMBL122411,COc1ccc(Nc2[nH]nc3ncnc(Nc4cccc(Cl)c4)c23)cc1,DVTLAQZTCJXBPC,0,-1,-1,c1ccc(Nc2ncnc3n[nH]c(Nc4ccccc4)c23)cc1,train
CHEMBL2030554,CCOc1ccc2cc(-c3nn(CC4CCNCC4)c4ncnc(N)c34)ccc2c1,DLMBMHOJKBPKLK,0,-1,-1,c1ccc2cc(-c3nn(CC4CCNCC4)c4ncncc34)ccc2c1,train
CHEMBL544074,C=C(CN1CCCCC1)C(=O)c1ccc(OCc2ccccc2)cc1.Cl,QKMIAJCXGXFQLV,0,-1,-1,C=C(CN1CCCCC1)C(=O)c1ccc(OCc2ccccc2)cc1,train
CHEMBL3297762,CN1CCN(C[C@@H](NC(=O)C[C@H]2CNC(=O)c3cc(-c4cccc(Cl)c4)cn32)C2CCCCC2)CC1,UKZRGBUTBINTPD,0,0,-1,O=C(CC1CNC(=O)c2cc(-c3ccccc3)cn21)NC(CN1CCNCC1)C1CCCCC1,train
CHEMBL1765717,Cc1ccc(NC(=O)c2ccc(CNC(=O)CCl)cc2)cc1Nc1nccc(-c2cccnc2)n1,ODFUOQFYDRWFBE,0,1,-1,O=C(Nc1cccc(Nc2nccc(-c3cccnc3)n2)c1)c1ccccc1,train
CHEMBL118904,O=[N+]([O-])c1cccc(-c2[nH]nc3ncnc(Nc4cccc(Cl)c4)c23)c1,BJCWVHPCCLIDDY,0,-1,-1,c1ccc(Nc2ncnc3n[nH]c(-c4ccccc4)c23)cc1,train
CHEMBL5955383,CNc1nc2ccc(-c3cnccc3C)cc2s1,HCHAADCFSXEPKI,0,-1,-1,c1cncc(-c2ccc3ncsc3c2)c1,train
CHEMBL3237849,Cc1nn(C)c2nnc(Nc3ccc(S(=O)(=O)N4CCOCC4)cc3)nc12,AJNJTKPSLGJBIX,0,-1,-1,O=S(=O)(c1ccc(Nc2nnc3[nH]ncc3n2)cc1)N1CCOCC1,train
CHEMBL589630,NC(=O)c1c(-c2ccc(Oc3ccccc3)cc2)[nH]c(C(=O)c2c(F)cccc2F)c1N,HNWZKSBXLQWJOE,0,-1,-1,O=C(c1ccccc1)c1ccc(-c2ccc(Oc3ccccc3)cc2)[nH]1,train
CHEMBL3288526,Nc1ncnc2scc(-c3ccc4c(C(=O)Nc5ccccc5)cccc4c3)c12,BYSPSKYBWHPEJW,0,-1,1,O=C(Nc1ccccc1)c1cccc2cc(-c3csc4ncncc34)ccc12,train
CHEMBL3702566,Cn1c(=O)c(Sc2ccc(F)cc2)cc2cnc(Nc3ccc4[nH]ccc4c3)nc21,FJECSOOLAWUZAB,0,-1,-1,O=c1[nH]c2nc(Nc3ccc4[nH]ccc4c3)ncc2cc1Sc1ccccc1,train
CHEMBL1095627,CC(C)(C)OC(=O)N1CCC(n2ncc3c(N4CCOCC4)nc(-c4ccc(N)cc4)nc32)CC1,OHKRUKRKVNWNNT,0,-1,-1,c1ccc(-c2nc(N3CCOCC3)c3cnn(C4CCNCC4)c3n2)cc1,train
CHEMBL4796622,CCCCNc1nc2cc([N+](=O)[O-])ccc2s1,KGMPZRJHVILPMZ,0,-1,-1,c1ccc2scnc2c1,train
CHEMBL2333991,COc1cc2ncnc(Nc3cccc(-c4ccccc4)c3)c2cc1OC,QSNRYLKZJBIXOJ,0,-1,-1,c1ccc(-c2cccc(Nc3ncnc4ccccc34)c2)cc1,train
CHEMBL3809223,Cc1nn(-c2ccccc2)c2nc(CNc3ccc(O)cc3)n(CC#N)c(=O)c12,RMFGGIYCDSQFTK,0,-1,-1,O=c1[nH]c(CNc2ccccc2)nc2c1cnn2-c1ccccc1,train
CHEMBL151546,NC(=O)Nc1cccc2c1C(=O)c1c(-c3csc(Cl)c3)n[nH]c1-2,AGIIDJZSMZSLJN,0,-1,-1,O=C1c2ccccc2-c2[nH]nc(-c3ccsc3)c21,train
CHEMBL3823255,COc1cc(-c2nn(CCN3CCC(N(C)C)CC3)c3ncnc(N)c23)ccc1NC(=O)CC(C)(C)C,QUFURWJAQILIFO,0,-1,-1,c1ccc(-c2nn(CCN3CCCCC3)c3ncncc23)cc1,train
CHEMBL3810259,CCOCc1nc2c(c(C)nn2-c2ccccc2)c(=O)n1CC(=O)OCC,AWVZCSVJBCNSSP,0,-1,-1,O=c1[nH]cnc2c1cnn2-c1ccccc1,train
CHEMBL4176591,CCc1ccc(C(=O)Nc2cc(CN3CCN(C)CC3)cc(C(F)(F)F)c2)cc1C#Cc1ccsc1,OZVPWKSFEHDQIH,0,-1,-1,O=C(Nc1cccc(CN2CCNCC2)c1)c1cccc(C#Cc2ccsc2)c1,train
CHEMBL482967,Cc1nc(N)sc1-c1ccnc(Nc2ccc(N3CCOCC3)cc2)n1,GPSZYOIFQZPWEJ,0,-1,-1,c1cc(-c2cncs2)nc(Nc2ccc(N3CCOCC3)cc2)n1,train
CHEMBL3824021,CN(C)C1CCN(CCn2nc(-c3ccc(CC(=O)O)cc3)c3c(N)ncnc32)CC1,CRKBRAMRALUIEK,0,-1,-1,c1ccc(-c2nn(CCN3CCCCC3)c3ncncc23)cc1,train
CHEMBL3809087,Cc1nn(-c2ccccc2)c2nc(CNc3ccccc3)n(CC#N)c(=O)c12,GNPPHVGDKVZGND,0,-1,-1,O=c1[nH]c(CNc2ccccc2)nc2c1cnn2-c1ccccc1,train
CHEMBL2079168,Nc1ncnc2c1c(-c1ccc3cc(OCc4ccccc4)ccc3c1)nn2CC1CCNCC1,RUMXSJCIUQZQHF,0,-1,-1,c1ccc(COc2ccc3cc(-c4nn(CC5CCNCC5)c5ncncc45)ccc3c2)cc1,train
CHEMBL4524615,CC(C)[C@@H]1CN(c2cncnc2)Cc2cc(C(=O)Nc3cc(CN4CCN(C)CC4)cc(C(F)(F)F)c3)ccc21,NOVCCZLKNWAHGH,0,-1,-1,O=C(Nc1cccc(CN2CCNCC2)c1)c1ccc2c(c1)CN(c1cncnc1)CC2,train
CHEMBL4068255,C[C@@H](c1cc2cccnc2cc1F)n1cnc2ncc(-c3cnn(C)c3)nc21,SXWUXXWVCWEUTA,0,0,0,c1cnc2ccc(Cn3cnc4ncc(-c5cn[nH]c5)nc43)cc2c1,train
CHEMBL3808590,COCc1nc2c(c(C)nn2-c2ccccc2)c(=O)n1CC#N,DJHBGQBYQMJXOI,0,-1,-1,O=c1[nH]cnc2c1cnn2-c1ccccc1,train
CHEMBL2079231,CCCOc1ccc2cc(-c3nn(CC4CCNCC4)c4ncnc(N)c34)ccc2c1,MKWIGRVAGAAHEM,0,-1,-1,c1ccc2cc(-c3nn(CC4CCNCC4)c4ncncc34)ccc2c1,train
CHEMBL86755,O=C1Nc2ccccc2/C1=C/c1ccc[nH]1,SEZFNTZQMWJIAI,0,-1,0,O=C1Nc2ccccc2C1=Cc1ccc[nH]1,train
CHEMBL78249,N#CC(Cc1ccc(O)c(O)c1)C(=N)S,LSTFVBJCPOREHS,0,-1,-1,c1ccccc1,train
CHEMBL545006,Cl.O=C(CCN1CCCCC1)c1ccc(OCc2ccccc2)cc1,JOARAHCRDCIAQS,0,-1,-1,O=C(CCN1CCCCC1)c1ccc(OCc2ccccc2)cc1,train
CHEMBL543361,CN(C)CC(CSCCN)C(=O)c1ccc(OCc2ccccc2)cc1.Cl,YEWHJESRFISBIA,0,-1,-1,c1ccc(COc2ccccc2)cc1,train
CHEMBL121405,OC1(c2nc(-c3ccc(F)cc3)c(-c3ccnc(NC4CCCCC4)c3)o2)CCNCC1,SAMLUEXYGUANPP,0,0,-1,c1ccc(-c2nc(C3CCNCC3)oc2-c2ccnc(NC3CCCCC3)c2)cc1,train
CHEMBL3810382,COCc1nc2c(c(C)nn2-c2ccccc2)c(=O)[nH]1,HBBIMUYGJVVTFT,0,-1,-1,O=c1[nH]cnc2c1cnn2-c1ccccc1,train
CHEMBL199723,CN1CCN(CCc2ccc(NC(=O)c3cc(-c4ccc5c(c4)OCO5)cnc3O)cc2)CC1,JNAZGEGXKHNDBG,0,-1,-1,O=C(Nc1ccc(CCN2CCNCC2)cc1)c1cncc(-c2ccc3c(c2)OCO3)c1,train
CHEMBL3781584,COc1cccc(Nc2nccc3nc(-c4ccccc4)cnc23)c1,MKYBMEVSJFNENA,0,-1,-1,c1ccc(Nc2nccc3nc(-c4ccccc4)cnc23)cc1,train
CHEMBL3810117,CCOCc1nc2c(c(C)nn2-c2ccccc2)c(=O)n1C,VROMCDFNQWHRII,0,-1,-1,O=c1[nH]cnc2c1cnn2-c1ccccc1,train
CHEMBL332765,CN(C)c1ccc(Nc2[nH]nc3ncnc(Nc4cccc(Cl)c4)c23)cc1,DBMNQXNYFIEZLF,0,-1,-1,c1ccc(Nc2ncnc3n[nH]c(Nc4ccccc4)c23)cc1,train
CHEMBL225519,O=C1NCCc2[nH]c(-c3ccncc3)cc21,DKXHSOUZPMHNIZ,0,0,-1,O=C1NCCc2[nH]c(-c3ccncc3)cc21,train
CHEMBL5888568,CN(C)c1ccc2cc(-c3nn(CC4CCNCC4)c4ncnc(N)c34)ccc2c1,JQYCXLWDZOEUGF,0,-1,-1,c1ccc2cc(-c3nn(CC4CCNCC4)c4ncncc34)ccc2c1,train
CHEMBL4565209,CC[C@@H]1CN(c2cncnc2)Cc2cc(C(=O)Nc3cc(CN4CCN(C)CC4)cc(C(F)(F)F)c3)ccc21,DGYSAXDYYWORIW,0,-1,-1,O=C(Nc1cccc(CN2CCNCC2)c1)c1ccc2c(c1)CN(c1cncnc1)CC2,train
CHEMBL1738758,CN1CCN(c2ccc(OC(F)(F)F)c(Nc3ncc4c(n3)-c3c(c(C(N)=O)nn3CCO)CC4)c2)CC1,QHLVBNKYJGBCQJ,0,0,-1,c1cc(Nc2ncc3c(n2)-c2[nH]ncc2CC3)cc(N2CCNCC2)c1,train
CHEMBL3781566,COc1ccc(Nc2nccc3nc(-c4ccccc4)cnc23)cc1,LEZPQBWEYFVLLL,0,-1,-1,c1ccc(Nc2nccc3nc(-c4ccccc4)cnc23)cc1,train
CHEMBL3780358,COc1cccc(NC(=O)Nc2cncc3nc(-c4ccccc4)cnc23)c1,HDJKZMBKHFPSSU,0,-1,-1,O=C(Nc1ccccc1)Nc1cncc2nc(-c3ccccc3)cnc12,train
CHEMBL3261387,CCOc1ccc(S(=O)(=O)N2CCN(C)CC2)cc1-c1nnc2c(n1)c(C)nn2C,IPQVHKNNVQDDIM,0,-1,-1,O=S(=O)(c1cccc(-c2nnc3[nH]ncc3n2)c1)N1CCNCC1,train
CHEMBL3808845,CCOC(=O)Cn1c(COC)nc2c(c(C)nn2-c2ccccc2)c1=O,UTETXDQMQGLQQH,0,-1,-1,O=c1[nH]cnc2c1cnn2-c1ccccc1,train
CHEMBL544067,C=C(CN1CCOCC1)C(=O)c1ccc(OCc2ccccc2)cc1.Cl,SAWMGVUYMRBDRF,0,-1,-1,C=C(CN1CCOCC1)C(=O)c1ccc(OCc2ccccc2)cc1,train
CHEMBL1095626,COC(=O)N1CCC(n2ncc3c(N4CCOCC4)nc(-c4ccc(N)cc4)nc32)CC1,OFIHBQUKIUHAHV,0,-1,-1,c1ccc(-c2nc(N3CCOCC3)c3cnn(C4CCNCC4)c3n2)cc1,train
CHEMBL3735380,CC(C)n1nc(C#Cc2cccc(C(F)(F)F)c2)c2c(N)ncnc21,GZOUZKNRUVPCDY,0,-1,-1,C(#Cc1n[nH]c2ncncc12)c1ccccc1,train
CHEMBL3786167,CC(=O)N1CCN([C@H]2C[C@@H](n3cc(-c4cccc(OC[C@@H]5CCCO5)c4F)c4c(N)ncnc43)C2)CC1,KJDKBIYPTUYYHT,0,0,-1,c1cc(OCC2CCCO2)cc(-c2cn(C3CC(N4CCNCC4)C3)c3ncncc23)c1,train
CHEMBL3808469,Cc1nn(-c2ccccc2)c2nc(CCl)n(C)c(=O)c12,GDYRXSSTVQWEKZ,0,-1,-1,O=c1[nH]cnc2c1cnn2-c1ccccc1,train
CHEMBL3318026,COc1cc(-c2cnc3ccc(NC(=O)NC(C)(C)C)nc3c2)ccc1O,ZCHJWXKREFTWSX,0,-1,-1,c1ccc(-c2cnc3cccnc3c2)cc1,train
CHEMBL1094408,COc1ccc(N2CCN(C)CC2)cc1Nc1ncc2c(n1)-c1c(c(C(N)=O)nn1C)CC2,SWTRIZHCIUWGAU,0,-1,-1,c1cc(Nc2ncc3c(n2)-c2[nH]ncc2CC3)cc(N2CCNCC2)c1,train
CHEMBL3809128,COCc1nc2c(c(C)nn2-c2ccccc2)c(=O)n1C,HAMGHOACBOZHCH,0,-1,-1,O=c1[nH]cnc2c1cnn2-c1ccccc1,train
CHEMBL597181,Cc1cc(C)c(/C=C2\C(=O)Nc3ccc(N)cc32)[nH]1,XYONNOXYJMPBMA,0,-1,-1,O=C1Nc2ccccc2C1=Cc1ccc[nH]1,train
CHEMBL3822972,COc1cc2ncccc2cc1NC(=O)c1csc2cncnc12,WANRGEOLLIFNBS,0,0,-1,O=C(Nc1ccc2ncccc2c1)c1csc2cncnc12,train
CHEMBL542887,C=C(CN(C)C)C(=O)c1ccc(OCc2ccccc2)c(O)c1.Cl,PZHFTSAGOBYUMY,0,-1,-1,c1ccc(COc2ccccc2)cc1,train
CHEMBL120185,CN1CCN(c2ccc3c(n2)nc(-c2ccc(F)cc2)n3-c2ccnc(NC3CCCC3)n2)CC1,BARFMAOTOPEJFY,0,0,-1,c1ccc(-c2nc3nc(N4CCNCC4)ccc3n2-c2ccnc(NC3CCCC3)n2)cc1,train
CHEMBL3809680,COCc1nc2c(c(C)nn2-c2ccccc2)c(=O)n1Cc1ccccc1,VPVLWONHOQDNJV,0,-1,-1,O=c1c2cnn(-c3ccccc3)c2ncn1Cc1ccccc1,train
CHEMBL5278465,O=C(Nc1cnccc1-c1ccc(Cl)cc1)c1ccnc(NC(=O)C2CC2)c1,OYNBEDDKSIPEQC,0,0,0,O=C(Nc1cnccc1-c1ccccc1)c1ccnc(NC(=O)C2CC2)c1,train
CHEMBL401644,COc1ccc2ncc(C#N)c(N[C@@H]3C[C@H]3c3ccccc3)c2c1,DIVLZGMOXGKIOU,0,-1,-1,c1ccc(C2CC2Nc2ccnc3ccccc23)cc1,train
CHEMBL4438258,CC(=O)Nc1nc(-c2cccc(O)c2)cs1,SFRJQFVXNIHSGH,0,-1,-1,c1ccc(-c2cscn2)cc1,train
CHEMBL1766529,CC(=O)N1CCN(c2cnc3cc(C(F)(F)F)cc(NCc4cccc([N+](=O)[O-])c4)c3c2)CC1,DORMVCLDXDMKMM,0,0,-1,c1ccc(CNc2cccc3ncc(N4CCNCC4)cc23)cc1,train
CHEMBL6006445,Cc1ccncc1-c1ccc2nc(NC(=O)C3C[C@@H]3F)sc2c1,SFFSWMIVCZTNBC,0,-1,-1,O=C(Nc1nc2ccc(-c3cccnc3)cc2s1)C1CC1,train
CHEMBL1270230,NC(=O)c1cc(-c2ccnc(N)n2)[nH]c1-c1ccccc1,VOQXQYXTZZHYBF,0,0,-1,c1ccc(-c2ccc(-c3ccncn3)[nH]2)cc1,train
CHEMBL3810367,CCCOCc1nc2c(c(C)nn2-c2ccccc2)c(=O)[nH]1,LPLPNEWLIAANFO,0,-1,-1,O=c1[nH]cnc2c1cnn2-c1ccccc1,train
CHEMBL600795,C[C@@H](Oc1ccc2ncccc2c1)c1c(Cl)ccc(F)c1Cl,DORFEDMRVQLEQT,0,0,-1,c1ccc(COc2ccc3ncccc3c2)cc1,train
CHEMBL3401464,CCOc1ccc(S(=O)(=O)NC(C)(C)CO)cc1-c1nnc2c(n1)c(C)nn2C,GLELVOYTCAORAU,0,-1,-1,c1ccc(-c2nnc3[nH]ncc3n2)cc1,train
CHEMBL5175977,Cc1cc(OCc2ccc(CN3CCC[C@@H]3CO)cc2)cc(CS(=O)(=O)c2ccccc2)c1Br,HHZHOYGIUZUEII,0,-1,0,O=S(=O)(Cc1cccc(OCc2ccc(CN3CCCC3)cc2)c1)c1ccccc1,train
CHEMBL458441,Cl.N[C@@H](CCCCN/C=C1\C(=O)Nc2ccc(Br)cc21)C(=O)O,YAIUGUGPACLJLY,0,-1,-1,C=C1C(=O)Nc2ccccc21,train
CHEMBL3318024,CCNC(=O)Nc1ccc2ncc(-c3ccc(OC)c(OC)c3)cc2n1,WWUXHXQJFWXACS,0,-1,-1,c1ccc(-c2cnc3cccnc3c2)cc1,train
CHEMBL245799,N#Cc1cnc2ccc(-c3cccc(CN4CCOCC4)c3)cc2c1N[C@@H]1C[C@H]1c1ccccc1,ZSFBXECHPWLXOZ,0,-1,-1,c1ccc(C2CC2Nc2ccnc3ccc(-c4cccc(CN5CCOCC5)c4)cc23)cc1,train
CHEMBL420885,CC(C)(C)OC(=O)Nc1ccc(-c2[nH]nc3ncnc(Nc4cccc(Cl)c4)c23)cc1,FDHOXGIXMNBPSE,0,-1,-1,c1ccc(Nc2ncnc3n[nH]c(-c4ccccc4)c23)cc1,train
CHEMBL2062935,Cc1cccc(NC(=O)Nc2ccc(-c3csc4c(-c5cnn(C[C@@H](C)O)c5)cnc(N)c34)cc2)c1,VKBFHTIUXUCYRQ,0,1,-1,O=C(Nc1ccccc1)Nc1ccc(-c2csc3c(-c4cn[nH]c4)cncc23)cc1,train
CHEMBL1765716,Cc1ccc(NC(=O)c2ccc(CN)cc2)cc1Nc1nccc(-c2cccnc2)n1,JJGWNUFHPXNGRL,0,1,-1,O=C(Nc1cccc(Nc2nccc(-c3cccnc3)n2)c1)c1ccccc1,train
CHEMBL5270581,O=C(Nc1cnccc1-c1ccccc1)c1ccnc(NC(=O)C2CC2)c1,LJUDIYPNWBIDNH,0,0,0,O=C(Nc1cnccc1-c1ccccc1)c1ccnc(NC(=O)C2CC2)c1,train
CHEMBL5795400,Cc1ccncc1-c1ccc2nc(N(C)C(=O)OC(C)(C)C)sc2c1,HGXBIXUYARXBOF,0,-1,-1,c1cncc(-c2ccc3ncsc3c2)c1,train
CHEMBL3809900,Cc1ccc(NCc2nc3c(c(C)nn3-c3ccccc3)c(=O)[nH]2)cc1,CNIGNUKXCCTKGQ,0,-1,-1,O=c1[nH]c(CNc2ccccc2)nc2c1cnn2-c1ccccc1,train
CHEMBL3808505,CCOCc1nc2c(c(C)nn2-c2ccccc2)c(=O)n1CC#N,KWFIYDUIDXAZPZ,0,-1,-1,O=c1[nH]cnc2c1cnn2-c1ccccc1,train
CHEMBL4571618,CC(C)[C@H]1CN(c2cncnc2)Cc2cc(C(=O)Nc3cc(CN4CCN(C)CC4)cc(C(F)(F)F)c3)ccc21,NOVCCZLKNWAHGH,0,-1,-1,O=C(Nc1cccc(CN2CCNCC2)c1)c1ccc2c(c1)CN(c1cncnc1)CC2,train
CHEMBL3809431,CCOCc1nc2c(c(C)nn2-c2ccccc2)c(=O)[nH]1,VEBNIPFYFNFOLB,0,-1,-1,O=c1[nH]cnc2c1cnn2-c1ccccc1,train
CHEMBL5815380,COc1ccc2cc(-c3nc(C(C)(C)C)n4ccnc(N)c34)ccc2c1,WZGZBUFREKYIRA,0,-1,-1,c1ccc2cc(-c3ncn4ccncc34)ccc2c1,train
CHEMBL75232,Clc1ccc(Nc2nnc(Cc3ccncc3)c3ccccc23)cc1.O=C(O)CCC(=O)O,LLDWLPRYLVPDTG,0,1,1,c1ccc(Nc2nnc(Cc3ccncc3)c3ccccc23)cc1,train
CHEMBL2070050,CCOc1ccc2cc(-c3nn(CC4CCNCC4)c4ncnc(N)c34)ccc2c1.Cl,ZCJWZBQSYOQFSO,0,-1,-1,c1ccc2cc(-c3nn(CC4CCNCC4)c4ncncc34)ccc2c1,train
CHEMBL119982,Clc1cccc(Nc2[nH]nc3ncnc(NCc4ccccc4)c23)c1,LRHDXMDHHMEKIP,0,-1,-1,c1ccc(CNc2ncnc3n[nH]c(Nc4ccccc4)c23)cc1,train
CHEMBL2030553,COc1ccc2cc(-c3nn(CC4CCNCC4)c4ncnc(N)c34)ccc2c1,MBHHJCMRPHUOAD,0,-1,-1,c1ccc2cc(-c3nn(CC4CCNCC4)c4ncncc34)ccc2c1,train
CHEMBL3261393,CCOc1ccc(S(=O)(=O)NCCN)cc1-c1nnc2c(n1)c(C)nn2C,JJYNPGHQGVEEBW,0,-1,-1,c1ccc(-c2nnc3[nH]ncc3n2)cc1,train
CHEMBL2079170,Nc1ncnc2c1c(-c1ccc3cc(OCc4ccc(Cl)cc4)ccc3c1)nn2CC1CCNCC1,PTVXXUDFVRRVAE,0,-1,-1,c1ccc(COc2ccc3cc(-c4nn(CC5CCNCC5)c5ncncc45)ccc3c2)cc1,train
CHEMBL326753,Cc1ccc(NC(=O)c2ccc(N)cc2)cc1Nc1nccc(-c2cccnc2)n1,QSOMBOJKYIKONR,0,-1,-1,O=C(Nc1cccc(Nc2nccc(-c3cccnc3)n2)c1)c1ccccc1,train
CHEMBL3237853,Cc1nn(C)c2nnc(Nc3ccc(S(=O)(=O)N4CCCCC4)cc3)nc12,LIVSCLDRZBLHMQ,0,-1,-1,O=S(=O)(c1ccc(Nc2nnc3[nH]ncc3n2)cc1)N1CCCCC1,train
CHEMBL1916359,[O-][n+]1ccc2c(-c3ccc(F)cc3Cl)ccnc2c1-c1c(Cl)cccc1Cl,AUZOBOALIFKXNA,0,0,0,c1ccc(-c2ccnc3c(-c4ccccc4)[nH+]ccc23)cc1,train
CHEMBL3808480,CCOC(=O)Cn1c(CCl)nc2c(c(C)nn2-c2ccccc2)c1=O,KFCZZFZHWRYZCN,0,-1,-1,O=c1[nH]cnc2c1cnn2-c1ccccc1,train
CHEMBL3356722,CCCc1nn(C)c2nnc(-c3cc(S(=O)(=O)N4CCN(C)CC4)ccc3OCC)nc12,ZVARRCFGILXTMT,0,-1,-1,O=S(=O)(c1cccc(-c2nnc3[nH]ncc3n2)c1)N1CCNCC1,train
CHEMBL1949788,COc1ccc(C(=O)NC[C@@H](O)CO)cc1/C=C/c1ccc(Cl)cc1,FRFTWFWYLIBTEB,0,-1,-1,C(=Cc1ccccc1)c1ccccc1,train
CHEMBL3092308,O=C(NCCN1CCCC1)Nc1cc2c(Nc3ccc(F)c(Cl)c3)ncnc2cc1O[C@H]1CCOC1,NWCCWSWQAFETLG,0,0,0,O=C(NCCN1CCCC1)Nc1cc2c(Nc3ccccc3)ncnc2cc1OC1CCOC1,train
CHEMBL228043,C/C(O)=C(\C#N)C(=O)Nc1cc(Br)ccc1Br,UVSVTDVJQAJIFG,0,0,-1,c1ccccc1,train
CHEMBL5182567,C=CC(=O)Nc1ccc2ncnc(Nc3ccc4[nH]cc(Br)c4c3)c2c1,ATUXFPJRTSKHFB,0,0,0,c1ccc2c(Nc3ccc4[nH]ccc4c3)ncnc2c1,train
CHEMBL2059353,Nc1nc2ccc(C(=O)c3ccccc3)cc2n1CC[C@@H]1CCCN1,DFSDBLHINVJRLS,0,-1,-1,O=C(c1ccccc1)c1ccc2ncn(CCC3CCCN3)c2c1,train
CHEMBL542893,Cl.O=C(CCN1CCOCC1)c1ccc(OCc2ccccc2)cc1,BCQNHMYSGWMFNA,0,-1,-1,O=C(CCN1CCOCC1)c1ccc(OCc2ccccc2)cc1,train
CHEMBL3401463,CCOc1ccc(S(=O)(=O)NC(C)(CO)CO)cc1-c1nnc2c(n1)c(C)nn2C,AFQCQDREJWBGHP,0,-1,-1,c1ccc(-c2nnc3[nH]ncc3n2)cc1,train
CHEMBL3237856,Cc1nn(C)c2nnc(Nc3ccc(S(=O)(=O)NC(CO)C(C)C)cc3)nc12,PNAJPNITYVIHPP,0,-1,-1,c1ccc(Nc2nnc3[nH]ncc3n2)cc1,train
CHEMBL2078800,CC(C)Oc1ccc2cc(-c3nn(CC4CCNCC4)c4ncnc(N)c34)ccc2c1,KDDHBEBXEUYFNL,0,-1,-1,c1ccc2cc(-c3nn(CC4CCNCC4)c4ncncc34)ccc2c1,train
CHEMBL3824228,CN(C)C1CCN(CCn2nc(-c3ccc(NC(=O)OC(C)(C)C)cc3)c3c(N)ncnc32)CC1,DPZGKYJHTOSMIA,0,-1,-1,c1ccc(-c2nn(CCN3CCCCC3)c3ncncc23)cc1,train
CHEMBL503236,Cl.N[C@@H](CCCN/C=C1\C(=O)Nc2ccc(Br)cc21)C(=O)O,UUQUISLHPILFOT,0,-1,-1,C=C1C(=O)Nc2ccccc21,train
CHEMBL3318025,COc1ccc(-c2cnc3ccc(NC(=O)NC(C)(C)C)nc3c2)cc1OC,OUBLXGAHJPBMHW,0,-1,-1,c1ccc(-c2cnc3cccnc3c2)cc1,train
CHEMBL561708,COC(=O)Nc1ccc(-c2nc(N3CCOCC3)c3cnn(C4CCN(C(=O)OC)CC4)c3n2)cc1,IMXHGCRIEAKIBU,0,-1,-1,c1ccc(-c2nc(N3CCOCC3)c3cnn(C4CCNCC4)c3n2)cc1,train
CHEMBL5208454,O=C(CCCl)Nc1ccc2ncnc(Nc3ccc4[nH]cc(Br)c4c3)c2c1,WTWFBKFNVCFROY,0,0,0,c1ccc2c(Nc3ccc4[nH]ccc4c3)ncnc2c1,train
CHEMBL4553037,Cc1cn(-c2cc(NC(=O)c3ccc4c(c3)CN(c3cncnc3)C[C@@H]4C)cc(C(F)(F)F)c2)cn1,CMJJZRAAQMUAFH,0,-1,-1,O=C(Nc1cccc(-n2ccnc2)c1)c1ccc2c(c1)CN(c1cncnc1)CC2,train
CHEMBL3134157,Cc1cc(CS(=O)(=O)c2ccccc2)cc(OCc2ccc(CN3CCC[C@@H]3CO)cc2)c1,NPUXORBZRBIOMQ,0,-1,0,O=S(=O)(Cc1cccc(OCc2ccc(CN3CCCC3)cc2)c1)c1ccccc1,train
CHEMBL3808531,Cc1nn(-c2ccccc2)c2nc(CCl)n(CC#N)c(=O)c12,MHRDQEBECFHPQJ,0,-1,-1,O=c1[nH]cnc2c1cnn2-c1ccccc1,train
CHEMBL538507,Cc1ccc(SCC(CN(C)C)C(=O)c2ccc(OCc3ccccc3)cc2)cc1C.Cl,VWGGYLUVMOQSNA,0,-1,-1,O=C(CCSc1ccccc1)c1ccc(OCc2ccccc2)cc1,train
CHEMBL538757,COC(=O)c1ccccc1SCC(CN(C)C)C(=O)c1ccc(OCc2ccccc2)cc1.Cl,NWSPJBGHEOBSJO,0,-1,-1,O=C(CCSc1ccccc1)c1ccc(OCc2ccccc2)cc1,train
CHEMBL370283,CSc1nn(-c2c(Cl)cc(Cl)cc2Cl)c2nc(C)[nH]c(=O)c12,BTSZMJKDZCBEGX,0,-1,-1,O=c1[nH]cnc2c1cnn2-c1ccccc1,train
CHEMBL1933552,C[C@@H]1CCC(N2CC[C@]3(CN(C(=O)c4cc5ccc(F)cc5[nH]4)c4ccccc43)C2)CN1,MYPHZBOANNRFAS,0,-1,-1,O=C(c1cc2ccccc2[nH]1)N1CC2(CCN(C3CCCNC3)C2)c2ccccc21,train
CHEMBL552860,CN(C)CCC(=O)c1ccc(OCc2ccccc2)c(O)c1.Cl,XAROEEKEOPNECE,0,-1,-1,c1ccc(COc2ccccc2)cc1,train
CHEMBL543362,CN(C)CCCC(=O)c1ccc(OCc2ccccc2)cc1.Cl,YIMSTXDJIKOELG,0,-1,-1,c1ccc(COc2ccccc2)cc1,train
CHEMBL1813632,O=C(Nc1ccc(Oc2ncnc3scc(-c4ccccc4)c23)c(F)c1)c1cccn(-c2ccc(F)cc2)c1=O,JSDFIHRUQVWHKK,0,0,0,O=C(Nc1ccc(Oc2ncnc3scc(-c4ccccc4)c23)cc1)c1cccn(-c2ccccc2)c1=O,train
CHEMBL5288565,O=C(Nc1cnccc1-c1ccc(F)cc1)c1ccnc(NC(=O)C2CC2)c1,AMINIFOLNFYOOD,0,0,0,O=C(Nc1cnccc1-c1ccccc1)c1ccnc(NC(=O)C2CC2)c1,train
CHEMBL2070047,COc1ccc2cc(-c3nn(CC4CCNCC4)c4ncnc(N)c34)ccc2c1.Cl,JEGXZNWQZSCMSO,0,-1,-1,c1ccc2cc(-c3nn(CC4CCNCC4)c4ncncc34)ccc2c1,train
CHEMBL4453539,C[C@@H]1CN(c2cncnc2)Cc2cc(C(=O)Nc3cc(CN4CCN(C)CC4)cc(C(F)(F)F)c3)ccc21,YXESXLYKZKCWFJ,0,0,-1,O=C(Nc1cccc(CN2CCNCC2)c1)c1ccc2c(c1)CN(c1cncnc1)CC2,train
CHEMBL483321,COCC(=O)NC/C=C/c1ccc2ncnc(Nc3ccc(Oc4ccc(C)nc4)c(C)c3)c2c1,LLVZBTWPGQVVLW,0,-1,0,c1cncc(Oc2ccc(Nc3ncnc4ccccc34)cc2)c1,train
CHEMBL223460,CS(=O)(=O)Nc1cc2c(cc1Cl)NC(=O)Nc1cnc(C#N)c(n1)OCCCCCO2,QTQUAHGXBLFSCH,0,0,-1,O=C1Nc2cncc(n2)OCCCCCOc2ccccc2N1,train
CHEMBL4164870,CN1CCN(Cc2cc(NC(=O)c3ccc(C(C)(C)C)c(C#Cc4cnc5cnccn45)c3)cc(C(F)(F)F)c2)CC1,QIYGPZYLRAIWCB,0,-1,-1,O=C(Nc1cccc(CN2CCNCC2)c1)c1cccc(C#Cc2cnc3cnccn23)c1,train
CHEMBL1923084,Cc1ccc(NC(=O)c2ccc(N)c(N)c2)cc1Nc1nccc(-c2cccnc2)n1,KAGGHKGZOJRKCO,0,-1,-1,O=C(Nc1cccc(Nc2nccc(-c3cccnc3)n2)c1)c1ccccc1,train
CHEMBL3808991,Cc1nn(-c2ccccc2)c2nc(CNc3ccccc3)n(C)c(=O)c12,GKFQSRYIMRKLID,0,-1,-1,O=c1[nH]c(CNc2ccccc2)nc2c1cnn2-c1ccccc1,train
CHEMBL3261395,CCOc1ccc(S(=O)(=O)NCCO)cc1-c1nnc2c(n1)c(C)nn2C,AGPXNGZWLCRYJY,0,-1,-1,c1ccc(-c2nnc3[nH]ncc3n2)cc1,train
CHEMBL458352,Cl.N[C@@H](CCCN/C=C1\C(=O)Nc2ccccc21)C(=O)O,PFIZCBLAGXSJTG,0,-1,-1,C=C1C(=O)Nc2ccccc21,train
CHEMBL542891,CCOC(=O)C1CCN(CCC(=O)c2ccc(OCc3ccccc3)cc2)CC1.Cl,HJKHSLOMHDFYGN,0,-1,-1,O=C(CCN1CCCCC1)c1ccc(OCc2ccccc2)cc1,train
CHEMBL2059177,CN1CCC(CCn2c(N)nc3ccc(C(=O)c4ccccc4)cc32)CC1,DDJLRXRKPYHDBP,0,-1,-1,O=C(c1ccccc1)c1ccc2ncn(CCC3CCNCC3)c2c1,train
CHEMBL3261388,CCOc1ccc(S(=O)(=O)N2CCNCC2)cc1-c1nnc2c(n1)c(C)nn2C,PKFKDKFVTUQROS,0,-1,-1,O=S(=O)(c1cccc(-c2nnc3[nH]ncc3n2)c1)N1CCNCC1,train
CHEMBL57581,FC(F)C(F)(F)Oc1cccc(Nc2nccc(-c3ccc(Cl)cc3)n2)c1,YWEZKJXXUFLVIU,0,-1,-1,c1ccc(Nc2nccc(-c3ccccc3)n2)cc1,train
CHEMBL525893,Cc1ccn(-c2ccc(-c3ncco3)cc2)c(=O)c1-c1ccc2nc(N)ncc2c1,IGFSMGCBFTXTJK,0,1,-1,O=c1c(-c2ccc3ncncc3c2)cccn1-c1ccc(-c2ncco2)cc1,train
CHEMBL1765718,C/C=C/C(=O)NCc1ccc(C(=O)Nc2ccc(C)c(Nc3nccc(-c4cccnc4)n3)c2)cc1,WOJGVNUQOLABAG,0,-1,-1,O=C(Nc1cccc(Nc2nccc(-c3cccnc3)n2)c1)c1ccccc1,train
CHEMBL1933551,C[C@@H]1CCC(N2CC[C@]3(CN(C(=O)c4cc5ccccc5[nH]4)c4ccccc43)C2)CN1,XXRJWFOMOOANJW,0,-1,-1,O=C(c1cc2ccccc2[nH]1)N1CC2(CCN(C3CCCNC3)C2)c2ccccc21,train
CHEMBL3810338,CCOCc1nc2c(c(C)nn2-c2ccccc2)c(=O)n1Cc1ccccc1,XTVNBESVMFQDMH,0,-1,-1,O=c1c2cnn(-c3ccccc3)c2ncn1Cc1ccccc1,train
CHEMBL605003,CN(C)S(=O)(=O)c1ccc2c(c1)/C(=C/c1cc3c([nH]1)CCCC3)C(=O)N2,LOGJQOUIVKBFGH,0,-1,-1,O=C1Nc2ccccc2C1=Cc1cc2c([nH]1)CCCC2,train
CHEMBL2079230,C=CCOc1ccc2cc(-c3nn(CC4CCNCC4)c4ncnc(N)c34)ccc2c1,LQRGSXMDDSWGQL,0,-1,-1,c1ccc2cc(-c3nn(CC4CCNCC4)c4ncncc34)ccc2c1,train
CHEMBL3809625,CCN(CC)Cc1nc2c(c(C)nn2-c2ccccc2)c(=O)[nH]1,CVZHFLWZATXHKW,0,-1,-1,O=c1[nH]cnc2c1cnn2-c1ccccc1,train
CHEMBL2205766,CC(C)(C)NS(=O)(=O)c1cncc(-c2ccn3nc(N)nc3c2)c1,IVYWKCAOPCHVMX,0,-1,-1,c1cncc(-c2ccn3ncnc3c2)c1,train
CHEMBL3233767,C=CC(=O)Nc1cc2c(Nc3ccc(F)c(Cl)c3)ncnc2s1,CQZRHVILVDPGCV,0,0,0,c1ccc(Nc2ncnc3sccc23)cc1,train
CHEMBL3739732,CS(=O)(=O)Cc1cccc(Nc2nccc(Oc3ccc4c(C(=O)Nc5cccnc5)cccc4c3)n2)c1,HAWQJVUHZAYNCF,0,-1,1,O=C(Nc1cccnc1)c1cccc2cc(Oc3ccnc(Nc4ccccc4)n3)ccc12,train
CHEMBL248045,COc1ccc2c(N[C@@H]3C[C@H]3c3ccccc3)c(C#N)cnc2c1,SRISCUOQTDYYHZ,0,-1,-1,c1ccc(C2CC2Nc2ccnc3ccccc23)cc1,train
CHEMBL3809669,Cc1nn(-c2ccccc2)c2nc(CNc3ccc(C(=O)O)cc3)[nH]c(=O)c12,XQKYJDYADZREHN,0,-1,-1,O=c1[nH]c(CNc2ccccc2)nc2c1cnn2-c1ccccc1,train
CHEMBL458440,Cl.N[C@@H](CCCCN/C=C1\C(=O)Nc2ccccc21)C(=O)O,WAKBUSGPUBIIBA,0,-1,-1,C=C1C(=O)Nc2ccccc21,train
CHEMBL3818247,CN1C(=O)COc2c1cnc1ccc(Sc3nnc4c(F)cc(-c5cnn(C)c5)cn34)cc21,MFEXYTURXUZOID,0,0,0,O=C1COc2c(cnc3ccc(Sc4nnc5ccc(-c6cn[nH]c6)cn45)cc23)N1,train
CHEMBL544770,CN(C)CCC(=O)c1ccc(OCc2ccccc2)cc1.Cl,JAMXOOWCTJUJQX,0,-1,-1,c1ccc(COc2ccccc2)cc1,train
CHEMBL1762114,CN(C)C(=O)N1CCC(c2nc(-c3cc4ccccc4[nH]3)c3c(N)nccn23)CC1,AMCOPXBOIWZWHG,0,-1,-1,c1ccc2[nH]c(-c3nc(C4CCNCC4)n4ccncc34)cc2c1,train
CHEMBL401054,COc1cc2ncc(C#N)c(N[C@@H]3C[C@H]3c3ccccc3)c2cc1OCCN1CCOCC1,SIMNHPGTUXYIRW,0,-1,-1,c1ccc(C2CC2Nc2ccnc3ccc(OCCN4CCOCC4)cc23)cc1,train
CHEMBL3809582,Cc1nn(-c2ccccc2)c2nc(CNc3ccccc3)[nH]c(=O)c12,DNRLUTGXMYSIOT,0,-1,-1,O=c1[nH]c(CNc2ccccc2)nc2c1cnn2-c1ccccc1,train
CHEMBL2312301,COc1ccccc1CNc1ncc(C(=O)NCCCN2CCCC2=O)c(NC2CCCC2)n1,ZXZLVQGNVOKCAS,0,-1,-1,O=C(NCCCN1CCCC1=O)c1cnc(NCc2ccccc2)nc1NC1CCCC1,train
CHEMBL2111784,C[C@H](Nc1cc(-c2sc(C3CCN(C)CC3)nc2-c2ccc(F)cc2)ccn1)c1ccccc1,HJEPFPDXSFKWQH,0,0,-1,c1ccc(CNc2cc(-c3sc(C4CCNCC4)nc3-c3ccccc3)ccn2)cc1,train
CHEMBL3808883,Cc1nn(-c2ccccc2)c2nc(CNc3ccc(O)cc3)n(C)c(=O)c12,IICWNJPHHWGZMB,0,-1,-1,O=c1[nH]c(CNc2ccccc2)nc2c1cnn2-c1ccccc1,train
CHEMBL3800481,CCOC(Cn1nc(-c2ccc3oc(N)nc3c2)c2c(N)ncnc21)OCC,PSICWGWNIOOULV,0,0,-1,c1ncc2c(-c3ccc4ocnc4c3)n[nH]c2n1,train
CHEMBL4870343,Cc1ccncc1-c1ccc2nc(N(C)C(=O)[C@@H]3C[C@@H]3F)sc2c1,WJTBUZIYKSPUEN,0,-1,-1,O=C(Nc1nc2ccc(-c3cccnc3)cc2s1)C1CC1,train
CHEMBL4435100,CC[C@H]1CN(c2cncnc2)Cc2cc(C(=O)Nc3cc(CN4CCN(C)CC4)cc(C(F)(F)F)c3)ccc21,DGYSAXDYYWORIW,0,-1,-1,O=C(Nc1cccc(CN2CCNCC2)c1)c1ccc2c(c1)CN(c1cncnc1)CC2,train
CHEMBL3785951,CC(=O)N1CCN([C@H]2C[C@@H](n3cc(-c4cc(OC[C@@H]5CCCO5)ccc4F)c4c(N)ncnc43)C2)CC1,YXLQJZQRBVGUCM,0,0,-1,c1cc(OCC2CCCO2)cc(-c2cn(C3CC(N4CCNCC4)C3)c3ncncc23)c1,train
CHEMBL55662,FC(F)C(F)(F)Oc1cccc(Nc2nccc(-c3ccncc3)n2)c1,RUZDLQFYMAFCOE,0,-1,-1,c1ccc(Nc2nccc(-c3ccncc3)n2)cc1,train
CHEMBL4544384,CN1CCN(Cc2cc(NC(=O)c3ccc4c(c3)CN(c3cccnc3)CC4)cc(C(F)(F)F)c2)CC1,SSHLZMDEQQUFCQ,0,0,-1,O=C(Nc1cccc(CN2CCNCC2)c1)c1ccc2c(c1)CN(c1cccnc1)CC2,train
CHEMBL232144,Nc1ccc2c(c1)/C(=C/c1ccc[nH]1)C(=O)N2,ZYTRQJFBKVMEAK,0,-1,-1,O=C1Nc2ccccc2C1=Cc1ccc[nH]1,train
CHEMBL4066114,C[C@H]1CN(c2cncnc2)Cc2cc(C(=O)Nc3cc(CN4CCN(C)CC4)cc(C(F)(F)F)c3)ccc21,YXESXLYKZKCWFJ,0,0,-1,O=C(Nc1cccc(CN2CCNCC2)c1)c1ccc2c(c1)CN(c1cncnc1)CC2,train
CHEMBL4467836,CC(=O)Nc1nc(-c2cc(Cl)c(Cl)s2)cs1,MDZDHZNHYGFGHT,0,-1,-1,c1csc(-c2cscn2)c1,train
CHEMBL1231372,Nc1ncnc2c1c(Cc1cccc3ccccc13)nn2CC1CCNCC1,MMRLNUFECMEMSQ,0,-1,-1,c1ccc2c(Cc3nn(CC4CCNCC4)c4ncncc34)cccc2c1,train
CHEMBL4087882,CN1CCN(CCOC(=O)N(c2cccc(Br)c2)c2nc(SCCN3CCOCC3)nc3c2cnn3CC(Cl)c2ccccc2)CC1,ZPYFGEVWAWJEIR,0,-1,-1,O=C(OCCN1CCNCC1)N(c1ccccc1)c1nc(SCCN2CCOCC2)nc2c1cnn2CCc1ccccc1,train
CHEMBL2059361,CN1CCN(CCn2c(N)nc3ccc(C(=O)c4ccccc4)cc32)CC1,PIJVETULRYGYCF,0,-1,-1,O=C(c1ccccc1)c1ccc2ncn(CCN3CCNCC3)c2c1,train
CHEMBL223367,N#Cc1ncc2nc1OCCCCCOc1cc(CCCO)c(Cl)cc1NC(=O)N2,GHPFSYCYZJKVDZ,0,0,-1,O=C1Nc2cncc(n2)OCCCCCOc2ccccc2N1,train
CHEMBL3781906,C=CCNC(=O)Nc1cncc2nc(-c3ccccc3)cnc12,ROVFNLCGTHSKOF,0,-1,-1,c1ccc(-c2cnc3ccncc3n2)cc1,train
CHEMBL2079169,Nc1ncnc2c1c(-c1ccc3cc(OCc4ccccc4Cl)ccc3c1)nn2CC1CCNCC1,ALIRNZFSPVRFPC,0,-1,-1,c1ccc(COc2ccc3cc(-c4nn(CC5CCNCC5)c5ncncc45)ccc3c2)cc1,train
CHEMBL3903725,Nc1ccc(-c2ccc3ncc4c(=O)[nH]c(=O)n(-c5cccc(C(F)(F)F)c5)c4c3n2)cn1,OIOOKLQHEDGJOE,0,0,0,O=c1[nH]c(=O)n(-c2ccccc2)c2c1cnc1ccc(-c3cccnc3)nc12,train
CHEMBL67,COc1ccc(/C=C\c2cc(OC)c(OC)c(OC)c2)cc1O,HVXBOLULGPECHP,0,-1,-1,C(=Cc1ccccc1)c1ccccc1,train
CHEMBL599224,CC(=O)N1CCC(Nc2ncc3c(n2)-c2c(c(C(N)=O)nn2C)CC3)CC1,CQWBHMMWZICZRH,0,0,-1,c1nc(NC2CCNCC2)nc2c1CCc1cn[nH]c1-2,train
CHEMBL3617729,C=CC(=O)N1CCCC1c1ccco1,ZUUFKTBKSJLWIP,0,-1,-1,c1coc(C2CCCN2)c1,train
CHEMBL4471343,Cc1cn(-c2cc(NC(=O)c3ccc4c(c3)CN(c3cncnc3)C[C@H]4C)cc(C(F)(F)F)c2)cn1,CMJJZRAAQMUAFH,0,-1,-1,O=C(Nc1cccc(-n2ccnc2)c1)c1ccc2c(c1)CN(c1cncnc1)CC2,train
CHEMBL373598,N#Cc1ncc2nc1OCCCCCOc1cc(OCCCO)c(Cl)cc1NC(=O)N2,YQKSNDNARJQAHP,0,0,-1,O=C1Nc2cncc(n2)OCCCCCOc2ccccc2N1,train
CHEMBL6001012,Cc1cc(F)c(O)cc1-c1ccc2nc(NC(=O)[C@@H]3C[C@@H]3F)cn2c1,IETCZKIHMXQVRN,1,-1,-1,O=C(Nc1cn2cc(-c3ccccc3)ccc2n1)C1CC1,train
CHEMBL5943294,Cc1c(F)cccc1-c1ccc2nc(NC(=O)[C@H]3C[C@@H]3F)cn2c1,RZTAEHWCIYEGBS,1,-1,-1,O=C(Nc1cn2cc(-c3ccccc3)ccc2n1)C1CC1,train
CHEMBL5817683,Cc1ccc(C#N)cc1-c1ccc2nc(NC(=O)[C@@H]3C[C@@H]3F)cn2c1,IITBZNFIFWTHAA,1,-1,-1,O=C(Nc1cn2cc(-c3ccccc3)ccc2n1)C1CC1,train
CHEMBL6029851,Cc1c(O)cccc1-c1ccc2nc(NC(=O)[C@@H]3C[C@@H]3F)cn2c1,VRSXKHZEZALINX,1,-1,-1,O=C(Nc1cn2cc(-c3ccccc3)ccc2n1)C1CC1,train
CHEMBL5759893,Cc1c(F)ccc(F)c1-c1ccc2nc(NC(=O)[C@@H]3C[C@@H]3F)cn2c1,QDZFAVBRLFEZRU,1,-1,-1,O=C(Nc1cn2cc(-c3ccccc3)ccc2n1)C1CC1,train
CHEMBL3938746,CN(c1ncc(C(=O)Nc2ccc(OC(F)(F)F)cc2)cc1-c1cncnc1)C1CCOCC1,LAOQHPRJZCCYQP,1,-1,-1,O=C(Nc1ccccc1)c1cnc(NC2CCOCC2)c(-c2cncnc2)c1,train
CHEMBL5767083,Cc1ccc(-c2cc[nH]c2)cc1-c1ccc2nc(NC(=O)[C@@H]3C[C@@H]3F)cn2c1,JELQTBUTPKDQKN,1,-1,-1,O=C(Nc1cn2cc(-c3cccc(-c4cc[nH]c4)c3)ccc2n1)C1CC1,train
CHEMBL3937855,O=C(Nc1ccc(OC(F)(F)F)cc1)c1cnc(N2CCCC(CO)C2)c(-c2cncnc2)c1,VTCVWRPYMKEOIA,1,-1,-1,O=C(Nc1ccccc1)c1cnc(N2CCCCC2)c(-c2cncnc2)c1,train
CHEMBL3892626,CC1(O)CCN(c2ccc(C(=O)Nc3ccc(OC(F)(F)F)cc3)cc2-c2cncnc2)C1,AGHYQAWGSYEFCZ,1,-1,-1,O=C(Nc1ccccc1)c1ccc(N2CCCC2)c(-c2cncnc2)c1,train
CHEMBL5943651,O=C(Nc1cn2cc(-c3cnc4[nH]ccc4c3)ccc2n1)[C@@H]1C[C@@H]1F,OGAJKANEIZGJKW,1,-1,-1,O=C(Nc1cn2cc(-c3cnc4[nH]ccc4c3)ccc2n1)C1CC1,train
CHEMBL5838285,COC(=O)c1ccc(C)c(-c2ccc3nc(NC(=O)[C@@H]4C[C@@H]4F)cn3c2)c1,WIRNHPQRBJEBLO,1,-1,-1,O=C(Nc1cn2cc(-c3ccccc3)ccc2n1)C1CC1,train
CHEMBL3909622,N#C[C@@H]1CCCN(c2ncc(C(=O)Nc3ccc(OC(F)(F)F)cc3)cc2-c2cncnc2)C1,REOLQQNZAJDXDE,1,-1,-1,O=C(Nc1ccccc1)c1cnc(N2CCCCC2)c(-c2cncnc2)c1,train
CHEMBL3932930,Cc1ccc(-c2cc(C(=O)Nc3ccc(OC(F)(F)F)cc3)cnc2N2CCC(O)C2)cn1,AHFCBJUQSIQAMF,1,-1,-1,O=C(Nc1ccccc1)c1cnc(N2CCCC2)c(-c2cccnc2)c1,train
CHEMBL4112649,Cc1ccc(-c2cc(C(=O)Nc3ccc(OC(F)(F)F)cc3)cnc2N2CC[C@@H](N)C2)cn1,CDISOBVGWDRFLK,1,-1,-1,O=C(Nc1ccccc1)c1cnc(N2CCCC2)c(-c2cccnc2)c1,train
CHEMBL6028721,Cc1cc(N)ncc1-c1ccc2nc(NC(=O)[C@@H]3C[C@@H]3F)cn2c1,VPYVJVZRZUBAPJ,1,-1,-1,O=C(Nc1cn2cc(-c3cccnc3)ccc2n1)C1CC1,train
CHEMBL5933393,Cc1c(F)cccc1-c1ccc2nc(NC(=O)[C@@H]3C[C@H]3F)cn2c1,RZTAEHWCIYEGBS,1,-1,-1,O=C(Nc1cn2cc(-c3ccccc3)ccc2n1)C1CC1,train
CHEMBL4115176,Cc1ncc(-c2cc(C(=O)Nc3ccc(OC(F)(F)F)cc3)cnc2N2CC[C@@H](O)C2)cn1,RTJVFTKAJRSVMA,1,-1,-1,O=C(Nc1ccccc1)c1cnc(N2CCCC2)c(-c2cncnc2)c1,train
CHEMBL3915829,CN(C)CCCN(C)c1ncc(C(=O)Nc2ccc(OC(F)(F)F)cc2)cc1-c1cccnc1,JRGBBGBBOVVBAW,1,-1,-1,O=C(Nc1ccccc1)c1cncc(-c2cccnc2)c1,train
CHEMBL3986601,O=C(Nc1ccc(OC(F)(F)F)cc1)c1ccc(Cl)c(-c2cncnc2)c1,FETCECILZWLSRN,1,-1,-1,O=C(Nc1ccccc1)c1cccc(-c2cncnc2)c1,train
CHEMBL5791578,O=C(Nc1cn2cc(-c3cccc(F)c3F)ccc2n1)[C@@H]1C[C@@H]1F,NMXXRXNWSPSRMC,1,-1,-1,O=C(Nc1cn2cc(-c3ccccc3)ccc2n1)C1CC1,train
CHEMBL6052131,O=C(Nc1cn2cc(-c3cccc(F)c3CO)ccc2n1)[C@@H]1C[C@@H]1F,LDXVTYJMWCUWIX,1,-1,-1,O=C(Nc1cn2cc(-c3ccccc3)ccc2n1)C1CC1,train
CHEMBL5951427,CN1CCN(Cc2ccc(NC(=O)c3ccc(F)c(C#Cc4nnc5ccccn45)c3)cc2C(F)(F)F)CC1,PBQRCMDCJLGOGN,1,-1,-1,O=C(Nc1ccc(CN2CCNCC2)cc1)c1cccc(C#Cc2nnc3ccccn23)c1,train
CHEMBL5847441,Cc1c[nH]c2ncc(-c3ccc4nc(NC(=O)[C@@H]5C[C@@H]5F)cn4c3)cc12,OYXSDPKQGABIFW,1,-1,-1,O=C(Nc1cn2cc(-c3cnc4[nH]ccc4c3)ccc2n1)C1CC1,train
CHEMBL4550702,Cn1cc(-c2cnc3c(-c4csc(C(=O)NCC(F)(F)F)c4)cnn3c2)cn1,UEFCSGDOOJJXTN,1,1,-1,c1cc(-c2cnn3cc(-c4cn[nH]c4)cnc23)cs1,train
CHEMBL5839063,Cc1c(F)cccc1-c1ccc2nc(NC(=O)[C@@H]3C[C@@H]3F)cn2c1.Cl,UMWYDDVIQOMLRH,1,-1,-1,O=C(Nc1cn2cc(-c3ccccc3)ccc2n1)C1CC1,train
CHEMBL5863680,Cc1c(-c2ccc3nc(NC(=O)[C@@H]4C[C@@H]4F)cn3c2)ccc(Cl)c1F,NCZHDRABEPZTOR,1,-1,-1,O=C(Nc1cn2cc(-c3ccccc3)ccc2n1)C1CC1,train
CHEMBL3980205,NC[C@@H]1CCN(c2ncc(C(=O)Nc3ccc(OC(F)(F)F)cc3)cc2-c2cccnc2)C1,WGZPWELCTNNKKV,1,-1,-1,O=C(Nc1ccccc1)c1cnc(N2CCCC2)c(-c2cccnc2)c1,train
CHEMBL3909536,N[C@H]1CCN(c2ncc(C(=O)Nc3ccc(OC(F)(F)F)cc3)cc2-c2cccnc2)C1,JPQZGNZVHOQQGI,1,-1,-1,O=C(Nc1ccccc1)c1cnc(N2CCCC2)c(-c2cccnc2)c1,train
CHEMBL5518031,O=C(Nc1cccc(C(F)(F)F)c1)c1ccc(C2CC2)c(-c2ccc3nc(Nc4cnn(C5CC5)c4)ncc3c2)c1,YFKFMRKJGPZRSA,1,-1,-1,O=C(Nc1ccccc1)c1ccc(C2CC2)c(-c2ccc3nc(Nc4cnn(C5CC5)c4)ncc3c2)c1,train
CHEMBL5861213,CSc1c(F)cccc1-c1ccc2nc(NC(=O)[C@@H]3C[C@@H]3F)cn2c1,ZKWYJSNXGMFMGV,1,-1,-1,O=C(Nc1cn2cc(-c3ccccc3)ccc2n1)C1CC1,train
CHEMBL517256,Cc1cccc(C)c1/C=C/n1cnc2c(Nc3ccc(P(C)(C)=O)cc3)nc(CCC#N)nc21,ROKHIMCJFLHDFE,1,-1,-1,C(=Cn1cnc2c(Nc3ccccc3)ncnc21)c1ccccc1,train
CHEMBL4108903,NC[C@H]1CCN(c2ncc(C(=O)Nc3ccc(OC(F)(F)F)cc3)cc2-c2cccnc2)C1,WGZPWELCTNNKKV,1,-1,-1,O=C(Nc1ccccc1)c1cnc(N2CCCC2)c(-c2cccnc2)c1,train
CHEMBL5830640,Cc1cccc(-c2ccc3nc(NC(=O)[C@@H]4C[C@@H]4F)cn3c2)c1C,YGQXARCBMSUGQI,1,-1,-1,O=C(Nc1cn2cc(-c3ccccc3)ccc2n1)C1CC1,train
CHEMBL5949380,Cc1ccc(N)cc1-c1ccc2nc(NC(=O)[C@@H]3C[C@@H]3F)cn2c1,MAFRULWHJSGRCY,1,-1,-1,O=C(Nc1cn2cc(-c3ccccc3)ccc2n1)C1CC1,train
CHEMBL5795193,Cc1cc(Cl)ccc1-c1ccc2nc(NC(=O)[C@@H]3C[C@@H]3F)cn2c1,IBEAAKMGUJUTII,1,-1,-1,O=C(Nc1cn2cc(-c3ccccc3)ccc2n1)C1CC1,train
CHEMBL3952100,COc1ncc(-c2cc(C(=O)Nc3ccc(OC(F)(F)F)cc3)cnc2N2CCC(O)C2)cn1,BJFPQEHWXQDXQD,1,-1,-1,O=C(Nc1ccccc1)c1cnc(N2CCCC2)c(-c2cncnc2)c1,train
CHEMBL5816525,Cc1c(F)cncc1-c1ccc2nc(NC(=O)[C@@H]3C[C@@H]3F)cn2c1,NNRKRVFHWRXHFB,1,-1,-1,O=C(Nc1cn2cc(-c3cccnc3)ccc2n1)C1CC1,train
CHEMBL5885889,Cc1ccccc1-c1ccc2nc(NC(=O)[C@@H]3C[C@@H]3F)cn2c1,KDIQEKHMWYFRAI,1,-1,-1,O=C(Nc1cn2cc(-c3ccccc3)ccc2n1)C1CC1,train
CHEMBL4109447,N[C@@H]1CCN(c2ncc(C(=O)Nc3ccc(OC(F)(F)F)cc3)cc2-c2cccnc2)C1,JPQZGNZVHOQQGI,1,-1,-1,O=C(Nc1ccccc1)c1cnc(N2CCCC2)c(-c2cccnc2)c1,train
CHEMBL4110570,O=C(Nc1ccc(OC(F)(F)Cl)cc1)c1cnc(N2CC[C@@H](O)C2)c(-c2cncnc2)c1,SXTRKVXLELDRIE,1,-1,-1,O=C(Nc1ccccc1)c1cnc(N2CCCC2)c(-c2cncnc2)c1,train
CHEMBL5782316,Cc1c(Cl)cccc1-c1ccc2nc(NC(=O)[C@@H]3C[C@@H]3F)cn2c1,KUYPHGZXCGJGIX,1,-1,-1,O=C(Nc1cn2cc(-c3ccccc3)ccc2n1)C1CC1,train
CHEMBL5980885,Cc1cccc(F)c1-c1ccc2nc(NC(=O)[C@@H]3C[C@@H]3F)cn2c1,WUPCVZSLTYWKFZ,1,-1,-1,O=C(Nc1cn2cc(-c3ccccc3)ccc2n1)C1CC1,train
CHEMBL5869837,Cc1ccc2[nH]ccc2c1-c1ccc2nc(NC(=O)[C@@H]3C[C@@H]3F)cn2c1.Cl.Cl,DCDCUOXRBPJKME,1,-1,-1,O=C(Nc1cn2cc(-c3cccc4[nH]ccc34)ccc2n1)C1CC1,train
CHEMBL6006516,Cc1ccc(-c2ccc3nc(NC(=O)[C@@H]4C[C@@H]4F)cn3c2)c(C)c1,BBCMHZCLOCCZBZ,1,-1,-1,O=C(Nc1cn2cc(-c3ccccc3)ccc2n1)C1CC1,train
CHEMBL5896330,Cc1ccc(C(=O)Nc2ccc(CN3CCN(C)CC3)c(C(F)(F)F)c2)cc1C#Cc1nnc2cc(C(=O)O)ccn12,RGDUPMOHDIBMHT,1,-1,-1,O=C(Nc1ccc(CN2CCNCC2)cc1)c1cccc(C#Cc2nnc3ccccn23)c1,train
CHEMBL4114961,Cc1cncc(-c2cc(C(=O)Nc3ccc(OC(F)(F)F)cc3)cnc2N2CC[C@@H](O)C2)c1,ZNMBDDOBWVPEJQ,1,-1,-1,O=C(Nc1ccccc1)c1cnc(N2CCCC2)c(-c2cccnc2)c1,train
CHEMBL1688861,CC(C)(N)c1cc(C(=O)N[C@@H]2CCc3ccc(Oc4ccnc5c4CCC(=O)N5)cc3C2)cc(C(F)(F)F)c1,GXEGTVQATHKFDH,1,-1,-1,O=C1CCc2c(Oc3ccc4c(c3)CC(NC(=O)c3ccccc3)CC4)ccnc2N1,train
CHEMBL3900697,Cc1ccc(-c2cc(C(=O)Nc3ccc(OC(F)(F)F)cc3)cnc2N(C)CCO)cn1,WLVYMDGJDPYVQT,1,-1,-1,O=C(Nc1ccccc1)c1cncc(-c2cccnc2)c1,train
CHEMBL5827116,Cc1c(-c2ccc3nc(NC(=O)[C@@H]4C[C@@H]4F)cn3c2)cnc2[nH]ccc12,PGPVOPMUGNAMCQ,1,-1,-1,O=C(Nc1cn2cc(-c3cnc4[nH]ccc4c3)ccc2n1)C1CC1,train
CHEMBL5823989,CCc1c(F)cccc1-c1ccc2nc(NC(=O)[C@@H]3C[C@@H]3F)cn2c1,TUYXWWZIGIFUTO,1,-1,-1,O=C(Nc1cn2cc(-c3ccccc3)ccc2n1)C1CC1,train
CHEMBL3969039,CN(CCCO)c1ncc(C(=O)Nc2ccc(OC(F)(F)F)cc2)cc1-c1cncnc1,JPVITFVDRLHPGU,1,-1,-1,O=C(Nc1ccccc1)c1cncc(-c2cncnc2)c1,train
CHEMBL3952322,CC(=O)NC1CCCN(c2ncc(C(=O)Nc3ccc(OC(F)(F)F)cc3)cc2-c2cncnc2)C1,DOGYOFTWSUACEL,1,-1,-1,O=C(Nc1ccccc1)c1cnc(N2CCCCC2)c(-c2cncnc2)c1,train
CHEMBL5080055,COc1ccccc1-c1c[nH]c2ncc(-c3ccc(N)c(C(=O)N(C)C)c3)cc12,WXWRMODVCNBNEA,1,-1,-1,c1ccc(-c2cnc3[nH]cc(-c4ccccc4)c3c2)cc1,train
CHEMBL6058605,Cc1c(F)cccc1-c1ccc2nc(NC(=O)C3CC3(F)F)cn2c1,YXZGDQSMJBJNLI,1,-1,-1,O=C(Nc1cn2cc(-c3ccccc3)ccc2n1)C1CC1,train
CHEMBL5816115,Cc1ccc(C(=O)Nc2ccc(CN3CCN(C)CC3)c(C(F)(F)F)c2)cc1C#Cc1nnc2cccnn12,KWRIGWZQRBNVJT,1,-1,-1,O=C(Nc1ccc(CN2CCNCC2)cc1)c1cccc(C#Cc2nnc3cccnn23)c1,train
CHEMBL3899456,O=C(Nc1ccc(OC(F)(F)F)cc1)c1ccc(N2CC[C@H](O)C2)c(-c2cncnc2)c1,IPGPICBCNNRQOJ,1,-1,-1,O=C(Nc1ccccc1)c1ccc(N2CCCC2)c(-c2cncnc2)c1,train
CHEMBL5779470,Cc1ccc(C)c(-c2ccc3nc(NC(=O)[C@@H]4C[C@@H]4F)cn3c2)c1,XFVXFNZGWRERJM,1,-1,-1,O=C(Nc1cn2cc(-c3ccccc3)ccc2n1)C1CC1,train
CHEMBL5888398,Cc1c(-c2ccc3nc(NC(=O)[C@@H]4C[C@@H]4F)cn3c2)ccc2ncsc12,DIZIMSAYLGCQII,1,-1,-1,O=C(Nc1cn2cc(-c3ccc4ncsc4c3)ccc2n1)C1CC1,train
CHEMBL3898262,O=C(Nc1ccc(OC(F)(F)F)cc1)c1cnc(N2CCCC2)c(-c2cncnc2)c1,GBFYKOBQAILFLJ,1,-1,-1,O=C(Nc1ccccc1)c1cnc(N2CCCC2)c(-c2cncnc2)c1,train
CHEMBL6024851,Cc1ccc(C(=O)Nc2ccc(CN3CCN(C)CC3)c(C(F)(F)F)c2)cc1C#Cc1nnc2cc(C(N)=O)ccn12,LKFAYKJEZVDORL,1,-1,-1,O=C(Nc1ccc(CN2CCNCC2)cc1)c1cccc(C#Cc2nnc3ccccn23)c1,train
CHEMBL3967351,CN[C@H]1CCN(c2ncc(C(=O)Nc3ccc(OC(F)(F)F)cc3)cc2-c2cccnc2)C1,INABTXFNRNUCJX,1,-1,-1,O=C(Nc1ccccc1)c1cnc(N2CCCC2)c(-c2cccnc2)c1,train
CHEMBL4113329,N#C[C@H]1CCCN(c2ncc(C(=O)Nc3ccc(OC(F)(F)F)cc3)cc2-c2cncnc2)C1,REOLQQNZAJDXDE,1,-1,-1,O=C(Nc1ccccc1)c1cnc(N2CCCCC2)c(-c2cncnc2)c1,train
CHEMBL5963845,Cc1c(F)cc(N)cc1-c1ccc2nc(NC(=O)[C@@H]3C[C@@H]3F)cn2c1,AMTAVDNQWYNJJD,1,-1,-1,O=C(Nc1cn2cc(-c3ccccc3)ccc2n1)C1CC1,train
CHEMBL3928833,COc1ncc(-c2cc(C(=O)Nc3ccc(OC(F)(F)F)cc3)ccn2)cn1,JQGCUEDURBQYQR,1,-1,-1,O=C(Nc1ccccc1)c1ccnc(-c2cncnc2)c1,train
CHEMBL4109844,O=C(Nc1ccc(OC(F)(F)F)cc1)c1cnc(N2CC[C@@H](O)C2)c(-c2ccoc2)c1,SURIPNCYRDVBOE,1,-1,-1,O=C(Nc1ccccc1)c1cnc(N2CCCC2)c(-c2ccoc2)c1,train
CHEMBL5915239,Nc1c(F)cccc1-c1ccc2nc(NC(=O)[C@@H]3C[C@@H]3F)cn2c1,LSCRWKPOMPLSSS,1,-1,-1,O=C(Nc1cn2cc(-c3ccccc3)ccc2n1)C1CC1,train
CHEMBL5953681,Cc1ccc(C(=O)Nc2ccc(CN3CCN(C)CC3)c(C(F)(F)F)c2)cc1C#Cn1cnc2ccccc21,PZALELDRQXQLPU,1,-1,-1,O=C(Nc1ccc(CN2CCNCC2)cc1)c1cccc(C#Cn2cnc3ccccc32)c1,train
CHEMBL5949300,Cc1cc2ncsc2cc1-c1ccc2nc(NC(=O)[C@@H]3C[C@@H]3F)cn2c1,SBHSIZVHUBERQK,1,-1,-1,O=C(Nc1cn2cc(-c3ccc4ncsc4c3)ccc2n1)C1CC1,train
CHEMBL3977121,COc1ncc(C(=O)Nc2ccc(OC(F)(F)F)cc2)cc1-c1cncnc1,PNECSEDRSMQJDH,1,-1,-1,O=C(Nc1ccccc1)c1cncc(-c2cncnc2)c1,train
CHEMBL6004838,Cc1c(F)cccc1-c1ccc2nc(NC(=O)C3CC3)cn2c1,XIQCJQJINMLCFI,1,-1,-1,O=C(Nc1cn2cc(-c3ccccc3)ccc2n1)C1CC1,train
CHEMBL3961194,COc1ccc(-c2cc(C(=O)Nc3ccc(OC(F)(F)F)cc3)cnc2N2CC[C@@H](CN)C2)cn1,KKBNQDFLOWMOIR,1,-1,-1,O=C(Nc1ccccc1)c1cnc(N2CCCC2)c(-c2cccnc2)c1,train
CHEMBL5758255,Cc1c(F)cccc1-c1ccc2nc(NC(=O)[C@@H]3C[C@@H]3F)c(F)n2c1,UIIKKJDWZGKANX,1,-1,-1,O=C(Nc1cn2cc(-c3ccccc3)ccc2n1)C1CC1,train
CHEMBL4115517,CN[C@@H]1CCN(c2ncc(C(=O)Nc3ccc(OC(F)(F)F)cc3)cc2-c2ccc(C)nc2)C1,MKIQRAVALOTEIL,1,-1,-1,O=C(Nc1ccccc1)c1cnc(N2CCCC2)c(-c2cccnc2)c1,train
CHEMBL3948792,O=C(Nc1ccc(OC(F)(F)F)cc1)c1cnc(N2CCCC(O)C2)c(-c2cncnc2)c1,IPJKLYGNQAWYCX,1,-1,-1,O=C(Nc1ccccc1)c1cnc(N2CCCCC2)c(-c2cncnc2)c1,train
CHEMBL6041720,COc1ccncc1-c1ccc2nc(NC(=O)[C@@H]3C[C@@H]3F)cn2c1,OUKIRSDQOJFCTI,1,-1,-1,O=C(Nc1cn2cc(-c3cccnc3)ccc2n1)C1CC1,train
CHEMBL5859679,Cc1ccc2[nH]cc(C)c2c1-c1ccc2nc(NC(=O)[C@@H]3C[C@@H]3F)cn2c1,AAQFTGFEIOSNMG,1,-1,-1,O=C(Nc1cn2cc(-c3cccc4[nH]ccc34)ccc2n1)C1CC1,train
CHEMBL3929380,N#Cc1cncc(-c2cc(C(=O)Nc3ccc(OC(F)(F)Cl)cc3)cnc2N2C[C@H](O)[C@@H](O)C2)c1,OQEWTWZOBPIGHC,1,-1,-1,O=C(Nc1ccccc1)c1cnc(N2CCCC2)c(-c2cccnc2)c1,train
CHEMBL5755814,Cc1cc2ncoc2cc1-c1ccc2nc(NC(=O)[C@@H]3C[C@@H]3F)cn2c1,SWKJOQOHQVDLNH,1,-1,-1,O=C(Nc1cn2cc(-c3ccc4ncoc4c3)ccc2n1)C1CC1,train
CHEMBL5795173,Cc1cccc(C)c1-c1ccc2nc(NC(=O)[C@@H]3C[C@@H]3F)cn2c1,HGOUNRDEPWRCNG,1,-1,-1,O=C(Nc1cn2cc(-c3ccccc3)ccc2n1)C1CC1,train
CHEMBL3955429,CN(CCO)c1ncc(C(=O)Nc2ccc(OC(F)(F)F)cc2)cc1-c1cncnc1,KWFLSTKQMSYXEX,1,-1,-1,O=C(Nc1ccccc1)c1cncc(-c2cncnc2)c1,train
CHEMBL3982884,O=C(Nc1ccc(OC(F)(F)F)cc1)c1cnc(N2CCC(O)C2)c(-c2ccc(C(F)(F)F)nc2)c1,FGMQZTUTUMIVRQ,1,-1,-1,O=C(Nc1ccccc1)c1cnc(N2CCCC2)c(-c2cccnc2)c1,train
CHEMBL4112381,O=C(Nc1ccc(SC(F)(F)F)c(F)c1)c1cnc(N2CC[C@@H](O)C2)c(-c2cncnc2)c1,CXNJUTQWZIVOQW,1,-1,-1,O=C(Nc1ccccc1)c1cnc(N2CCCC2)c(-c2cncnc2)c1,train
CHEMBL5951613,Cc1ccc(Cl)cc1-c1ccc2nc(NC(=O)[C@@H]3C[C@@H]3F)cn2c1,IXTKNKJVHYQBCU,1,-1,-1,O=C(Nc1cn2cc(-c3ccccc3)ccc2n1)C1CC1,train
CHEMBL5894390,O=C(Nc1cn2cc(-c3cccc(F)c3C3CC3)ccc2n1)[C@@H]1C[C@@H]1F,TWZCZVDOBSZQAY,1,-1,-1,O=C(Nc1cn2cc(-c3ccccc3C3CC3)ccc2n1)C1CC1,train
CHEMBL1950983,CNC(=O)c1cc(Oc2ccc3nc(Nc4cccc(C(C)(C)C)c4)cnc3c2)ccn1,RMPZMQHKGMSUFK,1,-1,-1,c1ccc(Nc2cnc3cc(Oc4ccncc4)ccc3n2)cc1,train
CHEMBL1950984,CNC(=O)c1cc(Oc2ccc3nc(Nc4cccc(C(C)(C)C)c4)ccc3c2)ccn1,NEHBNDOQIMPXPZ,1,-1,-1,c1ccc(Nc2ccc3cc(Oc4ccncc4)ccc3n2)cc1,train
CHEMBL5955873,COCc1c(F)cccc1-c1ccc2nc(NC(=O)[C@@H]3C[C@@H]3F)cn2c1,WPWXFJLTOHKWLQ,1,-1,-1,O=C(Nc1cn2cc(-c3ccccc3)ccc2n1)C1CC1,train
CHEMBL459850,Cc1ccc(NC(=O)c2cccc(C(F)(F)F)c2)cc1N1Cc2cnc(N)nc2N(C)C1=O,ZWVLMQTXUWMUII,1,-1,-1,O=C(Nc1cccc(N2Cc3cncnc3NC2=O)c1)c1ccccc1,train
CHEMBL1950886,CNC(=O)c1cc(Oc2ccc3nc(Nc4cccc(C(C)(C)C)c4)ncc3c2)ccn1,ZIIWAOIJFYNZSN,1,-1,-1,c1ccc(Nc2ncc3cc(Oc4ccncc4)ccc3n2)cc1,train
CHEMBL4108800,Cc1ccc(-c2cc(C(=O)Nc3ccc(OC(F)(F)F)cc3)ccc2N2CC[C@@H](O)C2)cn1,DSJVPSXPICFOTM,1,-1,-1,O=C(Nc1ccccc1)c1ccc(N2CCCC2)c(-c2cccnc2)c1,train
CHEMBL3923401,CC(=O)NC1CCN(c2ncc(C(=O)Nc3ccc(OC(F)(F)F)cc3)cc2-c2cncnc2)C1,MMTXGFGKGJSQIJ,1,-1,-1,O=C(Nc1ccccc1)c1cnc(N2CCCC2)c(-c2cncnc2)c1,train
CHEMBL5920253,Cc1cccc(Cl)c1-c1ccc2nc(NC(=O)[C@@H]3C[C@@H]3F)cn2c1,VOIGGROUGKJPQE,1,-1,-1,O=C(Nc1cn2cc(-c3ccccc3)ccc2n1)C1CC1,train
CHEMBL6044230,Cc1cc2[nH]ccc2cc1-c1ccc2nc(NC(=O)[C@@H]3C[C@@H]3F)cn2c1,JFRXQEUOWLIFOM,1,-1,-1,O=C(Nc1cn2cc(-c3ccc4[nH]ccc4c3)ccc2n1)C1CC1,train
CHEMBL4297478,Cc1ccc(C(=O)Nc2ccc(CN3CCN(C)CC3)c(C(F)(F)F)c2)cc1C#Cc1nnc2ccccn12,SLIVDYMORZGPLW,1,-1,-1,O=C(Nc1ccc(CN2CCNCC2)cc1)c1cccc(C#Cc2nnc3ccccn23)c1,train
CHEMBL3935357,O=C(Nc1ccc(OC(F)(F)F)cc1)c1ccc(OCCO)c(-c2cncnc2)c1,HZGMBYVJGXWOPX,1,-1,-1,O=C(Nc1ccccc1)c1cccc(-c2cncnc2)c1,train
CHEMBL6013777,O=C(Nc1cn2cc(-c3cccc(F)c3O)ccc2n1)[C@@H]1C[C@@H]1F,SUNNDDJNKNVRGB,1,-1,-1,O=C(Nc1cn2cc(-c3ccccc3)ccc2n1)C1CC1,train
CHEMBL5898579,Cc1c(-c2ccc3nc(NC(=O)[C@@H]4C[C@@H]4F)cn3c2)ccc(F)c1F,DYFJUHBMUKFLME,1,-1,-1,O=C(Nc1cn2cc(-c3ccccc3)ccc2n1)C1CC1,train
CHEMBL4113928,CN[C@@H]1CCN(c2ncc(C(=O)Nc3ccc(OC(F)(F)F)cc3)cc2-c2cncnc2)C1,RMXXNLMNXXNJPX,1,-1,-1,O=C(Nc1ccccc1)c1cnc(N2CCCC2)c(-c2cncnc2)c1,train
CHEMBL4107268,CN[C@@H]1CCN(c2ncc(C(=O)Nc3ccc(OC(F)(F)F)cc3)cc2-c2cccnc2)C1,INABTXFNRNUCJX,1,-1,-1,O=C(Nc1ccccc1)c1cnc(N2CCCC2)c(-c2cccnc2)c1,train
CHEMBL4113940,O=C(Nc1ccc(OC(F)(F)F)cc1)c1cnc(N2CC[C@@H](CO)C2)c(-c2cccnc2)c1,JYVOXOFNUOWGFP,1,-1,-1,O=C(Nc1ccccc1)c1cnc(N2CCCC2)c(-c2cccnc2)c1,train
CHEMBL5801523,Cc1ccc(C(=O)Nc2ccc(CN3CCN(C)CC3)c(C(F)(F)F)c2)cc1C#Cn1cnc2cc(C(=O)O)ccc21,GBTVZRONPVRLHC,1,-1,-1,O=C(Nc1ccc(CN2CCNCC2)cc1)c1cccc(C#Cn2cnc3ccccc32)c1,train
CHEMBL3917738,CN1CCCN(c2ncc(C(=O)Nc3ccc(OC(F)(F)F)cc3)cc2-c2cccnc2)CC1,YPFIPHCWVWOGPC,1,-1,-1,O=C(Nc1ccccc1)c1cnc(N2CCCNCC2)c(-c2cccnc2)c1,train
CHEMBL3961426,Cc1ccc(-c2cc(C(=O)Nc3ccc(OC(F)(F)F)cc3)cnc2NCCCO)cn1,FXDMWIMUKCLGKZ,1,-1,-1,O=C(Nc1ccccc1)c1cncc(-c2cccnc2)c1,train
CHEMBL5902628,Cc1c(F)cccc1-c1ccc2nc(NC(=O)[C@H]3C[C@H]3F)cn2c1,RZTAEHWCIYEGBS,1,-1,-1,O=C(Nc1cn2cc(-c3ccccc3)ccc2n1)C1CC1,train
CHEMBL3958493,Cc1ccc(-c2cc(C(=O)Nc3ccc(OC(F)(F)F)cc3)cnc2NCCO)cn1,QYVNPKGCABBYPV,1,-1,-1,O=C(Nc1ccccc1)c1cncc(-c2cccnc2)c1,train
CHEMBL5921403,Cc1cc(F)ccc1-c1ccc2nc(NC(=O)[C@@H]3C[C@@H]3F)cn2c1,YKIMBORUCLCLQW,1,-1,-1,O=C(Nc1cn2cc(-c3ccccc3)ccc2n1)C1CC1,train
CHEMBL5901634,Cc1c(F)ccc(-c2ccc3nc(NC(=O)[C@@H]4C[C@@H]4F)cn3c2)c1C,XUTZABOXYHUXOF,1,-1,-1,O=C(Nc1cn2cc(-c3ccccc3)ccc2n1)C1CC1,train
CHEMBL6058329,CNc1ccc(C)c(-c2ccc3nc(NC(=O)[C@@H]4C[C@@H]4F)cn3c2)c1,OPNHAQOPAJTBTM,1,-1,-1,O=C(Nc1cn2cc(-c3ccccc3)ccc2n1)C1CC1,train
CHEMBL5989503,Cc1ccc(O)cc1-c1ccc2nc(NC(=O)[C@@H]3C[C@@H]3F)cn2c1,FQWWCSLKLAAOQS,1,-1,-1,O=C(Nc1cn2cc(-c3ccccc3)ccc2n1)C1CC1,train
CHEMBL3947553,O=C(Nc1ccc(OC(F)(F)F)cc1)c1cnc(N2CCC(O)C2)c(-c2cccnc2)c1,FGPVGVVPKPEBCH,1,-1,-1,O=C(Nc1ccccc1)c1cnc(N2CCCC2)c(-c2cccnc2)c1,train
CHEMBL569880,C=CC(=O)N1CCC[C@H]1C(=O)Nc1cc2c(Nc3ccc(F)c(Cl)c3F)ncnc2cc1OCCOC,JTLHPKSZESHKCP,1,0,0,O=C(Nc1ccc2ncnc(Nc3ccccc3)c2c1)C1CCCN1,train
CHEMBL4111553,Cc1ncc(-c2cc(C(=O)Nc3ccc(OC(F)(F)F)cc3)ccc2N2CC[C@@H](O)C2)cn1,RLHWUKHBTPGSCO,1,-1,-1,O=C(Nc1ccccc1)c1ccc(N2CCCC2)c(-c2cncnc2)c1,train
CHEMBL5845048,O=C(Nc1cn2cc(-c3cnc4[nH]ccc4c3Cl)ccc2n1)[C@@H]1C[C@@H]1F,WZBSIKBGQNRONZ,1,-1,-1,O=C(Nc1cn2cc(-c3cnc4[nH]ccc4c3)ccc2n1)C1CC1,train
CHEMBL3951124,O=C(Nc1ccc(OC(F)(F)F)cc1)c1cnc(N2CCC(CO)C2)c(-c2cncnc2)c1,KSVMXLZKYBUCLY,1,-1,-1,O=C(Nc1ccccc1)c1cnc(N2CCCC2)c(-c2cncnc2)c1,train
CHEMBL6057804,CNc1c(F)cccc1-c1ccc2nc(NC(=O)[C@@H]3C[C@@H]3F)cn2c1,DKDXQTZNLBULTH,1,-1,-1,O=C(Nc1cn2cc(-c3ccccc3)ccc2n1)C1CC1,train
CHEMBL3930013,O=C(Nc1ccc(OC(F)(F)F)cc1)c1cnc(N2CC[C@H](CO)C2)c(-c2cccnc2)c1,JYVOXOFNUOWGFP,1,-1,-1,O=C(Nc1ccccc1)c1cnc(N2CCCC2)c(-c2cccnc2)c1,train
CHEMBL3909373,N#Cc1ccc(-c2cc(C(=O)Nc3ccc(OC(F)(F)F)cc3)cnc2N2C[C@H](O)[C@@H](O)C2)[nH]1,VFAWMZXJCJRCLL,1,-1,-1,O=C(Nc1ccccc1)c1cnc(N2CCCC2)c(-c2ccc[nH]2)c1,train
CHEMBL6034082,Cc1cc(F)cc(C)c1-c1ccc2nc(NC(=O)[C@@H]3C[C@@H]3F)cn2c1,SYSGRYHLHCEGIO,1,-1,-1,O=C(Nc1cn2cc(-c3ccccc3)ccc2n1)C1CC1,train
CHEMBL4110566,O=C(Nc1ccc(OC(F)(F)F)cc1)c1ccc(N2CC[C@@H](O)C2)c(-c2cncnc2)c1,IPGPICBCNNRQOJ,1,-1,-1,O=C(Nc1ccccc1)c1ccc(N2CCCC2)c(-c2cncnc2)c1,train
CHEMBL4106581,Cc1ncc(-c2cc(C(=O)Nc3ccc(OC(F)(F)F)cc3)cnc2N2CC[C@@H](O)C2)s1,LGDQUBVYJBFBTC,1,-1,-1,O=C(Nc1ccccc1)c1cnc(N2CCCC2)c(-c2cncs2)c1,train
CHEMBL3908721,O=C(Nc1ccc(OC(F)(F)F)cc1)c1cnc(N2CCC(O)CC2)c(-c2cncnc2)c1,GDHWWOPUCCDKQC,1,-1,-1,O=C(Nc1ccccc1)c1cnc(N2CCCCC2)c(-c2cncnc2)c1,train
CHEMBL6052001,Cc1ccc(C(=O)Nc2ccc(CN3CCN(C)CC3)c(C(F)(F)F)c2)cc1C#Cc1nnc2cc(C(=O)O)cnn12,ZLRZHPRODQMFFR,1,-1,-1,O=C(Nc1ccc(CN2CCNCC2)cc1)c1cccc(C#Cc2nnc3cccnn23)c1,train
CHEMBL5746620,COc1c(F)cccc1-c1ccc2nc(NC(=O)[C@@H]3C[C@@H]3F)cn2c1,CFNYLETUNRYRAW,1,-1,-1,O=C(Nc1cn2cc(-c3ccccc3)ccc2n1)C1CC1,train
CHEMBL5861393,Cc1ccc(F)cc1-c1ccc2nc(NC(=O)[C@@H]3C[C@@H]3F)cn2c1,KBGACBGLSGBUHB,1,-1,-1,O=C(Nc1cn2cc(-c3ccccc3)ccc2n1)C1CC1,train
CHEMBL3982552,O=C(Nc1ccc(SC(F)(F)F)cc1)c1cccc(-c2cncnc2)c1,ISGMOPJSOXPUII,1,-1,-1,O=C(Nc1ccccc1)c1cccc(-c2cncnc2)c1,train
CHEMBL3983886,Cc1ccc(-c2cc(C(=O)Nc3ccc(OC(F)(F)F)cc3)cnc2N2CCCC(O)C2)cn1,CDADKVPKYARHOT,1,-1,-1,O=C(Nc1ccccc1)c1cnc(N2CCCCC2)c(-c2cccnc2)c1,train
CHEMBL510893,Cc1ccc2[nH]ncc2c1/C=C/n1cnc2c(Nc3ccc(P(C)(C)=O)cc3)ncnc21,UNPSONVHRMUXFE,1,-1,-1,C(=Cn1cnc2c(Nc3ccccc3)ncnc21)c1cccc2[nH]ncc12,train
CHEMBL3976976,CN(C)C1CCN(c2ncc(C(=O)Nc3ccc(OC(F)(F)F)cc3)cc2-c2cncnc2)C1,VLZWVSKISOLFMV,1,-1,-1,O=C(Nc1ccccc1)c1cnc(N2CCCC2)c(-c2cncnc2)c1,train
CHEMBL3970809,Cc1ncc(-c2cc(C(=O)Nc3ccc(OC(F)(F)F)cc3)cnc2N2CC(CO)C2)cn1,PXCCHHQKSFRVTO,1,-1,-1,O=C(Nc1ccccc1)c1cnc(N2CCC2)c(-c2cncnc2)c1,train
CHEMBL3909303,O=C(Nc1ccc(OC(F)(F)F)cc1)c1cnc(NCCO)c(-c2cccnc2)c1,RHRWJIIXWAMLTL,1,-1,-1,O=C(Nc1ccccc1)c1cncc(-c2cccnc2)c1,train
CHEMBL4115384,Cc1ccc(-c2cc(C(=O)Nc3ccc(OC(F)(F)F)cc3)cnc2N2CC[C@H](CN)C2)cn1,NJGKNNCAFCDRST,1,-1,-1,O=C(Nc1ccccc1)c1cnc(N2CCCC2)c(-c2cccnc2)c1,train
CHEMBL3975987,CN1CC2CN(c3ncc(C(=O)Nc4ccc(OC(F)(F)F)cc4)cc3-c3cncnc3)CC2C1,GSWGAYHUSMBGKB,1,-1,-1,O=C(Nc1ccccc1)c1cnc(N2CC3CNCC3C2)c(-c2cncnc2)c1,train
CHEMBL3893263,Cc1ccc(-c2cc(C(=O)Nc3ccc(OC(F)(F)F)cc3)cnc2N2CCCN(C)CC2)cn1,OTGYTGDNIYAZTG,1,-1,-1,O=C(Nc1ccccc1)c1cnc(N2CCCNCC2)c(-c2cccnc2)c1,train
CHEMBL101253,Clc1ccc(Nc2nnc(Cc3ccncc3)c3ccccc23)cc1,YCOYDOIWSSHVCK,-1,0,1,c1ccc(Nc2nnc(Cc3ccncc3)c3ccccc23)cc1,train
CHEMBL101683,O=C(Nc1ccc(Cl)cc1)c1ccccc1NCc1ccncc1,GGPZCOONYBPZEW,-1,1,-1,O=C(Nc1ccccc1)c1ccccc1NCc1ccncc1,train
CHEMBL102301,COc1cc2ncnc(N3CCN(/C(S)=N\Cc4ccc5c(c4)OCO5)CC3)c2cc1OC,ORRFUYVNMZSYIC,-1,1,1,C(=NCc1ccc2c(c1)OCO2)N1CCN(c2ncnc3ccccc23)CC1,train
CHEMBL102346,COc1cc2ncnc(N3CCN(C(=O)Nc4ccc(Oc5ccccc5)cc4)CC3)c2cc1OC,INTPTKHSGKBHHW,-1,1,1,O=C(Nc1ccc(Oc2ccccc2)cc1)N1CCN(c2ncnc3ccccc23)CC1,train
CHEMBL104067,COc1cc2ncnc(N3CCN(C(=O)Nc4ccc(C(C)C)cc4)CC3)c2cc1OC,CDPYJPHBGSGNJS,-1,1,1,O=C(Nc1ccccc1)N1CCN(c2ncnc3ccccc23)CC1,train
CHEMBL106966,COc1cc2ncnc(N3CCN(C(=O)Nc4ccc(C#N)cc4)CC3)c2cc1OC,SOTRSERIYXCWEZ,-1,1,1,O=C(Nc1ccccc1)N1CCN(c2ncnc3ccccc23)CC1,train
CHEMBL107599,COc1cc2c(N3CCN(C(=O)Nc4ccc(OC(C)C)cc4)CC3)ncnc2cc1OCCCN1CCCCC1C,VCRKDNXOGDJUAN,-1,1,1,O=C(Nc1ccccc1)N1CCN(c2ncnc3cc(OCCCN4CCCCC4)ccc23)CC1,train
CHEMBL1079113,Cc1ccc(-c2ccnc(Nc3cc(NC(=O)c4ccc(CN5CCN(C)CC5)cc4)ccc3C)n2)cn1,AFMXVBAHMGWYAZ,-1,1,-1,O=C(Nc1cccc(Nc2nccc(-c3cccnc3)n2)c1)c1ccc(CN2CCNCC2)cc1,train
CHEMBL1081022,Cc1ccccc1NC(=O)Nc1ccc(-c2c(C)sc3ncnc(N)c23)c(Cl)c1,XKYQNVRYACCZEP,-1,1,-1,O=C(Nc1ccccc1)Nc1ccc(-c2csc3ncncc23)cc1,train
CHEMBL1171364,COc1ccc(/C=C2\Oc3cc(O)ccc3C2=O)cc1,CVEOFOQULTXCSE,-1,0,-1,O=C1C(=Cc2ccccc2)Oc2ccccc21,train
CHEMBL1172815,Cc1ccc(NC(=O)Nc2ccc3c(c2)NC(=O)/C3=C\c2ccc[nH]2)cc1,RAOCKIXJWYDYCO,-1,1,-1,O=C(Nc1ccccc1)Nc1ccc2c(c1)NC(=O)C2=Cc1ccc[nH]1,train
CHEMBL1172886,O=C(Nc1ccc(Cl)cc1)Nc1ccc2c(c1)NC(=O)/C2=C\c1ccc[nH]1,QNSYKQNSCIEOLI,-1,1,-1,O=C(Nc1ccccc1)Nc1ccc2c(c1)NC(=O)C2=Cc1ccc[nH]1,train
CHEMBL1172887,O=C(Nc1ccc(Oc2ccccc2)cc1)Nc1ccc2c(c1)NC(=O)/C2=C\c1ccc[nH]1,XMUWGNAFKPBEAU,-1,1,-1,O=C(Nc1ccc(Oc2ccccc2)cc1)Nc1ccc2c(c1)NC(=O)C2=Cc1ccc[nH]1,train
CHEMBL1173107,Cc1[nH]c(/C=C2\C(=O)Nc3cc(NC(=O)Nc4ccccc4)ccc32)c(C)c1C(=O)O,XBBZAHDOGBGKGM,-1,1,-1,O=C(Nc1ccccc1)Nc1ccc2c(c1)NC(=O)C2=Cc1ccc[nH]1,train
CHEMBL1173149,COc1ccc(NC(=O)Nc2ccc3c(c2)NC(=O)/C3=C\c2ccc[nH]2)cc1,NNAMXKXTCQOZGS,-1,1,-1,O=C(Nc1ccccc1)Nc1ccc2c(c1)NC(=O)C2=Cc1ccc[nH]1,train
CHEMBL1173174,COc1ccc(NC(=O)Nc2ccc3c(c2)NC(=O)/C3=C\c2[nH]c(C)c(C(=O)O)c2C)cc1,GJYUDCNOWIRHBL,-1,1,-1,O=C(Nc1ccccc1)Nc1ccc2c(c1)NC(=O)C2=Cc1ccc[nH]1,train
CHEMBL1173411,COc1ccc(NC(=O)Nc2ccc3c(c2)NC(=O)/C3=C\c2[nH]cc(C(=O)O)c2C)cc1,VMAAFUOXTWPYRN,-1,1,-1,O=C(Nc1ccccc1)Nc1ccc2c(c1)NC(=O)C2=Cc1ccc[nH]1,train
CHEMBL1173482,O=C(Nc1ccccc1)Nc1ccc2c(c1)NC(=O)/C2=C\c1ccc[nH]1,BFAFTEXTXVWPSX,-1,1,1,O=C(Nc1ccccc1)Nc1ccc2c(c1)NC(=O)C2=Cc1ccc[nH]1,train
CHEMBL1173541,COc1ccc(NC(=O)Nc2ccc3c(c2)NC(=O)/C3=C\c2[nH]c(C)c(CCC(=O)O)c2C)cc1,VOEBMPAZQQYYGC,-1,1,-1,O=C(Nc1ccccc1)Nc1ccc2c(c1)NC(=O)C2=Cc1ccc[nH]1,train
CHEMBL1230609,COc1cc2c(Oc3ccc(NC(=O)C4(C(=O)Nc5ccc(F)cc5)CC4)cc3F)ccnc2cc1OCCCN1CCOCC1,CXQHYVUVSFXTMY,-1,1,1,O=C(Nc1ccccc1)C1(C(=O)Nc2ccc(Oc3ccnc4cc(OCCCN5CCOCC5)ccc34)cc2)CC1,train
CHEMBL124035,COCCOc1cc2ncnc(N3CCN(C(=O)Nc4ccc(OC(C)C)cc4)CC3)c2cc1OC,IZVDXKIUMGJIMC,-1,1,1,O=C(Nc1ccccc1)N1CCN(c2ncnc3ccccc23)CC1,train
CHEMBL1242107,COC(=O)c1cccc(NC(=O)Nc2ccc(-c3c(C)sc4ncnc(N)c34)cc2)c1,JAUMZCPURODLNC,-1,1,-1,O=C(Nc1ccccc1)Nc1ccc(-c2csc3ncncc23)cc1,train
CHEMBL124660,COc1cc2c(N3CCN(C(=O)Nc4ccc(OC(C)C)cc4)CC3)ncnc2cc1OCCCN1CCCCC1,UXXQOJXBIDBUAC,-1,0,0,O=C(Nc1ccccc1)N1CCN(c2ncnc3cc(OCCCN4CCCCC4)ccc23)CC1,train
CHEMBL125898,COc1cc2c(N3CCN(C(=O)Nc4ccc(OC(C)C)cc4)CC3)ncnc2cc1OCCCN1CCOCC1,QRJUFNKCBDLAKR,-1,1,1,O=C(Nc1ccccc1)N1CCN(c2ncnc3cc(OCCCN4CCOCC4)ccc23)CC1,train
CHEMBL126699,COc1cc2c(N3CCN(C(=O)Nc4ccc(C#N)cc4)CC3)ncnc2cc1OCCCN1CCCCC1C,SNGNZNPCCSZZBJ,-1,1,1,O=C(Nc1ccccc1)N1CCN(c2ncnc3cc(OCCCN4CCCCC4)ccc23)CC1,train
CHEMBL1276891,Cc1c(/C=C2\C(=O)Nc3ccc(F)cc32)[nH]c2c1C(=O)N(CCN1CCOCC1)CC2,FPYCSQMCBIGNHK,-1,1,1,O=C1Nc2ccccc2C1=Cc1cc2c([nH]1)CCN(CCN1CCOCC1)C2=O,train
CHEMBL1276981,CCN(CC)CCN1CCCc2[nH]c(/C=C3\C(=O)Nc4ccc(F)cc43)c(C)c2C1=O,DIWNHTDZEZGKJK,-1,1,1,O=C1Nc2ccccc2C1=Cc1cc2c([nH]1)CCCNC2=O,train
CHEMBL1277161,CCN(CC)CCN1CCCCc2[nH]c(/C=C3\C(=O)Nc4ccc(F)cc43)c(C)c2C1=O,BMWHAGVKNLRXNW,-1,1,1,O=C1Nc2ccccc2C1=Cc1cc2c([nH]1)CCCCNC2=O,train
CHEMBL1278146,CCN(CC)CCN1CCc2[nH]c(/C=C3\C(=O)Nc4ccc(F)cc43)c(C)c2C1=O,GKEYKDOLBLYGRB,-1,1,1,O=C1Nc2ccccc2C1=Cc1cc2c([nH]1)CCNC2=O,train
CHEMBL1278147,CCN(CC)CCN1CCc2[nH]c(/C=C3\C(=O)Nc4ccc(Cl)cc43)c(C)c2C1=O,CCIRQCXOVCNPBI,-1,1,1,O=C1Nc2ccccc2C1=Cc1cc2c([nH]1)CCNC2=O,train
CHEMBL1278233,CCN(CC)CCN1CCc2[nH]c(/C=C3\C(=O)Nc4ccc(Br)cc43)c(C)c2C1=O,XDDLRMCIDZLHNL,-1,1,1,O=C1Nc2ccccc2C1=Cc1cc2c([nH]1)CCNC2=O,train
CHEMBL1278234,Cc1c(/C=C2\C(=O)Nc3ccc(F)cc32)[nH]c2c1C(=O)N(CCN(C)C)CC2,GSURAMUGDNSWKE,-1,1,1,O=C1Nc2ccccc2C1=Cc1cc2c([nH]1)CCNC2=O,train
CHEMBL13485,CCN(CC)CCNC(=O)c1c(C)[nH]c(/C=C2\C(=O)Nc3ccc(Cl)cc32)c1C,XPLJEFSRINKZLC,-1,1,1,O=C1Nc2ccccc2C1=Cc1ccc[nH]1,train
CHEMBL150894,CC(C)OCc1ccc2c(c1)c1c3c(c4c(c1n2CCCO)Cc1ccccc1-4)C(=O)NC3,MLIFNJABMANKEU,-1,1,1,O=C1NCc2c1c1c(c3[nH]c4ccccc4c23)Cc2ccccc2-1,train
CHEMBL153843,O=C(Nc1cccc(C(F)(F)F)c1)c1ccccc1NCc1ccncc1,BLAFVGLBBOPRLP,-1,1,1,O=C(Nc1ccccc1)c1ccccc1NCc1ccncc1,train
CHEMBL1651521,COc1cc(O)c2c(c1)CCC[C@H](O)CC(=O)/C=C\C[C@H](C)OC2=O,QMEZKJBCLUGJTN,-1,1,-1,O=C1C=CCCOC(=O)c2ccccc2CCCCC1,train
CHEMBL1668411,COc1cc(O)c2c(c1)/C=C/C[C@@H](O)[C@H](O)C(=O)/C=C\C[C@H](C)OC2=O,NEQZWEXWOFPKOT,-1,1,1,O=C1C=CCCOC(=O)c2ccccc2C=CCCC1,train
CHEMBL1668413,COc1cc(O)c2c(c1)CCCCCC(=O)C[C@H](Cl)C[C@H](C)OC2=O,GLRILJLJSBHYAR,-1,0,-1,O=C1CCCCCc2ccccc2C(=O)OCCCC1,train
CHEMBL1668415,COc1cc(O)c2c(c1)CCCCCC(=O)C[C@H](Br)C[C@H](C)OC2=O,HZJBJCWWHLYIKV,-1,0,-1,O=C1CCCCCc2ccccc2C(=O)OCCCC1,train
CHEMBL1668416,COc1cc(O)c2c(c1)/C=C\CCCC(=O)C[C@H](Cl)C[C@H](C)OC2=O,HEECBHPHEJLGSX,-1,0,-1,O=C1CCCC=Cc2ccccc2C(=O)OCCCC1,train
CHEMBL1668417,COc1cc(O)c2c(c1)/C=C\CCCC(=O)C[C@H](Br)C[C@H](C)OC2=O,OWTUABVVXBPDCL,-1,0,-1,O=C1CCCC=Cc2ccccc2C(=O)OCCCC1,train
CHEMBL1681932,CCNC(=O)Nc1ccc(Oc2ncnc(N)c2/C=N/OC)cc1Cl,BJHCYTJNPVGSBZ,-1,1,-1,c1ccc(Oc2ccncn2)cc1,train
CHEMBL169390,Nc1ncnc2c1c(-c1cccc(O)c1)cn2C1CCCC1,BLYRPGBSIKAIAU,-1,1,1,c1ccc(-c2cn(C3CCCC3)c3ncncc23)cc1,train
CHEMBL1765097,O=C(Nc1cc(-c2ccncc2)c[nH]c1=O)c1ccc(N2CCCCC2)cc1,ABBVAIMDGQMDHS,-1,1,-1,O=C(Nc1cc(-c2ccncc2)c[nH]c1=O)c1ccc(N2CCCCC2)cc1,train
CHEMBL1765715,Cc1ccc(NC(=O)c2ccc(CCl)cc2)cc1Nc1nccc(-c2cccnc2)n1,WUGWDFMSJPJUEZ,-1,1,-1,O=C(Nc1cccc(Nc2nccc(-c3cccnc3)n2)c1)c1ccccc1,train
CHEMBL1765770,CC(C)(C)c1ccc(C(=O)Nc2cc(-c3ccncc3)c[nH]c2=O)cc1,GJYHDNFJPKFHRH,-1,1,-1,O=C(Nc1cc(-c2ccncc2)c[nH]c1=O)c1ccccc1,train
CHEMBL1765772,CN(C)c1ccc(C(=O)Nc2cc(-c3ccncc3)c[nH]c2=O)cc1,QWIXHSWNLCNTEE,-1,1,-1,O=C(Nc1cc(-c2ccncc2)c[nH]c1=O)c1ccccc1,train
CHEMBL1765774,CNc1cc(-c2c[nH]c(=O)c(NC(=O)c3ccc(N4CCCCC4)cc3)c2)ccn1,PQJDGKYKJGBRBM,-1,1,-1,O=C(Nc1cc(-c2ccncc2)c[nH]c1=O)c1ccc(N2CCCCC2)cc1,train
CHEMBL1765775,CNc1cc(-c2c[nH]c(=O)c(NC(=O)c3ccc(N4CCCCC4)cc3)c2)ncn1,FHTBSCKDUYIEAH,-1,1,-1,O=C(Nc1cc(-c2ccncn2)c[nH]c1=O)c1ccc(N2CCCCC2)cc1,train
CHEMBL1765776,CNc1cccc(-c2c[nH]c(=O)c(NC(=O)c3ccc(N4CCCCC4)cc3)c2)c1,PIOIZXPRZMZSES,-1,1,-1,O=C(Nc1cc(-c2ccccc2)c[nH]c1=O)c1ccc(N2CCCCC2)cc1,train
CHEMBL1765779,CNc1cncc(-c2c[nH]c(=O)c(NC(=O)c3ccc(N4CCCCC4)cc3)c2)n1,FLYUZXCAEXNRKM,-1,1,-1,O=C(Nc1cc(-c2cnccn2)c[nH]c1=O)c1ccc(N2CCCCC2)cc1,train
CHEMBL1765783,CNc1cc(F)cc(-c2c[nH]c(=O)c(NC(=O)c3ccc(N4CCC[C@H]4CN4CCCC4)cc3)c2)c1,NZDYHNKIVWAKJP,-1,1,-1,O=C(Nc1cc(-c2ccccc2)c[nH]c1=O)c1ccc(N2CCCC2CN2CCCC2)cc1,train
CHEMBL1765784,CNc1cc(C#N)cc(-c2c[nH]c(=O)c(NC(=O)c3ccc(N4CCC[C@H]4CN4CCCC4)cc3)c2)c1,WQFCZTFEEFAYIY,-1,1,-1,O=C(Nc1cc(-c2ccccc2)c[nH]c1=O)c1ccc(N2CCCC2CN2CCCC2)cc1,train
CHEMBL1779201,CC1(C)c2cc(N3CCN(C4COC4)CC3)ccc2C(=O)c2c1[nH]c1cc(C#N)ccc21,YKKQUJHYJQWYHQ,-1,1,-1,O=C1c2ccc(N3CCN(C4COC4)CC3)cc2Cc2[nH]c3ccccc3c21,train
CHEMBL178455,COc1cc2nccc(Oc3ccc(NC(=O)Nc4ccc(F)cc4F)c(F)c3)c2cc1OC,LFKQSJNCVRGFCC,-1,1,-1,O=C(Nc1ccccc1)Nc1ccc(Oc2ccnc3ccccc23)cc1,train
CHEMBL1823219,Cc1cc2c(cc1N1CCN(C3COC3)CC1)C(C)(C)c1[nH]c3cc(C#N)ccc3c1C2=O,XLCNXDDEUFFHJM,-1,1,-1,O=C1c2ccc(N3CCN(C4COC4)CC3)cc2Cc2[nH]c3ccccc3c21,train
CHEMBL1835740,COc1ccc(Nc2nc(N)n(-c3ccccn3)n2)cc1OC,VSNJCPXJAHKLRS,-1,1,-1,c1ccc(Nc2ncn(-c3ccccn3)n2)cc1,train
CHEMBL1835741,COc1ccccc1Nc1nc(N)n(-c2ccccn2)n1,FELCCLMGXTVEGI,-1,1,-1,c1ccc(Nc2ncn(-c3ccccn3)n2)cc1,train
CHEMBL1835749,Nc1nc(Nc2ccc(C(=O)NCCN3CCOCC3)cc2)nn1-c1ccccn1,CNWWATUNBGEOQE,-1,1,-1,O=C(NCCN1CCOCC1)c1ccc(Nc2ncn(-c3ccccn3)n2)cc1,train
CHEMBL1835865,CC(=O)Nc1ccc(Nc2nc(N)n(-c3ccccn3)n2)cc1,UHENAIWHWGKWLJ,-1,1,-1,c1ccc(Nc2ncn(-c3ccccn3)n2)cc1,train
CHEMBL1835866,CC(=O)Nc1cccc(Nc2nc(N)n(-c3ccccn3)n2)c1,AOLQSKKQHIKRMB,-1,1,-1,c1ccc(Nc2ncn(-c3ccccn3)n2)cc1,train
CHEMBL1908391,Cc1ccc(NC(=O)c2ccc(CN3CCN(C)CC3)cc2)cc1Nc1nc(-c2cccnc2)cs1,WJEOLQLKVOPQFV,-1,1,-1,O=C(Nc1cccc(Nc2nc(-c3cccnc3)cs2)c1)c1ccc(CN2CCNCC2)cc1,train
CHEMBL1908842,CN(C)CC(=O)N1CCC(c2ccc(NC(=O)c3nc(C#N)c[nH]3)c(C3=CCCCC3)c2)CC1,GUBJNPWVIUFSTR,-1,1,-1,O=C(Nc1ccc(C2CCNCC2)cc1C1=CCCCC1)c1ncc[nH]1,train
CHEMBL194236,Cc1sc2ncnc(N)c2c1-c1ccc(NC(=O)Nc2ccc(Br)cc2)cc1,QOKKLGWZLSTDCY,-1,1,-1,O=C(Nc1ccccc1)Nc1ccc(-c2csc3ncncc23)cc1,train
CHEMBL194321,Cc1sc2ncnc(N)c2c1-c1ccc(NC(=O)Nc2ccccc2Cl)cc1,KSEOVHZSVHYNMT,-1,1,-1,O=C(Nc1ccccc1)Nc1ccc(-c2csc3ncncc23)cc1,train
CHEMBL194366,COc1cc(NC(=O)Nc2cccc(C)c2)ccc1-c1csc2ncnc(N)c12,AUEDINJRBZYSTK,-1,1,-1,O=C(Nc1ccccc1)Nc1ccc(-c2csc3ncncc23)cc1,train
CHEMBL1945170,CN(C)CCCc1cccc(Nc2ncc3c(n2)-c2ccc(Cl)cc2NC(=S)C3)c1,QUFVOKRHVJFMNM,-1,1,1,S=C1Cc2cnc(Nc3ccccc3)nc2-c2ccccc2N1,train
CHEMBL1945171,Cc1ccc(CCCN(C)C)cc1Nc1ncc2c(n1)-c1ccc(Cl)cc1NC(=S)C2,IAIOBCSUUBVREO,-1,1,1,S=C1Cc2cnc(Nc3ccccc3)nc2-c2ccccc2N1,train
CHEMBL1945172,CN(C)CCCc1ccc(Cl)c(Nc2ncc3c(n2)-c2ccc(Cl)cc2NC(=S)C3)c1,GGHUWFIXZDQNHR,-1,1,1,S=C1Cc2cnc(Nc3ccccc3)nc2-c2ccccc2N1,train
CHEMBL1945803,CN(C)CCCc1cncc(Nc2ncc3c(n2)-c2ccc(Cl)cc2NC(=S)C3)c1,AAVMTXYKUJWQBU,-1,1,1,S=C1Cc2cnc(Nc3cccnc3)nc2-c2ccccc2N1,train
CHEMBL1945804,Cc1ncc(CCCN(C)C)cc1Nc1ncc2c(n1)-c1ccc(Cl)cc1NC(=S)C2,MYVQSDVXBZNNLF,-1,1,1,S=C1Cc2cnc(Nc3cccnc3)nc2-c2ccccc2N1,train
CHEMBL195828,CCOC(=O)c1cccc(NC(=O)Nc2ccc(-c3c(C)sc4ncnc(N)c34)cc2)c1,ZPSOPISMMLGQIU,-1,1,-1,O=C(Nc1ccccc1)Nc1ccc(-c2csc3ncncc23)cc1,train
CHEMBL195955,Cc1sc2ncnc(N)c2c1-c1ccc(NC(=O)Nc2cccc(Br)c2)cc1,VHMGFCASMVCMMO,-1,1,-1,O=C(Nc1ccccc1)Nc1ccc(-c2csc3ncncc23)cc1,train
CHEMBL196363,Cc1cccc(NC(=O)Nc2ccc(-c3csc4ncnc(N)c34)cc2)c1,DZSUJUOJJJCWGG,-1,1,-1,O=C(Nc1ccccc1)Nc1ccc(-c2csc3ncncc23)cc1,train
CHEMBL196499,Cc1sc2ncnc(N)c2c1-c1ccc(NC(=O)Nc2ccc(F)cc2)cc1,WGRSUBGGVRCDHQ,-1,1,-1,O=C(Nc1ccccc1)Nc1ccc(-c2csc3ncncc23)cc1,train
CHEMBL196615,Cc1cccc(NC(=O)Nc2ccc(-c3csc4ncnc(N)c34)cc2Cl)c1,HWUKVYPOCLJTSN,-1,1,-1,O=C(Nc1ccccc1)Nc1ccc(-c2csc3ncncc23)cc1,train
CHEMBL196636,Cc1cccc(NC(=O)Nc2ccc(-c3c(CCN(C)C)sc4ncnc(N)c34)cc2)c1,UUEOQZKZFDNZCH,-1,1,-1,O=C(Nc1ccccc1)Nc1ccc(-c2csc3ncncc23)cc1,train
CHEMBL196747,Cc1sc2ncnc(N)c2c1-c1ccc(NC(=O)Nc2cccc(F)c2)cc1,KNKIKEKAVNITNK,-1,1,-1,O=C(Nc1ccccc1)Nc1ccc(-c2csc3ncncc23)cc1,train
CHEMBL1969102,Cc1cccc(NC(=O)Nc2ccc(-c3csc4c(-c5cn[nH]c5)cnc(N)c34)cc2)c1,UGEJLCNSVIVALC,-1,1,-1,O=C(Nc1ccccc1)Nc1ccc(-c2csc3c(-c4cn[nH]c4)cncc23)cc1,train
CHEMBL197353,Cc1cccc(NC(=O)Nc2ccc(-c3c(CCO)sc4ncnc(N)c34)cc2)c1,XLDWKHLQBFECEA,-1,1,-1,O=C(Nc1ccccc1)Nc1ccc(-c2csc3ncncc23)cc1,train
CHEMBL197592,Cc1sc2ncnc(N)c2c1-c1ccc(NC(=O)Nc2ccccc2)cc1,LIEYHNMAMBIXPW,-1,1,-1,O=C(Nc1ccccc1)Nc1ccc(-c2csc3ncncc23)cc1,train
CHEMBL197635,Cc1cccc(NC(=O)Nc2ccc(-c3c(CCC(N)=O)sc4ncnc(N)c34)cc2)c1,AOQSEIRRISHVNQ,-1,1,-1,O=C(Nc1ccccc1)Nc1ccc(-c2csc3ncncc23)cc1,train
CHEMBL198155,COCCc1sc2ncnc(N)c2c1-c1ccc(NC(=O)Nc2cccc(C)c2)cc1,ACOWAIUKUFGHLY,-1,1,-1,O=C(Nc1ccccc1)Nc1ccc(-c2csc3ncncc23)cc1,train
CHEMBL198267,Cc1ccc(NC(=O)Nc2ccc(-c3c(C)sc4ncnc(N)c34)cc2)cc1,GPKUCJXJHXAHGN,-1,1,-1,O=C(Nc1ccccc1)Nc1ccc(-c2csc3ncncc23)cc1,train
CHEMBL198297,Cc1cccc(NC(=O)Nc2ccc(-c3c(CCCO)sc4ncnc(N)c34)cc2)c1,QFPRMYTURWHCEE,-1,1,-1,O=C(Nc1ccccc1)Nc1ccc(-c2csc3ncncc23)cc1,train
CHEMBL198601,CNC(=O)CCc1sc2ncnc(N)c2c1-c1ccc(NC(=O)Nc2cccc(C)c2)cc1,QNZSSHZYZBZUPX,-1,1,-1,O=C(Nc1ccccc1)Nc1ccc(-c2csc3ncncc23)cc1,train
CHEMBL19954,COc1ccc2[nH]c3c(C)c4ccncc4c(C)c3c2c1,BKRMCDAOAQWNTG,-1,1,-1,c1ccc2c(c1)[nH]c1cc3ccncc3cc12,train
CHEMBL2004290,COc1ccc(NC(=O)Nc2ccc(-c3csc4c(-c5cnn(CC(C)(C)O)c5)cnc(N)c34)cc2)cc1,ADLPKFFMGIJZIM,-1,1,-1,O=C(Nc1ccccc1)Nc1ccc(-c2csc3c(-c4cn[nH]c4)cncc23)cc1,train
CHEMBL2012519,COc1cc(O)c2c(c1)CCC[C@H](O)[C@H](O)C(=O)/C=C\C[C@H](C)OC2=O,QXPNJMHRUZCEAP,-1,1,-1,O=C1C=CCCOC(=O)c2ccccc2CCCCC1,train
CHEMBL2018882,COc1cc2ncnc(Oc3ccc(NC(=O)Nc4cccc(Br)c4)cc3)c2cc1OC,SHKVYTQIJOOEMA,-1,1,1,O=C(Nc1ccccc1)Nc1ccc(Oc2ncnc3ccccc23)cc1,train
CHEMBL2096839,Cc1ccc(NC(=O)NCc2ccc(-c3n[nH]c4c3Cc3ccc(CN5CCN(C)CC5)cc3-4)s2)cc1,ATULXEYLXXNOLJ,-1,1,-1,O=C(NCc1ccc(-c2n[nH]c3c2Cc2ccc(CN4CCNCC4)cc2-3)s1)Nc1ccccc1,train
CHEMBL209919,Cc1cc(C)cc(NC(=O)NCc2ccc(-c3n[nH]c4c3Cc3cc(CN5CCN(C)CC5)ccc3-4)s2)c1,KWHMNEURGOHDLA,-1,1,-1,O=C(NCc1ccc(-c2n[nH]c3c2Cc2cc(CN4CCNCC4)ccc2-3)s1)Nc1ccccc1,train
CHEMBL209922,CN1CCN(Cc2ccc3c(c2)Cc2c(-c4ccc(CNC(=O)Nc5ccccc5Cl)s4)n[nH]c2-3)CC1,UQFZISWYRJDTJJ,-1,1,-1,O=C(NCc1ccc(-c2n[nH]c3c2Cc2cc(CN4CCNCC4)ccc2-3)s1)Nc1ccccc1,train
CHEMBL210070,Cc1cccc(NC(=O)N(Cc2ccc(-c3[nH]nc4c3Cc3cc(CN5CCN(C)CC5)ccc3-4)s2)CC(C)C)c1,CODNFAROPXKNHK,-1,0,-1,O=C(NCc1ccc(-c2[nH]nc3c2Cc2cc(CN4CCNCC4)ccc2-3)s1)Nc1ccccc1,train
CHEMBL210113,CN1CCN(Cc2ccc3c(c2)-c2[nH]nc(-c4ccc(CNC(=O)Nc5ccccc5)s4)c2C3)CC1,YJOMLCNZKKWNEJ,-1,1,-1,O=C(NCc1ccc(-c2n[nH]c3c2Cc2ccc(CN4CCNCC4)cc2-3)s1)Nc1ccccc1,train
CHEMBL211464,CN1CCN(Cc2ccc3c(c2)-c2n[nH]c(-c4ccc(CN(C)C(=O)Nc5ccc(Br)cc5)s4)c2C3)CC1,VJRMARZDCXLFER,-1,1,-1,O=C(NCc1ccc(-c2[nH]nc3c2Cc2ccc(CN4CCNCC4)cc2-3)s1)Nc1ccccc1,train
CHEMBL212762,CN1CCN(Cc2ccc3c(c2)Cc2c(-c4ccc(CNC(=O)Nc5ccc(C(F)(F)F)cc5)s4)n[nH]c2-3)CC1,ISGHDAOLUCVKHI,-1,1,-1,O=C(NCc1ccc(-c2n[nH]c3c2Cc2cc(CN4CCNCC4)ccc2-3)s1)Nc1ccccc1,train
CHEMBL212932,CN1CCN(Cc2ccc3c(c2)-c2n[nH]c(-c4ccc(CN(C)C(=O)Nc5ccc(OC(F)(F)F)cc5)s4)c2C3)CC1,QDCNUYNTRDKBDB,-1,1,-1,O=C(NCc1ccc(-c2[nH]nc3c2Cc2ccc(CN4CCNCC4)cc2-3)s1)Nc1ccccc1,train
CHEMBL212985,Cc1ccccc1NC(=O)NCc1ccc(-c2n[nH]c3c2Cc2ccc(CN4CCN(C)CC4)cc2-3)s1,IKKIBNZCYWKUSQ,-1,1,-1,O=C(NCc1ccc(-c2n[nH]c3c2Cc2ccc(CN4CCNCC4)cc2-3)s1)Nc1ccccc1,train
CHEMBL212986,CN1CCN(Cc2ccc3c(c2)Cc2c(-c4ccc(CNC(=O)Nc5cccc(C(F)(F)F)c5)s4)n[nH]c2-3)CC1,YBPBYWHVRLZISQ,-1,1,-1,O=C(NCc1ccc(-c2n[nH]c3c2Cc2cc(CN4CCNCC4)ccc2-3)s1)Nc1ccccc1,train
CHEMBL212987,Cc1cccc(N(C)C(=O)N(C)Cc2ccc(-c3[nH]nc4c3Cc3cc(CN5CCN(C)CC5)ccc3-4)s2)c1,FGFDHWMIOOKYRG,-1,0,-1,O=C(NCc1ccc(-c2[nH]nc3c2Cc2cc(CN4CCNCC4)ccc2-3)s1)Nc1ccccc1,train
CHEMBL213504,Nc1ncnc2snc(-c3ccc(NC(=O)Nc4cccc(C(F)(F)F)c4)cc3)c12,KIXJPVWFCZCXOL,-1,1,-1,O=C(Nc1ccccc1)Nc1ccc(-c2nsc3ncncc23)cc1,train
CHEMBL213507,Cc1cccc(NC(=O)NCc2ccc(-c3n[nH]c4c3Cc3cc(CN5CCN(C)CC5)ccc3-4)s2)c1,JBIAJPDELARJKZ,-1,1,-1,O=C(NCc1ccc(-c2n[nH]c3c2Cc2cc(CN4CCNCC4)ccc2-3)s1)Nc1ccccc1,train
CHEMBL213618,CNc1nccc(-c2ccc(C(=O)N[C@H](CN)Cc3ccc(Cl)cc3Cl)s2)n1,HHOVRZGUSBMKKU,-1,1,-1,O=C(NCCc1ccccc1)c1ccc(-c2ccncn2)s1,train
CHEMBL213910,CN1CCN(Cc2ccc3c(c2)-c2n[nH]c(-c4ccc(CN(C)C(=O)Nc5cccc(C(F)(F)F)c5)s4)c2C3)CC1,UKSRSPVTFVLKRY,-1,1,-1,O=C(NCc1ccc(-c2[nH]nc3c2Cc2ccc(CN4CCNCC4)cc2-3)s1)Nc1ccccc1,train
CHEMBL214109,CON(Cc1ccc(-c2[nH]nc3c2Cc2cc(CN4CCN(C)CC4)ccc2-3)s1)C(=O)Nc1cccc(C)c1,CXFVPKALCDVPST,-1,1,-1,O=C(NCc1ccc(-c2[nH]nc3c2Cc2cc(CN4CCNCC4)ccc2-3)s1)Nc1ccccc1,train
CHEMBL214161,Cc1cccc(NC(=O)NCc2ccc(-c3n[nH]c4c3Cc3ccc(CN5CCN(C)CC5)cc3-4)s2)c1,XXYYDISQRRATPH,-1,1,-1,O=C(NCc1ccc(-c2n[nH]c3c2Cc2ccc(CN4CCNCC4)cc2-3)s1)Nc1ccccc1,train
CHEMBL214258,Nc1ncnc2snc(-c3ccc(NC(=O)Nc4cc(C(F)(F)F)ccc4F)cc3)c12,CBCKPZZVJQHROG,-1,1,-1,O=C(Nc1ccccc1)Nc1ccc(-c2nsc3ncncc23)cc1,train
CHEMBL215417,CN1CCN(Cc2ccc3c(c2)Cc2c(-c4ccc(CNC(=O)Nc5ccccc5C(F)(F)F)s4)n[nH]c2-3)CC1,OLXWFZOBAFYNHM,-1,0,-1,O=C(NCc1ccc(-c2n[nH]c3c2Cc2cc(CN4CCNCC4)ccc2-3)s1)Nc1ccccc1,train
CHEMBL2158225,N#Cc1cnc(C(=O)Nc2ccc(C3CCN(CCO)CC3)cc2C2=CCCCC2)[nH]1,QPSVRPUGGFUWCH,-1,1,-1,O=C(Nc1ccc(C2CCNCC2)cc1C1=CCCCC1)c1ncc[nH]1,train
CHEMBL2158227,CS(=O)(=O)CCN1CCC(c2ccc(NC(=O)c3nc(C#N)c[nH]3)c(C3=CCCCC3)c2)CC1,SPZDCHRXPBSIHM,-1,1,-1,O=C(Nc1ccc(C2CCNCC2)cc1C1=CCCCC1)c1ncc[nH]1,train
CHEMBL2158300,CC(C)(N)CC(=O)N1CCC(c2ccc(NC(=O)c3ncc(C#N)[nH]3)c(C3=CCCCC3)c2)CC1,DEPRXLRJLFPMSV,-1,1,-1,O=C(Nc1ccc(C2CCNCC2)cc1C1=CCCCC1)c1ncc[nH]1,train
CHEMBL215948,CN1CCN(Cc2ccc3c(c2)-c2n[nH]c(-c4ccc(CN(C)C(=O)Nc5ccc(Cl)c(Cl)c5)s4)c2C3)CC1,LWAMOKCDAHOWOM,-1,1,-1,O=C(NCc1ccc(-c2[nH]nc3c2Cc2ccc(CN4CCNCC4)cc2-3)s1)Nc1ccccc1,train
CHEMBL2171124,Cn1cc(-c2ccc3c(c2)CCN3C(=O)Cc2cccc(C(F)(F)F)c2)c2c(N)ncnc21,SIXVRXARNAVBTC,-1,1,-1,O=C(Cc1ccccc1)N1CCc2cc(-c3c[nH]c4ncncc34)ccc21,train
CHEMBL2180602,CCN(CC)CCNC(=O)c1c(C)[nH]c2c1CCC/C2=C1/C(=O)Nc2ccc(F)cc21,KGSRYTUWXUESJK,-1,1,1,O=C1Nc2ccccc2C1=C1CCCc2cc[nH]c21,train
CHEMBL219722,Nc1n[nH]c2cccc(-c3ccc(NC(=O)Nc4ccccc4)cc3)c12,UXMNYFJHEBEDJS,-1,1,-1,O=C(Nc1ccccc1)Nc1ccc(-c2cccc3[nH]ncc23)cc1,train
CHEMBL219727,Cc1cccc(NC(=O)Nc2ccc(-c3ccc(Br)c4[nH]nc(N)c34)cc2)c1,KJIQOAPOQQAKNT,-1,1,-1,O=C(Nc1ccccc1)Nc1ccc(-c2cccc3[nH]ncc23)cc1,train
CHEMBL219774,CCN(CC)CCOc1ccc(-c2ccc(NC(=O)Nc3cccc(C)c3)cc2)c2c(N)n[nH]c12,ILTQFFVJLSZIER,-1,1,-1,O=C(Nc1ccccc1)Nc1ccc(-c2cccc3[nH]ncc23)cc1,train
CHEMBL219887,Cc1cccc(NC(=O)Nc2ccc(-c3ccc(C)c4[nH]nc(N)c34)cc2)c1,FPQYONGXMYWJCL,-1,1,-1,O=C(Nc1ccccc1)Nc1ccc(-c2cccc3[nH]ncc23)cc1,train
CHEMBL219998,COc1ccc(-c2ccc(NC(=O)Nc3cccc(C)c3)cc2)c2c(N)n[nH]c12,MUUMAOMIQCDWLM,-1,1,-1,O=C(Nc1ccccc1)Nc1ccc(-c2cccc3[nH]ncc23)cc1,train
CHEMBL220049,Nc1n[nH]c2cccc(-c3ccc(NC(=O)Nc4ccc(F)cc4)cc3)c12,RPCMGDNNIFRGGQ,-1,1,-1,O=C(Nc1ccccc1)Nc1ccc(-c2cccc3[nH]ncc23)cc1,train
CHEMBL220057,Cc1cccc(NC(=O)Nc2ccc(-c3cccc4[nH]nc(N)c34)cc2)c1,SPMHGQZFMNZCBV,-1,1,-1,O=C(Nc1ccccc1)Nc1ccc(-c2cccc3[nH]ncc23)cc1,train
CHEMBL2203434,CCN1CCC(Oc2ccc(C(=O)Nc3ccc(NC(=O)Nc4cc(C(C)(C)C)on4)cc3)nc2)CC1,GVFQHBBRWBJGNU,-1,1,-1,O=C(Nc1ccc(NC(=O)c2ccc(OC3CCNCC3)cn2)cc1)Nc1ccon1,train
CHEMBL2206277,CN1C(C)(C)CC(Oc2ccc(C(=O)Nc3ccc(NC(=O)Nc4cc(C(C)(C)C)on4)cc3)nc2)CC1(C)C,INOASWZOZPQAQM,-1,1,-1,O=C(Nc1ccc(NC(=O)c2ccc(OC3CCNCC3)cn2)cc1)Nc1ccon1,train
CHEMBL2206278,CCN1C(C)(C)CC(Oc2ccc(C(=O)Nc3ccc(NC(=O)Nc4cc(C(C)(C)C)on4)cc3)nc2)CC1(C)C,JVCWPUFNLFSKFS,-1,1,-1,O=C(Nc1ccc(NC(=O)c2ccc(OC3CCNCC3)cn2)cc1)Nc1ccon1,train
CHEMBL2208034,O=C(Nc1ccc(-c2ccnc(Nc3ccc(N4CCOCC4)cc3)n2)cc1)[C@H]1CCCN1,ISOCDPQFIXDIMS,-1,1,1,O=C(Nc1ccc(-c2ccnc(Nc3ccc(N4CCOCC4)cc3)n2)cc1)C1CCCN1,train
CHEMBL221053,CCc1cccc(NC(=O)Nc2ccc(-c3cccc4[nH]nc(N)c34)cc2)c1,BNFKHGHCITYDOT,-1,1,-1,O=C(Nc1ccccc1)Nc1ccc(-c2cccc3[nH]ncc23)cc1,train
CHEMBL222315,Nc1n[nH]c2cccc(-c3ccc(NC(=O)C4CCCCC4)cc3)c12,ICAGRINJJFYTOB,-1,1,-1,O=C(Nc1ccc(-c2cccc3[nH]ncc23)cc1)C1CCCCC1,train
CHEMBL222728,Nc1n[nH]c2cccc(-c3ccc(NC(=O)Nc4cccc(Br)c4)cc3)c12,UXMFBYKMSDEWOW,-1,1,-1,O=C(Nc1ccccc1)Nc1ccc(-c2cccc3[nH]ncc23)cc1,train
CHEMBL223185,Nc1n[nH]c2cccc(-c3ccc(NC(=O)c4ccccc4)cc3)c12,ZBWAOEUPXWDTQS,-1,0,-1,O=C(Nc1ccc(-c2cccc3[nH]ncc23)cc1)c1ccccc1,train
CHEMBL223220,Cc1cccc(NC(=O)N(C)Cc2ccc(-c3n[nH]c4c3Cc3ccc(CN5CCN(C)CC5)cc3-4)s2)c1,NEJMZWVLFRWQSG,-1,1,-1,O=C(NCc1ccc(-c2n[nH]c3c2Cc2ccc(CN4CCNCC4)cc2-3)s1)Nc1ccccc1,train
CHEMBL223304,Nc1n[nH]c2cccc(-c3ccc(NC(=O)Nc4cccc(O)c4)cc3)c12,OPTYQCYBVIBKCC,-1,1,-1,O=C(Nc1ccccc1)Nc1ccc(-c2cccc3[nH]ncc23)cc1,train
CHEMBL223360,Cc1ccc(F)c(NC(=O)Nc2ccc(-c3cccc4[nH]nc(N)c34)cc2)c1,MPVGZUGXCQEXTM,-1,1,1,O=C(Nc1ccccc1)Nc1ccc(-c2cccc3[nH]ncc23)cc1,train
CHEMBL223361,Nc1n[nH]c2cccc(-c3ccc(NC(=O)Nc4cc(C(F)(F)F)ccc4F)cc3)c12,JBAAMDZTSDRVLV,-1,1,-1,O=C(Nc1ccccc1)Nc1ccc(-c2cccc3[nH]ncc23)cc1,train
CHEMBL223528,COCCOc1ccc(-c2ccc(NC(=O)Nc3cccc(C)c3)cc2)c2c(N)n[nH]c12,CPMMIVUAUOMULB,-1,1,-1,O=C(Nc1ccccc1)Nc1ccc(-c2cccc3[nH]ncc23)cc1,train
CHEMBL223572,Cc1cccc(NC(=O)Nc2ccc(-c3ccc(CN4CCOCC4)c4[nH]nc(N)c34)cc2)c1,TWVXVSDWFBDEBO,-1,1,-1,O=C(Nc1ccccc1)Nc1ccc(-c2ccc(CN3CCOCC3)c3[nH]ncc23)cc1,train
CHEMBL223583,Nc1n[nH]c2cccc(-c3ccc(NC(=O)Nc4ccccc4F)cc3)c12,VVCCQOIZUNRHOM,-1,1,-1,O=C(Nc1ccccc1)Nc1ccc(-c2cccc3[nH]ncc23)cc1,train
CHEMBL223790,Cc1cccc(NC(=O)Nc2ccc(-c3ccc(OCCN4CCCC4)c4[nH]nc(N)c34)cc2)c1,CQQHPXAPMGAALV,-1,1,-1,O=C(Nc1ccccc1)Nc1ccc(-c2ccc(OCCN3CCCC3)c3[nH]ncc23)cc1,train
CHEMBL223971,COCCOCC#Cc1cc(-c2n[nH]c3c2Cc2ccc(Cn4cncn4)cc2-3)cs1,UVNBMNWTGOQKQF,-1,1,-1,c1ncn(Cc2ccc3c(c2)-c2[nH]nc(-c4ccsc4)c2C3)n1,train
CHEMBL225248,Cc1cccc(NC(=O)N(C)Cc2ccc(-c3n[nH]c4c3Cc3cc(CN5CCN(C)CC5)ccc3-4)s2)c1,HGFXSKQDBRUULO,-1,0,-1,O=C(NCc1ccc(-c2n[nH]c3c2Cc2cc(CN4CCNCC4)ccc2-3)s1)Nc1ccccc1,train
CHEMBL2311808,Cc1cn(-c2cccc(NC(=O)c3ccc(C)c(Nc4nccc(-c5cccnc5)n4)c3)c2)cn1,DIMLYBUSJYNUFT,-1,1,0,O=C(Nc1cccc(-n2ccnc2)c1)c1cccc(Nc2nccc(-c3cccnc3)n2)c1,train
CHEMBL231568,CNC(=O)c1cc(Oc2ccc3oc(Nc4ccc(Cl)c(OC[C@@H]5CCCN5C)c4)nc3c2)ccn1,KMNCFOUKJYOZIF,-1,1,-1,c1cc(Nc2nc3cc(Oc4ccncc4)ccc3o2)cc(OCC2CCCN2)c1,train
CHEMBL2331602,Cc1cccc(NC(=O)c2ccc(C)c(C#Cc3cnc4ccnn4c3)c2)c1,FLOSOQYXYAJVAG,-1,1,-1,O=C(Nc1ccccc1)c1cccc(C#Cc2cnc3ccnn3c2)c1,train
CHEMBL2336006,Cc1cc(C)cc(NC(=O)c2ccc(C)c(C#Cc3cnc4ccnn4c3)c2)c1,UYAJMVJVPHCOJN,-1,1,-1,O=C(Nc1ccccc1)c1cccc(C#Cc2cnc3ccnn3c2)c1,train
CHEMBL2336008,Cc1ccc(C(=O)Nc2cc(CN3CCN(C)CC3)cc(C(F)(F)F)c2)cc1C#Cc1cnc2ccnn2c1,MXYXKUBTRKHYAM,-1,1,-1,O=C(Nc1cccc(CN2CCNCC2)c1)c1cccc(C#Cc2cnc3ccnn3c2)c1,train
CHEMBL2336009,Cc1cc(CN2CCN(C)CC2)cc(NC(=O)c2ccc(C)c(C#Cc3cnc4ccnn4c3)c2)c1,CZCBVFVSSWZKPW,-1,1,-1,O=C(Nc1cccc(CN2CCNCC2)c1)c1cccc(C#Cc2cnc3ccnn3c2)c1,train
CHEMBL2336010,Cc1ccc(C(=O)Nc2cc(Cl)cc(CN3CCN(C)CC3)c2)cc1C#Cc1cnc2ccnn2c1,ZHAGZTJIWAFRBI,-1,1,-1,O=C(Nc1cccc(CN2CCNCC2)c1)c1cccc(C#Cc2cnc3ccnn3c2)c1,train
CHEMBL2336011,COc1cc(CN2CCN(C)CC2)cc(NC(=O)c2ccc(C)c(C#Cc3cnc4ccnn4c3)c2)c1,DNMQPIQPJLMWPY,-1,1,-1,O=C(Nc1cccc(CN2CCNCC2)c1)c1cccc(C#Cc2cnc3ccnn3c2)c1,train
CHEMBL2336017,CN1CCN(Cc2cc(NC(=O)c3cccc(C#Cc4cnc5ccnn5c4)c3)cc(C(F)(F)F)c2)CC1,GYBZVTMKISJGBF,-1,1,-1,O=C(Nc1cccc(CN2CCNCC2)c1)c1cccc(C#Cc2cnc3ccnn3c2)c1,train
CHEMBL2336018,COc1ccc(NC(=O)c2ccc(C)c(C#Cc3cnc4ccnn4c3)c2)cc1,WRMITRKGBHCESG,-1,1,-1,O=C(Nc1ccccc1)c1cccc(C#Cc2cnc3ccnn3c2)c1,train
CHEMBL2336019,Cc1ccc(C(=O)Nc2cccc(Br)c2)cc1C#Cc1cnc2ccnn2c1,WHHSWSVEDVSZHP,-1,1,-1,O=C(Nc1ccccc1)c1cccc(C#Cc2cnc3ccnn3c2)c1,train
CHEMBL2336020,Cc1ccc(C(=O)Nc2cccc(I)c2)cc1C#Cc1cnc2ccnn2c1,QCSTWBWDCAMLSP,-1,1,-1,O=C(Nc1ccccc1)c1cccc(C#Cc2cnc3ccnn3c2)c1,train
CHEMBL2336021,Cc1ccc(C(=O)Nc2cccc(C(F)(F)F)c2)cc1C#Cc1cnc2ccnn2c1,LAXWYKGMTZIWKO,-1,1,-1,O=C(Nc1ccccc1)c1cccc(C#Cc2cnc3ccnn3c2)c1,train
CHEMBL2336023,Cc1ccc(C(=O)Nc2cccc(OC(C)C)c2)cc1C#Cc1cnc2ccnn2c1,MFZCBEQXFXXPNC,-1,1,-1,O=C(Nc1ccccc1)c1cccc(C#Cc2cnc3ccnn3c2)c1,train
CHEMBL2336024,Cc1ccc(C(=O)Nc2cccc(N(C)C)c2)cc1C#Cc1cnc2ccnn2c1,RMTWWCQSUKKIAZ,-1,1,-1,O=C(Nc1ccccc1)c1cccc(C#Cc2cnc3ccnn3c2)c1,train
CHEMBL2336025,Cc1ccc(C(=O)Nc2cccc(-n3ccnc3)c2)cc1C#Cc1cnc2ccnn2c1,VVIMBTCNEFBEEY,-1,1,-1,O=C(Nc1cccc(-n2ccnc2)c1)c1cccc(C#Cc2cnc3ccnn3c2)c1,train
CHEMBL2336026,Cc1cn(-c2cccc(NC(=O)c3ccc(C)c(C#Cc4cnc5ccnn5c4)c3)c2)cn1,VNWJQJZPFFNAKE,-1,1,-1,O=C(Nc1cccc(-n2ccnc2)c1)c1cccc(C#Cc2cnc3ccnn3c2)c1,train
CHEMBL2336027,Cc1ccc(C(=O)Nc2cccc(CN3CCN(C)CC3)c2)cc1C#Cc1cnc2ccnn2c1,ABFDFDOPULQNHT,-1,1,-1,O=C(Nc1cccc(CN2CCNCC2)c1)c1cccc(C#Cc2cnc3ccnn3c2)c1,train
CHEMBL2336028,Cc1ccc(C(=O)NC(C)C)cc1C#Cc1cnc2ccnn2c1,LIGJIQAEZFSGOU,-1,1,-1,C(#Cc1cnc2ccnn2c1)c1ccccc1,train
CHEMBL2336029,CCCCNC(=O)c1ccc(C)c(C#Cc2cnc3ccnn3c2)c1,PFQKMGZTPAMJKD,-1,1,-1,C(#Cc1cnc2ccnn2c1)c1ccccc1,train
CHEMBL2336030,Cc1ccc(C(=O)NCC(C)C)cc1C#Cc1cnc2ccnn2c1,CUXDTXRODFHEHG,-1,1,-1,C(#Cc1cnc2ccnn2c1)c1ccccc1,train
CHEMBL2336031,Cc1ccc(C(=O)NC2CCCCC2)cc1C#Cc1cnc2ccnn2c1,ZFRVWRQOQJYXCC,-1,1,-1,O=C(NC1CCCCC1)c1cccc(C#Cc2cnc3ccnn3c2)c1,train
CHEMBL2336033,Cc1ccc(C(=O)Nc2ccccc2)cc1C#Cc1cnc2ccnn2c1,RRUSGGIRDBKDGI,-1,1,-1,O=C(Nc1ccccc1)c1cccc(C#Cc2cnc3ccnn3c2)c1,train
CHEMBL2336035,Cc1ccc(NC(=O)c2ccc(C)c(C#Cc3cnc4ccnn4c3)c2)cc1,BCABRBNGPCXUDA,-1,1,-1,O=C(Nc1ccccc1)c1cccc(C#Cc2cnc3ccnn3c2)c1,train
CHEMBL2336037,Cc1ccc(C(=O)Nc2cccc(Cl)c2)cc1C#Cc1cnc2ccnn2c1,PSBGROLQRNSAMY,-1,1,-1,O=C(Nc1ccccc1)c1cccc(C#Cc2cnc3ccnn3c2)c1,train
CHEMBL2336038,Cc1ccc(C(=O)Nc2ccc(Cl)cc2)cc1C#Cc1cnc2ccnn2c1,JGRXVSSCBUCMIT,-1,1,-1,O=C(Nc1ccccc1)c1cccc(C#Cc2cnc3ccnn3c2)c1,train
CHEMBL2336039,COc1ccccc1NC(=O)c1ccc(C)c(C#Cc2cnc3ccnn3c2)c1,INQIIYZNPFFIAO,-1,1,-1,O=C(Nc1ccccc1)c1cccc(C#Cc2cnc3ccnn3c2)c1,train
CHEMBL2336040,COc1cccc(NC(=O)c2ccc(C)c(C#Cc3cnc4ccnn4c3)c2)c1,XPQJKJDXIUJKQM,-1,1,-1,O=C(Nc1ccccc1)c1cccc(C#Cc2cnc3ccnn3c2)c1,train
CHEMBL2348996,Cc1cc(C(=O)Nc2cccc(Oc3ccc4nc(NC(=O)C5CC5)cn4n3)c2)n(C)n1,IFFBOVLYGJAFKB,-1,1,1,O=C(Nc1cccc(Oc2ccc3nc(NC(=O)C4CC4)cn3n2)c1)c1ccn[nH]1,train
CHEMBL2385195,COc1cc2c(Oc3ccc(NC(=O)c4nn(-c5ccccc5C(F)(F)F)c5ccccc5c4=O)cc3F)ccnc2cc1OCCCN1CCCC1,FDCKDXZISZRERO,-1,1,-1,O=C(Nc1ccc(Oc2ccnc3cc(OCCCN4CCCC4)ccc23)cc1)c1nn(-c2ccccc2)c2ccccc2c1=O,train
CHEMBL2403878,O=C(Nc1ccc(Nc2ncnc3ccc([N+](=O)[O-])cc23)cc1)Nc1ccc(Cl)c(C(F)(F)F)c1,PIPDRBAGHPBTMW,-1,1,-1,O=C(Nc1ccccc1)Nc1ccc(Nc2ncnc3ccccc23)cc1,train
CHEMBL2403879,Nc1ccc2ncnc(Nc3ccc(NC(=O)Nc4ccc(Cl)c(C(F)(F)F)c4)cc3)c2c1,PKKUTJIJUWHKTD,-1,1,-1,O=C(Nc1ccccc1)Nc1ccc(Nc2ncnc3ccccc23)cc1,train
CHEMBL2409790,Cc1cc(C(=O)Nc2cccc(Oc3ccc4nc(NC(=O)C5CC5)sc4c3)c2)n(C)n1,WFMSTKDUQUETMD,-1,1,1,O=C(Nc1cccc(Oc2ccc3nc(NC(=O)C4CC4)sc3c2)c1)c1ccn[nH]1,train
CHEMBL2419669,COc1cc2c(Oc3ccc(NC(=O)N/N=C/c4ccc(F)cc4F)cc3F)ccnc2cc1OCCCN1CCC(C)CC1,PSTHAQGLUUIJDB,-1,1,-1,O=C(NN=Cc1ccccc1)Nc1ccc(Oc2ccnc3cc(OCCCN4CCCCC4)ccc23)cc1,train
CHEMBL2429872,CCN(CC)CCNC(=O)c1c(C)[nH]c2c1CCC/C2=C1/C(=O)Nc2ccc(S(=O)(=O)N(CC)CC)cc21,HMUKVPJLLHVYSZ,-1,1,1,O=C1Nc2ccccc2C1=C1CCCc2cc[nH]c21,train
CHEMBL2430247,CCN(CC)CCCNC(=O)c1c(C)[nH]c2c1CCC/C2=C1/C(=O)Nc2ccc(F)cc21,NMGSBNKYPAIWOG,-1,1,1,O=C1Nc2ccccc2C1=C1CCCc2cc[nH]c21,train
CHEMBL2430248,Cc1[nH]c2c(c1C(=O)NCCCN1CCOCC1)CCC/C2=C1/C(=O)Nc2ccc(F)cc21,MWDKQVZICDCEDA,-1,1,1,O=C1Nc2ccccc2C1=C1CCCc2c(C(=O)NCCCN3CCOCC3)c[nH]c21,train
CHEMBL2430250,CCN(CC)CC(O)CNC(=O)c1c(C)[nH]c2c1CCC/C2=C1/C(=O)Nc2ccc(F)cc21,SANPFBFWRPCKIY,-1,1,1,O=C1Nc2ccccc2C1=C1CCCc2cc[nH]c21,train
CHEMBL2430253,Cc1[nH]c2c(c1C(=O)N1CCC[C@H]1CN1CCCC1)CCC/C2=C1/C(=O)Nc2ccc(F)cc21,VWWPJZRYGAVMKS,-1,1,1,O=C1Nc2ccccc2C1=C1CCCc2c(C(=O)N3CCCC3CN3CCCC3)c[nH]c21,train
CHEMBL2430254,CCN(CC)CCNC(=O)c1c(C)[nH]c2c1CCC/C2=C1/C(=O)Nc2ccc([N+](=O)[O-])cc21,ZNFMAXYFBGIDKY,-1,1,1,O=C1Nc2ccccc2C1=C1CCCc2cc[nH]c21,train
CHEMBL2430255,CCN(CC)CCNC(=O)c1c(C)[nH]c2c1CCC/C2=C1/C(=O)Nc2ccc(C(=O)OC)cc21,VCECKSYNSONJGB,-1,1,1,O=C1Nc2ccccc2C1=C1CCCc2cc[nH]c21,train
CHEMBL2430256,CCN(CC)CCNC(=O)c1c(C)[nH]c2c1CCC/C2=C1/C(=O)Nc2cccc(F)c21,JFEOOCHKSAOHLZ,-1,1,1,O=C1Nc2ccccc2C1=C1CCCc2cc[nH]c21,train
CHEMBL2430257,CCN(CC)CCNC(=O)c1c(C)[nH]c2c1CCC/C2=C1/C(=O)Nc2c(F)cccc21,AKEDBCQYOCYZDX,-1,1,1,O=C1Nc2ccccc2C1=C1CCCc2cc[nH]c21,train
CHEMBL2430258,Cc1[nH]c2c(c1C(=O)NCCN1CCOCC1)CCC/C2=C1/C(=O)Nc2ccc(F)cc21,KSXXLYFDRDYXJK,-1,1,1,O=C1Nc2ccccc2C1=C1CCCc2c(C(=O)NCCN3CCOCC3)c[nH]c21,train
CHEMBL2430261,Cc1[nH]c2c(c1C(=O)NCCN(C)C)CCC/C2=C1/C(=O)Nc2ccc(F)cc21,CARLZFLTQJQGIP,-1,1,1,O=C1Nc2ccccc2C1=C1CCCc2cc[nH]c21,train
CHEMBL2430262,Cc1[nH]c2c(c1C(=O)NCCO)CCC/C2=C1/C(=O)Nc2ccc(F)cc21,GWQQUSRBNJRKLG,-1,1,1,O=C1Nc2ccccc2C1=C1CCCc2cc[nH]c21,train
CHEMBL2430264,CCN(CC)CCNC(=O)c1c(C)[nH]c2c1CCC/C2=C1/C(=O)Nc2ccc(Cl)cc21,PETGNDYNMCNUKJ,-1,1,1,O=C1Nc2ccccc2C1=C1CCCc2cc[nH]c21,train
CHEMBL2430265,CCN(CC)CCNC(=O)c1c(C)[nH]c2c1CCC/C2=C1/C(=O)Nc2ccc(Br)cc21,NXQOLSZAEQSUKO,-1,1,1,O=C1Nc2ccccc2C1=C1CCCc2cc[nH]c21,train
CHEMBL2430266,CCN(CC)CCNC(=O)c1c(C)[nH]c2c1CCC/C2=C1/C(=O)Nc2ccc(C)cc21,QQGKEHCROAPVMW,-1,1,1,O=C1Nc2ccccc2C1=C1CCCc2cc[nH]c21,train
CHEMBL2430267,CCN(CC)CCNC(=O)c1c(C)[nH]c2c1CCC/C2=C1/C(=O)Nc2ccc(OC)cc21,WVQLFBCBFOFRHN,-1,1,1,O=C1Nc2ccccc2C1=C1CCCc2cc[nH]c21,train
CHEMBL2435999,COc1cc2c(Oc3ccc(NC(=O)c4cc(-c5ccc(C)cc5)ccn4)cc3F)ccnc2cc1OCCCN1CCN(C)CC1,YEGSATWQBXVWBX,-1,1,1,O=C(Nc1ccc(Oc2ccnc3cc(OCCCN4CCNCC4)ccc23)cc1)c1cc(-c2ccccc2)ccn1,train
CHEMBL245377,CN1CCN(CC(=O)Nc2cccc3c2Cc2c-3n[nH]c2-c2csc(C#CCOc3ccccc3)c2)CC1,OPPRLSONSGULSP,-1,1,-1,O=C(CN1CCNCC1)Nc1cccc2c1Cc1c-2n[nH]c1-c1csc(C#CCOc2ccccc2)c1,train
CHEMBL245769,COCC(=O)Nc1cccc2c1Cc1c-2n[nH]c1-c1csc(C#CCOc2ccccc2)c1,ZKHOXOSYKYODTH,-1,1,-1,C(#Cc1cc(-c2[nH]nc3c2Cc2ccccc2-3)cs1)COc1ccccc1,train
CHEMBL245804,CS(=O)(=O)CCNC(=O)c1cc(CNc2ccccc2C(=O)Nc2ccc3c(c2)OC(F)(F)O3)ccn1,NXEKPYWQVKXSPV,-1,1,-1,O=C(Nc1ccc2c(c1)OCO2)c1ccccc1NCc1ccncc1,train
CHEMBL245805,COCCNC(=O)c1cc(CNc2ccccc2C(=O)Nc2ccc3c(c2)OC(F)(F)O3)ccn1,WZERXMDVFBGCAP,-1,1,-1,O=C(Nc1ccc2c(c1)OCO2)c1ccccc1NCc1ccncc1,train
CHEMBL246166,COC(=O)C(=O)Nc1cccc2c1Cc1c-2n[nH]c1-c1csc(C#CCOc2ccccc2)c1,SUSFJVCPEPRLCX,-1,1,-1,C(#Cc1cc(-c2[nH]nc3c2Cc2ccccc2-3)cs1)COc1ccccc1,train
CHEMBL246423,CS(=O)(=O)Nc1cc(CNc2ccccc2C(=O)Nc2ccc3c(c2)OC(F)(F)O3)ccn1,YZNNUIOSLHHWJF,-1,1,-1,O=C(Nc1ccc2c(c1)OCO2)c1ccccc1NCc1ccncc1,train
CHEMBL246424,CNc1nccc(CNc2ccccc2C(=O)Nc2ccc3c(c2)OC(F)(F)O3)n1,LRUKBEHTGXFIJS,-1,1,-1,O=C(Nc1ccc2c(c1)OCO2)c1ccccc1NCc1ccncn1,train
CHEMBL246608,O=C(NCCO)c1cc(CNc2ccccc2C(=O)Nc2ccc3c(c2)OC(F)(F)O3)ccn1,XTMWIEVQVYQIFB,-1,1,-1,O=C(Nc1ccc2c(c1)OCO2)c1ccccc1NCc1ccncc1,train
CHEMBL247030,COCCCNC(=O)c1cc(CNc2ccccc2C(=O)Nc2ccc3c(c2)OC(F)(F)O3)ccn1,BLXZMOITRCHHRV,-1,1,-1,O=C(Nc1ccc2c(c1)OCO2)c1ccccc1NCc1ccncc1,train
CHEMBL247248,CNC(=O)c1cc(CNc2ncsc2C(=O)Nc2ccc3c(c2)OC(F)(F)O3)ccn1,GXFMUXGPPXGMTM,-1,1,-1,O=C(Nc1ccc2c(c1)OCO2)c1scnc1NCc1ccncc1,train
CHEMBL247250,CNC(=O)Nc1ccc(CNc2ncsc2C(=O)Nc2ccc3c(c2)OC(F)(F)O3)cn1,APMQKHHNTLVDQD,-1,1,-1,O=C(Nc1ccc2c(c1)OCO2)c1scnc1NCc1cccnc1,train
CHEMBL247423,O=C(Nc1ccc2c(c1)OC(F)(F)O2)c1ccccc1NCc1ccnc(NCCOCCO)c1,IDFVXZZDQOMMGE,-1,1,-1,O=C(Nc1ccc2c(c1)OCO2)c1ccccc1NCc1ccncc1,train
CHEMBL247437,CNC(=O)c1cc(CNc2ccccc2C(=O)Nc2ccc3c(c2)OC(F)(F)O3)ccn1,OYNIXDXAPYDRHC,-1,1,-1,O=C(Nc1ccc2c(c1)OCO2)c1ccccc1NCc1ccncc1,train
CHEMBL247591,COCCCNc1cc(CNc2ccccc2C(=O)Nc2ccc3c(c2)OC(F)(F)O3)ccn1,ZUURGOPVVCUCTB,-1,1,-1,O=C(Nc1ccc2c(c1)OCO2)c1ccccc1NCc1ccncc1,train
CHEMBL247619,CNC(=O)Nc1ccc(CNc2c(C(=O)Nc3ccc4c(c3)OC(F)(F)C(F)(F)O4)cnn2C)cn1,MEQSMKIFBMBPQX,-1,1,-1,O=C(Nc1ccc2c(c1)OCCO2)c1cn[nH]c1NCc1cccnc1,train
CHEMBL247792,O=C(Nc1ccc2c(c1)OC(F)(F)O2)c1ccccc1NCc1ccnc(NCCc2cnc[nH]2)c1,FLYZOVOQWUDRBN,-1,1,-1,O=C(Nc1ccc2c(c1)OCO2)c1ccccc1NCc1ccnc(NCCc2cnc[nH]2)c1,train
CHEMBL247793,CCNC(=O)Nc1cc(CNc2ccccc2C(=O)Nc2ccc3c(c2)OC(F)(F)O3)ccn1,ACBAZTUYTSKGTP,-1,1,-1,O=C(Nc1ccc2c(c1)OCO2)c1ccccc1NCc1ccncc1,train
CHEMBL247797,CNC(=O)Nc1ccc(CNc2c(C(=O)Nc3ccc(SC(F)(F)F)cc3)cnn2C)cn1,MHVFDATVTOZXQW,-1,1,-1,O=C(Nc1ccccc1)c1cn[nH]c1NCc1cccnc1,train
CHEMBL247798,CCNC(=O)Nc1ccc(CNc2ncsc2C(=O)Nc2ccc3c(c2)OC(F)(F)O3)cn1,BPGIPYJOESFNQI,-1,1,-1,O=C(Nc1ccc2c(c1)OCO2)c1scnc1NCc1cccnc1,train
CHEMBL248051,NC(=O)c1cc(CNc2ccccc2C(=O)Nc2ccc3c(c2)OC(F)(F)O3)ccn1,DCTIKIWYRXDSOC,-1,1,-1,O=C(Nc1ccc2c(c1)OCO2)c1ccccc1NCc1ccncc1,train
CHEMBL248226,CCNC(=O)c1cc(CNc2ccccc2C(=O)Nc2ccc3c(c2)OC(F)(F)O3)ccn1,LQXIQYJEMNHPCH,-1,1,-1,O=C(Nc1ccc2c(c1)OCO2)c1ccccc1NCc1ccncc1,train
CHEMBL248227,CCN(CC)CCNC(=O)c1cc(CNc2ccccc2C(=O)Nc2ccc3c(c2)OC(F)(F)O3)ccn1,HAQQTZNLPUNEGW,-1,1,-1,O=C(Nc1ccc2c(c1)OCO2)c1ccccc1NCc1ccncc1,train
CHEMBL248256,CC(=O)Nc1cc(CNc2ccccc2C(=O)Nc2ccc3c(c2)OC(F)(F)O3)ccn1,JDQIOIVXAWOMGD,-1,1,-1,O=C(Nc1ccc2c(c1)OCO2)c1ccccc1NCc1ccncc1,train
CHEMBL248257,N#Cc1cc(CNc2ccccc2C(=O)Nc2ccc3c(c2)OC(F)(F)O3)ccn1,MBVMUJLUEAVVFH,-1,1,-1,O=C(Nc1ccc2c(c1)OCO2)c1ccccc1NCc1ccncc1,train
CHEMBL248258,NC(=S)c1cc(CNc2ccccc2C(=O)Nc2ccc3c(c2)OC(F)(F)O3)ccn1,DIOLCKJIPOAFOB,-1,1,-1,O=C(Nc1ccc2c(c1)OCO2)c1ccccc1NCc1ccncc1,train
CHEMBL248397,CCN(CC)CCCNC(=O)c1cc(CNc2ccccc2C(=O)Nc2ccc3c(c2)OC(F)(F)O3)ccn1,RMIFSWAMEGYQEO,-1,1,-1,O=C(Nc1ccc2c(c1)OCO2)c1ccccc1NCc1ccncc1,train
CHEMBL248860,COCCNc1cc(CNc2ccccc2C(=O)Nc2ccc3c(c2)OC(F)(F)O3)ccn1,KOTIZNKRVDGKNU,-1,1,-1,O=C(Nc1ccc2c(c1)OCO2)c1ccccc1NCc1ccncc1,train
CHEMBL253968,O=C(Cn1cc(Nc2nncc3cc(OCCCN4CCC[C@@H]4CO)ccc23)cn1)Nc1cccc(F)c1F,NZUICIGFUCOURS,-1,1,1,O=C(Cn1cc(Nc2nncc3cc(OCCCN4CCCC4)ccc23)cn1)Nc1ccccc1,train
CHEMBL255955,Nc1n[nH]c2nccc(-c3ccc(NC(=O)Nc4cccc(C(F)(F)F)c4)cc3)c12,LYHXSDWIWVVZPB,-1,1,-1,O=C(Nc1ccccc1)Nc1ccc(-c2ccnc3[nH]ncc23)cc1,train
CHEMBL256712,CC(=O)N1CCC(c2ccc(NC(=O)c3ncc(C#N)[nH]3)c(C3=CCCCC3)c2)CC1,UKGCAEYEQULSSN,-1,1,-1,O=C(Nc1ccc(C2CCNCC2)cc1C1=CCCCC1)c1ncc[nH]1,train
CHEMBL257153,N#Cc1cnc(C(=O)Nc2ccc(C3CCNCC3)cc2C2=CCS(=O)(=O)CC2)[nH]1,IRZATOLKYBKBAO,-1,1,-1,O=C(Nc1ccc(C2CCNCC2)cc1C1=CCS(=O)(=O)CC1)c1ncc[nH]1,train
CHEMBL257154,N#Cc1cnc(C(=O)Nc2ccc(C3CCNCC3)cc2C2=CCCCC2)[nH]1,XPCQXAQALLRVJQ,-1,1,-1,O=C(Nc1ccc(C2CCNCC2)cc1C1=CCCCC1)c1ncc[nH]1,train
CHEMBL259013,Nc1ncnc2c1N=C(c1ccc(NC(=O)Nc3ccc(C(F)(F)F)cc3)cc1)CCN2,GACBELOLIOXYRT,-1,1,-1,O=C(Nc1ccccc1)Nc1ccc(C2=Nc3cncnc3NCC2)cc1,train
CHEMBL260092,Nc1ncnc2c1N=C(c1ccc(NC(=O)Nc3cccc(C(F)(F)F)c3)cc1)CCN2,FQYLJBVSYHZWLT,-1,1,-1,O=C(Nc1ccccc1)Nc1ccc(C2=Nc3cncnc3NCC2)cc1,train
CHEMBL260305,Cc1ccc(F)c(NC(=O)Nc2ccc(-c3ccc(F)c4onc(N)c34)cc2)c1,XNBVSEDVGAYNCG,-1,1,-1,O=C(Nc1ccccc1)Nc1ccc(-c2cccc3oncc23)cc1,train
CHEMBL260307,Cc1ccc(F)c(NC(=O)Nc2ccc(-c3ccc(C)c4onc(N)c34)cc2)c1,MQVDSHJTABUFES,-1,1,-1,O=C(Nc1ccccc1)Nc1ccc(-c2cccc3oncc23)cc1,train
CHEMBL260848,Nc1ncnc2c1N=C(c1cccc(NC(=O)Nc3cccc(C(F)(F)F)c3)c1)CCN2,UQCJNMPNMQFILJ,-1,1,-1,O=C(Nc1ccccc1)Nc1cccc(C2=Nc3cncnc3NCC2)c1,train
CHEMBL262433,Cc1ccc(F)c(NC(=O)Nc2ccc(-c3nsc4ncnc(N)c34)cc2)c1,QKPLUKMJEKRAJD,-1,1,-1,O=C(Nc1ccccc1)Nc1ccc(-c2nsc3ncncc23)cc1,train
CHEMBL262607,Cc1ccc(F)c(NC(=O)Nc2ccc(C3=Nc4c(N)ncnc4NCC3)cc2)c1,DNLUUFFUPPKOJE,-1,1,-1,O=C(Nc1ccccc1)Nc1ccc(C2=Nc3cncnc3NCC2)cc1,train
CHEMBL265432,CN1CCN(c2ccc(NC(=O)c3ccc(C#N)o3)c(C3=CCCCC3)c2)CC1,RHAURHVPLMBUOW,-1,1,-1,O=C(Nc1ccc(N2CCNCC2)cc1C1=CCCCC1)c1ccco1,train
CHEMBL26559,Cc1c2ccncc2c(C)c2c1[nH]c1ccc(O)cc12,QZTWUDDGLIDXSE,-1,1,-1,c1ccc2c(c1)[nH]c1cc3ccncc3cc12,train
CHEMBL269862,Nc1noc2cccc(-c3ccc(NC(=O)Nc4cc(F)cc(F)c4)cc3)c12,ZTLCFWVRTDYRQG,-1,1,-1,O=C(Nc1ccccc1)Nc1ccc(-c2cccc3oncc23)cc1,train
CHEMBL269884,COc1ccc(-c2ccc(NC(=O)Nc3cccc(Cl)c3)cc2)c2c(N)noc12,UQHQUPSFNPQLNI,-1,1,-1,O=C(Nc1ccccc1)Nc1ccc(-c2cccc3oncc23)cc1,train
CHEMBL269885,COc1ccc(NC(=O)Nc2ccc(-c3cccc4onc(N)c34)cc2)cc1,XEEJFCRYWIMJSK,-1,1,-1,O=C(Nc1ccccc1)Nc1ccc(-c2cccc3oncc23)cc1,train
CHEMBL269886,Nc1noc2cccc(-c3ccc(NC(=O)Nc4ccc(C(F)(F)F)cc4)cc3)c12,TVECXYJHKWEHKM,-1,1,-1,O=C(Nc1ccccc1)Nc1ccc(-c2cccc3oncc23)cc1,train
CHEMBL269894,COc1cccc(NC(=O)Nc2ccc(-c3cccc4onc(N)c34)cc2)c1,GUKDQMJDSRANAC,-1,1,-1,O=C(Nc1ccccc1)Nc1ccc(-c2cccc3oncc23)cc1,train
CHEMBL270084,COc1ccc(-c2ccc(NC(=O)Nc3cc(C)ccc3F)cc2)c2c(N)noc12,SWNPCLQLHUWVAZ,-1,1,1,O=C(Nc1ccccc1)Nc1ccc(-c2cccc3oncc23)cc1,train
CHEMBL270086,Nc1noc2cccc(-c3ccc(NC(=O)Nc4cccc(F)c4)cc3)c12,UTRWIKREJCMOST,-1,1,-1,O=C(Nc1ccccc1)Nc1ccc(-c2cccc3oncc23)cc1,train
CHEMBL270302,Nc1noc2cccc(-c3ccc(NC(=O)Nc4ccccc4C(F)(F)F)cc3)c12,USYMWIOIMAPLKQ,-1,0,-1,O=C(Nc1ccccc1)Nc1ccc(-c2cccc3oncc23)cc1,train
CHEMBL270506,Cc1ccc(NC(=O)Nc2ccc(-c3cccc4onc(N)c34)cc2)cc1Cl,DATLJQNYXBSTFB,-1,1,-1,O=C(Nc1ccccc1)Nc1ccc(-c2cccc3oncc23)cc1,train
CHEMBL271170,Cc1ccc(F)c(NC(=O)Nc2ccc(-c3cccc4onc(N)c34)cc2)c1,XOOCFOXUQTWFFJ,-1,1,-1,O=C(Nc1ccccc1)Nc1ccc(-c2cccc3oncc23)cc1,train
CHEMBL271381,COc1ccc(-c2ccc(NC(=O)Nc3cccc(Br)c3)cc2)c2c(N)noc12,PUPCRRRSBUYJAD,-1,1,-1,O=C(Nc1ccccc1)Nc1ccc(-c2cccc3oncc23)cc1,train
CHEMBL271386,Nc1noc2cccc(-c3ccc(NC(=O)Nc4cc(C(F)(F)F)ccc4F)cc3)c12,DHSKSBMVWDEGIA,-1,1,-1,O=C(Nc1ccccc1)Nc1ccc(-c2cccc3oncc23)cc1,train
CHEMBL271600,Nc1noc2cccc(-c3ccc(NC(=O)Nc4cccc(Cl)c4)cc3)c12,KENMZDPHYLZVEW,-1,1,-1,O=C(Nc1ccccc1)Nc1ccc(-c2cccc3oncc23)cc1,train
CHEMBL271795,Cc1ccc(F)c(NC(=O)Nc2ccc(-c3cccc4snc(N)c34)cc2)c1,WVHLQWNTAHENFP,-1,1,-1,O=C(Nc1ccccc1)Nc1ccc(-c2cccc3sncc23)cc1,train
CHEMBL271796,Nc1noc2cccc(-c3ccc(NC(=O)Nc4cccc(C(F)(F)F)c4)cc3)c12,QBINMYSOQKXQQY,-1,1,-1,O=C(Nc1ccccc1)Nc1ccc(-c2cccc3oncc23)cc1,train
CHEMBL271955,Nc1noc2cccc(-c3ccc(NC(=O)Nc4ccc(OC(F)(F)F)cc4)cc3)c12,WTKBNSXDRANLNB,-1,1,-1,O=C(Nc1ccccc1)Nc1ccc(-c2cccc3oncc23)cc1,train
CHEMBL272183,Nc1noc2cccc(-c3ccc(NC(=O)Nc4cccc([N+](=O)[O-])c4)cc3)c12,SECLOTHQGDJSCB,-1,1,-1,O=C(Nc1ccccc1)Nc1ccc(-c2cccc3oncc23)cc1,train
CHEMBL272453,COc1ccc(NC(=O)Nc2ccc(-c3cccc4onc(N)c34)cc2)cc1Cl,BHSOPYVVEZFHDB,-1,1,-1,O=C(Nc1ccccc1)Nc1ccc(-c2cccc3oncc23)cc1,train
CHEMBL272645,Cc1ccc(NC(=O)Nc2ccc(-c3cccc4onc(N)c34)cc2)cc1,DLYHIJZSZUMFEL,-1,1,-1,O=C(Nc1ccccc1)Nc1ccc(-c2cccc3oncc23)cc1,train
CHEMBL272802,Nc1noc2cccc(-c3ccc(NC(=O)Nc4cccc(Br)c4)cc3)c12,ZJRFZMRNTYZEFF,-1,1,-1,O=C(Nc1ccccc1)Nc1ccc(-c2cccc3oncc23)cc1,train
CHEMBL272902,Cc1ccc(C(=O)Nc2cccc(C(F)(F)F)c2)cc1C(=O)Nc1cnc(N)nc1,OSMXTIVEGNMCKM,-1,1,-1,O=C(Nc1ccccc1)c1cccc(C(=O)Nc2cncnc2)c1,train
CHEMBL273048,Cc1ccc(F)c(NC(=O)Nc2ccc(-c3ccc(OC(F)(F)F)c4onc(N)c34)cc2)c1,SKANDNUVNSHDDS,-1,1,-1,O=C(Nc1ccccc1)Nc1ccc(-c2cccc3oncc23)cc1,train
CHEMBL273077,Nc1noc2cccc(-c3ccc(NC(=O)Nc4ccc(F)c(Cl)c4)cc3)c12,HBQCSNGUYNULNE,-1,1,-1,O=C(Nc1ccccc1)Nc1ccc(-c2cccc3oncc23)cc1,train
CHEMBL273198,CCc1ccc(-c2c(-c3cnc(C)[nH]3)c(=O)[nH]c3ccc(C#N)cc23)cc1,CJOKUBRCAVWYRX,-1,1,-1,O=c1[nH]c2ccccc2c(-c2ccccc2)c1-c1cnc[nH]1,train
CHEMBL3085830,CN1CCN(C(C)(C)c2ccc(NC(=O)c3ncc(C#N)[nH]3)c(C3=CCC(C)(C)CC3)c2)CC1,PABZNWOXICIOPN,-1,1,-1,O=C(Nc1ccc(CN2CCNCC2)cc1C1=CCCCC1)c1ncc[nH]1,train
CHEMBL3085831,CCN1CCN(C(C)(C)c2ccc(NC(=O)c3ncc(C#N)[nH]3)c(C3=CCC(C)(C)CC3)c2)CC1,ZNXXPZKXDKVVIC,-1,1,-1,O=C(Nc1ccc(CN2CCNCC2)cc1C1=CCCCC1)c1ncc[nH]1,train
CHEMBL3085832,CC(=O)N1CCN(C(C)(C)c2ccc(NC(=O)c3nc(C#N)c[nH]3)c(C3=CCC(C)(C)CC3)c2)CC1,LCNJPGQTVUJHBZ,-1,1,-1,O=C(Nc1ccc(CN2CCNCC2)cc1C1=CCCCC1)c1ncc[nH]1,train
CHEMBL3085833,CC1(C)CC=C(c2cc(C(C)(C)N3CCN(CCO)CC3)ccc2NC(=O)c2ncc(C#N)[nH]2)CC1,AWROSJBGNHPYIE,-1,1,-1,O=C(Nc1ccc(CN2CCNCC2)cc1C1=CCCCC1)c1ncc[nH]1,train
CHEMBL3085834,COCCN1CCN(C(C)(C)c2ccc(NC(=O)c3ncc(C#N)[nH]3)c(C3=CCC(C)(C)CC3)c2)CC1,MWSYDGNFQSXUAU,-1,1,-1,O=C(Nc1ccc(CN2CCNCC2)cc1C1=CCCCC1)c1ncc[nH]1,train
CHEMBL3085973,COCCNCC(C)(C)c1ccc(NC(=O)c2nc(C#N)c[nH]2)c(C2=CCC(C)(C)CC2)c1,FOWKLHQOYBAAQY,-1,1,-1,O=C(Nc1ccccc1C1=CCCCC1)c1ncc[nH]1,train
CHEMBL3085974,CC1(C)CC=C(c2cc(C(C)(C)CNCCS(C)(=O)=O)ccc2NC(=O)c2ncc(C#N)[nH]2)CC1,YHNSOVKRVXWDLY,-1,1,-1,O=C(Nc1ccccc1C1=CCCCC1)c1ncc[nH]1,train
CHEMBL3085978,CC1(C)CC=C(c2cc(CCN3CCOCC3)ccc2NC(=O)c2ncc(C#N)[nH]2)CC1,KVTCLWZZBAIUNQ,-1,1,-1,O=C(Nc1ccc(CCN2CCOCC2)cc1C1=CCCCC1)c1ncc[nH]1,train
CHEMBL3085984,CC1(C)CC=C(c2cc(CN3CCN(CCO)CC3)ccc2NC(=O)c2nc(C#N)c[nH]2)CC1,ZRBHOXZJRFQVDF,-1,1,-1,O=C(Nc1ccc(CN2CCNCC2)cc1C1=CCCCC1)c1ncc[nH]1,train
CHEMBL3086175,N#Cc1cnc(C(=O)Nc2ccc(CCN3CCOCC3)cc2C2=CCCCC2)[nH]1,UURBEBBVEFUFRK,-1,1,-1,O=C(Nc1ccc(CCN2CCOCC2)cc1C1=CCCCC1)c1ncc[nH]1,train
CHEMBL3086316,CN(C)CCOC(C)(C)c1ccc(NC(=O)c2ncc(C#N)[nH]2)c(C2=CCC(C)(C)CC2)c1,VXYBEIXZJGRJPA,-1,1,-1,O=C(Nc1ccccc1C1=CCCCC1)c1ncc[nH]1,train
CHEMBL3086318,CC1(C)CC=C(c2cc(C(C)(C)OCCN3CCOCC3)ccc2NC(=O)c2ncc(C#N)[nH]2)CC1,NIPQEVVSMAZUMD,-1,1,-1,O=C(Nc1ccc(COCCN2CCOCC2)cc1C1=CCCCC1)c1ncc[nH]1,train
CHEMBL3086319,CC1(C)CC=C(c2cc(C(C)(C)NCCO)ccc2NC(=O)c2nc(C#N)c[nH]2)CC1,NWYBAXOGMLBAQR,-1,1,-1,O=C(Nc1ccccc1C1=CCCCC1)c1ncc[nH]1,train
CHEMBL3086320,COCCNC(C)(C)c1ccc(NC(=O)c2ncc(C#N)[nH]2)c(C2=CCC(C)(C)CC2)c1,XSZHYGYAHGNIKV,-1,1,-1,O=C(Nc1ccccc1C1=CCCCC1)c1ncc[nH]1,train
CHEMBL3102948,COc1ccc(-c2cnc3[nH]cc(-c4ccc(OC)c(OC)c4)c3c2)cc1OC,BAQPWVGCKOCBIN,-1,1,-1,c1ccc(-c2cnc3[nH]cc(-c4ccccc4)c3c2)cc1,train
CHEMBL3109337,COCCOc1ccn2c(-c3ccc4cccc(O[C@@H]5CCNC[C@H]5F)c4n3)cnc2c1,PPPOUAQYRUUFNJ,-1,1,-1,c1cc(OC2CCNCC2)c2nc(-c3cnc4ccccn34)ccc2c1,train
CHEMBL3109338,COCCOc1ccn2c(-c3ccc4cccc(O[C@H]5CCNC[C@@H]5F)c4n3)cnc2c1,PPPOUAQYRUUFNJ,-1,1,-1,c1cc(OC2CCNCC2)c2nc(-c3cnc4ccccn34)ccc2c1,train
CHEMBL3109340,COCCOc1ccn2c(-c3ccc4cccc(OC5CCNCC5)c4n3)cnc2c1,RROPCZKHYUPTGO,-1,1,-1,c1cc(OC2CCNCC2)c2nc(-c3cnc4ccccn34)ccc2c1,train
CHEMBL3114018,Cc1c2ccc(N(C)c3ccnc(Nc4cccc(F)c4)n3)cc2nn1C,ZZOSNJKKAQFXHV,-1,1,-1,c1ccc(Nc2nccc(Nc3ccc4c[nH]nc4c3)n2)cc1,train
CHEMBL3114019,Cc1c2ccc(N(C)c3ccnc(Nc4cccc(Br)c4)n3)cc2nn1C,YKUAGRKABCIADY,-1,1,-1,c1ccc(Nc2nccc(Nc3ccc4c[nH]nc4c3)n2)cc1,train
CHEMBL3114020,Cc1c2ccc(N(C)c3ccnc(Nc4cccc(Cl)c4)n3)cc2nn1C,IRVVZUMYOPGENV,-1,1,-1,c1ccc(Nc2nccc(Nc3ccc4c[nH]nc4c3)n2)cc1,train
CHEMBL3114021,COc1cccc(Nc2nccc(N(C)c3ccc4c(C)n(C)nc4c3)n2)c1,SNXQWFNOQWGART,-1,1,-1,c1ccc(Nc2nccc(Nc3ccc4c[nH]nc4c3)n2)cc1,train
CHEMBL3114022,Cc1cccc(Nc2nccc(N(C)c3ccc4c(C)n(C)nc4c3)n2)c1,NMYRSMPXUDBLQZ,-1,1,-1,c1ccc(Nc2nccc(Nc3ccc4c[nH]nc4c3)n2)cc1,train
CHEMBL3114023,Cc1cc(C)cc(Nc2nccc(N(C)c3ccc4c(C)n(C)nc4c3)n2)c1,VQQRGHOPEJXFCR,-1,1,-1,c1ccc(Nc2nccc(Nc3ccc4c[nH]nc4c3)n2)cc1,train
CHEMBL3114024,CSc1ccc(Nc2nccc(N(C)c3ccc4c(C)n(C)nc4c3)n2)cc1,DISLDMQHUYBNGL,-1,1,-1,c1ccc(Nc2nccc(Nc3ccc4c[nH]nc4c3)n2)cc1,train
CHEMBL3114025,Cc1c2ccc(N(C)c3ccnc(Nc4ccc(OC(F)(F)F)cc4)n3)cc2nn1C,ODPHGTPEDUIRRB,-1,1,-1,c1ccc(Nc2nccc(Nc3ccc4c[nH]nc4c3)n2)cc1,train
CHEMBL3114026,CN(c1ccc2cn(C)nc2c1)c1ccnc(Nc2cccc(F)c2)n1,SMJHQKWSZLGTFB,-1,1,-1,c1ccc(Nc2nccc(Nc3ccc4c[nH]nc4c3)n2)cc1,train
CHEMBL3114027,CN(c1ccc2cn(C)nc2c1)c1ccnc(Nc2cccc(Cl)c2)n1,IOTXFNLXIBJALS,-1,1,-1,c1ccc(Nc2nccc(Nc3ccc4c[nH]nc4c3)n2)cc1,train
CHEMBL3114028,COc1cccc(Nc2nccc(N(C)c3ccc4cn(C)nc4c3)n2)c1,AFUBCLLWIWQXNA,-1,1,-1,c1ccc(Nc2nccc(Nc3ccc4c[nH]nc4c3)n2)cc1,train
CHEMBL3114029,CN(c1ccc2cn(C)nc2c1)c1ccnc(Nc2ccc(OC(F)(F)F)cc2)n1,TVLKSGDRIZGJII,-1,1,-1,c1ccc(Nc2nccc(Nc3ccc4c[nH]nc4c3)n2)cc1,train
CHEMBL3114030,Cc1cc(C)cc(Nc2nccc(N(C)c3ccc4cn(C)nc4c3)n2)c1,UMSWUMVMJPEGIQ,-1,1,-1,c1ccc(Nc2nccc(Nc3ccc4c[nH]nc4c3)n2)cc1,train
CHEMBL319894,COc1cc2ncnc(N3CCN(/C(S)=N\Cc4ccccc4)CC3)c2cc1OC,GMGARXSMYFVUCD,-1,1,1,C(=NCc1ccccc1)N1CCN(c2ncnc3ccccc23)CC1,train
CHEMBL323336,COc1cc2ncnc(N3CCN(C(=O)Nc4ccc(Br)cc4)CC3)c2cc1OC,QTFMMQSMBKZHLY,-1,1,1,O=C(Nc1ccccc1)N1CCN(c2ncnc3ccccc23)CC1,train
CHEMBL3290931,COc1cc2c(Oc3ccc(NC(=O)c4nn(-c5ccccc5C(F)(F)F)c(=O)cc4C)cc3F)ccnc2cc1OCCCN1CCOCC1,JYBQEMYHVMILOJ,-1,1,1,O=C(Nc1ccc(Oc2ccnc3cc(OCCCN4CCOCC4)ccc23)cc1)c1ccc(=O)n(-c2ccccc2)n1,train
CHEMBL330863,COc1cc2c(N3CCN(C(=O)Nc4ccc(OC(C)C)cc4)CC3)ncnc2cc1OCCCN1CCC(C)CC1,PSNOTDXLJIXMTC,-1,1,1,O=C(Nc1ccccc1)N1CCN(c2ncnc3cc(OCCCN4CCCCC4)ccc23)CC1,train
CHEMBL3319455,COc1ccc(-c2cnc3[nH]cc(-c4ccc(OC)c(OC)c4)c3c2)cc1,BLMJBIFYLHAJRU,-1,1,-1,c1ccc(-c2cnc3[nH]cc(-c4ccccc4)c3c2)cc1,train
CHEMBL3319471,COc1ccc(-c2c[nH]c3ncc(-c4ccc5c(c4)OCO5)cc23)cc1OC,KXMHQLRHICRNTD,-1,0,-1,c1ccc(-c2c[nH]c3ncc(-c4ccc5c(c4)OCO5)cc23)cc1,train
CHEMBL3319472,COc1ccc(-c2c[nH]c3ncc(-c4ccc(N)cc4)cc23)cc1OC,WSIXHARFXPTDJH,-1,1,-1,c1ccc(-c2cnc3[nH]cc(-c4ccccc4)c3c2)cc1,train
CHEMBL3335371,CC(=O)Nc1cc(Oc2ccc3c(c2)nc(Nc2cccc(C(C)(C)C)c2)n3C)ccn1,WSBZFFNSBMBYQA,-1,1,1,c1ccc(Nc2nc3cc(Oc4ccncc4)ccc3[nH]2)cc1,train
CHEMBL3356289,C=CC(=O)N1CCN(c2ccc(/C=C3\C(=O)Nc4ccccc43)cc2)CC1,FUPBUDKYYZXUDZ,-1,1,-1,O=C1Nc2ccccc2C1=Cc1ccc(N2CCNCC2)cc1,train
CHEMBL3356290,O=C1Nc2ccccc2/C1=C/c1ccc(N2CCN(C(=O)CCCl)CC2)cc1,LSMZOIVOZFFQQJ,-1,1,-1,O=C1Nc2ccccc2C1=Cc1ccc(N2CCNCC2)cc1,train
CHEMBL3358966,COc1cc(-c2nc(-c3c[nH]c4ccccc34)c[nH]c2=O)cc(OC)c1OC,CGXHFSJDSWAEMT,-1,1,1,O=c1[nH]cc(-c2c[nH]c3ccccc23)nc1-c1ccccc1,train
CHEMBL3358996,COc1cc(-c2nc(-c3ccc(O)cc3)c[nH]c2=O)cc(OC)c1OC,HKJTXJSNNOJDKA,-1,1,1,O=c1[nH]cc(-c2ccccc2)nc1-c1ccccc1,train
CHEMBL3358999,COc1cc(-c2c[nH]c(=O)c(-c3cc(OC)c(OC)c(OC)c3)n2)ccc1O,XRMSZZGPKBSNTA,-1,1,1,O=c1[nH]cc(-c2ccccc2)nc1-c1ccccc1,train
CHEMBL347537,O=C(Nc1cccc(-c2cncc3ccccc23)c1)c1ccccc1NCc1ccncc1,IGMQBINYIPIDJQ,-1,1,1,O=C(Nc1cccc(-c2cncc3ccccc23)c1)c1ccccc1NCc1ccncc1,train
CHEMBL3545413,Cc1ncc(NC(=O)c2ccc(CN3CCN(C)CC3)c(C(F)(F)F)c2)cc1Nc1nccc(-c2cccnc2)n1,BJCJYEYYYGBROF,-1,1,1,O=C(Nc1cncc(Nc2nccc(-c3cccnc3)n2)c1)c1ccc(CN2CCNCC2)cc1,train
CHEMBL3593290,CCc1cc(NC(=O)Nc2ccc(-c3cnc(Nc4cc(N5CCN(CC)CC5)nc(C)n4)s3)cc2)no1,DXJBIXWCJZKEHQ,-1,1,-1,O=C(Nc1ccc(-c2cnc(Nc3cc(N4CCNCC4)ncn3)s2)cc1)Nc1ccon1,train
CHEMBL3593291,CCc1cc(NC(=O)Nc2ccc(-c3cnc(Nc4cc(N5CCC(N)C5)nc(C)n4)s3)cc2)no1,DUHSHOMFAWSMPC,-1,1,-1,O=C(Nc1ccc(-c2cnc(Nc3cc(N4CCCC4)ncn3)s2)cc1)Nc1ccon1,train
CHEMBL3594105,COc1cc2c(Oc3ccc(NC(=O)c4[nH]c(=O)n(-c5ccccc5Cl)c4C)cc3F)ccnc2cc1OCCCN1CCN(C)CC1,UFYWONKSWCXKNY,-1,1,-1,O=C(Nc1ccc(Oc2ccnc3cc(OCCCN4CCNCC4)ccc23)cc1)c1cn(-c2ccccc2)c(=O)[nH]1,train
CHEMBL3608784,O=C(NCc1cccc(NC(=O)c2cnc3ccccn23)c1)Nc1ccccc1,XVBSTEJSDUMWMA,-1,1,-1,O=C(NCc1cccc(NC(=O)c2cnc3ccccn23)c1)Nc1ccccc1,train
CHEMBL3608785,Cc1ccc(CNC(=O)Nc2ccccc2)cc1NC(=O)c1cnc2ccccn12,JHKCROCKUJZVRL,-1,1,-1,O=C(NCc1cccc(NC(=O)c2cnc3ccccn23)c1)Nc1ccccc1,train
CHEMBL3608786,Cc1ccc(CNC(=O)Nc2cccc(F)c2)cc1NC(=O)c1cnc2ccccn12,ZPVUIOVIUFJGHO,-1,1,-1,O=C(NCc1cccc(NC(=O)c2cnc3ccccn23)c1)Nc1ccccc1,train
CHEMBL3608787,Cc1ccc([C@H](C)NC(=O)Nc2ccccc2)cc1NC(=O)c1cnc2ccccn12,WRRRUTZYQAQDCB,-1,1,-1,O=C(NCc1cccc(NC(=O)c2cnc3ccccn23)c1)Nc1ccccc1,train
CHEMBL3608789,Cc1ccc([C@H](C)NC(=O)Nc2cccc(F)c2)cc1NC(=O)c1cnc2ccccn12,GGYCEOGBOJBECJ,-1,1,-1,O=C(NCc1cccc(NC(=O)c2cnc3ccccn23)c1)Nc1ccccc1,train
CHEMBL3608791,Cc1ccc([C@H](C)Nc2nc3cc(F)ccc3o2)cc1NC(=O)c1cnc2ccccn12,YLTBELFOTTYXRF,-1,1,-1,O=C(Nc1cccc(CNc2nc3ccccc3o2)c1)c1cnc2ccccn12,train
CHEMBL3628796,COc1cc2ncnc(Nc3ccc(NC(=O)Nc4cccc(Br)c4)cc3)c2cc1OC,VCLVPTJGTKXMSP,-1,1,-1,O=C(Nc1ccccc1)Nc1ccc(Nc2ncnc3ccccc23)cc1,train
CHEMBL3628797,O=C(Nc1ccc(Nc2ncnc3ccccc23)cc1)Nc1cccc(Br)c1,MJTPRNMULDHJJJ,-1,1,1,O=C(Nc1ccccc1)Nc1ccc(Nc2ncnc3ccccc23)cc1,train
CHEMBL3628807,O=C(Nc1ccc(Oc2ncnc3ccccc23)cc1)Nc1cccc(Br)c1,MOEODMGOTIIAHE,-1,1,1,O=C(Nc1ccccc1)Nc1ccc(Oc2ncnc3ccccc23)cc1,train
CHEMBL3628808,O=C(Nc1ccc(Oc2ncnc3sccc23)cc1)Nc1cccc(Br)c1,PUIMLXYJXGFFNV,-1,1,1,O=C(Nc1ccccc1)Nc1ccc(Oc2ncnc3sccc23)cc1,train
CHEMBL3628811,O=C(Nc1ccc(Oc2ncnc3sc4c(c23)CCCC4)cc1)Nc1cccc(Br)c1,GDCAJIUCFRKHLA,-1,1,-1,O=C(Nc1ccccc1)Nc1ccc(Oc2ncnc3sc4c(c23)CCCC4)cc1,train
CHEMBL3632717,Cn1c(Nc2cccc(C(C)(C)C)c2)nc2cc(Oc3ccnc(-c4ncc[nH]4)c3)ccc21,LDACHLNBCOVNBL,-1,1,1,c1ccc(Nc2nc3cc(Oc4ccnc(-c5ncc[nH]5)c4)ccc3[nH]2)cc1,train
CHEMBL3632719,Cn1c(Nc2cccc(C(C)(C)C)c2)nc2cc(Oc3ccnc(-c4ncc(C(F)(F)F)[nH]4)c3)ccc21,SCUGTCMSRMQNNQ,-1,1,1,c1ccc(Nc2nc3cc(Oc4ccnc(-c5ncc[nH]5)c4)ccc3[nH]2)cc1,train
CHEMBL3639728,COc1ncc(F)cc1CNc1ccc(Cc2c[nH]c3ncc(C)cc23)c(F)n1,NSMOZFXKTHCPTQ,-1,1,-1,c1cncc(CNc2ccc(Cc3c[nH]c4ncccc34)cn2)c1,train
CHEMBL3642830,C=CC(=O)Nc1ccc(C(=O)Nc2ccc(C)c(Nc3nccc(-c4cccnc4)n3)c2)cc1C(F)(F)F,IKQQCPGYCMFUKJ,-1,1,-1,O=C(Nc1cccc(Nc2nccc(-c3cccnc3)n2)c1)c1ccccc1,train
CHEMBL3642833,Cc1ccc(NC(=O)c2ccc(NC(=O)CCl)cc2)cc1Nc1nccc(-c2cccnc2)n1,HQRNMDOTLJWYAC,-1,1,-1,O=C(Nc1cccc(Nc2nccc(-c3cccnc3)n2)c1)c1ccccc1,train
CHEMBL3642834,Cc1ccc(NC(=O)c2ccc(NC(=O)C(C)Cl)cc2)cc1Nc1nccc(-c2cccnc2)n1,WKTBMWCHAMDMIB,-1,0,-1,O=C(Nc1cccc(Nc2nccc(-c3cccnc3)n2)c1)c1ccccc1,train
CHEMBL3642837,Cc1ccc(C(=O)Nc2ccc(NC(=O)CCl)c(C(F)(F)F)c2)cc1Nc1nccc(-c2cccnc2)n1,ZKFZKBXDZAXEBR,-1,1,-1,O=C(Nc1ccccc1)c1cccc(Nc2nccc(-c3cccnc3)n2)c1,train
CHEMBL3644445,Nc1ccc(-c2n[nH]c3c2Cc2sccc2-3)cc1,MRGMFFGMVUAEOH,-1,1,1,c1ccc(-c2n[nH]c3c2Cc2sccc2-3)cc1,train
CHEMBL3644448,COc1ccc(-c2n[nH]c3c2Cc2sc(-c4cccnc4)cc2-3)cc1,FFJSXPWNHROKBN,-1,1,1,c1ccc(-c2n[nH]c3c2Cc2sc(-c4cccnc4)cc2-3)cc1,train
CHEMBL3644449,COc1ccc(-c2n[nH]c3c2Cc2sc(-c4ccc(N)nc4)cc2-3)cc1,AHORVICCHQDIIL,-1,1,1,c1ccc(-c2n[nH]c3c2Cc2sc(-c4cccnc4)cc2-3)cc1,train
CHEMBL3644450,COc1ccc(-c2n[nH]c3c2Cc2sc(-c4ccc(NC(=O)CN5CCCC5)nc4)cc2-3)cc1,OZSJPXRPIQKJRS,-1,1,1,O=C(CN1CCCC1)Nc1ccc(-c2cc3c(s2)Cc2c(-c4ccccc4)n[nH]c2-3)cn1,train
CHEMBL3646210,Cc1cccc(NC(=O)Nc2ccc(-c3csc4c(-c5cnn(C[C@H](C)O)c5)cnc(N)c34)cc2)c1,VKBFHTIUXUCYRQ,-1,1,-1,O=C(Nc1ccccc1)Nc1ccc(-c2csc3c(-c4cn[nH]c4)cncc23)cc1,train
CHEMBL3646211,COc1ccc(NC(=O)Nc2ccc(-c3csc4c(-c5cnn(C[C@H](O)CO)c5)cnc(N)c34)cc2)cc1,BRTHUECZMVKNMQ,-1,1,-1,O=C(Nc1ccccc1)Nc1ccc(-c2csc3c(-c4cn[nH]c4)cncc23)cc1,train
CHEMBL365784,COc1ccc(NC(=O)Nc2ccc(-c3c(C)sc4ncnc(N)c34)cc2)cc1,ZPSQSBRNPLBDHP,-1,1,-1,O=C(Nc1ccccc1)Nc1ccc(-c2csc3ncncc23)cc1,train
CHEMBL366241,CCc1sc2ncnc(N)c2c1-c1ccc(NC(=O)Nc2cccc(C)c2)cc1,NJPIJBWGCOBYBH,-1,1,-1,O=C(Nc1ccccc1)Nc1ccc(-c2csc3ncncc23)cc1,train
CHEMBL3680621,N#CCCN1CCC(c2ccc(NC(=O)c3nc(C#N)cn3OC(=O)C(F)(F)F)c(C3=CCCCC3)c2)CC1,UCGBEJVNUAPOKM,-1,1,-1,O=C(Nc1ccc(C2CCNCC2)cc1C1=CCCCC1)c1ncc[nH]1,train
CHEMBL3680622,CN(C)CC(=O)N1CCC(c2ccc(OC(=O)c3ncc(C#N)[nH]3)c(C3=CCCCC3)c2)CC1,YYJBJIYQTREMAK,-1,1,-1,O=C(Oc1ccc(C2CCNCC2)cc1C1=CCCCC1)c1ncc[nH]1,train
CHEMBL3680623,CS(=O)(=O)CCN1CCC(c2ccc(OC(=O)c3ncc(C#N)[nH]3)c(C3=CCCCC3)c2)CC1,BHTRMTZOIIMJLD,-1,1,-1,O=C(Oc1ccc(C2CCNCC2)cc1C1=CCCCC1)c1ncc[nH]1,train
CHEMBL3680624,N#Cc1cnc(C(=O)Nc2ccc(C3CCN(CC(=O)OC(=O)C(F)(F)F)CC3)cc2C2=CCCCC2)[nH]1,FHRYLGSBWVXRSL,-1,1,-1,O=C(Nc1ccc(C2CCNCC2)cc1C1=CCCCC1)c1ncc[nH]1,train
CHEMBL3680625,N#Cc1cnc(C(=O)Oc2ccc(C3CCN(C(=O)[C@H](O)CO)CC3)cc2C2=CCCCC2)[nH]1,YKSJHALYBXSUOW,-1,1,-1,O=C(Oc1ccc(C2CCNCC2)cc1C1=CCCCC1)c1ncc[nH]1,train
CHEMBL3680626,CN(C)CC(=O)C1=CCC(C)(C)CC1OC(=O)c1ncc(C#N)[nH]1,MVNISFFOUSTBHQ,-1,1,-1,O=C(OC1C=CCCC1)c1ncc[nH]1,train
CHEMBL370325,Cc1sc2ncnc(N)c2c1-c1ccc(NC(=O)Nc2cccc(C(F)(F)F)c2)cc1,BCZYLNWFHXDTAQ,-1,1,-1,O=C(Nc1ccccc1)Nc1ccc(-c2csc3ncncc23)cc1,train
CHEMBL370545,COc1cc(-c2csc3ncnc(N)c23)ccc1NC(=O)Nc1cccc(C)c1,RGUYCALMJCWDEH,-1,1,-1,O=C(Nc1ccccc1)Nc1ccc(-c2csc3ncncc23)cc1,train
CHEMBL371206,Cc1cc(C)cc(NC(=O)Nc2ccc(-c3c(C)sc4ncnc(N)c34)cc2)c1,NWAUBAGBGOPJLF,-1,1,-1,O=C(Nc1ccccc1)Nc1ccc(-c2csc3ncncc23)cc1,train
CHEMBL371225,CCCc1sc2ncnc(N)c2c1-c1ccc(NC(=O)Nc2cccc(C)c2)cc1,MKUGRPMZUYUAIX,-1,1,-1,O=C(Nc1ccccc1)Nc1ccc(-c2csc3ncncc23)cc1,train
CHEMBL371329,Cc1cccc(NC(=O)Nc2ccc(-c3c(C)sc4ncnc(N)c34)cc2)c1,UKICZFWMZQMZGK,-1,1,-1,O=C(Nc1ccccc1)Nc1ccc(-c2csc3ncncc23)cc1,train
CHEMBL371332,Cc1cccc(NC(=O)Nc2ccc(-c3csc4ncnc(N)c34)c(Cl)c2)c1,RARJZQNSSRFGEU,-1,1,-1,O=C(Nc1ccccc1)Nc1ccc(-c2csc3ncncc23)cc1,train
CHEMBL371379,Cc1cccc(NC(=O)Nc2ccc(-c3c(Cc4cccnc4)sc4ncnc(N)c34)cc2)c1,KNXNQDZKPNJJEY,-1,1,-1,O=C(Nc1ccccc1)Nc1ccc(-c2c(Cc3cccnc3)sc3ncncc23)cc1,train
CHEMBL371510,Cc1cccc(NC(=O)Nc2ccc(-c3csc4ncnc(N)c34)cc2F)c1,GSFKQDWVMKDKSA,-1,1,-1,O=C(Nc1ccccc1)Nc1ccc(-c2csc3ncncc23)cc1,train
CHEMBL371889,COc1cccc(NC(=O)Nc2ccc(-c3c(C)sc4ncnc(N)c34)cc2)c1,JUPMOGJCVRJIHK,-1,1,-1,O=C(Nc1ccccc1)Nc1ccc(-c2csc3ncncc23)cc1,train
CHEMBL372174,Cc1sc2ncnc(N)c2c1-c1ccc(NC(=O)Nc2ccc(Cl)cc2)cc1,PNGAHMAIVIRYPV,-1,1,-1,O=C(Nc1ccccc1)Nc1ccc(-c2csc3ncncc23)cc1,train
CHEMBL373798,Nc1n[nH]c2cccc(-c3ccc(NC(=O)Nc4cccc(F)c4)cc3)c12,DMTDZFGYURLLKX,-1,1,-1,O=C(Nc1ccccc1)Nc1ccc(-c2cccc3[nH]ncc23)cc1,train
CHEMBL374044,Cc1cc(NC(=O)Nc2ccc(-c3cccc4[nH]nc(N)c34)cc2)ccc1F,HQPNLIKXAPLWBQ,-1,1,-1,O=C(Nc1ccccc1)Nc1ccc(-c2cccc3[nH]ncc23)cc1,train
CHEMBL374330,Cc1ccc(NC(=O)Nc2ccc(-c3cccc4[nH]nc(N)c34)cc2)cc1,ZVVIKPIHXSNXJY,-1,1,-1,O=C(Nc1ccccc1)Nc1ccc(-c2cccc3[nH]ncc23)cc1,train
CHEMBL374752,Cc1cccc(NC(=O)Nc2ccc(-c3ccc(F)c4[nH]nc(N)c34)cc2)c1,NSKBZEAMNHXVRQ,-1,1,-1,O=C(Nc1ccccc1)Nc1ccc(-c2cccc3[nH]ncc23)cc1,train
CHEMBL375670,Nc1n[nH]c2cccc(-c3ccc(NC(=O)Nc4cccc(Cl)c4)cc3)c12,WOINYYVWAXSXMQ,-1,1,-1,O=C(Nc1ccccc1)Nc1ccc(-c2cccc3[nH]ncc23)cc1,train
CHEMBL376077,Cc1ccccc1NC(=O)Nc1ccc(-c2cccc3[nH]nc(N)c23)cc1,XTKIFGMBONJHTF,-1,1,-1,O=C(Nc1ccccc1)Nc1ccc(-c2cccc3[nH]ncc23)cc1,train
CHEMBL376307,Nc1n[nH]c2cccc(-c3ccc(NC(=O)Nc4ccsc4)cc3)c12,OPVYNMNWPXOEJX,-1,1,-1,O=C(Nc1ccc(-c2cccc3[nH]ncc23)cc1)Nc1ccsc1,train
CHEMBL3764279,C=CCc1cccc(/C=N/NC(=O)Nc2ccc(Oc3ccnc4cc(OCCCN5CCCCC5)c(OC)cc34)c(F)c2)c1O,LJSAOZBYSGZILH,-1,1,-1,O=C(NN=Cc1ccccc1)Nc1ccc(Oc2ccnc3cc(OCCCN4CCCCC4)ccc23)cc1,train
CHEMBL376951,Cc1cccc(NC(=O)Nc2ccc(-c3nsc4ncnc(N)c34)cc2)c1,FKFACVZGGDYEHZ,-1,1,-1,O=C(Nc1ccccc1)Nc1ccc(-c2nsc3ncncc23)cc1,train
CHEMBL3774451,O=C(Nc1ccc(Oc2ccnc3[nH]ccc23)c(F)c1)c1nnn(-c2ccc(F)cc2)c1C(F)(F)F,ULHLSSWDQFLSBL,-1,1,1,O=C(Nc1ccc(Oc2ccnc3[nH]ccc23)cc1)c1cn(-c2ccccc2)nn1,train
CHEMBL377734,O=C(NC1CC1)c1cc(NCc2cnc(Nc3ccccn3)s2)c(F)cc1F,CUPLTRAPYIXFAX,-1,1,1,O=C(NC1CC1)c1cccc(NCc2cnc(Nc3ccccn3)s2)c1,train
CHEMBL3787112,Nc1ncnc2c1c(-c1cccc(O)c1)cn2[C@H]1C[C@@H](CN2CCC2)C1,BETBNWGUKZUUAX,-1,1,-1,c1ccc(-c2cn(C3CC(CN4CCC4)C3)c3ncncc23)cc1,train
CHEMBL378831,CN1CCN(Cc2ccc3c(c2)-c2n[nH]c(-c4ccc(CN(C)C(=O)Nc5cccc(Cl)c5)s4)c2C3)CC1,MSHIDVJWNMVTDI,-1,1,-1,O=C(NCc1ccc(-c2[nH]nc3c2Cc2ccc(CN4CCNCC4)cc2-3)s1)Nc1ccccc1,train
CHEMBL378895,CN1CCN(Cc2ccc3c(c2)Cc2c-3n[nH]c2-c2ccc(CN(C)C(=O)Nc3cc(F)cc(C(F)(F)F)c3)s2)CC1,SLZDAHQKZCFNCA,-1,1,-1,O=C(NCc1ccc(-c2[nH]nc3c2Cc2cc(CN4CCNCC4)ccc2-3)s1)Nc1ccccc1,train
CHEMBL379088,CN1CCN(Cc2ccc3c(c2)Cc2c-3n[nH]c2-c2ccc(CN(C)C(=O)Nc3cccc(OC(F)(F)F)c3)s2)CC1,HIFPXVLZYKQXID,-1,1,-1,O=C(NCc1ccc(-c2[nH]nc3c2Cc2cc(CN4CCNCC4)ccc2-3)s1)Nc1ccccc1,train
CHEMBL380068,CCCN(Cc1ccc(-c2[nH]nc3c2Cc2cc(CN4CCN(C)CC4)ccc2-3)s1)C(=O)Nc1cccc(C)c1,IQDKZLHBQUEUDC,-1,1,-1,O=C(NCc1ccc(-c2[nH]nc3c2Cc2cc(CN4CCNCC4)ccc2-3)s1)Nc1ccccc1,train
CHEMBL380243,CN1CCN(Cc2ccc3c(c2)-c2n[nH]c(-c4ccc(CN(C)C(=O)Nc5ccc(Cl)cc5)s4)c2C3)CC1,QWGVEQIQNCTOIQ,-1,1,-1,O=C(NCc1ccc(-c2[nH]nc3c2Cc2ccc(CN4CCNCC4)cc2-3)s1)Nc1ccccc1,train
CHEMBL380397,CN1CCN(Cc2ccc3c(c2)Cc2c(-c4ccc(CNC(=O)Nc5cc(Cl)cc(Cl)c5)s4)n[nH]c2-3)CC1,QFUMXJTWUNRHSU,-1,1,-1,O=C(NCc1ccc(-c2n[nH]c3c2Cc2cc(CN4CCNCC4)ccc2-3)s1)Nc1ccccc1,train
CHEMBL381034,Cc1sc2ncnc(N)c2c1-c1ccc(NC(=O)Nc2cc(Cl)cc(Cl)c2)cc1,CPGDDAIHGOCSDF,-1,1,-1,O=C(Nc1ccccc1)Nc1ccc(-c2csc3ncncc23)cc1,train
CHEMBL381207,Cc1sc2ncnc(N)c2c1-c1ccc(NC(=O)Nc2cc(C(F)(F)F)ccc2F)cc1,GXKSGTIXGWDSGJ,-1,1,-1,O=C(Nc1ccccc1)Nc1ccc(-c2csc3ncncc23)cc1,train
CHEMBL382112,Cc1cccc(NC(=O)Nc2ccc(-c3c(CCC(=O)N(C)C)sc4ncnc(N)c34)cc2)c1,NNHRULFQQIVXMY,-1,1,-1,O=C(Nc1ccccc1)Nc1ccc(-c2csc3ncncc23)cc1,train
CHEMBL382517,Cc1sc2ncnc(N)c2c1-c1ccc(NC(=O)Nc2cccc(Cl)c2)cc1,BTDHMLNFQMGPGD,-1,1,-1,O=C(Nc1ccccc1)Nc1ccc(-c2csc3ncncc23)cc1,train
CHEMBL383264,N[C@H](COc1cncc(-c2ccc3cnccc3c2)c1)Cc1c[nH]c2ccccc12,LHQWPYOYDRVMFI,-1,0,-1,c1ccc2c(CCCOc3cncc(-c4ccc5cnccc5c4)c3)c[nH]c2c1,train
CHEMBL384294,CN1CCN(Cc2ccc3c(c2)-c2n[nH]c(-c4ccc(CN(C)C(=O)Nc5ccc(F)cc5)s4)c2C3)CC1,YKIIROJVKKTKLM,-1,1,-1,O=C(NCc1ccc(-c2[nH]nc3c2Cc2ccc(CN4CCNCC4)cc2-3)s1)Nc1ccccc1,train
CHEMBL3884319,CC1(C)C(=O)N([C@H]2CCc3c(O)cccc32)c2nc(Nc3ccccc3)ncc21,XLFNLJYGUOLEJS,-1,1,-1,O=C1Cc2cnc(Nc3ccccc3)nc2N1C1CCc2ccccc21,train
CHEMBL3889822,Cc1ccc(-c2noc(C3CC3(F)F)n2)cc1NC(=O)c1cnc2ccc(COCC(F)(F)F)cn12,KCAZMKTVLQMKCC,-1,1,-1,O=C(Nc1cccc(-c2noc(C3CC3)n2)c1)c1cnc2ccccn12,train
CHEMBL3890397,Cc1ccn2c(C(=O)Nc3cc(-c4noc([C@H]5C[C@@H]5F)n4)ccc3C)cnc2c1,KIRYEJRGNGQAGY,-1,1,-1,O=C(Nc1cccc(-c2noc(C3CC3)n2)c1)c1cnc2ccccn12,train
CHEMBL3890985,O=C(Nc1n[nH]c2cc(OCCOCc3ccccc3)ccc12)c1ccc(N2CC(N3CCCC3)C2)cc1,SWXOORVKAHJWLM,-1,1,-1,O=C(Nc1n[nH]c2cc(OCCOCc3ccccc3)ccc12)c1ccc(N2CC(N3CCCC3)C2)cc1,train
CHEMBL3891043,COC(=O)NC1(c2nc(-c3ccc(C)c(NC(=O)c4cnc5ccccn45)c3)no2)CCC1,JQAOVLHZPSXMAK,-1,1,-1,O=C(Nc1cccc(-c2noc(C3CCC3)n2)c1)c1cnc2ccccn12,train
CHEMBL3891305,Cc1ccc(-c2noc(C3CC(=CCCO)C3)n2)cc1NC(=O)c1cnc2ccccn12,BWCMRRLLHHZFMK,-1,1,-1,C=C1CC(c2nc(-c3cccc(NC(=O)c4cnc5ccccn45)c3)no2)C1,train
CHEMBL3892043,Cc1cc(C)c(-c2noc(C3CC(F)(F)C3)n2)cc1NC(=O)c1cnc2ccccn12,QVVZVIMTCBNZEO,-1,1,-1,O=C(Nc1cccc(-c2noc(C3CCC3)n2)c1)c1cnc2ccccn12,train
CHEMBL3892244,CN1CCC(Nc2ccc(C(=O)Nc3n[nH]c4cc(OCCOCc5ccccc5)ccc34)cc2)CC1,PDNODHRYUKDHAQ,-1,1,-1,O=C(Nc1n[nH]c2cc(OCCOCc3ccccc3)ccc12)c1ccc(NC2CCNCC2)cc1,train
CHEMBL3893527,Cc1ccc(-c2noc(C3CC(F)(F)C3)n2)cc1NC(=O)c1cnc2ccc(CCN3CCOCC3)cn12,RWFRRCZOXFUFBX,-1,1,-1,O=C(Nc1cccc(-c2noc(C3CCC3)n2)c1)c1cnc2ccc(CCN3CCOCC3)cn12,train
CHEMBL3893688,Cc1ccc(-c2noc(CCNC(=O)OC3(C)CC3)n2)cc1NC(=O)c1cnc2ccccn12,SVDQVKHOQYZWAL,-1,1,-1,O=C(NCCc1nc(-c2cccc(NC(=O)c3cnc4ccccn34)c2)no1)OC1CC1,train
CHEMBL3894487,Cc1ccc(-c2noc(C3CC(F)(F)C3)n2)cc1NC(=O)c1cnc2ccc(CN3CCN(C)CC3)cn12,KMBADQVFWVIROD,-1,1,-1,O=C(Nc1cccc(-c2noc(C3CCC3)n2)c1)c1cnc2ccc(CN3CCNCC3)cn12,train
CHEMBL3894634,CN(c1ccc(C(=O)Nc2n[nH]c3cc(OCCOCc4ccccc4)ccc23)cc1)C1CC[N+](C)([O-])CC1,ISLIQOVHEDTVJY,-1,1,-1,O=C(Nc1n[nH]c2cc(OCCOCc3ccccc3)ccc12)c1ccc(NC2CC[NH2+]CC2)cc1,train
CHEMBL3895187,Cc1ccc(-c2noc(C3CC(O)(C(F)(F)F)C3)n2)cc1NC(=O)c1cnc2cc(F)ccn12,RFSJBIGRJQSQJP,-1,1,-1,O=C(Nc1cccc(-c2noc(C3CCC3)n2)c1)c1cnc2ccccn12,train
CHEMBL3895465,CC(C)(O)Cn1cc(-c2ccc3ncc(C(=O)Nc4cc(-c5noc(C6CC(F)(F)C6)n5)ccc4F)n3c2)cn1,ZUCAJOGACPVRKK,-1,1,-1,O=C(Nc1cccc(-c2noc(C3CCC3)n2)c1)c1cnc2ccc(-c3cn[nH]c3)cn12,train
CHEMBL3897919,Cc1ccc(-c2noc([C@H]3C[C@H](N)C3)n2)cc1NC(=O)c1cnc2ccccn12,DQBZLRRBDNJYLN,-1,1,-1,O=C(Nc1cccc(-c2noc(C3CCC3)n2)c1)c1cnc2ccccn12,train
CHEMBL3898232,COc1ccc(COCCOc2ccc3c(NC(=O)c4ccc(N5CCN(C)CC5)cc4)n[nH]c3c2)cc1,IIFDFWIYQQQBGS,-1,1,-1,O=C(Nc1n[nH]c2cc(OCCOCc3ccccc3)ccc12)c1ccc(N2CCNCC2)cc1,train
CHEMBL3898486,Cc1ccc(-c2noc(C3CC(F)(F)C3)n2)cc1NC(=O)c1cnc2ccc(C(N)=O)cn12,PYJGRPRPIMKYEB,-1,1,-1,O=C(Nc1cccc(-c2noc(C3CCC3)n2)c1)c1cnc2ccccn12,train
CHEMBL3898742,Cc1ccc(-c2noc(C3CC(F)(F)C3)n2)cc1NC(=O)c1cnc2ccc(COCCF)cn12,JHFRDCLISNAGNN,-1,1,-1,O=C(Nc1cccc(-c2noc(C3CCC3)n2)c1)c1cnc2ccccn12,train
CHEMBL3899039,Cc1ccc(-c2noc(C3CC(F)(F)C3)n2)cc1NC(=O)c1cnc2ccc(-c3cn[nH]c3)cn12,RMXVIPAFTSRMND,-1,1,-1,O=C(Nc1cccc(-c2noc(C3CCC3)n2)c1)c1cnc2ccc(-c3cn[nH]c3)cn12,train
CHEMBL3899146,Cc1ccc(-c2noc(C3(CO)CC3)n2)cc1NC(=O)c1cnc2ccccn12,FFZMQGTUGMGYIF,-1,1,-1,O=C(Nc1cccc(-c2noc(C3CC3)n2)c1)c1cnc2ccccn12,train
CHEMBL3899224,Cc1ccc(-c2noc(C3CC(F)(F)C3)n2)cc1NC(=O)c1cnc2ccc(F)cn12,XHQBPWQRZZIMAA,-1,1,-1,O=C(Nc1cccc(-c2noc(C3CCC3)n2)c1)c1cnc2ccccn12,train
CHEMBL3899589,Cc1ccc(-c2noc(C3CC4(C3)OCCO4)n2)cc1NC(=O)c1cnc2ccccn12,JUFRLPQXDIXLQH,-1,1,-1,O=C(Nc1cccc(-c2noc(C3CC4(C3)OCCO4)n2)c1)c1cnc2ccccn12,train
CHEMBL3900488,Cc1ccc(-c2noc(C3CC3)n2)cc1NC(=O)c1cnc2ccccn12,IACBZSGWVMFOJV,-1,1,-1,O=C(Nc1cccc(-c2noc(C3CC3)n2)c1)c1cnc2ccccn12,train
CHEMBL3900520,Cc1ccc(-c2noc([C@H]3C[C@@](C)(O)C3)n2)cc1NC(=O)c1cnc2ccc(F)cn12,HGFPSCQSKGUSQU,-1,1,-1,O=C(Nc1cccc(-c2noc(C3CCC3)n2)c1)c1cnc2ccccn12,train
CHEMBL3900616,Cc1ccc(-c2noc(C3CC(F)(F)C3)n2)cc1NC(=O)c1cnc2ccc(N3C[C@@H](C)O[C@@H](C)C3)cn12,WLWRVOASHCUSOL,-1,1,-1,O=C(Nc1cccc(-c2noc(C3CCC3)n2)c1)c1cnc2ccc(N3CCOCC3)cn12,train
CHEMBL3902141,Cc1ccc(-c2noc(C3CC(F)(F)C3)n2)cc1NC(=O)c1cnc2cc(C3CCN(S(C)(=O)=O)CC3)ccn12,MMOFMAAEZFLAQN,-1,1,-1,O=C(Nc1cccc(-c2noc(C3CCC3)n2)c1)c1cnc2cc(C3CCNCC3)ccn12,train
CHEMBL3902502,Cc1ccc(-c2noc(C3CC(F)(F)C3)n2)cc1NC(=O)c1cnc2ccc(CCC(C)(C)O)cn12,BZTQGSHQRMAQQH,-1,1,-1,O=C(Nc1cccc(-c2noc(C3CCC3)n2)c1)c1cnc2ccccn12,train
CHEMBL3902638,Cc1ccc(-c2noc(C3CC(=NOC(C)C)C3)n2)cc1NC(=O)c1cnc2ccccn12,YPJQEOYEDWLTPQ,-1,1,-1,N=C1CC(c2nc(-c3cccc(NC(=O)c4cnc5ccccn45)c3)no2)C1,train
CHEMBL3902657,COCC(=O)NC1(c2nc(-c3ccc(C)c(NC(=O)c4cnc5ccccn45)c3)no2)CC1,CYBYWHSMZVHBDF,-1,1,-1,O=C(Nc1cccc(-c2noc(C3CC3)n2)c1)c1cnc2ccccn12,train
CHEMBL3903054,CON=C1CC(c2nc(-c3ccc(C)c(NC(=O)c4cnc5ccccn45)c3)no2)C1,NQBZUPQOCMPGNT,-1,1,-1,N=C1CC(c2nc(-c3cccc(NC(=O)c4cnc5ccccn45)c3)no2)C1,train
CHEMBL3903979,Cc1ccn2c(C(=O)Nc3cc(-c4noc(C5CC(F)(F)C5)n4)ccc3C)cnc2c1,PZQWOZMFFXZLHP,-1,1,-1,O=C(Nc1cccc(-c2noc(C3CCC3)n2)c1)c1cnc2ccccn12,train
CHEMBL3904217,Cc1ccn2c(C(=O)Nc3cc(-c4noc([C@H]5C[C@](O)(C(F)(F)F)C5)n4)ccc3C)cnc2c1,NOMMXAAIKCBMRF,-1,1,-1,O=C(Nc1cccc(-c2noc(C3CCC3)n2)c1)c1cnc2ccccn12,train
CHEMBL3904400,Cc1ccc(-c2noc(C3CC(F)(F)C3)n2)cc1NC(=O)c1cnc2ccc(-c3cscn3)cn12,FZYVKXRUCUFWPT,-1,1,-1,O=C(Nc1cccc(-c2noc(C3CCC3)n2)c1)c1cnc2ccc(-c3cscn3)cn12,train
CHEMBL3904505,Cc1ccc(-c2noc(C3CC(F)(F)C3)n2)cc1NC(=O)c1cnc2cc(OC(F)F)ccn12,FDAOKJLCACKIFM,-1,1,-1,O=C(Nc1cccc(-c2noc(C3CCC3)n2)c1)c1cnc2ccccn12,train
CHEMBL3904832,Cc1ccn2c(C(=O)Nc3cc(-c4noc(C5CC(F)C5)n4)ccc3C)cnc2c1,MADGFKMGRAUDJD,-1,1,-1,O=C(Nc1cccc(-c2noc(C3CCC3)n2)c1)c1cnc2ccccn12,train
CHEMBL3904897,Cc1ccc(-c2noc(COC3CC(F)(F)C3(F)F)n2)cc1NC(=O)c1cnc2ccccn12,AJALWDBRAVSTFX,-1,1,-1,O=C(Nc1cccc(-c2noc(COC3CCC3)n2)c1)c1cnc2ccccn12,train
CHEMBL3904904,COCCO[C@H]1C[C@@H](c2nc(-c3ccc(C)c(NC(=O)c4cnc5ccccn45)c3)no2)C1,WKGLUTLJDPODRX,-1,1,-1,O=C(Nc1cccc(-c2noc(C3CCC3)n2)c1)c1cnc2ccccn12,train
CHEMBL3905997,Cc1ccc(-c2noc(C3(F)CCC3)n2)cc1NC(=O)c1cnc2ccccn12,AHFSNECLZXPMJX,-1,1,-1,O=C(Nc1cccc(-c2noc(C3CCC3)n2)c1)c1cnc2ccccn12,train
CHEMBL3906886,Cc1ccc(NC(=O)c2ccc(CN3CCN(C)CC3)c(C(F)(F)F)c2)cc1OC1CCN(C(=O)c2cnccc2C)CC1,OCUCMFCBWXLQQI,-1,1,-1,O=C(Nc1cccc(OC2CCN(C(=O)c3cccnc3)CC2)c1)c1ccc(CN2CCNCC2)cc1,train
CHEMBL3907108,O=C(Nc1n[nH]c2cc(OCCOCc3ccccc3)ccc12)c1ccc(N2CCNCC2)cc1,BWCSPZNRYMSSKH,-1,1,-1,O=C(Nc1n[nH]c2cc(OCCOCc3ccccc3)ccc12)c1ccc(N2CCNCC2)cc1,train
CHEMBL3907264,CN1CCN(c2ccc(C(=O)Nc3n[nH]c4cc(OCCOCc5cccc(C(F)(F)F)c5)ccc34)cc2)CC1,DCSIJUPXXBXEJA,-1,1,-1,O=C(Nc1n[nH]c2cc(OCCOCc3ccccc3)ccc12)c1ccc(N2CCNCC2)cc1,train
CHEMBL3907270,Cc1ccc(-c2noc(C3CC(F)(F)C3)n2)c(C)c1NC(=O)c1cnc2ccccn12,LEKPOEMXPKTFIQ,-1,1,-1,O=C(Nc1cccc(-c2noc(C3CCC3)n2)c1)c1cnc2ccccn12,train
CHEMBL3908277,Cc1ccc(-c2noc(C3CC(F)(F)C3)n2)cc1NC(=O)c1cnc2cc(C#N)ccn12,HVLLSFSZBNWGEY,-1,1,-1,O=C(Nc1cccc(-c2noc(C3CCC3)n2)c1)c1cnc2ccccn12,train
CHEMBL3908289,CO[C@H]1C[C@@H](c2nc(-c3ccc(C)c(NC(=O)c4cnc5ccccn45)c3)no2)C1,MKRHTMICEQFIHC,-1,1,-1,O=C(Nc1cccc(-c2noc(C3CCC3)n2)c1)c1cnc2ccccn12,train
CHEMBL3909005,Cc1ccc(-c2noc(C3CC(F)(F)C3)n2)cc1NC(=O)c1cnc2ccccn12,YYJQXSJQDPOQPK,-1,1,-1,O=C(Nc1cccc(-c2noc(C3CCC3)n2)c1)c1cnc2ccccn12,train
CHEMBL3909229,Cc1ccc(-c2noc(C3(N(C)C)CC3)n2)cc1NC(=O)c1cnc2ccccn12,TTXRVIZQMULATC,-1,1,-1,O=C(Nc1cccc(-c2noc(C3CC3)n2)c1)c1cnc2ccccn12,train
CHEMBL3909463,COC(=O)NC1(c2nc(-c3ccc(C)c(NC(=O)c4cnc5ccccn45)c3)no2)CC(F)(F)C1,QRRXDPDVPOSIFC,-1,1,-1,O=C(Nc1cccc(-c2noc(C3CCC3)n2)c1)c1cnc2ccccn12,train
CHEMBL3911821,Cc1nnc(-c2ccc3ncc(C(=O)Nc4cc(-c5noc(C6CC(F)(F)C6)n5)ccc4F)n3c2)[nH]1,XCRIYMJWHVQZPI,-1,1,-1,O=C(Nc1cccc(-c2noc(C3CCC3)n2)c1)c1cnc2ccc(-c3nnc[nH]3)cn12,train
CHEMBL3911955,Cc1ccc(-c2noc(C3CC(C)(O)C3)n2)cc1NC(=O)c1cnc2ccccn12,VBSCTWFMHAWPSW,-1,1,-1,O=C(Nc1cccc(-c2noc(C3CCC3)n2)c1)c1cnc2ccccn12,train
CHEMBL3912032,CN1CCN(c2ccc(C(=O)Nc3n[nH]c4cc(OCCOCc5ccc(C(F)(F)F)cc5)ccc34)cc2)CC1,RJHKFEDJXGONBU,-1,1,-1,O=C(Nc1n[nH]c2cc(OCCOCc3ccccc3)ccc12)c1ccc(N2CCNCC2)cc1,train
CHEMBL3912313,Cc1ccc(-c2noc(CNC(=O)OC3(C)CC3)n2)cc1NC(=O)c1cnc2ccccn12,UUHURBSCNYMVOQ,-1,1,-1,O=C(NCc1nc(-c2cccc(NC(=O)c3cnc4ccccn34)c2)no1)OC1CC1,train
CHEMBL3912742,Cc1ccc(-c2noc(C3CC(F)(F)C3)n2)cc1NC(=O)c1cnc2ccc(C(C)O)cn12,UYLMYXBJJAZNJX,-1,1,-1,O=C(Nc1cccc(-c2noc(C3CCC3)n2)c1)c1cnc2ccccn12,train
CHEMBL3913704,Cc1ccc(-c2noc(C3CC4(CC(=O)C4)C3)n2)cc1NC(=O)c1cnc2ccccn12,XHGVWDXFZUEHRV,-1,1,-1,O=C1CC2(C1)CC(c1nc(-c3cccc(NC(=O)c4cnc5ccccn45)c3)no1)C2,train
CHEMBL3913884,Cc1ccc(-c2noc(C3CC(F)(F)C3)n2)cc1NC(=O)c1cnc2ccc(CO)cn12,XCYDGRAVLMZAMV,-1,1,-1,O=C(Nc1cccc(-c2noc(C3CCC3)n2)c1)c1cnc2ccccn12,train
CHEMBL3914373,Cc1ccc(-c2noc(C3CC(F)(F)C3)n2)cc1NC(=O)c1cnc2ccc(-c3cnn(CC(C)(C)O)c3)cn12,LSWXHHBJJIGZTD,-1,1,-1,O=C(Nc1cccc(-c2noc(C3CCC3)n2)c1)c1cnc2ccc(-c3cn[nH]c3)cn12,train
CHEMBL3914620,Cc1ccc(-c2noc(C3CC(F)(F)C3)n2)cc1NC(=O)c1cnc2cc(-c3c[nH]nn3)ccn12,IZCWSKVYLGKJTN,-1,1,-1,O=C(Nc1cccc(-c2noc(C3CCC3)n2)c1)c1cnc2cc(-c3c[nH]nn3)ccn12,train
CHEMBL3914862,Cc1cc(C)c(-c2noc([C@@H]3CC3(F)F)n2)cc1NC(=O)c1cnc2ccccn12,GZVKBICARWJUII,-1,1,-1,O=C(Nc1cccc(-c2noc(C3CC3)n2)c1)c1cnc2ccccn12,train
CHEMBL3914934,Cc1ccc(-c2noc(C3CC(F)(F)C3)n2)cc1NC(=O)c1cnc2ccc(COCC(F)(F)F)cn12,KEYOYTQRXGQPGL,-1,1,-1,O=C(Nc1cccc(-c2noc(C3CCC3)n2)c1)c1cnc2ccccn12,train
CHEMBL3914974,Cc1ccc(-c2noc(C3(C(N)=O)CC3)n2)cc1NC(=O)c1cnc2ccc(F)cn12,GANVJQGJEYQSGI,-1,1,-1,O=C(Nc1cccc(-c2noc(C3CC3)n2)c1)c1cnc2ccccn12,train
CHEMBL3915093,Cc1ccc(-c2noc(C3CC(F)(F)C3)n2)cc1NC(=O)c1cnc2ccc(-c3cnn(C)c3)cn12,NBSLKFJOTXPKOX,-1,1,-1,O=C(Nc1cccc(-c2noc(C3CCC3)n2)c1)c1cnc2ccc(-c3cn[nH]c3)cn12,train
CHEMBL3916043,Cc1ccc(-c2noc(C3CCC3)n2)cc1NC(=O)c1cnc2ccccn12,LAAFMNKBPFCIJU,-1,1,-1,O=C(Nc1cccc(-c2noc(C3CCC3)n2)c1)c1cnc2ccccn12,train
CHEMBL3917040,Cc1ccc(-c2noc(C3CC(F)(F)C3)n2)cc1NC(=O)c1cnc2ccc(-c3cnn(CC(=O)O)c3)cn12,WMOGDCLNSOMBFC,-1,1,-1,O=C(Nc1cccc(-c2noc(C3CCC3)n2)c1)c1cnc2ccc(-c3cn[nH]c3)cn12,train
CHEMBL3920689,COC1(C(F)(F)F)CC(c2nc(-c3ccc(C)c(N(C)C(=O)c4cnc5ccccn45)c3)no2)C1,VLIRSVBOVAFGHU,-1,1,-1,O=C(Nc1cccc(-c2noc(C3CCC3)n2)c1)c1cnc2ccccn12,train
CHEMBL3922116,Cc1ccc(-c2noc(C3CC4(CC(O)C4)C3)n2)cc1NC(=O)c1cnc2ccccn12,CXAIUYZBLYTVTR,-1,1,-1,O=C(Nc1cccc(-c2noc(C3CC4(CCC4)C3)n2)c1)c1cnc2ccccn12,train
CHEMBL3922314,CN1CCN(c2ccc(C(=O)Nc3n[nH]c4cc(Oc5cccc(F)c5)ccc34)cc2)CC1,YHSKLCIRXOOVQC,-1,1,-1,O=C(Nc1n[nH]c2cc(Oc3ccccc3)ccc12)c1ccc(N2CCNCC2)cc1,train
CHEMBL3922635,C[N+]1([O-])CCN(c2ccc(C(=O)Nc3n[nH]c4cc(OCCOCc5ccccc5)ccc34)cc2)CC1,MXSMCVLHQVHBRZ,-1,1,-1,O=C(Nc1n[nH]c2cc(OCCOCc3ccccc3)ccc12)c1ccc(N2CC[NH2+]CC2)cc1,train
CHEMBL3923361,CN1CCN(c2ccc(C(=O)Nc3n[nH]c4cc(Oc5ccccc5)ccc34)cc2)CC1,OJOQSHNPUSPZFM,-1,1,-1,O=C(Nc1n[nH]c2cc(Oc3ccccc3)ccc12)c1ccc(N2CCNCC2)cc1,train
CHEMBL3926159,Cc1ccc(-c2noc(C3(N)CCC3)n2)cc1NC(=O)c1cnc2ccccn12,KZDMOSVLZIBBNH,-1,1,-1,O=C(Nc1cccc(-c2noc(C3CCC3)n2)c1)c1cnc2ccccn12,train
CHEMBL3926364,CCC1CC(c2nc(-c3ccc(C)c(NC(=O)c4cnc5ccccn45)c3)no2)C1,YGXKCHDRBDRTQD,-1,1,-1,O=C(Nc1cccc(-c2noc(C3CCC3)n2)c1)c1cnc2ccccn12,train
CHEMBL3926630,Cc1ccc(-c2noc(C3CC(F)(F)C3)n2)cc1NC(=O)c1cnc2ccc(-c3cnn(CCN4CCOCC4)c3)cn12,FGAQHQPHMGQONA,-1,1,-1,O=C(Nc1cccc(-c2noc(C3CCC3)n2)c1)c1cnc2ccc(-c3cnn(CCN4CCOCC4)c3)cn12,train
CHEMBL3926837,Cc1ccc(-c2noc(C3(NC(=O)OC(C)(C)C)CC3)n2)cc1NC(=O)c1cnc2ccccn12,NSRLVENBQNMIER,-1,1,-1,O=C(Nc1cccc(-c2noc(C3CC3)n2)c1)c1cnc2ccccn12,train
CHEMBL3927095,COCc1ccc2ncc(C(=O)Nc3cc(-c4noc(C5CC(F)(F)C5)n4)ccc3C)n2c1,SRDBLOPEORGLEG,-1,1,-1,O=C(Nc1cccc(-c2noc(C3CCC3)n2)c1)c1cnc2ccccn12,train
CHEMBL3927187,C=C1CC(c2nc(-c3ccc(F)c(NC(=O)c4cnc5ccccn45)c3)no2)C1,STTCYAFMCPPVTG,-1,1,-1,C=C1CC(c2nc(-c3cccc(NC(=O)c4cnc5ccccn45)c3)no2)C1,train
CHEMBL3928804,Cc1ccc(-c2noc(CC3CC3)n2)cc1NC(=O)c1cnc2ccccn12,WMOJCMVDOZBWHB,-1,1,-1,O=C(Nc1cccc(-c2noc(CC3CC3)n2)c1)c1cnc2ccccn12,train
CHEMBL3929856,Cc1ccc(-c2noc(C3CC(O)(C4CC4)C3)n2)cc1NC(=O)c1cnc2ccccn12,GBSLZTPHUKSUFS,-1,1,-1,O=C(Nc1cccc(-c2noc(C3CC(C4CC4)C3)n2)c1)c1cnc2ccccn12,train
CHEMBL3931117,Cc1ccc(-c2noc(C3CC4(C3)OC[C@H](C)O4)n2)cc1NC(=O)c1cnc2ccccn12,BFENDVJZXZZBMZ,-1,1,-1,O=C(Nc1cccc(-c2noc(C3CC4(C3)OCCO4)n2)c1)c1cnc2ccccn12,train
CHEMBL3931551,COC(=O)NC1CC(c2nc(-c3ccc(C)c(NC(=O)c4cnc5ccccn45)c3)no2)C1,CFAUIHXPMUVAFG,-1,1,-1,O=C(Nc1cccc(-c2noc(C3CCC3)n2)c1)c1cnc2ccccn12,train
CHEMBL3931573,C[N+]1([O-])CCN(c2ccc(C(=O)Nc3n[nH]c4cc(OCCOCc5ccc(C(F)(F)F)cc5)ccc34)cc2)CC1,GTHMLHGDEWZDBE,-1,1,-1,O=C(Nc1n[nH]c2cc(OCCOCc3ccccc3)ccc12)c1ccc(N2CC[NH2+]CC2)cc1,train
CHEMBL3931937,COC(=O)NC1(c2nc(-c3ccc(C)c(NC(=O)c4cnc5cc(C)ccn45)c3)no2)CC(F)(F)C1,VMPUVVKGRPJUIX,-1,1,-1,O=C(Nc1cccc(-c2noc(C3CCC3)n2)c1)c1cnc2ccccn12,train
CHEMBL3931975,Cc1ccc2ncc(C(=O)Nc3cc(-c4noc(C5CC(F)(F)C5)n4)ccc3C)n2c1,CYHBIKSLEMCECT,-1,1,-1,O=C(Nc1cccc(-c2noc(C3CCC3)n2)c1)c1cnc2ccccn12,train
CHEMBL3932110,Cc1cn(-c2ccc3ncc(C(=O)Nc4cc(-c5noc(C6CC(F)(F)C6)n5)ccc4C)n3c2)cn1,NRUQPKZIUNPPNZ,-1,1,-1,O=C(Nc1cccc(-c2noc(C3CCC3)n2)c1)c1cnc2ccc(-n3ccnc3)cn12,train
CHEMBL3935251,Cc1ccc(-c2noc(C3CC(F)(F)C3)n2)cc1NC(=O)c1cnc2ccc(N3CCOCC3)cn12,VMMAYWQRBBMUSN,-1,1,-1,O=C(Nc1cccc(-c2noc(C3CCC3)n2)c1)c1cnc2ccc(N3CCOCC3)cn12,train
CHEMBL3936700,CN(C)Cc1ccc(C(=O)Nc2n[nH]c3cc(OCCOCc4ccccc4)ccc23)cc1,GROXNFRMNKFZQO,-1,1,-1,O=C(Nc1n[nH]c2cc(OCCOCc3ccccc3)ccc12)c1ccccc1,train
CHEMBL3937614,COC1(C(F)(F)F)CC(c2nc(-c3ccc(C)c(NC(=O)c4cnc5ccccn45)c3)no2)C1,PTEZEOLABNJMAJ,-1,1,-1,O=C(Nc1cccc(-c2noc(C3CCC3)n2)c1)c1cnc2ccccn12,train
CHEMBL3937726,Cc1ccc(-c2noc([C@H]3C[C@@H](O)C3)n2)cc1NC(=O)c1cnc2ccc(F)cn12,GYBSZVNBXDIORM,-1,1,-1,O=C(Nc1cccc(-c2noc(C3CCC3)n2)c1)c1cnc2ccccn12,train
CHEMBL3937810,CN1CCN(c2ccc(C(=O)Nc3n[nH]c4cc(OCCOCc5ccccc5)ccc34)cc2)CC1,JUVUOCPHWWLZMQ,-1,1,-1,O=C(Nc1n[nH]c2cc(OCCOCc3ccccc3)ccc12)c1ccc(N2CCNCC2)cc1,train
CHEMBL3938398,CN1CCC(N(C)c2ccc(C(=O)Nc3n[nH]c4cc(OCCOCc5ccccc5)ccc34)cc2)CC1,RNSLASPOMDRANY,-1,1,-1,O=C(Nc1n[nH]c2cc(OCCOCc3ccccc3)ccc12)c1ccc(NC2CCNCC2)cc1,train
CHEMBL3939348,COC(=O)N(C(=O)OC)C1(c2nc(-c3ccc(C)c(NC(=O)c4cnc5ccccn45)c3)no2)CC1,KBQARZYCSSUVFQ,-1,1,-1,O=C(Nc1cccc(-c2noc(C3CC3)n2)c1)c1cnc2ccccn12,train
CHEMBL3939480,O=C(Nc1cc(-c2noc(C3CC(F)(F)C3)n2)ccc1F)c1cnc2ccc(-c3cnn(CCN4CCOCC4)c3)cn12,VWLGANZUNCNMJP,-1,1,-1,O=C(Nc1cccc(-c2noc(C3CCC3)n2)c1)c1cnc2ccc(-c3cnn(CCN4CCOCC4)c3)cn12,train
CHEMBL3939906,COCCOCc1ccc2ncc(C(=O)Nc3cc(-c4noc(C5CC(F)(F)C5)n4)ccc3C)n2c1,FJXNYFVDBNXCRS,-1,1,-1,O=C(Nc1cccc(-c2noc(C3CCC3)n2)c1)c1cnc2ccccn12,train
CHEMBL3940137,CN1CCC(Oc2ccc(C(=O)Nc3n[nH]c4cc(OCCOCc5ccccc5)ccc34)cc2)CC1,OLXANVNHYPFAFD,-1,1,-1,O=C(Nc1n[nH]c2cc(OCCOCc3ccccc3)ccc12)c1ccc(OC2CCNCC2)cc1,train
CHEMBL3940486,CC(=O)CCc1ccc2ncc(C(=O)Nc3cc(-c4noc(C5CC(F)(F)C5)n4)ccc3C)n2c1,CCLJVGUJPXWOOW,-1,1,-1,O=C(Nc1cccc(-c2noc(C3CCC3)n2)c1)c1cnc2ccccn12,train
CHEMBL3940734,Cc1ccc(-c2noc(C3(O)CCC3)n2)cc1NC(=O)c1cnc2ccccn12,IMVBDLPHXQZTOB,-1,1,-1,O=C(Nc1cccc(-c2noc(C3CCC3)n2)c1)c1cnc2ccccn12,train
CHEMBL3941339,Cc1ccc(-c2noc([C@@H]3CC3(F)F)n2)cc1NC(=O)c1cnc2ccccn12,HAJVNPLYVSZWRG,-1,1,-1,O=C(Nc1cccc(-c2noc(C3CC3)n2)c1)c1cnc2ccccn12,train
CHEMBL3942804,Cc1ccc(-c2noc([C@H]3C[C@H](NS(C)(=O)=O)C3)n2)cc1NC(=O)c1cnc2ccccn12,ILXSEWXTVYSAIV,-1,1,-1,O=C(Nc1cccc(-c2noc(C3CCC3)n2)c1)c1cnc2ccccn12,train
CHEMBL3942958,Cc1ccc(-c2noc(C3CC(F)(F)C3)n2)cc1NC(=O)c1cnc2cc(C3CCNCC3)ccn12,SMXOEIFIDKLKCI,-1,1,-1,O=C(Nc1cccc(-c2noc(C3CCC3)n2)c1)c1cnc2cc(C3CCNCC3)ccn12,train
CHEMBL3943835,Cc1ccn2c(C(=O)Nc3cc(-c4noc(COC5CC(F)(F)C5(F)F)n4)ccc3C)cnc2c1,JCQZLSKAJRPHGT,-1,1,-1,O=C(Nc1cccc(-c2noc(COC3CCC3)n2)c1)c1cnc2ccccn12,train
CHEMBL3944021,Cc1ccc(-c2noc(CNC(=O)C3CC3(F)F)n2)cc1NC(=O)c1cnc2ccccn12,ILZBWSFFVJCHLO,-1,1,-1,O=C(Nc1cccc(-c2noc(CNC(=O)C3CC3)n2)c1)c1cnc2ccccn12,train
CHEMBL3944175,Cc1ccc(-c2noc(C3CC(F)(F)C3)n2)cc1NC(=O)c1cnc2ccc(-n3cncc3C)cn12,FADGXYVECDRQNC,-1,1,-1,O=C(Nc1cccc(-c2noc(C3CCC3)n2)c1)c1cnc2ccc(-n3ccnc3)cn12,train
CHEMBL3944318,Cc1ccc(-c2noc(C3CC(F)(F)C3)n2)cc1NC(=O)c1cnc2cc(CC(C)(C)O)ccn12,APMBCYIWRRINRK,-1,1,-1,O=C(Nc1cccc(-c2noc(C3CCC3)n2)c1)c1cnc2ccccn12,train
CHEMBL394503,CNC(=O)Nc1cc(CNc2ccccc2C(=O)Nc2ccc3c(c2)OC(F)(F)O3)ccn1,VBXKSTHBDBMAQV,-1,1,-1,O=C(Nc1ccc2c(c1)OCO2)c1ccccc1NCc1ccncc1,train
CHEMBL3945174,COC(=O)NC1(c2nc(-c3ccc(C)c(NC(=O)c4cnc5ccccn45)c3)no2)CC1,PEZHCCGPKBWAHP,-1,1,-1,O=C(Nc1cccc(-c2noc(C3CC3)n2)c1)c1cnc2ccccn12,train
CHEMBL3948219,Cc1ccc(-c2noc([C@H]3C[C@@](C)(O)C3)n2)cc1NC(=O)c1cnc2ccccn12,VBSCTWFMHAWPSW,-1,1,-1,O=C(Nc1cccc(-c2noc(C3CCC3)n2)c1)c1cnc2ccccn12,train
CHEMBL3948485,O=C(Nc1cc(-c2noc(C3CC(F)(F)C3)n2)ccc1F)c1cnc2ccccn12,XCXUYGGKVTVWJA,-1,1,-1,O=C(Nc1cccc(-c2noc(C3CCC3)n2)c1)c1cnc2ccccn12,train
CHEMBL3948550,Cc1ccc(-c2noc(C3CC3(F)F)n2)cc1NC(=O)c1cnc2ccccn12,HAJVNPLYVSZWRG,-1,1,-1,O=C(Nc1cccc(-c2noc(C3CC3)n2)c1)c1cnc2ccccn12,train
CHEMBL3949264,Cc1ccc2ncc(C(=O)Nc3cc(-c4noc(C5CC(F)C5)n4)ccc3C)n2c1,NCSAWLWVPXOKBG,-1,1,-1,O=C(Nc1cccc(-c2noc(C3CCC3)n2)c1)c1cnc2ccccn12,train
CHEMBL3949507,Cc1ccn2c(C(=O)Nc3cc(-c4noc(C5CC5(F)F)n4)ccc3C)cnc2c1,XSHQNNBDPNOIQS,-1,1,-1,O=C(Nc1cccc(-c2noc(C3CC3)n2)c1)c1cnc2ccccn12,train
CHEMBL3950548,Cc1ccc(-c2noc(C3CC(F)(F)C3)n2)cc1NC(=O)c1cnc2ccc(COCC(F)F)cn12,UVTVIZDRFNGZGM,-1,1,-1,O=C(Nc1cccc(-c2noc(C3CCC3)n2)c1)c1cnc2ccccn12,train
CHEMBL395080,COc1cc(-c2ccc3c(c2)Nc2ccc(CC(=O)Nc4ccc(N5CCOCC5)cc4)cc2NC3=O)ccc1N,OOCDOHDNMUQTAH,-1,0,-1,O=C(Cc1ccc2c(c1)NC(=O)c1ccc(-c3ccccc3)cc1N2)Nc1ccc(N2CCOCC2)cc1,train
CHEMBL3952539,CN(C)CCN(C)c1ccc(C(=O)Nc2n[nH]c3cc(OCCOCc4ccccc4)ccc23)cc1,JTAKXJMETQCWIZ,-1,1,-1,O=C(Nc1n[nH]c2cc(OCCOCc3ccccc3)ccc12)c1ccccc1,train
CHEMBL3953054,Cc1ccc(-c2noc(C3CC(F)(F)C3)n2)cc1NC(=O)c1cnc2ccc(CC(C)(C)O)cn12,FSMAZLAJTHEIGF,-1,1,-1,O=C(Nc1cccc(-c2noc(C3CCC3)n2)c1)c1cnc2ccccn12,train
CHEMBL3953445,Cc1ccc(-c2noc([C@H]3C[C@](O)(C(F)(F)F)C3)n2)cc1NC(=O)c1cnc2ccc(F)cn12,QYWKXTQLSWTQAM,-1,1,-1,O=C(Nc1cccc(-c2noc(C3CCC3)n2)c1)c1cnc2ccccn12,train
CHEMBL395427,CCOC(=O)CC(=O)Nc1cccc2c1Cc1c-2n[nH]c1-c1csc(C#CCOc2ccccc2)c1,MKTIGUPWZDQDGK,-1,1,-1,C(#Cc1cc(-c2[nH]nc3c2Cc2ccccc2-3)cs1)COc1ccccc1,train
CHEMBL3954477,Cc1ccc(-c2noc(C3(NS(C)(=O)=O)CC3)n2)cc1NC(=O)c1cnc2ccccn12,LSYNSQSFZORUPT,-1,1,-1,O=C(Nc1cccc(-c2noc(C3CC3)n2)c1)c1cnc2ccccn12,train
CHEMBL3955836,Cc1ccc(-c2noc(C3(NS(C)(=O)=O)CCC3)n2)cc1NC(=O)c1cnc2ccccn12,AUBYKKLQGKVMBE,-1,1,-1,O=C(Nc1cccc(-c2noc(C3CCC3)n2)c1)c1cnc2ccccn12,train
CHEMBL3955925,Cc1ccc(-c2noc(C3CCC3)n2)cc1NC(=O)c1cnc2ccc(COCC(F)(F)F)cn12,MUNJUJLGPXZJIQ,-1,1,-1,O=C(Nc1cccc(-c2noc(C3CCC3)n2)c1)c1cnc2ccccn12,train
CHEMBL395700,O=C(Nc1ccc2c(c1)OC(F)(F)O2)c1ccccc1NCc1ccnc(NCCCO)c1,IHZBPVIBWDITMK,-1,1,-1,O=C(Nc1ccc2c(c1)OCO2)c1ccccc1NCc1ccncc1,train
CHEMBL3958497,Cc1ccc(-c2nnc(C3CC(F)(F)C3)o2)cc1NC(=O)c1cnc2ccccn12,QMMUKLCBLNXISU,-1,1,-1,O=C(Nc1cccc(-c2nnc(C3CCC3)o2)c1)c1cnc2ccccn12,train
CHEMBL3959040,Cc1ccc(-c2noc(C3CC(F)(F)C3)n2)cc1NC(=O)c1cnc2ccc(CCC(=O)OC(C)(C)C)cn12,QJSFAFPSJKXOAK,-1,1,-1,O=C(Nc1cccc(-c2noc(C3CCC3)n2)c1)c1cnc2ccccn12,train
CHEMBL3960337,Cc1ccc(-c2noc(C3CC(O)C3)n2)cc1NC(=O)c1cnc2ccccn12,OOIDLNOVKHBOSA,-1,1,-1,O=C(Nc1cccc(-c2noc(C3CCC3)n2)c1)c1cnc2ccccn12,train
CHEMBL3962292,Cc1ccc(-c2noc([C@H]3C[C@@H]3F)n2)cc1NC(=O)c1cnc2ccccn12,RHNJOZCVGSBEAG,-1,1,-1,O=C(Nc1cccc(-c2noc(C3CC3)n2)c1)c1cnc2ccccn12,train
CHEMBL3962602,Cc1ccc(-c2noc(C3CC(F)(F)C3)n2)cc1NC(=O)c1cnc2cc(N3CCOC3=O)ccn12,GDCLOSAVAXCFJJ,-1,1,-1,O=C(Nc1cccc(-c2noc(C3CCC3)n2)c1)c1cnc2cc(N3CCOC3=O)ccn12,train
CHEMBL3962654,Cc1ccc(-c2noc(C3CC(=O)C3)n2)cc1NC(=O)c1cnc2ccccn12,RHJXTZUDRRZZBR,-1,1,-1,O=C1CC(c2nc(-c3cccc(NC(=O)c4cnc5ccccn45)c3)no2)C1,train
CHEMBL3962666,Cc1ccc(-c2noc(C3(N)CC3)n2)cc1NC(=O)c1cnc2ccccn12,WLBKDTIWZLBQKG,-1,1,-1,O=C(Nc1cccc(-c2noc(C3CC3)n2)c1)c1cnc2ccccn12,train
CHEMBL3962741,Cc1nnc(-c2ccc3ncc(C(=O)Nc4cc(-c5noc(C6CC(F)(F)C6)n5)ccc4C)n3c2)[nH]1,TYEOCDLQDPFRIX,-1,1,-1,O=C(Nc1cccc(-c2noc(C3CCC3)n2)c1)c1cnc2ccc(-c3nnc[nH]3)cn12,train
CHEMBL3963156,C=C1CC(c2nc(-c3ccc(C)c(NC(=O)c4cnc5ccccn45)c3)no2)C1,VCGZRAXATKIMPO,-1,1,-1,C=C1CC(c2nc(-c3cccc(NC(=O)c4cnc5ccccn45)c3)no2)C1,train
CHEMBL3964890,Cc1ccc(-c2noc(C3CC(F)(F)C3)n2)cc1NC(=O)c1cnc2ccc(CN3CCN(CCO)CC3)cn12,FLGYJSZOORSFEH,-1,1,-1,O=C(Nc1cccc(-c2noc(C3CCC3)n2)c1)c1cnc2ccc(CN3CCNCC3)cn12,train
CHEMBL3964911,Cc1ccc(-c2noc(C3CC(F)(F)C3)n2)cc1NC(=O)c1cnc2cc(-c3cn(CCO)nn3)ccn12,YIDCEVNXBMMFHY,-1,1,-1,O=C(Nc1cccc(-c2noc(C3CCC3)n2)c1)c1cnc2cc(-c3c[nH]nn3)ccn12,train
CHEMBL3965691,Cc1ccc(-c2noc(C3CC(F)(F)C3)n2)cc1NC(=O)c1cnc2ccc(-c3cnn(CCO)c3)cn12,STZWVRVZGPYDKL,-1,1,-1,O=C(Nc1cccc(-c2noc(C3CCC3)n2)c1)c1cnc2ccc(-c3cn[nH]c3)cn12,train
CHEMBL3966594,Cc1ccc(-c2noc(C3CC(F)(F)C3)n2)cc1NC(=O)c1cnc2ccc(-n3ccnc3)cn12,SOFQDQXWUZWZKY,-1,1,-1,O=C(Nc1cccc(-c2noc(C3CCC3)n2)c1)c1cnc2ccc(-n3ccnc3)cn12,train
CHEMBL3966759,Cn1cc(-c2ccc3ncc(C(=O)Nc4cc(-c5noc(C6CC(F)(F)C6)n5)ccc4F)n3c2)cn1,SGTKWTOWPIPHNT,-1,1,-1,O=C(Nc1cccc(-c2noc(C3CCC3)n2)c1)c1cnc2ccc(-c3cn[nH]c3)cn12,train
CHEMBL3968097,Cc1ccc2ncc(C(=O)Nc3cc(-c4noc(COC5CC(F)(F)C5(F)F)n4)ccc3C)n2c1,FGTZOIOQFMYZPJ,-1,1,-1,O=C(Nc1cccc(-c2noc(COC3CCC3)n2)c1)c1cnc2ccccn12,train
CHEMBL3968475,CC1(C)CC(c2nc(-c3ccc(F)c(NC(=O)c4cnc5ccccn45)c3)no2)C1,HHUBMCNSFFNTCO,-1,1,-1,O=C(Nc1cccc(-c2noc(C3CCC3)n2)c1)c1cnc2ccccn12,train
CHEMBL3970133,Cc1ccc(-c2noc(CNC(=O)OC3(C)CC3)n2)cc1NC(=O)c1cnc2cc(C(F)(F)F)ccn12,NXELOAFEBVHTSP,-1,1,-1,O=C(NCc1nc(-c2cccc(NC(=O)c3cnc4ccccn34)c2)no1)OC1CC1,train
CHEMBL3970405,Cc1ccc(-c2noc(C3CC(F)(F)C3)n2)cc1NC(=O)c1cnc2cc(F)ccn12,WZGYVSALYZWXML,-1,1,-1,O=C(Nc1cccc(-c2noc(C3CCC3)n2)c1)c1cnc2ccccn12,train
CHEMBL3972489,Cc1ccc(-c2noc([C@H]3C[C@H](NC(=O)OC(C)(C)C)C3)n2)cc1NC(=O)c1cnc2ccccn12,FOMSBAZRUZJZMW,-1,1,-1,O=C(Nc1cccc(-c2noc(C3CCC3)n2)c1)c1cnc2ccccn12,train
CHEMBL3972512,COCC1(c2nc(-c3ccc(C)c(NC(=O)c4cnc5ccccn45)c3)no2)CC1,PHEBMAJCJCVNAX,-1,1,-1,O=C(Nc1cccc(-c2noc(C3CC3)n2)c1)c1cnc2ccccn12,train
CHEMBL3972615,Cc1ccc(-c2noc(C3(C(F)(F)F)CC3)n2)cc1NC(=O)c1cnc2ccccn12,ZTSBMHAPDJMGKM,-1,1,-1,O=C(Nc1cccc(-c2noc(C3CC3)n2)c1)c1cnc2ccccn12,train
CHEMBL3974893,Cc1ccc(-c2noc(C3CC3O)n2)cc1NC(=O)c1cnc2ccccn12,VVYKXEVSEJUERS,-1,1,-1,O=C(Nc1cccc(-c2noc(C3CC3)n2)c1)c1cnc2ccccn12,train
CHEMBL3975686,Cc1ccc(-c2noc(C3CC(F)C3)n2)cc1NC(=O)c1cnc2ccccn12,LAMGHCHOPKUMQQ,-1,1,-1,O=C(Nc1cccc(-c2noc(C3CCC3)n2)c1)c1cnc2ccccn12,train
CHEMBL3976586,Cc1ccc(-c2noc(C3CC(=NO)C3)n2)cc1NC(=O)c1cnc2ccccn12,GQSZYLIKPYJHSF,-1,1,-1,N=C1CC(c2nc(-c3cccc(NC(=O)c4cnc5ccccn45)c3)no2)C1,train
CHEMBL3976818,COCCNC1CC(c2nc(-c3ccc(C)c(NC(=O)c4cnc5ccccn45)c3)no2)C1,UXHAQTBGPZMRBR,-1,1,-1,O=C(Nc1cccc(-c2noc(C3CCC3)n2)c1)c1cnc2ccccn12,train
CHEMBL3977682,Cc1ccc(-c2noc(C3CC(F)(F)C3)n2)cc1NC(=O)c1cnc2ccc(C#N)cn12,ZFFHSMSEOODFLB,-1,1,-1,O=C(Nc1cccc(-c2noc(C3CCC3)n2)c1)c1cnc2ccccn12,train
CHEMBL3978524,Cc1ccc(-c2noc(C3(O)CC3)n2)cc1NC(=O)c1cnc2ccccn12,URUHFYRBCQRUIC,-1,1,-1,O=C(Nc1cccc(-c2noc(C3CC3)n2)c1)c1cnc2ccccn12,train
CHEMBL398052,O=C(Nc1ccc2c(c1)OC(F)(F)O2)c1ccccc1NCc1ccnc(NCCO)c1,MBUPGYAZYBFASN,-1,1,-1,O=C(Nc1ccc2c(c1)OCO2)c1ccccc1NCc1ccncc1,train
CHEMBL3980545,Cc1ccc(-c2noc(C3CC(F)(F)C3)n2)cc1NC(=O)c1cnc2ccc(COCCO)cn12,AQVGDQCIIGGJPL,-1,1,-1,O=C(Nc1cccc(-c2noc(C3CCC3)n2)c1)c1cnc2ccccn12,train
CHEMBL3981307,CN(C)CCCN(C)c1ccc(C(=O)Nc2n[nH]c3cc(OCCOCc4ccccc4)ccc23)cc1,KUFXEGOLOYCCRJ,-1,1,-1,O=C(Nc1n[nH]c2cc(OCCOCc3ccccc3)ccc12)c1ccccc1,train
CHEMBL3981496,CCON=C1CC(c2nc(-c3ccc(C)c(NC(=O)c4cnc5ccccn45)c3)no2)C1,ALCOLPSSMDCYTE,-1,1,-1,N=C1CC(c2nc(-c3cccc(NC(=O)c4cnc5ccccn45)c3)no2)C1,train
CHEMBL3981798,O=C(Nc1cc(-c2noc(C3CCC3)n2)ccc1F)c1cnc2ccccn12,XBZQIWZQXUSRKJ,-1,1,-1,O=C(Nc1cccc(-c2noc(C3CCC3)n2)c1)c1cnc2ccccn12,train
CHEMBL3981974,CN1CCN(c2ccc(C(=O)Nc3n[nH]c4cc(OCCOCc5ccc(F)cc5)ccc34)cc2)CC1,HPFXCFCOFOYIEA,-1,1,-1,O=C(Nc1n[nH]c2cc(OCCOCc3ccccc3)ccc12)c1ccc(N2CCNCC2)cc1,train
CHEMBL3982242,Cc1ccc(-c2noc(C3CC(O)(C(F)(F)F)C3)n2)cc1NC(=O)c1cnc2ccccn12,GSZAAFHRPAZVGN,-1,1,-1,O=C(Nc1cccc(-c2noc(C3CCC3)n2)c1)c1cnc2ccccn12,train
CHEMBL3983743,Cc1ccc(-c2nc(C3CC3)no2)cc1NC(=O)c1cnc2ccccn12,TVLMBEXTOHTRNS,-1,1,-1,O=C(Nc1cccc(-c2nc(C3CC3)no2)c1)c1cnc2ccccn12,train
CHEMBL3985461,Cc1ccc(-c2noc(C3CC(n4cccn4)C3)n2)cc1NC(=O)c1cnc2ccccn12,SRAWMPUQNJCKKF,-1,1,-1,O=C(Nc1cccc(-c2noc(C3CC(n4cccn4)C3)n2)c1)c1cnc2ccccn12,train
CHEMBL3985800,Cc1ccc(-c2noc(C3CC(C)(C)C3)n2)cc1NC(=O)c1cnc2ccccn12,CYRMRQSGQSZIHP,-1,1,-1,O=C(Nc1cccc(-c2noc(C3CCC3)n2)c1)c1cnc2ccccn12,train
CHEMBL3985972,Cc1ccc(-c2noc(C3(NC(=O)OC(C)(C)C)CCC3)n2)cc1NC(=O)c1cnc2ccccn12,NJBRFGPVHWQELP,-1,1,-1,O=C(Nc1cccc(-c2noc(C3CCC3)n2)c1)c1cnc2ccccn12,train
CHEMBL3987184,CN1CCN(c2ccc(C(=O)Nc3n[nH]c4cc(OCCOCc5ccccc5)ccc34)c(F)c2)CC1,SVXKMQXOAUESBV,-1,1,-1,O=C(Nc1n[nH]c2cc(OCCOCc3ccccc3)ccc12)c1ccc(N2CCNCC2)cc1,train
CHEMBL399534,CNc1cc(CNc2ccccc2C(=O)Nc2ccc3c(c2)OC(F)(F)O3)ccn1,QXMRDWNIKLPTAU,-1,1,-1,O=C(Nc1ccc2c(c1)OCO2)c1ccccc1NCc1ccncc1,train
CHEMBL400057,CN(C)c1nccc(CNc2ccccc2C(=O)Nc2ccc3c(c2)OC(F)(F)O3)n1,ROESLTYJYYWMJD,-1,1,-1,O=C(Nc1ccc2c(c1)OCO2)c1ccccc1NCc1ccncn1,train
CHEMBL400109,Nc1cc(CNc2ccccc2C(=O)Nc2ccc3c(c2)OC(F)(F)O3)ccn1,COXZTUCUTWYLEP,-1,1,-1,O=C(Nc1ccc2c(c1)OCO2)c1ccccc1NCc1ccncc1,train
CHEMBL403661,CCc1ccc(-c2c(-c3cnc(C)[nH]3)c(=O)[nH]c3ccc(Cl)cc23)cc1,HPOCEHFOBYUUJL,-1,1,-1,O=c1[nH]c2ccccc2c(-c2ccccc2)c1-c1cnc[nH]1,train
CHEMBL403706,Cc1ccc(C2=Nc3c(N)ncnc3NCC2)cc1NC(=O)Nc1cccc(C(F)(F)F)c1,MDHJZTYSOIXDLA,-1,1,-1,O=C(Nc1ccccc1)Nc1cccc(C2=Nc3cncnc3NCC2)c1,train
CHEMBL4059958,CCc1cccc(NC(=O)Nc2ccc(-c3ccnc4[nH]nc(CO)c34)cc2)c1,NEXXSLYFHONHLW,-1,1,-1,O=C(Nc1ccccc1)Nc1ccc(-c2ccnc3[nH]ncc23)cc1,train
CHEMBL4060326,Cc1ccccc1NC(=O)Nc1ccc(-c2ccnc3[nH]nc(C)c23)cc1,DCWWCTSCXLTWIE,-1,0,-1,O=C(Nc1ccccc1)Nc1ccc(-c2ccnc3[nH]ncc23)cc1,train
CHEMBL4062017,Cc1ccc(C(=O)Nc2ccc(CN3CCN(C)CC3)c(F)c2)cc1C#Cc1cnc(N)nc1,BSUHJJRBENWUNR,-1,1,-1,O=C(Nc1ccc(CN2CCNCC2)cc1)c1cccc(C#Cc2cncnc2)c1,train
CHEMBL4063380,CCCCCNC(=O)Nc1ccc(-c2ccnc3[nH]nc(C)c23)cc1,WNODSYGAOAIJFH,-1,1,-1,c1ccc(-c2ccnc3[nH]ncc23)cc1,train
CHEMBL4064941,Cc1n[nH]c2nccc(-c3ccc(NC(=O)Nc4cccc(N(C)C)c4)cc3)c12,XNFNECKXICLHAD,-1,1,-1,O=C(Nc1ccccc1)Nc1ccc(-c2ccnc3[nH]ncc23)cc1,train
CHEMBL4065711,Cc1ccc(C(=O)Nc2ccc(CN3CCN(C)CC3)c(C(F)(F)F)c2)c(F)c1I,CQHKEZIRJVNOMN,-1,1,-1,O=C(Nc1ccc(CN2CCNCC2)cc1)c1ccccc1,train
CHEMBL4066302,Cc1cc(NC(=O)Nc2ccc(-c3ccnc4[nH]nc(C)c34)cc2)ccc1N1CCN(C)CC1,VAZRMIYYNLWTFH,-1,1,-1,O=C(Nc1ccc(-c2ccnc3[nH]ncc23)cc1)Nc1ccc(N2CCNCC2)cc1,train
CHEMBL406660,Nc1noc2cccc(-c3ccc(NC(=O)Nc4ccc(F)cc4)cc3)c12,SXSIVJXOXSHKPK,-1,1,-1,O=C(Nc1ccccc1)Nc1ccc(-c2cccc3oncc23)cc1,train
CHEMBL4069773,CCCNC(=O)Nc1ccc(-c2ccnc3[nH]nc(C)c23)cc1,XHZSACWYOPNPPI,-1,0,-1,c1ccc(-c2ccnc3[nH]ncc23)cc1,train
CHEMBL4070641,Cc1ccc(C(=O)Nc2ccc(CN3CCN(C)CC3)cc2)cc1C#Cc1cnc(N)nc1,ANXPSZHLFBYPGH,-1,1,-1,O=C(Nc1ccc(CN2CCNCC2)cc1)c1cccc(C#Cc2cncnc2)c1,train
CHEMBL4071997,Cc1n[nH]c2nccc(-c3ccc(NC(=O)NCc4cccs4)cc3)c12,MDWDLNIDUNDEFN,-1,1,-1,O=C(NCc1cccs1)Nc1ccc(-c2ccnc3[nH]ncc23)cc1,train
CHEMBL4073536,CCN(CC)c1cccc(NC(=O)Nc2ccc(-c3ccnc4[nH]nc(C)c34)cc2)c1,MFXYPZFQMDMZNN,-1,1,-1,O=C(Nc1ccccc1)Nc1ccc(-c2ccnc3[nH]ncc23)cc1,train
CHEMBL4074329,Cc1ccc(C(=O)Nc2ccc(CN3CCN(C)CC3)c(C(F)(F)F)c2)cc1C#Cc1ccccn1,ZGILJALUHGUACQ,-1,1,-1,O=C(Nc1ccc(CN2CCNCC2)cc1)c1cccc(C#Cc2ccccn2)c1,train
CHEMBL4074518,CCc1cccc(NC(=O)Nc2ccc(-c3ccnc4[nH]nc(C)c34)cc2)c1,MDFHFYALOAZVKP,-1,1,-1,O=C(Nc1ccccc1)Nc1ccc(-c2ccnc3[nH]ncc23)cc1,train
CHEMBL4074755,CCCCCCNC(=O)Nc1ccc(-c2ccnc3[nH]nc(C)c23)cc1,JYSCRDCBJSBWKB,-1,1,-1,c1ccc(-c2ccnc3[nH]ncc23)cc1,train
CHEMBL407485,Nc1ccc(-c2cccc3onc(N)c23)cc1,RBVHBTLBKSWXCF,-1,0,-1,c1ccc(-c2cccc3oncc23)cc1,train
CHEMBL4076193,Cc1ccc(C(=O)Nc2ccc(CN3CCN(C)CC3)c(C(F)(F)F)c2)cc1C#Cc1cnc(N)c(C)c1,WEDQYVGVENZPCA,-1,1,-1,O=C(Nc1ccc(CN2CCNCC2)cc1)c1cccc(C#Cc2cccnc2)c1,train
CHEMBL4077510,COCCNc1ncc(C#Cc2cc(C(=O)Nc3ccc(CN4CCN(C)CC4)c(C(F)(F)F)c3)ccc2C)cn1,XOTVNZANRPURFC,-1,1,-1,O=C(Nc1ccc(CN2CCNCC2)cc1)c1cccc(C#Cc2cncnc2)c1,train
CHEMBL4079252,Cc1ccc(C(=O)Nc2ccc(CN3CCN(C)CC3)c(C(F)(F)F)c2)cc1I,GQJNOOSFYQAIMI,-1,1,-1,O=C(Nc1ccc(CN2CCNCC2)cc1)c1ccccc1,train
CHEMBL4079775,Cc1n[nH]c2nccc(-c3ccc(NC(=O)Nc4cccc(C#N)c4)cc3)c12,SXUTYOUZJINWCI,-1,1,-1,O=C(Nc1ccccc1)Nc1ccc(-c2ccnc3[nH]ncc23)cc1,train
CHEMBL4082210,Cc1ccc(C(=O)Nc2ccc(CN3CCN(C)CC3)cc2)cc1C#Cc1ccccn1,WQLGYJYAFNOUSR,-1,1,-1,O=C(Nc1ccc(CN2CCNCC2)cc1)c1cccc(C#Cc2ccccn2)c1,train
CHEMBL4083050,Cc1cccc(NC(=O)Nc2ccc(-c3ccnc4[nH]nc(CO)c34)cc2)c1,PIBOHFLFTZMJME,-1,1,-1,O=C(Nc1ccccc1)Nc1ccc(-c2ccnc3[nH]ncc23)cc1,train
CHEMBL4084878,Cc1n[nH]c2nccc(-c3ccc(NC(=O)Nc4ccc(N(C)C)cc4)cc3)c12,IECXGROAAOYGPH,-1,1,-1,O=C(Nc1ccccc1)Nc1ccc(-c2ccnc3[nH]ncc23)cc1,train
CHEMBL4085020,CCCCNC(=O)Nc1ccc(-c2ccnc3[nH]nc(C)c23)cc1,VRANHUYRVOICBV,-1,0,-1,c1ccc(-c2ccnc3[nH]ncc23)cc1,train
CHEMBL4085962,Cc1n[nH]c2nccc(-c3ccc(NC(=O)Nc4ccccn4)cc3)c12,CFDOBTIFMPKBRD,-1,1,-1,O=C(Nc1ccc(-c2ccnc3[nH]ncc23)cc1)Nc1ccccn1,train
CHEMBL4085974,Cc1n[nH]c2nccc(-c3ccc(NC(=O)NC4CCCC4)cc3)c12,YLOORDZYGNCPIR,-1,1,-1,O=C(Nc1ccc(-c2ccnc3[nH]ncc23)cc1)NC1CCCC1,train
CHEMBL4090058,Cc1c(C#Cc2cnc(N)nc2)cccc1C(=O)Nc1ccc(CN2CCN(C)CC2)c(C(F)(F)F)c1,CVEHYKBSCFIYCJ,-1,1,-1,O=C(Nc1ccc(CN2CCNCC2)cc1)c1cccc(C#Cc2cncnc2)c1,train
CHEMBL4091670,N=C(N)c1ccc(/N=N/c2c(N)ncc3ccc(Br)cc23)cc1,PRXMOIVSQYWNNZ,-1,1,-1,c1ccc(N=Nc2cncc3ccccc23)cc1,train
CHEMBL4092478,Cc1ccc(C(=O)Nc2ccc(CN3CCN(C)CC3)cc2)cc1C#Cc1cccnc1,DWFRTLFRWSCYFL,-1,1,-1,O=C(Nc1ccc(CN2CCNCC2)cc1)c1cccc(C#Cc2cccnc2)c1,train
CHEMBL4092506,COc1cccnc1C#Cc1cc(C(=O)Nc2ccc(CN3CCN(C)CC3)c(C(F)(F)F)c2)ccc1C,NZXKMWCBFAKAAT,-1,1,-1,O=C(Nc1ccc(CN2CCNCC2)cc1)c1cccc(C#Cc2ccccn2)c1,train
CHEMBL4092638,CCN(CC)c1ccc(NC(=O)Nc2ccc(-c3ccnc4[nH]nc(C)c34)cc2)cc1,MUGQYYFPFUTADE,-1,1,-1,O=C(Nc1ccccc1)Nc1ccc(-c2ccnc3[nH]ncc23)cc1,train
CHEMBL4092765,Cc1n[nH]c2nccc(-c3ccc(NC(=O)NCc4ccccn4)cc3)c12,NKERSCIZJJSCTF,-1,1,-1,O=C(NCc1ccccn1)Nc1ccc(-c2ccnc3[nH]ncc23)cc1,train
CHEMBL4093186,Cc1n[nH]c2nccc(-c3ccc(NC(=O)NCc4ccccc4)cc3)c12,XLLLPEWEVWGFPY,-1,0,-1,O=C(NCc1ccccc1)Nc1ccc(-c2ccnc3[nH]ncc23)cc1,train
CHEMBL4093459,Cc1ccc(C(=O)Nc2ccc(CN3CCN(C)CC3)c(C(F)(F)F)c2)cc1C#Cc1ccn2ccnc2c1,QYDARYJZZAMBOT,-1,1,-1,O=C(Nc1ccc(CN2CCNCC2)cc1)c1cccc(C#Cc2ccn3ccnc3c2)c1,train
CHEMBL409349,Cc1cc(C)cc(NC(=O)Nc2ccc(-c3cccc4onc(N)c34)cc2)c1,DLPARMNJOHFOLU,-1,1,-1,O=C(Nc1ccccc1)Nc1ccc(-c2cccc3oncc23)cc1,train
CHEMBL4094827,C#Cc1cc(C(=O)Nc2ccc(CN3CCN(C)CC3)c(C(F)(F)F)c2)ccc1C,BYPNAYSWCCERGN,-1,1,-1,O=C(Nc1ccc(CN2CCNCC2)cc1)c1ccccc1,train
CHEMBL4096971,CCNC(=O)Nc1ccc(-c2ccnc3[nH]nc(C)c23)cc1,CXBIJVCKIMIZKQ,-1,0,-1,c1ccc(-c2ccnc3[nH]ncc23)cc1,train
CHEMBL4097771,Cc1ccc(C(=O)Nc2ccc(CN3CCN(C)CC3)c(F)c2)cc1C#Cc1cccnc1,LWCQXJGSVJHFRS,-1,1,-1,O=C(Nc1ccc(CN2CCNCC2)cc1)c1cccc(C#Cc2cccnc2)c1,train
CHEMBL409872,Nc1ncnc2c1N=C(c1ccc(NC(=O)Nc3cccc(Cl)c3)cc1)CCN2,ZXQPAYCROYPEFR,-1,1,-1,O=C(Nc1ccccc1)Nc1ccc(C2=Nc3cncnc3NCC2)cc1,train
CHEMBL409912,Nc1noc2cccc(-c3ccc(NC(=O)Nc4ccccc4OC(F)(F)F)cc3)c12,HANPZZPJLVHAHR,-1,1,-1,O=C(Nc1ccccc1)Nc1ccc(-c2cccc3oncc23)cc1,train
CHEMBL4100492,Cc1n[nH]c2nccc(-c3ccc(NC(=O)NCCc4ccccc4)cc3)c12,PDSSQGHYCJMBBM,-1,1,-1,O=C(NCCc1ccccc1)Nc1ccc(-c2ccnc3[nH]ncc23)cc1,train
CHEMBL4101206,Cc1ccc(C(=O)Nc2ccc(CN3CCN(C)CC3)c(C(F)(F)F)c2)cc1C#Cc1cnc(N)nc1,AJXWCTVGYPEXMG,-1,1,-1,O=C(Nc1ccc(CN2CCNCC2)cc1)c1cccc(C#Cc2cncnc2)c1,train
CHEMBL410130,Cc1cccc(NC(=O)Nc2ccc(-c3cccc4onc(N)c34)cc2)c1,MIDUFBKQPOWGMC,-1,1,-1,O=C(Nc1ccccc1)Nc1ccc(-c2cccc3oncc23)cc1,train
CHEMBL4101438,Cc1n[nH]c2nccc(-c3ccc(NC(=O)NCC(C)C)cc3)c12,BHMBAXJQHSBAHU,-1,1,-1,c1ccc(-c2ccnc3[nH]ncc23)cc1,train
CHEMBL4102831,Cc1n[nH]c2nccc(-c3ccc(NC(=O)Nc4cccc(CN(C)C)c4)cc3)c12,WNAYWTJVYWUEIH,-1,0,-1,O=C(Nc1ccccc1)Nc1ccc(-c2ccnc3[nH]ncc23)cc1,train
CHEMBL410295,Cc1cccc(C)c1-n1c(=O)c2cnc(Nc3ccc(N4CCN(C)CC4)cc3)nc2n2c3ccccc3nc12,BHJJWVDKNXABFS,-1,1,-1,O=c1c2cnc(Nc3ccc(N4CCNCC4)cc3)nc2n2c3ccccc3nc2n1-c1ccccc1,train
CHEMBL4103510,Cc1ccc(C(=O)Nc2ccc(CN3CCN(C)CC3)c(C(F)(F)F)c2)c(C)c1I,GTYHYVAIQBXHOV,-1,1,-1,O=C(Nc1ccc(CN2CCNCC2)cc1)c1ccccc1,train
CHEMBL4103605,Cc1cccc(NC(=O)Nc2ccc(-c3ccnc4[nH]nc(C)c34)cc2)c1,GIODDBAYPWNJIQ,-1,1,1,O=C(Nc1ccccc1)Nc1ccc(-c2ccnc3[nH]ncc23)cc1,train
CHEMBL4103644,Cc1ccc(C(=O)Nc2ccc(CN3CCN(C)CC3)c(C(F)(F)F)c2)cc1C#Cc1ccc(N)nc1,GXKQOTHJSMWLBJ,-1,1,-1,O=C(Nc1ccc(CN2CCNCC2)cc1)c1cccc(C#Cc2cccnc2)c1,train
CHEMBL4103890,Cc1n[nH]c2nccc(-c3ccc(NC(=O)Nc4cccnc4)cc3)c12,XLXUBQMGJVAQIF,-1,1,-1,O=C(Nc1ccc(-c2ccnc3[nH]ncc23)cc1)Nc1cccnc1,train
CHEMBL4104034,Cc1n[nH]c2nccc(-c3ccc(NC(=O)Nc4cccc(N5CCN(C)CC5)c4)cc3)c12,FTTJIZHHPOGNQH,-1,1,-1,O=C(Nc1ccc(-c2ccnc3[nH]ncc23)cc1)Nc1cccc(N2CCNCC2)c1,train
CHEMBL4104302,Nc1nccc(Oc2ccc(NC(=O)C3(C(=O)Nc4ccc(F)cc4)CC3)cc2F)c1Cl,FHFKMBKXODPUFW,-1,1,-1,O=C(Nc1ccccc1)C1(C(=O)Nc2ccc(Oc3ccncc3)cc2)CC1,train
CHEMBL410504,Nc1noc2cccc(-c3ccc(NC(=O)Nc4ccccc4F)cc3)c12,TZOUNCJSFSDDCR,-1,1,-1,O=C(Nc1ccccc1)Nc1ccc(-c2cccc3oncc23)cc1,train
CHEMBL4106483,Cc1ccc(-c2noc([C@@H]3C[C@@H]3F)n2)cc1NC(=O)c1cnc2ccccn12,RHNJOZCVGSBEAG,-1,1,-1,O=C(Nc1cccc(-c2noc(C3CC3)n2)c1)c1cnc2ccccn12,train
CHEMBL410663,Nc1noc2cccc(-c3ccc(NC(=O)Nc4ccc(F)c(C(F)(F)F)c4)cc3)c12,YCGPRRDWIJIAAM,-1,1,-1,O=C(Nc1ccccc1)Nc1ccc(-c2cccc3oncc23)cc1,train
CHEMBL410664,Cc1ccc(NC(=O)Nc2ccc(-c3cccc4onc(N)c34)cc2)cc1F,ZLIFFWATVLSAPF,-1,1,-1,O=C(Nc1ccccc1)Nc1ccc(-c2cccc3oncc23)cc1,train
CHEMBL410731,Nc1ncnc2c1N=C(c1ccc(NC(=O)Nc3cccc(C(F)(F)F)c3F)cc1)CCN2,HMRCNHLZGISKIM,-1,1,-1,O=C(Nc1ccccc1)Nc1ccc(C2=Nc3cncnc3NCC2)cc1,train
CHEMBL4110813,Cc1cc(C)c(-c2noc([C@H]3CC3(F)F)n2)cc1NC(=O)c1cnc2ccccn12,GZVKBICARWJUII,-1,1,-1,O=C(Nc1cccc(-c2noc(C3CC3)n2)c1)c1cnc2ccccn12,train
CHEMBL4111534,COCC1(c2nc(-c3ccc(C)c(NC(=O)c4cnc5ccc(F)cn45)c3)no2)CCC1,DXOREGNPVAKXRD,-1,1,-1,O=C(Nc1cccc(-c2noc(C3CCC3)n2)c1)c1cnc2ccccn12,train
CHEMBL4112217,Cc1ccc(-c2noc([C@@H]3C[C@H]3F)n2)cc1NC(=O)c1cnc2ccccn12,RHNJOZCVGSBEAG,-1,1,-1,O=C(Nc1cccc(-c2noc(C3CC3)n2)c1)c1cnc2ccccn12,train
CHEMBL4112717,Cc1ccc(-c2noc(C3CC4(C3)OC[C@@H](C)O4)n2)cc1NC(=O)c1cnc2ccccn12,BFENDVJZXZZBMZ,-1,1,-1,O=C(Nc1cccc(-c2noc(C3CC4(C3)OCCO4)n2)c1)c1cnc2ccccn12,train
CHEMBL4114085,Cc1ccn2c(C(=O)Nc3cc(-c4noc([C@@H]5C[C@H]5F)n4)ccc3C)cnc2c1,KIRYEJRGNGQAGY,-1,1,-1,O=C(Nc1cccc(-c2noc(C3CC3)n2)c1)c1cnc2ccccn12,train
CHEMBL4115018,Cc1ccc(-c2noc([C@H]3CC3(F)F)n2)cc1NC(=O)c1cnc2ccccn12,HAJVNPLYVSZWRG,-1,1,-1,O=C(Nc1cccc(-c2noc(C3CC3)n2)c1)c1cnc2ccccn12,train
CHEMBL411725,Nc1noc2cccc(-c3ccc(NC(=O)Nc4ccccc4)cc3)c12,SFNDRKNZETUTKF,-1,1,-1,O=C(Nc1ccccc1)Nc1ccc(-c2cccc3oncc23)cc1,train
CHEMBL411903,Nc1ncnc2c1N=C(c1ccc(NC(=O)Nc3cc(C(F)(F)F)ccc3F)cc1)CCN2,QONPPIZSNSSCSK,-1,1,-1,O=C(Nc1ccccc1)Nc1ccc(C2=Nc3cncnc3NCC2)cc1,train
CHEMBL412102,Nc1ncnc2c1N=C(c1ccc(NC(=O)Nc3ccc(Cl)c(C(F)(F)F)c3)cc1)CCN2,FVARFCVQRUETKP,-1,1,-1,O=C(Nc1ccccc1)Nc1ccc(C2=Nc3cncnc3NCC2)cc1,train
CHEMBL414001,CN1CCN(c2ccc(Nc3ncc4c(=O)c(C(N)=O)cn(-c5ccc6c(c5)CCC6)c4n3)cc2)CC1,SHCFJIXSPWRTLY,-1,1,-1,O=c1ccn(-c2ccc3c(c2)CCC3)c2nc(Nc3ccc(N4CCNCC4)cc3)ncc12,train
CHEMBL415047,Cc1ccc(NC(=O)NCc2ccc(-c3n[nH]c4c3Cc3cc(CN5CCN(C)CC5)ccc3-4)s2)cc1,DNQBBKLYBVCDBY,-1,1,-1,O=C(NCc1ccc(-c2n[nH]c3c2Cc2cc(CN4CCNCC4)ccc2-3)s1)Nc1ccccc1,train
CHEMBL4160854,Nc1n[nH]c2cccc(-c3ccc(NC(=S)Nc4cc(Br)ccc4OC(F)(F)F)cc3)c12,DSRUNANRDDLTEB,-1,0,1,S=C(Nc1ccccc1)Nc1ccc(-c2cccc3[nH]ncc23)cc1,train
CHEMBL4168811,COC(=O)c1ccc2c(c1)NC(=O)/C2=C(\Nc1ccc2c(c1)N(C(=O)CN1CCOCC1)CC2)c1ccccc1,FGFZBTQWDLZHSI,-1,1,1,O=C1Nc2ccccc2C1=C(Nc1ccc2c(c1)N(C(=O)CN1CCOCC1)CC2)c1ccccc1,train
CHEMBL4171543,C=CC(=O)Nc1ccc(-c2ccc(NC(=O)Nc3cccc(Cl)c3)cc2)cn1,IXIJKXSIADDKHR,-1,1,1,O=C(Nc1ccccc1)Nc1ccc(-c2cccnc2)cc1,train
CHEMBL4208852,CNc1ncc2c(-c3ccc(N4CCN(C)CC4)nc3)nn(CC3CCCC3)c2n1,UGPDJIJFANODJH,-1,1,-1,c1ncc2c(-c3ccc(N4CCNCC4)nc3)nn(CC3CCCC3)c2n1,train
CHEMBL4212117,Cc1c2ccc(N(C)c3ccnc(Nc4ccc(C(=O)NCCCCCCC(=O)NO)cc4)n3)cc2nn1C,PSNSRJNHZPJVJH,-1,1,1,c1ccc(Nc2nccc(Nc3ccc4c[nH]nc4c3)n2)cc1,train
CHEMBL4216473,COCCOc1cc(F)c2c(Nc3ccc(NC(=O)Cn4cc(C(C)C)nn4)cc3)ncnc2c1,FLJOFQUXYAWOPE,-1,1,-1,O=C(Cn1ccnn1)Nc1ccc(Nc2ncnc3ccccc23)cc1,train
CHEMBL4218175,CNc1ncc2c(-c3ccc(N4CCN(C)CC4)cc3)nn(CC3CCCC3)c2n1,AKWLDQDWZNJYKL,-1,1,-1,c1ncc2c(-c3ccc(N4CCNCC4)cc3)nn(CC3CCCC3)c2n1,train
CHEMBL4238023,O=C(O)c1ccc(C(=O)NC2CCN(c3nc4c(c(Nc5ccc6c(c5)OCCO6)n3)COC4)C2)nc1,QTVODDZWZFDZHV,-1,0,-1,O=C(NC1CCN(c2nc3c(c(Nc4ccc5c(c4)OCCO5)n2)COC3)C1)c1ccccn1,train
CHEMBL4239237,COc1cc(Nc2nc(N3CCC(NC(=O)c4ccc(C(=O)O)cn4)C3)nc3c2COC3)cc(OC)c1OC,UQTKQRXPJNVHPQ,-1,0,-1,O=C(NC1CCN(c2nc3c(c(Nc4ccccc4)n2)COC3)C1)c1ccccn1,train
CHEMBL4242803,CCCCCCCNc1nc(N2CCC(NC(=O)c3ccc(C(=O)O)cn3)C2)nc2c1COC2,TZNBJKDHSMPWDK,-1,0,-1,O=C(NC1CCN(c2ncc3c(n2)COC3)C1)c1ccccn1,train
CHEMBL424943,Nc1n[nH]c2cccc(-c3ccc(NC(=O)Nc4cccc(C(F)(F)F)c4)cc3)c12,OSIDXFCEXZWGRW,-1,1,-1,O=C(Nc1ccccc1)Nc1ccc(-c2cccc3[nH]ncc23)cc1,train
CHEMBL4249776,COc1cc(Nc2nc(N3CCC(NC(=O)c4ccc(C(=O)O)cn4)C3)nc3c2COC3)cc(OC)c1,VOJKRIXSIFWCAN,-1,0,-1,O=C(NC1CCN(c2nc3c(c(Nc4ccccc4)n2)COC3)C1)c1ccccn1,train
CHEMBL425262,Cc1cccc(N(C)C(=O)NCc2ccc(-c3[nH]nc4c3Cc3cc(CN5CCN(C)CC5)ccc3-4)s2)c1,BVOTXUKSZIXDAM,-1,1,-1,O=C(NCc1ccc(-c2[nH]nc3c2Cc2cc(CN4CCNCC4)ccc2-3)s1)Nc1ccccc1,train
CHEMBL425749,Cc1cccc(NC(=O)Nc2ccc(-c3csc4ncnc(N)c34)c(F)c2)c1,GWOSGFTZTVFDGQ,-1,1,-1,O=C(Nc1ccccc1)Nc1ccc(-c2csc3ncncc23)cc1,train
CHEMBL426004,Cc1ccc(NC(=O)Nc2ccc(-c3cccc4[nH]nc(N)c34)cc2)cc1F,OJDNHAXBNCOFRF,-1,1,-1,O=C(Nc1ccccc1)Nc1ccc(-c2cccc3[nH]ncc23)cc1,train
CHEMBL429516,Nc1ncnc2c1N=C(c1ccc(NC(=O)Nc3ccc(F)c(C(F)(F)F)c3)cc1)CCN2,BYQDPWAYLMNNKF,-1,1,-1,O=C(Nc1ccccc1)Nc1ccc(C2=Nc3cncnc3NCC2)cc1,train
CHEMBL430090,COc1ccc(-c2ccc(NC(=O)Nc3cccc(C(F)(F)F)c3)cc2)c2c(N)noc12,PATGADWTCHRVOQ,-1,1,1,O=C(Nc1ccccc1)Nc1ccc(-c2cccc3oncc23)cc1,train
CHEMBL431006,CC(C)(C)c1ccc(Nc2nnc(Cc3ccncc3)c3ccccc23)cc1,MSXAXOGMQYORSO,-1,1,-1,c1ccc(Nc2nnc(Cc3ccncc3)c3ccccc23)cc1,train
CHEMBL438653,Cc1cccc(NC(=O)Nc2ccc(-c3ccc(OCCN(C)C)c4[nH]nc(N)c34)cc2)c1,KHIGYHIMVWQYPO,-1,1,-1,O=C(Nc1ccccc1)Nc1ccc(-c2cccc3[nH]ncc23)cc1,train
CHEMBL438797,Cc1ccccc1NC(=O)Nc1ccc(-c2c(C)sc3ncnc(N)c23)cc1,XFNPTRGLLWINBG,-1,1,-1,O=C(Nc1ccccc1)Nc1ccc(-c2csc3ncncc23)cc1,train
CHEMBL4436208,CCc1cc(NC(=O)Nc2ccc(-c3cnc(Nc4cc(N5CCN(CCO)CC5)ncn4)s3)cc2)no1,QXQQZNBKCANEIH,-1,1,-1,O=C(Nc1ccc(-c2cnc(Nc3cc(N4CCNCC4)ncn3)s2)cc1)Nc1ccon1,train
CHEMBL4438245,Cc1nc(Nc2ncc(-c3ccncc3)s2)cc(N2CCC(N(C)C)CC2)n1.Cl,HTVXDWFIUAEROU,-1,1,-1,c1cc(-c2cnc(Nc3cc(N4CCCCC4)ncn3)s2)ccn1,train
CHEMBL4438683,CCc1cc(NC(=O)Nc2ccc(-c3csc(Nc4cc(N5CCN(CC)CC5)nc(C)n4)n3)cc2)no1,HHRKVEGLXALQPB,-1,1,-1,O=C(Nc1ccc(-c2csc(Nc3cc(N4CCNCC4)ncn3)n2)cc1)Nc1ccon1,train
CHEMBL444064,COc1cc2c(N3CCN(C(=O)Nc4ccc(OC(C)C)cc4)CC3)ncnc2cc1OCCN1CCCCC1,VNNNWWNREQUYDU,-1,1,1,O=C(Nc1ccccc1)N1CCN(c2ncnc3cc(OCCN4CCCCC4)ccc23)CC1,train
CHEMBL4446778,Cc1nc(Nc2ncc(-c3ccncc3)s2)cc(N2CCN(CCF)CC2)n1.Cl,RBOTWLCSDHOKLJ,-1,1,-1,c1cc(-c2cnc(Nc3cc(N4CCNCC4)ncn3)s2)ccn1,train
CHEMBL4448198,CCN1CCN(c2cc(Nc3ncc(-c4ccncc4)s3)ncn2)CC1.Cl,UDXBISGZVDXNFO,-1,1,-1,c1cc(-c2cnc(Nc3cc(N4CCNCC4)ncn3)s2)ccn1,train
CHEMBL4448433,CCc1cc(NC(=O)Nc2ccc(-c3cnc(Nc4cc(N5CCN(CC)CC5)ncn4)s3)cc2)no1,YRQLHEOCJDBHLJ,-1,1,-1,O=C(Nc1ccc(-c2cnc(Nc3cc(N4CCNCC4)ncn3)s2)cc1)Nc1ccon1,train
CHEMBL4449189,O=C(CSc1nccc(Nc2ccc(N3CCOCC3)cc2)n1)c1ccc(F)cc1,PSZMYZPRCFMLOG,-1,1,1,O=C(CSc1nccc(Nc2ccc(N3CCOCC3)cc2)n1)c1ccccc1,train
CHEMBL4452166,CCN1CCN(c2cc(Nc3ncc(-c4ccnc(C)c4)s3)nc(C)n2)CC1.Cl,ACHMTQBTMFXRRX,-1,1,-1,c1cc(-c2cnc(Nc3cc(N4CCNCC4)ncn3)s2)ccn1,train
CHEMBL445394,COc1ccccc1NC(=O)Nc1ccc(-c2c(C)sc3ncnc(N)c23)cc1,GWKIGGBPQCNPSU,-1,1,-1,O=C(Nc1ccccc1)Nc1ccc(-c2csc3ncncc23)cc1,train
CHEMBL445636,COc1cc2c(N3CCN(C(=O)Nc4ccc(C#N)cc4)CC3)ncnc2cc1OCCCN1CCC(C)CC1,WCSWTYSYHRBWDT,-1,1,1,O=C(Nc1ccccc1)N1CCN(c2ncnc3cc(OCCCN4CCCCC4)ccc23)CC1,train
CHEMBL4457984,CCN1CCN(c2cc(Nc3ncc(-c4cccnc4)s3)nc(C)n2)CC1.Cl,ARIVIACEOHYMII,-1,1,-1,c1cncc(-c2cnc(Nc3cc(N4CCNCC4)ncn3)s2)c1,train
CHEMBL4458373,CCc1cc(NC(=O)Nc2ccc(-c3sc(Nc4cc(N5CCN(CC)CC5)ncn4)nc3C)cc2)no1,QHKSJWQHGLAARI,-1,1,-1,O=C(Nc1ccc(-c2cnc(Nc3cc(N4CCNCC4)ncn3)s2)cc1)Nc1ccon1,train
CHEMBL4464080,Cc1ccc(C(=O)Nc2cccc(C(F)(F)F)c2)cc1-c1cccc(-c2cnc3cnccn23)c1,KYENXKDRIQKRJP,-1,1,-1,O=C(Nc1ccccc1)c1cccc(-c2cccc(-c3cnc4cnccn34)c2)c1,train
CHEMBL4473755,CCN1CCN(c2cc(Nc3ncc(-c4ccc(NC(C)=O)cc4)s3)ncn2)CC1,HRTDBNYJYGFMOU,-1,1,-1,c1ccc(-c2cnc(Nc3cc(N4CCNCC4)ncn3)s2)cc1,train
CHEMBL4483070,CCN1CCN(c2cc(Nc3ncc(-c4ccccc4)s3)nc(C)n2)CC1.Cl,VFBIUGMGMXXVRZ,-1,1,-1,c1ccc(-c2cnc(Nc3cc(N4CCNCC4)ncn3)s2)cc1,train
CHEMBL4513768,CCN1CCN(c2cc(Nc3ncc(-c4ccncc4)s3)nc(C)n2)CC1.Cl,SNLQNYOOKITUPG,-1,1,-1,c1cc(-c2cnc(Nc3cc(N4CCNCC4)ncn3)s2)ccn1,train
CHEMBL4528798,CCN1CCN(c2cc(Nc3ncc(-c4ccc(NC(N)=O)cc4)s3)ncn2)CC1,PZZCJDTUMFTZFJ,-1,1,-1,c1ccc(-c2cnc(Nc3cc(N4CCNCC4)ncn3)s2)cc1,train
CHEMBL453057,Cc1cccc(NC(=O)Nc2ccc(-c3cnc4c(-c5cnn(C)c5)ccn4c3N)cc2)c1,HZIZEKOMOILAJT,-1,1,-1,O=C(Nc1ccccc1)Nc1ccc(-c2cnc3c(-c4cn[nH]c4)ccn3c2)cc1,train
CHEMBL4533153,COc1cc2c(Oc3ccc(NC(=O)NS(=O)(=O)Cc4ccc(F)cc4)cc3F)ccnc2cc1OCCCN1CCCC1,OPMJBWVXRQIVBZ,-1,1,1,O=C(Nc1ccc(Oc2ccnc3cc(OCCCN4CCCC4)ccc23)cc1)NS(=O)(=O)Cc1ccccc1,train
CHEMBL4546279,CCc1cc(NC(=O)NCC#Cc2cnc(Nc3cc(N4CCN(CC)CC4)ncn3)s2)no1,BXPNRAHVPHLRKY,-1,1,-1,O=C(NCC#Cc1cnc(Nc2cc(N3CCNCC3)ncn2)s1)Nc1ccon1,train
CHEMBL4546349,CCN1CCN(c2cc(Nc3ncc(-c4cccnc4)s3)ncn2)CC1.Cl,YHPKLKCCQMBGON,-1,1,-1,c1cncc(-c2cnc(Nc3cc(N4CCNCC4)ncn3)s2)c1,train
CHEMBL4550794,Cc1nc(Nc2ncc(-c3ccncc3)s2)cc(N2CCN(CCO)CC2)n1.Cl,KGIPYQFAIDQBKC,-1,1,-1,c1cc(-c2cnc(Nc3cc(N4CCNCC4)ncn3)s2)ccn1,train
CHEMBL4577779,COc1cc2nccc(Oc3ccc(NC(=O)Cc4ccc(Cl)c(C(F)(F)F)c4)cc3)c2cc1OC,YOHLRCOPRAVUCJ,-1,1,1,O=C(Cc1ccccc1)Nc1ccc(Oc2ccnc3ccccc23)cc1,train
CHEMBL4587222,CCN1CCN(CCCOc2cc3nccc(Oc4c(F)cc(NC(=O)NN5C(=O)CSC5c5c(F)cccc5F)cc4F)c3cc2OC)CC1,GZVQZLVAKXRTHU,-1,1,-1,O=C(Nc1ccc(Oc2ccnc3cc(OCCCN4CCNCC4)ccc23)cc1)NN1C(=O)CSC1c1ccccc1,train
CHEMBL4634073,COC(=O)Nc1ccc(-c2c(OC3CCN(C)CC3)nc3c(-c4ccc(OC)c(OC)c4)cnn3c2N)cc1,UKYJKXMPIDEQFF,-1,1,1,c1ccc(-c2cn3ncc(-c4ccccc4)c3nc2OC2CCNCC2)cc1,train
CHEMBL4640601,COc1ccc(-c2cnn3c(N)c(-c4ccccc4)c(OC4CCN(C)CC4)nc23)cc1OC,YZNIHXUBUWEUCM,-1,1,1,c1ccc(-c2cn3ncc(-c4ccccc4)c3nc2OC2CCNCC2)cc1,train
CHEMBL4644718,COC(=O)c1ccc2c(c1)NC(=O)/C2=C(\Nc1ccc(-n2c(C)ccc2CN2CCN(C)CC2)cc1)c1ccccc1,WMJABWDIOMOTQD,-1,1,1,O=C1Nc2ccccc2C1=C(Nc1ccc(-n2cccc2CN2CCNCC2)cc1)c1ccccc1,train
CHEMBL469882,Cc1ccc(C(=O)Nc2cccc(C(F)(F)F)c2)cc1NC(=O)c1cncnc1,SJHUSHHZUDUTHB,-1,1,-1,O=C(Nc1cccc(C(=O)Nc2ccccc2)c1)c1cncnc1,train
CHEMBL469883,Cc1ccc(C(=O)Nc2cccc(C(F)(F)F)c2)cc1C(=O)Nc1cccnc1,RAKQGQRMHIXLRO,-1,1,-1,O=C(Nc1ccccc1)c1cccc(C(=O)Nc2cccnc2)c1,train
CHEMBL470483,Cc1ccc(C(=O)Nc2cccc(C(F)(F)F)c2)cc1C(=O)Nc1ccc(N)nc1,MAXWPKHIRAUGLM,-1,1,-1,O=C(Nc1ccccc1)c1cccc(C(=O)Nc2cccnc2)c1,train
CHEMBL470808,CNC(=O)c1cc(Oc2ccc3c(c2)nc(Nc2cccc(C(C)(C)C)c2)n3C)ccn1,SILANKVZJSUJHJ,-1,1,1,c1ccc(Nc2nc3cc(Oc4ccncc4)ccc3[nH]2)cc1,train
CHEMBL4776125,COc1cc2c(Oc3ccc(NC(=O)C(C)c4nnc(-c5ccc(F)cc5)o4)cc3F)ccnc2cc1OCCCN1CCC(C)CC1,UHXDASISMPMKEV,-1,1,-1,O=C(Cc1nnc(-c2ccccc2)o1)Nc1ccc(Oc2ccnc3cc(OCCCN4CCCCC4)ccc23)cc1,train
CHEMBL4779315,COc1cc2nccc(Oc3ccc(NC(=O)C(OC(=O)c4ccc(F)cc4)C(C)(C)C)cc3F)c2cc1OC,FVPYEAORCOKOLV,-1,1,-1,O=C(COC(=O)c1ccccc1)Nc1ccc(Oc2ccnc3ccccc23)cc1,train
CHEMBL4784431,COc1cc2ncnc(Oc3ccc(Nc4nccc5[nH]cc(-c6ccc(F)cc6)c(=O)c45)cc3)c2cc1OC,LZSOTYFDFVIEGI,-1,1,-1,O=c1c(-c2ccccc2)c[nH]c2ccnc(Nc3ccc(Oc4ncnc5ccccc45)cc3)c12,train
CHEMBL478611,Oc1ccc(C[C@@]2(O)COc3c(ccc(O)c3O)[C@H]2O)cc1O,FUVGPYLFLOWRMC,-1,1,-1,c1ccc(CC2COc3ccccc3C2)cc1,train
CHEMBL4793380,CC(C)(C)c1cc(NC(=O)Nc2ccc(Nc3ncnc4c3OCCCN4)cc2)no1,WPXVVAWAHQHJPF,-1,1,1,O=C(Nc1ccc(Nc2ncnc3c2OCCCN3)cc1)Nc1ccon1,train
CHEMBL4794496,COc1cc2ncnc(Oc3ccc(Nc4nccc5[nH]cc(-c6ccc(F)cc6)c(=O)c45)cc3F)c2cc1OC,QOMGQLZYIUPQLG,-1,1,-1,O=c1c(-c2ccccc2)c[nH]c2ccnc(Nc3ccc(Oc4ncnc5ccccc45)cc3)c12,train
CHEMBL4799113,COCC/C(=N\S(=O)(=O)Cc1ccc(Cl)cc1)Nc1ccc(Oc2ccnc3cc(OCCCN4CCOCC4)c(OC)cc23)c(F)c1,QCKKTDVCCCBGDD,-1,1,1,O=S(=O)(Cc1ccccc1)N=CNc1ccc(Oc2ccnc3cc(OCCCN4CCOCC4)ccc23)cc1,train
CHEMBL4800276,CC(C)COC(=O)N1CCN(C(=O)C=CC(=O)Nc2ccc(Cl)cc2)CC1,RGAGDYQOAIHLSA,-1,1,-1,O=C(C=CC(=O)N1CCNCC1)Nc1ccccc1,train
CHEMBL484883,O=C(Nc1cncnc1)c1c(Cl)ccc2c(Nc3ccc(OC(F)(F)F)cc3)noc12,ZFOJPTHLTODBOQ,-1,1,-1,O=C(Nc1cncnc1)c1cccc2c(Nc3ccccc3)noc12,train
CHEMBL484884,N#Cc1cccc(Nc2noc3c(C(=O)Nc4cncnc4)c(Cl)ccc23)c1,RIYDQAAHSMDBSY,-1,1,-1,O=C(Nc1cncnc1)c1cccc2c(Nc3ccccc3)noc12,train
CHEMBL484885,O=C(Nc1cncnc1)c1c(Cl)ccc2c(Nc3cccc(OC(F)(F)F)c3)noc12,SHASMIGCQPOJDG,-1,1,-1,O=C(Nc1cncnc1)c1cccc2c(Nc3ccccc3)noc12,train
CHEMBL4858720,Nc1ncnc2c1c(-c1cccc(O)c1)cn2[C@H]1C[C@@H](CO)C1,JIBBGYSUSKAPDY,-1,1,1,c1ccc(-c2cn(C3CCC3)c3ncncc23)cc1,train
CHEMBL487863,CC(=O)Nc1ncc(NC(=O)c2cc(C(=O)Nc3cccc(C(F)(F)F)c3)ccc2C)cn1,ZGLMCRPSORXWEG,-1,1,-1,O=C(Nc1ccccc1)c1cccc(C(=O)Nc2cncnc2)c1,train
CHEMBL487864,CC(=O)Nc1ccc(NC(=O)c2cc(C(=O)Nc3cccc(C(F)(F)F)c3)ccc2C)cn1,CRVJWQKUGJBXHH,-1,1,-1,O=C(Nc1ccccc1)c1cccc(C(=O)Nc2cccnc2)c1,train
CHEMBL487865,Cc1ccc(C(=O)Nc2ccc(C(F)(F)F)cc2)cc1C(=O)Nc1ccc(N)nc1,HPDLKXDNZNNSKS,-1,1,-1,O=C(Nc1ccccc1)c1cccc(C(=O)Nc2cccnc2)c1,train
CHEMBL488834,Cc1ccc(C(=O)NCCC2CCCCC2)cc1C(=O)Nc1ccc(N)nc1,WKRGWNGOAPQILF,-1,1,-1,O=C(NCCC1CCCCC1)c1cccc(C(=O)Nc2cccnc2)c1,train
CHEMBL488984,Nc1ncc(NC(=O)c2c(Cl)ccc3c(Nc4cccc(C(F)(F)F)c4)noc23)cn1,JQQIXSUDXIHIJC,-1,1,-1,O=C(Nc1cncnc1)c1cccc2c(Nc3ccccc3)noc12,train
CHEMBL488985,CC(=O)Nc1ncc(NC(=O)c2c(Cl)ccc3c(Nc4cccc(C(F)(F)F)c4)noc23)cn1,ALMLNCLAVUOCSW,-1,1,-1,O=C(Nc1cncnc1)c1cccc2c(Nc3ccccc3)noc12,train
CHEMBL489196,O=C(Nc1cccnc1)c1c(Cl)ccc2c(Nc3cccc(C(F)(F)F)c3)noc12,ZKNGADHMFWSYGS,-1,1,-1,O=C(Nc1cccnc1)c1cccc2c(Nc3ccccc3)noc12,train
CHEMBL489579,CCc1ccc(Nc2noc3c(C(=O)Nc4cncnc4)c(Cl)ccc23)cc1,ULZSRYYHCDZHHQ,-1,1,-1,O=C(Nc1cncnc1)c1cccc2c(Nc3ccccc3)noc12,train
CHEMBL489786,CCCc1ccc(Nc2noc3c(C(=O)Nc4cncnc4)c(Cl)ccc23)cc1,OGMTUBFKHFJFSD,-1,1,-1,O=C(Nc1cncnc1)c1cccc2c(Nc3ccccc3)noc12,train
CHEMBL490407,CC(C)(C)c1ccc(Nc2noc3c(C(=O)Nc4cncnc4)c(Cl)ccc23)cc1,IYVUYLAUPKYTIO,-1,1,-1,O=C(Nc1cncnc1)c1cccc2c(Nc3ccccc3)noc12,train
CHEMBL490408,O=C(Nc1cncnc1)c1c(Cl)ccc2c(Nc3ccc(C(F)(F)F)cc3)noc12,DJYCTTVILKPUFQ,-1,1,-1,O=C(Nc1cncnc1)c1cccc2c(Nc3ccccc3)noc12,train
CHEMBL490823,CC(=O)Nc1ccc(NC(=O)c2c(Cl)ccc3c(Nc4cccc(C(F)(F)F)c4)noc23)cn1,UEMPLTVVIZKLPN,-1,1,-1,O=C(Nc1cccnc1)c1cccc2c(Nc3ccccc3)noc12,train
CHEMBL491238,O=C(Nc1cnc(Cl)nc1)c1c(Cl)ccc2c(Nc3cccc(C(F)(F)F)c3)noc12,AMTNQPFTJJDLTI,-1,1,-1,O=C(Nc1cncnc1)c1cccc2c(Nc3ccccc3)noc12,train
CHEMBL491418,CCCCCc1ccc(Nc2noc3c(C(=O)Nc4cncnc4)c(Cl)ccc23)cc1,UREWMXOEBIGNEP,-1,1,-1,O=C(Nc1cncnc1)c1cccc2c(Nc3ccccc3)noc12,train
CHEMBL491429,O=C(Nc1cncnc1)c1c(Cl)ccc2c(Nc3cccc(C(F)(F)F)c3)noc12,FEGRQUWSKADGSP,-1,1,-1,O=C(Nc1cncnc1)c1cccc2c(Nc3ccccc3)noc12,train
CHEMBL491628,O=C(Nc1cncnc1)c1c(Cl)ccc2c(Nc3ccc(F)c(C(F)(F)F)c3)noc12,TVZQTYBHCROIOH,-1,1,-1,O=C(Nc1cncnc1)c1cccc2c(Nc3ccccc3)noc12,train
CHEMBL492266,Cc1ccc(C(=O)NC2CC2)cc1-c1ccc2c(OC(C)C)cncc2c1,DKHCMNUPWHVUKS,-1,1,-1,O=C(NC1CC1)c1cccc(-c2ccc3ccncc3c2)c1,train
CHEMBL496494,Cc1ccn(-c2ccc(C(C)(C)C)cc2)c(=O)c1-c1ccc2nc(N)ncc2c1,OLGFKJJJBLWTNP,-1,1,-1,O=c1c(-c2ccc3ncncc3c2)cccn1-c1ccccc1,train
CHEMBL496505,CC(=O)c1ccc(-n2ccc(C)c(-c3ccc4nc(N)ncc4c3)c2=O)cc1,YNVQXAFBFLYMLM,-1,1,-1,O=c1c(-c2ccc3ncncc3c2)cccn1-c1ccccc1,train
CHEMBL496713,CCOC(=O)c1ccc(-n2ccc(C)c(-c3ccc4nc(N)ncc4c3)c2=O)cc1,JZTVWMNQNFKFGJ,-1,1,-1,O=c1c(-c2ccc3ncncc3c2)cccn1-c1ccccc1,train
CHEMBL496916,COc1cccc(-n2ccc(C)c(-c3ccc4nc(N)ncc4c3)c2=O)c1,HFBUYDAMOBVPRQ,-1,1,-1,O=c1c(-c2ccc3ncncc3c2)cccn1-c1ccccc1,train
CHEMBL497754,Cc1ccn(-c2ccc(Cl)c(F)c2)c(=O)c1-c1ccc2nc(N)ncc2c1,PPISEWGPTNCYKY,-1,1,-1,O=c1c(-c2ccc3ncncc3c2)cccn1-c1ccccc1,train
CHEMBL497957,Cc1ccc(-n2ccc(C)c(-c3ccc4nc(N)ncc4c3)c2=O)cc1F,UCMYLPJAVAGSBP,-1,1,-1,O=c1c(-c2ccc3ncncc3c2)cccn1-c1ccccc1,train
CHEMBL497958,Cc1cc(-n2ccc(C)c(-c3ccc4nc(N)ncc4c3)c2=O)ccc1F,WOKGDWSLHLGJCZ,-1,1,-1,O=c1c(-c2ccc3ncncc3c2)cccn1-c1ccccc1,train
CHEMBL498557,Cc1ccn(-c2ccc(C(F)(F)F)cc2)c(=O)c1-c1ccc2nc(N)ncc2c1,XQUGABIPVADSEL,-1,1,-1,O=c1c(-c2ccc3ncncc3c2)cccn1-c1ccccc1,train
CHEMBL504805,Cc1ccn(-c2cccc(C(F)(F)F)c2)c(=O)c1-c1ccc2nc(N)ncc2c1,HXUZQEYFKAZBPX,-1,1,-1,O=c1c(-c2ccc3ncncc3c2)cccn1-c1ccccc1,train
CHEMBL506033,COc1ccc(-n2ccc(C)c(-c3ccc4nc(N)ncc4c3)c2=O)cc1,HQVKWOAGEPGZAS,-1,1,-1,O=c1c(-c2ccc3ncncc3c2)cccn1-c1ccccc1,train
CHEMBL5075715,NC(=O)c1ccc(Nc2ncc(C(F)(F)F)c(N[C@H]3CC[C@@H](N)CC3)n2)cn1,DSTBOHHHDSKXCI,-1,1,-1,c1cncc(Nc2nccc(NC3CCCCC3)n2)c1,train
CHEMBL5078668,C[C@H]1CC[C@H](Nc2nc(Nc3ccc(C(N)=O)nc3)ncc2C(F)(F)F)CC1,TUTOOGMEPVBLJF,-1,1,-1,c1cncc(Nc2nccc(NC3CCCCC3)n2)c1,train
CHEMBL5082724,COc1cc(CNc2ccc3c(c2)ncn3-c2ccccc2)ccc1OCCO,FNNZOQPZURDRII,-1,1,-1,c1ccc(CNc2ccc3c(c2)ncn3-c2ccccc2)cc1,train
CHEMBL5085950,NC(=O)c1ccc(Nc2ncc(C(F)(F)F)c(N[C@H]3CC[C@H](O)CC3)n2)cc1,LKMNVWCDUCOIDP,-1,1,-1,c1ccc(Nc2nccc(NC3CCCCC3)n2)cc1,train
CHEMBL5088179,NC(=O)c1ccc(Nc2ncc(C(F)(F)F)c(N[C@H]3CC[C@@H](O)CC3)n2)cc1,LKMNVWCDUCOIDP,-1,1,-1,c1ccc(Nc2nccc(NC3CCCCC3)n2)cc1,train
CHEMBL5089806,COc1ccc(CNc2ccc3c(c2)ncn3-c2ccccc2)cc1OC,OOKFRASIHFMNAG,-1,1,-1,c1ccc(CNc2ccc3c(c2)ncn3-c2ccccc2)cc1,train
CHEMBL509101,O=C(Nc1ccc(Oc2ccnc3[nH]ccc23)c(F)c1)c1cccn(-c2ccc(F)cc2)c1=O,OBSFXHDOLBYWRJ,-1,1,-1,O=C(Nc1ccc(Oc2ccnc3[nH]ccc23)cc1)c1cccn(-c2ccccc2)c1=O,train
CHEMBL5092589,NC(=O)c1ccc(Nc2ncc(C(F)(F)F)c(N[C@H]3CC[C@H](O)CC3)n2)cn1,WOTJZQMSLYWZGS,-1,1,-1,c1cncc(Nc2nccc(NC3CCCCC3)n2)c1,train
CHEMBL5095202,Cc1nc(-c2cnc(NC(C)C)n(C)c2=O)ccc1Oc1ccnc(-c2cnn(C)c2)c1,TVGAHWWPABTBCX,-1,1,-1,O=c1[nH]cncc1-c1ccc(Oc2ccnc(-c3cn[nH]c3)c2)cn1,train
CHEMBL5095229,Cc1[nH]nc(C(=O)Nc2cnc3[nH]c(-c4ccccc4)cc3c2)c1C,NVSHVYGIYPBTEZ,-1,0,-1,O=C(Nc1cnc2[nH]c(-c3ccccc3)cc2c1)c1cc[nH]n1,train
CHEMBL512840,Cc1ccc(C(=O)Nc2cccc(C(F)(F)F)c2)cc1C(=O)Nc1cncnc1,RITKUWAOEQBXTJ,-1,1,-1,O=C(Nc1ccccc1)c1cccc(C(=O)Nc2cncnc2)c1,train
CHEMBL5184953,CNC(=O)c1cc(-c2cnc3cc(-c4cnn(C)c4)c(O[C@H]4CCOC4)nn23)c(F)c(C(F)F)c1,VSDZEHDPNRWKLG,-1,1,1,c1ccc(-c2cnc3cc(-c4cn[nH]c4)c(OC4CCOC4)nn23)cc1,train
CHEMBL5187371,CNC(=O)c1cc(C)cc(-c2cnc3cc(-c4cnn(C(C)C)c4)c(O[C@H]4CCOC4)nn23)c1,QJSDPLBJLHJTJP,-1,1,1,c1ccc(-c2cnc3cc(-c4cn[nH]c4)c(OC4CCOC4)nn23)cc1,train
CHEMBL519520,CC(C)(C)c1cccc(Nc2noc3c(C(=O)Nc4cncnc4)c(Cl)ccc23)c1,AFSFJBAKCYEMBU,-1,1,-1,O=C(Nc1cncnc1)c1cccc2c(Nc3ccccc3)noc12,train
CHEMBL5197792,COc1cc2c(Oc3ccc(Nc4nn(C)cc4C(=O)NC4CCCCC4)cc3F)ccnc2cc1OCCCN1CCOCC1,QBRQTJMZEYORSP,-1,1,0,O=C(NC1CCCCC1)c1c[nH]nc1Nc1ccc(Oc2ccnc3cc(OCCCN4CCOCC4)ccc23)cc1,train
CHEMBL5200643,CNC(=O)c1cccc(-c2cnc3cc(-c4cnn(C)c4)c(O[C@H]4CCOC4)nn23)c1,ZZWQREKFRLSPQU,-1,1,1,c1ccc(-c2cnc3cc(-c4cn[nH]c4)c(OC4CCOC4)nn23)cc1,train
CHEMBL5201556,CNC(=O)c1cccc(-c2cnc3cc(-c4cnn(C)c4)c(OC)nn23)c1,UDKMUAXCBDODJH,-1,1,1,c1ccc(-c2cnc3cc(-c4cn[nH]c4)cnn23)cc1,train
CHEMBL5202408,CNC(=O)c1ccc(F)c(-c2cnc3cc(-c4cnn(C)c4)c(OC)nn23)c1,MIWWARHIDNFXAZ,-1,1,1,c1ccc(-c2cnc3cc(-c4cn[nH]c4)cnn23)cc1,train
CHEMBL521788,CCCCc1ccc(Nc2noc3c(C(=O)Nc4cncnc4)c(Cl)ccc23)cc1,QVIYCFZMWZZTGW,-1,1,-1,O=C(Nc1cncnc1)c1cccc2c(Nc3ccccc3)noc12,train
CHEMBL522905,Cc1ccn(-c2ccc(Cl)cc2)c(=O)c1-c1ccc2nc(N)ncc2c1,PBQIIKOVMRFZEQ,-1,1,-1,O=c1c(-c2ccc3ncncc3c2)cccn1-c1ccccc1,train
CHEMBL523741,Cc1ccn(-c2ccccc2)c(=O)c1-c1ccc2nc(N)ncc2c1,LHHCZOUDWJLWHD,-1,1,-1,O=c1c(-c2ccc3ncncc3c2)cccn1-c1ccccc1,train
CHEMBL523816,Nc1ccc(NC(=O)c2c(Cl)ccc3c(Nc4cccc(C(F)(F)F)c4)noc23)cn1,WVYGRJBDUQOBBG,-1,1,-1,O=C(Nc1cccnc1)c1cccc2c(Nc3ccccc3)noc12,train
CHEMBL5314535,Cc1nc(NC(=O)N2CCC(C)(C)C2=O)ccc1Oc1ccnc(-c2cnn(C)c2)c1,NXFPMDWYDKHFMM,-1,1,-1,O=C1CCCN1C(=O)Nc1ccc(Oc2ccnc(-c3cn[nH]c3)c2)cn1,train
CHEMBL5401267,CS(=O)(=O)N1CCc2cc(Nc3ncc(C(F)(F)F)c(NCCCN)n3)ccc2C1,PROGKLMIRQVLRO,-1,0,-1,c1cnc(Nc2ccc3c(c2)CCNC3)nc1,train
CHEMBL5405436,CCN(CC)CCNC(=O)c1c(C)[nH]c(/C=C2\CNc3ccc(F)cc32)c1C,JHWZPTAZWZKCEQ,-1,1,1,C(=C1CNc2ccccc21)c1ccc[nH]1,train
CHEMBL5436665,N[C@H]1CC[C@H](Nc2cc(Nc3ccc(S(=O)(=O)N4CCCC4)cc3)c3ncc(-c4ccccc4)n3n2)CC1,IOMVZMIXBDMKIE,-1,1,-1,O=S(=O)(c1ccc(Nc2cc(NC3CCCCC3)nn3c(-c4ccccc4)cnc23)cc1)N1CCCC1,train
CHEMBL553824,COc1cc2ncnc(N3CCN(C(=O)Nc4ccsc4)CC3)c2cc1OC.Cl,QYQRTTJVNPEDTI,-1,1,-1,O=C(Nc1ccsc1)N1CCN(c2ncnc3ccccc23)CC1,train
CHEMBL5569009,Cc1cc(C(=O)Nc2cc(NC(=O)c3cc(-n4ccnc4C)cc(C(F)(F)F)c3)ccc2C)no1,UGVHUUTVPLIEGT,-1,1,-1,O=C(Nc1cccc(NC(=O)c2ccon2)c1)c1cccc(-n2ccnc2)c1,train
CHEMBL5574298,Cc1cc(C(=O)Nc2cc(C(=O)Nc3cc(N4CCN(C)CC4)cc(C(F)(F)F)c3)ccc2C)no1,HFSSXKOWYYRDCV,-1,1,-1,O=C(Nc1cccc(N2CCNCC2)c1)c1cccc(NC(=O)c2ccon2)c1,train
CHEMBL558752,Cn1c(Nc2ccc(C(F)(F)F)cc2)nc2cc(Oc3ccnc(-c4ncc(C(F)(F)F)[nH]4)c3)ccc21,YABJJWZLRMPFSI,-1,1,1,c1ccc(Nc2nc3cc(Oc4ccnc(-c5ncc[nH]5)c4)ccc3[nH]2)cc1,train
CHEMBL5624839,Cn1cc(-c2cc(Oc3ccc(NC(=O)N4CCC5(CCC5)C4=O)nc3)ccn2)cn1,LDFNWQUVEYWFOH,-1,1,-1,O=C(Nc1ccc(Oc2ccnc(-c3cn[nH]c3)c2)cn1)N1CCC2(CCC2)C1=O,train
CHEMBL5630728,Cn1cc(-c2cc(Oc3ccc(NC(=O)N4CCC5(CCC(F)(F)CC5)C4=O)nc3)ccn2)cn1,BCDAHFZFGKOCPG,-1,1,1,O=C(Nc1ccc(Oc2ccnc(-c3cn[nH]c3)c2)cn1)N1CCC2(CCCCC2)C1=O,train
CHEMBL5639687,Cn1cc(-c2cc(Oc3ccc(NC(=O)N4CCC(C)(C)C4=O)nc3)ccn2)cn1,RGBMULROFDMOBL,-1,1,-1,O=C1CCCN1C(=O)Nc1ccc(Oc2ccnc(-c3cn[nH]c3)c2)cn1,train
CHEMBL5639882,COc1nc(F)ccc1CNc1ccc(Cc2c[nH]c3ncc(C)cc23)c(F)n1,NVLLVQNRIGNKPZ,-1,1,-1,c1cncc(CNc2ccc(Cc3c[nH]c4ncccc34)cn2)c1,train
CHEMBL5647404,CNC(=O)c1nccc2cc(-c3cncc(Nc4ccc(OC5CC5)nc4)c3C)[nH]c12,SCSUPNQGNWGCEV,-1,1,-1,c1cc2cc(-c3cncc(Nc4ccc(OC5CC5)nc4)c3)[nH]c2cn1,train
CHEMBL5740338,COc1cc2ncnc(N3CCN(c4ncc(Cc5ccccc5)cn4)CC3)c2cc1OC,VSZPUIIVZZARBI,-1,1,-1,c1ccc(Cc2cnc(N3CCN(c4ncnc5ccccc45)CC3)nc2)cc1,train
CHEMBL5740778,CCc1ccc(CNC(=O)C2CN(c3ncnn4cc(-c5ccc(OC(C)(C)C)cc5)cc34)C2)cc1,QJFVSFPFDIIBMF,-1,1,-1,O=C(NCc1ccccc1)C1CN(c2ncnn3cc(-c4ccccc4)cc23)C1,train
CHEMBL5740953,Cc1cc(C(=O)Nc2cnc3[nH]c(C4=CCN(C(=O)C5CC5)CC4)cc3c2)n[nH]1,KESABJMAIYHOEB,-1,0,-1,O=C(Nc1cnc2[nH]c(C3=CCN(C(=O)C4CC4)CC3)cc2c1)c1cc[nH]n1,train
CHEMBL5741148,CNC(=O)c1ccc(-c2cc3c(N4CCC(C)(c5nc(C)c(-c6cccc(OC(F)F)c6)[nH]5)CC4)ncnc3[nH]2)cn1,CWUTVZGRDRKKQF,-1,1,-1,c1ccc(-c2cnc(C3CCN(c4ncnc5[nH]c(-c6cccnc6)cc45)CC3)[nH]2)cc1,train
CHEMBL5741385,CCCc1ccc(COc2ccc(Nc3ccc4ncc(N5CCOCC5)nc4c3C#N)cc2OC)cn1,WFCSKYUFTYTFJY,-1,1,0,c1cncc(COc2ccc(Nc3ccc4ncc(N5CCOCC5)nc4c3)cc2)c1,train
CHEMBL5741464,COc1cc2ncnc(N3CCN(c4ncc(Cc5ccc(OC(F)F)cc5)cn4)CC3)c2cc1OC,OIKYDPQOKYQHOJ,-1,1,-1,c1ccc(Cc2cnc(N3CCN(c4ncnc5ccccc45)CC3)nc2)cc1,train
CHEMBL5741838,CC[C@H](NC(=O)C1CN(c2ncnn3cc(-c4cnn(CCO)c4)cc23)C1)c1ccc(Cl)cc1,CBYVRPFITSTYMJ,-1,1,-1,O=C(NCc1ccccc1)C1CN(c2ncnn3cc(-c4cn[nH]c4)cc23)C1,train
CHEMBL5741877,C[C@H](NC(=O)C1CN(c2ncnn3cc(-c4ccc(C5CC5)cc4)cc23)C1)c1ccc(F)cc1,TUSVSKCZONXHCD,-1,1,-1,O=C(NCc1ccccc1)C1CN(c2ncnn3cc(-c4ccc(C5CC5)cc4)cc23)C1,train
CHEMBL5742101,Cn1cc(-c2cc3c(N4CC(C(=O)N[C@@H](CO)c5ccc(Cl)cc5)C4)ncnn3c2)cn1,IEPIIOREPZMDKX,-1,1,-1,O=C(NCc1ccccc1)C1CN(c2ncnn3cc(-c4cn[nH]c4)cc23)C1,train
CHEMBL5742457,CN(C)C(=O)c1ccc(-c2cc3c(N4CC(C(=O)N[C@H](CO)c5ccccc5)C4)ncnn3c2)cc1,PADVXYVDVSZXBQ,-1,1,-1,O=C(NCc1ccccc1)C1CN(c2ncnn3cc(-c4ccccc4)cc23)C1,train
CHEMBL5742552,COc1ccc(-c2[nH]c(C3(C)CCN(c4ncnc5[nH]c(-c6ccc(NS(C)(=O)=O)cc6)cc45)CC3)nc2C)cc1F,MCHADRFLVZXJLI,-1,1,-1,c1ccc(-c2cnc(C3CCN(c4ncnc5[nH]c(-c6ccccc6)cc45)CC3)[nH]2)cc1,train
CHEMBL5742621,COc1ccc2c(N3CCN(c4ncc(Cc5ccccc5)cn4)CC3)ncnc2c1,UOOWSOFPDJJJRY,-1,1,-1,c1ccc(Cc2cnc(N3CCN(c4ncnc5ccccc45)CC3)nc2)cc1,train
CHEMBL5742906,Cc1nc(C2(C)CCN(c3ncnc4[nH]c(-c5ccc(C(N)=O)cc5)cc34)CC2)[nH]c1-c1cccc(OC(F)F)c1,SVSURIVVEDGYPX,-1,1,-1,c1ccc(-c2cnc(C3CCN(c4ncnc5[nH]c(-c6ccccc6)cc45)CC3)[nH]2)cc1,train
CHEMBL5743100,CS(=O)(=O)c1ccc(-c2cc3c(N4CC(C(=O)NCc5ccc(Cl)cc5F)C4)ncnn3c2)cc1,WVWGFGQCDOAOHV,-1,1,-1,O=C(NCc1ccccc1)C1CN(c2ncnn3cc(-c4ccccc4)cc23)C1,train
CHEMBL5743232,Cn1cc(-c2cc3c(N4CC(C)(C(=O)N[C@@H](CCO)c5ccc(Cl)cc5)C4)ncnn3c2)cn1,GJFIBTXVZYSPKM,-1,1,-1,O=C(NCc1ccccc1)C1CN(c2ncnn3cc(-c4cn[nH]c4)cc23)C1,train
CHEMBL5743335,COc1cc(-c2cc3c(N4CCC(c5nc(C)c(-c6ccc7c(c6)OC(F)(F)O7)[nH]5)CC4)ncnc3[nH]2)ccn1,WDVGGMPKHWLRFR,-1,0,-1,c1cc(-c2cc3c(N4CCC(c5ncc(-c6ccc7c(c6)OCO7)[nH]5)CC4)ncnc3[nH]2)ccn1,train
CHEMBL5743510,Cc1n[nH]c(C(=O)Nc2cnc3[nH]c(-c4ccc(F)cc4)cc3c2)c1C,CVPRDWNZQOLTCB,-1,0,-1,O=C(Nc1cnc2[nH]c(-c3ccccc3)cc2c1)c1ccn[nH]1,train
CHEMBL5743983,Cc1n[nH]c(C(=O)Nc2cnc3[nH]c(-c4ccccc4)nc3c2)c1C,NKIZANNKXZLXEG,-1,0,-1,O=C(Nc1cnc2[nH]c(-c3ccccc3)nc2c1)c1ccn[nH]1,train
CHEMBL5744070,CCOc1ccc(COc2ccc(Nc3ccc4ncc(N5CCOCC5)nc4c3C#N)cc2OC)cn1,BMQULQQDVVZAPY,-1,1,0,c1cncc(COc2ccc(Nc3ccc4ncc(N5CCOCC5)nc4c3)cc2)c1,train
CHEMBL5744603,Cc1nc(C2(C)CCN(c3ncnc4[nH]c(-c5ccc(N6CCOCC6)nc5)cc34)CC2)[nH]c1-c1cccc(OC(F)F)c1,DLOYDTCOXFAXQZ,-1,1,-1,c1ccc(-c2cnc(C3CCN(c4ncnc5[nH]c(-c6ccc(N7CCOCC7)nc6)cc45)CC3)[nH]2)cc1,train
CHEMBL5744895,Cc1ccc(CC(=O)NC2CN(c3ncnn4cc(-c5ccc(C(C)(C)O)cc5)cc34)C2)cc1,NNZOBKKQWAVZKA,-1,1,-1,O=C(Cc1ccccc1)NC1CN(c2ncnn3cc(-c4ccccc4)cc23)C1,train
CHEMBL5744954,C[C@H](NC(=O)C1CN(c2ncnn3cc(-c4cn(C)nc4N)cc23)C1)c1ccc(F)cc1,RLCHHKDQERLWCV,-1,1,-1,O=C(NCc1ccccc1)C1CN(c2ncnn3cc(-c4cn[nH]c4)cc23)C1,train
CHEMBL5745024,COc1ccc(-c2[nH]c(C3(C)CCN(c4ncnc5[nH]c(-c6cnn(C(F)F)c6)cc45)CC3)nc2C)cc1F,MHCIFIWNJOKWSX,-1,1,-1,c1ccc(-c2cnc(C3CCN(c4ncnc5[nH]c(-c6cn[nH]c6)cc45)CC3)[nH]2)cc1,train
CHEMBL5746421,Cc1ccc(CNC(=O)C2CN(c3ncnn4cc(-c5ccc(N(C)C)nc5)cc34)C2)cc1,OGIRBRGAFIQSCT,-1,1,-1,O=C(NCc1ccccc1)C1CN(c2ncnn3cc(-c4cccnc4)cc23)C1,train
CHEMBL5746963,Cc1ccc(CNC(=O)C2CN(c3ncnn4cc(-c5cnn(C)c5)cc34)C2)s1,BMEASMUMCQCWAV,-1,1,-1,O=C(NCc1cccs1)C1CN(c2ncnn3cc(-c4cn[nH]c4)cc23)C1,train
CHEMBL5749847,COc1ccc(-c2cc3c(N4CCC(C)(c5nc(C)c(-c6ccc(C(F)F)cc6)[nH]5)CC4)ncnc3[nH]2)cn1,XOHMEGQKAHGRES,-1,1,-1,c1ccc(-c2cnc(C3CCN(c4ncnc5[nH]c(-c6cccnc6)cc45)CC3)[nH]2)cc1,train
CHEMBL5750353,Cc1ccc(CNC(=O)C2(C)CN(c3ncnn4cc(-c5ccc(OC(C)C)cc5)cc34)C2)cc1,ITUZGBKRYKZUGI,-1,1,-1,O=C(NCc1ccccc1)C1CN(c2ncnn3cc(-c4ccccc4)cc23)C1,train
CHEMBL5751169,COc1cc2ncnc(N3CCN(c4ncc(Sc5ccc(F)cc5)cn4)CC3)c2cc1OCC1CCN(C)CC1,SJVXHIPGDKEPIC,-1,1,-1,c1ccc(Sc2cnc(N3CCN(c4ncnc5ccc(OCC6CCNCC6)cc45)CC3)nc2)cc1,train
CHEMBL5752167,COc1cccc(-c2[nH]c(C3(C)CCN(c4ncnc5[nH]c(-c6ccc(N7CCOCC7)nc6)cc45)CC3)nc2C)c1,SUZIZTJTJTZGJK,-1,1,-1,c1ccc(-c2cnc(C3CCN(c4ncnc5[nH]c(-c6ccc(N7CCOCC7)nc6)cc45)CC3)[nH]2)cc1,train
CHEMBL5752174,CC[C@H](NC(=O)C1CN(c2ncnn3cc(-c4ccc([C@H](O)CO)cc4)cc23)C1)c1ccc(Cl)cc1,COBPIEGSVCMIGM,-1,1,-1,O=C(NCc1ccccc1)C1CN(c2ncnn3cc(-c4ccccc4)cc23)C1,train
CHEMBL5752303,CCc1ccc(-c2cc3cc(NC(=O)c4[nH]nc(C)c4C)cnc3[nH]2)cn1,PBWBGJWUVLDITB,-1,0,-1,O=C(Nc1cnc2[nH]c(-c3cccnc3)cc2c1)c1ccn[nH]1,train
CHEMBL5752354,COc1cc2ncnc(N3CCN(c4ncc(NCc5ccc(C)cc5)cn4)CC3)c2cc1OC,REPSUIIGTQHNFN,-1,1,-1,c1ccc(CNc2cnc(N3CCN(c4ncnc5ccccc45)CC3)nc2)cc1,train
CHEMBL5752620,COc1cc2ncnc(N3CCN(c4ncc(Cc5ccccc5)cn4)CC3)c2cc1C(N)=O,ZSUDWDZGBFBLFR,-1,1,-1,c1ccc(Cc2cnc(N3CCN(c4ncnc5ccccc45)CC3)nc2)cc1,train
CHEMBL5752917,C[C@H](NC(=O)C1CN(c2ncnn3cc(-c4cnn(CCO)c4)cc23)C1)c1ccc(F)cc1,BSROTKMUKVIINS,-1,1,-1,O=C(NCc1ccccc1)C1CN(c2ncnn3cc(-c4cn[nH]c4)cc23)C1,train
CHEMBL5753931,Cc1n[nH]c(C(=O)Nc2cnc3[nH]c(-c4ccc(CC(=O)O)cc4)cc3c2)c1C,VJOWAGYBUSWVOA,-1,0,-1,O=C(Nc1cnc2[nH]c(-c3ccccc3)cc2c1)c1ccn[nH]1,train
CHEMBL5754252,COc1cccc(-c2[nH]c(C3(C)CCN(c4ncnc5[nH]c(-c6ccc(C#N)nc6)cc45)CC3)nc2C)c1,SIYHNIKBLVVBGW,-1,1,-1,c1ccc(-c2cnc(C3CCN(c4ncnc5[nH]c(-c6cccnc6)cc45)CC3)[nH]2)cc1,train
CHEMBL5754519,COc1ccc(-c2cc3cc(NC(=O)c4[nH]nc(C)c4C)cnc3[nH]2)c(C)c1C,DAFQBVQZAQVEMC,-1,0,-1,O=C(Nc1cnc2[nH]c(-c3ccccc3)cc2c1)c1ccn[nH]1,train
CHEMBL5755070,Cc1ccc(CNC(=O)C2(C)CN(c3ncnn4cc(-c5ccc(OC(C)(C)C)cc5)cc34)C2)cc1,DLRSVKADYAUJGW,-1,1,-1,O=C(NCc1ccccc1)C1CN(c2ncnn3cc(-c4ccccc4)cc23)C1,train
CHEMBL5757316,COc1ccc(-c2[nH]c(C3CCN(c4ncnc5[nH]c(-c6ccc(C#N)cc6)cc45)CC3)nc2C(F)(F)F)cc1,XYOAUHVRZZZEPP,-1,1,-1,c1ccc(-c2cnc(C3CCN(c4ncnc5[nH]c(-c6ccccc6)cc45)CC3)[nH]2)cc1,train
CHEMBL5757513,Cc1n[nH]c(C(=O)Nc2cnc3[nH]c(-c4ccnc(N5CCN(C(=O)CC#N)CC5)c4)cc3c2)c1C,PHOSVOWKPODXCH,-1,0,-1,O=C(Nc1cnc2[nH]c(-c3ccnc(N4CCNCC4)c3)cc2c1)c1ccn[nH]1,train
CHEMBL5757582,C[C@H](NC(=O)C1CN(c2ncnn3cc(-c4cnn(CC5(C)COC5)c4)cc23)C1)c1ccc(F)cc1,NTLNZNLMWUUUQH,-1,1,-1,O=C(NCc1ccccc1)C1CN(c2ncnn3cc(-c4cnn(CC5COC5)c4)cc23)C1,train
CHEMBL5757589,Cn1cc(-c2cc3c(N4CC(C(=O)NCc5ccccc5)C4)ncnn3c2)cn1,IQCLESMUWZMGTB,-1,1,-1,O=C(NCc1ccccc1)C1CN(c2ncnn3cc(-c4cn[nH]c4)cc23)C1,train
CHEMBL5757731,COc1ccc2c(N3CCN(c4ncc(OCc5ccccc5)cn4)CC3)ncnc2c1,CXDZSSQMXTXAGF,-1,1,-1,c1ccc(COc2cnc(N3CCN(c4ncnc5ccccc45)CC3)nc2)cc1,train
CHEMBL5757818,COc1ccc(CNc2ccc(Nc3ccc4ncc(N5CCOCC5)nc4c3C#N)cc2OC)cc1,XNSWGSAERMZYBJ,-1,1,0,c1ccc(CNc2ccc(Nc3ccc4ncc(N5CCOCC5)nc4c3)cc2)cc1,train
CHEMBL5757943,CC(O)C(C)n1cc(-c2cc3c(N4CC(C(=O)N[C@@H](C)c5ccc(F)cc5)C4)ncnn3c2)cn1,ILRCHXJVAOQUDL,-1,1,-1,O=C(NCc1ccccc1)C1CN(c2ncnn3cc(-c4cn[nH]c4)cc23)C1,train
CHEMBL5758524,COc1cccc(-c2cc3c(N4CC(C(=O)NCc5ccc(C)cc5)C4)ncnn3c2)c1,CIFDJCHVOXCOAN,-1,1,-1,O=C(NCc1ccccc1)C1CN(c2ncnn3cc(-c4ccccc4)cc23)C1,train
CHEMBL5758946,CC[C@H](NC(=O)C1CN(c2ncnn3cc(-c4cn(C)nc4N)cc23)C1)c1ccc(Cl)cc1,SVIVUMVPBABKEH,-1,1,-1,O=C(NCc1ccccc1)C1CN(c2ncnn3cc(-c4cn[nH]c4)cc23)C1,train
CHEMBL5759084,COc1cc(-c2cc3c(N4CCC(c5nc(C)c(-c6ccc(OC)c(C)c6)[nH]5)CC4)ncnc3[nH]2)ccn1,MGVAMSGPNZQSTL,-1,1,-1,c1ccc(-c2cnc(C3CCN(c4ncnc5[nH]c(-c6ccncc6)cc45)CC3)[nH]2)cc1,train
CHEMBL5759819,COc1cc2ncnc(N3CCN(c4ncc(Nc5ccc(F)c(F)c5)cn4)CC3)c2cc1OC,YSHDSGGJUDBQGL,-1,1,-1,c1ccc(Nc2cnc(N3CCN(c4ncnc5ccccc45)CC3)nc2)cc1,train
CHEMBL5759851,CCOc1ncc(-c2cc3cc(NC(=O)c4[nH]nc(C)c4C)cnc3[nH]2)cn1,KWKCCMJSSNXYHJ,-1,0,-1,O=C(Nc1cnc2[nH]c(-c3cncnc3)cc2c1)c1ccn[nH]1,train
CHEMBL5759879,C[C@H](NC(=O)C1(C)CN(c2ncnn3cc(-c4cnn5c4CCC5)cc23)C1)c1ccc(F)cc1,SADIWRGEXQYPEL,-1,1,-1,O=C(NCc1ccccc1)C1CN(c2ncnn3cc(-c4cnn5c4CCC5)cc23)C1,train
CHEMBL5760555,COc1ccc(-c2[nH]c(C3(C)CCN(c4ncnc5[nH]c(-c6ccc(OCC(=O)O)cc6)cc45)CC3)nc2C)cc1F,WUFBSVWKXCMDKB,-1,1,-1,c1ccc(-c2cnc(C3CCN(c4ncnc5[nH]c(-c6ccccc6)cc45)CC3)[nH]2)cc1,train
CHEMBL5760600,Cc1n[nH]c(C(=O)Nc2cnc3[nH]c(C4=CCN(C(=O)N5CCOCC5)CC4)cc3c2)c1C,HGPWQALOHDNLFK,-1,0,-1,O=C(Nc1cnc2[nH]c(C3=CCN(C(=O)N4CCOCC4)CC3)cc2c1)c1ccn[nH]1,train
CHEMBL5760677,Cc1nn(C)cc1-c1cc2c(N3CC(C(=O)Nc4ccc(C#N)cc4)C3)ncnn2c1,TZLICQOHYRKFFT,-1,1,-1,O=C(Nc1ccccc1)C1CN(c2ncnn3cc(-c4cn[nH]c4)cc23)C1,train
CHEMBL5760737,Cc1ccc(CNC(=O)C2(C)CN(c3ncnn4cc(-c5ccc(C(=O)N6CCC6)cc5)cc34)C2)cc1,PNKYECHGYRDYIC,-1,1,-1,O=C(NCc1ccccc1)C1CN(c2ncnn3cc(-c4ccc(C(=O)N5CCC5)cc4)cc23)C1,train
CHEMBL5761263,COc1ccc(-c2[nH]c(C3(C)CCN(c4ncnc5[nH]c(-c6ccc(C(=O)O)cc6)cc45)CC3)nc2C)cc1F,UHAXWTPHHWQOIG,-1,1,-1,c1ccc(-c2cnc(C3CCN(c4ncnc5[nH]c(-c6ccccc6)cc45)CC3)[nH]2)cc1,train
CHEMBL5761743,CC[C@H](NC(=O)C1CN(c2ncnn3cc(-c4cnn(C)c4)cc23)C1)c1ccc(Cl)cc1,PWSMJUNGBRMCEB,-1,1,-1,O=C(NCc1ccccc1)C1CN(c2ncnn3cc(-c4cn[nH]c4)cc23)C1,train
CHEMBL5762393,COc1cc(Nc2ccc3ncc(N4CCOCC4)nc3c2C#N)ccc1OCc1ccc(C(F)(F)F)nc1,GLGIRXNABODBMP,-1,1,0,c1cncc(COc2ccc(Nc3ccc4ncc(N5CCOCC5)nc4c3)cc2)c1,train
CHEMBL5762683,CC[C@H](NC(=O)C1CN(c2ncnn3cc(-c4cnn(C5COC5)c4)cc23)C1)c1ccc(Cl)cc1,KYCMTLJSSNSQON,-1,1,-1,O=C(NCc1ccccc1)C1CN(c2ncnn3cc(-c4cnn(C5COC5)c4)cc23)C1,train
CHEMBL5763014,CCc1cc(-c2cc3cc(NC(=O)c4[nH]nc(C)c4C)cnc3[nH]2)ccn1,YPAAURGOAOGXJI,-1,0,-1,O=C(Nc1cnc2[nH]c(-c3ccncc3)cc2c1)c1ccn[nH]1,train
CHEMBL5763264,Cc1n[nH]c(C(=O)Nc2cnc3[nH]c(C4=CCN(C(=O)N5CCOCC5)CC4)cc3c2)c1Cl,GFNPPQMCTKALSY,-1,0,-1,O=C(Nc1cnc2[nH]c(C3=CCN(C(=O)N4CCOCC4)CC3)cc2c1)c1ccn[nH]1,train
CHEMBL5763834,COc1ccc(COc2ccc(Nc3ccc4ncc(N5CCOCC5)nc4c3C#N)cc2OC)c(F)c1,USWSVTRLQTWOSW,-1,1,0,c1ccc(COc2ccc(Nc3ccc4ncc(N5CCOCC5)nc4c3)cc2)cc1,train
CHEMBL5764306,Cn1cc(-c2cc3c(N4CC(C(=O)N[C@@H]5c6ccccc6C[C@@H]5O)C4)ncnn3c2)cn1,DCLUOMIMMZXRCT,-1,1,-1,O=C(NC1CCc2ccccc21)C1CN(c2ncnn3cc(-c4cn[nH]c4)cc23)C1,train
CHEMBL5764426,CCc1ccc(COc2ccc(Nc3ccc4ncc(N5CCOCC5)nc4c3C#N)cc2OC)cn1,NNZNDCFDUDBPMC,-1,1,0,c1cncc(COc2ccc(Nc3ccc4ncc(N5CCOCC5)nc4c3)cc2)c1,train
CHEMBL5765024,COc1cccc(-c2[nH]c(C3(C)CCN(c4ncnc5[nH]c(-c6cnn(C(F)F)c6)cc45)CC3)nc2C)c1,AZKLDWODAWFGSQ,-1,1,-1,c1ccc(-c2cnc(C3CCN(c4ncnc5[nH]c(-c6cn[nH]c6)cc45)CC3)[nH]2)cc1,train
CHEMBL5765417,Cn1cc(-c2cc3c(N4CC(NC(=O)Cc5ccc(Cl)cc5Cl)C4)ncnn3c2)cn1,JLMKYCUDRQHHLZ,-1,1,-1,O=C(Cc1ccccc1)NC1CN(c2ncnn3cc(-c4cn[nH]c4)cc23)C1,train
CHEMBL5765554,Cc1ccc(CC(=O)NC2CN(c3ncnn4cc(-c5cnn(C)c5)cc34)C2)cc1,QHHZUYVZTWRVRL,-1,1,-1,O=C(Cc1ccccc1)NC1CN(c2ncnn3cc(-c4cn[nH]c4)cc23)C1,train
CHEMBL5765570,COc1ncc(-c2cc3c(N4CCC(c5nc(C)c(-c6ccccc6)[nH]5)CC4)ncnc3[nH]2)cn1,QLHFEDYKFNEPFH,-1,0,-1,c1ccc(-c2cnc(C3CCN(c4ncnc5[nH]c(-c6cncnc6)cc45)CC3)[nH]2)cc1,train
CHEMBL5765890,Cc1n[nH]c(C(=O)Nc2cnc3[nH]c(-c4cc(F)cc(N5CCOCC5)c4)cc3c2)c1C,YWFHPYDHQQOVLH,-1,0,-1,O=C(Nc1cnc2[nH]c(-c3cccc(N4CCOCC4)c3)cc2c1)c1ccn[nH]1,train
CHEMBL5766148,COc1cc(-c2cc3c(N4CCC(c5nc(C(F)(F)F)c(-c6ccc(C)cc6)[nH]5)CC4)ncnc3[nH]2)ccn1,MSXDWISNENUDHL,-1,1,-1,c1ccc(-c2cnc(C3CCN(c4ncnc5[nH]c(-c6ccncc6)cc45)CC3)[nH]2)cc1,train
CHEMBL5766389,COc1cc2ncnc(N3CCN(c4ncc(O[C@H](C)c5ccccc5)cn4)CC3)c2cc1OC,UNUFFZFMDJHRCB,-1,1,-1,c1ccc(COc2cnc(N3CCN(c4ncnc5ccccc45)CC3)nc2)cc1,train
CHEMBL5766533,C[C@H](NC(=O)C1CN(c2ncnn3cc(-c4cnn(C5COC5)c4)cc23)C1)c1ccc(F)cc1,JATDHZZWTSMZNS,-1,1,-1,O=C(NCc1ccccc1)C1CN(c2ncnn3cc(-c4cnn(C5COC5)c4)cc23)C1,train
CHEMBL5766565,COc1ccc(COc2ccc(Nc3ccc4ncc(N5CCN(CCOC(C)=O)CC5)nc4c3C#N)cc2OC)cn1,IAVBANAUIJFOJN,-1,1,0,c1cncc(COc2ccc(Nc3ccc4ncc(N5CCNCC5)nc4c3)cc2)c1,train
CHEMBL5767307,CNCC1(C(=O)NCc2ccc(C)cc2)CN(c2ncnn3cc(-c4cnn(CC(C)(C)O)c4)cc23)C1,FQSPWHKPSUKIFX,-1,1,-1,O=C(NCc1ccccc1)C1CN(c2ncnn3cc(-c4cn[nH]c4)cc23)C1,train
CHEMBL5767639,COC1(C(=O)NCc2ccc(Br)cc2)CN(c2ncnn3cc(-c4cnn(C)c4)cc23)C1,MYLPTMKIYKCMNO,-1,1,-1,O=C(NCc1ccccc1)C1CN(c2ncnn3cc(-c4cn[nH]c4)cc23)C1,train
CHEMBL5767905,Cc1nc(C2(C)CCN(c3ncnc4[nH]c(-c5cnn(C(F)F)c5)cc34)CC2)[nH]c1-c1ccc(C(F)(F)F)cc1,MOWPOFIJZZDRJH,-1,1,-1,c1ccc(-c2cnc(C3CCN(c4ncnc5[nH]c(-c6cn[nH]c6)cc45)CC3)[nH]2)cc1,train
CHEMBL5768066,Cc1nn(C2CNC2)cc1-c1cc2cc(NC(=O)c3[nH]nc(C)c3C)cnc2[nH]1,LXFMFLKTKQCFPG,-1,0,-1,O=C(Nc1cnc2[nH]c(-c3cnn(C4CNC4)c3)cc2c1)c1ccn[nH]1,train
CHEMBL5768471,Cc1n[nH]c(C(=O)Nc2cnc3[nH]c(-c4cccc(N5CCNCC5)c4)cc3c2)c1C,HVLFJMPLKDVRBP,-1,0,-1,O=C(Nc1cnc2[nH]c(-c3cccc(N4CCNCC4)c3)cc2c1)c1ccn[nH]1,train
CHEMBL5768709,CC(=O)N1CC2(CCN(C(=O)Nc3ccc(Oc4ccnc(-c5cnn(C)c5)c4)cn3)C2=O)C1,MZPQDMUNWXBKLC,-1,1,-1,O=C(Nc1ccc(Oc2ccnc(-c3cn[nH]c3)c2)cn1)N1CCC2(CNC2)C1=O,train
CHEMBL5769521,CC[C@H](NC(=O)C1CN(c2ncnn3cc(-c4cnn(CC(C)(C)N)c4)cc23)C1)c1ccc(Cl)cc1,NHCMBEMFRQXCLE,-1,1,-1,O=C(NCc1ccccc1)C1CN(c2ncnn3cc(-c4cn[nH]c4)cc23)C1,train
CHEMBL5770160,Cc1n[nH]c(C(=O)Nc2cnc3[nH]c(-c4ccccc4OC(F)(F)F)cc3c2)c1C,UPJIESRCYLOTRD,-1,0,-1,O=C(Nc1cnc2[nH]c(-c3ccccc3)cc2c1)c1ccn[nH]1,train
CHEMBL5770592,CN1CCC(COc2ccc3ncnc(N4CCN(c5ncc(Cc6ccccc6)cn5)CC4)c3c2)CC1,DVRCQPYUOLUTIL,-1,1,-1,c1ccc(Cc2cnc(N3CCN(c4ncnc5ccc(OCC6CCNCC6)cc45)CC3)nc2)cc1,train
CHEMBL5770849,COC(=O)N1CC=C(c2cc3c(N4CC(C)(C(=O)NCc5ccc(C)cc5)C4)ncnn3c2)CC1,CYSDSNYGEYWYCD,-1,1,-1,O=C(NCc1ccccc1)C1CN(c2ncnn3cc(C4=CCNCC4)cc23)C1,train
CHEMBL5771231,Cc1nc(C2CCN(c3ncnc4[nH]c(-c5cccc(F)c5)cc34)CC2)[nH]c1-c1ccccc1,MQDKDUFKANYDDS,-1,1,-1,c1ccc(-c2cnc(C3CCN(c4ncnc5[nH]c(-c6ccccc6)cc45)CC3)[nH]2)cc1,train
CHEMBL5772124,COC(=O)N1CC=C(c2cc3c(N4CC(C)(C(=O)NCc5ccc(F)cc5)C4)ncnn3c2)CC1,QZWQQDNXEUJCJC,-1,1,-1,O=C(NCc1ccccc1)C1CN(c2ncnn3cc(C4=CCNCC4)cc23)C1,train
CHEMBL5772265,COc1cc2c(N3CCN(c4ncc(Cc5ccccc5)cn4)CC3)ncnc2cc1OC(F)F,WANCOPRARTVJLL,-1,1,-1,c1ccc(Cc2cnc(N3CCN(c4ncnc5ccccc45)CC3)nc2)cc1,train
CHEMBL5772426,Cc1ccc(CNC(=O)C2CN(c3ncnn4cc(-c5ccccc5)cc34)C2)cc1,HHJOFZLXRFSDJP,-1,1,-1,O=C(NCc1ccccc1)C1CN(c2ncnn3cc(-c4ccccc4)cc23)C1,train
CHEMBL5772834,COCc1ccc(COc2ccc(Nc3ccc4ncc(N5CCOCC5)nc4c3C#N)cc2OC)nc1,AYOKLOOUEVPQDU,-1,1,0,c1ccc(COc2ccc(Nc3ccc4ncc(N5CCOCC5)nc4c3)cc2)nc1,train
CHEMBL5773193,COc1cc(-c2cc3c(N4CCC(c5nc(C)c(-c6ccc(C)cc6)[nH]5)CC4)ncnc3[nH]2)ccn1,OERNQYALSNIEES,-1,1,-1,c1ccc(-c2cnc(C3CCN(c4ncnc5[nH]c(-c6ccncc6)cc45)CC3)[nH]2)cc1,train
CHEMBL5773631,Cc1nc(F)ccc1-c1cc2cc(NC(=O)c3[nH]nc(C)c3C)cnc2[nH]1,DRYWMGIZWJMROE,-1,0,-1,O=C(Nc1cnc2[nH]c(-c3cccnc3)cc2c1)c1ccn[nH]1,train
CHEMBL5774190,C[C@H](NC(=O)C1(O)CN(c2ncnn3cc(-c4cnn(C)c4)cc23)C1)c1ccc(Cl)cc1,DKYIFNVCRMQEEQ,-1,1,-1,O=C(NCc1ccccc1)C1CN(c2ncnn3cc(-c4cn[nH]c4)cc23)C1,train
CHEMBL5774524,Cc1ccc(-c2[nH]c(C3CCN(c4ncnc5[nH]c(-c6ccc(F)cc6)cc45)CC3)nc2C)s1,FKROJZFWZAIOKT,-1,1,-1,c1ccc(-c2cc3c(N4CCC(c5ncc(-c6cccs6)[nH]5)CC4)ncnc3[nH]2)cc1,train
CHEMBL5774866,Cc1nc(C2(C)CCN(c3ncnc4[nH]c(-c5ccc(N6CCOCC6)nc5)cc34)CC2)[nH]c1-c1ccc(OC(F)F)cc1,CCIUCEVYYYBLIQ,-1,1,-1,c1ccc(-c2cnc(C3CCN(c4ncnc5[nH]c(-c6ccc(N7CCOCC7)nc6)cc45)CC3)[nH]2)cc1,train
CHEMBL5776068,Cc1nc(C2CCN(c3ncnc4[nH]c(-c5cnn(C(F)F)c5)cc34)CC2)[nH]c1-c1ccccc1,RDMPWRMMTKATPY,-1,1,-1,c1ccc(-c2cnc(C3CCN(c4ncnc5[nH]c(-c6cn[nH]c6)cc45)CC3)[nH]2)cc1,train
CHEMBL5776500,Cn1cc(-c2cc(Oc3ccc(NC(=O)N4CCC5(CCCC(F)(F)C5)C4=O)nc3)ccn2)cn1,HKIJOVMUJUDWGI,-1,1,1,O=C(Nc1ccc(Oc2ccnc(-c3cn[nH]c3)c2)cn1)N1CCC2(CCCCC2)C1=O,train
CHEMBL5778393,CC[C@H](O)Cn1cc(-c2cc3c(N4CC(C(=O)N[C@@H](C)c5ccc(F)cc5)C4)ncnn3c2)cn1,GBFRIMDUYOOOIZ,-1,1,-1,O=C(NCc1ccccc1)C1CN(c2ncnn3cc(-c4cn[nH]c4)cc23)C1,train
CHEMBL5779033,COc1cc(Nc2ccc3ncc(N4CCOCC4)nc3c2C#N)ccc1OCc1ccc(C2CC2)nc1,UUZSLFFWJQHDMJ,-1,1,0,c1cc(C2CC2)ncc1COc1ccc(Nc2ccc3ncc(N4CCOCC4)nc3c2)cc1,train
CHEMBL5779336,COc1cc(-c2cc3c(N4CCC(c5nnc(-c6ccc(F)cc6)[nH]5)CC4)ncnc3[nH]2)ccn1,KNJZENWKKMZDGZ,-1,0,-1,c1ccc(-c2nnc(C3CCN(c4ncnc5[nH]c(-c6ccncc6)cc45)CC3)[nH]2)cc1,train
CHEMBL5780899,Cn1cc(-c2cc3c(N4CC(C(=O)N[C@H](c5ccc(Cl)cc5)C5CC5)C4)ncnn3c2)cn1,ZEWLZVUAWWGSMO,-1,1,-1,O=C(NC(c1ccccc1)C1CC1)C1CN(c2ncnn3cc(-c4cn[nH]c4)cc23)C1,train
CHEMBL5781324,COc1ccc(-c2[nH]c(C3CCN(c4ncnc5[nH]c(-c6ccc(C#N)cc6)cc45)CC3)nc2C)cc1,GDVGXWHYTKNEQZ,-1,1,-1,c1ccc(-c2cnc(C3CCN(c4ncnc5[nH]c(-c6ccccc6)cc45)CC3)[nH]2)cc1,train
CHEMBL5781873,COc1cc(Nc2ccc3ncc(N4CCN(C)CC4)nc3c2C#N)ccc1OCc1cccc(C#N)c1,HLNVNAZKYUJOHB,-1,1,0,c1ccc(COc2ccc(Nc3ccc4ncc(N5CCNCC5)nc4c3)cc2)cc1,train
CHEMBL5782371,CC[C@H](NC(=O)C1CN(c2ncnn3cc(-c4cnn([C@@H](C)C(C)(C)O)c4)cc23)C1)c1ccc(Cl)cc1,FKMCOMBDOWMXCA,-1,1,-1,O=C(NCc1ccccc1)C1CN(c2ncnn3cc(-c4cn[nH]c4)cc23)C1,train
CHEMBL5782434,CC(C)(O)Cn1cc(-c2cc3c(N4CC(C(=O)NCc5ccc(C(F)F)cc5)C4)ncnn3c2)cn1,ZPBBBAHJQQAECK,-1,1,-1,O=C(NCc1ccccc1)C1CN(c2ncnn3cc(-c4cn[nH]c4)cc23)C1,train
CHEMBL5783029,CCc1ccc(-c2[nH]c(C3CCN(c4ncnc5[nH]c(-c6ccnc(OC)c6)cc45)CC3)nc2C)cc1,XESUQYWWYYCGCD,-1,1,-1,c1ccc(-c2cnc(C3CCN(c4ncnc5[nH]c(-c6ccncc6)cc45)CC3)[nH]2)cc1,train
CHEMBL5784389,C[C@H](NC(=O)C1CN(c2ncnn3cc(-c4cnn(C)c4)cc23)C1)c1ccc(Cl)cc1,LHCRHURXVLLWBJ,-1,1,-1,O=C(NCc1ccccc1)C1CN(c2ncnn3cc(-c4cn[nH]c4)cc23)C1,train
CHEMBL5784862,CC[C@H](O)Cn1cc(-c2cc3c(N4CC(C(=O)N[C@@H](CC)c5ccc(Cl)cc5)C4)ncnn3c2)cn1,BRZUKDJBKVJYED,-1,1,-1,O=C(NCc1ccccc1)C1CN(c2ncnn3cc(-c4cn[nH]c4)cc23)C1,train
CHEMBL5784886,COc1ccc(-c2[nH]c(C3(C)CCN(c4ncnc5[nH]c(-c6cnn(C(F)F)c6)cc45)CC3)nc2C)cc1,LCIUEZDDMQAIOT,-1,1,-1,c1ccc(-c2cnc(C3CCN(c4ncnc5[nH]c(-c6cn[nH]c6)cc45)CC3)[nH]2)cc1,train
CHEMBL5785224,O=C(Nc1cnc2[nH]c(-c3ccccc3)cc2c1)c1[nH]ncc1Br,YHELYERGTXLNHM,-1,0,-1,O=C(Nc1cnc2[nH]c(-c3ccccc3)cc2c1)c1ccn[nH]1,train
CHEMBL5786987,CC[C@H](NC(=O)C1CN(c2ncnn3cc(-c4cnn(C)c4)cc23)C1)c1ccc(C2CC2)cc1,IIRGWYNYFKPIBM,-1,1,-1,O=C(NCc1ccc(C2CC2)cc1)C1CN(c2ncnn3cc(-c4cn[nH]c4)cc23)C1,train
CHEMBL5787628,Cn1cc(-c2cc3c(N4CC(C(=O)N[C@@H](CO)c5ccccc5)C4)ncnn3c2)cn1,HQUCYTISNGOUBN,-1,1,-1,O=C(NCc1ccccc1)C1CN(c2ncnn3cc(-c4cn[nH]c4)cc23)C1,train
CHEMBL5788657,COc1cc(Nc2ccc3ncc(N4CCOCC4)nc3c2C#N)ccc1OCc1cc(C)on1,NHZFRJHDBYFYKZ,-1,1,0,c1cc(COc2ccc(Nc3ccc4ncc(N5CCOCC5)nc4c3)cc2)no1,train
CHEMBL5789372,Cn1cc(-c2cc(Oc3ccc(NC(=O)N4CCC5(CN(S(C)(=O)=O)C5)C4=O)nc3)ccn2)cn1,KRCPKGPVOUOHOW,-1,1,-1,O=C(Nc1ccc(Oc2ccnc(-c3cn[nH]c3)c2)cn1)N1CCC2(CNC2)C1=O,train
CHEMBL5789825,Cn1cc(-c2cc3c(N4CC(C(=O)NCc5ccc(C(F)(F)F)cc5)C4)ncnn3c2)cn1,QJLKTBLWVOYZNE,-1,1,-1,O=C(NCc1ccccc1)C1CN(c2ncnn3cc(-c4cn[nH]c4)cc23)C1,train
CHEMBL5790221,CC(C)(O)Cn1cc(-c2cc3c(N4CC(C(=O)NCc5ccc(F)cc5F)C4)ncnn3c2)cn1,RIFHIEZQEBCIMV,-1,1,-1,O=C(NCc1ccccc1)C1CN(c2ncnn3cc(-c4cn[nH]c4)cc23)C1,train
CHEMBL5790830,Cc1nc(C2(C)CCN(c3ncnc4[nH]c(-c5ccc(C#N)cc5)cc34)CC2)[nH]c1-c1ccc(C(F)(F)F)cc1,OGJNUQMCGXFAGN,-1,1,-1,c1ccc(-c2cnc(C3CCN(c4ncnc5[nH]c(-c6ccccc6)cc45)CC3)[nH]2)cc1,train
CHEMBL5790962,COc1cc2ncnc(N3CCN(c4ncc(Nc5ccccc5)cn4)CC3)c2cc1OC,XJMUYAWLYSATCP,-1,1,-1,c1ccc(Nc2cnc(N3CCN(c4ncnc5ccccc45)CC3)nc2)cc1,train
CHEMBL5791058,CC[C@H](NC(=O)C1CN(c2ncnn3cc(-c4cnn(CCC(C)(C)O)c4)cc23)C1)c1ccc(Cl)cc1,MLYREPYYWSJZQA,-1,1,-1,O=C(NCc1ccccc1)C1CN(c2ncnn3cc(-c4cn[nH]c4)cc23)C1,train
CHEMBL5791101,COC1(C(=O)NCc2ccc(C)cc2)CN(c2ncnn3cc(C4=CCOCC4)cc23)C1,FGNMWFSPXWNXMD,-1,1,-1,O=C(NCc1ccccc1)C1CN(c2ncnn3cc(C4=CCOCC4)cc23)C1,train
CHEMBL5792199,COc1cc2ncnc(N3CCN(c4ncc(Cc5ccccc5)cn4)CC3)c2cc1OC1CCN(C)CC1,GEFHBSOYXAJOSU,-1,1,-1,c1ccc(Cc2cnc(N3CCN(c4ncnc5ccc(OC6CCNCC6)cc45)CC3)nc2)cc1,train
CHEMBL5792278,CC[C@H](NC(=O)C1(OC)CN(c2ncnn3cc(-c4cnn(C)c4)cc23)C1)c1ccc(Cl)cc1,YUQWIBUHWLRUIH,-1,1,-1,O=C(NCc1ccccc1)C1CN(c2ncnn3cc(-c4cn[nH]c4)cc23)C1,train
CHEMBL5793911,Cc1ccc(CNC(=O)C2CN(c3ncnn4cc(-c5cn[nH]c5)cc34)C2)cc1,OALOPMIYISQKEH,-1,1,-1,O=C(NCc1ccccc1)C1CN(c2ncnn3cc(-c4cn[nH]c4)cc23)C1,train
CHEMBL5794827,C[C@H](O)Cn1cc(-c2cc3c(N4CC(C(=O)Nc5ccc(C#N)cc5)C4)ncnn3c2)cn1,AKCZPRSFGWYCEH,-1,1,-1,O=C(Nc1ccccc1)C1CN(c2ncnn3cc(-c4cn[nH]c4)cc23)C1,train
CHEMBL5795183,CC(C)Oc1ccc(-c2cc3c(N4CC(C(=O)N[C@@H](C)c5ccc(F)cc5)C4)ncnn3c2)cc1,JAQYVBWGWXLBAK,-1,1,-1,O=C(NCc1ccccc1)C1CN(c2ncnn3cc(-c4ccccc4)cc23)C1,train
CHEMBL5795485,COc1cc2c(N3CCN(c4ncc(Cc5ccccc5)cn4)CC3)ncnc2cc1OCC(O)CO,OUWTYHAQOSSSQH,-1,1,-1,c1ccc(Cc2cnc(N3CCN(c4ncnc5ccccc45)CC3)nc2)cc1,train
CHEMBL5795617,CCOc1ccc(-c2[nH]c(C3(C)CCN(c4ncnc5[nH]c(-c6ccc(NS(C)(=O)=O)cc6)cc45)CC3)nc2C)cc1,UQXDABWERYDSEM,-1,1,-1,c1ccc(-c2cnc(C3CCN(c4ncnc5[nH]c(-c6ccccc6)cc45)CC3)[nH]2)cc1,train
CHEMBL5795835,COc1ccc(COc2ccc(Nc3ccc4ncc(N5CCOCC5)nc4c3C#N)cc2OC)cn1,VNSCNVJYIAKUAY,-1,1,0,c1cncc(COc2ccc(Nc3ccc4ncc(N5CCOCC5)nc4c3)cc2)c1,train
CHEMBL5795870,Cc1ccc(CNC(=O)C2CN(c3ncnn4cc(-c5ccc(OC(C)(C)C)c(F)c5)cc34)C2)cc1,HXIBWNUCKKFOCM,-1,1,-1,O=C(NCc1ccccc1)C1CN(c2ncnn3cc(-c4ccccc4)cc23)C1,train
CHEMBL5795912,Cc1nn(C)cc1-c1cc2cc(NC(=O)c3[nH]nc(C)c3C)cnc2[nH]1,MECCOYDVHRHANF,-1,0,-1,O=C(Nc1cnc2[nH]c(-c3cn[nH]c3)cc2c1)c1ccn[nH]1,train
CHEMBL5796393,Cc1[nH]nc(C(=O)Nc2cnc3[nH]c(C4=CCN(C(=O)C5CC5)CC4)cc3c2)c1C,JGPRYNDDLWZGLB,-1,0,-1,O=C(Nc1cnc2[nH]c(C3=CCN(C(=O)C4CC4)CC3)cc2c1)c1cc[nH]n1,train
CHEMBL5796903,COc1ccc(COc2cnc(N3CCN(c4ncnc5cc(OC)c(OC)cc45)CC3)nc2)cc1,GRWHKCHYCQUBNB,-1,1,-1,c1ccc(COc2cnc(N3CCN(c4ncnc5ccccc45)CC3)nc2)cc1,train
CHEMBL5798357,CNCC1(C(=O)NCc2ccc(C)cc2)CN(c2ncnn3cc(-c4cn(C)nc4N)cc23)C1,HQOLWGNPBFUFQG,-1,1,-1,O=C(NCc1ccccc1)C1CN(c2ncnn3cc(-c4cn[nH]c4)cc23)C1,train
CHEMBL5798642,O=C(Nc1cnc2[nH]c(-c3ccc(F)cc3)cc2c1)c1n[nH]c2c1CCC2,BUQGWUMTQXVGLF,-1,0,-1,O=C(Nc1cnc2[nH]c(-c3ccccc3)cc2c1)c1n[nH]c2c1CCC2,train
CHEMBL5798807,CCC(C)(O)c1ccc(-c2cc3c(N4CC(C(=O)N[C@@H](C)c5ccc(F)cc5)C4)ncnn3c2)cc1,DXQLPZUPFVZHCE,-1,1,-1,O=C(NCc1ccccc1)C1CN(c2ncnn3cc(-c4ccccc4)cc23)C1,train
CHEMBL5798901,Cc1ccc(CNC(=O)C2CN(c3ncnn4cc(-c5ccc(OC(F)(F)F)cc5)cc34)C2)cc1,CFVODBKZUJWAAC,-1,1,-1,O=C(NCc1ccccc1)C1CN(c2ncnn3cc(-c4ccccc4)cc23)C1,train
CHEMBL5799194,COc1ccc(-c2cc3c(N4CC(C(=O)NCc5ccc(C)cc5)C4)ncnn3c2)cn1,OZPJLRWSLSQBOA,-1,1,-1,O=C(NCc1ccccc1)C1CN(c2ncnn3cc(-c4cccnc4)cc23)C1,train
CHEMBL5800175,Cc1nc(C2(C)CCN(c3ncnc4[nH]c(-c5ccc(N6CCOCC6)nc5)cc34)CC2)[nH]c1-c1ccc(C(F)F)cc1,QUFWAZNNUPOBJP,-1,1,-1,c1ccc(-c2cnc(C3CCN(c4ncnc5[nH]c(-c6ccc(N7CCOCC7)nc6)cc45)CC3)[nH]2)cc1,train
CHEMBL5800264,COc1cc2ncnc(N3CCN(c4ncc(Cc5ccccc5)cn4)CC3)c2cc1OC[C@@H]1CNCCO1,IISKUFHJBAJAGW,-1,1,-1,c1ccc(Cc2cnc(N3CCN(c4ncnc5ccc(OCC6CNCCO6)cc45)CC3)nc2)cc1,train
CHEMBL5800905,CCC1(c2nc(C)c(-c3ccc(OC)c(C)c3)[nH]2)CCN(c2ncnc3[nH]c(-c4ccc(F)cc4)cc23)CC1,SBGBJYPOZCYWDH,-1,1,-1,c1ccc(-c2cnc(C3CCN(c4ncnc5[nH]c(-c6ccccc6)cc45)CC3)[nH]2)cc1,train
CHEMBL5801373,CC[C@H](NC(=O)C1CN(c2ncnn3cc(-c4cnn(C[C@@H](O)C(F)(F)F)c4)cc23)C1)c1ccc(Cl)cc1,ZULSKOLESWZORM,-1,1,-1,O=C(NCc1ccccc1)C1CN(c2ncnn3cc(-c4cn[nH]c4)cc23)C1,train
CHEMBL5802517,COc1cc(Nc2ccc3ncc(N4CCOCC4)nc3c2C#N)ccc1OCc1ccc(C(F)F)nc1,NODMODCLSXJPMW,-1,1,0,c1cncc(COc2ccc(Nc3ccc4ncc(N5CCOCC5)nc4c3)cc2)c1,train
CHEMBL5803430,Cc1n[nH]c(C(=O)Nc2cnc3[nH]c(-c4ccc(F)cc4)cc3c2)c1F,DLRQYXQXZODPMC,-1,0,-1,O=C(Nc1cnc2[nH]c(-c3ccccc3)cc2c1)c1ccn[nH]1,train
CHEMBL5803737,CCC(=O)N1CC=C(c2cc3c(N4CC(C)(C(=O)N[C@@H](CCO)c5ccc(Cl)cc5)C4)ncnn3c2)CC1,UXWPDOLFXVMDDO,-1,1,-1,O=C(NCc1ccccc1)C1CN(c2ncnn3cc(C4=CCNCC4)cc23)C1,train
CHEMBL5803908,CCOc1cc(-c2[nH]c(C3CCN(c4ncnc5[nH]c(C)cc45)CC3)nc2C)ccc1C,UFVLEXBDMCNDKQ,-1,1,-1,c1ccc(-c2cnc(C3CCN(c4ncnc5[nH]ccc45)CC3)[nH]2)cc1,train
CHEMBL5804406,CCOc1ccc(-c2[nH]c(C3(C)CCN(c4ncnc5[nH]c(-c6ccc(N7CCOCC7)nc6)cc45)CC3)nc2C)cc1,HWFHXWQROAIZQA,-1,1,-1,c1ccc(-c2cnc(C3CCN(c4ncnc5[nH]c(-c6ccc(N7CCOCC7)nc6)cc45)CC3)[nH]2)cc1,train
CHEMBL5804510,Cc1n[nH]c(C(=O)Nc2cnc3[nH]c(-c4ccc(C(=O)NC5CC5)cc4)cc3c2)c1C,JVXRCXSJPPSZFB,-1,0,-1,O=C(NC1CC1)c1ccc(-c2cc3cc(NC(=O)c4ccn[nH]4)cnc3[nH]2)cc1,train
CHEMBL5804557,CCC(=O)N1CC=C(c2cc3c(N4CC(C)(C(=O)NCc5ccc(C)cc5)C4)ncnn3c2)CC1,ODQBSMOOMFXVSC,-1,1,-1,O=C(NCc1ccccc1)C1CN(c2ncnn3cc(C4=CCNCC4)cc23)C1,train
CHEMBL5804882,COC1(C(=O)NCc2ccc(C)cc2)CN(c2ncnn3cc(-c4ccc(OC(C)(C)C)cc4)cc23)C1,GMIBNCNIFYPMOL,-1,1,-1,O=C(NCc1ccccc1)C1CN(c2ncnn3cc(-c4ccccc4)cc23)C1,train
CHEMBL5804899,Cc1nc(NC(=O)N2CCC3(CCC(F)(F)CC3)C2=O)ccc1Oc1ccnc(-c2cnn(C)c2)c1,XOSIKVLXVWWHON,-1,1,0,O=C(Nc1ccc(Oc2ccnc(-c3cn[nH]c3)c2)cn1)N1CCC2(CCCCC2)C1=O,train
CHEMBL5807037,COc1cc(-c2cc3c(N4CCC(c5nc(C)c(-c6ccc7c(c6)OCO7)[nH]5)CC4)ncnc3[nH]2)ccn1,JDMVNYHSFNWFOZ,-1,1,-1,c1cc(-c2cc3c(N4CCC(c5ncc(-c6ccc7c(c6)OCO7)[nH]5)CC4)ncnc3[nH]2)ccn1,train
CHEMBL5807388,C[C@H](NC(=O)C1CN(c2ncnn3cc(-c4ccc(C(=O)N5CCC5)cc4)cc23)C1)c1ccc(F)cc1,VFUCYOOBZRVBGE,-1,1,-1,O=C(NCc1ccccc1)C1CN(c2ncnn3cc(-c4ccc(C(=O)N5CCC5)cc4)cc23)C1,train
CHEMBL5807398,COc1cc(Nc2ccc3ncc(N4C[C@@H](C)O[C@@H](C)C4)nc3c2C#N)ccc1OCc1ccc(C)nc1,DVOFJYPPSVNZLF,-1,1,0,c1cncc(COc2ccc(Nc3ccc4ncc(N5CCOCC5)nc4c3)cc2)c1,train
CHEMBL5807514,C[C@H](NC(=O)C1(C)CN(c2ncnn3cc(-c4cnn(C)c4)cc23)C1)c1ccc(F)cc1,WMMRUTOCHONUPF,-1,1,-1,O=C(NCc1ccccc1)C1CN(c2ncnn3cc(-c4cn[nH]c4)cc23)C1,train
CHEMBL5808767,Cn1cc(-c2cc3c(N4CC(NC(=O)Cc5ccc(Cl)cc5)C4)ncnn3c2)cn1,LGFMFFBDIOHQNX,-1,1,-1,O=C(Cc1ccccc1)NC1CN(c2ncnn3cc(-c4cn[nH]c4)cc23)C1,train
CHEMBL5808938,O=C(N[C@@H](CCO)c1ccc(Cl)cc1)C1CN(c2ncnn3cc(-c4cnn5c4CCC5)cc23)C1,WGXSSUCXGVNGHX,-1,1,-1,O=C(NCc1ccccc1)C1CN(c2ncnn3cc(-c4cnn5c4CCC5)cc23)C1,train
CHEMBL5809247,COc1cc2ncnc(N3CCN(c4ncc(OCc5cccc(C)c5)cn4)CC3)c2cc1OC,BAFRFOMJINMBBT,-1,1,-1,c1ccc(COc2cnc(N3CCN(c4ncnc5ccccc45)CC3)nc2)cc1,train
CHEMBL5809656,Cc1n[nH]c(C(=O)Nc2cnc3[nH]c(-c4cccc(N5CCCC5)c4)cc3c2)c1C,PIXCOXGTTKNYFB,-1,0,-1,O=C(Nc1cnc2[nH]c(-c3cccc(N4CCCC4)c3)cc2c1)c1ccn[nH]1,train
CHEMBL5811130,Cc1nc(C2CCN(c3ncnc4[nH]c(-c5ccc(C#N)cc5)cc34)CC2)[nH]c1-c1ccc(Cl)cc1,PTKQOUMYZFZNBP,-1,1,-1,c1ccc(-c2cnc(C3CCN(c4ncnc5[nH]c(-c6ccccc6)cc45)CC3)[nH]2)cc1,train
CHEMBL5811143,C[C@H](NC(=O)C1CN(c2ncnn3cc(-c4cnn(C)c4)cc23)C1)c1ccc(F)cc1,WZQCPZYMHLPCHI,-1,1,-1,O=C(NCc1ccccc1)C1CN(c2ncnn3cc(-c4cn[nH]c4)cc23)C1,train
CHEMBL5812005,Cc1nn(C)cc1-c1cc2c(N3CC(C(=O)N[C@@H](C)c4ccc(F)cc4)C3)ncnn2c1,PALJLNWCSTWRRB,-1,1,-1,O=C(NCc1ccccc1)C1CN(c2ncnn3cc(-c4cn[nH]c4)cc23)C1,train
CHEMBL5812589,COc1ccc(COc2ccc(Nc3ccc4ncc(N(C)C)nc4c3C#N)cc2OC)cn1,YIBMUCRGWAYEHF,-1,1,0,c1cncc(COc2ccc(Nc3ccc4nccnc4c3)cc2)c1,train
CHEMBL5812615,C[C@H](NC(=O)C1CN(c2ncnn3cc(-c4ccc(OC5CC5)cc4)cc23)C1)c1ccccc1,NNWXNQRLZCLOMT,-1,1,-1,O=C(NCc1ccccc1)C1CN(c2ncnn3cc(-c4ccc(OC5CC5)cc4)cc23)C1,train
CHEMBL5813104,CC[C@H](NC(=O)C1CN(c2ncnn3cc(-c4ccc(OC(C)C)cc4)cc23)C1)c1ccc(Cl)cc1,CMZBTVJLLZPZAD,-1,1,-1,O=C(NCc1ccccc1)C1CN(c2ncnn3cc(-c4ccccc4)cc23)C1,train
CHEMBL5813969,Cc1nc(C2(C)CCN(c3ncnc4[nH]c(-c5ccc(C#N)cc5)cc34)CC2)[nH]c1-c1ccc2c(c1)OCO2,ZCQLSWHXBYCYDI,-1,1,-1,c1ccc(-c2cc3c(N4CCC(c5ncc(-c6ccc7c(c6)OCO7)[nH]5)CC4)ncnc3[nH]2)cc1,train
CHEMBL5814399,C[C@H](NC(=O)C1CN(c2ncnn3cc(-c4ccc(C5(O)CCC5)cc4)cc23)C1)c1ccc(F)cc1,GNGLRFHKEWMVIX,-1,1,-1,O=C(NCc1ccccc1)C1CN(c2ncnn3cc(-c4ccc(C5CCC5)cc4)cc23)C1,train
CHEMBL5814498,CC[C@H](NC(=O)C1CN(c2ncnn3cc(-c4cnn(C)c4N)cc23)C1)c1ccc(Cl)cc1,XBZTUCOUGIMKKG,-1,1,-1,O=C(NCc1ccccc1)C1CN(c2ncnn3cc(-c4cn[nH]c4)cc23)C1,train
CHEMBL5814625,CCOc1ccc(-c2[nH]c(C3(C)CCN(c4ncnc5[nH]c(-c6ccc(C#N)cc6)cc45)CC3)nc2C)cc1C,BYZSEMWPCHCVAK,-1,1,-1,c1ccc(-c2cnc(C3CCN(c4ncnc5[nH]c(-c6ccccc6)cc45)CC3)[nH]2)cc1,train
CHEMBL5815122,COc1cc2ncnc(N3CCN(c4ncc(Nc5ccccc5)cn4)[C@H](C)C3)c2cc1OC,MBIYBXSDJQVJNH,-1,1,-1,c1ccc(Nc2cnc(N3CCN(c4ncnc5ccccc45)CC3)nc2)cc1,train
CHEMBL5815160,CC[C@H](NC(=O)C1CN(c2ncnn3cc(-c4cnn(C(C)(C)CO)c4)cc23)C1)c1ccc(Cl)cc1,BEKLWLNUBMMVPQ,-1,1,-1,O=C(NCc1ccccc1)C1CN(c2ncnn3cc(-c4cn[nH]c4)cc23)C1,train
CHEMBL5815182,COc1ccc(-c2cc3c(N4CC(C(=O)NC(CO)c5ccccc5)C4)ncnn3c2)cc1,HBVBEZQEXNHAAX,-1,1,-1,O=C(NCc1ccccc1)C1CN(c2ncnn3cc(-c4ccccc4)cc23)C1,train
CHEMBL5815524,Cc1ccc(CNC(=O)C2CN(c3ncnn4cc(-c5ccc(OC(C)(C)C)cc5)cc34)C2)cc1,WSOSCRQHHKGILZ,-1,1,-1,O=C(NCc1ccccc1)C1CN(c2ncnn3cc(-c4ccccc4)cc23)C1,train
CHEMBL5816553,Cc1nc(C2CCN(c3ncnc4[nH]c(-c5cnn(C(F)F)c5)cc34)CC2)[nH]c1-c1ccc2c(c1)OCO2,BOAMYZQBQLVQHA,-1,1,-1,c1nc(N2CCC(c3ncc(-c4ccc5c(c4)OCO5)[nH]3)CC2)c2cc(-c3cn[nH]c3)[nH]c2n1,train
CHEMBL5817579,Cc1n[nH]c(C(=O)Nc2cnc3[nH]c(-c4cccc(C(=O)O)c4C)cc3c2)c1C,CLEFTSGPJIXONL,-1,0,-1,O=C(Nc1cnc2[nH]c(-c3ccccc3)cc2c1)c1ccn[nH]1,train
CHEMBL5817710,Cc1nc(C2CCN(c3ncnc4[nH]c(-c5ccc(F)cc5)cc34)CC2)[nH]c1-c1ccc(F)cc1,DIPFMJMNOUACNS,-1,1,-1,c1ccc(-c2cnc(C3CCN(c4ncnc5[nH]c(-c6ccccc6)cc45)CC3)[nH]2)cc1,train
CHEMBL5817884,Cc1ccc(CNC(=O)C2CN(c3ncnn4cc(-c5cnn(C)c5)cc34)C2)c(F)c1,WLHLTUMHZYWFBN,-1,1,-1,O=C(NCc1ccccc1)C1CN(c2ncnn3cc(-c4cn[nH]c4)cc23)C1,train
CHEMBL5818582,CCc1ccc(-c2[nH]c(C3(C)CCN(c4ncnc5[nH]c(C)cc45)CC3)nc2C)cc1,LJHLAKULNSXXBB,-1,1,-1,c1ccc(-c2cnc(C3CCN(c4ncnc5[nH]ccc45)CC3)[nH]2)cc1,train
CHEMBL5818611,CCc1ccc(COc2ccc(Nc3ccc4ncc(N5CCOCC5)nc4c3C#N)cc2OC)cc1,LWNRPSSDMNPDAI,-1,1,1,c1ccc(COc2ccc(Nc3ccc4ncc(N5CCOCC5)nc4c3)cc2)cc1,train
CHEMBL5818961,CC[C@H](NC(=O)C1CN(c2ncnn3cc(-c4cnn(CC(C)(C)O)c4)cc23)C1)c1ccc(Cl)cc1,ZRNSIMIBVYQBGC,-1,1,-1,O=C(NCc1ccccc1)C1CN(c2ncnn3cc(-c4cn[nH]c4)cc23)C1,train
CHEMBL5820465,COc1ccc(-c2[nH]c(C3(C)CCN(c4ncnc5[nH]c(-c6ccc(F)cc6)cc45)CC3)nc2C)cc1,YOHNBLNTQOPIOB,-1,1,-1,c1ccc(-c2cnc(C3CCN(c4ncnc5[nH]c(-c6ccccc6)cc45)CC3)[nH]2)cc1,train
CHEMBL5820799,Cc1cc(Cl)ccc1-c1cc2cc(NC(=O)c3[nH]nc(C)c3C)cnc2[nH]1,DTIIBNIEFCPILA,-1,0,-1,O=C(Nc1cnc2[nH]c(-c3ccccc3)cc2c1)c1ccn[nH]1,train
CHEMBL5821314,CC(C)(O)c1ccc(-c2cc3c(N4CC(C(=O)Nc5ccc(Br)cc5)C4)ncnn3c2)cc1,XCMNNJFXTADFEI,-1,1,-1,O=C(Nc1ccccc1)C1CN(c2ncnn3cc(-c4ccccc4)cc23)C1,train
CHEMBL5821499,COc1ccc(-c2[nH]c(C3(C)CCN(c4ncnc5[nH]c(-c6ccc(C(N)=O)cc6)cc45)CC3)nc2C)cc1F,FHUHGWABJVNGMR,-1,1,-1,c1ccc(-c2cnc(C3CCN(c4ncnc5[nH]c(-c6ccccc6)cc45)CC3)[nH]2)cc1,train
CHEMBL5822776,CCc1ccc(-c2[nH]c(C3CCN(c4ncnc5[nH]c(-c6ccc(F)cc6)cc45)CC3)nc2C)cc1,APKJJNIOJRESIW,-1,1,-1,c1ccc(-c2cnc(C3CCN(c4ncnc5[nH]c(-c6ccccc6)cc45)CC3)[nH]2)cc1,train
CHEMBL5823065,COc1ccc(COc2ccc(Nc3ccc4ncc(NC(C)C)nc4c3C#N)cc2OC)cc1,SZXUPJBFNOCMSK,-1,1,0,c1ccc(COc2ccc(Nc3ccc4nccnc4c3)cc2)cc1,train
CHEMBL5823207,COc1ccc(-c2[nH]c(C3(C)CCN(c4ncnc5[nH]c(-c6ccc(C(N)=O)cc6)cc45)CC3)nc2C)cc1C,ZYDACBHJDYSEJA,-1,1,-1,c1ccc(-c2cnc(C3CCN(c4ncnc5[nH]c(-c6ccccc6)cc45)CC3)[nH]2)cc1,train
CHEMBL5825099,Cc1ccc(CNC(=O)C2CN(c3ncnn4cc(-c5cn(C)nc5C)cc34)C2)cc1,YUGDIGCBBLPMTI,-1,1,-1,O=C(NCc1ccccc1)C1CN(c2ncnn3cc(-c4cn[nH]c4)cc23)C1,train
CHEMBL5825366,COc1cc2c(N3CCN(c4ncc(Br)cn4)CC3)ncnc2cc1OCCCN1CCCC1,PGHHXTVRQFQYSL,-1,1,-1,c1cnc(N2CCN(c3ncnc4cc(OCCCN5CCCC5)ccc34)CC2)nc1,train
CHEMBL5825647,CCOc1ccc(-c2[nH]c(C3(C)CCN(c4ncnc5[nH]c(-c6ccc(OCC(=O)O)cc6)cc45)CC3)nc2C)cc1,ZAAVKZGDAAIWNU,-1,1,-1,c1ccc(-c2cnc(C3CCN(c4ncnc5[nH]c(-c6ccccc6)cc45)CC3)[nH]2)cc1,train
CHEMBL5826508,COc1ccc2ncnc(N3CCN(c4ncc(Cc5ccccc5)cn4)[C@H](C)C3)c2c1,FTTMVCFBQNVNHO,-1,1,-1,c1ccc(Cc2cnc(N3CCN(c4ncnc5ccccc45)CC3)nc2)cc1,train
CHEMBL5826516,COc1cc2ncnc(N3CCN(c4ncc(OCc5ccccc5)cn4)C(C)C3)c2cc1OC,CDAOBYWVHPPANN,-1,1,-1,c1ccc(COc2cnc(N3CCN(c4ncnc5ccccc45)CC3)nc2)cc1,train
CHEMBL5826809,COc1cc2ncnc(N3CCN(c4ncc(Cc5ccccc5)cn4)CC3)c2cc1OC1CCN(CCO)CC1,HHFAYQXYBTYTDE,-1,1,-1,c1ccc(Cc2cnc(N3CCN(c4ncnc5ccc(OC6CCNCC6)cc45)CC3)nc2)cc1,train
CHEMBL5827369,Cc1n[nH]c(C(=O)Nc2cnc3[nH]c(-c4ccccc4)nc3c2)c1Cl,SRNJRHCRODYTPH,-1,0,-1,O=C(Nc1cnc2[nH]c(-c3ccccc3)nc2c1)c1ccn[nH]1,train
CHEMBL5828280,C[C@H](NC(=O)C1(C)CN(c2ncnn3cc(-c4cnn(C)c4)cc23)C1)c1ccc(Cl)cc1,ZFVRYGAWVLRUJW,-1,1,-1,O=C(NCc1ccccc1)C1CN(c2ncnn3cc(-c4cn[nH]c4)cc23)C1,train
CHEMBL5829389,COc1ccc(COc2ccc(Nc3ccc4ncc(N5CCN(C)CC5)nc4c3C#N)cc2OC)cc1,FJBKDKXPGVCZGW,-1,1,-1,c1ccc(COc2ccc(Nc3ccc4ncc(N5CCNCC5)nc4c3)cc2)cc1,train
CHEMBL5829430,COc1cc2ncnc(N3CCN(c4ncc(Cc5ccccc5)cn4)CC3)c2cc1OCCN1CCNCC1,ZWFIFRPBABLJQG,-1,1,-1,c1ccc(Cc2cnc(N3CCN(c4ncnc5ccc(OCCN6CCNCC6)cc45)CC3)nc2)cc1,train
CHEMBL5829558,CC(C)(C)OC(=O)N1CC=C(c2cc3c(N4CC(C)(C(=O)N[C@@H](CCO)c5ccc(Cl)cc5)C4)ncnn3c2)CC1,ILPGCZIYNYEDAB,-1,1,-1,O=C(NCc1ccccc1)C1CN(c2ncnn3cc(C4=CCNCC4)cc23)C1,train
CHEMBL5829667,Cc1n[nH]c(C(=O)Nc2cnc(Nc3ccccc3)nc2)c1C,JWFAADHRYYGPOF,-1,0,-1,O=C(Nc1cnc(Nc2ccccc2)nc1)c1ccn[nH]1,train
CHEMBL5831087,COC(=O)N1CC=C(c2cc3c(N4CC(OC)(C(=O)NCc5ccc(C)cc5)C4)ncnn3c2)CC1,HTYJEJDDNCFJBH,-1,1,-1,O=C(NCc1ccccc1)C1CN(c2ncnn3cc(C4=CCNCC4)cc23)C1,train
CHEMBL5832122,Cc1ccc(-c2cc3c(N4CCC(c5nc(C)c(-c6ccccc6)[nH]5)CC4)ncnc3[nH]2)cn1,NWYQYIYQJRFGHJ,-1,1,-1,c1ccc(-c2cnc(C3CCN(c4ncnc5[nH]c(-c6cccnc6)cc45)CC3)[nH]2)cc1,train
CHEMBL5834205,Cc1n[nH]c(C(=O)Nc2cnc3[nH]c(-c4cccc(N(C)C)c4)cc3c2)c1C,JJYSSUACIAMIQY,-1,0,-1,O=C(Nc1cnc2[nH]c(-c3ccccc3)cc2c1)c1ccn[nH]1,train
CHEMBL5834351,Cc1n[nH]c(C(=O)Nc2cnc3[nH]c(-c4cccc(C(=O)NCC(C)C)c4)cc3c2)c1C,GCJJJICUPHIRCU,-1,0,-1,O=C(Nc1cnc2[nH]c(-c3ccccc3)cc2c1)c1ccn[nH]1,train
CHEMBL5834516,COC1(C(=O)NCc2ccc(C)cc2)CN(c2ncnn3cc(-c4ccc(S(C)(=O)=O)cc4)cc23)C1,ZDKQTHHEORFHKS,-1,1,-1,O=C(NCc1ccccc1)C1CN(c2ncnn3cc(-c4ccccc4)cc23)C1,train
CHEMBL5834635,Cn1cc(-c2cc(Oc3ccc(NC(=O)N4CCC5(CCCC5)C4=O)nc3)ccn2)cn1,NLZDIXVVUFRBAV,-1,1,-1,O=C(Nc1ccc(Oc2ccnc(-c3cn[nH]c3)c2)cn1)N1CCC2(CCCC2)C1=O,train
CHEMBL5834782,CCOc1ccc(-c2[nH]c(C3(C)CCN(c4ncnc5[nH]c(-c6ccc(C(N)=O)cc6)cc45)CC3)nc2C)cc1C,JUTCRZZCYLEVLG,-1,1,-1,c1ccc(-c2cnc(C3CCN(c4ncnc5[nH]c(-c6ccccc6)cc45)CC3)[nH]2)cc1,train
CHEMBL5835165,CCOc1ccc(-c2[nH]c(C3(C)CCN(c4ncnc5[nH]c(-c6ccc(OC)nc6)cc45)CC3)nc2C)cc1F,ZHWOXOMJXKXPMA,-1,1,-1,c1ccc(-c2cnc(C3CCN(c4ncnc5[nH]c(-c6cccnc6)cc45)CC3)[nH]2)cc1,train
CHEMBL5835386,Cc1ccc(CNC(=O)C2CN(c3ncnn4cc(-c5ccc(=O)n(C)c5)cc34)C2)cc1,ZXYDMVKGJRPFOJ,-1,1,-1,O=C(NCc1ccccc1)C1CN(c2ncnn3cc(-c4ccc(=O)[nH]c4)cc23)C1,train
CHEMBL5836405,COc1ccc(COc2ccc(Nc3ccc4ncc(N5CCC5)nc4c3C#N)cc2OC)cc1,PBZGFFFGAGNWAL,-1,1,0,c1ccc(COc2ccc(Nc3ccc4ncc(N5CCC5)nc4c3)cc2)cc1,train
CHEMBL5836498,COc1cc2c(N3CCN(c4ncc(Cc5ccccc5)cn4)CC3)ncnc2cc1OCCCN1CCCCC1,BUMWTWRBFMFCKL,-1,1,-1,c1ccc(Cc2cnc(N3CCN(c4ncnc5cc(OCCCN6CCCCC6)ccc45)CC3)nc2)cc1,train
CHEMBL5837641,CCOc1ccc(-c2[nH]c(C3CCN(c4ncnc5[nH]c(-c6ccc(F)cc6)cc45)CC3)nc2C)cc1C,BWCIQRJIIZLGNR,-1,1,-1,c1ccc(-c2cnc(C3CCN(c4ncnc5[nH]c(-c6ccccc6)cc45)CC3)[nH]2)cc1,train
CHEMBL5838130,CC[C@H](NC(=O)C1(C)CN(c2ncnn3cc(-c4ccc(S(C)(=O)=O)cc4)cc23)C1)c1ccc(Cl)cc1,JDLKSIGVLKXVHW,-1,1,-1,O=C(NCc1ccccc1)C1CN(c2ncnn3cc(-c4ccccc4)cc23)C1,train
CHEMBL5839635,C[C@H](NC(=O)C1CN(c2ncnn3cc(-c4cnn(CC(C)(C)O)c4)cc23)C1)c1ccc(Cl)cc1,FRDVOPOQDJDTDC,-1,1,-1,O=C(NCc1ccccc1)C1CN(c2ncnn3cc(-c4cn[nH]c4)cc23)C1,train
CHEMBL5839783,COc1cc2ncnc(N3CCN(c4ncc(Cc5ccccc5)c(=O)[nH]4)CC3)c2cc1OCC1CN(C)CCO1,GQNAGDVQXRMMJX,-1,1,-1,O=c1[nH]c(N2CCN(c3ncnc4ccc(OCC5CNCCO5)cc34)CC2)ncc1Cc1ccccc1,train
CHEMBL5840142,CC[C@H](NC(=O)C1CN(c2ncnn3cc(-c4cnn([C@H](C)[C@H](C)O)c4)cc23)C1)c1ccc(Cl)cc1,YECAGHZJRWHDBN,-1,1,-1,O=C(NCc1ccccc1)C1CN(c2ncnn3cc(-c4cn[nH]c4)cc23)C1,train
CHEMBL5840160,Cc1nn(C)cc1-c1cc2c(N3CCC(c4nc(C)c(-c5ccccc5)[nH]4)CC3)ncnc2[nH]1,UEJPFPBZOZOELI,-1,1,-1,c1ccc(-c2cnc(C3CCN(c4ncnc5[nH]c(-c6cn[nH]c6)cc45)CC3)[nH]2)cc1,train
CHEMBL5840324,COC[C@H](NC(=O)C1CN(c2ncnn3cc(-c4cnn(C)c4)cc23)C1)c1ccc(Cl)cc1,XCWAHWWXVIELNO,-1,1,-1,O=C(NCc1ccccc1)C1CN(c2ncnn3cc(-c4cn[nH]c4)cc23)C1,train
CHEMBL5841131,Cc1n[nH]c(C(=O)Nc2cnc3[nH]c(-c4cncc(C#N)c4)cc3c2)c1C,ZUMPHFRZLKATBL,-1,0,-1,O=C(Nc1cnc2[nH]c(-c3cccnc3)cc2c1)c1ccn[nH]1,train
CHEMBL5841227,Cc1n[nH]c(C(=O)Nc2cnc3[nH]c(-c4ccc(F)cc4)cc3c2)c1Cl,SVWOGQRXXXWSHY,-1,0,-1,O=C(Nc1cnc2[nH]c(-c3ccccc3)cc2c1)c1ccn[nH]1,train
CHEMBL5841619,Cc1ccc([C@H](C)NC(=O)C2CN(c3ncnn4cc(-c5cnn(C)c5)cc34)C2)cc1,KITJZUKSNDEZIW,-1,1,-1,O=C(NCc1ccccc1)C1CN(c2ncnn3cc(-c4cn[nH]c4)cc23)C1,train
CHEMBL5842230,Cc1nc(C2(C)CCN(c3ncnc4[nH]c(-c5ccc(F)cc5)cc34)CC2)[nH]c1-c1ccc(Cl)cc1,KCIJTHLJGIELHV,-1,1,-1,c1ccc(-c2cnc(C3CCN(c4ncnc5[nH]c(-c6ccccc6)cc45)CC3)[nH]2)cc1,train
CHEMBL5842393,COc1cccc(-c2[nH]c(C3(C)CCN(c4ncnc5[nH]c(-c6ccc(C#N)cc6)cc45)CC3)nc2C)c1,CPMITYCCXMJXNL,-1,1,-1,c1ccc(-c2cnc(C3CCN(c4ncnc5[nH]c(-c6ccccc6)cc45)CC3)[nH]2)cc1,train
CHEMBL5845089,Cn1cc(-c2cc3c(N4CC(C(=O)Nc5ccc(C(C)(C)C#N)cc5)C4)ncnn3c2)cn1,JXDLBMRABJSLBR,-1,1,-1,O=C(Nc1ccccc1)C1CN(c2ncnn3cc(-c4cn[nH]c4)cc23)C1,train
CHEMBL5845166,COCCN1CCN(c2cnc3ccc(Nc4ccc(OCc5ccc(OC)nc5)c(OC)c4)c(C#N)c3n2)CC1,VCOXQPUXZJKKEJ,-1,1,0,c1cncc(COc2ccc(Nc3ccc4ncc(N5CCNCC5)nc4c3)cc2)c1,train
CHEMBL5845320,COc1cc(Nc2ccc3ncc(N4CCOCC4)nc3c2C#N)ccc1OCc1ccc(N(C)C)nc1,POTGILIJKOWRCY,-1,1,0,c1cncc(COc2ccc(Nc3ccc4ncc(N5CCOCC5)nc4c3)cc2)c1,train
CHEMBL5845412,Cc1ccc(CNC(=O)C2CN(c3ncnn4cc(-c5ccc6c(c5)OCCO6)cc34)C2)cc1,URGDBNHFQPOXAA,-1,1,-1,O=C(NCc1ccccc1)C1CN(c2ncnn3cc(-c4ccc5c(c4)OCCO5)cc23)C1,train
CHEMBL5845747,Cc1nc(C2CCN(c3ncnc4[nH]c(-c5cccc(NS(C)(=O)=O)c5)cc34)CC2)[nH]c1-c1ccccc1,OEBWPMDFCPCNAY,-1,1,-1,c1ccc(-c2cnc(C3CCN(c4ncnc5[nH]c(-c6ccccc6)cc45)CC3)[nH]2)cc1,train
CHEMBL5845788,Cc1ccc(CNC(=O)C2(CN(C)C)CN(c3ncnn4cc(-c5cnn(C)c5)cc34)C2)cc1,LYGKUCDXHXOEJB,-1,1,-1,O=C(NCc1ccccc1)C1CN(c2ncnn3cc(-c4cn[nH]c4)cc23)C1,train
CHEMBL5846361,COc1cc(Nc2ccc3ncc(N4CCOCC4)nc3c2C#N)ccc1OCc1ccc(OC(F)(F)F)cc1,KELCSPOBDHTSDJ,-1,1,1,c1ccc(COc2ccc(Nc3ccc4ncc(N5CCOCC5)nc4c3)cc2)cc1,train
CHEMBL5846402,COc1ccncc1-c1cc2cc(NC(=O)c3[nH]nc(C)c3C)cnc2[nH]1,MMBMUYHYKHHOBC,-1,0,-1,O=C(Nc1cnc2[nH]c(-c3cccnc3)cc2c1)c1ccn[nH]1,train
CHEMBL5848604,Cc1ccc(CC(=O)NC2CN(c3ncnn4cc(-c5cnn(CC(C)(C)O)c5)cc34)C2)cc1,BRNGKSKJIKKFIN,-1,1,-1,O=C(Cc1ccccc1)NC1CN(c2ncnn3cc(-c4cn[nH]c4)cc23)C1,train
CHEMBL5849559,COc1cc2ncnc(N3CCN(c4ncc(N5CCc6ccccc65)cn4)CC3)c2cc1OC,GRRJBPMJXFEXPR,-1,1,-1,c1ccc2c(c1)CCN2c1cnc(N2CCN(c3ncnc4ccccc34)CC2)nc1,train
CHEMBL5849992,CCOc1ccc(COc2ccc(Nc3ccc4ncc(OC)nc4c3C#N)cc2OC)cc1,MTQSGGPTVPMKCO,-1,1,0,c1ccc(COc2ccc(Nc3ccc4nccnc4c3)cc2)cc1,train
CHEMBL5850397,Cc1n[nH]c(C(=O)Nc2cnc3[nH]c(C4=CCOCC4)cc3c2)c1C,ULDIIDKLPJICBW,-1,0,-1,O=C(Nc1cnc2[nH]c(C3=CCOCC3)cc2c1)c1ccn[nH]1,train
CHEMBL5851197,COc1cc2ncnc(N3CCN(c4ncc(Cc5ccccc5)cn4)CC3)c2cc1OCCN1CCN(C)CC1,NNJFONNOIXHLHG,-1,1,-1,c1ccc(Cc2cnc(N3CCN(c4ncnc5ccc(OCCN6CCNCC6)cc45)CC3)nc2)cc1,train
CHEMBL5851572,Cn1cc(-c2cc3c(N4CC(C(=O)Nc5ccc(OC(F)(F)F)cc5)C4)ncnn3c2)cn1,CVQBRATZFGCFSC,-1,1,-1,O=C(Nc1ccccc1)C1CN(c2ncnn3cc(-c4cn[nH]c4)cc23)C1,train
CHEMBL5852120,CCOc1ccc(-c2[nH]c(C3(C)CCN(c4ncnc5[nH]c(C)cc45)CC3)nc2C)cc1C,HFUGBSYRCOYBOA,-1,1,-1,c1ccc(-c2cnc(C3CCN(c4ncnc5[nH]ccc45)CC3)[nH]2)cc1,train
CHEMBL5852658,Cn1cc(-c2cc3c(N4CC(NC(=O)C(O)c5ccc(Cl)cc5Cl)C4)ncnn3c2)cn1,PFTRQTWJZHQQIU,-1,1,-1,O=C(Cc1ccccc1)NC1CN(c2ncnn3cc(-c4cn[nH]c4)cc23)C1,train
CHEMBL5852790,CC[C@H](NC(=O)C1CN(c2ncnn3cc(C4=CCN(S(C)(=O)=O)CC4)cc23)C1)c1ccc(Cl)cc1,XRSQFPHIKZGLBO,-1,1,-1,O=C(NCc1ccccc1)C1CN(c2ncnn3cc(C4=CCNCC4)cc23)C1,train
CHEMBL5853547,COc1cc(N(C)c2ccc3ncc(N4CCOCC4)nc3c2C#N)ccc1OCc1ccc(C2CC2)nc1,SXVUZXFSOZYTPR,-1,1,0,c1cc(C2CC2)ncc1COc1ccc(Nc2ccc3ncc(N4CCOCC4)nc3c2)cc1,train
CHEMBL5854082,Cc1ccc([C@H](C)NC(=O)C2CN(c3ncnn4cc(-c5cnn(CC(C)(C)O)c5)cc34)C2)cc1,ZEDGRLAURVWQMP,-1,1,-1,O=C(NCc1ccccc1)C1CN(c2ncnn3cc(-c4cn[nH]c4)cc23)C1,train
CHEMBL5854299,Cc1[nH]nc(C(=O)Nc2cnc3[nH]c(C4=CCN(C(=O)C5CC5)CC4)cc3c2)c1Cl,AZOWRBNFRSYRIS,-1,0,-1,O=C(Nc1cnc2[nH]c(C3=CCN(C(=O)C4CC4)CC3)cc2c1)c1cc[nH]n1,train
CHEMBL5854370,COc1cc2ncnc(N3CCN(c4ncc(Nc5ccccc5C)cn4)CC3)c2cc1OC,IQTUYCDRMHMYFE,-1,1,-1,c1ccc(Nc2cnc(N3CCN(c4ncnc5ccccc45)CC3)nc2)cc1,train
CHEMBL5854780,C[C@H](NC(=O)C1CN(c2ncnn3cc(-c4cnn(C(C)(C)C)c4)cc23)C1)c1ccc(F)cc1,GPXIIXPYHARGCL,-1,1,-1,O=C(NCc1ccccc1)C1CN(c2ncnn3cc(-c4cn[nH]c4)cc23)C1,train
CHEMBL5855105,Cc1ccc(CNC(=O)C2CN(c3ncnn4cc(-c5ccc(N)nc5)cc34)C2)cc1,IWTVVHAEBCNJQU,-1,1,-1,O=C(NCc1ccccc1)C1CN(c2ncnn3cc(-c4cccnc4)cc23)C1,train
CHEMBL5855311,COc1cc2ncnc(N3CCN(c4ncc(Nc5ccc(Cl)cc5)cn4)CC3)c2cc1OC,KFWSPNUCQAJHMH,-1,1,-1,c1ccc(Nc2cnc(N3CCN(c4ncnc5ccccc45)CC3)nc2)cc1,train
CHEMBL5856293,Cc1nc(C2(C)CCN(c3ncnc4[nH]c(-c5cnn(C(F)F)c5)cc34)CC2)[nH]c1-c1ccc(OC(F)F)cc1,DFDDIFBINWHJKJ,-1,1,-1,c1ccc(-c2cnc(C3CCN(c4ncnc5[nH]c(-c6cn[nH]c6)cc45)CC3)[nH]2)cc1,train
CHEMBL5857441,COc1cc2ncnc(N3CCN(c4ncc(Cc5cccc(C#N)c5)cn4)CC3)c2cc1OC,ILUJNHVYHAZTTO,-1,1,-1,c1ccc(Cc2cnc(N3CCN(c4ncnc5ccccc45)CC3)nc2)cc1,train
CHEMBL5858509,CCOc1ccc(-c2[nH]c(C3(C)CCN(c4ncnc5[nH]c(-c6cnn(C(F)F)c6)cc45)CC3)nc2C)cc1,VZIPDLVJZUPXGU,-1,1,-1,c1ccc(-c2cnc(C3CCN(c4ncnc5[nH]c(-c6cn[nH]c6)cc45)CC3)[nH]2)cc1,train
CHEMBL5858517,Cc1ccc(CNC(=O)C2CN(c3ncnn4cc(-c5ccc(N6CCCC6=O)cc5)cc34)C2)cc1,VUVCXQWPVPUQDO,-1,1,-1,O=C(NCc1ccccc1)C1CN(c2ncnn3cc(-c4ccc(N5CCCC5=O)cc4)cc23)C1,train
CHEMBL5858670,COC1(C(=O)NCc2ccc(C)cc2)CN(c2ncnn3cc(-c4ccc(C(C)(C)O)cc4)cc23)C1,SNSRPRSYFUFFSO,-1,1,-1,O=C(NCc1ccccc1)C1CN(c2ncnn3cc(-c4ccccc4)cc23)C1,train
CHEMBL5859200,CC[C@H](NC(=O)C1CN(c2ncnn3cc(C4=CCN(C(=O)OC)CC4)cc23)C1)c1ccc(Cl)cc1,PQFOJFSGVBACJK,-1,1,-1,O=C(NCc1ccccc1)C1CN(c2ncnn3cc(C4=CCNCC4)cc23)C1,train
CHEMBL5859381,COc1cc(Nc2ccc3ncc(C4=CCOCC4)nc3c2C#N)ccc1OCc1ccc(C)nc1,KWYWNCVVBWZTBC,-1,1,0,C1=C(c2cnc3ccc(Nc4ccc(OCc5cccnc5)cc4)cc3n2)CCOC1,train
CHEMBL5859569,Cc1ccc([C@H](C)NC(=O)C2CN(c3ncnn4cc(-c5ccc(OC(C)(C)C)cc5)cc34)C2)cc1,BRAVQDGQTQWHJD,-1,1,-1,O=C(NCc1ccccc1)C1CN(c2ncnn3cc(-c4ccccc4)cc23)C1,train
CHEMBL5859797,CC(C(=O)NC1CN(c2ncnn3cc(-c4cnn(C)c4)cc23)C1)c1ccc(Cl)cc1,HKPMWPLQMRWVNF,-1,1,-1,O=C(Cc1ccccc1)NC1CN(c2ncnn3cc(-c4cn[nH]c4)cc23)C1,train
CHEMBL5860577,CC(C)n1cc(-c2cc3c(N4CC(C(=O)N[C@@H](C)c5ccc(Cl)cc5)C4)ncnn3c2)cn1,PZWQSUXYFDTORE,-1,1,-1,O=C(NCc1ccccc1)C1CN(c2ncnn3cc(-c4cn[nH]c4)cc23)C1,train
CHEMBL5860661,Cc1nc(C2(C)CCN(c3ncnc4[nH]c(-c5ccc(OCC(=O)O)cc5)cc34)CC2)[nH]c1-c1ccc(OC(F)F)cc1,DKZQYSZDAWQUAM,-1,1,-1,c1ccc(-c2cnc(C3CCN(c4ncnc5[nH]c(-c6ccccc6)cc45)CC3)[nH]2)cc1,train
CHEMBL5860848,C[C@H](NC(=O)C1CN(c2ncnn3cc(-c4ccc(N)nc4)cc23)C1)c1ccc(F)cc1,OKXKYWWQERBUDL,-1,1,-1,O=C(NCc1ccccc1)C1CN(c2ncnn3cc(-c4cccnc4)cc23)C1,train
CHEMBL5861207,Fc1ccc(-c2cc3c(N4CCC(c5nc(C6CC6)c(-c6ccccc6)[nH]5)CC4)ncnc3[nH]2)cc1,GNFVLYBVNRWPBG,-1,1,-1,c1ccc(-c2cc3c(N4CCC(c5nc(C6CC6)c(-c6ccccc6)[nH]5)CC4)ncnc3[nH]2)cc1,train
CHEMBL5861959,Cc1nc(C2(C)CCN(c3ncnc4[nH]c(-c5ccc(C#N)cc5)cc34)CC2)[nH]c1-c1ccc(Cl)cc1,CJUIRCRNMWORCJ,-1,1,-1,c1ccc(-c2cnc(C3CCN(c4ncnc5[nH]c(-c6ccccc6)cc45)CC3)[nH]2)cc1,train
CHEMBL5862615,Cc1n[nH]c(C(=O)Nc2cnc3[nH]nc(C)c3c2)c1C,ANERYXRMFWJMKO,-1,0,-1,O=C(Nc1cnc2[nH]ncc2c1)c1ccn[nH]1,train
CHEMBL5863483,Cc1ccc(-c2[nH]c(C3CCN(c4ncnc5[nH]c(-c6ccc(C#N)cc6)cc45)CC3)nc2C)cc1,NMYLGEWGIGSTDN,-1,1,-1,c1ccc(-c2cnc(C3CCN(c4ncnc5[nH]c(-c6ccccc6)cc45)CC3)[nH]2)cc1,train
CHEMBL5863527,CC[C@H](NC(=O)C1CN(c2ncnn3cc(-c4ccc([C@@H](O)CO)cc4)cc23)C1)c1ccc(Cl)cc1,COBPIEGSVCMIGM,-1,1,-1,O=C(NCc1ccccc1)C1CN(c2ncnn3cc(-c4ccccc4)cc23)C1,train
CHEMBL5863593,Cc1ccc([C@H](CCN)NC(=O)C2CN(c3ncnn4cc(-c5cnn(C)c5)cc34)C2)cc1,GFYMTAJIBSGPKI,-1,1,-1,O=C(NCc1ccccc1)C1CN(c2ncnn3cc(-c4cn[nH]c4)cc23)C1,train
CHEMBL5863602,COc1cc(-c2cc3c(N4CCC(c5nc(C)c(-c6ccccc6)[nH]5)CC4)ncnc3[nH]2)ccn1,HSRUZDOCEAIQDH,-1,1,-1,c1ccc(-c2cnc(C3CCN(c4ncnc5[nH]c(-c6ccncc6)cc45)CC3)[nH]2)cc1,train
CHEMBL5863655,COc1cc2ncnc(N3CCN(c4ncc(Cc5ccccc5C)cn4)CC3)c2cc1OC,OSVQHBBLALTMER,-1,1,-1,c1ccc(Cc2cnc(N3CCN(c4ncnc5ccccc45)CC3)nc2)cc1,train
CHEMBL5863749,C[C@H](NC(=O)C1CN(c2ncnn3cc(-c4ccc5c(c4)OCCO5)cc23)C1)c1ccc(F)cc1,KZXVBIVUBBQWQK,-1,1,-1,O=C(NCc1ccccc1)C1CN(c2ncnn3cc(-c4ccc5c(c4)OCCO5)cc23)C1,train
CHEMBL5864585,COc1ccc(-c2cc3c(N4CC(C(=O)NCc5ccc(C)cc5)C4)ncnn3c2)c(F)c1,MYDHQSQWHPNFRE,-1,1,-1,O=C(NCc1ccccc1)C1CN(c2ncnn3cc(-c4ccccc4)cc23)C1,train
CHEMBL5865022,Cc1cc(C#N)ccc1NC(=O)C1CN(c2ncnn3cc(-c4cnn(C)c4)cc23)C1,NSFXTYHVBZRZFH,-1,1,-1,O=C(Nc1ccccc1)C1CN(c2ncnn3cc(-c4cn[nH]c4)cc23)C1,train
CHEMBL5865799,COc1cc(Nc2ccc3ncc(N4CC(N(C)C)C4)nc3c2C#N)ccc1OCc1ccc(C)nc1,AVRDADHHFBZKMF,-1,1,0,c1cncc(COc2ccc(Nc3ccc4ncc(N5CCC5)nc4c3)cc2)c1,train
CHEMBL5865840,Cc1nc(C2CCN(c3ncnc4[nH]c(-c5ccc(F)cc5)cc34)CC2)[nH]c1-c1ccc2c(c1)OCO2,WTZKBRAPVJLUNM,-1,1,-1,c1ccc(-c2cc3c(N4CCC(c5ncc(-c6ccc7c(c6)OCO7)[nH]5)CC4)ncnc3[nH]2)cc1,train
CHEMBL5866259,COc1ccc(COc2ccc(Nc3ccc4ncc(N(C)C)nc4c3C#N)cc2OC)cc1,PDGJRZUPABXRAS,-1,1,0,c1ccc(COc2ccc(Nc3ccc4nccnc4c3)cc2)cc1,train
CHEMBL5866711,CC[C@H](NC(=O)C1CN(c2ncnn3cc(-c4ccc(N)nc4)cc23)C1)c1ccc(Cl)cc1,VPKBQVFAIRJMOO,-1,1,-1,O=C(NCc1ccccc1)C1CN(c2ncnn3cc(-c4cccnc4)cc23)C1,train
CHEMBL5867017,Cn1cc(-c2cc3c(N4CC(C(=O)NCc5ccc(Cl)cc5Cl)C4)ncnn3c2)cn1,BYXGLNKDKDDIFH,-1,1,-1,O=C(NCc1ccccc1)C1CN(c2ncnn3cc(-c4cn[nH]c4)cc23)C1,train
CHEMBL5868055,Cc1n[nH]c(C(=O)Nc2cnc3[nH]c(-c4c(C)n[nH]c4C)cc3c2)c1C,WNBQOYOAOSZAPM,-1,0,-1,O=C(Nc1cnc2[nH]c(-c3cn[nH]c3)cc2c1)c1ccn[nH]1,train
CHEMBL5868381,Cc1nc(C2CCN(c3ncnc4[nH]c(-c5ccc(C(N)=O)cc5)cc34)CC2)[nH]c1-c1ccccc1,JAFXDKGQWQKWJK,-1,1,-1,c1ccc(-c2cnc(C3CCN(c4ncnc5[nH]c(-c6ccccc6)cc45)CC3)[nH]2)cc1,train
CHEMBL5869535,COc1cc(Nc2ccc3ncc(N4CCOCC4)nc3c2C#N)ccc1OCc1ccncc1,JGZBVBGEMQJUOD,-1,1,0,c1cc(COc2ccc(Nc3ccc4ncc(N5CCOCC5)nc4c3)cc2)ccn1,train
CHEMBL5869779,COc1cc(-c2cc3c(N4CCC(c5nc(C)c(-c6ccc(C)c(OC)c6)[nH]5)CC4)ncnc3[nH]2)ccn1,HMICFBJWAGVGHG,-1,0,-1,c1ccc(-c2cnc(C3CCN(c4ncnc5[nH]c(-c6ccncc6)cc45)CC3)[nH]2)cc1,train
CHEMBL5869814,Cc1nc(C2CCN(c3ncnc4[nH]c(-c5ccc(C#N)cc5)cc34)CC2)[nH]c1-c1ccc(OC(C)C)cc1,JOAIUJWKMRJZBS,-1,1,-1,c1ccc(-c2cnc(C3CCN(c4ncnc5[nH]c(-c6ccccc6)cc45)CC3)[nH]2)cc1,train
CHEMBL5870102,Cc1nc(C2CCN(c3ncnc4[nH]c(-c5cnn(C)c5)cc34)CC2)[nH]c1-c1ccccc1,GUWKHOSDLNETKF,-1,1,-1,c1ccc(-c2cnc(C3CCN(c4ncnc5[nH]c(-c6cn[nH]c6)cc45)CC3)[nH]2)cc1,train
CHEMBL5870403,COc1cccc(-c2[nH]c(C3CCN(c4ncnc5[nH]c(-c6ccc(C#N)cc6)cc45)CC3)nc2C)c1,FCPUDKDDAQZYQU,-1,1,-1,c1ccc(-c2cnc(C3CCN(c4ncnc5[nH]c(-c6ccccc6)cc45)CC3)[nH]2)cc1,train
CHEMBL5870585,COc1ccc(COc2ccc(Nc3ccc4ncc(N5CCOCC5)nc4c3C#N)cc2OC)cc1OC,HFFPDYLCNYHHGC,-1,1,-1,c1ccc(COc2ccc(Nc3ccc4ncc(N5CCOCC5)nc4c3)cc2)cc1,train
CHEMBL5870906,Cc1ccc(CNC(=O)C2CN(c3ncnn4cc(-c5ccc(F)c(C(C)(C)O)c5)cc34)C2)cc1,JQTQLLCZVGEFRR,-1,1,-1,O=C(NCc1ccccc1)C1CN(c2ncnn3cc(-c4ccccc4)cc23)C1,train
CHEMBL5870982,COc1ncc(-c2[nH]c(C3(C)CCN(c4ncnc5[nH]c(-c6ccc(C#N)cc6)cc45)CC3)nc2C)cc1F,OSAYILLQADSBBJ,-1,1,-1,c1ccc(-c2cc3c(N4CCC(c5ncc(-c6cccnc6)[nH]5)CC4)ncnc3[nH]2)cc1,train
CHEMBL5871531,COc1ccc(COc2ccc(Nc3ccc4ncc(N5CCOCC5)nc4c3C#N)cc2)cc1,GYQQVKPJVLOXEV,-1,1,1,c1ccc(COc2ccc(Nc3ccc4ncc(N5CCOCC5)nc4c3)cc2)cc1,train
CHEMBL5873349,Cc1nn(C2COC2)cc1-c1cc2cc(NC(=O)c3[nH]nc(C)c3C)cnc2[nH]1,LASKDUXSDXYICD,-1,0,-1,O=C(Nc1cnc2[nH]c(-c3cnn(C4COC4)c3)cc2c1)c1ccn[nH]1,train
CHEMBL5874000,COc1cc(Nc2ccc3ncc(N4CC(C)(OC)C4)nc3c2C#N)ccc1OCc1ccc(C)nc1,MHQSGLRFCSEFMI,-1,1,0,c1cncc(COc2ccc(Nc3ccc4ncc(N5CCC5)nc4c3)cc2)c1,train
CHEMBL5874085,Cc1n[nH]c(C(=O)Nc2cnc3[nH]c(-c4ccnc(C(C)C)c4)cc3c2)c1C,IYHSIYGKUULSJL,-1,0,-1,O=C(Nc1cnc2[nH]c(-c3ccncc3)cc2c1)c1ccn[nH]1,train
CHEMBL5874101,COc1ccc(COc2ccc(Nc3ccc4ncc(N5CCOCC5)nc4c3C#N)cc2OC)cc1C#N,QVRKQZALTHDYAH,-1,1,0,c1ccc(COc2ccc(Nc3ccc4ncc(N5CCOCC5)nc4c3)cc2)cc1,train
CHEMBL5874140,CC[C@H](NC(=O)C1(C)CN(c2ncnn3cc(-c4cnn5c4CCC5)cc23)C1)c1ccc(Cl)cc1,TTWXBJKNAAEXDY,-1,1,-1,O=C(NCc1ccccc1)C1CN(c2ncnn3cc(-c4cnn5c4CCC5)cc23)C1,train
CHEMBL5874186,COCCOc1ccc(-c2cc3c(N4CC(C(=O)NCc5ccc(C)cc5)C4)ncnn3c2)cc1,ZTXFIQAMNRRKNI,-1,1,-1,O=C(NCc1ccccc1)C1CN(c2ncnn3cc(-c4ccccc4)cc23)C1,train
CHEMBL5874188,COCc1cc(-c2[nH]c(C3(C)CCN(c4ncnc5[nH]c(C)cc45)CC3)nc2C)ccc1C,VRYAGDAMAXUIRX,-1,1,-1,c1ccc(-c2cnc(C3CCN(c4ncnc5[nH]ccc45)CC3)[nH]2)cc1,train
CHEMBL5875216,COc1ccc(COc2ccc(Nc3ccc4ncc(N5CCNCC5)nc4c3C#N)cc2OC)cn1,XLNPHXDPVQICCU,-1,1,0,c1cncc(COc2ccc(Nc3ccc4ncc(N5CCNCC5)nc4c3)cc2)c1,train
CHEMBL5875391,CNC(=O)c1ccc(-c2cc3c(N4CCC(C)(c5nc(C)c(-c6ccc(OC)c(C)c6)[nH]5)CC4)ncnc3[nH]2)cn1,QCYMIRJKFDXERW,-1,1,-1,c1ccc(-c2cnc(C3CCN(c4ncnc5[nH]c(-c6cccnc6)cc45)CC3)[nH]2)cc1,train
CHEMBL5876470,C[C@H](NC(=O)C1CN(c2ncnn3cc(-c4ccc(N5CCCC5=O)cc4)cc23)C1)c1ccc(F)cc1,VUFPJEATACOFEC,-1,1,-1,O=C(NCc1ccccc1)C1CN(c2ncnn3cc(-c4ccc(N5CCCC5=O)cc4)cc23)C1,train
CHEMBL5876775,COc1ccc(-c2[nH]c(C3(C)CCN(c4ncnc5[nH]c(-c6ccc(C#N)cc6)cc45)CC3)nc2C)cn1,UEKYQOCVDXDRGF,-1,1,-1,c1ccc(-c2cc3c(N4CCC(c5ncc(-c6cccnc6)[nH]5)CC4)ncnc3[nH]2)cc1,train
CHEMBL5876907,Cc1nc(C2(C)CCN(c3ncnc4[nH]c(-c5ccc(C(N)=O)cc5)cc34)CC2)[nH]c1-c1ccc(OC(F)F)cc1,IVQLAMBFUKITPD,-1,1,-1,c1ccc(-c2cnc(C3CCN(c4ncnc5[nH]c(-c6ccccc6)cc45)CC3)[nH]2)cc1,train
CHEMBL5877096,Cc1ccc(CNC(=O)C2CN(c3ncnn4cc(-c5cnn(C)c5)cc34)C2)cc1F,KLVNPULAYAAQRU,-1,1,-1,O=C(NCc1ccccc1)C1CN(c2ncnn3cc(-c4cn[nH]c4)cc23)C1,train
CHEMBL5877635,Cc1ccc(CNC(=O)C2CN(c3ncnn4cc(/C=C/c5ccccn5)cc34)C2)cc1,XAPKKMUVLXLTMJ,-1,1,-1,O=C(NCc1ccccc1)C1CN(c2ncnn3cc(C=Cc4ccccn4)cc23)C1,train
CHEMBL5877683,COc1ccc(-c2[nH]c(C3(C)CCN(c4ncnc5[nH]c(-c6ccc(C#N)nc6)cc45)CC3)nc2C)cc1C,GLDJLNXTHXTJHS,-1,1,-1,c1ccc(-c2cnc(C3CCN(c4ncnc5[nH]c(-c6cccnc6)cc45)CC3)[nH]2)cc1,train
CHEMBL5877945,Cc1n[nH]c(C(=O)Nc2cnc3[nH]c(Cl)cc3c2)c1C,PFAJPKVSDZIRGR,-1,0,-1,O=C(Nc1cnc2[nH]ccc2c1)c1ccn[nH]1,train
CHEMBL5877994,Cn1cc(-c2cc3c(N4CC(NC(=O)Cc5c[nH]c6ccccc56)C4)ncnn3c2)cn1,QDVTVKUZZLFUQL,-1,1,-1,O=C(Cc1c[nH]c2ccccc12)NC1CN(c2ncnn3cc(-c4cn[nH]c4)cc23)C1,train
CHEMBL5878095,Cc1nc(C2(C)CCN(c3ncnc4[nH]c(-c5cnn(C(F)F)c5)cc34)CC2)[nH]c1-c1ccc(C(F)F)cc1,CKGCGFGKUJDLRG,-1,1,-1,c1ccc(-c2cnc(C3CCN(c4ncnc5[nH]c(-c6cn[nH]c6)cc45)CC3)[nH]2)cc1,train
CHEMBL5878201,COc1ccc(-c2[nH]c(C3(C)CCN(c4ncnc5[nH]c(-c6ccc(C#N)cc6)cc45)CC3)nc2C)cc1,ZCYBLDFXAMDEAD,-1,1,-1,c1ccc(-c2cnc(C3CCN(c4ncnc5[nH]c(-c6ccccc6)cc45)CC3)[nH]2)cc1,train
CHEMBL5878360,Cn1cc(-c2cc3c(N4CC(C(=O)N[C@@H](CCO)c5ccc(Cl)cc5)C4)ncnn3c2)cn1,SULZFIIKFDNUOJ,-1,1,-1,O=C(NCc1ccccc1)C1CN(c2ncnn3cc(-c4cn[nH]c4)cc23)C1,train
CHEMBL5878615,Cn1cc(-c2cc3c(N4CC(C(=O)Nc5ccc(Br)cc5)C4)ncnn3c2)cn1,FCALFRCHSVQJCD,-1,1,-1,O=C(Nc1ccccc1)C1CN(c2ncnn3cc(-c4cn[nH]c4)cc23)C1,train
CHEMBL5878682,Cc1ccc(-c2cc3cc(NC(=O)c4[nH]nc(C)c4C)cnc3[nH]2)c(C)c1,BQMGVQCMJXGGFU,-1,0,-1,O=C(Nc1cnc2[nH]c(-c3ccccc3)cc2c1)c1ccn[nH]1,train
CHEMBL5878935,COc1cccc(-c2[nH]c(C3CCN(c4ncnc5[nH]c(-c6ccc(C#N)cc6)cc45)CC3)nc2C(F)(F)F)c1,SAXDGUCHHGQFRO,-1,1,-1,c1ccc(-c2cnc(C3CCN(c4ncnc5[nH]c(-c6ccccc6)cc45)CC3)[nH]2)cc1,train
CHEMBL5879032,Cc1cc(C(=O)Nc2cnc3[nH]c(N4CCOCC4)cc3c2)[nH]n1,FFJCKOMDADUPIX,-1,0,-1,O=C(Nc1cnc2[nH]c(N3CCOCC3)cc2c1)c1ccn[nH]1,train
CHEMBL5879068,COc1ccc(-c2[nH]c(C3CCN(c4ncnc5[nH]c(-c6ccnc(OC)c6)cc45)CC3)nc2C(F)(F)F)cc1,KPCFDFASIXVVJW,-1,1,-1,c1ccc(-c2cnc(C3CCN(c4ncnc5[nH]c(-c6ccncc6)cc45)CC3)[nH]2)cc1,train
CHEMBL5879750,COc1cc2ncnc(N3CCN(c4ncc(OC(C)c5ccccc5)cn4)CC3)c2cc1OC,UNUFFZFMDJHRCB,-1,1,-1,c1ccc(COc2cnc(N3CCN(c4ncnc5ccccc45)CC3)nc2)cc1,train
CHEMBL5880217,COc1ccc(-c2[nH]c(C3(C)CCN(c4ncnc5[nH]c(-c6ccc(C#N)cc6)cc45)CC3)nc2C)cc1C,SGLCEFGMXUNWFV,-1,1,-1,c1ccc(-c2cnc(C3CCN(c4ncnc5[nH]c(-c6ccccc6)cc45)CC3)[nH]2)cc1,train
CHEMBL5880461,COc1cc(Nc2ccc3ncc(N4CCOCC4)nc3c2C#N)ccc1OCc1cccc(F)c1,SHXAJUAXGRRWRW,-1,1,0,c1ccc(COc2ccc(Nc3ccc4ncc(N5CCOCC5)nc4c3)cc2)cc1,train
CHEMBL5880557,Cc1n[nH]c(C(=O)Nc2cnc3[nH]c(-c4ccccc4C(F)(F)F)cc3c2)c1C,RAYHAUAKRIMAGH,-1,0,-1,O=C(Nc1cnc2[nH]c(-c3ccccc3)cc2c1)c1ccn[nH]1,train
CHEMBL5881345,Cc1nc(C2CCN(c3ncnc4[nH]c(-c5ccnc(OC(C)C)c5)cc34)CC2)[nH]c1-c1ccccc1,SIEISVYPDFBBDL,-1,1,-1,c1ccc(-c2cnc(C3CCN(c4ncnc5[nH]c(-c6ccncc6)cc45)CC3)[nH]2)cc1,train
CHEMBL5882296,COc1cc(Nc2ccc3ncc(N4CCOCC4)nc3c2C#N)ccc1OCc1ccc(C)nc1,UGKFKFGVNJJPOL,-1,1,0,c1cncc(COc2ccc(Nc3ccc4ncc(N5CCOCC5)nc4c3)cc2)c1,train
CHEMBL5882729,CC(C(=O)NC1CN(c2ncnn3cc(-c4cnn(C)c4)cc23)C1)c1ccc(Cl)cc1Cl,CAOSLSZGFKRCTQ,-1,1,-1,O=C(Cc1ccccc1)NC1CN(c2ncnn3cc(-c4cn[nH]c4)cc23)C1,train
CHEMBL5883053,Cc1ccc(CNC(=O)C2(C(N)=O)CN(c3ncnn4cc(-c5cnn(C)c5)cc34)C2)cc1,UZUVZJGFPAXHJJ,-1,1,-1,O=C(NCc1ccccc1)C1CN(c2ncnn3cc(-c4cn[nH]c4)cc23)C1,train
CHEMBL5883469,Cc1n[nH]c(C(=O)Nc2cnc3[nH]c(-c4ccc(Cl)cc4)cc3c2)c1C,FOBCWXGJJWTZFS,-1,0,-1,O=C(Nc1cnc2[nH]c(-c3ccccc3)cc2c1)c1ccn[nH]1,train
CHEMBL5883763,Cc1ccc(CNC(=O)C2CN(c3ncnn4cc(-c5ccc(C(C)(C)C#N)cc5)cc34)C2)cc1,ZNRXRHXJTXTKEA,-1,1,-1,O=C(NCc1ccccc1)C1CN(c2ncnn3cc(-c4ccccc4)cc23)C1,train
CHEMBL5884052,COc1cc2ncnc(N3CCN(c4ncc(NCc5ccccc5)cn4)CC3)c2cc1OC,CHBMOUXLUYIHAW,-1,1,-1,c1ccc(CNc2cnc(N3CCN(c4ncnc5ccccc45)CC3)nc2)cc1,train
CHEMBL5884176,COc1ccc(-c2cc3c(N4CCC(C)(c5nc(C)c(-c6cccc(OC(F)F)c6)[nH]5)CC4)ncnc3[nH]2)cn1,CGGWVNGRRLOBQU,-1,1,-1,c1ccc(-c2cnc(C3CCN(c4ncnc5[nH]c(-c6cccnc6)cc45)CC3)[nH]2)cc1,train
CHEMBL5884182,CC(C)n1cc(-c2cc3c(N4CC(C(=O)N[C@@H](C)c5ccc(F)cc5)C4)ncnn3c2)cn1,AOEXNXDGBPNRDY,-1,1,-1,O=C(NCc1ccccc1)C1CN(c2ncnn3cc(-c4cn[nH]c4)cc23)C1,train
CHEMBL5884812,Cc1nc(C2CCN(c3ncnc4[nH]c(-c5ccc(C#N)cc5)cc34)CC2)[nH]c1-c1ccc2c(c1)OC(F)(F)O2,JIIKQGGKVGNVHI,-1,0,-1,c1ccc(-c2cc3c(N4CCC(c5ncc(-c6ccc7c(c6)OCO7)[nH]5)CC4)ncnc3[nH]2)cc1,train
CHEMBL5885186,COc1cc(Nc2ccc3ncc(N4CCOCC4)nc3c2C(N)=O)ccc1OCc1ccc(C)nc1,PSWJEEYBFZLYNX,-1,1,0,c1cncc(COc2ccc(Nc3ccc4ncc(N5CCOCC5)nc4c3)cc2)c1,train
CHEMBL5885823,COC(=O)N1CC=C(c2cc3c(N4CC(C)(C(=O)NCc5ccc(Cl)cc5F)C4)ncnn3c2)CC1,NMPULZMNWFKWFV,-1,1,-1,O=C(NCc1ccccc1)C1CN(c2ncnn3cc(C4=CCNCC4)cc23)C1,train
CHEMBL5888661,COC1(C(=O)NCc2ccc(C)cc2)CN(c2ncnn3cc(-c4ccc5c(c4)CNC5=O)cc23)C1,XYVRMEIVRXJLNZ,-1,1,-1,O=C1NCc2cc(-c3cc4c(N5CC(C(=O)NCc6ccccc6)C5)ncnn4c3)ccc21,train
CHEMBL5889210,COc1cc(Nc2ccc3ncc(N4CCOCC4)nc3c2C#N)ccc1OCc1ccc(C(C)C)nc1,BKAAWAAYNIFIHU,-1,1,0,c1cncc(COc2ccc(Nc3ccc4ncc(N5CCOCC5)nc4c3)cc2)c1,train
CHEMBL5890902,Cc1nc(C2CCN(c3ncnc4[nH]c(-c5cnn(C(F)F)c5)cc34)CC2)[nH]c1-c1ccc(OC(F)(F)F)cc1,GVMJDCSLFVIXJV,-1,1,-1,c1ccc(-c2cnc(C3CCN(c4ncnc5[nH]c(-c6cn[nH]c6)cc45)CC3)[nH]2)cc1,train
CHEMBL5891840,Cc1n[nH]c(C(=O)Nc2cnc3[nH]c(-c4cccc(CC(=O)O)c4)cc3c2)c1C,SCCNMPYFWLQCSR,-1,0,-1,O=C(Nc1cnc2[nH]c(-c3ccccc3)cc2c1)c1ccn[nH]1,train
CHEMBL5892173,Cc1cc(-c2cc3cc(NC(=O)c4[nH]nc(C)c4C)cnc3[nH]2)ccc1C(=O)O,FUELBAJXYBLZHX,-1,0,-1,O=C(Nc1cnc2[nH]c(-c3ccccc3)cc2c1)c1ccn[nH]1,train
CHEMBL5892420,COc1cc2ncnc(N3CCN(c4ncc(Nc5ccc(F)cc5)cn4)CC3)c2cc1OC,KDDAHJCOWPECBQ,-1,1,-1,c1ccc(Nc2cnc(N3CCN(c4ncnc5ccccc45)CC3)nc2)cc1,train
CHEMBL5893222,CC[C@H](NC(=O)C1(C)CN(c2ncnn3cc(C4=CCN(C(=O)OC)CC4)cc23)C1)c1ccc(Cl)cc1,SNHGPIABTGDWPI,-1,1,-1,O=C(NCc1ccccc1)C1CN(c2ncnn3cc(C4=CCNCC4)cc23)C1,train
CHEMBL5894496,COc1cc2ncnc(N3CCN(c4ncc(Cc5ccccc5)cn4)CC3)c2cc1OC1CCN(CCO)C1,BEUDYRXWCOEMRC,-1,1,-1,c1ccc(Cc2cnc(N3CCN(c4ncnc5ccc(OC6CCNC6)cc45)CC3)nc2)cc1,train
CHEMBL5895171,Cc1nc(C2CCN(c3ncnc4[nH]c(-c5cnn(C(F)F)c5)cc34)CC2)[nH]c1-c1ccc(OC(F)F)cc1,NKXVUDIKPUJIHL,-1,1,-1,c1ccc(-c2cnc(C3CCN(c4ncnc5[nH]c(-c6cn[nH]c6)cc45)CC3)[nH]2)cc1,train
CHEMBL5896139,C[C@H](NC(=O)C1CN(c2ncnn3cc(C4=CCN(S(C)(=O)=O)CC4)cc23)C1)c1ccc(F)cc1,QFJNXZQZPKPCCR,-1,1,-1,O=C(NCc1ccccc1)C1CN(c2ncnn3cc(C4=CCNCC4)cc23)C1,train
CHEMBL5896407,CCOc1ccc(-c2[nH]c(C3(C)CCN(c4ncnc5[nH]c(-c6ccc(N7CCOCC7)nc6)cc45)CC3)nc2C)cc1C,CIPMAMLXMIINBE,-1,1,-1,c1ccc(-c2cnc(C3CCN(c4ncnc5[nH]c(-c6ccc(N7CCOCC7)nc6)cc45)CC3)[nH]2)cc1,train
CHEMBL5897664,C[C@H](NC(=O)C1CN(c2ncnn3cc(-c4cnn(CC(C)(C)O)c4)cc23)C1)c1ccc(F)cc1,WHNBJGKCWZKCTB,-1,1,-1,O=C(NCc1ccccc1)C1CN(c2ncnn3cc(-c4cn[nH]c4)cc23)C1,train
CHEMBL5897681,CC(C)(O)c1ccc(C2=CN3C=CCN(N4CC(C(=O)NCc5ccc(Cl)cc5F)C4)N3C2)cc1,BVKOPEKHYPLCMR,-1,1,-1,O=C(NCc1ccccc1)C1CN(N2CC=CN3C=C(c4ccccc4)CN32)C1,train
CHEMBL5897824,COc1cc2ncnc(N3CCN(c4ncc(Cc5ccccc5)cn4)CC3)c2cc1OC1CCN(C)C1,FCFOVAIIJUTKGK,-1,1,-1,c1ccc(Cc2cnc(N3CCN(c4ncnc5ccc(OC6CCNC6)cc45)CC3)nc2)cc1,train
CHEMBL5898264,COC(=O)N1CC=C(c2cc3c(N4CC(C)(C(=O)NCc5ccc(Cl)cc5)C4)ncnn3c2)CC1,CQGAEEAJIHDVGL,-1,1,-1,O=C(NCc1ccccc1)C1CN(c2ncnn3cc(C4=CCNCC4)cc23)C1,train
CHEMBL5899726,Cc1n[nH]c(C(=O)Nc2cnc3[nH]c(-c4ccc(F)nc4)cc3c2)c1C,OHBLGEIGTKADPG,-1,0,-1,O=C(Nc1cnc2[nH]c(-c3cccnc3)cc2c1)c1ccn[nH]1,train
CHEMBL5900191,CC(C)(C)Oc1ccc(-c2cc3c(N4CC(C(=O)NCc5ccc(Cl)cc5)C4)ncnn3c2)cc1,VPZCOGGZDCVEPJ,-1,1,-1,O=C(NCc1ccccc1)C1CN(c2ncnn3cc(-c4ccccc4)cc23)C1,train
CHEMBL5900865,CC1(C(=O)NCc2ccc(Cl)cc2F)CN(c2ncnn3cc(-c4ccc(S(C)(=O)=O)cc4)cc23)C1,RVOPWAGATDUNBR,-1,1,-1,O=C(NCc1ccccc1)C1CN(c2ncnn3cc(-c4ccccc4)cc23)C1,train
CHEMBL5900869,CC[C@H](NC(=O)C1CN(c2ncnn3cc(-c4cnn(C[C@@H](C)O)c4)cc23)C1)c1ccc(Cl)cc1,UKLDBMQTOPAFDF,-1,1,-1,O=C(NCc1ccccc1)C1CN(c2ncnn3cc(-c4cn[nH]c4)cc23)C1,train
CHEMBL5901078,COc1ccc2ncnc(N3CCN(c4ncc(Cc5ccccc5)cn4)CC3)c2c1,OMLUVFZSLAYASQ,-1,1,-1,c1ccc(Cc2cnc(N3CCN(c4ncnc5ccccc45)CC3)nc2)cc1,train
CHEMBL5902470,Cc1n[nH]c(C(=O)Nc2cnc3[nH]c(-c4cccc5c4OCC5)cc3c2)c1C,VFDUXUSBHXQRLO,-1,0,-1,O=C(Nc1cnc2[nH]c(-c3cccc4c3OCC4)cc2c1)c1ccn[nH]1,train
CHEMBL5903210,COc1ccc(-c2[nH]c(C3CCN(c4ncnc5[nH]c(-c6ccnc(OC)c6)cc45)CC3)nc2C)cc1,NDJACHUXQUQBDR,-1,1,-1,c1ccc(-c2cnc(C3CCN(c4ncnc5[nH]c(-c6ccncc6)cc45)CC3)[nH]2)cc1,train
CHEMBL5904419,COC1(C(=O)NCc2ccc(Cl)cc2F)CN(c2ncnn3cc(-c4cnn(C)c4)cc23)C1,FRHVWDSGBMAHHJ,-1,1,-1,O=C(NCc1ccccc1)C1CN(c2ncnn3cc(-c4cn[nH]c4)cc23)C1,train
CHEMBL5904467,COc1cc(-c2cc3c(N4CCC(c5nc(C)c(-c6ccc(Cl)cc6)[nH]5)CC4)ncnc3[nH]2)ccn1,UBFSDYKFUZVGKL,-1,1,-1,c1ccc(-c2cnc(C3CCN(c4ncnc5[nH]c(-c6ccncc6)cc45)CC3)[nH]2)cc1,train
CHEMBL5905173,Cc1nc(C2(C)CCN(c3ncnc4[nH]c(-c5ccc(C#N)cc5)cc34)CC2)[nH]c1-c1ccc(C(F)F)cc1,ZOMNYAFRSCFDJT,-1,1,-1,c1ccc(-c2cnc(C3CCN(c4ncnc5[nH]c(-c6ccccc6)cc45)CC3)[nH]2)cc1,train
CHEMBL5905804,Cn1cc(-c2cc3c(N4CC(C(=O)N[C@@H]5c6ccc(Cl)cc6C[C@@H]5O)C4)ncnn3c2)cn1,LSNIRQNUXVGARR,-1,1,-1,O=C(NC1CCc2ccccc21)C1CN(c2ncnn3cc(-c4cn[nH]c4)cc23)C1,train
CHEMBL5907334,Cc1nc(C2(C)CCN(c3ncnc4[nH]c(-c5ccc(OCC(=O)O)cc5)cc34)CC2)[nH]c1-c1cccc(OC(F)F)c1,JVVAMVMDZNEZNV,-1,1,-1,c1ccc(-c2cnc(C3CCN(c4ncnc5[nH]c(-c6ccccc6)cc45)CC3)[nH]2)cc1,train
CHEMBL5907874,CC(C)(C)Oc1ccc(-c2cc3c(N4CC(NC(=O)Cc5ccc(Cl)cc5Cl)C4)ncnn3c2)cc1,UPSFROZEAXWWJP,-1,1,-1,O=C(Cc1ccccc1)NC1CN(c2ncnn3cc(-c4ccccc4)cc23)C1,train
CHEMBL5907937,COc1ccc(COc2ccc(Nc3ccc4ncc(N(C)C)nc4c3C#N)cc2OC)cc1C#N,UXQVASIWKQXCEL,-1,1,0,c1ccc(COc2ccc(Nc3ccc4nccnc4c3)cc2)cc1,train
CHEMBL5908077,COc1ccc(-c2[nH]c(C3(C)CCN(c4ncnc5[nH]c(-c6ccc(C#N)cc6)cc45)CC3)nc2C)cc1F,SLANASJUAOGHLW,-1,1,-1,c1ccc(-c2cnc(C3CCN(c4ncnc5[nH]c(-c6ccccc6)cc45)CC3)[nH]2)cc1,train
CHEMBL5908757,Cc1cncc(-c2cc3cc(NC(=O)c4[nH]nc(C)c4C)cnc3[nH]2)c1,DHUHMQYLAMDKKX,-1,0,-1,O=C(Nc1cnc2[nH]c(-c3cccnc3)cc2c1)c1ccn[nH]1,train
CHEMBL5909527,COc1cc(Nc2ccc3ncc(N4CCOCC4)nc3c2C#N)ccc1OCc1cccc(C#N)c1,YTAQYKCIXYHJLQ,-1,1,0,c1ccc(COc2ccc(Nc3ccc4ncc(N5CCOCC5)nc4c3)cc2)cc1,train
CHEMBL5909638,COc1cc2ncnc(N3CCN(c4ncc(Cc5ccccc5)cn4)CC3)c2cc1OC[C@H]1CCCN(C)C1,FAGYUJSNHOJPPP,-1,1,-1,c1ccc(Cc2cnc(N3CCN(c4ncnc5ccc(OCC6CCCNC6)cc45)CC3)nc2)cc1,train
CHEMBL5909899,COc1ccc(-c2cc3cc(NC(=O)c4[nH]nc(C)c4C)cnc3[nH]2)c(C)n1,JZYOPBBICNUQQM,-1,0,-1,O=C(Nc1cnc2[nH]c(-c3cccnc3)cc2c1)c1ccn[nH]1,train
CHEMBL5909918,CC[C@H](NC(=O)C1(C)CN(c2ncnn3cc(-c4ccc(C(C)(C)O)cc4)cc23)C1)c1ccc(Cl)cc1,JJKQKUZRRFUUFE,-1,1,-1,O=C(NCc1ccccc1)C1CN(c2ncnn3cc(-c4ccccc4)cc23)C1,train
CHEMBL5910195,COc1ccc(COc2ccc(Nc3ccc4ncc(N5CCC5)nc4c3C#N)cc2OC)cn1,SFFXNIQLGOVCBD,-1,1,0,c1cncc(COc2ccc(Nc3ccc4ncc(N5CCC5)nc4c3)cc2)c1,train
CHEMBL5910466,COc1cc(Nc2ccc3ncc(N4CCOCC4)nc3c2C#N)ccc1OCc1ccc(Cl)cc1,ANKWXLPVGDMRLF,-1,1,0,c1ccc(COc2ccc(Nc3ccc4ncc(N5CCOCC5)nc4c3)cc2)cc1,train
CHEMBL5911382,Cc1cc(C#N)ccc1-c1cc2cc(NC(=O)c3[nH]nc(C)c3C)cnc2[nH]1,FEXIZYNGDCNYBB,-1,0,-1,O=C(Nc1cnc2[nH]c(-c3ccccc3)cc2c1)c1ccn[nH]1,train
CHEMBL5911693,COc1cc2ncnc(N3CCN(c4ncc(Nc5ccc(C#N)cc5)cn4)CC3)c2cc1OC,HUVKBLUPNBDQOA,-1,1,-1,c1ccc(Nc2cnc(N3CCN(c4ncnc5ccccc45)CC3)nc2)cc1,train
CHEMBL5911783,COC1(C(=O)NCc2ccc(C)cc2)CN(c2ncnn3cc(-c4cnn(CC(C)(C)O)c4)cc23)C1,UERYBGOTIUYIII,-1,1,-1,O=C(NCc1ccccc1)C1CN(c2ncnn3cc(-c4cn[nH]c4)cc23)C1,train
CHEMBL5912210,COc1cc(Nc2ccc3ncc(N4CCOCC4)nc3c2C#N)ccc1OCc1ccc(C#N)cc1,DSTQFYMRCGIEAC,-1,1,0,c1ccc(COc2ccc(Nc3ccc4ncc(N5CCOCC5)nc4c3)cc2)cc1,train
CHEMBL5912767,COc1cc(-c2cc3c(N4CCC(c5nc(C)c(-c6ccc(OC(C)C)cc6)[nH]5)CC4)ncnc3[nH]2)ccn1,CKSGKMZOMOWHKR,-1,1,-1,c1ccc(-c2cnc(C3CCN(c4ncnc5[nH]c(-c6ccncc6)cc45)CC3)[nH]2)cc1,train
CHEMBL5913320,CC(C)(C)Oc1ccc(-c2cc3c(N4CC(C(=O)Nc5ccc(C#N)cc5)C4)ncnn3c2)cc1,MWPARJCUIHLXIK,-1,1,-1,O=C(Nc1ccccc1)C1CN(c2ncnn3cc(-c4ccccc4)cc23)C1,train
CHEMBL5913437,CCOc1cc(-c2cc3c(N4CCC(c5nc(C)c(-c6ccccc6)[nH]5)CC4)ncnc3[nH]2)ccn1,WYEJSZBEVVBRFC,-1,1,-1,c1ccc(-c2cnc(C3CCN(c4ncnc5[nH]c(-c6ccncc6)cc45)CC3)[nH]2)cc1,train
CHEMBL5913572,COc1cc2ncnc(N3CCN(c4ncc(OCc5ccccc5)cn4)CC3)c2cc1OC,KEDFRWLZRXCNQF,-1,1,-1,c1ccc(COc2cnc(N3CCN(c4ncnc5ccccc45)CC3)nc2)cc1,train
CHEMBL5913862,COc1ccc(COc2ccc(Nc3ccc4ncc(N5CCN(C6CC6)CC5)nc4c3C#N)cc2OC)cn1,LQKAPWGORLIWKK,-1,1,0,c1cncc(COc2ccc(Nc3ccc4ncc(N5CCN(C6CC6)CC5)nc4c3)cc2)c1,train
CHEMBL5915061,CC(C)(C)Oc1ccc(-c2cc3c(N4CC(C(=O)NCc5ccc(F)cc5)C4)ncnn3c2)cc1,GFBQJXGMOVOVPT,-1,1,-1,O=C(NCc1ccccc1)C1CN(c2ncnn3cc(-c4ccccc4)cc23)C1,train
CHEMBL5915109,COc1cc(Nc2ccc3ncc(N4CCOCC4)nc3c2C#N)ccc1OCc1ccc(C)s1,HPTGOUWMPCJHLG,-1,1,0,c1csc(COc2ccc(Nc3ccc4ncc(N5CCOCC5)nc4c3)cc2)c1,train
CHEMBL5916684,Cc1ccc(-c2[nH]c(C3CCN(c4ncnc5[nH]c(-c6ccc(C#N)cc6)cc45)CC3)nc2C)s1,IMXYPCMAQLGYCR,-1,1,-1,c1ccc(-c2cc3c(N4CCC(c5ncc(-c6cccs6)[nH]5)CC4)ncnc3[nH]2)cc1,train
CHEMBL5916924,Cc1n[nH]c(C(=O)Nc2cnc3[nH]c(C4=CCC(N)CC4)cc3c2)c1C,MDSOOJUXHWHJKH,-1,0,-1,O=C(Nc1cnc2[nH]c(C3=CCCCC3)cc2c1)c1ccn[nH]1,train
CHEMBL5917407,Cn1cc(-c2cc3c(N4CC(C(=O)N[C@@H](CC(C)(C)O)c5ccc(Cl)cc5)C4)ncnn3c2)cn1,MQZDGQBBDOKWFC,-1,1,-1,O=C(NCc1ccccc1)C1CN(c2ncnn3cc(-c4cn[nH]c4)cc23)C1,train
CHEMBL5917587,CC(=O)N1CC=C(c2cc3cc(NC(=O)c4[nH]nc(C)c4Cl)cnc3[nH]2)CC1,IJSUKJCSNRYBNR,-1,0,-1,O=C(Nc1cnc2[nH]c(C3=CCNCC3)cc2c1)c1ccn[nH]1,train
CHEMBL5918214,COc1ccc(-c2cc3cc(NC(=O)c4[nH]nc(C)c4C)cnc3[nH]2)c(F)c1,ISNMPCUPTRNFEQ,-1,0,-1,O=C(Nc1cnc2[nH]c(-c3ccccc3)cc2c1)c1ccn[nH]1,train
CHEMBL5918454,COc1cc2ncnc(N3CCN(c4ncc(Cc5ccccc5)cn4)CC3)c2cc1OC1CCNCC1,VGXFIMRPHNSXCQ,-1,1,-1,c1ccc(Cc2cnc(N3CCN(c4ncnc5ccc(OC6CCNCC6)cc45)CC3)nc2)cc1,train
CHEMBL5918550,CC[C@H](NC(=O)C1CN(c2ncnn3cc(-c4ccc(C(C)(O)CC)cc4)cc23)C1)c1ccc(Cl)cc1,UNEADBPVCZGEKB,-1,1,-1,O=C(NCc1ccccc1)C1CN(c2ncnn3cc(-c4ccccc4)cc23)C1,train
CHEMBL5918555,COc1cc2ncnc(N3CCN(c4ncc(Nc5cccc(C)c5)cn4)CC3)c2cc1OC,ZHMMWXDQZOCOMD,-1,1,-1,c1ccc(Nc2cnc(N3CCN(c4ncnc5ccccc45)CC3)nc2)cc1,train
CHEMBL5919289,C[C@H](NC(=O)C1CN(c2ncnn3cc(-c4cnn(C(C)(C)CO)c4)cc23)C1)c1ccc(F)cc1,PHIXFANBRORXEE,-1,1,-1,O=C(NCc1ccccc1)C1CN(c2ncnn3cc(-c4cn[nH]c4)cc23)C1,train
CHEMBL5919471,Cc1cc2c(N3CCC(C)(c4nc(C)c(-c5ccc(C(F)F)cc5)[nH]4)CC3)ncnc2[nH]1,VPBONSWQKQPIKL,-1,1,-1,c1ccc(-c2cnc(C3CCN(c4ncnc5[nH]ccc45)CC3)[nH]2)cc1,train
CHEMBL5919518,CN1CCC(COc2ccc3ncnc(N4CCN(c5ncc(Cc6ccccc6)c(=O)[nH]5)CC4)c3c2)CC1,RQQZUFJLVOMXSE,-1,1,-1,O=c1[nH]c(N2CCN(c3ncnc4ccc(OCC5CCNCC5)cc34)CC2)ncc1Cc1ccccc1,train
CHEMBL5919744,COc1ccc(-c2cc3c(N4CCC(C)(c5nc(C)c(-c6ccc(OC)c(F)c6)[nH]5)CC4)ncnc3[nH]2)cn1,LIEMHOXTSYGETN,-1,1,-1,c1ccc(-c2cnc(C3CCN(c4ncnc5[nH]c(-c6cccnc6)cc45)CC3)[nH]2)cc1,train
CHEMBL5919779,COc1cc(-c2cc3c(N4CCC(C)(c5nc(C)c(-c6ccccc6)[nH]5)CC4)ncnc3[nH]2)ccn1,LRIWKORGRPRMLY,-1,1,-1,c1ccc(-c2cnc(C3CCN(c4ncnc5[nH]c(-c6ccncc6)cc45)CC3)[nH]2)cc1,train
CHEMBL5919923,Cc1ccc(CNC(=O)C2(C)CN(c3ncnn4cc(-c5cnn(C)c5)cc34)C2)cc1,QUNCFEWIDBEFAQ,-1,1,-1,O=C(NCc1ccccc1)C1CN(c2ncnn3cc(-c4cn[nH]c4)cc23)C1,train
CHEMBL5920377,CN(C)C(=O)c1ccc(-c2cc3c(N4CC(C(=O)N[C@@H](CO)c5ccccc5)C4)ncnn3c2)cc1,PADVXYVDVSZXBQ,-1,1,-1,O=C(NCc1ccccc1)C1CN(c2ncnn3cc(-c4ccccc4)cc23)C1,train
CHEMBL5920435,C[C@H](NC(=O)C1CN(c2ncnn3cc(-c4ccc(OC(C)(C)C)cc4)cc23)C1)c1ccc(Cl)cc1,UTXNUWNBWCKTRD,-1,1,-1,O=C(NCc1ccccc1)C1CN(c2ncnn3cc(-c4ccccc4)cc23)C1,train
CHEMBL5920827,CNC(=O)c1ccc(-c2cc3c(N4CCC(C)(c5nc(C)c(-c6ccc(C(F)F)cc6)[nH]5)CC4)ncnc3[nH]2)cn1,HPLNVJVMCJLLSB,-1,1,-1,c1ccc(-c2cnc(C3CCN(c4ncnc5[nH]c(-c6cccnc6)cc45)CC3)[nH]2)cc1,train
CHEMBL5920857,Cn1cc(-c2cc3c(N4CC(C)(C(=O)Nc5ccc(C#N)cc5)C4)ncnn3c2)cn1,QVCZDUSEWPVTMP,-1,1,-1,O=C(Nc1ccccc1)C1CN(c2ncnn3cc(-c4cn[nH]c4)cc23)C1,train
CHEMBL5920889,Cc1ccc(CNC(=O)C2(C)CN(c3ncnn4cc(-c5ccc(C(C)(C)O)cc5)cc34)C2)cc1,NQRXCIGOTFGGFQ,-1,1,-1,O=C(NCc1ccccc1)C1CN(c2ncnn3cc(-c4ccccc4)cc23)C1,train
CHEMBL5921501,COc1ccc(Cc2cnc(N3CCN(c4ncnc5cc(OC)c(OC)cc45)CC3)nc2)cc1,APDPTRBEIRLLIE,-1,1,-1,c1ccc(Cc2cnc(N3CCN(c4ncnc5ccccc45)CC3)nc2)cc1,train
CHEMBL5921656,Cc1nn(C)cc1-c1cc2c(N3CCC(c4nc(C)c(-c5ccc(OC(F)(F)F)cc5)[nH]4)CC3)ncnc2[nH]1,KDYZVRFKXNGHMG,-1,1,-1,c1ccc(-c2cnc(C3CCN(c4ncnc5[nH]c(-c6cn[nH]c6)cc45)CC3)[nH]2)cc1,train
CHEMBL5921843,CNC(=O)c1ccc(-c2cc3c(N4CCC(C)(c5nc(C)c(-c6cccc(OC)c6)[nH]5)CC4)ncnc3[nH]2)cn1,VKOFQLXLUXJKTQ,-1,1,-1,c1ccc(-c2cnc(C3CCN(c4ncnc5[nH]c(-c6cccnc6)cc45)CC3)[nH]2)cc1,train
CHEMBL5923304,COc1cc2ncnc(N3CCN(c4ncc(NC(C)c5ccccc5)cn4)CC3)c2cc1OC,VPMCGGWPXBIYGR,-1,1,-1,c1ccc(CNc2cnc(N3CCN(c4ncnc5ccccc45)CC3)nc2)cc1,train
CHEMBL5923838,COc1cc(Nc2ccc3ncc(N4CCOCC4)nc3c2C#N)ccc1OCc1cnccn1,JGSFWGIZJTVQPE,-1,1,0,c1cnc(COc2ccc(Nc3ccc4ncc(N5CCOCC5)nc4c3)cc2)cn1,train
CHEMBL5925584,Cn1cc(-c2cc3c(N4CC(NC(=O)C5(c6ccc(Cl)cc6)CC5)C4)ncnn3c2)cn1,UNYWRPMZRGHOSK,-1,1,-1,O=C(NC1CN(c2ncnn3cc(-c4cn[nH]c4)cc23)C1)C1(c2ccccc2)CC1,train
CHEMBL5926037,COc1ccc(-c2[nH]c(C3CCN(c4ncnc5[nH]c(-c6cnn(C(F)F)c6)cc45)CC3)nc2C)cc1,FPNZOPGNTWPRIK,-1,1,-1,c1ccc(-c2cnc(C3CCN(c4ncnc5[nH]c(-c6cn[nH]c6)cc45)CC3)[nH]2)cc1,train
CHEMBL5926076,Cc1ccc(CNC(=O)C2CN(c3ncnn4cc(-c5ccc(OCC(C)(C)O)cc5)cc34)C2)cc1,NXOLNEWRZSZFEE,-1,1,-1,O=C(NCc1ccccc1)C1CN(c2ncnn3cc(-c4ccccc4)cc23)C1,train
CHEMBL5926976,COc1ccc(COc2ccc(Nc3ccc4ncc(N5CCNCC5)nc4c3C#N)cc2OC)cc1,LNSKJTUKNUJEQM,-1,1,0,c1ccc(COc2ccc(Nc3ccc4ncc(N5CCNCC5)nc4c3)cc2)cc1,train
CHEMBL5927768,CC[C@H](NC(=O)C1CN(c2ncnn3cc(-c4cnn(C[C@H](C)O)c4)cc23)C1)c1ccc(Cl)cc1,UKLDBMQTOPAFDF,-1,1,-1,O=C(NCc1ccccc1)C1CN(c2ncnn3cc(-c4cn[nH]c4)cc23)C1,train
CHEMBL5927887,Cc1ccc(CNC(=O)C2CN(c3ncnn4cc(-c5ccc(C6(O)CCCC6)cc5)cc34)C2)cc1,NPYYUNDAUOWCKE,-1,1,-1,O=C(NCc1ccccc1)C1CN(c2ncnn3cc(-c4ccc(C5CCCC5)cc4)cc23)C1,train
CHEMBL5927912,Cc1ccc(CNC(=O)C2CN(c3ncnn4cc(-c5cccc(Cl)c5)cc34)C2)cc1,QUYYXAZBOJEDIK,-1,1,-1,O=C(NCc1ccccc1)C1CN(c2ncnn3cc(-c4ccccc4)cc23)C1,train
CHEMBL5928859,CC[C@H](NC(=O)C1CN(c2ncnn3cc(-c4cn[nH]c4)cc23)C1)c1ccc(Cl)cc1,YOIZTVUVGOMGDL,-1,1,-1,O=C(NCc1ccccc1)C1CN(c2ncnn3cc(-c4cn[nH]c4)cc23)C1,train
CHEMBL5929389,COC(=O)N1CC=C(c2cc3c(N4CC(C(=O)Nc5ccc(C#N)cc5)C4)ncnn3c2)CC1,UDFYPFGVAKGFKG,-1,1,-1,O=C(Nc1ccccc1)C1CN(c2ncnn3cc(C4=CCNCC4)cc23)C1,train
CHEMBL5929419,Cc1nc(C2CCN(c3ncnc4[nH]c(-c5ccc(F)cc5)cc34)CC2)[nH]c1-c1ccccc1,ZDKDTUKRVULWGY,-1,1,-1,c1ccc(-c2cnc(C3CCN(c4ncnc5[nH]c(-c6ccccc6)cc45)CC3)[nH]2)cc1,train
CHEMBL5930723,COc1cc2ncnc(N3CCN(c4ncc(OCc5ccc(F)cc5)cn4)CC3)c2cc1OC,YTUNQZNOIZKFLB,-1,1,-1,c1ccc(COc2cnc(N3CCN(c4ncnc5ccccc45)CC3)nc2)cc1,train
CHEMBL5930843,Cc1ccc(CNC(=O)C2CN(c3ncnn4cc(-c5cnn(C)c5N)cc34)C2)cc1,DPVFFJRCBARMQY,-1,1,-1,O=C(NCc1ccccc1)C1CN(c2ncnn3cc(-c4cn[nH]c4)cc23)C1,train
CHEMBL5931117,COc1ccc(-c2[nH]c(C3CCN(c4ncnc5[nH]c(-c6ccc(C#N)cc6)cc45)CC3)nc2C)cc1C,MFSVSQJYJSBOOK,-1,1,-1,c1ccc(-c2cnc(C3CCN(c4ncnc5[nH]c(-c6ccccc6)cc45)CC3)[nH]2)cc1,train
CHEMBL5931228,CS(=O)(=O)c1ccc(-c2cc3c(N4CC(C(=O)Nc5ccc(C#N)cc5)C4)ncnn3c2)cc1,VFRXDLXNKKIMLN,-1,1,-1,O=C(Nc1ccccc1)C1CN(c2ncnn3cc(-c4ccccc4)cc23)C1,train
CHEMBL5931840,Cc1ccc(CNC(=O)C2(C)CN(c3ncnn4cc(-c5ccc6c(c5)CC(=O)N6)cc34)C2)cc1,DMULGOHNLFEIOG,-1,1,-1,O=C1Cc2cc(-c3cc4c(N5CC(C(=O)NCc6ccccc6)C5)ncnn4c3)ccc2N1,train
CHEMBL5931897,CC[C@H](NC(=O)C1CN(c2ncnn3cc(-c4ccc(=O)n(C)c4)cc23)C1)c1ccc(Cl)cc1,JMKHVIVECQVURI,-1,1,-1,O=C(NCc1ccccc1)C1CN(c2ncnn3cc(-c4ccc(=O)[nH]c4)cc23)C1,train
CHEMBL5934519,Cc1ccc(CNC(=O)C2(C)CN(c3ncnn4cc(-c5ccc(N6CCCC6=O)cc5)cc34)C2)cc1,NVUSPGUCMNXYNJ,-1,1,-1,O=C(NCc1ccccc1)C1CN(c2ncnn3cc(-c4ccc(N5CCCC5=O)cc4)cc23)C1,train
CHEMBL5934926,Cc1n[nH]c(C(=O)Nc2cnc3[nH]c(-c4ccccc4F)nc3c2)c1C,KRQCWRBXNVLEGV,-1,0,-1,O=C(Nc1cnc2[nH]c(-c3ccccc3)nc2c1)c1ccn[nH]1,train
CHEMBL5934973,Cc1ccc(CNC(=O)C2CN(c3ncnn4cc(-c5cnn(C(C)(C)CO)c5)cc34)C2)cc1,XPPPIIUYFWQVNW,-1,1,-1,O=C(NCc1ccccc1)C1CN(c2ncnn3cc(-c4cn[nH]c4)cc23)C1,train
CHEMBL5935158,Cc1ccc(CNC(=O)C2CN(c3ncnn4cc(-c5cnn(C)c5C)cc34)C2)cc1,OPOPABXODZVWMQ,-1,1,-1,O=C(NCc1ccccc1)C1CN(c2ncnn3cc(-c4cn[nH]c4)cc23)C1,train
CHEMBL5935884,Cc1ccc(CNC(=O)C2CN(c3ncnn4cc(-c5cnn(CC(C)(C)O)c5)cc34)C2)c(F)c1,GBBIHBPHBIUQSQ,-1,1,-1,O=C(NCc1ccccc1)C1CN(c2ncnn3cc(-c4cn[nH]c4)cc23)C1,train
CHEMBL5936241,CCC(=O)N1CCC=C(c2cc3c(N4CC(C(=O)NCc5ccc(C)cc5)C4)ncnn3c2)C1,NPFKUZZQJAHSKQ,-1,1,-1,O=C(NCc1ccccc1)C1CN(c2ncnn3cc(C4=CCCNC4)cc23)C1,train
CHEMBL5936254,C[C@H](O)Cn1cc(-c2cc3c(N4CC(C(=O)N[C@@H](C)c5ccc(F)cc5)C4)ncnn3c2)cn1,DSLDXODHJFDLBR,-1,1,-1,O=C(NCc1ccccc1)C1CN(c2ncnn3cc(-c4cn[nH]c4)cc23)C1,train
CHEMBL5936704,CCC(C)(C)Oc1ccc(-c2cc3c(N4CC(C(=O)NCc5ccc(C)cc5)C4)ncnn3c2)cc1,RAAXYNQRXGNHIN,-1,1,-1,O=C(NCc1ccccc1)C1CN(c2ncnn3cc(-c4ccccc4)cc23)C1,train
CHEMBL5937045,COc1ccc(-c2[nH]c(C3(C)CCN(c4ncnc5[nH]c(-c6cnn(C(F)F)c6)cc45)CC3)nc2C)cc1C,QSAQUQUUXPPWSH,-1,1,-1,c1ccc(-c2cnc(C3CCN(c4ncnc5[nH]c(-c6cn[nH]c6)cc45)CC3)[nH]2)cc1,train
CHEMBL5937069,COc1cc2ncnc(N3CCN(c4ncc(N(C)Cc5ccccc5)cn4)CC3)c2cc1OC,PKRRSMHGFYCCLR,-1,1,-1,c1ccc(CNc2cnc(N3CCN(c4ncnc5ccccc45)CC3)nc2)cc1,train
CHEMBL5937601,Cc1n[nH]c(C(=O)Nc2cnc3[nH]c(-c4ccncc4Cl)cc3c2)c1C,BYOYRPXBPUSGTH,-1,0,-1,O=C(Nc1cnc2[nH]c(-c3ccncc3)cc2c1)c1ccn[nH]1,train
CHEMBL5939241,CC(C)n1cc(-c2cc3c(N4CC(C(=O)Nc5ccc(C#N)cc5)C4)ncnn3c2)cn1,NLTZVTYJVVQNRI,-1,1,-1,O=C(Nc1ccccc1)C1CN(c2ncnn3cc(-c4cn[nH]c4)cc23)C1,train
CHEMBL5939437,COc1cc2ncnc(N3CC4CCC(C3)N4c3ncc(Cc4ccccc4)cn3)c2cc1OC,JXTPLHYVUOLWOZ,-1,1,-1,c1ccc(Cc2cnc(N3C4CCC3CN(c3ncnc5ccccc35)C4)nc2)cc1,train
CHEMBL5940576,CCOc1ccc(-c2[nH]c(C3CCN(c4ncnc5[nH]c(-c6cnn(C(F)F)c6)cc45)CC3)nc2C)cc1C,WXPTZHZIRDKONL,-1,1,-1,c1ccc(-c2cnc(C3CCN(c4ncnc5[nH]c(-c6cn[nH]c6)cc45)CC3)[nH]2)cc1,train
CHEMBL5941350,CC[C@H](NC(=O)C1CN(c2ncnn3cc(-c4cnn([C@H](C)C(C)(C)O)c4)cc23)C1)c1ccc(Cl)cc1,FKMCOMBDOWMXCA,-1,1,-1,O=C(NCc1ccccc1)C1CN(c2ncnn3cc(-c4cn[nH]c4)cc23)C1,train
CHEMBL5941642,Cc1n[nH]c(C(=O)Nc2cnc3[nH]c(-c4cnc(C(C)C)nc4)cc3c2)c1C,DCKKYENXNLFABI,-1,0,-1,O=C(Nc1cnc2[nH]c(-c3cncnc3)cc2c1)c1ccn[nH]1,train
CHEMBL5942836,CC[C@H](NC(=O)C1CN(c2ncnn3cc(-c4cnn(C(C)C(C)O)c4)cc23)C1)c1ccc(Cl)cc1,YECAGHZJRWHDBN,-1,1,-1,O=C(NCc1ccccc1)C1CN(c2ncnn3cc(-c4cn[nH]c4)cc23)C1,train
CHEMBL5942964,Cc1cc(C(=O)Nc2cnc3[nH]c(-c4ccc(F)cc4)cc3c2)[nH]n1,QJNRMWZFEHLNIN,-1,0,-1,O=C(Nc1cnc2[nH]c(-c3ccccc3)cc2c1)c1ccn[nH]1,train
CHEMBL5944498,Cc1ccc(CNC(=O)C2CN(c3ncnn4cc(-c5cccc(OC(C)(C)C)c5)cc34)C2)cc1,CLZNKXJBOWCDQD,-1,1,-1,O=C(NCc1ccccc1)C1CN(c2ncnn3cc(-c4ccccc4)cc23)C1,train
CHEMBL5944969,CC[C@H](NC(=O)C1CN(c2ncnn3cc(-c4ccc(C5(O)CCC5)cc4)cc23)C1)c1ccc(Cl)cc1,CCNGNICGYHOPNY,-1,1,-1,O=C(NCc1ccccc1)C1CN(c2ncnn3cc(-c4ccc(C5CCC5)cc4)cc23)C1,train
CHEMBL5945055,CCOC(=O)N1CC=C(c2cc3c(N4CC(C(=O)N[C@@H](CC)c5ccc(Cl)cc5)C4)ncnn3c2)CC1,DQPUWZXPHWXNDQ,-1,1,-1,O=C(NCc1ccccc1)C1CN(c2ncnn3cc(C4=CCNCC4)cc23)C1,train
CHEMBL5945554,Cn1cc(-c2cc3c(N4CC(C(=O)NCc5ccc(Cl)cc5F)C4)ncnn3c2)cn1,WEBINEPAQSEKLR,-1,1,-1,O=C(NCc1ccccc1)C1CN(c2ncnn3cc(-c4cn[nH]c4)cc23)C1,train
CHEMBL5945711,COc1ccc(COc2ccc(Nc3ccc4ncc(OC)nc4c3C#N)cc2OC)cc1,LLPKSTJFLXITBK,-1,1,0,c1ccc(COc2ccc(Nc3ccc4nccnc4c3)cc2)cc1,train
CHEMBL5946583,Cn1cc(-c2cc(Oc3ccc(NC(=O)N4CCC5(CCC(=O)C5)C4=O)nc3)ccn2)cn1,MPDAYIPCEWJKOY,-1,1,1,O=C1CCC2(CCN(C(=O)Nc3ccc(Oc4ccnc(-c5cn[nH]c5)c4)cn3)C2=O)C1,train
CHEMBL5946963,CCOc1ccc(-c2[nH]c(C3(C)CCN(c4ncnc5[nH]c(-c6ccc(OC)nc6)cc45)CC3)nc2C)cc1,GYDSXEMGFKUFSB,-1,1,-1,c1ccc(-c2cnc(C3CCN(c4ncnc5[nH]c(-c6cccnc6)cc45)CC3)[nH]2)cc1,train
CHEMBL5947050,CC[C@H](NC(=O)C1CN(c2ncnn3cc(-c4cnn(C)c4)cc23)C1)c1ccc(F)cc1,RKVXYJPDRYLZND,-1,1,-1,O=C(NCc1ccccc1)C1CN(c2ncnn3cc(-c4cn[nH]c4)cc23)C1,train
CHEMBL5947347,CCC1(c2nc(C)c(-c3ccc(OC)cc3)[nH]2)CCN(c2ncnc3[nH]c(-c4ccc(F)cc4)cc23)CC1,VMJQDQAUQPDTHD,-1,1,-1,c1ccc(-c2cnc(C3CCN(c4ncnc5[nH]c(-c6ccccc6)cc45)CC3)[nH]2)cc1,train
CHEMBL5948130,COc1cncc(-c2cc3cc(NC(=O)c4[nH]nc(C)c4C)cnc3[nH]2)c1,OBSGDKDGDBXCDQ,-1,0,-1,O=C(Nc1cnc2[nH]c(-c3cccnc3)cc2c1)c1ccn[nH]1,train
CHEMBL5949439,Cc1n[nH]c(C(=O)Nc2cnc3[nH]c(-c4cccnc4C(F)(F)F)cc3c2)c1C,CDKCJDJECZOFOL,-1,0,-1,O=C(Nc1cnc2[nH]c(-c3cccnc3)cc2c1)c1ccn[nH]1,train
CHEMBL5949762,COc1cc2ncnc(N3CCN(c4ncc(Nc5ccc(C)cc5)cn4)CC3)c2cc1OC,STMMMHXCCMMUDN,-1,1,-1,c1ccc(Nc2cnc(N3CCN(c4ncnc5ccccc45)CC3)nc2)cc1,train
CHEMBL5949983,Cc1ccc(CNC(=O)C2(CN)CN(c3ncnn4cc(-c5cnn(C)c5)cc34)C2)cc1,BUGXTBZIUZCZOW,-1,1,-1,O=C(NCc1ccccc1)C1CN(c2ncnn3cc(-c4cn[nH]c4)cc23)C1,train
CHEMBL5950042,Cc1ccc(CNC(=O)C2(C)CN(c3ncnn4cc(-c5ccc(S(C)(=O)=O)cc5)cc34)C2)cc1,LQURNCKWCPAKTI,-1,1,-1,O=C(NCc1ccccc1)C1CN(c2ncnn3cc(-c4ccccc4)cc23)C1,train
CHEMBL5950262,Cc1[nH]nc(C(=O)Nc2cnc3[nH]c(-c4ccc(N5CCOCC5)cc4)cc3c2)c1C,VMELDNUZIGJBOL,-1,0,-1,O=C(Nc1cnc2[nH]c(-c3ccc(N4CCOCC4)cc3)cc2c1)c1cc[nH]n1,train
CHEMBL5950350,COc1cccc(-c2[nH]c(C3(C)CCN(c4ncnc5[nH]c(-c6ccc(OCC(=O)O)cc6)cc45)CC3)nc2C)c1,HGTGOGPFEKOVBT,-1,1,-1,c1ccc(-c2cnc(C3CCN(c4ncnc5[nH]c(-c6ccccc6)cc45)CC3)[nH]2)cc1,train
CHEMBL5950434,COC(=O)N1CC=C(c2cc3c(N4CC(C)(C(=O)NCc5ccc(F)cc5F)C4)ncnn3c2)CC1,GFIZJUBMXZFHJP,-1,1,-1,O=C(NCc1ccccc1)C1CN(c2ncnn3cc(C4=CCNCC4)cc23)C1,train
CHEMBL5952934,CCOc1ccc(-c2[nH]c(C3(C)CCN(c4ncnc5[nH]c(-c6cnn(C(F)F)c6)cc45)CC3)nc2C)cc1F,NZWQNIAHVDTWCQ,-1,1,-1,c1ccc(-c2cnc(C3CCN(c4ncnc5[nH]c(-c6cn[nH]c6)cc45)CC3)[nH]2)cc1,train
CHEMBL5953267,CC(C)n1cc(-c2cc3c(N4CC(C)(C(=O)N[C@@H](C)c5ccc(Cl)cc5)C4)ncnn3c2)cn1,ISADYBNWKQEGOZ,-1,1,-1,O=C(NCc1ccccc1)C1CN(c2ncnn3cc(-c4cn[nH]c4)cc23)C1,train
CHEMBL5953751,CC(C)(C)Oc1ccc(-c2cc3c(N4CC(C(=O)NCc5ccc(F)cc5F)C4)ncnn3c2)cc1,CAAATRPHOLOJFO,-1,1,-1,O=C(NCc1ccccc1)C1CN(c2ncnn3cc(-c4ccccc4)cc23)C1,train
CHEMBL5954174,COc1cc(Nc2ccc3ncc(N4CCOCC4)nc3c2C#N)ccc1OCc1cccnc1,DRFRZGIWFXSSBF,-1,1,0,c1cncc(COc2ccc(Nc3ccc4ncc(N5CCOCC5)nc4c3)cc2)c1,train
CHEMBL5954496,COc1ccc(COc2ccc(Nc3ccc4ncc(N5CCN(CCO)CC5)nc4c3C#N)cc2OC)cn1,LHDMMYMUWSBMAH,-1,1,0,c1cncc(COc2ccc(Nc3ccc4ncc(N5CCNCC5)nc4c3)cc2)c1,train
CHEMBL5954602,O=C(Nc1cnc2[nH]c(-c3ccc(F)cc3)cc2c1)c1n[nH]c2ccccc12,CQBNIRFCGMICGX,-1,0,-1,O=C(Nc1cnc2[nH]c(-c3ccccc3)cc2c1)c1n[nH]c2ccccc12,train
CHEMBL5954772,Cc1n[nH]c(C(=O)Nc2cnc3[nH]c(-c4ccnc(N5CCN(S(C)(=O)=O)CC5)c4)cc3c2)c1C,VUIDZZSGNNTUBO,-1,0,-1,O=C(Nc1cnc2[nH]c(-c3ccnc(N4CCNCC4)c3)cc2c1)c1ccn[nH]1,train
CHEMBL5955503,CC(C)(C)Oc1ccc(-c2cc3c(N4CC(C(=O)N[C@@H](CCO)c5ccc(Cl)cc5)C4)ncnn3c2)cc1,WELWHQXPRVSCKX,-1,1,-1,O=C(NCc1ccccc1)C1CN(c2ncnn3cc(-c4ccccc4)cc23)C1,train
CHEMBL5955565,COc1ccc(-c2[nH]c(C3CCN(c4ncnc5[nH]c(-c6ccc(F)cc6)cc45)CC3)nc2C)cc1,BHUYVBNVHAHXQU,-1,1,-1,c1ccc(-c2cnc(C3CCN(c4ncnc5[nH]c(-c6ccccc6)cc45)CC3)[nH]2)cc1,train
CHEMBL5956414,CCc1ccc(CNC(=O)C2CN(c3ncnn4cc(-c5cnn(C)c5)cc34)C2)cc1,GZUZVLAKNVZBBQ,-1,1,-1,O=C(NCc1ccccc1)C1CN(c2ncnn3cc(-c4cn[nH]c4)cc23)C1,train
CHEMBL5957509,COc1ccc(-c2[nH]c(C3(C)CCN(c4ncnc5[nH]c(-c6ccc(N7CCOCC7)nc6)cc45)CC3)nc2C)cc1C,NJVCAZFWWGNRLD,-1,1,-1,c1ccc(-c2cnc(C3CCN(c4ncnc5[nH]c(-c6ccc(N7CCOCC7)nc6)cc45)CC3)[nH]2)cc1,train
CHEMBL5958118,COc1cc2ncnc(N3CCN(c4ncc(Cc5ccc(C(F)(F)F)cc5)cn4)CC3)c2cc1OC,HOBWXNWBKRZQGO,-1,1,-1,c1ccc(Cc2cnc(N3CCN(c4ncnc5ccccc45)CC3)nc2)cc1,train
CHEMBL5958604,CC[C@H](NC(=O)C1CN(c2ncnn3cc(-c4cnn(C)c4)cc23)C1)c1ccc(C)cc1,FDSLGRBVKBFXSL,-1,1,-1,O=C(NCc1ccccc1)C1CN(c2ncnn3cc(-c4cn[nH]c4)cc23)C1,train
CHEMBL5958705,COc1ccc(COc2ccc(Nc3ccc4ncc(N5CCN(C)CC5)nc4c3C#N)cc2OC)cn1,NDRNUYWTDMTLQM,-1,1,0,c1cncc(COc2ccc(Nc3ccc4ncc(N5CCNCC5)nc4c3)cc2)c1,train
CHEMBL5959465,Cc1ccc(CNC(=O)C2CN(c3ncnn4cc(-c5ccc(C6(C(F)(F)F)CC6)cc5)cc34)C2)cc1,PPQAHTIXPUZVMH,-1,1,-1,O=C(NCc1ccccc1)C1CN(c2ncnn3cc(-c4ccc(C5CC5)cc4)cc23)C1,train
CHEMBL5959578,CCC(=O)N1CC=C(c2cc3c(N4CC(C(=O)N[C@@H](CCO)c5ccc(Cl)cc5)C4)ncnn3c2)CC1,TUIPPLGIFDIFFV,-1,1,-1,O=C(NCc1ccccc1)C1CN(c2ncnn3cc(C4=CCNCC4)cc23)C1,train
CHEMBL5959998,COc1ncc(-c2[nH]c(C3CCN(c4ncnc5[nH]c(-c6ccc(C#N)cc6)cc45)CC3)nc2C)cc1F,UYZYUZCLXCINDL,-1,1,-1,c1ccc(-c2cc3c(N4CCC(c5ncc(-c6cccnc6)[nH]5)CC4)ncnc3[nH]2)cc1,train
CHEMBL5960624,COC(=O)N1CC=C(c2cc3c(N4CC(C(=O)N[C@@H](C)c5ccc(F)cc5)C4)ncnn3c2)CC1,KYKJXJQQQFYDNC,-1,1,-1,O=C(NCc1ccccc1)C1CN(c2ncnn3cc(C4=CCNCC4)cc23)C1,train
CHEMBL5960671,Cc1n[nH]c(C(=O)Nc2cnc(Nc3cccc(N4CCOCC4)c3)nc2)c1C,JQOSKBVNWYPPIZ,-1,0,-1,O=C(Nc1cnc(Nc2cccc(N3CCOCC3)c2)nc1)c1ccn[nH]1,train
CHEMBL5961126,Cc1nc(C2(C)CCN(c3ncnc4[nH]c(-c5ccc(F)cc5)cc34)CC2)[nH]c1-c1ccccc1,RSBOZUJNNSTBFC,-1,1,-1,c1ccc(-c2cnc(C3CCN(c4ncnc5[nH]c(-c6ccccc6)cc45)CC3)[nH]2)cc1,train
CHEMBL5961169,Cc1n[nH]c(C(=O)Nc2cnc3[nH]c(C#CCF)cc3c2)c1C,ZIJPEBIULOEUEW,-1,0,-1,O=C(Nc1cnc2[nH]ccc2c1)c1ccn[nH]1,train
CHEMBL5961370,COc1ccc(-c2[nH]c(C3CCN(c4ncnc5[nH]c(-c6ccc(F)cc6)cc45)CC3)nc2C)cc1C,AKRNEGNJJXZGNK,-1,1,-1,c1ccc(-c2cnc(C3CCN(c4ncnc5[nH]c(-c6ccccc6)cc45)CC3)[nH]2)cc1,train
CHEMBL5961686,COc1cc2ncnc(N3CCN(c4ncc(Cc5ccc(F)cc5)cn4)CC3)c2cc1OC,JBSALPQWLFXNKT,-1,1,-1,c1ccc(Cc2cnc(N3CCN(c4ncnc5ccccc45)CC3)nc2)cc1,train
CHEMBL5961996,Cc1nc(C2(C)CCN(c3ncnc4[nH]c(-c5cnn(C(F)F)c5)cc34)CC2)[nH]c1-c1cccc(OC(F)F)c1,SOSGLSYLDKRCKC,-1,1,-1,c1ccc(-c2cnc(C3CCN(c4ncnc5[nH]c(-c6cn[nH]c6)cc45)CC3)[nH]2)cc1,train
CHEMBL5963441,COc1cc(-c2cc3c(N4CC(C)(C(=O)NCc5ccc(C)cc5)C4)ncnn3c2)ccn1,PBNKFSHNRBFMAW,-1,1,-1,O=C(NCc1ccccc1)C1CN(c2ncnn3cc(-c4ccncc4)cc23)C1,train
CHEMBL5963661,Cn1cc(-c2cc3c(N4CC(C)(C(=O)NCc5ccc(Cl)cc5F)C4)ncnn3c2)c(N)n1,QJZCCYNUJLXLQY,-1,1,-1,O=C(NCc1ccccc1)C1CN(c2ncnn3cc(-c4cn[nH]c4)cc23)C1,train
CHEMBL5963964,COc1ccc(COc2ccc(Nc3ccc4ncc(N5CCOCC5)nc4c3C#N)cc2OC)cc1F,QBMIDSMPYLHRJI,-1,1,0,c1ccc(COc2ccc(Nc3ccc4ncc(N5CCOCC5)nc4c3)cc2)cc1,train
CHEMBL5964119,COc1cc2ncnc(N3CCN(c4ncc(Cc5ccc(C(C)(C)C)cc5)cn4)CC3)c2cc1OC,CSSSGBIKLGFVGW,-1,1,-1,c1ccc(Cc2cnc(N3CCN(c4ncnc5ccccc45)CC3)nc2)cc1,train
CHEMBL5964466,Cn1cc(-c2cc3c(N4CC(C(=O)Nc5ccc(C#N)cc5)C4)ncnn3c2)cn1,ROCXSAIYYWPSSY,-1,1,-1,O=C(Nc1ccccc1)C1CN(c2ncnn3cc(-c4cn[nH]c4)cc23)C1,train
CHEMBL5964677,COc1ccc(COc2ccc(Nc3ccc4ncc(N5CCCC5)nc4c3C#N)cc2OC)cn1,WJKBQKOJKMYEGY,-1,1,0,c1cncc(COc2ccc(Nc3ccc4ncc(N5CCCC5)nc4c3)cc2)c1,train
CHEMBL5965845,COc1cc2ncnc(N3CCN(c4ncc(Cc5ccccc5)cn4)CC3)c2cc1OCC(O)CO,YJSXBVADRVKWPD,-1,1,-1,c1ccc(Cc2cnc(N3CCN(c4ncnc5ccccc45)CC3)nc2)cc1,train
CHEMBL5965880,Cc1nc(C2(C)CCN(c3ncnc4[nH]c(-c5ccc(C#N)cc5)cc34)CC2)[nH]c1-c1ccc(OC(F)F)cc1,JDUMTLHQQURFEC,-1,1,-1,c1ccc(-c2cnc(C3CCN(c4ncnc5[nH]c(-c6ccccc6)cc45)CC3)[nH]2)cc1,train
CHEMBL5966005,COc1cc(Nc2ccc3ncc(N4CCOCC4)nc3c2C#N)ccc1OCc1cnn(C)c1,JRRVOKVKPMWSTL,-1,1,0,c1n[nH]cc1COc1ccc(Nc2ccc3ncc(N4CCOCC4)nc3c2)cc1,train
CHEMBL5966313,COc1cc2ncnc(N3CCN(c4ncc(Cc5ccccc5)cn4)C(C)C3)c2cc1OC,XJAAWJQEAXBXCQ,-1,1,-1,c1ccc(Cc2cnc(N3CCN(c4ncnc5ccccc45)CC3)nc2)cc1,train
CHEMBL5966316,Cc1nc(NC(=O)N2CCC3(CCC3)C2=O)ccc1Oc1ccnc(-c2cnn(C)c2)c1,DKIXPZZJZUEUGI,-1,1,0,O=C(Nc1ccc(Oc2ccnc(-c3cn[nH]c3)c2)cn1)N1CCC2(CCC2)C1=O,train
CHEMBL5966433,Cc1cc(-c2cc3cc(NC(=O)c4[nH]nc(C)c4C)cnc3[nH]2)cnc1C,YQGNRCJYORZOSH,-1,0,-1,O=C(Nc1cnc2[nH]c(-c3cccnc3)cc2c1)c1ccn[nH]1,train
CHEMBL5966444,Cc1nc(C2CCN(c3ncnc4[nH]c(-c5ccc(F)cc5)cc34)CC2)[nH]c1-c1ccc(OC(C)C)cc1,OLOZGFFTGAOZHU,-1,1,-1,c1ccc(-c2cnc(C3CCN(c4ncnc5[nH]c(-c6ccccc6)cc45)CC3)[nH]2)cc1,train
CHEMBL5967317,CNc1cnc2ccc(Nc3ccc(OCc4ccc(OC)cc4)c(OC)c3)cc2n1,UIPMDPVQJWNNSE,-1,1,0,c1ccc(COc2ccc(Nc3ccc4nccnc4c3)cc2)cc1,train
CHEMBL5968708,Cc1ccc(-c2cc3cc(NC(=O)c4[nH]nc(C)c4C)cnc3[nH]2)cn1,CVNRQLPAHPVLNW,-1,0,-1,O=C(Nc1cnc2[nH]c(-c3cccnc3)cc2c1)c1ccn[nH]1,train
CHEMBL5970442,CNC(=O)c1ccc(-c2cc3c(N4CCC(C)(c5nc(C)c(-c6ccc(OC)c(F)c6)[nH]5)CC4)ncnc3[nH]2)cn1,HNQHNDRPLOPEEO,-1,1,-1,c1ccc(-c2cnc(C3CCN(c4ncnc5[nH]c(-c6cccnc6)cc45)CC3)[nH]2)cc1,train
CHEMBL5970466,Fc1ccc(-c2cc3c(N4CCC(c5nnc(-c6cccc(OC(F)F)c6)[nH]5)CC4)ncnc3[nH]2)cc1,NJLGGIIYZXZGRH,-1,0,-1,c1ccc(-c2cc3c(N4CCC(c5nnc(-c6ccccc6)[nH]5)CC4)ncnc3[nH]2)cc1,train
CHEMBL5970650,COc1ccc(-c2cc3cc(NC(=O)c4[nH]nc(C)c4C)cnc3[nH]2)c(Cl)c1,VDZPWESGJPSXRH,-1,0,-1,O=C(Nc1cnc2[nH]c(-c3ccccc3)cc2c1)c1ccn[nH]1,train
CHEMBL5971817,COc1cc2ncnc(N3CCN(c4ncc(NCc5ccccc5C)cn4)CC3)c2cc1OC,HDEOXNYRVPLGBQ,-1,1,-1,c1ccc(CNc2cnc(N3CCN(c4ncnc5ccccc45)CC3)nc2)cc1,train
CHEMBL5971850,C[C@H](NC(=O)C1(C)CN(c2ncnn3cc(-c4ccc(C(C)(C)O)cc4)cc23)C1)c1ccc(F)cc1,HOSJZRDWMWDLLD,-1,1,-1,O=C(NCc1ccccc1)C1CN(c2ncnn3cc(-c4ccccc4)cc23)C1,train
CHEMBL5971908,COCc1ccc(COc2ccc(Nc3ccc4ncc(N5CCOCC5)nc4c3C#N)cc2OC)cn1,VCQWGRJAHXGNOV,-1,1,0,c1cncc(COc2ccc(Nc3ccc4ncc(N5CCOCC5)nc4c3)cc2)c1,train
CHEMBL5973254,CC(C)Oc1ccc(-c2cc3c(N4CC(C(=O)Nc5ccc(C#N)cc5)C4)ncnn3c2)cc1,JHEFYPRNTJNWQS,-1,1,-1,O=C(Nc1ccccc1)C1CN(c2ncnn3cc(-c4ccccc4)cc23)C1,train
CHEMBL5973614,CCOc1ccc(-c2[nH]c(C3(C)CCN(c4ncnc5[nH]c(-c6ccc(OCC(=O)O)cc6)cc45)CC3)nc2C)cc1C,KFLLPCKDSOFUNW,-1,1,-1,c1ccc(-c2cnc(C3CCN(c4ncnc5[nH]c(-c6ccccc6)cc45)CC3)[nH]2)cc1,train
CHEMBL5973724,COc1ccc(COc2ccc(Nc3ccc4ncc(N5CCOCC5)nc4c3C#N)cc2F)cc1,XHXHJFIVISTNQT,-1,1,0,c1ccc(COc2ccc(Nc3ccc4ncc(N5CCOCC5)nc4c3)cc2)cc1,train
CHEMBL5975652,COc1cc(Nc2ccc3ncc(N4CCC4)nc3c2C#N)ccc1OCc1cccc(C#N)c1,SZAHKGGQVVMLEW,-1,1,0,c1ccc(COc2ccc(Nc3ccc4ncc(N5CCC5)nc4c3)cc2)cc1,train
CHEMBL5975797,O=C(Nc1n[nH]c2cc(OCCOCc3ccccc3)ccc12)c1cccc(N2CCOCC2)c1,AKSDRERQQHIUIJ,-1,1,-1,O=C(Nc1n[nH]c2cc(OCCOCc3ccccc3)ccc12)c1cccc(N2CCOCC2)c1,train
CHEMBL5977206,CCCS(=O)(=O)Nc1cccc(Nc2ncc(NC(=O)c3[nH]nc(C)c3C)cn2)c1,SSZGRCXDTCMBHE,-1,0,-1,O=C(Nc1cnc(Nc2ccccc2)nc1)c1ccn[nH]1,train
CHEMBL5977598,COc1cc2ncnc(N3CCN(c4ncc(OCc5cccs5)cn4)CC3)c2cc1OC,SKFQAMCVVOGHAR,-1,1,-1,c1csc(COc2cnc(N3CCN(c4ncnc5ccccc45)CC3)nc2)c1,train
CHEMBL5977913,Cc1c(C(F)F)n[nH]c1C(=O)Nc1cnc2[nH]c(-c3ccc(F)cc3)cc2c1,VYUWCSZHSCPYAZ,-1,0,-1,O=C(Nc1cnc2[nH]c(-c3ccccc3)cc2c1)c1ccn[nH]1,train
CHEMBL5978585,Cc1csc(CNC(=O)C2CN(c3ncnn4cc(-c5cnn(C)c5)cc34)C2)c1,OAINPUNFJISKJF,-1,1,-1,O=C(NCc1cccs1)C1CN(c2ncnn3cc(-c4cn[nH]c4)cc23)C1,train
CHEMBL5978907,COc1ccc(COc2ccc(Nc3ccc4ncc(N5CCC(OC(C)=O)CC5)nc4c3C#N)cc2OC)cc1,OLYXPYMVMOJOIU,-1,1,0,c1ccc(COc2ccc(Nc3ccc4ncc(N5CCCCC5)nc4c3)cc2)cc1,train
CHEMBL5979094,Cc1n[nH]c(C(=O)Nc2cnc3[nH]c(-c4cccc(F)c4C)cc3c2)c1C,CARHBJMTIKVNTC,-1,0,-1,O=C(Nc1cnc2[nH]c(-c3ccccc3)cc2c1)c1ccn[nH]1,train
CHEMBL5980128,CC(C)(O)Cn1cc(-c2cc3c(N4CC(C(=O)NCc5ccc(F)cc5)C4)ncnn3c2)cn1,JVCXWCCSIQRQKE,-1,1,-1,O=C(NCc1ccccc1)C1CN(c2ncnn3cc(-c4cn[nH]c4)cc23)C1,train
CHEMBL5981620,O=C(Nc1cnc2[nH]c(-c3ccc(F)cc3)cc2c1)c1n[nH]c2c1CCCC2,KNMOCHJLOYMYED,-1,0,-1,O=C(Nc1cnc2[nH]c(-c3ccccc3)cc2c1)c1n[nH]c2c1CCCC2,train
CHEMBL5981678,Cc1ccc(CNC(=O)C2CN(c3ncnn4cc(-c5ccc(Cl)cc5)cc34)C2)cc1,PTEKAWOVSIQHCU,-1,1,-1,O=C(NCc1ccccc1)C1CN(c2ncnn3cc(-c4ccccc4)cc23)C1,train
CHEMBL5981893,Cc1ccc(CNC(=O)C2(C)CN(c3ncnn4cc(-c5ccc6c(c5)CNC6=O)cc34)C2)cc1,PFQFOPJOOHEXIB,-1,1,-1,O=C1NCc2cc(-c3cc4c(N5CC(C(=O)NCc6ccccc6)C5)ncnn4c3)ccc21,train
CHEMBL5981923,C[C@H](NC(=O)C1(C)CN(c2ncnn3cc(-c4ccc(OC(C)(C)C)cc4)cc23)C1)c1ccc(Cl)cc1,INYYMABSMYGOSE,-1,1,-1,O=C(NCc1ccccc1)C1CN(c2ncnn3cc(-c4ccccc4)cc23)C1,train
CHEMBL5982302,COc1ccc(COc2ccc(Nc3ccc4ncc(N5CCC(COC(C)=O)CC5)nc4c3C#N)cc2OC)cc1,GFTZYPXBIQIQBO,-1,1,0,c1ccc(COc2ccc(Nc3ccc4ncc(N5CCCCC5)nc4c3)cc2)cc1,train
CHEMBL5984782,Cn1cc(-c2cc3c(N4CC(C(=O)NC5CCc6cc(Cl)ccc65)C4)ncnn3c2)cn1,UJRGCIXPSZFWMA,-1,1,-1,O=C(NC1CCc2ccccc21)C1CN(c2ncnn3cc(-c4cn[nH]c4)cc23)C1,train
CHEMBL5985224,COC(=O)N1CC=C(c2cc3c(N4CC(C(=O)NCc5ccc(Cl)cc5F)C4)ncnn3c2)CC1,UYBXXVFPEIHROA,-1,1,-1,O=C(NCc1ccccc1)C1CN(c2ncnn3cc(C4=CCNCC4)cc23)C1,train
CHEMBL5986116,Cn1cc(-c2cc(Oc3ccc(NC(=O)N4CCC5(CCC(O)C5)C4=O)nc3)ccn2)cn1,MLFZJIDNGFABRH,-1,1,-1,O=C(Nc1ccc(Oc2ccnc(-c3cn[nH]c3)c2)cn1)N1CCC2(CCCC2)C1=O,train
CHEMBL5986679,COc1ccc(-c2[nH]c(C3(C)CCN(c4ncnc5[nH]c(C)cc45)CC3)nc2C)cc1F,WSJWGINKUUAAFK,-1,1,-1,c1ccc(-c2cnc(C3CCN(c4ncnc5[nH]ccc45)CC3)[nH]2)cc1,train
CHEMBL5986745,COc1cc(Nc2ccc3ncc(N4CCOCC4)nc3c2C#N)ccc1OCc1ccoc1,ALUVNJACHXTZHK,-1,1,0,c1cc(COc2ccc(Nc3ccc4ncc(N5CCOCC5)nc4c3)cc2)co1,train
CHEMBL5987068,CCOc1ccc(-c2[nH]c(C3(C)CCN(c4ncnc5[nH]c(-c6ccc(C(=O)NC)nc6)cc45)CC3)nc2C)cc1,FNDZUCBTDBBLJD,-1,1,-1,c1ccc(-c2cnc(C3CCN(c4ncnc5[nH]c(-c6cccnc6)cc45)CC3)[nH]2)cc1,train
CHEMBL5987112,Cc1nc(C2(C)CCN(c3ncnc4[nH]c(-c5ccc(C(N)=O)cc5)cc34)CC2)[nH]c1-c1ccc(C(F)F)cc1,MCCMCSNFMPBDAZ,-1,1,-1,c1ccc(-c2cnc(C3CCN(c4ncnc5[nH]c(-c6ccccc6)cc45)CC3)[nH]2)cc1,train
CHEMBL5987912,Cn1cc(-c2cc3c(N4CC(C)(C(=O)NCc5ccc(Cl)cc5F)C4)ncnn3c2)cn1,OTVOJDCEZWNWFR,-1,1,-1,O=C(NCc1ccccc1)C1CN(c2ncnn3cc(-c4cn[nH]c4)cc23)C1,train
CHEMBL5988128,COc1cc(Nc2ccc3ncc(N4CCOCC4)nc3c2C#N)ccc1OCc1ccccc1,QKBSFJKVASWQKI,-1,1,0,c1ccc(COc2ccc(Nc3ccc4ncc(N5CCOCC5)nc4c3)cc2)cc1,train
CHEMBL5988689,COc1cc(Nc2ccc3ncc(N4CCOCC4)nc3c2C#N)ccc1OCc1cccs1,CHMCFWWFSFNVKE,-1,1,0,c1csc(COc2ccc(Nc3ccc4ncc(N5CCOCC5)nc4c3)cc2)c1,train
CHEMBL5988939,COc1cc(Nc2ccc3ncc(N4CCOCC4)nc3c2C#N)ccc1OCc1ccc2c(c1)CCO2,PJSIWZPAWKFUDM,-1,1,0,c1cc2c(cc1COc1ccc(Nc3ccc4ncc(N5CCOCC5)nc4c3)cc1)CCO2,train
CHEMBL5990446,COc1ccc(COc2ccc(Nc3ccc4ncc(N5CCN(C(C)=O)CC5)nc4c3C#N)cc2OC)cc1,VTKAIKLSOYZGDG,-1,1,-1,c1ccc(COc2ccc(Nc3ccc4ncc(N5CCNCC5)nc4c3)cc2)cc1,train
CHEMBL5990558,COc1ccc(-c2[nH]c(C3(C)CCN(c4ncnc5[nH]c(-c6ccc(NS(C)(=O)=O)cc6)cc45)CC3)nc2C)cc1C,DTZNOQXHJAGWBC,-1,1,-1,c1ccc(-c2cnc(C3CCN(c4ncnc5[nH]c(-c6ccccc6)cc45)CC3)[nH]2)cc1,train
CHEMBL5991402,Cc1nc(C2CCN(c3ncnc4[nH]c(-c5ccc(F)cc5)cc34)CC2)[nH]c1-c1ccc(OC(F)(F)F)cc1,JWJDJTAKFHKIOZ,-1,1,-1,c1ccc(-c2cnc(C3CCN(c4ncnc5[nH]c(-c6ccccc6)cc45)CC3)[nH]2)cc1,train
CHEMBL5991785,CC(=O)Nc1cccc(-c2cc3c(N4CCC(c5nc(C)c(-c6ccccc6)[nH]5)CC4)ncnc3[nH]2)c1,TZPADUXJVUXGBO,-1,1,-1,c1ccc(-c2cnc(C3CCN(c4ncnc5[nH]c(-c6ccccc6)cc45)CC3)[nH]2)cc1,train
CHEMBL5991962,Cc1ccc(CNC(=O)C2CN(c3ncnn4cc(-c5c(C)n[nH]c5C)cc34)C2)cc1,GSFOLVFWXZBWFO,-1,1,-1,O=C(NCc1ccccc1)C1CN(c2ncnn3cc(-c4cn[nH]c4)cc23)C1,train
CHEMBL5993257,Cc1nc(C2CCN(c3ncnc4[nH]c(-c5cnn(C(F)F)c5)cc34)CC2)[nH]c1-c1ccc(F)cc1,NHDBQLXWKOTBGD,-1,1,-1,c1ccc(-c2cnc(C3CCN(c4ncnc5[nH]c(-c6cn[nH]c6)cc45)CC3)[nH]2)cc1,train
CHEMBL5994562,Cc1ccc(CNC(=O)C2CN(c3ncnn4cc(-c5cn(C)nc5N)cc34)C2)cc1,ZIPZWLCJGRGLTD,-1,1,-1,O=C(NCc1ccccc1)C1CN(c2ncnn3cc(-c4cn[nH]c4)cc23)C1,train
CHEMBL5994881,CCOC(=O)Nc1cccc(Nc2ncc(NC(=O)c3[nH]nc(C)c3C)cn2)c1,OCQVRRBFBHGVEU,-1,0,-1,O=C(Nc1cnc(Nc2ccccc2)nc1)c1ccn[nH]1,train
CHEMBL5995172,CC1(C(=O)NCc2ccc(Cl)cc2F)CN(c2ncnn3cc(-c4ccc(C(C)(C)O)cc4)cc23)C1,LPRNXPUJSPPWIL,-1,1,-1,O=C(NCc1ccccc1)C1CN(c2ncnn3cc(-c4ccccc4)cc23)C1,train
CHEMBL5995511,COc1ccc(-c2cc3c(N4CCC(C)(c5nc(C)c(-c6ccc(C(F)(F)F)cc6)[nH]5)CC4)ncnc3[nH]2)cn1,CBLSRVMYOQYNCK,-1,1,-1,c1ccc(-c2cnc(C3CCN(c4ncnc5[nH]c(-c6cccnc6)cc45)CC3)[nH]2)cc1,train
CHEMBL5996089,Cc1nc(C2(C)CCN(c3ncnc4[nH]c(-c5cnn(C(F)F)c5)cc34)CC2)[nH]c1-c1ccc2c(c1)OCO2,SPLYRXNYAVXRMQ,-1,1,-1,c1nc(N2CCC(c3ncc(-c4ccc5c(c4)OCO5)[nH]3)CC2)c2cc(-c3cn[nH]c3)[nH]c2n1,train
CHEMBL5996859,CNCC1(C(=O)NCc2ccc(C)cc2)CN(c2ncnn3cc(-c4cnn(C)c4)cc23)C1,FOTXPSDMIRXYOD,-1,1,-1,O=C(NCc1ccccc1)C1CN(c2ncnn3cc(-c4cn[nH]c4)cc23)C1,train
CHEMBL5997000,COc1cc(-c2cc3c(N4CCC(C)(c5nc(C)c(-c6ccc(OC)c(C)c6)[nH]5)CC4)ncnc3[nH]2)ccn1,PWESNQBTEGFZKX,-1,1,-1,c1ccc(-c2cnc(C3CCN(c4ncnc5[nH]c(-c6ccncc6)cc45)CC3)[nH]2)cc1,train
CHEMBL5997395,COc1cc2ncnc(N3CCN(c4ncc(S(=O)(=O)c5ccccc5)cn4)CC3)c2cc1OC,SQSFNGRVXOGWDE,-1,1,-1,O=S(=O)(c1ccccc1)c1cnc(N2CCN(c3ncnc4ccccc34)CC2)nc1,train
CHEMBL5997432,Cc1n[nH]c(C(=O)Nc2cnc3[nH]c(C4=CCN(S(C)(=O)=O)CC4)cc3c2)c1Cl,OASRVMFZOBSBSN,-1,0,-1,O=C(Nc1cnc2[nH]c(C3=CCNCC3)cc2c1)c1ccn[nH]1,train
CHEMBL5999056,CNC(=O)c1ccc(-c2cc3c(N4CCC(C)(c5nc(C)c(-c6ccc(OC(F)F)cc6)[nH]5)CC4)ncnc3[nH]2)cn1,ZXYJGPXXFDVQOS,-1,1,-1,c1ccc(-c2cnc(C3CCN(c4ncnc5[nH]c(-c6cccnc6)cc45)CC3)[nH]2)cc1,train
CHEMBL5999103,COc1cc2ncnc(N3CCN(c4ncc(Cc5ccccc5)cn4)CC3)c2cc1OCC1CNC1,LOKVDLSZMXICFK,-1,1,-1,c1ccc(Cc2cnc(N3CCN(c4ncnc5ccc(OCC6CNC6)cc45)CC3)nc2)cc1,train
CHEMBL5999144,Cc1ccc(CNC(=O)C2CN(c3ncnn4cc(-c5cn(C(C)C)nc5N)cc34)C2)cc1,XDLINUSNDCUTJO,-1,1,-1,O=C(NCc1ccccc1)C1CN(c2ncnn3cc(-c4cn[nH]c4)cc23)C1,train
CHEMBL6000615,CCOc1ccc(COc2ccc(Nc3ccc4ncc(N5CCOCC5)nc4c3C#N)cc2OC)cc1,MEBFYOXEFWJXPW,-1,1,-1,c1ccc(COc2ccc(Nc3ccc4ncc(N5CCOCC5)nc4c3)cc2)cc1,train
CHEMBL6000933,COc1cc2ncnc(N3CCN(c4ncc(OCc5ccccc5C)cn4)CC3)c2cc1OC,MEZQDQUPSKESAL,-1,1,-1,c1ccc(COc2cnc(N3CCN(c4ncnc5ccccc45)CC3)nc2)cc1,train
CHEMBL6001663,COc1cccc(-c2[nH]c(C3(C)CCN(c4ncnc5[nH]c(-c6ccc(NS(C)(=O)=O)cc6)cc45)CC3)nc2C)c1,CSILAYADHFIJDS,-1,1,-1,c1ccc(-c2cnc(C3CCN(c4ncnc5[nH]c(-c6ccccc6)cc45)CC3)[nH]2)cc1,train
CHEMBL6002446,Cc1n[nH]c(C(=O)Nc2cnc3[nH]c(-c4ccc(F)cc4OC(F)F)cc3c2)c1C,QJVONKNVJIAHEA,-1,0,-1,O=C(Nc1cnc2[nH]c(-c3ccccc3)cc2c1)c1ccn[nH]1,train
CHEMBL6003238,COc1cc(Nc2ccc3ncc(N4CCC(N(C)C)CC4)nc3c2C#N)ccc1OCc1cccc(F)c1,RZHWYIGQSCSEBW,-1,1,0,c1ccc(COc2ccc(Nc3ccc4ncc(N5CCCCC5)nc4c3)cc2)cc1,train
CHEMBL6003567,CC[C@H](NC(=O)C1(OC)CN(c2ncnn3cc(-c4cnn(CC(C)(C)O)c4)cc23)C1)c1ccc(Cl)cc1,LQUJAJZISPROMD,-1,1,-1,O=C(NCc1ccccc1)C1CN(c2ncnn3cc(-c4cn[nH]c4)cc23)C1,train
CHEMBL6004098,Cc1n[nH]c(C(=O)Nc2cnc3[nH]c(-c4ccc(C(=O)O)c(F)c4)cc3c2)c1C,OEZSZTKPGNIFGC,-1,0,-1,O=C(Nc1cnc2[nH]c(-c3ccccc3)cc2c1)c1ccn[nH]1,train
CHEMBL6004280,COc1cccc(-c2[nH]c(C3(C)CCN(c4ncnc5[nH]c(-c6ccc(C(N)=O)cc6)cc45)CC3)nc2C)c1,YVTMMPXIPJEWFJ,-1,1,-1,c1ccc(-c2cnc(C3CCN(c4ncnc5[nH]c(-c6ccccc6)cc45)CC3)[nH]2)cc1,train
CHEMBL6004487,Cc1n[nH]c(C(=O)Nc2cnc3[nH]c(C4=CCN(C(=O)C(O)CO)CC4)cc3c2)c1C,XTBOZUKWHPENCV,-1,0,-1,O=C(Nc1cnc2[nH]c(C3=CCNCC3)cc2c1)c1ccn[nH]1,train
CHEMBL6005349,COc1ccc(COc2ccc(Nc3ccc4ncc(N5CCOCC5)nc4c3C#N)cc2OC)cc1,SVGRIJAWIHWIDS,-1,1,0,c1ccc(COc2ccc(Nc3ccc4ncc(N5CCOCC5)nc4c3)cc2)cc1,train
CHEMBL6005362,COc1ccc(CNC(=O)C2CN(c3ncnn4cc(-c5cnn(C)c5)cc34)C2)cc1,VVRHWKCWIJXHBG,-1,1,-1,O=C(NCc1ccccc1)C1CN(c2ncnn3cc(-c4cn[nH]c4)cc23)C1,train
CHEMBL6005413,Cn1cc(-c2cc(Oc3ccc(NC(=O)N4CCC5(CCC(F)(F)C5)C4=O)nc3)ccn2)cn1,YESKHRZGFKDGEH,-1,1,-1,O=C(Nc1ccc(Oc2ccnc(-c3cn[nH]c3)c2)cn1)N1CCC2(CCCC2)C1=O,train
CHEMBL6005562,COc1ccc(-c2cc3c(N4CCC(C)(c5nc(C)c(-c6ccc(OC)c(C)c6)[nH]5)CC4)ncnc3[nH]2)cn1,KMQQJBAJCSDQBV,-1,1,-1,c1ccc(-c2cnc(C3CCN(c4ncnc5[nH]c(-c6cccnc6)cc45)CC3)[nH]2)cc1,train
CHEMBL6005770,Cc1nc(C2CCN(c3ncnc4[nH]c(-c5cccc(S(N)(=O)=O)c5)cc34)CC2)[nH]c1-c1ccccc1,WNHATZIWSNTJGM,-1,1,-1,c1ccc(-c2cnc(C3CCN(c4ncnc5[nH]c(-c6ccccc6)cc45)CC3)[nH]2)cc1,train
CHEMBL6006660,Cc1ccc(CNC(=O)C2CN(c3ncnn4cc(-c5ccc(C6CC6)cc5)cc34)C2)cc1,NFTQPJOIFWBIGS,-1,1,-1,O=C(NCc1ccccc1)C1CN(c2ncnn3cc(-c4ccc(C5CC5)cc4)cc23)C1,train
CHEMBL6006702,CCOc1cc(-c2[nH]c(C3CCN(c4ncnc5[nH]c(-c6ccnc(OC)c6)cc45)CC3)nc2C)ccc1C,SEKCWFSFQJWYMQ,-1,1,-1,c1ccc(-c2cnc(C3CCN(c4ncnc5[nH]c(-c6ccncc6)cc45)CC3)[nH]2)cc1,train
CHEMBL6006881,COCCN1CCN(c2cnc3ccc(Nc4ccc(OCc5ccc(C)nc5)c(OC)c4)c(C#N)c3n2)CC1,ILWFSKQOZFSFHI,-1,1,0,c1cncc(COc2ccc(Nc3ccc4ncc(N5CCNCC5)nc4c3)cc2)c1,train
CHEMBL6006914,Cn1cc(-c2cc3c(N4CC(C(=O)NCc5ccc(C(C)(C)C)cc5)C4)ncnn3c2)cn1,GERTXSGVZLHUIV,-1,1,-1,O=C(NCc1ccccc1)C1CN(c2ncnn3cc(-c4cn[nH]c4)cc23)C1,train
CHEMBL6006991,COc1cc2ncnc(N3CCN(c4ncc(Cc5cccc(C(N)=O)c5)cn4)CC3)c2cc1OC,ACYVSXJOVQTGOR,-1,1,-1,c1ccc(Cc2cnc(N3CCN(c4ncnc5ccccc45)CC3)nc2)cc1,train
CHEMBL6007728,COc1cc2ncnc(N3CCN(c4ncc(Nc5ccc(F)cc5)cn4)CC3)c2cc1OCC1CCN(C)CC1,DJNODFFJNJSKMT,-1,1,-1,c1ccc(Nc2cnc(N3CCN(c4ncnc5ccc(OCC6CCNCC6)cc45)CC3)nc2)cc1,train
CHEMBL6008007,C[C@H](NC(=O)C1CN(c2ncnn3cc(-c4cnn([C@H](C)C(C)(C)O)c4)cc23)C1)c1ccc(F)cc1,LAOHCAAFJNHOMG,-1,1,-1,O=C(NCc1ccccc1)C1CN(c2ncnn3cc(-c4cn[nH]c4)cc23)C1,train
CHEMBL6008432,COc1ccc(-c2[nH]c(C3(C)CCN(c4ncnc5[nH]c(-c6ccc(OC)nc6)cc45)CC3)nc2C)cc1,INPNAUQMAPASEP,-1,1,-1,c1ccc(-c2cnc(C3CCN(c4ncnc5[nH]c(-c6cccnc6)cc45)CC3)[nH]2)cc1,train
CHEMBL6009840,C[C@H](NC(=O)C1CN(c2ncnn3cc(-c4ccc(OC(C)(C)C)c(F)c4)cc23)C1)c1ccc(F)cc1,JJOLSUJKMWABKF,-1,1,-1,O=C(NCc1ccccc1)C1CN(c2ncnn3cc(-c4ccccc4)cc23)C1,train
CHEMBL6009937,Cc1n[nH]c(C(=O)Nc2cnc3[nH]c(-c4cnc(N5CCOCC5)nc4)cc3c2)c1C,CNWSIAKIJFRAMQ,-1,0,-1,O=C(Nc1cnc2[nH]c(-c3cnc(N4CCOCC4)nc3)cc2c1)c1ccn[nH]1,train
CHEMBL6010341,CCC(=O)N1CC=C(c2cc3c(N4CC(C)(C(=O)N[C@@H](C)c5ccc(F)cc5)C4)ncnn3c2)CC1,OFTCLJPFNSRTFD,-1,1,-1,O=C(NCc1ccccc1)C1CN(c2ncnn3cc(C4=CCNCC4)cc23)C1,train
CHEMBL6010428,CC[C@H](NC(=O)C1CN(c2ncnn3cc(-c4ccc(S(C)(=O)=O)cc4)cc23)C1)c1ccc(Cl)cc1,PUAWBMWLGLOLKS,-1,1,-1,O=C(NCc1ccccc1)C1CN(c2ncnn3cc(-c4ccccc4)cc23)C1,train
CHEMBL6010635,CCc1cc(C(=O)Nc2cnc3[nH]c(-c4ccc(F)cc4)cc3c2)[nH]n1,MKEROQRINLVSAH,-1,0,-1,O=C(Nc1cnc2[nH]c(-c3ccccc3)cc2c1)c1ccn[nH]1,train
CHEMBL6011235,Cc1c(-c2cc3c(N4CC(C(=O)Nc5ccc(C#N)cc5)C4)ncnn3c2)cnn1C,LIYDAJXHZQCKJV,-1,1,-1,O=C(Nc1ccccc1)C1CN(c2ncnn3cc(-c4cn[nH]c4)cc23)C1,train
CHEMBL6012232,Cn1cc(-c2cc3c(N4CC(NC(=O)Cc5ccc(Cl)cc5F)C4)ncnn3c2)cn1,GQRVBNMWHXJOQU,-1,1,-1,O=C(Cc1ccccc1)NC1CN(c2ncnn3cc(-c4cn[nH]c4)cc23)C1,train
CHEMBL6012720,COc1cc2ncnc(N3CCN(c4ncc(Cc5cccc(OC(F)(F)F)c5)cn4)CC3)c2cc1OC,QXGLLANZPCQLSW,-1,1,-1,c1ccc(Cc2cnc(N3CCN(c4ncnc5ccccc45)CC3)nc2)cc1,train
CHEMBL6012748,Cc1ccc(CNC(=O)C2CN(c3ncnn4cc(-c5ccc6nonc6c5)cc34)C2)cc1,NCDIIQCYJNPVQM,-1,1,-1,O=C(NCc1ccccc1)C1CN(c2ncnn3cc(-c4ccc5nonc5c4)cc23)C1,train
CHEMBL6013790,CCn1cc(COc2ccc(Nc3ccc4ncc(N5CCOCC5)nc4c3C#N)cc2OC)cn1,AOXJFVMYQXXGLX,-1,1,0,c1n[nH]cc1COc1ccc(Nc2ccc3ncc(N4CCOCC4)nc3c2)cc1,train
CHEMBL6014305,Cc1ccc(CNC(=O)C2CN(c3ncnn4cc(-c5ccc(F)c(OC(C)(C)C)c5)cc34)C2)cc1,TUUWRFJAEXHZME,-1,1,-1,O=C(NCc1ccccc1)C1CN(c2ncnn3cc(-c4ccccc4)cc23)C1,train
CHEMBL6014572,COc1cc2ncnc(N3CCN(c4ncc(Cc5cccc(F)c5)cn4)CC3)c2cc1OC,PQWXCDKICQDAOE,-1,1,-1,c1ccc(Cc2cnc(N3CCN(c4ncnc5ccccc45)CC3)nc2)cc1,train
CHEMBL6015100,CNC(=O)c1cccc(Nc2ncc(NC(=O)c3[nH]nc(C)c3C)cn2)c1,WLMUSWILDNIUTC,-1,0,-1,O=C(Nc1cnc(Nc2ccccc2)nc1)c1ccn[nH]1,train
CHEMBL6015203,Cc1ccc(CNC(=O)C2CN(c3ncnn4cc(C5=CCOCC5)cc34)C2)cc1,KVDLAZKQWVUPEV,-1,1,-1,O=C(NCc1ccccc1)C1CN(c2ncnn3cc(C4=CCOCC4)cc23)C1,train
CHEMBL6015595,COc1cc2ncnc(N3CCN(c4ncc(OCc5ccc(C)cc5)cn4)CC3)c2cc1OC,RZAVHYASOYRAQX,-1,1,-1,c1ccc(COc2cnc(N3CCN(c4ncnc5ccccc45)CC3)nc2)cc1,train
CHEMBL6016629,COc1ccc(COc2ccc(Nc3ccc4ncc(N5CCC(N(C)C)CC5)nc4c3C#N)cc2OC)cc1F,YTDNCRRVUYKDHI,-1,1,0,c1ccc(COc2ccc(Nc3ccc4ncc(N5CCCCC5)nc4c3)cc2)cc1,train
CHEMBL6016799,Cc1n[nH]c(C(=O)Nc2cnc3[nH]c(-c4cnccc4C(N)=O)cc3c2)c1C,RZABNWWGCMXMAO,-1,0,-1,O=C(Nc1cnc2[nH]c(-c3cccnc3)cc2c1)c1ccn[nH]1,train
CHEMBL6016829,Cc1n[nH]c(C(=O)Nc2cnc3[nH]c(-c4ccc(C#N)c(N5CCOCC5)c4)cc3c2)c1C,FFNAXJGXMSKSJY,-1,0,-1,O=C(Nc1cnc2[nH]c(-c3cccc(N4CCOCC4)c3)cc2c1)c1ccn[nH]1,train
CHEMBL6017325,CCOc1ccc(-c2[nH]c(C3(C)CCN(c4ncnc5[nH]c(-c6ccc(C(=O)NC)nc6)cc45)CC3)nc2C)cc1C,NDBBOBVHYWCZRT,-1,1,-1,c1ccc(-c2cnc(C3CCN(c4ncnc5[nH]c(-c6cccnc6)cc45)CC3)[nH]2)cc1,train
CHEMBL6017942,Cn1cc(-c2cc3c(N4CC(C)(C(=O)NCc5ccc(Cl)cc5)C4)ncnn3c2)cn1,XVESMNMJMJHNAO,-1,1,-1,O=C(NCc1ccccc1)C1CN(c2ncnn3cc(-c4cn[nH]c4)cc23)C1,train
CHEMBL6019045,Cc1nc(C2(C)CCN(c3ncnc4[nH]c(-c5ccc(OCC(=O)O)cc5)cc34)CC2)[nH]c1-c1ccc(C(F)F)cc1,LQXSHNDVQYQKED,-1,1,-1,c1ccc(-c2cnc(C3CCN(c4ncnc5[nH]c(-c6ccccc6)cc45)CC3)[nH]2)cc1,train
CHEMBL6019256,Cc1n[nH]c(C(=O)Nc2cnc3[nH]c(-c4ccnc(C(=O)NC5CC5)c4)cc3c2)c1C,HRQKXTQZMMPNGO,-1,0,-1,O=C(NC1CC1)c1cc(-c2cc3cc(NC(=O)c4ccn[nH]4)cnc3[nH]2)ccn1,train
CHEMBL6019259,COc1ccc(-c2cc3c(N4CC(C(=O)NCc5ccc(C)cc5)C4)ncnn3c2)cc1,YODPIBMJYZVUEP,-1,1,-1,O=C(NCc1ccccc1)C1CN(c2ncnn3cc(-c4ccccc4)cc23)C1,train
CHEMBL6019529,COc1cc2ncnc(N3CCN(c4ncc(NCc5cccc(C)c5)cn4)CC3)c2cc1OC,RWGWJAHJOFBTQG,-1,1,-1,c1ccc(CNc2cnc(N3CCN(c4ncnc5ccccc45)CC3)nc2)cc1,train
CHEMBL6019715,Cc1ccc(CNC(=O)C2CN(c3ncnn4cc(-c5ccc6c(c5)CNC6=O)cc34)C2)cc1,SKORQCJZBODTCZ,-1,1,-1,O=C1NCc2cc(-c3cc4c(N5CC(C(=O)NCc6ccccc6)C5)ncnn4c3)ccc21,train
CHEMBL6020196,Cc1ccc(CNC(=O)C2CN(c3ncnn4cc(-c5cnn(C)c5)cc34)C2)cc1,NLEUENIWVPRPAG,-1,1,-1,O=C(NCc1ccccc1)C1CN(c2ncnn3cc(-c4cn[nH]c4)cc23)C1,train
CHEMBL6020201,CNc1cnc2ccc(Nc3ccc(OCc4ccc(OC)cc4)c(OC)c3)c(C#N)c2n1,COWUPJMCJMJMIW,-1,1,0,c1ccc(COc2ccc(Nc3ccc4nccnc4c3)cc2)cc1,train
CHEMBL602123,O=C(Nc1cc(Oc2cccc3[nH]c(=O)[nH]c23)c(F)c(F)c1F)c1cccc(OC(F)(F)F)c1,VVYFYJMXONNWBA,-1,1,-1,O=C(Nc1cccc(Oc2cccc3[nH]c(=O)[nH]c23)c1)c1ccccc1,train
CHEMBL6021454,Cc1ccc(CNC(=O)C2CN(c3nccn4nc(-c5ccc(C6(CO)CC6)cc5)cc34)C2)cc1,YJMFTSOENYJANP,-1,1,-1,O=C(NCc1ccccc1)C1CN(c2nccn3nc(-c4ccc(C5CC5)cc4)cc23)C1,train
CHEMBL6021703,CCC1(C(=O)NCc2ccc(C)cc2)CN(c2ncnn3cc(-c4cnn(C)c4)cc23)C1,XPFASQZTLHPZHX,-1,1,-1,O=C(NCc1ccccc1)C1CN(c2ncnn3cc(-c4cn[nH]c4)cc23)C1,train
CHEMBL6022473,COc1cc2ncnc(N3CCN(c4ncc(O[C@@H](C)c5ccccc5)cn4)CC3)c2cc1OC,UNUFFZFMDJHRCB,-1,1,-1,c1ccc(COc2cnc(N3CCN(c4ncnc5ccccc45)CC3)nc2)cc1,train
CHEMBL6024015,Cc1nc(C2(C)CCN(c3ncnc4[nH]c(-c5ccc(F)cc5)cc34)CC2)[nH]c1-c1ccc(F)cc1,GDFXQRWIXJMERH,-1,1,-1,c1ccc(-c2cnc(C3CCN(c4ncnc5[nH]c(-c6ccccc6)cc45)CC3)[nH]2)cc1,train
CHEMBL6025952,CC[C@H](NC(=O)C1CN(c2ncnn3cc(-c4ccc(C(C)(C)O)cc4)cc23)C1)c1ccc(Cl)cc1,UQBGOHPPRGLGOK,-1,1,-1,O=C(NCc1ccccc1)C1CN(c2ncnn3cc(-c4ccccc4)cc23)C1,train
CHEMBL6026049,CCOc1cc(-c2[nH]c(C3CCN(c4ncnc5[nH]c(-c6ccc(F)cc6)cc45)CC3)nc2C)ccc1C,AKPSLIRNMTZTBM,-1,1,-1,c1ccc(-c2cnc(C3CCN(c4ncnc5[nH]c(-c6ccccc6)cc45)CC3)[nH]2)cc1,train
CHEMBL6026234,Cc1c[nH]nc1C(=O)Nc1cnc2[nH]c(-c3ccc(F)cc3)cc2c1,KMHMMCRIOSKDRL,-1,0,-1,O=C(Nc1cnc2[nH]c(-c3ccccc3)cc2c1)c1cc[nH]n1,train
CHEMBL6026510,Cc1nc(C2CCN(c3ncnc4[nH]c(-c5ccc(C#N)cc5)cc34)CC2)[nH]c1-c1ccc2c(c1)OCCO2,LIMCXJYOWQJIAA,-1,1,-1,c1ccc(-c2cc3c(N4CCC(c5ncc(-c6ccc7c(c6)OCCO7)[nH]5)CC4)ncnc3[nH]2)cc1,train
CHEMBL6027388,CC[C@H](NC(=O)C1(C)CN(c2ncnn3cc(-c4cnn(C)c4)cc23)C1)c1ccc(Cl)cc1,LUEWLLBNCAAJEY,-1,1,-1,O=C(NCc1ccccc1)C1CN(c2ncnn3cc(-c4cn[nH]c4)cc23)C1,train
CHEMBL6027659,COCCN1CC=C(c2cc3c(N4CC(C(=O)NCc5ccc(C)cc5)C4)ncnn3c2)CC1,SCZUCJNAQDCZLU,-1,1,-1,O=C(NCc1ccccc1)C1CN(c2ncnn3cc(C4=CCNCC4)cc23)C1,train
CHEMBL6027682,Cn1cc(-c2cc3c(N4CC(C(=O)NCc5ccc(Br)cc5)C4)ncnn3c2)cn1,LGGDXNFVHDCQRU,-1,1,-1,O=C(NCc1ccccc1)C1CN(c2ncnn3cc(-c4cn[nH]c4)cc23)C1,train
CHEMBL6027978,CC(C)(C)OC(=O)N1CC=C(c2cc3c(N4CC(C(=O)N[C@@H](CCO)c5ccc(Cl)cc5)C4)ncnn3c2)CC1,NKKWVZCXWSRJDX,-1,1,-1,O=C(NCc1ccccc1)C1CN(c2ncnn3cc(C4=CCNCC4)cc23)C1,train
CHEMBL6028141,CCOc1ccc(-c2[nH]c(C3CCN(c4ncnc5[nH]c(-c6ccnc(OC)c6)cc45)CC3)nc2C)cc1C,XBTDHPFNQHFCOQ,-1,1,-1,c1ccc(-c2cnc(C3CCN(c4ncnc5[nH]c(-c6ccncc6)cc45)CC3)[nH]2)cc1,train
CHEMBL6028148,Cc1nc(C2CCN(c3ncnc4[nH]c(-c5ccc(F)cc5)cc34)CC2)[nH]c1-c1ccc2c(c1)OCCO2,NDWCZLTYMRXTGS,-1,1,-1,c1ccc(-c2cc3c(N4CCC(c5ncc(-c6ccc7c(c6)OCCO7)[nH]5)CC4)ncnc3[nH]2)cc1,train
CHEMBL6028429,COc1cc2ncnc(N3CCN(c4ncc(OCc5ccccc5)cn4)[C@H](C)C3)c2cc1OC,CDAOBYWVHPPANN,-1,1,-1,c1ccc(COc2cnc(N3CCN(c4ncnc5ccccc45)CC3)nc2)cc1,train
CHEMBL6028669,Cc1cc2c(N3CCC(c4nc(C)c(-c5ccccc5)[nH]4)CC3)ncnc2[nH]1,JOWKOTSGTYBBCU,-1,0,-1,c1ccc(-c2cnc(C3CCN(c4ncnc5[nH]ccc45)CC3)[nH]2)cc1,train
CHEMBL6031442,COc1cc(Nc2ccc3ncc(N4CCNCC4)nc3c2C#N)ccc1OCc1ccc(C)nc1,SWWGPSCACHLXRS,-1,1,0,c1cncc(COc2ccc(Nc3ccc4ncc(N5CCNCC5)nc4c3)cc2)c1,train
CHEMBL6032171,COc1ccc(-c2[nH]c(C3(C)CCN(c4ncnc5[nH]c(-c6ccc(N7CCOCC7)nc6)cc45)CC3)nc2C)cc1F,LTXWEMUCCKYWEN,-1,1,-1,c1ccc(-c2cnc(C3CCN(c4ncnc5[nH]c(-c6ccc(N7CCOCC7)nc6)cc45)CC3)[nH]2)cc1,train
CHEMBL6032215,C[C@H](NC(=O)C1CN(c2ncnn3cc(-c4ccc(C(C)(C)O)cc4)cc23)C1)c1ccc(F)cc1,FYKCOVCFGUNWMG,-1,1,-1,O=C(NCc1ccccc1)C1CN(c2ncnn3cc(-c4ccccc4)cc23)C1,train
CHEMBL6032681,COc1ccc(-c2cc3c(N4CC(C(=O)NCc5ccc(C)cc5)C4)ncnn3c2)cc1F,QYQPRGLOPFEJLB,-1,1,-1,O=C(NCc1ccccc1)C1CN(c2ncnn3cc(-c4ccccc4)cc23)C1,train
CHEMBL6032757,COc1cccc(-c2[nH]c(C3(C)CCN(c4ncnc5[nH]c(-c6ccc(OC)nc6)cc45)CC3)nc2C)c1,ZOVXYRNVMUPQPG,-1,1,-1,c1ccc(-c2cnc(C3CCN(c4ncnc5[nH]c(-c6cccnc6)cc45)CC3)[nH]2)cc1,train
CHEMBL6033066,CCOc1ccc(-c2[nH]c(C3(C)CCN(c4ncnc5[nH]c(-c6ccc(C#N)cc6)cc45)CC3)nc2C)cc1,OXDLGUKANFLXOR,-1,1,-1,c1ccc(-c2cnc(C3CCN(c4ncnc5[nH]c(-c6ccccc6)cc45)CC3)[nH]2)cc1,train
CHEMBL6033121,CC(C)(O)Cn1cc(-c2cc3c(N4CC(C(=O)NCc5ccc(Cl)cc5)C4)ncnn3c2)cn1,KRPPRZPWCUDKEO,-1,1,-1,O=C(NCc1ccccc1)C1CN(c2ncnn3cc(-c4cn[nH]c4)cc23)C1,train
CHEMBL6033258,CC[C@H](NC(=O)C1CN(c2ncnn3cc(-c4ccc(OC(C)(C)C)cc4)cc23)C1)c1ccc(Cl)cc1,BLGSGVAQBLQBES,-1,1,-1,O=C(NCc1ccccc1)C1CN(c2ncnn3cc(-c4ccccc4)cc23)C1,train
CHEMBL6033366,CCc1ccc(-c2[nH]c(C3CCN(c4ncnc5[nH]c(-c6ccc(C#N)cc6)cc45)CC3)nc2C)cc1,CVDAFNXERJJSCK,-1,1,-1,c1ccc(-c2cnc(C3CCN(c4ncnc5[nH]c(-c6ccccc6)cc45)CC3)[nH]2)cc1,train
CHEMBL6033718,COc1ccc(-c2[nH]c(C3(C)CCN(c4ncnc5[nH]c(-c6ccnc(OC)c6)cc45)CC3)nc2C)cc1,YISIXPKHGQDPEG,-1,1,-1,c1ccc(-c2cnc(C3CCN(c4ncnc5[nH]c(-c6ccncc6)cc45)CC3)[nH]2)cc1,train
CHEMBL6035073,CCOc1ccc(-c2[nH]c(C3CCN(c4ncnc5[nH]c(-c6ccc(C#N)cc6)cc45)CC3)nc2C)cc1C,VSJZEBZTFZUIBZ,-1,1,-1,c1ccc(-c2cnc(C3CCN(c4ncnc5[nH]c(-c6ccccc6)cc45)CC3)[nH]2)cc1,train
CHEMBL6035411,Cc1ccc(CNC(=O)C2CN(c3ncnn4cc(-c5ccc(OC(C)C)cc5)cc34)C2)cc1,FSHXJUDTHWGNNF,-1,1,-1,O=C(NCc1ccccc1)C1CN(c2ncnn3cc(-c4ccccc4)cc23)C1,train
CHEMBL6035694,Cc1ccc(CNC(=O)C2CN(c3ncnn4cc(-c5ccc(F)cc5)cc34)C2)cc1,ATPVZCAMQBYAII,-1,1,-1,O=C(NCc1ccccc1)C1CN(c2ncnn3cc(-c4ccccc4)cc23)C1,train
CHEMBL6036077,CN1CCC(COc2ccc3ncnc(N4CCN(c5ncc(Cc6ccccc6)c(N)n5)CC4)c3c2)CC1,NYBNGYOJTXKOQE,-1,1,-1,c1ccc(Cc2cnc(N3CCN(c4ncnc5ccc(OCC6CCNCC6)cc45)CC3)nc2)cc1,train
CHEMBL6036101,C[C@H](NC(=O)C1(C)CN(c2ncnn3cc(-c4ccc(S(C)(=O)=O)cc4)cc23)C1)c1ccc(F)cc1,GGRNREPOXDDLTE,-1,1,-1,O=C(NCc1ccccc1)C1CN(c2ncnn3cc(-c4ccccc4)cc23)C1,train
CHEMBL6037363,COc1ccc(COc2ccc(Nc3ccc4ncc(N5CCOCC5)nc4c3C#N)cn2)cc1,WOWMMZDISFEIIR,-1,1,0,c1ccc(COc2ccc(Nc3ccc4ncc(N5CCOCC5)nc4c3)cn2)cc1,train
CHEMBL6037393,Cc1nc(C2CCN(c3ncnc4[nH]c(-c5ccc(F)cc5)cc34)CC2)[nH]c1-c1ccc(Cl)cc1,CLROJXFOUFGGBF,-1,1,-1,c1ccc(-c2cnc(C3CCN(c4ncnc5[nH]c(-c6ccccc6)cc45)CC3)[nH]2)cc1,train
CHEMBL6037759,Cc1n[nH]c(C(=O)Nc2cnc3[nH]c(-c4ccnc5c4OCCO5)cc3c2)c1C,VXOMQCMRLMESMQ,-1,0,-1,O=C(Nc1cnc2[nH]c(-c3ccnc4c3OCCO4)cc2c1)c1ccn[nH]1,train
CHEMBL6037890,COc1cc(Nc2ccc3ncc(N4CCC(N(C)C)CC4)nc3c2C#N)ccc1OCc1cccc(C#N)c1,MQYJRHUUYVZCGC,-1,1,0,c1ccc(COc2ccc(Nc3ccc4ncc(N5CCCCC5)nc4c3)cc2)cc1,train
CHEMBL6038717,Cc1n[nH]c(C(=O)Nc2cnc3[nH]c(-c4ccc(F)nc4F)cc3c2)c1C,FXONDGFHWFUPFH,-1,0,-1,O=C(Nc1cnc2[nH]c(-c3cccnc3)cc2c1)c1ccn[nH]1,train
CHEMBL6038840,COc1cc2ncnc(N3CCN(c4ncc(Cc5ccccc5)cn4)CC3)c2cc1OCC1CCN(CCO)CC1,CKYITFJRFHNSCY,-1,1,-1,c1ccc(Cc2cnc(N3CCN(c4ncnc5ccc(OCC6CCNCC6)cc45)CC3)nc2)cc1,train
CHEMBL6038982,Cc1ccc(CNC(=O)C2CN(c3ncnn4cc(-c5cccc(C(C)(C)O)c5)cc34)C2)cc1,BKZJHKDCOFXJBY,-1,1,-1,O=C(NCc1ccccc1)C1CN(c2ncnn3cc(-c4ccccc4)cc23)C1,train
CHEMBL6039530,COc1cc(Nc2ccc3ncc(N(C)C)nc3c2C#N)ccc1OCc1ccc(C)nc1,ISOUDJCJXJSTBY,-1,1,0,c1cncc(COc2ccc(Nc3ccc4nccnc4c3)cc2)c1,train
CHEMBL6040770,Cc1ccc(-c2[nH]c(C3CCN(c4ncnc5[nH]c(-c6ccc(F)cc6)cc45)CC3)nc2C(F)(F)F)cc1,ABBOTFYFXAUVIX,-1,1,-1,c1ccc(-c2cnc(C3CCN(c4ncnc5[nH]c(-c6ccccc6)cc45)CC3)[nH]2)cc1,train
CHEMBL6040951,COCCn1cc(-c2cc3c(N4CC(C(=O)N[C@@H](C)c5ccc(F)cc5)C4)ncnn3c2)cn1,UBCXKTUGQYQDHP,-1,1,-1,O=C(NCc1ccccc1)C1CN(c2ncnn3cc(-c4cn[nH]c4)cc23)C1,train
CHEMBL6041428,Cc1nc(C2(C)CCN(c3ncnc4[nH]c(-c5ccc(NS(C)(=O)=O)cc5)cc34)CC2)[nH]c1-c1ccc(C(F)F)cc1,QUDFCXBYLIJSQQ,-1,1,-1,c1ccc(-c2cnc(C3CCN(c4ncnc5[nH]c(-c6ccccc6)cc45)CC3)[nH]2)cc1,train
CHEMBL6041455,COc1cc(-c2cc3c(N4CCC(c5nc(C)c(-c6cccc(F)c6)[nH]5)CC4)ncnc3[nH]2)ccn1,BVWCGMODDGHGNO,-1,0,-1,c1ccc(-c2cnc(C3CCN(c4ncnc5[nH]c(-c6ccncc6)cc45)CC3)[nH]2)cc1,train
CHEMBL6041858,COC1(C(=O)NCc2ccc(C)cc2)CN(c2ncnn3cc(-c4cnn(C)c4)cc23)C1,GIWKKQWOVUIHAD,-1,1,-1,O=C(NCc1ccccc1)C1CN(c2ncnn3cc(-c4cn[nH]c4)cc23)C1,train
CHEMBL6041975,CNC(=O)c1ccc(-c2cc3cc(NC(=O)c4[nH]nc(C)c4C)cnc3[nH]2)cc1,KLAWWBBQMGRODZ,-1,0,-1,O=C(Nc1cnc2[nH]c(-c3ccccc3)cc2c1)c1ccn[nH]1,train
CHEMBL6042182,COc1cccc(-c2[nH]c(C3CCN(c4ncnc5[nH]c(-c6ccnc(OC)c6)cc45)CC3)nc2C(F)(F)F)c1,PGGDADVKCWJNPE,-1,1,-1,c1ccc(-c2cnc(C3CCN(c4ncnc5[nH]c(-c6ccncc6)cc45)CC3)[nH]2)cc1,train
CHEMBL6042378,CCOc1ccc(-c2[nH]c(C3(C)CCN(c4ncnc5[nH]c(-c6ccc(C#N)nc6)cc45)CC3)nc2C)cc1,HFKFRXKZYXVDIS,-1,1,-1,c1ccc(-c2cnc(C3CCN(c4ncnc5[nH]c(-c6cccnc6)cc45)CC3)[nH]2)cc1,train
CHEMBL6042759,CC[C@H](NC(=O)C1CN(c2ncnn3cc(-c4cnn(C[C@H](O)C(F)(F)F)c4)cc23)C1)c1ccc(Cl)cc1,ZULSKOLESWZORM,-1,1,-1,O=C(NCc1ccccc1)C1CN(c2ncnn3cc(-c4cn[nH]c4)cc23)C1,train
CHEMBL6043101,CCOc1ccc(-c2[nH]c(C3(C)CCN(c4ncnc5[nH]c(-c6ccc(C(N)=O)cc6)cc45)CC3)nc2C)cc1,FDDMKQRYSBROTJ,-1,1,-1,c1ccc(-c2cnc(C3CCN(c4ncnc5[nH]c(-c6ccccc6)cc45)CC3)[nH]2)cc1,train
CHEMBL6043771,CC[C@H](NC(=O)C1CN(c2ncnn3cc(-c4cnn(CCOC)c4)cc23)C1)c1ccc(Cl)cc1,DOTKNSXOPRLTIA,-1,1,-1,O=C(NCc1ccccc1)C1CN(c2ncnn3cc(-c4cn[nH]c4)cc23)C1,train
CHEMBL6044079,COC[C@H](O)Cn1cc(-c2cc3c(N4CC(C(=O)N[C@@H](C)c5ccc(F)cc5)C4)ncnn3c2)cn1,PHDULFSPYKMILT,-1,1,-1,O=C(NCc1ccccc1)C1CN(c2ncnn3cc(-c4cn[nH]c4)cc23)C1,train
CHEMBL6044335,N#Cc1ccc(-c2cc3c(N4CCC(c5nc(C6CC6)c(-c6ccccc6)[nH]5)CC4)ncnc3[nH]2)cc1,KZTMEABWVYIEFG,-1,1,-1,c1ccc(-c2cc3c(N4CCC(c5nc(C6CC6)c(-c6ccccc6)[nH]5)CC4)ncnc3[nH]2)cc1,train
CHEMBL6044588,CC[C@H](NC(=O)C1(C)CN(c2ncnn3cc(-c4cnn(C(C)C)c4)cc23)C1)c1ccc(Cl)cc1,GEKAJGTYHIIMRJ,-1,1,-1,O=C(NCc1ccccc1)C1CN(c2ncnn3cc(-c4cn[nH]c4)cc23)C1,train
CHEMBL6044811,Cc1nc(C2(C)CCN(c3ncnc4[nH]c(-c5ccc(NS(C)(=O)=O)cc5)cc34)CC2)[nH]c1-c1ccc(OC(F)F)cc1,KXOYIWWDPDFDQR,-1,1,-1,c1ccc(-c2cnc(C3CCN(c4ncnc5[nH]c(-c6ccccc6)cc45)CC3)[nH]2)cc1,train
CHEMBL6045387,Cc1ccc(-c2[nH]c(C3CCN(c4ncnc5[nH]c(-c6ccc(F)cc6)cc45)CC3)nc2C)cc1,ISAGRCYVGLOTOE,-1,1,-1,c1ccc(-c2cnc(C3CCN(c4ncnc5[nH]c(-c6ccccc6)cc45)CC3)[nH]2)cc1,train
CHEMBL6045886,CC(=O)N1CC=C(c2cc3c(N4CC(C(=O)NCc5ccc(C)cc5)C4)ncnn3c2)CC1,RHGQNIGRCJMLBP,-1,1,-1,O=C(NCc1ccccc1)C1CN(c2ncnn3cc(C4=CCNCC4)cc23)C1,train
CHEMBL6046057,Cc1n[nH]c(C(=O)Nc2cnc3[nH]c(-c4ccc(C#N)c(N5CCCC5)c4)cc3c2)c1C,QQDNIDNABWCFOZ,-1,0,-1,O=C(Nc1cnc2[nH]c(-c3cccc(N4CCCC4)c3)cc2c1)c1ccn[nH]1,train
CHEMBL6046716,Cn1cc(-c2cc3c(N4CC(C(=O)NCc5ccc(C6CC6)cc5)C4)ncnn3c2)cn1,CJKZWDGAQCEIBX,-1,1,-1,O=C(NCc1ccc(C2CC2)cc1)C1CN(c2ncnn3cc(-c4cn[nH]c4)cc23)C1,train
CHEMBL6047021,Cn1cc(-c2cc(Oc3ccc(NC(=O)N4CCC5(CNC5)C4=O)nc3)ccn2)cn1,QJJXDLUIDBRYRG,-1,1,-1,O=C(Nc1ccc(Oc2ccnc(-c3cn[nH]c3)c2)cn1)N1CCC2(CNC2)C1=O,train
CHEMBL6047573,COc1cc2ncnc(N3CCN(c4ncc(Cc5ccccc5)cn4)CC3)c2cc1OC1CCNC1,NHJOMIWCAIDOEV,-1,1,-1,c1ccc(Cc2cnc(N3CCN(c4ncnc5ccc(OC6CCNC6)cc45)CC3)nc2)cc1,train
CHEMBL6048561,C[C@H](NC(=O)C1CN(c2ncnn3cc(-c4ccc(S(C)(=O)=O)cc4)cc23)C1)c1ccc(F)cc1,DRZMIFWJGWMCRD,-1,1,-1,O=C(NCc1ccccc1)C1CN(c2ncnn3cc(-c4ccccc4)cc23)C1,train
CHEMBL6049352,COc1cc2ncnc(N3CCN(c4ncc(Cc5ccc(C#N)cc5)cn4)CC3)c2cc1OC,UYPZHOXBCZFVAI,-1,1,-1,c1ccc(Cc2cnc(N3CCN(c4ncnc5ccccc45)CC3)nc2)cc1,train
CHEMBL6049855,Cn1cc(-c2cc3c(N4CC(C(=O)NCc5ccc(Cl)cc5)C4)ncnn3c2)cn1,HLNMTIOGSCDMOM,-1,1,-1,O=C(NCc1ccccc1)C1CN(c2ncnn3cc(-c4cn[nH]c4)cc23)C1,train
CHEMBL6050421,Cc1nc(C2(C)CCN(c3ncnc4[nH]c(-c5ccc(NS(C)(=O)=O)cc5)cc34)CC2)[nH]c1-c1cccc(OC(F)F)c1,RDYLJHUZANWWEX,-1,1,-1,c1ccc(-c2cnc(C3CCN(c4ncnc5[nH]c(-c6ccccc6)cc45)CC3)[nH]2)cc1,train
CHEMBL6051005,Cc1ccc(CNC(=O)C2(CO)CN(c3ncnn4cc(-c5cnn(C)c5)cc34)C2)cc1,KSJYZJVMOUSVOJ,-1,1,-1,O=C(NCc1ccccc1)C1CN(c2ncnn3cc(-c4cn[nH]c4)cc23)C1,train
CHEMBL6051240,Cn1cc(-c2cc3c(N4CC(C(=O)Nc5ccc(Cl)cc5)C4)ncnn3c2)cn1,DVBDMQDMEYMQAG,-1,1,-1,O=C(Nc1ccccc1)C1CN(c2ncnn3cc(-c4cn[nH]c4)cc23)C1,train
CHEMBL6051343,Cc1nn(C2CN(C(=O)OC(C)(C)C)C2)cc1-c1cc2cc(NC(=O)c3[nH]nc(C)c3C)cnc2[nH]1,XHMGILFRZRQFMV,-1,0,-1,O=C(Nc1cnc2[nH]c(-c3cnn(C4CNC4)c3)cc2c1)c1ccn[nH]1,train
CHEMBL6051370,COc1ccc(COc2ccc(Nc3ccc4ncc(N5CCN(CCO)CC5)nc4c3C#N)cc2OC)cc1,PQNANICAKMCWPN,-1,1,-1,c1ccc(COc2ccc(Nc3ccc4ncc(N5CCNCC5)nc4c3)cc2)cc1,train
CHEMBL6052269,Cc1nc(C2(C)CCN(c3ncnc4[nH]c(-c5cnn(C(F)F)c5)cc34)CC2)[nH]c1-c1ccc(Cl)cc1,AUHRLOGJXAFVSE,-1,1,-1,c1ccc(-c2cnc(C3CCN(c4ncnc5[nH]c(-c6cn[nH]c6)cc45)CC3)[nH]2)cc1,train
CHEMBL6053079,COC1(C(=O)N[C@@H](C)c2ccc(Cl)cc2)CN(c2ncnn3cc(-c4cnn(C)c4)cc23)C1,RUDMTIRUTGDKSK,-1,1,-1,O=C(NCc1ccccc1)C1CN(c2ncnn3cc(-c4cn[nH]c4)cc23)C1,train
CHEMBL6053773,Cn1cc(-c2cc(Oc3ccc(NC(=O)N4CCC5(CCCCC5)C4=O)nc3)ccn2)cn1,HBWUNGZZOZIRLQ,-1,1,-1,O=C(Nc1ccc(Oc2ccnc(-c3cn[nH]c3)c2)cn1)N1CCC2(CCCCC2)C1=O,train
CHEMBL6054412,CC(C)[C@H](NC(=O)C1CN(c2ncnn3cc(-c4cnn(C)c4)cc23)C1)c1ccc(Cl)cc1,OPZVRUWHWKVWKJ,-1,1,-1,O=C(NCc1ccccc1)C1CN(c2ncnn3cc(-c4cn[nH]c4)cc23)C1,train
CHEMBL6055673,COc1ccc(COc2ccc(Nc3ccc4ncc(N5CCN(C(C)C)CC5)nc4c3C#N)cc2OC)cc1,FXNPKUQLIJHGRX,-1,1,0,c1ccc(COc2ccc(Nc3ccc4ncc(N5CCNCC5)nc4c3)cc2)cc1,train
CHEMBL6056206,COc1ccc(-c2[nH]c(C3CCN(c4ncnc5[nH]c(-c6ccc(C#N)cc6)cc45)CC3)nc2C)cn1,QROJZIHXPTVIOF,-1,1,-1,c1ccc(-c2cc3c(N4CCC(c5ncc(-c6cccnc6)[nH]5)CC4)ncnc3[nH]2)cc1,train
CHEMBL6057173,CC(C)(O)Cn1cc(-c2cc3c(N4CC(C(=O)NCc5ccc(Cl)cc5F)C4)ncnn3c2)cn1,ANHRJGVDPBUYTC,-1,1,-1,O=C(NCc1ccccc1)C1CN(c2ncnn3cc(-c4cn[nH]c4)cc23)C1,train
CHEMBL6057196,CCOc1cc(-c2[nH]c(C3CCN(c4ncnc5[nH]c(-c6ccc(C#N)cc6)cc45)CC3)nc2C)ccc1C,MVOVKNNUIWPDOO,-1,1,-1,c1ccc(-c2cnc(C3CCN(c4ncnc5[nH]c(-c6ccccc6)cc45)CC3)[nH]2)cc1,train
CHEMBL6057272,Cn1cc(-c2cc3c(N4CC(C(=O)NCc5ccc(F)cc5)C4)ncnn3c2)cn1,YHLCMALWTSDQDY,-1,1,-1,O=C(NCc1ccccc1)C1CN(c2ncnn3cc(-c4cn[nH]c4)cc23)C1,train
CHEMBL6057966,CNS(=O)(=O)c1cccc(-c2cc3cc(NC(=O)c4[nH]nc(C)c4C)cnc3[nH]2)c1,OAPJKDSFNDNWGT,-1,0,-1,O=C(Nc1cnc2[nH]c(-c3ccccc3)cc2c1)c1ccn[nH]1,train
CHEMBL6058652,COc1ccc(-c2[nH]c(C3(C)CCN(c4ncnc5[nH]c(-c6ccc(OCC(=O)O)cc6)cc45)CC3)nc2C)cc1C,MJFKIODMBUFZBY,-1,1,-1,c1ccc(-c2cnc(C3CCN(c4ncnc5[nH]c(-c6ccccc6)cc45)CC3)[nH]2)cc1,train
CHEMBL6058696,COC(C)(C)Cn1cc(-c2cc3c(N4CC(C(=O)NCc5ccc(C)cc5)C4)ncnn3c2)cn1,OHDRLXVJGCBNCM,-1,1,-1,O=C(NCc1ccccc1)C1CN(c2ncnn3cc(-c4cn[nH]c4)cc23)C1,train
CHEMBL6059069,Cc1ccc(CNC(=O)C2CN(c3ncnn4cc(-c5ccc(OC6CC6)cc5)cc34)C2)cc1,KDHGVAVDFPKGBX,-1,1,-1,O=C(NCc1ccccc1)C1CN(c2ncnn3cc(-c4ccc(OC5CC5)cc4)cc23)C1,train
CHEMBL6059235,Cc1ccc(CNC(=O)C2CN(c3ncnn4cc(-c5cnn(CC(C)(C)O)c5)cc34)C2)cc1,ZUTJTKDUDXSAOY,-1,1,-1,O=C(NCc1ccccc1)C1CN(c2ncnn3cc(-c4cn[nH]c4)cc23)C1,train
CHEMBL6060234,CCOc1ccc(-c2[nH]c(C3(C)CCN(c4ncnc5[nH]c(-c6cnn(C(F)F)c6)cc45)CC3)nc2C)cc1C,ZPGHQSQOTIQTFX,-1,1,-1,c1ccc(-c2cnc(C3CCN(c4ncnc5[nH]c(-c6cn[nH]c6)cc45)CC3)[nH]2)cc1,train
CHEMBL6060863,Cc1ccc([C@H](CCO)NC(=O)C2CN(c3ncnn4cc(-c5cnn(C)c5)cc34)C2)cc1,CGNVSZHABKILHX,-1,1,-1,O=C(NCc1ccccc1)C1CN(c2ncnn3cc(-c4cn[nH]c4)cc23)C1,train
CHEMBL6060898,CC[C@H](NC(=O)C1CN(c2ncnn3cc(-c4cnn(C(C)C)c4)cc23)C1)c1ccc(Cl)cc1,XDMDBMNDDLKBAA,-1,1,-1,O=C(NCc1ccccc1)C1CN(c2ncnn3cc(-c4cn[nH]c4)cc23)C1,train
CHEMBL6061431,Cc1nn(C)cc1-c1cc2c(N3CC(C(=O)N[C@@H](CCO)c4ccc(Cl)cc4)C3)ncnn2c1,DJAYIJRVWKCGTL,-1,1,-1,O=C(NCc1ccccc1)C1CN(c2ncnn3cc(-c4cn[nH]c4)cc23)C1,train
CHEMBL6061861,Cn1cc(-c2cc3c(N4CC(C(=O)NCc5ccc(F)cc5F)C4)ncnn3c2)cn1,YZPARRPLKGLPBD,-1,1,-1,O=C(NCc1ccccc1)C1CN(c2ncnn3cc(-c4cn[nH]c4)cc23)C1,train
CHEMBL6062322,Cc1nc(C2CCN(c3ncnc4[nH]c(-c5ccc(C#N)cc5)cc34)CC2)[nH]c1-c1ccc2c(c1)OCO2,POVZWVFHWJPDSJ,-1,1,-1,c1ccc(-c2cc3c(N4CCC(c5ncc(-c6ccc7c(c6)OCO7)[nH]5)CC4)ncnc3[nH]2)cc1,train
CHEMBL6063119,C[C@H](NC(=O)C1CN(c2ncnn3cc(-c4cnn([C@@H](C)C(C)(C)O)c4)cc23)C1)c1ccc(F)cc1,LAOHCAAFJNHOMG,-1,1,-1,O=C(NCc1ccccc1)C1CN(c2ncnn3cc(-c4cn[nH]c4)cc23)C1,train
CHEMBL6063509,COc1cccc(-c2[nH]c(C3CCN(c4ncnc5[nH]c(-c6cnn(C(F)F)c6)cc45)CC3)nc2C)c1,GTOKYOYWRMDMPY,-1,1,-1,c1ccc(-c2cnc(C3CCN(c4ncnc5[nH]c(-c6cn[nH]c6)cc45)CC3)[nH]2)cc1,train
CHEMBL6063591,COc1cc(Nc2ccc3ncc(N4CCOCC4)nc3c2C#N)ccc1OCc1ccc(CF)nc1,BPLCKLLDHIUAFH,-1,1,0,c1cncc(COc2ccc(Nc3ccc4ncc(N5CCOCC5)nc4c3)cc2)c1,train
CHEMBL6064618,COc1ccc(-c2[nH]c(C3(C)CCN(c4ncnc5[nH]c(-c6ccc(F)cc6)cc45)CC3)nc2C)cc1C,ZXNSKZOODCYRQS,-1,1,-1,c1ccc(-c2cnc(C3CCN(c4ncnc5[nH]c(-c6ccccc6)cc45)CC3)[nH]2)cc1,train
CHEMBL6065150,COc1ccc(-c2cc3c(N4CCC(C)(c5nc(C)c(-c6ccc(Cl)cc6)[nH]5)CC4)ncnc3[nH]2)cn1,HNKGRUIVPOMPDQ,-1,1,-1,c1ccc(-c2cnc(C3CCN(c4ncnc5[nH]c(-c6cccnc6)cc45)CC3)[nH]2)cc1,train
CHEMBL6065368,COc1ccc(-c2cc3c(N4CC(C(=O)Nc5ccc(C#N)cc5)C4)ncnn3c2)cc1,UTXPEPNHIVPZDP,-1,1,-1,O=C(Nc1ccccc1)C1CN(c2ncnn3cc(-c4ccccc4)cc23)C1,train
CHEMBL6163488,C=CC(=O)Nc1ccc(NC(=O)c2ccc(C)c(C#Cc3cnc4cccnn34)c2)cc1,PTOHLBJGKPJPOK,-1,1,-1,O=C(Nc1ccccc1)c1cccc(C#Cc2cnc3cccnn23)c1,train
CHEMBL6166514,C=CC(=O)Nc1cc(C(=O)Nc2ccc(C)c(C#Cc3cnc4cccnn34)c2)cc(C(F)(F)F)c1,FIBDKSNIENIGEX,-1,1,-1,O=C(Nc1cccc(C#Cc2cnc3cccnn23)c1)c1ccccc1,train
CHEMBL6167395,C=CC(=O)Nc1cc(NC(=O)c2ccc(C)c(C#Cc3cnc4cccnn34)c2)cc(C(F)(F)F)c1,BOYBZLOHRCHTSE,-1,1,-1,O=C(Nc1ccccc1)c1cccc(C#Cc2cnc3cccnn23)c1,train
CHEMBL6169406,COC(=O)c1cc(NC(=O)c2ccc(C)c(C#Cc3cnc4cccnn34)c2)ccc1NC(=O)CCl,XIAXMDTUNCXJRG,-1,1,-1,O=C(Nc1ccccc1)c1cccc(C#Cc2cnc3cccnn23)c1,train
CHEMBL6170399,C=CC(=O)Nc1ccc(NC(=O)c2ccc(C)c(C#Cc3cncn3C)c2)cc1C(=O)OC,ITTYZZDTBOPNHG,-1,1,-1,O=C(Nc1ccccc1)c1cccc(C#Cc2cnc[nH]2)c1,train
CHEMBL6172314,Cc1ccc(NC(=O)c2ccc3scnc3c2)cc1C#Cc1cnc2cccnn12,KTAANODJFALLKS,-1,1,-1,O=C(Nc1cccc(C#Cc2cnc3cccnn23)c1)c1ccc2scnc2c1,train
CHEMBL6173067,C=CC(=O)Nc1ccc(C(=O)Nc2ccc(C)c(C#Cc3cnc4cccnn34)c2)cc1C(F)(F)F,QZQAZJSOARDRRY,-1,1,-1,O=C(Nc1cccc(C#Cc2cnc3cccnn23)c1)c1ccccc1,train
CHEMBL6175030,C=CC(=O)Nc1ccc(C(=O)Nc2ccc(C)c(C#Cc3cnc4cccnn34)c2)cc1C,YNEYLFSUGLRNQV,-1,1,-1,O=C(Nc1cccc(C#Cc2cnc3cccnn23)c1)c1ccccc1,train
CHEMBL6175078,C=CC(=O)Nc1ccccc1NC(=O)c1ccc(C)c(C#Cc2cnc3cccnn23)c1,NBIXYUICJXVMER,-1,1,-1,O=C(Nc1ccccc1)c1cccc(C#Cc2cnc3cccnn23)c1,train
CHEMBL6175087,CC(=O)Nc1ccc(NC(=O)c2ccc(C)c(C#Cc3cnc4cccnn34)c2)cc1C(F)(F)F,NWJLKFZOBGFPDO,-1,1,-1,O=C(Nc1ccccc1)c1cccc(C#Cc2cnc3cccnn23)c1,train
CHEMBL6175375,CC#CC(=O)Nc1ccc(NC(=O)c2ccc(C)c(C#Cc3cnc4cccnn34)c2)cc1C(=O)OC,PRFSMELGALYILG,-1,1,-1,O=C(Nc1ccccc1)c1cccc(C#Cc2cnc3cccnn23)c1,train
CHEMBL6176131,C=CC(=O)Nc1ccc(NC(=O)c2ccc(C)c(C#Cc3cnc4cccnn34)c2)cc1-c1cnn(C)c1,KPSHXQVDEXBDGN,-1,1,-1,O=C(Nc1cccc(-c2cn[nH]c2)c1)c1cccc(C#Cc2cnc3cccnn23)c1,train
CHEMBL6176998,Cc1ccc(NC(=O)c2ccc3sc(-c4c[nH]nc4C(C)C)nc3c2)cc1C#Cc1cnc2cccnn12,VWAKMSUPUVTTJX,-1,1,-1,O=C(Nc1cccc(C#Cc2cnc3cccnn23)c1)c1ccc2sc(-c3cn[nH]c3)nc2c1,train
CHEMBL6177123,CCC(=O)Nc1ccc(NC(=O)c2ccc(C)c(C#Cc3cnc4cccnn34)c2)cc1C(=O)OC,RRUTWBMGXWOUIU,-1,1,-1,O=C(Nc1ccccc1)c1cccc(C#Cc2cnc3cccnn23)c1,train
CHEMBL6177409,C=CC(=O)Nc1ccc(NC(=O)c2ccc(C)c(C#Cc3cnc4cccnn34)c2)cc1C(=O)OC,MIMIJIHOXOFBRL,-1,1,-1,O=C(Nc1ccccc1)c1cccc(C#Cc2cnc3cccnn23)c1,train
CHEMBL6177464,C=CC(=O)Nc1ccc(C(=O)Nc2ccc(C)c(C#Cc3cnc4cccnn34)c2)cc1,QQSVMEGPKQDBIM,-1,1,-1,O=C(Nc1cccc(C#Cc2cnc3cccnn23)c1)c1ccccc1,train
CHEMBL6177675,C=Cc1nc2cc(C(=O)Nc3ccc(C)c(C#Cc4cnc5cccnn45)c3)ccc2s1,ZTKIVQINBJWMBW,-1,1,-1,O=C(Nc1cccc(C#Cc2cnc3cccnn23)c1)c1ccc2scnc2c1,train
CHEMBL6177679,C=CC(=O)Nc1ccc(NC(=O)c2ccc(C)c(C#Cc3cnc4cccnn34)c2)cc1C(F)(F)F,JBSNKXSPQFCORI,-1,1,-1,O=C(Nc1ccccc1)c1cccc(C#Cc2cnc3cccnn23)c1,train
CHEMBL6177746,C=CC(=O)Nc1ccc(NC(=O)c2ccc(C)c(C#Cc3cnc4cccnn34)c2)cc1I,GMAPLQMGEFYTNO,-1,1,-1,O=C(Nc1ccccc1)c1cccc(C#Cc2cnc3cccnn23)c1,train
CHEMBL75196,Clc1ccc(Nc2nnc(Cc3ccncc3)c3ccccc23)cc1Cl,UIFQBRNVJVUAKO,-1,1,1,c1ccc(Nc2nnc(Cc3ccncc3)c3ccccc23)cc1,train
CHEMBL99743,COc1cc2ncnc(N3CCN(C(=O)Nc4ccc([N+](=O)[O-])cc4)CC3)c2cc1OC,ZIFCMJKHIXABHJ,-1,1,1,O=C(Nc1ccccc1)N1CCN(c2ncnc3ccccc23)CC1,train
CHEMBL3344213,CC(C)NC(CS(C)(=O)=O)c1ccc(-c2ccc3ncnc(Nc4ccc(OCc5cccc(F)c5)c(Cl)c4)c3c2)o1,ULXXLCZMVVOIBI,-1,0,0,c1ccc(COc2ccc(Nc3ncnc4ccc(-c5ccco5)cc34)cc2)cc1,train
CHEMBL4079610,CN1CCN(Cc2cc(NC(=O)c3ccc4c(c3)CN(Cc3cncnc3)CC4)cc(C(F)(F)F)c2)CC1,SAPGBJFDRNBODB,-1,0,-1,O=C(Nc1cccc(CN2CCNCC2)c1)c1ccc2c(c1)CN(Cc1cncnc1)CC2,train
CHEMBL5867255,CN(C)c1ccc(C(=O)Nc2n[nH]c3cc(OCCOCc4ccccc4)ccc23)cc1,IZQJMIVZMPULKC,-1,0,-1,O=C(Nc1n[nH]c2cc(OCCOCc3ccccc3)ccc12)c1ccccc1,train
CHEMBL4519003,CCc1ccc(C(=O)Nc2cc(F)cc(C(F)(F)F)c2)cc1-c1cc(C)cc(-c2cnc3cnccn23)c1,SERAEYFDVQXTIX,-1,0,-1,O=C(Nc1ccccc1)c1cccc(-c2cccc(-c3cnc4cnccn34)c2)c1,train
CHEMBL4440007,CCc1ccc(C(=O)Nc2cc(C(F)(F)F)ccc2F)cc1-c1cc(C)cc(-c2cnc3cnccn23)c1,DBZZJYBBLJVTFE,-1,0,-1,O=C(Nc1ccccc1)c1cccc(-c2cccc(-c3cnc4cnccn34)c2)c1,train
CHEMBL1782075,c1ccc(Cc2cnc(N3CCN(c4ncnc5ccccc45)CC3)nc2)cc1,YHUSVRKNGDYNRY,-1,0,-1,c1ccc(Cc2cnc(N3CCN(c4ncnc5ccccc45)CC3)nc2)cc1,train
CHEMBL4204515,CNc1ncc2c(-c3ccc(N4CCN(C(=O)C(C)(C)C)CC4)nc3)nn(CC3CCCC3)c2n1,XKCCGMYJZWDKCH,-1,0,-1,c1ncc2c(-c3ccc(N4CCNCC4)nc3)nn(CC3CCCC3)c2n1,train
CHEMBL4470983,CCc1ccc(C(=O)Nc2cccc(C(F)(F)F)c2)cc1-c1ccc(C)c(-c2cnc3cnccn23)c1,ZRZCEPJNKXDING,-1,0,-1,O=C(Nc1ccccc1)c1cccc(-c2cccc(-c3cnc4cnccn34)c2)c1,train
CHEMBL4248043,CCc1ccc(Nc2nc(N3CCC(NC(=O)c4ccc(C(=O)O)cn4)C3)nc3c2COC3)cc1,XQEZFBYEHWPNPJ,-1,0,-1,O=C(NC1CCN(c2nc3c(c(Nc4ccccc4)n2)COC3)C1)c1ccccn1,train
CHEMBL1651523,COc1cc(O)c2c(c1)CCCCCC(=O)/C=C\C[C@H](C)OC2=O,JWTUFAOHKVRJNA,-1,0,0,O=C1C=CCCOC(=O)c2ccccc2CCCCC1,train
CHEMBL4096896,CC1CN(c2cncnc2)Cc2cc(C(=O)Nc3cc(CN4CCN(C5CCCCC5)CC4)cc(C(F)(F)F)c3)ccc21,NFZXBQXIWXZUDR,-1,0,-1,O=C(Nc1cccc(CN2CCN(C3CCCCC3)CC2)c1)c1ccc2c(c1)CN(c1cncnc1)CC2,train
CHEMBL3309969,COc1cc(=O)n(-c2ccc(Oc3ccnc(N)c3I)c(F)c2)cc1C(=O)NCc1ccc(F)cc1,BLNJAGORPQMNJY,-1,0,-1,O=C(NCc1ccccc1)c1ccc(=O)n(-c2ccc(Oc3ccncc3)cc2)c1,train
CHEMBL5883606,COc1ccc(COc2ncc(Nc3ccc4ncc(N5CCOCC5)nc4c3C#N)cc2OC)cc1,SODCIOFNEANSLF,-1,0,0,c1ccc(COc2ccc(Nc3ccc4ncc(N5CCOCC5)nc4c3)cn2)cc1,train
CHEMBL4075510,CC1CN(c2cncnc2)Cc2cc(C(=O)Nc3cc(CN4CCCN(C)CC4)cc(C(F)(F)F)c3)ccc21,DDPFCUXJEFSBMK,-1,0,-1,O=C(Nc1cccc(CN2CCCNCC2)c1)c1ccc2c(c1)CN(c1cncnc1)CC2,train
CHEMBL3800138,COC(Cn1nc(-c2ccc3oc(N)nc3c2)c2c(N)ncnc21)OC,VEXIODYWKRBZER,-1,0,-1,c1ncc2c(-c3ccc4ocnc4c3)n[nH]c2n1,train
CHEMBL5974886,COc1cnc2ccc(Nc3ccc(OCc4ccc(Cl)cc4)c(OC)c3)c(C#N)c2n1,JLSSIAGMCLGNEU,-1,0,0,c1ccc(COc2ccc(Nc3ccc4nccnc4c3)cc2)cc1,train
CHEMBL4086988,CC1CN(c2cncnc2)Cc2cc(C(=O)Nc3cc(CN(C)C)cc(C(F)(F)F)c3)ccc21,TZIWJRRYZAJZHK,-1,0,-1,O=C(Nc1ccccc1)c1ccc2c(c1)CN(c1cncnc1)CC2,train
CHEMBL4590224,CCc1ccc(C(=O)Nc2cccc(C(F)(F)F)c2)cc1-c1cc(-c2cnc3cnccn23)cc(C(C)C)c1,LSKXRJGYFZUWDS,-1,0,-1,O=C(Nc1ccccc1)c1cccc(-c2cccc(-c3cnc4cnccn34)c2)c1,train
CHEMBL3651854,Cc1cc(Nc2nc(Nc3ccccc3S(=O)(=O)C(C)C)c3c(C)[nH]nc3n2)c(OC(C)C)cc1C1CCN(C)CC1,AFTBNZZMNUUEFO,-1,0,-1,c1ccc(Nc2nc(Nc3ccc(C4CCNCC4)cc3)nc3n[nH]cc23)cc1,train
CHEMBL574613,CC[S@+]([O-])c1ccc(-c2coc3ccc(-c4ccc(C)o4)cc23)cc1,NCGGCRHITOMNJS,-1,0,0,c1ccc(-c2coc3ccc(-c4ccco4)cc23)cc1,train
CHEMBL5967123,CC1CN(c2cncnc2)Cc2cc(C(=O)Nc3cc(CN4CC[C@@H](N(C)C)C4)cc(C(F)(F)F)c3)ccc21,COPFQQYHJSJTAB,-1,0,-1,O=C(Nc1cccc(CN2CCCC2)c1)c1ccc2c(c1)CN(c1cncnc1)CC2,train
CHEMBL3319454,COc1ccc(-c2c[nH]c3ncc(-c4ccc(C)cc4)cc23)cc1OC,WSOTZUVCNVRMKZ,-1,0,-1,c1ccc(-c2cnc3[nH]cc(-c4ccccc4)c3c2)cc1,train
CHEMBL3319474,COc1cc(N)cc(-c2cnc3[nH]cc(-c4ccc(OC)c(OC)c4)c3c2)c1,NQGWPDQQFQUGNA,-1,0,-1,c1ccc(-c2cnc3[nH]cc(-c4ccccc4)c3c2)cc1,train
CHEMBL3344219,CCCCCCC(=O)ON[C@H](CS(C)(=O)=O)c1ccc(-c2ccc3ncnc(Nc4ccc(OCc5cccc(F)c5)c(Cl)c4)c3c2)o1,SWMGNCSEVSFTQH,-1,0,0,c1ccc(COc2ccc(Nc3ncnc4ccc(-c5ccco5)cc34)cc2)cc1,train
CHEMBL3970410,Cc1ccc(-c2noc(C3CC(F)(F)C3)n2)cc1NC(=O)c1cnc2ccc(-c3nnn[nH]3)cn12,LCVYYYBKDYZYNO,-1,0,-1,O=C(Nc1cccc(-c2noc(C3CCC3)n2)c1)c1cnc2ccc(-c3nnn[nH]3)cn12,train
CHEMBL3344212,CS(=O)(=O)CC(NC1CCCCC1)c1ccc(-c2ccc3ncnc(Nc4ccc(OCc5cccc(F)c5)c(Cl)c4)c3c2)o1,SBDHHGPMARTGSE,-1,0,0,c1ccc(COc2ccc(Nc3ncnc4ccc(-c5ccc(CNC6CCCCC6)o5)cc34)cc2)cc1,train
CHEMBL4565522,CCc1ccc(C(=O)Nc2cccc(C(F)(F)F)c2)cc1-c1cc(-c2cnc3cnccn23)cc(C(C)(C)C)c1,BWLUTMGITQVVDZ,-1,0,-1,O=C(Nc1ccccc1)c1cccc(-c2cccc(-c3cnc4cnccn34)c2)c1,train
CHEMBL123,Cc1c2ccncc2c(C)c2c1[nH]c1ccccc12,CTSPAMFJBXKSOY,-1,0,-1,c1ccc2c(c1)[nH]c1cc3ccncc3cc12,train
CHEMBL4060157,C[C@@H]1CN(c2cncnc2)Cc2cc(NC(=O)c3cc(CN4CCN(C)CC4)cc(C(F)(F)F)c3)ccc21,FXWGWJNBGHQODS,-1,0,-1,O=C(Nc1ccc2c(c1)CN(c1cncnc1)CC2)c1cccc(CN2CCNCC2)c1,train
CHEMBL4250883,CCCCCCNc1nc(N2CCC(NC(=O)c3ccc(C(=O)O)cn3)C2)nc2c1COC2,VMAHRUKAFXNMJV,-1,0,-1,O=C(NC1CCN(c2ncc3c(n2)COC3)C1)c1ccccn1,train
CHEMBL6033267,COc1ccc(COc2ccc(Nc3ccc4ncc(C(C)C)nc4c3C#N)cc2OC)cc1,IMHRJRBWCKGPDZ,-1,0,0,c1ccc(COc2ccc(Nc3ccc4nccnc4c3)cc2)cc1,train
CHEMBL3344221,CN(C)[C@@H](CS(C)(=O)=O)c1ccc(-c2ccc3ncnc(Nc4ccc(OCc5cccc(F)c5)c(Cl)c4)c3c2)o1,BGPAHUNSGVWHIG,-1,0,0,c1ccc(COc2ccc(Nc3ncnc4ccc(-c5ccco5)cc34)cc2)cc1,train
CHEMBL4245985,Cc1ccc(Nc2nc(N3CCC(NC(=O)c4ccc(C(=O)O)cn4)C3)nc3c2COC3)cc1,GSMHJVPWJXMQRA,-1,0,-1,O=C(NC1CCN(c2nc3c(c(Nc4ccccc4)n2)COC3)C1)c1ccccn1,train
CHEMBL3344218,CCCCC(=O)ON[C@H](CS(C)(=O)=O)c1ccc(-c2ccc3ncnc(Nc4ccc(OCc5cccc(F)c5)c(Cl)c4)c3c2)o1,JPDVCJYBXBQWPC,-1,0,0,c1ccc(COc2ccc(Nc3ncnc4ccc(-c5ccco5)cc34)cc2)cc1,train
CHEMBL6026076,COc1cnc2ccc(Nc3ccc(OCc4ccc(OC)c(C#N)c4)c(OC)c3)c(C#N)c2n1,XAYZARFWEWELHI,-1,0,0,c1ccc(COc2ccc(Nc3ccc4nccnc4c3)cc2)cc1,train
CHEMBL4547295,CCc1ccc(C(=O)Nc2cccc(C(F)(F)F)c2F)cc1-c1cc(C)cc(-c2cnc3cnccn23)c1,LQBSFUBGTMSCSY,-1,0,-1,O=C(Nc1ccccc1)c1cccc(-c2cccc(-c3cnc4cnccn34)c2)c1,train
CHEMBL5759934,COc1cc(Nc2ccc3ncc(N4CCOCC4)nc3c2C#N)ccc1OCc1ccc(F)c(F)c1,OUPNLWCMBFTFPI,-1,0,0,c1ccc(COc2ccc(Nc3ccc4ncc(N5CCOCC5)nc4c3)cc2)cc1,train
CHEMBL5982256,Cc1c(CN2CCN(C)CC2)cc(NC(=O)c2ccc3c(c2)CN(c2cncnc2)CC3C)cc1C(F)(F)F,XRLKUJVAKVKVMM,-1,0,-1,O=C(Nc1cccc(CN2CCNCC2)c1)c1ccc2c(c1)CN(c1cncnc1)CC2,train
CHEMBL245734,O=C(O)C1CCCN(C(=O)c2cccc3c2Cc2c-3n[nH]c2-c2ccsc2)C1,WBRHCOIAJKWTPZ,-1,0,-1,O=C(c1cccc2c1Cc1c-2n[nH]c1-c1ccsc1)N1CCCCC1,train
CHEMBL3822591,Cc1ccc(-c2nn(CCN3CCC(CCN(C)C)CC3)c3ncnc(N)c23)cc1,CDBACQLZGUZJLV,-1,0,-1,c1ccc(-c2nn(CCN3CCCCC3)c3ncncc23)cc1,train
CHEMBL5921808,COc1ccc(COc2ccc(Nc3ccc4ncc(OC)nc4c3)cc2OC)cc1,JLEFQQIPNWRJTB,-1,0,0,c1ccc(COc2ccc(Nc3ccc4nccnc4c3)cc2)cc1,train
CHEMBL4243810,Cc1ccc(Nc2nc(N3CCC(NC(=O)c4ccc(C(=O)O)cn4)C3)nc3c2COC3)cc1C,MIGNXFGBOCCXMK,-1,0,-1,O=C(NC1CCN(c2nc3c(c(Nc4ccccc4)n2)COC3)C1)c1ccccn1,train
CHEMBL409839,Nc1nc(N)c2c(n1)NCCC(c1ccc(NC(=O)Nc3ccccc3)cc1)=N2,DOKLITIJDLLPJM,-1,0,-1,O=C(Nc1ccccc1)Nc1ccc(C2=Nc3cncnc3NCC2)cc1,train
CHEMBL4077200,CC1CN(c2cncnc2)Cc2cc(C(=O)Nc3cc(CN4CCN(C)CC4)cc(C(C)(C)C)c3)ccc21,NVSACWLSRUGEMJ,-1,0,-1,O=C(Nc1cccc(CN2CCNCC2)c1)c1ccc2c(c1)CN(c1cncnc1)CC2,train
CHEMBL6045747,COc1ccc(COc2ccc(Oc3ccc4ncc(OC)nc4c3C#N)cc2OC)cc1,SKUIORNEBHOYPR,-1,0,0,c1ccc(COc2ccc(Oc3ccc4nccnc4c3)cc2)cc1,train
CHEMBL4096111,CC1Cc2ccc(C(=O)Nc3cc(CN4CCN(C)CC4)cc(C(F)(F)F)c3)cc2CN1c1cncnc1,GCCXSOBNEILODC,-1,0,-1,O=C(Nc1cccc(CN2CCNCC2)c1)c1ccc2c(c1)CN(c1cncnc1)CC2,train
CHEMBL4210084,CNc1ncc2c(-c3ccc(N4CCNCC4)nc3)nn(Cc3cn(Cc4ccccc4)nn3)c2n1,USPKFTCYXHJXCN,-1,0,-1,c1ccc(Cn2cc(Cn3nc(-c4ccc(N5CCNCC5)nc4)c4cncnc43)nn2)cc1,train
CHEMBL5902481,COc1ccc(COc2ccc(Nc3ccc4ncc(N5CCOCC5)nc4c3C#N)cc2Cl)cc1,QRJIIJJEWLWWKS,-1,0,0,c1ccc(COc2ccc(Nc3ccc4ncc(N5CCOCC5)nc4c3)cc2)cc1,train
CHEMBL3962822,Cc1ccc(-c2noc(C3CC(F)(F)C3)n2)cc1NC(=O)c1cnc2ccc(CCC(=O)O)cn12,PMEIZRTWPXMYNR,-1,0,-1,O=C(Nc1cccc(-c2noc(C3CCC3)n2)c1)c1cnc2ccccn12,train
CHEMBL4097012,C[C@H]1CN(c2cncnc2)Cc2cc(C(=O)Nc3cc(CN4CCCN(C)CC4)cc(C(F)(F)F)c3)ccc21,DDPFCUXJEFSBMK,-1,0,-1,O=C(Nc1cccc(CN2CCCNCC2)c1)c1ccc2c(c1)CN(c1cncnc1)CC2,train
CHEMBL5885756,CC1CN(c2cncnc2)Cc2cc(NC(=O)c3cc(CN4CCN(C)CC4)cc(C(F)(F)F)c3)ccc21,FXWGWJNBGHQODS,-1,0,-1,O=C(Nc1ccc2c(c1)CN(c1cncnc1)CC2)c1cccc(CN2CCNCC2)c1,train
CHEMBL1779593,O=C(c1ccco1)N1N=C(c2cccnc2)CC1c1ccccc1O,WIYFQNKIVFKELN,-1,0,-1,O=C(c1ccco1)N1N=C(c2cccnc2)CC1c1ccccc1,train
CHEMBL5897907,CCOc1cc(Oc2ccc3ncc(OC)nc3c2C#N)ccc1OCc1ccc(OC)cc1,RCYYIRZSTVDIPO,-1,0,0,c1ccc(COc2ccc(Oc3ccc4nccnc4c3)cc2)cc1,train
CHEMBL4217649,CCN1CCN(c2ccc(-c3nn(Cc4cn(Cc5ccccc5)nn4)c4nc(NC)ncc34)cn2)CC1,PAZDHXLZWBCXCX,-1,0,-1,c1ccc(Cn2cc(Cn3nc(-c4ccc(N5CCNCC5)nc4)c4cncnc43)nn2)cc1,train
CHEMBL5739791,COc1cc(Nc2ccc3ncc(N4CCOCC4)nc3c2C#N)ccc1OCc1ccc(F)cc1,VCLNAKYNUKQOPQ,-1,0,0,c1ccc(COc2ccc(Nc3ccc4ncc(N5CCOCC5)nc4c3)cc2)cc1,train
CHEMBL2152263,COc1ccc(-c2c[nH]c3ncc(-c4cccc(C#N)c4)cc23)cc1OC,DZBBOKXUSCCELR,-1,0,-1,c1ccc(-c2cnc3[nH]cc(-c4ccccc4)c3c2)cc1,train
CHEMBL4102648,Cc1cccc(NC(=O)Nc2ccc(-c3ccnc4[nH]nc(C(F)(F)F)c34)cc2)c1,HAIFKHTXBPIOKM,-1,0,-1,O=C(Nc1ccccc1)Nc1ccc(-c2ccnc3[nH]ncc23)cc1,train
CHEMBL209971,CN1CCN(Cc2ccc3c(c2)Cc2c-3n[nH]c2-c2ccc(CN(C)C(=O)Nc3ccccc3Cl)s2)CC1,LPMGFAMWKXULFT,-1,0,-1,O=C(NCc1ccc(-c2[nH]nc3c2Cc2cc(CN4CCNCC4)ccc2-3)s1)Nc1ccccc1,train
CHEMBL3344208,CN(C)C(CS(C)(=O)=O)c1ccc(-c2ccc3ncnc(Nc4ccc(OCc5cccc(F)c5)c(Cl)c4)c3c2)o1,BGPAHUNSGVWHIG,-1,0,0,c1ccc(COc2ccc(Nc3ncnc4ccc(-c5ccco5)cc34)cc2)cc1,train
CHEMBL3344210,CNC(CS(C)(=O)=O)c1ccc(-c2ccc3ncnc(Nc4ccc(OCc5cccc(F)c5)c(Cl)c4)c3c2)o1,UIKHYQLSZPHCKO,-1,0,0,c1ccc(COc2ccc(Nc3ncnc4ccc(-c5ccco5)cc34)cc2)cc1,train
CHEMBL194474,Cc1c2ccncc2c(C)c2c1[nH]c1ccc(Br)cc12,OSDDZVXUCKZOQA,-1,0,-1,c1ccc2c(c1)[nH]c1cc3ccncc3cc12,train
CHEMBL4250240,COc1ccc(Nc2nc(N3CCC(NC(=O)c4ccc(C(=O)O)cn4)C3)nc3c2COC3)cc1,CJNDRZLXZRMXDG,-1,0,-1,O=C(NC1CCN(c2nc3c(c(Nc4ccccc4)n2)COC3)C1)c1ccccn1,train
CHEMBL4088784,CC1CN(c2cncnc2)Cc2cc(C(=O)Nc3ccc(CN4CCN(C)CC4)c(C(F)(F)F)c3)ccc21,PGNPRFGVXQKJFG,-1,0,-1,O=C(Nc1ccc(CN2CCNCC2)cc1)c1ccc2c(c1)CN(c1cncnc1)CC2,train
CHEMBL4088388,C[C@H]1CN(c2cncnc2)Cc2cc(NC(=O)c3cc(CN4CCN(C)CC4)cc(C(F)(F)F)c3)ccc21,FXWGWJNBGHQODS,-1,0,-1,O=C(Nc1ccc2c(c1)CN(c1cncnc1)CC2)c1cccc(CN2CCNCC2)c1,train
CHEMBL4247042,CCCCCNc1nc(N2CCC(NC(=O)c3ccc(C(=O)O)cn3)C2)nc2c1COC2,AWUPUZFBGVGSIE,-1,0,-1,O=C(NC1CCN(c2ncc3c(n2)COC3)C1)c1ccccn1,train
CHEMBL3263869,COc1ccc(Oc2cc(C)c(-c3csc(NC(=O)c4ccnc(F)c4)n3)c(C)c2)cc1,JZGFZITYBNEDHQ,-1,0,0,O=C(Nc1nc(-c2ccc(Oc3ccccc3)cc2)cs1)c1ccncc1,train
CHEMBL3823849,Cc1ccc(-c2nn(CCN3CCC(CN(C)C)CC3)c3ncnc(N)c23)cc1,AKSZNKRUJCTEIJ,-1,0,-1,c1ccc(-c2nn(CCN3CCCCC3)c3ncncc23)cc1,train
CHEMBL3344220,CS(=O)(=O)C[C@H](N)c1ccc(-c2ccc3ncnc(Nc4ccc(OCc5cccc(F)c5)c(Cl)c4)c3c2)o1,RENFOOCUNGUUHO,-1,0,0,c1ccc(COc2ccc(Nc3ncnc4ccc(-c5ccco5)cc34)cc2)cc1,train
CHEMBL4534464,CCc1ccc(C(=O)Nc2ccccc2C(F)(F)F)cc1-c1cccc(-c2cnc3cnccn23)c1,ZBVYBUHKRRIXLL,-1,0,-1,O=C(Nc1ccccc1)c1cccc(-c2cccc(-c3cnc4cnccn34)c2)c1,train
CHEMBL5912550,CC1CN(c2cccnc2)Cc2cc(C(=O)Nc3cc(CN4CCN(C)CC4)cc(C(F)(F)F)c3)ccc21,DXOMFAFXHKRMKF,-1,0,-1,O=C(Nc1cccc(CN2CCNCC2)c1)c1ccc2c(c1)CN(c1cccnc1)CC2,train
CHEMBL5924131,CC1CN(c2cncnc2)Cc2cc(C(=O)Nc3cc(CN(C)CCN(C)C)cc(C(F)(F)F)c3)ccc21,CNNKHMDQQCORDW,-1,0,-1,O=C(Nc1ccccc1)c1ccc2c(c1)CN(c1cncnc1)CC2,train
CHEMBL1614725,CC(C)(O)CC(=O)NCCn1ccc2ncnc(Nc3ccc(Oc4cccc(C(F)(F)F)c4)c(Cl)c3)c21,ZYQXEVJIFYIBHZ,-1,0,0,c1ccc(Oc2ccc(Nc3ncnc4cc[nH]c34)cc2)cc1,train
CHEMBL270069,Nc1noc2cccc(-c3ccc(NC(=O)/C=C/c4cccc(C(F)(F)F)c4)cc3)c12,PYKWUFWGJLDSGF,-1,0,-1,O=C(C=Cc1ccccc1)Nc1ccc(-c2cccc3oncc23)cc1,train
CHEMBL6026239,Cc1cn(-c2cc(NC(=O)c3ccc4c(c3)CN(c3cncnc3)CC4C)cc(C(F)(F)F)c2)cn1,CMJJZRAAQMUAFH,-1,0,-1,O=C(Nc1cccc(-n2ccnc2)c1)c1ccc2c(c1)CN(c1cncnc1)CC2,train
CHEMBL4207004,CNc1ncc2c(-c3ccc(N4CCN(C(=O)C(C)(C)C)CC4)nc3)nn(Cc3cn(Cc4ccccc4)nn3)c2n1,AKGTYUDYJSLFDE,-1,0,-1,c1ccc(Cn2cc(Cn3nc(-c4ccc(N5CCNCC5)nc4)c4cncnc43)nn2)cc1,train
CHEMBL4091837,CC(C)c1cc(CN2CCN(C)CC2)cc(NC(=O)c2ccc3c(c2)CN(c2cncnc2)CC3C)c1,YVFSNJNTIVOKAV,-1,0,-1,O=C(Nc1cccc(CN2CCNCC2)c1)c1ccc2c(c1)CN(c1cncnc1)CC2,train
CHEMBL3344214,CS(=O)(=O)CCNC(CS(C)(=O)=O)c1ccc(-c2ccc3ncnc(Nc4ccc(OCc5cccc(F)c5)c(Cl)c4)c3c2)o1,PILNXPUSWCNKOU,-1,0,0,c1ccc(COc2ccc(Nc3ncnc4ccc(-c5ccco5)cc34)cc2)cc1,train
CHEMBL1782185,O=C(c1ccc(Br)o1)N1N=C(c2cccnc2)CC1c1ccccc1O,WNEROHGKDZHSKR,-1,0,-1,O=C(c1ccco1)N1N=C(c2cccnc2)CC1c1ccccc1,train
CHEMBL4084076,CC1CN(c2cncnc2)Cc2cc(C(=O)Nc3cccc(CN4CCN(C)CC4)c3)ccc21,DHZNVMSRZBNIKF,-1,0,-1,O=C(Nc1cccc(CN2CCNCC2)c1)c1ccc2c(c1)CN(c1cncnc1)CC2,train
CHEMBL3936293,CN(C)c1ccc(C(=O)Nc2n[nH]c3cc(OCc4ccccc4)ccc23)cc1,CQMXHWIVXMYLBS,-1,0,-1,O=C(Nc1n[nH]c2cc(OCc3ccccc3)ccc12)c1ccccc1,train
CHEMBL3319469,COc1ccc(-c2c[nH]c3ncc(-c4ccc(C)c(N)c4)cc23)cc1OC,WBCNXYJJPHRPDW,-1,0,-1,c1ccc(-c2cnc3[nH]cc(-c4ccccc4)c3c2)cc1,train
CHEMBL389745,COc1cc(-c2ccc3c(c2)Nc2ccc(C(C)(C)C(=O)Nc4ccc(N5CCOCC5)cc4)cc2NC3=O)ccc1N,UWHWQUTVFLDMPJ,-1,0,-1,O=C(Cc1ccc2c(c1)NC(=O)c1ccc(-c3ccccc3)cc1N2)Nc1ccc(N2CCOCC2)cc1,train
CHEMBL3902830,Cc1ccc(-c2noc(C3CC(OCC(C)(C)O)C3)n2)cc1NC(=O)c1cnc2ccc(F)cn12,ZPEZUFDRFVCOIE,-1,0,-1,O=C(Nc1cccc(-c2noc(C3CCC3)n2)c1)c1cnc2ccccn12,train
CHEMBL5757595,CCC1CN(c2cncnc2)Cc2cc(C(=O)Nc3cc(CN4CCN(C)CC4)cc(C(F)(F)F)c3)ccc21,DGYSAXDYYWORIW,-1,0,-1,O=C(Nc1cccc(CN2CCNCC2)c1)c1ccc2c(c1)CN(c1cncnc1)CC2,train
CHEMBL4559959,CCc1ccc(C(=O)Nc2cc(CN3CCN(C)CC3)cc(C(F)(F)F)c2)cc1-c1cccc(-c2cnc3ccnn3c2)c1,WWIJZOWOWLGRSG,-1,0,-1,O=C(Nc1cccc(CN2CCNCC2)c1)c1cccc(-c2cccc(-c3cnc4ccnn4c3)c2)c1,train
CHEMBL3309965,COc1cc(=O)n(-c2ccc(Oc3ccnc(N)c3Cl)c(F)c2)cc1C(=O)NCc1ccc(F)cc1,QTYZEYQAKKAESB,-1,0,-1,O=C(NCc1ccccc1)c1ccc(=O)n(-c2ccc(Oc3ccncc3)cc2)c1,train
CHEMBL4085787,CC1CN(c2cncnc2)Cc2cc(C(=O)Nc3cccc(C(F)(F)F)c3)ccc21,INRQRAGIFFPFRI,-1,0,-1,O=C(Nc1ccccc1)c1ccc2c(c1)CN(c1cncnc1)CC2,train
CHEMBL3741589,O=C(O)C1CN(Cc2ccc(OCc3ccc(Cl)c(Cl)c3)cc2)C1,WAAWETUDFSIYSD,-1,0,-1,c1ccc(COc2ccc(CN3CCC3)cc2)cc1,train
CHEMBL6053335,COc1ccc(COc2ccc(Nc3ccc4ncc(OC(C)C)nc4c3C#N)cc2OC)cn1,WEFHAQSYFXFUGJ,-1,0,0,c1cncc(COc2ccc(Nc3ccc4nccnc4c3)cc2)c1,train
CHEMBL77933,FC(F)(F)c1cc(Br)cc(Nc2nnc(Cc3ccncc3)c3ccccc23)c1,BZGHPHUNZKSCKZ,-1,0,0,c1ccc(Nc2nnc(Cc3ccncc3)c3ccccc23)cc1,train
CHEMBL4239846,COCCCNc1nc(N2CCC(NC(=O)c3ccc(C(=O)O)cn3)C2)nc2c1COC2,LXUJXOIOIUORBA,-1,0,-1,O=C(NC1CCN(c2ncc3c(n2)COC3)C1)c1ccccn1,train
CHEMBL6044896,CC1CN(c2cncnc2)Cc2cc(C(=O)Nc3cc(CN4CCN(C)CC4)c(F)c(C(F)(F)F)c3)ccc21,PVWUUXNRYZSAHN,-1,0,-1,O=C(Nc1cccc(CN2CCNCC2)c1)c1ccc2c(c1)CN(c1cncnc1)CC2,train
CHEMBL4068810,CN1CCN(Cc2cc(NC(=O)c3ccc4c(c3)CN(c3cncnc3)CC4(C)C)cc(C(F)(F)F)c2)CC1,FBZZFRZOFAPOOA,-1,0,-1,O=C(Nc1cccc(CN2CCNCC2)c1)c1ccc2c(c1)CN(c1cncnc1)CC2,train
CHEMBL4069922,CC1CN(c2cncnc2)Cc2cc(C(=O)Nc3cc(CN4CCCC4)cc(C(F)(F)F)c3)ccc21,JETMDPCRAJXEPR,-1,0,-1,O=C(Nc1cccc(CN2CCCC2)c1)c1ccc2c(c1)CN(c1cncnc1)CC2,train
CHEMBL3799221,CCOC(Cn1nc(-c2cnc3[nH]ccc3c2)c2c(N)ncnc21)OCC,PABMYTICQCKZAG,-1,0,-1,c1ncc2c(-c3cnc4[nH]ccc4c3)n[nH]c2n1,train
CHEMBL3309990,Nc1nc2c3c(F)cccc3nc(Cc3ccc4c(c3)OCO4)n2n1,OWLAKERMHYDWTB,-1,0,0,c1ccc2c(c1)nc(Cc1ccc3c(c1)OCO3)n1ncnc21,train
CHEMBL3344216,CN(C)[C@H](CS(C)(=O)=O)c1ccc(-c2ccc3ncnc(Nc4ccc(OCc5cccc(F)c5)c(Cl)c4)c3c2)o1,BGPAHUNSGVWHIG,-1,0,0,c1ccc(COc2ccc(Nc3ncnc4ccc(-c5ccco5)cc34)cc2)cc1,train
CHEMBL4069234,CCN1CCN(Cc2cc(NC(=O)c3ccc4c(c3)CN(c3cncnc3)CC4C)cc(C(F)(F)F)c2)CC1,QIYCVICASXFGFF,-1,0,-1,O=C(Nc1cccc(CN2CCNCC2)c1)c1ccc2c(c1)CN(c1cncnc1)CC2,train
CHEMBL1668412,COc1cc(O)c2c(c1)/C=C/CCCC(=O)C[C@H](Cl)C[C@H](C)OC2=O,HEECBHPHEJLGSX,-1,0,-1,O=C1CCCC=Cc2ccccc2C(=O)OCCCC1,train
CHEMBL74646,Fc1cc(Nc2nnc(Cc3ccncc3)c3ccccc23)cc(C(F)(F)F)c1,FZROGUOMLPOFBV,-1,0,0,c1ccc(Nc2nnc(Cc3ccncc3)c3ccccc23)cc1,train
CHEMBL3309998,Nc1nc2c3ccc(NCCO)cc3nc(Cc3ccc4c(c3)OCO4)n2n1,QPVNTDBWWRFMIC,-1,0,0,c1ccc2c(c1)nc(Cc1ccc3c(c1)OCO3)n1ncnc21,train
CHEMBL4535081,CCc1ccc(C(=O)Nc2cccc(C(F)(F)F)c2)cc1-c1cc(-c2cnc3cnccn23)ccc1C,TZGXRXHVIFVGCP,-1,0,-1,O=C(Nc1ccccc1)c1cccc(-c2cccc(-c3cnc4cnccn34)c2)c1,train
CHEMBL5961382,COc1ccc(COc2ccc(Nc3ccc4ncc(-n5ccnc5)nc4c3C#N)cc2OC)cn1,GHSFCKHERNSVSQ,-1,0,0,c1cncc(COc2ccc(Nc3ccc4ncc(-n5ccnc5)nc4c3)cc2)c1,train
CHEMBL261849,COc1ccc(COc2ccc(Cc3cnc(N)nc3N)cc2OC)cc1,MYQAUKPBNJWPIE,-1,0,0,c1ccc(COc2ccc(Cc3cncnc3)cc2)cc1,train
CHEMBL4070502,CC1CN(c2cncnc2)Cc2cc(C(=O)Nc3cc(CN4CCN(C)CC4)cc(-c4ccccc4)c3)ccc21,FFGQCLBVJOIXHC,-1,0,-1,O=C(Nc1cc(CN2CCNCC2)cc(-c2ccccc2)c1)c1ccc2c(c1)CN(c1cncnc1)CC2,train
CHEMBL74587,c1ccc(Nc2nnc(Cc3ccncc3)c3ccccc23)cc1,WFPYLUYNQSOURF,-1,0,-1,c1ccc(Nc2nnc(Cc3ccncc3)c3ccccc23)cc1,train
CHEMBL213270,COCCN(Cc1ccc(-c2[nH]nc3c2Cc2cc(CN4CCN(C)CC4)ccc2-3)s1)C(=O)Nc1cccc(C)c1,JPWOUJQSSZSAEC,-1,0,-1,O=C(NCc1ccc(-c2[nH]nc3c2Cc2cc(CN4CCNCC4)ccc2-3)s1)Nc1ccccc1,train
CHEMBL5778627,CN1CCN(Cc2cc(C(=O)Nc3ccc4c(c3)CN(c3cncnc3)CC4)cc(C(F)(F)F)c2)CC1,ITUXUBYGLUMEOU,-1,0,-1,O=C(Nc1ccc2c(c1)CN(c1cncnc1)CC2)c1cccc(CN2CCNCC2)c1,train
CHEMBL5832142,C=C(C)c1cnc2ccc(Nc3ccc(OCc4ccc(OC)cc4)c(OC)c3)c(C#N)c2n1,FUBMPDLRXYNERI,-1,0,0,c1ccc(COc2ccc(Nc3ccc4nccnc4c3)cc2)cc1,train
CHEMBL3344209,CS(=O)(=O)CC(N)c1ccc(-c2ccc3ncnc(Nc4ccc(OCc5cccc(F)c5)c(Cl)c4)c3c2)o1,RENFOOCUNGUUHO,-1,0,0,c1ccc(COc2ccc(Nc3ncnc4ccc(-c5ccco5)cc34)cc2)cc1,train
CHEMBL3310151,CN1CCN(c2cc(F)c3c(c2)nc(Cc2ccc4c(c2)OCO4)n2nc(N)nc32)CC1,QUYGYUVUHYMMRW,-1,0,0,c1nc2c3ccc(N4CCNCC4)cc3nc(Cc3ccc4c(c3)OCO4)n2n1,train
CHEMBL4447486,CCc1cc(-c2cc(C(=O)Nc3cccc(C(F)(F)F)c3)ccc2CC)cc(-c2cnc3cnccn23)c1,XQRIKSVCIIZMIM,-1,0,-1,O=C(Nc1ccccc1)c1cccc(-c2cccc(-c3cnc4cnccn34)c2)c1,train
CHEMBL4244068,CCOCCCNc1nc(N2CCC(NC(=O)c3ccc(C(=O)O)cn3)C2)nc2c1COC2,ULRGDYKGDBDNIB,-1,0,-1,O=C(NC1CCN(c2ncc3c(n2)COC3)C1)c1ccccn1,train
CHEMBL3344217,CCC(=O)ON[C@H](CS(C)(=O)=O)c1ccc(-c2ccc3ncnc(Nc4ccc(OCc5cccc(F)c5)c(Cl)c4)c3c2)o1,FOWBUFQXVVPKOE,-1,0,0,c1ccc(COc2ccc(Nc3ncnc4ccc(-c5ccco5)cc34)cc2)cc1,train
CHEMBL4104297,Nc1nccc(Oc2ccc3c(C(=O)Nc4cccc(C(F)(F)F)c4)cccc3c2)n1,MLLQJNIKDWEEFT,-1,0,1,O=C(Nc1ccccc1)c1cccc2cc(Oc3ccncn3)ccc12,train
CHEMBL5805616,CC1CN(c2cncnc2)Cc2cc(C(=O)Nc3cc(CN4CCN(C)CC4)cc(C4CCCC4)c3)ccc21,GMHKDZXPTJDOJO,-1,0,-1,O=C(Nc1cc(CN2CCNCC2)cc(C2CCCC2)c1)c1ccc2c(c1)CN(c1cncnc1)CC2,train
CHEMBL4555024,CCc1ccc(C(=O)Nc2cccc(C(F)(F)F)c2)cc1-c1cc(C)cc(-c2cnc3cnccn23)c1,XUGMUVAFXHEOFI,-1,0,-1,O=C(Nc1ccccc1)c1cccc(-c2cccc(-c3cnc4cnccn34)c2)c1,train
CHEMBL4243462,COc1ccc(Nc2nc(N3CCC(NC(=O)c4ccc(C(=O)O)cn4)C3)nc3c2COC3)cc1OC,PGHNRUWRAPOSOF,-1,0,-1,O=C(NC1CCN(c2nc3c(c(Nc4ccccc4)n2)COC3)C1)c1ccccn1,train
CHEMBL5801871,CC1CN(c2cncnc2)Cc2cc(C(=O)Nc3cc(CN4CCN(C)CC4)c(Cl)c(C(F)(F)F)c3)ccc21,KZJMAYVZYCIFHX,-1,0,-1,O=C(Nc1cccc(CN2CCNCC2)c1)c1ccc2c(c1)CN(c1cncnc1)CC2,train
CHEMBL4438214,CCc1ccc(C(=O)Nc2ccc(F)c(C(F)(F)F)c2)cc1-c1cc(C)cc(-c2cnc3cnccn23)c1,COHAZXFDXWWIGY,-1,0,-1,O=C(Nc1ccccc1)c1cccc(-c2cccc(-c3cnc4cnccn34)c2)c1,train
CHEMBL3309995,Nc1ccc2c(c1)nc(Cc1ccc3c(c1)OCO3)n1nc(N)nc21,FGNQVZZMORDWIZ,-1,0,0,c1ccc2c(c1)nc(Cc1ccc3c(c1)OCO3)n1ncnc21,train
CHEMBL3319470,COc1ccc(-c2cnc3[nH]cc(-c4ccc(OC)c(OC)c4)c3c2)cc1N,MHEGEHOQTHDPJD,-1,0,-1,c1ccc(-c2cnc3[nH]cc(-c4ccccc4)c3c2)cc1,train
CHEMBL393862,O=C(O)C1CCN(C(=O)c2cccc3c2Cc2c-3n[nH]c2-c2ccsc2)CC1,WZBKYTHQUNBRJJ,-1,0,-1,O=C(c1cccc2c1Cc1c-2n[nH]c1-c1ccsc1)N1CCCCC1,train
CHEMBL3344211,CCNC(CS(C)(=O)=O)c1ccc(-c2ccc3ncnc(Nc4ccc(OCc5cccc(F)c5)c(Cl)c4)c3c2)o1,DFGKFQWBYFTPQH,-1,0,0,c1ccc(COc2ccc(Nc3ncnc4ccc(-c5ccco5)cc34)cc2)cc1,train
CHEMBL4064078,CCc1cc(CN2CCN(C)CC2)cc(NC(=O)c2ccc3c(c2)CN(c2cncnc2)CC3C)c1,ADPNSUYZISECKN,-1,0,-1,O=C(Nc1cccc(CN2CCNCC2)c1)c1ccc2c(c1)CN(c1cncnc1)CC2,train
CHEMBL574588,Cc1ccc(-c2ccc3occ(-c4ccc([S@+](C)[O-])cc4)c3c2)o1,WAODYHWCESZZOF,-1,0,0,c1ccc(-c2coc3ccc(-c4ccco4)cc23)cc1,train
CHEMBL3823212,Cc1ccc(-c2nn(CCN3CCC(N(C)C)CC3)c3ncnc(N)c23)cc1,QZCWPDPWSBOTEU,-1,0,-1,c1ccc(-c2nn(CCN3CCCCC3)c3ncncc23)cc1,train
CHEMBL4059972,C[C@@H]1CN(c2cncnc2)Cc2cc(C(=O)Nc3cc(CN4CCCN(C)CC4)cc(C(F)(F)F)c3)ccc21,DDPFCUXJEFSBMK,-1,0,-1,O=C(Nc1cccc(CN2CCCNCC2)c1)c1ccc2c(c1)CN(c1cncnc1)CC2,train
CHEMBL6028794,CC1CN(c2cncnc2)Cc2cc(C(=O)Nc3cc(CN4CC[C@H](N(C)C)C4)cc(C(F)(F)F)c3)ccc21,COPFQQYHJSJTAB,-1,0,-1,O=C(Nc1cccc(CN2CCCC2)c1)c1ccc2c(c1)CN(c1cncnc1)CC2,train
CHEMBL3787614,Nc1ncnc2c1c(-c1cccc(OC[C@@H]3CCCO3)c1)cn2[C@H]1C[C@@H](CN2CCC2)C1,UYHKCQAFCWYUAF,-1,0,-1,c1cc(OCC2CCCO2)cc(-c2cn(C3CC(CN4CCC4)C3)c3ncncc23)c1,train
CHEMBL4218369,CNc1ncc2c(-c3ccc(N4CCN(C)CC4)nc3)nn(Cc3cn(Cc4ccccc4)nn3)c2n1,CXISENKPXGMZEE,-1,0,-1,c1ccc(Cn2cc(Cn3nc(-c4ccc(N5CCNCC5)nc4)c4cncnc43)nn2)cc1,train
CHEMBL4531775,O=C(NCCCC1CCCCC1)c1ccc(CNC(=O)c2cnn(-c3ccccc3)c2C(F)(F)F)cc1,HMPXSYOFBMBHDF,-1,0,-1,O=C(NCCCC1CCCCC1)c1ccc(CNC(=O)c2cnn(-c3ccccc3)c2)cc1,train
CHEMBL3344215,CS(=O)(=O)C[C@@H](N)c1ccc(-c2ccc3ncnc(Nc4ccc(OCc5cccc(F)c5)c(Cl)c4)c3c2)o1,RENFOOCUNGUUHO,-1,0,0,c1ccc(COc2ccc(Nc3ncnc4ccc(-c5ccco5)cc34)cc2)cc1,train
CHEMBL1782182,O=C(c1cccc(-n2cccn2)c1)N1N=C(c2cccnc2)CC1c1ccccc1O,TWIBJRRRYBAZFC,-1,0,-1,O=C(c1cccc(-n2cccn2)c1)N1N=C(c2cccnc2)CC1c1ccccc1,train
CHEMBL4087485,CC1CN(c2cncnc2)Cc2cc(C(=O)Nc3cc(CN4CCN(C)CC4)cc(C(F)(F)F)c3)ccc21,YXESXLYKZKCWFJ,-1,0,-1,O=C(Nc1cccc(CN2CCNCC2)c1)c1ccc2c(c1)CN(c1cncnc1)CC2,train
CHEMBL1738829,CNc1nccc(-c2c[nH]c(=O)c(NC(=O)c3ccc(N4CCCCC4)cc3)c2)n1,MKSQDWBNZVGINB,-1,1,-1,O=C(Nc1cc(-c2ccncn2)c[nH]c1=O)c1ccc(N2CCCCC2)cc1,train
CHEMBL5785127,COc1cc2ncnc(N3CCN(c4ncc(Cc5ccccc5)cn4)CC3)c2cc1OCC1CNCCO1,IISKUFHJBAJAGW,-1,1,-1,c1ccc(Cc2cnc(N3CCN(c4ncnc5ccc(OCC6CNCCO6)cc45)CC3)nc2)cc1,train
CHEMBL5892846,Cc1ccc(CNC(=O)C2CN(c3ncnn4cc(-c5ccc(C6(O)CCC6)cc5)cc34)C2)cc1,DPLBEVPWDGEBTB,-1,1,-1,O=C(NCc1ccccc1)C1CN(c2ncnn3cc(-c4ccc(C5CCC5)cc4)cc23)C1,train
CHEMBL5969552,CC(C)n1cnc(-c2ccc(F)cc2)c1-c1nc(C(=O)Nc2ccc(N3CCN(C)CC3)cc2)c[nH]1,ZVDNXHUSIKGTSF,-1,1,-1,O=C(Nc1ccc(N2CCNCC2)cc1)c1c[nH]c(-c2[nH]cnc2-c2ccccc2)n1,train
CHEMBL5944651,Cc1ccc([C@H](CCO)NC(=O)C2CN(c3ncnn4cc(-c5ccc(OC(C)(C)C)cc5)cc34)C2)cc1,PKONDBKGDBOLLP,-1,1,-1,O=C(NCc1ccccc1)C1CN(c2ncnn3cc(-c4ccccc4)cc23)C1,train
CHEMBL5918860,CCC(=O)N1CC=C(c2cc3c(N4CC(C(=O)NCc5ccc(C)cc5)C4)ncnn3c2)CC1,QLSKFQHDYIRRIZ,-1,1,-1,O=C(NCc1ccccc1)C1CN(c2ncnn3cc(C4=CCNCC4)cc23)C1,train
CHEMBL6043106,Cc1ccc(CNC(=O)C2CN(c3ncnn4cc(-c5ccc(C(=O)N(C)C)cc5)cc34)C2)cc1,AQTVSDUMRWYOBV,-1,1,-1,O=C(NCc1ccccc1)C1CN(c2ncnn3cc(-c4ccccc4)cc23)C1,train
CHEMBL6054848,Cc1ccc(CNC(=O)C2CN(c3ncnn4cc(-c5cnn(C(C)(C)C)c5)cc34)C2)cc1,AHRIATVEDIXVOR,-1,1,-1,O=C(NCc1ccccc1)C1CN(c2ncnn3cc(-c4cn[nH]c4)cc23)C1,train
CHEMBL5865518,Cc1ccc(CNC(=O)C2CN(c3ncnn4cc(C5=CCN(C(=O)C(C)(C)C)CC5)cc34)C2)cc1,ZXNKPOQNRMFMRN,-1,1,-1,O=C(NCc1ccccc1)C1CN(c2ncnn3cc(C4=CCNCC4)cc23)C1,train
CHEMBL5983573,Cc1ccc(CNC(=O)C2CN(c3ncnn4cc(C5=CCN(S(C)(=O)=O)CC5)cc34)C2)cc1,RDXRGAPOJIMCAB,-1,1,-1,O=C(NCc1ccccc1)C1CN(c2ncnn3cc(C4=CCNCC4)cc23)C1,train
CHEMBL5937323,COc1cc2ncnc(N3CCN(c4ncc(Cc5ccccc5)cn4)CC3)c2cc1OC[C@@H]1CCCN(C)C1,FAGYUJSNHOJPPP,-1,1,-1,c1ccc(Cc2cnc(N3CCN(c4ncnc5ccc(OCC6CCCNC6)cc45)CC3)nc2)cc1,train
CHEMBL5999641,COc1cc2ncnc(N3CCN(c4ncc(Cc5ccccc5)cn4)CC3)c2cc1OCC1CCNC1,FXZCEUZNZUCOOM,-1,1,-1,c1ccc(Cc2cnc(N3CCN(c4ncnc5ccc(OCC6CCNC6)cc45)CC3)nc2)cc1,train
CHEMBL3673956,COc1ccc(CNc2ncc(Cc3c[nH]c4ncc(C)cc34)cc2C)cn1,RDIZVQZEIMMIDF,-1,1,-1,c1cncc(CNc2ccc(Cc3c[nH]c4ncccc34)cn2)c1,train
CHEMBL5868460,Cc1ccc(CNC(=O)C2CN(c3ncnn4cc(-c5ccc(C(C)(C)O)cc5)cc34)C2)cc1,ZULOZUGZQSYVGI,-1,1,-1,O=C(NCc1ccccc1)C1CN(c2ncnn3cc(-c4ccccc4)cc23)C1,train
CHEMBL5801320,CC[C@H](NC(=O)C1CN(c2ncnn3cc(-c4cnn([C@@H](C)[C@@H](C)O)c4)cc23)C1)c1ccc(Cl)cc1,YECAGHZJRWHDBN,-1,1,-1,O=C(NCc1ccccc1)C1CN(c2ncnn3cc(-c4cn[nH]c4)cc23)C1,train
CHEMBL3673980,Clc1cnc2[nH]cc(Cc3ccc(NCc4ccc(Cl)nc4)nc3)c2c1,IHUPHYFSKVFFFO,-1,1,-1,c1cncc(CNc2ccc(Cc3c[nH]c4ncccc34)cn2)c1,train
CHEMBL5939172,Cc1ccc(CNC(=O)C2CN(c3ncnn4cc(-c5cnn(C(C)C)c5)cc34)C2)cc1,UIYZTXVZUUCPEP,-1,1,-1,O=C(NCc1ccccc1)C1CN(c2ncnn3cc(-c4cn[nH]c4)cc23)C1,train
CHEMBL5840421,COc1cc2ncnc(N3CCN(c4ncc(Cc5ccccc5)cn4)CC3)c2cc1OCC1CN(C)C1,ZTLBWYIIJZCMMS,-1,1,-1,c1ccc(Cc2cnc(N3CCN(c4ncnc5ccc(OCC6CNC6)cc45)CC3)nc2)cc1,train
CHEMBL5882344,N#Cc1cccc(C(=O)Nc2cnc3[nH]c(-c4ccc(F)cc4)cc3c2)c1,ZQSMNAFNCFIMCJ,-1,1,-1,O=C(Nc1cnc2[nH]c(-c3ccccc3)cc2c1)c1ccccc1,train
CHEMBL6043366,COc1cc2ncnc(N3CCN(c4ncc(Cc5ccccc5)cn4)CC3)c2cc1OCC1CCN(C)CC1,SALXFVPGLSOHRJ,-1,1,-1,c1ccc(Cc2cnc(N3CCN(c4ncnc5ccc(OCC6CCNCC6)cc45)CC3)nc2)cc1,train
CHEMBL6024144,COc1cc2ncnc(N3CCN(c4ncc(Cc5ccccc5)c(N)n4)CC3)c2cc1OCC1CCN(C)CC1,SIAZCWBPFRRKRU,-1,1,-1,c1ccc(Cc2cnc(N3CCN(c4ncnc5ccc(OCC6CCNCC6)cc45)CC3)nc2)cc1,train
CHEMBL5890038,Cc1ccc(CNC(=O)C2CN(c3ncnn4cc(-c5ccc(S(C)(=O)=O)cc5)cc34)C2)cc1,NDLVUYPOEPEIBW,-1,1,-1,O=C(NCc1ccccc1)C1CN(c2ncnn3cc(-c4ccccc4)cc23)C1,train
CHEMBL6046948,Cc1ccc(CNC(=O)C2CN(c3ncnn4cc(-c5ccc(C6(N)CC6)cc5)cc34)C2)cc1,SIPVWWIVDNTJGO,-1,1,-1,O=C(NCc1ccccc1)C1CN(c2ncnn3cc(-c4ccc(C5CC5)cc4)cc23)C1,train
CHEMBL5925579,COc1cc2ncnc(N3CCN(c4ncc(Cc5ccccc5)c(N)n4)CC3)c2cc1OC[C@@H]1CCCN(C)C1,ZRJPBKCNWMKMOM,-1,1,-1,c1ccc(Cc2cnc(N3CCN(c4ncnc5ccc(OCC6CCCNC6)cc45)CC3)nc2)cc1,train
CHEMBL5964309,Cc1ccc(CNC(=O)C2CN(c3ncnn4cc(-c5ccc(C(C)(O)C(F)(F)F)cc5)cc34)C2)cc1,KVBXLUFTELNHOP,-1,1,-1,O=C(NCc1ccccc1)C1CN(c2ncnn3cc(-c4ccccc4)cc23)C1,train
CHEMBL5849004,Cc1ccc(CNC(=O)C2CN(c3ncnn4cc(-c5cnn(C[C@H](C)O)c5)cc34)C2)cc1,SRZZUENWWKVPHK,-1,1,-1,O=C(NCc1ccccc1)C1CN(c2ncnn3cc(-c4cn[nH]c4)cc23)C1,train
CHEMBL6001226,COc1cc2ncnc(N3CCN(c4ncc(Cc5ccccc5)c(N)n4)CC3)c2cc1OC,MFBIDKXQICLUBR,-1,1,-1,c1ccc(Cc2cnc(N3CCN(c4ncnc5ccccc45)CC3)nc2)cc1,train
CHEMBL4205999,COCCOc1cc2ncnc(N3CCN(c4ncc(Cc5ccccc5)cn4)CC3)c2cc1OCCOC,GWVUCXTYNJIWGK,-1,1,-1,c1ccc(Cc2cnc(N3CCN(c4ncnc5ccccc45)CC3)nc2)cc1,train
CHEMBL5905811,Cc1ccc(CNC(=O)C2CN(c3ncnn4cc(C5=CCN(C(=O)N(C)C)CC5)cc34)C2)cc1,SCSSOKNONJZOHI,-1,1,-1,O=C(NCc1ccccc1)C1CN(c2ncnn3cc(C4=CCNCC4)cc23)C1,train
CHEMBL6038453,COc1cc2ncnc(N3CCN(c4ncc(Cc5ccccc5)cn4)CC3)c2cc1OCC1CN(C)CCO1,LYYUXABSEAGDEY,-1,1,-1,c1ccc(Cc2cnc(N3CCN(c4ncnc5ccc(OCC6CNCCO6)cc45)CC3)nc2)cc1,train
CHEMBL5945762,COc1cc2ncnc(N3CCN(c4ncc(Cc5ccccc5)c(=O)[nH]4)CC3)c2cc1OC[C@H]1CNCCO1,WSPLAPUSPAUHJR,-1,1,-1,O=c1[nH]c(N2CCN(c3ncnc4ccc(OCC5CNCCO5)cc34)CC2)ncc1Cc1ccccc1,train
CHEMBL5831076,Cc1ccc(CNC(=O)C2CN(c3ncnn4cc(-c5ccc(C(C)(C)N)cc5)cc34)C2)cc1,HXQIHYGPLWANSP,-1,1,-1,O=C(NCc1ccccc1)C1CN(c2ncnn3cc(-c4ccccc4)cc23)C1,train
CHEMBL5769340,CC(=O)Nc1cccc(C(=O)Nc2cnc3[nH]c(-c4ccc(F)cc4)cc3c2)c1,GHAHVWJQUYYXRB,-1,1,-1,O=C(Nc1cnc2[nH]c(-c3ccccc3)cc2c1)c1ccccc1,train
CHEMBL5938028,COc1cc2c(N3CCN(c4ncc(Cc5ccccc5)cn4)CC3)ncnc2cc1OCCN1CCCC1=O,FRFZUFZFEJBIKQ,-1,1,-1,O=C1CCCN1CCOc1ccc2c(N3CCN(c4ncc(Cc5ccccc5)cn4)CC3)ncnc2c1,train
CHEMBL6040583,Cc1ccc(CNC(=O)C2CN(c3ncnn4cc(-c5cnn6c5CCC6)cc34)C2)cc1,RUXFEUIKTSUUCK,-1,1,-1,O=C(NCc1ccccc1)C1CN(c2ncnn3cc(-c4cnn5c4CCC5)cc23)C1,train
CHEMBL6014112,O=C(O)c1cccc(C(=O)Nc2cnc3[nH]c(-c4ccccc4)cc3c2)c1,RQZDJELBKRGQFV,-1,1,-1,O=C(Nc1cnc2[nH]c(-c3ccccc3)cc2c1)c1ccccc1,train
CHEMBL5900738,COc1cc2ncnc(N3CCN(c4ncc(Cc5ccccc5)cn4)CC3)c2cc1OCC1CCCNC1,RSKMQSWWZJPLPB,-1,1,-1,c1ccc(Cc2cnc(N3CCN(c4ncnc5ccc(OCC6CCCNC6)cc45)CC3)nc2)cc1,train
CHEMBL5932044,N#CCc1cccc(C(=O)Nc2cnc3[nH]c(-c4ccc(F)cc4)cc3c2)c1,RRMROQHJOYUCPE,-1,1,-1,O=C(Nc1cnc2[nH]c(-c3ccccc3)cc2c1)c1ccccc1,train
CHEMBL3673952,Cc1cnc2[nH]cc(Cc3ccc(NCc4ccc(C(F)(F)F)nc4)nc3)c2c1,DXDZIZAESKHCEH,-1,1,-1,c1cncc(CNc2ccc(Cc3c[nH]c4ncccc34)cn2)c1,train
CHEMBL1835869,CC(=O)N1CCC(c2ccc(Nc3nc(N)n(-c4ccccn4)n3)cc2)C1,OEVGYUXYZSTGNX,-1,1,-1,c1ccc(-n2cnc(Nc3ccc(C4CCNC4)cc3)n2)nc1,train
CHEMBL5955450,Cc1ccc(CNC(=O)C2CN(c3ncnn4cc(-c5cnn(C[C@@H]6CNCCO6)c5)cc34)C2)cc1,QLXUWIOUQYXHEH,-1,1,-1,O=C(NCc1ccccc1)C1CN(c2ncnn3cc(-c4cnn(CC5CNCCO5)c4)cc23)C1,train
CHEMBL3673974,COc1cnc2[nH]cc(Cc3cnc(NCc4ccc(C(F)(F)F)nc4)c(F)c3)c2c1,UUANLLGTKSTXOT,-1,1,-1,c1cncc(CNc2ccc(Cc3c[nH]c4ncccc34)cn2)c1,train
CHEMBL5930793,CCOc1cc2ncnc(N3CCN(c4ncc(Cc5ccccc5)cn4)CC3)c2cc1OCC1CCN(C)CC1,AALOGFBQKZMJNA,-1,1,-1,c1ccc(Cc2cnc(N3CCN(c4ncnc5ccc(OCC6CCNCC6)cc45)CC3)nc2)cc1,train
CHEMBL5786070,NC(=O)c1cccc(NC(=O)c2cnc3[nH]c(-c4ccccc4)cc3c2)c1,DKKVVMJKWOKEGV,-1,1,-1,O=C(Nc1ccccc1)c1cnc2[nH]c(-c3ccccc3)cc2c1,train
CHEMBL3673973,Cc1cnc2[nH]cc(Cc3cnc(NCc4ccc(C(F)(F)F)nc4)c(F)c3)c2c1,RALYGEAWFFXYBD,-1,1,-1,c1cncc(CNc2ccc(Cc3c[nH]c4ncccc34)cn2)c1,train
CHEMBL5745385,CCOC(=O)N1CC=C(c2cc3c(N4CC(C(=O)NCc5ccc(C)cc5)C4)ncnn3c2)CC1,VHGTVAABNUWVDG,-1,1,-1,O=C(NCc1ccccc1)C1CN(c2ncnn3cc(C4=CCNCC4)cc23)C1,train
CHEMBL5796438,COc1cc2ncnc(N3CCN(c4ncc(Cc5ccccc5)c(O)n4)CC3)c2cc1OC,MAZPVTWTJNUMLN,-1,1,-1,c1ccc(Cc2cnc(N3CCN(c4ncnc5ccccc45)CC3)nc2)cc1,train
CHEMBL5941019,Cc1ccc(CNC(=O)C2CN(c3ncnn4cc(-c5ccc(C(C)(O)C6CC6)cc5)cc34)C2)cc1,VBMXYPOWMVCVCK,-1,1,-1,O=C(NCc1ccccc1)C1CN(c2ncnn3cc(-c4ccc(CC5CC5)cc4)cc23)C1,train
CHEMBL6024342,COc1cc2ncnc(N3CCN(c4ncc(Cc5ccccc5)c(=O)[nH]4)CC3)c2cc1OCC1CNCCO1,WSPLAPUSPAUHJR,-1,1,-1,O=c1[nH]c(N2CCN(c3ncnc4ccc(OCC5CNCCO5)cc34)CC2)ncc1Cc1ccccc1,train
CHEMBL5740806,CCOc1cc2ncnc(N3CCN(c4ncc(Cc5ccccc5)c(N)n4)CC3)c2cc1OCC1CCN(C)CC1,XIOMZYRSUVDTKC,-1,1,-1,c1ccc(Cc2cnc(N3CCN(c4ncnc5ccc(OCC6CCNCC6)cc45)CC3)nc2)cc1,train
CHEMBL5926489,COc1cc2ncnc(N3CCN(c4ncc(Cc5ccccc5)c(=O)[nH]4)CC3)c2cc1OCC1CCN(C)CC1,RNVWSLYNQDXNNS,-1,1,-1,O=c1[nH]c(N2CCN(c3ncnc4ccc(OCC5CCNCC5)cc34)CC2)ncc1Cc1ccccc1,train
CHEMBL5961560,COC(=O)N1CC=C(c2cc3c(N4CC(C(=O)NCc5ccc(C)cc5)C4)ncnn3c2)CC1,BCFFHMOVOYYWCX,-1,1,-1,O=C(NCc1ccccc1)C1CN(c2ncnn3cc(C4=CCNCC4)cc23)C1,train
CHEMBL5764963,COc1cc2ncnc(N3CCN(c4ncc(Cc5ccccc5)cn4)CC3)c2cc1OCC1CCNC(=O)C1,XICNGHAMMHBTGA,-1,1,-1,O=C1CC(COc2ccc3ncnc(N4CCN(c5ncc(Cc6ccccc6)cn5)CC4)c3c2)CCN1,train
CHEMBL3673981,Fc1ccc(CNc2ccc(Cc3c[nH]c4ncc(Cl)cc34)cn2)cn1,QXPPFGDYXVBPPQ,-1,1,-1,c1cncc(CNc2ccc(Cc3c[nH]c4ncccc34)cn2)c1,train
CHEMBL5982556,Cc1ccc(CNC(=O)C2CN(c3ncnn4cc(-c5ccc(C(O)CO)cc5)cc34)C2)cc1,VSVMYESAENJCRO,-1,1,-1,O=C(NCc1ccccc1)C1CN(c2ncnn3cc(-c4ccccc4)cc23)C1,train
CHEMBL5864048,CC(C)(O)c1ccc(-c2cc3c(N4CC(NC(=O)Cc5ccc(Cl)cc5Cl)C4)ncnn3c2)cc1,WMDHHZNBEXQUIR,-1,1,-1,O=C(Cc1ccccc1)NC1CN(c2ncnn3cc(-c4ccccc4)cc23)C1,train
CHEMBL5960364,COc1cc2ncnc(N3CCN(c4ncc(Cc5ccccc5)cn4)CC3)c2cc1OCC1CCNCC1,TZFFWLKIQDWAJB,-1,1,-1,c1ccc(Cc2cnc(N3CCN(c4ncnc5ccc(OCC6CCNCC6)cc45)CC3)nc2)cc1,train
CHEMBL3668998,Fc1ccc(CNc2ncc(Cc3c[nH]c4ncc(Cl)cc34)cn2)cc1F,CRQRKOANWFJXDQ,-1,1,-1,c1ccc(CNc2ncc(Cc3c[nH]c4ncccc34)cn2)cc1,train
CHEMBL6043331,O=C(Nc1cnc2[nH]c(-c3ccccc3)cc2c1)c1n[nH]c2ccc(F)cc12,PHBGNBZPJDDTKE,-1,1,-1,O=C(Nc1cnc2[nH]c(-c3ccccc3)cc2c1)c1n[nH]c2ccccc12,train
CHEMBL5790767,COc1cc2ncnc(N3CCN(c4ncc(Cc5ccccc5)cn4)CC3)c2cc1OC[C@H]1CNCCO1,IISKUFHJBAJAGW,-1,1,-1,c1ccc(Cc2cnc(N3CCN(c4ncnc5ccc(OCC6CNCCO6)cc45)CC3)nc2)cc1,train
CHEMBL5763193,CCC(C)(O)c1ccc(-c2cc3c(N4CC(C(=O)NCc5ccc(C)cc5)C4)ncnn3c2)cc1,RDAQLVLTXDTUKB,-1,1,-1,O=C(NCc1ccccc1)C1CN(c2ncnn3cc(-c4ccccc4)cc23)C1,train
CHEMBL3673967,FC(F)(F)c1ccncc1CNc1ccc(Cc2c[nH]c3ncc(Cl)cc23)cn1,JOPUUWAQIQBQBZ,-1,1,-1,c1cncc(CNc2ccc(Cc3c[nH]c4ncccc34)cn2)c1,train
CHEMBL5918092,CCOc1cc2ncnc(N3CCN(c4ncc(Cc5ccccc5)c(=O)[nH]4)CC3)c2cc1OCC1CCN(C)CC1,RTHVXHJEEHGHEK,-1,1,-1,O=c1[nH]c(N2CCN(c3ncnc4ccc(OCC5CCNCC5)cc34)CC2)ncc1Cc1ccccc1,train
CHEMBL3673957,COc1ccc(CNc2ncc(Cc3c[nH]c4ncc(C)cc34)cc2F)cn1,IDCXHTGCSOGOJL,-1,1,-1,c1cncc(CNc2ccc(Cc3c[nH]c4ncccc34)cn2)c1,train
CHEMBL1215346,CN(C)CCCc1c(/C=C2\C(=O)Nc3ccc(NS(=O)(=O)c4ccccc4)cc32)[nH]c2c1C(=O)CCC2,VMUAYDSPKYLLJV,-1,1,1,O=C1Nc2ccc(NS(=O)(=O)c3ccccc3)cc2C1=Cc1cc2c([nH]1)CCCC2=O,train
CHEMBL3669000,Cc1cccc(CNc2ncc(Cc3c[nH]c4ncc(Cl)cc34)cn2)c1,LAEAEJMUQQRTTK,-1,1,-1,c1ccc(CNc2ncc(Cc3c[nH]c4ncccc34)cn2)cc1,train
CHEMBL5766023,COc1cc2ncnc(N3CCN(c4ncc(Cc5ccccc5)cn4)CC3)c2cc1OCC1(F)CCN(C)CC1,VIGAOTRVEUXNMC,-1,1,-1,c1ccc(Cc2cnc(N3CCN(c4ncnc5ccc(OCC6CCNCC6)cc45)CC3)nc2)cc1,train
CHEMBL5849270,Cc1ccc([C@H](C)NC(=O)C2CN(c3ncnn4cc(-c5ccc(C(C)(C)O)cc5)cc34)C2)cc1,PDTTYHNWDMKGRR,-1,1,-1,O=C(NCc1ccccc1)C1CN(c2ncnn3cc(-c4ccccc4)cc23)C1,train
CHEMBL6008114,COc1cc2ncnc(N3CCN(c4ncc(Cc5ccccc5)cn4)CC3)c2cc1OCC1CCN(C)C1,JGSGVDXCOULLTO,-1,1,-1,c1ccc(Cc2cnc(N3CCN(c4ncnc5ccc(OCC6CCNC6)cc45)CC3)nc2)cc1,train
CHEMBL5977140,COc1cc2ncnc(N3CCN(c4ncc(Cc5ccccc5)cn4)CC3)c2cc1OCC1CCCN(C)C1,FAGYUJSNHOJPPP,-1,1,-1,c1ccc(Cc2cnc(N3CCN(c4ncnc5ccc(OCC6CCCNC6)cc45)CC3)nc2)cc1,train
CHEMBL6016134,Cc1ccc(CNC(=O)C2CN(c3ncnn4cc(C5=CCN(C(=O)OC(C)C)CC5)cc34)C2)cc1,CJAGPPJWKHYCND,-1,1,-1,O=C(NCc1ccccc1)C1CN(c2ncnn3cc(C4=CCNCC4)cc23)C1,train
CHEMBL5848233,Cc1onc(C(=O)Nc2cnc3[nH]c(-c4ccccc4)cc3c2)c1C,WPHVMFWQBRPROW,-1,1,-1,O=C(Nc1cnc2[nH]c(-c3ccccc3)cc2c1)c1ccon1,train
CHEMBL3673979,Fc1cc(Cc2c[nH]c3ncc(Cl)cc23)cnc1NCc1ccc(C(F)(F)F)nc1,PSQZATYJDUBZGN,-1,1,-1,c1cncc(CNc2ccc(Cc3c[nH]c4ncccc34)cn2)c1,train
CHEMBL6065649,Cc1ccc(CNC(=O)C2CN(c3ncnn4cc(C5=CCN(C(=O)OC(C)(C)C)CC5)cc34)C2)cc1,IKGMUKUYLNQJAZ,-1,1,-1,O=C(NCc1ccccc1)C1CN(c2ncnn3cc(C4=CCNCC4)cc23)C1,train
CHEMBL6062760,CC(C)(O)c1ccc(-c2cc3c(N4CC(C(=O)Nc5ccc(C#N)cc5)C4)ncnn3c2)cc1,JWNARRUIFZZRCU,-1,1,-1,O=C(Nc1ccccc1)C1CN(c2ncnn3cc(-c4ccccc4)cc23)C1,train
CHEMBL5916746,COc1cccc(Cc2cnc(N3CCN(c4ncnc5cc(OC)c(OC)cc45)CC3)nc2)c1,SKYTUAHNZJSBPF,-1,1,-1,c1ccc(Cc2cnc(N3CCN(c4ncnc5ccccc45)CC3)nc2)cc1,train
CHEMBL6031409,Cc1ccc(CNC(=O)C2CN(c3ncnn4cc(-c5cnn(CC6(C)COC6)c5)cc34)C2)cc1,YNYHNXDFDCUYOT,-1,1,-1,O=C(NCc1ccccc1)C1CN(c2ncnn3cc(-c4cnn(CC5COC5)c4)cc23)C1,train
CHEMBL3673969,Cc1cnc2[nH]cc(Cc3ccc(NCc4cnccc4C(F)(F)F)nc3)c2c1,KTKBODCUVKNYRU,-1,1,-1,c1cncc(CNc2ccc(Cc3c[nH]c4ncccc34)cn2)c1,train
CHEMBL5830276,Cc1ccc(CNC(=O)C2CN(c3ncnn4cc(-c5cnn(C6CCC6)c5)cc34)C2)cc1,BRPLDQIEXYMLNX,-1,1,-1,O=C(NCc1ccccc1)C1CN(c2ncnn3cc(-c4cnn(C5CCC5)c4)cc23)C1,train
CHEMBL5932518,O=C(Nc1cnc2[nH]c(-c3ccccc3)cc2c1)c1ccncn1,ALDSPQRMZYNTQM,-1,1,-1,O=C(Nc1cnc2[nH]c(-c3ccccc3)cc2c1)c1ccncn1,train
CHEMBL5814109,COC(=O)c1cccc(C(=O)Nc2cnc3[nH]c(-c4ccccc4)cc3c2)c1,HAGTZSPQEXVLFE,-1,1,-1,O=C(Nc1cnc2[nH]c(-c3ccccc3)cc2c1)c1ccccc1,train
CHEMBL100305,COc1cc(OC)c2ncnc(N3CCN(C(=O)Nc4ccc(Oc5ccccc5)cc4)CC3)c2c1,AZWSVINLFDCANS,-1,-1,0,O=C(Nc1ccc(Oc2ccccc2)cc1)N1CCN(c2ncnc3ccccc23)CC1,train
CHEMBL100735,CCOc1cc2c(N3CCN(/C(S)=N\Cc4ccccc4)CC3)ncnc2cc1OC,KIPNTFREYBTTKV,-1,-1,1,C(=NCc1ccccc1)N1CCN(c2ncnc3ccccc23)CC1,train
CHEMBL100736,CCOc1cc2c(N3CCN(C(=O)Nc4ccc(Oc5ccccc5)cc4)CC3)ncnc2cc1OC,JGKOYPCMHIRHNF,-1,-1,1,O=C(Nc1ccc(Oc2ccccc2)cc1)N1CCN(c2ncnc3ccccc23)CC1,train
CHEMBL102554,COc1cc2ncnc(N3CCN(C(=O)Nc4ccc(Oc5ccc(N)cc5)cc4)CC3)c2cc1OC,RTDLRBLOZVYIHO,-1,-1,1,O=C(Nc1ccc(Oc2ccccc2)cc1)N1CCN(c2ncnc3ccccc23)CC1,train
CHEMBL102686,CCCc1ccc(NC(=O)N2CCN(c3ncnc4cc(OC)c(OC)cc34)CC2)cc1,XFVIMVGACQCBHK,-1,-1,1,O=C(Nc1ccccc1)N1CCN(c2ncnc3ccccc23)CC1,train
CHEMBL102908,COc1cc2ncnc(N3CCN(/C(S)=N\c4ccc(Br)c(Cl)c4)CC3)c2cc1OC,SEEORMPQTKDNNU,-1,-1,1,C(=Nc1ccccc1)N1CCN(c2ncnc3ccccc23)CC1,train
CHEMBL102911,CCOc1cc2ncnc(N3CCN(C(=O)Nc4ccc(Oc5ccccc5)cc4)CC3)c2cc1OC,YDVWNTXBGIEREW,-1,-1,1,O=C(Nc1ccc(Oc2ccccc2)cc1)N1CCN(c2ncnc3ccccc23)CC1,train
CHEMBL103012,COc1cc2ncnc(N3CCN(/C(S)=N\c4cccc(Cl)c4)CC3)c2cc1OC,WRVCEMQBWLVDCT,-1,-1,1,C(=Nc1ccccc1)N1CCN(c2ncnc3ccccc23)CC1,train
CHEMBL103066,COc1cc2ncnc(N3CCN(C(=O)Nc4ccc(SC)cc4)CC3)c2cc1OC,JUWGNZSIICNVSX,-1,-1,1,O=C(Nc1ccccc1)N1CCN(c2ncnc3ccccc23)CC1,train
CHEMBL103487,O=C(Nc1ccc(Oc2ccccc2)cc1)N1CCN(c2ncnc3ccccc23)CC1,OCYUAKZKASVRCA,-1,-1,1,O=C(Nc1ccc(Oc2ccccc2)cc1)N1CCN(c2ncnc3ccccc23)CC1,train
CHEMBL103490,CCOc1cc2ncnc(N3CCN(/C(S)=N\Cc4ccccc4)CC3)c2cc1OC,WGDQJKQQPFXRBI,-1,-1,1,C(=NCc1ccccc1)N1CCN(c2ncnc3ccccc23)CC1,train
CHEMBL103870,COc1cc2ncnc(N3CCN(/C(S)=N\c4ccc(Cl)cc4)CC3)c2cc1OC,FSXLEMBSYPMQJH,-1,-1,1,C(=Nc1ccccc1)N1CCN(c2ncnc3ccccc23)CC1,train
CHEMBL104339,COc1cc2ncnc(N3CCN(C(=O)Nc4ccc(I)cc4)CC3)c2cc1OC,UPORDRGJOISAQX,-1,-1,1,O=C(Nc1ccccc1)N1CCN(c2ncnc3ccccc23)CC1,train
CHEMBL104896,COc1cc2ncnc(N3CCN(/C(S)=N\c4ccc(Oc5ccccc5)cc4)CC3)c2cc1OC,MZLOJIXBFDLLQO,-1,-1,1,C(=Nc1ccc(Oc2ccccc2)cc1)N1CCN(c2ncnc3ccccc23)CC1,train
CHEMBL104922,COc1cc2ncnc(N3CCN(/C(S)=N\c4ccc(SC)cc4)CC3)c2cc1OC,HKQHVUPILPDWJA,-1,-1,1,C(=Nc1ccccc1)N1CCN(c2ncnc3ccccc23)CC1,train
CHEMBL105183,COc1cc2ncnc(N3CCN(C(=O)Nc4ccc(Oc5ccc(Cl)cc5)cc4)CC3)c2cc1OC,XKSMEFRXIYPOHB,-1,-1,1,O=C(Nc1ccc(Oc2ccccc2)cc1)N1CCN(c2ncnc3ccccc23)CC1,train
CHEMBL105227,COc1cc2ncnc(N3CCN(C(=O)Nc4ccc(Oc5ccc(C)cc5)cc4)CC3)c2cc1OC,HUHZGAWBFDEQRC,-1,-1,1,O=C(Nc1ccc(Oc2ccccc2)cc1)N1CCN(c2ncnc3ccccc23)CC1,train
CHEMBL105239,COc1cc2ncnc(N3CCN(/C(S)=N\c4ccc(Br)cc4)CC3)c2cc1OC,AWQXHPOIWPEBNU,-1,-1,1,C(=Nc1ccccc1)N1CCN(c2ncnc3ccccc23)CC1,train
CHEMBL105259,COc1cc2ncnc(N3CCN(/C(S)=N\c4ccc(C(C)C)cc4)CC3)c2cc1OC,NGLVEDVJUSTABP,-1,-1,1,C(=Nc1ccccc1)N1CCN(c2ncnc3ccccc23)CC1,train
CHEMBL105280,COc1cc2ncnc(N3CCN(C(=O)Nc4ccc(C(C)(C)C)cc4)CC3)c2cc1OC,ZWSUFCVOLVLTHS,-1,-1,1,O=C(Nc1ccccc1)N1CCN(c2ncnc3ccccc23)CC1,train
CHEMBL105409,COc1cc2ncnc(N3CCN(/C(S)=N\c4ccc(C(C)(C)C)cc4)CC3)c2cc1OC,VJGJRBKMUAJFQF,-1,-1,1,C(=Nc1ccccc1)N1CCN(c2ncnc3ccccc23)CC1,train
CHEMBL105622,COc1cc2ncnc(N3CCN(C(=O)Nc4ccc(Oc5ccccc5OC)cc4)CC3)c2cc1OC,BJBJKLHEXNYDIT,-1,-1,1,O=C(Nc1ccc(Oc2ccccc2)cc1)N1CCN(c2ncnc3ccccc23)CC1,train
CHEMBL105702,COc1cc2ncnc(N3CCN(/C(S)=N\c4ccc(I)cc4)CC3)c2cc1OC,LFOOJYAKEYURQT,-1,-1,1,C(=Nc1ccccc1)N1CCN(c2ncnc3ccccc23)CC1,train
CHEMBL106494,COc1cc2ncnc(N3CCN(/C(S)=N\c4ccc([N+](=O)[O-])cc4)CC3)c2cc1OC,QXWQTYYQZHWOKY,-1,-1,1,C(=Nc1ccccc1)N1CCN(c2ncnc3ccccc23)CC1,train
CHEMBL107901,COc1cc2ncnc(N3CCN(C(=O)Nc4ccc(OC(C)C)cc4)CC3)c2cc1OC,ZOSKLTNONLQLOH,-1,-1,1,O=C(Nc1ccccc1)N1CCN(c2ncnc3ccccc23)CC1,train
CHEMBL1093100,Cc1ccc(Sc2cccc3[nH]c4nc(N)nc(N)c4c23)cc1,IMNBYLUXBBXZIY,-1,-1,0,c1ccc(Sc2cccc3[nH]c4ncncc4c23)cc1,train
CHEMBL1094782,COc1ccc(OC)c(Cc2cc3c(Nc4cccc(Br)c4)ncnc3[nH]2)c1,IXGXJNXPVJEGDV,-1,-1,0,c1ccc(Cc2cc3c(Nc4ccccc4)ncnc3[nH]2)cc1,train
CHEMBL1094783,Clc1ccc(Cc2cc3c(Nc4cccc(Br)c4)ncnc3[nH]2)c(Cl)c1,QMOGFACURBORBR,-1,-1,0,c1ccc(Cc2cc3c(Nc4ccccc4)ncnc3[nH]2)cc1,train
CHEMBL1094784,FC(F)(F)c1cccc(Nc2ncnc3[nH]c(Cc4ccc(Cl)cc4Cl)cc23)c1,KREFSQWWLAZRAY,-1,-1,0,c1ccc(Cc2cc3c(Nc4ccccc4)ncnc3[nH]2)cc1,train
CHEMBL1095130,Nc1nc(Nc2ccc(Cl)cc2F)c2cc(Cc3ccc(Cl)cc3Cl)[nH]c2n1,POTIQPCBICOMND,-1,-1,0,c1ccc(Cc2cc3c(Nc4ccccc4)ncnc3[nH]2)cc1,train
CHEMBL1095131,Nc1nc(Nc2cccc(F)c2)c2cc(Cc3ccc(Cl)cc3Cl)[nH]c2n1,QUIDZUWCCTZDCX,-1,-1,0,c1ccc(Cc2cc3c(Nc4ccccc4)ncnc3[nH]2)cc1,train
CHEMBL1095463,CC(C)c1ccc(Nc2nc(N)nc3[nH]c(Cc4ccc(Cl)cc4Cl)cc23)cc1,OYHNIEXIHBTFGE,-1,-1,0,c1ccc(Cc2cc3c(Nc4ccccc4)ncnc3[nH]2)cc1,train
CHEMBL1095466,Cc1ccccc1Cc1cc2c(Nc3cccc(Br)c3)ncnc2[nH]1,YBAKNSGHVALZHX,-1,-1,0,c1ccc(Cc2cc3c(Nc4ccccc4)ncnc3[nH]2)cc1,train
CHEMBL1095761,Nc1nc(Nc2cccc(Br)c2)c2cc(Cc3ccc(Cl)cc3Cl)[nH]c2n1,KKIBGZAKMLYCDQ,-1,-1,0,c1ccc(Cc2cc3c(Nc4ccccc4)ncnc3[nH]2)cc1,train
CHEMBL1095776,CC(C)c1ccccc1Nc1nc(N)nc2[nH]c(Cc3ccc(Cl)cc3Cl)cc12,GEWZCPIATCKFBZ,-1,-1,0,c1ccc(Cc2cc3c(Nc4ccccc4)ncnc3[nH]2)cc1,train
CHEMBL1096737,Fc1ccc(Nc2ncnc3[nH]c(CCc4ccccc4)cc23)cc1Br,DHFLRMWXAMWJHG,-1,-1,0,c1ccc(CCc2cc3c(Nc4ccccc4)ncnc3[nH]2)cc1,train
CHEMBL1097368,c1ccc(CCc2cc3c(Nc4ccc5[nH]ccc5c4)ncnc3[nH]2)cc1,PWLPHODRHOUKAZ,-1,-1,0,c1ccc(CCc2cc3c(Nc4ccc5[nH]ccc5c4)ncnc3[nH]2)cc1,train
CHEMBL1098440,C#Cc1cccc(Nc2ncnc3[nH]c(Cc4ccc(Cl)cc4Cl)cc23)c1,FQFXJYXFHKOMBH,-1,-1,0,c1ccc(Cc2cc3c(Nc4ccccc4)ncnc3[nH]2)cc1,train
CHEMBL118440,O=c1[nH]c2ccccc2cc1-c1nc2ccccc2[nH]1,CMHODBMVRLRLOW,-1,-1,1,O=c1[nH]c2ccccc2cc1-c1nc2ccccc2[nH]1,train
CHEMBL119910,COc1cc2c(cc1OC)-c1n[nH]c(Nc3ccc(Cl)c(Cl)c3)c1C2,QPOUDHAKEFGBQQ,-1,-1,1,c1ccc(Nc2[nH]nc3c2Cc2ccccc2-3)cc1,train
CHEMBL120634,COc1cccc(Nc2[nH]nc3c2Cc2cc(OC)c(OC)cc2-3)c1,UTQJHQHYLXMCNU,-1,-1,1,c1ccc(Nc2[nH]nc3c2Cc2ccccc2-3)cc1,train
CHEMBL120862,COc1cc2c(cc1OC)-c1n[nH]c(Nc3cccc(Br)c3)c1C2,CALKDKBZWSEPMN,-1,-1,1,c1ccc(Nc2[nH]nc3c2Cc2ccccc2-3)cc1,train
CHEMBL121829,COCCOc1ccc2c(N3CCN(C(=O)Nc4ccc(Oc5ccc6[nH]ccc6c5)cc4)CC3)ncnc2c1,WQHVFQMJALJJSX,-1,-1,1,O=C(Nc1ccc(Oc2ccc3[nH]ccc3c2)cc1)N1CCN(c2ncnc3ccccc23)CC1,train
CHEMBL122528,COc1cc2c(cc1OC)-c1n[nH]c(Nc3cccc(C#N)c3)c1C2,AMTQDOFBZCKROV,-1,-1,1,c1ccc(Nc2[nH]nc3c2Cc2ccccc2-3)cc1,train
CHEMBL122572,COc1cc2c(N3CCN(C(=O)Nc4ccc(C#N)cc4)CC3)ncnc2cc1OCCN1CCCC1,FPOSEIRCRZRBMT,-1,-1,1,O=C(Nc1ccccc1)N1CCN(c2ncnc3cc(OCCN4CCCC4)ccc23)CC1,train
CHEMBL123667,COc1cc2c(N3CCN(C(=O)Nc4ccc(OC(C)C)cc4)CC3)ncnc2cc1OCCCN1CCCC1,ILQZIVOSSFSFHN,-1,-1,1,O=C(Nc1ccccc1)N1CCN(c2ncnc3cc(OCCCN4CCCC4)ccc23)CC1,train
CHEMBL124073,COc1cc2c(N3CCN(C(=O)Nc4ccc(OC(C)C)cc4)CC3)ncnc2cc1OCCCn1nccn1,GMDBDZZVUXLNGG,-1,-1,1,O=C(Nc1ccccc1)N1CCN(c2ncnc3cc(OCCCn4nccn4)ccc23)CC1,train
CHEMBL124089,COc1cc2c(N3CCN(C(=O)Nc4ccc(OC(C)C)cc4)CC3)ncnc2cc1OCCCN1CCC(F)(F)CC1,CQEMIFOSYJYIJV,-1,-1,1,O=C(Nc1ccccc1)N1CCN(c2ncnc3cc(OCCCN4CCCCC4)ccc23)CC1,train
CHEMBL124243,COCCOc1cc2ncnc(N3CCN(C(=O)Nc4ccc(C#N)cc4)CC3)c2cc1OCCOC,RLJWDEHNGNKLQP,-1,-1,1,O=C(Nc1ccccc1)N1CCN(c2ncnc3ccccc23)CC1,train
CHEMBL124369,CCCS(=O)(=O)CCCOc1cc2ncnc(N3CCN(C(=O)Nc4ccc(OC(C)C)cc4)CC3)c2cc1OC,OSLJJXSRAHNNSR,-1,-1,1,O=C(Nc1ccccc1)N1CCN(c2ncnc3ccccc23)CC1,train
CHEMBL124487,COCCOc1cc2c(N3CCN(C(=O)Nc4ccc(OC(C)C)cc4)CC3)ncnc2cc1OCCN1CCCCC1,WOCIFWWPZLWINH,-1,-1,1,O=C(Nc1ccccc1)N1CCN(c2ncnc3cc(OCCN4CCCCC4)ccc23)CC1,train
CHEMBL124827,COc1cc2c(N3CCN(C(=O)Nc4ccc(C#N)cc4)CC3)ncnc2cc1OCCCN1CCCC1,GUSXMRDZDGNCQK,-1,-1,1,O=C(Nc1ccccc1)N1CCN(c2ncnc3cc(OCCCN4CCCC4)ccc23)CC1,train
CHEMBL124949,COCCOc1cc2ncnc(N3CCN(C(=O)Nc4ccc(Oc5ccc6[nH]ccc6c5)cc4)CC3)c2cc1OC,JDPYFIGKIIQSSF,-1,-1,1,O=C(Nc1ccc(Oc2ccc3[nH]ccc3c2)cc1)N1CCN(c2ncnc3ccccc23)CC1,train
CHEMBL124983,COc1cc2c(N3CCN(C(=O)Nc4ccc(OC(C)C)cc4)CC3)ncnc2cc1OCCCS(=O)(=O)CC(F)(F)F,BEJDIUNIXMJSJK,-1,-1,1,O=C(Nc1ccccc1)N1CCN(c2ncnc3ccccc23)CC1,train
CHEMBL125171,CCCCS(=O)(=O)CCCOc1cc2ncnc(N3CCN(C(=O)Nc4ccc(OC(C)C)cc4)CC3)c2cc1OC,NNLTVKMGUPESIA,-1,-1,1,O=C(Nc1ccccc1)N1CCN(c2ncnc3ccccc23)CC1,train
CHEMBL125277,COCCOc1cc2ncnc(N3CCN(C(=O)Nc4ccc(Oc5cccc6[nH]ccc56)cc4)CC3)c2cc1OCCOC,BMCBBFBTFYROKF,-1,-1,1,O=C(Nc1ccc(Oc2cccc3[nH]ccc23)cc1)N1CCN(c2ncnc3ccccc23)CC1,train
CHEMBL1254286,CN(c1cccc(Br)c1)c1nc(N)nc2c1cc(Cc1ccccc1)n2C,BGSYWASSDBCFAF,-1,-1,0,c1ccc(Cc2cc3c(Nc4ccccc4)ncnc3[nH]2)cc1,train
CHEMBL125431,COc1cc2c(N3CCN(C(=O)Nc4ccc(OC(C)C)cc4)CC3)ncnc2cc1OCCCN1CCCC(F)(F)C1,IFWXSBLDRFMUHB,-1,-1,1,O=C(Nc1ccccc1)N1CCN(c2ncnc3cc(OCCCN4CCCCC4)ccc23)CC1,train
CHEMBL1254363,Cc1ccccc1Cc1cc2c(N(C)c3cccc(Br)c3)nc(N)nc2[nH]1,WCTLSBBVUJVVIG,-1,-1,0,c1ccc(Cc2cc3c(Nc4ccccc4)ncnc3[nH]2)cc1,train
CHEMBL125445,COc1cc2c(N3CCN(C(=O)Nc4ccc(C#N)cc4)CC3)ncnc2cc1OCCN1CCN(C)CC1,HYJFRKGSJGMOJJ,-1,-1,1,O=C(Nc1ccccc1)N1CCN(c2ncnc3cc(OCCN4CCNCC4)ccc23)CC1,train
CHEMBL125451,COCCOc1cc2ncnc(N3CCN(C(=O)Nc4ccc(OC(C)C)cc4)CC3)c2cc1OCCOC,XLPRFHHHAVYDKP,-1,-1,1,O=C(Nc1ccccc1)N1CCN(c2ncnc3ccccc23)CC1,train
CHEMBL1254522,COc1ccc(OC)c(Cc2cc3c(Nc4cccc(Br)c4)nc(N)nc3n2C)c1,YGFZIZAZXNLDDN,-1,-1,0,c1ccc(Cc2cc3c(Nc4ccccc4)ncnc3[nH]2)cc1,train
CHEMBL125717,COCCOc1cc2ncnc(N3CCN(C(=O)Nc4ccc(Oc5ccccc5)cc4)CC3)c2cc1OCCOC,UDXGWXKIXRVGSP,-1,-1,1,O=C(Nc1ccc(Oc2ccccc2)cc1)N1CCN(c2ncnc3ccccc23)CC1,train
CHEMBL125721,COCCOc1cc2ncnc(N3CCN(C(=O)Nc4ccc(Oc5ccc(C(C)(C)C)cc5)cc4)CC3)c2cc1OCCOC,QYQSABYRKQKCSG,-1,-1,1,O=C(Nc1ccc(Oc2ccccc2)cc1)N1CCN(c2ncnc3ccccc23)CC1,train
CHEMBL125761,COc1cc2c(N3CCN(C(=O)Nc4ccc(C#N)cc4)CC3)ncnc2cc1OCCCN1CCOCC1,ZRCLLIDFMWBFFK,-1,-1,1,O=C(Nc1ccccc1)N1CCN(c2ncnc3cc(OCCCN4CCOCC4)ccc23)CC1,train
CHEMBL125805,COCCOc1cc2ncnc(N3CCN(C(=O)Nc4ccc(Oc5ccc(Br)cc5)cc4)CC3)c2cc1OCCOC,ANFWAIIWFNOPFQ,-1,-1,1,O=C(Nc1ccc(Oc2ccccc2)cc1)N1CCN(c2ncnc3ccccc23)CC1,train
CHEMBL125811,COCCOc1cc2ncnc(N3CCN(C(=O)Nc4ccc(Oc5cccc6ncccc56)cc4)CC3)c2cc1OCCOC,DFWUEYBFCSHHII,-1,-1,1,O=C(Nc1ccc(Oc2cccc3ncccc23)cc1)N1CCN(c2ncnc3ccccc23)CC1,train
CHEMBL125994,COCCOc1cc2c(N3CCN(C(=O)Nc4ccc(C#N)cc4)CC3)ncnc2cc1OCCN1CCCC1,QXWHYCMMVAXLSX,-1,-1,1,O=C(Nc1ccccc1)N1CCN(c2ncnc3cc(OCCN4CCCC4)ccc23)CC1,train
CHEMBL127731,COc1cc2c(N3CCN(C(=O)Nc4ccc(C#N)cc4)CC3)ncnc2cc1OCCCN1CCC(F)(F)CC1,WWFYUBCLRABWEV,-1,-1,1,O=C(Nc1ccccc1)N1CCN(c2ncnc3cc(OCCCN4CCCCC4)ccc23)CC1,train
CHEMBL127786,COc1cc2c(N3CCN(C(=O)Nc4ccc(OC(C)C)cc4)CC3)ncnc2cc1OCCn1ncnn1,LQCXSHKSDRJXNC,-1,-1,1,O=C(Nc1ccccc1)N1CCN(c2ncnc3cc(OCCn4ncnn4)ccc23)CC1,train
CHEMBL127886,COCCOc1ccc2c(N3CCN(C(=O)Nc4ccc(Oc5ccccc5)cc4)CC3)ncnc2c1,QMHCAQOWKYLXNZ,-1,-1,1,O=C(Nc1ccc(Oc2ccccc2)cc1)N1CCN(c2ncnc3ccccc23)CC1,train
CHEMBL13608,Cc1[nH]c(/C=C2\C(=O)Nc3ccc(F)cc32)c(C)c1C(=O)NCCN1CCCC1,SRSGVKWWVXWSJT,-1,-1,1,O=C1Nc2ccccc2C1=Cc1cc(C(=O)NCCN2CCCC2)c[nH]1,train
CHEMBL13629,CCN(CC)CCNC(=O)c1c(C)[nH]c(/C=C2\C(=O)Nc3ccc(Br)cc32)c1C,IVURVTQZRJNNOE,-1,-1,1,O=C1Nc2ccccc2C1=Cc1ccc[nH]1,train
CHEMBL13976,Cc1[nH]c(/C=C2\C(=O)Nc3ccc(F)cc32)c(C)c1C(=O)NCCN(C)C,MBTDIENWIYANIG,-1,-1,1,O=C1Nc2ccccc2C1=Cc1ccc[nH]1,train
CHEMBL144077,COc1cc2ncnc(N3CCN(C(=O)Nc4ccc(Oc5ccccc5)cc4)CC3)c2cc1OCC#N,QQEZHWSQGHHZER,-1,-1,1,O=C(Nc1ccc(Oc2ccccc2)cc1)N1CCN(c2ncnc3ccccc23)CC1,train
CHEMBL144078,CCCOc1cc2c(N3CCN(C(=O)Nc4ccc(Oc5ccccc5)cc4)CC3)ncnc2cc1OC,AJNRBZADQXTRGP,-1,-1,1,O=C(Nc1ccc(Oc2ccccc2)cc1)N1CCN(c2ncnc3ccccc23)CC1,train
CHEMBL144109,COc1cc2ncnc(N3CCN(/C(S)=N\Cc4ccccc4)CC3)c2cc1OS(C)(=O)=O,GOESGDVEHWUPLH,-1,-1,0,C(=NCc1ccccc1)N1CCN(c2ncnc3ccccc23)CC1,train
CHEMBL144296,COc1cc2ncnc(N3CCN(C(=O)Nc4ccc(Oc5ccccc5)cc4)CC3)c2cc1OCC(C)=O,PUHDDMQOUIPJPF,-1,-1,1,O=C(Nc1ccc(Oc2ccccc2)cc1)N1CCN(c2ncnc3ccccc23)CC1,train
CHEMBL144368,O=C(Nc1ccc(Oc2ccccc2)cc1)N1CCN(c2nncc3ccccc23)CC1,HXITVBQTQJLPOJ,-1,-1,0,O=C(Nc1ccc(Oc2ccccc2)cc1)N1CCN(c2nncc3ccccc23)CC1,train
CHEMBL144622,O=C(Nc1ccc(Oc2ccccc2)cc1)N1CCN(c2ccnc3ccccc23)CC1,HWJSFABKQRDLLN,-1,-1,1,O=C(Nc1ccc(Oc2ccccc2)cc1)N1CCN(c2ccnc3ccccc23)CC1,train
CHEMBL144687,CCOc1cc2ncnc(N3CCN(C(=O)Nc4ccc(Oc5ccccc5)cc4)CC3)c2cc1OCC,SWGWXWKAZGNYQO,-1,-1,1,O=C(Nc1ccc(Oc2ccccc2)cc1)N1CCN(c2ncnc3ccccc23)CC1,train
CHEMBL144725,COCCOc1cc2c(N3CCN(C(=O)Nc4ccc(Oc5ccccc5)cc4)CC3)ncnc2cc1OC,MKMZNVRSGQUTJK,-1,-1,1,O=C(Nc1ccc(Oc2ccccc2)cc1)N1CCN(c2ncnc3ccccc23)CC1,train
CHEMBL144749,O=C(Nc1ccc(Oc2ccccc2)cc1)N1CCN(c2ncnc3cc4c(cc23)OCO4)CC1,KNFLTOWBYQEOPM,-1,-1,1,O=C(Nc1ccc(Oc2ccccc2)cc1)N1CCN(c2ncnc3cc4c(cc23)OCO4)CC1,train
CHEMBL145259,COCCOc1cc2c(N3CCN(C(=O)Nc4ccc(C#N)cc4)CC3)ncnc2cc1OC,QLEHJJWDVPPTPR,-1,-1,1,O=C(Nc1ccccc1)N1CCN(c2ncnc3ccccc23)CC1,train
CHEMBL146020,COc1cc2c(N3CCN(C(=O)Nc4ccc(Oc5ccccc5)cc4)CC3)ncnc2cc1OC(C)C,SQGZIDMWOODZLF,-1,-1,1,O=C(Nc1ccc(Oc2ccccc2)cc1)N1CCN(c2ncnc3ccccc23)CC1,train
CHEMBL146078,CCn1c(=O)n(C)c2cc3c(N4CCN(C(=O)Nc5ccc(Oc6ccccc6)cc5)CC4)ncnc3cc21,VJWMREWBGWVZIY,-1,-1,1,O=C(Nc1ccc(Oc2ccccc2)cc1)N1CCN(c2ncnc3cc4[nH]c(=O)[nH]c4cc23)CC1,train
CHEMBL146876,COc1cc2nncc(N3CCN(C(=O)Nc4ccc(Oc5ccccc5)cc4)CC3)c2cc1OC,PUMFWKTWUXCNSE,-1,-1,1,O=C(Nc1ccc(Oc2ccccc2)cc1)N1CCN(c2cnnc3ccccc23)CC1,train
CHEMBL146993,CCCCOc1cc2ncnc(N3CCN(C(=O)Nc4ccc(Oc5ccccc5)cc4)CC3)c2cc1OC,JGDYKGMYFGQGDI,-1,-1,1,O=C(Nc1ccc(Oc2ccccc2)cc1)N1CCN(c2ncnc3ccccc23)CC1,train
CHEMBL147277,COCCOc1cc2ncnc(N3CCN(/C(S)=N\Cc4ccc5c(c4)OCO5)CC3)c2cc1OC,YHCWONKAWXFXDC,-1,-1,1,C(=NCc1ccc2c(c1)OCO2)N1CCN(c2ncnc3ccccc23)CC1,train
CHEMBL147916,COc1cc2nccc(N3CCN(C(=O)Nc4ccc(Oc5ccccc5)cc4)CC3)c2cc1OC,AKMBGXASUFXUGK,-1,-1,1,O=C(Nc1ccc(Oc2ccccc2)cc1)N1CCN(c2ccnc3ccccc23)CC1,train
CHEMBL147917,O=C(Nc1ccc(Oc2ccccc2)cc1)N1CCN(c2ccnc3cc(Cl)ccc23)CC1,DJYBHPSZFUFPSG,-1,-1,1,O=C(Nc1ccc(Oc2ccccc2)cc1)N1CCN(c2ccnc3ccccc23)CC1,train
CHEMBL148084,CCOc1cc2ncnc(N3CCN(/C(S)=N\Cc4ccccc4)CC3)c2cc1OCC,IOMFDBIBWAGHBA,-1,-1,1,C(=NCc1ccccc1)N1CCN(c2ncnc3ccccc23)CC1,train
CHEMBL148259,C#CCOc1cc2ncnc(N3CCN(C(=O)Nc4ccc(Oc5ccccc5)cc4)CC3)c2cc1OC,VKJCYNFKNMOZKV,-1,-1,1,O=C(Nc1ccc(Oc2ccccc2)cc1)N1CCN(c2ncnc3ccccc23)CC1,train
CHEMBL148382,COCCOc1cc2c(N3CCN(/C(S)=N\Cc4ccc5c(c4)OCO5)CC3)ncnc2cc1OC,WRJXGKRIXJFQMA,-1,-1,1,C(=NCc1ccc2c(c1)OCO2)N1CCN(c2ncnc3ccccc23)CC1,train
CHEMBL148514,COc1cccc(-c2ccc3c(c2)NC(=O)/C3=C\c2[nH]cc(CCC(=O)O)c2C)c1,YAHVZVQVATYZMK,-1,-1,1,O=C1Nc2cc(-c3ccccc3)ccc2C1=Cc1ccc[nH]1,train
CHEMBL148744,Cc1c[nH]c(/C=C2\C(=O)Nc3ccc(Br)cc32)c1CCC(=O)O,MLCYRSPCPRZKNI,-1,-1,1,O=C1Nc2ccccc2C1=Cc1ccc[nH]1,train
CHEMBL149201,Cc1[nH]c(/C=C2\C(=O)Nc3cc(-c4ccccc4)ccc32)c(C)c1CCC(=O)O,APYYTEJNOZQZNA,-1,-1,1,O=C1Nc2cc(-c3ccccc3)ccc2C1=Cc1ccc[nH]1,train
CHEMBL149243,COc1ccc2c(c1)NC(=O)/C2=C\c1[nH]cc(CCC(=O)O)c1C,FTYXAWPLQFJPBB,-1,-1,1,O=C1Nc2ccccc2C1=Cc1ccc[nH]1,train
CHEMBL150151,COc1ccc(-c2ccc3c(c2)NC(=O)/C3=C\c2[nH]c(C)c(CCC(=O)O)c2C)cc1,JAKZLBJBNMIQMP,-1,-1,1,O=C1Nc2cc(-c3ccccc3)ccc2C1=Cc1ccc[nH]1,train
CHEMBL1615278,C[C@@H](Oc1cc(-n2cnc3ccc(OC4CCN(C)CC4)cc32)sc1C(N)=O)c1ccccc1C(F)(F)F,SWIVJTVGOIXUKC,-1,-1,1,c1ccc(COc2csc(-n3cnc4ccc(OC5CCNCC5)cc43)c2)cc1,train
CHEMBL1630117,O=C(NO)c1ccc(-c2ccc3ncnc(Nc4ccc(OCc5cccc(F)c5)c(Cl)c4)c3c2)o1,ZMYUKKKHJVNBAM,-1,-1,1,c1ccc(COc2ccc(Nc3ncnc4ccc(-c5ccco5)cc34)cc2)cc1,train
CHEMBL1668419,COc1cc(O)c2c(c1)CCCCCC(=O)/C=C/C[C@H](C)OC2=O,JWTUFAOHKVRJNA,-1,-1,0,O=C1C=CCCOC(=O)c2ccccc2CCCCC1,train
CHEMBL1794070,C[C@@H](Oc1cc(-n2cnc3ccc(OC4CCN(C)CC4)cc32)sc1C(N)=O)c1ccccc1Cl,GILNGUYOGYOZMP,-1,-1,1,c1ccc(COc2csc(-n3cnc4ccc(OC5CCNCC5)cc43)c2)cc1,train
CHEMBL183731,COc1cc2c(N3CCN(/C(S)=N\c4ccc(C#N)cc4)CC3)ncnc2cc1OCCN1CCCCC1,KQRZITBORCRPLP,-1,-1,1,C(=Nc1ccccc1)N1CCN(c2ncnc3cc(OCCN4CCCCC4)ccc23)CC1,train
CHEMBL184180,COc1cc2c(N3CCN(/C(S)=N\c4ccncc4)CC3)ncnc2cc1OCCCN1CCCCC1,QLHXHYVKFSCNHC,-1,-1,1,C(=Nc1ccncc1)N1CCN(c2ncnc3cc(OCCCN4CCCCC4)ccc23)CC1,train
CHEMBL184231,COc1cc2c(N3CCN(/C(=N\c4ccncc4)NC#N)CC3)ncnc2cc1OCCCN1CCCCC1,XUEVKBGKZCRBJW,-1,-1,0,C(=Nc1ccncc1)N1CCN(c2ncnc3cc(OCCCN4CCCCC4)ccc23)CC1,train
CHEMBL184235,COc1cc2c(N3CCN(/C(S)=N\Cc4ccc(C)nc4)CC3)ncnc2cc1OCCCN1CCCCC1,BGFKWWVJYJAFCM,-1,-1,1,C(=NCc1cccnc1)N1CCN(c2ncnc3cc(OCCCN4CCCCC4)ccc23)CC1,train
CHEMBL184244,COc1cc2c(N3CCN(/C(S)=N\Cc4ccc(C(F)(F)F)nc4)CC3)ncnc2cc1OCCN1CCCCC1,KMPKNQLUSHGOEZ,-1,-1,1,C(=NCc1cccnc1)N1CCN(c2ncnc3cc(OCCN4CCCCC4)ccc23)CC1,train
CHEMBL184392,COc1cc2c(N3CCN(/C(S)=N\Cc4ccc(C)nc4Cl)CC3)ncnc2cc1OCCN1CCCCC1,CGOFUAFJIPNUDQ,-1,-1,1,C(=NCc1cccnc1)N1CCN(c2ncnc3cc(OCCN4CCCCC4)ccc23)CC1,train
CHEMBL184414,COc1cc2c(N3CCN(/C(S)=N\Cc4cccnc4)CC3)ncnc2cc1OCCCN1CCCCC1,KTICIQUAKHPVLB,-1,-1,1,C(=NCc1cccnc1)N1CCN(c2ncnc3cc(OCCCN4CCCCC4)ccc23)CC1,train
CHEMBL184699,COc1cc2c(N3CCN(/C(S)=N\c4ccc(-c5ccccn5)cc4)CC3)ncnc2cc1OCCCN1CCCCC1,INSHWQJRTYJGTH,-1,-1,1,C(=Nc1ccc(-c2ccccn2)cc1)N1CCN(c2ncnc3cc(OCCCN4CCCCC4)ccc23)CC1,train
CHEMBL184753,COc1cc2c(N3CCN(/C(S)=N\Cc4cnc(C)cn4)CC3)ncnc2cc1OCCCN1CCCCC1,MBMKNEGOAUNGDW,-1,-1,1,C(=NCc1cnccn1)N1CCN(c2ncnc3cc(OCCCN4CCCCC4)ccc23)CC1,train
CHEMBL184913,COc1cc2c(N3CCN(/C(=N\c4ccc(-c5ccccn5)cc4)NC#N)CC3)ncnc2cc1OCCCN1CCCCC1,MUWYDJMHRSQTKQ,-1,-1,1,C(=Nc1ccc(-c2ccccn2)cc1)N1CCN(c2ncnc3cc(OCCCN4CCCCC4)ccc23)CC1,train
CHEMBL184948,COc1cc2c(cc1OC)-c1n[nH]c(Nc3cccc(C(F)(F)F)c3)c1C2,DBGIFKODXXMSAS,-1,-1,1,c1ccc(Nc2[nH]nc3c2Cc2ccccc2-3)cc1,train
CHEMBL186612,COc1cc2c(N3CCN(/C(S)=N\Cc4cnc(C)cn4)CC3)ncnc2cc1OCCN1CCOCC1,URKTWKNEBOKMRA,-1,-1,1,C(=NCc1cnccn1)N1CCN(c2ncnc3cc(OCCN4CCOCC4)ccc23)CC1,train
CHEMBL186682,COc1cc2c(N3CCN(/C(S)=N\Cc4ccc(Cl)nc4)CC3)ncnc2cc1OCCN1CCCCC1,WWJOLPCMHNUGPN,-1,-1,1,C(=NCc1cccnc1)N1CCN(c2ncnc3cc(OCCN4CCCCC4)ccc23)CC1,train
CHEMBL186719,COc1cc2c(N3CCN(/C(S)=N\c4ccc(C#N)cc4)CC3)c(C#N)cnc2cc1OCCCN1CCCCC1,ZJOHAEZPXFNGLV,-1,-1,1,C(=Nc1ccccc1)N1CCN(c2ccnc3cc(OCCCN4CCCCC4)ccc23)CC1,train
CHEMBL186850,COc1cc2c(N3CCN(/C(=N\Cc4ccc5c(c4)OCO5)NC#N)CC3)ncnc2cc1OCCCN1CCCCC1,KQGFBLYLLXKIPF,-1,-1,1,C(=NCc1ccc2c(c1)OCO2)N1CCN(c2ncnc3cc(OCCCN4CCCCC4)ccc23)CC1,train
CHEMBL186851,COc1cc2c(N3CCN(/C(S)=N\c4ccc(-c5ccccn5)cc4)CC3)ncnc2cc1OCCN1CCCCC1,JLJLHTHYQPNRLZ,-1,-1,1,C(=Nc1ccc(-c2ccccn2)cc1)N1CCN(c2ncnc3cc(OCCN4CCCCC4)ccc23)CC1,train
CHEMBL186923,COc1cc2c(N3CCN(/C(S)=N\c4ccc(Br)cc4)CC3)ncnc2cc1OCCN1CCOCC1,XFBLGLIGJLWPKT,-1,-1,1,C(=Nc1ccccc1)N1CCN(c2ncnc3cc(OCCN4CCOCC4)ccc23)CC1,train
CHEMBL187688,COc1cc2c(N3CCN(/C(S)=N\c4ccc(Br)cc4)CC3)ncnc2cc1OCCN1CCCCC1,SUQVNEAXTKSRPQ,-1,-1,1,C(=Nc1ccccc1)N1CCN(c2ncnc3cc(OCCN4CCCCC4)ccc23)CC1,train
CHEMBL187960,COc1cc2c(N3CCN(/C(S)=N\Cc4ccc5c(c4)OCO5)CC3)ncnc2cc1OCCN1CCOCC1,GVRQTPYLKDOOIU,-1,-1,1,C(=NCc1ccc2c(c1)OCO2)N1CCN(c2ncnc3cc(OCCN4CCOCC4)ccc23)CC1,train
CHEMBL1929553,Cc1ccccc1Cc1cc2c(Nc3ccc(Cl)cc3)nc(N)nc2[nH]1,DBMRWNHZNFXBSM,-1,-1,0,c1ccc(Cc2cc3c(Nc4ccccc4)ncnc3[nH]2)cc1,train
CHEMBL1929556,COc1ccc(OC)c(Cc2cc3c(Nc4ccc(Cl)cc4F)nc(N)nc3[nH]2)c1,KSAQJLKGTOUMMC,-1,-1,0,c1ccc(Cc2cc3c(Nc4ccccc4)ncnc3[nH]2)cc1,train
CHEMBL1929557,COc1ccc(OC)c(Cc2cc3c(Nc4ccc(Cl)cc4)nc(N)nc3[nH]2)c1,HYEKNWJYVDRRLK,-1,-1,0,c1ccc(Cc2cc3c(Nc4ccccc4)ncnc3[nH]2)cc1,train
CHEMBL1940103,COc1cc2ncnc(Nc3cnn(CC(=O)Nc4cccc(F)c4)c3)c2cc1OC,NGBFROQDGZCMCE,-1,-1,1,O=C(Cn1cc(Nc2ncnc3ccccc23)cn1)Nc1ccccc1,train
CHEMBL1940104,COc1cccc(NC(=O)Cn2cc(Nc3ncnc4cc(OC)c(OC)cc34)cn2)c1,FWRUVEHMIVRQGU,-1,-1,1,O=C(Cn1cc(Nc2ncnc3ccccc23)cn1)Nc1ccccc1,train
CHEMBL1940105,COc1cc2ncnc(Nc3cnn(CC(=O)Nc4ccc(N(C)C)cc4)c3)c2cc1OC,GERTXWLPZYPXBE,-1,-1,1,O=C(Cn1cc(Nc2ncnc3ccccc23)cn1)Nc1ccccc1,train
CHEMBL1940108,COc1cccc(NC(=O)Cn2cc(Oc3ncnc4cc(OC)c(OC)cc34)cn2)c1,JGFZPZGREYNUPH,-1,-1,1,O=C(Cn1cc(Oc2ncnc3ccccc23)cn1)Nc1ccccc1,train
CHEMBL1940109,COCCOc1cc2ncnc(Oc3cnn(CC(=O)Nc4cccc(OC)c4)c3)c2cc1OC,VPDYUDURNXPNMA,-1,-1,1,O=C(Cn1cc(Oc2ncnc3ccccc23)cn1)Nc1ccccc1,train
CHEMBL1940110,COCCOc1cc2c(Oc3cnn(CC(=O)Nc4cccc(OC)c4)c3)ncnc2cc1OC,QPNALTDCQOTWLI,-1,-1,1,O=C(Cn1cc(Oc2ncnc3ccccc23)cn1)Nc1ccccc1,train
CHEMBL1940113,COc1cccc(NC(=O)Cn2cc(Oc3ncnc4cc(OC)cc(OC)c34)cn2)c1,XLZFINWQTYEKJR,-1,-1,1,O=C(Cn1cc(Oc2ncnc3ccccc23)cn1)Nc1ccccc1,train
CHEMBL1940114,COc1cccc(NC(=O)Cn2cc(Oc3ccnc4cc(OC)c(C#N)cc34)cn2)c1,RDWQPGCGRCTSIN,-1,-1,1,O=C(Cn1cc(Oc2ccnc3ccccc23)cn1)Nc1ccccc1,train
CHEMBL1940115,COc1cccc(NC(=O)Cn2cc(Oc3ccnc4cc(OC)c(OC)cc34)cn2)c1,NZTCZQRXCIAJMP,-1,-1,1,O=C(Cn1cc(Oc2ccnc3ccccc23)cn1)Nc1ccccc1,train
CHEMBL1940118,COc1cc2ncnc(Oc3ccc(CC(=O)Nc4ccc(N(C)C)cn4)cc3)c2cc1OC,OEZUXIBNCYTQAV,-1,-1,1,O=C(Cc1ccc(Oc2ncnc3ccccc23)cc1)Nc1ccccn1,train
CHEMBL1940265,COc1cccc(CNC(=O)c2ccc(Oc3ncnc4cc(OC)c(OC)cc34)cc2)c1,MSJCVIDKNLTFQF,-1,-1,1,O=C(NCc1ccccc1)c1ccc(Oc2ncnc3ccccc23)cc1,train
CHEMBL1940266,COc1cccc(CC(=O)Nc2ccc(Oc3ncnc4cc(OC)c(OC)cc34)cc2)c1,OVTHZKRCTBBAOW,-1,-1,1,O=C(Cc1ccccc1)Nc1ccc(Oc2ncnc3ccccc23)cc1,train
CHEMBL1940267,COc1cccc(COc2ccc(Oc3ncnc4cc(OC)c(OC)cc34)cc2)c1,XYFGHOWVIROTAV,-1,-1,1,c1ccc(COc2ccc(Oc3ncnc4ccccc34)cc2)cc1,train
CHEMBL1940268,CCc1cc(NC(=O)Cc2ccc(Oc3ncnc4cc(OC)c(OC)cc34)cc2)n[nH]1,HWXPNIATGYCXGR,-1,-1,1,O=C(Cc1ccc(Oc2ncnc3ccccc23)cc1)Nc1cc[nH]n1,train
CHEMBL1940269,CCn1ccc(NC(=O)Cc2ccc(Oc3ncnc4cc(OC)c(OC)cc34)cc2)n1,WWSUCZQRKHASNA,-1,-1,1,O=C(Cc1ccc(Oc2ncnc3ccccc23)cc1)Nc1cc[nH]n1,train
CHEMBL1940271,COc1cc2ncnc(Oc3ccc(CC(=O)Nc4cnn(C)c4)cc3)c2cc1OC,RNIJHXFMJVFHLF,-1,-1,1,O=C(Cc1ccc(Oc2ncnc3ccccc23)cc1)Nc1cn[nH]c1,train
CHEMBL1940272,CCn1cc(NC(=O)Cc2ccc(Oc3ncnc4cc(OC)c(OC)cc34)cc2)cn1,BJTVHTAPKJNNGR,-1,-1,1,O=C(Cc1ccc(Oc2ncnc3ccccc23)cc1)Nc1cn[nH]c1,train
CHEMBL1940273,CCn1cc(NC(=O)Cc2ccc(Oc3ccnc4cc(OC)c(OC)cc34)cc2)cn1,MMCWBZCSGNCOMQ,-1,-1,1,O=C(Cc1ccc(Oc2ccnc3ccccc23)cc1)Nc1cn[nH]c1,train
CHEMBL1940274,COc1cc2ncnc(Oc3ccc(CC(=O)Nc4cnn(C(C)C)c4)cc3)c2cc1OC,TWYCZJMOEMMCGC,-1,-1,1,O=C(Cc1ccc(Oc2ncnc3ccccc23)cc1)Nc1cn[nH]c1,train
CHEMBL1940275,COc1cc2ncnc(Nc3ccc(CC(=O)Nc4cnn(C(C)C)c4)cc3)c2cc1OC,FQGHYVHLTQUXGX,-1,-1,1,O=C(Cc1ccc(Nc2ncnc3ccccc23)cc1)Nc1cn[nH]c1,train
CHEMBL1945173,COc1ccc(CCCN(C)C)cc1Nc1ncc2c(n1)-c1ccc(Cl)cc1NC(=S)C2,JQRWYCWILFBHJT,-1,-1,1,S=C1Cc2cnc(Nc3ccccc3)nc2-c2ccccc2N1,train
CHEMBL1945498,CN(C)CCCc1ccc(C(F)(F)F)c(Nc2ncc3c(n2)-c2ccc(Cl)cc2NC(=S)C3)c1,IHOWKSDIGLFLPH,-1,-1,1,S=C1Cc2cnc(Nc3ccccc3)nc2-c2ccccc2N1,train
CHEMBL1945501,CN(C)CCCc1cc(Nc2ncc3c(n2)-c2ccc(Cl)cc2NC(=S)C3)ccc1F,NYYQMOVTQNHDLM,-1,-1,1,S=C1Cc2cnc(Nc3ccccc3)nc2-c2ccccc2N1,train
CHEMBL1945502,COc1ccc(Nc2ncc3c(n2)-c2ccc(Cl)cc2NC(=S)C3)cc1CCCN(C)C,ABXJJVJJEAFTLI,-1,-1,1,S=C1Cc2cnc(Nc3ccccc3)nc2-c2ccccc2N1,train
CHEMBL1945801,CN(C)CCCc1cc(Nc2ncc3c(n2)-c2ccc(Cl)cc2NC(=S)C3)ccc1C(F)(F)F,KFJDFQDPJGBOJE,-1,-1,1,S=C1Cc2cnc(Nc3ccccc3)nc2-c2ccccc2N1,train
CHEMBL1956889,Cc1ccccc1Cn1ccc2c(Nc3cccc(Br)c3)nc(N)nc21,DONMQLOOKGNJAC,-1,-1,0,c1ccc(Cn2ccc3c(Nc4ccccc4)ncnc32)cc1,train
CHEMBL1956893,Nc1nc(Nc2cccc(Br)c2)c2ccn(Cc3ccc(Cl)cc3Cl)c2n1,QJXJVWQREMSTBF,-1,-1,0,c1ccc(Cn2ccc3c(Nc4ccccc4)ncnc32)cc1,train
CHEMBL1956894,Nc1nc(Nc2cccc(Br)c2)c2ccn(Cc3ccc(Cl)c(Cl)c3)c2n1,UQDVZLQHWHNLFW,-1,-1,0,c1ccc(Cn2ccc3c(Nc4ccccc4)ncnc32)cc1,train
CHEMBL1956896,Nc1nc(Nc2cccc(Br)c2)c2ccn(Cc3ccc4ccccc4c3)c2n1,PRGYTISLIUZBSA,-1,-1,0,c1ccc(Nc2ncnc3c2ccn3Cc2ccc3ccccc3c2)cc1,train
CHEMBL200726,COc1ccc2c(c1)Cc1c-2n[nH]c1Nc1ccccc1,VOANTDNTSHHMTE,-1,-1,1,c1ccc(Nc2[nH]nc3c2Cc2ccccc2-3)cc1,train
CHEMBL200735,COc1cc2c(cc1OC)-c1n[nH]c(Nc3cccc(Cl)c3)c1C2,WVDRRFJDEHTKNN,-1,-1,1,c1ccc(Nc2[nH]nc3c2Cc2ccccc2-3)cc1,train
CHEMBL200774,COc1cc2c(cc1OC)-c1n[nH]c(Nc3ccccc3Cl)c1C2,VRWBHMNKSMAWII,-1,-1,1,c1ccc(Nc2[nH]nc3c2Cc2ccccc2-3)cc1,train
CHEMBL202162,CCN(CC)CCOc1c(C(=O)OC)c2c3c(oc2c2ccccc12)C(=O)c1ccccc1C3=O,OHYFDYUPUPHUDP,-1,-1,0,O=C1c2ccccc2C(=O)c2c1oc1c2ccc2ccccc21,train
CHEMBL2023115,CCn1cc(NC(=O)Cc2ccc(Oc3ncnc4cc(OC)c(OC)cc34)cc2OC)cn1,CZSOWVHBIBQBJU,-1,-1,1,O=C(Cc1ccc(Oc2ncnc3ccccc23)cc1)Nc1cn[nH]c1,train
CHEMBL2023116,CCn1cc(NC(=O)Cc2ccc(Oc3ncnc4cc(OC)c(OC)cc34)c(OC)c2)cn1,UWVDXAWRKPGZLT,-1,-1,1,O=C(Cc1ccc(Oc2ncnc3ccccc23)cc1)Nc1cn[nH]c1,train
CHEMBL2023117,CCn1cc(NC(=O)Cc2ccc(Oc3ccnc4cc(OC)c(OC)cc34)cc2OC)cn1,NDZHXVIMTDMQGZ,-1,-1,1,O=C(Cc1ccc(Oc2ccnc3ccccc23)cc1)Nc1cn[nH]c1,train
CHEMBL2023118,CCn1cc(NC(=O)Cc2ccc(Oc3ccnc4cc(OC)ccc34)cc2OC)cn1,INFXGMKRYCEOFJ,-1,-1,1,O=C(Cc1ccc(Oc2ccnc3ccccc23)cc1)Nc1cn[nH]c1,train
CHEMBL2023119,CCn1cc(NC(=O)Cc2ccc(Oc3ccnc4ccc(OC)cc34)cc2OC)cn1,NSTFTWHSPRGGFB,-1,-1,1,O=C(Cc1ccc(Oc2ccnc3ccccc23)cc1)Nc1cn[nH]c1,train
CHEMBL2023474,CCn1cc(NC(=O)Cc2ccc(Oc3ccnc4cc(F)ccc34)cc2OC)cn1,MPZNWDCJFYRKFH,-1,-1,1,O=C(Cc1ccc(Oc2ccnc3ccccc23)cc1)Nc1cn[nH]c1,train
CHEMBL2023475,CCn1cc(NC(=O)Cc2ccc(Oc3ccnc4ccc(F)cc34)cc2OC)cn1,VCWSLEWLUZQPBS,-1,-1,1,O=C(Cc1ccc(Oc2ccnc3ccccc23)cc1)Nc1cn[nH]c1,train
CHEMBL2023477,COc1cc(Oc2ccnc3cc(OC)c(OC)cc23)ccc1CC(=O)Nc1noc(C)c1C,CLNJNVQBKCEOLA,-1,-1,1,O=C(Cc1ccc(Oc2ccnc3ccccc23)cc1)Nc1ccon1,train
CHEMBL2023478,COc1ccc2c(Oc3ccc(CC(=O)Nc4noc(C)c4C)c(OC)c3)ccnc2c1,OQLVVMGCNQOROZ,-1,-1,1,O=C(Cc1ccc(Oc2ccnc3ccccc23)cc1)Nc1ccon1,train
CHEMBL2023479,COc1ccc2nccc(Oc3ccc(CC(=O)Nc4noc(C)c4C)c(OC)c3)c2c1,IFPFJZIFITZNRW,-1,-1,1,O=C(Cc1ccc(Oc2ccnc3ccccc23)cc1)Nc1ccon1,train
CHEMBL2023480,COc1cc(Oc2ccnc3cc(F)ccc23)ccc1CC(=O)Nc1noc(C)c1C,KHQIHWMLBYCIHB,-1,-1,1,O=C(Cc1ccc(Oc2ccnc3ccccc23)cc1)Nc1ccon1,train
CHEMBL2023481,COc1cc(Oc2ccnc3ccc(F)cc23)ccc1CC(=O)Nc1noc(C)c1C,JRWDTEMXRPOSNU,-1,-1,1,O=C(Cc1ccc(Oc2ccnc3ccccc23)cc1)Nc1ccon1,train
CHEMBL2023482,CCc1cc(NC(=O)Cc2ccc(Oc3ccnc4cc(OC)ccc34)cc2OC)no1,SXAVOOSGLYHVJW,-1,-1,1,O=C(Cc1ccc(Oc2ccnc3ccccc23)cc1)Nc1ccon1,train
CHEMBL2023483,COc1ccc2c(Oc3ccc(CC(=O)Nc4n[nH]c(C)c4C)c(OC)c3)ccnc2c1,DBDUMMKYYKJJID,-1,-1,1,O=C(Cc1ccc(Oc2ccnc3ccccc23)cc1)Nc1cc[nH]n1,train
CHEMBL2023484,CCc1c[nH]nc1NC(=O)Cc1ccc(Oc2ccnc3cc(OC)ccc23)cc1OC,BZAOYXZLPUIEJZ,-1,-1,1,O=C(Cc1ccc(Oc2ccnc3ccccc23)cc1)Nc1cc[nH]n1,train
CHEMBL2023485,CCc1cc(NC(=O)Cc2ccc(Oc3ccnc4cc(OC)c(OC)cc34)cc2OC)n[nH]1,SDLZNEBGHGGFNW,-1,-1,1,O=C(Cc1ccc(Oc2ccnc3ccccc23)cc1)Nc1cc[nH]n1,train
CHEMBL2023486,CCc1cc(NC(=O)Cc2ccc(Oc3ccnc4cc(OC)ccc34)cc2OC)n[nH]1,OFGUFFNSCXNTNV,-1,-1,1,O=C(Cc1ccc(Oc2ccnc3ccccc23)cc1)Nc1cc[nH]n1,train
CHEMBL2023487,COc1cc(Oc2ncnc3cc(OC)c(OC)cc23)ccc1CC(=O)Nc1cn(C)nc1C,XBROJUXHWFXTOG,-1,-1,1,O=C(Cc1ccc(Oc2ncnc3ccccc23)cc1)Nc1cn[nH]c1,train
CHEMBL2023488,COc1cc(Oc2ccnc3cc(OC)c(OC)cc23)ccc1CC(=O)Nc1cn(C)nc1C,YKRJUNOOAMJFCU,-1,-1,1,O=C(Cc1ccc(Oc2ccnc3ccccc23)cc1)Nc1cn[nH]c1,train
CHEMBL2023489,COc1ccc2c(Oc3ccc(CC(=O)Nc4cn(C)nc4C)c(OC)c3)ccnc2c1,YYPVGQBXTJNGFW,-1,-1,1,O=C(Cc1ccc(Oc2ccnc3ccccc23)cc1)Nc1cn[nH]c1,train
CHEMBL2023490,COc1cc2nccc(Oc3ccc(CC(=O)Nc4cn(C)nc4C)cc3)c2cc1OC,LJZDAUHIEXUPMS,-1,-1,1,O=C(Cc1ccc(Oc2ccnc3ccccc23)cc1)Nc1cn[nH]c1,train
CHEMBL2023491,COc1ccc2c(Oc3ccc(CC(=O)Nc4cnn(C)c4C)c(OC)c3)ccnc2c1,YQVZJSYFTHDUNC,-1,-1,1,O=C(Cc1ccc(Oc2ccnc3ccccc23)cc1)Nc1cn[nH]c1,train
CHEMBL2023492,COc1ccc2c(Oc3ccc(CC(=O)Nc4cnn(C)c4)c(OC)c3)ccnc2c1,MUWXXFVRGSATHH,-1,-1,1,O=C(Cc1ccc(Oc2ccnc3ccccc23)cc1)Nc1cn[nH]c1,train
CHEMBL2023493,COc1ccc2c(Oc3ccc(CC(=O)Nc4cc(C)nn4C)c(OC)c3)ccnc2c1,QLGPUCHJSSSJAW,-1,-1,1,O=C(Cc1ccc(Oc2ccnc3ccccc23)cc1)Nc1ccn[nH]1,train
CHEMBL2023495,CCn1cc(NC(=O)Cc2ncc(Oc3ccnc4cc(OC)ccc34)cc2OC)cn1,QZXMREJVHYOFOD,-1,-1,1,O=C(Cc1ccc(Oc2ccnc3ccccc23)cn1)Nc1cn[nH]c1,train
CHEMBL2023496,COc1ccc2c(Oc3cnc(CC(=O)Nc4cn(C)nc4C)c(OC)c3)ccnc2c1,FSFLUUXFGRLPMG,-1,-1,1,O=C(Cc1ccc(Oc2ccnc3ccccc23)cn1)Nc1cn[nH]c1,train
CHEMBL2023800,CCn1cc(NC(=O)Cc2ccc(Oc3ccnc4cc(OC)c(OC)cc34)cn2)cn1,HPPAKEIARRFUBB,-1,-1,1,O=C(Cc1ccc(Oc2ccnc3ccccc23)cn1)Nc1cn[nH]c1,train
CHEMBL2023801,CCc1[nH]nc(NC(=O)Cc2ncc(Oc3ccnc4cc(OC)c(OC)cc34)cc2OC)c1C,OVKRRHLOFQLWRN,-1,-1,1,O=C(Cc1ccc(Oc2ccnc3ccccc23)cn1)Nc1cc[nH]n1,train
CHEMBL2023802,CCOc1cc2nccc(Oc3cnc(CC(=O)Nc4n[nH]c(CC)c4C)c(OC)c3)c2cc1OC,LQNNUQKZSZVOBC,-1,-1,1,O=C(Cc1ccc(Oc2ccnc3ccccc23)cn1)Nc1cc[nH]n1,train
CHEMBL204427,CN1CCN(c2ccc3[nH]c(-c4c(N)c5ccccc5[nH]c4=O)nc3c2)CC1,BWLBVHWCNZAPOW,-1,-1,1,O=c1[nH]c2ccccc2cc1-c1nc2cc(N3CCNCC3)ccc2[nH]1,train
CHEMBL2047243,Nc1nc2c(c(Nc3ccccc3)n1)-c1ccccc1C2,BFUFGJUGGVINNF,-1,-1,0,c1ccc(Nc2ncnc3c2-c2ccccc2C3)cc1,train
CHEMBL2047244,CC(C)c1ccccc1Nc1nc(N)nc2c1-c1ccccc1C2,DFMQLARCVPAGSC,-1,-1,0,c1ccc(Nc2ncnc3c2-c2ccccc2C3)cc1,train
CHEMBL2047247,Nc1nc2c(c(Nc3ccc(Cl)cc3)n1)-c1ccccc1C2,PUNTVOFUMRATBV,-1,-1,1,c1ccc(Nc2ncnc3c2-c2ccccc2C3)cc1,train
CHEMBL2047248,Nc1nc2c(c(Nc3cccc(Br)c3)n1)-c1ccccc1C2,QVKUVEHRSYCMGZ,-1,-1,0,c1ccc(Nc2ncnc3c2-c2ccccc2C3)cc1,train
CHEMBL2047249,Nc1nc2c(c(Nc3ccc(Br)cc3)n1)-c1ccccc1C2,HESYGFVBSYSLJZ,-1,-1,0,c1ccc(Nc2ncnc3c2-c2ccccc2C3)cc1,train
CHEMBL2047250,Nc1nc2c(c(Nc3ccc(C(F)(F)F)cc3)n1)-c1ccccc1C2,LREDHDABOIKCQR,-1,-1,0,c1ccc(Nc2ncnc3c2-c2ccccc2C3)cc1,train
CHEMBL2047251,COc1cccc(Nc2nc(N)nc3c2-c2ccccc2C3)c1,NLHWLKWHFRIZDW,-1,-1,0,c1ccc(Nc2ncnc3c2-c2ccccc2C3)cc1,train
CHEMBL206915,COc1ccc2[nH]c(C(=O)c3cc4ccc(Cl)cc4[nH]3)cc2c1,KIMDGYAOGPHBKP,-1,-1,1,O=C(c1cc2ccccc2[nH]1)c1cc2ccccc2[nH]1,train
CHEMBL207858,Cc1cccc2[nH]c(C(=O)c3cc4cc(O)ccc4[nH]3)cc12,QNNCAUNEIPNZAQ,-1,-1,1,O=C(c1cc2ccccc2[nH]1)c1cc2ccccc2[nH]1,train
CHEMBL2180604,Cc1cc(C(=O)Nc2cc(Oc3ccc4nc(NC(=O)C5CC5)cn4n3)ccc2C)n(C)n1,DZFZXPPHBWCXPQ,-1,-1,1,O=C(Nc1cccc(Oc2ccc3nc(NC(=O)C4CC4)cn3n2)c1)c1ccn[nH]1,train
CHEMBL218597,Cc1cccc(C)c1-c1cc(C)c2nc(Nc3cccc(S(N)(=O)=O)c3)nnc2c1,SPIJTKBVKZDMNI,-1,-1,1,c1ccc(Nc2nnc3cc(-c4ccccc4)ccc3n2)cc1,train
CHEMBL230816,Cc1cc2nc(Nc3ccc(S(=O)(=O)NCCN4CCCC4)cc3)nnc2cc1-c1c(C)cccc1C,BSJIKWAUGXTMRQ,-1,-1,1,O=S(=O)(NCCN1CCCC1)c1ccc(Nc2nnc3cc(-c4ccccc4)ccc3n2)cc1,train
CHEMBL231218,Cc1cccc(C)c1-c1cc(C)c2nc(Nc3ccc(S(=O)(=O)NCCN4CCCC4)cc3)nnc2c1,DYHVAHJSHIYCLL,-1,-1,1,O=S(=O)(NCCN1CCCC1)c1ccc(Nc2nnc3cc(-c4ccccc4)ccc3n2)cc1,train
CHEMBL231237,Cc1ccccc1-c1cc2nnc(Nc3ccc(S(=O)(=O)NCCN4CCCC4)cc3)nc2cc1C,RMUPVRXJXNJUAA,-1,-1,1,O=S(=O)(NCCN1CCCC1)c1ccc(Nc2nnc3cc(-c4ccccc4)ccc3n2)cc1,train
CHEMBL231251,CC(=O)Nc1cc(-c2c(C)cccc2C)cc2nnc(Nc3ccc(OCCN4CCCC4)cc3)nc12,BCAHGWFHBBMPHP,-1,-1,1,c1ccc(-c2ccc3nc(Nc4ccc(OCCN5CCCC5)cc4)nnc3c2)cc1,train
CHEMBL231526,COc1cc(OC)cc(-c2ccc3c(c2)NC(=O)/C3=C\c2[nH]c(C)c(CCC(=O)O)c2C)c1,ZIZSHSPAAJIYOD,-1,-1,1,O=C1Nc2cc(-c3ccccc3)ccc2C1=Cc1ccc[nH]1,train
CHEMBL2332119,NC(=O)C1=C(N)C(=O)C=C(Nc2ccccc2O)C1=O,PAYLFJFRBIHGBV,-1,-1,1,O=C1C=CC(=O)C(Nc2ccccc2)=C1,train
CHEMBL2335015,CC(C)(C)C(=O)Nc1nc(Nc2ccc(F)c(Br)c2)c2cc(CCc3ccccn3)[nH]c2n1,YVZYNRNDTAXXKA,-1,-1,0,c1ccc(Nc2ncnc3[nH]c(CCc4ccccn4)cc23)cc1,train
CHEMBL2335017,C#Cc1cccc(Nc2nc(NC(=O)C(C)(C)C)nc3[nH]c(CCc4ccccn4)cc23)c1,KVGUDVKUMFSIEI,-1,-1,0,c1ccc(Nc2ncnc3[nH]c(CCc4ccccn4)cc23)cc1,train
CHEMBL2335376,Nc1nc(Nc2cccc(Br)c2)c2cc(CCc3ccccn3)[nH]c2n1,IHMGTTHADPULSV,-1,-1,0,c1ccc(Nc2ncnc3[nH]c(CCc4ccccn4)cc23)cc1,train
CHEMBL2335379,C#Cc1cccc(Nc2nc(N)nc3[nH]c(CCc4ccccn4)cc23)c1,ZTFKHKPWTHOZSC,-1,-1,0,c1ccc(Nc2ncnc3[nH]c(CCc4ccccn4)cc23)cc1,train
CHEMBL2337363,Nc1nc(Nc2ccc(Cl)cc2)c2c(n1)[nH]c1cccc(Cl)c12,VJQBMSSVRPHXIT,-1,-1,0,c1ccc(Nc2ncnc3[nH]c4ccccc4c23)cc1,train
CHEMBL2337365,Nc1nc(Nc2cccc(F)c2)c2c(n1)[nH]c1cccc(Cl)c12,HYNWOJWHDVBYOE,-1,-1,0,c1ccc(Nc2ncnc3[nH]c4ccccc4c23)cc1,train
CHEMBL2337366,COc1cccc(Nc2nc(N)nc3[nH]c4cccc(Cl)c4c23)c1,WAXJONPSDKJXDR,-1,-1,0,c1ccc(Nc2ncnc3[nH]c4ccccc4c23)cc1,train
CHEMBL2337367,CC(C)(C)C(=O)Nc1nc(Nc2ccccc2)c2c(n1)[nH]c1cccc(Cl)c12,BCUHRSRTCIJILL,-1,-1,0,c1ccc(Nc2ncnc3[nH]c4ccccc4c23)cc1,train
CHEMBL2337370,CC(C)(C)C(=O)Nc1nc(Nc2ccc(Cl)cc2F)c2c(n1)[nH]c1cccc(Cl)c12,RRMYLYIWCKITOG,-1,-1,0,c1ccc(Nc2ncnc3[nH]c4ccccc4c23)cc1,train
CHEMBL2337372,COc1cccc(Nc2nc(NC(=O)C(C)(C)C)nc3[nH]c4cccc(Cl)c4c23)c1,ZEDKJXMVVWZHSC,-1,-1,0,c1ccc(Nc2ncnc3[nH]c4ccccc4c23)cc1,train
CHEMBL2420866,COc1ccc2c(c1)CCCN2c1nc(C)nc2ccccc12,SDVCOWGIPMODEC,-1,-1,1,c1ccc2c(c1)CCCN2c1ncnc2ccccc12,train
CHEMBL2420867,COc1ccc2c(c1)CCCN2c1nc(Cl)nc2ccccc12,BJGUNGDUBFAZJF,-1,-1,1,c1ccc2c(c1)CCCN2c1ncnc2ccccc12,train
CHEMBL2430263,CCN(CC)CCNC(=O)c1c(C)[nH]c2c1CCC/C2=C1/C(=O)Nc2ccccc21,XGMYYQGDFNTKKV,-1,-1,1,O=C1Nc2ccccc2C1=C1CCCc2cc[nH]c21,train
CHEMBL256570,Clc1ccc2ncc(-c3cccc(NC4CCNCC4)n3)n2c1,TWWKXZDIDHDHRF,-1,-1,1,c1cc(NC2CCNCC2)nc(-c2cnc3ccccn23)c1,train
CHEMBL262249,COc1cc2c(cc1OC)-c1n[nH]c(Nc3cc(Cl)cc(Cl)c3)c1C2,QFIWPWLAAMCUAQ,-1,-1,1,c1ccc(Nc2[nH]nc3c2Cc2ccccc2-3)cc1,train
CHEMBL268731,Cc1[nH]c(/C=C2\C(=O)Nc3ccc(F)cc32)c(C)c1C(=O)NCc1ccncc1,DIKCCHQBRVVDJR,-1,-1,1,O=C1Nc2ccccc2C1=Cc1cc(C(=O)NCc2ccncc2)c[nH]1,train
CHEMBL274654,Cc1[nH]c(/C=C2\C(=O)Nc3ccccc32)c(C)c1CCC(=O)O,NHFDRBXTEDBWCZ,-1,-1,1,O=C1Nc2ccccc2C1=Cc1ccc[nH]1,train
CHEMBL275117,CCN(CC)CCNC(=O)c1c(C)[nH]c(/C=C2\C(=O)Nc3ccccc32)c1C,UJGXTMZILSGDLG,-1,-1,1,O=C1Nc2ccccc2C1=Cc1ccc[nH]1,train
CHEMBL292864,O=C1Nc2ccc(Br)cc2/C1=C/c1[nH]cc2c1CCOC2=O,NRXJRPGNKFISAO,-1,-1,0,O=C1Nc2ccccc2C1=Cc1[nH]cc2c1CCOC2=O,train
CHEMBL293712,CNS(=O)(=O)c1ccc2c(c1)/C(=C/c1[nH]c3c(c1CCCN1CCN(C)CC1)CCCC3)C(=O)N2,DHSWXTYFLRUXKS,-1,-1,0,O=C1Nc2ccccc2C1=Cc1[nH]c2c(c1CCCN1CCNCC1)CCCC2,train
CHEMBL300853,CCS(=O)(=O)c1ccc2c(c1)/C(=C/c1[nH]c3c(c1CCCN1CCN(CC(=O)O)CC1)CCCC3)C(=O)N2,USKFMBYPIMKTAD,-1,-1,0,O=C1Nc2ccccc2C1=Cc1[nH]c2c(c1CCCN1CCNCC1)CCCC2,train
CHEMBL304271,CCN(CC)CC(O)CNC(=O)c1cc(C)c(/C=C2\C(=O)Nc3ncnc(Nc4ccc(F)c(Cl)c4)c32)[nH]1,CBPCSPAXUJCCML,-1,-1,0,O=C1Nc2ncnc(Nc3ccccc3)c2C1=Cc1ccc[nH]1,train
CHEMBL313433,CCc1c(/C=C2\C(=O)Nc3ccccc32)[nH]c(C)c1C,HKJUJLRPOAIDLV,-1,-1,0,O=C1Nc2ccccc2C1=Cc1ccc[nH]1,train
CHEMBL313500,COc1ccc(-c2ccc3c(c2)NC(=O)/C3=C\c2cc3c([nH]2)CCCC3)cc1,DPKWEIZIBQDTFF,-1,-1,0,O=C1Nc2cc(-c3ccccc3)ccc2C1=Cc1cc2c([nH]1)CCCC2,train
CHEMBL313746,O=C1Nc2cc(-c3ccccc3)ccc2/C1=C/c1cc2c([nH]1)CCCC2,BCEALSZPAPLOJG,-1,-1,0,O=C1Nc2cc(-c3ccccc3)ccc2C1=Cc1cc2c([nH]1)CCCC2,train
CHEMBL313821,COc1ccccc1-c1ccc2c(c1)NC(=O)/C2=C\c1[nH]c2c(c1CCC(=O)O)CCCC2,JROBWQZZQGDCLF,-1,-1,1,O=C1Nc2cc(-c3ccccc3)ccc2C1=Cc1cc2c([nH]1)CCCC2,train
CHEMBL314995,O=C(O)CCc1c(/C=C2\C(=O)Nc3ccc(Br)cc32)[nH]c2c1CCCC2,OICXIBPVOXVRBW,-1,-1,1,O=C1Nc2ccccc2C1=Cc1cc2c([nH]1)CCCC2,train
CHEMBL315753,O=C(O)CCc1c(/C=C2\C(=O)Nc3ccccc32)[nH]c2c1CCCC2,NPNOMACTPXEJJY,-1,-1,1,O=C1Nc2ccccc2C1=Cc1cc2c([nH]1)CCCC2,train
CHEMBL316009,COC(=O)CCc1c[nH]c(/C=C2\C(=O)Nc3ccccc32)c1C,VRMXPMBMTRWBBB,-1,-1,0,O=C1Nc2ccccc2C1=Cc1ccc[nH]1,train
CHEMBL316770,COc1cc2ncnc(N3CCN(C(=O)Nc4ccccc4)CC3)c2cc1OC,IOBJUORGEFFXQH,-1,-1,0,O=C(Nc1ccccc1)N1CCN(c2ncnc3ccccc23)CC1,train
CHEMBL317401,CCOC(=O)c1ccc(NC(=O)N2CCN(c3ncnc4cc(OC)c(OC)cc34)CC2)cc1,SBRLCMBVANZVEY,-1,-1,1,O=C(Nc1ccccc1)N1CCN(c2ncnc3ccccc23)CC1,train
CHEMBL319024,COc1cc2ncnc(N3CCN(/C(S)=N\c4ccc(Cl)c([N+](=O)[O-])c4)CC3)c2cc1OC,GNGBIGUXPLIBAG,-1,-1,1,C(=Nc1ccccc1)N1CCN(c2ncnc3ccccc23)CC1,train
CHEMBL321990,COc1cc2ncnc(N3CCN(C(=O)Nc4ccc(Nc5ccccc5)cc4)CC3)c2cc1OC,YNYNSVOKOUPRMN,-1,-1,1,O=C(Nc1ccc(Nc2ccccc2)cc1)N1CCN(c2ncnc3ccccc23)CC1,train
CHEMBL322464,COc1cc2ncnc(N3CCN(C(=O)Nc4ccc(Cl)cc4Cl)CC3)c2cc1OC,PEEYCZZGRFMAMQ,-1,-1,0,O=C(Nc1ccccc1)N1CCN(c2ncnc3ccccc23)CC1,train
CHEMBL322659,COc1cc2ncnc(N3CCN(/C(S)=N\c4cccc([N+](=O)[O-])c4)CC3)c2cc1OC,PXEYYEVRVVHFMR,-1,-1,1,C(=Nc1ccccc1)N1CCN(c2ncnc3ccccc23)CC1,train
CHEMBL329367,CN(C)c1ccc(/C=C2\C(=O)Nc3cc(F)ccc32)cc1,LOKIDPYAWKSLHG,-1,-1,0,O=C1Nc2ccccc2C1=Cc1ccccc1,train
CHEMBL3297892,C#Cc1cccc(Nc2nc(C)nc3oc(C)cc23)c1,LYSQWVNEFZTXHD,-1,-1,1,c1ccc(Nc2ncnc3occc23)cc1,train
CHEMBL3297893,Cc1nc(Nc2ccc(C(F)(F)F)cc2)c2cc(C)oc2n1,FSSSCYOUDUBIGP,-1,-1,1,c1ccc(Nc2ncnc3occc23)cc1,train
CHEMBL3297896,Cc1nc(Nc2cccc3[nH]ccc23)c2cc(C)oc2n1,ZSCAQLQIHHLYDC,-1,-1,1,c1cc(Nc2ncnc3occc23)c2cc[nH]c2c1,train
CHEMBL3297897,COc1ccc(Nc2nc(C)nc3oc(C)cc23)cc1,SFTLZKDAWSMUNG,-1,-1,1,c1ccc(Nc2ncnc3occc23)cc1,train
CHEMBL3297898,COc1ccc(N(C)c2nc(C)nc3oc(C)cc23)cc1,KVMLMFRXRZLEGU,-1,-1,1,c1ccc(Nc2ncnc3occc23)cc1,train
CHEMBL3297899,CCN(c1ccc(OC)cc1)c1nc(C)nc2oc(C)cc12,HFGGBALVQWJPIV,-1,-1,1,c1ccc(Nc2ncnc3occc23)cc1,train
CHEMBL3297900,CCCN(c1ccc(OC)cc1)c1nc(C)nc2oc(C)cc12,QPQFPSZHEIFSMF,-1,-1,1,c1ccc(Nc2ncnc3occc23)cc1,train
CHEMBL3297998,CCCCN(c1ccc(OC)cc1)c1nc(C)nc2oc(C)cc12,FPTCDUYOZYIIST,-1,-1,1,c1ccc(Nc2ncnc3occc23)cc1,train
CHEMBL3297999,COc1ccc(N(c2nc(C)nc3oc(C)cc23)C(C)C)cc1,XCQKFUQOEIHSBV,-1,-1,1,c1ccc(Nc2ncnc3occc23)cc1,train
CHEMBL3298000,COc1ccc(N(C)c2nc(C)nc3oc(C)cc23)cc1.Cl,WZIIUILMMRGPJL,-1,-1,1,c1ccc(Nc2ncnc3occc23)cc1,train
CHEMBL331760,COc1cc2c(cc1OC)-c1n[nH]c(Nc3cccc(C)c3)c1C2,WDJRVICSQLWOGN,-1,-1,1,c1ccc(Nc2[nH]nc3c2Cc2ccccc2-3)cc1,train
CHEMBL3322563,O=C(CC(=O)Nc1ccc2c(c1)NC(=O)/C2=C\c1ccc[nH]1)Nc1ccc(F)cc1,LILXUVCZUBSSFA,-1,-1,1,O=C(CC(=O)Nc1ccc2c(c1)NC(=O)C2=Cc1ccc[nH]1)Nc1ccccc1,train
CHEMBL3322564,COc1ccc(NC(=O)CC(=O)Nc2ccc3c(c2)NC(=O)/C3=C\c2ccc[nH]2)cc1,KYUVHMJSNAFPKK,-1,-1,1,O=C(CC(=O)Nc1ccc2c(c1)NC(=O)C2=Cc1ccc[nH]1)Nc1ccccc1,train
CHEMBL3322565,COc1ccc(NC(=O)CC(=O)Nc2ccc3c(c2)NC(=O)/C3=C\c2[nH]c(C)c(C(=O)O)c2C)cc1,LFKPJUFFMOTFRX,-1,-1,1,O=C(CC(=O)Nc1ccc2c(c1)NC(=O)C2=Cc1ccc[nH]1)Nc1ccccc1,train
CHEMBL3322566,COc1ccc(NC(=O)CC(=O)Nc2ccc3c(c2)NC(=O)/C3=C\c2[nH]c(C)c(C(=O)NCCN3CCCC3)c2C)cc1,HYDSSXBBNYALNP,-1,-1,1,O=C(CC(=O)Nc1ccc2c(c1)NC(=O)C2=Cc1cc(C(=O)NCCN2CCCC2)c[nH]1)Nc1ccccc1,train
CHEMBL332375,COC(=O)c1cccc(Nc2[nH]nc3c2Cc2cc(OC)c(OC)cc2-3)c1,SMLHMBXAZLBCAX,-1,-1,1,c1ccc(Nc2[nH]nc3c2Cc2ccccc2-3)cc1,train
CHEMBL333648,COc1cc2c(N3CCN(C(=O)Nc4ccc(C#N)cc4)CC3)ncnc2cc1OCCN1CCC(=O)CC1,YLQKOPPUCGGIGD,-1,-1,1,O=C1CCN(CCOc2ccc3c(N4CCN(C(=O)Nc5ccccc5)CC4)ncnc3c2)CC1,train
CHEMBL3358968,COc1ccc(-c2nc(-c3c[nH]c4ccccc34)c[nH]c2=O)cc1,BJJZRZDESBEILL,-1,-1,0,O=c1[nH]cc(-c2c[nH]c3ccccc23)nc1-c1ccccc1,train
CHEMBL3358975,O=c1[nH]cc(-c2c[nH]c3ccccc23)nc1-c1ccc(F)cc1,GMZJZNLXZRFAOB,-1,-1,0,O=c1[nH]cc(-c2c[nH]c3ccccc23)nc1-c1ccccc1,train
CHEMBL3358976,CCc1ccc(-c2nc(-c3c[nH]c4ccccc34)c[nH]c2=O)cc1,NBFSHMQYEYELMX,-1,-1,0,O=c1[nH]cc(-c2c[nH]c3ccccc23)nc1-c1ccccc1,train
CHEMBL3358977,COc1cc(-c2nc(-c3c[nH]c4ccc(O)cc34)c[nH]c2=O)cc(OC)c1OC,ILINNDGNZFNSHG,-1,-1,1,O=c1[nH]cc(-c2c[nH]c3ccccc23)nc1-c1ccccc1,train
CHEMBL3358978,COc1cc(-c2nc(-c3c[nH]c4ccc(C)cc34)c[nH]c2=O)cc(OC)c1OC,BAJXJKMGTOHSDZ,-1,-1,1,O=c1[nH]cc(-c2c[nH]c3ccccc23)nc1-c1ccccc1,train
CHEMBL3358979,COc1cc(-c2nc(-c3cn(C)c4ccccc34)c[nH]c2=O)cc(OC)c1OC,JOGPBZFNAVWJTP,-1,-1,0,O=c1[nH]cc(-c2c[nH]c3ccccc23)nc1-c1ccccc1,train
CHEMBL3358980,COc1cc(-c2nc(-c3c[nH]c4cc(F)ccc34)c[nH]c2=O)cc(OC)c1OC,ISYMPXVGTFBLQG,-1,-1,0,O=c1[nH]cc(-c2c[nH]c3ccccc23)nc1-c1ccccc1,train
CHEMBL3358984,COc1cc(-c2nc(-c3cnc4ccccc4c3)c[nH]c2=O)cc(OC)c1OC,RYGQNCTZNULCOL,-1,-1,0,O=c1[nH]cc(-c2cnc3ccccc3c2)nc1-c1ccccc1,train
CHEMBL3358985,COc1cc(-c2nc(-c3cccc4ccccc34)c[nH]c2=O)cc(OC)c1OC,IGHPALICTFKDJB,-1,-1,1,O=c1[nH]cc(-c2cccc3ccccc23)nc1-c1ccccc1,train
CHEMBL3358991,COc1ccc(-c2c[nH]c(=O)c(-c3cc(OC)c(OC)c(OC)c3)n2)cc1,DZLJQGOPPJWNBC,-1,-1,0,O=c1[nH]cc(-c2ccccc2)nc1-c1ccccc1,train
CHEMBL3358993,COc1cc(-c2nc(-c3ccc(Cl)cc3)c[nH]c2=O)cc(OC)c1OC,COFNYVWCHZZZJI,-1,-1,0,O=c1[nH]cc(-c2ccccc2)nc1-c1ccccc1,train
CHEMBL3358994,COc1cc(-c2nc(-c3cccc(Cl)c3)c[nH]c2=O)cc(OC)c1OC,TVHBNAVDYMOCTJ,-1,-1,1,O=c1[nH]cc(-c2ccccc2)nc1-c1ccccc1,train
CHEMBL3358998,COc1ccc(-c2c[nH]c(=O)c(-c3cc(OC)c(OC)c(OC)c3)n2)c(F)c1,PSCDMLVKUZZXAS,-1,-1,0,O=c1[nH]cc(-c2ccccc2)nc1-c1ccccc1,train
CHEMBL338330,COCCOc1cc2c(N3CCN(C(=O)Nc4ccc(OC(C)C)cc4)CC3)ncnc2cc1OCCN1CCCC1,MNVYQZRCGVZHNJ,-1,-1,1,O=C(Nc1ccccc1)N1CCN(c2ncnc3cc(OCCN4CCCC4)ccc23)CC1,train
CHEMBL338597,COc1cc2c(N3CCN(C(=O)Nc4ccc(C#N)cc4)CC3)ncnc2cc1OCCCN1CCCCC1,AZGVWHZPJQNGGN,-1,-1,1,O=C(Nc1ccccc1)N1CCN(c2ncnc3cc(OCCCN4CCCCC4)ccc23)CC1,train
CHEMBL339403,COc1cc2c(N3CCN(C(=O)Nc4ccc(OC(C)C)cc4)CC3)ncnc2cc1OCCCS(=O)(=O)CCC(C)C,WTFQTDJXZDGOHR,-1,-1,1,O=C(Nc1ccccc1)N1CCN(c2ncnc3ccccc23)CC1,train
CHEMBL339685,COCCOc1cc2ncnc(N3CCN(C(=O)Nc4ccc(Oc5ccccc5)cc4)CC3)c2cc1OC,LMKMUVLPGIGOSF,-1,-1,1,O=C(Nc1ccc(Oc2ccccc2)cc1)N1CCN(c2ncnc3ccccc23)CC1,train
CHEMBL340137,COCCOc1cc2ncnc(N3CCN(C(=O)Nc4ccc(Oc5ccc(C)cc5)cc4)CC3)c2cc1OCCOC,SLAQSCINOGHRAR,-1,-1,1,O=C(Nc1ccc(Oc2ccccc2)cc1)N1CCN(c2ncnc3ccccc23)CC1,train
CHEMBL340144,CCS(=O)(=O)CCCOc1cc2ncnc(N3CCN(C(=O)Nc4ccc(OC(C)C)cc4)CC3)c2cc1OC,UGCKGZAGSUTTKH,-1,-1,1,O=C(Nc1ccccc1)N1CCN(c2ncnc3ccccc23)CC1,train
CHEMBL340234,COc1cc2c(N3CCN(C(=O)Nc4ccc(OC(C)C)cc4)CC3)ncnc2cc1OCCCN(C)C,XMCHTTMWEWKGDC,-1,-1,1,O=C(Nc1ccccc1)N1CCN(c2ncnc3ccccc23)CC1,train
CHEMBL340235,COc1cc2c(N3CCN(C(=O)Nc4ccc(C#N)cc4)CC3)ncnc2cc1OCCN1CCCCC1,NAICBUGWESMBMT,-1,-1,1,O=C(Nc1ccccc1)N1CCN(c2ncnc3cc(OCCN4CCCCC4)ccc23)CC1,train
CHEMBL3403509,COc1ccc(N(C)c2nc(C)nc3oc(C)cc23)c(OC)c1,ZTPYIOAESPUXFH,-1,-1,1,c1ccc(Nc2ncnc3occc23)cc1,train
CHEMBL3403510,COc1ccc(N(C)c2nc(C)nc3oc(C)cc23)cc1OC,WBIIAZNRHKEMQF,-1,-1,1,c1ccc(Nc2ncnc3occc23)cc1,train
CHEMBL3403511,COc1cc(N(C)c2nc(C)nc3oc(C)cc23)cc(OC)c1OC,GNKOYELZMMGVRH,-1,-1,1,c1ccc(Nc2ncnc3occc23)cc1,train
CHEMBL3403513,Cc1nc(N(C)c2ccc3c(c2)CCO3)c2cc(C)oc2n1,ZLSQRDSMJBPDCF,-1,-1,1,c1nc(Nc2ccc3c(c2)CCO3)c2ccoc2n1,train
CHEMBL3403514,Cc1nc(N(C)c2ccc3occc3c2)c2cc(C)oc2n1,VJPNHYPQDUWYAM,-1,-1,1,c1nc(Nc2ccc3occc3c2)c2ccoc2n1,train
CHEMBL3403517,COc1ccc2c(c1)CCCN2c1nc(C)nc2oc(C)cc12,OYHXDIYGCSLVFT,-1,-1,1,c1ccc2c(c1)CCCN2c1ncnc2occc12,train
CHEMBL3403518,Cc1nc(N(C)c2ccc(OC(C)C)cc2)c2cc(C)oc2n1,NTMALOHZZAUBAI,-1,-1,1,c1ccc(Nc2ncnc3occc23)cc1,train
CHEMBL3403519,CCOc1ccc(N(C)c2nc(C)nc3oc(C)cc23)cc1,VTLMUUYKCYKXDZ,-1,-1,1,c1ccc(Nc2ncnc3occc23)cc1,train
CHEMBL341239,COCCOc1cc2c(N3CCN(C(=O)Nc4ccc(C#N)cc4)CC3)ncnc2cc1OCCN1CCCCC1,CRUSCVHGWRDRGJ,-1,-1,1,O=C(Nc1ccccc1)N1CCN(c2ncnc3cc(OCCN4CCCCC4)ccc23)CC1,train
CHEMBL341258,COCCOc1cc2ncnc(N3CCN(C(=O)Nc4ccc(C(C)(C)C)cc4)CC3)c2cc1OCCOC,VUPVZTSBVJMKOY,-1,-1,1,O=C(Nc1ccccc1)N1CCN(c2ncnc3ccccc23)CC1,train
CHEMBL341489,COc1cc2c(N3CCN(C(=O)Nc4ccc(C#N)cc4)CC3)ncnc2cc1OCCN1CCSCC1,JPUPKPIMQADTRZ,-1,-1,1,O=C(Nc1ccccc1)N1CCN(c2ncnc3cc(OCCN4CCSCC4)ccc23)CC1,train
CHEMBL342280,CCCn1c(=O)n(CCC)c2cc3c(N4CCN(C(=O)Nc5ccc(Oc6ccccc6)cc5)CC4)ncnc3cc21,UJAXJPKZSZPTRE,-1,-1,0,O=C(Nc1ccc(Oc2ccccc2)cc1)N1CCN(c2ncnc3cc4[nH]c(=O)[nH]c4cc23)CC1,train
CHEMBL342515,C=CCOc1cc2ncnc(N3CCN(C(=O)Nc4ccc(Oc5ccccc5)cc4)CC3)c2cc1OC,MPDJGCLHGADASW,-1,-1,1,O=C(Nc1ccc(Oc2ccccc2)cc1)N1CCN(c2ncnc3ccccc23)CC1,train
CHEMBL343209,CCOCCOc1cc2ncnc(N3CCN(C(=O)Nc4ccc(Oc5ccccc5)cc4)CC3)c2cc1OC,VNLLLZLKLXXVLS,-1,-1,1,O=C(Nc1ccc(Oc2ccccc2)cc1)N1CCN(c2ncnc3ccccc23)CC1,train
CHEMBL344091,COc1cc2ncnc(N3CCN(C(=O)Nc4ccc(Oc5ccccc5)cc4)CC3)c2cc1OS(C)(=O)=O,BFZTXYLOHPXTMG,-1,-1,1,O=C(Nc1ccc(Oc2ccccc2)cc1)N1CCN(c2ncnc3ccccc23)CC1,train
CHEMBL344319,Cc1c(CCC(=O)O)c[nH]c1/C=C1\C(=O)Nc2ccccc21,XZLCDAKBNFQCMU,-1,-1,1,O=C1Nc2ccccc2C1=Cc1ccc[nH]1,train
CHEMBL344962,C=CCOc1cc2c(N3CCN(C(=O)Nc4ccc(Oc5ccccc5)cc4)CC3)ncnc2cc1OC,AVFUYULYQSLTJC,-1,-1,1,O=C(Nc1ccc(Oc2ccccc2)cc1)N1CCN(c2ncnc3ccccc23)CC1,train
CHEMBL347074,Cc1c(CCC(=O)O)c[nH]c1/C=C1\C(=O)Nc2cc(-c3ccccc3)ccc21,CEFJMJRPRONXNH,-1,-1,1,O=C1Nc2cc(-c3ccccc3)ccc2C1=Cc1ccc[nH]1,train
CHEMBL356245,COc1ccc2c(c1)NC(=O)/C2=C\c1[nH]c(C)c(CCC(=O)O)c1C,IYOHDJYJJGGYFL,-1,-1,1,O=C1Nc2ccccc2C1=Cc1ccc[nH]1,train
CHEMBL356715,O=C(Nc1ccc(Oc2ccccc2)cc1)N1CCN(c2ccnc3ccc(Cl)cc23)CC1,MASAQKHIEJFYPD,-1,-1,1,O=C(Nc1ccc(Oc2ccccc2)cc1)N1CCN(c2ccnc3ccccc23)CC1,train
CHEMBL357673,CCOC(=O)c1cnc2cc(OC)c(OC)cc2c1N1CCN(C(=O)Nc2ccc(Oc3ccccc3)cc2)CC1,OXQANJZLBBDTKW,-1,-1,1,O=C(Nc1ccc(Oc2ccccc2)cc1)N1CCN(c2ccnc3ccccc23)CC1,train
CHEMBL357803,Cc1[nH]c(/C=C2\C(=O)Nc3ccc(Br)cc32)c(C)c1CCC(=O)O,CQXPYMNBBOWLME,-1,-1,1,O=C1Nc2ccccc2C1=Cc1ccc[nH]1,train
CHEMBL358728,COc1cccc(-c2ccc3c(c2)NC(=O)/C3=C\c2[nH]c(C)c(CCC(=O)O)c2C)c1,XLHWOGDAUMWGHR,-1,-1,1,O=C1Nc2cc(-c3ccccc3)ccc2C1=Cc1ccc[nH]1,train
CHEMBL359194,O=C(Nc1ccc(Oc2ccccc2)cc1)N1CCN(c2ccnc3cc(C(F)(F)F)ccc23)CC1,VNFPJNRINGAMEJ,-1,-1,1,O=C(Nc1ccc(Oc2ccccc2)cc1)N1CCN(c2ccnc3ccccc23)CC1,train
CHEMBL359229,COc1cc2c(N3CCN(C(=O)Nc4ccc(Oc5ccccc5)cc4)CC3)ncnc2cc1C,XZKSPTBEYGRIAW,-1,-1,1,O=C(Nc1ccc(Oc2ccccc2)cc1)N1CCN(c2ncnc3ccccc23)CC1,train
CHEMBL360190,O=C1N/C=C/c2ccc(c(Br)c2)Oc2cc(cc(Br)c2O)CCNC(=O)/C(=N/O)Cc2ccc(c(Br)c2)Oc2cc(cc(Br)c2O)C/C1=N\O,ZDBNBLMYAGHTJD,-1,-1,0,N=C1Cc2cccc(c2)Oc2ccc(cc2)CC(=N)C(=O)NCCc2cccc(c2)Oc2ccc(cc2)C=CNC1=O,train
CHEMBL3604205,COc1ccc2c(c1)CCCN2c1ncnc2ccccc12,MHEDOFSFNFEZFX,-1,-1,1,c1ccc2c(c1)CCCN2c1ncnc2ccccc12,train
CHEMBL360756,COc1cc2c(N3CCN(/C(S)=N\Cc4ccc(C(F)(F)F)nc4)CC3)ncnc2cc1OCCCN1CCOCC1,OIXITZJTKPFAKB,-1,-1,1,C(=NCc1cccnc1)N1CCN(c2ncnc3cc(OCCCN4CCOCC4)ccc23)CC1,train
CHEMBL361517,COc1cc2c(N3CCN(/C(S)=N\Cc4ccc(C(F)(F)F)nc4)CC3)ncnc2cc1OCCCN1CCCCC1,FEZCTGKTBYZGTN,-1,-1,1,C(=NCc1cccnc1)N1CCN(c2ncnc3cc(OCCCN4CCCCC4)ccc23)CC1,train
CHEMBL3621294,O=C(CCCCCCC(=O)Nc1ccc2c(c1)/C(=C/c1ccc[nH]1)C(=O)N2)NO,BYONQPGKUFXDPQ,-1,-1,1,O=C1Nc2ccccc2C1=Cc1ccc[nH]1,train
CHEMBL3621296,O=C(CCCCC(=O)Nc1ccc2c(c1)/C(=C/c1ccc[nH]1)C(=O)N2)NO,HGMBPYABKCFTMP,-1,-1,1,O=C1Nc2ccccc2C1=Cc1ccc[nH]1,train
CHEMBL3621299,CSCCCNC(=O)c1ccc2c(c1)/C(=C/c1[nH]c(C)cc1C)C(=O)N2,ABLAJTWOWSSMFU,-1,-1,1,O=C1Nc2ccccc2C1=Cc1ccc[nH]1,train
CHEMBL363083,COc1cc2c(N3CCN(/C(S)=N\c4ccc(-c5ccccc5)nc4)CC3)c(C#N)cnc2cc1OCCCN1CCCCC1,UXHUNXDZZALRBJ,-1,-1,1,C(=Nc1ccc(-c2ccccc2)nc1)N1CCN(c2ccnc3cc(OCCCN4CCCCC4)ccc23)CC1,train
CHEMBL3644550,Cc1cccc(NC(=O)Nc2ccc(N3CCc4ccncc4C3)c(C)c2)c1,HMQWFQHVYCBHFE,-1,-1,1,O=C(Nc1ccccc1)Nc1ccc(N2CCc3ccncc3C2)cc1,train
CHEMBL3644552,CC(C)c1cccc(NC(=O)c2cccc(N3CCc4ccncc4C3)c2)c1,RHNRCAGSWLRFCY,-1,-1,1,O=C(Nc1ccccc1)c1cccc(N2CCc3ccncc3C2)c1,train
CHEMBL3644553,COC(=O)c1cncc2c1CCN(c1cccc(C(=O)Nc3cccc(C(C)C)c3)c1)C2,HTJCJGPUYPCIIH,-1,-1,1,O=C(Nc1ccccc1)c1cccc(N2CCc3ccncc3C2)c1,train
CHEMBL3644560,Nc1ncc2c(n1)CCN(c1cccc(C(=O)Nc3ccc(F)c(C(F)(F)F)c3)c1)C2,QSZWCFNHVHQHSX,-1,-1,1,O=C(Nc1ccccc1)c1cccc(N2CCc3ncncc3C2)c1,train
CHEMBL3648035,Cc1cc(O)cc(C)c1-c1cc(C)c2nc(Nc3ccc(OCCN4CCCC4)cc3)nnc2c1,WSBLEXWNOGBBAD,-1,-1,1,c1ccc(-c2ccc3nc(Nc4ccc(OCCN5CCCC5)cc4)nnc3c2)cc1,train
CHEMBL3648037,Cc1cccc(C)c1-c1cc(C)c2nc(Nc3ccc(OCCCN4CCN(C)CC4)cc3)nnc2c1,BJSOLGJICLKREX,-1,-1,1,c1ccc(-c2ccc3nc(Nc4ccc(OCCCN5CCNCC5)cc4)nnc3c2)cc1,train
CHEMBL3648058,Cc1cccc(C)c1-c1cc(C)c2nc(Nc3ccc(C(=O)NCCN4CCCC4)o3)nnc2c1,NDUAHACMVSARNG,-1,-1,1,O=C(NCCN1CCCC1)c1ccc(Nc2nnc3cc(-c4ccccc4)ccc3n2)o1,train
CHEMBL3651202,COc1ccc(Cl)c(-c2cc3nnc(Nc4ccc(C(=O)N5CCN(C)CC5)cc4)nc3cc2C)c1,IOELWNQBJITVMV,-1,-1,1,O=C(c1ccc(Nc2nnc3cc(-c4ccccc4)ccc3n2)cc1)N1CCNCC1,train
CHEMBL3651206,Cc1ccc(Cl)cc1-c1cc2nnc(Nc3ccc(C(=O)N4CCN(C)CC4)cc3)nc2cc1C,ITLNVPRPOQCABR,-1,-1,1,O=C(c1ccc(Nc2nnc3cc(-c4ccccc4)ccc3n2)cc1)N1CCNCC1,train
CHEMBL3651210,Cc1cc2nc(Nc3ccc(C(=O)N4CCN(C)CC4)cc3)nnc2cc1-c1cc(O)ccc1Cl,CPKWNMKGJMCCPZ,-1,-1,1,O=C(c1ccc(Nc2nnc3cc(-c4ccccc4)ccc3n2)cc1)N1CCNCC1,train
CHEMBL3651212,Cc1ccc(F)cc1-c1cc2nnc(Nc3ccc(OCCN4CCCC4)cc3)nc2cc1C,PWKWAGIBTGYEHC,-1,-1,1,c1ccc(-c2ccc3nc(Nc4ccc(OCCN5CCCC5)cc4)nnc3c2)cc1,train
CHEMBL3651217,Cc1cc2nc(Nc3ccc(OCCN4CCCC4)cc3)nnc2cc1-c1cccc(O)c1,OUHRROUUMISCGY,-1,-1,1,c1ccc(-c2ccc3nc(Nc4ccc(OCCN5CCCC5)cc4)nnc3c2)cc1,train
CHEMBL3651225,Cc1cc(-c2cc(O)ccc2Cl)cc2nnc(Nc3ccc(C(=O)NCCN4CCCC4)o3)nc12,ZDZUIAHQMAWKQF,-1,-1,1,O=C(NCCN1CCCC1)c1ccc(Nc2nnc3cc(-c4ccccc4)ccc3n2)o1,train
CHEMBL3651227,COc1cc2nc(Nc3ccc(S(=O)(=O)NCCN4CCCC4)cc3)nnc2cc1-c1ccccc1C,MISJXJNFFYOIPX,-1,-1,1,O=S(=O)(NCCN1CCCC1)c1ccc(Nc2nnc3cc(-c4ccccc4)ccc3n2)cc1,train
CHEMBL3651228,Cc1cc(-c2cc(O)ccc2Cl)cc2nnc(Nc3cccc(C(=O)NCCN(C)C)c3)nc12,QOVBTXBRBQUBBP,-1,-1,1,c1ccc(Nc2nnc3cc(-c4ccccc4)ccc3n2)cc1,train
CHEMBL3651236,Cc1cc(-c2cc(O)ccc2Cl)cc2nnc(Nc3cccc(N(C)C)c3)nc12,MZDZFBRVVPRKIT,-1,-1,1,c1ccc(Nc2nnc3cc(-c4ccccc4)ccc3n2)cc1,train
CHEMBL3651246,Cc1cc2nc(Nc3ccc(S(=O)(=O)NCCN4CCCC4)cc3)nnc2cc1-c1cc(O)ccc1Cl,XSYZCQDIHCJKAQ,-1,-1,1,O=S(=O)(NCCN1CCCC1)c1ccc(Nc2nnc3cc(-c4ccccc4)ccc3n2)cc1,train
CHEMBL3651249,Cc1cc(-c2cc(O)ccc2Cl)cc2nnc(Nc3ccc(N4CCOCC4)nc3)nc12,NYBNNHFUSGTOBH,-1,-1,1,c1ccc(-c2ccc3nc(Nc4ccc(N5CCOCC5)nc4)nnc3c2)cc1,train
CHEMBL3651257,Cc1cc2nc(Nc3ccc(OCCN4CCCC4)cc3)nnc2cc1-c1cc(O)ccc1Cl,SIUNALDMRGZQBR,-1,-1,1,c1ccc(-c2ccc3nc(Nc4ccc(OCCN5CCCC5)cc4)nnc3c2)cc1,train
CHEMBL3651298,Cc1cccc(C)c1-c1ccc2nc(Nc3cccc(S(=O)(=O)N4CCN(C)CC4)c3)nnc2c1,FYGLDEVPUHRIBV,-1,-1,1,O=S(=O)(c1cccc(Nc2nnc3cc(-c4ccccc4)ccc3n2)c1)N1CCNCC1,train
CHEMBL365271,COc1cc2c(N3CCN(/C(S)=N\Cc4ccc(Cl)nc4)CC3)ncnc2cc1OCCCN1CCCCC1,ZELUTGAIVPBDRM,-1,-1,1,C(=NCc1cccnc1)N1CCN(c2ncnc3cc(OCCCN4CCCCC4)ccc23)CC1,train
CHEMBL3690073,Cc1ccc(NC(=O)c2ccc3c(c2)CCC3N2CCN(C(=O)OC(C)(C)C)CC2)cc1Nc1nccc(-c2cccnc2)n1,PDJFRJFTKGLDDM,-1,-1,1,O=C(Nc1cccc(Nc2nccc(-c3cccnc3)n2)c1)c1ccc2c(c1)CCC2N1CCNCC1,train
CHEMBL3696072,NC(=O)c1c(-c2ccc(NC(=O)Nc3ccccc3)cc2)nsc1NC(=O)NCCCN1CCOCC1,DVMIIUOULRDNLG,-1,-1,1,O=C(Nc1ccccc1)Nc1ccc(-c2cc(NC(=O)NCCCN3CCOCC3)sn2)cc1,train
CHEMBL3696073,Cc1ccc(F)c(NC(=O)Nc2ccc(-c3nsc(NC(=O)NCCCN4CCOCC4)c3C(N)=O)cc2)c1,FAIYNQQPUQQMIC,-1,-1,1,O=C(Nc1ccccc1)Nc1ccc(-c2cc(NC(=O)NCCCN3CCOCC3)sn2)cc1,train
CHEMBL3696074,Cc1cccc(NC(=O)Nc2ccc(-c3nsc(NC(=O)NCCCN4CCOCC4)c3C(N)=O)cc2)c1,CNIWCJQSFDYIDI,-1,-1,1,O=C(Nc1ccccc1)Nc1ccc(-c2cc(NC(=O)NCCCN3CCOCC3)sn2)cc1,train
CHEMBL3696075,NC(=O)c1c(-c2ccc(NC(=O)Nc3cc(C(F)(F)F)ccc3F)cc2)nsc1NC(=O)NCCCN1CCOCC1,FWBUUGDBUKHCQX,-1,-1,1,O=C(Nc1ccccc1)Nc1ccc(-c2cc(NC(=O)NCCCN3CCOCC3)sn2)cc1,train
CHEMBL3696076,Cc1ccc(NC(=O)Nc2ccc(-c3nsc(NC(=O)NCCCN4CCOCC4)c3C(N)=O)cc2)cc1,HHPVWJJNJSJOLQ,-1,-1,1,O=C(Nc1ccccc1)Nc1ccc(-c2cc(NC(=O)NCCCN3CCOCC3)sn2)cc1,train
CHEMBL3696083,Cc1ccc(NC(=O)Nc2ccc(-c3nsc(NC(=O)NCCCC(=O)O)c3C(N)=O)cc2)cc1,LUIRMPBUMLMGFN,-1,-1,1,O=C(Nc1ccccc1)Nc1ccc(-c2ccsn2)cc1,train
CHEMBL3696084,Cc1ccc(NC(=O)Nc2ccc(-c3nsc(NC(=O)NCCCO)c3C(N)=O)cc2)cc1,NNBXSFREJXVASG,-1,-1,1,O=C(Nc1ccccc1)Nc1ccc(-c2ccsn2)cc1,train
CHEMBL3696087,Cc1ccc(NC(=O)Nc2ccc(-c3nsc(N)c3C(N)=O)cc2)cc1,ZJBJTRVSIRUZGZ,-1,-1,1,O=C(Nc1ccccc1)Nc1ccc(-c2ccsn2)cc1,train
CHEMBL3696088,Cc1ccc(F)c(NC(=O)Nc2ccc(-c3nsc(N)c3C(N)=O)cc2)c1,VJYLJSYNDVZYLY,-1,-1,1,O=C(Nc1ccccc1)Nc1ccc(-c2ccsn2)cc1,train
CHEMBL3696095,Cc1ccc(NC(=O)Nc2ccc(-c3nsc(NC(=O)NCCCN4CCCC4)c3C(N)=O)cc2)cc1,RCHBURXYVZCGRM,-1,-1,1,O=C(Nc1ccccc1)Nc1ccc(-c2cc(NC(=O)NCCCN3CCCC3)sn2)cc1,train
CHEMBL3702602,CC(C)c1cccc(NC(=O)c2cccc(N3CCc4nc(N)ncc4C3)c2)c1,YZZAMNMPGSDUTH,-1,-1,1,O=C(Nc1ccccc1)c1cccc(N2CCc3ncncc3C2)c1,train
CHEMBL3702603,Cc1cccc(NC(=O)c2cccc(N3CCc4nc(N)ncc4C3)c2)c1,VEWGOQRRTJGHDZ,-1,-1,1,O=C(Nc1ccccc1)c1cccc(N2CCc3ncncc3C2)c1,train
CHEMBL3702604,CC(C)(C)c1ccc(NC(=O)c2cccc(N3CCc4nc(N)ncc4C3)c2)cc1,ZPXXNLAUWXCOEK,-1,-1,1,O=C(Nc1ccccc1)c1cccc(N2CCc3ncncc3C2)c1,train
CHEMBL3702605,Nc1ncc2c(n1)CCN(c1cccc(C(=O)Nc3cccc(C(F)(F)F)c3)c1)C2,PRIKAWGHFGEEJC,-1,-1,1,O=C(Nc1ccccc1)c1cccc(N2CCc3ncncc3C2)c1,train
CHEMBL3702606,Cc1ccc(NC(=O)c2cccc(N3CCc4nc(N)ncc4C3)c2)cc1,IEHBHFAOIXJVED,-1,-1,1,O=C(Nc1ccccc1)c1cccc(N2CCc3ncncc3C2)c1,train
CHEMBL3702608,CCc1ccc(NC(=O)c2cccc(N3CCc4nc(N)ncc4C3)c2)cc1,YWKVPLVOXCITOE,-1,-1,1,O=C(Nc1ccccc1)c1cccc(N2CCc3ncncc3C2)c1,train
CHEMBL3702609,CCc1cccc(NC(=O)c2cccc(N3CCc4nc(N)ncc4C3)c2)c1,VHFZLHTWZZWIPV,-1,-1,1,O=C(Nc1ccccc1)c1cccc(N2CCc3ncncc3C2)c1,train
CHEMBL3702610,CCCc1ccc(NC(=O)c2cccc(N3CCc4nc(N)ncc4C3)c2)cc1,NWVUKAKEWKFDHG,-1,-1,1,O=C(Nc1ccccc1)c1cccc(N2CCc3ncncc3C2)c1,train
CHEMBL3702612,CC(C)c1ccc(NC(=O)c2cccc(N3CCc4nc(N)ncc4C3)c2)cc1,LQRFELZFGVSAHD,-1,-1,1,O=C(Nc1ccccc1)c1cccc(N2CCc3ncncc3C2)c1,train
CHEMBL3702661,Cc1ccc(C(=O)Nc2cccc(C(F)(F)F)c2)cc1N1CCc2nc(N)ncc2C1,TVTINSXYADVJDH,-1,-1,1,O=C(Nc1ccccc1)c1cccc(N2CCc3ncncc3C2)c1,train
CHEMBL3702662,Cc1cc(C(=O)Nc2cccc(C(F)(F)F)c2)cc(N2CCc3nc(N)ncc3C2)c1,LYMPBMGKFUQEMN,-1,-1,1,O=C(Nc1ccccc1)c1cccc(N2CCc3ncncc3C2)c1,train
CHEMBL3702663,Cc1ccc(C(=O)Nc2cccc(C(C)C)c2)cc1N1CCc2nc(N)ncc2C1,OFIGQJPITSATRF,-1,-1,1,O=C(Nc1ccccc1)c1cccc(N2CCc3ncncc3C2)c1,train
CHEMBL3702664,Cc1cc(C(=O)Nc2cccc(C(C)C)c2)cc(N2CCc3nc(N)ncc3C2)c1,HISHBLLIUXOENA,-1,-1,1,O=C(Nc1ccccc1)c1cccc(N2CCc3ncncc3C2)c1,train
CHEMBL371910,COc1cccc2c1Cc1c-2n[nH]c1Nc1ccccc1,UNYRTXMDRYRVPN,-1,-1,1,c1ccc(Nc2[nH]nc3c2Cc2ccccc2-3)cc1,train
CHEMBL371949,COc1ccc2c(c1)-c1n[nH]c(Nc3ccccc3)c1C2,NUQUNCWBUDTVNX,-1,-1,1,c1ccc(Nc2[nH]nc3c2Cc2ccccc2-3)cc1,train
CHEMBL374248,Cc1cccc(C)c1-c1cc(C)c2nc(Nc3ccccc3)nnc2c1,PLXYCTXKBDOHAI,-1,-1,1,c1ccc(Nc2nnc3cc(-c4ccccc4)ccc3n2)cc1,train
CHEMBL3764045,CNC(=O)c1cc2c(Oc3ccc(NC(=S)NC(=O)Cc4ccccc4)cc3F)ccnc2cc1OC,ORRNXRYWGDUDOG,-1,-1,1,O=C(Cc1ccccc1)NC(=S)Nc1ccc(Oc2ccnc3ccccc23)cc1,train
CHEMBL377193,O=C(c1cc2cc(O)ccc2[nH]1)c1cc2cc(O)ccc2[nH]1,NIMIWWQLOGNYHD,-1,-1,1,O=C(c1cc2ccccc2[nH]1)c1cc2ccccc2[nH]1,train
CHEMBL377345,O=c1[nH]c2ccccc2c(O)c1-c1nc2ccccc2[nH]1,YXCWBNCDJZEBKY,-1,-1,1,O=c1[nH]c2ccccc2cc1-c1nc2ccccc2[nH]1,train
CHEMBL383030,COC(=O)c1c(OCCCN(C)C)c2ccccc2c2oc3c(c12)C(=O)c1ccccc1C3=O,QROZNTBKLCEHDK,-1,-1,0,O=C1c2ccccc2C(=O)c2c1oc1c2ccc2ccccc21,train
CHEMBL383417,Nc1c(-c2nc3ccccc3[nH]2)c(=O)[nH]c2ccccc12,SQUBJXXBYMPOFW,-1,-1,1,O=c1[nH]c2ccccc2cc1-c1nc2ccccc2[nH]1,train
CHEMBL3890006,Cc1ccc(C(=O)Nc2cccc(C#Cc3ccc4nccn4n3)c2)cc1,LUZBIIZLROKNIT,-1,-1,0,O=C(Nc1cccc(C#Cc2ccc3nccn3n2)c1)c1ccccc1,train
CHEMBL3890120,CC(C)c1ccc(NC(=O)c2cccc(N3CCc4c(cnc5cc(CO)c(CO)cc45)C3)c2)cc1,WBJSTEBYHZKTPY,-1,-1,1,O=C(Nc1ccccc1)c1cccc(N2CCc3c(cnc4ccccc34)C2)c1,train
CHEMBL3892076,Cc1ccc(F)c(NC(=O)Nc2ccc(-c3ccc(OCCCN4CCCC4)c4[nH]nc(N)c34)c3ccccc23)c1,QTMGFNHCLJDAAN,-1,-1,1,O=C(Nc1ccccc1)Nc1ccc(-c2ccc(OCCCN3CCCC3)c3[nH]ncc23)c2ccccc12,train
CHEMBL3893131,COC(=O)c1ccc2cc(-c3ccc(NC(=O)Nc4cccc(C)c4)cc3)n(C(N)=O)c2c1,JZKVGXOGXXCAKW,-1,-1,1,O=C(Nc1ccccc1)Nc1ccc(-c2cc3ccccc3[nH]2)cc1,train
CHEMBL3893580,Cc1ccn(-c2ccc(C(C)(C)C)cc2)c(=O)c1N1CCc2nc(N)ncc2C1,RTWSMUWYQSGKQI,-1,-1,1,O=c1c(N2CCc3ncncc3C2)cccn1-c1ccccc1,train
CHEMBL3895384,CCc1cccc(NC(=O)Nc2ccc(-c3cc4ccccc4n3C(N)=O)cc2)c1,JWITUUPNOFPOGN,-1,-1,1,O=C(Nc1ccccc1)Nc1ccc(-c2cc3ccccc3[nH]2)cc1,train
CHEMBL3895520,Cc1cccc(NC(=O)c2cccc(N3CCc4c(cnc5ccccc45)C3)c2)c1,QFOHBXASBAHXPY,-1,-1,1,O=C(Nc1ccccc1)c1cccc(N2CCc3c(cnc4ccccc34)C2)c1,train
CHEMBL3895612,COc1ccccc1Nc1ncc2c(n1)CCN(C(=O)c1cccnc1)C2,RYSRPBBVZJAJJX,-1,-1,1,O=C(c1cccnc1)N1CCc2nc(Nc3ccccc3)ncc2C1,train
CHEMBL3896265,Cc1ccc(F)c(NC(=O)Nc2ccc(-c3cc4ccccc4n3C(N)=O)cc2)c1,HIQVRUAZLKNDKM,-1,-1,1,O=C(Nc1ccccc1)Nc1ccc(-c2cc3ccccc3[nH]2)cc1,train
CHEMBL3896486,Cc1ccoc1C(=O)Nc1cccc(C#Cc2cncc(C(=O)N=S(=O)(CCCO)CCCO)c2)c1,HAXLIGAXLBLFAT,-1,-1,1,O=C(Nc1cccc(C#Cc2cccnc2)c1)c1ccco1,train
CHEMBL3897137,Cc1ccoc1C(=O)Nc1cccc(C#Cc2cncc(C(=O)N=S(C)(=O)CCCO)c2)c1,KBUOUGKAAPDJRZ,-1,-1,1,O=C(Nc1cccc(C#Cc2cccnc2)c1)c1ccco1,train
CHEMBL3897714,O=C(Nc1ccc(C#Cc2ccc3nccn3n2)cc1)Nc1cc(C(F)(F)F)ccc1F,GCDJEWLBVJYFEY,-1,-1,1,O=C(Nc1ccccc1)Nc1ccc(C#Cc2ccc3nccn3n2)cc1,train
CHEMBL3898974,CC(C)(C)c1ccc(-n2cccc(N3CCc4nc(N)ncc4C3)c2=O)cc1,STECEVATXYVFFN,-1,-1,1,O=c1c(N2CCc3ncncc3C2)cccn1-c1ccccc1,train
CHEMBL3899614,CC(C)c1cccc(NC(=O)c2cccc(N3CCc4c(cnc5cc(CO)c(CO)cc45)C3)c2)c1,WJXCYXYVNGMHAO,-1,-1,1,O=C(Nc1ccccc1)c1cccc(N2CCc3c(cnc4ccccc34)C2)c1,train
CHEMBL3900571,Cc1cccc(NC(=O)c2cccc(C#Cc3cc(C(=O)N=S(=O)(CCCO)CCCO)cnc3N)c2)c1,ZKKRNZFCHLYOFH,-1,-1,1,O=C(Nc1ccccc1)c1cccc(C#Cc2cccnc2)c1,train
CHEMBL3901672,CS(C)(=O)=NC(=O)c1cnc(N)c(C#Cc2cccc(NC(=O)c3ccc(Cl)cc3)c2)c1,DZOBWWDWFFLTKN,-1,-1,1,O=C(Nc1cccc(C#Cc2cccnc2)c1)c1ccccc1,train
CHEMBL390479,Cc1cccc(C)c1-c1cc(NS(C)(=O)=O)c2nc(Nc3ccc(OCCN4CCCC4)cc3)nnc2c1,YEMPBTUCYHTLFL,-1,-1,1,c1ccc(-c2ccc3nc(Nc4ccc(OCCN5CCCC5)cc4)nnc3c2)cc1,train
CHEMBL3906392,COC(=O)CCCC[S@](C)(=O)=NC(=O)c1cnc(N)c(C#Cc2cccc(NC(=O)c3occc3C)c2)c1,SXGZAYZKUGJQPT,-1,-1,1,O=C(Nc1cccc(C#Cc2cccnc2)c1)c1ccco1,train
CHEMBL3908397,Cc1ccc(NC(=O)Nc2ccc(-c3cc4ccccc4n3C(N)=O)cc2)cc1,DQGTWWTUKZRUKI,-1,-1,1,O=C(Nc1ccccc1)Nc1ccc(-c2cc3ccccc3[nH]2)cc1,train
CHEMBL3909619,Cc1[nH]c(/C=C2\C(=O)Nc3ccc(F)cc32)c(C)c1C(=O)NCCCCCCCC(=O)NO,OJAXFYQDXOECDS,-1,-1,1,O=C1Nc2ccccc2C1=Cc1ccc[nH]1,train
CHEMBL3909723,Cc1ccoc1C(=O)Nc1cccc(C#Cc2cncc(C(=O)N=[S@@](C)(=O)CCCO)c2)c1,KBUOUGKAAPDJRZ,-1,-1,1,O=C(Nc1cccc(C#Cc2cccnc2)c1)c1ccco1,train
CHEMBL3910155,Cc1ccc(NC(=O)Nc2cccc(C#Cc3cncc(C(=O)N=S(C)(C)=O)c3)c2)cc1,VCNXGTUNBURRIV,-1,-1,1,O=C(Nc1ccccc1)Nc1cccc(C#Cc2cccnc2)c1,train
CHEMBL3911073,CCc1cccc(NC(=O)c2cccc(N3CCc4c(cnc5ccccc45)C3)c2)c1,KEEIRMQARFTFFT,-1,-1,1,O=C(Nc1ccccc1)c1cccc(N2CCc3c(cnc4ccccc34)C2)c1,train
CHEMBL3911854,COc1cccc(NC(=O)Nc2ccc(-c3cc4ccccc4n3C(N)=O)cc2)c1,KESUAIOCJKBPRI,-1,-1,1,O=C(Nc1ccccc1)Nc1ccc(-c2cc3ccccc3[nH]2)cc1,train
CHEMBL3911919,COC(=O)CCCCS(C)(=O)=NC(=O)c1cnc(N)c(C#Cc2cccc(C(=O)Nc3cccc(C)c3)c2)c1,VWWWKWXBDHJDSL,-1,-1,1,O=C(Nc1ccccc1)c1cccc(C#Cc2cccnc2)c1,train
CHEMBL3913556,NC(=O)c1c(-c2ccc(NC(=O)Nc3cccc(C(F)(F)F)c3)cc2)[nH]c2ccccc12,KSFPMXUOLJXRQT,-1,-1,1,O=C(Nc1ccccc1)Nc1ccc(-c2cc3ccccc3[nH]2)cc1,train
CHEMBL3914411,Cc1ccoc1C(=O)Nc1cccc(C#Cc2cc(C(=O)N=S3(=O)CCCC3)cnc2N)c1,BQNQMLPWBQGGJJ,-1,-1,1,O=C(N=S1(=O)CCCC1)c1cncc(C#Cc2cccc(NC(=O)c3ccco3)c2)c1,train
CHEMBL3914717,Cc1cccc(NC(=O)Nc2ccc(-c3ccc(OCCCN4CCCC4)c4[nH]nc(N)c34)c3ccccc23)c1,NFEYXACLJAFCPD,-1,-1,1,O=C(Nc1ccccc1)Nc1ccc(-c2ccc(OCCCN3CCCC3)c3[nH]ncc23)c2ccccc12,train
CHEMBL3915272,COC(=O)CCCCS(C)(=O)=NC(=O)c1cnc(N)c(C#Cc2cccc(NC(=O)Nc3cc(C)ccc3F)c2)c1,KLELWYOISYBNBV,-1,-1,1,O=C(Nc1ccccc1)Nc1cccc(C#Cc2cccnc2)c1,train
CHEMBL3916527,Cc1ccc(F)c(NC(=O)Nc2ccc(-c3ccc(OCCC(C)(C)N)c4[nH]nc(N)c34)c3ccccc23)c1,KRURSEZSUKLHMO,-1,-1,1,O=C(Nc1ccccc1)Nc1ccc(-c2cccc3[nH]ncc23)c2ccccc12,train
CHEMBL3917187,Cc1ccoc1C(=O)Nc1cccc(C#Cc2cncc(C(=O)N=S(C)(C)=O)c2)c1,HGJSLQXBCKJGHL,-1,-1,1,O=C(Nc1cccc(C#Cc2cccnc2)c1)c1ccco1,train
CHEMBL3918345,COC(=O)CCCCS(C)(=O)=NC(=O)c1cnc(N)c(C#Cc2cccc(NC(=O)c3cc(C(F)(F)F)ccc3F)c2)c1,IPIQDJVAZDCFFX,-1,-1,1,O=C(Nc1cccc(C#Cc2cccnc2)c1)c1ccccc1,train
CHEMBL3920210,CSc1ncc2c(n1)CCN(c1cc(C(=O)Nc3cccc(C(F)(F)F)c3)ccc1C)C2,VRLCFROVLGMZQU,-1,-1,1,O=C(Nc1ccccc1)c1cccc(N2CCc3ncncc3C2)c1,train
CHEMBL3920239,Cc1cccc(NC(=O)Nc2ccc(-c3cncc4[nH]nc(N)c34)c3ccccc23)c1,JCKMPGSSOFUEAB,-1,-1,1,O=C(Nc1ccccc1)Nc1ccc(-c2cncc3[nH]ncc23)c2ccccc12,train
CHEMBL3920784,NC(=O)n1c(-c2ccc(NC(=O)Nc3cccc(C(F)(F)F)c3)cc2)cc2ccccc21,KWCIURFGWLVSPG,-1,-1,1,O=C(Nc1ccccc1)Nc1ccc(-c2cc3ccccc3[nH]2)cc1,train
CHEMBL3920861,COC(=O)CCCCS(C)(=O)=NC(=O)c1cnc(N)c(C#Cc2cccc(NC(=O)c3cccc(C(F)(F)F)c3)c2)c1,DLUVOPPDOKCLLX,-1,-1,1,O=C(Nc1cccc(C#Cc2cccnc2)c1)c1ccccc1,train
CHEMBL3924505,Cc1ccoc1C(=O)Nc1cccc(C#Cc2cc(C(=O)N=S(=O)(CCCO)CCCO)cnc2N)c1,WZZOTDRFRPWXSI,-1,-1,1,O=C(Nc1cccc(C#Cc2cccnc2)c1)c1ccco1,train
CHEMBL3925180,COC(=O)CCCCS(C)(=O)=NC(=O)c1cnc(N)c(C#Cc2cccc(NC(=O)Nc3cccc(C)c3)c2)c1,VFXWOLXNXCBURA,-1,-1,1,O=C(Nc1ccccc1)Nc1cccc(C#Cc2cccnc2)c1,train
CHEMBL3933295,COC(=O)CCCCS(C)(=O)=NC(=O)c1cnc(N)c(C#Cc2cccc(NC(=O)c3cccc(OC)c3)c2)c1,ZOTWWNJHIZTSQU,-1,-1,1,O=C(Nc1cccc(C#Cc2cccnc2)c1)c1ccccc1,train
CHEMBL3934468,O=C(CCCCCNC(=O)c1cc(Oc2ccc(NC(=O)Nc3ccc(Cl)c(C(F)(F)F)c3)cc2)ccn1)NO,IKLRBEWSNVBCHQ,-1,-1,1,O=C(Nc1ccccc1)Nc1ccc(Oc2ccncc2)cc1,train
CHEMBL393636,O=C1Nc2ccc(O)cc2/C1=C/c1ccc[nH]1,SCHFNRDBLZXSFE,-1,-1,1,O=C1Nc2ccccc2C1=Cc1ccc[nH]1,train
CHEMBL3937330,O=C(Nc1cccc(C(F)(F)F)c1)c1cccc(N2CCc3c(cnc4ccccc34)C2)c1,LFTUGRUQSTZENQ,-1,-1,1,O=C(Nc1ccccc1)c1cccc(N2CCc3c(cnc4ccccc34)C2)c1,train
CHEMBL3938643,Cc1ccc(F)c(C(=O)Nc2cccc(C#Cc3cc(C(=O)N=S(C)(C)=O)cnc3N)c2)c1,QCKVLRNZROXNAA,-1,-1,1,O=C(Nc1cccc(C#Cc2cccnc2)c1)c1ccccc1,train
CHEMBL3938792,NC(=O)n1c(-c2ccc(NC(=O)Nc3ccc(F)c(Cl)c3)cc2)cc2ccccc21,IJAYHJGVTCMSHM,-1,-1,1,O=C(Nc1ccccc1)Nc1ccc(-c2cc3ccccc3[nH]2)cc1,train
CHEMBL3939257,O=C(Nc1ccc(C#Cc2ccc3nccn3n2)cc1)Nc1cccc(C(F)(F)F)c1,ZGZGMIIAIXDTAO,-1,-1,1,O=C(Nc1ccccc1)Nc1ccc(C#Cc2ccc3nccn3n2)cc1,train
CHEMBL3939918,NC(=O)n1c(-c2ccc(NC(=O)Nc3ccccc3)cc2)cc2ccccc21,GESXFTKSUVVIGO,-1,-1,1,O=C(Nc1ccccc1)Nc1ccc(-c2cc3ccccc3[nH]2)cc1,train
CHEMBL3940300,O=C(Nc1cccc(C(F)(F)F)c1)c1cccc(N2CCc3c(cnc4ccnn34)C2)c1,DFFRQPFUNWMMEA,-1,-1,1,O=C(Nc1ccccc1)c1cccc(N2CCc3c(cnc4ccnn34)C2)c1,train
CHEMBL3941533,Cc1ccc(F)c(NC(=O)Nc2ccc(-c3[nH]c4ccccc4c3C(N)=O)cc2)c1,KBFDGVQFBWWPKS,-1,-1,1,O=C(Nc1ccccc1)Nc1ccc(-c2cc3ccccc3[nH]2)cc1,train
CHEMBL3943327,COC(=O)CCCCS(C)(=O)=NC(=O)c1cnc(N)c(C#Cc2cccc(C(=O)Nc3cc(C)ccc3F)c2)c1,LOOXJJXQZXOPQR,-1,-1,1,O=C(Nc1ccccc1)c1cccc(C#Cc2cccnc2)c1,train
CHEMBL3944202,Cc1cccc(NC(=O)Nc2ccc(-c3cc4ccccc4n3C(N)=O)cc2)c1,ZLUSJKSRLQNGJZ,-1,-1,1,O=C(Nc1ccccc1)Nc1ccc(-c2cc3ccccc3[nH]2)cc1,train
CHEMBL3945521,NC(=O)n1c(-c2cc(NC(=O)Nc3cccc(C(F)(F)F)c3)cs2)cc2ccccc21,SOBFCBCYWSMQOU,-1,-1,1,O=C(Nc1ccccc1)Nc1csc(-c2cc3ccccc3[nH]2)c1,train
CHEMBL3948032,Nc1cn2nc(C#Cc3ccc(NC(=O)Nc4cc(C(F)(F)F)ccc4F)cc3)ccc2n1,BHKGZILBWHHNDQ,-1,-1,1,O=C(Nc1ccccc1)Nc1ccc(C#Cc2ccc3nccn3n2)cc1,train
CHEMBL3949983,O=C(CCCCCCC(=O)NCc1cc(Oc2ccc(NC(=O)Nc3ccc(Cl)c(C(F)(F)F)c3)cc2)ccn1)NO,WYBDTTJRZBXIRY,-1,-1,1,O=C(Nc1ccccc1)Nc1ccc(Oc2ccncc2)cc1,train
CHEMBL3950267,Cc1cccc(NC(=O)Nc2ccc(-c3[nH]c4ccccc4c3C(N)=O)cc2)c1,XIXOYVXGOMIGEP,-1,-1,1,O=C(Nc1ccccc1)Nc1ccc(-c2cc3ccccc3[nH]2)cc1,train
CHEMBL3950471,CC(C)c1ccc(NC(=O)c2cccc(N3CCc4c(cnc5ccccc45)C3)c2)cc1,QSTUMQZLRRHDRE,-1,-1,1,O=C(Nc1ccccc1)c1cccc(N2CCc3c(cnc4ccccc34)C2)c1,train
CHEMBL3951451,Cc1ccc(F)c(NC(=O)Nc2ccc(-c3cncc4[nH]nc(N)c34)c3ccccc23)c1,PDXBQXHMSLFHGU,-1,-1,1,O=C(Nc1ccccc1)Nc1ccc(-c2cncc3[nH]ncc23)c2ccccc12,train
CHEMBL3952249,COc1ccc(Nc2ncc3c(n2)CCN(C(=O)c2cccnc2)C3)cc1,APJCHWXWJHXBQG,-1,-1,1,O=C(c1cccnc1)N1CCc2nc(Nc3ccccc3)ncc2C1,train
CHEMBL3952783,COc1cc(Nc2ncc3c(n2)CCN(C(=O)c2cccnc2)C3)cc(OC)c1,OBYUARSXZKLKQF,-1,-1,1,O=C(c1cccnc1)N1CCc2nc(Nc3ccccc3)ncc2C1,train
CHEMBL3955638,O=C(Nc1cccc(C#Cc2ccc3nccn3n2)c1)c1ccccc1,FHAGOEPYEYMCRJ,-1,-1,1,O=C(Nc1cccc(C#Cc2ccc3nccn3n2)c1)c1ccccc1,train
CHEMBL3956652,Cc1[nH]c(/C=C2\C(=O)Nc3ccc(F)cc32)c(C)c1C(=O)NCCCCCCC(=O)NO,IOQWCOJYWWKHOW,-1,-1,1,O=C1Nc2ccccc2C1=Cc1ccc[nH]1,train
CHEMBL3957336,COC(=O)CCCCS(C)(=O)=NC(=O)c1cnc(N)c(C#Cc2cccc(NC(=O)c3ccc(OC)c(OC)c3)c2)c1,RDOPCBYTZLJSSR,-1,-1,1,O=C(Nc1cccc(C#Cc2cccnc2)c1)c1ccccc1,train
CHEMBL3960598,COC(=O)CCCCS(C)(=O)=NC(=O)c1cnc(N)c(C#Cc2cccc(NC(=O)c3cc(C)ccc3F)c2)c1,HXQPWKIKXVWRSF,-1,-1,1,O=C(Nc1cccc(C#Cc2cccnc2)c1)c1ccccc1,train
CHEMBL3961214,Cc1cccc(NC(=O)Nc2ccc(C#Cc3ccc4nc(N)cn4n3)cc2)c1,WJRWBOYBCVRDKC,-1,-1,1,O=C(Nc1ccccc1)Nc1ccc(C#Cc2ccc3nccn3n2)cc1,train
CHEMBL3963292,Cc1cccc(NC(=O)Nc2ccc(-c3ccc(OCCC(C)(C)N)c4[nH]nc(N)c34)c3ccccc23)c1,FZYGKIRFOFACQE,-1,-1,1,O=C(Nc1ccccc1)Nc1ccc(-c2cccc3[nH]ncc23)c2ccccc12,train
CHEMBL3963696,COC(=O)CCCCS(C)(=O)=NC(=O)c1cnc(N)c(C#Cc2cccc(NC(=O)c3ccc(Cl)c(C(F)(F)F)c3)c2)c1,AUWLXKBIQAOUOV,-1,-1,1,O=C(Nc1cccc(C#Cc2cccnc2)c1)c1ccccc1,train
CHEMBL3965529,NC(=O)n1c(-c2cc(NC(=O)Nc3ccc(Cl)c(C(F)(F)F)c3)cs2)cc2ccccc21,LVCMBVIHFUNWCJ,-1,-1,1,O=C(Nc1ccccc1)Nc1csc(-c2cc3ccccc3[nH]2)c1,train
CHEMBL3966912,CCc1cccc(NC(=O)c2cccc(N3CCc4c(cnc5ccsc45)C3)c2)c1,WLKXIKZJXFFRFT,-1,-1,1,O=C(Nc1ccccc1)c1cccc(N2CCc3c(cnc4ccsc34)C2)c1,train
CHEMBL3968343,CC(C)c1cccc(NC(=O)Nc2ccc(-c3cc4ccccc4n3C(N)=O)cc2)c1,QEUJPSURIIRPKP,-1,-1,1,O=C(Nc1ccccc1)Nc1ccc(-c2cc3ccccc3[nH]2)cc1,train
CHEMBL3968883,O=C(Nc1ccccc1)Nc1ccc(C#Cc2ccc3nccn3n2)cc1,LPGJBMXKZTXNOS,-1,-1,1,O=C(Nc1ccccc1)Nc1ccc(C#Cc2ccc3nccn3n2)cc1,train
CHEMBL3970053,COC(=O)CCCCS(C)(=O)=NC(=O)c1cnc(N)c(C#Cc2cccc(NC(=O)c3cccc(C)c3)c2)c1,ASUVAFYTTOHJIF,-1,-1,1,O=C(Nc1cccc(C#Cc2cccnc2)c1)c1ccccc1,train
CHEMBL3972326,Cc1cccc(NC(=O)Nc2ccc(C#Cc3ccc4nccn4n3)cc2)c1,RUTCUMBDVHNVLK,-1,-1,1,O=C(Nc1ccccc1)Nc1ccc(C#Cc2ccc3nccn3n2)cc1,train
CHEMBL3973966,O=C(CCCCCCCNC(=O)c1cc(Oc2ccc(NC(=O)Nc3ccc(Cl)c(C(F)(F)F)c3)cc2)ccn1)NO,CERWAPHFSFOCEY,-1,-1,1,O=C(Nc1ccccc1)Nc1ccc(Oc2ccncc2)cc1,train
CHEMBL3974900,CCc1cccc(NC(=O)Nc2csc(-c3cc4ccccc4n3C(N)=O)c2)c1,YDTJZVVELNGMQL,-1,-1,1,O=C(Nc1ccccc1)Nc1csc(-c2cc3ccccc3[nH]2)c1,train
CHEMBL3974963,COC(=O)CCCCS(C)(=O)=NC(=O)c1cnc(N)c(C#Cc2cccc(NC(=O)c3occc3C)c2)c1,SXGZAYZKUGJQPT,-1,-1,1,O=C(Nc1cccc(C#Cc2cccnc2)c1)c1ccco1,train
CHEMBL3975267,CCc1cccc(NC(=O)Nc2ccc(-c3[nH]c4ccccc4c3C(N)=O)cc2)c1,VAKJINXSSWKNMD,-1,-1,1,O=C(Nc1ccccc1)Nc1ccc(-c2cc3ccccc3[nH]2)cc1,train
CHEMBL397691,Cc1cc(F)ccc1-c1cc2nnc(Nc3ccc(S(=O)(=O)NCCN4CCCC4)cc3)nc2cc1C,JUGGLTJXSGBAFT,-1,-1,1,O=S(=O)(NCCN1CCCC1)c1ccc(Nc2nnc3cc(-c4ccccc4)ccc3n2)cc1,train
CHEMBL3978214,CC(C)c1cccc(NC(=O)c2cccc(N3CCc4c(cnc5ccnn45)C3)c2)c1,ZLDDEUAUHUMPTJ,-1,-1,1,O=C(Nc1ccccc1)c1cccc(N2CCc3c(cnc4ccnn34)C2)c1,train
CHEMBL3978649,Cc1ccoc1C(=O)Nc1cccc(C#Cc2cc(C(=O)N=S(C)(C)=O)cnc2N)c1,WEWNFYSPKIFAFJ,-1,-1,1,O=C(Nc1cccc(C#Cc2cccnc2)c1)c1ccco1,train
CHEMBL3979836,Cc1ccccc1NC(=O)Nc1ccc(-c2cc3ccccc3n2C(N)=O)cc1,YRGIFNDOEPYLFQ,-1,-1,1,O=C(Nc1ccccc1)Nc1ccc(-c2cc3ccccc3[nH]2)cc1,train
CHEMBL3980266,Cc1cccc(NC(=O)Nc2cccc(C#Cc3cncc(C(=O)N=S(C)(C)=O)c3)c2)c1,HNZUOHISIXPUEC,-1,-1,1,O=C(Nc1ccccc1)Nc1cccc(C#Cc2cccnc2)c1,train
CHEMBL3980495,Cc1ccc(NC(=O)Nc2ccc(C#Cc3ccc4nccn4n3)cc2)cc1,MHNYSEUTQBXBDK,-1,-1,1,O=C(Nc1ccccc1)Nc1ccc(C#Cc2ccc3nccn3n2)cc1,train
CHEMBL3980861,Cc1[nH]c(/C=C2\C(=O)Nc3ccc(F)cc32)c(C)c1C(=O)NCCC(=O)NO,WXHLABKRTNOQBL,-1,-1,1,O=C1Nc2ccccc2C1=Cc1ccc[nH]1,train
CHEMBL3981416,Cc1ccc(F)c(C(=O)Nc2cccc(C#Cc3ccc4nc(N)cn4n3)c2)c1,UODZNDNCURDUNY,-1,-1,1,O=C(Nc1cccc(C#Cc2ccc3nccn3n2)c1)c1ccccc1,train
CHEMBL3981517,COc1ccc(Nc2ncc3c(n2)CCN(C(=O)c2cccnc2)C3)cc1OC,DMGSMYLIZXPVTK,-1,-1,1,O=C(c1cccnc1)N1CCc2nc(Nc3ccccc3)ncc2C1,train
CHEMBL3981808,NC(=O)n1c(-c2ccc(NC(=O)Nc3cc(C(F)(F)F)ccc3F)cc2)cc2ccccc21,YXOIGKRFYLDKCK,-1,-1,1,O=C(Nc1ccccc1)Nc1ccc(-c2cc3ccccc3[nH]2)cc1,train
CHEMBL3982995,Cc1cccc(NC(=O)Nc2cccc(N3CCc4c(cnc5ccnn45)C3)c2)c1,MZXCXIQJRYKENU,-1,-1,1,O=C(Nc1ccccc1)Nc1cccc(N2CCc3c(cnc4ccnn34)C2)c1,train
CHEMBL3983308,Cc1cccc(C(=O)Nc2cccc(C#Cc3cncc(C(=O)N=S(=O)(CCCO)CCCO)c3)c2)c1,UDLYZSYBPOFSSA,-1,-1,1,O=C(Nc1cccc(C#Cc2cccnc2)c1)c1ccccc1,train
CHEMBL3984316,CC(C)c1cccc(NC(=O)c2cccc(N3CCc4c(cnc5ccccc45)C3)c2)c1,IZGSXTPUBXKDBJ,-1,-1,1,O=C(Nc1ccccc1)c1cccc(N2CCc3c(cnc4ccccc34)C2)c1,train
CHEMBL3984522,O=C(CCCCC(=O)NCc1cc(Oc2ccc(NC(=O)Nc3ccc(Cl)c(C(F)(F)F)c3)cc2)ccn1)NO,HWANTJWYJQWTHI,-1,-1,1,O=C(Nc1ccccc1)Nc1ccc(Oc2ccncc2)cc1,train
CHEMBL3985051,COC(=O)CCCCS(C)(=O)=NC(=O)c1cnc(N)c(C#Cc2cccc(C(=O)Nc3cc(C(C)(C)C)on3)c2)c1,LFRLYJOQYBDOIR,-1,-1,1,O=C(Nc1ccon1)c1cccc(C#Cc2cccnc2)c1,train
CHEMBL3985264,Cc1ccc(F)c(NC(=O)Nc2cccc(C#Cc3cncc(C(=O)N=S(C)(C)=O)c3)c2)c1,NYWWQVWITWVVAU,-1,-1,1,O=C(Nc1ccccc1)Nc1cccc(C#Cc2cccnc2)c1,train
CHEMBL3985362,O=C(Nc1ccc(C#Cc2ccc3nccn3n2)cc1)Nc1ccc(Cl)c(C(F)(F)F)c1,OATYAONUQKTAFC,-1,-1,1,O=C(Nc1ccccc1)Nc1ccc(C#Cc2ccc3nccn3n2)cc1,train
CHEMBL3985924,COc1cc(Nc2ncc3c(n2)CCN(C(=O)c2cccnc2)C3)cc(OC)c1OC,RQRSALRIJRKZDG,-1,-1,1,O=C(c1cccnc1)N1CCc2nc(Nc3ccccc3)ncc2C1,train
CHEMBL3986945,Cc1ccoc1C(=O)Nc1cccc(C#Cc2cncc(C(=O)N=S3(=O)CCCC3)c2)c1,XDMQGCSGNALEEM,-1,-1,1,O=C(N=S1(=O)CCCC1)c1cncc(C#Cc2cccc(NC(=O)c3ccco3)c2)c1,train
CHEMBL4060996,COc1ccc(N(C)c2nc(C)nc3c(Cc4ccccc4)cn(C)c23)cc1.Cl,HCOFLLONRUOXAZ,-1,-1,1,c1ccc(Cc2c[nH]c3c(Nc4ccccc4)ncnc23)cc1,train
CHEMBL4061361,COC(=O)c1ccc2c(c1)NC(=O)/C2=C(\Nc1ccc(-n2cccc2CN2CCNCC2)cc1)c1ccccc1,HFCRKJUWKMGWSK,-1,-1,1,O=C1Nc2ccccc2C1=C(Nc1ccc(-n2cccc2CN2CCNCC2)cc1)c1ccccc1,train
CHEMBL4066412,CCN(CCNC(=O)c1c(C)[nH]c(/C=C2\C(=O)Nc3ccc(F)cc32)c1C)CCOCCOCCNC(=O)c1cc(OCc2cn(CCCCN3C[C@@H]4C[C@H]3C(=O)N[C@@H](CCCNC(=N)N)C(=O)NCC(=O)N[C@@H](CC(=O)O)C(=O)N4)nn2)cc(OCc2cn(CCCCN3C[C@@H]4C[C@H]3C(=O)N[C@@H](CCCNC(=N)N)C(=O)NCC(=O)N[C@@H](CC(=O)O)C(=O)N4)nn2)c1,KXLRYMPSHOVNJE,-1,-1,1,O=C1CNC(=O)CNC(=O)C2CC(CN2CCCCn2cc(COc3cc(OCc4cn(CCCCN5CC6CC5C(=O)NCC(=O)NCC(=O)NCC(=O)N6)nn4)cc(C(=O)NCCOCCOCCNCCNC(=O)c4c[nH]c(C=C5C(=O)Nc6ccccc65)c4)c3)nn2)NC(=O)CN1,train
CHEMBL4069394,COC(=O)c1ccc2c(c1)NC(=O)/C2=C(\Nc1ccc(-n2cccc2CN(C)C)cc1)c1ccccc1,WNMAXXDDBQOLPI,-1,-1,1,O=C1Nc2ccccc2C1=C(Nc1ccc(-n2cccc2)cc1)c1ccccc1,train
CHEMBL4069672,COc1ccc2c(c1)CCCN2c1nc(C)nc2c(Cc3ccccc3)c[nH]c12.Cl,IWBJHNJQODGGSH,-1,-1,1,c1ccc(Cc2c[nH]c3c(N4CCCc5ccccc54)ncnc23)cc1,train
CHEMBL4070403,CCN(CC)Cc1cccn1-c1ccc(N/C(=C2\C(=O)Nc3cc(C(=O)OC)ccc32)c2ccccc2)cc1,MLPVNDLUJRCVQO,-1,-1,1,O=C1Nc2ccccc2C1=C(Nc1ccc(-n2cccc2)cc1)c1ccccc1,train
CHEMBL4079087,COC(=O)c1ccc2c(c1)NC(=O)/C2=C(\Nc1ccc(-n2cccc2CN2CCN(C)CC2)cc1)c1ccccc1,XIYGJVNJPZOWAE,-1,-1,1,O=C1Nc2ccccc2C1=C(Nc1ccc(-n2cccc2CN2CCNCC2)cc1)c1ccccc1,train
CHEMBL4080062,O=C(Nc1cccc(C(F)(F)F)c1)c1cccc2cc(Oc3cc(CO)ncn3)ccc12,JNLSTLQFDDAULK,-1,-1,1,O=C(Nc1ccccc1)c1cccc2cc(Oc3ccncn3)ccc12,train
CHEMBL408565,O=C1Nc2ccccc2/C1=C/c1cc2c([nH]1)CCC(Br)C2,FIFWWQUQNGQSLH,-1,-1,1,O=C1Nc2ccccc2C1=Cc1cc2c([nH]1)CCCC2,train
CHEMBL4086939,COC(=O)c1ccc2c(c1)NC(=O)/C2=C(\Nc1ccc(Cn2cccc2CN(C)C)cc1)c1ccccc1,GLUMYTOKEOPXCT,-1,-1,1,O=C1Nc2ccccc2C1=C(Nc1ccc(Cn2cccc2)cc1)c1ccccc1,train
CHEMBL4088617,Nc1nc(N)c2c(n1)[nH]c1cccc(Sc3cccc4ccccc34)c12,IUCBNZCMMDEDRD,-1,-1,0,c1ccc2c(Sc3cccc4[nH]c5ncncc5c34)cccc2c1,train
CHEMBL4096329,COc1ccc(Sc2cccc3[nH]c4nc(N)nc(N)c4c23)cc1,UIVZFFJWNPQWMA,-1,-1,0,c1ccc(Sc2cccc3[nH]c4ncncc4c23)cc1,train
CHEMBL4099329,COc1ccc(N(C)c2nc(N)nc3c(Cc4ccccc4)c[nH]c23)cc1,OINWQMFPLYPJMF,-1,-1,1,c1ccc(Cc2c[nH]c3c(Nc4ccccc4)ncnc23)cc1,train
CHEMBL4099682,COc1ccc(Nc2nc(C)nc3c(Cc4ccccc4)cn(C)c23)cc1.Cl,XGOKJFJCNFHENT,-1,-1,1,c1ccc(Cc2c[nH]c3c(Nc4ccccc4)ncnc23)cc1,train
CHEMBL4104515,COc1ccc2c(c1)CCCN2c1nc(C)nc2c(Cc3ccccc3)cn(C)c12.Cl,TYDCMVOQOGRFHE,-1,-1,1,c1ccc(Cc2c[nH]c3c(N4CCCc5ccccc54)ncnc23)cc1,train
CHEMBL4107561,Cc1ccoc1C(=O)Nc1cccc(C#Cc2cncc(C(=O)N=[S@](C)(=O)CCCO)c2)c1,KBUOUGKAAPDJRZ,-1,-1,1,O=C(Nc1cccc(C#Cc2cccnc2)c1)c1ccco1,train
CHEMBL411229,Cn1c(=O)n(C)c2cc3c(N4CCN(C(=O)Nc5ccc(Oc6ccccc6)cc5)CC4)ncnc3cc21,KMUWSIMUXBVXPU,-1,-1,1,O=C(Nc1ccc(Oc2ccccc2)cc1)N1CCN(c2ncnc3cc4[nH]c(=O)[nH]c4cc23)CC1,train
CHEMBL4112857,COC(=O)CCCC[S@@](C)(=O)=NC(=O)c1cnc(N)c(C#Cc2cccc(NC(=O)c3occc3C)c2)c1,SXGZAYZKUGJQPT,-1,-1,1,O=C(Nc1cccc(C#Cc2cccnc2)c1)c1ccco1,train
CHEMBL4160821,CN1CCN(CC(=O)N(C)c2ccc(N/C(=C3\C(=O)Nc4cc(-c5nnco5)ccc43)c3ccccc3)cc2)CC1,MMOPWANWYHZHPG,-1,-1,1,O=C(CN1CCNCC1)Nc1ccc(NC(=C2C(=O)Nc3cc(-c4nnco4)ccc32)c2ccccc2)cc1,train
CHEMBL4161351,COC(=O)c1ccc2c(c1)NC(=O)/C2=C(\Nc1ccc2[nH]cc(CN3CCOCC3)c2c1)c1ccccc1,YZPAYBXQYKHQFQ,-1,-1,1,O=C1Nc2ccccc2C1=C(Nc1ccc2[nH]cc(CN3CCOCC3)c2c1)c1ccccc1,train
CHEMBL4161897,CN1CCN(CC(=O)N(C)c2ccc(N/C(=C3\C(=O)Nc4cc(-c5cnco5)ccc43)c3ccccc3)cc2)CC1,BSINTHDVFLDKAE,-1,-1,1,O=C(CN1CCNCC1)Nc1ccc(NC(=C2C(=O)Nc3cc(-c4cnco4)ccc32)c2ccccc2)cc1,train
CHEMBL4161991,CCn1c(C(=O)N2CCN(C)CC2)cc2cc(N/C(=C3\C(=O)Nc4cc(C(=O)OC)ccc43)c3ccccc3)ccc21,CEZCABCIQPGXGL,-1,-1,1,O=C1Nc2ccccc2C1=C(Nc1ccc2[nH]c(C(=O)N3CCNCC3)cc2c1)c1ccccc1,train
CHEMBL4162400,COC(=O)c1ccc2c(c1)NC(=O)/C2=C(\Nc1ccc2c(c1)c(CN(C)C)cn2C(C)C)c1ccccc1,DQEXDIPHSRQWOA,-1,-1,1,O=C1Nc2ccccc2C1=C(Nc1ccc2[nH]ccc2c1)c1ccccc1,train
CHEMBL4164318,COC(=O)c1ccc2c(c1)NC(=O)/C2=C(\Nc1ccc2[nH]cc(CN(C)C)c2c1)c1ccccc1,NYEHNEGVMYJBRI,-1,-1,1,O=C1Nc2ccccc2C1=C(Nc1ccc2[nH]ccc2c1)c1ccccc1,train
CHEMBL4165429,COC(=O)c1ccc2c(c1)NC(=O)/C2=C(\Nc1ccc2[nH]c(C(=O)N3CCN(C)CC3)cc2c1)c1ccccc1,HMZRSZQIXPNKJY,-1,-1,1,O=C1Nc2ccccc2C1=C(Nc1ccc2[nH]c(C(=O)N3CCNCC3)cc2c1)c1ccccc1,train
CHEMBL4165455,COC(=O)c1ccc2c(c1)NC(=O)/C2=C(\Nc1ccc2c(c1)N(C(=O)CN1CCCC1=O)CC2)c1ccccc1,LRNXJAKOQFCAJB,-1,-1,1,O=C1Nc2ccccc2C1=C(Nc1ccc2c(c1)N(C(=O)CN1CCCC1=O)CC2)c1ccccc1,train
CHEMBL4166319,COC(=O)c1ccc2c(c1)NC(=O)/C2=C(\Nc1ccc2c(c1)N(C(=O)CN(C)C)CC2)c1ccccc1,OSHAGQCZZMYWEP,-1,-1,1,O=C1Nc2ccccc2C1=C(Nc1ccc2c(c1)NCC2)c1ccccc1,train
CHEMBL4166696,COC(=O)c1ccc2c(c1)NC(=O)/C2=C(\Nc1ccc2c(c1)cc(C(=O)N1CCN(C)CC1)n2C)c1ccccc1,IKEZOXWDWFNINR,-1,-1,1,O=C1Nc2ccccc2C1=C(Nc1ccc2[nH]c(C(=O)N3CCNCC3)cc2c1)c1ccccc1,train
CHEMBL4169611,CN1CCN(CC(=O)N(C)c2ccc(N/C(=C3\C(=O)Nc4cc(OC(F)(F)F)ccc43)c3ccccc3)cc2)CC1,BURPJJXPPQYOBG,-1,-1,1,O=C(CN1CCNCC1)Nc1ccc(NC(=C2C(=O)Nc3ccccc32)c2ccccc2)cc1,train
CHEMBL4172205,COC(=O)c1ccc2c(c1)NC(=O)/C2=C(\Nc1ccc2c(c1)c(CN(C)C)cn2C)c1ccccc1,NGYZAUXCJZESQA,-1,-1,1,O=C1Nc2ccccc2C1=C(Nc1ccc2[nH]ccc2c1)c1ccccc1,train
CHEMBL4173078,CCn1cc(CN(C)C)c2cc(N/C(=C3\C(=O)Nc4cc(C(=O)OC)ccc43)c3ccccc3)ccc21,QPTGKCDBSGSHNE,-1,-1,1,O=C1Nc2ccccc2C1=C(Nc1ccc2[nH]ccc2c1)c1ccccc1,train
CHEMBL4173370,COC(=O)c1ccc2c(c1)NC(=O)/C2=C(\Nc1ccc2c(c1)N(C(=O)CN1CC(C)OC(C)C1)CC2)c1ccccc1,BIANWMVQSDKEQI,-1,-1,1,O=C1Nc2ccccc2C1=C(Nc1ccc2c(c1)N(C(=O)CN1CCOCC1)CC2)c1ccccc1,train
CHEMBL4173756,COC(=O)c1ccc2c(c1)NC(=O)/C2=C(\Nc1ccc2[nH]c(CN3CCN(C)CC3)cc2c1)c1ccccc1,HJMRTMZSVDRNJY,-1,-1,1,O=C1Nc2ccccc2C1=C(Nc1ccc2[nH]c(CN3CCNCC3)cc2c1)c1ccccc1,train
CHEMBL420609,COc1ccc2c(c1)NC(=O)/C2=C\c1[nH]c2c(c1CCC(=O)O)CCCC2,QKVUBIOLQLJVKI,-1,-1,0,O=C1Nc2ccccc2C1=Cc1cc2c([nH]1)CCCC2,train
CHEMBL4237289,Cc1cc(-c2ccc(NC(=O)Nc3cccc(Cl)c3)cc2)c2c(N)onc2n1,KCCWVRNMXATDGV,-1,-1,1,O=C(Nc1ccccc1)Nc1ccc(-c2ccnc3nocc23)cc1,train
CHEMBL4237916,CCCN(c1ccc(OC)cc1)c1ncnc2occ(C)c12,LKFFEAZVODAFLR,-1,-1,1,c1ccc(Nc2ncnc3occc23)cc1,train
CHEMBL4239716,CSc1ccc(N(C)c2ncnc3occ(C)c23)cc1,XGNXYCZBBNAIIL,-1,-1,1,c1ccc(Nc2ncnc3occc23)cc1,train
CHEMBL4240969,Cc1cc(-c2ccc(NC(=O)Nc3cccc(C(F)(F)F)c3)cc2)c2c(N)onc2n1,QICYOJLQEZXOEU,-1,-1,1,O=C(Nc1ccccc1)Nc1ccc(-c2ccnc3nocc23)cc1,train
CHEMBL424129,CCCOc1cc2ncnc(N3CCN(C(=O)Nc4ccc(Oc5ccccc5)cc4)CC3)c2cc1OC,JWFQRFKKLAPASO,-1,-1,1,O=C(Nc1ccc(Oc2ccccc2)cc1)N1CCN(c2ncnc3ccccc23)CC1,train
CHEMBL4241638,CCN(c1ccc(OC)cc1)c1ncnc2occ(C)c12,GDYIJFHOFSZSLG,-1,-1,1,c1ccc(Nc2ncnc3occc23)cc1,train
CHEMBL4242522,CCc1ccc(N(C)c2ncnc3occ(C)c23)cc1,HZYHQHCKBTWZMB,-1,-1,1,c1ccc(Nc2ncnc3occc23)cc1,train
CHEMBL4243470,Cc1cccc(NC(=O)Nc2ccc(-c3cc(C)nc4noc(N)c34)cc2)c1,UFSGCADQVRKELP,-1,-1,1,O=C(Nc1ccccc1)Nc1ccc(-c2ccnc3nocc23)cc1,train
CHEMBL424502,CCn1c(=O)n(CC)c2cc3c(N4CCN(C(=O)Nc5ccc(Oc6ccccc6)cc5)CC4)ncnc3cc21,HGAMJJFLKUUKPP,-1,-1,1,O=C(Nc1ccc(Oc2ccccc2)cc1)N1CCN(c2ncnc3cc4[nH]c(=O)[nH]c4cc23)CC1,train
CHEMBL4245415,Cc1coc2ncnc(N(C)c3ccc(N(C)C)cc3)c12,DOCOOOTYBYUKKY,-1,-1,1,c1ccc(Nc2ncnc3occc23)cc1,train
CHEMBL4245874,COc1ccc(Nc2ncnc3occ(C)c23)cc1,CJKIPQGVCWHDDT,-1,-1,1,c1ccc(Nc2ncnc3occc23)cc1,train
CHEMBL4247248,Cc1cc(-c2ccc(NC(=O)Nc3ccc(Cl)c(C(F)(F)F)c3)cc2)c2c(N)onc2n1,JBGGXHXCKFGYPP,-1,-1,1,O=C(Nc1ccccc1)Nc1ccc(-c2ccnc3nocc23)cc1,train
CHEMBL4250191,COc1ccc(N(C)c2ncnc3occ(C)c23)cc1,UVZUIESPIIIPQW,-1,-1,1,c1ccc(Nc2ncnc3occc23)cc1,train
CHEMBL4250210,CNc1ccc(N(C)c2ncnc3occ(C)c23)cc1,CXFZABYZQCUWPA,-1,-1,1,c1ccc(Nc2ncnc3occc23)cc1,train
CHEMBL4250273,COc1ccc(N(c2ncnc3occ(C)c23)C(C)C)cc1,WXUQFXPVDDHAIZ,-1,-1,1,c1ccc(Nc2ncnc3occc23)cc1,train
CHEMBL4251080,Cc1cc(-c2ccc(NC(=O)Nc3ccccc3Cl)cc2)c2c(N)onc2n1,VHCHSLNGRYDFEK,-1,-1,1,O=C(Nc1ccccc1)Nc1ccc(-c2ccnc3nocc23)cc1,train
CHEMBL425751,COc1cc2c(cc1OC)-c1n[nH]c(Nc3ccc(Cl)cc3)c1C2,XRRBNRLNVPJQKM,-1,-1,1,c1ccc(Nc2[nH]nc3c2Cc2ccccc2-3)cc1,train
CHEMBL4278642,CNC(=O)c1cccc2cc(Oc3ccnc(NC(=O)c4ccc(N5CCN(CCO)CC5)cc4)c3)ccc12,AISWQGLURAAAKE,-1,-1,1,O=C(Nc1cc(Oc2ccc3ccccc3c2)ccn1)c1ccc(N2CCNCC2)cc1,train
CHEMBL430155,Cc1[nH]c(/C=C2\C(=O)Nc3ccccc32)c(C)c1CCCN1CCN(C)CC1,LPLGZUZPKACGSS,-1,-1,1,O=C1Nc2ccccc2C1=Cc1cc(CCCN2CCNCC2)c[nH]1,train
CHEMBL4303201,COc1cc2c(Oc3ccc4[nH]c(C)cc4c3F)ccnc2cc1OCC1(N)CC1,KSMZEXLVHXZPEF,-1,-1,1,c1cc(Oc2ccc3[nH]ccc3c2)c2ccc(OCC3CC3)cc2n1,train
CHEMBL431025,O=C1Nc2ccc(Cl)cc2/C1=C/c1ccc[nH]1,SYFAEBVHHBJQER,-1,-1,0,O=C1Nc2ccccc2C1=Cc1ccc[nH]1,train
CHEMBL431996,O=C(O)CCc1c(/C=C2\C(=O)Nc3ccc(C(=O)O)cc32)[nH]c2c1CCCC2,WEEGIHLRCOYVPM,-1,-1,1,O=C1Nc2ccccc2C1=Cc1cc2c([nH]1)CCCC2,train
CHEMBL432219,COc1cc2c(cc1OC)-c1n[nH]c(Nc3ccccc3)c1C2,RWKBPANRHRUTJW,-1,-1,1,c1ccc(Nc2[nH]nc3c2Cc2ccccc2-3)cc1,train
CHEMBL432941,COc1cccc(-c2ccc3c(c2)NC(=O)/C3=C\c2[nH]c3c(c2CCC(=O)O)CCCC3)c1,FUXHNAHZJZOIIP,-1,-1,1,O=C1Nc2cc(-c3ccccc3)ccc2C1=Cc1cc2c([nH]1)CCCC2,train
CHEMBL436516,Cc1cccc(C)c1-c1cc(C)c2nc(Nc3cccc(S(=O)(=O)N4CCN(C)CC4)c3)nnc2c1,CLYYVIUHRKFXFH,-1,-1,1,O=S(=O)(c1cccc(Nc2nnc3cc(-c4ccccc4)ccc3n2)c1)N1CCNCC1,train
CHEMBL444724,COc1ccc(N(C)c2nc(Cl)nc3ccccc23)cc1,CIPVUQSDDVFBPO,-1,-1,1,c1ccc(Nc2ncnc3ccccc23)cc1,train
CHEMBL4454772,COc1ccc2c(c1)/C(=N/NC(=O)c1ccc(NC(=O)Nc3ccc(Cl)c(C(F)(F)F)c3)cc1)C(=O)N2,MXJNFYPZUFWINI,-1,-1,1,O=C(Nc1ccccc1)Nc1ccc(C(=O)NN=C2C(=O)Nc3ccccc32)cc1,train
CHEMBL4457815,COc1cccc(NC(=O)Nc2ccc(C(=O)N/N=C3\C(=O)Nc4ccc(OC)cc43)cc2)c1,QZUDUQOBGBREAK,-1,-1,1,O=C(Nc1ccccc1)Nc1ccc(C(=O)NN=C2C(=O)Nc3ccccc32)cc1,train
CHEMBL4461094,O=C(Nc1ccc(C(=O)N/N=C2\C(=O)Nc3ccc(Br)cc32)cc1)Nc1ccc(Cl)c(C(F)(F)F)c1,VMNQFFNHDUPFDW,-1,-1,1,O=C(Nc1ccccc1)Nc1ccc(C(=O)NN=C2C(=O)Nc3ccccc32)cc1,train
CHEMBL4463359,COc1ccc(C(=O)Nc2ccc(C(=O)N/N=C3\C(=O)Nc4ccc(Br)cc43)cc2)cc1,BVMQCPNVMDVRQM,-1,-1,1,O=C1Nc2ccccc2C1=NNC(=O)c1ccc(NC(=O)c2ccccc2)cc1,train
CHEMBL4469330,COc1ccc(C(=O)Nc2ccc(C(=O)N/N=C3\C(=O)Nc4ccc(OC)cc43)cc2)cc1,BHZDMLBLXMPNIK,-1,-1,1,O=C1Nc2ccccc2C1=NNC(=O)c1ccc(NC(=O)c2ccccc2)cc1,train
CHEMBL448729,C#CCOc1cc2c(N3CCN(C(=O)Nc4ccc(Oc5ccccc5)cc4)CC3)ncnc2cc1OC,UXCTZAPHINPHDD,-1,-1,1,O=C(Nc1ccc(Oc2ccccc2)cc1)N1CCN(c2ncnc3ccccc23)CC1,train
CHEMBL449593,CNc1ccc2c(N)c(-c3nc4cc(N5CCN(C)CC5)ccc4[nH]3)c(=O)[nH]c2c1,CAAQXWCBWGARSL,-1,-1,1,O=c1[nH]c2ccccc2cc1-c1nc2cc(N3CCNCC3)ccc2[nH]1,train
CHEMBL450338,CCCCc1ccc(NC(=O)N2CCN(c3ncnc4cc(OC)c(OC)cc34)CC2)cc1,KOUDKWPXLHHVKW,-1,-1,1,O=C(Nc1ccccc1)N1CCN(c2ncnc3ccccc23)CC1,train
CHEMBL450622,COc1cccc(-c2ccc3c(c2)NC(=O)/C3=C\c2[nH]cc(C)c2CCC(=O)O)c1,JDISROKFUAYCBM,-1,-1,1,O=C1Nc2cc(-c3ccccc3)ccc2C1=Cc1ccc[nH]1,train
CHEMBL453593,COc1cc(C2=C(c3cn(CC(O)CO)c4ccccc34)CNC2=O)cc(OC)c1OC,XEPJRQDBXHUPBR,-1,-1,0,O=C1NCC(c2c[nH]c3ccccc23)=C1c1ccccc1,train
CHEMBL4553770,COc1ccc(NC(=O)Nc2ccc(C(=O)N/N=C3\C(=O)Nc4ccc(OC)cc43)cc2)cc1,DSWHZLWGPCPJSO,-1,-1,1,O=C(Nc1ccccc1)Nc1ccc(C(=O)NN=C2C(=O)Nc3ccccc32)cc1,train
CHEMBL457985,CN1CCN(c2ccc3[nH]c(=O)c(-c4nc5ccccc5[nH]4)c(N)c3c2)CC1,NZDKMYJOLQKUML,-1,-1,1,O=c1[nH]c2ccc(N3CCNCC3)cc2cc1-c1nc2ccccc2[nH]1,train
CHEMBL4634687,CCN(CC)Cc1ccc(C)n1-c1ccc(N/C(=C2\C(=O)Nc3cc(C(=O)OC)ccc32)c2ccccc2)cc1,IWUMFACXJIDRSM,-1,-1,1,O=C1Nc2ccccc2C1=C(Nc1ccc(-n2cccc2)cc1)c1ccccc1,train
CHEMBL4638817,COC(=O)c1ccc2c(c1)NC(=O)/C2=C(\Nc1ccc(-n2c(C)ccc2CN(C)C)nc1)c1ccccc1,PASJXOGTOAZNMF,-1,-1,1,O=C1Nc2ccccc2C1=C(Nc1ccc(-n2cccc2)nc1)c1ccccc1,train
CHEMBL4640617,COC(=O)c1ccc2c(c1)NC(=O)/C2=C(\Nc1ccc(-n2c(C)ccc2CN(C)C)cc1)c1ccccc1,JKLIAVHZXLNJPF,-1,-1,1,O=C1Nc2ccccc2C1=C(Nc1ccc(-n2cccc2)cc1)c1ccccc1,train
CHEMBL4641639,COC(=O)c1ccc2c(c1)NC(=O)/C2=C(\Nc1ccc(-n2cccc2CN2CCN(C)CC2)c(C)c1)c1ccccc1,HDMDHLQOFWCVOU,-1,-1,1,O=C1Nc2ccccc2C1=C(Nc1ccc(-n2cccc2CN2CCNCC2)cc1)c1ccccc1,train
CHEMBL4642920,COC(=O)c1ccc2c(c1)NC(=O)/C2=C(\Nc1ccc(-n2cccc2CN(C)C)c(C)c1)c1ccccc1,QZVJOWZERRROFN,-1,-1,1,O=C1Nc2ccccc2C1=C(Nc1ccc(-n2cccc2)cc1)c1ccccc1,train
CHEMBL4647153,COC(=O)c1ccc2c(c1)NC(=O)/C2=C(\Nc1cnc(-n2cccc2CN(C)C)c(C)c1)c1ccccc1,MEERTWJJEQVWIN,-1,-1,1,O=C1Nc2ccccc2C1=C(Nc1ccc(-n2cccc2)nc1)c1ccccc1,train
CHEMBL4647154,COC(=O)c1ccc2c(c1)NC(=O)/C2=C(\Nc1ccc(-n2cccc2CN(C)C)nc1)c1ccccc1,POUKDKKYCKGLSE,-1,-1,1,O=C1Nc2ccccc2C1=C(Nc1ccc(-n2cccc2)nc1)c1ccccc1,train
CHEMBL4746488,COc1cccc2cc(N(C)c3nc(C)nc4ccccc34)ccc12,NNUTXHLBPVZZHN,-1,-1,1,c1ccc2cc(Nc3ncnc4ccccc34)ccc2c1,train
CHEMBL4759047,Nc1nccc(COc2ccc3nc(N[C@@H]4CCCC[C@H]4O)sc3c2)c1Cl,NGKALCMOLVCFHL,-1,-1,1,c1cc(COc2ccc3nc(NC4CCCCC4)sc3c2)ccn1,train
CHEMBL4779878,COc1cc(OCc2ccnc(N)n2)c(Cl)c2sc(N[C@H]3CCCC[C@@H]3O)nc12,UTKUVLWIEWNEAC,-1,-1,0,c1cc(COc2ccc3nc(NC4CCCCC4)sc3c2)ncn1,train
CHEMBL4788832,COc1cc(OCc2ccnc(N)n2)cc2sc(N[C@@H]3CCCC[C@H]3O)nc12,QPANAVQRQRUDJJ,-1,-1,0,c1cc(COc2ccc3nc(NC4CCCCC4)sc3c2)ncn1,train
CHEMBL4798601,Nc1nccc(COc2ccc3nc(N[C@@H]4CCCC[C@H]4O)sc3c2Cl)c1Cl,QYCFHBDOJSLVRL,-1,-1,1,c1cc(COc2ccc3nc(NC4CCCCC4)sc3c2)ccn1,train
CHEMBL482715,Nc1nc(Nc2ccc(F)c(C(F)(F)F)c2)c2cc(CCc3ccccc3)[nH]c2n1,DZLMUJLCCUJDSO,-1,-1,0,c1ccc(CCc2cc3c(Nc4ccccc4)ncnc3[nH]2)cc1,train
CHEMBL484108,Nc1nc(Nc2cccc(Br)c2)c2cc(CCc3cccc4ccccc34)[nH]c2n1,QMVUXJFOCASEQU,-1,-1,0,c1ccc(Nc2ncnc3[nH]c(CCc4cccc5ccccc45)cc23)cc1,train
CHEMBL485320,Nc1nc(Nc2cccc(Br)c2)c2cc(CCc3ccccc3)[nH]c2n1,IDPINEYUDSPLGM,-1,-1,0,c1ccc(CCc2cc3c(Nc4ccccc4)ncnc3[nH]2)cc1,train
CHEMBL48760,CC(C)c1ccc(/C=C2/C(=O)Nc3ccccc32)cc1,IRQQWCZKCUQNSO,-1,-1,0,O=C1Nc2ccccc2C1=Cc1ccccc1,train
CHEMBL488646,COc1cc(C2=C(c3cn(COC(C)(C)C)c4ccccc34)CNC2=O)cc(OC)c1OC,ZFKGDYZACMFEDS,-1,-1,0,O=C1NCC(c2c[nH]c3ccccc23)=C1c1ccccc1,train
CHEMBL492399,COc1ccc(N(C)c2nc(C)nc3ccccc23)cc1,SNHCRNMVYDHVDT,-1,-1,1,c1ccc(Nc2ncnc3ccccc23)cc1,train
CHEMBL492956,O=C(/C=C/c1ccc(C(=O)Nc2cccc(Nc3ncc(-c4cccnc4)s3)c2)cc1)NO,DVPOFWNODQBJNT,-1,-1,0,O=C(Nc1cccc(Nc2ncc(-c3cccnc3)s2)c1)c1ccccc1,train
CHEMBL495529,CN1CCN(c2ccc3[nH]c(-c4c(N)c5cc(N(C)C)ccc5[nH]c4=O)nc3c2)CC1,STYDJMQKMJBSLF,-1,-1,1,O=c1[nH]c2ccccc2cc1-c1nc2cc(N3CCNCC3)ccc2[nH]1,train
CHEMBL495735,CN1CCN(c2ccc3[nH]c(-c4c(N)c5cc(NCc6ccccc6)ccc5[nH]c4=O)nc3c2)CC1,PWPWTOPEJWNZOA,-1,-1,1,O=c1[nH]c2ccc(NCc3ccccc3)cc2cc1-c1nc2cc(N3CCNCC3)ccc2[nH]1,train
CHEMBL495749,CN1CCCC(Oc2cccc3[nH]c(=O)c(-c4nc5ccccc5[nH]4)c(N)c23)C1,CTUHJNJXPMROFF,-1,-1,1,O=c1[nH]c2cccc(OC3CCCNC3)c2cc1-c1nc2ccccc2[nH]1,train
CHEMBL495762,CN1CCN(c2ccc3[nH]c(-c4c(N)c5c(Cl)cccc5[nH]c4=O)nc3c2)CC1,HWEVEQFMAGTKGM,-1,-1,1,O=c1[nH]c2ccccc2cc1-c1nc2cc(N3CCNCC3)ccc2[nH]1,train
CHEMBL495763,Cc1cccc2[nH]c(=O)c(-c3nc4cc(N5CCN(C)CC5)ccc4[nH]3)c(N)c12,JJNUVTXMRDPOPO,-1,-1,1,O=c1[nH]c2ccccc2cc1-c1nc2cc(N3CCNCC3)ccc2[nH]1,train
CHEMBL495961,CN1CCN(Cc2ccc3[nH]c(-c4c(N)c5ccccc5[nH]c4=O)nc3c2)CC1,JVYWSDGZGNKUKM,-1,-1,1,O=c1[nH]c2ccccc2cc1-c1nc2cc(CN3CCNCC3)ccc2[nH]1,train
CHEMBL495962,CN(C)CC(=O)N(C)c1ccc2[nH]c(-c3c(N)c4ccccc4[nH]c3=O)nc2c1,WNVADWMUVOLRPY,-1,-1,1,O=c1[nH]c2ccccc2cc1-c1nc2ccccc2[nH]1,train
CHEMBL495983,CN(C)c1c(-c2nc3ccccc3[nH]2)c(=O)[nH]c2ccccc12,UYTJXDFQTNTAET,-1,-1,1,O=c1[nH]c2ccccc2cc1-c1nc2ccccc2[nH]1,train
CHEMBL496762,CNc1cccc2[nH]c(=O)c(-c3nc4cc(N5CCN(C)CC5)ccc4[nH]3)c(N)c12,JAAZVIPSQFETPP,-1,-1,1,O=c1[nH]c2ccccc2cc1-c1nc2cc(N3CCNCC3)ccc2[nH]1,train
CHEMBL496763,CN1CCN(c2ccc3[nH]c(-c4c(N)c5cc(F)ccc5[nH]c4=O)nc3c2)CC1,YCNDQMGBKRXDNQ,-1,-1,1,O=c1[nH]c2ccccc2cc1-c1nc2cc(N3CCNCC3)ccc2[nH]1,train
CHEMBL496764,CN1CCN(c2ccc3[nH]c(-c4c(N)c5cc(N)ccc5[nH]c4=O)nc3c2)CC1,OPRRAWCDBYHFFP,-1,-1,1,O=c1[nH]c2ccccc2cc1-c1nc2cc(N3CCNCC3)ccc2[nH]1,train
CHEMBL498013,CN1CCN(c2ccc3[nH]c(-c4c(N)c5ccc(F)cc5[nH]c4=O)nc3c2)CC1,KTZAHPAGCSCZTG,-1,-1,1,O=c1[nH]c2ccccc2cc1-c1nc2cc(N3CCNCC3)ccc2[nH]1,train
CHEMBL498205,Cc1ccc2[nH]c(-c3c(N)c4ccccc4[nH]c3=O)nc2c1,BAWMPMUMXKTITQ,-1,-1,1,O=c1[nH]c2ccccc2cc1-c1nc2ccccc2[nH]1,train
CHEMBL498206,Cc1cc2nc(-c3c(N)c4ccccc4[nH]c3=O)[nH]c2cc1C,RKESDYSOJBSAAE,-1,-1,1,O=c1[nH]c2ccccc2cc1-c1nc2ccccc2[nH]1,train
CHEMBL498347,CN1CCN(c2ccc3[nH]c(-c4c(N)c5c(F)cc(F)cc5[nH]c4=O)nc3c2)CC1,GGBRKXPKWAKIAS,-1,-1,1,O=c1[nH]c2ccccc2cc1-c1nc2cc(N3CCNCC3)ccc2[nH]1,train
CHEMBL498348,CN1CCN(c2ccc3[nH]c(-c4c(N)c5cc(F)c(N(C)C)cc5[nH]c4=O)nc3c2)CC1,FHBAYWUJAVGYJR,-1,-1,1,O=c1[nH]c2ccccc2cc1-c1nc2cc(N3CCNCC3)ccc2[nH]1,train
CHEMBL499067,Nc1nc(Nc2ccc3[nH]ccc3c2)c2cc(CCc3ccccc3)[nH]c2n1,FIHNNYNOPNUKJK,-1,-1,0,c1ccc(CCc2cc3c(Nc4ccc5[nH]ccc5c4)ncnc3[nH]2)cc1,train
CHEMBL509435,COc1cc(C2=C(c3cn(C)c4ccccc34)C(=O)NC2)cc(OC)c1OC,DUPIINAVKMGMHG,-1,-1,0,O=C1NCC(c2ccccc2)=C1c1c[nH]c2ccccc12,train
CHEMBL514014,COc1cc(Cc2cc3c(Nc4cccc(Br)c4)nc(N)nc3[nH]2)cc(OC)c1OC,RAHJYUHWGCMOFT,-1,-1,0,c1ccc(Cc2cc3c(Nc4ccccc4)ncnc3[nH]2)cc1,train
CHEMBL514499,COc1cc2ncn(-c3cc(OCc4ccccc4C(F)(F)F)c(C(N)=O)s3)c2cc1OC,JSKUWFIZUALZLX,-1,-1,1,c1ccc(COc2csc(-n3cnc4ccccc43)c2)cc1,train
CHEMBL516047,CSc1ccc(N(C)c2nc(C)nc3ccccc23)cc1,DUEOFWOYVUMCKC,-1,-1,1,c1ccc(Nc2ncnc3ccccc23)cc1,train
CHEMBL5173185,COc1cc(Nc2ncc(C)c(Nc3ccc4cn[nH]c4c3)n2)ccc1N1CCN(C)CC1,PCQOIBJOKXSDEB,-1,-1,1,c1cc(Nc2ccc3cn[nH]c3c2)nc(Nc2ccc(N3CCNCC3)cc2)n1,train
CHEMBL5173625,CCN(CC)CCN1Cc2[nH]c(/C=C3\C(=O)Nc4ccc(Br)cc43)c(C)c2C1=O,GKTNIBQDODXGKX,-1,-1,1,O=C1Nc2ccccc2C1=Cc1cc2c([nH]1)CNC2=O,train
CHEMBL5174778,Cc1nc(NC(=O)NC(=O)C2CCCC2)ccc1Oc1ccnc(-c2cnn(C)c2)c1,AMZWYWQCAVGQIH,-1,-1,1,O=C(NC(=O)C1CCCC1)Nc1ccc(Oc2ccnc(-c3cn[nH]c3)c2)cn1,train
CHEMBL5176427,CCN(CC)CCN1Cc2[nH]c(/C=C3\C(=O)Nc4ccc(I)cc43)c(C)c2C1=O,VONSOGLDGDAOBP,-1,-1,1,O=C1Nc2ccccc2C1=Cc1cc2c([nH]1)CNC2=O,train
CHEMBL5176985,Cn1cc(-c2cc(Oc3ccc(NC(=O)NC(=O)Cc4ccc(F)cc4)nc3)ccn2)cn1,OMVAYCDDPIHBDR,-1,-1,1,O=C(Cc1ccccc1)NC(=O)Nc1ccc(Oc2ccnc(-c3cn[nH]c3)c2)cn1,train
CHEMBL5177453,Cc1cnc(Nc2ccc(N3CCNCC3)cc2)nc1Nc1ccc2cn[nH]c2c1,ZECGOWQXESMVBI,-1,-1,1,c1cc(Nc2ccc3cn[nH]c3c2)nc(Nc2ccc(N3CCNCC3)cc2)n1,train
CHEMBL5182087,Cc1cnc(Nc2ccc(N3CCC(N4CCN(C)CC4)CC3)cc2)nc1Nc1ccc2cn[nH]c2c1,CLBDTZNPSUWWJD,-1,-1,1,c1cc(Nc2ccc3cn[nH]c3c2)nc(Nc2ccc(N3CCC(N4CCNCC4)CC3)cc2)n1,train
CHEMBL5183210,Cc1nc(-c2cnc(NC3CC3)n(C)c2=O)ccc1Oc1ccnc(-c2cnn(C)c2)c1,ZJIRIQBCHHNGDO,-1,-1,1,O=c1[nH]c(NC2CC2)ncc1-c1ccc(Oc2ccnc(-c3cn[nH]c3)c2)cn1,train
CHEMBL5183593,COc1cc(N2CCN(C)CC2)ccc1Nc1ncc(C)c(Nc2ccc3cn[nH]c3c2)n1,KHZNPBYKXJANSV,-1,-1,1,c1cc(Nc2ccc3cn[nH]c3c2)nc(Nc2ccc(N3CCNCC3)cc2)n1,train
CHEMBL5184634,CCN1CCN(c2ccc(Nc3ncc(C)c(Nc4ccc5cn[nH]c5c4)n3)cc2OC)CC1,PQIKUMYNSRASMV,-1,-1,1,c1cc(Nc2ccc3cn[nH]c3c2)nc(Nc2ccc(N3CCNCC3)cc2)n1,train
CHEMBL5186979,Cc1cc(NC(=O)NC(=O)Cc2ccc(F)cc2)ncc1Oc1ccnc(-c2cnn(C)c2)c1,ZXAMVJNNDJRGFG,-1,-1,1,O=C(Cc1ccccc1)NC(=O)Nc1ccc(Oc2ccnc(-c3cn[nH]c3)c2)cn1,train
CHEMBL5188763,Cc1cnc(Nc2ccc(C(=O)N3CCN(C)CC3)cc2)nc1Nc1ccc2cn[nH]c2c1,QFOLIEMAGXRGHA,-1,-1,1,O=C(c1ccc(Nc2nccc(Nc3ccc4cn[nH]c4c3)n2)cc1)N1CCNCC1,train
CHEMBL5190005,CCN1CCN(c2ccc(Nc3ncc(C)c(Nc4ccc5cn[nH]c5c4)n3)c(OC)c2)CC1,VKTZTNPHNQXFTQ,-1,-1,1,c1cc(Nc2ccc3cn[nH]c3c2)nc(Nc2ccc(N3CCNCC3)cc2)n1,train
CHEMBL5190076,COc1cc(N2CCC(N3CCN(C)CC3)CC2)ccc1Nc1ncc(C)c(Nc2ccc3cn[nH]c3c2)n1,JOCJOJHKDUXVEF,-1,-1,1,c1cc(Nc2ccc3cn[nH]c3c2)nc(Nc2ccc(N3CCC(N4CCNCC4)CC3)cc2)n1,train
CHEMBL5190097,Cn1cc(-c2cc(Oc3ccc(NC(=O)NC(=O)Cc4ccc(F)cc4)cc3F)ccn2)cn1,XOCLVVBZUKTGHF,-1,-1,1,O=C(Cc1ccccc1)NC(=O)Nc1ccc(Oc2ccnc(-c3cn[nH]c3)c2)cc1,train
CHEMBL5192630,Cc1nc(-c2cnc(NC3CCCC3)[nH]c2=O)ccc1Oc1ccnc(-c2cnn(C)c2)c1,XUJIISUKTLKCLK,-1,-1,1,O=c1[nH]c(NC2CCCC2)ncc1-c1ccc(Oc2ccnc(-c3cn[nH]c3)c2)cn1,train
CHEMBL5199374,COc1cc(CCc2cc(-c3nc4ccc(N5CCN(C)CC5)cc4[nH]3)n[nH]2)cc(OC)c1,QHCGPJPIPKDWAT,-1,-1,1,c1ccc(CCc2cc(-c3nc4ccc(N5CCNCC5)cc4[nH]3)n[nH]2)cc1,train
CHEMBL5206146,COc1ccc2c(c1)/C(=N\Nc1nnc3n1N=C(c1ccccc1)CS3)C(=O)N2,SLAPIUVWEXPJFW,-1,-1,1,O=C1Nc2ccccc2C1=NNc1nnc2n1N=C(c1ccccc1)CS2,train
CHEMBL5206811,Cc1cnc(Nc2ccc(N3CCC(F)(F)CC3)cc2)nc1Nc1ccc2cn[nH]c2c1,GZYVOINWLCLXNA,-1,-1,1,c1cc(Nc2ccc3cn[nH]c3c2)nc(Nc2ccc(N3CCCCC3)cc2)n1,train
CHEMBL520803,C#Cc1cccc(Nc2nc(N)nc3[nH]c(CCc4ccccc4)cc23)c1,MSQHAWRUZQTEEW,-1,-1,0,c1ccc(CCc2cc3c(Nc4ccccc4)ncnc3[nH]2)cc1,train
CHEMBL5208704,CCN1CCN(c2ccc(Nc3ncc(C)c(Nc4ccc5cn[nH]c5c4)n3)cc2)CC1,XPIJYXJOPYOBMH,-1,-1,1,c1cc(Nc2ccc3cn[nH]c3c2)nc(Nc2ccc(N3CCNCC3)cc2)n1,train
CHEMBL521552,CNc1c(-c2nc3ccccc3[nH]2)c(=O)[nH]c2ccccc12,QVGVBYVGAVEJHP,-1,-1,1,O=c1[nH]c2ccccc2cc1-c1nc2ccccc2[nH]1,train
CHEMBL522732,CN1CCN(c2ccc3[nH]c(-c4c(N)c5cc(F)c(F)cc5[nH]c4=O)nc3c2)CC1,RWBSHLPMAISSHT,-1,-1,1,O=c1[nH]c2ccccc2cc1-c1nc2cc(N3CCNCC3)ccc2[nH]1,train
CHEMBL523571,Cn1c(=O)c(-c2nc3ccccc3[nH]2)c(O)c2ccccc21,LHVLYDTWLCHLHP,-1,-1,0,O=c1[nH]c2ccccc2cc1-c1nc2ccccc2[nH]1,train
CHEMBL523684,O=C(/C=C/c1ccc(C(=O)Nc2cccc(Nc3ncc(-c4cccnc4)s3)c2)s1)NO,IKGFSNOPTDDJGY,-1,-1,0,O=C(Nc1cccc(Nc2ncc(-c3cccnc3)s2)c1)c1cccs1,train
CHEMBL523745,CN1CCN(c2ccc3[nH]c(-c4c(N)c5cc(Cl)ccc5[nH]c4=O)nc3c2)CC1,ZDEYUKODQZFZIK,-1,-1,1,O=c1[nH]c2ccccc2cc1-c1nc2cc(N3CCNCC3)ccc2[nH]1,train
CHEMBL526836,CN1CCN(c2ccc3[nH]c(-c4c(N)c5cccc(F)c5[nH]c4=O)nc3c2)CC1,XALNEEALNAULMH,-1,-1,1,O=c1[nH]c2ccccc2cc1-c1nc2cc(N3CCNCC3)ccc2[nH]1,train
CHEMBL529663,COc1cc(C2=C(c3c[nH]c4ccccc34)CNC2=O)cc(OC)c1OC,YTFRDKYCZHOSMM,-1,-1,0,O=C1NCC(c2c[nH]c3ccccc23)=C1c1ccccc1,train
CHEMBL5402951,COc1ccc(C2=Nn3c(N/N=C4\C(=O)Nc5ccc(F)cc54)nnc3SC2)cc1,CZWYEDGCSGHCHN,-1,-1,1,O=C1Nc2ccccc2C1=NNc1nnc2n1N=C(c1ccccc1)CS2,train
CHEMBL5419652,N#Cc1ccc(Nc2nccc(C(=O)Nc3cnccc3-c3ccc(F)cc3)n2)cc1,QLWFPXXGZGCHFQ,-1,-1,0,O=C(Nc1cnccc1-c1ccccc1)c1ccnc(Nc2ccccc2)n1,train
CHEMBL54283,CCS(=O)(=O)c1ccc2c(c1)/C(=C/c1[nH]c3c(c1CCCN1CCN(C)CC1)CCCC3)C(=O)N2,CFIIVSLTMJHIQA,-1,-1,0,O=C1Nc2ccccc2C1=Cc1[nH]c2c(c1CCCN1CCNCC1)CCCC2,train
CHEMBL5591364,COc1cc2nccc(Oc3ccc(NC(=S)NC4CC4)c(Cl)c3F)c2cc1C(N)=O,KYJMGZFTFUOCOO,-1,-1,1,S=C(Nc1ccc(Oc2ccnc3ccccc23)cc1)NC1CC1,train
CHEMBL5740197,COC(=O)c1ccc2c(c1)NC(=O)/C2=C(\Nc1ccc(C(=O)NOCCN(C)CCO)cc1)c1ccccc1,AOHLFNGYVXMGNP,-1,-1,1,O=C1Nc2ccccc2C1=C(Nc1ccccc1)c1ccccc1,train
CHEMBL5740416,COC(=O)c1cc2c(cc1C)/C(=C(/Nc1ccc(C(=O)N(OC)C3CCN(C)CC3)c(C)c1)c1ccccc1)C(=O)N2,IISXSKIQHHGCGE,-1,-1,1,O=C1Nc2ccccc2C1=C(Nc1ccc(C(=O)NC2CCNCC2)cc1)c1ccccc1,train
CHEMBL5742274,Cc1ccc(O)cc1Nc1ccnc2c1C(=O)Nc1cc(CNC(C)C(C)C)ccc1N2,LFYIJZIUOBYEBW,-1,-1,1,O=C1Nc2ccccc2Nc2nccc(Nc3ccccc3)c21,train
CHEMBL5742315,COC(=O)c1cc2c(cc1C)/C(=C(/Nc1ccc(C(=O)NCCN3CCC(F)(F)CC3)cc1)c1ccccc1)C(=O)N2,JNFPOOBKOALVEY,-1,-1,1,O=C1Nc2ccccc2C1=C(Nc1ccc(C(=O)NCCN2CCCCC2)cc1)c1ccccc1,train
CHEMBL5743213,CCNC(=O)c1ccc2c(c1)NC(=O)c1c(Nc3cc(O)c(C)cc3F)ccnc1N2,ZMLDVKWBDWLLML,-1,-1,1,O=C1Nc2ccccc2Nc2nccc(Nc3ccccc3)c21,train
CHEMBL5743342,CNCc1ccc2c(c1)NC(=O)c1c(Nc3cc(O)ccc3C)ccnc1N2,UVRLRMVYKSBGHX,-1,-1,1,O=C1Nc2ccccc2Nc2nccc(Nc3ccccc3)c21,train
CHEMBL5743465,Cc1cc(F)c(Nc2ccnc3c2C(=O)Nc2cc(CNCCO)ccc2N3)cc1O,OMASESMZSSNIBS,-1,-1,1,O=C1Nc2ccccc2Nc2nccc(Nc3ccccc3)c21,train
CHEMBL5744483,Cc1cc(F)c(Nc2ccnc3c2C(=O)Nc2cc(CN4CCC(C)(C)CC4)ccc2N3)cc1O,HJRLGIHYFRRZGA,-1,-1,1,O=C1Nc2cc(CN3CCCCC3)ccc2Nc2nccc(Nc3ccccc3)c21,train
CHEMBL5745191,COC(=O)c1cc2c(cc1C)/C(=C(/Nc1ccc(C(=O)NOCCN3CCN(C)CC3)c(F)c1)c1ccccc1)C(=O)N2,PIKYCWIZICBHRG,-1,-1,1,O=C1Nc2ccccc2C1=C(Nc1ccc(C(=O)NOCCN2CCNCC2)cc1)c1ccccc1,train
CHEMBL5745206,Cc1cc(F)c(Nc2ccnc3c2C(=O)Nc2cc(CN4CCC(O)C4)ccc2N3)cc1O,QIZGCINCAAEMBX,-1,-1,1,O=C1Nc2cc(CN3CCCC3)ccc2Nc2nccc(Nc3ccccc3)c21,train
CHEMBL5745452,O=C1Nc2cc(CN3CCC(O)CC3)ccc2Nc2nccc(Nc3cc(O)c(Cl)cc3F)c21,WYCNEMUMQDPFHP,-1,-1,1,O=C1Nc2cc(CN3CCCCC3)ccc2Nc2nccc(Nc3ccccc3)c21,train
CHEMBL5745861,Cc1cc(F)c(Nc2ccnc3c2C(=O)Nc2cc(C(=O)NC4CCCC(O)C4)ccc2N3)cc1O,XCTJBNLLBRCFCQ,-1,-1,1,O=C(NC1CCCCC1)c1ccc2c(c1)NC(=O)c1c(Nc3ccccc3)ccnc1N2,train
CHEMBL5750053,COC(=O)CCCCS(=O)(CCCCC(=O)OC)=NC(=O)c1cnc(N)c(-c2ccc(NC(=O)Nc3cc(C)ccc3F)cc2)c1,ARGHFZWUEDAHOL,-1,-1,1,O=C(Nc1ccccc1)Nc1ccc(-c2cccnc2)cc1,train
CHEMBL5750458,Cc1ccc(O)cc1Nc1ccnc2c1C(=O)Nc1cc(CNCC(C)(C)C)ccc1N2,SGQQSWUDPWLSBL,-1,-1,1,O=C1Nc2ccccc2Nc2nccc(Nc3ccccc3)c21,train
CHEMBL5750665,COP(=O)(OC)c1cnc(N)c(-c2ccc(NC(=O)Nc3cc(C)ccc3F)cc2)c1,LAVZLEWUCBFRHA,-1,-1,1,O=C(Nc1ccccc1)Nc1ccc(-c2cccnc2)cc1,train
CHEMBL5751150,COC(=O)c1cc2c(cc1C)/C(=C(/Nc1ccc(C(=O)NOCCCN(C)C)cc1)c1ccccc1)C(=O)N2,ZASMEEJOVACSTK,-1,-1,1,O=C1Nc2ccccc2C1=C(Nc1ccccc1)c1ccccc1,train
CHEMBL5751825,CC1(C)OB(c2cnc(N)c(-c3cc4cc(NC(=O)Nc5cc(C(F)(F)F)ccc5F)ccc4s3)c2)OC1(C)C,GUNVMVOGSVHUBU,-1,-1,1,O=C(Nc1ccccc1)Nc1ccc2sc(-c3cncc(B4OCCO4)c3)cc2c1,train
CHEMBL5752345,CNC(=O)CN1CCN(CCONC(=O)c2ccc(N/C(=C3\C(=O)Nc4cc(C(=O)OC)c(C)cc43)c3ccccc3)cc2)CC1,JFJXNCYWRQBYGK,-1,-1,1,O=C1Nc2ccccc2C1=C(Nc1ccc(C(=O)NOCCN2CCNCC2)cc1)c1ccccc1,train
CHEMBL5753399,COC(=O)c1cc2c(cc1C)/C(=C(/Nc1ccc(C(=O)N(OC)C3CCN(C)CC3)cc1)c1ccccc1)C(=O)N2,IYEQRNGTRJYQEW,-1,-1,1,O=C1Nc2ccccc2C1=C(Nc1ccc(C(=O)NC2CCNCC2)cc1)c1ccccc1,train
CHEMBL5755390,Cc1cc(F)c(Nc2ccnc3c2C(=O)Nc2cc(C(=O)N4CCC(O)CC4)ccc2N3)cc1O,GHHLGOSWKKKPAV,-1,-1,1,O=C1Nc2cc(C(=O)N3CCCCC3)ccc2Nc2nccc(Nc3ccccc3)c21,train
CHEMBL5755881,COC(=O)c1ccc2c(c1)NC(=O)/C2=C(\Nc1ccc(C(=O)NOCCN2CCC(C#N)CC2)cc1)c1ccccc1,OFLUDTFEINFEBP,-1,-1,1,O=C1Nc2ccccc2C1=C(Nc1ccc(C(=O)NOCCN2CCCCC2)cc1)c1ccccc1,train
CHEMBL5757674,COC(=O)c1ccc2c(c1)NC(=O)/C2=C(\Nc1ccc(C(=O)NOCCN(C)C)cc1)c1ccccc1,MMKGCMKHOQBTJH,-1,-1,1,O=C1Nc2ccccc2C1=C(Nc1ccccc1)c1ccccc1,train
CHEMBL5758097,CCN(CC)Cc1ccc2c(c1)NC(=O)c1c(Nc3cc(O)c(Cl)cc3F)ccnc1N2,MRYVITFPRDXAHG,-1,-1,1,O=C1Nc2ccccc2Nc2nccc(Nc3ccccc3)c21,train
CHEMBL5758597,Cc1cc(F)c(Nc2ccnc3c2C(=O)Nc2cc(CNC(C)C)ccc2N3)cc1O,LOCPAEPNEIAJSG,-1,-1,1,O=C1Nc2ccccc2Nc2nccc(Nc3ccccc3)c21,train
CHEMBL5759219,CNC(=O)CN1CCN(C(=O)c2ccc(N/C(=C3\C(=O)Nc4cc(C(=O)OC)c(C)cc43)c3ccccc3)cc2)CC1,RJIWXRGRXHMIJN,-1,-1,1,O=C1Nc2ccccc2C1=C(Nc1ccc(C(=O)N2CCNCC2)cc1)c1ccccc1,train
CHEMBL5759280,Cc1ccc(O)cc1Nc1ccnc2c1C(=O)Nc1cc(CN[C@@H](CO)C(C)C)ccc1N2,JUAOOEGSHIUSJA,-1,-1,1,O=C1Nc2ccccc2Nc2nccc(Nc3ccccc3)c21,train
CHEMBL5759319,CCCNCc1ccc2c(c1)NC(=O)c1c(Nc3cc(O)ccc3C)ccnc1N2,XTPMOIFZATWEBG,-1,-1,1,O=C1Nc2ccccc2Nc2nccc(Nc3ccccc3)c21,train
CHEMBL5759396,Cc1cc(F)c(Nc2ccnc3c2C(=O)Nc2cc(C(=O)O)ccc2N3)cc1O,AEVSTCDHIUJZNA,-1,-1,1,O=C1Nc2ccccc2Nc2nccc(Nc3ccccc3)c21,train
CHEMBL5759508,Cc1cc(F)c(Nc2ccnc3c2C(=O)Nc2cc(CN(C)CCCO)ccc2N3)cc1O,WBFPMZZURZSNBB,-1,-1,1,O=C1Nc2ccccc2Nc2nccc(Nc3ccccc3)c21,train
CHEMBL5759623,N#Cc1ccc2c(c1)NC(=O)c1c(Nc3ccc(O)c(O)c3)ccnc1N2,FJLYBAKQSAOCSF,-1,-1,1,O=C1Nc2ccccc2Nc2nccc(Nc3ccccc3)c21,train
CHEMBL5760027,Cc1ccc(O)cc1Nc1ccnc2c1C(=O)Nc1cc(CNC3CC3)ccc1N2,JRWQMURFOYPHJJ,-1,-1,1,O=C1Nc2cc(CNC3CC3)ccc2Nc2nccc(Nc3ccccc3)c21,train
CHEMBL5760294,COC(=O)c1cc2c(cc1C)/C(=C(/Nc1ccc(C(=O)OC(C)(C)C)cc1)c1ccccc1)C(=O)N2C(C)=O,VPWJHKVHKZOWKO,-1,-1,1,O=C1Nc2ccccc2C1=C(Nc1ccccc1)c1ccccc1,train
CHEMBL5760465,CCCOC1CCCN(Cc2ccc3c(c2)NC(=O)c2c(Nc4cc(O)c(C)cc4F)ccnc2N3)C1,ZOKZHFIBKOVHBQ,-1,-1,1,O=C1Nc2cc(CN3CCCCC3)ccc2Nc2nccc(Nc3ccccc3)c21,train
CHEMBL5761942,COC(=O)CCCCCNC(=O)c1cnc(N)c(-c2cc3cc(NC(=O)Nc4cccc(C)c4)ccc3s2)c1,NEJNPBCBKDPULI,-1,-1,1,O=C(Nc1ccccc1)Nc1ccc2sc(-c3cccnc3)cc2c1,train
CHEMBL5762581,Cc1cc(F)c(Nc2ccnc3c2C(=O)Nc2cc(C(N)=O)ccc2N3)cc1O,GCVSOKZESRXLDF,-1,-1,1,O=C1Nc2ccccc2Nc2nccc(Nc3ccccc3)c21,train
CHEMBL5763315,CCN(Cc1ccc2c(c1)NC(=O)c1c(Nc3cc(O)c(C)cc3F)ccnc1N2)CC(C)O,MBRAIJANXVZJAV,-1,-1,1,O=C1Nc2ccccc2Nc2nccc(Nc3ccccc3)c21,train
CHEMBL5763696,COC(=O)c1ccc2c(c1)NC(=O)/C2=C(\Nc1ccc(C(=O)NOCCN2CCC(O)CC2)cc1)c1ccccc1,ZZGOGKOPTVVJLD,-1,-1,1,O=C1Nc2ccccc2C1=C(Nc1ccc(C(=O)NOCCN2CCCCC2)cc1)c1ccccc1,train
CHEMBL5764598,N#Cc1ccc2c(c1)NC(=O)c1c(Nc3ccc(Cl)c(O)c3)ccnc1N2,HZHDGZNDKAIYRX,-1,-1,1,O=C1Nc2ccccc2Nc2nccc(Nc3ccccc3)c21,train
CHEMBL5767398,COc1cccc(Sc2sc3nc(N)nc(N)c3c2C)c1,CFMWWZHVBLVEMM,-1,-1,0,c1ccc(Sc2cc3cncnc3s2)cc1,train
CHEMBL5770010,COC(=O)c1cc2c(cc1C)/C(=C(/Nc1ccc(C(=O)NC3CCN(CCO)CC3)cc1)c1ccccc1)C(=O)N2,QUTYYJGQIXIMSJ,-1,-1,1,O=C1Nc2ccccc2C1=C(Nc1ccc(C(=O)NC2CCNCC2)cc1)c1ccccc1,train
CHEMBL5770439,COC(=O)c1cc2c(cc1C)/C(=C(/Nc1ccc(C(=O)NCCN3CCC(N(C)C)CC3)cc1)c1ccccc1)C(=O)N2,YYICSPRZBVQPTF,-1,-1,1,O=C1Nc2ccccc2C1=C(Nc1ccc(C(=O)NCCN2CCCCC2)cc1)c1ccccc1,train
CHEMBL5773012,CS(C)(=O)=NC(=O)c1cnc(N)c(-c2cc3cc(NC(=O)c4cc(C(F)(F)F)ccc4F)ccc3s2)c1,LVVMPDZXTNGTBQ,-1,-1,1,O=C(Nc1ccc2sc(-c3cccnc3)cc2c1)c1ccccc1,train
CHEMBL5773308,Cc1ccc(F)c(NC(=O)Nc2ccc(-c3nn(CCCN(C)CCCC(=O)NO)c4ncnc(N)c34)cc2)c1,LYPBZYVWGNJHCD,-1,-1,1,O=C(Nc1ccccc1)Nc1ccc(-c2n[nH]c3ncncc23)cc1,train
CHEMBL5774556,Cc1ccc(O)cc1Nc1ccnc2c1C(=O)Nc1cc(CNCC3CCN(C(C)C)C3)ccc1N2,KZDZEOQORZMZJN,-1,-1,1,O=C1Nc2cc(CNCC3CCNC3)ccc2Nc2nccc(Nc3ccccc3)c21,train
CHEMBL5774715,Cc1cc(F)c(Nc2ccnc3c2C(=O)Nc2cc(CN4CCC(N(C)C)CC4)ccc2N3)cc1O,NZDHEVOTZDNDBN,-1,-1,1,O=C1Nc2cc(CN3CCCCC3)ccc2Nc2nccc(Nc3ccccc3)c21,train
CHEMBL5775020,Cc1cc(F)c(Nc2ccnc3c2C(=O)Nc2cc(C(=O)N4CCC(O)C4)ccc2N3)cc1O,HPIULPPERVHOJE,-1,-1,1,O=C1Nc2cc(C(=O)N3CCCC3)ccc2Nc2nccc(Nc3ccccc3)c21,train
CHEMBL5776848,COC(=O)c1ccc2c(c1)NC(=O)/C2=C(\Nc1ccc(C(=O)NOCCN2CCC(N(C)C)CC2)cc1)c1ccccc1,SCCKBJZRORUBHR,-1,-1,1,O=C1Nc2ccccc2C1=C(Nc1ccc(C(=O)NOCCN2CCCCC2)cc1)c1ccccc1,train
CHEMBL5777521,Cc1cccc(NC(=O)Nc2ccc3sc(-c4cc(B(O)O)cnc4N)cc3c2)c1,OPZUWYWYATWDBE,-1,-1,1,O=C(Nc1ccccc1)Nc1ccc2sc(-c3cccnc3)cc2c1,train
CHEMBL5779248,COC(=O)c1cc2c(cc1C)/C(=C(/Nc1ccc(C(=O)N(C)C3CCN(CCO)CC3)cc1)c1ccccc1)C(=O)N2,PGQJZWZFOOWFNP,-1,-1,1,O=C1Nc2ccccc2C1=C(Nc1ccc(C(=O)NC2CCNCC2)cc1)c1ccccc1,train
CHEMBL5780343,Cc1cc(F)c(Nc2ccnc3c2C(=O)Nc2cc(CN(C)CCO)ccc2N3)cc1O,NNYCTPRWKDDLFA,-1,-1,1,O=C1Nc2ccccc2Nc2nccc(Nc3ccccc3)c21,train
CHEMBL5780945,COC(=O)c1cc2c(cc1C)/C(=C(/Nc1ccc(C(=O)NCCN(C)C)cc1)c1ccccc1)C(=O)N2,OMWAXUAYDHMCSG,-1,-1,1,O=C1Nc2ccccc2C1=C(Nc1ccccc1)c1ccccc1,train
CHEMBL5781023,COC(=O)c1cc2c(cc1C)/C(=C(/Nc1ccc(C(=O)NOCCN3CCN(C)CC3)c(C)c1)c1ccccc1)C(=O)N2,HUMKYTSWTIZLSI,-1,-1,1,O=C1Nc2ccccc2C1=C(Nc1ccc(C(=O)NOCCN2CCNCC2)cc1)c1ccccc1,train
CHEMBL5781479,Cc1ccc(O)cc1Nc1ccnc2c1C(=O)Nc1cc(CNCCCOC(C)C)ccc1N2,JLSKHZFXEMMJPA,-1,-1,1,O=C1Nc2ccccc2Nc2nccc(Nc3ccccc3)c21,train
CHEMBL5782691,COC(=O)c1ccc2c(c1)NC(=O)/C2=C(\Nc1ccc(C(=O)NOCCN2CCN(C)CC2)c(C)c1)c1ccccc1,CPLREIYJOXSORV,-1,-1,1,O=C1Nc2ccccc2C1=C(Nc1ccc(C(=O)NOCCN2CCNCC2)cc1)c1ccccc1,train
CHEMBL5782730,N#Cc1ccc2c(c1)NC(=O)c1c(Nc3cc(O)c(F)cc3F)ccnc1N2,BLNFXBVDIFFNQY,-1,-1,1,O=C1Nc2ccccc2Nc2nccc(Nc3ccccc3)c21,train
CHEMBL5782903,COC(=O)c1cc2c(cc1C)/C(=C(/Nc1ccc(C(=O)NCC(=O)N3CCN(C)CC3)cc1)c1ccccc1)C(=O)N2,WJRBHBFXWWGLBI,-1,-1,1,O=C1Nc2ccccc2C1=C(Nc1ccc(C(=O)NCC(=O)N2CCNCC2)cc1)c1ccccc1,train
CHEMBL5783293,Cc1cc(F)c(Nc2ccnc3c2C(=O)Nc2cc(CN4CCC(O)CC4)ccc2N3)cc1O,VDTIARDTOLLQLW,-1,-1,1,O=C1Nc2cc(CN3CCCCC3)ccc2Nc2nccc(Nc3ccccc3)c21,train
CHEMBL5783751,CS(C)(=O)=NC(=O)c1cnc(N)c(-c2cc3cc(NC(=O)Nc4ccc(Cl)c(C(F)(F)F)c4)ccc3s2)c1,KWVSNBQCQKQRHX,-1,-1,1,O=C(Nc1ccccc1)Nc1ccc2sc(-c3cccnc3)cc2c1,train
CHEMBL5785162,COC(=O)c1cc2c(cc1C)/C(=C(/Nc1ccc(C(=O)NCC(=O)N3CCN(CCO)CC3)cc1)c1ccccc1)C(=O)N2,XBUZLFQDBPBWCK,-1,-1,1,O=C1Nc2ccccc2C1=C(Nc1ccc(C(=O)NCC(=O)N2CCNCC2)cc1)c1ccccc1,train
CHEMBL5785184,Cc1cccc(NC(=O)Nc2ccc(-c3cc(C(=O)N=S(=O)(CCCO)CCCO)cnc3N)cc2)c1,GKQJWEMAFMQEBO,-1,-1,1,O=C(Nc1ccccc1)Nc1ccc(-c2cccnc2)cc1,train
CHEMBL5786043,COC(=O)c1ccc2c(c1)NC(=O)/C2=C(\Nc1ccc(C(=O)NOCCN(C)C)c(F)c1)c1ccccc1,JJLJYAPQIYLGFI,-1,-1,1,O=C1Nc2ccccc2C1=C(Nc1ccccc1)c1ccccc1,train
CHEMBL5786748,CCNCc1ccc2c(c1)NC(=O)c1c(Nc3cc(O)ccc3C)ccnc1N2,BWHGTIFBFVAAKP,-1,-1,1,O=C1Nc2ccccc2Nc2nccc(Nc3ccccc3)c21,train
CHEMBL5786804,COC(=O)CCCCS(=O)(CCCCC(=O)OC)=NC(=O)c1cnc(N)c(-c2ccc(NC(=O)Nc3cccc(C)c3)cc2)c1,FCLKRFRHSLRCNR,-1,-1,1,O=C(Nc1ccccc1)Nc1ccc(-c2cccnc2)cc1,train
CHEMBL5787103,Cc1ccc(O)cc1Nc1ccnc2c1C(=O)Nc1cc(CNCC3CCC(=O)N3C)ccc1N2,FVMGYQFMPDBSFC,-1,-1,1,O=C1CCC(CNCc2ccc3c(c2)NC(=O)c2c(Nc4ccccc4)ccnc2N3)N1,train
CHEMBL5787361,Cc1cc(F)c(Nc2ccnc3c2C(=O)Nc2cc(CN4CC[C@@H](N)C4)ccc2N3)cc1O,JEZNQOLZSHORKU,-1,-1,1,O=C1Nc2cc(CN3CCCC3)ccc2Nc2nccc(Nc3ccccc3)c21,train
CHEMBL5788396,Cc1cccc(NC(=O)Nc2ccc3sc(-c4cc(B5OC(C)(C)C(C)(C)O5)cnc4N)cc3c2)c1,WXDFDFLBQMYLPO,-1,-1,1,O=C(Nc1ccccc1)Nc1ccc2sc(-c3cncc(B4OCCO4)c3)cc2c1,train
CHEMBL5788567,COC(=O)c1cnc(N)c(-c2cc3cc(NC(=O)c4ccccc4)ccc3s2)c1,QMJKEYITGFHQIL,-1,-1,1,O=C(Nc1ccc2sc(-c3cccnc3)cc2c1)c1ccccc1,train
CHEMBL5792250,COC(=O)CCCNC(=O)c1cnc(N)c(-c2cc3cc(NC(=O)Nc4cccc(C)c4)ccc3s2)c1,QWTWVOKZFNBXBO,-1,-1,1,O=C(Nc1ccccc1)Nc1ccc2sc(-c3cccnc3)cc2c1,train
CHEMBL5793440,Cc1cc(F)c(Nc2ccnc3c2C(=O)Nc2cc(CNC4CC(F)(F)C4)ccc2N3)cc1O,LUQXZVFBJJZMSL,-1,-1,1,O=C1Nc2cc(CNC3CCC3)ccc2Nc2nccc(Nc3ccccc3)c21,train
CHEMBL5793745,N#Cc1ccc2c(c1)NC(=O)c1c(Nc3ccc(Br)c(O)c3)ccnc1N2,PMNKHDAXQLPDIQ,-1,-1,1,O=C1Nc2ccccc2Nc2nccc(Nc3ccccc3)c21,train
CHEMBL5794260,COC(=O)c1cc2c(cc1C)/C(=C(/Nc1ccc(C(=O)N3CCN(CC(=O)NCCO)CC3)cc1)c1ccccc1)C(=O)N2,YIQKRGSTCNRKES,-1,-1,1,O=C1Nc2ccccc2C1=C(Nc1ccc(C(=O)N2CCNCC2)cc1)c1ccccc1,train
CHEMBL5794652,COCCN(C)CCNC(=O)c1ccc(N/C(=C2\C(=O)Nc3cc(C(=O)OC)c(C)cc32)c2ccccc2)cc1,REDQNEIEGUJUSR,-1,-1,1,O=C1Nc2ccccc2C1=C(Nc1ccccc1)c1ccccc1,train
CHEMBL5795369,Cc1cc(F)c(Nc2ccnc3c2C(=O)Nc2cc(C(=O)N4C[C@H](O)C[C@H]4CO)ccc2N3)cc1O,FEWAGHIBDBSVCS,-1,-1,1,O=C1Nc2cc(C(=O)N3CCCC3)ccc2Nc2nccc(Nc3ccccc3)c21,train
CHEMBL5795811,Cc1cc(F)c(Nc2ccnc3c2C(=O)Nc2cc(CN4C[C@@H](O)[C@@H](O)C4)ccc2N3)cc1O,JQWRPCZUMWGJSB,-1,-1,1,O=C1Nc2cc(CN3CCCC3)ccc2Nc2nccc(Nc3ccccc3)c21,train
CHEMBL5796144,COC(=O)c1cc2c(cc1C)/C(=C(/Nc1ccc(C(=O)N3CCC(C(N)=O)(N4CCCCC4)CC3)cc1)c1ccccc1)C(=O)N2,MHUDJGJLMGAWOB,-1,-1,1,O=C1Nc2ccccc2C1=C(Nc1ccc(C(=O)N2CCC(N3CCCCC3)CC2)cc1)c1ccccc1,train
CHEMBL5798568,COC(=O)c1cc2c(cc1C)/C(=C(/Nc1ccc(C(=O)NCCN3CCNC(=O)C3)c(F)c1)c1ccccc1)C(=O)N2,PTMRLZVVTLYCDK,-1,-1,1,O=C1CN(CCNC(=O)c2ccc(NC(=C3C(=O)Nc4ccccc43)c3ccccc3)cc2)CCN1,train
CHEMBL5800560,COC(=O)c1cnc(N)c(-c2ccc(NC(=O)Nc3ccc(Cl)c(C(F)(F)F)c3)cc2)c1,WKHDSXVHKWSTGS,-1,-1,1,O=C(Nc1ccccc1)Nc1ccc(-c2cccnc2)cc1,train
CHEMBL5800928,Cc1ccc(O)cc1Nc1ccnc2c1C(=O)Nc1cc(CN[C@H](CO)c3ccccc3)ccc1N2,QOPDGZWWDPNCDK,-1,-1,1,O=C1Nc2cc(CNCc3ccccc3)ccc2Nc2nccc(Nc3ccccc3)c21,train
CHEMBL5802104,Cc1ccc(O)cc1Nc1ccnc2c1C(=O)Nc1cc(CNCCN3CCOCC3)ccc1N2,KGSFRFBLOVIBMQ,-1,-1,1,O=C1Nc2cc(CNCCN3CCOCC3)ccc2Nc2nccc(Nc3ccccc3)c21,train
CHEMBL5805264,COC(=O)c1cnc(N)c(-c2cc3cc(NC(=O)c4cccc(C)c4)ccc3s2)c1,VYGZYNLUTMTLKL,-1,-1,1,O=C(Nc1ccc2sc(-c3cccnc3)cc2c1)c1ccccc1,train
CHEMBL5805854,Cc1ccc(O)cc1Nc1ccnc2c1C(=O)Nc1cc(CNC(CO)c3ccccc3)ccc1N2,QOPDGZWWDPNCDK,-1,-1,1,O=C1Nc2cc(CNCc3ccccc3)ccc2Nc2nccc(Nc3ccccc3)c21,train
CHEMBL5808220,Cc1ccc(O)cc1Nc1ccnc2c1C(=O)Nc1cc(CNCc3cccc(F)c3)ccc1N2,BYRLMZPLBVGQSG,-1,-1,1,O=C1Nc2cc(CNCc3ccccc3)ccc2Nc2nccc(Nc3ccccc3)c21,train
CHEMBL5810674,CCOCCN(CC)Cc1ccc2c(c1)NC(=O)c1c(Nc3cc(O)c(C)cc3F)ccnc1N2,XMFJUJPBMXFKQN,-1,-1,1,O=C1Nc2ccccc2Nc2nccc(Nc3ccccc3)c21,train
CHEMBL5811363,COC(=O)c1ccc2c(c1)NC(=O)/C2=C(\Nc1ccc(C(=O)N(C)OCCN2CCN(C)CC2)cc1)c1ccccc1,RCMWTMHAMLWFGA,-1,-1,1,O=C1Nc2ccccc2C1=C(Nc1ccc(C(=O)NOCCN2CCNCC2)cc1)c1ccccc1,train
CHEMBL5811378,Cc1cc(F)c(Nc2ccnc3c2C(=O)Nc2cc(CN4CC[C@H](O)C4)ccc2N3)cc1O,QIZGCINCAAEMBX,-1,-1,1,O=C1Nc2cc(CN3CCCC3)ccc2Nc2nccc(Nc3ccccc3)c21,train
CHEMBL5811396,Cc1ccc(O)cc1Nc1ccnc2c1C(=O)Nc1cc(CNCc3cccc(F)c3F)ccc1N2,WYFQWNLCVLJDGA,-1,-1,1,O=C1Nc2cc(CNCc3ccccc3)ccc2Nc2nccc(Nc3ccccc3)c21,train
CHEMBL5811920,CCN(Cc1ccc2c(c1)NC(=O)c1c(Nc3cc(O)c(C)cc3F)ccnc1N2)C(C)C,VZDAKDOJJGVGBR,-1,-1,1,O=C1Nc2ccccc2Nc2nccc(Nc3ccccc3)c21,train
CHEMBL5812290,COc1ccccc1Sc1sc2nc(N)nc(N)c2c1C,ADXUMFJRTDBBMS,-1,-1,0,c1ccc(Sc2cc3cncnc3s2)cc1,train
CHEMBL5816186,Cc1ccc(F)c(C(=O)Nc2cccc(C#Cc3cc(C(=O)N=S4(=O)CCN(C(N)=O)CC4)cnc3N)c2)c1,FUZNPGXZBNWJNB,-1,-1,1,O=C(N=S1(=O)CCNCC1)c1cncc(C#Cc2cccc(NC(=O)c3ccccc3)c2)c1,train
CHEMBL5816323,Cc1cc(F)c(Nc2ccnc3c2C(=O)Nc2cc(CNCCOCCOCCOCCOCO)ccc2N3)cc1O,COYNQUUUEZTJFP,-1,-1,1,O=C1Nc2ccccc2Nc2nccc(Nc3ccccc3)c21,train
CHEMBL5817991,CCN(CC)CC(C)NCc1ccc2c(c1)NC(=O)c1c(Nc3cc(O)ccc3C)ccnc1N2,HXDDZHMPEAWUHJ,-1,-1,1,O=C1Nc2ccccc2Nc2nccc(Nc3ccccc3)c21,train
CHEMBL5819420,Cc1ccc(O)cc1Nc1ccnc2c1C(=O)Nc1cc(CNCC(O)CO)ccc1N2,GPYHSFRXGCRYKK,-1,-1,1,O=C1Nc2ccccc2Nc2nccc(Nc3ccccc3)c21,train
CHEMBL5821394,COC(=O)c1cc2c(cc1C)/C(=C(/Nc1ccc(C(=O)N3CCC(CO)(CN(C)C)CC3)cc1)c1ccccc1)C(=O)N2,IONVXRPWTRMITM,-1,-1,1,O=C1Nc2ccccc2C1=C(Nc1ccc(C(=O)N2CCCCC2)cc1)c1ccccc1,train
CHEMBL5823405,COC(=O)c1ccc2c(c1)NC(=O)/C2=C(\Nc1ccc(C(=O)NOCCN2CCCCC2)cc1)c1ccccc1,ZZYRQSFRXAHEJU,-1,-1,1,O=C1Nc2ccccc2C1=C(Nc1ccc(C(=O)NOCCN2CCCCC2)cc1)c1ccccc1,train
CHEMBL5825897,CCOC1CCCN(Cc2ccc3c(c2)NC(=O)c2c(Nc4cc(O)c(C)cc4F)ccnc2N3)C1,RJOOYQPEJJZEIP,-1,-1,1,O=C1Nc2cc(CN3CCCCC3)ccc2Nc2nccc(Nc3ccccc3)c21,train
CHEMBL5826764,COC(=O)c1cnc(N)c(-c2cc3cc(NC(=O)Nc4ccc(C)cc4)ccc3s2)c1,QTAROSPVYXDUDL,-1,-1,1,O=C(Nc1ccccc1)Nc1ccc2sc(-c3cccnc3)cc2c1,train
CHEMBL5827470,Cc1cc(F)c(Nc2ccnc3c2C(=O)Nc2cc(C(=O)N4CCC(CCO)CC4)ccc2N3)cc1O,VTBJZDMBUWEQBI,-1,-1,1,O=C1Nc2cc(C(=O)N3CCCCC3)ccc2Nc2nccc(Nc3ccccc3)c21,train
CHEMBL5828459,COC(=O)c1cc2c(cc1C)/C(=C(/Nc1ccc(C(=O)NOCCN3CC[C@H](N(C)C)C3)cc1)c1ccccc1)C(=O)N2,KIRQJJFAFLYYJQ,-1,-1,1,O=C1Nc2ccccc2C1=C(Nc1ccc(C(=O)NOCCN2CCCC2)cc1)c1ccccc1,train
CHEMBL5829198,N#Cc1ccc2c(c1)NC(=O)c1c(Nc3cc(O)c(Cl)cc3Cl)ccnc1N2,ARBLWLIVWLHFMZ,-1,-1,1,O=C1Nc2ccccc2Nc2nccc(Nc3ccccc3)c21,train
CHEMBL5830381,Cc1ccoc1C(=O)Nc1ccc2sc(-c3cc(C(=O)N=S(C)(C)=O)cnc3N)cc2c1,ATVSJBNYFPDFLL,-1,-1,1,O=C(Nc1ccc2sc(-c3cccnc3)cc2c1)c1ccco1,train
CHEMBL5832247,Cc1cc(F)c(Nc2ccnc3c2C(=O)Nc2cc(CN4CCCC(O)CC4)ccc2N3)cc1O,WTMJVPWFPQDGDL,-1,-1,1,O=C1Nc2cc(CN3CCCCCC3)ccc2Nc2nccc(Nc3ccccc3)c21,train
CHEMBL5833031,COC(=O)c1cnc(N)c(-c2cc3cc(NC(=O)Nc4cc(C(F)(F)F)ccc4F)ccc3s2)c1,LSCATNNDFBVKMR,-1,-1,1,O=C(Nc1ccccc1)Nc1ccc2sc(-c3cccnc3)cc2c1,train
CHEMBL5833348,Cc1ccc(O)cc1Nc1ccnc2c1C(=O)Nc1cc(CNCCN3CCC(C)CC3)ccc1N2,YYHLHURAZWXOQD,-1,-1,1,O=C1Nc2cc(CNCCN3CCCCC3)ccc2Nc2nccc(Nc3ccccc3)c21,train
CHEMBL5834202,CCC(C)CNCc1ccc2c(c1)NC(=O)c1c(Nc3cc(O)ccc3C)ccnc1N2,HLUJJJCUMAOJIP,-1,-1,1,O=C1Nc2ccccc2Nc2nccc(Nc3ccccc3)c21,train
CHEMBL5835725,COC(=O)c1ccc2c(c1)NC(=O)/C2=C(\Nc1ccc(C(=O)NOCCN2CC[C@H](N(C)C)C2)cc1)c1ccccc1,PRXJBBOPXMGUAC,-1,-1,1,O=C1Nc2ccccc2C1=C(Nc1ccc(C(=O)NOCCN2CCCC2)cc1)c1ccccc1,train
CHEMBL5837138,COC(=O)c1cnc(N)c(-c2ccc(NC(=O)Nc3cc(C(F)(F)F)ccc3F)cc2)c1,OIUSMJPCEZOFLD,-1,-1,1,O=C(Nc1ccccc1)Nc1ccc(-c2cccnc2)cc1,train
CHEMBL5837855,Cc1ccc(O)cc1Nc1ccnc2c1C(=O)Nc1cc(CNCCC(F)(F)F)ccc1N2,XVMRGPVSAKTURK,-1,-1,1,O=C1Nc2ccccc2Nc2nccc(Nc3ccccc3)c21,train
CHEMBL5839052,Cc1ccc(O)cc1Nc1ccnc2c1C(=O)Nc1cc(CNC(C)CN(C)C)ccc1N2,XJWRVUVWWHDVEF,-1,-1,1,O=C1Nc2ccccc2Nc2nccc(Nc3ccccc3)c21,train
CHEMBL5839704,Cc1cc(F)c(Nc2ccnc3c2C(=O)Nc2cc(CN4CCC(CCO)CC4)ccc2N3)cc1O,DPRXHQKZIFLCDL,-1,-1,1,O=C1Nc2cc(CN3CCCCC3)ccc2Nc2nccc(Nc3ccccc3)c21,train
CHEMBL5840681,CCC(CC)CNCc1ccc2c(c1)NC(=O)c1c(Nc3cc(O)ccc3C)ccnc1N2,NKEAAKWHNZZTLF,-1,-1,1,O=C1Nc2ccccc2Nc2nccc(Nc3ccccc3)c21,train
CHEMBL5840986,Cc1ccc(F)c(C(=O)Nc2cccc(C#Cc3cc(C(=O)N=S4(=O)CCNCC4)cnc3N)c2)c1,RFDYTLIVFMVNFI,-1,-1,1,O=C(N=S1(=O)CCNCC1)c1cncc(C#Cc2cccc(NC(=O)c3ccccc3)c2)c1,train
CHEMBL5841168,Cc1cc(F)c(Nc2ccnc3c2C(=O)Nc2cc(CN(C)CCN(C)C)ccc2N3)cc1O,HQSVYZWDHYEPBY,-1,-1,1,O=C1Nc2ccccc2Nc2nccc(Nc3ccccc3)c21,train
CHEMBL5842075,Cc1cc(F)c(Nc2ccnc3c2C(=O)Nc2cc(CN4CC5CC5C4CO)ccc2N3)cc1O,LZQMVZQCOPEYQN,-1,-1,1,O=C1Nc2cc(CN3CC4CC4C3)ccc2Nc2nccc(Nc3ccccc3)c21,train
CHEMBL5842404,CCC(CC)NCc1ccc2c(c1)NC(=O)c1c(Nc3cc(O)ccc3C)ccnc1N2,YPLJOKYMNOWDIM,-1,-1,1,O=C1Nc2ccccc2Nc2nccc(Nc3ccccc3)c21,train
CHEMBL5842769,COC(=O)c1ccc2c(c1)NC(=O)/C2=C(\Nc1ccc(C(=O)NOCCN2CCOCC2)cc1)c1ccccc1,RDKKLWLGQWWMHQ,-1,-1,1,O=C1Nc2ccccc2C1=C(Nc1ccc(C(=O)NOCCN2CCOCC2)cc1)c1ccccc1,train
CHEMBL5842976,Cc1ccc(O)cc1Nc1ccnc2c1C(=O)Nc1cc(CNCc3cccc(Cl)c3)ccc1N2,VDGRPZZCHVECAN,-1,-1,1,O=C1Nc2cc(CNCc3ccccc3)ccc2Nc2nccc(Nc3ccccc3)c21,train
CHEMBL5844677,Cc1ccc(O)cc1Nc1ccnc2c1C(=O)Nc1cc(CNCc3ccc(Cl)nc3)ccc1N2,SOBMUPLZQRAPEL,-1,-1,1,O=C1Nc2cc(CNCc3cccnc3)ccc2Nc2nccc(Nc3ccccc3)c21,train
CHEMBL5844874,COCCOCCOCCOCCOCCOCCOCCOCCNCc1ccc2c(c1)NC(=O)c1c(Nc3cc(O)c(C)cc3F)ccnc1N2,PAQGMDTYTVTJDA,-1,-1,1,O=C1Nc2ccccc2Nc2nccc(Nc3ccccc3)c21,train
CHEMBL5845699,COC(=O)c1cnc(N)c(-c2cc3cc(NC(=O)Nc4ccccc4)ccc3s2)c1,JLHXQKPMWFALIC,-1,-1,1,O=C(Nc1ccccc1)Nc1ccc2sc(-c3cccnc3)cc2c1,train
CHEMBL5846246,CCN(CCCO)Cc1ccc2c(c1)NC(=O)c1c(Nc3cc(O)c(C)cc3F)ccnc1N2,JBIRTAVBFDUZQN,-1,-1,1,O=C1Nc2ccccc2Nc2nccc(Nc3ccccc3)c21,train
CHEMBL5848178,Cc1ccc(O)cc1Nc1ccnc2c1C(=O)Nc1cc(CNCC(C)Cn3cccn3)ccc1N2,SSYQAQPNUCIBOR,-1,-1,1,O=C1Nc2cc(CNCCCn3cccn3)ccc2Nc2nccc(Nc3ccccc3)c21,train
CHEMBL5851926,COC(=O)c1cc2c(cc1C)/C(=C(/Nc1ccc(C(=O)NCCN3CCNC(=O)C3)cc1)c1ccccc1)C(=O)N2,UDIUFPPEHOBBAN,-1,-1,1,O=C1CN(CCNC(=O)c2ccc(NC(=C3C(=O)Nc4ccccc43)c3ccccc3)cc2)CCN1,train
CHEMBL5854123,COC(=O)c1cnc(N)c(-c2cc3cc(NC(=O)Nc4cc(C)ccc4F)ccc3s2)c1,ACAVWBSORQCXCG,-1,-1,1,O=C(Nc1ccccc1)Nc1ccc2sc(-c3cccnc3)cc2c1,train
CHEMBL5854149,CS(C)(=O)=NC(=O)c1cncc(-c2cc3cc(NC(=O)Nc4ccc(Cl)c(C(F)(F)F)c4)ccc3s2)c1,DGECBIQUJWBSOF,-1,-1,1,O=C(Nc1ccccc1)Nc1ccc2sc(-c3cccnc3)cc2c1,train
CHEMBL5854515,COC(=O)c1cc2c(cc1C)/C(=C(/Nc1ccc(C(=O)N(C)OCCN3CCN[C@@H](C)C3)cc1)c1ccccc1)C(=O)N2,VLIWYQAUGIWSFX,-1,-1,1,O=C1Nc2ccccc2C1=C(Nc1ccc(C(=O)NOCCN2CCNCC2)cc1)c1ccccc1,train
CHEMBL5854877,CC[C@@H](C)[C@@H](CO)NCc1ccc2c(c1)NC(=O)c1c(Nc3cc(O)c(C)cc3F)ccnc1N2,XHPCNYYPHRXXOG,-1,-1,1,O=C1Nc2ccccc2Nc2nccc(Nc3ccccc3)c21,train
CHEMBL5854915,COC(=O)c1cc2c(cc1C)/C(=C(/Nc1cccc(C(=O)N(C)CCN(C)C)c1)c1ccccc1)C(=O)N2,SQMMWBVSXONNAM,-1,-1,1,O=C1Nc2ccccc2C1=C(Nc1ccccc1)c1ccccc1,train
CHEMBL5855950,Cc1cc(F)c(Nc2ccnc3c2C(=O)Nc2cc(CNC4CCCC4)ccc2N3)cc1O,IMFSTVJNACYASP,-1,-1,1,O=C1Nc2cc(CNC3CCCC3)ccc2Nc2nccc(Nc3ccccc3)c21,train
CHEMBL5856121,COC(=O)c1cc2c(cc1C)/C(=C(/Nc1ccc(C(=O)NOCCN3CCC(N(C)C)CC3)cc1)c1ccccc1)C(=O)N2,WDUSDNGPVZEHRQ,-1,-1,1,O=C1Nc2ccccc2C1=C(Nc1ccc(C(=O)NOCCN2CCCCC2)cc1)c1ccccc1,train
CHEMBL5856702,Cc1cc(F)c(Nc2ccnc3c2C(=O)Nc2cc(CN4CCC(C)C(O)C4)ccc2N3)cc1O,SWQMXRJDVZRZBE,-1,-1,1,O=C1Nc2cc(CN3CCCCC3)ccc2Nc2nccc(Nc3ccccc3)c21,train
CHEMBL5857889,CCOC(=O)[C@H]1C[C@@H](NCc2ccc3c(c2)NC(=O)c2c(Nc4cc(O)c(C)cc4F)ccnc2N3)C1,APJYLVNVUZIPJQ,-1,-1,1,O=C1Nc2cc(CNC3CCC3)ccc2Nc2nccc(Nc3ccccc3)c21,train
CHEMBL5858912,COC(=O)c1cc2c(cc1C)/C(=C(/Nc1ccc(C(=O)N(CCO)CCN(C)C)cc1)c1ccccc1)C(=O)N2,JMVVTEATJVVTPU,-1,-1,1,O=C1Nc2ccccc2C1=C(Nc1ccccc1)c1ccccc1,train
CHEMBL5859302,COC(=O)CCCC[S@](C)(=O)=NC(=O)c1cnc(N)c(-c2cc3cc(NC(=O)Nc4cccc(C)c4)ccc3s2)c1,OOHJCVUXVPWXFC,-1,-1,1,O=C(Nc1ccccc1)Nc1ccc2sc(-c3cccnc3)cc2c1,train
CHEMBL5862373,COCCOCCCNCc1ccc2c(c1)NC(=O)c1c(Nc3cc(O)ccc3C)ccnc1N2,GARSAKHZBKMJHG,-1,-1,1,O=C1Nc2ccccc2Nc2nccc(Nc3ccccc3)c21,train
CHEMBL5862828,Cc1cccc(C(=O)Nc2ccc3sc(-c4cc(C(=O)N=S(C)(C)=O)cnc4N)cc3c2)c1,RJUVCYUCXLKXQV,-1,-1,1,O=C(Nc1ccc2sc(-c3cccnc3)cc2c1)c1ccccc1,train
CHEMBL5863185,Cc1cc(F)c(Nc2ccnc3c2C(=O)Nc2cc(CNC4CC(OC(C)C)C4)ccc2N3)cc1O,DVHSIXNBKKXFCJ,-1,-1,1,O=C1Nc2cc(CNC3CCC3)ccc2Nc2nccc(Nc3ccccc3)c21,train
CHEMBL5863444,CCN(CCO)Cc1ccc2c(c1)NC(=O)c1c(Nc3cc(O)c(C)cc3F)ccnc1N2,PAHBMDHIMGYJEW,-1,-1,1,O=C1Nc2ccccc2Nc2nccc(Nc3ccccc3)c21,train
CHEMBL5864089,Cc1ccc(O)cc1Nc1ccnc2c1C(=O)Nc1cc(CNCC(F)(F)F)ccc1N2,GUQSJGOTOKVEDW,-1,-1,1,O=C1Nc2ccccc2Nc2nccc(Nc3ccccc3)c21,train
CHEMBL5865936,CCN(CCN(C)C)Cc1ccc2c(c1)NC(=O)c1c(Nc3cc(O)c(C)cc3F)ccnc1N2,SWGYDVUEALYJJW,-1,-1,1,O=C1Nc2ccccc2Nc2nccc(Nc3ccccc3)c21,train
CHEMBL5866060,Cc1cc(F)c(Nc2ccnc3c2C(=O)Nc2cc(C#N)ccc2N3)cc1O,PLBNUXRJFUCRRW,-1,-1,1,O=C1Nc2ccccc2Nc2nccc(Nc3ccccc3)c21,train
CHEMBL5868066,Cc1cccc(NC(=O)Nc2ccc3sc(-c4cc(C(N)=O)cnc4N)cc3c2)c1,KELOMHLBNOIQCG,-1,-1,1,O=C(Nc1ccccc1)Nc1ccc2sc(-c3cccnc3)cc2c1,train
CHEMBL5868169,Cc1cc(F)c(Nc2ccnc3c2C(=O)Nc2cc(CN4CCC(CCO)C4)ccc2N3)cc1O,AGUVNAJQOHNWNU,-1,-1,1,O=C1Nc2cc(CN3CCCC3)ccc2Nc2nccc(Nc3ccccc3)c21,train
CHEMBL5870272,Nc1ncc(C(=O)N=S2(=O)CCOCC2)cc1C#Cc1cccc(C(=O)Nc2ccc(Cl)c(C(F)(F)F)c2)c1,NAZMMUDKWQHGKI,-1,-1,1,O=C(N=S1(=O)CCOCC1)c1cncc(C#Cc2cccc(C(=O)Nc3ccccc3)c2)c1,train
CHEMBL5871337,Cc1cc(F)c(Nc2ccnc3c2C(=O)Nc2cc(C(=O)N4CCCC(O)C4)ccc2N3)cc1O,WIICWOVXHJZGNO,-1,-1,1,O=C1Nc2cc(C(=O)N3CCCCC3)ccc2Nc2nccc(Nc3ccccc3)c21,train
CHEMBL5872829,Cc1cc(F)c(Nc2ccnc3c2C(=O)Nc2cc(CN4CCC[C@@H](O)C4)ccc2N3)cc1O,CTUNMKNUSCLTQS,-1,-1,1,O=C1Nc2cc(CN3CCCCC3)ccc2Nc2nccc(Nc3ccccc3)c21,train
CHEMBL5872882,Cc1ccc(F)c(C(=O)Nc2cccc(C#Cc3cc(C(=O)N=S4(=O)CCOCC4)cnc3N)c2)c1,OLNZOUSVNIGVCJ,-1,-1,1,O=C(N=S1(=O)CCOCC1)c1cncc(C#Cc2cccc(NC(=O)c3ccccc3)c2)c1,train
CHEMBL5873280,Cc1ccc(O)cc1Nc1ccnc2c1C(=O)Nc1cc(CNC3CCCC3)ccc1N2,UYLCGOHBKJOVLW,-1,-1,1,O=C1Nc2cc(CNC3CCCC3)ccc2Nc2nccc(Nc3ccccc3)c21,train
CHEMBL5873829,Cc1cc(F)c(Nc2ccnc3c2C(=O)Nc2cc(CN4CCC(CO)C4)ccc2N3)cc1O,VUPUUXMMYXRPFF,-1,-1,1,O=C1Nc2cc(CN3CCCC3)ccc2Nc2nccc(Nc3ccccc3)c21,train
CHEMBL5874278,COP(=O)(OC)c1cnc(N)c(-c2ccc(NC(=O)Nc3ccccc3)cc2)c1,HCSFCZALFCTABG,-1,-1,1,O=C(Nc1ccccc1)Nc1ccc(-c2cccnc2)cc1,train
CHEMBL5874376,Cc1ccc(O)cc1Nc1ccnc2c1C(=O)Nc1cc(CNC3CCCNC3=O)ccc1N2,AZWGTRFPZWYXCN,-1,-1,1,O=C1Nc2cc(CNC3CCCNC3=O)ccc2Nc2nccc(Nc3ccccc3)c21,train
CHEMBL5875515,COC(=O)c1cc2c(cc1C)/C(=C(/Nc1ccc(C(=O)NOCCCN3CCCCC3)cc1)c1ccccc1)C(=O)N2,HFHLYOUFUGWMBG,-1,-1,1,O=C1Nc2ccccc2C1=C(Nc1ccc(C(=O)NOCCCN2CCCCC2)cc1)c1ccccc1,train
CHEMBL5876447,CCOCCC(C)NCc1ccc2c(c1)NC(=O)c1c(Nc3cc(O)ccc3C)ccnc1N2,KVRUUDPIAWUBGE,-1,-1,1,O=C1Nc2ccccc2Nc2nccc(Nc3ccccc3)c21,train
CHEMBL5876825,COC(=O)c1cc2c(cc1C)/C(=C(/Nc1ccc(C(=O)N[C@H]3CCCN(C)C3)cc1)c1ccccc1)C(=O)N2,HGHPBMDBLYJOMZ,-1,-1,1,O=C1Nc2ccccc2C1=C(Nc1ccc(C(=O)NC2CCCNC2)cc1)c1ccccc1,train
CHEMBL5878808,CS(C)(=O)=NC(=O)c1cncc(-c2cc3cc(NC(=O)Nc4cc(C(F)(F)F)ccc4F)ccc3s2)c1,HTYLSAJYCQVPBD,-1,-1,1,O=C(Nc1ccccc1)Nc1ccc2sc(-c3cccnc3)cc2c1,train
CHEMBL5879862,Cc1cc(F)c(Nc2ccnc3c2C(=O)Nc2cc(CN4CCN(CCO)CC4)ccc2N3)cc1O,DSYCVJBNOBWEDH,-1,-1,1,O=C1Nc2cc(CN3CCNCC3)ccc2Nc2nccc(Nc3ccccc3)c21,train
CHEMBL5879930,Cc1cc(F)c(Nc2ccnc3c2C(=O)Nc2cc(CN4CCCC(O)C4)ccc2N3)cc1O,CTUNMKNUSCLTQS,-1,-1,1,O=C1Nc2cc(CN3CCCCC3)ccc2Nc2nccc(Nc3ccccc3)c21,train
CHEMBL5880384,Cc1cc(F)c(Nc2ccnc3c2C(=O)Nc2cc(CN4CCC[C@H](N)C4)ccc2N3)cc1O,SIFWORLXBPDHFA,-1,-1,1,O=C1Nc2cc(CN3CCCCC3)ccc2Nc2nccc(Nc3ccccc3)c21,train
CHEMBL5880715,COC(=O)c1cnc(N)c(-c2cc3cc(NC(=O)c4ccc(F)c(Cl)c4)ccc3s2)c1,LSCZCXFQEGSDNF,-1,-1,1,O=C(Nc1ccc2sc(-c3cccnc3)cc2c1)c1ccccc1,train
CHEMBL5881113,Cc1ccc(O)cc1Nc1ccnc2c1C(=O)Nc1cc(CNCCCCO)ccc1N2,ZMZPKKALGYPJJM,-1,-1,1,O=C1Nc2ccccc2Nc2nccc(Nc3ccccc3)c21,train
CHEMBL5881973,Cc1ccoc1C(=O)Nc1cccc(C#Cc2cc(C(=O)N=S3(=O)CCOCC3)cnc2N)c1,BQYRTVYEVOQZPU,-1,-1,1,O=C(N=S1(=O)CCOCC1)c1cncc(C#Cc2cccc(NC(=O)c3ccco3)c2)c1,train
CHEMBL5882489,COCCNC(=O)CN1CCN(C(=O)c2ccc(N/C(=C3\C(=O)Nc4cc(C(=O)OC)c(C)cc43)c3ccccc3)cc2)CC1,OLBVLPUBUBRBGW,-1,-1,1,O=C1Nc2ccccc2C1=C(Nc1ccc(C(=O)N2CCNCC2)cc1)c1ccccc1,train
CHEMBL5882706,CCc1cccc(NC(=O)Nc2ccc3sc(-c4cc(B5OC(C)(C)C(C)(C)O5)cnc4N)cc3c2)c1,SQCZXAVXUVPVGS,-1,-1,1,O=C(Nc1ccccc1)Nc1ccc2sc(-c3cncc(B4OCCO4)c3)cc2c1,train
CHEMBL5885572,Cc1cc(F)c(Nc2ccnc3c2C(=O)Nc2cc(CN4CC[C@H](N)C4)ccc2N3)cc1O,JEZNQOLZSHORKU,-1,-1,1,O=C1Nc2cc(CN3CCCC3)ccc2Nc2nccc(Nc3ccccc3)c21,train
CHEMBL5885724,COCCN1CCC(NC(=O)c2ccc(N/C(=C3\C(=O)Nc4cc(C(=O)OC)c(C)cc43)c3ccccc3)cc2)CC1,OPFGGEANRKOGEG,-1,-1,1,O=C1Nc2ccccc2C1=C(Nc1ccc(C(=O)NC2CCNCC2)cc1)c1ccccc1,train
CHEMBL5886043,Cc1ccc(O)cc1Nc1ccnc2c1C(=O)Nc1cc(CNCCF)ccc1N2,BBDMMLFJRXKDIR,-1,-1,1,O=C1Nc2ccccc2Nc2nccc(Nc3ccccc3)c21,train
CHEMBL5887244,Cc1ccc(O)cc1Nc1ccnc2c1C(=O)Nc1cc(CNCCN(C)C)ccc1N2,FNBMUJLNNOOTMF,-1,-1,1,O=C1Nc2ccccc2Nc2nccc(Nc3ccccc3)c21,train
CHEMBL5888997,CCN(CCN)Cc1ccc2c(c1)NC(=O)c1c(Nc3cc(O)c(C)cc3F)ccnc1N2,OPTZTHAQEZWUIM,-1,-1,1,O=C1Nc2ccccc2Nc2nccc(Nc3ccccc3)c21,train
CHEMBL5889879,COC(=O)c1ccc2c(c1)NC(=O)/C2=C(\Nc1ccc(C(=O)NOCCN2CCNC(=O)C2)cc1)c1ccccc1,TTYGGHQORNSTIY,-1,-1,1,O=C1CN(CCONC(=O)c2ccc(NC(=C3C(=O)Nc4ccccc43)c3ccccc3)cc2)CCN1,train
CHEMBL5890738,Cc1cc(F)c(Nc2ccnc3c2C(=O)Nc2cc(CN4CCCC(Oc5ccccc5)C4)ccc2N3)cc1O,TTXOTMLADFPMGH,-1,-1,1,O=C1Nc2cc(CN3CCCC(Oc4ccccc4)C3)ccc2Nc2nccc(Nc3ccccc3)c21,train
CHEMBL5891425,COC(=O)c1ccc2c(c1)NC(=O)/C2=C(\Nc1ccc(C(=O)N(C)OCCN(C)C)c(C)c1)c1ccccc1,FNVHVYCXTFAQSG,-1,-1,1,O=C1Nc2ccccc2C1=C(Nc1ccccc1)c1ccccc1,train
CHEMBL5892231,Cc1ccc(O)cc1Nc1ccnc2c1C(=O)Nc1cc(CNC3CCOCC3)ccc1N2,JSUWTFPXDRARTH,-1,-1,1,O=C1Nc2cc(CNC3CCOCC3)ccc2Nc2nccc(Nc3ccccc3)c21,train
CHEMBL5892500,CS(C)(=O)=NC(=O)c1cnc(N)c(-c2cc3cc(NC(=O)c4ccccc4)ccc3s2)c1,QYNPJYJYTUEIOP,-1,-1,1,O=C(Nc1ccc2sc(-c3cccnc3)cc2c1)c1ccccc1,train
CHEMBL5892792,Cc1cc(F)c(Nc2ccnc3c2C(=O)Nc2cc(CN4CC(O)C(NCCO)C4)ccc2N3)cc1O,ZNKAHOBYOWIVNF,-1,-1,1,O=C1Nc2cc(CN3CCCC3)ccc2Nc2nccc(Nc3ccccc3)c21,train
CHEMBL5892852,Cc1ccc(O)cc1Nc1ccnc2c1C(=O)Nc1cc(CNC3CCCCC3C)ccc1N2,KVZJZSJXYMDYPE,-1,-1,1,O=C1Nc2cc(CNC3CCCCC3)ccc2Nc2nccc(Nc3ccccc3)c21,train
CHEMBL5893666,Cc1ccc(O)cc1Nc1ccnc2c1C(=O)Nc1cc(CNc3ccccc3)ccc1N2,KMAGCNYQWZFDJA,-1,-1,1,O=C1Nc2cc(CNc3ccccc3)ccc2Nc2nccc(Nc3ccccc3)c21,train
CHEMBL5895106,CCCC1CCN(Cc2ccc3c(c2)NC(=O)c2c(Nc4cc(O)c(C)cc4F)ccnc2N3)CC1,MAWWXEIKARIPSX,-1,-1,1,O=C1Nc2cc(CN3CCCCC3)ccc2Nc2nccc(Nc3ccccc3)c21,train
CHEMBL5897053,COC(=O)c1cc2c(cc1C)/C(=C(/Nc1ccc(C(=O)NCC3CCN(CCO)CC3)cc1)c1ccccc1)C(=O)N2,ZBQPGWRCYGZRMB,-1,-1,1,O=C1Nc2ccccc2C1=C(Nc1ccc(C(=O)NCC2CCNCC2)cc1)c1ccccc1,train
CHEMBL5897349,CCN(CC)C(=O)COC1CCCN(Cc2ccc3c(c2)NC(=O)c2c(Nc4cc(O)c(C)cc4F)ccnc2N3)C1,QFHBSJJMTUPRMF,-1,-1,1,O=C1Nc2cc(CN3CCCCC3)ccc2Nc2nccc(Nc3ccccc3)c21,train
CHEMBL5897900,Cc1cc(F)c(Nc2ccnc3c2C(=O)Nc2cc(CN[C@H]4C[C@H](C(=O)O)C4)ccc2N3)cc1O,FYFHKYILOCTNFL,-1,-1,1,O=C1Nc2cc(CNC3CCC3)ccc2Nc2nccc(Nc3ccccc3)c21,train
CHEMBL5898057,Cc1cc(F)c(Nc2ccnc3c2C(=O)Nc2cc(CN4CCCC4)ccc2N3)cc1O,KHKKHXIFTCUDNT,-1,-1,1,O=C1Nc2cc(CN3CCCC3)ccc2Nc2nccc(Nc3ccccc3)c21,train
CHEMBL5898069,COC(=O)c1cnc(N)c(-c2cc3cc(NC(=O)c4occc4C)ccc3s2)c1,XYTKBBXNSHYVQC,-1,-1,1,O=C(Nc1ccc2sc(-c3cccnc3)cc2c1)c1ccco1,train
CHEMBL5900160,Cc1ccc(F)c(NC(=O)Nc2ccc(-c3cc(C(=O)N=S(C)(C)=O)cnc3N)cc2)c1,YEDBBOGEZDFFBL,-1,-1,1,O=C(Nc1ccccc1)Nc1ccc(-c2cccnc2)cc1,train
CHEMBL5902106,Cc1ccc(O)cc1Nc1ccnc2c1C(=O)Nc1cc(CNCCCO)ccc1N2,DEEVAXGZAJDWSB,-1,-1,1,O=C1Nc2ccccc2Nc2nccc(Nc3ccccc3)c21,train
CHEMBL5904812,COC(=O)c1ccc2c(c1)NC(=O)/C2=C(\Nc1ccc(C(=O)NOCCN2CCN(C)CC2)c(F)c1)c1ccccc1,HUUDJQMFKCICDV,-1,-1,1,O=C1Nc2ccccc2C1=C(Nc1ccc(C(=O)NOCCN2CCNCC2)cc1)c1ccccc1,train
CHEMBL5907260,COC(=O)c1ccc2c(c1)NC(=O)/C2=C(\Nc1ccc(C(=O)N(CCN(C)C)OC)cc1)c1ccccc1,DHONEALZRPCJOV,-1,-1,1,O=C1Nc2ccccc2C1=C(Nc1ccccc1)c1ccccc1,train
CHEMBL5907596,COC(=O)c1cc2c(cc1C)/C(=C(/Nc1ccc(C(=O)N3CC[C@@H](CN(C)C)[C@H](O)C3)cc1)c1ccccc1)C(=O)N2,LHKUVOGMYOGQMG,-1,-1,1,O=C1Nc2ccccc2C1=C(Nc1ccc(C(=O)N2CCCCC2)cc1)c1ccccc1,train
CHEMBL5907847,Cc1cc(F)c(Nc2ccnc3c2C(=O)Nc2cc(CN[C@@H](CO)C(N)=O)ccc2N3)cc1O,YOZUNJXPGMAPQP,-1,-1,1,O=C1Nc2ccccc2Nc2nccc(Nc3ccccc3)c21,train
CHEMBL5908219,CCCc1ccc(Nc2ccnc3c2C(=O)Nc2cc(C#N)ccc2N3)cc1O,BTHWNMLDKHRYGV,-1,-1,1,O=C1Nc2ccccc2Nc2nccc(Nc3ccccc3)c21,train
CHEMBL5908371,COC(=O)c1cc2c(cc1C)/C(=C(/Nc1ccc(C(=O)NOCCN3CCC(C#N)CC3)cc1)c1ccccc1)C(=O)N2,JKTBOUVMSZGVLO,-1,-1,1,O=C1Nc2ccccc2C1=C(Nc1ccc(C(=O)NOCCN2CCCCC2)cc1)c1ccccc1,train
CHEMBL5909180,COC(=O)c1cc2c(cc1C)/C(=C(/Nc1ccc(C(=O)NOC3CCN(C)CC3)cc1)c1ccccc1)C(=O)N2,ZUCUJAOPBDUFMB,-1,-1,1,O=C1Nc2ccccc2C1=C(Nc1ccc(C(=O)NOC2CCNCC2)cc1)c1ccccc1,train
CHEMBL5909188,Cc1cc(F)c(Nc2ccnc3c2C(=O)Nc2cc(C(=O)N4CCCC(CCO)C4)ccc2N3)cc1O,VPXYJYVAKTVLLA,-1,-1,1,O=C1Nc2cc(C(=O)N3CCCCC3)ccc2Nc2nccc(Nc3ccccc3)c21,train
CHEMBL5910618,Cc1cc(F)c(Nc2ccnc3c2C(=O)Nc2cc(CN4CC[C@@H](N(C)C)C4)ccc2N3)cc1O,KYABXXGGLXXKNT,-1,-1,1,O=C1Nc2cc(CN3CCCC3)ccc2Nc2nccc(Nc3ccccc3)c21,train
CHEMBL5911183,COc1cccc(CNCc2ccc3c(c2)NC(=O)c2c(Nc4cc(O)ccc4C)ccnc2N3)c1,HUQSQQXBXUUYED,-1,-1,1,O=C1Nc2cc(CNCc3ccccc3)ccc2Nc2nccc(Nc3ccccc3)c21,train
CHEMBL5911951,Cc1cc(F)c(Nc2ccnc3c2C(=O)Nc2cc(CN4CCC(N)CC4)ccc2N3)cc1O,BUZZYBLUNDCBEB,-1,-1,1,O=C1Nc2cc(CN3CCCCC3)ccc2Nc2nccc(Nc3ccccc3)c21,train
CHEMBL5912525,COC(=O)c1cc2c(cc1C)/C(=C(/Nc1ccc(C(=O)NCCN3CCN(S(C)(=O)=O)CC3)cc1)c1ccccc1)C(=O)N2,VKUNXLBYSBCGAD,-1,-1,1,O=C1Nc2ccccc2C1=C(Nc1ccc(C(=O)NCCN2CCNCC2)cc1)c1ccccc1,train
CHEMBL5912736,COC(=O)c1cnc(N)c(-c2cc3cc(NC(=O)Nc4ccc(F)cc4F)ccc3s2)c1,SDQXQGSVVDEHLF,-1,-1,1,O=C(Nc1ccccc1)Nc1ccc2sc(-c3cccnc3)cc2c1,train
CHEMBL5913247,COC(=O)c1ccc2c(c1)NC(=O)/C2=C(\Nc1ccc(S(=O)(=O)NOCCN(C)C)cc1)c1ccccc1,FHDRORBDPYLAEQ,-1,-1,1,O=C1Nc2ccccc2C1=C(Nc1ccccc1)c1ccccc1,train
CHEMBL5914018,Cc1ccc(F)c(NC(=O)c2cccc(C#Cc3cc(C(=O)N=S4(=O)CCOCC4)cnc3N)c2)c1,LFNAERHMPRGPKC,-1,-1,1,O=C(N=S1(=O)CCOCC1)c1cncc(C#Cc2cccc(C(=O)Nc3ccccc3)c2)c1,train
CHEMBL5915626,COC(=O)c1cc2c(cc1C)/C(=C(/Nc1ccc(C(=O)NC3CCN(C)CC3)cc1)c1ccccc1)C(=O)N2,MQLQJDVZLXXXAP,-1,-1,1,O=C1Nc2ccccc2C1=C(Nc1ccc(C(=O)NC2CCNCC2)cc1)c1ccccc1,train
CHEMBL5916695,CCOC(=O)Nc1ccc(Nc2ccnc3c2C(=O)Nc2cc(C#N)ccc2N3)cc1O,CKXCCGRKVONWAS,-1,-1,1,O=C1Nc2ccccc2Nc2nccc(Nc3ccccc3)c21,train
CHEMBL5916727,COC(=O)c1cnc(N)c(-c2ccc(NC(=O)Nc3ccccc3)cc2)c1,YMTPPWQQZNJBQX,-1,-1,1,O=C(Nc1ccccc1)Nc1ccc(-c2cccnc2)cc1,train
CHEMBL5917009,Nc1ncc(C(=O)O)cc1-c1cc2cc(NC(=O)Nc3ccc(F)c(Cl)c3)ccc2s1,BQMYKEWNFFOEBA,-1,-1,1,O=C(Nc1ccccc1)Nc1ccc2sc(-c3cccnc3)cc2c1,train
CHEMBL5917424,COC(=O)c1cc2c(cc1C)/C(=C(/Nc1ccc(S(=O)(=O)N3CCN(CCO)CC3)cc1)c1ccccc1)C(=O)N2,GYERFYCOIQWCPP,-1,-1,1,O=C1Nc2ccccc2C1=C(Nc1ccc(S(=O)(=O)N2CCNCC2)cc1)c1ccccc1,train
CHEMBL5917710,Cc1ccc(F)c(NC(=O)Nc2ccc3sc(-c4cc(C(=O)O)cnc4N)cc3c2)c1,VCMPOKHWDHLSMS,-1,-1,1,O=C(Nc1ccccc1)Nc1ccc2sc(-c3cccnc3)cc2c1,train
CHEMBL5918004,Cc1ccc(O)cc1Nc1ccnc2c1C(=O)Nc1cc(CNCC(C)(C)N(C)C)ccc1N2,OFMPMUCMGYQBDB,-1,-1,1,O=C1Nc2ccccc2Nc2nccc(Nc3ccccc3)c21,train
CHEMBL5918266,COC(=O)c1cc2c(cc1C)/C(=C(/Nc1ccc(S(=O)(=O)NOCCN(C)C)cc1)c1ccccc1)C(=O)N2,FMQVREROYIDKOR,-1,-1,1,O=C1Nc2ccccc2C1=C(Nc1ccccc1)c1ccccc1,train
CHEMBL5918368,Cc1ccc(O)cc1Nc1ccnc2c1C(=O)Nc1cc(CNCc3ccc(F)cc3)ccc1N2,HNAKAPUKEWMJOX,-1,-1,1,O=C1Nc2cc(CNCc3ccccc3)ccc2Nc2nccc(Nc3ccccc3)c21,train
CHEMBL5920854,COC(=O)c1cc2c(cc1C)/C(=C(/Nc1ccc(C(=O)NCCN3CCC(CO)CC3)cc1)c1ccccc1)C(=O)N2,LYBAWURNJUOHRS,-1,-1,1,O=C1Nc2ccccc2C1=C(Nc1ccc(C(=O)NCCN2CCCCC2)cc1)c1ccccc1,train
CHEMBL5922208,Cc1cccc(NC(=O)Nc2ccc3sc(-c4cc(C(=O)N=S(=O)(CCCO)CCCO)cnc4N)cc3c2)c1,SLOPYNWTLHFNFR,-1,-1,1,O=C(Nc1ccccc1)Nc1ccc2sc(-c3cccnc3)cc2c1,train
CHEMBL5923362,N#Cc1ccc2c(c1)NC(=O)c1c(Nc3cc(O)ccc3F)ccnc1N2,QKJJQABRCLWIBV,-1,-1,1,O=C1Nc2ccccc2Nc2nccc(Nc3ccccc3)c21,train
CHEMBL5923399,Cc1cccc(NC(=O)Nc2ccc(-c3nn(CCCCCCCC(=O)NO)c4ncnc(N)c34)cc2)c1,PVZJLPGZMRIHCQ,-1,-1,1,O=C(Nc1ccccc1)Nc1ccc(-c2n[nH]c3ncncc23)cc1,train
CHEMBL5924109,Cc1ccc(O)cc1Nc1ccnc2c1C(=O)Nc1cc(CN3CCOCC3)ccc1N2,YVNXWNFAWUVVND,-1,-1,1,O=C1Nc2cc(CN3CCOCC3)ccc2Nc2nccc(Nc3ccccc3)c21,train
CHEMBL5924142,COC(=O)c1ccc2c(c1)NC(=O)/C2=C(\Nc1ccc(C(=O)NOCCN2CCN(C)CC2)cc1)c1ccccc1,QLGQYEDJCJVGFI,-1,-1,1,O=C1Nc2ccccc2C1=C(Nc1ccc(C(=O)NOCCN2CCNCC2)cc1)c1ccccc1,train
CHEMBL5927001,Cc1cc(F)c(Nc2ccnc3c2C(=O)Nc2cc(C(=O)N4CCC(CCO)C4)ccc2N3)cc1O,BHBBGXQSTGBYSZ,-1,-1,1,O=C1Nc2cc(C(=O)N3CCCC3)ccc2Nc2nccc(Nc3ccccc3)c21,train
CHEMBL5927685,COC(=O)c1cc2c(cc1C)/C(=C(/Nc1ccc(C(=O)N3CCCN(CCO)CC3)cc1)c1ccccc1)C(=O)N2,VHIADSOUXPEWOM,-1,-1,1,O=C1Nc2ccccc2C1=C(Nc1ccc(C(=O)N2CCCNCC2)cc1)c1ccccc1,train
CHEMBL5927784,Cn1cc(-c2cn3c(-c4cccc(NC5CCNC5)n4)cnc3cc2CO)cn1,HTJGFHHVVPNDMR,-1,-1,1,c1cc(NC2CCNC2)nc(-c2cnc3ccc(-c4cn[nH]c4)cn23)c1,train
CHEMBL5927917,COC1CCCN(Cc2ccc3c(c2)NC(=O)c2c(Nc4cc(O)c(C)cc4F)ccnc2N3)C1,GBFDLYAUGOZCIP,-1,-1,1,O=C1Nc2cc(CN3CCCCC3)ccc2Nc2nccc(Nc3ccccc3)c21,train
CHEMBL5928812,Cc1ccc(O)cc1Nc1ccnc2c1C(=O)Nc1cc(C#N)ccc1N2,UZIDEIUGOKODKT,-1,-1,1,O=C1Nc2ccccc2Nc2nccc(Nc3ccccc3)c21,train
CHEMBL5929091,COC(=O)c1cc2c(cc1C)/C(=C(/Nc1ccc(C(=O)N3CCN(CC(=O)OC(C)(C)C)CC3)cc1)c1ccccc1)C(=O)N2C(C)=O,ACCSYFAQPQXJJO,-1,-1,1,O=C1Nc2ccccc2C1=C(Nc1ccc(C(=O)N2CCNCC2)cc1)c1ccccc1,train
CHEMBL5929284,N#Cc1ccc2c(c1)NC(=O)c1c(Nc3cc(O)c(Br)cc3F)ccnc1N2,BCVBGCRLWBQIAF,-1,-1,1,O=C1Nc2ccccc2Nc2nccc(Nc3ccccc3)c21,train
CHEMBL5931333,Cc1cc(F)c(Nc2ccnc3c2C(=O)Nc2cc(CN4CCC[C@@H](N)C4)ccc2N3)cc1O,SIFWORLXBPDHFA,-1,-1,1,O=C1Nc2cc(CN3CCCCC3)ccc2Nc2nccc(Nc3ccccc3)c21,train
CHEMBL5931361,Cc1ccc(O)cc1Nc1ccnc2c1C(=O)Nc1cc(CNCC(C)C)ccc1N2,VIWRJNDQSYSCMQ,-1,-1,1,O=C1Nc2ccccc2Nc2nccc(Nc3ccccc3)c21,train
CHEMBL5934811,COC(=O)c1cc2c(cc1C)/C(=C(/Nc1ccc(C(=O)N(C)OCCN3CCN(CCO)CC3)cc1)c1ccccc1)C(=O)N2,SSSVBCHLFDKMBI,-1,-1,1,O=C1Nc2ccccc2C1=C(Nc1ccc(C(=O)NOCCN2CCNCC2)cc1)c1ccccc1,train
CHEMBL5934871,Cc1cc(F)c(Nc2ccnc3c2C(=O)Nc2cc(CNC(CO)CO)ccc2N3)cc1O,IFOVLFYNYABOTP,-1,-1,1,O=C1Nc2ccccc2Nc2nccc(Nc3ccccc3)c21,train
CHEMBL5936239,Cc1cc(F)c(Nc2ccnc3c2C(=O)Nc2cc(CN4C[C@H](O)C[C@H]4CO)ccc2N3)cc1O,JVVXCTKZKBXESA,-1,-1,1,O=C1Nc2cc(CN3CCCC3)ccc2Nc2nccc(Nc3ccccc3)c21,train
CHEMBL5937233,CS(C)(=O)=NC(=O)c1cnc(N)c(-c2cc3cc(NC(=O)c4ccc(Cl)c(C(F)(F)F)c4)ccc3s2)c1,WTELZVQWYNEOSL,-1,-1,1,O=C(Nc1ccc2sc(-c3cccnc3)cc2c1)c1ccccc1,train
CHEMBL5937605,Cc1ccc(O)cc1Nc1ccnc2c1C(=O)Nc1cc(CN3CCN(C)CC3)ccc1N2,VPSOGOXLPQRTAD,-1,-1,1,O=C1Nc2cc(CN3CCNCC3)ccc2Nc2nccc(Nc3ccccc3)c21,train
CHEMBL5938381,CCOP(=O)(OCC)c1cnc(N)c(-c2ccc(NC(=O)Nc3cc(C)ccc3F)cc2)c1,HFIMYFKLXIUZST,-1,-1,1,O=C(Nc1ccccc1)Nc1ccc(-c2cccnc2)cc1,train
CHEMBL5939227,Cc1cc(F)c(Nc2ccnc3c2C(=O)Nc2cc(CN4CCC(O)C(O)C4)ccc2N3)cc1O,UMFBYZXXIZIFTP,-1,-1,1,O=C1Nc2cc(CN3CCCCC3)ccc2Nc2nccc(Nc3ccccc3)c21,train
CHEMBL5939994,COC(=O)c1cnc(N)c(-c2cc3cc(NC(=O)Nc4ccc(F)c(Cl)c4)ccc3s2)c1,JTGOWLMGUMXQKO,-1,-1,1,O=C(Nc1ccccc1)Nc1ccc2sc(-c3cccnc3)cc2c1,train
CHEMBL5940074,CC1(C)OB(c2cnc(N)c(-c3cc4cc(NC(=O)Nc5ccc(F)c(Cl)c5)ccc4s3)c2)OC1(C)C,WWBLXKKRAWXSOZ,-1,-1,1,O=C(Nc1ccccc1)Nc1ccc2sc(-c3cncc(B4OCCO4)c3)cc2c1,train
CHEMBL5940674,CCN(CC)Cc1ccc2c(c1)NC(=O)c1c(Nc3cc(O)c(C)cc3F)ccnc1N2,GMNBLWOJWJDQBB,-1,-1,1,O=C1Nc2ccccc2Nc2nccc(Nc3ccccc3)c21,train
CHEMBL5941259,Cc1ccc(O)cc1Nc1ccnc2c1C(=O)Nc1cc(CNCCC(=O)N(C)C)ccc1N2,ZEHCAKZLQFXHKS,-1,-1,1,O=C1Nc2ccccc2Nc2nccc(Nc3ccccc3)c21,train
CHEMBL5941787,Cc1cc(F)c(Nc2ccnc3c2C(=O)Nc2cc(CN(C)C[C@@H](C)O)ccc2N3)cc1O,SSHPGUNPHGPTSE,-1,-1,1,O=C1Nc2ccccc2Nc2nccc(Nc3ccccc3)c21,train
CHEMBL594339,CCC(C)C(Cc1coc2nc(N)nc(N)c12)c1ccccc1OC,AYLKSELOGWVDPG,-1,-1,0,c1ccc(CCc2coc3ncncc23)cc1,train
CHEMBL5943435,Cc1cccc(NC(=O)Nc2ccc3sc(-c4cc(C(=O)O)cnc4N)cc3c2)c1,TXXDAZXASGFEBC,-1,-1,1,O=C(Nc1ccccc1)Nc1ccc2sc(-c3cccnc3)cc2c1,train
CHEMBL5943789,CCCCN(CC)Cc1ccc2c(c1)NC(=O)c1c(Nc3cc(O)c(C)cc3F)ccnc1N2,LFXRUSJBXAQXCD,-1,-1,1,O=C1Nc2ccccc2Nc2nccc(Nc3ccccc3)c21,train
CHEMBL5943919,COC(=O)CCCC[S@](C)(=O)=NC(=O)c1cnc(N)c(-c2cc3cc(NC(=O)Nc4ccc(F)c(Cl)c4)ccc3s2)c1,PCPXTLXXRRQODN,-1,-1,1,O=C(Nc1ccccc1)Nc1ccc2sc(-c3cccnc3)cc2c1,train
CHEMBL5944458,Cc1cc(F)c(Nc2ccnc3c2C(=O)Nc2cc(CNC4CC(O)C4)ccc2N3)cc1O,XKNVITFCGXBPNA,-1,-1,1,O=C1Nc2cc(CNC3CCC3)ccc2Nc2nccc(Nc3ccccc3)c21,train
CHEMBL5945261,CNC(=O)CN(C)CCNC(=O)c1ccc(N/C(=C2\C(=O)Nc3cc(C(=O)OC)c(C)cc32)c2ccccc2)cc1,HTYOBBSZIFVMRH,-1,-1,1,O=C1Nc2ccccc2C1=C(Nc1ccccc1)c1ccccc1,train
CHEMBL5946538,Cc1ccc(O)cc1Nc1ccnc2c1C(=O)Nc1cc(CNC(C)C)ccc1N2,UPDDTKQTXDTPHV,-1,-1,1,O=C1Nc2ccccc2Nc2nccc(Nc3ccccc3)c21,train
CHEMBL594661,COc1cc2ncnc(Nc3ccc(-c4nc5ccccc5s4)cc3F)c2cc1OCCCN1CCN(C)CC1,IPIWNOAWKGRYOY,-1,-1,0,c1ccc2sc(-c3ccc(Nc4ncnc5ccc(OCCCN6CCNCC6)cc45)cc3)nc2c1,train
CHEMBL5946847,COC(=O)CCCCS(=O)(CCCCC(=O)OC)=NC(=O)c1cnc(N)c(-c2ccc(NC(=O)Nc3cccc(C(F)(F)F)c3)cc2)c1,QLCHTTFSIBNNDD,-1,-1,1,O=C(Nc1ccccc1)Nc1ccc(-c2cccnc2)cc1,train
CHEMBL5948826,CCN(CCOC)Cc1ccc2c(c1)NC(=O)c1c(Nc3cc(O)c(C)cc3F)ccnc1N2,LCFJBBWUVXKZGB,-1,-1,1,O=C1Nc2ccccc2Nc2nccc(Nc3ccccc3)c21,train
CHEMBL5949602,COC(=O)c1ccc2c(c1)NC(=O)/C2=C(\Nc1ccc(C(=O)NOCCN2CCN(CCO)CC2)cc1)c1ccccc1,NYKOXJAXPORIHO,-1,-1,1,O=C1Nc2ccccc2C1=C(Nc1ccc(C(=O)NOCCN2CCNCC2)cc1)c1ccccc1,train
CHEMBL5949720,COc1cc2ncc(-c3cccc(NC4CCNC4)n3)n2cc1-c1cn[nH]c1,ZMZGUJSLGMATGF,-1,-1,1,c1cc(NC2CCNC2)nc(-c2cnc3ccc(-c4cn[nH]c4)cn23)c1,train
CHEMBL5950008,COC(=O)c1cc2c(cc1C)/C(=C(/Nc1ccc(C(=O)NCCN3CCCN(C(C)=O)CC3)cc1)c1ccccc1)C(=O)N2,RQJCPYMTCVHMBN,-1,-1,1,O=C1Nc2ccccc2C1=C(Nc1ccc(C(=O)NCCN2CCCNCC2)cc1)c1ccccc1,train
CHEMBL5950192,CC1(C)OB(c2cnc(N)c(-c3cc4cc(NC(=O)Nc5ccc(Cl)c(C(F)(F)F)c5)ccc4s3)c2)OC1(C)C,JSYLKKLOSDAHJF,-1,-1,1,O=C(Nc1ccccc1)Nc1ccc2sc(-c3cncc(B4OCCO4)c3)cc2c1,train
CHEMBL5950967,COC(=O)c1cc2c(cc1C)/C(=C(/Nc1ccc(C(=O)NCCCN3CCOCC3)cc1)c1ccccc1)C(=O)N2,OSKVLQNSYZYKLO,-1,-1,1,O=C1Nc2ccccc2C1=C(Nc1ccc(C(=O)NCCCN2CCOCC2)cc1)c1ccccc1,train
CHEMBL5951980,COC(=O)c1cnc(N)c(-c2cc3cc(NC(=O)Nc4cccc(C(F)(F)F)c4)ccc3s2)c1,UBICMXXPSIFNBD,-1,-1,1,O=C(Nc1ccccc1)Nc1ccc2sc(-c3cccnc3)cc2c1,train
CHEMBL5952145,CCN(CC)Cc1ccc2c(c1)NC(=O)c1c(Nc3cc(O)ccc3C)ccnc1N2,YYPOHOIDTCSCHL,-1,-1,1,O=C1Nc2ccccc2Nc2nccc(Nc3ccccc3)c21,train
CHEMBL5952435,COC(=O)c1cnc(N)c(-c2ccc(NC(=O)Nc3cc(C)ccc3F)cc2)c1,FVVWICPRPMXEEL,-1,-1,1,O=C(Nc1ccccc1)Nc1ccc(-c2cccnc2)cc1,train
CHEMBL5952810,COC(=O)c1cc2c(cc1C)/C(=C(/Nc1ccc(S(=O)(=O)NCCN(C)C)cc1)c1ccccc1)C(=O)N2,DPKYVXPTKBMCDY,-1,-1,1,O=C1Nc2ccccc2C1=C(Nc1ccccc1)c1ccccc1,train
CHEMBL5953091,CCN1CCN(CCONC(=O)c2ccc(N/C(=C3\C(=O)Nc4cc(C(=O)OC)c(C)cc43)c3ccccc3)cc2)CC1,PAHAOYHAOLZULX,-1,-1,1,O=C1Nc2ccccc2C1=C(Nc1ccc(C(=O)NOCCN2CCNCC2)cc1)c1ccccc1,train
CHEMBL5953499,Cc1ccc(O)cc1Nc1ccnc2c1C(=O)Nc1cc(CN3CCC(O)CC3)ccc1N2,RZJJNSILMXCYNX,-1,-1,1,O=C1Nc2cc(CN3CCCCC3)ccc2Nc2nccc(Nc3ccccc3)c21,train
CHEMBL595497,CCCC(=Cc1coc2nc(=N)[nH]c(N)c12)c1ccccc1OC,QRIUQJQGVYRORZ,-1,-1,0,N=c1nc2occ(C=Cc3ccccc3)c2c[nH]1,train
CHEMBL5955684,Cc1ccn(CCCNCc2ccc3c(c2)NC(=O)c2c(Nc4cc(O)ccc4C)ccnc2N3)n1,KNBUIVITEDSJDJ,-1,-1,1,O=C1Nc2cc(CNCCCn3cccn3)ccc2Nc2nccc(Nc3ccccc3)c21,train
CHEMBL5956457,Cc1ccc(F)c(NC(=O)Nc2ccc(-c3cc(C(=O)N=S(=O)(CCCO)CCCO)cnc3N)cc2)c1,VJUVGHBXIGDLKW,-1,-1,1,O=C(Nc1ccccc1)Nc1ccc(-c2cccnc2)cc1,train
CHEMBL595757,COc1ccccc1C(Cc1coc2nc(N)nc(N)c12)C(C)C,AALMZTNNZVHOAS,-1,-1,0,c1ccc(CCc2coc3ncncc23)cc1,train
CHEMBL5960171,CCN(CC)C(=O)c1ccc2c(c1)NC(=O)c1c(Nc3cc(O)c(C)cc3F)ccnc1N2,ALKQTTOWJRBJBP,-1,-1,1,O=C1Nc2ccccc2Nc2nccc(Nc3ccccc3)c21,train
CHEMBL5960246,COC(=O)c1cc2c(cc1C)/C(=C(/Nc1ccc(C(=O)N(C)OCCN(C)CCO)cc1)c1ccccc1)C(=O)N2,UHMOJOLDOBNIHB,-1,-1,1,O=C1Nc2ccccc2C1=C(Nc1ccccc1)c1ccccc1,train
CHEMBL5963316,COC(=O)c1cc2c(cc1C)/C(=C(/Nc1ccc(C(=O)N(C)OCCN3CCNCC3)cc1)c1ccccc1)C(=O)N2,WUEKYNCXBMROQI,-1,-1,1,O=C1Nc2ccccc2C1=C(Nc1ccc(C(=O)NOCCN2CCNCC2)cc1)c1ccccc1,train
CHEMBL5964037,COC(=O)CCCC[S@](C)(=O)=NC(=O)c1cnc(N)c(-c2cc3cc(NC(=O)Nc4cc(C)ccc4F)ccc3s2)c1,KPVSGWFUYLJRIW,-1,-1,1,O=C(Nc1ccccc1)Nc1ccc2sc(-c3cccnc3)cc2c1,train
CHEMBL5964158,COC(=O)c1cc2c(cc1C)/C(=C(/Nc1ccc(C(=O)NOCCN3CCC(O)CC3)cc1)c1ccccc1)C(=O)N2,GZXURVNEOFVVRG,-1,-1,1,O=C1Nc2ccccc2C1=C(Nc1ccc(C(=O)NOCCN2CCCCC2)cc1)c1ccccc1,train
CHEMBL5964540,COC(=O)c1ccc2c(c1)NC(=O)/C2=C(\Nc1ccc(C(=O)N(C)OCCN2CCN(C)CC2)c(C)c1)c1ccccc1,PETRONSJSNBTST,-1,-1,1,O=C1Nc2ccccc2C1=C(Nc1ccc(C(=O)NOCCN2CCNCC2)cc1)c1ccccc1,train
CHEMBL5965637,Cc1ccc(F)c(C(=O)Nc2ccc3sc(-c4cc(C(=O)N=S(C)(C)=O)cnc4N)cc3c2)c1,ZLPDKOZABIDJDR,-1,-1,1,O=C(Nc1ccc2sc(-c3cccnc3)cc2c1)c1ccccc1,train
CHEMBL5967591,COC(=O)c1cc2c(cc1C)/C(=C(/Nc1ccc(C(=O)NCCCN(C)C)cc1)c1ccccc1)C(=O)N2,YNFGJAAJMZXYQP,-1,-1,1,O=C1Nc2ccccc2C1=C(Nc1ccccc1)c1ccccc1,train
CHEMBL5969055,COC(=O)c1cc2c(cc1C)/C(=C(/Nc1ccc(C(=O)NCCN3CCN(C(C)=O)CC3)cc1)c1ccccc1)C(=O)N2,WNNZGWZQLJGBNE,-1,-1,1,O=C1Nc2ccccc2C1=C(Nc1ccc(C(=O)NCCN2CCNCC2)cc1)c1ccccc1,train
CHEMBL5969243,CCCCNCc1ccc2c(c1)NC(=O)c1c(Nc3cc(O)ccc3C)ccnc1N2,KRFPEYFNZCXMCV,-1,-1,1,O=C1Nc2ccccc2Nc2nccc(Nc3ccccc3)c21,train
CHEMBL5970017,COC(=O)c1cnc(N)c(-c2cc3cc(NC(=O)Nc4cccc(C)c4)ccc3s2)c1,DJVHUWZWLVBEJY,-1,-1,1,O=C(Nc1ccccc1)Nc1ccc2sc(-c3cccnc3)cc2c1,train
CHEMBL5971350,COC(=O)c1cc2c(cc1C)/C(=C(/Nc1ccc(C(=O)NOCCCN(C)C)c(C)c1)c1ccccc1)C(=O)N2,OFTYCXRAQKFFEW,-1,-1,1,O=C1Nc2ccccc2C1=C(Nc1ccccc1)c1ccccc1,train
CHEMBL5972918,COC(=O)c1ccc2c(c1)NC(=O)/C2=C(\Nc1ccc(C(=O)NOCCN2CCOCC2)c(C)c1)c1ccccc1,DFGKWRXDDUYBAT,-1,-1,1,O=C1Nc2ccccc2C1=C(Nc1ccc(C(=O)NOCCN2CCOCC2)cc1)c1ccccc1,train
CHEMBL59735,COc1cc2c(N3CCN(C(=O)Nc4ccc(OC(C)C)cc4)CC3)ncnc2cc1OCCCS(=O)(=O)CC(C)C,KYKHCOJWGFWADS,-1,-1,1,O=C(Nc1ccccc1)N1CCN(c2ncnc3ccccc23)CC1,train
CHEMBL5973610,COC(=O)c1cc2c(cc1C)/C(=C(/Nc1ccc(C(=O)NOCCN3CCN(C)CC3)cc1)c1ccccc1)C(=O)N2,HWZNBJUXOVHGSL,-1,-1,1,O=C1Nc2ccccc2C1=C(Nc1ccc(C(=O)NOCCN2CCNCC2)cc1)c1ccccc1,train
CHEMBL597365,CCN(CC)CCNC(=O)c1c(C)[nH]c(/C=C2\C(=O)Nc3cccc(F)c32)c1C,UQQZPUPMXFCRML,-1,-1,1,O=C1Nc2ccccc2C1=Cc1ccc[nH]1,train
CHEMBL597492,COc1cc(C2=C(c3c[nH]c4ccc(I)cc34)C(=O)NC2=O)cc(OC)c1OC,KRICMVKKVCDVBV,-1,-1,1,O=C1NC(=O)C(c2c[nH]c3ccccc23)=C1c1ccccc1,train
CHEMBL5975134,Cc1cc(F)c(Nc2ccnc3c2C(=O)Nc2cc(CN4CCCC(CCO)C4)ccc2N3)cc1O,FIGALARIXLDOBI,-1,-1,1,O=C1Nc2cc(CN3CCCCC3)ccc2Nc2nccc(Nc3ccccc3)c21,train
CHEMBL5975423,COC(=O)c1cc2c(cc1C)/C(=C(/Nc1ccc(C(=O)NOC3CCN(C)CC3)c(C)c1)c1ccccc1)C(=O)N2,IOXCZKDMVMERGD,-1,-1,1,O=C1Nc2ccccc2C1=C(Nc1ccc(C(=O)NOC2CCNCC2)cc1)c1ccccc1,train
CHEMBL5976539,COC(=O)c1cc2c(cc1C)/C(=C(/Nc1ccc(C(=O)NOCCN3CCCCC3)cc1)c1ccccc1)C(=O)N2,NPKCQIBHFHDBIO,-1,-1,1,O=C1Nc2ccccc2C1=C(Nc1ccc(C(=O)NOCCN2CCCCC2)cc1)c1ccccc1,train
CHEMBL5977315,Cc1cc(F)c(Nc2ccnc3c2C(=O)Nc2cc(CN(C)C)ccc2N3)cc1O,KIVHIZZKZIPROE,-1,-1,1,O=C1Nc2ccccc2Nc2nccc(Nc3ccccc3)c21,train
CHEMBL5977738,Cc1ccc(S(=O)(=O)c2ccc(C3C(C(=O)c4ccccc4)=C(N)NC4=C3C(=O)CC(C)(C)C4)cc2)cc1,NNFDRCGXLJTASH,-1,-1,1,O=C1CCCC2=C1C(c1ccc(S(=O)(=O)c3ccccc3)cc1)C(C(=O)c1ccccc1)=CN2,train
CHEMBL5978454,Cc1cc(F)c(Nc2ccnc3c2C(=O)Nc2cc(CN4CCC[C@H](O)C4)ccc2N3)cc1O,CTUNMKNUSCLTQS,-1,-1,1,O=C1Nc2cc(CN3CCCCC3)ccc2Nc2nccc(Nc3ccccc3)c21,train
CHEMBL5981479,Cc1ccc(F)c(NC(=O)Nc2ccc(-c3cc(B4OC(C)(C)C(C)(C)O4)cnc3N)cc2)c1,DFYOFNHNKPQJOJ,-1,-1,1,O=C(Nc1ccccc1)Nc1ccc(-c2cncc(B3OCCO3)c2)cc1,train
CHEMBL5981617,Cc1ccoc1C(=O)Nc1cccc(C#Cc2cncc(C(=O)N=S3(=O)CCOCC3)c2)c1,SBYVCUCEDUFOGL,-1,-1,1,O=C(N=S1(=O)CCOCC1)c1cncc(C#Cc2cccc(NC(=O)c3ccco3)c2)c1,train
CHEMBL5981796,Cc1cc(F)c(Nc2ccnc3c2C(=O)Nc2cc(CN4CC[C@H](N(C)C)C4)ccc2N3)cc1O,KYABXXGGLXXKNT,-1,-1,1,O=C1Nc2cc(CN3CCCC3)ccc2Nc2nccc(Nc3ccccc3)c21,train
CHEMBL5983117,COC(=O)c1cc2c(cc1C)/C(=C(/Nc1ccc(C(=O)NCCC(=O)N3CCN(C)CC3)cc1)c1ccccc1)C(=O)N2,VBCPAAMHSAMKFK,-1,-1,1,O=C1Nc2ccccc2C1=C(Nc1ccc(C(=O)NCCC(=O)N2CCNCC2)cc1)c1ccccc1,train
CHEMBL5983627,Cc1cc(F)c(Nc2ccnc3c2C(=O)Nc2cc(CN4CCCC(C)(O)C4)ccc2N3)cc1O,VTZUUFAMKLHHRM,-1,-1,1,O=C1Nc2cc(CN3CCCCC3)ccc2Nc2nccc(Nc3ccccc3)c21,train
CHEMBL5984404,Cc1cc(F)c(Nc2ccnc3c2C(=O)Nc2cc(CN[C@H]4CC[C@H](O)CC4)ccc2N3)cc1O,ZDFUUQNEPJWJNC,-1,-1,1,O=C1Nc2cc(CNC3CCCCC3)ccc2Nc2nccc(Nc3ccccc3)c21,train
CHEMBL5986834,Cc1cc(F)c(Nc2ccnc3c2C(=O)Nc2cc(CN4CCC(C)(O)C(C)C4)ccc2N3)cc1O,FLYHUTANLWWHSP,-1,-1,1,O=C1Nc2cc(CN3CCCCC3)ccc2Nc2nccc(Nc3ccccc3)c21,train
CHEMBL5987003,CCOC(=O)[C@H]1C[C@H](NCc2ccc3c(c2)NC(=O)c2c(Nc4cc(O)c(C)cc4F)ccnc2N3)C1,APJYLVNVUZIPJQ,-1,-1,1,O=C1Nc2cc(CNC3CCC3)ccc2Nc2nccc(Nc3ccccc3)c21,train
CHEMBL5987013,Cc1ccc(O)cc1Nc1ccnc2c1C(=O)Nc1cc(CNCC(N)=O)ccc1N2,AAGVXWXEAOHUAD,-1,-1,1,O=C1Nc2ccccc2Nc2nccc(Nc3ccccc3)c21,train
CHEMBL5990502,CC1(C)OB(c2cnc(N)c(-c3cc4cc(NC(=O)Nc5cccc(C(F)(F)F)c5)ccc4s3)c2)OC1(C)C,LVHJAVYIDITWAZ,-1,-1,1,O=C(Nc1ccccc1)Nc1ccc2sc(-c3cncc(B4OCCO4)c3)cc2c1,train
CHEMBL5990882,COC(=O)c1cc2c(cc1C)/C(=C(/Nc1ccc(C(=O)NOCCCN3CCC(OC)CC3)cc1)c1ccccc1)C(=O)N2,YTHSVVWEPDRWLW,-1,-1,1,O=C1Nc2ccccc2C1=C(Nc1ccc(C(=O)NOCCCN2CCCCC2)cc1)c1ccccc1,train
CHEMBL5990952,Cc1cc(F)c(Nc2ccnc3c2C(=O)Nc2cc(CN(C)CCN)ccc2N3)cc1O,WJIAKJKQRZFXIW,-1,-1,1,O=C1Nc2ccccc2Nc2nccc(Nc3ccccc3)c21,train
CHEMBL5991285,COC(=O)c1ccc2c(c1)NC(=O)/C2=C(\Nc1ccc(C(=O)NOCCN2[C@H](C)CCC[C@@H]2C)cc1)c1ccccc1,AWNNZTCJYLITLF,-1,-1,1,O=C1Nc2ccccc2C1=C(Nc1ccc(C(=O)NOCCN2CCCCC2)cc1)c1ccccc1,train
CHEMBL5991547,Cc1ccc(O)cc1Nc1ccnc2c1C(=O)Nc1cc(CNCc3cccnc3)ccc1N2,DMWKBGXCJHQPFR,-1,-1,1,O=C1Nc2cc(CNCc3cccnc3)ccc2Nc2nccc(Nc3ccccc3)c21,train
CHEMBL5992463,Cc1cc(F)c(Nc2ccnc3c2C(=O)Nc2cc(C(=O)N[C@H]4CC[C@H](O)CC4)ccc2N3)cc1O,XBNLLMKPDMJSKX,-1,-1,1,O=C(NC1CCCCC1)c1ccc2c(c1)NC(=O)c1c(Nc3ccccc3)ccnc1N2,train
CHEMBL5993480,Cc1ccc(O)cc1Nc1ccnc2c1C(=O)Nc1cc(CNC(C)c3ccco3)ccc1N2,FRYZXBGRKYRYQL,-1,-1,1,O=C1Nc2cc(CNCc3ccco3)ccc2Nc2nccc(Nc3ccccc3)c21,train
CHEMBL5994393,COC(=O)c1cc2c(cc1C)/C(=C(/Nc1ccc(C(=O)NOCCN3CCC(OC)CC3)cc1)c1ccccc1)C(=O)N2,DPFXYGUGSJIYFI,-1,-1,1,O=C1Nc2ccccc2C1=C(Nc1ccc(C(=O)NOCCN2CCCCC2)cc1)c1ccccc1,train
CHEMBL5995285,N#Cc1ccc2c(c1)NC(=O)c1c(Nc3ccc(NS(=O)(=O)c4ccccc4)c(O)c3)ccnc1N2,BUYNETWSPOTSBV,-1,-1,1,O=C1Nc2ccccc2Nc2nccc(Nc3ccc(NS(=O)(=O)c4ccccc4)cc3)c21,train
CHEMBL5995829,N#Cc1ccc2c(c1)NC(=O)c1c(Nc3cc(O)c(F)c(F)c3)ccnc1N2,YRQFTXBTINKLCO,-1,-1,1,O=C1Nc2ccccc2Nc2nccc(Nc3ccccc3)c21,train
CHEMBL5999627,COC(=O)c1ccc2c(c1)NC(=O)/C2=C(\Nc1ccc(C(=O)NOCCCN(C)C)cc1)c1ccccc1,MKBJXBMPLSSNMX,-1,-1,1,O=C1Nc2ccccc2C1=C(Nc1ccccc1)c1ccccc1,train
CHEMBL6001469,CC1(C)OB(c2cnc(N)c(-c3ccc(NC(=O)Nc4ccccc4)cc3)c2)OC1(C)C,MPBUNHUNYNCBLY,-1,-1,1,O=C(Nc1ccccc1)Nc1ccc(-c2cncc(B3OCCO3)c2)cc1,train
CHEMBL6001546,COC(=O)c1cc2c(cc1C)/C(=C(/Nc1ccc(C(=O)NOCCN(C)C)cc1)c1ccccc1)C(=O)N2,FJSAESWYZCNLQU,-1,-1,1,O=C1Nc2ccccc2C1=C(Nc1ccccc1)c1ccccc1,train
CHEMBL6001638,Cc1ccc(F)c(NC(=O)Nc2ccc(-c3cc(B(O)O)cnc3N)cc2)c1,HENUTJSTZJVGEK,-1,-1,1,O=C(Nc1ccccc1)Nc1ccc(-c2cccnc2)cc1,train
CHEMBL6002049,N#Cc1ccc2c(c1)NC(=O)c1c(Nc3cc(O)ccc3Cl)ccnc1N2,XYSWNALBJOBRIO,-1,-1,1,O=C1Nc2ccccc2Nc2nccc(Nc3ccccc3)c21,train
CHEMBL6006057,N#Cc1ccc2c(c1)NC(=O)c1c(Nc3cc(O)c(Cl)cc3F)ccnc1N2,GONLMECPQWNPOT,-1,-1,1,O=C1Nc2ccccc2Nc2nccc(Nc3ccccc3)c21,train
CHEMBL6006564,CC1(C)OB(c2cnc(N)c(-c3cc4cc(NC(=O)Nc5ccccc5)ccc4s3)c2)OC1(C)C,KIYUPQJTKDFABM,-1,-1,1,O=C(Nc1ccccc1)Nc1ccc2sc(-c3cncc(B4OCCO4)c3)cc2c1,train
CHEMBL6007126,Cc1cccc(NC(=O)Nc2ccc(-c3nn(CCCN(C)CCCC(=O)NO)c4ncnc(N)c34)cc2)c1,QWIISSFUUDDVFV,-1,-1,1,O=C(Nc1ccccc1)Nc1ccc(-c2n[nH]c3ncncc23)cc1,train
CHEMBL6007247,CCN(CCO)Cc1ccc2c(c1)NC(=O)c1c(Nc3cc(O)c(Cl)cc3F)ccnc1N2,JRHZSLDMBCJCRQ,-1,-1,1,O=C1Nc2ccccc2Nc2nccc(Nc3ccccc3)c21,train
CHEMBL6008242,COP(=O)(OC)c1cnc(N)c(-c2ccc(NC(=O)Nc3cc(C(F)(F)F)ccc3F)cc2)c1,JLDOWZBCMKYGMP,-1,-1,1,O=C(Nc1ccccc1)Nc1ccc(-c2cccnc2)cc1,train
CHEMBL6008313,COC(=O)c1cc2c(cc1C)/C(=C(/Nc1ccc(C(=O)N3CCN(C)CC3)cc1)c1ccccc1)C(=O)N2,JLFPGEKGHMUMDY,-1,-1,1,O=C1Nc2ccccc2C1=C(Nc1ccc(C(=O)N2CCNCC2)cc1)c1ccccc1,train
CHEMBL6009138,Cc1cc(F)c(Nc2ccnc3c2C(=O)Nc2cc(CN4CCCC(C(N)=O)C4)ccc2N3)cc1O,ZCSZQHZLTLCNBJ,-1,-1,1,O=C1Nc2cc(CN3CCCCC3)ccc2Nc2nccc(Nc3ccccc3)c21,train
CHEMBL6010612,Cc1ccc(O)cc1Nc1ccnc2c1C(=O)Nc1cc(CNCCn3ccnn3)ccc1N2,JVKHSWZCCXPYQY,-1,-1,1,O=C1Nc2cc(CNCCn3ccnn3)ccc2Nc2nccc(Nc3ccccc3)c21,train
CHEMBL6011542,N#Cc1ccc2c(c1)NC(=O)c1c(Nc3cccc(O)c3)ccnc1N2,JINRJKYXFRZRJB,-1,-1,1,O=C1Nc2ccccc2Nc2nccc(Nc3ccccc3)c21,train
CHEMBL6011659,COC(=O)c1cc2c(cc1C)/C(=C(/Nc1ccc(C(=O)NCCN3CCC(O)CC3)cc1)c1ccccc1)C(=O)N2,WJTZIBDSNXVBCN,-1,-1,1,O=C1Nc2ccccc2C1=C(Nc1ccc(C(=O)NCCN2CCCCC2)cc1)c1ccccc1,train
CHEMBL6011736,Cc1cccc(NC(=O)Nc2ccc3sc(-c4cc(C(=O)N=S(C)(C)=O)cnc4N)cc3c2)c1,ABDRBGWMJSCIGC,-1,-1,1,O=C(Nc1ccccc1)Nc1ccc2sc(-c3cccnc3)cc2c1,train
CHEMBL6012223,Cc1cc(F)c(Nc2ccnc3c2C(=O)Nc2cc(CN(C)C[C@H](C)O)ccc2N3)cc1O,SSHPGUNPHGPTSE,-1,-1,1,O=C1Nc2ccccc2Nc2nccc(Nc3ccccc3)c21,train
CHEMBL6014529,Cc1cc(F)c(Nc2ccnc3c2C(=O)Nc2cc(CNC4CC4)ccc2N3)cc1O,GCUZSJPHOPKZNQ,-1,-1,1,O=C1Nc2cc(CNC3CC3)ccc2Nc2nccc(Nc3ccccc3)c21,train
CHEMBL6014699,CS(C)(=O)=NC(=O)c1cnc(N)c(-c2cc3cc(NC(=O)Nc4ccccc4)ccc3s2)c1,WLICXYFKYVQVHV,-1,-1,1,O=C(Nc1ccccc1)Nc1ccc2sc(-c3cccnc3)cc2c1,train
CHEMBL6015041,Cc1ccc(O)cc1Nc1ccnc2c1C(=O)Nc1cc(CNCC(C)N3CCOCC3)ccc1N2,KGSOVEPCGRSZLN,-1,-1,1,O=C1Nc2cc(CNCCN3CCOCC3)ccc2Nc2nccc(Nc3ccccc3)c21,train
CHEMBL6015812,Cc1ccc(O)cc1Nc1ccnc2c1C(=O)Nc1cc(CN3CCCC3)ccc1N2,UVGJYTZRLNHLDH,-1,-1,1,O=C1Nc2cc(CN3CCCC3)ccc2Nc2nccc(Nc3ccccc3)c21,train
CHEMBL6017631,COC(=O)c1ccc2c(c1)NC(=O)/C2=C(\Nc1ccc(C(=O)N(OC)C2CCN(C)CC2)cc1)c1ccccc1,KILPAWAZPJHBFA,-1,-1,1,O=C1Nc2ccccc2C1=C(Nc1ccc(C(=O)NC2CCNCC2)cc1)c1ccccc1,train
CHEMBL6018228,Cc1ccc(O)cc1Nc1ccnc2c1C(=O)Nc1cc(CNC3CCC3)ccc1N2,YXXHOBHYIQNGNP,-1,-1,1,O=C1Nc2cc(CNC3CCC3)ccc2Nc2nccc(Nc3ccccc3)c21,train
CHEMBL6019859,COC(=O)c1cnc(N)c(-c2cc3cc(NC(=O)c4cc(C)ccc4F)ccc3s2)c1,GFRAHBVAUJIIKH,-1,-1,1,O=C(Nc1ccc2sc(-c3cccnc3)cc2c1)c1ccccc1,train
CHEMBL6021114,Cc1cc(F)c(Nc2ccnc3c2C(=O)Nc2cc(CN4CCCCCC4)ccc2N3)cc1O,RXZNKADVZBVZKL,-1,-1,1,O=C1Nc2cc(CN3CCCCCC3)ccc2Nc2nccc(Nc3ccccc3)c21,train
CHEMBL6022427,CSCC(CO)NCc1ccc2c(c1)NC(=O)c1c(Nc3cc(O)c(C)cc3F)ccnc1N2,FOKQTIHUENEYBC,-1,-1,1,O=C1Nc2ccccc2Nc2nccc(Nc3ccccc3)c21,train
CHEMBL6022725,Cc1ccc(O)cc1Nc1ccnc2c1C(=O)Nc1cc(CNCCOCC3CCCO3)ccc1N2,JVYAUAVDPCSSTA,-1,-1,1,O=C1Nc2cc(CNCCOCC3CCCO3)ccc2Nc2nccc(Nc3ccccc3)c21,train
CHEMBL6023778,COCCN1CCN(CCONC(=O)c2ccc(N/C(=C3\C(=O)Nc4cc(C(=O)OC)ccc43)c3ccccc3)cc2)CC1,AQSOVJFZYARRIS,-1,-1,1,O=C1Nc2ccccc2C1=C(Nc1ccc(C(=O)NOCCN2CCNCC2)cc1)c1ccccc1,train
CHEMBL6024228,Cc1ccc(O)cc1Nc1ccnc2c1C(=O)Nc1cc(CNC3(C)CCC3)ccc1N2,LRVCIMMMXCELJH,-1,-1,1,O=C1Nc2cc(CNC3CCC3)ccc2Nc2nccc(Nc3ccccc3)c21,train
CHEMBL6024367,Cc1cc(F)c(Nc2ccnc3c2C(=O)Nc2cc(CN4CCOCC4)ccc2N3)cc1O,OHRPYVMGIKIEMB,-1,-1,1,O=C1Nc2cc(CN3CCOCC3)ccc2Nc2nccc(Nc3ccccc3)c21,train
CHEMBL6024653,CNC(=O)CN1CCN(CCON(C)C(=O)c2ccc(N/C(=C3\C(=O)Nc4cc(C(=O)OC)c(C)cc43)c3ccccc3)cc2)CC1,XNOHHMMIXCDTFE,-1,-1,1,O=C1Nc2ccccc2C1=C(Nc1ccc(C(=O)NOCCN2CCNCC2)cc1)c1ccccc1,train
CHEMBL6026268,COC(=O)c1cc2c(cc1C)/C(=C(/Nc1ccc(C(=O)NOCCN(C)C)c(C)c1)c1ccccc1)C(=O)N2,AYBLFKIMJMUPEC,-1,-1,1,O=C1Nc2ccccc2C1=C(Nc1ccccc1)c1ccccc1,train
CHEMBL6026951,COC(=O)c1cc2c(cc1C)/C(=C(/Nc1ccc(C(=O)N3CCN(CCO)CC3)cc1)c1ccccc1)C(=O)N2,BLYDOULCQABGHT,-1,-1,1,O=C1Nc2ccccc2C1=C(Nc1ccc(C(=O)N2CCNCC2)cc1)c1ccccc1,train
CHEMBL6027090,COP(=O)(OC)c1cnc(N)c(-c2ccc(NC(=O)Nc3cccc(C(F)(F)F)c3)cc2)c1,ANGIHPLFWQJTBG,-1,-1,1,O=C(Nc1ccccc1)Nc1ccc(-c2cccnc2)cc1,train
CHEMBL6027155,Cc1cc(F)c(Nc2ccnc3c2C(=O)Nc2cc(CN4CCCC(OCC(F)(F)F)C4)ccc2N3)cc1O,TZSBMAHRPWFGJQ,-1,-1,1,O=C1Nc2cc(CN3CCCCC3)ccc2Nc2nccc(Nc3ccccc3)c21,train
CHEMBL6028045,Cc1ccc(F)c(NC(=O)Nc2ccc(-c3nn(CCCCCCCC(=O)NO)c4ncnc(N)c34)cc2)c1,MDNAJFVDTSUEGN,-1,-1,1,O=C(Nc1ccccc1)Nc1ccc(-c2n[nH]c3ncncc23)cc1,train
CHEMBL6028974,COC(=O)c1cc2c(cc1C)/C(=C(/Nc1ccc(C(=O)NCC3CCN(C)CC3)cc1)c1ccccc1)C(=O)N2,UKGLXBBBCMZJSW,-1,-1,1,O=C1Nc2ccccc2C1=C(Nc1ccc(C(=O)NCC2CCNCC2)cc1)c1ccccc1,train
CHEMBL6029379,CS(C)(=O)=NC(=O)c1cnc(N)c(-c2cc3cc(NC(=O)Nc4cc(C(F)(F)F)ccc4F)ccc3s2)c1,XTCSSXNPALQZJQ,-1,-1,1,O=C(Nc1ccccc1)Nc1ccc2sc(-c3cccnc3)cc2c1,train
CHEMBL6029995,COC(=O)c1cnc(N)c(-c2cc3cc(NC(=O)c4cc(C(F)(F)F)ccc4F)ccc3s2)c1,WXOHYJXDQIRXPC,-1,-1,1,O=C(Nc1ccc2sc(-c3cccnc3)cc2c1)c1ccccc1,train
CHEMBL6030373,COC(=O)Cc1cc(C)c(C(=O)OC)cc1[N+](=O)[O-],NXFMFUNSRYFXMH,-1,-1,1,c1ccccc1,train
CHEMBL6033462,COC(=O)c1cc2c(cc1C)/C(=C(/Nc1ccc(C(=O)NCCN3CCCN(C)CC3)cc1)c1ccccc1)C(=O)N2,LJFSJSPWQGPGIK,-1,-1,1,O=C1Nc2ccccc2C1=C(Nc1ccc(C(=O)NCCN2CCCNCC2)cc1)c1ccccc1,train
CHEMBL6033794,Cc1ccc(O)cc1Nc1ccnc2c1C(=O)Nc1cc(CNc3ccccc3F)ccc1N2,UZDBOUHQUDFTHP,-1,-1,1,O=C1Nc2cc(CNc3ccccc3)ccc2Nc2nccc(Nc3ccccc3)c21,train
CHEMBL6034712,COC(=O)c1cnc(N)c(-c2cc3cc(NC(=O)Nc4ccc(Cl)c(C(F)(F)F)c4)ccc3s2)c1,FVIRXBVPCMEQRU,-1,-1,1,O=C(Nc1ccccc1)Nc1ccc2sc(-c3cccnc3)cc2c1,train
CHEMBL6035754,Cc1ccc(F)c(NC(=O)Nc2ccc3sc(-c4cc(C(=O)N=S(C)(C)=O)cnc4N)cc3c2)c1,JLPSBKJMSTVJBK,-1,-1,1,O=C(Nc1ccccc1)Nc1ccc2sc(-c3cccnc3)cc2c1,train
CHEMBL6036526,Cc1ccc(O)cc1Nc1ccnc2c1C(=O)Nc1cc(CN3CCN(CCO)CC3)ccc1N2,XDUJIOOKDGVYSU,-1,-1,1,O=C1Nc2cc(CN3CCNCC3)ccc2Nc2nccc(Nc3ccccc3)c21,train
CHEMBL6037276,Cc1ccc(F)c(NC(=O)Nc2ccc3sc(-c4cc(B5OC(C)(C)C(C)(C)O5)cnc4N)cc3c2)c1,UIQHNAPAGAHZFT,-1,-1,1,O=C(Nc1ccccc1)Nc1ccc2sc(-c3cncc(B4OCCO4)c3)cc2c1,train
CHEMBL6038195,COC(=O)c1cc2c(cc1C)/C(=C(/Nc1ccc(C(=O)NOCCN3CCN(CCO)CC3)cc1)c1ccccc1)C(=O)N2,WKQQROGAGZDSBZ,-1,-1,1,O=C1Nc2ccccc2C1=C(Nc1ccc(C(=O)NOCCN2CCNCC2)cc1)c1ccccc1,train
CHEMBL6038302,CCN(CCO)C(=O)c1ccc2c(c1)NC(=O)c1c(Nc3cc(O)c(C)cc3F)ccnc1N2,FCLMAXRVUCVWGI,-1,-1,1,O=C1Nc2ccccc2Nc2nccc(Nc3ccccc3)c21,train
CHEMBL6039280,Nc1ncc(B(O)O)cc1-c1cc2cc(NC(=O)Nc3ccccc3)ccc2s1,GIHOFZVEYWBKBL,-1,-1,1,O=C(Nc1ccccc1)Nc1ccc2sc(-c3cccnc3)cc2c1,train
CHEMBL6040123,Cc1ccc(O)cc1Nc1ccnc2c1C(=O)Nc1cc(CNCCO)ccc1N2,PWULXWUQKORKGJ,-1,-1,1,O=C1Nc2ccccc2Nc2nccc(Nc3ccccc3)c21,train
CHEMBL6040277,Cc1cc(F)c(Nc2ccnc3c2C(=O)Nc2cc(CNC4CCC4)ccc2N3)cc1O,DHILENNEVBDEMU,-1,-1,1,O=C1Nc2cc(CNC3CCC3)ccc2Nc2nccc(Nc3ccccc3)c21,train
CHEMBL6040388,COc1cc(O)cc(Nc2ccnc3c2C(=O)Nc2cc(C#N)ccc2N3)c1,XKKWYUUBWNYGNI,-1,-1,1,O=C1Nc2ccccc2Nc2nccc(Nc3ccccc3)c21,train
CHEMBL6042751,COc1ccccc1CNCc1ccc2c(c1)NC(=O)c1c(Nc3cc(O)ccc3C)ccnc1N2,HEJZALDKCWDYLL,-1,-1,1,O=C1Nc2cc(CNCc3ccccc3)ccc2Nc2nccc(Nc3ccccc3)c21,train
CHEMBL6043372,Cc1ccc(O)cc1Nc1ccnc2c1C(=O)Nc1cc(CNCc3ccccc3F)ccc1N2,XMTTXADILXOCTI,-1,-1,1,O=C1Nc2cc(CNCc3ccccc3)ccc2Nc2nccc(Nc3ccccc3)c21,train
CHEMBL604485,COc1cc2ncnc(Nc3ccc(-c4nc5ccccc5s4)c(O)c3)c2cc1OCCCN1CCN(C)CC1,CYXVEZJWVJIFPJ,-1,-1,0,c1ccc2sc(-c3ccc(Nc4ncnc5ccc(OCCCN6CCNCC6)cc45)cc3)nc2c1,train
CHEMBL6046062,COC(=O)c1cnc(N)c(-c2cc3cc(NC(=O)Nc4ccccc4F)ccc3s2)c1,OOQTVBOFLACKQI,-1,-1,1,O=C(Nc1ccccc1)Nc1ccc2sc(-c3cccnc3)cc2c1,train
CHEMBL6046380,COc1cccc(NC(=O)c2cccc(C#Cc3cc(C(=O)N=S4(=O)CCOCC4)cnc3N)c2)c1,SMICMYZGVHKNOD,-1,-1,1,O=C(N=S1(=O)CCOCC1)c1cncc(C#Cc2cccc(C(=O)Nc3ccccc3)c2)c1,train
CHEMBL6046549,COC(=O)c1cc2c(cc1C)/C(=C(/Nc1ccc(C(=O)N(C)OCCN3C[C@@H]4C[C@H]3CN4)cc1)c1ccccc1)C(=O)N2,LTJCRCKPWKQPOV,-1,-1,1,O=C1Nc2ccccc2C1=C(Nc1ccc(C(=O)NOCCN2CC3CC2CN3)cc1)c1ccccc1,train
CHEMBL6047944,Cc1ccc(Nc2ccnc3c2C(=O)Nc2cc(C#N)ccc2N3)cc1O,LMCLMMAYWZRBRH,-1,-1,1,O=C1Nc2ccccc2Nc2nccc(Nc3ccccc3)c21,train
CHEMBL6048773,Cc1cc(F)c(Nc2ccnc3c2C(=O)Nc2cc(CN4CCN(CC(F)F)CC4)ccc2N3)cc1O,GAKOWURXFQKQGU,-1,-1,1,O=C1Nc2cc(CN3CCNCC3)ccc2Nc2nccc(Nc3ccccc3)c21,train
CHEMBL6049077,COCCCNCc1ccc2c(c1)NC(=O)c1c(Nc3cc(O)ccc3C)ccnc1N2,LMEJZAGBGSRBJA,-1,-1,1,O=C1Nc2ccccc2Nc2nccc(Nc3ccccc3)c21,train
CHEMBL6049309,Cc1cc(F)c(Nc2ccnc3c2C(=O)Nc2cc(CNC(C)CO)ccc2N3)cc1O,NZUGNTZEMQTKDH,-1,-1,1,O=C1Nc2ccccc2Nc2nccc(Nc3ccccc3)c21,train
CHEMBL6051368,COC(=O)c1cc2c(cc1C)/C(=C(/Nc1ccc(C(=O)N3CCC(C(=O)NCCN(C)C)CC3)cc1)c1ccccc1)C(=O)N2,KWVDRTIIZKGPOQ,-1,-1,1,O=C1Nc2ccccc2C1=C(Nc1ccc(C(=O)N2CCCCC2)cc1)c1ccccc1,train
CHEMBL6052352,CCN(C)Cc1ccc2c(c1)NC(=O)c1c(Nc3cc(O)c(C)cc3F)ccnc1N2,HOOKXRVARVUTOQ,-1,-1,1,O=C1Nc2ccccc2Nc2nccc(Nc3ccccc3)c21,train
CHEMBL6053013,CC(C)(C)c1cc(NC(=O)c2cccc(C#Cc3cc(C(=O)N=S4(=O)CCOCC4)cnc3N)c2)no1,DRGIYHQKZKDPLX,-1,-1,1,O=C(N=S1(=O)CCOCC1)c1cncc(C#Cc2cccc(C(=O)Nc3ccon3)c2)c1,train
CHEMBL6053134,CS(C)(=O)=NC(=O)c1cnc(N)c(-c2cc3cc(NC(=O)Nc4ccc(F)c(Cl)c4)ccc3s2)c1,FNJKPVGIIXWXLW,-1,-1,1,O=C(Nc1ccccc1)Nc1ccc2sc(-c3cccnc3)cc2c1,train
CHEMBL6053743,Cc1cc(F)c(Nc2ccnc3c2C(=O)Nc2cc(CN4CCNCC4)ccc2N3)cc1O,VLTUYLMKVNYVHY,-1,-1,1,O=C1Nc2cc(CN3CCNCC3)ccc2Nc2nccc(Nc3ccccc3)c21,train
CHEMBL6054222,Cc1cc(F)c(Nc2ccnc3c2C(=O)Nc2cc(CNC(CO)C(C)C)ccc2N3)cc1O,AQGHUQFARNGYDN,-1,-1,1,O=C1Nc2ccccc2Nc2nccc(Nc3ccccc3)c21,train
CHEMBL6054709,CCNCc1ccc2c(c1)NC(=O)c1c(Nc3cc(O)c(C)cc3F)ccnc1N2,QGTNBHVHNFUNSQ,-1,-1,1,O=C1Nc2ccccc2Nc2nccc(Nc3ccccc3)c21,train
CHEMBL6056846,COC(=O)c1cc2c(cc1C)/C(=C(/Nc1ccc(C(=O)NCCN3CCC(F)CC3)cc1)c1ccccc1)C(=O)N2,RJAKZMKAAHGXTE,-1,-1,1,O=C1Nc2ccccc2C1=C(Nc1ccc(C(=O)NCCN2CCCCC2)cc1)c1ccccc1,train
CHEMBL6058213,COC(=O)c1cc2c(cc1C)/C(=C(/Nc1ccc(C(=O)NCCN3CCN(C)CC3)cc1)c1ccccc1)C(=O)N2,AVRHXSYMJIZSHR,-1,-1,1,O=C1Nc2ccccc2C1=C(Nc1ccc(C(=O)NCCN2CCNCC2)cc1)c1ccccc1,train
CHEMBL6058913,COC(=O)c1cc2c(cc1C)/C(=C(/Nc1ccc(S(=O)(=O)N(C)OCCN(C)CCO)cc1)c1ccccc1)C(=O)N2,VXNRKGFHJWQYFY,-1,-1,1,O=C1Nc2ccccc2C1=C(Nc1ccccc1)c1ccccc1,train
CHEMBL605957,COc1cc(C2=C(c3c[nH]c4ccc(Br)cc34)C(=O)NC2=O)cc(OC)c1OC,AQXIMVWUURMKKC,-1,-1,1,O=C1NC(=O)C(c2c[nH]c3ccccc23)=C1c1ccccc1,train
CHEMBL6059731,Cc1cc(F)c(Nc2ccnc3c2C(=O)Nc2cc(CN4CC[C@@H](O)C4)ccc2N3)cc1O,QIZGCINCAAEMBX,-1,-1,1,O=C1Nc2cc(CN3CCCC3)ccc2Nc2nccc(Nc3ccccc3)c21,train
CHEMBL6060311,Cc1cc(F)c(Nc2ccnc3c2C(=O)Nc2cc(CN)ccc2N3)cc1O,IJIGYLWUTHHVOT,-1,-1,1,O=C1Nc2ccccc2Nc2nccc(Nc3ccccc3)c21,train
CHEMBL606039,COc1ccccc1/C(C)=C\c1coc2nc(N)nc(N)c12,JXICVPBZQSPDOK,-1,-1,0,C(=Cc1coc2ncncc12)c1ccccc1,train
CHEMBL6062612,Cc1cc(F)c(Nc2ccnc3c2C(=O)Nc2cc(CN4CCC(O)C(C)(C)C4)ccc2N3)cc1O,CBPRXMDBGJCNJA,-1,-1,1,O=C1Nc2cc(CN3CCCCC3)ccc2Nc2nccc(Nc3ccccc3)c21,train
CHEMBL6062938,COC(=O)c1cc2c(cc1C)/C(=C(/Nc1ccc(C(=O)N(C)OCCN3CCN[C@H](C)C3)cc1)c1ccccc1)C(=O)N2,VLIWYQAUGIWSFX,-1,-1,1,O=C1Nc2ccccc2C1=C(Nc1ccc(C(=O)NOCCN2CCNCC2)cc1)c1ccccc1,train
CHEMBL6064687,Cc1ccc(O)cc1Nc1ccnc2c1C(=O)Nc1cc(CNCc3ccccc3)ccc1N2,HUXJROJTQQSFPL,-1,-1,1,O=C1Nc2cc(CNCc3ccccc3)ccc2Nc2nccc(Nc3ccccc3)c21,train
CHEMBL6064744,COc1ccc(NCc2ccc3c(c2)NC(=O)c2c(Nc4cc(O)ccc4C)ccnc2N3)cc1F,CBZSWBQDNACOOW,-1,-1,1,O=C1Nc2cc(CNc3ccccc3)ccc2Nc2nccc(Nc3ccccc3)c21,train
CHEMBL6065121,Cc1cc(F)c(Nc2ccnc3c2C(=O)Nc2cc(CN4CCN(C)CC4)ccc2N3)cc1O,IKZHBZBLVAJZJP,-1,-1,1,O=C1Nc2cc(CN3CCNCC3)ccc2Nc2nccc(Nc3ccccc3)c21,train
CHEMBL610181,COc1ccccc1/C(C)=C/c1coc2nc(N)nc(N)c12,JXICVPBZQSPDOK,-1,-1,0,C(=Cc1coc2ncncc12)c1ccccc1,train
CHEMBL6148983,CC(C)(C)c1cc(NC(=O)Cc2ccc(-n3cnc4cc(C5CCNCC5)ccc43)cc2)on1,BEOLKQFOIDOFSZ,-1,-1,1,O=C(Cc1ccc(-n2cnc3cc(C4CCNCC4)ccc32)cc1)Nc1ccno1,train
CHEMBL6150730,CC(C)(C)c1cc(NC(=O)Cc2ccc(-n3cnc4cc(-c5cn[nH]c5)ccc43)cc2)on1,KLCBEXKZLLKSAW,-1,-1,1,O=C(Cc1ccc(-n2cnc3cc(-c4cn[nH]c4)ccc32)cc1)Nc1ccno1,train
CHEMBL6162898,Cn1cc(-c2ccc3c(c2)ncn3-c2ccc(CC(=O)Nc3cc(C(C)(C)C)no3)cc2)cn1,VIQAAPJVSOWKQK,-1,-1,1,O=C(Cc1ccc(-n2cnc3cc(-c4cn[nH]c4)ccc32)cc1)Nc1ccno1,train
CHEMBL69358,CCN(CC)CCNC(=O)c1cc(C)c(/C=C2\C(=O)Nc3ncnc(Nc4ccc(F)c(Cl)c4)c32)[nH]1,SXQLWNOERMLQGM,-1,-1,0,O=C1Nc2ncnc(Nc3ccccc3)c2C1=Cc1ccc[nH]1,train
CHEMBL74197,Cc1cc(C)cc(Nc2nnc(Cc3ccncc3)c3ccccc23)c1,QQJMEMQSYAOKGB,-1,-1,1,c1ccc(Nc2nnc(Cc3ccncc3)c3ccccc23)cc1,train
CHEMBL7432,CN(C)CC(=O)Oc1ccc2[nH]c(C(=O)c3cc4ccccc4[nH]3)cc2c1,HFEANGBCVOPJFK,-1,-1,1,O=C(c1cc2ccccc2[nH]1)c1cc2ccccc2[nH]1,train
CHEMBL75462,COc1cccc(Nc2nnc(Cc3ccncc3)c3ccccc23)c1,UHSUYVQDJJMDAA,-1,-1,1,c1ccc(Nc2nnc(Cc3ccncc3)c3ccccc23)cc1,train
CHEMBL7572,CC(=O)Oc1ccc2[nH]c(C(=O)c3cc4ccccc4[nH]3)cc2c1,MCKSLUDHECENKP,-1,-1,1,O=C(c1cc2ccccc2[nH]1)c1cc2ccccc2[nH]1,train
CHEMBL7600,COCC(=O)Oc1ccc2[nH]c(C(=O)c3cc4ccccc4[nH]3)cc2c1,LAVORGSZCUQIGI,-1,-1,1,O=C(c1cc2ccccc2[nH]1)c1cc2ccccc2[nH]1,train
CHEMBL7735,O=C(c1cc2ccccc2[nH]1)c1cc2cc(O)ccc2[nH]1,AALNCHNFTKRFEL,-1,-1,1,O=C(c1cc2ccccc2[nH]1)c1cc2ccccc2[nH]1,train
CHEMBL78303,Cc1cccc(Nc2nnc(Cc3ccncc3)c3ccccc23)c1,UTBZTQCKLUFYTQ,-1,-1,1,c1ccc(Nc2nnc(Cc3ccncc3)c3ccccc23)cc1,train
CHEMBL85021,CC(C)c1cc(/C=C2\C(=O)Nc3ccccc32)cc(C(C)C)c1O,UGWOQEABVJFWIV,-1,-1,0,O=C1Nc2ccccc2C1=Cc1ccccc1,train
CHEMBL86480,O=C1Nc2ccccc2/C1=C/c1ccc(N2CCOCC2)cc1,FWFISWZSIAJQSO,-1,-1,0,O=C1Nc2ccccc2C1=Cc1ccc(N2CCOCC2)cc1,train
CHEMBL87324,Cc1cc(C)c(/C=C2\C(=O)Nc3cc(F)ccc32)[nH]1,LIRKGVXMEOVEPG,-1,-1,0,O=C1Nc2ccccc2C1=Cc1ccc[nH]1,train
CHEMBL87325,O=C1Nc2ccc([N+](=O)[O-])cc2/C1=C/c1ccc[nH]1,UUKMQWDTHJLSMU,-1,-1,0,O=C1Nc2ccccc2C1=Cc1ccc[nH]1,train
CHEMBL88405,O=CN1CCN(c2ccc(/C=C3\C(=O)Nc4ccc(Br)cc43)cc2)CC1,BWIHZZBWTTUUMW,-1,-1,0,O=C1Nc2ccccc2C1=Cc1ccc(N2CCNCC2)cc1,train
CHEMBL88462,COc1ccccc1-c1ccc2c(c1)NC(=O)/C2=C\c1cc2c([nH]1)CCCC2,PFORQVNUDXKNNV,-1,-1,0,O=C1Nc2cc(-c3ccccc3)ccc2C1=Cc1cc2c([nH]1)CCCC2,train
CHEMBL88483,NS(=O)(=O)c1ccc2c(c1)/C(=C/c1cc3c([nH]1)CCCC3)C(=O)N2,FHSRUXRMSRJDQV,-1,-1,0,O=C1Nc2ccccc2C1=Cc1cc2c([nH]1)CCCC2,train
CHEMBL88606,O=C1Nc2ccc(Br)cc2/C1=C/c1cc2c([nH]1)CCCC2,RFHPWPWVGFSLOP,-1,-1,1,O=C1Nc2ccccc2C1=Cc1cc2c([nH]1)CCCC2,train
CHEMBL88771,O=C(O)CCc1c(/C=C2\C(=O)Nc3cc(-c4ccccc4)ccc32)[nH]c2c1CCCC2,NQIZOXPPUYQOQV,-1,-1,1,O=C1Nc2cc(-c3ccccc3)ccc2C1=Cc1cc2c([nH]1)CCCC2,train
CHEMBL89040,Cc1cccc2c1/C(=C/c1ccc(N3CCN(C=O)CC3)cc1)C(=O)N2,GOJTWENDGDLCOU,-1,-1,0,O=C1Nc2ccccc2C1=Cc1ccc(N2CCNCC2)cc1,train
CHEMBL89363,Cc1c[nH]c(/C=C2\C(=O)Nc3ccccc32)c1CCC(=O)O,JNDVEAXZWJIOKB,-1,-1,1,O=C1Nc2ccccc2C1=Cc1ccc[nH]1,train
CHEMBL89483,Cc1ccc2c(c1)/C(=C/c1[nH]c(C)cc1C)C(=O)N2,KRYNNRXFWOEDRQ,-1,-1,0,O=C1Nc2ccccc2C1=Cc1ccc[nH]1,train
CHEMBL89723,CC(C)c1cc(/C=C2\C(=O)Nc3ccc(Cl)cc32)cc(C(C)C)c1O,OHYZPHUXMLDXTQ,-1,-1,0,O=C1Nc2ccccc2C1=Cc1ccccc1,train
CHEMBL90277,Cc1cccc2c1/C(=C/c1ccc(N3CCOCC3)cc1)C(=O)N2,KBPBXFBACWNRGQ,-1,-1,0,O=C1Nc2ccccc2C1=Cc1ccc(N2CCOCC2)cc1,train
CHEMBL99729,CCNc1cc2ncnc(N3CCN(C(=O)Nc4ccc(Oc5ccccc5)cc4)CC3)c2cc1[N+](=O)[O-],YUNJGRGJSUPMCE,-1,-1,1,O=C(Nc1ccc(Oc2ccccc2)cc1)N1CCN(c2ncnc3ccccc23)CC1,train
CHEMBL2407518,CCCCN1C(=O)c2cccc3c(NCCNCCN(C)C)ccc(c23)C1=O,IKXSHOOFJBVKNK,-1,-1,0,O=C1NC(=O)c2cccc3cccc1c23,train
CHEMBL105711,COc1cc2ncnc(N3CCN(C(=O)Nc4ccc5c(c4)OCO5)CC3)c2cc1OC,LBXBIZHFHJQNEC,-1,-1,0,O=C(Nc1ccc2c(c1)OCO2)N1CCN(c2ncnc3ccccc23)CC1,train
CHEMBL359204,O=C(Nc1ccc(Oc2ccccc2)cc1)N1CCN(c2nnc(Cl)c3ccccc23)CC1,OZOJGPUOXBKWKA,-1,-1,0,O=C(Nc1ccc(Oc2ccccc2)cc1)N1CCN(c2nncc3ccccc23)CC1,train
CHEMBL596292,COc1cc2c(Nc3ccc(-c4nc5cc(Cl)ccc5s4)cc3)ncnc2cc1OCCCN1CCN(C)CC1,NACVPONJWZPHAP,-1,-1,0,c1ccc2sc(-c3ccc(Nc4ncnc5cc(OCCCN6CCNCC6)ccc45)cc3)nc2c1,train
CHEMBL312826,O=C1Nc2ccccc2/C1=C\c1ccco1,PGZGBDVILWVGSF,-1,-1,0,O=C1Nc2ccccc2C1=Cc1ccco1,train
CHEMBL264382,Cc1cc(C(=O)NCCN2CCOCC2)[nH]c1/C=C1\C(=O)Nc2ncnc(Nc3ccc4c(ccn4Cc4ccccc4)c3)c21,JHZHWAOFJSCIEJ,-1,-1,0,O=C1Nc2ncnc(Nc3ccc4c(ccn4Cc4ccccc4)c3)c2C1=Cc1ccc(C(=O)NCCN2CCOCC2)[nH]1,train
CHEMBL2335378,Nc1nc(Nc2ccc(F)c(Cl)c2)c2cc(CCc3ccccn3)[nH]c2n1,UZQKITFPIWWZPV,-1,-1,0,c1ccc(Nc2ncnc3[nH]c(CCc4ccccn4)cc23)cc1,train
CHEMBL604879,CCCCC(=Cc1coc2nc(=N)[nH]c(N)c12)c1ccccc1OC,OJEFVGFDNJBOHB,-1,-1,0,N=c1nc2occ(C=Cc3ccccc3)c2c[nH]1,train
CHEMBL593294,COc1cc2ncnc(Nc3ccc(-c4nc5ccccc5s4)cc3O)c2cc1OCCCN1CCN(C)CC1,DPYASQWYHILTBI,-1,-1,0,c1ccc2sc(-c3ccc(Nc4ncnc5ccc(OCCCN6CCNCC6)cc45)cc3)nc2c1,train
CHEMBL2337369,CC(C)(C)C(=O)Nc1nc(Nc2ccc(Cl)cc2)c2c(n1)[nH]c1cccc(Cl)c12,AKMYYMMBISZQDW,-1,-1,0,c1ccc(Nc2ncnc3[nH]c4ccccc4c23)cc1,train
CHEMBL314146,CCc1ccc(/C=C2\C(=O)Nc3ccccc32)s1,MFRZHGSWQHNIEA,-1,-1,0,O=C1Nc2ccccc2C1=Cc1cccs1,train
CHEMBL482489,Nc1nc(Nc2cccc(Br)c2)c2cc(CCc3ccccc3Cl)[nH]c2n1,ZFOINLDOMHQFOQ,-1,-1,0,c1ccc(CCc2cc3c(Nc4ccccc4)ncnc3[nH]2)cc1,train
CHEMBL302552,O=C1Nc2ncnc(Nc3ccc(F)c(Cl)c3)c2/C1=C/c1ccc(C(=O)NCCN2CCOCC2)[nH]1,YXYOPRGOSTYKLY,-1,-1,0,O=C1Nc2ncnc(Nc3ccccc3)c2C1=Cc1ccc(C(=O)NCCN2CCOCC2)[nH]1,train
CHEMBL2335018,CC(C)(C)C(=O)Nc1nc(Nc2cccc(C(F)(F)F)c2)c2cc(CCc3ccccn3)[nH]c2n1,WTIRAQYVQVKKSN,-1,-1,0,c1ccc(Nc2ncnc3[nH]c(CCc4ccccn4)cc23)cc1,train
CHEMBL4066664,FC(F)(F)CNc1nc(Nc2ccc3cn[nH]c3c2)nc2ccoc12,FMTZJHHPYOHWNQ,-1,-1,0,c1cc2nc(Nc3ccc4cn[nH]c4c3)ncc2o1,train
CHEMBL1096415,Fc1ccc(Nc2ncnc3[nH]c(CCc4ccccc4)cc23)cc1C(F)(F)F,XYZHMUBWCKVNFD,-1,-1,0,c1ccc(CCc2cc3c(Nc4ccccc4)ncnc3[nH]2)cc1,train
CHEMBL86326,COc1ccc(/C=C2\C(=O)Nc3ccc(Cl)cc32)cc1C(C)(C)C,CVNRNJTZYYQYLI,-1,-1,0,O=C1Nc2ccccc2C1=Cc1ccccc1,train
CHEMBL68258,Cc1cc(C(=O)N2CCOCC2)[nH]c1/C=C1\C(=O)Nc2ncnc(N3CCCCC3)c21,VIJTXHKQZRDGPG,-1,-1,0,O=C1Nc2ncnc(N3CCCCC3)c2C1=Cc1ccc(C(=O)N2CCOCC2)[nH]1,train
CHEMBL3358971,COc1ccc(-c2nc(-c3c[nH]c4ccccc34)c[nH]c2=O)c(OC)c1OC,UXWVPDYFDADXSI,-1,-1,0,O=c1[nH]cc(-c2c[nH]c3ccccc23)nc1-c1ccccc1,train
CHEMBL598022,CCCCCCCCCCCCN1C(=O)c2cccc3c(NCCNCCN(C)C)ccc(c23)C1=O,SATGSKMWRADRHF,-1,-1,0,O=C1NC(=O)c2cccc3cccc1c23,train
CHEMBL3696071,NC(=O)c1c(-c2ccc(N)cc2)nsc1NC(=O)NCCCN1CCOCC1,IVEWVUMNGBFGMO,-1,-1,0,O=C(NCCCN1CCOCC1)Nc1cc(-c2ccccc2)ns1,train
CHEMBL5782613,COc1ccc(COc2ccc(Nc3ccc4ncc(OCCN(C)C)nc4c3C#N)cc2OC)cc1,YJWLVWWOBHGDPY,-1,-1,0,c1ccc(COc2ccc(Nc3ccc4nccnc4c3)cc2)cc1,train
CHEMBL603849,CCC(C)C(=Cc1coc2nc(=N)[nH]c(N)c12)c1ccccc1OC,GGNUJBNONVTLHE,-1,-1,0,N=c1nc2occ(C=Cc3ccccc3)c2c[nH]1,train
CHEMBL432491,NS(=O)(=O)c1ccc2c(c1)/C(=C/c1[nH]cc3c1CCOC3=O)C(=O)N2,HHNLJCDJQYVVOF,-1,-1,0,O=C1Nc2ccccc2C1=Cc1[nH]cc2c1CCOC2=O,train
CHEMBL59110,O=C1Nc2ccc(F)cc2/C1=C/c1[nH]cc2c1CCOC2=O,ATXQKLAYIZHIBL,-1,-1,0,O=C1Nc2ccccc2C1=Cc1[nH]cc2c1CCOC2=O,train
CHEMBL421206,CCNc1cc2ncnc(N3CCN(/C(S)=N\Cc4ccccc4)CC3)c2cc1[N+](=O)[O-],KCRJQZOAFXYEHE,-1,-1,0,C(=NCc1ccccc1)N1CCN(c2ncnc3ccccc23)CC1,train
CHEMBL2046883,Cc1ccc(NC(=O)Nc2nnc(Sc3ncnc4cc(OCCCN5CCOCC5)ccc34)s2)cc1,LKXFSTAQMOENSC,-1,-1,0,O=C(Nc1ccccc1)Nc1nnc(Sc2ncnc3cc(OCCCN4CCOCC4)ccc23)s1,train
CHEMBL104427,COc1cc2ncnc(N3CCN(C(=O)Nc4ccc([S+](C)[O-])cc4)CC3)c2cc1OC,MUEDUMCTMMTQDB,-1,-1,0,O=C(Nc1ccccc1)N1CCN(c2ncnc3ccccc23)CC1,train
CHEMBL3359001,COc1cc(-c2nc(-c3c[nH]c4ccccc34)c(C)[nH]c2=O)cc(OC)c1OC,SKOHQMIWMJGAEO,-1,-1,0,O=c1[nH]cc(-c2c[nH]c3ccccc23)nc1-c1ccccc1,train
CHEMBL1096416,Fc1cc(Cl)ccc1Nc1ncnc2[nH]c(CCc3ccccc3)cc12,OLTGDTOUJBNHPA,-1,-1,0,c1ccc(CCc2cc3c(Nc4ccccc4)ncnc3[nH]2)cc1,train
CHEMBL4069070,COc1ccc(OC)c(Sc2cccc3[nH]c4nc(N)nc(N)c4c23)c1,TXHGXJGNQUMSBD,-1,-1,0,c1ccc(Sc2cccc3[nH]c4ncncc4c23)cc1,train
CHEMBL593910,COc1cc(-c2nc3ccccc3s2)ccc1Nc1ncnc2cc(OC)c(OCCCN3CCN(C)CC3)cc12,FLGQTDLHJSQLIG,-1,-1,0,c1ccc2sc(-c3ccc(Nc4ncnc5ccc(OCCCN6CCNCC6)cc45)cc3)nc2c1,train
CHEMBL86631,Cn1cccc1/C=C1\C(=O)Nc2ccccc21,WSUCIBGSTGQSRL,-1,-1,0,O=C1Nc2ccccc2C1=Cc1ccc[nH]1,train
CHEMBL105689,COc1cc2ncnc(N3CCN(C(=O)Nc4ccccc4[N+](=O)[O-])CC3)c2cc1OC,DJCXBGBTOUKRNR,-1,-1,0,O=C(Nc1ccccc1)N1CCN(c2ncnc3ccccc23)CC1,train
CHEMBL87080,O=C1Nc2ccc(Br)cc2/C1=C/c1ccc(N2CCOCC2)cc1,VBZGAESQTIHMPD,-1,-1,0,O=C1Nc2ccccc2C1=Cc1ccc(N2CCOCC2)cc1,train
CHEMBL316268,O=C1Nc2ccccc2/C1=C/c1cc(Br)cs1,ONXUHKXDKGXHFK,-1,-1,0,O=C1Nc2ccccc2C1=Cc1cccs1,train
CHEMBL89721,CSc1ccc(/C=C2\C(=O)Nc3ccccc32)s1,FEISFUIEFYIRAS,-1,-1,0,O=C1Nc2ccccc2C1=Cc1cccs1,train
CHEMBL483313,Nc1nc(Nc2ccc(Cl)cc2F)c2cc(CCc3ccccc3)[nH]c2n1,KJOGVLRVAKVBOJ,-1,-1,0,c1ccc(CCc2cc3c(Nc4ccccc4)ncnc3[nH]2)cc1,train
CHEMBL3894814,CC(=O)Nc1cn2nc(C#Cc3ccc(NC(=O)Nc4cccc(C)c4)cc3)ccc2n1,YZKYIDIQVDQLTJ,-1,-1,0,O=C(Nc1ccccc1)Nc1ccc(C#Cc2ccc3nccn3n2)cc1,train
CHEMBL144816,S=C(NCc1ccccc1)N1CCN(c2[nH]cnc3ncnc2-3)CC1,QHYYQYQYKVDGLV,-1,-1,0,S=C(NCc1ccccc1)N1CCN(c2[nH]cnc3ncnc2-3)CC1,train
CHEMBL499344,Nc1nc(Nc2cccc(Br)c2)c2cc(Cc3ccccc3)[nH]c2n1,ZCULMARKDXJUJE,-1,-1,0,c1ccc(Cc2cc3c(Nc4ccccc4)ncnc3[nH]2)cc1,train
CHEMBL593905,COc1cc2ncnc(Nc3ccc(-c4nc5cc(C(F)(F)F)ccc5s4)cc3)c2cc1OCCCN1CCN(C)CC1,AXMDZPQSJQHLHJ,-1,-1,0,c1ccc2sc(-c3ccc(Nc4ncnc5ccc(OCCCN6CCNCC6)cc45)cc3)nc2c1,train
CHEMBL68920,Cc1cc(C)c(/C=C2\C(=O)Nc3ncnc(Nc4ccc(F)c(Cl)c4)c32)[nH]1,YFDRVUYGJJBGOU,-1,-1,0,O=C1Nc2ncnc(Nc3ccccc3)c2C1=Cc1ccc[nH]1,train
CHEMBL593154,COc1ccccc1C(=Cc1coc2nc(=N)[nH]c(N)c12)CC(C)C,GSEWOBPWXZKJLQ,-1,-1,0,N=c1nc2occ(C=Cc3ccccc3)c2c[nH]1,train
CHEMBL483108,Nc1nc(Nc2ccc(F)c(Br)c2)c2cc(CCc3ccccc3)[nH]c2n1,JIKRLFBUNSLPFP,-1,-1,0,c1ccc(CCc2cc3c(Nc4ccccc4)ncnc3[nH]2)cc1,train
CHEMBL305194,Cc1cc(C(=O)O)[nH]c1/C=C1\C(=O)Nc2ncnc(Nc3ccc(F)c(Cl)c3)c21,QQRLVNGJKMMEMW,-1,-1,0,O=C1Nc2ncnc(Nc3ccccc3)c2C1=Cc1ccc[nH]1,train
CHEMBL305782,Cc1[nH]c(/C=C2\C(=O)Nc3ncnc(Nc4ccc(F)c(Cl)c4)c32)c(C)c1CCC(=O)O,GDKHQUDZTDIVIZ,-1,-1,0,O=C1Nc2ncnc(Nc3ccccc3)c2C1=Cc1ccc[nH]1,train
CHEMBL2407519,CCCCCCN1C(=O)c2cccc3c(NCCNCCN(C)C)ccc(c23)C1=O,PDNHJKLSBCGGCT,-1,-1,0,O=C1NC(=O)c2cccc3cccc1c23,train
CHEMBL6012300,COc1cc(Nc2ccc3ncc(N4CCOCC4)nc3c2C#N)ccc1OCC1CCCO1,ODUDSGNGPQZKDF,-1,-1,0,c1cc(OCC2CCCO2)ccc1Nc1ccc2ncc(N3CCOCC3)nc2c1,train
CHEMBL421548,O=C1Nc2ccc(Cl)cc2/C1=C/c1ccc(N2CCOCC2)cc1,DVKIICSQTRTPIE,-1,-1,0,O=C1Nc2ccccc2C1=Cc1ccc(N2CCOCC2)cc1,train
CHEMBL342999,O=C(Nc1ccc(Oc2ccccc2)cc1)N1CCN(c2ncnc3ncccc23)CC1,COCSTHWVIMIGDL,-1,-1,0,O=C(Nc1ccc(Oc2ccccc2)cc1)N1CCN(c2ncnc3ncccc23)CC1,train
CHEMBL443268,Cc1cc(C(=O)NCCN2CCOCC2)[nH]c1/C=C1\C(=O)N(C)c2ncnc(Nc3ccc(F)c(Cl)c3)c21,VZVRWQGDDKSERZ,-1,-1,0,O=C1Nc2ncnc(Nc3ccccc3)c2C1=Cc1ccc(C(=O)NCCN2CCOCC2)[nH]1,train
CHEMBL103326,COc1cc2nc(Cl)nc(N3CCN(C(=O)Nc4ccc(Oc5ccccc5)cc4)CC3)c2cc1OC,WIJBBZIFXNPQKP,-1,-1,0,O=C(Nc1ccc(Oc2ccccc2)cc1)N1CCN(c2ncnc3ccccc23)CC1,train
CHEMBL4762843,COc1cc(OCc2ccnc(N)n2)cc2sc(N[C@H]3CCCC[C@@H]3O)nc12,QPANAVQRQRUDJJ,-1,-1,0,c1cc(COc2ccc3nc(NC4CCCCC4)sc3c2)ncn1,train
CHEMBL69071,Cc1cc(C(=O)N2CC(C)NC(C)C2)[nH]c1/C=C1\C(=O)Nc2ncnc(Nc3ccc(F)c(Cl)c3)c21,WVDAQTVGUQLXLW,-1,-1,0,O=C1Nc2ncnc(Nc3ccccc3)c2C1=Cc1ccc(C(=O)N2CCNCC2)[nH]1,train
CHEMBL147325,CCn1c(O)nc2cc3c(N4CCN(C(=O)Nc5ccc(Oc6ccccc6)cc5)CC4)ncnc3cc21,ZTPUTDMDORDJGQ,-1,-1,0,O=C(Nc1ccc(Oc2ccccc2)cc1)N1CCN(c2ncnc3cc4[nH]cnc4cc23)CC1,train
CHEMBL1097743,FC(F)(F)c1cccc(Nc2ncnc3[nH]c(CCc4ccccc4)cc23)c1,PJUIFTJNPUTTFQ,-1,-1,0,c1ccc(CCc2cc3c(Nc4ccccc4)ncnc3[nH]2)cc1,train
CHEMBL1956891,Nc1nc(Nc2cccc(Br)c2)c2ccn(Cc3ccc(Cl)cc3)c2n1,BHRRBEIGFFNGJI,-1,-1,0,c1ccc(Cn2ccc3c(Nc4ccccc4)ncnc32)cc1,train
CHEMBL3985195,NC(=O)n1c(-c2cc(NC(=O)Nc3ccc(F)c(Cl)c3)cs2)cc2ccccc21,DBUVVGBNRIVVHH,-1,-1,0,O=C(Nc1ccccc1)Nc1csc(-c2cc3ccccc3[nH]2)c1,train
CHEMBL314798,C/C(=C1\C(=O)Nc2ccccc21)c1ccc(N2CCCCC2)cc1,DNHCCOIAADOQFR,-1,-1,0,O=C1Nc2ccccc2C1=Cc1ccc(N2CCCCC2)cc1,train
CHEMBL330321,Cc1cc(C)c(/C=C2\C(=O)Nc3cccc(C)c32)[nH]1,ODBURYRLZZGLFM,-1,-1,0,O=C1Nc2ccccc2C1=Cc1ccc[nH]1,train
CHEMBL595142,COc1cc2c(Nc3ccc(-c4nc5ccccc5s4)cc3O)ncnc2cc1OCCCN1CCN(C)CC1,XXSQNJQHHHVCBG,-1,-1,0,c1ccc2sc(-c3ccc(Nc4ncnc5cc(OCCCN6CCNCC6)ccc45)cc3)nc2c1,train
CHEMBL148221,COc1cc2ncnc(N3CCN(C(=O)Nc4ccc(C#N)cc4)CC3)c2cc1OCC(=O)O,PYKIKNQSEGQCGL,-1,-1,0,O=C(Nc1ccccc1)N1CCN(c2ncnc3ccccc23)CC1,train
CHEMBL86944,COc1c(Br)cc(/C=C2\C(=O)Nc3ccc(Cl)cc32)cc1C(C)(C)C,NWSAURDZWOHHFM,-1,-1,0,O=C1Nc2ccccc2C1=Cc1ccccc1,train
CHEMBL1254199,CN(c1cccc(Br)c1)c1nc(N)nc2[nH]c(Cc3ccccc3)cc12,SKKIJQLGOTXDRV,-1,-1,0,c1ccc(Cc2cc3c(Nc4ccccc4)ncnc3[nH]2)cc1,train
CHEMBL593306,COc1ccc2nc(-c3ccc(Nc4ncnc5cc(OCCCN6CCN(C)CC6)c(OC)cc45)cc3)sc2c1,MOQBNQNUPNPLCH,-1,-1,0,c1ccc2sc(-c3ccc(Nc4ncnc5cc(OCCCN6CCNCC6)ccc45)cc3)nc2c1,train
CHEMBL144307,S=C(NCc1ccccc1)N1CCN(c2ccnc3cc(Cl)ccc23)CC1,ZWPFOQMPRQZAOR,-1,-1,0,S=C(NCc1ccccc1)N1CCN(c2ccnc3ccccc23)CC1,train
CHEMBL423752,S=C(NCc1ccccc1)N1CCN(c2ccnc3ccc(Cl)cc23)CC1,UIWVFPJOYNIQAH,-1,-1,0,S=C(NCc1ccccc1)N1CCN(c2ccnc3ccccc23)CC1,train
CHEMBL5190939,O=c1[nH]c2ccccc2nc1/C=C/c1ccccn1,YKUZPPLSIAFQNK,-1,-1,0,O=c1[nH]c2ccccc2nc1C=Cc1ccccn1,train
CHEMBL595374,COc1cc2ncnc(Nc3ccc(-c4nc5ccccc5s4)cc3C)c2cc1OCCCN1CCN(C)CC1,DXQXEQLCDPJFHI,-1,-1,0,c1ccc2sc(-c3ccc(Nc4ncnc5ccc(OCCCN6CCNCC6)cc45)cc3)nc2c1,train
CHEMBL2337364,Nc1nc(Nc2ccc(Cl)cc2F)c2c(n1)[nH]c1cccc(Cl)c12,AWTDSPKSEWBWCH,-1,-1,0,c1ccc(Nc2ncnc3[nH]c4ccccc4c23)cc1,train
CHEMBL57446,Cc1cccc2c1/C(=C/c1[nH]cc3c1CCOC3=O)C(=O)N2,CTDIFTBJDVQHSA,-1,-1,0,O=C1Nc2ccccc2C1=Cc1[nH]cc2c1CCOC2=O,train
CHEMBL606362,COc1ccccc1C(Cc1coc2nc(N)nc(N)c12)CC(C)C,FZTBMWCWXXNRIA,-1,-1,0,c1ccc(CCc2coc3ncncc23)cc1,train
CHEMBL202216,CCCOc1c(C(=O)OC)c2c3c(oc2c2ccccc12)C(=O)c1ccccc1C3=O,NHXCJEMYPNRVLD,-1,-1,0,O=C1c2ccccc2C(=O)c2c1oc1c2ccc2ccccc21,train
CHEMBL1254364,Cc1ccccc1Cc1cc2c(Nc3cccc(Br)c3)nc(N)nc2n1C,QUYCCARCAMJDBA,-1,-1,0,c1ccc(Cc2cc3c(Nc4ccccc4)ncnc3[nH]2)cc1,train
CHEMBL85403,Cc1cccc2c1/C(=C/c1ccc[nH]1)C(=O)N2,IUMPCHAHZBLTKY,-1,-1,0,O=C1Nc2ccccc2C1=Cc1ccc[nH]1,train
CHEMBL57256,CN(C)S(=O)(=O)c1ccc2c(c1)/C(=C/c1[nH]cc3c1CCOC3=O)C(=O)N2,HYFAEVUXFBZHKP,-1,-1,0,O=C1Nc2ccccc2C1=Cc1[nH]cc2c1CCOC2=O,train
CHEMBL300767,COc1ccc2c(c1)/C(=C/c1[nH]cc3c1CCOC3=O)C(=O)N2,ADERJSHNQMYPEE,-1,-1,0,O=C1Nc2ccccc2C1=Cc1[nH]cc2c1CCOC2=O,train
CHEMBL4557318,N#Cc1ccc(-c2csc(N3N=C(c4ccc(N5CCCCC5)cc4)CC3c3ccc(Cl)cc3)n2)cc1,RLBYKRSCHUVFAG,-1,-1,0,c1ccc(-c2csc(N3N=C(c4ccc(N5CCCCC5)cc4)CC3c3ccccc3)n2)cc1,train
CHEMBL86432,CSc1ccc(/C=C2\C(=O)Nc3cccc(C)c32)s1,WIWNKOJNZFTMRN,-1,-1,0,O=C1Nc2ccccc2C1=Cc1cccs1,train
CHEMBL69966,C#Cc1cccc(Nc2ncnc3c2/C(=C/c2[nH]c(C(=O)NCCN4CCOCC4)cc2C)C(=O)N3)c1,ZJXFDKWJAGZFLT,-1,-1,0,O=C1Nc2ncnc(Nc3ccccc3)c2C1=Cc1ccc(C(=O)NCCN2CCOCC2)[nH]1,train
CHEMBL485321,COc1ccc(CCc2cc3c(Nc4cccc(Br)c4)nc(N)nc3[nH]2)cc1,DDJCWGVPCKUJIU,-1,-1,0,c1ccc(CCc2cc3c(Nc4ccccc4)ncnc3[nH]2)cc1,train
CHEMBL2335013,Nc1nc(Nc2cccc(C(F)(F)F)c2)c2cc(CCc3ccccn3)[nH]c2n1,FSZWSFUFUGCRLD,-1,-1,0,c1ccc(Nc2ncnc3[nH]c(CCc4ccccn4)cc23)cc1,train
CHEMBL1095445,Nc1nc(Nc2cccc(C(F)(F)F)c2)c2cc(Cc3ccc(Cl)cc3Cl)[nH]c2n1,ATDJLDZCOSGBPH,-1,-1,0,c1ccc(Cc2cc3c(Nc4ccccc4)ncnc3[nH]2)cc1,train
CHEMBL87402,O=C1Nc2ccccc2/C1=C/c1n[nH]cc1Cl,GWLUGYITWVGWFU,-1,-1,0,O=C1Nc2ccccc2C1=Cc1cc[nH]n1,train
CHEMBL4746711,COc1cc(OCc2ccnc(N)c2Cl)cc2sc(N[C@@H]3CCCC[C@H]3O)nc12,DICVVUCQTSNJLU,-1,-1,0,c1cc(COc2ccc3nc(NC4CCCCC4)sc3c2)ccn1,train
CHEMBL5197555,Cn1c(=O)c(/C=C/c2ccccn2)nc2ccccc21,QRDWMCYHLUVDDX,-1,-1,0,O=c1[nH]c2ccccc2nc1C=Cc1ccccn1,train
CHEMBL144340,O=C(Nc1ccc(Oc2ccccc2)cc1)N1CCN(c2cc(C(F)(F)F)nc3ccccc23)CC1,DPDIVGZIOZSXON,-1,-1,0,O=C(Nc1ccc(Oc2ccccc2)cc1)N1CCN(c2ccnc3ccccc23)CC1,train
CHEMBL5885039,COc1ccc(COc2ccc(Nc3ccc4ncc(NC5CCN(Cc6ccccc6)CC5)nc4c3C#N)cc2OC)cc1,WGDMPLPNYXMHTN,-1,-1,0,c1ccc(COc2ccc(Nc3ccc4ncc(NC5CCN(Cc6ccccc6)CC5)nc4c3)cc2)cc1,train
CHEMBL103179,COc1ccc2c(N3CCN(C(=O)Nc4ccc(Oc5ccccc5)cc4)CC3)ncnc2c1OC,PMSREEHLWBSKTF,-1,-1,0,O=C(Nc1ccc(Oc2ccccc2)cc1)N1CCN(c2ncnc3ccccc23)CC1,train
CHEMBL1929554,Nc1nc(Nc2ccc(Cl)cc2F)c2cc(Cc3cccc4ccccc34)[nH]c2n1,PRZWTILSLPADKE,-1,-1,0,c1ccc(Nc2ncnc3[nH]c(Cc4cccc5ccccc45)cc23)cc1,train
CHEMBL2337371,CC(C)(C)C(=O)Nc1nc(Nc2cccc(F)c2)c2c(n1)[nH]c1cccc(Cl)c12,PEJVLEHFOXMTEA,-1,-1,0,c1ccc(Nc2ncnc3[nH]c4ccccc4c23)cc1,train
CHEMBL143892,O=C(Nc1ccc(Oc2ccccc2)cc1)N1CCN(c2ccnc3c(Cl)cccc23)CC1,FLRNBHDOJNGVPK,-1,-1,0,O=C(Nc1ccc(Oc2ccccc2)cc1)N1CCN(c2ccnc3ccccc23)CC1,train
CHEMBL3644548,O=C(Nc1ccccc1)Nc1ccc(N2CCc3ccncc3C2)cc1,DETQEUBCKFGKNU,-1,-1,0,O=C(Nc1ccccc1)Nc1ccc(N2CCc3ccncc3C2)cc1,train
CHEMBL1094475,C#Cc1cccc(Nc2nc(N)nc3[nH]c(Cc4ccc(Cl)cc4Cl)cc23)c1,ZCRINIKANCTMRT,-1,-1,0,c1ccc(Cc2cc3c(Nc4ccccc4)ncnc3[nH]2)cc1,train
CHEMBL3358970,COc1cc(OC)c(-c2nc(-c3c[nH]c4ccccc34)c[nH]c2=O)c(OC)c1,PEGLRWPDCZBRDM,-1,-1,0,O=c1[nH]cc(-c2c[nH]c3ccccc23)nc1-c1ccccc1,train
CHEMBL2335016,CC(C)(C)C(=O)Nc1nc(Nc2ccc(F)c(Cl)c2)c2cc(CCc3ccccn3)[nH]c2n1,UXLOIBJZAGQBEP,-1,-1,0,c1ccc(Nc2ncnc3[nH]c(CCc4ccccn4)cc23)cc1,train
CHEMBL299032,CC(C)NS(=O)(=O)c1ccc2c(c1)/C(=C/c1[nH]cc3c1CCOC3=O)C(=O)N2,FNZUUGCKBYLYMM,-1,-1,0,O=C1Nc2ccccc2C1=Cc1[nH]cc2c1CCOC2=O,train
CHEMBL3967722,O=C(c1cccnc1)N1CCc2nc(Nc3cccc(F)c3)ncc2C1,WOOLDKFOIYMYOS,-1,-1,0,O=C(c1cccnc1)N1CCc2nc(Nc3ccccc3)ncc2C1,train
CHEMBL4079829,Nc1nc(N)c2c(n1)[nH]c1cccc(Sc3ccc(Cl)cc3)c12,JXOABOHWBCZGNI,-1,-1,0,c1ccc(Sc2cccc3[nH]c4ncncc4c23)cc1,train
CHEMBL319235,COc1cc2ncnc(N3CCN(C(=O)Nc4ccc(Oc5ccc([N+](=O)[O-])cc5)cc4)CC3)c2cc1OC,CUSJDZQXEFLELD,-1,-1,0,O=C(Nc1ccc(Oc2ccccc2)cc1)N1CCN(c2ncnc3ccccc23)CC1,train
CHEMBL2047242,Nc1nc2c(c(Nc3cccc(Cl)c3)n1)-c1ccccc1C2,OPZGHXBSYDRRLL,-1,-1,0,c1ccc(Nc2ncnc3c2-c2ccccc2C3)cc1,train
CHEMBL5182712,O=c1c(/C=C/c2ccccc2Cl)nc2ccccc2n1Cc1ccccc1,ABBRXDCHEYVCBL,-1,-1,0,O=c1c(C=Cc2ccccc2)nc2ccccc2n1Cc1ccccc1,train
CHEMBL314021,CN1C(=O)/C(=C\c2ccc(Br)cc2)c2ccccc21,NQKLYDSSGXCLDH,-1,-1,0,O=C1Nc2ccccc2C1=Cc1ccccc1,train
CHEMBL3984270,Cc1ccoc1C(=O)Nc1cccc(-c2[nH]c3ccccc3c2C(N)=O)c1,RVUIAFIZHNHJIV,-1,-1,0,O=C(Nc1cccc(-c2cc3ccccc3[nH]2)c1)c1ccco1,train
CHEMBL594810,COc1ccccc1C(=Cc1coc2nc(=N)[nH]c(N)c12)C(C)C,ZBHMLBFDTQKTKI,-1,-1,0,N=c1nc2occ(C=Cc3ccccc3)c2c[nH]1,train
CHEMBL86921,CN(C)c1ccc(/C=C2\C(=O)N(C)c3ccccc32)cc1,TUNFCKFZFPSXAU,-1,-1,0,O=C1Nc2ccccc2C1=Cc1ccccc1,train
CHEMBL1096972,C#Cc1cccc(Nc2ncnc3[nH]c(CCc4ccccc4)cc23)c1,RUBUJOVRIQWQIZ,-1,-1,0,c1ccc(CCc2cc3c(Nc4ccccc4)ncnc3[nH]2)cc1,train
CHEMBL86837,O=C1Nc2ccccc2/C1=C/c1ccc(Br)cc1,INAOSTJXLBNFMV,-1,-1,0,O=C1Nc2ccccc2C1=Cc1ccccc1,train
CHEMBL1254443,Cc1ccccc1Cc1cc2c(N(C)c3cccc(Br)c3)nc(N)nc2n1C,UMMAWYSEGOHGJX,-1,-1,0,c1ccc(Cc2cc3c(Nc4ccccc4)ncnc3[nH]2)cc1,train
CHEMBL308645,Cc1cc(CCC(=O)O)[nH]c1/C=C1\C(=O)Nc2ncnc(Nc3ccc(F)c(Cl)c3)c21,QKAUOZDTEZWAOG,-1,-1,0,O=C1Nc2ncnc(Nc3ccccc3)c2C1=Cc1ccc[nH]1,train
CHEMBL4516736,N#Cc1ccc(-c2csc(N3N=C(c4ccc(N5CCOCC5)cc4)CC3c3ccc(Cl)cc3)n2)cc1,MFRSLBCAYUHKEI,-1,-1,0,c1ccc(-c2csc(N3N=C(c4ccc(N5CCOCC5)cc4)CC3c3ccccc3)n2)cc1,train
CHEMBL104924,COc1cc2ncnc(N3CCN(/C(S)=N\c4cccc(C(=O)O)c4)CC3)c2cc1OC,FHWIMRLSJGLGFL,-1,-1,0,C(=Nc1ccccc1)N1CCN(c2ncnc3ccccc23)CC1,train
CHEMBL5903323,COc1ccc(COc2ccc(Nc3ccc4ncc(N5CCOCC5)nc4c3C#N)cc2OC)nc1,ZIGMAHARAGTFQP,-1,-1,0,c1ccc(COc2ccc(Nc3ccc4ncc(N5CCOCC5)nc4c3)cc2)nc1,train
CHEMBL5878664,COc1ccc(COc2ccc(Nc3ccc4ncc(N5CCOCC5)nc4c3C#N)c(F)c2)cc1,RSEGVNAAZFXYNC,-1,-1,0,c1ccc(COc2ccc(Nc3ccc4ncc(N5CCOCC5)nc4c3)cc2)cc1,train
CHEMBL316020,Cc1c[nH]c(/C=C2\C(=O)Nc3ccccc32)c1C,RSEXIUPHAVGKPO,-1,-1,0,O=C1Nc2ccccc2C1=Cc1ccc[nH]1,train
CHEMBL2337368,CC(C)c1ccc(Nc2nc(NC(=O)C(C)(C)C)nc3[nH]c4cccc(Cl)c4c23)cc1,OWTAPYYEOHRLCY,-1,-1,0,c1ccc(Nc2ncnc3[nH]c4ccccc4c23)cc1,train
CHEMBL4516916,Fc1ccc(-c2csc(N3N=C(c4ccc(N5CCOCC5)cc4)CC3c3ccc(Cl)cc3)n2)cc1,LLEGONWDLMTBGZ,-1,-1,0,c1ccc(-c2csc(N3N=C(c4ccc(N5CCOCC5)cc4)CC3c3ccccc3)n2)cc1,train
CHEMBL89809,Cc1cccc2c1/C(=C/c1ccc(N(C)C)cc1)C(=O)N2,GWWWFPNOJLCQSC,-1,-1,0,O=C1Nc2ccccc2C1=Cc1ccccc1,train
CHEMBL1956886,Nc1nc(Nc2cccc(Br)c2)c2cc(Cc3ccc(Cl)c(Cl)c3)[nH]c2n1,HVYYWYVBZRALDO,-1,-1,0,c1ccc(Cc2cc3c(Nc4ccccc4)ncnc3[nH]2)cc1,train
CHEMBL2335377,Nc1nc(Nc2ccc(F)c(Br)c2)c2cc(CCc3ccccn3)[nH]c2n1,CYPPOEGHMPBJMF,-1,-1,0,c1ccc(Nc2ncnc3[nH]c(CCc4ccccn4)cc23)cc1,train
CHEMBL460989,COc1ccc2c(c1)CCc1c-2c2c(c3c4ccccc4n(CCO)c13)CNC2=O,QMLALHXGVBGFIC,-1,-1,0,O=C1NCc2c1c1c(c3[nH]c4ccccc4c23)CCc2ccccc2-1,train
CHEMBL1929552,Cc1ccccc1Cc1cc2c(Nc3ccc(Cl)cc3F)nc(N)nc2[nH]1,LOIKYXRIBVAKSH,-1,-1,0,c1ccc(Cc2cc3c(Nc4ccccc4)ncnc3[nH]2)cc1,train
CHEMBL60541,CNS(=O)(=O)c1ccc2c(c1)/C(=C/c1[nH]cc3c1CCOC3=O)C(=O)N2,LMHJODWZPPIPQX,-1,-1,0,O=C1Nc2ccccc2C1=Cc1[nH]cc2c1CCOC2=O,train
CHEMBL293068,O=C1Nc2ccc(C(=O)O)cc2/C1=C/c1[nH]cc2c1CCOC2=O,MMAAFRFXWDLEGA,-1,-1,0,O=C1Nc2ccccc2C1=Cc1[nH]cc2c1CCOC2=O,train
CHEMBL496173,Cn1c(-c2c(O)c3ccccc3n(C)c2=O)nc2ccccc21,ZDQDOKWXXVKASN,-1,-1,0,O=c1[nH]c2ccccc2cc1-c1nc2ccccc2[nH]1,train
CHEMBL2407517,CCN1C(=O)c2cccc3c(NCCNCCN(C)C)ccc(c23)C1=O,UCCNPKCKOIQIAD,-1,-1,0,O=C1NC(=O)c2cccc3cccc1c23,train
CHEMBL89505,CC(C)(C)c1cc(/C=C2\C(=O)Nc3ccccc32)cc(C(C)(C)C)c1O,NUMNJHZZSGKINB,-1,-1,0,O=C1Nc2ccccc2C1=Cc1ccccc1,train
CHEMBL66570,CCN1CCN(C(=O)c2cc(C)c(/C=C3\C(=O)Nc4ncnc(Nc5ccc(F)c(Cl)c5)c43)[nH]2)CC1,IKPVHBRKTATKGA,-1,-1,0,O=C1Nc2ncnc(Nc3ccccc3)c2C1=Cc1ccc(C(=O)N2CCNCC2)[nH]1,train
CHEMBL144433,Cn1cnc2c(N3CCN(C(=O)Nc4ccc(Oc5ccccc5)cc4)CC3)ncnc21,JNYHRUVUEFUAOK,-1,-1,0,O=C(Nc1ccc(Oc2ccccc2)cc1)N1CCN(c2ncnc3[nH]cnc23)CC1,train
CHEMBL102210,COc1cc2ncnc(N3CCN(C(=O)Nc4ccc(O)cc4)CC3)c2cc1OC,CLXLWYNBXZPQPQ,-1,-1,0,O=C(Nc1ccccc1)N1CCN(c2ncnc3ccccc23)CC1,train
CHEMBL2337374,Nc1nc(Nc2ccccc2)c2c(n1)[nH]c1cccc(Cl)c12,FSZOXOIZWIXVKA,-1,-1,0,c1ccc(Nc2ncnc3[nH]c4ccccc4c23)cc1,train
CHEMBL491686,Cc1cc(Nc2ccnc(Nc3cccc(-c4nc5ccccc5s4)c3)n2)n[nH]1,LQZVTJLMRRUWTJ,-1,-1,0,c1cc(Nc2nccc(Nc3cc[nH]n3)n2)cc(-c2nc3ccccc3s2)c1,train
CHEMBL69629,Cc1cc(C(=O)NCCN2CCOCC2)[nH]c1/C=C1\C(=O)Nc2ncnc(Nc3ccc(F)c(Cl)c3)c21,OLURIASFBDWIAK,-1,-1,0,O=C1Nc2ncnc(Nc3ccccc3)c2C1=Cc1ccc(C(=O)NCCN2CCOCC2)[nH]1,train
CHEMBL144574,S=C(NCc1ccccc1)N1CCN(c2ccnc3ccccc23)CC1,LOEZNTGLNUHGCD,-1,-1,0,S=C(NCc1ccccc1)N1CCN(c2ccnc3ccccc23)CC1,train
CHEMBL5402829,O=C(Nc1cnccc1-c1ccc(F)cc1)c1ccnc(Nc2ccc(F)cc2)n1,UWQKULXATKCNBV,-1,-1,0,O=C(Nc1cnccc1-c1ccccc1)c1ccnc(Nc2ccccc2)n1,train
CHEMBL499345,Nc1nc(Nc2cccc(Br)c2)c2cc(Cc3ccccc3Cl)[nH]c2n1,ISXTVMIMVFTRIL,-1,-1,0,c1ccc(Cc2cc3c(Nc4ccccc4)ncnc3[nH]2)cc1,train
CHEMBL305246,Cc1cc(C(=O)N2CCN(C)CC2)[nH]c1/C=C1\C(=O)Nc2ncnc(Nc3ccc(F)c(Cl)c3)c21,FNFNGVSJMJREKW,-1,-1,0,O=C1Nc2ncnc(Nc3ccccc3)c2C1=Cc1ccc(C(=O)N2CCNCC2)[nH]1,train
CHEMBL1095465,COc1ccc(OC)c(Cc2cc3c(Nc4cccc(Br)c4)nc(N)nc3[nH]2)c1,SMXAGMTVWRGJRI,-1,-1,0,c1ccc(Cc2cc3c(Nc4ccccc4)ncnc3[nH]2)cc1,train
CHEMBL1956888,Nc1nc(Nc2cccc(Br)c2)c2ccn(Cc3ccccc3)c2n1,ODNOXDGDVDWXGJ,-1,-1,0,c1ccc(Cn2ccc3c(Nc4ccccc4)ncnc32)cc1,train
CHEMBL5881240,COc1cc(Nc2ccc3ncc(N4CCOCC4)nc3c2C#N)ccc1OCc1ccc(CN(C)C)nc1,BRAIFYTVVVENOS,-1,-1,0,c1cncc(COc2ccc(Nc3ccc4ncc(N5CCOCC5)nc4c3)cc2)c1,train
CHEMBL419682,COc1cccc(-c2ccc3c(c2)NC(=O)/C3=C\c2cc3c([nH]2)CCCC3)c1,NHBNPOFEIABVTF,-1,-1,0,O=C1Nc2cc(-c3ccccc3)ccc2C1=Cc1cc2c([nH]1)CCCC2,train
CHEMBL2335019,CC(C)(C)C(=O)Nc1nc(Nc2ccc(F)c(C(F)(F)F)c2)c2cc(CCc3ccccn3)[nH]c2n1,DIYNUINZCGHYBO,-1,-1,0,c1ccc(Nc2ncnc3[nH]c(CCc4ccccn4)cc23)cc1,train
CHEMBL89697,Cc1ccc(/C=C2/C(=O)Nc3ccccc32)o1,DWJWWZSAYOTJGO,-1,-1,0,O=C1Nc2ccccc2C1=Cc1ccco1,train
CHEMBL598852,CCCCCCCCN1C(=O)c2cccc3c(NCCNCCN(C)C)ccc(c23)C1=O,XCPJMZTUZTZFCL,-1,-1,0,O=C1NC(=O)c2cccc3cccc1c23,train
CHEMBL321504,COc1cc2ncnc(N3CCN(C(=O)Nc4ccccc4Cl)CC3)c2cc1OC,GOVBQSNETQQWLT,-1,-1,0,O=C(Nc1ccccc1)N1CCN(c2ncnc3ccccc23)CC1,train
CHEMBL89646,Cn1cc(Cl)c(/C=C2\C(=O)Nc3ccccc32)n1,CWXPHBALXZAFCS,-1,-1,0,O=C1Nc2ccccc2C1=Cc1cc[nH]n1,train
CHEMBL291759,CCOC(=O)CN1CCN(CCCc2c(/C=C3\C(=O)Nc4ccc(S(=O)(=O)NC)cc43)[nH]c3c2CCCC3)CC1,WJAKMUHDSIHSPY,-1,-1,0,O=C1Nc2ccccc2C1=Cc1[nH]c2c(c1CCCN1CCNCC1)CCCC2,train
CHEMBL328452,CCc1ccc(/C=C2/C(=O)Nc3ccccc32)o1,RDCSKHKMKUBCAJ,-1,-1,0,O=C1Nc2ccccc2C1=Cc1ccco1,train
CHEMBL1956885,Nc1nc(Nc2cccc(Br)c2)c2cc(Cc3ccc(Cl)cc3)[nH]c2n1,YHWUBFBUCSKQSU,-1,-1,0,c1ccc(Cc2cc3c(Nc4ccccc4)ncnc3[nH]2)cc1,train
CHEMBL101127,COc1cc2nc(C)nc(N3CCN(C(=O)Nc4ccc(Oc5ccccc5)cc4)CC3)c2cc1OC,YXGHGECPQJUHKM,-1,-1,0,O=C(Nc1ccc(Oc2ccccc2)cc1)N1CCN(c2ncnc3ccccc23)CC1,train
CHEMBL3895469,Cc1ccc(F)c(C(=O)Nc2cccc(C#Cc3ccc4nccn4n3)c2)c1,BVYWPQJAGBZTRW,-1,-1,0,O=C(Nc1cccc(C#Cc2ccc3nccn3n2)c1)c1ccccc1,train
CHEMBL2337362,CC(C)c1ccc(Nc2nc(N)nc3[nH]c4cccc(Cl)c4c23)cc1,UVJIXQFNEQVNDC,-1,-1,0,c1ccc(Nc2ncnc3[nH]c4ccccc4c23)cc1,train
CHEMBL3966485,NC(=O)n1c(-c2cccc(NC(=O)Nc3ccc(F)c(Cl)c3)c2)cc2ccccc21,CAHBZGRVDBXJNQ,-1,-1,0,O=C(Nc1ccccc1)Nc1cccc(-c2cc3ccccc3[nH]2)c1,train
CHEMBL264182,O=C(Nc1ccc(Oc2ccccc2)cc1)N1CCN(c2cncc3ccccc23)CC1,HTCLUGKNEGLSGK,-1,-1,0,O=C(Nc1ccc(Oc2ccccc2)cc1)N1CCN(c2cncc3ccccc23)CC1,train
CHEMBL304971,Cc1c(C(=O)N2CCN(C)CC2)c[nH]c1/C=C1\C(=O)Nc2ncnc(Nc3ccc(F)c(Cl)c3)c21,UYSSUZUSGKWSFS,-1,-1,0,O=C1Nc2ncnc(Nc3ccccc3)c2C1=Cc1cc(C(=O)N2CCNCC2)c[nH]1,train
CHEMBL147056,S=C(NCc1ccccc1)N1CCN(c2ncnc3cc4c(cc23)OCCO4)CC1,RLKTVDWYLRYIFQ,-1,-1,0,S=C(NCc1ccccc1)N1CCN(c2ncnc3cc4c(cc23)OCCO4)CC1,train
CHEMBL594320,COc1ccccc1C(=Cc1coc2nc(=N)[nH]c(N)c12)C1CC1,PUOLMVSSUQSKAQ,-1,-1,0,N=c1nc2occ(C=C(c3ccccc3)C3CC3)c2c[nH]1,train
CHEMBL316008,CCOC(=O)c1c[nH]c(/C=C2\C(=O)Nc3ccccc32)c1C,FRFBYLIZAQERFO,-1,-1,0,O=C1Nc2ccccc2C1=Cc1ccc[nH]1,train
CHEMBL5935383,COc1cc(Nc2ccc3ncc(N4CCOCC4)nc3c2C#N)ccc1OCc1cnn(CCF)c1,YCLCLHCSVWJSFY,-1,-1,0,c1n[nH]cc1COc1ccc(Nc2ccc3ncc(N4CCOCC4)nc3c2)cc1,train
CHEMBL1668420,COc1cc(O)c2c(c1)/C=C\CCCC(=O)/C=C/C[C@H](C)OC2=O,HRKYCRIVTWSVJU,-1,-1,0,O=C1C=CCCOC(=O)c2ccccc2C=CCCC1,train
CHEMBL593770,COc1cc2c(N(C)c3ccc(-c4nc5ccccc5s4)c(OC)c3)ncnc2cc1OCCCN1CCN(C)CC1,NSXLLHJZQNFGCH,-1,-1,0,c1ccc2sc(-c3ccc(Nc4ncnc5cc(OCCCN6CCNCC6)ccc45)cc3)nc2c1,train
CHEMBL106967,COc1cc2ncnc(N3CCN(C(=O)Nc4ccc(C(=O)O)cc4)CC3)c2cc1OC,GVGODJHCCDANKD,-1,-1,0,O=C(Nc1ccccc1)N1CCN(c2ncnc3ccccc23)CC1,train
CHEMBL504416,Nc1nc(Nc2ccc(F)c(Cl)c2)c2cc(CCc3ccccc3)[nH]c2n1,YQKMPOKWRHBWLE,-1,-1,0,c1ccc(CCc2cc3c(Nc4ccccc4)ncnc3[nH]2)cc1,train
CHEMBL1957190,CC(C)n1c2c(c3c1-c1ccccc1C3=O)C(=O)CCC2,DGOKKNPUISUUGY,-1,-1,0,O=C1CCCc2[nH]c3c(c21)C(=O)c1ccccc1-3,train
CHEMBL144593,COc1cc2cncc(N3CCN(C(=O)Nc4ccc(Oc5ccccc5)cc4)CC3)c2cc1OC,FSNLVUZDIYPFFI,-1,-1,0,O=C(Nc1ccc(Oc2ccccc2)cc1)N1CCN(c2cncc3ccccc23)CC1,train
CHEMBL460990,CC(C)Oc1ccc2c(c1)CCc1c-2c2c(c3c4ccccc4n(CCO)c13)CNC2=O,HSWWFIPPMAFLPH,-1,-1,0,O=C1NCc2c1c1c(c3[nH]c4ccccc4c23)CCc2ccccc2-1,train
CHEMBL483312,Nc1nc(Nc2cccc(C(F)(F)F)c2)c2cc(CCc3ccccc3)[nH]c2n1,NVASTOUZGCQGCD,-1,-1,0,c1ccc(CCc2cc3c(Nc4ccccc4)ncnc3[nH]2)cc1,train
CHEMBL5960367,COc1ccc(COc2ccc(N(C)c3ccc4ncc(N5CCOCC5)nc4c3C#N)cc2OC)cc1,HNWJGFPBQATYJG,-1,-1,0,c1ccc(COc2ccc(Nc3ccc4ncc(N5CCOCC5)nc4c3)cc2)cc1,train
CHEMBL519147,Nc1nc(Nc2ccc(Cl)cc2)c2cc(CCc3ccccc3)[nH]c2n1,ATKPRIDFHGQMAQ,-1,-1,0,c1ccc(CCc2cc3c(Nc4ccccc4)ncnc3[nH]2)cc1,train
CHEMBL69964,Cc1cc(/C=C2\C(=O)Nc3ncnc(Nc4ccc(F)c(Cl)c4)c32)[nH]c1C(=O)N1CCN(C)CC1,FHYFHSYZOSQOFM,-1,-1,0,O=C1Nc2ncnc(Nc3ccccc3)c2C1=Cc1ccc(C(=O)N2CCNCC2)[nH]1,train
CHEMBL100734,COc1cc2c(N3CCN(C(=O)Nc4ccc(Oc5ccccc5)cc4)CC3)ncnc2c(OC)c1OC,MTLNPRKKDUJXSR,-1,-1,0,O=C(Nc1ccc(Oc2ccccc2)cc1)N1CCN(c2ncnc3ccccc23)CC1,train
CHEMBL5901862,COc1cc(Nc2ccc3ncc(N4CCOCC4)nc3c2C#N)ccc1OCc1cnn(C(C)C)c1,YXPRBZQOZGHRBV,-1,-1,0,c1n[nH]cc1COc1ccc(Nc2ccc3ncc(N4CCOCC4)nc3c2)cc1,train
CHEMBL104090,COc1cc2ncnc(N3CCN(/C(S)=N\c4ccccc4Cl)CC3)c2cc1OC,STHRETZPJBYMSR,-1,-1,0,C(=Nc1ccccc1)N1CCN(c2ncnc3ccccc23)CC1,train
CHEMBL103447,S=C(NCc1ccccc1)N1CCN(c2ncnc3ccccc23)CC1,CJRLEEFSYTXKPA,-1,-1,0,S=C(NCc1ccccc1)N1CCN(c2ncnc3ccccc23)CC1,train
CHEMBL605413,CCCC(Cc1coc2nc(N)nc(N)c12)c1ccccc1OC,YGUDCFAGRCRLHT,-1,-1,0,c1ccc(CCc2coc3ncncc23)cc1,train
CHEMBL87810,COc1ccc(/C=C2\C(=O)Nc3ccccc32)cc1,SOHLANGNFXOOEF,-1,-1,0,O=C1Nc2ccccc2C1=Cc1ccccc1,train
CHEMBL3981059,COc1cccc(Nc2ncc3c(n2)CCN(C(=O)c2cccnc2)C3)c1,DLKAXDLQBNNVLC,-1,-1,0,O=C(c1cccnc1)N1CCc2nc(Nc3ccccc3)ncc2C1,train
CHEMBL3696070,NC(=O)c1c(-c2ccc([NH2+][O-])cc2)nsc1NC(=O)NCCCN1CCOCC1,JHIDXHNBKLDKNG,-1,-1,0,O=C(NCCCN1CCOCC1)Nc1cc(-c2ccccc2)ns1,train
CHEMBL145179,CCCCn1c(=O)n(CCCC)c2cc3c(N4CCN(C(=O)Nc5ccc(Oc6ccccc6)cc5)CC4)ncnc3cc21,GLDVDHRAIOSBLU,-1,-1,0,O=C(Nc1ccc(Oc2ccccc2)cc1)N1CCN(c2ncnc3cc4[nH]c(=O)[nH]c4cc23)CC1,train
CHEMBL2407635,CCCCCCCCCCCCCCCCN1C(=O)c2cccc3c(NCCNCCN(C)C)ccc(c23)C1=O,VPVRYPAYFDGMSE,-1,-1,0,O=C1NC(=O)c2cccc3cccc1c23,train
CHEMBL69106,O=C1Nc2ncnc(Nc3ccc(F)c(Cl)c3)c2/C1=C/c1ccc[nH]1,GJJATVDARFZDOM,-1,-1,0,O=C1Nc2ncnc(Nc3ccccc3)c2C1=Cc1ccc[nH]1,train
CHEMBL1254523,COc1ccc(OC)c(Cc2cc3c(N(C)c4cccc(Br)c4)nc(N)nc3n2C)c1,ZNNXYQNZMIDNCI,-1,-1,0,c1ccc(Cc2cc3c(Nc4ccccc4)ncnc3[nH]2)cc1,train
CHEMBL2407516,CN(C)CCNCCNc1ccc2c3c(cccc13)C(=O)N(C)C2=O,RNJZBFCKSYWVBR,-1,-1,0,O=C1NC(=O)c2cccc3cccc1c23,train
CHEMBL87746,COc1c(Br)cc(/C=C2\C(=O)Nc3ccccc32)cc1C(C)(C)C,XEFHBSLLSUQSHE,-1,-1,0,O=C1Nc2ccccc2C1=Cc1ccccc1,train
CHEMBL87783,O=C1Nc2ccccc2/C1=C/c1sccc1Br,ZGCKMTQNGWQKEN,-1,-1,0,O=C1Nc2ccccc2C1=Cc1cccs1,train
CHEMBL69709,Cc1cc(C)c(/C=C2\C(=O)N(C)c3ncnc(Nc4ccc(F)c(Cl)c4)c32)[nH]1,WAYQKXZMUDFDDG,-1,-1,0,O=C1Nc2ncnc(Nc3ccccc3)c2C1=Cc1ccc[nH]1,train
CHEMBL2335014,Nc1nc(Nc2ccc(F)c(C(F)(F)F)c2)c2cc(CCc3ccccn3)[nH]c2n1,ZESCQBMJGMJQDV,-1,-1,0,c1ccc(Nc2ncnc3[nH]c(CCc4ccccn4)cc23)cc1,train
CHEMBL1094808,Nc1nc(Nc2ccc(C(F)(F)F)c(F)c2)c2cc(Cc3ccc(Cl)cc3Cl)[nH]c2n1,AGRZDXRWPOUZPR,-1,-1,0,c1ccc(Cc2cc3c(Nc4ccccc4)ncnc3[nH]2)cc1,train
CHEMBL594790,CCCCC(Cc1coc2nc(N)nc(N)c12)c1ccccc1OC,VYSGSWCDOXJVNF,-1,-1,0,c1ccc(CCc2coc3ncncc23)cc1,train
CHEMBL58483,O=C1Nc2cccc(CCO)c2/C1=C/c1[nH]cc2c1CCOC2=O,KJUURYWTEJSJCF,-1,-1,0,O=C1Nc2ccccc2C1=Cc1[nH]cc2c1CCOC2=O,train
CHEMBL3919314,O=C(Nc1ccc(C#Cc2ccc3nc(NC(=O)Nc4cc(C(F)(F)F)ccc4F)cn3n2)cc1)Nc1cc(C(F)(F)F)ccc1F,IICMOVMVDDUJJO,-1,-1,0,O=C(Nc1ccccc1)Nc1ccc(C#Cc2ccc3nc(NC(=O)Nc4ccccc4)cn3n2)cc1,train
CHEMBL6001283,COc1cc(N(C)c2ccc3ncc(N4CCOCC4)nc3c2C#N)ccc1OCc1ccc(C)nc1,SYLKYDMYOGGAIL,-1,-1,0,c1cncc(COc2ccc(Nc3ccc4ncc(N5CCOCC5)nc4c3)cc2)c1,train
CHEMBL474538,Nc1nc(Nc2cccc(Br)c2)c2cc(Cc3cccc4ccccc34)[nH]c2n1,LAYLTVRTYJGALT,-1,-1,0,c1ccc(Nc2ncnc3[nH]c(Cc4cccc5ccccc45)cc23)cc1,train
CHEMBL432903,CCN(CC)CCNC(=O)c1c(C)[nH]c(/C=C2\C(=O)Nc3ncnc(Nc4ccc(F)c(Cl)c4)c32)c1C,DYAPCMBXNXESMW,-1,-1,0,O=C1Nc2ncnc(Nc3ccccc3)c2C1=Cc1ccc[nH]1,train
CHEMBL5892556,C=C(C)c1cnc2ccc(Nc3ccc(OCc4ccc(OC)cc4)c(OC)c3)cc2n1,JLDFWIGTIVWFNC,-1,-1,0,c1ccc(COc2ccc(Nc3ccc4nccnc4c3)cc2)cc1,train
CHEMBL86945,COc1ccc(/C=C2\C(=O)Nc3ccccc32)cc1C(C)(C)C,WBDQHTACMQEIFX,-1,-1,0,O=C1Nc2ccccc2C1=Cc1ccccc1,train
CHEMBL420411,CCc1c(C)[nH]c(/C=C2\C(=O)Nc3ccccc32)c1C,CCFZIYLSHQCVQI,-1,-1,0,O=C1Nc2ccccc2C1=Cc1ccc[nH]1,train
CHEMBL1668414,COc1cc(O)c2c(c1)/C=C/CCCC(=O)C[C@H](Br)C[C@H](C)OC2=O,OWTUABVVXBPDCL,-1,-1,0,O=C1CCCC=Cc2ccccc2C(=O)OCCCC1,train
CHEMBL1095464,Cc1ccccc1Cc1cc2c(Nc3cccc(Br)c3)nc(N)nc2[nH]1,KMDRWXNIHZDMQA,-1,-1,0,c1ccc(Cc2cc3c(Nc4ccccc4)ncnc3[nH]2)cc1,train
CHEMBL5748459,COc1cc(Nc2ccc3ncc(N4CCOCC4)nc3c2C#N)ccc1OCc1ccccn1,FUUUOLZMOXTPMZ,-1,-1,0,c1ccc(COc2ccc(Nc3ccc4ncc(N5CCOCC5)nc4c3)cc2)nc1,train
CHEMBL315701,O=C1Nc2ccccc2/C1=C/c1ccc(N2CCCCC2)cc1,YKIYMEVKKILHAK,-1,-1,0,O=C1Nc2ccccc2C1=Cc1ccc(N2CCCCC2)cc1,train
CHEMBL313259,O=C1Nc2ccccc2/C1=C/c1ccc(C(=O)O)cc1,YILTUWKDVMACDH,-1,-1,0,O=C1Nc2ccccc2C1=Cc1ccccc1,train
CHEMBL1095762,Nc1nc(Nc2ccc(Br)cc2Cl)c2cc(Cc3ccc(Cl)cc3Cl)[nH]c2n1,KLSFLISRKPNSSL,-1,-1,0,c1ccc(Cc2cc3c(Nc4ccccc4)ncnc3[nH]2)cc1,train
CHEMBL201840,COC(=O)c1c(OC)c2ccccc2c2oc3c(c12)C(=O)c1ccccc1C3=O,UOWBWTAGELTSTG,-1,-1,0,O=C1c2ccccc2C(=O)c2c1oc1c2ccc2ccccc21,train
CHEMBL49120,CCN(CC)CCOc1ccc(Nc2ncc3cc(-c4c(Cl)cccc4Cl)c(=O)n(C)c3n2)cc1,IFPPYSWJNWHOLQ,-1,-1,1,O=c1[nH]c2nc(Nc3ccccc3)ncc2cc1-c1ccccc1,train
CHEMBL4276742,CNC(=O)c1cccc2cc(Oc3ccnc(NC(=O)c4ccc(N5C[C@@H](C)N[C@@H](C)C5)cc4)c3)ccc12,CHZKEAYTNKCUEF,-1,-1,1,O=C(Nc1cc(Oc2ccc3ccccc3c2)ccn1)c1ccc(N2CCNCC2)cc1,train
CHEMBL86531,NS(=O)(=O)c1ccc2c(c1)/C(=C/c1[nH]c3c(c1CCC(=O)O)CCCC3)C(=O)N2,UYARELCPLIZIEQ,-1,-1,1,O=C1Nc2ccccc2C1=Cc1cc2c([nH]1)CCCC2,train
,O=C1NC(=O)c2cc(Nc3ccccc3)c(Nc3ccccc3)cc21,AAALVYBICLMAMA,0,-1,-1,O=C1NC(=O)c2cc(Nc3ccccc3)c(Nc3ccccc3)cc21,train
,CCN(CC)CCNc1cc2c(cn1)cc(-c1c(Cl)cccc1Cl)c(=O)n2C,ABAWTOZNWVBCHD,-1,-1,0,O=c1[nH]c2ccncc2cc1-c1ccccc1,train
,O=C(O)c1ccc(CSc2nnc(-c3cccnc3)n2-c2ccc(Br)cc2)cc1,ABTVZXUHGLILMC,0,-1,-1,c1ccc(CSc2nnc(-c3cccnc3)n2-c2ccccc2)cc1,train
,COc1cc(O)c(C(=O)O)c(-c2cc(O)c(O)cc2C)c1,ADPBTBPPIIKLEH,-1,-1,0,c1ccc(-c2ccccc2)cc1,train
,O=C(O)c1ccc(C(=O)/C(=C\c2ccc(F)cc2[N+](=O)[O-])SCc2ccc(Br)cc2)cc1,AFKPCGMSDNYCRY,0,-1,-1,O=C(C(=Cc1ccccc1)SCc1ccccc1)c1ccccc1,train
,Nc1ncnc2c1c(-c1ccccc1)cn2-c1ccccc1,AFVGAHBUCVDPPI,1,-1,-1,c1ccc(-c2cn(-c3ccccc3)c3ncncc23)cc1,train
,COC(=O)c1cc2c(cc1OC)ncn2-c1ccccc1,AIARRPNZZRCXGD,-1,-1,1,c1ccc(-n2cnc3ccccc32)cc1,train
,CCN(CC)C(=O)c1cncc(-c2ccc(C(=O)N[C@H](C(=O)Nc3ccc(Cl)c(C(F)(F)F)c3)C(C)(C)C)cc2)c1,AIPAHQDOJIORSH,1,-1,-1,O=C(CNC(=O)c1ccc(-c2cccnc2)cc1)Nc1ccccc1,train
,COc1ccccc1-c1ccc2nc(NC(=O)NCCN3CCN(C)CC3)sc2c1,AIZRLMRCMYABCS,1,-1,-1,O=C(NCCN1CCNCC1)Nc1nc2ccc(-c3ccccc3)cc2s1,train
,CN1CCN(Cc2ccc(Nc3ncc4cc(-c5c(Cl)cccc5Cl)c(=O)n(C)c4n3)cc2)CC1,AJNZDFUREDKURT,-1,-1,1,O=c1[nH]c2nc(Nc3ccc(CN4CCNCC4)cc3)ncc2cc1-c1ccccc1,train
,O=c1cc(SCc2ccccc2)nc[nH]1,AJSVLFSNTJSZHB,1,-1,-1,O=c1cc(SCc2ccccc2)nc[nH]1,train
,COc1ccc(Cl)c(Nc2c(C#N)cnc3cc(OCCCN4CCN(C)CC4)c(OC)cc23)c1,AMBOYLXXROQMET,1,-1,-1,c1ccc(Nc2ccnc3cc(OCCCN4CCNCC4)ccc23)cc1,train
,Cn1c(=O)c(-c2c(Cl)cccc2Cl)cc2cnc(Nc3ccc(CC(=O)O)cc3)nc21,AMKNQROTNAOJQE,-1,-1,1,O=c1[nH]c2nc(Nc3ccccc3)ncc2cc1-c1ccccc1,train
,CCNC(=O)Nc1nc2cc(N)ncc2cc1-c1cc(OC)cc(OC)c1,ANRWHDLTBMMQJD,-1,-1,0,c1ccc(-c2cnc3ccncc3c2)cc1,train
,COc1ccc2cc(-c3ccsc3)cnc2c1,AOLUUEDZXBVWED,-1,-1,1,c1ccc2ncc(-c3ccsc3)cc2c1,train
,COc1cc(/C=C/[N+](=O)[O-])ccc1O[S+](=O)([O-])c1ccc(C(=O)O)cc1,AQOKHTQLSPHEKY,0,-1,-1,O=[SH+](Oc1ccccc1)c1ccccc1,train
,C=CCNC(=O)Nc1nc2nc(NCCCN3CCN(C)CC3)ncc2cc1-c1c(Cl)cccc1Cl,ASYJZVHCOILIEE,-1,-1,1,c1ccc(-c2cnc3nc(NCCCN4CCNCC4)ncc3c2)cc1,train
,N#Cc1cccc(-n2cnc3ccccc32)c1,ATUPUCFKLIDOKP,-1,-1,0,c1ccc(-n2cnc3ccccc32)cc1,train
,Nc1cc2c(N3CCN(C(=S)NCc4ccccc4)CC3)ncnc2cc1Cl,AVBJDAGBNFAPAJ,-1,-1,1,S=C(NCc1ccccc1)N1CCN(c2ncnc3ccccc23)CC1,train
,O=C(CC1SCCNC1=O)Nc1ccc(F)c(Cl)c1,AVDLQWDSFIKVBE,0,-1,-1,O=C(CC1SCCNC1=O)Nc1ccccc1,train
,O=C(Cc1ccc(NC(=O)C2CCN(C(=O)C3CCCC3)CC2)cc1)Nc1cccc(C(=O)N2CCCCC2)c1,AVXUUFQNVLJONT,0,-1,-1,O=C(Cc1ccc(NC(=O)C2CCN(C(=O)C3CCCC3)CC2)cc1)Nc1cccc(C(=O)N2CCCCC2)c1,train
,O=C(O)c1ccc(C(=O)/C(=C\c2ccc(O)c(Br)c2)SCc2ccc(Br)cc2)cc1,AXCRZSURSDQFNW,0,-1,-1,O=C(C(=Cc1ccccc1)SCc1ccccc1)c1ccccc1,train
,COc1ccc(C(=O)Nc2ccc(OCCCN(C)C)cc2)cc1Nc1nccc(-c2cccnc2)n1,AXCUTSXYMWKWEA,1,-1,-1,O=C(Nc1ccccc1)c1cccc(Nc2nccc(-c3cccnc3)n2)c1,train
,c1ccc(-n2ncc3ccccc32)cc1,AZQJQRTZFPAGNV,-1,-1,0,c1ccc(-n2ncc3ccccc32)cc1,train
,COCCN(C)/N=N/c1ccc(C(=O)Nc2cccc(Nc3nccc(-c4cccnc4)n3)c2)cc1,BBDHTQFYMLKRHJ,0,-1,-1,O=C(Nc1cccc(Nc2nccc(-c3cccnc3)n2)c1)c1ccccc1,train
,Cc1ccc2ncnc(N3CCN(C(=O)Nc4ccc(Oc5ccccc5)cc4)CC3)c2c1,BBTYGAHSFKLNKM,-1,-1,1,O=C(Nc1ccc(Oc2ccccc2)cc1)N1CCN(c2ncnc3ccccc23)CC1,train
,Cc1cn(-c2cc(NC(=O)c3ccc(C)c(C#Cc4cnc(N5CCCCC5)nc4)c3)cc(C(F)(F)F)c2)cn1,BCUJRVQSIFNOKH,1,-1,-1,O=C(Nc1cccc(-n2ccnc2)c1)c1cccc(C#Cc2cnc(N3CCCCC3)nc2)c1,train
,O=[N+]([O-])c1ccccc1-n1cnc2ccccc21,BDWWFKRQAASYHR,-1,-1,0,c1ccc(-n2cnc3ccccc32)cc1,train
,Fc1cccc2ncc(-c3ccsc3)cc12,BEVNNTNJJJWQAK,-1,-1,1,c1ccc2ncc(-c3ccsc3)cc2c1,train
,CC(C)c1ccc(C(=O)Nc2ccc(CN3CCN(C)CC3)c(C(F)(F)F)c2)cc1-n1cc(-c2cnc3[nH]ncc3c2)nn1,BFDYMLHRCBEGCZ,1,-1,-1,O=C(Nc1ccc(CN2CCNCC2)cc1)c1cccc(-n2cc(-c3cnc4[nH]ncc4c3)nn2)c1,train
,CCNC(=O)Nc1nc2ccc(-c3cccc(C)c3)cc2[nH]1,BFLAURIABQMQNH,1,-1,-1,c1ccc(-c2ccc3nc[nH]c3c2)cc1,train
,CNC(=O)c1cc(-c2ccnc(N)n2)[nH]c1-c1cc(Cl)ccc1C,BFOWVKRAGHVYJA,1,-1,-1,c1ccc(-c2ccc(-c3ccncn3)[nH]2)cc1,train
,O=C(c1ccc(Br)cc1)N1CCN(C(=O)c2ccc(-c3cccs3)cc2)CC1,BFSMWDPRHAHFSS,1,-1,-1,O=C(c1ccccc1)N1CCN(C(=O)c2ccc(-c3cccs3)cc2)CC1,train
,COc1ccc2ncc(-c3ccncc3)cc2c1,BGNDYXHAEMNSOM,-1,-1,1,c1ccc2ncc(-c3ccncc3)cc2c1,train
,Cc1ccnc(-c2ccc(C(=O)N3CCN(C(=O)c4cccc(C(F)(F)F)c4)CC3)cc2)c1,BJBTYWHXCARYTA,1,-1,-1,O=C(c1ccccc1)N1CCN(C(=O)c2ccc(-c3ccccn3)cc2)CC1,train
,COc1cc2ncc(NC3CCCC(C)C3)nc2cc1OC,BJFMFEYQCRMJSU,-1,-1,1,c1ccc2nc(NC3CCCCC3)cnc2c1,train
,COc1cc2ncnc(N3CCN(C(=NC#N)NCc4ccccc4Cl)CC3)c2cc1OC,BLMKQJNQUNDICW,-1,-1,0,N=C(NCc1ccccc1)N1CCN(c2ncnc3ccccc23)CC1,train
,COc1ccccc1-c1c[nH]c2ncc(-c3cccc(NC(C)=O)c3)cc12,BLZJCDJMIBXBBX,1,-1,-1,c1ccc(-c2cnc3[nH]cc(-c4ccccc4)c3c2)cc1,train
,CN1CCN(c2ccc(C(=O)Nc3[nH]nc4c3CN(C(=O)Cc3cccs3)C4)cc2)CC1,BMCKWRUTJXVUFF,1,-1,-1,O=C(Nc1[nH]nc2c1CN(C(=O)Cc1cccs1)C2)c1ccc(N2CCNCC2)cc1,train
,CCn1nc(/C=C/c2ccccc2)nc2c(=O)n(C)c(=O)nc1-2,BMHKZVDHCKLDME,0,-1,-1,O=c1nc2[nH]nc(C=Cc3ccccc3)nc-2c(=O)[nH]1,train
,COc1ccc2c(c1)ncn2-c1ccccc1,BMNCXCJXZKZJII,-1,-1,1,c1ccc(-n2cnc3ccccc32)cc1,train
,COc1ccccc1C(=O)NCCNC(=O)c1ccc(-c2cccc3[nH]nc(N)c23)cc1,BNQMUNINUMWZQI,1,-1,-1,O=C(NCCNC(=O)c1ccc(-c2cccc3[nH]ncc23)cc1)c1ccccc1,train
,O=C(Oc1ccc2[nH]c(C(=O)c3cc4ccccc4[nH]3)cc2c1)c1ccccc1,BNXUMOAHWCFUSX,-1,-1,1,O=C(Oc1ccc2[nH]c(C(=O)c3cc4ccccc4[nH]3)cc2c1)c1ccccc1,train
,Cc1ccc(C(F)(F)F)cc1-c1[nH]c(-c2ccnc(N)n2)cc1C(N)=O,BOOUSDCCWQVKID,1,-1,-1,c1ccc(-c2ccc(-c3ccncn3)[nH]2)cc1,train
,CC(C)(C)OC[C@H](NC(=O)c1cccc(-c2ccc(NS(C)(=O)=O)nc2)c1)C(=O)Nc1ccc(Cl)c(C(F)(F)F)c1,BOPLQKLVFBWMSM,1,-1,-1,O=C(CNC(=O)c1cccc(-c2cccnc2)c1)Nc1ccccc1,train
,O=C(c1cc2ccccc2[nH]1)c1cc2cc(OCCCCCI)ccc2[nH]1,BPNCVKJYVNNMJL,-1,-1,0,O=C(c1cc2ccccc2[nH]1)c1cc2ccccc2[nH]1,train
,CC[C@]12c3[nH]c4ccc(OC)cc4c3CCN1C(=O)C(CC(=O)NCc1cccc(C(F)(F)F)c1)C[C@@H]2C(=O)N1CCN(C(=O)c2ccco2)CC1,BQHULSGPCWQVFG,0,-1,-1,O=C(CC1CC(C(=O)N2CCN(C(=O)c3ccco3)CC2)C2c3[nH]c4ccccc4c3CCN2C1=O)NCc1ccccc1,train
,COc1ccc(-c2cn(C3CCCC3)c3ncnc(N)c23)cc1,BRUSFAZPHIPJRR,1,-1,-1,c1ccc(-c2cn(C3CCCC3)c3ncncc23)cc1,train
,COc1cc2nccc(Oc3ccc(NC(=S)NC(=O)Cc4ccccc4)cc3)c2cc1OC,BRXZUOJFGVQTAB,-1,1,-1,O=C(Cc1ccccc1)NC(=S)Nc1ccc(Oc2ccnc3ccccc23)cc1,train
,COc1ccccc1C(=O)Nc1cccc(Nc2nccc(-c3cccnc3)n2)c1,BSFVNTMWZAAILN,-1,-1,1,O=C(Nc1cccc(Nc2nccc(-c3cccnc3)n2)c1)c1ccccc1,train
,COc1cc2ncnc(N3CCN(C(=S)Nc4cccnc4)CC3)c2cc1OC,BSGFBLYBTKFTTH,-1,-1,1,S=C(Nc1cccnc1)N1CCN(c2ncnc3ccccc23)CC1,train
,Cc1cc2ncc(Nc3ccccc3)nc2cc1C,BSRAKZVKBHOFAV,-1,-1,1,c1ccc(Nc2cnc3ccccc3n2)cc1,train
,Nc1n[nH]c2cccc(-c3ccc(C(=O)NCCNC(=O)c4cccc(F)c4)cc3)c12,BTKHONUFMBVYKL,0,-1,-1,O=C(NCCNC(=O)c1ccc(-c2cccc3[nH]ncc23)cc1)c1ccccc1,train
,COc1cc2ncnc(N3CCN(C(=O)N(C)c4ccc(Br)cc4)CC3)c2cc1OC,BUGLHAHOHAFUQX,-1,-1,0,O=C(Nc1ccccc1)N1CCN(c2ncnc3ccccc23)CC1,train
,Oc1cccc2c1ncn2-c1ccccc1,BUROQXWUPWBHDF,-1,-1,0,c1ccc(-n2cnc3ccccc32)cc1,train
,CN1CCN(CCCCNc2ncc3cc(-c4c(Cl)cccc4Cl)c(NC(=O)NC(C)(C)C)nc3n2)CC1,BUUXCZKMEAGSSK,-1,-1,1,c1ccc(-c2cnc3nc(NCCCCN4CCNCC4)ncc3c2)cc1,train
,COc1ccc(-c2cnc3cc(OC)c(OC)cc3c2)cc1OC,BWIYMDQJIKNCMK,-1,-1,0,c1ccc(-c2cnc3ccccc3c2)cc1,train
,COc1cc2c(Nc3cc(OC)c(OC)c(OC)c3)c(C#N)cnc2cc1OCC1CCN(C)CC1,BWLSIYJKVFXNFV,1,-1,-1,c1ccc(Nc2ccnc3cc(OCC4CCNCC4)ccc23)cc1,train
,O=C(c1ccc(-c2cccnc2)cc1)N1CCN(C(=O)c2cccc(F)c2)CC1,BYQSNNVPDUUJAX,1,-1,-1,O=C(c1ccccc1)N1CCN(C(=O)c2ccc(-c3cccnc3)cc2)CC1,train
,OC(COc1ncnc2ccccc12)CN1CCN(c2ccc(F)cc2)CC1,BZBBEQZGZCRHQF,-1,-1,1,c1ccc(N2CCN(CCCOc3ncnc4ccccc34)CC2)cc1,train
,COc1cccc(-c2cn(C3CC(CO)C3)c3ncnc(N)c23)c1,CAHQAXRCSXNZRF,1,-1,-1,c1ccc(-c2cn(C3CCC3)c3ncncc23)cc1,train
,CCN1CCN(CC(O)COc2ncnc3ccccc23)CC1,CAQCMXFJWJJJLH,-1,-1,1,c1ccc2c(OCCCN3CCNCC3)ncnc2c1,train
,C/C(=C\c1ccc(O)c(O)c1)[N+](=O)[O-],CBBBJLQAIWVLBM,0,-1,-1,c1ccccc1,train
,Cn1c(=O)c(-c2c(Cl)cccc2Cl)cc2cnc(Nc3ccc(CCCC(=O)O)cc3)nc21,CBIJGNHFFWAGLZ,-1,-1,1,O=c1[nH]c2nc(Nc3ccccc3)ncc2cc1-c1ccccc1,train
,Cc1ccc(-n2c(SCc3cc(=O)n4ccsc4n3)nnc2-c2cccnc2)c(C)c1,CCUGLDMUHTVGOJ,0,-1,-1,O=c1cc(CSc2nnc(-c3cccnc3)n2-c2ccccc2)nc2sccn12,train
,CS(=O)(=O)Nc1cc(-c2ccc(C(=O)N[C@@H](CO)C(=O)Nc3ccc(Cl)c(C(F)(F)F)c3)cc2)ccn1,CDEWAFZITHRKGB,1,-1,-1,O=C(CNC(=O)c1ccc(-c2ccncc2)cc1)Nc1ccccc1,train
,CCNC(=O)Nc1nc2ccc(-c3ccc(OC)cc3OC)cc2s1,CDHFVLPTCLJWSA,1,-1,-1,c1ccc(-c2ccc3ncsc3c2)cc1,train
,Cc1ccc(C(=O)Nc2ccc(CN3CCN(C)CC3)c(C(F)(F)F)c2)cc1-n1cc(-c2ccc3[nH]ncc3c2)nn1,CDXRBIMKCWWDMY,1,-1,-1,O=C(Nc1ccc(CN2CCNCC2)cc1)c1cccc(-n2cc(-c3ccc4[nH]ncc4c3)nn2)c1,train
,Cc1cccc(Nc2ncnc3[nH]c4c(c23)CCCC4)c1,CEYLERMRBKSAND,0,-1,-1,c1ccc(Nc2ncnc3[nH]c4c(c23)CCCC4)cc1,train
,CCN(CC)C(=O)c1cncc(-c2cccc(C(=O)N[C@@H](COC(C)(C)C)C(=O)Nc3ccc(Cl)c(C(F)(F)F)c3)c2)c1,CGACNZIHYVYZMT,1,-1,-1,O=C(CNC(=O)c1cccc(-c2cccnc2)c1)Nc1ccccc1,train
,Cc1ccc(NC(=O)Nc2nc3nc(NCCCN4CCN(C)CC4)ncc3cc2-c2c(Cl)cccc2Cl)cc1,CGTDZZXDWFMLEF,-1,-1,1,O=C(Nc1ccccc1)Nc1nc2nc(NCCCN3CCNCC3)ncc2cc1-c1ccccc1,train
,NC(=O)CN1CCC(n2cc(-c3cccc(O)c3)c3c(N)ncnc32)CC1,CHWHVQUNCYDPDK,1,-1,-1,c1ccc(-c2cn(C3CCNCC3)c3ncncc23)cc1,train
,O=C(Nc1ccc(Oc2ccccc2)cc1)N1CCN(c2ncnc3ccc([N+](=O)[O-])cc23)CC1,CJDWXZXUHOXUIP,-1,-1,0,O=C(Nc1ccc(Oc2ccccc2)cc1)N1CCN(c2ncnc3ccccc23)CC1,train
,COc1ccc(-c2c[nH]c3ncc(-c4ccc(Cl)cc4)cc23)cc1OC,CJIHUKJIZSCQLV,-1,1,-1,c1ccc(-c2cnc3[nH]cc(-c4ccccc4)c3c2)cc1,train
,Cc1ccccc1C(=O)NCCNC(=O)c1ccc(-c2cccc3[nH]nc(N)c23)cc1,CJZDHNAPSGIJPC,1,-1,-1,O=C(NCCNC(=O)c1ccc(-c2cccc3[nH]ncc23)cc1)c1ccccc1,train
,Oc1cc(O)cc(-c2ccc3cc(O)ccc3c2)c1,CKQUMNKKOYTAST,0,-1,-1,c1ccc(-c2ccc3ccccc3c2)cc1,train
,CCCOc1ccccc1-c1ccc2nc(NC(=O)NCC)sc2c1,CLWVQLOCWRTTEC,1,-1,-1,c1ccc(-c2ccc3ncsc3c2)cc1,train
,COc1cc2ncnc(N3CCN(C(=S)Nc4cncc(Cl)c4)CC3)c2cc1OC,CMSHHVVSIWNTEW,-1,-1,1,S=C(Nc1cccnc1)N1CCN(c2ncnc3ccccc23)CC1,train
,COC(=O)c1ccc([S+](=O)([O-])Oc2ccc(/C=C/[N+](=O)[O-])cc2)cc1O,CMWPATODJXDHES,0,-1,-1,O=[SH+](Oc1ccccc1)c1ccccc1,train
,COc1cc2ncnc(N3CCN(C(=S)NCC4CCCO4)CC3)c2cc1OC,CNOSUOKEJBNGTG,-1,-1,0,S=C(NCC1CCCO1)N1CCN(c2ncnc3ccccc23)CC1,train
,COc1cccc(C(=O)N2CCN(C(=O)c3ccc(-c4cc(C)ccn4)cc3)CC2)c1,CNUQKCFZQUWMFJ,1,-1,-1,O=C(c1ccccc1)N1CCN(C(=O)c2ccc(-c3ccccn3)cc2)CC1,train
,O=C(Nc1ccc(Cl)c(Nc2nccc(-c3cccnc3)n2)c1)c1ccccc1,CNXDNYDEXTTZHT,-1,-1,1,O=C(Nc1cccc(Nc2nccc(-c3cccnc3)n2)c1)c1ccccc1,train
,COc1cc2ncnc(Oc3ccc(NC(=S)NCc4ccccc4)cc3)c2cc1OC,COGIYNUARZWUAJ,-1,1,-1,S=C(NCc1ccccc1)Nc1ccc(Oc2ncnc3ccccc23)cc1,train
,Cc1nc2c(=O)n(C)c(=O)nc-2n(C)n1,CPXHNWKHOFNPDO,1,-1,-1,O=c1nc2[nH]ncnc-2c(=O)[nH]1,train
,COc1cc(C(=O)Nc2ccc(O)cc2C(=O)O)ccc1OC(C)=O,CPZAYBBKCUHCEH,1,-1,-1,O=C(Nc1ccccc1)c1ccccc1,train
,O=C1N(c2cccc(Cl)c2)C(c2ccc(Cl)cc2)N2CCCN12,CQOBLKLDYYWEQP,0,-1,-1,O=C1N(c2ccccc2)C(c2ccccc2)N2CCCN12,train
,COc1cc2cc(-c3ccc(N(C)C)cc3)cnc2cc1OC,CQRNDJJPGHSMAP,-1,-1,0,c1ccc(-c2cnc3ccccc3c2)cc1,train
,O=C(O)c1ccc(C(=O)/C(=C\c2ccc(O)c([N+](=O)[O-])c2)SCc2ccc(Br)cc2)cc1,CQSSGWDNTZEMEA,0,-1,-1,O=C(C(=Cc1ccccc1)SCc1ccccc1)c1ccccc1,train
,O=C(Nc1cccc(Nc2nccc(-c3cccnc3)n2)c1)c1ccccn1,CRZRMVSMWOPQQN,-1,-1,0,O=C(Nc1cccc(Nc2nccc(-c3cccnc3)n2)c1)c1ccccn1,train
,COc1cc2ncc(OC3CCCC3)nc2cc1OC,CSLYLUOENYVUID,-1,-1,1,c1ccc2nc(OC3CCCC3)cnc2c1,train
,COc1ccc(CC(CO)n2cc(-c3ccccc3)c3c(N)ncnc32)cc1,CTAZKUKBHBXUFJ,0,-1,-1,c1ccc(CCn2cc(-c3ccccc3)c3cncnc32)cc1,train
,COc1cc2cc(-c3c[nH]c4ccccc34)cnc2cc1OC,CTHPHODXZDFNPE,-1,-1,1,c1ccc2ncc(-c3c[nH]c4ccccc34)cc2c1,train
,O=[N+]([O-])/C=C/c1ccc(O)cc1,CTJKRKMPTRJAIT,0,-1,-1,c1ccccc1,train
,CCN(CC)CCOc1ccc(Nc2ncc3cc(-c4ccccc4)c(=O)n(CC)c3n2)cc1,CUAUTGRQMYJPFC,-1,-1,1,O=c1[nH]c2nc(Nc3ccccc3)ncc2cc1-c1ccccc1,train
,CCN(CC)CCOc1ccc(Nc2cc3c(cn2)cc(-c2c(Cl)cccc2Cl)c(=O)n3C)cc1,CUYDHVPGXKUUEZ,-1,-1,1,O=c1[nH]c2cc(Nc3ccccc3)ncc2cc1-c1ccccc1,train
,Oc1ccccc1-n1cnc2ccccc21,CVPOWJXYMCMMPD,-1,-1,0,c1ccc(-n2cnc3ccccc32)cc1,train
,COC(=O)Cn1cc(-c2cccc(Cl)c2)c(=O)c2c(O)cc(OC)cc21,CXCSYLLGUQWHHQ,0,-1,0,O=c1c(-c2ccccc2)c[nH]c2ccccc12,train
,CC(C)(C)NC(=O)Nc1nc2nc(N)ncc2cc1-c1c(Cl)cccc1Br,CYJBQAMTIYIBGY,-1,-1,1,c1ccc(-c2cnc3ncncc3c2)cc1,train
,COc1cc2ncc(N[C@H]3CC[C@@H](O)CC3)nc2cc1OC,CYVRFHRDWQAJGA,-1,-1,1,c1ccc2nc(NC3CCCCC3)cnc2c1,train
,CN1CCN(CCCNc2ncc3cc(-c4c(Cl)cccc4Cl)c(N=C(N)Nc4ccccc4)nc3n2)CC1,CYXWKNGEVVRUQT,-1,-1,0,C(=Nc1nc2nc(NCCCN3CCNCC3)ncc2cc1-c1ccccc1)Nc1ccccc1,train
,O=[N+]([O-])c1cccc2ncn(-c3ccccc3)c12,CZLYARMVYSWJEL,-1,-1,0,c1ccc(-n2cnc3ccccc32)cc1,train
,NC(=O)c1cc(-c2ccnc(N)n2)[nH]c1-c1cc(C(F)(F)F)ccc1Cl,CZUQYAXYBOEHCY,1,-1,-1,c1ccc(-c2ccc(-c3ccncn3)[nH]2)cc1,train
,Oc1ccc(-c2ccc(-c3cc(O)cc(O)c3)cc2)cc1,DADMQAUVBPTTDT,0,-1,-1,c1ccc(-c2ccc(-c3ccccc3)cc2)cc1,train
,COc1ccccc1-n1cnc2ccccc21,DAJCNEVROANJPB,-1,-1,0,c1ccc(-n2cnc3ccccc32)cc1,train
,COc1ccc(CCc2cnc3cc(OC)c(OC)cc3c2)cc1,DAWSFOHWCHNTMA,-1,-1,1,c1ccc(CCc2cnc3ccccc3c2)cc1,train
,CCn1c(=O)c(-c2c(Cl)cccc2Cl)cc2cnc(Nc3ccncc3)nc21,DAZNPHVDUSTLGK,-1,-1,1,O=c1[nH]c2nc(Nc3ccncc3)ncc2cc1-c1ccccc1,train
,CCc1ccc(C(F)(F)F)cc1-c1[nH]c(-c2ccnc(N)n2)cc1C(N)=O,DBTPIYXNTFESLE,1,-1,-1,c1ccc(-c2ccc(-c3ccncn3)[nH]2)cc1,train
,CCNC(=O)Nc1nc2ccc(-c3ccccc3OC)cc2[nH]1,DCKPAFOVVCXKFW,1,-1,-1,c1ccc(-c2ccc3nc[nH]c3c2)cc1,train
,CC(C)(C)c1ccc(Nc2cc(-c3ccc(C(=O)N4CCN(C(=O)c5ccccc5Cl)CC4)cc3)ncn2)cc1,DCMSUHDGTQQHDE,0,-1,-1,O=C(c1ccccc1)N1CCN(C(=O)c2ccc(-c3cc(Nc4ccccc4)ncn3)cc2)CC1,train
,COc1cc2ncnc(N3CCN(C(=S)NCc4ccc(Br)cc4)CC3)c2cc1OC,DCNGPVQCPFIEBU,-1,-1,1,S=C(NCc1ccccc1)N1CCN(c2ncnc3ccccc23)CC1,train
,CC(C)(C)OC(=O)N1CCC(n2cc(-c3cccc(O)c3)c3c(N)ncnc32)C1,DDCRNOXQNBDLGB,1,-1,-1,c1ccc(-c2cn(C3CCNC3)c3ncncc23)cc1,train
,O=C(c1ccc(-c2cc(Nc3cccc(F)c3)ncn2)cc1)N1CCN(C(=O)c2ccccc2F)CC1,DECSMGXZYHHMMF,1,-1,-1,O=C(c1ccccc1)N1CCN(C(=O)c2ccc(-c3cc(Nc4ccccc4)ncn3)cc2)CC1,train
,C=CC(=O)N(c1cc(OC)ccc1Cl)c1c(C#N)cnc2cc(OCCCN3CCN(C)CC3)c(OC)cc12,DFCZVBFYNBYEJE,1,-1,-1,c1ccc(Nc2ccnc3cc(OCCCN4CCNCC4)ccc23)cc1,train
,COc1ccc(Nc2ccc3cc(-c4c(Cl)cccc4Cl)c(=O)n(C)c3n2)cc1,DFRMPGWCYUTILD,-1,-1,0,O=c1[nH]c2nc(Nc3ccccc3)ccc2cc1-c1ccccc1,train
,COc1ccccc1NC(=O)Nc1nc2nc(NCCCN3CCN(C)CC3)ncc2cc1-c1c(Cl)cccc1Cl,DFSRCPBSJAXTNU,-1,-1,1,O=C(Nc1ccccc1)Nc1nc2nc(NCCCN3CCNCC3)ncc2cc1-c1ccccc1,train
,O=C(c1ccc(-c2cc(Nc3ccc(F)c(F)c3)ncn2)cc1)N1CCN(C(=O)c2ccccc2F)CC1,DGDFHPYSDXDNIS,0,-1,-1,O=C(c1ccccc1)N1CCN(C(=O)c2ccc(-c3cc(Nc4ccccc4)ncn3)cc2)CC1,train
,COc1cccc(-c2cn(-c3cccc(CO)c3)c3ncnc(N)c23)c1,DHKJMXHLKKNTKJ,1,-1,-1,c1ccc(-c2cn(-c3ccccc3)c3ncncc23)cc1,train
,Cc1ccc(C(=O)Nc2cc(-n3ccnc3)cc(C(F)(F)F)c2)cc1Nc1nc(-c2cccnc2)cs1,DHQCZYDRYAFSAN,1,-1,-1,O=C(Nc1cccc(-n2ccnc2)c1)c1cccc(Nc2nc(-c3cccnc3)cs2)c1,train
,CCNC(=O)Nc1nc2ccc(Oc3ccccc3Cl)cc2[nH]1,DHRPZHABLDFGJJ,1,-1,-1,c1ccc(Oc2ccc3nc[nH]c3c2)cc1,train
,CCN(CC)C(=O)c1cncc(-c2ccc(C(=O)N[C@@H](COC(C)(C)C)C(=O)Nc3ccc(Cl)c(C(F)(F)F)c3)cc2)c1,DHVROYGVBHYZEW,1,-1,-1,O=C(CNC(=O)c1ccc(-c2cccnc2)cc1)Nc1ccccc1,train
,CC1NC(=O)NC1CCCCCC(=O)Nc1ccc(F)cc1,DITRHERLQQIVDS,1,-1,-1,O=C(CCCCCC1CNC(=O)N1)Nc1ccccc1,train
,CC[N+]([O-])(CC)CCOc1ccc(Nc2ncc3cc(-c4c(Cl)cccc4Cl)c(=O)n(C)c3n2)cc1,DLGVUWDAFXDBEG,-1,-1,1,O=c1[nH]c2nc(Nc3ccccc3)ncc2cc1-c1ccccc1,train
,Nc1n[nH]c2cccc(-c3ccc(C(=O)N4CCN(C(=O)c5ccc(F)c(F)c5)CC4)cc3)c12,DLMIIYCRVDADKV,0,-1,-1,O=C(c1ccccc1)N1CCN(C(=O)c2ccc(-c3cccc4[nH]ncc34)cc2)CC1,train
,N#CC(=Cc1c[nH]c2ccccc12)C(=N)C(C#N)C#N,DMLMRVXYGWEZFP,-1,-1,0,c1ccc2[nH]ccc2c1,train
,COc1cccc(-c2cnc3[nH]cc(-c4ccc(OC)c(OC)c4)c3c2)c1,DOJHPYAVRHNELI,-1,1,-1,c1ccc(-c2cnc3[nH]cc(-c4ccccc4)c3c2)cc1,train
,O=C(Oc1ccc2[nH]c(C(=O)c3cc4ccccc4[nH]3)cc2c1)c1ccc([N+](=O)[O-])cc1,DPABDEZWNGZKIM,-1,-1,1,O=C(Oc1ccc2[nH]c(C(=O)c3cc4ccccc4[nH]3)cc2c1)c1ccccc1,train
,Cc1ccc(Cl)cc1-c1[nH]c(-c2ccnc(N)n2)cc1C(N)=O,DQDASFFHMDSYAZ,1,-1,-1,c1ccc(-c2ccc(-c3ccncn3)[nH]2)cc1,train
,COc1ccc(-c2cc3cnc(N)nc3nc2NC(=O)NC(C)(C)C)cc1OC,DQGNIOCCYYXQHA,-1,-1,0,c1ccc(-c2cnc3ncncc3c2)cc1,train
,Cc1ccc(NC(=O)c2ccc(CN3CCN(CCO)CC3)cc2)cc1-n1cc(-c2cccnc2)cn1,DQXHCIXMRVKNKN,1,-1,-1,O=C(Nc1cccc(-n2cc(-c3cccnc3)cn2)c1)c1ccc(CN2CCNCC2)cc1,train
,O=C(O)c1ccc(C(=O)/C(=C\c2ccc(Cl)c([N+](=O)[O-])c2)SCc2ccc(Cl)cc2)cc1,DRHHFPVFUSHOEP,0,-1,-1,O=C(C(=Cc1ccccc1)SCc1ccccc1)c1ccccc1,train
,Cc1c2ccc(N(C)c3ccnc(Nc4ccc(S(=O)(=O)Nc5ncccn5)cc4)n3)cc2nn1C,DSJJABIYLNXTFL,1,-1,-1,O=S(=O)(Nc1ncccn1)c1ccc(Nc2nccc(Nc3ccc4c[nH]nc4c3)n2)cc1,train
,Cc1ccc(NC(=O)c2ccc(F)cc2)cc1-n1cc(-c2cccnc2)cn1,DSTHNGDWKODQRN,1,-1,-1,O=C(Nc1cccc(-n2cc(-c3cccnc3)cn2)c1)c1ccccc1,train
,O=C(c1ccc(-c2cc(Nc3cccc(C(F)(F)F)c3)ncn2)cc1)N1CCN(C(=O)c2ccccc2F)CC1,DTMQLWYGSUIGTJ,1,-1,-1,O=C(c1ccccc1)N1CCN(C(=O)c2ccc(-c3cc(Nc4ccccc4)ncn3)cc2)CC1,train
,Cc1c2ccc(Nc3ccnc(Nc4ccc(S(=O)(=O)NC(=N)N)cc4)n3)cc2nn1C,DUFZPHYLPIPJCW,1,-1,-1,c1ccc(Nc2nccc(Nc3ccc4c[nH]nc4c3)n2)cc1,train
,COc1ccc2cc(-c3c[nH]c4ccccc34)cnc2c1OC,DUHGWDDNSXNYGZ,-1,-1,0,c1ccc2ncc(-c3c[nH]c4ccccc34)cc2c1,train
,CC(=O)Nc1ccc(-c2cccc(C(=O)N[C@@H](COC(C)(C)C)C(=O)Nc3ccc(Cl)c(C(F)(F)F)c3)c2)cn1,DVJDPESBNCMWID,1,-1,-1,O=C(CNC(=O)c1cccc(-c2cccnc2)c1)Nc1ccccc1,train
,CCNC(=O)Nc1nc2ccc(-c3c(OC)cccc3OC)cc2[nH]1,DVNYOCVSPZHKOX,1,-1,-1,c1ccc(-c2ccc3nc[nH]c3c2)cc1,train
,CCNC(=O)Nc1nc2ccc(-c3ccccc3)cc2s1,DVZXCQZMVTXIBQ,1,-1,-1,c1ccc(-c2ccc3ncsc3c2)cc1,train
,COc1cc2cc(-c3cccs3)cnc2cc1OC,DWCZKFGISHBMCE,-1,-1,1,c1csc(-c2cnc3ccccc3c2)c1,train
,COC(=O)c1cccc2c1ncn2-c1ccccc1,DWFIUTDYSFGDMT,-1,-1,0,c1ccc(-n2cnc3ccccc32)cc1,train
,O=C(c1cc2ccccc2[nH]1)c1cc2cc(OCCCCI)ccc2[nH]1,DWYWLCSGQIEHHB,-1,-1,0,O=C(c1cc2ccccc2[nH]1)c1cc2ccccc2[nH]1,train
,CC(C)(C)c1cc(NC(=O)Nc2ccc(C#Cc3ccc(OCCCN4CCOCC4)cc3)cc2)no1,DWZXYPARIPYQKS,-1,1,-1,O=C(Nc1ccc(C#Cc2ccc(OCCCN3CCOCC3)cc2)cc1)Nc1ccon1,train
,COc1cccc(-c2cc3cnc(N)nc3nc2NC(=O)NC(C)(C)C)c1,DXAXMTYXAGATCT,-1,-1,0,c1ccc(-c2cnc3ncncc3c2)cc1,train
,CCN(CC)C(=O)c1cncc(-c2ccc(C(=O)N[C@@H](CO)C(=O)Nc3ccc(Cl)c(C(F)(F)F)c3)cc2)c1,DXMFUKRJSIEAGU,1,-1,-1,O=C(CNC(=O)c1ccc(-c2cccnc2)cc1)Nc1ccccc1,train
,C=CC(=O)Nc1cccc(CN2C(=O)N(c3c(Cl)c(OC)cc(OC)c3Cl)Cc3cnc(NCCCCNCC)nc32)c1,DXQBCGUEDOHNHP,-1,1,1,O=C1N(c2ccccc2)Cc2cncnc2N1Cc1ccccc1,train
,COc1cccc(-c2cn(-c3ccc(CCN(C)CCO)cc3)c3ncnc(N)c23)c1,DYVPNYHYZSMFSR,1,-1,-1,c1ccc(-c2cn(-c3ccccc3)c3ncncc23)cc1,train
,CCOc1ccccc1-c1ccc2nc(NC(=O)NCCN3CCNCC3)sc2c1,DZDUTNLSSQXEMT,1,-1,-1,O=C(NCCN1CCNCC1)Nc1nc2ccc(-c3ccccc3)cc2s1,train
,COc1cc2ncc(NC3CCCC3)nc2cc1OC,FBCVQPSZSMHQGK,-1,-1,1,c1ccc2nc(NC3CCCC3)cnc2c1,train
,COc1ccc(Nc2cc(-c3ccc(C(=O)N4CCN(C(=O)c5ccc(OC)cc5)CC4)cc3)ncn2)cc1,FBHDWWMPDJITQI,0,-1,-1,O=C(c1ccccc1)N1CCN(C(=O)c2ccc(-c3cc(Nc4ccccc4)ncn3)cc2)CC1,train
,COc1cc(Nc2c(C#N)cnc3cc(OCCC4CCN(C)CC4)c(OC)cc23)c(Cl)cc1Cl,FCIILWHQWNLPJU,1,-1,-1,c1ccc(Nc2ccnc3cc(OCCC4CCNCC4)ccc23)cc1,train
,CN1CCN(CC(=O)N(C)c2ccc(N/C(=C3\C(=O)Nc4ccccc43)c3ccccc3)cc2)CC1,FCLPVPNWFDOVKL,1,1,1,O=C(CN1CCNCC1)Nc1ccc(NC(=C2C(=O)Nc3ccccc32)c2ccccc2)cc1,train
,OC(COc1ncnc2ccccc12)CN1CCN(c2ccccc2Cl)CC1,FDSOODAZYPJSDK,-1,-1,1,c1ccc(N2CCN(CCCOc3ncnc4ccccc34)CC2)cc1,train
,CNc1ncc(C#Cc2cc(C(=O)Nc3cc(-n4cnc(C)c4)cc(C(F)(F)F)c3)ccc2C)cn1,FEYMWTKZTZABTA,1,-1,-1,O=C(Nc1cccc(-n2ccnc2)c1)c1cccc(C#Cc2cncnc2)c1,train
,O=C(O)c1ccc2ncn(-c3ccccc3)c2c1,FGUWJWYUTCLUGU,-1,-1,0,c1ccc(-n2cnc3ccccc32)cc1,train
,CCN(CC)CCCNc1ccc2cc(-c3c(Cl)cccc3Cl)c(=O)n(C)c2n1,FGYHKGHRFWZNFE,-1,-1,0,O=c1[nH]c2ncccc2cc1-c1ccccc1,train
,CCOc1c(Cl)cc(C(=O)Nc2ccccc2C(=O)O)cc1Cl,FHFFZQVWNMAMDH,0,-1,-1,O=C(Nc1ccccc1)c1ccccc1,train
,C=CC(=O)N(c1cc(OC)c(Cl)cc1Cl)c1c(C#N)cnc2cc(OCCCN3CCCCC3)c(OC)cc12,FHPGLIOLMXMVMS,1,-1,-1,c1ccc(Nc2ccnc3cc(OCCCN4CCCCC4)ccc23)cc1,train
,O=C(O)c1ccc(C(=O)/C(=C\c2ccc([N+](=O)[O-])c(F)c2)SCc2ccc(Br)cc2)cc1,FIQGSMLCAHEYSC,0,-1,-1,O=C(C(=Cc1ccccc1)SCc1ccccc1)c1ccccc1,train
,COc1cc2ncc(N[C@@H]3CC4CC3C[C@H]4O)nc2cc1OC,FIQQIMWSRXTHTA,-1,-1,1,c1ccc2nc(NC3CC4CCC3C4)cnc2c1,train
,COc1cc2cc(C#Cc3ccccc3)cnc2cc1OC,FIWNVHIDDOMDBP,-1,-1,1,C(#Cc1cnc2ccccc2c1)c1ccccc1,train
,COc1ccc(-c2c[nH]c3ncc(-c4ccc(C#N)cc4)cc23)cc1OC,FKRDZUBXRAHRHL,-1,1,-1,c1ccc(-c2cnc3[nH]cc(-c4ccccc4)c3c2)cc1,train
,COc1cc(O)c2c(c1)C(=O)c1cc(C)c(O)cc1C2=O,FKTPLNFTYJEAAB,-1,-1,0,O=C1c2ccccc2C(=O)c2ccccc21,train
,COc1cc2cc(-c3ccc([N+](=O)[O-])cc3)cnc2cc1OC,FLEDIDSHIXDOQR,-1,-1,1,c1ccc(-c2cnc3ccccc3c2)cc1,train
,O=[N+]([O-])c1ccc(-n2cnc3ccccc32)cc1,FLQZDRHGMHQDHM,-1,-1,0,c1ccc(-n2cnc3ccccc32)cc1,train
,CC(=O)Nc1ccc(-c2cccc(C(=O)N[C@H](C(=O)Nc3ccc(Cl)c(C(F)(F)F)c3)C(C)(C)C)c2)cn1,FMDOLCJSQIJEAU,1,-1,-1,O=C(CNC(=O)c1cccc(-c2cccnc2)c1)Nc1ccccc1,train
,COc1cc(OC)cc(-c2ccc3cc(OC)ccc3c2)c1,FMOKYAYPFVBPIG,0,-1,-1,c1ccc(-c2ccc3ccccc3c2)cc1,train
,COc1cccc(-c2cn(-c3ccc(CC(=O)NCCO)cc3)c3ncnc(N)c23)c1,FPPFXZVOJMZPIB,1,-1,-1,c1ccc(-c2cn(-c3ccccc3)c3ncncc23)cc1,train
,COc1cc2ncnc(N(C)c3ccccc3)c2cc1OC,FPYMICFLRIEXEX,-1,-1,0,c1ccc(Nc2ncnc3ccccc23)cc1,train
,Cn1c(=O)c(-c2c(Cl)cccc2Cl)cc2ccc(Nc3ccccc3)nc21,FQUIMIMTKNYGHC,-1,-1,0,O=c1[nH]c2nc(Nc3ccccc3)ccc2cc1-c1ccccc1,train
,COc1cc2ncc(-c3ccncc3)cc2c(OC)c1OC,FQVDOOFEQQAHPX,-1,-1,1,c1ccc2ncc(-c3ccncc3)cc2c1,train
,NCCOc1ccc2c(c1)ncn2-c1ccccc1,FRNOZBQRWVZMPL,-1,-1,1,c1ccc(-n2cnc3ccccc32)cc1,train
,COc1cc2ncnc(N3CCN(C(=S)NCc4ccc(C(C)C)cc4)CC3)c2cc1OC,FSHVBPKPBHXJBC,-1,-1,1,S=C(NCc1ccccc1)N1CCN(c2ncnc3ccccc23)CC1,train
,CCOc1ccccc1-c1ccc2nc(NC(=O)NCCCO)sc2c1,FSILAVJWZRLDRJ,1,-1,-1,c1ccc(-c2ccc3ncsc3c2)cc1,train
,CNC(=O)c1ccc([S+](=O)([O-])Oc2ccc(/C=C/[N+](=O)[O-])cc2)cc1,FSNSRXNBNLEPGJ,0,-1,-1,O=[SH+](Oc1ccccc1)c1ccccc1,train
,COc1cc(O)c2c(O)c(-c3cccc(Cl)c3)cnc2c1,FTEDVZPTRHFYOX,0,-1,0,c1ccc(-c2cnc3ccccc3c2)cc1,train
,COC(=O)C1CCC(Nc2cnc3cc(OC)c(OC)cc3n2)CC1,FTXKUBNATJTYSH,-1,-1,1,c1ccc2nc(NC3CCCCC3)cnc2c1,train
,C[C@@H](NC(=O)[C@@H](C)NC(=O)c1ccc(S(=O)(=O)Oc2ccc(/C=C/[N+](=O)[O-])cc2)cc1)C(=O)O,FUJQYXNKCSRFSS,0,-1,-1,O=S(=O)(Oc1ccccc1)c1ccccc1,train
,Cc1ccc(C(=O)Nc2ccc(CN3CCN(C)CC3)c(C(F)(F)F)c2)cc1-n1cc(-c2cnc(NC(C)C)nc2)nn1,FVOSLYACENHGIN,1,-1,-1,O=C(Nc1ccc(CN2CCNCC2)cc1)c1cccc(-n2cc(-c3cncnc3)nn2)c1,train
,CC(C)(C)[C@H](NC(=O)c1ccc(-c2ccnc(NS(C)(=O)=O)c2)cc1)C(=O)Nc1ccc(Cl)c(C(F)(F)F)c1,FVTBNAWTFZNVST,1,-1,-1,O=C(CNC(=O)c1ccc(-c2ccncc2)cc1)Nc1ccccc1,train
,CN(c1ccccc1)c1cc2c(cc1Nc1ccccc1)C(=O)NC2=O,FWGDADVNSIYRAD,0,-1,-1,O=C1NC(=O)c2cc(Nc3ccccc3)c(Nc3ccccc3)cc21,train
,COc1cccc(-c2cn(C3CCN(CCN(C)CCO)CC3)c3ncnc(N)c23)c1,FWVUUGWQEZWWHV,1,-1,-1,c1ccc(-c2cn(C3CCNCC3)c3ncncc23)cc1,train
,Clc1cccc2c1ncn2-c1ccccc1,FXQWLNIXEMEVKT,-1,-1,0,c1ccc(-n2cnc3ccccc32)cc1,train
,Cc1cn(-c2cc(NC(=O)c3ccc(C)c(C#Cc4cnc(NC(C)C)nc4)c3)cc(C(F)(F)F)c2)cn1,FXYAYKHUOYATRN,1,-1,-1,O=C(Nc1cccc(-n2ccnc2)c1)c1cccc(C#Cc2cncnc2)c1,train
,CCN(CCCOc1ccc2c(Nc3cc(CC(=O)Nc4cccc(F)c4)n[nH]3)ncnc2c1)CCOP(=O)(O)O,GBJVVSCPOBPEIT,-1,1,1,O=C(Cc1cc(Nc2ncnc3ccccc23)[nH]n1)Nc1ccccc1,train
,COc1cc2c(Nc3cccc(OC)c3F)c(C#N)cnc2cc1OCCON1CCN(C)CC1,GCEBODNQXOMAIF,1,-1,-1,c1ccc(Nc2ccnc3cc(OCCON4CCNCC4)ccc23)cc1,train
,CCNC(=O)Nc1nc2nc(NCCCCN(CC)CC)ncc2cc1-c1c(Cl)cccc1Cl,GCTRVFZGBTUDPW,-1,-1,1,c1ccc(-c2cnc3ncncc3c2)cc1,train
,Cn1c(=O)c(-c2c(Cl)cccc2Cl)cc2cnc(NCc3ccccc3)nc21,GCVONYYXPDJZOE,-1,-1,0,O=c1[nH]c2nc(NCc3ccccc3)ncc2cc1-c1ccccc1,train
,CC(=O)Nc1cc2c(nc1C)nc(C)n2Cc1ccc(Br)cc1,GDBFFIHZUWCWKU,0,-1,-1,c1ccc(Cn2cnc3ncccc32)cc1,train
,COc1ccc(/C=C/c2cc(OC)cc(OC)c2)cc1,GDHNBPHYVRHYCC,0,-1,-1,C(=Cc1ccccc1)c1ccccc1,train
,COc1cc2cc(-c3ccncc3)cnc2cc1OC,GDUOSVIOUNAARR,-1,-1,1,c1ccc2ncc(-c3ccncc3)cc2c1,train
,COc1cc2ncc(Nc3cccc(Cl)c3)nc2cc1OC,GFHOQPFRWWTZIG,-1,-1,1,c1ccc(Nc2cnc3ccccc3n2)cc1,train
,COc1cc2ncnc(Nc3cccc(Cl)c3)c2cc1OC,GFNNBHLJANVSQV,1,-1,0,c1ccc(Nc2ncnc3ccccc23)cc1,train
,COc1ccc2nc(Cl)c(-c3ccccc3)cc2c1,GGBHOBDCDNXFFD,-1,-1,0,c1ccc(-c2cnc3ccccc3c2)cc1,train
,COc1cc2nc(Cl)c(-c3ccccc3)cc2c(OC)c1OC,GHKHNSLJHMVOEJ,-1,-1,0,c1ccc(-c2cnc3ccccc3c2)cc1,train
,C=C(C)Cn1c(O)csc1=NN=c1scc(O)n1C,GIBVKNSMYATPDW,0,-1,-1,c1csc(=NN=c2[nH]ccs2)[nH]1,train
,O=C(c1ccc(-c2cc(Nc3ccc(Cl)cc3Cl)ncn2)cc1)N1CCN(C(=O)c2cccc(C(F)(F)F)c2)CC1,GJDKUIZFDANTJO,0,-1,-1,O=C(c1ccccc1)N1CCN(C(=O)c2ccc(-c3cc(Nc4ccccc4)ncn3)cc2)CC1,train
,O=C1C[C@H](O)[C@@H]2c3c(ccc(O)c31)-c1ccc(O)c3c1[C@@]2(O)CCC3=O,GJIALGLHOBXNAT,-1,-1,0,O=C1CCC2c3c1cccc3-c1cccc3c1C2CCC3=O,train
,COc1cccc(-n2cnc3ccccc32)c1,GJRZGOJCEUSPLX,-1,-1,0,c1ccc(-n2cnc3ccccc32)cc1,train
,COc1ccc(Cl)c(Nc2c(C#N)cnc3cc(OCCCN4CCOCC4)c(OC)cc23)c1,GJTWFSFZLIOXFD,1,-1,-1,c1ccc(Nc2ccnc3cc(OCCCN4CCOCC4)ccc23)cc1,train
,CCc1ccc(Cl)cc1-c1[nH]c(-c2ccnc(N)n2)cc1C(N)=O,GJWYRBQDZYWGDV,1,-1,-1,c1ccc(-c2ccc(-c3ccncn3)[nH]2)cc1,train
,CN1CCN(c2ccc(Nc3cc4c(cn3)cc(-c3c(Cl)cccc3Cl)c(=O)n4C)cc2)CC1,GMKQAXFNIGTRDK,-1,-1,1,O=c1[nH]c2cc(Nc3ccc(N4CCNCC4)cc3)ncc2cc1-c1ccccc1,train
,O=C(c1ccc(-c2cc(Nc3ccccc3Cl)ncn2)cc1)N1CCN(C(=O)c2ccccc2F)CC1,GOCQMSGFVHPRMC,0,-1,-1,O=C(c1ccccc1)N1CCN(C(=O)c2ccc(-c3cc(Nc4ccccc4)ncn3)cc2)CC1,train
,Cc1ccc(C(=O)Nc2cc(-n3cncn3)cc(C(F)(F)F)c2)cc1-n1cc(-c2cnc3[nH]ncc3c2)nn1,GOEIHELWQGXKOI,1,-1,-1,O=C(Nc1cccc(-n2cncn2)c1)c1cccc(-n2cc(-c3cnc4[nH]ncc4c3)nn2)c1,train
,C=CCn1c(O)c(C)sc1=NN=c1scc(O)n1C,GOJRMCNDIMTXOB,0,-1,-1,c1csc(=NN=c2[nH]ccs2)[nH]1,train
,COc1cccc(C(=O)N2CCN(C(=O)c3ccc(-c4ccc(C)nc4)cc3)CC2)c1,GPBIUFSBAGPHFC,1,-1,-1,O=C(c1ccccc1)N1CCN(C(=O)c2ccc(-c3cccnc3)cc2)CC1,train
,Clc1ccc(-n2cnc3ccccc32)cc1,GPZLBJNZLMPUML,-1,-1,0,c1ccc(-n2cnc3ccccc32)cc1,train
,Cc1cccc(C)c1-c1cc2cnc(N)nc2nc1NC(=O)NC(C)(C)C,GQMZTFFTTCUZAW,-1,-1,1,c1ccc(-c2cnc3ncncc3c2)cc1,train
,O=C(c1ccc(-c2cc(Nc3ccc(C(F)(F)F)cc3)ncn2)cc1)N1CCN(C(=O)c2ccccc2F)CC1,GRJIYEFLIFEAAN,0,-1,-1,O=C(c1ccccc1)N1CCN(C(=O)c2ccc(-c3cc(Nc4ccccc4)ncn3)cc2)CC1,train
,CCNC(=O)Nc1nc2ccc(-c3ccncc3OC)cc2s1,GSWKIUPSAIYBOM,1,-1,-1,c1cc(-c2ccc3ncsc3c2)ccn1,train
,O=C(c1cc2ccccc2[nH]1)c1cc2cc(OC(=O)C(c3ccccc3)c3ccccc3)ccc2[nH]1,GTMAMZOWGONZHQ,-1,-1,0,O=C(c1cc2ccccc2[nH]1)c1cc2cc(OC(=O)C(c3ccccc3)c3ccccc3)ccc2[nH]1,train
,Cc1ccc(Cl)cc1-c1c(C(N)=O)cc(-c2ccnc(Nc3ccc(N4CCN(C)CC4)cc3)n2)n1C,GTPKZTQLTICGMS,1,-1,-1,c1ccc(-c2ccc(-c3ccnc(Nc4ccc(N5CCNCC5)cc4)n3)[nH]2)cc1,train
,CCN(CC)CCCOc1ccc(Nc2cc3[nH]c(=O)c(-c4c(Cl)cccc4Cl)cc3cn2)cc1,GVDMYBWNSNCDMN,-1,-1,1,O=c1[nH]c2cc(Nc3ccccc3)ncc2cc1-c1ccccc1,train
,CC(C)(C)C(=O)Nc1ccc(-c2cccc(C(=O)N[C@@H](CO)C(=O)Nc3ccc(Cl)c(C(F)(F)F)c3)c2)cn1,GVINSAUKAXLOGA,1,-1,-1,O=C(CNC(=O)c1cccc(-c2cccnc2)c1)Nc1ccccc1,train
,C=CCOc1ccc2c(c1)ncn2-c1ccccc1,GVNFMUIESFTDEE,-1,-1,1,c1ccc(-n2cnc3ccccc32)cc1,train
,COc1cc2cc(-c3ccc(O)cc3)cnc2cc1OC,GVQYSEHILFQSHO,-1,-1,1,c1ccc(-c2cnc3ccccc3c2)cc1,train
,COc1ccccc1-c1ccc2nc(NC(=O)NCCCO)sc2c1,GVRAUEHOCQAFTM,1,-1,-1,c1ccc(-c2ccc3ncsc3c2)cc1,train
,CCN(CC)c1ccc(NC(=O)Nc2ccc(C)c(Nc3nccc(-c4cccnc4)n3)c2)cc1,GVTIVFCBPRVRQC,0,-1,-1,O=C(Nc1ccccc1)Nc1cccc(Nc2nccc(-c3cccnc3)n2)c1,train
,Cn1c(=O)c(-c2c(Cl)cccc2Cl)cc2cnc(NCCCCCC(=O)O)nc21,GWLRNLPJEBRBCZ,-1,-1,1,O=c1[nH]c2ncncc2cc1-c1ccccc1,train
,COCCN=NNc1ccc(C(=O)Nc2cccc(Nc3nccc(-c4cccnc4)n3)c2)cc1,GYDSVPDWOPXLNF,1,-1,-1,O=C(Nc1cccc(Nc2nccc(-c3cccnc3)n2)c1)c1ccccc1,train
,COC(=O)c1ccc(CSc2nnc(-c3c[nH]c4ccccc34)n2C)o1,GYEPNOBNSQIHQL,0,-1,-1,c1coc(CSc2nnc(-c3c[nH]c4ccccc34)[nH]2)c1,train
,Oc1ccc2c(ncn2-c2ccccc2)c1Br,GYFBHWXMWWQUOF,-1,-1,0,c1ccc(-n2cnc3ccccc32)cc1,train
,CC(C)(C)C(=O)Nc1ccc(-c2cccc(C(=O)N[C@H](C(=O)Nc3ccc(Cl)c(C(F)(F)F)c3)C(C)(C)C)c2)cn1,GYPGLHPZLLKPID,1,-1,-1,O=C(CNC(=O)c1cccc(-c2cccnc2)c1)Nc1ccccc1,train
,Cc1ccccc1CN1C[C@@H]2C[C@@H](c3ccc4nsnc4c3)N3CCC[C@@]23C1=O,GYWZAAMIPPLUMN,0,-1,-1,O=C1N(Cc2ccccc2)CC2CC(c3ccc4nsnc4c3)N3CCCC123,train
,Cc1ccnc(NS(=O)(=O)c2ccc(Nc3nccc(Nc4ccc5c(C)n(C)nc5c4)n3)cc2)n1,GZLNODDUMXOBAN,1,-1,-1,O=S(=O)(Nc1ncccn1)c1ccc(Nc2nccc(Nc3ccc4c[nH]nc4c3)n2)cc1,train
,CCCCc1nnc(NC(=O)c2ccc(OCc3c(C)noc3C)cc2)s1,HBTPDHFRFHQTHN,0,-1,-1,O=C(Nc1nncs1)c1ccc(OCc2cnoc2)cc1,train
,COc1cc(OC)c2cc(-c3ccncc3)cnc2c1,HBXDLZBPKJEWHZ,-1,-1,1,c1ccc2ncc(-c3ccncc3)cc2c1,train
,COc1cc2ncc(NC3CCC(C(N)=O)CC3)nc2cc1OC,HBZSOHZCCIMNIO,-1,-1,1,c1ccc2nc(NC3CCCCC3)cnc2c1,train
,c1ccc(-n2cnc3cc(SCCCN4CCOCC4)ccc32)cc1,HCFYTLOODORVLY,-1,-1,0,c1ccc(-n2cnc3cc(SCCCN4CCOCC4)ccc32)cc1,train
,CC(C)(C)OC[C@H](NC(=O)c1ccc(-c2ccnc(NC(=O)C(C)(C)C)c2)cc1)C(=O)Nc1ccc(Cl)c(C(F)(F)F)c1,HDAPACGJYHFVIH,1,-1,-1,O=C(CNC(=O)c1ccc(-c2ccncc2)cc1)Nc1ccccc1,train
,CCNCCCCNc1ncc2c(n1)N(Cc1cccc(NC(=O)CC)c1)C(=O)N(c1c(Cl)c(OC)cc(OC)c1Cl)C2,HEIWGGHLGABSLB,-1,1,1,O=C1N(c2ccccc2)Cc2cncnc2N1Cc1ccccc1,train
,Nc1ncc2cc(-c3c(Br)cccc3Br)c(N)nc2n1,HGIPWJYTPOHUGK,-1,-1,0,c1ccc(-c2cnc3ncncc3c2)cc1,train
,COc1c(O)ccc2c1ncn2-c1ccccc1,HGZZEXIWBHHTFK,-1,-1,0,c1ccc(-n2cnc3ccccc32)cc1,train
,O=C(O)c1ccc(Nc2ncc3c(n2)-c2ccc(Cl)cc2C(c2c(F)cccc2F)=NC3)cc1,HHFBDROWDBDFBR,1,-1,-1,c1ccc(Nc2ncc3c(n2)-c2ccccc2C(c2ccccc2)=NC3)cc1,train
,Nc1cc(-c2ccc(C(=O)N[C@@H](CO)C(=O)Nc3ccc(Cl)c(C(F)(F)F)c3)cc2)ccn1,HHWNBIJEOKEOEL,1,-1,-1,O=C(CNC(=O)c1ccc(-c2ccncc2)cc1)Nc1ccccc1,train
,O=C(O)c1cccc2ncn(-c3ccccc3)c12,HJEGNXYOBBGSSL,-1,-1,0,c1ccc(-n2cnc3ccccc32)cc1,train
,COC(=O)CN1CCC(n2cc(-c3cccc(O)c3)c3c(N)ncnc32)CC1,HKBVCGJVIFGBEX,1,-1,-1,c1ccc(-c2cn(C3CCNCC3)c3ncncc23)cc1,train
,COc1cc2ncnc(N3CCN(C(=O)Nc4cccnc4)CC3)c2cc1OC,HKJAUNDAAQAGDN,-1,-1,0,O=C(Nc1cccnc1)N1CCN(c2ncnc3ccccc23)CC1,train
,COc1cc2cc(CCC3CCCCC3)cnc2cc1OC,HLKSYKUFDFBKPC,-1,-1,1,c1ccc2ncc(CCC3CCCCC3)cc2c1,train
,CCNCCOc1ccc(Nc2ncc3cc(-c4c(Cl)cccc4Cl)c(=O)n(C)c3n2)cc1,HNDIVAFUXDXTDZ,-1,-1,1,O=c1[nH]c2nc(Nc3ccccc3)ncc2cc1-c1ccccc1,train
,COc1ccc(-c2c[nH]c3ncc(-c4cccc(C)c4)cc23)cc1OC,HNGSJXZYXQEDOC,-1,1,-1,c1ccc(-c2cnc3[nH]cc(-c4ccccc4)c3c2)cc1,train
,COCCN(C)CCN1CCC(n2cc(-c3cccc(OC)c3)c3c(N)ncnc32)CC1,HNYSHAGTWNOVGB,1,-1,-1,c1ccc(-c2cn(C3CCNCC3)c3ncncc23)cc1,train
,O=C(O)c1ccc([S+](=O)([O-])Oc2ccc(/C=C/[N+](=O)[O-])cc2)c(O)c1,HQLCXHBEEVAKPL,0,-1,-1,O=[SH+](Oc1ccccc1)c1ccccc1,train
,CCOC(=O)CCCCC(=O)c1[nH]c(=O)[nH]c1CSc1nc2ccccc2[nH]1,HRCGOBVLZLYNFI,1,-1,-1,O=c1[nH]cc(CSc2nc3ccccc3[nH]2)[nH]1,train
,COc1ccc(C(=O)Nc2ccc(F)c(Cl)c2)cc1Nc1nccc(-c2cccnc2)n1,HRJNCGVLSVNXDX,1,-1,-1,O=C(Nc1ccccc1)c1cccc(Nc2nccc(-c3cccnc3)n2)c1,train
,COc1ccccc1-c1c[nH]c2ncc(-c3cccc(C(=O)N(C)C)c3)cc12,HROYHKUVXLFBMO,1,-1,-1,c1ccc(-c2cnc3[nH]cc(-c4ccccc4)c3c2)cc1,train
,CCn1c(=O)c(-c2ccccc2)cc2cnc(Nc3ccccc3)nc21,HSEYKDNBMMUBTH,-1,-1,1,O=c1[nH]c2nc(Nc3ccccc3)ncc2cc1-c1ccccc1,train
,Cc1ccc(N(C)C(=O)c2ccccc2)cc1Nc1nccc(-c2cccnc2)n1,HTCQGVPSEDIYST,-1,-1,0,O=C(Nc1cccc(Nc2nccc(-c3cccnc3)n2)c1)c1ccccc1,train
,OCC(O)COc1ccc2c(c1)ncn2-c1ccccc1,HUQIRIXVWILFRS,-1,-1,1,c1ccc(-n2cnc3ccccc32)cc1,train
,O=C(NC1CC1)c1cncc(-c2cccc(C(=O)N[C@@H](CO)C(=O)Nc3ccc(Cl)c(C(F)(F)F)c3)c2)c1,HURJVKYZGYOUAZ,1,-1,-1,O=C(CNC(=O)c1cccc(-c2cncc(C(=O)NC3CC3)c2)c1)Nc1ccccc1,train
,CN(C)C(=O)CN1CCC(n2cc(-c3cccc(O)c3)c3c(N)ncnc32)CC1,HUZDGCVNDDSQGA,1,-1,-1,c1ccc(-c2cn(C3CCNCC3)c3ncncc23)cc1,train
,O=C(Cc1ccccc1)Nc1cnc2ccccc2c1,HVAOGEIUKHSAGM,-1,-1,0,O=C(Cc1ccccc1)Nc1cnc2ccccc2c1,train
,C=CCOc1ccc2c(ncn2-c2ccccc2)c1Br,HVIXRKTVUXNDKM,-1,-1,0,c1ccc(-n2cnc3ccccc32)cc1,train
,Cc1ccc(C(=O)Nc2ccc(CN3CCN(C)CC3)c(C(F)(F)F)c2)cc1-n1cc(-c2cnc3ncccn23)nn1,HXVYZZYPRMCJGZ,1,-1,-1,O=C(Nc1ccc(CN2CCNCC2)cc1)c1cccc(-n2cc(-c3cnc4ncccn34)nn2)c1,train
,COc1cc(OC)cc(-c2ccc3cc(O)ccc3c2)c1,HYWKEQNSMAOKKU,0,-1,-1,c1ccc(-c2ccc3ccccc3c2)cc1,train
,CCCOc1ccc2c(c1)ncn2-c1ccccc1,HZMHWEPYSPUYHD,-1,-1,1,c1ccc(-n2cnc3ccccc32)cc1,train
,CCOC(=O)CCCCC(=O)c1[nH]c(=O)[nH]c1CSCCO,HZSKZNFEBAKQEG,1,-1,-1,O=c1[nH]cc[nH]1,train
,CCc1ccccc1-c1ccc2nc(NC(=O)NCCN(C)C)sc2c1,HZTRFYKKMCHMIG,1,-1,-1,c1ccc(-c2ccc3ncsc3c2)cc1,train
,Cc1ccc2ncn(-c3ccccc3)c2c1,IACHDDMWWGWMGX,-1,-1,0,c1ccc(-n2cnc3ccccc32)cc1,train
,COc1ccc(Nc2cc(-c3ccc(C(=O)NCCNC(=O)c4ccc(C(C)(C)C)cc4)cc3)ncn2)cc1,IAISZBHHFIUOTP,0,-1,-1,O=C(NCCNC(=O)c1ccc(-c2cc(Nc3ccccc3)ncn2)cc1)c1ccccc1,train
,O=C1NC(=O)c2c1c(-c1ccccc1)cc1[nH]c3ccc(O)cc3c21,IAUZTOZLTFSMIE,-1,-1,0,O=C1NC(=O)c2c1c(-c1ccccc1)cc1[nH]c3ccccc3c21,train
,COc1ccc(-c2c[nH]c3ncc(-c4cccc(N)c4)cc23)cc1,ICDSSKYZLVVDDA,-1,1,-1,c1ccc(-c2cnc3[nH]cc(-c4ccccc4)c3c2)cc1,train
,CC(=O)c1ccc2c(c1)ncn2-c1ccccc1,ICGWRCQHSKESFC,-1,-1,1,c1ccc(-n2cnc3ccccc32)cc1,train
,COc1cccc(Nc2ncc3cc(-c4c(Cl)cccc4Cl)c(=O)n(C)c3n2)c1,IDCFPJHKTOPZHU,-1,-1,1,O=c1[nH]c2nc(Nc3ccccc3)ncc2cc1-c1ccccc1,train
,Nc1cc2nc(N)c(-c3ccccc3)cc2cn1,IEGFEVXCKUNXSR,-1,-1,0,c1ccc(-c2cnc3ccncc3c2)cc1,train
,Cc1ccc(F)c(C(=O)n2nc(Nc3ccc(S(N)(=O)=O)cc3)nc2N)c1F,IEWLQUDDCQIINQ,-1,-1,0,O=C(c1ccccc1)n1cnc(Nc2ccccc2)n1,train
,CC(C)(C)NC(=O)c1ccc(S(=O)(=O)Oc2ccc(/C=C/[N+](=O)[O-])cc2)cc1,IEZHNBSSJDTKIY,0,-1,-1,O=S(=O)(Oc1ccccc1)c1ccccc1,train
,CC(C)(C)[C@H](NC(=O)c1cccc(-c2cncc(C(=O)NC3CC3)c2)c1)C(=O)Nc1ccc(Cl)c(C(F)(F)F)c1,IGDQSKQNQBOIBJ,1,-1,-1,O=C(CNC(=O)c1cccc(-c2cncc(C(=O)NC3CC3)c2)c1)Nc1ccccc1,train
,NCCCCNC(=O)c1cccc(Nc2nccc(-c3cccnc3)n2)c1,IHMRQAKZJBZCIN,1,-1,-1,c1ccc(Nc2nccc(-c3cccnc3)n2)cc1,train
,Nc1cccc2ncn(-c3ccccc3)c12,IHNWNZWGLNJHAZ,-1,-1,0,c1ccc(-n2cnc3ccccc32)cc1,train
,Cc1ccc(NC(=O)c2cccc(C(F)(F)F)c2)cc1-n1cc(-c2cccnc2)cn1,IHYVCWMRZWUYDY,1,-1,-1,O=C(Nc1cccc(-n2cc(-c3cccnc3)cn2)c1)c1ccccc1,train
,CCN(CC)CCCNc1ncc2cc(-c3c(Cl)cccc3Cl)c(NC(=O)CC(C)(C)C)nc2n1,IIROBNCWLNKPGG,-1,-1,0,c1ccc(-c2cnc3ncncc3c2)cc1,train
,c1ccc(Nc2nccc(-c3cccnc3)n2)cc1,IJAJKPWVXDRQIB,-1,-1,0,c1ccc(Nc2nccc(-c3cccnc3)n2)cc1,train
,COc1cc2ncnc(N3CC(C)N(C(=S)NCc4ccccc4)C(C)C3)c2cc1OC,IMQKHZLKNHPOGT,-1,-1,1,S=C(NCc1ccccc1)N1CCN(c2ncnc3ccccc23)CC1,train
,COc1cc(Nc2c(C#N)cnc3cc(OCCON4CCN(C)CC4)c(OC)cc23)c(F)cc1Cl,IMRRRMOSAKYKTM,1,-1,-1,c1ccc(Nc2ccnc3cc(OCCON4CCNCC4)ccc23)cc1,train
,Cc1ccccc1-n1cnc2ccccc21,INTQXBADEIVKGD,-1,-1,0,c1ccc(-n2cnc3ccccc32)cc1,train
,CCOc1ccccc1N(C(=O)c1snc(C(N)=O)c1N)C(C(=O)NCc1ccccc1)c1ccc(O)cc1,IOBSPGWCAJRSON,0,-1,-1,O=C(NCc1ccccc1)C(c1ccccc1)N(C(=O)c1ccns1)c1ccccc1,train
,COc1cc2ncnc(N3CCN(C(=S)NCc4ccccc4Cl)CC3)c2cc1OC,IOOONFGBEQTNAP,-1,-1,1,S=C(NCc1ccccc1)N1CCN(c2ncnc3ccccc23)CC1,train
,COc1cc(O)c2c(c1)C(=O)c1cc(C)c(O)c(O)c1C2=O,IOPGGNYCFGEWPF,-1,-1,0,O=C1c2ccccc2C(=O)c2ccccc21,train
,Cc1cccc2ncn(-c3ccccc3)c12,IOQOUTRINKBYEG,-1,-1,0,c1ccc(-n2cnc3ccccc32)cc1,train
,COc1cccc(C(=O)N2CCN(C(=O)c3ccc(-c4ccccn4)cc3)CC2)c1,IORXBTIJLGQAEJ,1,-1,-1,O=C(c1ccccc1)N1CCN(C(=O)c2ccc(-c3ccccn3)cc2)CC1,train
,Cc1cn(-c2cc(NC(=O)c3ccc(C)c(C#Cc4cnc(NC(C)(C)C)nc4)c3)cc(C(F)(F)F)c2)cn1,IQIXKGNNKIOWHL,1,-1,-1,O=C(Nc1cccc(-n2ccnc2)c1)c1cccc(C#Cc2cncnc2)c1,train
,COC(=O)CN1CCC(n2cc(-c3cccc(OC)c3)c3c(N)ncnc32)CC1,IQMVMHITWPJRIL,1,-1,-1,c1ccc(-c2cn(C3CCNCC3)c3ncncc23)cc1,train
,CS(=O)(=O)Nc1ccc(-c2cc(Nc3ccc(OC(F)(F)F)cc3)ncn2)cc1,IQTSERMRWSERDI,1,-1,-1,c1ccc(Nc2cc(-c3ccccc3)ncn2)cc1,train
,CCOC(=O)c1ccc(NC(=O)NC2CC3CCC(C2)N3)cc1,IQZRJPNCVYHDEE,0,-1,-1,O=C(Nc1ccccc1)NC1CC2CCC(C1)N2,train
,Cc1ncn(-c2cc(NC(=O)c3ccc(C)c(Nc4nc(-c5cccnc5)cs4)c3)cc(C(F)(F)F)c2)n1,IRABBTBTKJUYTE,1,-1,-1,O=C(Nc1cccc(-n2cncn2)c1)c1cccc(Nc2nc(-c3cccnc3)cs2)c1,train
,O=C1CNC(=O)N1CC(O)Cn1c2ccccc2c2ccccc21,IRSDUJAKHRYCFH,0,-1,-1,O=C1CNC(=O)N1CCCn1c2ccccc2c2ccccc21,train
,Cc1ncc2cc(-c3c(Cl)cccc3Cl)c(=O)n(C)c2n1,IRWYTHSKXPTLDL,-1,-1,0,O=c1[nH]c2ncncc2cc1-c1ccccc1,train
,COC(=O)CN1CCC(n2cc(-c3cccc(OC)c3)c3c(N)ncnc32)C1,IUHCHNLQYCBXNR,1,-1,-1,c1ccc(-c2cn(C3CCNC3)c3ncncc23)cc1,train
,O=C(O)c1ccc(C(=O)/C(=C\c2ccc(Cl)c([N+](=O)[O-])c2)SCc2ccc(Br)cc2)cc1,IUPHTJGWRCBLAA,0,-1,-1,O=C(C(=Cc1ccccc1)SCc1ccccc1)c1ccccc1,train
,COc1cccc2ncn(-c3ccccc3)c12,IUSGVJIKISFUGU,-1,-1,0,c1ccc(-n2cnc3ccccc32)cc1,train
,NC(=O)c1cccc2ncn(-c3ccccc3)c12,IUUYTHLDDLGBKV,-1,-1,0,c1ccc(-n2cnc3ccccc32)cc1,train
,COc1cc2ncc(C#N)c(Nc3ccc(Cl)cc3Cl)c2cc1OC,IUZCVUGIDCZCEQ,1,-1,-1,c1ccc(Nc2ccnc3ccccc23)cc1,train
,Brc1cccc(Nc2ncnc3[nH]c4c(c23)CCCC4)c1,IVQMCCDVGIYFDZ,0,-1,-1,c1ccc(Nc2ncnc3[nH]c4c(c23)CCCC4)cc1,train
,Cc1ccc(-c2ccc(C(=O)N3CCN(C(=O)c4cccc(N(C)C)c4)CC3)cc2)cn1,IYKNKXLFWKWPAI,0,-1,-1,O=C(c1ccccc1)N1CCN(C(=O)c2ccc(-c3cccnc3)cc2)CC1,train
,O=C(c1ccccc1)n1cnc2ccccc21,IYVBKVVOHXVKRD,-1,-1,0,O=C(c1ccccc1)n1cnc2ccccc21,train
,CCCCCCC(=O)Nc1cccc(Nc2nccc(-c3cccnc3)n2)c1,JAGCFIAIQQJIFB,1,-1,-1,c1ccc(Nc2nccc(-c3cccnc3)n2)cc1,train
,C=CC(=O)N(c1cc(OC)c(Cl)cc1Cl)c1c(C#N)cnc2cc(OCCCN3CCN(C)CC3)c(OC)cc12,JAZJZNNUFPUNNI,1,-1,-1,c1ccc(Nc2ccnc3cc(OCCCN4CCNCC4)ccc23)cc1,train
,CN(C)c1ncc2cc(-c3c(Cl)cccc3Cl)c(=O)n(C)c2n1,JBLZRKIIUFHPCO,-1,-1,0,O=c1[nH]c2ncncc2cc1-c1ccccc1,train
,CCNc1ncc(C#Cc2cc(C(=O)Nc3cc(-n4cnc(C)c4)cc(C(F)(F)F)c3)ccc2C)cn1,JBPBNXCKEHXPOS,1,-1,-1,O=C(Nc1cccc(-n2ccnc2)c1)c1cccc(C#Cc2cncnc2)c1,train
,CCNC(=O)Nc1nc2ccc(-c3ccccc3Cl)cc2[nH]1,JBVZJUHTCXXPSZ,1,-1,-1,c1ccc(-c2ccc3nc[nH]c3c2)cc1,train
,COc1cc2cc(NCc3ccccc3)cnc2cc1OC,JDKRDQWKIJSKHE,-1,-1,1,c1ccc(CNc2cnc3ccccc3c2)cc1,train
,CCNC(=O)Nc1nc2ccc(-c3ccncc3)cc2s1,JEFLIOUUYGTZOU,1,-1,-1,c1cc(-c2ccc3ncsc3c2)ccn1,train
,CS(=O)(=O)Nc1ccc(-c2cccc(C(=O)N[C@@H](CO)C(=O)Nc3ccc(Cl)c(C(F)(F)F)c3)c2)cn1,JEPZYBHBOURRDH,1,-1,-1,O=C(CNC(=O)c1cccc(-c2cccnc2)c1)Nc1ccccc1,train
,CCOc1ccc2c(c1)ncn2-c1ccccc1,JFCSRORENGKHOD,-1,-1,1,c1ccc(-n2cnc3ccccc32)cc1,train
,CCOC(=O)C1CCCN(C(=O)c2cn(C)c(=O)c3cc(OC)c(OC)cc23)C1,JGCYTNYDQKZBHZ,0,-1,-1,O=C(c1c[nH]c(=O)c2ccccc12)N1CCCCC1,train
,O=C(O)c1cccc(-n2cnc3ccccc32)c1,JGRMSAIUGUVHHM,-1,-1,0,c1ccc(-n2cnc3ccccc32)cc1,train
,Cc1ccc(C(=O)Nc2ccc(CN3CCN(C)CC3)c(C(F)(F)F)c2)cc1-n1cc(-c2cnc3[nH]ccc3c2)nn1,JGXRYYVIMAYABB,1,-1,-1,O=C(Nc1ccc(CN2CCNCC2)cc1)c1cccc(-n2cc(-c3cnc4[nH]ccc4c3)nn2)c1,train
,Cn1c(=O)c(-c2ccccc2)cc2cnc(Nc3ccncc3)nc21,JHUVEQYRBIPKAU,-1,-1,1,O=c1[nH]c2nc(Nc3ccncc3)ncc2cc1-c1ccccc1,train
,COc1ccc(-c2c[nH]c3ncc(-c4cccc(N(C)C)c4)cc23)cc1OC,JHZDDBCPAXESNK,-1,1,-1,c1ccc(-c2cnc3[nH]cc(-c4ccccc4)c3c2)cc1,train
,COc1ccc(-c2cnc3cc(OC)c(OC)cc3c2)s1,JIQNEEKYQFLLCR,-1,-1,1,c1csc(-c2cnc3ccccc3c2)c1,train
,O=C(c1ccc(-c2nccs2)cc1)N1CCN(C(=O)c2cccc(F)c2)CC1,JIYHONURKBPYTD,0,-1,-1,O=C(c1ccccc1)N1CCN(C(=O)c2ccc(-c3nccs3)cc2)CC1,train
,COC(=O)c1ccc(CSc2nnc(CNC(=O)COc3ccc(Cl)cc3)o2)o1,JJGJPKBYTBEJJQ,0,-1,-1,O=C(COc1ccccc1)NCc1nnc(SCc2ccco2)o1,train
,COc1cc2ncnc(N3CCN(C(=S)N[C@@H](C)c4ccccc4)CC3)c2cc1OC,JJICUGUAKGHFQB,-1,-1,1,S=C(NCc1ccccc1)N1CCN(c2ncnc3ccccc23)CC1,train
,Nc1cccc(-c2cnc3[nH]cc(-c4cccc(N)c4)c3c2)c1,JJJVOTZIZKBGMI,-1,1,-1,c1ccc(-c2cnc3[nH]cc(-c4ccccc4)c3c2)cc1,train
,Cc1ccc(C)c2ncc(-c3ccsc3)cc12,JJQORFFMMXHMKH,-1,-1,0,c1ccc2ncc(-c3ccsc3)cc2c1,train
,CC(C)(C)OC[C@H](NC(=O)c1ccc(-c2ccnc(NS(C)(=O)=O)c2)cc1)C(=O)Nc1ccc(Cl)c(C(F)(F)F)c1,JKMSBESQQZLEJI,1,-1,-1,O=C(CNC(=O)c1ccc(-c2ccncc2)cc1)Nc1ccccc1,train
,CCN(CC)CCCOc1ccc(Nc2cc3c(cn2)cc(-c2c(Cl)cccc2Cl)c(=O)n3C)cc1,JKSJVFXGQAODGT,-1,-1,1,O=c1[nH]c2cc(Nc3ccccc3)ncc2cc1-c1ccccc1,train
,Cc1cc(NC(=O)c2ccc(C)c(Nc3nc(-c4cccnc4)cs3)c2)cc(-n2cnc(C)c2)c1,JLNFEMZJZFVZHH,1,-1,-1,O=C(Nc1cccc(-n2ccnc2)c1)c1cccc(Nc2nc(-c3cccnc3)cs2)c1,train
,CCc1cc(CC)cc(-c2cc3cnc(N)nc3nc2NC(=O)NC(C)(C)C)c1,JLZJVFRHDHKOBW,-1,-1,0,c1ccc(-c2cnc3ncncc3c2)cc1,train
,CCn1c(=O)c(-c2ccccc2)cc2cnc(Nc3ccncc3)nc21,JMCKXGDSYVEIDE,-1,-1,1,O=c1[nH]c2nc(Nc3ccncc3)ncc2cc1-c1ccccc1,train
,Cc1cn(-c2cc(NC(=O)c3ccc(C)c(C#Cc4cnc(NC5CCCCC5)nc4)c3)cc(C(F)(F)F)c2)cn1,JMMFXXPAQAEXJE,1,-1,-1,O=C(Nc1cccc(-n2ccnc2)c1)c1cccc(C#Cc2cnc(NC3CCCCC3)nc2)c1,train
,COc1ccccc1-c1ccc2nc(NC(=O)NCCN3CCOCC3)sc2c1,JNBMUQXSTNCIGJ,1,-1,-1,O=C(NCCN1CCOCC1)Nc1nc2ccc(-c3ccccc3)cc2s1,train
,O=C(O)c1ccccc1C(=O)Nc1cccc(Nc2nccc(-c3cccnc3)n2)c1,JNCJUEUWCTYNPP,-1,-1,0,O=C(Nc1cccc(Nc2nccc(-c3cccnc3)n2)c1)c1ccccc1,train
,COc1cccc(-c2cn(C3CCCC3)c3ncnc(N)c23)c1,JOEZGPVMIDNCJZ,1,-1,-1,c1ccc(-c2cn(C3CCCC3)c3ncncc23)cc1,train
,COc1cc(-c2cnc3c(N4CCOCC4)snc3c2)cc(OC)c1OC,JONPTLGCLPUHKH,-1,1,1,c1ccc(-c2cnc3c(N4CCOCC4)snc3c2)cc1,train
,CC(C)(C)C(=O)Nc1cc(-c2ccc(C(=O)N[C@@H](CO)C(=O)Nc3ccc(Cl)c(C(F)(F)F)c3)cc2)ccn1,JOXKZYYJDVJPRD,1,-1,-1,O=C(CNC(=O)c1ccc(-c2ccncc2)cc1)Nc1ccccc1,train
,COc1ccc(-c2c[nH]c3ncc(-c4cccc(N)c4)cc23)cc1OC,JPTMGCYMHIJHRQ,-1,1,-1,c1ccc(-c2cnc3[nH]cc(-c4ccccc4)c3c2)cc1,train
,OC(COc1ncnc2ccccc12)CN1CCN(c2ccc(Cl)c(Cl)c2)CC1,JRAVSSVQUHVZMC,-1,-1,1,c1ccc(N2CCN(CCCOc3ncnc4ccccc34)CC2)cc1,train
,COc1ccc2c(ncn2-c2ccccc2)c1OC,JRWVZOGXZFWDAG,-1,-1,0,c1ccc(-n2cnc3ccccc32)cc1,train
,COc1cccc(-c2cn(-c3ccccc3)c3ncnc(N)c23)c1,JSPJGKUIWGWCRE,1,-1,-1,c1ccc(-c2cn(-c3ccccc3)c3ncncc23)cc1,train
,COc1cc(OC)cc(-c2c[nH]c3ncc(-c4cccc(N)c4)cc23)c1,JWCOVAQAOCRONX,-1,1,-1,c1ccc(-c2cnc3[nH]cc(-c4ccccc4)c3c2)cc1,train
,CC(=O)Nc1cc(-c2ccc(C(=O)N[C@@H](COC(C)(C)C)C(=O)Nc3ccc(Cl)c(C(F)(F)F)c3)cc2)ccn1,JXBADJYZQFTIMU,1,-1,-1,O=C(CNC(=O)c1ccc(-c2ccncc2)cc1)Nc1ccccc1,train
,Nc1ncnc2c1c(-c1cccc(O)c1)cn2C1CCNC1,JXOIAMLUKJBNFR,1,-1,-1,c1ccc(-c2cn(C3CCNC3)c3ncncc23)cc1,train
,COc1cc(Nc2c(C#N)cnc3cc(OCCCN4CCOCC4)c(OC)cc23)c(Cl)cc1Cl,JYRRZNYFIFNIGM,1,-1,-1,c1ccc(Nc2ccnc3cc(OCCCN4CCOCC4)ccc23)cc1,train
,Nc1ncnc2c1c(-c1ccc(O)cc1)cn2C1CCC1,KAUYVUREAPHUSF,1,-1,-1,c1ccc(-c2cn(C3CCC3)c3ncncc23)cc1,train
,COc1ccc(-c2c[nH]c3ncc(-c4cccnc4)cc23)cc1OC,KBDHLWBPIOODDP,-1,1,-1,c1ccc(-c2c[nH]c3ncc(-c4cccnc4)cc23)cc1,train
,CC[C@]12c3[nH]c4ccc(OC)cc4c3CCN1C(=O)C(CC(=O)NCCCN(C)C)C[C@@H]2C(=O)N1CCN(C(=O)c2ccco2)CC1,KBHITNAOUFRUIY,0,-1,-1,O=C(c1ccco1)N1CCN(C(=O)C2CCC(=O)N3CCc4c([nH]c5ccccc45)C23)CC1,train
,O=C(O)c1ccc(C(=O)/C(=C\c2ccc(Br)c([N+](=O)[O-])c2)SCc2ccc(Br)cc2)cc1,KBTIGPWQMQJIDY,0,-1,-1,O=C(C(=Cc1ccccc1)SCc1ccccc1)c1ccccc1,train
,N#CC(C#N)=Cc1c[nH]c2ccccc12,KCGMQWDGOQQAGN,-1,-1,0,c1ccc2[nH]ccc2c1,train
,COc1cccc(C(=O)N2CCN(C(=O)c3ccc(-c4nccs4)cc3)CC2)c1,KCPUHXYDPHVBQZ,1,-1,-1,O=C(c1ccccc1)N1CCN(C(=O)c2ccc(-c3nccs3)cc2)CC1,train
,COc1ccc(C(=O)N2CCN(C(=O)c3ccc(-c4cccc5[nH]nc(N)c45)cc3)CC2)cc1,KCUAKLOMKSBNGE,0,-1,-1,O=C(c1ccccc1)N1CCN(C(=O)c2ccc(-c3cccc4[nH]ncc34)cc2)CC1,train
,Nc1nc(Nc2ccc(S(N)(=O)=O)cc2)nn1C(=O)c1c(F)cccc1F,KDKUVYLMPJIGKA,-1,0,0,O=C(c1ccccc1)n1cnc(Nc2ccccc2)n1,train
,COc1cc(/C=C/c2cccc(O)c2)cc(OC)c1,KEOJBLYDMOASAY,0,-1,-1,C(=Cc1ccccc1)c1ccccc1,train
,Nc1n[nH]c2cccc(-c3ccc(C(=O)N4CCN(C(=O)c5cccc(F)c5)CC4)cc3)c12,KEQJVXCNVVFRCN,1,-1,-1,O=C(c1ccccc1)N1CCN(C(=O)c2ccc(-c3cccc4[nH]ncc34)cc2)CC1,train
,OC(COc1ncnc2ccccc12)CN1CCN(c2ccccc2F)CC1,KFGMUASCSOBKRG,-1,-1,1,c1ccc(N2CCN(CCCOc3ncnc4ccccc34)CC2)cc1,train
,CCOc1ccccc1N(C(=O)c1snc(C(N)=O)c1N)C(C(=O)NCC1CCCO1)c1ccc2ncccc2c1,KFNBCXQKWCDMIF,0,-1,-1,O=C(NCC1CCCO1)C(c1ccc2ncccc2c1)N(C(=O)c1ccns1)c1ccccc1,train
,Nc1n[nH]c2cccc(-c3ccc(C(=O)N4CCN(C(=O)c5ccc(Cl)cc5Cl)CC4)cc3)c12,KFUPFXKVTHKTDP,1,-1,-1,O=C(c1ccccc1)N1CCN(C(=O)c2ccc(-c3cccc4[nH]ncc34)cc2)CC1,train
,COc1cc2cc(-c3ccsc3)cnc2cc1OC,KGGRQYJJHXVWSI,-1,-1,1,c1ccc2ncc(-c3ccsc3)cc2c1,train
,CCN(CC)CCCNc1ncc2cc(-c3c(Br)cccc3Br)c(N)nc2n1,KICNNRAJZZOWST,-1,-1,0,c1ccc(-c2cnc3ncncc3c2)cc1,train
,CC(=O)OC(C(=O)Oc1ccc2[nH]c(C(=O)c3cc4ccccc4[nH]3)cc2c1)c1ccccc1,KIOGINCNKQGBMK,-1,-1,1,O=C(Cc1ccccc1)Oc1ccc2[nH]c(C(=O)c3cc4ccccc4[nH]3)cc2c1,train
,Nc1ncc2cc(-c3c(Cl)cccc3Cl)c(=O)n(CC(=O)O)c2n1,KIOLKAOBNXSWMM,-1,-1,0,O=c1[nH]c2ncncc2cc1-c1ccccc1,train
,CCN(CC)CCOc1ccc(NC(=O)c2ccc(OC)c(Nc3nccc(-c4cccnc4)n3)c2)cc1,KJIJJDDZGNJZBA,1,-1,-1,O=C(Nc1ccccc1)c1cccc(Nc2nccc(-c3cccnc3)n2)c1,train
,CCNc1ncc(-c2cn(-c3cc(C(=O)Nc4ccc(CN5CCN(C)CC5)c(C(F)(F)F)c4)ccc3C)nn2)cn1,KJOGLHQXZFOMRY,1,-1,-1,O=C(Nc1ccc(CN2CCNCC2)cc1)c1cccc(-n2cc(-c3cncnc3)nn2)c1,train
,COc1ccc(Nc2cc(-c3ccc(C(=O)N4CCN(C(=O)c5ccc(F)cc5)CC4)cc3)ncn2)cc1,KJQKQFJOAUXUHI,0,-1,-1,O=C(c1ccccc1)N1CCN(C(=O)c2ccc(-c3cc(Nc4ccccc4)ncn3)cc2)CC1,train
,Clc1ccccc1-n1cnc2ccccc21,KKWAJIZEMVNGCP,-1,-1,0,c1ccc(-n2cnc3ccccc32)cc1,train
,Nc1ncnc2c1c(-c1cccc(Cl)c1)cn2-c1ccccc1,KKYWVNPRFIJNKB,1,-1,-1,c1ccc(-c2cn(-c3ccccc3)c3ncncc23)cc1,train
,COc1ccc2c(c1)ncn2-c1ccc(N)cc1,KLJLVCKIKCKKEA,-1,-1,1,c1ccc(-n2cnc3ccccc32)cc1,train
,COc1ccc(-n2cnc3ccccc32)cc1,KLXBTJMLKGVJTR,-1,-1,0,c1ccc(-n2cnc3ccccc32)cc1,train
,CCNC(=O)Nc1nc2ccc(-c3ccccc3CC)cc2[nH]1,KMGFFHGLZGTDMF,1,-1,-1,c1ccc(-c2ccc3nc[nH]c3c2)cc1,train
,CCNC(=O)Nc1nc2ccc(-c3ccccc3OC(F)(F)F)cc2[nH]1,KNAJONCJHKNCIF,1,-1,-1,c1ccc(-c2ccc3nc[nH]c3c2)cc1,train
,CCNC(=O)Nc1nc2ccc(Oc3cccc(OC)c3)cc2[nH]1,KNOISUTXMAXTBX,1,-1,-1,c1ccc(Oc2ccc3nc[nH]c3c2)cc1,train
,C[C@@H](NC(=O)c1ccc(S(=O)(=O)Oc2ccc(/C=C/[N+](=O)[O-])cc2)cc1)C(=O)N[C@H](C)C(=O)OC(C)(C)C,KNWYXKACVOBABE,0,-1,-1,O=S(=O)(Oc1ccccc1)c1ccccc1,train
,COc1ccc(-c2cn(-c3ccccc3)c3ncnc(N)c23)cc1,KOFGCEDKGQUYDQ,1,-1,-1,c1ccc(-c2cn(-c3ccccc3)c3ncncc23)cc1,train
,COc1ccc(C(=O)Nc2cccc(F)c2)cc1Nc1nccc(-c2cccnc2)n1,KOGBNTSOPZVMIK,1,-1,-1,O=C(Nc1ccccc1)c1cccc(Nc2nccc(-c3cccnc3)n2)c1,train
,C=CCc1c(O)ccc2c1ncn2-c1ccccc1,KOUFYTJGAPCJFT,-1,-1,0,c1ccc(-n2cnc3ccccc32)cc1,train
,CCOC(=O)c1ccc(-c2cn(-c3ccccc3)c3ncnc(N)c23)cc1,KPNHRZBBKFZVMF,0,-1,-1,c1ccc(-c2cn(-c3ccccc3)c3ncncc23)cc1,train
,CC(=O)Nc1cc(-c2ccc(C(=O)N[C@H](C(=O)Nc3ccc(Cl)c(C(F)(F)F)c3)C(C)(C)C)cc2)ccn1,KQKZWQWSLMTLIX,1,-1,-1,O=C(CNC(=O)c1ccc(-c2ccncc2)cc1)Nc1ccccc1,train
,Cc1ccsc1C(=O)n1nc(Nc2ccc(S(N)(=O)=O)cc2)nc1N,KQWTXAWKBUUOMU,-1,-1,1,O=C(c1cccs1)n1cnc(Nc2ccccc2)n1,train
,CN(C)CCCOc1ccc(Nc2ncc3cc(-c4c(Cl)cccc4Cl)c(=O)n(C)c3n2)cc1,KSCDJRWPBJOREH,-1,-1,1,O=c1[nH]c2nc(Nc3ccccc3)ncc2cc1-c1ccccc1,train
,COc1ccc(-c2cnc3cc(OC)c(OC)cc3c2)cc1F,KSELTIXXASIVDL,-1,-1,1,c1ccc(-c2cnc3ccccc3c2)cc1,train
,CN(C)c1cc2c(cn1)cc(-c1c(Cl)cccc1Cl)c(=O)n2C,KSMUUGYCEOHFHH,-1,-1,0,O=c1[nH]c2ccncc2cc1-c1ccccc1,train
,Cc1ccc(Nc2cc3c(cc2Nc2ccc(C)cc2)C(=O)NC3=O)cc1,KSZXNFIEZNOXCC,0,-1,-1,O=C1NC(=O)c2cc(Nc3ccccc3)c(Nc3ccccc3)cc21,train
,CN(C)CCCN(C)c1ncc2cc(-c3c(Cl)cccc3Cl)c(NC(=O)NC(C)(C)C)nc2n1,KTQXUWCOAYRSAJ,-1,-1,0,c1ccc(-c2cnc3ncncc3c2)cc1,train
,OC(COc1ncnc2ccccc12)Cn1ccnc1,KTWJKWUVFXXMTI,-1,-1,1,c1ccc2c(OCCCn3ccnc3)ncnc2c1,train
,CCC(c1nc2ccccc2c(=O)n1CCCn1ccnc1)N1C(=O)c2ccccc2C1=O,KTYZROKVOSNJLP,0,-1,-1,O=C1c2ccccc2C(=O)N1Cc1nc2ccccc2c(=O)n1CCCn1ccnc1,train
,COc1cc2ncn(-c3ccccc3)c2cc1C(=O)O,KUEFIOPBQNNRCA,-1,-1,0,c1ccc(-n2cnc3ccccc32)cc1,train
,Cc1ccc(NC(=O)c2ccc(CN3CCC(CN(C)C)C3)c(C(F)(F)F)c2)cc1Nc1nccc(-c2cncnc2)n1,KUNOALCWXLLCES,1,-1,-1,O=C(Nc1cccc(Nc2nccc(-c3cncnc3)n2)c1)c1ccc(CN2CCCC2)cc1,train
,COc1cc2cc(N)cnc2cc1OC,KUURJKFCQSUOFM,-1,-1,0,c1ccc2ncccc2c1,train
,COc1cc2nccc(Oc3ccc(NC(=O)Oc4ccccc4)cc3)c2cc1OC,KVDZJYLUBBYJIX,-1,1,-1,O=C(Nc1ccc(Oc2ccnc3ccccc23)cc1)Oc1ccccc1,train
,COc1cc2ncnc(N3CCN(C(=S)NCc4ccc(Cl)cc4)CC3)c2cc1OC,KVSCJEFMRSEDOZ,-1,-1,1,S=C(NCc1ccccc1)N1CCN(c2ncnc3ccccc23)CC1,train
,COc1ccc(C(=O)Nc2ccc(Br)cc2)cc1Nc1nccc(-c2cccnc2)n1,KWLXWXYINQHVEA,1,-1,-1,O=C(Nc1ccccc1)c1cccc(Nc2nccc(-c3cccnc3)n2)c1,train
,CCNC(=O)Nc1nc2ccc(-c3c(C)cccc3Cl)cc2[nH]1,KXAZJNVQZPHESJ,1,-1,-1,c1ccc(-c2ccc3nc[nH]c3c2)cc1,train
,Cc1ccc(C2N(c3cccc(Cl)c3)C(=O)N3CCCN23)cc1,KXKLSSBTIXVEBA,0,-1,-1,O=C1N(c2ccccc2)C(c2ccccc2)N2CCCN12,train
,COc1cc2cc(-c3sccc3Cl)cnc2cc1OC,KYBWLWWAINBJFX,-1,-1,1,c1csc(-c2cnc3ccccc3c2)c1,train
,COc1cc2cc(-c3cccnc3)cnc2cc1OC,KYJQMVJJOORKLO,-1,-1,1,c1cncc(-c2cnc3ccccc3c2)c1,train
,COc1ccc(-c2cnc3cc(OC)c(OC)cc3c2)c(OC)c1,KYLMCGRBWZLUFA,-1,-1,0,c1ccc(-c2cnc3ccccc3c2)cc1,train
,C=CC(=O)N(c1cc(OC)c(Cl)cc1Cl)c1c(C#N)cnc2cc(OCCCN3CCOCC3)c(OC)cc12,KZMMKMDKQXIRGU,1,-1,-1,c1ccc(Nc2ccnc3cc(OCCCN4CCOCC4)ccc23)cc1,train
,COc1ccccc1-c1ccc2nc(NC(=O)NCCO)sc2c1,LAAHHHDILCOULN,1,-1,-1,c1ccc(-c2ccc3ncsc3c2)cc1,train
,Cc1cc(O)c(O)cc1-c1cc(O)cc(O)c1C(=O)O,LACFACJZTLCIGY,-1,-1,0,c1ccc(-c2ccccc2)cc1,train
,Cc1ccc(NC(=O)c2cccc(Cl)c2)cc1-n1cc(-c2cccnc2)cn1,LAVCQCXXKFSGQN,1,-1,-1,O=C(Nc1cccc(-n2cc(-c3cccnc3)cn2)c1)c1ccccc1,train
,CCc1cccc(NC(=O)CCCCCC2NC(=O)NC2C)c1,LCMCFIMDFHOMQO,1,-1,-1,O=C(CCCCCC1CNC(=O)N1)Nc1ccccc1,train
,CC(C)(C)OC[C@H](NC(=O)c1cccc(-c2ccc(NC(=O)C(C)(C)C)nc2)c1)C(=O)Nc1ccc(Cl)c(C(F)(F)F)c1,LDGVMLFIDBYBTK,1,-1,-1,O=C(CNC(=O)c1cccc(-c2cccnc2)c1)Nc1ccccc1,train
,COc1cc(O)c2c(=O)c(-c3cccc(Cl)c3)coc2c1,LDUNOFBTXWMVEY,0,-1,0,O=c1c(-c2ccccc2)coc2ccccc12,train
,O=[N+]([O-])c1ccc(N2CCN(CC(O)COc3ncnc4ccccc34)CC2)cc1,LDYXRYLRGPOXCN,-1,-1,1,c1ccc(N2CCN(CCCOc3ncnc4ccccc34)CC2)cc1,train
,COc1ccc(Nc2cc3c(cc2Nc2ccccc2)C(=O)NC3=O)cc1,LESFPZSUPOHBIP,0,-1,-1,O=C1NC(=O)c2cc(Nc3ccccc3)c(Nc3ccccc3)cc21,train
,CNc1ncc(-c2cn(-c3cc(C(=O)Nc4ccc(CN5CCN(C)CC5)c(C(F)(F)F)c4)ccc3C)nn2)cn1,LFLRMYZNGFXKMP,1,-1,-1,O=C(Nc1ccc(CN2CCNCC2)cc1)c1cccc(-n2cc(-c3cncnc3)nn2)c1,train
,COc1cc2ncn(-c3ccccc3)c2cc1CO,LGRRHBCWSVNDAX,-1,-1,1,c1ccc(-n2cnc3ccccc32)cc1,train
,CC(=O)Nc1cc(-c2ccc(C(=O)N[C@@H](CO)C(=O)Nc3ccc(Cl)c(C(F)(F)F)c3)cc2)ccn1,LHJMUCLIXBTWST,1,-1,-1,O=C(CNC(=O)c1ccc(-c2ccncc2)cc1)Nc1ccccc1,train
,Oc1ccc(-c2cccc(-c3cc(O)cc(O)c3)c2)cc1,LJGAJDBWKXSBGO,0,-1,-1,c1ccc(-c2cccc(-c3ccccc3)c2)cc1,train
,CCCc1nc2c(=O)n(C)c(=O)nc-2n(C)n1,LKBYYUZEKINDPS,1,-1,-1,O=c1nc2[nH]ncnc-2c(=O)[nH]1,train
,COc1ccc(-c2ccc(-c3cc(OC)cc(OC)c3)cc2)cc1,LKYITMGXEDSCKV,0,-1,-1,c1ccc(-c2ccc(-c3ccccc3)cc2)cc1,train
,O=[N+]([O-])/C=C/c1ccc(O)c(O)c1,LLJASJHXECDHOM,0,-1,-1,c1ccccc1,train
,COc1cc(OC)cc(-c2cc3cnc(N)nc3nc2N)c1,LOIKOLAEHONJTE,-1,-1,0,c1ccc(-c2cnc3ncncc3c2)cc1,train
,O=C(Nc1c[nH]nc1-c1nc2ccc(CN3CCOCC3)cc2[nH]1)NC1CC1,LOLPPWBBNUVNQZ,1,-1,-1,O=C(Nc1c[nH]nc1-c1nc2ccc(CN3CCOCC3)cc2[nH]1)NC1CC1,train
,Cc1ccc(C(=O)Nc2ccc(CN3CCN(C)CC3)c(C(F)(F)F)c2)cc1-n1cc(-c2cnc3[nH]ncc3c2)nn1,LQBDBQSMCXTVKB,1,-1,-1,O=C(Nc1ccc(CN2CCNCC2)cc1)c1cccc(-n2cc(-c3cnc4[nH]ncc4c3)nn2)c1,train
,CCNC(=O)Nc1nc2ccc(-c3ccc(C)cc3)cc2[nH]1,LRWGDGJWCNOWRD,1,-1,-1,c1ccc(-c2ccc3nc[nH]c3c2)cc1,train
,CCN(CC)CCCCNc1ncc2cc(-c3c(Cl)cccc3Cl)c(NC(=O)NC3CCCCC3)nc2n1,LSALXSOZDWYUQQ,-1,-1,1,O=C(Nc1nc2ncncc2cc1-c1ccccc1)NC1CCCCC1,train
,Cc1cccc(C)c1-c1cc2cnc(N)nc2nc1N,LSHICSIXTRDLPS,-1,-1,0,c1ccc(-c2cnc3ncncc3c2)cc1,train
,CCNC(=O)Nc1nc2ccc(-c3ccnn3CC)cc2[nH]1,LSNVDENJULKCNV,1,-1,-1,c1cc(-c2ccc3nc[nH]c3c2)[nH]n1,train
,C=CCn1c(O)c(CC(=O)O)sc1=NN=c1scc(O)n1C,LSSPQUWDKRNSKJ,0,-1,-1,c1csc(=NN=c2[nH]ccs2)[nH]1,train
,O=C(CCO)c1ccc(O)cc1,LTEPZFZSPZASKJ,0,-1,-1,c1ccccc1,train
,CCN(CC)C(=O)c1cncc(-c2cccc(C(=O)N[C@H](C(=O)Nc3ccc(Cl)c(C(F)(F)F)c3)C(C)(C)C)c2)c1,LTNOUJXZEAYXLJ,1,-1,-1,O=C(CNC(=O)c1cccc(-c2cccnc2)c1)Nc1ccccc1,train
,Cc1ccc(NC(=O)Nc2ccc(N(C)C)cc2)cc1Nc1nccc(-c2cccnc2)n1,LTXKLPPWYOFXIO,0,-1,-1,O=C(Nc1ccccc1)Nc1cccc(Nc2nccc(-c3cccnc3)n2)c1,train
,Nc1nc2ccccc2n1-c1ccccc1,LUEQIDSEGWXUMD,-1,-1,0,c1ccc(-n2cnc3ccccc32)cc1,train
,Oc1ccc(/C=C/c2cc(O)cc(O)c2)cc1,LUKBXSAWLPMMSZ,0,-1,-1,C(=Cc1ccccc1)c1ccccc1,train
,COc1ccc(NC(=O)Nc2nc3nc(NCCCN4CCN(C)CC4)ncc3cc2-c2c(Cl)cccc2Cl)cc1,LVEXBQONPVYXPA,-1,-1,1,O=C(Nc1ccccc1)Nc1nc2nc(NCCCN3CCNCC3)ncc2cc1-c1ccccc1,train
,O=C(O)c1ccc(-n2cnc3ccccc32)cc1,LVTAQCOHWAZNAV,-1,-1,0,c1ccc(-n2cnc3ccccc32)cc1,train
,COc1ccc2cc(-c3cccnc3)cnc2c1OC,LWMZLFUWIBFVMF,-1,-1,0,c1cncc(-c2cnc3ccccc3c2)c1,train
,O=C(O)c1ccc(C(=O)/C(=C\c2ccc(Cl)c([N+](=O)[O-])c2)SCc2ccccc2F)cc1,LXAATTAUTVWTEQ,0,-1,-1,O=C(C(=Cc1ccccc1)SCc1ccccc1)c1ccccc1,train
,CCN(CC)CCCCNc1ncc2cc(-c3c(Cl)cccc3Cl)c(NC(=O)Nc3ccccc3)nc2n1,LYJIVFCOOJRVBF,-1,-1,1,O=C(Nc1ccccc1)Nc1nc2ncncc2cc1-c1ccccc1,train
,Cn1c(=O)c(-c2c(Cl)cccc2Cl)cc2cnc(Nc3ccccc3)nc21,MACKJBHSMLAAGO,-1,-1,1,O=c1[nH]c2nc(Nc3ccccc3)ncc2cc1-c1ccccc1,train
,CCN(CC)CCCNc1ncc2cc(-c3c(C)cccc3C)c(N)nc2n1,MAHHICHAEAGUTG,-1,-1,0,c1ccc(-c2cnc3ncncc3c2)cc1,train
,COc1ccc(-c2c[nH]c3ncc(-c4ccccc4C)cc23)cc1OC,MAPPGIUFPWIQOB,-1,1,-1,c1ccc(-c2cnc3[nH]cc(-c4ccccc4)c3c2)cc1,train
,Cn1c(=O)c(-c2c(Cl)cccc2Cl)cc2cnc(Nc3ccc(OCCN)cc3)nc21,MAXZESONWXTISA,-1,-1,1,O=c1[nH]c2nc(Nc3ccccc3)ncc2cc1-c1ccccc1,train
,COc1cc(OC)cc(-c2cc3cnc(N)cc3nc2NC(=O)NC(C)(C)C)c1,MCZADMNBTWSHHB,-1,-1,0,c1ccc(-c2cnc3ccncc3c2)cc1,train
,COc1ccc(-c2cccc(-c3cc(OC)cc(OC)c3)c2)cc1,MDKFFJFTEBNHAN,0,-1,-1,c1ccc(-c2cccc(-c3ccccc3)c2)cc1,train
,CCOC(=O)c1cccc(-n2cnc3ccccc32)c1,MDQZYXFGOFYIJS,-1,-1,0,c1ccc(-n2cnc3ccccc32)cc1,train
,CC(C)NC(=O)Nc1nc2nc(NCCCN3CCN(C)CC3)ncc2cc1-c1c(Cl)cccc1Cl,MEGWJRRCEUYDCB,-1,-1,1,c1ccc(-c2cnc3nc(NCCCN4CCNCC4)ncc3c2)cc1,train
,COc1cccc(NC(=O)Nc2nc3nc(NCCCN4CCN(C)CC4)ncc3cc2-c2c(Cl)cccc2Cl)c1,MEYPNOVFXMUEAG,-1,-1,1,O=C(Nc1ccccc1)Nc1nc2nc(NCCCN3CCNCC3)ncc2cc1-c1ccccc1,train
,CC(C)n1nc(-c2cc3cc(O)ccc3[nH]2)c2c(N)ncnc21,MFAQYJIYDMLAIM,1,1,1,c1ccc2[nH]c(-c3n[nH]c4ncncc34)cc2c1,train
,CN(C)CCCNc1ncc2cc(-c3c(Cl)cccc3Cl)c(NC(=O)NC(C)(C)C)nc2n1,MFSBWOHCIGSWTP,-1,-1,1,c1ccc(-c2cnc3ncncc3c2)cc1,train
,c1ccc(-n2cnc3cc(OCCN4CCOCC4)ccc32)cc1,MGIAPSWVYILGFG,-1,-1,1,c1ccc(-n2cnc3cc(OCCN4CCOCC4)ccc32)cc1,train
,Cc1nc2ccccc2n1-c1ccccc1,MGKPDVRJFZOSFV,-1,-1,0,c1ccc(-n2cnc3ccccc32)cc1,train
,Cc1c(F)cccc1NC(=O)CCCCCC1NC(=O)NC1C,MGQBHVRGZCUQID,1,-1,-1,O=C(CCCCCC1CNC(=O)N1)Nc1ccccc1,train
,Cc1cc(C)nc(NS(=O)(=O)c2ccc(Nc3nccc(N(C)c4ccc5c(C)n(C)nc5c4)n3)cc2)n1,MGSXHFUDTNNPGZ,1,-1,-1,O=S(=O)(Nc1ncccn1)c1ccc(Nc2nccc(Nc3ccc4c[nH]nc4c3)n2)cc1,train
,NC(=O)c1cc(-c2ccnc(N)n2)[nH]c1-c1cc(Cl)ccc1Cl,MIEONHFLSVAHFB,1,-1,-1,c1ccc(-c2ccc(-c3ccncn3)[nH]2)cc1,train
,COc1cc2ncnc(N3CCN(C(=S)NCc4ccc(C)cc4)CC3)c2cc1OC,MIOCXPOZNHTSBC,-1,-1,1,S=C(NCc1ccccc1)N1CCN(c2ncnc3ccccc23)CC1,train
,CCN(CC)CCCNc1ncc2cc(-c3c(Cl)cccc3Cl)c(/N=C/N(C)C)nc2n1,MJVMCMVSWBHPMD,-1,-1,0,c1ccc(-c2cnc3ncncc3c2)cc1,train
,O=C(c1ccc(-c2cc(Nc3ccc(Cl)c(Cl)c3)ncn2)cc1)N1CCN(C(=O)c2ccccc2F)CC1,MKJOQNGJYGUEQE,0,-1,-1,O=C(c1ccccc1)N1CCN(C(=O)c2ccc(-c3cc(Nc4ccccc4)ncn3)cc2)CC1,train
,CCN(CC)CCCCNc1ncc2cc(-c3c(Cl)cccc3Cl)c(NC(=O)NC(C)(C)C)nc2n1,MKVMEJKNLUWFSQ,-1,-1,1,c1ccc(-c2cnc3ncncc3c2)cc1,train
,FC(F)(F)Oc1ccc(Nc2ncnc3c2cnn3Cc2ccncc2)cc1,MLAIONZVQZBMNT,1,-1,-1,c1ccc(Nc2ncnc3c2cnn3Cc2ccncc2)cc1,train
,CCCOc1ccc(/C=N/NC(=O)CSc2ccccn2)cc1OC,MPRZGJDJVANJAL,0,-1,-1,O=C(CSc1ccccn1)NN=Cc1ccccc1,train
,COc1cc(/C=C/c2cc(C(C)(C)C)c(O)c(C(C)(C)C)c2)cc(OC)c1,MPUREFBGFHHVBA,0,-1,-1,C(=Cc1ccccc1)c1ccccc1,train
,Clc1cccc(Nc2nccc(-c3cccnc3)n2)c1,MUKRZDJVCRWCLZ,-1,-1,0,c1ccc(Nc2nccc(-c3cccnc3)n2)cc1,train
,CNc1ccc(C)c(Nc2nccc(-c3cccnc3)n2)c1,MVYORVTVMZISKM,-1,-1,0,c1ccc(Nc2nccc(-c3cccnc3)n2)cc1,train
,Cc1cc(C)c(C)c(-c2cc3cnc(N)nc3nc2N)c1C,MWKRDGPYRDVUTA,-1,-1,0,c1ccc(-c2cnc3ncncc3c2)cc1,train
,Cc1ccc(C(=O)Nc2cccc(C(F)(F)F)c2)cc1Nc1nc(-c2cccnc2)nc2nn(C)cc12,MWKSRKSEWLRPBL,1,-1,-1,O=C(Nc1ccccc1)c1cccc(Nc2nc(-c3cccnc3)nc3n[nH]cc23)c1,train
,COc1cccc(Nc2cc(-c3ccc(C(=O)N4CCN(C(=O)c5cccc(C(F)(F)F)c5)CC4)cc3)ncn2)c1,MWMOJZRZZPVCMD,0,-1,-1,O=C(c1ccccc1)N1CCN(C(=O)c2ccc(-c3cc(Nc4ccccc4)ncn3)cc2)CC1,train
,CN(C)CCOc1ccc2[nH]c(C(=O)c3cc4ccccc4[nH]3)cc2c1,MWOGGCAYFLMOGW,-1,-1,1,O=C(c1cc2ccccc2[nH]1)c1cc2ccccc2[nH]1,train
,COc1cc(OC)cc(-c2cccc(-c3ccc(O)cc3)c2)c1,MWVCWBDXUJZBEC,0,-1,-1,c1ccc(-c2cccc(-c3ccccc3)c2)cc1,train
,O=C(c1ccc(-c2cc(Nc3ccc(F)cc3)ncn2)cc1)N1CCN(C(=O)c2ccccc2F)CC1,MZVUSNXKUMQRKP,0,-1,-1,O=C(c1ccccc1)N1CCN(C(=O)c2ccc(-c3cc(Nc4ccccc4)ncn3)cc2)CC1,train
,NC(=O)c1ccc(-n2cnc3ccccc32)cc1,NABMFKHQADUPDB,-1,-1,0,c1ccc(-n2cnc3ccccc32)cc1,train
,COc1ccc2c(C)c(-c3ccncc3)cnc2c1,NASNTWHNOVDBRW,-1,-1,0,c1ccc2ncc(-c3ccncc3)cc2c1,train
,COc1ccc(Nc2ncc3cc(-c4c(Cl)cccc4Cl)c(=O)n(C)c3n2)cn1,NBPINIBREWXSRV,-1,-1,1,O=c1[nH]c2nc(Nc3cccnc3)ncc2cc1-c1ccccc1,train
,COc1cc2cc(-c3cc(F)c(OC)c(F)c3)cnc2cc1OC,NDQZNBLQERJLCC,-1,-1,1,c1ccc(-c2cnc3ccccc3c2)cc1,train
,COc1ccc(-c2c[nH]c3ncc(-c4ccccc4)cc23)cc1OC,NDXSKCMEGUYTPF,-1,1,-1,c1ccc(-c2cnc3[nH]cc(-c4ccccc4)c3c2)cc1,train
,O=C(O)c1ccc([S+](=O)([O-])Oc2ccc(/C=C/[N+](=O)[O-])cc2)cc1O,NEFOGMYWGHUDCN,0,-1,-1,O=[SH+](Oc1ccccc1)c1ccccc1,train
,COc1ccc(C(=O)Nc2ccc(OCCN(C)C)cc2)cc1Nc1nccc(-c2cccnc2)n1,NFLXEOXSZWSZGF,1,-1,-1,O=C(Nc1ccccc1)c1cccc(Nc2nccc(-c3cccnc3)n2)c1,train
,COc1ccc2cc(-c3ccncc3)cnc2c1,NGPCGERQDPJHQQ,-1,-1,1,c1ccc2ncc(-c3ccncc3)cc2c1,train
,O=C(O)c1cccc2c1ncn2-c1ccccc1,NHFKGMARTXZVJH,-1,-1,0,c1ccc(-n2cnc3ccccc32)cc1,train
,COc1cc(OC)cc(-c2cc3cnc(N)nc3nc2NC(=O)NC(C)(C)C)c1,NHJSWORVNIOXIT,-1,-1,0,c1ccc(-c2cnc3ncncc3c2)cc1,train
,COc1cc2cc([N+](=O)[O-])cnc2cc1OC,NJUFEIBNPJJVJO,-1,-1,0,c1ccc2ncccc2c1,train
,O=c1c(-c2cccc(Cl)c2)coc2cc(O)cc(O)c12,NKDPIBPNSMKOPN,0,-1,0,O=c1c(-c2ccccc2)coc2ccccc12,train
,COc1cc(OC)cc(-c2cc3cnc(NC(=O)NC(C)(C)C)cc3nc2NC(=O)NC(C)(C)C)c1,NKKGFYVJHBKKIU,-1,-1,0,c1ccc(-c2cnc3ccncc3c2)cc1,train
,COC(=O)CN1CCC(n2cc(-c3cccc(O)c3)c3c(N)ncnc32)C1,NMCRRFLWJZUPRE,1,-1,-1,c1ccc(-c2cn(C3CCNC3)c3ncncc23)cc1,train
,CC(C)(C)C(=O)Nc1cc(-c2ccc(C(=O)N[C@H](C(=O)Nc3ccc(Cl)c(C(F)(F)F)c3)C(C)(C)C)cc2)ccn1,NMJACQFOXDMQTN,1,-1,-1,O=C(CNC(=O)c1ccc(-c2ccncc2)cc1)Nc1ccccc1,train
,CN1CCN(CCCCCNc2ncc3cc(-c4c(Cl)cccc4Cl)c(=O)n(C)c3n2)CC1,NMLMUNQQEDDASM,-1,-1,1,O=c1[nH]c2nc(NCCCCCN3CCNCC3)ncc2cc1-c1ccccc1,train
,COc1ccc(C(=O)Nc2cccc(Cl)c2)cc1Nc1nccc(-c2cccnc2)n1,NMMIVVLEPHGUEV,1,-1,-1,O=C(Nc1ccccc1)c1cccc(Nc2nccc(-c3cccnc3)n2)c1,train
,Cc1cc(C)c(C)c(-c2cc3cnc(N)nc3nc2NC(=O)NC(C)(C)C)c1C,NNYHIJGVHOAIGK,-1,-1,0,c1ccc(-c2cnc3ncncc3c2)cc1,train
,Nc1ncnc2c1c(-c1cccc(OCc3ccccc3)c1)cn2[C@H]1C[C@H](N2CCCC2)C1,NOSGURMRDGOTBW,0,-1,-1,c1ccc(COc2cccc(-c3cn(C4CC(N5CCCC5)C4)c4ncncc34)c2)cc1,train
,O=C(CC1SCCNC1=O)Nc1cccc(Cl)c1,NOVSTNSQVOXPFL,0,-1,-1,O=C(CC1SCCNC1=O)Nc1ccccc1,train
,CCNC(=O)Nc1nc2cc(-c3ccccc3)ccc2[nH]1,NPQDLAMGUSTRMY,1,-1,-1,c1ccc(-c2ccc3[nH]cnc3c2)cc1,train
,CCNC(=O)Nc1nc2ccc(-c3ccccc3OC(F)(F)F)cc2s1,NQLHPWDACYJCCN,1,-1,-1,c1ccc(-c2ccc3ncsc3c2)cc1,train
,COc1cc2cc(/C=C/c3ccccc3)cnc2cc1OC,NQVBNOPSVRCGSI,-1,-1,1,C(=Cc1cnc2ccccc2c1)c1ccccc1,train
,CCCCNC(=O)c1ccc([S+](=O)([O-])Oc2ccc(/C=C/[N+](=O)[O-])cc2)cc1,NQVYWFJDBFJBCY,0,-1,-1,O=[SH+](Oc1ccccc1)c1ccccc1,train
,COc1cccc(N2CCN(CC(O)COc3ncnc4ccccc34)CC2)c1,NQWHKZFLRJPUMS,-1,-1,1,c1ccc(N2CCN(CCCOc3ncnc4ccccc34)CC2)cc1,train
,Cc1cn(CC(O)COc2ncnc3ccccc23)cn1,NRKBLKNBNMFJGW,-1,-1,1,c1ccc2c(OCCCn3ccnc3)ncnc2c1,train
,Cc1ccc(NC(=O)c2ccc(CN3CCN(C)CC3)c(Cl)c2)cc1Nc1nccc(-c2cccnc2)n1,NRSRGKSRBDKZAU,1,-1,-1,O=C(Nc1cccc(Nc2nccc(-c3cccnc3)n2)c1)c1ccc(CN2CCNCC2)cc1,train
,O=C(c1cc2ccccc2[nH]1)c1cc2cc(OC(=O)c3ccco3)ccc2[nH]1,NRUDNDJQDIIWLQ,-1,-1,1,O=C(c1cc2ccccc2[nH]1)c1cc2cc(OC(=O)c3ccco3)ccc2[nH]1,train
,Cc1cccc(C)c1NC(=O)CCCCCC1NC(=O)NC1C,NRYDTMPYVQXREL,1,-1,-1,O=C(CCCCCC1CNC(=O)N1)Nc1ccccc1,train
,COc1cc(/C=C/c2ccccc2O)cc(OC)c1,NSIZYZYQIQDNNW,0,-1,-1,C(=Cc1ccccc1)c1ccccc1,train
,CCc1ccc(C(=O)Nc2ccc(CN3CCN(C)CC3)c(C(F)(F)F)c2)cc1-n1cc(-c2cnc3[nH]ncc3c2)nn1,NUTAFQYFQXUSOF,1,-1,-1,O=C(Nc1ccc(CN2CCNCC2)cc1)c1cccc(-n2cc(-c3cnc4[nH]ncc4c3)nn2)c1,train
,Cc1cc(C)nc(NS(=O)(=O)c2ccc(Nc3nccc(Nc4ccc5c(C)n(C)nc5c4)n3)cc2)n1,NVPYFEWIGMLJPC,1,-1,-1,O=S(=O)(Nc1ncccn1)c1ccc(Nc2nccc(Nc3ccc4c[nH]nc4c3)n2)cc1,train
,COc1cc(/C=C/c2cc(OC)c(O)c(OC)c2)cc(OC)c1,NWBPDRBOIZARAC,0,-1,-1,C(=Cc1ccccc1)c1ccccc1,train
,COc1ccc(Cl)c(Nc2c(C#N)cnc3cc(OCCCN4CCCCC4)c(OC)cc23)c1,NWVPPOKGUJSUIJ,1,-1,-1,c1ccc(Nc2ccnc3cc(OCCCN4CCCCC4)ccc23)cc1,train
,COc1ccc(-c2cnc3cc(OC)c(OC)cc3c2)cn1,NXAGIDNAFCDRSJ,-1,-1,1,c1cncc(-c2cnc3ccccc3c2)c1,train
,COc1ccc(-c2c[nH]c3ncc(-c4cccc(NC(C)=O)c4)cc23)cc1OC,NXCMMCKLONCPCK,-1,1,-1,c1ccc(-c2cnc3[nH]cc(-c4ccccc4)c3c2)cc1,train
,CC(Oc1ccc2[nH]c(C(=O)c3cc4ccccc4[nH]3)cc2c1)c1ccccc1,NXOCWMYXQVFEBS,-1,-1,0,O=C(c1cc2ccccc2[nH]1)c1cc2cc(OCc3ccccc3)ccc2[nH]1,train
,CCOC(=O)c1ccc(-c2cnc3cc(OC)c(OC)cc3c2)cc1,NYQMIRPEALZGTO,-1,-1,1,c1ccc(-c2cnc3ccccc3c2)cc1,train
,CCOC(=O)c1ccc(Nc2ncc3cc(-c4c(Cl)cccc4Cl)c(=O)n(C)c3n2)cc1,NYRCHGFYXOCTEO,-1,-1,0,O=c1[nH]c2nc(Nc3ccccc3)ncc2cc1-c1ccccc1,train
,CCCCN(CCCC)C(=O)[C@H](C)NC(=O)[C@@H](NC(=O)[C@H](Cc1ccc(OP(=O)(O)O)cc1)NC(C)=O)C(C)C,NZEWVZPKBCYGKR,-1,-1,1,c1ccccc1,train
,CN1CCN(CC(O)COc2ncnc3ccccc23)CC1,NZLWNFZAMQUOSN,-1,-1,1,c1ccc2c(OCCCN3CCNCC3)ncnc2c1,train
,COc1cc2cc(-c3ccccc3)cnc2cc1OC,NZSMBYIPLGDVEM,-1,-1,1,c1ccc(-c2cnc3ccccc3c2)cc1,train
,CC(C)(C)OC[C@H](NC(=O)c1cccc(-c2ccc(N)nc2)c1)C(=O)Nc1ccc(Cl)c(C(F)(F)F)c1,OAGKPNPSLSCBNW,1,-1,-1,O=C(CNC(=O)c1cccc(-c2cccnc2)c1)Nc1ccccc1,train
,CCNC(=O)Nc1nc2nc(NCCN(CC)CC)ncc2cc1-c1c(Cl)cccc1Cl,OARIOETVQLMGFJ,-1,-1,0,c1ccc(-c2cnc3ncncc3c2)cc1,train
,COc1cc(OC)cc(C(=O)N2CCN(C(=O)c3ccc(-c4cccc5[nH]nc(N)c45)cc3)CC2)c1,OARPIMGPDHHINQ,0,-1,-1,O=C(c1ccccc1)N1CCN(C(=O)c2ccc(-c3cccc4[nH]ncc34)cc2)CC1,train
,COc1cccc2cc(C(=O)c3cc4ccccc4[nH]3)[nH]c12,OATAATAPIWYBRK,-1,-1,0,O=C(c1cc2ccccc2[nH]1)c1cc2ccccc2[nH]1,train
,CCNC(=O)Nc1nc2ccc(-c3ccncc3C)cc2[nH]1,OBGKKPYSHCLHAX,1,-1,-1,c1cc(-c2ccc3nc[nH]c3c2)ccn1,train
,COc1cc2ncnc(N3CC(C)N(C(=O)Nc4ccc(Oc5ccccc5)cc4)CC3C)c2cc1OC,OCDACLBUQAZWKJ,-1,-1,0,O=C(Nc1ccc(Oc2ccccc2)cc1)N1CCN(c2ncnc3ccccc23)CC1,train
,CCOC(=O)c1ccccc1-n1cnc2ccccc21,ODBNXMBOFPJZDG,-1,-1,0,c1ccc(-n2cnc3ccccc32)cc1,train
,CC(C)(C)c1ccc(Nc2cc(-c3ccc(C(=O)N4CCN(C(=O)c5ccccc5F)CC4)cc3)ncn2)cc1,ODBSVMISKHXKAC,0,-1,-1,O=C(c1ccccc1)N1CCN(C(=O)c2ccc(-c3cc(Nc4ccccc4)ncn3)cc2)CC1,train
,COc1cc2ncc(Nc3ccccc3)nc2cc1OC,ODFKDTMBDLHPKM,-1,-1,1,c1ccc(Nc2cnc3ccccc3n2)cc1,train
,CCN1CCN(Cc2ccc(NC(=O)Nc3ccc(Oc4cc(NC)ncn4)cc3)cc2C(F)(F)F)CC1,ODPGGGTTYSGTGO,1,0,1,O=C(Nc1ccc(CN2CCNCC2)cc1)Nc1ccc(Oc2ccncn2)cc1,train
,N#Cc1ccccc1-n1cnc2ccccc21,OENXQLAWUPRDQB,-1,-1,0,c1ccc(-n2cnc3ccccc32)cc1,train
,COc1ccc(-c2cnc3cc(OC)c(OC)cc3c2)cc1C,OFCCYIXNIASORJ,-1,-1,1,c1ccc(-c2cnc3ccccc3c2)cc1,train
,COc1ccc(Nc2cc(-c3ccc(C(=O)N4CCN(C(=O)c5cccc(F)c5)CC4)cc3)ncn2)cc1,OGEPBRZTQYGLDO,0,-1,-1,O=C(c1ccccc1)N1CCN(C(=O)c2ccc(-c3cc(Nc4ccccc4)ncn3)cc2)CC1,train
,O=C(O)c1ccc(C(=O)/C(=C\c2ccc([N+](=O)[O-])cc2F)SCc2ccc(Br)cc2)cc1,OGIASNLVIGWWNN,0,-1,-1,O=C(C(=Cc1ccccc1)SCc1ccccc1)c1ccccc1,train
,CN(C)c1cccc(C(=O)N2CCN(C(=O)c3ccc(-c4cccs4)cc3)CC2)c1,OGRGVSAACLPSGE,1,-1,-1,O=C(c1ccccc1)N1CCN(C(=O)c2ccc(-c3cccs3)cc2)CC1,train
,C=C(C)Cn1c(O)c(CO)sc1=NN=c1scc(O)n1C,OHGXQWZYWJYQPA,0,-1,-1,c1csc(=NN=c2[nH]ccs2)[nH]1,train
,C(=C/c1cnc2ccccc2c1)\c1ccccc1,OHHPAEZEBAYVPW,-1,-1,1,C(=Cc1cnc2ccccc2c1)c1ccccc1,train
,COc1ccc(-c2c[nH]c3ncc(-c4cccc(N)c4)cc23)cc1F,OHIGVAWQEDVKEJ,-1,1,-1,c1ccc(-c2cnc3[nH]cc(-c4ccccc4)c3c2)cc1,train
,Cc1ccc([N+](=O)[O-])cc1Nc1nccc(-c2cccnc2)n1,OJITWRFPRCHSMX,-1,-1,0,c1ccc(Nc2nccc(-c3cccnc3)n2)cc1,train
,Nc1n[nH]c2cccc(-c3ccc(C(=O)NCCNC(=O)c4ccccc4Br)cc3)c12,OKHCJZLKVVFPLZ,1,-1,-1,O=C(NCCNC(=O)c1ccc(-c2cccc3[nH]ncc23)cc1)c1ccccc1,train
,O=c1[nH]c2ccccc2n1-c1ccccc1,OLMPQQPQSTVRPB,-1,-1,0,O=c1[nH]c2ccccc2n1-c1ccccc1,train
,Cc1ccc(NC(=O)c2ccc(CN3CCCN(C)CC3)cc2)cc1-n1cc(-c2cccnc2)cn1,OMVOXDNRIIIPHG,1,-1,-1,O=C(Nc1cccc(-n2cc(-c3cccnc3)cn2)c1)c1ccc(CN2CCCNCC2)cc1,train
,CCNC(=O)Nc1nc2ccc(-c3ccnc(C)c3)cc2[nH]1,ONAVJMBZABWXQC,1,-1,-1,c1cc(-c2ccc3nc[nH]c3c2)ccn1,train
,CCCCC(=O)C1CCN(Cc2ccccc2)CC1,ONFRGMUPERGCQP,0,-1,-1,c1ccc(CN2CCCCC2)cc1,train
,CCc1ccccc1-c1ccc2nc(NC(=O)NCCN3CCOCC3)sc2c1,ONIXTHIEXURSCP,1,-1,-1,O=C(NCCN1CCOCC1)Nc1nc2ccc(-c3ccccc3)cc2s1,train
,c1ccc(Nc2ncnc3[nH]c4c(c23)CCCC4)cc1,ONNAZAHCACRHEO,0,-1,-1,c1ccc(Nc2ncnc3[nH]c4c(c23)CCCC4)cc1,train
,COc1cc2c(Nc3ccc(Cl)cc3Cl)c(C#N)cnc2cc1OCC1CCN(C)CC1,ONVKFNZGEFTWQD,1,-1,-1,c1ccc(Nc2ccnc3cc(OCC4CCNCC4)ccc23)cc1,train
,COc1cc(OC)c2cc(-c3ccsc3)cnc2c1,OOSYGDRIWJDGFV,-1,-1,1,c1ccc2ncc(-c3ccsc3)cc2c1,train
,O=[N+]([O-])c1cccc2c1ncn2-c1ccccc1,OOUYIJDBPFMTDV,-1,-1,0,c1ccc(-n2cnc3ccccc32)cc1,train
,Oc1ccc2c(c1)ncn2-c1ccccc1,OQAPWZCMAFFBBL,-1,-1,1,c1ccc(-n2cnc3ccccc32)cc1,train
,Fc1ccc2cc(-c3ccsc3)cnc2c1,OQYVAKAMHRACJL,-1,-1,1,c1ccc2ncc(-c3ccsc3)cc2c1,train
,CCOc1cc(OCC)cc(-c2cc3cnc(N)nc3nc2NC(=O)NC(C)(C)C)c1,ORGYAJJXKGASTK,-1,-1,0,c1ccc(-c2cnc3ncncc3c2)cc1,train
,Cc1cc(C)cc(-c2cc3cnc(N)nc3nc2NC(=O)NC(C)(C)C)c1,OSGFIMXOHVZTAR,-1,-1,0,c1ccc(-c2cnc3ncncc3c2)cc1,train
,COc1cc2ncnc(N3CCN(C(=O)Nc4ccc(Oc5ccccc5)cc4)C(C)C3)c2cc1OC,OSYWVHQKLCIONH,-1,-1,1,O=C(Nc1ccc(Oc2ccccc2)cc1)N1CCN(c2ncnc3ccccc23)CC1,train
,Nc1ccc(-c2cccc(C(=O)N[C@@H](CO)C(=O)Nc3ccc(Cl)c(C(F)(F)F)c3)c2)cn1,OTWSEFAPWAPVLZ,1,-1,-1,O=C(CNC(=O)c1cccc(-c2cccnc2)c1)Nc1ccccc1,train
,COc1cc(Cl)ccc1Nc1c(C#N)cnc2cc(OCCON3CCN(C)CC3)c(OC)cc12,OVKGBRLWNGRLPY,1,-1,-1,c1ccc(Nc2ccnc3cc(OCCON4CCNCC4)ccc23)cc1,train
,Nc1ncnc2c1c(-c1ccccc1)cn2C1CCC1,OVPLBDSXFCRGJY,1,-1,-1,c1ccc(-c2cn(C3CCC3)c3ncncc23)cc1,train
,CC[C@]12c3[nH]c4ccc(OC)cc4c3CCN1C(=O)C(CC(=O)NCC13CC4CC(CC(C4)C1)C3)C[C@@H]2C(=O)N1CCN(C(=O)C2CC2)CC1,OWDNARYFSQRKDS,0,-1,-1,O=C(CC1CC(C(=O)N2CCN(C(=O)C3CC3)CC2)C2c3[nH]c4ccccc4c3CCN2C1=O)NCC12CC3CC(CC(C3)C1)C2,train
,Cc1ccc(-n2c(SCC(=O)N3Cc4ccccc4CC3C(=O)O)nnc2-c2cccnc2)c(C)c1,OWGTZJTYOAMJGF,0,-1,-1,O=C(CSc1nnc(-c2cccnc2)n1-c1ccccc1)N1CCc2ccccc2C1,train
,CNc1ncc2cc(-c3ccsc3)c(=O)n(C)c2n1,OWXIAWYKCZYZSJ,-1,-1,0,O=c1[nH]c2ncncc2cc1-c1ccsc1,train
,O=C(c1ccc(-c2nccs2)cc1)N1CCN(C(=O)c2ccc(Cl)cc2Cl)CC1,OYPJPPZEZGMTPQ,0,-1,-1,O=C(c1ccccc1)N1CCN(C(=O)c2ccc(-c3nccs3)cc2)CC1,train
,CCNC(=O)Nc1nc2ccc(-c3c(C)cccc3C)cc2[nH]1,OYXRIUTXRHQHEA,1,-1,-1,c1ccc(-c2ccc3nc[nH]c3c2)cc1,train
,CN1CCN(CCCNc2ncc3cc(-c4c(Cl)cccc4Cl)c(NC(=O)NC(C)(C)C)nc3n2)CC1,PAZDFSJAERQBCY,-1,-1,1,c1ccc(-c2cnc3nc(NCCCN4CCNCC4)ncc3c2)cc1,train
,OC(COc1ncnc2ccccc12)CN1CCN(c2cccc(Cl)c2)CC1,PBVMZTYHLDTQAD,-1,-1,1,c1ccc(N2CCN(CCCOc3ncnc4ccccc34)CC2)cc1,train
,COc1cc2cccnc2cc1OC,PCDPMVJGEGAJBI,-1,-1,0,c1ccc2ncccc2c1,train
,C=CC(=O)N(c1cc(OC)ccc1Cl)c1c(C#N)cnc2cc(OCCCN3CCOCC3)c(OC)cc12,PCJMGIAVCFIXGB,1,-1,-1,c1ccc(Nc2ccnc3cc(OCCCN4CCOCC4)ccc23)cc1,train
,O=C(c1ccc(-c2cc(Nc3cccc(Br)c3)ncn2)cc1)N1CCN(C(=O)c2ccccc2F)CC1,PCKICKFRQSYETH,0,-1,-1,O=C(c1ccccc1)N1CCN(C(=O)c2ccc(-c3cc(Nc4ccccc4)ncn3)cc2)CC1,train
,Clc1cccc2ncn(-c3ccccc3)c12,PDSHRCZMKKCNRB,-1,-1,0,c1ccc(-n2cnc3ccccc32)cc1,train
,N#CC(=Cc1ccc2[nH]ccc2c1)C(=N)C(C#N)C#N,PEBPSCWSXYPIJD,-1,-1,0,c1ccc2[nH]ccc2c1,train
,COc1cc2ncnc(Oc3ccc(NC(=O)NC(=O)c4ccccc4C)cc3)c2cc1OC,PEPJPELNFRAZNQ,-1,1,-1,O=C(NC(=O)c1ccccc1)Nc1ccc(Oc2ncnc3ccccc23)cc1,train
,O=C(O)c1ccc(C(=O)/C(=C\c2ccc(F)c([N+](=O)[O-])c2)SCc2ccc(C(F)(F)F)cc2)cc1,PFBROONURYHZHV,1,-1,-1,O=C(C(=Cc1ccccc1)SCc1ccccc1)c1ccccc1,train
,COc1ccc(NC(=O)c2ccccc2)cc1Nc1nccc(-c2cccnc2)n1,PHEWOABTBBHDEP,-1,-1,0,O=C(Nc1cccc(Nc2nccc(-c3cccnc3)n2)c1)c1ccccc1,train
,O=C(c1ccc(-c2ccccn2)cc1)N1CCN(C(=O)c2cccc(C(F)(F)F)c2)CC1,PJAPLBVGRPXTEL,0,-1,-1,O=C(c1ccccc1)N1CCN(C(=O)c2ccc(-c3ccccn3)cc2)CC1,train
,Cc1cn(-c2cc(NC(=O)c3ccc(C)c(C#Cc4cnc(N)nc4)c3)cc(C(F)(F)F)c2)cn1,PJGIZSKNZNTQMF,1,-1,-1,O=C(Nc1cccc(-n2ccnc2)c1)c1cccc(C#Cc2cncnc2)c1,train
,CC[N+](C)(CC)CCOc1ccc(Nc2ncc3cc(-c4c(Cl)cccc4Cl)c(=O)n(C)c3n2)cc1,PKKMIHJGXZABIL,-1,-1,1,O=c1[nH]c2nc(Nc3ccccc3)ncc2cc1-c1ccccc1,train
,CC(=O)Nc1ccc(C)c(Nc2nccc(-c3cccnc3)n2)c1,PMGVYOWQUQXHSP,-1,-1,0,c1ccc(Nc2nccc(-c3cccnc3)n2)cc1,train
,CCN(CC)CCNC(=O)c1ccc(C(=O)/C(=C\c2ccc(F)c([N+](=O)[O-])c2)SCc2ccc(Br)cc2)cc1,PMXPPBGETIGOHR,1,-1,-1,O=C(C(=Cc1ccccc1)SCc1ccccc1)c1ccccc1,train
,O=C(NC1CC1)c1cncc(-c2ccc(C(=O)N[C@@H](CO)C(=O)Nc3ccc(Cl)c(C(F)(F)F)c3)cc2)c1,PNTJLHKKHNUGRG,1,-1,-1,O=C(CNC(=O)c1ccc(-c2cncc(C(=O)NC3CC3)c2)cc1)Nc1ccccc1,train
,CN(c1ccccc1)c1cc2c(cc1N(C)c1ccccc1)C(=O)NC2=O,PNXRSOJTSRJLPV,0,-1,-1,O=C1NC(=O)c2cc(Nc3ccccc3)c(Nc3ccccc3)cc21,train
,COc1cc2cc(-c3cc(OC)c(OC)c(OC)c3)cnc2cc1OC,POMSGMOMTYLNMX,-1,-1,0,c1ccc(-c2cnc3ccccc3c2)cc1,train
,CC(=O)Nc1ccc(-c2cccc(C(=O)N[C@@H](CO)C(=O)Nc3ccc(Cl)c(C(F)(F)F)c3)c2)cn1,PPPWRWPWPVDVQS,1,-1,-1,O=C(CNC(=O)c1cccc(-c2cccnc2)c1)Nc1ccccc1,train
,COc1cc2ncnc(N3CCN(C(=S)N(C)Cc4ccccc4)CC3)c2cc1OC,PPSBBJNODUNOKI,-1,-1,0,S=C(NCc1ccccc1)N1CCN(c2ncnc3ccccc23)CC1,train
,Clc1cccc(-n2cnc3ccccc32)c1,PPYWUMHDJBIKTG,-1,-1,0,c1ccc(-n2cnc3ccccc32)cc1,train
,COc1ccc2[nH]c(C(=O)c3cc4ccccc4s3)cc2c1,PQWWKEIRUGKODQ,-1,-1,1,O=C(c1cc2ccccc2[nH]1)c1cc2ccccc2s1,train
,O=C(Nc1ccc(Oc2ccccc2)cc1)N1CCN(c2ncnc3cc(F)c(F)cc23)CC1,PSVGRAFQKMMMBG,-1,-1,1,O=C(Nc1ccc(Oc2ccccc2)cc1)N1CCN(c2ncnc3ccccc23)CC1,train
,O=C(O)c1ccc2c(N3CCN(C(=O)Nc4ccc(Oc5ccccc5)cc4)CC3)ncnc2c1,PTOGCMYUHSNVPZ,-1,-1,0,O=C(Nc1ccc(Oc2ccccc2)cc1)N1CCN(c2ncnc3ccccc23)CC1,train
,Nc1ncnc2c1c(-c1ccccc1)cn2C1CC(O)C1,PTOVCSIEMQUGPX,1,-1,-1,c1ccc(-c2cn(C3CCC3)c3ncncc23)cc1,train
,COc1cc(OC)cc(-c2cc3cnc(NC(=O)C(F)(F)F)cc3nc2N)c1,PUAOWHQXLKSRPD,-1,-1,0,c1ccc(-c2cnc3ccncc3c2)cc1,train
,COc1cc2ncnc(N3CCN(C(=NC#N)NCc4ccc(C)cc4)CC3)c2cc1OC,PUMMUEPZMBVCKU,-1,-1,1,N=C(NCc1ccccc1)N1CCN(c2ncnc3ccccc23)CC1,train
,Cc1ccc(NC(=O)c2cccc(C(F)(F)F)c2)cc1-c1ccc2nc(Nc3ccc(OCCN)cc3)ncc2c1,PVCFUSCWDDWVIQ,1,-1,-1,O=C(Nc1cccc(-c2ccc3nc(Nc4ccccc4)ncc3c2)c1)c1ccccc1,train
,COc1ccc2ncc(Nc3ccccc3)nc2c1,PVGFBLHZPWPMFD,-1,-1,1,c1ccc(Nc2cnc3ccccc3n2)cc1,train
,CCN(CC)CCOc1ccc(C)c(-c2cc3cnc(N)nc3nc2NC(=O)NC(C)(C)C)c1C,PWESNWJNRDIXTH,-1,-1,0,c1ccc(-c2cnc3ncncc3c2)cc1,train
,Oc1cc2cc(-c3ccncc3)cnc2cc1O,PWPSIWFFYVGDHO,-1,-1,0,c1ccc2ncc(-c3ccncc3)cc2c1,train
,Nc1ncnc2c1c(-c1ccc(O)cc1)cn2C1CCCC1,PXGNDOOTUBVRMA,1,-1,-1,c1ccc(-c2cn(C3CCCC3)c3ncncc23)cc1,train
,COc1cccc(-c2c[nH]c3ncc(-c4cccc(N)c4)cc23)c1,PYUIJQRORQYORQ,-1,1,-1,c1ccc(-c2cnc3[nH]cc(-c4ccccc4)c3c2)cc1,train
,COC(=O)c1cccc2ncn(-c3ccccc3)c12,PYWIUZANPKGSGR,-1,-1,0,c1ccc(-n2cnc3ccccc32)cc1,train
,COc1ccc(-c2c[nH]c3ncc(-c4ccc(F)cc4)cc23)cc1OC,PYWZFZGKMVUVJC,-1,1,-1,c1ccc(-c2cnc3[nH]cc(-c4ccccc4)c3c2)cc1,train
,CCOc1cc(N2CCC(O)CC2)ccc1Nc1ncc2c(n1)N(C)c1ccccc1C(=O)N2C,QAPAJIZPZGWAND,0,-1,-1,O=C1Nc2cnc(Nc3ccc(N4CCCCC4)cc3)nc2Nc2ccccc21,train
,O=C(c1ccc(-c2cc(Nc3cccc(Cl)c3)ncn2)cc1)N1CCN(C(=O)c2ccccc2F)CC1,QASMTSUMUNSYSZ,0,-1,-1,O=C(c1ccccc1)N1CCN(C(=O)c2ccc(-c3cc(Nc4ccccc4)ncn3)cc2)CC1,train
,Cc1ccc(-n2cnc3ccccc32)cc1,QAUXXFCYXISFRJ,-1,-1,0,c1ccc(-n2cnc3ccccc32)cc1,train
,CNC(=O)Nc1nc2cc(N)ncc2cc1-c1cc(OC)cc(OC)c1,QBBDXJPRXHFUCL,-1,-1,0,c1ccc(-c2cnc3ccncc3c2)cc1,train
,CN(C)CCOc1ccc(Nc2ncc3cc(-c4c(Cl)cccc4Cl)c(=O)n(C)c3n2)cc1,QBHJVCQCWMYGAJ,-1,-1,1,O=c1[nH]c2nc(Nc3ccccc3)ncc2cc1-c1ccccc1,train
,COc1cccc(C(=O)N2CCN(C(=O)c3ccc(-c4cccc5[nH]nc(N)c45)cc3)CC2)c1,QBKQOZLUYDVLES,0,-1,-1,O=C(c1ccccc1)N1CCN(C(=O)c2ccc(-c3cccc4[nH]ncc34)cc2)CC1,train
,CN1CCN(CCCCNc2ncc3cc(-c4c(Cl)cccc4Cl)c(=O)n(C)c3n2)CC1,QCDZPARUOUZGLL,-1,-1,1,O=c1[nH]c2nc(NCCCCN3CCNCC3)ncc2cc1-c1ccccc1,train
,C=C(C)Cn1c(O)c(O)sc1=NN=c1scc(O)n1C,QCYDMMYMXPOEPI,0,-1,-1,c1csc(=NN=c2[nH]ccs2)[nH]1,train
,Nc1ccc2ncn(-c3ccccc3)c2c1,QDAPSNHOGORDJA,-1,-1,0,c1ccc(-n2cnc3ccccc32)cc1,train
,Nc1ncnc2c1c(-c1ccccc1)cn2-c1ccc(CO)cc1,QEKCMFKWDZHOOD,1,-1,-1,c1ccc(-c2cn(-c3ccccc3)c3ncncc23)cc1,train
,CN1CCN(CCCNc2ncc3cc(-c4c(Cl)cccc4Cl)c(NC(=O)Nc4ccccc4)nc3n2)CC1,QEXJMEVOCZLJQX,-1,-1,1,O=C(Nc1ccccc1)Nc1nc2nc(NCCCN3CCNCC3)ncc2cc1-c1ccccc1,train
,Cc1ccc(N)cc1Nc1nccc(-c2cccnc2)n1,QGAIPGVQJVGBIA,-1,-1,0,c1ccc(Nc2nccc(-c3cccnc3)n2)cc1,train
,COc1cc2ncnc(N3CCN(C(=NC#N)NCc4cccc(Cl)c4)CC3)c2cc1OC,QGAVMOVWHHZUBR,-1,-1,0,N=C(NCc1ccccc1)N1CCN(c2ncnc3ccccc23)CC1,train
,COc1ccc(/C=C/c2cnc3cc(OC)c(OC)cc3c2)cc1,QGIQAOODDVIYMZ,-1,-1,1,C(=Cc1cnc2ccccc2c1)c1ccccc1,train
,COc1cccc(-c2cn(-c3ccc(CNCCO)cc3)c3ncnc(N)c23)c1,QGPSFIYTQAONCS,1,-1,-1,c1ccc(-c2cn(-c3ccccc3)c3ncncc23)cc1,train
,O=C1N(c2cccc(Cl)c2)C(c2ccccc2)N2CCCN12,QJOAGIGJWYFXBX,0,-1,-1,O=C1N(c2ccccc2)C(c2ccccc2)N2CCCN12,train
,Cc1cccc2c1ncn2-c1ccccc1,QLGIEZNRHCJAAQ,-1,-1,0,c1ccc(-n2cnc3ccccc32)cc1,train
,OCCCCOc1ccc2c(c1)ncn2-c1ccccc1,QLIKXIFXWPYGPR,-1,-1,1,c1ccc(-n2cnc3ccccc32)cc1,train
,COc1ccc(Nc2cc(-c3ccc(C(=O)N4CCN(C(=O)c5ccc(F)c(F)c5)CC4)cc3)ncn2)cc1,QLTAMRDHDUIPIY,0,-1,-1,O=C(c1ccccc1)N1CCN(C(=O)c2ccc(-c3cc(Nc4ccccc4)ncn3)cc2)CC1,train
,CCOc1cc(/C=C/c2cc(OC)cc(OC)c2)ccc1O,QLVFTUVYNJDWKN,0,-1,-1,C(=Cc1ccccc1)c1ccccc1,train
,CN(C)c1cccc(C(=O)N2CCN(C(=O)c3ccc(-c4cccnc4)cc3)CC2)c1,QLYLXLMGINIGNP,0,-1,-1,O=C(c1ccccc1)N1CCN(C(=O)c2ccc(-c3cccnc3)cc2)CC1,train
,COc1cc(OC)cc(-c2cc3cnc(NCCCN4CCOCC4)cc3nc2NC(=O)NC(C)(C)C)c1,QNIMLRHYPMIYSE,-1,-1,0,c1ccc(-c2cnc3cc(NCCCN4CCOCC4)ncc3c2)cc1,train
,COc1ccccc1CN1C[C@@H]2C[C@@H](c3ccc4nsnc4c3)N3CCC[C@@]23C1=O,QODSDBAVKXRHFB,0,-1,-1,O=C1N(Cc2ccccc2)CC2CC(c3ccc4nsnc4c3)N3CCCC123,train
,COc1ccc(C(=O)Nc2ccc(C)c(-n3cc(-c4cccnc4)cn3)c2)cc1,QOHRZEWGDUREJV,1,-1,-1,O=C(Nc1cccc(-n2cc(-c3cccnc3)cn2)c1)c1ccccc1,train
,Cc1[nH]c(=O)[nH]c1C(=O)CCCCC(=O)O,QOKBZTDZIZMTMS,1,-1,-1,O=c1[nH]cc[nH]1,train
,CCCCNc1ncc2cc(-c3c(Cl)cccc3Cl)c(=O)n(C)c2n1,QOSLUZXSYUGPOU,-1,-1,0,O=c1[nH]c2ncncc2cc1-c1ccccc1,train
,COc1ccc(C(=O)Nc2ccc(OCCN3CCOCC3)cc2)cc1Nc1nccc(-c2cccnc2)n1,QOSZUVFISSPGCO,1,-1,-1,O=C(Nc1ccc(OCCN2CCOCC2)cc1)c1cccc(Nc2nccc(-c3cccnc3)n2)c1,train
,c1ccc(-n2cnc3cc(OCCCN4CCOCC4)ccc32)cc1,QPLWWFCARNPZGZ,-1,-1,1,c1ccc(-n2cnc3cc(OCCCN4CCOCC4)ccc32)cc1,train
,COc1cccc(C(=O)N2CCN(C(=O)c3ccc(-c4cccnc4)cc3)CC2)c1,QPTHLYOBUWMTIW,0,-1,-1,O=C(c1ccccc1)N1CCN(C(=O)c2ccc(-c3cccnc3)cc2)CC1,train
,COc1ccc(-c2c[nH]c3ncc(-c4ccncc4)cc23)cc1OC,QQMMVSMHOCXJQZ,-1,1,-1,c1ccc(-c2c[nH]c3ncc(-c4ccncc4)cc23)cc1,train
,Oc1cc2cc(-c3cccnc3)cnc2cc1O,QQQXEUOUDIWAIJ,-1,-1,0,c1cncc(-c2cnc3ccccc3c2)c1,train
,O=S(=O)(Nc1cc2nc3ccccc3nc2n1Cc1ccccc1)c1ccc(Cl)cc1,QRNHZTGFJGPYFW,0,-1,-1,O=S(=O)(Nc1cc2nc3ccccc3nc2n1Cc1ccccc1)c1ccccc1,train
,O=C(Nc1ccc(Oc2ccccc2)cc1)N1CCN(c2ncnc3ccc(F)cc23)CC1,QSDJSMXNMTWOCH,-1,-1,1,O=C(Nc1ccc(Oc2ccccc2)cc1)N1CCN(c2ncnc3ccccc23)CC1,train
,O=C(O)c1ccc(C(=O)/C(=C\c2ccc(F)c([N+](=O)[O-])c2)S(=O)(=O)Cc2ccc(Br)cc2)cc1,QTDLFLICKNSYJL,0,-1,-1,O=C(C(=Cc1ccccc1)S(=O)(=O)Cc1ccccc1)c1ccccc1,train
,COc1ccc2[nH]c(C(=O)c3cc4ccccc4[nH]3)cc2c1,QTIQVLAVCXXZPS,-1,-1,1,O=C(c1cc2ccccc2[nH]1)c1cc2ccccc2[nH]1,train
,CC(=O)c1ccc(-n2cnc3ccccc32)cc1,QUJQOWRVTLABIP,-1,-1,0,c1ccc(-n2cnc3ccccc32)cc1,train
,Cc1ccc(-c2c[nH]c3ncc(-c4cccc(N)c4)cc23)cc1,QVAXGFHFMYGFJO,-1,0,-1,c1ccc(-c2cnc3[nH]cc(-c4ccccc4)c3c2)cc1,train
,CCN(CCO)CCCOc1ccc2c(Nc3cc(CC(=O)Nc4cccc(F)c4)n[nH]3)ncnc2c1,QYZOGCMHVIGURT,-1,0,1,O=C(Cc1cc(Nc2ncnc3ccccc23)[nH]n1)Nc1ccccc1,train
,CN1CCN(Cc2ccc(NC(=O)c3cccc(-n4cc(-c5cnc6[nH]ncc6c5)nn4)c3)cc2C(F)(F)F)CC1,QZGWWTNGPOKJGC,1,-1,-1,O=C(Nc1ccc(CN2CCNCC2)cc1)c1cccc(-n2cc(-c3cnc4[nH]ncc4c3)nn2)c1,train
,CCn1c(=O)c(-c2c(Cl)cccc2Cl)cc2cnc(N)nc21,RARNNEKMSBLJMX,-1,-1,1,O=c1[nH]c2ncncc2cc1-c1ccccc1,train
,O=Cc1ccc(-n2cnc3ccccc32)cc1,RAYKWSXEKZURTM,-1,-1,0,c1ccc(-n2cnc3ccccc32)cc1,train
,Cn1c(=O)c(-c2c(Cl)cccc2Cl)cc2cnc(Nc3cccc(C(=O)O)c3)nc21,RBURTLAMOSHNGX,-1,-1,1,O=c1[nH]c2nc(Nc3ccccc3)ncc2cc1-c1ccccc1,train
,COC(=O)c1ccc(C(=O)/C(=C\c2ccc(F)c([N+](=O)[O-])c2)SCc2ccc(Br)cc2)cc1,RBVZQGGIPAKNKY,1,-1,-1,O=C(C(=Cc1ccccc1)SCc1ccccc1)c1ccccc1,train
,Cn1c(=O)c(-c2ccsc2)cc2cnc(N)nc21,RDZPPJCRWXTEBQ,-1,-1,0,O=c1[nH]c2ncncc2cc1-c1ccsc1,train
,CC(C)NC(=Nc1nc2nc(NCCCN3CCN(C)CC3)ncc2cc1-c1c(Cl)cccc1Cl)NC(C)C,REFGSJLMEHGIDI,-1,-1,0,c1ccc(-c2cnc3nc(NCCCN4CCNCC4)ncc3c2)cc1,train
,COc1cc2cc(-c3ccc(F)c(F)c3)cnc2cc1OC,RETQZWLIOAJIRM,-1,-1,1,c1ccc(-c2cnc3ccccc3c2)cc1,train
,Nc1cc2nc(N)c(-c3c(Cl)cccc3Cl)cc2cn1,RFCMDTOLDNJWEN,-1,-1,0,c1ccc(-c2cnc3ccncc3c2)cc1,train
,COc1cc2c(ccc3cc(OC)c(OC)c(O)c32)cc1O,RFECGRRPIZBKMD,0,-1,-1,c1ccc2c(c1)ccc1ccccc12,train
,Cc1[nH]c2ncnc(Nc3cccc(Cl)c3)c2c1-c1ccccc1,RFZCRPOSLBJMCF,0,-1,-1,c1ccc(Nc2ncnc3[nH]cc(-c4ccccc4)c23)cc1,train
,CN(C)CCCCOc1ccc2c(c1)ncn2-c1ccccc1,RGNZNEYNFBAXTE,-1,-1,1,c1ccc(-n2cnc3ccccc32)cc1,train
,C=C(C)Cn1c(O)c(CN(C)C)sc1=NN=c1scc(O)n1C,RHAPCRNMYBVFGA,0,-1,-1,c1csc(=NN=c2[nH]ccs2)[nH]1,train
,CC(C)(C)[C@H](NC(=O)c1ccc(-c2cncc(C(=O)NC3CC3)c2)cc1)C(=O)Nc1ccc(Cl)c(C(F)(F)F)c1,RHSREQPIGPWANO,1,-1,-1,O=C(CNC(=O)c1ccc(-c2cncc(C(=O)NC3CC3)c2)cc1)Nc1ccccc1,train
,COC(=O)c1ccc2ncn(-c3ccccc3)c2c1,RIIGOZIXLFQUIQ,-1,-1,0,c1ccc(-n2cnc3ccccc32)cc1,train
,COc1cc2ncn(-c3ccccc3)c2cc1C=O,RIWYYSANHUHQRG,-1,-1,1,c1ccc(-n2cnc3ccccc32)cc1,train
,O=C(O)c1ccc(C(=O)/C(=C\c2ccc(F)c([N+](=O)[O-])c2)SCc2ccccc2Cl)cc1,RJLHULXOUISPSV,0,-1,-1,O=C(C(=Cc1ccccc1)SCc1ccccc1)c1ccccc1,train
,COc1ccc(CC(CO)n2cc(-c3cccc(O)c3)c3c(N)ncnc32)cc1,RLICCWOKSVSSOF,1,-1,-1,c1ccc(CCn2cc(-c3ccccc3)c3cncnc32)cc1,train
,COc1cc2ncnc(N3CCN(C(C[N+](=O)[O-])=NCc4ccc5c(c4)OCO5)CC3)c2cc1OC,RMTNPHLYGYWKNM,-1,-1,0,C(=NCc1ccc2c(c1)OCO2)N1CCN(c2ncnc3ccccc23)CC1,train
,COc1cc2ncnc(Nc3cc(OC)c(OC)c(OC)c3)c2cc1OC,RNCVPFCGSMNPPO,-1,-1,0,c1ccc(Nc2ncnc3ccccc23)cc1,train
,O=C1NC(=O)c2cc(Nc3ccc(F)cc3)c(Nc3ccc(F)cc3)cc21,RONQPWQYDRPRGG,0,-1,-1,O=C1NC(=O)c2cc(Nc3ccccc3)c(Nc3ccccc3)cc21,train
,Cc1ccc(-c2ccnc(Nc3cccc(OC(F)(F)C(F)F)c3)n2)cc1,RPTIUJVOFRGPJU,0,-1,-1,c1ccc(Nc2nccc(-c3ccccc3)n2)cc1,train
,CCOC(=O)c1ccc(NC(=O)COc2ccccc2CNCCc2ccccc2)cc1,RQONWOGMNJSSPE,0,-1,-1,O=C(COc1ccccc1CNCCc1ccccc1)Nc1ccccc1,train
,Cc1cccc(-n2cnc3ccccc32)c1,RRLPVSYEGFKJMO,-1,-1,0,c1ccc(-n2cnc3ccccc32)cc1,train
,CC(=O)C1=C(C)OC2(O)c3ccccc3C(=O)C12O,RSHLNQWVQAWODW,0,-1,-1,O=C1c2ccccc2C2OC=CC12,train
,COc1ccc2cc(C(=O)c3cc4ccccc4[nH]3)[nH]c2c1,RSMLCEQJLGXMPQ,-1,-1,1,O=C(c1cc2ccccc2[nH]1)c1cc2ccccc2[nH]1,train
,O=C(Nc1ccc(O)cc1C(=O)O)c1cccc(Br)c1,RTWXTCVRZFFJIJ,0,-1,-1,O=C(Nc1ccccc1)c1ccccc1,train
,CCNC(=O)Nc1nc2ccc(C(=O)Nc3ccncc3)cc2[nH]1,RWDWSDNQLQMIMI,0,-1,-1,O=C(Nc1ccncc1)c1ccc2nc[nH]c2c1,train
,COc1ccccc1N(C(=O)c1snc(C(N)=O)c1N)C(C(=O)NCc1ccccc1)c1ccc(O)cc1,RWGNDQGHWMJMET,0,-1,-1,O=C(NCc1ccccc1)C(c1ccccc1)N(C(=O)c1ccns1)c1ccccc1,train
,COc1ccc2c(N3CCN(C(=O)Nc4ccc(Oc5ccccc5)cc4)CC3)ncnc2c1,RWLASTUQSDYAKT,-1,-1,1,O=C(Nc1ccc(Oc2ccccc2)cc1)N1CCN(c2ncnc3ccccc23)CC1,train
,COc1ccc(-c2cnc3[nH]cc(-c4ccc(OC)c(OC)c4)c3c2)c(OC)c1,RYIPFFFNGKQOMG,-1,1,-1,c1ccc(-c2cnc3[nH]cc(-c4ccccc4)c3c2)cc1,train
,OC(COc1ncnc2ccccc12)CN1CCN(c2cccc(Cl)c2Cl)CC1,RYKBULXCTATJCV,-1,-1,1,c1ccc(N2CCN(CCCOc3ncnc4ccccc34)CC2)cc1,train
,COc1cc2ncnc(N3CCN(C(=O)Nc4ccsc4)CC3)c2cc1OC,SACBQFMSEKIABM,-1,1,1,O=C(Nc1ccsc1)N1CCN(c2ncnc3ccccc23)CC1,train
,C=CC(=O)N(c1cc(OC)ccc1Cl)c1c(C#N)cnc2cc(OCCCN3CCCCC3)c(OC)cc12,SAKJLYBYFKHAMD,1,-1,-1,c1ccc(Nc2ccnc3cc(OCCCN4CCCCC4)ccc23)cc1,train
,N#C/C(=C\c1c[nH]c2ccccc12)C(=O)c1ccccc1,SBVGJXFYLSNMAI,-1,-1,0,O=C(C=Cc1c[nH]c2ccccc12)c1ccccc1,train
,COc1ccc(CNC(=S)N2CCN(c3ncnc4cc(OC)c(OC)cc34)CC2)cc1,SCGYVNOQVNQTNY,-1,-1,1,S=C(NCc1ccccc1)N1CCN(c2ncnc3ccccc23)CC1,train
,O=C(Oc1ccc2[nH]c(C(=O)c3cc4ccccc4[nH]3)cc2c1)c1cccc(Oc2ccccc2)c1,SESFCAKZYAECOF,-1,-1,0,O=C(Oc1ccc2[nH]c(C(=O)c3cc4ccccc4[nH]3)cc2c1)c1cccc(Oc2ccccc2)c1,train
,CCN(CC)C(=O)Nc1nc2nc(NCCCN3CCN(C)CC3)ncc2cc1-c1c(Cl)cccc1Cl,SFCDDCGMFLBTSE,-1,-1,0,c1ccc(-c2cnc3nc(NCCCN4CCNCC4)ncc3c2)cc1,train
,Nc1ncnc2c1c(-c1ccccc1)cn2C1CCCC1,SFSJABJVSLHBAD,1,-1,-1,c1ccc(-c2cn(C3CCCC3)c3ncncc23)cc1,train
,CCNC(=O)Nc1nc2cc(N)ncc2cc1-c1c(Cl)cccc1Cl,SHMZPLWJQVFWLG,-1,-1,0,c1ccc(-c2cnc3ccncc3c2)cc1,train
,COc1ccc(Nc2cc(-c3ccc(C(=O)N4CCN(C(=O)c5cccc(C)c5)CC4)cc3)ncn2)cc1,SHQILYVACVNSGV,0,-1,-1,O=C(c1ccccc1)N1CCN(C(=O)c2ccc(-c3cc(Nc4ccccc4)ncn3)cc2)CC1,train
,COc1cc2ncnc(N3CCN(C(=NC#N)NCc4ccc(Cl)cc4)CC3)c2cc1OC,SHSIPFRSMGKGSV,-1,-1,1,N=C(NCc1ccccc1)N1CCN(c2ncnc3ccccc23)CC1,train
,CN(C)c1cccc(C(=O)N2CCN(C(=O)c3ccc(-c4ccccn4)cc3)CC2)c1,SIEDNESTWKNLEJ,0,-1,-1,O=C(c1ccccc1)N1CCN(C(=O)c2ccc(-c3ccccn3)cc2)CC1,train
,O=C(Nc1cccc(Nc2nccc(-c3cccnc3)n2)c1)c1ccccc1S,SIEOYRNUJRGYMT,1,-1,-1,O=C(Nc1cccc(Nc2nccc(-c3cccnc3)n2)c1)c1ccccc1,train
,Cn1c(=O)c(-c2c(Cl)cccc2Cl)cc2cnc(Nc3cccnc3)nc21,SJHLMHPRVRNIFW,-1,-1,1,O=c1[nH]c2nc(Nc3cccnc3)ncc2cc1-c1ccccc1,train
,Cc1cc(Nc2ncc3cc(-c4c(Cl)cccc4Cl)c(=O)n(C)c3n2)ccc1F,SLCFEJAMCRLYRG,1,-1,-1,O=c1[nH]c2nc(Nc3ccccc3)ncc2cc1-c1ccccc1,train
,Cn1ncnc2c(=O)n(C)c(=O)nc1-2,SLGRAIAQIAUZAQ,1,-1,-1,O=c1nc2[nH]ncnc-2c(=O)[nH]1,train
,Cc1ccnc(-c2ccc(C(=O)N3CCN(C(=O)c4cccc(N(C)C)c4)CC3)cc2)c1,SLRKNQBIECNAAP,0,-1,-1,O=C(c1ccccc1)N1CCN(C(=O)c2ccc(-c3ccccn3)cc2)CC1,train
,O=C(Nc1ccccc1N1CCN(C(=O)c2ccc(Cl)cc2)CC1)c1cccnc1,SLTUPAPHOYOBHL,0,-1,-1,O=C(Nc1ccccc1N1CCN(C(=O)c2ccccc2)CC1)c1cccnc1,train
,COc1cc2ncnc(N3CCN(C(=O)Nc4ccccn4)CC3)c2cc1OC,SMANIZWIOJQQOQ,-1,-1,0,O=C(Nc1ccccn1)N1CCN(c2ncnc3ccccc23)CC1,train
,COc1cccc(-c2cn(C3CCC3)c3ncnc(N)c23)c1,SMFAJPHTYQUDOC,1,-1,-1,c1ccc(-c2cn(C3CCC3)c3ncncc23)cc1,train
,Oc1ccc2c(ncn2-c2ccccc2)c1O,SMKKNSYFQFENDV,-1,-1,0,c1ccc(-n2cnc3ccccc32)cc1,train
,CCN(CC)CCCNc1ncc2cc(-c3c(Cl)cccc3Cl)c(N)nc2n1,SMOWUDDAIFECTN,-1,-1,0,c1ccc(-c2cnc3ncncc3c2)cc1,train
,COc1ccc(Nc2cc3c(cc2Nc2ccc(OC)cc2)C(=O)NC3=O)cc1,SNNZHOLVTLIFSO,0,-1,-1,O=C1NC(=O)c2cc(Nc3ccccc3)c(Nc3ccccc3)cc21,train
,CC(=O)c1cccc(Nc2cc(-c3ccc(C(=O)N4CCN(C(=O)c5ccccc5F)CC4)cc3)ncn2)c1,SNVFOGVFJDTZIR,1,-1,-1,O=C(c1ccccc1)N1CCN(C(=O)c2ccc(-c3cc(Nc4ccccc4)ncn3)cc2)CC1,train
,COc1ccc(Nc2cc(-c3ccc(C(=O)N4CCN(C(=O)c5ccc(Cl)cc5Cl)CC4)cc3)ncn2)cc1,SPPCAJAZFFPUFF,0,-1,-1,O=C(c1ccccc1)N1CCN(C(=O)c2ccc(-c3cc(Nc4ccccc4)ncn3)cc2)CC1,train
,NC(=O)c1ccccc1-n1cnc2ccccc21,SPSMKSLIWNNIJD,-1,-1,0,c1ccc(-n2cnc3ccccc32)cc1,train
,COc1ccc2ncc(-c3ccsc3)cc2c1,SQHKULNLQJHPDX,-1,-1,1,c1ccc2ncc(-c3ccsc3)cc2c1,train
,CC[C@]12c3[nH]c4ccc(Cl)cc4c3CCN1C(=O)[C@@H](CC(=O)NCCCN(C)C)C[C@@H]2C(=O)N1CCN(C(=O)c2ccco2)CC1,SRBBMXZESRWFPS,0,-1,-1,O=C(c1ccco1)N1CCN(C(=O)C2CCC(=O)N3CCc4c([nH]c5ccccc45)C23)CC1,train
,COc1cc(Nc2c(C#N)cnc3cc(OC4CCN(C)CC4)c(OC)cc23)c(Cl)cc1Cl,SRTONYAWGLMSSN,1,-1,-1,c1ccc(Nc2ccnc3cc(OC4CCNCC4)ccc23)cc1,train
,CN1CCN(Cc2ccc(NC(=O)c3ccc(F)c(-n4cc(-c5cnc6[nH]ncc6c5)nn4)c3)cc2C(F)(F)F)CC1,SRUDWIBMRKZRQG,1,-1,-1,O=C(Nc1ccc(CN2CCNCC2)cc1)c1cccc(-n2cc(-c3cnc4[nH]ncc4c3)nn2)c1,train
,COc1cccc(-c2cn(C3CCN(CC(N)=O)C3)c3ncnc(N)c23)c1,SRVDBASMNUCPHD,1,-1,-1,c1ccc(-c2cn(C3CCNC3)c3ncncc23)cc1,train
,O=C(O)c1ccccc1-n1cnc2ccccc21,SSXQFHWSILYDFN,-1,-1,0,c1ccc(-n2cnc3ccccc32)cc1,train
,Cc1c(C)c(C)c(-c2cc3cnc(N)nc3nc2NC(=O)NC(C)(C)C)c(C)c1C,STELUSFALOLRBI,-1,-1,0,c1ccc(-c2cnc3ncncc3c2)cc1,train
,O=C(CC1SCCNC1=O)Nc1cc(Cl)cc(Cl)c1,STOJKQCUBMGMLA,0,-1,-1,O=C(CC1SCCNC1=O)Nc1ccccc1,train
,CCN1CCN(Cc2ccc(C(=O)Nc3ccc(C)c(-n4cc(-c5cccnc5)cn4)c3)cc2)CC1,SUNRRXUOOBKXTB,1,-1,-1,O=C(Nc1cccc(-n2cc(-c3cccnc3)cn2)c1)c1ccc(CN2CCNCC2)cc1,train
,Clc1cccc(Nc2ncnc3[nH]c4c(c23)CCCC4)c1,SVXFOLMQBCUDSL,0,-1,-1,c1ccc(Nc2ncnc3[nH]c4c(c23)CCCC4)cc1,train
,COc1cc2ncnc(N3CCN(C(=S)NCc4cccc(Cl)c4)CC3)c2cc1OC,SWBJOEDJKOOLRI,-1,-1,1,S=C(NCc1ccccc1)N1CCN(c2ncnc3ccccc23)CC1,train
,COc1cc(Nc2c(C#N)cnc3cc(OCCCN4CCCCC4)c(OC)cc23)c(Cl)cc1Cl,SWPUVWWNIQGBGY,1,-1,-1,c1ccc(Nc2ccnc3cc(OCCCN4CCCCC4)ccc23)cc1,train
,C=CC(=O)N(c1ccc(Br)cc1Br)c1c(C#N)cnc2cc(OC)c(OC)cc12,SWUQIMUXMMIVNO,0,-1,-1,c1ccc(Nc2ccnc3ccccc23)cc1,train
,CC(C)c1cccc(Nc2cc(-c3ccc(C(=O)N4CCN(C(=O)c5ccccc5F)CC4)cc3)ncn2)c1,SXQUWMSZNZIXNB,0,-1,-1,O=C(c1ccccc1)N1CCN(C(=O)c2ccc(-c3cc(Nc4ccccc4)ncn3)cc2)CC1,train
,O=[N+]([O-])c1ccc2ncn(-c3ccccc3)c2c1,SZILZCFXXPCKCB,-1,-1,0,c1ccc(-n2cnc3ccccc32)cc1,train
,N#C/C(=C\c1c[nH]c2ccccc12)C(=O)c1ccc(O)c(O)c1,TTZDOBVWBQXGDC,-1,-1,1,O=C(C=Cc1c[nH]c2ccccc12)c1ccccc1,train
,O=C(O)c1ccc(C(=O)/C(=C\c2ccc(F)c([N+](=O)[O-])c2)Sc2ccc(Br)cc2)cc1,TUEHKCPVDTZTQU,0,-1,-1,O=C(C(=Cc1ccccc1)Sc1ccccc1)c1ccccc1,train
,Oc1cccc2ncn(-c3ccccc3)c12,TUOGHCCYCCTPLE,-1,-1,0,c1ccc(-n2cnc3ccccc32)cc1,train
,COc1cccc(-c2cn(C3CCN(CC(=O)N(C)C)CC3)c3ncnc(N)c23)c1,TUXRFGDOGJUGFD,1,-1,-1,c1ccc(-c2cn(C3CCNCC3)c3ncncc23)cc1,train
,CN(C)CCCOc1ccc2c(c1)ncn2-c1ccccc1,TVCMMAFYYAKVLR,-1,-1,1,c1ccc(-n2cnc3ccccc32)cc1,train
,COc1ccc2ncc(-c3ccncc3)c(C)c2c1,TVSJBGWRKQNXBN,-1,-1,0,c1ccc2ncc(-c3ccncc3)cc2c1,train
,Cc1ccc(NC(=O)c2ccc(CN3CCN(C)CC3)cc2)cc1-n1cc(-c2cccnc2)cn1,TWCOARREJINKIL,1,-1,-1,O=C(Nc1cccc(-n2cc(-c3cccnc3)cn2)c1)c1ccc(CN2CCNCC2)cc1,train
,Cc1ccc(NC(=O)c2ccc(CN3CCN(C)CC3)c(I)c2)cc1Nc1nccc(-c2cccnc2)n1,TWGQYAXRDILACQ,1,-1,-1,O=C(Nc1cccc(Nc2nccc(-c3cccnc3)n2)c1)c1ccc(CN2CCNCC2)cc1,train
,COc1ccc(-c2c[nH]c3ncc(-c4cccc(F)c4)cc23)cc1OC,TWIUOKJXDVSQGB,-1,1,-1,c1ccc(-c2cnc3[nH]cc(-c4ccccc4)c3c2)cc1,train
,O=C(c1ccc(-c2cc(Nc3cccc(C(F)(F)F)c3)ncn2)cc1)N1CCN(C(=O)c2cccc(C(F)(F)F)c2)CC1,TWPHWLKUNGVMCP,1,-1,-1,O=C(c1ccccc1)N1CCN(C(=O)c2ccc(-c3cc(Nc4ccccc4)ncn3)cc2)CC1,train
,Cc1ccc(NC(=O)CCCCCC2NC(=O)NC2C)cc1,TWUHJIAGJSKONL,1,-1,-1,O=C(CCCCCC1CNC(=O)N1)Nc1ccccc1,train
,COc1cccc(-c2cn(C3CC(CNCCO)C3)c3ncnc(N)c23)c1,TWUSYQHQSFRUMW,1,-1,-1,c1ccc(-c2cn(C3CCC3)c3ncncc23)cc1,train
,COc1cc(Nc2c(C#N)cnc3cc(OCC4CCN(C)CC4)c(OC)cc23)c(Cl)cc1Cl,TXAYKQMEBQBGLR,1,-1,-1,c1ccc(Nc2ccnc3cc(OCC4CCNCC4)ccc23)cc1,train
,CCC(=O)Oc1ccc2[nH]c(C(=O)c3cc4ccccc4[nH]3)cc2c1,TXEUAFAZJLMKDQ,-1,-1,1,O=C(c1cc2ccccc2[nH]1)c1cc2ccccc2[nH]1,train
,CCN(CC)CCOc1cccc(Nc2ncc3cc(-c4c(Cl)cccc4Cl)c(=O)n(C)c3n2)c1,TXIHQMLNWLFVHM,-1,-1,1,O=c1[nH]c2nc(Nc3ccccc3)ncc2cc1-c1ccccc1,train
,O=C1NC(=O)c2cc(Nc3ccc(O)cc3)c(Nc3ccc(O)cc3)cc21,TYLKNORJFZPIPX,0,-1,-1,O=C1NC(=O)c2cc(Nc3ccccc3)c(Nc3ccccc3)cc21,train
,C=C(C)Cn1c(O)c(C)sc1=NN=c1scc(O)n1C,TZWYPINHXVSJSP,0,-1,-1,c1csc(=NN=c2[nH]ccs2)[nH]1,train
,COc1ccc(-c2c[nH]c3ncc(-c4cc(OC)c(OC)c(OC)c4)cc23)cc1OC,UAMVJTLZDLVONQ,-1,1,-1,c1ccc(-c2cnc3[nH]cc(-c4ccccc4)c3c2)cc1,train
,COc1cccc(C(=O)N2CCN(C(=O)c3ccc(-c4cccs4)cc3)CC2)c1,UBKUVHPSYNJMBM,0,-1,-1,O=C(c1ccccc1)N1CCN(C(=O)c2ccc(-c3cccs3)cc2)CC1,train
,OCCCNc1cncc(-c2cncc(Nc3cccc(Cl)c3)n2)c1,UCHQCSDTPQKAKL,-1,-1,1,c1ccc(Nc2cncc(-c3cccnc3)n2)cc1,train
,Cc1ccc(C(=O)Nc2cc(-c3cn(C)nn3)cc(C(F)(F)F)c2)cc1Nc1nc(-c2cccnc2)cs1,UDAPJMBKYNTXRB,1,-1,-1,O=C(Nc1cccc(-c2c[nH]nn2)c1)c1cccc(Nc2nc(-c3cccnc3)cs2)c1,train
,CN1CCN(Cc2ccc(NC(=O)c3ccc(Cl)c(-n4cc(-c5cnc6[nH]ncc6c5)nn4)c3)cc2C(F)(F)F)CC1,UDTHXJUPBYEYMC,1,-1,-1,O=C(Nc1ccc(CN2CCNCC2)cc1)c1cccc(-n2cc(-c3cnc4[nH]ncc4c3)nn2)c1,train
,O=c1[nH]cnc2c1C(c1ccccc1)c1c(nc[nH]c1=O)O2,UDZRRRRTMBRJHA,0,-1,-1,O=c1[nH]cnc2c1C(c1ccccc1)c1c(nc[nH]c1=O)O2,train
,COc1cc2cc(-c3cccc(F)c3)cnc2cc1OC,UECRIUGPTSAZMC,-1,-1,1,c1ccc(-c2cnc3ccccc3c2)cc1,train
,COCCNCCN1CCC(n2cc(-c3cccc(OC)c3)c3c(N)ncnc32)CC1,UFLGKZDFVFEGCP,1,-1,-1,c1ccc(-c2cn(C3CCNCC3)c3ncncc23)cc1,train
,CCOC(=O)C1=C(C)OC2(O)c3ccccc3C(=O)C12O,UGGKRXKFQMVAEG,0,-1,-1,O=C1c2ccccc2C2OC=CC12,train
,COc1ccc(N2CCN(CC(O)COc3ncnc4ccccc34)CC2)cc1,UGSJIBBLYLHNRN,-1,-1,1,c1ccc(N2CCN(CCCOc3ncnc4ccccc34)CC2)cc1,train
,Nc1ncnc2c1ncn2[C@@H]1O[C@H](COC(=O)c2ccc(S(=O)(=O)Oc3ccc(/C=C/[N+](=O)[O-])cc3)cc2)[C@@H](O)[C@H]1O,UHYWUEAMUOPMRO,0,-1,-1,O=C(OCC1CCC(n2cnc3cncnc32)O1)c1ccc(S(=O)(=O)Oc2ccccc2)cc1,train
,COc1ccc2ncnc(N3CCN(C(=O)Nc4ccc(Oc5ccccc5)cc4)CC3)c2c1,UIDWNLVWSCQDES,-1,-1,1,O=C(Nc1ccc(Oc2ccccc2)cc1)N1CCN(c2ncnc3ccccc23)CC1,train
,COc1ccc(Nc2cc(-c3ccc(C(=O)NCCNC(=O)c4ccccc4C)cc3)ncn2)cc1,UJEKLDNIBOTNLA,0,-1,-1,O=C(NCCNC(=O)c1ccc(-c2cc(Nc3ccccc3)ncn2)cc1)c1ccccc1,train
,Cc1c2ccc(N(C)c3ccnc(Nc4ccc(S(=O)(=O)NC(=N)N)cc4)n3)cc2nn1C,UJVYCBGEGLRLHC,1,-1,-1,c1ccc(Nc2nccc(Nc3ccc4c[nH]nc4c3)n2)cc1,train
,CCN(CC)CCNc1ncc2cc(-c3c(Cl)cccc3Cl)c(=O)n(C)c2n1,UJWFQKNVQJGDQI,-1,-1,0,O=c1[nH]c2ncncc2cc1-c1ccccc1,train
,COc1cc2cc(-c3ccc(F)cc3)cnc2cc1OC,UKJTWBAIJVXDSM,-1,-1,1,c1ccc(-c2cnc3ccccc3c2)cc1,train
,CCN(CC)CCCNc1ncc2cc(-c3c(Cl)cccc3Cl)c(NC(=O)NC(C)(C)C)nc2n1,ULIJLYCJYRQKBG,-1,-1,1,c1ccc(-c2cnc3ncncc3c2)cc1,train
,O=C(c1ccc(Br)cc1)N1CCN(C(=O)c2ccc(-c3nccs3)cc2)CC1,ULMWPPWTYJYKFS,1,-1,-1,O=C(c1ccccc1)N1CCN(C(=O)c2ccc(-c3nccs3)cc2)CC1,train
,CC(C)(C)OC(=O)NCCNC(=O)c1ccc([S+](=O)([O-])Oc2ccc(C=C[N+](=O)[O-])cc2)cc1,UMGMXMMVQFXZEO,0,-1,-1,O=[SH+](Oc1ccccc1)c1ccccc1,train
,CCN(CC)C(=O)c1cncc(-c2cccc(C(=O)N[C@@H](CO)C(=O)Nc3ccc(Cl)c(C(F)(F)F)c3)c2)c1,UMISABUUKWSDMB,1,-1,-1,O=C(CNC(=O)c1cccc(-c2cccnc2)c1)Nc1ccccc1,train
,O=Cc1ccccc1-n1cnc2ccccc21,UMJJTNDJRJKBES,-1,-1,0,c1ccc(-n2cnc3ccccc32)cc1,train
,COc1ccc(-c2cnc3cc(OC)c(OC)cc3c2)cc1,UNALZVYBWFUPTL,-1,-1,1,c1ccc(-c2cnc3ccccc3c2)cc1,train
,COc1ccc(-c2c[nH]c3ncc(-c4cncc(NS(=O)(=O)c5ccccc5)c4)cc23)cc1OC,UNMOFIMYKFXMJC,-1,1,-1,O=S(=O)(Nc1cncc(-c2cnc3[nH]cc(-c4ccccc4)c3c2)c1)c1ccccc1,train
,Cc1ccc(NC(=O)c2ccccc2)cc1Nc1nccc(-c2cccnc2)n1,UOEJSOXEHKCNAE,1,-1,1,O=C(Nc1cccc(Nc2nccc(-c3cccnc3)n2)c1)c1ccccc1,train
,COc1ccc(-c2c[nH]c3ncc(-c4cncc(N)c4)cc23)cc1OC,UOEZVMBYMMMIIY,-1,1,-1,c1ccc(-c2c[nH]c3ncc(-c4cccnc4)cc23)cc1,train
,Cc1ncn(-c2cc(NC(=O)c3ccc(C)c(-n4cc(-c5cnc6[nH]ncc6c5)nn4)c3)cc(C(F)(F)F)c2)n1,UOVRWDKWWSPLGT,1,-1,-1,O=C(Nc1cccc(-n2cncn2)c1)c1cccc(-n2cc(-c3cnc4[nH]ncc4c3)nn2)c1,train
,CCOc1ccccc1-c1ccc2nc(NC(=O)NCCN3CCOCC3)sc2c1,UQOUNTDYGDQQOK,1,-1,-1,O=C(NCCN1CCOCC1)Nc1nc2ccc(-c3ccccc3)cc2s1,train
,O=C(c1ccc(-c2cc(Nc3ccccc3Cl)ncn2)cc1)N1CCN(C(=O)c2ccccc2Cl)CC1,USMCKQQKWYXXCV,1,-1,-1,O=C(c1ccccc1)N1CCN(C(=O)c2ccc(-c3cc(Nc4ccccc4)ncn3)cc2)CC1,train
,COc1cc(OC)c2c(=O)c(-c3cccc(Cl)c3)coc2c1,USNKYQXLHXAMIJ,-1,-1,0,O=c1c(-c2ccccc2)coc2ccccc12,train
,COc1cc(/C=C/[N+](=O)[O-])ccc1OS(=O)(=O)c1ccc(C(=O)OC[C@H]2O[C@@H](n3cnc4c(N)ncnc43)[C@H](O)[C@@H]2O)cc1,UTMLAQRGHJCWRX,0,-1,-1,O=C(OCC1CCC(n2cnc3cncnc32)O1)c1ccc(S(=O)(=O)Oc2ccccc2)cc1,train
,NC(=O)CN1CCC(n2cc(-c3cccc(O)c3)c3c(N)ncnc32)C1,UUEYTEZBJWMVIQ,1,-1,-1,c1ccc(-c2cn(C3CCNC3)c3ncncc23)cc1,train
,O=C(O)c1ccc(C(=O)/C(=C\c2ccc(Br)c([N+](=O)[O-])c2)SCc2ccc(F)cc2)cc1,UUWLAQBJVJGHLZ,0,-1,-1,O=C(C(=Cc1ccccc1)SCc1ccccc1)c1ccccc1,train
,CC(C)(C(=O)NCCn1ccc2ncnc(Nc3ccc(Oc4cccc(Cl)c4)c(Cl)c3)c21)S(C)(=O)=O,UVBKNBPCVRBUTF,-1,0,0,c1ccc(Oc2ccc(Nc3ncnc4cc[nH]c34)cc2)cc1,train
,COc1cc(O)c(C(C)=O)c(CC(=O)O)c1,UYUOIPIOTPMHKV,0,-1,-1,c1ccccc1,train
,COC(=O)c1ccc2c(c1)ncn2-c1ccccc1,VATOEEFYHKVJSC,-1,-1,1,c1ccc(-n2cnc3ccccc32)cc1,train
,COc1ccc(-c2c[nH]c3ncc(-c4cc(F)cc(F)c4)cc23)cc1OC,VAZZPGDOXAXWLA,-1,1,-1,c1ccc(-c2cnc3[nH]cc(-c4ccccc4)c3c2)cc1,train
,CC(C)(C)[C@H](NC(=O)c1cccc(-c2ccc(NS(C)(=O)=O)nc2)c1)C(=O)Nc1ccc(Cl)c(C(F)(F)F)c1,VBCIEMQTDIDCRH,1,-1,-1,O=C(CNC(=O)c1cccc(-c2cccnc2)c1)Nc1ccccc1,train
,CC(C)(C)OC[C@H](NC(=O)c1cccc(-c2cncc(C(=O)NC3CC3)c2)c1)C(=O)Nc1ccc(Cl)c(C(F)(F)F)c1,VCECVKDSBZGOQR,1,-1,-1,O=C(CNC(=O)c1cccc(-c2cncc(C(=O)NC3CC3)c2)c1)Nc1ccccc1,train
,CCN(CC)CCCNc1ncc2cc(-c3c(C)cccc3C)c(NC(=O)NC(C)(C)C)nc2n1,VCNDNCLJYTUPOX,-1,-1,1,c1ccc(-c2cnc3ncncc3c2)cc1,train
,COc1cccc2c1ncn2-c1ccccc1,VCSQGPVDHUVAMD,-1,-1,0,c1ccc(-n2cnc3ccccc32)cc1,train
,COc1cc2ncc(NC3CCCCC3)nc2cc1OC,VEHQMEZRSRNAAH,-1,-1,1,c1ccc2nc(NC3CCCCC3)cnc2c1,train
,COc1cc2ncnc(N3CCN(C(=S)NCc4ccc(C(C)(C)C)cc4)CC3)c2cc1OC,VFGHBKIHJNLBHF,-1,-1,1,S=C(NCc1ccccc1)N1CCN(c2ncnc3ccccc23)CC1,train
,COc1ccc(Nc2cc(-c3ccc(C(=O)N4CCN(C(=O)c5ccccc5Cl)CC4)cc3)ncn2)cc1,VGCYDJANOQQLIY,0,-1,-1,O=C(c1ccccc1)N1CCN(C(=O)c2ccc(-c3cc(Nc4ccccc4)ncn3)cc2)CC1,train
,COc1cccc2c(N3CCN(C(=O)Nc4ccc(Oc5ccccc5)cc4)CC3)ncnc12,VHARWWYISHLWGD,-1,-1,0,O=C(Nc1ccc(Oc2ccccc2)cc1)N1CCN(c2ncnc3ccccc23)CC1,train
,Nc1ncnc2c1c(-c1ccccc1)cn2C1CCC(O)C1,VISDQUKQUGPQNV,1,-1,-1,c1ccc(-c2cn(C3CCCC3)c3ncncc23)cc1,train
,COC(=O)c1cccc(Nc2nccc(-c3cccnc3)n2)c1,VKYYLDREEKEXRF,-1,-1,0,c1ccc(Nc2nccc(-c3cccnc3)n2)cc1,train
,COc1cc(/C=C/c2ccc(O)cc2)cc(OC)c1,VLEUZFDZJKSGMX,0,-1,-1,C(=Cc1ccccc1)c1ccccc1,train
,COc1cc2cc(-c3ccc(OC)c([N+](=O)[O-])c3)cnc2cc1OC,VLGMJBKAKGJSMR,-1,-1,1,c1ccc(-c2cnc3ccccc3c2)cc1,train
,COc1cccc(-c2cn(C3CC(C(=O)NCCO)C3)c3ncnc(N)c23)c1,VNYKLXOIIZFVQW,1,-1,-1,c1ccc(-c2cn(C3CCC3)c3ncncc23)cc1,train
,CCNC(=O)Nc1nc2cc(OC)c(-c3ccccc3OC)cc2s1,VOEIBPDLKTUCNA,1,-1,-1,c1ccc(-c2ccc3ncsc3c2)cc1,train
,COc1cc(Nc2c(C#N)cnc3cc(OC)c(OC)cc23)c(Cl)cc1Cl,VPAAYYSCJUHANG,1,-1,-1,c1ccc(Nc2ccnc3ccccc23)cc1,train
,O=C(O)c1ccc(C(=O)/C(=C\c2ccc(F)c([N+](=O)[O-])c2)SCc2ccc(Br)cc2)cc1,VTLBOGLRMDPIDX,1,-1,-1,O=C(C(=Cc1ccccc1)SCc1ccccc1)c1ccccc1,train
,Cc1ccnc(-c2ccc(C(=O)N3CCN(C(=O)c4cccc(F)c4)CC3)cc2)c1,VTRLXZXATXYBRA,0,-1,-1,O=C(c1ccccc1)N1CCN(C(=O)c2ccc(-c3ccccn3)cc2)CC1,train
,CCNC(=O)Nc1nc2ccc(-c3cccc(C#N)c3)cc2[nH]1,VTXUUBIBZWIWAY,1,-1,-1,c1ccc(-c2ccc3nc[nH]c3c2)cc1,train
,COc1cc(O)c2c(=O)c(-c3cccc(Cl)c3)cn(C)c2c1,VUACFNCXZKTIEY,0,-1,0,O=c1c(-c2ccccc2)c[nH]c2ccccc12,train
,CN(C)c1cc(-c2cc3cnc(N)nc3nc2NC(=O)NC(C)(C)C)cc(N(C)C)c1,VUMSJQHDUMFUHU,-1,-1,0,c1ccc(-c2cnc3ncncc3c2)cc1,train
,Nc1ccccc1-n1cnc2ccccc21,VVRSJOPEQZUTBU,-1,-1,0,c1ccc(-n2cnc3ccccc32)cc1,train
,Cc1cn(-c2cc(NC(=O)c3ccc(C)c(C#Cc4cnc(NCCO)nc4)c3)cc(C(F)(F)F)c2)cn1,VWCSBXLDSKERLY,1,-1,-1,O=C(Nc1cccc(-n2ccnc2)c1)c1cccc(C#Cc2cncnc2)c1,train
,O=C(O)c1cccc(Nc2nccc(-c3cccnc3)n2)c1,VXHBPYDHFUNZCG,-1,-1,0,c1ccc(Nc2nccc(-c3cccnc3)n2)cc1,train
,CCN(CC)CCOc1ccc(Nc2ncc3cc(-c4c(Cl)cccc4Cl)c(=O)n(CC)c3n2)cc1,VYSNYHPSOJCNIW,-1,-1,1,O=c1[nH]c2nc(Nc3ccccc3)ncc2cc1-c1ccccc1,train
,CCOC(=O)CCCCC(=O)c1[nH]c(=O)[nH]c1CSc1nc(C)cc(=O)[nH]1,VYXKATGJKODPQR,1,-1,-1,O=c1ccnc(SCc2c[nH]c(=O)[nH]2)[nH]1,train
,COc1cc2c(Nc3cccc(OC)c3Cl)c(C#N)cnc2cc1OCCON1CCN(C)CC1,WABCXJVBWAUJSZ,1,-1,-1,c1ccc(Nc2ccnc3cc(OCCON4CCNCC4)ccc23)cc1,train
,COc1cc2ncnc(N3CCN(C(=O)NCc4ccc(Br)cc4)CC3)c2cc1OC,WBBKYPQSDZVLKT,-1,-1,1,O=C(NCc1ccccc1)N1CCN(c2ncnc3ccccc23)CC1,train
,CCCC(=O)Nc1nc2nc(NCCCN3CCN(C)CC3)ncc2cc1-c1c(Cl)cccc1Cl,WBDKIGZDBBNHLW,-1,-1,0,c1ccc(-c2cnc3nc(NCCCN4CCNCC4)ncc3c2)cc1,train
,COc1cc(OC)cc(-c2ccccc2-c2ccc(O)cc2)c1,WBVVLROKTBXXTP,0,-1,-1,c1ccc(-c2ccccc2-c2ccccc2)cc1,train
,CC1NC(=O)NC1CCCCCC(=O)Nc1ccc(F)c(Cl)c1,WBVZVKAMQLVYTF,1,-1,-1,O=C(CCCCCC1CNC(=O)N1)Nc1ccccc1,train
,OC(COc1ncnc2ccccc12)CN1CCN(c2ccccc2)CC1,WEDMVAMOHXVMLB,-1,-1,1,c1ccc(N2CCN(CCCOc3ncnc4ccccc34)CC2)cc1,train
,CCOc1ccccc1-c1ccc2nc(NC(=O)NCCO)sc2c1,WFIDVFYVUZUUSK,1,-1,-1,c1ccc(-c2ccc3ncsc3c2)cc1,train
,COc1cc(/C=C/c2cc(Cl)ccc2O)cc(OC)c1,WGJAHEFNOWPDEC,0,-1,-1,C(=Cc1ccccc1)c1ccccc1,train
,Nc1ncnc2c1c(-c1ccccc1)cn2-c1ccc(CNCCO)cc1,WGNQPAWFLWLKBL,1,-1,-1,c1ccc(-c2cn(-c3ccccc3)c3ncncc23)cc1,train
,COc1cc(-c2c[nH]c3ncc(-c4cccc(N)c4)cc23)cc(OC)c1OC,WGQXLVAAFQPTJC,-1,1,-1,c1ccc(-c2cnc3[nH]cc(-c4ccccc4)c3c2)cc1,train
,CCN(CC)C(=O)c1ccc(Nc2ncc3cc(-c4c(Cl)cccc4Cl)c(=O)n(C)c3n2)cc1,WHPSRWXDXFWLHF,-1,-1,1,O=c1[nH]c2nc(Nc3ccccc3)ncc2cc1-c1ccccc1,train
,CN1CCN(Cc2ccc(NC(=O)c3ccc(Br)c(-n4cc(-c5cnc6[nH]ncc6c5)nn4)c3)cc2C(F)(F)F)CC1,WHTDVCOWKCEOHS,1,-1,-1,O=C(Nc1ccc(CN2CCNCC2)cc1)c1cccc(-n2cc(-c3cnc4[nH]ncc4c3)nn2)c1,train
,CC(C)(C)OC[C@H](NC(=O)c1ccc(-c2cncc(C(=O)NC3CC3)c2)cc1)C(=O)Nc1ccc(Cl)c(C(F)(F)F)c1,WICVIIODKISYNM,1,-1,-1,O=C(CNC(=O)c1ccc(-c2cncc(C(=O)NC3CC3)c2)cc1)Nc1ccccc1,train
,COc1ccc(Cl)c(Nc2c(C#N)cnc3cc(OC)c(OC)cc23)c1,WIGUVQBLQNQDPX,1,-1,-1,c1ccc(Nc2ccnc3ccccc23)cc1,train
,COc1ccccc1C(=O)N1CCN(C(=O)c2ccc(-c3cccc4[nH]nc(N)c34)cc2)CC1,WIHSVHRTKIJYHV,0,-1,-1,O=C(c1ccccc1)N1CCN(C(=O)c2ccc(-c3cccc4[nH]ncc34)cc2)CC1,train
,COc1ccc2[nH]c(C(=O)c3cc4cc(OC)ccc4[nH]3)cc2c1,WIHZWODOYSOKDV,-1,-1,0,O=C(c1cc2ccccc2[nH]1)c1cc2ccccc2[nH]1,train
,Nc1ncnc2c1c(-c1cccc(O)c1)cn2C1CCN(CCO)CC1,WJSCDYSIDGEWEB,1,-1,-1,c1ccc(-c2cn(C3CCNCC3)c3ncncc23)cc1,train
,Nc1n[nH]c2cccc(-c3ccc(C(=O)N4CCN(C(=O)c5ccccc5Br)CC4)cc3)c12,WKBRCCPYCFUNGN,1,-1,-1,O=C(c1ccccc1)N1CCN(C(=O)c2ccc(-c3cccc4[nH]ncc34)cc2)CC1,train
,Cc1ccc(C(=O)Nc2ccc(CN3CC[C@@H](N(C)C)C3)c(C(F)(F)F)c2)cc1-n1cc(-c2cnc3[nH]ncc3c2)nn1,WKTHEPAGRCQCOF,1,-1,-1,O=C(Nc1ccc(CN2CCCC2)cc1)c1cccc(-n2cc(-c3cnc4[nH]ncc4c3)nn2)c1,train
,Clc1ccc2cc(-c3ccncc3)cnc2c1,WMECTFBVYBAOOF,-1,-1,1,c1ccc2ncc(-c3ccncc3)cc2c1,train
,COc1cc2cc(-c3ccc(Cl)s3)cnc2cc1OC,WOSBNMWHFVPOIW,-1,-1,1,c1csc(-c2cnc3ccccc3c2)c1,train
,COc1cc2c(Nc3ccc(Cl)c(OC)n3)c(C#N)cnc2cc1OCCON1CCN(C)CC1,WPRRWRTYBCTLEH,1,-1,-1,c1ccc(Nc2ccnc3cc(OCCON4CCNCC4)ccc23)nc1,train
,CCn1c(=O)c(-c2ccsc2)cc2cnc(Nc3ccccc3)nc21,WPUHUROYCYWEDW,-1,-1,1,O=c1[nH]c2nc(Nc3ccccc3)ncc2cc1-c1ccsc1,train
,COc1cc2ncn(-c3ccccc3)c2cc1C,WPXHLCRXNRVXOL,-1,-1,1,c1ccc(-n2cnc3ccccc32)cc1,train
,CCNC(N)=Nc1nc2nc(NCCCN(CC)CC)ncc2cc1-c1c(Cl)cccc1Cl,WQCJZQKFYNKIOG,-1,-1,0,c1ccc(-c2cnc3ncncc3c2)cc1,train
,COc1ccc(C(=O)Nc2ccc(OCCCN3CCOCC3)cc2)cc1Nc1nccc(-c2cccnc2)n1,WQERLKAGPFFGAY,1,-1,-1,O=C(Nc1ccc(OCCCN2CCOCC2)cc1)c1cccc(Nc2nccc(-c3cccnc3)n2)c1,train
,NC(=O)c1ccc2ncn(-c3ccccc3)c2c1,WQIOVRLURNCBDL,-1,-1,0,c1ccc(-n2cnc3ccccc32)cc1,train
,CCNC(=O)Nc1nc2ccc(-c3ccccc3OC(C)C)cc2[nH]1,WQTQFCFZCPXAEF,1,-1,-1,c1ccc(-c2ccc3nc[nH]c3c2)cc1,train
,CN1CCN(CCCNc2ncc3cc(-c4c(Cl)cccc4Cl)c(NC(=O)CC(C)(C)C)nc3n2)CC1,WRGKWGOMGXCNPV,-1,-1,0,c1ccc(-c2cnc3nc(NCCCN4CCNCC4)ncc3c2)cc1,train
,CCN(CC)Cc1ccc(C(=O)Nc2ccc(C)c(-n3cc(-c4cccnc4)cn3)c2)cc1,WRHJJVUSHYOUBB,1,-1,-1,O=C(Nc1cccc(-n2cc(-c3cccnc3)cn2)c1)c1ccccc1,train
,NC(=O)c1cccc2c1ncn2-c1ccccc1,WRSQPWFEWNUDQR,-1,-1,0,c1ccc(-n2cnc3ccccc32)cc1,train
,CN(C(=O)c1ccc(NC(=O)Cc2cccc(NC(=O)C3CCN(C(=O)C4CCCCC4)CC3)c2)cc1)C1CC1,WRTVFJXLFCUAEX,0,-1,-1,O=C(Cc1cccc(NC(=O)C2CCN(C(=O)C3CCCCC3)CC2)c1)Nc1ccc(C(=O)NC2CC2)cc1,train
,COc1ccc(Nc2cc(-c3ccc(C(=O)N4CCN(C(=O)c5cccc(N(C)C)c5)CC4)cc3)ncn2)cc1,WTEQAYZYWZKLKX,0,-1,-1,O=C(c1ccccc1)N1CCN(C(=O)c2ccc(-c3cc(Nc4ccccc4)ncn3)cc2)CC1,train
,O=C(c1ccc(-c2cc(Nc3cc(C(F)(F)F)cc(C(F)(F)F)c3)ncn2)cc1)N1CCN(C(=O)c2ccccc2F)CC1,WTKZJFUSCLBZBH,1,-1,-1,O=C(c1ccccc1)N1CCN(C(=O)c2ccc(-c3cc(Nc4ccccc4)ncn3)cc2)CC1,train
,COc1cccc(Nc2cc(-c3ccc(C(=O)N4CCN(C(=O)c5ccccc5F)CC4)cc3)ncn2)c1,WUHGUQVLLCVAFP,0,-1,-1,O=C(c1ccccc1)N1CCN(C(=O)c2ccc(-c3cc(Nc4ccccc4)ncn3)cc2)CC1,train
,O=C(c1ccc(-c2cc(Nc3ccccc3F)ncn2)cc1)N1CCN(C(=O)c2ccccc2F)CC1,WVFIZRNACLGJDI,1,-1,-1,O=C(c1ccccc1)N1CCN(C(=O)c2ccc(-c3cc(Nc4ccccc4)ncn3)cc2)CC1,train
,CCNC(=O)Nc1nc2ccc(C(=O)N3CCN(C)CC3)cc2[nH]1,WVIWUHLVLQIFEV,0,-1,-1,O=C(c1ccc2nc[nH]c2c1)N1CCNCC1,train
,CCOc1cc2ncc(C#N)c(Nc3ccc(F)c(Cl)c3)c2cc1NC(=O)/C=C/CN(C)C,WVUNYSQLFKLYNI,1,-1,-1,c1ccc(Nc2ccnc3ccccc23)cc1,train
,C=C(C)Cn1c(O)c(OS(=O)O)sc1=NN=c1scc(O)n1C,WXOZKXJCPMZCFA,0,-1,-1,c1csc(=NN=c2[nH]ccs2)[nH]1,train
,CCCc1ccc(CNC(=O)N2CCN(c3ncnc4cc(OC)c(OC)cc34)CC2)cc1,WXPLMRQBFSXQNM,-1,-1,1,O=C(NCc1ccccc1)N1CCN(c2ncnc3ccccc23)CC1,train
,CCNC(=O)Nc1nc2ccc(-c3ccccc3OC)cc2o1,WYBDDQURONPBMN,1,-1,-1,c1ccc(-c2ccc3ncoc3c2)cc1,train
,N#Cc1ccc(-n2cnc3ccccc32)cc1,XAQRIJONSMHWCJ,-1,-1,0,c1ccc(-n2cnc3ccccc32)cc1,train
,COc1cc2ncnc(N3CCN(C(=O)NCc4ccc(C(C)(C)C)cc4)CC3)c2cc1OC,XBRIIWVCRRXRPA,-1,-1,1,O=C(NCc1ccccc1)N1CCN(c2ncnc3ccccc23)CC1,train
,CCNC(=O)Nc1nc2ccc(-c3ccc(N)cc3OC)cc2s1,XDGXRHXJQURQOE,1,-1,-1,c1ccc(-c2ccc3ncsc3c2)cc1,train
,COc1ccccc1OCc1ccc(C(=O)N2CCN(C(=O)c3ccco3)CC2)cc1,XDJNLYKCVMQAEZ,0,-1,-1,O=C(c1ccc(COc2ccccc2)cc1)N1CCN(C(=O)c2ccco2)CC1,train
,Cc1ccc(NC(=O)c2ccc(C(F)(F)F)cc2)cc1-n1cc(-c2cccnc2)cn1,XEXBRZPNVDDJRA,1,-1,-1,O=C(Nc1cccc(-n2cc(-c3cccnc3)cn2)c1)c1ccccc1,train
,COc1cccc(CC(=O)Oc2ccc3[nH]c(C(=O)c4cc5ccccc5[nH]4)cc3c2)c1,XFHINVYFUFBZPF,-1,-1,1,O=C(Cc1ccccc1)Oc1ccc2[nH]c(C(=O)c3cc4ccccc4[nH]3)cc2c1,train
,Cn1c(=O)c(-c2c(Cl)cccc2Cl)cc2ccc(N)nc21,XGSBUYIMMOCYTB,-1,-1,0,O=c1[nH]c2ncccc2cc1-c1ccccc1,train
,CCN(CC)CCOc1ccc(Nc2ncc3cc(-c4ccccc4)c(=O)n(C)c3n2)cc1,XGUIEYMNFRMLPV,-1,-1,1,O=c1[nH]c2nc(Nc3ccccc3)ncc2cc1-c1ccccc1,train
,Cc1ccc(Nc2cc(-c3ccc(C(=O)N4CCN(C(=O)c5ccccc5F)CC4)cc3)ncn2)cc1Cl,XGXQVGNMCVNGCI,0,-1,-1,O=C(c1ccccc1)N1CCN(C(=O)c2ccc(-c3cc(Nc4ccccc4)ncn3)cc2)CC1,train
,Nc1ncnc2c1c(-c1ccccc1)cn2C(CO)Cc1ccccc1,XIBZQFWTFLOHJD,0,-1,-1,c1ccc(CCn2cc(-c3ccccc3)c3cncnc32)cc1,train
,COC(=O)c1c(C)nc(C)c2c(=O)oc3ccccc3c12,XINSWBQUEUXWDI,0,-1,-1,O=c1oc2ccccc2c2ccncc12,train
,Cc1ccc(C(=O)Nc2ccc(CN3CCN(C)CC3)c(C(F)(F)F)c2)cc1-n1cc(-c2cnc3[nH]nc(C)c3c2)nn1,XJPZWFIHWISMOH,1,-1,-1,O=C(Nc1ccc(CN2CCNCC2)cc1)c1cccc(-n2cc(-c3cnc4[nH]ncc4c3)nn2)c1,train
,COC(=O)c1ccc([S+](=O)([O-])Oc2ccc(/C=C/[N+](=O)[O-])cc2)cc1,XLJNWAWRWXOCLS,0,-1,-1,O=[SH+](Oc1ccccc1)c1ccccc1,train
,CCc1ccc(C(=O)Nc2ccc(C)c(-n3cc(-c4cccnc4)cn3)c2)cc1,XLMBXWNZLPFUQW,1,-1,-1,O=C(Nc1cccc(-n2cc(-c3cccnc3)cn2)c1)c1ccccc1,train
,Cn1c(=O)c(-c2ccsc2)cc2cnc(Nc3ccccc3)nc21,XMOUFRISTWXUBM,-1,-1,1,O=c1[nH]c2nc(Nc3ccccc3)ncc2cc1-c1ccsc1,train
,Cc1ccc(NC(=O)c2ccc(/N=N/N(C)C)cc2)cc1Nc1nccc(-c2cccnc2)n1,XMZXIXKACCBNIE,1,-1,-1,O=C(Nc1cccc(Nc2nccc(-c3cccnc3)n2)c1)c1ccccc1,train
,COC(=O)c1ccc(COC(=O)c2ccc(-n3cnnn3)cc2)o1,XNJVVZHHXRRLAT,0,-1,-1,O=C(OCc1ccco1)c1ccc(-n2cnnn2)cc1,train
,O=C(O)c1ccc([S+](=O)([O-])Oc2ccc(/C=C/[N+](=O)[O-])cc2)cc1,XNOJCVNSRCUXEF,0,-1,-1,O=[SH+](Oc1ccccc1)c1ccccc1,train
,Nc1cccc2c1ncn2-c1ccccc1,XOJLBJGBKKVOEC,-1,-1,0,c1ccc(-n2cnc3ccccc32)cc1,train
,COC(=O)c1cc(O)cc(OC)c1Oc1cc(C)cc(O)c1C(=O)O,XOKVHFNTYHPEHN,0,-1,-1,c1ccc(Oc2ccccc2)cc1,train
,COc1ccc(-c2c[nH]c3ncc(-c4ccc(C(=O)N5CCOCC5)c(N)c4)cc23)cc1OC,XOTKVBFYCMTEEK,-1,1,-1,O=C(c1ccc(-c2cnc3[nH]cc(-c4ccccc4)c3c2)cc1)N1CCOCC1,train
,Clc1cccc(Nc2ncnc3[nH]c4ccccc4c23)c1,XOWGESNQLHDSON,0,-1,-1,c1ccc(Nc2ncnc3[nH]c4ccccc4c23)cc1,train
,O=C(c1cc2ccccc2[nH]1)c1cc2cc(OCc3ccccc3)ccc2[nH]1,XOXXUQMBOKKTMI,-1,-1,0,O=C(c1cc2ccccc2[nH]1)c1cc2cc(OCc3ccccc3)ccc2[nH]1,train
,C[C@@H](NC(=O)c1ccc(S(=O)(=O)Oc2ccc(/C=C/[N+](=O)[O-])cc2)cc1)C(=O)N[C@H](C)C(=O)NCCN,XPOCPCVTPJLIHS,0,-1,-1,O=S(=O)(Oc1ccccc1)c1ccccc1,train
,Cc1cn(-c2cc(NC(=O)c3ccc(C)c(Nc4nc(-c5cccnc5)cs4)c3)cc(C(F)(F)F)c2)cn1,XPWDRROAEFMYOQ,1,-1,-1,O=C(Nc1cccc(-n2ccnc2)c1)c1cccc(Nc2nc(-c3cccnc3)cs2)c1,train
,CCN(CC)C(=O)c1ccc(Nc2cc3c(cn2)cc(-c2c(Cl)cccc2Cl)c(=O)n3C)cc1,XQYMFZQDLBHUEP,-1,-1,0,O=c1[nH]c2cc(Nc3ccccc3)ncc2cc1-c1ccccc1,train
,C=CC(=O)N(c1cc(OC)c(Cl)cc1Cl)c1c(C#N)cnc2cc(OC)c(OC)cc12,XSORNLNBJWQLEK,1,-1,-1,c1ccc(Nc2ccnc3ccccc23)cc1,train
,Cc1nccn1CC(O)COc1ncnc2ccccc12,XTCMHHNUPIPYQB,-1,-1,1,c1ccc2c(OCCCn3ccnc3)ncnc2c1,train
,CN(C)CCNc1cncc(-c2cncc(Nc3cccc(Cl)c3)n2)c1,XTEWWTLBXKFYCF,-1,-1,0,c1ccc(Nc2cncc(-c3cccnc3)n2)cc1,train
,COc1ccccc1N1CCN(CC(O)COc2ncnc3ccccc23)CC1,XTGBRYIIOQFQBY,-1,-1,1,c1ccc(N2CCN(CCCOc3ncnc4ccccc34)CC2)cc1,train
,CNc1ncnc2c1c(-c1ccccc1)cn2-c1ccccc1,XUCUUSDIHUJLCZ,0,-1,-1,c1ccc(-c2cn(-c3ccccc3)c3ncncc23)cc1,train
,NC(=O)c1cccc(-n2cnc3ccccc32)c1,XUYVBXZVCTUERS,-1,-1,0,c1ccc(-n2cnc3ccccc32)cc1,train
,COc1cc(/C=C/[N+](=O)[O-])ccc1O,XVXCSPJSXIUNQJ,0,-1,-1,c1ccccc1,train
,COc1cc(OC)cc(-c2cc3cnc(N)cc3nc2N)c1,XXQRJTXNOCEQLF,-1,-1,0,c1ccc(-c2cnc3ccncc3c2)cc1,train
,Cc1ccc(N2CCN(CC(O)COc3ncnc4ccccc34)CC2)c(C)c1,XXURFXAKIUOJDN,-1,-1,1,c1ccc(N2CCN(CCCOc3ncnc4ccccc34)CC2)cc1,train
,COc1ccc(Nc2cc(-c3ccc(C(=O)NCCNC(=O)c4cccc(F)c4)cc3)ncn2)cc1,XYEGWNCZIAIZNI,0,-1,-1,O=C(NCCNC(=O)c1ccc(-c2cc(Nc3ccccc3)ncn2)cc1)c1ccccc1,train
,CCn1c(=O)c(-c2c(Cl)cccc2Cl)cc2cnc(Nc3ccccc3)nc21,XZBKAAPFQAVYSN,-1,-1,1,O=c1[nH]c2nc(Nc3ccccc3)ncc2cc1-c1ccccc1,train
,COc1ccc(C(=O)NCCNC(=O)c2ccc(-c3cccc4[nH]nc(N)c34)cc2)cc1,XZYNVPHYHRRQKH,0,-1,-1,O=C(NCCNC(=O)c1ccc(-c2cccc3[nH]ncc23)cc1)c1ccccc1,train
,COc1cc(Nc2c(C#N)cnc3cc(OCC4CCN(C)CC4)c(OC)cc23)c(C)cc1C,YAFBWUKWKZZPIF,1,-1,-1,c1ccc(Nc2ccnc3cc(OCC4CCNCC4)ccc23)cc1,train
,CC(NC(=O)/C(C#N)=C/c1ccc2[nH]ccc2c1)c1ccccc1,YAKSTXXJGSXXCJ,-1,-1,0,O=C(C=Cc1ccc2[nH]ccc2c1)NCc1ccccc1,train
,CCNC(=O)Nc1nc2ccc(-c3cccc(F)c3)cc2[nH]1,YATWRTAEMOCGKB,1,-1,-1,c1ccc(-c2ccc3nc[nH]c3c2)cc1,train
,Nc1ncc2cc(-c3c(Cl)cccc3Cl)c(N)nc2n1,YBGDFSNTQAQYRD,-1,-1,0,c1ccc(-c2cnc3ncncc3c2)cc1,train
,CC(C)(C)OC[C@H](NC(=O)c1ccc(-c2ccnc(C(=O)NC3CC3)c2)cc1)C(=O)Nc1ccc(Cl)c(C(F)(F)F)c1,YCBYBKQBCKWQDB,1,-1,-1,O=C(CNC(=O)c1ccc(-c2ccnc(C(=O)NC3CC3)c2)cc1)Nc1ccccc1,train
,COc1cc2c(Nc3ccc(C)cc3C)c(C#N)cnc2cc1OCC1CCN(C)CC1,YCFQNCQMGGRGHM,1,-1,-1,c1ccc(Nc2ccnc3cc(OCC4CCNCC4)ccc23)cc1,train
,CC(C)(C)OC[C@H](NC(=O)c1ccc(-c2ccnc(N)c2)cc1)C(=O)Nc1ccc(Cl)c(C(F)(F)F)c1,YDRLWHJMAXRXSZ,1,-1,-1,O=C(CNC(=O)c1ccc(-c2ccncc2)cc1)Nc1ccccc1,train
,O=C(O)c1ccc(C(=O)/C(=C\c2ccc(Cl)c([N+](=O)[O-])c2)S(=O)(=O)Cc2ccc(Br)cc2)cc1,YDUITYVCCZLBSC,0,-1,-1,O=C(C(=Cc1ccccc1)S(=O)(=O)Cc1ccccc1)c1ccccc1,train
,C=CC(=O)N(c1cc(OC)ccc1Cl)c1c(C#N)cnc2cc(OC)c(OC)cc12,YEMPIXHRTKWKLO,1,-1,-1,c1ccc(Nc2ccnc3ccccc23)cc1,train
,CC(=O)c1cccc(-n2cnc3ccccc32)c1,YEZBTOKPSWGTJB,-1,-1,0,c1ccc(-n2cnc3ccccc32)cc1,train
,COc1cc(OC)cc(-c2ccc(-c3ccc(O)cc3)cc2)c1,YFHSVEFGWHOYPM,0,-1,-1,c1ccc(-c2ccc(-c3ccccc3)cc2)cc1,train
,O=C(Nc1ccn([C@H]2CC[C@@H](CO)O2)c(=O)n1)c1ccccc1,YGZQYMMFALYKCO,0,-1,-1,O=C(Nc1ccn(C2CCCO2)c(=O)n1)c1ccccc1,train
,Nc1ncnc2c1c(-c1ccccc1)cn2-c1cccc(CO)c1,YHRRFPHKXXYHDL,1,-1,-1,c1ccc(-c2cn(-c3ccccc3)c3ncncc23)cc1,train
,CC(C)(C)NC(=O)Nc1nc2nc(N)ncc2cc1-c1ccccc1,YJOFXQWQYIOWNT,-1,-1,0,c1ccc(-c2cnc3ncncc3c2)cc1,train
,CCNC(=O)Nc1nc2ccc(-c3c(Cl)cccc3Cl)cc2[nH]1,YJSGCDMQUMTAAB,1,-1,-1,c1ccc(-c2ccc3nc[nH]c3c2)cc1,train
,Cc1cn(-c2cc(NC(=O)c3ccc(C)c(Nc4nc(-c5cccnc5)cs4)c3)cc(C(C)(C)C)c2)cn1,YKDNQUNPTIJKCH,1,-1,-1,O=C(Nc1cccc(-n2ccnc2)c1)c1cccc(Nc2nc(-c3cccnc3)cs2)c1,train
,CCNC(=O)Nc1nc2ccc(-c3ccncc3)cc2[nH]1,YKDVOSGRSQHNCT,1,-1,-1,c1cc(-c2ccc3nc[nH]c3c2)ccn1,train
,Cc1ccc(C(=O)Nc2ccc(CN3CCN(C)CC3)c(C(F)(F)F)c2)cc1-n1cc(-c2cnc(NC3CC3)nc2)nn1,YLGBXIFLTCUQDE,1,-1,-1,O=C(Nc1ccc(CN2CCNCC2)cc1)c1cccc(-n2cc(-c3cnc(NC4CC4)nc3)nn2)c1,train
,Cn1c(=O)c(-c2c(Cl)cccc2Cl)cc2cnc(Nc3ccncc3)nc21,YOKSFKATMBKCHB,-1,-1,1,O=c1[nH]c2nc(Nc3ccncc3)ncc2cc1-c1ccccc1,train
,COc1ccc(Nc2cc(-c3ccc(C(=O)N4CCN(C(=O)c5cccc(C(F)(F)F)c5)CC4)cc3)ncn2)cc1,YQCOAGYQZCTMBM,0,-1,-1,O=C(c1ccccc1)N1CCN(C(=O)c2ccc(-c3cc(Nc4ccccc4)ncn3)cc2)CC1,train
,COc1ccc(C)c(Nc2c(C#N)cnc3cc(OCC4CCN(C)CC4)c(OC)cc23)c1,YQWRDEHPSFGGHV,1,-1,-1,c1ccc(Nc2ccnc3cc(OCC4CCNCC4)ccc23)cc1,train
,CC(C)(C)NC(=O)Nc1nc2nc(N)ncc2cc1-c1cc(C(F)(F)F)cc(C(F)(F)F)c1,YRATUKRSRQKZSM,-1,-1,0,c1ccc(-c2cnc3ncncc3c2)cc1,train
,CCN(CC)CCCCCNc1cc2c(cn1)cc(-c1c(Cl)cccc1Cl)c(=O)n2C,YRRHAVKHTFWTLV,-1,-1,1,O=c1[nH]c2ccncc2cc1-c1ccccc1,train
,CC(C)(C)c1cc(NC(=O)Nc2ccc(NC(=O)c3cc4ccccc4cn3)cc2)no1,YRUDYNCGPZHXRB,-1,1,1,O=C(Nc1ccc(NC(=O)c2cc3ccccc3cn2)cc1)Nc1ccon1,train
,CCNC(=O)Nc1nc2ccc(-c3ccccc3C)cc2[nH]1,YRXZWJQXXQEVCT,1,-1,-1,c1ccc(-c2ccc3nc[nH]c3c2)cc1,train
,c1cc(-c2cnc3cc4c(cc3c2)OCO4)cs1,YSBLLMHIZDPXPM,-1,-1,1,c1cc(-c2cnc3cc4c(cc3c2)OCO4)cs1,train
,Cc1ccc(-c2ccc(C(=O)N3CCN(C(=O)c4cccc(F)c4)CC3)cc2)cn1,YUDJZMZQROGSLS,0,-1,-1,O=C(c1ccccc1)N1CCN(C(=O)c2ccc(-c3cccnc3)cc2)CC1,train
,Cc1c2ccc(Nc3ccnc(Nc4ccc(S(=O)(=O)Nc5ncccn5)cc4)n3)cc2nn1C,YVBUSLDYNOPDBJ,1,-1,-1,O=S(=O)(Nc1ncccn1)c1ccc(Nc2nccc(Nc3ccc4c[nH]nc4c3)n2)cc1,train
,COc1ccc(OC)c2nc(Cl)c(-c3ccccc3)cc12,YWNHDGBMSPPQJA,-1,-1,0,c1ccc(-c2cnc3ccccc3c2)cc1,train
,CC(=O)c1ccccc1-n1cnc2ccccc21,YWXGJMQPRTYVFU,-1,-1,0,c1ccc(-n2cnc3ccccc32)cc1,train
,CCNC(=O)Nc1nc2ccc(-c3ccc(OC)cc3)cc2s1,YXFSUXNLIRZTOP,1,-1,-1,c1ccc(-c2ccc3ncsc3c2)cc1,train
,O=[N+]([O-])c1ccc2c(c1)ncn2-c1ccccc1,YXIZJJZDLDWOFR,-1,-1,0,c1ccc(-n2cnc3ccccc32)cc1,train
,Cc1cc(C)c2cc(-c3ccsc3)cnc2c1,YXZQRTLGEGYVTJ,-1,-1,1,c1ccc2ncc(-c3ccsc3)cc2c1,train
,Cc1cn(-c2cc(NC(=O)c3ccc(C)c(Nc4nc(-c5cccnc5)cs4)c3)cc(C(C)C)c2)cn1,YYBHKLYUXAWHPX,1,-1,-1,O=C(Nc1cccc(-n2ccnc2)c1)c1cccc(Nc2nc(-c3cccnc3)cs2)c1,train
,O=[N+]([O-])c1cccc(-n2cnc3ccccc32)c1,YZJZOMBEMQCWAM,-1,-1,0,c1ccc(-n2cnc3ccccc32)cc1,train
,CSc1ccc2c(c1)ncn2-c1ccccc1,ZAFMFDKGUGVXFS,-1,-1,1,c1ccc(-n2cnc3ccccc32)cc1,train
,CCNC(=O)Nc1nc2nc(NCCCN3CCN(C)CC3)ncc2cc1-c1c(Cl)cccc1Cl,ZAPMLUQRTGRJST,-1,-1,1,c1ccc(-c2cnc3nc(NCCCN4CCNCC4)ncc3c2)cc1,train
,Nc1n[nH]c2cccc(-c3ccc(C(=O)N4CCN(C(=O)c5ccccc5Cl)CC4)cc3)c12,ZAXFYYCHCGZIPG,1,-1,-1,O=C(c1ccccc1)N1CCN(C(=O)c2ccc(-c3cccc4[nH]ncc34)cc2)CC1,train
,CCN(CC)CCOc1ccc(Nc2ncc3cc(-c4ccsc4)c(=O)n(C)c3n2)cc1,ZBGUTTBTEIGLLQ,-1,-1,1,O=c1[nH]c2nc(Nc3ccccc3)ncc2cc1-c1ccsc1,train
,Cc1ccc(NC(=O)c2cccc(C(F)(F)F)c2)cc1Nc1ncccc1-c1cc(Nc2ccc(OCCNC(=O)COCCOCCOCCOCCN)cc2)ncn1,ZCQBIMLCHPNRKB,1,-1,-1,O=C(Nc1cccc(Nc2ncccc2-c2cc(Nc3ccccc3)ncn2)c1)c1ccccc1,train
,Nc1n[nH]c2cccc(-c3ccc(C(=O)N4CCN(C(=O)c5cccc(C(F)(F)F)c5)CC4)cc3)c12,ZCYQLRDWLRATNH,0,-1,-1,O=C(c1ccccc1)N1CCN(C(=O)c2ccc(-c3cccc4[nH]ncc34)cc2)CC1,train
,Oc1cc(O)c2c(O)c(-c3cccc(Cl)c3)cnc2c1,ZDTZOBIXVNHHCR,0,-1,0,c1ccc(-c2cnc3ccccc3c2)cc1,train
,COc1ccc(Nc2ncc3cc(-c4c(Cl)cccc4Cl)c(=O)n(C)c3n2)cc1,ZDVPZVBAWYNOOH,-1,-1,1,O=c1[nH]c2nc(Nc3ccccc3)ncc2cc1-c1ccccc1,train
,Cc1ccnc(-c2ccc(C(=O)N3CCN(C(=O)c4ccc(C(C)(C)C)cc4)CC3)cc2)c1,ZGNCMRAIJPKSGF,0,-1,-1,O=C(c1ccccc1)N1CCN(C(=O)c2ccc(-c3ccccn3)cc2)CC1,train
,COc1cc(/C=C(/SCc2ccc(Br)cc2)C(=O)c2ccc(C(=O)O)cc2)ccc1F,ZHTVLZPADKXPAJ,0,-1,-1,O=C(C(=Cc1ccccc1)SCc1ccccc1)c1ccccc1,train
,COc1cc2ncc(N[C@@H]3CC[C@H](O)[C@@H](C)C3)nc2cc1OC,ZIKJGFZRXYVGMK,-1,-1,1,c1ccc2nc(NC3CCCCC3)cnc2c1,train
,Nc1n[nH]c2cccc(-c3ccc(C(=O)N4CCN(C(=O)c5ccc(Cl)cc5)CC4)cc3)c12,ZINZLVSCZRWBEX,0,-1,-1,O=C(c1ccccc1)N1CCN(C(=O)c2ccc(-c3cccc4[nH]ncc34)cc2)CC1,train
,CCN(CC)c1ccc(Nc2cc3c(cc2Nc2ccc(N(CC)CC)cc2)C(=O)NC3=O)cc1,ZIUKVZLABPRJTA,0,-1,-1,O=C1NC(=O)c2cc(Nc3ccccc3)c(Nc3ccccc3)cc21,train
,COc1cc2cc(OCc3ccccc3)cnc2cc1OC,ZJIOVLLLFWQBKA,-1,-1,1,c1ccc(COc2cnc3ccccc3c2)cc1,train
,O=C(O)c1ccc(C(=O)/C(=C\c2cc([N+](=O)[O-])ccc2F)SCc2ccc(Br)cc2)cc1,ZJPGWXHXODGVOC,0,-1,-1,O=C(C(=Cc1ccccc1)SCc1ccccc1)c1ccccc1,train
,CCN(CC)CCOc1ccc(Nc2ccc3cc(-c4c(Cl)cccc4Cl)c(=O)n(C)c3n2)cc1,ZKUIGFKRPUCRRC,-1,-1,0,O=c1[nH]c2nc(Nc3ccccc3)ccc2cc1-c1ccccc1,train
,CCOc1cccc(-c2cc3cnc(N)nc3nc2NC(=O)NC(C)(C)C)c1,ZKXALSMHQSOPKM,-1,-1,0,c1ccc(-c2cnc3ncncc3c2)cc1,train
,Cn1c(=O)c(-c2ccccc2)cc2cnc(Nc3ccccc3)nc21,ZKZKULAYQWBXQM,-1,-1,1,O=c1[nH]c2nc(Nc3ccccc3)ncc2cc1-c1ccccc1,train
,Cc1ccc(C(=O)Nc2ccc(CN3CCN(C)CC3)c(C(F)(F)F)c2)cc1-n1cc(-c2cnc(N)nc2)nn1,ZLMYOQZUWFEOHX,1,-1,-1,O=C(Nc1ccc(CN2CCNCC2)cc1)c1cccc(-n2cc(-c3cncnc3)nn2)c1,train
,COc1cc(Nc2c(C#N)cnc3cc(OCCON4CCN(C)CC4)c(OC)cc23)ccc1Cl,ZMCCJBZQTVFCER,1,-1,-1,c1ccc(Nc2ccnc3cc(OCCON4CCNCC4)ccc23)cc1,train
,Cc1ccnc(NS(=O)(=O)c2ccc(Nc3nccc(N(C)c4ccc5c(C)n(C)nc5c4)n3)cc2)n1,ZMSRESYSODUSBK,1,-1,-1,O=S(=O)(Nc1ncccn1)c1ccc(Nc2nccc(Nc3ccc4c[nH]nc4c3)n2)cc1,train
,COc1ccc(CC(CO)n2cc(-c3cccc(OC)c3)c3c(N)ncnc32)cc1,ZOROFBCOYYIWNJ,1,-1,-1,c1ccc(CCn2cc(-c3ccccc3)c3cncnc32)cc1,train
,CCN(CCOc1ccc(Nc2ncc3cc(-c4c(Cl)cccc4Cl)c(=O)n(C)c3n2)cc1)C(C)=O,ZPDSBOKGPBKXNQ,-1,-1,1,O=c1[nH]c2nc(Nc3ccccc3)ncc2cc1-c1ccccc1,train
,COc1ccc(Cl)c(Nc2c(C#N)cnc3cc(OCC4CCN(C)CC4)c(OC)cc23)c1,ZPKGDYKWVKCDJQ,1,-1,-1,c1ccc(Nc2ccnc3cc(OCC4CCNCC4)ccc23)cc1,train
,COc1cc(/C=N/NC(=O)CSc2ccccn2)ccc1OC(C)C,ZRBVRNAACVXKKM,0,-1,-1,O=C(CSc1ccccn1)NN=Cc1ccccc1,train
,N#CC(C#N)=Cc1ccnc2ccccc12,ZRTKQGYMBGEXIB,-1,-1,0,c1ccc2ncccc2c1,train
,Nc1n[nH]c2cccc(-c3ccc(C(=O)NCCNC(=O)c4ccc(F)c(F)c4)cc3)c12,ZTVNFUOGJMGURB,0,-1,-1,O=C(NCCNC(=O)c1ccc(-c2cccc3[nH]ncc23)cc1)c1ccccc1,train
,CCNC(=O)Nc1nc2ccc(-c3ccccc3OCC)cc2[nH]1,ZTXAFQVGNZMNMQ,1,-1,-1,c1ccc(-c2ccc3nc[nH]c3c2)cc1,train
,O=C(c1ccc(-c2cc(Nc3ccc(Cl)cc3Cl)ncn2)cc1)N1CCN(C(=O)c2ccccc2F)CC1,ZUAXDBQJHIHOQC,0,-1,-1,O=C(c1ccccc1)N1CCN(C(=O)c2ccc(-c3cc(Nc4ccccc4)ncn3)cc2)CC1,train
,NC(=O)c1ccc2c(c1)ncn2-c1ccccc1,ZUMMCUSTDGKTFE,-1,-1,0,c1ccc(-n2cnc3ccccc32)cc1,train
,Nc1ncnc2c1c(-c1cccc(O)c1)cn2C1CCC1,ZUMNLSFJINJANM,1,-1,-1,c1ccc(-c2cn(C3CCC3)c3ncncc23)cc1,train
,Cc1ccc(C(=O)Nc2ccc(CN3CCCC3)c(C(F)(F)F)c2)cc1-n1cc(-c2cnc3[nH]ncc3c2)nn1,ZVLDJWAUCMOGIZ,1,-1,-1,O=C(Nc1ccc(CN2CCCC2)cc1)c1cccc(-n2cc(-c3cnc4[nH]ncc4c3)nn2)c1,train
,COc1cccc(-c2cn(C3CCN(CC(N)=O)CC3)c3ncnc(N)c23)c1,ZWOJEBVNAWIFMO,1,-1,-1,c1ccc(-c2cn(C3CCNCC3)c3ncncc23)cc1,train
,c1ccc2ncc(-c3ccsc3)cc2c1,ZWOOWBWBVMAYGL,-1,-1,1,c1ccc2ncc(-c3ccsc3)cc2c1,train
,OC(COc1ncnc2ccccc12)CN1CCN(c2cccc(C(F)(F)F)c2)CC1,ZYCGVUUIDVXHPY,-1,-1,1,c1ccc(N2CCN(CCCOc3ncnc4ccccc34)CC2)cc1,train
,CN1CCN(C(c2ccccn2)c2cc(Cl)c3cccnc3c2O)CC1,ZYJAQXOCWRKZDU,0,-1,-1,c1ccc(C(c2ccc3cccnc3c2)N2CCNCC2)nc1,train
,CO[C@@H]1[C@H](N(C)C(=O)c2ccccc2)C[C@H]2O[C@]1(C)n1c3ccccc3c3c4c(c5c6ccccc6n2c5c31)C(=O)N[C@H]4O,ZZSBPGIGIUFJRA,-1,1,1,O=C(NC1CC2OC(C1)n1c3ccccc3c3c4c(c5c6ccccc6n2c5c31)CNC4=O)c1ccccc1,train
,OC(COc1ncnc2ccccc12)CN1CCCCC1,ZZZNJDODCKXBLN,-1,-1,1,c1ccc2c(OCCCN3CCCCC3)ncnc2c1,train
