rank,molecule_chembl_id,pref_name,smiles,PS,P_ABL1,P_c-KIT,P_PDGFRB,rank_ABL1,rank_c-KIT,rank_PDGFRB
1,CHEMBL2105708,PONATINIB HYDROCHLORIDE,Cc1ccc(C(=O)Nc2ccc(CN3CCN(C)CC3)c(C(F)(F)F)c2)cc1C#Cc1cnc2cccnn12.Cl,0.9966600838885382,0.99968135,0.9987431,0.99157554,4,1,192
2,CHEMBL1171837,PONATINIB,Cc1ccc(C(=O)Nc2ccc(CN3CCN(C)CC3)c(C(F)(F)F)c2)cc1C#Cc1cnc2cccnn12,0.9964892835611594,0.99964595,0.99866796,0.99117553,5,2,202
3,CHEMBL2105737,SONIDEGIB,Cc1c(C(=O)Nc2ccc(N3C[C@@H](C)O[C@@H](C)C3)nc2)cccc1-c1ccc(OC(F)(F)F)cc1,0.9948622314037301,0.9997427,0.9935009,0.99136215,3,13,197
4,CHEMBL3137317,SONIDEGIB PHOSPHATE,Cc1c(C(=O)Nc2ccc(N3C[C@@H](C)O[C@@H](C)C3)nc2)cccc1-c1ccc(OC(F)(F)F)cc1.O=P(O)(O)O.O=P(O)(O)O,0.990385646603474,0.9994636,0.9923543,0.97944325,8,15,330
5,CHEMBL4297220,ASCIMINIB HYDROCHLORIDE,Cl.O=C(Nc1ccc(OC(F)(F)Cl)cc1)c1cnc(N2CC[C@@H](O)C2)c(-c2cc[nH]n2)c1,0.9861114349424269,0.9999877,0.99316484,0.9655216,1,14,445
6,CHEMBL4208229,ASCIMINIB,O=C(Nc1ccc(OC(F)(F)Cl)cc1)c1cnc(N2CC[C@@H](O)C2)c(-c2cc[nH]n2)c1,0.9846627627308554,0.9999857,0.9922092,0.96220034,2,16,464
7,CHEMBL38827,LUMEFANTRINE,CCCCN(CCCC)CC(O)c1cc(Cl)cc2c1-c1ccc(Cl)cc1/C2=C/c1ccc(Cl)cc1,0.9716750255393519,0.9892168,0.94474775,0.98164797,24,92,308
8,CHEMBL311498,CIANIDANOL,Oc1cc(O)c2c(c1)O[C@H](c1ccc(O)c(O)c1)[C@@H](O)C2,0.9693827562438447,0.97127265,0.95750177,0.97950155,41,82,329
9,CHEMBL3545110,RIBOCICLIB,CN(C)C(=O)c1cc2cnc(Nc3ccc(N4CCNCC4)cn3)nc2n1C1CCCC1,0.9672773956116001,0.943339,0.98873013,0.9703034,50,25,410
10,CHEMBL3786343,OLMUTINIB,C=CC(=O)Nc1cccc(Oc2nc(Nc3ccc(N4CCN(C)CC4)cc3)nc3ccsc23)c1,0.9580491800697216,0.9778129,0.96966314,0.927442,35,57,595
11,CHEMBL1773,CAPECITABINE,CCCCCOC(=O)Nc1nc(=O)n([C@@H]2O[C@H](C)[C@@H](O)[C@H]2O)cc1F,0.9578904977191778,0.92610204,0.9758351,0.97255087,55,44,395
12,CHEMBL3707266,RIBOCICLIB SUCCINATE,CN(C)C(=O)c1cc2cnc(Nc3ccc(N4CCNCC4)cn3)nc2n1C1CCCC1.O=C(O)CCC(=O)O,0.9511770652098603,0.88764,0.9811178,0.98815733,71,36,238
13,CHEMBL1201733,PAZOPANIB HYDROCHLORIDE,Cc1ccc(Nc2nccc(N(C)c3ccc4c(C)n(C)nc4c3)n2)cc1S(N)(=O)=O.Cl,0.9439513636576271,0.98587763,0.9268876,0.920447,28,104,616
14,CHEMBL477772,PAZOPANIB,Cc1ccc(Nc2nccc(N(C)c3ccc4c(C)n(C)nc4c3)n2)cc1S(N)(=O)=O,0.9424599360739334,0.985523,0.9253377,0.91795564,29,107,624
15,CHEMBL3301610,ABEMACICLIB,CCN1CCN(Cc2ccc(Nc3ncc(F)c(-c4cc(F)c5nc(C)n(C(C)C)c5c4)n3)nc2)CC1,0.9415817505059029,0.9995664,0.9888265,0.84458303,6,24,829
16,CHEMBL1292,CLOFAZIMINE,CC(C)/N=c1\cc2n(-c3ccc(Cl)cc3)c3ccccc3nc-2cc1Nc1ccc(Cl)cc1,0.9312998936543333,0.98115784,0.8357838,0.9849991,31,196,276
17,CHEMBL502835,NINTEDANIB,COC(=O)c1ccc2c(c1)NC(=O)/C2=C(\Nc1ccc(N(C)C(=O)CN2CCN(C)CC2)cc1)c1ccccc1,0.9243942972385994,0.8280734,0.95404863,0.99984443,105,84,15
18,CHEMBL4435170,DEUCRAVACITINIB,[2H]C([2H])([2H])NC(=O)c1nnc(NC(=O)C2CC2)cc1Nc1cccc(-c2ncn(C)n2)c1OC,0.922864555758983,0.92058,0.9676443,0.8823413,59,64,728
19,CHEMBL1946170,REGORAFENIB,CNC(=O)c1cc(Oc2ccc(NC(=O)Nc3ccc(Cl)c(C(F)(F)F)c3)c(F)c2)ccn1,0.9115723832486463,0.78328896,0.9880756,0.9787264,127,27,335
20,CHEMBL1336,SORAFENIB,CNC(=O)c1cc(Oc2ccc(NC(=O)Nc3ccc(Cl)c(C(F)(F)F)c3)cc2)ccn1,0.9107121608731052,0.79992735,0.97849476,0.96501565,114,40,448
21,CHEMBL46740,BAZEDOXIFENE,Cc1c(-c2ccc(O)cc2)n(Cc2ccc(OCCN3CCCCCC3)cc2)c2ccc(O)cc12,0.9013929171472039,0.7906338,0.9266579,0.99964917,122,105,32
22,CHEMBL291657,CRINECERFONT,C#CCN(c1nc(-c2cc(C)c(OC)cc2Cl)c(C)s1)[C@@H](CC1CC1)c1ccc(C)c(F)c1,0.9010271320937367,0.9893518,0.9625002,0.7681783,23,73,989
23,CHEMBL1852688,INFIGRATINIB,CCN1CCN(c2ccc(Nc3cc(N(C)C(=O)Nc4c(Cl)c(OC)cc(OC)c4Cl)ncn3)cc2)CC1,0.900750435825246,0.9949862,0.9449194,0.7773232,15,91,962
24,CHEMBL4650272,TRILACICLIB DIHYDROCHLORIDE,CN1CCN(c2ccc(Nc3ncc4cc5n(c4n3)C3(CCCCC3)CNC5=O)nc2)CC1.Cl.Cl,0.8989353489279855,0.8513325,0.99831885,0.8547063,89,3,800
25,CHEMBL187709,TRIPARANOL,CCN(CC)CCOc1ccc(C(O)(Cc2ccc(Cl)cc2)c2ccc(C)cc2)cc1,0.8979701455645058,0.83554333,0.8850909,0.97910404,103,136,332
26,CHEMBL1289601,LENVATINIB,COc1cc2nccc(Oc3ccc(NC(=O)NC4CC4)c(Cl)c3)c2cc1C(N)=O,0.8951151197965432,0.8584994,0.9002792,0.92793906,84,125,592
27,CHEMBL1713,CHLORPROMAZINE HYDROCHLORIDE,CN(C)CCCN1c2ccccc2Sc2ccc(Cl)cc21.Cl,0.894444276470753,0.9088821,0.800908,0.9830366,62,224,297
28,CHEMBL3545311,BRIGATINIB,COc1cc(N2CCC(N3CCN(C)CC3)CC2)ccc1Nc1ncc(Cl)c(Nc2ccccc2P(C)(C)=O)n1,0.8932776629892935,0.9388187,0.79977864,0.94930965,51,226,509
29,CHEMBL3989871,AVACOPAN,Cc1ccc(NC(=O)[C@H]2CCCN(C(=O)c3c(C)cccc3F)[C@H]2c2ccc(NC3CCCC3)cc2)cc1C(F)(F)F,0.8914002579668863,0.82082283,0.8704414,0.99135524,110,154,198
30,CHEMBL3989766,ORITAVANCIN DIPHOSPHATE,CN[C@H](CC(C)C)C(=O)N[C@H]1C(=O)N[C@@H](CC(N)=O)C(=O)N[C@H]2C(=O)N[C@H]3C(=O)N[C@H](C(=O)N[C@H](C(=O)O)c4cc(O)cc(O)c4-c4cc3ccc4O)[C@H](O[C@H]3C[C@](C)(N)[C@@H](O)[C@H](C)O3)c3ccc(c(Cl)c3)Oc3cc2cc(c3O[C@@H]2O[C@H](CO)[C@@H](O)[C@H](O)[C@H]2O[C@H]2C[C@](C)(NCc3ccc(-c4ccc(Cl)cc4)cc3)[C@@H](O)[C@H](C)O2)Oc2ccc(cc2Cl)[C@H]1O.O=P(O)(O)O.O=P(O)(O)O,0.8871149224898425,0.8948709,0.78816646,0.9898316,69,246,219
31,CHEMBL1200485,SORAFENIB TOSYLATE,CNC(=O)c1cc(Oc2ccc(NC(=O)Nc3ccc(Cl)c(C(F)(F)F)c3)cc2)ccn1.Cc1ccc(S(=O)(=O)O)cc1,0.8858495453704675,0.7165177,0.981371,0.9885981,159,35,230
32,CHEMBL71,CHLORPROMAZINE,CN(C)CCCN1c2ccccc2Sc2ccc(Cl)cc21,0.8852139397549781,0.9025124,0.7814103,0.98358625,66,256,290
33,CHEMBL1729,CISAPRIDE,COc1cc(N)c(Cl)cc1C(=O)NC1CCN(CCCOc2ccc(F)cc2)CC1OC,0.8851758727178742,0.79137033,0.99195766,0.8835188,121,18,722
34,CHEMBL6067995,BEROTRALSTAT HYDROCHLORIDE,Cl.Cl.N#Cc1cccc([C@@H](NCC2CC2)c2ccc(F)c(NC(=O)c3cc(C(F)(F)F)nn3-c3cccc(CN)c3)c2)c1,0.8842879761257169,0.9209445,0.9700575,0.7740165,58,55,973
35,CHEMBL2005186,BELUMOSUDIL,CC(C)NC(=O)COc1cccc(-c2nc(Nc3ccc4[nH]ncc4c3)c3ccccc3n2)c1,0.8759240521885115,0.84447116,0.86908567,0.91569734,100,156,638
36,CHEMBL506247,TANNIC ACID,O=C(OC[C@H]1O[C@@H](OC(=O)c2cc(O)c(O)c(OC(=O)c3cc(O)c(O)c(O)c3)c2)[C@H](OC(=O)c2cc(O)c(O)c(OC(=O)c3cc(O)c(O)c(O)c3)c2)[C@@H](OC(=O)c2cc(O)c(O)c(OC(=O)c3cc(O)c(O)c(O)c3)c2)[C@@H]1OC(=O)c1cc(O)c(O)c(OC(=O)c2cc(O)c(O)c(O)c2)c1)c1cc(O)c(O)c(OC(=O)c2cc(O)c(O)c(O)c2)c1,0.8754476420347078,0.9925171,0.9919734,0.68147904,16,17,1120
37,CHEMBL5189739,BEROTRALSTAT,N#Cc1cccc([C@@H](NCC2CC2)c2ccc(F)c(NC(=O)c3cc(C(F)(F)F)nn3-c3cccc(CN)c3)c2)c1,0.8745758456151128,0.9082157,0.9665719,0.76202506,64,66,996
38,CHEMBL2105709,QUIZARTINIB DIHYDROCHLORIDE,CC(C)(C)c1cc(NC(=O)Nc2ccc(-c3cn4c(n3)sc3cc(OCCN5CCOCC5)ccc34)cc2)no1.Cl.Cl,0.8682066160346591,0.7896399,0.88316166,0.9384259,125,138,549
39,CHEMBL1637,GEMCITABINE HYDROCHLORIDE,Cl.Nc1ccn([C@@H]2O[C@H](CO)[C@@H](O)C2(F)F)c(=O)n1,0.8672900621640514,0.85024697,0.9433349,0.8133587,94,94,893
40,CHEMBL477,ADENOSINE,Nc1ncnc2c1ncn2[C@@H]1O[C@H](CO)[C@@H](O)[C@H]1O,0.867158968318116,0.88027716,0.8443246,0.8773387,76,186,751
41,CHEMBL434,ISOPROTERENOL,CC(C)NCC(O)c1ccc(O)c(O)c1,0.8650987427369928,0.78066844,0.9737855,0.8516617,132,48,808
42,CHEMBL1201082,FLUOXETINE HYDROCHLORIDE,CNCCC(Oc1ccc(C(F)(F)F)cc1)c1ccccc1.Cl,0.8636563061027798,0.95389795,0.6919449,0.9759991,44,369,366
43,CHEMBL1200788,CISAPRIDE MONOHYDRATE,COc1cc(N)c(Cl)cc1C(=O)NC1CCN(CCCOc2ccc(F)cc2)CC1OC.O,0.8624418636815689,0.7579195,0.99014497,0.8548061,146,20,799
44,CHEMBL888,GEMCITABINE,Nc1ccn([C@@H]2O[C@H](CO)[C@@H](O)C2(F)F)c(=O)n1,0.8557701131817153,0.8208663,0.93728155,0.81457084,109,99,890
45,CHEMBL3894860,TRILACICLIB,CN1CCN(c2ccc(Nc3ncc4cc5n(c4n3)C3(CCCCC3)CNC5=O)nc2)CC1,0.8553601425146252,0.7582833,0.997598,0.8272942,145,4,860
46,CHEMBL36506,NOVOBIOCIN,CO[C@@H]1[C@@H](OC(N)=O)[C@@H](O)[C@H](Oc2ccc3c(O)c(NC(=O)c4ccc(O)c(CC=C(C)C)c4)c(=O)oc3c2C)OC1(C)C,0.8538996962345139,0.8958974,0.96034104,0.72366375,68,79,1063
47,CHEMBL1201038,ACRISORCIN,CCCCCCc1ccc(O)cc1O.Nc1c2ccccc2nc2ccccc12,0.8499171651514358,0.85163647,0.95635635,0.75379944,88,83,1013
48,CHEMBL1711,ISOPROTERENOL HYDROCHLORIDE,CC(C)NCC(O)c1ccc(O)c(O)c1.Cl,0.8468820782982492,0.8142963,0.9727386,0.7668143,113,49,991
49,CHEMBL576982,QUIZARTINIB,CC(C)(C)c1cc(NC(=O)Nc2ccc(-c3cn4c(n3)sc3cc(OCCN5CCOCC5)ccc34)cc2)no1,0.8458771774026809,0.7586665,0.8680382,0.91903526,144,157,622
50,CHEMBL3039504,NINTEDANIB ESYLATE,CCS(=O)(=O)O.COC(=O)c1ccc2c(c1)NC(=O)/C2=C(\Nc1ccc(N(C)C(=O)CN2CCN(C)CC2)cc1)c1ccccc1,0.8439653738726777,0.61968476,0.9703368,0.99972504,194,53,27
51,CHEMBL2364608,DORAVIRINE,Cn1c(Cn2ccc(C(F)(F)F)c(Oc3cc(Cl)cc(C#N)c3)c2=O)n[nH]c1=O,0.843168821230129,0.78144556,0.8844445,0.8673099,130,137,770
52,CHEMBL1090,VIDARABINE,Nc1ncnc2c1ncn2[C@@H]1O[C@H](CO)[C@@H](O)[C@@H]1O,0.8365885320641796,0.8770779,0.7570827,0.8817678,78,284,730
53,CHEMBL1200710,CLOMIPRAMINE HYDROCHLORIDE,CN(C)CCCN1c2ccccc2CCc2ccc(Cl)cc21.Cl,0.8362676105119771,0.7450868,0.7972032,0.98460025,153,233,278
54,CHEMBL41,FLUOXETINE,CNCCC(Oc1ccc(C(F)(F)F)cc1)c1ccccc1,0.8354720606465147,0.95210975,0.626665,0.97740227,46,453,347
55,CHEMBL3989973,PEXIDARTINIB HYDROCHLORIDE,Cl.FC(F)(F)c1ccc(CNc2ccc(Cc3c[nH]c4ncc(Cl)cc34)cn2)cn1,0.8338214232354596,0.9468941,0.9721596,0.62976736,48,50,1199
56,CHEMBL1834657,INFIGRATINIB PHOSPHATE,CCN1CCN(c2ccc(Nc3cc(N(C)C(=O)Nc4c(Cl)c(OC)cc(OC)c4Cl)ncn3)cc2)CC1.O=P(O)(O)O,0.8294712876560915,0.9920959,0.9650918,0.5960488,18,71,1247
57,CHEMBL1770248,ERTUGLIFLOZIN,CCOc1ccc(Cc2cc([C@]34OC[C@](CO)(O3)[C@@H](O)[C@H](O)[C@H]4O)ccc2Cl)cc1,0.824423349470342,0.5715333,0.98848945,0.99183005,211,26,188
58,CHEMBL4303214,FRUQUINTINIB,CNC(=O)c1c(C)oc2cc(Oc3ncnc4cc(OC)c(OC)cc34)ccc12,0.8215807812872478,0.7487219,0.856388,0.8648877,150,174,776
59,CHEMBL1688530,ORITAVANCIN,CN[C@H](CC(C)C)C(=O)N[C@H]1C(=O)N[C@@H](CC(N)=O)C(=O)N[C@H]2C(=O)N[C@H]3C(=O)N[C@H](C(=O)N[C@H](C(=O)O)c4cc(O)cc(O)c4-c4cc3ccc4O)[C@H](O[C@H]3C[C@](C)(N)[C@@H](O)[C@H](C)O3)c3ccc(c(Cl)c3)Oc3cc2cc(c3O[C@@H]2O[C@H](CO)[C@@H](O)[C@H](O)[C@H]2O[C@H]2C[C@](C)(NCc3ccc(-c4ccc(Cl)cc4)cc3)[C@@H](O)[C@H](C)O2)Oc2ccc(cc2Cl)[C@H]1O,0.81746479878618,0.7915189,0.69607824,0.9914888,120,364,194
60,CHEMBL415,CLOMIPRAMINE,CN(C)CCCN1c2ccccc2CCc2ccc(Cl)cc21,0.8146192019637566,0.70963615,0.7743324,0.9837863,163,267,286
61,CHEMBL3813873,PEXIDARTINIB,FC(F)(F)c1ccc(CNc2ccc(Cc3c[nH]c4ncc(Cl)cc34)cn2)cn1,0.8118951810463494,0.93121827,0.9668734,0.5944,53,65,1249
62,CHEMBL4216467,RIPRETINIB,CCn1c(=O)c(-c2cc(NC(=O)Nc3ccccc3)c(F)cc2Br)cc2cnc(NC)cc21,0.8097085145013848,0.6439738,0.8724501,0.9448814,183,151,523
63,CHEMBL1201102,TRIFLUPROMAZINE HYDROCHLORIDE,CN(C)CCCN1c2ccccc2Sc2ccc(C(F)(F)F)cc21.Cl,0.8057179648185083,0.82527983,0.6443044,0.98368675,107,426,288
64,CHEMBL2105704,LENVATINIB MESYLATE,COc1cc2nccc(Oc3ccc(NC(=O)NC4CC4)c(Cl)c3)c2cc1C(N)=O.CS(=O)(=O)O,0.8051987673587039,0.60769516,0.90930384,0.94474477,196,117,525
65,CHEMBL4113131,ENSARTINIB,C[C@@H]1CN(C(=O)c2ccc(NC(=O)c3cc(O[C@H](C)c4c(Cl)ccc(F)c4Cl)c(N)nn3)cc2)C[C@H](C)N1,0.8031717891806842,0.7725064,0.8335937,0.8045792,134,199,906
66,CHEMBL3183453,NOVOBIOCIN SODIUM,CO[C@@H]1[C@@H](OC(N)=O)[C@@H](O)[C@H](Oc2ccc3c([O-])c(NC(=O)c4ccc(O)c(CC=C(C)C)c4)c(=O)oc3c2C)OC1(C)C.[Na+],0.8031695920230537,0.84480673,0.9579048,0.6402389,97,81,1182
67,CHEMBL1237070,MICAFUNGIN SODIUM,CCCCCOc1ccc(-c2cc(-c3ccc(C(=O)N[C@H]4C[C@@H](O)[C@@H](O)NC(=O)[C@@H]5[C@@H](O)[C@@H](C)CN5C(=O)[C@H]([C@H](O)CC(N)=O)NC(=O)[C@H]([C@H](O)[C@@H](O)c5ccc(O)c(OS(=O)(=O)[O-])c5)NC(=O)[C@@H]5C[C@@H](O)CN5C(=O)[C@H]([C@@H](C)O)NC4=O)cc3)no2)cc1.[Na+],0.7971146185055036,0.57011396,0.9163263,0.969506,212,111,415
68,CHEMBL1201213,ISOETHARINE,CCC(NC(C)C)C(O)c1ccc(O)c(O)c1,0.7954798633367949,0.9922793,0.9835796,0.51575583,17,31,1369
69,CHEMBL1382,TOLTERODINE,Cc1ccc(O)c([C@H](CCN(C(C)C)C(C)C)c2ccccc2)c1,0.7939831340883196,0.70990354,0.761536,0.9258573,162,278,602
70,CHEMBL3989928,REZAFUNGIN ACETATE,CC(=O)[O-].CCCCCOc1ccc(-c2ccc(-c3ccc(C(=O)N[C@H]4C[C@@H](O)[C@@H](OCC[N+](C)(C)C)NC(=O)[C@@H]5[C@@H](O)[C@@H](C)CN5C(=O)[C@H]([C@@H](C)O)NC(=O)[C@H]([C@H](O)[C@@H](O)c5ccc(O)cc5)NC(=O)[C@@H]5C[C@@H](O)CN5C(=O)[C@H]([C@@H](C)O)NC4=O)cc3)cc2)cc1,0.7929625658042976,0.59882486,0.8431853,0.98749566,200,187,248
71,CHEMBL1200672,CEFPIRAMIDE SODIUM,Cc1cc(O)c(C(=O)N[C@@H](C(=O)N[C@@H]2C(=O)N3C(C(=O)[O-])=C(CSc4nnnn4C)CS[C@H]23)c2ccc(O)cc2)cn1.[Na+],0.7903451392218278,0.644074,0.9900255,0.7742268,182,21,970
72,CHEMBL941,IMATINIB,Cc1ccc(NC(=O)c2ccc(CN3CCN(C)CC3)cc2)cc1Nc1nccc(-c2cccnc2)n1,0.7831796102266094,0.6076721,0.91340536,0.8654685,197,113,773
73,CHEMBL1257051,TEDIZOLID,Cn1nnc(-c2ccc(-c3ccc(N4C[C@H](CO)OC4=O)cc3F)cn2)n1,0.7781187232042207,0.71511674,0.88645905,0.7431936,161,134,1029
74,CHEMBL443605,HEXYLRESORCINOL,CCCCCCc1ccc(O)cc1O,0.7733253396708409,0.48861724,0.97645754,0.9693142,242,43,416
75,CHEMBL570,TRIFLUPROMAZINE,CN(C)CCCN1c2ccccc2Sc2ccc(C(F)(F)F)cc21,0.7695141707398118,0.79321283,0.5839035,0.9838277,117,514,284
76,CHEMBL3137320,TALAZOPARIB,Cn1ncnc1[C@H]1c2n[nH]c(=O)c3cc(F)cc(c23)N[C@@H]1c1ccc(F)cc1,0.7679546741444003,0.49797383,0.96922606,0.93837225,235,59,550
77,CHEMBL4802249,LENACAPAVIR SODIUM,CC(C)(C#Cc1ccc(-c2ccc(Cl)c3c([N-]S(C)(=O)=O)nn(CC(F)(F)F)c23)c([C@H](Cc2cc(F)cc(F)c2)NC(=O)Cn2nc(C(F)(F)F)c3c2C(F)(F)[C@@H]2C[C@H]32)n1)S(C)(=O)=O.[Na+],0.764189558843312,0.6644816,0.68716675,0.97736824,178,376,348
78,CHEMBL5314378,CASPOFUNGIN ACETATE,CC(=O)O.CC(=O)O.CC[C@H](C)C[C@H](C)CCCCCCCCC(=O)N[C@H]1C[C@@H](O)[C@@H](NCCN)NC(=O)[C@@H]2[C@@H](O)CCN2C(=O)[C@H]([C@H](O)CCN)NC(=O)[C@H]([C@H](O)[C@@H](O)c2ccc(O)cc2)NC(=O)[C@@H]2C[C@@H](O)CN2C(=O)[C@H]([C@@H](C)O)NC1=O,0.7632944323742563,0.50659394,0.8791863,0.99847084,231,140,69
79,CHEMBL1201204,CEFPIRAMIDE,Cc1cc(O)c(C(=O)N[C@@H](C(=O)N[C@@H]2C(=O)N3C(C(=O)O)=C(CSc4nnnn4C)CS[C@H]23)c2ccc(O)cc2)cn1,0.7629742488883182,0.5875236,0.98920864,0.76421654,206,23,995
80,CHEMBL4250860,DANICOPAN,CC(=O)c1nn(CC(=O)N2C[C@H](F)C[C@H]2C(=O)Nc2cccc(Br)n2)c2ccc(-c3cnc(C)nc3)cc12,0.759193644817326,0.9159746,0.84236646,0.5671177,61,188,1295
81,CHEMBL457547,MICAFUNGIN,CCCCCOc1ccc(-c2cc(-c3ccc(C(=O)N[C@H]4C[C@@H](O)[C@@H](O)NC(=O)[C@@H]5[C@@H](O)[C@@H](C)CN5C(=O)[C@H]([C@H](O)CC(N)=O)NC(=O)[C@H]([C@H](O)[C@@H](O)c5ccc(O)c(OS(=O)(=O)O)c5)NC(=O)[C@@H]5C[C@@H](O)CN5C(=O)[C@H]([C@@H](C)O)NC4=O)cc3)no2)cc1,0.7572703448252163,0.49225077,0.9115967,0.96775115,240,115,432
82,CHEMBL2105756,TIVOZANIB HYDROCHLORIDE,COc1cc2nccc(Oc3ccc(NC(=O)Nc4cc(C)on4)c(Cl)c3)c2cc1OC.Cl.O,0.7550671160186493,0.44861,0.9879132,0.97133476,260,28,404
83,CHEMBL1200920,ISOETHARINE HYDROCHLORIDE,CCC(NC(C)C)C(O)c1ccc(O)c(O)c1.Cl,0.7549111957722795,0.99025655,0.98268676,0.44210434,22,32,1491
84,CHEMBL1657,TAZAROTENE,CCOC(=O)c1ccc(C#Cc2ccc3c(c2)C(C)(C)CCS3)nc1,0.7537194633291824,0.79928166,0.8735408,0.6132621,115,148,1225
85,CHEMBL2360580,BUCLIZINE HYDROCHLORIDE,CC(C)(C)c1ccc(CN2CCN(C(c3ccccc3)c3ccc(Cl)cc3)CC2)cc1.Cl.Cl,0.7532803054114369,0.68300664,0.64011496,0.9776579,169,433,343
86,CHEMBL1615374,VILAZODONE HYDROCHLORIDE,Cl.N#Cc1ccc2[nH]cc(CCCCN3CCN(c4ccc5oc(C(N)=O)cc5c4)CC3)c2c1,0.7527119376511389,0.67866397,0.8961268,0.7012327,172,128,1091
87,CHEMBL1200339,PHENYLEPHRINE HYDROCHLORIDE,CNC[C@H](O)c1cccc(O)c1.Cl,0.7491199204477597,0.49525246,0.8762699,0.96870047,236,142,421
88,CHEMBL264241,ANIDULAFUNGIN,CCCCCOc1ccc(-c2ccc(-c3ccc(C(=O)N[C@H]4C[C@@H](O)[C@@H](O)NC(=O)[C@@H]5[C@@H](O)[C@@H](C)CN5C(=O)[C@H]([C@@H](C)O)NC(=O)[C@H]([C@H](O)[C@@H](O)c5ccc(O)cc5)NC(=O)[C@@H]5C[C@@H](O)CN5C(=O)[C@H]([C@@H](C)O)NC4=O)cc3)cc2)cc1,0.7479150754615865,0.5071843,0.857276,0.9622111,230,173,463
89,CHEMBL3889654,LAROTRECTINIB,O=C(Nc1cnn2ccc(N3CCC[C@@H]3c3cc(F)ccc3F)nc12)N1CC[C@H](O)C1,0.739924904150609,0.7719506,0.7188689,0.73000145,136,335,1053
90,CHEMBL1183349,ISAVUCONAZONIUM,CNCC(=O)OCc1cccnc1N(C)C(=O)OC(C)[n+]1cnn(C[C@](O)(c2cc(F)ccc2F)[C@@H](C)c2nc(-c3ccc(C#N)cc3)cs2)c1,0.7378698923538927,0.9535191,0.45273024,0.9306159,45,712,576
91,CHEMBL2218896,NABILONE,CCCCCCC(C)(C)c1cc(O)c2c(c1)OC(C)(C)C1CCC(=O)CC21,0.7286125136152061,0.51024705,0.770947,0.98329735,228,270,294
92,CHEMBL1201740,NILOTINIB HYDROCHLORIDE MONOHYDRATE,Cc1cn(-c2cc(NC(=O)c3ccc(C)c(Nc4nccc(-c5cccnc5)n4)c3)cc(C(F)(F)F)c2)cn1.Cl.O,0.7283849029928192,0.9988875,0.7839539,0.493487,10,252,1404
93,CHEMBL4594438,LENACAPAVIR,CC(C)(C#Cc1ccc(-c2ccc(Cl)c3c(NS(C)(=O)=O)nn(CC(F)(F)F)c23)c([C@H](Cc2cc(F)cc(F)c2)NC(=O)Cn2nc(C(F)(F)F)c3c2C(F)(F)[C@@H]2C[C@H]32)n1)S(C)(=O)=O,0.7282161139251867,0.6228591,0.6326408,0.98001754,192,444,326
94,CHEMBL2106615,BAZEDOXIFENE ACETATE,CC(=O)O.Cc1c(-c2ccc(O)cc2)n(Cc2ccc(OCCN3CCCCCC3)cc2)c2ccc(O)cc12,0.7265338335141148,0.430791,0.8909394,0.99920076,275,132,49
95,CHEMBL679,EPINEPHRINE,CNC[C@H](O)c1ccc(O)c(O)c1,0.7244565097479799,0.49412173,0.96929234,0.7938679,237,58,928
96,CHEMBL1983268,ENTRECTINIB,CN1CCN(c2ccc(C(=O)Nc3n[nH]c4ccc(Cc5cc(F)cc(F)c5)cc34)c(NC3CCOCC3)c2)CC1,0.7242080080955051,0.72031134,0.6437908,0.81907743,158,427,881
97,CHEMBL4596392,CRAVACITINIB,CNC(=O)c1nnc(NC(=O)C2CC2)cc1Nc1cccc(-c2ncn(C)n2)c1OC,0.7235277413187492,0.8329021,0.72191703,0.62991846,104,326,1198
98,CHEMBL2105741,TRAMETINIB DIMETHYL SULFOXIDE,CC(=O)Nc1cccc(-n2c(=O)n(C3CC3)c(=O)c3c(Nc4ccc(I)cc4F)n(C)c(=O)c(C)c32)c1.C[S+](C)[O-],0.7229966406795119,0.6551766,0.5818591,0.9913628,180,517,196
99,CHEMBL1289494,TIVOZANIB,COc1cc2nccc(Oc3ccc(NC(=O)Nc4cc(C)on4)c(Cl)c3)c2cc1OC,0.7221240927859279,0.3917163,0.9877781,0.97320527,311,29,392
100,CHEMBL317052,REGADENOSON ANHYDROUS,CNC(=O)c1cnn(-c2nc(N)c3ncn([C@@H]4O[C@H](CO)[C@@H](O)[C@H]4O)c3n2)c1,0.721824332866038,0.55328375,0.79830873,0.85148257,219,229,810
101,CHEMBL231884,DIOSMIN,COc1ccc(-c2cc(=O)c3c(O)cc(O[C@@H]4O[C@H](CO[C@@H]5O[C@@H](C)[C@H](O)[C@@H](O)[C@H]5O)[C@@H](O)[C@H](O)[C@H]4O)cc3o2)cc1O,0.7161871957723933,0.9362157,0.4280449,0.91667295,52,750,634
102,CHEMBL776,METAPROTERENOL,CC(C)NCC(O)c1cc(O)cc(O)c1,0.713010198232019,0.52231383,0.7569019,0.9168876,226,285,632
103,CHEMBL3137333,ISAVUCONAZONIUM SULFATE,CNCC(=O)OCc1cccnc1N(C)C(=O)OC(C)[n+]1cnn(C[C@](O)(c2cc(F)ccc2F)[C@@H](C)c2nc(-c3ccc(C#N)cc3)cs2)c1.O=S(=O)([O-])O,0.7125905424467778,0.916468,0.46106756,0.8563243,60,699,797
104,CHEMBL960,LEFLUNOMIDE,Cc1oncc1C(=O)Nc1ccc(C(F)(F)F)cc1,0.7124594510060546,0.3952674,0.93712336,0.97632116,305,100,363
105,CHEMBL255863,NILOTINIB,Cc1cn(-c2cc(NC(=O)c3ccc(C)c(Nc4nccc(-c5cccnc5)n4)c3)cc(C(F)(F)F)c2)cn1,0.7097879491929339,0.99887496,0.7593466,0.47144896,11,281,1447
106,CHEMBL1201271,BUCLIZINE,CC(C)(C)c1ccc(CN2CCN(C(c3ccccc3)c3ccc(Cl)cc3)CC2)cc1,0.7093313098298142,0.6324733,0.575727,0.9801411,187,526,325
107,CHEMBL535,SUNITINIB,CCN(CC)CCNC(=O)c1c(C)[nH]c(/C=C2\C(=O)Nc3ccc(F)cc32)c1C,0.7082181856110717,0.42709562,0.8589785,0.96826404,279,170,428
108,CHEMBL803,CYTARABINE,Nc1ccn([C@@H]2O[C@H](CO)[C@@H](O)[C@@H]2O)c(=O)n1,0.7047257993365913,0.553782,0.70683813,0.8941322,218,353,698
109,CHEMBL1200334,MORICIZINE HYDROCHLORIDE,CCOC(=O)Nc1ccc2c(c1)N(C(=O)CCN1CCOCC1)c1ccccc1S2.Cl,0.7036731201706681,0.40430164,0.9116169,0.9453552,299,114,519
110,CHEMBL3989695,REGADENOSON,CNC(=O)c1cnn(-c2nc(N)c3ncn([C@@H]4O[C@H](CO)[C@@H](O)[C@H]4O)c3n2)c1.O,0.7013834651166758,0.53298944,0.7886674,0.82083166,222,245,875
111,CHEMBL439849,VILAZODONE,N#Cc1ccc2[nH]cc(CCCCN3CCN(c4ccc5oc(C(N)=O)cc5c4)CC3)c2c1,0.6998696475440369,0.5971576,0.8734151,0.657267,202,149,1160
112,CHEMBL3137318,TALAZOPARIB TOSYLATE,Cc1ccc(S(=O)(=O)O)cc1.Cn1ncnc1[C@H]1c2n[nH]c(=O)c3cc(F)cc(c23)N[C@@H]1c1ccc(F)cc1,0.6978677036558826,0.37227488,0.9717866,0.93947375,322,52,543
113,CHEMBL3989945,REZAFUNGIN,CCCCCOc1ccc(-c2ccc(-c3ccc(C(=O)N[C@H]4C[C@@H](O)[C@@H](OCC[N+](C)(C)C)NC(=O)[C@@H]5[C@@H](O)[C@@H](C)CN5C(=O)[C@H]([C@@H](C)O)NC(=O)[C@H]([C@H](O)[C@@H](O)c5ccc(O)cc5)NC(=O)[C@@H]5C[C@@H](O)CN5C(=O)[C@H]([C@@H](C)O)NC4=O)cc3)cc2)cc1,0.6889071051791645,0.5028572,0.67083186,0.96922284,232,396,417
114,CHEMBL3545367,LEMBOREXANT,Cc1ncc(OC[C@@]2(c3cccc(F)c3)C[C@H]2C(=O)Nc2ccc(F)cn2)c(C)n1,0.6887342187516989,0.8447653,0.9975712,0.38768145,98,5,1589
115,CHEMBL1075,MORICIZINE,CCOC(=O)Nc1ccc2c(c1)N(C(=O)CCN1CCOCC1)c1ccccc1S2,0.6881884613020495,0.3817956,0.90649474,0.94172907,317,119,536
116,CHEMBL3348923,TOVORAFENIB,C[C@@H](NC(=O)c1ncnc(N)c1Cl)c1ncc(C(=O)Nc2cc(C(F)(F)F)c(Cl)cn2)s1,0.6862050632145225,0.9752584,0.85432374,0.3878105,37,175,1588
117,CHEMBL1200472,QUAZEPAM,Fc1ccccc1C1=NCC(=S)N(CC(F)(F)F)c2ccc(Cl)cc21,0.6806228738352095,0.7784209,0.7600118,0.53294796,133,279,1346
118,CHEMBL111,RIMONABANT,Cc1c(C(=O)NN2CCCCC2)nn(-c2ccc(Cl)cc2Cl)c1-c1ccc(Cl)cc1,0.6736769784068612,0.99101275,0.7376445,0.41824308,19,309,1535
119,CHEMBL2110731,TOFOGLIFLOZIN ANHYDROUS,CCc1ccc(Cc2ccc3c(c2)[C@]2(OC3)O[C@H](CO)[C@@H](O)[C@H](O)[C@H]2O)cc1,0.669899800934721,0.30543324,0.9898538,0.9943567,386,22,140
120,CHEMBL2110774,CHLORPHENOXAMINE,CN(C)CCOC(C)(c1ccccc1)c1ccc(Cl)cc1,0.6687344613108357,0.4513691,0.666152,0.99461716,259,402,136
121,CHEMBL5416410,DASATINIB,Cc1nc(Nc2ncc(C(=O)Nc3c(C)cccc3Cl)s2)cc(N2CCN(CCO)CC2)n1.O,0.6588240312112787,0.99935466,0.99443215,0.28774878,9,11,1781
122,CHEMBL5314380,PASIREOTIDE DIASPARTATE,NCCCC[C@@H]1NC(=O)[C@@H](Cc2c[nH]c3ccccc23)NC(=O)[C@H](c2ccccc2)NC(=O)[C@@H]2C[C@@H](OC(=O)NCCN)CN2C(=O)[C@H](Cc2ccccc2)NC(=O)[C@H](Cc2ccc(OCc3ccccc3)cc2)NC1=O.N[C@@H](CC(=O)O)C(=O)O.N[C@@H](CC(=O)O)C(=O)O,0.6582195679707769,0.3240755,0.889009,0.9898287,363,133,220
123,CHEMBL1421,DASATINIB ANHYDROUS,Cc1nc(Nc2ncc(C(=O)Nc3c(C)cccc3Cl)s2)cc(N2CCN(CCO)CC2)n1,0.6568643355781403,0.9994727,0.99486935,0.28502968,7,9,1785
124,CHEMBL4204794,AVAPRITINIB,Cn1cc(-c2cc3c(N4CCN(c5ncc([C@@](C)(N)c6ccc(F)cc6)cn5)CC4)ncnn3c2)cn1,0.656052403306712,0.99072474,0.96622944,0.29497305,20,68,1761
125,CHEMBL1201319,METARAMINOL,C[C@H](N)[C@H](O)c1cccc(O)c1,0.6552451368502294,0.38671643,0.8619132,0.8440249,316,168,832
126,CHEMBL345524,ANTRAFENINE,O=C(OCCN1CCN(c2cccc(C(F)(F)F)c2)CC1)c1ccccc1Nc1ccnc2cc(C(F)(F)F)ccc12,0.6549474344322689,0.8279972,0.37344328,0.90858555,106,862,661
127,CHEMBL1567,SUNITINIB MALATE,CCN(CC)CCNC(=O)c1c(C)[nH]c(/C=C2\C(=O)Nc3ccc(F)cc32)c1C.O=C(O)C[C@H](O)C(=O)O,0.6542540460377196,0.33558884,0.84185654,0.9912738,346,189,200
128,CHEMBL2107831,LUSUTROMBOPAG,CCCCCCO[C@@H](C)c1cccc(-c2csc(NC(=O)c3cc(Cl)c(/C=C(\C)C(=O)O)c(Cl)c3)n2)c1OC,0.651696650589671,0.7576355,0.76321423,0.47866282,147,275,1430
129,CHEMBL2104537,AMOPROXAN,COc1cc(C(=O)OC(COCCC(C)C)CN2CCOCC2)cc(OC)c1OC,0.6492859053300939,0.4334645,0.6397149,0.9871154,274,434,253
130,CHEMBL2105980,CHLORPHENOXAMINE HYDROCHLORIDE,CN(C)CCOC(C)(c1ccccc1)c1ccc(Cl)cc1.Cl,0.6480384910703453,0.43896016,0.6248285,0.99223936,268,458,179
131,CHEMBL3039514,ELBASVIR,COC(=O)N[C@H](C(=O)N1CCC[C@H]1c1nc(-c2ccc3c(c2)O[C@@H](c2ccccc2)n2c-3cc3cc(-c4c[nH]c([C@@H]5CCCN5C(=O)[C@@H](NC(=O)OC)C(C)C)n4)ccc32)c[nH]1)C(C)C,0.6462636115868979,0.7288101,0.81498104,0.45443025,157,219,1475
132,CHEMBL1201184,LANREOTIDE ACETATE,CC(=O)O.CC(C)[C@@H]1NC(=O)[C@H](CCCCN)NC(=O)[C@@H](Cc2c[nH]c3ccccc23)NC(=O)[C@H](Cc2ccc(O)cc2)NC(=O)[C@@H](NC(=O)[C@H](N)Cc2ccc3ccccc3c2)CSSC[C@@H](C(=O)N[C@H](C(N)=O)[C@@H](C)O)NC1=O,0.6443607834028863,0.37206087,0.7248223,0.99206877,323,322,183
133,CHEMBL1329455,MOLSIDOMINE,CCOC(=O)[N-]c1c[n+](N2CCOCC2)no1,0.6426296846849406,0.41198832,0.90103745,0.71491534,293,124,1077
134,CHEMBL1623,MECLIZINE,Cc1cccc(CN2CCN(C(c3ccccc3)c3ccc(Cl)cc3)CC2)c1,0.6424782115498031,0.4130793,0.644949,0.995443,291,424,120
135,CHEMBL3989919,FOSNETUPITANT CHLORIDE HYDROCHLORIDE,Cc1ccccc1-c1cc(N2CC[N+](C)(COP(=O)(O)O)CC2)ncc1N(C)C(=O)C(C)(C)c1cc(C(F)(F)F)cc(C(F)(F)F)c1.Cl.[Cl-],0.642380837538649,0.55500746,0.48277313,0.98931783,217,659,222
136,CHEMBL1215,PHENYLEPHRINE,CNC[C@H](O)c1cccc(O)c1,0.6376111937092023,0.2987153,0.8799132,0.9862125,391,139,261
137,CHEMBL2303621,DACLATASVIR DIHYDROCHLORIDE,COC(=O)N[C@H](C(=O)N1CCC[C@H]1c1ncc(-c2ccc(-c3ccc(-c4cnc([C@@H]5CCCN5C(=O)[C@@H](NC(=O)OC)C(C)C)[nH]4)cc3)cc2)[nH]1)C(C)C.Cl.Cl,0.6310604392577579,0.5006132,0.5559178,0.90302545,234,557,675
138,CHEMBL577736,TYROTHRICIN,CC(C)C[C@@H]1NC(=O)[C@H](CCCN)NC(=O)[C@H](C(C)C)NC(=O)[C@H](Cc2ccc(O)cc2)N[C@@H](CCC(=O)O)C(=O)N[C@@H](CC(N)=O)C(=O)[C@@H](Cc2ccccc2)NC(=O)[C@H](Cc2ccccc2)NC(=O)[C@@H]2CCCN2C(=O)[C@@H](Cc2ccccc2)NC1=O,0.6300736478157084,0.31149408,0.864588,0.92878443,374,166,588
139,CHEMBL908,CHLORPROTHIXENE,CN(C)CC/C=C1/c2ccccc2Sc2ccc(Cl)cc21,0.6235032347018851,0.7816106,0.6252223,0.4960109,129,456,1399
140,CHEMBL3989917,FOSNETUPITANT,Cc1ccccc1-c1cc(N2CC[N+](C)(COP(=O)([O-])O)CC2)ncc1N(C)C(=O)C(C)(C)c1cc(C(F)(F)F)cc(C(F)(F)F)c1,0.6223060396926725,0.54885346,0.44564813,0.9852888,220,721,271
141,CHEMBL2023898,DACLATASVIR,COC(=O)N[C@H](C(=O)N1CCC[C@H]1c1ncc(-c2ccc(-c3ccc(-c4cnc([C@@H]5CCCN5C(=O)[C@@H](NC(=O)OC)C(C)C)[nH]4)cc3)cc2)[nH]1)C(C)C,0.619741919760556,0.484803,0.5397055,0.9097257,246,579,655
142,CHEMBL2159122,ELUXADOLINE,COc1ccc(CN(C(=O)[C@@H](N)Cc2c(C)cc(C(N)=O)cc2C)[C@@H](C)c2ncc(-c3ccccc3)[nH]2)cc1C(=O)O,0.6132407265926125,0.6588435,0.42034343,0.8327342,179,767,846
143,CHEMBL354541,LOMITAPIDE,O=C(NC1CCN(CCCCC2(C(=O)NCC(F)(F)F)c3ccccc3-c3ccccc32)CC1)c1ccccc1-c1ccc(C(F)(F)F)cc1,0.611730706835725,0.6810757,0.38283142,0.8779664,171,846,750
144,CHEMBL1200480,OCTREOTIDE ACETATE,CC(=O)O.C[C@@H](O)[C@@H]1NC(=O)[C@H](CCCCN)NC(=O)[C@@H](Cc2c[nH]c3ccccc23)NC(=O)[C@H](Cc2ccccc2)NC(=O)[C@@H](NC(=O)[C@H](N)Cc2ccccc2)CSSC[C@@H](C(=O)N[C@H](CO)[C@@H](C)O)NC1=O,0.6094008533664704,0.45476013,0.4995156,0.9962716,255,636,104
145,CHEMBL2105759,BARICITINIB,CCS(=O)(=O)N1CC(CC#N)(n2cc(-c3ncnc4[nH]ccc34)cn2)C1,0.6090071368516357,0.3872309,0.73014903,0.7988875,315,317,915
146,CHEMBL4297592,AMENAMEVIR,Cc1cccc(C)c1N(CC(=O)Nc1ccc(-c2ncon2)cc1)C(=O)C1CCS(=O)(=O)CC1,0.605397964490191,0.25512943,0.8732215,0.9959508,426,150,110
147,CHEMBL2105669,TEDIZOLID PHOSPHATE,Cn1nnc(-c2ccc(-c3ccc(N4C[C@H](COP(=O)(O)O)OC4=O)cc3F)cn2)n1,0.601588793190834,0.43358672,0.7350195,0.68316305,273,311,1115
148,CHEMBL1183717,ALMITRINE,C=CCNc1nc(NCC=C)nc(N2CCN(C(c3ccc(F)cc3)c3ccc(F)cc3)CC2)n1,0.6015109747795228,0.29369017,0.78242487,0.947106,397,255,514
149,CHEMBL141,LAMIVUDINE,Nc1ccn([C@@H]2CS[C@H](CO)O2)c(=O)n1,0.6001926520911405,0.41226006,0.626742,0.8367813,292,452,838
150,CHEMBL3137312,DASABUVIR,COc1c(-c2ccc3cc(NS(C)(=O)=O)ccc3c2)cc(-n2ccc(=O)[nH]c2=O)cc1C(C)(C)C,0.598272570771591,0.8739235,0.5181068,0.47293836,79,615,1443
151,CHEMBL1800159,RELUGOLIX,CONC(=O)Nc1ccc(-c2sc3c(c2CN(C)C)c(=O)n(-c2ccc(OC)nn2)c(=O)n3Cc2c(F)cccc2F)cc1,0.5978953835248331,0.25613287,0.9091053,0.9179016,425,118,625
152,CHEMBL3707310,LOTILANER,Cc1cc(C2=NO[C@@](c3cc(Cl)c(Cl)c(Cl)c3)(C(F)(F)F)C2)sc1C(=O)NCC(=O)NCC(F)(F)F,0.5971751593353156,0.5285692,0.431002,0.93481153,224,747,563
153,CHEMBL3544973,CEFTAROLINE FOSAMIL ACETATE,CC(=O)O.CCO/N=C(\C(=O)N[C@@H]1C(=O)N2C(C(=O)[O-])=C(Sc3nc(-c4cc[n+](C)cc4)cs3)CS[C@H]12)c1nsc(NP(=O)(O)O)n1.O,0.5951293662492242,0.39264774,0.86661804,0.6194458,307,161,1218
154,CHEMBL1615350,CLOMACRAN,CN(C)CCCC1c2ccccc2Nc2ccc(Cl)cc21,0.5947793599997875,0.820138,0.25695568,0.9984413,111,1182,70
155,CHEMBL3989960,SELADELPAR LYSINE,CCO[C@H](COc1ccc(C(F)(F)F)cc1)CSc1ccc(OCC(=O)O)c(C)c1.NCCCC[C@H](N)C(=O)O.O.O,0.5944298163761186,0.24694444,0.8674316,0.9805444,434,159,320
156,CHEMBL1483,ALBENDAZOLE,CCCSc1ccc2[nH]c(NC(=O)OC)nc2c1,0.5940960702401777,0.28344572,0.84147495,0.87914187,406,191,743
157,CHEMBL1086440,TRICLABENDAZOLE,CSc1nc2cc(Cl)c(Oc3cccc(Cl)c3Cl)cc2[nH]1,0.5931563336072821,0.9889387,0.47650623,0.44286317,25,671,1489
158,CHEMBL1617,RIFAXIMIN,CO[C@H]1/C=C/O[C@@]2(C)Oc3c(C)c(O)c4c(O)c(c5c(nc6cc(C)ccn65)c4c3C2=O)NC(=O)/C(C)=C\C=C\[C@H](C)[C@H](O)[C@@H](C)[C@@H](O)[C@@H](C)[C@H](OC(C)=O)[C@@H]1C,0.5875265982096202,0.4485569,0.91001844,0.49683806,261,116,1396
159,CHEMBL376488,BEDAQUILINE,COc1nc2ccc(Br)cc2cc1[C@@H](c1ccccc1)[C@@](O)(CCN(C)C)c1cccc2ccccc12,0.5864579988827706,0.6308685,0.3306225,0.967029,188,986,435
160,CHEMBL2104136,CLOMACRAN PHOSPHATE,CN(C)CCCC1c2ccccc2Nc2ccc(Cl)cc21.O=P(O)(O)O,0.5842501771677294,0.45634145,0.47332093,0.9233172,253,678,611
161,CHEMBL5314382,PASIREOTIDE PAMOATE,NCCCC[C@@H]1NC(=O)[C@@H](Cc2c[nH]c3ccccc23)NC(=O)[C@H](c2ccccc2)NC(=O)[C@@H]2C[C@@H](OC(=O)NCCN)CN2C(=O)[C@H](Cc2ccccc2)NC(=O)[C@H](Cc2ccc(OCc3ccccc3)cc2)NC1=O.O=C(O)c1cc2ccccc2c(Cc2c(O)c(C(=O)O)cc3ccccc23)c1O,0.5803043917694197,0.3963777,0.5005091,0.985023,304,635,275
162,CHEMBL4594383,PAFOLACIANINE SODIUM,CC1(C)C(/C=C/C2=C(Oc3ccc(C[C@H](NC(=O)c4ccc(NCc5cnc6nc(N)[nH]c(=O)c6n5)cc4)C(=O)[O-])cc3)/C(=C/C=C3\N(CCCCS(=O)(=O)[O-])c4ccc(S(=O)(=O)[O-])cc4C3(C)C)CCC2)=[N+](CCCCS(=O)(=O)[O-])c2ccc(S(=O)(=O)[O-])cc21.[Na+].[Na+].[Na+].[Na+],0.5776983960670772,0.4452037,0.8298496,0.5218496,266,202,1361
163,CHEMBL3948730,UMBRALISIB,CC(C)Oc1ccc(-c2nn([C@@H](C)c3oc4ccc(F)cc4c(=O)c3-c3cccc(F)c3)c3ncnc(N)c23)cc1F,0.5718091699361166,0.30568644,0.7633867,0.8011846,384,274,913
164,CHEMBL4297412,PAFOLACIANINE,CC1(C)C(/C=C/C2=C(Oc3ccc(C[C@H](NC(=O)c4ccc(NCc5cnc6nc(N)[nH]c(=O)c6n5)cc4)C(=O)[O-])cc3)/C(=C/C=C3\N(CCCCS(=O)(=O)[O-])c4ccc(S(=O)(=O)[O-])cc4C3(C)C)CCC2)=[N+](CCCCS(=O)(=O)[O-])c2ccc(S(=O)(=O)[O-])cc21.[H+].[H+].[H+].[H+],0.5676738440722429,0.42898756,0.8253373,0.51667863,277,207,1368
165,CHEMBL6068328,ELTROMBOPAG CHOLINE,CC1=NN(c2ccc(C)c(C)c2)C(=O)/C1=N\Nc1cccc(-c2cccc(C(=O)[O-])c2)c1O.C[N+](C)(C)CCO,0.566325875687043,0.5928036,0.52496076,0.58366215,203,604,1265
166,CHEMBL2105700,BEDAQUILINE FUMARATE,COc1nc2ccc(Br)cc2cc1[C@@H](c1ccccc1)[C@@](O)(CCN(C)C)c1cccc2ccccc12.O=C(O)/C=C/C(=O)O,0.5661950567020078,0.4870468,0.42361847,0.87973654,244,760,739
167,CHEMBL1173055,RUCAPARIB,CNCc1ccc(-c2[nH]c3cc(F)cc4c3c2CCNC4=O)cc1,0.5642318484724183,0.33350435,0.7257665,0.7421204,349,320,1031
168,CHEMBL2103883,AVATROMBOPAG,O=C(Nc1nc(-c2cc(Cl)cs2)c(N2CCN(C3CCCCC3)CC2)s1)c1cnc(N2CCC(C(=O)O)CC2)c(Cl)c1,0.5631725925788672,0.5844033,0.39313185,0.7774521,207,825,961
169,CHEMBL4297211,CEFIDEROCOL SULFATE TOSYLATE,CC(C)(O/N=C(\C(=O)N[C@@H]1C(=O)N2C(C(=O)O)=C(C[N+]3(CCNC(=O)c4ccc(O)c(O)c4Cl)CCCC3)CS[C@H]12)c1csc(N)n1)C(=O)O.CC(C)(O/N=C(\C(=O)N[C@@H]1C(=O)N2C(C(=O)O)=C(C[N+]3(CCNC(=O)c4ccc(O)c(O)c4Cl)CCCC3)CS[C@H]12)c1csc(N)n1)C(=O)O.CC(C)(O/N=C(\C(=O)N[C@@H]1C(=O)N2C(C(=O)O)=C(C[N+]3(CCNC(=O)c4ccc(O)c(O)c4Cl)CCCC3)CS[C@H]12)c1csc(N)n1)C(=O)O.Cc1ccc(S(=O)(=O)O)cc1.Cc1ccc(S(=O)(=O)O)cc1.Cc1ccc(S(=O)(=O)O)cc1.Cc1ccc(S(=O)(=O)[O-])cc1.O.O=S(=O)([O-])[O-],0.5598045665960752,0.24363731,0.802855,0.8968677,441,223,691
170,CHEMBL3186993,HYDROXYZINE HYDROCHLORIDE,Cl.Cl.OCCOCCN1CCN(C(c2ccccc2)c2ccc(Cl)cc2)CC1,0.556677397538569,0.2823077,0.61594427,0.9920798,410,468,182
171,CHEMBL1200967,BROMODIPHENHYDRAMINE HYDROCHLORIDE,CN(C)CCOC(c1ccccc1)c1ccc(Br)cc1.Cl,0.5493997402850465,0.7905396,0.3382779,0.620109,123,961,1217
172,CHEMBL3989868,TUCATINIB,Cc1cc(Nc2ncnc3ccc(NC4=NC(C)(C)CO4)cc23)ccc1Oc1ccn2ncnc2c1,0.5478795697415081,0.84471416,0.86590457,0.22484101,99,164,1915
173,CHEMBL539697,DABIGATRAN ETEXILATE,CCCCCCOC(=O)NC(=N)c1ccc(NCc2nc3cc(C(=O)N(CCC(=O)OCC)c4ccccn4)ccc3n2C)cc1,0.5463342495276768,0.23843473,0.705402,0.96954745,448,355,414
174,CHEMBL1200854,FLUPHENAZINE DECANOATE,CCCCCCCCCC(=O)OCCN1CCN(CCCN2c3ccccc3Sc3ccc(C(F)(F)F)cc32)CC1,0.5433266543110745,0.39367485,0.40888405,0.9964263,306,800,101
175,CHEMBL2103802,DAPAGLIFLOZIN PROPANEDIOL,CCOc1ccc(Cc2cc([C@@H]3O[C@H](CO)[C@@H](O)[C@H](O)[C@H]3O)ccc2Cl)cc1.C[C@H](O)CO.O,0.543288713984319,0.4007366,0.40698788,0.98322195,303,804,296
176,CHEMBL502097,MIPOMERSEN SODIUM,COCCO[C@@H]1[C@H](SP(=O)([O-])OC[C@H]2O[C@@H](n3cc(C)c(=O)[nH]c3=O)[C@H](OCCOC)[C@@H]2SP(=O)([O-])OC[C@H]2O[C@@H](n3cc(C)c(N)nc3=O)[C@H](OCCOC)[C@@H]2SP(=O)([O-])OC[C@H]2O[C@@H](n3cnc4c(N)ncnc43)C[C@@H]2SP(=O)([O-])OC[C@H]2O[C@@H](n3cnc4c(=O)[nH]c(N)nc43)C[C@@H]2SP(=O)([O-])OC[C@H]2O[C@@H](n3cc(C)c(=O)[nH]c3=O)C[C@@H]2SP(=O)([O-])OC[C@H]2O[C@@H](n3cc(C)c(N)nc3=O)C[C@@H]2SP(=O)([O-])OC[C@H]2O[C@@H](n3cc(C)c(=O)[nH]c3=O)C[C@@H]2SP(=O)([O-])OC[C@H]2O[C@@H](n3cnc4c(=O)[nH]c(N)nc43)C[C@@H]2SP(=O)([O-])OC[C@H]2O[C@@H](n3cc(C)c(N)nc3=O)C[C@@H]2SP(=O)([O-])OC[C@H]2O[C@@H](n3cc(C)c(=O)[nH]c3=O)C[C@@H]2SP(=O)([O-])OC[C@H]2O[C@@H](n3cc(C)c(=O)[nH]c3=O)C[C@@H]2SP(=O)([O-])OC[C@H]2O[C@@H](n3cc(C)c(N)nc3=O)C[C@@H]2SP(=O)([O-])OC[C@H]2O[C@@H](n3cnc4c(=O)[nH]c(N)nc43)[C@H](OCCOC)[C@@H]2SP(=O)([O-])OC[C@@H]2O[C@H](n3cc(C)c(N)nc3=O)[C@@H](OCCOC)[C@H]2SP(=O)([O-])OC[C@@H]2O[C@H](n3cnc4c(N)ncnc43)[C@@H](OCCOC)[C@H]2SP(=O)([O-])OC[C@@H]2O[C@H](n3cc(C)c(N)nc3=O)[C@@H](OCCOC)[C@H]2SP(=O)([O-])OC[C@@H]2O[C@H](n3cc(C)c(N)nc3=O)[C@@H](OCCOC)[C@H]2O)[C@@H](COP(=O)([O-])S[C@H]2[C@@H](OCCOC)[C@H](n3cc(C)c(N)nc3=O)O[C@@H]2COP(=O)([O-])S[C@H]2[C@@H](OCCOC)[C@H](n3cnc4c(=O)[nH]c(N)nc43)O[C@@H]2CO)O[C@H]1n1cc(C)c(N)nc1=O.[Na+].[Na+].[Na+].[Na+].[Na+].[Na+].[Na+].[Na+].[Na+].[Na+].[Na+].[Na+].[Na+].[Na+].[Na+].[Na+].[Na+].[Na+].[Na+],0.5400894550233285,0.26347023,0.6845835,0.8734521,420,381,761
177,CHEMBL2107495,TEMAFLOXACIN HYDROCHLORIDE,CC1CN(c2cc3c(cc2F)c(=O)c(C(=O)O)cn3-c2ccc(F)cc2F)CCN1.Cl,0.5377244142059091,0.824819,0.7180868,0.2625087,108,339,1835
178,CHEMBL1201245,BROMODIPHENHYDRAMINE,CN(C)CCOC(c1ccccc1)c1ccc(Br)cc1,0.5376620494953255,0.81989217,0.28611052,0.6625789,112,1097,1149
179,CHEMBL4650273,SETMELANOTIDE ACETATE,CC(=O)N[C@@H](CCCNC(=N)N)C(=O)N[C@H]1CSSC[C@@H](C(N)=O)NC(=O)[C@H](Cc2c[nH]c3ccccc23)NC(=O)[C@H](CCCNC(=N)N)NC(=O)[C@@H](Cc2ccccc2)NC(=O)[C@H](Cc2c[nH]cn2)NC(=O)[C@@H](C)NC1=O.CC(=O)O.CC(=O)O,0.5362359514361392,0.32693532,0.47358808,0.9958758,362,677,111
180,CHEMBL3989555,MECLIZINE HYDROCHLORIDE,Cc1cccc(CN2CCN(C(c3ccccc3)c3ccc(Cl)cc3)CC2)c1.Cl.Cl.O,0.5309398144529881,0.2425904,0.6312653,0.9773506,443,448,350
181,CHEMBL3989939,LAROTRECTINIB SULFATE,O=C(Nc1cnn2ccc(N3CCC[C@@H]3c3cc(F)ccc3F)nc12)N1CC[C@H](O)C1.O=S(=O)(O)O,0.52725687602118,0.4643197,0.68780065,0.45897293,250,373,1464
182,CHEMBL3039526,LASMIDITAN SUCCINATE,CN1CCC(C(=O)c2cccc(NC(=O)c3c(F)cc(F)cc3F)n2)CC1.CN1CCC(C(=O)c2cccc(NC(=O)c3c(F)cc(F)cc3F)n2)CC1.O=C(O)CCC(=O)O,0.5245867013607053,0.56646633,0.6736965,0.37828004,213,392,1609
183,CHEMBL4297528,RISDIPLAM,Cc1cn2nc(-c3cc(=O)n4cc(N5CCNC6(CC6)C5)ccc4n3)cc(C)c2n1,0.5200591793537791,0.14545612,0.96895176,0.99798524,561,61,81
184,CHEMBL277100,TEMAFLOXACIN,CC1CN(c2cc3c(cc2F)c(=O)c(C(=O)O)cn3-c2ccc(F)cc2F)CCN1,0.5173499116239269,0.78967196,0.68275374,0.25682798,124,382,1845
185,CHEMBL1098285,DISTIGMINE BROMIDE,CN(CCCCCCN(C)C(=O)Oc1ccc[n+](C)c1)C(=O)Oc1ccc[n+](C)c1.[Br-].[Br-],0.5171105508282823,0.15632837,0.9529292,0.9282218,538,85,589
186,CHEMBL2219411,MOMELOTINIB DIHYDROCHLORIDE,Cl.Cl.N#CCNC(=O)c1ccc(-c2ccnc(Nc3ccc(N4CCOCC4)cc3)n2)cc1,0.5166725854744517,0.4155574,0.6382162,0.52005273,288,438,1364
187,CHEMBL2105662,LOMITAPIDE MESYLATE,CS(=O)(=O)O.O=C(NC1CCN(CCCCC2(C(=O)NCC(F)(F)F)c3ccccc3-c3ccccc32)CC1)c1ccccc1-c1ccc(C(F)(F)F)cc1,0.5154965761157708,0.40640992,0.43150055,0.78114504,298,746,957
188,CHEMBL2219536,MIPOMERSEN,COCCO[C@@H]1[C@H](SP(=O)(O)OC[C@H]2O[C@@H](n3cc(C)c(=O)[nH]c3=O)[C@H](OCCOC)[C@@H]2SP(=O)(O)OC[C@H]2O[C@@H](n3cc(C)c(N)nc3=O)[C@H](OCCOC)[C@@H]2SP(=O)(O)OC[C@H]2O[C@@H](n3cnc4c(N)ncnc43)C[C@@H]2SP(=O)(O)OC[C@H]2O[C@@H](n3cnc4c(=O)[nH]c(N)nc43)C[C@@H]2SP(=O)(O)OC[C@H]2O[C@@H](n3cc(C)c(=O)[nH]c3=O)C[C@@H]2SP(=O)(O)OC[C@H]2O[C@@H](n3cc(C)c(N)nc3=O)C[C@@H]2SP(=O)(O)OC[C@H]2O[C@@H](n3cc(C)c(=O)[nH]c3=O)C[C@@H]2SP(=O)(O)OC[C@H]2O[C@@H](n3cnc4c(=O)[nH]c(N)nc43)C[C@@H]2SP(=O)(O)OC[C@H]2O[C@@H](n3cc(C)c(N)nc3=O)C[C@@H]2SP(=O)(O)OC[C@H]2O[C@@H](n3cc(C)c(=O)[nH]c3=O)C[C@@H]2SP(=O)(O)OC[C@H]2O[C@@H](n3cc(C)c(=O)[nH]c3=O)C[C@@H]2SP(=O)(O)OC[C@H]2O[C@@H](n3cc(C)c(N)nc3=O)C[C@@H]2SP(=O)(O)OC[C@H]2O[C@@H](n3cnc4c(=O)[nH]c(N)nc43)[C@H](OCCOC)[C@@H]2SP(=O)(O)OC[C@@H]2O[C@H](n3cc(C)c(N)nc3=O)[C@@H](OCCOC)[C@H]2SP(=O)(O)OC[C@@H]2O[C@H](n3cnc4c(N)ncnc43)[C@@H](OCCOC)[C@H]2SP(=O)(O)OC[C@@H]2O[C@H](n3cc(C)c(N)nc3=O)[C@@H](OCCOC)[C@H]2SP(=O)(O)OC[C@@H]2O[C@H](n3cc(C)c(N)nc3=O)[C@@H](OCCOC)[C@H]2O)[C@@H](COP(=O)(O)S[C@H]2[C@@H](OCCOC)[C@H](n3cc(C)c(N)nc3=O)O[C@@H]2COP(=O)(O)S[C@H]2[C@@H](OCCOC)[C@H](n3cnc4c(=O)[nH]c(N)nc43)O[C@@H]2CO)O[C@H]1n1cc(C)c(N)nc1=O,0.5150722073183311,0.24318705,0.6474186,0.867918,442,417,769
189,CHEMBL813,EPROSARTAN,CCCCc1ncc(/C=C(\Cc2cccs2)C(=O)O)n1Cc1ccc(C(=O)O)cc1,0.512856423630036,0.44531998,0.41522026,0.7295191,265,780,1054
190,CHEMBL501122,CEFTAROLINE FOSAMIL,CCO/N=C(\C(=O)N[C@@H]1C(=O)N2C(C(=O)[O-])=C(Sc3nc(-c4cc[n+](C)cc4)cs3)CS[C@H]12)c1nsc(NP(=O)(O)O)n1,0.5111734460621967,0.30946103,0.8310333,0.5193743,375,200,1365
191,CHEMBL3989958,IVOSIDENIB,N#Cc1ccnc(N2C(=O)CC[C@H]2C(=O)N(c2cncc(F)c2)[C@H](C(=O)NC2CC(F)(F)C2)c2ccccc2Cl)c1,0.5105602027189684,0.333006,0.84977645,0.47030994,351,179,1448
192,CHEMBL3353410,OSIMERTINIB,C=CC(=O)Nc1cc(Nc2nccc(-c3cn(C)c4ccccc34)n2)c(OC)cc1N(C)CCN(C)C,0.508471479275214,0.67450094,0.21596228,0.90248364,173,1315,678
193,CHEMBL1200328,DULOXETINE HYDROCHLORIDE,CNCC[C@H](Oc1cccc2ccccc12)c1cccs1.Cl,0.5084130701184566,0.9716797,0.15302068,0.8838466,40,1578,719
194,CHEMBL6068336,MOMELOTINIB DIHYDROCHLORIDE MONOHYDRATE,Cl.Cl.N#CCNC(=O)c1ccc(-c2ccnc(Nc3ccc(N4CCOCC4)cc3)n2)cc1.O,0.5083893986820462,0.40836105,0.6330519,0.5082833,295,443,1377
195,CHEMBL1201134,LUBIPROSTONE,CCCCC(F)(F)[C@@]1(O)CC[C@H]2[C@@H](CC(=O)[C@@H]2CCCCCCC(=O)O)O1,0.5079886522604806,0.1986573,0.66612184,0.9906125,486,403,207
196,CHEMBL518520,RALTEGRAVIR POTASSIUM,Cc1nnc(C(=O)NC(C)(C)c2nc(C(=O)NCc3ccc(F)cc3)c([O-])c(=O)n2C)o1.[K+],0.5072850658748073,0.6936906,0.8529202,0.22063887,165,177,1930
197,CHEMBL1200690,LYPRESSIN,NCCCC[C@H](NC(=O)[C@@H]1CCCN1C(=O)[C@@H]1CSSC[C@H](N)C(=O)N[C@@H](Cc2ccc(O)cc2)C(=O)N[C@@H](Cc2ccccc2)C(=O)N[C@@H](CCC(N)=O)C(=O)N[C@@H](CC(N)=O)C(=O)N1)C(=O)NCC(N)=O,0.5061030715309172,0.23539616,0.55688024,0.98890764,451,554,226
198,CHEMBL2018096,IPRAGLIFLOZIN,OC[C@H]1O[C@@H](c2ccc(F)c(Cc3cc4ccccc4s3)c2)[C@H](O)[C@@H](O)[C@@H]1O,0.505848178670537,0.7917277,0.16711529,0.97829205,119,1512,340
199,CHEMBL3989691,ELTROMBOPAG OLAMINE,CC1=NN(c2ccc(C)c(C)c2)C(=O)/C1=N\Nc1cccc(-c2cccc(C(=O)O)c2)c1O.NCCO.NCCO,0.5030230248219312,0.5015623,0.7593819,0.33417848,233,280,1684
200,CHEMBL1200597,ETIDOCAINE HYDROCHLORIDE,CCCN(CC)C(CC)C(=O)Nc1c(C)cccc1C.Cl,0.5015277228600437,0.8451635,0.3099475,0.48156616,96,1037,1423
201,CHEMBL1801800,METABROMSALAN,O=C(Nc1ccccc1)c1cc(Br)cc(Br)c1O,0.4997693043885778,0.9802085,0.51244956,0.24850729,32,620,1855
202,CHEMBL896,HYDROXYZINE,OCCOCCN1CCN(C(c2ccccc2)c2ccc(Cl)cc2)CC1,0.49963417253099646,0.21708801,0.5786337,0.9929259,465,522,168
203,CHEMBL4065616,REMDESIVIR,CCC(CC)COC(=O)[C@H](C)N[P@](=O)(OC[C@H]1O[C@@](C#N)(c2ccc3c(N)ncnn23)[C@H](O)[C@@H]1O)Oc1ccccc1,0.49951029132243574,0.21044785,0.6947604,0.85242033,475,366,803
204,CHEMBL2103875,TRAMETINIB,CC(=O)Nc1cccc(-n2c(=O)n(C3CC3)c(=O)c3c(Nc4ccc(I)cc4F)n(C)c(=O)c(C)c32)c1,0.4983406557397291,0.4086531,0.314409,0.9632282,294,1024,458
205,CHEMBL2374220,LEDIPASVIR,COC(=O)N[C@H](C(=O)N1CC2(CC2)C[C@H]1c1nc(-c2ccc3c(c2)C(F)(F)c2cc(-c4ccc5[nH]c([C@@H]6[C@H]7CC[C@H](C7)N6C(=O)[C@@H](NC(=O)OC)C(C)C)nc5c4)ccc2-3)c[nH]1)C(C)C,0.496250787446852,0.30548364,0.40989628,0.9759818,385,796,367
206,CHEMBL1615369,DABIGATRAN ETEXILATE MESYLATE,CCCCCCOC(=O)NC(=N)c1ccc(NCc2nc3cc(C(=O)N(CCC(=O)OCC)c4ccccn4)ccc3n2C)cc1.CS(=O)(=O)O,0.4931607369583599,0.16146971,0.793921,0.9356149,527,237,561
207,CHEMBL3990047,OZENOXACIN,CNc1ncc(-c2ccc3c(=O)c(C(=O)O)cn(C4CC4)c3c2C)cc1C,0.49022541678052883,0.62042207,0.2879478,0.65945697,193,1091,1155
208,CHEMBL1200494,GUANFACINE HYDROCHLORIDE,Cl.N=C(N)NC(=O)Cc1c(Cl)cccc1Cl,0.4898073150017731,0.6699115,0.7493905,0.2340724,176,297,1890
209,CHEMBL5315050,ATOSIBAN ACETATE,CC(=O)O.CCOc1ccc(C[C@H]2NC(=O)CCSSC[C@@H](C(=O)N3CCC[C@H]3C(=O)N[C@@H](CCCN)C(=O)NCC(N)=O)NC(=O)[C@H](CC(N)=O)NC(=O)[C@H]([C@@H](C)O)NC(=O)[C@H]([C@@H](C)CC)NC2=O)cc1,0.4886270655026938,0.15214239,0.7745712,0.9899676,547,266,217
210,CHEMBL1200951,FLUPHENAZINE ENANTHATE,CCCCCCC(=O)OCCN1CCN(CCCN2c3ccccc3Sc3ccc(C(F)(F)F)cc32)CC1,0.4872395618854883,0.32883963,0.35327333,0.9957094,360,922,115
211,CHEMBL1200965,BACAMPICILLIN HYDROCHLORIDE,CCOC(=O)OC(C)OC(=O)[C@@H]1N2C(=O)[C@@H](NC(=O)[C@H](N)c3ccccc3)[C@H]2SC1(C)C.Cl,0.4849220601089605,0.22909814,0.93320596,0.5333555,458,102,1345
212,CHEMBL1702,ATOMOXETINE HYDROCHLORIDE,CNCC[C@@H](Oc1ccccc1C)c1ccccc1.Cl,0.4843221096490938,0.42000815,0.29511726,0.91653824,285,1069,635
213,CHEMBL254316,RALTEGRAVIR,Cc1nnc(C(=O)NC(C)(C)c2nc(C(=O)NCc3ccc(F)cc3)c(O)c(=O)n2C)o1,0.4842758739845813,0.69170386,0.8344057,0.19678003,166,198,1996
214,CHEMBL1200703,CHLORDIAZEPOXIDE HYDROCHLORIDE,CNC1=Nc2ccc(Cl)cc2C(c2ccccc2)=[N+]([O-])C1.Cl,0.48382732949086144,0.89111525,0.85072404,0.14939931,70,178,2139
215,CHEMBL1201108,CONIVAPTAN HYDROCHLORIDE,Cc1nc2c([nH]1)-c1ccccc1N(C(=O)c1ccc(NC(=O)c3ccccc3-c3ccccc3)cc1)CC2.Cl,0.48327940240808037,0.27864718,0.47117534,0.85972124,411,683,787
216,CHEMBL1255739,METHAPYRILENE HYDROCHLORIDE,CN(C)CCN(Cc1cccs1)c1ccccn1.Cl,0.4830753655292673,0.8489801,0.15011133,0.884573,95,1590,716
217,CHEMBL59,DOPAMINE,NCCc1ccc(O)c(O)c1,0.48171241769048934,0.20323284,0.97540843,0.5638754,481,46,1299
218,CHEMBL1755,CONIVAPTAN,Cc1nc2c([nH]1)-c1ccccc1N(C(=O)c1ccc(NC(=O)c3ccccc3-c3ccccc3)cc1)CC2,0.4799250867465055,0.2750778,0.4671336,0.8602481,413,692,786
219,CHEMBL5315119,UPADACITINIB HEMIHYDRATE,CC[C@@H]1CN(C(=O)NCC(F)(F)F)C[C@@H]1c1cnc2cnc3[nH]ccc3n12.CC[C@@H]1CN(C(=O)NCC(F)(F)F)C[C@@H]1c1cnc2cnc3[nH]ccc3n12.O,0.47961831649607833,0.35094637,0.33781987,0.9305963,338,965,577
220,CHEMBL291338,"3,3',4',5-TETRACHLOROSALICYLANILIDE",O=C(Nc1ccc(Cl)c(Cl)c1)c1cc(Cl)cc(Cl)c1O,0.4787007914991974,0.99027073,0.7793472,0.14213713,21,262,2168
221,CHEMBL1464,WARFARIN,CC(=O)CC(c1ccccc1)c1c(O)c2ccccc2oc1=O,0.4783477357420643,0.5644483,0.25643396,0.7561909,214,1183,1009
222,CHEMBL451,CHLORDIAZEPOXIDE,CNC1=Nc2ccc(Cl)cc2C(c2ccccc2)=[N+]([O-])C1,0.47820292630728833,0.88548374,0.8396428,0.14708267,72,194,2149
223,CHEMBL3544985,DASABUVIR SODIUM MONOHYDRATE,COc1c(-c2ccc3cc(NS(C)(=O)=O)ccc3c2)cc(-n2ccc(=O)[n-]c2=O)cc1C(C)(C)C.O.[Na+],0.47819365457120944,0.6716928,0.41552588,0.39178035,175,778,1580
224,CHEMBL4297185,DAROLUTAMIDE,CC(O)c1cc(C(=O)N[C@@H](C)Cn2ccc(-c3ccc(C#N)c(Cl)c3)n2)n[nH]1,0.47585428539209274,0.748097,0.7412449,0.19431321,151,305,2002
225,CHEMBL4650319,MOBOCERTINIB,C=CC(=O)Nc1cc(Nc2ncc(C(=O)OC(C)C)c(-c3cn(C)c4ccccc34)n2)c(OC)cc1N(C)CCN(C)C,0.47466254792783547,0.42424396,0.2587083,0.97438115,283,1177,380
226,CHEMBL1175,DULOXETINE,CNCC[C@H](Oc1cccc2ccccc12)c1cccs1,0.4744680899496197,0.9781174,0.1200264,0.9098153,34,1717,654
227,CHEMBL218650,DELAMANID,C[C@]1(COc2ccc(N3CCC(Oc4ccc(OC(F)(F)F)cc4)CC3)cc2)Cn2cc([N+](=O)[O-])nc2O1,0.4742256130422544,0.47176054,0.2776778,0.8141272,248,1119,891
228,CHEMBL1201197,ALATROFLOXACIN,C[C@H](N)C(=O)N[C@@H](C)C(=O)N[C@H]1[C@@H]2CN(c3nc4c(cc3F)c(=O)c(C(=O)O)cn4-c3ccc(F)cc3F)C[C@@H]21,0.47387143985961877,0.33178678,0.559265,0.5734623,355,549,1284
229,CHEMBL668,PROTRIPTYLINE,CNCCCC1c2ccccc2C=Cc2ccccc21,0.4738307936053207,0.49382433,0.22872277,0.9418635,238,1269,535
230,CHEMBL2105695,TELOTRISTAT ETHYL,CCOC(=O)[C@@H](N)Cc1ccc(-c2cc(O[C@H](c3ccc(Cl)cc3-n3ccc(C)n3)C(F)(F)F)nc(N)n2)cc1,0.47334863690558987,0.44791818,0.6490013,0.3648372,263,414,1628
231,CHEMBL395429,OXYTOCIN,CC[C@H](C)[C@@H]1NC(=O)[C@H](Cc2ccc(O)cc2)NC(=O)[C@@H](N)CSSC[C@@H](C(=O)N2CCC[C@H]2C(=O)N[C@@H](CC(C)C)C(=O)NCC(N)=O)NC(=O)[C@H](CC(N)=O)NC(=O)[C@H](CCC(N)=O)NC1=O,0.4728191506060804,0.17193733,0.61829597,0.99430263,515,467,143
232,CHEMBL3622821,UPADACITINIB,CC[C@@H]1CN(C(=O)NCC(F)(F)F)C[C@@H]1c1cnc2cnc3[nH]ccc3n12,0.4694064517206021,0.33720922,0.3296183,0.9305429,343,991,578
233,CHEMBL1789941,RUXOLITINIB,N#CC[C@H](C1CCCC1)n1cc(-c2ncnc3[nH]ccc23)cn1,0.46929939720455316,0.6836545,0.1718484,0.87976736,168,1494,738
234,CHEMBL677,LEVONORDEFRIN,C[C@H](N)[C@H](O)c1ccc(O)c(O)c1,0.46781576475043407,0.34948775,0.95062125,0.30816627,340,87,1739
235,CHEMBL862,GUANFACINE,N=C(N)NC(=O)Cc1c(Cl)cccc1Cl,0.4668952578157224,0.62825114,0.7111976,0.22779007,190,345,1905
236,CHEMBL1078178,MOMELOTINIB,N#CCNC(=O)c1ccc(-c2ccnc(Nc3ccc(N4CCOCC4)cc3)n2)cc1,0.46667637276713964,0.35932875,0.5884642,0.4806572,330,504,1426
237,CHEMBL3545185,SELINEXOR,O=C(/C=C\n1cnc(-c2cc(C(F)(F)F)cc(C(F)(F)F)c2)n1)NNc1cnccn1,0.4643455647850677,0.62953913,0.43449387,0.36603072,189,740,1623
238,CHEMBL1750,CLOFARABINE,Nc1nc(Cl)nc2c1ncn2[C@@H]1O[C@H](CO)[C@@H](O)[C@@H]1F,0.46416140986224697,0.92223805,0.4636405,0.23387438,56,695,1892
239,CHEMBL580,LORAZEPAM,O=C1Nc2ccc(Cl)cc2C(c2ccccc2Cl)=NC1O,0.4636278748159024,0.4069129,0.47652277,0.51395315,296,670,1373
240,CHEMBL4802239,MOBOCERTINIB SUCCINATE,C=CC(=O)Nc1cc(Nc2ncc(C(=O)OC(C)C)c(-c3cn(C)c4ccccc34)n2)c(OC)cc1N(C)CCN(C)C.O=C(O)CCC(=O)O,0.4623461355960246,0.3609815,0.2805187,0.9760114,328,1112,365
241,CHEMBL1630575,CASPOFUNGIN,CC[C@H](C)C[C@H](C)CCCCCCCCC(=O)N[C@H]1C[C@@H](O)[C@@H](NCCN)NC(=O)[C@@H]2[C@@H](O)CCN2C(=O)[C@H]([C@H](O)CCN)NC(=O)[C@H]([C@H](O)[C@@H](O)c2ccc(O)cc2)NC(=O)[C@@H]2C[C@@H](O)CN2C(=O)[C@H]([C@@H](C)O)NC1=O,0.4618424045141203,0.1657721,0.6014145,0.988089,523,490,239
242,CHEMBL1200332,PROTRIPTYLINE HYDROCHLORIDE,CNCCCC1c2ccccc2C=Cc2ccccc21.Cl,0.4599943125533516,0.4352043,0.243922,0.91688156,271,1216,633
243,CHEMBL1201022,PHENAZOPYRIDINE HYDROCHLORIDE,Cl.Nc1ccc(/N=N/c2ccccc2)c(N)n1,0.45938437883172506,0.29346943,0.90270925,0.36594677,398,121,1624
244,CHEMBL1583,BACAMPICILLIN,CCOC(=O)OC(C)OC(=O)[C@@H]1N2C(=O)[C@@H](NC(=O)[C@H](N)c3ccccc3)[C@H]2SC1(C)C,0.45771616030901985,0.1980394,0.92538136,0.5232586,489,106,1357
245,CHEMBL429910,DAPAGLIFLOZIN,CCOc1ccc(Cc2cc([C@@H]3O[C@H](CO)[C@@H](O)[C@H](O)[C@H]3O)ccc2Cl)cc1,0.45660666845101483,0.40214866,0.24111181,0.98179686,301,1225,305
246,CHEMBL970,HALAZEPAM,O=C1CN=C(c2ccccc2)c2cc(Cl)ccc2N1CC(F)(F)F,0.45650186136110027,0.42488357,0.5025504,0.44553113,282,633,1486
247,CHEMBL1437,NOREPINEPHRINE,NC[C@H](O)c1ccc(O)c(O)c1,0.455755749339036,0.32251886,0.9691159,0.30287656,364,60,1748
248,CHEMBL492,ETIDOCAINE,CCCN(CC)C(CC)C(=O)Nc1c(C)cccc1C,0.45518732395942185,0.83631325,0.21327268,0.5287694,102,1328,1350
249,CHEMBL1723,ALFUZOSIN HYDROCHLORIDE,COc1cc2nc(N(C)CCCNC(=O)C3CCCO3)nc(N)c2cc1OC.Cl,0.45282653446616883,0.45572895,0.7441978,0.2737793,254,303,1813
250,CHEMBL5315054,ERTUGLIFLOZIN PIDOLATE,CCOc1ccc(Cc2cc([C@]34OC[C@](CO)(O3)[C@@H](O)[C@H](O)[C@H]4O)ccc2Cl)cc1.O=C1CC[C@@H](C(=O)O)N1,0.4504224981441011,0.13549891,0.96968824,0.69549227,577,56,1099
251,CHEMBL79,LIDOCAINE,CCN(CC)CC(=O)Nc1c(C)cccc1C,0.45037166150682545,0.12399721,0.76171803,0.9671794,601,276,434
252,CHEMBL3545068,COPANLISIB HYDROCHLORIDE,COc1c(OCCCN2CCOCC2)ccc2c1N=C(NC(=O)c1cnc(N)nc1)N1CCN=C21.Cl.Cl,0.44990580825414095,0.73388875,0.96534234,0.1285444,154,70,2223
253,CHEMBL2135460,TERLIPRESSIN,NCCCC[C@H](NC(=O)[C@@H]1CCCN1C(=O)[C@@H]1CSSC[C@H](NC(=O)CNC(=O)CNC(=O)CN)C(=O)N[C@@H](Cc2ccc(O)cc2)C(=O)N[C@@H](Cc2ccccc2)C(=O)N[C@@H](CCC(N)=O)C(=O)N[C@@H](CC(N)=O)C(=O)N1)C(=O)NCC(N)=O,0.44926611618478873,0.14551061,0.63349175,0.9837287,560,442,287
254,CHEMBL2105638,DELAFLOXACIN MEGLUMINE,CNC[C@H](O)[C@@H](O)[C@H](O)[C@H](O)CO.Nc1nc(-n2cc(C(=O)O)c(=O)c3cc(F)c(N4CC(O)C4)c(Cl)c32)c(F)cc1F,0.4461887396073089,0.50789297,0.5275282,0.3315415,229,598,1687
255,CHEMBL373742,VASOPRESSIN,N=C(N)NCCC[C@H](NC(=O)[C@@H]1CCCN1C(=O)[C@@H]1CSSC[C@H](N)C(=O)N[C@@H](Cc2ccc(O)cc2)C(=O)N[C@@H](Cc2ccccc2)C(=O)N[C@@H](CCC(N)=O)C(=O)N[C@@H](CC(N)=O)C(=O)N1)C(=O)NCC(N)=O,0.44482267942074544,0.18566047,0.48060492,0.9864001,502,663,257
256,CHEMBL3989724,FLURAZEPAM HYDROCHLORIDE,CCN(CC)CCN1C(=O)CN=C(c2ccccc2F)c2cc(Cl)ccc21.Cl.Cl,0.44420481402402134,0.2149542,0.47538027,0.8577539,470,674,791
257,CHEMBL1242,PHENAZOPYRIDINE,Nc1ccc(/N=N/c2ccccc2)c(N)n1,0.4441463110550005,0.2382326,0.898921,0.40912446,449,127,1555
258,CHEMBL24944,TRIBROMSALAN,O=C(Nc1ccc(Br)cc1)c1cc(Br)cc(Br)c1O,0.4428984228524074,0.97358465,0.35881782,0.24869363,38,905,1854
259,CHEMBL1200406,DIMENHYDRINATE,CN(C)CCOC(c1ccccc1)c1ccccc1.Cn1c(=O)c2[nH]c(Cl)nc2n(C)c1=O,0.44081088329426127,0.57978463,0.70574665,0.20933479,209,354,1958
260,CHEMBL2105758,AVATROMBOPAG MALEATE,O=C(Nc1nc(-c2cc(Cl)cs2)c(N2CCN(C3CCCCC3)CC2)s1)c1cnc(N2CCC(C(=O)O)CC2)c(Cl)c1.O=C(O)/C=C\C(=O)O,0.44031568603348364,0.52811885,0.77957946,0.20734827,225,260,1962
261,CHEMBL2105711,TOFOGLIFLOZIN,CCc1ccc(Cc2ccc3c(c2)[C@]2(OC3)O[C@H](CO)[C@@H](O)[C@H](O)[C@H]2O)cc1.O,0.4397205893842498,0.08910207,0.9774203,0.9762506,741,41,364
262,CHEMBL189171,ACEMETACIN,COc1ccc2c(c1)c(CC(=O)OCC(=O)O)c(C)n2C(=O)c1ccc(Cl)cc1,0.4394863846096601,0.16076294,0.6903893,0.76481485,529,372,994
263,CHEMBL6068339,IRBESARTAN HYDROCHLORIDE,CCCCC1=NC2(CCCC2)C(=O)N1Cc1ccc(-c2ccccc2-c2nnn[nH]2)cc1.Cl,0.4379380260277541,0.15272512,0.8740379,0.6292123,545,147,1201
264,CHEMBL1411979,METHAPYRILENE,CN(C)CCN(Cc1cccs1)c1ccccn1,0.4364691522333124,0.85450613,0.10661595,0.9126899,87,1783,646
265,CHEMBL1795071,RUXOLITINIB PHOSPHATE,N#CC[C@H](C1CCCC1)n1cc(-c2ncnc3[nH]ccc23)cn1.O=P(O)(O)O,0.4361165147080684,0.6417704,0.28660107,0.45097256,184,1095,1481
266,CHEMBL709,ALFUZOSIN,COc1cc2nc(N(C)CCCNC(=O)C3CCCO3)nc(N)c2cc1OC,0.43578710601254994,0.427433,0.7217173,0.2682798,278,328,1817
267,CHEMBL641,ATOMOXETINE,CNCC[C@@H](Oc1ccccc1C)c1ccccc1,0.4342210459947844,0.4137258,0.21294282,0.9293023,290,1330,585
268,CHEMBL2028987,DEGARELIX ACETATE,CC(=O)N[C@H](Cc1ccc2ccccc2c1)C(=O)N[C@H](Cc1ccc(Cl)cc1)C(=O)N[C@H](Cc1cccnc1)C(=O)N[C@@H](CO)C(=O)N[C@@H](Cc1ccc(NC(=O)[C@@H]2CC(=O)NC(=O)N2)cc1)C(=O)N[C@H](Cc1ccc(NC(N)=O)cc1)C(=O)N[C@@H](CC(C)C)C(=O)N[C@@H](CCCCNC(C)C)C(=O)N1CCC[C@H]1C(=O)N[C@H](C)C(N)=O.CC(=O)O,0.4324154049089928,0.08554587,0.9526284,0.9921582,759,86,181
269,CHEMBL1200409,LIDOCAINE HYDROCHLORIDE,CCN(CC)CC(=O)Nc1c(C)cccc1C.Cl.O,0.43219793324147804,0.111099906,0.75298005,0.9650524,647,289,447
270,CHEMBL3039507,SOTAGLIFLOZIN,CCOc1ccc(Cc2cc([C@@H]3O[C@H](SC)[C@@H](O)[C@H](O)[C@H]3O)ccc2Cl)cc1,0.4308574413743393,0.43617806,0.19068427,0.96166116,269,1424,466
271,CHEMBL3218576,COPANLISIB,COc1c(OCCCN2CCOCC2)ccc2c1N=C(NC(=O)c1cnc(N)nc1)N1CCN=C21,0.43065414796757495,0.6851558,0.95796794,0.121687405,167,80,2255
272,CHEMBL1719,OLOPATADINE HYDROCHLORIDE,CN(C)CC/C=C1/c2ccccc2COc2ccc(CC(=O)O)cc21.Cl,0.42993760830366906,0.29785573,0.53659564,0.4972367,392,585,1395
273,CHEMBL1760,TERBUTALINE,CC(C)(C)NCC(O)c1cc(O)cc(O)c1,0.4291380099303827,0.3071881,0.3897135,0.66014767,379,832,1154
274,CHEMBL1557,DOPAMINE HYDROCHLORIDE,Cl.NCCc1ccc(O)c(O)c1,0.4271288020367649,0.28787592,0.9665181,0.28006655,403,67,1797
275,CHEMBL3833353,PRAMLINTIDE ACETATE,CC(=O)O.CC[C@H](C)[C@H](NC(=O)[C@@H]1CCCN1C(=O)CNC(=O)[C@H](Cc1ccccc1)NC(=O)[C@H](CC(N)=O)NC(=O)[C@H](CC(N)=O)NC(=O)[C@H](CO)NC(=O)[C@H](CO)NC(=O)[C@H](Cc1c[nH]cn1)NC(=O)[C@@H](NC(=O)[C@H](CC(C)C)NC(=O)[C@H](Cc1ccccc1)NC(=O)[C@H](CC(N)=O)NC(=O)[C@H](C)NC(=O)[C@H](CC(C)C)NC(=O)[C@H](CCCNC(=N)N)NC(=O)[C@H](CCC(N)=O)NC(=O)[C@@H](NC(=O)[C@H](C)NC(=O)[C@@H]1CSSC[C@H](NC(=O)[C@@H](N)CCCCN)C(=O)N[C@@H](CC(N)=O)C(=O)N[C@@H]([C@@H](C)O)C(=O)N[C@@H](C)C(=O)N[C@@H]([C@@H](C)O)C(=O)N1)[C@@H](C)O)C(C)C)C(=O)N[C@@H](CC(C)C)C(=O)N1CCC[C@H]1C(=O)N1CCC[C@H]1C(=O)N[C@H](C(=O)N[C@@H](CC(N)=O)C(=O)N[C@H](C(=O)NCC(=O)N[C@@H](CO)C(=O)N[C@@H](CC(N)=O)C(=O)N[C@H](C(=O)N[C@@H](Cc1ccc(O)cc1)C(N)=O)[C@@H](C)O)C(C)C)[C@@H](C)O,0.426291953901725,0.100146964,0.7742631,0.99906796,690,268,55
276,CHEMBL1201287,DEXBROMPHENIRAMINE,CN(C)CC[C@@H](c1ccc(Br)cc1)c1ccccn1,0.42501460482598713,0.94852465,0.1545572,0.5236893,47,1568,1356
277,CHEMBL86,METOCLOPRAMIDE,CCN(CC)CCNC(=O)c1cc(Cl)c(N)cc1OC,0.42297755561341827,0.32742143,0.8754758,0.26399803,361,143,1830
278,CHEMBL1513,IRBESARTAN,CCCCC1=NC2(CCCC2)C(=O)N1Cc1ccc(-c2ccccc2-c2nnn[nH]2)cc1,0.4227629200819767,0.13939072,0.86083245,0.6297065,571,169,1200
279,CHEMBL1200554,TRIPTORELIN PAMOATE,CC(C)C[C@H](NC(=O)[C@@H](Cc1c[nH]c2ccccc12)NC(=O)[C@H](Cc1ccc(O)cc1)NC(=O)[C@H](CO)NC(=O)[C@H](Cc1c[nH]c2ccccc12)NC(=O)[C@H](Cc1c[nH]cn1)NC(=O)[C@@H]1CCC(=O)N1)C(=O)N[C@@H](CCCNC(=N)N)C(=O)N1CCC[C@H]1C(=O)NCC(N)=O.O=C(O)c1cc2ccccc2c(Cc2c(O)c(C(=O)O)cc3ccccc23)c1O,0.42183972714974205,0.15635042,0.48083258,0.9985033,537,662,66
280,CHEMBL2010601,IVACAFTOR,CC(C)(C)c1cc(C(C)(C)C)c(NC(=O)c2c[nH]c3ccccc3c2=O)cc1O,0.4199300460601566,0.3464064,0.33543268,0.63729364,341,971,1190
281,CHEMBL1200987,EPROSARTAN MESYLATE,CCCCc1ncc(/C=C(\Cc2cccs2)C(=O)O)n1Cc1ccc(C(=O)O)cc1.CS(=O)(=O)O,0.41940480780898515,0.33305228,0.3819889,0.57987857,350,849,1272
282,CHEMBL1189432,OLOPATADINE,CN(C)CC/C=C1/c2ccccc2COc2ccc(CC(=O)O)cc21,0.4189270259956603,0.28929687,0.52159536,0.4872341,401,607,1413
283,CHEMBL451930,PLITIDEPSIN,CC[C@H](C)[C@H]1NC(=O)[C@@H](NC(=O)[C@@H](CC(C)C)N(C)C(=O)[C@@H]2CCCN2C(=O)C(C)=O)[C@@H](C)OC(=O)[C@H](Cc2ccc(OC)cc2)N(C)C(=O)[C@@H]2CCCN2C(=O)[C@H](CC(C)C)NC(=O)[C@@H](C)C(=O)[C@H](C(C)C)OC(=O)C[C@@H]1O,0.41791613044217474,0.11297467,0.71407735,0.9047759,638,343,670
284,CHEMBL5315049,SITAGLIPTIN FUMARATE,N[C@@H](CC(=O)N1CCn2c(nnc2C(F)(F)F)C1)Cc1cc(F)c(F)cc1F.O=C(O)/C=C\C(=O)O,0.4173496188407445,0.43078664,0.5362108,0.31470403,276,587,1726
285,CHEMBL2105680,RIFAMYCIN SODIUM,CO[C@H]1/C=C/O[C@@]2(C)Oc3c(C)c([O-])c4c(O)c(cc(O)c4c3C2=O)NC(=O)/C(C)=C\C=C\[C@H](C)[C@H](O)[C@@H](C)[C@@H](O)[C@@H](C)[C@H](OC(C)=O)[C@@H]1C.[Na+],0.4171986261851519,0.19586183,0.45048475,0.82299787,491,716,868
286,CHEMBL1963681,AVANAFIL,COc1ccc(CNc2nc(N3CCC[C@H]3CO)ncc2C(=O)NCc2ncccn2)cc1Cl,0.41717665264612064,0.29875806,0.7910594,0.3072071,390,242,1740
287,CHEMBL968,FLURAZEPAM,CCN(CC)CCN1C(=O)CN=C(c2ccccc2F)c2cc(Cl)ccc21,0.4169293105483807,0.19191557,0.445363,0.84793574,496,722,819
288,CHEMBL437765,RIFAMYCIN,CO[C@H]1/C=C/O[C@@]2(C)Oc3c(C)c(O)c4c(O)c(cc(O)c4c3C2=O)NC(=O)/C(C)=C\C=C\[C@H](C)[C@H](O)[C@@H](C)[C@@H](O)[C@@H](C)[C@H](OC(C)=O)[C@@H]1C,0.41386659112795376,0.1876215,0.4377138,0.8631937,499,734,782
289,CHEMBL864,CARBINOXAMINE,CN(C)CCOC(c1ccc(Cl)cc1)c1ccccn1,0.41345407649761284,0.18229312,0.45513862,0.85185933,508,709,807
290,CHEMBL1201353,DEXCHLORPHENIRAMINE,CN(C)CC[C@@H](c1ccc(Cl)cc1)c1ccccn1,0.4127528538270686,0.26198965,0.36345235,0.73847985,421,890,1041
291,CHEMBL42,CLOZAPINE,CN1CCN(C2=Nc3cc(Cl)ccc3Nc3ccccc32)CC1,0.41180322034390027,0.39187956,0.17918886,0.9945018,310,1458,138
292,CHEMBL3833368,RUCAPARIB CAMSYLATE,CC1(C)[C@@H]2CC[C@@]1(CS(=O)(=O)O)C(=O)C2.CNCc1ccc(-c2[nH]c3cc(F)cc4c3c2CCNC4=O)cc1,0.41145813539190407,0.10867735,0.9687609,0.6616393,658,62,1150
293,CHEMBL601719,CRIZOTINIB,C[C@@H](Oc1cc(-c2cnn(C3CCNCC3)c2)cnc1N)c1c(Cl)ccc(F)c1Cl,0.41019822225033065,0.9986727,0.34120527,0.20255473,13,950,1975
294,CHEMBL1208155,ELAGOLIX,COc1cccc(-c2c(C)n(Cc3c(F)cccc3C(F)(F)F)c(=O)n(C[C@H](NCCCC(=O)O)c3ccccc3)c2=O)c1F,0.40885970397162513,0.4454727,0.15601192,0.9834314,264,1553,292
295,CHEMBL4582651,PRALSETINIB,CO[C@]1(C(=O)N[C@@H](C)c2ccc(-n3cc(F)cn3)nc2)CC[C@H](c2nc(C)cc(Nc3cc(C)[nH]n3)n2)CC1,0.408765023259528,0.12129813,0.6140576,0.9169761,606,469,631
296,CHEMBL1480987,CYCLANDELATE,CC1CC(OC(=O)C(O)c2ccccc2)CC(C)(C)C1,0.40833557960111744,0.5816627,0.24144185,0.48480588,208,1222,1417
297,CHEMBL3349607,PASIREOTIDE,NCCCC[C@@H]1NC(=O)[C@@H](Cc2c[nH]c3ccccc23)NC(=O)[C@H](c2ccccc2)NC(=O)[C@@H]2C[C@@H](OC(=O)NCCN)CN2C(=O)[C@H](Cc2ccccc2)NC(=O)[C@H](Cc2ccc(OCc3ccccc3)cc2)NC1=O,0.4078064379341394,0.09999867,0.7202945,0.9415816,692,333,537
298,CHEMBL713,ENTECAVIR ANHYDROUS,C=C1[C@H](CO)[C@@H](O)C[C@@H]1n1cnc2c(=O)[nH]c(N)nc21,0.403195938290905,0.11334969,0.6850929,0.84407026,635,379,831
299,CHEMBL387675,DAPTOMYCIN,CCCCCCCCCC(=O)N[C@@H](Cc1c[nH]c2ccccc12)C(=O)N[C@@H](CC(N)=O)C(=O)N[C@@H](CC(=O)O)C(=O)N[C@@H]1C(=O)NCC(=O)N[C@@H](CCCN)C(=O)N[C@@H](CC(=O)O)C(=O)N[C@H](C)C(=O)N[C@@H](CC(=O)O)C(=O)NCC(=O)N[C@H](CO)C(=O)N[C@@H]([C@H](C)CC(=O)O)C(=O)N[C@@H](CC(=O)c2ccccc2N)C(=O)O[C@@H]1C,0.4025258141548376,0.13705376,0.4771348,0.9973537,575,669,86
300,CHEMBL5314362,ENTECAVIR,C=C1[C@H](CO)[C@@H](O)C[C@@H]1n1cnc2c(=O)[nH]c(N)nc21.O,0.40251881324351324,0.116543315,0.6810692,0.8216369,620,384,871
301,CHEMBL1764,LEVOMEPROMAZINE,COc1ccc2c(c1)N(C[C@H](C)CN(C)C)c1ccccc1S2,0.39879338500135053,0.32924712,0.19340776,0.9959739,358,1411,109
302,CHEMBL344159,TOLVAPTAN,Cc1ccccc1C(=O)Nc1ccc(C(=O)N2CCCC(O)c3cc(Cl)ccc32)c(C)c1,0.3975300360635686,0.1631776,0.8463063,0.45490608,524,182,1473
303,CHEMBL3545123,PIBRENTASVIR,COC(=O)N[C@H](C(=O)N1CCC[C@H]1c1nc2cc([C@H]3CC[C@H](c4cc5nc([C@@H]6CCCN6C(=O)[C@@H](NC(=O)OC)[C@@H](C)OC)[nH]c5cc4F)N3c3cc(F)c(N4CCC(c5ccc(F)cc5)CC4)c(F)c3)c(F)cc2[nH]1)[C@@H](C)OC,0.3973294859005247,0.24522093,0.28951445,0.8835368,438,1087,721
304,CHEMBL3545062,VELPATASVIR,COC[C@H]1C[C@@H](c2nc(-c3ccc4c(c3)COc3cc5c(ccc6nc([C@@H]7CC[C@H](C)N7C(=O)[C@@H](NC(=O)OC)C(C)C)[nH]c65)cc3-4)c[nH]2)N(C(=O)[C@H](NC(=O)OC)c2ccccc2)C1,0.3972300648704464,0.43498763,0.14840794,0.97093976,272,1602,407
305,CHEMBL1201777,TAPENTADOL HYDROCHLORIDE,CC[C@@H](c1cccc(O)c1)[C@@H](C)CN(C)C.Cl,0.3961659279765165,0.22317421,0.38357118,0.7263424,461,844,1058
306,CHEMBL189963,PALBOCICLIB,CC(=O)c1c(C)c2cnc(Nc3ccc(N4CCNCC4)cn3)nc2n(C2CCCC2)c1=O,0.39404270573959727,0.07000381,0.89987504,0.9712388,850,126,405
307,CHEMBL231068,FLIBANSERIN,O=c1[nH]c2ccccc2n1CCN1CCN(c2cccc(C(F)(F)F)c2)CC1,0.39398417101231,0.46324933,0.1607572,0.82120407,251,1536,873
308,CHEMBL91397,RUPATADINE,Cc1cncc(CN2CCC(=C3c4ccc(Cl)cc4CCc4cccnc43)CC2)c1,0.39365666118311954,0.10929802,0.5651235,0.9876365,656,545,246
309,CHEMBL1199307,DISTIGMINE,CN(CCCCCCN(C)C(=O)Oc1ccc[n+](C)c1)C(=O)Oc1ccc[n+](C)c1,0.39336742052781365,0.07171945,0.9738438,0.87150306,843,47,764
310,CHEMBL1201185,LANREOTIDE,CC(C)[C@@H]1NC(=O)[C@H](CCCCN)NC(=O)[C@@H](Cc2c[nH]c3ccccc23)NC(=O)[C@H](Cc2ccc(O)cc2)NC(=O)[C@@H](NC(=O)[C@H](N)Cc2ccc3ccccc3c2)CSSC[C@@H](C(=O)N[C@H](C(N)=O)[C@@H](C)O)NC1=O,0.3933642244863083,0.13425675,0.47209325,0.9603304,578,682,471
311,CHEMBL1201155,LOXAPINE SUCCINATE,CN1CCN(C2=Nc3ccccc3Oc3ccc(Cl)cc32)CC1.O=C(O)CCC(=O)O,0.392641782736532,0.109837785,0.7102873,0.77589643,651,349,966
312,CHEMBL1200772,WARFARIN POTASSIUM,CC(=O)CC(c1ccccc1)c1c([O-])c2ccccc2oc1=O.[K+],0.3916239968793888,0.4904504,0.304957,0.40158194,241,1049,1562
313,CHEMBL811,BROMPHENIRAMINE,CN(C)CCC(c1ccc(Br)cc1)c1ccccn1,0.3905724610445149,0.8604176,0.15931478,0.43464983,83,1542,1507
314,CHEMBL593,DELAVIRDINE,CC(C)Nc1cccnc1N1CCN(C(=O)c2cc3cc(NS(C)(=O)=O)ccc3[nH]2)CC1,0.3891713824872651,0.23757312,0.47565642,0.52159333,450,673,1362
315,CHEMBL1200556,DESMOPRESSIN ACETATE,CC(=O)O.N=C(N)NCCC[C@@H](NC(=O)[C@@H]1CCCN1C(=O)[C@@H]1CSSCCC(=O)N[C@@H](Cc2ccc(O)cc2)C(=O)N[C@@H](Cc2ccccc2)C(=O)N[C@@H](CCC(N)=O)C(=O)N[C@@H](CC(N)=O)C(=O)N1)C(=O)NCC(N)=O,0.38756287711429843,0.109416604,0.55818367,0.95316076,655,551,494
316,CHEMBL1929396,ANAGLIPTIN,Cc1cc2ncc(C(=O)NCC(C)(C)NCC(=O)N3CCC[C@H]3C#N)cn2n1,0.38745759575184197,0.08293084,0.84509593,0.8299472,777,183,853
317,CHEMBL225071,RALTITREXED,Cc1nc(=O)c2cc(CN(C)c3ccc(C(=O)N[C@@H](CCC(=O)O)C(=O)O)s3)ccc2[nH]1,0.38704226018389737,0.087542355,0.7550788,0.87713134,752,287,752
318,CHEMBL502182,ELAGOLIX SODIUM,COc1cccc(-c2c(C)n(Cc3c(F)cccc3C(F)(F)F)c(=O)n(C[C@H](NCCCC(=O)[O-])c3ccccc3)c2=O)c1F.[Na+],0.38556108621906626,0.378441,0.15571102,0.97266215,320,1559,393
319,CHEMBL1200868,PHENYL AMINOSALICYLATE,Nc1ccc(C(=O)Oc2ccccc2)c(O)c1,0.38488006695912724,0.25037026,0.9482554,0.24014203,431,89,1872
320,CHEMBL1262,OXICONAZOLE,Clc1ccc(CO/N=C(\Cn2ccnc2)c2ccc(Cl)cc2Cl)c(Cl)c1,0.38469229919305714,0.5982856,0.72610253,0.13104908,201,319,2216
321,CHEMBL1118,DESVENLAFAXINE,CN(C)CC(c1ccc(O)cc1)C1(O)CCCCC1,0.3836203643185594,0.10407537,0.5472648,0.9911959,675,570,201
322,CHEMBL3545432,IXAZOMIB CITRATE,CC(C)C[C@H](NC(=O)CNC(=O)c1cc(Cl)ccc1Cl)B1OC(=O)C(CC(=O)O)(CC(=O)O)O1,0.3805545732130249,0.25351036,0.8220544,0.2644567,429,209,1828
323,CHEMBL853,ZALCITABINE,Nc1ccn([C@H]2CC[C@@H](CO)O2)c(=O)n1,0.3799528696696712,0.08452751,0.7765117,0.835686,766,264,840
324,CHEMBL4297603,DEUTIVACAFTOR,[2H]C([2H])([2H])C(c1cc(C(C)(C)C)c(NC(=O)c2c[nH]c3ccccc3c2=O)cc1O)(C([2H])([2H])[2H])C([2H])([2H])[2H],0.37919409578061086,0.31518516,0.17557128,0.9852932,370,1480,270
325,CHEMBL1619,CLADRIBINE,Nc1nc(Cl)nc2c1ncn2[C@H]1C[C@H](O)[C@@H](CO)O1,0.37863670916782616,0.8831646,0.26789713,0.22943437,74,1151,1900
326,CHEMBL1200879,WARFARIN SODIUM,CC(=O)CC(c1ccccc1)c1c([O-])c2ccccc2oc1=O.[Na+],0.3784916101955634,0.48852247,0.28546697,0.3888019,243,1102,1585
327,CHEMBL505,CHLORPHENIRAMINE,CN(C)CCC(c1ccc(Cl)cc1)c1ccccn1,0.3762728721122004,0.1767897,0.4027228,0.748248,512,810,1021
328,CHEMBL9225,HEXESTROL,CC[C@H](c1ccc(O)cc1)[C@@H](CC)c1ccc(O)cc1,0.37496397601769393,0.30601552,0.4123344,0.4178069,383,791,1536
329,CHEMBL480,LANSOPRAZOLE,Cc1c(OCC(F)(F)F)ccnc1C[S+]([O-])c1nc2ccccc2[nH]1,0.37434887918772125,0.90560323,0.6126487,0.09455405,65,472,2360
330,CHEMBL1237080,GRANISETRON HYDROCHLORIDE,CN1C2CCCC1CC(NC(=O)c1nn(C)c3ccccc13)C2.Cl,0.3739736755059822,0.09860105,0.7839748,0.67661154,701,251,1128
331,CHEMBL929,DELAVIRDINE MESYLATE,CC(C)Nc1cccnc1N1CCN(C(=O)c2cc3cc(NS(C)(=O)=O)ccc3[nH]2)CC1.CS(=O)(=O)O,0.37362075582277493,0.21699207,0.4781005,0.50272435,466,667,1386
332,CHEMBL3301624,SETMELANOTIDE,CC(=O)N[C@@H](CCCNC(=N)N)C(=O)N[C@H]1CSSC[C@@H](C(N)=O)NC(=O)[C@H](Cc2c[nH]c3ccccc23)NC(=O)[C@H](CCCNC(=N)N)NC(=O)[C@@H](Cc2ccccc2)NC(=O)[C@H](Cc2c[nH]cn2)NC(=O)[C@@H](C)NC1=O,0.37331042974309514,0.19822565,0.26499522,0.99040425,488,1163,211
333,CHEMBL3348963,TELOTRISTAT ETIPRATE,CCOC(=O)[C@@H](N)Cc1ccc(-c2cc(O[C@H](c3ccc(Cl)cc3-n3ccc(C)n3)C(F)(F)F)nc(N)n2)cc1.O=C(O)CNC(=O)c1ccccc1,0.3732273194413597,0.23081622,0.58833617,0.38284978,456,505,1601
334,CHEMBL21333,PRANLUKAST,O=C(Nc1cccc2c(=O)cc(-c3nnn[nH]3)oc12)c1ccc(OCCCCc2ccccc2)cc1,0.3727652524094895,0.11301371,0.52122486,0.87932616,637,608,742
335,CHEMBL382301,ATOSIBAN,CCOc1ccc(C[C@H]2NC(=O)CCSSC[C@@H](C(=O)N3CCC[C@H]3C(=O)N[C@@H](CCCN)C(=O)NCC(N)=O)NC(=O)[C@H](CC(N)=O)NC(=O)[C@H]([C@@H](C)O)NC(=O)[C@H]([C@@H](C)CC)NC2=O)cc1,0.37274809893372945,0.082089595,0.6433936,0.98057646,778,428,319
336,CHEMBL1200396,BUPIVACAINE HYDROCHLORIDE,CCCCN1CCCCC1C(=O)Nc1c(C)cccc1C.Cl,0.37222603405417426,0.485662,0.29911056,0.35502124,245,1058,1639
337,CHEMBL415606,DEGARELIX,CC(=O)N[C@H](Cc1ccc2ccccc2c1)C(=O)N[C@H](Cc1ccc(Cl)cc1)C(=O)N[C@H](Cc1cccnc1)C(=O)N[C@@H](CO)C(=O)N[C@@H](Cc1ccc(NC(=O)[C@@H]2CC(=O)NC(=O)N2)cc1)C(=O)N[C@H](Cc1ccc(NC(N)=O)cc1)C(=O)N[C@@H](CC(C)C)C(=O)N[C@@H](CCCCNC(C)C)C(=O)N1CCC[C@H]1C(=O)N[C@H](C)C(N)=O,0.3710975359637529,0.055005487,0.9421745,0.9861135,943,96,263
338,CHEMBL1201251,ARBUTAMINE,Oc1ccc(CCCCNC[C@H](O)c2ccc(O)c(O)c2)cc1,0.37047773768126785,0.06727529,0.8771124,0.8617385,868,141,784
339,CHEMBL2396661,ALPELISIB,Cc1nc(NC(=O)N2CCC[C@H]2C(N)=O)sc1-c1ccnc(C(C)(C)C(F)(F)F)c1,0.36997606657276,0.7829948,0.10682123,0.6054864,128,1781,1235
340,CHEMBL3301650,DALBAVANCIN HYDROCHLORIDE,CN[C@H]1C(=O)N[C@@H]2Cc3ccc(cc3)Oc3cc4cc(c3O[C@@H]3O[C@H](C(=O)O)[C@@H](O)[C@H](O)[C@H]3NC(=O)CCCCCCCCC(C)C)Oc3ccc(cc3Cl)[C@@H](O)[C@@H]3NC(=O)[C@H](NC(=O)[C@@H]4NC(=O)[C@@H](NC2=O)c2cc(cc(O)c2Cl)Oc2cc1ccc2O)c1ccc(O)c(c1)-c1c(O[C@H]2O[C@H](CO)[C@@H](O)[C@H](O)[C@@H]2O)cc(O)cc1[C@@H](C(=O)NCCCN(C)C)NC3=O.Cl,0.36880871688860295,0.31361407,0.16075964,0.9950181,371,1535,128
341,CHEMBL3039520,LASMIDITAN,CN1CCC(C(=O)c2cccc(NC(=O)c3c(F)cc(F)cc3F)n2)CC1,0.36858922908287306,0.41895664,0.62174386,0.1922416,286,464,2005
342,CHEMBL397420,ACENOCOUMAROL,CC(=O)CC(c1ccc([N+](=O)[O-])cc1)c1c(O)c2ccccc2oc1=O,0.36677873150766255,0.37377238,0.29037112,0.4546234,321,1084,1474
343,CHEMBL70246,ACEFYLLINE,Cn1c(=O)c2c(ncn2CC(=O)O)n(C)c1=O,0.3665664428321224,0.33578297,0.27314198,0.5370454,344,1131,1339
344,CHEMBL1200385,ARBUTAMINE HYDROCHLORIDE,Cl.Oc1ccc(CCCCNC[C@H](O)c2ccc(O)c(O)c2)cc1,0.3658438227814694,0.07510806,0.8583674,0.7594994,823,171,1002
345,CHEMBL3301669,DALBAVANCIN,CN[C@H]1C(=O)N[C@@H]2Cc3ccc(cc3)Oc3cc4cc(c3O[C@@H]3O[C@H](C(=O)O)[C@@H](O)[C@H](O)[C@H]3NC(=O)CCCCCCCCC(C)C)Oc3ccc(cc3Cl)[C@@H](O)[C@@H]3NC(=O)[C@H](NC(=O)[C@@H]4NC(=O)[C@@H](NC2=O)c2cc(cc(O)c2Cl)Oc2cc1ccc2O)c1ccc(O)c(c1)-c1c(O[C@H]2O[C@H](CO)[C@@H](O)[C@H](O)[C@@H]2O)cc(O)cc1[C@@H](C(=O)NCCCN(C)C)NC3=O,0.3622689832716845,0.3064807,0.15590984,0.9949856,381,1557,131
346,CHEMBL452,CLONAZEPAM,O=C1CN=C(c2ccccc2Cl)c2cc([N+](=O)[O-])ccc2N1,0.36166940307088724,0.49262062,0.50775105,0.189135,239,625,2015
347,CHEMBL1200749,LEVOBUPIVACAINE HYDROCHLORIDE,CCCCN1CCCC[C@H]1C(=O)Nc1c(C)cccc1C.Cl,0.3608937752114171,0.6044426,0.20819612,0.3735171,198,1352,1614
348,CHEMBL230158,SELADELPAR,CCO[C@H](COc1ccc(C(F)(F)F)cc1)CSc1ccc(OCC(=O)O)c(C)c1,0.3606879060877417,0.081400484,0.7203079,0.800294,784,332,914
349,CHEMBL1685,DEZOCINE,C[C@@]12CCCCC[C@@H](Cc3ccc(O)cc31)[C@@H]2N,0.35852825427726936,0.062082537,0.78549844,0.9450512,896,250,521
350,CHEMBL568,OXAZEPAM,O=C1Nc2ccc(Cl)cc2C(c2ccccc2)=NC1O,0.3582508635000824,0.29492062,0.45560548,0.3421903,396,708,1665
351,CHEMBL1413,CICLOPIROX,Cc1cc(C2CCCCC2)n(O)c(=O)c1,0.3580380794305557,0.361755,0.18759894,0.6763052,327,1435,1129
352,CHEMBL2106660,ACEFYLLINE PIPERAZINE,C1CNCCN1.Cn1c(=O)c2c(ncn2CC(=O)O)n(C)c1=O.Cn1c(=O)c2c(ncn2CC(=O)O)n(C)c1=O,0.3572295326670937,0.25432265,0.2715026,0.66021144,428,1135,1153
353,CHEMBL1709,SERTRALINE HYDROCHLORIDE,CN[C@H]1CC[C@@H](c2ccc(Cl)c(Cl)c2)c2ccccc21.Cl,0.3565212155552789,0.8575633,0.07252873,0.72858447,85,2003,1056
354,CHEMBL1200961,BROMPHENIRAMINE MALEATE,CN(C)CCC(c1ccc(Br)cc1)c1ccccn1.O=C(O)/C=C\C(=O)O,0.35398227593204384,0.48210528,0.26899475,0.3420258,247,1148,1666
355,CHEMBL2221250,CAPREOMYCIN,C[C@@H]1NC(=O)[C@@H](N)CNC(=O)[C@H](C2CCNC(=N)N2)NC(=O)/C(=C/NC(N)=O)NC(=O)[C@H](CNC(=O)CC(N)CCCN)NC1=O.N=C1NCCC([C@@H]2NC(=O)/C(=C/NC(N)=O)NC(=O)[C@H](CNC(=O)CC(N)CCCN)NC(=O)[C@H](CO)NC(=O)[C@@H](N)CNC2=O)N1,0.3539150007305604,0.10059103,0.46044824,0.9570989,687,702,483
356,CHEMBL2103758,PRAMLINTIDE,CC[C@H](C)[C@H](NC(=O)[C@@H]1CCCN1C(=O)CNC(=O)[C@H](Cc1ccccc1)NC(=O)[C@H](CC(N)=O)NC(=O)[C@H](CC(N)=O)NC(=O)[C@H](CO)NC(=O)[C@H](CO)NC(=O)[C@H](Cc1c[nH]cn1)NC(=O)[C@@H](NC(=O)[C@H](CC(C)C)NC(=O)[C@H](Cc1ccccc1)NC(=O)[C@H](CC(N)=O)NC(=O)[C@H](C)NC(=O)[C@H](CC(C)C)NC(=O)[C@H](CCCNC(=N)N)NC(=O)[C@H](CCC(N)=O)NC(=O)[C@@H](NC(=O)[C@H](C)NC(=O)[C@@H]1CSSC[C@H](NC(=O)[C@@H](N)CCCCN)C(=O)N[C@@H](CC(N)=O)C(=O)N[C@@H]([C@@H](C)O)C(=O)N[C@@H](C)C(=O)N[C@@H]([C@@H](C)O)C(=O)N1)[C@@H](C)O)C(C)C)C(=O)N[C@@H](CC(C)C)C(=O)N1CCC[C@H]1C(=O)N1CCC[C@H]1C(=O)N[C@H](C(=O)N[C@@H](CC(N)=O)C(=O)N[C@H](C(=O)NCC(=O)N[C@@H](CO)C(=O)N[C@@H](CC(N)=O)C(=O)N[C@H](C(=O)N[C@@H](Cc1ccc(O)cc1)C(N)=O)[C@@H](C)O)C(C)C)[C@@H](C)O,0.3533289534099105,0.06692738,0.66020674,0.9982835,870,407,77
357,CHEMBL1448187,FLUPHENAZINE HYDROCHLORIDE,Cl.Cl.OCCN1CCN(CCCN2c3ccccc3Sc3ccc(C(F)(F)F)cc32)CC1,0.3528098265298078,0.2092425,0.2128066,0.98625004,476,1332,260
358,CHEMBL3989921,NERATINIB MALEATE,CCOc1cc2ncc(C#N)c(Nc3ccc(OCc4ccccn4)c(Cl)c3)c2cc1NC(=O)/C=C/CN(C)C.O=C(O)/C=C\C(=O)O,0.3519176377590661,0.7327164,0.50338274,0.118165,155,632,2273
359,CHEMBL2105682,EDOXABAN TOSYLATE,CN1CCc2nc(C(=O)N[C@@H]3C[C@@H](C(=O)N(C)C)CC[C@@H]3NC(=O)C(=O)Nc3ccc(Cl)cn3)sc2C1.Cc1ccc(S(=O)(=O)O)cc1,0.35154131425371304,0.10013285,0.6444419,0.67323816,691,425,1135
360,CHEMBL628,PENTOXIFYLLINE,CC(=O)CCCCn1c(=O)c2c(ncn2C)n(C)c1=O,0.3513561620702287,0.62339205,0.1264675,0.55017716,191,1689,1325
361,CHEMBL685,MEBENDAZOLE,COC(=O)Nc1nc2cc(C(=O)c3ccccc3)ccc2[nH]1,0.3511349467334896,0.11754527,0.59511155,0.61889744,615,501,1220
362,CHEMBL646,TRIAZOLAM,Cc1nnc2n1-c1ccc(Cl)cc1C(c1ccccc1Cl)=NC2,0.3509448522675379,0.2340792,0.21549587,0.8568698,452,1317,795
363,CHEMBL582,ISOPROPYL ALCOHOL,CC(C)O,0.3508544670170435,0.5349927,0.1193027,0.67667925,221,1721,1127
364,CHEMBL454446,CEFDITOREN PIVOXIL,CO/N=C(\C(=O)N[C@@H]1C(=O)N2C(C(=O)OCOC(=O)C(C)(C)C)=C(/C=C\c3scnc3C)CS[C@H]12)c1csc(N)n1,0.3498542780433156,0.32156777,0.8917428,0.14933081,366,131,2140
365,CHEMBL2105717,CABOZANTINIB,COc1cc2nccc(Oc3ccc(NC(=O)C4(C(=O)Nc5ccc(F)cc5)CC4)cc3)c2cc1OC,0.34932537458150864,0.32924646,0.9636195,0.13435805,359,72,2201
366,CHEMBL2028852,ICATIBANT ACETATE,CC(=O)O.N=C(N)NCCC[C@@H](N)C(=O)N[C@@H](CCCNC(=N)N)C(=O)N1CCC[C@H]1C(=O)N1C[C@H](O)C[C@H]1C(=O)NCC(=O)N[C@@H](Cc1cccs1)C(=O)N[C@@H](CO)C(=O)N1Cc2ccccc2C[C@@H]1C(=O)N1[C@H](C(=O)N[C@@H](CCCNC(=N)N)C(=O)O)C[C@@H]2CCCC[C@@H]21,0.3485836130705582,0.08044653,0.5305465,0.9924078,790,595,175
367,CHEMBL1200759,ANAGRELIDE HYDROCHLORIDE,Cl.O=C1CN2Cc3c(ccc(Cl)c3Cl)N=C2N1,0.34849694476672477,0.89782846,0.060127158,0.7840303,67,2086,950
368,CHEMBL3545376,ERDAFITINIB,COc1cc(OC)cc(N(CCNC(C)C)c2ccc3ncc(-c4cnn(C)c4)nc3c2)c1,0.3483882636777101,0.26961213,0.15719852,0.9977062,415,1548,82
369,CHEMBL1200558,BACITRACIN,CC[C@H](C)[C@H](N)C1=N[C@H](C(=O)N[C@@H](CC(C)C)C(=O)N[C@H](CCC(=O)O)C(=O)N[C@H](C(=O)N[C@H]2CCCCNC(=O)[C@H](CC(N)=O)NC(=O)[C@@H](CC(=O)O)NC(=O)[C@H](Cc3cnc[nH]3)NC(=O)[C@@H](Cc3ccccc3)NC(=O)[C@H]([C@@H](C)CC)NC(=O)[C@@H](CCCN)NC2=O)[C@@H](C)CC)CS1,0.3480622760177682,0.08297111,0.52591556,0.96633554,776,602,438
370,CHEMBL1200638,DEXBROMPHENIRAMINE MALEATE,CN(C)CC[C@@H](c1ccc(Br)cc1)c1ccccn1.O=C(O)/C=C\C(=O)O,0.34799399813079657,0.55873924,0.2351265,0.32077795,215,1248,1714
371,CHEMBL1200940,METOCLOPRAMIDE HYDROCHLORIDE,CCN(CC)CCNC(=O)c1cc(Cl)c(N)cc1OC.Cl.O,0.3464769199934857,0.33281916,0.86674505,0.14418603,352,160,2159
372,CHEMBL1419,SIBUTRAMINE,CC(C)CC(N(C)C)C1(c2ccc(Cl)cc2)CCC1,0.34639252597070497,0.04869312,0.8705374,0.98050654,988,153,323
373,CHEMBL4297533,BREMELANOTIDE ACETATE,CC(=O)O.CCCC[C@H](NC(C)=O)C(=O)N[C@H]1CC(=O)NCCCC[C@@H](C(=O)O)NC(=O)[C@H](Cc2c[nH]c3ccccc23)NC(=O)[C@H](CCCNC(=N)N)NC(=O)[C@@H](Cc2ccccc2)NC(=O)[C@H](Cc2c[nH]cn2)NC1=O,0.346052703858323,0.10960941,0.3850866,0.98179436,652,842,306
374,CHEMBL404849,SULOCTIDIL,CCCCCCCCNC(C)C(O)c1ccc(SC(C)C)cc1,0.345807499442925,0.3357504,0.20746602,0.5936627,345,1355,1251
375,CHEMBL222559,TIPRANAVIR,CCC[C@@]1(CCc2ccccc2)CC(O)=C([C@H](CC)c2cccc(NS(=O)(=O)c3ccc(C(F)(F)F)cn3)c2)C(=O)O1,0.34566334183723146,0.13219276,0.32033715,0.9753151,581,1008,371
376,CHEMBL2035187,PACRITINIB,C1=N/C2=N/c3ccc(OCCN4CCCC4)c(c3)COC/C=C/COCc3cccc(c3)C(=C1)N2,0.34442092539228525,0.15567693,0.3464949,0.75743866,539,936,1006
377,CHEMBL1098,BUPIVACAINE,CCCCN1CCCCC1C(=O)Nc1c(C)cccc1C,0.3443855487494602,0.47169203,0.20147412,0.42979068,249,1377,1522
378,CHEMBL2104391,INSULIN DETEMIR,CCCCCCCCCCCCCC(=O)NCCCC[C@H](NC(=O)[C@@H]1CCCN1C(=O)[C@@H](NC(=O)[C@H](Cc1ccc(O)cc1)NC(=O)[C@H](Cc1ccccc1)NC(=O)[C@H](Cc1ccccc1)NC(=O)CNC(=O)[C@H](CCCNC(=N)N)NC(=O)[C@H](CCC(=O)O)NC(=O)CNC(=O)[C@@H]1CSSC[C@@H](C(=O)N[C@@H](CC(N)=O)C(=O)O)NC(=O)[C@H](Cc2ccc(O)cc2)NC(=O)[C@H](CC(N)=O)NC(=O)[C@H](CCC(=O)O)NC(=O)[C@H](CC(C)C)NC(=O)[C@H](CCC(N)=O)NC(=O)[C@H](Cc2ccc(O)cc2)NC(=O)[C@H](CC(C)C)NC(=O)[C@H](CO)NC(=O)[C@@H]2CSSC[C@H](NC(=O)[C@H](CCC(N)=O)NC(=O)[C@H](CCC(=O)O)NC(=O)[C@@H](NC(=O)[C@@H](NC(=O)CN)[C@@H](C)CC)C(C)C)C(=O)N[C@@H](CSSC[C@H](NC(=O)[C@H](CC(C)C)NC(=O)[C@H](Cc3c[nH]cn3)NC(=O)[C@H](CCC(N)=O)NC(=O)[C@H](CC(N)=O)NC(=O)[C@@H](NC(=O)[C@@H](N)Cc3ccccc3)C(C)C)C(=O)NCC(=O)N[C@@H](CO)C(=O)N[C@@H](Cc3c[nH]cn3)C(=O)N[C@@H](CC(C)C)C(=O)N[C@@H](C(C)C)C(=O)N[C@@H](CCC(=O)O)C(=O)N[C@@H](C)C(=O)N[C@@H](CC(C)C)C(=O)N[C@@H](Cc3ccc(O)cc3)C(=O)N[C@@H](CC(C)C)C(=O)N[C@@H](C(C)C)C(=O)N1)C(=O)N[C@@H]([C@@H](C)O)C(=O)N[C@@H](CO)C(=O)N[C@@H]([C@@H](C)CC)C(=O)N2)[C@@H](C)O)C(=O)O,0.3431595458387243,0.06939323,0.5842962,0.9966394,855,512,98
379,CHEMBL4173394,BRILLIANT BLUE G,CCOc1ccc(Nc2ccc(/C(=C3/C=C/C(=[N+](/CC)Cc4cccc(S(=O)(=O)[O-])c4)C=C3C)c3ccc(N(CC)Cc4cccc(S(=O)(=O)[O-])c4)cc3C)cc2)cc1.[Na+],0.3430961221237585,0.06921093,0.6873298,0.8489996,857,375,817
380,CHEMBL1276308,MIFEPRISTONE,CC#C[C@]1(O)CC[C@H]2[C@@H]3CCC4=CC(=O)CCC4=C3[C@@H](c3ccc(N(C)C)cc3)C[C@@]21C,0.34308382755999206,0.05741341,0.88583356,0.79402703,926,135,927
381,CHEMBL3545063,OSIMERTINIB MESYLATE,C=CC(=O)Nc1cc(Nc2nccc(-c3cn(C)c4ccccc34)n2)c(OC)cc1N(C)CCN(C)C.CS(=O)(=O)O,0.34302600070785944,0.45196763,0.16128685,0.55370045,258,1531,1320
382,CHEMBL1201168,ISOCARBOXAZID,Cc1cc(C(=O)NNCc2ccccc2)no1,0.3425401346402744,0.043741852,0.9425562,0.97483236,1029,95,375
383,CHEMBL17157,TERFENADINE,CC(C)(C)c1ccc(C(O)CCCN2CCC(C(O)(c3ccccc3)c3ccccc3)CC2)cc1,0.3396113830736436,0.12778848,0.31363973,0.9772909,593,1025,351
384,CHEMBL772,RESERPINE,COC(=O)[C@H]1[C@H]2C[C@@H]3c4[nH]c5cc(OC)ccc5c4CCN3C[C@H]2C[C@@H](OC(=O)c2cc(OC)c(OC)c(OC)c2)[C@@H]1OC,0.33935988768211606,0.10694461,0.41306964,0.88470685,665,788,715
385,CHEMBL2218913,CAPREOMYCIN SULFATE,C[C@@H]1NC(=O)[C@@H](N)CNC(=O)[C@H](C2CCNC(=N)N2)NC(=O)/C(=C/NC(N)=O)NC(=O)[C@H](CNC(=O)CC(N)CCCN)NC1=O.N=C1NCCC([C@@H]2NC(=O)/C(=C/NC(N)=O)NC(=O)[C@H](CNC(=O)CC(N)CCCN)NC(=O)[C@H](CO)NC(=O)[C@@H](N)CNC2=O)N1.O=S(=O)(O)O.O=S(=O)(O)O,0.3387808260842793,0.08131499,0.5656217,0.84539527,786,544,826
386,CHEMBL2111100,MIFAMURTIDE ACID,CCCCCCCCCCCCCCCC(=O)OC[C@H](COP(=O)(O)OCCNC(=O)[C@H](C)NC(=O)CC[C@@H](NC(=O)[C@H](C)NC(=O)[C@@H](C)O[C@H]1[C@H](O)[C@@H](CO)OC(O)[C@@H]1NC(C)=O)C(N)=O)OC(=O)CCCCCCCCCCCCCCC,0.33849243892260533,0.11436008,0.3392554,0.99964476,630,958,33
387,CHEMBL1213250,CEFTOLOZANE SULFATE,Cn1c(N)c(NC(=O)NCCN)c[n+]1CC1=C(C(=O)O)N2C(=O)[C@@H](NC(=O)/C(=N\OC(C)(C)C(=O)[O-])c3nsc(N)n3)[C@H]2SC1.O=S(=O)(O)O,0.3379291853577572,0.12640399,0.3454957,0.8836367,596,939,720
388,CHEMBL1096146,PONESIMOD,CCC/N=C1\S/C(=C\c2ccc(OC[C@H](O)CO)c(Cl)c2)C(=O)N1c1ccccc1C,0.33713792245718494,0.19777183,0.3390304,0.5715046,490,959,1289
389,CHEMBL146095,GLAFENINE,O=C(OCC(O)CO)c1ccccc1Nc1ccnc2cc(Cl)ccc12,0.3368385129263147,0.24779895,0.33118033,0.46569464,433,985,1458
390,CHEMBL3707330,ROLAPITANT HYDROCHLORIDE,C[C@@H](OC[C@@]1(c2ccccc2)CC[C@]2(CCC(=O)N2)CN1)c1cc(C(F)(F)F)cc(C(F)(F)F)c1.Cl.O,0.33372308213714685,0.18827882,0.20313475,0.9717914,498,1367,399
391,CHEMBL405,AMPHETAMINE,CC(N)Cc1ccccc1,0.33369427745882424,0.17765747,0.22684257,0.92201555,511,1279,612
392,CHEMBL1201776,TAPENTADOL,CC[C@@H](c1cccc(O)c1)[C@@H](C)CN(C)C,0.33339409257143576,0.15295064,0.32679865,0.7413822,544,996,1035
393,CHEMBL625,THIABENDAZOLE,c1ccc2[nH]c(-c3cscn3)nc2c1,0.33330189627456436,0.9878181,0.040134642,0.93393564,26,2282,567
394,CHEMBL4594273,ELACESTRANT HYDROCHLORIDE,CCNCCc1ccc(CN(CC)c2cc(OC)ccc2[C@@H]2CCc3cc(O)ccc3C2)cc1.Cl.Cl,0.3331770280547366,0.12230307,0.31132284,0.9713523,603,1033,403
395,CHEMBL277062,BROMAZEPAM,O=C1CN=C(c2ccccn2)c2cc(Br)ccc2N1,0.33260955296370814,0.75979364,0.06301122,0.7685827,143,2068,985
396,CHEMBL1103,FURAZOLIDONE,O=C1OCCN1/N=C/c1ccc([N+](=O)[O-])o1,0.33258495756433776,0.28538764,0.3298119,0.39084658,404,990,1582
397,CHEMBL602,CYSTEAMINE,NCCS,0.33196147898859674,0.3203757,0.15829895,0.7213158,368,1546,1068
398,CHEMBL4297534,GLASDEGIB MALEATE,CN1CC[C@@H](NC(=O)Nc2ccc(C#N)cc2)C[C@@H]1c1nc2ccccc2[nH]1.O=C(O)/C=C\C(=O)O,0.33139965898098195,0.08859139,0.41867694,0.9812634,743,771,313
399,CHEMBL2107354,MIFAMURTIDE,CCCCCCCCCCCCCCCC(=O)OC[C@H](COP(=O)([O-])OCCNC(=O)[C@H](C)NC(=O)CC[C@@H](NC(=O)[C@H](C)NC(=O)[C@@H](C)O[C@H]1[C@H](O)[C@@H](CO)OC(O)[C@@H]1NC(C)=O)C(N)=O)OC(=O)CCCCCCCCCCCCCCC.O.[Na+],0.33138001112734805,0.11777968,0.30908823,0.99959975,613,1039,34
400,CHEMBL15023,TRIFLUPERIDOL,O=C(CCCN1CCC(O)(c2cccc(C(F)(F)F)c2)CC1)c1ccc(F)cc1,0.3310471244132897,0.12864566,0.33689845,0.8370961,591,966,837
401,CHEMBL1358,FULVESTRANT,C[C@]12CC[C@@H]3c4ccc(O)cc4C[C@@H](CCCCCCCCC[S+]([O-])CCCC(F)(F)C(F)(F)F)[C@H]3[C@@H]1CC[C@@H]2O,0.32888827864621545,0.19264045,0.18502675,0.998075,494,1444,79
402,CHEMBL2103868,CABOZANTINIB S-MALATE,COc1cc2nccc(Oc3ccc(NC(=O)C4(C(=O)Nc5ccc(F)cc5)CC4)cc3)c2cc1OC.O=C(O)C[C@H](O)C(=O)O,0.32811946975165585,0.22370638,0.9610952,0.16430517,460,76,2086
403,CHEMBL4594260,TAZEMETOSTAT HYDROBROMIDE,Br.CCN(c1cc(-c2ccc(CN3CCOCC3)cc2)cc(C(=O)NCc2c(C)cc(C)[nH]c2=O)c1C)C1CCOCC1,0.327924390937867,0.30862784,0.114345536,0.99923325,376,1755,48
404,CHEMBL1289926,AXITINIB,CNC(=O)c1ccccc1Sc1ccc2c(/C=C/c3ccccn3)n[nH]c2c1,0.3254482362410668,0.5311818,0.3406731,0.19048674,223,952,2009
405,CHEMBL3544914,TEZACAFTOR,CC(C)(CO)c1cc2cc(NC(=O)C3(c4ccc5c(c4)OC(F)(F)O5)CC3)c(F)cc2n1C[C@@H](O)CO,0.32527852500930404,0.077738665,0.5364795,0.8252319,807,586,865
406,CHEMBL3301668,CARBETOCIN,CC[C@H](C)[C@@H]1NC(=O)[C@H](Cc2ccc(OC)cc2)NC(=O)CCCSC[C@@H](C(=O)N2CCC[C@H]2C(=O)N[C@@H](CC(C)C)C(=O)NCC(N)=O)NC(=O)[C@H](CC(N)=O)NC(=O)[C@H](CCC(N)=O)NC1=O,0.32519430810262984,0.055658165,0.62723106,0.9850819,937,451,272
407,CHEMBL588,FENOLDOPAM,Oc1ccc(C2CNCCc3c2cc(O)c(O)c3Cl)cc1,0.3244334709042228,0.25704038,0.22364679,0.5940362,423,1288,1250
408,CHEMBL1201193,LEVOBUPIVACAINE,CCCCN1CCCC[C@H]1C(=O)Nc1c(C)cccc1C,0.3229537026467217,0.57434505,0.13474345,0.43525144,210,1647,1504
409,CHEMBL1257040,TRIFLUOPERAZINE HYDROCHLORIDE,CN1CCN(CCCN2c3ccccc3Sc3ccc(C(F)(F)F)cc32)CC1.Cl.Cl,0.32275538691815797,0.20197095,0.16836315,0.9887455,482,1506,228
410,CHEMBL3414621,TAZEMETOSTAT,CCN(c1cc(-c2ccc(CN3CCOCC3)cc2)cc(C(=O)NCc2c(C)cc(C)[nH]c2=O)c1C)C1CCOCC1,0.3222411434151212,0.29702187,0.11274761,0.9991881,395,1762,50
411,CHEMBL1200936,PENICILLIN G PROCAINE,CC1(C)S[C@@H]2[C@H](NC(=O)Cc3ccccc3)C(=O)N2[C@H]1C(=O)O.CCN(CC)CCOC(=O)c1ccc(N)cc1.O,0.32188406172059786,0.048405606,0.71842945,0.959,990,336,474
412,CHEMBL1599768,PYRANTEL PAMOATE,CN1CCCN=C1/C=C/c1cccs1.O=C(O)c1cc2ccccc2c(Cc2c(O)c(C(=O)O)cc3ccccc23)c1O,0.3212892319303451,0.26676533,0.39022565,0.3185982,417,831,1718
413,CHEMBL1401,NITAZOXANIDE,CC(=O)Oc1ccccc1C(=O)Nc1ncc([N+](=O)[O-])s1,0.320773890565112,0.35738778,0.85384125,0.10816338,331,176,2304
414,CHEMBL809,SERTRALINE,CN[C@H]1CC[C@@H](c2ccc(Cl)c(Cl)c2)c2ccccc21,0.3206860543410197,0.8503451,0.049546544,0.78276545,92,2185,952
415,CHEMBL4297509,ELACESTRANT,CCNCCc1ccc(CN(CC)c2cc(OC)ccc2[C@@H]2CCc3cc(O)ccc3C2)cc1,0.31911102213471254,0.11187085,0.29955137,0.96969944,642,1056,412
416,CHEMBL1200628,VANCOMYCIN HYDROCHLORIDE,CN[C@H](CC(C)C)C(=O)N[C@H]1C(=O)N[C@@H](CC(N)=O)C(=O)N[C@H]2C(=O)N[C@H]3C(=O)N[C@H](C(=O)N[C@H](C(=O)O)c4cc(O)cc(O)c4-c4cc3ccc4O)[C@H](O)c3ccc(c(Cl)c3)Oc3cc2cc(c3O[C@@H]2O[C@H](CO)[C@@H](O)[C@H](O)[C@H]2O[C@H]2C[C@](C)(N)[C@H](O)[C@H](C)O2)Oc2ccc(cc2Cl)[C@H]1O.Cl,0.3187342667451984,0.30774292,0.10582214,0.99430966,378,1788,142
417,CHEMBL3833340,AZTREONAM LYSINE,C[C@H]1[C@H](NC(=O)/C(=N\OC(C)(C)C(=O)O)c2csc(N)n2)C(=O)N1S(=O)(=O)O.NCCCC[C@H](N)C(=O)O,0.31873305898649823,0.04449675,0.8232934,0.8838905,1020,208,717
418,CHEMBL1201068,PROPIOMAZINE HYDROCHLORIDE,CCC(=O)c1ccc2c(c1)N(CC(C)N(C)C)c1ccccc1S2.Cl,0.31795841800404395,0.09372818,0.35618335,0.96286887,715,912,459
419,CHEMBL1364551,MINAPRINE HYDROCHLORIDE,Cc1cc(-c2ccccc2)nnc1NCCN1CCOCC1.Cl.Cl,0.31792701839849563,0.08739172,0.42441782,0.8664,753,758,772
420,CHEMBL512351,BETRIXABAN,COc1ccc(NC(=O)c2ccc(C(=N)N(C)C)cc2)c(C(=O)Nc2ccc(Cl)cn2)c1,0.3173720746150185,0.05030575,0.82651395,0.7688442,977,205,984
421,CHEMBL19393,LEVAMFETAMINE,C[C@@H](N)Cc1ccccc1,0.3173643921023915,0.15950201,0.21208869,0.944911,530,1336,522
422,CHEMBL1487,ATORVASTATIN,CC(C)c1c(C(=O)Nc2ccccc2)c(-c2ccccc2)c(-c2ccc(F)cc2)n1CC[C@@H](O)C[C@@H](O)CC(=O)O,0.3161949921327935,0.08438649,0.38608578,0.9703049,767,840,409
423,CHEMBL2048028,LIFITEGRAST,CS(=O)(=O)c1cccc(C[C@H](NC(=O)c2c(Cl)cc3c(c2Cl)CCN(C(=O)c2ccc4ccoc4c2)C3)C(=O)O)c1,0.3158500949226503,0.2321451,0.16567698,0.8192593,454,1517,880
424,CHEMBL393220,ATORVASTATIN CALCIUM,CC(C)c1c(C(=O)Nc2ccccc2)c(-c2ccccc2)c(-c2ccc(F)cc2)n1CC[C@@H](O)C[C@@H](O)CC(=O)[O-].CC(C)c1c(C(=O)Nc2ccccc2)c(-c2ccccc2)c(-c2ccc(F)cc2)n1CC[C@@H](O)C[C@@H](O)CC(=O)[O-].[Ca+2],0.31456018634624067,0.07469892,0.4483917,0.92926466,829,717,586
425,CHEMBL289469,GRANISETRON,CN1C2CCCC1CC(NC(=O)c1nn(C)c3ccccc13)C2,0.3141467646939865,0.06504642,0.73979795,0.6442601,877,306,1175
426,CHEMBL64391,ITRACONAZOLE,CCC(C)n1ncn(-c2ccc(N3CCN(c4ccc(OCC5COC(Cn6cncn6)(c6ccc(Cl)cc6Cl)O5)cc4)CC3)cc2)c1=O,0.31381303866104,0.06849697,0.6772262,0.66620487,863,388,1142
427,CHEMBL4301898,BRILLIANT BLUE G FREE ACID,CCOc1ccc(Nc2ccc(/C(=C3/C=C/C(=[N+](/CC)Cc4cccc(S(=O)(=O)[O-])c4)C=C3C)c3ccc(N(CC)Cc4cccc(S(=O)(=O)O)c4)cc3C)cc2)cc1,0.31323704029883237,0.052074566,0.6999468,0.84319615,966,361,833
428,CHEMBL1200851,HOMATROPINE METHYLBROMIDE,C[N+]1(C)[C@@H]2CC[C@H]1C[C@@H](OC(=O)C(O)c1ccccc1)C2.[Br-],0.31266363820772725,0.31180897,0.11525203,0.8505404,372,1748,813
429,CHEMBL262777,VANCOMYCIN,CN[C@H](CC(C)C)C(=O)N[C@H]1C(=O)N[C@@H](CC(N)=O)C(=O)N[C@H]2C(=O)N[C@H]3C(=O)N[C@H](C(=O)N[C@H](C(=O)O)c4cc(O)cc(O)c4-c4cc3ccc4O)[C@H](O)c3ccc(c(Cl)c3)Oc3cc2cc(c3O[C@@H]2O[C@H](CO)[C@@H](O)[C@H](O)[C@H]2O[C@H]2C[C@](C)(N)[C@H](O)[C@H](C)O2)Oc2ccc(cc2Cl)[C@H]1O,0.310668176678841,0.2977899,0.10126843,0.99427444,393,1804,144
430,CHEMBL1680,OCTREOTIDE,C[C@@H](O)[C@@H]1NC(=O)[C@H](CCCCN)NC(=O)[C@@H](Cc2c[nH]c3ccccc23)NC(=O)[C@H](Cc2ccccc2)NC(=O)[C@@H](NC(=O)[C@H](N)Cc2ccccc2)CSSC[C@@H](C(=O)N[C@H](CO)[C@@H](C)O)NC1=O,0.31050323385618706,0.15386385,0.1969511,0.9878781,542,1393,243
431,CHEMBL814,FLUVOXAMINE,COCCCC/C(=N\OCCN)c1ccc(C(F)(F)F)cc1,0.3101443720917027,0.2007446,0.17863335,0.8319271,484,1460,850
432,CHEMBL4298150,SIPONIMOD FUMARIC ACID,CCc1cc(/C(C)=N/OCc2ccc(C3CCCCC3)c(C(F)(F)F)c2)ccc1CN1CC(C(=O)O)C1.CCc1cc(/C(C)=N/OCc2ccc(C3CCCCC3)c(C(F)(F)F)c2)ccc1CN1CC(C(=O)O)C1.O=C(O)/C=C/C(=O)O,0.30960566878809626,0.077851795,0.5542215,0.6878198,806,562,1107
433,CHEMBL1200701,DICLOXACILLIN SODIUM,Cc1onc(-c2c(Cl)cccc2Cl)c1C(=O)N[C@@H]1C(=O)N2[C@@H]1SC(C)(C)[C@@H]2C(=O)[O-].O.[Na+],0.3091408988344228,0.2312992,0.7503518,0.17022774,455,296,2067
434,CHEMBL5095505,AMPHETAMINE/DEXTROAMPHETAMINE,CC(N)Cc1ccccc1.C[C@H](N)Cc1ccccc1.C[C@H](N)Cc1ccccc1,0.30901446123483556,0.14431833,0.21238203,0.9627137,563,1334,461
435,CHEMBL1263,SALMETEROL,OCc1cc(C(O)CNCCCCCCOCCCCc2ccccc2)ccc1O,0.3083318798711747,0.05145133,0.6250386,0.91148984,972,457,650
436,CHEMBL1200901,HALOFANTRINE HYDROCHLORIDE,CCCCN(CCCC)CCC(O)c1cc2c(Cl)cc(Cl)cc2c2cc(C(F)(F)F)ccc12.Cl,0.3073888704105543,0.72968704,0.13989384,0.28453073,156,1628,1789
437,CHEMBL1201356,METHYLERGONOVINE,CC[C@@H](CO)NC(=O)[C@@H]1C=C2c3cccc4[nH]cc(c34)C[C@H]2N(C)C1,0.3067036625066626,0.1136854,0.25929746,0.9787097,631,1175,336
438,CHEMBL1314751,PROCHLORPERAZINE MALEATE,CN1CCN(CCCN2c3ccccc3Sc3ccc(Cl)cc32)CC1.O=C(O)/C=C\C(=O)O.O=C(O)/C=C\C(=O)O,0.30638022185385416,0.09023883,0.4682052,0.6806948,736,691,1121
439,CHEMBL1628385,PROCAINE BENZYLPENICILLIN,CC1(C)S[C@@H]2[C@H](NC(=O)Cc3ccccc3)C(=O)N2[C@H]1C(=O)O.CCN(CC)CCOC(=O)c1ccc(N)cc1,0.3057860203127844,0.042166542,0.7048394,0.96204346,1046,357,465
440,CHEMBL1269025,EDOXABAN,CN1CCc2nc(C(=O)N[C@@H]3C[C@@H](C(=O)N(C)C)CC[C@@H]3NC(=O)C(=O)Nc3ccc(Cl)cn3)sc2C1,0.3054092620149392,0.06464391,0.571533,0.7710413,881,535,979
441,CHEMBL1201210,PROPIOMAZINE,CCC(=O)c1ccc2c(c1)N(CC(C)N(C)C)c1ccccc1S2,0.30486440075901233,0.08932857,0.32905796,0.9639563,739,992,454
442,CHEMBL1200612,DIBUCAINE HYDROCHLORIDE,CCCCOc1cc(C(=O)NCCN(CC)CC)c2ccccc2n1.Cl,0.3042098623706166,0.21906489,0.1672306,0.76847786,463,1510,986
443,CHEMBL21869,DIBROMSALAN,O=C(Nc1ccc(Br)cc1)c1cc(Br)ccc1O,0.30372901402570013,0.92221504,0.50132245,0.06060515,57,634,2516
444,CHEMBL495,ALPROSTADIL,CCCCC[C@H](O)/C=C/[C@H]1[C@H](O)CC(=O)[C@@H]1CCCCCCC(=O)O,0.30353737636100014,0.07963191,0.3923095,0.8952011,797,828,692
445,CHEMBL1201863,DEXLANSOPRAZOLE,Cc1c(OCC(F)(F)F)ccnc1C[S@@+]([O-])c1nc2ccccc2[nH]1,0.30194239368785464,0.8503005,0.57100004,0.056697473,93,537,2537
446,CHEMBL1201295,BITOLTEROL,Cc1ccc(C(=O)Oc2ccc(C(O)CNC(C)(C)C)cc2OC(=O)c2ccc(C)cc2)cc1,0.3015970831394036,0.15380114,0.36111483,0.49394265,543,901,1401
447,CHEMBL3989697,RIBOFLAVIN 5'-PHOSPHATE SODIUM,Cc1cc2nc3c(=O)[nH]c(=O)nc-3n(C[C@H](O)[C@H](O)[C@H](O)COP(=O)([O-])O)c2cc1C.O.O.[Na+],0.30043807625098423,0.2619689,0.15070681,0.6868822,422,1587,1109
448,CHEMBL1201288,DANTROLENE,O=C1CN(/N=C/c2ccc(-c3ccc([N+](=O)[O-])cc3)o2)C(=O)N1,0.29997398005861164,0.3896801,0.39688027,0.1745352,313,820,2053
449,CHEMBL2103870,LUMACAFTOR,Cc1ccc(NC(=O)C2(c3ccc4c(c3)OC(F)(F)O4)CC2)nc1-c1cccc(C(=O)O)c1,0.29889814380290364,0.07546457,0.90200114,0.392301,821,123,1577
450,CHEMBL1429,DESMOPRESSIN,N=C(N)NCCC[C@@H](NC(=O)[C@@H]1CCCN1C(=O)[C@@H]1CSSCCC(=O)N[C@@H](Cc2ccc(O)cc2)C(=O)N[C@@H](Cc2ccccc2)C(=O)N[C@@H](CCC(N)=O)C(=O)N[C@@H](CC(N)=O)C(=O)N1)C(=O)NCC(N)=O,0.29737262564273287,0.071418725,0.40066722,0.91898215,844,813,623
451,CHEMBL3989974,CEFIDEROCOL,CC(C)(O/N=C(\C(=O)N[C@@H]1C(=O)N2C(C(=O)[O-])=C(C[N+]3(CCNC(=O)c4ccc(O)c(O)c4Cl)CCCC3)CS[C@H]12)c1csc(N)n1)C(=O)O,0.2973582615246621,0.060743906,0.5788599,0.7477628,906,521,1022
452,CHEMBL4297526,REMIMAZOLAM,COC(=O)CC[C@@H]1N=C(c2ccccn2)c2cc(Br)ccc2-n2c(C)cnc21,0.2970599697378354,0.14009407,0.2742203,0.68235916,569,1128,1118
453,CHEMBL1201060,LOXAPINE HYDROCHLORIDE,CN1CCN(C2=Nc3ccccc3Oc3ccc(Cl)cc32)CC1.Cl,0.2968698664983187,0.09065937,0.6336867,0.45541888,731,441,1471
454,CHEMBL1107,HALOFANTRINE,CCCCN(CCCC)CCC(O)c1cc2c(Cl)cc(Cl)cc2c2cc(C(F)(F)F)ccc12,0.2963189898618365,0.7153979,0.13338195,0.27266774,160,1655,1814
455,CHEMBL2205807,ABAMETAPIR,Cc1ccc(-c2ccc(C)cn2)nc1,0.2963147127479127,0.40247595,0.51654005,0.12514563,300,618,2242
456,CHEMBL760,ANAGRELIDE,O=C1CN2Cc3c(ccc(Cl)c3Cl)N=C2N1,0.2961602349405956,0.8674899,0.03718063,0.80537677,82,2332,905
457,CHEMBL893,DICLOXACILLIN,Cc1onc(-c2c(Cl)cccc2Cl)c1C(=O)N[C@@H]1C(=O)N2[C@@H]1SC(C)(C)[C@@H]2C(=O)O,0.2961141639615304,0.21562582,0.7036993,0.17111562,469,359,2064
458,CHEMBL3544974,ASENAPINE MALEATE,CN1CC2c3ccccc3Oc3ccc(Cl)cc3C2C1.O=C(O)/C=C\C(=O)O,0.29595657866850233,0.09314958,0.66163385,0.4206156,719,406,1533
459,CHEMBL1086,DIBUCAINE,CCCCOc1cc(C(=O)NCCN(CC)CC)c2ccccc2n1,0.29562919259733206,0.21080697,0.15582445,0.78654104,473,1558,944
460,CHEMBL1568276,NAFCILLIN SODIUM,CCOc1ccc2ccccc2c1C(=O)N[C@@H]1C(=O)N2[C@@H]1SC(C)(C)[C@@H]2C(=O)[O-].O.[Na+],0.29517235183532575,0.111126184,0.5323463,0.43472677,645,591,1506
461,CHEMBL3039508,NALDEMEDINE TOSYLATE,CC(C)(NC(=O)C1=C(O)[C@@H]2Oc3c(O)ccc4c3[C@@]23CCN(CC2CC2)[C@H](C4)[C@]3(O)C1)c1nc(-c2ccccc2)no1.Cc1ccc(S(=O)(=O)O)cc1,0.294974187507545,0.038944878,0.98204696,0.67107254,1070,33,1137
462,CHEMBL5315122,BORTEZOMIB D-MANNITOL,CC(C)C[C@H](NC(=O)[C@H](Cc1ccccc1)NC(=O)c1cnccn1)B1O[C@H]([C@H](O)CO)[C@@H]([C@H](O)CO)O1,0.294919496965046,0.11632127,0.227599,0.96890455,623,1273,420
463,CHEMBL3989869,UMBRALISIB TOSYLATE,CC(C)Oc1ccc(-c2nn([C@@H](C)c3oc4ccc(F)cc4c(=O)c3-c3cccc(F)c3)c3ncnc(N)c23)cc1F.Cc1ccc(S(=O)(=O)O)cc1,0.2923217002289501,0.085346624,0.66437006,0.44054142,762,405,1495
464,CHEMBL2095212,MIRABEGRON,Nc1nc(CC(=O)Nc2ccc(CCNC[C@H](O)c3ccccc3)cc2)cs1,0.29220132268353444,0.034827664,0.87210774,0.8213949,1103,152,872
465,CHEMBL612,DEXTROAMPHETAMINE,C[C@H](N)Cc1ccccc1,0.29219248064952213,0.13066941,0.1987101,0.96075624,585,1387,467
466,CHEMBL1200893,PROTOKYLOL HYDROCHLORIDE,CC(Cc1ccc2c(c1)OCO2)NCC(O)c1ccc(O)c(O)c1.Cl,0.2921127163293509,0.33192804,0.12703928,0.5911115,354,1685,1255
467,CHEMBL285674,ESTAZOLAM,Clc1ccc2c(c1)C(c1ccccc1)=NCc1nncn1-2,0.2904480180765136,0.20458095,0.17837717,0.67143005,480,1465,1136
468,CHEMBL32800,FENOTEROL,CC(Cc1ccc(O)cc1)NCC(O)c1cc(O)cc(O)c1,0.2903780548010278,0.04405388,0.6077119,0.91455424,1024,478,641
469,CHEMBL46058,ETHYL CHLORIDE,CCCl,0.29033961005248077,0.14686032,0.5262692,0.31666967,557,601,1721
470,CHEMBL206253,NETUPITANT,Cc1ccccc1-c1cc(N2CCN(C)CC2)ncc1N(C)C(=O)C(C)(C)c1cc(C(F)(F)F)cc(C(F)(F)F)c1,0.29011137851147434,0.11624817,0.27134433,0.7740829,624,1137,972
471,CHEMBL4066936,VERICIGUAT,COC(=O)Nc1c(N)nc(-c2nn(Cc3ccccc3F)c3ncc(F)cc23)nc1N,0.28979392160765743,0.60862917,0.4410472,0.09066297,195,731,2378
472,CHEMBL3187365,ASENAPINE,CN1CC2c3ccccc3Oc3ccc(Cl)cc3C2C1,0.2893098374493421,0.097302705,0.25949538,0.9590363,703,1174,473
473,CHEMBL1397,POSACONAZOLE,CC[C@@H]([C@H](C)O)n1ncn(-c2ccc(N3CCN(c4ccc(OC[C@@H]5CO[C@@](Cn6cncn6)(c6ccc(F)cc6F)C5)cc4)CC3)cc2)c1=O,0.2884567200831926,0.0627261,0.44218773,0.8653405,889,726,775
474,CHEMBL21536,XANOMELINE,CCCCCCOc1nsnc1C1=CCCN(C)C1,0.28842315200047336,0.081881225,0.3431432,0.85394645,779,944,801
475,CHEMBL2105637,DELAFLOXACIN,Nc1nc(-n2cc(C(=O)O)c(=O)c3cc(F)c(N4CC(O)C4)c(Cl)c32)c(F)cc1F,0.2880633422751808,0.4148016,0.6001255,0.09602437,289,494,2352
476,CHEMBL3701238,FUTIBATINIB,C=CC(=O)N1CC[C@H](n2nc(C#Cc3cc(OC)cc(OC)c3)c3c(N)ncnc32)C1,0.28763959174063103,0.12441387,0.7211949,0.26523113,599,329,1826
477,CHEMBL223228,EFAVIRENZ,O=C1Nc2ccc(Cl)cc2[C@@](C#CC2CC2)(C(F)(F)F)O1,0.2874859316747663,0.042843454,0.6232513,0.88982,1037,463,706
478,CHEMBL661,ALPRAZOLAM,Cc1nnc2n1-c1ccc(Cl)cc1C(c1ccccc1)=NC2,0.2865410280416898,0.18496507,0.1710146,0.74376804,503,1497,1027
479,CHEMBL1200560,GUANABENZ ACETATE,CC(=O)O.N=C(N)N/N=C/c1c(Cl)cccc1Cl,0.28651284594043147,0.26535556,0.64693177,0.1370079,418,420,2193
480,CHEMBL2043437,GLASDEGIB,CN1CC[C@@H](NC(=O)Nc2ccc(C#N)cc2)C[C@@H]1c1nc2ccccc2[nH]1,0.2857515554497163,0.10864044,0.21498947,0.9989807,659,1321,58
481,CHEMBL2096639,BACITRACIN ZINC,CC[C@H](C)[C@H](N)C1=N[C@H](C(=O)N[C@@H](CC(C)C)C(=O)N[C@H](CCC(=O)[O-])C(=O)N[C@H](C(=O)N[C@H]2CCCCNC(=O)[C@H](CC(N)=O)NC(=O)[C@@H](CC(=O)[O-])NC(=O)[C@H](Cc3cnc[nH]3)NC(=O)[C@@H](Cc3ccccc3)NC(=O)[C@H]([C@@H](C)CC)NC(=O)[C@@H](CCCN)NC2=O)[C@@H](C)CC)CS1.[Zn+2],0.2851496164762937,0.048822414,0.52237874,0.90910417,987,606,659
482,CHEMBL1200469,PROMAZINE HYDROCHLORIDE,CN(C)CCCN1c2ccccc2Sc2ccccc21.Cl,0.2850051943917308,0.15933467,0.14829847,0.9797411,532,1604,327
483,CHEMBL461101,ELTROMBOPAG,CC1=NN(c2ccc(C)c(C)c2)C(=O)/C1=N\Nc1cccc(-c2cccc(C(=O)O)c2)c1O,0.2842565552711528,0.30356625,0.6073155,0.12458439,388,480,2246
484,CHEMBL1201734,BENDAMUSTINE HYDROCHLORIDE,Cl.Cn1c(CCCC(=O)O)nc2cc(N(CCCl)CCCl)ccc21,0.2829591722236091,0.4264905,0.058872595,0.90229553,280,2098,679
485,CHEMBL400599,BENFLUOREX,CC(Cc1cccc(C(F)(F)F)c1)NCCOC(=O)c1ccccc1,0.2827967847617901,0.24539737,0.19244604,0.47889963,436,1416,1429
486,CHEMBL2103872,CEFTOLOZANE,Cn1c(N)c(NC(=O)NCCN)c[n+]1CC1=C(C(=O)O)N2C(=O)[C@@H](NC(=O)/C(=N\OC(C)(C)C(=O)[O-])c3nsc(N)n3)[C@H]2SC1,0.28221901053995474,0.09051829,0.28109464,0.88342535,733,1110,723
487,CHEMBL2103867,PLECANATIDE,CC(C)C[C@H](NC(=O)[C@@H]1CSSC[C@@H]2NC(=O)[C@H](CC(C)C)NC(=O)[C@H](CCC(=O)O)NC(=O)[C@@H](NC(=O)[C@H](CCC(=O)O)NC(=O)[C@H](CC(=O)O)NC(=O)[C@@H](N)CC(N)=O)CSSC[C@H](NC(=O)[C@H](C)NC(=O)[C@H](C(C)C)NC(=O)[C@H](CC(N)=O)NC(=O)[C@H](C(C)C)NC2=O)C(=O)N[C@@H]([C@@H](C)O)C(=O)NCC(=O)N1)C(=O)O,0.2821688823952501,0.06923541,0.32557783,0.9966536,856,999,97
488,CHEMBL1443,NAFCILLIN,CCOc1ccc2ccccc2c1C(=O)N[C@@H]1C(=O)N2[C@@H]1SC(C)(C)[C@@H]2C(=O)O,0.28192576898569616,0.1032205,0.49175814,0.4414554,679,646,1494
489,CHEMBL802,MINOXIDIL,Nc1cc(N2CCCCC2)nc(N)[n+]1[O-],0.2818251136832258,0.5888439,0.3125024,0.12164256,205,1029,2256
490,CHEMBL4594288,LEVAMLODIPINE MALEATE,CCOC(=O)C1=C(COCCN)NC(C)=C(C(=O)OC)[C@@H]1c1ccccc1Cl.O=C(O)/C=C\C(=O)O,0.2817604036882227,0.083632976,0.4132422,0.6472285,772,787,1170
491,CHEMBL1200776,CINACALCET HYDROCHLORIDE,C[C@@H](NCCCc1cccc(C(F)(F)F)c1)c1cccc2ccccc12.Cl,0.2814669263393294,0.38101104,0.17696352,0.33072028,318,1473,1689
492,CHEMBL726,FLUPHENAZINE,OCCN1CCN(CCCN2c3ccccc3Sc3ccc(C(F)(F)F)cc32)CC1,0.2794931325756734,0.1483936,0.1491644,0.98635465,552,1598,258
493,CHEMBL3707331,ROLAPITANT,C[C@@H](OC[C@@]1(c2ccccc2)CC[C@]2(CCC(=O)N2)CN1)c1cc(C(F)(F)F)cc(C(F)(F)F)c1,0.27824766438066356,0.14189142,0.15627158,0.97153497,566,1551,402
494,CHEMBL1541,CEFIXIME,C=CC1=C(C(=O)O)N2C(=O)[C@@H](NC(=O)/C(=N\OCC(=O)O)c3csc(N)n3)[C@H]2SC1,0.27794856608748797,0.1028601,0.9063822,0.23032176,681,120,1899
495,CHEMBL1200930,RABEPRAZOLE SODIUM,COCCCOc1ccnc(C[S+]([O-])c2nc3ccccc3[n-]2)c1C.[Na+],0.277932436485265,0.8854754,0.043169584,0.5616469,73,2248,1305
496,CHEMBL1201201,METHAMPHETAMINE,CN[C@@H](C)Cc1ccccc1,0.27786090445373934,0.10898188,0.20549978,0.95789236,657,1360,478
497,CHEMBL558,MEXILETINE,Cc1cccc(C)c1OCC(C)N,0.27735320381372175,0.7724552,0.17645735,0.15652601,135,1476,2111
498,CHEMBL1201174,SITAGLIPTIN PHOSPHATE,N[C@@H](CC(=O)N1CCn2c(nnc2C(F)(F)F)C1)Cc1cc(F)c(F)cc1F.O.O=P(O)(O)O,0.2755028703779344,0.11579032,0.32241932,0.5601252,625,1004,1310
499,CHEMBL1201273,PROTOKYLOL,CC(Cc1ccc2c(c1)OCO2)NCC(O)c1ccc(O)c(O)c1,0.2742558251269343,0.30680948,0.116358265,0.577832,380,1738,1275
500,CHEMBL1200515,DESERPIDINE,COC(=O)[C@H]1[C@H]2C[C@@H]3c4[nH]c5ccccc5c4CCN3C[C@H]2C[C@@H](OC(=O)c2cc(OC)c(OC)c(OC)c2)[C@@H]1OC,0.2737255783730483,0.10286096,0.25917906,0.7692999,680,1176,981
501,CHEMBL3989516,FOSTAMATINIB DISODIUM,COc1cc(Nc2ncc(F)c(Nc3ccc4c(n3)N(COP(=O)([O-])[O-])C(=O)C(C)(C)O4)n2)cc(OC)c1OC.O.O.O.O.O.O.[Na+].[Na+],0.27344013042777027,0.15720299,0.8263418,0.15738603,535,206,2108
502,CHEMBL2105755,NALDEMEDINE,CC(C)(NC(=O)C1=C(O)[C@@H]2Oc3c(O)ccc4c3[C@@]23CCN(CC2CC2)[C@H](C4)[C@]3(O)C1)c1nc(-c2ccccc2)no1,0.273396111918388,0.03504994,0.96237004,0.60582554,1098,74,1234
503,CHEMBL3707393,OSILODROSTAT PHOSPHATE,N#Cc1ccc([C@H]2CCc3cncn32)c(F)c1.O=P(O)(O)O,0.27250734883432903,0.15232638,0.38571987,0.34441936,546,841,1659
504,CHEMBL6068334,SITAGLIPTIN HYDROCHLORIDE MONOHYDRATE,Cl.N[C@@H](CC(=O)N1CCn2c(nnc2C(F)(F)F)C1)Cc1cc(F)c(F)cc1F.O,0.2721639699098485,0.11958119,0.2711419,0.62177384,608,1140,1215
505,CHEMBL1198857,VILANTEROL,OCc1cc([C@@H](O)CNCCCCCCOCCOCc2c(Cl)cccc2Cl)ccc1O,0.2705686914180691,0.63369393,0.40319023,0.07752523,186,807,2430
506,CHEMBL3707348,ACALABRUTINIB,CC#CC(=O)N1CCC[C@H]1c1nc(-c2ccc(C(=O)Nc3ccccn3)cc2)c2c(N)nccn12,0.26984681839610236,0.14664392,0.669034,0.20028096,558,399,1986
507,CHEMBL1201138,LEUCOVORIN CALCIUM,Nc1nc(=O)c2c([nH]1)NCC(CNc1ccc(C(=O)N[C@@H](CCC(=O)[O-])C(=O)[O-])cc1)N2C=O.[Ca+2],0.26958820246411264,0.03500007,0.59668696,0.9381823,1099,499,554
508,CHEMBL487253,BENDAMUSTINE,Cn1c(CCCC(=O)O)nc2cc(N(CCCl)CCCl)ccc21,0.26938376351728344,0.42144337,0.05184249,0.89472413,284,2162,694
509,CHEMBL1201016,CEFPODOXIME PROXETIL,COCC1=C(C(=O)OC(C)OC(=O)OC(C)C)N2C(=O)[C@@H](NC(=O)/C(=N\OC)c3csc(N)n3)[C@H]2SC1,0.2692745705185842,0.05994868,0.9318153,0.34952363,910,103,1648
510,CHEMBL1200821,PROPYLIODONE,CCCOC(=O)Cn1cc(I)c(=O)c(I)c1,0.26915046095541817,0.762811,0.041626565,0.61404175,140,2264,1224
511,CHEMBL3989767,CALCITONIN SALMON,CC(C)C[C@H](NC(=O)[C@H](CCCCN)NC(=O)CNC(=O)[C@H](CC(C)C)NC(=O)[C@@H](NC(=O)[C@@H]1CSSC[C@H](N)C(=O)N[C@@H](CO)C(=O)N[C@@H](CC(N)=O)C(=O)N[C@@H](CC(C)C)C(=O)N[C@@H](CO)C(=O)N[C@@H]([C@@H](C)O)C(=O)N1)C(C)C)C(=O)N[C@@H](CO)C(=O)N[C@@H](CCC(N)=O)C(=O)N[C@@H](CCC(=O)O)C(=O)N[C@@H](CC(C)C)C(=O)N[C@@H](Cc1c[nH]cn1)C(=O)N[C@@H](CCCCN)C(=O)N[C@@H](CC(C)C)C(=O)N[C@@H](CCC(N)=O)C(=O)N[C@H](C(=O)N[C@@H](Cc1ccc(O)cc1)C(=O)N1CCC[C@H]1C(=O)N[C@@H](CCCNC(=N)N)C(=O)N[C@H](C(=O)N[C@@H](CC(N)=O)C(=O)N[C@H](C(=O)NCC(=O)N[C@@H](CO)C(=O)NCC(=O)N[C@H](C(=O)N1CCC[C@H]1C(N)=O)[C@@H](C)O)[C@@H](C)O)[C@@H](C)O)[C@@H](C)O,0.2691015997449051,0.03129867,0.6240955,0.9976356,1136,462,83
512,CHEMBL637,VENLAFAXINE,COc1ccc(C(CN(C)C)C2(O)CCCCC2)cc1,0.26883710875738415,0.031162966,0.63412166,0.9832327,1140,439,295
513,CHEMBL1200606,MEXILETINE HYDROCHLORIDE,Cc1cccc(C)c1OCC(C)N.Cl,0.2683802734051003,0.7544835,0.21509029,0.11911903,148,1319,2268
514,CHEMBL2403238,CABOTEGRAVIR,C[C@H]1CO[C@@H]2Cn3cc(C(=O)NCc4ccc(F)cc4F)c(=O)c(O)c3C(=O)N12,0.2670882888573347,0.04406161,0.7290606,0.59311724,1023,318,1252
515,CHEMBL900,ORPHENADRINE,Cc1ccccc1C(OCCN(C)C)c1ccccc1,0.26696918032930494,0.16594264,0.16804244,0.6823488,522,1508,1119
516,CHEMBL928,DANTROLENE SODIUM,O=C1CN(/N=C/c2ccc(-c3ccc([N+](=O)[O-])cc3)o2)C(=O)[N-]1.[Na+],0.2669397462882692,0.32124728,0.39499295,0.1499032,367,823,2138
517,CHEMBL1679,LEUCOVORIN,Nc1nc(=O)c2c([nH]1)NCC(CNc1ccc(C(=O)N[C@@H](CCC(=O)O)C(=O)O)cc1)N2C=O,0.26632796046484974,0.03466394,0.5591103,0.9747088,1108,550,377
518,CHEMBL1201023,ORPHENADRINE HYDROCHLORIDE,Cc1ccccc1C(OCCN(C)C)c1ccccc1.Cl,0.2653300078109258,0.14845501,0.20039316,0.62788683,551,1381,1205
519,CHEMBL3099695,OSILODROSTAT,N#Cc1ccc([C@H]2CCc3cncn32)c(F)c1,0.2641447636206753,0.14795162,0.35958755,0.34641895,553,903,1655
520,CHEMBL3127326,OMBITASVIR,COC(=O)N[C@H](C(=O)N1CCC[C@H]1C(=O)Nc1ccc([C@@H]2CC[C@@H](c3ccc(NC(=O)[C@@H]4CCCN4C(=O)[C@@H](NC(=O)OC)C(C)C)cc3)N2c2ccc(C(C)(C)C)cc2)cc1)C(C)C,0.2638812811886832,0.057858974,0.6668138,0.47626695,922,400,1438
521,CHEMBL2105743,OLODATEROL HYDROCHLORIDE,COc1ccc(CC(C)(C)NC[C@H](O)c2cc(O)cc3c2OCC(=O)N3)cc1.Cl,0.26364143168944265,0.11914125,0.15485498,0.9932387,609,1564,164
522,CHEMBL831,LOXAPINE,CN1CCN(C2=Nc3ccccc3Oc3ccc(Cl)cc32)CC1,0.2633478917689572,0.07039644,0.5870775,0.44191974,847,506,1493
523,CHEMBL203321,BRINCIDOFOVIR,CCCCCCCCCCCCCCCCOCCCOP(=O)(O)CO[C@H](CO)Cn1ccc(N)nc1=O,0.2630231329989981,0.024204824,0.7587221,0.9908255,1217,283,203
524,CHEMBL3085436,VIOMYCIN,NCCC[C@H](N)CC(=O)N[C@H]1CNC(=O)[C@H]([C@H]2C[C@H](O)NC(N)=N2)NC(=O)/C(=C/NC(N)=O)NC(=O)[C@H](CO)NC(=O)[C@H](CO)NC1=O,0.26269973899701105,0.062162444,0.30647337,0.9516079,895,1045,501
525,CHEMBL374478,RIFAMPIN,CO[C@H]1/C=C/O[C@@]2(C)Oc3c(C)c(O)c4c(O)c(c(/C=N/N5CCN(C)CC5)c(O)c4c3C2=O)NC(=O)/C(C)=C\C=C\[C@H](C)[C@H](O)[C@@H](C)[C@@H](O)[C@@H](C)[C@H](OC(C)=O)[C@@H]1C,0.26269710387833733,0.09319743,0.6185007,0.3145008,718,466,1727
526,CHEMBL1534,RIBOFLAVIN,Cc1cc2nc3c(=O)[nH]c(=O)nc-3n(C[C@H](O)[C@H](O)[C@H](O)CO)c2cc1C,0.2602840428586297,0.2112696,0.104990065,0.79498225,472,1791,925
527,CHEMBL572,NITROFURANTOIN,O=C1CN(/N=C/c2ccc([N+](=O)[O-])o2)C(=O)N1,0.2601959103297953,0.24469295,0.48890975,0.14724863,440,653,2148
528,CHEMBL6067656,CEFTRIAXONE SODIUM,CO/N=C(\C(=O)N[C@@H]1C(=O)N2C(C(=O)[O-])=C(CSc3nc(=O)c([O-])nn3C)CS[C@H]12)c1csc(N)n1.CO/N=C(\C(=O)N[C@@H]1C(=O)N2C(C(=O)[O-])=C(CSc3nc(=O)c([O-])nn3C)CS[C@H]12)c1csc(N)n1.O.O.O.O.O.O.O.[Na+].[Na+].[Na+].[Na+],0.25977359495612157,0.14462218,0.64998674,0.18648574,562,413,2022
529,CHEMBL4298128,ELEXACAFTOR,Cc1nn(C)cc1S(=O)(=O)NC(=O)c1ccc(-n2ccc(OCC(C)(C)C(F)(F)F)n2)nc1N1C[C@@H](C)CC1(C)C,0.25781333757452757,0.08024225,0.36320522,0.5879778,792,892,1259
530,CHEMBL1200467,HYDROXYZINE PAMOATE,O=C(O)c1cc2ccccc2c(Cc2c(O)c(C(=O)O)cc3ccccc23)c1O.OCCOCCN1CCN(C(c2ccccc2)c2ccc(Cl)cc2)CC1,0.2576549883445554,0.116768114,0.15010011,0.97591126,619,1591,368
531,CHEMBL1229211,DOLUTEGRAVIR,C[C@@H]1CCO[C@H]2Cn3cc(C(=O)NCc4ccc(F)cc4F)c(=O)c(O)c3C(=O)N12,0.2569403108546474,0.04258071,0.71117884,0.56015086,1042,346,1308
532,CHEMBL328190,LASOFOXIFENE,Oc1ccc2c(c1)CC[C@H](c1ccccc1)[C@@H]2c1ccc(OCCN2CCCC2)cc1,0.25691928891172283,0.047861673,0.3613625,0.98052615,994,900,321
533,CHEMBL211456,EPHEDRINE,CN[C@@H](C)[C@H](O)c1ccccc1,0.25676541499658107,0.089060076,0.21056119,0.9027099,742,1343,677
534,CHEMBL1201728,DESVENLAFAXINE SUCCINATE,CN(C)CC(c1ccc(O)cc1)C1(O)CCCCC1.O=C(O)CCC(=O)O,0.2566087728852491,0.027090678,0.633994,0.983806,1182,440,285
535,CHEMBL2336071,SIPONIMOD,CCc1cc(/C(C)=N/OCc2ccc(C3CCCCC3)c(C(F)(F)F)c2)ccc1CN1CC(C(=O)O)C1,0.25599162783662,0.047816742,0.40913248,0.8574985,995,798,793
536,CHEMBL2106638,LOFEPRAMINE HYDROCHLORIDE,CN(CCCN1c2ccccc2CCc2ccccc21)CC(=O)c1ccc(Cl)cc1.Cl,0.2554533010978496,0.051852793,0.3368646,0.9543486,967,967,490
537,CHEMBL545,ALCOHOL,CCO,0.254478810917333,0.4588053,0.21128403,0.17000426,252,1341,2068
538,CHEMBL1201758,BEPOTASTINE,O=C(O)CCCN1CCC(O[C@@H](c2ccc(Cl)cc2)c2ccccn2)CC1,0.2543473095045328,0.060204513,0.34677207,0.78814894,908,934,939
539,CHEMBL3989510,PENTAZOCINE HYDROCHLORIDE,CC(C)=CCN1CCC2(C)c3cc(O)ccc3CC1C2C.Cl,0.25374510295374314,0.017867958,0.97022814,0.9424196,1331,54,533
540,CHEMBL1017,TELMISARTAN,CCCc1nc2c(C)cc(-c3nc4ccccc4n3C)cc2n1Cc1ccc(-c2ccccc2C(=O)O)cc1,0.25361128679839784,0.96662223,0.018501865,0.912081,42,2604,647
541,CHEMBL237500,LINAGLIPTIN,CC#CCn1c(N2CCC[C@@H](N)C2)nc2c1c(=O)n(Cc1nc(C)c3ccccc3n1)c(=O)n2C,0.2532238895607318,0.046750568,0.36234555,0.95852673,1006,897,475
542,CHEMBL420762,MOZAVAPTAN,Cc1ccccc1C(=O)Nc1ccc(C(=O)N2CCCC(N(C)C)c3ccccc32)cc1,0.25299347135144684,0.118250564,0.49923822,0.27429435,611,637,1810
543,CHEMBL1201284,CINACALCET,C[C@@H](NCCCc1cccc(C(F)(F)F)c1)c1cccc2ccccc12,0.25279677935999584,0.36228195,0.14465961,0.30826244,326,1611,1737
544,CHEMBL1201313,CHLOPHEDIANOL,CN(C)CCC(O)(c1ccccc1)c1ccccc1Cl,0.25253604903270693,0.35304573,0.08473879,0.5383404,337,1909,1338
545,CHEMBL1201794,RIBOFLAVIN 5'-PHOSPHATE,Cc1cc2nc3c(=O)[nH]c(=O)nc-3n(C[C@H](O)[C@H](O)[C@H](O)COP(=O)(O)O)c2cc1C,0.25227333210883773,0.19481333,0.12116254,0.68018496,492,1715,1123
546,CHEMBL564,PROMAZINE,CN(C)CCCN1c2ccccc2Sc2ccccc21,0.2521055691305231,0.16231114,0.10006829,0.9865122,525,1812,255
547,CHEMBL325041,BORTEZOMIB,CC(C)C[C@H](NC(=O)[C@H](Cc1ccccc1)NC(=O)c1cnccn1)B(O)O,0.25111387874433644,0.04530939,0.40736845,0.85789967,1015,803,790
548,CHEMBL1259059,SOFOSBUVIR,CC(C)OC(=O)[C@H](C)N[P@](=O)(OC[C@H]1O[C@@H](n2ccc(=O)[nH]c2=O)[C@](C)(F)[C@@H]1O)Oc1ccccc1,0.2510781761836431,0.21773928,0.18172249,0.40001976,464,1450,1565
549,CHEMBL1200969,DUTASTERIDE,C[C@]12C=CC(=O)N[C@@H]1CC[C@@H]1[C@@H]2CC[C@]2(C)[C@@H](C(=O)Nc3cc(C(F)(F)F)ccc3C(F)(F)F)CC[C@@H]12,0.2510000293083881,0.35719174,0.044504657,0.99475116,332,2224,134
550,CHEMBL1200340,OSELTAMIVIR PHOSPHATE,CCOC(=O)C1=C[C@@H](OC(CC)CC)[C@H](NC(C)=O)[C@@H](N)C1.O=P(O)(O)O,0.2496761038235197,0.039758354,0.6808659,0.5749644,1063,385,1281
551,CHEMBL19490,ZOMEPIRAC,Cc1cc(CC(=O)O)n(C)c1C(=O)c1ccc(Cl)cc1,0.24952407740584048,0.08961428,0.42023215,0.41254455,737,768,1548
552,CHEMBL1201303,PYRVINIUM,Cc1cc(/C=C/c2ccc3cc(N(C)C)ccc3[n+]2C)c(C)n1-c1ccccc1,0.2492423475496394,0.5902645,0.22717166,0.115468815,204,1277,2284
553,CHEMBL1201000,NITROFURANTOIN SODIUM,O=C1CN(/N=C/c2ccc([N+](=O)[O-])o2)C(=O)[N-]1.[Na+],0.24918020769048105,0.24813926,0.46142983,0.13512616,432,698,2200
554,CHEMBL1201127,DARUNAVIR ETHANOLATE,CC(C)CN(C[C@@H](O)[C@H](Cc1ccccc1)NC(=O)O[C@H]1CO[C@H]2OCC[C@H]21)S(=O)(=O)c1ccc(N)cc1.CCO,0.24887241837191904,0.042464282,0.36518475,0.9940171,1044,885,150
555,CHEMBL1200397,BUTENAFINE HYDROCHLORIDE,CN(Cc1ccc(C(C)(C)C)cc1)Cc1cccc2ccccc12.Cl,0.2479135487981968,0.100827605,0.15254669,0.990646,685,1581,206
556,CHEMBL1200972,CHLOPHEDIANOL HYDROCHLORIDE,CN(C)CCC(O)(c1ccccc1)c1ccccc1Cl.Cl,0.24782490677955485,0.31154698,0.11580024,0.42189252,373,1743,1530
557,CHEMBL4303232,CEFOTIAM HYDROCHLORIDE,CN(C)CCn1nnnc1SCC1=C(C(=O)O)N2C(=O)[C@@H](NC(=O)Cc3csc(N)n3)[C@H]2SC1.Cl.Cl,0.24750504172008428,0.03510086,0.6023564,0.717102,1096,489,1072
558,CHEMBL1200810,DOXERCALCIFEROL,C=C1/C(=C\C=C2/CCC[C@]3(C)[C@@H]([C@H](C)/C=C/[C@H](C)C(C)C)CC[C@@H]23)C[C@@H](O)C[C@@H]1O,0.2472244629805125,0.044924706,0.36664182,0.9173755,1018,879,628
559,CHEMBL990,BUTENAFINE,CN(Cc1ccc(C(C)(C)C)cc1)Cc1cccc2ccccc12,0.24585593399101904,0.11111189,0.13488925,0.9915263,646,1645,193
560,CHEMBL1409,FLUVOXAMINE MALEATE,COCCCC/C(=N\OCCN)c1ccc(C(F)(F)F)cc1.O=C(O)/C=C\C(=O)O,0.24584905640351754,0.0942038,0.17955478,0.8784968,713,1456,746
561,CHEMBL2105760,BREXPIPRAZOLE,O=c1ccc2ccc(OCCCCN3CCN(c4cccc5sccc45)CC3)cc2[nH]1,0.24577527365642157,0.059539076,0.28618783,0.87128717,913,1096,765
562,CHEMBL2105754,TRELAGLIPTIN SUCCINATE,Cn1c(=O)cc(N2CCC[C@@H](N)C2)n(Cc2cc(F)ccc2C#N)c1=O.O=C(O)CCC(=O)O,0.24549386648061833,0.069913715,0.21959919,0.963671,851,1302,457
563,CHEMBL493982,VORAPAXAR,CCOC(=O)N[C@@H]1CC[C@@H]2[C@@H](C1)C[C@H]1C(=O)O[C@H](C)[C@H]1[C@H]2/C=C/c1ccc(-c2cccc(F)c2)cn1,0.24513781015859368,0.0424383,0.42271397,0.8211572,1045,762,874
564,CHEMBL3989478,THIETHYLPERAZINE MALEATE,CCSc1ccc2c(c1)N(CCCN1CCN(C)CC1)c1ccccc1S2.O=C(O)/C=C\C(=O)O.O=C(O)/C=C\C(=O)O,0.2450797442178334,0.06199396,0.29097548,0.81604946,897,1083,886
565,CHEMBL6068478,LAZERTINIB MESYLATE,C=CC(=O)Nc1cc(Nc2nccc(-n3cc(CN(C)C)c(-c4ccccc4)n3)n2)c(OC)cc1N1CCOCC1.CS(=O)(=O)O.O,0.24502196221330844,0.20869361,0.08733178,0.8071117,477,1889,903
566,CHEMBL1417019,MITOXANTRONE HYDROCHLORIDE,Cl.Cl.O=C1c2c(O)ccc(O)c2C(=O)c2c(NCCNCCO)ccc(NCCNCCO)c21,0.24488246983141876,0.080350034,0.4257441,0.42927778,791,752,1524
567,CHEMBL278819,MINAPRINE,Cc1cc(-c2ccccc2)nnc1NCCN1CCOCC1,0.2445740168699275,0.052786455,0.32205454,0.86055577,959,1005,785
568,CHEMBL605846,OLODATEROL,COc1ccc(CC(C)(C)NC[C@H](O)c2cc(O)cc3c2OCC(=O)N3)cc1,0.2442851564119939,0.10428252,0.14087285,0.99232155,673,1625,177
569,CHEMBL422,TRIFLUOPERAZINE,CN1CCN(CCCN2c3ccccc3Sc3ccc(C(F)(F)F)cc32)CC1,0.24390751201208516,0.1338603,0.109649904,0.9885881,580,1771,231
570,CHEMBL535650,MEFLOQUINE HYDROCHLORIDE,Cl.OC(c1cc(C(F)(F)F)nc2c(C(F)(F)F)cccc12)C1CCCCN1,0.24328366982478203,0.104019456,0.22996394,0.6019558,676,1264,1241
571,CHEMBL2028850,ICATIBANT,N=C(N)NCCC[C@@H](N)C(=O)N[C@@H](CCCNC(=N)N)C(=O)N1CCC[C@H]1C(=O)N1C[C@H](O)C[C@H]1C(=O)NCC(=O)N[C@@H](Cc1cccs1)C(=O)N[C@@H](CO)C(=O)N1Cc2ccccc2C[C@@H]1C(=O)N1[C@H](C(=O)N[C@@H](CCCNC(=N)N)C(=O)O)C[C@@H]2CCCC[C@@H]21,0.24310853891664566,0.040425953,0.36209816,0.9815538,1055,898,309
572,CHEMBL2107387,VORTIOXETINE HYDROBROMIDE,Br.Cc1ccc(Sc2ccccc2N2CCNCC2)c(C)c1,0.24309966582292117,0.12199928,0.16094254,0.7316864,604,1534,1050
573,CHEMBL1200986,HALOPERIDOL DECANOATE,CCCCCCCCCC(=O)OC1(c2ccc(Cl)cc2)CCN(CCCC(=O)c2ccc(F)cc2)CC1,0.24259089635203798,0.016808249,0.8696763,0.97666,1347,155,360
574,CHEMBL1219,RABEPRAZOLE,COCCCOc1ccnc(C[S+]([O-])c2nc3ccccc3[nH]2)c1C,0.24245430357573816,0.943708,0.016409812,0.9203402,49,2649,617
575,CHEMBL1201112,NELARABINE,COc1nc(N)nc2c1ncn2[C@@H]1O[C@H](CO)[C@@H](O)[C@@H]1O,0.2423423852370817,0.7714783,0.20393267,0.09046437,137,1365,2380
576,CHEMBL1769,PROPOXYCAINE HYDROCHLORIDE,CCCOc1cc(N)ccc1C(=O)OCCN(CC)CC.Cl,0.24199037505649879,0.033795156,0.5532515,0.7579093,1113,564,1005
577,CHEMBL3391662,PARITAPREVIR,Cc1cnc(C(=O)N[C@H]2CCCCC/C=C\[C@@H]3C[C@@]3(C(=O)NS(=O)(=O)C3CC3)NC(=O)[C@@H]3C[C@@H](Oc4nc5ccccc5c5ccccc45)CN3C2=O)cn1,0.24056132801720098,0.030191276,0.56882375,0.8106217,1147,541,899
578,CHEMBL3137330,CABOTEGRAVIR SODIUM,C[C@H]1CO[C@@H]2Cn3cc(C(=O)NCc4ccc(F)cc4F)c(=O)c([O-])c3C(=O)N12.[Na+],0.24054455486191623,0.03921426,0.7590559,0.4675938,1068,282,1454
579,CHEMBL3301675,LINACLOTIDE,C[C@@H]1NC(=O)[C@@H]2CCCN2C(=O)[C@H](CC(N)=O)NC(=O)[C@@H]2CSSC[C@H](N)C(=O)N[C@H]3CSSC[C@H](NC1=O)C(=O)N[C@@H]([C@@H](C)O)C(=O)NCC(=O)N[C@H](C(=O)N[C@@H](Cc1ccc(O)cc1)C(=O)O)CSSC[C@H](NC(=O)[C@H](Cc1ccc(O)cc1)NC(=O)[C@H](CCC(=O)O)NC3=O)C(=O)N2,0.24047369833695711,0.03309956,0.42538482,0.9876397,1122,754,245
580,CHEMBL562,GRISEOFULVIN,COC1=CC(=O)C[C@@H](C)[C@]12Oc1c(Cl)c(OC)cc(OC)c1C2=O,0.23901886781276296,0.111615576,0.9679542,0.12639122,644,63,2237
581,CHEMBL87708,LOFEPRAMINE,CN(CCCN1c2ccccc2CCc2ccccc21)CC(=O)c1ccc(Cl)cc1,0.23836443442037356,0.0477618,0.30145696,0.94062907,996,1052,542
582,CHEMBL2360079,ACETOPHENAZINE MALEATE,CC(=O)c1ccc2c(c1)N(CCCN1CCN(CCO)CC1)c1ccccc1S2.O=C(O)/C=C\C(=O)O.O=C(O)/C=C\C(=O)O,0.2375415026958592,0.04822238,0.32830912,0.8466169,991,995,825
583,CHEMBL1945778,IOFLUPANE,COC(=O)[C@H]1[C@@H](c2ccc(I)cc2)C[C@@H]2CC[C@H]1N2CCCF,0.2371776283903517,0.07508257,0.1944864,0.91367733,824,1404,643
584,CHEMBL3989517,IOFLUPANE I 123,COC(=O)[C@H]1[C@@H](c2ccc([123I])cc2)C[C@@H]2CC[C@H]1N2CCCF,0.2371776283903517,0.07508257,0.1944864,0.91367733,824,1404,643
585,CHEMBL1200482,CEFOPERAZONE SODIUM,CCN1CCN(C(=O)N[C@@H](C(=O)N[C@@H]2C(=O)N3C(C(=O)[O-])=C(CSc4nnnn4C)CS[C@H]23)c2ccc(O)cc2)C(=O)C1=O.[Na+],0.23714645683313615,0.054962575,0.69854826,0.3473653,944,362,1652
586,CHEMBL1200984,AMLODIPINE MALEATE,CCOC(=O)C1=C(COCCN)NC(C)=C(C(=O)OC)C1c1ccccc1Cl.O=C(O)/C=C\C(=O)O,0.23703751020579047,0.04716251,0.46233425,0.61079895,1000,696,1229
587,CHEMBL3989823,VIOMYCIN SULFATE,NCCC[C@H](N)CC(=O)N[C@H]1CNC(=O)[C@H]([C@H]2C[C@H](O)NC(N)=N2)NC(=O)/C(=C/NC(N)=O)NC(=O)[C@H](CO)NC(=O)[C@H](CO)NC1=O.O=S(=O)(O)O,0.2369802070794002,0.04280107,0.37609002,0.82677966,1038,858,861
588,CHEMBL1256842,NOMIFENSINE MALEATE,CN1Cc2c(N)cccc2C(c2ccccc2)C1.O=C(O)/C=C\C(=O)O,0.23656626274879214,0.076438546,0.29447904,0.5881547,816,1071,1258
589,CHEMBL4594293,ACALABRUTINIB MALEATE,CC#CC(=O)N1CCC[C@H]1c1nc(-c2ccc(C(=O)Nc3ccccn3)cc2)c2c(N)nccn12.O=C(O)/C=C\C(=O)O,0.23603066284175883,0.11745103,0.56329703,0.19875178,616,546,1989
590,CHEMBL1200357,MOXALACTAM DISODIUM,CO[C@@]1(NC(=O)C(C(=O)[O-])c2ccc(O)cc2)C(=O)N2C(C(=O)[O-])=C(CSc3nnnn3C)CO[C@@H]21.[Na+].[Na+],0.23521371827465157,0.061012685,0.9404557,0.22679292,903,97,1909
591,CHEMBL1201782,FOSAPREPITANT DIMEGLUMINE,CNC[C@H](O)[C@@H](O)[C@H](O)[C@H](O)CO.CNC[C@H](O)[C@@H](O)[C@H](O)[C@H](O)CO.C[C@@H](O[C@H]1OCCN(Cc2nn(P(=O)(O)O)c(=O)[nH]2)[C@H]1c1ccc(F)cc1)c1cc(C(F)(F)F)cc(C(F)(F)F)c1,0.2343243249377125,0.09306449,0.15793611,0.87536,720,1547,756
592,CHEMBL1094966,PIRBUTEROL,CC(C)(C)NCC(O)c1ccc(O)c(CO)n1,0.2339514773857399,0.074071616,0.34710318,0.49804318,833,933,1393
593,CHEMBL597,PHENTOLAMINE,Cc1ccc(N(CC2=NCCN2)c2cccc(O)c2)cc1,0.23367932111502696,0.117118604,0.34466538,0.31610933,617,941,1723
594,CHEMBL1091250,INDIGOTINDISULFONATE,O=C1/C(=C2\Nc3ccc(S(=O)(=O)O)cc3C2=O)Nc2ccc(S(=O)(=O)O)cc21,0.233384606320416,0.11518001,0.19349998,0.5703726,629,1410,1291
595,CHEMBL2103830,FOSTAMATINIB,COc1cc(Nc2ncc(F)c(Nc3ccc4c(n3)N(COP(=O)(O)O)C(=O)C(C)(C)O4)n2)cc(OC)c1OC,0.2328386601420829,0.08615655,0.7737723,0.18934935,757,269,2014
596,CHEMBL313972,MASOPROCOL,C[C@H](Cc1ccc(O)c(O)c1)[C@@H](C)Cc1ccc(O)c(O)c1,0.23269354566215672,0.02836636,0.6849571,0.6484642,1166,380,1168
597,CHEMBL100116,PENTAZOCINE,CC(C)=CCN1CCC2(C)c3cc(O)ccc3CC1C2C,0.23232443637653466,0.013647544,0.97215414,0.94513756,1418,51,520
598,CHEMBL1660,RIFAPENTINE,CO[C@H]1/C=C/O[C@@]2(C)Oc3c(C)c(O)c4c(O)c(c(/C=N/N5CCN(C6CCCC6)CC5)c(O)c4c3C2=O)NC(=O)/C(C)=C\C=C\[C@H](C)[C@H](O)[C@@H](C)[C@@H](O)[C@@H](C)[C@H](OC(C)=O)[C@@H]1C,0.23168431273491435,0.07421365,0.58364516,0.28711587,831,515,1782
599,CHEMBL1200948,TRIMIPRAMINE MALEATE,CC(CN(C)C)CN1c2ccccc2CCc2ccccc21.O=C(O)/C=C\C(=O)O,0.23147813260976344,0.04797354,0.33236066,0.77789056,993,982,960
600,CHEMBL1618,CEFAMANDOLE NAFATE,Cn1nnnc1SCC1=C(C(=O)[O-])N2C(=O)[C@@H](NC(=O)[C@H](OC=O)c3ccccc3)[C@H]2SC1.[Na+],0.23119518656311372,0.08049395,0.84015673,0.18273124,789,192,2029
601,CHEMBL1082407,ENZALUTAMIDE,CNC(=O)c1ccc(N2C(=S)N(c3ccc(C#N)c(C(F)(F)F)c3)C(=O)C2(C)C)cc1F,0.23068492712975094,0.028269768,0.7510736,0.5781665,1169,293,1274
602,CHEMBL1213165,DOLUTEGRAVIR SODIUM,C[C@@H]1CCO[C@H]2Cn3cc(C(=O)NCc4ccc(F)cc4F)c(=O)c([O-])c3C(=O)N12.[Na+],0.22953303702486438,0.03758605,0.7470594,0.43067914,1082,299,1519
603,CHEMBL1492500,DOTHIEPIN,CN(C)CC/C=C1\c2ccccc2CSc2ccccc21,0.2291947148005233,0.25667292,0.27069137,0.17328434,424,1144,2057
604,CHEMBL2146102,EPHEDRINE HYDROCHLORIDE,CN[C@@H](C)[C@H](O)c1ccccc1.Cl,0.22870148513662852,0.06954418,0.22722328,0.7569955,853,1276,1007
605,CHEMBL1908841,LEVOLEUCOVORIN,Nc1nc(=O)c2c([nH]1)NC[C@H](CNc1ccc(C(=O)N[C@@H](CCC(=O)O)C(=O)O)cc1)N2C=O,0.22807202422907638,0.02864442,0.43471855,0.9527256,1165,739,496
606,CHEMBL567,PERPHENAZINE,OCCN1CCN(CCCN2c3ccccc3Sc3ccc(Cl)cc32)CC1,0.228068133644283,0.07260007,0.16761337,0.9748731,839,1509,374
607,CHEMBL4594214,ZICONOTIDE,CSCC[C@@H]1NC(=O)[C@H](CC(C)C)NC(=O)[C@H](CCCNC(=N)N)NC(=O)[C@H](CO)NC(=O)[C@@H]2CSSC[C@@H]3NC(=O)[C@H](CO)NC(=O)CNC(=O)[C@H]([C@@H](C)O)NC(=O)[C@H](CSSC[C@H](N)C(=O)N[C@@H](CCCCN)C(=O)NCC(=O)N[C@@H](CCCCN)C(=O)NCC(=O)N[C@@H](C)C(=O)N[C@@H](CCCCN)C(=O)N2)NC(=O)[C@H](CSSC[C@@H](C(N)=O)NC(=O)[C@H](CCCCN)NC(=O)CNC(=O)[C@H](CO)NC(=O)[C@H](CCCNC(=N)N)NC3=O)NC(=O)[C@H](CC(=O)O)NC(=O)[C@H](Cc2ccc(O)cc2)NC1=O,0.22792282745755094,0.04974681,0.24091604,0.9879445,984,1226,242
608,CHEMBL4558324,LAZERTINIB,C=CC(=O)Nc1cc(Nc2nccc(-n3cc(CN(C)C)c(-c4ccccc4)n3)n2)c(OC)cc1N1CCOCC1,0.2276195137532478,0.21269725,0.05876367,0.94353414,471,2100,529
609,CHEMBL1422,SITAGLIPTIN,N[C@@H](CC(=O)N1CCn2c(nnc2C(F)(F)F)C1)Cc1cc(F)c(F)cc1F,0.22741394485995356,0.095916644,0.21378615,0.5735585,708,1325,1283
610,CHEMBL24828,VANDETANIB,COc1cc2/c(=N/c3ccc(Br)cc3F)nc[nH]c2cc1OCC1CCN(C)CC1,0.2273999927493561,0.32187495,0.25824022,0.14146866,365,1178,2172
611,CHEMBL14060,PHENOL,Oc1ccccc1,0.22704740808052815,0.11232471,0.30689958,0.3395299,640,1044,1672
612,CHEMBL2070241,BREMELANOTIDE,CCCC[C@H](NC(C)=O)C(=O)N[C@H]1CC(=O)NCCCC[C@@H](C(=O)O)NC(=O)[C@H](Cc2c[nH]c3ccccc23)NC(=O)[C@H](CCCNC(=N)N)NC(=O)[C@@H](Cc2ccccc2)NC(=O)[C@H](Cc2c[nH]cn2)NC1=O,0.22701697365945514,0.05765154,0.21199366,0.95728475,923,1337,480
613,CHEMBL507674,CEFOPERAZONE,CCN1CCN(C(=O)N[C@@H](C(=O)N[C@@H]2C(=O)N3C(C(=O)O)=C(CSc4nnnn4C)CS[C@H]23)c2ccc(O)cc2)C(=O)C1=O,0.22685459398528063,0.05047879,0.687794,0.33626014,975,374,1679
614,CHEMBL1546,HYDROXYAMPHETAMINE,CC(N)Cc1ccc(O)cc1,0.22683950833905184,0.015552232,0.83973414,0.8937615,1372,193,700
615,CHEMBL1908361,LEVOLEUCOVORIN CALCIUM,Nc1nc(=O)c2c([nH]1)NC[C@H](CNc1ccc(C(=O)N[C@@H](CCC(=O)[O-])C(=O)[O-])cc1)N2C=O.[Ca+2],0.22665543579581998,0.02777778,0.4724473,0.88725317,1173,679,711
616,CHEMBL548,DINOPROSTONE,CCCCC[C@H](O)/C=C/[C@H]1[C@H](O)CC(=O)[C@@H]1C/C=C\CCCC(=O)O,0.2262377747206762,0.046866637,0.32066968,0.7705018,1003,1007,980
617,CHEMBL3188993,QUETIAPINE FUMARATE,O=C(O)/C=C/C(=O)O.OCCOCCN1CCN(C2=Nc3ccccc3Sc3ccccc32)CC1.OCCOCCN1CCN(C2=Nc3ccccc3Sc3ccccc32)CC1,0.2255175305959469,0.052164286,0.27237308,0.8072415,965,1132,902
618,CHEMBL1201046,CEFORANIDE,NCc1ccccc1CC(=O)N[C@@H]1C(=O)N2C(C(=O)O)=C(CSc3nnnn3CC(=O)O)CS[C@H]12,0.22523231956431672,0.04407776,0.7754938,0.33426762,1022,265,1683
619,CHEMBL1089,PHENELZINE,NNCCc1ccccc1,0.22468861314625246,0.06146224,0.20914628,0.882439,900,1347,727
620,CHEMBL2107124,PROTHIPENDYL HYDROCHLORIDE,CN(C)CCCN1c2ccccc2Sc2cccnc21.Cl,0.22360274894958762,0.09931719,0.116464004,0.9665297,695,1737,436
621,CHEMBL20883,TEGAFUR,O=c1[nH]c(=O)n(C2CCCO2)cc1F,0.22332852304817083,0.11888045,0.18684053,0.50147706,610,1437,1388
622,CHEMBL1200388,CLOXACILLIN SODIUM,Cc1onc(-c2ccccc2Cl)c1C(=O)N[C@@H]1C(=O)N2[C@@H]1SC(C)(C)[C@@H]2C(=O)[O-].O.[Na+],0.22324143677309854,0.13047013,0.70439833,0.12105844,586,358,2259
623,CHEMBL2104415,MOXIDECTIN,CO/N=C1\C[C@]2(C[C@@H]3C[C@@H](C/C=C(\C)C[C@@H](C)/C=C/C=C4\CO[C@@H]5[C@H](O)C(C)=C[C@@H](C(=O)O3)[C@]45O)O2)O[C@H](/C(C)=C/C(C)C)[C@H]1C,0.22274965772938404,0.015949488,0.7556571,0.91702175,1365,286,630
624,CHEMBL1201748,CABAZITAXEL,CO[C@H]1C(=O)[C@]2(C)[C@@H](OC)C[C@H]3OC[C@@]3(OC(C)=O)[C@H]2[C@H](OC(=O)c2ccccc2)[C@]2(O)C[C@H](OC(=O)[C@H](O)[C@@H](NC(=O)OC(C)(C)C)c3ccccc3)C(C)=C1C2(C)C,0.2225698801297486,0.02764029,0.8298831,0.4806618,1177,201,1425
625,CHEMBL58,MITOXANTRONE,O=C1c2c(O)ccc(O)c2C(=O)c2c(NCCNCCO)ccc(NCCNCCO)c21,0.22221697751379788,0.07023329,0.355415,0.43959525,848,914,1496
626,CHEMBL1200843,METHYLERGONOVINE MALEATE,CC[C@@H](CO)NC(=O)[C@@H]1C=C2c3cccc4[nH]cc(c34)C[C@H]2N(C)C1.O=C(O)/C=C\C(=O)O,0.22212711731588466,0.04367313,0.27610403,0.90890324,1031,1124,660
627,CHEMBL1200855,TICARCILLIN DISODIUM,CC1(C)S[C@@H]2[C@H](NC(=O)[C@H](C(=O)[O-])c3ccsc3)C(=O)N2[C@H]1C(=O)[O-].[Na+].[Na+],0.22210963263107578,0.04847651,0.2770495,0.8158559,989,1122,887
628,CHEMBL1711280,DOTHIEPIN HYDROCHLORIDE,CN(C)CC/C=C1\c2ccccc2CSc2ccccc21.Cl,0.22120007834970318,0.2336051,0.26921695,0.17209612,453,1147,2060
629,CHEMBL4298153,NIROGACESTAT HYDROBROMIDE,Br.Br.CCC[C@H](N[C@H]1CCc2cc(F)cc(F)c2C1)C(=O)Nc1cn(C(C)(C)CNCC(C)(C)C)cn1,0.22052133511623745,0.7807823,0.15994513,0.08587187,131,1541,2397
630,CHEMBL1200523,CEFAZOLIN SODIUM,Cc1nnc(SCC2=C(C(=O)[O-])N3C(=O)[C@@H](NC(=O)Cn4cnnn4)[C@H]3SC2)s1.[Na+],0.22036572013992323,0.052650124,0.65184057,0.31181094,960,411,1732
631,CHEMBL3989830,SIBUTRAMINE HYDROCHLORIDE,CC(C)CC(N(C)C)C1(c2ccc(Cl)cc2)CCC1.Cl.O,0.21937494418851197,0.015214676,0.78683037,0.88189584,1380,248,729
632,CHEMBL1767408,DIQUAFOSOL TETRASODIUM,O=c1ccn([C@@H]2O[C@H](COP(=O)([O-])OP(=O)([O-])OP(=O)([O-])OP(=O)([O-])OC[C@H]3O[C@@H](n4ccc(=O)[nH]c4=O)[C@H](O)[C@@H]3O)[C@@H](O)[C@H]2O)c(=O)[nH]1.[Na+].[Na+].[Na+].[Na+],0.21888803822890773,0.15504232,0.11159542,0.6061351,541,1766,1233
633,CHEMBL1779710,EVOGLIPTIN,CC(C)(C)OC[C@@H]1C(=O)NCCN1C(=O)C[C@H](N)Cc1cc(F)c(F)cc1F,0.21854790453001416,0.090489484,0.26545092,0.43456784,734,1159,1508
634,CHEMBL1697760,MUZOLIMINE,CC(c1ccc(Cl)c(Cl)c1)N1N=C(N)CC1=O,0.21819959187441096,0.7620551,0.02383728,0.5718982,141,2507,1288
635,CHEMBL1256137,CYSTEAMINE HYDROCHLORIDE,Cl.NCCS,0.2181660505610836,0.353931,0.14009684,0.20941825,335,1626,1957
636,CHEMBL1200941,THIAMINE HYDROCHLORIDE,Cc1ncc(C[n+]2csc(CCO)c2C)c(N)n1.Cl.[Cl-],0.218088967352966,0.7925587,0.45866206,0.028534928,118,705,2684
637,CHEMBL4594248,CALCITONIN HUMAN,CC[C@H](C)[C@H](NC(=O)[C@H](C)NC(=O)[C@@H](NC(=O)[C@H](CCC(N)=O)NC(=O)[C@@H]1CCCN1C(=O)[C@H](Cc1ccccc1)NC(=O)[C@@H](NC(=O)[C@H](Cc1c[nH]cn1)NC(=O)[C@H](Cc1ccccc1)NC(=O)[C@H](CCCCN)NC(=O)[C@H](CC(N)=O)NC(=O)[C@H](Cc1ccccc1)NC(=O)[C@H](CC(=O)O)NC(=O)[C@H](CCC(N)=O)NC(=O)[C@@H](NC(=O)[C@H](Cc1ccc(O)cc1)NC(=O)[C@@H](NC(=O)CNC(=O)[C@H](CC(C)C)NC(=O)[C@H](CCSC)NC(=O)[C@@H]1CSSC[C@H](N)C(=O)NCC(=O)N[C@@H](CC(N)=O)C(=O)N[C@@H](CC(C)C)C(=O)N[C@@H](CO)C(=O)N[C@@H]([C@@H](C)O)C(=O)N1)[C@@H](C)O)[C@@H](C)O)[C@@H](C)O)[C@@H](C)O)C(=O)NCC(=O)N[C@H](C(=O)NCC(=O)N[C@@H](C)C(=O)N1CCC[C@H]1C(N)=O)C(C)C,0.2179086039628368,0.018911038,0.55230147,0.9906758,1310,567,205
638,CHEMBL1200370,BENZOYL PEROXIDE,O=C(OOC(=O)c1ccccc1)c1ccccc1,0.2165594529506865,0.047172926,0.8678554,0.24807969,999,158,1858
639,CHEMBL500576,TEMOPORFIN,Oc1cccc(-c2c3nc(c(-c4cccc(O)c4)c4ccc([nH]4)c(-c4cccc(O)c4)c4nc(c(-c5cccc(O)c5)c5ccc2[nH]5)CC4)C=C3)c1,0.2164989471906731,0.12907904,0.07961114,0.9875016,588,1949,247
640,CHEMBL3301612,ENCORAFENIB,COC(=O)N[C@@H](C)CNc1nccc(-c2cn(C(C)C)nc2-c2cc(Cl)cc(NS(C)(=O)=O)c2F)n1,0.216261119279512,0.15646084,0.19573504,0.3302639,536,1399,1691
641,CHEMBL340978,BENOXAPROFEN,CC(C(=O)O)c1ccc2oc(-c3ccc(Cl)cc3)nc2c1,0.2161235948641986,0.07416903,0.415281,0.32774934,832,779,1696
642,CHEMBL2104993,VORTIOXETINE,Cc1ccc(Sc2ccccc2N2CCNCC2)c(C)c1,0.21518408251140247,0.09880063,0.14709513,0.68560255,699,1605,1110
643,CHEMBL1316,CARPROFEN,CC(C(=O)O)c1ccc2c(c1)[nH]c1ccc(Cl)cc12,0.2150623514649732,0.24149753,0.42058685,0.09793204,444,766,2347
644,CHEMBL1195,PROPOXYCAINE,CCCOc1cc(N)ccc1C(=O)OCCN(CC)CC,0.21489532013848184,0.02499347,0.5319145,0.74647033,1207,592,1024
645,CHEMBL1255800,FIDAXOMICIN,CCc1c(Cl)c(O)c(Cl)c(O)c1C(=O)O[C@H]1[C@H](O)[C@H](OC)[C@H](OC/C2=C\C=C\C[C@H](O)/C(C)=C/[C@H](CC)[C@@H](O[C@@H]3OC(C)(C)[C@@H](OC(=O)C(C)C)[C@H](O)[C@@H]3O)/C(C)=C/C(C)=C/C[C@@H]([C@@H](C)O)OC2=O)O[C@@H]1C,0.21486932846841444,0.09091681,0.27078038,0.40295988,728,1143,1560
646,CHEMBL28218,BROMPERIDOL,O=C(CCCN1CCC(O)(c2ccc(Br)cc2)CC1)c1ccc(F)cc1,0.21457357465170196,0.07662093,0.24015218,0.5369017,813,1230,1340
647,CHEMBL1697841,ISOMETHEPTENE,CNC(C)CCC=C(C)C,0.21425670156801746,0.090243,0.11451852,0.95173055,735,1753,500
648,CHEMBL4559134,SELPERCATINIB,COc1ccc(CN2C3CC2CN(c2ccc(-c4cc(OCC(C)(C)O)cn5ncc(C#N)c45)cn2)C3)cn1,0.21410501203449503,0.10951534,0.5527229,0.16214298,653,565,2092
649,CHEMBL1082,AMOXICILLIN,CC1(C)S[C@@H]2[C@H](NC(=O)[C@H](N)c3ccc(O)cc3)C(=O)N2[C@H]1C(=O)O,0.2139951134955989,0.029335849,0.70791006,0.4718835,1159,352,1446
650,CHEMBL926,DOBUTAMINE,CC(CCc1ccc(O)cc1)NCCc1ccc(O)c(O)c1,0.2138817719169299,0.020407453,0.76437545,0.62722844,1280,271,1207
651,CHEMBL1200822,FLECAINIDE ACETATE,CC(=O)O.O=C(NCC1CCCCN1)c1cc(OCC(F)(F)F)ccc1OCC(F)(F)F,0.21385190674983243,0.10822335,0.36448595,0.24793491,662,887,1860
652,CHEMBL1296,CEFOTIAM,CN(C)CCn1nnnc1SCC1=C(C(=O)O)N2C(=O)[C@@H](NC(=O)Cc3csc(N)n3)[C@H]2SC1,0.2130191654195277,0.025958778,0.53390217,0.69744515,1195,590,1096
653,CHEMBL4650226,ACORAMIDIS HYDROCHLORIDE,Cc1n[nH]c(C)c1CCCOc1cc(C(=O)O)ccc1F.Cl,0.2121781115166495,0.30861825,0.15677655,0.1974236,377,1549,1993
654,CHEMBL1201235,METHYLHOMATROPINE,C[N+]1(C)[C@@H]2CC[C@H]1C[C@@H](OC(=O)C(O)c1ccccc1)C2,0.21208280345084538,0.1827737,0.078901604,0.6614801,505,1953,1151
655,CHEMBL161,CEFTRIAXONE,CO/N=C(\C(=O)N[C@@H]1C(=O)N2C(C(=O)O)=C(CSc3nc(=O)c(O)nn3C)CS[C@H]12)c1csc(N)n1,0.21189643939279287,0.09998197,0.5844718,0.16281173,693,510,2091
656,CHEMBL3989509,PENTAZOCINE LACTATE,CC(C)=CCN1CCC2(C)c3cc(O)ccc3CC1C2C.CC(O)C(=O)O,0.210873662395251,0.01089418,0.980068,0.87824607,1497,39,747
657,CHEMBL1590,PSEUDOEPHEDRINE,CN[C@@H](C)[C@@H](O)c1ccccc1,0.21061664330346413,0.07704531,0.1700572,0.71307766,811,1501,1080
658,CHEMBL267894,AMOBARBITAL,CCC1(CCC(C)C)C(=O)NC(=O)NC1=O,0.2104937828408411,0.023971828,0.89490616,0.43474957,1221,129,1505
659,CHEMBL1398126,AMILORIDE HYDROCHLORIDE,Cl.N=C(N)NC(=O)c1nc(Cl)c(N)nc1N.O.O,0.21048896455287425,0.1427817,0.47000158,0.13896842,565,686,2185
660,CHEMBL891,CLOXACILLIN,Cc1onc(-c2ccccc2Cl)c1C(=O)N[C@@H]1C(=O)N2[C@@H]1SC(C)(C)[C@@H]2C(=O)O,0.21038191274180204,0.11703483,0.6470778,0.122957096,618,419,2251
661,CHEMBL4594287,ENSIFENTRINE,COc1cc2c(cc1OC)-c1c/c(=N\c3c(C)cc(C)cc3C)n(CCNC(N)=O)c(=O)n1CC2,0.21028751985200497,0.20725119,0.04493641,0.9984931,479,2218,67
662,CHEMBL1200768,CEFTAZIDIME SODIUM,CC(C)(O/N=C(\C(=O)N[C@@H]1C(=O)N2C(C(=O)[O-])=C(C[n+]3ccccc3)CS[C@H]12)c1csc(N)n1)C(=O)[O-].[Na+],0.21022925920777402,0.12294194,0.8112027,0.09316441,602,221,2363
663,CHEMBL1201066,VENLAFAXINE HYDROCHLORIDE,COc1ccc(C(CN(C)C)C2(O)CCCCC2)cc1.Cl,0.2100403019776379,0.019363081,0.4953114,0.96617335,1299,642,440
664,CHEMBL1588,THIAMINE,Cc1ncc(C[n+]2csc(CCO)c2C)c(N)n1.[Cl-],0.2100295968785104,0.77086645,0.4198899,0.028623778,138,769,2683
665,CHEMBL1146,CEFAMANDOLE,Cn1nnnc1SCC1=C(C(=O)O)N2C(=O)[C@@H](NC(=O)[C@H](O)c3ccccc3)[C@H]2SC1,0.20980739837558474,0.067036375,0.8169043,0.1686478,869,216,2073
666,CHEMBL1201218,CEFAMANDOLE NAFATE FREE BASE,Cn1nnnc1SCC1=C(C(=O)O)N2C(=O)[C@@H](NC(=O)[C@H](OC=O)c3ccccc3)[C@H]2SC1,0.20968283373752533,0.06426358,0.81700027,0.1755907,883,215,2049
667,CHEMBL1200338,PINACIDIL,CC(N/C(=N\C#N)Nc1ccncc1)C(C)(C)C.O,0.2094473878038894,0.013799115,0.8622938,0.77217954,1409,167,977
668,CHEMBL1770916,NIROGACESTAT,CCC[C@H](N[C@H]1CCc2cc(F)cc(F)c2C1)C(=O)Nc1cn(C(C)(C)CNCC(C)(C)C)cn1,0.20922981361359386,0.7706443,0.14896026,0.07978961,139,1599,2419
669,CHEMBL1200799,TRAVOPROST,CC(C)OC(=O)CCC/C=C\C[C@@H]1[C@@H](/C=C/[C@@H](O)COc2cccc(C(F)(F)F)c2)[C@H](O)C[C@@H]1O,0.20914770150719755,0.16610906,0.084627666,0.6508091,520,1911,1167
670,CHEMBL1489,AZACITIDINE,Nc1ncn([C@@H]2O[C@H](CO)[C@@H](O)[C@H]2O)c(=O)n1,0.2088471877735704,0.18272626,0.2627411,0.18973914,506,1168,2012
671,CHEMBL3940890,ACORAMIDIS,Cc1n[nH]c(C)c1CCCOc1cc(C(=O)O)ccc1F,0.2086938565976032,0.2997943,0.15515259,0.19540992,389,1563,1999
672,CHEMBL1200511,GONADORELIN ACETATE,CC(=O)O.CC(C)C[C@H](NC(=O)CNC(=O)[C@H](Cc1ccc(O)cc1)NC(=O)[C@H](CO)NC(=O)[C@H](Cc1c[nH]c2ccccc12)NC(=O)[C@H](Cc1cnc[nH]1)NC(=O)[C@@H]1CCC(=O)N1)C(=O)N[C@@H](CCCNC(=N)N)C(=O)N1CCC[C@H]1C(=O)NCC(N)=O,0.20842186921413663,0.011116025,0.8204962,0.9926676,1488,212,171
673,CHEMBL4297147,HALOPERIDOL LACTATE,CC(O)C(=O)O.O=C(CCCN1CCC(O)(c2ccc(Cl)cc2)CC1)c1ccc(F)cc1,0.20823097680933333,0.011376448,0.817309,0.9710533,1481,214,406
674,CHEMBL416956,MEFLOQUINE,OC(c1cc(C(F)(F)F)nc2c(C(F)(F)F)cccc12)C1CCCCN1,0.20761672269938677,0.08365173,0.1775949,0.6023953,770,1471,1240
675,CHEMBL1467,ALLOPURINOL,Oc1ncnc2[nH]ncc12,0.20734048389809795,0.13960324,0.281009,0.22721481,570,1111,1907
676,CHEMBL1668,RESCINNAMINE,COC(=O)[C@H]1[C@H]2C[C@@H]3c4[nH]c5cc(OC)ccc5c4CCN3C[C@H]2C[C@@H](OC(=O)/C=C/c2cc(OC)c(OC)c(OC)c2)[C@@H]1OC,0.2070512466705256,0.035818197,0.43223703,0.5733342,1092,744,1285
677,CHEMBL829,METHYLPROMAZINE,CC(CN(C)C)CN1c2ccccc2Sc2ccccc21,0.20648087518033123,0.12502429,0.07151625,0.9845558,598,2010,280
678,CHEMBL1200671,NAFARELIN ACETATE,CC(=O)O.CC(C)C[C@H](NC(=O)[C@@H](Cc1cccc2ccccc12)NC(=O)[C@H](Cc1ccc(O)cc1)NC(=O)[C@H](CO)NC(=O)[C@H](Cc1c[nH]c2ccccc12)NC(=O)[C@H](Cc1cnc[nH]1)NC(=O)[C@@H]1CCC(=O)N1)C(=O)N[C@@H](CCCNC(=N)N)C(=O)N1CCC[C@H]1C(=O)NCC(N)=O,0.2063113039332903,0.011072704,0.7998128,0.9915786,1490,225,191
679,CHEMBL1449,TICARCILLIN,CC1(C)S[C@@H]2[C@H](NC(=O)[C@H](C(=O)O)c3ccsc3)C(=O)N2[C@H]1C(=O)O,0.2056419342730159,0.03925316,0.28040975,0.79007316,1067,1113,936
680,CHEMBL2105345,PROPANIDID,CCCOC(=O)Cc1ccc(OCC(=O)N(CC)CC)c(OC)c1,0.20513787755739338,0.012242913,0.76158804,0.9258332,1457,277,603
681,CHEMBL44354,CEFTAZIDIME,CC(C)(O/N=C(\C(=O)N[C@@H]1C(=O)N2C(C(=O)[O-])=C(C[n+]3ccccc3)CS[C@H]12)c1csc(N)n1)C(=O)O,0.20488990667932228,0.11637542,0.8122493,0.09099365,622,220,2374
682,CHEMBL2107360,PALIPERIDONE PALMITATE,CCCCCCCCCCCCCCCC(=O)OC1CCCn2c1nc(C)c(CCN1CCC(c3noc4cc(F)ccc34)CC1)c2=O,0.20478277148480478,0.04535088,0.20355482,0.9302787,1014,1366,580
683,CHEMBL1200501,GOSERELIN ACETATE,CC(=O)O.CC(C)C[C@H](NC(=O)[C@@H](COC(C)(C)C)NC(=O)[C@H](Cc1ccc(O)cc1)NC(=O)[C@H](CO)NC(=O)[C@H](Cc1c[nH]c2ccccc12)NC(=O)[C@H](Cc1cnc[nH]1)NC(=O)[C@@H]1CCC(=O)N1)C(=O)N[C@@H](CCCNC(=N)N)C(=O)N1CCC[C@H]1C(=O)NNC(N)=O,0.20420790491944837,0.011116795,0.7794887,0.9827163,1487,261,299
684,CHEMBL1084172,VILANTEROL TRIFENATATE,O=C(O)C(c1ccccc1)(c1ccccc1)c1ccccc1.OCc1cc([C@@H](O)CNCCCCCCOCCOCc2c(Cl)cccc2Cl)ccc1O,0.2040372824255154,0.06293382,0.32984504,0.40919903,888,989,1554
685,CHEMBL1097279,CANGRELOR TETRASODIUM,CSCCNc1nc(SCCC(F)(F)F)nc2c1ncn2[C@@H]1O[C@H](COP(=O)([O-])OP(=O)([O-])C(Cl)(Cl)P(=O)([O-])[O-])[C@@H](O)[C@H]1O.[Na+].[Na+].[Na+].[Na+],0.20359407141407718,0.028272929,0.31814095,0.9382206,1168,1012,553
686,CHEMBL1692,IMIPRAMINE HYDROCHLORIDE,CN(C)CCCN1c2ccccc2CCc2ccccc21.Cl,0.20310681092552751,0.0731114,0.11959959,0.9582057,836,1720,477
687,CHEMBL1201005,CEFONICID SODIUM,O=C([O-])C1=C(CSc2nnnn2CS(=O)(=O)[O-])CS[C@@H]2[C@H](NC(=O)[C@H](O)c3ccccc3)C(=O)N12.[Na+].[Na+],0.20271286293968271,0.06512322,0.5581597,0.2291657,876,552,1901
688,CHEMBL5315121,TECOVIRIMAT MONOHYDRATE,O.O=C(NN1C(=O)[C@@H]2[C@@H]3C=C[C@@H]([C@H]4C[C@@H]34)[C@@H]2C1=O)c1ccc(C(F)(F)F)cc1,0.2020557131330801,0.03126192,0.3717675,0.70978415,1137,867,1087
689,CHEMBL3183193,CEFMENOXIME HYDROCHLORIDE,CO/N=C(\C(=O)N[C@@H]1C(=O)N2C(C(=O)O)=C(CSc3nnnn3C)CS[C@H]12)c1csc(N)n1.CO/N=C(\C(=O)N[C@@H]1C(=O)N2C(C(=O)O)=C(CSc3nnnn3C)CS[C@H]12)c1csc(N)n1.Cl,0.20181776620883143,0.06224148,0.60559636,0.2180796,894,482,1936
690,CHEMBL407,FLUMAZENIL,CCOC(=O)c1ncn2c1CN(C)C(=O)c1cc(F)ccc1-2,0.20056606413185704,0.09058956,0.45292506,0.1966382,732,711,1997
691,CHEMBL420,GUANABENZ,N=C(N)N/N=C/c1c(Cl)cccc1Cl,0.20036548545070093,0.24107166,0.53471637,0.06240209,445,589,2505
692,CHEMBL4802130,BELUMOSUDIL MESYLATE,CC(C)NC(=O)COc1cccc(-c2nc(Nc3ccc4[nH]ncc4c3)c3ccccc3n2)c1.CS(=O)(=O)O,0.2002820750008476,0.100904375,0.3848724,0.20687091,684,843,1965
693,CHEMBL2105458,THENALIDINE,CN1CCC(N(Cc2cccs2)c2ccccc2)CC1,0.19996631771457793,0.5573602,0.01549851,0.92564535,216,2666,605
694,CHEMBL3989403,ZOMEPIRAC SODIUM,Cc1cc(CC(=O)[O-])n(C)c1C(=O)c1ccc(Cl)cc1.O.O.[Na+],0.1997245203480358,0.09386582,0.41191676,0.20605221,714,792,1966
695,CHEMBL1201224,CEFMENOXIME,CO/N=C(\C(=O)N[C@@H]1C(=O)N2C(C(=O)O)=C(CSc3nnnn3C)CS[C@H]12)c1csc(N)n1,0.19971548106202774,0.05948614,0.600516,0.22299483,914,492,1918
696,CHEMBL2105023,INDIGOTINDISULFONATE SODIUM,O=C1/C(=C2\Nc3ccc(S(=O)(=O)[O-])cc3C2=O)Nc2ccc(S(=O)(=O)[O-])cc21.[Na+].[Na+],0.1996347051550807,0.09852152,0.16095544,0.5017315,702,1533,1387
697,CHEMBL1208646,THEOPHYLLINE GLYCINATE,Cn1c(=O)c2[nH]cnc2n(C)c1=O.NCC(=O)O,0.1994624321576474,0.26828077,0.22082822,0.1339489,416,1299,2204
698,CHEMBL1547,THIAMINE ION,Cc1ncc(C[n+]2csc(CCO)c2C)c(N)n1,0.19934970387175557,0.7975795,0.38706875,0.025661655,116,837,2697
699,CHEMBL1200750,PROMETHAZINE HYDROCHLORIDE,CC(CN1c2ccccc2Sc2ccccc21)N(C)C.Cl,0.19886988592935856,0.091521144,0.09064776,0.9480441,723,1869,512
700,CHEMBL3311228,OTESECONAZOLE,O[C@@](Cn1cnnn1)(c1ccc(F)cc1F)C(F)(F)c1ccc(-c2ccc(OCC(F)(F)F)cc2)cn1,0.19866670331033234,0.081346534,0.21967666,0.4387855,785,1301,1499
701,CHEMBL1179047,CHLOROPROCAINE,CCN(CC)CCOC(=O)c1ccc(N)cc1Cl,0.19834349339435398,0.28289154,0.4915994,0.05610771,408,647,2541
702,CHEMBL1174,EPTIFIBATIDE,N=C(N)NCCCC[C@@H]1NC(=O)CCSSC[C@@H](C(N)=O)NC(=O)[C@@H]2CCCN2C(=O)[C@H](Cc2c[nH]c3ccccc23)NC(=O)[C@H](CC(=O)O)NC(=O)CNC1=O,0.1982731126037371,0.033544656,0.26606396,0.87333745,1118,1156,762
703,CHEMBL1200514,DEMECARIUM BROMIDE,CN(CCCCCCCCCCN(C)C(=O)Oc1cccc([N+](C)(C)C)c1)C(=O)Oc1cccc([N+](C)(C)C)c1.[Br-].[Br-],0.1978066621168934,0.11536449,0.36887258,0.18187551,628,873,2033
704,CHEMBL657,DIPHENHYDRAMINE,CN(C)CCOC(c1ccccc1)c1ccccc1,0.196637355710306,0.06646051,0.12262572,0.9329381,873,1707,571
705,CHEMBL54349,ALPIDEM,CCCN(CCC)C(=O)Cc1c(-c2ccc(Cl)cc2)nc2ccc(Cl)cn12,0.19656215342088662,0.11335032,0.06844275,0.9789252,634,2034,334
706,CHEMBL180022,NERATINIB,CCOc1cc2ncc(C#N)c(Nc3ccc(OCc4ccccn4)c(Cl)c3)c2cc1NC(=O)/C=C/CN(C)C,0.19636967922984044,0.7834238,0.2986294,0.03236637,126,1060,2663
707,CHEMBL12,DIAZEPAM,CN1C(=O)CN=C(c2ccccc2)c2cc(Cl)ccc21,0.19625574903985474,0.11209259,0.30634215,0.22013216,641,1046,1932
708,CHEMBL107,COLCHICINE,COc1cc2c(c(OC)c1OC)-c1ccc(OC)c(=O)cc1[C@@H](NC(C)=O)CC2,0.19565291961864717,0.056160588,0.13851313,0.9628007,935,1634,460
709,CHEMBL1642,IMATINIB MESYLATE,CS(=O)(=O)O.Cc1ccc(NC(=O)c2ccc(CN3CCN(C)CC3)cc2)cc1Nc1nccc(-c2cccnc2)n1,0.19528212225537647,0.032482885,0.79464644,0.2885087,1128,236,1779
710,CHEMBL1323,DARUNAVIR,CC(C)CN(C[C@@H](O)[C@H](Cc1ccccc1)NC(=O)O[C@H]1CO[C@H]2OCC[C@H]21)S(=O)(=O)c1ccc(N)cc1,0.19520004970387075,0.02564521,0.2935305,0.9880531,1200,1074,240
711,CHEMBL1257073,TECOVIRIMAT,O=C(NN1C(=O)[C@@H]2[C@@H]3C=C[C@@H]([C@H]4C[C@@H]34)[C@@H]2C1=O)c1ccc(C(F)(F)F)cc1,0.19497061170656177,0.029449465,0.34663975,0.72602516,1157,935,1059
712,CHEMBL1435,CEFAZOLIN,Cc1nnc(SCC2=C(C(=O)O)N3C(=O)[C@@H](NC(=O)Cn4cnnn4)[C@H]3SC2)s1,0.19495790826219225,0.040316094,0.5998612,0.30640322,1056,495,1742
713,CHEMBL1319362,HOMATROPINE HYDROBROMIDE,Br.CN1[C@@H]2CC[C@H]1C[C@@H](OC(=O)C(O)c1ccccc1)C2,0.19461460252804902,0.14695385,0.05759258,0.87092096,556,2117,766
714,CHEMBL1159,PINACIDIL ANHYDROUS,CC(N/C(=N\C#N)Nc1ccncc1)C(C)(C)C,0.19393372410625323,0.010712389,0.86548406,0.78671,1506,165,941
715,CHEMBL2111030,PROTHIPENDYL,CN(C)CCCN1c2ccccc2Sc2cccnc21,0.19377461534488427,0.09180786,0.08133208,0.9744261,722,1935,379
716,CHEMBL428647,PACLITAXEL,CC(=O)O[C@H]1C(=O)[C@@]2(C)[C@H]([C@H](OC(=O)c3ccccc3)[C@]3(O)C[C@H](OC(=O)[C@H](O)[C@@H](NC(=O)c4ccccc4)c4ccccc4)C(C)=C1C3(C)C)[C@]1(OC(C)=O)CO[C@@H]1C[C@@H]2O,0.19343045605242906,0.025408195,0.799762,0.35615575,1204,227,1637
717,CHEMBL1201198,PEMIROLAST,Cc1cccn2c(=O)c(-c3nnn[nH]3)cnc12,0.19325078251699382,0.04595031,0.36278132,0.43294275,1009,893,1514
718,CHEMBL969,PRAZEPAM,O=C1CN=C(c2ccccc2)c2cc(Cl)ccc2N1CC1CC1,0.19312420912865355,0.054329064,0.17406027,0.76168996,948,1486,997
719,CHEMBL944,CHLOROPROCAINE HYDROCHLORIDE,CCN(CC)CCOC(=O)c1ccc(N)cc1Cl.Cl,0.19300908065968664,0.28275833,0.49092022,0.05179727,409,648,2563
720,CHEMBL1200819,ARTICAINE HYDROCHLORIDE,CCCNC(C)C(=O)Nc1c(C)csc1C(=O)OC.Cl,0.1928001369136612,0.11179578,0.08646359,0.7414184,643,1896,1034
721,CHEMBL1696,DESIPRAMINE HYDROCHLORIDE,CNCCCN1c2ccccc2CCc2ccccc21.Cl,0.19276552772557237,0.055604715,0.13849545,0.93012434,939,1635,582
722,CHEMBL1620,DIPHENHYDRAMINE HYDROCHLORIDE,CN(C)CCOC(c1ccccc1)c1ccccc1.Cl,0.1921621119534379,0.05679058,0.13811803,0.90464175,931,1638,671
723,CHEMBL193240,ROFLUMILAST,O=C(Nc1c(Cl)cncc1Cl)c1ccc(OC(F)F)c(OCC2CC2)c1,0.19194900520670793,0.7598015,0.24775715,0.037569143,142,1208,2629
724,CHEMBL74632,MOXALACTAM,CO[C@@]1(NC(=O)C(C(=O)O)c2ccc(O)cc2)C(=O)N2C(C(=O)O)=C(CSc3nnnn3C)CO[C@@H]21,0.19180740817448266,0.034674414,0.9238687,0.22028084,1106,108,1931
725,CHEMBL1200952,METHAMPHETAMINE HYDROCHLORIDE,CN[C@@H](C)Cc1ccccc1.Cl,0.1915140865460296,0.07845364,0.12349251,0.7250173,804,1702,1060
726,CHEMBL991,STAVUDINE,Cc1cn([C@H]2C=C[C@@H](CO)O2)c(=O)[nH]c1=O,0.19144686276095838,0.08165837,0.08800785,0.97638845,781,1887,362
727,CHEMBL3545252,DOCETAXEL,CC(=O)O[C@@]12CO[C@@H]1C[C@H](O)[C@@]1(C)C(=O)[C@H](O)C3=C(C)[C@@H](OC(=O)[C@H](O)[C@@H](NC(=O)OC(C)(C)C)c4ccccc4)C[C@@](O)([C@@H](OC(=O)c4ccccc4)[C@H]21)C3(C)C.O.O.O,0.19135824310682079,0.02340411,0.7978619,0.37525088,1229,231,1611
728,CHEMBL1200705,HYDROXYAMPHETAMINE HYDROBROMIDE,Br.CC(N)Cc1ccc(O)cc1,0.19082104780293374,0.014540415,0.57585806,0.8298249,1392,525,854
729,CHEMBL3707246,OZANIMOD HYDROCHLORIDE,CC(C)Oc1ccc(-c2nc(-c3cccc4c3CC[C@@H]4NCCO)no2)cc1C#N.Cl,0.1904641861207368,0.10624826,0.4385959,0.14827009,667,733,2145
730,CHEMBL1655,TOREMIFENE,CN(C)CCOc1ccc(/C(=C(/CCCl)c2ccccc2)c2ccccc2)cc1,0.1894958205211384,0.0093691,0.7323286,0.99173355,1556,316,189
731,CHEMBL1201019,CEFTIZOXIME SODIUM,CO/N=C(\C(=O)N[C@@H]1C(=O)N2C(C(=O)[O-])=CCS[C@H]12)c1csc(N)n1.[Na+],0.18926354889741473,0.07734105,0.6042524,0.1450683,810,488,2156
732,CHEMBL692,GLYCERIN,OCC(O)CO,0.1891866930434491,0.057589296,0.12898998,0.9115364,925,1678,649
733,CHEMBL1021,NEPAFENAC,NC(=O)Cc1cccc(C(=O)c2ccccc2)c1N,0.18917185669451123,0.15937696,0.3018735,0.14070807,531,1051,2177
734,CHEMBL13376,CLOMETACIN,COc1ccc2c(C(=O)c3ccc(Cl)cc3)c(C)n(CC(=O)O)c2c1,0.1887451580109322,0.087304875,0.38217673,0.20152305,754,848,1978
735,CHEMBL2107806,TALAPORFIN SODIUM,C=Cc1c(C)c2cc3nc(c(CC(=O)N[C@@H](CC(=O)[O-])C(=O)[O-])c4[nH]c(cc5nc(cc1[nH]2)C(C)=C5CC)c(C)c4C(=O)[O-])[C@@H](CCC(=O)[O-])[C@@H]3C.[Na+].[Na+].[Na+].[Na+],0.18859316255926623,0.3908887,0.01716895,0.999496,312,2637,38
736,CHEMBL1471,APREPITANT,C[C@@H](O[C@H]1OCCN(Cc2n[nH]c(=O)[nH]2)[C@H]1c1ccc(F)cc1)c1cc(C(F)(F)F)cc(C(F)(F)F)c1,0.18806606401073478,0.08173545,0.089583926,0.90842843,780,1876,662
737,CHEMBL3286830,LORLATINIB,C[C@H]1Oc2cc(cnc2N)-c2c(nn(C)c2C#N)CN(C)C(=O)c2ccc(F)cc21,0.18747782601719612,0.14330691,0.058777098,0.78230196,564,2099,953
738,CHEMBL1601,CEFONICID,O=C(O)C1=C(CSc2nnnn2CS(=O)(=O)O)CS[C@@H]2[C@H](NC(=O)[C@H](O)c3ccccc3)C(=O)N12,0.18732968491163457,0.053501256,0.4618633,0.26603717,954,697,1822
739,CHEMBL945,AMILORIDE,N=C(N)NC(=O)c1nc(Cl)c(N)nc1N,0.1851497330823984,0.108558826,0.39693332,0.1472945,661,819,2147
740,CHEMBL1213251,CLOBENZOREX,CC(Cc1ccccc1)NCc1ccccc1Cl,0.18505926911770898,0.04665036,0.16927415,0.8025774,1008,1503,909
741,CHEMBL1093,ARTICAINE,CCCNC(C)C(=O)Nc1c(C)csc1C(=O)OC,0.18501279839669435,0.108609855,0.07745735,0.75278926,660,1959,1014
742,CHEMBL15770,SULINDAC,CC1=C(CC(=O)O)c2cc(F)ccc2/C1=C\c1ccc([S+](C)[O-])cc1,0.1848198844108071,0.100365326,0.4986064,0.126155,688,638,2238
743,CHEMBL1200974,CARBINOXAMINE MALEATE,CN(C)CCOC(c1ccc(Cl)cc1)c1ccccn1.O=C(O)/C=C\C(=O)O,0.18480769180024165,0.017043432,0.5818256,0.6365174,1342,518,1191
744,CHEMBL728,PROCHLORPERAZINE,CN1CCN(CCCN2c3ccccc3Sc3ccc(Cl)cc32)CC1,0.18467452727830097,0.05230713,0.123237714,0.9770492,963,1703,353
745,CHEMBL4298138,REPOTRECTINIB,C[C@H]1CNC(=O)c2cnn3ccc(nc23)N[C@H](C)c2cc(F)ccc2O1,0.18422516480159107,0.09563678,0.17930923,0.36460218,710,1457,1629
746,CHEMBL3707247,OZANIMOD,CC(C)Oc1ccc(-c2nc(-c3cccc4c3CC[C@@H]4NCCO)no2)cc1C#N,0.18380587341135862,0.09464312,0.4101423,0.1599759,712,795,2101
747,CHEMBL1511957,PIPERIDOLATE HYDROCHLORIDE,CCN1CCCC(OC(=O)C(c2ccccc2)c2ccccc2)C1.Cl,0.18368031305413118,0.07741362,0.15318914,0.52256763,809,1577,1358
748,CHEMBL528,CEFTIZOXIME,CO/N=C(\C(=O)N[C@@H]1C(=O)N2C(C(=O)O)=CCS[C@H]12)c1csc(N)n1,0.18350850671720037,0.07221412,0.59366554,0.14414668,842,502,2160
749,CHEMBL2358147,CARPHENAZINE MALEATE,CCC(=O)c1ccc2c(c1)N(CCCN1CCN(CCO)CC1)c1ccccc1S2.O=C(O)/C=C\C(=O)O.O=C(O)/C=C\C(=O)O,0.18318309232458607,0.023301547,0.31691456,0.8323946,1232,1016,848
750,CHEMBL418995,AMINEPTINE,O=C(O)CCCCCCNC1c2ccccc2CCc2ccccc21,0.18316590549274497,0.026333544,0.26003644,0.89740884,1191,1173,689
751,CHEMBL1231574,LEVOMEFOLIC ACID,CN1c2c([nH]c(N)nc2=O)NC[C@@H]1CNc1ccc(C(=O)N[C@@H](CCC(=O)O)C(=O)O)cc1,0.18290923674913734,0.019087179,0.3394239,0.9445451,1308,956,527
752,CHEMBL11,IMIPRAMINE,CN(C)CCCN1c2ccccc2CCc2ccccc21,0.1827372303594932,0.07225949,0.08718959,0.96854883,841,1891,426
753,CHEMBL6,INDOMETHACIN,COc1ccc2c(c1)c(CC(=O)O)c(C)n2C(=O)c1ccc(Cl)cc1,0.18219389416797507,0.08083677,0.395822,0.1890134,788,822,2016
754,CHEMBL1873475,IBRUTINIB,C=CC(=O)N1CCC[C@@H](n2nc(-c3ccc(Oc4ccccc4)cc3)c3c(N)ncnc32)C1,0.18171071176515805,0.061854053,0.335881,0.2887939,898,969,1778
755,CHEMBL3182343,PIVAMPICILLIN,CC(C)(C)C(=O)OCOC(=O)[C@@H]1N2C(=O)[C@@H](NC(=O)[C@H](N)c3ccccc3)[C@H]2SC1(C)C,0.1807896810405263,0.03425945,0.6906986,0.24971922,1110,371,1853
756,CHEMBL1889140,ROPIVACAINE HYDROCHLORIDE,CCCN1CCCC[C@H]1C(=O)Nc1c(C)cccc1C.Cl,0.1804584999609403,0.33356732,0.11578632,0.15215679,348,1744,2126
757,CHEMBL1201050,PEMIROLAST POTASSIUM,Cc1cccn2c(=O)c(-c3nnn[n-]3)cnc12.[K+],0.18039044778487412,0.08331497,0.2194027,0.32112607,774,1303,1713
758,CHEMBL1200692,OLMESARTAN MEDOXOMIL,CCCc1nc(C(C)(C)O)c(C(=O)OCc2oc(=O)oc2C)n1Cc1ccc(-c2ccccc2-c2nnn[nH]2)cc1,0.17986338392878076,0.16078728,0.20852154,0.1735504,528,1350,2055
759,CHEMBL1200418,DOBUTAMINE HYDROCHLORIDE,CC(CCc1ccc(O)cc1)NCCc1ccc(O)c(O)c1.Cl,0.1795385101243547,0.023538183,0.6953459,0.35358927,1225,365,1642
760,CHEMBL1083659,SUVOREXANT,Cc1ccc(-n2nccn2)c(C(=O)N2CCN(c3nc4cc(Cl)ccc4o3)CC[C@H]2C)c1,0.17807041058676437,0.05720946,0.305827,0.32272428,928,1047,1705
761,CHEMBL1201774,SAPROPTERIN,C[C@H](O)[C@H](O)[C@H]1CNc2nc(N)[nH]c(=O)c2N1,0.17787812300858155,0.11057487,0.07214444,0.7055183,648,2007,1090
762,CHEMBL1908377,PYRVINIUM PAMOATE,Cc1cc(/C=C/c2ccc3cc(N(C)C)ccc3[n+]2C)c(C)n1-c1ccccc1.Cc1cc(/C=C/c2ccc3cc(N(C)C)ccc3[n+]2C)c(C)n1-c1ccccc1.O=C([O-])c1cc2ccccc2c(Cc2c(O)c(C(=O)[O-])cc3ccccc23)c1O,0.17730725385848256,0.12662135,0.3149573,0.13977222,595,1021,2180
763,CHEMBL2105748,PRUCALOPRIDE SUCCINATE,COCCCN1CCC(NC(=O)c2cc(Cl)c(N)c3c2OCC3)CC1.O=C(O)CCC(=O)O,0.17724584936183582,0.057609133,0.09967962,0.96968466,924,1815,413
764,CHEMBL1200836,OXICONAZOLE NITRATE,Clc1ccc(CO/N=C(\Cn2ccnc2)c2ccc(Cl)cc2Cl)c(Cl)c1.O=[N+]([O-])O,0.17671668928541315,0.17513852,0.66998726,0.04703103,513,398,2590
765,CHEMBL388590,BENZBROMARONE,CCc1oc2ccccc2c1C(=O)c1cc(Br)c(O)c(Br)c1,0.17649393285224166,0.19934255,0.08862795,0.31118503,485,1884,1733
766,CHEMBL2106076,CEFPIROME SULFATE,CO/N=C(\C(=O)N[C@@H]1C(=O)N2C(C(=O)[O-])=C(C[n+]3cccc4c3CCC4)CS[C@H]12)c1csc(N)n1.O=S(=O)(O)O,0.17642443131753274,0.07886736,0.50713813,0.13729434,799,628,2191
767,CHEMBL428,TROVAFLOXACIN,N[C@@H]1[C@H]2CN(c3nc4c(cc3F)c(=O)c(C(=O)O)cn4-c3ccc(F)cc3F)C[C@@H]12,0.1763512150709822,0.12154415,0.28452042,0.1585944,605,1104,2105
768,CHEMBL643,PROMETHAZINE,CC(CN1c2ccccc2Sc2ccccc21)N(C)C,0.17630692908199633,0.09667864,0.058714412,0.965457,705,2102,446
769,CHEMBL1200464,PROPARACAINE HYDROCHLORIDE,CCCOc1ccc(C(=O)OCCN(CC)CC)cc1N.Cl,0.176224086700952,0.008514942,0.7831753,0.82064486,1589,254,876
770,CHEMBL1200586,PRILOCAINE HYDROCHLORIDE,CCCNC(C)C(=O)Nc1ccccc1C.Cl,0.17598569075701323,0.009838283,0.6788175,0.8161309,1540,387,885
771,CHEMBL1615371,LEVOMEFOLATE CALCIUM,CN1c2c([nH]c(N)nc2=O)NC[C@@H]1CNc1ccc(C(=O)N[C@@H](CCC(=O)[O-])C(=O)[O-])cc1.[Ca+2],0.1759396939094796,0.017974304,0.35652477,0.8498646,1329,910,815
772,CHEMBL1200516,GONADORELIN HYDROCHLORIDE,CC(C)C[C@H](NC(=O)CNC(=O)[C@H](Cc1ccc(O)cc1)NC(=O)[C@H](CO)NC(=O)[C@H](Cc1c[nH]c2ccccc12)NC(=O)[C@H](Cc1cnc[nH]1)NC(=O)[C@@H]1CCC(=O)N1)C(=O)N[C@@H](CCCNC(=N)N)C(=O)N1CCC[C@H]1C(=O)NCC(N)=O.Cl,0.17590483725161457,0.007695414,0.71819854,0.98482,1620,338,277
773,CHEMBL3989567,OXACILLIN SODIUM,Cc1onc(-c2ccccc2)c1C(=O)N[C@@H]1C(=O)N2[C@@H]1SC(C)(C)[C@@H]2C(=O)[O-].O.[Na+],0.1756978462581979,0.08164547,0.6304659,0.10536724,782,449,2310
774,CHEMBL316561,PROGLUMIDE,CCCN(CCC)C(=O)C(CCC(=O)O)NC(=O)c1ccccc1,0.1756391638875349,0.010193065,0.57758224,0.9203339,1519,523,618
775,CHEMBL85231,MEDIFOXAMINE,CN(C)CC(Oc1ccccc1)Oc1ccccc1,0.17522355986330707,0.04515838,0.1191878,0.9995566,1017,1722,37
776,CHEMBL1200933,HEXAFLUORENIUM BROMIDE,C[N+](C)(CCCCCC[N+](C)(C)C1c2ccccc2-c2ccccc21)C1c2ccccc2-c2ccccc21.[Br-].[Br-],0.17490834555152135,0.1415165,0.04193451,0.901681,567,2260,681
777,CHEMBL72,DESIPRAMINE,CNCCCN1c2ccccc2CCc2ccccc21,0.17447336313161824,0.05720372,0.097952776,0.9478649,929,1827,513
778,CHEMBL1010,CEFOTAXIME SODIUM,CO/N=C(\C(=O)N[C@@H]1C(=O)N2C(C(=O)[O-])=C(COC(C)=O)CS[C@H]12)c1csc(N)n1.[Na+],0.17440175570524077,0.05248486,0.6654524,0.15188032,961,404,2127
779,CHEMBL1200985,CEFTIBUTEN DIHYDRATE,Nc1nc(/C(=C/CC(=O)O)C(=O)N[C@@H]2C(=O)N3C(C(=O)O)=CCS[C@H]23)cs1.O.O,0.1740231944687227,0.05410196,0.46077764,0.21140586,950,700,1951
780,CHEMBL1201266,LODOXAMIDE,N#Cc1cc(NC(=O)C(=O)O)c(Cl)c(NC(=O)C(=O)O)c1,0.17358715068682617,0.104934245,0.62819225,0.07934927,671,450,2421
781,CHEMBL1200724,PSEUDOEPHEDRINE HYDROCHLORIDE,CN[C@@H](C)[C@@H](O)c1ccccc1.Cl,0.17345676526052714,0.05823266,0.18966992,0.47250745,917,1427,1444
782,CHEMBL810,TEMOZOLOMIDE,Cn1nnc2c(C(N)=O)ncn2c1=O,0.17257857909822172,0.018120037,0.5620546,0.50468814,1322,547,1382
783,CHEMBL1477,CERIVASTATIN,COCc1c(C(C)C)nc(C(C)C)c(/C=C/[C@@H](O)C[C@@H](O)CC(=O)O)c1-c1ccc(F)cc1,0.1719740112940332,0.019323997,0.2714255,0.9697077,1301,1136,411
784,CHEMBL1200938,METHYSERGIDE MALEATE,CC[C@@H](CO)NC(=O)[C@@H]1C=C2c3cccc4c3c(cn4C)C[C@H]2N(C)C1.O=C(O)/C=C\C(=O)O,0.1715516510473312,0.033752505,0.16155842,0.92586815,1114,1530,601
785,CHEMBL2134724,IPRATROPIUM BROMIDE,CC(C)[N+]1(C)[C@@H]2CC[C@H]1C[C@@H](OC(=O)C(CO)c1ccccc1)C2.O.[Br-],0.17133262031222915,0.06246746,0.105910145,0.76020145,892,1787,1001
786,CHEMBL857,BIOTIN,O=C(O)CCCC[C@@H]1SC[C@@H]2NC(=O)N[C@@H]21,0.17087108395398704,0.068547785,0.08261758,0.8809269,862,1928,734
787,CHEMBL1909286,PHENOXYPROPAZINE,CC(COc1ccccc1)NN,0.17079272686711686,0.03268465,0.15594861,0.9774236,1125,1556,346
788,CHEMBL83,TAMOXIFEN,CC/C(=C(\c1ccccc1)c1ccc(OCCN(C)C)cc1)c1ccccc1,0.17078762631916394,0.00978687,0.52289796,0.9734385,1543,605,390
789,CHEMBL3187723,BINIMETINIB,Cn1cnc2c(F)c(Nc3ccc(Br)cc3F)c(C(=O)NOCCO)cc21,0.16985624236185784,0.9800094,0.7246816,0.0069002854,33,323,2897
790,CHEMBL1201787,LAPYRIUM CHLORIDE,CCCCCCCCCCCC(=O)OCCNC(=O)C[n+]1ccccc1.[Cl-],0.16924712120528268,0.0071854764,0.6799309,0.992301,1649,386,178
791,CHEMBL1007,GONADORELIN,CC(C)C[C@H](NC(=O)CNC(=O)[C@H](Cc1ccc(O)cc1)NC(=O)[C@H](CO)NC(=O)[C@H](Cc1c[nH]c2ccccc12)NC(=O)[C@H](Cc1cnc[nH]1)NC(=O)[C@@H]1CCC(=O)N1)C(=O)N[C@@H](CCCNC(=N)N)C(=O)N1CCC[C@H]1C(=O)NCC(N)=O,0.16910994918784183,0.006914779,0.7108828,0.9838553,1655,347,283
792,CHEMBL1201309,NAFARELIN,CC(C)C[C@H](NC(=O)[C@@H](Cc1cccc2ccccc12)NC(=O)[C@H](Cc1ccc(O)cc1)NC(=O)[C@H](CO)NC(=O)[C@H](Cc1c[nH]c2ccccc12)NC(=O)[C@H](Cc1cnc[nH]1)NC(=O)[C@@H]1CCC(=O)N1)C(=O)N[C@@H](CCCNC(=N)N)C(=O)N1CCC[C@H]1C(=O)NCC(N)=O,0.16839433441323393,0.0070954543,0.6855404,0.9816782,1651,378,307
793,CHEMBL1200563,CERIVASTATIN SODIUM,COCc1c(C(C)C)nc(C(C)C)c(/C=C/[C@@H](O)C[C@@H](O)CC(=O)[O-])c1-c1ccc(F)cc1.[Na+],0.16828832714648556,0.01797587,0.28564954,0.9281935,1328,1101,590
794,CHEMBL819,OXACILLIN,Cc1onc(-c2ccccc2)c1C(=O)N[C@@H]1C(=O)N2[C@@H]1SC(C)(C)[C@@H]2C(=O)O,0.16815190052976914,0.076509625,0.5664204,0.109711066,815,543,2297
795,CHEMBL2107067,TESTOSTERONE UNDECANOATE,CCCCCCCCCCC(=O)O[C@H]1CC[C@H]2[C@@H]3CCC4=CC(=O)CC[C@]4(C)[C@H]3CC[C@]12C,0.16699690070831846,0.01284444,0.36552408,0.99195963,1444,883,185
796,CHEMBL92401,IPRONIAZID,CC(C)NNC(=O)c1ccncc1,0.1664619872680555,0.056548048,0.25233972,0.3232526,932,1198,1703
797,CHEMBL2103855,TELOTRISTAT,Cc1ccn(-c2cc(Cl)ccc2[C@@H](Oc2cc(-c3ccc(C[C@H](N)C(=O)O)cc3)nc(N)n2)C(F)(F)F)n1,0.16621872126939916,0.054416467,0.2773361,0.30430079,947,1121,1746
798,CHEMBL2338329,ROXADUSTAT,Cc1nc(C(=O)NCC(=O)O)c(O)c2ccc(Oc3ccccc3)cc12,0.16587119058769578,0.2447837,0.82141346,0.022697005,439,210,2712
799,CHEMBL1808388,BEXAGLIFLOZIN,OC[C@H]1O[C@@H](c2ccc(Cl)c(Cc3ccc(OCCOC4CC4)cc3)c2)[C@H](O)[C@@H](O)[C@@H]1O,0.16530830784526143,0.057334915,0.08067055,0.97667444,927,1941,358
800,CHEMBL1200322,ESCITALOPRAM OXALATE,CN(C)CCC[C@@]1(c2ccc(F)cc2)OCc2cc(C#N)ccc21.O=C(O)C(=O)O,0.1652385986285642,0.018222004,0.31333026,0.7901983,1320,1027,935
801,CHEMBL2048484,CANAGLIFLOZIN ANHYDROUS,Cc1ccc([C@@H]2O[C@H](CO)[C@@H](O)[C@H](O)[C@H]2O)cc1Cc1ccc(-c2ccc(F)cc2)s1,0.16476792313312835,0.10261785,0.06982484,0.6242883,682,2022,1211
802,CHEMBL2106198,BUSERELIN ACETATE,CC(=O)O.CCNC(=O)[C@@H]1CCCN1C(=O)[C@H](CCCNC(=N)N)NC(=O)[C@H](CC(C)C)NC(=O)[C@@H](COC(C)(C)C)NC(=O)[C@H](Cc1ccc(O)cc1)NC(=O)[C@H](CO)NC(=O)[C@H](Cc1c[nH]c2ccccc12)NC(=O)[C@H](Cc1cnc[nH]1)NC(=O)[C@@H]1CCC(=O)N1,0.16468187632870168,0.005917368,0.7637331,0.98825115,1709,272,235
803,CHEMBL4297101,CEFTOBIPROLE MEDOCARIL SODIUM,Cc1oc(=O)oc1COC(=O)N1CC[C@@H](N2CC/C(=C\C3=C(C(=O)[O-])N4C(=O)[C@@H](NC(=O)/C(=N/O)c5nsc(N)n5)[C@H]4SC3)C2=O)C1.[Na+],0.16398972427962005,0.052406486,0.55543923,0.15150549,962,558,2129
804,CHEMBL1200805,DILTIAZEM MALATE,COc1ccc([C@@H]2Sc3ccccc3N(CCN(C)C)C(=O)[C@@H]2OC(C)=O)cc1.O=C(O)CC(O)C(=O)O,0.1638419772912911,0.008992107,0.53732234,0.9102888,1569,584,653
805,CHEMBL1200497,CYCLIZINE LACTATE,CC(O)C(=O)O.CN1CCN(C(c2ccccc2)c2ccccc2)CC1,0.16381703300709846,0.013287459,0.37365717,0.8854458,1425,861,713
806,CHEMBL65794,CEFPIROME,CO/N=C(\C(=O)N[C@@H]1C(=O)N2C(C(=O)[O-])=C(C[n+]3cccc4c3CCC4)CS[C@H]12)c1csc(N)n1,0.16369807678854773,0.06443488,0.4235803,0.16072151,882,761,2096
807,CHEMBL2106439,PIPOTIAZINE PALMITATE,CCCCCCCCCCCCCCCC(=O)OCCC1CCN(CCCN2c3ccccc3Sc3ccc(S(=O)(=O)N(C)C)cc32)CC1,0.1632517577342011,0.030234601,0.1663889,0.86485845,1145,1515,777
808,CHEMBL515408,MARIBAVIR,CC(C)Nc1nc2cc(Cl)c(Cl)cc2n1[C@H]1O[C@@H](CO)[C@H](O)[C@@H]1O,0.16311928124624311,0.6737521,0.0074747102,0.8618294,174,2866,783
809,CHEMBL2103844,PIXANTRONE DIMALEATE,NCCNc1ccc(NCCN)c2c1C(=O)c1ccncc1C2=O.O=C(O)/C=C\C(=O)O.O=C(O)/C=C\C(=O)O,0.16288237108510914,0.06981019,0.22995259,0.26919386,852,1265,1816
810,CHEMBL1199324,FOSAPREPITANT,C[C@@H](O[C@H]1OCCN(Cc2nn(P(=O)(O)O)c(=O)[nH]2)[C@H]1c1ccc(F)cc1)c1cc(C(F)(F)F)cc(C(F)(F)F)c1,0.16283924981521186,0.078548834,0.06658497,0.8255841,802,2045,864
811,CHEMBL1730,CEFOTAXIME,CO/N=C(\C(=O)N[C@@H]1C(=O)N2C(C(=O)O)=C(COC(C)=O)CS[C@H]12)c1csc(N)n1,0.16281422326270584,0.04715558,0.6473073,0.14139481,1001,418,2173
812,CHEMBL32479,BROTIZOLAM,Cc1nnc2n1-c1sc(Br)cc1C(c1ccccc1Cl)=NC2,0.16279275350768035,0.059602577,0.090303004,0.8015636,912,1872,912
813,CHEMBL162036,BENORILATE,CC(=O)Nc1ccc(OC(=O)c2ccccc2OC(C)=O)cc1,0.1623788809057628,0.019210871,0.7443985,0.29938915,1304,301,1754
814,CHEMBL221326,DIQUAFOSOL,O=c1ccn([C@@H]2O[C@H](COP(=O)(O)OP(=O)(O)OP(=O)(O)OP(=O)(O)OC[C@H]3O[C@@H](n4ccc(=O)[nH]c4=O)[C@H](O)[C@@H]3O)[C@@H](O)[C@H]2O)c(=O)[nH]1,0.16233217417275872,0.11562145,0.077433646,0.47779948,626,1960,1434
815,CHEMBL1605,CEFTIBUTEN,Nc1nc(/C(=C/CC(=O)O)C(=O)N[C@@H]2C(=O)N3C(C(=O)O)=CCS[C@H]23)cs1,0.1622833834660637,0.04666493,0.43353826,0.21125361,1007,742,1952
816,CHEMBL1536,ERGOCALCIFEROL,C=C1CC[C@H](O)C/C1=C/C=C1\CCC[C@]2(C)[C@@H]([C@H](C)/C=C/[C@H](C)C(C)C)CC[C@@H]12,0.1622526486498076,0.008561969,0.50530297,0.9873017,1587,630,250
817,CHEMBL2107386,VORAPAXAR SULFATE,CCOC(=O)N[C@@H]1CC[C@@H]2[C@@H](C1)C[C@H]1C(=O)O[C@H](C)[C@H]1[C@H]2/C=C/c1ccc(-c2cccc(F)c2)cn1.O=S(=O)(O)O,0.16216191868623295,0.02322262,0.36651886,0.5010016,1235,880,1389
818,CHEMBL1089641,TRYPAN BLUE FREE ACID,Cc1cc(-c2ccc(/N=N/c3c(S(=O)(=O)O)cc4cc(S(=O)(=O)O)cc(N)c4c3O)c(C)c2)ccc1/N=N/c1c(S(=O)(=O)O)cc2cc(S(=O)(=O)O)cc(N)c2c1O,0.16158927215857902,0.13198552,0.29151085,0.10966209,583,1081,2298
819,CHEMBL334966,CANGRELOR,CSCCNc1nc(SCCC(F)(F)F)nc2c1ncn2[C@@H]1O[C@H](COP(=O)(O)OP(=O)(O)C(Cl)(Cl)P(=O)(O)O)[C@@H](O)[C@H]1O,0.16149371088426934,0.025431734,0.18209442,0.9094822,1203,1448,656
820,CHEMBL1653,PHENIRAMINE MALEATE,CN(C)CCC(c1ccccc1)c1ccccn1.O=C(O)/C=C\C(=O)O,0.16140114428369512,0.03123391,0.3356188,0.40109497,1138,970,1564
821,CHEMBL5314375,CIDOFOVIR,Nc1ccn(C[C@@H](CO)OCP(=O)(O)O)c(=O)n1.O.O,0.16083732283349278,0.01986147,0.58597887,0.35749266,1290,508,1635
822,CHEMBL3989859,TOCOPHEROL ACETATE,CC(=O)Oc1c(C)c(C)c2c(c1C)CCC(C)(CCC[C@H](C)CCC[C@H](C)CCCC(C)C)O2,0.1605423829445563,0.024552535,0.173322,0.9723421,1215,1489,397
823,CHEMBL609,TRIENTINE,NCCNCCNCCN,0.16044970702950662,0.2647344,0.037376266,0.4174558,419,2329,1537
824,CHEMBL1200498,ALATROFLOXACIN MESYLATE,CS(=O)(=O)O.C[C@H](N)C(=O)N[C@@H](C)C(=O)N[C@H]1[C@@H]2CN(c3nc4c(cc3F)c(=O)c(C(=O)O)cn4-c3ccc(F)cc3F)C[C@@H]21,0.1601951681100761,0.04978625,0.28686887,0.2878428,982,1094,1780
825,CHEMBL1474889,CLOBUTINOL,CC(CN(C)C)C(C)(O)Cc1ccc(Cl)cc1,0.16005594966017725,0.15154535,0.16559958,0.16338553,548,1518,2089
826,CHEMBL995,LOSARTAN POTASSIUM,CCCCc1nc(Cl)c(CO)n1Cc1ccc(-c2ccccc2-c2nnn[n-]2)cc1.[K+],0.15922105336174475,0.21681853,0.04684574,0.3974065,467,2205,1570
827,CHEMBL715,OLANZAPINE,Cc1cc2c(s1)Nc1ccccc1N=C2N1CCN(C)CC1,0.15836334772588045,0.05632093,0.07698692,0.91596156,933,1967,637
828,CHEMBL2111186,TALAPORFIN,C=Cc1c(C)c2cc3nc(c(CC(=O)N[C@@H](CC(=O)O)C(=O)O)c4[nH]c(cc5nc(cc1[nH]2)C(C)=C5CC)c(C)c4C(=O)O)[C@@H](CCC(=O)O)[C@@H]3C,0.15832530958175653,0.29324317,0.013537623,0.99972564,399,2715,26
829,CHEMBL1004,DOXYLAMINE,CN(C)CCOC(C)(c1ccccc1)c1ccccn1,0.15823397198678174,0.05175549,0.08217936,0.9314939,969,1931,574
830,CHEMBL2359670,THIETHYLPERAZINE MALATE,CCSc1ccc2c(c1)N(CCCN1CCN(C)CC1)c1ccccc1S2.O=C(O)CC(O)C(=O)O.O=C(O)CC(O)C(=O)O,0.15821206339034033,0.01805765,0.24689926,0.88825524,1324,1211,707
831,CHEMBL2105395,OSPEMIFENE,OCCOc1ccc(/C(=C(/CCCl)c2ccccc2)c2ccccc2)cc1,0.15819947343045437,0.0055822437,0.7211754,0.98348,1733,330,291
832,CHEMBL94454,MIZOLASTINE,CN(c1nccc(=O)[nH]1)C1CCN(c2nc3ccccc3n2Cc2ccc(F)cc2)CC1,0.15782607586863298,0.07861905,0.055921067,0.89419675,801,2130,697
833,CHEMBL3989845,IMIPRAMINE PAMOATE,CN(C)CCCN1c2ccccc2CCc2ccccc21.CN(C)CCCN1c2ccccc2CCc2ccccc21.O=C(O)c1cc2ccccc2c(Cc2c(O)c(C(=O)O)cc3ccccc23)c1O,0.15720304355388226,0.09726782,0.040895585,0.9766461,704,2273,361
834,CHEMBL1077896,ROPIVACAINE,CCCN1CCCC[C@H]1C(=O)Nc1c(C)cccc1C,0.15699750175098834,0.2971962,0.070607424,0.18441005,394,2016,2028
835,CHEMBL3989725,LODOXAMIDE TROMETHAMINE,N#Cc1cc(NC(=O)C(=O)O)c(Cl)c(NC(=O)C(=O)O)c1.NC(CO)(CO)CO.NC(CO)(CO)CO,0.15666687193496884,0.21645388,0.34826544,0.051010046,468,930,2568
836,CHEMBL1652606,CEFTOBIPROLE MEDOCARIL FREE ACID,Cc1oc(=O)oc1COC(=O)N1CC[C@@H](N2CC/C(=C\C3=C(C(=O)O)N4C(=O)[C@@H](NC(=O)/C(=N/O)c5nsc(N)n5)[C@H]4SC3)C2=O)C1,0.15659183670228377,0.04805463,0.53177977,0.15025894,992,593,2133
837,CHEMBL1633,KETOTIFEN FUMARATE,CN1CCC(=C2c3ccccc3CC(=O)c3sccc32)CC1.O=C(O)/C=C/C(=O)O,0.1561460494299268,0.032899868,0.27858937,0.41536918,1124,1116,1539
838,CHEMBL806,FLUTAMIDE,CC(C)C(=O)Nc1ccc([N+](=O)[O-])c(C(F)(F)F)c1,0.15609326577801577,0.039963752,0.34126818,0.2788627,1059,949,1799
839,CHEMBL1185568,DITHIAZANINE,CCN1C(=CC=CC=Cc2sc3ccccc3[n+]2CC)Sc2ccccc21,0.15608417304723157,0.075623035,0.21691471,0.2318107,820,1312,1898
840,CHEMBL2107011,OXYPERTINE,COc1cc2[nH]c(C)c(CCN3CCN(c4ccccc4)CC3)c2cc1OC,0.15587380667505704,0.09084997,0.043879744,0.9500151,729,2236,506
841,CHEMBL4802135,NIRMATRELVIR,CC(C)(C)[C@H](NC(=O)C(F)(F)F)C(=O)N1C[C@H]2[C@@H]([C@H]1C(=O)N[C@H](C#N)C[C@@H]1CCNC1=O)C2(C)C,0.15565116309021018,0.0092055155,0.53812146,0.76125246,1562,583,999
842,CHEMBL1193,PHENIRAMINE,CN(C)CCC(c1ccccc1)c1ccccn1,0.1553885354050324,0.0966062,0.069113344,0.5619402,706,2032,1304
843,CHEMBL1640,TRYPAN BLUE,Cc1cc(-c2ccc(/N=N/c3c(S(=O)(=O)[O-])cc4cc(S(=O)(=O)[O-])cc(N)c4c3O)c(C)c2)ccc1/N=N/c1c(S(=O)(=O)[O-])cc2cc(S(=O)(=O)[O-])cc(N)c2c1O.[Na+].[Na+].[Na+].[Na+],0.1553052934221455,0.1284177,0.28144675,0.10364244,592,1108,2317
844,CHEMBL1200470,ESOMEPRAZOLE SODIUM,COc1ccc2[n-]c([S@@+]([O-])Cc3ncc(C)c(OC)c3C)nc2c1.[Na+],0.15526638723197922,0.75013983,0.005338772,0.9346493,149,2946,564
845,CHEMBL1241951,LETERMOVIR,COc1cccc(N2CCN(C3=Nc4c(F)cccc4[C@H](CC(=O)O)N3c3cc(C(F)(F)F)ccc3OC)CC2)c1,0.1552545306168105,0.021152992,0.6973447,0.25369596,1265,363,1847
846,CHEMBL37744,ZIMELDINE,CN(C)C/C=C(/c1ccc(Br)cc1)c1cccnc1,0.15475070435834493,0.35620967,0.09008404,0.115489975,333,1874,2283
847,CHEMBL1201349,HEXAFLUORENIUM,C[N+](C)(CCCCCC[N+](C)(C)C1c2ccccc2-c2ccccc21)C1c2ccccc2-c2ccccc21,0.1546823898495921,0.18914255,0.024740292,0.79091275,497,2490,934
848,CHEMBL215303,GARENOXACIN,C[C@H]1NCc2cc(-c3ccc4c(=O)c(C(=O)O)cn(C5CC5)c4c3OC(F)F)ccc21,0.1544398692251769,0.11355185,0.040104065,0.8089015,632,2283,901
849,CHEMBL3989515,PENICILLIN G BENZATHINE,CC1(C)S[C@@H]2[C@H](NC(=O)Cc3ccccc3)C(=O)N2[C@H]1C(=O)O.CC1(C)S[C@@H]2[C@H](NC(=O)Cc3ccccc3)C(=O)N2[C@H]1C(=O)O.O.O.O.O.c1ccc(CNCCNCc2ccccc2)cc1,0.15417630404055213,0.011077508,0.43441778,0.7615585,1489,741,998
850,CHEMBL1201334,TRIPTORELIN,CC(C)C[C@H](NC(=O)[C@@H](Cc1c[nH]c2ccccc12)NC(=O)[C@H](Cc1ccc(O)cc1)NC(=O)[C@H](CO)NC(=O)[C@H](Cc1c[nH]c2ccccc12)NC(=O)[C@H](Cc1c[nH]cn1)NC(=O)[C@@H]1CCC(=O)N1)C(=O)N[C@@H](CCCNC(=N)N)C(=O)N1CCC[C@H]1C(=O)NCC(N)=O,0.15386422350990195,0.0051503014,0.7180011,0.98504305,1765,340,273
851,CHEMBL1196,PROPARACAINE,CCCOc1ccc(C(=O)OCCN(CC)CC)cc1N,0.15379962125239766,0.0053811953,0.7893736,0.85645497,1748,244,796
852,CHEMBL1272,REPAGLINIDE,CCOc1cc(CC(=O)N[C@@H](CC(C)C)c2ccccc2N2CCCCC2)ccc1C(=O)O,0.15377504125463273,0.010126649,0.36887038,0.9734596,1522,874,389
853,CHEMBL1200870,TIMOLOL MALEATE,CC(C)(C)NC[C@H](O)COc1nsnc1N1CCOCC1.O=C(O)/C=C\C(=O)O,0.1535035033724682,0.01528417,0.25511298,0.9276423,1379,1189,594
854,CHEMBL92,DOCETAXEL ANHYDROUS,CC(=O)O[C@@]12CO[C@@H]1C[C@H](O)[C@@]1(C)C(=O)[C@H](O)C3=C(C)[C@@H](OC(=O)[C@H](O)[C@@H](NC(=O)OC(C)(C)C)c4ccccc4)C[C@@](O)([C@@H](OC(=O)c4ccccc4)[C@H]21)C3(C)C,0.1532044391183163,0.014056322,0.7533326,0.3395906,1402,288,1671
855,CHEMBL3989932,ANGIOTENSIN II ACETATE,CC(=O)O.CC[C@H](C)[C@H](NC(=O)[C@H](Cc1ccc(O)cc1)NC(=O)[C@@H](NC(=O)[C@H](CCCNC(=N)N)NC(=O)[C@@H](N)CC(=O)O)C(C)C)C(=O)N[C@@H](Cc1cnc[nH]1)C(=O)N1CCC[C@H]1C(=O)N[C@@H](Cc1ccccc1)C(=O)O,0.15301041940973092,0.0042647966,0.8480427,0.9904828,1835,181,209
856,CHEMBL4535757,SOTORASIB,C=CC(=O)N1CCN(c2nc(=O)n(-c3c(C)ccnc3C(C)C)c3nc(-c4c(O)cccc4F)c(F)cc23)[C@@H](C)C1,0.15239890683762186,0.11768346,0.64260656,0.046804212,614,429,2591
857,CHEMBL1534525,MIBEFRADIL DIHYDROCHLORIDE,COCC(=O)O[C@]1(CCN(C)CCCc2nc3ccccc3[nH]2)CCc2cc(F)ccc2[C@@H]1C(C)C.Cl.Cl,0.15203513445732048,0.034820694,0.12997529,0.77648616,1104,1669,964
858,CHEMBL1623992,PIPERIDOLATE,CCN1CCCC(OC(=O)C(c2ccccc2)c2ccccc2)C1,0.1517747632355991,0.0629454,0.097578615,0.56921977,887,1830,1292
859,CHEMBL716,QUETIAPINE,OCCOCCN1CCN(C2=Nc3ccccc3Sc3ccccc32)CC1,0.15177137140858643,0.043786414,0.08200312,0.9736433,1028,1932,386
860,CHEMBL473417,VISMODEGIB,CS(=O)(=O)c1ccc(C(=O)Nc2ccc(Cl)c(-c3ccccn3)c2)c(Cl)c1,0.151544280294794,0.28523245,0.17779571,0.068627544,405,1469,2467
861,CHEMBL1601669,ALFACALCIDOL,C=C1/C(=C\C=C2/CCC[C@]3(C)[C@@H]([C@H](C)CCCC(C)C)CC[C@@H]23)C[C@@H](O)C[C@@H]1O,0.15150950295623655,0.018253552,0.2138297,0.89105433,1319,1324,704
862,CHEMBL3544908,AZATADINE MALEATE,CN1CCC(=C2c3ccccc3CCc3cccnc32)CC1.O=C(O)/C=C\C(=O)O.O=C(O)/C=C\C(=O)O,0.15125179965834215,0.033285923,0.2523406,0.41195893,1120,1197,1549
863,CHEMBL752,ADENOSINE PHOSPHATE,Nc1ncnc2c1ncn2[C@@H]1O[C@H](COP(=O)(O)O)[C@@H](O)[C@H]1O,0.15121779472783353,0.05172095,0.42760745,0.15634967,970,751,2112
864,CHEMBL644,TRIMIPRAMINE,CC(CN(C)C)CN1c2ccccc2CCc2ccccc21,0.15063221800259377,0.060479246,0.058485977,0.9662633,907,2103,439
865,CHEMBL2146140,ESOMEPRAZOLE STRONTIUM,COc1ccc2[n-]c([S@@+]([O-])Cc3ncc(C)c(OC)c3C)nc2c1.COc1ccc2[n-]c([S@@+]([O-])Cc3ncc(C)c(OC)c3C)nc2c1.O.O.O.O.[Sr+2],0.15053473406746487,0.63984156,0.005744925,0.92801166,185,2928,591
866,CHEMBL702,PIPERACILLIN,CCN1CCN(C(=O)N[C@@H](C(=O)N[C@@H]2C(=O)N3[C@@H]2SC(C)(C)[C@@H]3C(=O)O)c2ccccc2)C(=O)C1=O,0.1505039295290025,0.02447993,0.33867154,0.4112015,1216,960,1552
867,CHEMBL3707248,VALBENAZINE TOSYLATE,COc1cc2c(cc1OC)[C@H]1C[C@@H](OC(=O)[C@@H](N)C(C)C)[C@H](CC(C)C)CN1CC2.Cc1ccc(S(=O)(=O)O)cc1.Cc1ccc(S(=O)(=O)O)cc1,0.14969189868061095,0.03487636,0.096258484,0.9991364,1101,1840,54
868,CHEMBL484785,CRISABOROLE,N#Cc1ccc(Oc2ccc3c(c2)COB3O)cc1,0.14964742735020511,0.13031647,0.026085155,0.9858596,587,2469,265
869,CHEMBL1194,PRILOCAINE,CCCNC(C)C(=O)Nc1ccccc1C,0.14901661771666835,0.0056085973,0.6826885,0.8642258,1730,383,779
870,CHEMBL1446813,BETAHISTINE HYDROCHLORIDE,CNCCc1ccccn1.Cl.Cl,0.14893728039697351,0.054877188,0.21287486,0.28280953,945,1331,1790
871,CHEMBL3989694,OLANZAPINE PAMOATE,Cc1cc2c(s1)Nc1ccccc1N=C2N1CCN(C)CC1.O.O=C(O)c1cc2ccccc2c(Cc2c(O)c(C(=O)O)cc3ccccc23)c1O,0.14874683456106264,0.09335176,0.03577507,0.98546267,717,2346,269
872,CHEMBL1113,AMOXAPINE,Clc1ccc2c(c1)C(N1CCNCC1)=Nc1ccccc1O2,0.1486356644560563,0.039902847,0.48007068,0.17141941,1060,664,2063
873,CHEMBL1887891,DEXFENFLURAMINE HYDROCHLORIDE,CCN[C@@H](C)Cc1cccc(C(F)(F)F)c1.Cl,0.14859140074645644,0.09871956,0.15232062,0.2181821,700,1582,1935
874,CHEMBL2106217,FENFLURAMINE HYDROCHLORIDE,CCNC(C)Cc1cccc(C(F)(F)F)c1.Cl,0.14852354411216206,0.107872576,0.1709469,0.17766981,664,1498,2041
875,CHEMBL191,LOSARTAN,CCCCc1nc(Cl)c(CO)n1Cc1ccc(-c2ccccc2-c2nnn[nH]2)cc1,0.14831140522635883,0.18427344,0.04539073,0.39002624,504,2217,1583
876,CHEMBL1200670,SARALASIN ACETATE,CC(=O)O.CNCC(=O)N[C@@H](CCCNC(=N)N)C(=O)N[C@H](C(=O)N[C@@H](Cc1ccc(O)cc1)C(=O)N[C@H](C(=O)N[C@@H](Cc1cnc[nH]1)C(=O)N1CCC[C@H]1C(=O)N[C@@H](C)C(=O)O)C(C)C)C(C)C.O,0.1482438629447723,0.0041309497,0.79145503,0.99644643,1850,241,100
877,CHEMBL1697,DILTIAZEM HYDROCHLORIDE,COc1ccc([C@@H]2Sc3ccccc3N(CCN(C)C)C(=O)[C@@H]2OC(C)=O)cc1.Cl,0.14811582740397533,0.011858858,0.4889271,0.5604248,1466,652,1307
878,CHEMBL119423,TISOPURINE,Sc1ncnc2[nH]ncc12,0.14737817195955463,0.14766964,0.3106139,0.06978906,555,1036,2461
879,CHEMBL1200820,PIPERACILLIN SODIUM,CCN1CCN(C(=O)N[C@@H](C(=O)N[C@@H]2C(=O)N3[C@@H]2SC(C)(C)[C@@H]3C(=O)[O-])c2ccccc2)C(=O)C1=O.[Na+],0.14706020601184946,0.023162322,0.35652614,0.38513413,1236,909,1595
880,CHEMBL4297610,OLUTASIDENIB,C[C@H](Nc1ccc(C#N)n(C)c1=O)c1cc2cc(Cl)ccc2[nH]c1=O,0.1469958961268903,0.08097886,0.58681816,0.06684062,787,507,2482
881,CHEMBL1567328,OMEPRAZOLE MAGNESIUM,COc1ccc2[n-]c([S+]([O-])Cc3ncc(C)c(OC)c3C)nc2c1.COc1ccc2[n-]c([S+]([O-])Cc3ncc(C)c(OC)c3C)nc2c1.[Mg+2],0.14678487756090758,0.85105765,0.003814112,0.9742974,90,2999,381
882,CHEMBL1908360,EVEROLIMUS,CO[C@H]1C[C@@H]2CC[C@@H](C)[C@@](O)(O2)C(=O)C(=O)N2CCCC[C@H]2C(=O)O[C@H]([C@H](C)C[C@@H]2CC[C@@H](OCCO)[C@H](OC)C2)CC(=O)[C@H](C)/C=C(\C)[C@@H](O)[C@@H](OC)C(=O)[C@H](C)C[C@H](C)/C=C/C=C/C=C/1C,0.1466263243790389,0.007904801,0.4050596,0.98452306,1608,805,281
883,CHEMBL1139,EPOPROSTENOL,CCCCC[C@H](O)/C=C/[C@@H]1[C@H]2C/C(=C/CCCC(=O)O)O[C@H]2C[C@H]1O,0.1456785871540004,0.01152288,0.2849759,0.9414952,1478,1103,538
884,CHEMBL3545363,GLECAPREVIR,CC(C)(C)[C@@H]1NC(=O)O[C@@H]2CCC[C@H]2OC/C=C/C(F)(F)c2nc3ccccc3nc2O[C@@H]2C[C@@H](C(=O)N[C@]3(C(=O)NS(=O)(=O)C4(C)CC4)C[C@H]3C(F)F)N(C2)C1=O,0.14561603743721818,0.056146104,0.089684196,0.6131857,936,1875,1226
885,CHEMBL4650216,DARIDOREXANT HYDROCHLORIDE,COc1ccc(-n2nccn2)c(C(=O)N2CCC[C@@]2(C)c2nc3c(C)c(Cl)ccc3[nH]2)c1.Cl,0.1454663876395744,0.088342465,0.6769975,0.051467303,746,389,2564
886,CHEMBL5315120,ODEVIXIBAT SESQUIHYDRATE,CCCCC1(CCCC)CN(c2ccccc2)c2cc(SC)c(OCC(=O)N[C@@H](C(=O)N[C@@H](CC)C(=O)O)c3ccc(O)cc3)cc2S(=O)(=O)N1.CCCCC1(CCCC)CN(c2ccccc2)c2cc(SC)c(OCC(=O)N[C@@H](C(=O)N[C@@H](CC)C(=O)O)c3ccc(O)cc3)cc2S(=O)(=O)N1.O.O.O,0.14535150302821898,0.015017795,0.27202457,0.7516993,1385,1133,1015
887,CHEMBL23,DILTIAZEM,COc1ccc([C@@H]2Sc3ccccc3N(CCN(C)C)C(=O)[C@@H]2OC(C)=O)cc1,0.14513596473040027,0.011325815,0.4796752,0.5627407,1482,665,1303
888,CHEMBL1237135,MAPROTILINE HYDROCHLORIDE,CNCCCC12CCC(c3ccccc31)c1ccccc12.Cl,0.14492943320754523,0.0050033573,0.6946957,0.8758175,1773,367,755
889,CHEMBL706,CETYL ALCOHOL,CCCCCCCCCCCCCCCCO,0.1448986029176338,0.4355701,0.027021779,0.25847623,270,2454,1842
890,CHEMBL398435,TICAGRELOR,CCCSc1nc(N[C@@H]2C[C@H]2c2ccc(F)c(F)c2)c2nnn([C@@H]3C[C@H](OCCO)[C@@H](O)[C@H]3O)c2n1,0.1448112352112409,0.31809774,0.1392668,0.068548605,369,1630,2469
891,CHEMBL514800,APREMILAST,CCOc1cc([C@@H](CS(C)(=O)=O)N2C(=O)c3cccc(NC(C)=O)c3C2=O)ccc1OC,0.1448087493829735,0.020120053,0.18064228,0.8354797,1286,1454,841
892,CHEMBL152,CIDOFOVIR ANHYDROUS,Nc1ccn(C[C@@H](CO)OCP(=O)(O)O)c(=O)n1,0.14451932166167403,0.011583902,0.608522,0.42819995,1474,477,1525
893,CHEMBL1616046,HYPOCHLOROUS ACID,OCl,0.1444631504881203,0.035322234,0.63869095,0.13363874,1095,437,2205
894,CHEMBL1414320,SUXIBUZONE,CCCCC1(COC(=O)CCC(=O)O)C(=O)N(c2ccccc2)N(c2ccccc2)C1=O,0.1443409732947755,0.003785256,0.90263456,0.8801599,1881,122,736
895,CHEMBL3989866,BICTEGRAVIR,O=C(NCc1c(F)cc(F)cc1F)c1cn2c(c(O)c1=O)C(=O)N1[C@H]3CC[C@H](C3)O[C@@H]1C2,0.14429839027546565,0.011058035,0.43637466,0.6226544,1492,737,1212
896,CHEMBL1200970,ETHOPROPAZINE HYDROCHLORIDE,CCN(CC)C(C)CN1c2ccccc2Sc2ccccc21.Cl,0.14368916910197152,0.03851744,0.079556055,0.96814716,1073,1950,429
897,CHEMBL1200947,METIPRANOLOL HYDROCHLORIDE,CC(=O)Oc1c(C)cc(OCC(O)CNC(C)C)c(C)c1C.Cl,0.14326256396784542,0.13596365,0.021918563,0.98665047,576,2540,254
898,CHEMBL603,ZAFIRLUKAST,COc1cc(C(=O)NS(=O)(=O)c2ccccc2C)ccc1Cc1cn(C)c2ccc(NC(=O)OC3CCCC3)cc12,0.14312768778958887,0.020310927,0.41738796,0.34586075,1281,775,1658
899,CHEMBL1481,GLIMEPIRIDE,CCC1=C(C)CN(C(=O)NCCc2ccc(S(=O)(=O)NC(=O)N[C@H]3CC[C@H](C)CC3)cc2)C1=O,0.14255748825510592,0.0052657356,0.57272726,0.9606455,1753,533,468
900,CHEMBL16476,PRONETALOL,CC(C)NCC(O)c1ccc2ccccc2c1,0.14241273635729895,0.009936883,0.30501845,0.95295006,1534,1048,495
901,CHEMBL273575,NOMIFENSINE,CN1Cc2c(N)cccc2C(c2ccccc2)C1,0.1423445971336881,0.18046193,0.016172003,0.98826516,510,2655,234
902,CHEMBL1201247,GOSERELIN,CC(C)C[C@H](NC(=O)[C@@H](COC(C)(C)C)NC(=O)[C@H](Cc1ccc(O)cc1)NC(=O)[C@H](CO)NC(=O)[C@H](Cc1c[nH]c2ccccc12)NC(=O)[C@H](Cc1cnc[nH]1)NC(=O)[C@@H]1CCC(=O)N1)C(=O)N[C@@H](CCCNC(=N)N)C(=O)N1CCC[C@H]1C(=O)NNC(N)=O,0.142174026620204,0.0047590514,0.64672214,0.9337328,1789,421,568
903,CHEMBL1200392,DOXYLAMINE SUCCINATE,CN(C)CCOC(C)(c1ccccc1)c1ccccn1.O=C(O)CCC(=O)O,0.141718422892249,0.018493854,0.16546533,0.93013185,1316,1520,581
904,CHEMBL1200775,LEUPROLIDE ACETATE,CC(=O)O.CCNC(=O)[C@@H]1CCCN1C(=O)[C@H](CCCNC(=N)N)NC(=O)[C@H](CC(C)C)NC(=O)[C@@H](CC(C)C)NC(=O)[C@H](Cc1ccc(O)cc1)NC(=O)[C@H](CO)NC(=O)[C@H](Cc1c[nH]c2ccccc12)NC(=O)[C@H](Cc1c[nH]cn1)NC(=O)[C@@H]1CCC(=O)N1,0.14143568764123135,0.0034370422,0.8298314,0.9919784,1928,203,184
905,CHEMBL515914,AZARIBINE,CC(=O)OC[C@H]1O[C@@H](n2ncc(=O)[nH]c2=O)[C@H](OC(C)=O)[C@@H]1OC(C)=O,0.14137796692201576,0.012744084,0.3460198,0.6408193,1447,937,1180
906,CHEMBL885,EMTRICITABINE,Nc1nc(=O)n([C@@H]2CS[C@H](CO)O2)cc1F,0.14130595593126774,0.21934098,0.16812816,0.07651052,462,1507,2439
907,CHEMBL2106643,MYCOPHENOLATE SODIUM,COc1c(C)c2c(c(O)c1C/C=C(\C)CCC(=O)[O-])C(=O)OC2.[Na+],0.14097183399669377,0.021177942,0.13358413,0.9902811,1264,1651,213
908,CHEMBL1444,LETROZOLE,N#Cc1ccc(C(c2ccc(C#N)cc2)n2cncn2)cc1,0.14071426882838278,0.05795704,0.5568487,0.08633183,921,555,2394
909,CHEMBL1200440,MEPIVACAINE HYDROCHLORIDE,Cc1cccc(C)c1NC(=O)C1CCCCN1C.Cl,0.14033425174776584,0.18249367,0.090602785,0.16714822,507,1870,2080
910,CHEMBL13209,NITRAZEPAM,O=C1CN=C(c2ccccc2)c2cc([N+](=O)[O-])ccc2N1,0.139994393105977,0.16982923,0.3088693,0.05230519,518,1040,2557
911,CHEMBL1201182,TEMSIROLIMUS,CO[C@H]1C[C@@H]2CC[C@@H](C)[C@@](O)(O2)C(=O)C(=O)N2CCCC[C@H]2C(=O)O[C@H]([C@H](C)C[C@@H]2CC[C@@H](OC(=O)C(C)(CO)CO)[C@H](OC)C2)CC(=O)[C@H](C)/C=C(\C)[C@@H](O)[C@@H](OC)C(=O)[C@H](C)C[C@H](C)/C=C/C=C/C=C/1C,0.13981137231826563,0.007365017,0.37876087,0.9796901,1638,852,328
912,CHEMBL36,PYRIMETHAMINE,CCc1nc(N)nc(N)c1-c1ccc(Cl)cc1,0.13954890503131498,0.19839217,0.36235774,0.03780222,487,896,2628
913,CHEMBL1201786,LAPYRIUM,CCCCCCCCCCCC(=O)OCCNC(=O)C[n+]1ccccc1,0.13937380260422538,0.0038105387,0.7139912,0.9950944,1879,344,126
914,CHEMBL2364607,COBIMETINIB FUMARATE,O=C(O)/C=C/C(=O)O.O=C(c1ccc(F)c(F)c1Nc1ccc(I)cc1F)N1CC(O)([C@@H]2CCCCN2)C1.O=C(c1ccc(F)c(F)c1Nc1ccc(I)cc1F)N1CC(O)([C@@H]2CCCCN2)C1,0.1392976467098706,0.35059482,0.043445222,0.17745318,339,2245,2042
915,CHEMBL3989559,PANTOPRAZOLE SODIUM,COc1ccnc(C[S+]([O-])c2nc3cc(OC(F)F)ccc3[n-]2)c1OC.O.[Na+],0.1391339428338491,0.3052729,0.48738423,0.018102543,387,656,2748
916,CHEMBL1622,FOLIC ACID,Nc1nc(=O)c2nc(CNc3ccc(C(=O)N[C@@H](CCC(=O)O)C(=O)O)cc3)cnc2[nH]1,0.1386432890825836,0.013408257,0.2998061,0.6629545,1421,1055,1148
917,CHEMBL2105720,LESINURAD,O=C(O)CSc1nnc(Br)n1-c1ccc(C2CC2)c2ccccc12,0.13835874124330222,0.13395673,0.06799396,0.29079366,579,2036,1772
918,CHEMBL2355333,ZIMELDINE HYDROCHLORIDE,CN(C)C/C=C(/c1ccc(Br)cc1)c1cccnc1.Cl.Cl.O,0.1382115313426277,0.23940343,0.108648226,0.10150322,447,1775,2325
919,CHEMBL4297590,DARIDOREXANT,COc1ccc(-n2nccn2)c(C(=O)N2CCC[C@@]2(C)c2nc3c(C)c(Cl)ccc3[nH]2)c1,0.13809528508799643,0.079367004,0.6545821,0.05069119,798,409,2569
920,CHEMBL1200453,DOCOSANOL,CCCCCCCCCCCCCCCCCCCCCCO,0.13796172433659334,0.4064734,0.024612917,0.2624706,297,2492,1836
921,CHEMBL584,NELFINAVIR,Cc1c(O)cccc1C(=O)N[C@@H](CSc1ccccc1)[C@H](O)CN1C[C@H]2CCCC[C@H]2C[C@H]1C(=O)NC(C)(C)C,0.13774461315632994,0.02054288,0.12747703,0.99799997,1276,1683,80
922,CHEMBL2220442,FLUVASTATIN,CC(C)n1c(/C=C/C(O)CC(O)CC(=O)O)c(-c2ccc(F)cc2)c2ccccc21,0.13762007149080505,0.011697077,0.23801975,0.9361706,1470,1239,559
923,CHEMBL488,AMINOGLUTETHIMIDE,CCC1(c2ccc(N)cc2)CCC(=O)NC1=O,0.13759103939180026,0.027760196,0.7381194,0.12712215,1174,307,2232
924,CHEMBL2356023,DIHYDROTACHYSTEROL,CC(C)[C@@H](C)/C=C/[C@@H](C)[C@H]1CC[C@H]2/C(=C/C=C3\C[C@@H](O)CC[C@@H]3C)CCC[C@]12C,0.1375387601046093,0.008508149,0.3116746,0.9811576,1592,1031,315
925,CHEMBL2110816,BUTRIPTYLINE,CC(CC1c2ccccc2CCc2ccccc21)CN(C)C,0.13750878167961403,0.046863515,0.05805314,0.9557201,1004,2111,489
926,CHEMBL24441,BETAHISTINE,CNCCc1ccccn1,0.13726885154821017,0.0379539,0.17074364,0.3991306,1079,1500,1568
927,CHEMBL521686,OLAPARIB,O=C(c1cc(Cc2n[nH]c(=O)c3ccccc23)ccc1F)N1CCN(C(=O)C2CC2)CC1,0.13702565141930026,0.07452124,0.16843413,0.20497243,830,1505,1969
928,CHEMBL1201752,IXABEPILONE,C/C(=C\c1csc(C)n1)[C@@H]1C[C@@H]2O[C@]2(C)CCC[C@H](C)[C@H](O)[C@@H](C)C(=O)C(C)(C)[C@@H](O)CC(=O)N1,0.13670956789191402,0.019379163,0.7420369,0.17767903,1298,304,2040
929,CHEMBL1252,ABARELIX,CC(=O)N[C@H](Cc1ccc2ccccc2c1)C(=O)N[C@H](Cc1ccc(Cl)cc1)C(=O)N[C@H](Cc1cccnc1)C(=O)N[C@@H](CO)C(=O)N(C)[C@@H](Cc1ccc(O)cc1)C(=O)N[C@H](CC(N)=O)C(=O)N[C@@H](CC(C)C)C(=O)N[C@@H](CCCCNC(C)C)C(=O)N1CCC[C@H]1C(=O)N[C@H](C)C(N)=O,0.13667408496985367,0.003010086,0.8493635,0.99858725,1982,180,64
930,CHEMBL2368861,BUPRENORPHINE HYDROCHLORIDE,CO[C@@]12CC[C@@]3(C[C@@H]1[C@](C)(O)C(C)(C)C)[C@H]1Cc4ccc(O)c5c4[C@@]3(CCN1CC1CC1)[C@H]2O5.Cl,0.13659592654492828,0.0028332393,0.9945738,0.9044674,2008,10,672
931,CHEMBL121663,DEQUALINIUM CHLORIDE,Cc1cc(N)c2ccccc2[n+]1CCCCCCCCCC[n+]1c(C)cc(N)c2ccccc21.[Cl-].[Cl-],0.1364718934791915,0.059626967,0.25451013,0.1674873,911,1192,2078
932,CHEMBL4297588,ODEVIXIBAT,CCCCC1(CCCC)CN(c2ccccc2)c2cc(SC)c(OCC(=O)N[C@@H](C(=O)N[C@@H](CC)C(=O)O)c3ccc(O)cc3)cc2S(=O)(=O)N1,0.13625022127330608,0.013106824,0.2623239,0.7356587,1437,1169,1044
933,CHEMBL3301680,TELAVANCIN HYDROCHLORIDE,CCCCCCCCCCNCCN[C@@]1(C)C[C@H](O[C@H]2[C@H](Oc3c4cc5cc3Oc3ccc(cc3Cl)[C@@H](O)[C@@H](NC(=O)[C@@H](CC(C)C)NC)C(=O)N[C@@H](CC(N)=O)C(=O)N[C@H]5C(=O)N[C@H]3C(=O)N[C@H](C(=O)N[C@H](C(=O)O)c5cc(O)c(CNCP(=O)(O)O)c(O)c5-c5cc3ccc5O)[C@H](O)c3ccc(c(Cl)c3)O4)O[C@H](CO)[C@@H](O)[C@@H]2O)O[C@@H](C)[C@H]1O.Cl,0.13584507723908387,0.41675335,0.0060158526,0.99989724,287,2915,11
934,CHEMBL1508,ESCITALOPRAM,CN(C)CCC[C@@]1(c2ccc(F)cc2)OCc2cc(C#N)ccc21,0.13509205979046407,0.010538937,0.2761095,0.84724957,1514,1123,821
935,CHEMBL1111,AMBRISENTAN,COC(c1ccccc1)(c1ccccc1)[C@H](Oc1nc(C)cc(C)n1)C(=O)O,0.13500465553743143,0.014208226,0.5573665,0.31071743,1399,553,1734
936,CHEMBL1650443,TRELAGLIPTIN,Cn1c(=O)cc(N2CCC[C@@H](N)C2)n(Cc2cc(F)ccc2C#N)c1=O,0.13493938510765885,0.027008632,0.10195354,0.89230067,1185,1802,702
937,CHEMBL175247,ORLISTAT,CCCCCCCCCCC[C@@H](C[C@@H]1OC(=O)[C@H]1CCCCCC)OC(=O)[C@H](CC(C)C)NC=O,0.13479728710529965,0.005615812,0.43675393,0.99860567,1727,736,63
938,CHEMBL1200649,QUINUPRISTIN,CC[C@H]1NC(=O)[C@@H](NC(=O)c2ncccc2O)[C@@H](C)OC(=O)[C@H](c2ccccc2)NC(=O)[C@@H]2CC(=O)[C@H](CS[C@@H]3CN4CCC3CC4)CN2C(=O)[C@H](Cc2ccc(N(C)C)cc2)N(C)C(=O)[C@@H]2CCCN2C1=O,0.13427561675746444,0.013179911,0.26674116,0.6886348,1430,1153,1104
939,CHEMBL3301603,GILTERITINIB FUMARATE,CCc1nc(C(N)=O)c(Nc2ccc(N3CCC(N4CCN(C)CC4)CC3)c(OC)c2)nc1NC1CCOCC1.CCc1nc(C(N)=O)c(Nc2ccc(N3CCC(N4CCN(C)CC4)CC3)c(OC)c2)nc1NC1CCOCC1.O=C(O)/C=C/C(=O)O,0.13414988143107867,0.024029158,0.21165518,0.47468272,1219,1339,1440
940,CHEMBL98,VORINOSTAT,O=C(CCCCCCC(=O)Nc1ccccc1)NO,0.13411123787822984,0.0031598208,0.7808414,0.9776202,1961,258,344
941,CHEMBL2096631,CLORAZEPATE DIPOTASSIUM,O=C([O-])C1N=C(c2ccccc2)c2cc(Cl)ccc2NC1=O.[K+].[K+].[OH-],0.1340010713311551,0.06728593,0.3116188,0.1147564,867,1032,2286
942,CHEMBL1455,ALTRETAMINE,CN(C)c1nc(N(C)C)nc(N(C)C)n1,0.13372107610864675,0.2833057,0.15143858,0.05573239,407,1586,2544
943,CHEMBL2105611,TACALCITOL,C=C1/C(=C\C=C2/CCC[C@]3(C)[C@@H]([C@H](C)CC[C@@H](O)C(C)C)CC[C@@H]23)C[C@@H](O)C[C@@H]1O,0.13362808296349013,0.015149555,0.17599231,0.8949517,1381,1477,693
944,CHEMBL5314379,VOCLOSPORIN,C=C/C=C/C[C@@H](C)[C@@H](O)[C@H]1C(=O)N[C@@H](CC)C(=O)N(C)CC(=O)N(C)[C@@H](CC(C)C)C(=O)N[C@@H](C(C)C)C(=O)N(C)[C@@H](CC(C)C)C(=O)N[C@@H](C)C(=O)N[C@H](C)C(=O)N(C)[C@@H](CC(C)C)C(=O)N(C)[C@@H](CC(C)C)C(=O)N(C)[C@@H](C(C)C)C(=O)N1C,0.13323289783950487,0.009365162,0.3931087,0.64240146,1557,826,1178
945,CHEMBL2107726,ARIMOCLOMOL,[O-][n+]1cccc(/C(Cl)=N/OC[C@H](O)CN2CCCCC2)c1,0.1332101876585464,0.010221493,0.50456476,0.45833287,1518,631,1466
946,CHEMBL1354199,METHSCOPOLAMINE BROMIDE,C[N+]1(C)[C@@H]2C[C@@H](OC(=O)[C@H](CO)c3ccccc3)C[C@H]1[C@@H]1O[C@@H]12.[Br-],0.13289829843281703,0.014039066,0.20449111,0.8176091,1403,1363,882
947,CHEMBL3833301,BARBEXACLONE,CCC1(c2ccccc2)C(=O)NC(=O)NC1=O.CNC(C)CC1CCCCC1,0.13252105155345525,0.008723565,0.34017727,0.7842515,1579,954,948
948,CHEMBL2042122,FLUTEMETAMOL F 18,CNc1ccc(-c2nc3ccc(O)cc3s2)cc1[18F],0.13240605574840053,0.3921256,0.38694423,0.015298536,308,838,2772
949,CHEMBL579205,FLUTEMETAMOL,CNc1ccc(-c2nc3ccc(O)cc3s2)cc1F,0.13240605574840053,0.3921256,0.38694423,0.015298536,308,838,2772
950,CHEMBL1621,PALIPERIDONE,Cc1nc2n(c(=O)c1CCN1CCC(c3noc4cc(F)ccc34)CC1)CCCC2O,0.1324018335872034,0.03358059,0.09354324,0.7388927,1117,1857,1038
951,CHEMBL3183409,APALUTAMIDE,CNC(=O)c1ccc(N2C(=S)N(c3cnc(C#N)c(C(F)(F)F)c3)C(=O)C23CCC3)cc1F,0.13232104854967947,0.005019173,0.96562874,0.4780181,1771,69,1433
952,CHEMBL1558,PRAZOSIN HYDROCHLORIDE,COc1cc2nc(N3CCN(C(=O)c4ccco4)CC3)nc(N)c2cc1OC.Cl,0.13230228485655685,0.08958945,0.21543752,0.11998416,738,1318,2264
953,CHEMBL3707313,TRIFAROTENE,CC(C)(C)c1cc(-c2cc(-c3ccc(C(=O)O)cc3)ccc2OCCO)ccc1N1CCCC1,0.13227446131475024,0.043880343,0.26951832,0.1956905,1027,1146,1998
954,CHEMBL507870,TELAVANCIN,CCCCCCCCCCNCCN[C@@]1(C)C[C@H](O[C@H]2[C@H](Oc3c4cc5cc3Oc3ccc(cc3Cl)[C@@H](O)[C@@H](NC(=O)[C@@H](CC(C)C)NC)C(=O)N[C@@H](CC(N)=O)C(=O)N[C@H]5C(=O)N[C@H]3C(=O)N[C@H](C(=O)N[C@H](C(=O)O)c5cc(O)c(CNCP(=O)(O)O)c(O)c5-c5cc3ccc5O)[C@H](O)c3ccc(c(Cl)c3)O4)O[C@H](CO)[C@@H](O)[C@@H]2O)O[C@@H](C)[C@H]1O,0.13224466751559957,0.40184778,0.005755966,0.9998957,302,2927,12
955,CHEMBL1752,DYPHYLLINE,Cn1c(=O)c2c(ncn2CC(O)CO)n(C)c1=O,0.13222520820741138,0.27434617,0.010335544,0.815287,414,2782,888
956,CHEMBL3989867,BICTEGRAVIR SODIUM,O=C(NCc1c(F)cc(F)cc1F)c1cn2c(c([O-])c1=O)C(=O)N1[C@H]3CC[C@H](C3)O[C@@H]1C2.[Na+],0.13221296855678236,0.01015615,0.4822222,0.47189555,1521,661,1445
957,CHEMBL3181832,METHICILLIN SODIUM,COc1cccc(OC)c1C(=O)N[C@@H]1C(=O)N2[C@@H]1SC(C)(C)[C@@H]2C(=O)[O-].O.[Na+],0.132096530204974,0.034665484,0.25570282,0.26004076,1107,1186,1839
958,CHEMBL1015,EVANS BLUE FREE ACID,Cc1cc(-c2ccc(/N=N/c3ccc4c(S(=O)(=O)O)cc(S(=O)(=O)O)c(N)c4c3O)c(C)c2)ccc1/N=N/c1ccc2c(S(=O)(=O)O)cc(S(=O)(=O)O)c(N)c2c1O,0.1319572363176644,0.112729505,0.34766093,0.058628146,639,931,2527
959,CHEMBL1291,METIPRANOLOL,CC(=O)Oc1c(C)cc(OCC(O)CNC(C)C)c(C)c1C,0.13189323219921778,0.12557,0.018557778,0.9845904,597,2602,279
960,CHEMBL363295,TERODILINE,CC(CC(c1ccccc1)c1ccccc1)NC(C)(C)C,0.13169965419963303,0.092571475,0.03587456,0.68784434,721,2343,1106
961,CHEMBL2219418,NALOXEGOL,C=CCN1CC[C@]23c4c5ccc(O)c4O[C@H]2[C@@H](OCCOCCOCCOCCOCCOCCOCCOC)CC[C@@]3(O)[C@H]1C5,0.13158691324297686,0.0024844455,0.99062353,0.9257635,2058,19,604
962,CHEMBL4299851,PIFLUFOLASTAT,O=C(O)CC[C@H](NC(=O)N[C@@H](CCCCNC(=O)c1ccc(F)nc1)C(=O)O)C(=O)O,0.13155151032806775,0.0068130405,0.5736665,0.5824881,1658,530,1267
963,CHEMBL4297334,PIFLUFOLASTAT F18,O=C(O)CC[C@H](NC(=O)N[C@@H](CCCCNC(=O)c1ccc([18F])nc1)C(=O)O)C(=O)O,0.13155151032806775,0.0068130405,0.5736665,0.5824881,1658,530,1267
964,CHEMBL3561076,TRIMETAZIDINE DIHYDROCHLORIDE,COc1ccc(CN2CCNCC2)c(OC)c1OC.Cl.Cl,0.13138260500535964,0.09105714,0.029464679,0.8452748,726,2425,827
965,CHEMBL45816,MIBEFRADIL,COCC(=O)O[C@]1(CCN(C)CCCc2nc3ccccc3[nH]2)CCc2cc(F)ccc2[C@@H]1C(C)C,0.130716676437408,0.027161317,0.1100066,0.74752104,1180,1769,1023
966,CHEMBL1661,LACTITOL,OC[C@@H](O)[C@@H](O[C@@H]1O[C@H](CO)[C@H](O)[C@H](O)[C@H]1O)[C@H](O)[C@@H](O)CO,0.13070536224483836,0.088470474,0.02534039,0.9960212,744,2479,107
967,CHEMBL2107430,FLUTRIMAZOLE,Fc1ccc(C(c2ccccc2)(c2ccccc2F)n2ccnc2)cc1,0.1303816628338129,0.05020881,0.1292443,0.34155306,979,1676,1667
968,CHEMBL1229,OSELTAMIVIR,CCOC(=O)C1=C[C@@H](OC(CC)CC)[C@H](NC(C)=O)[C@@H](N)C1,0.1303088858159879,0.0063104588,0.3720875,0.94235843,1690,866,534
969,CHEMBL444633,RIFABUTIN,CO[C@H]1/C=C/O[C@@]2(C)Oc3c(C)c(O)c4c(c3C2=O)C2=NC3(CCN(CC(C)C)CC3)NC2=C(NC(=O)/C(C)=C\C=C\[C@H](C)[C@H](O)[C@@H](C)[C@@H](O)[C@@H](C)[C@H](OC(C)=O)[C@@H]1C)C4=O,0.13029367807932798,0.00603895,0.76346886,0.47975257,1701,273,1428
970,CHEMBL1303,ROTIGOTINE,CCCN(CCc1cccs1)[C@H]1CCc2c(O)cccc2C1,0.12987749443304542,0.21068665,0.011127243,0.93449515,474,2758,565
971,CHEMBL2106794,NAFTAZONE,NC(=O)N/N=C1\C=Cc2ccccc2C1=O,0.12981308987287407,0.076720595,0.5422366,0.05258412,812,574,2556
972,CHEMBL1201002,CARTEOLOL HYDROCHLORIDE,CC(C)(C)NCC(O)COc1cccc2c1CCC(=O)N2.Cl,0.129763496568078,0.06229491,0.035961956,0.97535294,893,2340,370
973,CHEMBL1712842,MEPAZINE ACETATE,CC(=O)O.CN1CCCC(CN2c3ccccc3Sc3ccccc32)C1,0.12951665402293397,0.010802667,0.20237793,0.9937627,1503,1371,155
974,CHEMBL160,CYCLOSPORINE,C/C=C/C[C@@H](C)[C@@H](O)[C@H]1C(=O)N[C@@H](CC)C(=O)N(C)CC(=O)N(C)[C@@H](CC(C)C)C(=O)N[C@@H](C(C)C)C(=O)N(C)[C@@H](CC(C)C)C(=O)N[C@@H](C)C(=O)N[C@H](C)C(=O)N(C)[C@@H](CC(C)C)C(=O)N(C)[C@@H](CC(C)C)C(=O)N(C)[C@@H](C(C)C)C(=O)N1C,0.12938061067482803,0.008235393,0.3396926,0.77417135,1599,955,971
975,CHEMBL2106122,EMEPRONIUM BROMIDE,CC[N+](C)(C)C(C)CC(c1ccccc1)c1ccccc1.[Br-],0.12937492214666738,0.045210406,0.056561988,0.8468124,1016,2124,823
976,CHEMBL788,IDOXURIDINE,O=c1[nH]c(=O)n([C@H]2C[C@H](O)[C@@H](CO)O2)cc1I,0.12892316849628205,0.24066192,0.017205592,0.5175067,446,2636,1366
977,CHEMBL1659,CHLORPHENIRAMINE MALEATE,CN(C)CCC(c1ccc(Cl)cc1)c1ccccn1.O=C(O)/C=C\C(=O)O,0.12884422757785885,0.009813528,0.48981255,0.44497928,1542,650,1487
978,CHEMBL2146883,COBIMETINIB,O=C(c1ccc(F)c(F)c1Nc1ccc(I)cc1F)N1CC(O)([C@@H]2CCCCN2)C1,0.12879781974365173,0.30628085,0.016546449,0.42160037,382,2648,1531
979,CHEMBL191083,METHYLENE BLUE CATION,CN(C)c1ccc2nc3ccc(=[N+](C)C)cc-3sc2c1,0.128601347748611,0.25147676,0.51701343,0.016358249,430,617,2763
980,CHEMBL1628234,DOXEPIN HYDROCHLORIDE,CN(C)CCC=C1c2ccccc2COc2ccccc21.Cl,0.12828855271020598,0.085268356,0.055913735,0.44285074,763,2131,1490
981,CHEMBL1554,DACTINOMYCIN,Cc1c2oc3c(C)ccc(C(=O)N[C@@H]4C(=O)N[C@H](C(C)C)C(=O)N5CCC[C@H]5C(=O)N(C)CC(=O)N(C)[C@@H](C(C)C)C(=O)O[C@@H]4C)c3nc-2c(C(=O)N[C@@H]2C(=O)N[C@H](C(C)C)C(=O)N3CCC[C@H]3C(=O)N(C)CC(=O)N(C)[C@@H](C(C)C)C(=O)O[C@@H]2C)c(N)c1=O,0.12784374713857566,0.02515017,0.74431133,0.11162023,1205,302,2290
982,CHEMBL1201281,CHLORAMPHENICOL SUCCINIC ACID,O=C(O)CCC(=O)OC[C@@H](NC(=O)C(Cl)Cl)[C@H](O)c1ccc([N+](=O)[O-])cc1,0.12776499881323736,0.019361421,0.17793053,0.6054078,1300,1467,1236
983,CHEMBL1466,DICUMAROL,O=c1oc2ccccc2c(O)c1Cc1c(O)c2ccccc2oc1=O,0.12772435307289462,0.18719925,0.015902385,0.69993037,500,2660,1093
984,CHEMBL608533,MIDOSTAURIN,CO[C@@H]1[C@H](N(C)C(=O)c2ccccc2)C[C@H]2O[C@]1(C)n1c3ccccc3c3c4c(c5c6ccccc6n2c5c31)C(=O)NC4,0.127683715189442,0.029381953,0.28821445,0.24581604,1158,1090,1862
985,CHEMBL3989410,INDOMETHACIN SODIUM,COc1ccc2c(c1)c(CC(=O)[O-])c(C)n2C(=O)c1ccc(Cl)cc1.O.O.O.[Na+],0.12758078098920228,0.07827461,0.33521923,0.0791418,805,972,2425
986,CHEMBL1628227,DOXEPIN,CN(C)CCC=C1c2ccccc2COc2ccccc21,0.12735658735880578,0.08362856,0.051408198,0.4804822,773,2169,1427
987,CHEMBL12713,SERTINDOLE,O=C1NCCN1CCN1CCC(c2cn(-c3ccc(F)cc3)c3ccc(Cl)cc23)CC1,0.12620957459168466,0.041948114,0.25472748,0.18814327,1047,1190,2018
988,CHEMBL1560089,XANTHINOL NIACINATE,CN(CCO)CC(O)Cn1cnc2c1c(=O)n(C)c(=O)n2C.O=C(O)c1cccnc1,0.12618958074372466,0.019667523,0.10404596,0.981964,1292,1795,303
989,CHEMBL1213252,CLORAZEPIC ACID,O=C(O)C1N=C(c2ccccc2)c2cc(Cl)ccc2NC1=O,0.1261785298155131,0.065005094,0.2936244,0.10524873,878,1073,2311
990,CHEMBL5314366,ESOMEPRAZOLE MAGNESIUM,COc1ccc2[nH]c([S@@+]([O-])Cc3ncc(C)c(OC)c3C)nc2c1.COc1ccc2[nH]c([S@@+]([O-])Cc3ncc(C)c(OC)c3C)nc2c1.O.O.O.[Mg+2],0.12603101542723863,0.7474522,0.002745288,0.9755755,152,3043,369
991,CHEMBL14376,ILOPERIDONE,COc1cc(C(C)=O)ccc1OCCCN1CCC(c2noc3cc(F)ccc23)CC1,0.12598419606276862,0.035965927,0.20103842,0.27655268,1091,1379,1802
992,CHEMBL2,PRAZOSIN,COc1cc2nc(N3CCN(C(=O)c4ccco4)CC3)nc(N)c2cc1OC,0.12571204008406303,0.083648324,0.1990133,0.11934145,771,1385,2266
993,CHEMBL652,FLECAINIDE,O=C(NCC1CCCCN1)c1cc(OCC(F)(F)F)ccc1OCC(F)(F)F,0.12550482918640665,0.086918496,0.24868298,0.091458306,756,1206,2371
994,CHEMBL1650818,AMDINOCILLIN PIVOXIL,CC(C)(C)C(=O)OCOC(=O)[C@@H]1N2C(=O)[C@@H](/N=C/N3CCCCCC3)[C@H]2SC1(C)C,0.12515853633229856,0.012858124,0.3683231,0.4139757,1443,875,1542
995,CHEMBL1200760,BALSALAZIDE DISODIUM,O=C([O-])CCNC(=O)c1ccc(/N=N/c2ccc(O)c(C(=O)[O-])c2)cc1.[Na+].[Na+],0.12513643670112273,0.0059409314,0.7517446,0.43875942,1707,292,1500
996,CHEMBL333826,DEQUALINIUM,Cc1cc(N)c2ccccc2[n+]1CCCCCCCCCC[n+]1c(C)cc(N)c2ccccc21,0.12475723712402868,0.05006649,0.22605538,0.17156757,980,1282,2062
997,CHEMBL575,METHICILLIN,COc1cccc(OC)c1C(=O)N[C@@H]1C(=O)N2[C@@H]1SC(C)(C)[C@@H]2C(=O)O,0.12471185040414036,0.033595838,0.22430865,0.25738996,1116,1287,1844
998,CHEMBL248702,DEXFENFLURAMINE,CCN[C@@H](C)Cc1cccc(C(F)(F)F)c1,0.1245826554032667,0.07992873,0.10996141,0.22000349,793,1770,1933
999,CHEMBL2103739,EMEDASTINE DIFUMARATE,CCOCCn1c(N2CCCN(C)CC2)nc2ccccc21.O=C(O)/C=C/C(=O)O.O=C(O)/C=C/C(=O)O,0.12445168411820244,0.020825988,0.1329744,0.69603115,1273,1657,1098
1000,CHEMBL5095420,TRIENTINE TETRAHYDROCHLORIDE,Cl.Cl.Cl.Cl.NCCNCCNCCN,0.12437120246485808,0.3324054,0.04927228,0.117459685,353,2186,2276
1001,CHEMBL1672,CEFPODOXIME,COCC1=C(C(=O)O)N2C(=O)[C@@H](NC(=O)/C(=N\OC)c3csc(N)n3)[C@H]2SC1,0.12413133977186537,0.023321291,0.7255824,0.11303293,1231,321,2288
1002,CHEMBL87493,FENFLURAMINE,CCNC(C)Cc1cccc(C(F)(F)F)c1,0.12410637748288529,0.08776906,0.124177895,0.17538662,750,1699,2051
1003,CHEMBL511142,BUPRENORPHINE,CO[C@@]12CC[C@@]3(C[C@@H]1[C@](C)(O)C(C)(C)C)[C@H]1Cc4ccc(O)c5c4[C@@]3(CCN1CC1CC1)[C@H]2O5,0.12396943202263659,0.0021305366,0.9936333,0.8999715,2109,12,684
1004,CHEMBL21731,MAPROTILINE,CNCCCC12CCC(c3ccccc31)c1ccccc12,0.12389983122891506,0.0033205491,0.63210684,0.9061741,1939,447,669
1005,CHEMBL3301598,FOSTEMSAVIR TROMETHAMINE,COc1cnc(-n2cnc(C)n2)c2c1c(C(=O)C(=O)N1CCN(C(=O)c3ccccc3)CC1)cn2COP(=O)(O)O.NC(CO)(CO)CO,0.12377031950581938,0.055099696,0.088766456,0.3876604,941,1882,1590
1006,CHEMBL1014,CANDESARTAN CILEXETIL,CCOc1nc2cccc(C(=O)OC(C)OC(=O)OC3CCCCC3)c2n1Cc1ccc(-c2ccccc2-c2nn[nH]n2)cc1,0.1235179076512739,0.027145637,0.12594938,0.5511803,1181,1691,1323
1007,CHEMBL1200927,DEXCHLORPHENIRAMINE MALEATE,CN(C)CC[C@@H](c1ccc(Cl)cc1)c1ccccn1.O=C(O)/C=C\C(=O)O,0.1233515325391738,0.0118772,0.41499466,0.38078254,1465,781,1605
1008,CHEMBL1206,ETHOPROPAZINE,CCN(CC)C(C)CN1c2ccccc2Sc2ccccc21,0.12324663300188325,0.036492977,0.05260498,0.9751893,1088,2154,372
1009,CHEMBL1129,TRIFLURIDINE,O=c1[nH]c(=O)n([C@H]2C[C@H](O)[C@@H](CO)O2)cc1C(F)(F)F,0.1230991511663644,0.2899844,0.0064504216,0.99724615,400,2899,89
1010,CHEMBL1618018,HOMATROPINE,CN1[C@@H]2CC[C@H]1C[C@@H](OC(=O)C(O)c1ccccc1)C2,0.12302358382703946,0.0649858,0.040469315,0.70797974,879,2276,1088
1011,CHEMBL1201759,BEPOTASTINE BESYLATE,O=C(O)CCCN1CCC(O[C@@H](c2ccc(Cl)cc2)c2ccccn2)CC1.O=S(=O)(O)c1ccccc1,0.12302254379922932,0.019874243,0.24421829,0.3836059,1289,1215,1600
1012,CHEMBL2095206,BOSUTINIB MONOHYDRATE,COc1cc(Nc2c(C#N)cnc3cc(OCCCN4CCN(C)CC4)c(OC)cc23)c(Cl)cc1Cl.O,0.12222337133558829,0.98516196,0.41412142,0.0044753556,30,784,2948
1013,CHEMBL6067998,LASOFOXIFENE TARTRATE,O=C(O)C(O)C(O)C(=O)O.Oc1ccc2c(c1)CC[C@H](c1ccccc1)[C@@H]2c1ccc(OCCN2CCCC2)cc1,0.1220107504808481,0.011225226,0.37318367,0.43358728,1484,863,1512
1014,CHEMBL5095056,BENZGALANTAMINE,COc1ccc2c3c1O[C@H]1C[C@@H](OC(=O)c4ccccc4)C=C[C@@]31CCN(C)C2,0.12168085543910508,0.008767631,0.35290772,0.5822686,1576,924,1269
1015,CHEMBL537,HYDROQUINONE,Oc1ccc(O)cc1,0.12158933606626746,0.016803332,0.48457602,0.2207645,1348,657,1929
1016,CHEMBL1201320,ESOMEPRAZOLE,COc1ccc2[nH]c([S@@+]([O-])Cc3ncc(C)c(OC)c3C)nc2c1,0.12150529513474263,0.8797864,0.0020846515,0.97808105,77,3083,342
1017,CHEMBL3989920,PITAVASTATIN SODIUM,O=C([O-])C[C@H](O)C[C@H](O)/C=C/c1c(C2CC2)nc2ccccc2c1-c1ccc(F)cc1.[Na+],0.1210685152146828,0.010722561,0.19166861,0.86346364,1505,1421,781
1018,CHEMBL2219425,ARIPIPRAZOLE LAUROXIL,CCCCCCCCCCCC(=O)OCN1C(=O)CCc2ccc(OCCCCN3CCN(c4cccc(Cl)c4Cl)CC3)cc21,0.12074045473266086,0.023067366,0.088172466,0.8654211,1240,1886,774
1019,CHEMBL539770,TERODILINE HYDROCHLORIDE,CC(CC(c1ccccc1)c1ccccc1)NC(C)(C)C.Cl,0.12066579055912478,0.07865449,0.03568572,0.6259426,800,2348,1209
1020,CHEMBL1095930,CEFUROXIME AXETIL,CO/N=C(\C(=O)N[C@@H]1C(=O)N2C(C(=O)OC(C)OC(C)=O)=C(COC(N)=O)CS[C@H]12)c1ccco1,0.12039861810062992,0.01686531,0.6396562,0.16177957,1346,435,2094
1021,CHEMBL1087,MEPIVACAINE,Cc1cccc(C)c1NC(=O)C1CCCCN1C,0.12021339764935819,0.15524167,0.053492248,0.20919894,540,2145,1959
1022,CHEMBL3183451,GARENOXACIN MESYLATE,CS(=O)(=O)O.C[C@H]1NCc2cc(-c3ccc4c(=O)c(C(=O)O)cn(C5CC5)c4c3OC(F)F)ccc21.O,0.11999331962884209,0.07488196,0.049198374,0.468968,828,2188,1451
1023,CHEMBL1200509,HISTRELIN ACETATE,CC(=O)O.CCNC(=O)[C@@H]1CCCN1C(=O)[C@H](CCCNC(=N)N)NC(=O)[C@H](CC(C)C)NC(=O)[C@@H](Cc1cn(Cc2ccccc2)cn1)NC(=O)[C@H](Cc1ccc(O)cc1)NC(=O)[C@H](CO)NC(=O)[C@H](Cc1c[nH]c2ccccc12)NC(=O)[C@H](Cc1cnc[nH]1)NC(=O)[C@@H]1CCC(=O)N1,0.11987299842675082,0.004707329,0.39481714,0.9268159,1799,824,597
1024,CHEMBL1448,NICLOSAMIDE,O=C(Nc1ccc([N+](=O)[O-])cc1Cl)c1cc(Cl)ccc1O,0.11978457075451404,0.124135554,0.7974809,0.017361455,600,232,2756
1025,CHEMBL1201118,CEFMETAZOLE SODIUM,CO[C@@]1(NC(=O)CSCC#N)C(=O)N2C(C(=O)[O-])=C(CSc3nnnn3C)CS[C@@H]21.[Na+],0.11960688861548982,0.0060112267,0.70215285,0.40539083,1702,360,1559
1026,CHEMBL12610,BENZYDAMINE,CN(C)CCCOc1nn(Cc2ccccc2)c2ccccc12,0.11919322851408809,0.064725935,0.026470529,0.9883569,880,2462,233
1027,CHEMBL1594,PANTOTHENIC ACID,CC(C)(CO)[C@@H](O)C(=O)NCCC(=O)O,0.11901585089221038,0.020198615,0.23418537,0.35639623,1284,1251,1636
1028,CHEMBL2364635,TAFENOQUINE SUCCINATE,COc1cc(C)c2c(Oc3cccc(C(F)(F)F)c3)c(OC)cc(NC(C)CCCN)c2n1.O=C(O)CCC(=O)O,0.11870931702217162,0.059088513,0.07673362,0.36894837,916,1969,1619
1029,CHEMBL3301607,FILGOTINIB,O=C(Nc1nc2cccc(-c3ccc(CN4CCS(=O)(=O)CC4)cc3)n2n1)C1CC1,0.11867762244654892,0.13901001,0.10240348,0.117420964,572,1799,2278
1030,CHEMBL839,CARTEOLOL,CC(C)(C)NCC(O)COc1cccc2c1CCC(=O)N2,0.11864575821110092,0.055579677,0.030900268,0.9724749,940,2403,396
1031,CHEMBL1200781,CITALOPRAM HYDROBROMIDE,Br.CN(C)CCCC1(c2ccc(F)cc2)OCc2cc(C#N)ccc21,0.11860614146423484,0.0060035335,0.35465968,0.78361505,1704,916,951
1032,CHEMBL2096642,INAMRINONE LACTATE,CC(O)C(=O)O.Nc1cc(-c2ccncc2)c[nH]c1=O,0.11850574674102586,0.022688933,0.36265102,0.20226243,1247,894,1976
1033,CHEMBL1200979,DEXPANTHENOL,CC(C)(CO)[C@@H](O)C(=O)NCCCO,0.11850278482000264,0.1662363,0.10601673,0.09442464,519,1785,2361
1034,CHEMBL2110824,BUSERELIN,CCNC(=O)[C@@H]1CCCN1C(=O)[C@H](CCCNC(=N)N)NC(=O)[C@H](CC(C)C)NC(=O)[C@@H](COC(C)(C)C)NC(=O)[C@H](Cc1ccc(O)cc1)NC(=O)[C@H](CO)NC(=O)[C@H](Cc1c[nH]c2ccccc12)NC(=O)[C@H](Cc1cnc[nH]1)NC(=O)[C@@H]1CCC(=O)N1,0.11842414868055623,0.0031370374,0.5548412,0.9541845,1963,559,491
1035,CHEMBL3707320,ALECTINIB HYDROCHLORIDE,CCc1cc2c(cc1N1CCC(N3CCOCC3)CC1)C(C)(C)c1[nH]c3cc(C#N)ccc3c1C2=O.Cl,0.11838118633423167,0.02341797,0.53990966,0.13121323,1228,578,2215
1036,CHEMBL421701,DITHIAZANINE IODIDE,CCN1/C(=C/C=C/C=C/c2sc3ccccc3[n+]2CC)Sc2ccccc21.[I-],0.11821329815198185,0.18594576,0.1543813,0.057546377,501,1571,2533
1037,CHEMBL1201129,DECITABINE,Nc1ncn([C@H]2C[C@H](O)[C@@H](CO)O2)c(=O)n1,0.1180831492354976,0.075253636,0.09604819,0.22779657,822,1841,1904
1038,CHEMBL3989923,PITAVASTATIN MAGNESIUM,O=C([O-])C[C@H](O)C[C@H](O)/C=C/c1c(C2CC2)nc2ccccc2c1-c1ccc(F)cc1.O=C([O-])C[C@H](O)C[C@H](O)/C=C/c1c(C2CC2)nc2ccccc2c1-c1ccc(F)cc1.[Mg+2],0.11804554194140396,0.009997719,0.19024417,0.86484134,1530,1425,778
1039,CHEMBL720,BENZYL ALCOHOL,OCc1ccccc1,0.11803745133302841,0.021113412,0.22710145,0.3429897,1268,1278,1664
1040,CHEMBL288441,BOSUTINIB,COc1cc(Nc2c(C#N)cnc3cc(OCCCN4CCN(C)CC4)c(OC)cc23)c(Cl)cc1Cl,0.11733288362528768,0.9876088,0.4195735,0.003898219,27,770,2961
1041,CHEMBL413,SIROLIMUS,CO[C@H]1C[C@@H]2CC[C@@H](C)[C@@](O)(O2)C(=O)C(=O)N2CCCC[C@H]2C(=O)O[C@H]([C@H](C)C[C@@H]2CC[C@@H](O)[C@H](OC)C2)CC(=O)[C@H](C)/C=C(\C)[C@@H](O)[C@@H](OC)C(=O)[C@H](C)C[C@H](C)/C=C/C=C/C=C/1C,0.11724097738297329,0.0052243616,0.314939,0.97944176,1757,1022,331
1042,CHEMBL104,CLOTRIMAZOLE,Clc1ccccc1C(c1ccccc1)(c1ccccc1)n1ccnc1,0.11697396054776171,0.060838837,0.08311686,0.3165174,905,1921,1722
1043,CHEMBL524,METHOXAMINE,COc1ccc(OC)c(C(O)C(C)N)c1,0.1169069491018865,0.054060105,0.080851234,0.36555895,951,1940,1625
1044,CHEMBL2106939,POLIHEXANIDE,CCCCCCNC(=N)NC(=N)N,0.1169011348666157,0.0021142976,0.7796457,0.9691542,2112,259,418
1045,CHEMBL6068431,BENZGALANTAMINE GLUCONATE,COc1ccc2c3c1O[C@H]1C[C@@H](OC(=O)c4ccccc4)C=C[C@@]31CCN(C)C2.O=C(O)C(O)C(O)C(O)C(O)CO,0.11649117434599401,0.0077323806,0.74551284,0.27422732,1615,300,1811
1046,CHEMBL1201735,BUPROPION HYDROBROMIDE,Br.CC(NC(C)(C)C)C(=O)c1cccc(Cl)c1,0.11617766088777064,0.08710635,0.21582523,0.08340956,755,1316,2405
1047,CHEMBL2110962,MEFENOREX,CC(Cc1ccccc1)NCCCCl,0.11615980280931618,0.023277765,0.07617975,0.8838668,1233,1975,718
1048,CHEMBL1200712,EVANS BLUE,Cc1cc(-c2ccc(/N=N/c3ccc4c(S(=O)(=O)[O-])cc(S(=O)(=O)[O-])c(N)c4c3O)c(C)c2)ccc1/N=N/c1ccc2c(S(=O)(=O)[O-])cc(S(=O)(=O)[O-])c(N)c2c1O.[Na+].[Na+].[Na+].[Na+],0.11604148980058787,0.1131659,0.32024688,0.043116093,636,1009,2604
1049,CHEMBL1528134,BENZYDAMINE HYDROCHLORIDE,CN(C)CCCOc1nn(Cc2ccccc2)c2ccccc12.Cl,0.11573955013622977,0.05917111,0.026620097,0.9842966,915,2459,282
1050,CHEMBL1503,OMEPRAZOLE,COc1ccc2[nH]c([S+]([O-])Cc3ncc(C)c(OC)c3C)nc2c1,0.11530902054099364,0.92666185,0.0016700275,0.99070626,54,3118,204
1051,CHEMBL1237061,PITAVASTATIN CALCIUM,O=C([O-])C[C@H](O)C[C@H](O)/C=C/c1c(C2CC2)nc2ccccc2c1-c1ccc(F)cc1.O=C([O-])C[C@H](O)C[C@H](O)/C=C/c1c(C2CC2)nc2ccccc2c1-c1ccc(F)cc1.[Ca+2],0.1150891720663736,0.009088348,0.19187297,0.8741877,1565,1419,758
1052,CHEMBL866,MYCOPHENOLIC ACID,COc1c(C)c2c(c(O)c1C/C=C(\C)CCC(=O)O)C(=O)OC2,0.11502294551079259,0.013705447,0.11150598,0.995777,1414,1767,114
1053,CHEMBL39736,BUFORMIN,CCCCNC(=N)NC(=N)N,0.11451269780651942,0.0018983344,0.8166062,0.96866935,2153,217,422
1054,CHEMBL707,DOXAZOSIN,COc1cc2nc(N3CCN(C(=O)C4COc5ccccc5O4)CC3)nc(N)c2cc1OC,0.11446901504980243,0.030702619,0.24738735,0.19747445,1143,1209,1992
1055,CHEMBL1626,CLEMASTINE,CN1CCC[C@@H]1CCO[C@](C)(c1ccccc1)c1ccc(Cl)cc1,0.11443913343520837,0.011482558,0.13299781,0.9813876,1479,1656,311
1056,CHEMBL1200446,TRIPELENNAMINE HYDROCHLORIDE,CN(C)CCN(Cc1ccccc1)c1ccccn1.Cl,0.11431865335690111,0.029697498,0.05957657,0.844415,1154,2093,830
1057,CHEMBL1537,AZLOCILLIN,CC1(C)S[C@@H]2[C@H](NC(=O)[C@H](NC(=O)N3CCNC3=O)c3ccccc3)C(=O)N2[C@H]1C(=O)O,0.11425394622475758,0.016665047,0.27962014,0.32006538,1351,1114,1716
1058,CHEMBL1614701,SELUMETINIB,Cn1cnc2c(F)c(Nc3ccc(Br)cc3Cl)c(C(=O)NOCCO)cc21,0.11387856763269712,0.99541146,0.6739116,0.002201509,14,391,3029
1059,CHEMBL1201103,METHOXAMINE HYDROCHLORIDE,COc1ccc(OC)c(C(O)C(C)N)c1.Cl,0.11354756515155358,0.052962374,0.09701511,0.28492245,957,1836,1787
1060,CHEMBL606260,CARBENICILLIN DISODIUM,CC1(C)S[C@@H]2[C@H](NC(=O)C(C(=O)[O-])c3ccccc3)C(=O)N2[C@H]1C(=O)[O-].[Na+].[Na+],0.11352976003891296,0.039417535,0.3726212,0.099625885,1066,864,2338
1061,CHEMBL534,KETOTIFEN,CN1CCC(=C2c3ccccc3CC(=O)c3sccc32)CC1,0.11348062436456809,0.02418552,0.07261953,0.8320631,1218,2002,849
1062,CHEMBL549,CITALOPRAM,CN(C)CCCC1(c2ccc(F)cc2)OCc2cc(C#N)ccc21,0.11341271242862178,0.0056133224,0.33795232,0.7689706,1729,964,982
1063,CHEMBL849,TRICLOSAN,Oc1cc(Cl)ccc1Oc1ccc(Cl)cc1Cl,0.1133366910222659,0.84197825,0.6140498,0.0028158352,101,470,3003
1064,CHEMBL4297213,AFAMELANOTIDE ACETATE,CC(=O)O.CCCC[C@H](NC(=O)[C@H](CO)NC(=O)[C@H](Cc1ccc(O)cc1)NC(=O)[C@H](CO)NC(C)=O)C(=O)N[C@@H](CCC(=O)O)C(=O)N[C@@H](Cc1c[nH]cn1)C(=O)N[C@H](Cc1ccccc1)C(=O)N[C@@H](CCCNC(=N)N)C(=O)N[C@@H](Cc1c[nH]c2ccccc12)C(=O)NCC(=O)N[C@@H](CCCCN)C(=O)N1CCC[C@H]1C(=O)N[C@H](C(N)=O)C(C)C,0.11326747793400142,0.0017615602,0.8274399,0.9969694,2175,204,91
1065,CHEMBL1524273,PHTHALYLSULFATHIAZOLE,O=C(O)c1ccccc1C(=O)Nc1ccc(S(=O)(=O)Nc2nccs2)cc1,0.11302529963641376,0.08792469,0.29127073,0.056379262,749,1082,2540
1066,CHEMBL1716,CYPROHEPTADINE HYDROCHLORIDE,CN1CCC(=C2c3ccccc3C=Cc3ccccc32)CC1.Cl,0.11290034773491375,0.05076878,0.044478387,0.6372945,974,2225,1189
1067,CHEMBL1201041,AZLOCILLIN SODIUM,CC1(C)S[C@@H]2[C@H](NC(=O)[C@H](NC(=O)N3CCNC3=O)c3ccccc3)C(=O)N2[C@H]1C(=O)[O-].[Na+],0.11249672797519787,0.016032428,0.28766564,0.30869702,1362,1093,1736
1068,CHEMBL1738797,ALECTINIB,CCc1cc2c(cc1N1CCC(N3CCOCC3)CC1)C(C)(C)c1[nH]c3cc(C#N)ccc3c1C2=O,0.11247868762064009,0.021148056,0.5264357,0.12781887,1266,600,2227
1069,CHEMBL4594300,FOSDENOPTERIN HYDROBROMIDE,Br.Nc1nc(=O)c2c([nH]1)N[C@@H]1O[C@@H]3COP(=O)(O)O[C@@H]3C(O)(O)[C@@H]1N2.O.O,0.11182924775302117,0.0083599165,0.20208313,0.8278169,1596,1374,859
1070,CHEMBL932,DIPYRIDAMOLE,OCCN(CCO)c1nc(N2CCCCC2)c2nc(N(CCO)CCO)nc(N3CCCCC3)c2n1,0.11168022062248976,0.019317754,0.1230325,0.5860737,1302,1704,1261
1071,CHEMBL1201061,LEVALBUTEROL HYDROCHLORIDE,CC(C)(C)NC[C@H](O)c1ccc(O)c(CO)c1.Cl,0.11144340620962269,0.0051508388,0.32143596,0.83597004,1764,1006,839
1072,CHEMBL938,SARALASIN,CNCC(=O)N[C@@H](CCCNC(=N)N)C(=O)N[C@H](C(=O)N[C@@H](Cc1ccc(O)cc1)C(=O)N[C@H](C(=O)N[C@@H](Cc1cnc[nH]1)C(=O)N1CCC[C@H]1C(=O)N[C@@H](C)C(=O)O)C(C)C)C(C)C,0.11138101807937249,0.0019420859,0.7182813,0.99053675,2144,337,208
1073,CHEMBL1088,MESORIDAZINE,CN1CCCCC1CCN1c2ccccc2Sc2ccc([S+](C)[O-])cc21,0.11083507670932477,0.103347555,0.013260129,0.9935364,678,2719,158
1074,CHEMBL1200402,AMLODIPINE BESYLATE,CCOC(=O)C1=C(COCCN)NC(C)=C(C(=O)OC)C1c1ccccc1Cl.O=S(=O)(O)c1ccccc1,0.1107151912184008,0.010782035,0.29004082,0.43397203,1504,1085,1510
1075,CHEMBL3989885,TRIMEPRAZINE TARTRATE,CC(CN(C)C)CN1c2ccccc2Sc2ccccc21.CC(CN(C)C)CN1c2ccccc2Sc2ccccc21.O=C(O)C(O)C(O)C(=O)O,0.11044878382808818,0.017771749,0.23138633,0.3276536,1333,1261,1697
1076,CHEMBL1200654,BENOXINATE HYDROCHLORIDE,CCCCOc1cc(C(=O)OCCN(CC)CC)ccc1N.Cl,0.11037670858322153,0.0032949864,0.6052327,0.6743047,1942,484,1133
1077,CHEMBL2105684,SELUMETINIB SULFATE,Cn1cnc2c(F)c(Nc3ccc(Br)cc3Cl)c(C(=O)NOCCO)cc21.O=S(=O)(O)O,0.10987628154129209,0.88179004,0.56730235,0.0026517475,75,542,3011
1078,CHEMBL5314373,"CEFPROZIL, (E)-",C/C=C/C1=C(C(=O)O)N2C(=O)[C@@H](NC(=O)[C@H](N)c3ccc(O)cc3)[C@H]2SC1.O,0.1097255365940007,0.01084362,0.7526488,0.16186634,1502,290,2093
1079,CHEMBL408403,ANGIOTENSIN II,CC[C@H](C)[C@H](NC(=O)[C@H](Cc1ccc(O)cc1)NC(=O)[C@@H](NC(=O)[C@H](CCCNC(=N)N)NC(=O)[C@@H](N)CC(=O)O)C(C)C)C(=O)N[C@@H](Cc1cnc[nH]1)C(=O)N1CCC[C@H]1C(=O)N[C@@H](Cc1ccccc1)C(=O)O,0.10962106288512374,0.0018217172,0.7484254,0.9661678,2162,298,441
1080,CHEMBL276568,"CEFPROZIL ANHYDROUS, (E)-",C/C=C/C1=C(C(=O)O)N2C(=O)[C@@H](NC(=O)[C@H](N)c3ccc(O)cc3)[C@H]2SC1,0.1095210816099505,0.009877863,0.7377433,0.18027054,1536,308,2036
1081,CHEMBL2111097,LEVAMLODIPINE,CCOC(=O)C1=C(COCCN)NC(C)=C(C(=O)OC)[C@@H]1c1ccccc1Cl,0.10932304682194074,0.010351594,0.23396753,0.53947634,1516,1253,1335
1082,CHEMBL1200737,COLFOSCERIL PALMITATE,CCCCCCCCCCCCCCCC(=O)OC[C@H](COP(=O)([O-])OCC[N+](C)(C)C)OC(=O)CCCCCCCCCCCCCCC,0.10910852959894637,0.008808352,0.14837612,0.993842,1574,1603,153
1083,CHEMBL2218894,FLUVASTATIN SODIUM,CC(C)n1c(/C=C/C(O)CC(O)CC(=O)[O-])c(-c2ccc(F)cc2)c2ccccc21.[Na+],0.10889038395065136,0.009490674,0.18774842,0.72459465,1551,1434,1061
1084,CHEMBL1628233,FLUORESCEIN SODIUM,O=C([O-])c1ccccc1-c1c2ccc(=O)cc-2oc2cc([O-])ccc12.[Na+].[Na+],0.10865414978291651,0.14963186,0.22192031,0.03862939,550,1293,2624
1085,CHEMBL927,CEFDINIR,C=CC1=C(C(=O)O)N2C(=O)[C@@H](NC(=O)/C(=N\O)c3csc(N)n3)[C@H]2SC1,0.10849907887591889,0.017694114,0.6109001,0.11816238,1334,476,2274
1086,CHEMBL1163,ATAZANAVIR,COC(=O)N[C@H](C(=O)N[C@@H](Cc1ccccc1)[C@@H](O)CN(Cc1ccc(-c2ccccn2)cc1)NC(=O)[C@@H](NC(=O)OC)C(C)(C)C)C(C)(C)C,0.10848875575054759,0.015416205,0.083342835,0.99382174,1375,1918,154
1087,CHEMBL606,MISOPROSTOL,CCCCC(C)(O)C/C=C/[C@H]1[C@H](O)CC(=O)[C@@H]1CCCCCCC(=O)OC,0.10828777037159347,0.07042868,0.08276103,0.21785265,846,1925,1937
1088,CHEMBL1172,DESLORATADINE,Clc1ccc2c(c1)CCc1cccnc1C2=C1CCNCC1,0.10812025423624398,0.02323872,0.09535134,0.57040346,1234,1848,1290
1089,CHEMBL1644,CEFADROXIL,CC1=C(C(=O)O)N2C(=O)[C@@H](NC(=O)[C@H](N)c3ccc(O)cc3)[C@H]2SC1,0.10802060102606892,0.0057062586,0.733099,0.30130452,1724,313,1750
1090,CHEMBL1201346,BALSALAZIDE,O=C(O)CCNC(=O)c1ccc(/N=N/c2ccc(O)c(C(=O)O)c2)cc1,0.10786854155506553,0.0017625424,0.86608535,0.8222128,2174,163,870
1091,CHEMBL2105527,TETRAZEPAM,CN1C(=O)CN=C(C2=CCCCC2)c2cc(Cl)ccc21,0.10783137225164001,0.016105859,0.21181414,0.3675331,1361,1338,1620
1092,CHEMBL1241,TRIPELENNAMINE,CN(C)CCN(Cc1ccccc1)c1ccccn1,0.10760746378266278,0.030094951,0.047078017,0.8794587,1150,2204,740
1093,CHEMBL3646221,VADADUSTAT,O=C(O)CNC(=O)c1ncc(-c2cccc(Cl)c2)cc1O,0.10729856057738635,0.081421554,0.4780867,0.031734787,783,668,2667
1094,CHEMBL1096885,VALRUBICIN,CCCCC(=O)OCC(=O)[C@]1(O)Cc2c(O)c3c(c(O)c2[C@@H](O[C@H]2C[C@H](NC(=O)C(F)(F)F)[C@H](O)[C@H](C)O2)C1)C(=O)c1c(OC)cccc1C3=O,0.10717160607019297,0.013916656,0.094943985,0.9316156,1407,1851,573
1095,CHEMBL1240,PROPANTHELINE BROMIDE,CC(C)[N+](C)(CCOC(=O)C1c2ccccc2Oc2ccccc21)C(C)C.[Br-],0.10685146270021773,0.022118688,0.083891205,0.65745443,1254,1916,1158
1096,CHEMBL1201199,LEUPROLIDE,CCNC(=O)[C@@H]1CCCN1C(=O)[C@H](CCCNC(=N)N)NC(=O)[C@H](CC(C)C)NC(=O)[C@@H](CC(C)C)NC(=O)[C@H](Cc1ccc(O)cc1)NC(=O)[C@H](CO)NC(=O)[C@H](Cc1c[nH]c2ccccc12)NC(=O)[C@H](Cc1c[nH]cn1)NC(=O)[C@@H]1CCC(=O)N1,0.10680983131386064,0.0018637974,0.67272025,0.9718526,2156,393,398
1097,CHEMBL4594301,REMIMAZOLAM BESYLATE,COC(=O)CC[C@@H]1N=C(c2ccccn2)c2cc(Br)ccc2-n2c(C)cnc21.O=S(=O)(O)c1ccccc1,0.10637333959012452,0.03943587,0.14920028,0.20456782,1065,1597,1970
1098,CHEMBL5315123,DIFELIKEFALIN ACETATE,CC(=O)O.CC(C)C[C@@H](NC(=O)[C@@H](Cc1ccccc1)NC(=O)[C@H](N)Cc1ccccc1)C(=O)N[C@H](CCCCN)C(=O)N1CCC(N)(C(=O)O)CC1,0.1062466924716122,0.0022234418,0.5408461,0.99734807,2093,577,87
1099,CHEMBL1646,INDOCYANINE GREEN,CC1(C)C(/C=C/C=C/C=C/C=C2\N(CCCCS(=O)(=O)[O-])c3ccc4ccccc4c3C2(C)C)=[N+](CCCCS(=O)(=O)[O-])c2ccc3ccccc3c21.[Na+],0.10618973811254279,0.0959671,0.107293114,0.11629297,707,1778,2281
1100,CHEMBL2110805,EMEPRONIUM,CC[N+](C)(C)C(C)CC(c1ccccc1)c1ccccc1,0.10584301324414486,0.050347432,0.03596521,0.6548271,976,2339,1162
1101,CHEMBL430,GEMIFLOXACIN,CO/N=C1\CN(c2nc3c(cc2F)c(=O)c(C(=O)O)cn3C2CC2)CC1CN,0.10537171593945066,0.036459878,0.2356691,0.13616148,1089,1247,2195
1102,CHEMBL259571,TAPINAROF,CC(C)c1c(O)cc(/C=C/c2ccccc2)cc1O,0.10526900214128329,0.13813557,0.13835545,0.061037924,573,1636,2514
1103,CHEMBL1201013,OLSALAZINE SODIUM,O=C([O-])c1cc(/N=N/c2ccc(O)c(C(=O)[O-])c2)ccc1O.[Na+].[Na+],0.10507346804619709,0.042720698,0.62606096,0.043373477,1039,454,2602
1104,CHEMBL1200387,AMPHETAMINE ADIPATE,CC(N)Cc1ccccc1.O=C(O)CCCCC(=O)O,0.10503647119584249,0.0027670048,0.4685028,0.8939192,2018,689,699
1105,CHEMBL1626223,PYRANTEL,CN1CCCN=C1/C=C/c1cccs1,0.10486323484234067,0.06344678,0.36542842,0.049734514,885,884,2573
1106,CHEMBL2355051,CLOMIPHENE,CCN(CC)CCOc1ccc(C(=C(Cl)c2ccccc2)c2ccccc2)cc1,0.1047037892769357,0.07132211,0.11595388,0.13879625,845,1742,2186
1107,CHEMBL338975,PHYSOSTIGMINE SALICYLATE,CNC(=O)Oc1ccc2c(c1)[C@]1(C)CCN(C)[C@@H]1N2C.O=C(O)c1ccccc1O,0.10466506635485404,0.011931426,0.8752202,0.10979826,1464,144,2296
1108,CHEMBL28333,MEDAZEPAM,CN1CCN=C(c2ccccc2)c2cc(Cl)ccc21,0.1046070137580744,0.06576725,0.17471114,0.099621266,875,1484,2339
1109,CHEMBL1201124,KETOROLAC TROMETHAMINE,NC(CO)(CO)CO.O=C(c1ccccc1)c1ccc2n1CCC2C(=O)O,0.10447685886013099,0.026862077,0.0972593,0.43650535,1186,1833,1503
1110,CHEMBL1200962,CEFEPIME HYDROCHLORIDE,CO/N=C(\C(=O)N[C@@H]1C(=O)N2C(C(=O)O)=C(C[N+]3(C)CCCC3)CS[C@H]12)c1csc(N)n1.Cl.O.[Cl-],0.1044745506308501,0.004857353,0.4012363,0.58510196,1781,812,1263
1111,CHEMBL227875,PRETOMANID,O=[N+]([O-])c1cn2c(n1)OC[C@@H](OCc1ccc(OC(F)(F)F)cc1)C2,0.10428741972440923,0.05177451,0.044144653,0.49625129,968,2232,1398
1112,CHEMBL2146124,CEFUROXIME SODIUM,CO/N=C(\C(=O)N[C@@H]1C(=O)N2C(C(=O)[O-])=C(COC(N)=O)CS[C@H]12)c1ccco1.[Na+],0.10424474930005102,0.02240773,0.58322203,0.08668238,1253,516,2392
1113,CHEMBL1522,ESZOPICLONE,CN1CCN(C(=O)O[C@H]2c3nccnc3C(=O)N2c2ccc(Cl)cn2)CC1,0.10415086049021363,0.0074771517,0.5392946,0.28017294,1630,580,1796
1114,CHEMBL1475,TRIOXSALEN,Cc1cc2cc3c(C)cc(=O)oc3c(C)c2o1,0.10390562691450185,0.99882346,0.31684044,0.003544768,12,1017,2976
1115,CHEMBL1202,CIPROFLOXACIN HYDROCHLORIDE,Cl.O=C(O)c1cn(C2CC2)c2cc(N3CCNCC3)c(F)cc2c1=O,0.10389444790302983,0.039008144,0.048497025,0.5927979,1069,2196,1253
1116,CHEMBL1621597,IPRATROPIUM,CC(C)[N+]1(C)[C@@H]2CC[C@H]1C[C@@H](OC(=O)C(CO)c1ccccc1)C2,0.10378706609747645,0.032463197,0.06223014,0.5533981,1129,2073,1321
1117,CHEMBL141305,CYCLOFENIL,CC(=O)Oc1ccc(C(=C2CCCCC2)c2ccc(OC(C)=O)cc2)cc1,0.10378520200859977,0.0062872055,0.5994324,0.2966255,1691,496,1756
1118,CHEMBL1200561,DOXAZOSIN MESYLATE,COc1cc2nc(N3CCN(C(=O)C4COc5ccccc5O4)CC3)nc(N)c2cc1OC.CS(=O)(=O)O,0.10348914276201458,0.028651806,0.2741224,0.14111978,1164,1129,2175
1119,CHEMBL1201195,CEFMETAZOLE,CO[C@@]1(NC(=O)CSCC#N)C(=O)N2C(C(=O)O)=C(CSc3nnnn3C)CS[C@@H]21,0.10342432152528927,0.0041986676,0.65873295,0.3999882,1844,408,1566
1120,CHEMBL1200,BENOXINATE,CCCCOc1cc(C(=O)OCCN(CC)CC)ccc1N,0.10340743403736925,0.00230079,0.6421448,0.74842006,2079,430,1019
1121,CHEMBL83063,RITODRINE,CC(NCCc1ccc(O)cc1)C(O)c1ccc(O)cc1,0.10339300100654494,0.015993627,0.29536587,0.23397319,1363,1067,1891
1122,CHEMBL1201229,DEMECARIUM,CN(CCCCCCCCCCN(C)C(=O)Oc1cccc([N+](C)(C)C)c1)C(=O)Oc1cccc([N+](C)(C)C)c1,0.1032156756103841,0.0665664,0.36743814,0.04495704,871,877,2596
1123,CHEMBL1201180,DICLOFENAC EPOLAMINE,O=C(O)Cc1ccccc1Nc1c(Cl)cccc1Cl.OCCN1CCCC1,0.10308754883687063,0.2887013,0.40938887,0.0092690205,402,797,2854
1124,CHEMBL1632,CEPHALOTHIN SODIUM,CC(=O)OCC1=C(C(=O)[O-])N2C(=O)[C@@H](NC(=O)Cc3cccs3)[C@H]2SC1.[Na+],0.10306709174098962,0.004688057,0.42160085,0.5539439,1802,764,1319
1125,CHEMBL1337,NITISINONE,O=C1CCCC(=O)C1C(=O)c1ccc(C(F)(F)F)cc1[N+](=O)[O-],0.10288029057975956,0.045908067,0.069626674,0.34066847,1010,2028,1668
1126,CHEMBL3187985,APOMORPHINE HYDROCHLORIDE,CN1CCc2cccc3c2[C@H]1Cc1ccc(O)c(O)c1-3.CN1CCc2cccc3c2[C@H]1Cc1ccc(O)c(O)c1-3.Cl.Cl.O,0.10276829892677691,0.038764898,0.05382024,0.5202273,1071,2142,1363
1127,CHEMBL1057,FLUORESCEIN,O=C1OC2(c3ccc(O)cc3Oc3cc(O)ccc32)c2ccccc21,0.10268594949879442,0.0057127555,0.7926007,0.23912941,1722,240,1873
1128,CHEMBL1502,PANTOPRAZOLE,COc1ccnc(C[S+]([O-])c2nc3cc(OC(F)F)ccc3[nH]2)c1OC,0.10222930202162703,0.24595708,0.35490575,0.012239222,435,915,2808
1129,CHEMBL917,FLOXURIDINE,O=c1[nH]c(=O)n([C@H]2C[C@H](O)[C@@H](CO)O2)cc1F,0.10208343207721321,0.03432504,0.038541604,0.80412745,1109,2306,907
1130,CHEMBL269644,ACETANILIDE,CC(=O)Nc1ccccc1,0.10198584451076227,0.004729664,0.41281325,0.54329497,1792,789,1330
1131,CHEMBL1201753,PITAVASTATIN,O=C(O)C[C@H](O)C[C@H](O)/C=C/c1c(C2CC2)nc2ccccc2c1-c1ccc(F)cc1,0.10180589582396846,0.007819247,0.14592345,0.92475957,1610,1606,608
1132,CHEMBL3608680,FEZOLINETANT,Cc1nsc(-c2nnc3n2CCN(C(=O)c2ccc(F)cc2)[C@@H]3C)n1,0.10160371949606724,0.020531101,0.1392322,0.36692464,1277,1631,1621
1133,CHEMBL1651990,FENTICONAZOLE,Clc1ccc(C(Cn2ccnc2)OCc2ccc(Sc3ccccc3)cc2)c(Cl)c1,0.10158859663708932,0.45358616,0.13373044,0.017284019,257,1649,2757
1134,CHEMBL1079742,ERLOTINIB HYDROCHLORIDE,C#Cc1cccc(Nc2ncnc3cc(OCCOC)c(OCCOC)cc23)c1.Cl,0.10131337089132038,0.86821514,0.23414233,0.005115559,81,1252,2932
1135,CHEMBL1200832,TERBINAFINE HYDROCHLORIDE,CN(C/C=C/C#CC(C)(C)C)Cc1cccc2ccccc12.Cl,0.10074687950265203,0.020631349,0.07337255,0.67551285,1275,1996,1130
1136,CHEMBL1319139,BROMHEXINE HYDROCHLORIDE,CN(Cc1cc(Br)cc(Br)c1N)C1CCCCC1.Cl,0.10058882338273105,0.44850424,0.024508879,0.09258894,262,2495,2366
1137,CHEMBL227529,ALOGLIPTIN BENZOATE,Cn1c(=O)cc(N2CCC[C@@H](N)C2)n(Cc2ccccc2C#N)c1=O.O=C(O)c1ccccc1,0.1004915864372385,0.021456206,0.057675246,0.82006204,1259,2115,877
1138,CHEMBL942,BISACODYL,CC(=O)Oc1ccc(C(c2ccc(OC(C)=O)cc2)c2ccccn2)cc1,0.100335862011451,0.040001318,0.7934133,0.03182694,1058,239,2666
1139,CHEMBL5315118,ILOPROST TROMETHAMINE,CC#CCC(C)[C@H](O)/C=C/[C@@H]1[C@H]2C/C(=C/CCCC(=O)O)C[C@H]2C[C@H]1O.NC(CO)(CO)CO,0.10016660300853572,0.005291783,0.19984737,0.9503167,1751,1383,504
1140,CHEMBL308954,ETRAVIRINE,Cc1cc(C#N)cc(C)c1Oc1nc(Nc2ccc(C#N)cc2)nc(N)c1Br,0.10010388599145092,0.04296658,0.6075667,0.038426258,1035,479,2626
1141,CHEMBL822,TERBINAFINE,CN(C/C=C/C#CC(C)(C)C)Cc1cccc2ccccc12,0.09992993225957877,0.02072332,0.07008705,0.687052,1274,2020,1108
1142,CHEMBL53292,ISOXICAM,Cc1cc(NC(=O)C2=C(O)c3ccccc3S(=O)(=O)N2C)no1,0.09985951305612875,0.0014908499,0.7337251,0.9103347,2237,312,652
1143,CHEMBL1584,PIPERACETAZINE,CC(=O)c1ccc2c(c1)N(CCCN1CCC(CCO)CC1)c1ccccc1S2,0.09954672495238952,0.01277031,0.078003444,0.9902976,1446,1957,212
1144,CHEMBL1477274,MEPTAZINOL HYDROCHLORIDE,CCC1(c2cccc(O)c2)CCCCN(C)C1.Cl,0.0995016666659776,0.0031345082,0.3328398,0.9442489,1965,980,528
1145,CHEMBL516,CYPROHEPTADINE,CN1CCC(=C2c3ccccc3C=Cc3ccccc32)CC1,0.09943817601224307,0.043676738,0.035475112,0.63457876,1030,2353,1194
1146,CHEMBL553,ERLOTINIB,C#Cc1cccc(Nc2ncnc3cc(OCCOC)c(OCCOC)cc23)c1,0.0994353241892954,0.8506723,0.21827035,0.0052949884,91,1308,2930
1147,CHEMBL251940,PERICIAZINE,N#Cc1ccc2c(c1)N(CCCN1CCC(O)CC1)c1ccccc1S2,0.09910701453456125,0.0073448042,0.19356605,0.6847054,1639,1408,1112
1148,CHEMBL24072,PRENYLAMINE,CC(Cc1ccccc1)NCCC(c1ccccc1)c1ccccc1,0.09908807183155138,0.028230835,0.04433772,0.7772613,1170,2227,963
1149,CHEMBL70046,SORIVUDINE,O=c1[nH]c(=O)n([C@@H]2O[C@H](CO)[C@@H](O)[C@@H]2O)cc1/C=C/Br,0.09907604870680987,0.049761824,0.07586891,0.25759998,983,1978,1843
1150,CHEMBL2103795,AZILSARTAN KAMEDOXOMIL,CCOc1nc2cccc(C(=O)OCc3oc(=O)oc3C)c2n1Cc1ccc(-c2ccccc2-c2noc(=O)[n-]2)cc1.[K+],0.09894260591330738,0.088339254,0.09347822,0.1172967,747,1859,2280
1151,CHEMBL511,PYRILAMINE,COc1ccc(CN(CCN(C)C)c2ccccn2)cc1,0.09882740365786369,0.014424446,0.094791226,0.70593536,1395,1852,1089
1152,CHEMBL8,CIPROFLOXACIN,O=C(O)c1cn(C2CC2)c2cc(N3CCNCC3)c(F)cc2c1=O,0.09875798409384422,0.036030874,0.04420306,0.604769,1090,2230,1237
1153,CHEMBL1977579,STREPTOZOCIN,CN(N=O)C(=O)N[C@@H](C=O)[C@@H](O)[C@H](O)[C@H](O)CO,0.09855280804801062,0.001580934,0.6706604,0.90279806,2223,397,676
1154,CHEMBL5314588,PERFLUOROHEXYLOCTANE,CCCCCCCCC(F)(F)C(F)(F)C(F)(F)C(F)(F)C(F)(F)C(F)(F)F,0.09828410998119215,0.009400744,0.10754512,0.9390679,1555,1776,546
1155,CHEMBL1232,ERTAPENEM SODIUM,C[C@@H](O)[C@H]1C(=O)N2C(C(=O)[O-])=C(S[C@@H]3CN[C@H](C(=O)Nc4cccc(C(=O)O)c4)C3)[C@H](C)[C@H]12.[Na+],0.0979887244832567,0.0024639843,0.48243296,0.7915046,2061,660,933
1156,CHEMBL1200632,CLINDAMYCIN PALMITATE HYDROCHLORIDE,CCCCCCCCCCCCCCCC(=O)O[C@@H]1[C@@H](O)[C@@H](O)[C@@H]([C@H](NC(=O)[C@@H]2C[C@@H](CCC)CN2C)[C@H](C)Cl)O[C@@H]1SC.Cl,0.09795206276321551,0.0436495,0.02195692,0.9805958,1032,2539,318
1157,CHEMBL1201304,INDOCYANINE GREEN ACID FORM,CC1(C)C(/C=C/C=C/C=C/C=C2\N(CCCCS(=O)(=O)O)c3ccc4ccccc4c3C2(C)C)=[N+](CCCCS(=O)(=O)[O-])c2ccc3ccccc3c21,0.09768311121295278,0.09068561,0.099974826,0.10280859,730,1813,2323
1158,CHEMBL414357,EXENATIDE,CC[C@H](C)[C@H](NC(=O)[C@H](Cc1ccccc1)NC(=O)[C@H](CC(C)C)NC(=O)[C@H](CCCNC(=N)N)NC(=O)[C@@H](NC(=O)[C@H](C)NC(=O)[C@H](CCC(=O)O)NC(=O)[C@H](CCC(=O)O)NC(=O)[C@H](CCC(=O)O)NC(=O)[C@H](CCSC)NC(=O)[C@H](CCC(N)=O)NC(=O)[C@H](CCCCN)NC(=O)[C@H](CO)NC(=O)[C@H](CC(C)C)NC(=O)[C@H](CC(=O)O)NC(=O)[C@H](CO)NC(=O)[C@@H](NC(=O)[C@H](Cc1ccccc1)NC(=O)[C@@H](NC(=O)CNC(=O)[C@H](CCC(=O)O)NC(=O)CNC(=O)[C@@H](N)Cc1cnc[nH]1)[C@@H](C)O)[C@@H](C)O)C(C)C)C(=O)N[C@@H](CCC(=O)O)C(=O)N[C@@H](Cc1c[nH]c2ccccc12)C(=O)N[C@@H](CC(C)C)C(=O)N[C@@H](CCCCN)C(=O)N[C@@H](CC(N)=O)C(=O)NCC(=O)NCC(=O)N1CCC[C@H]1C(=O)N[C@@H](CO)C(=O)N[C@@H](CO)C(=O)NCC(=O)N[C@@H](C)C(=O)N1CCC[C@H]1C(=O)N1CCC[C@H]1C(=O)N1CCC[C@H]1C(=O)N[C@@H](CO)C(N)=O,0.0975499305871312,0.0013065657,0.7157678,0.99260736,2279,341,172
1159,CHEMBL1237065,TRAMADOL HYDROCHLORIDE,COc1cccc(C2(O)CCCCC2CN(C)C)c1.Cl,0.09750475609322158,0.0030862659,0.3250367,0.9240843,1976,1002,610
1160,CHEMBL1200555,IOTROLAN,CN(C(=O)CC(=O)N(C)c1c(I)c(C(=O)NC(CO)C(O)CO)c(I)c(C(=O)NC(CO)C(O)CO)c1I)c1c(I)c(C(=O)NC(CO)C(O)CO)c(I)c(C(=O)NC(CO)C(O)CO)c1I,0.09746450118001797,0.37910616,0.009656923,0.2528948,319,2800,1849
1161,CHEMBL229128,MEPHENESIN,Cc1ccccc1OCC(O)CO,0.09739662323938086,0.009948068,0.095427506,0.9732386,1533,1847,391
1162,CHEMBL1200444,PIRBUTEROL ACETATE,CC(=O)O.CC(C)(C)NCC(O)c1ccc(O)c(CO)n1,0.09730205659975752,0.0049334373,0.39042774,0.47827294,1777,830,1432
1163,CHEMBL25202,TAMIBAROTENE,CC1(C)CCC(C)(C)c2cc(NC(=O)c3ccc(C(=O)O)cc3)ccc21,0.09717452658233901,0.005615796,0.72300994,0.22599648,1728,324,1911
1164,CHEMBL2336050,XANOMELINE TARTRATE,CCCCCCOc1nsnc1C1=CCCN(C)C1.O=C(O)C(O)C(O)C(=O)O,0.0969148130085878,0.03474838,0.7223655,0.036264267,1105,325,2639
1165,CHEMBL629,AMITRIPTYLINE,CN(C)CCC=C1c2ccccc2CCc2ccccc21,0.09671753998542937,0.07972256,0.08279386,0.13706811,796,1924,2192
1166,CHEMBL2338675,FOSDENOPTERIN,Nc1nc(=O)c2c([nH]1)N[C@@H]1O[C@@H]3COP(=O)(O)O[C@@H]3C(O)(O)[C@@H]1N2,0.09642184622635085,0.006334082,0.17154399,0.8250252,1688,1496,866
1167,CHEMBL1200988,METHANTHELINE BROMIDE,CC[N+](C)(CC)CCOC(=O)C1c2ccccc2Oc2ccccc21.[Br-],0.09631075052464913,0.015059934,0.07115666,0.8336536,1383,2013,844
1168,CHEMBL3989777,TRIENTINE HYDROCHLORIDE,Cl.Cl.NCCNCCNCCN,0.09622666687942048,0.27752572,0.033879604,0.094764285,412,2370,2358
1169,CHEMBL1200782,DEXTROAMPHETAMINE ADIPATE,C[C@H](N)Cc1ccccc1.O=C(O)CCCCC(=O)O,0.09622102994861766,0.0022360266,0.43956345,0.90638256,2092,732,668
1170,CHEMBL1436,CEFUROXIME,CO/N=C(\C(=O)N[C@@H]1C(=O)N2C(C(=O)O)=C(COC(N)=O)CS[C@H]12)c1ccco1,0.09594946789677103,0.01985182,0.56028163,0.079418376,1291,548,2420
1171,CHEMBL1201775,SAPROPTERIN DIHYDROCHLORIDE,C[C@H](O)[C@H](O)[C@H]1CNc2[nH]c(N)nc(=O)c2N1.Cl.Cl,0.09594453249740847,0.0633032,0.024661679,0.565734,886,2491,1298
1172,CHEMBL712,ANISINDIONE,COc1ccc(C2C(=O)c3ccccc3C2=O)cc1,0.09585048247970929,0.037881337,0.12478689,0.1862896,1080,1698,2023
1173,CHEMBL135400,ZOPICLONE,CN1CCN(C(=O)OC2c3nccnc3C(=O)N2c2ccc(Cl)cn2)CC1,0.09559432470705043,0.005564917,0.56979173,0.27549994,1734,539,1805
1174,CHEMBL2107834,RIOCIGUAT,COC(=O)N(C)c1c(N)nc(-c2nn(Cc3ccccc3F)c3ncccc23)nc1N,0.09556527380536402,0.0318001,0.07335892,0.37412688,1134,1997,1612
1175,CHEMBL1200734,FOSAMPRENAVIR CALCIUM,CC(C)CN(C[C@@H](OP(=O)([O-])[O-])[C@H](Cc1ccccc1)NC(=O)O[C@H]1CCOC1)S(=O)(=O)c1ccc(N)cc1.[Ca+2],0.09540709978722599,0.011043533,0.2067511,0.38035253,1493,1357,1606
1176,CHEMBL1402684,OXYPHENISATIN ACETATE,CC(=O)Oc1ccc(C2(c3ccc(OC(C)=O)cc3)C(=O)Nc3ccccc32)cc1,0.09532983927049583,0.0057999743,0.66636425,0.22415522,1715,401,1917
1177,CHEMBL316157,CEPHALORIDINE,O=C(Cc1cccs1)N[C@@H]1C(=O)N2C(C(=O)[O-])=C(C[n+]3ccccc3)CS[C@H]12,0.09528265163244881,0.009099795,0.27084556,0.3509847,1564,1142,1645
1178,CHEMBL3989820,ZOLPIDEM TARTRATE,Cc1ccc(-c2nc3ccc(C)cn3c2CC(=O)N(C)C)cc1.Cc1ccc(-c2nc3ccc(C)cn3c2CC(=O)N(C)C)cc1.O=C(O)C(O)C(O)C(=O)O,0.09499909293503125,0.031852607,0.070076935,0.3840947,1133,2021,1597
1179,CHEMBL1200946,NANDROLONE DECANOATE,CCCCCCCCCC(=O)O[C@H]1CC[C@H]2[C@@H]3CCC4=CC(=O)CC[C@@H]4[C@H]3CC[C@]12C,0.09498961374607025,0.009220864,0.09424452,0.9862809,1561,1853,259
1180,CHEMBL1474963,BENZARONE,CCc1oc2ccccc2c1C(=O)c1ccc(O)cc1,0.09490999932712749,0.08596732,0.36781868,0.027037637,758,876,2691
1181,CHEMBL2105712,AFATINIB DIMALEATE,CN(C)C/C=C/C(=O)Nc1cc2c(Nc3ccc(F)c(Cl)c3)ncnc2cc1O[C@H]1CCOC1.O=C(O)/C=C\C(=O)O.O=C(O)/C=C\C(=O)O,0.09479692331859259,0.5150009,0.11511133,0.014369998,227,1749,2783
1182,CHEMBL4594262,AMLODIPINE BENZOATE,CCOC(=O)C1=C(COCCN)NC(C)=C(C(=O)OC)C1c1ccccc1Cl.O=C(O)c1ccccc1,0.09472887437837305,0.006708173,0.36362213,0.34849188,1669,889,1650
1183,CHEMBL53,APOMORPHINE,CN1CCc2cccc3c2[C@H]1Cc1ccc(O)c(O)c1-3,0.09469650225415328,0.037320446,0.039240338,0.5798588,1084,2293,1273
1184,CHEMBL255044,FLUPIRTINE,CCOC(=O)Nc1ccc(NCc2ccc(F)cc2)nc1N,0.09440473172139298,0.00089256966,0.9815646,0.9603297,2412,34,472
1185,CHEMBL13280,FLUNITRAZEPAM,CN1C(=O)CN=C(c2ccccc2F)c2cc([N+](=O)[O-])ccc21,0.09434808868716954,0.038341403,0.14979836,0.1462259,1074,1595,2153
1186,CHEMBL1714574,TERCONAZOLE,CC(C)N1CCN(c2ccc(OCC3COC(Cn4cncn4)(c4ccc(Cl)cc4Cl)O3)cc2)CC1,0.09408779153426738,0.0070578875,0.36005527,0.32775998,1652,902,1695
1187,CHEMBL617,CEPHALOTHIN,CC(=O)OCC1=C(C(=O)O)N2C(=O)[C@@H](NC(=O)Cc3cccs3)[C@H]2SC1,0.09400689628107084,0.003697087,0.41855112,0.5368723,1895,773,1341
1188,CHEMBL106258,AMINOREX,NC1=NCC(c2ccccc2)O1,0.09371379767098936,0.05807289,0.015184512,0.93333244,918,2674,569
1189,CHEMBL550755,FORODESINE HYDROCHLORIDE,Cl.O=c1[nH]cnc2c([C@@H]3N[C@H](CO)[C@@H](O)[C@H]3O)c[nH]c12,0.09370196448276624,0.029087404,0.038921483,0.7266943,1162,2299,1057
1190,CHEMBL973,TERIFLUNOMIDE,C/C(O)=C(\C#N)C(=O)Nc1ccc(C(F)(F)F)cc1,0.09355857704133755,0.0032314537,0.32523412,0.7792141,1951,1001,959
1191,CHEMBL523299,UMECLIDINIUM BROMIDE,OC(c1ccccc1)(c1ccccc1)C12CC[N+](CCOCc3ccccc3)(CC1)CC2.[Br-],0.09340551121869291,0.0013779005,0.59348357,0.9965314,2267,503,99
1192,CHEMBL1322884,PHENOTHRIN,CC(C)=CC1C(C(=O)OCc2cccc(Oc3ccccc3)c2)C1(C)C,0.09336798130419026,0.0035330092,0.866367,0.26591763,1913,162,1823
1193,CHEMBL94,PHYSOSTIGMINE,CNC(=O)Oc1ccc2c(c1)[C@]1(C)CCN(C)[C@@H]1N2C,0.09325394748494988,0.0034898077,0.8450812,0.27498034,1918,184,1806
1194,CHEMBL1187833,UMECLIDINIUM,OC(c1ccccc1)(c1ccccc1)C12CC[N+](CCOCc3ccccc3)(CC1)CC2,0.09320465793250457,0.0014270499,0.57185143,0.99218,2255,534,180
1195,CHEMBL1607273,CETIRIZINE HYDROCHLORIDE,Cl.Cl.O=C(O)COCCN1CCN(C(c2ccccc2)c2ccc(Cl)cc2)CC1,0.0931794446366228,0.009235521,0.5704281,0.15356703,1560,538,2122
1196,CHEMBL6068400,GIVINOSTAT HYDROCHLORIDE,CCN(CC)Cc1ccc2cc(COC(=O)Nc3ccc(C(=O)NO)cc3)ccc2c1.Cl.O,0.09293506006949426,0.0008282713,0.97558326,0.993349,2433,45,163
1197,CHEMBL1200817,LEVOMETHADYL ACETATE HYDROCHLORIDE,CC[C@H](OC(C)=O)C(C[C@H](C)N(C)C)(c1ccccc1)c1ccccc1.Cl,0.09289419366344001,0.010686355,0.16005246,0.46867722,1508,1540,1452
1198,CHEMBL1200964,AMITRIPTYLINE HYDROCHLORIDE,CN(C)CCC=C1c2ccccc2CCc2ccccc21.Cl,0.09288122339839934,0.07639086,0.08508828,0.12327434,817,1908,2249
1199,CHEMBL953,ENTACAPONE,CCN(CC)C(=O)/C(C#N)=C/c1cc(O)c(O)c([N+](=O)[O-])c1,0.09279154598834442,0.08388035,0.7217225,0.013197598,769,327,2794
1200,CHEMBL1237132,CLEVIDIPINE,CCCC(=O)OCOC(=O)C1=C(C)NC(C)=C(C(=O)OC)C1c1cccc(Cl)c1Cl,0.09270493159512799,0.011973288,0.21504302,0.30943516,1462,1320,1735
1201,CHEMBL1042,CHOLECALCIFEROL,C=C1CC[C@H](O)C/C1=C/C=C1\CCC[C@]2(C)[C@@H]([C@H](C)CCCC(C)C)CC[C@@H]12,0.09264784595920952,0.0023114164,0.35315186,0.9742407,2077,923,382
1202,CHEMBL158,AZTREONAM,C[C@H]1[C@H](NC(=O)/C(=N\OC(C)(C)C(=O)O)c2csc(N)n2)C(=O)N1S(=O)(=O)O,0.09245419337321684,0.013815437,0.36444238,0.15695901,1408,888,2109
1203,CHEMBL1624126,XANTHINOL,CN(CCO)CC(O)Cn1cnc2c1c(=O)n(C)c(=O)n2C,0.09230924765258498,0.03387027,0.023501111,0.98816305,1112,2511,237
1204,CHEMBL608,PROBUCOL,CC(C)(Sc1cc(C(C)(C)C)c(O)c(C(C)(C)C)c1)Sc1cc(C(C)(C)C)c(O)c(C(C)(C)C)c1,0.09228292445099769,0.6698647,0.009988916,0.117451526,177,2795,2277
1205,CHEMBL2219414,ERAVACYCLINE DIHYDROCHLORIDE,CN(C)[C@@H]1C(O)=C(C(N)=O)C(=O)[C@@]2(O)C(O)=C3C(=O)c4c(O)c(NC(=O)CN5CCCC5)cc(F)c4C[C@H]3C[C@@H]12.Cl.Cl,0.09212198336429418,0.0020672902,0.38817436,0.9742302,2119,836,383
1206,CHEMBL781,MAZINDOL,OC1(c2ccc(Cl)cc2)c2ccccc2C2=NCCN21,0.09203029321946131,0.0042865956,0.4416673,0.4117036,1832,728,1551
1207,CHEMBL464,ETRETINATE,CCOC(=O)/C=C(C)/C=C/C=C(C)/C=C/c1c(C)cc(OC)c(C)c1C,0.09195952909894574,0.052831843,0.019399123,0.75877374,958,2582,1003
1208,CHEMBL3989933,ETRASIMOD ARGININE,N=C(N)NCCC[C@@H](N)C(=O)O.O=C(O)C[C@H]1CCc2c1[nH]c1ccc(OCc3ccc(C4CCCC4)c(C(F)(F)F)c3)cc21,0.0918340982059449,0.022648372,0.034846693,0.981326,1249,2358,312
1209,CHEMBL1002,LEVOSALBUTAMOL,CC(C)(C)NC[C@H](O)c1ccc(O)c(CO)c1,0.09152803744664866,0.002625119,0.33511454,0.8716058,2040,974,763
1210,CHEMBL1214,CARBENICILLIN,CC1(C)S[C@@H]2[C@H](NC(=O)C(C(=O)O)c3ccccc3)C(=O)N2[C@H]1C(=O)O,0.0915063044213273,0.027416894,0.31469074,0.08880773,1179,1023,2385
1211,CHEMBL980,GUAIFENESIN,COc1ccccc1OCC(O)CO,0.09146288746903457,0.015925078,0.05075244,0.9466648,1366,2173,515
1212,CHEMBL1201234,MEPHENTERMINE,CNC(C)(C)Cc1ccccc1,0.09145838909039986,0.03758336,0.042655595,0.47719848,1083,2251,1437
1213,CHEMBL441738,AFAMELANOTIDE,CCCC[C@H](NC(=O)[C@H](CO)NC(=O)[C@H](Cc1ccc(O)cc1)NC(=O)[C@H](CO)NC(C)=O)C(=O)N[C@@H](CCC(=O)O)C(=O)N[C@@H](Cc1c[nH]cn1)C(=O)N[C@H](Cc1ccccc1)C(=O)N[C@@H](CCCNC(=N)N)C(=O)N[C@@H](Cc1c[nH]c2ccccc12)C(=O)NCC(=O)N[C@@H](CCCCN)C(=O)N1CCC[C@H]1C(=O)N[C@H](C(N)=O)C(C)C,0.09127026864928568,0.0010212472,0.75052917,0.99194944,2359,294,187
1214,CHEMBL1675,VITAMIN A PALMITATE,CCCCCCCCCCCCCCCC(=O)OC/C=C(C)/C=C/C=C(C)/C=C/C1=C(C)CCCC1(C)C,0.0910838932463852,0.006058691,0.14369477,0.8679707,1700,1617,768
1215,CHEMBL345714,ACIPIMOX,Cc1cnc(C(=O)O)c[n+]1[O-],0.09106945499907602,0.014094603,0.7982448,0.06713196,1401,230,2479
1216,CHEMBL714,ALBUTEROL,CC(C)(C)NCC(O)c1ccc(O)c(CO)c1,0.09099813652812891,0.010619625,0.16372778,0.43337712,1509,1527,1513
1217,CHEMBL203266,TRIMETAZIDINE,COc1ccc(CN2CCNCC2)c(OC)c1OC,0.09091433547681814,0.04944241,0.018612985,0.8165475,985,2601,884
1218,CHEMBL3707372,VOXILAPREVIR,CC[C@@H]1[C@@H]2CN(C(=O)[C@H](C(C)(C)C)NC(=O)O[C@@H]3C[C@H]3CCCCC(F)(F)c3nc4ccc(OC)cc4nc3O2)[C@@H]1C(=O)N[C@]1(C(=O)NS(=O)(=O)C2(C)CC2)C[C@H]1C(C)C,0.09087695309096329,0.005015331,0.2149229,0.69627196,1772,1322,1097
1219,CHEMBL252556,IDEBENONE,COC1=C(OC)C(=O)C(CCCCCCCCCCO)=C(C)C1=O,0.09084152221783064,0.0056559085,0.23757218,0.5578986,1726,1241,1313
1220,CHEMBL425,OLSALAZINE,O=C(O)c1cc(/N=N/c2ccc(O)c(C(=O)O)c2)ccc1O,0.09074488375665349,0.017237663,0.7503896,0.057769846,1337,295,2531
1221,CHEMBL998,LORATADINE,CCOC(=O)N1CCC(=C2c3ccc(Cl)cc3CCc3cccnc32)CC1,0.09073564957371041,0.015358431,0.20916046,0.23254521,1376,1346,1894
1222,CHEMBL12856,INAMRINONE,Nc1cc(-c2ccncc2)c[nH]c1=O,0.09063998454576479,0.07314316,0.27123627,0.03753514,835,1139,2630
1223,CHEMBL219916,DOMPERIDONE,O=c1[nH]c2ccccc2n1CCCN1CCC(n2c(=O)[nH]c3cc(Cl)ccc32)CC1,0.090609220364495,0.027050132,0.15201072,0.18091457,1183,1584,2035
1224,CHEMBL1404,RANOLAZINE,COc1ccccc1OCC(O)CN1CCN(CC(=O)Nc2c(C)cccc2C)CC1,0.09042426492738465,0.0059027616,0.12936087,0.9682709,1712,1675,427
1225,CHEMBL4594250,NETARSUDIL,Cc1ccc(C(=O)OCc2ccc([C@@H](CN)C(=O)Nc3ccc4cnccc4c3)cc2)c(C)c1,0.09038929990689201,0.006985166,0.60141,0.17579384,1653,491,2046
1226,CHEMBL1221,SULCONAZOLE,Clc1ccc(CSC(Cn2ccnc2)c2ccc(Cl)cc2Cl)cc1,0.09019676666141907,0.6509019,0.028735412,0.03923196,181,2434,2620
1227,CHEMBL951,IOPHENDYLATE,CCOC(=O)CCCCCCCCC(C)c1ccc(I)cc1,0.08984338996078685,0.8549377,0.014669587,0.05782371,86,2689,2529
1228,CHEMBL1201784,HEXAMINOLEVULINATE,CCCCCCOC(=O)CCC(=O)CN,0.08972267874200056,0.005220532,0.19180955,0.7213096,1758,1420,1069
1229,CHEMBL592,LEVORPHANOL,CN1CC[C@]23CCCC[C@H]2[C@H]1Cc1ccc(O)cc13,0.0896376929393515,0.0016778646,0.6044023,0.7102137,2193,486,1084
1230,CHEMBL1200991,CARBENICILLIN INDANYL SODIUM,CC1(C)S[C@@H]2[C@H](NC(=O)C(C(=O)Oc3ccc4c(c3)CCC4)c3ccccc3)C(=O)N2[C@H]1C(=O)[O-].[Na+],0.08951884145614977,0.015900228,0.25715303,0.17544797,1367,1180,2050
1231,CHEMBL376897,METHSCOPOLAMINE,C[N+]1(C)[C@@H]2C[C@@H](OC(=O)[C@H](CO)c3ccccc3)C[C@H]1[C@@H]1O[C@@H]12,0.08944961390604722,0.006756205,0.17790999,0.5954321,1666,1468,1248
1232,CHEMBL221959,TOFACITINIB,C[C@@H]1CCN(C(=O)CC#N)C[C@@H]1N(C)c1ncnc2[nH]ccc12,0.08929060144650405,0.0076420796,0.18123801,0.513992,1625,1451,1372
1233,CHEMBL1200937,DALFOPRISTIN,CCN(CC)CCS(=O)(=O)[C@@H]1CCN2C(=O)c3coc(n3)CC(=O)C[C@H](O)/C=C(C)/C=C/CNC(=O)/C=C/[C@@H](C)[C@@H](C(C)C)OC(=O)[C@@H]12,0.08921248009475306,0.013052478,0.2292891,0.23724681,1438,1268,1880
1234,CHEMBL2103784,COSYNTROPIN,CSCC[C@H](NC(=O)[C@H](CO)NC(=O)[C@H](Cc1ccc(O)cc1)NC(=O)[C@@H](N)CO)C(=O)N[C@@H](CCC(=O)O)C(=O)N[C@@H](Cc1c[nH]cn1)C(=O)N[C@@H](Cc1ccccc1)C(=O)N[C@@H](CCCNC(=N)N)C(=O)N[C@@H](Cc1c[nH]c2ccccc12)C(=O)NCC(=O)N[C@@H](CCCCN)C(=O)N1CCC[C@H]1C(=O)N[C@H](C(=O)NCC(=O)N[C@@H](CCCCN)C(=O)N[C@@H](CCCCN)C(=O)N[C@@H](CCCNC(=N)N)C(=O)N[C@@H](CCCNC(=N)N)C(=O)N1CCC[C@H]1C(=O)N[C@H](C(=O)N[C@@H](CCCCN)C(=O)N[C@H](C(=O)N[C@@H](Cc1ccc(O)cc1)C(=O)N1CCC[C@H]1C(=O)O)C(C)C)C(C)C)C(C)C,0.08914841193428821,0.0010311503,0.69266796,0.9919592,2358,368,186
1235,CHEMBL361497,ARTESUNATE,C[C@H]1[C@H](OC(=O)CCC(=O)O)O[C@@H]2O[C@@]3(C)CC[C@H]4[C@H](C)CC[C@@H]1[C@@]24OO3,0.0890453940928773,0.0009795112,0.7879162,0.9148395,2380,247,640
1236,CHEMBL595,PIOGLITAZONE,CCc1ccc(CCOc2ccc(CC3SC(=O)NC3=O)cc2)nc1,0.08866955995831777,0.005125859,0.6247594,0.21769287,1767,459,1938
1237,CHEMBL1514,LEVOMETHADYL ACETATE,CC[C@H](OC(C)=O)C(C[C@H](C)N(C)C)(c1ccccc1)c1ccccc1,0.08861272616996602,0.009688184,0.1440058,0.49873054,1545,1613,1392
1238,CHEMBL1909072,PIPAMAZINE,NC(=O)C1CCN(CCCN2c3ccccc3Sc3ccc(Cl)cc32)CC1,0.08853786024045071,0.008196685,0.10210003,0.8293216,1601,1801,855
1239,CHEMBL1428,NIMODIPINE,COCCOC(=O)C1=C(C)NC(C)=C(C(=O)OC(C)C)C1c1cccc([N+](=O)[O-])c1,0.08846445486810864,0.006128805,0.3456136,0.32684347,1697,938,1699
1240,CHEMBL436,TOLRESTAT,COc1ccc2c(C(=S)N(C)CC(=O)O)cccc2c1C(F)(F)F,0.08797585900082755,0.06656115,0.046301205,0.22094157,872,2211,1927
1241,CHEMBL1200798,TRAZODONE HYDROCHLORIDE,Cl.O=c1n(CCCN2CCN(c3cccc(Cl)c3)CC2)nc2ccccn12,0.08792291286416866,0.014480507,0.09504725,0.4938362,1394,1849,1402
1242,CHEMBL376140,TIGECYCLINE,CN(C)c1cc(NC(=O)CNC(C)(C)C)c(O)c2c1C[C@H]1C[C@H]3[C@H](N(C)C)C(O)=C(C(N)=O)C(=O)[C@@]3(O)C(O)=C1C2=O,0.08789079546021848,0.004206494,0.1627991,0.9914204,1843,1528,195
1243,CHEMBL542541,HYDRALAZINE HYDROCHLORIDE,Cl.NNc1nncc2ccccc12,0.08781081428399591,0.1095042,0.1602479,0.038585212,654,1538,2625
1244,CHEMBL1671,PROPRANOLOL HYDROCHLORIDE,CC(C)NCC(O)COc1cccc2ccccc12.Cl,0.08780805695812899,0.013649271,0.049799763,0.9960163,1417,2182,108
1245,CHEMBL493,BROMOCRIPTINE,CC(C)C[C@H]1C(=O)N2CCC[C@H]2[C@]2(O)O[C@](NC(=O)[C@@H]3C=C4c5cccc6[nH]c(Br)c(c56)C[C@H]4N(C)C3)(C(C)C)C(=O)N12,0.08777503194681001,0.00407076,0.46055257,0.36071,1858,701,1633
1246,CHEMBL4298139,SERDEXMETHYLPHENIDATE CHLORIDE,COC(=O)[C@H](c1ccccc1)[C@H]1CCCCN1C(=O)OC[n+]1cccc(C(=O)N[C@@H](CO)C(=O)O)c1.[Cl-],0.08751128415702765,0.0039561493,0.52566683,0.32226187,1867,603,1707
1247,CHEMBL1128,EDROPHONIUM CHLORIDE,CC[N+](C)(C)c1cccc(O)c1.[Cl-],0.0874314224600816,0.13741153,0.47213376,0.010301832,574,680,2832
1248,CHEMBL174,AMPICILLIN,CC1(C)S[C@@H]2[C@H](NC(=O)[C@H](N)c3ccccc3)C(=O)N2[C@H]1C(=O)O,0.08739608643802642,0.014007485,0.3393351,0.1404388,1405,957,2178
1249,CHEMBL967,TEMAZEPAM,CN1C(=O)C(O)N=C(c2ccccc2)c2cc(Cl)ccc21,0.08718739448090075,0.035592202,0.17194833,0.10829498,1094,1492,2302
1250,CHEMBL144673,HEXETIDINE,CCCCC(CC)CN1CN(CC(CC)CCCC)CC(C)(N)C1,0.08717644329299548,0.017078985,0.038994033,0.9948035,1340,2296,133
1251,CHEMBL3137309,VENETOCLAX,CC1(C)CCC(CN2CCN(c3ccc(C(=O)NS(=O)(=O)c4ccc(NCC5CCOCC5)c([N+](=O)[O-])c4)c(Oc4cnc5[nH]ccc5c4)c3)CC2)=C(c2ccc(Cl)cc2)C1,0.08711665699263212,0.025784792,0.11331778,0.22627778,1198,1758,1910
1252,CHEMBL2106155,ENCAINIDE HYDROCHLORIDE,COc1ccc(C(=O)Nc2ccccc2CCC2CCCCN2C)cc1.Cl,0.08701231450911338,0.00228981,0.50810975,0.56622005,2080,624,1296
1253,CHEMBL127516,BUTAMBEN,CCCCOC(=O)c1ccc(N)cc1,0.08683928555817512,0.001205326,0.7093938,0.7658729,2307,350,993
1254,CHEMBL1200758,AMPICILLIN SODIUM,CC1(C)S[C@@H]2[C@H](NC(=O)[C@H](N)c3ccccc3)C(=O)N2[C@H]1C(=O)[O-].[Na+],0.08672603385958788,0.013191382,0.37849164,0.1306477,1429,853,2218
1255,CHEMBL578767,FLUMEXADOL,FC(F)(F)c1cccc(C2CNCCO2)c1,0.08663736585237412,0.017620394,0.048673566,0.7582404,1335,2195,1004
1256,CHEMBL1190,DECAMETHONIUM,C[N+](C)(C)CCCCCCCCCC[N+](C)(C)C,0.08644378652217803,0.06642261,0.02121106,0.45848286,874,2558,1465
1257,CHEMBL1200977,MILRINONE LACTATE,CC(O)C(=O)O.Cc1[nH]c(=O)c(C#N)cc1-c1ccncc1,0.08621595563950218,0.09136191,0.60439724,0.011605809,725,487,2818
1258,CHEMBL1200510,ERYTHROMYCIN STEARATE,CCCCCCCCCCCCCCCCCC(=O)O.CC[C@H]1OC(=O)[C@H](C)[C@@H](O[C@H]2C[C@@](C)(OC)[C@@H](O)[C@H](C)O2)[C@H](C)[C@@H](O[C@@H]2O[C@H](C)C[C@H](N(C)C)[C@H]2O)[C@](C)(O)C[C@@H](C)C(=O)[C@H](C)[C@@H](O)[C@]1(C)O,0.08620753745501009,0.0034289,0.1889716,0.98874503,1930,1429,229
1259,CHEMBL76370,TEGASEROD,CCCCCNC(=N)N/N=C/c1c[nH]c2ccc(OC)cc12,0.0860753253083903,0.0007009312,0.9230197,0.9857109,2486,110,266
1260,CHEMBL408,TROGLITAZONE,Cc1c(C)c2c(c(C)c1O)CCC(C)(COc1ccc(CC3SC(=O)NC3=O)cc1)O2,0.08576750345512942,0.0137903765,0.04892219,0.93516093,1410,2193,562
1261,CHEMBL1200916,THIORIDAZINE HYDROCHLORIDE,CSc1ccc2c(c1)N(CCC1CCCCN1C)c1ccccc1S2.Cl,0.08536588798747184,0.023665506,0.026446726,0.993952,1223,2464,152
1262,CHEMBL298470,TAFENOQUINE,COc1cc(C)c2c(Oc3cccc(C(F)(F)F)c3)c(OC)cc(NC(C)CCCN)c2n1,0.08531822328295996,0.08846586,0.05633703,0.124610834,745,2126,2245
1263,CHEMBL1359,ERTAPENEM,C[C@@H](O)[C@H]1C(=O)N2C(C(=O)O)=C(S[C@@H]3CN[C@H](C(=O)Nc4cccc(C(=O)O)c4)C3)[C@H](C)[C@H]12,0.08493050219550037,0.001860768,0.441434,0.74581844,2157,729,1025
1264,CHEMBL2364968,ERGOLOID,CC(C)C[C@H]1C(=O)N2CCC[C@H]2[C@]2(O)O[C@](NC(=O)[C@@H]3C[C@@H]4c5cccc6[nH]cc(c56)C[C@H]4N(C)C3)(C(C)C)C(=O)N12.CC(C)[C@@]1(NC(=O)[C@@H]2C[C@@H]3c4cccc5[nH]cc(c45)C[C@H]3N(C)C2)O[C@@]2(O)[C@@H]3CCCN3C(=O)[C@H](Cc3ccccc3)N2C1=O.CC(C)[C@H]1C(=O)N2CCC[C@H]2[C@]2(O)O[C@](NC(=O)[C@@H]3C[C@@H]4c5cccc6[nH]cc(c56)C[C@H]4N(C)C3)(C(C)C)C(=O)N12.CCC(C)[C@H]1C(=O)N2CCC[C@H]2[C@]2(O)O[C@](NC(=O)[C@@H]3C[C@@H]4c5cccc6[nH]cc(c56)C[C@H]4N(C)C3)(C(C)C)C(=O)N12,0.08477635829183756,0.0014655028,0.6118825,0.679469,2245,474,1125
1265,CHEMBL1200773,TOCAINIDE HYDROCHLORIDE,Cc1cccc(C)c1NC(=O)C(C)N.Cl,0.08445027271452928,0.16986106,0.40900773,0.008669176,517,799,2868
1266,CHEMBL669,CYCLOBENZAPRINE,CN(C)CCC=C1c2ccccc2C=Cc2ccccc21,0.08431626483068823,0.2290444,0.057845972,0.04524195,459,2113,2593
1267,CHEMBL186,CEFEPIME,CO/N=C(\C(=O)N[C@@H]1C(=O)N2C(C(=O)[O-])=C(C[N+]3(C)CCCC3)CS[C@H]12)c1csc(N)n1,0.0842335666096124,0.0034494363,0.32372525,0.5352183,1927,1003,1344
1268,CHEMBL1762,TOCAINIDE,Cc1cccc(C)c1NC(=O)C(C)N,0.08421768257525171,0.1698643,0.37463808,0.009386332,516,860,2852
1269,CHEMBL3989562,TERAZOSIN HYDROCHLORIDE,COc1cc2nc(N3CCN(C(=O)C4CCCO4)CC3)nc(N)c2cc1OC.Cl.O.O,0.08421314482989702,0.027653208,0.286061,0.07549801,1176,1098,2443
1270,CHEMBL406,INDAPAMIDE,CC1Cc2ccccc2N1NC(=O)c1ccc(Cl)c(S(N)(=O)=O)c1,0.08411419515047584,0.15872721,0.07457834,0.050274048,534,1988,2571
1271,CHEMBL305660,EBASTINE,CC(C)(C)c1ccc(C(=O)CCCN2CCC(OC(c3ccccc3)c3ccccc3)CC2)cc1,0.08393341556677703,0.021555066,0.081067674,0.33838224,1257,1938,1674
1272,CHEMBL1201020,DISOPYRAMIDE PHOSPHATE,CC(C)N(CCC(C(N)=O)(c1ccccc1)c1ccccn1)C(C)C.O=P(O)(O)O,0.08383652352685461,0.018031785,0.12241472,0.26694846,1327,1709,1819
1273,CHEMBL1200896,DINOPROST TROMETHAMINE,CCCCC[C@H](O)/C=C/[C@@H]1[C@@H](C/C=C\CCCC(=O)O)[C@@H](O)C[C@H]1O.NC(CO)(CO)CO,0.08383057808553947,0.0046996702,0.15541203,0.8065946,1800,1562,904
1274,CHEMBL1528839,PHENFORMIN HYDROCHLORIDE,Cl.N=C(N)NC(=N)NCCc1ccccc1,0.08379670402953432,0.0014540663,0.53591096,0.75509924,2249,588,1011
1275,CHEMBL1201289,CLINDAMYCIN PALMITATE,CCCCCCCCCCCCCCCC(=O)O[C@@H]1[C@@H](O)[C@@H](O)[C@@H]([C@H](NC(=O)[C@@H]2C[C@@H](CCC)CN2C)[C@H](C)Cl)O[C@@H]1SC,0.08377974955926465,0.035760663,0.016771056,0.9805084,1093,2643,322
1276,CHEMBL1574,PHENTERMINE,CC(C)(N)Cc1ccccc1,0.08364365984122385,0.11648782,0.035825904,0.14022371,621,2345,2179
1277,CHEMBL911,ZOLPIDEM,Cc1ccc(-c2nc3ccc(C)cn3c2CC(=O)N(C)C)cc1,0.08327171974110562,0.02647673,0.023169326,0.9412713,1190,2518,540
1278,CHEMBL6068333,CLOPIDOGREL BESILATE,COC(=O)[C@H](c1ccccc1Cl)N1CCc2sccc2C1.O=S(=O)(O)c1ccccc1,0.08326798477705656,0.068841204,0.009532084,0.8798282,860,2805,737
1279,CHEMBL1201052,MESORIDAZINE BESYLATE,CN1CCCCC1CCN1c2ccccc2Sc2ccc([S+](C)[O-])cc21.O=S(=O)(O)c1ccccc1,0.0831740413761299,0.022975666,0.03227894,0.775847,1243,2385,967
1280,CHEMBL3233142,LUMATEPERONE TOSYLATE,CN1CCN2c3c(cccc31)[C@@H]1CN(CCCC(=O)c3ccc(F)cc3)CC[C@@H]12.Cc1ccc(S(=O)(=O)O)cc1,0.08313129011386076,0.0041127116,0.32990652,0.42342302,1852,988,1528
1281,CHEMBL489411,AMOROLFINE,CCC(C)(C)c1ccc(CC(C)CN2C[C@@H](C)O[C@@H](C)C2)cc1,0.0828755169334118,0.016429126,0.038208157,0.906793,1357,2312,665
1282,CHEMBL1180725,PROPANTHELINE,CC(C)[N+](C)(CCOC(=O)C1c2ccccc2Oc2ccccc21)C(C)C,0.0827300352990511,0.015762782,0.06231437,0.5764591,1368,2072,1279
1283,CHEMBL1201785,HEXAMINOLEVULINATE HYDROCHLORIDE,CCCCCCOC(=O)CCC(=O)CN.Cl,0.0827042447652699,0.009076752,0.13436417,0.4638413,1566,1648,1461
1284,CHEMBL1200437,QUINIDINE GLUCONATE,C=C[C@H]1CN2CC[C@H]1C[C@@H]2[C@@H](O)c1ccnc2ccc(OC)cc12.O=C(O)[C@H](O)[C@@H](O)[C@H](O)[C@H](O)CO,0.08241060745526405,0.009758187,0.12674749,0.4525232,1544,1688,1479
1285,CHEMBL1200530,CEFOXITIN SODIUM,CO[C@@]1(NC(=O)Cc2cccs2)C(=O)N2C(C(=O)[O-])=C(COC(N)=O)CS[C@@H]21.[Na+],0.08231006830956705,0.0023424213,0.7204777,0.3304253,2073,331,1690
1286,CHEMBL1201147,OCTOCRYLENE,CCCCC(CC)COC(=O)C(C#N)=C(c1ccccc1)c1ccccc1,0.08202238358663556,0.022940597,0.106834084,0.22515556,1244,1780,1914
1287,CHEMBL4301162,SERDEXMETHYLPHENIDATE,COC(=O)[C@H](c1ccccc1)[C@H]1CCCCN1C(=O)OC[n+]1cccc(C(=O)N[C@@H](CO)C(=O)O)c1,0.08184507204662195,0.0034735845,0.5162814,0.3057125,1922,619,1744
1288,CHEMBL1200377,AMPHETAMINE ASPARTATE,CC(N)Cc1ccccc1.NC(CC(=O)O)C(=O)O,0.0817554733793224,0.0016786187,0.5186065,0.627712,2192,614,1206
1289,CHEMBL2181927,FINERENONE,CCOc1ncc(C)c2c1[C@H](c1ccc(C#N)cc1OC)C(C(N)=O)=C(C)N2,0.08158044517154096,0.0044024135,0.79043555,0.15602742,1821,243,2114
1290,CHEMBL499,TIMOLOL,CC(C)(C)NC[C@H](O)COc1nsnc1N1CCOCC1,0.08148158087993052,0.01221098,0.04483237,0.98818016,1458,2220,236
1291,CHEMBL1909288,TRIACETYLDIPHENOLISATIN,CC(=O)Oc1ccc(C2(c3ccc(OC(C)=O)cc3)C(=O)N(C(C)=O)c3ccccc32)cc1,0.08146241103415736,0.0020673326,0.57138956,0.45764545,2118,536,1468
1292,CHEMBL494,ILOPROST,CC#CCC(C)[C@H](O)/C=C/[C@@H]1[C@H]2C/C(=C/CCCC(=O)O)C[C@H]2C[C@H]1O,0.08132569944571559,0.0040162206,0.15019184,0.89170164,1864,1589,703
1293,CHEMBL1596,CARBENICILLIN INDANYL,CC1(C)S[C@@H]2[C@H](NC(=O)C(C(=O)Oc3ccc4c(c3)CCC4)c3ccccc3)C(=O)N2[C@H]1C(=O)O,0.08131040959127997,0.014419587,0.23202665,0.16067478,1396,1260,2097
1294,CHEMBL3544986,PERINDOPRIL ARGININE,CCC[C@H](N[C@@H](C)C(=O)N1[C@H](C(=O)O)C[C@@H]2CCCC[C@@H]21)C(=O)OCC.N=C(N)NCCC[C@H](N)C(=O)O,0.08129223339258,0.0016900918,0.3351399,0.94844174,2190,973,511
1295,CHEMBL1008,BEPRIDIL,CC(C)COCC(CN(Cc1ccccc1)c1ccccc1)N1CCCC1,0.08128573156194466,0.013113487,0.041455872,0.98795855,1435,2267,241
1296,CHEMBL1201222,LISDEXAMFETAMINE,C[C@@H](Cc1ccccc1)NC(=O)[C@@H](N)CCCCN,0.08128485590732117,0.0026899278,0.20871545,0.9566074,2034,1348,484
1297,CHEMBL1065,METHYSERGIDE,CC[C@@H](CO)NC(=O)[C@@H]1C=C2c3cccc4c3c(cn4C)C[C@H]2N(C)C1,0.08123662191652892,0.012188838,0.044419654,0.990189,1460,2226,214
1298,CHEMBL6437,MIANSERIN,CN1CCN2c3ccccc3Cc3ccccc3C2C1,0.08121307892413514,0.012313452,0.04631106,0.9393193,1455,2209,545
1299,CHEMBL1000,CETIRIZINE,O=C(O)COCCN1CCN(C(c2ccccc2)c2ccc(Cl)cc2)CC1,0.08116487263404883,0.006693234,0.531342,0.15034679,1672,594,2132
1300,CHEMBL1201264,METHANTHELINE,CC[N+](C)(CC)CCOC(=O)C1c2ccccc2Oc2ccccc21,0.08115074344656112,0.011071889,0.060753655,0.79448086,1491,2083,926
1301,CHEMBL3989944,DIROXIMEL FUMARATE,COC(=O)/C=C/C(=O)OCCN1C(=O)CCC1=O,0.08102100951431991,0.02098114,0.48939168,0.051797308,1270,651,2562
1302,CHEMBL3317857,VABORBACTAM,O=C(O)C[C@@H]1CC[C@H](NC(=O)Cc2cccs2)B(O)O1,0.08101810559029561,0.007616026,0.3097208,0.22544853,1626,1038,1913
1303,CHEMBL538943,VINORELBINE TARTRATE,CCC1=C[C@@H]2CN(C1)Cc1c([nH]c3ccccc13)[C@@](C(=O)OC)(c1cc3c(cc1OC)N(C)[C@H]1[C@@](O)(C(=O)OC)[C@H](OC(C)=O)[C@]4(CC)C=CCN5CC[C@]31[C@@H]54)C2.O=C(O)C(O)C(O)C(=O)O.O=C(O)C(O)C(O)C(=O)O,0.08065268523403972,0.0008557816,0.96080625,0.6380543,2424,77,1186
1304,CHEMBL44884,ETHAMBUTOL,CC[C@@H](CO)NCCN[C@@H](CC)CO,0.08059234417181559,0.026034579,0.025253855,0.79616517,1194,2482,923
1305,CHEMBL218291,FORODESINE,O=c1[nH]cnc2c([C@@H]3N[C@H](CO)[C@@H](O)[C@H]3O)c[nH]c12,0.08057149690436764,0.02543535,0.02845056,0.7227961,1201,2440,1065
1306,CHEMBL54,HALOPERIDOL,O=C(CCCN1CCC(O)(c2ccc(Cl)cc2)CC1)c1ccc(F)cc1,0.08045229187595546,0.004490422,0.29258075,0.3963531,1814,1076,1574
1307,CHEMBL734,ACETOHYDROXAMIC ACID,CC(=O)NO,0.08039240212110936,0.0013904413,0.50678396,0.73734283,2263,629,1042
1308,CHEMBL1951095,ERAVACYCLINE,CN(C)[C@@H]1C(O)=C(C(N)=O)C(=O)[C@@]2(O)C(O)=C3C(=O)c4c(O)c(NC(=O)CN5CCCC5)cc(F)c4C[C@H]3C[C@@H]12,0.08039083213605425,0.0015916685,0.33630082,0.9705974,2218,968,408
1309,CHEMBL178803,BLONANSERIN,CCN1CCN(c2cc(-c3ccc(F)cc3)c3c(n2)CCCCCC3)CC1,0.08034183682942293,0.037195586,0.01401792,0.9946043,1086,2702,137
1310,CHEMBL1200569,CAFFEINE CITRATE,Cn1c(=O)c2c(ncn2C)n(C)c1=O.O=C(O)CC(O)(CC(=O)O)C(=O)O,0.08000319339265581,0.10420447,0.17842948,0.02754032,674,1464,2689
1311,CHEMBL1138,EZETIMIBE,O=C1[C@H](CC[C@H](O)c2ccc(F)cc2)[C@@H](c2ccc(O)cc2)N1c1ccc(F)cc1,0.07983613459126493,0.0031075857,0.5097358,0.32124045,1971,623,1711
1312,CHEMBL1073,GLIPIZIDE,Cc1cnc(C(=O)NCCc2ccc(S(=O)(=O)NC(=O)NC3CCCCC3)cc2)cn1,0.07979345418405165,0.0011497725,0.64169204,0.6885941,2322,431,1105
1313,CHEMBL621,TRAZODONE,O=c1n(CCCN2CCN(c3cccc(Cl)c3)CC2)nc2ccccn12,0.07970039829867523,0.013673031,0.080901176,0.4576798,1416,1939,1467
1314,CHEMBL1628504,RILPIVIRINE HYDROCHLORIDE,Cc1cc(/C=C/C#N)cc(C)c1Nc1ccnc(Nc2ccc(C#N)cc2)n1.Cl,0.07968710271929201,0.07274544,0.43298697,0.016065106,837,743,2768
1315,CHEMBL846,CALCITRIOL,C=C1/C(=C\C=C2/CCC[C@]3(C)[C@@H]([C@H](C)CCCC(C)(C)O)CC[C@@H]23)C[C@@H](O)C[C@@H]1O,0.07968194627187764,0.011302612,0.06638489,0.67426664,1483,2048,1134
1316,CHEMBL3182320,TROXERUTIN,C[C@@H]1O[C@@H](OC[C@H]2O[C@@H](Oc3c(-c4ccc(OCCO)c(OCCO)c4)oc4cc(OCCO)cc(O)c4c3=O)[C@H](O)[C@@H](O)[C@@H]2O)[C@H](O)[C@H](O)[C@H]1O,0.07958896903612347,0.024872178,0.07668301,0.26432955,1210,1971,1829
1317,CHEMBL1664,FOSAMPRENAVIR,CC(C)CN(C[C@@H](OP(=O)(O)O)[C@H](Cc1ccccc1)NC(=O)O[C@H]1CCOC1)S(=O)(=O)c1ccc(N)cc1,0.07956564841496479,0.0073026186,0.19895446,0.34669256,1641,1386,1654
1318,CHEMBL1200379,APRACLONIDINE HYDROCHLORIDE,Cl.Nc1cc(Cl)c(N=C2NCCN2)c(Cl)c1,0.07936050693566352,0.17319351,0.043325275,0.066610135,514,2247,2484
1319,CHEMBL253376,BROMHEXINE,CN(Cc1cc(Br)cc(Br)c1N)C1CCCCC1,0.07931270476879847,0.3530726,0.015237743,0.09273501,336,2671,2365
1320,CHEMBL2105566,FENPROPOREX,CC(Cc1ccccc1)NCCC#N,0.07930365781841048,0.006811072,0.09903905,0.7393631,1660,1821,1037
1321,CHEMBL354077,AMIFAMPRIDINE,Nc1ccncc1N,0.07909459042771101,0.045683008,0.67403466,0.016069539,1012,390,2767
1322,CHEMBL730,NITROGLYCERIN,O=[N+]([O-])OCC(CO[N+](=O)[O-])O[N+](=O)[O-],0.07889534782538438,0.0117604565,0.4169876,0.100139864,1468,776,2333
1323,CHEMBL3301594,FOSTEMSAVIR,COc1cnc(-n2cnc(C)n2)c2c1c(C(=O)C(=O)N1CCN(C(=O)c3ccccc3)CC1)cn2COP(=O)(O)O,0.0788557984985238,0.07757399,0.12772106,0.049490545,808,1681,2575
1324,CHEMBL1200729,CHLORAMPHENICOL SODIUM SUCCINATE,O=C([O-])CCC(=O)OC[C@@H](NC(=O)C(Cl)Cl)[C@H](O)c1ccc([N+](=O)[O-])cc1.[Na+],0.0788401986046555,0.012588866,0.13809815,0.2818828,1451,1639,1793
1325,CHEMBL1201328,CARPHENAZINE,CCC(=O)c1ccc2c(c1)N(CCCN1CCN(CCO)CC1)c1ccccc1S2,0.07868305622222098,0.0067740423,0.07457924,0.964224,1664,1987,452
1326,CHEMBL1046,AMINOCAPROIC ACID,NCCCCCC(=O)O,0.07866844734586635,0.002396081,0.24046947,0.8449681,2067,1229,828
1327,CHEMBL1237105,CARBOPROST TROMETHAMINE,CCCCC[C@](C)(O)/C=C/[C@@H]1[C@@H](C/C=C\CCCC(=O)O)[C@@H](O)C[C@H]1O.NC(CO)(CO)CO,0.07866401753325158,0.0047754785,0.13515729,0.7541748,1786,1644,1012
1328,CHEMBL2028661,AZILSARTAN MEDOXOMIL,CCOc1nc2cccc(C(=O)OCc3oc(=O)oc3C)c2n1Cc1ccc(-c2ccccc2-c2noc(=O)[nH]2)cc1,0.07865732542185752,0.07849324,0.08912682,0.06956277,803,1879,2463
1329,CHEMBL1201731,NEBIVOLOL HYDROCHLORIDE,Cl.OC(CNCC(O)C1CCc2cc(F)ccc2O1)C1CCc2cc(F)ccc2O1,0.0785999688526541,0.037282415,0.014351727,0.90752566,1085,2694,663
1330,CHEMBL419213,LISINOPRIL,NCCCC[C@H](N[C@@H](CCc1ccccc1)C(=O)O)C(=O)N1CCC[C@H]1C(=O)O.O.O,0.07854563862501748,0.0019970813,0.28876764,0.84027576,2137,1088,835
1331,CHEMBL918,PHENACEMIDE,NC(=O)NC(=O)Cc1ccccc1,0.07833213433514156,0.00075876043,0.94603324,0.6695898,2464,90,1138
1332,CHEMBL9,NORFLOXACIN,CCn1cc(C(=O)O)c(=O)c2cc(F)c(N3CCNCC3)cc21,0.07832305568135164,0.024004968,0.06869564,0.29136583,1220,2033,1771
1333,CHEMBL2364617,MACIMORELIN ACETATE,CC(=O)O.CC(C)(N)C(=O)N[C@H](Cc1c[nH]c2ccccc12)C(=O)N[C@H](Cc1c[nH]c2ccccc12)NC=O,0.07827300639839622,0.00089893834,0.5566622,0.9583284,2408,556,476
1334,CHEMBL3187246,METHAPYRILENE FUMARATE,CN(C)CCN(Cc1cccs1)c1ccccn1.CN(C)CCN(Cc1cccs1)c1ccccn1.O=C(O)/C=C/C(=O)O.O=C(O)/C=C/C(=O)O.O=C(O)/C=C/C(=O)O,0.07822147148359067,0.068017356,0.10599549,0.06638513,864,1786,2486
1335,CHEMBL70972,SERATRODAST,CC1=C(C)C(=O)C(C(CCCCCC(=O)O)c2ccccc2)=C(C)C1=O,0.07809513499462627,0.0033972273,0.18899477,0.7418185,1931,1428,1032
1336,CHEMBL1874750,CINEPAZIDE,COc1cc(/C=C/C(=O)N2CCN(CC(=O)N3CCCC3)CC2)cc(OC)c1OC,0.07806498060459623,0.01914442,0.39084592,0.063580066,1306,829,2500
1337,CHEMBL1237044,TRAMADOL,COc1cccc(C2(O)CCCCC2CN(C)C)c1,0.07805276385282191,0.002038203,0.25076914,0.9303436,2125,1202,579
1338,CHEMBL70418,CLOBAZAM,CN1C(=O)CC(=O)N(c2ccccc2)c2cc(Cl)ccc21,0.07798132200865367,0.0283604,0.45788646,0.03651755,1167,706,2637
1339,CHEMBL1201256,TRIMETHOBENZAMIDE,COc1cc(C(=O)NCc2ccc(OCCN(C)C)cc2)cc(OC)c1OC,0.07793186696242822,0.0058082896,0.24320456,0.335062,1713,1218,1680
1340,CHEMBL27,PROPRANOLOL,CC(C)NCC(O)COc1cccc2ccccc12,0.07782755071693502,0.010884048,0.04347,0.9963683,1498,2243,103
1341,CHEMBL2105629,VINFLUNINE DITARTRATE,CC[C@]12C=CCN3CC[C@@]4(c5cc([C@@]6(C(=O)OC)C[C@@H]7C[C@@H](C(C)(F)F)CN(Cc8c6[nH]c6ccccc86)C7)c(OC)cc5N(C)[C@H]4[C@@](O)(C(=O)OC)[C@@H]1OC(C)=O)[C@@H]32.O=C(O)C(O)C(O)C(=O)O.O=C(O)C(O)C(O)C(=O)O,0.07780112261124936,0.00074239285,0.9491212,0.66834736,2470,88,1140
1342,CHEMBL1449676,ORNIDAZOLE,Cc1ncc([N+](=O)[O-])n1CC(O)CCl,0.0777898654903937,0.008232021,0.060203146,0.9498245,1600,2085,507
1343,CHEMBL1223,PENICILLIN G POTASSIUM,CC1(C)S[C@@H]2[C@H](NC(=O)Cc3ccccc3)C(=O)N2[C@H]1C(=O)[O-].[K+],0.07757066433024695,0.0042512105,0.26531133,0.41383216,1837,1160,1543
1344,CHEMBL550495,METHYLENE BLUE,CN(C)c1ccc2nc3ccc(=[N+](C)C)cc-3sc2c1.O.O.O.[Cl-],0.07756395889964736,0.1202237,0.4142944,0.009368729,607,783,2853
1345,CHEMBL1104,EDROPHONIUM,CC[N+](C)(C)c1cccc(O)c1,0.07755690734151607,0.106791705,0.42498353,0.010279022,666,756,2833
1346,CHEMBL2364638,UBROGEPANT,C[C@@H]1[C@H](c2ccccc2)C[C@H](NC(=O)c2cnc3c(c2)C[C@@]2(C3)C(=O)Nc3ncccc32)C(=O)N1CC(F)(F)F,0.0775137620573891,0.024767619,0.01904623,0.98728627,1213,2587,251
1347,CHEMBL4802223,LEUPROLIDE MESYLATE,CCNC(=O)[C@@H]1CCCN1C(=O)[C@H](CCCNC(=N)N)NC(=O)[C@H](CC(C)C)NC(=O)[C@@H](CC(C)C)NC(=O)[C@H](Cc1ccc(O)cc1)NC(=O)[C@H](CO)NC(=O)[C@H](Cc1c[nH]c2ccccc12)NC(=O)[C@H](Cc1cnc[nH]1)NC(=O)[C@@H]1CCC(=O)N1.CS(=O)(=O)O,0.07742657447320231,0.0009241997,0.6129683,0.8193439,2401,471,879
1348,CHEMBL6966,VERAPAMIL,COc1ccc(CCN(C)CCCC(C#N)(c2ccc(OC)c(OC)c2)C(C)C)cc1OC,0.07726636132459173,0.010235598,0.08635515,0.5218791,1517,1899,1360
1349,CHEMBL3140361,ETHAMBUTOL HYDROCHLORIDE,CC[C@@H](CO)NCCN[C@@H](CC)CO.Cl.Cl,0.0772528117907319,0.042544574,0.022701701,0.47735375,1043,2527,1436
1350,CHEMBL14370,REBOXETINE,CCOc1ccccc1OC(c1ccccc1)C1CNCCO1,0.07720107925858943,0.015438151,0.037888743,0.7866196,1374,2318,943
1351,CHEMBL1228,OXYPHENBUTAZONE ANHYDROUS,CCCCC1C(=O)N(c2ccccc2)N(c2ccc(O)cc2)C1=O,0.07713024341390672,0.0033651826,0.5760865,0.23668882,1935,524,1883
1352,CHEMBL1726,NISOLDIPINE,COC(=O)C1=C(C)NC(C)=C(C(=O)OCC(C)C)C1c1ccccc1[N+](=O)[O-],0.07713012541609744,0.0053707846,0.2380959,0.35882485,1749,1238,1634
1353,CHEMBL1200963,BIMATOPROST,CCNC(=O)CCC/C=C\C[C@@H]1[C@@H](/C=C/[C@@H](O)CCc2ccccc2)[C@H](O)C[C@@H]1O,0.07693331920749341,0.016611021,0.0426334,0.6429793,1353,2253,1177
1354,CHEMBL1280,VERAPAMIL HYDROCHLORIDE,COc1ccc(CCN(C)CCCC(C#N)(c2ccc(OC)c(OC)c2)C(C)C)cc1OC.Cl,0.07679973957516649,0.011157485,0.082943104,0.48947734,1486,1923,1409
1355,CHEMBL360328,LORCASERIN,C[C@H]1CNCCc2ccc(Cl)cc21,0.07679194962192946,0.061320048,0.011699349,0.63122314,901,2748,1197
1356,CHEMBL2095211,LORCASERIN HYDROCHLORIDE,C[C@H]1CNCCc2ccc(Cl)cc21.Cl,0.07664495549237836,0.05350243,0.013566616,0.62030554,953,2714,1216
1357,CHEMBL1367605,RITODRINE HYDROCHLORIDE,CC(NCCc1ccc(O)cc1)C(O)c1ccc(O)cc1.Cl,0.07651566030500948,0.010069399,0.24702118,0.1800998,1526,1210,2038
1358,CHEMBL314437,MEPTAZINOL,CCC1(c2cccc(O)c2)CCCCN(C)C1,0.07649582768023325,0.0017947851,0.2661743,0.93698925,2166,1155,557
1359,CHEMBL175691,RILPIVIRINE,Cc1cc(/C=C/C#N)cc(C)c1Nc1ccnc(Nc2ccc(C#N)cc2)n1,0.07626395426635134,0.06860193,0.42061123,0.015372369,861,765,2770
1360,CHEMBL443052,TAVABOROLE,OB1OCc2cc(F)ccc21,0.07625229888200827,0.06913149,0.006587774,0.97351825,858,2893,388
1361,CHEMBL114,SAQUINAVIR,CC(C)(C)NC(=O)[C@@H]1C[C@@H]2CCCC[C@@H]2CN1C[C@@H](O)[C@H](Cc1ccccc1)NC(=O)[C@H](CC(N)=O)NC(=O)c1ccc2ccccc2n1,0.0760596103395562,0.0045399657,0.098008044,0.9888902,1810,1826,227
1362,CHEMBL22097,LORMETAZEPAM,CN1C(=O)C(O)N=C(c2ccccc2Cl)c2cc(Cl)ccc21,0.07601249932921042,0.023502091,0.20403564,0.091588825,1227,1364,2370
1363,CHEMBL3833319,REVEFENACIN,CN(CCN1CCC(OC(=O)Nc2ccccc2-c2ccccc2)CC1)C(=O)c1ccc(CN2CCC(C(N)=O)CC2)cc1,0.07600954990202187,0.0019088727,0.4845741,0.47475255,2147,658,1439
1364,CHEMBL1511,ESTRADIOL VALERATE,CCCCC(=O)O[C@H]1CC[C@H]2[C@@H]3CCc4cc(O)ccc4[C@H]3CC[C@]12C,0.07591594652913992,0.0022846349,0.19246744,0.9950045,2082,1415,130
1365,CHEMBL1550,PHYTONADIONE,CC1=C(C/C=C(\C)CCC[C@H](C)CCC[C@H](C)CCCC(C)C)C(=O)c2ccccc2C1=O,0.07577152878993432,0.019230561,0.047787495,0.47338223,1303,2199,1441
1366,CHEMBL1134,DECAMETHONIUM BROMIDE,C[N+](C)(C)CCCCCCCCCC[N+](C)(C)C.[Br-].[Br-],0.07545334247783271,0.04931106,0.017546607,0.49647573,986,2630,1397
1367,CHEMBL2105689,LULICONAZOLE,N#C/C(=C1/SC[C@@H](c2ccc(Cl)cc2Cl)S1)n1ccnc1,0.07538693956741384,0.113431744,0.08553583,0.044157617,633,1905,2599
1368,CHEMBL1200887,TRIMETHOBENZAMIDE HYDROCHLORIDE,COc1cc(C(=O)NCc2ccc(OCCN(C)C)cc2)cc(OC)c1OC.Cl,0.07533133464251991,0.0063568354,0.22736108,0.29578075,1686,1275,1759
1369,CHEMBL2107381,URIDINE TRIACETATE,CC(=O)OC[C@H]1O[C@@H](n2ccc(=O)[nH]c2=O)[C@H](OC(C)=O)[C@@H]1OC(C)=O,0.07532242980895039,0.0049341233,0.31540275,0.27459806,1776,1020,1808
1370,CHEMBL4298149,ARIMOCLOMOL CITRATE,O=C(O)CC(O)(CC(=O)O)C(=O)O.[O-][n+]1cccc(/C(Cl)=N/OC[C@H](O)CN2CCCCC2)c1,0.07526116915636233,0.00986467,0.30387235,0.14221291,1537,1050,2167
1371,CHEMBL1201255,HISTRELIN,CCNC(=O)[C@@H]1CCCN1C(=O)[C@H](CCCNC(=N)N)NC(=O)[C@H](CC(C)C)NC(=O)[C@@H](Cc1cn(Cc2ccccc2)cn1)NC(=O)[C@H](Cc1ccc(O)cc1)NC(=O)[C@H](CO)NC(=O)[C@H](Cc1c[nH]c2ccccc12)NC(=O)[C@H](Cc1cnc[nH]1)NC(=O)[C@@H]1CCC(=O)N1,0.07520694575932246,0.0022230041,0.24462706,0.78222036,2094,1214,954
1372,CHEMBL1491,AMLODIPINE,CCOC(=O)C1=C(COCCN)NC(C)=C(C(=O)OC)C1c1ccccc1Cl,0.07520079352816395,0.0037666229,0.25701126,0.4393017,1886,1181,1497
1373,CHEMBL1085,ACETOPHENAZINE,CC(=O)c1ccc2c(c1)N(CCCN1CCN(CCO)CC1)c1ccccc1S2,0.07517976109826414,0.008324434,0.052427977,0.9736101,1598,2157,387
1374,CHEMBL74,CROMOLYN SODIUM,O=C([O-])c1cc(=O)c2c(OCC(O)COc3cccc4oc(C(=O)[O-])cc(=O)c34)cccc2o1.[Na+].[Na+],0.07511686419731327,0.029882483,0.06402483,0.2215375,1153,2057,1925
1375,CHEMBL1200522,AVOBENZONE,COc1ccc(C(=O)CC(=O)c2ccc(C(C)(C)C)cc2)cc1,0.07511622469035147,0.0032191179,0.64564043,0.2039265,1953,423,1971
1376,CHEMBL1201765,FESOTERODINE FUMARATE,CC(C)C(=O)Oc1ccc(CO)cc1[C@H](CCN(C(C)C)C(C)C)c1ccccc1.O=C(O)/C=C/C(=O)O,0.07510018357766489,0.04314815,0.10896417,0.0900901,1034,1773,2381
1377,CHEMBL1697737,CLOTIAZEPAM,CCc1cc2c(s1)N(C)C(=O)CN=C2c1ccccc1Cl,0.07483968190791697,0.015313845,0.0855131,0.32009503,1377,1906,1715
1378,CHEMBL4458276,ENMETAZOBACTAM,Cn1cc[n+](C[C@@]2(C)[C@H](C(=O)[O-])N3C(=O)C[C@H]3S2(=O)=O)n1,0.07483447522881576,0.0022792176,0.2219169,0.8285694,2086,1294,858
1379,CHEMBL1201057,CILASTATIN SODIUM,CC1(C)C[C@@H]1C(=O)N/C(=C\CCCCSC[C@H](N)C(=O)O)C(=O)[O-].[Na+],0.07462423300300697,0.003035543,0.26845962,0.5099462,1981,1149,1376
1380,CHEMBL1648,ISRADIPINE,COC(=O)C1=C(C)NC(C)=C(C(=O)OC(C)C)C1c1cccc2nonc12,0.0743007354576876,0.0029469568,0.29953122,0.46469006,1993,1057,1460
1381,CHEMBL122,ROFECOXIB,CS(=O)(=O)c1ccc(C2=C(c3ccccc3)C(=O)OC2)cc1,0.07418677143605891,0.05619521,0.057743378,0.12582816,934,2114,2240
1382,CHEMBL29,PENICILLIN G,CC1(C)S[C@@H]2[C@H](NC(=O)Cc3ccccc3)C(=O)N2[C@H]1C(=O)O,0.07413938259159493,0.0044348137,0.23843807,0.385386,1819,1235,1594
1383,CHEMBL115,INDINAVIR ANHYDROUS,CC(C)(C)NC(=O)[C@@H]1CN(Cc2cccnc2)CCN1C[C@@H](O)C[C@@H](Cc1ccccc1)C(=O)N[C@H]1c2ccccc2C[C@H]1O,0.07393305728067054,0.023663674,0.019244876,0.88739866,1224,2585,710
1384,CHEMBL61006,PHENYLPROPANOLAMINE,CC(N)C(O)c1ccccc1,0.07378275800000052,0.06269866,0.17161375,0.03732968,890,1495,2632
1385,CHEMBL4071161,TIRABRUTINIB,CC#CC(=O)N1CC[C@@H](n2c(=O)n(-c3ccc(Oc4ccccc4)cc3)c3c(N)ncnc32)C1,0.07375797618965507,0.018802948,0.34922704,0.061107308,1313,929,2513
1386,CHEMBL1200636,CYCLOBENZAPRINE HYDROCHLORIDE,CN(C)CCC=C1c2ccccc2C=Cc2ccccc21.Cl,0.07351997213989003,0.18147157,0.06168207,0.035501644,509,2078,2643
1387,CHEMBL1200971,CEPHALOGLYCIN,CC(=O)OCC1=C(C(=O)O)N2C(=O)[C@@H](NC(=O)[C@H](N)c3ccccc3)[C@H]2SC1,0.07330402148843132,0.0040518646,0.62457514,0.15564811,1859,461,2115
1388,CHEMBL315838,ENCAINIDE,COc1ccc(C(=O)Nc2ccccc2CCC2CCCCN2C)cc1,0.0732909993371124,0.0016722215,0.46657756,0.50458497,2195,693,1383
1389,CHEMBL1200570,MEGLUMINE,CNC[C@H](O)[C@@H](O)[C@H](O)[C@H](O)CO,0.07302077285875916,0.0020118877,0.20068319,0.96432763,2133,1380,451
1390,CHEMBL1126,PENICILLIN G SODIUM,CC1(C)S[C@@H]2[C@H](NC(=O)Cc3ccccc3)C(=O)N2[C@H]1C(=O)[O-].[Na+],0.07288416434396762,0.004457501,0.23939386,0.36282325,1815,1232,1631
1391,CHEMBL530,AMDINOCILLIN,CC1(C)S[C@@H]2[C@H](/N=C/N3CCCCCC3)C(=O)N2[C@H]1C(=O)O,0.07286996876749348,0.0068478007,0.22495435,0.25118873,1656,1286,1851
1392,CHEMBL1571863,ISOCONAZOLE,Clc1ccc(C(Cn2ccnc2)OCc2c(Cl)cccc2Cl)c(Cl)c1,0.07265391365941805,0.3544723,0.010830989,0.099891044,334,2766,2335
1393,CHEMBL1201749,DIFLUPREDNATE,CCCC(=O)O[C@]1(C(=O)COC(C)=O)CC[C@H]2[C@@H]3C[C@H](F)C4=CC(=O)C=C[C@]4(C)[C@@]3(F)[C@@H](O)C[C@@]21C,0.07265081154625096,0.0008025095,0.4974484,0.9605573,2446,640,470
1394,CHEMBL1200761,CHLOROTRIANISENE,COc1ccc(C(Cl)=C(c2ccc(OC)cc2)c2ccc(OC)cc2)cc1,0.07264632700077917,0.040529795,0.32872713,0.028776037,1053,993,2681
1395,CHEMBL689,MANNITOL,OC[C@@H](O)[C@@H](O)[C@H](O)[C@H](O)CO,0.07254754457958716,0.0020309398,0.21235645,0.88533074,2127,1335,714
1396,CHEMBL65375,TIPIRACIL HYDROCHLORIDE,Cl.N=C1CCCN1Cc1[nH]c(=O)[nH]c(=O)c1Cl,0.07240818392273583,0.11034393,0.013880595,0.24786001,649,2705,1861
1397,CHEMBL1200527,ATRACURIUM BESYLATE,COc1ccc(CC2c3cc(OC)c(OC)cc3CC[N+]2(C)CCC(=O)OCCCCCOC(=O)CC[N+]2(C)CCc3cc(OC)c(OC)cc3C2Cc2ccc(OC)c(OC)c2)cc1OC.O=S(=O)([O-])c1ccccc1.O=S(=O)([O-])c1ccccc1,0.07234222516286883,0.010106722,0.037789013,0.9912875,1524,2321,199
1398,CHEMBL723,CARVEDILOL,COc1ccccc1OCCNCC(O)COc1cccc2[nH]c3ccccc3c12,0.07233702262144247,0.017226318,0.023950595,0.91743046,1338,2501,627
1399,CHEMBL611,TERAZOSIN,COc1cc2nc(N3CCN(C(=O)C4CCCO4)CC3)nc(N)c2cc1OC,0.07232945360479741,0.022414932,0.24121013,0.06998624,1252,1224,2459
1400,CHEMBL1201063,PROPAFENONE HYDROCHLORIDE,CCCNCC(O)COc1ccccc1C(=O)CCc1ccccc1.Cl,0.07209291080115812,0.0033247846,0.114774935,0.9818995,1937,1752,304
1401,CHEMBL1742424,CELIPROLOL HYDROCHLORIDE,CCN(CC)C(=O)Nc1ccc(OCC(O)CNC(C)(C)C)c(C(C)=O)c1.Cl,0.0720698091006146,0.0024684255,0.18633357,0.81385857,2060,1439,892
1402,CHEMBL232201,BENZIODARONE,CCc1oc2ccccc2c1C(=O)c1cc(I)c(O)c(I)c1,0.07197852186572049,0.10027773,0.010256358,0.362586,689,2786,1632
1403,CHEMBL110,BENZNIDAZOLE,O=C(Cn1ccnc1[N+](=O)[O-])NCc1ccccc1,0.07195592721368692,0.09360406,0.14188258,0.028052783,716,1621,2688
1404,CHEMBL1715,PIOGLITAZONE HYDROCHLORIDE,CCc1ccc(CCOc2ccc(CC3SC(=O)NC3=O)cc2)nc1.Cl,0.07171175604538428,0.004225925,0.5748011,0.15182093,1840,528,2128
1405,CHEMBL1670,MITOTANE,Clc1ccc(C(c2ccccc2Cl)C(Cl)Cl)cc1,0.07151043641821964,0.33031306,0.059716936,0.018538944,357,2091,2739
1406,CHEMBL1717,TICLOPIDINE HYDROCHLORIDE,Cl.Clc1ccccc1CN1CCc2sccc2C1,0.07125366351111263,0.45415893,0.0007967174,0.9997917,256,3184,21
1407,CHEMBL1237,LISINOPRIL ANHYDROUS,NCCCC[C@H](N[C@@H](CCc1ccccc1)C(=O)O)C(=O)N1CCC[C@H]1C(=O)O,0.0712302829019421,0.001440807,0.29612347,0.8470624,2250,1066,822
1408,CHEMBL1185,ZOLMITRIPTAN,CN(C)CCc1c[nH]c2ccc(C[C@H]3COC(=O)N3)cc12,0.07084112948426949,0.0074973595,0.06625188,0.7157309,1629,2049,1074
1409,CHEMBL1200335,TESTOSTERONE ENANTHATE,CCCCCCC(=O)O[C@H]1CC[C@H]2[C@@H]3CCC4=CC(=O)CC[C@]4(C)[C@H]3CC[C@]12C,0.07068886026032654,0.0022051572,0.16242774,0.9861734,2100,1529,262
1410,CHEMBL1213492,GIVINOSTAT,CCN(CC)Cc1ccc2cc(COC(=O)Nc3ccc(C(=O)NO)cc3)ccc2c1,0.07064383678419399,0.00036091538,0.9808865,0.9958609,2679,37,112
1411,CHEMBL501849,SIMEPREVIR,COc1ccc2c(O[C@@H]3C[C@H]4C(=O)N[C@]5(C(=O)NS(=O)(=O)C6CC6)C[C@H]5/C=C\CCCCN(C)C(=O)[C@@H]4C3)cc(-c3nc(C(C)C)cs3)nc2c1C,0.07054150715381347,0.0055597606,0.16538651,0.3817491,1736,1522,1603
1412,CHEMBL3137358,SIMEPREVIR SODIUM,COc1ccc2c(O[C@@H]3C[C@H]4C(=O)N[C@]5(C(=O)[N-]S(=O)(=O)C6CC6)C[C@H]5/C=C\CCCCN(C)C(=O)[C@@H]4C3)cc(-c3nc(C(C)C)cs3)nc2c1C.[Na+],0.07036692704564376,0.004353934,0.20595947,0.38854575,1823,1359,1586
1413,CHEMBL4594217,CANAGLIFLOZIN,Cc1ccc([C@@H]2O[C@H](CO)[C@@H](O)[C@H](O)[C@H]2O)cc1Cc1ccc(-c2ccc(F)cc2)s1.O,0.07029810600957113,0.025946328,0.038590856,0.34695292,1197,2305,1653
1414,CHEMBL996,CEFOXITIN,CO[C@@]1(NC(=O)Cc2cccs2)C(=O)N2C(C(=O)O)=C(COC(N)=O)CS[C@@H]21,0.07006343571722709,0.0016360024,0.67118895,0.3132172,2210,395,1730
1415,CHEMBL1201190,LEVOCETIRIZINE DIHYDROCHLORIDE,Cl.Cl.O=C(O)COCCN1CCN([C@H](c2ccccc2)c2ccc(Cl)cc2)CC1,0.0700247533835463,0.009423048,0.40163207,0.09072665,1553,811,2377
1416,CHEMBL2103735,CETRORELIX ACETATE,CC(=O)N[C@H](Cc1ccc2ccccc2c1)C(=O)N[C@H](Cc1ccc(Cl)cc1)C(=O)N[C@H](Cc1cccnc1)C(=O)N[C@@H](CO)C(=O)N[C@@H](Cc1ccc(O)cc1)C(=O)N[C@H](CCCNC(N)=O)C(=O)N[C@@H](CC(C)C)C(=O)N[C@@H](CCCNC(=N)N)C(=O)N1CCC[C@H]1C(=O)N[C@H](C)C(N)=O.CC(=O)O,0.06999754739790957,0.00040876048,0.8416038,0.9969464,2651,190,92
1417,CHEMBL5314600,TIRABRUTINIB HYDROCHLORIDE,CC#CC(=O)N1CC[C@@H](n2c(=O)n(-c3ccc(Oc4ccccc4)cc3)c3c(N)ncnc32)C1.Cl,0.06999512705987554,0.018046042,0.34145483,0.055652935,1325,948,2545
1418,CHEMBL276832,HYDRALAZINE,NNc1nncc2ccccc12,0.06994675930211376,0.07266681,0.113129795,0.041628394,838,1759,2610
1419,CHEMBL2308885,CLOBETASONE BUTYRATE,CCCC(=O)O[C@]1(C(=O)CCl)[C@H](C)C[C@@H]2[C@@H]3CCC4=CC(=O)C=C[C@]4(C)[C@]3(F)C(=O)C[C@@]21C,0.06992662797618444,0.0011044671,0.40297198,0.7682458,2335,808,988
1420,CHEMBL1324,TOLCAPONE,Cc1ccc(C(=O)c2cc(O)c(O)c([N+](=O)[O-])c2)cc1,0.06979099005493929,0.08552397,0.15347852,0.025897782,760,1575,2695
1421,CHEMBL503565,VINBARBITAL,CC/C=C(\C)C1(CC)C(=O)NC(=O)NC1=O,0.06975259811139753,0.004092205,0.40039316,0.20712724,1855,814,1964
1422,CHEMBL962,EPOPROSTENOL SODIUM,CCCCC[C@H](O)/C=C/[C@@H]1[C@H]2C/C(=C/CCCC(=O)[O-])O[C@H]2C[C@H]1O.[Na+],0.06973659326934092,0.0035617,0.15044662,0.6329107,1911,1588,1196
1423,CHEMBL815,DINOPROST,CCCCC[C@H](O)/C=C/[C@@H]1[C@@H](C/C=C\CCCC(=O)O)[C@@H](O)C[C@H]1O,0.0693107233017903,0.005270973,0.09883812,0.6391252,1752,1822,1184
1424,CHEMBL476,DACARBAZINE,CN(C)/N=N/c1[nH]cnc1C(N)=O,0.06927676524789932,0.050064843,0.39678943,0.016736697,981,821,2758
1425,CHEMBL3137310,BENZHYDROCODONE HYDROCHLORIDE,COc1ccc2c3c1O[C@H]1C(OC(=O)c4ccccc4)=CC[C@@H]4[C@@H](C2)N(C)CC[C@@]341.Cl,0.06912367085612797,0.0038889148,0.93677664,0.09066002,1875,101,2379
1426,CHEMBL163,RITONAVIR,CC(C)c1nc(CN(C)C(=O)N[C@H](C(=O)N[C@@H](Cc2ccccc2)C[C@H](O)[C@H](Cc2ccccc2)NC(=O)OCc2cncs2)C(C)C)cs1,0.06907595718306817,0.003260949,0.10487145,0.96378344,1946,1792,456
1427,CHEMBL1256696,CARBETAPENTANE CITRATE,CCN(CC)CCOCCOC(=O)C1(c2ccccc2)CCCC1.O=C(O)CC(O)(CC(=O)O)C(=O)O,0.06901985631272298,0.004086573,0.21647623,0.3716659,1856,1314,1616
1428,CHEMBL434394,NEBIVOLOL,OC(CNCC(O)C1CCc2cc(F)ccc2O1)C1CCc2cc(F)ccc2O1,0.06875768359581663,0.03016117,0.0119952,0.8984793,1149,2742,686
1429,CHEMBL245807,OXYPHENISATINE,O=C1Nc2ccccc2C1(c1ccc(O)cc1)c1ccc(O)cc1,0.06875755706162123,0.0025329876,0.5755581,0.22296624,2049,527,1919
1430,CHEMBL1200543,ANILERIDINE PHOSPHATE,CCOC(=O)C1(c2ccccc2)CCN(CCc2ccc(N)cc2)CC1.O=P(O)(O)O,0.06870108425101216,0.0028299368,0.54108846,0.21176088,2009,576,1949
1431,CHEMBL142635,NAFTOPIDIL,COc1ccccc1N1CCN(CC(O)COc2cccc3ccccc23)CC1,0.0686594232020768,0.014923178,0.02178335,0.9956678,1388,2544,116
1432,CHEMBL2106915,METHOPHOLINE,COc1cc2c(cc1OC)C(CCc1ccc(Cl)cc1)N(C)CC2,0.06864180249895123,0.009623803,0.033652097,0.9986358,1547,2372,61
1433,CHEMBL631,PROPAFENONE,CCCNCC(O)COc1ccccc1C(=O)CCc1ccccc1,0.06859321098840265,0.0031507683,0.104167394,0.98332065,1962,1794,293
1434,CHEMBL116,AMPRENAVIR,CC(C)CN(C[C@@H](O)[C@H](Cc1ccccc1)NC(=O)O[C@H]1CCOC1)S(=O)(=O)c1ccc(N)cc1,0.06857055095807325,0.0017865194,0.2351077,0.76760596,2168,1249,990
1435,CHEMBL6068327,ACETYLCYSTEINE LYSINE,CC(=O)N[C@@H](CS)C(=O)O.NCCCC[C@H](N)C(=O)O,0.06842882782008594,0.0005187515,0.632252,0.97693956,2574,446,356
1436,CHEMBL1201764,FESOTERODINE,CC(C)C(=O)Oc1ccc(CO)cc1[C@H](CCN(C(C)C)C(C)C)c1ccccc1,0.06835523809755512,0.02481022,0.038865305,0.33122465,1212,2301,1688
1437,CHEMBL1200491,EPINASTINE HYDROCHLORIDE,Cl.NC1=NCC2c3ccccc3Cc3ccccc3N12,0.0682068331736612,0.004501035,0.15000607,0.46996173,1813,1592,1449
1438,CHEMBL2107830,EMPAGLIFLOZIN,OC[C@H]1O[C@@H](c2ccc(Cl)c(Cc3ccc(O[C@H]4CCOC4)cc3)c2)[C@H](O)[C@@H](O)[C@@H]1O,0.06819964082951557,0.031193702,0.01024309,0.99276936,1139,2787,169
1439,CHEMBL479,THIORIDAZINE,CSc1ccc2c(c1)N(CCC1CCCCN1C)c1ccccc1S2,0.06817334845708202,0.019887289,0.01600287,0.995567,1288,2656,117
1440,CHEMBL1201154,PROCHLORPERAZINE EDISYLATE,CN1CCN(CCCN2c3ccccc3Sc3ccc(Cl)cc32)CC1.O=S(=O)(O)CCS(=O)(=O)O,0.06802126275609825,0.008384789,0.07730379,0.48555794,1595,1962,1415
1441,CHEMBL376359,ALOGLIPTIN,Cn1c(=O)cc(N2CCC[C@@H](N)C2)n(Cc2ccccc2C#N)c1=O,0.06783460045173192,0.013310285,0.0252255,0.9296654,1424,2483,584
1442,CHEMBL467058,LANINAMIVIR OCTANOATE,CCCCCCCC(=O)OC[C@@H](O)[C@@H](OC)[C@@H]1OC(C(=O)O)=C[C@H](NC(=N)N)[C@H]1NC(C)=O,0.0678013064207446,0.0026211243,0.1250869,0.950637,2041,1696,503
1443,CHEMBL27810,CELIPROLOL,CCN(CC)C(=O)Nc1ccc(OCC(O)CNC(C)(C)C)c(C(C)=O)c1,0.06779915776056783,0.0021707006,0.17988944,0.7981183,2106,1455,916
1444,CHEMBL91,MICONAZOLE,Clc1ccc(COC(Cn2ccnc2)c2ccc(Cl)cc2Cl)c(Cl)c1,0.06775939681455263,0.33366734,0.027459566,0.03395481,347,2449,2651
1445,CHEMBL1201043,CEPHAPIRIN SODIUM,CC(=O)OCC1=C(C(=O)[O-])N2C(=O)[C@@H](NC(=O)CSc3ccncc3)[C@H]2SC1.[Na+],0.06769922157353317,0.0025264542,0.36697942,0.33465543,2051,878,1682
1446,CHEMBL1102,GLUTETHIMIDE,CCC1(c2ccccc2)CCC(=O)NC1=O,0.06767097711547561,0.008937127,0.38020787,0.091198646,1572,850,2373
1447,CHEMBL260538,ULIPRISTAL ACETATE,CC(=O)O[C@]1(C(C)=O)CC[C@H]2[C@@H]3CCC4=CC(=O)CCC4=C3[C@@H](c3ccc(N(C)C)cc3)C[C@@]21C,0.06754411339058139,0.0011368202,0.7050485,0.38446045,2329,356,1596
1448,CHEMBL1201087,CABERGOLINE,C=CCN1C[C@H](C(=O)N(CCCN(C)C)C(=O)NCC)C[C@@H]2c3cccc4[nH]cc(c34)C[C@H]21,0.0674569194849403,0.0034662588,0.19565362,0.4526168,1925,1400,1478
1449,CHEMBL773,GLYCINE,NCC(=O)O,0.06735050534603455,0.0011027373,0.42364472,0.65395635,2336,759,1163
1450,CHEMBL4297165,CHLOROQUINE HYDROCHLORIDE,CCN(CC)CCCC(C)Nc1ccnc2cc(Cl)ccc12.Cl.Cl,0.06716435894360927,0.03823914,0.1387976,0.057085603,1077,1633,2535
1451,CHEMBL3989676,OXYPHENBUTAZONE,CCCCC1C(=O)N(c2ccccc2)N(c2ccc(O)cc2)C1=O.O,0.06675128936998213,0.0029701355,0.528303,0.18954815,1986,597,2013
1452,CHEMBL1201747,ALCAFTADINE,CN1CCC(=C2c3ccccc3CCn3c(C=O)cnc32)CC1,0.06665627572223694,0.0054514147,0.07304491,0.7437449,1743,2001,1028
1453,CHEMBL5314377,GANIRELIX ACETATE,CC(=O)O.CC(=O)O.CC/N=C(\NCC)NCCCC[C@H](NC(=O)[C@H](CC(C)C)NC(=O)[C@@H](CCCCN/C(=N/CC)NCC)NC(=O)[C@H](Cc1ccc(O)cc1)NC(=O)[C@H](CO)NC(=O)[C@@H](Cc1cccnc1)NC(=O)[C@@H](Cc1ccc(Cl)cc1)NC(=O)[C@@H](Cc1ccc2ccccc2c1)NC(C)=O)C(=O)N1CCC[C@H]1C(=O)N[C@H](C)C(N)=O,0.06622891216837042,0.00033222683,0.875145,0.9991437,2702,146,53
1454,CHEMBL2448612,ERGOTAMINE TARTRATE,CN1C[C@H](C(=O)N[C@]2(C)O[C@@]3(O)[C@@H]4CCCN4C(=O)[C@H](Cc4ccccc4)N3C2=O)C=C2c3cccc4[nH]cc(c34)C[C@H]21.CN1C[C@H](C(=O)N[C@]2(C)O[C@@]3(O)[C@@H]4CCCN4C(=O)[C@H](Cc4ccccc4)N3C2=O)C=C2c3cccc4[nH]cc(c34)C[C@H]21.O=C(O)C(O)C(O)C(=O)O,0.06621809663650516,0.004711817,0.63889676,0.096451946,1796,436,2350
1455,CHEMBL24778,SILODOSIN,C[C@H](Cc1cc2c(c(C(N)=O)c1)N(CCCO)CC2)NCCOc1ccccc1OCC(F)(F)F,0.06613420734894837,0.019068351,0.017800888,0.8521648,1309,2622,804
1456,CHEMBL270190,ALVIMOPAN,C[C@H]1CN(C[C@H](Cc2ccccc2)C(=O)NCC(=O)O)CC[C@@]1(C)c1cccc(O)c1,0.06599092963101487,0.0011565341,0.31587112,0.7866552,2320,1019,942
1457,CHEMBL1200728,GUANIDINE HYDROCHLORIDE,Cl.N=C(N)N,0.06594734529123328,0.0020971808,0.23349808,0.58569676,2115,1257,1262
1458,CHEMBL1728,LOMEFLOXACIN HYDROCHLORIDE,CCn1cc(C(=O)O)c(=O)c2cc(F)c(N3CCNC(C)C3)c(F)c21.Cl,0.0659066717690004,0.008598231,0.052132916,0.6386561,1585,2160,1185
1459,CHEMBL3989908,ENASIDENIB,CC(C)(O)CNc1nc(Nc2ccnc(C(F)(F)F)c2)nc(-c2cccc(C(F)(F)F)n2)n1,0.06587799324424587,0.013771562,0.19361804,0.10722401,1411,1407,2307
1460,CHEMBL259972,MOFEZOLAC,COc1ccc(-c2noc(CC(=O)O)c2-c2ccc(OC)cc2)cc1,0.06581942343980188,0.027542835,0.10228241,0.10121682,1178,1800,2328
1461,CHEMBL3989514,IRINOTECAN HYDROCHLORIDE,CCc1c2c(nc3ccc(OC(=O)N4CCC(N5CCCCC5)CC4)cc13)-c1cc3c(c(=O)n1C2)COC(=O)[C@]3(O)CC.Cl.O.O.O,0.06555819471944135,0.013017243,0.022119591,0.97855407,1439,2536,339
1462,CHEMBL1200411,ROPINIROLE HYDROCHLORIDE,CCCN(CCC)CCc1cccc2c1CC(=O)N2.Cl,0.06546017552613485,0.15055613,0.0018661604,0.99835277,549,3102,75
1463,CHEMBL1682,SORBITOL,OC[C@@H](O)[C@@H](O)[C@H](O)[C@@H](O)CO,0.06529323315022303,0.0017780606,0.16981505,0.9218957,2172,1502,613
1464,CHEMBL1200904,SELEGILINE HYDROCHLORIDE,C#CCN(C)[C@H](C)Cc1ccccc1.Cl,0.06528875840523066,0.005048108,0.06381169,0.86394536,1769,2059,780
1465,CHEMBL647,APRACLONIDINE,Nc1cc(Cl)c(N=C2NCCN2)c(Cl)c1,0.06525107414185699,0.12705003,0.03153778,0.06933574,594,2395,2465
1466,CHEMBL1460,DIDANOSINE,O=c1[nH]cnc2c1ncn2[C@H]1CC[C@@H](CO)O1,0.06522645000541342,0.008640273,0.04153636,0.7732419,1582,2265,974
1467,CHEMBL1200438,TIOCONAZOLE,Clc1ccc(C(Cn2ccnc2)OCc2ccsc2Cl)c(Cl)c1,0.06521099070752656,0.33033073,0.004536073,0.1850689,356,2977,2025
1468,CHEMBL1496,ROSUVASTATIN,CC(C)c1nc(N(C)S(C)(=O)=O)nc(-c2ccc(F)cc2)c1/C=C/[C@@H](O)C[C@@H](O)CC(=O)O,0.06518058945451229,0.023836993,0.08417252,0.13801715,1222,1915,2189
1469,CHEMBL826,ENOXACIN,CCn1cc(C(=O)O)c(=O)c2cc(F)c(N3CCNCC3)nc21,0.06513526132403716,0.016716136,0.12530778,0.13192722,1350,1694,2214
1470,CHEMBL1236821,XYLOSE,O=C[C@H](O)[C@@H](O)[C@H](O)CO,0.0650927279036622,0.00059718534,0.5203047,0.8876271,2535,610,708
1471,CHEMBL235668,TIPIRACIL,N=C1CCCN1Cc1[nH]c(=O)[nH]c(=O)c1Cl,0.06506893774633413,0.103471965,0.008435571,0.3156342,677,2833,1724
1472,CHEMBL1237122,CARBOPROST,CCCCC[C@](C)(O)/C=C/[C@@H]1[C@@H](C/C=C\CCCC(=O)O)[C@@H](O)C[C@H]1O,0.06505674516486308,0.0057499465,0.08644603,0.55394685,1717,1897,1318
1473,CHEMBL1200686,PIMECROLIMUS,CC[C@@H]1/C=C(\C)C[C@H](C)C[C@H](OC)[C@H]2O[C@@](O)(C(=O)C(=O)N3CCCC[C@H]3C(=O)O[C@H](/C(C)=C/[C@@H]3CC[C@H](Cl)[C@H](OC)C3)[C@H](C)[C@@H](O)CC1=O)[C@H](C)C[C@@H]2OC,0.06488643310443619,0.0014696136,0.19812295,0.9382611,2241,1388,552
1474,CHEMBL1450,ATOVAQUONE,O=C1C(O)=C([C@H]2CC[C@H](c3ccc(Cl)cc3)CC2)C(=O)c2ccccc21,0.06464404201307225,0.0131179,0.07724616,0.26659024,1434,1964,1821
1475,CHEMBL170988,PHENFORMIN,N=C(N)NC(=N)NCCc1ccccc1,0.0643419425760404,0.00061167136,0.55417675,0.78580725,2529,563,945
1476,CHEMBL1200803,SOLIFENACIN SUCCINATE,O=C(O)CCC(=O)O.O=C(O[C@H]1CN2CCC1CC2)N1CCc2ccccc2[C@@H]1c1ccccc1,0.06427980150424366,0.0022810705,0.14375989,0.8099293,2084,1615,900
1477,CHEMBL3137326,DEUTETRABENAZINE,[2H]C([2H])([2H])Oc1cc2c(cc1OC([2H])([2H])[2H])C1CC(=O)C(CC(C)C)CN1CC2,0.06407361867617117,0.005037368,0.05283317,0.988388,1770,2147,232
1478,CHEMBL40,PHENOBARBITAL,CCC1(c2ccccc2)C(=O)NC(=O)NC1=O,0.06398617925111202,0.0067836703,0.32867706,0.117496364,1663,994,2275
1479,CHEMBL85,RISPERIDONE,Cc1nc2n(c(=O)c1CCN1CCC(c3noc4cc(F)ccc34)CC1)CCCC2,0.0639191042430433,0.019509181,0.0267991,0.49949685,1295,2457,1391
1480,CHEMBL3301622,GILTERITINIB,CCc1nc(C(N)=O)c(Nc2ccc(N3CCC(N4CCN(C)CC4)CC3)c(OC)c2)nc1NC1CCOCC1,0.06378297048756987,0.004346037,0.07051887,0.84667236,1825,2017,824
1481,CHEMBL1201177,LEVOBUNOLOL HYDROCHLORIDE,CC(C)(C)NC[C@H](O)COc1cccc2c1CCCC2=O.Cl,0.06370650828514747,0.0060101296,0.045884065,0.93757415,1703,2215,556
1482,CHEMBL766,CILASTATIN,CC1(C)C[C@@H]1C(=O)N/C(=C\CCCCSC[C@H](N)C(=O)O)C(=O)O,0.0636947245948886,0.001438251,0.2933995,0.6123733,2252,1075,1227
1483,CHEMBL1201006,PYRILAMINE MALEATE,COc1ccc(CN(CCN(C)C)c2ccccn2)cc1.O=C(O)/C=C\C(=O)O,0.06367747499578642,0.0023686488,0.22630471,0.481685,2070,1280,1421
1484,CHEMBL1201018,CEFACLOR,N[C@@H](C(=O)N[C@@H]1C(=O)N2C(C(=O)O)=C(Cl)CS[C@H]12)c1ccccc1.O,0.06356528739203551,0.0075386134,0.3546098,0.09607667,1628,917,2351
1485,CHEMBL1200883,THONZONIUM BROMIDE,CCCCCCCCCCCCCCCC[N+](C)(C)CCN(Cc1ccc(OC)cc1)c1ncccn1.[Br-],0.06344403241817788,0.00815905,0.034420602,0.909315,1603,2361,657
1486,CHEMBL4298167,FILGOTINIB MALEATE,O=C(Nc1nc2cccc(-c3ccc(CN4CCS(=O)(=O)CC4)cc3)n2n1)C1CC1.O=C(O)/C=C\C(=O)O,0.06337505979369791,0.09137339,0.057592813,0.048369005,724,2116,2579
1487,CHEMBL972,SELEGILINE,C#CCN(C)[C@H](C)Cc1ccccc1,0.06332104784681218,0.003766097,0.07494657,0.89949965,1887,1985,685
1488,CHEMBL2103929,LYMECYCLINE,CN(C)[C@@H]1C(O)=C(C(=O)NCNCCCC[C@H](N)C(=O)O)C(=O)[C@@]2(O)C(O)=C3C(=O)c4c(O)cccc4[C@@](C)(O)[C@H]3C[C@@H]12,0.06329767443275257,0.0006872168,0.4960748,0.74391335,2488,641,1026
1489,CHEMBL1388,MONOBENZONE,Oc1ccc(OCc2ccccc2)cc1,0.06327557199232536,0.0057236543,0.29522604,0.14992712,1720,1068,2137
1490,CHEMBL24924,FLUINDIONE,O=C1c2ccccc2C(=O)C1c1ccc(F)cc1,0.06323954916723644,0.025698619,0.07143667,0.13776386,1199,2011,2190
1491,CHEMBL1201308,IOFETAMINE,CC(C)NC(C)Cc1ccc(I)cc1,0.06315587365412763,0.70121586,0.008370022,0.042920318,164,2834,2605
1492,CHEMBL269732,TACROLIMUS ANHYDROUS,C=CC[C@@H]1/C=C(\C)C[C@H](C)C[C@H](OC)[C@H]2O[C@@](O)(C(=O)C(=O)N3CCCC[C@H]3C(=O)O[C@H](/C(C)=C/[C@@H]3CC[C@@H](O)[C@H](OC)C3)[C@H](C)[C@@H](O)CC1=O)[C@H](C)C[C@@H]2OC,0.06306224260627534,0.0016432693,0.21340345,0.7151515,2206,1327,1076
1493,CHEMBL1731,MEZLOCILLIN,CC1(C)S[C@@H]2[C@H](NC(=O)[C@H](NC(=O)N3CCN(S(C)(=O)=O)C3=O)c3ccccc3)C(=O)N2[C@H]1C(=O)O,0.06286720799897501,0.007291369,0.22621161,0.15064284,1643,1281,2130
1494,CHEMBL500,PINDOLOL,CC(C)NCC(O)COc1cccc2[nH]ccc12,0.06280232854724403,0.0039407923,0.0632984,0.99300414,1871,2065,167
1495,CHEMBL1452696,FEPRAZONE,CC(C)=CCC1C(=O)N(c2ccccc2)N(c2ccccc2)C1=O,0.06277490789389147,0.0019006868,0.30749583,0.42326126,2151,1043,1529
1496,CHEMBL1342,OXYBATE,O=C(O)CCCO,0.0627599816283576,0.001116487,0.2652238,0.83479977,2333,1161,842
1497,CHEMBL680,CEFACLOR ANHYDROUS,N[C@@H](C(=O)N[C@@H]1C(=O)N2C(C(=O)O)=C(Cl)CS[C@H]12)c1ccccc1,0.06270872511734016,0.007223908,0.31251758,0.10922885,1645,1028,2300
1498,CHEMBL1274,NILUTAMIDE,CC1(C)NC(=O)N(c2ccc([N+](=O)[O-])c(C(F)(F)F)c2)C1=O,0.06258276441205936,0.009422309,0.053602654,0.4853116,1554,2144,1416
1499,CHEMBL15870,INDOPROFEN,CC(C(=O)O)c1ccc(N2Cc3ccccc3C2=O)cc1,0.0625498563321114,0.016906645,0.24583578,0.058881175,1344,1213,2523
1500,CHEMBL4297585,TRIHEPTANOIN,CCCCCCC(=O)OCC(COC(=O)CCCCCC)OC(=O)CCCCCC,0.06247320157207491,0.0006258046,0.38967973,0.9998498,2524,833,14
1501,CHEMBL43452,POMALIDOMIDE,Nc1cccc2c1C(=O)N(C1CCC(=O)NC1=O)C2=O,0.06244769103129751,0.005381435,0.28575283,0.15836547,1747,1100,2106
1502,CHEMBL442,ERGOTAMINE,CN1C[C@H](C(=O)N[C@]2(C)O[C@@]3(O)[C@@H]4CCCN4C(=O)[C@H](Cc4ccccc4)N3C2=O)C=C2c3cccc4[nH]cc(c34)C[C@H]21,0.06236156729334914,0.005383403,0.33160967,0.13585228,1746,984,2198
1503,CHEMBL1200622,PARICALCITOL,C[C@H](/C=C/[C@H](C)C(C)(C)O)[C@H]1CC[C@H]2/C(=C/C=C3C[C@@H](O)C[C@H](O)C3)CCC[C@]12C,0.062263653488928164,0.0028931908,0.09502427,0.8779951,1998,1850,748
1504,CHEMBL833,TICLOPIDINE,Clc1ccccc1CN1CCc2sccc2C1,0.06195784240777174,0.42589098,0.0005585566,0.9998234,281,3212,17
1505,CHEMBL3668014,LINZAGOLIX,COc1cc(F)c(-n2c(=O)[nH]c3csc(C(=O)O)c3c2=O)cc1OCc1c(OC)ccc(F)c1F,0.061897434196838234,0.069419645,0.020576136,0.16602433,854,2567,2083
1506,CHEMBL3306803,LUMATEPERONE,CN1CCN2c3c(cccc31)[C@@H]1CN(CCCC(=O)c3ccc(F)cc3)CC[C@@H]12,0.06184120294084781,0.0014201967,0.2279498,0.7305436,2256,1271,1052
1507,CHEMBL561,LOMEFLOXACIN,CCn1cc(C(=O)O)c(=O)c2cc(F)c(N3CCNC(C)C3)c(F)c21,0.061827571073370474,0.007813859,0.04773147,0.6336889,1612,2200,1195
1508,CHEMBL1083993,AMIODARONE HYDROCHLORIDE,CCCCc1oc2ccccc2c1C(=O)c1cc(I)c(OCCN(CC)CC)c(I)c1.Cl,0.06161402774637802,0.1050981,0.017288368,0.12873298,669,2632,2222
1509,CHEMBL10878,AGOMELATINE,COc1ccc2cccc(CCNC(C)=O)c2c1,0.06153762509327229,0.0022730432,0.17767766,0.5770077,2087,1470,1277
1510,CHEMBL374731,TELBIVUDINE,Cc1cn([C@@H]2C[C@@H](O)[C@H](CO)O2)c(=O)[nH]c1=O,0.061528634740853815,0.014933709,0.016405817,0.9507501,1387,2650,502
1511,CHEMBL1740513,ISAXONINE,CC(C)Nc1ncccn1,0.06148180865932375,0.08815757,0.0734206,0.03590561,748,1995,2641
1512,CHEMBL2103846,ULIPRISTAL,CC(=O)[C@@]1(O)CC[C@H]2[C@@H]3CCC4=CC(=O)CCC4=C3[C@@H](c3ccc(N(C)C)cc3)C[C@@]21C,0.06133215287692834,0.0011421883,0.70917076,0.28482372,2325,351,1788
1513,CHEMBL3358920,ETRASIMOD,O=C(O)C[C@H]1CCc2c1[nH]c1ccc(OCc3ccc(C4CCCC4)c(C(F)(F)F)c3)cc21,0.06119753612057041,0.019626783,0.012673473,0.9214186,1293,2725,615
1514,CHEMBL1071,OXAPROZIN,O=C(O)CCc1nc(-c2ccccc2)c(-c2ccccc2)o1,0.06119122523875835,0.038325876,0.05922576,0.10094032,1075,2095,2330
1515,CHEMBL1200541,AMBENONIUM CHLORIDE,CC[N+](CC)(CCNC(=O)C(=O)NCC[N+](CC)(CC)Cc1ccccc1Cl)Cc1ccccc1Cl.[Cl-].[Cl-],0.06117226839208501,0.010057875,0.051811688,0.4392683,1527,2163,1498
1516,CHEMBL1445,FLUOXYMESTERONE,C[C@]1(O)CC[C@H]2[C@@H]3CCC4=CC(=O)CC[C@]4(C)[C@@]3(F)[C@@H](O)C[C@@]21C,0.06105653279789956,0.0012193148,0.22964367,0.81287956,2303,1267,894
1517,CHEMBL3989887,TACROLIMUS,C=CC[C@@H]1/C=C(\C)C[C@H](C)C[C@H](OC)[C@H]2O[C@@](O)(C(=O)C(=O)N3CCCC[C@H]3C(=O)O[C@H](/C(C)=C/[C@@H]3CC[C@@H](O)[C@H](OC)C3)[C@H](C)[C@@H](O)CC1=O)[C@H](C)C[C@@H]2OC.O,0.06090481524934139,0.0015908261,0.20800497,0.682745,2219,1353,1117
1518,CHEMBL1200912,PHENTERMINE HYDROCHLORIDE,CC(C)(N)Cc1ccccc1.Cl,0.06089842883495569,0.104996786,0.030080136,0.07150928,670,2411,2453
1519,CHEMBL1703,METFORMIN HYDROCHLORIDE,CN(C)C(=N)NC(=N)N.Cl,0.06086998850643659,0.0036818378,0.41861075,0.14633045,1899,772,2152
1520,CHEMBL1201314,VALGANCICLOVIR,CC(C)[C@H](N)C(=O)OCC(CO)OCn1cnc2c(=O)[nH]c(N)nc21,0.06074673151368882,0.06084664,0.044535782,0.08272238,904,2223,2407
1521,CHEMBL2111101,PIMAVANSERIN,CC(C)COc1ccc(CNC(=O)N(Cc2ccc(F)cc2)C2CCN(C)CC2)cc1,0.06074412701648789,0.0015266074,0.3564881,0.41185135,2230,911,1550
1522,CHEMBL16,PHENYTOIN,O=C1NC(=O)C(c2ccccc2)(c2ccccc2)N1,0.06072497930486179,0.0076484364,0.24147458,0.121243365,1624,1221,2258
1523,CHEMBL428880,CROMOLYN,O=C(O)c1cc(=O)c2c(OCC(O)COc3cccc4oc(C(=O)O)cc(=O)c34)cccc2o1,0.06063936636450587,0.021429092,0.06336765,0.16420734,1260,2063,2087
1524,CHEMBL2095208,COBICISTAT,CC(C)c1nc(CN(C)C(=O)N[C@@H](CCN2CCOCC2)C(=O)N[C@H](CC[C@H](Cc2ccccc2)NC(=O)OCc2cncs2)Cc2ccccc2)cs1,0.06061507200381738,0.0028004316,0.10193991,0.7801401,2011,1803,958
1525,CHEMBL3137321,BENZHYDROCODONE,COc1ccc2c3c1O[C@H]1C(OC(=O)c4ccccc4)=CC[C@@H]4[C@@H](C2)N(C)CC[C@@]341,0.06054265808570552,0.0027995554,0.92303777,0.08587679,2012,109,2396
1526,CHEMBL94394,BUFEXAMAC,CCCCOc1ccc(CC(=O)NO)cc1,0.060338785145275596,0.00022330307,0.9847318,0.9990264,2810,30,56
1527,CHEMBL1200420,MIDAZOLAM HYDROCHLORIDE,Cc1ncc2n1-c1ccc(Cl)cc1C(c1ccccc1F)=NC2.Cl,0.06030204803244133,0.10080198,0.002176467,0.99948174,686,3075,41
1528,CHEMBL170,QUININE,C=C[C@H]1CN2CC[C@H]1C[C@H]2[C@H](O)c1ccnc2ccc(OC)cc12,0.060247721885015385,0.0076631946,0.032642253,0.8742426,1623,2382,757
1529,CHEMBL448,PENTOBARBITAL,CCCC(C)C1(CC)C(=O)NC(=O)NC1=O,0.06005157585140548,0.002882243,0.7518541,0.09993302,2002,291,2334
1530,CHEMBL1020,TOLMETIN,Cc1ccc(C(=O)c2ccc(CC(=O)O)n2C)cc1,0.0600453892587071,0.023062985,0.39736405,0.023622992,1242,817,2707
1531,CHEMBL3304486,DIFEMERINE,CN(C)CC(C)(C)OC(=O)C(O)(c1ccccc1)c1ccccc1,0.05995919170628014,0.039676614,0.030934708,0.17562516,1064,2402,2048
1532,CHEMBL1200678,ATAZANAVIR SULFATE,COC(=O)N[C@H](C(=O)N[C@@H](Cc1ccccc1)[C@@H](O)CN(Cc1ccc(-c2ccccn2)cc1)NC(=O)[C@@H](NC(=O)OC)C(C)(C)C)C(C)(C)C.O=S(=O)(O)O,0.05995700261645966,0.0031052583,0.075859636,0.9149791,1973,1979,639
1533,CHEMBL855,TRIPROLIDINE,Cc1ccc(/C(=C\CN2CCCC2)c2ccccn2)cc1,0.05987178439854597,0.018493377,0.13185254,0.08801605,1317,1663,2389
1534,CHEMBL1106,EPINASTINE,NC1=NCC2c3ccccc3Cc3ccccc3N12,0.05983398187638721,0.0036624903,0.11192683,0.52255625,1903,1764,1359
1535,CHEMBL1497,BETAMETHASONE VALERATE,CCCCC(=O)O[C@]1(C(=O)CO)[C@@H](C)C[C@H]2[C@@H]3CCC4=CC(=O)C=C[C@]4(C)[C@@]3(F)[C@@H](O)C[C@@]21C,0.059825774111176934,0.0004509505,0.5982676,0.79367125,2620,498,929
1536,CHEMBL1473,FLUTICASONE PROPIONATE,CCC(=O)O[C@]1(C(=O)SCF)[C@H](C)C[C@H]2[C@@H]3C[C@H](F)C4=CC(=O)C=C[C@]4(C)[C@@]3(F)[C@@H](O)C[C@@]21C,0.05982054020203948,0.0007267915,0.34406862,0.8560441,2475,943,798
1537,CHEMBL445,NORTRIPTYLINE,CNCCC=C1c2ccccc2CCc2ccccc21,0.059774872137160935,0.063471265,0.11291389,0.02980104,884,1761,2674
1538,CHEMBL290960,NIFURTIMOX,CC1CS(=O)(=O)CCN1/N=C/c1ccc([N+](=O)[O-])o1,0.05973689461786453,0.052194282,0.10073141,0.040545266,964,1806,2614
1539,CHEMBL1200559,LACTIC ACID,CC(O)C(=O)O,0.05964284792199224,0.0011394954,0.549461,0.33886415,2328,569,1673
1540,CHEMBL1200490,CETRORELIX,CC(=O)N[C@H](Cc1ccc2ccccc2c1)C(=O)N[C@H](Cc1ccc(Cl)cc1)C(=O)N[C@H](Cc1cccnc1)C(=O)N[C@@H](CO)C(=O)N[C@@H](Cc1ccc(O)cc1)C(=O)N[C@H](CCCNC(N)=O)C(=O)N[C@@H](CC(C)C)C(=O)N[C@@H](CCCNC(=N)N)C(=O)N1CCC[C@H]1C(=O)N[C@H](C)C(N)=O,0.059625324355285086,0.00026761545,0.7961285,0.9949426,2753,234,132
1541,CHEMBL640,PROCAINAMIDE,CCN(CC)CCNC(=O)c1ccc(N)cc1,0.05947462407607161,0.0004794837,0.5843443,0.7508488,2602,511,1018
1542,CHEMBL41355,EZOGABINE,CCOC(=O)Nc1ccc(NCc2ccc(F)cc2)cc1N,0.05945830319750169,0.00022139866,0.98085815,0.9679575,2813,38,430
1543,CHEMBL129,ZIDOVUDINE,Cc1cn([C@H]2C[C@H](N=[N+]=[N-])[C@@H](CO)O2)c(=O)[nH]c1=O,0.0594412635096014,0.0074141994,0.11903238,0.23797691,1634,1723,1877
1544,CHEMBL1697708,MEZLOCILLIN SODIUM,CC1(C)S[C@@H]2[C@H](NC(=O)[C@H](NC(=O)N3CCN(S(C)(=O)=O)C3=O)c3ccccc3)C(=O)N2[C@H]1C(=O)[O-].[Na+],0.05937106432609689,0.0062319445,0.2343792,0.14327876,1692,1250,2163
1545,CHEMBL1200425,PARGYLINE HYDROCHLORIDE,C#CCN(C)Cc1ccccc1.Cl,0.05935365536272756,0.0027508824,0.07878206,0.96481276,2021,1955,449
1546,CHEMBL590,MENADIONE,CC1=CC(=O)c2ccccc2C1=O,0.059346991272521694,0.07018622,0.13232517,0.02250618,849,1661,2716
1547,CHEMBL744,RILUZOLE,Nc1nc2ccc(OC(F)(F)F)cc2s1,0.059329373137141844,0.117993645,0.09727261,0.018195339,612,1832,2747
1548,CHEMBL404108,LUMIRACOXIB,Cc1ccc(Nc2c(F)cccc2Cl)c(CC(=O)O)c1,0.05932241291605154,0.12874313,0.5740804,0.0028246173,589,529,3002
1549,CHEMBL1431,METFORMIN,CN(C)C(=N)NC(=N)N,0.059275168657632424,0.0015215708,0.4465444,0.30652186,2231,720,1741
1550,CHEMBL3989937,CAPMATINIB HYDROCHLORIDE,CNC(=O)c1ccc(-c2cnc3ncc(Cc4ccc5ncccc5c4)n3n2)cc1F.Cl.Cl.O,0.05923250564545031,0.05324873,0.065973476,0.059156384,956,2052,2522
1551,CHEMBL1599,CEPHAPIRIN,CC(=O)OCC1=C(C(=O)O)N2C(=O)[C@@H](NC(=O)CSc3ccncc3)[C@H]2SC1,0.05915879166740304,0.0019065075,0.33813035,0.32117012,2149,962,1712
1552,CHEMBL556,DEFEROXAMINE,CC(=O)N(O)CCCCCNC(=O)CCC(=O)N(O)CCCCCNC(=O)CCC(=O)N(O)CCCCCN,0.059118995246251214,0.000650213,0.37230077,0.8535551,2507,865,802
1553,CHEMBL1201191,LEVOCETIRIZINE,O=C(O)COCCN1CCN([C@H](c2ccccc2)c2ccc(Cl)cc2)CC1,0.05904282499057476,0.0071413084,0.35758317,0.08060213,1650,907,2417
1554,CHEMBL290106,BITHIONOL,Oc1c(Cl)cc(Cl)cc1Sc1cc(Cl)cc(Cl)c1O,0.05884142900410696,0.68219674,0.0046727518,0.063909784,170,2972,2497
1555,CHEMBL3545309,LEFAMULIN ACETATE,C=C[C@]1(C)C[C@@H](OC(=O)CS[C@@H]2CC[C@@H](N)C[C@H]2O)[C@]2(C)[C@H](C)CC[C@]3(CCC(=O)[C@H]32)[C@@H](C)[C@@H]1O.CC(=O)O,0.058718552030606226,0.0008241243,0.2513485,0.9773655,2435,1200,349
1556,CHEMBL1201237,LEVOBUNOLOL,CC(C)(C)NC[C@H](O)COc1cccc2c1CCCC2=O,0.058529195740838195,0.005329396,0.040829383,0.92143977,1750,2274,614
1557,CHEMBL1200877,FLUMETHASONE PIVALATE,C[C@@H]1C[C@H]2[C@@H]3C[C@H](F)C4=CC(=O)C=C[C@]4(C)[C@@]3(F)[C@@H](O)C[C@]2(C)[C@@]1(O)C(=O)COC(=O)C(C)(C)C,0.05844040617584547,0.000817155,0.30098918,0.8114921,2439,1053,896
1558,CHEMBL1983350,STIRIPENTOL,CC(C)(C)C(O)/C=C/c1ccc2c(c1)OCO2,0.05794320609640579,0.07658067,0.030763684,0.08257528,814,2405,2408
1559,CHEMBL3989909,LENIOLISIB PHOSPHATE,CCC(=O)N1CC[C@H](Nc2ncnc3c2CN(c2cnc(OC)c(C(F)(F)F)c2)CC3)C1.O=P(O)(O)O,0.0578447793353336,0.013110458,0.0147805875,0.9988102,1436,2688,59
1560,CHEMBL1238,AZELAIC ACID,O=C(O)CCCCCCCC(=O)O,0.057800981214722255,0.000996866,0.23874736,0.8113913,2372,1234,897
1561,CHEMBL2103854,OMADACYCLINE TOSYLATE,CN(C)c1cc(CNCC(C)(C)C)c(O)c2c1C[C@H]1C[C@H]3[C@H](N(C)C)C(O)=C(C(N)=O)C(=O)[C@@]3(O)C(O)=C1C2=O.Cc1ccc(S(=O)(=O)O)cc1,0.05772881906676063,0.0008944643,0.24616367,0.8737579,2410,1212,759
1562,CHEMBL655,MIDAZOLAM,Cc1ncc2n1-c1ccc(Cl)cc1C(c1ccccc1F)=NC2,0.05767868240926046,0.0954879,0.0020106004,0.99947506,711,3087,42
1563,CHEMBL605,PROCAINAMIDE HYDROCHLORIDE,CCN(CC)CCNC(=O)c1ccc(N)cc1.Cl,0.057672450159899157,0.00064313156,0.49772516,0.5992606,2513,639,1245
1564,CHEMBL3545985,BENZPHETAMINE,C[C@@H](Cc1ccccc1)N(C)Cc1ccccc1,0.05760099830166392,0.0031776738,0.06260828,0.96061426,1958,2069,469
1565,CHEMBL1516474,TEGASEROD MALEATE,CCCCCNC(=N)N/N=C/c1c[nH]c2ccc(OC)cc12.O=C(O)/C=C\C(=O)O,0.05747763290256316,0.00024838944,0.79863816,0.9572233,2780,228,481
1566,CHEMBL1200326,NICARDIPINE HYDROCHLORIDE,COC(=O)C1=C(C)NC(C)=C(C(=O)OCCN(C)Cc2ccccc2)C1c1cccc([N+](=O)[O-])c1.Cl,0.057424572420641765,0.004042748,0.093126364,0.5029723,1861,1860,1385
1567,CHEMBL2311030,ERGOLOID MESYLATES,CC(C)C[C@H]1C(=O)N2CCC[C@H]2[C@]2(O)O[C@](NC(=O)[C@@H]3C[C@@H]4c5cccc6[nH]cc(c56)C[C@H]4N(C)C3)(C(C)C)C(=O)N12.CC(C)[C@@]1(NC(=O)[C@@H]2C[C@@H]3c4cccc5[nH]cc(c45)C[C@H]3N(C)C2)O[C@@]2(O)[C@@H]3CCCN3C(=O)[C@H](Cc3ccccc3)N2C1=O.CC(C)[C@H]1C(=O)N2CCC[C@H]2[C@]2(O)O[C@](NC(=O)[C@@H]3C[C@@H]4c5cccc6[nH]cc(c56)C[C@H]4N(C)C3)(C(C)C)C(=O)N12.CCC(C)[C@H]1C(=O)N2CCC[C@H]2[C@]2(O)O[C@](NC(=O)[C@@H]3C[C@@H]4c5cccc6[nH]cc(c56)C[C@H]4N(C)C3)(C(C)C)C(=O)N12.CS(=O)(=O)O.CS(=O)(=O)O.CS(=O)(=O)O.CS(=O)(=O)O,0.057423235844027226,0.0006012646,0.63251495,0.49788207,2533,445,1394
1568,CHEMBL1372,OXIGLUTATIONE,N[C@@H](CCC(=O)N[C@@H](CSSC[C@H](NC(=O)CC[C@H](N)C(=O)O)C(=O)NCC(=O)O)C(=O)NCC(=O)O)C(=O)O,0.05712196895934891,0.00077137735,0.34963933,0.6910703,2460,927,1102
1569,CHEMBL76,CHLOROQUINE,CCN(CC)CCCC(C)Nc1ccnc2cc(Cl)ccc12,0.057064486258510634,0.03019339,0.12356666,0.04980634,1146,1701,2572
1570,CHEMBL1083385,CLOPIDOGREL BISULFATE,COC(=O)[C@H](c1ccccc1Cl)N1CCc2sccc2C1.O=S(=O)(O)O,0.057063797214270705,0.043985676,0.0044994946,0.93887323,1025,2978,547
1571,CHEMBL1201156,NORTRIPTYLINE HYDROCHLORIDE,CNCCC=C1c2ccccc2CCc2ccccc21.Cl,0.056808729440248965,0.06004471,0.117614836,0.025960226,909,1730,2694
1572,CHEMBL33986,BUTORPHANOL,Oc1ccc2c(c1)[C@@]13CCCC[C@@]1(O)[C@@H](C2)N(CC1CCC1)CC3,0.056755958629701085,0.00019692743,0.94465274,0.98277974,2841,93,298
1573,CHEMBL1294,QUINIDINE,C=C[C@H]1CN2CC[C@H]1C[C@@H]2[C@@H](O)c1ccnc2ccc(OC)cc12,0.0565811635355384,0.0069760694,0.030492514,0.85155267,1654,2409,809
1574,CHEMBL1205,NELFINAVIR MESYLATE,CS(=O)(=O)O.Cc1c(O)cccc1C(=O)N[C@@H](CSc1ccccc1)[C@H](O)CN1C[C@H]2CCCC[C@H]2C[C@H]1C(=O)NC(C)(C)C,0.05653300492645395,0.0016824964,0.11533642,0.9310769,2191,1747,575
1575,CHEMBL1200503,BROMOCRIPTINE MESYLATE,CC(C)C[C@H]1C(=O)N2CCC[C@H]2[C@]2(O)O[C@](NC(=O)[C@@H]3C=C4c5cccc6[nH]c(Br)c(c56)C[C@H]4N(C)C3)(C(C)C)C(=O)N12.CS(=O)(=O)O,0.05623563190472602,0.0014366638,0.4706815,0.262998,2253,685,1833
1576,CHEMBL3545253,FLORTAUCIPIR F 18,[18F]c1ccc(-c2ccc3c(c2)[nH]c2ccncc23)cn1,0.05612301578689009,0.074942306,0.11730224,0.020108962,826,1732,2726
1577,CHEMBL3546271,FLORTAUCIPIR,Fc1ccc(-c2ccc3c(c2)[nH]c2ccncc23)cn1,0.05612301578689009,0.074942306,0.11730224,0.020108962,826,1732,2726
1578,CHEMBL3544906,BENZPHETAMINE HYDROCHLORIDE,C[C@@H](Cc1ccccc1)N(C)Cc1ccccc1.Cl,0.05597718097228092,0.0029687847,0.06312756,0.9359126,1988,2067,560
1579,CHEMBL1200955,MYCOPHENOLATE MOFETIL HYDROCHLORIDE,COc1c(C)c2c(c(O)c1C/C=C(\C)CCC(=O)OCCN1CCOCC1)C(=O)OC2.Cl,0.05594107084138516,0.0049185697,0.035936613,0.9904128,1779,2341,210
1580,CHEMBL1788403,BIOALLETHRIN,C=CCC1=C(C)C(OC(=O)[C@@H]2[C@@H](C=C(C)C)C2(C)C)CC1=O,0.05557707027243112,0.0016590655,0.23822103,0.43435347,2200,1237,1509
1581,CHEMBL633,AMIODARONE,CCCCc1oc2ccccc2c1C(=O)c1cc(I)c(OCCN(CC)CC)c(I)c1,0.055512866239147945,0.09916317,0.014463647,0.11927591,696,2692,2267
1582,CHEMBL1480,FELODIPINE,CCOC(=O)C1=C(C)NC(C)=C(C(=O)OC)C1c1cccc(Cl)c1Cl,0.05536003943908613,0.01035645,0.09844619,0.16640995,1515,1823,2082
1583,CHEMBL673,PARGYLINE,C#CCN(C)Cc1ccccc1,0.055336899659618334,0.0018493015,0.09399658,0.9748207,2159,1855,376
1584,CHEMBL1308,FOMEPIZOLE,Cc1cn[nH]c1,0.055324690978089196,0.029485172,0.25512522,0.022511268,1156,1188,2715
1585,CHEMBL1744447,ROSUVASTATIN CALCIUM,CC(C)c1nc(N(C)S(C)(=O)=O)nc(-c2ccc(F)cc2)c1/C=C/[C@@H](O)C[C@@H](O)CC(=O)[O-].CC(C)c1nc(N(C)S(C)(=O)=O)nc(-c2ccc(F)cc2)c1/C=C/[C@@H](O)C[C@@H](O)CC(=O)[O-].[Ca+2],0.05530908230144015,0.019478092,0.08739348,0.09939485,1296,1888,2340
1586,CHEMBL468,THALIDOMIDE,O=C1CCC(N2C(=O)c3ccccc3C2=O)C(=O)N1,0.05530196193489002,0.008508258,0.17210197,0.115503475,1591,1491,2282
1587,CHEMBL3989556,REMOXIPRIDE HYDROCHLORIDE,CCN1CCC[C@H]1CNC(=O)c1c(OC)ccc(Br)c1OC.Cl.O,0.05516425357621215,0.02766062,0.025657184,0.2365388,1175,2473,1885
1588,CHEMBL2105749,SAMIDORPHAN L-MALATE,NC(=O)c1ccc2c(c1O)[C@]13CCN(CC4CC4)[C@H](C2)[C@]1(O)CCC(=O)C3.O=C(O)C[C@H](O)C(=O)O,0.05512362117846085,0.00058752846,0.6109338,0.46664873,2539,475,1455
1589,CHEMBL1148,TORSEMIDE,Cc1cccc(Nc2ccncc2S(=O)(=O)NC(=O)NC(C)C)c1,0.05501649851789603,0.08328171,0.07634589,0.026190488,775,1974,2693
1590,CHEMBL317094,IMIDAPRIL,CCOC(=O)[C@H](CCc1ccccc1)N[C@@H](C)C(=O)N1C(=O)N(C)C[C@H]1C(=O)O,0.05498509783948516,0.0014932026,0.24838726,0.4482156,2235,1207,1484
1591,CHEMBL3182733,PRAMIPEXOLE DIHYDROCHLORIDE,CCCN[C@H]1CCc2nc(N)sc2C1.Cl.Cl.O,0.05498342968487283,0.072351836,0.0036898965,0.6226323,840,3005,1213
1592,CHEMBL1251,GANIRELIX,CC/N=C(\NCC)NCCCC[C@H](NC(=O)[C@H](CC(C)C)NC(=O)[C@@H](CCCCN/C(=N/CC)NCC)NC(=O)[C@H](Cc1ccc(O)cc1)NC(=O)[C@H](CO)NC(=O)[C@@H](Cc1cccnc1)NC(=O)[C@@H](Cc1ccc(Cl)cc1)NC(=O)[C@@H](Cc1ccc2ccccc2c1)NC(C)=O)C(=O)N1CCC[C@H]1C(=O)N[C@H](C)C(N)=O,0.05483298682045968,0.00019747269,0.8362274,0.99837613,2840,195,72
1593,CHEMBL4650485,PIRTOBRUTINIB,COc1ccc(F)cc1C(=O)NCc1ccc(-c2nn([C@@H](C)C(F)(F)F)c(N)c2C(N)=O)cc1,0.0547679139896653,0.021507308,0.15444179,0.049456988,1258,1570,2576
1594,CHEMBL1484,NICARDIPINE,COC(=O)C1=C(C)NC(C)=C(C(=O)OCCN(C)Cc2ccccc2)C1c1cccc([N+](=O)[O-])c1,0.054737493674984136,0.0037931888,0.08632094,0.50088054,1880,1900,1390
1595,CHEMBL1200841,PROCAINE HYDROCHLORIDE,CCN(CC)CCOC(=O)c1ccc(N)cc1.Cl,0.054666828805694005,0.0009513466,0.4029263,0.42619392,2391,809,1526
1596,CHEMBL3989915,DIFELIKEFALIN,CC(C)C[C@@H](NC(=O)[C@@H](Cc1ccccc1)NC(=O)[C@H](N)Cc1ccccc1)C(=O)N[C@H](CCCCN)C(=O)N1CCC(N)(C(=O)O)CC1,0.054638573522173786,0.0007882929,0.2113518,0.9790492,2455,1340,333
1597,CHEMBL3188267,CAPMATINIB,CNC(=O)c1ccc(-c2cnc3ncc(Cc4ccc5ncccc5c4)n3n2)cc1F,0.0545122640976589,0.047188345,0.05561015,0.06172966,998,2134,2509
1598,CHEMBL261772,MECLOCYCLINE SULFOSALICYLATE,C=C1c2c(Cl)ccc(O)c2C(=O)C2=C(O)[C@]3(O)C(=O)C(C(N)=O)=C(O)[C@@H](N(C)C)[C@@H]3[C@@H](O)[C@H]12.O=C(O)c1cc(S(=O)(=O)O)ccc1O,0.054347392555560085,0.0017829584,0.44709733,0.20136909,2169,719,1979
1599,CHEMBL569,PROCAINE,CCN(CC)CCOC(=O)c1ccc(N)cc1,0.05434332407542536,0.00073643797,0.4301365,0.5066361,2472,748,1379
1600,CHEMBL1652,AMBENONIUM,CC[N+](CC)(CCNC(=O)C(=O)NCC[N+](CC)(CC)Cc1ccccc1Cl)Cc1ccccc1Cl,0.05413326854670078,0.00841087,0.046309102,0.40727282,1594,2210,1556
1601,CHEMBL4298171,LINZAGOLIX CHOLINE,COc1cc(F)c(-n2c(=O)[nH]c3csc(C(=O)[O-])c3c2=O)cc1OCc1c(OC)ccc(F)c1F.C[N+](C)(C)CCO,0.05404927024872097,0.13144086,0.02862342,0.041967932,584,2436,2609
1602,CHEMBL231813,TELAPREVIR,CCC[C@H](NC(=O)[C@@H]1[C@H]2CCC[C@H]2CN1C(=O)[C@@H](NC(=O)[C@@H](NC(=O)c1cnccn1)C1CCCCC1)C(C)(C)C)C(=O)C(=O)NC1CC1,0.053886946735830527,0.0046308367,0.07807578,0.43278766,1805,1956,1515
1603,CHEMBL1200360,IOFETAMINE HYDROCHLORIDE I 123,CC(C)NC(C)Cc1ccc([123I])cc1.Cl,0.05382165067844737,0.60079765,0.00886889,0.029259944,199,2827,2679
1604,CHEMBL1116,RALOXIFENE HYDROCHLORIDE,Cl.O=C(c1ccc(OCCN2CCCCC2)cc1)c1c(-c2ccc(O)cc2)sc2cc(O)ccc12,0.05371102473188391,0.0059899953,0.23021838,0.112363145,1705,1263,2289
1605,CHEMBL2103743,TOFACITINIB CITRATE,C[C@@H]1CCN(C(=O)CC#N)C[C@@H]1N(C)c1ncnc2[nH]ccc12.O=C(O)CC(O)(CC(=O)O)C(=O)O,0.05367992227740467,0.011021931,0.13540225,0.103645876,1495,1643,2316
1606,CHEMBL544665,FINGOLIMOD HYDROCHLORIDE,CCCCCCCCc1ccc(CCC(N)(CO)CO)cc1.Cl,0.05356249038071971,0.0008102847,0.19518897,0.9716043,2443,1402,401
1607,CHEMBL1518,PROPYLTHIOURACIL,CCCc1cc(=O)[nH]c(=S)[nH]1,0.05347378666528078,0.025955798,0.23684135,0.024873154,1196,1243,2698
1608,CHEMBL1200695,PHENYLPROPANOLAMINE HYDROCHLORIDE,CC(N)C(O)c1ccccc1.Cl,0.05342546588053263,0.041912347,0.19667919,0.018498847,1048,1395,2740
1609,CHEMBL1631694,FEXINIDAZOLE,CSc1ccc(OCc2ncc([N+](=O)[O-])n2C)cc1,0.05338431373816927,0.02272079,0.06642625,0.100804,1246,2047,2332
1610,CHEMBL1200366,CEPHALEXIN HYDROCHLORIDE,CC1=C(C(=O)O)N2C(=O)[C@@H](NC(=O)[C@H](N)c3ccccc3)[C@H]2SC1.Cl.O,0.05337151003408411,0.0036857335,0.5383888,0.07661408,1897,582,2438
1611,CHEMBL1200492,NEFAZODONE HYDROCHLORIDE,CCc1nn(CCCN2CCN(c3cccc(Cl)c3)CC2)c(=O)n1CCOc1ccccc1.Cl,0.05332974357651363,0.008661898,0.021022445,0.83293706,1580,2561,845
1612,CHEMBL787,MONTELUKAST,CC(C)(O)c1ccccc1CC[C@@H](SCC1(CC(=O)O)CC1)c1cccc(/C=C/c2ccc3ccc(Cl)cc3n2)c1,0.05331773156105173,0.009574635,0.09396223,0.16847654,1549,1856,2074
1613,CHEMBL1469,PHENYLBUTANOIC ACID,O=C(O)CCCc1ccccc1,0.0532225311461987,0.0012183221,0.19144213,0.6463787,2304,1422,1171
1614,CHEMBL462394,METRIZAMIDE,CC(=O)Nc1c(I)c(C(=O)N[C@H]2C(O)O[C@H](CO)[C@@H](O)[C@@H]2O)c(I)c(N(C)C(C)=O)c1I,0.053026041802994556,0.02467852,0.00941572,0.6416453,1214,2809,1179
1615,CHEMBL1069,VALSARTAN,CCCCC(=O)N(Cc1ccc(-c2ccccc2-c2nnn[nH]2)cc1)[C@H](C(=O)O)C(C)C,0.05301233869252821,0.045785096,0.07331271,0.044384114,1011,1998,2598
1616,CHEMBL920,CHOLINE,C[N+](C)(C)CCO,0.05299775935878405,0.024849204,0.02518858,0.23782438,1211,2484,1878
1617,CHEMBL3301670,DIFEMERINE HYDROCHLORIDE,CN(C)CC(C)(C)OC(=O)C(O)(c1ccccc1)c1ccccc1.Cl,0.052806093325441755,0.034112755,0.031571276,0.1367235,1111,2393,2194
1618,CHEMBL481,IRINOTECAN,CCc1c2c(nc3ccc(OC(=O)N4CCC(N5CCCCC5)CC4)cc13)-c1cc3c(c(=O)n1C2)COC(=O)[C@]3(O)CC,0.052735671500763553,0.0087487,0.017093096,0.9807295,1578,2638,317
1619,CHEMBL3991065,ATOGEPANT,C[C@@H]1[C@H](c2c(F)ccc(F)c2F)C[C@H](NC(=O)c2cnc3c(c2)C[C@@]2(C3)C(=O)Nc3ncccc32)C(=O)N1CC(F)(F)F,0.0526404139687203,0.023153335,0.0063480525,0.9924388,1238,2904,174
1620,CHEMBL434200,TERTATOLOL,CC(C)(C)NCC(O)COc1cccc2c1SCCC2,0.05253942885151327,0.013492055,0.011321549,0.94944954,1419,2755,508
1621,CHEMBL1040,CALCIFEDIOL ANHYDROUS,C=C1CC[C@H](O)C/C1=C/C=C1\CCC[C@]2(C)[C@@H]([C@H](C)CCCC(C)(C)O)CC[C@@H]12,0.052519212822338485,0.0022611958,0.08269076,0.7747464,2089,1927,969
1622,CHEMBL651,METHADONE,CCC(=O)C(CC(C)N(C)C)(c1ccccc1)c1ccccc1,0.05247227484402449,0.007432322,0.08197588,0.23712592,1633,1933,1881
1623,CHEMBL1738990,LEVOPROPOXYPHENE,CCC(=O)O[C@@](Cc1ccccc1)(c1ccccc1)[C@@H](C)CN(C)C,0.05238315171283099,0.013151338,0.037754063,0.28949505,1431,2322,1776
1624,CHEMBL476960,VOGLIBOSE,OCC(CO)N[C@H]1C[C@](O)(CO)[C@@H](O)[C@H](O)[C@H]1O,0.052312985714731364,0.029930204,0.004805069,0.99544924,1152,2965,119
1625,CHEMBL1201340,DIPHEMANIL,C[N+]1(C)CCC(=C(c2ccccc2)c2ccccc2)CC1,0.052196767631135996,0.01545369,0.021404237,0.42993122,1373,2551,1521
1626,CHEMBL2104594,CALCIUM GLUBIONATE,O.O=C([O-])[C@H](O)[C@@H](O)[C@H](O)[C@H](O)CO.O=C([O-])[C@H](O)[C@@H](O)[C@H](O[C@@H]1O[C@H](CO)[C@H](O)[C@H](O)[C@H]1O)[C@H](O)CO.[Ca+2],0.052109814496616814,0.012843008,0.08695137,0.12671131,1445,1892,2235
1627,CHEMBL1254682,LEVALLORPHAN,C=CCN1CC[C@]23CCCC[C@H]2[C@H]1Cc1ccc(O)cc13,0.052068203646196055,0.0004829197,0.5543381,0.5273126,2597,561,1353
1628,CHEMBL1568057,METAPROTERENOL SULFATE,CC(C)NCC(O)c1cc(O)cc(O)c1.CC(C)NCC(O)c1cc(O)cc(O)c1.O=S(=O)(O)O,0.05198036065388858,0.00647536,0.27772465,0.078097925,1677,1117,2429
1629,CHEMBL1089318,OPICAPONE,Cc1c(Cl)c(C)[n+]([O-])c(Cl)c1-c1noc(-c2cc(O)c(O)c([N+](=O)[O-])c2)n1,0.05164400441262694,0.07335215,0.14880982,0.012618721,834,1601,2802
1630,CHEMBL1201059,PROGUANIL HYDROCHLORIDE,CC(C)NC(=N)NC(=N)Nc1ccc(Cl)cc1.Cl,0.05155076955434863,0.00013772199,0.9953434,0.99937636,2936,8,45
1631,CHEMBL1201322,THONZONIUM,CCCCCCCCCCCCCCCC[N+](C)(C)CCN(Cc1ccc(OC)cc1)c1ncccn1,0.0515202856785678,0.005737758,0.027737271,0.85926867,1719,2444,789
1632,CHEMBL2219740,CALCIUM GLUBIONATE ANHYDROUS,O=C([O-])[C@H](O)[C@@H](O)[C@H](O)[C@H](O)CO.O=C([O-])[C@H](O)[C@@H](O)[C@H](O[C@@H]1O[C@H](CO)[C@H](O)[C@H](O)[C@H]1O)[C@H](O)CO.[Ca+2],0.051504006101515606,0.013196604,0.08574402,0.12074159,1428,1903,2261
1633,CHEMBL1200426,METHIXENE HYDROCHLORIDE,CN1CCCC(CC2c3ccccc3Sc3ccccc32)C1.Cl.O,0.05136360871647926,0.012366132,0.010977692,0.9982091,1453,2761,78
1634,CHEMBL22242,REMOXIPRIDE,CCN1CCC[C@H]1CNC(=O)c1c(OC)ccc(Br)c1OC,0.05123354413102406,0.02665595,0.017582549,0.28693742,1188,2628,1783
1635,CHEMBL1694,BENAZEPRIL HYDROCHLORIDE,CCOC(=O)[C@H](CCc1ccccc1)N[C@H]1CCc2ccccc2N(CC(=O)O)C1=O.Cl,0.05119811041214179,0.0035760964,0.22142544,0.16948256,1909,1296,2070
1636,CHEMBL184,ACYCLOVIR,Nc1nc2c(ncn2COCCO)c(=O)[nH]1,0.05115720216772613,0.19364059,0.03846175,0.017976081,493,2307,2749
1637,CHEMBL1456,MYCOPHENOLATE MOFETIL,COc1c(C)c2c(c(O)c1C/C=C(\C)CCC(=O)OCCN1CCOCC1)C(=O)OC2,0.05112543496398496,0.0043119686,0.0313051,0.98996603,1829,2398,218
1638,CHEMBL1739,METOCURINE IODIDE,COc1ccc2cc1Oc1cc3c(cc1OC)CC[N+](C)(C)[C@H]3Cc1ccc(cc1)Oc1c(OC)c(OC)cc3c1[C@@H](C2)[N+](C)(C)CC3.[I-].[I-],0.05095264287063636,0.041636378,0.0031779625,0.99972004,1049,3025,29
1639,CHEMBL1200461,MIDODRINE HYDROCHLORIDE,COc1ccc(OC)c(C(O)CNC(=O)CN)c1.Cl,0.05079263510055476,0.012291319,0.031065399,0.34318376,1456,2401,1663
1640,CHEMBL1564,DIPHENYLPYRALINE HYDROCHLORIDE,CN1CCC(OC(c2ccccc2)c2ccccc2)CC1.Cl,0.05073990617988042,0.0066332337,0.027467066,0.7169871,1675,2448,1073
1641,CHEMBL746,NEDOCROMIL,CCCc1c2oc(C(=O)O)cc(=O)c2cc2c(=O)cc(C(=O)O)n(CC)c12,0.050606898719230596,0.053509526,0.19265673,0.012572275,952,1414,2804
1642,CHEMBL284348,DALFAMPRIDINE,Nc1ccncc1,0.05049047087366476,0.032922275,0.05809109,0.06730214,1123,2110,2475
1643,CHEMBL521606,NADOLOL,CC(C)(C)NCC(O)COc1cccc2c1CC(O)C(O)C2,0.050333522287037,0.012928886,0.009920712,0.994187,1442,2796,148
1644,CHEMBL589,ROPINIROLE,CCCN(CCC)CCc1cccc2c1CC(=O)N2,0.05029856039633718,0.11540286,0.0011042199,0.99860674,627,3155,62
1645,CHEMBL81,RALOXIFENE,O=C(c1ccc(OCCN2CCCCC2)cc1)c1c(-c2ccc(O)cc2)sc2cc(O)ccc12,0.04997562793501028,0.0055370103,0.21311343,0.10577636,1737,1329,2309
1646,CHEMBL256907,MARAVIROC,Cc1nnc(C(C)C)n1[C@H]1C[C@H]2CC[C@@H](C1)N2CC[C@H](NC(=O)C1CCC(F)(F)CC1)c1ccccc1,0.0498184213989083,0.0020394586,0.112232365,0.5401779,2124,1763,1334
1647,CHEMBL1697686,CLOFOREX,CCOC(=O)NC(C)(C)Cc1ccc(Cl)cc1,0.049806818298758125,0.0028741334,0.31996006,0.13435805,2003,1010,2201
1648,CHEMBL126,LINEZOLID,CC(=O)NC[C@H]1CN(c2ccc(N3CCOCC3)c(F)c2)C(=O)O1,0.04979804749983497,0.0025536425,0.08726854,0.5541395,2045,1890,1316
1649,CHEMBL1200544,CEPHALEXIN,CC1=C(C(=O)O)N2C(=O)[C@@H](NC(=O)[C@H](N)c3ccccc3)[C@H]2SC1.O,0.04977601253959254,0.0031916304,0.49387324,0.0782406,1955,643,2428
1650,CHEMBL1200578,THEOPHYLLINE SODIUM GLYCINATE,Cn1c(=O)c2[nH]cnc2n(C)c1=O.NCC(=O)[O-].[Na+],0.049757781425119614,0.11008485,0.17503926,0.006393226,650,1482,2910
1651,CHEMBL1200434,OXTRIPHYLLINE,C[N+](C)(C)CCO.Cn1c(=O)c2[n-]cnc2n(C)c1=O,0.04961489922563086,0.14789152,0.0342987,0.024077721,554,2363,2703
1652,CHEMBL623,NEFAZODONE,CCc1nn(CCCN2CCN(c3cccc(Cl)c3)CC2)c(=O)n1CCOc1ccccc1,0.049570559626941325,0.0077290884,0.019007325,0.8291292,1617,2589,857
1653,CHEMBL277535,BIFONAZOLE,c1ccc(-c2ccc(C(c3ccccc3)n3ccnc3)cc2)cc1,0.049542016465357,0.14021586,0.12171585,0.007124868,568,1712,2892
1654,CHEMBL454,BUTALBITAL,C=CCC1(CC(C)C)C(=O)NC(=O)NC1=O,0.04943548103349031,0.0026796397,0.33797628,0.13339932,2036,963,2207
1655,CHEMBL1200813,ACEBUTOLOL HYDROCHLORIDE,CCCC(=O)Nc1ccc(OCC(O)CNC(C)C)c(C(C)=O)c1.Cl,0.0493900708521947,0.00056034775,0.23703136,0.9071005,2548,1242,664
1656,CHEMBL1378,THIETHYLPERAZINE,CCSc1ccc2c(c1)N(CCCN1CCN(C)CC1)c1ccccc1S2,0.04927914058260492,0.011548152,0.010414667,0.99501896,1476,2778,127
1657,CHEMBL1334078,SODIUM HYPOCHLORITE,[Na+].[O-]Cl,0.049003066607059866,0.026043378,0.34533253,0.013083832,1193,940,2799
1658,CHEMBL1200610,LORACARBEF,N[C@@H](C(=O)N[C@@H]1C(=O)N2C(C(=O)O)=C(Cl)CC[C@H]12)c1ccccc1.O,0.04893690044073692,0.0040062577,0.3408278,0.0858293,1865,951,2398
1659,CHEMBL1727,CEPHALEXIN ANHYDROUS,CC1=C(C(=O)O)N2C(=O)[C@@H](NC(=O)[C@H](N)c3ccccc3)[C@H]2SC1,0.04886864770614141,0.002955839,0.4425233,0.089222424,1992,725,2383
1660,CHEMBL838,BENAZEPRIL,CCOC(=O)[C@H](CCc1ccccc1)N[C@H]1CCc2ccccc2N(CC(=O)O)C1=O,0.048859303371476905,0.003351492,0.20870644,0.16675071,1936,1349,2081
1661,CHEMBL569713,SCOPOLAMINE,CN1[C@@H]2C[C@@H](OC(=O)[C@H](CO)c3ccccc3)C[C@H]1[C@@H]1O[C@@H]12,0.04885914950829742,0.0017522082,0.097203106,0.68481284,2179,1834,1111
1662,CHEMBL7568,QUINACRINE,CCN(CC)CCCC(C)Nc1c2ccc(Cl)cc2nc2ccc(OC)cc12,0.04854955902029479,0.030974371,0.0693114,0.053302627,1141,2031,2553
1663,CHEMBL46917,CARBARIL,CNC(=O)Oc1cccc2ccccc12,0.04842566491628983,0.017050287,0.41846368,0.01591612,1341,774,2769
1664,CHEMBL1201347,ANILERIDINE,CCOC(=O)C1(c2ccccc2)CCN(CCc2ccc(N)cc2)CC1,0.048348035085859976,0.00046958195,0.4739544,0.5077951,2608,676,1378
1665,CHEMBL3544909,CALCIFEDIOL,C=C1CC[C@H](O)C/C1=C/C=C1\CCC[C@]2(C)[C@@H]([C@H](C)CCCC(C)(C)O)CC[C@@H]12.O,0.048341361373074654,0.0020842499,0.07965034,0.68048584,2116,1948,1122
1666,CHEMBL1200347,ISOPROPAMIDE IODIDE,CC(C)[N+](C)(CCC(C(N)=O)(c1ccccc1)c1ccccc1)C(C)C.[I-],0.04829001767920619,0.008514753,0.040095847,0.32983792,1590,2284,1692
1667,CHEMBL1213351,PROPOXYPHENE,CCC(=O)O[C@](Cc1ccccc1)(c1ccccc1)[C@H](C)CN(C)C,0.04827791110905253,0.012686547,0.02828349,0.31359497,1449,2441,1729
1668,CHEMBL557555,CIPROFIBRATE,CC(C)(Oc1ccc(C2CC2(Cl)Cl)cc1)C(=O)O,0.048270209380252754,0.023065012,0.05107065,0.09548001,1241,2170,2354
1669,CHEMBL1237104,PROPOXYPHENE HYDROCHLORIDE,CCC(=O)O[C@](Cc1ccccc1)(c1ccccc1)[C@H](C)CN(C)C.Cl,0.04819863350402468,0.012671737,0.031897824,0.27701727,1450,2390,1801
1670,CHEMBL1201212,MIDODRINE,COc1ccc(OC)c(C(O)CNC(=O)CN)c1,0.048145172391869356,0.011561778,0.027871761,0.34631333,1475,2442,1656
1671,CHEMBL1200745,OXPRENOLOL HYDROCHLORIDE,C=CCOc1ccccc1OCC(O)CNC(C)C.Cl,0.04809702710240554,0.0012950888,0.08687084,0.98896563,2281,1894,224
1672,CHEMBL1698,BUPROPION HYDROCHLORIDE,CC(NC(C)(C)C)C(=O)c1cccc(Cl)c1.Cl,0.04804483651917459,0.032018833,0.15603125,0.02219847,1130,1552,2717
1673,CHEMBL1068,OXCARBAZEPINE,NC(=O)N1c2ccccc2CC(=O)c2ccccc21,0.04793949944273428,0.019160641,0.05668141,0.10144481,1305,2121,2326
1674,CHEMBL1013,LORACARBEF ANHYDROUS,N[C@@H](C(=O)N[C@@H]1C(=O)N2C(C(=O)O)=C(Cl)CC[C@H]12)c1ccccc1,0.04790284899190055,0.003784028,0.29876348,0.097230434,1882,1059,2349
1675,CHEMBL2105941,AMOBARBITAL SODIUM,CCC1(CCC(C)C)C(=O)N=C([O-])NC1=O.[Na+],0.047877175914693364,0.0009998735,0.4368791,0.25123447,2371,735,1850
1676,CHEMBL821,GUANIDINE,N=C(N)N,0.0478139349732562,0.00055334216,0.26102635,0.75680745,2556,1172,1008
1677,CHEMBL894,BUPROPION,CC(NC(C)(C)C)C(=O)c1cccc(Cl)c1,0.04778963407545362,0.030076513,0.160256,0.022644322,1151,1537,2713
1678,CHEMBL591,ETHCHLORVYNOL,C#CC(O)(/C=C/Cl)CC,0.04778365405713078,0.011693048,0.6073113,0.015363812,1471,481,2771
1679,CHEMBL4297088,CHLORHEXIDINE GLUCONATE,N=C(NCCCCCCNC(=N)NC(=N)Nc1ccc(Cl)cc1)NC(=N)Nc1ccc(Cl)cc1.O=C(O)[C@H](O)[C@@H](O)[C@H](O)[C@H](O)CO.O=C(O)[C@H](O)[C@@H](O)[C@H](O)[C@H](O)CO,0.04778335072507374,0.00011198609,0.97737044,0.9967962,2972,42,95
1680,CHEMBL2063090,GRAZOPREVIR ANHYDROUS,C=C[C@@H]1C[C@]1(NC(=O)[C@@H]1C[C@@H]2CN1C(=O)[C@H](C(C)(C)C)NC(=O)O[C@@H]1C[C@H]1CCCCCc1nc3ccc(OC)cc3nc1O2)C(=O)NS(=O)(=O)C1CC1,0.047735112455640966,0.0049250643,0.029904416,0.7385274,1778,2416,1039
1681,CHEMBL1108,DROPERIDOL,O=C(CCCN1CC=C(n2c(=O)[nH]c3ccccc32)CC1)c1ccc(F)cc1,0.047689607089142334,0.007600757,0.17085001,0.08352171,1627,1499,2404
1682,CHEMBL1200852,PENICILLIN V POTASSIUM,CC1(C)S[C@@H]2[C@H](NC(=O)COc3ccccc3)C(=O)N2[C@H]1C(=O)[O-].[K+],0.04756687925888528,0.0029014756,0.2562459,0.14475653,1996,1184,2158
1683,CHEMBL1200825,METHADONE HYDROCHLORIDE,CCC(=O)C(CC(C)N(C)C)(c1ccccc1)c1ccccc1.Cl,0.047494813800874856,0.0067862924,0.08297216,0.1902714,1662,1922,2011
1684,CHEMBL2105233,PROXIBARBAL,C=CCC1(CC(C)O)C(=O)NC(=O)NC1=O,0.04743007726809123,0.0025080482,0.33373395,0.12747504,2055,978,2230
1685,CHEMBL1131,ACITRETIN,COc1cc(C)c(/C=C/C(C)=C/C=C/C(C)=C/C(=O)O)c(C)c1C,0.04734862638774832,0.013392868,0.02257452,0.35109937,1423,2529,1644
1686,CHEMBL1446650,MEBEVERINE HYDROCHLORIDE,CCN(CCCCOC(=O)c1ccc(OC)c(OC)c1)C(C)Cc1ccc(OC)cc1.Cl,0.04730284802058925,0.0013804289,0.28843683,0.26582578,2265,1089,1824
1687,CHEMBL3142541,BUTAMBEN PICRATE,CCCCOC(=O)c1ccc(N)cc1.CCCCOC(=O)c1ccc(N)cc1.O=[N+]([O-])c1cc([N+](=O)[O-])c(O)c([N+](=O)[O-])c1,0.047179596932734276,0.040307857,0.14506118,0.017960642,1057,1609,2750
1688,CHEMBL4084119,LIRAGLUTIDE,CCCCCCCCCCCCCCCC(=O)N[C@@H](CCC(=O)NCCCC[C@H](NC(=O)[C@H](C)NC(=O)[C@H](C)NC(=O)[C@H](CCC(N)=O)NC(=O)CNC(=O)[C@H](CCC(=O)O)NC(=O)[C@H](CC(C)C)NC(=O)[C@H](Cc1ccc(O)cc1)NC(=O)[C@H](CO)NC(=O)[C@H](CO)NC(=O)[C@@H](NC(=O)[C@H](CC(=O)O)NC(=O)[C@H](CO)NC(=O)[C@@H](NC(=O)[C@H](Cc1ccccc1)NC(=O)[C@@H](NC(=O)CNC(=O)[C@H](CCC(=O)O)NC(=O)[C@H](C)NC(=O)[C@@H](N)Cc1cnc[nH]1)[C@@H](C)O)[C@@H](C)O)C(C)C)C(=O)N[C@@H](CCC(=O)O)C(=O)N[C@@H](Cc1ccccc1)C(=O)N[C@H](C(=O)N[C@@H](C)C(=O)N[C@@H](Cc1c[nH]c2ccccc12)C(=O)N[C@@H](CC(C)C)C(=O)N[C@H](C(=O)N[C@@H](CCCNC(=N)N)C(=O)NCC(=O)N[C@@H](CCCNC(=N)N)C(=O)NCC(=O)O)C(C)C)[C@@H](C)CC)C(=O)O,0.04716729825091613,0.00018046712,0.6003199,0.9685947,2877,493,424
1689,CHEMBL63857,PHENOLPHTHALEIN,O=C1OC(c2ccc(O)cc2)(c2ccc(O)cc2)c2ccccc21,0.04713042354498597,0.002690954,0.20231992,0.19229107,2033,1372,2004
1690,CHEMBL3989529,ETHANOLAMINE OLEATE,CCCCCCCC/C=C\CCCCCCCC(=O)O.NCCO,0.04712823968278387,0.0006598928,0.2003533,0.7917238,2503,1382,932
1691,CHEMBL544,MEQUINOL,COc1ccc(O)cc1,0.04702446305839589,0.0008260057,0.50723445,0.24818742,2434,627,1857
1692,CHEMBL2178422,RIMEGEPANT,N[C@@H]1c2cccnc2[C@H](OC(=O)N2CCC(n3c(=O)[nH]c4ncccc43)CC2)CC[C@H]1c1cccc(F)c1F,0.04697628855444962,0.01808518,0.012006389,0.47742036,1323,2740,1435
1693,CHEMBL36715,PIRACETAM,NC(=O)CN1CCCC1=O,0.046954117748396244,0.0034722164,0.270986,0.11001891,1924,1141,2295
1694,CHEMBL1201232,ISOPROPAMIDE,CC(C)[N+](C)(CCC(C(N)=O)(c1ccccc1)c1ccccc1)C(C)C,0.04684644170839764,0.00673921,0.04296201,0.3550882,1668,2250,1638
1695,CHEMBL282121,MEBEVERINE,CCN(CCCCOC(=O)c1ccc(OC)c(OC)c1)C(C)Cc1ccc(OC)cc1,0.046793266222381724,0.0010088221,0.31746268,0.3199211,2363,1014,1717
1696,CHEMBL2104356,KETAZOLAM,CC1=CC(=O)N2CC(=O)N(C)c3ccc(Cl)cc3C2(c2ccccc2)O1,0.04668098523874761,0.0022852784,0.6723177,0.06620738,2081,394,2487
1697,CHEMBL638,VORICONAZOLE,C[C@@H](c1ncncc1F)[C@](O)(Cn1cncn1)c1ccc(F)cc1F,0.04653190749494499,0.09896504,0.10048124,0.01013178,698,1809,2834
1698,CHEMBL1200405,BITOLTEROL MESYLATE,CS(=O)(=O)O.Cc1ccc(C(=O)Oc2ccc(C(O)CNC(C)(C)C)cc2OC(=O)c2ccc(C)cc2)cc1,0.046484875776139835,0.016999193,0.15914829,0.03712827,1343,1543,2634
1699,CHEMBL1535,HYDROXYCHLOROQUINE,CCN(CCO)CCCC(C)Nc1ccnc2cc(Cl)ccc12,0.04628194403686028,0.021204848,0.08875909,0.052672844,1262,1883,2555
1700,CHEMBL642,ACEBUTOLOL,CCCC(=O)Nc1ccc(OCC(O)CNC(C)C)c(C(C)=O)c1,0.04620699851166246,0.000481048,0.2285616,0.8972875,2599,1270,690
1701,CHEMBL681,ETOMIDATE,CCOC(=O)c1cncn1[C@H](C)c1ccccc1,0.04619060996987426,0.033737775,0.35683152,0.008186183,1115,908,2876
1702,CHEMBL2104287,DIBENZEPIN HYDROCHLORIDE,CN(C)CCN1C(=O)c2ccccc2N(C)c2ccccc21.Cl,0.04618038581000991,0.014695098,0.033627417,0.19929977,1391,2374,1988
1703,CHEMBL1423,PIMOZIDE,O=c1[nH]c2ccccc2n1C1CCN(CCCC(c2ccc(F)cc2)c2ccc(F)cc2)CC1,0.04613939629114796,0.0063162674,0.120020114,0.129569,1689,1718,2221
1704,CHEMBL465,DRONABINOL,CCCCCc1cc(O)c2c(c1)OC(C)(C)[C@@H]1CCC(C)=C[C@@H]21,0.04608878904223821,0.0044329315,0.022872932,0.96554595,1820,2524,443
1705,CHEMBL1200975,CLOCORTOLONE PIVALATE,C[C@@H]1C[C@H]2[C@@H]3C[C@H](F)C4=CC(=O)C=C[C@]4(C)[C@@]3(Cl)[C@@H](O)C[C@]2(C)[C@H]1C(=O)COC(=O)C(C)(C)C,0.046045668789711905,0.0011663573,0.09027659,0.92717075,2318,1873,596
1706,CHEMBL43064,CINNARIZINE,C(=C/c1ccccc1)\CN1CCN(C(c2ccccc2)c2ccccc2)CC1,0.04602900847013216,0.008523532,0.081869595,0.13975027,1588,1934,2181
1707,CHEMBL1407915,NEFOPAM HYDROCHLORIDE,CN1CCOC(c2ccccc2)c2ccccc2C1.Cl,0.04602675939163942,0.0108767655,0.009216678,0.97265065,1499,2816,394
1708,CHEMBL1200771,TRIDIHEXETHYL CHLORIDE,CC[N+](CC)(CC)CCC(O)(c1ccccc1)C1CCCCC1.[Cl-],0.045958647906903974,0.0032261056,0.031193582,0.9646238,1952,2399,450
1709,CHEMBL2105740,SITAXENTAN SODIUM,Cc1cc2c(cc1CC(=O)c1sccc1S(=O)(=O)[N-]c1onc(C)c1Cl)OCO2.[Na+],0.04594738188945714,0.05560788,0.0023213949,0.7514445,938,3068,1016
1710,CHEMBL1201047,ANILERIDINE HYDROCHLORIDE,CCOC(=O)C1(c2ccccc2)CCN(CCc2ccc(N)cc2)CC1.Cl,0.04590512072250425,0.0004936121,0.45425445,0.43141812,2590,710,1517
1711,CHEMBL1200341,INDECAINIDE HYDROCHLORIDE,CC(C)NCCCC1(C(N)=O)c2ccccc2-c2ccccc21.Cl,0.04589718016558227,0.003955937,0.06413346,0.3810869,1868,2056,1604
1712,CHEMBL1492,DIPHENYLPYRALINE,CN1CCC(OC(c2ccccc2)c2ccccc2)CC1,0.045831497814204064,0.0073703458,0.016986718,0.76894426,1635,2639,983
1713,CHEMBL1200630,CYSTEINE HYDROCHLORIDE,Cl.N[C@@H](CS)C(=O)O,0.04572680955695071,0.0011421628,0.1769711,0.47302318,2326,1472,1442
1714,CHEMBL3936761,ZANUBRUTINIB,C=CC(=O)N1CCC([C@@H]2CCNc3c(C(N)=O)c(-c4ccc(Oc5ccccc5)cc4)nn32)CC1,0.045673328704015886,0.010019396,0.13229516,0.071879074,1529,1662,2450
1715,CHEMBL2024517,CARIPRAZINE HYDROCHLORIDE,CN(C)C(=O)N[C@H]1CC[C@H](CCN2CCN(c3cccc(Cl)c3Cl)CC2)CC1.Cl,0.04558639639858847,0.0064164093,0.015764166,0.9365755,1684,2663,558
1716,CHEMBL1259,METOCURINE,COc1ccc2cc1Oc1cc3c(cc1OC)CC[N+](C)(C)[C@H]3Cc1ccc(cc1)Oc1c(OC)c(OC)cc3c1[C@@H](C2)[N+](C)(C)CC3,0.04555790251795536,0.03321186,0.0028479183,0.99970156,1121,3037,30
1717,CHEMBL1678,DONEPEZIL HYDROCHLORIDE,COc1cc2c(cc1OC)C(=O)C(CC1CCN(Cc3ccccc3)CC1)C2.Cl,0.045432226030349444,0.0033683425,0.028831534,0.96562415,1934,2431,442
1718,CHEMBL1200368,BENTIROMIDE,O=C(O)c1ccc(NC(=O)[C@H](Cc2ccc(O)cc2)NC(=O)c2ccccc2)cc1,0.04541447287814955,0.00013671776,0.7776273,0.881021,2938,263,733
1719,CHEMBL314854,FINGOLIMOD,CCCCCCCCc1ccc(CCC(N)(CO)CO)cc1,0.04531691181675233,0.0005505151,0.17308635,0.9766724,2557,1490,359
1720,CHEMBL1096882,FLUDARABINE PHOSPHATE,Nc1nc(F)nc2c1ncn2[C@@H]1O[C@H](COP(=O)(O)O)[C@@H](O)[C@@H]1O,0.04524411014054801,0.085417084,0.049626254,0.021848919,761,2184,2718
1721,CHEMBL1684,BENDROFLUMETHIAZIDE,NS(=O)(=O)c1cc2c(cc1C(F)(F)F)NC(Cc1ccccc1)NS2(=O)=O,0.045093822711369365,0.019974962,0.008284446,0.5541173,1287,2836,1317
1722,CHEMBL887,RASAGILINE,C#CCN[C@@H]1CCc2ccccc21,0.04502298406790905,0.01325141,0.011855009,0.5809501,1427,2746,1270
1723,CHEMBL3301627,TENAPANOR HYDROCHLORIDE,CN1Cc2c(Cl)cc(Cl)cc2[C@H](c2cccc(S(=O)(=O)NCCOCCOCCNC(=O)NCCCCNC(=O)NCCOCCOCCNS(=O)(=O)c3cccc([C@@H]4CN(C)Cc5c(Cl)cc(Cl)cc54)c3)c2)C1.Cl.Cl,0.044969860889705796,0.03498203,0.0078991335,0.32910925,1100,2851,1694
1724,CHEMBL3545183,ETELCALCETIDE HYDROCHLORIDE,CC(=O)N[C@H](CSSC[C@H](N)C(=O)O)C(=O)N[C@H](C)C(=O)N[C@H](CCCNC(=N)N)C(=O)N[C@H](CCCNC(=N)N)C(=O)N[C@H](CCCNC(=N)N)C(=O)N[C@H](C)C(=O)N[C@H](CCCNC(=N)N)C(N)=O.Cl,0.04491251744272673,0.0003541972,0.2950509,0.8668823,2684,1070,771
1725,CHEMBL6067972,VARENICLINE TARTRATE,O=C(O)[C@H](O)[C@@H](O)C(=O)O.c1cnc2cc3c(cc2n1)[C@@H]1CNC[C@H]3C1,0.044769109614311485,0.019540582,0.0052426923,0.87587804,1294,2950,754
1726,CHEMBL1442422,DIBENZEPIN,CN(C)CCN1C(=O)c2ccccc2N(C)c2ccccc21,0.044632193258217254,0.014015679,0.029838178,0.21259752,1404,2418,1947
1727,CHEMBL101,PHENYLBUTAZONE,CCCCC1C(=O)N(c2ccccc2)N(c2ccccc2)C1=O,0.04454797013430147,0.0014330455,0.3076861,0.20050074,2254,1042,1982
1728,CHEMBL711,PHENINDIONE,O=C1c2ccccc2C(=O)C1c1ccccc1,0.04453979620556775,0.021198887,0.02864653,0.14549884,1263,2435,2155
1729,CHEMBL915,NEDOCROMIL SODIUM,CCCc1c2oc(C(=O)[O-])cc(=O)c2cc2c(=O)cc(C(=O)[O-])n(CC)c12.[Na+].[Na+],0.044533458814713996,0.05082776,0.17503944,0.009927102,973,1481,2839
1730,CHEMBL1201067,BIPERIDEN LACTATE,CC(O)C(=O)O.OC(CCN1CCCCC1)(c1ccccc1)C1CC2C=CC1C2,0.044493369976446574,0.00045746568,0.21805343,0.88300776,2617,1309,725
1731,CHEMBL469,KETOROLAC,O=C(c1ccccc1)c1ccc2n1CCC2C(=O)O,0.04437627073433811,0.05023529,0.14936036,0.01164684,978,1596,2817
1732,CHEMBL225072,PEMETREXED,Nc1nc2[nH]cc(CCc3ccc(C(=O)N[C@@H](CCC(=O)O)C(=O)O)cc3)c2c(=O)[nH]1,0.04429418852519315,0.0043037217,0.16874148,0.11966695,1830,1504,2265
1733,CHEMBL197084,TROFINETIDE,C[C@@]1(C(=O)N[C@@H](CCC(=O)O)C(=O)O)CCCN1C(=O)CN,0.04425398667682458,0.00028382707,0.3594219,0.8495696,2745,904,816
1734,CHEMBL4297503,BALOXAVIR MARBOXIL,COC(=O)OCOc1c2n(ccc1=O)N([C@@H]1c3ccccc3SCc3c1ccc(F)c3F)[C@@H]1COCCN1C2=O,0.04423667789487758,0.0042749783,0.15909304,0.12728065,1833,1544,2231
1735,CHEMBL188921,BUFLOMEDIL,COc1cc(OC)c(C(=O)CCCN2CCCC2)c(OC)c1,0.04419977011089988,0.0039276746,0.022802344,0.96415085,1872,2525,453
1736,CHEMBL2105675,TAFAMIDIS MEGLUMINE,CNC[C@H](O)[C@@H](O)[C@H](O)[C@H](O)CO.O=C(O)c1ccc2nc(-c3cc(Cl)cc(Cl)c3)oc2c1,0.04419330241909534,0.032634273,0.0611435,0.043255877,1126,2080,2603
1737,CHEMBL919,FOSPHENYTOIN SODIUM,O=C1NC(c2ccccc2)(c2ccccc2)C(=O)N1COP(=O)([O-])[O-].[Na+].[Na+],0.04405738198598874,0.0031142875,0.22604379,0.12147999,1969,1283,2257
1738,CHEMBL1963683,TAFLUPROST,CC(C)OC(=O)CCC/C=C\C[C@@H]1[C@@H](/C=C/C(F)(F)COc2ccccc2)[C@H](O)C[C@@H]1O,0.044008376129897664,0.009434712,0.06356394,0.14212373,1552,2061,2169
1739,CHEMBL1237099,DOXACURIUM CHLORIDE,COc1cc(CC2c3c(cc(OC)c(OC)c3OC)CC[N+]2(C)CCCOC(=O)CCC(=O)OCCC[N+]2(C)CCc3cc(OC)c(OC)c(OC)c3C2Cc2cc(OC)c(OC)c(OC)c2)cc(OC)c1OC.[Cl-].[Cl-],0.04400212334101417,0.0011516936,0.07539535,0.9811591,2321,1981,314
1740,CHEMBL2364629,RIMEGEPANT SULFATE,N[C@@H]1c2cccnc2[C@H](OC(=O)N2CCC(n3c(=O)[nH]c4ncccc43)CC2)CC[C@H]1c1cccc(F)c1F.N[C@@H]1c2cccnc2[C@H](OC(=O)N2CCC(n3c(=O)[nH]c4ncccc43)CC2)CC[C@H]1c1cccc(F)c1F.O.O.O.O=S(=O)(O)O,0.043996710111491866,0.016486721,0.019320622,0.26736537,1355,2583,1818
1741,CHEMBL58323,LACOSAMIDE,COC[C@@H](NC(C)=O)C(=O)NCc1ccccc1,0.043854968459270886,0.0002552144,0.34930068,0.94613254,2772,928,516
1742,CHEMBL546,OXPRENOLOL,C=CCOc1ccccc1OCC(O)CNC(C)C,0.043738460209396486,0.0010034727,0.084296845,0.9891762,2368,1913,223
1743,CHEMBL231779,APIXABAN,COc1ccc(-n2nc(C(N)=O)c3c2C(=O)N(c2ccc(N4CCCCC4=O)cc2)CC3)cc1,0.043727245316781106,0.0067538377,0.13895832,0.0890884,1667,1632,2384
1744,CHEMBL1200382,BEPRIDIL HYDROCHLORIDE,CC(C)COCC(CN(Cc1ccccc1)c1ccccc1)N1CCCC1.Cl.O,0.04368584312666053,0.002672157,0.03549005,0.8791308,2037,2352,744
1745,CHEMBL1201242,INDECAINIDE,CC(C)NCCCC1(C(N)=O)c2ccccc2-c2ccccc21,0.04357038287215277,0.0038301414,0.05418001,0.39858437,1878,2141,1569
1746,CHEMBL1214124,PERAMPANEL,N#Cc1ccccc1-c1cc(-c2ccccn2)cn(-c2ccccc2)c1=O,0.04341121263319543,0.06889681,0.1294322,0.009174116,859,1672,2857
1747,CHEMBL1200681,MONTELUKAST SODIUM,CC(C)(O)c1ccccc1CC[C@@H](SCC1(CC(=O)[O-])CC1)c1cccc(/C=C/c2ccc3ccc(Cl)cc3n2)c1.[Na+],0.04332480002100438,0.008009531,0.085475765,0.11878449,1605,1907,2270
1748,CHEMBL5095401,IPTACOPAN HYDROCHLORIDE,CCO[C@H]1CCN(Cc2c(OC)cc(C)c3[nH]ccc23)[C@H](c2ccc(C(=O)O)cc2)C1.Cl.O,0.043203923018919135,0.003964198,0.03196219,0.6364696,1866,2388,1192
1749,CHEMBL1909283,MEBANAZINE,CC(NN)c1ccccc1,0.043180303722711366,0.026767295,0.2049097,0.014678786,1187,1362,2778
1750,CHEMBL1096,AMLEXANOX,CC(C)c1ccc2oc3nc(N)c(C(=O)O)cc3c(=O)c2c1,0.04309022916115181,0.026272452,0.3300795,0.00922608,1192,987,2856
1751,CHEMBL5095039,GALLIUM GA 68 GOZETOTIDE,O=C([O-])CN(CCN(CC(=O)[O-])Cc1cc(CCC(=O)NCCCCCC(=O)NCCCC[C@H](NC(=O)N[C@@H](CCC(=O)O)C(=O)O)C(=O)O)ccc1[O-])Cc1cc(CCC(=O)O)ccc1[O-].[68Ga+3].[OH3+],0.04300652238165415,0.00015358173,0.55433965,0.9343024,2916,560,566
1752,CHEMBL3304485,TENAPANOR,CN1Cc2c(Cl)cc(Cl)cc2[C@H](c2cccc(S(=O)(=O)NCCOCCOCCNC(=O)NCCCCNC(=O)NCCOCCOCCNS(=O)(=O)c3cccc([C@@H]4CN(C)Cc5c(Cl)cc(Cl)cc54)c3)c2)C1,0.04297535177110712,0.033513155,0.007353,0.32209086,1119,2868,1709
1753,CHEMBL1732,DIHYDROERGOTAMINE,CN1C[C@H](C(=O)N[C@]2(C)O[C@@]3(O)[C@@H]4CCCN4C(=O)[C@H](Cc4ccccc4)N3C2=O)C[C@@H]2c3cccc4[nH]cc(c34)C[C@H]21,0.04280179828797952,0.00070215797,0.27474484,0.40646356,2484,1126,1557
1754,CHEMBL880,FAMCICLOVIR,CC(=O)OCC(CCn1cnc2cnc(N)nc21)COC(C)=O,0.042800433425240605,0.041524485,0.018699946,0.10097175,1051,2598,2329
1755,CHEMBL539,ACETIC ACID,CC(=O)O,0.042683311185577825,0.00072881154,0.23378839,0.45639,2474,1255,1469
1756,CHEMBL1200908,HALOBETASOL PROPIONATE,CCC(=O)O[C@]1(C(=O)CCl)[C@@H](C)C[C@H]2[C@@H]3C[C@H](F)C4=CC(=O)C=C[C@]4(C)[C@@]3(F)[C@@H](O)C[C@@]21C,0.042672668535500835,0.00036475973,0.26734307,0.79684454,2676,1152,919
1757,CHEMBL130,CHLORAMPHENICOL,O=C(N[C@H](CO)[C@H](O)c1ccc([N+](=O)[O-])cc1)C(Cl)Cl,0.042630575274814654,0.011027161,0.09100141,0.077206135,1494,1867,2432
1758,CHEMBL502,DONEPEZIL,COc1cc2c(cc1OC)C(=O)C(CC1CCN(Cc3ccccc3)CC1)C2,0.04262706659010961,0.002890672,0.02772782,0.96636635,1999,2446,437
1759,CHEMBL3186492,ONDANSETRON HYDROCHLORIDE,Cc1nccn1CC1CCc2c(c3ccccc3n2C)C1=O.Cl.O.O,0.04262480086470961,0.007668309,0.13831131,0.07301799,1622,1637,2447
1760,CHEMBL1200473,CYCLOPENTOLATE HYDROCHLORIDE,CN(C)CCOC(=O)C(c1ccccc1)C1(O)CCCC1.Cl,0.04261098246804285,0.0021294937,0.054640483,0.6649268,2110,2136,1145
1761,CHEMBL46,ONDANSETRON,Cc1nccn1CC1CCc2c(c3ccccc3n2C)C1=O,0.042588270323838,0.006701568,0.117204115,0.09834465,1671,1734,2342
1762,CHEMBL1201354,TRIDIHEXETHYL,CC[N+](CC)(CC)CCC(O)(c1ccccc1)C1CCCCC1,0.042560679819490625,0.0030069978,0.02646811,0.9686563,1983,2463,423
1763,CHEMBL1697856,BUCETIN,CCOc1ccc(NC(=O)CC(C)O)cc1,0.04254015826854598,8.4662366e-05,0.91480947,0.99397707,3030,112,151
1764,CHEMBL45,MELATONIN,COc1ccc2[nH]cc(CCNC(C)=O)c2c1,0.04252559202288723,0.0008021383,0.19648145,0.48795563,2447,1396,1412
1765,CHEMBL3545184,ETELCALCETIDE,CC(=O)N[C@H](CSSC[C@H](N)C(=O)O)C(=O)N[C@H](C)C(=O)N[C@H](CCCNC(=N)N)C(=O)N[C@H](CCCNC(=N)N)C(=O)N[C@H](CCCNC(=N)N)C(=O)N[C@H](C)C(=O)N[C@H](CCCNC(=N)N)C(N)=O,0.04232526125165163,0.00030234954,0.29170254,0.85970485,2726,1080,788
1766,CHEMBL1529,DIPHENIDOL HYDROCHLORIDE,Cl.OC(CCCN1CCCCC1)(c1ccccc1)c1ccccc1,0.042220577838237835,0.004345183,0.018737968,0.9243616,1826,2595,609
1767,CHEMBL447,SECOBARBITAL,C=CCC1(C(C)CCC)C(=O)NC(=O)NC1=O,0.0420469411747098,0.0013424046,0.4591119,0.12061498,2272,704,2262
1768,CHEMBL431770,ISTRADEFYLLINE,CCn1c(=O)c2c(nc(/C=C/c3ccc(OC)c(OC)c3)n2C)n(CC)c1=O,0.041839623731729864,0.017967656,0.40434813,0.010081299,1330,806,2835
1769,CHEMBL626,NAFTIFINE,CN(C/C=C/c1ccccc1)Cc1cccc2ccccc12,0.041693159179172365,0.0028991671,0.06002551,0.41647154,1997,2089,1538
1770,CHEMBL648,CYCLIZINE,CN1CCN(C(c2ccccc2)c2ccccc2)CC1,0.04155230275879979,0.004098296,0.019492568,0.8980754,1854,2580,688
1771,CHEMBL1201260,BETHANIDINE,C/N=C(\NC)NCc1ccccc1,0.04148128739812684,0.00070142705,0.13951363,0.7293861,2485,1629,1055
1772,CHEMBL1200875,FLAVOXATE HYDROCHLORIDE,Cc1c(-c2ccccc2)oc2c(C(=O)OCCN3CCCCC3)cccc2c1=O.Cl,0.04147108309090265,0.011220888,0.043534085,0.14600897,1485,2242,2154
1773,CHEMBL1360,ATRACURIUM,COc1ccc(CC2c3cc(OC)c(OC)cc3CC[N+]2(C)CCC(=O)OCCCCCOC(=O)CC[N+]2(C)CCc3cc(OC)c(OC)cc3C2Cc2ccc(OC)c(OC)c2)cc1OC,0.04138442267315868,0.00879746,0.008057024,0.99995077,1575,2845,5
1774,CHEMBL936,DIPHENIDOL,OC(CCCN1CCCCC1)(c1ccccc1)c1ccccc1,0.0413799676514755,0.004838193,0.015482373,0.9459098,1782,2667,517
1775,CHEMBL1357648,AMODIAQUINE HYDROCHLORIDE,CCN(CC)Cc1cc(Nc2ccnc3cc(Cl)ccc23)ccc1O.Cl.Cl.O.O,0.041296492731937993,0.014356652,0.10065479,0.048736226,1397,1807,2577
1776,CHEMBL1200621,GEMIFLOXACIN MESYLATE,CO/N=C1\CN(c2nc3c(cc2F)c(=O)c(C(=O)O)cn3C2CC2)CC1CN.CS(=O)(=O)O,0.04124716004719035,0.01556374,0.15276079,0.02951591,1371,1580,2678
1777,CHEMBL1531864,PIRENZEPINE HYDROCHLORIDE,CN1CCN(CC(=O)N2c3ccccc3C(=O)Nc3cccnc32)CC1.Cl.Cl,0.041202882895834646,0.0050753057,0.019407684,0.7101448,1768,2581,1086
1778,CHEMBL1625,OXYBENZONE,COc1ccc(C(=O)c2ccccc2)c(O)c1,0.041088747740397315,0.061307885,0.118126646,0.0095786555,902,1727,2848
1779,CHEMBL4594395,POTASSIUM OXYBATE,O=C([O-])CCCO.[K+],0.040992697861501434,0.0024861607,0.2082346,0.1330569,2057,1351,2208
1780,CHEMBL363392,MARALIXIBAT,CCCCC1(CCCC)CS(=O)(=O)c2ccc(N(C)C)cc2[C@@H](c2ccc(OCc3ccc(C[N+]45CCN(CC4)CC5)cc3)cc2)[C@H]1O,0.040955712385469065,0.0010065895,0.15597387,0.43756163,2367,1554,1502
1781,CHEMBL1200659,ENALAPRIL MALEATE,CCOC(=O)[C@H](CCc1ccccc1)N[C@@H](C)C(=O)N1CCC[C@H]1C(=O)O.O=C(O)/C=C\C(=O)O,0.04088581522949488,0.0014398249,0.24917874,0.19050105,2251,1205,2008
1782,CHEMBL1096562,METHYL AMINOLEVULINATE,COC(=O)CCC(=O)CN,0.04080919196705251,0.00054324645,0.29694098,0.4213151,2560,1064,1532
1783,CHEMBL441,THIOPENTAL,CCCC(C)C1(CC)C(=O)NC(=S)NC1=O,0.040768611057110125,0.0014923881,0.572817,0.07926474,2236,532,2423
1784,CHEMBL1200493,NAFTIFINE HYDROCHLORIDE,CN(C/C=C/c1ccccc1)Cc1cccc2ccccc12.Cl,0.04071486983056394,0.002757857,0.063428335,0.3858373,2019,2062,1593
1785,CHEMBL2107815,TREPROSTINIL DIOLAMINE,CCCCC[C@H](O)CC[C@@H]1[C@H]2Cc3cccc(OCC(=O)O)c3C[C@H]2C[C@H]1O.OCCNCCO,0.04065335663657393,0.0043461565,0.03941978,0.39216572,1824,2291,1578
1786,CHEMBL1026,FENOLDOPAM MESYLATE,CS(=O)(=O)O.Oc1ccc(C2CNCCc3c2cc(O)c(O)c3Cl)cc1,0.040597419263116705,0.014982688,0.0693202,0.06442372,1386,2030,2496
1787,CHEMBL1908315,GEMEPROST,CCCCC(C)(C)[C@H](O)/C=C/[C@H]1[C@H](O)CC(=O)[C@@H]1CCCC/C=C/C(=O)OC,0.04058165816714225,0.02315455,0.05375392,0.053696115,1237,2143,2551
1788,CHEMBL4297216,FEDRATINIB HYDROCHLORIDE,Cc1cnc(Nc2ccc(OCCN3CCCC3)cc2)nc1Nc1cccc(S(=O)(=O)NC(C)(C)C)c1.Cl.Cl.O,0.04053256899252099,0.0031924725,0.25313678,0.08240053,1954,1194,2409
1789,CHEMBL615,PENICILLIN V,CC1(C)S[C@@H]2[C@H](NC(=O)COc3ccccc3)C(=O)N2[C@H]1C(=O)O,0.04037148330775998,0.0026909693,0.1992589,0.12271502,2032,1384,2253
1790,CHEMBL1237123,DOXACURIUM,COc1cc(CC2c3c(cc(OC)c(OC)c3OC)CC[N+]2(C)CCCOC(=O)CCC(=O)OCCC[N+]2(C)CCc3cc(OC)c(OC)c(OC)c3C2Cc2cc(OC)c(OC)c(OC)c2)cc(OC)c1OC,0.040323307186007656,0.0009958199,0.06727292,0.97869474,2373,2042,337
1791,CHEMBL1201342,METHIXENE,CN1CCCC(CC2c3ccccc3Sc3ccccc32)C1,0.040145895314279256,0.011595318,0.005585593,0.9990139,1473,2935,57
1792,CHEMBL832,SULFINPYRAZONE,O=C1C(CC[S+]([O-])c2ccccc2)C(=O)N(c2ccccc2)N1c1ccccc1,0.03987327107842681,0.0042936374,0.098433346,0.14999542,1831,1824,2135
1793,CHEMBL1018,DIENESTROL,C/C=C(C(=C/C)/c1ccc(O)cc1)\c1ccc(O)cc1,0.03975341027997725,0.00036950383,0.5265548,0.32289445,2672,599,1704
1794,CHEMBL449,BUTABARBITAL,CCC(C)C1(CC)C(=O)NC(=O)NC1=O,0.03972941816461525,0.0018485043,0.65131897,0.05208617,2160,412,2558
1795,CHEMBL5315053,PEMETREXED MONOHYDRATE,Nc1nc2[nH]cc(CCc3ccc(C(=O)N[C@@H](CCC(=O)O)C(=O)O)cc3)c2c(=O)[nH]1.O,0.03968160626819424,0.004778505,0.14382164,0.09091831,1785,1614,2375
1796,CHEMBL1200795,CLEMASTINE FUMARATE,CN1CCC[C@@H]1CCO[C@](C)(c1ccccc1)c1ccc(Cl)cc1.O=C(O)/C=C/C(=O)O,0.03959803226118106,0.0013065048,0.1410251,0.33698723,2280,1624,1677
1797,CHEMBL1201338,CYCLOPENTOLATE,CN(C)CCOC(=O)C(c1ccccc1)C1(O)CCCC1,0.03946925102164677,0.0020401622,0.043743376,0.68896896,2123,2238,1103
1798,CHEMBL17879,MARALIXIBAT CHLORIDE,CCCCC1(CCCC)CS(=O)(=O)c2ccc(N(C)C)cc2[C@@H](c2ccc(OCc3ccc(C[N+]45CCN(CC4)CC5)cc3)cc2)[C@H]1O.[Cl-],0.03941166499022905,0.0009247397,0.16555054,0.39987493,2399,1519,1567
1799,CHEMBL4594448,IPTACOPAN,CCO[C@H]1CCN(Cc2c(OC)cc(C)c3[nH]ccc23)[C@H](c2ccc(C(=O)O)cc2)C1,0.039333935420647656,0.0032819659,0.029086487,0.6374951,1943,2426,1188
1800,CHEMBL571546,TIRBANIBULIN,O=C(Cc1ccc(-c2ccc(OCCN3CCOCC3)cc2)cn1)NCc1ccccc1,0.03928723483982145,0.0023608385,0.11299522,0.22731495,2072,1760,1906
1801,CHEMBL1287853,FEDRATINIB,Cc1cnc(Nc2ccc(OCCN3CCCC3)cc2)nc1Nc1cccc(S(=O)(=O)NC(C)(C)C)c1,0.0392564722465,0.0027723005,0.25313395,0.086207114,2017,1195,2395
1802,CHEMBL459265,HEXAMETHYL PARAROSANILINE,CN(C)c1ccc(C(=C2C=CC(=[N+](C)C)C=C2)c2ccc(N(C)C)cc2)cc1,0.03924219384893635,0.102168225,0.24048711,0.00245953,683,1228,3015
1803,CHEMBL1282,IMIQUIMOD,CC(C)Cn1cnc2c(N)nc3ccccc3c21,0.03884432282487585,0.057974923,0.016839663,0.060035627,920,2641,2518
1804,CHEMBL315795,CLOMETHIAZOLE,Cc1ncsc1CCCl,0.038834990963368746,0.010559762,0.0069615897,0.7967226,1513,2876,920
1805,CHEMBL729,LOPINAVIR,Cc1cccc(C)c1OCC(=O)N[C@@H](Cc1ccccc1)[C@@H](O)C[C@H](Cc1ccccc1)NC(=O)[C@H](C(C)C)N1CCCNC1=O,0.03883249966545433,0.0012130204,0.048755836,0.9901281,2305,2194,215
1806,CHEMBL1200779,TROVAFLOXACIN MESYLATE,CS(=O)(=O)O.N[C@@H]1[C@H]2CN(c3nc4c(cc3F)c(=O)c(C(=O)O)cn4-c3ccc(F)cc3F)C[C@@H]12,0.03880027989645951,0.017507121,0.099719174,0.033458855,1336,1814,2654
1807,CHEMBL282724,SITAXENTAN,Cc1cc2c(cc1CC(=O)c1sccc1S(=O)(=O)Nc1onc(C)c1Cl)OCO2,0.03880004361868894,0.06148761,0.0011337083,0.83792984,899,3152,836
1808,CHEMBL2095207,CHOLINE C-11,C[N+](C)([11CH3])CCO.[Cl-],0.038710925517117904,0.03193647,0.02126776,0.08540672,1132,2555,2400
1809,CHEMBL5,NALIDIXIC ACID,CCn1cc(C(=O)O)c(=O)c2ccc(C)nc21,0.03870659563064561,0.015972456,0.30090985,0.01206554,1364,1054,2810
1810,CHEMBL2096648,UREA C 13,N[13C](N)=O,0.03866198910340965,0.000637129,0.21932444,0.41355976,2515,1304,1544
1811,CHEMBL2096635,UREA C 14,N[14C](N)=O,0.03866198910340965,0.000637129,0.21932444,0.41355976,2515,1304,1544
1812,CHEMBL985,UREA,NC(N)=O,0.03866198910340965,0.000637129,0.21932444,0.41355976,2515,1304,1544
1813,CHEMBL1079604,METAXALONE,Cc1cc(C)cc(OCC2CNC(=O)O2)c1,0.038655066914999786,0.0019262964,0.031956136,0.9383006,2146,2389,551
1814,CHEMBL812,PYRIDOSTIGMINE BROMIDE,CN(C)C(=O)Oc1ccc[n+](C)c1.[Br-],0.038594562614336414,0.0116899405,0.5988113,0.008212512,1472,497,2875
1815,CHEMBL1372950,NICERGOLINE,CO[C@]12C[C@@H](COC(=O)c3cncc(Br)c3)CN(C)[C@@H]1Cc1cn(C)c3cccc2c13,0.03857853034992033,0.0076713036,0.0075342585,0.99340725,1621,2864,162
1816,CHEMBL3137301,SACUBITRIL,CCOC(=O)[C@H](C)C[C@@H](Cc1ccc(-c2ccccc2)cc1)NC(=O)CCC(=O)O,0.03855028373268696,0.00011767051,0.48862156,0.99641967,2964,654,102
1817,CHEMBL1200809,AZELASTINE HYDROCHLORIDE,CN1CCCC(n2nc(Cc3ccc(Cl)cc3)c3ccccc3c2=O)CC1.Cl,0.038386987779367235,0.0042133904,0.018705463,0.71771497,1842,2597,1071
1818,CHEMBL6068337,LENALIDOMIDE HYDROCHLORIDE MONOHYDRATE,Cl.Nc1cccc2c1CN(C1CCC(=O)NC1=O)C2=O.O,0.038292627227389596,0.003774628,0.26559186,0.056008834,1883,1158,2543
1819,CHEMBL6068338,CLOPIDOGREL HYDROCHLORIDE,COC(=O)[C@H](c1ccccc1Cl)N1CCc2sccc2C1.Cl,0.03825668095772973,0.040489364,0.0013966889,0.990105,1054,3137,216
1820,CHEMBL690,PRAVASTATIN SODIUM,CC[C@H](C)C(=O)O[C@H]1C[C@H](O)C=C2C=C[C@H](C)[C@H](CC[C@@H](O)C[C@@H](O)CC(=O)[O-])[C@H]21.[Na+],0.03816466014586723,0.0009546871,0.07177992,0.8111854,2389,2008,898
1821,CHEMBL939,GEFITINIB,COc1cc2ncnc(Nc3ccc(F)c(Cl)c3)c2cc1OCCCN1CCOCC1,0.03811772473784689,0.97618234,0.33364984,0.00017004304,36,979,3252
1822,CHEMBL3989768,LEVORPHANOL TARTRATE,CN1CC[C@]23CCCC[C@H]2[C@H]1Cc1ccc(O)cc13.O.O.O=C(O)C(O)C(O)C(=O)O,0.0380824623961602,0.0012205988,0.7324261,0.061778624,2301,315,2508
1823,CHEMBL3989821,TUBOCURARINE CHLORIDE,COc1cc2c3cc1Oc1cc(ccc1O)C[C@@H]1c4c(cc(OC)c(O)c4Oc4ccc(cc4)C[C@@H]3N(C)CC2)CC[N+]1(C)C.Cl.O.O.O.O.O.[Cl-],0.038008676994693284,0.058019746,0.00094662514,0.999757,919,3167,23
1824,CHEMBL1377,PROGUANIL,CC(C)NC(=N)NC(=N)Nc1ccc(Cl)cc1,0.03782243276269753,5.430076e-05,0.99676335,0.9996557,3119,7,31
1825,CHEMBL444,BARBITAL,CCC1(CC)C(=O)NC(=O)NC1=O,0.03777898708072807,0.0016520906,0.41398945,0.07883657,2202,785,2426
1826,CHEMBL4594393,CALCIUM OXYBATE,O=C([O-])CCCO.O=C([O-])CCCO.[Ca+2],0.03773625328023767,0.002075724,0.19530903,0.13255145,2117,1401,2211
1827,CHEMBL790,CHLORHEXIDINE,N=C(NCCCCCCNC(=N)NC(=N)Nc1ccc(Cl)cc1)NC(=N)Nc1ccc(Cl)cc1,0.037708244248042894,5.3806376e-05,0.9967649,0.999729,3120,6,24
1828,CHEMBL2028019,CARIPRAZINE,CN(C)C(=O)N[C@H]1CC[C@H](CCN2CCN(c3cccc(Cl)c3Cl)CC2)CC1,0.03766390712568095,0.0051740156,0.010974566,0.9409379,1763,2763,541
1829,CHEMBL2219416,NALOXEGOL OXALATE,C=CCN1CC[C@]23c4c5ccc(O)c4O[C@H]2[C@@H](OCCOCCOCCOCCOCCOCCOCCOC)CC[C@@]3(O)[C@H]1C5.O=C(O)C(=O)O,0.0376514684030904,0.00015745668,0.96078575,0.35282394,2907,78,1643
1830,CHEMBL719,MUPIROCIN,C/C(=C\C(=O)OCCCCCCCCC(=O)O)C[C@@H]1OC[C@H](C[C@@H]2O[C@H]2[C@@H](C)[C@H](C)O)[C@@H](O)[C@H]1O,0.03764138944973371,0.0025248793,0.02252589,0.93772256,2052,2531,555
1831,CHEMBL1200755,CERULETIDE DIETHYLAMINE,CCNCC.CSCC[C@H](NC(=O)[C@H](Cc1c[nH]c2ccccc12)NC(=O)CNC(=O)[C@@H](NC(=O)[C@H](Cc1ccc(OS(=O)(=O)O)cc1)NC(=O)[C@H](CC(=O)O)NC(=O)[C@H](CCC(N)=O)NC(=O)[C@@H]1CCC(=O)N1)[C@@H](C)O)C(=O)N[C@@H](CC(=O)O)C(=O)N[C@@H](Cc1ccccc1)C(N)=O,0.03753872209465107,0.00010431474,0.64840406,0.78207225,2984,415,955
1832,CHEMBL682,AMODIAQUINE,CCN(CC)Cc1cc(Nc2ccnc3cc(Cl)ccc23)ccc1O,0.03753486338202841,0.009962252,0.098224014,0.05404174,1532,1825,2549
1833,CHEMBL1059,PREGABALIN,CC(C)C[C@H](CN)CC(=O)O,0.037489822473616194,0.00032778393,0.22200707,0.7240787,2705,1292,1062
1834,CHEMBL465026,NEFOPAM,CN1CCOC(c2ccccc2)c2ccccc2C1,0.03744740241669456,0.009634599,0.005569452,0.97863114,1546,2937,338
1835,CHEMBL282042,SAQUINAVIR MESYLATE,CC(C)(C)NC(=O)[C@@H]1C[C@@H]2CCCC[C@@H]2CN1C[C@@H](O)[C@H](Cc1ccccc1)NC(=O)[C@H](CC(N)=O)NC(=O)c1ccc2ccccc2n1.CS(=O)(=O)O,0.03735810041545244,0.00046355906,0.12831147,0.87656426,2612,1680,753
1836,CHEMBL3188034,TRIPROLIDINE HYDROCHLORIDE,Cc1ccc(/C(=C\CN2CCCC2)c2ccccn2)cc1.Cl.O,0.03729654147534636,0.010846765,0.12072022,0.039621,1501,1716,2618
1837,CHEMBL1200675,TOREMIFENE CITRATE,CN(C)CCOc1ccc(/C(=C(/CCCl)c2ccccc2)c2ccccc2)cc1.O=C(O)CC(O)(CC(=O)O)C(=O)O,0.03726087863052644,0.0006857994,0.34023726,0.2217075,2489,953,1923
1838,CHEMBL193,NIFEDIPINE,COC(=O)C1=C(C)NC(C)=C(C(=O)OC)C1c1ccccc1[N+](=O)[O-],0.03709230672529018,0.003854748,0.1054077,0.12559815,1876,1789,2241
1839,CHEMBL5723563,ELIGLUSTAT TARTRATE,CCCCCCCC(=O)N[C@H](CN1CCCC1)[C@H](O)c1ccc2c(c1)OCCO2.CCCCCCCC(=O)N[C@H](CN1CCCC1)[C@H](O)c1ccc2c(c1)OCCO2.O=C(O)[C@H](O)[C@@H](O)C(=O)O,0.03707720032248353,0.0027094975,0.021408651,0.8787044,2027,2550,745
1840,CHEMBL1295,BUTOCONAZOLE,Clc1ccc(CCC(Cn2ccnc2)Sc2c(Cl)cccc2Cl)cc1,0.03703633724475887,0.09567758,0.0133401025,0.039802894,709,2718,2617
1841,CHEMBL4650215,INAVOLISIB,C[C@H](Nc1ccc2c(c1)OCCn1cc(N3C(=O)OC[C@H]3C(F)F)nc1-2)C(N)=O,0.03702453326043951,0.0023921498,0.02189727,0.9689257,2068,2542,419
1842,CHEMBL46516,FLUSPIRILENE,O=C1NCN(c2ccccc2)C12CCN(CCCC(c1ccc(F)cc1)c1ccc(F)cc1)CC2,0.036535870620323214,0.00034359435,0.857975,0.16543896,2691,172,2084
1843,CHEMBL1201265,METHYLPREDNISOLONE HEMISUCCINATE,C[C@H]1C[C@@H]2[C@H]([C@@H](O)C[C@@]3(C)[C@H]2CC[C@]3(O)C(=O)COC(=O)CCC(=O)O)[C@@]2(C)C=CC(=O)C=C12,0.03644527027677472,0.00020032952,0.26658744,0.9064395,2834,1154,667
1844,CHEMBL490665,NALFURAFINE HYDROCHLORIDE,CN(C(=O)/C=C/c1ccoc1)[C@@H]1CC[C@@]2(O)[C@H]3Cc4ccc(O)c5c4[C@@]2(CCN3CC2CC2)[C@H]1O5.Cl,0.036418784543697874,8.7325025e-05,0.8195479,0.6749373,3022,213,1131
1845,CHEMBL1525,PERMETHRIN,CC1(C)C(C=C(Cl)Cl)C1C(=O)OCc1cccc(Oc2ccccc2)c1,0.03641676618371191,0.0039221453,0.60540783,0.020339135,1873,483,2725
1846,CHEMBL1200478,DYCLONINE HYDROCHLORIDE,CCCCOc1ccc(C(=O)CCN2CCCCC2)cc1.Cl,0.03640055751769297,0.00022004903,0.3344069,0.65543485,2816,977,1161
1847,CHEMBL797,PHENSUXIMIDE,CN1C(=O)CC(c2ccccc2)C1=O,0.03638494089045183,0.0034954618,0.11410014,0.12077422,1917,1756,2260
1848,CHEMBL1493,FLAVOXATE,Cc1c(-c2ccccc2)oc2c(C(=O)OCCN3CCCCC3)cccc2c1=O,0.036365962387336484,0.009821505,0.03775364,0.12970251,1541,2323,2220
1849,CHEMBL188952,PIRPROFEN,CC(C(=O)O)c1ccc(N2CC=CC2)c(Cl)c1,0.03631749726996072,0.010098478,0.03333509,0.14229521,1525,2376,2166
1850,CHEMBL878,METOLAZONE,Cc1ccccc1N1C(=O)c2cc(S(N)(=O)=O)c(Cl)cc2NC1C,0.036121914858029784,0.008579396,0.018338569,0.29956436,1586,2605,1753
1851,CHEMBL2107826,VIBEGRON,O=C(Nc1ccc(C[C@@H]2CC[C@H]([C@H](O)c3ccccc3)N2)cc1)[C@@H]1CCc2nccc(=O)n21,0.035992339968468415,0.002109481,0.060583062,0.3648409,2113,2084,1627
1852,CHEMBL6068343,CLOPIDOGREL HYDROBROMIDE,Br.COC(=O)[C@H](c1ccccc1Cl)N1CCc2sccc2C1,0.03578550340891154,0.044428132,0.0010382946,0.99344254,1021,3160,160
1853,CHEMBL56021,LEVACETYLLEUCINE,CC(=O)N[C@@H](CC(C)C)C(=O)O,0.03575708563368929,0.00015683034,0.34286496,0.85022396,2910,946,814
1854,CHEMBL4594292,TEPOTINIB HYDROCHLORIDE,CN1CCC(COc2cnc(-c3cccc(Cn4nc(-c5cccc(C#N)c5)ccc4=O)c3)nc2)CC1.Cl.O,0.03563273795692838,0.008955988,0.105337985,0.04795669,1571,1790,2581
1855,CHEMBL1256391,PIRFENIDONE,Cc1ccc(=O)n(-c2ccccc2)c1,0.03554693062752669,0.0028664416,0.542203,0.028900228,2005,575,2680
1856,CHEMBL1770,LEVAMISOLE HYDROCHLORIDE,Cl.c1ccc([C@H]2CN3CCSC3=N2)cc1,0.035538538495094155,0.001747518,0.108867496,0.23592763,2181,1774,1886
1857,CHEMBL1200330,PILOCARPINE HYDROCHLORIDE,CC[C@@H]1C(=O)OC[C@@H]1Cc1cncn1C.Cl,0.03540117437631359,0.0009811583,0.04914105,0.92017317,2378,2190,620
1858,CHEMBL1611,PHENYTOIN SODIUM,O=C1N=C([O-])NC1(c1ccccc1)c1ccccc1.[Na+],0.03533069051749522,0.003258481,0.09580662,0.14126863,1947,1843,2174
1859,CHEMBL504,DIMETHYL SULFOXIDE,C[S+](C)[O-],0.03532337209370175,5.091046e-05,0.96159315,0.9003014,3131,75,683
1860,CHEMBL843,ROSIGLITAZONE MALEATE,CN(CCOc1ccc(CC2SC(=O)NC2=O)cc1)c1ccccn1.O=C(O)/C=C\C(=O)O,0.035101365736423,0.011419195,0.175609,0.021567008,1480,1479,2721
1861,CHEMBL1200500,BECLOMETHASONE DIPROPIONATE,CCC(=O)OCC(=O)[C@@]1(OC(=O)CC)[C@@H](C)C[C@H]2[C@@H]3CCC4=CC(=O)C=C[C@]4(C)[C@@]3(Cl)[C@@H](O)C[C@@]21C,0.035078937499240806,0.00022700094,0.38819402,0.48984963,2805,835,1407
1862,CHEMBL1200582,AMINOLEVULINIC ACID HYDROCHLORIDE,Cl.NCC(=O)CCC(=O)O,0.03503190641319425,0.0005655748,0.15558547,0.48857602,2544,1560,1411
1863,CHEMBL112,ACETAMINOPHEN,CC(=O)Nc1ccc(O)cc1,0.03497460220956072,0.00014556426,0.47451687,0.6193727,2925,675,1219
1864,CHEMBL501867,VINCRISTINE SULFATE,CC[C@]1(O)C[C@H]2CN(CCc3c([nH]c4ccccc34)[C@@](C(=O)OC)(c3cc4c(cc3OC)N(C=O)[C@H]3[C@@](O)(C(=O)OC)[C@H](OC(C)=O)[C@]5(CC)C=CCN6CC[C@]43[C@@H]65)C2)C1.O=S(=O)(O)O,0.034935761249919185,6.60764e-05,0.82122433,0.78578246,3082,211,946
1865,CHEMBL1373,MODAFINIL,NC(=O)C[S+]([O-])C(c1ccccc1)c1ccccc1,0.034927809896277126,0.03820077,0.0377189,0.029572155,1078,2325,2676
1866,CHEMBL2364633,SARECYCLINE HYDROCHLORIDE,CON(C)Cc1ccc(O)c2c1C[C@H]1C[C@H]3[C@H](N(C)C)C(O)=C(C(N)=O)C(=O)[C@@]3(O)C(O)=C1C2=O.Cl,0.03491328916827255,0.0005110377,0.18115258,0.45970038,2577,1452,1463
1867,CHEMBL2107383,VERNAKALANT HYDROCHLORIDE,COc1ccc(CCO[C@@H]2CCCC[C@H]2N2CC[C@@H](O)C2)cc1OC.Cl,0.0348672184603525,0.00085297704,0.054506768,0.91172546,2425,2138,648
1868,CHEMBL1530428,DEXAMETHASONE ACETATE,CC(=O)OCC(=O)[C@@]1(O)[C@H](C)C[C@H]2[C@@H]3CCC4=CC(=O)C=C[C@]4(C)[C@@]3(F)[C@@H](O)C[C@@]21C,0.03484811230006906,0.0002314943,0.42245463,0.43273047,2799,763,1516
1869,CHEMBL1201093,METHYL AMINOLEVULINATE HYDROCHLORIDE,COC(=O)CCC(=O)CN.Cl,0.03477821921004411,0.0010861855,0.18360649,0.21092594,2341,1446,1954
1870,CHEMBL946,AZATADINE,CN1CCC(=C2c3ccccc3CCc3cccnc32)CC1,0.03473755095478538,0.0031065221,0.016272383,0.8292244,1972,2652,856
1871,CHEMBL2105745,GLYCEROL PHENYLBUTYRATE,O=C(CCCc1ccccc1)OCC(COC(=O)CCCc1ccccc1)OC(=O)CCCc1ccccc1,0.03463313691946221,0.00033417312,0.12503265,0.9942152,2701,1697,147
1872,CHEMBL4594382,DEURUXOLITINIB PHOSPHATE,O=P(O)(O)O.[2H]C1([2H])C([C@@H](CC#N)n2cc(-c3ncnc4[nH]ccc34)cn2)C([2H])([2H])C([2H])([2H])C1([2H])[2H],0.03458484272123792,0.00063868414,0.06606939,0.9803272,2514,2050,324
1873,CHEMBL1070,NABUMETONE,COc1ccc2cc(CCC(C)=O)ccc2c1,0.03453755886923272,0.0002002115,0.27770272,0.7409787,2835,1118,1036
1874,CHEMBL799,CILOSTAZOL,O=C1CCc2cc(OCCCCc3nnnn3C3CCCCC3)ccc2N1,0.03444404141416828,0.011854098,0.005602309,0.615328,1467,2933,1223
1875,CHEMBL139,DICLOFENAC,O=C(O)Cc1ccccc1Nc1c(Cl)cccc1Cl,0.03436334852815369,0.06792705,0.3252343,0.0018367391,865,1000,3045
1876,CHEMBL198362,RIVAROXABAN,O=C(NC[C@H]1CN(c2ccc(N3CCOCC3=O)cc2)C(=O)O1)c1ccc(Cl)s1,0.03435054137759624,0.012936867,0.008972114,0.34920222,1441,2823,1649
1877,CHEMBL1201081,METHYLPREDNISOLONE SODIUM SUCCINATE,C[C@H]1C[C@@H]2[C@H]([C@@H](O)C[C@@]3(C)[C@H]2CC[C@]3(O)C(=O)COC(=O)CCC(=O)[O-])[C@@]2(C)C=CC(=O)C=C12.[Na+],0.034282251075872947,0.00018673144,0.3107663,0.6943152,2858,1034,1100
1878,CHEMBL462605,PITOLISANT,Clc1ccc(CCCOCCCN2CCCCC2)cc1,0.03426100445253813,0.00043796998,0.13285516,0.69115835,2627,1659,1101
1879,CHEMBL1095,ETHOTOIN,CCN1C(=O)NC(c2ccccc2)C1=O,0.03424063972949746,0.0021017762,0.17658481,0.108164735,2114,1474,2303
1880,CHEMBL1200596,CHLOROXINE,Oc1c(Cl)cc(Cl)c2cccnc12,0.03421379064161025,0.1618307,0.0068741515,0.036001746,526,2879,2640
1881,CHEMBL1201336,FOSPHENYTOIN,O=C1NC(c2ccccc2)(c2ccccc2)C(=O)N1COP(=O)(O)O,0.03418218792587225,0.001907379,0.17443447,0.12004119,2148,1485,2263
1882,CHEMBL1144,PRAVASTATIN,CC[C@H](C)C(=O)O[C@H]1C[C@H](O)C=C2C=C[C@H](C)[C@H](CC[C@@H](O)C[C@@H](O)CC(=O)O)[C@H]21,0.03413543090337977,0.00076326396,0.056625076,0.9203066,2463,2122,619
1883,CHEMBL808,ECONAZOLE,Clc1ccc(COC(Cn2ccnc2)c2ccc(Cl)cc2Cl)cc1,0.033889454734586516,0.22915731,0.041914474,0.0040522492,457,2261,2955
1884,CHEMBL1200545,DIFLORASONE DIACETATE,CC(=O)OCC(=O)[C@@]1(OC(C)=O)[C@@H](C)C[C@H]2[C@@H]3C[C@H](F)C4=CC(=O)C=C[C@]4(C)[C@@]3(F)[C@@H](O)C[C@@]21C,0.03385415364005995,0.00022580591,0.26136488,0.65743595,2807,1171,1159
1885,CHEMBL3184791,STREPTOMYCIN SULFATE,CN[C@@H]1[C@H](O[C@H]2[C@H](O[C@H]3[C@H](O)[C@@H](O)[C@H](N=C(N)N)[C@@H](O)[C@@H]3N=C(N)N)O[C@@H](C)[C@]2(O)C=O)O[C@@H](CO)[C@H](O)[C@H]1O.CN[C@@H]1[C@H](O[C@H]2[C@H](O[C@H]3[C@H](O)[C@@H](O)[C@H](N=C(N)N)[C@@H](O)[C@@H]3N=C(N)N)O[C@@H](C)[C@]2(O)C=O)O[C@@H](CO)[C@H](O)[C@H]1O.O=S(=O)(O)O.O=S(=O)(O)O.O=S(=O)(O)O,0.033826452633100565,0.0012877058,0.05532229,0.543316,2284,2135,1329
1886,CHEMBL1201217,DYCLONINE,CCCCOc1ccc(C(=O)CCN2CCCCC2)cc1,0.033733962517589956,0.00015731322,0.34304464,0.71135473,2908,945,1083
1887,CHEMBL56564,TROPISETRON,CN1[C@@H]2CC[C@H]1C[C@@H](OC(=O)c1c[nH]c3ccccc13)C2,0.033703561023375274,0.007817782,0.022909744,0.21375853,1611,2523,1946
1888,CHEMBL1200384,BETAMETHASONE DIPROPIONATE,CCC(=O)OCC(=O)[C@@]1(OC(=O)CC)[C@@H](C)C[C@H]2[C@@H]3CCC4=CC(=O)C=C[C@]4(C)[C@@]3(F)[C@@H](O)C[C@@]21C,0.033690554639511906,0.00017129218,0.49237993,0.45340544,2891,645,1476
1889,CHEMBL607400,BRIVARACETAM,CCC[C@@H]1CC(=O)N([C@@H](CC)C(N)=O)C1,0.03366206620496574,0.0007966582,0.10362202,0.46205977,2451,1797,1462
1890,CHEMBL1771,CLOPIDOGREL,COC(=O)[C@H](c1ccccc1Cl)N1CCc2sccc2C1,0.03359374831147392,0.041519847,0.00091909344,0.99348176,1052,3170,159
1891,CHEMBL339427,TUBOCURARINE,COc1cc2c3cc1Oc1cc(ccc1O)C[C@@H]1c4c(cc(OC)c(O)c4Oc4ccc(cc4)C[C@@H]3N(C)CC2)CC[N+]1(C)C,0.03358092820151733,0.054247137,0.0006982044,0.9998129,949,3196,18
1892,CHEMBL218394,BOCEPREVIR,CC(C)(C)NC(=O)N[C@H](C(=O)N1C[C@H]2[C@@H]([C@H]1C(=O)NC(CC1CCC1)C(=O)C(N)=O)C2(C)C)C(C)(C)C,0.0335601137558048,0.0007943268,0.16636413,0.2860299,2453,1516,1784
1893,CHEMBL6068395,REVUMENIB CITRATE,CCN(C(=O)c1cc(F)ccc1Oc1cncnc1N1CC2(CCN(C[C@H]3CC[C@H](NS(=O)(=O)CC)CC3)CC2)C1)C(C)C.O.O=C(O)CC(O)(CC(=O)O)C(=O)O,0.033535489290422216,0.00039378577,0.28143337,0.34031287,2656,1109,1669
1894,CHEMBL301265,PRAMIPEXOLE,CCCN[C@H]1CCc2nc(N)sc2C1,0.033499812444354536,0.04363921,0.0017011807,0.5064072,1033,3115,1380
1895,CHEMBL1200532,METHDILAZINE HYDROCHLORIDE,CN1CCC(CN2c3ccccc3Sc3ccccc32)C1.Cl,0.03337911763625415,0.0028889794,0.0129538225,0.9937615,2000,2721,156
1896,CHEMBL1908307,FLOSEQUINAN,Cn1cc([S+](C)[O-])c(=O)c2ccc(F)cc21,0.03332537732271585,0.037158307,0.15635063,0.0063704457,1087,1550,2912
1897,CHEMBL201960,PYROVALERONE,CCCC(C(=O)c1ccc(C)cc1)N1CCCC1,0.03323015967193081,0.001822921,0.2108486,0.095468216,2161,1342,2355
1898,CHEMBL298734,LONAFARNIB,NC(=O)N1CCC(CC(=O)N2CCC([C@H]3c4ncc(Br)cc4CCc4cc(Cl)cc(Br)c43)CC2)CC1,0.03319407658021902,0.008631602,0.0058587887,0.72324014,1583,2924,1064
1899,CHEMBL639,AZELASTINE,CN1CCCC(n2nc(Cc3ccc(Cl)cc3)c3ccccc3c2=O)CC1,0.03318268719911703,0.0034546102,0.01584922,0.6673102,1926,2662,1141
1900,CHEMBL1200449,TRIAMCINOLONE DIACETATE,CC(=O)OCC(=O)[C@@]1(O)[C@H](OC(C)=O)C[C@H]2[C@@H]3CCC4=CC(=O)C=C[C@]4(C)[C@@]3(F)[C@@H](O)C[C@@]21C,0.03317372548754153,0.00026349621,0.47212157,0.2934637,2763,681,1766
1901,CHEMBL1465,PHENPROCOUMON,CCC(c1ccccc1)c1c(O)c2ccccc2oc1=O,0.03314313877641573,0.03773107,0.12942049,0.0074555324,1081,1673,2887
1902,CHEMBL654,MIRTAZAPINE,CN1CCN2c3ncccc3Cc3ccccc3C2C1,0.03309849274543923,0.0035857076,0.010385119,0.9737293,1908,2779,385
1903,CHEMBL2359966,QUININE SULFATE,C=C[C@H]1CN2CC[C@H]1C[C@H]2[C@H](O)c1ccnc2ccc(OC)cc12.C=C[C@H]1CN2CC[C@H]1C[C@H]2[C@H](O)c1ccnc2ccc(OC)cc12.O.O.O=S(=O)(O)O,0.03304375261846332,0.0033724941,0.038963202,0.27457586,1933,2298,1809
1904,CHEMBL856,PRIMIDONE,CCC1(c2ccccc2)C(=O)NCNC1=O,0.03297707025173153,0.0014605082,0.084684774,0.28995246,2246,1910,1775
1905,CHEMBL1200756,PYRIDOXINE HYDROCHLORIDE,Cc1ncc(CO)c(CO)c1O.Cl,0.03296163135893285,0.96605587,4.934268e-05,0.75127894,43,3323,1017
1906,CHEMBL2104987,TEDUGLUTIDE,CC[C@H](C)[C@H](NC(=O)[C@H](Cc1ccccc1)NC(=O)[C@H](CC(=O)O)NC(=O)[C@H](CCCNC(=N)N)NC(=O)[C@H](C)NC(=O)[C@H](C)NC(=O)[C@H](CC(C)C)NC(=O)[C@H](CC(N)=O)NC(=O)[C@H](CC(=O)O)NC(=O)[C@H](CC(C)C)NC(=O)[C@@H](NC(=O)[C@@H](NC(=O)[C@H](CC(N)=O)NC(=O)[C@H](CCSC)NC(=O)[C@H](CCC(=O)O)NC(=O)[C@H](CC(=O)O)NC(=O)[C@H](CO)NC(=O)[C@H](Cc1ccccc1)NC(=O)[C@H](CO)NC(=O)CNC(=O)[C@H](CC(=O)O)NC(=O)CNC(=O)[C@@H](N)Cc1c[nH]cn1)[C@@H](C)O)[C@@H](C)CC)C(=O)N[C@@H](CC(N)=O)C(=O)N[C@@H](Cc1c[nH]c2ccccc12)C(=O)N[C@@H](CC(C)C)C(=O)N[C@H](C(=O)N[C@@H](CCC(N)=O)C(=O)N[C@H](C(=O)N[C@@H](CCCCN)C(=O)N[C@H](C(=O)N[C@H](C(=O)N[C@@H](CC(=O)O)C(=O)O)[C@@H](C)O)[C@@H](C)CC)[C@@H](C)O)[C@@H](C)CC,0.03295681042035047,6.4650005e-05,0.5793386,0.95572853,3087,519,488
1907,CHEMBL53418,DANTHRON,O=C1c2cccc(O)c2C(=O)c2c(O)cccc21,0.0329247904427766,0.02543402,0.027733566,0.05059975,1202,2445,2570
1908,CHEMBL1454,LEVAMISOLE,c1ccc([C@H]2CN3CCSC3=N2)cc1,0.03273857037314922,0.0015433128,0.07583089,0.29983276,2224,1980,1752
1909,CHEMBL748,PRALIDOXIME CHLORIDE,C[n+]1ccccc1/C=N/O.[Cl-],0.03268422626813844,0.006402544,0.45617652,0.011954434,1685,707,2811
1910,CHEMBL1200517,DIHYDROERGOTAMINE MESYLATE,CN1C[C@H](C(=O)N[C@]2(C)O[C@@]3(O)[C@@H]4CCCN4C(=O)[C@H](Cc4ccccc4)N3C2=O)C[C@@H]2c3cccc4[nH]cc(c34)C[C@H]21.CS(=O)(=O)O,0.03265737192088481,0.000490573,0.29178452,0.24331997,2594,1079,1867
1911,CHEMBL299400,BUTORPHANOL TARTRATE,O=C(O)C(O)C(O)C(=O)O.Oc1ccc2c(c1)[C@@]13CCCC[C@@]1(O)[C@@H](C2)N(CC1CCC1)CC3,0.03261247298406299,9.788318e-05,0.8937309,0.3964939,2994,130,1573
1912,CHEMBL2021430,DEXAMETHASONE SODIUM PHOSPHATE,C[C@@H]1C[C@H]2[C@@H]3CCC4=CC(=O)C=C[C@]4(C)[C@@]3(F)[C@@H](O)C[C@]2(C)[C@@]1(O)C(=O)COP(=O)([O-])[O-].[Na+].[Na+],0.03257923705396498,0.0011255876,0.2224244,0.13812143,2331,1291,2188
1913,CHEMBL1200747,AMMONIUM LACTATE,CC(O)C(=O)O.N,0.032547404589757,0.0022180574,0.34448257,0.045124147,2096,942,2595
1914,CHEMBL1177,PEMOLINE,NC1=NC(=O)C(c2ccccc2)O1,0.0324967485849967,0.015052084,0.04758608,0.047911882,1384,2201,2584
1915,CHEMBL645,BISOPROLOL,CC(C)NCC(O)COc1ccc(COCCOC(C)C)cc1,0.03240996881054817,0.00018222147,0.18732658,0.9973253,2868,1436,88
1916,CHEMBL1201773,PRASUGREL HYDROCHLORIDE,CC(=O)Oc1cc2c(s1)CCN(C(C(=O)C1CC1)c1ccccc1F)C2.Cl,0.03240932110320071,0.005949893,0.017253706,0.33160278,1706,2633,1686
1917,CHEMBL57,NEVIRAPINE,Cc1ccnc2c1NC(=O)c1cccnc1N2C1CC1,0.032379181857633006,0.0032406794,0.08034383,0.13037941,1950,1944,2219
1918,CHEMBL3545368,PANOBINOSTAT LACTATE,CC(O)C(=O)O.Cc1[nH]c2ccccc2c1CCNCc1ccc(/C=C/C(=O)NO)cc1,0.03235252350714654,0.00185301,0.17652723,0.103522584,2158,1475,2319
1919,CHEMBL1604,CEPHRADINE,CC1=C(C(=O)O)N2C(=O)[C@@H](NC(=O)[C@H](N)C3=CCC=CC3)[C@H]2SC1,0.032334840131983844,0.0010660752,0.1830352,0.17325658,2350,1447,2058
1920,CHEMBL3547132,FLUORODOPA,N[C@@H](Cc1cc(O)c(O)cc1F)C(=O)O,0.032262243016349085,0.0034892205,0.18554713,0.051868174,1919,1442,2560
1921,CHEMBL3400972,FLUORODOPA F 18,N[C@@H](Cc1cc(O)c(O)cc1[18F])C(=O)O,0.032262243016349085,0.0034892205,0.18554713,0.051868174,1919,1442,2560
1922,CHEMBL1301,HYDROXYSTILBAMIDINE,N=C(N)c1ccc(/C=C/c2ccc(C(=N)N)cc2O)cc1,0.0322295279390523,0.00019441344,0.65446615,0.2631167,2846,410,1832
1923,CHEMBL267495,NALFURAFINE,CN(C(=O)/C=C/c1ccoc1)[C@@H]1CC[C@@]2(O)[C@H]3Cc4ccc(O)c5c4[C@@]2(CCN3CC2CC2)[C@H]1O5,0.032150795294976456,6.5481996e-05,0.7867581,0.6450779,3084,249,1173
1924,CHEMBL3989406,ENALAPRILAT,C[C@H](N[C@@H](CCc1ccccc1)C(=O)O)C(=O)N1CCC[C@H]1C(=O)O.O.O,0.03202814172294229,0.0008913127,0.12538572,0.29397947,2413,1693,1765
1925,CHEMBL1788386,TETRAMETHRIN,CC(C)=CC1C(C(=O)OCN2C(=O)C3=C(CCCC3)C2=O)C1(C)C,0.03198591901487218,0.00036160898,0.16464534,0.5496521,2678,1526,1326
1926,CHEMBL1290,PENBUTOLOL,CC(C)(C)NC[C@H](O)COc1ccccc1C1CCCC1,0.03192029561472409,0.0017393627,0.018786319,0.9953341,2183,2593,123
1927,CHEMBL848,LENALIDOMIDE,Nc1cccc2c1CN(C1CCC(=O)NC1=O)C2=O,0.03186668374564132,0.002723103,0.17816387,0.06670018,2026,1466,2483
1928,CHEMBL343448,ROMIDEPSIN,C/C=C1\NC(=O)[C@H]2CSSCC/C=C/[C@H](CC(=O)N[C@H](C(C)C)C(=O)N2)OC(=O)[C@H](C(C)C)NC1=O,0.03173981755220214,0.012097086,0.1168258,0.022625268,1461,1736,2714
1929,CHEMBL64894,GENTIAN VIOLET,CN(C)c1ccc(C(=C2C=CC(=[N+](C)C)C=C2)c2ccc(N(C)C)cc2)cc1.[Cl-],0.031683417721699435,0.08483046,0.2218837,0.0016897363,764,1295,3054
1930,CHEMBL1410,NONOXYNOL 9,CCCCCCCCCc1ccc(OCCOCCOCCOCCOCCOCCOCCOCCOCCO)cc1,0.03142922878975746,0.0015325435,0.040229224,0.50355476,2226,2280,1384
1931,CHEMBL863,CYSTEINE,N[C@@H](CS)C(=O)O,0.03130083409475376,0.00033972875,0.16656366,0.54194486,2696,1514,1331
1932,CHEMBL1321,PROCARBAZINE,CNNCc1ccc(C(=O)NC(C)C)cc1,0.031272397961720697,8.347351e-05,0.62471414,0.58648074,3036,460,1260
1933,CHEMBL7863,APROBARBITAL,C=CCC1(C(C)C)C(=O)NC(=O)NC1=O,0.03125575332192845,0.0015902203,0.23338294,0.0822742,2221,1258,2411
1934,CHEMBL986,RETINOL,CC1=C(/C=C/C(C)=C/C=C/C(C)=C/CO)C(C)(C)CCC1,0.03124979667473796,0.001322671,0.032965783,0.6998846,2276,2379,1094
1935,CHEMBL450449,TRABECTEDIN,COc1cc2c(cc1O)CCN[C@]21CS[C@@H]2c3c(OC(C)=O)c(C)c4c(c3[C@H](COC1=O)N1[C@@H]2[C@H]2c3c(cc(C)c(OC)c3O)C[C@@H]([C@@H]1O)N2C)OCO4,0.031225613072844147,0.00029843126,0.11495222,0.887506,2733,1751,709
1936,CHEMBL1200410,PROCARBAZINE HYDROCHLORIDE,CNNCc1ccc(C(=O)NC(C)C)cc1.Cl,0.03121448497549722,0.00016418169,0.49243116,0.37618214,2899,644,1610
1937,CHEMBL1200531,ALFENTANIL HYDROCHLORIDE,CCC(=O)N(c1ccccc1)C1(COC)CCN(CCn2nnn(CC)c2=O)CC1.Cl,0.031166946263603165,0.00020512538,0.26436114,0.55829746,2829,1164,1312
1938,CHEMBL1200885,ALOSETRON HYDROCHLORIDE,Cc1[nH]cnc1CN1CCc2c(c3ccccc3n2C)C1=O.Cl,0.031163375359622353,0.00360768,0.14292847,0.05869307,1907,1618,2525
1939,CHEMBL1201269,CHLORPHENTERMINE,CC(C)(N)Cc1ccc(Cl)cc1,0.031108449784990534,0.022059323,0.058421783,0.023359744,1255,2105,2708
1940,CHEMBL2364632,SARECYCLINE,CON(C)Cc1ccc(O)c2c1C[C@H]1C[C@H]3[C@H](N(C)C)C(O)=C(C(N)=O)C(=O)[C@@]3(O)C(O)=C1C2=O,0.03108187118343659,0.00043062953,0.15471017,0.45071158,2634,1566,1482
1941,CHEMBL73234,CARBETAPENTANE,CCN(CC)CCOCCOC(=O)C1(c2ccccc2)CCCC1,0.0310659309735243,0.0007539414,0.1063452,0.37393633,2467,1784,1613
1942,CHEMBL2105842,CORTIVAZOL,CC(=O)OCC(=O)[C@@]1(O)[C@H](C)C[C@H]2[C@@H]3C=C(C)C4=Cc5c(cnn5-c5ccccc5)C[C@]4(C)[C@H]3[C@@H](O)C[C@@]21C,0.03106078775817232,0.00047263905,0.06956203,0.9114555,2605,2029,651
1943,CHEMBL329522,EXIFONE,O=C(c1cc(O)c(O)c(O)c1)c1ccc(O)c(O)c1O,0.031036289950445373,0.062543206,0.2365707,0.0020205441,891,1244,3036
1944,CHEMBL3181841,RAMOSETRON HYDROCHLORIDE,Cl.Cn1cc(C(=O)[C@@H]2CCc3[nH]cnc3C2)c2ccccc21,0.031034969144925918,0.0132797845,0.04016994,0.0560353,1426,2281,2542
1945,CHEMBL3261331,RESMETIROM,CC(C)c1cc(Oc2c(Cl)cc(-n3nc(C#N)c(=O)[nH]c3=O)cc2Cl)n[nH]c1=O,0.031034576983801607,0.024950227,0.07355922,0.016286427,1208,1992,2764
1946,CHEMBL411,DIETHYLSTILBESTROL,CC/C(=C(/CC)c1ccc(O)cc1)c1ccc(O)cc1,0.03102517276743799,0.00013605191,0.4907497,0.4472786,2940,649,1485
1947,CHEMBL278623,MACIMORELIN,CC(C)(N)C(=O)N[C@H](Cc1c[nH]c2ccccc12)C(=O)N[C@H](Cc1c[nH]c2ccccc12)NC=O,0.03090440036470614,0.00025084024,0.19278497,0.61036634,2776,1413,1230
1948,CHEMBL4164059,PITOLISANT HYDROCHLORIDE,Cl.Clc1ccc(CCCOCCCN2CCCCC2)cc1,0.030804994015500672,0.00053330435,0.0973066,0.56330806,2563,1831,1301
1949,CHEMBL496,HEXACHLOROPHENE,Oc1c(Cl)cc(Cl)c(Cl)c1Cc1c(O)c(Cl)cc(Cl)c1Cl,0.030714144790274928,0.35985565,0.00026775763,0.30070814,329,3253,1751
1950,CHEMBL1200641,CISATRACURIUM BESYLATE,COc1ccc(C[C@@H]2c3cc(OC)c(OC)cc3CC[N@+]2(C)CCC(=O)OCCCCCOC(=O)CC[N@@+]2(C)CCc3cc(OC)c(OC)cc3[C@H]2Cc2ccc(OC)c(OC)c2)cc1OC.O=S(=O)([O-])c1ccccc1.O=S(=O)([O-])c1ccccc1,0.030699035412674176,0.004966768,0.005907526,0.9860406,1775,2919,264
1951,CHEMBL1643,RIBAVIRIN,NC(=O)c1ncn([C@@H]2O[C@H](CO)[C@@H](O)[C@H]2O)n1,0.030693194020271517,0.0039044784,0.021906346,0.33805954,1874,2541,1675
1952,CHEMBL1200393,GREPAFLOXACIN HYDROCHLORIDE,Cc1c(F)c(N2CCNC(C)C2)cc2c1c(=O)c(C(=O)O)cn2C1CC1.Cl,0.030660627462133317,0.0037029474,0.010632775,0.7320639,1893,2771,1047
1953,CHEMBL1286,LEVETIRACETAM,CC[C@@H](C(N)=O)N1CCCC1=O,0.030658541728369678,0.0036477959,0.1670636,0.047287043,1905,1513,2588
1954,CHEMBL1110,ALOSETRON,Cc1[nH]cnc1CN1CCc2c(c3ccccc3n2C)C1=O,0.030582232397066738,0.0033947567,0.1299012,0.0648613,1932,1670,2493
1955,CHEMBL517712,ATROPINE,CN1[C@@H]2CC[C@H]1C[C@@H](OC(=O)C(CO)c1ccccc1)C2,0.030566260564703136,0.0047115358,0.008872977,0.6831169,1797,2826,1116
1956,CHEMBL2110725,VINFLUNINE,CC[C@]12C=CCN3CC[C@@]4(c5cc([C@@]6(C(=O)OC)C[C@@H]7C[C@@H](C(C)(F)F)CN(Cc8c6[nH]c6ccccc86)C7)c(OC)cc5N(C)[C@H]4[C@@](O)(C(=O)OC)[C@@H]1OC(C)=O)[C@@H]32,0.030477041238234772,5.9278544e-05,0.81652427,0.5848597,3100,218,1264
1957,CHEMBL577,ENALAPRILAT ANHYDROUS,C[C@H](N[C@@H](CCc1ccccc1)C(=O)O)C(=O)N1CCC[C@H]1C(=O)O,0.03044346404310937,0.00068240863,0.1318231,0.31365058,2492,1664,1728
1958,CHEMBL522038,XIMELAGATRAN,CCOC(=O)CN[C@@H](C(=O)N1CC[C@H]1C(=O)NCc1ccc(/C(N)=N\O)cc1)C1CCCCC1,0.030441466869861617,0.00044230997,0.44367108,0.14375035,2624,723,2161
1959,CHEMBL9967,PIRENZEPINE,CN1CCN(CC(=O)N2c3ccccc3C(=O)Nc3cccnc32)CC1,0.030398578950154555,0.0032484762,0.012138899,0.71236235,1949,2736,1082
1960,CHEMBL1173655,AFATINIB,CN(C)C/C=C/C(=O)Nc1cc2c(Nc3ccc(F)c(Cl)c3)ncnc2cc1O[C@H]1CCOC1,0.0303546079700073,0.44433442,0.03322671,0.0018944219,267,2377,3043
1961,CHEMBL1200342,PARAMETHASONE ACETATE,CC(=O)OCC(=O)[C@@]1(O)[C@H](C)C[C@H]2[C@@H]3C[C@H](F)C4=CC(=O)C=C[C@]4(C)[C@H]3[C@@H](O)C[C@@]21C,0.03023843269171943,0.0003073364,0.09922584,0.90664846,2720,1819,666
1962,CHEMBL1614,DESLANOSIDE,C[C@H]1O[C@@H](O[C@H]2CC[C@@]3(C)[C@H](CC[C@@H]4[C@@H]3C[C@@H](O)[C@]3(C)[C@@H](C5=CC(=O)OC5)CC[C@]43O)C2)C[C@H](O)[C@@H]1O[C@H]1C[C@H](O)[C@H](O[C@H]2C[C@H](O)[C@H](O[C@@H]3O[C@H](CO)[C@@H](O)[C@H](O)[C@H]3O)[C@@H](C)O2)[C@@H](C)O1,0.03023766281835587,0.0026965265,0.010279944,0.9973539,2029,2785,85
1963,CHEMBL1592,QUINAPRIL,CCOC(=O)[C@H](CCc1ccccc1)N[C@@H](C)C(=O)N1Cc2ccccc2C[C@H]1C(=O)O,0.030208088750428165,0.002777942,0.0669503,0.14821565,2015,2043,2146
1964,CHEMBL1201011,QUINAPRIL HYDROCHLORIDE,CCOC(=O)[C@H](CCc1ccccc1)N[C@@H](C)C(=O)N1Cc2ccccc2C[C@H]1C(=O)O.Cl,0.03014313030363806,0.002686701,0.07671808,0.13287644,2035,1970,2209
1965,CHEMBL2104793,PYROVALERONE HYDROCHLORIDE,CCCC(C(=O)c1ccc(C)cc1)N1CCCC1.Cl,0.03010906433146818,0.0020657768,0.19241405,0.068670735,2120,1417,2466
1966,CHEMBL1200471,PYRITHIONE ZINC,[O-][n+]1ccccc1[S-].[O-][n+]1ccccc1[S-].[Zn+2],0.03005097529656803,0.041612625,0.11599156,0.0056224302,1050,1740,2927
1967,CHEMBL1676,FLUTICASONE FUROATE,C[C@@H]1C[C@H]2[C@@H]3C[C@H](F)C4=CC(=O)C=C[C@]4(C)[C@@]3(F)[C@@H](O)C[C@]2(C)[C@@]1(OC(=O)c1ccco1)C(=O)SCF,0.030048816407922955,0.00049626554,0.09422108,0.58025634,2588,1854,1271
1968,CHEMBL3185958,CLOMIPHENE CITRATE,CCN(CC)CCOc1ccc(C(=C(Cl)c2ccccc2)c2ccccc2)cc1.O=C(O)CC(O)(CC(=O)O)C(=O)O,0.03002364719354912,0.020123132,0.07310491,0.018397052,1285,2000,2743
1969,CHEMBL167731,PIXANTRONE,NCCNc1ccc(NCCN)c2c1C(=O)c1ccncc1C2=O,0.030007888984365003,0.01513205,0.04410462,0.040487837,1382,2233,2615
1970,CHEMBL5315124,LEVOFLOXACIN,C[C@H]1COc2c(N3CCN(C)CC3)c(F)cc3c(=O)c(C(=O)O)cn1c23.C[C@H]1COc2c(N3CCN(C)CC3)c(F)cc3c(=O)c(C(=O)O)cn1c23.O,0.02999936448980733,0.0027427517,0.042447492,0.23189837,2023,2256,1896
1971,CHEMBL372795,STREPTOMYCIN,CN[C@@H]1[C@H](O[C@H]2[C@H](O[C@H]3[C@H](O)[C@@H](O)[C@H](N=C(N)N)[C@@H](O)[C@@H]3N=C(N)N)O[C@@H](C)[C@]2(O)C=O)O[C@@H](CO)[C@H](O)[C@H]1O,0.02997333894196606,0.0009185436,0.03420501,0.8570691,2403,2365,794
1972,CHEMBL4,OFLOXACIN,CC1COc2c(N3CCN(C)CC3)c(F)cc3c(=O)c(C(=O)O)cn1c23,0.029973092101293685,0.0026914096,0.059628315,0.16778855,2031,2092,2076
1973,CHEMBL159226,MOXISYLYTE,CC(=O)Oc1cc(C(C)C)c(OCCN(C)C)cc1C,0.029943558554811317,0.042608943,0.07177565,0.008778743,1040,2009,2866
1974,CHEMBL1200661,UNOPROSTONE ISOPROPYL,CCCCCCCC(=O)CC[C@@H]1[C@@H](C/C=C\CCCC(=O)OC(C)C)[C@@H](O)C[C@H]1O,0.029884452265341768,0.0031310592,0.018720211,0.4553381,1966,2596,1472
1975,CHEMBL1788132,LOFEXIDINE HYDROCHLORIDE,CC(Oc1c(Cl)cccc1Cl)C1=NCCN1.Cl,0.029876818200064045,0.0188939,0.004611266,0.30609855,1311,2975,1743
1976,CHEMBL296419,ASTEMIZOLE,COc1ccc(CCN2CCC(Nc3nc4ccccc4n3Cc3ccc(F)cc3)CC2)cc1,0.02982721613908023,0.006119332,0.0065212236,0.6649748,1698,2896,1144
1977,CHEMBL3707183,QUINIDINE SULFATE,C=C[C@H]1CN2CC[C@H]1C[C@@H]2[C@@H](O)c1ccnc2ccc(OC)cc12.C=C[C@H]1CN2CC[C@H]1C[C@@H]2[C@@H](O)c1ccnc2ccc(OC)cc12.O.O.O=S(=O)(O)O,0.029794624213198166,0.0031683275,0.034910686,0.23912518,1960,2357,1874
1978,CHEMBL551466,ACLIDINIUM BROMIDE,O=C(O[C@H]1C[N+]2(CCCOc3ccccc3)CCC1CC2)C(O)(c1cccs1)c1cccs1.[Br-],0.02977911223184331,0.0017614192,0.018825937,0.79637164,2176,2592,921
1979,CHEMBL192,SILDENAFIL,CCCc1nn(C)c2c(=O)[nH]c(-c3cc(S(=O)(=O)N4CCN(C)CC4)ccc3OCC)nc12,0.029755664011434684,0.023387926,0.017730875,0.0635312,1230,2624,2501
1980,CHEMBL1229517,VEMURAFENIB,CCCS(=O)(=O)Nc1ccc(F)c(C(=O)c2c[nH]c3ncc(-c4ccc(Cl)cc4)cc23)c1F,0.02975395433349799,0.1321612,0.030535275,0.0065272194,582,2408,2905
1981,CHEMBL1201780,CARGLUMIC ACID,NC(=O)N[C@@H](CCC(=O)O)C(=O)O,0.029735916480045158,8.923541e-05,0.36151487,0.8150435,3019,899,889
1982,CHEMBL2104910,SULFADICRAMIDE,CC(C)=CC(=O)NS(=O)(=O)c1ccc(N)cc1,0.029726043495259376,0.0046838317,0.13615328,0.04118907,1803,1641,2611
1983,CHEMBL149972,PHENOBARBITAL SODIUM,CCC1(c2ccccc2)C(=O)N=C([O-])NC1=O.[Na+],0.029642240642595765,0.0013395745,0.12523913,0.15524805,2273,1695,2117
1984,CHEMBL4594350,ADAGRASIB,C=C(F)C(=O)N1CCN(c2nc(OC[C@@H]3CCCN3C)nc3c2CCN(c2cccc4cccc(Cl)c24)C3)C[C@@H]1CC#N,0.029560648245873573,0.0017880915,0.017968733,0.8039603,2167,2619,908
1985,CHEMBL1201772,PRASUGREL,CC(=O)Oc1cc2c(s1)CCN(C(C(=O)C1CC1)c1ccccc1F)C2,0.029350536628600356,0.005175925,0.0148204705,0.32960826,1762,2687,1693
1986,CHEMBL1643895,RAMOSETRON,Cn1cc(C(=O)[C@@H]2CCc3[nH]cnc3C2)c2ccccc21,0.02928853016996132,0.012206443,0.036422223,0.056511525,1459,2336,2539
1987,CHEMBL90555,VINCRISTINE,CC[C@]1(O)C[C@H]2CN(CCc3c([nH]c4ccccc34)[C@@](C(=O)OC)(c3cc4c(cc3OC)N(C=O)[C@H]3[C@@](O)(C(=O)OC)[C@H](OC(C)=O)[C@]5(CC)C=CCN6CC[C@]43[C@@H]65)C2)C1,0.029285870958276342,3.651153e-05,0.78111565,0.8807019,3176,257,735
1988,CHEMBL517,DISOPYRAMIDE,CC(C)N(CCC(C(N)=O)(c1ccccc1)c1ccccn1)C(C)C,0.02927129555301834,0.004123663,0.02484963,0.24475004,1851,2489,1863
1989,CHEMBL1532,QUINETHAZONE,CCC1NC(=O)c2cc(S(N)(=O)=O)c(Cl)cc2N1,0.029245742130061012,0.015304371,0.0017576305,0.9299185,1378,3109,583
1990,CHEMBL550,PILOCARPINE,CC[C@@H]1C(=O)OC[C@@H]1Cc1cncn1C,0.029168152917382548,0.00068027165,0.040355705,0.90393966,2494,2278,673
1991,CHEMBL4594394,MAGNESIUM OXYBATE,O=C([O-])CCCO.O=C([O-])CCCO.[Mg+2],0.029058631594060004,0.0025509486,0.1546598,0.062193695,2046,1567,2506
1992,CHEMBL4650827,REVUMENIB,CCN(C(=O)c1cc(F)ccc1Oc1cncnc1N1CC2(CCN(C[C@H]3CC[C@H](NS(=O)(=O)CC)CC3)CC2)C1)C(C)C,0.0289981843723728,0.00026355725,0.22990946,0.4024208,2762,1266,1561
1993,CHEMBL3707290,SOMAPACITAN,C=C(CCCCCCCCCCCCCCCc1nnn[nH]1)NS(=O)(=O)CCCC(=O)NCCOCCOCC(=O)N[C@@H](CCC(=O)N[C@@H](CCC(=O)NCCOCCOCC(=O)N[C@@H](CCCCNC(=O)CSC[C@H](N)C(=O)O)C(N)=O)C(=O)O)C(=O)O,0.028984514013761644,0.00017893051,0.33502334,0.4061989,2879,975,1558
1994,CHEMBL1200463,OXAPROZIN POTASSIUM,O=C([O-])CCc1nc(-c2ccccc2)c(-c2ccccc2)o1.[K+],0.028931239148978643,0.020410368,0.06255219,0.018967396,1279,2070,2738
1995,CHEMBL30219,METHOHEXITAL SODIUM,C=CCC1(C(C)C#CCC)C(=O)N=C([O-])N(C)C1=O.[Na+],0.028877640498590523,0.00017139838,0.41336012,0.33989903,2890,786,1670
1996,CHEMBL31,GATIFLOXACIN,COc1c(N2CCNC(C)C2)c(F)cc2c(=O)c(C(=O)O)cn(C3CC3)c12,0.028856059608109514,0.003744901,0.095431,0.0672328,1889,1846,2477
1997,CHEMBL601,AMINOLEVULINIC ACID,NCC(=O)CCC(=O)O,0.028847417840927772,0.00016004892,0.21044587,0.7127345,2905,1344,1081
1998,CHEMBL1200538,BETAMETHASONE ACETATE,CC(=O)OCC(=O)[C@@]1(O)[C@@H](C)C[C@H]2[C@@H]3CCC4=CC(=O)C=C[C@]4(C)[C@@]3(F)[C@@H](O)C[C@@]21C,0.028829617673060137,0.00017123307,0.41462404,0.33750072,2892,782,1676
1999,CHEMBL7413,METHOHEXITAL,C=CCC1(C(C)C#CCC)C(=O)NC(=O)N(C)C1=O,0.028690376803426183,0.00010682397,0.57908434,0.38176683,2978,520,1602
2000,CHEMBL594,EMEDASTINE,CCOCCn1c(N2CCCN(C)CC2)nc2ccccc21,0.028672734641383528,0.004870902,0.0048468076,0.9984864,1780,2963,68
2001,CHEMBL3989843,TRANYLCYPROMINE,N[C@@H]1C[C@H]1c1ccccc1.N[C@H]1C[C@@H]1c1ccccc1,0.028644378797679754,0.010952757,0.0025852495,0.8300272,1496,3052,851
2002,CHEMBL869,NITROFURAZONE,NC(=O)N/N=C/c1ccc([N+](=O)[O-])o1,0.028643566827680125,0.015629198,0.118020765,0.012740492,1370,1728,2801
2003,CHEMBL1201203,BENZTROPINE,CN1[C@@H]2CC[C@H]1C[C@@H](OC(c1ccccc1)c1ccccc1)C2,0.028630346210125678,0.0037715253,0.006597377,0.9431732,1885,2892,531
2004,CHEMBL553025,VINORELBINE,CCC1=C[C@@H]2CN(C1)Cc1c([nH]c3ccccc13)[C@@](C(=O)OC)(c1cc3c(cc1OC)N(C)[C@H]1[C@@](O)(C(=O)OC)[C@H](OC(C)=O)[C@]4(CC)C=CCN5CC[C@]31[C@@H]54)C2,0.028569144753711678,5.0557086e-05,0.835364,0.55212057,3134,197,1322
2005,CHEMBL19299,LOXOPROFEN,CC(C(=O)O)c1ccc(CC2CCCC2=O)cc1,0.028566017634003012,0.0026392068,0.2559051,0.034514118,2039,1185,2650
2006,CHEMBL1230314,ESTETROL ANHYDROUS,C[C@]12CC[C@@H]3c4ccc(O)cc4CC[C@H]3[C@@H]1[C@@H](O)[C@@H](O)[C@@H]2O,0.02854941727593442,0.001293676,0.018215487,0.9874736,2282,2613,249
2007,CHEMBL1766,DESOXIMETASONE,C[C@@H]1C[C@H]2[C@@H]3CCC4=CC(=O)C=C[C@]4(C)[C@@]3(F)[C@@H](O)C[C@]2(C)[C@H]1C(=O)CO,0.028535892912275856,0.00015526578,0.20718311,0.7223446,2913,1356,1066
2008,CHEMBL2111112,VERNAKALANT,COc1ccc(CCO[C@@H]2CCCC[C@H]2N2CC[C@@H](O)C2)cc1OC,0.028522898235158006,0.0006306156,0.041333713,0.89024967,2523,2268,705
2009,CHEMBL1201729,DRONEDARONE HYDROCHLORIDE,CCCCc1oc2ccc(NS(C)(=O)=O)cc2c1C(=O)c1ccc(OCCCN(CCCC)CCCC)cc1.Cl,0.028495095512040637,0.0057413364,0.058728177,0.06862003,1718,2101,2468
2010,CHEMBL33,LEVOFLOXACIN ANHYDROUS,C[C@H]1COc2c(N3CCN(C)CC3)c(F)cc3c(=O)c(C(=O)O)cn1c23,0.02844604267355929,0.0024793209,0.04071047,0.22804822,2059,2275,1903
2011,CHEMBL182,GANCICLOVIR,Nc1nc2c(ncn2COC(CO)CO)c(=O)[nH]1,0.028435458969708755,0.10463047,0.015312328,0.014350971,672,2670,2784
2012,CHEMBL1533310,HISTAMINE DIHYDROCHLORIDE,Cl.Cl.NCCc1c[nH]cn1,0.02838146153737176,0.013722925,0.1255545,0.013268605,1413,1692,2793
2013,CHEMBL583,GREPAFLOXACIN,Cc1c(F)c(N2CCNC(C)C2)cc2c1c(=O)c(C(=O)O)cn2C1CC1,0.028344962783083072,0.0032559838,0.009555716,0.7319511,1948,2804,1048
2014,CHEMBL2325741,CAPIVASERTIB,NC1(C(=O)N[C@@H](CCO)c2ccc(Cl)cc2)CCN(c2nc[nH]c3nccc2-3)CC1,0.028331846636059102,0.002969547,0.062165704,0.12319231,1987,2075,2250
2015,CHEMBL1681,IODOHIPPURATE,O=C(O)CNC(=O)c1ccccc1I,0.028310927872487176,0.01642891,0.024213225,0.057042815,1358,2499,2536
2016,CHEMBL1200715,HEXYLCAINE HYDROCHLORIDE,CC(CNC1CCCCC1)OC(=O)c1ccccc1.Cl,0.028252977355259525,0.0003760081,0.108989425,0.5503147,2668,1772,1324
2017,CHEMBL1200613,TOLMETIN SODIUM,Cc1ccc(C(=O)c2ccc(CC(=O)[O-])n2C)cc1.[Na+],0.028113015263611173,0.018044839,0.29668373,0.004150262,1326,1065,2954
2018,CHEMBL54976,TRYPTOPHAN,N[C@@H](Cc1c[nH]c2ccccc12)C(=O)O,0.028074330661217808,0.0009789426,0.1517465,0.14895406,2381,1585,2142
2019,CHEMBL17860,LOFEXIDINE,CC(Oc1c(Cl)cccc1Cl)C1=NCCN1,0.02806410661729967,0.020266376,0.0024882394,0.4383141,1283,3057,1501
2020,CHEMBL109,VALPROIC ACID,CCCC(CCC)C(=O)O,0.028044519407011782,0.0013437554,0.09925095,0.16538236,2271,1818,2085
2021,CHEMBL1364,PYRIDOXINE,Cc1ncc(CO)c(CO)c1O,0.028010753458809885,0.9732693,3.0176478e-05,0.74829525,39,3345,1020
2022,CHEMBL378544,VINBLASTINE SULFATE,CC[C@]1(O)C[C@@H]2CN(CCc3c([nH]c4ccccc34)[C@@](C(=O)OC)(c3cc4c(cc3OC)N(C)[C@H]3[C@@](O)(C(=O)OC)[C@H](OC(C)=O)[C@]5(CC)C=CCN6CC[C@]43[C@@H]65)C2)C1.O=S(=O)(O)O,0.027957408621157427,3.607685e-05,0.7838803,0.77270275,3180,253,976
2023,CHEMBL1231,OXYBUTYNIN,CCN(CC)CC#CCOC(=O)C(O)(c1ccccc1)C1CCCCC1,0.02795487665407131,0.00091114716,0.08567532,0.27985212,2406,1904,1798
2024,CHEMBL1200507,IODIXANOL,CC(=O)N(CC(O)CN(C(C)=O)c1c(I)c(C(=O)NCC(O)CO)c(I)c(C(=O)NCC(O)CO)c1I)c1c(I)c(C(=O)NCC(O)CO)c(I)c(C(=O)NCC(O)CO)c1I,0.027889844622458092,0.02704943,0.0032338877,0.24800202,1184,3021,1859
2025,CHEMBL1425,MERCAPTOPURINE ANHYDROUS,Sc1ncnc2nc[nH]c12,0.027886872473501044,0.027826266,0.06543247,0.011911082,1172,2053,2812
2026,CHEMBL117287,PRUCALOPRIDE,COCCCN1CCC(NC(=O)c2cc(Cl)c(N)c3c2OCC3)CC1,0.027822016364782008,0.0077296216,0.0028148673,0.9898046,1616,3040,221
2027,CHEMBL1200802,TALBUTAL,C=CCC1(C(C)CC)C(=O)NC(=O)NC1=O,0.027821198237037544,0.00094273494,0.35349533,0.0646181,2393,921,2494
2028,CHEMBL1133,OXYBUTYNIN CHLORIDE,CCN(CC)CC#CCOC(=O)C(O)(c1ccccc1)C1CCCCC1.Cl,0.027731661030800114,0.0009310291,0.09053642,0.25301194,2395,1871,1848
2029,CHEMBL6068329,PEMETREXED DIPOTASSIUM,Nc1nc2[nH]cc(CCc3ccc(C(=O)N[C@@H](CCC(=O)[O-])C(=O)[O-])cc3)c2c(=O)[nH]1.[K+].[K+],0.027720073066687598,0.0037736453,0.13295467,0.042453974,1884,1658,2606
2030,CHEMBL184412,DRONEDARONE,CCCCc1oc2ccc(NS(C)(=O)=O)cc2c1C(=O)c1ccc(OCCCN(CCCC)CCCC)cc1,0.027686352545162156,0.0055838637,0.057095625,0.0665671,1732,2119,2485
2031,CHEMBL1200391,TROMETHAMINE,NC(CO)(CO)CO,0.027665954766960307,0.00061029417,0.039907105,0.8694558,2531,2287,767
2032,CHEMBL937,DIETHYLCARBAMAZINE CITRATE,CCN(CC)C(=O)N1CCN(C)CC1.O=C(O)CC(O)(CC(=O)O)C(=O)O,0.027581883421260667,0.0021322058,0.12133238,0.081108406,2108,1714,2415
2033,CHEMBL2368925,DOLASETRON,O=C(O[C@@H]1C[C@@H]2C[C@H]3C[C@H](C1)N2CC3=O)c1c[nH]c2ccccc12,0.02757946354710855,0.0047113607,0.021366006,0.20839524,1798,2554,1960
2034,CHEMBL1166,ARGATROBAN,CC1CNc2c(cccc2S(=O)(=O)N[C@@H](CCCNC(=N)N)C(=O)N2CC[C@@H](C)C[C@@H]2C(=O)O)C1,0.02756715703904147,0.0031024609,0.027858095,0.24239191,1974,2443,1868
2035,CHEMBL2062276,LEVALLORPHAN TARTRATE,C=CCN1CC[C@]23CCCC[C@H]2[C@H]1Cc1ccc(O)cc13.O=C(O)C(O)C(O)C(=O)O,0.027429220156694883,0.0004145577,0.6120553,0.08133264,2646,473,2414
2036,CHEMBL44618,CHLOROFORM,ClC(Cl)Cl,0.027418189464904128,0.057052232,0.00537722,0.06718708,930,2944,2478
2037,CHEMBL1200959,METHDILAZINE,CN1CCC(CN2c3ccccc3Sc3ccccc32)C1,0.027342581940773394,0.0025803177,0.0079596825,0.99529016,2043,2847,124
2038,CHEMBL498847,SECNIDAZOLE,Cc1ncc([N+](=O)[O-])n1CC(C)O,0.02732516262030532,0.038311582,0.046180163,0.011531948,1076,2212,2819
2039,CHEMBL266349,MELAGATRAN,N=C(N)c1ccc(CNC(=O)[C@@H]2CCN2C(=O)[C@H](NCC(=O)O)C2CCCCC2)cc1,0.02729253469167928,0.00017980138,0.41145873,0.27479732,2878,794,1807
2040,CHEMBL2348780,VAMOROLONE,C[C@@H]1C[C@H]2[C@@H]3CCC4=CC(=O)C=C[C@]4(C)C3=CC[C@]2(C)[C@@]1(O)C(=O)CO,0.027287385391784578,0.00031826462,0.23923129,0.26685756,2712,1233,1820
2041,CHEMBL196,ASCORBIC ACID,O=C1O[C@H]([C@@H](O)CO)C(O)=C1O,0.02728738322317811,0.0030536316,0.026129844,0.2546433,1978,2468,1846
2042,CHEMBL1003,CLAVULANATE POTASSIUM,O=C([O-])[C@H]1/C(=C/CO)O[C@@H]2CC(=O)N21.[K+],0.027249503384387218,0.002050284,0.20508434,0.048120406,2122,1361,2580
2043,CHEMBL13,METOPROLOL,COCCc1ccc(OCC(O)CNC(C)C)cc1,0.02722709943416275,9.346927e-05,0.21664044,0.99677175,3006,1313,96
2044,CHEMBL1200682,SODIUM OXYBATE,O=C([O-])CCCO.[Na+],0.027188091421047254,0.00277385,0.14891382,0.048653953,2016,1600,2578
2045,CHEMBL440,THIAMYLAL,C=CCC1(C(C)CCC)C(=O)NC(=S)NC1=O,0.02717447044338077,0.00076731364,0.29764062,0.08786547,2462,1062,2390
2046,CHEMBL634,ALFENTANIL,CCC(=O)N(c1ccccc1)C1(COC)CCN(CCn2nnn(CC)c2=O)CC1,0.027137600849703857,0.00016045934,0.23593958,0.52789605,2904,1246,1352
2047,CHEMBL1705,CLONIDINE HYDROCHLORIDE,Cl.Clc1cccc(Cl)c1NC1=NCCN1,0.02713645404725117,0.039784294,0.0008764279,0.57310134,1062,3175,1287
2048,CHEMBL1200762,BETAMETHASONE SODIUM PHOSPHATE,C[C@H]1C[C@H]2[C@@H]3CCC4=CC(=O)C=C[C@]4(C)[C@@]3(F)[C@@H](O)C[C@]2(C)[C@@]1(O)C(=O)COP(=O)([O-])[O-].[Na+].[Na+],0.027112777238814566,0.0008660206,0.22106767,0.10410427,2420,1298,2314
2049,CHEMBL1908370,FINAFLOXACIN,N#Cc1c(N2C[C@@H]3NCCO[C@H]3C2)c(F)cc2c(=O)c(C(=O)O)cn(C3CC3)c12,0.027010450924977496,0.0027569537,0.06651645,0.107457556,2020,2046,2306
2050,CHEMBL1722209,TOLTERODINE TARTRATE,Cc1ccc(O)c([C@H](CCN(C(C)C)C(C)C)c2ccccc2)c1.O=C(O)C(O)C(O)C(=O)O,0.026952246477141697,0.014155202,0.36241508,0.003816477,1400,895,2964
2051,CHEMBL1200666,CALCIPOTRIENE,C=C1/C(=C\C=C2/CCC[C@]3(C)[C@@H]([C@H](C)/C=C/[C@@H](O)C4CC4)CC[C@@H]23)C[C@@H](O)C[C@@H]1O,0.026908326890757117,0.0022182115,0.07414964,0.11845355,2095,1990,2272
2052,CHEMBL1501,FLUOCINONIDE,CC(=O)OCC(=O)[C@@]12OC(C)(C)O[C@@H]1C[C@H]1[C@@H]3C[C@H](F)C4=CC(=O)C=C[C@]4(C)[C@@]3(F)[C@@H](O)C[C@@]12C,0.026887897447764885,6.109106e-05,0.43187213,0.73677975,3093,745,1043
2053,CHEMBL1201098,CEFOTETAN DISODIUM,CO[C@@]1(NC(=O)C2SC(=C(C(N)=O)C(=O)[O-])S2)C(=O)N2C(C(=O)[O-])=C(CSc3nnnn3C)CS[C@@H]21.[Na+].[Na+],0.026865493015504175,0.0002220432,0.2700456,0.32337755,2812,1145,1702
2054,CHEMBL297302,BENPERIDOL,O=C(CCCN1CCC(n2c(=O)[nH]c3ccccc32)CC1)c1ccc(F)cc1,0.02682434531816669,0.0046962164,0.116116874,0.03539516,1801,1739,2644
2055,CHEMBL290916,EDARAVONE,CC1=NN(c2ccccc2)C(=O)C1,0.026773539226823507,0.014817204,0.02330325,0.055582058,1389,2515,2546
2056,CHEMBL5095051,VENLAFAXINE BESYLATE,COc1ccc(C(CN(C)C)C2(O)CCCCC2)cc1.O=S(=O)(O)c1ccccc1,0.026727058063923545,0.0024633352,0.07898397,0.09812755,2062,1952,2343
2057,CHEMBL307261,ARTENIMOL,C[C@H]1[C@@H](O)O[C@@H]2O[C@@]3(C)CC[C@H]4[C@H](C)CC[C@@H]1[C@@]24OO3,0.02668255329066898,7.451408e-05,0.2683234,0.9501348,3058,1150,505
2058,CHEMBL1200949,BETAZOLE HYDROCHLORIDE,Cl.NCCc1cc[nH]n1,0.02652896743955779,0.012953743,0.11498585,0.012534918,1440,1750,2805
2059,CHEMBL525610,TERIPARATIDE,CC[C@H](C)[C@H](NC(=O)[C@H](CCC(=O)O)NC(=O)[C@H](CO)NC(=O)[C@@H](NC(=O)[C@@H](N)CO)C(C)C)C(=O)N[C@@H](CCC(N)=O)C(=O)N[C@@H](CC(C)C)C(=O)N[C@@H](CCSC)C(=O)N[C@@H](Cc1cnc[nH]1)C(=O)N[C@@H](CC(N)=O)C(=O)N[C@@H](CC(C)C)C(=O)NCC(=O)N[C@@H](CCCCN)C(=O)N[C@@H](Cc1cnc[nH]1)C(=O)N[C@@H](CC(C)C)C(=O)N[C@@H](CC(N)=O)C(=O)N[C@@H](CO)C(=O)N[C@@H](CCSC)C(=O)N[C@@H](CCC(=O)O)C(=O)N[C@@H](CCCNC(=N)N)C(=O)N[C@H](C(=O)N[C@@H](CCC(=O)O)C(=O)N[C@@H](Cc1c[nH]c2ccccc12)C(=O)N[C@@H](CC(C)C)C(=O)N[C@@H](CCCNC(=N)N)C(=O)N[C@@H](CCCCN)C(=O)N[C@@H](CCCCN)C(=O)N[C@@H](CC(C)C)C(=O)N[C@@H](CCC(N)=O)C(=O)N[C@@H](CC(=O)O)C(=O)N[C@H](C(=O)N[C@@H](Cc1cnc[nH]1)C(=O)N[C@@H](CC(N)=O)C(=O)N[C@@H](Cc1ccccc1)C(=O)O)C(C)C)C(C)C,0.026440539729879187,5.588588e-05,0.36592022,0.9039046,3114,881,674
2060,CHEMBL6995,PRACTOLOL,CC(=O)Nc1ccc(OCC(O)CNC(C)C)cc1,0.02640996797358356,3.5724013e-05,0.5194386,0.9926802,3182,613,170
2061,CHEMBL2105735,ASUNAPREVIR,C=C[C@@H]1C[C@]1(NC(=O)[C@@H]1C[C@@H](Oc2ncc(OC)c3ccc(Cl)cc23)CN1C(=O)[C@@H](NC(=O)OC(C)(C)C)C(C)(C)C)C(=O)NS(=O)(=O)C1CC1,0.026331545584490426,0.007889726,0.038285077,0.06044184,1609,2310,2517
2062,CHEMBL539423,SPARSENTAN,CCCCC1=NC2(CCCC2)C(=O)N1Cc1ccc(-c2ccccc2S(=O)(=O)Nc2noc(C)c2C)c(COCC)c1,0.026330016952985154,0.00020063117,0.23379694,0.38914907,2833,1254,1584
2063,CHEMBL1201141,IBUPROFEN LYSINE,CC(C)Cc1ccc(C(C)C(=O)O)cc1.NCCCC[C@H](N)C(=O)O,0.02629824027555915,0.0004625015,0.1866806,0.21065302,2614,1438,1955
2064,CHEMBL3989861,DESVENLAFAXINE FUMARATE,CN(C)CC(c1ccc(O)cc1)C1(O)CCCCC1.O.O=C(O)/C=C/C(=O)O,0.026186745045480287,0.0010323451,0.19747652,0.08808546,2357,1390,2387
2065,CHEMBL1201761,BESIFLOXACIN HYDROCHLORIDE,Cl.N[C@@H]1CCCCN(c2c(F)cc3c(=O)c(C(=O)O)cn(C4CC4)c3c2Cl)C1,0.026159431908934074,0.0033021101,0.023873596,0.22707821,1940,2504,1908
2066,CHEMBL34259,METHOTREXATE,CN(Cc1cnc2nc(N)nc(N)c2n1)c1ccc(C(=O)N[C@@H](CCC(=O)O)C(=O)O)cc1,0.026117387484067375,0.054501656,0.024876729,0.0131397275,946,2487,2797
2067,CHEMBL1695,TIAGABINE HYDROCHLORIDE,Cc1ccsc1C(=CCCN1CCC[C@@H](C(=O)O)C1)c1sccc1C.Cl,0.026089683015363203,0.0022571255,0.008163357,0.96378887,2090,2840,455
2068,CHEMBL531,PERGOLIDE,CCCN1C[C@H](CSC)C[C@@H]2c3cccc4[nH]cc(c34)C[C@H]21,0.026035671176904775,0.00076852256,0.023135563,0.99258935,2461,2521,173
2069,CHEMBL395110,MEPAZINE,CN1CCCC(CN2c3ccccc3Sc3ccccc32)C1,0.026002813718633947,0.0021814406,0.008105104,0.9943955,2103,2843,139
2070,CHEMBL738,THIOPENTAL SODIUM,CCCC(C)C1(CC)C(=O)[N-]C(=S)NC1=O.[Na+],0.025964665639004098,0.000412878,0.4641618,0.091339156,2648,694,2372
2071,CHEMBL1159650,CLOBETASOL PROPIONATE,CCC(=O)O[C@]1(C(=O)CCl)[C@@H](C)C[C@H]2[C@@H]3CCC4=CC(=O)C=C[C@]4(C)[C@@]3(F)[C@@H](O)C[C@@]21C,0.025929947501019526,0.00019664448,0.27515647,0.32221323,2842,1125,1708
2072,CHEMBL777,CLAVULANIC ACID,O=C(O)[C@H]1/C(=C/CO)O[C@@H]2CC(=O)N21,0.025877887135929378,0.0021249694,0.1718513,0.047454886,2111,1493,2587
2073,CHEMBL1201167,CARVEDILOL PHOSPHATE,COc1ccccc1OCCNCC(O)COc1cccc2[nH]c3ccccc3c12.O=P(O)(O)O,0.025782023427107822,0.013455395,0.025716634,0.04952683,1420,2472,2574
2074,CHEMBL1055,CHLORTHALIDONE,NS(=O)(=O)c1cc(C2(O)NC(=O)c3ccccc32)ccc1Cl,0.0257764897500243,0.020947043,0.021150848,0.038656343,1271,2559,2623
2075,CHEMBL2105275,PROPYLHEXEDRINE,CNC(C)CC1CCCCC1,0.02573568112626378,0.00059307757,0.029766606,0.9655308,2537,2420,444
2076,CHEMBL1200477,ALLOPURINOL SODIUM,O=c1[n-]cnc2[nH]ncc12.[Na+],0.02570907179134614,0.017123412,0.18438488,0.0053819963,1339,1445,2929
2077,CHEMBL421,SULFASALAZINE,O=C(O)c1cc(/N=N/c2ccc(S(=O)(=O)Nc3ccccn3)cc2)ccc1O,0.025541337421407326,0.0083491,0.2658157,0.0075077633,1597,1157,2885
2078,CHEMBL2105719,DACOMITINIB,COc1cc2ncnc(Nc3ccc(F)c(Cl)c3)c2cc1NC(=O)/C=C/CN1CCCCC1.O,0.025517721986458693,0.25453502,0.054447744,0.0011989424,427,2139,3086
2079,CHEMBL45029,MEPHOBARBITAL,CCC1(c2ccccc2)C(=O)NC(=O)N(C)C1=O,0.02546628788267393,0.00042566904,0.1935016,0.20051196,2638,1409,1981
2080,CHEMBL3990276,TALC ANHYDROUS,O=[Mg].O=[Mg].O=[Mg].O=[Si]=O.O=[Si]=O.O=[Si]=O.O=[Si]=O,0.025405217572718915,0.004456183,0.6256151,0.00588164,1816,455,2919
2081,CHEMBL1200483,PHENMETRAZINE HYDROCHLORIDE,CC1NCCOC1c1ccccc1.Cl,0.025396619494529118,0.0015380615,0.016692122,0.63803196,2225,2645,1187
2082,CHEMBL1447476,BITHIONOLATE SODIUM,[Na+].[Na+].[O-]c1c(Cl)cc(Cl)cc1Sc1cc(Cl)cc(Cl)c1[O-],0.02539067793857716,0.14634661,0.0024772862,0.04515066,559,3058,2594
2083,CHEMBL16073,PHENACETIN,CCOc1ccc(NC(C)=O)cc1,0.025344513135591606,3.8432132e-05,0.5075445,0.83460915,3168,626,843
2084,CHEMBL1194325,ACLIDINIUM,O=C(O[C@H]1C[N+]2(CCCOc3ccccc3)CCC1CC2)C(O)(c1cccs1)c1cccs1,0.025322836642050605,0.0016167162,0.013662386,0.73515135,2214,2711,1045
2085,CHEMBL3989962,PEMETREXED TROMETHAMINE,NC(CO)(CO)CO.NC(CO)(CO)CO.Nc1nc(=O)c2c(CCc3ccc(C(=O)N[C@@H](CCC(=O)O)C(=O)O)cc3)c[nH]c2[nH]1.O.O,0.02529497261918694,0.0026951265,0.09210282,0.065200455,2030,1865,2491
2086,CHEMBL2106441,NOXYTIOLIN,CNC(=S)NCO,0.025249339631589412,0.0008504465,0.31191298,0.06068335,2428,1030,2515
2087,CHEMBL1029,MIGLUSTAT,CCCCN1C[C@H](O)[C@@H](O)[C@H](O)[C@H]1CO,0.025113611356170826,0.01941342,0.0008206145,0.9942287,1297,3180,145
2088,CHEMBL525076,ENFUVIRTIDE,CC[C@H](C)[C@H](NC(=O)[C@H](CC(C)C)NC(=O)[C@H](CO)NC(=O)[C@H](Cc1cnc[nH]1)NC(=O)[C@@H](NC(=O)[C@H](CC(C)C)NC(=O)[C@H](CO)NC(=O)[C@@H](NC(=O)[C@H](Cc1ccc(O)cc1)NC(C)=O)[C@@H](C)O)[C@@H](C)CC)C(=O)N[C@@H](CCC(=O)O)C(=O)N[C@@H](CCC(=O)O)C(=O)N[C@@H](CO)C(=O)N[C@@H](CCC(N)=O)C(=O)N[C@@H](CC(N)=O)C(=O)N[C@@H](CCC(N)=O)C(=O)N[C@@H](CCC(N)=O)C(=O)N[C@@H](CCC(=O)O)C(=O)N[C@@H](CCCCN)C(=O)N[C@@H](CC(N)=O)C(=O)N[C@@H](CCC(=O)O)C(=O)N[C@@H](CCC(N)=O)C(=O)N[C@@H](CCC(=O)O)C(=O)N[C@@H](CC(C)C)C(=O)N[C@@H](CC(C)C)C(=O)N[C@@H](CCC(=O)O)C(=O)N[C@@H](CC(C)C)C(=O)N[C@@H](CC(=O)O)C(=O)N[C@@H](CCCCN)C(=O)N[C@@H](Cc1c[nH]c2ccccc12)C(=O)N[C@@H](C)C(=O)N[C@@H](CO)C(=O)N[C@@H](CC(C)C)C(=O)N[C@@H](Cc1c[nH]c2ccccc12)C(=O)N[C@@H](CC(N)=O)C(=O)N[C@@H](Cc1c[nH]c2ccccc12)C(=O)N[C@@H](Cc1ccccc1)C(N)=O,0.025091299299417245,3.9245457e-05,0.44266042,0.90930444,3164,724,658
2089,CHEMBL106,FLUCONAZOLE,OC(Cn1cncn1)(Cn1cncn1)c1ccc(F)cc1F,0.025075568594638213,0.030168515,0.031726107,0.016473344,1148,2392,2761
2090,CHEMBL254857,FIPEXIDE,O=C(COc1ccc(Cl)cc1)N1CCN(Cc2ccc3c(c2)OCO3)CC1,0.025045977141180075,0.0036293885,0.0044446792,0.9739575,1906,2980,384
2091,CHEMBL468837,HEPTABARBITAL,CCC1(C2=CCCCCC2)C(=O)NC(=O)NC1=O,0.024919315126264854,0.00016073912,0.52055866,0.1849342,2903,609,2026
2092,CHEMBL52440,DEXTROMETHORPHAN,COc1ccc2c(c1)[C@]13CCCC[C@@H]1[C@H](C2)N(C)CC3,0.024907997360813047,0.00037677222,0.041637953,0.98502696,2665,2263,274
2093,CHEMBL1735,INDINAVIR SULFATE,CC(C)(C)NC(=O)[C@@H]1CN(Cc2cccnc2)CCN1C[C@@H](O)C[C@@H](Cc1ccccc1)C(=O)N[C@H]1c2ccccc2C[C@H]1O.O=S(=O)(O)O,0.02484823237717978,0.0042552496,0.018838907,0.19138408,1836,2591,2007
2094,CHEMBL566534,ARTEMETHER,CO[C@H]1O[C@@H]2O[C@@]3(C)CC[C@H]4[C@H](C)CC[C@@H]([C@H]1C)[C@@]24OO3,0.024799387178610476,3.032733e-05,0.5426467,0.9267692,3202,572,599
2095,CHEMBL3989519,DOXAPRAM HYDROCHLORIDE,CCN1CC(CCN2CCOCC2)C(c2ccccc2)(c2ccccc2)C1=O.Cl.O,0.024774405277157033,0.00015189334,0.26432008,0.3787396,2919,1165,1608
2096,CHEMBL1034,DICLOFENAC SODIUM,O=C([O-])Cc1ccccc1Nc1c(Cl)cccc1Cl.[Na+],0.02476231430433664,0.055069555,0.35590464,0.0007746909,942,913,3120
2097,CHEMBL89598,VIGABATRIN,C=CC(N)CCC(=O)O,0.024755840285749876,9.3513314e-05,0.19073913,0.85058904,3005,1423,812
2098,CHEMBL1515,METHIMAZOLE,Cn1ccnc1S,0.024704020562496216,0.045401577,0.46905503,0.00070795906,1013,687,3127
2099,CHEMBL2021422,FOSPROPOFOL DISODIUM,CC(C)c1cccc(C(C)C)c1OCOP(=O)([O-])[O-].[Na+].[Na+],0.02469155038053727,0.009847295,0.00471528,0.3242058,1538,2969,1701
2100,CHEMBL698,TETRACAINE,CCCCNc1ccc(C(=O)OCCN(C)C)cc1,0.024671484126589368,0.00024764787,0.23363383,0.2595468,2783,1256,1840
2101,CHEMBL1200595,CHLORPHENTERMINE HYDROCHLORIDE,CC(C)(N)Cc1ccc(Cl)cc1.Cl,0.024607365989323976,0.022674836,0.044295523,0.014835132,1248,2229,2774
2102,CHEMBL4297516,LURBINECTEDIN,COc1ccc2[nH]c3c(c2c1)CCN[C@]31CS[C@@H]2c3c(OC(C)=O)c(C)c4c(c3[C@H](COC1=O)N1[C@@H]2[C@H]2c3c(cc(C)c(OC)c3O)C[C@@H]([C@@H]1O)N2C)OCO4,0.02448250019467334,0.0002711342,0.056731757,0.95401824,2751,2120,492
2103,CHEMBL4297403,MELPHALAN FLUFENAMIDE HYDROCHLORIDE,CCOC(=O)[C@H](Cc1ccc(F)cc1)NC(=O)[C@@H](N)Cc1ccc(N(CCCl)CCCl)cc1.Cl,0.02443845207600887,5.702417e-05,0.42549348,0.60154665,3108,753,1243
2104,CHEMBL1201864,DIENOGEST,C[C@]12CCC3=C4CCC(=O)C=C4CC[C@H]3[C@@H]1CC[C@@]2(O)CC#N,0.024434186419927683,0.000316158,0.19477372,0.23689689,2713,1403,1882
2105,CHEMBL2103772,RACECADOTRIL,CC(=O)SCC(Cc1ccccc1)C(=O)NCC(=O)OCc1ccccc1,0.0243972206225823,0.00029744758,0.1236544,0.3948218,2734,1700,1575
2106,CHEMBL474579,CEFOTETAN,CO[C@@]1(NC(=O)C2SC(=C(C(N)=O)C(=O)O)S2)C(=O)N2C(C(=O)O)=C(CSc3nnnn3C)CS[C@@H]21,0.024393327103448464,0.00018576873,0.24266495,0.3219834,2863,1220,1710
2107,CHEMBL3237547,CEDAZURIDINE,O=C1N[C@H](O)CCN1[C@@H]1O[C@H](CO)[C@@H](O)C1(F)F,0.02432528593860205,0.0006763345,0.04024287,0.52883893,2496,2279,1349
2108,CHEMBL914,FEXOFENADINE,CC(C)(C(=O)O)c1ccc(C(O)CCCN2CCC(C(O)(c3ccccc3)c3ccccc3)CC2)cc1,0.02429750240088743,0.00077355484,0.06803546,0.27255774,2459,2035,1815
2109,CHEMBL1500276,OXELADIN,CCN(CC)CCOCCOC(=O)C(CC)(CC)c1ccccc1,0.024272020884482413,0.0031162244,0.046769314,0.09811333,1968,2206,2344
2110,CHEMBL1201132,NALBUPHINE HYDROCHLORIDE,Cl.Oc1ccc2c3c1O[C@H]1[C@@H](O)CC[C@@]4(O)[C@@H](C2)N(CC2CCC2)CC[C@]314,0.024259723461034974,2.2813852e-05,0.8060612,0.7764097,3234,222,965
2111,CHEMBL515606,CILAZAPRIL,CCOC(=O)[C@H](CCc1ccccc1)N[C@H]1CCCN2CCC[C@@H](C(=O)O)N2C1=O,0.02423876033464366,0.0003063409,0.26371402,0.17627588,2722,1167,2044
2112,CHEMBL1255654,TETRACAINE HYDROCHLORIDE,CCCCNc1ccc(C(=O)OCCN(C)C)cc1.Cl,0.024231428892848343,0.00034500097,0.20259066,0.2035623,2690,1369,1972
2113,CHEMBL1200386,PREDNICARBATE,CCOC(=O)O[C@]1(C(=O)COC(=O)CC)CC[C@H]2[C@@H]3CCC4=CC(=O)C=C[C@]4(C)[C@H]3[C@@H](O)C[C@@]21C,0.02422430854917229,0.00013120033,0.18066005,0.59973204,2947,1453,1244
2114,CHEMBL134,CLONIDINE,Clc1cccc(Cl)c1NC1=NCCN1,0.02418811248667622,0.042948555,0.00045628636,0.7221375,1036,3225,1067
2115,CHEMBL2360464,PEMETREXED DISODIUM,Nc1nc2[nH]cc(CCc3ccc(C(=O)N[C@@H](CCC(=O)[O-])C(=O)[O-])cc3)c2c(=O)[nH]1.[Na+].[Na+],0.02416785898385112,0.0037163326,0.11742241,0.03234811,1892,1731,2664
2116,CHEMBL1200664,POTASSIUM LACTATE,CC(O)C(=O)[O-].[K+],0.024165859149314503,0.0018998954,0.3769206,0.019707302,2152,857,2730
2117,CHEMBL1200413,TETRAHYDROZOLINE HYDROCHLORIDE,Cl.c1ccc2c(c1)CCCC2C1=NCCN1,0.024158710074048538,0.0012572489,0.023303598,0.48125678,2289,2514,1424
2118,CHEMBL3578202,GOZETOTIDE,O=C(O)CCc1ccc(O)c(CN(CCN(CC(=O)O)Cc2cc(CCC(=O)NCCCCCC(=O)NCCCC[C@H](NC(=O)N[C@@H](CCC(=O)O)C(=O)O)C(=O)O)ccc2O)CC(=O)O)c1,0.024133538368147935,2.227174e-05,0.6402872,0.9856753,3236,432,267
2119,CHEMBL1023,BEXAROTENE,C=C(c1ccc(C(=O)O)cc1)c1cc2c(cc1C)C(C)(C)CCC2(C)C,0.024089505005964462,0.0043257377,0.16496141,0.019590296,1828,1524,2732
2120,CHEMBL3402762,TEPOTINIB,CN1CCC(COc2cnc(-c3cccc(Cn4nc(-c5cccc(C#N)c5)ccc4=O)c3)nc2)CC1,0.0240665366769922,0.006420205,0.07342379,0.029570254,1683,1994,2677
2121,CHEMBL3989543,VINDESINE SULFATE,CC[C@]1(O)C[C@@H]2CN(CCc3c([nH]c4ccccc34)[C@@](C(=O)OC)(c3cc4c(cc3OC)N(C)[C@H]3[C@@](O)(C(N)=O)[C@H](O)[C@]5(CC)C=CCN6CC[C@]43[C@@H]65)C2)C1.O=S(=O)(O)O,0.024065345133955023,2.7721073e-05,0.6871051,0.7317168,3216,377,1049
2122,CHEMBL2110732,DACOMITINIB ANHYDROUS,COc1cc2ncnc(Nc3ccc(F)c(Cl)c3)c2cc1NC(=O)/C=C/CN1CCCCC1,0.024002511374132174,0.24525622,0.048982594,0.0011510871,437,2192,3088
2123,CHEMBL5315117,ZANAMIVIR HYDRATE,CC(=O)N[C@H]1[C@H]([C@H](O)[C@H](O)CO)OC(C(=O)O)=C[C@@H]1NC(=N)N.O,0.023977635538127515,0.0016511115,0.038371313,0.21758856,2203,2309,1939
2124,CHEMBL1197,HEXYLCAINE,CC(CNC1CCCCC1)OC(=O)c1ccccc1,0.023975166997632677,0.00024132642,0.09348921,0.61082745,2793,1858,1228
2125,CHEMBL1027,TIAGABINE,Cc1ccsc1C(=CCCN1CCC[C@@H](C(=O)O)C1)c1sccc1C,0.02397510161953928,0.002210773,0.0064357147,0.9685906,2099,2901,425
2126,CHEMBL1371,CHLORZOXAZONE,O=c1[nH]c2cc(Cl)ccc2o1,0.023972869225398367,0.005914544,0.33207467,0.0070146048,1710,983,2894
2127,CHEMBL841,LOPERAMIDE,CN(C)C(=O)C(CCN1CCC(O)(c2ccc(Cl)cc2)CC1)(c1ccccc1)c1ccccc1,0.023958871101771674,0.0008069686,0.081202924,0.20987983,2444,1936,1956
2128,CHEMBL64,ISONIAZID,NNC(=O)c1ccncc1,0.023944813596587566,0.02128565,0.2394718,0.0026933518,1261,1231,3009
2129,CHEMBL3833311,DEXTROMORAMIDE TARTRATE,C[C@@H](CC(C(=O)N1CCCC1)(c1ccccc1)c1ccccc1)N1CCOCC1.O=C(O)C(O)C(O)C(=O)O,0.02384863552680904,0.001659357,0.14146481,0.05778331,2199,1623,2530
2130,CHEMBL1200804,DICLOFENAC POTASSIUM,O=C([O-])Cc1ccccc1Nc1c(Cl)cccc1Cl.[K+],0.023754846240203,0.053284425,0.38272354,0.0006573115,955,847,3139
2131,CHEMBL1201115,ESMOLOL HYDROCHLORIDE,COC(=O)CCc1ccc(OCC(O)CNC(C)C)cc1.Cl,0.02368834073159793,4.637381e-05,0.2918537,0.98212343,3147,1078,302
2132,CHEMBL1200837,LEVOBETAXOLOL HYDROCHLORIDE,CC(C)NC[C@H](O)COc1ccc(CCOCC2CC2)cc1.Cl,0.023670960143679417,6.746191e-05,0.19691393,0.99841857,3074,1394,71
2133,CHEMBL1201323,BETAZOLE,NCCc1cc[nH]n1,0.023663963589218875,0.010123394,0.089012854,0.01470563,1523,1880,2776
2134,CHEMBL2362410,LANDIOLOL HYDROCHLORIDE,CC1(C)OC[C@@H](COC(=O)CCc2ccc(OC[C@@H](O)CNCCNC(=O)N3CCOCC3)cc2)O1.Cl,0.023633664571797885,0.0004700392,0.034151513,0.8223357,2607,2368,869
2135,CHEMBL6068335,PEMETREXED DISODIUM HEMIPENTAHYDRATE,Nc1nc2[nH]cc(CCc3ccc(C(=O)N[C@@H](CCC(=O)[O-])C(=O)[O-])cc3)c2c(=O)[nH]1.Nc1nc2[nH]cc(CCc3ccc(C(=O)N[C@@H](CCC(=O)[O-])C(=O)[O-])cc3)c2c(=O)[nH]1.O.O.O.O.O.[Na+].[Na+].[Na+].[Na+],0.023593705721368916,0.0044466695,0.10734743,0.027514521,1817,1777,2690
2136,CHEMBL1201171,PRAMOXINE HYDROCHLORIDE,CCCCOc1ccc(OCCCN2CCOCC2)cc1.Cl,0.023589497526182928,0.0014197404,0.03181237,0.29063708,2257,2391,1773
2137,CHEMBL267744,TICRYNAFEN,O=C(O)COc1ccc(C(=O)c2cccs2)c(Cl)c1Cl,0.023451597163452624,0.016367398,0.117008984,0.006734704,1359,1735,2900
2138,CHEMBL1863513,INGENOL MEBUTATE,C/C=C(/C)C(=O)O[C@H]1C(C)=C[C@]23C(=O)[C@@H](C=C(CO)[C@@H](O)[C@]12O)[C@H]1[C@@H](C[C@H]3C)C1(C)C,0.023429166297300397,0.00010923867,0.3770387,0.31225428,2975,856,1731
2139,CHEMBL19236,MOXONIDINE,COc1nc(C)nc(Cl)c1NC1=NCCN1,0.023357511551254227,0.09986663,0.027338564,0.0046674926,694,2450,2942
2140,CHEMBL1256987,FUSIDATE SODIUM,CC(=O)O[C@H]1C[C@@]2(C)[C@@H](C[C@@H](O)[C@H]3[C@@]4(C)CC[C@@H](O)[C@@H](C)[C@@H]4CC[C@@]32C)/C1=C(\CCC=C(C)C)C(=O)[O-].[Na+],0.023355419608094258,9.248302e-05,0.25454408,0.54117537,3009,1191,1333
2141,CHEMBL6068340,PRASUGREL BESYLATE,CC(=O)Oc1cc2c(s1)CCN(C(C(=O)C1CC1)c1ccccc1F)C2.O=S(=O)(O)c1ccccc1,0.023340564221919307,0.006705149,0.026431445,0.07174715,1670,2465,2452
2142,CHEMBL268164,CYCLOBARBITAL,CCC1(C2=CCCCC2)C(=O)NC(=O)NC1=O,0.023336492980687556,0.00015023512,0.48860073,0.17313361,2920,655,2059
2143,CHEMBL1707,LOPERAMIDE HYDROCHLORIDE,CN(C)C(=O)C(CCN1CCC(O)(c2ccc(Cl)cc2)CC1)(c1ccccc1)c1ccccc1.Cl,0.02330139109030694,0.0008014186,0.082439296,0.1914925,2448,1930,2006
2144,CHEMBL1200343,PERINDOPRIL ERBUMINE,CC(C)(C)N.CCC[C@H](N[C@@H](C)C(=O)N1[C@H](C(=O)O)C[C@@H]2CCCC[C@@H]21)C(=O)OCC,0.023290239272662033,0.001385542,0.037467945,0.2433562,2264,2328,1866
2145,CHEMBL1200787,PHENOXYBENZAMINE HYDROCHLORIDE,CC(COc1ccccc1)N(CCCl)Cc1ccccc1.Cl,0.023264327741824083,0.00036028438,0.0355312,0.98359495,2680,2351,289
2146,CHEMBL1009,LEVODOPA,N[C@@H](Cc1ccc(O)c(O)c1)C(=O)O,0.023249319470038707,0.00036963084,0.35437125,0.09594093,2671,918,2353
2147,CHEMBL2068864,FLUDEOXYGLUCOSE,OC[C@H]1OC(O)[C@H](F)[C@@H](O)[C@@H]1O,0.023245379331414108,0.07989565,0.00015731531,0.9993457,794,3282,46
2148,CHEMBL2030434,FLUDEOXYGLUCOSE F 18,OC[C@H]1OC(O)[C@H]([18F])[C@@H](O)[C@@H]1O,0.023245379331414108,0.07989565,0.00015731531,0.9993457,794,3282,46
2149,CHEMBL3989715,MUPIROCIN CALCIUM,C/C(=C\C(=O)OCCCCCCCCC(=O)[O-])C[C@@H]1OC[C@H](C[C@@H]2O[C@H]2[C@@H](C)[C@H](C)O)[C@@H](O)[C@H]1O.C/C(=C\C(=O)OCCCCCCCCC(=O)[O-])C[C@@H]1OC[C@H](C[C@@H]2O[C@H]2[C@@H](C)[C@H](C)O)[C@@H](O)[C@H]1O.O.O.[Ca+2],0.023234459324861758,0.0012652888,0.015187002,0.6527337,2288,2673,1166
2150,CHEMBL1201192,ARMODAFINIL,NC(=O)C[S@@+]([O-])C(c1ccccc1)c1ccccc1,0.023197176171777113,0.03068497,0.03898535,0.010434657,1144,2297,2831
2151,CHEMBL930,GLUTAMINE,NC(=O)CC[C@H](N)C(=O)O,0.023179263594419592,0.00014405051,0.13125512,0.65866995,2929,1666,1156
2152,CHEMBL1204165,DILEVALOL HYDROCHLORIDE,C[C@H](CCc1ccccc1)NC[C@H](O)c1ccc(O)c(C(N)=O)c1.Cl,0.023140830365688002,0.00046309156,0.13347813,0.20047477,2613,1652,1984
2153,CHEMBL4650220,ZAVEGEPANT HYDROCHLORIDE,Cc1cc(C[C@@H](NC(=O)N2CCC(c3cc4ccccc4[nH]c3=O)CC2)C(=O)N2CCN(C3CCN(C)CC3)CC2)cc2cn[nH]c12.Cl,0.023140815883032323,0.0009304375,0.02062731,0.6456633,2396,2566,1172
2154,CHEMBL1200618,FEXOFENADINE HYDROCHLORIDE,CC(C)(C(=O)O)c1ccc(C(O)CCCN2CCC(C(O)(c3ccccc3)c3ccccc3)CC2)cc1.Cl,0.023053314109982515,0.000733223,0.07098349,0.23540008,2473,2014,1887
2155,CHEMBL1200989,ALCLOMETASONE DIPROPIONATE,CCC(=O)OCC(=O)[C@@]1(OC(=O)CC)[C@H](C)C[C@H]2[C@H]3[C@H]([C@@H](O)C[C@@]21C)[C@@]1(C)C=CC(=O)C=C1C[C@H]3Cl,0.023043884322417458,0.000112417576,0.18865848,0.5769744,2971,1430,1278
2156,CHEMBL1201760,BESIFLOXACIN,N[C@@H]1CCCCN(c2c(F)cc3c(=O)c(C(=O)O)cn(C4CC4)c3c2Cl)C1,0.02304263170390775,0.0029031811,0.020338537,0.20720601,1995,2570,1963
2157,CHEMBL1237119,TREPROSTINIL,CCCCC[C@H](O)CC[C@@H]1[C@H]2Cc3cccc(OCC(=O)O)c3C[C@H]2C[C@H]1O,0.022979583464456325,0.0019321229,0.020553898,0.3055607,2145,2568,1745
2158,CHEMBL2364609,ESKETAMINE HYDROCHLORIDE,CN[C@]1(c2ccccc2Cl)CCCCC1=O.Cl,0.02294664778484654,0.002335355,0.05061227,0.10222308,2075,2175,2324
2159,CHEMBL159,VINBLASTINE,CC[C@]1(O)C[C@@H]2CN(CCc3c([nH]c4ccccc34)[C@@](C(=O)OC)(c3cc4c(cc3OC)N(C)[C@H]3[C@@](O)(C(=O)OC)[C@H](OC(C)=O)[C@]5(CC)C=CCN6CC[C@]43[C@@H]65)C2)C1,0.02291837629400303,1.8648421e-05,0.73257387,0.88116705,3254,314,732
2160,CHEMBL1201080,TRIMETHOPRIM HYDROCHLORIDE,COc1cc(Cc2cnc(N)nc2N)cc(OC)c1OC.Cl,0.022910871351724347,0.19263083,0.06387123,0.0009774482,495,2058,3104
2161,CHEMBL3989522,EDETATE CALCIUM DISODIUM MONOHYDRATE,O.O=C([O-])CN(CCN(CC(=O)[O-])CC(=O)[O-])CC(=O)[O-].[Ca+2].[Na+].[Na+],0.02287660328920789,6.2224586e-05,0.4353307,0.4419704,3090,738,1492
2162,CHEMBL1222250,DEXTROSE,OC[C@H]1OC(O)[C@H](O)[C@@H](O)[C@@H]1O,0.022706675897175697,0.067808345,0.00017286849,0.99876106,866,3278,60
2163,CHEMBL697,METHSUXIMIDE,CN1C(=O)CC(C)(c2ccccc2)C1=O,0.02257714558810498,0.0006198381,0.19596423,0.09474406,2526,1398,2359
2164,CHEMBL861,MEPHENYTOIN,CCC1(c2ccccc2)NC(=O)N(C)C1=O,0.022573546568725577,0.0003278874,0.2742468,0.12791844,2704,1127,2226
2165,CHEMBL977,HYDROCORTISONE HEMISUCCINATE ANHYDROUS,C[C@]12CCC(=O)C=C1CC[C@@H]1[C@@H]2[C@@H](O)C[C@@]2(C)[C@H]1CC[C@]2(O)C(=O)COC(=O)CCC(=O)O,0.022530697832256846,0.0001468222,0.11548116,0.67456067,2922,1746,1132
2166,CHEMBL1689772,OMADACYCLINE,CN(C)c1cc(CNCC(C)(C)C)c(O)c2c1C[C@H]1C[C@H]3[C@H](N(C)C)C(O)=C(C(N)=O)C(=O)[C@@]3(O)C(O)=C1C2=O,0.02243149096161547,0.00020684587,0.063619114,0.85770905,2827,2060,792
2167,CHEMBL1136,TELITHROMYCIN,CC[C@H]1OC(=O)[C@H](C)C(=O)[C@H](C)[C@@H](O[C@@H]2O[C@H](C)C[C@H](N(C)C)[C@H]2O)[C@](C)(OC)C[C@@H](C)C(=O)[C@H](C)[C@H]2N(CCCCn3cnc(-c4cccnc4)c3)C(=O)O[C@]12C,0.02237003378593747,0.00018102411,0.08336331,0.74180293,2874,1917,1033
2168,CHEMBL591665,SODIUM ASCORBATE,O=C1O[C@H]([C@@H](O)CO)C([O-])=C1O.[Na+],0.022328581252796895,0.0028514576,0.03509332,0.11124795,2007,2355,2291
2169,CHEMBL1200928,ZINC ACETATE ANHYDROUS,CC(=O)[O-].CC(=O)[O-].[Zn+2],0.022319705112927805,0.0014689728,0.1288583,0.05874072,2242,1679,2524
2170,CHEMBL222813,ZANAMIVIR,CC(=O)N[C@H]1[C@H]([C@H](O)[C@H](O)CO)OC(C(=O)O)=C[C@@H]1NC(=N)N,0.022315719715933695,0.0013923873,0.036897227,0.21631116,2262,2333,1941
2171,CHEMBL90,HISTAMINE,NCCc1c[nH]cn1,0.022278783607078082,0.009310677,0.09076397,0.01308518,1558,1868,2798
2172,CHEMBL1200381,ARGININE HYDROCHLORIDE,Cl.N=C(N)NCCC[C@H](N)C(=O)O,0.02226642853486675,0.00049050705,0.07610852,0.29571488,2595,1976,1760
2173,CHEMBL1198,PRAMOXINE,CCCCOc1ccc(OCCCN2CCOCC2)cc1,0.022262114724672127,0.0012857927,0.029550474,0.29037806,2285,2424,1774
2174,CHEMBL1200869,METRONIDAZOLE HYDROCHLORIDE,Cc1ncc([N+](=O)[O-])n1CCO.Cl,0.022250432001135117,0.044766042,0.041460324,0.005935181,1019,2266,2918
2175,CHEMBL701,BACLOFEN,NCC(CC(=O)O)c1ccc(Cl)cc1,0.022231025359409313,0.00038415054,0.31072265,0.09204585,2662,1035,2368
2176,CHEMBL395091,ESKETAMINE,CN[C@]1(c2ccccc2Cl)CCCCC1=O,0.02221174508804123,0.002283644,0.037362713,0.12843439,2083,2330,2224
2177,CHEMBL1328,PENTAGASTRIN,CSCC[C@H](NC(=O)[C@H](Cc1c[nH]c2ccccc12)NC(=O)CCNC(=O)OC(C)(C)C)C(=O)N[C@@H](CC(=O)O)C(=O)N[C@@H](Cc1ccccc1)C(N)=O,0.0221994854135534,9.462147e-05,0.21348305,0.5415961,3001,1326,1332
2178,CHEMBL498,CHLORPROPAMIDE,CCCNC(=O)NS(=O)(=O)c1ccc(Cl)cc1,0.022195360964835417,0.0041440073,0.13370292,0.019734463,1849,1650,2729
2179,CHEMBL24,ATENOLOL,CC(C)NCC(O)COc1ccc(CC(N)=O)cc1,0.022146036024208938,2.4855954e-05,0.44185382,0.98896044,3231,727,225
2180,CHEMBL2397415,ZAVEGEPANT,Cc1cc(C[C@@H](NC(=O)N2CCC(c3cc4ccccc4[nH]c3=O)CC2)C(=O)N2CCN(C3CCN(C)CC3)CC2)cc2cn[nH]c12,0.022065509883954983,0.00085119647,0.019625174,0.6431297,2426,2575,1176
2181,CHEMBL1201302,DEXAMETHASONE PHOSPHORIC ACID,C[C@@H]1C[C@H]2[C@@H]3CCC4=CC(=O)C=C[C@]4(C)[C@@]3(F)[C@@H](O)C[C@]2(C)[C@@]1(O)C(=O)COP(=O)(O)O,0.022051346803598815,0.00046543108,0.18616918,0.123749115,2610,1440,2247
2182,CHEMBL3989521,ISOPROTERENOL SULFATE,CC(C)NCC(O)c1ccc(O)c(O)c1.CC(C)NCC(O)c1ccc(O)c(O)c1.O.O.O=S(=O)(O)O,0.022014088968571145,0.0016426157,0.47566587,0.013654131,2207,672,2790
2183,CHEMBL1363,ARFORMOTEROL,COc1ccc(C[C@@H](C)NC[C@H](O)c2ccc(O)c(NC=O)c2)cc1,0.02201249630454589,2.2411123e-05,0.58594257,0.8122494,3235,509,895
2184,CHEMBL1201117,METHOCARBAMOL,COc1ccccc1OCC(O)COC(N)=O,0.02198155572817956,0.00023066105,0.07720335,0.59643745,2800,1966,1246
2185,CHEMBL1200714,CHLORMEZANONE,CN1C(=O)CCS(=O)(=O)C1c1ccc(Cl)cc1,0.02197216139829813,0.0008124944,0.21804634,0.059875492,2442,1310,2519
2186,CHEMBL423,BETAXOLOL,CC(C)NCC(O)COc1ccc(CCOCC2CC2)cc1,0.02191222439348263,8.1389604e-05,0.12965341,0.9970258,3041,1671,90
2187,CHEMBL4594246,SULOPENEM ETZADROXIL,CCC(CC)C(=O)OCOC(=O)C1=C(S[C@H]2CC[S+]([O-])C2)S[C@@H]2[C@@H]([C@@H](C)O)C(=O)N12,0.021894535525275798,0.00022206057,0.07526244,0.6279969,2811,1983,1203
2188,CHEMBL783,NATEGLINIDE,CC(C)[C@H]1CC[C@H](C(=O)N[C@H](Cc2ccccc2)C(=O)O)CC1,0.021857593230281754,0.00017792555,0.25314024,0.2318503,2880,1193,1897
2189,CHEMBL1112,ARIPIPRAZOLE,O=C1CCc2ccc(OCCCCN3CCN(c4cccc(Cl)c4Cl)CC3)cc2N1,0.021829660282154134,0.028716799,0.00036240276,0.9995703,1163,3238,36
2190,CHEMBL2361370,PENBUTOLOL SULFATE,CC(C)(C)NC[C@H](O)COc1ccccc1C1CCCC1.CC(C)(C)NC[C@H](O)COc1ccccc1C1CCCC1.O=S(=O)(O)O,0.02181493951376222,0.00043470028,0.033628017,0.710184,2631,2373,1085
2191,CHEMBL1233,CARISOPRODOL,CCCC(C)(COC(N)=O)COC(=O)NC(C)C,0.021739311878262505,9.1036825e-05,0.24129161,0.46771172,3015,1223,1453
2192,CHEMBL1742466,LANDIOLOL,CC1(C)OC[C@@H](COC(=O)CCc2ccc(OC[C@@H](O)CNCCNC(=O)N3CCOCC3)cc2)O1,0.02171501703982297,0.00045512518,0.028791612,0.7814185,2619,2433,956
2193,CHEMBL768,ESMOLOL,COC(=O)CCc1ccc(OCC(O)CNC(C)C)cc1,0.021702882957172986,2.5936868e-05,0.39744473,0.9916489,3225,816,190
2194,CHEMBL1200474,DEMECLOCYCLINE HYDROCHLORIDE,CN(C)[C@@H]1C(O)=C(C(N)=O)C(=O)[C@@]2(O)C(O)=C3C(=O)c4c(O)ccc(Cl)c4[C@@H](O)[C@H]3C[C@@H]12.Cl,0.021676743696450455,0.0003314944,0.19746724,0.15560052,2703,1391,2116
2195,CHEMBL1201120,REMIFENTANIL HYDROCHLORIDE,CCC(=O)N(c1ccccc1)C1(C(=O)OC)CCN(CCC(=O)OC)CC1.Cl,0.02167441213006286,0.00014516604,0.31698313,0.22127925,2926,1015,1926
2196,CHEMBL488093,PYRITINOL,Cc1ncc(CSSCc2cnc(C)c(O)c2CO)c(CO)c1O,0.02165296218312895,0.8699449,1.167964e-05,0.9991499,80,3362,52
2197,CHEMBL27193,DILEVALOL,C[C@H](CCc1ccccc1)NC[C@H](O)c1ccc(O)c(C(N)=O)c1,0.021590168978551795,0.00038319753,0.13265827,0.19797534,2663,1660,1990
2198,CHEMBL1201274,LEVOBETAXOLOL,CC(C)NC[C@H](O)COc1ccc(CCOCC2CC2)cc1,0.02153792484969077,4.2013944e-05,0.23799908,0.9991779,3160,1240,51
2199,CHEMBL529437,COCAINE HYDROCHLORIDE,COC(=O)[C@H]1[C@@H](OC(=O)c2ccccc2)C[C@@H]2CC[C@H]1N2C.Cl,0.021515230804729515,0.0013160562,0.10666914,0.07094549,2278,1782,2455
2200,CHEMBL2107519,CHLORNAPHAZINE,ClCCN(CCCl)c1ccc2ccccc2c1,0.02146404762566855,0.0013941374,0.029967593,0.23668867,2261,2414,1884
2201,CHEMBL1184,ACETYLCHOLINE CHLORIDE,CC(=O)OCC[N+](C)(C)C.[Cl-],0.02143502500953168,0.0013338906,0.04000583,0.18455611,2274,2286,2027
2202,CHEMBL1051,LATANOPROST,CC(C)OC(=O)CCC/C=C\C[C@@H]1[C@@H](CC[C@@H](O)CCc2ccccc2)[C@H](O)C[C@@H]1O,0.021365421985633938,0.0017394471,0.012044073,0.46553236,2182,2739,1459
2203,CHEMBL177,AMIKACIN,NCC[C@H](O)C(=O)N[C@@H]1C[C@H](N)[C@@H](O[C@H]2O[C@H](CN)[C@@H](O)[C@H](O)[C@H]2O)[C@H](O)[C@H]1O[C@H]1O[C@H](CO)[C@@H](O)[C@H](N)[C@H]1O,0.021327282802946025,0.002024207,0.004814388,0.9954295,2129,2964,121
2204,CHEMBL1201065,THIAMYLAL SODIUM,C=CCC1(C(C)CCC)C(=O)[N-]C(=S)NC1=O.[Na+],0.021312151410877698,0.0003652944,0.2615691,0.10131,2675,1170,2327
2205,CHEMBL585,TRIAMTERENE,Nc1nc(N)c2nc(-c3ccccc3)c(N)nc2n1,0.021308414506476886,0.105197005,0.012354269,0.007444457,668,2732,2889
2206,CHEMBL1200375,EDETATE CALCIUM DISODIUM ANHYDROUS,O=C([O-])CN(CCN(CC(=O)[O-])CC(=O)[O-])CC(=O)[O-].[Ca+2].[Na+].[Na+],0.02130637189161741,4.9066726e-05,0.45912176,0.42935225,3138,703,1523
2207,CHEMBL1200932,IOPAMIDOL,C[C@H](O)C(=O)Nc1c(I)c(C(=O)NC(CO)CO)c(I)c(C(=O)NC(CO)CO)c1I,0.021290632336455634,0.02313889,0.0032979555,0.12646736,1239,3016,2236
2208,CHEMBL1005,REMIFENTANIL,CCC(=O)N(c1ccccc1)C1(C(=O)OC)CCN(CCC(=O)OC)CC1,0.021284782955269282,0.00014067529,0.2939111,0.23322444,2931,1072,1893
2209,CHEMBL296306,LACTULOSE,OC[C@H]1O[C@@H](O[C@@H]2[C@@H](CO)O[C@](O)(CO)[C@H]2O)[C@H](O)[C@@H](O)[C@H]1O,0.021229694751375417,0.0117582735,0.00081846927,0.99422646,1469,3181,146
2210,CHEMBL249856,ENOXIMONE,CSc1ccc(C(=O)c2[nH]c(=O)[nH]c2C)cc1,0.0211393534919137,0.012515091,0.26508826,0.0028474145,1452,1162,3000
2211,CHEMBL1751,DIGOXIN,C[C@H]1O[C@@H](O[C@H]2[C@@H](O)C[C@H](O[C@H]3[C@@H](O)C[C@H](O[C@H]4CC[C@@]5(C)[C@H](CC[C@@H]6[C@@H]5C[C@@H](O)[C@]5(C)[C@@H](C7=CC(=O)OC7)CC[C@]65O)C4)O[C@@H]3C)O[C@@H]2C)C[C@H](O)[C@@H]1O,0.021110992231500317,0.0010818163,0.008740611,0.99501735,2342,2829,129
2212,CHEMBL1593906,LEVOPROPOXYPHENE NAPSYLATE,CCC(=O)O[C@@](Cc1ccccc1)(c1ccccc1)[C@@H](C)CN(C)C.O=S(=O)(O)c1ccc2ccccc2c1,0.021035536315225083,0.0217192,0.02336612,0.01834131,1256,2513,2745
2213,CHEMBL137,METRONIDAZOLE,Cc1ncc([N+](=O)[O-])n1CCO,0.021026472345396962,0.042586364,0.037921164,0.005756348,1041,2317,2923
2214,CHEMBL989,FLUOCINOLONE ACETONIDE,CC1(C)O[C@@H]2C[C@H]3[C@@H]4C[C@H](F)C5=CC(=O)C=C[C@]5(C)[C@@]4(F)[C@@H](O)C[C@]3(C)[C@]2(C(=O)CO)O1,0.021014989630517223,9.785742e-05,0.16545846,0.57319844,2995,1521,1286
2215,CHEMBL667,ACETYLCHOLINE,CC(=O)OCC[N+](C)(C)C,0.021009458916609963,0.0005262774,0.052652027,0.3346685,2567,2152,1681
2216,CHEMBL561157,TREPROSTINIL SODIUM,CCCCC[C@H](O)CC[C@@H]1[C@H]2Cc3cccc(OCC(=O)[O-])c3C[C@H]2C[C@H]1O.[Na+],0.020990083685532682,0.002957073,0.025334409,0.12344391,1991,2481,2248
2217,CHEMBL1200329,TIZANIDINE HYDROCHLORIDE,Cl.Clc1ccc2nsnc2c1NC1=NCCN1,0.02091014047279447,0.046786007,0.01827979,0.010690152,1005,2608,2826
2218,CHEMBL1754,DOXAPRAM,CCN1CC(CCN2CCOCC2)C(c2ccccc2)(c2ccccc2)C1=O,0.02090439396648306,0.00010510645,0.2093237,0.41520724,2982,1345,1540
2219,CHEMBL1201208,PHENMETRAZINE,CC1NCCOC1c1ccccc1,0.020871990944047243,0.0012088451,0.01073085,0.70094997,2306,2769,1092
2220,CHEMBL365795,TIAPROFENIC ACID,CC(C(=O)O)c1ccc(C(=O)c2ccccc2)s1,0.020857266172707594,0.026612446,0.20172343,0.0016901724,1189,1376,3053
2221,CHEMBL1410743,PARALDEHYDE,CC1OC(C)OC(C)O1,0.02075122534186059,0.0030363682,0.00308636,0.95352095,1980,3031,493
2222,CHEMBL2062264,PHENYLEPHRINE BITARTRATE,CNC[C@H](O)c1cccc(O)c1.O=C(O)C(O)C(O)C(=O)O,0.02075030794001956,0.006108912,0.32627395,0.004482574,1699,997,2947
2223,CHEMBL1691,BETAXOLOL HYDROCHLORIDE,CC(C)NCC(O)COc1ccc(CCOCC2CC2)cc1.Cl,0.020733331679340373,9.696337e-05,0.09262769,0.9923362,2997,1862,176
2224,CHEMBL3989740,DOXYCYCLINE HYCLATE,CCO.C[C@H]1c2cccc(O)c2C(=O)C2=C(O)[C@]3(O)C(=O)C(C(N)=O)=C(O)[C@@H](N(C)C)[C@@H]3[C@@H](O)[C@@H]21.C[C@H]1c2cccc(O)c2C(=O)C2=C(O)[C@]3(O)C(=O)C(C(N)=O)=C(O)[C@@H](N(C)C)[C@@H]3[C@@H](O)[C@@H]21.Cl.Cl.O,0.020726348191217474,0.00018186703,0.20199902,0.24236241,2871,1375,1869
2225,CHEMBL3707306,STRONTIUM RANELATE,N#Cc1c(N(CC(=O)[O-])CC(=O)[O-])sc(C(=O)[O-])c1CC(=O)[O-].[Sr+2].[Sr+2],0.020661054827033367,0.0089349095,0.10478424,0.009420445,1573,1793,2851
2226,CHEMBL4297522,PEMIGATINIB,CCN1C(=O)N(c2c(F)c(OC)cc(OC)c2F)Cc2cnc3[nH]c(CN4CCOCC4)cc3c21,0.020659953438198698,0.0015906829,0.0059502344,0.93168795,2220,2918,572
2227,CHEMBL1200424,PENTETATE ZINC TRISODIUM,O=C([O-])CN(CCN(CC(=O)[O-])CC(=O)[O-])CCN(CC(=O)[O-])CC(=O)[O-].[Na+].[Na+].[Na+].[Zn+2],0.02062260971033112,4.5472567e-05,0.36323988,0.53099203,3151,891,1348
2228,CHEMBL1356238,PYRITHIONE,[O-][n+]1ccccc1S,0.02060922311594541,0.030958345,0.11997495,0.0023567665,1142,1719,3019
2229,CHEMBL4303060,MELPHALAN FLUFENAMIDE,CCOC(=O)[C@H](Cc1ccc(F)cc1)NC(=O)[C@@H](N)Cc1ccc(N(CCCl)CCCl)cc1,0.020585031596452714,3.4115368e-05,0.42497462,0.60164684,3189,757,1242
2230,CHEMBL1628502,GABAPENTIN ENACARBIL,CC(OC(=O)NCC1(CC(=O)O)CCCCC1)OC(=O)C(C)C,0.02051977612846506,9.0966976e-05,0.15427168,0.61566967,3016,1573,1222
2231,CHEMBL1293,BETA CAROTENE,CC1=C(/C=C/C(C)=C/C=C/C(C)=C/C=C/C=C(C)/C=C/C=C(C)/C=C/C2=C(C)CCCC2(C)C)C(C)(C)CCC1,0.020518389209459087,0.00073817984,0.024020683,0.48717207,2471,2500,1414
2232,CHEMBL1488,URACIL MUSTARD,Oc1ncc(N(CCCl)CCCl)c(O)n1,0.0205110509435569,0.08392906,0.010668473,0.009637165,768,2770,2844
2233,CHEMBL1737,SILDENAFIL CITRATE,CCCc1nn(C)c2c(=O)[nH]c(-c3cc(S(=O)(=O)N4CCN(C)CC4)ccc3OCC)nc12.O=C(O)CC(O)(CC(=O)O)C(=O)O,0.02048539174461861,0.008625932,0.027290074,0.036519267,1584,2451,2636
2234,CHEMBL1200400,AZATHIOPRINE SODIUM,Cn1cnc([N+](=O)[O-])c1Sc1ncnc2nc[n-]c12.[Na+],0.020450284033712494,0.018166544,0.07350185,0.006405123,1321,1993,2908
2235,CHEMBL2107333,DIMETHYL FUMARATE,COC(=O)/C=C/C(=O)OC,0.020385256856372456,0.0023359426,0.5696101,0.0063666194,2074,540,2913
2236,CHEMBL3989507,EDETATE DISODIUM,O.O.O=C([O-])CN(CCN(CC(=O)[O-])CC(=O)O)CC(=O)O.[Na+].[Na+],0.020292095758361457,4.784015e-05,0.37479836,0.46600485,3141,859,1457
2237,CHEMBL518924,MAVORIXAFOR,NCCCCN(Cc1nc2ccccc2[nH]1)[C@H]1CCCc2cccnc21,0.02028997472195276,0.003512768,0.0023943458,0.9931346,1914,3063,165
2238,CHEMBL753,PHENOXYBENZAMINE,CC(COc1ccccc1)N(CCCl)Cc1ccccc1,0.020289438830262553,0.00029311702,0.028910166,0.9856399,2739,2429,268
2239,CHEMBL1789842,INDACATEROL MALEATE,CCc1cc2c(cc1CC)CC(NC[C@H](O)c1ccc(O)c3[nH]c(=O)ccc13)C2.O=C(O)/C=C\C(=O)O,0.020265174771150394,0.0014809987,0.019718349,0.28498748,2239,2574,1786
2240,CHEMBL22,TRIMETHOPRIM,COc1cc(Cc2cnc(N)nc2N)cc(OC)c1OC,0.020215473619084937,0.16597502,0.05259305,0.00094641314,521,2155,3106
2241,CHEMBL984,MIVACURIUM CHLORIDE,COc1cc2c(cc1OC)[C@@H](Cc1cc(OC)c(OC)c(OC)c1)[N+](C)(CCCOC(=O)CC/C=C/CCC(=O)OCCC[N+]1(C)CCc3cc(OC)c(OC)cc3[C@H]1Cc1cc(OC)c(OC)c(OC)c1)CC2.[Cl-].[Cl-],0.020210228359245748,0.0012890587,0.0066985846,0.95599985,2283,2888,487
2242,CHEMBL493287,GLUCOSAMINE,N[C@H]1C(O)O[C@H](CO)[C@@H](O)[C@@H]1O,0.020079809028520867,0.0398939,0.00020345568,0.99747556,1061,3268,84
2243,CHEMBL4298168,IBREXAFUNGERP CITRATE,CC(C)[C@@H](C)[C@@]1(C)CC[C@]2(C)[C@H]3CC[C@@H]4[C@@]5(COC[C@@]4(C)[C@@H](OC[C@](C)(N)C(C)(C)C)[C@H](n4ncnc4-c4ccncc4)C5)C3=CC[C@@]2(C)[C@@H]1C(=O)O.O=C(O)CC(O)(CC(=O)O)C(=O)O,0.02005445842985289,0.00013972771,0.34175062,0.16890447,2933,947,2072
2244,CHEMBL370805,COCAINE,COC(=O)[C@H]1[C@@H](OC(=O)c2ccccc2)C[C@@H]2CC[C@H]1N2C,0.019983492704308044,0.0011496022,0.09659799,0.071861856,2323,1838,2451
2245,CHEMBL3643413,LENIOLISIB,CCC(=O)N1CC[C@H](Nc2ncnc3c2CN(c2cnc(OC)c(C(F)(F)F)c2)CC3)C1,0.019964718006555686,0.0031128754,0.0025569007,0.9998016,1970,3054,20
2246,CHEMBL1266,TETRAHYDROZOLINE,c1ccc2c(c1)CCCC2C1=NCCN1,0.019885120934777976,0.0010117298,0.015178467,0.5120264,2362,2675,1375
2247,CHEMBL1200903,SECOBARBITAL SODIUM,C=CCC1(C(C)CCC)C(=O)[N-]C(=O)NC1=O.[Na+],0.01985179805182815,0.0003147169,0.2713131,0.09162389,2714,1138,2369
2248,CHEMBL1707007,GLUCOSAMINE HYDROCHLORIDE,Cl.N[C@H]1C(O)O[C@H](CO)[C@@H](O)[C@@H]1O,0.0197907790361897,0.019136023,0.00040791463,0.993042,1307,3229,166
2249,CHEMBL1585,PIPOBROMAN,O=C(CCBr)N1CCN(C(=O)CCBr)CC1,0.019785676653880285,0.0032702754,0.010989896,0.21551359,1944,2759,1943
2250,CHEMBL1200906,OXYPHENONIUM BROMIDE,CC[N+](C)(CC)CCOC(=O)C(O)(c1ccccc1)C1CCCCC1.[Br-],0.019727248469256074,0.0005561191,0.026907848,0.513042,2552,2455,1374
2251,CHEMBL1512,FLUNISOLIDE,CC1(C)O[C@@H]2C[C@H]3[C@@H]4C[C@H](F)C5=CC(=O)C=C[C@]5(C)[C@H]4[C@@H](O)C[C@]3(C)[C@]2(C(=O)CO)O1,0.01969310747894923,0.00010685567,0.100135535,0.7137678,2977,1811,1078
2252,CHEMBL1257015,PICOTAMIDE,COc1ccc(C(=O)NCc2cccnc2)cc1C(=O)NCc1cccnc1,0.019613865199806138,0.0077612563,0.15232031,0.00638263,1613,1583,2911
2253,CHEMBL3183184,OCTINOXATE,CCCCC(CC)COC(=O)C=Cc1ccc(OC)cc1,0.019496468458439588,3.869995e-05,0.37046486,0.5169049,3167,871,1367
2254,CHEMBL1714,KETAMINE HYDROCHLORIDE,CNC1(c2ccccc2Cl)CCCCC1=O.Cl,0.0194861178482001,0.0008163654,0.11859906,0.07642055,2440,1725,2440
2255,CHEMBL1256786,FORMOTEROL,COc1ccc(CC(C)NCC(O)c2ccc(O)c(NC=O)c2)cc1,0.01947961783624397,5.7003563e-05,0.37780598,0.34321842,3109,854,1662
2256,CHEMBL1615439,PHENDIMETRAZINE,C[C@H]1[C@H](c2ccccc2)OCCN1C,0.01942059581200001,0.0011996055,0.007166876,0.85196,2310,2871,806
2257,CHEMBL1200395,ORPHENADRINE CITRATE,Cc1ccccc1C(OCCN(C)C)c1ccccc1.O=C(O)CC(O)(CC(=O)O)C(=O)O,0.019377893931446677,0.008008675,0.11568306,0.007853972,1606,1745,2882
2258,CHEMBL578,ENALAPRIL,CCOC(=O)[C@H](CCc1ccccc1)N[C@@H](C)C(=O)N1CCC[C@H]1C(=O)O,0.01936636263912162,0.0006458228,0.10384522,0.108303964,2510,1796,2301
2259,CHEMBL895,NALBUPHINE,Oc1ccc2c3c1O[C@H]1[C@@H](O)CC[C@@]4(O)[C@@H](C2)N(CC2CCC2)CC[C@]314,0.019326977535487722,1.2990084e-05,0.7191808,0.7727552,3272,334,975
2260,CHEMBL2105497,ZIPEPROL,COC(CN1CCN(CC(O)C(OC)c2ccccc2)CC1)c1ccccc1,0.019297719408630527,0.0016620741,0.005435144,0.7955299,2198,2940,924
2261,CHEMBL1725,IOPROMIDE,COCC(=O)Nc1c(I)c(C(=O)NCC(O)CO)c(I)c(C(=O)N(C)CC(O)CO)c1I,0.01929124285868581,0.015744112,0.002590887,0.17600052,1369,3051,2045
2262,CHEMBL185,FLUOROURACIL,O=c1[nH]cc(F)c(=O)[nH]1,0.019218588527358707,0.004630224,0.31865057,0.0048111384,1806,1011,2937
2263,CHEMBL1742423,BILASTINE,CCOCCn1c(C2CCN(CCc3ccc(C(C)(C)C(=O)O)cc3)CC2)nc2ccccc21,0.019182980888788486,0.0007829712,0.01370428,0.65787953,2457,2708,1157
2264,CHEMBL1591,DEMECLOCYCLINE,CN(C)[C@@H]1C(O)=C(C(N)=O)C(=O)[C@@]2(O)C(O)=C3C(=O)c4c(O)ccc(Cl)c4[C@@H](O)[C@H]3C[C@@H]12,0.019169803409263796,0.00026456354,0.16716108,0.15928967,2759,1511,2103
2265,CHEMBL971,PENTOBARBITAL SODIUM,CCCC(C)C1(CC)C(=O)N=C([O-])NC1=O.[Na+],0.01912608454533824,0.0002615701,0.3135015,0.08531991,2768,1026,2401
2266,CHEMBL1182833,MIVACURIUM,COc1cc2c(cc1OC)[C@@H](Cc1cc(OC)c(OC)c(OC)c1)[N+](C)(CCCOC(=O)CC/C=C/CCC(=O)OCCC[N+]1(C)CCc3cc(OC)c(OC)cc3[C@H]1Cc1cc(OC)c(OC)c(OC)c1)CC2,0.019057567222035516,0.0011819606,0.0061495495,0.9522609,2315,2912,499
2267,CHEMBL2111107,SUGAMMADEX,O=C(O)CCSC[C@H]1O[C@@H]2O[C@H]3[C@H](O)[C@@H](O)[C@@H](O[C@H]4[C@H](O)[C@@H](O)[C@@H](O[C@H]5[C@H](O)[C@@H](O)[C@@H](O[C@H]6[C@H](O)[C@@H](O)[C@@H](O[C@H]7[C@H](O)[C@@H](O)[C@@H](O[C@H]8[C@H](O)[C@@H](O)[C@@H](O[C@H]9[C@H](O)C(O)[C@@H](O[C@H]1[C@H](O)[C@H]2O)O[C@@H]9CSCCC(=O)O)O[C@@H]8CSCCC(=O)O)O[C@@H]7CSCCC(=O)O)O[C@@H]6CSCCC(=O)O)O[C@@H]5CSCCC(=O)O)O[C@@H]4CSCCC(=O)O)O[C@@H]3CSCCC(=O)O,0.019047730308414737,0.000228724,0.032931745,0.91749406,2802,2380,626
2268,CHEMBL3989728,MENADIOL SODIUM DIPHOSPHATE,Cc1cc(OP(=O)([O-])[O-])c2ccccc2c1OP(=O)([O-])[O-].O.O.O.O.O.O.[Na+].[Na+].[Na+].[Na+],0.019002991859903794,0.020906176,0.024874898,0.013195623,1272,2488,2795
2269,CHEMBL1201064,FLUOROMETHOLONE ACETATE,CC(=O)O[C@]1(C(C)=O)CC[C@H]2[C@@H]3C[C@H](C)C4=CC(=O)C=C[C@]4(C)[C@@]3(F)[C@@H](O)C[C@@]21C,0.018963388345022963,8.586111e-05,0.25077403,0.31671512,3027,1201,1720
2270,CHEMBL1950576,DIHYDROSTREPTOMYCIN,CN[C@@H]1[C@H](O[C@H]2[C@H](O[C@H]3[C@H](O)[C@@H](O)[C@H](NC(=N)N)[C@@H](O)[C@@H]3NC(=N)N)O[C@@H](C)[C@]2(O)CO)O[C@@H](CO)[C@H](O)[C@H]1O,0.018958753338159336,0.00058968493,0.01213528,0.95226854,2538,2737,498
2271,CHEMBL1200878,TRIAMCINOLONE HEXACETONIDE,CC(C)(C)CC(=O)OCC(=O)[C@@]12OC(C)(C)O[C@@H]1C[C@H]1[C@@H]3CCC4=CC(=O)C=C[C@]4(C)[C@@]3(F)[C@@H](O)C[C@@]12C,0.018898663946015914,8.301326e-05,0.28775984,0.2825632,3038,1092,1791
2272,CHEMBL6068423,ESTETROL,C[C@]12CC[C@@H]3c4ccc(O)cc4CC[C@H]3[C@@H]1[C@@H](O)[C@@H](O)[C@@H]2O.O,0.01888268110531537,0.00054591993,0.012877099,0.957732,2558,2723,479
2273,CHEMBL3545060,ERYTHROMYCIN GLUCEPTATE,CC[C@H]1OC(=O)[C@H](C)[C@@H](O[C@H]2C[C@@](C)(OC)[C@@H](O)[C@H](C)O2)[C@H](C)[C@@H](O[C@@H]2O[C@H](C)C[C@H](N(C)C)[C@H]2O)[C@](C)(O)C[C@@H](C)C(=O)[C@H](C)[C@@H](O)[C@]1(C)O.O=C(O)[C@H](O)[C@H](O)[C@@H](O)[C@H](O)[C@H](O)CO,0.01883723963814297,0.00043538355,0.05219022,0.29416472,2630,2159,1764
2274,CHEMBL1201891,DEFLAZACORT,CC(=O)OCC(=O)[C@@]12N=C(C)O[C@@H]1C[C@H]1[C@@H]3CCC4=CC(=O)C=C[C@]4(C)[C@H]3[C@@H](O)C[C@@]12C,0.018785858501386785,3.629418e-05,0.47086072,0.3879392,3178,684,1587
2275,CHEMBL622,ETODOLAC,CCc1cccc2c3c([nH]c12)C(CC)(CC(=O)O)OCC3,0.018766791066323285,0.00063139235,0.17843367,0.058667015,2522,1463,2526
2276,CHEMBL600,ACETYLCYSTEINE,CC(=O)N[C@@H](CS)C(=O)O,0.01871584341699524,5.758352e-05,0.28974777,0.39292508,3106,1086,1576
2277,CHEMBL1201207,BETAMETHASONE PHOSPHORIC ACID,C[C@H]1C[C@H]2[C@@H]3CCC4=CC(=O)C=C[C@]4(C)[C@@]3(F)[C@@H](O)C[C@]2(C)[C@@]1(O)C(=O)COP(=O)(O)O,0.01870319696913299,0.00037084095,0.18584031,0.0949336,2670,1441,2357
2278,CHEMBL5314649,RITLECITINIB TOSYLATE,C=CC(=O)N1C[C@H](Nc2ncnc3[nH]ccc23)CC[C@@H]1C.Cc1ccc(S(=O)(=O)O)cc1,0.018636757391717933,0.001079466,0.04796361,0.1250231,2343,2198,2243
2279,CHEMBL1200412,NANDROLONE PHENPROPIONATE,C[C@]12CC[C@H]3[C@@H](CCC4=CC(=O)CC[C@@H]43)[C@@H]1CC[C@@H]2OC(=O)CCc1ccccc1,0.018565752017043143,0.0011989522,0.018924728,0.28203705,2311,2590,1792
2280,CHEMBL1079,TIZANIDINE,Clc1ccc2nsnc2c1NC1=NCCN1,0.01855527173764639,0.038633958,0.013992472,0.011817846,1072,2703,2816
2281,CHEMBL1200635,HYDROCORTAMATE HYDROCHLORIDE,CCN(CC)CC(=O)OCC(=O)[C@@]1(O)CC[C@H]2[C@@H]3CCC4=CC(=O)CC[C@]4(C)[C@H]3[C@@H](O)C[C@@]21C.Cl,0.01853106546421829,9.1536844e-05,0.08824326,0.7878139,3012,1885,940
2282,CHEMBL1200735,MOXIFLOXACIN HYDROCHLORIDE,COc1c(N2C[C@@H]3CCCN[C@@H]3C2)c(F)cc2c(=O)c(C(=O)O)cn(C3CC3)c12.Cl,0.018500258669837597,0.0008940971,0.042095467,0.16823386,2411,2259,2075
2283,CHEMBL46286,OMACETAXINE MEPESUCCINATE,COC(=O)C[C@](O)(CCCC(C)(C)O)C(=O)O[C@@H]1C(OC)=C[C@]23CCCN2CCc2cc4c(cc2[C@H]13)OCO4,0.01849472311827503,0.0020631903,0.0030678078,0.99948466,2121,3033,39
2284,CHEMBL1200791,OXYMETAZOLINE HYDROCHLORIDE,Cc1cc(C(C)(C)C)c(O)c(C)c1CC1=NCCN1.Cl,0.01848063498199679,0.018627193,0.0003657026,0.92656356,1314,3237,600
2285,CHEMBL1201746,PRALATREXATE,C#CCC(Cc1cnc2nc(N)nc(N)c2n1)c1ccc(C(=O)N[C@@H](CCC(=O)O)C(=O)O)cc1,0.01841205135269871,0.03248962,0.0193062,0.009950962,1127,2584,2838
2286,CHEMBL238071,VINDESINE,CC[C@]1(O)C[C@@H]2CN(CCc3c([nH]c4ccccc34)[C@@](C(=O)OC)(c3cc4c(cc3OC)N(C)[C@H]3[C@@](O)(C(N)=O)[C@H](O)[C@]5(CC)C=CCN6CC[C@]43[C@@H]65)C2)C1,0.018306984594367106,1.237821e-05,0.59544784,0.83243227,3279,500,847
2287,CHEMBL374975,FUSIDIC ACID,CC(=O)O[C@H]1C[C@@]2(C)[C@@H](C[C@@H](O)[C@H]3[C@@]4(C)CC[C@@H](O)[C@@H](C)[C@@H]4CC[C@@]32C)/C1=C(\CCC=C(C)C)C(=O)O,0.018269824625131607,5.198755e-05,0.21745598,0.5394269,3126,1311,1336
2288,CHEMBL1201163,SUFENTANIL CITRATE,CCC(=O)N(c1ccccc1)C1(COC)CCN(CCc2cccs2)CC1.O=C(O)CC(O)(CC(=O)O)C(=O)O,0.01824517690301638,0.0005557042,0.12938808,0.08447074,2553,1674,2403
2289,CHEMBL1200848,HYDROXYPROGESTERONE CAPROATE,CCCCCC(=O)O[C@]1(C(C)=O)CC[C@H]2[C@@H]3CCC4=CC(=O)CC[C@]4(C)[C@H]3CC[C@@]21C,0.018236156531075957,0.00015336543,0.069723986,0.56714004,2918,2025,1294
2290,CHEMBL1364144,METHYLPREDNISOLONE ACETATE,CC(=O)OCC(=O)[C@@]1(O)CC[C@H]2[C@@H]3C[C@H](C)C4=CC(=O)C=C[C@]4(C)[C@H]3[C@@H](O)C[C@@]21C,0.01819494218665326,8.1056714e-05,0.13341415,0.5570076,3042,1654,1314
2291,CHEMBL1200562,HYDROCORTISONE VALERATE,CCCCC(=O)O[C@]1(C(=O)CO)CC[C@H]2[C@@H]3CCC4=CC(=O)CC[C@]4(C)[C@H]3[C@@H](O)C[C@@]21C,0.018154419012024504,0.00012426765,0.08931928,0.53906804,2955,1877,1337
2292,CHEMBL4585668,BELZUTIFAN,CS(=O)(=O)c1ccc(Oc2cc(F)cc(C#N)c2)c2c1[C@H](O)[C@H](F)[C@@H]2F,0.01814388109468355,0.0017514926,0.059241045,0.05756513,2180,2094,2532
2293,CHEMBL850,SPARFLOXACIN,C[C@@H]1CN(c2c(F)c(N)c3c(=O)c(C(=O)O)cn(C4CC4)c3c2F)C[C@H](C)N1,0.018064715547394788,0.0014595523,0.022304349,0.18108566,2247,2534,2034
2294,CHEMBL4297065,SPINOSAD,CC[C@H]1CCC[C@H](O[C@H]2CC[C@H](N(C)C)[C@@H](C)O2)[C@@H](C)C(=O)C2=C[C@@H]3[C@@H](C=C(C)[C@@H]4C[C@@H](O[C@@H]5O[C@@H](C)[C@H](OC)[C@@H](OC)[C@H]5OC)C[C@@H]34)[C@@H]2CC(=O)O1.CC[C@H]1CCC[C@H](O[C@H]2CC[C@H](N(C)C)[C@@H](C)O2)[C@@H](C)C(=O)C2=C[C@H]3[C@@H]4C[C@H](O[C@@H]5O[C@@H](C)[C@H](OC)[C@@H](OC)[C@H]5OC)C[C@H]4C=C[C@H]3C2CC(=O)O1,0.017991688954012878,0.00035914622,0.048174296,0.33661157,2682,2197,1678
2295,CHEMBL1200542,DESOXYCORTICOSTERONE ACETATE,CC(=O)OCC(=O)[C@H]1CC[C@H]2[C@@H]3CCC4=CC(=O)CC[C@]4(C)[C@H]3CC[C@]12C,0.01794967990157313,0.00012371043,0.07247494,0.6450242,2956,2005,1174
2296,CHEMBL4297064,MILNACIPRAN HYDROCHLORIDE,CCN(CC)C(=O)C1(c2ccccc2)CC1CN.Cl,0.01786527945794612,0.000119000884,0.7152325,0.066993415,2960,342,2481
2297,CHEMBL18116,TOLOXATONE,Cc1cccc(N2CC(CO)OC2=O)c1,0.017835142571292328,0.00064456346,0.106935956,0.08230765,2511,1779,2410
2298,CHEMBL742,KETAMINE,CNC1(c2ccccc2Cl)CCCCC1=O,0.01782220489734815,0.00070973195,0.08877037,0.0898508,2482,1881,2382
2299,CHEMBL2218877,ERYTHROMYCIN ESTOLATE,CCC(=O)O[C@H]1[C@H](O[C@@H]2[C@@H](C)[C@H](O[C@H]3C[C@@](C)(OC)[C@@H](O)[C@H](C)O3)[C@@H](C)C(=O)O[C@H](CC)[C@@](C)(O)[C@H](O)[C@@H](C)C(=O)[C@H](C)C[C@@]2(C)O)O[C@H](C)C[C@@H]1N(C)C.CCCCCCCCCCCCOS(=O)(=O)O,0.017818862550245604,0.0003362095,0.03583911,0.46954015,2698,2344,1450
2300,CHEMBL1201355,CERULETIDE,CSCC[C@H](NC(=O)[C@H](Cc1c[nH]c2ccccc12)NC(=O)CNC(=O)[C@@H](NC(=O)[C@H](Cc1ccc(OS(=O)(=O)O)cc1)NC(=O)[C@H](CC(=O)O)NC(=O)[C@H](CCC(N)=O)NC(=O)[C@@H]1CCC(=O)N1)[C@@H](C)O)C(=O)N[C@@H](CC(=O)O)C(=O)N[C@@H](Cc1ccccc1)C(N)=O,0.017767789669324505,4.284031e-05,0.41171697,0.31801593,3155,793,1719
2301,CHEMBL1200475,DAUNORUBICIN CITRATE,COc1cccc2c1C(=O)c1c(O)c3c(c(O)c1C2=O)C[C@@](O)(C(C)=O)C[C@@H]3O[C@H]1C[C@H](N)[C@H](O)[C@H](C)O1.O=C(O)CC(O)(CC(=O)O)C(=O)O,0.01772676988433458,0.0014137068,0.02718146,0.14496283,2259,2453,2157
2302,CHEMBL4594261,FLUOROESTRADIOL F-18,C[C@]12CC[C@@H]3c4ccc(O)cc4CC[C@H]3[C@@H]1C[C@@H]([18F])[C@@H]2O,0.017702508712285115,0.0008010109,0.0070891483,0.97694904,2449,2874,354
2303,CHEMBL1627367,FLUOROESTRADIOL,C[C@]12CC[C@@H]3c4ccc(O)cc4CC[C@H]3[C@@H]1C[C@@H](F)[C@@H]2O,0.017702508712285115,0.0008010109,0.0070891483,0.97694904,2449,2874,354
2304,CHEMBL1201294,DIPHENOXYLATE,CCOC(=O)C1(c2ccccc2)CCN(CCC(C#N)(c2ccccc2)c2ccccc2)CC1,0.01768852853982917,0.00049486046,0.07527111,0.14858127,2589,1982,2144
2305,CHEMBL1200454,VALGANCICLOVIR HYDROCHLORIDE,CC(C)[C@H](N)C(=O)OCC(CO)OCn1cnc2c(=O)nc(N)[nH]c21.Cl,0.017660979587417074,0.035088774,0.014952773,0.010499158,1097,2679,2830
2306,CHEMBL1451,TRIAMCINOLONE,C[C@]12C=CC(=O)C=C1CC[C@H]1[C@@H]3C[C@@H](O)[C@](O)(C(=O)CO)[C@@]3(C)C[C@H](O)[C@@]12F,0.017650508562403376,0.00011266645,0.22018458,0.22166142,2969,1300,1924
2307,CHEMBL2356097,METOPROLOL SUCCINATE,COCCc1ccc(OCC(O)CNC(C)C)cc1.COCCc1ccc(OCC(O)CNC(C)C)cc1.O=C(O)CCC(=O)O,0.017618377191973105,1.5000338e-05,0.3693158,0.9871858,3266,872,252
2308,CHEMBL1201745,CHOLINE FENOFIBRATE,CC(C)(Oc1ccc(C(=O)c2ccc(Cl)cc2)cc1)C(=O)[O-].C[N+](C)(C)CCO,0.017580455719555348,0.024886586,0.03873892,0.0056360853,1209,2303,2926
2309,CHEMBL1200665,DIPHENOXYLATE HYDROCHLORIDE,CCOC(=O)C1(c2ccccc2)CCN(CCC(C#N)(c2ccccc2)c2ccccc2)CC1.Cl,0.0175579017268911,0.0005113096,0.07888577,0.13419461,2576,1954,2203
2310,CHEMBL1201058,POTASSIUM ACETATE,CC(=O)[O-].[K+],0.01754979018359408,0.0014159023,0.14402398,0.026506217,2258,1612,2692
2311,CHEMBL4208954,AMIKACIN SULFATE,NCC[C@H](O)C(=O)N[C@@H]1C[C@H](N)[C@@H](O[C@H]2O[C@H](CN)[C@@H](O)[C@H](O)[C@H]2O)[C@H](O)[C@H]1O[C@H]1O[C@H](CO)[C@@H](O)[C@H](N)[C@H]1O.O=S(=O)(O)O.O=S(=O)(O)O,0.017482747575529055,0.00079306535,0.010530289,0.6398526,2454,2772,1183
2312,CHEMBL1201010,FLUDROCORTISONE ACETATE,CC(=O)OCC(=O)[C@@]1(O)CC[C@H]2[C@@H]3CCC4=CC(=O)CC[C@]4(C)[C@@]3(F)[C@@H](O)C[C@@]21C,0.01742847157214177,8.47063e-05,0.31758288,0.19679101,3029,1013,1995
2313,CHEMBL1237054,PLICAMYCIN,CO[C@H](C(=O)[C@@H](O)[C@@H](C)O)[C@@H]1Cc2cc3cc(O[C@H]4C[C@@H](O[C@@H]5C[C@@H](O)[C@H](O)[C@@H](C)O5)[C@H](O)[C@@H](C)O4)c(C)c(O)c3c(O)c2C(=O)[C@H]1O[C@H]1C[C@@H](O[C@@H]2C[C@@H](O)[C@@H](O[C@@H]3C[C@](C)(O)[C@H](O)[C@@H](C)O3)[C@@H](C)O2)[C@H](O)[C@@H](C)O1,0.017422370486217073,0.008088469,0.0006540829,0.99959177,1604,3199,35
2314,CHEMBL513,CARMUSTINE,O=NN(CCCl)C(=O)NCCCl,0.01741071822016631,9.019933e-05,0.2921342,0.20029244,3017,1077,1985
2315,CHEMBL1152,PREDNISOLONE ACETATE,CC(=O)OCC(=O)[C@@]1(O)CC[C@H]2[C@@H]3CCC4=CC(=O)C=C[C@]4(C)[C@H]3[C@@H](O)C[C@@]21C,0.017392952542563764,9.115671e-05,0.1300126,0.44396225,3013,1668,1488
2316,CHEMBL135,ESTRADIOL,C[C@]12CC[C@@H]3c4ccc(O)cc4CC[C@H]3[C@@H]1CC[C@@H]2O,0.017381381219080817,0.0006736128,0.007945756,0.98108643,2497,2848,316
2317,CHEMBL51,KETANSERIN,O=C(c1ccc(F)cc1)C1CCN(CCn2c(=O)[nH]c3ccccc3c2=O)CC1,0.017232438305637917,0.00729603,0.052775476,0.013289891,1642,2150,2792
2318,CHEMBL1208,CINOXACIN,CCn1nc(C(=O)O)c(=O)c2cc3c(cc21)OCO3,0.017203429476947214,0.08910311,5.7510093e-05,0.99359196,740,3315,157
2319,CHEMBL1200881,MINOCYCLINE HYDROCHLORIDE,CN(C)c1ccc(O)c2c1C[C@H]1C[C@H]3[C@H](N(C)C)C(O)=C(C(N)=O)C(=O)[C@@]3(O)C(O)=C1C2=O.Cl,0.01718671562837717,0.00011289455,0.31676674,0.14196,2968,1018,2170
2320,CHEMBL1115,PYRIDOSTIGMINE,CN(C)C(=O)Oc1ccc[n+](C)c1,0.017158011295862096,0.0026505839,0.6200609,0.0030734409,2038,465,2991
2321,CHEMBL1200696,POTASSIUM PERCHLORATE,[K+].[O-][Cl+3]([O-])([O-])[O-],0.017036159916220036,0.009156068,0.003226156,0.16738662,1563,3023,2079
2322,CHEMBL3707243,GLYCOPYRRONIUM TOSYLATE,C[N+]1(C)CCC(OC(=O)C(O)(c2ccccc2)C2CCCC2)C1.Cc1ccc(S(=O)(=O)[O-])cc1.O,0.017033516607450217,0.00083334785,0.030009074,0.19762139,2431,2412,1991
2323,CHEMBL32,MOXIFLOXACIN,COc1c(N2C[C@@H]3CCCN[C@@H]3C2)c(F)cc2c(=O)c(C(=O)O)cn(C3CC3)c12,0.017025912529021327,0.00081813935,0.037882928,0.15924303,2438,2319,2104
2324,CHEMBL1082607,SALMETEROL XINAFOATE,O=C(O)c1ccc2ccccc2c1O.OCc1cc(C(O)CNCCCCCCOCCCCc2ccccc2)ccc1O,0.01701866755481,0.0073043923,0.07436216,0.009074873,1640,1989,2861
2325,CHEMBL1724,MEPENZOLATE BROMIDE,C[N+]1(C)CCCC(OC(=O)C(O)(c2ccccc2)c2ccccc2)C1.[Br-],0.016930943962890868,0.0009892649,0.0107560465,0.45611912,2376,2768,1470
2326,CHEMBL472,GLYBURIDE,COc1ccc(Cl)cc1C(=O)NCCc1ccc(S(=O)(=O)NC(=O)NC2CCCCC2)cc1,0.016904041565406928,0.0009871296,0.20133665,0.024303824,2377,1378,2701
2327,CHEMBL529888,GLIBORNURIDE,Cc1ccc(S(=O)(=O)NC(=O)N[C@H]2[C@H]3CC[C@@](C)([C@H]2O)C3(C)C)cc1,0.016897566885637042,0.00083107786,0.14153844,0.0410163,2432,1622,2612
2328,CHEMBL405110,METHYLENE BLUE ANHYDROUS,CN(C)c1ccc2nc3ccc(N(C)C)cc3[s+]c2c1.[Cl-],0.016858379631745225,0.15930697,0.173613,0.000173233,533,1488,3247
2329,CHEMBL1218,RAMELTEON,CCC(=O)NCC[C@@H]1CCc2ccc3c(c21)CCO3,0.01682360629049352,0.0012656853,0.004004553,0.93945825,2287,2988,544
2330,CHEMBL786,TAMOXIFEN CITRATE,CC/C(=C(\c1ccccc1)c1ccc(OCCN(C)C)cc1)c1ccccc1.O=C(O)CC(O)(CC(=O)O)C(=O)O,0.016735074287572798,0.00055801094,0.15595539,0.053856704,2551,1555,2550
2331,CHEMBL2062163,PHENDIMETRAZINE TARTRATE,C[C@H]1[C@H](c2ccccc2)OCCN1C.O=C(O)C(O)C(O)C(=O)O,0.016695698621527793,0.0027359168,0.17852889,0.00952801,2024,1461,2850
2332,CHEMBL87992,ESLICARBAZEPINE ACETATE,CC(=O)O[C@H]1Cc2ccccc2N(C(N)=O)c2ccccc21,0.016690112170317926,0.0019876796,0.040025864,0.058437392,2138,2285,2528
2333,CHEMBL384467,DEXAMETHASONE,C[C@@H]1C[C@H]2[C@@H]3CCC4=CC(=O)C=C[C@]4(C)[C@@]3(F)[C@@H](O)C[C@]2(C)[C@@]1(O)C(=O)CO,0.016680381141513635,0.000101142665,0.22747938,0.20171653,2988,1274,1977
2334,CHEMBL515,CHLORAMBUCIL,O=C(O)CCCc1ccc(N(CCCl)CCCl)cc1,0.016632701606763917,2.8339738e-05,0.22554348,0.71988374,3209,1284,1070
2335,CHEMBL2106483,VILOXAZINE HYDROCHLORIDE,CCOc1ccccc1OCC1CNCCO1.Cl,0.01660979588206063,0.0020093159,0.004717241,0.48345557,2135,2968,1419
2336,CHEMBL259209,MILNACIPRAN,CCN(CC)C(=O)C1(c2ccccc2)CC1CN,0.016609566033779343,8.586733e-05,0.6915679,0.077163525,3026,370,2433
2337,CHEMBL1200945,PENTETATE CALCIUM TRISODIUM,O=C([O-])CN(CCN(CC(=O)[O-])CC(=O)[O-])CCN(CC(=O)[O-])CC(=O)[O-].[Ca+2].[Na+].[Na+].[Na+],0.016581161465155102,2.7848579e-05,0.37749293,0.43364358,3215,855,1511
2338,CHEMBL193482,ESTRIOL,C[C@]12CC[C@@H]3c4ccc(O)cc4CC[C@H]3[C@@H]1C[C@@H](O)[C@@H]2O,0.016558144226150675,0.0006733567,0.006896897,0.97754353,2498,2877,345
2339,CHEMBL765,GUANETHIDINE,N=C(N)NCCN1CCCCCCC1,0.0165217738609017,0.00016207408,0.02982462,0.93299985,2901,2419,570
2340,CHEMBL1749,EDETATE DISODIUM ANHYDROUS,O=C([O-])CN(CCN(CC(=O)[O-])CC(=O)O)CC(=O)O.[Na+].[Na+],0.01650736665890522,2.524111e-05,0.39309213,0.45334667,3229,827,1477
2341,CHEMBL2105904,BARBITAL SODIUM,CCC1(CC)C(=O)[N-]C(=O)NC1=O.[Na+],0.01647756945904035,0.0002803713,0.23301052,0.06848104,2746,1259,2470
2342,CHEMBL1077,BROMFENAC,Nc1c(CC(=O)O)cccc1C(=O)c1ccc(Br)cc1,0.01643109088012691,0.02809702,0.09693329,0.0016287939,1171,1837,3056
2343,CHEMBL1200982,BUTABARBITAL SODIUM,CCC(C)C1(CC)C(=O)[N-]C(=O)NC1=O.[Na+],0.01636304846162533,0.0002506196,0.36582798,0.047786012,2777,882,2585
2344,CHEMBL547,ISOTRETINOIN,CC1=C(/C=C/C(C)=C/C=C/C(C)=C\C(=O)O)C(C)(C)CCC1,0.016266699970692123,0.00013687859,0.049092952,0.6405365,2937,2191,1181
2345,CHEMBL3989402,PERAMIVIR,CCC(CC)[C@H](NC(C)=O)[C@@H]1[C@H](O)[C@@H](C(=O)O)C[C@H]1NC(=N)N.O.O.O,0.016259126638569123,0.0010722475,0.00606498,0.660948,2346,2914,1152
2346,CHEMBL1200800,CALCIUM ACETATE,CC(=O)[O-].CC(=O)[O-].[Ca+2],0.01623474251334654,0.0011000412,0.13087036,0.029722543,2338,1667,2675
2347,CHEMBL1194666,DIETHYLPROPION,CCN(CC)C(C)C(=O)c1ccccc1,0.01622054725585329,0.008188785,0.16468771,0.0031645785,1602,1525,2988
2348,CHEMBL2110588,ELIGLUSTAT,CCCCCCCC(=O)N[C@H](CN1CCCC1)[C@H](O)c1ccc2c(c1)OCCO2,0.016121704115042334,0.001091348,0.0038414397,0.99948347,2340,2997,40
2349,CHEMBL566752,FLORBETABEN F18,CNc1ccc(/C=C/c2ccc(OCCOCCOCC[18F])cc2)cc1,0.016079551573796882,3.832007e-05,0.3714313,0.29209018,3169,868,1768
2350,CHEMBL1908906,FLORBETABEN,CNc1ccc(/C=C/c2ccc(OCCOCCOCCF)cc2)cc1,0.016079551573796882,3.832007e-05,0.3714313,0.29209018,3169,868,1768
2351,CHEMBL1357,SODIUM LACTATE,CC(O)C(=O)[O-].[Na+],0.016014460277010617,0.0024258904,0.28337532,0.0059745307,2063,1106,2917
2352,CHEMBL2146063,CHLORTETRACYCLINE HYDROCHLORIDE,CN(C)[C@@H]1C(O)=C(C(N)=O)C(=O)[C@@]2(O)C(O)=C3C(=O)c4c(O)ccc(Cl)c4[C@@](C)(O)[C@H]3C[C@@H]12.Cl,0.015974500510831772,0.00015351351,0.17844588,0.14880887,2917,1462,2143
2353,CHEMBL1201089,DIPHENHYDRAMINE CITRATE,CN(C)CCOC(c1ccccc1)c1ccccc1.O=C(O)CC(O)(CC(=O)O)C(=O)O,0.015917602942303103,0.004784368,0.06684849,0.01261005,1784,2044,2803
2354,CHEMBL1078261,PROPIVERINE,CCCOC(C(=O)OC1CCN(C)CC1)(c1ccccc1)c1ccccc1,0.01590830967567984,0.00043284206,0.033027183,0.28162494,2632,2378,1794
2355,CHEMBL1037,GUANADREL,N=C(N)NCC1COC2(CCCCC2)O1,0.01589802633406907,2.7108283e-05,0.1531962,0.9675634,3218,1576,433
2356,CHEMBL1200764,METHACHOLINE CHLORIDE,CC(=O)OC(C)C[N+](C)(C)C.[Cl-],0.01587928495389034,0.0013321184,0.04248444,0.07074899,2275,2255,2456
2357,CHEMBL490,PAROXETINE,Fc1ccc([C@@H]2CCNC[C@H]2COc2ccc3c(c2)OCO3)cc1,0.015711431181079788,0.0051760483,0.00078349444,0.9563416,1761,3185,485
2358,CHEMBL1200707,BENZQUINAMIDE HYDROCHLORIDE,CCN(CC)C(=O)C1CN2CCc3cc(OC)c(OC)cc3C2CC1OC(C)=O.Cl,0.0156700138996555,0.00049097626,0.007978456,0.98226535,2591,2846,301
2359,CHEMBL1169,AMINOSALICYLIC ACID,Nc1ccc(C(=O)O)c(O)c1,0.015578472061624042,0.0036953944,0.47836637,0.002138716,1896,666,3031
2360,CHEMBL1380,ABACAVIR,Nc1nc(NC2CC2)c2ncn([C@H]3C=C[C@@H](CO)C3)c2n1,0.015561872260262117,0.029639054,0.0053421664,0.023801468,1155,2945,2705
2361,CHEMBL1201248,CISATRACURIUM,COc1ccc(C[C@@H]2c3cc(OC)c(OC)cc3CC[N@+]2(C)CCC(=O)OCCCCCOC(=O)CC[N@@+]2(C)CCc3cc(OC)c(OC)cc3[C@H]2Cc2ccc(OC)c(OC)c2)cc1OC,0.015540662903707442,0.0038368315,0.0009782964,0.9999206,1877,3162,8
2362,CHEMBL2103837,TAFAMIDIS,O=C(O)c1ccc2nc(-c3cc(Cl)cc(Cl)c3)oc2c1,0.015529961098448473,0.010166807,0.03417622,0.010779594,1520,2367,2825
2363,CHEMBL1200506,ERYTHROMYCIN LACTOBIONATE,CC[C@H]1OC(=O)[C@H](C)[C@@H](O[C@H]2C[C@@](C)(OC)[C@@H](O)[C@H](C)O2)[C@H](C)[C@@H](O[C@@H]2O[C@H](C)C[C@H](N(C)C)[C@H]2O)[C@](C)(O)C[C@@H](C)C(=O)[C@H](C)[C@@H](O)[C@]1(C)O.O=C(O)[C@H](O)[C@@H](O)[C@H](O[C@@H]1O[C@H](CO)[C@H](O)[C@H](O)[C@H]1O)[C@H](O)CO,0.015495202109508485,0.0002951754,0.042594705,0.29590762,2737,2254,1757
2364,CHEMBL6067650,PAROXETINE HYDROCHLORIDE,Cl.Cl.Fc1ccc([C@@H]2CCNC[C@H]2COc2ccc3c(c2)OCO3)cc1.Fc1ccc([C@@H]2CCNC[C@H]2COc2ccc3c(c2)OCO3)cc1.O,0.015481271808327032,0.004634984,0.00084677944,0.94536924,1804,3176,518
2365,CHEMBL1201263,HYDROCORTAMATE,CCN(CC)CC(=O)OCC(=O)[C@@]1(O)CC[C@H]2[C@@H]3CCC4=CC(=O)CC[C@]4(C)[C@H]3[C@@H](O)C[C@@]21C,0.015425750315408248,6.8034446e-05,0.07022179,0.7683128,3071,2019,987
2366,CHEMBL1200572,MAGNESIUM OXIDE,O=[Mg],0.01539409779295618,0.004731101,0.19711833,0.003911772,1791,1392,2960
2367,CHEMBL6068332,TENOFOVIR DISOPROXIL MALEATE,CC(C)OC(=O)OCOP(=O)(CO[C@H](C)Cn1cnc2c(N)ncnc21)OCOC(=O)OC(C)C.O=C(O)/C=C\C(=O)O,0.015320426376130935,0.016649153,0.051414963,0.0042007896,1352,2167,2953
2368,CHEMBL1201071,TETRACYCLINE PHOSPHATE COMPLEX,CN(C)[C@@H]1C(O)=C(C(N)=O)C(=O)[C@@]2(O)C(O)=C3C(=O)c4c(O)cccc4[C@@](C)(O)[C@H]3C[C@@H]12.O=P(O)(O)O,0.015297831174524237,0.000117703734,0.23828305,0.12764564,2963,1236,2229
2369,CHEMBL1256958,EPINEPHRINE BITARTRATE,CNC[C@H](O)c1ccc(O)c(O)c1.O=C(O)C(O)C(O)C(=O)O,0.015285828712159036,0.004269757,0.45142633,0.0018530065,1834,714,3044
2370,CHEMBL1201,THIOTHIXENE,CN1CCN(CC/C=C2/c3ccccc3Sc3ccc(S(=O)(=O)N(C)C)cc32)CC1,0.015261278641794034,0.032000728,0.016701384,0.006650594,1131,2644,2901
2371,CHEMBL1200694,SEVOFLURANE,FCOC(C(F)(F)F)C(F)(F)F,0.015202012517488683,0.0039501954,0.00952999,0.0933238,1869,2806,2362
2372,CHEMBL142438,NITROGEN,N#N,0.015179545512558687,0.0012338074,0.11435355,0.024790158,2296,1754,2700
2373,CHEMBL1200534,MOEXIPRIL HYDROCHLORIDE,CCOC(=O)[C@H](CCc1ccccc1)N[C@@H](C)C(=O)N1Cc2cc(OC)c(OC)cc2C[C@H]1C(=O)O.Cl,0.015145713828048357,0.0031353931,0.0011087317,0.9994266,1964,3154,44
2374,CHEMBL70,MORPHINE,CN1CC[C@]23c4c5ccc(O)c4O[C@H]2[C@@H](O)C=C[C@H]3[C@H]1C5,0.01513838515939648,3.2610584e-05,0.18795595,0.56600976,3194,1433,1297
2375,CHEMBL1200600,FLUOROMETHOLONE,CC(=O)[C@@]1(O)CC[C@H]2[C@@H]3C[C@H](C)C4=CC(=O)C=C[C@]4(C)[C@@]3(F)[C@@H](O)C[C@@]21C,0.015108334447771437,5.963865e-05,0.20764674,0.27848193,3099,1354,1800
2376,CHEMBL3989824,THIOTHIXENE HYDROCHLORIDE,CN1CCN(CC/C=C2/c3ccccc3Sc3ccc(S(=O)(=O)N(C)C)cc32)CC1.Cl.Cl.O.O,0.015101757830692134,0.029282099,0.019570094,0.0060101785,1160,2577,2916
2377,CHEMBL1256818,DEXTROMETHORPHAN HYDROBROMIDE,Br.COc1ccc2c(c1)[C@]13CCCC[C@@H]1[C@H](C2)N(C)CC3.O,0.015068373357697727,0.00018353503,0.019495973,0.95616996,2865,2579,486
2378,CHEMBL762,OXYMETAZOLINE,Cc1cc(C(C)(C)C)c(O)c(C)c1CC1=NCCN1,0.015064644870537661,0.018534586,0.00019271567,0.9571428,1315,3270,482
2379,CHEMBL1200688,ERYTHROMYCIN ETHYLSUCCINATE,CCOC(=O)CCC(=O)O[C@H]1[C@H](O[C@@H]2[C@@H](C)[C@H](O[C@H]3C[C@@](C)(OC)[C@@H](O)[C@H](C)O3)[C@@H](C)C(=O)O[C@H](CC)[C@@](C)(O)[C@H](O)[C@@H](C)C(=O)[C@H](C)C[C@@]2(C)O)O[C@H](C)C[C@@H]1N(C)C,0.015061018465925776,0.00023821693,0.024578962,0.5834813,2797,2493,1266
2380,CHEMBL1434,MINOCYCLINE,CN(C)c1ccc(O)c2c1C[C@H]1C[C@H]3[C@H](N(C)C)C(O)=C(C(N)=O)C(=O)[C@@]3(O)C(O)=C1C2=O,0.0150424500869521,8.706104e-05,0.27742198,0.14092591,3023,1120,2176
2381,CHEMBL1200831,SPIRAPRIL HYDROCHLORIDE,CCOC(=O)[C@H](CCc1ccccc1)N[C@@H](C)C(=O)N1CC2(C[C@H]1C(=O)O)SCCS2.Cl,0.014977243442558038,0.00026165842,0.043392513,0.2959007,2767,2246,1758
2382,CHEMBL3545059,ALISKIREN FUMARATE,COCCCOc1cc(C[C@@H](C[C@H](N)[C@@H](O)C[C@H](C(=O)NCC(C)(C)C(N)=O)C(C)C)C(C)C)ccc1OC.COCCCOc1cc(C[C@@H](C[C@H](N)[C@@H](O)C[C@H](C(=O)NCC(C)(C)C(N)=O)C(C)C)C(C)C)ccc1OC.O=C(O)/C=C/C(=O)O,0.014954870028573401,0.00011905843,0.06774227,0.41469434,2959,2039,1541
2383,CHEMBL1224,ACRIVASTINE,Cc1ccc(/C(=C\CN2CCCC2)c2cccc(/C=C/C(=O)O)n2)cc1,0.014949566962606502,0.003504256,0.09916174,0.009614927,1915,1820,2845
2384,CHEMBL2146123,METHACYCLINE HYDROCHLORIDE,C=C1c2cccc(O)c2C(=O)C2=C(O)[C@]3(O)C(=O)C(C(N)=O)=C(O)[C@@H](N(C)C)[C@@H]3[C@@H](O)[C@H]12.Cl,0.014929651305046499,0.00030034193,0.065408796,0.16939355,2730,2054,2071
2385,CHEMBL2104941,INDORAMIN HYDROCHLORIDE,Cl.O=C(NC1CCN(CCc2c[nH]c3ccccc23)CC1)c1ccccc1,0.014920933061254683,0.00062357995,0.042647045,0.12491277,2525,2252,2244
2386,CHEMBL1200495,HYDROCORTISONE SODIUM SUCCINATE,C[C@]12CCC(=O)C=C1CC[C@@H]1[C@@H]2[C@@H](O)C[C@@]2(C)[C@H]1CC[C@]2(O)C(=O)COC(=O)CCC(=O)[O-].[Na+],0.014860783500902577,9.841451e-05,0.12761955,0.26130563,2993,1682,1838
2387,CHEMBL1201250,BENZQUINAMIDE,CCN(CC)C(=O)C1CN2CCc3cc(OC)c(OC)cc3C2CC1OC(C)=O,0.014790715259995013,0.0004256315,0.00773638,0.9826433,2639,2856,300
2388,CHEMBL306700,VILOXAZINE,CCOc1ccccc1OCC1CNCCO1,0.01476879999141087,0.0017028732,0.0032162657,0.58816797,2188,3024,1257
2389,CHEMBL1593719,PHENICARBAZIDE,NC(=O)NNc1ccccc1,0.014767876010214195,0.0008642816,0.25186038,0.014795817,2422,1199,2775
2390,CHEMBL672,FENOFIBRATE,CC(C)OC(=O)C(C)(C)Oc1ccc(C(=O)c2ccc(Cl)cc2)cc1,0.014727629730366582,0.022630123,0.0869356,0.0016237305,1250,1893,3057
2391,CHEMBL564085,TROLEANDOMYCIN,CO[C@H]1C[C@H](O[C@H]2[C@H](C)[C@@H](O[C@@H]3O[C@H](C)C[C@H](N(C)C)[C@H]3OC(C)=O)[C@@H](C)C[C@@]3(CO3)C(=O)[C@H](C)[C@@H](OC(C)=O)[C@@H](C)[C@@H](C)OC(=O)[C@@H]2C)O[C@@H](C)[C@@H]1OC(C)=O,0.014698113756888828,3.165142e-05,0.16020967,0.6261852,3199,1539,1208
2392,CHEMBL3544988,DAPRODUSTAT,O=C(O)CNC(=O)C1C(=O)N(C2CCCCC2)C(=O)N(C2CCCCC2)C1=O,0.01466953244900935,5.1433482e-05,0.2554641,0.24025533,3130,1187,1871
2393,CHEMBL695,TRIMETHADIONE,CN1C(=O)OC(C)(C)C1=O,0.014654880046042859,0.00030162462,0.030003587,0.3477817,2727,2413,1651
2394,CHEMBL1201051,CIMETIDINE HYDROCHLORIDE,CN/C(=N\CCSCc1nc[nH]c1C)NC#N.Cl,0.014626664693372765,0.00043953274,0.20266916,0.03512829,2626,1368,2646
2395,CHEMBL416,METHOXSALEN,COc1c2occc2cc2ccc(=O)oc12,0.014537493826228997,0.013137571,0.051412534,0.0045486717,1432,2168,2945
2396,CHEMBL3244648,METHOTREXATE SODIUM,CN(Cc1cnc2nc(N)nc(N)c2n1)c1ccc(C(=O)N[C@@H](CCC(=O)[O-])C(=O)[O-])cc1.[Na+].[Na+],0.014525582570981506,0.034853566,0.018690947,0.004704595,1102,2599,2939
2397,CHEMBL1256841,NIALAMIDE,O=C(CCNNC(=O)c1ccncc1)NCc1ccccc1,0.014519290202256277,0.003324462,0.038400363,0.023976153,1938,2308,2704
2398,CHEMBL108545,METHYL SALICYLATE,COC(=O)c1ccccc1O,0.014507665959451448,0.013395558,0.14216515,0.0016033876,1422,1619,3059
2399,CHEMBL99946,LEVOMILNACIPRAN,CCN(CC)C(=O)[C@@]1(c2ccccc2)C[C@H]1CN,0.014486252757352663,0.00016514573,0.35863274,0.051327582,2897,906,2565
2400,CHEMBL1693,DIETHYLPROPION HYDROCHLORIDE,CCN(CC)C(C)C(=O)c1ccccc1.Cl,0.014474912068321891,0.0077141854,0.14992586,0.0026222938,1619,1594,3012
2401,CHEMBL2107374,SUGAMMADEX SODIUM,O=C([O-])CCSC[C@H]1O[C@@H]2O[C@H]3[C@H](O)[C@@H](O)[C@@H](O[C@H]4[C@H](O)[C@@H](O)[C@@H](O[C@H]5[C@H](O)[C@@H](O)[C@@H](O[C@H]6[C@H](O)[C@@H](O)[C@@H](O[C@H]7[C@H](O)[C@@H](O)[C@@H](O[C@H]8[C@H](O)[C@@H](O)[C@@H](O[C@H]9[C@H](O)C(O)[C@@H](O[C@H]1[C@H](O)[C@H]2O)O[C@@H]9CSCCC(=O)[O-])O[C@@H]8CSCCC(=O)[O-])O[C@@H]7CSCCC(=O)[O-])O[C@@H]6CSCCC(=O)[O-])O[C@@H]5CSCCC(=O)[O-])O[C@@H]4CSCCC(=O)[O-])O[C@@H]3CSCCC(=O)[O-].[Na+].[Na+].[Na+].[Na+].[Na+].[Na+].[Na+].[Na+],0.014436788726002322,0.00015510521,0.032757513,0.59220845,2914,2381,1254
2402,CHEMBL2106556,CYCLOBARBITAL CALCIUM,CCC1(C2=CCCCC2)C(=O)[N-]C(=O)NC1=O.CCC1(C2=CCCCC2)C(=O)[N-]C(=O)NC1=O.[Ca+2],0.014422128384289266,3.1780724e-05,0.42517072,0.22200401,3197,755,1921
2403,CHEMBL2105732,LEVOMILNACIPRAN HYDROCHLORIDE,CCN(CC)C(=O)[C@@]1(c2ccccc2)C[C@H]1CN.Cl,0.014406013106194517,0.00019755747,0.37108818,0.040781274,2838,870,2613
2404,CHEMBL905,RIZATRIPTAN,CN(C)CCc1c[nH]c2ccc(Cn3cncn3)cc12,0.014381105606118034,0.0024133676,0.037579823,0.032794308,2065,2326,2657
2405,CHEMBL4085457,RITLECITINIB,C=CC(=O)N1C[C@H](Nc2ncnc3[nH]ccc23)CC[C@@H]1C,0.014369344470086413,0.00036381301,0.014976489,0.5445311,2677,2678,1328
2406,CHEMBL1472989,BISOPROLOL FUMARATE,CC(C)NCC(O)COc1ccc(COCCOC(C)C)cc1.CC(C)NCC(O)COc1ccc(COCCOC(C)C)cc1.O=C(O)/C=C/C(=O)O,0.014358807782536644,9.02214e-06,0.35364348,0.9278542,3295,920,593
2407,CHEMBL1200973,ESTRADIOL CYPIONATE,C[C@]12CC[C@@H]3c4ccc(O)cc4CC[C@H]3[C@@H]1CC[C@@H]2OC(=O)CCC1CCCC1,0.014355230411797244,0.00027548522,0.012615876,0.8511672,2748,2728,811
2408,CHEMBL15677,FENCLOFENAC,O=C(O)Cc1ccccc1Oc1ccc(Cl)cc1Cl,0.014351973864932038,0.02029203,0.22129686,0.00065831555,1282,1297,3138
2409,CHEMBL5095048,AMPHETAMINE ASPARTATE/DEXTROAMPHETAMINE SULFATE,CC(N)Cc1ccccc1.C[C@H](N)Cc1ccccc1.C[C@H](N)Cc1ccccc1.NC(CC(=O)O)C(=O)O.O=S(=O)(O)O,0.014289519002676774,0.0006444943,0.16114339,0.028094495,2512,1532,2687
2410,CHEMBL126224,IPRINDOLE,CN(C)CCCn1c2c(c3ccccc31)CCCCCC2,0.014227484750001282,0.0018054929,0.0016746719,0.95248663,2164,3117,497
2411,CHEMBL1201286,OXYPHENONIUM,CC[N+](C)(CC)CCOC(=O)C(O)(c1ccccc1)C1CCCCC1,0.014194148884345356,0.0003602112,0.0216686,0.366387,2681,2546,1622
2412,CHEMBL452231,TENIPOSIDE,COc1cc([C@@H]2c3cc4c(cc3[C@@H](O[C@@H]3O[C@@H]5CO[C@@H](c6cccs6)O[C@H]5[C@H](O)[C@H]3O)[C@H]3COC(=O)[C@H]23)OCO4)cc(OC)c1O,0.014176746988887172,0.0030949132,0.0009249825,0.99528605,1975,3168,125
2413,CHEMBL6067642,CODEINE PHOSPHATE,COc1ccc2c3c1O[C@H]1[C@@H](O)C=C[C@H]4[C@@H](C2)N(C)CC[C@@]341.COc1ccc2c3c1O[C@H]1[C@@H](O)C=C[C@H]4[C@@H](C2)N(C)CC[C@@]341.O.O=P(O)(O)O.O=P(O)(O)O,0.014167324567183292,4.4064633e-05,0.6466688,0.099791,3154,422,2336
2414,CHEMBL1200345,SODIUM SUCCINATE,O=C([O-])CCC(=O)O.[Na+],0.014102322209370579,0.0005028649,0.06333539,0.088059075,2583,2064,2388
2415,CHEMBL1165,MOEXIPRIL,CCOC(=O)[C@H](CCc1ccccc1)N[C@@H](C)C(=O)N1Cc2cc(OC)c(OC)cc2C[C@H]1C(=O)O,0.014096400968410415,0.0028885906,0.0009702371,0.9994498,2001,3165,43
2416,CHEMBL1341,METHOXYFLURANE,COC(F)(F)C(Cl)Cl,0.014095217312097124,0.12868838,0.0015119374,0.014392695,590,3126,2782
2417,CHEMBL1200953,HYDROCORTISONE PROBUTATE,CCCC(=O)O[C@]1(C(=O)COC(=O)CC)CC[C@H]2[C@@H]3CCC4=CC(=O)CC[C@]4(C)[C@H]3[C@@H](O)C[C@@]21C,0.014075209858918521,9.918451e-05,0.07087819,0.3966506,2991,2015,1572
2418,CHEMBL503,LOVASTATIN,CC[C@H](C)C(=O)O[C@H]1C[C@@H](C)C=C2C=C[C@H](C)[C@H](CC[C@@H]3C[C@@H](O)CC(=O)O3)[C@H]21,0.014060762102172806,0.0003360009,0.009247789,0.8946398,2699,2814,696
2419,CHEMBL1314,TIOPRONIN,CC(S)C(=O)NCC(=O)O,0.014044598107253978,0.00022049596,0.20210192,0.062166557,2815,1373,2507
2420,CHEMBL431,SPIRAPRIL,CCOC(=O)[C@H](CCc1ccccc1)N[C@@H](C)C(=O)N1CC2(C[C@H]1C(=O)O)SCCS2,0.013961847658438215,0.00024506717,0.036851168,0.30136466,2791,2334,1749
2421,CHEMBL779,TADALAFIL,CN1CC(=O)N2[C@H](c3ccc4c(c3)OCO4)c3[nH]c4ccccc4c3C[C@@H]2C1=O,0.013956709790106202,0.0005429806,0.005410876,0.9253311,2561,2942,606
2422,CHEMBL71752,VINPOCETINE,CCOC(=O)C1=C[C@]2(CC)CCCN3CCc4c(n1c1ccccc41)[C@@H]32,0.01393768955165814,0.00020129302,0.07497997,0.17939004,2831,1984,2039
2423,CHEMBL978,METHACHOLINE,CC(=O)OC(C)C[N+](C)(C)C,0.013918492497399305,0.00055917265,0.044862103,0.1074858,2550,2219,2305
2424,CHEMBL1201766,FOSPROPOFOL,CC(C)c1cccc(C(C)C)c1OCOP(=O)(O)O,0.013906676172223681,0.0065260073,0.002197408,0.18754771,1676,3074,2019
2425,CHEMBL1200376,BETAMETHASONE BENZOATE,C[C@H]1C[C@H]2[C@@H]3CCC4=CC(=O)C=C[C@]4(C)[C@@]3(F)[C@@H](O)C[C@]2(C)[C@@]1(OC(=O)c1ccccc1)C(=O)CO,0.0138712019175494,0.00017223127,0.24308735,0.06374821,2887,1219,2499
2426,CHEMBL632,BETAMETHASONE,C[C@H]1C[C@H]2[C@@H]3CCC4=CC(=O)C=C[C@]4(C)[C@@]3(F)[C@@H](O)C[C@]2(C)[C@@]1(O)C(=O)CO,0.013809965009440971,7.541465e-05,0.22514018,0.1551204,3055,1285,2119
2427,CHEMBL3707377,SEGESTERONE ACETATE,C=C1C[C@H]2[C@@H]3CCC4=CC(=O)CC[C@@H]4[C@H]3CC[C@]2(C)[C@@]1(OC(C)=O)C(C)=O,0.013809524911971587,0.00012431458,0.08925976,0.23733306,2954,1878,1879
2428,CHEMBL2040682,CICLESONIDE,CC(C)C(=O)OCC(=O)[C@@]12O[C@H](C3CCCCC3)O[C@@H]1C[C@H]1[C@@H]3CCC4=CC(=O)C=C[C@]4(C)[C@H]3[C@@H](O)C[C@@]12C,0.013790413145803872,7.172691e-06,0.51111555,0.7153701,3307,621,1075
2429,CHEMBL404520,CHLORTETRACYCLINE,CN(C)[C@@H]1C(O)=C(C(N)=O)C(=O)[C@@]2(O)C(O)=C3C(=O)c4c(O)ccc(Cl)c4[C@@](C)(O)[C@H]3C[C@@H]12,0.013704332780125018,0.00011780872,0.14554878,0.1501025,2962,1608,2134
2430,CHEMBL1555,GALANTAMINE HYDROBROMIDE,Br.COc1ccc2c3c1O[C@H]1C[C@@H](O)C=C[C@@]31CCN(C)C2,0.013693168854902038,0.00010939784,0.026618484,0.88169813,2974,2460,731
2431,CHEMBL450,METHARBITAL,CCC1(CC)C(=O)NC(=O)N(C)C1=O,0.013688670897149825,5.8946855e-05,0.28581694,0.15224229,3103,1099,2125
2432,CHEMBL75435,DEXKETOPROFEN,C[C@H](C(=O)O)c1cccc(C(=O)c2ccccc2)c1,0.013683679536058457,0.012726716,0.19395195,0.001038002,1448,1406,3099
2433,CHEMBL189,MILRINONE,Cc1[nH]c(=O)c(C#N)cc1-c1ccncc1,0.013671568727423106,0.023506366,0.36473876,0.0002980491,1226,886,3209
2434,CHEMBL1706,NAPHAZOLINE HYDROCHLORIDE,Cl.c1ccc2c(CC3=NCCN3)cccc2c1,0.013668495854770696,0.0054198755,0.010008051,0.04707857,1744,2793,2589
2435,CHEMBL1200374,EXEMESTANE,C=C1C[C@@H]2[C@H](CC[C@]3(C)C(=O)CC[C@@H]23)[C@@]2(C)C=CC(=O)C=C12,0.013639755048732468,0.000116030606,0.13989815,0.15632749,2965,1627,2113
2436,CHEMBL1199080,BRETYLIUM,CC[N+](C)(C)Cc1ccccc1Br,0.013631663294026184,0.047583748,0.0063429987,0.008392541,997,2905,2871
2437,CHEMBL2448613,PIMAVANSERIN TARTRATE,CC(C)COc1ccc(CNC(=O)N(Cc2ccc(F)cc2)C2CCN(C)CC2)cc1.CC(C)COc1ccc(CNC(=O)N(Cc2ccc(F)cc2)C2CCN(C)CC2)cc1.O=C(O)C(O)C(O)C(=O)O,0.0136252557180253,0.00031147106,0.22325456,0.036376096,2718,1289,2638
2438,CHEMBL467,HYDROXYUREA,NC(=O)NO,0.013613010535650144,0.00042953427,0.22770539,0.02579238,2635,1272,2696
2439,CHEMBL1200880,DIPHEMANIL METHYLSULFATE,COS(=O)(=O)[O-].C[N+]1(C)CCC(=C(c2ccccc2)c2ccccc2)CC1,0.01361024070246071,0.0041646697,0.017996319,0.033638235,1846,2618,2652
2440,CHEMBL249837,METHACYCLINE,C=C1c2cccc(O)c2C(=O)C2=C(O)[C@]3(O)C(=O)C(C(N)=O)=C(O)[C@@H](N(C)C)[C@@H]3[C@@H](O)[C@H]12,0.013510906529038384,0.00026394753,0.055746965,0.16761571,2761,2132,2077
2441,CHEMBL1578,ANISOTROPINE METHYLBROMIDE,CCCC(CCC)C(=O)O[C@H]1C[C@H]2CC[C@@H](C1)[N+]2(C)C.[Br-],0.01351058145502187,0.00024886377,0.011345117,0.87347686,2779,2754,760
2442,CHEMBL1200829,GLUCONOLACTONE,O=C1O[C@H](CO)[C@@H](O)[C@H](O)[C@H]1O,0.013508664149725088,0.007367395,0.00033921027,0.9864027,1636,3242,256
2443,CHEMBL1742471,EBROTIDINE,NC(N)=Nc1nc(CSCCN/C=N/S(=O)(=O)c2ccc(Br)cc2)cs1,0.013498183212877334,0.0064282976,0.026792075,0.014279853,1682,2458,2786
2444,CHEMBL2138684,FROVATRIPTAN SUCCINATE,CN[C@@H]1CCc2[nH]c3ccc(C(N)=O)cc3c2C1.O.O=C(O)CCC(=O)O,0.01348067299401941,0.0012262143,0.0025470995,0.78437275,2298,3055,947
2445,CHEMBL119,TRIMETREXATE,COc1cc(NCc2ccc3nc(N)nc(N)c3c2C)cc(OC)c1OC,0.013475756940652213,0.075744554,0.060087904,0.00053767645,819,2088,3161
2446,CHEMBL1200584,AMINOSALICYLATE POTASSIUM,Nc1ccc(C(=O)[O-])c(O)c1.[K+],0.013462824918937138,0.005564579,0.34753788,0.0012617523,1735,932,3083
2447,CHEMBL3989949,CENOBAMATE,NC(=O)O[C@@H](Cn1ncnn1)c1ccccc1Cl,0.013367997746813326,0.010584851,0.12712392,0.001775362,1512,1684,3050
2448,CHEMBL1689,TOLAZOLINE HYDROCHLORIDE,Cl.c1ccc(CC2=NCCN2)cc1,0.013358321787598194,0.0023222188,0.015748488,0.065179914,2076,2664,2492
2449,CHEMBL58510,CHLOROQUINE PHOSPHATE,CCN(CC)CCCC(C)Nc1ccnc2cc(Cl)ccc12.O=P(O)(O)O.O=P(O)(O)O,0.013277342320461377,0.0099877,0.0773753,0.003028765,1531,1961,2993
2450,CHEMBL1201014,PREDNISOLONE SODIUM PHOSPHATE,C[C@]12C=CC(=O)C=C1CC[C@@H]1[C@@H]2[C@@H](O)C[C@@]2(C)[C@H]1CC[C@]2(O)C(=O)COP(=O)([O-])[O-].[Na+].[Na+],0.013247694078538397,0.0005191574,0.040943764,0.10937902,2573,2272,2299
2451,CHEMBL117785,TETRABENAZINE,COc1cc2c(cc1OC)C1CC(=O)C(CC(C)C)CN1CC2,0.013117239292447602,0.001319088,0.0017113016,0.9998318,2277,3114,16
2452,CHEMBL1201148,MEPREDNISONE,C[C@H]1C[C@H]2[C@@H]3CCC4=CC(=O)C=C[C@]4(C)[C@H]3C(=O)C[C@]2(C)[C@@]1(O)C(=O)CO,0.01308489773615102,7.915654e-05,0.14494953,0.19525737,3045,1610,2000
2453,CHEMBL3707223,SOFPIRONIUM BROMIDE,CCOC(=O)C[N+]1(C)CC[C@@H](OC(=O)[C@](O)(c2ccccc2)C2CCCC2)C1.[Br-],0.013083861067653047,0.00015586684,0.018136546,0.7923175,2912,2615,931
2454,CHEMBL1201321,DIFENOXIN,N#CC(CCN1CCC(C(=O)O)(c2ccccc2)CC1)(c1ccccc1)c1ccccc1,0.013034626754903845,0.00042584032,0.033904914,0.1533862,2637,2369,2124
2455,CHEMBL2311071,VINYL CHLORIDE,C=CCl,0.013029585491342349,0.0036589773,0.35018513,0.0017263719,1904,926,3051
2456,CHEMBL1200699,DOXYCYCLINE,C[C@H]1c2cccc(O)c2C(=O)C2=C(O)[C@]3(O)C(=O)C(C(N)=O)=C(O)[C@@H](N(C)C)[C@@H]3[C@@H](O)[C@@H]21.O,0.013022604478566555,0.00011243023,0.12693103,0.1547543,2970,1686,2120
2457,CHEMBL3989551,LINCOMYCIN HYDROCHLORIDE,CCC[C@@H]1C[C@@H](C(=O)N[C@@H]([C@H]2O[C@H](SC)[C@H](O)[C@@H](O)[C@H]2O)[C@@H](C)O)N(C)C1.Cl.O,0.013011404286596556,0.0017817045,0.001385478,0.8923544,2170,3139,701
2458,CHEMBL506,PRIMAQUINE,COc1cc(NC(C)CCCN)c2ncccc2c1,0.013009457503381842,0.004218944,0.0067987163,0.07676214,1841,2884,2435
2459,CHEMBL1200599,DIFENOXIN HYDROCHLORIDE,Cl.N#CC(CCN1CCC(C(=O)O)(c2ccccc2)CC1)(c1ccccc1)c1ccccc1,0.012967888951965784,0.00043689358,0.03959897,0.12605157,2628,2290,2239
2460,CHEMBL1204187,GEPIRONE HYDROCHLORIDE,CC1(C)CC(=O)N(CCCCN2CCN(c3ncccn3)CC2)C(=O)C1.Cl,0.012909036784402405,0.00056923524,0.012897384,0.29301384,2542,2722,1767
2461,CHEMBL3833401,ALUMINUM CHLORIDE ANHYDROUS,Cl[Al](Cl)Cl,0.012892621256297677,0.01646446,0.0020188834,0.06447108,1356,3086,2495
2462,CHEMBL1697744,ERDOSTEINE,O=C(O)CSCC(=O)NC1CCSC1=O,0.012863658811662546,0.00023832574,0.4475951,0.019954337,2795,718,2728
2463,CHEMBL4297378,DURLOBACTAM SODIUM,CC1=C[C@@H]2CN(C(=O)N2OS(=O)(=O)[O-])[C@@H]1C(N)=O.[Na+],0.012857560634509673,0.0003251096,0.092482865,0.070694335,2708,1863,2457
2464,CHEMBL1201109,DESONIDE,CC1(C)O[C@@H]2C[C@H]3[C@@H]4CCC5=CC(=O)C=C[C@]5(C)[C@H]4[C@@H](O)C[C@]3(C)[C@]2(C(=O)CO)O1,0.01285426617512325,7.180567e-05,0.122652516,0.24116068,3062,1706,1870
2465,CHEMBL658,SUFENTANIL,CCC(=O)N(c1ccccc1)C1(COC)CCN(CCc2cccs2)CC1,0.012842703173599231,0.00019541907,0.046105474,0.2350985,2844,2213,1888
2466,CHEMBL782,TOLBUTAMIDE,CCCCNC(=O)NS(=O)(=O)c1ccc(C)cc1,0.012794573658651576,0.006345367,0.056375697,0.005855026,1687,2125,2921
2467,CHEMBL1520,VARDENAFIL,CCCc1nc(C)c2c(=O)nc(-c3cc(S(=O)(=O)N4CCN(CC)CC4)ccc3OCC)[nH]n12,0.012790105509156489,0.043959033,0.0039999154,0.011899358,1026,2989,2813
2468,CHEMBL251634,FLUOCORTOLONE,C[C@@H]1C[C@H]2[C@@H]3C[C@H](F)C4=CC(=O)C=C[C@]4(C)[C@H]3[C@@H](O)C[C@]2(C)[C@H]1C(=O)CO,0.012748684480040906,0.00011065284,0.019079663,0.9814378,2973,2586,310
2469,CHEMBL599,MELOXICAM,Cc1cnc(NC(=O)C2=C(O)c3ccccc3S(=O)(=O)N2C)s1,0.012743932722947911,0.0025730184,0.043830734,0.018352225,2044,2237,2744
2470,CHEMBL4594251,NETARSUDIL DIMESYLATE,CS(=O)(=O)O.CS(=O)(=O)O.Cc1ccc(C(=O)OCc2ccc([C@@H](CN)C(=O)Nc3ccc4cnccc4c3)cc2)c(C)c1,0.012743546093643126,0.0007581366,0.397192,0.006872631,2465,818,2898
2471,CHEMBL30,CIMETIDINE,CN/C(=N\CCSCc1nc[nH]c1C)NC#N,0.01274053979908893,0.00033444018,0.19319026,0.032008104,2700,1412,2665
2472,CHEMBL2146146,ATROPINE SULFATE,CN1[C@@H]2CC[C@H]1C[C@@H](OC(=O)C(CO)c1ccccc1)C2.O=S(=O)(O)O,0.012705813485676115,0.0020225546,0.03132378,0.032376733,2130,2396,2662
2473,CHEMBL1701,MEPERIDINE HYDROCHLORIDE,CCOC(=O)C1(c2ccccc2)CCN(C)CC1.Cl,0.012698625975974827,0.00019851328,0.074021496,0.13935505,2836,1991,2183
2474,CHEMBL2364574,DOXYCYCLINE CALCIUM,C[C@H]1c2cccc([O-])c2C(=O)C2=C(O)[C@]3(O)C(=O)C(C(N)=O)=C(O)[C@@H](N(C)C)[C@@H]3[C@@H](O)[C@@H]21.C[C@H]1c2cccc([O-])c2C(=O)C2=C(O)[C@]3(O)C(=O)C(C(N)=O)=C(O)[C@@H](N(C)C)[C@@H]3[C@@H](O)[C@@H]21.[Ca+2],0.012686724556164009,0.00010555209,0.1186102,0.16310216,2981,1724,2090
2475,CHEMBL1149,LEVOCARNITINE,C[N+](C)(C)C[C@H](O)CC(=O)[O-],0.012607507161890621,0.0001945974,0.09946671,0.10353157,2845,1816,2318
2476,CHEMBL1581,PERINDOPRIL,CCC[C@H](N[C@@H](C)C(=O)N1[C@H](C(=O)O)C[C@@H]2CCCC[C@@H]21)C(=O)OCC,0.012600971603348264,0.0001888088,0.058194365,0.18209957,2853,2108,2030
2477,CHEMBL2103877,EFINACONAZOLE,C=C1CCN([C@H](C)[C@](O)(Cn2cncn2)c2ccc(F)cc2F)CC1,0.01259303322411347,0.013744408,0.016654814,0.008724191,1412,2646,2867
2478,CHEMBL1722,METHYLPHENIDATE HYDROCHLORIDE,COC(=O)C(c1ccccc1)C1CCCCN1.Cl,0.012579392647988562,0.0010635585,0.050001416,0.037431348,2352,2180,2631
2479,CHEMBL3989566,METOPROLOL FUMARATE,COCCc1ccc(OCC(O)CNC(C)C)cc1.COCCc1ccc(OCC(O)CNC(C)C)cc1.O=C(O)/C=C/C(=O)O,0.012559983165581582,5.716739e-06,0.3790808,0.91429645,3319,851,642
2480,CHEMBL818,IOBENGUANE,N=C(N)NCc1cccc(I)c1,0.012549467680731579,0.010599193,0.005895846,0.03162693,1510,2921,2668
2481,CHEMBL1615779,IOBENGUANE I 131,N=C(N)NCc1cccc([131I])c1,0.012549467680731579,0.010599193,0.005895846,0.03162693,1510,2921,2668
2482,CHEMBL3833382,PRAJMALIUM,CCC[N+]12[C@H](O)[C@@H](CC)[C@@H]3C[C@H]1[C@@H]1N(C)c4ccccc4[C@]14C[C@H]2[C@@H]3[C@H]4O,0.012545542911974078,8.548613e-06,0.24922866,0.92677605,3299,1204,598
2483,CHEMBL3989716,PROPOXYPHENE NAPSYLATE,CCC(=O)O[C@](Cc1ccccc1)(c1ccccc1)[C@H](C)CN(C)C.O.O=S(=O)(O)c1ccc2ccccc2c1,0.01252716700278557,0.013930811,0.014221356,0.009922955,1406,2695,2840
2484,CHEMBL2106829,METHAQUALONE HYDROCHLORIDE,Cc1ccccc1-n1c(C)nc2ccccc2c1=O.Cl,0.012486806054997373,0.018887768,0.07250387,0.0014217144,1312,2004,3068
2485,CHEMBL1909298,PINAVERIUM BROMIDE,COc1cc(Br)c(C[N+]2(CCOCCC3CCC4CC3C4(C)C)CCOCC2)cc1OC.[Br-],0.012473984624134092,0.000300848,0.007899791,0.81668216,2729,2850,883
2486,CHEMBL2106195,DEXMEDETOMIDINE HYDROCHLORIDE,Cc1cccc([C@H](C)c2c[nH]cn2)c1C.Cl,0.012462597556166355,0.34393886,0.021482175,0.00026197894,342,2549,3221
2487,CHEMBL1200790,METHYPRYLON,CCC1(CC)C(=O)NCC(C)C1=O,0.012450376591687464,7.8697194e-05,0.22249098,0.110223964,3048,1290,2294
2488,CHEMBL1201015,ALUMINUM ACETATE,CC(=O)[O-].CC(=O)[O-].CC(=O)[O-].[Al+3],0.012391084403070856,0.0010728708,0.09238848,0.019193875,2345,1864,2737
2489,CHEMBL1201001,MECHLORETHAMINE HYDROCHLORIDE,CN(CCCl)CCCl.Cl,0.012316998822648282,0.00012762038,0.017641174,0.82997954,2949,2626,852
2490,CHEMBL2443262,OLICERIDINE,COc1ccsc1CNCC[C@@]1(c2ccccn2)CCOC2(CCCC2)C1,0.0123125497882059,0.00053137314,0.00373105,0.9414848,2564,3002,539
2491,CHEMBL190461,CANNABIDIOL,C=C(C)[C@@H]1CCC(C)=C[C@H]1c1c(O)cc(CCCCC)cc1O,0.01230936241776749,0.001738779,0.003676098,0.29179335,2184,3006,1770
2492,CHEMBL1200833,DIPIVEFRIN HYDROCHLORIDE,CNCC(O)c1ccc(OC(=O)C(C)(C)C)c(OC(=O)C(C)(C)C)c1.Cl,0.012265986658573431,0.016801551,0.013004151,0.008446489,1349,2720,2870
2493,CHEMBL3545181,TIOTROPIUM BROMIDE,C[N+]1(C)[C@@H]2C[C@@H](OC(=O)C(O)(c3cccs3)c3cccs3)C[C@H]1[C@@H]1O[C@@H]12.O.[Br-],0.01226549585002922,0.00021948201,0.022728702,0.36989775,2818,2526,1618
2494,CHEMBL1089221,BENDAZAC,O=C(O)COc1nn(Cc2ccccc2)c2ccccc12,0.012228030721536935,0.010021714,0.021857277,0.00834702,1528,2543,2872
2495,CHEMBL3545057,ACETYLDIGITOXIN,CC(=O)O[C@H]1C[C@H](O[C@H]2[C@@H](O)C[C@H](O[C@H]3[C@@H](O)C[C@H](O[C@H]4CC[C@@]5(C)[C@H](CC[C@@H]6[C@@H]5CC[C@]5(C)[C@@H](C7=CC(=O)OC7)CC[C@]65O)C4)O[C@@H]3C)O[C@@H]2C)O[C@H](C)[C@H]1O,0.012211688797570213,0.00011801436,0.015879886,0.9717288,2961,2661,400
2496,CHEMBL1161,MOMETASONE FUROATE,C[C@@H]1C[C@H]2[C@@H]3CCC4=CC(=O)C=C[C@]4(C)[C@@]3(Cl)[C@@H](O)C[C@]2(C)[C@@]1(OC(=O)c1ccco1)C(=O)CCl,0.012196533642485673,0.00032436382,0.043580897,0.12834547,2709,2240,2225
2497,CHEMBL1433,DOXYCYCLINE ANHYDROUS,C[C@H]1c2cccc(O)c2C(=O)C2=C(O)[C@]3(O)C(=O)C(C(N)=O)=C(O)[C@@H](N(C)C)[C@@H]3[C@@H](O)[C@@H]21,0.012168671674191766,0.00010358885,0.11110551,0.1565601,2986,1768,2110
2498,CHEMBL1504,TRIAMCINOLONE ACETONIDE,CC1(C)O[C@@H]2C[C@H]3[C@@H]4CCC5=CC(=O)C=C[C@]5(C)[C@@]4(F)[C@@H](O)C[C@]3(C)[C@]2(C(=O)CO)O1,0.012149036001962682,6.497263e-05,0.1977543,0.13956259,3085,1389,2182
2499,CHEMBL1650559,PLAZOMICIN,CN[C@@H]1[C@@H](O)[C@@H](O[C@@H]2[C@@H](O)[C@H](O[C@H]3OC(CNCCO)=CC[C@H]3N)[C@@H](N)C[C@H]2NC(=O)[C@@H](O)CCN)OC[C@]1(C)O,0.012112881094595747,0.0006608089,0.0027530955,0.9768891,2502,3042,357
2500,CHEMBL1476022,NOMEGESTROL ACETATE,CC(=O)O[C@]1(C(C)=O)CC[C@H]2[C@@H]3C=C(C)C4=CC(=O)CC[C@@H]4[C@H]3CC[C@@]21C,0.012099020613561863,0.0001153694,0.0765695,0.2004953,2966,1972,1983
2501,CHEMBL778,DEXMEDETOMIDINE,Cc1cccc([C@H](C)c2c[nH]cn2)c1C,0.012095291600446414,0.38960215,0.0112269735,0.0004045432,314,2756,3186
2502,CHEMBL1200909,PREDNISOLONE TEBUTATE,CC(C)(C)CC(=O)OCC(=O)[C@@]1(O)CC[C@H]2[C@@H]3CCC4=CC(=O)C=C[C@]4(C)[C@H]3[C@@H](O)C[C@@]21C,0.012049188626254936,0.0002197115,0.03476535,0.22902021,2817,2360,1902
2503,CHEMBL607,MEPERIDINE,CCOC(=O)C1(c2ccccc2)CCN(C)CC1,0.011975467606621248,0.00017756168,0.064213894,0.1506257,2882,2055,2131
2504,CHEMBL1597,DIMERCAPROL,OCC(S)CS,0.011962314862098505,3.381553e-05,0.052297488,0.96794003,3190,2158,431
2505,CHEMBL3989756,TALC,O.O=[Mg].O=[Mg].O=[Mg].O=[Si]=O.O=[Si]=O.O=[Si]=O.O=[Si]=O,0.011944384478068108,0.0027995182,0.44123396,0.001379555,2013,730,3073
2506,CHEMBL1200614,IOVERSOL,O=C(NCC(O)CO)c1c(I)c(C(=O)NCC(O)CO)c(I)c(N(CCO)C(=O)CO)c1I,0.011911622074257786,0.022436049,0.0013625128,0.05528734,1251,3142,2548
2507,CHEMBL1201262,DIPIVEFRIN,CNCC(O)c1ccc(OC(=O)C(C)(C)C)c(OC(=O)C(C)(C)C)c1,0.011896143987561371,0.016231628,0.0125049185,0.008294226,1360,2730,2873
2508,CHEMBL1297,FENOPROFEN,CC(C(=O)O)c1cccc(Oc2ccccc2)c1,0.011882820079025271,0.0057076765,0.42928725,0.0006847803,1723,749,3133
2509,CHEMBL2105827,"GLYCEROL, IODINATED",CC(I)C1OCC(CO)O1,0.011850330371737357,0.08755573,0.00089408003,0.021258393,751,3173,2722
2510,CHEMBL1200550,ANTAZOLINE PHOSPHATE,O=P(O)(O)O.c1ccc(CN(CC2=NCCN2)c2ccccc2)cc1,0.011846241869979875,0.0051815906,0.0749448,0.004280921,1759,1986,2950
2511,CHEMBL254219,DIGITOXIN,C[C@H]1O[C@@H](O[C@H]2[C@@H](O)C[C@H](O[C@H]3[C@@H](O)C[C@H](O[C@H]4CC[C@@]5(C)[C@H](CC[C@@H]6[C@@H]5CC[C@]5(C)[C@@H](C7=CC(=O)OC7)CC[C@]65O)C4)O[C@@H]3C)O[C@@H]2C)C[C@H](O)[C@@H]1O,0.011781492621716103,0.00041844172,0.0039339084,0.9934402,2644,2992,161
2512,CHEMBL796,METHYLPHENIDATE,COC(=O)C(c1ccccc1)C1CCCCN1,0.01177255556324629,0.0009561891,0.0440257,0.03875807,2387,2234,2622
2513,CHEMBL704,MESALAMINE,Nc1ccc(O)c(C(=O)O)c1,0.011744483235136927,0.0020207767,0.5498695,0.0014578868,2131,568,3064
2514,CHEMBL4297517,MAVACAMTEN,CC(C)n1c(=O)cc(N[C@@H](C)c2ccccc2)[nH]c1=O,0.011711700200704472,0.0055085267,0.036219813,0.008051527,1738,2337,2878
2515,CHEMBL1200863,MELPHALAN HYDROCHLORIDE,Cl.N[C@@H](Cc1ccc(N(CCCl)CCCl)cc1)C(=O)O,0.011698909673820012,2.8183878e-05,0.19010434,0.29884335,3211,1426,1755
2516,CHEMBL956,SUPROFEN,CC(C(=O)O)c1ccc(C(=O)c2cccs2)cc1,0.011694430551320488,0.009621917,0.26410776,0.000629353,1548,1166,3144
2517,CHEMBL1200865,LOTEPREDNOL ETABONATE,CCOC(=O)O[C@]1(C(=O)OCCl)CC[C@H]2[C@@H]3CCC4=CC(=O)C=C[C@]4(C)[C@H]3[C@@H](O)C[C@@]21C,0.01168467417125744,7.66898e-05,0.102696195,0.20256186,3054,1798,1974
2518,CHEMBL282052,METHAQUALONE,Cc1ccccc1-n1c(C)nc2ccccc2c1=O,0.011678135769569602,0.018361278,0.06736069,0.0012876893,1318,2040,3082
2519,CHEMBL1650,CORTISONE ACETATE,CC(=O)OCC(=O)[C@@]1(O)CC[C@H]2[C@@H]3CCC4=CC(=O)CC[C@]4(C)[C@H]3C(=O)C[C@@]21C,0.011650828392392586,7.77885e-05,0.14208238,0.14309187,3049,1620,2164
2520,CHEMBL279516,INDORAMIN,O=C(NC1CCN(CCc2c[nH]c3ccccc23)CC1)c1ccccc1,0.01164576422251313,0.0005217603,0.032565624,0.09295519,2569,2383,2364
2521,CHEMBL3184986,ZINC ACETATE,CC(=O)[O-].CC(=O)[O-].O.O.[Zn+2],0.011597127145666443,0.0016470427,0.08431536,0.011231553,2204,1912,2820
2522,CHEMBL1239,BENZYL BENZOATE,O=C(OCc1ccccc1)c1ccccc1,0.011573180989777093,0.0030045744,0.14999282,0.0034395761,1984,1593,2983
2523,CHEMBL2107175,RANELIC ACID,N#Cc1c(N(CC(=O)O)CC(=O)O)sc(C(=O)O)c1CC(=O)O,0.011547491847728283,0.0037229096,0.058884967,0.007023864,1890,2097,2893
2524,CHEMBL524004,MEPENZOLATE,C[N+]1(C)CCCC(OC(=O)C(O)(c2ccccc2)c2ccccc2)C1,0.01144247939929878,0.0008879107,0.006153555,0.27419853,2416,2911,1812
2525,CHEMBL157101,KETOCONAZOLE,CC(=O)N1CCN(c2ccc(OCC3COC(Cn4ccnc4)(c4ccc(Cl)cc4Cl)O3)cc2)CC1,0.011422342847265392,0.00046228067,0.07323801,0.044017304,2615,1999,2600
2526,CHEMBL396778,SAFINAMIDE,C[C@H](NCc1ccc(OCc2cccc(F)c2)cc1)C(N)=O,0.011389839406664977,0.0002591879,0.07727769,0.07377072,2769,1963,2445
2527,CHEMBL139367,PERAMIVIR ANHYDROUS,CCC(CC)[C@H](NC(C)=O)[C@@H]1[C@H](O)[C@@H](C(=O)O)C[C@H]1NC(=N)N,0.011351273667347672,0.0005134242,0.0047228076,0.60319424,2575,2967,1238
2528,CHEMBL635,PREDNISONE,C[C@]12C=CC(=O)C=C1CC[C@@H]1[C@@H]2C(=O)C[C@@]2(C)[C@H]1CC[C@]2(O)C(=O)CO,0.011351217059573059,7.131591e-05,0.11778336,0.17412336,3063,1729,2054
2529,CHEMBL451887,CARFILZOMIB,CC(C)C[C@H](NC(=O)[C@H](CCc1ccccc1)NC(=O)CN1CCOCC1)C(=O)N[C@@H](Cc1ccccc1)C(=O)N[C@@H](CC(C)C)C(=O)[C@@]1(C)CO1,0.011264167286426362,4.23202e-05,0.05168155,0.6534523,3157,2164,1165
2530,CHEMBL1201012,FLURANDRENOLIDE,CC1(C)O[C@@H]2C[C@H]3[C@@H]4C[C@H](F)C5=CC(=O)CC[C@]5(C)[C@H]4[C@@H](O)C[C@]3(C)[C@]2(C(=O)CO)O1,0.011256989098881467,4.2036587e-05,0.050770037,0.66839284,3159,2172,1139
2531,CHEMBL1639,ALISKIREN,COCCCOc1cc(C[C@@H](C[C@H](N)[C@@H](O)C[C@H](C(=O)NCC(C)(C)C(N)=O)C(C)C)C(C)C)ccc1OC,0.01118451776248856,9.8443124e-05,0.027619455,0.5145779,2992,2447,1370
2532,CHEMBL2105613,DIVALPROEX SODIUM,CCCC(CCC)C(=O)O.CCCC(CCC)C(=O)[O-].[Na+],0.011161669065282395,0.0016202359,0.053143572,0.016149478,2212,2146,2766
2533,CHEMBL1909289,XENAZOIC ACID,CCOC(Nc1ccc(C(=O)O)cc1)C(=O)c1ccc(-c2ccccc2)cc1,0.011136099915025682,0.0025067877,0.16501394,0.0033385756,2056,1523,2984
2534,CHEMBL1200323,LABETALOL HYDROCHLORIDE,CC(CCc1ccccc1)NCC(O)c1ccc(O)c(C(N)=O)c1.Cl,0.011111402602411785,0.0011685849,0.086363025,0.013593097,2317,1898,2791
2535,CHEMBL1201770,METHYLNALTREXONE BROMIDE,C[N+]1(CC2CC2)CC[C@]23c4c5ccc(O)c4O[C@H]2C(=O)CC[C@@]3(O)[C@H]1C5.[Br-],0.01110409364358456,6.078213e-06,0.2825143,0.79732025,3317,1107,918
2536,CHEMBL3301611,AMIFAMPRIDINE PHOSPHATE,Nc1ccncc1N.O=P(O)(O)O,0.011093218398188852,0.003544512,0.5285461,0.00072867447,1912,596,3125
2537,CHEMBL2364639,VALBENAZINE,COc1cc2c(cc1OC)[C@H]1C[C@@H](OC(=O)[C@@H](N)C(C)C)[C@H](CC(C)C)CN1CC2,0.011050570943745244,0.0017567956,0.0007681403,0.99998283,2177,3187,2
2538,CHEMBL684,DIETHYLCARBAMAZINE,CCN(CC)C(=O)N1CCN(C)CC1,0.011021843117138596,0.00015778432,0.050027627,0.16962455,2906,2179,2069
2539,CHEMBL4303525,OMAVELOXOLONE,CC1(C)CC[C@]2(NC(=O)C(C)(F)F)CC[C@]3(C)[C@H](C(=O)C=C4[C@@]5(C)C=C(C#N)C(=O)C(C)(C)[C@@H]5CC[C@]43C)[C@@H]2C1,0.010990422019667379,1.24398175e-05,0.1268026,0.84159076,3278,1687,834
2540,CHEMBL18442,PLERIXAFOR,c1cc(CN2CCCNCCNCCCNCC2)ccc1CN1CCCNCCNCCCNCC1,0.010989602435717392,0.0008900859,0.005670083,0.26298124,2414,2932,1834
2541,CHEMBL1200358,SODIUM PHENYLACETATE,O=C([O-])Cc1ccccc1.[Na+],0.01095326995901268,0.003299095,0.28351292,0.0014049588,1941,1105,3069
2542,CHEMBL284092,GEPIRONE,CC1(C)CC(=O)N(CCCCN2CCN(c3ncccn3)CC2)C(=O)C1,0.010949385226273776,0.00050658983,0.009211528,0.28130746,2580,2817,1795
2543,CHEMBL1200691,MAGNESIUM ACETATE,CC(=O)[O-].CC(=O)[O-].[Mg+2],0.010943009976502169,0.0010749609,0.0831778,0.01465583,2344,1920,2779
2544,CHEMBL3301605,RELEBACTAM,O.O=C(NC1CCNCC1)[C@@H]1CC[C@@H]2CN1C(=O)N2OS(=O)(=O)O,0.010930329679743467,0.0001469634,0.06781586,0.13102654,2921,2038,2217
2545,CHEMBL1315867,TERBUTALINE SULFATE,CC(C)(C)NCC(O)c1cc(O)cc(O)c1.CC(C)(C)NCC(O)c1cc(O)cc(O)c1.O=S(=O)(O)O,0.01089255347542245,0.0015883786,0.05030181,0.016175264,2222,2176,2765
2546,CHEMBL26,SULPIRIDE,CCN1CCCC1CNC(=O)c1cc(S(N)(=O)=O)ccc1OC,0.010848694066808658,0.005694378,0.018230144,0.012299738,1725,2610,2806
2547,CHEMBL508102,CARBIMAZOLE,CCOC(=O)n1ccn(C)c1=S,0.010829890356609789,0.0027055873,0.3345819,0.0014031635,2028,976,3070
2548,CHEMBL1092,TRIHEXYPHENIDYL HYDROCHLORIDE,Cl.OC(CCN1CCCCC1)(c1ccccc1)C1CCCCC1,0.010804346106288294,0.0002048666,0.007944613,0.77491075,2830,2849,968
2549,CHEMBL1200468,MALATHION,CCOC(=O)CC(SP(=S)(OC)OC)C(=O)OCC,0.010766587425642748,0.047071278,0.006571249,0.0040348764,1002,2894,2957
2550,CHEMBL429,LABETALOL,CC(CCc1ccccc1)NCC(O)c1ccc(O)c(C(N)=O)c1,0.010764642705455768,0.0010148039,0.08671275,0.014175351,2360,1895,2787
2551,CHEMBL1447,LINCOMYCIN,CCC[C@@H]1C[C@@H](C(=O)N[C@@H]([C@H]2O[C@H](SC)[C@H](O)[C@@H](O)[C@H]2O)[C@@H](C)O)N(C)C1,0.01074751907821725,0.0016668537,0.0008014995,0.92923194,2197,3182,587
2552,CHEMBL4297212,SOLRIAMFETOL HYDROCHLORIDE,Cl.NC(=O)OC[C@H](N)Cc1ccccc1,0.010739867409476668,7.345042e-05,0.07973744,0.21151452,3059,1945,1950
2553,CHEMBL3989833,ZIPRASIDONE MESYLATE,CS(=O)(=O)O.O.O.O.O=C1Cc2cc(CCN3CCN(c4nsc5ccccc45)CC3)c(Cl)cc2N1,0.010738454463526342,0.0051340866,0.00024221136,0.9957898,1766,3259,113
2554,CHEMBL2110372,RANITIDINE HYDROCHLORIDE,CNC(=C[N+](=O)[O-])NCCSCc1ccc(CN(C)C)o1.Cl,0.010685053792824098,0.0008674783,0.080650575,0.01743669,2419,1942,2754
2555,CHEMBL4298137,DURLOBACTAM,CC1=C[C@@H]2CN(C(=O)N2OS(=O)(=O)O)[C@@H]1C(N)=O,0.010664106602725184,0.0002528141,0.07774165,0.06170472,2775,1958,2510
2556,CHEMBL761,NAPHAZOLINE,c1ccc2c(CC3=NCCN3)cccc2c1,0.010662757456854275,0.0043358966,0.006296379,0.04440571,1827,2907,2597
2557,CHEMBL43708,IMIPENEM,C[C@@H](O)[C@H]1C(=O)N2C(C(=O)O)=C(SCCNC=N)C[C@H]12.O,0.01061744692982162,6.106042e-05,0.113952816,0.17201862,3094,1757,2061
2558,CHEMBL636,RIVASTIGMINE,CCN(C)C(=O)Oc1cccc([C@H](C)N(C)C)c1,0.010579856784583124,0.0061754123,0.52003765,0.0003687557,1693,611,3191
2559,CHEMBL3833388,PRAJMALIUM BITARTRATE,CCC[N+]12[C@H](O)[C@@H](CC)[C@@H]3C[C@H]1[C@@H]1N(C)c4ccccc4[C@]14C[C@H]2[C@@H]3[C@H]4O.O=C([O-])C(O)C(O)C(=O)O,0.01051489958960942,1.920415e-05,0.5099838,0.11870359,3251,622,2271
2560,CHEMBL1200828,CYCRIMINE HYDROCHLORIDE,Cl.OC(CCN1CCCCC1)(c1ccccc1)C1CCCC1,0.010494183807324892,0.00019751904,0.0075813807,0.7717715,2839,2861,978
2561,CHEMBL2355839,ISOMETHEPTENE MUCATE,CNC(C)CCC=C(C)C.CNC(C)CCC=C(C)C.O=C(O)[C@@H](O)[C@H](O)[C@H](O)[C@@H](O)C(=O)O,0.010426100996028354,0.00041095744,0.15428704,0.017874727,2650,1572,2751
2562,CHEMBL4297223,MITAPIVAT SULFATE,O.O.O.O=C(c1ccc(NS(=O)(=O)c2cccc3cccnc23)cc1)N1CCN(CC2CC2)CC1.O=C(c1ccc(NS(=O)(=O)c2cccc3cccnc23)cc1)N1CCN(CC2CC2)CC1.O=S(=O)(O)O,0.010420952982026778,0.0026188726,0.0356376,0.012125492,2042,2349,2809
2563,CHEMBL3989844,DEXTROAMPHETAMINE SACCHARATE,C[C@H](N)Cc1ccccc1.O=C(O)[C@@H](O)[C@@H](O)[C@H](O)[C@@H](O)C(=O)O,0.010404531058691893,0.000676682,0.20237955,0.008224632,2495,1370,2874
2564,CHEMBL5315056,NALOXONE HYDROCHLORIDE DIHYDRATE,C=CCN1CC[C@]23c4c5ccc(O)c4O[C@H]2C(=O)CC[C@@]3(O)[C@H]1C5.Cl.O.O,0.010394496879849476,2.4914192e-05,0.71050245,0.06344509,3230,348,2502
2565,CHEMBL1607480,OXYTETRACYCLINE HYDROCHLORIDE,CN(C)[C@@H]1C(O)=C(C(N)=O)C(=O)[C@@]2(O)C(O)=C3C(=O)c4c(O)cccc4[C@@](C)(O)[C@H]3[C@H](O)[C@@H]12.Cl,0.010312477562180278,6.0187645e-05,0.11827644,0.15405768,3096,1726,2121
2566,CHEMBL2103744,MORPHINE SULFATE,CN1CC[C@]23c4c5ccc(O)c4O[C@H]2[C@@H](O)C=C[C@H]3[C@H]1C5.CN1CC[C@]23c4c5ccc(O)c4O[C@H]2[C@@H](O)C=C[C@H]3[C@H]1C5.O.O.O.O.O.O=S(=O)(O)O,0.010288101497365757,2.830352e-05,0.24058425,0.15991831,3210,1227,2102
2567,CHEMBL770,TOLAZOLINE,c1ccc(CC2=NCCN2)cc1,0.010261487542411893,0.0017812923,0.008954527,0.067741245,2171,2824,2472
2568,CHEMBL703,SUXAMETHONIUM,C[N+](C)(C)CCOC(=O)CCC(=O)OCC[N+](C)(C)C,0.010254065826765892,0.00061032147,0.020898476,0.08453079,2530,2562,2402
2569,CHEMBL118,CELECOXIB,Cc1ccc(-c2cc(C(F)(F)F)nn2-c2ccc(S(N)(=O)=O)cc2)cc1,0.010214345526643931,0.0051777745,0.01117115,0.018424284,1760,2757,2741
2570,CHEMBL3989677,HYDROCODONE BITARTRATE,COc1ccc2c3c1O[C@H]1C(=O)CC[C@H]4[C@@H](C2)N(C)CC[C@]314.O.O.O=C(O)C(O)C(O)C(=O)O,0.010209674694473746,5.449867e-05,0.8445085,0.023123082,3118,185,2709
2571,CHEMBL499915,CARBENOXOLONE,CC1(C)[C@@H](OC(=O)CCC(=O)O)CC[C@]2(C)[C@H]3C(=O)C=C4[C@@H]5C[C@@](C)(C(=O)O)CC[C@]5(C)CC[C@@]4(C)[C@]3(C)CC[C@@H]12,0.010202812979603803,8.262372e-06,0.15548646,0.826728,3300,1561,862
2572,CHEMBL1761,PROCYCLIDINE HYDROCHLORIDE,Cl.OC(CCN1CCCC1)(c1ccccc1)C1CCCCC1,0.010198824545525988,0.00018696822,0.0074011227,0.7666285,2857,2867,992
2573,CHEMBL817,TOLAZAMIDE,Cc1ccc(S(=O)(=O)NC(=O)NN2CCCCCC2)cc1,0.01017249580442461,0.0009246701,0.079367094,0.014343501,2400,1951,2785
2574,CHEMBL979,MEPROBAMATE,CCCC(C)(COC(N)=O)COC(N)=O,0.010160873885834745,4.682674e-05,0.095661856,0.23418576,3145,1845,1889
2575,CHEMBL276520,INDALPINE,c1ccc2c(CCC3CCNCC3)c[nH]c2c1,0.010160232740181983,0.00040587547,0.012200177,0.21181269,2653,2735,1948
2576,CHEMBL127,MEROPENEM,C[C@@H](O)[C@H]1C(=O)N2C(C(=O)O)=C(S[C@@H]3CN[C@H](C(=O)N(C)C)C3)[C@H](C)[C@H]12,0.010109496953559003,4.0493356e-05,0.04662331,0.54727,3163,2207,1327
2577,CHEMBL3,NICOTINE,CN1CCC[C@H]1c1cccnc1,0.010075520153158546,0.00096456055,0.0015512288,0.6835924,2384,3122,1113
2578,CHEMBL904,DEXMETHYLPHENIDATE HYDROCHLORIDE,COC(=O)[C@H](c1ccccc1)[C@H]1CCCCN1.Cl,0.010051975703800653,0.00080622465,0.03421315,0.036821805,2445,2364,2635
2579,CHEMBL25105,HEXAMIDINE,N=C(N)c1ccc(OCCCCCCOc2ccc(C(=N)N)cc2)cc1,0.010041852068636933,5.597869e-05,0.21862283,0.082741484,3113,1307,2406
2580,CHEMBL1237082,MECAMYLAMINE HYDROCHLORIDE,CNC1(C)C2CCC(C2)C1(C)C.Cl,0.010016602888830833,8.215871e-06,0.30838674,0.39665434,3301,1041,1571
2581,CHEMBL3112741,RELEBACTAM ANHYDROUS,O=C(NC1CCNCC1)[C@@H]1CC[C@@H]2CN1C(=O)N2OS(=O)(=O)O,0.009999164135671222,0.0001343776,0.0582572,0.12770699,2941,2106,2228
2582,CHEMBL267936,MECAMYLAMINE,CNC1(C)C2CCC(C2)C1(C)C,0.009974622156754537,6.051007e-06,0.33279032,0.49282286,3318,981,1405
2583,CHEMBL659,GALANTAMINE,COc1ccc2c3c1O[C@H]1C[C@@H](O)C=C[C@@]31CCN(C)C2,0.009950950388902592,5.312977e-05,0.029700596,0.62444,3124,2421,1210
2584,CHEMBL3833389,DEXTROMORAMIDE,C[C@@H](CC(C(=O)N1CCCC1)(c1ccccc1)c1ccccc1)N1CCOCC1,0.009946459287820557,0.00041999607,0.023226094,0.100875124,2642,2516,2331
2585,CHEMBL1200774,FLUPREDNISOLONE,C[C@]12C=CC(=O)C=C1[C@@H](F)C[C@@H]1[C@@H]2[C@@H](O)C[C@@]2(C)[C@H]1CC[C@]2(O)C(=O)CO,0.009945361380639754,5.78557e-05,0.025577702,0.6647435,3105,2476,1146
2586,CHEMBL485,CODEINE,COc1ccc2c3c1O[C@H]1[C@@H](O)C=C[C@H]4[C@@H](C2)N(C)CC[C@@]341,0.009933211481220606,5.078804e-06,0.39945114,0.4831075,3324,815,1420
2587,CHEMBL2106732,NOSCAPINE HYDROCHLORIDE,COc1ccc2c(c1OC)C(=O)O[C@@H]2[C@H]1c2c(cc3c(c2OC)OCO3)CCN1C.Cl,0.009907936319465117,0.0004315659,0.0023892247,0.9432907,2633,3064,530
2588,CHEMBL1697768,SODIUM PICOSULFATE,O=S(=O)([O-])Oc1ccc(C(c2ccc(OS(=O)(=O)[O-])cc2)c2ccccn2)cc1.[Na+].[Na+],0.009876037085728711,0.0066766087,0.17365783,0.0008308027,1673,1487,3116
2589,CHEMBL3291398,LEFAMULIN,C=C[C@]1(C)C[C@@H](OC(=O)CS[C@@H]2CC[C@@H](N)C[C@H]2O)[C@]2(C)[C@H](C)CC[C@]3(CCC(=O)[C@H]32)[C@@H](C)[C@@H]1O,0.009835572291991107,5.9121827e-05,0.028794266,0.5589141,3101,2432,1311
2590,CHEMBL1746,SODIUM PHENYLBUTYRATE,O=C([O-])CCCc1ccccc1.[Na+],0.00981400883100398,0.0012452423,0.046387047,0.016363973,2293,2208,2762
2591,CHEMBL3707224,SOFPIRONIUM,CCOC(=O)C[N+]1(C)CC[C@@H](OC(=O)[C@](O)(c2ccccc2)C2CCCC2)C1,0.009807673512056029,9.7711396e-05,0.014505911,0.66559124,2996,2691,1143
2592,CHEMBL294199,CAPSAICIN,COc1cc(CNC(=O)CCCC/C=C/C(C)C)ccc1O,0.009802558868935529,9.427741e-05,0.12188229,0.08197288,3002,1711,2413
2593,CHEMBL727,THIOGUANINE,Nc1nc2[nH]cnc2c(=S)[nH]1,0.009791021887428619,0.0059303553,0.06125204,0.0025839426,1708,2079,3013
2594,CHEMBL148,IMIPENEM ANHYDROUS,C[C@@H](O)[C@H]1C(=O)N2C(C(=O)O)=C(SCCNC=N)C[C@H]12,0.00976664458964879,5.1579656e-05,0.100234166,0.18019466,3129,1810,2037
2595,CHEMBL1658,RETAPAMULIN,C=C[C@]1(C)C[C@@H](OC(=O)CS[C@@H]2C[C@H]3CC[C@@H](C2)N3C)[C@]2(C)[C@H](C)CC[C@]3(CCC(=O)[C@H]32)[C@@H](C)[C@@H]1O,0.009758528311717378,6.483875e-05,0.027278338,0.52541256,3086,2452,1355
2596,CHEMBL295698,LEVOKETOCONAZOLE,CC(=O)N1CCN(c2ccc(OC[C@@H]3CO[C@@](Cn4ccnc4)(c4ccc(Cl)cc4Cl)O3)cc2)CC1,0.009754286652370976,0.0005538677,0.03822225,0.04383937,2555,2311,2601
2597,CHEMBL403,SULBACTAM,CC1(C)[C@H](C(=O)O)N2C(=O)C[C@H]2S1(=O)=O,0.009734303860892855,0.0006544034,0.009904009,0.14231746,2505,2797,2165
2598,CHEMBL454950,TETRACYCLINE HYDROCHLORIDE,CN(C)[C@@H]1C(O)=C(C(N)=O)C(=O)[C@@]2(O)C(O)=C3C(=O)c4c(O)cccc4[C@@](C)(O)[C@H]3C[C@@H]12.Cl,0.009720423159361417,5.821449e-05,0.11597424,0.13603882,3104,1741,2196
2599,CHEMBL3188576,DIHYDROSTREPTOMYCIN SULFATE,CN[C@@H]1[C@H](O[C@H]2[C@H](O[C@H]3[C@H](O)[C@@H](O)[C@H](NC(=N)N)[C@@H](O)[C@@H]3NC(=N)N)O[C@@H](C)[C@]2(O)CO)O[C@@H](CO)[C@H](O)[C@H]1O.CN[C@@H]1[C@H](O[C@H]2[C@H](O[C@H]3[C@H](O)[C@@H](O)[C@H](NC(=N)N)[C@@H](O)[C@@H]3NC(=N)N)O[C@@H](C)[C@]2(O)CO)O[C@@H](CO)[C@H](O)[C@H]1O.O=S(=O)(O)O.O=S(=O)(O)O.O=S(=O)(O)O,0.009710802065209103,0.0001830991,0.01454924,0.3437469,2866,2690,1660
2600,CHEMBL1900528,TIOTROPIUM,C[N+]1(C)[C@@H]2C[C@@H](OC(=O)C(O)(c3cccs3)c3cccs3)C[C@H]1[C@@H]1O[C@@H]12,0.009699680258935505,0.0002010381,0.013688017,0.33162972,2832,2709,1685
2601,CHEMBL983,SUCCINYLCHOLINE CHLORIDE,C[N+](C)(C)CCOC(=O)CCC(=O)OCC[N+](C)(C)C.[Cl-].[Cl-],0.009694709092254455,0.001057566,0.016826823,0.051202927,2354,2642,2567
2602,CHEMBL2107817,AVIBACTAM SODIUM,NC(=O)[C@@H]1CC[C@@H]2CN1C(=O)N2OS(=O)(=O)[O-].[Na+],0.009665531613570269,0.00018908517,0.062174063,0.07680868,2852,2074,2434
2603,CHEMBL6466,COUMARIN,O=c1ccc2ccccc2o1,0.009660779485816668,0.021124195,0.05018167,0.00085057254,1267,2177,3114
2604,CHEMBL710,FINASTERIDE,CC(C)(C)NC(=O)[C@H]1CC[C@H]2[C@@H]3CC[C@H]4NC(=O)C=C[C@]4(C)[C@H]3CC[C@]12C,0.009645424022473384,0.000542701,0.010301988,0.16050269,2562,2784,2099
2605,CHEMBL852,MELPHALAN,N[C@@H](Cc1ccc(N(CCCl)CCCl)cc1)C(=O)O,0.00961091910788144,1.403679e-05,0.19609512,0.3225227,3271,1397,1706
2606,CHEMBL2096646,AMINOSALICYLATE SODIUM,Nc1ccc(C(=O)[O-])c(O)c1.O.O.[Na+],0.009591843646327296,0.0044410876,0.2718488,0.0007309529,1818,1134,3124
2607,CHEMBL2107703,FENTICONAZOLE NITRATE,Clc1ccc(C(Cn2ccnc2)OCc2ccc(Sc3ccccc3)cc2)c(Cl)c1.O=[N+]([O-])O,0.009572929292045682,0.021098385,0.09202438,0.00045183775,1269,1866,3177
2608,CHEMBL1790041,RANITIDINE,CNC(=C[N+](=O)[O-])NCCSCc1ccc(CN(C)C)o1,0.009565372325371817,0.0006484591,0.07024366,0.019213915,2508,2018,2736
2609,CHEMBL1201329,TRIMETHAPHAN,O=C1N(Cc2ccccc2)C2C[S+]3CCCC3C2N1Cc1ccccc1,0.009526731574081439,2.7932305e-05,0.15480591,0.19995733,3214,1565,1987
2610,CHEMBL1200853,DYDROGESTERONE,CC(=O)[C@H]1CC[C@H]2[C@@H]3C=CC4=CC(=O)CC[C@@]4(C)[C@@H]3CC[C@]12C,0.009520694914732175,5.0828137e-05,0.030618232,0.55452543,3132,2407,1315
2611,CHEMBL1201348,MENADIOL DIPHOSPHORIC ACID,Cc1cc(OP(=O)(O)O)c2ccccc2c1OP(=O)(O)O,0.009519946819438132,0.01196164,0.017830918,0.004045195,1463,2621,2956
2612,CHEMBL1909324,PINAVERIUM,COc1cc(Br)c(C[N+]2(CCOCCC3CCC4CC3C4(C)C)CCOCC2)cc1OC,0.009515090736925585,0.00019849377,0.0066957907,0.6481715,2837,2889,1169
2613,CHEMBL1683,HYDROCORTISONE BUTYRATE,CCCC(=O)O[C@]1(C(=O)CO)CC[C@H]2[C@@H]3CCC4=CC(=O)CC[C@]4(C)[C@H]3[C@@H](O)C[C@@]21C,0.009503033442343828,5.7542566e-05,0.049194984,0.30316326,3107,2189,1747
2614,CHEMBL1595,DIHYDROCODEINE,COc1ccc2c3c1O[C@H]1[C@@H](O)CC[C@H]4[C@@H](C2)N(C)CC[C@@]341,0.009474927355838688,3.8482403e-06,0.38868025,0.5686866,3335,834,1293
2615,CHEMBL1607,TOPOTECAN HYDROCHLORIDE,CC[C@@]1(O)C(=O)OCc2c1cc1n(c2=O)Cc2cc3c(CN(C)C)c(O)ccc3nc2-1.Cl,0.009453812592336784,0.0040438846,0.00020899823,0.99972266,1860,3267,28
2616,CHEMBL1100,PARAMETHADIONE,CCC1(C)OC(=O)N(C)C1=O,0.00942786861862775,8.308049e-05,0.058149442,0.1734586,3037,2109,2056
2617,CHEMBL1571,TESTOLACTONE,C[C@]12C=CC(=O)C=C1CC[C@@H]1[C@@H]2CC[C@]2(C)OC(=O)CC[C@@H]12,0.00941052742408306,8.4097825e-05,0.020257436,0.48918438,3034,2571,1410
2618,CHEMBL1200935,DARIFENACIN HYDROBROMIDE,Br.NC(=O)C(c1ccccc1)(c1ccccc1)[C@@H]1CCN(CCc2ccc3c(c2)CCO3)C1,0.009403497721014054,0.00030406608,0.0054021375,0.5062147,2723,2943,1381
2619,CHEMBL3181947,BROMFENAC SODIUM,Nc1c(CC(=O)[O-])cccc1C(=O)c1ccc(Br)cc1.Nc1c(CC(=O)[O-])cccc1C(=O)c1ccc(Br)cc1.O.O.O.[Na+].[Na+],0.009365875788495693,0.016887603,0.083280146,0.00058416504,1345,1919,3151
2620,CHEMBL359744,DOXORUBICIN HYDROCHLORIDE,COc1cccc2c1C(=O)c1c(O)c3c(c(O)c1C2=O)C[C@@](O)(C(=O)CO)C[C@@H]3O[C@H]1C[C@H](N)[C@H](O)[C@H](C)O1.Cl,0.009361984480190601,0.0003418742,0.011517559,0.20839001,2693,2749,1961
2621,CHEMBL902,FAMOTIDINE,NC(N)=Nc1nc(CSCC/C(N)=N/S(N)(=O)=O)cs1,0.009352659814112227,0.0035023417,0.01832884,0.012744181,1916,2606,2800
2622,CHEMBL1200656,NATAMYCIN,C[C@@H]1C/C=C/C=C/C=C/C=C/[C@H](O[C@@H]2O[C@H](C)[C@@H](O)[C@H](N)[C@@H]2O)C[C@@H]2O[C@](O)(C[C@@H](O)C[C@H]3O[C@@H]3/C=C/C(=O)O1)C[C@H](O)[C@H]2C(=O)O,0.009318723044037257,0.0012030454,0.038685385,0.01738762,2309,2304,2755
2623,CHEMBL2403108,CERITINIB,Cc1cc(Nc2ncc(Cl)c(Nc3ccccc3S(=O)(=O)C(C)C)n2)c(OC(C)C)cc1C1CCNCC1,0.009295637270969728,0.0090387715,0.0027023724,0.032883868,1568,3047,2656
2624,CHEMBL705,ALITRETINOIN,CC1=C(/C=C/C(C)=C\C=C\C(C)=C\C(=O)O)C(C)(C)CCC1,0.009290520982782591,6.154387e-05,0.049268596,0.2644633,3091,2187,1827
2625,CHEMBL1374379,BENZONATATE,CCCCNc1ccc(C(=O)OCCOCCOCCOCCOCCOCCOCCOCCOCCOC)cc1,0.00928745034734288,0.0001467707,0.05722764,0.09537715,2923,2118,2356
2626,CHEMBL1490,TRIHEXYPHENIDYL,OC(CCN1CCCCC1)(c1ccccc1)C1CCCCC1,0.009278562985527003,0.0001921707,0.005211412,0.79762626,2849,2952,917
2627,CHEMBL1201325,HEXOCYCLIUM,C[N+]1(C)CCN(CC(O)(c2ccccc2)C2CCCCC2)CC1,0.00927259051984373,0.0001649616,0.005274092,0.91637397,2898,2949,636
2628,CHEMBL3989568,OXYTETRACYCLINE CALCIUM,CN(C)[C@@H]1C([O-])=C(C(N)=O)C(=O)[C@@]2(O)C(O)=C3C(=O)c4c(O)cccc4[C@@](C)(O)[C@H]3[C@H](O)[C@@H]12.CN(C)[C@@H]1C([O-])=C(C(N)=O)C(=O)[C@@]2(O)C(O)=C3C(=O)c4c(O)cccc4[C@@](C)(O)[C@H]3[C@H](O)[C@@H]12.[Ca+2],0.009260392702379144,4.7455924e-05,0.126032,0.13277525,3142,1690,2210
2629,CHEMBL2104445,TRITOQUALINE,CCOc1c(N)c2c(c(OCC)c1OCC)C(C1c3c(cc4c(c3OC)OCO4)CCN1C)OC2=O,0.009253035575582713,8.4579726e-05,0.010213811,0.917062,3031,2788,629
2630,CHEMBL1200981,EPIRUBICIN HYDROCHLORIDE,COc1cccc2c1C(=O)c1c(O)c3c(c(O)c1C2=O)C[C@@](O)(C(=O)CO)C[C@@H]3O[C@H]1C[C@H](N)[C@@H](O)[C@H](C)O1.Cl,0.009252308879463081,0.00034127923,0.011959858,0.19405037,2695,2743,2003
2631,CHEMBL2147777,TENELIGLIPTIN,Cc1cc(N2CCN([C@@H]3CN[C@H](C(=O)N4CCSC4)C3)CC2)n(-c2ccccc2)n1,0.009252178730960611,0.0002798388,0.037962597,0.07455357,2747,2314,2444
2632,CHEMBL1275,PERGOLIDE MESYLATE,CCCN1C[C@H](CSC)C[C@@H]2c3cccc4[nH]cc(c34)C[C@H]21.CS(=O)(=O)O,0.009231035560789054,0.00014566313,0.028934592,0.18663126,2924,2428,2021
2633,CHEMBL1201110,VALACYCLOVIR HYDROCHLORIDE,CC(C)[C@H](N)C(=O)OCCOCn1cnc2c(=O)nc(N)[nH]c21.Cl,0.009223789905186934,0.09100249,0.014118643,0.000610776,727,2698,3146
2634,CHEMBL463,AMINOHIPPURIC ACID,Nc1ccc(C(=O)NCC(=O)O)cc1,0.009208794559971749,3.6690588e-05,0.3260253,0.065283366,3175,998,2490
2635,CHEMBL1201035,BIPERIDEN HYDROCHLORIDE,Cl.OC(CCN1CCCCC1)(c1ccccc1)C1CC2C=CC1C2,0.009207268689259359,7.731343e-05,0.015195655,0.6643822,3051,2672,1147
2636,CHEMBL152684,BECLOBRATE,CCOC(=O)C(C)(CC)Oc1ccc(Cc2ccc(Cl)cc2)cc1,0.009206733171423427,0.004147413,0.1225902,0.0015349123,1848,1708,3060
2637,CHEMBL1697751,ISAXONINE PHOSPHATE,CC(C)Nc1ncccn1.O=P(O)(O)O,0.009203195420639852,0.010691216,0.12283052,0.00059358455,1507,1705,3150
2638,CHEMBL1200873,PHENTOLAMINE MESYLATE,CS(=O)(=O)O.Cc1ccc(N(CC2=NCCN2)c2cccc(O)c2)cc1,0.009193369864739563,0.0029353928,0.07646608,0.0034616976,1994,1973,2979
2639,CHEMBL3989931,ENASIDENIB MESYLATE,CC(C)(O)CNc1nc(Nc2ccnc(C(F)(F)F)c2)nc(-c2cccc(C(F)(F)F)n2)n1.CS(=O)(=O)O,0.009151377041885273,0.0013785451,0.01595683,0.034841098,2266,2659,2647
2640,CHEMBL4279047,VORASIDENIB,C[C@@H](Nc1nc(N[C@H](C)C(F)(F)F)nc(-c2cccc(Cl)n2)n1)C(F)(F)F,0.00913060318280168,0.011536809,0.029871294,0.0022088112,1477,2417,3028
2641,CHEMBL1265,ADAPALENE,COc1ccc(-c2ccc3cc(C(=O)O)ccc3c2)cc1C12CC3CC(CC(C3)C1)C2,0.009116923970111584,3.608232e-05,0.1545262,0.13590908,3179,1569,2197
2642,CHEMBL364713,NOSCAPINE,COc1ccc2c(c1OC)C(=O)O[C@@H]2[C@H]1c2c(cc3c(c2OC)OCO3)CCN1C,0.009075499421495404,0.00036929818,0.0021429046,0.9445647,2673,3077,526
2643,CHEMBL1200944,SULBACTAM SODIUM,CC1(C)[C@H](C(=O)[O-])N2C(=O)C[C@H]2S1(=O)=O.[Na+],0.009075026098389765,0.0005992608,0.0101595875,0.12275853,2534,2789,2252
2644,CHEMBL1200934,NORGESTIMATE,C#C[C@]1(OC(C)=O)CC[C@H]2[C@@H]3CCC4=C/C(=N/O)CC[C@@H]4[C@H]3CC[C@@]21CC,0.00903007535409823,0.00013380375,0.05611473,0.09806836,2942,2129,2345
2645,CHEMBL7728,HEXOBARBITAL,CN1C(=O)NC(=O)C(C)(C2=CCCCC2)C1=O,0.009000566351667532,1.6464948e-05,0.1436976,0.3081765,3261,1616,1738
2646,CHEMBL4101807,VOXELOTOR,CC(C)n1nccc1-c1ncccc1COc1cccc(O)c1C=O,0.00900036571204438,0.0064703315,0.024918474,0.00452202,1678,2486,2946
2647,CHEMBL1200588,CLINDAMYCIN HYDROCHLORIDE,CCC[C@@H]1C[C@@H](C(=O)N[C@@H]([C@H]2O[C@H](SC)[C@H](O)[C@@H](O)[C@H]2O)[C@H](C)Cl)N(C)C1.Cl,0.008992103943323884,0.001123496,0.0007594661,0.8521261,2332,3191,805
2648,CHEMBL1519,TRANDOLAPRIL,CCOC(=O)[C@H](CCc1ccccc1)N[C@@H](C)C(=O)N1[C@H](C(=O)O)C[C@H]2CCCC[C@@H]21,0.008985457946267504,0.00015661187,0.05848558,0.07920401,2911,2104,2424
2649,CHEMBL1517,OXYTETRACYCLINE,CN(C)[C@@H]1C(O)=C(C(N)=O)C(=O)[C@@]2(O)C(O)=C3C(=O)c4c(O)cccc4[C@@](C)(O)[C@H]3[C@H](O)[C@@H]12,0.00897331717175769,4.955876e-05,0.09782244,0.14903906,3137,1828,2141
2650,CHEMBL346235,DIAMTHAZOLE DIHYDROCHLORIDE,CCN(CC)CCOc1ccc2nc(N(C)C)sc2c1.Cl.Cl,0.008971592263573061,0.09909614,0.018644229,0.00039084768,697,2600,3189
2651,CHEMBL1200617,RIMEXOLONE,CCC(=O)[C@@]1(C)[C@H](C)C[C@H]2[C@@H]3CCC4=CC(=O)C=C[C@]4(C)[C@H]3[C@@H](O)C[C@@]21C,0.008936403697502433,2.5532085e-05,0.049647305,0.5629975,3227,2183,1302
2652,CHEMBL1718,NALOXONE HYDROCHLORIDE,C=CCN1CC[C@]23c4c5ccc(O)c4O[C@H]2C(=O)CC[C@@]3(O)[C@H]1C5.Cl,0.008935951665644216,1.6729877e-05,0.6474957,0.06587081,3260,416,2488
2653,CHEMBL2103827,DROXIDOPA,N[C@H](C(=O)O)[C@H](O)c1ccc(O)c(O)c1,0.008922846478592521,0.001192676,0.40859273,0.001457798,2313,801,3065
2654,CHEMBL1201227,CYCRIMINE,OC(CCN1CCCCC1)(c1ccccc1)C1CCCC1,0.008912696756045986,0.00018090989,0.0049320706,0.7934799,2876,2961,930
2655,CHEMBL341812,IBUFENAC,CC(C)Cc1ccc(CC(=O)O)cc1,0.008905253633730613,2.1461785e-05,0.29731327,0.110677406,3243,1063,2292
2656,CHEMBL1349,VALACYCLOVIR,CC(C)[C@H](N)C(=O)OCCOCn1cnc2c(=O)nc(N)[nH]c21,0.008855624092006168,0.08466441,0.012638723,0.0006490131,765,2726,3141
2657,CHEMBL84,TOPOTECAN,CC[C@@]1(O)C(=O)OCc2c1cc1n(c2=O)Cc2cc3c(CN(C)C)c(O)ccc3nc2-1,0.008818069986748878,0.0036768003,0.00018653854,0.99972874,1901,3273,25
2658,CHEMBL1580,PENTOSTATIN,OC[C@H]1O[C@@H](n2cnc3c2N=CNC[C@H]3O)C[C@@H]1O,0.00881035938212751,0.00054385496,0.00128679,0.9772149,2559,3147,352
2659,CHEMBL1200922,MEBUTAMATE,CCC(C)C(C)(COC(N)=O)COC(N)=O,0.008801696995403655,0.00018254023,0.0697481,0.053556,2867,2024,2552
2660,CHEMBL53463,DOXORUBICIN,COc1cccc2c1C(=O)c1c(O)c3c(c(O)c1C2=O)C[C@@](O)(C(=O)CO)C[C@@H]3O[C@H]1C[C@H](N)[C@H](O)[C@H](C)O1,0.008767093624808105,0.00031045655,0.010058207,0.2157971,2719,2790,1942
2661,CHEMBL1354,SODIUM ACETATE,CC(=O)[O-].[Na+],0.008764814516555525,0.0010632048,0.07124828,0.00888867,2353,2012,2865
2662,CHEMBL2103736,FENOPROFEN CALCIUM,CC(C(=O)[O-])c1cccc(Oc2ccccc2)c1.CC(C(=O)[O-])c1cccc(Oc2ccccc2)c1.O.O.[Ca+2],0.008758659741627471,0.0052315556,0.35248557,0.00036436837,1756,925,3193
2663,CHEMBL3137327,OMEGA-3-CARBOXYLIC ACIDS,CC/C=C\C/C=C\C/C=C\C/C=C\C/C=C\C/C=C\CCC(=O)O.CC/C=C\C/C=C\C/C=C\C/C=C\C/C=C\CCCC(=O)O.CC/C=C\C/C=C\C/C=C\C/C=C\C/C=C\CCCCC(=O)O.CC/C=C\C/C=C\C/C=C\C/C=C\C/C=C\CCCCCC(=O)O.CC/C=C\C/C=C\C/C=C\C/C=C\CCCCCCC(=O)O.CC/C=C\C/C=C\C/C=C\CCCCCCCC(=O)O.CCCCC/C=C\C/C=C\C/C=C\C/C=C\C/C=C\CCC(=O)O.CCCCC/C=C\C/C=C\C/C=C\CCCCC(=O)O.CCCCC/C=C\C/C=C\CCCCCCCC(=O)O,0.00874110787797974,2.1299891e-05,0.052042436,0.6025101,3244,2161,1239
2664,CHEMBL2107214,IOMEPROL,CN(C(=O)CO)c1c(I)c(C(=O)NCC(O)CO)c(I)c(C(=O)NCC(O)CO)c1I,0.008737474584144894,0.031545147,0.00061020924,0.034653444,1135,3202,2649
2665,CHEMBL1186579,METHYLNALTREXONE,C[N+]1(CC2CC2)CC[C@]23c4c5ccc(O)c4O[C@H]2C(=O)CC[C@@]3(O)[C@H]1C5,0.008724144275907597,3.9006263e-06,0.2795183,0.60900927,3334,1115,1232
2666,CHEMBL1200874,TOLBUTAMIDE SODIUM,CCCCNC(=O)[N-]S(=O)(=O)c1ccc(C)cc1.[Na+],0.008722191203024999,0.0031902122,0.06789721,0.003063411,1956,2037,2992
2667,CHEMBL1563,DAUNORUBICIN HYDROCHLORIDE,COc1cccc2c1C(=O)c1c(O)c3c(c(O)c1C2=O)C[C@@](O)(C(C)=O)C[C@@H]3O[C@H]1C[C@H](N)[C@H](O)[C@H](C)O1.Cl,0.00869844482666028,0.0003252956,0.010376214,0.19498788,2707,2780,2001
2668,CHEMBL827,DEXMETHYLPHENIDATE,COC(=O)[C@H](c1ccccc1)[C@H]1CCCCN1,0.008677510137631067,0.00068192,0.028494773,0.0336269,2493,2438,2653
2669,CHEMBL1734,SOLIFENACIN,O=C(O[C@H]1CN2CCC1CC2)N1CCc2ccccc2[C@@H]1c1ccccc1,0.008674772062690796,0.00022637329,0.01630075,0.1769055,2806,2651,2043
2670,CHEMBL1951071,ARFORMOTEROL TARTRATE,COc1ccc(C[C@@H](C)NC[C@H](O)c2ccc(O)c(NC=O)c2)cc1.O=C(O)C(O)C(O)C(=O)O,0.008646121453959163,7.7614226e-05,0.17486666,0.047622856,3050,1483,2586
2671,CHEMBL417,EPIRUBICIN,COc1cccc2c1C(=O)c1c(O)c3c(c(O)c1C2=O)C[C@@](O)(C(=O)CO)C[C@@H]3O[C@H]1C[C@H](N)[C@@H](O)[C@H](C)O1,0.008645825305140332,0.00030688755,0.010499623,0.20057026,2721,2773,1980
2672,CHEMBL1305,ANTAZOLINE,c1ccc(CN(CC2=NCCN2)c2ccccc2)cc1,0.00860393004082165,0.0008836371,0.004219417,0.17083,2417,2983,2065
2673,CHEMBL427,MECHLORETHAMINE,CN(CCCl)CCCl,0.008595096308796355,5.4782384e-05,0.013656128,0.84875715,3116,2712,818
2674,CHEMBL1170,TESTOSTERONE PROPIONATE,CCC(=O)O[C@H]1CC[C@H]2[C@@H]3CCC4=CC(=O)CC[C@]4(C)[C@H]3CC[C@]12C,0.008594780669033714,2.9520248e-05,0.023879925,0.9006405,3203,2503,682
2675,CHEMBL86715,PROCYCLIDINE,OC(CCN1CCCC1)(c1ccccc1)C1CCCCC1,0.00859296464753131,0.00016871373,0.0047703437,0.7883681,2894,2966,938
2676,CHEMBL589586,MONOMETHYL FUMARATE,COC(=O)/C=C/C(=O)O,0.008575909037440061,0.00041417946,0.4083392,0.0037293313,2647,802,2966
2677,CHEMBL113,CAFFEINE,Cn1c(=O)c2c(ncn2C)n(C)c1=O,0.008538272371669573,0.9087464,0.0023436875,0.00029225895,63,3066,3211
2678,CHEMBL1256400,XYLOMETAZOLINE HYDROCHLORIDE,Cc1cc(C(C)(C)C)cc(C)c1CC1=NCCN1.Cl,0.008530449118163523,0.0043549594,0.0019613814,0.07267238,1822,3089,2448
2679,CHEMBL4297513,IBREXAFUNGERP,CC(C)[C@@H](C)[C@@]1(C)CC[C@]2(C)[C@H]3CC[C@@H]4[C@@]5(COC[C@@]4(C)[C@@H](OC[C@](C)(N)C(C)(C)C)[C@H](n4ncnc4-c4ccncc4)C5)C3=CC[C@@]2(C)[C@@H]1C(=O)O,0.008468703921716066,3.3660483e-05,0.13342206,0.13523927,3191,1653,2199
2680,CHEMBL55,PENTAMIDINE,N=C(N)c1ccc(OCCCCCOc2ccc(C(=N)N)cc2)cc1,0.008467388246134706,5.0302588e-05,0.19230795,0.06275682,3135,1418,2503
2681,CHEMBL1094,FELBAMATE,NC(=O)OCC(COC(N)=O)c1ccccc1,0.00845963966822393,0.00086172385,0.100492105,0.0069912607,2423,1808,2895
2682,CHEMBL1440,TETRACYCLINE,CN(C)[C@@H]1C(O)=C(C(N)=O)C(=O)[C@@]2(O)C(O)=C3C(=O)c4c(O)cccc4[C@@](C)(O)[C@H]3C[C@@H]12,0.00843340916428065,4.6938643e-05,0.09656015,0.13233691,3144,1839,2212
2683,CHEMBL1201149,NALTREXONE HYDROCHLORIDE,Cl.O=C1CC[C@@]2(O)[C@H]3Cc4ccc(O)c5c4[C@@]2(CCN3CC2CC2)[C@H]1O5,0.008417128493994015,2.7405918e-06,0.54246074,0.40112457,3342,573,1563
2684,CHEMBL3989826,OXYCODONE TEREPHTHALATE,COc1ccc2c3c1O[C@H]1C(=O)CC[C@@]4(O)[C@@H](C2)N(C)CC[C@]314.COc1ccc2c3c1O[C@H]1C(=O)CC[C@@]4(O)[C@@H](C2)N(C)CC[C@]314.O=C(O)c1ccc(C(=O)O)cc1,0.008415323027714666,1.7754357e-05,0.87516737,0.038354516,3255,145,2627
2685,CHEMBL691,ETHINYL ESTRADIOL,C#C[C@]1(O)CC[C@H]2[C@@H]3CCc4cc(O)ccc4[C@H]3CC[C@@]21C,0.008347097002028899,9.9377445e-05,0.019880138,0.29437372,2990,2572,1763
2686,CHEMBL1561,MIGLITOL,OCCN1C[C@H](O)[C@@H](O)[C@H](O)[C@H]1CO,0.008337840522810072,0.002310149,0.00025404035,0.9876836,2078,3256,244
2687,CHEMBL1418176,METHANDROSTENOLONE,C[C@]12C=CC(=O)C=C1CC[C@@H]1[C@@H]2CC[C@@]2(C)[C@H]1CC[C@]2(C)O,0.008276666070900881,4.6118465e-05,0.02312303,0.53167546,3149,2522,1347
2688,CHEMBL1200580,SULFOXONE SODIUM,O=S([O-])CNc1ccc(S(=O)(=O)c2ccc(NCS(=O)[O-])cc2)cc1.[Na+].[Na+],0.00827568095403257,0.0002997189,0.27370423,0.0069090053,2731,1130,2896
2689,CHEMBL4297620,SOLRIAMFETOL,NC(=O)OC[C@H](N)Cc1ccccc1,0.008273893868920376,3.518914e-05,0.07238946,0.22235446,3184,2006,1920
2690,CHEMBL1200769,TRIPELENNAMINE CITRATE,CN(C)CCN(Cc1ccccc1)c1ccccn1.O=C(O)CC(O)(CC(=O)O)C(=O)O,0.00827288754983739,0.0028272013,0.029626757,0.006759745,2010,2423,2899
2691,CHEMBL56337,EPALRESTAT,CC(/C=C1\SC(=S)N(CC(=O)O)C1=O)=C\c1ccccc1,0.008263141042681135,0.00058085466,0.02603002,0.03731587,2540,2470,2633
2692,CHEMBL1186610,ANISOTROPINE,CCCC(CCC)C(=O)O[C@H]1C[C@H]2CC[C@@H](C1)[N+]2(C)C,0.008233826073918179,0.000100847195,0.009070586,0.6102474,2989,2820,1231
2693,CHEMBL1201139,MEGESTROL ACETATE,CC(=O)O[C@]1(C(C)=O)CC[C@H]2[C@@H]3C=C(C)C4=CC(=O)CC[C@]4(C)[C@H]3CC[C@@]21C,0.008232295654782585,4.5713703e-05,0.069755435,0.1749599,3150,2023,2052
2694,CHEMBL3183075,NIZATIDINE,CNC(=C[N+](=O)[O-])NCCSCc1csc(CN(C)C)n1,0.008224716130201672,0.003472662,0.017528377,0.009140261,1923,2631,2859
2695,CHEMBL650,METHYLPREDNISOLONE,C[C@H]1C[C@@H]2[C@H]([C@@H](O)C[C@@]3(C)[C@H]2CC[C@]3(O)C(=O)CO)[C@@]2(C)C=CC(=O)C=C12,0.008221713521576754,3.3577893e-05,0.07683069,0.21542633,3192,1968,1944
2696,CHEMBL4303454,DORIPENEM MONOHYDRATE,C[C@@H](O)[C@H]1C(=O)N2C(C(=O)O)=C(S[C@@H]3CN[C@H](CNS(N)(=O)=O)C3)[C@H](C)[C@H]12.O,0.008211316616990804,3.4245426e-05,0.041239228,0.3920354,3188,2269,1579
2697,CHEMBL1346,DARIFENACIN,NC(=O)C(c1ccccc1)(c1ccccc1)[C@@H]1CCN(CCc2ccc3c(c2)CCO3)C1,0.008198999503892489,0.0002466191,0.004622332,0.48349816,2785,2974,1418
2698,CHEMBL688,FENTANYL CITRATE,CCC(=O)N(c1ccccc1)C1CCN(CCc2ccccc2)CC1.O=C(O)CC(O)(CC(=O)O)C(=O)O,0.008163807021830142,0.0005201376,0.032291662,0.032394364,2570,2384,2661
2699,CHEMBL2364623,PLAZOMICIN SULFATE,CN[C@@H]1[C@@H](O)[C@@H](O[C@@H]2[C@@H](O)[C@H](O[C@H]3OC(CNCCO)=CC[C@H]3N)[C@@H](N)C[C@H]2NC(=O)[C@@H](O)CCN)OC[C@]1(C)O.O=S(=O)(O)O,0.00815094721817508,0.00028774538,0.0059754285,0.31495386,2742,2917,1725
2700,CHEMBL178,DAUNORUBICIN,COc1cccc2c1C(=O)c1c(O)c3c(c(O)c1C2=O)C[C@@](O)(C(C)=O)C[C@@H]3O[C@H]1C[C@H](N)[C@H](O)[C@H](C)O1,0.008136365490156495,0.00029243203,0.009339636,0.1972135,2740,2811,1994
2701,CHEMBL2096633,MAGNESIUM TRISILICATE,O=[Si]([O-])O[Si]([O-])([O-])O[Si](=O)[O-].[Mg+2].[Mg+2],0.008135134418375703,0.005468927,0.0068348222,0.014403399,1740,2883,2781
2702,CHEMBL456,ETHACRYNIC ACID,C=C(CC)C(=O)c1ccc(OCC(=O)O)c(Cl)c1Cl,0.008134933998901694,0.0061322334,0.04460665,0.0019680846,1696,2222,3040
2703,CHEMBL1689063,AVIBACTAM,NC(=O)[C@@H]1CC[C@@H]2CN1C(=O)N2OS(=O)(=O)O,0.008134186671753496,0.00014514278,0.054318234,0.06826548,2927,2140,2471
2704,CHEMBL1200794,OXYMORPHONE HYDROCHLORIDE,CN1CC[C@]23c4c5ccc(O)c4O[C@H]2C(=O)CC[C@@]3(O)[C@H]1C5.Cl,0.008099144617199116,1.6918993e-05,0.6047616,0.051922884,3259,485,2559
2705,CHEMBL5315055,NALMEFENE HYDROCHLORIDE DIHYDRATE,C=C1CC[C@@]2(O)[C@H]3Cc4ccc(O)c5c4[C@@]2(CCN3CC2CC2)[C@H]1O5.Cl.O.O,0.008098695031642459,2.5471056e-06,0.5388903,0.38698843,3343,581,1591
2706,CHEMBL1200732,AMCINONIDE,CC(=O)OCC(=O)[C@@]12OC3(CCCC3)O[C@@H]1C[C@H]1[C@@H]3CCC4=CC(=O)C=C[C@]4(C)[C@@]3(F)[C@@H](O)C[C@@]12C,0.008096318789636394,4.746888e-06,0.54523027,0.20505667,3328,571,1968
2707,CHEMBL113178,SELENOMETHIONINE,C[Se]CC[C@H](N)C(=O)O,0.00808527673310047,0.0045036357,0.014927229,0.007862165,1811,2681,2880
2708,CHEMBL1201054,SELENOMETHIONINE SE 75,C[75Se]CC[C@H](N)C(=O)O,0.00808527673310047,0.0045036357,0.014927229,0.007862165,1811,2681,2880
2709,CHEMBL6622,ISOSORBIDE DINITRATE,O=[N+]([O-])O[C@H]1CO[C@H]2[C@@H]1OC[C@H]2O[N+](=O)[O-],0.008057748398790561,0.00024629154,0.005423377,0.3916713,2786,2941,1581
2710,CHEMBL1091,HYDROCORTISONE ACETATE,CC(=O)OCC(=O)[C@@]1(O)CC[C@H]2[C@@H]3CCC4=CC(=O)CC[C@]4(C)[C@H]3[C@@H](O)C[C@@]21C,0.008043948519258595,4.417516e-05,0.06251113,0.188483,3153,2071,2017
2711,CHEMBL1101,BIPERIDEN,OC(CCN1CCCCC1)(c1ccccc1)C1CC2C=CC1C2,0.008016980039599619,6.693134e-05,0.011364783,0.67739445,3080,2753,1126
2712,CHEMBL312448,XYLOMETAZOLINE,Cc1cc(C(C)(C)C)cc(C)c1CC1=NCCN1,0.008014738841750425,0.003701199,0.0013102108,0.10616572,1894,3143,2308
2713,CHEMBL1420,PRALIDOXIME,C[n+]1ccccc1C=NO,0.008005196901124107,0.004819067,0.17867915,0.00059577095,1783,1459,3149
2714,CHEMBL925,TYROSINE,N[C@@H](Cc1ccc(O)cc1)C(=O)O,0.007934471637862206,1.9812573e-05,0.13478582,0.1870549,3248,1646,2020
2715,CHEMBL1200439,IODOHIPPURATE SODIUM I 123,O=C([O-])CNC(=O)c1ccccc1[123I].[Na+],0.007910397876472765,0.007221904,0.01041476,0.0065810313,1646,2776,2902
2716,CHEMBL1200763,IODOHIPPURATE SODIUM I 131,O=C([O-])CNC(=O)c1ccccc1[131I].[Na+],0.007910397876472765,0.007221904,0.01041476,0.0065810313,1646,2776,2902
2717,CHEMBL1168,RAMIPRIL,CCOC(=O)[C@H](CCc1ccccc1)N[C@@H](C)C(=O)N1[C@H](C(=O)O)C[C@@H]2CCC[C@@H]21,0.007813148123233742,0.00016853798,0.04179108,0.06771689,2895,2262,2473
2718,CHEMBL70927,DEFERIPRONE,Cc1c(O)c(=O)ccn1C,0.007807306395148625,0.05163386,0.2435561,3.784166e-05,971,1217,3344
2719,CHEMBL2062266,DIHYDROCODEINE BITARTRATE,COc1ccc2c3c1O[C@H]1[C@@H](O)CC[C@H]4[C@@H](C2)N(C)CC[C@@]341.O=C(O)C(O)C(O)C(=O)O,0.007803899329320803,2.6290763e-05,0.79367596,0.022776589,3222,238,2711
2720,CHEMBL2103822,TASIMELTEON,CCC(=O)NC[C@@H]1C[C@H]1c1cccc2c1CCO2,0.00779825109741237,0.00035486894,0.0013883691,0.96253973,2683,3138,462
2721,CHEMBL80,NALOXONE,C=CCN1CC[C@]23c4c5ccc(O)c4O[C@H]2C(=O)CC[C@@]3(O)[C@H]1C5,0.0077896476837069455,1.2293272e-05,0.5841603,0.06581939,3280,513,2489
2722,CHEMBL1201231,PREDNISOLONE PHOSPHORIC ACID,C[C@]12C=CC(=O)C=C1CC[C@@H]1[C@@H]2[C@@H](O)C[C@@]2(C)[C@H]1CC[C@]2(O)C(=O)COP(=O)(O)O,0.007784679410318812,0.00019334254,0.030753752,0.07934084,2848,2406,2422
2723,CHEMBL1201153,ISOETHARINE MESYLATE,CCC(NC(C)C)C(O)c1ccc(O)c(O)c1.CS(=O)(=O)O,0.00777540765915203,0.0005593608,0.23628694,0.0035566234,2549,1245,2974
2724,CHEMBL4299940,MITAPIVAT,O=C(c1ccc(NS(=O)(=O)c2cccc3cccnc23)cc1)N1CCN(CC2CC2)CC1,0.007754207186979709,0.0021741127,0.019787546,0.010837724,2105,2573,2822
2725,CHEMBL1094636,NIRAPARIB,NC(=O)c1cccc2cn(-c3ccc([C@@H]4CCCNC4)cc3)nc12,0.007706704909218399,0.0037594459,0.028517686,0.0042694123,1888,2437,2951
2726,CHEMBL2105224,PHOLCODINE,CN1CC[C@]23c4c5ccc(OCCN6CCOCC6)c4O[C@H]2[C@@H](O)C=C[C@H]3[C@H]1C5,0.007698647322121006,5.7034736e-06,0.09716567,0.82336247,3320,1835,867
2727,CHEMBL1370,BUDESONIDE,CCCC1O[C@@H]2C[C@H]3[C@@H]4CCC5=CC(=O)C=C[C@]5(C)[C@H]4[C@@H](O)C[C@]3(C)[C@]2(C(=O)CO)O1,0.00769689870934057,1.0785472e-05,0.15300359,0.27631626,3290,1579,1804
2728,CHEMBL433,VALPROATE SODIUM,CCCC(CCC)C(=O)[O-].[Na+],0.0076389986504131644,0.0016993387,0.050103668,0.0052355225,2189,2178,2931
2729,CHEMBL1201233,METHYLDOPATE,CCOC(=O)[C@@](C)(N)Cc1ccc(O)c(O)c1,0.007612318382690026,0.00047346082,0.25290522,0.0036839095,2604,1196,2969
2730,CHEMBL1412,PIPERAZINE,C1CNCCN1,0.00760730571750596,0.0022806148,0.006791578,0.028423008,2085,2885,2686
2731,CHEMBL1200432,METHYLDOPATE HYDROCHLORIDE,CCOC(=O)[C@@](C)(N)Cc1ccc(O)c(O)c1.Cl,0.00760546198923073,0.0006174813,0.25719133,0.0027701065,2528,1179,3005
2732,CHEMBL1899801,PERFLENAPENT,FC(F)(F)C(F)(F)C(F)(F)C(F)(F)C(F)(F)F,0.007579232882623892,0.00022399843,0.0024411588,0.7962232,2809,3060,922
2733,CHEMBL4297666,OMIDENEPAG ISOPROPYL,CC(C)OC(=O)CNc1cccc(CN(Cc2ccc(-n3cccn3)cc2)S(=O)(=O)c2cccnc2)n1,0.00756804475334986,0.014208607,0.014197291,0.0021487898,1398,2696,3030
2734,CHEMBL1200607,PERFLEXANE,FC(F)(F)C(F)(F)C(F)(F)C(F)(F)C(F)(F)C(F)(F)F,0.007556137143782887,0.00013080658,0.0038906052,0.8477204,2948,2993,820
2735,CHEMBL3989571,SPECTINOMYCIN HYDROCHLORIDE,CN[C@@H]1[C@H](O)[C@H](NC)[C@H]2O[C@@]3(O)C(=O)C[C@@H](C)O[C@H]3O[C@@H]2[C@H]1O.Cl.Cl.O.O.O.O.O,0.007544486749670452,3.4633526e-05,0.021533214,0.5758155,3186,2548,1280
2736,CHEMBL1405,ESTRONE,C[C@]12CC[C@@H]3c4ccc(O)cc4CC[C@H]3[C@@H]1CCC2=O,0.00749687104957389,7.105991e-05,0.020493552,0.2893333,3065,2569,1777
2737,CHEMBL696,ETHOSUXIMIDE,CCC1(C)CC(=O)NC1=O,0.007493280440680851,0.0007124654,0.028981986,0.020376243,2481,2427,2724
2738,CHEMBL1201121,HETACILLIN POTASSIUM,CC1(C)S[C@@H]2[C@H](N3C(=O)[C@@H](c4ccccc4)NC3(C)C)C(=O)N2[C@H]1C(=O)[O-].[K+],0.007413049109544656,4.63655e-05,0.084290214,0.10423623,3148,1914,2313
2739,CHEMBL1753,CLINDAMYCIN,CCC[C@@H]1C[C@@H](C(=O)N[C@@H]([C@H]2O[C@H](SC)[C@H](O)[C@@H](O)[C@H]2O)[C@H](C)Cl)N(C)C1,0.007400375282538461,0.0009805327,0.00046792,0.88333935,2379,3223,724
2740,CHEMBL1200706,ALUMINUM HYDROXIDE,O[Al](O)O,0.007370499379112272,0.0016110429,0.08582017,0.002895971,2216,1902,2997
2741,CHEMBL416146,ETORICOXIB,Cc1ccc(-c2ncc(Cl)cc2-c2ccc(S(C)(=O)=O)cc2)cn1,0.00736856371417067,0.0011000297,0.100928545,0.0036035466,2339,1805,2971
2742,CHEMBL2062262,METARAMINOL BITARTRATE,C[C@H](N)[C@H](O)c1cccc(O)c1.O=C(O)C(O)C(O)C(=O)O,0.007367317660972035,0.0035704463,0.23083478,0.0004851817,1910,1262,3167
2743,CHEMBL1201178,LISDEXAMFETAMINE DIMESYLATE,CS(=O)(=O)O.CS(=O)(=O)O.C[C@@H](Cc1ccccc1)NC(=O)[C@@H](N)CCCCN,0.007366642608322117,0.00021541104,0.08115679,0.022867363,2823,1937,2710
2744,CHEMBL1905872,DOCUSATE SODIUM,CCCCC(CC)COC(=O)CC(C(=O)OCC(CC)CCCC)S(=O)(=O)[O-].[Na+],0.007364956710580274,0.0011476842,0.03219699,0.010811174,2324,2386,2824
2745,CHEMBL315985,ESLICARBAZEPINE,NC(=O)N1c2ccccc2C[C@H](O)c2ccccc21,0.007361880941729031,0.0024163728,0.007576073,0.02179507,2064,2862,2719
2746,CHEMBL1741134,PICOSULFURIC ACID,O=S(=O)(O)Oc1ccc(C(c2ccc(OS(=O)(=O)O)cc2)c2ccccn2)cc1,0.007344056757150771,0.0047604833,0.12158285,0.0006843601,1788,1713,3134
2747,CHEMBL1201159,FENTANYL HYDROCHLORIDE,CCC(=O)N(c1ccccc1)C1CCN(CCc2ccccc2)CC1.Cl,0.0073277128369728895,0.00018623749,0.015998341,0.1320575,2860,2657,2213
2748,CHEMBL4297091,CODEINE SULFATE,COc1ccc2c3c1O[C@H]1[C@@H](O)C=C[C@H]4[C@@H](C2)N(C)CC[C@@]341.COc1ccc2c3c1O[C@H]1[C@@H](O)C=C[C@H]4[C@@H](C2)N(C)CC[C@@]341.O.O.O.O=S(=O)(O)O,0.0073229518908609495,7.7153045e-06,0.51964957,0.09794784,3304,612,2346
2749,CHEMBL446,SULFAMETHAZINE,Cc1cc(C)nc(NS(=O)(=O)c2ccc(N)cc2)n1,0.007319129888727197,0.00028725446,0.08269812,0.01650501,2744,1926,2760
2750,CHEMBL491571,DORIPENEM,C[C@@H](O)[C@H]1C(=O)N2C(C(=O)O)=C(S[C@@H]3CN[C@H](CNS(N)(=O)=O)C3)[C@H](C)[C@H]12,0.007313082561408371,2.887193e-05,0.03570213,0.37942973,3206,2347,1607
2751,CHEMBL256087,MENTHOL,CC1CCC(C(C)C)C(O)C1,0.0072823054127794185,0.00026219932,0.0021061953,0.699321,2766,3080,1095
2752,CHEMBL3989693,LEVALBUTEROL TARTRATE,CC(C)(C)NC[C@H](O)c1ccc(O)c(CO)c1.CC(C)(C)NC[C@H](O)c1ccc(O)c(CO)c1.O=C(O)C(O)C(O)C(=O)O,0.007278077023041601,0.00046159243,0.086271435,0.009681091,2616,1901,2843
2753,CHEMBL1184360,DIAMTHAZOLE,CCN(CC)CCOc1ccc2nc(N(C)C)sc2c1,0.007277764688562783,0.07628707,0.0148219755,0.00034090775,818,2686,3199
2754,CHEMBL526,PROPOFOL,CC(C)c1cccc(C(C)C)c1O,0.0072563713756975835,0.36247814,0.0019597923,0.00053785666,325,3090,3160
2755,CHEMBL1201101,TESTOSTERONE CYPIONATE,C[C@]12CC[C@H]3[C@@H](CCC4=CC(=O)CC[C@@]43C)[C@@H]1CC[C@@H]2OC(=O)CCC1CCCC1,0.00725096970847969,3.7244485e-05,0.013991399,0.7315855,3173,2704,1051
2756,CHEMBL596,FENTANYL,CCC(=O)N(c1ccccc1)C1CCN(CCc2ccccc2)CC1,0.007220316674585554,0.00017770006,0.0136523,0.15515834,2881,2713,2118
2757,CHEMBL1200604,TROPICAMIDE,CCN(Cc1ccncc1)C(=O)C(CO)c1ccccc1,0.0072143577270923145,0.002363107,0.021254195,0.0074759265,2071,2556,2886
2758,CHEMBL110691,CHLORMADINONE ACETATE,CC(=O)O[C@]1(C(C)=O)CC[C@H]2[C@@H]3C=C(Cl)C4=CC(=O)CC[C@]4(C)[C@H]3CC[C@@]21C,0.007206646625457997,5.1957024e-05,0.044785116,0.1608502,3127,2221,2095
2759,CHEMBL3039598,FOSINOPRIL,CCC(=O)O[C@@H](O[P@](=O)(CCCCc1ccccc1)CC(=O)N1C[C@H](C2CCCCC2)C[C@H]1C(=O)O)C(C)C,0.007174523687946387,0.00084124,0.010419877,0.042130522,2430,2775,2608
2760,CHEMBL1370561,AMINOPHYLLINE,Cn1c(=O)c2[nH]cnc2n(C)c1=O.Cn1c(=O)c2[nH]cnc2n(C)c1=O.NCCN,0.0071583078785120175,0.36724067,0.014950106,6.680916e-05,324,2680,3311
2761,CHEMBL247951,PEMAFIBRATE,CC[C@@H](Oc1cccc(CN(CCCOc2ccc(OC)cc2)c2nc3ccccc3o2)c1)C(=O)O,0.007149843234996801,0.0008656114,0.017853763,0.023650303,2421,2620,2706
2762,CHEMBL1237055,HYDROMORPHONE HYDROCHLORIDE,CN1CC[C@]23c4c5ccc(O)c4O[C@H]2C(=O)CC[C@H]3[C@H]1C5.Cl,0.007143198452406937,2.1530399e-05,0.20615427,0.082117155,3242,1358,2412
2763,CHEMBL1697717,CARBENOXOLONE SODIUM,CC1(C)[C@@H](OC(=O)CCC(=O)[O-])CC[C@]2(C)[C@H]3C(=O)C=C4[C@@H]5C[C@@](C)(C(=O)[O-])CC[C@]5(C)CC[C@@]4(C)[C@]3(C)CC[C@@H]12.[Na+].[Na+],0.007088124631720456,7.4527284e-06,0.12908861,0.3701612,3306,1677,1617
2764,CHEMBL2111286,RANITIDINE BISMUTH CITRATE,CNC(=C[N+](=O)[O-])NCCSCc1ccc(CN(C)C)o1.O=C([O-])CC(O)(CC(=O)[O-])C(=O)[O-].[Bi+3],0.007083731162529833,0.0015200936,0.036562588,0.006395565,2232,2335,2909
2765,CHEMBL19019,NALTREXONE,O=C1CC[C@@]2(O)[C@H]3Cc4ccc(O)c5c4[C@@]2(CCN3CC2CC2)[C@H]1O5,0.007042226518884012,1.9268791e-06,0.46858895,0.3867973,3348,688,1592
2766,CHEMBL1200950,CLIDINIUM BROMIDE,C[N+]12CCC(CC1)C(OC(=O)C(O)(c1ccccc1)c1ccccc1)C2.[Br-],0.007039499655212853,8.779569e-05,0.0060783,0.6536872,3021,2913,1164
2767,CHEMBL404271,ACARBOSE,C[C@H]1O[C@H](O[C@H]2[C@H](O)[C@@H](O)[C@@H](O[C@H]3[C@H](O)[C@@H](O)C(O)O[C@@H]3CO)O[C@@H]2CO)[C@H](O)[C@@H](O)[C@@H]1N[C@H]1C=C(CO)[C@@H](O)[C@H](O)[C@H]1O,0.0069954558531514595,0.0034770705,9.859701e-05,0.998552,1921,3294,65
2768,CHEMBL1200891,OXYPHENCYCLIMINE HYDROCHLORIDE,CN1CCCN=C1COC(=O)C(O)(c1ccccc1)C1CCCCC1.Cl,0.006984889499672024,0.00018861069,0.008304976,0.21755745,2854,2835,1940
2769,CHEMBL1441,ETHIONAMIDE,CCc1cc(C(N)=S)ccn1,0.006963478378184492,0.0012483139,0.4510505,0.0005996942,2291,715,3147
2770,CHEMBL94081,ALCLOFENAC,C=CCOc1ccc(CC(=O)O)cc1Cl,0.0069597119369761325,0.0015293354,0.06180128,0.0035667566,2229,2077,2973
2771,CHEMBL1200721,ESTRAMUSTINE PHOSPHATE SODIUM,C[C@]12CC[C@@H]3c4ccc(OC(=O)N(CCCl)CCCl)cc4CC[C@H]3[C@@H]1CC[C@@H]2OP(=O)([O-])[O-].[Na+].[Na+],0.006945124161403405,0.0004812493,0.00073680654,0.94474936,2598,3193,524
2772,CHEMBL963,OXYMORPHONE,CN1CC[C@]23c4c5ccc(O)c4O[C@H]2C(=O)CC[C@@]3(O)[C@H]1C5,0.006932713300574509,1.208338e-05,0.51756126,0.05327945,3281,616,2554
2773,CHEMBL1200645,ETOPOSIDE PHOSPHATE,COc1cc([C@@H]2c3cc4c(cc3[C@@H](O[C@@H]3O[C@@H]5CO[C@@H](C)O[C@H]5[C@H](O)[C@H]3O)[C@H]3COC(=O)[C@H]23)OCO4)cc(OC)c1OP(=O)(O)O,0.006913772259135302,0.0011821211,0.00028046008,0.99680966,2314,3251,94
2774,CHEMBL514,LOMUSTINE,O=NN(CCCl)C(=O)NC1CCCCC1,0.006897662640461961,2.1208134e-05,0.11188522,0.1383027,3245,1765,2187
2775,CHEMBL1477036,DOCUSATE,CCCCC(CC)COC(=O)CC(C(=O)OCC(CC)CCCC)S(=O)(=O)O,0.0068897569806541025,0.0011407313,0.0284916,0.010062633,2327,2439,2836
2776,CHEMBL780,PENTETIC ACID,O=C(O)CN(CCN(CC(=O)O)CC(=O)O)CCN(CC(=O)O)CC(=O)O,0.006881358121449313,1.4696949e-06,0.29859978,0.74251634,3353,1061,1030
2777,CHEMBL1998966,PIFOXIME,C/C(=N\O)c1ccc(OCC(=O)N2CCCCC2)cc1,0.006876028299867575,0.00026671655,0.122248515,0.009970562,2755,1710,2837
2778,CHEMBL2105722,NOMEGESTROL,CC(=O)[C@@]1(O)CC[C@H]2[C@@H]3C=C(C)C4=CC(=O)CC[C@@H]4[C@H]3CC[C@@]21C,0.006839556153913269,6.1236526e-05,0.023161586,0.22558223,3092,2520,1912
2779,CHEMBL1201196,SERTACONAZOLE,Clc1ccc(C(Cn2ccnc2)OCc2csc3c(Cl)cccc23)c(Cl)c1,0.0068359242414007615,0.013696601,0.0015885367,0.014681881,1415,3121,2777
2780,CHEMBL1234,DEFEROXAMINE MESYLATE,CC(=O)N(O)CCCCCNC(=O)CCC(=O)N(O)CCCCCNC(=O)CCC(=O)N(O)CCCCCN.CS(=O)(=O)O,0.006830863921250704,8.450065e-05,0.13125534,0.028737567,3032,1665,2682
2781,CHEMBL3184512,CLINDAMYCIN PHOSPHATE,CCC[C@@H]1C[C@@H](C(=O)N[C@@H]([C@H]2O[C@H](SC)[C@H](OP(=O)(O)O)[C@@H](O)[C@H]2O)[C@H](C)Cl)N(C)C1,0.006770708175647777,0.000995523,0.00075511844,0.41289145,2374,3192,1547
2782,CHEMBL3039596,FOSINOPRIL SODIUM,CCC(=O)O[C@@H](O[P@](=O)(CCCCc1ccccc1)CC(=O)N1C[C@H](C2CCCCC2)C[C@H]1C(=O)[O-])C(C)C.[Na+],0.00673930137401159,0.00072102144,0.01094018,0.038803607,2477,2764,2621
2783,CHEMBL571,KETOPROFEN,CC(C(=O)O)c1cccc(C(=O)c2ccccc2)c1,0.006693728424839421,0.009557828,0.18195786,0.00017245444,1550,1449,3249
2784,CHEMBL1201152,NALMEFENE HYDROCHLORIDE,C=C1CC[C@@]2(O)[C@H]3Cc4ccc(O)c5c4[C@@]2(CCN3CC2CC2)[C@H]1O5.Cl,0.006691886865975774,1.7265883e-06,0.45221552,0.38380587,3351,713,1598
2785,CHEMBL121,ROSIGLITAZONE,CN(CCOc1ccc(CC2SC(=O)NC2=O)cc1)c1ccccn1,0.006672921447917797,0.0017136526,0.021773295,0.007963445,2187,2545,2879
2786,CHEMBL1200331,FOSFOMYCIN TROMETHAMINE,C[C@@H]1O[C@@H]1P(=O)(O)O.NC(CO)(CO)CO,0.006664062568827003,0.0021561165,0.0044463826,0.030870106,2107,2979,2672
2787,CHEMBL1334033,PERHEXILINE MALEATE,C1CCC(C(CC2CCCCN2)C2CCCCC2)CC1.O=C(O)/C=C\C(=O)O,0.006637902223601676,3.2190368e-05,0.040946566,0.22189586,3196,2271,1922
2788,CHEMBL1495,OXYPHENCYCLIMINE,CN1CCCN=C1COC(=O)C(O)(c1ccccc1)C1CCCCC1,0.006632455043216599,0.00017208453,0.0065346565,0.25945264,2888,2895,1841
2789,CHEMBL1200968,HYDROCORTISONE SODIUM PHOSPHATE,C[C@]12CCC(=O)C=C1CC[C@@H]1[C@@H]2[C@@H](O)C[C@@]2(C)[C@H]1CC[C@]2(O)C(=O)COP(=O)([O-])[O-].[Na+].[Na+],0.006590655181140216,0.00025618615,0.012302704,0.09083009,2771,2733,2376
2790,CHEMBL1200976,IDARUBICIN HYDROCHLORIDE,CC(=O)[C@]1(O)Cc2c(O)c3c(c(O)c2[C@@H](O[C@H]2C[C@H](N)[C@H](O)[C@H](C)O2)C1)C(=O)c1ccccc1C3=O.Cl,0.006588935317925995,0.0004265867,0.0067680357,0.09907769,2636,2886,2341
2791,CHEMBL1201027,GLYCOPYRRONIUM BROMIDE,C[N+]1(C)CCC(OC(=O)C(O)(c2ccccc2)C2CCCC2)C1.[Br-],0.0065882611639441705,7.888865e-05,0.010328811,0.35095206,3046,2783,1646
2792,CHEMBL1200356,CYCLACILLIN,CC1(C)S[C@@H]2[C@H](NC(=O)C3(N)CCCCC3)C(=O)N2[C@H]1C(=O)O,0.00651509044586006,7.0184564e-05,0.034204125,0.11519709,3067,2366,2285
2793,CHEMBL426084,SAMIDORPHAN,NC(=O)c1ccc2c(c1O)[C@]13CCN(CC4CC4)[C@H](C2)[C@]1(O)CCC(=O)C3,0.006504766735193128,1.9335046e-05,0.043559857,0.32678598,3250,2241,1700
2794,CHEMBL1201116,HETACILLIN,CC1(C)S[C@@H]2[C@H](N3C(=O)[C@@H](c4ccccc4)NC3(C)C)C(=O)N2[C@H]1C(=O)O,0.006492900847911646,4.1976138e-05,0.06313868,0.103280485,3161,2066,2320
2795,CHEMBL4105630,ZURANOLONE,C[C@@]1(O)CC[C@H]2[C@H](CC[C@@H]3[C@@H]2CC[C@]2(C)[C@@H](C(=O)Cn4cc(C#N)cn4)CC[C@@H]32)C1,0.006489557452106986,0.0018672744,0.015997494,0.009149244,2155,2658,2858
2796,CHEMBL1200479,DICYCLOMINE HYDROCHLORIDE,CCN(CC)CCOC(=O)C1(C2CCCCC2)CCCCC1.Cl,0.006488845249156175,1.2058515e-05,0.09268499,0.2444551,3282,1861,1864
2797,CHEMBL3989798,FORMOTEROL FUMARATE,COc1ccc(CC(C)NCC(O)c2ccc(O)c(NC=O)c2)cc1.COc1ccc(CC(C)NCC(O)c2ccc(O)c(NC=O)c2)cc1.O.O.O=C(O)/C=C/C(=O)O,0.006475105153158079,3.9147377e-05,0.17567436,0.039475664,3165,1478,2619
2798,CHEMBL1399,ANASTROZOLE,CC(C)(C#N)c1cc(Cn2cncn2)cc(C(C)(C)C#N)c1,0.0064466794872764304,0.014709997,0.005169479,0.0035232927,1390,2953,2977
2799,CHEMBL3989850,ECAMSULE,CC1(C)C2CCC1(CS(=O)(=O)O)C(=O)C2=Cc1ccc(C=C2C(=O)C3(CS(=O)(=O)O)CCC2C3(C)C)cc1,0.006446256055434015,1.88839e-05,0.25075123,0.056570232,3253,1203,2538
2800,CHEMBL1243,SULFABENZAMIDE,Nc1ccc(S(=O)(=O)NC(=O)c2ccccc2)cc1,0.006394282307386011,0.005460789,0.043447513,0.0011019328,1742,2244,3091
2801,CHEMBL1677,TACRINE HYDROCHLORIDE,Cl.Nc1c2c(nc3ccccc13)CCCC2,0.006389608657391421,0.0025335022,0.0001029902,0.99978274,2048,3292,22
2802,CHEMBL1531,ETONOGESTREL,C#C[C@]1(O)CC[C@H]2[C@@H]3CCC4=CC(=O)CC[C@@H]4[C@H]3C(=C)C[C@@]21CC,0.006350022985058921,8.1581224e-05,0.009601732,0.32687852,3040,2802,1698
2803,CHEMBL3989829,NETILMICIN SULFATE,CCN[C@@H]1C[C@H](N)[C@@H](O[C@H]2OC(CN)=CC[C@H]2N)[C@H](O)[C@H]1O[C@H]1OC[C@](C)(O)[C@H](NC)[C@H]1O.CCN[C@@H]1C[C@H](N)[C@@H](O[C@H]2OC(CN)=CC[C@H]2N)[C@H](O)[C@H]1O[C@H]1OC[C@](C)(O)[C@H](NC)[C@H]1O.O=S(=O)(O)O.O=S(=O)(O)O.O=S(=O)(O)O.O=S(=O)(O)O.O=S(=O)(O)O,0.006312439480683319,0.0003733104,0.0029019944,0.23218012,2669,3036,1895
2804,CHEMBL1200890,OXYCODONE HYDROCHLORIDE,COc1ccc2c3c1O[C@H]1C(=O)CC[C@@]4(O)[C@@H](C2)N(C)CC[C@]314.Cl,0.006241927361387888,4.3872506e-06,0.79567945,0.06966678,3331,235,2462
2805,CHEMBL1095097,EPLERENONE,COC(=O)[C@@H]1CC2=CC(=O)CC[C@]2(C)[C@@]23O[C@@H]2C[C@@]2(C)[C@@H](CC[C@@]24CCC(=O)O4)[C@H]13,0.0062301500333640765,1.8458691e-06,0.9403584,0.13931608,3349,98,2184
2806,CHEMBL2220427,ERYTHROMYCIN PROPIONATE,CCC(=O)O[C@H]1[C@H](O[C@@H]2[C@@H](C)[C@H](O[C@H]3C[C@@](C)(OC)[C@@H](O)[C@H](C)O3)[C@@H](C)C(=O)O[C@H](CC)[C@@](C)(O)[C@H](O)[C@@H](C)C(=O)[C@H](C)C[C@@]2(C)O)O[C@H](C)C[C@@H]1N(C)C,0.006199342908781105,7.496981e-05,0.0061825924,0.51402014,3056,2910,1371
2807,CHEMBL1117,IDARUBICIN,CC(=O)[C@]1(O)Cc2c(O)c3c(c(O)c2[C@@H](O[C@H]2C[C@H](N)[C@H](O)[C@H](C)O2)C1)C(=O)c1ccccc1C3=O,0.006176889033082499,0.00039101238,0.005740884,0.10498809,2657,2929,2312
2808,CHEMBL2106825,MEDROGESTONE,CC(=O)[C@@]1(C)CC[C@H]2[C@@H]3C=C(C)C4=CC(=O)CC[C@]4(C)[C@H]3CC[C@@]21C,0.0061108320866386755,2.1725267e-05,0.029630464,0.3544848,3240,2422,1641
2809,CHEMBL1200733,DESFLURANE,FC(F)OC(F)C(F)(F)F,0.006099033084203408,0.0014720465,0.020680659,0.007452414,2240,2565,2888
2810,CHEMBL1542,AZATHIOPRINE,Cn1cnc([N+](=O)[O-])c1Sc1ncnc2[nH]cnc12,0.006090476247896792,0.0052601886,0.032073043,0.0013390981,1754,2387,3077
2811,CHEMBL1200993,GALLAMINE TRIETHIODIDE,CC[N+](CC)(CC)CCOc1cccc(OCC[N+](CC)(CC)CC)c1OCC[N+](CC)(CC)CC.[I-].[I-].[I-],0.006087052231689304,0.0017332069,0.0027152423,0.047925,2185,3046,2583
2812,CHEMBL1472,PROTIRELIN,NC(=O)[C@@H]1CCCN1C(=O)[C@H](Cc1c[nH]cn1)NC(=O)[C@@H]1CCC(=O)N1,0.0060731027039945635,0.00055387197,0.012376403,0.032675937,2554,2731,2658
2813,CHEMBL1201092,RIVASTIGMINE TARTRATE,CCN(C)C(=O)Oc1cccc([C@H](C)N(C)C)c1.O=C(O)[C@H](O)[C@@H](O)C(=O)O,0.006069235883113514,0.0031205853,0.41245043,0.00017369777,1967,790,3246
2814,CHEMBL1201275,ISOSULFAN BLUE INNER SALT,CCN(CC)c1ccc(C(=C2C=CC(=[N+](CC)CC)C=C2)c2cc(S(=O)(=O)[O-])ccc2S(=O)(=O)O)cc1,0.006047993409789699,0.007474731,0.0525238,0.0005634849,1631,2156,3156
2815,CHEMBL1909285,NITREFAZOLE,Cc1nc([N+](=O)[O-])cn1-c1ccc([N+](=O)[O-])cc1,0.006021338201083366,0.0047612605,0.034348004,0.0013349213,1787,2362,3078
2816,CHEMBL527,PIROXICAM,CN1C(C(=O)Nc2ccccn2)=C(O)c2ccccc2S1(=O)=O,0.005995784842045295,0.0014127675,0.0140852835,0.010831831,2260,2699,2823
2817,CHEMBL6068341,TENOFOVIR DISOPROXIL PHOSPHATE,CC(C)OC(=O)OCOP(=O)(CO[C@H](C)Cn1cnc2c(N)ncnc21)OCOC(=O)OC(C)C.O=P(O)(O)O,0.005994298815967313,0.007718552,0.02441959,0.0011427233,1618,2498,3089
2818,CHEMBL349803,PIRETANIDE,NS(=O)(=O)c1cc(C(=O)O)cc(N2CCCC2)c1Oc1ccccc1,0.005988640616232224,0.0028648637,0.023515223,0.003188099,2006,2510,2987
2819,CHEMBL1200398,BUTOCONAZOLE NITRATE,Clc1ccc(CCC(Cn2ccnc2)Sc2c(Cl)cccc2Cl)cc1.O=[N+]([O-])O,0.005947469780028549,0.0064498167,0.030446472,0.0010713032,1681,2410,3095
2820,CHEMBL2368924,DOLASETRON MESYLATE,CS(=O)(=O)O.O.O=C(O[C@@H]1C[C@@H]2C[C@H]3C[C@H](C1)N2CC3=O)c1c[nH]c2ccccc12,0.005940686691175761,0.0012194819,0.02631227,0.0065339576,2302,2467,2904
2821,CHEMBL295124,BERBERINE,COc1ccc2cc3[n+](cc2c1OC)CCc1cc2c(cc1-3)OCO2,0.005927149354080171,0.20824975,8.9255633e-07,0.99989223,478,3383,13
2822,CHEMBL4594379,FOSLEVODOPA,N[C@@H](Cc1ccc(OP(=O)(O)O)c(O)c1)C(=O)O,0.005917142880664226,0.0027255917,0.055698738,0.0013646777,2025,2133,3076
2823,CHEMBL154,NAPROXEN,COc1ccc2cc([C@H](C)C(=O)O)ccc2c1,0.005914724867449907,0.0004973578,0.13743855,0.0030270952,2587,1640,2994
2824,CHEMBL1123,DICYCLOMINE,CCN(CC)CCOC(=O)C1(C2CCCCC2)CCCCC1,0.005907589197356976,9.625505e-06,0.08064985,0.26558506,3291,1943,1825
2825,CHEMBL426559,LAROPIPRANT,CS(=O)(=O)c1cc(F)cc2c3c(n(Cc4ccc(Cl)cc4)c12)[C@@H](CC(=O)O)CC3,0.005809801139088281,0.0013566937,0.031570155,0.004578521,2270,2394,2943
2826,CHEMBL44657,ETOPOSIDE,COc1cc([C@@H]2c3cc4c(cc3[C@@H](O[C@@H]3O[C@@H]5CO[C@@H](C)O[C@H]5[C@H](O)[C@H]3O)[C@H]3COC(=O)[C@H]23)OCO4)cc(OC)c1O,0.005802057358137927,0.0006608753,0.00029645526,0.9969361,2501,3248,93
2827,CHEMBL485696,SULFISOMIDINE,Cc1cc(NS(=O)(=O)c2ccc(N)cc2)nc(C)n1,0.0058001199882391115,0.00013886766,0.09934884,0.014143183,2934,1817,2788
2828,CHEMBL1200845,HALCINONIDE,CC1(C)O[C@@H]2C[C@H]3[C@@H]4CCC5=CC(=O)CC[C@]5(C)[C@@]4(F)[C@@H](O)C[C@]3(C)[C@]2(C(=O)CCl)O1,0.005772172250941494,3.5871595e-05,0.07609529,0.07045464,3181,1977,2458
2829,CHEMBL61,PODOFILOX,COc1cc([C@@H]2c3cc4c(cc3[C@H](O)[C@H]3COC(=O)[C@H]23)OCO4)cc(OC)c1OC,0.005760255109147787,0.0010081423,0.00018989478,0.9983669,2365,3271,73
2830,CHEMBL1375743,ZIPRASIDONE HYDROCHLORIDE,Cl.O.O=C1Cc2cc(CCN3CCN(c4nsc5ccccc45)CC3)c(Cl)cc2N1,0.005757960847266466,0.0042471252,4.495212e-05,0.9999099,1838,3327,10
2831,CHEMBL1200859,ISOSULFAN BLUE,CCN(CC)c1ccc(C(=C2C=CC(=[N+](CC)CC)C=C2)c2cc(S(=O)(=O)[O-])ccc2S(=O)(=O)[O-])cc1.[Na+],0.005749760530178951,0.007281797,0.051472064,0.00050715316,1644,2166,3164
2832,CHEMBL1463,FLUCYTOSINE,Nc1nc(=O)[nH]cc1F,0.005743890808044796,0.0045741247,0.03793915,0.0010920006,1809,2316,3093
2833,CHEMBL3989858,MAGNESIUM ACETATE TETRAHYDRATE,CC(=O)[O-].CC(=O)[O-].O.O.O.O.[Mg+2],0.005713359094423538,0.0009614803,0.05824038,0.0033305031,2386,2107,2985
2834,CHEMBL2218861,QUINAGOLIDE,CCCN1CC(NS(=O)(=O)N(CC)CC)CC2Cc3c(O)cccc3CC21,0.005709424683777023,0.0005639373,0.0018134363,0.18198852,2546,3107,2032
2835,CHEMBL483254,PANOBINOSTAT,Cc1[nH]c2ccccc2c1CCNCc1ccc(/C=C/C(=O)NO)cc1,0.005677389796373946,0.0010071569,0.05281815,0.0034400583,2366,2148,2982
2836,CHEMBL3039502,DUVELISIB,C[C@H](Nc1ncnc2nc[nH]c12)c1cc2cccc(Cl)c2c(=O)n1-c1ccccc1,0.005675902841195386,0.0027965193,0.01137352,0.005748998,2014,2751,2924
2837,CHEMBL1538,TENOFOVIR DISOPROXIL,CC(C)OC(=O)OCOP(=O)(CO[C@H](C)Cn1cnc2c(N)ncnc21)OCOC(=O)OC(C)C,0.005664643333316376,0.0053976816,0.016917577,0.0019905458,1745,2640,3038
2838,CHEMBL398707,HYDROMORPHONE,CN1CC[C@]23c4c5ccc(O)c4O[C@H]2C(=O)CC[C@H]3[C@H]1C5,0.005655975798853112,1.425642e-05,0.1457612,0.08707033,3270,1607,2391
2839,CHEMBL982,NALMEFENE,C=C1CC[C@@]2(O)[C@H]3Cc4ccc(O)c5c4[C@@]2(CCN3CC2CC2)[C@H]1O5,0.005619765803031541,1.2667681e-06,0.3832711,0.36555383,3356,845,1626
2840,CHEMBL256997,ATALUREN,O=C(O)c1cccc(-c2noc(-c3ccccc3F)n2)c1,0.005596639248356883,0.0040290114,0.018221078,0.0023878624,1863,2612,3018
2841,CHEMBL131,PREDNISOLONE,C[C@]12C=CC(=O)C=C1CC[C@@H]1[C@@H]2[C@@H](O)C[C@@]2(C)[C@H]1CC[C@]2(O)C(=O)CO,0.0055674103371009765,3.2222742e-05,0.03779405,0.1417013,3195,2320,2171
2842,CHEMBL607710,CHLORPHENESIN CARBAMATE,NC(=O)OCC(O)COc1ccc(Cl)cc1,0.005561064020666752,3.0920883e-06,0.15861768,0.350647,3339,1545,1647
2843,CHEMBL981,FENOFIBRIC ACID,CC(C)(Oc1ccc(C(=O)c2ccc(Cl)cc2)cc1)C(=O)O,0.005519498386796148,0.008422888,0.044017836,0.00045353317,1593,2235,3175
2844,CHEMBL976,PRAZIQUANTEL,O=C(C1CCCCC1)N1CC(=O)N2CCc3ccccc3C2C1,0.005491953432612731,6.755725e-05,0.044174332,0.055505827,3072,2231,2547
2845,CHEMBL2107797,NORGESTREL,C#CC1(O)CC[C@H]2[C@@H]3CCC4=CC(=O)CC[C@@H]4[C@H]3CC[C@@]21CC,0.005476376005111715,3.439454e-05,0.00852506,0.5601351,3187,2831,1309
2846,CHEMBL5315125,DUVELISIB MONOHYDRATE,C[C@H](Nc1ncnc2nc[nH]c12)c1cc2cccc(Cl)c2c(=O)n1-c1ccccc1.O,0.005449877341167858,0.0027498547,0.011925249,0.004936088,2022,2745,2935
2847,CHEMBL1200807,NORELGESTROMIN,C#C[C@]1(O)CC[C@H]2[C@@H]3CCC4=C/C(=N/O)CC[C@@H]4[C@H]3CC[C@@]21CC,0.00544979764816047,0.000106341926,0.021383783,0.07117906,2979,2552,2454
2848,CHEMBL462547,URETHANE,CCOC(N)=O,0.0054360900615022,0.0002730544,0.15357226,0.003830873,2749,1574,2963
2849,CHEMBL1200778,DEXRAZOXANE HYDROCHLORIDE,C[C@@H](CN1CC(=O)NC(=O)C1)N1CC(=O)NC(=O)C1.Cl,0.005310978142139777,0.00081985473,0.0007645984,0.23897542,2437,3188,1875
2850,CHEMBL38,TRETINOIN,CC1=C(/C=C/C(C)=C/C=C/C(C)=C/C(=O)O)C(C)(C)CCC1,0.005304298309375398,9.170206e-05,0.021051796,0.07730643,3011,2560,2431
2851,CHEMBL1095777,INDACATEROL,CCc1cc2c(cc1CC)CC(NC[C@H](O)c1ccc(O)c3[nH]c(=O)ccc13)C2,0.0052832342671571475,0.00034148496,0.0004414471,0.97824883,2694,3227,341
2852,CHEMBL95,TACRINE,Nc1c2c(nc3ccccc13)CCCC2,0.0052783951278981235,0.0019868917,7.403118e-05,0.9998087,2139,3306,19
2853,CHEMBL1201032,RIZATRIPTAN BENZOATE,CN(C)CCc1c[nH]c2ccc(Cn3cncn3)cc12.O=C(O)c1ccccc1,0.005268780531380531,0.001102597,0.037327863,0.0035536978,2337,2331,2975
2854,CHEMBL656,OXYCODONE,COc1ccc2c3c1O[C@H]1C(=O)CC[C@@]4(O)[C@@H](C2)N(C)CC[C@]314,0.005247629018958928,2.8294944e-06,0.7363716,0.06935593,3341,310,2464
2855,CHEMBL1200430,ESTRADIOL ACETATE,CC(=O)Oc1ccc2c(c1)CC[C@@H]1[C@@H]2CC[C@]2(C)[C@@H](O)CC[C@@H]12,0.005234191264562901,9.484794e-05,0.0028237686,0.5354162,2999,3039,1343
2856,CHEMBL1201125,IOTHALAMATE MEGLUMINE,CNC(=O)c1c(I)c(NC(C)=O)c(I)c(C(=O)O)c1I.CNC[C@H](O)[C@@H](O)[C@H](O)[C@H](O)CO,0.005222108437942384,0.0020190235,0.0009743715,0.07238882,2132,3164,2449
2857,CHEMBL1256,ISOFLURANE,FC(F)OC(Cl)C(F)(F)F,0.005214638519449099,0.0014663998,0.012818427,0.00754372,2243,2724,2883
2858,CHEMBL1200487,ETHACRYNATE SODIUM,C=C(CC)C(=O)c1ccc(OCC(=O)[O-])c(Cl)c1Cl.[Na+],0.00520276931915171,0.0042277575,0.03748013,0.00088877656,1839,2327,3110
2859,CHEMBL2218878,TRIMETREXATE GLUCURONATE,COc1cc(NCc2ccc3nc(N)nc(N)c3c2C)cc(OC)c1OC.O=C(O)[C@H]1O[C@H](O)[C@H](O)[C@@H](O)[C@@H]1O,0.00515410159150787,0.012315521,0.03526473,0.00031525773,1454,2354,3206
2860,CHEMBL6067988,RASAGILINE TARTRATE,C#CCN[C@@H]1CCc2ccccc21.C#CCN[C@@H]1CCc2ccccc21.O=C(O)[C@H](O)[C@@H](O)C(=O)O,0.005120978773545121,0.0029650917,0.07967172,0.00056848215,1989,1947,3154
2861,CHEMBL1683590,ERIBULIN,C=C1C[C@@H]2CC[C@@]34C[C@H]5O[C@H]6[C@@H](O3)[C@H]3O[C@H](CC[C@@H]3O[C@H]6[C@H]5O4)CC(=O)C[C@@H]3[C@@H](OC)[C@@H](C[C@H](O)CN)O[C@H]3C[C@H]3O[C@@H](CC[C@@H]1O2)C[C@@H](C)C3=C,0.005113157633589658,4.9988394e-06,0.042968657,0.62236685,3325,2249,1214
2862,CHEMBL2105762,OMARIGLIPTIN,CS(=O)(=O)n1cc2c(n1)CN([C@H]1CO[C@H](c3cc(F)ccc3F)[C@@H](N)C1)C2,0.005080644670388082,0.0008208557,0.00017494473,0.91324764,2436,3277,645
2863,CHEMBL5095049,PACRITINIB CITRATE,C1=C/COCc2cc(ccc2OCCN2CCCC2)Nc2nccc(n2)-c2cccc(c2)COC/1.O=C(O)CC(O)(CC(=O)O)C(=O)O,0.005034009191348284,0.006757604,0.006888177,0.0027405962,1665,2878,3007
2864,CHEMBL361812,RAMATROBAN,O=C(O)CCn1c2c(c3ccccc31)C[C@H](NS(=O)(=O)c1ccc(F)cc1)CC2,0.004997840065062,0.0014555964,0.002725151,0.03147136,2248,3045,2671
2865,CHEMBL1201236,CARBIDOPA ANHYDROUS,C[C@@](Cc1ccc(O)c(O)c1)(NN)C(=O)O,0.004963613741423923,0.00074335356,0.21271518,0.0007733927,2469,1333,3121
2866,CHEMBL1615372,LURASIDONE HYDROCHLORIDE,Cl.O=C1[C@@H]2[C@H]3CC[C@H](C3)[C@@H]2C(=O)N1C[C@@H]1CCCC[C@H]1CN1CCN(c2nsc3ccccc23)CC1,0.004955778212111194,4.2082112e-05,0.008158335,0.35451657,3158,2841,1640
2867,CHEMBL620,CLIDINIUM,C[N+]12CCC(CC1)C(OC(=O)C(O)(c1ccccc1)c1ccccc1)C2,0.004900463743492871,7.453981e-05,0.00366288,0.43102312,3057,3007,1518
2868,CHEMBL443,SULFAMETHOXAZOLE,Cc1cc(NS(=O)(=O)c2ccc(N)cc2)no1,0.0048720587122740465,0.00015699059,0.059928093,0.012292313,2909,2090,2807
2869,CHEMBL427216,GLICLAZIDE,Cc1ccc(S(=O)(=O)NC(=O)NN2CC3CCCC3C2)cc1,0.0048546467010160835,0.00041209353,0.025439713,0.010913517,2649,2478,2821
2870,CHEMBL1457,HYDROCODONE,COc1ccc2c3c1O[C@H]1C(=O)CC[C@H]4[C@@H](C2)N(C)CC[C@]314,0.004790696393014557,3.3549602e-06,0.46832806,0.06997752,3337,690,2460
2871,CHEMBL61593,CYCLOTHIAZIDE,NS(=O)(=O)c1cc2c(cc1Cl)NC(C1CC3C=CC1C3)NS2(=O)=O,0.004762686125032382,0.00037734967,0.0011461688,0.24978332,2664,3151,1852
2872,CHEMBL708,ZIPRASIDONE,O=C1Cc2cc(CCN3CCN(c4nsc5ccccc45)CC3)c(Cl)cc2N1,0.004743196420653394,0.0032664419,3.2671876e-05,0.9999175,1945,3342,9
2873,CHEMBL2216870,IDELALISIB,CC[C@H](Nc1ncnc2[nH]cnc12)c1nc2cccc(F)c2c(=O)n1-c1ccccc1,0.004706654126745363,0.002009399,0.008505688,0.006100441,2134,2832,2915
2874,CHEMBL105,MITOMYCIN,CO[C@@]12[C@H](COC(N)=O)C3=C(C(=O)C(C)=C(N)C3=O)N1C[C@@H]1N[C@@H]12,0.004642807335635599,2.0215948e-06,0.41584948,0.11904514,3347,777,2269
2875,CHEMBL1560,CAPTOPRIL,C[C@H](CS)C(=O)N1CCC[C@H]1C(=O)O,0.004631178571665139,0.00016178658,0.017239537,0.035612836,2902,2634,2642
2876,CHEMBL1200348,SULCONAZOLE NITRATE,Clc1ccc(CSC(Cn2ccnc2)c2ccc(Cl)cc2Cl)cc1.O=[N+]([O-])O,0.004628291727919565,0.008958545,0.023730775,0.0004663508,1570,2509,3173
2877,CHEMBL2062335,METOPROLOL TARTRATE,COCCc1ccc(OCC(O)CNC(C)C)cc1.COCCc1ccc(OCC(O)CNC(C)C)cc1.O=C(O)C(O)C(O)C(=O)O,0.004625358161494538,1.6919252e-05,0.049832083,0.117366984,3258,2181,2279
2878,CHEMBL455186,TREOSULFAN,CS(=O)(=O)OC[C@H](O)[C@@H](O)COS(C)(=O)=O,0.0045927897950088035,3.16044e-05,0.04559274,0.06723361,3200,2216,2476
2879,CHEMBL1200866,PERFLUBRON,FC(F)(F)C(F)(F)C(F)(F)C(F)(F)C(F)(F)C(F)(F)C(F)(F)C(F)(F)Br,0.0045887632606061105,5.9640413e-05,0.0018292372,0.8856786,3098,3106,712
2880,CHEMBL413965,FELBINAC,O=C(O)Cc1ccc(-c2ccccc2)cc1,0.004572362387795972,0.0002452848,0.06728981,0.005791643,2790,2041,2922
2881,CHEMBL1756,ESTRAMUSTINE PHOSPHATE,C[C@]12CC[C@@H]3c4ccc(OC(=O)N(CCCl)CCCl)cc4CC[C@H]3[C@@H]1CC[C@@H]2OP(=O)(O)O,0.004570769079469526,0.00021839484,0.0004886982,0.894715,2819,3221,695
2882,CHEMBL3655081,ABROCITINIB,CCCS(=O)(=O)N[C@H]1C[C@@H](N(C)c2ncnc3[nH]ccc23)C1,0.004558006439569957,0.0012571986,0.0071362583,0.01055481,2290,2873,2829
2883,CHEMBL1201754,RUFINAMIDE,NC(=O)c1cn(Cc2c(F)cccc2F)nn1,0.004536056413490349,0.016495971,0.01401827,0.00040361102,1354,2701,3188
2884,CHEMBL2109882,TRISILICATE,O=[Si](O)O[Si](O)(O)O[Si](=O)O,0.004523498378158892,0.006459327,0.0031340402,0.0045722667,1680,3027,2944
2885,CHEMBL3590187,CLASCOTERONE,CCC(=O)O[C@]1(C(=O)CO)CC[C@H]2[C@@H]3CCC4=CC(=O)CC[C@]4(C)[C@H]3CC[C@@]21C,0.004498319916249872,2.7082031e-05,0.03371753,0.099681325,3219,2371,2337
2886,CHEMBL515387,GOSOGLIPTIN,O=C([C@@H]1C[C@H](N2CCN(c3ncccn3)CC2)CN1)N1CCC(F)(F)C1,0.0044857877455228845,0.0001862096,0.0033063719,0.14660951,2861,3015,2151
2887,CHEMBL1200508,IOXAGLATE MEGLUMINE,CNC(=O)c1c(I)c(C(=O)NCC(=O)Nc2c(I)c(C(=O)O)c(I)c(C(=O)NCCO)c2I)c(I)c(N(C)C(C)=O)c1I.CNC[C@H](O)[C@@H](O)[C@H](O)[C@H](O)CO,0.004466195261335688,0.004755114,0.0005324868,0.035183843,1790,3213,2645
2888,CHEMBL3184143,GUANADREL SULFATE,N=C(N)NCC1COC2(CCCCC2)O1.N=C(N)NCC1COC2(CCCCC2)O1.O=S(=O)(O)O,0.004447870424264651,8.185854e-06,0.057849776,0.18581931,3302,2112,2024
2889,CHEMBL93,ZILEUTON,CC(c1cc2ccccc2s1)N(O)C(N)=O,0.004439911768979146,0.002989915,0.0061857044,0.0047323313,1985,2909,2938
2890,CHEMBL86304,MOCLOBEMIDE,O=C(NCCN1CCOCC1)c1ccc(Cl)cc1,0.004408492567748555,0.00032230743,0.04709133,0.005644938,2710,2203,2925
2891,CHEMBL1395,METHYLTESTOSTERONE,C[C@]12CCC(=O)C=C1CC[C@@H]1[C@@H]2CC[C@@]2(C)[C@H]1CC[C@]2(C)O,0.0043996446464640016,4.7440946e-05,0.0037533375,0.47827965,3143,3001,1431
2892,CHEMBL1908919,FLORBETAPIR,CNc1ccc(/C=C/c2ccc(OCCOCCOCCF)nc2)cc1,0.004392194101464032,7.231528e-05,0.0609364,0.01922816,3060,2081,2734
2893,CHEMBL1774461,FLORBETAPIR F 18,CNc1ccc(/C=C/c2ccc(OCCOCCOCC[18F])nc2)cc1,0.004392194101464032,7.231528e-05,0.0609364,0.01922816,3060,2081,2734
2894,CHEMBL2104095,CHOLINE SALICYLATE,C[N+](C)(C)CCO.O=C([O-])c1ccccc1O,0.004354536486506669,0.0052375467,0.008775454,0.0017965048,1755,2828,3047
2895,CHEMBL1200436,OXANDROLONE,C[C@]12COC(=O)C[C@@H]1CC[C@@H]1[C@@H]2CC[C@@]2(C)[C@H]1CC[C@]2(C)O,0.004350339241460512,0.00018095992,0.00092349114,0.49266806,2875,3169,1406
2896,CHEMBL1237021,LURASIDONE,O=C1[C@@H]2[C@H]3CC[C@H](C3)[C@@H]2C(=O)N1C[C@@H]1CCCC[C@H]1CN1CCN(c2nsc3ccccc23)CC1,0.004331025206635541,3.6432473e-05,0.006441782,0.34616035,3177,2900,1657
2897,CHEMBL2364612,LATANOPROSTENE BUNOD,O=C(CCC/C=C\C[C@@H]1[C@@H](CC[C@@H](O)CCc2ccccc2)[C@H](O)C[C@@H]1O)OCCCCO[N+](=O)[O-],0.004323251402079769,0.0011092087,0.00684988,0.010634947,2334,2881,2828
2898,CHEMBL1201075,IOXILAN,CC(=O)N(CC(O)CO)c1c(I)c(C(=O)NCCO)c(I)c(C(=O)NCC(O)CO)c1I,0.004293970356160722,0.009241584,0.00034529628,0.024810681,1559,3240,2699
2899,CHEMBL1393,SPIRONOLACTONE,CC(=O)S[C@@H]1CC2=CC(=O)CC[C@]2(C)[C@H]2CC[C@@]3(C)[C@@H](CC[C@@]34CCC(=O)O4)[C@H]12,0.004284576536530396,6.8048116e-06,0.051527537,0.2243201,3311,2165,1916
2900,CHEMBL1345,GUANETHIDINE MONOSULFATE,N=C(N)NCCN1CCCCCCC1.O=S(=O)(O)O,0.004192703940661788,8.627187e-05,0.018324684,0.04662047,3025,2607,2592
2901,CHEMBL1200748,CARBIDOPA,C[C@@](Cc1ccc(O)c(O)c1)(NN)C(=O)O.O,0.004182876065513292,0.00081330305,0.18799375,0.00047866214,2441,1432,3169
2902,CHEMBL1908359,SODIUM MONOFLUOROPHOSPHATE,O=P([O-])([O-])F.[Na+].[Na+],0.0041473425162957146,0.0022173033,0.016203001,0.0019855874,2097,2653,3039
2903,CHEMBL284906,NICORANDIL,O=C(NCCO[N+](=O)[O-])c1cccnc1,0.004141421177565113,0.002516779,0.021667069,0.0013025755,2054,2547,3080
2904,CHEMBL43128,PRIMAQUINE PHOSPHATE,COc1cc(NC(C)CCCN)c2ncccc2c1.O=P(O)(O)O.O=P(O)(O)O,0.004138213397320521,0.0064598382,0.024983507,0.00043910014,1679,2485,3180
2905,CHEMBL1463345,CANRENONE,C[C@]12CCC(=O)C=C1C=C[C@@H]1[C@@H]2CC[C@@]2(C)[C@H]1CC[C@@]21CCC(=O)O1,0.004133736370031251,1.0908434e-05,0.0404491,0.16008727,3289,2277,2100
2906,CHEMBL3833335,CHLORAL BETAINE,C[N+](C)(C)CC(=O)[O-].OC(O)C(Cl)(Cl)Cl,0.004096844446907795,0.0011618165,0.0041986317,0.014096234,2319,2984,2789
2907,CHEMBL1439,TAZOBACTAM SODIUM,C[C@]1(Cn2ccnn2)[C@H](C(=O)[O-])N2C(=O)C[C@H]2S1(=O)=O.[Na+],0.004085795568818785,0.0007148256,0.0022538174,0.042336132,2480,3072,2607
2908,CHEMBL1434513,NOREPINEPHRINE BITARTRATE,NC[C@H](O)c1ccc(O)c(O)c1.O.O=C(O)C(O)C(O)C(=O)O,0.004046220450225791,0.0016467182,0.35401526,0.00011363373,2205,919,3278
2909,CHEMBL1257,ENFLURANE,FC(F)OC(F)(F)C(F)Cl,0.00402686160418116,0.0009698181,0.007884114,0.008539985,2382,2852,2869
2910,CHEMBL1318287,PENTOLINIUM TARTRATE,C[N+]1(CCCCC[N+]2(C)CCCC2)CCCC1.O=C([O-])[C@H](O)[C@@H](O)C(=O)O.O=C([O-])[C@H](O)[C@@H](O)C(=O)O,0.00400940595469754,0.00033804678,0.07970963,0.0023919519,2697,1946,3017
2911,CHEMBL319144,MINODRONIC ACID,O=P(O)(O)C(O)(Cc1cnc2ccccn12)P(=O)(O)O,0.004007506997714627,0.006802981,0.001469245,0.006439164,1661,3129,2906
2912,CHEMBL1572,NETILMICIN,CCN[C@@H]1C[C@H](N)[C@@H](O[C@H]2OC(CN)=CC[C@H]2N)[C@H](O)[C@H]1O[C@H]1OC[C@](C)(O)[C@H](NC)[C@H]1O,0.004006380417562031,0.00025361998,0.00026004037,0.9750625,2773,3254,373
2913,CHEMBL243712,AMISULPRIDE,CCN1CCCC1CNC(=O)c1cc(S(=O)(=O)CC)c(N)cc1OC,0.003984123300474616,0.0022112739,0.010011198,0.0028567335,2098,2792,2998
2914,CHEMBL1486,TENOFOVIR DISOPROXIL FUMARATE,CC(C)OC(=O)OCOP(=O)(CO[C@H](C)Cn1cnc2c(N)ncnc21)OCOC(=O)OC(C)C.O=C(O)/C=C/C(=O)O,0.00397777740174831,0.0061665284,0.01778947,0.0005737435,1694,2623,3153
2915,CHEMBL43,AMSACRINE,COc1cc(NS(C)(=O)=O)ccc1Nc1c2ccccc2nc2ccccc12,0.003970848286048872,0.005585045,0.0026527038,0.0042260457,1731,3048,2952
2916,CHEMBL576127,FENSPIRIDE,O=C1NCC2(CCN(CCc3ccccc3)CC2)O1,0.003969011750736143,2.9197045e-05,0.03358505,0.06376208,3204,2375,2498
2917,CHEMBL177367,SILVER NITRATE,O=[N+]([O-])[O-].[Ag+],0.003967122151832267,0.00089588447,0.039087478,0.0017829413,2409,2294,3049
2918,CHEMBL5314934,VANZACAFTOR,CC1(C)C[C@@H]2CCCNc3cccc(n3)S(=O)(=O)NC(=O)c3ccc(-n4ccc(OCCC5C6(CC6)C56CC6)n4)nc3N1C2,0.003937070074997906,8.0718456e-07,0.55235213,0.11048505,3359,566,2293
2919,CHEMBL1200419,MOLINDONE HYDROCHLORIDE,CCc1c(C)[nH]c2c1C(=O)C(CN1CCOCC1)CC2.Cl,0.003932404734409902,9.29252e-05,0.0006938266,0.94317025,3008,3197,532
2920,CHEMBL1064,SIMVASTATIN,CCC(C)(C)C(=O)O[C@H]1C[C@@H](C)C=C2C=C[C@H](C)[C@H](CC[C@@H]3C[C@@H](O)CC(=O)O3)[C@H]21,0.003928342772227854,6.606865e-05,0.0025270274,0.36309692,3083,3056,1630
2921,CHEMBL1311,ISOSORBIDE MONONITRATE,O=[N+]([O-])O[C@@H]1CO[C@H]2[C@@H]1OC[C@@H]2O,0.003924553987015489,0.0001362178,0.0008956677,0.49543896,2939,3172,1400
2922,CHEMBL2023895,HYDROXYSTILBAMIDINE ISETHIONATE,N=C(N)c1ccc(/C=C/c2ccc(C(=N)N)cc2O)cc1.O=S(=O)(O)CCO.O=S(=O)(O)CCO,0.00391178622648563,0.00030160043,0.09573265,0.0020731615,2728,1844,3035
2923,CHEMBL532,ERYTHROMYCIN,CC[C@H]1OC(=O)[C@H](C)[C@@H](O[C@H]2C[C@@](C)(OC)[C@@H](O)[C@H](C)O2)[C@H](C)[C@@H](O[C@@H]2O[C@H](C)C[C@H](N(C)C)[C@H]2O)[C@](C)(O)C[C@@H](C)C(=O)[C@H](C)[C@@H](O)[C@]1(C)O,0.003905007598562343,5.3141674e-05,0.0021215605,0.52817166,3123,3078,1351
2924,CHEMBL1384,KANAMYCIN,NC[C@H]1O[C@H](O[C@H]2[C@H](O)[C@@H](O[C@H]3O[C@H](CO)[C@@H](O)[C@H](N)[C@H]3O)[C@H](N)C[C@@H]2N)[C@H](O)[C@@H](O)[C@@H]1O,0.003867727435415314,0.0007511134,7.71592e-05,0.99833065,2468,3305,76
2925,CHEMBL550348,DEFERASIROX,O=C(O)c1ccc(-n2nc(-c3ccccc3O)nc2-c2ccccc2O)cc1,0.003852284747014002,0.003949113,0.01568558,0.0009229005,1870,2665,3109
2926,CHEMBL1593558,DEBRISOQUIN SULFATE,N=C(N)N1CCc2ccccc2C1.N=C(N)N1CCc2ccccc2C1.O=S(=O)(O)O,0.0038510046317320507,0.0025306032,0.005076043,0.004446034,2050,2957,2949
2927,CHEMBL271227,ABIRATERONE ACETATE,CC(=O)O[C@H]1CC[C@@]2(C)C(=CC[C@@H]3[C@@H]2CC[C@]2(C)C(c4cccnc4)=CC[C@@H]32)C1,0.0038443201791166274,2.2063005e-05,0.010372174,0.24826996,3239,2781,1856
2928,CHEMBL168815,CEVIMELINE,CC1OC2(CS1)CN1CCC2CC1,0.003823036209219819,1.7359812e-06,0.03479086,0.92515635,3350,2359,607
2929,CHEMBL1200399,BUSPIRONE HYDROCHLORIDE,Cl.O=C1CC2(CCCC2)CC(=O)N1CCCCN1CCN(c2ncccn2)CC1,0.0038183925200035423,2.2239396e-05,0.005983874,0.41834655,3237,2916,1534
2930,CHEMBL108,CARBAMAZEPINE,NC(=O)N1c2ccccc2C=Cc2ccccc21,0.0038153669476486134,0.002960266,0.010491358,0.0017883248,1990,2774,3048
2931,CHEMBL3989511,IOBENGUANE SULFATE I 131,N=C(N)NCc1cccc([131I])c1.N=C(N)NCc1cccc([131I])c1.O=S(=O)(O)O,0.0038142488430781157,0.0015039967,0.0038439163,0.009598567,2233,2995,2846
2932,CHEMBL3989523,IOBENGUANE SULFATE I 123,N=C(N)NCc1cccc([123I])c1.N=C(N)NCc1cccc([123I])c1.O=S(=O)(O)O,0.0038142488430781157,0.0015039967,0.0038439163,0.009598567,2233,2995,2846
2933,CHEMBL1201335,GLYCOPYRRONIUM,C[N+]1(C)CCC(OC(=O)C(O)(c2ccccc2)C2CCCC2)C1,0.0038099012662102046,6.014852e-05,0.0058370074,0.15751648,3097,2925,2107
2934,CHEMBL1559,MICONAZOLE NITRATE,Clc1ccc(COC(Cn2ccnc2)c2ccc(Cl)cc2Cl)c(Cl)c1.O=[N+]([O-])O,0.003808925670510679,0.0068279086,0.06597935,0.00012266253,1657,2051,3272
2935,CHEMBL1200455,IOHEXOL,CC(=O)N(CC(O)CO)c1c(I)c(C(=O)NCC(O)CO)c(I)c(C(=O)NCC(O)CO)c1I,0.0037909891030464805,0.0066613136,0.00033746942,0.024236128,1674,3243,2702
2936,CHEMBL1389,LEVONORGESTREL,C#C[C@]1(O)CC[C@H]2[C@@H]3CCC4=CC(=O)CC[C@@H]4[C@H]3CC[C@@]21CC,0.0037734802081159234,4.8618513e-05,0.0024484107,0.45137793,3139,3059,1480
2937,CHEMBL1237072,DIRITHROMYCIN,CC[C@H]1OC(=O)[C@H](C)[C@@H](O[C@H]2C[C@@](C)(OC)[C@@H](O)[C@H](C)O2)[C@H](C)[C@@H](O[C@@H]2O[C@H](C)C[C@H](N(C)C)[C@H]2O)[C@](C)(O)C[C@@H](C)[C@@H]2N[C@@H](COCCOC)O[C@H]([C@H]2C)[C@]1(C)O,0.003763125320587138,3.1101947e-05,0.0022659472,0.75615144,3201,3071,1010
2938,CHEMBL1200585,OXYMETHOLONE,C[C@]12C/C(=C/O)C(=O)C[C@@H]1CC[C@@H]1[C@@H]2CC[C@@]2(C)[C@H]1CC[C@]2(C)O,0.003753538719400566,4.8078702e-05,0.008680178,0.1267188,3140,2830,2234
2939,CHEMBL1165342,VINCAMINE,CC[C@]12CCCN3CCc4c(n(c5ccccc45)[C@@](O)(C(=O)OC)C1)[C@@H]32,0.0037411375546341765,2.8664685e-05,0.013683864,0.13349192,3207,2710,2206
2940,CHEMBL1741,CLARITHROMYCIN,CC[C@H]1OC(=O)[C@H](C)[C@@H](O[C@H]2C[C@@](C)(OC)[C@@H](O)[C@H](C)O2)[C@H](C)[C@@H](O[C@@H]2O[C@H](C)C[C@H](N(C)C)[C@H]2O)[C@](C)(OC)C[C@@H](C)C(=O)[C@H](C)[C@@H](O)[C@]1(C)O,0.003691044491794969,4.4709588e-05,0.001948037,0.5773643,3152,3091,1276
2941,CHEMBL386630,TESTOSTERONE,C[C@]12CC[C@H]3[C@@H](CCC4=CC(=O)CC[C@@]43C)[C@@H]1CC[C@@H]2O,0.0036715732414960437,2.2095095e-05,0.0024350814,0.9199138,3238,3062,621
2942,CHEMBL1201146,NORETHINDRONE ACETATE,C#C[C@]1(OC(C)=O)CC[C@H]2[C@@H]3CCC4=CC(=O)CC[C@@H]4[C@H]3CC[C@@]21C,0.003661240827730868,5.0807976e-05,0.011937274,0.08091849,3133,2744,2416
2943,CHEMBL409,BICALUTAMIDE,CC(O)(CS(=O)(=O)c1ccc(F)cc1)C(=O)Nc1ccc(C#N)c(C(F)(F)F)c1,0.003657956967176287,0.0017714984,0.0033751847,0.008186106,2173,3014,2877
2944,CHEMBL566315,OBETICHOLIC ACID,CC[C@H]1[C@@H](O)[C@@H]2[C@H](CC[C@]3(C)[C@@H]([C@H](C)CCC(=O)O)CC[C@@H]23)[C@@]2(C)CC[C@@H](O)C[C@@H]12,0.0036479950467951426,8.007372e-06,0.0064578457,0.9388254,3303,2898,548
2945,CHEMBL1479,DANAZOL,C#C[C@]1(O)CC[C@H]2[C@@H]3CCC4=Cc5oncc5C[C@]4(C)[C@H]3CC[C@@]21C,0.0036349201744815705,1.1280027e-05,0.0053077294,0.80216885,3287,2947,910
2946,CHEMBL1220,TINIDAZOLE,CCS(=O)(=O)CCn1c([N+](=O)[O-])cnc1C,0.003561118740456483,0.004726204,0.004566452,0.0020925116,1793,2976,3033
2947,CHEMBL844,BRIMONIDINE,Brc1c(NC2=NCCN2)ccc2nccnc12,0.0035404168006119194,0.0054686493,0.00016924042,0.04794892,1741,3280,2582
2948,CHEMBL1200751,MERCAPTOPURINE,O.S=c1[nH]cnc2nc[nH]c12,0.0035380951585462393,0.0031723555,0.01754965,0.0007955332,1959,2629,3118
2949,CHEMBL1589,ACETOHEXAMIDE,CC(=O)c1ccc(S(=O)(=O)NC(=O)NC2CCCCC2)cc1,0.003525997203039736,0.0002943304,0.052611526,0.0028309354,2738,2153,3001
2950,CHEMBL1200644,FONDAPARINUX SODIUM,CO[C@H]1O[C@H](COS(=O)(=O)[O-])[C@@H](O[C@@H]2O[C@@H](C(=O)[O-])[C@@H](O[C@H]3O[C@H](COS(=O)(=O)[O-])[C@@H](O[C@@H]4O[C@H](C(=O)[O-])[C@@H](O[C@H]5O[C@H](COS(=O)(=O)[O-])[C@@H](O)[C@H](O)[C@H]5NS(=O)(=O)[O-])[C@H](O)[C@H]4O)[C@H](OS(=O)(=O)[O-])[C@H]3NS(=O)(=O)[O-])[C@H](O)[C@H]2OS(=O)(=O)[O-])[C@H](O)[C@H]1NS(=O)(=O)[O-].[Na+].[Na+].[Na+].[Na+].[Na+].[Na+].[Na+].[Na+].[Na+].[Na+],0.00348983476306758,0.00026282304,0.0010537565,0.15346561,2764,3158,2123
2951,CHEMBL175,DEXIBUPROFEN,CC(C)Cc1ccc([C@H](C)C(=O)O)cc1,0.0034799383759592257,5.6978122e-05,0.08251854,0.008963037,3110,1929,2863
2952,CHEMBL3707395,ELAFIBRANOR,CSc1ccc(C(=O)/C=C/c2cc(C)c(OC(C)(C)C(=O)O)c(C)c2)cc1,0.0034672122563647566,0.001002534,0.0696635,0.000596811,2370,2026,3148
2953,CHEMBL1663,PERFLUTREN,FC(F)(F)C(F)(F)C(F)(F)F,0.003438024252866604,0.001718001,0.00011630309,0.2033818,2186,3287,1973
2954,CHEMBL1121,SINCALIDE,CSCC[C@H](NC(=O)[C@H](Cc1ccc(OS(=O)(=O)O)cc1)NC(=O)[C@@H](N)CC(=O)O)C(=O)NCC(=O)N[C@@H](Cc1c[nH]c2ccccc12)C(=O)N[C@@H](CCSC)C(=O)N[C@@H](CC(=O)O)C(=O)N[C@@H](Cc1ccccc1)C(N)=O,0.0034341403035042313,2.5055845e-06,0.18840636,0.08579257,3344,1431,2399
2955,CHEMBL25,ASPIRIN,CC(=O)Oc1ccccc1C(=O)O,0.0034290246663344574,0.0016748952,0.05631761,0.0004274448,2194,2127,3181
2956,CHEMBL404,TAZOBACTAM,C[C@]1(Cn2ccnn2)[C@H](C(=O)O)N2C(=O)C[C@H]2S1(=O)=O,0.003424261428389976,0.0006671809,0.0017304725,0.03477703,2499,3111,2648
2957,CHEMBL435298,ESFLURBIPROFEN,C[C@H](C(=O)O)c1ccc(-c2ccccc2)c(F)c1,0.003405638021954924,0.0057514273,0.036126733,0.00019010383,1716,2338,3237
2958,CHEMBL5095050,FINGOLIMOD LAURYL SULFATE,CCCCCCCCCCCCOS(=O)(=O)O.CCCCCCCCc1ccc(CCC(N)(CO)CO)cc1,0.0033779408393853658,1.120254e-05,0.06010911,0.05723996,3288,2087,2534
2959,CHEMBL2105648,PALOVAROTENE,CC1(C)CCC(C)(C)c2cc(Cn3cccn3)c(/C=C/c3ccc(C(=O)O)cc3)cc21,0.00336898688025049,0.0009339004,0.029955383,0.0013668551,2394,2415,3074
2960,CHEMBL1235452,SULFUR,S1SSSSSSS1,0.003355492687221292,0.022817956,0.0002582949,0.0064102714,1245,3255,2907
2961,CHEMBL370143,PAROMOMYCIN,NC[C@@H]1O[C@H](O[C@H]2[C@@H](O)[C@H](O[C@@H]3[C@@H](O)[C@H](N)C[C@H](N)[C@H]3O[C@H]3O[C@H](CO)[C@@H](O)[C@H](O)[C@H]3N)O[C@@H]2CO)[C@H](N)[C@@H](O)[C@@H]1O,0.0033509048596606144,0.00044114148,8.5431835e-05,0.9983637,2625,3301,74
2962,CHEMBL223448,BROXYQUINOLINE,Oc1c(Br)cc(Br)c2cccnc12,0.003343029572726904,0.0057145054,0.0023304771,0.002805416,1721,3067,3004
2963,CHEMBL1200789,TRICLOFOS SODIUM,O=P([O-])(O)OCC(Cl)(Cl)Cl.[Na+],0.00333824862705686,0.0019049612,0.005121029,0.0038134034,2150,2955,2965
2964,CHEMBL1200609,PAROXETINE MESYLATE,CS(=O)(=O)O.Fc1ccc([C@@H]2CCNC[C@H]2COc2ccc3c(c2)OCO3)cc1,0.0033307678631628217,0.0010032983,0.0005982532,0.06156274,2369,3206,2511
2965,CHEMBL71595,HYDROGEN PEROXIDE,OO,0.0033233624965812955,0.00090467854,0.04739172,0.00085612334,2407,2202,3113
2966,CHEMBL1788385,TILBROQUINOL,Cc1cc(Br)c(O)c2ncccc12,0.0032970963340563683,0.0061348937,0.008176455,0.0007145338,1695,2839,3126
2967,CHEMBL1641,HYDROCORTISONE PHOSPHORIC ACID,C[C@]12CCC(=O)C=C1CC[C@@H]1[C@@H]2[C@@H](O)C[C@@]2(C)[C@H]1CC[C@]2(O)C(=O)COP(=O)(O)O,0.0032806062565980914,7.9563e-05,0.0074891285,0.059254277,3044,2865,2520
2968,CHEMBL267345,AMPHOTERICIN B,C[C@@H]1[C@H](O)[C@@H](C)/C=C/C=C/C=C/C=C/C=C/C=C/C=C/[C@H](O[C@@H]2O[C@H](C)[C@@H](O)[C@H](N)[C@@H]2O)C[C@@H]2O[C@](O)(C[C@@H](O)C[C@@H](O)[C@H](O)CC[C@@H](O)C[C@@H](O)CC(=O)O[C@H]1C)C[C@H](O)[C@H]2C(=O)O,0.003280431318705654,0.00017679301,0.010845256,0.018411439,2883,2765,2742
2969,CHEMBL4303288,ABACAVIR SULFATE,Nc1nc(NC2CC2)c2ncn([C@H]3C=C[C@@H](CO)C3)c2n1.Nc1nc(NC2CC2)c2ncn([C@H]3C=C[C@@H](CO)C3)c2n1.O=S(=O)(O)O,0.0032761327614535874,0.004104443,0.0037272256,0.0022985,1853,3003,3025
2970,CHEMBL1237102,LEVOCABASTINE HYDROCHLORIDE,C[C@@H]1CN([C@H]2CC[C@](C#N)(c3ccc(F)cc3)CC2)CC[C@]1(C(=O)O)c1ccccc1.Cl,0.0032743622465696114,0.00013168552,0.0151736075,0.017569253,2945,2676,2753
2971,CHEMBL460,MOLINDONE,CCc1c(C)[nH]c2c1C(=O)C(CN1CCOCC1)CC2,0.0032622146767003275,7.100464e-05,0.00051524065,0.948945,3066,3215,510
2972,CHEMBL4594231,IODOXAMATE MEGLUMINE,CNC[C@H](O)[C@@H](O)[C@H](O)[C@H](O)CO.CNC[C@H](O)[C@@H](O)[C@H](O)[C@H](O)CO.O=C(CCOCCOCCOCCOCCC(=O)Nc1c(I)cc(I)c(C(=O)O)c1I)Nc1c(I)cc(I)c(C(=O)O)c1I,0.0032562782140916555,0.0025229165,0.00045084968,0.03035498,2053,3226,2673
2973,CHEMBL1615438,LEVOCABASTINE,C[C@@H]1CN([C@H]2CC[C@](C#N)(c3ccc(F)cc3)CC2)CC[C@]1(C(=O)O)c1ccccc1,0.0032460128712918958,0.00012483417,0.014066147,0.019477896,2953,2700,2733
2974,CHEMBL1271,PENTOLINIUM,C[N+]1(CCCCC[N+]2(C)CCCC2)CCCC1,0.0032428550989457385,1.9500781e-05,0.0019470702,0.8981497,3249,3092,687
2975,CHEMBL2364637,TENOFOVIR ALAFENAMIDE FUMARATE,CC(C)OC(=O)[C@H](C)N[P@](=O)(CO[C@H](C)Cn1cnc2c(N)ncnc21)Oc1ccccc1.CC(C)OC(=O)[C@H](C)N[P@](=O)(CO[C@H](C)Cn1cnc2c(N)ncnc21)Oc1ccccc1.O=C(O)/C=C/C(=O)O,0.0031958056967527557,0.0059091975,0.010022438,0.0005511112,1711,2791,3158
2976,CHEMBL1738,DEXRAZOXANE,C[C@@H](CN1CC(=O)NC(=O)C1)N1CC(=O)NC(=O)C1,0.0031160840860893447,0.00036910354,0.00034383158,0.23841491,2674,3241,1876
2977,CHEMBL1237066,CALCIUM GLUCEPTATE,O=C([O-])C(O)[C@H](O)[C@@H](O)[C@H](O)[C@H](O)CO.O=C([O-])C(O)[C@H](O)[C@@H](O)[C@H](O)[C@H](O)CO.[Ca+2],0.0031158067370258983,0.00024210353,0.03591058,0.0034792686,2792,2342,2978
2978,CHEMBL205596,CHOLIC ACID,C[C@H](CCC(=O)O)[C@H]1CC[C@H]2[C@@H]3[C@H](O)C[C@@H]4C[C@H](O)CC[C@]4(C)[C@H]3C[C@H](O)[C@]12C,0.0031012005946639333,2.3451044e-05,0.0016219823,0.78411794,3232,3120,949
2979,CHEMBL1201056,SULFACYTINE,CCn1ccc(NS(=O)(=O)c2ccc(N)cc2)nc1=O,0.003085349006213279,0.0012033129,0.03876518,0.00062964036,2308,2302,3143
2980,CHEMBL1200577,CYSTEAMINE BITARTRATE,NCCS.O=C(O)[C@H](O)[C@@H](O)C(=O)O,0.0030487562460380624,0.00034658122,0.21438088,0.00038139682,2687,1323,3190
2981,CHEMBL1164729,FEBUXOSTAT,Cc1nc(-c2ccc(OCC(C)C)c(C#N)c2)sc1C(=O)O,0.0030480174619103746,0.007920301,0.019584352,0.00018255816,1607,2576,3241
2982,CHEMBL1690,HYDROXYCHLOROQUINE SULFATE,CCN(CCO)CCCC(C)Nc1ccnc2cc(Cl)ccc12.O=S(=O)(O)O,0.003043808878241517,0.00116893,0.025861034,0.0009328626,2316,2471,3108
2983,CHEMBL1167,SPECTINOMYCIN,CN[C@@H]1[C@H](O)[C@H](NC)[C@H]2O[C@@]3(O)C(=O)C[C@@H](C)O[C@H]3O[C@@H]2[C@H]1O,0.0030410641863963888,6.5595955e-06,0.0076461053,0.56073743,3314,2860,1306
2984,CHEMBL1523964,EPHEDRINE SULFATE,CN[C@@H](C)[C@H](O)c1ccccc1.CN[C@@H](C)[C@H](O)c1ccccc1.O=S(=O)(O)O,0.003040257679460306,0.001067623,0.050839826,0.0005177369,2349,2171,3163
2985,CHEMBL461522,METAMIZOLE,Cc1c(N(C)CS(=O)(=O)O)c(=O)n(-c2ccccc2)n1C,0.003026329718894461,0.0031812391,0.0066857664,0.0013031703,1957,2890,3079
2986,CHEMBL1200907,TRILOSTANE,C[C@]12CC[C@H]3[C@@H](CC[C@@]45O[C@@H]4C(O)=C(C#N)C[C@]35C)[C@@H]1CC[C@@H]2O,0.0030261711059957506,4.066932e-08,0.056141127,0.49362755,3383,2128,1403
2987,CHEMBL406393,DEOXYCHOLIC ACID,C[C@H](CCC(=O)O)[C@H]1CC[C@H]2[C@@H]3CC[C@@H]4C[C@H](O)CC[C@]4(C)[C@H]3C[C@H](O)[C@]12C,0.003016617805113473,1.7535238e-05,0.0019104477,0.8194337,3257,3098,878
2988,CHEMBL1200459,"POTASSIUM PHOSPHATE, DIBASIC",O=P([O-])([O-])O.[K+].[K+],0.0030152137993895538,0.0015310294,0.044306766,0.0004041111,2227,2228,3187
2989,CHEMBL1720,PALONOSETRON HYDROCHLORIDE,Cl.O=C1c2cccc3c2[C@H](CCC3)CN1[C@@H]1CN2CCC1CC2,0.0029913234164554185,3.307865e-05,0.0109751765,0.07372775,3193,2762,2446
2990,CHEMBL1570,SULFOXONE,O=S(O)CNc1ccc(S(=O)(=O)c2ccc(NCS(=O)O)cc2)cc1,0.0029881716025477486,0.00019026431,0.097773455,0.0014342947,2850,1829,3066
2991,CHEMBL169901,DEBRISOQUIN,N=C(N)N1CCc2ccccc2C1,0.0029739438084834128,0.0012824447,0.0014197201,0.014446304,2286,3134,2780
2992,CHEMBL360055,GALLAMINE,CC[N+](CC)(CC)CCOc1cccc(OCC[N+](CC)(CC)CC)c1OCC[N+](CC)(CC)CC,0.0029726309498692644,0.00091790233,0.0017150375,0.016686026,2404,3113,2759
2993,CHEMBL2068884,SODIUM GLUCONATE,O=C([O-])[C@H]1O[C@H](O)[C@H](O)[C@@H](O)[C@@H]1O.[Na+],0.0029582488592298202,0.0007195779,0.00040685965,0.08842636,2479,3230,2386
2994,CHEMBL125,MILTEFOSINE,CCCCCCCCCCCCCCCCOP(=O)([O-])OCC[N+](C)(C)C,0.002942282229829051,0.002190708,0.0042728838,0.0027211173,2102,2981,3008
2995,CHEMBL3989803,DIPYRONE,Cc1c(N(C)CS(=O)(=O)[O-])c(=O)n(-c2ccccc2)n1C.O.[Na+],0.0029380211655400845,0.0028691741,0.008130605,0.0010871389,2004,2842,3094
2996,CHEMBL190,THEOPHYLLINE ANHYDROUS,Cn1c(=O)c2[nH]cnc2n(C)c1=O,0.002929760495623406,0.20085792,0.008883102,1.409428e-05,483,2825,3370
2997,CHEMBL1200627,PROPIOLACTONE,O=C1CCO1,0.0029254243493459097,0.00029697406,0.00010202377,0.8263175,2735,3293,863
2998,CHEMBL1683544,ERIBULIN MESYLATE,C=C1C[C@@H]2CC[C@@]34C[C@H]5O[C@H]6[C@@H](O3)[C@H]3O[C@H](CC[C@@H]3O[C@H]6[C@H]5O4)CC(=O)C[C@@H]3[C@@H](OC)[C@@H](C[C@H](O)CN)O[C@H]3C[C@H]3O[C@@H](CC[C@@H]1O2)C[C@@H](C)C3=C.CS(=O)(=O)O,0.0029176052914271144,4.702995e-06,0.050731353,0.104094714,3330,2174,2315
2999,CHEMBL3989806,IODIPAMIDE MEGLUMINE,CNC[C@H](O)[C@@H](O)[C@H](O)[C@H](O)CO.CNC[C@H](O)[C@@H](O)[C@H](O)[C@H](O)CO.O=C(CCCCC(=O)Nc1c(I)cc(I)c(C(=O)O)c1I)Nc1c(I)cc(I)c(C(=O)O)c1I,0.00291533986975291,0.0019646222,0.0003880402,0.032502122,2141,3234,2660
3000,CHEMBL49,BUSPIRONE,O=C1CC2(CCCC2)CC(=O)N1CCCCN1CCN(c2ncccn2)CC1,0.0028990711844295363,1.7666749e-05,0.0036979932,0.372953,3256,3004,1615
3001,CHEMBL19,METHAZOLAMIDE,CC(=O)/N=c1/sc(S(N)(=O)=O)nn1C,0.0028988398745904394,0.0018032874,0.005872166,0.002300432,2165,2923,3024
3002,CHEMBL256105,MONENSIN,CC[C@@]1([C@@H]2O[C@@H]([C@H]3O[C@@](O)(CO)[C@H](C)C[C@@H]3C)C[C@@H]2C)CC[C@H]([C@]2(C)CC[C@]3(C[C@H](O)[C@@H](C)[C@@H]([C@@H](C)[C@@H](OC)[C@H](C)C(=O)O)O3)O2)O1,0.0028923812030530833,2.2851086e-06,0.021984262,0.48166785,3345,2537,1422
3003,CHEMBL2107355,MIGALASTAT HYDROCHLORIDE,Cl.OC[C@H]1NC[C@H](O)[C@@H](O)[C@H]1O,0.0028778361592647307,0.00026594766,0.000111762376,0.8018744,2756,3289,911
3004,CHEMBL521,IBUPROFEN,CC(C)Cc1ccc(C(C)C(=O)O)cc1,0.0028281589326572642,0.00031356025,0.0528025,0.0013662681,2716,2149,3075
3005,CHEMBL2106119,CALCIUM GLUCONATE,O=C([O-])[C@H](O)[C@@H](O)[C@H](O)[C@H](O)CO.O=C([O-])[C@H](O)[C@@H](O)[C@H](O)[C@H](O)CO.[Ca+2],0.002794229958540763,0.00021701801,0.043644883,0.0023033372,2821,2239,3023
3006,CHEMBL1387,NORETHYNODREL,C#C[C@]1(O)CC[C@H]2[C@@H]3CCC4=C(CCC(=O)C4)[C@H]3CC[C@@]21C,0.0027345113081434476,2.8424756e-05,0.0032577654,0.22081198,3208,3019,1928
3007,CHEMBL238804,SELEXIPAG,CC(C)N(CCCCOCC(=O)NS(C)(=O)=O)c1cnc(-c2ccccc2)c(-c2ccccc2)n1,0.002701617779120605,0.0024113124,0.0068702493,0.001190271,2066,2880,3087
3008,CHEMBL254328,ABIRATERONE,C[C@]12CC[C@H](O)CC1=CC[C@@H]1[C@@H]2CC[C@]2(C)C(c3cccnc3)=CC[C@@H]12,0.002698348214143448,1.8915765e-05,0.0016537807,0.62804705,3252,3119,1202
3009,CHEMBL529,AZITHROMYCIN,CC[C@H]1OC(=O)[C@H](C)[C@@H](O[C@H]2C[C@@](C)(OC)[C@@H](O)[C@H](C)O2)[C@H](C)[C@@H](O[C@@H]2O[C@H](C)C[C@H](N(C)C)[C@H]2O)[C@](C)(O)C[C@@H](C)CN(C)[C@H](C)[C@@H](O)[C@]1(C)O,0.0026935359851094666,2.6912521e-05,0.0012330796,0.5888744,3220,3148,1256
3010,CHEMBL204656,ELVITEGRAVIR,COc1cc2c(cc1Cc1cccc(Cl)c1F)c(=O)c(C(=O)O)cn2[C@H](CO)C(C)C,0.002683078755597857,0.0041505657,0.0005104997,0.009115855,1847,3216,2860
3011,CHEMBL717,MEDROXYPROGESTERONE ACETATE,CC(=O)O[C@]1(C(C)=O)CC[C@H]2[C@@H]3C[C@H](C)C4=CC(=O)CC[C@]4(C)[C@H]3CC[C@@]21C,0.002678038215249579,1.6409615e-05,0.015440151,0.07580543,3262,2668,2442
3012,CHEMBL741,LAMOTRIGINE,Nc1nnc(-c2cccc(Cl)c2Cl)c(N)n1,0.0026570296776250654,0.0073671117,0.005090669,0.00050016923,1637,2956,3166
3013,CHEMBL48449,CANTHARIDIN,C[C@@]12C(=O)OC(=O)[C@]1(C)[C@H]1CC[C@@H]2O1,0.0026337747020880337,1.8994592e-07,0.09591453,0.19048096,3372,1842,2010
3014,CHEMBL28318,PROPYPHENAZONE,Cc1c(C(C)C)c(=O)n(-c2ccccc2)n1C,0.002623571535422909,0.005480901,0.01763587,0.00018682281,1739,2627,3238
3015,CHEMBL1200592,DESOXYCORTICOSTERONE PIVALATE,CC(C)(C)C(=O)OCC(=O)[C@H]1CC[C@H]2[C@@H]3CCC4=CC(=O)CC[C@]4(C)[C@H]3CC[C@]12C,0.002607532172874716,2.9166626e-05,0.0042381748,0.14342476,3205,2982,2162
3016,CHEMBL1189679,PALONOSETRON,O=C1c2cccc3c2[C@H](CCC3)CN1[C@@H]1CN2CCC1CC2,0.002601808711849325,2.8086855e-05,0.008181957,0.07664177,3213,2838,2436
3017,CHEMBL3989520,HISTAMINE PHOSPHATE,NCCc1c[nH]cn1.O=P(O)(O)O.O=P(O)(O)O,0.0025765599185882653,0.0013770997,0.052684095,0.00023576304,2268,2151,3228
3018,CHEMBL1201039,BENZTHIAZIDE,NS(=O)(=O)c1cc2c(cc1Cl)N=C(CSCc1ccccc1)NS2(=O)=O,0.0025610781444487868,0.0058032256,0.0010864835,0.0026642568,1714,3156,3010
3019,CHEMBL1234579,NITROUS OXIDE,[N-]=[N+]=O,0.002525060002718448,0.0010086414,0.02393426,0.0006668961,2364,2502,3135
3020,CHEMBL1200839,DIATRIZOATE MEGLUMINE,CC(=O)Nc1c(I)c(NC(C)=O)c(I)c(C(=O)O)c1I.CNC[C@H](O)[C@@H](O)[C@H](O)[C@H](O)CO,0.0024805121503451515,0.0012258091,0.00039559556,0.031473845,2299,3232,2670
3021,CHEMBL1888176,TROSPIUM,O=C(O[C@H]1C[C@H]2CC[C@@H](C1)[N+]21CCCC1)C(O)(c1ccccc1)c1ccccc1,0.0024803221210325703,2.6212132e-05,0.006723196,0.086585656,3223,2887,2393
3022,CHEMBL3989750,GLUCOSAMINE SULFATE,N[C@H]1C(O)O[C@H](CO)[C@@H](O)[C@@H]1O.N[C@H]1C(O)O[C@H](CO)[C@@H](O)[C@@H]1O.O=S(=O)(O)O,0.0024799951233433035,0.0002909481,0.00050778175,0.1032428,2741,3217,2321
3023,CHEMBL1644029,POTASSIUM NITRATE,O=[N+]([O-])[O-].[K+],0.0024789497690459643,0.0004908347,0.031314164,0.0009911224,2593,2397,3102
3024,CHEMBL1549,HYDROCORTISONE CYPIONATE,C[C@]12CCC(=O)C=C1CC[C@@H]1[C@@H]2[C@@H](O)C[C@@]2(C)[C@H]1CC[C@]2(O)C(=O)COC(=O)CCC1CCCC1,0.002472194284787735,8.585713e-06,0.009667801,0.18203036,3298,2799,2031
3025,CHEMBL2355456,IBUTILIDE FUMARATE,CCCCCCCN(CC)CCCC(O)c1ccc(NS(C)(=O)=O)cc1.CCCCCCCN(CC)CCCC(O)c1ccc(NS(C)(=O)=O)cc1.O=C(O)/C=C/C(=O)O,0.0024564537331682548,0.0001627552,0.05660606,0.0016088969,2900,2123,3058
3026,CHEMBL15891,LINDANE,Cl[C@H]1[C@H](Cl)[C@@H](Cl)[C@@H](Cl)[C@H](Cl)[C@H]1Cl,0.002436134671204938,0.010854918,3.3254226e-05,0.040052585,1500,3340,2616
3027,CHEMBL3084748,TROSPIUM CHLORIDE,O=C(O[C@H]1C[C@H]2CC[C@@H](C1)[N+]21CCCC1)C(O)(c1ccccc1)c1ccccc1.[Cl-],0.0024310342250146687,2.5315549e-05,0.00905473,0.06267735,3228,2821,2504
3028,CHEMBL2107825,TENOFOVIR ALAFENAMIDE,CC(C)OC(=O)[C@H](C)N[P@](=O)(CO[C@H](C)Cn1cnc2c(N)ncnc21)Oc1ccccc1,0.0024270210804908463,0.0030378525,0.004640641,0.0010140892,1979,2973,3101
3029,CHEMBL1521,ZALEPLON,CCN(C(C)=O)c1cccc(-c2ccnc3c(C#N)cnn23)c1,0.0024221348961307194,0.0019997386,0.022270102,0.00031908005,2136,2535,3204
3030,CHEMBL1200980,ESTROPIPATE,C1CNCCN1.C[C@]12CC[C@@H]3c4ccc(OS(=O)(=O)O)cc4CC[C@H]3[C@@H]1CCC2=O,0.002411935721203637,6.75031e-05,0.00029128478,0.7136019,3073,3250,1079
3031,CHEMBL3989855,PSEUDOEPHEDRINE SULFATE,CN[C@@H](C)[C@@H](O)c1ccccc1.CN[C@@H](C)[C@@H](O)c1ccccc1.O=S(=O)(O)O,0.002407550401756089,0.0012217852,0.04609539,0.00024778437,2300,2214,3225
3032,CHEMBL1355736,THEOPHYLLINE,Cn1c(=O)c2nc[nH]c2n(C)c1=O.O,0.0023996055378090325,0.108104974,0.009853289,1.2971576e-05,663,2798,3372
3033,CHEMBL1551,URSODIOL,C[C@H](CCC(=O)O)[C@H]1CC[C@H]2[C@@H]3[C@@H](O)C[C@@H]4C[C@H](O)CC[C@]4(C)[C@H]3CC[C@]12C,0.002389411384979545,1.1921782e-05,0.0015494492,0.7385061,3285,3123,1040
3034,CHEMBL1201173,MEDRYSONE,CC(=O)[C@H]1CC[C@H]2[C@@H]3C[C@H](C)C4=CC(=O)CC[C@]4(C)[C@H]3[C@@H](O)C[C@]12C,0.0023704946928346927,7.502375e-06,0.0028274353,0.6279508,3305,3038,1204
3035,CHEMBL1201202,FONDAPARINUX,CO[C@H]1O[C@H](COS(=O)(=O)O)[C@@H](O[C@@H]2O[C@@H](C(=O)O)[C@@H](O[C@H]3O[C@H](COS(=O)(=O)O)[C@@H](O[C@@H]4O[C@H](C(=O)O)[C@@H](O[C@H]5O[C@H](COS(=O)(=O)O)[C@@H](O)[C@H](O)[C@H]5NS(=O)(=O)O)[C@H](O)[C@H]4O)[C@H](OS(=O)(=O)O)[C@H]3NS(=O)(=O)O)[C@H](O)[C@H]2OS(=O)(=O)O)[C@H](O)[C@H]1NS(=O)(=O)O,0.0023697834860329785,0.00017311508,0.0006054752,0.12696816,2886,3205,2233
3036,CHEMBL1201317,TRICLOFOS,O=P(O)(O)OCC(Cl)(Cl)Cl,0.002369509288364275,0.0011934516,0.0032326046,0.0034484006,2312,3022,2980
3037,CHEMBL1200624,ETHYNODIOL DIACETATE,C#C[C@]1(OC(C)=O)CC[C@H]2[C@@H]3CCC4=C[C@@H](OC(C)=O)CC[C@@H]4[C@H]3CC[C@@]21C,0.0023637663503451463,1.6400212e-05,0.010002416,0.080511734,3263,2794,2418
3038,CHEMBL1162,NORETHINDRONE,C#C[C@]1(O)CC[C@H]2[C@@H]3CCC4=CC(=O)CC[C@@H]4[C@H]3CC[C@@]21C,0.0023584159097101323,3.8825816e-05,0.0020617102,0.16387513,3166,3085,2088
3039,CHEMBL455917,CHLORAL HYDRATE,OC(O)C(Cl)(Cl)Cl,0.0023369228777433866,0.007757504,0.00016597389,0.009912228,1614,3281,2841
3040,CHEMBL240597,CHENODIOL,C[C@H](CCC(=O)O)[C@H]1CC[C@H]2[C@@H]3[C@H](O)C[C@@H]4C[C@H](O)CC[C@]4(C)[C@H]3CC[C@]12C,0.0023036854969565204,1.4522689e-05,0.0012317935,0.68341506,3269,3149,1114
3041,CHEMBL5314365,MONENSIN SODIUM,CC[C@@]1([C@H]2O[C@H]([C@H]3O[C@@](O)(CO)[C@H](C)C[C@@H]3C)C[C@H]2C)CC[C@H]([C@@]2(C)CC[C@]3(C[C@H](O)[C@@H](C)[C@@H]([C@H](C)[C@H](OC)[C@@H](C)C(=O)[O-])O3)O2)O1.[Na+],0.002296492350769456,1.3130363e-06,0.02684892,0.3435511,3355,2456,1661
3042,CHEMBL1201044,DAPIPRAZOLE HYDROCHLORIDE,Cc1ccccc1N1CCN(CCc2nnc3n2CCCC3)CC1.Cl,0.0022635199210392937,9.366762e-05,0.0001244803,0.9946332,3004,3284,135
3043,CHEMBL1006,AMIFOSTINE,NCCCNCCSP(=O)(O)O,0.0022581186821735684,0.004084996,0.0038199227,0.0007378939,1857,2998,3123
3044,CHEMBL1201049,ECONAZOLE NITRATE,Clc1ccc(COC(Cn2ccnc2)c2ccc(Cl)cc2Cl)cc1.O=[N+]([O-])O,0.0022524310798230007,0.0034364099,0.022367895,0.0001486704,1929,2533,3260
3045,CHEMBL565,CLOFIBRATE,CCOC(=O)C(C)(C)Oc1ccc(Cl)cc1,0.0022353087624464555,0.002204126,0.024421012,0.00020749735,2101,2497,3233
3046,CHEMBL1909282,FENCLOZIC ACID,O=C(O)Cc1csc(-c2ccc(Cl)cc2)n1,0.0022194213731054017,0.001616593,0.01205805,0.0005608433,2215,2738,3157
3047,CHEMBL1200353,MEGLUMINE METRIZOATE,CC(=O)Nc1c(I)c(C(=O)O)c(I)c(N(C)C(C)=O)c1I.CNC[C@H](O)[C@@H](O)[C@H](O)[C@H](O)CO,0.0022163660419192532,0.0017527863,0.0002927096,0.021220643,2178,3249,2723
3048,CHEMBL3989698,TRANYLCYPROMINE SULFATE,N[C@@H]1C[C@H]1c1ccccc1.N[C@H]1C[C@@H]1c1ccccc1.O=S(=O)(O)O,0.0022117517317156794,0.00057679974,0.004677767,0.0040100096,2541,2971,2958
3049,CHEMBL389621,HYDROCORTISONE,C[C@]12CCC(=O)C=C1CC[C@@H]1[C@@H]2[C@@H](O)C[C@@]2(C)[C@H]1CC[C@]2(O)C(=O)CO,0.0022085509161543335,1.20070135e-05,0.007859848,0.11414928,3284,2853,2287
3050,CHEMBL14,CARBACHOL,C[N+](C)(C)CCOC(N)=O.[Cl-],0.0021993163428896483,0.0003972101,0.009402676,0.0028483367,2655,2810,2999
3051,CHEMBL3544971,DEXTROAMPHETAMINE SULFATE,C[C@H](N)Cc1ccccc1.C[C@H](N)Cc1ccccc1.O=S(=O)(O)O,0.002186931752722733,0.0006853218,0.024557816,0.0006214719,2490,2494,3145
3052,CHEMBL1201151,MESTRANOL,C#C[C@]1(O)CC[C@H]2[C@@H]3CCc4cc(OC)ccc4[C@H]3CC[C@@]21C,0.002181584544948757,2.7328135e-05,0.00042121898,0.9019832,3217,3228,680
3053,CHEMBL3989922,NIRAPARIB TOSYLATE MONOHYDRATE,Cc1ccc(S(=O)(=O)O)cc1.NC(=O)c1cccc2cn(-c3ccc([C@@H]4CCCNC4)cc3)nc12.O,0.002162313312149182,0.001967504,0.011507206,0.00044655026,2140,2750,3178
3054,CHEMBL2145077,IVABRADINE HYDROCHLORIDE,COc1cc2c(cc1OC)CC(=O)N(CCCN(C)C[C@H]1Cc3cc(OC)c(OC)cc31)CC2.Cl,0.002130679664945277,0.00046484492,2.0809168e-05,0.9999809,2611,3351,4
3055,CHEMBL1562610,MECLOFENAMATE SODIUM,Cc1ccc(Cl)c(Nc2ccccc2C(=O)[O-])c1Cl.O.[Na+],0.0021218774345982787,0.01312673,0.00755303,9.635696e-05,1433,2863,3290
3056,CHEMBL1245,TRIMETHAPHAN CAMSYLATE,CC1(C)C2CCC1(CS(=O)(=O)[O-])C(=O)C2.O=C1N(Cc2ccccc2)C2C[S+]3CCCC3C2N1Cc1ccccc1,0.0021059241089832936,6.9336315e-06,0.062131252,0.021679895,3309,2076,2720
3057,CHEMBL2218917,CEVIMELINE HYDROCHLORIDE,CC1OC2(CS1)CN1CCC2CC1.Cl.O,0.0021047758043305754,4.7177963e-07,0.01655192,0.56333816,3365,2647,1300
3058,CHEMBL1201131,PIPERONYL BUTOXIDE,CCCCOCCOCCOCc1cc2c(cc1CCC)OCO2,0.0020835535917309014,0.009045612,4.100085e-07,0.9999449,1567,3384,6
3059,CHEMBL965,CARBAMOYLCHOLINE,C[N+](C)(C)CCOC(N)=O,0.0020625258563916724,0.00019439212,0.009638535,0.004682834,2847,2801,2941
3060,CHEMBL1200806,NAPROXEN SODIUM,COc1ccc2cc([C@H](C)C(=O)[O-])ccc2c1.[Na+],0.002058258492742719,0.000566876,0.06964473,0.00022086332,2543,2027,3232
3061,CHEMBL16080,TRICHLOROETHANE,CC(Cl)(Cl)Cl,0.002053730960891307,0.004980719,0.00023685714,0.007342632,1774,3260,2890
3062,CHEMBL1200521,ALMOTRIPTAN MALATE,CN(C)CCc1c[nH]c2ccc(CS(=O)(=O)N3CCCC3)cc12.O=C(O)CC(O)C(=O)O,0.002049392701443699,0.0002569474,0.0148514295,0.0022556044,2770,2684,3026
3063,CHEMBL2107525,SODIUM PHOSPHATE P 32,O=[32P]([O-])([O-])O.[Na+].[Na+],0.0020411352044352104,0.001071522,0.023847908,0.00033278504,2347,2506,3201
3064,CHEMBL1060,"SODIUM PHOSPHATE, DIBASIC, ANHYDROUS",O=P([O-])([O-])O.[Na+].[Na+],0.002041135042220364,0.0010715215,0.023847913,0.00033278504,2348,2505,3201
3065,CHEMBL11662,OZAGREL,O=C(O)/C=C/c1ccc(Cn2ccnc2)cc1,0.002034708495743658,9.238438e-05,0.054604903,0.0016698462,3010,2137,3055
3066,CHEMBL110458,MIGALASTAT,OC[C@H]1NC[C@H](O)[C@@H](O)[C@H]1O,0.0020204621520709086,0.00021540406,4.3612425e-05,0.87798727,2824,3331,749
3067,CHEMBL471737,IVABRADINE,COc1cc2c(cc1OC)CC(=O)N(CCCN(C)C[C@H]1Cc3cc(OC)c(OC)cc31)CC2,0.0019968093784824724,0.00042111738,1.8906658e-05,0.9999813,2641,3354,3
3068,CHEMBL2107560,"SODIUM PHOSPHATE, DIBASIC",O.O.O=P([O-])([O-])O.[Na+].[Na+],0.001991849515858704,0.0012291395,0.025338707,0.00025373706,2297,2480,3223
3069,CHEMBL563,FLURBIPROFEN,CC(C(=O)O)c1ccc(-c2ccccc2)c(F)c1,0.0019728333556548482,0.004717738,0.039025262,4.1705334e-05,1795,2295,3341
3070,CHEMBL501,AMPHETAMINE SULFATE,CC(N)Cc1ccccc1.O=S(=O)(O)O,0.001958032672745135,0.0010332828,0.02883387,0.00025196344,2356,2430,3224
3071,CHEMBL1234886,OXYGEN,O=O,0.001957412507700719,0.00060198794,0.018128667,0.0006872163,2532,2616,3130
3072,CHEMBL1201048,DROMOSTANOLONE PROPIONATE,CCC(=O)O[C@H]1CC[C@H]2[C@@H]3CC[C@H]4CC(=O)[C@H](C)C[C@]4(C)[C@H]3CC[C@]12C,0.0019456531303770422,6.2610266e-06,0.0017297948,0.68007433,3316,3112,1124
3073,CHEMBL494753,ESTRONE SULFURIC ACID,C[C@]12CC[C@@H]3c4ccc(OS(=O)(=O)O)cc4CC[C@H]3[C@@H]1CCC2=O,0.0019419194982559895,5.0196875e-05,0.00018481787,0.7893566,3136,3274,937
3074,CHEMBL2095209,ICOSAPENT ETHYL,CC/C=C\C/C=C\C/C=C\C/C=C\C/C=C\CCCC(=O)OCC,0.001941223681926385,5.396312e-06,0.01386936,0.097740255,3321,2706,2348
3075,CHEMBL847,OXAMNIQUINE,CC(C)NCC1CCc2cc(CO)c([N+](=O)[O-])cc2N1,0.001939427684856009,0.0002462169,2.976562e-05,0.99537754,2787,3346,122
3076,CHEMBL1509,DROSPIRENONE,C[C@]12CCC(=O)C=C1[C@@H]1C[C@@H]1[C@H]1[C@@H]3[C@@H]4C[C@@H]4[C@@]4(CCC(=O)O4)[C@@]3(C)CC[C@@H]12,0.0019179788754549463,6.3677516e-07,0.025517628,0.2764975,3362,2477,1803
3077,CHEMBL1540,PENCICLOVIR,Nc1nc(O)c2ncn(CCC(CO)CO)c2n1,0.0019170080071492998,0.029174685,0.00089372107,0.00027018637,1161,3174,3216
3078,CHEMBL1201172,IODAMIDE MEGLUMINE,CC(=O)NCc1c(I)c(NC(C)=O)c(I)c(C(=O)O)c1I.CNC[C@H](O)[C@@H](O)[C@H](O)[C@H](O)CO,0.0019097249164462726,0.0016386963,0.00032340473,0.013142182,2208,3245,2796
3079,CHEMBL103,PROGESTERONE,CC(=O)[C@H]1CC[C@H]2[C@@H]3CCC4=CC(=O)CC[C@]4(C)[C@H]3CC[C@]12C,0.001901559861317209,6.50418e-06,0.002572091,0.41100883,3315,3053,1553
3080,CHEMBL1747,TOBRAMYCIN,NC[C@H]1O[C@H](O[C@H]2[C@H](O)[C@@H](O[C@H]3O[C@H](CO)[C@@H](O)[C@H](N)[C@H]3O)[C@H](N)C[C@@H]2N)[C@H](N)C[C@@H]1O,0.0018891004243200202,0.00015440548,4.383629e-05,0.99602133,2915,3330,106
3081,CHEMBL457,GEMFIBROZIL,Cc1ccc(C)c(OCCCC(C)(C)C(=O)O)c1,0.0018796183849938322,0.00012004235,0.03773611,0.0014659446,2958,2324,3062
3082,CHEMBL1201216,DAPIPRAZOLE,Cc1ccccc1N1CCN(CCc2nnc3n2CCCC3)CC1,0.0018545255728537422,6.740326e-05,9.5186544e-05,0.99412775,3075,3295,149
3083,CHEMBL2103774,TIBOLONE,C#C[C@]1(O)CC[C@H]2[C@@H]3[C@H](C)CC4=C(CCC(=O)C4)[C@H]3CC[C@@]21C,0.0018502568749386111,1.6270616e-05,0.0018977562,0.20514065,3264,3100,1967
3084,CHEMBL1768,BETHANECHOL CHLORIDE,CC(C[N+](C)(C)C)OC(N)=O.[Cl-],0.0018360044061288424,0.00045743518,0.012000192,0.0011274661,2618,2741,3090
3085,CHEMBL771,CYCLOSERINE,N[C@@H]1CONC1=O,0.0018048688163308376,0.0040342323,1.4657141e-06,0.99432194,1862,3380,141
3086,CHEMBL1201104,METHENAMINE HIPPURATE,C1N2CN3CN1CN(C2)C3.O=C(O)CNC(=O)c1ccccc1,0.0017950292560094392,1.2534071e-05,0.01617478,0.02852883,3275,2654,2685
3087,CHEMBL3137329,PEFICITINIB HYDROBROMIDE,Br.NC(=O)c1cnc2[nH]ccc2c1N[C@@H]1[C@@H]2CC3C[C@H]1C[C@@](O)(C3)C2,0.001789032154658619,1.6267248e-05,0.00091740786,0.3836877,3265,3171,1599
3088,CHEMBL1700,SOTALOL HYDROCHLORIDE,CC(C)NCC(O)c1ccc(NS(C)(=O)=O)cc1.Cl,0.0017878189575183242,8.03009e-05,0.039267797,0.001812231,3043,2292,3046
3089,CHEMBL1200365,AMINOHIPPURATE SODIUM,Nc1ccc(C(=O)NCC(=O)[O-])cc1.[Na+],0.0017833660869333882,7.1079434e-05,0.07724451,0.001033023,3064,1965,3100
3090,CHEMBL1587,POLYTHIAZIDE,CN1C(CSCC(F)(F)F)Nc2cc(Cl)c(S(N)(=O)=O)cc2S1(=O)=O,0.0017831148187597186,0.00068448536,0.0013040769,0.0063514165,2491,3144,2914
3091,CHEMBL471,SOTALOL,CC(C)NCC(O)c1ccc(NS(C)(=O)=O)cc1,0.0017829682974322214,7.674416e-05,0.038000755,0.0019435384,3053,2313,3042
3092,CHEMBL348000,CINCHOPHEN,O=C(O)c1cc(-c2ccccc2)nc2ccccc12,0.0017804995107437598,0.0036663641,0.018511124,8.316817e-05,1902,2603,3302
3093,CHEMBL1200549,RAPACURONIUM BROMIDE,C=CC[N+]1([C@H]2C[C@H]3[C@@H]4CC[C@H]5C[C@H](OC(C)=O)[C@@H](N6CCCCC6)C[C@]5(C)[C@H]4CC[C@]3(C)[C@H]2OC(=O)CC)CCCCC1.[Br-],0.0017802448441477106,6.4587834e-07,0.009156423,0.61618835,3361,2819,1221
3094,CHEMBL1201150,SUMATRIPTAN SUCCINATE,CNS(=O)(=O)Cc1ccc2[nH]cc(CCN(C)C)c2c1.O=C(O)CCC(=O)O,0.0017244567673097612,0.00017330569,0.012577023,0.002352699,2885,2729,3022
3095,CHEMBL1201345,TETRADECYL SULFURIC ACID,CCCCC(CC)CCC(CC(C)C)OS(=O)(=O)O,0.0017220141195170692,0.00018206515,0.007673162,0.003655181,2869,2858,2970
3096,CHEMBL1200689,NITRIC OXIDE,[N]=O,0.0017201577466822743,0.0004991136,0.01484842,0.000686792,2586,2685,3131
3097,CHEMBL1356,SODIUM BENZOATE,O=C([O-])c1ccccc1.[Na+],0.0016962418156155833,0.002238673,0.038907874,5.6031888e-05,2091,2300,3325
3098,CHEMBL509,MECLOFENAMIC ACID,Cc1ccc(Cl)c(Nc2ccccc2C(=O)O)c1Cl,0.001675593690823226,0.0099017145,0.0078004096,6.0908576e-05,1535,2854,3317
3099,CHEMBL1200925,"POTASSIUM PHOSPHATE, MONOBASIC",O=P([O-])(O)O.[K+],0.0016711832472739302,0.0006574948,0.039751407,0.0001785777,2504,2288,3244
3100,CHEMBL1200321,SULFISOXAZOLE DIOLAMINE,Cc1noc(NS(=O)(=O)c2ccc(N)cc2)c1C.OCCNCCO,0.0016693713230781,0.00066176016,0.010812511,0.000650177,2500,2767,3140
3101,CHEMBL754,FOSCARNET SODIUM,O=C([O-])P(=O)([O-])[O-].[Na+].[Na+].[Na+],0.001635857121100241,0.0004451454,0.009244504,0.0010637768,2623,2815,3098
3102,CHEMBL4802240,FOSCARBIDOPA,C[C@@](Cc1ccc(OP(=O)(O)O)c(O)c1)(NN)C(=O)O,0.0016355604737529894,0.0019642042,0.023429533,9.507133e-05,2142,2512,3293
3103,CHEMBL95889,BETAINE,C[N+](C)(C)CC(=O)O,0.0016224445423596136,0.00052281877,0.007657261,0.0010668046,2568,2859,3096
3104,CHEMBL957,BOSENTAN,COc1ccccc1Oc1c(NS(=O)(=O)c2ccc(C(C)(C)C)cc2)nc(-c2ncccn2)nc1OCCO,0.0015997683993433068,0.0008506074,0.005060827,0.00095108827,2427,2958,3105
3105,CHEMBL1200354,SODIUM TETRADECYL SULFATE,CCCCC(CC)CCC(CC(C)C)OS(=O)(=O)[O-].[Na+],0.001599596263523342,0.0002466379,0.0068464256,0.002423859,2784,2882,3016
3106,CHEMBL1330792,ACETARSONE,CC(=O)Nc1cc([As](=O)(O)O)ccc1O,0.0015982597268238876,0.00070957467,0.00184362,0.0031208482,2483,3105,2989
3107,CHEMBL1200389,BRIMONIDINE TARTRATE,Brc1c(NC2=NCCN2)ccc2nccnc12.O=C(O)[C@H](O)[C@@H](O)C(=O)O,0.0015936031746907656,0.001607364,0.018238116,0.00013805319,2217,2609,3266
3108,CHEMBL1201352,RAPACURONIUM,C=CC[N+]1([C@H]2C[C@H]3[C@@H]4CC[C@H]5C[C@H](OC(C)=O)[C@@H](N6CCCCC6)C[C@]5(C)[C@H]4CC[C@]3(C)[C@H]2OC(=O)CC)CCCCC1,0.0015918486388772062,3.536069e-07,0.008974281,0.4494751,3366,2822,1483
3109,CHEMBL1200814,ACETAZOLAMIDE SODIUM,CC(=O)Nc1nnc(S([NH-])(=O)=O)s1.[Na+],0.0015918174231458737,0.0006999466,0.0015016284,0.003837533,2487,3127,2962
3110,CHEMBL1544,LIOTHYRONINE,N[C@@H](Cc1cc(I)c(Oc2ccc(O)c(I)c2)c(I)c1)C(=O)O,0.00156755735763196,0.0010127183,0.0007600856,0.005004022,2361,3190,2934
3111,CHEMBL1626570,HEXOCYCLIUM METHYLSULFATE,COS(=O)(=O)[O-].C[N+]1(C)CCN(CC(O)(c2ccccc2)C2CCCCC2)CC1,0.0015651312066777385,3.511231e-05,0.0055473545,0.019683713,3185,2938,2731
3112,CHEMBL3989754,FLURBIPROFEN SODIUM,CC(C(=O)[O-])c1ccc(-c2ccccc2)c(F)c1.O.O.[Na+],0.00156341972858629,0.0036780355,0.035633445,2.91577e-05,1900,2350,3353
3113,CHEMBL898,DIFLUNISAL,O=C(O)c1cc(-c2ccc(F)cc2F)ccc1O,0.001553345751352205,0.0015303021,0.009449367,0.00025919382,2228,2807,3222
3114,CHEMBL75880,PERHEXILINE,C1CCC(C(CC2CCCCN2)C2CCCCC2)CC1,0.001538935944580924,1.2900469e-05,0.00060569955,0.466443,3273,3204,1456
3115,CHEMBL2079793,PENCICLOVIR SODIUM,Nc1nc([O-])c2ncn(CCC(CO)CO)c2n1.[Na+],0.0015386184465105437,0.02052913,0.0007252673,0.00024463833,1278,3194,3226
3116,CHEMBL1482,BETHANECHOL,CC(C[N+](C)(C)C)OC(N)=O,0.001526948655378069,0.00021703413,0.010979873,0.0014939919,2820,2760,3061
3117,CHEMBL1200722,PIPECURONIUM BROMIDE,CC(=O)O[C@H]1C[C@@H]2CC[C@@H]3[C@H](CC[C@@]4(C)[C@H]3C[C@H](N3CC[N+](C)(C)CC3)[C@@H]4OC(C)=O)[C@@]2(C)C[C@@H]1N1CC[N+](C)(C)CC1.[Br-].[Br-],0.0015194179214325413,1.3724144e-06,0.0052177985,0.48984528,3354,2951,1408
3118,CHEMBL497,CLIOQUINOL,Oc1c(I)cc(Cl)c2cccnc12,0.001516945836938135,0.003720991,0.00095915725,0.0009780518,1891,3166,3103
3119,CHEMBL686,MEFENAMIC ACID,Cc1cccc(Nc2ccccc2C(=O)O)c1C,0.0015004245069468053,0.0021808303,0.13556902,1.1425101e-05,2104,1642,3375
3120,CHEMBL1441059,ALBUTEROL SULFATE,CC(C)(C)NCC(O)c1ccc(O)c(CO)c1.CC(C)(C)NCC(O)c1ccc(O)c(CO)c1.O=S(=O)(O)O,0.0014935770872752246,0.00010387996,0.023198038,0.001382611,2985,2517,3072
3121,CHEMBL288470,AMINOPYRINE,Cc1c(N(C)C)c(=O)n(-c2ccccc2)n1C,0.0014763978962939416,0.0022617318,0.0135150235,0.00010528148,2088,2716,3284
3122,CHEMBL1200725,SERTACONAZOLE NITRATE,Clc1ccc(C(Cn2ccnc2)OCc2csc3c(Cl)cccc23)c(Cl)c1.O=[N+]([O-])O,0.0014677010351083829,0.0020365529,0.026495289,5.859333e-05,2126,2461,3322
3123,CHEMBL2105131,MEFRUSIDE,CN(CC1(C)CCCO1)S(=O)(=O)c1ccc(Cl)c(S(N)(=O)=O)c1,0.0014477559407191426,0.004621097,0.0002241762,0.0029292167,1807,3263,2996
3124,CHEMBL1279,FROVATRIPTAN,CN[C@@H]1CCc2[nH]c3ccc(C(N)=O)cc3c2C1,0.0014328477637051092,6.6786546e-05,8.355713e-05,0.5271422,3081,3302,1354
3125,CHEMBL1200711,OMEGA-3-ACID ETHYL ESTERS,CC/C=C\C/C=C\C/C=C\C/C=C\C/C=C\C/C=C\CCC(=O)OCC.CC/C=C\C/C=C\C/C=C\C/C=C\C/C=C\CCCC(=O)OCC,0.0014227877077010603,3.194708e-06,0.011832324,0.076193675,3338,2747,2441
3126,CHEMBL3989564,TOBRAMYCIN SULFATE,NC[C@H]1O[C@H](O[C@H]2[C@H](O)[C@@H](O[C@H]3O[C@H](CO)[C@@H](O)[C@H](N)[C@H]3O)[C@H](N)C[C@@H]2N)[C@H](N)C[C@@H]1O.NC[C@H]1O[C@H](O[C@H]2[C@H](O)[C@@H](O[C@H]3O[C@H](CO)[C@@H](O)[C@H](N)[C@H]3O)[C@H](N)C[C@@H]2N)[C@H](N)C[C@@H]1O.O=S(=O)(O)O.O=S(=O)(O)O.O=S(=O)(O)O.O=S(=O)(O)O.O=S(=O)(O)O,0.0014202437501975001,4.170056e-05,0.0004670764,0.1470818,3162,3224,2150
3127,CHEMBL2105581,VERALIPRIDE,C=CCN1CCCC1CNC(=O)c1cc(S(N)(=O)=O)cc(OC)c1OC,0.0014067757610086791,0.00092202204,0.0065106233,0.00046377874,2402,2897,3174
3128,CHEMBL1289,HALOPROGIN,Clc1cc(Cl)c(OCC#CI)cc1Cl,0.0013829907674555626,0.0047255494,0.00059596804,0.0009392532,1794,3207,3107
3129,CHEMBL1200539,CALCIUM CARBONATE,O=C([O-])[O-].[Ca+2],0.0013822123825079076,0.00021457305,0.035002783,0.00035159814,2825,2356,3195
3130,CHEMBL19449,IBUDILAST,CC(C)C(=O)c1c(C(C)C)nn2ccccc12,0.0013652634158482042,0.0072014686,0.018041201,1.958676e-05,1648,2617,3360
3131,CHEMBL424,SALICYLIC ACID,O=C(O)c1ccccc1O,0.0013550014890402911,0.0012450023,0.03974947,5.027103e-05,2294,2289,3330
3132,CHEMBL2105897,BARIUM SULFATE,O=S(=O)([O-])[O-].[Ba+2],0.0013460679451391083,0.00071982964,0.020683335,0.0001638139,2478,2564,3255
3133,CHEMBL1763,HYDROFLUMETHIAZIDE,NS(=O)(=O)c1cc2c(cc1C(F)(F)F)NCNS2(=O)=O,0.0013353067355169471,0.0002208151,0.0001756248,0.061394382,2814,3275,2512
3134,CHEMBL1339,VARDENAFIL HYDROCHLORIDE,CCCc1nc(C)c2c(O)nc(-c3cc(S(=O)(=O)N4CCN(CC)CC4)ccc3OCC)nn12.Cl,0.0013251797177037522,0.00037621032,0.0029195868,0.0021187137,2666,3034,3032
3135,CHEMBL408513,BELINOSTAT,O=C(/C=C/c1cccc(S(=O)(=O)Nc2ccccc2)c1)NO,0.0013238378314683415,0.0008822654,0.015380868,0.0001709717,2418,2669,3251
3136,CHEMBL1200743,IOXAGLATE SODIUM,CNC(=O)c1c(I)c(C(=O)NCC(=O)Nc2c(I)c(C(=O)[O-])c(I)c(C(=O)NCCO)c2I)c(I)c(N(C)C(C)=O)c1I.[Na+],0.0013112604435419717,0.008645698,7.2643576e-05,0.0035897938,1581,3308,2972
3137,CHEMBL1368,"SODIUM PHOSPHATE, MONOBASIC",O=P([O-])(O)O.[Na+],0.0012863363466791558,0.0004712074,0.026330683,0.00017154946,2606,2466,3250
3138,CHEMBL20,ACETAZOLAMIDE,CC(=O)Nc1nnc(S(N)(=O)=O)s1,0.0012769167804707604,0.00061939546,0.0009752296,0.0034467734,2527,3163,2981
3139,CHEMBL459,METHYLDOPA,C[C@](N)(Cc1ccc(O)c(O)c1)C(=O)O,0.0012663324607120924,0.0002644594,0.037950184,0.00020233462,2760,2315,3234
3140,CHEMBL1533,DESOGESTREL,C#C[C@]1(O)CC[C@H]2[C@@H]3CCC4=CCCC[C@@H]4[C@H]3C(=C)C[C@@]21CC,0.0012630402146657908,5.297003e-06,0.0022325858,0.17037791,3322,3073,2066
3141,CHEMBL836,TAMSULOSIN,CCOc1ccccc1OCCN[C@H](C)Cc1ccc(OC)c(S(N)(=O)=O)c1,0.0012581756806414074,0.00091458927,0.0027434637,0.00079377677,2405,3044,3119
3142,CHEMBL278020,NEOSTIGMINE,CN(C)C(=O)Oc1cccc([N+](C)(C)C)c1,0.0012460076252136989,0.0016253849,0.05901924,2.0165644e-05,2211,2096,3359
3143,CHEMBL221722,FAVIPIRAVIR,NC(=O)c1nc(F)cnc1O,0.001204967326675437,0.0006349107,0.0019249878,0.0014314796,2519,3095,3067
3144,CHEMBL1200929,ZINC SULFATE,O=S(=O)([O-])[O-].[Zn+2],0.0012044589366752318,0.0006321974,0.01956653,0.00014125677,2521,2578,3263
3145,CHEMBL1201291,IOXAGLIC ACID,CNC(=O)c1c(I)c(C(=O)NCC(=O)Nc2c(I)c(C(=O)O)c(I)c(C(=O)NCCO)c2I)c(I)c(N(C)C(C)=O)c1I,0.0011916080305478883,0.008765753,6.2084706e-05,0.0031090393,1577,3312,2990
3146,CHEMBL258918,MESTEROLONE,C[C@H]1CC(=O)C[C@@H]2CC[C@H]3[C@@H]4CC[C@H](O)[C@@]4(C)CC[C@@H]3[C@]21C,0.0011824762868587327,8.630692e-06,0.000333617,0.5742269,3297,3244,1282
3147,CHEMBL437,SULFATHIAZOLE,Nc1ccc(S(=O)(=O)Nc2nccs2)cc1,0.0011735169212072976,0.0018977075,0.0032502522,0.00026201239,2154,3020,3220
3148,CHEMBL1514715,ETHAMSYLATE,CCNCC.O=S(=O)(O)c1cc(O)ccc1O,0.0011729787320872713,0.0005648419,0.009416721,0.0003034197,2545,2808,3208
3149,CHEMBL1200895,PHENELZINE SULFATE,NNCCc1ccccc1.O=S(=O)(O)O,0.0011658760800664291,0.00045002977,0.021961913,0.00016034143,2621,2538,3256
3150,CHEMBL1200383,BENZTROPINE MESYLATE,CN1[C@@H]2CC[C@H]1C[C@@H](OC(c1ccccc1)c1ccccc1)C2.CS(=O)(=O)O,0.001158532083425995,9.471942e-05,0.0034948175,0.0046974313,3000,3013,2940
3151,CHEMBL3989408,IBUPROFEN SODIUM,CC(C)Cc1ccc(C(C)C(=O)[O-])cc1.O.O.[Na+],0.0011413754612517382,0.0004081871,0.024477024,0.00014882216,2652,2496,3259
3152,CHEMBL1454910,NITROXOLINE,O=[N+]([O-])c1ccc(O)c2ncccc12,0.0011344222509846254,0.0012476192,0.006383867,0.00018329822,2292,2902,3240
3153,CHEMBL1200660,ISOSORBIDE,O[C@@H]1CO[C@H]2[C@@H]1OC[C@@H]2O,0.0011144427569442445,8.391734e-05,1.6568103e-05,0.99551696,3035,3358,118
3154,CHEMBL1200850,GANCICLOVIR SODIUM,Nc1nc([O-])c2ncn(COC(CO)CO)c2n1.[Na+],0.0011136413744651694,0.02512339,0.00048016218,0.000114490584,1206,3222,3277
3155,CHEMBL931,HALOTHANE,FC(F)(F)C(Cl)Br,0.0011051169553517321,0.003682653,3.7171176e-05,0.009859562,1898,3336,2842
3156,CHEMBL2107253,SULFADIMETHOXINE SODIUM,COc1cc([N-]S(=O)(=O)c2ccc(N)cc2)nc(OC)n1.[Na+],0.0010957938158245972,0.00010506385,0.004993563,0.0025079707,2983,2960,3014
3157,CHEMBL1201165,QUINESTROL,C#C[C@]1(O)CC[C@H]2[C@@H]3CCc4cc(OC5CCCC5)ccc4[C@H]3CC[C@@]21C,0.001092579910474331,1.275397e-05,0.0001049405,0.97447556,3274,3290,378
3158,CHEMBL1140,NIACINAMIDE,NC(=O)c1cccnc1,0.0010885521025798485,0.0009504415,0.023163648,5.858886e-05,2392,2519,3323
3159,CHEMBL1446,KANAMYCIN SULFATE,NC[C@H]1O[C@H](O[C@H]2[C@H](O)[C@@H](O[C@H]3O[C@H](CO)[C@@H](O)[C@H](N)[C@H]3O)[C@H](N)C[C@@H]2N)[C@H](O)[C@@H](O)[C@@H]1O.O=S(=O)(O)O,0.001077819168641361,2.0283604e-05,0.00025299253,0.24399708,3246,3257,1865
3160,CHEMBL4594278,GEFAPIXANT CITRATE,COc1cc(C(C)C)c(Oc2cnc(N)nc2N)cc1S(N)(=O)=O.O=C(O)CC(O)(CC(=O)O)C(=O)O,0.0010755761691045983,0.00059637486,0.0051318905,0.00040656206,2536,2954,3185
3161,CHEMBL1201119,LIOTHYRONINE SODIUM,N[C@@H](Cc1cc(I)c(Oc2ccc(O)c(I)c2)c(I)c1)C(=O)[O-].[Na+],0.0010746550988606461,0.00064751366,0.00064495555,0.0029718617,2509,3200,2995
3162,CHEMBL62193,SULFADIMETHOXINE,COc1cc(NS(=O)(=O)c2ccc(N)cc2)nc(OC)n1,0.0010712255570146832,0.00018794126,0.0038071407,0.0017179936,2856,3000,3052
3163,CHEMBL1200601,NARATRIPTAN HYDROCHLORIDE,CNS(=O)(=O)CCc1ccc2[nH]cc(C3CCN(C)CC3)c2c1.Cl,0.0010706619522323048,0.00010579343,0.025619926,0.0004528148,2980,2474,3176
3164,CHEMBL3184799,MEPHENTERMINE SULFATE,CNC(C)(C)Cc1ccccc1.CNC(C)(C)Cc1ccccc1.O=S(=O)(O)O,0.0010596641202312918,0.0007834007,0.006281497,0.00024180088,2456,2908,3227
3165,CHEMBL3137308,PEFICITINIB,NC(=O)c1cnc2[nH]ccc2c1N[C@@H]1[C@@H]2CC3C[C@H]1C[C@@](O)(C3)C2,0.0010496272648137213,9.535038e-06,0.0005748317,0.21098047,3292,3210,1953
3166,CHEMBL1161681,NITROUS ACID,O=NO,0.0010474351925449613,0.00022540623,0.014855489,0.00034318515,2808,2683,3198
3167,CHEMBL1200914,TAMSULOSIN HYDROCHLORIDE,CCOc1ccccc1OCCN[C@H](C)Cc1ccc(OC)c(S(N)(=O)=O)c1.Cl,0.0010421965565733087,0.0007223378,0.0027615197,0.00056749256,2476,3041,3155
3168,CHEMBL3545313,BEMPEDOIC ACID,CC(C)(CCCCCC(O)CCCCCC(C)(C)C(=O)O)C(=O)O,0.0010268343047314375,0.00026220683,0.0038716595,0.0010664978,2765,2994,3097
3169,CHEMBL2106975,POTASSIUM BICARBONATE,O=C([O-])O.[K+],0.0010228701571048811,0.00012522594,0.042438928,0.00020137362,2952,2257,3236
3170,CHEMBL1076903,VARENICLINE,c1cnc2cc3c(cc2n1)[C@@H]1CNC[C@H]3C1,0.0010192358338234823,0.00041869527,2.5290149e-06,0.9999417,2643,3379,7
3171,CHEMBL50588,EMETINE,CC[C@H]1CN2CCc3cc(OC)c(OC)cc3[C@@H]2C[C@@H]1C[C@H]1NCCc2cc(OC)c(OC)cc21,0.0010105685873900098,0.0001431176,7.2111684e-06,0.9999974,2930,3374,1
3172,CHEMBL1278,NARATRIPTAN,CNS(=O)(=O)CCc1ccc2[nH]cc(C3CCN(C)CC3)c2c1,0.0010013502640180878,9.546352e-05,0.023831788,0.0004413305,2998,2508,3179
3173,CHEMBL1201003,ELETRIPTAN HYDROBROMIDE,Br.CN1CCC[C@@H]1Cc1c[nH]c2ccc(CCS(=O)(=O)c3ccccc3)cc12,0.0009928149504031924,0.0003273305,0.0047112177,0.0006345783,2706,2970,3142
3174,CHEMBL934,METYRAPONE,CC(C)(C(=O)c1cccnc1)c1cccnc1,0.0009818826654190188,0.0013569109,0.0122968415,5.6732784e-05,2269,2734,3324
3175,CHEMBL93268,SODIUM NITRITE,O=N[O-].[Na+],0.0009765905767011307,0.00034552073,0.014451778,0.00018652734,2689,2693,3239
3176,CHEMBL1200380,ACYCLOVIR SODIUM,Nc1nc([O-])c2ncn(COCCO)c2n1.[Na+],0.0009523209435717548,0.014513077,0.00056599785,0.00010514182,1393,3211,3285
3177,CHEMBL2021424,POTASSIUM SULFATE,O=S(=O)([O-])[O-].[K+].[K+],0.0009503402454700625,0.00049091,0.025598435,6.830024e-05,2592,2475,3308
3178,CHEMBL1200736,MAGNESIUM CARBONATE,O=C([O-])[O-].[Mg+2],0.0009404829057065737,0.00016582961,0.021368789,0.00023475276,2896,2553,3229
3179,CHEMBL533,IBUTILIDE,CCCCCCCN(CC)CCCC(O)c1ccc(NS(C)(=O)=O)cc1,0.0009392193302347101,6.7083034e-05,0.01772034,0.0006969732,3078,2625,3128
3180,CHEMBL220492,TOPIRAMATE,CC1(C)O[C@@H]2[C@@H](CO[C@@]3(COS(N)(=O)=O)OC(C)(C)O[C@@H]23)O1,0.0009380845554214376,4.2416136e-06,0.018223466,0.010679813,3332,2611,2827
3181,CHEMBL3716057,GEFAPIXANT,COc1cc(C(C)C)c(Oc2cnc(N)nc2N)cc1S(N)(=O)=O,0.0009275993687644625,0.00052979146,0.0036002079,0.0004184551,2565,3010,3183
3182,CHEMBL1201206,PIPECURONIUM,CC(=O)O[C@H]1C[C@@H]2CC[C@@H]3[C@H](CC[C@@]4(C)[C@H]3C[C@H](N3CC[N+](C)(C)CC3)[C@@H]4OC(C)=O)[C@@]2(C)C[C@@H]1N1CC[N+](C)(C)CC1,0.0009263417286176824,6.262647e-07,0.0036240316,0.219342,3363,3009,1934
3183,CHEMBL2206196,PAROMOMYCIN SULFATE,NC[C@@H]1O[C@H](O[C@H]2[C@@H](O)[C@H](O[C@@H]3[C@@H](O)[C@H](N)C[C@H](N)[C@H]3O[C@H]3O[C@H](CO)[C@@H](O)[C@H](O)[C@H]3N)O[C@@H]2CO)[C@H](N)[C@@H](O)[C@@H]1O.O=S(=O)(O)O,0.0009180268973421851,1.2514257e-05,0.00023638856,0.26153794,3276,3261,1837
3184,CHEMBL1200629,VECURONIUM BROMIDE,CC(=O)O[C@H]1C[C@@H]2CC[C@@H]3[C@H](CC[C@@]4(C)[C@H]3C[C@H]([N+]3(C)CCCCC3)[C@@H]4OC(C)=O)[C@@]2(C)C[C@@H]1N1CCCCC1.[Br-],0.0009177659628694339,4.7317238e-07,0.0026208474,0.29495397,3364,3049,1762
3185,CHEMBL830,EFLORNITHINE,NCCCC(N)(C(=O)O)C(F)F,0.0009104350218585703,0.0010638579,0.004097387,0.00017312368,2351,2986,3248
3186,CHEMBL1200367,ECHOTHIOPHATE IODIDE,CCOP(=O)(OCC)SCC[N+](C)(C)C.[I-],0.0009104173674403009,0.0020258576,0.0010529828,0.00035374585,2128,3159,3194
3187,CHEMBL1072,BUMETANIDE,CCCCNc1cc(C(=O)O)cc(S(N)(=O)=O)c1Oc1ccccc1,0.0008944130191966433,0.0016186414,0.0036522474,0.00012103289,2213,3008,3274
3188,CHEMBL1200598,DIETHYLSTILBESTROL DIPHOSPHATE,CC/C(=C(/CC)c1ccc(OP(=O)(O)O)cc1)c1ccc(OP(=O)(O)O)cc1,0.0008718302372486011,0.00027145026,0.013465818,0.00018128962,2750,2717,3243
3189,CHEMBL1539,SULFADOXINE,COc1ncnc(NS(=O)(=O)c2ccc(N)cc2)c1OC,0.0008569057814302681,0.00012340493,0.007713204,0.000661046,2957,2857,3136
3190,CHEMBL750,ZONISAMIDE,NS(=O)(=O)Cc1noc2ccccc12,0.0008454786699354627,0.00084686663,0.00084140676,0.00084817776,2429,3178,3115
3191,CHEMBL3989461,ROSE BENGAL SODIUM I 131,O=C([O-])c1c(Cl)c(Cl)c(Cl)c(Cl)c1-c1c2cc([131I])c(=O)c(I)c-2oc2c(I)c([O-])c([131I])cc12.[Na+].[Na+],0.0008250888710420298,8.705008e-05,0.00019844137,0.032516263,3024,3269,2659
3192,CHEMBL453,SULFISOXAZOLE,Cc1noc(NS(=O)(=O)c2ccc(N)cc2)c1C,0.000820889597760486,0.00025004987,0.008080912,0.00027375823,2778,2844,3213
3193,CHEMBL1200757,PANCURONIUM BROMIDE,CC(=O)O[C@H]1C[C@@H]2CC[C@@H]3[C@H](CC[C@@]4(C)[C@H]3C[C@H]([N+]3(C)CCCCC3)[C@@H]4OC(C)=O)[C@@]2(C)C[C@@H]1[N+]1(C)CCCCC1.[Br-].[Br-],0.0008190974995869548,3.19784e-07,0.0020874238,0.26326686,3367,3082,1831
3194,CHEMBL186314,SODIUM CARBONATE,O=C([O-])[O-].[Na+].[Na+],0.0008111668271972691,0.00018200719,0.021230571,0.00013812758,2870,2557,3265
3195,CHEMBL535396,RIMANTADINE HYDROCHLORIDE,CC(N)C12CC3CC(CC(C3)C1)C2.Cl,0.0007915468542161646,2.4740774e-07,0.00078094105,0.6350554,3370,3186,1193
3196,CHEMBL964,DISULFIRAM,CCN(CC)C(=S)SSC(=S)N(CC)CC,0.0007882104491206907,0.0023695764,0.003518513,5.8734982e-05,2069,3012,3321
3197,CHEMBL959,RIMANTADINE,CC(N)C12CC3CC(CC(C3)C1)C2,0.0007804920961945571,1.8136213e-07,0.00062509824,0.7606017,3373,3201,1000
3198,CHEMBL997,IBANDRONIC ACID,CCCCCN(C)CCC(O)(P(=O)(O)O)P(=O)(O)O,0.0007648952105015647,0.007461452,0.00017102977,0.00035067988,1632,3279,3196
3199,CHEMBL1200770,IOCETAMIC ACID,CC(=O)N(CC(C)C(=O)O)c1c(I)cc(I)c(N)c1I,0.0007595468663500854,0.0009893167,5.878126e-05,0.0075351107,2375,3313,2884
3200,CHEMBL2009089,SELENIOUS ACID,O=[Se](O)O,0.0007518366971366794,0.0009543802,0.000841298,0.0005292966,2390,3179,3162
3201,CHEMBL1201037,EFLORNITHINE HYDROCHLORIDE,Cl.NCCCC(N)(C(=O)O)C(F)F.O,0.0007497188972614245,0.0007953058,0.0050095427,0.00010577012,2452,2959,3283
3202,CHEMBL573,NIACIN,O=C(O)c1cccnc1,0.0007489831786948838,0.000653486,0.01903679,3.377428e-05,2506,2588,3350
3203,CHEMBL3833408,MAGALDRATE ANHYDROUS,O=S(=O)([O-])[O-].O=S(=O)([O-])[O-].[Al+3].[Al+3].[Al+3].[Al+3].[Al+3].[Mg+2].[Mg+2].[Mg+2].[Mg+2].[Mg+2].[Mg+2].[Mg+2].[Mg+2].[Mg+2].[Mg+2].[OH-].[OH-].[OH-].[OH-].[OH-].[OH-].[OH-].[OH-].[OH-].[OH-].[OH-].[OH-].[OH-].[OH-].[OH-].[OH-].[OH-].[OH-].[OH-].[OH-].[OH-].[OH-].[OH-].[OH-].[OH-].[OH-].[OH-].[OH-].[OH-].[OH-].[OH-],0.0007474214751099465,0.0005037757,0.022545772,3.6761616e-05,2582,2530,3346
3204,CHEMBL18,ETHOXZOLAMIDE,CCOc1ccc2nc(S(N)(=O)=O)sc2c1,0.000738367574327445,0.0019449994,0.0006087872,0.00033996394,2143,3203,3200
3205,CHEMBL3833350,MAGALDRATE,O.O=S(=O)([O-])[O-].O=S(=O)([O-])[O-].[Al+3].[Al+3].[Al+3].[Al+3].[Al+3].[Mg+2].[Mg+2].[Mg+2].[Mg+2].[Mg+2].[Mg+2].[Mg+2].[Mg+2].[Mg+2].[Mg+2].[OH-].[OH-].[OH-].[OH-].[OH-].[OH-].[OH-].[OH-].[OH-].[OH-].[OH-].[OH-].[OH-].[OH-].[OH-].[OH-].[OH-].[OH-].[OH-].[OH-].[OH-].[OH-].[OH-].[OH-].[OH-].[OH-].[OH-].[OH-].[OH-].[OH-].[OH-],0.0007345645398110661,0.00050117663,0.022455556,3.521885e-05,2584,2532,3348
3206,CHEMBL1187,PHOSPHORIC ACID,O=P(O)(O)O,0.0007263921852011961,0.00017205434,0.022656,9.8325116e-05,2889,2528,3288
3207,CHEMBL2064032,VONOPRAZAN FUMARATE,CNCc1cc(-c2ccccc2F)n(S(=O)(=O)c2cccnc2)c1.O=C(O)/C=C/C(=O)O,0.0007157548220184346,0.0012427743,0.0030825916,9.571601e-05,2295,3032,3291
3208,CHEMBL1201161,MAFENIDE ACETATE,CC(=O)O.NCc1ccc(S(N)(=O)=O)cc1,0.0007066481351924228,1.2463828e-05,0.012631524,0.0022413128,3277,2727,3027
3209,CHEMBL2110367,TRIMETHOPRIM SULFATE,COc1cc(Cc2cnc(N)nc2N)cc(OC)c1OC.COc1cc(Cc2cnc(N)nc2N)cc(OC)c1OC.O=S(=O)(O)O,0.0006939175298121311,0.0025503617,0.0072436426,1.8086923e-05,2047,2870,3364
3210,CHEMBL3989569,IBANDRONATE SODIUM,CCCCCN(C)CCC(O)(P(=O)([O-])O)P(=O)(O)O.O.[Na+],0.0006862226408612524,0.0045759403,0.00022311877,0.00031650357,1808,3264,3205
3211,CHEMBL1200862,METYROSINE,C[C@](N)(Cc1ccc(O)cc1)C(=O)O,0.0006805371607714893,0.0001860701,0.0073033688,0.00023192933,2862,2869,3230
3212,CHEMBL181,DIAZOXIDE,CC1=Nc2ccc(Cl)cc2S(=O)(=O)N1,0.0006792990023376285,0.00013241722,0.0031203364,0.00075864256,2943,3028,3122
3213,CHEMBL1200623,ETHYLESTRENOL,CC[C@]1(O)CC[C@H]2[C@@H]3CCC4=CCCC[C@@H]4[C@H]3CC[C@@]21C,0.0006774429049402751,2.228994e-06,0.00018982436,0.7347796,3346,3272,1046
3214,CHEMBL233406,SODIUM SULFATE ANHYDROUS,O=S(=O)([O-])[O-].[Na+].[Na+],0.0006725810809288152,0.00031913028,0.014130942,6.746757e-05,2711,2697,3309
3215,CHEMBL940,GABAPENTIN,NCC1(CC(=O)O)CCCCC1,0.0006718009215920535,6.910013e-06,0.0048850835,0.008981956,3310,2962,2862
3216,CHEMBL2107239,IOXITALAMIC ACID,CC(=O)Nc1c(I)c(C(=O)O)c(I)c(C(=O)NCCO)c1I,0.0006685007996480106,0.0018208286,4.983125e-05,0.0032925678,2163,3322,2986
3217,CHEMBL494622,FLURPIRIDAZ,CC(C)(C)n1ncc(OCc2ccc(COCCF)cc2)c(Cl)c1=O,0.0006671690484316815,0.0009274415,0.0019356738,0.00016542028,2397,3093,3253
3218,CHEMBL2107799,FLURPIRIDAZ F 18,CC(C)(C)n1ncc(OCc2ccc(COCC[18F])cc2)c(Cl)c1=O,0.0006671690484316815,0.0009274415,0.0019356738,0.00016542028,2397,3093,3253
3219,CHEMBL2021423,MAGNESIUM SULFATE ANHYDROUS,O=S(=O)([O-])[O-].[Mg+2],0.0006611308411923178,0.00028747146,0.013840375,7.263056e-05,2743,2707,3306
3220,CHEMBL1908847,SPARTEINE,C1CCN2C[C@@H]3C[C@@H](CN4CCCC[C@@H]34)[C@H]2C1,0.000658414330516391,1.077752e-06,0.00030009807,0.8825023,3357,3247,726
3221,CHEMBL1109,SULFAPHENAZOLE,Nc1ccc(S(=O)(=O)Nc2ccnn2-c2ccccc2)cc1,0.000655914044725929,0.0016384504,0.0019005212,9.062221e-05,2209,3099,3296
3222,CHEMBL2096650,SODIUM THIOSULFATE,O.O.O.O.O.O=S([O-])([O-])=S.[Na+].[Na+],0.0006532173210260083,0.00035054082,0.0062978114,0.00012625383,2685,2906,3269
3223,CHEMBL56367,NIMESULIDE,CS(=O)(=O)Nc1ccc([N+](=O)[O-])cc1Oc1ccccc1,0.0006512948045732549,0.0007565554,0.0029048352,0.00012571024,2466,3035,3270
3224,CHEMBL3989856,SODIUM SULFATE,O.O.O.O.O.O.O.O.O.O.O=S(=O)([O-])[O-].[Na+].[Na+],0.0006479183109567934,0.00041531477,0.018742703,3.4942288e-05,2645,2594,3349
3225,CHEMBL1201293,ACAMPROSATE,CC(=O)NCCCS(=O)(=O)O,0.0006372895960835272,3.1659907e-05,0.005595319,0.0014610862,3198,2934,3063
3226,CHEMBL2103873,MACITENTAN,CCCNS(=O)(=O)Nc1ncnc(OCCOc2ncc(Br)cn2)c1-c1ccc(Br)cc1,0.0006368651111681764,0.00088908745,0.0014369813,0.00020218398,2415,3133,3235
3227,CHEMBL3989857,MAGNESIUM SULFATE,O.O.O.O.O.O.O.O=S(=O)([O-])[O-].[Mg+2],0.0006345332742262646,0.00038614974,0.018147778,3.6457255e-05,2660,2614,3347
3228,CHEMBL1201341,ECHOTHIOPHATE,CCOP(=O)(OCC)SCC[N+](C)(C)C,0.0006116590470779242,0.0010573635,0.0007970831,0.00027151912,2355,3183,3214
3229,CHEMBL1201261,TYROPANOIC ACID,CCCC(=O)Nc1c(I)cc(I)c(CC(CC)C(=O)O)c1I,0.0006097768418189817,0.017819038,4.3277872e-05,0.00029401013,1332,3334,3210
3230,CHEMBL1201219,VECURONIUM,CC(=O)O[C@H]1C[C@@H]2CC[C@@H]3[C@H](CC[C@@]4(C)[C@H]3C[C@H]([N+]3(C)CCCCC3)[C@@H]4OC(C)=O)[C@@]2(C)C[C@@H]1N1CCCCC1,0.0005969452049435367,2.7553514e-07,0.0020663952,0.102941394,3368,3084,2322
3231,CHEMBL1200458,POTASSIUM CITRATE ANHYDROUS,O=C([O-])CC(O)(CC(=O)[O-])C(=O)[O-].[K+].[K+].[K+],0.0005963525824043281,0.0003040084,0.008202924,8.504623e-05,2724,2837,3299
3232,CHEMBL614,PYRAZINAMIDE,NC(=O)c1cnccn1,0.0005960119179967323,0.00044991914,0.009310796,5.0540984e-05,2622,2812,3329
3233,CHEMBL1208422,ROSE BENGAL FREE ACID,O=C(O)c1c(Cl)c(Cl)c(Cl)c(Cl)c1-c1c2cc(I)c(=O)c(I)c-2oc2c(I)c(O)c(I)cc12,0.0005839357723789157,8.8094086e-05,0.00012367919,0.018274771,3020,3285,2746
3234,CHEMBL1353,SODIUM BICARBONATE,O=C([O-])O.[Na+],0.0005705421611708961,8.5189815e-05,0.020788016,0.00010487268,3028,2563,3286
3235,CHEMBL1201142,RASAGILINE MESYLATE,C#CCN[C@@H]1CCc2ccccc21.CS(=O)(=O)O,0.0005684203186210451,0.00029517713,0.0023163005,0.00026861572,2736,3069,3217
3236,CHEMBL2068724,ACAMPROSATE CALCIUM,CC(=O)NCCCS(=O)(=O)[O-].CC(=O)NCCCS(=O)(=O)[O-].[Ca+2],0.0005537379302089601,3.5459405e-05,0.00547501,0.0008745734,3183,2939,3111
3237,CHEMBL877,TRANEXAMIC ACID,NC[C@H]1CC[C@H](C(=O)O)CC1,0.0005440498727001255,4.9829187e-06,0.0066254837,0.0048776944,3326,2891,2936
3238,CHEMBL48582,SAFINAMIDE MESYLATE,CS(=O)(=O)O.C[C@H](NCc1ccc(OCc2cccc(F)c2)cc1)C(N)=O,0.0005418566450342134,4.7090493e-06,0.01721252,0.001962797,3329,2635,3041
3239,CHEMBL3989822,POTASSIUM CITRATE,O.O=C([O-])CC(O)(CC(=O)[O-])C(=O)[O-].[K+].[K+].[K+],0.000541735479590714,0.0003025335,0.00779872,6.738527e-05,2725,2855,3310
3240,CHEMBL3833409,HYDROTALCITE ANHYDROUS,O=C([O-])[O-].[Al+3].[Al+3].[Mg+2].[Mg+2].[Mg+2].[Mg+2].[Mg+2].[Mg+2].[OH-].[OH-].[OH-].[OH-].[OH-].[OH-].[OH-].[OH-].[OH-].[OH-].[OH-].[OH-].[OH-].[OH-].[OH-].[OH-],0.0005409373868794267,0.00026543293,0.03082658,1.9344638e-05,2757,2404,3362
3241,CHEMBL3833351,HYDROTALCITE,O.O.O.O.O=C([O-])[O-].[Al+3].[Al+3].[Mg+2].[Mg+2].[Mg+2].[Mg+2].[Mg+2].[Mg+2].[OH-].[OH-].[OH-].[OH-].[OH-].[OH-].[OH-].[OH-].[OH-].[OH-].[OH-].[OH-].[OH-].[OH-].[OH-].[OH-],0.0005234360194227499,0.00026459532,0.031179275,1.738372e-05,2758,2400,3365
3242,CHEMBL1200680,SELENIUM SULFIDE,S=[Se]=S,0.0005214308483053845,0.00023974081,0.0019221398,0.00030765447,2794,3096,3207
3243,CHEMBL2104489,ANAGESTONE ACETATE,CC(=O)O[C@]1(C(C)=O)CCC2[C@@H]3C[C@H](C)C4=CCCC[C@]4(C)[C@H]3CC[C@@]21C,0.0005118281457764433,7.434289e-07,0.0040490753,0.03311439,3360,2987,2655
3244,CHEMBL559,DEXTROTHYROXINE,N[C@H](Cc1cc(I)c(Oc2cc(I)c(O)c(I)c2)c(I)c1)C(=O)O,0.000507026663886474,0.00034918284,7.362075e-05,0.0050703627,2686,3307,2933
3245,CHEMBL1200826,LITHIUM CARBONATE,O=C([O-])[O-].[Li+].[Li+],0.0005034695592329949,9.10515e-05,0.015076947,9.296491e-05,3014,2677,3295
3246,CHEMBL1908348,SPARTEINE SULFATE,C1CCN2C[C@@H]3C[C@@H](CN4CCCC[C@@H]34)[C@H]2C1.O.O.O.O.O.O=S(=O)(O)O,0.0004972484114732574,6.959873e-06,0.0019127376,0.009235561,3308,3097,2855
3247,CHEMBL142703,VILDAGLIPTIN,N#C[C@@H]1CCCN1C(=O)CNC12CC3CC(CC(O)(C3)C1)C2,0.0004905562338549028,9.995558e-08,0.0019953751,0.059161883,3377,3088,2521
3248,CHEMBL2079587,STANOZOLOL,C[C@]12Cc3c[nH]nc3C[C@@H]1CC[C@@H]1[C@@H]2CC[C@@]2(C)[C@H]1CC[C@]2(C)O,0.0004846626720632966,9.431379e-06,1.2119224e-05,0.9960218,3293,3361,105
3249,CHEMBL1201243,IPODATE,CN(C)/C=N/c1c(I)cc(I)c(CCC(=O)O)c1I,0.0004782950553203144,0.004176433,2.3790393e-05,0.0011012366,1845,3350,3092
3250,CHEMBL185073,PANCURONIUM,CC(=O)O[C@H]1C[C@@H]2CC[C@@H]3[C@H](CC[C@@]4(C)[C@H]3C[C@H]([N+]3(C)CCCCC3)[C@@H]4OC(C)=O)[C@@]2(C)C[C@@H]1[N+]1(C)CCCCC1,0.0004713471129880024,1.4418896e-07,0.0013663787,0.07663929,3375,3141,2437
3251,CHEMBL1201743,SAXAGLIPTIN HYDROCHLORIDE,Cl.N#C[C@@H]1C[C@@H]2C[C@@H]2N1C(=O)[C@@H](N)C12CC3CC(CC(O)(C3)C1)C2,0.0004684644802007889,5.5535168e-08,0.0015343657,0.06700406,3381,3124,2480
3252,CHEMBL1236315,TARTARIC ACID,O=C(O)[C@H](O)[C@@H](O)C(=O)O,0.00045185147802521286,5.193077e-05,0.041059233,4.3266442e-05,3128,2270,3339
3253,CHEMBL1624,LEVOTHYROXINE,N[C@@H](Cc1cc(I)c(Oc2cc(I)c(O)c(I)c2)c(I)c1)C(=O)O,0.0004483295123461837,0.0004355419,5.557912e-05,0.0037226335,2629,3316,2968
3254,CHEMBL1200648,ROCURONIUM BROMIDE,C=CC[N+]1([C@H]2C[C@H]3[C@@H]4CC[C@H]5C[C@H](O)[C@@H](N6CCOCC6)C[C@]5(C)[C@H]4CC[C@]3(C)[C@H]2OC(C)=O)CCCC1.[Br-],0.00044523002393820116,2.2300392e-07,0.0005886253,0.14993897,3371,3208,2136
3255,CHEMBL385517,SAXAGLIPTIN ANHYDROUS,N#C[C@@H]1C[C@@H]2C[C@@H]2N1C(=O)[C@@H](N)C12CC3CC(CC(O)(C3)C1)C2,0.00044375791793287747,3.5183877e-08,0.0012929467,0.06758615,3384,3146,2474
3256,CHEMBL1200899,TYROPANOATE SODIUM,CCCC(=O)Nc1c(I)cc(I)c(CC(CC)C(=O)[O-])c1I.[Na+],0.00044366750329864307,0.00983996,5.0743532e-05,0.00017490353,1539,3321,3245
3257,CHEMBL90593,PRASTERONE,C[C@]12CC[C@H](O)CC1=CC[C@@H]1[C@@H]2CC[C@]2(C)C(=O)CC[C@@H]12,0.0004345756135931744,2.5452889e-07,0.00038103247,0.21539424,3369,3236,1945
3258,CHEMBL438,SULFAMERAZINE,Cc1ccnc(NS(=O)(=O)c2ccc(N)cc2)n1,0.00043351321029819006,9.0105365e-05,0.00590364,0.00015315705,3018,2920,3258
3259,CHEMBL3989480,MAGNESIUM CITRATE,O=C([O-])CC(O)(CC(=O)[O-])C(=O)[O-].O=C([O-])CC(O)(CC(=O)[O-])C(=O)[O-].[Mg+2].[Mg+2].[Mg+2],0.00043194831346595873,0.0002107102,0.0057285493,6.6767505e-05,2826,2931,3312
3260,CHEMBL1355,SODIUM CITRATE,O=C([O-])CC(O)(CC(=O)[O-])C(=O)[O-].[Na+].[Na+].[Na+],0.0004298389342985717,0.00022845373,0.00574071,6.0555525e-05,2803,2930,3318
3261,CHEMBL328560,SULTHIAME,NS(=O)(=O)c1ccc(N2CCCCS2(=O)=O)cc1,0.0004203165515857362,0.00018847927,0.0008417616,0.0004680335,2855,3177,3171
3262,CHEMBL1261,CITRIC ACID,O=C(O)CC(O)(CC(=O)O)C(=O)O,0.00041672656946274033,0.00013833282,0.005289208,9.890946e-05,2935,2948,3287
3263,CHEMBL3545058,DEXTROTHYROXINE SODIUM,N[C@H](Cc1cc(I)c(Oc2cc(I)c(O)c(I)c2)c(I)c1)C(=O)[O-].O.[Na+],0.00041473568861589955,0.00016934406,0.00011295787,0.0037293031,2893,3288,2967
3264,CHEMBL1200359,SULFAMETER,COc1cnc(NS(=O)(=O)c2ccc(N)cc2)nc1,0.0004145089183244637,5.478317e-05,0.007160066,0.0001815671,3115,2872,3242
3265,CHEMBL2105248,POTASSIUM BITARTRATE,O=C([O-])[C@H](O)[C@@H](O)C(=O)O.[K+],0.0004142565919494758,7.708897e-05,0.04215436,2.1876289e-05,3052,2258,3357
3266,CHEMBL1095292,BRETYLIUM TOSYLATE,CC[N+](C)(C)Cc1ccccc1Br.Cc1ccc(S(=O)(=O)[O-])cc1,0.000402766738201809,0.0003991317,0.001460235,0.00011210425,2654,3130,3280
3267,CHEMBL2103738,LITHIUM CITRATE,O.O.O.O.O=C([O-])CC(O)(CC(=O)[O-])C(=O)[O-].[Li+].[Li+].[Li+],0.00039357175570685,0.00022835204,0.006350442,4.204e-05,2804,2903,3340
3268,CHEMBL1576,ETHINAMATE,C#CC1(OC(N)=O)CCCCC1,0.000389248310753857,1.1758094e-05,0.0041258507,0.0012157087,3286,2985,3084
3269,CHEMBL1505,ALMOTRIPTAN,CN(C)CCc1c[nH]c2ccc(CS(=O)(=O)N3CCCC3)cc12,0.0003802047923705226,0.00023248214,0.0010349769,0.00022841933,2798,3161,3231
3270,CHEMBL2103741,LEVOTHYROXINE SODIUM,N[C@@H](Cc1cc(I)c(Oc2cc(I)c(O)c(I)c2)c(I)c1)C(=O)[O-].O.[Na+],0.00037253463549826317,0.0002162919,8.692251e-05,0.0027499672,2822,3299,3006
3271,CHEMBL1054,TRICHLORMETHIAZIDE,NS(=O)(=O)c1cc2c(cc1Cl)NC(C(Cl)Cl)NS2(=O)=O,0.00037244191981531175,0.00048058713,1.8357663e-05,0.0058557983,2600,3355,2920
3272,CHEMBL1201170,LITHIUM CITRATE ANHYDROUS,O=C([O-])CC(O)(CC(=O)[O-])C(=O)[O-].[Li+].[Li+].[Li+],0.00037111110388289933,0.00018628313,0.005572152,4.9239694e-05,2859,2936,3331
3273,CHEMBL1569,AMANTADINE HYDROCHLORIDE,Cl.NC12CC3CC(CC(C3)C1)C2,0.00036757353003598087,4.5825455e-08,0.000116841875,0.4250445,3382,3286,1527
3274,CHEMBL2110636,BUNAMIODYL,CCCC(=O)Nc1c(I)cc(I)c(/C=C(\CC)C(=O)O)c1I,0.0003625894111863134,0.0016579215,4.358299e-05,0.00065972743,2201,3332,3137
3275,CHEMBL1201244,ROCURONIUM,C=CC[N+]1([C@H]2C[C@H]3[C@@H]4CC[C@H]5C[C@H](O)[C@@H](N6CCOCC6)C[C@]5(C)[C@H]4CC[C@]3(C)[C@H]2OC(C)=O)CCCC1,0.00035926468331554356,1.4909084e-07,0.0005015571,0.09245348,3374,3219,2367
3276,CHEMBL660,AMANTADINE,NC12CC3CC(CC(C3)C1)C2,0.00034778000018561287,3.3818072e-08,7.849887e-05,0.53585875,3385,3304,1342
3277,CHEMBL296913,PARECOXIB SODIUM,CCC(=O)[N-]S(=O)(=O)c1ccc(-c2c(-c3ccccc3)noc2C)cc1.[Na+],0.0003272944234028817,0.00046604066,0.0022689397,3.315653e-05,2609,3070,3351
3278,CHEMBL2107260,SULFAMERAZINE SODIUM,Cc1ccnc([N-]S(=O)(=O)c2ccc(N)cc2)n1.[Na+],0.0003151260034948666,6.9030866e-05,0.003553235,0.00012758083,3069,3011,3268
3279,CHEMBL1024,IFOSFAMIDE,O=P1(NCCCl)OCCCN1CCCl,0.00031458736797360023,2.6773827e-05,6.5144486e-05,0.017849892,3221,3310,2752
3280,CHEMBL2107431,LYNESTRENOL,C#C[C@]1(O)CC[C@H]2[C@@H]3CCC4=CCCC[C@@H]4[C@H]3CC[C@@]21C,0.00031130072901240175,1.5525632e-06,0.00024771728,0.07843955,3352,3258,2427
3281,CHEMBL865,VALDECOXIB,Cc1onc(-c2ccccc2)c1-c1ccc(S(N)(=O)=O)cc1,0.0003079026987731072,0.0005284844,0.001492359,3.7011367e-05,2566,3128,3345
3282,CHEMBL361506,PENTAMIDINE ISETHIONATE,N=C(N)c1ccc(OCCCCCOc2ccc(C(=N)N)cc2)cc1.O=S(=O)(O)CCO.O=S(=O)(O)CCO,0.00030733351711262683,2.1551845e-05,0.009188887,0.00014658272,3241,2818,3261
3283,CHEMBL1757,FOSFOMYCIN,C[C@@H]1O[C@@H]1P(=O)(O)O,0.00030362549184295397,0.00034323323,5.8125574e-05,0.0014030013,2692,3314,3071
3284,CHEMBL289480,RILMENIDINE,C1COC(NC(C2CC2)C2CC2)=N1,0.0003002444118584959,3.0438482e-06,1.0111951e-05,0.87936044,3340,3368,741
3285,CHEMBL1097620,IOTHALAMATE SODIUM,CNC(=O)c1c(I)c(NC(C)=O)c(I)c(C(=O)[O-])c1I.[Na+],0.0002954050500750371,0.0002454921,4.4619715e-05,0.002353365,2788,3328,3020
3286,CHEMBL2106318,IOTHALAMATE SODIUM I 125,CNC(=O)c1c(I)c(NC(C)=O)c([125I])c(C(=O)[O-])c1[125I].[Na+],0.0002954050500750371,0.0002454921,4.4619715e-05,0.002353365,2788,3328,3020
3287,CHEMBL897,PROBENECID,CCCN(CCC)S(=O)(=O)c1ccc(C(=O)O)cc1,0.0002946026288878817,0.00024833638,0.002118144,4.8608686e-05,2781,3079,3333
3288,CHEMBL666,FOSCARNET,O=C(O)P(=O)(O)O,0.00029345352236600727,5.3049123e-05,0.003964149,0.000120168326,3125,2991,3275
3289,CHEMBL220491,BRINZOLAMIDE,CCN[C@H]1CN(CCCOC)S(=O)(=O)c2sc(S(N)(=O)=O)cc21,0.0002901647618908098,0.00013161484,0.0005074107,0.00036582167,2946,3218,3192
3290,CHEMBL700,SULFAPYRIDINE,Nc1ccc(S(=O)(=O)Nc2ccccn2)cc1,0.00028201912649485306,0.0002995001,0.0014126496,5.301569e-05,2732,3135,3327
3291,CHEMBL1510,ELETRIPTAN,CN1CCC[C@@H]1Cc1c[nH]c2ccc(CCS(=O)(=O)c3ccccc3)cc12,0.0002778370056820358,0.00010757254,0.0017701894,0.00011262874,2976,3108,3279
3292,CHEMBL2165326,APROCITENTAN,NS(=O)(=O)Nc1ncnc(OCCOc2ncc(Br)cn2)c1-c1ccc(Br)cc1,0.00027377085533428176,0.00031444215,0.0007625282,8.55786e-05,2715,3189,3297
3293,CHEMBL1043,DAPSONE,Nc1ccc(S(=O)(=O)c2ccc(N)cc2)cc1,0.0002737431813803469,2.5592419e-05,0.0058073094,0.00013802055,3226,2926,3267
3294,CHEMBL1515611,BROMISOVALUM,CC(C)C(Br)C(=O)NC(N)=O,0.0002705614164069623,0.0001891739,0.001738347,6.022818e-05,2851,3110,3319
3295,CHEMBL211471,NEOSTIGMINE METHYLSULFATE,CN(C)C(=O)Oc1cccc([N+](C)(C)C)c1.COS(=O)(=O)[O-],0.0002601632463876922,0.00024810873,0.011367667,6.2434433e-06,2782,2752,3382
3296,CHEMBL3990694,PIPERAZINE CITRATE ANHYDROUS,C1CNCCN1.C1CNCCN1.C1CNCCN1.O=C(O)CC(O)(CC(=O)O)C(=O)O.O=C(O)CC(O)(CC(=O)O)C(=O)O,0.00025727824120968737,8.161305e-05,0.0032679667,6.3851665e-05,3039,3018,3314
3297,CHEMBL1201300,IOTHALAMIC ACID,CNC(=O)c1c(I)c(NC(C)=O)c(I)c(C(=O)O)c1I,0.00025614513751485936,0.0002382694,3.401278e-05,0.00207371,2796,3339,3034
3298,CHEMBL2110368,BETHANIDINE SULFATE,C/N=C(\NC)NCc1ccccc1.C/N=C(\NC)NCc1ccccc1.O=S(=O)(O)O,0.0002549349968838864,1.9821644e-05,0.0030934985,0.00027020826,3247,3030,3215
3299,CHEMBL1200448,TILUDRONATE DISODIUM,O=P([O-])(O)C(Sc1ccc(Cl)cc1)P(=O)([O-])O.[Na+].[Na+],0.0002539710908909115,0.0003850209,0.00035123277,0.00012113611,2661,3239,3273
3300,CHEMBL3989678,PIPERAZINE CITRATE,C1CNCCN1.C1CNCCN1.C1CNCCN1.O.O=C(O)CC(O)(CC(=O)O)C(=O)O.O=C(O)CC(O)(CC(=O)O)C(=O)O,0.00025060533626581943,8.4299194e-05,0.0031710665,5.887652e-05,3033,3026,3320
3301,CHEMBL1206690,PARECOXIB,CCC(=O)NS(=O)(=O)c1ccc(-c2c(-c3ccccc3)noc2C)cc1,0.00025018589142550903,0.00042145234,0.0014086324,2.6378037e-05,2640,3136,3354
3302,CHEMBL1796998,SULFUR HEXAFLUORIDE,FS(F)(F)(F)(F)F,0.00024952037991719453,0.003059342,1.2924268e-06,0.003929018,1977,3382,2959
3303,CHEMBL807,MEMANTINE,CC12CC3CC(C)(C1)CC(N)(C3)C2,0.0002482878405405408,5.904848e-08,8.711261e-05,0.17570546,3380,3298,2047
3304,CHEMBL207538,BREXANOLONE,CC(=O)[C@H]1CC[C@H]2[C@@H]3CC[C@H]4C[C@H](O)CC[C@]4(C)[C@H]3CC[C@]12C,0.0002479063760743823,6.1188516e-08,9.486884e-05,0.16059773,3379,3296,2098
3305,CHEMBL1577,METHYCLOTHIAZIDE,CN1C(CCl)Nc2cc(Cl)c(S(N)(=O)=O)cc2S1(=O)=O,0.00023510411451588953,0.00020642306,3.138419e-05,0.00200591,2828,3343,3037
3306,CHEMBL455,SULFACETAMIDE,CC(=O)NS(=O)(=O)c1ccc(N)cc1,0.0002342032391146827,4.6582085e-05,0.0032932346,8.374084e-05,3146,3017,3301
3307,CHEMBL2068725,IPODATE CALCIUM,CN(C)/C=N/c1c(I)cc(I)c(CCC(=O)[O-])c1I.CN(C)/C=N/c1c(I)cc(I)c(CCC(=O)[O-])c1I.[Ca+2],0.0002341687707435821,0.0014835268,2.042659e-05,0.00042373608,2238,3353,3182
3308,CHEMBL1699,MEMANTINE HYDROCHLORIDE,CC12CC3CC(C)(C1)CC(N)(C3)C2.Cl,0.00023246883779370594,8.337055e-08,0.00010310103,0.121851586,3378,3291,2254
3309,CHEMBL1201033,IPODATE SODIUM,CN(C)/C=N/c1c(I)cc(I)c(CCC(=O)[O-])c1I.[Na+],0.000232111216162576,0.00095545285,2.710725e-05,0.00048282926,2388,3349,3168
3310,CHEMBL1615487,IODOXAMIC ACID,O=C(CCOCCOCCOCCOCCC(=O)Nc1c(I)cc(I)c(C(=O)O)c1I)Nc1c(I)cc(I)c(C(=O)O)c1I,0.0002301481457087956,0.0005636896,1.6763575e-05,0.0012900776,2547,3357,3081
3311,CHEMBL1208642,THIOSULFURIC ACID,O=S(O)(O)=S,0.00022564305307140543,6.2784995e-05,0.0021461311,8.526166e-05,3089,3076,3298
3312,CHEMBL3189072,TIROFIBAN HYDROCHLORIDE,CCCCS(=O)(=O)N[C@@H](Cc1ccc(OCCCCC2CCNCC2)cc1)C(=O)O.Cl.O,0.0002238670153567528,8.701303e-06,0.00925056,0.00013938558,3296,2813,3264
3313,CHEMBL128,SUMATRIPTAN,CNS(=O)(=O)Cc1ccc2[nH]cc(CCN(C)C)c2c1,0.00022170410459276314,0.00012734771,0.0018449086,4.638266e-05,2950,3104,3336
3314,CHEMBL1350,TILUDRONIC ACID,O=P(O)(O)C(Sc1ccc(Cl)cc1)P(=O)(O)O,0.00021768864905422484,0.00037616908,0.000279838,9.799815e-05,2667,3252,3289
3315,CHEMBL1025,ISOFLUROPHATE,CC(C)OP(=O)(F)OC(C)C,0.00021747585514920938,0.0005193076,0.0016804177,1.17866675e-05,2572,3116,3373
3316,CHEMBL975,MESNA,O=S(=O)([O-])CCS.[Na+],0.00021100428707977124,5.3166004e-05,0.0024360546,7.253587e-05,3122,3061,3307
3317,CHEMBL268869,SULFAMETHOXYPYRIDAZINE,COc1ccc(NS(=O)(=O)c2ccc(N)cc2)nn1,0.00020305405777679435,6.8181485e-05,0.0015315047,8.017703e-05,3070,3125,3304
3318,CHEMBL338802,SULFAGUANIDINE,N=C(N)NS(=O)(=O)c1ccc(N)cc1,0.0001950447326203756,3.689356e-05,0.0031173786,6.451532e-05,3174,3029,3313
3319,CHEMBL916,TIROFIBAN,CCCCS(=O)(=O)N[C@@H](Cc1ccc(OCCCCC2CCNCC2)cc1)C(=O)O,0.00019252054046836606,4.8593456e-06,0.009581936,0.00015324994,3327,2803,3257
3320,CHEMBL17,DICHLORPHENAMIDE,NS(=O)(=O)c1cc(Cl)c(Cl)c(S(N)(=O)=O)c1,0.0001871245236725093,0.0005094939,4.8050926e-05,0.00026764022,2579,3325,3218
3321,CHEMBL1865134,DIBUNIC ACID,CC(C)(C)c1ccc2c(S(=O)(=O)O)c(C(C)(C)C)ccc2c1,0.00018111216129253638,0.00026735992,0.0014410691,1.5419186e-05,2754,3132,3367
3322,CHEMBL1200796,CYCLOPHOSPHAMIDE,O.O=P1(N(CCCl)CCCl)NCCCO1,0.00017688045943118968,1.20074255e-05,4.8281236e-05,0.0095457835,3283,3324,2849
3323,CHEMBL1430,PENICILLAMINE,CC(C)(S)[C@@H](N)C(=O)O,0.0001724076584289504,0.00025300917,0.0013776768,1.4702313e-05,2774,3140,3369
3324,CHEMBL88,CYCLOPHOSPHAMIDE ANHYDROUS,O=P1(N(CCCl)CCCl)NCCCO1,0.00016667199831365528,1.4676104e-05,3.539508e-05,0.008913208,3268,3337,2864
3325,CHEMBL1568698,GANAXOLONE,CC(=O)[C@H]1CC[C@H]2[C@@H]3CC[C@H]4C[C@](C)(O)CC[C@]4(C)[C@H]3CC[C@]12C,0.00016447769766565924,1.082463e-07,8.68539e-05,0.051230878,3376,3300,2566
3326,CHEMBL21,SULFANILAMIDE,Nc1ccc(S(N)(=O)=O)cc1,0.00016438268214957286,5.4756325e-05,0.0021013562,3.8604183e-05,3117,3081,3343
3327,CHEMBL2079130,VONOPRAZAN,CNCc1cc(-c2ccccc2F)n(S(=O)(=O)c2cccnc2)c1,0.00016331985237357332,0.00014490134,0.000314758,9.551414e-05,2928,3246,3292
3328,CHEMBL1201270,METHENAMINE,C1N2CN3CN1CN(C2)C3,0.00016272618752358466,1.4690958e-08,1.0015068e-05,0.43024787,3386,3369,1520
3329,CHEMBL1200350,IODIPAMIDE SODIUM,O=C(CCCCC(=O)Nc1c(I)cc(I)c(C(=O)[O-])c1I)Nc1c(I)cc(I)c(C(=O)[O-])c1I.[Na+].[Na+],0.00016148463498576724,0.00049918547,9.726697e-06,0.000867294,2585,3371,3112
3330,CHEMBL1908917,FLUCICLOVINE,N[C@]1(C(=O)O)C[C@@H](F)C1,0.00015866138371337468,6.6184484e-06,5.0915754e-05,0.011852372,3312,3319,2814
3331,CHEMBL254468,FLUCICLOVINE F18,N[C@]1(C(=O)O)C[C@@H]([18F])C1,0.00015866138371337468,6.6184484e-06,5.0915754e-05,0.011852372,3312,3319,2814
3332,CHEMBL554,LAPATINIB,CS(=O)(=O)CCNCc1ccc(-c2ccc3ncnc(Nc4ccc(OCc5cccc(F)c5)c(Cl)c4)c3c2)o1,0.00015826906545232596,0.00047714176,0.0007050077,1.1785463e-05,2603,3195,3374
3333,CHEMBL1654,RISEDRONATE SODIUM,O=P([O-])(O)C(O)(Cc1cccnc1)P(=O)(O)O.[Na+],0.00015583628462293591,0.00038866236,8.22451e-05,0.00011839218,2658,3303,3276
3334,CHEMBL1191,SULFAMETHIZOLE,Cc1nnc(NS(=O)(=O)c2ccc(N)cc2)s1,0.00015409108670755932,0.00011314458,0.0003816858,8.4721396e-05,2967,3235,3300
3335,CHEMBL1200423,METRIZOATE SODIUM,CC(=O)Nc1c(I)c(C(=O)[O-])c(I)c(N(C)C(C)=O)c1I.[Na+],0.0001531024877520446,0.00050595665,1.3099121e-05,0.0005414911,2581,3360,3159
3336,CHEMBL1201042,ETIDRONATE DISODIUM,CC(O)(P(=O)([O-])O)P(=O)([O-])O.[Na+].[Na+],0.00014978315564478164,0.00038645833,3.2963962e-05,0.00026378327,2659,3341,3219
3337,CHEMBL820,BUSULFAN,CS(=O)(=O)OCCCCOS(C)(=O)=O,0.0001492842948963659,5.6404046e-05,0.0010751125,5.4862845e-05,3111,3157,3326
3338,CHEMBL2068723,CALCIUM METRIZOATE,CC(=O)Nc1c(I)c(C(=O)[O-])c(I)c(N(C)C(C)=O)c1I.CC(=O)Nc1c(I)c(C(=O)[O-])c(I)c(N(C)C(C)=O)c1I.[Ca+2],0.000145767822636832,0.0006338641,1.0296022e-05,0.00047459113,2520,3367,3170
3339,CHEMBL2364738,METRIZOATE MAGNESIUM,CC(=O)Nc1c(I)c(C(=O)[O-])c(I)c(N(C)C(C)=O)c1I.CC(=O)Nc1c(I)c(C(=O)[O-])c(I)c(N(C)C(C)=O)c1I.[Mg+2],0.00014317287313877903,0.00051996385,1.1135405e-05,0.00050687767,2571,3364,3165
3340,CHEMBL3989401,PAMIDRONATE DISODIUM,NCCC(O)(P(=O)([O-])O)P(=O)([O-])O.O.O.O.O.O.[Na+].[Na+],0.00014142047287141996,0.0006359966,9.348024e-05,4.7573187e-05,2518,3297,3335
3341,CHEMBL1098319,2-MERCAPTOETHANESULFONIC ACID,O=S(=O)(O)CCS,0.00013918274805091292,2.8168375e-05,0.0018592647,5.148177e-05,3212,3103,3328
3342,CHEMBL675,ALENDRONATE SODIUM,NCCCC(O)(P(=O)([O-])O)P(=O)(O)O.[Na+],0.00013277096669935917,0.00096248393,5.4121007e-05,4.493142e-05,2385,3317,3337
3343,CHEMBL870,ALENDRONIC ACID,NCCCC(O)(P(=O)(O)O)P(=O)(O)O,0.00013265731037962215,0.0016715227,3.5009027e-05,3.9893424e-05,2196,3338,3342
3344,CHEMBL1165268,IODIPAMIDE,O=C(CCCCC(=O)Nc1c(I)cc(I)c(C(=O)O)c1I)Nc1c(I)cc(I)c(C(=O)O)c1I,0.00012710278648677821,0.0004799096,6.242591e-06,0.0006853953,2601,3375,3132
3345,CHEMBL1736,METRIZOIC ACID,CC(=O)Nc1c(I)c(C(=O)O)c(I)c(N(C)C(C)=O)c1I,0.00012514433366827925,0.00051084824,9.280859e-06,0.00041338408,2578,3372,3184
3346,CHEMBL1382627,"SULFADIAZINE, SILVER",Nc1ccc(S(=O)(=O)[N-]c2ncccn2)cc1.[Ag+],0.0001224383280720336,0.00014065369,0.0005769735,2.2617542e-05,2932,3209,3356
3347,CHEMBL1232131,DOBESILIC ACID,O=S(=O)(O)c1cc(O)ccc1O,0.00012122576042927417,5.909905e-05,0.0011877291,2.537973e-05,3102,3150,3355
3348,CHEMBL1200910,SULFISOXAZOLE ACETYL,CC(=O)N(c1onc(C)c1C)S(=O)(=O)c1ccc(N)cc1,0.00011775613679518891,2.6096972e-05,0.00189679,3.298689e-05,3224,3101,3352
3349,CHEMBL2107554,SODIUM DIBUNATE,CC(C)(C)c1ccc2c(S(=O)(=O)[O-])c(C(C)(C)C)ccc2c1.[Na+],0.00011469870602402939,0.00017436784,0.0011278469,7.672893e-06,2884,3153,3380
3350,CHEMBL1201179,LAPATINIB DITOSYLATE,CS(=O)(=O)CCNCc1ccc(-c2ccc3ncnc(Nc4ccc(OCc5cccc(F)c5)c(Cl)c4)c3c2)o1.Cc1ccc(S(=O)(=O)O)cc1.Cc1ccc(S(=O)(=O)O)cc1.O,0.00011464211314401379,0.00031215005,0.0006631277,7.2790044e-06,2717,3198,3381
3351,CHEMBL923,RISEDRONIC ACID,O=P(O)(O)C(O)(Cc1cccnc1)P(=O)(O)O,0.0001112952015578916,0.00034654883,5.3955024e-05,7.37281e-05,2688,3318,3305
3352,CHEMBL272427,TAURURSODIOL,C[C@H](CCC(=O)NCCS(=O)(=O)O)[C@H]1CC[C@H]2[C@@H]3[C@@H](O)C[C@@H]4C[C@H](O)CC[C@]4(C)[C@H]3CC[C@]12C,0.00011015663531039803,1.0521908e-06,0.00022835727,0.00556317,3358,3262,2928
3353,CHEMBL922,ADEFOVIR DIPIVOXIL,CC(C)(C)C(=O)OCOP(=O)(COCCn1cnc2c(N)ncnc21)OCOC(=O)C(C)(C)C,0.00010911650429847959,0.00018521745,0.00051539927,1.3609601e-05,2864,3214,3371
3354,CHEMBL1201073,SUCCIMER,O=C(O)[C@@H](S)[C@@H](S)C(=O)O,0.00010747030636920603,5.3745658e-05,0.003982851,5.7986617e-06,3121,2990,3383
3355,CHEMBL1201162,DORZOLAMIDE HYDROCHLORIDE,CCN[C@H]1C[C@H](C)S(=O)(=O)c2sc(S(N)(=O)=O)cc21.Cl,0.0001047867610715451,0.000267965,6.841262e-05,6.27632e-05,2752,3309,3315
3356,CHEMBL871,ETIDRONIC ACID,CC(O)(P(=O)(O)O)P(=O)(O)O,0.00010133346917570623,0.000778241,1.085647e-05,0.00012315606,2458,3365,3271
3357,CHEMBL1200581,DIATRIZOATE SODIUM,CC(=O)Nc1c(I)c(NC(C)=O)c(I)c(C(=O)[O-])c1I.[Na+],9.923591284778206e-05,9.370683e-05,1.508515e-05,0.0006913303,3003,3359,3129
3358,CHEMBL439,SULFADIAZINE,Nc1ccc(S(=O)(=O)Nc2ncccn2)cc1,9.834564153565642e-05,0.00012587085,0.0004051937,1.8649951e-05,2951,3231,3363
3359,CHEMBL2106907,METHIODAL SODIUM,O=S(=O)([O-])CI.[Na+],9.499258173731174e-05,0.00018111044,4.357426e-05,0.00010861649,2873,3333,3282
3360,CHEMBL2110978,METHIODAL,O=S(=O)(O)CI,8.865605957513543e-05,0.00048797295,1.7297496e-05,8.2555554e-05,2596,3356,3303
3361,CHEMBL139877,SULFACARBAMIDE,NC(=O)NS(=O)(=O)c1ccc(N)cc1,8.822666381562712e-05,1.49303205e-05,0.0023636648,1.9460078e-05,3267,3065,3361
3362,CHEMBL473,DOFETILIDE,CN(CCOc1ccc(NS(C)(=O)=O)cc1)CCc1ccc(NS(C)(=O)=O)cc1,8.514550817421442e-05,3.8346084e-06,0.0026113805,6.164449e-05,3336,3050,3316
3363,CHEMBL867,IOPANOIC ACID,CCC(Cc1c(I)cc(I)c(N)c1I)C(=O)O,8.258335558129208e-05,0.0014660897,4.0444324e-06,9.4985975e-05,2244,3378,3294
3364,CHEMBL1201220,DIATRIZOIC ACID,CC(=O)Nc1c(I)c(NC(C)=O)c(I)c(C(=O)O)c1I,8.212224855308241e-05,9.292574e-05,1.0369571e-05,0.0005747588,3007,3366,3152
3365,CHEMBL1201239,IODAMIDE,CC(=O)NCc1c(I)c(NC(C)=O)c(I)c(C(=O)O)c1I,8.099242097405859e-05,0.00013202737,1.1536207e-05,0.00034882367,2944,3363,3197
3366,CHEMBL1525826,SULFALENE,COc1nccnc1NS(=O)(=O)c1ccc(N)cc1,8.012380671684368e-05,6.695911e-05,0.0004976713,1.5435913e-05,3079,3220,3366
3367,CHEMBL1723241,SULFACETAMIDE SODIUM,CC(=O)[N-]S(=O)(=O)c1ccc(N)cc1.O.[Na+],7.967847163174813e-05,2.3189468e-05,0.001443727,1.51093955e-05,3233,3131,3368
3368,CHEMBL4303669,ZOLEDRONIC ACID,O.O=P(O)(O)C(O)(Cn1ccnc1)P(=O)(O)O,7.638774147849456e-05,0.00022986805,3.957136e-05,4.9001686e-05,2801,3335,3332
3369,CHEMBL834,PAMIDRONIC ACID,NCCC(O)(P(=O)(O)O)P(=O)(O)O,7.56193716383147e-05,0.000965078,2.0710497e-05,2.1634483e-05,2383,3352,3358
3370,CHEMBL5483015,ARSENIC TRIOXIDE,O=[As][As+](=O)[O-],7.518462332548261e-05,0.0011317612,1.3457463e-06,0.00027904168,2330,3381,3212
3371,CHEMBL218490,DORZOLAMIDE,CCN[C@H]1C[C@H](C)S(=O)(=O)c2sc(S(N)(=O)=O)cc21,7.43210276905562e-05,0.00018148904,4.7236583e-05,4.78857e-05,2872,3326,3334
3372,CHEMBL671,THIOTEPA,S=P(N1CC1)(N1CC1)N1CC1,6.93344980875336e-05,5.159664e-06,8.906084e-06,0.007253367,3323,3373,2891
3373,CHEMBL1200351,SULFADIAZINE SODIUM,Nc1ccc(S(=O)(=O)[N-]c2ncccn2)cc1.[Na+],6.757535142348079e-05,6.999795e-05,0.0003908462,1.1279081e-05,3068,3233,3376
3374,CHEMBL1200616,CHLOROTHIAZIDE SODIUM,NS(=O)(=O)c1cc2c(cc1Cl)N=C[N-]S2(=O)=O.[Na+],6.757172112625628e-05,4.2431126e-05,6.4959e-05,0.00011193623,3156,3311,3281
3375,CHEMBL1201045,ACETRIZOATE SODIUM,CC(=O)Nc1c(I)cc(I)c(C(=O)[O-])c1I.O.[Na+],6.737444303027354e-05,6.734551e-05,9.736553e-06,0.00046641415,3076,3370,3172
3376,CHEMBL842,CHLOROTHIAZIDE,NS(=O)(=O)c1cc2c(cc1Cl)N=CNS2(=O)=O,6.456147843632408e-05,6.294716e-05,3.0257019e-05,0.0001412922,3088,3344,3262
3377,CHEMBL924,ZOLEDRONIC ACID ANHYDROUS,O=P(O)(O)C(O)(Cn1ccnc1)P(=O)(O)O,6.252325359877804e-05,0.00019637897,2.8716862e-05,4.334036e-05,2843,3347,3338
3378,CHEMBL435,HYDROCHLOROTHIAZIDE,NS(=O)(=O)c1cc2c(cc1Cl)NCNS2(=O)=O,6.229692331566893e-05,5.6240664e-05,5.229558e-06,0.00082202326,3112,3376,3117
3379,CHEMBL2028663,DABRAFENIB,CC(C)(C)c1nc(-c2cccc(NS(=O)(=O)c3c(F)cccc3F)c2F)c(-c2ccnc(N)n2)s1,6.14331512335284e-05,0.00010156773,0.0002171368,1.05128265e-05,2987,3266,3377
3380,CHEMBL2105420,TAUROLIDINE,O=S1(=O)CCN(CN2CCS(=O)(=O)NC2)CN1,5.2236389068180335e-05,4.2334464e-06,2.787565e-05,0.0012078143,3333,3348,3085
3381,CHEMBL2105729,DABRAFENIB MESYLATE,CC(C)(C)c1nc(-c2cccc(NS(=O)(=O)c3c(F)cccc3F)c2F)c(-c2ccnc(N)n2)s1.CS(=O)(=O)O,5.1648048505651905e-05,7.876138e-05,0.00021775297,8.033118e-06,3047,3265,3379
3382,CHEMBL35,FUROSEMIDE,NS(=O)(=O)c1cc(C(=O)O)c(NCc2ccco2)cc1Cl,4.818890809536625e-05,6.730743e-05,0.00017542228,9.477498e-06,3077,3276,3378
3383,CHEMBL1201327,ACETRIZOIC ACID,CC(=O)Nc1c(I)cc(I)c(C(=O)O)c1I,4.3636375900798526e-05,6.0911483e-05,4.15101e-06,0.00032861935,3095,3377,3203
3384,CHEMBL419,MAFENIDE,NCc1ccc(S(N)(=O)=O)cc1,3.879222889427964e-05,9.415086e-06,0.0012937961,4.792301e-06,3294,3145,3384
3385,CHEMBL2111187,RADIUM DICHLORIDE,Cl[Ra]Cl,3.368561943444947e-06,3.822379e-05,1.2198254e-11,3.3924675e-07,3171,3385,3385
3386,CHEMBL2107816,RADIUM RA 223 DICHLORIDE,Cl[223Ra]Cl,3.368561943444947e-06,3.822379e-05,1.2198254e-11,3.3924675e-07,3171,3385,3385
